practice_name,canonical_code,postcode,street_address,telephone,email,website_url,nhs_profile_url,latitude,longitude,accepting_new_patients,country,nation,source_type,ods_primary_role_id,ods_primary_role_description,ods_active_roles,ods_org_link,last_change_date,registered_patient_count,registered_patient_count_source,registered_patient_count_source_url,registered_patient_count_snapshot,patient_survey_name,patient_survey_status,patient_survey_level,patient_survey_url,patient_survey_note,google_maps_query
DR. CROSSIN & PARTNERS,Z00061,BT1 2JR,"CARRICK HILL MEDICAL CENTRE, 1 CARRICK HILL, BELFAST",,,,,,,,NORTHERN IRELAND,northern_ireland,ods_ni_gp_practice,RO315,NORTHERN IRELAND GP PRACTICE,RO315,https://directory.spineservices.nhs.uk/ORD/2-0-0/organisations/Z00061,2022-02-28,9080,opendatani_gp_practice_reference_file,https://admin.opendatani.gov.uk/dataset/3d1a6615-5fc9-4f0e-ab2a-d2b0d71fb9ed/resource/8578e0d4-47f6-4909-9ac4-32643a701e13/download/gp-practice-reference-file-january-2026.csv,2026-01,GP patient surveys,discontinued,historic_only,https://www.health-ni.gov.uk/articles/gp-patient-surveys,Northern Ireland GP patient survey ran from 2008/09 to 2010/11 and was then discontinued; no current practice-level equivalent is wired here.,DR. CROSSIN & PARTNERS BT1 2JR
DR. MONAGHAN & PARTNERS,Z00151,BT10 0BX,"THE IRWIN PRACTICE, FINAGHY HEALTH CENTRE, BELFAST",,,,,,,,NORTHERN IRELAND,northern_ireland,ods_ni_gp_practice,RO315,NORTHERN IRELAND GP PRACTICE,RO315,https://directory.spineservices.nhs.uk/ORD/2-0-0/organisations/Z00151,2024-05-20,13608,opendatani_gp_practice_reference_file,https://admin.opendatani.gov.uk/dataset/3d1a6615-5fc9-4f0e-ab2a-d2b0d71fb9ed/resource/8578e0d4-47f6-4909-9ac4-32643a701e13/download/gp-practice-reference-file-january-2026.csv,2026-01,GP patient surveys,discontinued,historic_only,https://www.health-ni.gov.uk/articles/gp-patient-surveys,Northern Ireland GP patient survey ran from 2008/09 to 2010/11 and was then discontinued; no current practice-level equivalent is wired here.,DR. MONAGHAN & PARTNERS BT10 0BX
DR. COYLE & PARTNER,Z00063,BT11 9EA,"WILLOW MEDICAL PRACTICE, 155A ANDERSONSTOWN ROAD, BELFAST",,,,,,,,NORTHERN IRELAND,northern_ireland,ods_ni_gp_practice,RO315,NORTHERN IRELAND GP PRACTICE,RO315,https://directory.spineservices.nhs.uk/ORD/2-0-0/organisations/Z00063,2023-02-20,3470,opendatani_gp_practice_reference_file,https://admin.opendatani.gov.uk/dataset/3d1a6615-5fc9-4f0e-ab2a-d2b0d71fb9ed/resource/8578e0d4-47f6-4909-9ac4-32643a701e13/download/gp-practice-reference-file-january-2026.csv,2026-01,GP patient surveys,discontinued,historic_only,https://www.health-ni.gov.uk/articles/gp-patient-surveys,Northern Ireland GP patient survey ran from 2008/09 to 2010/11 and was then discontinued; no current practice-level equivalent is wired here.,DR. COYLE & PARTNER BT11 9EA
DR. DUGAN & PARTNER,Z00113,BT11 9EA,"DR DUGAN'S SURGERY, 173 ANDERSTOWNSTOWN ROAD, BELFAST",,,,,,,,NORTHERN IRELAND,northern_ireland,ods_ni_gp_practice,RO315,NORTHERN IRELAND GP PRACTICE,RO315,https://directory.spineservices.nhs.uk/ORD/2-0-0/organisations/Z00113,2021-11-17,4400,opendatani_gp_practice_reference_file,https://admin.opendatani.gov.uk/dataset/3d1a6615-5fc9-4f0e-ab2a-d2b0d71fb9ed/resource/8578e0d4-47f6-4909-9ac4-32643a701e13/download/gp-practice-reference-file-january-2026.csv,2026-01,GP patient surveys,discontinued,historic_only,https://www.health-ni.gov.uk/articles/gp-patient-surveys,Northern Ireland GP patient survey ran from 2008/09 to 2010/11 and was then discontinued; no current practice-level equivalent is wired here.,DR. DUGAN & PARTNER BT11 9EA
DR. MCFERRAN & PARTNERS,Z00092,BT11 9EA,"BALLYOWEN HEALTH CENTRE, 179 ANDERSONSTOWN ROAD, BELFAST",,,,,,,,NORTHERN IRELAND,northern_ireland,ods_ni_gp_practice,RO315,NORTHERN IRELAND GP PRACTICE,RO315,https://directory.spineservices.nhs.uk/ORD/2-0-0/organisations/Z00092,2022-02-28,5220,opendatani_gp_practice_reference_file,https://admin.opendatani.gov.uk/dataset/3d1a6615-5fc9-4f0e-ab2a-d2b0d71fb9ed/resource/8578e0d4-47f6-4909-9ac4-32643a701e13/download/gp-practice-reference-file-january-2026.csv,2026-01,GP patient surveys,discontinued,historic_only,https://www.health-ni.gov.uk/articles/gp-patient-surveys,Northern Ireland GP patient survey ran from 2008/09 to 2010/11 and was then discontinued; no current practice-level equivalent is wired here.,DR. MCFERRAN & PARTNERS BT11 9EA
DR. SAHU & PARTNERS,Z00156,BT11 9EA,"BALLYOWEN HEALTH CENTRE, 179 ANDERSONSTOWN ROAD, BELFAST",,,,,,,,NORTHERN IRELAND,northern_ireland,ods_ni_gp_practice,RO315,NORTHERN IRELAND GP PRACTICE,RO315,https://directory.spineservices.nhs.uk/ORD/2-0-0/organisations/Z00156,2024-11-15,9125,opendatani_gp_practice_reference_file,https://admin.opendatani.gov.uk/dataset/3d1a6615-5fc9-4f0e-ab2a-d2b0d71fb9ed/resource/8578e0d4-47f6-4909-9ac4-32643a701e13/download/gp-practice-reference-file-january-2026.csv,2026-01,GP patient surveys,discontinued,historic_only,https://www.health-ni.gov.uk/articles/gp-patient-surveys,Northern Ireland GP patient survey ran from 2008/09 to 2010/11 and was then discontinued; no current practice-level equivalent is wired here.,DR. SAHU & PARTNERS BT11 9EA
DR. THOMPSON & PARTNERS,Z00114,BT11 9FZ,"HILLHEAD FAMILY PRACTICE, 33 STEWARTSTOWN ROAD, BELFAST",,,,,,,,NORTHERN IRELAND,northern_ireland,ods_ni_gp_practice,RO315,NORTHERN IRELAND GP PRACTICE,RO315,https://directory.spineservices.nhs.uk/ORD/2-0-0/organisations/Z00114,2023-08-21,7674,opendatani_gp_practice_reference_file,https://admin.opendatani.gov.uk/dataset/3d1a6615-5fc9-4f0e-ab2a-d2b0d71fb9ed/resource/8578e0d4-47f6-4909-9ac4-32643a701e13/download/gp-practice-reference-file-january-2026.csv,2026-01,GP patient surveys,discontinued,historic_only,https://www.health-ni.gov.uk/articles/gp-patient-surveys,Northern Ireland GP patient survey ran from 2008/09 to 2010/11 and was then discontinued; no current practice-level equivalent is wired here.,DR. THOMPSON & PARTNERS BT11 9FZ
DR. CAMPBELL & PARTNER,Z00057,BT12 4HL,"MCHUGH - CAMPBELL PRACTICE, MAUREEN SHEEHAN CENTRE BUILD 2, BELFAST",,,,,,,,NORTHERN IRELAND,northern_ireland,ods_ni_gp_practice,RO315,NORTHERN IRELAND GP PRACTICE,RO315,https://directory.spineservices.nhs.uk/ORD/2-0-0/organisations/Z00057,2022-02-28,5193,opendatani_gp_practice_reference_file,https://admin.opendatani.gov.uk/dataset/3d1a6615-5fc9-4f0e-ab2a-d2b0d71fb9ed/resource/8578e0d4-47f6-4909-9ac4-32643a701e13/download/gp-practice-reference-file-january-2026.csv,2026-01,GP patient surveys,discontinued,historic_only,https://www.health-ni.gov.uk/articles/gp-patient-surveys,Northern Ireland GP patient survey ran from 2008/09 to 2010/11 and was then discontinued; no current practice-level equivalent is wired here.,DR. CAMPBELL & PARTNER BT12 4HL
DR. DONAGHY & PARTNERS,Z00064,BT12 4LP,"DUNVILLE HEALTH CENTRE, 309 GROSVENOR ROAD, BELFAST",,,,,,,,NORTHERN IRELAND,northern_ireland,ods_ni_gp_practice,RO315,NORTHERN IRELAND GP PRACTICE,RO315,https://directory.spineservices.nhs.uk/ORD/2-0-0/organisations/Z00064,2021-09-17,4187,opendatani_gp_practice_reference_file,https://admin.opendatani.gov.uk/dataset/3d1a6615-5fc9-4f0e-ab2a-d2b0d71fb9ed/resource/8578e0d4-47f6-4909-9ac4-32643a701e13/download/gp-practice-reference-file-january-2026.csv,2026-01,GP patient surveys,discontinued,historic_only,https://www.health-ni.gov.uk/articles/gp-patient-surveys,Northern Ireland GP patient survey ran from 2008/09 to 2010/11 and was then discontinued; no current practice-level equivalent is wired here.,DR. DONAGHY & PARTNERS BT12 4LP
DR. KELLY & PARTNER,Z00101,BT12 5EY,"VERE FOSTER MEDICAL GROUP, 132-136 SANDY ROW, BELFAST",,,,,,,,NORTHERN IRELAND,northern_ireland,ods_ni_gp_practice,RO315,NORTHERN IRELAND GP PRACTICE,RO315,https://directory.spineservices.nhs.uk/ORD/2-0-0/organisations/Z00101,2023-08-21,3801,opendatani_gp_practice_reference_file,https://admin.opendatani.gov.uk/dataset/3d1a6615-5fc9-4f0e-ab2a-d2b0d71fb9ed/resource/8578e0d4-47f6-4909-9ac4-32643a701e13/download/gp-practice-reference-file-january-2026.csv,2026-01,GP patient surveys,discontinued,historic_only,https://www.health-ni.gov.uk/articles/gp-patient-surveys,Northern Ireland GP patient survey ran from 2008/09 to 2010/11 and was then discontinued; no current practice-level equivalent is wired here.,DR. KELLY & PARTNER BT12 5EY
DR. KILLINER & PARTNERS,Z00145,BT12 5JJ,"KENSINGTON GROUP PRACTICE, KENSINGTON MEDICAL CENTRE, BELFAST",,,,,,,,NORTHERN IRELAND,northern_ireland,ods_ni_gp_practice,RO315,NORTHERN IRELAND GP PRACTICE,RO315,https://directory.spineservices.nhs.uk/ORD/2-0-0/organisations/Z00145,2021-09-16,10523,opendatani_gp_practice_reference_file,https://admin.opendatani.gov.uk/dataset/3d1a6615-5fc9-4f0e-ab2a-d2b0d71fb9ed/resource/8578e0d4-47f6-4909-9ac4-32643a701e13/download/gp-practice-reference-file-january-2026.csv,2026-01,GP patient surveys,discontinued,historic_only,https://www.health-ni.gov.uk/articles/gp-patient-surveys,Northern Ireland GP patient survey ran from 2008/09 to 2010/11 and was then discontinued; no current practice-level equivalent is wired here.,DR. KILLINER & PARTNERS BT12 5JJ
DR. MCCLOSKEY & PARTNERS,Z00075,BT12 5LT,"GROSVENOR ROAD SURGERY, 216 GROSVENOR ROAD, BELFAST",,,,,,,,NORTHERN IRELAND,northern_ireland,ods_ni_gp_practice,RO315,NORTHERN IRELAND GP PRACTICE,RO315,https://directory.spineservices.nhs.uk/ORD/2-0-0/organisations/Z00075,2021-09-16,9850,opendatani_gp_practice_reference_file,https://admin.opendatani.gov.uk/dataset/3d1a6615-5fc9-4f0e-ab2a-d2b0d71fb9ed/resource/8578e0d4-47f6-4909-9ac4-32643a701e13/download/gp-practice-reference-file-january-2026.csv,2026-01,GP patient surveys,discontinued,historic_only,https://www.health-ni.gov.uk/articles/gp-patient-surveys,Northern Ireland GP patient survey ran from 2008/09 to 2010/11 and was then discontinued; no current practice-level equivalent is wired here.,DR. MCCLOSKEY & PARTNERS BT12 5LT
DR. CUMMINGS & PARTNERS,Z00094,BT12 6AA,"FALLS FAMILY DOCTORS, 115 FALLS ROAD, BELFAST",,,,,,,,NORTHERN IRELAND,northern_ireland,ods_ni_gp_practice,RO315,NORTHERN IRELAND GP PRACTICE,RO315,https://directory.spineservices.nhs.uk/ORD/2-0-0/organisations/Z00094,2024-02-19,7142,opendatani_gp_practice_reference_file,https://admin.opendatani.gov.uk/dataset/3d1a6615-5fc9-4f0e-ab2a-d2b0d71fb9ed/resource/8578e0d4-47f6-4909-9ac4-32643a701e13/download/gp-practice-reference-file-january-2026.csv,2026-01,GP patient surveys,discontinued,historic_only,https://www.health-ni.gov.uk/articles/gp-patient-surveys,Northern Ireland GP patient survey ran from 2008/09 to 2010/11 and was then discontinued; no current practice-level equivalent is wired here.,DR. CUMMINGS & PARTNERS BT12 6AA
DR. JOHNSTON & PARTNERS,Z00084,BT12 6AG,"BROADWAY MEDICAL PRACTICE, FALLS ROAD SURGERY, BELFAST",,,,,,,,NORTHERN IRELAND,northern_ireland,ods_ni_gp_practice,RO315,NORTHERN IRELAND GP PRACTICE,RO315,https://directory.spineservices.nhs.uk/ORD/2-0-0/organisations/Z00084,2025-05-16,3748,opendatani_gp_practice_reference_file,https://admin.opendatani.gov.uk/dataset/3d1a6615-5fc9-4f0e-ab2a-d2b0d71fb9ed/resource/8578e0d4-47f6-4909-9ac4-32643a701e13/download/gp-practice-reference-file-january-2026.csv,2026-01,GP patient surveys,discontinued,historic_only,https://www.health-ni.gov.uk/articles/gp-patient-surveys,Northern Ireland GP patient survey ran from 2008/09 to 2010/11 and was then discontinued; no current practice-level equivalent is wired here.,DR. JOHNSTON & PARTNERS BT12 6AG
DR. MCKENNA & PARTNER,Z00111,BT12 6AP,"THAMES STREET FAMILY PRACTICE, 2 THAMES STREET, BELFAST",,,,,,,,NORTHERN IRELAND,northern_ireland,ods_ni_gp_practice,RO315,NORTHERN IRELAND GP PRACTICE,RO315,https://directory.spineservices.nhs.uk/ORD/2-0-0/organisations/Z00111,2025-02-24,3197,opendatani_gp_practice_reference_file,https://admin.opendatani.gov.uk/dataset/3d1a6615-5fc9-4f0e-ab2a-d2b0d71fb9ed/resource/8578e0d4-47f6-4909-9ac4-32643a701e13/download/gp-practice-reference-file-january-2026.csv,2026-01,GP patient surveys,discontinued,historic_only,https://www.health-ni.gov.uk/articles/gp-patient-surveys,Northern Ireland GP patient survey ran from 2008/09 to 2010/11 and was then discontinued; no current practice-level equivalent is wired here.,DR. MCKENNA & PARTNER BT12 6AP
DR. COLGAN,Z00053,BT12 6DD,"FALLS ROAD SURGERY, 463 FALLS ROAD, BELFAST",,,,,,,,NORTHERN IRELAND,northern_ireland,ods_ni_gp_practice,RO315,NORTHERN IRELAND GP PRACTICE,RO315,https://directory.spineservices.nhs.uk/ORD/2-0-0/organisations/Z00053,2022-02-28,3590,opendatani_gp_practice_reference_file,https://admin.opendatani.gov.uk/dataset/3d1a6615-5fc9-4f0e-ab2a-d2b0d71fb9ed/resource/8578e0d4-47f6-4909-9ac4-32643a701e13/download/gp-practice-reference-file-january-2026.csv,2026-01,GP patient surveys,discontinued,historic_only,https://www.health-ni.gov.uk/articles/gp-patient-surveys,Northern Ireland GP patient survey ran from 2008/09 to 2010/11 and was then discontinued; no current practice-level equivalent is wired here.,DR. COLGAN BT12 6DD
DR. LOGAN & PARTNERS,Z00079,BT12 7AH,"SPRINGFIELD ROAD SURGERY, 70 SPRINGFIELD ROAD, BELFAST",,,,,,,,NORTHERN IRELAND,northern_ireland,ods_ni_gp_practice,RO315,NORTHERN IRELAND GP PRACTICE,RO315,https://directory.spineservices.nhs.uk/ORD/2-0-0/organisations/Z00079,2021-09-16,8901,opendatani_gp_practice_reference_file,https://admin.opendatani.gov.uk/dataset/3d1a6615-5fc9-4f0e-ab2a-d2b0d71fb9ed/resource/8578e0d4-47f6-4909-9ac4-32643a701e13/download/gp-practice-reference-file-january-2026.csv,2026-01,GP patient surveys,discontinued,historic_only,https://www.health-ni.gov.uk/articles/gp-patient-surveys,Northern Ireland GP patient survey ran from 2008/09 to 2010/11 and was then discontinued; no current practice-level equivalent is wired here.,DR. LOGAN & PARTNERS BT12 7AH
DR. MCHUGH & PARTNERS,Z00081,BT12 7AH,"SPRINGFIELD MEDICAL CENTRE, 44-46 SPRINGFIELD ROAD, BELFAST",,,,,,,,NORTHERN IRELAND,northern_ireland,ods_ni_gp_practice,RO315,NORTHERN IRELAND GP PRACTICE,RO315,https://directory.spineservices.nhs.uk/ORD/2-0-0/organisations/Z00081,2021-09-20,6853,opendatani_gp_practice_reference_file,https://admin.opendatani.gov.uk/dataset/3d1a6615-5fc9-4f0e-ab2a-d2b0d71fb9ed/resource/8578e0d4-47f6-4909-9ac4-32643a701e13/download/gp-practice-reference-file-january-2026.csv,2026-01,GP patient surveys,discontinued,historic_only,https://www.health-ni.gov.uk/articles/gp-patient-surveys,Northern Ireland GP patient survey ran from 2008/09 to 2010/11 and was then discontinued; no current practice-level equivalent is wired here.,DR. MCHUGH & PARTNERS BT12 7AH
DR. CURRAN,Z00116,BT12 7AP,"CROCUS STREET SURGERY, 1 CROCUS STREET, BELFAST",,,,,,,,NORTHERN IRELAND,northern_ireland,ods_ni_gp_practice,RO315,NORTHERN IRELAND GP PRACTICE,RO315,https://directory.spineservices.nhs.uk/ORD/2-0-0/organisations/Z00116,2025-05-16,4001,opendatani_gp_practice_reference_file,https://admin.opendatani.gov.uk/dataset/3d1a6615-5fc9-4f0e-ab2a-d2b0d71fb9ed/resource/8578e0d4-47f6-4909-9ac4-32643a701e13/download/gp-practice-reference-file-january-2026.csv,2026-01,GP patient surveys,discontinued,historic_only,https://www.health-ni.gov.uk/articles/gp-patient-surveys,Northern Ireland GP patient survey ran from 2008/09 to 2010/11 and was then discontinued; no current practice-level equivalent is wired here.,DR. CURRAN BT12 7AP
DR. LEAVY & PARTNERS,Z00071,BT12 7DN,"SPRINGVALE MEDICAL PRACTICE, 463 SPRINGFIELD ROAD, BELFAST",,,,,,,,NORTHERN IRELAND,northern_ireland,ods_ni_gp_practice,RO315,NORTHERN IRELAND GP PRACTICE,RO315,https://directory.spineservices.nhs.uk/ORD/2-0-0/organisations/Z00071,2021-09-16,6762,opendatani_gp_practice_reference_file,https://admin.opendatani.gov.uk/dataset/3d1a6615-5fc9-4f0e-ab2a-d2b0d71fb9ed/resource/8578e0d4-47f6-4909-9ac4-32643a701e13/download/gp-practice-reference-file-january-2026.csv,2026-01,GP patient surveys,discontinued,historic_only,https://www.health-ni.gov.uk/articles/gp-patient-surveys,Northern Ireland GP patient survey ran from 2008/09 to 2010/11 and was then discontinued; no current practice-level equivalent is wired here.,DR. LEAVY & PARTNERS BT12 7DN
DR. MAGUIRE & PARTNERS,Z00103,BT13 1AD,"CLIFTON STREET SURGERY, 15/17 CLIFTON STREET, BELFAST",,,,,,,,NORTHERN IRELAND,northern_ireland,ods_ni_gp_practice,RO315,NORTHERN IRELAND GP PRACTICE,RO315,https://directory.spineservices.nhs.uk/ORD/2-0-0/organisations/Z00103,2021-09-20,9633,opendatani_gp_practice_reference_file,https://admin.opendatani.gov.uk/dataset/3d1a6615-5fc9-4f0e-ab2a-d2b0d71fb9ed/resource/8578e0d4-47f6-4909-9ac4-32643a701e13/download/gp-practice-reference-file-january-2026.csv,2026-01,GP patient surveys,discontinued,historic_only,https://www.health-ni.gov.uk/articles/gp-patient-surveys,Northern Ireland GP patient survey ran from 2008/09 to 2010/11 and was then discontinued; no current practice-level equivalent is wired here.,DR. MAGUIRE & PARTNERS BT13 1AD
DR. MACONACHIE & PARTNERS,Z00105,BT13 1FD,"CHURCH VIEW MEDICAL PRACTICE, CORNERSTONE MEDICAL CENTRE, BELFAST",,,,,,,,NORTHERN IRELAND,northern_ireland,ods_ni_gp_practice,RO315,NORTHERN IRELAND GP PRACTICE,RO315,https://directory.spineservices.nhs.uk/ORD/2-0-0/organisations/Z00105,2025-11-14,5183,opendatani_gp_practice_reference_file,https://admin.opendatani.gov.uk/dataset/3d1a6615-5fc9-4f0e-ab2a-d2b0d71fb9ed/resource/8578e0d4-47f6-4909-9ac4-32643a701e13/download/gp-practice-reference-file-january-2026.csv,2026-01,GP patient surveys,discontinued,historic_only,https://www.health-ni.gov.uk/articles/gp-patient-surveys,Northern Ireland GP patient survey ran from 2008/09 to 2010/11 and was then discontinued; no current practice-level equivalent is wired here.,DR. MACONACHIE & PARTNERS BT13 1FD
DR. MAGENIS & PARTNERS,Z00096,BT13 1FD,"MALVERN FAMILY PRACTICE, CORNERSTONE MEDICAL CENTRE, BELFAST",,,,,,,,NORTHERN IRELAND,northern_ireland,ods_ni_gp_practice,RO315,NORTHERN IRELAND GP PRACTICE,RO315,https://directory.spineservices.nhs.uk/ORD/2-0-0/organisations/Z00096,2021-09-20,5051,opendatani_gp_practice_reference_file,https://admin.opendatani.gov.uk/dataset/3d1a6615-5fc9-4f0e-ab2a-d2b0d71fb9ed/resource/8578e0d4-47f6-4909-9ac4-32643a701e13/download/gp-practice-reference-file-january-2026.csv,2026-01,GP patient surveys,discontinued,historic_only,https://www.health-ni.gov.uk/articles/gp-patient-surveys,Northern Ireland GP patient survey ran from 2008/09 to 2010/11 and was then discontinued; no current practice-level equivalent is wired here.,DR. MAGENIS & PARTNERS BT13 1FD
DR. SAVAGE & PARTNERS,Z00052,BT13 1RU,"ALBERTVILLE SURGERY, 16 MCCANDLESS STREET, BELFAST",,,,,,,,NORTHERN IRELAND,northern_ireland,ods_ni_gp_practice,RO315,NORTHERN IRELAND GP PRACTICE,RO315,https://directory.spineservices.nhs.uk/ORD/2-0-0/organisations/Z00052,2024-11-15,2898,opendatani_gp_practice_reference_file,https://admin.opendatani.gov.uk/dataset/3d1a6615-5fc9-4f0e-ab2a-d2b0d71fb9ed/resource/8578e0d4-47f6-4909-9ac4-32643a701e13/download/gp-practice-reference-file-january-2026.csv,2026-01,GP patient surveys,discontinued,historic_only,https://www.health-ni.gov.uk/articles/gp-patient-surveys,Northern Ireland GP patient survey ran from 2008/09 to 2010/11 and was then discontinued; no current practice-level equivalent is wired here.,DR. SAVAGE & PARTNERS BT13 1RU
DR. CARDWELL & PARTNERS,Z00068,BT13 2BD,"SHANKILL SURGERY, 136-138 SHANKILL ROAD, BELFAST",,,,,,,,NORTHERN IRELAND,northern_ireland,ods_ni_gp_practice,RO315,NORTHERN IRELAND GP PRACTICE,RO315,https://directory.spineservices.nhs.uk/ORD/2-0-0/organisations/Z00068,2021-09-16,2612,opendatani_gp_practice_reference_file,https://admin.opendatani.gov.uk/dataset/3d1a6615-5fc9-4f0e-ab2a-d2b0d71fb9ed/resource/8578e0d4-47f6-4909-9ac4-32643a701e13/download/gp-practice-reference-file-january-2026.csv,2026-01,GP patient surveys,discontinued,historic_only,https://www.health-ni.gov.uk/articles/gp-patient-surveys,Northern Ireland GP patient survey ran from 2008/09 to 2010/11 and was then discontinued; no current practice-level equivalent is wired here.,DR. CARDWELL & PARTNERS BT13 2BD
DR. HUTCHINSON & PARTNERS,Z00104,BT13 3BW,"BALLYGOMARTIN GROUP PRACTICE, 17 BALLYGOMARTIN ROAD, BELFAST",,,,,,,,NORTHERN IRELAND,northern_ireland,ods_ni_gp_practice,RO315,NORTHERN IRELAND GP PRACTICE,RO315,https://directory.spineservices.nhs.uk/ORD/2-0-0/organisations/Z00104,2022-02-28,7776,opendatani_gp_practice_reference_file,https://admin.opendatani.gov.uk/dataset/3d1a6615-5fc9-4f0e-ab2a-d2b0d71fb9ed/resource/8578e0d4-47f6-4909-9ac4-32643a701e13/download/gp-practice-reference-file-january-2026.csv,2026-01,GP patient surveys,discontinued,historic_only,https://www.health-ni.gov.uk/articles/gp-patient-surveys,Northern Ireland GP patient survey ran from 2008/09 to 2010/11 and was then discontinued; no current practice-level equivalent is wired here.,DR. HUTCHINSON & PARTNERS BT13 3BW
DR. CLULOW & PARTNER,Z00073,BT14 6AR,"CRUMLIN ROAD FAMILY PRACTICE, CRUMLIN ROAD HEALTH CENTRE, BELFAST",,,,,,,,NORTHERN IRELAND,northern_ireland,ods_ni_gp_practice,RO315,NORTHERN IRELAND GP PRACTICE,RO315,https://directory.spineservices.nhs.uk/ORD/2-0-0/organisations/Z00073,2023-08-21,2191,opendatani_gp_practice_reference_file,https://admin.opendatani.gov.uk/dataset/3d1a6615-5fc9-4f0e-ab2a-d2b0d71fb9ed/resource/8578e0d4-47f6-4909-9ac4-32643a701e13/download/gp-practice-reference-file-january-2026.csv,2026-01,GP patient surveys,discontinued,historic_only,https://www.health-ni.gov.uk/articles/gp-patient-surveys,Northern Ireland GP patient survey ran from 2008/09 to 2010/11 and was then discontinued; no current practice-level equivalent is wired here.,DR. CLULOW & PARTNER BT14 6AR
DR. GARDINER & PARTNER,Z00062,BT14 6AR,"GARDINER FAMILY PRACTICE, CRUMLIN ROAD HEALTH CENTRE, BELFAST",,,,,,,,NORTHERN IRELAND,northern_ireland,ods_ni_gp_practice,RO315,NORTHERN IRELAND GP PRACTICE,RO315,https://directory.spineservices.nhs.uk/ORD/2-0-0/organisations/Z00062,2021-09-16,1363,opendatani_gp_practice_reference_file,https://admin.opendatani.gov.uk/dataset/3d1a6615-5fc9-4f0e-ab2a-d2b0d71fb9ed/resource/8578e0d4-47f6-4909-9ac4-32643a701e13/download/gp-practice-reference-file-january-2026.csv,2026-01,GP patient surveys,discontinued,historic_only,https://www.health-ni.gov.uk/articles/gp-patient-surveys,Northern Ireland GP patient survey ran from 2008/09 to 2010/11 and was then discontinued; no current practice-level equivalent is wired here.,DR. GARDINER & PARTNER BT14 6AR
DR. CLARKE & PARTNERS,Z00093,BT14 6FX,"CLIFTONVILLE MEDICAL PRACTICE, 61 CLIFTONVILLE ROAD, BELFAST",,,,,,,,NORTHERN IRELAND,northern_ireland,ods_ni_gp_practice,RO315,NORTHERN IRELAND GP PRACTICE,RO315,https://directory.spineservices.nhs.uk/ORD/2-0-0/organisations/Z00093,2025-02-21,5816,opendatani_gp_practice_reference_file,https://admin.opendatani.gov.uk/dataset/3d1a6615-5fc9-4f0e-ab2a-d2b0d71fb9ed/resource/8578e0d4-47f6-4909-9ac4-32643a701e13/download/gp-practice-reference-file-january-2026.csv,2026-01,GP patient surveys,discontinued,historic_only,https://www.health-ni.gov.uk/articles/gp-patient-surveys,Northern Ireland GP patient survey ran from 2008/09 to 2010/11 and was then discontinued; no current practice-level equivalent is wired here.,DR. CLARKE & PARTNERS BT14 6FX
DR. AGAHI & PARTNERS,Z00072,BT14 7GB,"MOUNTAINVIEW SURGERY, 585 CRUMLIN ROAD, BELFAST",,,,,,,,NORTHERN IRELAND,northern_ireland,ods_ni_gp_practice,RO315,NORTHERN IRELAND GP PRACTICE,RO315,https://directory.spineservices.nhs.uk/ORD/2-0-0/organisations/Z00072,2021-09-16,2340,opendatani_gp_practice_reference_file,https://admin.opendatani.gov.uk/dataset/3d1a6615-5fc9-4f0e-ab2a-d2b0d71fb9ed/resource/8578e0d4-47f6-4909-9ac4-32643a701e13/download/gp-practice-reference-file-january-2026.csv,2026-01,GP patient surveys,discontinued,historic_only,https://www.health-ni.gov.uk/articles/gp-patient-surveys,Northern Ireland GP patient survey ran from 2008/09 to 2010/11 and was then discontinued; no current practice-level equivalent is wired here.,DR. AGAHI & PARTNERS BT14 7GB
DR. CONWAY & PARTNERS,Z00080,BT14 7GB,"EDEN PARK MEDICAL PRACTICE, EVERTON COMPLEX, BELFAST",,,,,,,,NORTHERN IRELAND,northern_ireland,ods_ni_gp_practice,RO315,NORTHERN IRELAND GP PRACTICE,RO315,https://directory.spineservices.nhs.uk/ORD/2-0-0/organisations/Z00080,2023-08-23,7740,opendatani_gp_practice_reference_file,https://admin.opendatani.gov.uk/dataset/3d1a6615-5fc9-4f0e-ab2a-d2b0d71fb9ed/resource/8578e0d4-47f6-4909-9ac4-32643a701e13/download/gp-practice-reference-file-january-2026.csv,2026-01,GP patient surveys,discontinued,historic_only,https://www.health-ni.gov.uk/articles/gp-patient-surveys,Northern Ireland GP patient survey ran from 2008/09 to 2010/11 and was then discontinued; no current practice-level equivalent is wired here.,DR. CONWAY & PARTNERS BT14 7GB
DR. CHAMBERS & PARTNERS,Z00070,BT14 7QR,"BALLYSILLAN GROUP PRACTICE, 156-158 BALLYSILLAN ROAD, BELFAST",,,,,,,,NORTHERN IRELAND,northern_ireland,ods_ni_gp_practice,RO315,NORTHERN IRELAND GP PRACTICE,RO315,https://directory.spineservices.nhs.uk/ORD/2-0-0/organisations/Z00070,2021-09-16,5723,opendatani_gp_practice_reference_file,https://admin.opendatani.gov.uk/dataset/3d1a6615-5fc9-4f0e-ab2a-d2b0d71fb9ed/resource/8578e0d4-47f6-4909-9ac4-32643a701e13/download/gp-practice-reference-file-january-2026.csv,2026-01,GP patient surveys,discontinued,historic_only,https://www.health-ni.gov.uk/articles/gp-patient-surveys,Northern Ireland GP patient survey ran from 2008/09 to 2010/11 and was then discontinued; no current practice-level equivalent is wired here.,DR. CHAMBERS & PARTNERS BT14 7QR
DR. GILMORE & PARTNERS,Z00098,BT14 8BY,"LIGONIEL HEALTH CENTRE, 74A LIGONIEL ROAD, BELFAST",,,,,,,,NORTHERN IRELAND,northern_ireland,ods_ni_gp_practice,RO315,NORTHERN IRELAND GP PRACTICE,RO315,https://directory.spineservices.nhs.uk/ORD/2-0-0/organisations/Z00098,2021-09-20,4126,opendatani_gp_practice_reference_file,https://admin.opendatani.gov.uk/dataset/3d1a6615-5fc9-4f0e-ab2a-d2b0d71fb9ed/resource/8578e0d4-47f6-4909-9ac4-32643a701e13/download/gp-practice-reference-file-january-2026.csv,2026-01,GP patient surveys,discontinued,historic_only,https://www.health-ni.gov.uk/articles/gp-patient-surveys,Northern Ireland GP patient survey ran from 2008/09 to 2010/11 and was then discontinued; no current practice-level equivalent is wired here.,DR. GILMORE & PARTNERS BT14 8BY
DR. MCGARRY & PARTNERS,Z00058,BT15 1HS,"THE GROUP SURGERY, 257 NORTH QUEEN STREET, BELFAST",,,,,,,,NORTHERN IRELAND,northern_ireland,ods_ni_gp_practice,RO315,NORTHERN IRELAND GP PRACTICE,RO315,https://directory.spineservices.nhs.uk/ORD/2-0-0/organisations/Z00058,2025-11-14,6012,opendatani_gp_practice_reference_file,https://admin.opendatani.gov.uk/dataset/3d1a6615-5fc9-4f0e-ab2a-d2b0d71fb9ed/resource/8578e0d4-47f6-4909-9ac4-32643a701e13/download/gp-practice-reference-file-january-2026.csv,2026-01,GP patient surveys,discontinued,historic_only,https://www.health-ni.gov.uk/articles/gp-patient-surveys,Northern Ireland GP patient survey ran from 2008/09 to 2010/11 and was then discontinued; no current practice-level equivalent is wired here.,DR. MCGARRY & PARTNERS BT15 1HS
DR. BURNS & PARTNERS,Z00060,BT15 2GE,"DUNCAIRN MEDICAL PRACTICE, 165 DUNCAIRN GARDENS, BELFAST",,,,,,,,NORTHERN IRELAND,northern_ireland,ods_ni_gp_practice,RO315,NORTHERN IRELAND GP PRACTICE,RO315,https://directory.spineservices.nhs.uk/ORD/2-0-0/organisations/Z00060,2021-09-15,4389,opendatani_gp_practice_reference_file,https://admin.opendatani.gov.uk/dataset/3d1a6615-5fc9-4f0e-ab2a-d2b0d71fb9ed/resource/8578e0d4-47f6-4909-9ac4-32643a701e13/download/gp-practice-reference-file-january-2026.csv,2026-01,GP patient surveys,discontinued,historic_only,https://www.health-ni.gov.uk/articles/gp-patient-surveys,Northern Ireland GP patient survey ran from 2008/09 to 2010/11 and was then discontinued; no current practice-level equivalent is wired here.,DR. BURNS & PARTNERS BT15 2GE
DR. BEATTIE,Z00074,BT15 2GH,"NORTHGATE FAMILY PRACTICE, 36 DUNCAIRN GARDENS, BELFAST",,,,,,,,NORTHERN IRELAND,northern_ireland,ods_ni_gp_practice,RO315,NORTHERN IRELAND GP PRACTICE,RO315,https://directory.spineservices.nhs.uk/ORD/2-0-0/organisations/Z00074,2024-11-15,2530,opendatani_gp_practice_reference_file,https://admin.opendatani.gov.uk/dataset/3d1a6615-5fc9-4f0e-ab2a-d2b0d71fb9ed/resource/8578e0d4-47f6-4909-9ac4-32643a701e13/download/gp-practice-reference-file-january-2026.csv,2026-01,GP patient surveys,discontinued,historic_only,https://www.health-ni.gov.uk/articles/gp-patient-surveys,Northern Ireland GP patient survey ran from 2008/09 to 2010/11 and was then discontinued; no current practice-level equivalent is wired here.,DR. BEATTIE BT15 2GH
DR. MCMAHON & PARTNERS,Z00085,BT15 3BS,"ANTRIM ROAD MEDICAL CENTRE, 515 ANTRIM ROAD, BELFAST",,,,,,,,NORTHERN IRELAND,northern_ireland,ods_ni_gp_practice,RO315,NORTHERN IRELAND GP PRACTICE,RO315,https://directory.spineservices.nhs.uk/ORD/2-0-0/organisations/Z00085,2021-09-20,6321,opendatani_gp_practice_reference_file,https://admin.opendatani.gov.uk/dataset/3d1a6615-5fc9-4f0e-ab2a-d2b0d71fb9ed/resource/8578e0d4-47f6-4909-9ac4-32643a701e13/download/gp-practice-reference-file-january-2026.csv,2026-01,GP patient surveys,discontinued,historic_only,https://www.health-ni.gov.uk/articles/gp-patient-surveys,Northern Ireland GP patient survey ran from 2008/09 to 2010/11 and was then discontinued; no current practice-level equivalent is wired here.,DR. MCMAHON & PARTNERS BT15 3BS
DR. ALLEN & PARTNERS,Z00066,BT15 3HF,"PARKSIDE SURGERY, GROVE WELLBEING CENTRE, BELFAST",,,,,,,,NORTHERN IRELAND,northern_ireland,ods_ni_gp_practice,RO315,NORTHERN IRELAND GP PRACTICE,RO315,https://directory.spineservices.nhs.uk/ORD/2-0-0/organisations/Z00066,2024-11-15,7076,opendatani_gp_practice_reference_file,https://admin.opendatani.gov.uk/dataset/3d1a6615-5fc9-4f0e-ab2a-d2b0d71fb9ed/resource/8578e0d4-47f6-4909-9ac4-32643a701e13/download/gp-practice-reference-file-january-2026.csv,2026-01,GP patient surveys,discontinued,historic_only,https://www.health-ni.gov.uk/articles/gp-patient-surveys,Northern Ireland GP patient survey ran from 2008/09 to 2010/11 and was then discontinued; no current practice-level equivalent is wired here.,DR. ALLEN & PARTNERS BT15 3HF
DR. BRANNICK & PARTNERS,Z00083,BT15 3HF,"GROVE MEDICAL PRACTICE, GROVE WELL BEING CENTRE, BELFAST",,,,,,,,NORTHERN IRELAND,northern_ireland,ods_ni_gp_practice,RO315,NORTHERN IRELAND GP PRACTICE,RO315,https://directory.spineservices.nhs.uk/ORD/2-0-0/organisations/Z00083,2023-08-21,5812,opendatani_gp_practice_reference_file,https://admin.opendatani.gov.uk/dataset/3d1a6615-5fc9-4f0e-ab2a-d2b0d71fb9ed/resource/8578e0d4-47f6-4909-9ac4-32643a701e13/download/gp-practice-reference-file-january-2026.csv,2026-01,GP patient surveys,discontinued,historic_only,https://www.health-ni.gov.uk/articles/gp-patient-surveys,Northern Ireland GP patient survey ran from 2008/09 to 2010/11 and was then discontinued; no current practice-level equivalent is wired here.,DR. BRANNICK & PARTNERS BT15 3HF
DR. HARKIN & PARTNERS,Z00086,BT15 5GF,"SALISBURY MEDICAL CENTRE, 474 ANTRIM ROAD, BELFAST",,,,,,,,NORTHERN IRELAND,northern_ireland,ods_ni_gp_practice,RO315,NORTHERN IRELAND GP PRACTICE,RO315,https://directory.spineservices.nhs.uk/ORD/2-0-0/organisations/Z00086,2021-09-20,11002,opendatani_gp_practice_reference_file,https://admin.opendatani.gov.uk/dataset/3d1a6615-5fc9-4f0e-ab2a-d2b0d71fb9ed/resource/8578e0d4-47f6-4909-9ac4-32643a701e13/download/gp-practice-reference-file-january-2026.csv,2026-01,GP patient surveys,discontinued,historic_only,https://www.health-ni.gov.uk/articles/gp-patient-surveys,Northern Ireland GP patient survey ran from 2008/09 to 2010/11 and was then discontinued; no current practice-level equivalent is wired here.,DR. HARKIN & PARTNERS BT15 5GF
DR. COOKE & PARTNERS,Z00031,BT16 2LN,"DUNDONALD MEDICAL CENTRE, 16 CHURCH ROAD, BELFAST",,,,,,,,NORTHERN IRELAND,northern_ireland,ods_ni_gp_practice,RO315,NORTHERN IRELAND GP PRACTICE,RO315,https://directory.spineservices.nhs.uk/ORD/2-0-0/organisations/Z00031,2021-09-16,7108,opendatani_gp_practice_reference_file,https://admin.opendatani.gov.uk/dataset/3d1a6615-5fc9-4f0e-ab2a-d2b0d71fb9ed/resource/8578e0d4-47f6-4909-9ac4-32643a701e13/download/gp-practice-reference-file-january-2026.csv,2026-01,GP patient surveys,discontinued,historic_only,https://www.health-ni.gov.uk/articles/gp-patient-surveys,Northern Ireland GP patient survey ran from 2008/09 to 2010/11 and was then discontinued; no current practice-level equivalent is wired here.,DR. COOKE & PARTNERS BT16 2LN
DR. DEVLIN & PARTNERS,Z00222,BT17 0FB,"WOODBROOKE MEDICAL PRACTICE, STEWARTSTOWN ROAD, BELFAST",,,,,,,,NORTHERN IRELAND,northern_ireland,ods_ni_gp_practice,RO315,NORTHERN IRELAND GP PRACTICE,RO315,https://directory.spineservices.nhs.uk/ORD/2-0-0/organisations/Z00222,2021-09-14,9610,opendatani_gp_practice_reference_file,https://admin.opendatani.gov.uk/dataset/3d1a6615-5fc9-4f0e-ab2a-d2b0d71fb9ed/resource/8578e0d4-47f6-4909-9ac4-32643a701e13/download/gp-practice-reference-file-january-2026.csv,2026-01,GP patient surveys,discontinued,historic_only,https://www.health-ni.gov.uk/articles/gp-patient-surveys,Northern Ireland GP patient survey ran from 2008/09 to 2010/11 and was then discontinued; no current practice-level equivalent is wired here.,DR. DEVLIN & PARTNERS BT17 0FB
DR. DICK & PARTNERS,Z00232,BT17 9AL,"THE HILL MEDICAL GROUP PRACTICE, 192 KINGSWAY, BELFAST",,,,,,,,NORTHERN IRELAND,northern_ireland,ods_ni_gp_practice,RO315,NORTHERN IRELAND GP PRACTICE,RO315,https://directory.spineservices.nhs.uk/ORD/2-0-0/organisations/Z00232,2021-09-14,8733,opendatani_gp_practice_reference_file,https://admin.opendatani.gov.uk/dataset/3d1a6615-5fc9-4f0e-ab2a-d2b0d71fb9ed/resource/8578e0d4-47f6-4909-9ac4-32643a701e13/download/gp-practice-reference-file-january-2026.csv,2026-01,GP patient surveys,discontinued,historic_only,https://www.health-ni.gov.uk/articles/gp-patient-surveys,Northern Ireland GP patient survey ran from 2008/09 to 2010/11 and was then discontinued; no current practice-level equivalent is wired here.,DR. DICK & PARTNERS BT17 9AL
DR. GLENFIELD & PARTNERS,Z00252,BT18 9AD,"PRIORY SURGERY, 26 HIGH STREET, HOLYWOOD",,,,,,,,NORTHERN IRELAND,northern_ireland,ods_ni_gp_practice,RO315,NORTHERN IRELAND GP PRACTICE,RO315,https://directory.spineservices.nhs.uk/ORD/2-0-0/organisations/Z00252,2023-08-21,12193,opendatani_gp_practice_reference_file,https://admin.opendatani.gov.uk/dataset/3d1a6615-5fc9-4f0e-ab2a-d2b0d71fb9ed/resource/8578e0d4-47f6-4909-9ac4-32643a701e13/download/gp-practice-reference-file-january-2026.csv,2026-01,GP patient surveys,discontinued,historic_only,https://www.health-ni.gov.uk/articles/gp-patient-surveys,Northern Ireland GP patient survey ran from 2008/09 to 2010/11 and was then discontinued; no current practice-level equivalent is wired here.,DR. GLENFIELD & PARTNERS BT18 9AD
DR. GOLDRING & PARTNERS,Z00257,BT18 9DA,"BROOK STREET SURGERY, BROOK STREET, HOLYWOOD",,,,,,,,NORTHERN IRELAND,northern_ireland,ods_ni_gp_practice,RO315,NORTHERN IRELAND GP PRACTICE,RO315,https://directory.spineservices.nhs.uk/ORD/2-0-0/organisations/Z00257,2021-09-14,9456,opendatani_gp_practice_reference_file,https://admin.opendatani.gov.uk/dataset/3d1a6615-5fc9-4f0e-ab2a-d2b0d71fb9ed/resource/8578e0d4-47f6-4909-9ac4-32643a701e13/download/gp-practice-reference-file-january-2026.csv,2026-01,GP patient surveys,discontinued,historic_only,https://www.health-ni.gov.uk/articles/gp-patient-surveys,Northern Ireland GP patient survey ran from 2008/09 to 2010/11 and was then discontinued; no current practice-level equivalent is wired here.,DR. GOLDRING & PARTNERS BT18 9DA
DR. KINNEAR,Z00264,BT19 6EU,"SILVERBIRCH MEDICAL PRACTICE, 39A SILVERBIRCH ROAD, BANGOR",,,,,,,,NORTHERN IRELAND,northern_ireland,ods_ni_gp_practice,RO315,NORTHERN IRELAND GP PRACTICE,RO315,https://directory.spineservices.nhs.uk/ORD/2-0-0/organisations/Z00264,2023-02-20,2696,opendatani_gp_practice_reference_file,https://admin.opendatani.gov.uk/dataset/3d1a6615-5fc9-4f0e-ab2a-d2b0d71fb9ed/resource/8578e0d4-47f6-4909-9ac4-32643a701e13/download/gp-practice-reference-file-january-2026.csv,2026-01,GP patient surveys,discontinued,historic_only,https://www.health-ni.gov.uk/articles/gp-patient-surveys,Northern Ireland GP patient survey ran from 2008/09 to 2010/11 and was then discontinued; no current practice-level equivalent is wired here.,DR. KINNEAR BT19 6EU
DR. HOWE & PARTNERS,Z00281,BT20 3EB,"CLELAND PARK SURGERY, 2 CLELAND PARK, BANGOR",,,,,,,,NORTHERN IRELAND,northern_ireland,ods_ni_gp_practice,RO315,NORTHERN IRELAND GP PRACTICE,RO315,https://directory.spineservices.nhs.uk/ORD/2-0-0/organisations/Z00281,2023-11-17,6837,opendatani_gp_practice_reference_file,https://admin.opendatani.gov.uk/dataset/3d1a6615-5fc9-4f0e-ab2a-d2b0d71fb9ed/resource/8578e0d4-47f6-4909-9ac4-32643a701e13/download/gp-practice-reference-file-january-2026.csv,2026-01,GP patient surveys,discontinued,historic_only,https://www.health-ni.gov.uk/articles/gp-patient-surveys,Northern Ireland GP patient survey ran from 2008/09 to 2010/11 and was then discontinued; no current practice-level equivalent is wired here.,DR. HOWE & PARTNERS BT20 3EB
DR. DOYLE & PARTNERS,Z00260,BT20 4LD,"CHURCH VIEW FAMILY PRACTICE, THE HEALTH CENTRE, BANGOR",,,,,,,,NORTHERN IRELAND,northern_ireland,ods_ni_gp_practice,RO315,NORTHERN IRELAND GP PRACTICE,RO315,https://directory.spineservices.nhs.uk/ORD/2-0-0/organisations/Z00260,2024-02-19,7737,opendatani_gp_practice_reference_file,https://admin.opendatani.gov.uk/dataset/3d1a6615-5fc9-4f0e-ab2a-d2b0d71fb9ed/resource/8578e0d4-47f6-4909-9ac4-32643a701e13/download/gp-practice-reference-file-january-2026.csv,2026-01,GP patient surveys,discontinued,historic_only,https://www.health-ni.gov.uk/articles/gp-patient-surveys,Northern Ireland GP patient survey ran from 2008/09 to 2010/11 and was then discontinued; no current practice-level equivalent is wired here.,DR. DOYLE & PARTNERS BT20 4LD
DR. HAYES & PARTNERS,Z00253,BT20 4LD,"REDWOOD SURGERY, THE HEALTH CENTRE, BANGOR",,,,,,,,NORTHERN IRELAND,northern_ireland,ods_ni_gp_practice,RO315,NORTHERN IRELAND GP PRACTICE,RO315,https://directory.spineservices.nhs.uk/ORD/2-0-0/organisations/Z00253,2023-08-21,9224,opendatani_gp_practice_reference_file,https://admin.opendatani.gov.uk/dataset/3d1a6615-5fc9-4f0e-ab2a-d2b0d71fb9ed/resource/8578e0d4-47f6-4909-9ac4-32643a701e13/download/gp-practice-reference-file-january-2026.csv,2026-01,GP patient surveys,discontinued,historic_only,https://www.health-ni.gov.uk/articles/gp-patient-surveys,Northern Ireland GP patient survey ran from 2008/09 to 2010/11 and was then discontinued; no current practice-level equivalent is wired here.,DR. HAYES & PARTNERS BT20 4LD
DR. KENNY & PARTNER,Z00255,BT20 4LD,"THE OAKS FAMILY PRACTICE, BANGOR HEALTH CENTRE, BANGOR",,,,,,,,NORTHERN IRELAND,northern_ireland,ods_ni_gp_practice,RO315,NORTHERN IRELAND GP PRACTICE,RO315,https://directory.spineservices.nhs.uk/ORD/2-0-0/organisations/Z00255,2025-08-18,5377,opendatani_gp_practice_reference_file,https://admin.opendatani.gov.uk/dataset/3d1a6615-5fc9-4f0e-ab2a-d2b0d71fb9ed/resource/8578e0d4-47f6-4909-9ac4-32643a701e13/download/gp-practice-reference-file-january-2026.csv,2026-01,GP patient surveys,discontinued,historic_only,https://www.health-ni.gov.uk/articles/gp-patient-surveys,Northern Ireland GP patient survey ran from 2008/09 to 2010/11 and was then discontinued; no current practice-level equivalent is wired here.,DR. KENNY & PARTNER BT20 4LD
DR. MANSON & PARTNERS,Z00258,BT20 4LD,"CASTLE PARK PRACTICE, BANGOR HEALTH CENTRE, BANGOR",,,,,,,,NORTHERN IRELAND,northern_ireland,ods_ni_gp_practice,RO315,NORTHERN IRELAND GP PRACTICE,RO315,https://directory.spineservices.nhs.uk/ORD/2-0-0/organisations/Z00258,2021-09-14,5175,opendatani_gp_practice_reference_file,https://admin.opendatani.gov.uk/dataset/3d1a6615-5fc9-4f0e-ab2a-d2b0d71fb9ed/resource/8578e0d4-47f6-4909-9ac4-32643a701e13/download/gp-practice-reference-file-january-2026.csv,2026-01,GP patient surveys,discontinued,historic_only,https://www.health-ni.gov.uk/articles/gp-patient-surveys,Northern Ireland GP patient survey ran from 2008/09 to 2010/11 and was then discontinued; no current practice-level equivalent is wired here.,DR. MANSON & PARTNERS BT20 4LD
DR. SIMPSON & PARTNERS,Z00280,BT20 4LD,"ABBEY FAMILY PRACTICE, BANGOR HEALTH CENTRE, BANGOR",,,,,,,,NORTHERN IRELAND,northern_ireland,ods_ni_gp_practice,RO315,NORTHERN IRELAND GP PRACTICE,RO315,https://directory.spineservices.nhs.uk/ORD/2-0-0/organisations/Z00280,2021-09-14,5659,opendatani_gp_practice_reference_file,https://admin.opendatani.gov.uk/dataset/3d1a6615-5fc9-4f0e-ab2a-d2b0d71fb9ed/resource/8578e0d4-47f6-4909-9ac4-32643a701e13/download/gp-practice-reference-file-january-2026.csv,2026-01,GP patient surveys,discontinued,historic_only,https://www.health-ni.gov.uk/articles/gp-patient-surveys,Northern Ireland GP patient survey ran from 2008/09 to 2010/11 and was then discontinued; no current practice-level equivalent is wired here.,DR. SIMPSON & PARTNERS BT20 4LD
DR. LOWRY & PARTNERS,Z00274,BT20 4XA,"BLOOMFIELD SURGERY, 95 BLOOMFIELD ROAD, BANGOR",,,,,,,,NORTHERN IRELAND,northern_ireland,ods_ni_gp_practice,RO315,NORTHERN IRELAND GP PRACTICE,RO315,https://directory.spineservices.nhs.uk/ORD/2-0-0/organisations/Z00274,2025-08-18,9966,opendatani_gp_practice_reference_file,https://admin.opendatani.gov.uk/dataset/3d1a6615-5fc9-4f0e-ab2a-d2b0d71fb9ed/resource/8578e0d4-47f6-4909-9ac4-32643a701e13/download/gp-practice-reference-file-january-2026.csv,2026-01,GP patient surveys,discontinued,historic_only,https://www.health-ni.gov.uk/articles/gp-patient-surveys,Northern Ireland GP patient survey ran from 2008/09 to 2010/11 and was then discontinued; no current practice-level equivalent is wired here.,DR. LOWRY & PARTNERS BT20 4XA
DR. INGRAM & PARTNER,Z00256,BT20 5PE,"ASHLEY MEDICAL CENTRE, 140 GROOMSPORT ROAD, BANGOR",,,,,,,,NORTHERN IRELAND,northern_ireland,ods_ni_gp_practice,RO315,NORTHERN IRELAND GP PRACTICE,RO315,https://directory.spineservices.nhs.uk/ORD/2-0-0/organisations/Z00256,2025-05-16,5713,opendatani_gp_practice_reference_file,https://admin.opendatani.gov.uk/dataset/3d1a6615-5fc9-4f0e-ab2a-d2b0d71fb9ed/resource/8578e0d4-47f6-4909-9ac4-32643a701e13/download/gp-practice-reference-file-january-2026.csv,2026-01,GP patient surveys,discontinued,historic_only,https://www.health-ni.gov.uk/articles/gp-patient-surveys,Northern Ireland GP patient survey ran from 2008/09 to 2010/11 and was then discontinued; no current practice-level equivalent is wired here.,DR. INGRAM & PARTNER BT20 5PE
DR. HISCOCKS & PARTNERS,Z00276,BT21 0BU,"DONAGHADEE HEALTH CENTRE, 3 KILLAUGHEY ROAD, DONAGHADEE",,,,,,,,NORTHERN IRELAND,northern_ireland,ods_ni_gp_practice,RO315,NORTHERN IRELAND GP PRACTICE,RO315,https://directory.spineservices.nhs.uk/ORD/2-0-0/organisations/Z00276,2021-09-14,10148,opendatani_gp_practice_reference_file,https://admin.opendatani.gov.uk/dataset/3d1a6615-5fc9-4f0e-ab2a-d2b0d71fb9ed/resource/8578e0d4-47f6-4909-9ac4-32643a701e13/download/gp-practice-reference-file-january-2026.csv,2026-01,GP patient surveys,discontinued,historic_only,https://www.health-ni.gov.uk/articles/gp-patient-surveys,Northern Ireland GP patient survey ran from 2008/09 to 2010/11 and was then discontinued; no current practice-level equivalent is wired here.,DR. HISCOCKS & PARTNERS BT21 0BU
DR. DOYLE & PARTNERS,Z00259,BT22 1QT,"PORTAFERRY SURGERY, 44 HIGH STREET, NEWTOWNARDS",,,,,,,,NORTHERN IRELAND,northern_ireland,ods_ni_gp_practice,RO315,NORTHERN IRELAND GP PRACTICE,RO315,https://directory.spineservices.nhs.uk/ORD/2-0-0/organisations/Z00259,2021-09-14,6389,opendatani_gp_practice_reference_file,https://admin.opendatani.gov.uk/dataset/3d1a6615-5fc9-4f0e-ab2a-d2b0d71fb9ed/resource/8578e0d4-47f6-4909-9ac4-32643a701e13/download/gp-practice-reference-file-january-2026.csv,2026-01,GP patient surveys,discontinued,historic_only,https://www.health-ni.gov.uk/articles/gp-patient-surveys,Northern Ireland GP patient survey ran from 2008/09 to 2010/11 and was then discontinued; no current practice-level equivalent is wired here.,DR. DOYLE & PARTNERS BT22 1QT
DR. HUGHES & PARTNERS,Z00282,BT22 2PY,"THE HEALTH CENTRE, FOWLER WAY, NEWTOWNARDS",,,,,,,,NORTHERN IRELAND,northern_ireland,ods_ni_gp_practice,RO315,NORTHERN IRELAND GP PRACTICE,RO315,https://directory.spineservices.nhs.uk/ORD/2-0-0/organisations/Z00282,2021-09-14,7092,opendatani_gp_practice_reference_file,https://admin.opendatani.gov.uk/dataset/3d1a6615-5fc9-4f0e-ab2a-d2b0d71fb9ed/resource/8578e0d4-47f6-4909-9ac4-32643a701e13/download/gp-practice-reference-file-january-2026.csv,2026-01,GP patient surveys,discontinued,historic_only,https://www.health-ni.gov.uk/articles/gp-patient-surveys,Northern Ireland GP patient survey ran from 2008/09 to 2010/11 and was then discontinued; no current practice-level equivalent is wired here.,DR. HUGHES & PARTNERS BT22 2PY
DR. FERRIS & PARTNERS,Z00283,BT22 2SP,"LOUGH VIEW SURGERY, 2 MAIN STREET, NEWTOWNARDS",,,,,,,,NORTHERN IRELAND,northern_ireland,ods_ni_gp_practice,RO315,NORTHERN IRELAND GP PRACTICE,RO315,https://directory.spineservices.nhs.uk/ORD/2-0-0/organisations/Z00283,2022-08-22,5656,opendatani_gp_practice_reference_file,https://admin.opendatani.gov.uk/dataset/3d1a6615-5fc9-4f0e-ab2a-d2b0d71fb9ed/resource/8578e0d4-47f6-4909-9ac4-32643a701e13/download/gp-practice-reference-file-january-2026.csv,2026-01,GP patient surveys,discontinued,historic_only,https://www.health-ni.gov.uk/articles/gp-patient-surveys,Northern Ireland GP patient survey ran from 2008/09 to 2010/11 and was then discontinued; no current practice-level equivalent is wired here.,DR. FERRIS & PARTNERS BT22 2SP
DR. GREER & PARTNERS,Z00271,BT23 4AS,"OLD MILL SURGERY, CHURCH STREET, NEWTOWNARDS",,,,,,,,NORTHERN IRELAND,northern_ireland,ods_ni_gp_practice,RO315,NORTHERN IRELAND GP PRACTICE,RO315,https://directory.spineservices.nhs.uk/ORD/2-0-0/organisations/Z00271,2021-09-14,11425,opendatani_gp_practice_reference_file,https://admin.opendatani.gov.uk/dataset/3d1a6615-5fc9-4f0e-ab2a-d2b0d71fb9ed/resource/8578e0d4-47f6-4909-9ac4-32643a701e13/download/gp-practice-reference-file-january-2026.csv,2026-01,GP patient surveys,discontinued,historic_only,https://www.health-ni.gov.uk/articles/gp-patient-surveys,Northern Ireland GP patient survey ran from 2008/09 to 2010/11 and was then discontinued; no current practice-level equivalent is wired here.,DR. GREER & PARTNERS BT23 4AS
DR. HYLAND & PARTNERS,Z00265,BT23 4FH,"CHURCHSIDE PRACTICE, 1 CHURCH STREET, NEWTOWNARDS",,,,,,,,NORTHERN IRELAND,northern_ireland,ods_ni_gp_practice,RO315,NORTHERN IRELAND GP PRACTICE,RO315,https://directory.spineservices.nhs.uk/ORD/2-0-0/organisations/Z00265,2024-11-19,6890,opendatani_gp_practice_reference_file,https://admin.opendatani.gov.uk/dataset/3d1a6615-5fc9-4f0e-ab2a-d2b0d71fb9ed/resource/8578e0d4-47f6-4909-9ac4-32643a701e13/download/gp-practice-reference-file-january-2026.csv,2026-01,GP patient surveys,discontinued,historic_only,https://www.health-ni.gov.uk/articles/gp-patient-surveys,Northern Ireland GP patient survey ran from 2008/09 to 2010/11 and was then discontinued; no current practice-level equivalent is wired here.,DR. HYLAND & PARTNERS BT23 4FH
DR. YOUNGS & PARTNERS,Z00278,BT23 4FH,"SCRABO VIEW PRACTICE, 1 CHURCH STREET, NEWTOWNARDS",,,,,,,,NORTHERN IRELAND,northern_ireland,ods_ni_gp_practice,RO315,NORTHERN IRELAND GP PRACTICE,RO315,https://directory.spineservices.nhs.uk/ORD/2-0-0/organisations/Z00278,2024-11-19,4312,opendatani_gp_practice_reference_file,https://admin.opendatani.gov.uk/dataset/3d1a6615-5fc9-4f0e-ab2a-d2b0d71fb9ed/resource/8578e0d4-47f6-4909-9ac4-32643a701e13/download/gp-practice-reference-file-january-2026.csv,2026-01,GP patient surveys,discontinued,historic_only,https://www.health-ni.gov.uk/articles/gp-patient-surveys,Northern Ireland GP patient survey ran from 2008/09 to 2010/11 and was then discontinued; no current practice-level equivalent is wired here.,DR. YOUNGS & PARTNERS BT23 4FH
DR. NEOH & PARTNERS,Z00261,BT23 4LR,"KILLYNETHER PRACTICE, 2A FREDERICK STREET, NEWTOWNARDS",,,,,,,,NORTHERN IRELAND,northern_ireland,ods_ni_gp_practice,RO315,NORTHERN IRELAND GP PRACTICE,RO315,https://directory.spineservices.nhs.uk/ORD/2-0-0/organisations/Z00261,2021-09-14,6320,opendatani_gp_practice_reference_file,https://admin.opendatani.gov.uk/dataset/3d1a6615-5fc9-4f0e-ab2a-d2b0d71fb9ed/resource/8578e0d4-47f6-4909-9ac4-32643a701e13/download/gp-practice-reference-file-january-2026.csv,2026-01,GP patient surveys,discontinued,historic_only,https://www.health-ni.gov.uk/articles/gp-patient-surveys,Northern Ireland GP patient survey ran from 2008/09 to 2010/11 and was then discontinued; no current practice-level equivalent is wired here.,DR. NEOH & PARTNERS BT23 4LR
DR. STOCKMAN & PARTNERS,Z00275,BT23 4LR,"PARK PRACTICE, REGENCY MEDICAL CENTRE, NEWTOWNARDS",,,,,,,,NORTHERN IRELAND,northern_ireland,ods_ni_gp_practice,RO315,NORTHERN IRELAND GP PRACTICE,RO315,https://directory.spineservices.nhs.uk/ORD/2-0-0/organisations/Z00275,2025-11-14,5107,opendatani_gp_practice_reference_file,https://admin.opendatani.gov.uk/dataset/3d1a6615-5fc9-4f0e-ab2a-d2b0d71fb9ed/resource/8578e0d4-47f6-4909-9ac4-32643a701e13/download/gp-practice-reference-file-january-2026.csv,2026-01,GP patient surveys,discontinued,historic_only,https://www.health-ni.gov.uk/articles/gp-patient-surveys,Northern Ireland GP patient survey ran from 2008/09 to 2010/11 and was then discontinued; no current practice-level equivalent is wired here.,DR. STOCKMAN & PARTNERS BT23 4LR
DR. WHITESIDE & PARTNERS,Z00273,BT23 5BA,"COMBER FAMILY PRACTICE, COMBER HEALTH CENTRE, NEWTOWNARDS",,,,,,,,NORTHERN IRELAND,northern_ireland,ods_ni_gp_practice,RO315,NORTHERN IRELAND GP PRACTICE,RO315,https://directory.spineservices.nhs.uk/ORD/2-0-0/organisations/Z00273,2021-09-14,7844,opendatani_gp_practice_reference_file,https://admin.opendatani.gov.uk/dataset/3d1a6615-5fc9-4f0e-ab2a-d2b0d71fb9ed/resource/8578e0d4-47f6-4909-9ac4-32643a701e13/download/gp-practice-reference-file-january-2026.csv,2026-01,GP patient surveys,discontinued,historic_only,https://www.health-ni.gov.uk/articles/gp-patient-surveys,Northern Ireland GP patient survey ran from 2008/09 to 2010/11 and was then discontinued; no current practice-level equivalent is wired here.,DR. WHITESIDE & PARTNERS BT23 5BA
DR. MITCHELL & PARTNERS,Z00272,BT23 5DT,"THE SQUARE SURGERY, 16A THE SQUARE, NEWTOWNARDS",,,,,,,,NORTHERN IRELAND,northern_ireland,ods_ni_gp_practice,RO315,NORTHERN IRELAND GP PRACTICE,RO315,https://directory.spineservices.nhs.uk/ORD/2-0-0/organisations/Z00272,2024-02-19,7365,opendatani_gp_practice_reference_file,https://admin.opendatani.gov.uk/dataset/3d1a6615-5fc9-4f0e-ab2a-d2b0d71fb9ed/resource/8578e0d4-47f6-4909-9ac4-32643a701e13/download/gp-practice-reference-file-january-2026.csv,2026-01,GP patient surveys,discontinued,historic_only,https://www.health-ni.gov.uk/articles/gp-patient-surveys,Northern Ireland GP patient survey ran from 2008/09 to 2010/11 and was then discontinued; no current practice-level equivalent is wired here.,DR. MITCHELL & PARTNERS BT23 5DT
DR. MARSHALL & PARTNERS,Z00254,BT23 6AW,"LISBANE MEDICAL CENTRE, 24 LISBARNETT ROAD, NEWTOWNARDS",,,,,,,,NORTHERN IRELAND,northern_ireland,ods_ni_gp_practice,RO315,NORTHERN IRELAND GP PRACTICE,RO315,https://directory.spineservices.nhs.uk/ORD/2-0-0/organisations/Z00254,2024-05-20,4675,opendatani_gp_practice_reference_file,https://admin.opendatani.gov.uk/dataset/3d1a6615-5fc9-4f0e-ab2a-d2b0d71fb9ed/resource/8578e0d4-47f6-4909-9ac4-32643a701e13/download/gp-practice-reference-file-january-2026.csv,2026-01,GP patient surveys,discontinued,historic_only,https://www.health-ni.gov.uk/articles/gp-patient-surveys,Northern Ireland GP patient survey ran from 2008/09 to 2010/11 and was then discontinued; no current practice-level equivalent is wired here.,DR. MARSHALL & PARTNERS BT23 6AW
DR. GRIMSHAW & PARTNERS,Z00285,BT23 7PZ,"GREEN ROAD MEDICAL CENTRE, 5 GREEN ROAD, NEWTOWNARDS",,,,,,,,NORTHERN IRELAND,northern_ireland,ods_ni_gp_practice,RO315,NORTHERN IRELAND GP PRACTICE,RO315,https://directory.spineservices.nhs.uk/ORD/2-0-0/organisations/Z00285,2023-08-21,5323,opendatani_gp_practice_reference_file,https://admin.opendatani.gov.uk/dataset/3d1a6615-5fc9-4f0e-ab2a-d2b0d71fb9ed/resource/8578e0d4-47f6-4909-9ac4-32643a701e13/download/gp-practice-reference-file-january-2026.csv,2026-01,GP patient surveys,discontinued,historic_only,https://www.health-ni.gov.uk/articles/gp-patient-surveys,Northern Ireland GP patient survey ran from 2008/09 to 2010/11 and was then discontinued; no current practice-level equivalent is wired here.,DR. GRIMSHAW & PARTNERS BT23 7PZ
DR. GUNN & PARTNERS,Z00198,BT24 7AD,"SAINTFIELD HEALTH CENTRE, FAIRVIEW, BALLYNAHINCH",,,,,,,,NORTHERN IRELAND,northern_ireland,ods_ni_gp_practice,RO315,NORTHERN IRELAND GP PRACTICE,RO315,https://directory.spineservices.nhs.uk/ORD/2-0-0/organisations/Z00198,2025-05-16,9922,opendatani_gp_practice_reference_file,https://admin.opendatani.gov.uk/dataset/3d1a6615-5fc9-4f0e-ab2a-d2b0d71fb9ed/resource/8578e0d4-47f6-4909-9ac4-32643a701e13/download/gp-practice-reference-file-january-2026.csv,2026-01,GP patient surveys,discontinued,historic_only,https://www.health-ni.gov.uk/articles/gp-patient-surveys,Northern Ireland GP patient survey ran from 2008/09 to 2010/11 and was then discontinued; no current practice-level equivalent is wired here.,DR. GUNN & PARTNERS BT24 7AD
DR. WATSON & PARTNERS,Z00191,BT24 8AY,"THE MONTALTO MEDICAL CENTRE, 2 DROMORE ROAD, BALLYNAHINCH",,,,,,,,NORTHERN IRELAND,northern_ireland,ods_ni_gp_practice,RO315,NORTHERN IRELAND GP PRACTICE,RO315,https://directory.spineservices.nhs.uk/ORD/2-0-0/organisations/Z00191,2024-11-15,9566,opendatani_gp_practice_reference_file,https://admin.opendatani.gov.uk/dataset/3d1a6615-5fc9-4f0e-ab2a-d2b0d71fb9ed/resource/8578e0d4-47f6-4909-9ac4-32643a701e13/download/gp-practice-reference-file-january-2026.csv,2026-01,GP patient surveys,discontinued,historic_only,https://www.health-ni.gov.uk/articles/gp-patient-surveys,Northern Ireland GP patient survey ran from 2008/09 to 2010/11 and was then discontinued; no current practice-level equivalent is wired here.,DR. WATSON & PARTNERS BT24 8AY
DR. BEATTY & PARTNERS,Z00474,BT25 1NB,"DROMORE DOCTORS SURGERY, SKEAGH HOUSE, DROMORE",,,,,,,,NORTHERN IRELAND,northern_ireland,ods_ni_gp_practice,RO315,NORTHERN IRELAND GP PRACTICE,RO315,https://directory.spineservices.nhs.uk/ORD/2-0-0/organisations/Z00474,2021-09-15,8340,opendatani_gp_practice_reference_file,https://admin.opendatani.gov.uk/dataset/3d1a6615-5fc9-4f0e-ab2a-d2b0d71fb9ed/resource/8578e0d4-47f6-4909-9ac4-32643a701e13/download/gp-practice-reference-file-january-2026.csv,2026-01,GP patient surveys,discontinued,historic_only,https://www.health-ni.gov.uk/articles/gp-patient-surveys,Northern Ireland GP patient survey ran from 2008/09 to 2010/11 and was then discontinued; no current practice-level equivalent is wired here.,DR. BEATTY & PARTNERS BT25 1NB
DR. UREY & PARTNERS,Z00226,BT25 2AT,"DROMARA SURGERY, BEGNEY HILL ROAD, DROMORE",,,,,,,,NORTHERN IRELAND,northern_ireland,ods_ni_gp_practice,RO315,NORTHERN IRELAND GP PRACTICE,RO315,https://directory.spineservices.nhs.uk/ORD/2-0-0/organisations/Z00226,2022-08-22,8461,opendatani_gp_practice_reference_file,https://admin.opendatani.gov.uk/dataset/3d1a6615-5fc9-4f0e-ab2a-d2b0d71fb9ed/resource/8578e0d4-47f6-4909-9ac4-32643a701e13/download/gp-practice-reference-file-january-2026.csv,2026-01,GP patient surveys,discontinued,historic_only,https://www.health-ni.gov.uk/articles/gp-patient-surveys,Northern Ireland GP patient survey ran from 2008/09 to 2010/11 and was then discontinued; no current practice-level equivalent is wired here.,DR. UREY & PARTNERS BT25 2AT
DR. HALL & PARTNERS,Z00221,BT26 6AW,"HILLSBOROUGH MEDICAL PRACTICE, HEALTH CENTRE, HILLSBOROUGH",,,,,,,,NORTHERN IRELAND,northern_ireland,ods_ni_gp_practice,RO315,NORTHERN IRELAND GP PRACTICE,RO315,https://directory.spineservices.nhs.uk/ORD/2-0-0/organisations/Z00221,2021-09-14,10909,opendatani_gp_practice_reference_file,https://admin.opendatani.gov.uk/dataset/3d1a6615-5fc9-4f0e-ab2a-d2b0d71fb9ed/resource/8578e0d4-47f6-4909-9ac4-32643a701e13/download/gp-practice-reference-file-january-2026.csv,2026-01,GP patient surveys,discontinued,historic_only,https://www.health-ni.gov.uk/articles/gp-patient-surveys,Northern Ireland GP patient survey ran from 2008/09 to 2010/11 and was then discontinued; no current practice-level equivalent is wired here.,DR. HALL & PARTNERS BT26 6AW
DR. ADAMS & PARTNERS,Z00228,BT28 1JP,"LAGANVIEW MEDICAL PRACTICE, LEVEL 2 LISBURN PCCC, LISBURN",,,,,,,,NORTHERN IRELAND,northern_ireland,ods_ni_gp_practice,RO315,NORTHERN IRELAND GP PRACTICE,RO315,https://directory.spineservices.nhs.uk/ORD/2-0-0/organisations/Z00228,2023-08-23,4460,opendatani_gp_practice_reference_file,https://admin.opendatani.gov.uk/dataset/3d1a6615-5fc9-4f0e-ab2a-d2b0d71fb9ed/resource/8578e0d4-47f6-4909-9ac4-32643a701e13/download/gp-practice-reference-file-january-2026.csv,2026-01,GP patient surveys,discontinued,historic_only,https://www.health-ni.gov.uk/articles/gp-patient-surveys,Northern Ireland GP patient survey ran from 2008/09 to 2010/11 and was then discontinued; no current practice-level equivalent is wired here.,DR. ADAMS & PARTNERS BT28 1JP
DR. ARCHBOLD & PARTNERS,Z00227,BT28 1JP,"LINENHALL MEDICAL PRACTICE, LISBURN PCCC, LAGAN VALLEY HOSPITAL, LISBURN",,,,,,,,NORTHERN IRELAND,northern_ireland,ods_ni_gp_practice,RO315,NORTHERN IRELAND GP PRACTICE,RO315,https://directory.spineservices.nhs.uk/ORD/2-0-0/organisations/Z00227,2024-05-20,12674,opendatani_gp_practice_reference_file,https://admin.opendatani.gov.uk/dataset/3d1a6615-5fc9-4f0e-ab2a-d2b0d71fb9ed/resource/8578e0d4-47f6-4909-9ac4-32643a701e13/download/gp-practice-reference-file-january-2026.csv,2026-01,GP patient surveys,discontinued,historic_only,https://www.health-ni.gov.uk/articles/gp-patient-surveys,Northern Ireland GP patient survey ran from 2008/09 to 2010/11 and was then discontinued; no current practice-level equivalent is wired here.,DR. ARCHBOLD & PARTNERS BT28 1JP
DR. CAIRNS & PARTNERS,Z00224,BT28 1JP,"GARVEY MEDICAL PRACTICE, LISBURN PCCC, LAGAN VALLEY HOSPITAL, LISBURN",,,,,,,,NORTHERN IRELAND,northern_ireland,ods_ni_gp_practice,RO315,NORTHERN IRELAND GP PRACTICE,RO315,https://directory.spineservices.nhs.uk/ORD/2-0-0/organisations/Z00224,2026-02-23,7953,opendatani_gp_practice_reference_file,https://admin.opendatani.gov.uk/dataset/3d1a6615-5fc9-4f0e-ab2a-d2b0d71fb9ed/resource/8578e0d4-47f6-4909-9ac4-32643a701e13/download/gp-practice-reference-file-january-2026.csv,2026-01,GP patient surveys,discontinued,historic_only,https://www.health-ni.gov.uk/articles/gp-patient-surveys,Northern Ireland GP patient survey ran from 2008/09 to 2010/11 and was then discontinued; no current practice-level equivalent is wired here.,DR. CAIRNS & PARTNERS BT28 1JP
DR. CUPPLES & PARTNERS,Z00223,BT28 1JP,"LISBURN CITY PRACTICE, LISBURN PCCC, LAGAN VALLEY HOSPITAL, LISBURN",,,,,,,,NORTHERN IRELAND,northern_ireland,ods_ni_gp_practice,RO315,NORTHERN IRELAND GP PRACTICE,RO315,https://directory.spineservices.nhs.uk/ORD/2-0-0/organisations/Z00223,2023-08-23,5937,opendatani_gp_practice_reference_file,https://admin.opendatani.gov.uk/dataset/3d1a6615-5fc9-4f0e-ab2a-d2b0d71fb9ed/resource/8578e0d4-47f6-4909-9ac4-32643a701e13/download/gp-practice-reference-file-january-2026.csv,2026-01,GP patient surveys,discontinued,historic_only,https://www.health-ni.gov.uk/articles/gp-patient-surveys,Northern Ireland GP patient survey ran from 2008/09 to 2010/11 and was then discontinued; no current practice-level equivalent is wired here.,DR. CUPPLES & PARTNERS BT28 1JP
DR. KNOX & PARTNERS,Z00231,BT28 1JP,"LEVEL 2 LISBURN PCCC, LAGAN VALLEY HOSPITAL, LISBURN",,,,,,,,NORTHERN IRELAND,northern_ireland,ods_ni_gp_practice,RO315,NORTHERN IRELAND GP PRACTICE,RO315,https://directory.spineservices.nhs.uk/ORD/2-0-0/organisations/Z00231,2025-11-17,9430,opendatani_gp_practice_reference_file,https://admin.opendatani.gov.uk/dataset/3d1a6615-5fc9-4f0e-ab2a-d2b0d71fb9ed/resource/8578e0d4-47f6-4909-9ac4-32643a701e13/download/gp-practice-reference-file-january-2026.csv,2026-01,GP patient surveys,discontinued,historic_only,https://www.health-ni.gov.uk/articles/gp-patient-surveys,Northern Ireland GP patient survey ran from 2008/09 to 2010/11 and was then discontinued; no current practice-level equivalent is wired here.,DR. KNOX & PARTNERS BT28 1JP
DR. RUDDELL & PARTNERS,Z00229,BT28 1JP,"DR RUDDELL & PARTNERS, LISBURN PCCC, LAGAN VALLEY HOSPITAL, LISBURN",,,,,,,,NORTHERN IRELAND,northern_ireland,ods_ni_gp_practice,RO315,NORTHERN IRELAND GP PRACTICE,RO315,https://directory.spineservices.nhs.uk/ORD/2-0-0/organisations/Z00229,2023-08-23,9448,opendatani_gp_practice_reference_file,https://admin.opendatani.gov.uk/dataset/3d1a6615-5fc9-4f0e-ab2a-d2b0d71fb9ed/resource/8578e0d4-47f6-4909-9ac4-32643a701e13/download/gp-practice-reference-file-january-2026.csv,2026-01,GP patient surveys,discontinued,historic_only,https://www.health-ni.gov.uk/articles/gp-patient-surveys,Northern Ireland GP patient survey ran from 2008/09 to 2010/11 and was then discontinued; no current practice-level equivalent is wired here.,DR. RUDDELL & PARTNERS BT28 1JP
DR. RYAN & PARTNERS,Z00230,BT28 1JP,"DR RYAN & PARTNERS, LISBURN PCCC, LAGAN VALLEY HOSPITAL, LISBURN",,,,,,,,NORTHERN IRELAND,northern_ireland,ods_ni_gp_practice,RO315,NORTHERN IRELAND GP PRACTICE,RO315,https://directory.spineservices.nhs.uk/ORD/2-0-0/organisations/Z00230,2023-08-23,5301,opendatani_gp_practice_reference_file,https://admin.opendatani.gov.uk/dataset/3d1a6615-5fc9-4f0e-ab2a-d2b0d71fb9ed/resource/8578e0d4-47f6-4909-9ac4-32643a701e13/download/gp-practice-reference-file-january-2026.csv,2026-01,GP patient surveys,discontinued,historic_only,https://www.health-ni.gov.uk/articles/gp-patient-surveys,Northern Ireland GP patient survey ran from 2008/09 to 2010/11 and was then discontinued; no current practice-level equivalent is wired here.,DR. RYAN & PARTNERS BT28 1JP
DR. BYRNE & PARTNERS,Z00303,BT29 4LA,"CRUMLIN MEDICAL PRACTICE, 1 GLENAVY ROAD, CRUMLIN",,,,,,,,NORTHERN IRELAND,northern_ireland,ods_ni_gp_practice,RO315,NORTHERN IRELAND GP PRACTICE,RO315,https://directory.spineservices.nhs.uk/ORD/2-0-0/organisations/Z00303,2023-08-21,8751,opendatani_gp_practice_reference_file,https://admin.opendatani.gov.uk/dataset/3d1a6615-5fc9-4f0e-ab2a-d2b0d71fb9ed/resource/8578e0d4-47f6-4909-9ac4-32643a701e13/download/gp-practice-reference-file-january-2026.csv,2026-01,GP patient surveys,discontinued,historic_only,https://www.health-ni.gov.uk/articles/gp-patient-surveys,Northern Ireland GP patient survey ran from 2008/09 to 2010/11 and was then discontinued; no current practice-level equivalent is wired here.,DR. BYRNE & PARTNERS BT29 4LA
DR. CHEUNG & PARTNERS,Z00233,BT29 4LN,"GLENAVY FAMILY PRACTICE, 47 MAIN STREET, CRUMLIN",,,,,,,,NORTHERN IRELAND,northern_ireland,ods_ni_gp_practice,RO315,NORTHERN IRELAND GP PRACTICE,RO315,https://directory.spineservices.nhs.uk/ORD/2-0-0/organisations/Z00233,2023-08-21,4621,opendatani_gp_practice_reference_file,https://admin.opendatani.gov.uk/dataset/3d1a6615-5fc9-4f0e-ab2a-d2b0d71fb9ed/resource/8578e0d4-47f6-4909-9ac4-32643a701e13/download/gp-practice-reference-file-january-2026.csv,2026-01,GP patient surveys,discontinued,historic_only,https://www.health-ni.gov.uk/articles/gp-patient-surveys,Northern Ireland GP patient survey ran from 2008/09 to 2010/11 and was then discontinued; no current practice-level equivalent is wired here.,DR. CHEUNG & PARTNERS BT29 4LN
DR. BOYLE & PARTNERS,Z00204,BT30 6BE,"THE GREEN SURGERY, 12 THE GREEN, DOWNPATRICK",,,,,,,,NORTHERN IRELAND,northern_ireland,ods_ni_gp_practice,RO315,NORTHERN IRELAND GP PRACTICE,RO315,https://directory.spineservices.nhs.uk/ORD/2-0-0/organisations/Z00204,2021-09-14,5250,opendatani_gp_practice_reference_file,https://admin.opendatani.gov.uk/dataset/3d1a6615-5fc9-4f0e-ab2a-d2b0d71fb9ed/resource/8578e0d4-47f6-4909-9ac4-32643a701e13/download/gp-practice-reference-file-january-2026.csv,2026-01,GP patient surveys,discontinued,historic_only,https://www.health-ni.gov.uk/articles/gp-patient-surveys,Northern Ireland GP patient survey ran from 2008/09 to 2010/11 and was then discontinued; no current practice-level equivalent is wired here.,DR. BOYLE & PARTNERS BT30 6BE
DR. CREANEY & PARTNERS,Z00207,BT30 6DE,"STREAM STREET SURGERY, 40 STREAM STREET, DOWNPATRICK",,,,,,,,NORTHERN IRELAND,northern_ireland,ods_ni_gp_practice,RO315,NORTHERN IRELAND GP PRACTICE,RO315,https://directory.spineservices.nhs.uk/ORD/2-0-0/organisations/Z00207,2025-08-18,5159,opendatani_gp_practice_reference_file,https://admin.opendatani.gov.uk/dataset/3d1a6615-5fc9-4f0e-ab2a-d2b0d71fb9ed/resource/8578e0d4-47f6-4909-9ac4-32643a701e13/download/gp-practice-reference-file-january-2026.csv,2026-01,GP patient surveys,discontinued,historic_only,https://www.health-ni.gov.uk/articles/gp-patient-surveys,Northern Ireland GP patient survey ran from 2008/09 to 2010/11 and was then discontinued; no current practice-level equivalent is wired here.,DR. CREANEY & PARTNERS BT30 6DE
DR. SHEVLIN & PARTNERS,Z00206,BT30 6JA,"DOWN HC 1ST FLOOR, GP & PRIMARY CARE CENTRE, DOWNPATRICK",,,,,,,,NORTHERN IRELAND,northern_ireland,ods_ni_gp_practice,RO315,NORTHERN IRELAND GP PRACTICE,RO315,https://directory.spineservices.nhs.uk/ORD/2-0-0/organisations/Z00206,2022-02-28,5635,opendatani_gp_practice_reference_file,https://admin.opendatani.gov.uk/dataset/3d1a6615-5fc9-4f0e-ab2a-d2b0d71fb9ed/resource/8578e0d4-47f6-4909-9ac4-32643a701e13/download/gp-practice-reference-file-january-2026.csv,2026-01,GP patient surveys,discontinued,historic_only,https://www.health-ni.gov.uk/articles/gp-patient-surveys,Northern Ireland GP patient survey ran from 2008/09 to 2010/11 and was then discontinued; no current practice-level equivalent is wired here.,DR. SHEVLIN & PARTNERS BT30 6JA
DR. SMALL & PARTNERS,Z00202,BT30 6JA,"STRUELL SURGERY, 2 STRUELL WELLS ROAD, DOWNPATRICK",,,,,,,,NORTHERN IRELAND,northern_ireland,ods_ni_gp_practice,RO315,NORTHERN IRELAND GP PRACTICE,RO315,https://directory.spineservices.nhs.uk/ORD/2-0-0/organisations/Z00202,2022-05-17,4220,opendatani_gp_practice_reference_file,https://admin.opendatani.gov.uk/dataset/3d1a6615-5fc9-4f0e-ab2a-d2b0d71fb9ed/resource/8578e0d4-47f6-4909-9ac4-32643a701e13/download/gp-practice-reference-file-january-2026.csv,2026-01,GP patient surveys,discontinued,historic_only,https://www.health-ni.gov.uk/articles/gp-patient-surveys,Northern Ireland GP patient survey ran from 2008/09 to 2010/11 and was then discontinued; no current practice-level equivalent is wired here.,DR. SMALL & PARTNERS BT30 6JA
DR. MCMINN & PARTNERS,Z00196,BT30 7SF,"ARDGLASS SURGERY, THE HEALTH CENTRE, DOWNPATRICK",,,,,,,,NORTHERN IRELAND,northern_ireland,ods_ni_gp_practice,RO315,NORTHERN IRELAND GP PRACTICE,RO315,https://directory.spineservices.nhs.uk/ORD/2-0-0/organisations/Z00196,2025-08-18,3424,opendatani_gp_practice_reference_file,https://admin.opendatani.gov.uk/dataset/3d1a6615-5fc9-4f0e-ab2a-d2b0d71fb9ed/resource/8578e0d4-47f6-4909-9ac4-32643a701e13/download/gp-practice-reference-file-january-2026.csv,2026-01,GP patient surveys,discontinued,historic_only,https://www.health-ni.gov.uk/articles/gp-patient-surveys,Northern Ireland GP patient survey ran from 2008/09 to 2010/11 and was then discontinued; no current practice-level equivalent is wired here.,DR. MCMINN & PARTNERS BT30 7SF
DR. GREER & PARTNERS,Z00193,BT30 8RD,"DUNDRUM AND CLOUGH SURGERY, 1 CASTLEWELLAN ROAD, DOWNPATRICK",,,,,,,,NORTHERN IRELAND,northern_ireland,ods_ni_gp_practice,RO315,NORTHERN IRELAND GP PRACTICE,RO315,https://directory.spineservices.nhs.uk/ORD/2-0-0/organisations/Z00193,2021-09-15,12019,opendatani_gp_practice_reference_file,https://admin.opendatani.gov.uk/dataset/3d1a6615-5fc9-4f0e-ab2a-d2b0d71fb9ed/resource/8578e0d4-47f6-4909-9ac4-32643a701e13/download/gp-practice-reference-file-january-2026.csv,2026-01,GP patient surveys,discontinued,historic_only,https://www.health-ni.gov.uk/articles/gp-patient-surveys,Northern Ireland GP patient survey ran from 2008/09 to 2010/11 and was then discontinued; no current practice-level equivalent is wired here.,DR. GREER & PARTNERS BT30 8RD
DR. TRAINOR & PARTNERS,Z00205,BT30 9JU,"CROSSGAR SURGERY, JAMES STREET, DOWNPATRICK",,,,,,,,NORTHERN IRELAND,northern_ireland,ods_ni_gp_practice,RO315,NORTHERN IRELAND GP PRACTICE,RO315,https://directory.spineservices.nhs.uk/ORD/2-0-0/organisations/Z00205,2021-09-14,4334,opendatani_gp_practice_reference_file,https://admin.opendatani.gov.uk/dataset/3d1a6615-5fc9-4f0e-ab2a-d2b0d71fb9ed/resource/8578e0d4-47f6-4909-9ac4-32643a701e13/download/gp-practice-reference-file-january-2026.csv,2026-01,GP patient surveys,discontinued,historic_only,https://www.health-ni.gov.uk/articles/gp-patient-surveys,Northern Ireland GP patient survey ran from 2008/09 to 2010/11 and was then discontinued; no current practice-level equivalent is wired here.,DR. TRAINOR & PARTNERS BT30 9JU
DR. MCGILL & PARTNERS,Z00192,BT30 9RG,"KILLYLEAGH SURGERY, 14 DOWNPATRICK ROAD, DOWNPATRICK",,,,,,,,NORTHERN IRELAND,northern_ireland,ods_ni_gp_practice,RO315,NORTHERN IRELAND GP PRACTICE,RO315,https://directory.spineservices.nhs.uk/ORD/2-0-0/organisations/Z00192,2021-09-15,4730,opendatani_gp_practice_reference_file,https://admin.opendatani.gov.uk/dataset/3d1a6615-5fc9-4f0e-ab2a-d2b0d71fb9ed/resource/8578e0d4-47f6-4909-9ac4-32643a701e13/download/gp-practice-reference-file-january-2026.csv,2026-01,GP patient surveys,discontinued,historic_only,https://www.health-ni.gov.uk/articles/gp-patient-surveys,Northern Ireland GP patient survey ran from 2008/09 to 2010/11 and was then discontinued; no current practice-level equivalent is wired here.,DR. MCGILL & PARTNERS BT30 9RG
DR. LUTTON & PARTNER,Z00476,BT31 9TU,"BALLYWARD SURGERY, 32 STATION ROAD, CASTLEWELLAN",,,,,,,,NORTHERN IRELAND,northern_ireland,ods_ni_gp_practice,RO315,NORTHERN IRELAND GP PRACTICE,RO315,https://directory.spineservices.nhs.uk/ORD/2-0-0/organisations/Z00476,2024-02-19,2812,opendatani_gp_practice_reference_file,https://admin.opendatani.gov.uk/dataset/3d1a6615-5fc9-4f0e-ab2a-d2b0d71fb9ed/resource/8578e0d4-47f6-4909-9ac4-32643a701e13/download/gp-practice-reference-file-january-2026.csv,2026-01,GP patient surveys,discontinued,historic_only,https://www.health-ni.gov.uk/articles/gp-patient-surveys,Northern Ireland GP patient survey ran from 2008/09 to 2010/11 and was then discontinued; no current practice-level equivalent is wired here.,DR. LUTTON & PARTNER BT31 9TU
DR. AULD & PARTNERS,Z00469,BT32 3GN,"BANBRIDGE GROUP SURGERY, 1 OLD HOSPITAL ROAD, BANBRIDGE",,,,,,,,NORTHERN IRELAND,northern_ireland,ods_ni_gp_practice,RO315,NORTHERN IRELAND GP PRACTICE,RO315,https://directory.spineservices.nhs.uk/ORD/2-0-0/organisations/Z00469,2022-08-23,9268,opendatani_gp_practice_reference_file,https://admin.opendatani.gov.uk/dataset/3d1a6615-5fc9-4f0e-ab2a-d2b0d71fb9ed/resource/8578e0d4-47f6-4909-9ac4-32643a701e13/download/gp-practice-reference-file-january-2026.csv,2026-01,GP patient surveys,discontinued,historic_only,https://www.health-ni.gov.uk/articles/gp-patient-surveys,Northern Ireland GP patient survey ran from 2008/09 to 2010/11 and was then discontinued; no current practice-level equivalent is wired here.,DR. AULD & PARTNERS BT32 3GN
DR. DILLON & PARTNERS,Z00471,BT32 3GN,"BANBRIDGE GROUP SURGERY, 1 OLD HOSPITAL ROAD, BANBRIDGE",,,,,,,,NORTHERN IRELAND,northern_ireland,ods_ni_gp_practice,RO315,NORTHERN IRELAND GP PRACTICE,RO315,https://directory.spineservices.nhs.uk/ORD/2-0-0/organisations/Z00471,2025-05-16,8526,opendatani_gp_practice_reference_file,https://admin.opendatani.gov.uk/dataset/3d1a6615-5fc9-4f0e-ab2a-d2b0d71fb9ed/resource/8578e0d4-47f6-4909-9ac4-32643a701e13/download/gp-practice-reference-file-january-2026.csv,2026-01,GP patient surveys,discontinued,historic_only,https://www.health-ni.gov.uk/articles/gp-patient-surveys,Northern Ireland GP patient survey ran from 2008/09 to 2010/11 and was then discontinued; no current practice-level equivalent is wired here.,DR. DILLON & PARTNERS BT32 3GN
DR. MCCLOSKEY & PARTNERS,Z00453,BT32 3GN,"BANBRIDGE GROUP SURGERY, 1 OLD HOSPITAL ROAD, BANBRIDGE",,,,,,,,NORTHERN IRELAND,northern_ireland,ods_ni_gp_practice,RO315,NORTHERN IRELAND GP PRACTICE,RO315,https://directory.spineservices.nhs.uk/ORD/2-0-0/organisations/Z00453,2021-09-15,4813,opendatani_gp_practice_reference_file,https://admin.opendatani.gov.uk/dataset/3d1a6615-5fc9-4f0e-ab2a-d2b0d71fb9ed/resource/8578e0d4-47f6-4909-9ac4-32643a701e13/download/gp-practice-reference-file-january-2026.csv,2026-01,GP patient surveys,discontinued,historic_only,https://www.health-ni.gov.uk/articles/gp-patient-surveys,Northern Ireland GP patient survey ran from 2008/09 to 2010/11 and was then discontinued; no current practice-level equivalent is wired here.,DR. MCCLOSKEY & PARTNERS BT32 3GN
DR. MULLAN & PARTNERS,Z00472,BT32 3NH,"SCARVA STREET SURGERY, 60 SCARVA STREET, BANBRIDGE",,,,,,,,NORTHERN IRELAND,northern_ireland,ods_ni_gp_practice,RO315,NORTHERN IRELAND GP PRACTICE,RO315,https://directory.spineservices.nhs.uk/ORD/2-0-0/organisations/Z00472,2023-08-21,3403,opendatani_gp_practice_reference_file,https://admin.opendatani.gov.uk/dataset/3d1a6615-5fc9-4f0e-ab2a-d2b0d71fb9ed/resource/8578e0d4-47f6-4909-9ac4-32643a701e13/download/gp-practice-reference-file-january-2026.csv,2026-01,GP patient surveys,discontinued,historic_only,https://www.health-ni.gov.uk/articles/gp-patient-surveys,Northern Ireland GP patient survey ran from 2008/09 to 2010/11 and was then discontinued; no current practice-level equivalent is wired here.,DR. MULLAN & PARTNERS BT32 3NH
DR. CUPPLES & PARTNERS,Z00454,BT32 3NQ,"LOUGHBRICKLAND SURGERY, 11 MAIN STREET, BANBRIDGE",,,,,,,,NORTHERN IRELAND,northern_ireland,ods_ni_gp_practice,RO315,NORTHERN IRELAND GP PRACTICE,RO315,https://directory.spineservices.nhs.uk/ORD/2-0-0/organisations/Z00454,2023-08-23,8386,opendatani_gp_practice_reference_file,https://admin.opendatani.gov.uk/dataset/3d1a6615-5fc9-4f0e-ab2a-d2b0d71fb9ed/resource/8578e0d4-47f6-4909-9ac4-32643a701e13/download/gp-practice-reference-file-january-2026.csv,2026-01,GP patient surveys,discontinued,historic_only,https://www.health-ni.gov.uk/articles/gp-patient-surveys,Northern Ireland GP patient survey ran from 2008/09 to 2010/11 and was then discontinued; no current practice-level equivalent is wired here.,DR. CUPPLES & PARTNERS BT32 3NQ
DR. LEGGETT & PARTNERS,Z00201,BT33 0AE,"DONARD FAMILY PRACTICE, 56 MAIN STREET, NEWCASTLE",,,,,,,,NORTHERN IRELAND,northern_ireland,ods_ni_gp_practice,RO315,NORTHERN IRELAND GP PRACTICE,RO315,https://directory.spineservices.nhs.uk/ORD/2-0-0/organisations/Z00201,2021-09-14,11831,opendatani_gp_practice_reference_file,https://admin.opendatani.gov.uk/dataset/3d1a6615-5fc9-4f0e-ab2a-d2b0d71fb9ed/resource/8578e0d4-47f6-4909-9ac4-32643a701e13/download/gp-practice-reference-file-january-2026.csv,2026-01,GP patient surveys,discontinued,historic_only,https://www.health-ni.gov.uk/articles/gp-patient-surveys,Northern Ireland GP patient survey ran from 2008/09 to 2010/11 and was then discontinued; no current practice-level equivalent is wired here.,DR. LEGGETT & PARTNERS BT33 0AE
DR. GILPIN & PARTNER,Z00195,BT33 0DN,"DR GILPIN'S SURGERY, CAUSEWAY SURGERY, NEWCASTLE",,,,,,,,NORTHERN IRELAND,northern_ireland,ods_ni_gp_practice,RO315,NORTHERN IRELAND GP PRACTICE,RO315,https://directory.spineservices.nhs.uk/ORD/2-0-0/organisations/Z00195,2021-11-17,1976,opendatani_gp_practice_reference_file,https://admin.opendatani.gov.uk/dataset/3d1a6615-5fc9-4f0e-ab2a-d2b0d71fb9ed/resource/8578e0d4-47f6-4909-9ac4-32643a701e13/download/gp-practice-reference-file-january-2026.csv,2026-01,GP patient surveys,discontinued,historic_only,https://www.health-ni.gov.uk/articles/gp-patient-surveys,Northern Ireland GP patient survey ran from 2008/09 to 2010/11 and was then discontinued; no current practice-level equivalent is wired here.,DR. GILPIN & PARTNER BT33 0DN
DR. HYLAND & PARTNER,Z00194,BT33 0DN,"CAUSEWAY SURGERY, CAUSEWAY PLACE, NEWCASTLE",,,,,,,,NORTHERN IRELAND,northern_ireland,ods_ni_gp_practice,RO315,NORTHERN IRELAND GP PRACTICE,RO315,https://directory.spineservices.nhs.uk/ORD/2-0-0/organisations/Z00194,2022-02-28,2373,opendatani_gp_practice_reference_file,https://admin.opendatani.gov.uk/dataset/3d1a6615-5fc9-4f0e-ab2a-d2b0d71fb9ed/resource/8578e0d4-47f6-4909-9ac4-32643a701e13/download/gp-practice-reference-file-january-2026.csv,2026-01,GP patient surveys,discontinued,historic_only,https://www.health-ni.gov.uk/articles/gp-patient-surveys,Northern Ireland GP patient survey ran from 2008/09 to 2010/11 and was then discontinued; no current practice-level equivalent is wired here.,DR. HYLAND & PARTNER BT33 0DN
DR. BINGHAM & PARTNERS,Z00536,BT34 3HS,"SUMMER HILL SURGERY, WARRENPOINT HEALTH CENTRE, NEWRY",,,,,,,,NORTHERN IRELAND,northern_ireland,ods_ni_gp_practice,RO315,NORTHERN IRELAND GP PRACTICE,RO315,https://directory.spineservices.nhs.uk/ORD/2-0-0/organisations/Z00536,2021-09-20,8572,opendatani_gp_practice_reference_file,https://admin.opendatani.gov.uk/dataset/3d1a6615-5fc9-4f0e-ab2a-d2b0d71fb9ed/resource/8578e0d4-47f6-4909-9ac4-32643a701e13/download/gp-practice-reference-file-january-2026.csv,2026-01,GP patient surveys,discontinued,historic_only,https://www.health-ni.gov.uk/articles/gp-patient-surveys,Northern Ireland GP patient survey ran from 2008/09 to 2010/11 and was then discontinued; no current practice-level equivalent is wired here.,DR. BINGHAM & PARTNERS BT34 3HS
DR. MURDOCK & PARTNERS,Z00543,BT34 3JD,"THE HEALTH CENTRE, SUMMERHILL, NEWRY",,,,,,,,NORTHERN IRELAND,northern_ireland,ods_ni_gp_practice,RO315,NORTHERN IRELAND GP PRACTICE,RO315,https://directory.spineservices.nhs.uk/ORD/2-0-0/organisations/Z00543,2024-11-15,5168,opendatani_gp_practice_reference_file,https://admin.opendatani.gov.uk/dataset/3d1a6615-5fc9-4f0e-ab2a-d2b0d71fb9ed/resource/8578e0d4-47f6-4909-9ac4-32643a701e13/download/gp-practice-reference-file-january-2026.csv,2026-01,GP patient surveys,discontinued,historic_only,https://www.health-ni.gov.uk/articles/gp-patient-surveys,Northern Ireland GP patient survey ran from 2008/09 to 2010/11 and was then discontinued; no current practice-level equivalent is wired here.,DR. MURDOCK & PARTNERS BT34 3JD
DR. BONNER & PARTNER,Z00553,BT34 3NE,"MARINA SURGERY, 15 HAVELOCK PLACE, NEWRY",,,,,,,,NORTHERN IRELAND,northern_ireland,ods_ni_gp_practice,RO315,NORTHERN IRELAND GP PRACTICE,RO315,https://directory.spineservices.nhs.uk/ORD/2-0-0/organisations/Z00553,2021-09-20,2377,opendatani_gp_practice_reference_file,https://admin.opendatani.gov.uk/dataset/3d1a6615-5fc9-4f0e-ab2a-d2b0d71fb9ed/resource/8578e0d4-47f6-4909-9ac4-32643a701e13/download/gp-practice-reference-file-january-2026.csv,2026-01,GP patient surveys,discontinued,historic_only,https://www.health-ni.gov.uk/articles/gp-patient-surveys,Northern Ireland GP patient survey ran from 2008/09 to 2010/11 and was then discontinued; no current practice-level equivalent is wired here.,DR. BONNER & PARTNER BT34 3NE
SHSCT KILKEEL MEDICAL PRACTICE,Z00532,BT34 4BH,"GREENCASTLE STREET, KILKEEL, NEWRY",,,,,,,,NORTHERN IRELAND,northern_ireland,ods_ni_gp_practice,RO315,NORTHERN IRELAND GP PRACTICE,RO315,https://directory.spineservices.nhs.uk/ORD/2-0-0/organisations/Z00532,2025-02-24,8012,opendatani_gp_practice_reference_file,https://admin.opendatani.gov.uk/dataset/3d1a6615-5fc9-4f0e-ab2a-d2b0d71fb9ed/resource/8578e0d4-47f6-4909-9ac4-32643a701e13/download/gp-practice-reference-file-january-2026.csv,2026-01,GP patient surveys,discontinued,historic_only,https://www.health-ni.gov.uk/articles/gp-patient-surveys,Northern Ireland GP patient survey ran from 2008/09 to 2010/11 and was then discontinued; no current practice-level equivalent is wired here.,SHSCT KILKEEL MEDICAL PRACTICE BT34 4BH
DR. O'LOUGHLIN & PARTNERS,Z00554,BT34 4DN,"MOURNE FAMILY SURGERY, MOURNE HOSPITAL, NEWRY STREET, NEWRY",,,,,,,,NORTHERN IRELAND,northern_ireland,ods_ni_gp_practice,RO315,NORTHERN IRELAND GP PRACTICE,RO315,https://directory.spineservices.nhs.uk/ORD/2-0-0/organisations/Z00554,2025-11-14,5986,opendatani_gp_practice_reference_file,https://admin.opendatani.gov.uk/dataset/3d1a6615-5fc9-4f0e-ab2a-d2b0d71fb9ed/resource/8578e0d4-47f6-4909-9ac4-32643a701e13/download/gp-practice-reference-file-january-2026.csv,2026-01,GP patient surveys,discontinued,historic_only,https://www.health-ni.gov.uk/articles/gp-patient-surveys,Northern Ireland GP patient survey ran from 2008/09 to 2010/11 and was then discontinued; no current practice-level equivalent is wired here.,DR. O'LOUGHLIN & PARTNERS BT34 4DN
DR. KEOWN & PARTNERS,Z00531,BT34 4TH,"THE OLD FORGE SURGERY, 14 KILKEEL ROAD, NEWRY",,,,,,,,NORTHERN IRELAND,northern_ireland,ods_ni_gp_practice,RO315,NORTHERN IRELAND GP PRACTICE,RO315,https://directory.spineservices.nhs.uk/ORD/2-0-0/organisations/Z00531,2023-08-21,4419,opendatani_gp_practice_reference_file,https://admin.opendatani.gov.uk/dataset/3d1a6615-5fc9-4f0e-ab2a-d2b0d71fb9ed/resource/8578e0d4-47f6-4909-9ac4-32643a701e13/download/gp-practice-reference-file-january-2026.csv,2026-01,GP patient surveys,discontinued,historic_only,https://www.health-ni.gov.uk/articles/gp-patient-surveys,Northern Ireland GP patient survey ran from 2008/09 to 2010/11 and was then discontinued; no current practice-level equivalent is wired here.,DR. KEOWN & PARTNERS BT34 4TH
DR. GROVES & PARTNER,Z00547,BT34 5QH,"RATHFRILAND HEALTH CENTRE, JOHN STREET, NEWRY",,,,,,,,NORTHERN IRELAND,northern_ireland,ods_ni_gp_practice,RO315,NORTHERN IRELAND GP PRACTICE,RO315,https://directory.spineservices.nhs.uk/ORD/2-0-0/organisations/Z00547,2025-11-17,3795,opendatani_gp_practice_reference_file,https://admin.opendatani.gov.uk/dataset/3d1a6615-5fc9-4f0e-ab2a-d2b0d71fb9ed/resource/8578e0d4-47f6-4909-9ac4-32643a701e13/download/gp-practice-reference-file-january-2026.csv,2026-01,GP patient surveys,discontinued,historic_only,https://www.health-ni.gov.uk/articles/gp-patient-surveys,Northern Ireland GP patient survey ran from 2008/09 to 2010/11 and was then discontinued; no current practice-level equivalent is wired here.,DR. GROVES & PARTNER BT34 5QH
DR. MEGAW & PARTNER,Z00530,BT34 5QH,"RATHFRILAND HEALTH CENTRE, JOHN STREET, NEWRY",,,,,,,,NORTHERN IRELAND,northern_ireland,ods_ni_gp_practice,RO315,NORTHERN IRELAND GP PRACTICE,RO315,https://directory.spineservices.nhs.uk/ORD/2-0-0/organisations/Z00530,2022-03-01,3311,opendatani_gp_practice_reference_file,https://admin.opendatani.gov.uk/dataset/3d1a6615-5fc9-4f0e-ab2a-d2b0d71fb9ed/resource/8578e0d4-47f6-4909-9ac4-32643a701e13/download/gp-practice-reference-file-january-2026.csv,2026-01,GP patient surveys,discontinued,historic_only,https://www.health-ni.gov.uk/articles/gp-patient-surveys,Northern Ireland GP patient survey ran from 2008/09 to 2010/11 and was then discontinued; no current practice-level equivalent is wired here.,DR. MEGAW & PARTNER BT34 5QH
DR. WADE & PARTNERS,Z00535,BT34 5QH,"RATHFRILAND HEALTH CENTRE, JOHN STREET, NEWRY",,,,,,,,NORTHERN IRELAND,northern_ireland,ods_ni_gp_practice,RO315,NORTHERN IRELAND GP PRACTICE,RO315,https://directory.spineservices.nhs.uk/ORD/2-0-0/organisations/Z00535,2022-03-01,4604,opendatani_gp_practice_reference_file,https://admin.opendatani.gov.uk/dataset/3d1a6615-5fc9-4f0e-ab2a-d2b0d71fb9ed/resource/8578e0d4-47f6-4909-9ac4-32643a701e13/download/gp-practice-reference-file-january-2026.csv,2026-01,GP patient surveys,discontinued,historic_only,https://www.health-ni.gov.uk/articles/gp-patient-surveys,Northern Ireland GP patient survey ran from 2008/09 to 2010/11 and was then discontinued; no current practice-level equivalent is wired here.,DR. WADE & PARTNERS BT34 5QH
DR. QUINN & PARTNERS,Z00549,BT35 0BE,"NEWTOWNHAMILTON HEALTH CENTRE, 2A MARKETHILL ROAD, NEWRY",,,,,,,,NORTHERN IRELAND,northern_ireland,ods_ni_gp_practice,RO315,NORTHERN IRELAND GP PRACTICE,RO315,https://directory.spineservices.nhs.uk/ORD/2-0-0/organisations/Z00549,2023-11-17,4523,opendatani_gp_practice_reference_file,https://admin.opendatani.gov.uk/dataset/3d1a6615-5fc9-4f0e-ab2a-d2b0d71fb9ed/resource/8578e0d4-47f6-4909-9ac4-32643a701e13/download/gp-practice-reference-file-january-2026.csv,2026-01,GP patient surveys,discontinued,historic_only,https://www.health-ni.gov.uk/articles/gp-patient-surveys,Northern Ireland GP patient survey ran from 2008/09 to 2010/11 and was then discontinued; no current practice-level equivalent is wired here.,DR. QUINN & PARTNERS BT35 0BE
DR. LARKIN & PARTNER,Z00542,BT35 0PB,"NEWTOWNHAMILTON SURGERY, 53 DUNDALK STREET, NEWRY",,,,,,,,NORTHERN IRELAND,northern_ireland,ods_ni_gp_practice,RO315,NORTHERN IRELAND GP PRACTICE,RO315,https://directory.spineservices.nhs.uk/ORD/2-0-0/organisations/Z00542,2024-05-20,4341,opendatani_gp_practice_reference_file,https://admin.opendatani.gov.uk/dataset/3d1a6615-5fc9-4f0e-ab2a-d2b0d71fb9ed/resource/8578e0d4-47f6-4909-9ac4-32643a701e13/download/gp-practice-reference-file-january-2026.csv,2026-01,GP patient surveys,discontinued,historic_only,https://www.health-ni.gov.uk/articles/gp-patient-surveys,Northern Ireland GP patient survey ran from 2008/09 to 2010/11 and was then discontinued; no current practice-level equivalent is wired here.,DR. LARKIN & PARTNER BT35 0PB
DR. BRANNIGAN & PARTNER,Z00539,BT35 6BW,"CLANRYE SURGERY, NEWRY HEALTH VILLAGE, NEWRY",,,,,,,,NORTHERN IRELAND,northern_ireland,ods_ni_gp_practice,RO315,NORTHERN IRELAND GP PRACTICE,RO315,https://directory.spineservices.nhs.uk/ORD/2-0-0/organisations/Z00539,2024-11-15,4241,opendatani_gp_practice_reference_file,https://admin.opendatani.gov.uk/dataset/3d1a6615-5fc9-4f0e-ab2a-d2b0d71fb9ed/resource/8578e0d4-47f6-4909-9ac4-32643a701e13/download/gp-practice-reference-file-january-2026.csv,2026-01,GP patient surveys,discontinued,historic_only,https://www.health-ni.gov.uk/articles/gp-patient-surveys,Northern Ireland GP patient survey ran from 2008/09 to 2010/11 and was then discontinued; no current practice-level equivalent is wired here.,DR. BRANNIGAN & PARTNER BT35 6BW
DR. FLOOD & PARTNERS,Z00529,BT35 6BW,"CORNMARKET SURGERY, NEWRY HEALTH VILLAGE, NEWRY",,,,,,,,NORTHERN IRELAND,northern_ireland,ods_ni_gp_practice,RO315,NORTHERN IRELAND GP PRACTICE,RO315,https://directory.spineservices.nhs.uk/ORD/2-0-0/organisations/Z00529,2022-03-01,7172,opendatani_gp_practice_reference_file,https://admin.opendatani.gov.uk/dataset/3d1a6615-5fc9-4f0e-ab2a-d2b0d71fb9ed/resource/8578e0d4-47f6-4909-9ac4-32643a701e13/download/gp-practice-reference-file-january-2026.csv,2026-01,GP patient surveys,discontinued,historic_only,https://www.health-ni.gov.uk/articles/gp-patient-surveys,Northern Ireland GP patient survey ran from 2008/09 to 2010/11 and was then discontinued; no current practice-level equivalent is wired here.,DR. FLOOD & PARTNERS BT35 6BW
DR. KING & PARTNERS,Z00534,BT35 6BW,"CLANRYE SURGERY, NEWRY HEALTH VILLAGE, NEWRY",,,,,,,,NORTHERN IRELAND,northern_ireland,ods_ni_gp_practice,RO315,NORTHERN IRELAND GP PRACTICE,RO315,https://directory.spineservices.nhs.uk/ORD/2-0-0/organisations/Z00534,2021-09-20,9244,opendatani_gp_practice_reference_file,https://admin.opendatani.gov.uk/dataset/3d1a6615-5fc9-4f0e-ab2a-d2b0d71fb9ed/resource/8578e0d4-47f6-4909-9ac4-32643a701e13/download/gp-practice-reference-file-january-2026.csv,2026-01,GP patient surveys,discontinued,historic_only,https://www.health-ni.gov.uk/articles/gp-patient-surveys,Northern Ireland GP patient survey ran from 2008/09 to 2010/11 and was then discontinued; no current practice-level equivalent is wired here.,DR. KING & PARTNERS BT35 6BW
DR. MAGENNIS & PARTNERS,Z00526,BT35 6BW,"CORNMARKET SURGERY, NEWRY HEALTH VILLAGE, NEWRY",,,,,,,,NORTHERN IRELAND,northern_ireland,ods_ni_gp_practice,RO315,NORTHERN IRELAND GP PRACTICE,RO315,https://directory.spineservices.nhs.uk/ORD/2-0-0/organisations/Z00526,2023-02-21,5062,opendatani_gp_practice_reference_file,https://admin.opendatani.gov.uk/dataset/3d1a6615-5fc9-4f0e-ab2a-d2b0d71fb9ed/resource/8578e0d4-47f6-4909-9ac4-32643a701e13/download/gp-practice-reference-file-january-2026.csv,2026-01,GP patient surveys,discontinued,historic_only,https://www.health-ni.gov.uk/articles/gp-patient-surveys,Northern Ireland GP patient survey ran from 2008/09 to 2010/11 and was then discontinued; no current practice-level equivalent is wired here.,DR. MAGENNIS & PARTNERS BT35 6BW
DR. MCKINLEY & PARTNERS,Z00544,BT35 6BW,"CORNMARKET SURGERY, NEWRY HEALTH VILLAGE, NEWRY",,,,,,,,NORTHERN IRELAND,northern_ireland,ods_ni_gp_practice,RO315,NORTHERN IRELAND GP PRACTICE,RO315,https://directory.spineservices.nhs.uk/ORD/2-0-0/organisations/Z00544,2022-03-01,7615,opendatani_gp_practice_reference_file,https://admin.opendatani.gov.uk/dataset/3d1a6615-5fc9-4f0e-ab2a-d2b0d71fb9ed/resource/8578e0d4-47f6-4909-9ac4-32643a701e13/download/gp-practice-reference-file-january-2026.csv,2026-01,GP patient surveys,discontinued,historic_only,https://www.health-ni.gov.uk/articles/gp-patient-surveys,Northern Ireland GP patient survey ran from 2008/09 to 2010/11 and was then discontinued; no current practice-level equivalent is wired here.,DR. MCKINLEY & PARTNERS BT35 6BW
DR. MCVERRY & PARTNERS,Z00537,BT35 6BW,"MCVERRY/MCEVOY MEDICAL CENTRE, NEWRY HEALTH VILLAGE, NEWRY",,,,,,,,NORTHERN IRELAND,northern_ireland,ods_ni_gp_practice,RO315,NORTHERN IRELAND GP PRACTICE,RO315,https://directory.spineservices.nhs.uk/ORD/2-0-0/organisations/Z00537,2021-09-21,9250,opendatani_gp_practice_reference_file,https://admin.opendatani.gov.uk/dataset/3d1a6615-5fc9-4f0e-ab2a-d2b0d71fb9ed/resource/8578e0d4-47f6-4909-9ac4-32643a701e13/download/gp-practice-reference-file-january-2026.csv,2026-01,GP patient surveys,discontinued,historic_only,https://www.health-ni.gov.uk/articles/gp-patient-surveys,Northern Ireland GP patient survey ran from 2008/09 to 2010/11 and was then discontinued; no current practice-level equivalent is wired here.,DR. MCVERRY & PARTNERS BT35 6BW
DR. TORNEY & PARTNERS,Z00540,BT35 6BW,"MEADOWLANDS SURGERY, MONAGHAN STREET, NEWRY",,,,,,,,NORTHERN IRELAND,northern_ireland,ods_ni_gp_practice,RO315,NORTHERN IRELAND GP PRACTICE,RO315,https://directory.spineservices.nhs.uk/ORD/2-0-0/organisations/Z00540,2022-08-22,7479,opendatani_gp_practice_reference_file,https://admin.opendatani.gov.uk/dataset/3d1a6615-5fc9-4f0e-ab2a-d2b0d71fb9ed/resource/8578e0d4-47f6-4909-9ac4-32643a701e13/download/gp-practice-reference-file-january-2026.csv,2026-01,GP patient surveys,discontinued,historic_only,https://www.health-ni.gov.uk/articles/gp-patient-surveys,Northern Ireland GP patient survey ran from 2008/09 to 2010/11 and was then discontinued; no current practice-level equivalent is wired here.,DR. TORNEY & PARTNERS BT35 6BW
DR. MCKERNAN & PARTNERS,Z00546,BT35 7AW,"BESSBROOK SURGERY, 12 CONVENT HILL, NEWRY",,,,,,,,NORTHERN IRELAND,northern_ireland,ods_ni_gp_practice,RO315,NORTHERN IRELAND GP PRACTICE,RO315,https://directory.spineservices.nhs.uk/ORD/2-0-0/organisations/Z00546,2024-05-20,2679,opendatani_gp_practice_reference_file,https://admin.opendatani.gov.uk/dataset/3d1a6615-5fc9-4f0e-ab2a-d2b0d71fb9ed/resource/8578e0d4-47f6-4909-9ac4-32643a701e13/download/gp-practice-reference-file-january-2026.csv,2026-01,GP patient surveys,discontinued,historic_only,https://www.health-ni.gov.uk/articles/gp-patient-surveys,Northern Ireland GP patient survey ran from 2008/09 to 2010/11 and was then discontinued; no current practice-level equivalent is wired here.,DR. MCKERNAN & PARTNERS BT35 7AW
DR. VETTIANKAL,Z00533,BT35 8JT,"MEIGH SURGERY, 5B DRUMINTEE ROAD, NEWRY",,,,,,,,NORTHERN IRELAND,northern_ireland,ods_ni_gp_practice,RO315,NORTHERN IRELAND GP PRACTICE,RO315,https://directory.spineservices.nhs.uk/ORD/2-0-0/organisations/Z00533,2021-09-20,3472,opendatani_gp_practice_reference_file,https://admin.opendatani.gov.uk/dataset/3d1a6615-5fc9-4f0e-ab2a-d2b0d71fb9ed/resource/8578e0d4-47f6-4909-9ac4-32643a701e13/download/gp-practice-reference-file-january-2026.csv,2026-01,GP patient surveys,discontinued,historic_only,https://www.health-ni.gov.uk/articles/gp-patient-surveys,Northern Ireland GP patient survey ran from 2008/09 to 2010/11 and was then discontinued; no current practice-level equivalent is wired here.,DR. VETTIANKAL BT35 8JT
DR. FEE & PARTNERS,Z00528,BT35 9HD,"THE HEALTH CENTRE, MCCORMICK PLACE, NEWRY",,,,,,,,NORTHERN IRELAND,northern_ireland,ods_ni_gp_practice,RO315,NORTHERN IRELAND GP PRACTICE,RO315,https://directory.spineservices.nhs.uk/ORD/2-0-0/organisations/Z00528,2025-05-16,4790,opendatani_gp_practice_reference_file,https://admin.opendatani.gov.uk/dataset/3d1a6615-5fc9-4f0e-ab2a-d2b0d71fb9ed/resource/8578e0d4-47f6-4909-9ac4-32643a701e13/download/gp-practice-reference-file-january-2026.csv,2026-01,GP patient surveys,discontinued,historic_only,https://www.health-ni.gov.uk/articles/gp-patient-surveys,Northern Ireland GP patient survey ran from 2008/09 to 2010/11 and was then discontinued; no current practice-level equivalent is wired here.,DR. FEE & PARTNERS BT35 9HD
SHSCT RATHKEELAND HOUSE,Z00551,BT35 9JJ,"RATHKEELAND HOUSE, 1 BLANEY ROAD, NEWRY",,,,,,,,NORTHERN IRELAND,northern_ireland,ods_ni_gp_practice,RO315,NORTHERN IRELAND GP PRACTICE,RO315,https://directory.spineservices.nhs.uk/ORD/2-0-0/organisations/Z00551,2025-11-14,4251,opendatani_gp_practice_reference_file,https://admin.opendatani.gov.uk/dataset/3d1a6615-5fc9-4f0e-ab2a-d2b0d71fb9ed/resource/8578e0d4-47f6-4909-9ac4-32643a701e13/download/gp-practice-reference-file-january-2026.csv,2026-01,GP patient surveys,discontinued,historic_only,https://www.health-ni.gov.uk/articles/gp-patient-surveys,Northern Ireland GP patient survey ran from 2008/09 to 2010/11 and was then discontinued; no current practice-level equivalent is wired here.,SHSCT RATHKEELAND HOUSE BT35 9JJ
SHSCT MULLAGHBAWN SURGERY,Z00545,BT35 9RA,"MAPHONER SURGERY, 2A FORKHILL ROAD, NEWRY",,,,,,,,NORTHERN IRELAND,northern_ireland,ods_ni_gp_practice,RO315,NORTHERN IRELAND GP PRACTICE,RO315,https://directory.spineservices.nhs.uk/ORD/2-0-0/organisations/Z00545,2025-02-24,5303,opendatani_gp_practice_reference_file,https://admin.opendatani.gov.uk/dataset/3d1a6615-5fc9-4f0e-ab2a-d2b0d71fb9ed/resource/8578e0d4-47f6-4909-9ac4-32643a701e13/download/gp-practice-reference-file-january-2026.csv,2026-01,GP patient surveys,discontinued,historic_only,https://www.health-ni.gov.uk/articles/gp-patient-surveys,Northern Ireland GP patient survey ran from 2008/09 to 2010/11 and was then discontinued; no current practice-level equivalent is wired here.,SHSCT MULLAGHBAWN SURGERY BT35 9RA
DR. MCCLEERY & PARTNERS,Z00336,BT36 4PP,"ROSEHALL MEDICAL PRACTICE, 2 MALLUSK ROAD, NEWTOWNABBEY",,,,,,,,NORTHERN IRELAND,northern_ireland,ods_ni_gp_practice,RO315,NORTHERN IRELAND GP PRACTICE,RO315,https://directory.spineservices.nhs.uk/ORD/2-0-0/organisations/Z00336,2021-09-14,9962,opendatani_gp_practice_reference_file,https://admin.opendatani.gov.uk/dataset/3d1a6615-5fc9-4f0e-ab2a-d2b0d71fb9ed/resource/8578e0d4-47f6-4909-9ac4-32643a701e13/download/gp-practice-reference-file-january-2026.csv,2026-01,GP patient surveys,discontinued,historic_only,https://www.health-ni.gov.uk/articles/gp-patient-surveys,Northern Ireland GP patient survey ran from 2008/09 to 2010/11 and was then discontinued; no current practice-level equivalent is wired here.,DR. MCCLEERY & PARTNERS BT36 4PP
DR. DAVISON & PARTNERS,Z00337,BT36 5EQ,"GLENGORMLEY PRACTICE, 324 ANTRIM ROAD, NEWTOWNABBEY",,,,,,,,NORTHERN IRELAND,northern_ireland,ods_ni_gp_practice,RO315,NORTHERN IRELAND GP PRACTICE,RO315,https://directory.spineservices.nhs.uk/ORD/2-0-0/organisations/Z00337,2021-09-14,8886,opendatani_gp_practice_reference_file,https://admin.opendatani.gov.uk/dataset/3d1a6615-5fc9-4f0e-ab2a-d2b0d71fb9ed/resource/8578e0d4-47f6-4909-9ac4-32643a701e13/download/gp-practice-reference-file-january-2026.csv,2026-01,GP patient surveys,discontinued,historic_only,https://www.health-ni.gov.uk/articles/gp-patient-surveys,Northern Ireland GP patient survey ran from 2008/09 to 2010/11 and was then discontinued; no current practice-level equivalent is wired here.,DR. DAVISON & PARTNERS BT36 5EQ
DR. FINNEGAN & PARTNERS,Z00438,BT36 7XX,"TRAMWAYS MEDICAL CENTRE, FARMLEY ROAD, NEWTOWNABBEY",,,,,,,,NORTHERN IRELAND,northern_ireland,ods_ni_gp_practice,RO315,NORTHERN IRELAND GP PRACTICE,RO315,https://directory.spineservices.nhs.uk/ORD/2-0-0/organisations/Z00438,2021-09-16,10195,opendatani_gp_practice_reference_file,https://admin.opendatani.gov.uk/dataset/3d1a6615-5fc9-4f0e-ab2a-d2b0d71fb9ed/resource/8578e0d4-47f6-4909-9ac4-32643a701e13/download/gp-practice-reference-file-january-2026.csv,2026-01,GP patient surveys,discontinued,historic_only,https://www.health-ni.gov.uk/articles/gp-patient-surveys,Northern Ireland GP patient survey ran from 2008/09 to 2010/11 and was then discontinued; no current practice-level equivalent is wired here.,DR. FINNEGAN & PARTNERS BT36 7XX
DR. DORAN & PARTNERS,Z00440,BT37 9QN,"NOTTING HILL MEDICAL PRACTICE, 95 DOAGH ROAD, NEWTOWNABBEY",,,,,,,,NORTHERN IRELAND,northern_ireland,ods_ni_gp_practice,RO315,NORTHERN IRELAND GP PRACTICE,RO315,https://directory.spineservices.nhs.uk/ORD/2-0-0/organisations/Z00440,2021-09-20,10010,opendatani_gp_practice_reference_file,https://admin.opendatani.gov.uk/dataset/3d1a6615-5fc9-4f0e-ab2a-d2b0d71fb9ed/resource/8578e0d4-47f6-4909-9ac4-32643a701e13/download/gp-practice-reference-file-january-2026.csv,2026-01,GP patient surveys,discontinued,historic_only,https://www.health-ni.gov.uk/articles/gp-patient-surveys,Northern Ireland GP patient survey ran from 2008/09 to 2010/11 and was then discontinued; no current practice-level equivalent is wired here.,DR. DORAN & PARTNERS BT37 9QN
DR. NAGLE & PARTNERS,Z00434,BT37 9QW,"ABBOTS CROSS MEDICAL PRACTICE, 92 DOAGH ROAD, NEWTOWNABBEY",,,,,,,,NORTHERN IRELAND,northern_ireland,ods_ni_gp_practice,RO315,NORTHERN IRELAND GP PRACTICE,RO315,https://directory.spineservices.nhs.uk/ORD/2-0-0/organisations/Z00434,2025-11-14,9503,opendatani_gp_practice_reference_file,https://admin.opendatani.gov.uk/dataset/3d1a6615-5fc9-4f0e-ab2a-d2b0d71fb9ed/resource/8578e0d4-47f6-4909-9ac4-32643a701e13/download/gp-practice-reference-file-january-2026.csv,2026-01,GP patient surveys,discontinued,historic_only,https://www.health-ni.gov.uk/articles/gp-patient-surveys,Northern Ireland GP patient survey ran from 2008/09 to 2010/11 and was then discontinued; no current practice-level equivalent is wired here.,DR. NAGLE & PARTNERS BT37 9QW
DR. CRUICKSHANKS & PARTNERS,Z00431,BT37 9UH,"WHITEHOUSE MEDICAL GROUP PRAC, UNIT 29A, 1ST FLR ABBEYCENTRE, NEWTOWNABBEY",,,,,,,,NORTHERN IRELAND,northern_ireland,ods_ni_gp_practice,RO315,NORTHERN IRELAND GP PRACTICE,RO315,https://directory.spineservices.nhs.uk/ORD/2-0-0/organisations/Z00431,2024-08-23,9814,opendatani_gp_practice_reference_file,https://admin.opendatani.gov.uk/dataset/3d1a6615-5fc9-4f0e-ab2a-d2b0d71fb9ed/resource/8578e0d4-47f6-4909-9ac4-32643a701e13/download/gp-practice-reference-file-january-2026.csv,2026-01,GP patient surveys,discontinued,historic_only,https://www.health-ni.gov.uk/articles/gp-patient-surveys,Northern Ireland GP patient survey ran from 2008/09 to 2010/11 and was then discontinued; no current practice-level equivalent is wired here.,DR. CRUICKSHANKS & PARTNERS BT37 9UH
DR. BAIRD & PARTNERS,Z00387,BT38 7HT,"SCOTCH QUARTER PRACTICE, CARRICKFERGUS HEALTH CENTRE, CARRICKFERGUS",,,,,,,,NORTHERN IRELAND,northern_ireland,ods_ni_gp_practice,RO315,NORTHERN IRELAND GP PRACTICE,RO315,https://directory.spineservices.nhs.uk/ORD/2-0-0/organisations/Z00387,2021-09-15,7417,opendatani_gp_practice_reference_file,https://admin.opendatani.gov.uk/dataset/3d1a6615-5fc9-4f0e-ab2a-d2b0d71fb9ed/resource/8578e0d4-47f6-4909-9ac4-32643a701e13/download/gp-practice-reference-file-january-2026.csv,2026-01,GP patient surveys,discontinued,historic_only,https://www.health-ni.gov.uk/articles/gp-patient-surveys,Northern Ireland GP patient survey ran from 2008/09 to 2010/11 and was then discontinued; no current practice-level equivalent is wired here.,DR. BAIRD & PARTNERS BT38 7HT
DR. HAMILTON & PARTNERS,Z00390,BT38 7HT,"CASTLE PRACTICE, CARRICKFERGUS HEALTH CENTRE, CARRICKFERGUS",,,,,,,,NORTHERN IRELAND,northern_ireland,ods_ni_gp_practice,RO315,NORTHERN IRELAND GP PRACTICE,RO315,https://directory.spineservices.nhs.uk/ORD/2-0-0/organisations/Z00390,2022-08-22,15081,opendatani_gp_practice_reference_file,https://admin.opendatani.gov.uk/dataset/3d1a6615-5fc9-4f0e-ab2a-d2b0d71fb9ed/resource/8578e0d4-47f6-4909-9ac4-32643a701e13/download/gp-practice-reference-file-january-2026.csv,2026-01,GP patient surveys,discontinued,historic_only,https://www.health-ni.gov.uk/articles/gp-patient-surveys,Northern Ireland GP patient survey ran from 2008/09 to 2010/11 and was then discontinued; no current practice-level equivalent is wired here.,DR. HAMILTON & PARTNERS BT38 7HT
DR. KERNOHAN & PARTNERS,Z00385,BT38 8TP,"OLD SCHOOL SURGERY, 54 STATION ROAD, CARRICKFERGUS",,,,,,,,NORTHERN IRELAND,northern_ireland,ods_ni_gp_practice,RO315,NORTHERN IRELAND GP PRACTICE,RO315,https://directory.spineservices.nhs.uk/ORD/2-0-0/organisations/Z00385,2021-09-15,11752,opendatani_gp_practice_reference_file,https://admin.opendatani.gov.uk/dataset/3d1a6615-5fc9-4f0e-ab2a-d2b0d71fb9ed/resource/8578e0d4-47f6-4909-9ac4-32643a701e13/download/gp-practice-reference-file-january-2026.csv,2026-01,GP patient surveys,discontinued,historic_only,https://www.health-ni.gov.uk/articles/gp-patient-surveys,Northern Ireland GP patient survey ran from 2008/09 to 2010/11 and was then discontinued; no current practice-level equivalent is wired here.,DR. KERNOHAN & PARTNERS BT38 8TP
DR. GORMAN & PARTNERS,Z00382,BT38 9TG,"MEADOWBRIDGE SURGERY, SLAUGHTERFORD ROAD, CARRICKFERGUS",,,,,,,,NORTHERN IRELAND,northern_ireland,ods_ni_gp_practice,RO315,NORTHERN IRELAND GP PRACTICE,RO315,https://directory.spineservices.nhs.uk/ORD/2-0-0/organisations/Z00382,2021-09-15,9309,opendatani_gp_practice_reference_file,https://admin.opendatani.gov.uk/dataset/3d1a6615-5fc9-4f0e-ab2a-d2b0d71fb9ed/resource/8578e0d4-47f6-4909-9ac4-32643a701e13/download/gp-practice-reference-file-january-2026.csv,2026-01,GP patient surveys,discontinued,historic_only,https://www.health-ni.gov.uk/articles/gp-patient-surveys,Northern Ireland GP patient survey ran from 2008/09 to 2010/11 and was then discontinued; no current practice-level equivalent is wired here.,DR. GORMAN & PARTNERS BT38 9TG
DR. HUEY & PARTNERS,Z00302,BT39 0AZ,"TEMPLEPATRICK SURGERY, 80 CASTLETON, BALLYCLARE",,,,,,,,NORTHERN IRELAND,northern_ireland,ods_ni_gp_practice,RO315,NORTHERN IRELAND GP PRACTICE,RO315,https://directory.spineservices.nhs.uk/ORD/2-0-0/organisations/Z00302,2021-09-15,10364,opendatani_gp_practice_reference_file,https://admin.opendatani.gov.uk/dataset/3d1a6615-5fc9-4f0e-ab2a-d2b0d71fb9ed/resource/8578e0d4-47f6-4909-9ac4-32643a701e13/download/gp-practice-reference-file-january-2026.csv,2026-01,GP patient surveys,discontinued,historic_only,https://www.health-ni.gov.uk/articles/gp-patient-surveys,Northern Ireland GP patient survey ran from 2008/09 to 2010/11 and was then discontinued; no current practice-level equivalent is wired here.,DR. HUEY & PARTNERS BT39 0AZ
DR. RAFFERTY & PARTNERS,Z00433,BT39 9HL,"BALLYCLARE GROUP PRACTICE, BALLYCLARE HEALTH CENTRE, BALLYCLARE",,,,,,,,NORTHERN IRELAND,northern_ireland,ods_ni_gp_practice,RO315,NORTHERN IRELAND GP PRACTICE,RO315,https://directory.spineservices.nhs.uk/ORD/2-0-0/organisations/Z00433,2021-09-16,15396,opendatani_gp_practice_reference_file,https://admin.opendatani.gov.uk/dataset/3d1a6615-5fc9-4f0e-ab2a-d2b0d71fb9ed/resource/8578e0d4-47f6-4909-9ac4-32643a701e13/download/gp-practice-reference-file-january-2026.csv,2026-01,GP patient surveys,discontinued,historic_only,https://www.health-ni.gov.uk/articles/gp-patient-surveys,Northern Ireland GP patient survey ran from 2008/09 to 2010/11 and was then discontinued; no current practice-level equivalent is wired here.,DR. RAFFERTY & PARTNERS BT39 9HL
DR. GALLAGHER & PARTNERS,Z00028,BT4 1NS,"THE VICTORIA PRACTICE, HOLYWOOD ARCHES HEALTH CENTRE, BELFAST",,,,,,,,NORTHERN IRELAND,northern_ireland,ods_ni_gp_practice,RO315,NORTHERN IRELAND GP PRACTICE,RO315,https://directory.spineservices.nhs.uk/ORD/2-0-0/organisations/Z00028,2021-09-16,3420,opendatani_gp_practice_reference_file,https://admin.opendatani.gov.uk/dataset/3d1a6615-5fc9-4f0e-ab2a-d2b0d71fb9ed/resource/8578e0d4-47f6-4909-9ac4-32643a701e13/download/gp-practice-reference-file-january-2026.csv,2026-01,GP patient surveys,discontinued,historic_only,https://www.health-ni.gov.uk/articles/gp-patient-surveys,Northern Ireland GP patient survey ran from 2008/09 to 2010/11 and was then discontinued; no current practice-level equivalent is wired here.,DR. GALLAGHER & PARTNERS BT4 1NS
DR. HOEY & PARTNERS,Z00001,BT4 1NS,"HARLAND MEDICAL PRACTICE, HOLYWOOD ARCHES HEALTH CENTRE, BELFAST",,,,,,,,NORTHERN IRELAND,northern_ireland,ods_ni_gp_practice,RO315,NORTHERN IRELAND GP PRACTICE,RO315,https://directory.spineservices.nhs.uk/ORD/2-0-0/organisations/Z00001,2021-09-15,6779,opendatani_gp_practice_reference_file,https://admin.opendatani.gov.uk/dataset/3d1a6615-5fc9-4f0e-ab2a-d2b0d71fb9ed/resource/8578e0d4-47f6-4909-9ac4-32643a701e13/download/gp-practice-reference-file-january-2026.csv,2026-01,GP patient surveys,discontinued,historic_only,https://www.health-ni.gov.uk/articles/gp-patient-surveys,Northern Ireland GP patient survey ran from 2008/09 to 2010/11 and was then discontinued; no current practice-level equivalent is wired here.,DR. HOEY & PARTNERS BT4 1NS
DR. LARGE & PARTNERS,Z00017,BT4 1NS,"CONNSWATER FAMILY PRACTICE, THE ARCHES CENTRE, BELFAST",,,,,,,,NORTHERN IRELAND,northern_ireland,ods_ni_gp_practice,RO315,NORTHERN IRELAND GP PRACTICE,RO315,https://directory.spineservices.nhs.uk/ORD/2-0-0/organisations/Z00017,2023-11-20,5298,opendatani_gp_practice_reference_file,https://admin.opendatani.gov.uk/dataset/3d1a6615-5fc9-4f0e-ab2a-d2b0d71fb9ed/resource/8578e0d4-47f6-4909-9ac4-32643a701e13/download/gp-practice-reference-file-january-2026.csv,2026-01,GP patient surveys,discontinued,historic_only,https://www.health-ni.gov.uk/articles/gp-patient-surveys,Northern Ireland GP patient survey ran from 2008/09 to 2010/11 and was then discontinued; no current practice-level equivalent is wired here.,DR. LARGE & PARTNERS BT4 1NS
DR. LUA & PARTNERS,Z00020,BT4 1NS,"LEWIS SQUARE PRACTICE, HOLYWOOD ARCHES HEALTH CENTRE, BELFAST",,,,,,,,NORTHERN IRELAND,northern_ireland,ods_ni_gp_practice,RO315,NORTHERN IRELAND GP PRACTICE,RO315,https://directory.spineservices.nhs.uk/ORD/2-0-0/organisations/Z00020,2021-09-16,4317,opendatani_gp_practice_reference_file,https://admin.opendatani.gov.uk/dataset/3d1a6615-5fc9-4f0e-ab2a-d2b0d71fb9ed/resource/8578e0d4-47f6-4909-9ac4-32643a701e13/download/gp-practice-reference-file-january-2026.csv,2026-01,GP patient surveys,discontinued,historic_only,https://www.health-ni.gov.uk/articles/gp-patient-surveys,Northern Ireland GP patient survey ran from 2008/09 to 2010/11 and was then discontinued; no current practice-level equivalent is wired here.,DR. LUA & PARTNERS BT4 1NS
DR. MCCUTCHEON & PARTNERS,Z00003,BT4 1NS,"GREENWAY PRACTICE, HOLYWOOD ARCHES HC 2ND FLOOR, BELFAST",,,,,,,,NORTHERN IRELAND,northern_ireland,ods_ni_gp_practice,RO315,NORTHERN IRELAND GP PRACTICE,RO315,https://directory.spineservices.nhs.uk/ORD/2-0-0/organisations/Z00003,2021-09-16,7075,opendatani_gp_practice_reference_file,https://admin.opendatani.gov.uk/dataset/3d1a6615-5fc9-4f0e-ab2a-d2b0d71fb9ed/resource/8578e0d4-47f6-4909-9ac4-32643a701e13/download/gp-practice-reference-file-january-2026.csv,2026-01,GP patient surveys,discontinued,historic_only,https://www.health-ni.gov.uk/articles/gp-patient-surveys,Northern Ireland GP patient survey ran from 2008/09 to 2010/11 and was then discontinued; no current practice-level equivalent is wired here.,DR. MCCUTCHEON & PARTNERS BT4 1NS
DR. MCCALLAN & PARTNERS,Z00015,BT4 1NT,"HOLYWOOD ROAD SURGERY, 54 HOLYWOOD ROAD, BELFAST",,,,,,,,NORTHERN IRELAND,northern_ireland,ods_ni_gp_practice,RO315,NORTHERN IRELAND GP PRACTICE,RO315,https://directory.spineservices.nhs.uk/ORD/2-0-0/organisations/Z00015,2024-02-19,5347,opendatani_gp_practice_reference_file,https://admin.opendatani.gov.uk/dataset/3d1a6615-5fc9-4f0e-ab2a-d2b0d71fb9ed/resource/8578e0d4-47f6-4909-9ac4-32643a701e13/download/gp-practice-reference-file-january-2026.csv,2026-01,GP patient surveys,discontinued,historic_only,https://www.health-ni.gov.uk/articles/gp-patient-surveys,Northern Ireland GP patient survey ran from 2008/09 to 2010/11 and was then discontinued; no current practice-level equivalent is wired here.,DR. MCCALLAN & PARTNERS BT4 1NT
DR. MILLAR & PARTNERS,Z00014,BT4 3HZ,"KERRSLAND SURGERY, 169 UPPER NEWTOWNARDS ROAD, BELFAST",,,,,,,,NORTHERN IRELAND,northern_ireland,ods_ni_gp_practice,RO315,NORTHERN IRELAND GP PRACTICE,RO315,https://directory.spineservices.nhs.uk/ORD/2-0-0/organisations/Z00014,2024-02-19,8942,opendatani_gp_practice_reference_file,https://admin.opendatani.gov.uk/dataset/3d1a6615-5fc9-4f0e-ab2a-d2b0d71fb9ed/resource/8578e0d4-47f6-4909-9ac4-32643a701e13/download/gp-practice-reference-file-january-2026.csv,2026-01,GP patient surveys,discontinued,historic_only,https://www.health-ni.gov.uk/articles/gp-patient-surveys,Northern Ireland GP patient survey ran from 2008/09 to 2010/11 and was then discontinued; no current practice-level equivalent is wired here.,DR. MILLAR & PARTNERS BT4 3HZ
DR. MCCANN & PARTNERS,Z00016,BT4 3LH,"KNOCK MEDICAL CENTRE, 423B UPPER NEWTOWNARDS ROAD, BELFAST",,,,,,,,NORTHERN IRELAND,northern_ireland,ods_ni_gp_practice,RO315,NORTHERN IRELAND GP PRACTICE,RO315,https://directory.spineservices.nhs.uk/ORD/2-0-0/organisations/Z00016,2021-09-16,6311,opendatani_gp_practice_reference_file,https://admin.opendatani.gov.uk/dataset/3d1a6615-5fc9-4f0e-ab2a-d2b0d71fb9ed/resource/8578e0d4-47f6-4909-9ac4-32643a701e13/download/gp-practice-reference-file-january-2026.csv,2026-01,GP patient surveys,discontinued,historic_only,https://www.health-ni.gov.uk/articles/gp-patient-surveys,Northern Ireland GP patient survey ran from 2008/09 to 2010/11 and was then discontinued; no current practice-level equivalent is wired here.,DR. MCCANN & PARTNERS BT4 3LH
DR. BLACK & PARTNERS,Z00393,BT40 1PB,"LARNE MEDICAL PRACTICE, LARNE HEALTH CENTRE, LARNE",,,,,,,,NORTHERN IRELAND,northern_ireland,ods_ni_gp_practice,RO315,NORTHERN IRELAND GP PRACTICE,RO315,https://directory.spineservices.nhs.uk/ORD/2-0-0/organisations/Z00393,2023-11-20,7951,opendatani_gp_practice_reference_file,https://admin.opendatani.gov.uk/dataset/3d1a6615-5fc9-4f0e-ab2a-d2b0d71fb9ed/resource/8578e0d4-47f6-4909-9ac4-32643a701e13/download/gp-practice-reference-file-january-2026.csv,2026-01,GP patient surveys,discontinued,historic_only,https://www.health-ni.gov.uk/articles/gp-patient-surveys,Northern Ireland GP patient survey ran from 2008/09 to 2010/11 and was then discontinued; no current practice-level equivalent is wired here.,DR. BLACK & PARTNERS BT40 1PB
DR. FERGUSON & PARTNERS,Z00391,BT40 1XH,"VICTORIA SURGERY - LARNE, MOYLE MEDICAL CENTRE, LARNE",,,,,,,,NORTHERN IRELAND,northern_ireland,ods_ni_gp_practice,RO315,NORTHERN IRELAND GP PRACTICE,RO315,https://directory.spineservices.nhs.uk/ORD/2-0-0/organisations/Z00391,2021-09-15,6041,opendatani_gp_practice_reference_file,https://admin.opendatani.gov.uk/dataset/3d1a6615-5fc9-4f0e-ab2a-d2b0d71fb9ed/resource/8578e0d4-47f6-4909-9ac4-32643a701e13/download/gp-practice-reference-file-january-2026.csv,2026-01,GP patient surveys,discontinued,historic_only,https://www.health-ni.gov.uk/articles/gp-patient-surveys,Northern Ireland GP patient survey ran from 2008/09 to 2010/11 and was then discontinued; no current practice-level equivalent is wired here.,DR. FERGUSON & PARTNERS BT40 1XH
DR. KIRK & PARTNERS,Z00388,BT40 1XH,"INVER SURGERY, MOYLE MEDICAL CENTRE, LARNE",,,,,,,,NORTHERN IRELAND,northern_ireland,ods_ni_gp_practice,RO315,NORTHERN IRELAND GP PRACTICE,RO315,https://directory.spineservices.nhs.uk/ORD/2-0-0/organisations/Z00388,2022-08-22,5481,opendatani_gp_practice_reference_file,https://admin.opendatani.gov.uk/dataset/3d1a6615-5fc9-4f0e-ab2a-d2b0d71fb9ed/resource/8578e0d4-47f6-4909-9ac4-32643a701e13/download/gp-practice-reference-file-january-2026.csv,2026-01,GP patient surveys,discontinued,historic_only,https://www.health-ni.gov.uk/articles/gp-patient-surveys,Northern Ireland GP patient survey ran from 2008/09 to 2010/11 and was then discontinued; no current practice-level equivalent is wired here.,DR. KIRK & PARTNERS BT40 1XH
DR. MCILROY & PARTNERS,Z00389,BT40 1XH,"CORRAN SURGERY, MOYLE MEDICAL CENTRE, LARNE",,,,,,,,NORTHERN IRELAND,northern_ireland,ods_ni_gp_practice,RO315,NORTHERN IRELAND GP PRACTICE,RO315,https://directory.spineservices.nhs.uk/ORD/2-0-0/organisations/Z00389,2021-09-15,8014,opendatani_gp_practice_reference_file,https://admin.opendatani.gov.uk/dataset/3d1a6615-5fc9-4f0e-ab2a-d2b0d71fb9ed/resource/8578e0d4-47f6-4909-9ac4-32643a701e13/download/gp-practice-reference-file-january-2026.csv,2026-01,GP patient surveys,discontinued,historic_only,https://www.health-ni.gov.uk/articles/gp-patient-surveys,Northern Ireland GP patient survey ran from 2008/09 to 2010/11 and was then discontinued; no current practice-level equivalent is wired here.,DR. MCILROY & PARTNERS BT40 1XH
DR. O'HANLON & PARTNERS,Z00334,BT41 3AE,"RANDALSTOWN MEDICAL PRACTICE, 5 NEILLSBROOK ROAD, ANTRIM",,,,,,,,NORTHERN IRELAND,northern_ireland,ods_ni_gp_practice,RO315,NORTHERN IRELAND GP PRACTICE,RO315,https://directory.spineservices.nhs.uk/ORD/2-0-0/organisations/Z00334,2021-09-14,10325,opendatani_gp_practice_reference_file,https://admin.opendatani.gov.uk/dataset/3d1a6615-5fc9-4f0e-ab2a-d2b0d71fb9ed/resource/8578e0d4-47f6-4909-9ac4-32643a701e13/download/gp-practice-reference-file-january-2026.csv,2026-01,GP patient surveys,discontinued,historic_only,https://www.health-ni.gov.uk/articles/gp-patient-surveys,Northern Ireland GP patient survey ran from 2008/09 to 2010/11 and was then discontinued; no current practice-level equivalent is wired here.,DR. O'HANLON & PARTNERS BT41 3AE
DR. JOHNSTON & PARTNERS,Z00333,BT41 3TF,"TOOME SURGERY, TOOME HOUSE, 55 MAIN STREET, ANTRIM",,,,,,,,NORTHERN IRELAND,northern_ireland,ods_ni_gp_practice,RO315,NORTHERN IRELAND GP PRACTICE,RO315,https://directory.spineservices.nhs.uk/ORD/2-0-0/organisations/Z00333,2023-08-21,4651,opendatani_gp_practice_reference_file,https://admin.opendatani.gov.uk/dataset/3d1a6615-5fc9-4f0e-ab2a-d2b0d71fb9ed/resource/8578e0d4-47f6-4909-9ac4-32643a701e13/download/gp-practice-reference-file-january-2026.csv,2026-01,GP patient surveys,discontinued,historic_only,https://www.health-ni.gov.uk/articles/gp-patient-surveys,Northern Ireland GP patient survey ran from 2008/09 to 2010/11 and was then discontinued; no current practice-level equivalent is wired here.,DR. JOHNSTON & PARTNERS BT41 3TF
DR. FIELD & PARTNERS,Z00307,BT41 4BS,"ANTRIM CASTLE SURGERY, ANTRIM HEALTH CENTRE, ANTRIM",,,,,,,,NORTHERN IRELAND,northern_ireland,ods_ni_gp_practice,RO315,NORTHERN IRELAND GP PRACTICE,RO315,https://directory.spineservices.nhs.uk/ORD/2-0-0/organisations/Z00307,2021-09-15,8309,opendatani_gp_practice_reference_file,https://admin.opendatani.gov.uk/dataset/3d1a6615-5fc9-4f0e-ab2a-d2b0d71fb9ed/resource/8578e0d4-47f6-4909-9ac4-32643a701e13/download/gp-practice-reference-file-january-2026.csv,2026-01,GP patient surveys,discontinued,historic_only,https://www.health-ni.gov.uk/articles/gp-patient-surveys,Northern Ireland GP patient survey ran from 2008/09 to 2010/11 and was then discontinued; no current practice-level equivalent is wired here.,DR. FIELD & PARTNERS BT41 4BS
DR. KIDD & PARTNERS,Z00327,BT41 4BS,"ANTRIM HEALTH CENTRE, STATION ROAD, ANTRIM",,,,,,,,NORTHERN IRELAND,northern_ireland,ods_ni_gp_practice,RO315,NORTHERN IRELAND GP PRACTICE,RO315,https://directory.spineservices.nhs.uk/ORD/2-0-0/organisations/Z00327,2022-02-28,4038,opendatani_gp_practice_reference_file,https://admin.opendatani.gov.uk/dataset/3d1a6615-5fc9-4f0e-ab2a-d2b0d71fb9ed/resource/8578e0d4-47f6-4909-9ac4-32643a701e13/download/gp-practice-reference-file-january-2026.csv,2026-01,GP patient surveys,discontinued,historic_only,https://www.health-ni.gov.uk/articles/gp-patient-surveys,Northern Ireland GP patient survey ran from 2008/09 to 2010/11 and was then discontinued; no current practice-level equivalent is wired here.,DR. KIDD & PARTNERS BT41 4BS
DR. MCCULLOUGH & PARTNERS,Z00326,BT41 4BS,"THE FAMILY PRACTICE, ANTRIM HEALTH CENTRE, ANTRIM",,,,,,,,NORTHERN IRELAND,northern_ireland,ods_ni_gp_practice,RO315,NORTHERN IRELAND GP PRACTICE,RO315,https://directory.spineservices.nhs.uk/ORD/2-0-0/organisations/Z00326,2024-11-15,5686,opendatani_gp_practice_reference_file,https://admin.opendatani.gov.uk/dataset/3d1a6615-5fc9-4f0e-ab2a-d2b0d71fb9ed/resource/8578e0d4-47f6-4909-9ac4-32643a701e13/download/gp-practice-reference-file-january-2026.csv,2026-01,GP patient surveys,discontinued,historic_only,https://www.health-ni.gov.uk/articles/gp-patient-surveys,Northern Ireland GP patient survey ran from 2008/09 to 2010/11 and was then discontinued; no current practice-level equivalent is wired here.,DR. MCCULLOUGH & PARTNERS BT41 4BS
DR. MCKENNA & PARTNERS,Z00330,BT41 4BS,"STATION ROAD HEALTH CENTRE, STATION ROAD, ANTRIM",,,,,,,,NORTHERN IRELAND,northern_ireland,ods_ni_gp_practice,RO315,NORTHERN IRELAND GP PRACTICE,RO315,https://directory.spineservices.nhs.uk/ORD/2-0-0/organisations/Z00330,2022-03-01,4865,opendatani_gp_practice_reference_file,https://admin.opendatani.gov.uk/dataset/3d1a6615-5fc9-4f0e-ab2a-d2b0d71fb9ed/resource/8578e0d4-47f6-4909-9ac4-32643a701e13/download/gp-practice-reference-file-january-2026.csv,2026-01,GP patient surveys,discontinued,historic_only,https://www.health-ni.gov.uk/articles/gp-patient-surveys,Northern Ireland GP patient survey ran from 2008/09 to 2010/11 and was then discontinued; no current practice-level equivalent is wired here.,DR. MCKENNA & PARTNERS BT41 4BS
DR. THOMPSON & PARTNERS,Z00308,BT41 4HR,"ORIEL SURGERY, 31 ORIEL ROAD, ANTRIM",,,,,,,,NORTHERN IRELAND,northern_ireland,ods_ni_gp_practice,RO315,NORTHERN IRELAND GP PRACTICE,RO315,https://directory.spineservices.nhs.uk/ORD/2-0-0/organisations/Z00308,2023-08-21,8099,opendatani_gp_practice_reference_file,https://admin.opendatani.gov.uk/dataset/3d1a6615-5fc9-4f0e-ab2a-d2b0d71fb9ed/resource/8578e0d4-47f6-4909-9ac4-32643a701e13/download/gp-practice-reference-file-january-2026.csv,2026-01,GP patient surveys,discontinued,historic_only,https://www.health-ni.gov.uk/articles/gp-patient-surveys,Northern Ireland GP patient survey ran from 2008/09 to 2010/11 and was then discontinued; no current practice-level equivalent is wired here.,DR. THOMPSON & PARTNERS BT41 4HR
DR. JOHNSTON & PARTNERS,Z00328,BT42 1GP,"MAINE MEDICAL CULLYBACKEY, OLD MILL PARK, MAIN STREET, BALLYMENA",,,,,,,,NORTHERN IRELAND,northern_ireland,ods_ni_gp_practice,RO315,NORTHERN IRELAND GP PRACTICE,RO315,https://directory.spineservices.nhs.uk/ORD/2-0-0/organisations/Z00328,2021-09-14,5620,opendatani_gp_practice_reference_file,https://admin.opendatani.gov.uk/dataset/3d1a6615-5fc9-4f0e-ab2a-d2b0d71fb9ed/resource/8578e0d4-47f6-4909-9ac4-32643a701e13/download/gp-practice-reference-file-january-2026.csv,2026-01,GP patient surveys,discontinued,historic_only,https://www.health-ni.gov.uk/articles/gp-patient-surveys,Northern Ireland GP patient survey ran from 2008/09 to 2010/11 and was then discontinued; no current practice-level equivalent is wired here.,DR. JOHNSTON & PARTNERS BT42 1GP
DR. MCKELVEY & PARTNERS,Z00310,BT42 1NW,"CULLYBACKEY MEDICAL PRACTICE, CULLYBACKEY HEALTH CENTRE, BALLYMENA",,,,,,,,NORTHERN IRELAND,northern_ireland,ods_ni_gp_practice,RO315,NORTHERN IRELAND GP PRACTICE,RO315,https://directory.spineservices.nhs.uk/ORD/2-0-0/organisations/Z00310,2024-02-19,6651,opendatani_gp_practice_reference_file,https://admin.opendatani.gov.uk/dataset/3d1a6615-5fc9-4f0e-ab2a-d2b0d71fb9ed/resource/8578e0d4-47f6-4909-9ac4-32643a701e13/download/gp-practice-reference-file-january-2026.csv,2026-01,GP patient surveys,discontinued,historic_only,https://www.health-ni.gov.uk/articles/gp-patient-surveys,Northern Ireland GP patient survey ran from 2008/09 to 2010/11 and was then discontinued; no current practice-level equivalent is wired here.,DR. MCKELVEY & PARTNERS BT42 1NW
DR. BUTLER & PARTNERS,Z00304,BT42 2PB,"MAINE MEDICAL AHOGHILL, THE OLD MEETING HOUSE, BALLYMENA",,,,,,,,NORTHERN IRELAND,northern_ireland,ods_ni_gp_practice,RO315,NORTHERN IRELAND GP PRACTICE,RO315,https://directory.spineservices.nhs.uk/ORD/2-0-0/organisations/Z00304,2021-09-14,5716,opendatani_gp_practice_reference_file,https://admin.opendatani.gov.uk/dataset/3d1a6615-5fc9-4f0e-ab2a-d2b0d71fb9ed/resource/8578e0d4-47f6-4909-9ac4-32643a701e13/download/gp-practice-reference-file-january-2026.csv,2026-01,GP patient surveys,discontinued,historic_only,https://www.health-ni.gov.uk/articles/gp-patient-surveys,Northern Ireland GP patient survey ran from 2008/09 to 2010/11 and was then discontinued; no current practice-level equivalent is wired here.,DR. BUTLER & PARTNERS BT42 2PB
DR. GREER & PARTNERS,Z00325,BT42 3JU,"KELLS & CONNOR MEDICAL CENTRE, 36 CHURCH ROAD, BALLYMENA",,,,,,,,NORTHERN IRELAND,northern_ireland,ods_ni_gp_practice,RO315,NORTHERN IRELAND GP PRACTICE,RO315,https://directory.spineservices.nhs.uk/ORD/2-0-0/organisations/Z00325,2023-08-21,3909,opendatani_gp_practice_reference_file,https://admin.opendatani.gov.uk/dataset/3d1a6615-5fc9-4f0e-ab2a-d2b0d71fb9ed/resource/8578e0d4-47f6-4909-9ac4-32643a701e13/download/gp-practice-reference-file-january-2026.csv,2026-01,GP patient surveys,discontinued,historic_only,https://www.health-ni.gov.uk/articles/gp-patient-surveys,Northern Ireland GP patient survey ran from 2008/09 to 2010/11 and was then discontinued; no current practice-level equivalent is wired here.,DR. GREER & PARTNERS BT42 3JU
DR. REDMOND & PARTNERS,Z00317,BT42 4JA,"BROUGHSHANE MEDICAL PRACTICE, 76 MAIN STREET, BALLYMENA",,,,,,,,NORTHERN IRELAND,northern_ireland,ods_ni_gp_practice,RO315,NORTHERN IRELAND GP PRACTICE,RO315,https://directory.spineservices.nhs.uk/ORD/2-0-0/organisations/Z00317,2021-09-14,7466,opendatani_gp_practice_reference_file,https://admin.opendatani.gov.uk/dataset/3d1a6615-5fc9-4f0e-ab2a-d2b0d71fb9ed/resource/8578e0d4-47f6-4909-9ac4-32643a701e13/download/gp-practice-reference-file-january-2026.csv,2026-01,GP patient surveys,discontinued,historic_only,https://www.health-ni.gov.uk/articles/gp-patient-surveys,Northern Ireland GP patient survey ran from 2008/09 to 2010/11 and was then discontinued; no current practice-level equivalent is wired here.,DR. REDMOND & PARTNERS BT42 4JA
DR. RUSSELL & PARTNERS,Z00313,BT43 5BA,"GABLES MEDICAL CENTRE, 45 WAVENEY ROAD, BALLYMENA",,,,,,,,NORTHERN IRELAND,northern_ireland,ods_ni_gp_practice,RO315,NORTHERN IRELAND GP PRACTICE,RO315,https://directory.spineservices.nhs.uk/ORD/2-0-0/organisations/Z00313,2021-09-15,4100,opendatani_gp_practice_reference_file,https://admin.opendatani.gov.uk/dataset/3d1a6615-5fc9-4f0e-ab2a-d2b0d71fb9ed/resource/8578e0d4-47f6-4909-9ac4-32643a701e13/download/gp-practice-reference-file-january-2026.csv,2026-01,GP patient surveys,discontinued,historic_only,https://www.health-ni.gov.uk/articles/gp-patient-surveys,Northern Ireland GP patient survey ran from 2008/09 to 2010/11 and was then discontinued; no current practice-level equivalent is wired here.,DR. RUSSELL & PARTNERS BT43 5BA
DR. VERCOE-ROGERS & PARTNERS,Z00396,BT43 5BY,"OLD BANK SURGERY, 18 BALLYMONEY ROAD, BALLYMENA",,,,,,,,NORTHERN IRELAND,northern_ireland,ods_ni_gp_practice,RO315,NORTHERN IRELAND GP PRACTICE,RO315,https://directory.spineservices.nhs.uk/ORD/2-0-0/organisations/Z00396,2023-02-20,3985,opendatani_gp_practice_reference_file,https://admin.opendatani.gov.uk/dataset/3d1a6615-5fc9-4f0e-ab2a-d2b0d71fb9ed/resource/8578e0d4-47f6-4909-9ac4-32643a701e13/download/gp-practice-reference-file-january-2026.csv,2026-01,GP patient surveys,discontinued,historic_only,https://www.health-ni.gov.uk/articles/gp-patient-surveys,Northern Ireland GP patient survey ran from 2008/09 to 2010/11 and was then discontinued; no current practice-level equivalent is wired here.,DR. VERCOE-ROGERS & PARTNERS BT43 5BY
DR. BROWN & PARTNERS,Z00323,BT43 5HB,"SMITHFIELD MEDICAL CENTRE, 7 SMITHFIELD PLACE, BALLYMENA",,,,,,,,NORTHERN IRELAND,northern_ireland,ods_ni_gp_practice,RO315,NORTHERN IRELAND GP PRACTICE,RO315,https://directory.spineservices.nhs.uk/ORD/2-0-0/organisations/Z00323,2023-08-21,3400,opendatani_gp_practice_reference_file,https://admin.opendatani.gov.uk/dataset/3d1a6615-5fc9-4f0e-ab2a-d2b0d71fb9ed/resource/8578e0d4-47f6-4909-9ac4-32643a701e13/download/gp-practice-reference-file-january-2026.csv,2026-01,GP patient surveys,discontinued,historic_only,https://www.health-ni.gov.uk/articles/gp-patient-surveys,Northern Ireland GP patient survey ran from 2008/09 to 2010/11 and was then discontinued; no current practice-level equivalent is wired here.,DR. BROWN & PARTNERS BT43 5HB
DR. MCQUILLAN & PARTNERS,Z00321,BT43 6HB,"SEVEN TOWERS SURGERY, BALLYMENA HEALTH & CARE CENTRE, BALLYMENA",,,,,,,,NORTHERN IRELAND,northern_ireland,ods_ni_gp_practice,RO315,NORTHERN IRELAND GP PRACTICE,RO315,https://directory.spineservices.nhs.uk/ORD/2-0-0/organisations/Z00321,2021-09-14,4539,opendatani_gp_practice_reference_file,https://admin.opendatani.gov.uk/dataset/3d1a6615-5fc9-4f0e-ab2a-d2b0d71fb9ed/resource/8578e0d4-47f6-4909-9ac4-32643a701e13/download/gp-practice-reference-file-january-2026.csv,2026-01,GP patient surveys,discontinued,historic_only,https://www.health-ni.gov.uk/articles/gp-patient-surveys,Northern Ireland GP patient survey ran from 2008/09 to 2010/11 and was then discontinued; no current practice-level equivalent is wired here.,DR. MCQUILLAN & PARTNERS BT43 6HB
DR. BAILIE & PARTNERS,Z00315,BT43 6HQ,"MOUNTVIEW SURGERY, BALLYMENA HEALTH & CARE CENTRE, BALLYMENA",,,,,,,,NORTHERN IRELAND,northern_ireland,ods_ni_gp_practice,RO315,NORTHERN IRELAND GP PRACTICE,RO315,https://directory.spineservices.nhs.uk/ORD/2-0-0/organisations/Z00315,2024-11-19,7216,opendatani_gp_practice_reference_file,https://admin.opendatani.gov.uk/dataset/3d1a6615-5fc9-4f0e-ab2a-d2b0d71fb9ed/resource/8578e0d4-47f6-4909-9ac4-32643a701e13/download/gp-practice-reference-file-january-2026.csv,2026-01,GP patient surveys,discontinued,historic_only,https://www.health-ni.gov.uk/articles/gp-patient-surveys,Northern Ireland GP patient survey ran from 2008/09 to 2010/11 and was then discontinued; no current practice-level equivalent is wired here.,DR. BAILIE & PARTNERS BT43 6HQ
DR. STEVENSON & PARTNERS,Z00314,BT43 6HQ,"BALLYMENA HEALTH & CARE CENTRE, 86 CUSHENDALL ROAD, BALLYMENA",,,,,,,,NORTHERN IRELAND,northern_ireland,ods_ni_gp_practice,RO315,NORTHERN IRELAND GP PRACTICE,RO315,https://directory.spineservices.nhs.uk/ORD/2-0-0/organisations/Z00314,2024-05-22,11674,opendatani_gp_practice_reference_file,https://admin.opendatani.gov.uk/dataset/3d1a6615-5fc9-4f0e-ab2a-d2b0d71fb9ed/resource/8578e0d4-47f6-4909-9ac4-32643a701e13/download/gp-practice-reference-file-january-2026.csv,2026-01,GP patient surveys,discontinued,historic_only,https://www.health-ni.gov.uk/articles/gp-patient-surveys,Northern Ireland GP patient survey ran from 2008/09 to 2010/11 and was then discontinued; no current practice-level equivalent is wired here.,DR. STEVENSON & PARTNERS BT43 6HQ
DR. TOBOLSKA,Z00395,BT43 6JD,"ROCKFIELD MEDICAL CENTRE, 73 DOURY ROAD, BALLYMENA",,,,,,,,NORTHERN IRELAND,northern_ireland,ods_ni_gp_practice,RO315,NORTHERN IRELAND GP PRACTICE,RO315,https://directory.spineservices.nhs.uk/ORD/2-0-0/organisations/Z00395,2026-02-20,6181,opendatani_gp_practice_reference_file,https://admin.opendatani.gov.uk/dataset/3d1a6615-5fc9-4f0e-ab2a-d2b0d71fb9ed/resource/8578e0d4-47f6-4909-9ac4-32643a701e13/download/gp-practice-reference-file-january-2026.csv,2026-01,GP patient surveys,discontinued,historic_only,https://www.health-ni.gov.uk/articles/gp-patient-surveys,Northern Ireland GP patient survey ran from 2008/09 to 2010/11 and was then discontinued; no current practice-level equivalent is wired here.,DR. TOBOLSKA BT43 6JD
DR. MCSPARRAN & PARTNERS,Z00357,BT44 0TE,"GLENS OF ANTRIM MEDICAL CENTRE, 2 GORTACLEE ROAD, BALLYMENA",,,,,,,,NORTHERN IRELAND,northern_ireland,ods_ni_gp_practice,RO315,NORTHERN IRELAND GP PRACTICE,RO315,https://directory.spineservices.nhs.uk/ORD/2-0-0/organisations/Z00357,2021-09-16,6256,opendatani_gp_practice_reference_file,https://admin.opendatani.gov.uk/dataset/3d1a6615-5fc9-4f0e-ab2a-d2b0d71fb9ed/resource/8578e0d4-47f6-4909-9ac4-32643a701e13/download/gp-practice-reference-file-january-2026.csv,2026-01,GP patient surveys,discontinued,historic_only,https://www.health-ni.gov.uk/articles/gp-patient-surveys,Northern Ireland GP patient survey ran from 2008/09 to 2010/11 and was then discontinued; no current practice-level equivalent is wired here.,DR. MCSPARRAN & PARTNERS BT44 0TE
DR. BROWNE & PARTNERS,Z00319,BT44 8AD,"PORTGLENONE HEALTH CENTRE, 17 TOWNHILL ROAD, BALLYMENA",,,,,,,,NORTHERN IRELAND,northern_ireland,ods_ni_gp_practice,RO315,NORTHERN IRELAND GP PRACTICE,RO315,https://directory.spineservices.nhs.uk/ORD/2-0-0/organisations/Z00319,2024-02-19,6988,opendatani_gp_practice_reference_file,https://admin.opendatani.gov.uk/dataset/3d1a6615-5fc9-4f0e-ab2a-d2b0d71fb9ed/resource/8578e0d4-47f6-4909-9ac4-32643a701e13/download/gp-practice-reference-file-january-2026.csv,2026-01,GP patient surveys,discontinued,historic_only,https://www.health-ni.gov.uk/articles/gp-patient-surveys,Northern Ireland GP patient survey ran from 2008/09 to 2010/11 and was then discontinued; no current practice-level equivalent is wired here.,DR. BROWNE & PARTNERS BT44 8AD
DR. HENDERSON & PARTNERS,Z00360,BT44 8QB,"RASHARKIN HEALTH CENTRE, 10 MONEYLECK ROAD, BALLYMENA",,,,,,,,NORTHERN IRELAND,northern_ireland,ods_ni_gp_practice,RO315,NORTHERN IRELAND GP PRACTICE,RO315,https://directory.spineservices.nhs.uk/ORD/2-0-0/organisations/Z00360,2021-09-16,4677,opendatani_gp_practice_reference_file,https://admin.opendatani.gov.uk/dataset/3d1a6615-5fc9-4f0e-ab2a-d2b0d71fb9ed/resource/8578e0d4-47f6-4909-9ac4-32643a701e13/download/gp-practice-reference-file-january-2026.csv,2026-01,GP patient surveys,discontinued,historic_only,https://www.health-ni.gov.uk/articles/gp-patient-surveys,Northern Ireland GP patient survey ran from 2008/09 to 2010/11 and was then discontinued; no current practice-level equivalent is wired here.,DR. HENDERSON & PARTNERS BT44 8QB
DR. MCCURDY & PARTNERS,Z00367,BT44 9LF,"THE FROCESS MEDICAL CENTRE, 56 MAIN STREET, BALLYMENA",,,,,,,,NORTHERN IRELAND,northern_ireland,ods_ni_gp_practice,RO315,NORTHERN IRELAND GP PRACTICE,RO315,https://directory.spineservices.nhs.uk/ORD/2-0-0/organisations/Z00367,2021-09-15,5391,opendatani_gp_practice_reference_file,https://admin.opendatani.gov.uk/dataset/3d1a6615-5fc9-4f0e-ab2a-d2b0d71fb9ed/resource/8578e0d4-47f6-4909-9ac4-32643a701e13/download/gp-practice-reference-file-january-2026.csv,2026-01,GP patient surveys,discontinued,historic_only,https://www.health-ni.gov.uk/articles/gp-patient-surveys,Northern Ireland GP patient survey ran from 2008/09 to 2010/11 and was then discontinued; no current practice-level equivalent is wired here.,DR. MCCURDY & PARTNERS BT44 9LF
DR. WALLS & PARTNERS,Z00406,BT45 5DD,"GARDEN STREET SURGERY, 29 GARDEN STREET, MAGHERAFELT",,,,,,,,NORTHERN IRELAND,northern_ireland,ods_ni_gp_practice,RO315,NORTHERN IRELAND GP PRACTICE,RO315,https://directory.spineservices.nhs.uk/ORD/2-0-0/organisations/Z00406,2021-09-20,10456,opendatani_gp_practice_reference_file,https://admin.opendatani.gov.uk/dataset/3d1a6615-5fc9-4f0e-ab2a-d2b0d71fb9ed/resource/8578e0d4-47f6-4909-9ac4-32643a701e13/download/gp-practice-reference-file-january-2026.csv,2026-01,GP patient surveys,discontinued,historic_only,https://www.health-ni.gov.uk/articles/gp-patient-surveys,Northern Ireland GP patient survey ran from 2008/09 to 2010/11 and was then discontinued; no current practice-level equivalent is wired here.,DR. WALLS & PARTNERS BT45 5DD
DR. MORRIS & PARTNERS,Z00412,BT45 6ED,"THE DIAMOND MEDICAL CENTRE, MARKET SQUARE, MAGHERAFELT",,,,,,,,NORTHERN IRELAND,northern_ireland,ods_ni_gp_practice,RO315,NORTHERN IRELAND GP PRACTICE,RO315,https://directory.spineservices.nhs.uk/ORD/2-0-0/organisations/Z00412,2021-09-20,8550,opendatani_gp_practice_reference_file,https://admin.opendatani.gov.uk/dataset/3d1a6615-5fc9-4f0e-ab2a-d2b0d71fb9ed/resource/8578e0d4-47f6-4909-9ac4-32643a701e13/download/gp-practice-reference-file-january-2026.csv,2026-01,GP patient surveys,discontinued,historic_only,https://www.health-ni.gov.uk/articles/gp-patient-surveys,Northern Ireland GP patient survey ran from 2008/09 to 2010/11 and was then discontinued; no current practice-level equivalent is wired here.,DR. MORRIS & PARTNERS BT45 6ED
DR. LOGAN & PARTNERS,Z00402,BT45 7AG,"DRAPERSTOWN SURGERY, 6 TOBERMORE ROAD, MAGHERAFELT",,,,,,,,NORTHERN IRELAND,northern_ireland,ods_ni_gp_practice,RO315,NORTHERN IRELAND GP PRACTICE,RO315,https://directory.spineservices.nhs.uk/ORD/2-0-0/organisations/Z00402,2024-05-20,9121,opendatani_gp_practice_reference_file,https://admin.opendatani.gov.uk/dataset/3d1a6615-5fc9-4f0e-ab2a-d2b0d71fb9ed/resource/8578e0d4-47f6-4909-9ac4-32643a701e13/download/gp-practice-reference-file-january-2026.csv,2026-01,GP patient surveys,discontinued,historic_only,https://www.health-ni.gov.uk/articles/gp-patient-surveys,Northern Ireland GP patient survey ran from 2008/09 to 2010/11 and was then discontinued; no current practice-level equivalent is wired here.,DR. LOGAN & PARTNERS BT45 7AG
DR. MCKAY & PARTNERS,Z00420,BT45 7LJ,"MONEYMORE MEDICAL PRACTICE, 1 FAIRHILL, MAGHERAFELT",,,,,,,,NORTHERN IRELAND,northern_ireland,ods_ni_gp_practice,RO315,NORTHERN IRELAND GP PRACTICE,RO315,https://directory.spineservices.nhs.uk/ORD/2-0-0/organisations/Z00420,2024-05-20,6420,opendatani_gp_practice_reference_file,https://admin.opendatani.gov.uk/dataset/3d1a6615-5fc9-4f0e-ab2a-d2b0d71fb9ed/resource/8578e0d4-47f6-4909-9ac4-32643a701e13/download/gp-practice-reference-file-january-2026.csv,2026-01,GP patient surveys,discontinued,historic_only,https://www.health-ni.gov.uk/articles/gp-patient-surveys,Northern Ireland GP patient survey ran from 2008/09 to 2010/11 and was then discontinued; no current practice-level equivalent is wired here.,DR. MCKAY & PARTNERS BT45 7LJ
DR. WOULAHAN & PARTNERS,Z00417,BT45 8AZ,"CASTLEDAWSON SURGERY, STATION ROAD, MAGHERAFELT",,,,,,,,NORTHERN IRELAND,northern_ireland,ods_ni_gp_practice,RO315,NORTHERN IRELAND GP PRACTICE,RO315,https://directory.spineservices.nhs.uk/ORD/2-0-0/organisations/Z00417,2025-05-16,8545,opendatani_gp_practice_reference_file,https://admin.opendatani.gov.uk/dataset/3d1a6615-5fc9-4f0e-ab2a-d2b0d71fb9ed/resource/8578e0d4-47f6-4909-9ac4-32643a701e13/download/gp-practice-reference-file-january-2026.csv,2026-01,GP patient surveys,discontinued,historic_only,https://www.health-ni.gov.uk/articles/gp-patient-surveys,Northern Ireland GP patient survey ran from 2008/09 to 2010/11 and was then discontinued; no current practice-level equivalent is wired here.,DR. WOULAHAN & PARTNERS BT45 8AZ
DR. SHAW & PARTNERS,Z00410,BT46 5EA,"MAGHERA MEDICAL CENTRE, 25 CHURCH STREET, MAGHERA",,,,,,,,NORTHERN IRELAND,northern_ireland,ods_ni_gp_practice,RO315,NORTHERN IRELAND GP PRACTICE,RO315,https://directory.spineservices.nhs.uk/ORD/2-0-0/organisations/Z00410,2021-09-16,8935,opendatani_gp_practice_reference_file,https://admin.opendatani.gov.uk/dataset/3d1a6615-5fc9-4f0e-ab2a-d2b0d71fb9ed/resource/8578e0d4-47f6-4909-9ac4-32643a701e13/download/gp-practice-reference-file-january-2026.csv,2026-01,GP patient surveys,discontinued,historic_only,https://www.health-ni.gov.uk/articles/gp-patient-surveys,Northern Ireland GP patient survey ran from 2008/09 to 2010/11 and was then discontinued; no current practice-level equivalent is wired here.,DR. SHAW & PARTNERS BT46 5EA
DR. DOHERTY & PARTNERS,Z00627,BT47 3AB,"EGLINTON MEDICAL PRACTICE, 29 MAIN STREET, LONDONDERRY",,,,,,,,NORTHERN IRELAND,northern_ireland,ods_ni_gp_practice,RO315,NORTHERN IRELAND GP PRACTICE,RO315,https://directory.spineservices.nhs.uk/ORD/2-0-0/organisations/Z00627,2024-02-19,8552,opendatani_gp_practice_reference_file,https://admin.opendatani.gov.uk/dataset/3d1a6615-5fc9-4f0e-ab2a-d2b0d71fb9ed/resource/8578e0d4-47f6-4909-9ac4-32643a701e13/download/gp-practice-reference-file-january-2026.csv,2026-01,GP patient surveys,discontinued,historic_only,https://www.health-ni.gov.uk/articles/gp-patient-surveys,Northern Ireland GP patient survey ran from 2008/09 to 2010/11 and was then discontinued; no current practice-level equivalent is wired here.,DR. DOHERTY & PARTNERS BT47 3AB
DR. GALLAGHER & PARTNERS,Z00600,BT47 4AB,"CLAUDY HEALTH CENTRE, 38A IRWIN CRESCENT, LONDONDERRY",,,,,,,,NORTHERN IRELAND,northern_ireland,ods_ni_gp_practice,RO315,NORTHERN IRELAND GP PRACTICE,RO315,https://directory.spineservices.nhs.uk/ORD/2-0-0/organisations/Z00600,2021-09-20,5163,opendatani_gp_practice_reference_file,https://admin.opendatani.gov.uk/dataset/3d1a6615-5fc9-4f0e-ab2a-d2b0d71fb9ed/resource/8578e0d4-47f6-4909-9ac4-32643a701e13/download/gp-practice-reference-file-january-2026.csv,2026-01,GP patient surveys,discontinued,historic_only,https://www.health-ni.gov.uk/articles/gp-patient-surveys,Northern Ireland GP patient survey ran from 2008/09 to 2010/11 and was then discontinued; no current practice-level equivalent is wired here.,DR. GALLAGHER & PARTNERS BT47 4AB
DR. KYLE & PARTNERS,Z00614,BT47 4RS,"DUNGIVEN FAMILY PRACTICE, DUNGIVEN HEALTH CENTRE, LONDONDERRY",,,,,,,,NORTHERN IRELAND,northern_ireland,ods_ni_gp_practice,RO315,NORTHERN IRELAND GP PRACTICE,RO315,https://directory.spineservices.nhs.uk/ORD/2-0-0/organisations/Z00614,2025-08-18,3749,opendatani_gp_practice_reference_file,https://admin.opendatani.gov.uk/dataset/3d1a6615-5fc9-4f0e-ab2a-d2b0d71fb9ed/resource/8578e0d4-47f6-4909-9ac4-32643a701e13/download/gp-practice-reference-file-january-2026.csv,2026-01,GP patient surveys,discontinued,historic_only,https://www.health-ni.gov.uk/articles/gp-patient-surveys,Northern Ireland GP patient survey ran from 2008/09 to 2010/11 and was then discontinued; no current practice-level equivalent is wired here.,DR. KYLE & PARTNERS BT47 4RS
DR. KNOX & PARTNER,Z00603,BT47 4TD,"FEENY MEDICAL PRATICE, THE HEALTH CENTRE, LONDONDERRY",,,,,,,,NORTHERN IRELAND,northern_ireland,ods_ni_gp_practice,RO315,NORTHERN IRELAND GP PRACTICE,RO315,https://directory.spineservices.nhs.uk/ORD/2-0-0/organisations/Z00603,2022-03-01,6422,opendatani_gp_practice_reference_file,https://admin.opendatani.gov.uk/dataset/3d1a6615-5fc9-4f0e-ab2a-d2b0d71fb9ed/resource/8578e0d4-47f6-4909-9ac4-32643a701e13/download/gp-practice-reference-file-january-2026.csv,2026-01,GP patient surveys,discontinued,historic_only,https://www.health-ni.gov.uk/articles/gp-patient-surveys,Northern Ireland GP patient survey ran from 2008/09 to 2010/11 and was then discontinued; no current practice-level equivalent is wired here.,DR. KNOX & PARTNER BT47 4TD
DR. CAMPBELL & PARTNERS,Z00624,BT47 6AH,"GLENDERMOTT MEDICAL, WATERSIDE HEALTH CENTRE, LONDONDERRY",,,,,,,,NORTHERN IRELAND,northern_ireland,ods_ni_gp_practice,RO315,NORTHERN IRELAND GP PRACTICE,RO315,https://directory.spineservices.nhs.uk/ORD/2-0-0/organisations/Z00624,2026-02-20,8486,opendatani_gp_practice_reference_file,https://admin.opendatani.gov.uk/dataset/3d1a6615-5fc9-4f0e-ab2a-d2b0d71fb9ed/resource/8578e0d4-47f6-4909-9ac4-32643a701e13/download/gp-practice-reference-file-january-2026.csv,2026-01,GP patient surveys,discontinued,historic_only,https://www.health-ni.gov.uk/articles/gp-patient-surveys,Northern Ireland GP patient survey ran from 2008/09 to 2010/11 and was then discontinued; no current practice-level equivalent is wired here.,DR. CAMPBELL & PARTNERS BT47 6AH
DR. CANAVAN & PARTNERS,Z00596,BT47 6AH,"CITYVIEW MEDICAL, WATERSIDE HEALTH CENTRE, LONDONDERRY",,,,,,,,NORTHERN IRELAND,northern_ireland,ods_ni_gp_practice,RO315,NORTHERN IRELAND GP PRACTICE,RO315,https://directory.spineservices.nhs.uk/ORD/2-0-0/organisations/Z00596,2025-11-14,10901,opendatani_gp_practice_reference_file,https://admin.opendatani.gov.uk/dataset/3d1a6615-5fc9-4f0e-ab2a-d2b0d71fb9ed/resource/8578e0d4-47f6-4909-9ac4-32643a701e13/download/gp-practice-reference-file-january-2026.csv,2026-01,GP patient surveys,discontinued,historic_only,https://www.health-ni.gov.uk/articles/gp-patient-surveys,Northern Ireland GP patient survey ran from 2008/09 to 2010/11 and was then discontinued; no current practice-level equivalent is wired here.,DR. CANAVAN & PARTNERS BT47 6AH
DR. RODGERS & PARTNERS,Z00626,BT47 6AH,"RIVERFRONT MEDICAL, WATERSIDE HEALTH CENTRE, LONDONDERRY",,,,,,,,NORTHERN IRELAND,northern_ireland,ods_ni_gp_practice,RO315,NORTHERN IRELAND GP PRACTICE,RO315,https://directory.spineservices.nhs.uk/ORD/2-0-0/organisations/Z00626,2024-05-20,8559,opendatani_gp_practice_reference_file,https://admin.opendatani.gov.uk/dataset/3d1a6615-5fc9-4f0e-ab2a-d2b0d71fb9ed/resource/8578e0d4-47f6-4909-9ac4-32643a701e13/download/gp-practice-reference-file-january-2026.csv,2026-01,GP patient surveys,discontinued,historic_only,https://www.health-ni.gov.uk/articles/gp-patient-surveys,Northern Ireland GP patient survey ran from 2008/09 to 2010/11 and was then discontinued; no current practice-level equivalent is wired here.,DR. RODGERS & PARTNERS BT47 6AH
DR. MCCANN & PARTNERS,Z00625,BT48 0LZ,"CREGGAN FAMILY PRACTICE, RATH MOR CENTRE, LONDONDERRY",,,,,,,,NORTHERN IRELAND,northern_ireland,ods_ni_gp_practice,RO315,NORTHERN IRELAND GP PRACTICE,RO315,https://directory.spineservices.nhs.uk/ORD/2-0-0/organisations/Z00625,2026-02-23,4149,opendatani_gp_practice_reference_file,https://admin.opendatani.gov.uk/dataset/3d1a6615-5fc9-4f0e-ab2a-d2b0d71fb9ed/resource/8578e0d4-47f6-4909-9ac4-32643a701e13/download/gp-practice-reference-file-january-2026.csv,2026-01,GP patient surveys,discontinued,historic_only,https://www.health-ni.gov.uk/articles/gp-patient-surveys,Northern Ireland GP patient survey ran from 2008/09 to 2010/11 and was then discontinued; no current practice-level equivalent is wired here.,DR. MCCANN & PARTNERS BT48 0LZ
DR. ORR & PARTNERS,Z00623,BT48 6LD,"FOYLESIDE FAMILY PRACTICE, BRIDGE STREET MEDICAL CENTRE, LONDONDERRY",,,,,,,,NORTHERN IRELAND,northern_ireland,ods_ni_gp_practice,RO315,NORTHERN IRELAND GP PRACTICE,RO315,https://directory.spineservices.nhs.uk/ORD/2-0-0/organisations/Z00623,2021-09-21,10698,opendatani_gp_practice_reference_file,https://admin.opendatani.gov.uk/dataset/3d1a6615-5fc9-4f0e-ab2a-d2b0d71fb9ed/resource/8578e0d4-47f6-4909-9ac4-32643a701e13/download/gp-practice-reference-file-january-2026.csv,2026-01,GP patient surveys,discontinued,historic_only,https://www.health-ni.gov.uk/articles/gp-patient-surveys,Northern Ireland GP patient survey ran from 2008/09 to 2010/11 and was then discontinued; no current practice-level equivalent is wired here.,DR. ORR & PARTNERS BT48 6LD
DR. DOOHAN & PARTNERS,Z00602,BT48 7DH,"OAKLEAF MEDICAL PRACTICE, GREAT JAMES STREET, LONDONDERRY",,,,,,,,NORTHERN IRELAND,northern_ireland,ods_ni_gp_practice,RO315,NORTHERN IRELAND GP PRACTICE,RO315,https://directory.spineservices.nhs.uk/ORD/2-0-0/organisations/Z00602,2021-09-20,11270,opendatani_gp_practice_reference_file,https://admin.opendatani.gov.uk/dataset/3d1a6615-5fc9-4f0e-ab2a-d2b0d71fb9ed/resource/8578e0d4-47f6-4909-9ac4-32643a701e13/download/gp-practice-reference-file-january-2026.csv,2026-01,GP patient surveys,discontinued,historic_only,https://www.health-ni.gov.uk/articles/gp-patient-surveys,Northern Ireland GP patient survey ran from 2008/09 to 2010/11 and was then discontinued; no current practice-level equivalent is wired here.,DR. DOOHAN & PARTNERS BT48 7DH
DR. O'DONNELL & PARTNERS,Z00599,BT48 7DH,"PARK MEDICAL, THE HEALTH CENTRE, LONDONDERRY",,,,,,,,NORTHERN IRELAND,northern_ireland,ods_ni_gp_practice,RO315,NORTHERN IRELAND GP PRACTICE,RO315,https://directory.spineservices.nhs.uk/ORD/2-0-0/organisations/Z00599,2022-03-01,8976,opendatani_gp_practice_reference_file,https://admin.opendatani.gov.uk/dataset/3d1a6615-5fc9-4f0e-ab2a-d2b0d71fb9ed/resource/8578e0d4-47f6-4909-9ac4-32643a701e13/download/gp-practice-reference-file-january-2026.csv,2026-01,GP patient surveys,discontinued,historic_only,https://www.health-ni.gov.uk/articles/gp-patient-surveys,Northern Ireland GP patient survey ran from 2008/09 to 2010/11 and was then discontinued; no current practice-level equivalent is wired here.,DR. O'DONNELL & PARTNERS BT48 7DH
DR. DOHERTY & PARTNER,Z00618,BT48 7ER,"CLARENDON STREET SURGERY, 49 CLARENDON STREET, LONDONDERRY",,,,,,,,NORTHERN IRELAND,northern_ireland,ods_ni_gp_practice,RO315,NORTHERN IRELAND GP PRACTICE,RO315,https://directory.spineservices.nhs.uk/ORD/2-0-0/organisations/Z00618,2022-03-01,2842,opendatani_gp_practice_reference_file,https://admin.opendatani.gov.uk/dataset/3d1a6615-5fc9-4f0e-ab2a-d2b0d71fb9ed/resource/8578e0d4-47f6-4909-9ac4-32643a701e13/download/gp-practice-reference-file-january-2026.csv,2026-01,GP patient surveys,discontinued,historic_only,https://www.health-ni.gov.uk/articles/gp-patient-surveys,Northern Ireland GP patient survey ran from 2008/09 to 2010/11 and was then discontinued; no current practice-level equivalent is wired here.,DR. DOHERTY & PARTNER BT48 7ER
DR. LALSINGH & PARTNERS,Z00615,BT48 7GW,"CLARENDON MEDICAL, 35 NORTHLAND AVENUE, LONDONDERRY",,,,,,,,NORTHERN IRELAND,northern_ireland,ods_ni_gp_practice,RO315,NORTHERN IRELAND GP PRACTICE,RO315,https://directory.spineservices.nhs.uk/ORD/2-0-0/organisations/Z00615,2021-09-20,11689,opendatani_gp_practice_reference_file,https://admin.opendatani.gov.uk/dataset/3d1a6615-5fc9-4f0e-ab2a-d2b0d71fb9ed/resource/8578e0d4-47f6-4909-9ac4-32643a701e13/download/gp-practice-reference-file-january-2026.csv,2026-01,GP patient surveys,discontinued,historic_only,https://www.health-ni.gov.uk/articles/gp-patient-surveys,Northern Ireland GP patient survey ran from 2008/09 to 2010/11 and was then discontinued; no current practice-level equivalent is wired here.,DR. LALSINGH & PARTNERS BT48 7GW
DR. FOY & PARTNERS,Z00598,BT48 7NN,"QUAYSIDE MEDICAL PRACTICE, 80 - 84 STRAND ROAD, LONDONDERRY",,,,,,,,NORTHERN IRELAND,northern_ireland,ods_ni_gp_practice,RO315,NORTHERN IRELAND GP PRACTICE,RO315,https://directory.spineservices.nhs.uk/ORD/2-0-0/organisations/Z00598,2024-11-15,11732,opendatani_gp_practice_reference_file,https://admin.opendatani.gov.uk/dataset/3d1a6615-5fc9-4f0e-ab2a-d2b0d71fb9ed/resource/8578e0d4-47f6-4909-9ac4-32643a701e13/download/gp-practice-reference-file-january-2026.csv,2026-01,GP patient surveys,discontinued,historic_only,https://www.health-ni.gov.uk/articles/gp-patient-surveys,Northern Ireland GP patient survey ran from 2008/09 to 2010/11 and was then discontinued; no current practice-level equivalent is wired here.,DR. FOY & PARTNERS BT48 7NN
DR. MACE & PARTNERS,Z00604,BT48 7NY,"ABERFOYLE MEDICAL PRACTICE, 120 STRAND ROAD, LONDONDERRY",,,,,,,,NORTHERN IRELAND,northern_ireland,ods_ni_gp_practice,RO315,NORTHERN IRELAND GP PRACTICE,RO315,https://directory.spineservices.nhs.uk/ORD/2-0-0/organisations/Z00604,2022-08-22,11418,opendatani_gp_practice_reference_file,https://admin.opendatani.gov.uk/dataset/3d1a6615-5fc9-4f0e-ab2a-d2b0d71fb9ed/resource/8578e0d4-47f6-4909-9ac4-32643a701e13/download/gp-practice-reference-file-january-2026.csv,2026-01,GP patient surveys,discontinued,historic_only,https://www.health-ni.gov.uk/articles/gp-patient-surveys,Northern Ireland GP patient survey ran from 2008/09 to 2010/11 and was then discontinued; no current practice-level equivalent is wired here.,DR. MACE & PARTNERS BT48 7NY
DR. DEANE & PARTNERS,Z00621,BT48 8NL,"NORTHSIDE MEDICAL PRACTICE, SHANTALLOW HEALTH CENTRE, LONDONDERRY",,,,,,,,NORTHERN IRELAND,northern_ireland,ods_ni_gp_practice,RO315,NORTHERN IRELAND GP PRACTICE,RO315,https://directory.spineservices.nhs.uk/ORD/2-0-0/organisations/Z00621,2024-11-15,3690,opendatani_gp_practice_reference_file,https://admin.opendatani.gov.uk/dataset/3d1a6615-5fc9-4f0e-ab2a-d2b0d71fb9ed/resource/8578e0d4-47f6-4909-9ac4-32643a701e13/download/gp-practice-reference-file-january-2026.csv,2026-01,GP patient surveys,discontinued,historic_only,https://www.health-ni.gov.uk/articles/gp-patient-surveys,Northern Ireland GP patient survey ran from 2008/09 to 2010/11 and was then discontinued; no current practice-level equivalent is wired here.,DR. DEANE & PARTNERS BT48 8NL
WHSCT RACECOURSE/MEDICAL,Z00622,BT48 8NL,"RACECOURSE MEDICAL GROUP, SHANTALLOW HEALTH CENTRE, LONDONDERRY",,,,,,,,NORTHERN IRELAND,northern_ireland,ods_ni_gp_practice,RO315,NORTHERN IRELAND GP PRACTICE,RO315,https://directory.spineservices.nhs.uk/ORD/2-0-0/organisations/Z00622,2025-02-24,4792,opendatani_gp_practice_reference_file,https://admin.opendatani.gov.uk/dataset/3d1a6615-5fc9-4f0e-ab2a-d2b0d71fb9ed/resource/8578e0d4-47f6-4909-9ac4-32643a701e13/download/gp-practice-reference-file-january-2026.csv,2026-01,GP patient surveys,discontinued,historic_only,https://www.health-ni.gov.uk/articles/gp-patient-surveys,Northern Ireland GP patient survey ran from 2008/09 to 2010/11 and was then discontinued; no current practice-level equivalent is wired here.,WHSCT RACECOURSE/MEDICAL BT48 8NL
DR. BLACK & PARTNERS,Z00608,BT48 9DN,"ABBEY MEDICAL PRACTICE, ABBEY STREET, LONDONDERRY",,,,,,,,NORTHERN IRELAND,northern_ireland,ods_ni_gp_practice,RO315,NORTHERN IRELAND GP PRACTICE,RO315,https://directory.spineservices.nhs.uk/ORD/2-0-0/organisations/Z00608,2021-09-20,6794,opendatani_gp_practice_reference_file,https://admin.opendatani.gov.uk/dataset/3d1a6615-5fc9-4f0e-ab2a-d2b0d71fb9ed/resource/8578e0d4-47f6-4909-9ac4-32643a701e13/download/gp-practice-reference-file-january-2026.csv,2026-01,GP patient surveys,discontinued,historic_only,https://www.health-ni.gov.uk/articles/gp-patient-surveys,Northern Ireland GP patient survey ran from 2008/09 to 2010/11 and was then discontinued; no current practice-level equivalent is wired here.,DR. BLACK & PARTNERS BT48 9DN
DR. QUINN & PARTNERS,Z00619,BT49 0NA,"LIMAVADY HEALTH CENTRE, SCROGGY ROAD, LIMAVADY",,,,,,,,NORTHERN IRELAND,northern_ireland,ods_ni_gp_practice,RO315,NORTHERN IRELAND GP PRACTICE,RO315,https://directory.spineservices.nhs.uk/ORD/2-0-0/organisations/Z00619,2024-02-20,6142,opendatani_gp_practice_reference_file,https://admin.opendatani.gov.uk/dataset/3d1a6615-5fc9-4f0e-ab2a-d2b0d71fb9ed/resource/8578e0d4-47f6-4909-9ac4-32643a701e13/download/gp-practice-reference-file-january-2026.csv,2026-01,GP patient surveys,discontinued,historic_only,https://www.health-ni.gov.uk/articles/gp-patient-surveys,Northern Ireland GP patient survey ran from 2008/09 to 2010/11 and was then discontinued; no current practice-level equivalent is wired here.,DR. QUINN & PARTNERS BT49 0NA
DR. THOMASIUS & PARTNERS,Z00629,BT49 0NA,"ROE FAMILY PRACTICE, LIMAVADY HEALTH CENTRE, LIMAVADY",,,,,,,,NORTHERN IRELAND,northern_ireland,ods_ni_gp_practice,RO315,NORTHERN IRELAND GP PRACTICE,RO315,https://directory.spineservices.nhs.uk/ORD/2-0-0/organisations/Z00629,2024-11-15,6908,opendatani_gp_practice_reference_file,https://admin.opendatani.gov.uk/dataset/3d1a6615-5fc9-4f0e-ab2a-d2b0d71fb9ed/resource/8578e0d4-47f6-4909-9ac4-32643a701e13/download/gp-practice-reference-file-january-2026.csv,2026-01,GP patient surveys,discontinued,historic_only,https://www.health-ni.gov.uk/articles/gp-patient-surveys,Northern Ireland GP patient survey ran from 2008/09 to 2010/11 and was then discontinued; no current practice-level equivalent is wired here.,DR. THOMASIUS & PARTNERS BT49 0NA
DR. OLLERENSHAW & PARTNERS,Z00597,BT49 0TE,"BOVALLY MEDICAL PRACTICE, 2 ROSSAIR ROAD, LIMAVADY",,,,,,,,NORTHERN IRELAND,northern_ireland,ods_ni_gp_practice,RO315,NORTHERN IRELAND GP PRACTICE,RO315,https://directory.spineservices.nhs.uk/ORD/2-0-0/organisations/Z00597,2025-02-24,6316,opendatani_gp_practice_reference_file,https://admin.opendatani.gov.uk/dataset/3d1a6615-5fc9-4f0e-ab2a-d2b0d71fb9ed/resource/8578e0d4-47f6-4909-9ac4-32643a701e13/download/gp-practice-reference-file-january-2026.csv,2026-01,GP patient surveys,discontinued,historic_only,https://www.health-ni.gov.uk/articles/gp-patient-surveys,Northern Ireland GP patient survey ran from 2008/09 to 2010/11 and was then discontinued; no current practice-level equivalent is wired here.,DR. OLLERENSHAW & PARTNERS BT49 0TE
DR. PRATT & PARTNERS,Z00609,BT49 0TE,"ROSSAIR FAMILY PRACTICE, BOVALLY MEDICAL CENTRE, LIMAVADY",,,,,,,,NORTHERN IRELAND,northern_ireland,ods_ni_gp_practice,RO315,NORTHERN IRELAND GP PRACTICE,RO315,https://directory.spineservices.nhs.uk/ORD/2-0-0/organisations/Z00609,2021-09-20,6286,opendatani_gp_practice_reference_file,https://admin.opendatani.gov.uk/dataset/3d1a6615-5fc9-4f0e-ab2a-d2b0d71fb9ed/resource/8578e0d4-47f6-4909-9ac4-32643a701e13/download/gp-practice-reference-file-january-2026.csv,2026-01,GP patient surveys,discontinued,historic_only,https://www.health-ni.gov.uk/articles/gp-patient-surveys,Northern Ireland GP patient survey ran from 2008/09 to 2010/11 and was then discontinued; no current practice-level equivalent is wired here.,DR. PRATT & PARTNERS BT49 0TE
DR. MCCONVILLE & PARTNERS,Z00018,BT5 4ES,"BRIDGES FAMILY PRACTICE, 2-6 BRYSON STREET, BELFAST",,,,,,,,NORTHERN IRELAND,northern_ireland,ods_ni_gp_practice,RO315,NORTHERN IRELAND GP PRACTICE,RO315,https://directory.spineservices.nhs.uk/ORD/2-0-0/organisations/Z00018,2021-09-16,8149,opendatani_gp_practice_reference_file,https://admin.opendatani.gov.uk/dataset/3d1a6615-5fc9-4f0e-ab2a-d2b0d71fb9ed/resource/8578e0d4-47f6-4909-9ac4-32643a701e13/download/gp-practice-reference-file-january-2026.csv,2026-01,GP patient surveys,discontinued,historic_only,https://www.health-ni.gov.uk/articles/gp-patient-surveys,Northern Ireland GP patient survey ran from 2008/09 to 2010/11 and was then discontinued; no current practice-level equivalent is wired here.,DR. MCCONVILLE & PARTNERS BT5 4ES
DR. THOMPSON & PARTNER,Z00030,BT5 4FT,"EASTSIDE SURGERY, 56 TEMPLEMORE AVENUE, BELFAST",,,,,,,,NORTHERN IRELAND,northern_ireland,ods_ni_gp_practice,RO315,NORTHERN IRELAND GP PRACTICE,RO315,https://directory.spineservices.nhs.uk/ORD/2-0-0/organisations/Z00030,2025-11-14,2585,opendatani_gp_practice_reference_file,https://admin.opendatani.gov.uk/dataset/3d1a6615-5fc9-4f0e-ab2a-d2b0d71fb9ed/resource/8578e0d4-47f6-4909-9ac4-32643a701e13/download/gp-practice-reference-file-january-2026.csv,2026-01,GP patient surveys,discontinued,historic_only,https://www.health-ni.gov.uk/articles/gp-patient-surveys,Northern Ireland GP patient survey ran from 2008/09 to 2010/11 and was then discontinued; no current practice-level equivalent is wired here.,DR. THOMPSON & PARTNER BT5 4FT
DR. MCCLOSKEY & PARTNERS,Z00024,BT5 4NH,"THE MOUNT GROUP PRACTICE, 50 CASTLEREAGH STREET, BELFAST",,,,,,,,NORTHERN IRELAND,northern_ireland,ods_ni_gp_practice,RO315,NORTHERN IRELAND GP PRACTICE,RO315,https://directory.spineservices.nhs.uk/ORD/2-0-0/organisations/Z00024,2021-09-16,3782,opendatani_gp_practice_reference_file,https://admin.opendatani.gov.uk/dataset/3d1a6615-5fc9-4f0e-ab2a-d2b0d71fb9ed/resource/8578e0d4-47f6-4909-9ac4-32643a701e13/download/gp-practice-reference-file-january-2026.csv,2026-01,GP patient surveys,discontinued,historic_only,https://www.health-ni.gov.uk/articles/gp-patient-surveys,Northern Ireland GP patient survey ran from 2008/09 to 2010/11 and was then discontinued; no current practice-level equivalent is wired here.,DR. MCCLOSKEY & PARTNERS BT5 4NH
DR. WILSON & PARTNERS,Z00010,BT5 4PX,"TEMPLEMORE MEDICAL CENTRE, 225 ALBERTBRIDGE ROAD, BELFAST",,,,,,,,NORTHERN IRELAND,northern_ireland,ods_ni_gp_practice,RO315,NORTHERN IRELAND GP PRACTICE,RO315,https://directory.spineservices.nhs.uk/ORD/2-0-0/organisations/Z00010,2023-08-23,5606,opendatani_gp_practice_reference_file,https://admin.opendatani.gov.uk/dataset/3d1a6615-5fc9-4f0e-ab2a-d2b0d71fb9ed/resource/8578e0d4-47f6-4909-9ac4-32643a701e13/download/gp-practice-reference-file-january-2026.csv,2026-01,GP patient surveys,discontinued,historic_only,https://www.health-ni.gov.uk/articles/gp-patient-surveys,Northern Ireland GP patient survey ran from 2008/09 to 2010/11 and was then discontinued; no current practice-level equivalent is wired here.,DR. WILSON & PARTNERS BT5 4PX
DR. MCKENNA & PARTNERS,Z00019,BT5 5DY,"LINEN COURT SURGERY, 336 BEERSBRIDGE ROAD, BELFAST",,,,,,,,NORTHERN IRELAND,northern_ireland,ods_ni_gp_practice,RO315,NORTHERN IRELAND GP PRACTICE,RO315,https://directory.spineservices.nhs.uk/ORD/2-0-0/organisations/Z00019,2025-05-16,4546,opendatani_gp_practice_reference_file,https://admin.opendatani.gov.uk/dataset/3d1a6615-5fc9-4f0e-ab2a-d2b0d71fb9ed/resource/8578e0d4-47f6-4909-9ac4-32643a701e13/download/gp-practice-reference-file-january-2026.csv,2026-01,GP patient surveys,discontinued,historic_only,https://www.health-ni.gov.uk/articles/gp-patient-surveys,Northern Ireland GP patient survey ran from 2008/09 to 2010/11 and was then discontinued; no current practice-level equivalent is wired here.,DR. MCKENNA & PARTNERS BT5 5DY
DR. KELLY & PARTNERS,Z00032,BT5 5FP,"WILLOWFIELD SURGERY, 50/52 CASTLEREAGH ROAD, BELFAST",,,,,,,,NORTHERN IRELAND,northern_ireland,ods_ni_gp_practice,RO315,NORTHERN IRELAND GP PRACTICE,RO315,https://directory.spineservices.nhs.uk/ORD/2-0-0/organisations/Z00032,2021-09-16,,opendatani_gp_practice_reference_file,https://admin.opendatani.gov.uk/dataset/3d1a6615-5fc9-4f0e-ab2a-d2b0d71fb9ed/resource/8578e0d4-47f6-4909-9ac4-32643a701e13/download/gp-practice-reference-file-january-2026.csv,2026-01,GP patient surveys,discontinued,historic_only,https://www.health-ni.gov.uk/articles/gp-patient-surveys,Northern Ireland GP patient survey ran from 2008/09 to 2010/11 and was then discontinued; no current practice-level equivalent is wired here.,DR. KELLY & PARTNERS BT5 5FP
DR. ABERNETHY,Z00038,BT5 7BP,"CHERRYVALLEY FAMILY PRACTICE, CHERRYVALLEY HEALTH CENTRE, BELFAST",,,,,,,,NORTHERN IRELAND,northern_ireland,ods_ni_gp_practice,RO315,NORTHERN IRELAND GP PRACTICE,RO315,https://directory.spineservices.nhs.uk/ORD/2-0-0/organisations/Z00038,2021-09-16,1946,opendatani_gp_practice_reference_file,https://admin.opendatani.gov.uk/dataset/3d1a6615-5fc9-4f0e-ab2a-d2b0d71fb9ed/resource/8578e0d4-47f6-4909-9ac4-32643a701e13/download/gp-practice-reference-file-january-2026.csv,2026-01,GP patient surveys,discontinued,historic_only,https://www.health-ni.gov.uk/articles/gp-patient-surveys,Northern Ireland GP patient survey ran from 2008/09 to 2010/11 and was then discontinued; no current practice-level equivalent is wired here.,DR. ABERNETHY BT5 7BP
DR. FINLAY & PARTNERS,Z00037,BT5 7BP,"CHERRYVALLEY GROUP PRACTICE, CHERRYVALLEY HEALTH CENTRE, BELFAST",,,,,,,,NORTHERN IRELAND,northern_ireland,ods_ni_gp_practice,RO315,NORTHERN IRELAND GP PRACTICE,RO315,https://directory.spineservices.nhs.uk/ORD/2-0-0/organisations/Z00037,2025-05-16,7025,opendatani_gp_practice_reference_file,https://admin.opendatani.gov.uk/dataset/3d1a6615-5fc9-4f0e-ab2a-d2b0d71fb9ed/resource/8578e0d4-47f6-4909-9ac4-32643a701e13/download/gp-practice-reference-file-january-2026.csv,2026-01,GP patient surveys,discontinued,historic_only,https://www.health-ni.gov.uk/articles/gp-patient-surveys,Northern Ireland GP patient survey ran from 2008/09 to 2010/11 and was then discontinued; no current practice-level equivalent is wired here.,DR. FINLAY & PARTNERS BT5 7BP
DR. LEITCH & PARTNERS,Z00029,BT5 7LH,"CASTLEREAGH MEDICAL CENTRE, 21 BALLYGOWAN ROAD, BELFAST",,,,,,,,NORTHERN IRELAND,northern_ireland,ods_ni_gp_practice,RO315,NORTHERN IRELAND GP PRACTICE,RO315,https://directory.spineservices.nhs.uk/ORD/2-0-0/organisations/Z00029,2023-11-17,5455,opendatani_gp_practice_reference_file,https://admin.opendatani.gov.uk/dataset/3d1a6615-5fc9-4f0e-ab2a-d2b0d71fb9ed/resource/8578e0d4-47f6-4909-9ac4-32643a701e13/download/gp-practice-reference-file-january-2026.csv,2026-01,GP patient surveys,discontinued,historic_only,https://www.health-ni.gov.uk/articles/gp-patient-surveys,Northern Ireland GP patient survey ran from 2008/09 to 2010/11 and was then discontinued; no current practice-level equivalent is wired here.,DR. LEITCH & PARTNERS BT5 7LH
DR. MAXWELL & PARTNERS,Z00341,BT51 3HP,"RIVERSIDE MEDICAL, CASTLEROCK ROAD, COLERAINE",,,,,,,,NORTHERN IRELAND,northern_ireland,ods_ni_gp_practice,RO315,NORTHERN IRELAND GP PRACTICE,RO315,https://directory.spineservices.nhs.uk/ORD/2-0-0/organisations/Z00341,2021-09-14,4779,opendatani_gp_practice_reference_file,https://admin.opendatani.gov.uk/dataset/3d1a6615-5fc9-4f0e-ab2a-d2b0d71fb9ed/resource/8578e0d4-47f6-4909-9ac4-32643a701e13/download/gp-practice-reference-file-january-2026.csv,2026-01,GP patient surveys,discontinued,historic_only,https://www.health-ni.gov.uk/articles/gp-patient-surveys,Northern Ireland GP patient survey ran from 2008/09 to 2010/11 and was then discontinued; no current practice-level equivalent is wired here.,DR. MAXWELL & PARTNERS BT51 3HP
DR. TRACEY & PARTNERS,Z00344,BT51 3HP,"KILLOWEN MEDICAL CENTRE, CASTLEROCK ROAD, COLERAINE",,,,,,,,NORTHERN IRELAND,northern_ireland,ods_ni_gp_practice,RO315,NORTHERN IRELAND GP PRACTICE,RO315,https://directory.spineservices.nhs.uk/ORD/2-0-0/organisations/Z00344,2021-09-14,6385,opendatani_gp_practice_reference_file,https://admin.opendatani.gov.uk/dataset/3d1a6615-5fc9-4f0e-ab2a-d2b0d71fb9ed/resource/8578e0d4-47f6-4909-9ac4-32643a701e13/download/gp-practice-reference-file-january-2026.csv,2026-01,GP patient surveys,discontinued,historic_only,https://www.health-ni.gov.uk/articles/gp-patient-surveys,Northern Ireland GP patient survey ran from 2008/09 to 2010/11 and was then discontinued; no current practice-level equivalent is wired here.,DR. TRACEY & PARTNERS BT51 3HP
DR. WHITE,Z00358,BT51 4TW,"LIFFOCK SURGERY, 69 SEA ROAD, COLERAINE",,,,,,,,NORTHERN IRELAND,northern_ireland,ods_ni_gp_practice,RO315,NORTHERN IRELAND GP PRACTICE,RO315,https://directory.spineservices.nhs.uk/ORD/2-0-0/organisations/Z00358,2021-09-16,2769,opendatani_gp_practice_reference_file,https://admin.opendatani.gov.uk/dataset/3d1a6615-5fc9-4f0e-ab2a-d2b0d71fb9ed/resource/8578e0d4-47f6-4909-9ac4-32643a701e13/download/gp-practice-reference-file-january-2026.csv,2026-01,GP patient surveys,discontinued,historic_only,https://www.health-ni.gov.uk/articles/gp-patient-surveys,Northern Ireland GP patient survey ran from 2008/09 to 2010/11 and was then discontinued; no current practice-level equivalent is wired here.,DR. WHITE BT51 4TW
DR. CONNOR & PARTNERS,Z00352,BT51 5AE,"GARVAGH HEALTH CENTRE, 110 MAIN STREET, COLERAINE",,,,,,,,NORTHERN IRELAND,northern_ireland,ods_ni_gp_practice,RO315,NORTHERN IRELAND GP PRACTICE,RO315,https://directory.spineservices.nhs.uk/ORD/2-0-0/organisations/Z00352,2021-09-14,6246,opendatani_gp_practice_reference_file,https://admin.opendatani.gov.uk/dataset/3d1a6615-5fc9-4f0e-ab2a-d2b0d71fb9ed/resource/8578e0d4-47f6-4909-9ac4-32643a701e13/download/gp-practice-reference-file-january-2026.csv,2026-01,GP patient surveys,discontinued,historic_only,https://www.health-ni.gov.uk/articles/gp-patient-surveys,Northern Ireland GP patient survey ran from 2008/09 to 2010/11 and was then discontinued; no current practice-level equivalent is wired here.,DR. CONNOR & PARTNERS BT51 5AE
DR. MCGURK & PARTNERS,Z00355,BT51 5QP,"KILREA HEALTH CENTRE, 36 GARVAGH ROAD, COLERAINE",,,,,,,,NORTHERN IRELAND,northern_ireland,ods_ni_gp_practice,RO315,NORTHERN IRELAND GP PRACTICE,RO315,https://directory.spineservices.nhs.uk/ORD/2-0-0/organisations/Z00355,2025-02-21,7025,opendatani_gp_practice_reference_file,https://admin.opendatani.gov.uk/dataset/3d1a6615-5fc9-4f0e-ab2a-d2b0d71fb9ed/resource/8578e0d4-47f6-4909-9ac4-32643a701e13/download/gp-practice-reference-file-january-2026.csv,2026-01,GP patient surveys,discontinued,historic_only,https://www.health-ni.gov.uk/articles/gp-patient-surveys,Northern Ireland GP patient survey ran from 2008/09 to 2010/11 and was then discontinued; no current practice-level equivalent is wired here.,DR. MCGURK & PARTNERS BT51 5QP
DR. MCILMOYLE & PARTNERS,Z00356,BT52 1JB,"MOUNTSANDEL SURGERY, 4 MOUNTSANDEL ROAD, COLERAINE",,,,,,,,NORTHERN IRELAND,northern_ireland,ods_ni_gp_practice,RO315,NORTHERN IRELAND GP PRACTICE,RO315,https://directory.spineservices.nhs.uk/ORD/2-0-0/organisations/Z00356,2025-05-16,11467,opendatani_gp_practice_reference_file,https://admin.opendatani.gov.uk/dataset/3d1a6615-5fc9-4f0e-ab2a-d2b0d71fb9ed/resource/8578e0d4-47f6-4909-9ac4-32643a701e13/download/gp-practice-reference-file-january-2026.csv,2026-01,GP patient surveys,discontinued,historic_only,https://www.health-ni.gov.uk/articles/gp-patient-surveys,Northern Ireland GP patient survey ran from 2008/09 to 2010/11 and was then discontinued; no current practice-level equivalent is wired here.,DR. MCILMOYLE & PARTNERS BT52 1JB
DR. WALLACE & PARTNERS,Z00346,BT52 1JX,"LODGE HEALTH, 20 LODGE MANOR, COLERAINE",,,,,,,,NORTHERN IRELAND,northern_ireland,ods_ni_gp_practice,RO315,NORTHERN IRELAND GP PRACTICE,RO315,https://directory.spineservices.nhs.uk/ORD/2-0-0/organisations/Z00346,2021-09-14,9699,opendatani_gp_practice_reference_file,https://admin.opendatani.gov.uk/dataset/3d1a6615-5fc9-4f0e-ab2a-d2b0d71fb9ed/resource/8578e0d4-47f6-4909-9ac4-32643a701e13/download/gp-practice-reference-file-january-2026.csv,2026-01,GP patient surveys,discontinued,historic_only,https://www.health-ni.gov.uk/articles/gp-patient-surveys,Northern Ireland GP patient survey ran from 2008/09 to 2010/11 and was then discontinued; no current practice-level equivalent is wired here.,DR. WALLACE & PARTNERS BT52 1JX
DR. JOHNSTON & PARTNERS,Z00345,BT53 6HB,"BALLYMONEY FAMILY PRACTICE, BALLYMONEY HEALTH CENTRE, BALLYMONEY",,,,,,,,NORTHERN IRELAND,northern_ireland,ods_ni_gp_practice,RO315,NORTHERN IRELAND GP PRACTICE,RO315,https://directory.spineservices.nhs.uk/ORD/2-0-0/organisations/Z00345,2021-09-14,18859,opendatani_gp_practice_reference_file,https://admin.opendatani.gov.uk/dataset/3d1a6615-5fc9-4f0e-ab2a-d2b0d71fb9ed/resource/8578e0d4-47f6-4909-9ac4-32643a701e13/download/gp-practice-reference-file-january-2026.csv,2026-01,GP patient surveys,discontinued,historic_only,https://www.health-ni.gov.uk/articles/gp-patient-surveys,Northern Ireland GP patient survey ran from 2008/09 to 2010/11 and was then discontinued; no current practice-level equivalent is wired here.,DR. JOHNSTON & PARTNERS BT53 6HB
DR. HADDEN & PARTNERS,Z00349,BT53 8TY,"THE COUNTRY MEDICAL PRACTICE, 122 BALLINLEA ROAD, BALLYMONEY",,,,,,,,NORTHERN IRELAND,northern_ireland,ods_ni_gp_practice,RO315,NORTHERN IRELAND GP PRACTICE,RO315,https://directory.spineservices.nhs.uk/ORD/2-0-0/organisations/Z00349,2025-05-16,6052,opendatani_gp_practice_reference_file,https://admin.opendatani.gov.uk/dataset/3d1a6615-5fc9-4f0e-ab2a-d2b0d71fb9ed/resource/8578e0d4-47f6-4909-9ac4-32643a701e13/download/gp-practice-reference-file-january-2026.csv,2026-01,GP patient surveys,discontinued,historic_only,https://www.health-ni.gov.uk/articles/gp-patient-surveys,Northern Ireland GP patient survey ran from 2008/09 to 2010/11 and was then discontinued; no current practice-level equivalent is wired here.,DR. HADDEN & PARTNERS BT53 8TY
DR. HASSON & PARTNERS,Z00368,BT54 6BA,"BALLYCASTLE MEDICAL PRACTICE, BALLYCASTLE HEALTH CENTRE, BALLYCASTLE",,,,,,,,NORTHERN IRELAND,northern_ireland,ods_ni_gp_practice,RO315,NORTHERN IRELAND GP PRACTICE,RO315,https://directory.spineservices.nhs.uk/ORD/2-0-0/organisations/Z00368,2023-11-17,4900,opendatani_gp_practice_reference_file,https://admin.opendatani.gov.uk/dataset/3d1a6615-5fc9-4f0e-ab2a-d2b0d71fb9ed/resource/8578e0d4-47f6-4909-9ac4-32643a701e13/download/gp-practice-reference-file-january-2026.csv,2026-01,GP patient surveys,discontinued,historic_only,https://www.health-ni.gov.uk/articles/gp-patient-surveys,Northern Ireland GP patient survey ran from 2008/09 to 2010/11 and was then discontinued; no current practice-level equivalent is wired here.,DR. HASSON & PARTNERS BT54 6BA
DR. O'KANE & PARTNERS,Z00366,BT54 6BA,"DALRIADA FAMILY PRACTICE, BALLYCASTLE HEALTH CENTRE, BALLYCASTLE",,,,,,,,NORTHERN IRELAND,northern_ireland,ods_ni_gp_practice,RO315,NORTHERN IRELAND GP PRACTICE,RO315,https://directory.spineservices.nhs.uk/ORD/2-0-0/organisations/Z00366,2022-08-22,4310,opendatani_gp_practice_reference_file,https://admin.opendatani.gov.uk/dataset/3d1a6615-5fc9-4f0e-ab2a-d2b0d71fb9ed/resource/8578e0d4-47f6-4909-9ac4-32643a701e13/download/gp-practice-reference-file-january-2026.csv,2026-01,GP patient surveys,discontinued,historic_only,https://www.health-ni.gov.uk/articles/gp-patient-surveys,Northern Ireland GP patient survey ran from 2008/09 to 2010/11 and was then discontinued; no current practice-level equivalent is wired here.,DR. O'KANE & PARTNERS BT54 6BA
DR. HARLEY & PARTNERS,Z00354,BT55 7EF,"PORTSTEWART FAMILY PRACTICE, 6 LEVER ROAD, PORTSTEWART",,,,,,,,NORTHERN IRELAND,northern_ireland,ods_ni_gp_practice,RO315,NORTHERN IRELAND GP PRACTICE,RO315,https://directory.spineservices.nhs.uk/ORD/2-0-0/organisations/Z00354,2025-05-16,3509,opendatani_gp_practice_reference_file,https://admin.opendatani.gov.uk/dataset/3d1a6615-5fc9-4f0e-ab2a-d2b0d71fb9ed/resource/8578e0d4-47f6-4909-9ac4-32643a701e13/download/gp-practice-reference-file-january-2026.csv,2026-01,GP patient surveys,discontinued,historic_only,https://www.health-ni.gov.uk/articles/gp-patient-surveys,Northern Ireland GP patient survey ran from 2008/09 to 2010/11 and was then discontinued; no current practice-level equivalent is wired here.,DR. HARLEY & PARTNERS BT55 7EF
DR. TURKINGTON & PARTNERS,Z00369,BT55 7SW,"PORTSTEWART MEDICAL CENTRE, 32 MILL ROAD, PORTSTEWART",,,,,,,,NORTHERN IRELAND,northern_ireland,ods_ni_gp_practice,RO315,NORTHERN IRELAND GP PRACTICE,RO315,https://directory.spineservices.nhs.uk/ORD/2-0-0/organisations/Z00369,2023-11-17,4290,opendatani_gp_practice_reference_file,https://admin.opendatani.gov.uk/dataset/3d1a6615-5fc9-4f0e-ab2a-d2b0d71fb9ed/resource/8578e0d4-47f6-4909-9ac4-32643a701e13/download/gp-practice-reference-file-january-2026.csv,2026-01,GP patient surveys,discontinued,historic_only,https://www.health-ni.gov.uk/articles/gp-patient-surveys,Northern Ireland GP patient survey ran from 2008/09 to 2010/11 and was then discontinued; no current practice-level equivalent is wired here.,DR. TURKINGTON & PARTNERS BT55 7SW
DR. BAILIE & PARTNERS,Z00351,BT56 8DW,"PORTRUSH MEDICAL CENTRE, 17 DUNLUCE AVENUE, PORTRUSH",,,,,,,,NORTHERN IRELAND,northern_ireland,ods_ni_gp_practice,RO315,NORTHERN IRELAND GP PRACTICE,RO315,https://directory.spineservices.nhs.uk/ORD/2-0-0/organisations/Z00351,2021-09-20,7544,opendatani_gp_practice_reference_file,https://admin.opendatani.gov.uk/dataset/3d1a6615-5fc9-4f0e-ab2a-d2b0d71fb9ed/resource/8578e0d4-47f6-4909-9ac4-32643a701e13/download/gp-practice-reference-file-january-2026.csv,2026-01,GP patient surveys,discontinued,historic_only,https://www.health-ni.gov.uk/articles/gp-patient-surveys,Northern Ireland GP patient survey ran from 2008/09 to 2010/11 and was then discontinued; no current practice-level equivalent is wired here.,DR. BAILIE & PARTNERS BT56 8DW
DR. JONES & PARTNERS,Z00350,BT57 8QP,"BUSHMILLS MEDICAL CENTRE, 6 PRIESTLAND ROAD, BUSHMILLS",,,,,,,,NORTHERN IRELAND,northern_ireland,ods_ni_gp_practice,RO315,NORTHERN IRELAND GP PRACTICE,RO315,https://directory.spineservices.nhs.uk/ORD/2-0-0/organisations/Z00350,2021-11-18,3152,opendatani_gp_practice_reference_file,https://admin.opendatani.gov.uk/dataset/3d1a6615-5fc9-4f0e-ab2a-d2b0d71fb9ed/resource/8578e0d4-47f6-4909-9ac4-32643a701e13/download/gp-practice-reference-file-january-2026.csv,2026-01,GP patient surveys,discontinued,historic_only,https://www.health-ni.gov.uk/articles/gp-patient-surveys,Northern Ireland GP patient survey ran from 2008/09 to 2010/11 and was then discontinued; no current practice-level equivalent is wired here.,DR. JONES & PARTNERS BT57 8QP
DR. RODGERS & PARTNERS,Z00033,BT6 9DL,"WOODSTOCK MEDICAL CENTRE, 222 WOODSTOCK ROAD, BELFAST",,,,,,,,NORTHERN IRELAND,northern_ireland,ods_ni_gp_practice,RO315,NORTHERN IRELAND GP PRACTICE,RO315,https://directory.spineservices.nhs.uk/ORD/2-0-0/organisations/Z00033,2021-09-16,5546,opendatani_gp_practice_reference_file,https://admin.opendatani.gov.uk/dataset/3d1a6615-5fc9-4f0e-ab2a-d2b0d71fb9ed/resource/8578e0d4-47f6-4909-9ac4-32643a701e13/download/gp-practice-reference-file-january-2026.csv,2026-01,GP patient surveys,discontinued,historic_only,https://www.health-ni.gov.uk/articles/gp-patient-surveys,Northern Ireland GP patient survey ran from 2008/09 to 2010/11 and was then discontinued; no current practice-level equivalent is wired here.,DR. RODGERS & PARTNERS BT6 9DL
DR. TONER & PARTNERS,Z00148,BT6 9EY,"SOUTH EAST FAMILY PRACTICE, 370/372 CREGAGH ROAD, BELFAST",,,,,,,,NORTHERN IRELAND,northern_ireland,ods_ni_gp_practice,RO315,NORTHERN IRELAND GP PRACTICE,RO315,https://directory.spineservices.nhs.uk/ORD/2-0-0/organisations/Z00148,2021-09-17,8979,opendatani_gp_practice_reference_file,https://admin.opendatani.gov.uk/dataset/3d1a6615-5fc9-4f0e-ab2a-d2b0d71fb9ed/resource/8578e0d4-47f6-4909-9ac4-32643a701e13/download/gp-practice-reference-file-january-2026.csv,2026-01,GP patient surveys,discontinued,historic_only,https://www.health-ni.gov.uk/articles/gp-patient-surveys,Northern Ireland GP patient survey ran from 2008/09 to 2010/11 and was then discontinued; no current practice-level equivalent is wired here.,DR. TONER & PARTNERS BT6 9EY
DR. MURDOCK & PARTNER,Z00164,BT6 9HL,"CREGAGH SURGERY, 36 MONTGOMERY ROAD, BELFAST",,,,,,,,NORTHERN IRELAND,northern_ireland,ods_ni_gp_practice,RO315,NORTHERN IRELAND GP PRACTICE,RO315,https://directory.spineservices.nhs.uk/ORD/2-0-0/organisations/Z00164,2021-09-17,8079,opendatani_gp_practice_reference_file,https://admin.opendatani.gov.uk/dataset/3d1a6615-5fc9-4f0e-ab2a-d2b0d71fb9ed/resource/8578e0d4-47f6-4909-9ac4-32643a701e13/download/gp-practice-reference-file-january-2026.csv,2026-01,GP patient surveys,discontinued,historic_only,https://www.health-ni.gov.uk/articles/gp-patient-surveys,Northern Ireland GP patient survey ran from 2008/09 to 2010/11 and was then discontinued; no current practice-level equivalent is wired here.,DR. MURDOCK & PARTNER BT6 9HL
DR. WRIGHT & PARTNERS,Z00503,BT60 1TA,"MARKETHILL HEALTH CENTRE, NEWRY STREET, ARMAGH",,,,,,,,NORTHERN IRELAND,northern_ireland,ods_ni_gp_practice,RO315,NORTHERN IRELAND GP PRACTICE,RO315,https://directory.spineservices.nhs.uk/ORD/2-0-0/organisations/Z00503,2025-11-14,6710,opendatani_gp_practice_reference_file,https://admin.opendatani.gov.uk/dataset/3d1a6615-5fc9-4f0e-ab2a-d2b0d71fb9ed/resource/8578e0d4-47f6-4909-9ac4-32643a701e13/download/gp-practice-reference-file-january-2026.csv,2026-01,GP patient surveys,discontinued,historic_only,https://www.health-ni.gov.uk/articles/gp-patient-surveys,Northern Ireland GP patient survey ran from 2008/09 to 2010/11 and was then discontinued; no current practice-level equivalent is wired here.,DR. WRIGHT & PARTNERS BT60 1TA
DR. FEARON & PARTNERS,Z00497,BT60 2RP,"WILLOWBANK SURGERY, 2A ANNVALE ROAD, ARMAGH",,,,,,,,NORTHERN IRELAND,northern_ireland,ods_ni_gp_practice,RO315,NORTHERN IRELAND GP PRACTICE,RO315,https://directory.spineservices.nhs.uk/ORD/2-0-0/organisations/Z00497,2024-08-27,9681,opendatani_gp_practice_reference_file,https://admin.opendatani.gov.uk/dataset/3d1a6615-5fc9-4f0e-ab2a-d2b0d71fb9ed/resource/8578e0d4-47f6-4909-9ac4-32643a701e13/download/gp-practice-reference-file-january-2026.csv,2026-01,GP patient surveys,discontinued,historic_only,https://www.health-ni.gov.uk/articles/gp-patient-surveys,Northern Ireland GP patient survey ran from 2008/09 to 2010/11 and was then discontinued; no current practice-level equivalent is wired here.,DR. FEARON & PARTNERS BT60 2RP
DR. WATTERS,Z00507,BT60 3TU,"THE HEALTH CENTRE KEADY, 24A TASSAGH ROAD, ARMAGH",,,,,,,,NORTHERN IRELAND,northern_ireland,ods_ni_gp_practice,RO315,NORTHERN IRELAND GP PRACTICE,RO315,https://directory.spineservices.nhs.uk/ORD/2-0-0/organisations/Z00507,2021-09-20,2626,opendatani_gp_practice_reference_file,https://admin.opendatani.gov.uk/dataset/3d1a6615-5fc9-4f0e-ab2a-d2b0d71fb9ed/resource/8578e0d4-47f6-4909-9ac4-32643a701e13/download/gp-practice-reference-file-january-2026.csv,2026-01,GP patient surveys,discontinued,historic_only,https://www.health-ni.gov.uk/articles/gp-patient-surveys,Northern Ireland GP patient survey ran from 2008/09 to 2010/11 and was then discontinued; no current practice-level equivalent is wired here.,DR. WATTERS BT60 3TU
DR. CARLILE & PARTNERS,Z00502,BT60 4QT,"TYNAN SURGERY, 15 DARTAN REE, ARMAGH",,,,,,,,NORTHERN IRELAND,northern_ireland,ods_ni_gp_practice,RO315,NORTHERN IRELAND GP PRACTICE,RO315,https://directory.spineservices.nhs.uk/ORD/2-0-0/organisations/Z00502,2021-09-15,6552,opendatani_gp_practice_reference_file,https://admin.opendatani.gov.uk/dataset/3d1a6615-5fc9-4f0e-ab2a-d2b0d71fb9ed/resource/8578e0d4-47f6-4909-9ac4-32643a701e13/download/gp-practice-reference-file-january-2026.csv,2026-01,GP patient surveys,discontinued,historic_only,https://www.health-ni.gov.uk/articles/gp-patient-surveys,Northern Ireland GP patient survey ran from 2008/09 to 2010/11 and was then discontinued; no current practice-level equivalent is wired here.,DR. CARLILE & PARTNERS BT60 4QT
DR. MARSHALL & PARTNERS,Z00491,BT61 7QG,"ABBEY COURT SURGERY, DOBBIN LANE, ARMAGH",,,,,,,,NORTHERN IRELAND,northern_ireland,ods_ni_gp_practice,RO315,NORTHERN IRELAND GP PRACTICE,RO315,https://directory.spineservices.nhs.uk/ORD/2-0-0/organisations/Z00491,2021-09-15,8503,opendatani_gp_practice_reference_file,https://admin.opendatani.gov.uk/dataset/3d1a6615-5fc9-4f0e-ab2a-d2b0d71fb9ed/resource/8578e0d4-47f6-4909-9ac4-32643a701e13/download/gp-practice-reference-file-january-2026.csv,2026-01,GP patient surveys,discontinued,historic_only,https://www.health-ni.gov.uk/articles/gp-patient-surveys,Northern Ireland GP patient survey ran from 2008/09 to 2010/11 and was then discontinued; no current practice-level equivalent is wired here.,DR. MARSHALL & PARTNERS BT61 7QG
DR. O'HAGAN & PARTNERS,Z00516,BT61 7QG,"THE FRIARY SURGERY, DOBBIN LANE, ARMAGH",,,,,,,,NORTHERN IRELAND,northern_ireland,ods_ni_gp_practice,RO315,NORTHERN IRELAND GP PRACTICE,RO315,https://directory.spineservices.nhs.uk/ORD/2-0-0/organisations/Z00516,2021-09-20,9113,opendatani_gp_practice_reference_file,https://admin.opendatani.gov.uk/dataset/3d1a6615-5fc9-4f0e-ab2a-d2b0d71fb9ed/resource/8578e0d4-47f6-4909-9ac4-32643a701e13/download/gp-practice-reference-file-january-2026.csv,2026-01,GP patient surveys,discontinued,historic_only,https://www.health-ni.gov.uk/articles/gp-patient-surveys,Northern Ireland GP patient survey ran from 2008/09 to 2010/11 and was then discontinued; no current practice-level equivalent is wired here.,DR. O'HAGAN & PARTNERS BT61 7QG
DR. RODGERS & PARTNERS,Z00514,BT61 7QG,"THE ARCHWAY SURGERY, DOBBIN LANE, ARMAGH",,,,,,,,NORTHERN IRELAND,northern_ireland,ods_ni_gp_practice,RO315,NORTHERN IRELAND GP PRACTICE,RO315,https://directory.spineservices.nhs.uk/ORD/2-0-0/organisations/Z00514,2023-02-20,8974,opendatani_gp_practice_reference_file,https://admin.opendatani.gov.uk/dataset/3d1a6615-5fc9-4f0e-ab2a-d2b0d71fb9ed/resource/8578e0d4-47f6-4909-9ac4-32643a701e13/download/gp-practice-reference-file-january-2026.csv,2026-01,GP patient surveys,discontinued,historic_only,https://www.health-ni.gov.uk/articles/gp-patient-surveys,Northern Ireland GP patient survey ran from 2008/09 to 2010/11 and was then discontinued; no current practice-level equivalent is wired here.,DR. RODGERS & PARTNERS BT61 7QG
DR. QUINN & PARTNERS,Z00515,BT61 9PE,"RICHHILL HEALTH CENTRE, 6 MAYNOOTH ROAD, ARMAGH",,,,,,,,NORTHERN IRELAND,northern_ireland,ods_ni_gp_practice,RO315,NORTHERN IRELAND GP PRACTICE,RO315,https://directory.spineservices.nhs.uk/ORD/2-0-0/organisations/Z00515,2025-02-21,5607,opendatani_gp_practice_reference_file,https://admin.opendatani.gov.uk/dataset/3d1a6615-5fc9-4f0e-ab2a-d2b0d71fb9ed/resource/8578e0d4-47f6-4909-9ac4-32643a701e13/download/gp-practice-reference-file-january-2026.csv,2026-01,GP patient surveys,discontinued,historic_only,https://www.health-ni.gov.uk/articles/gp-patient-surveys,Northern Ireland GP patient survey ran from 2008/09 to 2010/11 and was then discontinued; no current practice-level equivalent is wired here.,DR. QUINN & PARTNERS BT61 9PE
DR. PICKERING & PARTNER,Z00508,BT62 2AN,"TANDRAGEE MEDICAL CENTRE, 3 MONTAGUE STREET, CRAIGAVON",,,,,,,,NORTHERN IRELAND,northern_ireland,ods_ni_gp_practice,RO315,NORTHERN IRELAND GP PRACTICE,RO315,https://directory.spineservices.nhs.uk/ORD/2-0-0/organisations/Z00508,2023-08-21,3776,opendatani_gp_practice_reference_file,https://admin.opendatani.gov.uk/dataset/3d1a6615-5fc9-4f0e-ab2a-d2b0d71fb9ed/resource/8578e0d4-47f6-4909-9ac4-32643a701e13/download/gp-practice-reference-file-january-2026.csv,2026-01,GP patient surveys,discontinued,historic_only,https://www.health-ni.gov.uk/articles/gp-patient-surveys,Northern Ireland GP patient survey ran from 2008/09 to 2010/11 and was then discontinued; no current practice-level equivalent is wired here.,DR. PICKERING & PARTNER BT62 2AN
DR. BURNETT & PARTNERS,Z00479,BT62 3NJ,"PORTADOWN HEALTH AND CARE CENTRE, 90 MEADOW LANE, CRAIGAVON",,,,,,,,NORTHERN IRELAND,northern_ireland,ods_ni_gp_practice,RO315,NORTHERN IRELAND GP PRACTICE,RO315,https://directory.spineservices.nhs.uk/ORD/2-0-0/organisations/Z00479,2025-12-09,10437,opendatani_gp_practice_reference_file,https://admin.opendatani.gov.uk/dataset/3d1a6615-5fc9-4f0e-ab2a-d2b0d71fb9ed/resource/8578e0d4-47f6-4909-9ac4-32643a701e13/download/gp-practice-reference-file-january-2026.csv,2026-01,GP patient surveys,discontinued,historic_only,https://www.health-ni.gov.uk/articles/gp-patient-surveys,Northern Ireland GP patient survey ran from 2008/09 to 2010/11 and was then discontinued; no current practice-level equivalent is wired here.,DR. BURNETT & PARTNERS BT62 3NJ
DR. CLARKE & PARTNERS,Z00461,BT62 3NJ,"PORTADOWN HEALTH AND CARE CENTRE, 90 MEADOW LANE, CRAIGAVON",,,,,,,,NORTHERN IRELAND,northern_ireland,ods_ni_gp_practice,RO315,NORTHERN IRELAND GP PRACTICE,RO315,https://directory.spineservices.nhs.uk/ORD/2-0-0/organisations/Z00461,2025-12-09,4679,opendatani_gp_practice_reference_file,https://admin.opendatani.gov.uk/dataset/3d1a6615-5fc9-4f0e-ab2a-d2b0d71fb9ed/resource/8578e0d4-47f6-4909-9ac4-32643a701e13/download/gp-practice-reference-file-january-2026.csv,2026-01,GP patient surveys,discontinued,historic_only,https://www.health-ni.gov.uk/articles/gp-patient-surveys,Northern Ireland GP patient survey ran from 2008/09 to 2010/11 and was then discontinued; no current practice-level equivalent is wired here.,DR. CLARKE & PARTNERS BT62 3NJ
DR. HEGARTY & PARTNERS,Z00478,BT62 3NJ,"PORTADOWN HEALTH AND CARE CENTRE, 90 MEADOW LANE, CRAIGAVON",,,,,,,,NORTHERN IRELAND,northern_ireland,ods_ni_gp_practice,RO315,NORTHERN IRELAND GP PRACTICE,RO315,https://directory.spineservices.nhs.uk/ORD/2-0-0/organisations/Z00478,2025-12-09,5056,opendatani_gp_practice_reference_file,https://admin.opendatani.gov.uk/dataset/3d1a6615-5fc9-4f0e-ab2a-d2b0d71fb9ed/resource/8578e0d4-47f6-4909-9ac4-32643a701e13/download/gp-practice-reference-file-january-2026.csv,2026-01,GP patient surveys,discontinued,historic_only,https://www.health-ni.gov.uk/articles/gp-patient-surveys,Northern Ireland GP patient survey ran from 2008/09 to 2010/11 and was then discontinued; no current practice-level equivalent is wired here.,DR. HEGARTY & PARTNERS BT62 3NJ
DR. MULLIGAN & PARTNERS,Z00470,BT62 3NJ,"PORTADOWN HEALTH AD CARE CENTRE, 90 MEADOW LANE, CRAIGAVON",,,,,,,,NORTHERN IRELAND,northern_ireland,ods_ni_gp_practice,RO315,NORTHERN IRELAND GP PRACTICE,RO315,https://directory.spineservices.nhs.uk/ORD/2-0-0/organisations/Z00470,2025-12-09,14305,opendatani_gp_practice_reference_file,https://admin.opendatani.gov.uk/dataset/3d1a6615-5fc9-4f0e-ab2a-d2b0d71fb9ed/resource/8578e0d4-47f6-4909-9ac4-32643a701e13/download/gp-practice-reference-file-january-2026.csv,2026-01,GP patient surveys,discontinued,historic_only,https://www.health-ni.gov.uk/articles/gp-patient-surveys,Northern Ireland GP patient survey ran from 2008/09 to 2010/11 and was then discontinued; no current practice-level equivalent is wired here.,DR. MULLIGAN & PARTNERS BT62 3NJ
DR. O'CONNOR & PARTNERS,Z00464,BT62 3NJ,"PORTADOWN FAMILY PRACTICE, PORTADOWN H&C CENTRE, CRAIGAVON",,,,,,,,NORTHERN IRELAND,northern_ireland,ods_ni_gp_practice,RO315,NORTHERN IRELAND GP PRACTICE,RO315,https://directory.spineservices.nhs.uk/ORD/2-0-0/organisations/Z00464,2024-11-19,9782,opendatani_gp_practice_reference_file,https://admin.opendatani.gov.uk/dataset/3d1a6615-5fc9-4f0e-ab2a-d2b0d71fb9ed/resource/8578e0d4-47f6-4909-9ac4-32643a701e13/download/gp-practice-reference-file-january-2026.csv,2026-01,GP patient surveys,discontinued,historic_only,https://www.health-ni.gov.uk/articles/gp-patient-surveys,Northern Ireland GP patient survey ran from 2008/09 to 2010/11 and was then discontinued; no current practice-level equivalent is wired here.,DR. O'CONNOR & PARTNERS BT62 3NJ
DR. WILLIAMSON & PARTNERS,Z00477,BT62 3NJ,"PORTADOWN HEALTH AND CARE CENTRE, 90 MEADOW LANE, CRAIGAVON",,,,,,,,NORTHERN IRELAND,northern_ireland,ods_ni_gp_practice,RO315,NORTHERN IRELAND GP PRACTICE,RO315,https://directory.spineservices.nhs.uk/ORD/2-0-0/organisations/Z00477,2025-12-09,5376,opendatani_gp_practice_reference_file,https://admin.opendatani.gov.uk/dataset/3d1a6615-5fc9-4f0e-ab2a-d2b0d71fb9ed/resource/8578e0d4-47f6-4909-9ac4-32643a701e13/download/gp-practice-reference-file-january-2026.csv,2026-01,GP patient surveys,discontinued,historic_only,https://www.health-ni.gov.uk/articles/gp-patient-surveys,Northern Ireland GP patient survey ran from 2008/09 to 2010/11 and was then discontinued; no current practice-level equivalent is wired here.,DR. WILLIAMSON & PARTNERS BT62 3NJ
DR. MAGOWAN & PARTNERS,Z00455,BT63 6JS,"GILFORD HEALTH CENTRE, CASTLEVIEW, CRAIGAVON",,,,,,,,NORTHERN IRELAND,northern_ireland,ods_ni_gp_practice,RO315,NORTHERN IRELAND GP PRACTICE,RO315,https://directory.spineservices.nhs.uk/ORD/2-0-0/organisations/Z00455,2021-09-15,6507,opendatani_gp_practice_reference_file,https://admin.opendatani.gov.uk/dataset/3d1a6615-5fc9-4f0e-ab2a-d2b0d71fb9ed/resource/8578e0d4-47f6-4909-9ac4-32643a701e13/download/gp-practice-reference-file-january-2026.csv,2026-01,GP patient surveys,discontinued,historic_only,https://www.health-ni.gov.uk/articles/gp-patient-surveys,Northern Ireland GP patient survey ran from 2008/09 to 2010/11 and was then discontinued; no current practice-level equivalent is wired here.,DR. MAGOWAN & PARTNERS BT63 6JS
DR. PATTERSON & PARTNERS,Z00557,BT65 5BE,"ARBOR FAMILY PRACTICE, BROWNLOW HEALTH CENTRE, CRAIGAVON",,,,,,,,NORTHERN IRELAND,northern_ireland,ods_ni_gp_practice,RO315,NORTHERN IRELAND GP PRACTICE,RO315,https://directory.spineservices.nhs.uk/ORD/2-0-0/organisations/Z00557,2021-09-20,3589,opendatani_gp_practice_reference_file,https://admin.opendatani.gov.uk/dataset/3d1a6615-5fc9-4f0e-ab2a-d2b0d71fb9ed/resource/8578e0d4-47f6-4909-9ac4-32643a701e13/download/gp-practice-reference-file-january-2026.csv,2026-01,GP patient surveys,discontinued,historic_only,https://www.health-ni.gov.uk/articles/gp-patient-surveys,Northern Ireland GP patient survey ran from 2008/09 to 2010/11 and was then discontinued; no current practice-level equivalent is wired here.,DR. PATTERSON & PARTNERS BT65 5BE
DR. WILKINSON & PARTNERS,Z00451,BT65 5BE,"THE LAKES FAMILY PRACTICE, BROWNLOW HEALTH CENTRE, CRAIGAVON",,,,,,,,NORTHERN IRELAND,northern_ireland,ods_ni_gp_practice,RO315,NORTHERN IRELAND GP PRACTICE,RO315,https://directory.spineservices.nhs.uk/ORD/2-0-0/organisations/Z00451,2023-02-20,6762,opendatani_gp_practice_reference_file,https://admin.opendatani.gov.uk/dataset/3d1a6615-5fc9-4f0e-ab2a-d2b0d71fb9ed/resource/8578e0d4-47f6-4909-9ac4-32643a701e13/download/gp-practice-reference-file-january-2026.csv,2026-01,GP patient surveys,discontinued,historic_only,https://www.health-ni.gov.uk/articles/gp-patient-surveys,Northern Ireland GP patient survey ran from 2008/09 to 2010/11 and was then discontinued; no current practice-level equivalent is wired here.,DR. WILKINSON & PARTNERS BT65 5BE
DR. DE ALWIS & PARTNERS,Z00457,BT66 6BW,"WYNNE HILL SURGERY, 51 HILL STREET, CRAIGAVON",,,,,,,,NORTHERN IRELAND,northern_ireland,ods_ni_gp_practice,RO315,NORTHERN IRELAND GP PRACTICE,RO315,https://directory.spineservices.nhs.uk/ORD/2-0-0/organisations/Z00457,2021-09-15,10736,opendatani_gp_practice_reference_file,https://admin.opendatani.gov.uk/dataset/3d1a6615-5fc9-4f0e-ab2a-d2b0d71fb9ed/resource/8578e0d4-47f6-4909-9ac4-32643a701e13/download/gp-practice-reference-file-january-2026.csv,2026-01,GP patient surveys,discontinued,historic_only,https://www.health-ni.gov.uk/articles/gp-patient-surveys,Northern Ireland GP patient survey ran from 2008/09 to 2010/11 and was then discontinued; no current practice-level equivalent is wired here.,DR. DE ALWIS & PARTNERS BT66 6BW
DR. MCAULEY & PARTNERS,Z00467,BT66 6JB,"WILLIAM STREET SURGERY, 87/89 WILLIAM STREET, CRAIGAVON",,,,,,,,NORTHERN IRELAND,northern_ireland,ods_ni_gp_practice,RO315,NORTHERN IRELAND GP PRACTICE,RO315,https://directory.spineservices.nhs.uk/ORD/2-0-0/organisations/Z00467,2021-09-15,5776,opendatani_gp_practice_reference_file,https://admin.opendatani.gov.uk/dataset/3d1a6615-5fc9-4f0e-ab2a-d2b0d71fb9ed/resource/8578e0d4-47f6-4909-9ac4-32643a701e13/download/gp-practice-reference-file-january-2026.csv,2026-01,GP patient surveys,discontinued,historic_only,https://www.health-ni.gov.uk/articles/gp-patient-surveys,Northern Ireland GP patient survey ran from 2008/09 to 2010/11 and was then discontinued; no current practice-level equivalent is wired here.,DR. MCAULEY & PARTNERS BT66 6JB
DR. WILLIS & PARTNERS,Z00460,BT66 7LR,"DONAGHCLONEY SURGERY, 60A MAIN STREET, CRAIGAVON",,,,,,,,NORTHERN IRELAND,northern_ireland,ods_ni_gp_practice,RO315,NORTHERN IRELAND GP PRACTICE,RO315,https://directory.spineservices.nhs.uk/ORD/2-0-0/organisations/Z00460,2026-02-20,4381,opendatani_gp_practice_reference_file,https://admin.opendatani.gov.uk/dataset/3d1a6615-5fc9-4f0e-ab2a-d2b0d71fb9ed/resource/8578e0d4-47f6-4909-9ac4-32643a701e13/download/gp-practice-reference-file-january-2026.csv,2026-01,GP patient surveys,discontinued,historic_only,https://www.health-ni.gov.uk/articles/gp-patient-surveys,Northern Ireland GP patient survey ran from 2008/09 to 2010/11 and was then discontinued; no current practice-level equivalent is wired here.,DR. WILLIS & PARTNERS BT66 7LR
DR. FITZPATRICK & PARTNERS,Z00462,BT66 8BA,"HIGH STREET SURGERY, 60 HIGH STREET, CRAIGAVON",,,,,,,,NORTHERN IRELAND,northern_ireland,ods_ni_gp_practice,RO315,NORTHERN IRELAND GP PRACTICE,RO315,https://directory.spineservices.nhs.uk/ORD/2-0-0/organisations/Z00462,2021-11-17,10535,opendatani_gp_practice_reference_file,https://admin.opendatani.gov.uk/dataset/3d1a6615-5fc9-4f0e-ab2a-d2b0d71fb9ed/resource/8578e0d4-47f6-4909-9ac4-32643a701e13/download/gp-practice-reference-file-january-2026.csv,2026-01,GP patient surveys,discontinued,historic_only,https://www.health-ni.gov.uk/articles/gp-patient-surveys,Northern Ireland GP patient survey ran from 2008/09 to 2010/11 and was then discontinued; no current practice-level equivalent is wired here.,DR. FITZPATRICK & PARTNERS BT66 8BA
DR. PATTERSON & PARTNERS,Z00463,BT66 8DW,"LURGAN MEDICAL PRACTICE, 7 MOORES LANE, CRAIGAVON",,,,,,,,NORTHERN IRELAND,northern_ireland,ods_ni_gp_practice,RO315,NORTHERN IRELAND GP PRACTICE,RO315,https://directory.spineservices.nhs.uk/ORD/2-0-0/organisations/Z00463,2021-09-15,5366,opendatani_gp_practice_reference_file,https://admin.opendatani.gov.uk/dataset/3d1a6615-5fc9-4f0e-ab2a-d2b0d71fb9ed/resource/8578e0d4-47f6-4909-9ac4-32643a701e13/download/gp-practice-reference-file-january-2026.csv,2026-01,GP patient surveys,discontinued,historic_only,https://www.health-ni.gov.uk/articles/gp-patient-surveys,Northern Ireland GP patient survey ran from 2008/09 to 2010/11 and was then discontinued; no current practice-level equivalent is wired here.,DR. PATTERSON & PARTNERS BT66 8DW
DR. BYRNE & PARTNERS,Z00475,BT67 0DD,"AGHALEE SURGERY, 8A LURGAN ROAD, CRAIGAVON",,,,,,,,NORTHERN IRELAND,northern_ireland,ods_ni_gp_practice,RO315,NORTHERN IRELAND GP PRACTICE,RO315,https://directory.spineservices.nhs.uk/ORD/2-0-0/organisations/Z00475,2022-08-22,6493,opendatani_gp_practice_reference_file,https://admin.opendatani.gov.uk/dataset/3d1a6615-5fc9-4f0e-ab2a-d2b0d71fb9ed/resource/8578e0d4-47f6-4909-9ac4-32643a701e13/download/gp-practice-reference-file-january-2026.csv,2026-01,GP patient surveys,discontinued,historic_only,https://www.health-ni.gov.uk/articles/gp-patient-surveys,Northern Ireland GP patient survey ran from 2008/09 to 2010/11 and was then discontinued; no current practice-level equivalent is wired here.,DR. BYRNE & PARTNERS BT67 0DD
DR. SPENCE & PARTNERS,Z00473,BT67 0LQ,"MOIRA SURGERY, 52 MAIN STREET, CRAIGAVON",,,,,,,,NORTHERN IRELAND,northern_ireland,ods_ni_gp_practice,RO315,NORTHERN IRELAND GP PRACTICE,RO315,https://directory.spineservices.nhs.uk/ORD/2-0-0/organisations/Z00473,2023-02-20,10612,opendatani_gp_practice_reference_file,https://admin.opendatani.gov.uk/dataset/3d1a6615-5fc9-4f0e-ab2a-d2b0d71fb9ed/resource/8578e0d4-47f6-4909-9ac4-32643a701e13/download/gp-practice-reference-file-january-2026.csv,2026-01,GP patient surveys,discontinued,historic_only,https://www.health-ni.gov.uk/articles/gp-patient-surveys,Northern Ireland GP patient survey ran from 2008/09 to 2010/11 and was then discontinued; no current practice-level equivalent is wired here.,DR. SPENCE & PARTNERS BT67 0LQ
DR. HUNTER & PARTNERS,Z00465,BT67 9AA,"CHURCH WALK SURGERY, 28 CHURCH WALK, CRAIGAVON",,,,,,,,NORTHERN IRELAND,northern_ireland,ods_ni_gp_practice,RO315,NORTHERN IRELAND GP PRACTICE,RO315,https://directory.spineservices.nhs.uk/ORD/2-0-0/organisations/Z00465,2023-08-21,9045,opendatani_gp_practice_reference_file,https://admin.opendatani.gov.uk/dataset/3d1a6615-5fc9-4f0e-ab2a-d2b0d71fb9ed/resource/8578e0d4-47f6-4909-9ac4-32643a701e13/download/gp-practice-reference-file-january-2026.csv,2026-01,GP patient surveys,discontinued,historic_only,https://www.health-ni.gov.uk/articles/gp-patient-surveys,Northern Ireland GP patient survey ran from 2008/09 to 2010/11 and was then discontinued; no current practice-level equivalent is wired here.,DR. HUNTER & PARTNERS BT67 9AA
DR. MCCLOSKEY & PARTNERS,Z00482,BT67 9BW,"THE OLD SCHOOL HOUSE SURGERY, 1 ANTRIM ROAD, CRAIGAVON",,,,,,,,NORTHERN IRELAND,northern_ireland,ods_ni_gp_practice,RO315,NORTHERN IRELAND GP PRACTICE,RO315,https://directory.spineservices.nhs.uk/ORD/2-0-0/organisations/Z00482,2021-09-15,6166,opendatani_gp_practice_reference_file,https://admin.opendatani.gov.uk/dataset/3d1a6615-5fc9-4f0e-ab2a-d2b0d71fb9ed/resource/8578e0d4-47f6-4909-9ac4-32643a701e13/download/gp-practice-reference-file-january-2026.csv,2026-01,GP patient surveys,discontinued,historic_only,https://www.health-ni.gov.uk/articles/gp-patient-surveys,Northern Ireland GP patient survey ran from 2008/09 to 2010/11 and was then discontinued; no current practice-level equivalent is wired here.,DR. MCCLOSKEY & PARTNERS BT67 9BW
DR. POTTER,Z00506,BT69 6AF,"AUGHNACLOY HEALTH CENTRE, 2 SYDNEY LANE, AUGHNACLOY",,,,,,,,NORTHERN IRELAND,northern_ireland,ods_ni_gp_practice,RO315,NORTHERN IRELAND GP PRACTICE,RO315,https://directory.spineservices.nhs.uk/ORD/2-0-0/organisations/Z00506,2021-09-15,5117,opendatani_gp_practice_reference_file,https://admin.opendatani.gov.uk/dataset/3d1a6615-5fc9-4f0e-ab2a-d2b0d71fb9ed/resource/8578e0d4-47f6-4909-9ac4-32643a701e13/download/gp-practice-reference-file-january-2026.csv,2026-01,GP patient surveys,discontinued,historic_only,https://www.health-ni.gov.uk/articles/gp-patient-surveys,Northern Ireland GP patient survey ran from 2008/09 to 2010/11 and was then discontinued; no current practice-level equivalent is wired here.,DR. POTTER BT69 6AF
DR. MCCAULEY & PARTNERS,Z00154,BT7 1HH,"UNIVERSITY STREET SURGERY, 142 - 144 UNIVERSITY STREET, BELFAST",,,,,,,,NORTHERN IRELAND,northern_ireland,ods_ni_gp_practice,RO315,NORTHERN IRELAND GP PRACTICE,RO315,https://directory.spineservices.nhs.uk/ORD/2-0-0/organisations/Z00154,2021-09-17,5142,opendatani_gp_practice_reference_file,https://admin.opendatani.gov.uk/dataset/3d1a6615-5fc9-4f0e-ab2a-d2b0d71fb9ed/resource/8578e0d4-47f6-4909-9ac4-32643a701e13/download/gp-practice-reference-file-january-2026.csv,2026-01,GP patient surveys,discontinued,historic_only,https://www.health-ni.gov.uk/articles/gp-patient-surveys,Northern Ireland GP patient survey ran from 2008/09 to 2010/11 and was then discontinued; no current practice-level equivalent is wired here.,DR. MCCAULEY & PARTNERS BT7 1HH
DR. CULLEN,Z00166,BT7 1JL,"BOTANIC MEDICAL CENTRE, 51 BOTANIC AVENUE, BELFAST",,,,,,,,NORTHERN IRELAND,northern_ireland,ods_ni_gp_practice,RO315,NORTHERN IRELAND GP PRACTICE,RO315,https://directory.spineservices.nhs.uk/ORD/2-0-0/organisations/Z00166,2021-09-17,5015,opendatani_gp_practice_reference_file,https://admin.opendatani.gov.uk/dataset/3d1a6615-5fc9-4f0e-ab2a-d2b0d71fb9ed/resource/8578e0d4-47f6-4909-9ac4-32643a701e13/download/gp-practice-reference-file-january-2026.csv,2026-01,GP patient surveys,discontinued,historic_only,https://www.health-ni.gov.uk/articles/gp-patient-surveys,Northern Ireland GP patient survey ran from 2008/09 to 2010/11 and was then discontinued; no current practice-level equivalent is wired here.,DR. CULLEN BT7 1JL
DR. DEERING & PARTNERS,Z00157,BT7 1NP,"UNIVERSITY HEALTH CENTRE QUB, ELMWOOD MANSE, BELFAST",,,,,,,,NORTHERN IRELAND,northern_ireland,ods_ni_gp_practice,RO315,NORTHERN IRELAND GP PRACTICE,RO315,https://directory.spineservices.nhs.uk/ORD/2-0-0/organisations/Z00157,2026-02-20,11612,opendatani_gp_practice_reference_file,https://admin.opendatani.gov.uk/dataset/3d1a6615-5fc9-4f0e-ab2a-d2b0d71fb9ed/resource/8578e0d4-47f6-4909-9ac4-32643a701e13/download/gp-practice-reference-file-january-2026.csv,2026-01,GP patient surveys,discontinued,historic_only,https://www.health-ni.gov.uk/articles/gp-patient-surveys,Northern Ireland GP patient survey ran from 2008/09 to 2010/11 and was then discontinued; no current practice-level equivalent is wired here.,DR. DEERING & PARTNERS BT7 1NP
DR. DIAMOND & PARTNERS,Z00153,BT7 2EB,"ORMEAU ROAD HEALTH CENTRE, 120 ORMEAU ROAD, BELFAST",,,,,,,,NORTHERN IRELAND,northern_ireland,ods_ni_gp_practice,RO315,NORTHERN IRELAND GP PRACTICE,RO315,https://directory.spineservices.nhs.uk/ORD/2-0-0/organisations/Z00153,2021-09-17,9188,opendatani_gp_practice_reference_file,https://admin.opendatani.gov.uk/dataset/3d1a6615-5fc9-4f0e-ab2a-d2b0d71fb9ed/resource/8578e0d4-47f6-4909-9ac4-32643a701e13/download/gp-practice-reference-file-january-2026.csv,2026-01,GP patient surveys,discontinued,historic_only,https://www.health-ni.gov.uk/articles/gp-patient-surveys,Northern Ireland GP patient survey ran from 2008/09 to 2010/11 and was then discontinued; no current practice-level equivalent is wired here.,DR. DIAMOND & PARTNERS BT7 2EB
DR. COLLINS & PARTNERS,Z00165,BT7 2GG,"NORTH PARADE MEDICAL CENTRE, 6 NORTH PARADE, BELFAST",,,,,,,,NORTHERN IRELAND,northern_ireland,ods_ni_gp_practice,RO315,NORTHERN IRELAND GP PRACTICE,RO315,https://directory.spineservices.nhs.uk/ORD/2-0-0/organisations/Z00165,2024-08-23,9648,opendatani_gp_practice_reference_file,https://admin.opendatani.gov.uk/dataset/3d1a6615-5fc9-4f0e-ab2a-d2b0d71fb9ed/resource/8578e0d4-47f6-4909-9ac4-32643a701e13/download/gp-practice-reference-file-january-2026.csv,2026-01,GP patient surveys,discontinued,historic_only,https://www.health-ni.gov.uk/articles/gp-patient-surveys,Northern Ireland GP patient survey ran from 2008/09 to 2010/11 and was then discontinued; no current practice-level equivalent is wired here.,DR. COLLINS & PARTNERS BT7 2GG
DR. DUNLOP & PARTNERS,Z00147,BT7 3GG,"ORMEAU PARK SURGERY, 281 ORMEAU ROAD, BELFAST",,,,,,,,NORTHERN IRELAND,northern_ireland,ods_ni_gp_practice,RO315,NORTHERN IRELAND GP PRACTICE,RO315,https://directory.spineservices.nhs.uk/ORD/2-0-0/organisations/Z00147,2024-11-15,6998,opendatani_gp_practice_reference_file,https://admin.opendatani.gov.uk/dataset/3d1a6615-5fc9-4f0e-ab2a-d2b0d71fb9ed/resource/8578e0d4-47f6-4909-9ac4-32643a701e13/download/gp-practice-reference-file-january-2026.csv,2026-01,GP patient surveys,discontinued,historic_only,https://www.health-ni.gov.uk/articles/gp-patient-surveys,Northern Ireland GP patient survey ran from 2008/09 to 2010/11 and was then discontinued; no current practice-level equivalent is wired here.,DR. DUNLOP & PARTNERS BT7 3GG
DR. BELL & PARTNERS,Z00159,BT7 3GR,"ARDMORE MEDICAL CENTRE, 485 ORMEAU ROAD, BELFAST",,,,,,,,NORTHERN IRELAND,northern_ireland,ods_ni_gp_practice,RO315,NORTHERN IRELAND GP PRACTICE,RO315,https://directory.spineservices.nhs.uk/ORD/2-0-0/organisations/Z00159,2021-09-17,5723,opendatani_gp_practice_reference_file,https://admin.opendatani.gov.uk/dataset/3d1a6615-5fc9-4f0e-ab2a-d2b0d71fb9ed/resource/8578e0d4-47f6-4909-9ac4-32643a701e13/download/gp-practice-reference-file-january-2026.csv,2026-01,GP patient surveys,discontinued,historic_only,https://www.health-ni.gov.uk/articles/gp-patient-surveys,Northern Ireland GP patient survey ran from 2008/09 to 2010/11 and was then discontinued; no current practice-level equivalent is wired here.,DR. BELL & PARTNERS BT7 3GR
DR. MCKAY & PARTNERS,Z00509,BT70 1HW,"ARDMORE MEDICAL PRACTICE, 57 THOMAS STREET, DUNGANNON",,,,,,,,NORTHERN IRELAND,northern_ireland,ods_ni_gp_practice,RO315,NORTHERN IRELAND GP PRACTICE,RO315,https://directory.spineservices.nhs.uk/ORD/2-0-0/organisations/Z00509,2021-09-20,7406,opendatani_gp_practice_reference_file,https://admin.opendatani.gov.uk/dataset/3d1a6615-5fc9-4f0e-ab2a-d2b0d71fb9ed/resource/8578e0d4-47f6-4909-9ac4-32643a701e13/download/gp-practice-reference-file-january-2026.csv,2026-01,GP patient surveys,discontinued,historic_only,https://www.health-ni.gov.uk/articles/gp-patient-surveys,Northern Ireland GP patient survey ran from 2008/09 to 2010/11 and was then discontinued; no current practice-level equivalent is wired here.,DR. MCKAY & PARTNERS BT70 1HW
DR. CARSON & PARTNERS,Z00495,BT70 1HX,"CAMPBELL SURGERY, 10 QUARRY LANE, DUNGANNON",,,,,,,,NORTHERN IRELAND,northern_ireland,ods_ni_gp_practice,RO315,NORTHERN IRELAND GP PRACTICE,RO315,https://directory.spineservices.nhs.uk/ORD/2-0-0/organisations/Z00495,2021-09-15,11287,opendatani_gp_practice_reference_file,https://admin.opendatani.gov.uk/dataset/3d1a6615-5fc9-4f0e-ab2a-d2b0d71fb9ed/resource/8578e0d4-47f6-4909-9ac4-32643a701e13/download/gp-practice-reference-file-january-2026.csv,2026-01,GP patient surveys,discontinued,historic_only,https://www.health-ni.gov.uk/articles/gp-patient-surveys,Northern Ireland GP patient survey ran from 2008/09 to 2010/11 and was then discontinued; no current practice-level equivalent is wired here.,DR. CARSON & PARTNERS BT70 1HX
DR. POTTER & PARTNERS,Z00499,BT70 2EY,"ERRIGAL MEDICAL CENTRE, OLD DUNGANNON ROAD, DUNGANNON",,,,,,,,NORTHERN IRELAND,northern_ireland,ods_ni_gp_practice,RO315,NORTHERN IRELAND GP PRACTICE,RO315,https://directory.spineservices.nhs.uk/ORD/2-0-0/organisations/Z00499,2021-09-15,4957,opendatani_gp_practice_reference_file,https://admin.opendatani.gov.uk/dataset/3d1a6615-5fc9-4f0e-ab2a-d2b0d71fb9ed/resource/8578e0d4-47f6-4909-9ac4-32643a701e13/download/gp-practice-reference-file-january-2026.csv,2026-01,GP patient surveys,discontinued,historic_only,https://www.health-ni.gov.uk/articles/gp-patient-surveys,Northern Ireland GP patient survey ran from 2008/09 to 2010/11 and was then discontinued; no current practice-level equivalent is wired here.,DR. POTTER & PARTNERS BT70 2EY
DR. JOHNSTON & PARTNERS,Z00493,BT71 4AU,"MID ULSTER HEALTH CARE (DUN), SOUTH TYRONE HOSPITAL, DUNGANNON",,,,,,,,NORTHERN IRELAND,northern_ireland,ods_ni_gp_practice,RO315,NORTHERN IRELAND GP PRACTICE,RO315,https://directory.spineservices.nhs.uk/ORD/2-0-0/organisations/Z00493,2021-11-17,9265,opendatani_gp_practice_reference_file,https://admin.opendatani.gov.uk/dataset/3d1a6615-5fc9-4f0e-ab2a-d2b0d71fb9ed/resource/8578e0d4-47f6-4909-9ac4-32643a701e13/download/gp-practice-reference-file-january-2026.csv,2026-01,GP patient surveys,discontinued,historic_only,https://www.health-ni.gov.uk/articles/gp-patient-surveys,Northern Ireland GP patient survey ran from 2008/09 to 2010/11 and was then discontinued; no current practice-level equivalent is wired here.,DR. JOHNSTON & PARTNERS BT71 4AU
DR. MULLEN & PARTNERS,Z00505,BT71 4AU,"PARKVIEW SURGERY, SOUTH TYRONE HOSPITAL SITE, DUNGANNON",,,,,,,,NORTHERN IRELAND,northern_ireland,ods_ni_gp_practice,RO315,NORTHERN IRELAND GP PRACTICE,RO315,https://directory.spineservices.nhs.uk/ORD/2-0-0/organisations/Z00505,2023-08-21,9574,opendatani_gp_practice_reference_file,https://admin.opendatani.gov.uk/dataset/3d1a6615-5fc9-4f0e-ab2a-d2b0d71fb9ed/resource/8578e0d4-47f6-4909-9ac4-32643a701e13/download/gp-practice-reference-file-january-2026.csv,2026-01,GP patient surveys,discontinued,historic_only,https://www.health-ni.gov.uk/articles/gp-patient-surveys,Northern Ireland GP patient survey ran from 2008/09 to 2010/11 and was then discontinued; no current practice-level equivalent is wired here.,DR. MULLEN & PARTNERS BT71 4AU
DR. MITCHEL & PARTNER,Z00519,BT71 4LP,"COALISLAND HEALTH CENTRE, 10A LINESIDE, DUNGANNON",,,,,,,,NORTHERN IRELAND,northern_ireland,ods_ni_gp_practice,RO315,NORTHERN IRELAND GP PRACTICE,RO315,https://directory.spineservices.nhs.uk/ORD/2-0-0/organisations/Z00519,2021-09-20,4112,opendatani_gp_practice_reference_file,https://admin.opendatani.gov.uk/dataset/3d1a6615-5fc9-4f0e-ab2a-d2b0d71fb9ed/resource/8578e0d4-47f6-4909-9ac4-32643a701e13/download/gp-practice-reference-file-january-2026.csv,2026-01,GP patient surveys,discontinued,historic_only,https://www.health-ni.gov.uk/articles/gp-patient-surveys,Northern Ireland GP patient survey ran from 2008/09 to 2010/11 and was then discontinued; no current practice-level equivalent is wired here.,DR. MITCHEL & PARTNER BT71 4LP
DR. HERRON & PARTNER,Z00500,BT71 4LS,"GARVIN SURGERY, 22 BARRACK STREET, DUNGANNON",,,,,,,,NORTHERN IRELAND,northern_ireland,ods_ni_gp_practice,RO315,NORTHERN IRELAND GP PRACTICE,RO315,https://directory.spineservices.nhs.uk/ORD/2-0-0/organisations/Z00500,2022-03-01,2700,opendatani_gp_practice_reference_file,https://admin.opendatani.gov.uk/dataset/3d1a6615-5fc9-4f0e-ab2a-d2b0d71fb9ed/resource/8578e0d4-47f6-4909-9ac4-32643a701e13/download/gp-practice-reference-file-january-2026.csv,2026-01,GP patient surveys,discontinued,historic_only,https://www.health-ni.gov.uk/articles/gp-patient-surveys,Northern Ireland GP patient survey ran from 2008/09 to 2010/11 and was then discontinued; no current practice-level equivalent is wired here.,DR. HERRON & PARTNER BT71 4LS
DR. O'DONNELL & PARTNER,Z00512,BT71 4LS,"COALISLAND MEDICAL CENTRE, 15 BARRACK STREET, DUNGANNON",,,,,,,,NORTHERN IRELAND,northern_ireland,ods_ni_gp_practice,RO315,NORTHERN IRELAND GP PRACTICE,RO315,https://directory.spineservices.nhs.uk/ORD/2-0-0/organisations/Z00512,2021-09-20,4510,opendatani_gp_practice_reference_file,https://admin.opendatani.gov.uk/dataset/3d1a6615-5fc9-4f0e-ab2a-d2b0d71fb9ed/resource/8578e0d4-47f6-4909-9ac4-32643a701e13/download/gp-practice-reference-file-january-2026.csv,2026-01,GP patient surveys,discontinued,historic_only,https://www.health-ni.gov.uk/articles/gp-patient-surveys,Northern Ireland GP patient survey ran from 2008/09 to 2010/11 and was then discontinued; no current practice-level equivalent is wired here.,DR. O'DONNELL & PARTNER BT71 4LS
DR. FITZSIMONS & PARTNERS,Z00409,BT71 5HY,"STEWARTSTOWN HEALTH CENTRE, 50 HILLHEAD, DUNGANNON",,,,,,,,NORTHERN IRELAND,northern_ireland,ods_ni_gp_practice,RO315,NORTHERN IRELAND GP PRACTICE,RO315,https://directory.spineservices.nhs.uk/ORD/2-0-0/organisations/Z00409,2021-09-20,6205,opendatani_gp_practice_reference_file,https://admin.opendatani.gov.uk/dataset/3d1a6615-5fc9-4f0e-ab2a-d2b0d71fb9ed/resource/8578e0d4-47f6-4909-9ac4-32643a701e13/download/gp-practice-reference-file-january-2026.csv,2026-01,GP patient surveys,discontinued,historic_only,https://www.health-ni.gov.uk/articles/gp-patient-surveys,Northern Ireland GP patient survey ran from 2008/09 to 2010/11 and was then discontinued; no current practice-level equivalent is wired here.,DR. FITZSIMONS & PARTNERS BT71 5HY
DR. CAMPBELL & PARTNERS,Z00498,BT71 7SL,"MOY HEALTH CENTRE, 48 CHARLEMONT STREET, DUNGANNON",,,,,,,,NORTHERN IRELAND,northern_ireland,ods_ni_gp_practice,RO315,NORTHERN IRELAND GP PRACTICE,RO315,https://directory.spineservices.nhs.uk/ORD/2-0-0/organisations/Z00498,2026-02-23,4166,opendatani_gp_practice_reference_file,https://admin.opendatani.gov.uk/dataset/3d1a6615-5fc9-4f0e-ab2a-d2b0d71fb9ed/resource/8578e0d4-47f6-4909-9ac4-32643a701e13/download/gp-practice-reference-file-january-2026.csv,2026-01,GP patient surveys,discontinued,historic_only,https://www.health-ni.gov.uk/articles/gp-patient-surveys,Northern Ireland GP patient survey ran from 2008/09 to 2010/11 and was then discontinued; no current practice-level equivalent is wired here.,DR. CAMPBELL & PARTNERS BT71 7SL
DR. CLEARY & PARTNERS,Z00504,BT71 7SL,"MOY HEALTH CENTRE, 48 CHARLEMONT STREET, DUNGANNON",,,,,,,,NORTHERN IRELAND,northern_ireland,ods_ni_gp_practice,RO315,NORTHERN IRELAND GP PRACTICE,RO315,https://directory.spineservices.nhs.uk/ORD/2-0-0/organisations/Z00504,2026-02-23,6695,opendatani_gp_practice_reference_file,https://admin.opendatani.gov.uk/dataset/3d1a6615-5fc9-4f0e-ab2a-d2b0d71fb9ed/resource/8578e0d4-47f6-4909-9ac4-32643a701e13/download/gp-practice-reference-file-january-2026.csv,2026-01,GP patient surveys,discontinued,historic_only,https://www.health-ni.gov.uk/articles/gp-patient-surveys,Northern Ireland GP patient survey ran from 2008/09 to 2010/11 and was then discontinued; no current practice-level equivalent is wired here.,DR. CLEARY & PARTNERS BT71 7SL
DR. CATHCART & PARTNERS,Z00571,BT74 6NN,"ERNE ROAD HEALTH CENTRE, ERNE ROAD, ENNISKILLEN",,,,,,,,NORTHERN IRELAND,northern_ireland,ods_ni_gp_practice,RO315,NORTHERN IRELAND GP PRACTICE,RO315,https://directory.spineservices.nhs.uk/ORD/2-0-0/organisations/Z00571,2022-03-01,7625,opendatani_gp_practice_reference_file,https://admin.opendatani.gov.uk/dataset/3d1a6615-5fc9-4f0e-ab2a-d2b0d71fb9ed/resource/8578e0d4-47f6-4909-9ac4-32643a701e13/download/gp-practice-reference-file-january-2026.csv,2026-01,GP patient surveys,discontinued,historic_only,https://www.health-ni.gov.uk/articles/gp-patient-surveys,Northern Ireland GP patient survey ran from 2008/09 to 2010/11 and was then discontinued; no current practice-level equivalent is wired here.,DR. CATHCART & PARTNERS BT74 6NN
DR. MAGUIRE & PARTNERS,Z00562,BT74 6NN,"ERNE HEALTH CENTRE, ERNE ROAD, ENNISKILLEN",,,,,,,,NORTHERN IRELAND,northern_ireland,ods_ni_gp_practice,RO315,NORTHERN IRELAND GP PRACTICE,RO315,https://directory.spineservices.nhs.uk/ORD/2-0-0/organisations/Z00562,2022-03-01,4474,opendatani_gp_practice_reference_file,https://admin.opendatani.gov.uk/dataset/3d1a6615-5fc9-4f0e-ab2a-d2b0d71fb9ed/resource/8578e0d4-47f6-4909-9ac4-32643a701e13/download/gp-practice-reference-file-january-2026.csv,2026-01,GP patient surveys,discontinued,historic_only,https://www.health-ni.gov.uk/articles/gp-patient-surveys,Northern Ireland GP patient survey ran from 2008/09 to 2010/11 and was then discontinued; no current practice-level equivalent is wired here.,DR. MAGUIRE & PARTNERS BT74 6NN
DR. MALLON & PARTNER,Z00568,BT74 6NN,"ERNE ROAD HEALTH CENTRE, ERNE ROAD, ENNISKILLEN",,,,,,,,NORTHERN IRELAND,northern_ireland,ods_ni_gp_practice,RO315,NORTHERN IRELAND GP PRACTICE,RO315,https://directory.spineservices.nhs.uk/ORD/2-0-0/organisations/Z00568,2022-03-01,3008,opendatani_gp_practice_reference_file,https://admin.opendatani.gov.uk/dataset/3d1a6615-5fc9-4f0e-ab2a-d2b0d71fb9ed/resource/8578e0d4-47f6-4909-9ac4-32643a701e13/download/gp-practice-reference-file-january-2026.csv,2026-01,GP patient surveys,discontinued,historic_only,https://www.health-ni.gov.uk/articles/gp-patient-surveys,Northern Ireland GP patient survey ran from 2008/09 to 2010/11 and was then discontinued; no current practice-level equivalent is wired here.,DR. MALLON & PARTNER BT74 6NN
DR. MEADE & PARTNERS,Z00564,BT74 6NN,"LAKESIDE MEDICAL PRACTICE, ERNE HEALTH CENTRE, ENNISKILLEN",,,,,,,,NORTHERN IRELAND,northern_ireland,ods_ni_gp_practice,RO315,NORTHERN IRELAND GP PRACTICE,RO315,https://directory.spineservices.nhs.uk/ORD/2-0-0/organisations/Z00564,2021-09-20,7264,opendatani_gp_practice_reference_file,https://admin.opendatani.gov.uk/dataset/3d1a6615-5fc9-4f0e-ab2a-d2b0d71fb9ed/resource/8578e0d4-47f6-4909-9ac4-32643a701e13/download/gp-practice-reference-file-january-2026.csv,2026-01,GP patient surveys,discontinued,historic_only,https://www.health-ni.gov.uk/articles/gp-patient-surveys,Northern Ireland GP patient survey ran from 2008/09 to 2010/11 and was then discontinued; no current practice-level equivalent is wired here.,DR. MEADE & PARTNERS BT74 6NN
DR. MULLIGAN & PARTNER,Z00563,BT74 6NN,"DEVENISH PRACTICE, ERNE HEALTH CENTRE, ENNISKILLEN",,,,,,,,NORTHERN IRELAND,northern_ireland,ods_ni_gp_practice,RO315,NORTHERN IRELAND GP PRACTICE,RO315,https://directory.spineservices.nhs.uk/ORD/2-0-0/organisations/Z00563,2021-11-17,4309,opendatani_gp_practice_reference_file,https://admin.opendatani.gov.uk/dataset/3d1a6615-5fc9-4f0e-ab2a-d2b0d71fb9ed/resource/8578e0d4-47f6-4909-9ac4-32643a701e13/download/gp-practice-reference-file-january-2026.csv,2026-01,GP patient surveys,discontinued,historic_only,https://www.health-ni.gov.uk/articles/gp-patient-surveys,Northern Ireland GP patient survey ran from 2008/09 to 2010/11 and was then discontinued; no current practice-level equivalent is wired here.,DR. MULLIGAN & PARTNER BT74 6NN
DR. ELLIOTT & PARTNER,Z00494,BT75 0ND,"THE VALLEY MEDICAL PRACTICE, 20 COONEEN ROAD, FIVEMILETOWN",,,,,,,,NORTHERN IRELAND,northern_ireland,ods_ni_gp_practice,RO315,NORTHERN IRELAND GP PRACTICE,RO315,https://directory.spineservices.nhs.uk/ORD/2-0-0/organisations/Z00494,2021-09-15,4212,opendatani_gp_practice_reference_file,https://admin.opendatani.gov.uk/dataset/3d1a6615-5fc9-4f0e-ab2a-d2b0d71fb9ed/resource/8578e0d4-47f6-4909-9ac4-32643a701e13/download/gp-practice-reference-file-january-2026.csv,2026-01,GP patient surveys,discontinued,historic_only,https://www.health-ni.gov.uk/articles/gp-patient-surveys,Northern Ireland GP patient survey ran from 2008/09 to 2010/11 and was then discontinued; no current practice-level equivalent is wired here.,DR. ELLIOTT & PARTNER BT75 0ND
WHSCT FINTONA/MEDICAL,Z00651,BT78 2BB,"FINTONA MEDICAL CENTRE, 33 DROMORE ROAD, OMAGH",,,,,,,,NORTHERN IRELAND,northern_ireland,ods_ni_gp_practice,RO315,NORTHERN IRELAND GP PRACTICE,RO315,https://directory.spineservices.nhs.uk/ORD/2-0-0/organisations/Z00651,2025-02-21,6943,opendatani_gp_practice_reference_file,https://admin.opendatani.gov.uk/dataset/3d1a6615-5fc9-4f0e-ab2a-d2b0d71fb9ed/resource/8578e0d4-47f6-4909-9ac4-32643a701e13/download/gp-practice-reference-file-january-2026.csv,2026-01,GP patient surveys,discontinued,historic_only,https://www.health-ni.gov.uk/articles/gp-patient-surveys,Northern Ireland GP patient survey ran from 2008/09 to 2010/11 and was then discontinued; no current practice-level equivalent is wired here.,WHSCT FINTONA/MEDICAL BT78 2BB
WHSCT DROMORE/TRILLICK,Z00661,BT78 3AU,"DROMORE SURGERY, 16 CAMDERRY ROAD, OMAGH",,,,,,,,NORTHERN IRELAND,northern_ireland,ods_ni_gp_practice,RO315,NORTHERN IRELAND GP PRACTICE,RO315,https://directory.spineservices.nhs.uk/ORD/2-0-0/organisations/Z00661,2025-02-24,5257,opendatani_gp_practice_reference_file,https://admin.opendatani.gov.uk/dataset/3d1a6615-5fc9-4f0e-ab2a-d2b0d71fb9ed/resource/8578e0d4-47f6-4909-9ac4-32643a701e13/download/gp-practice-reference-file-january-2026.csv,2026-01,GP patient surveys,discontinued,historic_only,https://www.health-ni.gov.uk/articles/gp-patient-surveys,Northern Ireland GP patient survey ran from 2008/09 to 2010/11 and was then discontinued; no current practice-level equivalent is wired here.,WHSCT DROMORE/TRILLICK BT78 3AU
DR. SCULLY,Z00655,BT78 4QY,"DRUMQUIN HEALTHCARE, 23 OMAGH ROAD, OMAGH",,,,,,,,NORTHERN IRELAND,northern_ireland,ods_ni_gp_practice,RO315,NORTHERN IRELAND GP PRACTICE,RO315,https://directory.spineservices.nhs.uk/ORD/2-0-0/organisations/Z00655,2021-09-21,1525,opendatani_gp_practice_reference_file,https://admin.opendatani.gov.uk/dataset/3d1a6615-5fc9-4f0e-ab2a-d2b0d71fb9ed/resource/8578e0d4-47f6-4909-9ac4-32643a701e13/download/gp-practice-reference-file-january-2026.csv,2026-01,GP patient surveys,discontinued,historic_only,https://www.health-ni.gov.uk/articles/gp-patient-surveys,Northern Ireland GP patient survey ran from 2008/09 to 2010/11 and was then discontinued; no current practice-level equivalent is wired here.,DR. SCULLY BT78 4QY
DR. RITCHIE & PARTNER,Z00652,BT78 4SB,"DRUMQUIN SURGERY DR RICHIE, 2H MAIN STREET, OMAGH",,,,,,,,NORTHERN IRELAND,northern_ireland,ods_ni_gp_practice,RO315,NORTHERN IRELAND GP PRACTICE,RO315,https://directory.spineservices.nhs.uk/ORD/2-0-0/organisations/Z00652,2021-09-21,1903,opendatani_gp_practice_reference_file,https://admin.opendatani.gov.uk/dataset/3d1a6615-5fc9-4f0e-ab2a-d2b0d71fb9ed/resource/8578e0d4-47f6-4909-9ac4-32643a701e13/download/gp-practice-reference-file-january-2026.csv,2026-01,GP patient surveys,discontinued,historic_only,https://www.health-ni.gov.uk/articles/gp-patient-surveys,Northern Ireland GP patient survey ran from 2008/09 to 2010/11 and was then discontinued; no current practice-level equivalent is wired here.,DR. RITCHIE & PARTNER BT78 4SB
DR. BRADLEY & PARTNERS,Z00657,BT79 0FL,"THREE SPIRES SURGERY, 7 DONAGHANIE ROAD, OMAGH",,,,,,,,NORTHERN IRELAND,northern_ireland,ods_ni_gp_practice,RO315,NORTHERN IRELAND GP PRACTICE,RO315,https://directory.spineservices.nhs.uk/ORD/2-0-0/organisations/Z00657,2023-08-21,10196,opendatani_gp_practice_reference_file,https://admin.opendatani.gov.uk/dataset/3d1a6615-5fc9-4f0e-ab2a-d2b0d71fb9ed/resource/8578e0d4-47f6-4909-9ac4-32643a701e13/download/gp-practice-reference-file-january-2026.csv,2026-01,GP patient surveys,discontinued,historic_only,https://www.health-ni.gov.uk/articles/gp-patient-surveys,Northern Ireland GP patient survey ran from 2008/09 to 2010/11 and was then discontinued; no current practice-level equivalent is wired here.,DR. BRADLEY & PARTNERS BT79 0FL
DR. DEEHAN & PARTNER,Z00663,BT79 0FL,"STRULE MEDICAL, OMAGH HOSPITAL AND PCC, OMAGH",,,,,,,,NORTHERN IRELAND,northern_ireland,ods_ni_gp_practice,RO315,NORTHERN IRELAND GP PRACTICE,RO315,https://directory.spineservices.nhs.uk/ORD/2-0-0/organisations/Z00663,2021-09-20,3695,opendatani_gp_practice_reference_file,https://admin.opendatani.gov.uk/dataset/3d1a6615-5fc9-4f0e-ab2a-d2b0d71fb9ed/resource/8578e0d4-47f6-4909-9ac4-32643a701e13/download/gp-practice-reference-file-january-2026.csv,2026-01,GP patient surveys,discontinued,historic_only,https://www.health-ni.gov.uk/articles/gp-patient-surveys,Northern Ireland GP patient survey ran from 2008/09 to 2010/11 and was then discontinued; no current practice-level equivalent is wired here.,DR. DEEHAN & PARTNER BT79 0FL
DR. GORMLEY & PARTNERS,Z00662,BT79 0FL,"DRUMRAGH FAMILY PRACTICE, OMAGH HOSPITAL AND PCC, OMAGH",,,,,,,,NORTHERN IRELAND,northern_ireland,ods_ni_gp_practice,RO315,NORTHERN IRELAND GP PRACTICE,RO315,https://directory.spineservices.nhs.uk/ORD/2-0-0/organisations/Z00662,2021-09-21,11417,opendatani_gp_practice_reference_file,https://admin.opendatani.gov.uk/dataset/3d1a6615-5fc9-4f0e-ab2a-d2b0d71fb9ed/resource/8578e0d4-47f6-4909-9ac4-32643a701e13/download/gp-practice-reference-file-january-2026.csv,2026-01,GP patient surveys,discontinued,historic_only,https://www.health-ni.gov.uk/articles/gp-patient-surveys,Northern Ireland GP patient survey ran from 2008/09 to 2010/11 and was then discontinued; no current practice-level equivalent is wired here.,DR. GORMLEY & PARTNERS BT79 0FL
DR. QUINN & PARTNERS,Z00654,BT79 0FL,"GRANGE FAMILY PRACTICE, OMAGH HOSPITAL AND PCC, OMAGH",,,,,,,,NORTHERN IRELAND,northern_ireland,ods_ni_gp_practice,RO315,NORTHERN IRELAND GP PRACTICE,RO315,https://directory.spineservices.nhs.uk/ORD/2-0-0/organisations/Z00654,2021-09-21,7237,opendatani_gp_practice_reference_file,https://admin.opendatani.gov.uk/dataset/3d1a6615-5fc9-4f0e-ab2a-d2b0d71fb9ed/resource/8578e0d4-47f6-4909-9ac4-32643a701e13/download/gp-practice-reference-file-january-2026.csv,2026-01,GP patient surveys,discontinued,historic_only,https://www.health-ni.gov.uk/articles/gp-patient-surveys,Northern Ireland GP patient survey ran from 2008/09 to 2010/11 and was then discontinued; no current practice-level equivalent is wired here.,DR. QUINN & PARTNERS BT79 0FL
DR. MCAULEY & PARTNER,Z00664,BT79 8DL,"SPERRIN FAMILY PRACTICE, 41 MAIN STREET, OMAGH",,,,,,,,NORTHERN IRELAND,northern_ireland,ods_ni_gp_practice,RO315,NORTHERN IRELAND GP PRACTICE,RO315,https://directory.spineservices.nhs.uk/ORD/2-0-0/organisations/Z00664,2022-08-22,3509,opendatani_gp_practice_reference_file,https://admin.opendatani.gov.uk/dataset/3d1a6615-5fc9-4f0e-ab2a-d2b0d71fb9ed/resource/8578e0d4-47f6-4909-9ac4-32643a701e13/download/gp-practice-reference-file-january-2026.csv,2026-01,GP patient surveys,discontinued,historic_only,https://www.health-ni.gov.uk/articles/gp-patient-surveys,Northern Ireland GP patient survey ran from 2008/09 to 2010/11 and was then discontinued; no current practice-level equivalent is wired here.,DR. MCAULEY & PARTNER BT79 8DL
DR. CORRY & PARTNERS,Z00660,BT79 9JR,"CARRICKMORE HEALTH CENTRE, TERMON ROAD, OMAGH",,,,,,,,NORTHERN IRELAND,northern_ireland,ods_ni_gp_practice,RO315,NORTHERN IRELAND GP PRACTICE,RO315,https://directory.spineservices.nhs.uk/ORD/2-0-0/organisations/Z00660,2021-09-21,9414,opendatani_gp_practice_reference_file,https://admin.opendatani.gov.uk/dataset/3d1a6615-5fc9-4f0e-ab2a-d2b0d71fb9ed/resource/8578e0d4-47f6-4909-9ac4-32643a701e13/download/gp-practice-reference-file-january-2026.csv,2026-01,GP patient surveys,discontinued,historic_only,https://www.health-ni.gov.uk/articles/gp-patient-surveys,Northern Ireland GP patient survey ran from 2008/09 to 2010/11 and was then discontinued; no current practice-level equivalent is wired here.,DR. CORRY & PARTNERS BT79 9JR
DR. HAIGNEY & PARTNERS,Z00136,BT8 6GR,"MOUNT ORIEL MEDICAL PRACTICE, KNOCKBREDA WTC, BELFAST",,,,,,,,NORTHERN IRELAND,northern_ireland,ods_ni_gp_practice,RO315,NORTHERN IRELAND GP PRACTICE,RO315,https://directory.spineservices.nhs.uk/ORD/2-0-0/organisations/Z00136,2021-09-16,8827,opendatani_gp_practice_reference_file,https://admin.opendatani.gov.uk/dataset/3d1a6615-5fc9-4f0e-ab2a-d2b0d71fb9ed/resource/8578e0d4-47f6-4909-9ac4-32643a701e13/download/gp-practice-reference-file-january-2026.csv,2026-01,GP patient surveys,discontinued,historic_only,https://www.health-ni.gov.uk/articles/gp-patient-surveys,Northern Ireland GP patient survey ran from 2008/09 to 2010/11 and was then discontinued; no current practice-level equivalent is wired here.,DR. HAIGNEY & PARTNERS BT8 6GR
DR. MASON & PARTNERS,Z00006,BT8 8HR,"CARRYDUFF SURGERY, HILLSBOROUGH ROAD, BELFAST",,,,,,,,NORTHERN IRELAND,northern_ireland,ods_ni_gp_practice,RO315,NORTHERN IRELAND GP PRACTICE,RO315,https://directory.spineservices.nhs.uk/ORD/2-0-0/organisations/Z00006,2024-02-19,12399,opendatani_gp_practice_reference_file,https://admin.opendatani.gov.uk/dataset/3d1a6615-5fc9-4f0e-ab2a-d2b0d71fb9ed/resource/8578e0d4-47f6-4909-9ac4-32643a701e13/download/gp-practice-reference-file-january-2026.csv,2026-01,GP patient surveys,discontinued,historic_only,https://www.health-ni.gov.uk/articles/gp-patient-surveys,Northern Ireland GP patient survey ran from 2008/09 to 2010/11 and was then discontinued; no current practice-level equivalent is wired here.,DR. MASON & PARTNERS BT8 8HR
DR. GRAY & PARTNERS,Z00404,BT80 0DP,"COAGH MEDICAL CENTRE, 67 URBAL ROAD, COOKSTOWN",,,,,,,,NORTHERN IRELAND,northern_ireland,ods_ni_gp_practice,RO315,NORTHERN IRELAND GP PRACTICE,RO315,https://directory.spineservices.nhs.uk/ORD/2-0-0/organisations/Z00404,2026-02-20,6063,opendatani_gp_practice_reference_file,https://admin.opendatani.gov.uk/dataset/3d1a6615-5fc9-4f0e-ab2a-d2b0d71fb9ed/resource/8578e0d4-47f6-4909-9ac4-32643a701e13/download/gp-practice-reference-file-january-2026.csv,2026-01,GP patient surveys,discontinued,historic_only,https://www.health-ni.gov.uk/articles/gp-patient-surveys,Northern Ireland GP patient survey ran from 2008/09 to 2010/11 and was then discontinued; no current practice-level equivalent is wired here.,DR. GRAY & PARTNERS BT80 0DP
DR. BROWN & PARTNERS,Z00407,BT80 8BH,"OAKS FAMILY PRACTICE CENTRE, 48 ORRITOR ROAD, COOKSTOWN",,,,,,,,NORTHERN IRELAND,northern_ireland,ods_ni_gp_practice,RO315,NORTHERN IRELAND GP PRACTICE,RO315,https://directory.spineservices.nhs.uk/ORD/2-0-0/organisations/Z00407,2021-09-20,8184,opendatani_gp_practice_reference_file,https://admin.opendatani.gov.uk/dataset/3d1a6615-5fc9-4f0e-ab2a-d2b0d71fb9ed/resource/8578e0d4-47f6-4909-9ac4-32643a701e13/download/gp-practice-reference-file-january-2026.csv,2026-01,GP patient surveys,discontinued,historic_only,https://www.health-ni.gov.uk/articles/gp-patient-surveys,Northern Ireland GP patient survey ran from 2008/09 to 2010/11 and was then discontinued; no current practice-level equivalent is wired here.,DR. BROWN & PARTNERS BT80 8BH
DR. JOHNSTON & PARTNERS,Z00401,BT80 8BN,"MID ULSTER HEALTH CARE C'TOWN, THE HEALTH CENTRE, COOKSTOWN",,,,,,,,NORTHERN IRELAND,northern_ireland,ods_ni_gp_practice,RO315,NORTHERN IRELAND GP PRACTICE,RO315,https://directory.spineservices.nhs.uk/ORD/2-0-0/organisations/Z00401,2022-08-22,6577,opendatani_gp_practice_reference_file,https://admin.opendatani.gov.uk/dataset/3d1a6615-5fc9-4f0e-ab2a-d2b0d71fb9ed/resource/8578e0d4-47f6-4909-9ac4-32643a701e13/download/gp-practice-reference-file-january-2026.csv,2026-01,GP patient surveys,discontinued,historic_only,https://www.health-ni.gov.uk/articles/gp-patient-surveys,Northern Ireland GP patient survey ran from 2008/09 to 2010/11 and was then discontinued; no current practice-level equivalent is wired here.,DR. JOHNSTON & PARTNERS BT80 8BN
DR. MCKEEVER & PARTNERS,Z00405,BT80 8PE,"LOY MEDICAL CENTRE, 8 LOY STREET, COOKSTOWN",,,,,,,,NORTHERN IRELAND,northern_ireland,ods_ni_gp_practice,RO315,NORTHERN IRELAND GP PRACTICE,RO315,https://directory.spineservices.nhs.uk/ORD/2-0-0/organisations/Z00405,2021-09-20,5984,opendatani_gp_practice_reference_file,https://admin.opendatani.gov.uk/dataset/3d1a6615-5fc9-4f0e-ab2a-d2b0d71fb9ed/resource/8578e0d4-47f6-4909-9ac4-32643a701e13/download/gp-practice-reference-file-january-2026.csv,2026-01,GP patient surveys,discontinued,historic_only,https://www.health-ni.gov.uk/articles/gp-patient-surveys,Northern Ireland GP patient survey ran from 2008/09 to 2010/11 and was then discontinued; no current practice-level equivalent is wired here.,DR. MCKEEVER & PARTNERS BT80 8PE
DR. POTTER & PARTNER,Z00413,BT80 8PE,"COOKSTOWN CIC, THE SURGERY, LOY BUILDINGS, COOKSTOWN",,,,,,,,NORTHERN IRELAND,northern_ireland,ods_ni_gp_practice,RO315,NORTHERN IRELAND GP PRACTICE,RO315,https://directory.spineservices.nhs.uk/ORD/2-0-0/organisations/Z00413,2024-05-20,2979,opendatani_gp_practice_reference_file,https://admin.opendatani.gov.uk/dataset/3d1a6615-5fc9-4f0e-ab2a-d2b0d71fb9ed/resource/8578e0d4-47f6-4909-9ac4-32643a701e13/download/gp-practice-reference-file-january-2026.csv,2026-01,GP patient surveys,discontinued,historic_only,https://www.health-ni.gov.uk/articles/gp-patient-surveys,Northern Ireland GP patient survey ran from 2008/09 to 2010/11 and was then discontinued; no current practice-level equivalent is wired here.,DR. POTTER & PARTNER BT80 8PE
DR. GREENE & PARTNERS,Z00616,BT81 7AZ,"WESTERN RURAL HEALTHCARE, CASTLEDERG GROUP SURGERY, CASTLEDERG",,,,,,,,NORTHERN IRELAND,northern_ireland,ods_ni_gp_practice,RO315,NORTHERN IRELAND GP PRACTICE,RO315,https://directory.spineservices.nhs.uk/ORD/2-0-0/organisations/Z00616,2022-08-22,16819,opendatani_gp_practice_reference_file,https://admin.opendatani.gov.uk/dataset/3d1a6615-5fc9-4f0e-ab2a-d2b0d71fb9ed/resource/8578e0d4-47f6-4909-9ac4-32643a701e13/download/gp-practice-reference-file-january-2026.csv,2026-01,GP patient surveys,discontinued,historic_only,https://www.health-ni.gov.uk/articles/gp-patient-surveys,Northern Ireland GP patient survey ran from 2008/09 to 2010/11 and was then discontinued; no current practice-level equivalent is wired here.,DR. GREENE & PARTNERS BT81 7AZ
DR. FULLERTON & PARTNER,Z00605,BT82 0NB,"DONEMANA SURGERY, 256 BERRYHILL ROAD, STRABANE",,,,,,,,NORTHERN IRELAND,northern_ireland,ods_ni_gp_practice,RO315,NORTHERN IRELAND GP PRACTICE,RO315,https://directory.spineservices.nhs.uk/ORD/2-0-0/organisations/Z00605,2025-05-16,4708,opendatani_gp_practice_reference_file,https://admin.opendatani.gov.uk/dataset/3d1a6615-5fc9-4f0e-ab2a-d2b0d71fb9ed/resource/8578e0d4-47f6-4909-9ac4-32643a701e13/download/gp-practice-reference-file-january-2026.csv,2026-01,GP patient surveys,discontinued,historic_only,https://www.health-ni.gov.uk/articles/gp-patient-surveys,Northern Ireland GP patient survey ran from 2008/09 to 2010/11 and was then discontinued; no current practice-level equivalent is wired here.,DR. FULLERTON & PARTNER BT82 0NB
DR. DINSMORE & PARTNERS,Z00620,BT82 8AS,"FAMILY PRACTICE, STRABANE, STRABANE HEALTH CENTRE, STRABANE",,,,,,,,NORTHERN IRELAND,northern_ireland,ods_ni_gp_practice,RO315,NORTHERN IRELAND GP PRACTICE,RO315,https://directory.spineservices.nhs.uk/ORD/2-0-0/organisations/Z00620,2025-11-14,6642,opendatani_gp_practice_reference_file,https://admin.opendatani.gov.uk/dataset/3d1a6615-5fc9-4f0e-ab2a-d2b0d71fb9ed/resource/8578e0d4-47f6-4909-9ac4-32643a701e13/download/gp-practice-reference-file-january-2026.csv,2026-01,GP patient surveys,discontinued,historic_only,https://www.health-ni.gov.uk/articles/gp-patient-surveys,Northern Ireland GP patient survey ran from 2008/09 to 2010/11 and was then discontinued; no current practice-level equivalent is wired here.,DR. DINSMORE & PARTNERS BT82 8AS
DR. MULLAN & PARTNERS,Z00610,BT82 8AS,"RIVERSIDE PRACTICE, STRABANE HEALTH CENTRE, STRABANE",,,,,,,,NORTHERN IRELAND,northern_ireland,ods_ni_gp_practice,RO315,NORTHERN IRELAND GP PRACTICE,RO315,https://directory.spineservices.nhs.uk/ORD/2-0-0/organisations/Z00610,2024-05-20,7946,opendatani_gp_practice_reference_file,https://admin.opendatani.gov.uk/dataset/3d1a6615-5fc9-4f0e-ab2a-d2b0d71fb9ed/resource/8578e0d4-47f6-4909-9ac4-32643a701e13/download/gp-practice-reference-file-january-2026.csv,2026-01,GP patient surveys,discontinued,historic_only,https://www.health-ni.gov.uk/articles/gp-patient-surveys,Northern Ireland GP patient survey ran from 2008/09 to 2010/11 and was then discontinued; no current practice-level equivalent is wired here.,DR. MULLAN & PARTNERS BT82 8AS
DR. SMYTH & PARTNERS,Z00601,BT82 9AF,"MOURNESIDE MEDICAL CENTRE, 1A BALLYCOLMAN AVENUE, STRABANE",,,,,,,,NORTHERN IRELAND,northern_ireland,ods_ni_gp_practice,RO315,NORTHERN IRELAND GP PRACTICE,RO315,https://directory.spineservices.nhs.uk/ORD/2-0-0/organisations/Z00601,2024-02-20,10405,opendatani_gp_practice_reference_file,https://admin.opendatani.gov.uk/dataset/3d1a6615-5fc9-4f0e-ab2a-d2b0d71fb9ed/resource/8578e0d4-47f6-4909-9ac4-32643a701e13/download/gp-practice-reference-file-january-2026.csv,2026-01,GP patient surveys,discontinued,historic_only,https://www.health-ni.gov.uk/articles/gp-patient-surveys,Northern Ireland GP patient survey ran from 2008/09 to 2010/11 and was then discontinued; no current practice-level equivalent is wired here.,DR. SMYTH & PARTNERS BT82 9AF
DR. HUGHES,Z00146,BT9 6GR,"BALMORAL SURGERY, 436 LISBURN ROAD, BELFAST",,,,,,,,NORTHERN IRELAND,northern_ireland,ods_ni_gp_practice,RO315,NORTHERN IRELAND GP PRACTICE,RO315,https://directory.spineservices.nhs.uk/ORD/2-0-0/organisations/Z00146,2021-09-16,4177,opendatani_gp_practice_reference_file,https://admin.opendatani.gov.uk/dataset/3d1a6615-5fc9-4f0e-ab2a-d2b0d71fb9ed/resource/8578e0d4-47f6-4909-9ac4-32643a701e13/download/gp-practice-reference-file-january-2026.csv,2026-01,GP patient surveys,discontinued,historic_only,https://www.health-ni.gov.uk/articles/gp-patient-surveys,Northern Ireland GP patient survey ran from 2008/09 to 2010/11 and was then discontinued; no current practice-level equivalent is wired here.,DR. HUGHES BT9 6GR
DR. LOGAN & PARTNERS,Z00140,BT9 7HR,"ELMWOOD MEDICAL PRACTICE, DUNLUCE HEALTH CENTRE, BELFAST",,,,,,,,NORTHERN IRELAND,northern_ireland,ods_ni_gp_practice,RO315,NORTHERN IRELAND GP PRACTICE,RO315,https://directory.spineservices.nhs.uk/ORD/2-0-0/organisations/Z00140,2021-09-16,9119,opendatani_gp_practice_reference_file,https://admin.opendatani.gov.uk/dataset/3d1a6615-5fc9-4f0e-ab2a-d2b0d71fb9ed/resource/8578e0d4-47f6-4909-9ac4-32643a701e13/download/gp-practice-reference-file-january-2026.csv,2026-01,GP patient surveys,discontinued,historic_only,https://www.health-ni.gov.uk/articles/gp-patient-surveys,Northern Ireland GP patient survey ran from 2008/09 to 2010/11 and was then discontinued; no current practice-level equivalent is wired here.,DR. LOGAN & PARTNERS BT9 7HR
DR. MCGLADE & PARTNERS,Z00132,BT9 7HR,"DUNLUCE FAMILY PRACTICE, 1 DUNLUCE AVENUE, BELFAST",,,,,,,,NORTHERN IRELAND,northern_ireland,ods_ni_gp_practice,RO315,NORTHERN IRELAND GP PRACTICE,RO315,https://directory.spineservices.nhs.uk/ORD/2-0-0/organisations/Z00132,2021-09-17,6156,opendatani_gp_practice_reference_file,https://admin.opendatani.gov.uk/dataset/3d1a6615-5fc9-4f0e-ab2a-d2b0d71fb9ed/resource/8578e0d4-47f6-4909-9ac4-32643a701e13/download/gp-practice-reference-file-january-2026.csv,2026-01,GP patient surveys,discontinued,historic_only,https://www.health-ni.gov.uk/articles/gp-patient-surveys,Northern Ireland GP patient survey ran from 2008/09 to 2010/11 and was then discontinued; no current practice-level equivalent is wired here.,DR. MCGLADE & PARTNERS BT9 7HR
DR. SHERWOOD & PARTNERS,Z00143,BT9 7HR,"THE ROWAN TREE FAMILY PRACTICE, DUNLUCE HEALTH CENTRE, BELFAST",,,,,,,,NORTHERN IRELAND,northern_ireland,ods_ni_gp_practice,RO315,NORTHERN IRELAND GP PRACTICE,RO315,https://directory.spineservices.nhs.uk/ORD/2-0-0/organisations/Z00143,2021-09-16,6398,opendatani_gp_practice_reference_file,https://admin.opendatani.gov.uk/dataset/3d1a6615-5fc9-4f0e-ab2a-d2b0d71fb9ed/resource/8578e0d4-47f6-4909-9ac4-32643a701e13/download/gp-practice-reference-file-january-2026.csv,2026-01,GP patient surveys,discontinued,historic_only,https://www.health-ni.gov.uk/articles/gp-patient-surveys,Northern Ireland GP patient survey ran from 2008/09 to 2010/11 and was then discontinued; no current practice-level equivalent is wired here.,DR. SHERWOOD & PARTNERS BT9 7HR
DR. DOLAN & PARTNERS,Z00574,BT92 0GT,"LISNASKEA MEDICAL CENTRE (CIC), 44 DRUMHAW PARK, ENNISKILLEN",,,,,,,,NORTHERN IRELAND,northern_ireland,ods_ni_gp_practice,RO315,NORTHERN IRELAND GP PRACTICE,RO315,https://directory.spineservices.nhs.uk/ORD/2-0-0/organisations/Z00574,2023-11-20,13996,opendatani_gp_practice_reference_file,https://admin.opendatani.gov.uk/dataset/3d1a6615-5fc9-4f0e-ab2a-d2b0d71fb9ed/resource/8578e0d4-47f6-4909-9ac4-32643a701e13/download/gp-practice-reference-file-january-2026.csv,2026-01,GP patient surveys,discontinued,historic_only,https://www.health-ni.gov.uk/articles/gp-patient-surveys,Northern Ireland GP patient survey ran from 2008/09 to 2010/11 and was then discontinued; no current practice-level equivalent is wired here.,DR. DOLAN & PARTNERS BT92 0GT
DR. CUNNINGHAM & PARTNERS,Z00585,BT92 1DD,"CUILCAGH MEDICAL PRACTICE, DRUMLAGHY, ENNISKILLEN",,,,,,,,NORTHERN IRELAND,northern_ireland,ods_ni_gp_practice,RO315,NORTHERN IRELAND GP PRACTICE,RO315,https://directory.spineservices.nhs.uk/ORD/2-0-0/organisations/Z00585,2021-09-20,8556,opendatani_gp_practice_reference_file,https://admin.opendatani.gov.uk/dataset/3d1a6615-5fc9-4f0e-ab2a-d2b0d71fb9ed/resource/8578e0d4-47f6-4909-9ac4-32643a701e13/download/gp-practice-reference-file-january-2026.csv,2026-01,GP patient surveys,discontinued,historic_only,https://www.health-ni.gov.uk/articles/gp-patient-surveys,Northern Ireland GP patient survey ran from 2008/09 to 2010/11 and was then discontinued; no current practice-level equivalent is wired here.,DR. CUNNINGHAM & PARTNERS BT92 1DD
DR. HERDMAN & PARTNERS,Z00576,BT93 3FY,"RATHMORE CLINIC, RATHMORE, ENNISKILLEN",,,,,,,,NORTHERN IRELAND,northern_ireland,ods_ni_gp_practice,RO315,NORTHERN IRELAND GP PRACTICE,RO315,https://directory.spineservices.nhs.uk/ORD/2-0-0/organisations/Z00576,2021-09-21,3871,opendatani_gp_practice_reference_file,https://admin.opendatani.gov.uk/dataset/3d1a6615-5fc9-4f0e-ab2a-d2b0d71fb9ed/resource/8578e0d4-47f6-4909-9ac4-32643a701e13/download/gp-practice-reference-file-january-2026.csv,2026-01,GP patient surveys,discontinued,historic_only,https://www.health-ni.gov.uk/articles/gp-patient-surveys,Northern Ireland GP patient survey ran from 2008/09 to 2010/11 and was then discontinued; no current practice-level equivalent is wired here.,DR. HERDMAN & PARTNERS BT93 3FY
DR. HAIGNEY & PARTNERS,Z00566,BT94 1EH,"IRVINESTOWN HEALTH CENTRE, CHURCH STREET, ENNISKILLEN",,,,,,,,NORTHERN IRELAND,northern_ireland,ods_ni_gp_practice,RO315,NORTHERN IRELAND GP PRACTICE,RO315,https://directory.spineservices.nhs.uk/ORD/2-0-0/organisations/Z00566,2022-08-22,7471,opendatani_gp_practice_reference_file,https://admin.opendatani.gov.uk/dataset/3d1a6615-5fc9-4f0e-ab2a-d2b0d71fb9ed/resource/8578e0d4-47f6-4909-9ac4-32643a701e13/download/gp-practice-reference-file-january-2026.csv,2026-01,GP patient surveys,discontinued,historic_only,https://www.health-ni.gov.uk/articles/gp-patient-surveys,Northern Ireland GP patient survey ran from 2008/09 to 2010/11 and was then discontinued; no current practice-level equivalent is wired here.,DR. HAIGNEY & PARTNERS BT94 1EH
WHSCT BROOKEBOROUGH/TEMPO PCS,Z00584,BT94 4JG,"9 TANYARD LANE, AGHALUN, ENNISKILLEN",,,,,,,,NORTHERN IRELAND,northern_ireland,ods_ni_gp_practice,RO315,NORTHERN IRELAND GP PRACTICE,RO315,https://directory.spineservices.nhs.uk/ORD/2-0-0/organisations/Z00584,2025-02-24,7703,opendatani_gp_practice_reference_file,https://admin.opendatani.gov.uk/dataset/3d1a6615-5fc9-4f0e-ab2a-d2b0d71fb9ed/resource/8578e0d4-47f6-4909-9ac4-32643a701e13/download/gp-practice-reference-file-january-2026.csv,2026-01,GP patient surveys,discontinued,historic_only,https://www.health-ni.gov.uk/articles/gp-patient-surveys,Northern Ireland GP patient survey ran from 2008/09 to 2010/11 and was then discontinued; no current practice-level equivalent is wired here.,WHSCT BROOKEBOROUGH/TEMPO PCS BT94 4JG
