practice_name,canonical_code,postcode,street_address,telephone,email,website_url,nhs_profile_url,latitude,longitude,accepting_new_patients,country,nation,source_type,ods_primary_role_id,ods_primary_role_description,ods_active_roles,ods_org_link,last_change_date,registered_patient_count,registered_patient_count_source,registered_patient_count_source_url,registered_patient_count_snapshot,google_maps_query
ALBYN MEDICAL PRACTICE,S30909,AB10 1NW,"THE ALBYN MEDICAL PRACTICE, 30 ALBYN PLACE, ABERDEEN",01224 586829,,,,,,,SCOTLAND,scotland,ods_scottish_gp_practice,RO227,SCOTTISH GP PRACTICE,"RO227,RO76",https://directory.spineservices.nhs.uk/ORD/2-0-0/organisations/S30909,2022-08-18,12159,nhs_scotland_gp_practice_contact_details_and_list_sizes,https://www.opendata.nhs.scot/dataset/f23655c3-6e23-4103-a511-a80d998adb90/resource/ceddbf27-0686-4f4b-b9a2-0090d28c3864/download/practice_contact_details_20260101_opendata.csv,20260101,ALBYN MEDICAL PRACTICE AB10 1NW
RUBISLAW PLACE MEDICAL GROUP,S30951,AB10 1QB,"RUBISLAW MEDICAL GROUP, 7 RUBISLAW PLACE, ABERDEEN",01224 641968,,,,,,,SCOTLAND,scotland,ods_scottish_gp_practice,RO227,SCOTTISH GP PRACTICE,"RO227,RO76",https://directory.spineservices.nhs.uk/ORD/2-0-0/organisations/S30951,2022-08-18,8274,nhs_scotland_gp_practice_contact_details_and_list_sizes,https://www.opendata.nhs.scot/dataset/f23655c3-6e23-4103-a511-a80d998adb90/resource/ceddbf27-0686-4f4b-b9a2-0090d28c3864/download/practice_contact_details_20260101_opendata.csv,20260101,RUBISLAW PLACE MEDICAL GROUP AB10 1QB
NEWBURN HEALTH CENTRE,S30078,AB10 1UT,"CARDEN HOUSE, CARDEN PLACE, ABERDEEN",03450 130740,,,,,,,SCOTLAND,scotland,ods_scottish_gp_practice,RO227,SCOTTISH GP PRACTICE,"RO227,RO76",https://directory.spineservices.nhs.uk/ORD/2-0-0/organisations/S30078,2024-03-18,19733,nhs_scotland_gp_practice_contact_details_and_list_sizes,https://www.opendata.nhs.scot/dataset/f23655c3-6e23-4103-a511-a80d998adb90/resource/ceddbf27-0686-4f4b-b9a2-0090d28c3864/download/practice_contact_details_20260101_opendata.csv,20260101,NEWBURN HEALTH CENTRE AB10 1UT
HOLBURN MEDICAL GROUP,S30059,AB10 1YE,"7 ALBYN PLACE, ABERDEEN",01224 400800,,,,,,,SCOTLAND,scotland,ods_scottish_gp_practice,RO227,SCOTTISH GP PRACTICE,"RO227,RO76",https://directory.spineservices.nhs.uk/ORD/2-0-0/organisations/S30059,2022-08-18,9128,nhs_scotland_gp_practice_contact_details_and_list_sizes,https://www.opendata.nhs.scot/dataset/f23655c3-6e23-4103-a511-a80d998adb90/resource/ceddbf27-0686-4f4b-b9a2-0090d28c3864/download/practice_contact_details_20260101_opendata.csv,20260101,HOLBURN MEDICAL GROUP AB10 1YE
GARTHDEE MEDICAL GROUP,S30030,AB10 7QQ,"HEALTH CENTRE, GARTHDEE ROAD, ABERDEEN",01224 208312,,,,,,,SCOTLAND,scotland,ods_scottish_gp_practice,RO227,SCOTTISH GP PRACTICE,"RO227,RO76",https://directory.spineservices.nhs.uk/ORD/2-0-0/organisations/S30030,2023-01-16,9819,nhs_scotland_gp_practice_contact_details_and_list_sizes,https://www.opendata.nhs.scot/dataset/f23655c3-6e23-4103-a511-a80d998adb90/resource/ceddbf27-0686-4f4b-b9a2-0090d28c3864/download/practice_contact_details_20260101_opendata.csv,20260101,GARTHDEE MEDICAL GROUP AB10 7QQ
WHINHILL MEDICAL PRACTICE,S30097,AB11 7XH,"20 WHINHILL ROAD, ABERDEEN",,,,,,,,SCOTLAND,scotland,ods_scottish_gp_practice,RO227,SCOTTISH GP PRACTICE,"RO227,RO76",https://directory.spineservices.nhs.uk/ORD/2-0-0/organisations/S30097,2023-05-16,9883,nhs_scotland_gp_practice_contact_details_and_list_sizes,https://www.opendata.nhs.scot/dataset/f23655c3-6e23-4103-a511-a80d998adb90/resource/ceddbf27-0686-4f4b-b9a2-0090d28c3864/download/practice_contact_details_20260101_opendata.csv,20260101,WHINHILL MEDICAL PRACTICE AB11 7XH
TORRY MEDICAL PRACTICE,S30311,AB11 8ER,"TORRY NEIGHBOURHOOD CENTRE, OSCAR ROAD, ABERDEEN",,,,,,,,SCOTLAND,scotland,ods_scottish_gp_practice,RO227,SCOTTISH GP PRACTICE,"RO227,RO76",https://directory.spineservices.nhs.uk/ORD/2-0-0/organisations/S30311,2023-05-16,6885,nhs_scotland_gp_practice_contact_details_and_list_sizes,https://www.opendata.nhs.scot/dataset/f23655c3-6e23-4103-a511-a80d998adb90/resource/ceddbf27-0686-4f4b-b9a2-0090d28c3864/download/practice_contact_details_20260101_opendata.csv,20260101,TORRY MEDICAL PRACTICE AB11 8ER
PORTLETHEN MEDICAL CENTRE,S32411,AB12 4QP,"PORTLETHEN, ABERDEEN",03450 130720,,,,,,,SCOTLAND,scotland,ods_scottish_gp_practice,RO227,SCOTTISH GP PRACTICE,"RO227,RO76",https://directory.spineservices.nhs.uk/ORD/2-0-0/organisations/S32411,2022-08-24,16076,nhs_scotland_gp_practice_contact_details_and_list_sizes,https://www.opendata.nhs.scot/dataset/f23655c3-6e23-4103-a511-a80d998adb90/resource/ceddbf27-0686-4f4b-b9a2-0090d28c3864/download/practice_contact_details_20260101_opendata.csv,20260101,PORTLETHEN MEDICAL CENTRE AB12 4QP
KINCORTH MEDICAL PRACTICE,S30401,AB12 5NA,"KINCORTH COMMUNITY HEALTH CENTRE, PROVOST WATT DRIVE, ABERDEEN",03453 371170,,,,,,,SCOTLAND,scotland,ods_scottish_gp_practice,RO227,SCOTTISH GP PRACTICE,"RO227,RO76",https://directory.spineservices.nhs.uk/ORD/2-0-0/organisations/S30401,2022-08-24,14628,nhs_scotland_gp_practice_contact_details_and_list_sizes,https://www.opendata.nhs.scot/dataset/f23655c3-6e23-4103-a511-a80d998adb90/resource/ceddbf27-0686-4f4b-b9a2-0090d28c3864/download/practice_contact_details_20260101_opendata.csv,20260101,KINCORTH MEDICAL PRACTICE AB12 5NA
PETERCULTER MEDICAL PRACTICE,S31244,AB14 0RP,"PETERCULTER HEALTH CENTRE, CORONATION ROAD, PETERCULTER",01224 733535,,,,,,,SCOTLAND,scotland,ods_scottish_gp_practice,RO227,SCOTTISH GP PRACTICE,"RO227,RO76",https://directory.spineservices.nhs.uk/ORD/2-0-0/organisations/S31244,2022-08-18,7744,nhs_scotland_gp_practice_contact_details_and_list_sizes,https://www.opendata.nhs.scot/dataset/f23655c3-6e23-4103-a511-a80d998adb90/resource/ceddbf27-0686-4f4b-b9a2-0090d28c3864/download/practice_contact_details_20260101_opendata.csv,20260101,PETERCULTER MEDICAL PRACTICE AB14 0RP
HAMILTON MEDICAL GROUP,S30218,AB15 4ZT,"4 QUEENS ROAD, ABERDEEN",01224 562888,,,,,,,SCOTLAND,scotland,ods_scottish_gp_practice,RO227,SCOTTISH GP PRACTICE,"RO227,RO76",https://directory.spineservices.nhs.uk/ORD/2-0-0/organisations/S30218,2022-08-18,9499,nhs_scotland_gp_practice_contact_details_and_list_sizes,https://www.opendata.nhs.scot/dataset/f23655c3-6e23-4103-a511-a80d998adb90/resource/ceddbf27-0686-4f4b-b9a2-0090d28c3864/download/practice_contact_details_20260101_opendata.csv,20260101,HAMILTON MEDICAL GROUP AB15 4ZT
OPHTHALMIC PRESCRIBING,S34971,AB15 6LS,"PRIMARY CARE CONTRACTS TEAM, WESTHOLME, ABERDEEN",01224 556502,,,,,,,SCOTLAND,scotland,ods_scottish_gp_practice,RO227,SCOTTISH GP PRACTICE,"RO227,RO76",https://directory.spineservices.nhs.uk/ORD/2-0-0/organisations/S34971,2023-01-13,,,,,OPHTHALMIC PRESCRIBING AB15 6LS
PHARMACY FIRST PLUS AC,S30025,AB15 6LS,"PHARMACY AND MEDICINES DIRECTORATE, WESTHOLME, ABERDEEN",01224 556768,,,,,,,SCOTLAND,scotland,ods_scottish_gp_practice,RO227,SCOTTISH GP PRACTICE,"RO227,RO72",https://directory.spineservices.nhs.uk/ORD/2-0-0/organisations/S30025,2022-11-18,,,,,PHARMACY FIRST PLUS AC AB15 6LS
PHARMACY FIRST PLUS AS,S31494,AB15 6LS,"PHARMACY AND MEDICINES DIRECTORATE, WESTHOLME, ABERDEEN",01224 556768,,,,,,,SCOTLAND,scotland,ods_scottish_gp_practice,RO227,SCOTTISH GP PRACTICE,"RO227,RO72",https://directory.spineservices.nhs.uk/ORD/2-0-0/organisations/S31494,2022-11-18,,,,,PHARMACY FIRST PLUS AS AB15 6LS
PHARMACY FIRST PLUS MORAY,S33076,AB15 6LS,"PHARMACY AND MEDICINES DIRECTORATE, WESTHOLME, WOODEND HOSPITAL, ABERDEEN",01224 556763,,,,,,,SCOTLAND,scotland,ods_scottish_gp_practice,RO227,SCOTTISH GP PRACTICE,"RO227,RO72",https://directory.spineservices.nhs.uk/ORD/2-0-0/organisations/S33076,2022-11-18,,,,,PHARMACY FIRST PLUS MORAY AB15 6LS
DIABETIC NURSE SERVICE,S30167,AB15 6RE,"NURSING DIRECTORATE, GRAMPIAN HEALTH, ABERDEEN",01224 558427,,,,,,,SCOTLAND,scotland,ods_scottish_gp_practice,RO227,SCOTTISH GP PRACTICE,"RO227,RO76",https://directory.spineservices.nhs.uk/ORD/2-0-0/organisations/S30167,2023-01-13,,,,,DIABETIC NURSE SERVICE AB15 6RE
NHS GRAMPIAN HEART FAILURE NURSING SERVICE,S30171,AB15 6RE,"NURSING DIRECTORATE, SUMMERFIELD HOUSE, ABERDEEN",01330 827230,,,,,,,SCOTLAND,scotland,ods_scottish_gp_practice,RO227,SCOTTISH GP PRACTICE,"RO227,RO76",https://directory.spineservices.nhs.uk/ORD/2-0-0/organisations/S30171,2023-01-13,,,,,NHS GRAMPIAN HEART FAILURE NURSING SERVICE AB15 6RE
HOSPITAL AT HOME,S31013,AB15 6XS,"DAY HOSPITAL, WOODEND HOSPITAL, ABERDEEN",01224 556055,,,,,,,SCOTLAND,scotland,ods_scottish_gp_practice,RO227,SCOTTISH GP PRACTICE,"RO227,RO76",https://directory.spineservices.nhs.uk/ORD/2-0-0/organisations/S31013,2023-01-16,,,,,HOSPITAL AT HOME AB15 6XS
GREAT WESTERN MEDICAL PRACTICE,S30326,AB15 7YT,"GREAT WESTERN MED PRAC (ONE MEDICAL, SEAFIELD ROAD, ABERDEEN",,,,,,,,SCOTLAND,scotland,ods_scottish_gp_practice,RO227,SCOTTISH GP PRACTICE,"RO227,RO76",https://directory.spineservices.nhs.uk/ORD/2-0-0/organisations/S30326,2024-05-22,9635,nhs_scotland_gp_practice_contact_details_and_list_sizes,https://www.opendata.nhs.scot/dataset/f23655c3-6e23-4103-a511-a80d998adb90/resource/ceddbf27-0686-4f4b-b9a2-0090d28c3864/download/practice_contact_details_20260101_opendata.csv,20260101,GREAT WESTERN MEDICAL PRACTICE AB15 7YT
KINGSWELLS MEDICAL PRACTICE,S31009,AB15 8TB,"KINGSWOOD DRIVE, KINGSWELLS, ABERDEEN",01224 745800,,,,,,,SCOTLAND,scotland,ods_scottish_gp_practice,RO227,SCOTTISH GP PRACTICE,"RO227,RO76",https://directory.spineservices.nhs.uk/ORD/2-0-0/organisations/S31009,2023-01-13,7406,nhs_scotland_gp_practice_contact_details_and_list_sizes,https://www.opendata.nhs.scot/dataset/f23655c3-6e23-4103-a511-a80d998adb90/resource/ceddbf27-0686-4f4b-b9a2-0090d28c3864/download/practice_contact_details_20260101_opendata.csv,20260101,KINGSWELLS MEDICAL PRACTICE AB15 8TB
CAMPHILL MEDICAL PRACTICE,S31348,AB15 9EP,"CAMPHILL MED PRACTICE (RIVER DEE), MURTLE ESTATE, ABERDEEN",,,,,,,,SCOTLAND,scotland,ods_scottish_gp_practice,RO227,SCOTTISH GP PRACTICE,"RO227,RO76",https://directory.spineservices.nhs.uk/ORD/2-0-0/organisations/S31348,2022-10-11,2356,nhs_scotland_gp_practice_contact_details_and_list_sizes,https://www.opendata.nhs.scot/dataset/f23655c3-6e23-4103-a511-a80d998adb90/resource/ceddbf27-0686-4f4b-b9a2-0090d28c3864/download/practice_contact_details_20260101_opendata.csv,20260101,CAMPHILL MEDICAL PRACTICE AB15 9EP
CULTS MEDICAL GROUP,S31230,AB15 9LQ,"SOUTH AVENUE, CULTS, ABERDEEN",03453 371140,,,,,,,SCOTLAND,scotland,ods_scottish_gp_practice,RO227,SCOTTISH GP PRACTICE,"RO227,RO76",https://directory.spineservices.nhs.uk/ORD/2-0-0/organisations/S31230,2022-08-24,9646,nhs_scotland_gp_practice_contact_details_and_list_sizes,https://www.opendata.nhs.scot/dataset/f23655c3-6e23-4103-a511-a80d998adb90/resource/ceddbf27-0686-4f4b-b9a2-0090d28c3864/download/practice_contact_details_20260101_opendata.csv,20260101,CULTS MEDICAL GROUP AB15 9LQ
NEW DYCE MEDICAL PRACTICE,S30280,AB21 7NQ,"DYCE HEALTH CENTRE, 23A ALTONREA GARDENS, ABERDEEN",,,,,,,,SCOTLAND,scotland,ods_scottish_gp_practice,RO227,SCOTTISH GP PRACTICE,"RO227,RO76",https://directory.spineservices.nhs.uk/ORD/2-0-0/organisations/S30280,2022-10-10,9748,nhs_scotland_gp_practice_contact_details_and_list_sizes,https://www.opendata.nhs.scot/dataset/f23655c3-6e23-4103-a511-a80d998adb90/resource/ceddbf27-0686-4f4b-b9a2-0090d28c3864/download/practice_contact_details_20260101_opendata.csv,20260101,NEW DYCE MEDICAL PRACTICE AB21 7NQ
GILBERT ROAD MEDICAL GROUP,S31211,AB21 9AN,"39 GILBERT ROAD, BUCKSBURN, ABERDEEN",01224 712138,,,,,,,SCOTLAND,scotland,ods_scottish_gp_practice,RO227,SCOTTISH GP PRACTICE,"RO227,RO76",https://directory.spineservices.nhs.uk/ORD/2-0-0/organisations/S31211,2022-08-18,10071,nhs_scotland_gp_practice_contact_details_and_list_sizes,https://www.opendata.nhs.scot/dataset/f23655c3-6e23-4103-a511-a80d998adb90/resource/ceddbf27-0686-4f4b-b9a2-0090d28c3864/download/practice_contact_details_20260101_opendata.csv,20260101,GILBERT ROAD MEDICAL GROUP AB21 9AN
BUCKSBURN MEDICAL PRACTICE,S30256,AB21 9DG,"BUCKSBURN CLINIC, KEPPLEHILLS ROAD, ABERDEEN",01224 713927,,,,,,,SCOTLAND,scotland,ods_scottish_gp_practice,RO227,SCOTTISH GP PRACTICE,"RO227,RO76",https://directory.spineservices.nhs.uk/ORD/2-0-0/organisations/S30256,2023-01-13,6489,nhs_scotland_gp_practice_contact_details_and_list_sizes,https://www.opendata.nhs.scot/dataset/f23655c3-6e23-4103-a511-a80d998adb90/resource/ceddbf27-0686-4f4b-b9a2-0090d28c3864/download/practice_contact_details_20260101_opendata.csv,20260101,BUCKSBURN MEDICAL PRACTICE AB21 9DG
SCOTSTOWN MEDICAL GROUP,S31206,AB22 8LD,"CAIRNFOLD ROAD, BRIDGE OF DON, ABERDEEN",03451 897070,,,,,,,SCOTLAND,scotland,ods_scottish_gp_practice,RO227,SCOTTISH GP PRACTICE,"RO227,RO76",https://directory.spineservices.nhs.uk/ORD/2-0-0/organisations/S31206,2022-08-24,12388,nhs_scotland_gp_practice_contact_details_and_list_sizes,https://www.opendata.nhs.scot/dataset/f23655c3-6e23-4103-a511-a80d998adb90/resource/ceddbf27-0686-4f4b-b9a2-0090d28c3864/download/practice_contact_details_20260101_opendata.csv,20260101,SCOTSTOWN MEDICAL GROUP AB22 8LD
DANESTONE MEDICAL PRACTICE,S31259,AB22 8ZP,"FAIRVIEW STREET, DANESTONE, ABERDEEN",01224 822866,,,,,,,SCOTLAND,scotland,ods_scottish_gp_practice,RO227,SCOTTISH GP PRACTICE,"RO227,RO76",https://directory.spineservices.nhs.uk/ORD/2-0-0/organisations/S31259,2022-08-18,7253,nhs_scotland_gp_practice_contact_details_and_list_sizes,https://www.opendata.nhs.scot/dataset/f23655c3-6e23-4103-a511-a80d998adb90/resource/ceddbf27-0686-4f4b-b9a2-0090d28c3864/download/practice_contact_details_20260101_opendata.csv,20260101,DANESTONE MEDICAL PRACTICE AB22 8ZP
WOODSIDE MEDICAL GROUP,S31141,AB24 2AS,"WOODSIDE FOUNTAIN HEALTH CENTRE, GREAT NORTHERN ROAD, ABERDEEN",01224 492828,,,,,,,SCOTLAND,scotland,ods_scottish_gp_practice,RO227,SCOTTISH GP PRACTICE,"RO227,RO76",https://directory.spineservices.nhs.uk/ORD/2-0-0/organisations/S31141,2022-08-18,13495,nhs_scotland_gp_practice_contact_details_and_list_sizes,https://www.opendata.nhs.scot/dataset/f23655c3-6e23-4103-a511-a80d998adb90/resource/ceddbf27-0686-4f4b-b9a2-0090d28c3864/download/practice_contact_details_20260101_opendata.csv,20260101,WOODSIDE MEDICAL GROUP AB24 2AS
KING'S MEDICAL PRACTICE,S30928,AB24 3NG,"12 SUNNYBANK ROAD, ABERDEEN",,,,,,,,SCOTLAND,scotland,ods_scottish_gp_practice,RO227,SCOTTISH GP PRACTICE,"RO227,RO76",https://directory.spineservices.nhs.uk/ORD/2-0-0/organisations/S30928,2024-07-18,25492,nhs_scotland_gp_practice_contact_details_and_list_sizes,https://www.opendata.nhs.scot/dataset/f23655c3-6e23-4103-a511-a80d998adb90/resource/ceddbf27-0686-4f4b-b9a2-0090d28c3864/download/practice_contact_details_20260101_opendata.csv,20260101,KING'S MEDICAL PRACTICE AB24 3NG
FORENSIC MEDICAL SERVICES,S30148,AB24 3PT,"VIRTUAL PRACTICE ONLY, FORENSIC MEDICAL SERVICES, ABERDEEN",,,,,,,,SCOTLAND,scotland,ods_scottish_gp_practice,RO227,SCOTTISH GP PRACTICE,"RO227,RO76",https://directory.spineservices.nhs.uk/ORD/2-0-0/organisations/S30148,2023-01-17,,,,,FORENSIC MEDICAL SERVICES AB24 3PT
LINKS MEDICAL PRACTICE,S30627,AB24 5AU,"PARK ROAD, ABERDEEN",03453 376340,,,,,,,SCOTLAND,scotland,ods_scottish_gp_practice,RO227,SCOTTISH GP PRACTICE,"RO227,RO76",https://directory.spineservices.nhs.uk/ORD/2-0-0/organisations/S30627,2022-08-24,8162,nhs_scotland_gp_practice_contact_details_and_list_sizes,https://www.opendata.nhs.scot/dataset/f23655c3-6e23-4103-a511-a80d998adb90/resource/ceddbf27-0686-4f4b-b9a2-0090d28c3864/download/practice_contact_details_20260101_opendata.csv,20260101,LINKS MEDICAL PRACTICE AB24 5AU
MARYWELL HEALTHCARE CENTRE,S30561,AB24 5HT,"TIMMERMARKET BUILDING, 1 EAST NORTH STREET, ABERDEEN",01224 651132,,,,,,,SCOTLAND,scotland,ods_scottish_gp_practice,RO227,SCOTTISH GP PRACTICE,"RO227,RO76",https://directory.spineservices.nhs.uk/ORD/2-0-0/organisations/S30561,2023-09-14,156,nhs_scotland_gp_practice_contact_details_and_list_sizes,https://www.opendata.nhs.scot/dataset/f23655c3-6e23-4103-a511-a80d998adb90/resource/ceddbf27-0686-4f4b-b9a2-0090d28c3864/download/practice_contact_details_20260101_opendata.csv,20260101,MARYWELL HEALTHCARE CENTRE AB24 5HT
OUT OF HOURS URGENT CARE (GMED),S30063,AB24 5HY,"YELLOW ZONE, ABERDEEN COMMUNITY HEALTH AND CARE, ABERDEEN",01224 558079,,,,,,,SCOTLAND,scotland,ods_scottish_gp_practice,RO227,SCOTTISH GP PRACTICE,"RO227,RO76",https://directory.spineservices.nhs.uk/ORD/2-0-0/organisations/S30063,2022-11-18,,,,,OUT OF HOURS URGENT CARE (GMED) AB24 5HY
PODIATRY VIRTUAL PRACTICE,S31028,AB24 5HY,"HEALTH VILLAGE, 50 FREDERICK STREET, ABERDEEN",,,,,,,,SCOTLAND,scotland,ods_scottish_gp_practice,RO227,SCOTTISH GP PRACTICE,"RO227,RO72",https://directory.spineservices.nhs.uk/ORD/2-0-0/organisations/S31028,2023-05-16,,,,,PODIATRY VIRTUAL PRACTICE AB24 5HY
OLD MACHAR MEDICAL PRACTICE,S30504,AB24 5RS,"526 KING STREET, ABERDEEN",03453 370510,,,,,,,SCOTLAND,scotland,ods_scottish_gp_practice,RO227,SCOTTISH GP PRACTICE,"RO227,RO76",https://directory.spineservices.nhs.uk/ORD/2-0-0/organisations/S30504,2024-05-20,18425,nhs_scotland_gp_practice_contact_details_and_list_sizes,https://www.opendata.nhs.scot/dataset/f23655c3-6e23-4103-a511-a80d998adb90/resource/ceddbf27-0686-4f4b-b9a2-0090d28c3864/download/practice_contact_details_20260101_opendata.csv,20260101,OLD MACHAR MEDICAL PRACTICE AB24 5RS
ELMBANK GROUP PRACTICE,S30203,AB25 2XE,"FORESTERHILL HEALTH CENTRE, ABERDEEN ROYAL INFIRMARY, ABERDEEN",03453 370710,,,,,,,SCOTLAND,scotland,ods_scottish_gp_practice,RO227,SCOTTISH GP PRACTICE,"RO227,RO76",https://directory.spineservices.nhs.uk/ORD/2-0-0/organisations/S30203,2026-01-12,11756,nhs_scotland_gp_practice_contact_details_and_list_sizes,https://www.opendata.nhs.scot/dataset/f23655c3-6e23-4103-a511-a80d998adb90/resource/ceddbf27-0686-4f4b-b9a2-0090d28c3864/download/practice_contact_details_20260101_opendata.csv,20260101,ELMBANK GROUP PRACTICE AB25 2XE
WESTBURN MEDICAL GROUP,S30261,AB25 2XE,"FORESTERHILL HEALTH CENTRE, ABERDEEN ROYAL INFIRMARY, ABERDEEN",03450 995757,,,,,,,SCOTLAND,scotland,ods_scottish_gp_practice,RO227,SCOTTISH GP PRACTICE,"RO227,RO76",https://directory.spineservices.nhs.uk/ORD/2-0-0/organisations/S30261,2022-08-24,6520,nhs_scotland_gp_practice_contact_details_and_list_sizes,https://www.opendata.nhs.scot/dataset/f23655c3-6e23-4103-a511-a80d998adb90/resource/ceddbf27-0686-4f4b-b9a2-0090d28c3864/download/practice_contact_details_20260101_opendata.csv,20260101,WESTBURN MEDICAL GROUP AB25 2XE
CALSAYSEAT MEDICAL GROUP,S30701,AB25 3TX,"44 POWIS PLACE, ABERDEEN",03453 376370,,,,,,,SCOTLAND,scotland,ods_scottish_gp_practice,RO227,SCOTTISH GP PRACTICE,"RO227,RO76",https://directory.spineservices.nhs.uk/ORD/2-0-0/organisations/S30701,2022-08-24,11702,nhs_scotland_gp_practice_contact_details_and_list_sizes,https://www.opendata.nhs.scot/dataset/f23655c3-6e23-4103-a511-a80d998adb90/resource/ceddbf27-0686-4f4b-b9a2-0090d28c3864/download/practice_contact_details_20260101_opendata.csv,20260101,CALSAYSEAT MEDICAL GROUP AB25 3TX
LAURENCEKIRK MEDICAL GROUP,S32529,AB30 1GX,"LAURENCEKIRK HEALTHCARE CENTRE, BLACKIEMUIR AVE, LAURENCEKIRK",03453 373356,,,,,,,SCOTLAND,scotland,ods_scottish_gp_practice,RO227,SCOTTISH GP PRACTICE,"RO227,RO76",https://directory.spineservices.nhs.uk/ORD/2-0-0/organisations/S32529,2022-08-24,6154,nhs_scotland_gp_practice_contact_details_and_list_sizes,https://www.opendata.nhs.scot/dataset/f23655c3-6e23-4103-a511-a80d998adb90/resource/ceddbf27-0686-4f4b-b9a2-0090d28c3864/download/practice_contact_details_20260101_opendata.csv,20260101,LAURENCEKIRK MEDICAL GROUP AB30 1GX
TORPHINS MEDICAL PRACTICE,S32355,AB31 4JQ,"ST MARNAN ROAD, TORPHINS, BANCHORY",01339 882221,,,,,,,SCOTLAND,scotland,ods_scottish_gp_practice,RO227,SCOTTISH GP PRACTICE,"RO227,RO76",https://directory.spineservices.nhs.uk/ORD/2-0-0/organisations/S32355,2023-05-16,2134,nhs_scotland_gp_practice_contact_details_and_list_sizes,https://www.opendata.nhs.scot/dataset/f23655c3-6e23-4103-a511-a80d998adb90/resource/ceddbf27-0686-4f4b-b9a2-0090d28c3864/download/practice_contact_details_20260101_opendata.csv,20260101,TORPHINS MEDICAL PRACTICE AB31 4JQ
BANCHORY GROUP PRACTICE,S32406,AB31 5XS,"BELLFIELD, BANCHORY",03450 130750,,,,,,,SCOTLAND,scotland,ods_scottish_gp_practice,RO227,SCOTTISH GP PRACTICE,"RO227,RO76",https://directory.spineservices.nhs.uk/ORD/2-0-0/organisations/S32406,2022-08-24,13342,nhs_scotland_gp_practice_contact_details_and_list_sizes,https://www.opendata.nhs.scot/dataset/f23655c3-6e23-4103-a511-a80d998adb90/resource/ceddbf27-0686-4f4b-b9a2-0090d28c3864/download/practice_contact_details_20260101_opendata.csv,20260101,BANCHORY GROUP PRACTICE AB31 5XS
SKENE MEDICAL GROUP,S32209,AB32 6FG,"SKENE HEALTHCARE CENTRE, DISCOVERY DRIVE, WESTHILL",01224 849400,,,,,,,SCOTLAND,scotland,ods_scottish_gp_practice,RO227,SCOTTISH GP PRACTICE,"RO227,RO76",https://directory.spineservices.nhs.uk/ORD/2-0-0/organisations/S32209,2023-01-13,15335,nhs_scotland_gp_practice_contact_details_and_list_sizes,https://www.opendata.nhs.scot/dataset/f23655c3-6e23-4103-a511-a80d998adb90/resource/ceddbf27-0686-4f4b-b9a2-0090d28c3864/download/practice_contact_details_20260101_opendata.csv,20260101,SKENE MEDICAL GROUP AB32 6FG
ALFORD MEDICAL PRACTICE,S31899,AB33 8FL,"2 GORDON ROAD, ALFORD",01975 562253,,,,,,,SCOTLAND,scotland,ods_scottish_gp_practice,RO227,SCOTTISH GP PRACTICE,"RO227,RO76",https://directory.spineservices.nhs.uk/ORD/2-0-0/organisations/S31899,2024-05-22,5933,nhs_scotland_gp_practice_contact_details_and_list_sizes,https://www.opendata.nhs.scot/dataset/f23655c3-6e23-4103-a511-a80d998adb90/resource/ceddbf27-0686-4f4b-b9a2-0090d28c3864/download/practice_contact_details_20260101_opendata.csv,20260101,ALFORD MEDICAL PRACTICE AB33 8FL
ABOYNE HEALTH CENTRE,S32290,AB34 5HQ,"BELLWOOD ROAD, ABOYNE",03453 379955,,,,,,,SCOTLAND,scotland,ods_scottish_gp_practice,RO227,SCOTTISH GP PRACTICE,"RO227,RO76",https://directory.spineservices.nhs.uk/ORD/2-0-0/organisations/S32290,2022-08-24,6671,nhs_scotland_gp_practice_contact_details_and_list_sizes,https://www.opendata.nhs.scot/dataset/f23655c3-6e23-4103-a511-a80d998adb90/resource/ceddbf27-0686-4f4b-b9a2-0090d28c3864/download/practice_contact_details_20260101_opendata.csv,20260101,ABOYNE HEALTH CENTRE AB34 5HQ
BALLATER CLINIC,S32317,AB35 5NN,"13 PROVOST CRAIG ROAD, BALLATER",01339 755686,,,,,,,SCOTLAND,scotland,ods_scottish_gp_practice,RO227,SCOTTISH GP PRACTICE,"RO227,RO76",https://directory.spineservices.nhs.uk/ORD/2-0-0/organisations/S32317,2023-01-13,1882,nhs_scotland_gp_practice_contact_details_and_list_sizes,https://www.opendata.nhs.scot/dataset/f23655c3-6e23-4103-a511-a80d998adb90/resource/ceddbf27-0686-4f4b-b9a2-0090d28c3864/download/practice_contact_details_20260101_opendata.csv,20260101,BALLATER CLINIC AB35 5NN
BRAEMAR HEALTH CLINIC,S32393,AB35 5WR,"ST. ANDREW'S TERRACE, BRAEMAR, BALLATER",01339 741202,,,,,,,SCOTLAND,scotland,ods_scottish_gp_practice,RO227,SCOTTISH GP PRACTICE,"RO227,RO76",https://directory.spineservices.nhs.uk/ORD/2-0-0/organisations/S32393,2025-04-23,727,nhs_scotland_gp_practice_contact_details_and_list_sizes,https://www.opendata.nhs.scot/dataset/f23655c3-6e23-4103-a511-a80d998adb90/resource/ceddbf27-0686-4f4b-b9a2-0090d28c3864/download/practice_contact_details_20260101_opendata.csv,20260101,BRAEMAR HEALTH CLINIC AB35 5WR
STRATHDON MEDICAL CENTRE,S31812,AB36 8XB,"NEWE, STRATHDON",01975 651209,,,,,,,SCOTLAND,scotland,ods_scottish_gp_practice,RO227,SCOTTISH GP PRACTICE,"RO227,RO76",https://directory.spineservices.nhs.uk/ORD/2-0-0/organisations/S31812,2023-01-13,818,nhs_scotland_gp_practice_contact_details_and_list_sizes,https://www.opendata.nhs.scot/dataset/f23655c3-6e23-4103-a511-a80d998adb90/resource/ceddbf27-0686-4f4b-b9a2-0090d28c3864/download/practice_contact_details_20260101_opendata.csv,20260101,STRATHDON MEDICAL CENTRE AB36 8XB
GLENLIVET MEDICAL PRACTICE,S33061,AB37 9AN,"GLENLIVET COMMUNITY SURGERY, DRUMIN, BALLINDALLOCH",01807 590273,,,,,,,SCOTLAND,scotland,ods_scottish_gp_practice,RO227,SCOTTISH GP PRACTICE,"RO227,RO76",https://directory.spineservices.nhs.uk/ORD/2-0-0/organisations/S33061,2022-11-18,569,nhs_scotland_gp_practice_contact_details_and_list_sizes,https://www.opendata.nhs.scot/dataset/f23655c3-6e23-4103-a511-a80d998adb90/resource/ceddbf27-0686-4f4b-b9a2-0090d28c3864/download/practice_contact_details_20260101_opendata.csv,20260101,GLENLIVET MEDICAL PRACTICE AB37 9AN
STONEHAVEN MEDICAL GROUP,S32425,AB39 2EL,"STONEHAVEN MEDICAL CENTRE, ROBERT STREET, STONEHAVEN",03453 371160,,,,,,,SCOTLAND,scotland,ods_scottish_gp_practice,RO227,SCOTTISH GP PRACTICE,"RO227,RO76",https://directory.spineservices.nhs.uk/ORD/2-0-0/organisations/S32425,2022-08-24,15273,nhs_scotland_gp_practice_contact_details_and_list_sizes,https://www.opendata.nhs.scot/dataset/f23655c3-6e23-4103-a511-a80d998adb90/resource/ceddbf27-0686-4f4b-b9a2-0090d28c3864/download/practice_contact_details_20260101_opendata.csv,20260101,STONEHAVEN MEDICAL GROUP AB39 2EL
HADDO MEDICAL GROUP,S31916,AB41 7NX,"PITMEDDEN SURGERY, TARVES ROAD, ELLON",01651 843468,,,,,,,SCOTLAND,scotland,ods_scottish_gp_practice,RO227,SCOTTISH GP PRACTICE,"RO227,RO76",https://directory.spineservices.nhs.uk/ORD/2-0-0/organisations/S31916,2023-01-13,6027,nhs_scotland_gp_practice_contact_details_and_list_sizes,https://www.opendata.nhs.scot/dataset/f23655c3-6e23-4103-a511-a80d998adb90/resource/ceddbf27-0686-4f4b-b9a2-0090d28c3864/download/practice_contact_details_20260101_opendata.csv,20260101,HADDO MEDICAL GROUP AB41 7NX
ELLON GROUP PRACTICE,S31901,AB41 9AH,"ELLON HEALTH CENTRE, SCHOOLHILL, ELLON",03453 371150,,,,,,,SCOTLAND,scotland,ods_scottish_gp_practice,RO227,SCOTTISH GP PRACTICE,"RO227,RO76",https://directory.spineservices.nhs.uk/ORD/2-0-0/organisations/S31901,2022-08-24,15508,nhs_scotland_gp_practice_contact_details_and_list_sizes,https://www.opendata.nhs.scot/dataset/f23655c3-6e23-4103-a511-a80d998adb90/resource/ceddbf27-0686-4f4b-b9a2-0090d28c3864/download/practice_contact_details_20260101_opendata.csv,20260101,ELLON GROUP PRACTICE AB41 9AH
CRUDEN MEDICAL GROUP,S31615,AB42 0QQ,"MAIN STREET, HATTON, PETERHEAD",01779 841208,,,,,,,SCOTLAND,scotland,ods_scottish_gp_practice,RO227,SCOTTISH GP PRACTICE,"RO227,RO76",https://directory.spineservices.nhs.uk/ORD/2-0-0/organisations/S31615,2022-08-18,3728,nhs_scotland_gp_practice_contact_details_and_list_sizes,https://www.opendata.nhs.scot/dataset/f23655c3-6e23-4103-a511-a80d998adb90/resource/ceddbf27-0686-4f4b-b9a2-0090d28c3864/download/practice_contact_details_20260101_opendata.csv,20260101,CRUDEN MEDICAL GROUP AB42 0QQ
PETERHEAD HEALTH CENTRE,S31634,AB42 2XA,"LINKS TERRACE, PETERHEAD",03450 130710,,,,,,,SCOTLAND,scotland,ods_scottish_gp_practice,RO227,SCOTTISH GP PRACTICE,"RO227,RO76",https://directory.spineservices.nhs.uk/ORD/2-0-0/organisations/S31634,2022-08-24,23531,nhs_scotland_gp_practice_contact_details_and_list_sizes,https://www.opendata.nhs.scot/dataset/f23655c3-6e23-4103-a511-a80d998adb90/resource/ceddbf27-0686-4f4b-b9a2-0090d28c3864/download/practice_contact_details_20260101_opendata.csv,20260101,PETERHEAD HEALTH CENTRE AB42 2XA
THE HEALTH CENTRE,S31391,AB42 9AR,"PO BOX 18698, PETERHEAD",01779 485728,,,,,,,SCOTLAND,scotland,ods_scottish_gp_practice,RO227,SCOTTISH GP PRACTICE,"RO227,RO76",https://directory.spineservices.nhs.uk/ORD/2-0-0/organisations/S31391,2025-08-18,,,,,THE HEALTH CENTRE AB42 9AR
CENTRAL BUCHAN MEDICAL GROUP,S31672,AB43 6NE,"SCHOOL STREET, NEW PITSLIGO, FRASERBURGH",01771 653205,,,,,,,SCOTLAND,scotland,ods_scottish_gp_practice,RO227,SCOTTISH GP PRACTICE,"RO227,RO76",https://directory.spineservices.nhs.uk/ORD/2-0-0/organisations/S31672,2025-04-23,6415,nhs_scotland_gp_practice_contact_details_and_list_sizes,https://www.opendata.nhs.scot/dataset/f23655c3-6e23-4103-a511-a80d998adb90/resource/ceddbf27-0686-4f4b-b9a2-0090d28c3864/download/practice_contact_details_20260101_opendata.csv,20260101,CENTRAL BUCHAN MEDICAL GROUP AB43 6NE
CRIMOND MEDICAL CENTRE,S31601,AB43 8QJ,"CRIMOND MEDICAL AND COMMUNITY HUB, LOGIE AVENUE WEST, FRASERBURGH",01346 532215,,,,,,,SCOTLAND,scotland,ods_scottish_gp_practice,RO227,SCOTTISH GP PRACTICE,"RO227,RO76",https://directory.spineservices.nhs.uk/ORD/2-0-0/organisations/S31601,2023-01-13,3579,nhs_scotland_gp_practice_contact_details_and_list_sizes,https://www.opendata.nhs.scot/dataset/f23655c3-6e23-4103-a511-a80d998adb90/resource/ceddbf27-0686-4f4b-b9a2-0090d28c3864/download/practice_contact_details_20260101_opendata.csv,20260101,CRIMOND MEDICAL CENTRE AB43 8QJ
FINLAYSON STREET PRACTICE,S31511,AB43 9JW,"FINLAYSON STREET SURGERY, 33 FINLAYSON STREET, FRASERBURGH",01346 518088,,,,,,,SCOTLAND,scotland,ods_scottish_gp_practice,RO227,SCOTTISH GP PRACTICE,"RO227,RO76",https://directory.spineservices.nhs.uk/ORD/2-0-0/organisations/S31511,2022-08-18,9496,nhs_scotland_gp_practice_contact_details_and_list_sizes,https://www.opendata.nhs.scot/dataset/f23655c3-6e23-4103-a511-a80d998adb90/resource/ceddbf27-0686-4f4b-b9a2-0090d28c3864/download/practice_contact_details_20260101_opendata.csv,20260101,FINLAYSON STREET PRACTICE AB43 9JW
SALTOUN SURGERY,S31598,AB43 9NH,"LOCHPOTS ROAD, FRASERBURGH",01346 514154,,,,,,,SCOTLAND,scotland,ods_scottish_gp_practice,RO227,SCOTTISH GP PRACTICE,"RO227,RO76",https://directory.spineservices.nhs.uk/ORD/2-0-0/organisations/S31598,2025-04-23,8244,nhs_scotland_gp_practice_contact_details_and_list_sizes,https://www.opendata.nhs.scot/dataset/f23655c3-6e23-4103-a511-a80d998adb90/resource/ceddbf27-0686-4f4b-b9a2-0090d28c3864/download/practice_contact_details_20260101_opendata.csv,20260101,SALTOUN SURGERY AB43 9NH
MACDUFF MEDICAL PRACTICE,S31437,AB45 1JD,"MACDUFF HEALTH CLINIC, FIFE STREET, BANFF",03453 379933,,,,,,,SCOTLAND,scotland,ods_scottish_gp_practice,RO227,SCOTTISH GP PRACTICE,"RO227,RO76",https://directory.spineservices.nhs.uk/ORD/2-0-0/organisations/S31437,2022-08-24,12288,nhs_scotland_gp_practice_contact_details_and_list_sizes,https://www.opendata.nhs.scot/dataset/f23655c3-6e23-4103-a511-a80d998adb90/resource/ceddbf27-0686-4f4b-b9a2-0090d28c3864/download/practice_contact_details_20260101_opendata.csv,20260101,MACDUFF MEDICAL PRACTICE AB45 1JD
AN CAORANN MEDICAL PRACTICE,S31475,AB45 2GB,"PORTSOY SURGERY, 16 SEAFIELD TERRACE, BANFF",,,,,,,,SCOTLAND,scotland,ods_scottish_gp_practice,RO227,SCOTTISH GP PRACTICE,"RO227,RO76",https://directory.spineservices.nhs.uk/ORD/2-0-0/organisations/S31475,2025-04-23,4691,nhs_scotland_gp_practice_contact_details_and_list_sizes,https://www.opendata.nhs.scot/dataset/f23655c3-6e23-4103-a511-a80d998adb90/resource/ceddbf27-0686-4f4b-b9a2-0090d28c3864/download/practice_contact_details_20260101_opendata.csv,20260101,AN CAORANN MEDICAL PRACTICE AB45 2GB
INVERURIE MEDICAL GROUP,S32021,AB51 3UL,"INVERURIE HEALTH & CARE HUB, UPPERBOAT ROAD, INVERURIE",03453 379911,,,,,,,SCOTLAND,scotland,ods_scottish_gp_practice,RO227,SCOTTISH GP PRACTICE,"RO227,RO76",https://directory.spineservices.nhs.uk/ORD/2-0-0/organisations/S32021,2022-08-24,24367,nhs_scotland_gp_practice_contact_details_and_list_sizes,https://www.opendata.nhs.scot/dataset/f23655c3-6e23-4103-a511-a80d998adb90/resource/ceddbf27-0686-4f4b-b9a2-0090d28c3864/download/practice_contact_details_20260101_opendata.csv,20260101,INVERURIE MEDICAL GROUP AB51 3UL
KEMNAY MEDICAL GROUP,S32035,AB51 5NB,"KEMNAY MEDICAL CENTRE, 10 HIGH STREET, INVERURIE",01467 642289,,,,,,,SCOTLAND,scotland,ods_scottish_gp_practice,RO227,SCOTTISH GP PRACTICE,"RO227,RO76",https://directory.spineservices.nhs.uk/ORD/2-0-0/organisations/S32035,2023-01-13,6575,nhs_scotland_gp_practice_contact_details_and_list_sizes,https://www.opendata.nhs.scot/dataset/f23655c3-6e23-4103-a511-a80d998adb90/resource/ceddbf27-0686-4f4b-b9a2-0090d28c3864/download/practice_contact_details_20260101_opendata.csv,20260101,KEMNAY MEDICAL GROUP AB51 5NB
INSCH MEDICAL PRACTICE,S32001,AB52 6JJ,"INSCH HEALTH CENTRE, RANNES STREET, INSCH",03453 376310,,,,,,,SCOTLAND,scotland,ods_scottish_gp_practice,RO227,SCOTTISH GP PRACTICE,"RO227,RO76",https://directory.spineservices.nhs.uk/ORD/2-0-0/organisations/S32001,2022-08-24,6607,nhs_scotland_gp_practice_contact_details_and_list_sizes,https://www.opendata.nhs.scot/dataset/f23655c3-6e23-4103-a511-a80d998adb90/resource/ceddbf27-0686-4f4b-b9a2-0090d28c3864/download/practice_contact_details_20260101_opendata.csv,20260101,INSCH MEDICAL PRACTICE AB52 6JJ
TURRIFF MEDICAL PRACTICE,S31723,AB53 4DQ,"TURRIFF HEALTH CENTRE, BALMELLIE ROAD, TURRIFF",03453 376320,,,,,,,SCOTLAND,scotland,ods_scottish_gp_practice,RO227,SCOTTISH GP PRACTICE,"RO227,RO76",https://directory.spineservices.nhs.uk/ORD/2-0-0/organisations/S31723,2022-08-24,8647,nhs_scotland_gp_practice_contact_details_and_list_sizes,https://www.opendata.nhs.scot/dataset/f23655c3-6e23-4103-a511-a80d998adb90/resource/ceddbf27-0686-4f4b-b9a2-0090d28c3864/download/practice_contact_details_20260101_opendata.csv,20260101,TURRIFF MEDICAL PRACTICE AB53 4DQ
BYDAND MEDICAL GROUP,S32092,AB54 8EX,"HUNTLY HEALTH CENTRE, BLEACHFIELD STREET, HUNTLY",01466 792116,,,,,,,SCOTLAND,scotland,ods_scottish_gp_practice,RO227,SCOTTISH GP PRACTICE,"RO227,RO76",https://directory.spineservices.nhs.uk/ORD/2-0-0/organisations/S32092,2023-01-13,8833,nhs_scotland_gp_practice_contact_details_and_list_sizes,https://www.opendata.nhs.scot/dataset/f23655c3-6e23-4103-a511-a80d998adb90/resource/ceddbf27-0686-4f4b-b9a2-0090d28c3864/download/practice_contact_details_20260101_opendata.csv,20260101,BYDAND MEDICAL GROUP AB54 8EX
RINNES MEDICAL GROUP,S33057,AB55 4FJ,"HEALTH CENTRE, MOUNT STREET, KEITH",01340 820888,,,,,,,SCOTLAND,scotland,ods_scottish_gp_practice,RO227,SCOTTISH GP PRACTICE,"RO227,RO76",https://directory.spineservices.nhs.uk/ORD/2-0-0/organisations/S33057,2023-01-13,3225,nhs_scotland_gp_practice_contact_details_and_list_sizes,https://www.opendata.nhs.scot/dataset/f23655c3-6e23-4103-a511-a80d998adb90/resource/ceddbf27-0686-4f4b-b9a2-0090d28c3864/download/practice_contact_details_20260101_opendata.csv,20260101,RINNES MEDICAL GROUP AB55 4FJ
KEITH MEDICAL GROUP,S32904,AB55 5DJ,"TURNER STREET, KEITH",03453 379944,,,,,,,SCOTLAND,scotland,ods_scottish_gp_practice,RO227,SCOTTISH GP PRACTICE,"RO227,RO76",https://directory.spineservices.nhs.uk/ORD/2-0-0/organisations/S32904,2022-08-24,7395,nhs_scotland_gp_practice_contact_details_and_list_sizes,https://www.opendata.nhs.scot/dataset/f23655c3-6e23-4103-a511-a80d998adb90/resource/ceddbf27-0686-4f4b-b9a2-0090d28c3864/download/practice_contact_details_20260101_opendata.csv,20260101,KEITH MEDICAL GROUP AB55 5DJ
SEAFIELD & CULLEN MEDICAL GROUP,S32622,AB56 1FP,"BARHILL ROAD, BUCKIE",01542 835577,,,,,,,SCOTLAND,scotland,ods_scottish_gp_practice,RO227,SCOTTISH GP PRACTICE,"RO227,RO76",https://directory.spineservices.nhs.uk/ORD/2-0-0/organisations/S32622,2023-01-13,7524,nhs_scotland_gp_practice_contact_details_and_list_sizes,https://www.opendata.nhs.scot/dataset/f23655c3-6e23-4103-a511-a80d998adb90/resource/ceddbf27-0686-4f4b-b9a2-0090d28c3864/download/practice_contact_details_20260101_opendata.csv,20260101,SEAFIELD & CULLEN MEDICAL GROUP AB56 1FP
ARDACH HEALTH CENTRE,S32586,AB56 1JE,"HIGHFIELD ROAD, BUCKIE",03450 997200,,,,,,,SCOTLAND,scotland,ods_scottish_gp_practice,RO227,SCOTTISH GP PRACTICE,"RO227,RO76",https://directory.spineservices.nhs.uk/ORD/2-0-0/organisations/S32586,2022-08-24,7954,nhs_scotland_gp_practice_contact_details_and_list_sizes,https://www.opendata.nhs.scot/dataset/f23655c3-6e23-4103-a511-a80d998adb90/resource/ceddbf27-0686-4f4b-b9a2-0090d28c3864/download/practice_contact_details_20260101_opendata.csv,20260101,ARDACH HEALTH CENTRE AB56 1JE
NETHERGATE MEDICAL CENTRE,S12281,DD1 1PB,"2 TAY SQUARE, DUNDEE",01382 221527,,,,,,,SCOTLAND,scotland,ods_scottish_gp_practice,RO227,SCOTTISH GP PRACTICE,"RO227,RO76",https://directory.spineservices.nhs.uk/ORD/2-0-0/organisations/S12281,2022-08-18,8229,nhs_scotland_gp_practice_contact_details_and_list_sizes,https://www.opendata.nhs.scot/dataset/f23655c3-6e23-4103-a511-a80d998adb90/resource/ceddbf27-0686-4f4b-b9a2-0090d28c3864/download/practice_contact_details_20260101_opendata.csv,20260101,NETHERGATE MEDICAL CENTRE DD1 1PB
TAY COURT SURGERY,S11058,DD1 1PF,"50 SOUTH TAY STREET, DUNDEE",01382 228228,,,,,,,SCOTLAND,scotland,ods_scottish_gp_practice,RO227,SCOTTISH GP PRACTICE,"RO227,RO76",https://directory.spineservices.nhs.uk/ORD/2-0-0/organisations/S11058,2022-08-18,10655,nhs_scotland_gp_practice_contact_details_and_list_sizes,https://www.opendata.nhs.scot/dataset/f23655c3-6e23-4103-a511-a80d998adb90/resource/ceddbf27-0686-4f4b-b9a2-0090d28c3864/download/practice_contact_details_20260101_opendata.csv,20260101,TAY COURT SURGERY DD1 1PF
HAWKHILL MEDICAL CENTRE,S11363,DD1 5LA,"HAWKHILL, DUNDEE",01382 669589,,,,,,,SCOTLAND,scotland,ods_scottish_gp_practice,RO227,SCOTTISH GP PRACTICE,"RO227,RO76",https://directory.spineservices.nhs.uk/ORD/2-0-0/organisations/S11363,2022-08-18,11453,nhs_scotland_gp_practice_contact_details_and_list_sizes,https://www.opendata.nhs.scot/dataset/f23655c3-6e23-4103-a511-a80d998adb90/resource/ceddbf27-0686-4f4b-b9a2-0090d28c3864/download/practice_contact_details_20260101_opendata.csv,20260101,HAWKHILL MEDICAL CENTRE DD1 5LA
INVERBERVIE MEDICAL GROUP,S32514,DD10 0RU,"INVERBERVIE MEDICAL CENTRE, CHURCH STREET, MONTROSE",01561 361260,,,,,,,SCOTLAND,scotland,ods_scottish_gp_practice,RO227,SCOTTISH GP PRACTICE,"RO227,RO76",https://directory.spineservices.nhs.uk/ORD/2-0-0/organisations/S32514,2023-01-13,5911,nhs_scotland_gp_practice_contact_details_and_list_sizes,https://www.opendata.nhs.scot/dataset/f23655c3-6e23-4103-a511-a80d998adb90/resource/ceddbf27-0686-4f4b-b9a2-0090d28c3864/download/practice_contact_details_20260101_opendata.csv,20260101,INVERBERVIE MEDICAL GROUP DD10 0RU
CASTLEGAIT SURGERY,S13660,DD10 8TY,"LINKS HEALTH CENTRE, FRANK WOOD WAY, MONTROSE",01674 672554,,,,,,,SCOTLAND,scotland,ods_scottish_gp_practice,RO227,SCOTTISH GP PRACTICE,"RO227,RO76",https://directory.spineservices.nhs.uk/ORD/2-0-0/organisations/S13660,2022-08-18,4906,nhs_scotland_gp_practice_contact_details_and_list_sizes,https://www.opendata.nhs.scot/dataset/f23655c3-6e23-4103-a511-a80d998adb90/resource/ceddbf27-0686-4f4b-b9a2-0090d28c3864/download/practice_contact_details_20260101_opendata.csv,20260101,CASTLEGAIT SURGERY DD10 8TY
TOWNHEAD PRACTICE,S13621,DD10 8TY,"LINKS HEALTH CENTRE, FRANK WOOD WAY, MONTROSE",01674 676161,,,,,,,SCOTLAND,scotland,ods_scottish_gp_practice,RO227,SCOTTISH GP PRACTICE,"RO227,RO76",https://directory.spineservices.nhs.uk/ORD/2-0-0/organisations/S13621,2022-08-18,7185,nhs_scotland_gp_practice_contact_details_and_list_sizes,https://www.opendata.nhs.scot/dataset/f23655c3-6e23-4103-a511-a80d998adb90/resource/ceddbf27-0686-4f4b-b9a2-0090d28c3864/download/practice_contact_details_20260101_opendata.csv,20260101,TOWNHEAD PRACTICE DD10 8TY
ARBROATH MEDICAL CENTRE LLP,S10182,DD11 1AD,"7 HILL PLACE, ARBROATH",01241 431144,,,,,,,SCOTLAND,scotland,ods_scottish_gp_practice,RO227,SCOTTISH GP PRACTICE,"RO227,RO76",https://directory.spineservices.nhs.uk/ORD/2-0-0/organisations/S10182,2024-05-20,9692,nhs_scotland_gp_practice_contact_details_and_list_sizes,https://www.opendata.nhs.scot/dataset/f23655c3-6e23-4103-a511-a80d998adb90/resource/ceddbf27-0686-4f4b-b9a2-0090d28c3864/download/practice_contact_details_20260101_opendata.csv,20260101,ARBROATH MEDICAL CENTRE LLP DD11 1AD
THE ABBEY PRACTICE,S10233,DD11 1EN,"ABBEY HEALTH CENTRE, EAST ABBEY STREET, ARBROATH",01241 872692,,,,,,,SCOTLAND,scotland,ods_scottish_gp_practice,RO227,SCOTTISH GP PRACTICE,"RO227,RO76",https://directory.spineservices.nhs.uk/ORD/2-0-0/organisations/S10233,2023-01-16,7047,nhs_scotland_gp_practice_contact_details_and_list_sizes,https://www.opendata.nhs.scot/dataset/f23655c3-6e23-4103-a511-a80d998adb90/resource/ceddbf27-0686-4f4b-b9a2-0090d28c3864/download/practice_contact_details_20260101_opendata.csv,20260101,THE ABBEY PRACTICE DD11 1EN
"EAST PRACTICE, SPRINGFIELD MEDICAL CENTRE",S10286,DD11 1ES,"30 PONDERLAW STREET, ARBROATH",01241 870311,,,,,,,SCOTLAND,scotland,ods_scottish_gp_practice,RO227,SCOTTISH GP PRACTICE,"RO227,RO76",https://directory.spineservices.nhs.uk/ORD/2-0-0/organisations/S10286,2022-08-18,5241,nhs_scotland_gp_practice_contact_details_and_list_sizes,https://www.opendata.nhs.scot/dataset/f23655c3-6e23-4103-a511-a80d998adb90/resource/ceddbf27-0686-4f4b-b9a2-0090d28c3864/download/practice_contact_details_20260101_opendata.csv,20260101,"EAST PRACTICE, SPRINGFIELD MEDICAL CENTRE DD11 1ES"
"WEST PRACTICE, SPRINGFIELD MEDICAL CENTRE",S10322,DD11 1ES,"30 PONDERLAW STREET, ARBROATH",01241 870307,,,,,,,SCOTLAND,scotland,ods_scottish_gp_practice,RO227,SCOTTISH GP PRACTICE,"RO227,RO76",https://directory.spineservices.nhs.uk/ORD/2-0-0/organisations/S10322,2022-08-18,8626,nhs_scotland_gp_practice_contact_details_and_list_sizes,https://www.opendata.nhs.scot/dataset/f23655c3-6e23-4103-a511-a80d998adb90/resource/ceddbf27-0686-4f4b-b9a2-0090d28c3864/download/practice_contact_details_20260101_opendata.csv,20260101,"WEST PRACTICE, SPRINGFIELD MEDICAL CENTRE DD11 1ES"
TAYSIDE OUT OF HOURS (2),S15951,DD11 2AT,"ARBROATH INFIRMARY, ROSEMOUNT ROAD, ARBROATH",,,,,,,,SCOTLAND,scotland,ods_scottish_gp_practice,RO227,SCOTTISH GP PRACTICE,"RO227,RO72",https://directory.spineservices.nhs.uk/ORD/2-0-0/organisations/S15951,2022-08-18,,,,,TAYSIDE OUT OF HOURS (2) DD11 2AT
RM CONDOR,S15858,DD11 3SP,"CONDOR, ARBROATH",,,,,,,,SCOTLAND,scotland,ods_scottish_gp_practice,RO227,SCOTTISH GP PRACTICE,"RO227,RO72",https://directory.spineservices.nhs.uk/ORD/2-0-0/organisations/S15858,2022-08-18,,,,,RM CONDOR DD11 3SP
THE HOMEOPATHIC CLINIC,S15913,DD2 1SP,"EAST LODGE, JEDBURGH ROAD, DUNDEE",,,,,,,,SCOTLAND,scotland,ods_scottish_gp_practice,RO227,SCOTTISH GP PRACTICE,"RO227,RO76",https://directory.spineservices.nhs.uk/ORD/2-0-0/organisations/S15913,2022-08-18,,,,,THE HOMEOPATHIC CLINIC DD2 1SP
ANCRUM MEDICAL CENTRE,S12210,DD2 2HZ,"12 ANCRUM ROAD, DUNDEE",01382 669316,,,,,,,SCOTLAND,scotland,ods_scottish_gp_practice,RO227,SCOTTISH GP PRACTICE,"RO227,RO76",https://directory.spineservices.nhs.uk/ORD/2-0-0/organisations/S12210,2022-08-18,5552,nhs_scotland_gp_practice_contact_details_and_list_sizes,https://www.opendata.nhs.scot/dataset/f23655c3-6e23-4103-a511-a80d998adb90/resource/ceddbf27-0686-4f4b-b9a2-0090d28c3864/download/practice_contact_details_20260101_opendata.csv,20260101,ANCRUM MEDICAL CENTRE DD2 2HZ
ANCRUM ONE,S11096,DD2 2HZ,"ANCRUM MEDICAL CENTRE, 12 ANCRUM ROAD, DUNDEE",01382 669500,,,,,,,SCOTLAND,scotland,ods_scottish_gp_practice,RO227,SCOTTISH GP PRACTICE,"RO227,RO76",https://directory.spineservices.nhs.uk/ORD/2-0-0/organisations/S11096,2023-01-16,5130,nhs_scotland_gp_practice_contact_details_and_list_sizes,https://www.opendata.nhs.scot/dataset/f23655c3-6e23-4103-a511-a80d998adb90/resource/ceddbf27-0686-4f4b-b9a2-0090d28c3864/download/practice_contact_details_20260101_opendata.csv,20260101,ANCRUM ONE DD2 2HZ
LOCHEE MEDICAL PRACTICE,S12831,DD2 3BR,"1 MARSHALL STREET, LOCHEE, DUNDEE",01382 611283,,,,,,,SCOTLAND,scotland,ods_scottish_gp_practice,RO227,SCOTTISH GP PRACTICE,"RO227,RO76",https://directory.spineservices.nhs.uk/ORD/2-0-0/organisations/S12831,2023-09-14,5220,nhs_scotland_gp_practice_contact_details_and_list_sizes,https://www.opendata.nhs.scot/dataset/f23655c3-6e23-4103-a511-a80d998adb90/resource/ceddbf27-0686-4f4b-b9a2-0090d28c3864/download/practice_contact_details_20260101_opendata.csv,20260101,LOCHEE MEDICAL PRACTICE DD2 3BR
WESTGATE MEDICAL PRACTICE,S11171,DD2 4AD,"WESTGATE HEALTH CENTRE, CHARLESTON DRIVE, DUNDEE",01382 668189,,,,,,,SCOTLAND,scotland,ods_scottish_gp_practice,RO227,SCOTTISH GP PRACTICE,"RO227,RO76",https://directory.spineservices.nhs.uk/ORD/2-0-0/organisations/S11171,2022-10-10,13424,nhs_scotland_gp_practice_contact_details_and_list_sizes,https://www.opendata.nhs.scot/dataset/f23655c3-6e23-4103-a511-a80d998adb90/resource/ceddbf27-0686-4f4b-b9a2-0090d28c3864/download/practice_contact_details_20260101_opendata.csv,20260101,WESTGATE MEDICAL PRACTICE DD2 4AD
MUIRHEAD MEDICAL CENTRE,S10002,DD2 5NH,"LIFF ROAD, MUIRHEAD, DUNDEE",01382 580264,,,,,,,SCOTLAND,scotland,ods_scottish_gp_practice,RO227,SCOTTISH GP PRACTICE,"RO227,RO76",https://directory.spineservices.nhs.uk/ORD/2-0-0/organisations/S10002,2023-01-16,8480,nhs_scotland_gp_practice_contact_details_and_list_sizes,https://www.opendata.nhs.scot/dataset/f23655c3-6e23-4103-a511-a80d998adb90/resource/ceddbf27-0686-4f4b-b9a2-0090d28c3864/download/practice_contact_details_20260101_opendata.csv,20260101,MUIRHEAD MEDICAL CENTRE DD2 5NH
HILLBANK HEALTH CENTRE,S11861,DD3 6NF,"1A CONSTITUTION STREET, DUNDEE",01382 221976,,,,,,,SCOTLAND,scotland,ods_scottish_gp_practice,RO227,SCOTTISH GP PRACTICE,"RO227,RO76",https://directory.spineservices.nhs.uk/ORD/2-0-0/organisations/S11861,2022-08-18,8314,nhs_scotland_gp_practice_contact_details_and_list_sizes,https://www.opendata.nhs.scot/dataset/f23655c3-6e23-4103-a511-a80d998adb90/resource/ceddbf27-0686-4f4b-b9a2-0090d28c3864/download/practice_contact_details_20260101_opendata.csv,20260101,HILLBANK HEALTH CENTRE DD3 6NF
COLDSIDE MEDICAL PRACTICE,S11166,DD3 8DB,"129 STRATHMARTINE ROAD, DUNDEE",01382 880900,,,,,,,SCOTLAND,scotland,ods_scottish_gp_practice,RO227,SCOTTISH GP PRACTICE,"RO227,RO76",https://directory.spineservices.nhs.uk/ORD/2-0-0/organisations/S11166,2022-08-18,9985,nhs_scotland_gp_practice_contact_details_and_list_sizes,https://www.opendata.nhs.scot/dataset/f23655c3-6e23-4103-a511-a80d998adb90/resource/ceddbf27-0686-4f4b-b9a2-0090d28c3864/download/practice_contact_details_20260101_opendata.csv,20260101,COLDSIDE MEDICAL PRACTICE DD3 8DB
P&K HSCP URGENT CARE,S12667,DD3 8EA,"KINGS CROSS HOSPITAL, CLEPINGTON ROAD, DUNDEE",01382 123456,,,,,,,SCOTLAND,scotland,ods_scottish_gp_practice,RO227,SCOTTISH GP PRACTICE,"RO227,RO72",https://directory.spineservices.nhs.uk/ORD/2-0-0/organisations/S12667,2024-05-22,,,,,P&K HSCP URGENT CARE DD3 8EA
TAYSIDE OUT OF HOURS (1),S15947,DD3 8EA,"KINGS CROSS HOSPITAL GP OOHS, HOSPITAL STREET, DUNDEE",,,,,,,,SCOTLAND,scotland,ods_scottish_gp_practice,RO227,SCOTTISH GP PRACTICE,"RO227,RO72",https://directory.spineservices.nhs.uk/ORD/2-0-0/organisations/S15947,2022-10-10,,,,,TAYSIDE OUT OF HOURS (1) DD3 8EA
DOWNFIELD SURGERY,S11823,DD3 8NE,"325 STRATHMARTINE ROAD, DUNDEE",01382 812111,,,,,,,SCOTLAND,scotland,ods_scottish_gp_practice,RO227,SCOTTISH GP PRACTICE,"RO227,RO76",https://directory.spineservices.nhs.uk/ORD/2-0-0/organisations/S11823,2022-08-18,8664,nhs_scotland_gp_practice_contact_details_and_list_sizes,https://www.opendata.nhs.scot/dataset/f23655c3-6e23-4103-a511-a80d998adb90/resource/ceddbf27-0686-4f4b-b9a2-0090d28c3864/download/practice_contact_details_20260101_opendata.csv,20260101,DOWNFIELD SURGERY DD3 8NE
NEWFIELD MEDICAL GROUP,S11221,DD4 0HU,"LOTHIAN CRESCENT, DUNDEE",01382 432030,,,,,,,SCOTLAND,scotland,ods_scottish_gp_practice,RO227,SCOTTISH GP PRACTICE,"RO227,RO76",https://directory.spineservices.nhs.uk/ORD/2-0-0/organisations/S11221,2024-05-22,7493,nhs_scotland_gp_practice_contact_details_and_list_sizes,https://www.opendata.nhs.scot/dataset/f23655c3-6e23-4103-a511-a80d998adb90/resource/ceddbf27-0686-4f4b-b9a2-0090d28c3864/download/practice_contact_details_20260101_opendata.csv,20260101,NEWFIELD MEDICAL GROUP DD4 0HU
PRINCES STREET SURGERY,S11289,DD4 6DG,"155 PRINCES STREET, DUNDEE",01382 461090,,,,,,,SCOTLAND,scotland,ods_scottish_gp_practice,RO227,SCOTTISH GP PRACTICE,"RO227,RO76",https://directory.spineservices.nhs.uk/ORD/2-0-0/organisations/S11289,2022-08-18,9326,nhs_scotland_gp_practice_contact_details_and_list_sizes,https://www.opendata.nhs.scot/dataset/f23655c3-6e23-4103-a511-a80d998adb90/resource/ceddbf27-0686-4f4b-b9a2-0090d28c3864/download/practice_contact_details_20260101_opendata.csv,20260101,PRINCES STREET SURGERY DD4 6DG
TAYBANK MEDICAL CENTRE,S11128,DD4 6EL,"10 ROBERTSON STREET, DUNDEE",01382 461588,,,,,,,SCOTLAND,scotland,ods_scottish_gp_practice,RO227,SCOTTISH GP PRACTICE,"RO227,RO76",https://directory.spineservices.nhs.uk/ORD/2-0-0/organisations/S11128,2022-08-18,9473,nhs_scotland_gp_practice_contact_details_and_list_sizes,https://www.opendata.nhs.scot/dataset/f23655c3-6e23-4103-a511-a80d998adb90/resource/ceddbf27-0686-4f4b-b9a2-0090d28c3864/download/practice_contact_details_20260101_opendata.csv,20260101,TAYBANK MEDICAL CENTRE DD4 6EL
ERSKINE PRACTICE,S11486,DD4 6QY,"ARTHURSTONE MEDICAL CENTRE, 39 ARTHURSTONE TERRACE, DUNDEE",01382 458333,,,,,,,SCOTLAND,scotland,ods_scottish_gp_practice,RO227,SCOTTISH GP PRACTICE,"RO227,RO76",https://directory.spineservices.nhs.uk/ORD/2-0-0/organisations/S11486,2022-08-18,8108,nhs_scotland_gp_practice_contact_details_and_list_sizes,https://www.opendata.nhs.scot/dataset/f23655c3-6e23-4103-a511-a80d998adb90/resource/ceddbf27-0686-4f4b-b9a2-0090d28c3864/download/practice_contact_details_20260101_opendata.csv,20260101,ERSKINE PRACTICE DD4 6QY
MILL PRACTICE,S11645,DD4 6QY,"ARTHURSTONE MEDICAL PRACTICE, 39 ARTHURSTONE TERRACE, DUNDEE",01382 456700,,,,,,,SCOTLAND,scotland,ods_scottish_gp_practice,RO227,SCOTTISH GP PRACTICE,"RO227,RO76",https://directory.spineservices.nhs.uk/ORD/2-0-0/organisations/S11645,2022-08-24,8838,nhs_scotland_gp_practice_contact_details_and_list_sizes,https://www.opendata.nhs.scot/dataset/f23655c3-6e23-4103-a511-a80d998adb90/resource/ceddbf27-0686-4f4b-b9a2-0090d28c3864/download/practice_contact_details_20260101_opendata.csv,20260101,MILL PRACTICE DD4 6QY
FAMILY MEDICAL GROUP,S11382,DD4 6RB,"WALLACETOWN HEALTH CENTRE, LYON STREET, DUNDEE",01382 459519,,,,,,,SCOTLAND,scotland,ods_scottish_gp_practice,RO227,SCOTTISH GP PRACTICE,"RO227,RO76",https://directory.spineservices.nhs.uk/ORD/2-0-0/organisations/S11382,2024-03-15,8611,nhs_scotland_gp_practice_contact_details_and_list_sizes,https://www.opendata.nhs.scot/dataset/f23655c3-6e23-4103-a511-a80d998adb90/resource/ceddbf27-0686-4f4b-b9a2-0090d28c3864/download/practice_contact_details_20260101_opendata.csv,20260101,FAMILY MEDICAL GROUP DD4 6RB
HEALTH & HOMELESS OUTREACH TEAM,S15909,DD4 6RB,"WALLACETOWN HEALTH CENTRE, LYON STREET, DUNDEE",01382 443526,,,,,,,SCOTLAND,scotland,ods_scottish_gp_practice,RO227,SCOTTISH GP PRACTICE,"RO227,RO72",https://directory.spineservices.nhs.uk/ORD/2-0-0/organisations/S15909,2022-08-18,,,,,HEALTH & HOMELESS OUTREACH TEAM DD4 6RB
WALLACETOWN COMMUNITY NURSING,S15932,DD4 6RB,"WALLACETOWN HEALTH CENTRE, LYON STREET, DUNDEE",01382 459608,,,,,,,SCOTLAND,scotland,ods_scottish_gp_practice,RO227,SCOTTISH GP PRACTICE,"RO227,RO72",https://directory.spineservices.nhs.uk/ORD/2-0-0/organisations/S15932,2022-08-18,,,,,WALLACETOWN COMMUNITY NURSING DD4 6RB
TERRA NOVA MEDICAL PRACTICE LLP,S11650,DD4 6SW,"TERRA NOVA HOUSE, 43 DURA STREET, DUNDEE",01382 451100,,,,,,,SCOTLAND,scotland,ods_scottish_gp_practice,RO227,SCOTTISH GP PRACTICE,"RO227,RO76",https://directory.spineservices.nhs.uk/ORD/2-0-0/organisations/S11650,2022-08-18,8201,nhs_scotland_gp_practice_contact_details_and_list_sizes,https://www.opendata.nhs.scot/dataset/f23655c3-6e23-4103-a511-a80d998adb90/resource/ceddbf27-0686-4f4b-b9a2-0090d28c3864/download/practice_contact_details_20260101_opendata.csv,20260101,TERRA NOVA MEDICAL PRACTICE LLP DD4 6SW
MARYFIELD MEDICAL CENTRE,S11931,DD4 7AA,"28 MAINS LOAN, DUNDEE",01382 462292,,,,,,,SCOTLAND,scotland,ods_scottish_gp_practice,RO227,SCOTTISH GP PRACTICE,"RO227,RO76",https://directory.spineservices.nhs.uk/ORD/2-0-0/organisations/S11931,2022-08-18,6793,nhs_scotland_gp_practice_contact_details_and_list_sizes,https://www.opendata.nhs.scot/dataset/f23655c3-6e23-4103-a511-a80d998adb90/resource/ceddbf27-0686-4f4b-b9a2-0090d28c3864/download/practice_contact_details_20260101_opendata.csv,20260101,MARYFIELD MEDICAL CENTRE DD4 7AA
GROVE HEALTH CENTRE,S10106,DD5 1DU,"129 DUNDEE ROAD, BROUGHTY FERRY, DUNDEE",01382 778881,,,,,,,SCOTLAND,scotland,ods_scottish_gp_practice,RO227,SCOTTISH GP PRACTICE,"RO227,RO76",https://directory.spineservices.nhs.uk/ORD/2-0-0/organisations/S10106,2022-08-18,6407,nhs_scotland_gp_practice_contact_details_and_list_sizes,https://www.opendata.nhs.scot/dataset/f23655c3-6e23-4103-a511-a80d998adb90/resource/ceddbf27-0686-4f4b-b9a2-0090d28c3864/download/practice_contact_details_20260101_opendata.csv,20260101,GROVE HEALTH CENTRE DD5 1DU
BROUGHTY FAMILY HEALTHCARE,S11306,DD5 1EP,"103 BROWN STREET, BROUGHTY FERRY, DUNDEE",01382 731331,,,,,,,SCOTLAND,scotland,ods_scottish_gp_practice,RO227,SCOTTISH GP PRACTICE,"RO227,RO76",https://directory.spineservices.nhs.uk/ORD/2-0-0/organisations/S11306,2022-08-18,9339,nhs_scotland_gp_practice_contact_details_and_list_sizes,https://www.opendata.nhs.scot/dataset/f23655c3-6e23-4103-a511-a80d998adb90/resource/ceddbf27-0686-4f4b-b9a2-0090d28c3864/download/practice_contact_details_20260101_opendata.csv,20260101,BROUGHTY FAMILY HEALTHCARE DD5 1EP
MONIFIETH MEDICAL PRACTICE,S13571,DD5 4LX,"MONIFIETH HEALTH CENTRE, VICTORIA STREET, DUNDEE",01382 534301,,,,,,,SCOTLAND,scotland,ods_scottish_gp_practice,RO227,SCOTTISH GP PRACTICE,"RO227,RO76",https://directory.spineservices.nhs.uk/ORD/2-0-0/organisations/S13571,2023-01-16,11435,nhs_scotland_gp_practice_contact_details_and_list_sizes,https://www.opendata.nhs.scot/dataset/f23655c3-6e23-4103-a511-a80d998adb90/resource/ceddbf27-0686-4f4b-b9a2-0090d28c3864/download/practice_contact_details_20260101_opendata.csv,20260101,MONIFIETH MEDICAL PRACTICE DD5 4LX
TAYVIEW MEDICAL PRACTICE,S21609,DD6 8DJ,"16 VICTORIA STREET, NEWPORT-ON-TAY",01382 543251,,,,,,,SCOTLAND,scotland,ods_scottish_gp_practice,RO227,SCOTTISH GP PRACTICE,"RO227,RO76",https://directory.spineservices.nhs.uk/ORD/2-0-0/organisations/S21609,2023-01-16,8979,nhs_scotland_gp_practice_contact_details_and_list_sizes,https://www.opendata.nhs.scot/dataset/f23655c3-6e23-4103-a511-a80d998adb90/resource/ceddbf27-0686-4f4b-b9a2-0090d28c3864/download/practice_contact_details_20260101_opendata.csv,20260101,TAYVIEW MEDICAL PRACTICE DD6 8DJ
CARNOUSTIE MEDICAL GROUP,S10638,DD7 7RB,"PARKVIEW PRIMARY CARE CENTRE, BARRY ROAD, CARNOUSTIE",01241 859888,,,,,,,SCOTLAND,scotland,ods_scottish_gp_practice,RO227,SCOTTISH GP PRACTICE,"RO227,RO76",https://directory.spineservices.nhs.uk/ORD/2-0-0/organisations/S10638,2022-08-18,13428,nhs_scotland_gp_practice_contact_details_and_list_sizes,https://www.opendata.nhs.scot/dataset/f23655c3-6e23-4103-a511-a80d998adb90/resource/ceddbf27-0686-4f4b-b9a2-0090d28c3864/download/practice_contact_details_20260101_opendata.csv,20260101,CARNOUSTIE MEDICAL GROUP DD7 7RB
ANGUS SPECIALIST SERVICES,S10021,DD8 1AN,"ANGUS HOUSE, ORCHARDBANK BUSINESS PARK, FORFAR",01356 665042,,,,,,,SCOTLAND,scotland,ods_scottish_gp_practice,RO227,SCOTTISH GP PRACTICE,"RO227,RO76",https://directory.spineservices.nhs.uk/ORD/2-0-0/organisations/S10021,2022-11-18,,,,,ANGUS SPECIALIST SERVICES DD8 1AN
RAVENSWOOD SURGERY,S13195,DD8 2AE,"NEW ROAD, FORFAR",01307 463558,,,,,,,SCOTLAND,scotland,ods_scottish_gp_practice,RO227,SCOTTISH GP PRACTICE,"RO227,RO76",https://directory.spineservices.nhs.uk/ORD/2-0-0/organisations/S13195,2022-08-18,4760,nhs_scotland_gp_practice_contact_details_and_list_sizes,https://www.opendata.nhs.scot/dataset/f23655c3-6e23-4103-a511-a80d998adb90/resource/ceddbf27-0686-4f4b-b9a2-0090d28c3864/download/practice_contact_details_20260101_opendata.csv,20260101,RAVENSWOOD SURGERY DD8 2AE
LOUR ROAD GROUP PRACTICE,S13284,DD8 2AS,"3 LOUR ROAD, FORFAR",01307 463122,,,,,,,SCOTLAND,scotland,ods_scottish_gp_practice,RO227,SCOTTISH GP PRACTICE,"RO227,RO76",https://directory.spineservices.nhs.uk/ORD/2-0-0/organisations/S13284,2022-08-18,7530,nhs_scotland_gp_practice_contact_details_and_list_sizes,https://www.opendata.nhs.scot/dataset/f23655c3-6e23-4103-a511-a80d998adb90/resource/ceddbf27-0686-4f4b-b9a2-0090d28c3864/download/practice_contact_details_20260101_opendata.csv,20260101,LOUR ROAD GROUP PRACTICE DD8 2AS
ACADEMY MEDICAL CENTRE,S13231,DD8 2HA,"ACADEMY STREET, FORFAR",01307 462316,,,,,,,SCOTLAND,scotland,ods_scottish_gp_practice,RO227,SCOTTISH GP PRACTICE,"RO227,RO76",https://directory.spineservices.nhs.uk/ORD/2-0-0/organisations/S13231,2022-08-18,8762,nhs_scotland_gp_practice_contact_details_and_list_sizes,https://www.opendata.nhs.scot/dataset/f23655c3-6e23-4103-a511-a80d998adb90/resource/ceddbf27-0686-4f4b-b9a2-0090d28c3864/download/practice_contact_details_20260101_opendata.csv,20260101,ACADEMY MEDICAL CENTRE DD8 2HA
KIRRIEMUIR MEDICAL PRACTICE,S13532,DD8 4ES,"TANNAGE BRAE, KIRRIEMUIR",01575 573333,,,,,,,SCOTLAND,scotland,ods_scottish_gp_practice,RO227,SCOTTISH GP PRACTICE,"RO227,RO76",https://directory.spineservices.nhs.uk/ORD/2-0-0/organisations/S13532,2023-01-16,8851,nhs_scotland_gp_practice_contact_details_and_list_sizes,https://www.opendata.nhs.scot/dataset/f23655c3-6e23-4103-a511-a80d998adb90/resource/ceddbf27-0686-4f4b-b9a2-0090d28c3864/download/practice_contact_details_20260101_opendata.csv,20260101,KIRRIEMUIR MEDICAL PRACTICE DD8 4ES
BRECHIN MEDICAL PRACTICE,S10498,DD9 7AN,"BRECHIN HEALTH CENTRE, INFIRMARY STREET, BRECHIN",01356 624411,,,,,,,SCOTLAND,scotland,ods_scottish_gp_practice,RO227,SCOTTISH GP PRACTICE,"RO227,RO76",https://directory.spineservices.nhs.uk/ORD/2-0-0/organisations/S10498,2022-08-18,8517,nhs_scotland_gp_practice_contact_details_and_list_sizes,https://www.opendata.nhs.scot/dataset/f23655c3-6e23-4103-a511-a80d998adb90/resource/ceddbf27-0686-4f4b-b9a2-0090d28c3864/download/practice_contact_details_20260101_opendata.csv,20260101,BRECHIN MEDICAL PRACTICE DD9 7AN
EDZELL HEALTH CENTRE,S13091,DD9 7TA,"HIGH STREET, EDZELL, BRECHIN",01356 648209,,,,,,,SCOTLAND,scotland,ods_scottish_gp_practice,RO227,SCOTTISH GP PRACTICE,"RO227,RO76",https://directory.spineservices.nhs.uk/ORD/2-0-0/organisations/S13091,2023-01-16,2845,nhs_scotland_gp_practice_contact_details_and_list_sizes,https://www.opendata.nhs.scot/dataset/f23655c3-6e23-4103-a511-a80d998adb90/resource/ceddbf27-0686-4f4b-b9a2-0090d28c3864/download/practice_contact_details_20260101_opendata.csv,20260101,EDZELL HEALTH CENTRE DD9 7TA
GREYFRIARS MEDICAL CENTRE,S18560,DG1 1DL,"33-37 CASTLE STREET, DUMFRIES",01387 257752,,,,,,,SCOTLAND,scotland,ods_scottish_gp_practice,RO227,SCOTTISH GP PRACTICE,"RO227,RO76",https://directory.spineservices.nhs.uk/ORD/2-0-0/organisations/S18560,2022-08-18,11544,nhs_scotland_gp_practice_contact_details_and_list_sizes,https://www.opendata.nhs.scot/dataset/f23655c3-6e23-4103-a511-a80d998adb90/resource/ceddbf27-0686-4f4b-b9a2-0090d28c3864/download/practice_contact_details_20260101_opendata.csv,20260101,GREYFRIARS MEDICAL CENTRE DG1 1DL
LOCHTHORN MEDICAL CENTRE,S18288,DG1 1TR,"EDINBURGH ROAD, HEATHHALL, DUMFRIES",01387 259944,,,,,,,SCOTLAND,scotland,ods_scottish_gp_practice,RO227,SCOTTISH GP PRACTICE,"RO227,RO76",https://directory.spineservices.nhs.uk/ORD/2-0-0/organisations/S18288,2023-01-16,3901,nhs_scotland_gp_practice_contact_details_and_list_sizes,https://www.opendata.nhs.scot/dataset/f23655c3-6e23-4103-a511-a80d998adb90/resource/ceddbf27-0686-4f4b-b9a2-0090d28c3864/download/practice_contact_details_20260101_opendata.csv,20260101,LOCHTHORN MEDICAL CENTRE DG1 1TR
ST MICHAELS MEDICAL CENTRE,S18273,DG1 2PX,"ST MICHAELS BRIDGE ROAD, DUMFRIES",01387 244950,,,,,,,SCOTLAND,scotland,ods_scottish_gp_practice,RO227,SCOTTISH GP PRACTICE,"RO227,RO76",https://directory.spineservices.nhs.uk/ORD/2-0-0/organisations/S18273,2022-10-10,7153,nhs_scotland_gp_practice_contact_details_and_list_sizes,https://www.opendata.nhs.scot/dataset/f23655c3-6e23-4103-a511-a80d998adb90/resource/ceddbf27-0686-4f4b-b9a2-0090d28c3864/download/practice_contact_details_20260101_opendata.csv,20260101,ST MICHAELS MEDICAL CENTRE DG1 2PX
GILLBRAE MEDICAL PRACTICE,S18310,DG1 4EJ,"GILLBRAE ROAD, DUMFRIES",01387 246282,,,,,,,SCOTLAND,scotland,ods_scottish_gp_practice,RO227,SCOTTISH GP PRACTICE,"RO227,RO76",https://directory.spineservices.nhs.uk/ORD/2-0-0/organisations/S18310,2022-08-18,13932,nhs_scotland_gp_practice_contact_details_and_list_sizes,https://www.opendata.nhs.scot/dataset/f23655c3-6e23-4103-a511-a80d998adb90/resource/ceddbf27-0686-4f4b-b9a2-0090d28c3864/download/practice_contact_details_20260101_opendata.csv,20260101,GILLBRAE MEDICAL PRACTICE DG1 4EJ
MOFFAT MEDICAL PRACTICE,S18659,DG10 9JY,"MOFFAT HOSPITAL, HOLMEND, MOFFAT",01683 220062,,,,,,,SCOTLAND,scotland,ods_scottish_gp_practice,RO227,SCOTTISH GP PRACTICE,"RO227,RO76",https://directory.spineservices.nhs.uk/ORD/2-0-0/organisations/S18659,2025-05-19,5067,nhs_scotland_gp_practice_contact_details_and_list_sizes,https://www.opendata.nhs.scot/dataset/f23655c3-6e23-4103-a511-a80d998adb90/resource/ceddbf27-0686-4f4b-b9a2-0090d28c3864/download/practice_contact_details_20260101_opendata.csv,20260101,MOFFAT MEDICAL PRACTICE DG10 9JY
LOCHMABEN MEDICAL GROUP,S18377,DG11 1NH,"42-44 HIGH STREET, LOCHMABEN, LOCKERBIE",01387 810215,,,,,,,SCOTLAND,scotland,ods_scottish_gp_practice,RO227,SCOTTISH GP PRACTICE,"RO227,RO76",https://directory.spineservices.nhs.uk/ORD/2-0-0/organisations/S18377,2023-01-16,5843,nhs_scotland_gp_practice_contact_details_and_list_sizes,https://www.opendata.nhs.scot/dataset/f23655c3-6e23-4103-a511-a80d998adb90/resource/ceddbf27-0686-4f4b-b9a2-0090d28c3864/download/practice_contact_details_20260101_opendata.csv,20260101,LOCHMABEN MEDICAL GROUP DG11 1NH
LOCKERBIE MEDICAL PRACTICE,S18644,DG11 2BJ,"VICTORIA GARDENS, LOCKERBIE",,,,,,,,SCOTLAND,scotland,ods_scottish_gp_practice,RO227,SCOTTISH GP PRACTICE,"RO227,RO76",https://directory.spineservices.nhs.uk/ORD/2-0-0/organisations/S18644,2023-09-15,4554,nhs_scotland_gp_practice_contact_details_and_list_sizes,https://www.opendata.nhs.scot/dataset/f23655c3-6e23-4103-a511-a80d998adb90/resource/ceddbf27-0686-4f4b-b9a2-0090d28c3864/download/practice_contact_details_20260101_opendata.csv,20260101,LOCKERBIE MEDICAL PRACTICE DG11 2BJ
ECCLEFECHAN SURGERY,S18451,DG11 3BT,"MAIN ROAD, ECCLEFECHAN, LOCKERBIE",01576 300208,,,,,,,SCOTLAND,scotland,ods_scottish_gp_practice,RO227,SCOTTISH GP PRACTICE,"RO227,RO76",https://directory.spineservices.nhs.uk/ORD/2-0-0/organisations/S18451,2023-01-16,3082,nhs_scotland_gp_practice_contact_details_and_list_sizes,https://www.opendata.nhs.scot/dataset/f23655c3-6e23-4103-a511-a80d998adb90/resource/ceddbf27-0686-4f4b-b9a2-0090d28c3864/download/practice_contact_details_20260101_opendata.csv,20260101,ECCLEFECHAN SURGERY DG11 3BT
ANNAN NORTH SURGERY,S18413,DG12 6GN,"GREENCROFT MEDICAL CENTRE, GREENCROFT WYND, ANNAN",01461 202745,,,,,,,SCOTLAND,scotland,ods_scottish_gp_practice,RO227,SCOTTISH GP PRACTICE,"RO227,RO76",https://directory.spineservices.nhs.uk/ORD/2-0-0/organisations/S18413,2025-11-17,7364,nhs_scotland_gp_practice_contact_details_and_list_sizes,https://www.opendata.nhs.scot/dataset/f23655c3-6e23-4103-a511-a80d998adb90/resource/ceddbf27-0686-4f4b-b9a2-0090d28c3864/download/practice_contact_details_20260101_opendata.csv,20260101,ANNAN NORTH SURGERY DG12 6GN
GREENCROFT SOUTH MEDICAL GROUP,S18409,DG12 6GS,"GREENCROFT MEDICAL CENTRE (SOUTH), GREENCROFT WYND, ANNAN",01461 202244,,,,,,,SCOTLAND,scotland,ods_scottish_gp_practice,RO227,SCOTTISH GP PRACTICE,"RO227,RO76",https://directory.spineservices.nhs.uk/ORD/2-0-0/organisations/S18409,2022-08-18,6654,nhs_scotland_gp_practice_contact_details_and_list_sizes,https://www.opendata.nhs.scot/dataset/f23655c3-6e23-4103-a511-a80d998adb90/resource/ceddbf27-0686-4f4b-b9a2-0090d28c3864/download/practice_contact_details_20260101_opendata.csv,20260101,GREENCROFT SOUTH MEDICAL GROUP DG12 6GS
LANGHOLM MEDICAL PARTNERSHIP,S18447,DG13 0JY,"HEALTH CENTRE, LANGHOLM",01387 383100,,,,,,,SCOTLAND,scotland,ods_scottish_gp_practice,RO227,SCOTTISH GP PRACTICE,"RO227,RO76",https://directory.spineservices.nhs.uk/ORD/2-0-0/organisations/S18447,2022-08-24,2811,nhs_scotland_gp_practice_contact_details_and_list_sizes,https://www.opendata.nhs.scot/dataset/f23655c3-6e23-4103-a511-a80d998adb90/resource/ceddbf27-0686-4f4b-b9a2-0090d28c3864/download/practice_contact_details_20260101_opendata.csv,20260101,LANGHOLM MEDICAL PARTNERSHIP DG13 0JY
CANONBIE SURGERY,S18432,DG14 0UX,"BOWHOLM, CANONBIE",01387 371313,,,,,,,SCOTLAND,scotland,ods_scottish_gp_practice,RO227,SCOTTISH GP PRACTICE,"RO227,RO76",https://directory.spineservices.nhs.uk/ORD/2-0-0/organisations/S18432,2023-01-16,2150,nhs_scotland_gp_practice_contact_details_and_list_sizes,https://www.opendata.nhs.scot/dataset/f23655c3-6e23-4103-a511-a80d998adb90/resource/ceddbf27-0686-4f4b-b9a2-0090d28c3864/download/practice_contact_details_20260101_opendata.csv,20260101,CANONBIE SURGERY DG14 0UX
GRETNA SURGERY,S18428,DG16 5NA,"CENTRAL AVENUE, GRETNA",01461 338317,,,,,,,SCOTLAND,scotland,ods_scottish_gp_practice,RO227,SCOTTISH GP PRACTICE,"RO227,RO76",https://directory.spineservices.nhs.uk/ORD/2-0-0/organisations/S18428,2022-08-18,4891,nhs_scotland_gp_practice_contact_details_and_list_sizes,https://www.opendata.nhs.scot/dataset/f23655c3-6e23-4103-a511-a80d998adb90/resource/ceddbf27-0686-4f4b-b9a2-0090d28c3864/download/practice_contact_details_20260101_opendata.csv,20260101,GRETNA SURGERY DG16 5NA
CAIRN VALLEY MEDICAL PRACTICE,S18343,DG2 0UJ,"DUNSCORE HEALTH CENTRE, DUNSCORE, DUMFRIES",01387 820266,,,,,,,SCOTLAND,scotland,ods_scottish_gp_practice,RO227,SCOTTISH GP PRACTICE,"RO227,RO76",https://directory.spineservices.nhs.uk/ORD/2-0-0/organisations/S18343,2022-08-18,3792,nhs_scotland_gp_practice_contact_details_and_list_sizes,https://www.opendata.nhs.scot/dataset/f23655c3-6e23-4103-a511-a80d998adb90/resource/ceddbf27-0686-4f4b-b9a2-0090d28c3864/download/practice_contact_details_20260101_opendata.csv,20260101,CAIRN VALLEY MEDICAL PRACTICE DG2 0UJ
SHEBBURN MEDICAL PRACTICE,S18254,DG2 8BY,"SHEBBURN SURGERY, MAIN STREET, DUMFRIES",01387 850263,,,,,,,SCOTLAND,scotland,ods_scottish_gp_practice,RO227,SCOTTISH GP PRACTICE,"RO227,RO76",https://directory.spineservices.nhs.uk/ORD/2-0-0/organisations/S18254,2023-01-16,2847,nhs_scotland_gp_practice_contact_details_and_list_sizes,https://www.opendata.nhs.scot/dataset/f23655c3-6e23-4103-a511-a80d998adb90/resource/ceddbf27-0686-4f4b-b9a2-0090d28c3864/download/practice_contact_details_20260101_opendata.csv,20260101,SHEBBURN MEDICAL PRACTICE DG2 8BY
OOHDFS,S19134,DG2 8RX,"DUMFRIES & GALLOWAY ROYAL INFIRMARY, CARGENBRIDGE, DUMFRIES",01387 244284,,,,,,,SCOTLAND,scotland,ods_scottish_gp_practice,RO227,SCOTTISH GP PRACTICE,"RO227,RO72",https://directory.spineservices.nhs.uk/ORD/2-0-0/organisations/S19134,2023-05-16,,,,,OOHDFS DG2 8RX
CHARLOTTE MEDICAL PRACTICE,S18305,DG2 9BH,"LOCHFIELD ROAD PRIMARY CARE CENTRE, 12-28 LOCHFIELD ROAD, DUMFRIES",01387 267626,,,,,,,SCOTLAND,scotland,ods_scottish_gp_practice,RO227,SCOTTISH GP PRACTICE,"RO227,RO76",https://directory.spineservices.nhs.uk/ORD/2-0-0/organisations/S18305,2022-08-18,9397,nhs_scotland_gp_practice_contact_details_and_list_sizes,https://www.opendata.nhs.scot/dataset/f23655c3-6e23-4103-a511-a80d998adb90/resource/ceddbf27-0686-4f4b-b9a2-0090d28c3864/download/practice_contact_details_20260101_opendata.csv,20260101,CHARLOTTE MEDICAL PRACTICE DG2 9BH
THORNHILL MEDICAL PRACTICE,S18339,DG3 5AA,"HEALTH CENTRE, THORNHILL",01848 330208,,,,,,,SCOTLAND,scotland,ods_scottish_gp_practice,RO227,SCOTTISH GP PRACTICE,"RO227,RO76",https://directory.spineservices.nhs.uk/ORD/2-0-0/organisations/S18339,2023-01-16,3903,nhs_scotland_gp_practice_contact_details_and_list_sizes,https://www.opendata.nhs.scot/dataset/f23655c3-6e23-4103-a511-a80d998adb90/resource/ceddbf27-0686-4f4b-b9a2-0090d28c3864/download/practice_contact_details_20260101_opendata.csv,20260101,THORNHILL MEDICAL PRACTICE DG3 5AA
UPPER NITHSDALE GROUP PRACTICE,S18630,DG4 6BT,"HEALTH CENTRE, STATION ROAD, SANQUHAR",01659 50221,,,,,,,SCOTLAND,scotland,ods_scottish_gp_practice,RO227,SCOTTISH GP PRACTICE,"RO227,RO76",https://directory.spineservices.nhs.uk/ORD/2-0-0/organisations/S18630,2024-05-22,4541,nhs_scotland_gp_practice_contact_details_and_list_sizes,https://www.opendata.nhs.scot/dataset/f23655c3-6e23-4103-a511-a80d998adb90/resource/ceddbf27-0686-4f4b-b9a2-0090d28c3864/download/practice_contact_details_20260101_opendata.csv,20260101,UPPER NITHSDALE GROUP PRACTICE DG4 6BT
DALBEATTIE MEDICAL PRACTICE,S18240,DG5 4AZ,"CRAIGNAIR HEALTH CENTRE, PORT ROAD, DALBEATTIE",01556 610331,,,,,,,SCOTLAND,scotland,ods_scottish_gp_practice,RO227,SCOTTISH GP PRACTICE,"RO227,RO76",https://directory.spineservices.nhs.uk/ORD/2-0-0/organisations/S18240,2022-10-10,5013,nhs_scotland_gp_practice_contact_details_and_list_sizes,https://www.opendata.nhs.scot/dataset/f23655c3-6e23-4103-a511-a80d998adb90/resource/ceddbf27-0686-4f4b-b9a2-0090d28c3864/download/practice_contact_details_20260101_opendata.csv,20260101,DALBEATTIE MEDICAL PRACTICE DG5 4AZ
SOLWAY MEDICAL GROUP,S18199,DG6 4BJ,"HEALTH CENTRE, ST MARYS PLACE, KIRKCUDBRIGHT",01557 330755,,,,,,,SCOTLAND,scotland,ods_scottish_gp_practice,RO227,SCOTTISH GP PRACTICE,"RO227,RO76",https://directory.spineservices.nhs.uk/ORD/2-0-0/organisations/S18199,2023-01-16,6438,nhs_scotland_gp_practice_contact_details_and_list_sizes,https://www.opendata.nhs.scot/dataset/f23655c3-6e23-4103-a511-a80d998adb90/resource/ceddbf27-0686-4f4b-b9a2-0090d28c3864/download/practice_contact_details_20260101_opendata.csv,20260101,SOLWAY MEDICAL GROUP DG6 4BJ
CASTLE DOUGLAS MEDICAL GROUP,S18184,DG7 3EE,"GARDEN HILL PRIMARY CARE CENTRE, 2 GARDEN HILL ROAD, CASTLE DOUGLAS",01556 505900,,,,,,,SCOTLAND,scotland,ods_scottish_gp_practice,RO227,SCOTTISH GP PRACTICE,"RO227,RO76",https://directory.spineservices.nhs.uk/ORD/2-0-0/organisations/S18184,2022-08-18,6756,nhs_scotland_gp_practice_contact_details_and_list_sizes,https://www.opendata.nhs.scot/dataset/f23655c3-6e23-4103-a511-a80d998adb90/resource/ceddbf27-0686-4f4b-b9a2-0090d28c3864/download/practice_contact_details_20260101_opendata.csv,20260101,CASTLE DOUGLAS MEDICAL GROUP DG7 3EE
"DRS OLIVER, GREELEY &INNES",S18216,DG7 3EE,"GARDEN HILL PRIMARY CARE CENTRE, 2 GARDEN HILL ROAD, CASTLE DOUGLAS",01556 502050,,,,,,,SCOTLAND,scotland,ods_scottish_gp_practice,RO227,SCOTTISH GP PRACTICE,"RO227,RO76",https://directory.spineservices.nhs.uk/ORD/2-0-0/organisations/S18216,2023-01-16,3945,nhs_scotland_gp_practice_contact_details_and_list_sizes,https://www.opendata.nhs.scot/dataset/f23655c3-6e23-4103-a511-a80d998adb90/resource/ceddbf27-0686-4f4b-b9a2-0090d28c3864/download/practice_contact_details_20260101_opendata.csv,20260101,"DRS OLIVER, GREELEY &INNES DG7 3EE"
GLENKENS MEDICAL PRACTICE,S18235,DG7 3RN,"HIGH STREET, NEW GALLOWAY, CASTLE DOUGLAS",01644 420234,,,,,,,SCOTLAND,scotland,ods_scottish_gp_practice,RO227,SCOTTISH GP PRACTICE,"RO227,RO76",https://directory.spineservices.nhs.uk/ORD/2-0-0/organisations/S18235,2023-01-16,1809,nhs_scotland_gp_practice_contact_details_and_list_sizes,https://www.opendata.nhs.scot/dataset/f23655c3-6e23-4103-a511-a80d998adb90/resource/ceddbf27-0686-4f4b-b9a2-0090d28c3864/download/practice_contact_details_20260101_opendata.csv,20260101,GLENKENS MEDICAL PRACTICE DG7 3RN
GLENLUCE SURGERY,S18589,DG8 0PU,"FOUR WINDS, MAIN STREET, NEWTON STEWART",01581 300315,,,,,,,SCOTLAND,scotland,ods_scottish_gp_practice,RO227,SCOTTISH GP PRACTICE,"RO227,RO76",https://directory.spineservices.nhs.uk/ORD/2-0-0/organisations/S18589,2023-01-16,2296,nhs_scotland_gp_practice_contact_details_and_list_sizes,https://www.opendata.nhs.scot/dataset/f23655c3-6e23-4103-a511-a80d998adb90/resource/ceddbf27-0686-4f4b-b9a2-0090d28c3864/download/practice_contact_details_20260101_opendata.csv,20260101,GLENLUCE SURGERY DG8 0PU
CAIRNSMORE MEDICAL PRACTICE,S18151,DG8 6NR,"HEALTH CENTRE, CREEBRIDGE, NEWTON STEWART",01671 403609,,,,,,,SCOTLAND,scotland,ods_scottish_gp_practice,RO227,SCOTTISH GP PRACTICE,"RO227,RO76",https://directory.spineservices.nhs.uk/ORD/2-0-0/organisations/S18151,2022-08-18,3996,nhs_scotland_gp_practice_contact_details_and_list_sizes,https://www.opendata.nhs.scot/dataset/f23655c3-6e23-4103-a511-a80d998adb90/resource/ceddbf27-0686-4f4b-b9a2-0090d28c3864/download/practice_contact_details_20260101_opendata.csv,20260101,CAIRNSMORE MEDICAL PRACTICE DG8 6NR
GALLOWAY HILLS MEDICAL PRACTICE,S18625,DG8 6NR,"NEWTON STEWART HEALTH CENTRE, CREEBRIDGE, NEWTON STEWART",01671 402168,,,,,,,SCOTLAND,scotland,ods_scottish_gp_practice,RO227,SCOTTISH GP PRACTICE,"RO227,RO76",https://directory.spineservices.nhs.uk/ORD/2-0-0/organisations/S18625,2022-11-18,4427,nhs_scotland_gp_practice_contact_details_and_list_sizes,https://www.opendata.nhs.scot/dataset/f23655c3-6e23-4103-a511-a80d998adb90/resource/ceddbf27-0686-4f4b-b9a2-0090d28c3864/download/practice_contact_details_20260101_opendata.csv,20260101,GALLOWAY HILLS MEDICAL PRACTICE DG8 6NR
OOHSTR,S19149,DG9 7DQ,"GALLOWAY COMMUNITY HOSPITAL, WAVERELY MEDICAL CENTRE, STRANRAER",01387 244284,,,,,,,SCOTLAND,scotland,ods_scottish_gp_practice,RO227,SCOTTISH GP PRACTICE,"RO227,RO72",https://directory.spineservices.nhs.uk/ORD/2-0-0/organisations/S19149,2023-05-16,,,,,OOHSTR DG9 7DQ
LOCH REE PRACTICE,S18095,DG9 7DW,"WAVERLEY MEDICAL CENTRE, DALRYMPLE STREET, STRANRAER",01776 743932,,,,,,,SCOTLAND,scotland,ods_scottish_gp_practice,RO227,SCOTTISH GP PRACTICE,"RO227,RO76",https://directory.spineservices.nhs.uk/ORD/2-0-0/organisations/S18095,2022-08-24,4421,nhs_scotland_gp_practice_contact_details_and_list_sizes,https://www.opendata.nhs.scot/dataset/f23655c3-6e23-4103-a511-a80d998adb90/resource/ceddbf27-0686-4f4b-b9a2-0090d28c3864/download/practice_contact_details_20260101_opendata.csv,20260101,LOCH REE PRACTICE DG9 7DW
LOCHINCH PRACTICE,S18057,DG9 7DW,"WAVERLEY MEDICAL CENTRE, DALRYMPLE STREET, STRANRAER",01776 743935,,,,,,,SCOTLAND,scotland,ods_scottish_gp_practice,RO227,SCOTTISH GP PRACTICE,"RO227,RO76",https://directory.spineservices.nhs.uk/ORD/2-0-0/organisations/S18057,2022-08-24,3118,nhs_scotland_gp_practice_contact_details_and_list_sizes,https://www.opendata.nhs.scot/dataset/f23655c3-6e23-4103-a511-a80d998adb90/resource/ceddbf27-0686-4f4b-b9a2-0090d28c3864/download/practice_contact_details_20260101_opendata.csv,20260101,LOCHINCH PRACTICE DG9 7DW
LOCHNAW PRACTICE,S18593,DG9 7DW,"WAVERLEY MEDICAL CENTRE, DALRYMPLE STREET, STRANRAER",01776 743930,,,,,,,SCOTLAND,scotland,ods_scottish_gp_practice,RO227,SCOTTISH GP PRACTICE,"RO227,RO76",https://directory.spineservices.nhs.uk/ORD/2-0-0/organisations/S18593,2022-08-24,4371,nhs_scotland_gp_practice_contact_details_and_list_sizes,https://www.opendata.nhs.scot/dataset/f23655c3-6e23-4103-a511-a80d998adb90/resource/ceddbf27-0686-4f4b-b9a2-0090d28c3864/download/practice_contact_details_20260101_opendata.csv,20260101,LOCHNAW PRACTICE DG9 7DW
SANDHEAD SURGERY,S18574,DG9 9DP,"PIGGERY ROAD, SANDHEAD, STRANRAER",01776 830262,,,,,,,SCOTLAND,scotland,ods_scottish_gp_practice,RO227,SCOTTISH GP PRACTICE,"RO227,RO76",https://directory.spineservices.nhs.uk/ORD/2-0-0/organisations/S18574,2023-01-16,2625,nhs_scotland_gp_practice_contact_details_and_list_sizes,https://www.opendata.nhs.scot/dataset/f23655c3-6e23-4103-a511-a80d998adb90/resource/ceddbf27-0686-4f4b-b9a2-0090d28c3864/download/practice_contact_details_20260101_opendata.csv,20260101,SANDHEAD SURGERY DG9 9DP
MULL OF GALLOWAY PRACTICE,S18112,DG9 9QQ,"DRUMMORE, STRANRAER",01776 840205,,,,,,,SCOTLAND,scotland,ods_scottish_gp_practice,RO227,SCOTTISH GP PRACTICE,"RO227,RO76",https://directory.spineservices.nhs.uk/ORD/2-0-0/organisations/S18112,2023-01-16,731,nhs_scotland_gp_practice_contact_details_and_list_sizes,https://www.opendata.nhs.scot/dataset/f23655c3-6e23-4103-a511-a80d998adb90/resource/ceddbf27-0686-4f4b-b9a2-0090d28c3864/download/practice_contact_details_20260101_opendata.csv,20260101,MULL OF GALLOWAY PRACTICE DG9 9QQ
EDINBURGH ACCESS PRACTICE,S70963,EH1 1TQ,"THE ACCESS PLACE, 6 SOUTH GRAYS CLOSE, EDINBURGH",01315 295015,,,,,,,SCOTLAND,scotland,ods_scottish_gp_practice,RO227,SCOTTISH GP PRACTICE,"RO227,RO76",https://directory.spineservices.nhs.uk/ORD/2-0-0/organisations/S70963,2022-11-18,981,nhs_scotland_gp_practice_contact_details_and_list_sizes,https://www.opendata.nhs.scot/dataset/f23655c3-6e23-4103-a511-a80d998adb90/resource/ceddbf27-0686-4f4b-b9a2-0090d28c3864/download/practice_contact_details_20260101_opendata.csv,20260101,EDINBURGH ACCESS PRACTICE EH1 1TQ
PAN LOTHIAN NURSE AND HOSPICES,S71383,EH1 3EG,"NHS LOTHIAN, 2ND FLOOR, EDINBURGH",01314 464231,,,,,,,SCOTLAND,scotland,ods_scottish_gp_practice,RO227,SCOTTISH GP PRACTICE,"RO227,RO72",https://directory.spineservices.nhs.uk/ORD/2-0-0/organisations/S71383,2022-11-18,,,,,PAN LOTHIAN NURSE AND HOSPICES EH1 3EG
BRUNTSFIELD MEDICAL PRACTICE,S70323,EH10 4EY,"11 FORBES ROAD, EDINBURGH",01312 286081,,,,,,,SCOTLAND,scotland,ods_scottish_gp_practice,RO227,SCOTTISH GP PRACTICE,"RO227,RO76",https://directory.spineservices.nhs.uk/ORD/2-0-0/organisations/S70323,2022-11-18,12135,nhs_scotland_gp_practice_contact_details_and_list_sizes,https://www.opendata.nhs.scot/dataset/f23655c3-6e23-4103-a511-a80d998adb90/resource/ceddbf27-0686-4f4b-b9a2-0090d28c3864/download/practice_contact_details_20260101_opendata.csv,20260101,BRUNTSFIELD MEDICAL PRACTICE EH10 4EY
MORNINGSIDE MEDICAL PRACTICE,S70790,EH10 5ER,"2 MORNINGSIDE PLACE, EDINBURGH",01314 528406,,,,,,,SCOTLAND,scotland,ods_scottish_gp_practice,RO227,SCOTTISH GP PRACTICE,"RO227,RO76",https://directory.spineservices.nhs.uk/ORD/2-0-0/organisations/S70790,2022-11-18,9452,nhs_scotland_gp_practice_contact_details_and_list_sizes,https://www.opendata.nhs.scot/dataset/f23655c3-6e23-4103-a511-a80d998adb90/resource/ceddbf27-0686-4f4b-b9a2-0090d28c3864/download/practice_contact_details_20260101_opendata.csv,20260101,MORNINGSIDE MEDICAL PRACTICE EH10 5ER
CHALLENGING BEHAVIOUR GENERAL PRACTICE,S71171,EH10 5HF,"THE ANDREW DUNCAN CLINIC, ROYAL EDINBURGH HOSPITAL, EDINBURGH",01313 738000,,,,,,,SCOTLAND,scotland,ods_scottish_gp_practice,RO227,SCOTTISH GP PRACTICE,"RO227,RO76",https://directory.spineservices.nhs.uk/ORD/2-0-0/organisations/S71171,2023-01-17,14,nhs_scotland_gp_practice_contact_details_and_list_sizes,https://www.opendata.nhs.scot/dataset/f23655c3-6e23-4103-a511-a80d998adb90/resource/ceddbf27-0686-4f4b-b9a2-0090d28c3864/download/practice_contact_details_20260101_opendata.csv,20260101,CHALLENGING BEHAVIOUR GENERAL PRACTICE EH10 5HF
COMMUNITY PHARMACY PRESCRIBING,S79968,EH10 5HF,"PHARMACY OFFICE, MACKINNON HOUSE, EDINBURGH",01315 376679,,,,,,,SCOTLAND,scotland,ods_scottish_gp_practice,RO227,SCOTTISH GP PRACTICE,"RO227,RO72",https://directory.spineservices.nhs.uk/ORD/2-0-0/organisations/S79968,2022-11-18,,,,,COMMUNITY PHARMACY PRESCRIBING EH10 5HF
BRAIDS MEDICAL PRACTICE,S70075,EH10 6QT,"6 CAMUS AVENUE, EDINBURGH",01314 455999,,,,,,,SCOTLAND,scotland,ods_scottish_gp_practice,RO227,SCOTTISH GP PRACTICE,"RO227,RO76",https://directory.spineservices.nhs.uk/ORD/2-0-0/organisations/S70075,2022-11-18,10048,nhs_scotland_gp_practice_contact_details_and_list_sizes,https://www.opendata.nhs.scot/dataset/f23655c3-6e23-4103-a511-a80d998adb90/resource/ceddbf27-0686-4f4b-b9a2-0090d28c3864/download/practice_contact_details_20260101_opendata.csv,20260101,BRAIDS MEDICAL PRACTICE EH10 6QT
SPRINGWELL MEDICAL GROUP,S71082,EH11 2JL,"SPRINGWELL MEDICAL CENTRE, 39 ARDMILLAN TERRACE, EDINBURGH",01313 471860,,,,,,,SCOTLAND,scotland,ods_scottish_gp_practice,RO227,SCOTTISH GP PRACTICE,"RO227,RO76",https://directory.spineservices.nhs.uk/ORD/2-0-0/organisations/S71082,2022-08-24,11344,nhs_scotland_gp_practice_contact_details_and_list_sizes,https://www.opendata.nhs.scot/dataset/f23655c3-6e23-4103-a511-a80d998adb90/resource/ceddbf27-0686-4f4b-b9a2-0090d28c3864/download/practice_contact_details_20260101_opendata.csv,20260101,SPRINGWELL MEDICAL GROUP EH11 2JL
WHINPARK MEDICAL PRACTICE,S70253,EH11 3RA,"WHINPARK MEDICAL CENTRE, 6 SAUGHTON ROAD, EDINBURGH",01314 557999,,,,,,,SCOTLAND,scotland,ods_scottish_gp_practice,RO227,SCOTTISH GP PRACTICE,"RO227,RO76",https://directory.spineservices.nhs.uk/ORD/2-0-0/organisations/S70253,2022-11-18,12121,nhs_scotland_gp_practice_contact_details_and_list_sizes,https://www.opendata.nhs.scot/dataset/f23655c3-6e23-4103-a511-a80d998adb90/resource/ceddbf27-0686-4f4b-b9a2-0090d28c3864/download/practice_contact_details_20260101_opendata.csv,20260101,WHINPARK MEDICAL PRACTICE EH11 3RA
SIGHTHILL GREEN MEDICAL PRACTICE,S70911,EH11 4AU,"SIGHTHILL HEALTH CENTRE, CALDER ROAD, EDINBURGH",01312 025888,,,,,,,SCOTLAND,scotland,ods_scottish_gp_practice,RO227,SCOTTISH GP PRACTICE,"RO227,RO76",https://directory.spineservices.nhs.uk/ORD/2-0-0/organisations/S70911,2022-08-24,10288,nhs_scotland_gp_practice_contact_details_and_list_sizes,https://www.opendata.nhs.scot/dataset/f23655c3-6e23-4103-a511-a80d998adb90/resource/ceddbf27-0686-4f4b-b9a2-0090d28c3864/download/practice_contact_details_20260101_opendata.csv,20260101,SIGHTHILL GREEN MEDICAL PRACTICE EH11 4AU
SIGHTHILL RED MEDICAL PRACTICE,S70906,EH11 4AU,"SIGHTHILL HEALTH CENTRE, CALDER ROAD, EDINBURGH",01313 226559,,,,,,,SCOTLAND,scotland,ods_scottish_gp_practice,RO227,SCOTTISH GP PRACTICE,"RO227,RO76",https://directory.spineservices.nhs.uk/ORD/2-0-0/organisations/S70906,2022-11-18,3588,nhs_scotland_gp_practice_contact_details_and_list_sizes,https://www.opendata.nhs.scot/dataset/f23655c3-6e23-4103-a511-a80d998adb90/resource/ceddbf27-0686-4f4b-b9a2-0090d28c3864/download/practice_contact_details_20260101_opendata.csv,20260101,SIGHTHILL RED MEDICAL PRACTICE EH11 4AU
SWE LOCALITY CLINIC,S71261,EH11 4AU,"SIGHTHILL HEALTH CENTRE, CALDER ROAD, EDINBURGH",,,,,,,,SCOTLAND,scotland,ods_scottish_gp_practice,RO227,SCOTTISH GP PRACTICE,"RO227,RO72",https://directory.spineservices.nhs.uk/ORD/2-0-0/organisations/S71261,2022-08-18,,,,,SWE LOCALITY CLINIC EH11 4AU
MURRAYFIELD MEDICAL PRACTICE,S70501,EH12 5QX,"13B RIVERSDALE CRESCENT, EDINBURGH",01313 376151,,,,,,,SCOTLAND,scotland,ods_scottish_gp_practice,RO227,SCOTTISH GP PRACTICE,"RO227,RO76",https://directory.spineservices.nhs.uk/ORD/2-0-0/organisations/S70501,2022-11-18,7987,nhs_scotland_gp_practice_contact_details_and_list_sizes,https://www.opendata.nhs.scot/dataset/f23655c3-6e23-4103-a511-a80d998adb90/resource/ceddbf27-0686-4f4b-b9a2-0090d28c3864/download/practice_contact_details_20260101_opendata.csv,20260101,MURRAYFIELD MEDICAL PRACTICE EH12 5QX
MURRAYFIELD MEDICAL CENTRE,S71025,EH12 5SS,"35 SAUGHTON CRESCENT, EDINBURGH",01313 372166,,,,,,,SCOTLAND,scotland,ods_scottish_gp_practice,RO227,SCOTTISH GP PRACTICE,"RO227,RO76",https://directory.spineservices.nhs.uk/ORD/2-0-0/organisations/S71025,2022-11-18,7807,nhs_scotland_gp_practice_contact_details_and_list_sizes,https://www.opendata.nhs.scot/dataset/f23655c3-6e23-4103-a511-a80d998adb90/resource/ceddbf27-0686-4f4b-b9a2-0090d28c3864/download/practice_contact_details_20260101_opendata.csv,20260101,MURRAYFIELD MEDICAL CENTRE EH12 5SS
LADYWELL MEDICAL CENTRE (WEST),S70220,EH12 7TB,"LADYWELL ROAD, EDINBURGH",01313 343602,,,,,,,SCOTLAND,scotland,ods_scottish_gp_practice,RO227,SCOTTISH GP PRACTICE,"RO227,RO76",https://directory.spineservices.nhs.uk/ORD/2-0-0/organisations/S70220,2022-11-18,10355,nhs_scotland_gp_practice_contact_details_and_list_sizes,https://www.opendata.nhs.scot/dataset/f23655c3-6e23-4103-a511-a80d998adb90/resource/ceddbf27-0686-4f4b-b9a2-0090d28c3864/download/practice_contact_details_20260101_opendata.csv,20260101,LADYWELL MEDICAL CENTRE (WEST) EH12 7TB
LADYWELL MEDICAL CENTRE (EAST),S70361,EH12 7UN,"26 FEATHERHALL AVENUE, EDINBURGH",01313 345000,,,,,,,SCOTLAND,scotland,ods_scottish_gp_practice,RO227,SCOTTISH GP PRACTICE,"RO227,RO76",https://directory.spineservices.nhs.uk/ORD/2-0-0/organisations/S70361,2022-11-18,10615,nhs_scotland_gp_practice_contact_details_and_list_sizes,https://www.opendata.nhs.scot/dataset/f23655c3-6e23-4103-a511-a80d998adb90/resource/ceddbf27-0686-4f4b-b9a2-0090d28c3864/download/practice_contact_details_20260101_opendata.csv,20260101,LADYWELL MEDICAL CENTRE (EAST) EH12 7UN
BARCLAY MEDICAL PRACTICE EAST CRAIGS,S71434,EH12 8XP,"10 BUGHTLIN MARKET, EAST CRAIGS, EDINBURGH",01313 396670,,,,,,,SCOTLAND,scotland,ods_scottish_gp_practice,RO227,SCOTTISH GP PRACTICE,"RO227,RO76",https://directory.spineservices.nhs.uk/ORD/2-0-0/organisations/S71434,2022-11-18,13206,nhs_scotland_gp_practice_contact_details_and_list_sizes,https://www.opendata.nhs.scot/dataset/f23655c3-6e23-4103-a511-a80d998adb90/resource/ceddbf27-0686-4f4b-b9a2-0090d28c3864/download/practice_contact_details_20260101_opendata.csv,20260101,BARCLAY MEDICAL PRACTICE EAST CRAIGS EH12 8XP
COLINTON SURGERY,S70131,EH13 0LB,"296B COLINTON ROAD, EDINBURGH",01314 414555,,,,,,,SCOTLAND,scotland,ods_scottish_gp_practice,RO227,SCOTTISH GP PRACTICE,"RO227,RO76",https://directory.spineservices.nhs.uk/ORD/2-0-0/organisations/S70131,2022-11-18,12066,nhs_scotland_gp_practice_contact_details_and_list_sizes,https://www.opendata.nhs.scot/dataset/f23655c3-6e23-4103-a511-a80d998adb90/resource/ceddbf27-0686-4f4b-b9a2-0090d28c3864/download/practice_contact_details_20260101_opendata.csv,20260101,COLINTON SURGERY EH13 0LB
REDFORD BARRACKS MEDICAL CENTRE,S70061,EH13 0PP,"EDINBURGH MEDICAL CENTRE, COLINTON ROAD, EDINBURGH",01313 105476,,,,,,,SCOTLAND,scotland,ods_scottish_gp_practice,RO227,SCOTTISH GP PRACTICE,"RO227,RO72",https://directory.spineservices.nhs.uk/ORD/2-0-0/organisations/S70061,2022-11-18,,,,,REDFORD BARRACKS MEDICAL CENTRE EH13 0PP
CRAIGLOCKHART MEDICAL GROUP,S70610,EH13 9AF,"ALLERMUIR HEALTH CENTRE, 165 COLINTON MAINS DRIVE, EDINBURGH",01313 122140,,,,,,,SCOTLAND,scotland,ods_scottish_gp_practice,RO227,SCOTTISH GP PRACTICE,"RO227,RO76",https://directory.spineservices.nhs.uk/ORD/2-0-0/organisations/S70610,2022-08-24,9779,nhs_scotland_gp_practice_contact_details_and_list_sizes,https://www.opendata.nhs.scot/dataset/f23655c3-6e23-4103-a511-a80d998adb90/resource/ceddbf27-0686-4f4b-b9a2-0090d28c3864/download/practice_contact_details_20260101_opendata.csv,20260101,CRAIGLOCKHART MEDICAL GROUP EH13 9AF
FIRRHILL MEDICAL CENTRE,S71097,EH13 9AF,"ALLERMUIR HEALTH CENTRE, 165 COLINTON MAINS DRIVE, EDINBURGH",01314 413119,,,,,,,SCOTLAND,scotland,ods_scottish_gp_practice,RO227,SCOTTISH GP PRACTICE,"RO227,RO76",https://directory.spineservices.nhs.uk/ORD/2-0-0/organisations/S71097,2022-11-18,5709,nhs_scotland_gp_practice_contact_details_and_list_sizes,https://www.opendata.nhs.scot/dataset/f23655c3-6e23-4103-a511-a80d998adb90/resource/ceddbf27-0686-4f4b-b9a2-0090d28c3864/download/practice_contact_details_20260101_opendata.csv,20260101,FIRRHILL MEDICAL CENTRE EH13 9AF
SLATEFORD MEDICAL PRACTICE,S70997,EH14 1NQ,"27 GORGIE PARK CLOSE, EDINBURGH",01313 221930,,,,,,,SCOTLAND,scotland,ods_scottish_gp_practice,RO227,SCOTTISH GP PRACTICE,"RO227,RO76",https://directory.spineservices.nhs.uk/ORD/2-0-0/organisations/S70997,2022-11-18,10105,nhs_scotland_gp_practice_contact_details_and_list_sizes,https://www.opendata.nhs.scot/dataset/f23655c3-6e23-4103-a511-a80d998adb90/resource/ceddbf27-0686-4f4b-b9a2-0090d28c3864/download/practice_contact_details_20260101_opendata.csv,20260101,SLATEFORD MEDICAL PRACTICE EH14 1NQ
WESTER HAILES MEDICAL PRACTICE,S70978,EH14 3JF,"WESTER HAILES HEALTHY LIVING CENTRE, 30 HARVESTERS WAY, EDINBURGH",01312 973570,,,,,,,SCOTLAND,scotland,ods_scottish_gp_practice,RO227,SCOTTISH GP PRACTICE,"RO227,RO76",https://directory.spineservices.nhs.uk/ORD/2-0-0/organisations/S70978,2024-11-15,8278,nhs_scotland_gp_practice_contact_details_and_list_sizes,https://www.opendata.nhs.scot/dataset/f23655c3-6e23-4103-a511-a80d998adb90/resource/ceddbf27-0686-4f4b-b9a2-0090d28c3864/download/practice_contact_details_20260101_opendata.csv,20260101,WESTER HAILES MEDICAL PRACTICE EH14 3JF
RICCARTON GENERAL PRACTICE,S70925,EH14 4AS,"HERIOT-WATT UNIVERSITY MEDICAL CTR, RICCARTON, CURRIE",01314 513010,,,,,,,SCOTLAND,scotland,ods_scottish_gp_practice,RO227,SCOTTISH GP PRACTICE,"RO227,RO76",https://directory.spineservices.nhs.uk/ORD/2-0-0/organisations/S70925,2022-12-12,11128,nhs_scotland_gp_practice_contact_details_and_list_sizes,https://www.opendata.nhs.scot/dataset/f23655c3-6e23-4103-a511-a80d998adb90/resource/ceddbf27-0686-4f4b-b9a2-0090d28c3864/download/practice_contact_details_20260101_opendata.csv,20260101,RICCARTON GENERAL PRACTICE EH14 4AS
THE PENTLANDS MEDICAL PRACTICE,S70930,EH14 5QB,"PENTLAND MEDICAL CENTRE, 44 PENTLAND VIEW, CURRIE",01314 492142,,,,,,,SCOTLAND,scotland,ods_scottish_gp_practice,RO227,SCOTTISH GP PRACTICE,"RO227,RO76",https://directory.spineservices.nhs.uk/ORD/2-0-0/organisations/S70930,2022-11-18,13973,nhs_scotland_gp_practice_contact_details_and_list_sizes,https://www.opendata.nhs.scot/dataset/f23655c3-6e23-4103-a511-a80d998adb90/resource/ceddbf27-0686-4f4b-b9a2-0090d28c3864/download/practice_contact_details_20260101_opendata.csv,20260101,THE PENTLANDS MEDICAL PRACTICE EH14 5QB
DURHAM ROAD MEDICAL GROUP,S70605,EH15 1NY,"25 DURHAM ROAD, EDINBURGH",01316 691153,,,,,,,SCOTLAND,scotland,ods_scottish_gp_practice,RO227,SCOTTISH GP PRACTICE,"RO227,RO76",https://directory.spineservices.nhs.uk/ORD/2-0-0/organisations/S70605,2022-11-18,6075,nhs_scotland_gp_practice_contact_details_and_list_sizes,https://www.opendata.nhs.scot/dataset/f23655c3-6e23-4103-a511-a80d998adb90/resource/ceddbf27-0686-4f4b-b9a2-0090d28c3864/download/practice_contact_details_20260101_opendata.csv,20260101,DURHAM ROAD MEDICAL GROUP EH15 1NY
MILTON SURGERY,S70427,EH15 3LL,"132 MOUNTCASTLE DRIVE SOUTH, EDINBURGH",01315 497300,,,,,,,SCOTLAND,scotland,ods_scottish_gp_practice,RO227,SCOTTISH GP PRACTICE,"RO227,RO76",https://directory.spineservices.nhs.uk/ORD/2-0-0/organisations/S70427,2022-11-18,7680,nhs_scotland_gp_practice_contact_details_and_list_sizes,https://www.opendata.nhs.scot/dataset/f23655c3-6e23-4103-a511-a80d998adb90/resource/ceddbf27-0686-4f4b-b9a2-0090d28c3864/download/practice_contact_details_20260101_opendata.csv,20260101,MILTON SURGERY EH15 3LL
SOUTHFIELD MEDICAL PRACTICE,S70126,EH15 3LL,"132 MOUNTCASTLE DRIVE SOUTH, EDINBURGH",01315 497340,,,,,,,SCOTLAND,scotland,ods_scottish_gp_practice,RO227,SCOTTISH GP PRACTICE,"RO227,RO76",https://directory.spineservices.nhs.uk/ORD/2-0-0/organisations/S70126,2022-11-18,4880,nhs_scotland_gp_practice_contact_details_and_list_sizes,https://www.opendata.nhs.scot/dataset/f23655c3-6e23-4103-a511-a80d998adb90/resource/ceddbf27-0686-4f4b-b9a2-0090d28c3864/download/practice_contact_details_20260101_opendata.csv,20260101,SOUTHFIELD MEDICAL PRACTICE EH15 3LL
CRAIGMILLAR MEDICAL GROUP,S70215,EH16 4DT,"CRAIGMILLAR MEDICAL CENTRE, 106 NIDDRIE MAINS ROAD, EDINBURGH",01313 222111,,,,,,,SCOTLAND,scotland,ods_scottish_gp_practice,RO227,SCOTTISH GP PRACTICE,"RO227,RO76",https://directory.spineservices.nhs.uk/ORD/2-0-0/organisations/S70215,2022-08-24,11779,nhs_scotland_gp_practice_contact_details_and_list_sizes,https://www.opendata.nhs.scot/dataset/f23655c3-6e23-4103-a511-a80d998adb90/resource/ceddbf27-0686-4f4b-b9a2-0090d28c3864/download/practice_contact_details_20260101_opendata.csv,20260101,CRAIGMILLAR MEDICAL GROUP EH16 4DT
NIDDRIE MEDICAL PRACTICE,S70198,EH16 4DT,"CRAIGMILLAR MEDICAL CENTRE, 106 NIDDRIE MAINS ROAD, EDINBURGH",01316 522004,,,,,,,SCOTLAND,scotland,ods_scottish_gp_practice,RO227,SCOTTISH GP PRACTICE,"RO227,RO76",https://directory.spineservices.nhs.uk/ORD/2-0-0/organisations/S70198,2022-08-24,4889,nhs_scotland_gp_practice_contact_details_and_list_sizes,https://www.opendata.nhs.scot/dataset/f23655c3-6e23-4103-a511-a80d998adb90/resource/ceddbf27-0686-4f4b-b9a2-0090d28c3864/download/practice_contact_details_20260101_opendata.csv,20260101,NIDDRIE MEDICAL PRACTICE EH16 4DT
LUCS RIE,S71218,EH16 4SA,"ROYAL INFIRMARY OF EDINBURGH, 51 LITTLE FRANCE CRESCENT, EDINBURGH",,,,,,,,SCOTLAND,scotland,ods_scottish_gp_practice,RO227,SCOTTISH GP PRACTICE,"RO227,RO76",https://directory.spineservices.nhs.uk/ORD/2-0-0/organisations/S71218,2022-10-06,,,,,LUCS RIE EH16 4SA
INCHPARK SURGERY,S70291,EH16 5QU,"10 MARMION CRESCENT, EDINBURGH",01316 662121,,,,,,,SCOTLAND,scotland,ods_scottish_gp_practice,RO227,SCOTTISH GP PRACTICE,"RO227,RO76",https://directory.spineservices.nhs.uk/ORD/2-0-0/organisations/S70291,2022-11-18,6373,nhs_scotland_gp_practice_contact_details_and_list_sizes,https://www.opendata.nhs.scot/dataset/f23655c3-6e23-4103-a511-a80d998adb90/resource/ceddbf27-0686-4f4b-b9a2-0090d28c3864/download/practice_contact_details_20260101_opendata.csv,20260101,INCHPARK SURGERY EH16 5QU
BRAEFOOT MEDICAL PRACTICE,S70893,EH16 5TY,"CONAN DOYLE MEDICAL CENTRE, 4 NETHER LIBERTON LANE, EDINBURGH",01316 672240,,,,,,,SCOTLAND,scotland,ods_scottish_gp_practice,RO227,SCOTTISH GP PRACTICE,"RO227,RO76",https://directory.spineservices.nhs.uk/ORD/2-0-0/organisations/S70893,2022-11-18,7063,nhs_scotland_gp_practice_contact_details_and_list_sizes,https://www.opendata.nhs.scot/dataset/f23655c3-6e23-4103-a511-a80d998adb90/resource/ceddbf27-0686-4f4b-b9a2-0090d28c3864/download/practice_contact_details_20260101_opendata.csv,20260101,BRAEFOOT MEDICAL PRACTICE EH16 5TY
DR A COMISKEY AND PARTNERS,S70639,EH16 5TY,"CONAN DOYLE MEDICAL CENTRE, 4 NETHER LIBERTON LANE, EDINBURGH",01316 665160,,,,,,,SCOTLAND,scotland,ods_scottish_gp_practice,RO227,SCOTTISH GP PRACTICE,"RO227,RO76",https://directory.spineservices.nhs.uk/ORD/2-0-0/organisations/S70639,2022-11-18,11919,nhs_scotland_gp_practice_contact_details_and_list_sizes,https://www.opendata.nhs.scot/dataset/f23655c3-6e23-4103-a511-a80d998adb90/resource/ceddbf27-0686-4f4b-b9a2-0090d28c3864/download/practice_contact_details_20260101_opendata.csv,20260101,DR A COMISKEY AND PARTNERS EH16 5TY
LIBERTON MEDICAL GROUP,S70376,EH16 6JT,"65 LIBERTON GARDENS, EDINBURGH",01316 643050,,,,,,,SCOTLAND,scotland,ods_scottish_gp_practice,RO227,SCOTTISH GP PRACTICE,"RO227,RO76",https://directory.spineservices.nhs.uk/ORD/2-0-0/organisations/S70376,2022-11-18,7627,nhs_scotland_gp_practice_contact_details_and_list_sizes,https://www.opendata.nhs.scot/dataset/f23655c3-6e23-4103-a511-a80d998adb90/resource/ceddbf27-0686-4f4b-b9a2-0090d28c3864/download/practice_contact_details_20260101_opendata.csv,20260101,LIBERTON MEDICAL GROUP EH16 6JT
FERNIEHILL SURGERY,S70164,EH17 7AB,"8 FERNIEHILL ROAD, EDINBURGH",01316 642166,,,,,,,SCOTLAND,scotland,ods_scottish_gp_practice,RO227,SCOTTISH GP PRACTICE,"RO227,RO76",https://directory.spineservices.nhs.uk/ORD/2-0-0/organisations/S70164,2022-11-18,6925,nhs_scotland_gp_practice_contact_details_and_list_sizes,https://www.opendata.nhs.scot/dataset/f23655c3-6e23-4103-a511-a80d998adb90/resource/ceddbf27-0686-4f4b-b9a2-0090d28c3864/download/practice_contact_details_20260101_opendata.csv,20260101,FERNIEHILL SURGERY EH17 7AB
THE SOUTHERN MEDICAL GROUP,S70588,EH17 7PR,"322 GILMERTON ROAD, EDINBURGH",01316 642148,,,,,,,SCOTLAND,scotland,ods_scottish_gp_practice,RO227,SCOTTISH GP PRACTICE,"RO227,RO76",https://directory.spineservices.nhs.uk/ORD/2-0-0/organisations/S70588,2022-11-18,8246,nhs_scotland_gp_practice_contact_details_and_list_sizes,https://www.opendata.nhs.scot/dataset/f23655c3-6e23-4103-a511-a80d998adb90/resource/ceddbf27-0686-4f4b-b9a2-0090d28c3864/download/practice_contact_details_20260101_opendata.csv,20260101,THE SOUTHERN MEDICAL GROUP EH17 7PR
DALHOUSIE MEDICAL PRACTICE,S77055,EH19 2ET,"THE HEALTH CENTRE, 109-111 HIGH STREET, BONNYRIGG",01313 703999,,,,,,,SCOTLAND,scotland,ods_scottish_gp_practice,RO227,SCOTTISH GP PRACTICE,"RO227,RO76",https://directory.spineservices.nhs.uk/ORD/2-0-0/organisations/S77055,2022-08-24,9572,nhs_scotland_gp_practice_contact_details_and_list_sizes,https://www.opendata.nhs.scot/dataset/f23655c3-6e23-4103-a511-a80d998adb90/resource/ceddbf27-0686-4f4b-b9a2-0090d28c3864/download/practice_contact_details_20260101_opendata.csv,20260101,DALHOUSIE MEDICAL PRACTICE EH19 2ET
QUARRYFOOT PRACTICE,S77074,EH19 2ET,"HEALTH CENTRE, 109-111 HIGH STREET, BONNYRIGG",01313 703939,,,,,,,SCOTLAND,scotland,ods_scottish_gp_practice,RO227,SCOTTISH GP PRACTICE,"RO227,RO76",https://directory.spineservices.nhs.uk/ORD/2-0-0/organisations/S77074,2022-08-24,5424,nhs_scotland_gp_practice_contact_details_and_list_sizes,https://www.opendata.nhs.scot/dataset/f23655c3-6e23-4103-a511-a80d998adb90/resource/ceddbf27-0686-4f4b-b9a2-0090d28c3864/download/practice_contact_details_20260101_opendata.csv,20260101,QUARRYFOOT PRACTICE EH19 2ET
STRATHESK MEDICAL GROUP,S77271,EH19 2ET,"HEALTH CENTRE, 109-111 HIGH STREET, BONNYRIGG",01313 229333,,,,,,,SCOTLAND,scotland,ods_scottish_gp_practice,RO227,SCOTTISH GP PRACTICE,"RO227,RO76",https://directory.spineservices.nhs.uk/ORD/2-0-0/organisations/S77271,2022-08-24,8311,nhs_scotland_gp_practice_contact_details_and_list_sizes,https://www.opendata.nhs.scot/dataset/f23655c3-6e23-4103-a511-a80d998adb90/resource/ceddbf27-0686-4f4b-b9a2-0090d28c3864/download/practice_contact_details_20260101_opendata.csv,20260101,STRATHESK MEDICAL GROUP EH19 2ET
LOANHEAD MEDICAL PRACTICE,S77286,EH20 9LA,"LOANHEAD CENTRE, GEORGE AVENUE, LOANHEAD",01314 400149,,,,,,,SCOTLAND,scotland,ods_scottish_gp_practice,RO227,SCOTTISH GP PRACTICE,"RO227,RO76",https://directory.spineservices.nhs.uk/ORD/2-0-0/organisations/S77286,2022-11-18,6832,nhs_scotland_gp_practice_contact_details_and_list_sizes,https://www.opendata.nhs.scot/dataset/f23655c3-6e23-4103-a511-a80d998adb90/resource/ceddbf27-0686-4f4b-b9a2-0090d28c3864/download/practice_contact_details_20260101_opendata.csv,20260101,LOANHEAD MEDICAL PRACTICE EH20 9LA
COLLABORATIVE WORKING FOR IMMEDIATE CARE SERVICES,S76250,EH21 7BP,"MUSSELBURGH PRIMARY CARE CENTRE, INVERESK ROAD, MUSSELBURGH",01314 464270,,,,,,,SCOTLAND,scotland,ods_scottish_gp_practice,RO227,SCOTTISH GP PRACTICE,"RO227,RO72",https://directory.spineservices.nhs.uk/ORD/2-0-0/organisations/S76250,2022-11-18,,,,,COLLABORATIVE WORKING FOR IMMEDIATE CARE SERVICES EH21 7BP
INVERESK MEDICAL PRACTICE,S76141,EH21 7BP,"MUSSELBURGH PRIMARY CARE CENTRE, INVERESK ROAD, MUSSELBURGH",01314 464003,,,,,,,SCOTLAND,scotland,ods_scottish_gp_practice,RO227,SCOTTISH GP PRACTICE,"RO227,RO76",https://directory.spineservices.nhs.uk/ORD/2-0-0/organisations/S76141,2022-11-18,11606,nhs_scotland_gp_practice_contact_details_and_list_sizes,https://www.opendata.nhs.scot/dataset/f23655c3-6e23-4103-a511-a80d998adb90/resource/ceddbf27-0686-4f4b-b9a2-0090d28c3864/download/practice_contact_details_20260101_opendata.csv,20260101,INVERESK MEDICAL PRACTICE EH21 7BP
RIVERSIDE MEDICAL PRACTICE LLP,S76033,EH21 7BP,"MUSSELBURGH PRIMARY CARE CENTRE, INVERESK ROAD, MUSSELBURGH",03007 906266,,,,,,,SCOTLAND,scotland,ods_scottish_gp_practice,RO227,SCOTTISH GP PRACTICE,"RO227,RO76",https://directory.spineservices.nhs.uk/ORD/2-0-0/organisations/S76033,2022-08-24,20373,nhs_scotland_gp_practice_contact_details_and_list_sizes,https://www.opendata.nhs.scot/dataset/f23655c3-6e23-4103-a511-a80d998adb90/resource/ceddbf27-0686-4f4b-b9a2-0090d28c3864/download/practice_contact_details_20260101_opendata.csv,20260101,RIVERSIDE MEDICAL PRACTICE LLP EH21 7BP
DALKEITH MEDICAL PRACTICE,S77197,EH22 1AP,"THE HEALTH CENTRE, 24-26 ST ANDREW STREET, DALKEITH",01315 615500,,,,,,,SCOTLAND,scotland,ods_scottish_gp_practice,RO227,SCOTTISH GP PRACTICE,"RO227,RO76",https://directory.spineservices.nhs.uk/ORD/2-0-0/organisations/S77197,2022-12-09,10794,nhs_scotland_gp_practice_contact_details_and_list_sizes,https://www.opendata.nhs.scot/dataset/f23655c3-6e23-4103-a511-a80d998adb90/resource/ceddbf27-0686-4f4b-b9a2-0090d28c3864/download/practice_contact_details_20260101_opendata.csv,20260101,DALKEITH MEDICAL PRACTICE EH22 1AP
LUCS BONNYRIGG,S77252,EH22 3ND,"MIDLOTHIAN COMMUNITY HOSPITAL, 70 ESKBANK ROAD, DALKEITH",,,,,,,,SCOTLAND,scotland,ods_scottish_gp_practice,RO227,SCOTTISH GP PRACTICE,"RO227,RO76",https://directory.spineservices.nhs.uk/ORD/2-0-0/organisations/S77252,2022-10-06,,,,,LUCS BONNYRIGG EH22 3ND
NEWBATTLE MEDICAL PRACTICE,S77106,EH22 4AA,"BLACKCOT, MAYFIELD, DALKEITH",01316 631051,,,,,,,SCOTLAND,scotland,ods_scottish_gp_practice,RO227,SCOTTISH GP PRACTICE,"RO227,RO76",https://directory.spineservices.nhs.uk/ORD/2-0-0/organisations/S77106,2022-12-12,24005,nhs_scotland_gp_practice_contact_details_and_list_sizes,https://www.opendata.nhs.scot/dataset/f23655c3-6e23-4103-a511-a80d998adb90/resource/ceddbf27-0686-4f4b-b9a2-0090d28c3864/download/practice_contact_details_20260101_opendata.csv,20260101,NEWBATTLE MEDICAL PRACTICE EH22 4AA
NEWBYRES MEDICAL GROUP,S77159,EH23 4TP,"15 HUNTERFIELD ROAD, GOREBRIDGE",01875 820405,,,,,,,SCOTLAND,scotland,ods_scottish_gp_practice,RO227,SCOTTISH GP PRACTICE,"RO227,RO76",https://directory.spineservices.nhs.uk/ORD/2-0-0/organisations/S77159,2022-08-18,8321,nhs_scotland_gp_practice_contact_details_and_list_sizes,https://www.opendata.nhs.scot/dataset/f23655c3-6e23-4103-a511-a80d998adb90/resource/ceddbf27-0686-4f4b-b9a2-0090d28c3864/download/practice_contact_details_20260101_opendata.csv,20260101,NEWBYRES MEDICAL GROUP EH23 4TP
ROSLIN MEDICAL PRACTICE,S77093,EH25 9NT,"122 PENICUIK ROAD, ROSLIN",01314 402043,,,,,,,SCOTLAND,scotland,ods_scottish_gp_practice,RO227,SCOTTISH GP PRACTICE,"RO227,RO76",https://directory.spineservices.nhs.uk/ORD/2-0-0/organisations/S77093,2022-11-18,8431,nhs_scotland_gp_practice_contact_details_and_list_sizes,https://www.opendata.nhs.scot/dataset/f23655c3-6e23-4103-a511-a80d998adb90/resource/ceddbf27-0686-4f4b-b9a2-0090d28c3864/download/practice_contact_details_20260101_opendata.csv,20260101,ROSLIN MEDICAL PRACTICE EH25 9NT
EASTFIELD MEDICAL PRACTICE,S77036,EH26 8EZ,"EASTFIELD FARM ROAD, PENICUIK",01968 675576,,,,,,,SCOTLAND,scotland,ods_scottish_gp_practice,RO227,SCOTTISH GP PRACTICE,"RO227,RO76",https://directory.spineservices.nhs.uk/ORD/2-0-0/organisations/S77036,2022-08-18,6797,nhs_scotland_gp_practice_contact_details_and_list_sizes,https://www.opendata.nhs.scot/dataset/f23655c3-6e23-4103-a511-a80d998adb90/resource/ceddbf27-0686-4f4b-b9a2-0090d28c3864/download/practice_contact_details_20260101_opendata.csv,20260101,EASTFIELD MEDICAL PRACTICE EH26 8EZ
PENICUIK MEDICAL PRACTICE,S77111,EH26 8LF,"THE HEALTH CENTRE, 37 IMRIE PLACE, PENICUIK",01968 672612,,,,,,,SCOTLAND,scotland,ods_scottish_gp_practice,RO227,SCOTTISH GP PRACTICE,"RO227,RO76",https://directory.spineservices.nhs.uk/ORD/2-0-0/organisations/S77111,2022-08-18,11784,nhs_scotland_gp_practice_contact_details_and_list_sizes,https://www.opendata.nhs.scot/dataset/f23655c3-6e23-4103-a511-a80d998adb90/resource/ceddbf27-0686-4f4b-b9a2-0090d28c3864/download/practice_contact_details_20260101_opendata.csv,20260101,PENICUIK MEDICAL PRACTICE EH26 8LF
RATHO MEDICAL PRACTICE,S71420,EH28 8RH,"14A WILKIESTON ROAD, RATHO, NEWBRIDGE",01313 330600,,,,,,,SCOTLAND,scotland,ods_scottish_gp_practice,RO227,SCOTTISH GP PRACTICE,"RO227,RO76",https://directory.spineservices.nhs.uk/ORD/2-0-0/organisations/S71420,2022-11-18,3405,nhs_scotland_gp_practice_contact_details_and_list_sizes,https://www.opendata.nhs.scot/dataset/f23655c3-6e23-4103-a511-a80d998adb90/resource/ceddbf27-0686-4f4b-b9a2-0090d28c3864/download/practice_contact_details_20260101_opendata.csv,20260101,RATHO MEDICAL PRACTICE EH28 8RH
ALMOND GROUP PRACTICE,S78359,EH29 9AS,"KIRKLISTON HEALTH CENTRE, 50 THE GLEBE, KIRKLISTON",01506 890210,,,,,,,SCOTLAND,scotland,ods_scottish_gp_practice,RO227,SCOTTISH GP PRACTICE,"RO227,RO76",https://directory.spineservices.nhs.uk/ORD/2-0-0/organisations/S78359,2022-10-06,12906,nhs_scotland_gp_practice_contact_details_and_list_sizes,https://www.opendata.nhs.scot/dataset/f23655c3-6e23-4103-a511-a80d998adb90/resource/ceddbf27-0686-4f4b-b9a2-0090d28c3864/download/practice_contact_details_20260101_opendata.csv,20260101,ALMOND GROUP PRACTICE EH29 9AS
THE GROUP PRACTICE - EYRE,S71326,EH3 5EU,"31 EYRE CRESCENT, EDINBURGH",01315 568842,,,,,,,SCOTLAND,scotland,ods_scottish_gp_practice,RO227,SCOTTISH GP PRACTICE,"RO227,RO76",https://directory.spineservices.nhs.uk/ORD/2-0-0/organisations/S71326,2022-11-18,10449,nhs_scotland_gp_practice_contact_details_and_list_sizes,https://www.opendata.nhs.scot/dataset/f23655c3-6e23-4103-a511-a80d998adb90/resource/ceddbf27-0686-4f4b-b9a2-0090d28c3864/download/practice_contact_details_20260101_opendata.csv,20260101,THE GROUP PRACTICE - EYRE EH3 5EU
DR THYNE & PARTNERS,S70408,EH3 6EH,"STOCKBRIDGE HEALTH CENTRE, 1 INDIA PLACE, EDINBURGH",01312 259191,,,,,,,SCOTLAND,scotland,ods_scottish_gp_practice,RO227,SCOTTISH GP PRACTICE,"RO227,RO76",https://directory.spineservices.nhs.uk/ORD/2-0-0/organisations/S70408,2022-11-18,9484,nhs_scotland_gp_practice_contact_details_and_list_sizes,https://www.opendata.nhs.scot/dataset/f23655c3-6e23-4103-a511-a80d998adb90/resource/ceddbf27-0686-4f4b-b9a2-0090d28c3864/download/practice_contact_details_20260101_opendata.csv,20260101,DR THYNE & PARTNERS EH3 6EH
THE GREEN PRACTICE,S70094,EH3 6EH,"STOCKBRIDGE HEALTH CENTRE, 1 INDIA PLACE, EDINBURGH",01312 609227,,,,,,,SCOTLAND,scotland,ods_scottish_gp_practice,RO227,SCOTTISH GP PRACTICE,"RO227,RO76",https://directory.spineservices.nhs.uk/ORD/2-0-0/organisations/S70094,2022-11-18,10536,nhs_scotland_gp_practice_contact_details_and_list_sizes,https://www.opendata.nhs.scot/dataset/f23655c3-6e23-4103-a511-a80d998adb90/resource/ceddbf27-0686-4f4b-b9a2-0090d28c3864/download/practice_contact_details_20260101_opendata.csv,20260101,THE GREEN PRACTICE EH3 6EH
WEST END MEDICAL PRACTICE,S70319,EH3 7EB,"36 MANOR PLACE, EDINBURGH",01312 255220,,,,,,,SCOTLAND,scotland,ods_scottish_gp_practice,RO227,SCOTTISH GP PRACTICE,"RO227,RO76",https://directory.spineservices.nhs.uk/ORD/2-0-0/organisations/S70319,2022-11-18,11590,nhs_scotland_gp_practice_contact_details_and_list_sizes,https://www.opendata.nhs.scot/dataset/f23655c3-6e23-4103-a511-a80d998adb90/resource/ceddbf27-0686-4f4b-b9a2-0090d28c3864/download/practice_contact_details_20260101_opendata.csv,20260101,WEST END MEDICAL PRACTICE EH3 7EB
MEADOWS MEDICAL PRACTICE,S70451,EH3 9HW,"9 BROUGHAM PLACE, EDINBURGH",01312 297709,,,,,,,SCOTLAND,scotland,ods_scottish_gp_practice,RO227,SCOTTISH GP PRACTICE,"RO227,RO76",https://directory.spineservices.nhs.uk/ORD/2-0-0/organisations/S70451,2022-11-18,6985,nhs_scotland_gp_practice_contact_details_and_list_sizes,https://www.opendata.nhs.scot/dataset/f23655c3-6e23-4103-a511-a80d998adb90/resource/ceddbf27-0686-4f4b-b9a2-0090d28c3864/download/practice_contact_details_20260101_opendata.csv,20260101,MEADOWS MEDICAL PRACTICE EH3 9HW
GILMORE MEDICAL PRACTICE,S71222,EH3 9QQ,"TOLLCROSS HEALTH CENTRE, PONTON STREET, EDINBURGH",01315 369800,,,,,,,SCOTLAND,scotland,ods_scottish_gp_practice,RO227,SCOTTISH GP PRACTICE,"RO227,RO76",https://directory.spineservices.nhs.uk/ORD/2-0-0/organisations/S71222,2022-11-18,12707,nhs_scotland_gp_practice_contact_details_and_list_sizes,https://www.opendata.nhs.scot/dataset/f23655c3-6e23-4103-a511-a80d998adb90/resource/ceddbf27-0686-4f4b-b9a2-0090d28c3864/download/practice_contact_details_20260101_opendata.csv,20260101,GILMORE MEDICAL PRACTICE EH3 9QQ
LEVEN MEDICAL PRACTICE,S70107,EH3 9QQ,"TOLLCROSS HEALTH CENTRE, PONTON STREET, EDINBURGH",01315 369700,,,,,,,SCOTLAND,scotland,ods_scottish_gp_practice,RO227,SCOTTISH GP PRACTICE,"RO227,RO76",https://directory.spineservices.nhs.uk/ORD/2-0-0/organisations/S70107,2022-11-18,6897,nhs_scotland_gp_practice_contact_details_and_list_sizes,https://www.opendata.nhs.scot/dataset/f23655c3-6e23-4103-a511-a80d998adb90/resource/ceddbf27-0686-4f4b-b9a2-0090d28c3864/download/practice_contact_details_20260101_opendata.csv,20260101,LEVEN MEDICAL PRACTICE EH3 9QQ
SOUTH QUEENSFERRY MEDICAL PRACTICE,S78171,EH30 9HA,"41 THE LOAN, SOUTH QUEENSFERRY",01315 374407,,,,,,,SCOTLAND,scotland,ods_scottish_gp_practice,RO227,SCOTTISH GP PRACTICE,"RO227,RO76",https://directory.spineservices.nhs.uk/ORD/2-0-0/organisations/S78171,2022-11-18,13043,nhs_scotland_gp_practice_contact_details_and_list_sizes,https://www.opendata.nhs.scot/dataset/f23655c3-6e23-4103-a511-a80d998adb90/resource/ceddbf27-0686-4f4b-b9a2-0090d28c3864/download/practice_contact_details_20260101_opendata.csv,20260101,SOUTH QUEENSFERRY MEDICAL PRACTICE EH30 9HA
GULLANE MEDICAL PRACTICE,S76029,EH31 2HP,"GULLANE MEDICAL CENTRE, HAMILTON ROAD, GULLANE",01620 842171,,,,,,,SCOTLAND,scotland,ods_scottish_gp_practice,RO227,SCOTTISH GP PRACTICE,"RO227,RO76",https://directory.spineservices.nhs.uk/ORD/2-0-0/organisations/S76029,2022-08-18,6186,nhs_scotland_gp_practice_contact_details_and_list_sizes,https://www.opendata.nhs.scot/dataset/f23655c3-6e23-4103-a511-a80d998adb90/resource/ceddbf27-0686-4f4b-b9a2-0090d28c3864/download/practice_contact_details_20260101_opendata.csv,20260101,GULLANE MEDICAL PRACTICE EH31 2HP
THE HARBOURS MEDICAL PRACTICE,S76052,EH32 0JU,"THE HEALTH CENTRE, AVENUE ROAD, PRESTONPANS",03007 906244,,,,,,,SCOTLAND,scotland,ods_scottish_gp_practice,RO227,SCOTTISH GP PRACTICE,"RO227,RO76",https://directory.spineservices.nhs.uk/ORD/2-0-0/organisations/S76052,2022-08-24,10113,nhs_scotland_gp_practice_contact_details_and_list_sizes,https://www.opendata.nhs.scot/dataset/f23655c3-6e23-4103-a511-a80d998adb90/resource/ceddbf27-0686-4f4b-b9a2-0090d28c3864/download/practice_contact_details_20260101_opendata.csv,20260101,THE HARBOURS MEDICAL PRACTICE EH32 0JU
PRESTONPANS GROUP PRACTICE,S76122,EH32 9QS,"PRESTONPANS HEALTH CENTRE, PRESTON ROAD, PRESTONPANS",01875 810736,,,,,,,SCOTLAND,scotland,ods_scottish_gp_practice,RO227,SCOTTISH GP PRACTICE,"RO227,RO76",https://directory.spineservices.nhs.uk/ORD/2-0-0/organisations/S76122,2022-08-18,10282,nhs_scotland_gp_practice_contact_details_and_list_sizes,https://www.opendata.nhs.scot/dataset/f23655c3-6e23-4103-a511-a80d998adb90/resource/ceddbf27-0686-4f4b-b9a2-0090d28c3864/download/practice_contact_details_20260101_opendata.csv,20260101,PRESTONPANS GROUP PRACTICE EH32 9QS
TRANENT MEDICAL PRACTICE LLP,S76226,EH33 2JX,"TRANENT HEALTH CENTRE, LOCH ROAD, TRANENT",03007 906277,,,,,,,SCOTLAND,scotland,ods_scottish_gp_practice,RO227,SCOTTISH GP PRACTICE,"RO227,RO76",https://directory.spineservices.nhs.uk/ORD/2-0-0/organisations/S76226,2025-04-22,14253,nhs_scotland_gp_practice_contact_details_and_list_sizes,https://www.opendata.nhs.scot/dataset/f23655c3-6e23-4103-a511-a80d998adb90/resource/ceddbf27-0686-4f4b-b9a2-0090d28c3864/download/practice_contact_details_20260101_opendata.csv,20260101,TRANENT MEDICAL PRACTICE LLP EH33 2JX
ORMISTON MEDICAL PRACTICE,S76211,EH35 5AB,"TYNEMOUNT ROAD, ORMISTON, TRANENT",01875 610248,,,,,,,SCOTLAND,scotland,ods_scottish_gp_practice,RO227,SCOTTISH GP PRACTICE,"RO227,RO76",https://directory.spineservices.nhs.uk/ORD/2-0-0/organisations/S76211,2022-12-12,4432,nhs_scotland_gp_practice_contact_details_and_list_sizes,https://www.opendata.nhs.scot/dataset/f23655c3-6e23-4103-a511-a80d998adb90/resource/ceddbf27-0686-4f4b-b9a2-0090d28c3864/download/practice_contact_details_20260101_opendata.csv,20260101,ORMISTON MEDICAL PRACTICE EH35 5AB
PATHHEAD MEDICAL PRACTICE,S77125,EH37 5PP,"PATHHEAD MEDICAL CENTRE, 210 MAIN STREET, PATHHEAD",01875 320302,,,,,,,SCOTLAND,scotland,ods_scottish_gp_practice,RO227,SCOTTISH GP PRACTICE,"RO227,RO76",https://directory.spineservices.nhs.uk/ORD/2-0-0/organisations/S77125,2022-08-18,6427,nhs_scotland_gp_practice_contact_details_and_list_sizes,https://www.opendata.nhs.scot/dataset/f23655c3-6e23-4103-a511-a80d998adb90/resource/ceddbf27-0686-4f4b-b9a2-0090d28c3864/download/practice_contact_details_20260101_opendata.csv,20260101,PATHHEAD MEDICAL PRACTICE EH37 5PP
NORTH BERWICK GROUP PRACTICE,S76137,EH39 4PU,"NORTH BERWICK HEALTH CENTRE, 54 ST BALDRED'S ROAD, NORTH BERWICK",01620 892169,,,,,,,SCOTLAND,scotland,ods_scottish_gp_practice,RO227,SCOTTISH GP PRACTICE,"RO227,RO76",https://directory.spineservices.nhs.uk/ORD/2-0-0/organisations/S76137,2022-10-06,9666,nhs_scotland_gp_practice_contact_details_and_list_sizes,https://www.opendata.nhs.scot/dataset/f23655c3-6e23-4103-a511-a80d998adb90/resource/ceddbf27-0686-4f4b-b9a2-0090d28c3864/download/practice_contact_details_20260101_opendata.csv,20260101,NORTH BERWICK GROUP PRACTICE EH39 4PU
LUCS WESTERN GENERAL HOSPITAL,S71203,EH4 2XU,"4TH FLOOR OUT PATIENT DEPARTMENT, WESTERN GENERAL HOSPITAL, EDINBURGH",,,,,,,,SCOTLAND,scotland,ods_scottish_gp_practice,RO227,SCOTTISH GP PRACTICE,"RO227,RO76",https://directory.spineservices.nhs.uk/ORD/2-0-0/organisations/S71203,2022-08-18,,,,,LUCS WESTERN GENERAL HOSPITAL EH4 2XU
BLACKHALL MEDICAL CENTRE,S70535,EH4 3TH,"49-51 HILLHOUSE ROAD, EDINBURGH",01313 327696,,,,,,,SCOTLAND,scotland,ods_scottish_gp_practice,RO227,SCOTTISH GP PRACTICE,"RO227,RO76",https://directory.spineservices.nhs.uk/ORD/2-0-0/organisations/S70535,2023-01-17,6699,nhs_scotland_gp_practice_contact_details_and_list_sizes,https://www.opendata.nhs.scot/dataset/f23655c3-6e23-4103-a511-a80d998adb90/resource/ceddbf27-0686-4f4b-b9a2-0090d28c3864/download/practice_contact_details_20260101_opendata.csv,20260101,BLACKHALL MEDICAL CENTRE EH4 3TH
MUIRHOUSE MEDICAL GROUP,S70662,EH4 4PL,"MUIRHOUSE MEDICAL CENTRE, 1 MUIRHOUSE AVENUE, EDINBURGH",01312 024444,,,,,,,SCOTLAND,scotland,ods_scottish_gp_practice,RO227,SCOTTISH GP PRACTICE,"RO227,RO76",https://directory.spineservices.nhs.uk/ORD/2-0-0/organisations/S70662,2022-08-24,20182,nhs_scotland_gp_practice_contact_details_and_list_sizes,https://www.opendata.nhs.scot/dataset/f23655c3-6e23-4103-a511-a80d998adb90/resource/ceddbf27-0686-4f4b-b9a2-0090d28c3864/download/practice_contact_details_20260101_opendata.csv,20260101,MUIRHOUSE MEDICAL GROUP EH4 4PL
DAVIDSON'S MAINS MEDICAL CENTRE,S70709,EH4 5BP,"5 QUALITY STREET, DAVIDSONS MAINS, EDINBURGH",01313 362291,,,,,,,SCOTLAND,scotland,ods_scottish_gp_practice,RO227,SCOTTISH GP PRACTICE,"RO227,RO76",https://directory.spineservices.nhs.uk/ORD/2-0-0/organisations/S70709,2022-11-18,6334,nhs_scotland_gp_practice_contact_details_and_list_sizes,https://www.opendata.nhs.scot/dataset/f23655c3-6e23-4103-a511-a80d998adb90/resource/ceddbf27-0686-4f4b-b9a2-0090d28c3864/download/practice_contact_details_20260101_opendata.csv,20260101,DAVIDSON'S MAINS MEDICAL CENTRE EH4 5BP
CRAMOND MEDICAL PRACTICE,S71129,EH4 6NS,"2 CRAMOND GLEBE ROAD, EDINBURGH",01313 365432,,,,,,,SCOTLAND,scotland,ods_scottish_gp_practice,RO227,SCOTTISH GP PRACTICE,"RO227,RO76",https://directory.spineservices.nhs.uk/ORD/2-0-0/organisations/S71129,2022-11-18,8408,nhs_scotland_gp_practice_contact_details_and_list_sizes,https://www.opendata.nhs.scot/dataset/f23655c3-6e23-4103-a511-a80d998adb90/resource/ceddbf27-0686-4f4b-b9a2-0090d28c3864/download/practice_contact_details_20260101_opendata.csv,20260101,CRAMOND MEDICAL PRACTICE EH4 6NS
EAST LINTON SURGERY,S76194,EH40 3DP,"THE SURGERY, STATION ROAD, EAST LINTON",01620 860204,,,,,,,SCOTLAND,scotland,ods_scottish_gp_practice,RO227,SCOTTISH GP PRACTICE,"RO227,RO76",https://directory.spineservices.nhs.uk/ORD/2-0-0/organisations/S76194,2022-08-18,3142,nhs_scotland_gp_practice_contact_details_and_list_sizes,https://www.opendata.nhs.scot/dataset/f23655c3-6e23-4103-a511-a80d998adb90/resource/ceddbf27-0686-4f4b-b9a2-0090d28c3864/download/practice_contact_details_20260101_opendata.csv,20260101,EAST LINTON SURGERY EH40 3DP
LAMMERMUIR MEDICAL PRACTICE,S76071,EH41 3NF,"NEWTON PORT SURGERY, NEWTON PORT, HADDINGTON",01620 825051,,,,,,,SCOTLAND,scotland,ods_scottish_gp_practice,RO227,SCOTTISH GP PRACTICE,"RO227,RO76",https://directory.spineservices.nhs.uk/ORD/2-0-0/organisations/S76071,2022-11-18,5592,nhs_scotland_gp_practice_contact_details_and_list_sizes,https://www.opendata.nhs.scot/dataset/f23655c3-6e23-4103-a511-a80d998adb90/resource/ceddbf27-0686-4f4b-b9a2-0090d28c3864/download/practice_contact_details_20260101_opendata.csv,20260101,LAMMERMUIR MEDICAL PRACTICE EH41 3NF
THE ORCHARD MEDICAL PRACTICE,S76103,EH41 3NF,"NEWTON PORT SURGERY, NEWTON PORT, HADDINGTON",01620 825497,,,,,,,SCOTLAND,scotland,ods_scottish_gp_practice,RO227,SCOTTISH GP PRACTICE,"RO227,RO76",https://directory.spineservices.nhs.uk/ORD/2-0-0/organisations/S76103,2022-08-18,5672,nhs_scotland_gp_practice_contact_details_and_list_sizes,https://www.opendata.nhs.scot/dataset/f23655c3-6e23-4103-a511-a80d998adb90/resource/ceddbf27-0686-4f4b-b9a2-0090d28c3864/download/practice_contact_details_20260101_opendata.csv,20260101,THE ORCHARD MEDICAL PRACTICE EH41 3NF
TYNE MEDICAL PRACTICE,S76000,EH41 3NF,"NEWTON PORT SURGERY, NEWTON PORT, HADDINGTON",01620 823183,,,,,,,SCOTLAND,scotland,ods_scottish_gp_practice,RO227,SCOTTISH GP PRACTICE,"RO227,RO76",https://directory.spineservices.nhs.uk/ORD/2-0-0/organisations/S76000,2022-08-18,7227,nhs_scotland_gp_practice_contact_details_and_list_sizes,https://www.opendata.nhs.scot/dataset/f23655c3-6e23-4103-a511-a80d998adb90/resource/ceddbf27-0686-4f4b-b9a2-0090d28c3864/download/practice_contact_details_20260101_opendata.csv,20260101,TYNE MEDICAL PRACTICE EH41 3NF
LUCS EAST LOTHIAN COMMUNITY HOSPITAL,S76207,EH41 3PF,"OUTPATIENTS DEPARTMENT, EAST LOTHIAN COMMUNITY HOSPITAL, HADDINGTON",,,,,,,,SCOTLAND,scotland,ods_scottish_gp_practice,RO227,SCOTTISH GP PRACTICE,"RO227,RO76",https://directory.spineservices.nhs.uk/ORD/2-0-0/organisations/S76207,2022-10-06,,,,,LUCS EAST LOTHIAN COMMUNITY HOSPITAL EH41 3PF
CROMWELL HARBOUR MEDICAL PRACTICE,S76180,EH42 1EE,"DUNBAR MEDICAL CENTRE, QUEENS ROAD, DUNBAR",01368 861401,,,,,,,SCOTLAND,scotland,ods_scottish_gp_practice,RO227,SCOTTISH GP PRACTICE,"RO227,RO76",https://directory.spineservices.nhs.uk/ORD/2-0-0/organisations/S76180,2022-08-18,5084,nhs_scotland_gp_practice_contact_details_and_list_sizes,https://www.opendata.nhs.scot/dataset/f23655c3-6e23-4103-a511-a80d998adb90/resource/ceddbf27-0686-4f4b-b9a2-0090d28c3864/download/practice_contact_details_20260101_opendata.csv,20260101,CROMWELL HARBOUR MEDICAL PRACTICE EH42 1EE
LAUDERDALE MEDICAL PRACTICE,S76161,EH42 1EE,"DUNBAR MEDICAL CENTRE, QUEENS ROAD, DUNBAR",01368 861435,,,,,,,SCOTLAND,scotland,ods_scottish_gp_practice,RO227,SCOTTISH GP PRACTICE,"RO227,RO76",https://directory.spineservices.nhs.uk/ORD/2-0-0/organisations/S76161,2022-08-18,4598,nhs_scotland_gp_practice_contact_details_and_list_sizes,https://www.opendata.nhs.scot/dataset/f23655c3-6e23-4103-a511-a80d998adb90/resource/ceddbf27-0686-4f4b-b9a2-0090d28c3864/download/practice_contact_details_20260101_opendata.csv,20260101,LAUDERDALE MEDICAL PRACTICE EH42 1EE
WHITESANDS MEDICAL PRACTICE,S76086,EH42 1EE,"DUNBAR MEDICAL CENTRE, QUEENS ROAD, DUNBAR",01368 863226,,,,,,,SCOTLAND,scotland,ods_scottish_gp_practice,RO227,SCOTTISH GP PRACTICE,"RO227,RO76",https://directory.spineservices.nhs.uk/ORD/2-0-0/organisations/S76086,2022-08-18,4840,nhs_scotland_gp_practice_contact_details_and_list_sizes,https://www.opendata.nhs.scot/dataset/f23655c3-6e23-4103-a511-a80d998adb90/resource/ceddbf27-0686-4f4b-b9a2-0090d28c3864/download/practice_contact_details_20260101_opendata.csv,20260101,WHITESANDS MEDICAL PRACTICE EH42 1EE
ST RONAN'S PRACTICE,S16121,EH44 6QE,"ST RONAN'S HEALTH CENTRE, BUCHAN PLACE, INNERLEITHEN",01896 830203,,,,,,,SCOTLAND,scotland,ods_scottish_gp_practice,RO227,SCOTTISH GP PRACTICE,"RO227,RO76",https://directory.spineservices.nhs.uk/ORD/2-0-0/organisations/S16121,2023-01-16,4793,nhs_scotland_gp_practice_contact_details_and_list_sizes,https://www.opendata.nhs.scot/dataset/f23655c3-6e23-4103-a511-a80d998adb90/resource/ceddbf27-0686-4f4b-b9a2-0090d28c3864/download/practice_contact_details_20260101_opendata.csv,20260101,ST RONAN'S PRACTICE EH44 6QE
THE NEIDPATH PRACTICE,S16160,EH45 8JG,"HAY LODGE HEALTH CENTRE, NEIDPATH ROAD, PEEBLES",01721 720380,,,,,,,SCOTLAND,scotland,ods_scottish_gp_practice,RO227,SCOTTISH GP PRACTICE,"RO227,RO76",https://directory.spineservices.nhs.uk/ORD/2-0-0/organisations/S16160,2022-08-18,5934,nhs_scotland_gp_practice_contact_details_and_list_sizes,https://www.opendata.nhs.scot/dataset/f23655c3-6e23-4103-a511-a80d998adb90/resource/ceddbf27-0686-4f4b-b9a2-0090d28c3864/download/practice_contact_details_20260101_opendata.csv,20260101,THE NEIDPATH PRACTICE EH45 8JG
THE TWEED PRACTICE,S16211,EH45 8JG,"HAY LODGE HEALTH CENTRE, NEIDPATH ROAD, PEEBLES",01721 720601,,,,,,,SCOTLAND,scotland,ods_scottish_gp_practice,RO227,SCOTTISH GP PRACTICE,"RO227,RO76",https://directory.spineservices.nhs.uk/ORD/2-0-0/organisations/S16211,2022-10-10,5984,nhs_scotland_gp_practice_contact_details_and_list_sizes,https://www.opendata.nhs.scot/dataset/f23655c3-6e23-4103-a511-a80d998adb90/resource/ceddbf27-0686-4f4b-b9a2-0090d28c3864/download/practice_contact_details_20260101_opendata.csv,20260101,THE TWEED PRACTICE EH45 8JG
WEST LINTON MEDICAL PRACTICE,S16174,EH46 7EX,"THE HEALTH CENTRE, DEANFOOT ROAD, WEST LINTON",01968 660808,,,,,,,SCOTLAND,scotland,ods_scottish_gp_practice,RO227,SCOTTISH GP PRACTICE,"RO227,RO76",https://directory.spineservices.nhs.uk/ORD/2-0-0/organisations/S16174,2022-08-18,3853,nhs_scotland_gp_practice_contact_details_and_list_sizes,https://www.opendata.nhs.scot/dataset/f23655c3-6e23-4103-a511-a80d998adb90/resource/ceddbf27-0686-4f4b-b9a2-0090d28c3864/download/practice_contact_details_20260101_opendata.csv,20260101,WEST LINTON MEDICAL PRACTICE EH46 7EX
WHITBURN GROUP MEDICAL PRACTICE,S78190,EH47 0SD,"WHITBURN HEALTH CENTRE, 1 WEAVERS LANE, BATHGATE",01501 740297,,,,,,,SCOTLAND,scotland,ods_scottish_gp_practice,RO227,SCOTTISH GP PRACTICE,"RO227,RO76",https://directory.spineservices.nhs.uk/ORD/2-0-0/organisations/S78190,2022-12-09,12919,nhs_scotland_gp_practice_contact_details_and_list_sizes,https://www.opendata.nhs.scot/dataset/f23655c3-6e23-4103-a511-a80d998adb90/resource/ceddbf27-0686-4f4b-b9a2-0090d28c3864/download/practice_contact_details_20260101_opendata.csv,20260101,WHITBURN GROUP MEDICAL PRACTICE EH47 0SD
ASHGROVE GROUP PRACTICE,S78330,EH47 7LJ,"BLACKBURN PARTNERSHIP CENTRE, ASHGROVE, BATHGATE",01506 657130,,,,,,,SCOTLAND,scotland,ods_scottish_gp_practice,RO227,SCOTTISH GP PRACTICE,"RO227,RO76",https://directory.spineservices.nhs.uk/ORD/2-0-0/organisations/S78330,2022-12-09,7831,nhs_scotland_gp_practice_contact_details_and_list_sizes,https://www.opendata.nhs.scot/dataset/f23655c3-6e23-4103-a511-a80d998adb90/resource/ceddbf27-0686-4f4b-b9a2-0090d28c3864/download/practice_contact_details_20260101_opendata.csv,20260101,ASHGROVE GROUP PRACTICE EH47 7LJ
BARCLAY MEDICAL PRACTICE-FAULDHOUSE,S78414,EH47 9JD,"FAULDHOUSE PARTNERSHIP CENTRE, LANRIGG ROAD, BATHGATE",01501 773020,,,,,,,SCOTLAND,scotland,ods_scottish_gp_practice,RO227,SCOTTISH GP PRACTICE,"RO227,RO76",https://directory.spineservices.nhs.uk/ORD/2-0-0/organisations/S78414,2022-12-09,8453,nhs_scotland_gp_practice_contact_details_and_list_sizes,https://www.opendata.nhs.scot/dataset/f23655c3-6e23-4103-a511-a80d998adb90/resource/ceddbf27-0686-4f4b-b9a2-0090d28c3864/download/practice_contact_details_20260101_opendata.csv,20260101,BARCLAY MEDICAL PRACTICE-FAULDHOUSE EH47 9JD
KINGSGATE MEDICAL PRACTICE,S78128,EH48 2SS,"BATHGATE PRIMARY CARE CENTRE, WHITBURN ROAD, BATHGATE",01506 653134,,,,,,,SCOTLAND,scotland,ods_scottish_gp_practice,RO227,SCOTTISH GP PRACTICE,"RO227,RO76",https://directory.spineservices.nhs.uk/ORD/2-0-0/organisations/S78128,2022-08-18,8172,nhs_scotland_gp_practice_contact_details_and_list_sizes,https://www.opendata.nhs.scot/dataset/f23655c3-6e23-4103-a511-a80d998adb90/resource/ceddbf27-0686-4f4b-b9a2-0090d28c3864/download/practice_contact_details_20260101_opendata.csv,20260101,KINGSGATE MEDICAL PRACTICE EH48 2SS
NEWLAND MEDICAL PRACTICE,S78077,EH48 2SS,"BATHGATE PRIMARY CARE CENTRE, WHITBURN ROAD, BATHGATE",01506 655155,,,,,,,SCOTLAND,scotland,ods_scottish_gp_practice,RO227,SCOTTISH GP PRACTICE,"RO227,RO76",https://directory.spineservices.nhs.uk/ORD/2-0-0/organisations/S78077,2022-08-18,9291,nhs_scotland_gp_practice_contact_details_and_list_sizes,https://www.opendata.nhs.scot/dataset/f23655c3-6e23-4103-a511-a80d998adb90/resource/ceddbf27-0686-4f4b-b9a2-0090d28c3864/download/practice_contact_details_20260101_opendata.csv,20260101,NEWLAND MEDICAL PRACTICE EH48 2SS
SIMPSON MEDICAL GROUP,S78132,EH48 2SS,"BATHGATE PRIMARY CARE CENTRE, WHITBURN ROAD, BATHGATE",01506 654444,,,,,,,SCOTLAND,scotland,ods_scottish_gp_practice,RO227,SCOTTISH GP PRACTICE,"RO227,RO76",https://directory.spineservices.nhs.uk/ORD/2-0-0/organisations/S78132,2022-08-18,8624,nhs_scotland_gp_practice_contact_details_and_list_sizes,https://www.opendata.nhs.scot/dataset/f23655c3-6e23-4103-a511-a80d998adb90/resource/ceddbf27-0686-4f4b-b9a2-0090d28c3864/download/practice_contact_details_20260101_opendata.csv,20260101,SIMPSON MEDICAL GROUP EH48 2SS
BARBAUCHLAW MEDICAL PRACTICE,S78241,EH48 3QB,"18 NORTH STREET, ARMADALE, BATHGATE",01501 730432,,,,,,,SCOTLAND,scotland,ods_scottish_gp_practice,RO227,SCOTTISH GP PRACTICE,"RO227,RO76",https://directory.spineservices.nhs.uk/ORD/2-0-0/organisations/S78241,2022-12-09,17311,nhs_scotland_gp_practice_contact_details_and_list_sizes,https://www.opendata.nhs.scot/dataset/f23655c3-6e23-4103-a511-a80d998adb90/resource/ceddbf27-0686-4f4b-b9a2-0090d28c3864/download/practice_contact_details_20260101_opendata.csv,20260101,BARBAUCHLAW MEDICAL PRACTICE EH48 3QB
LINLITHGOW GROUP MEDICAL PRACTICE,S78166,EH49 7ER,"LINLITHGOW HEALTH CENTRE, 288 HIGH STREET, LINLITHGOW",01506 670027,,,,,,,SCOTLAND,scotland,ods_scottish_gp_practice,RO227,SCOTTISH GP PRACTICE,"RO227,RO76",https://directory.spineservices.nhs.uk/ORD/2-0-0/organisations/S78166,2022-08-18,15660,nhs_scotland_gp_practice_contact_details_and_list_sizes,https://www.opendata.nhs.scot/dataset/f23655c3-6e23-4103-a511-a80d998adb90/resource/ceddbf27-0686-4f4b-b9a2-0090d28c3864/download/practice_contact_details_20260101_opendata.csv,20260101,LINLITHGOW GROUP MEDICAL PRACTICE EH49 7ER
CREWE MEDICAL CENTRE,S70573,EH5 2LY,"135 BOSWALL PARKWAY, EDINBURGH",01315 525544,,,,,,,SCOTLAND,scotland,ods_scottish_gp_practice,RO227,SCOTTISH GP PRACTICE,"RO227,RO76",https://directory.spineservices.nhs.uk/ORD/2-0-0/organisations/S70573,2022-11-18,10912,nhs_scotland_gp_practice_contact_details_and_list_sizes,https://www.opendata.nhs.scot/dataset/f23655c3-6e23-4103-a511-a80d998adb90/resource/ceddbf27-0686-4f4b-b9a2-0090d28c3864/download/practice_contact_details_20260101_opendata.csv,20260101,CREWE MEDICAL CENTRE EH5 2LY
BANGHOLM MEDICAL CENTRE,S70272,EH5 3AH,"21-25 BANGHOLM LOAN, EDINBURGH",01315 527676,,,,,,,SCOTLAND,scotland,ods_scottish_gp_practice,RO227,SCOTTISH GP PRACTICE,"RO227,RO76",https://directory.spineservices.nhs.uk/ORD/2-0-0/organisations/S70272,2023-01-17,12032,nhs_scotland_gp_practice_contact_details_and_list_sizes,https://www.opendata.nhs.scot/dataset/f23655c3-6e23-4103-a511-a80d998adb90/resource/ceddbf27-0686-4f4b-b9a2-0090d28c3864/download/practice_contact_details_20260101_opendata.csv,20260101,BANGHOLM MEDICAL CENTRE EH5 3AH
THE LONG HOUSE SURGERY,S70234,EH5 3EL,"THE LONG HOUSE, 73 EAST TRINITY ROAD, EDINBURGH",01315 524919,,,,,,,SCOTLAND,scotland,ods_scottish_gp_practice,RO227,SCOTTISH GP PRACTICE,"RO227,RO76",https://directory.spineservices.nhs.uk/ORD/2-0-0/organisations/S70234,2022-11-18,8073,nhs_scotland_gp_practice_contact_details_and_list_sizes,https://www.opendata.nhs.scot/dataset/f23655c3-6e23-4103-a511-a80d998adb90/resource/ceddbf27-0686-4f4b-b9a2-0090d28c3864/download/practice_contact_details_20260101_opendata.csv,20260101,THE LONG HOUSE SURGERY EH5 3EL
KINNEIL MEDICAL PRACTICE,S26208,EH51 0DQ,"HEALTH CENTRE, RICHMOND TERRACE, BO'NESS",01506 537054,,,,,,,SCOTLAND,scotland,ods_scottish_gp_practice,RO227,SCOTTISH GP PRACTICE,"RO227,RO76",https://directory.spineservices.nhs.uk/ORD/2-0-0/organisations/S26208,2025-04-23,8172,nhs_scotland_gp_practice_contact_details_and_list_sizes,https://www.opendata.nhs.scot/dataset/f23655c3-6e23-4103-a511-a80d998adb90/resource/ceddbf27-0686-4f4b-b9a2-0090d28c3864/download/practice_contact_details_20260101_opendata.csv,20260101,KINNEIL MEDICAL PRACTICE EH51 0DQ
THE RICHMOND PRACTICE,S25084,EH51 0DQ,"RICHMOND TERRACE, BO'NESS",01506 822665,,,,,,,SCOTLAND,scotland,ods_scottish_gp_practice,RO227,SCOTTISH GP PRACTICE,"RO227,RO76",https://directory.spineservices.nhs.uk/ORD/2-0-0/organisations/S25084,2023-01-16,8468,nhs_scotland_gp_practice_contact_details_and_list_sizes,https://www.opendata.nhs.scot/dataset/f23655c3-6e23-4103-a511-a80d998adb90/resource/ceddbf27-0686-4f4b-b9a2-0090d28c3864/download/practice_contact_details_20260101_opendata.csv,20260101,THE RICHMOND PRACTICE EH51 0DQ
FERGUSON MEDICAL PRACTICE,S78062,EH52 5LH,"THE STRATHBROCK PARTNERSHIP CENTRE, 189A WEST MAIN STREET, BROXBURN",01506 771700,,,,,,,SCOTLAND,scotland,ods_scottish_gp_practice,RO227,SCOTTISH GP PRACTICE,"RO227,RO76",https://directory.spineservices.nhs.uk/ORD/2-0-0/organisations/S78062,2022-08-18,6842,nhs_scotland_gp_practice_contact_details_and_list_sizes,https://www.opendata.nhs.scot/dataset/f23655c3-6e23-4103-a511-a80d998adb90/resource/ceddbf27-0686-4f4b-b9a2-0090d28c3864/download/practice_contact_details_20260101_opendata.csv,20260101,FERGUSON MEDICAL PRACTICE EH52 5LH
LINDEN MEDICAL PRACTICE,S78113,EH52 5LH,"STRATHBROCK PARTNERSHIP CENTRE, 189A WEST MAIN STREET, BROXBURN",01506 771771,,,,,,,SCOTLAND,scotland,ods_scottish_gp_practice,RO227,SCOTTISH GP PRACTICE,"RO227,RO76",https://directory.spineservices.nhs.uk/ORD/2-0-0/organisations/S78113,2022-08-18,6603,nhs_scotland_gp_practice_contact_details_and_list_sizes,https://www.opendata.nhs.scot/dataset/f23655c3-6e23-4103-a511-a80d998adb90/resource/ceddbf27-0686-4f4b-b9a2-0090d28c3864/download/practice_contact_details_20260101_opendata.csv,20260101,LINDEN MEDICAL PRACTICE EH52 5LH
THE WOOD MEDICAL PRACTICE,S78306,EH52 5LH,"THE STRATHBROCK PARTNERSHIP CENTRE, 189A WEST MAIN STREET, BROXBURN",01506 771800,,,,,,,SCOTLAND,scotland,ods_scottish_gp_practice,RO227,SCOTTISH GP PRACTICE,"RO227,RO76",https://directory.spineservices.nhs.uk/ORD/2-0-0/organisations/S78306,2022-08-18,7705,nhs_scotland_gp_practice_contact_details_and_list_sizes,https://www.opendata.nhs.scot/dataset/f23655c3-6e23-4103-a511-a80d998adb90/resource/ceddbf27-0686-4f4b-b9a2-0090d28c3864/download/practice_contact_details_20260101_opendata.csv,20260101,THE WOOD MEDICAL PRACTICE EH52 5LH
EAST CALDER MEDICAL PRACTICE,S78024,EH53 0EW,"EAST CALDER HEALTH CENTRE, 147 MAIN STREET, LIVINGSTON",01506 882882,,,,,,,SCOTLAND,scotland,ods_scottish_gp_practice,RO227,SCOTTISH GP PRACTICE,"RO227,RO76",https://directory.spineservices.nhs.uk/ORD/2-0-0/organisations/S78024,2022-12-09,16242,nhs_scotland_gp_practice_contact_details_and_list_sizes,https://www.opendata.nhs.scot/dataset/f23655c3-6e23-4103-a511-a80d998adb90/resource/ceddbf27-0686-4f4b-b9a2-0090d28c3864/download/practice_contact_details_20260101_opendata.csv,20260101,EAST CALDER MEDICAL PRACTICE EH53 0EW
THE CRAIGSHILL PARTNERSHIP,S78311,EH54 5DY,"CRAIGSHILL HEALTH CENTRE, CRAIGSHILL ROAD, LIVINGSTON",01506 432621,,,,,,,SCOTLAND,scotland,ods_scottish_gp_practice,RO227,SCOTTISH GP PRACTICE,"RO227,RO76",https://directory.spineservices.nhs.uk/ORD/2-0-0/organisations/S78311,2022-08-18,8827,nhs_scotland_gp_practice_contact_details_and_list_sizes,https://www.opendata.nhs.scot/dataset/f23655c3-6e23-4103-a511-a80d998adb90/resource/ceddbf27-0686-4f4b-b9a2-0090d28c3864/download/practice_contact_details_20260101_opendata.csv,20260101,THE CRAIGSHILL PARTNERSHIP EH54 5DY
LUCS SJH,S78081,EH54 6PP,"OPD2, ST JOHNS HOSPITAL, HOWDEN ROAD WEST, LIVINGSTON",,,,,,,,SCOTLAND,scotland,ods_scottish_gp_practice,RO227,SCOTTISH GP PRACTICE,"RO227,RO76",https://directory.spineservices.nhs.uk/ORD/2-0-0/organisations/S78081,2022-08-18,,,,,LUCS SJH EH54 6PP
DEDRIDGE MEDICAL GROUP,S78260,EH54 6QQ,"DEDRIDGE HEALTH CENTRE, NIGEL RISE, LIVINGSTON",01506 414586,,,,,,,SCOTLAND,scotland,ods_scottish_gp_practice,RO227,SCOTTISH GP PRACTICE,"RO227,RO76",https://directory.spineservices.nhs.uk/ORD/2-0-0/organisations/S78260,2022-12-09,10905,nhs_scotland_gp_practice_contact_details_and_list_sizes,https://www.opendata.nhs.scot/dataset/f23655c3-6e23-4103-a511-a80d998adb90/resource/ceddbf27-0686-4f4b-b9a2-0090d28c3864/download/practice_contact_details_20260101_opendata.csv,20260101,DEDRIDGE MEDICAL GROUP EH54 6QQ
HOWDEN HEALTH CENTRE,S78255,EH54 6TP,"HOWDEN ROAD WEST, LIVINGSTON",01506 423800,,,,,,,SCOTLAND,scotland,ods_scottish_gp_practice,RO227,SCOTTISH GP PRACTICE,"RO227,RO76",https://directory.spineservices.nhs.uk/ORD/2-0-0/organisations/S78255,2022-12-09,12282,nhs_scotland_gp_practice_contact_details_and_list_sizes,https://www.opendata.nhs.scot/dataset/f23655c3-6e23-4103-a511-a80d998adb90/resource/ceddbf27-0686-4f4b-b9a2-0090d28c3864/download/practice_contact_details_20260101_opendata.csv,20260101,HOWDEN HEALTH CENTRE EH54 6TP
BARCLAY MEDICAL PRACTICE,S78397,EH54 8PY,"CARMONDEAN HEALTH CENTRE, CARMONDEAN CENTRE, LIVINGSTON",01506 836333,,,,,,,SCOTLAND,scotland,ods_scottish_gp_practice,RO227,SCOTTISH GP PRACTICE,"RO227,RO76",https://directory.spineservices.nhs.uk/ORD/2-0-0/organisations/S78397,2022-12-09,12799,nhs_scotland_gp_practice_contact_details_and_list_sizes,https://www.opendata.nhs.scot/dataset/f23655c3-6e23-4103-a511-a80d998adb90/resource/ceddbf27-0686-4f4b-b9a2-0090d28c3864/download/practice_contact_details_20260101_opendata.csv,20260101,BARCLAY MEDICAL PRACTICE EH54 8PY
CARMONDEAN MEDICAL GROUP,S78010,EH54 8PY,"CARMONDEAN HEALTH CENTRE, CARMONDEAN CENTRE, LIVINGSTON",01506 836300,,,,,,,SCOTLAND,scotland,ods_scottish_gp_practice,RO227,SCOTTISH GP PRACTICE,"RO227,RO76",https://directory.spineservices.nhs.uk/ORD/2-0-0/organisations/S78010,2022-12-09,10086,nhs_scotland_gp_practice_contact_details_and_list_sizes,https://www.opendata.nhs.scot/dataset/f23655c3-6e23-4103-a511-a80d998adb90/resource/ceddbf27-0686-4f4b-b9a2-0090d28c3864/download/practice_contact_details_20260101_opendata.csv,20260101,CARMONDEAN MEDICAL GROUP EH54 8PY
MURIESTON MEDICAL PRACTICE LLP,S78429,EH54 9JZ,"2 HAMILTON SQUARE, MURIESTON SOUTH, LIVINGSTON",01506 461464,,,,,,,SCOTLAND,scotland,ods_scottish_gp_practice,RO227,SCOTTISH GP PRACTICE,"RO227,RO76",https://directory.spineservices.nhs.uk/ORD/2-0-0/organisations/S78429,2025-04-23,6872,nhs_scotland_gp_practice_contact_details_and_list_sizes,https://www.opendata.nhs.scot/dataset/f23655c3-6e23-4103-a511-a80d998adb90/resource/ceddbf27-0686-4f4b-b9a2-0090d28c3864/download/practice_contact_details_20260101_opendata.csv,20260101,MURIESTON MEDICAL PRACTICE LLP EH54 9JZ
WEST CALDER MEDICAL PRACTICE,S78147,EH55 8EJ,"WEST CALDER MEDICAL CENTRE, 65 WEST END, WEST CALDER",01506 874300,,,,,,,SCOTLAND,scotland,ods_scottish_gp_practice,RO227,SCOTTISH GP PRACTICE,"RO227,RO76",https://directory.spineservices.nhs.uk/ORD/2-0-0/organisations/S78147,2022-08-18,10590,nhs_scotland_gp_practice_contact_details_and_list_sizes,https://www.opendata.nhs.scot/dataset/f23655c3-6e23-4103-a511-a80d998adb90/resource/ceddbf27-0686-4f4b-b9a2-0090d28c3864/download/practice_contact_details_20260101_opendata.csv,20260101,WEST CALDER MEDICAL PRACTICE EH55 8EJ
LEITH MOUNT SURGERY,S71114,EH6 4EG,"2 LINDSAY STREET, EDINBURGH",01315 611900,,,,,,,SCOTLAND,scotland,ods_scottish_gp_practice,RO227,SCOTTISH GP PRACTICE,"RO227,RO76",https://directory.spineservices.nhs.uk/ORD/2-0-0/organisations/S71114,2022-08-24,11779,nhs_scotland_gp_practice_contact_details_and_list_sizes,https://www.opendata.nhs.scot/dataset/f23655c3-6e23-4103-a511-a80d998adb90/resource/ceddbf27-0686-4f4b-b9a2-0090d28c3864/download/practice_contact_details_20260101_opendata.csv,20260101,LEITH MOUNT SURGERY EH6 4EG
SUMMERSIDE MEDICAL PRACTICE,S70747,EH6 4NY,"SUMMERSIDE MEDICAL CENTRE, 29B SUMMERSIDE PLACE, EDINBURGH",01315 543533,,,,,,,SCOTLAND,scotland,ods_scottish_gp_practice,RO227,SCOTTISH GP PRACTICE,"RO227,RO76",https://directory.spineservices.nhs.uk/ORD/2-0-0/organisations/S70747,2022-11-18,6283,nhs_scotland_gp_practice_contact_details_and_list_sizes,https://www.opendata.nhs.scot/dataset/f23655c3-6e23-4103-a511-a80d998adb90/resource/ceddbf27-0686-4f4b-b9a2-0090d28c3864/download/practice_contact_details_20260101_opendata.csv,20260101,SUMMERSIDE MEDICAL PRACTICE EH6 4NY
SMOKING CESSATION CLINIC,S70041,EH6 5JA,"NORTH EAST EDINBURGH LHP, LEITH COMMUNITY TREATMENT CENTRE, EDINBURGH",,,,,,,,SCOTLAND,scotland,ods_scottish_gp_practice,RO227,SCOTTISH GP PRACTICE,"RO227,RO72",https://directory.spineservices.nhs.uk/ORD/2-0-0/organisations/S70041,2022-10-06,,,,,SMOKING CESSATION CLINIC EH6 5JA
THE VICTORIA PRACTICE,S70982,EH6 5JA,"LEITH COMMUNITY TREATMENT CENTRE, 12 JUNCTION PLACE, EDINBURGH",01314 652950,,,,,,,SCOTLAND,scotland,ods_scottish_gp_practice,RO227,SCOTTISH GP PRACTICE,"RO227,RO76",https://directory.spineservices.nhs.uk/ORD/2-0-0/organisations/S70982,2022-11-18,6140,nhs_scotland_gp_practice_contact_details_and_list_sizes,https://www.opendata.nhs.scot/dataset/f23655c3-6e23-4103-a511-a80d998adb90/resource/ceddbf27-0686-4f4b-b9a2-0090d28c3864/download/practice_contact_details_20260101_opendata.csv,20260101,THE VICTORIA PRACTICE EH6 5JA
MILL LANE SURGERY,S71364,EH6 6TL,"4 MILL LANE, EDINBURGH",01315 541274,,,,,,,SCOTLAND,scotland,ods_scottish_gp_practice,RO227,SCOTTISH GP PRACTICE,"RO227,RO76",https://directory.spineservices.nhs.uk/ORD/2-0-0/organisations/S71364,2022-12-12,5973,nhs_scotland_gp_practice_contact_details_and_list_sizes,https://www.opendata.nhs.scot/dataset/f23655c3-6e23-4103-a511-a80d998adb90/resource/ceddbf27-0686-4f4b-b9a2-0090d28c3864/download/practice_contact_details_20260101_opendata.csv,20260101,MILL LANE SURGERY EH6 6TL
LINKS MEDICAL CENTRE,S71398,EH6 8BW,"4 HERMITAGE PLACE, EDINBURGH",01315 541036,,,,,,,SCOTLAND,scotland,ods_scottish_gp_practice,RO227,SCOTTISH GP PRACTICE,"RO227,RO76",https://directory.spineservices.nhs.uk/ORD/2-0-0/organisations/S71398,2022-11-18,6842,nhs_scotland_gp_practice_contact_details_and_list_sizes,https://www.opendata.nhs.scot/dataset/f23655c3-6e23-4103-a511-a80d998adb90/resource/ceddbf27-0686-4f4b-b9a2-0090d28c3864/download/practice_contact_details_20260101_opendata.csv,20260101,LINKS MEDICAL CENTRE EH6 8BW
LEITH SURGERY,S70179,EH6 8HQ,"2 DUKE STREET, EDINBURGH",01315 546471,,,,,,,SCOTLAND,scotland,ods_scottish_gp_practice,RO227,SCOTTISH GP PRACTICE,"RO227,RO76",https://directory.spineservices.nhs.uk/ORD/2-0-0/organisations/S70179,2022-11-18,12660,nhs_scotland_gp_practice_contact_details_and_list_sizes,https://www.opendata.nhs.scot/dataset/f23655c3-6e23-4103-a511-a80d998adb90/resource/ceddbf27-0686-4f4b-b9a2-0090d28c3864/download/practice_contact_details_20260101_opendata.csv,20260101,LEITH SURGERY EH6 8HQ
ANNANDALE MEDICAL PRACTICE,S70499,EH7 4AT,"BELLEVUE MEDICAL CENTRE, 26 HUNTINGDON PLACE, EDINBURGH",01315 568196,,,,,,,SCOTLAND,scotland,ods_scottish_gp_practice,RO227,SCOTTISH GP PRACTICE,"RO227,RO76",https://directory.spineservices.nhs.uk/ORD/2-0-0/organisations/S70499,2022-11-18,9166,nhs_scotland_gp_practice_contact_details_and_list_sizes,https://www.opendata.nhs.scot/dataset/f23655c3-6e23-4103-a511-a80d998adb90/resource/ceddbf27-0686-4f4b-b9a2-0090d28c3864/download/practice_contact_details_20260101_opendata.csv,20260101,ANNANDALE MEDICAL PRACTICE EH7 4AT
THE HOPETOUN PRACTICE,S70521,EH7 4AT,"BELLEVUE MEDICAL CENTRE, 26 HUNTINGDON PLACE, EDINBURGH",01315 562642,,,,,,,SCOTLAND,scotland,ods_scottish_gp_practice,RO227,SCOTTISH GP PRACTICE,"RO227,RO76",https://directory.spineservices.nhs.uk/ORD/2-0-0/organisations/S70521,2022-11-18,6946,nhs_scotland_gp_practice_contact_details_and_list_sizes,https://www.opendata.nhs.scot/dataset/f23655c3-6e23-4103-a511-a80d998adb90/resource/ceddbf27-0686-4f4b-b9a2-0090d28c3864/download/practice_contact_details_20260101_opendata.csv,20260101,THE HOPETOUN PRACTICE EH7 4AT
BRUNTON PLACE SURGERY,S70268,EH7 5EG,"9 BRUNTON PLACE, EDINBURGH",01315 575545,,,,,,,SCOTLAND,scotland,ods_scottish_gp_practice,RO227,SCOTTISH GP PRACTICE,"RO227,RO76",https://directory.spineservices.nhs.uk/ORD/2-0-0/organisations/S70268,2022-11-18,10412,nhs_scotland_gp_practice_contact_details_and_list_sizes,https://www.opendata.nhs.scot/dataset/f23655c3-6e23-4103-a511-a80d998adb90/resource/ceddbf27-0686-4f4b-b9a2-0090d28c3864/download/practice_contact_details_20260101_opendata.csv,20260101,BRUNTON PLACE SURGERY EH7 5EG
ST TRIDUANA'S MEDICAL PRACTICE,S70785,EH7 6RU,"54 MOIRA PARK, EDINBURGH",01316 573341,,,,,,,SCOTLAND,scotland,ods_scottish_gp_practice,RO227,SCOTTISH GP PRACTICE,"RO227,RO76",https://directory.spineservices.nhs.uk/ORD/2-0-0/organisations/S70785,2022-12-12,12387,nhs_scotland_gp_practice_contact_details_and_list_sizes,https://www.opendata.nhs.scot/dataset/f23655c3-6e23-4103-a511-a80d998adb90/resource/ceddbf27-0686-4f4b-b9a2-0090d28c3864/download/practice_contact_details_20260101_opendata.csv,20260101,ST TRIDUANA'S MEDICAL PRACTICE EH7 6RU
RESTALRIG PARK MEDICAL CENTRE,S70569,EH7 6UJ,"40 ALEMOOR CRESCENT, EDINBURGH",01314 542110,,,,,,,SCOTLAND,scotland,ods_scottish_gp_practice,RO227,SCOTTISH GP PRACTICE,"RO227,RO76",https://directory.spineservices.nhs.uk/ORD/2-0-0/organisations/S70569,2022-11-18,6122,nhs_scotland_gp_practice_contact_details_and_list_sizes,https://www.opendata.nhs.scot/dataset/f23655c3-6e23-4103-a511-a80d998adb90/resource/ceddbf27-0686-4f4b-b9a2-0090d28c3864/download/practice_contact_details_20260101_opendata.csv,20260101,RESTALRIG PARK MEDICAL CENTRE EH7 6UJ
BARONSCOURT SURGERY,S70658,EH8 7RX,"89 NORTHFIELD BROADWAY, EDINBURGH",01316 575444,,,,,,,SCOTLAND,scotland,ods_scottish_gp_practice,RO227,SCOTTISH GP PRACTICE,"RO227,RO76",https://directory.spineservices.nhs.uk/ORD/2-0-0/organisations/S70658,2022-11-18,7412,nhs_scotland_gp_practice_contact_details_and_list_sizes,https://www.opendata.nhs.scot/dataset/f23655c3-6e23-4103-a511-a80d998adb90/resource/ceddbf27-0686-4f4b-b9a2-0090d28c3864/download/practice_contact_details_20260101_opendata.csv,20260101,BARONSCOURT SURGERY EH8 7RX
UNIVERSITY HEALTH SERVICE,S70592,EH8 9AL,"6 BRISTO SQUARE, EDINBURGH",01316 502777,,,,,,,SCOTLAND,scotland,ods_scottish_gp_practice,RO227,SCOTTISH GP PRACTICE,"RO227,RO76",https://directory.spineservices.nhs.uk/ORD/2-0-0/organisations/S70592,2022-11-18,23956,nhs_scotland_gp_practice_contact_details_and_list_sizes,https://www.opendata.nhs.scot/dataset/f23655c3-6e23-4103-a511-a80d998adb90/resource/ceddbf27-0686-4f4b-b9a2-0090d28c3864/download/practice_contact_details_20260101_opendata.csv,20260101,UNIVERSITY HEALTH SERVICE EH8 9AL
MACKENZIE MEDICAL CENTRE,S70381,EH8 9DX,"20 WEST RICHMOND STREET, EDINBURGH",01316 511000,,,,,,,SCOTLAND,scotland,ods_scottish_gp_practice,RO227,SCOTTISH GP PRACTICE,"RO227,RO76",https://directory.spineservices.nhs.uk/ORD/2-0-0/organisations/S70381,2022-08-24,8579,nhs_scotland_gp_practice_contact_details_and_list_sizes,https://www.opendata.nhs.scot/dataset/f23655c3-6e23-4103-a511-a80d998adb90/resource/ceddbf27-0686-4f4b-b9a2-0090d28c3864/download/practice_contact_details_20260101_opendata.csv,20260101,MACKENZIE MEDICAL CENTRE EH8 9DX
BOROUGHLOCH MEDICAL PRACTICE,S71379,EH8 9RD,"SALISBURY COURT, 102 ST LEONARDS STREET, EDINBURGH",01312 297529,,,,,,,SCOTLAND,scotland,ods_scottish_gp_practice,RO227,SCOTTISH GP PRACTICE,"RO227,RO76",https://directory.spineservices.nhs.uk/ORD/2-0-0/organisations/S71379,2022-11-18,11187,nhs_scotland_gp_practice_contact_details_and_list_sizes,https://www.opendata.nhs.scot/dataset/f23655c3-6e23-4103-a511-a80d998adb90/resource/ceddbf27-0686-4f4b-b9a2-0090d28c3864/download/practice_contact_details_20260101_opendata.csv,20260101,BOROUGHLOCH MEDICAL PRACTICE EH8 9RD
DALKEITH ROAD MEDICAL PRACTICE,S70470,EH8 9RD,"SALISBURY COURT, 102 ST LEONARDS STREET, EDINBURGH",01316 671289,,,,,,,SCOTLAND,scotland,ods_scottish_gp_practice,RO227,SCOTTISH GP PRACTICE,"RO227,RO76",https://directory.spineservices.nhs.uk/ORD/2-0-0/organisations/S70470,2022-11-18,4321,nhs_scotland_gp_practice_contact_details_and_list_sizes,https://www.opendata.nhs.scot/dataset/f23655c3-6e23-4103-a511-a80d998adb90/resource/ceddbf27-0686-4f4b-b9a2-0090d28c3864/download/practice_contact_details_20260101_opendata.csv,20260101,DALKEITH ROAD MEDICAL PRACTICE EH8 9RD
ST LEONARD'S MEDICAL CENTRE,S70841,EH8 9RU,"145 PLEASANCE, EDINBURGH",01316 684547,,,,,,,SCOTLAND,scotland,ods_scottish_gp_practice,RO227,SCOTTISH GP PRACTICE,"RO227,RO76",https://directory.spineservices.nhs.uk/ORD/2-0-0/organisations/S70841,2022-11-18,8335,nhs_scotland_gp_practice_contact_details_and_list_sizes,https://www.opendata.nhs.scot/dataset/f23655c3-6e23-4103-a511-a80d998adb90/resource/ceddbf27-0686-4f4b-b9a2-0090d28c3864/download/practice_contact_details_20260101_opendata.csv,20260101,ST LEONARD'S MEDICAL CENTRE EH8 9RU
GRANGE MEDICAL GROUP,S70412,EH9 1AG,"1 BEAUFORT ROAD, EDINBURGH",01314 471646,,,,,,,SCOTLAND,scotland,ods_scottish_gp_practice,RO227,SCOTTISH GP PRACTICE,"RO227,RO76",https://directory.spineservices.nhs.uk/ORD/2-0-0/organisations/S70412,2022-11-18,7752,nhs_scotland_gp_practice_contact_details_and_list_sizes,https://www.opendata.nhs.scot/dataset/f23655c3-6e23-4103-a511-a80d998adb90/resource/ceddbf27-0686-4f4b-b9a2-0090d28c3864/download/practice_contact_details_20260101_opendata.csv,20260101,GRANGE MEDICAL GROUP EH9 1AG
LUCS RHSC,S70338,EH9 1LG,"9 SCIENNES ROAD, EDINBURGH",01315 379150,,,,,,,SCOTLAND,scotland,ods_scottish_gp_practice,RO227,SCOTTISH GP PRACTICE,"RO227,RO76",https://directory.spineservices.nhs.uk/ORD/2-0-0/organisations/S70338,2026-01-12,,,,,LUCS RHSC EH9 1LG
HERMITAGE MEDICAL PRACTICE,S71449,EH9 2HL,"BALFOUR PAVILION, ASTLEY AINSLIE HOSPITAL, EDINBURGH",01314 476277,,,,,,,SCOTLAND,scotland,ods_scottish_gp_practice,RO227,SCOTTISH GP PRACTICE,"RO227,RO76",https://directory.spineservices.nhs.uk/ORD/2-0-0/organisations/S71449,2025-04-23,7742,nhs_scotland_gp_practice_contact_details_and_list_sizes,https://www.opendata.nhs.scot/dataset/f23655c3-6e23-4103-a511-a80d998adb90/resource/ceddbf27-0686-4f4b-b9a2-0090d28c3864/download/practice_contact_details_20260101_opendata.csv,20260101,HERMITAGE MEDICAL PRACTICE EH9 2HL
LUCS AAH - BLACKFORD PAVILION,S71468,EH9 2HL,"FIRST FLOOR BLACKFORD PAVILION, ASTLEY AINSLIE HOSPITAL, EDINBURGH",01315 379425,,,,,,,SCOTLAND,scotland,ods_scottish_gp_practice,RO227,SCOTTISH GP PRACTICE,"RO227,RO76",https://directory.spineservices.nhs.uk/ORD/2-0-0/organisations/S71468,2023-05-16,,,,,LUCS AAH - BLACKFORD PAVILION EH9 2HL
LUCS AAH - WOODLAND HOUSE,S71415,EH9 2HL,"WOODLAND HOUSE, ASTLEY AINSLIE HOSPITAL, EDINBURGH",01314 464395,,,,,,,SCOTLAND,scotland,ods_scottish_gp_practice,RO227,SCOTTISH GP PRACTICE,"RO227,RO76",https://directory.spineservices.nhs.uk/ORD/2-0-0/organisations/S71415,2022-12-12,,,,,LUCS AAH - WOODLAND HOUSE EH9 2HL
ARK MEDICAL PRACTICE,S25277,FK1 1BA,"9 BOOTH PLACE, FALKIRK",01324 621113,,,,,,,SCOTLAND,scotland,ods_scottish_gp_practice,RO227,SCOTTISH GP PRACTICE,"RO227,RO76",https://directory.spineservices.nhs.uk/ORD/2-0-0/organisations/S25277,2022-08-18,2878,nhs_scotland_gp_practice_contact_details_and_list_sizes,https://www.opendata.nhs.scot/dataset/f23655c3-6e23-4103-a511-a80d998adb90/resource/ceddbf27-0686-4f4b-b9a2-0090d28c3864/download/practice_contact_details_20260101_opendata.csv,20260101,ARK MEDICAL PRACTICE FK1 1BA
SLAMANNAN MEDICAL PRACTICE,S25474,FK1 3EZ,"BANK STREET, SLAMANNAN, FALKIRK",01324 851288,,,,,,,SCOTLAND,scotland,ods_scottish_gp_practice,RO227,SCOTTISH GP PRACTICE,"RO227,RO76",https://directory.spineservices.nhs.uk/ORD/2-0-0/organisations/S25474,2023-01-16,2205,nhs_scotland_gp_practice_contact_details_and_list_sizes,https://www.opendata.nhs.scot/dataset/f23655c3-6e23-4103-a511-a80d998adb90/resource/ceddbf27-0686-4f4b-b9a2-0090d28c3864/download/practice_contact_details_20260101_opendata.csv,20260101,SLAMANNAN MEDICAL PRACTICE FK1 3EZ
CAMELON MEDICAL PRACTICE,S25313,FK1 4PP,"3 BAIRD STREET, CAMELON, FALKIRK",01324 622854,,,,,,,SCOTLAND,scotland,ods_scottish_gp_practice,RO227,SCOTTISH GP PRACTICE,"RO227,RO76",https://directory.spineservices.nhs.uk/ORD/2-0-0/organisations/S25313,2022-08-18,8223,nhs_scotland_gp_practice_contact_details_and_list_sizes,https://www.opendata.nhs.scot/dataset/f23655c3-6e23-4103-a511-a80d998adb90/resource/ceddbf27-0686-4f4b-b9a2-0090d28c3864/download/practice_contact_details_20260101_opendata.csv,20260101,CAMELON MEDICAL PRACTICE FK1 4PP
NHS FORTH VALLEY OOH SERVICE,S25807,FK10 3JQ,"HEALTH CENTRE, HALLPARK ROAD, ALLOA",0845 4242424,,,,,,,SCOTLAND,scotland,ods_scottish_gp_practice,RO227,SCOTTISH GP PRACTICE,"RO227,RO76",https://directory.spineservices.nhs.uk/ORD/2-0-0/organisations/S25807,2022-08-18,,,,,NHS FORTH VALLEY OOH SERVICE FK10 3JQ
OCHIL MEDICAL PRACTICE,S25027,FK10 3JQ,"HEALTH CENTRE, HALLPARK ROAD, ALLOA",01259 724181,,,,,,,SCOTLAND,scotland,ods_scottish_gp_practice,RO227,SCOTTISH GP PRACTICE,"RO227,RO76",https://directory.spineservices.nhs.uk/ORD/2-0-0/organisations/S25027,2023-01-16,10611,nhs_scotland_gp_practice_contact_details_and_list_sizes,https://www.opendata.nhs.scot/dataset/f23655c3-6e23-4103-a511-a80d998adb90/resource/ceddbf27-0686-4f4b-b9a2-0090d28c3864/download/practice_contact_details_20260101_opendata.csv,20260101,OCHIL MEDICAL PRACTICE FK10 3JQ
THE WHINS MEDICAL PRACTICE,S25031,FK10 3JQ,"HALLPARK ROAD, SAUCHIE, ALLOA",01259 216701,,,,,,,SCOTLAND,scotland,ods_scottish_gp_practice,RO227,SCOTTISH GP PRACTICE,"RO227,RO76",https://directory.spineservices.nhs.uk/ORD/2-0-0/organisations/S25031,2023-01-16,6788,nhs_scotland_gp_practice_contact_details_and_list_sizes,https://www.opendata.nhs.scot/dataset/f23655c3-6e23-4103-a511-a80d998adb90/resource/ceddbf27-0686-4f4b-b9a2-0090d28c3864/download/practice_contact_details_20260101_opendata.csv,20260101,THE WHINS MEDICAL PRACTICE FK10 3JQ
CLACKMANNAN & KINCARDINE MEDICAL PRACTICE,S25135,FK10 4JA,"MAIN STREET, CLACKMANNAN",01259 723725,,,,,,,SCOTLAND,scotland,ods_scottish_gp_practice,RO227,SCOTTISH GP PRACTICE,"RO227,RO76",https://directory.spineservices.nhs.uk/ORD/2-0-0/organisations/S25135,2023-01-16,6848,nhs_scotland_gp_practice_contact_details_and_list_sizes,https://www.opendata.nhs.scot/dataset/f23655c3-6e23-4103-a511-a80d998adb90/resource/ceddbf27-0686-4f4b-b9a2-0090d28c3864/download/practice_contact_details_20260101_opendata.csv,20260101,CLACKMANNAN & KINCARDINE MEDICAL PRACTICE FK10 4JA
ALVA MEDICAL PRACTICE,S25046,FK12 5BD,"WEST JOHNSTONE STREET, ALVA",01259 760331,,,,,,,SCOTLAND,scotland,ods_scottish_gp_practice,RO227,SCOTTISH GP PRACTICE,"RO227,RO76",https://directory.spineservices.nhs.uk/ORD/2-0-0/organisations/S25046,2023-01-16,13345,nhs_scotland_gp_practice_contact_details_and_list_sizes,https://www.opendata.nhs.scot/dataset/f23655c3-6e23-4103-a511-a80d998adb90/resource/ceddbf27-0686-4f4b-b9a2-0090d28c3864/download/practice_contact_details_20260101_opendata.csv,20260101,ALVA MEDICAL PRACTICE FK12 5BD
TILLICOULTRY MEDICAL PRACTICE,S25544,FK13 6AG,"PARK STREET, TILLICOULTRY",01259 750531,,,,,,,SCOTLAND,scotland,ods_scottish_gp_practice,RO227,SCOTTISH GP PRACTICE,"RO227,RO76",https://directory.spineservices.nhs.uk/ORD/2-0-0/organisations/S25544,2022-08-18,8330,nhs_scotland_gp_practice_contact_details_and_list_sizes,https://www.opendata.nhs.scot/dataset/f23655c3-6e23-4103-a511-a80d998adb90/resource/ceddbf27-0686-4f4b-b9a2-0090d28c3864/download/practice_contact_details_20260101_opendata.csv,20260101,TILLICOULTRY MEDICAL PRACTICE FK13 6AG
DOLLAR HEALTH CENTRE,S25210,FK14 7AA,"PARK PLACE, DOLLAR",01259 742120,,,,,,,SCOTLAND,scotland,ods_scottish_gp_practice,RO227,SCOTTISH GP PRACTICE,"RO227,RO76",https://directory.spineservices.nhs.uk/ORD/2-0-0/organisations/S25210,2022-08-18,5594,nhs_scotland_gp_practice_contact_details_and_list_sizes,https://www.opendata.nhs.scot/dataset/f23655c3-6e23-4103-a511-a80d998adb90/resource/ceddbf27-0686-4f4b-b9a2-0090d28c3864/download/practice_contact_details_20260101_opendata.csv,20260101,DOLLAR HEALTH CENTRE FK14 7AA
DUNBLANE MEDICAL PRACTICE,S25243,FK15 9BQ,"HEALTH CENTRE, WELL PLACE, DUNBLANE",01786 822595,,,,,,,SCOTLAND,scotland,ods_scottish_gp_practice,RO227,SCOTTISH GP PRACTICE,"RO227,RO76",https://directory.spineservices.nhs.uk/ORD/2-0-0/organisations/S25243,2024-05-22,10761,nhs_scotland_gp_practice_contact_details_and_list_sizes,https://www.opendata.nhs.scot/dataset/f23655c3-6e23-4103-a511-a80d998adb90/resource/ceddbf27-0686-4f4b-b9a2-0090d28c3864/download/practice_contact_details_20260101_opendata.csv,20260101,DUNBLANE MEDICAL PRACTICE FK15 9BQ
DOUNE HEALTH CENTRE,S25224,FK16 6DU,"SPRINGBANK ROAD, DOUNE",01786 841213,,,,,,,SCOTLAND,scotland,ods_scottish_gp_practice,RO227,SCOTTISH GP PRACTICE,"RO227,RO76",https://directory.spineservices.nhs.uk/ORD/2-0-0/organisations/S25224,2022-10-10,4253,nhs_scotland_gp_practice_contact_details_and_list_sizes,https://www.opendata.nhs.scot/dataset/f23655c3-6e23-4103-a511-a80d998adb90/resource/ceddbf27-0686-4f4b-b9a2-0090d28c3864/download/practice_contact_details_20260101_opendata.csv,20260101,DOUNE HEALTH CENTRE FK16 6DU
CALLANDER MEDICAL PRACTICE,S25121,FK17 8LX,"GEISHER ROAD, LAGRANNOCH INDUSTRIAL ESTATE, CALLANDER",01877 331000,,,,,,,SCOTLAND,scotland,ods_scottish_gp_practice,RO227,SCOTTISH GP PRACTICE,"RO227,RO76",https://directory.spineservices.nhs.uk/ORD/2-0-0/organisations/S25121,2023-01-16,4579,nhs_scotland_gp_practice_contact_details_and_list_sizes,https://www.opendata.nhs.scot/dataset/f23655c3-6e23-4103-a511-a80d998adb90/resource/ceddbf27-0686-4f4b-b9a2-0090d28c3864/download/practice_contact_details_20260101_opendata.csv,20260101,CALLANDER MEDICAL PRACTICE FK17 8LX
BRAESVIEW MEDICAL GROUP,S25455,FK2 0XF,"MEADOWBANK HEALTH CENTRE, SALMON INN ROAD, FALKIRK",01324 715540,,,,,,,SCOTLAND,scotland,ods_scottish_gp_practice,RO227,SCOTTISH GP PRACTICE,"RO227,RO76",https://directory.spineservices.nhs.uk/ORD/2-0-0/organisations/S25455,2023-01-16,9713,nhs_scotland_gp_practice_contact_details_and_list_sizes,https://www.opendata.nhs.scot/dataset/f23655c3-6e23-4103-a511-a80d998adb90/resource/ceddbf27-0686-4f4b-b9a2-0090d28c3864/download/practice_contact_details_20260101_opendata.csv,20260101,BRAESVIEW MEDICAL GROUP FK2 0XF
PARKHILL MEDICAL PRACTICE,S25460,FK2 0XF,"MEADOWBANK HEALTH CENTRE, SALMON INN ROAD, FALKIRK",01324 715446,,,,,,,SCOTLAND,scotland,ods_scottish_gp_practice,RO227,SCOTTISH GP PRACTICE,"RO227,RO76",https://directory.spineservices.nhs.uk/ORD/2-0-0/organisations/S25460,2023-01-16,11969,nhs_scotland_gp_practice_contact_details_and_list_sizes,https://www.opendata.nhs.scot/dataset/f23655c3-6e23-4103-a511-a80d998adb90/resource/ceddbf27-0686-4f4b-b9a2-0090d28c3864/download/practice_contact_details_20260101_opendata.csv,20260101,PARKHILL MEDICAL PRACTICE FK2 0XF
POLMONT PARK MEDICAL PRACTICE,S25441,FK2 0XF,"MEADOWBANK HEALTH CENTRE, SALMON INN ROAD, FALKIRK",01324 715753,,,,,,,SCOTLAND,scotland,ods_scottish_gp_practice,RO227,SCOTTISH GP PRACTICE,"RO227,RO76",https://directory.spineservices.nhs.uk/ORD/2-0-0/organisations/S25441,2023-01-16,8569,nhs_scotland_gp_practice_contact_details_and_list_sizes,https://www.opendata.nhs.scot/dataset/f23655c3-6e23-4103-a511-a80d998adb90/resource/ceddbf27-0686-4f4b-b9a2-0090d28c3864/download/practice_contact_details_20260101_opendata.csv,20260101,POLMONT PARK MEDICAL PRACTICE FK2 0XF
WALLACE MEDICAL CENTRE,S25262,FK2 7AZ,"254 THORNHILL ROAD, FALKIRK",01324 622826,,,,,,,SCOTLAND,scotland,ods_scottish_gp_practice,RO227,SCOTTISH GP PRACTICE,"RO227,RO76",https://directory.spineservices.nhs.uk/ORD/2-0-0/organisations/S25262,2022-08-18,8430,nhs_scotland_gp_practice_contact_details_and_list_sizes,https://www.opendata.nhs.scot/dataset/f23655c3-6e23-4103-a511-a80d998adb90/resource/ceddbf27-0686-4f4b-b9a2-0090d28c3864/download/practice_contact_details_20260101_opendata.csv,20260101,WALLACE MEDICAL CENTRE FK2 7AZ
MEEKS ROAD SURGERY,S25281,FK2 7ES,"10 MEEKS ROAD, FALKIRK",01324 619930,,,,,,,SCOTLAND,scotland,ods_scottish_gp_practice,RO227,SCOTTISH GP PRACTICE,"RO227,RO76",https://directory.spineservices.nhs.uk/ORD/2-0-0/organisations/S25281,2022-08-18,10352,nhs_scotland_gp_practice_contact_details_and_list_sizes,https://www.opendata.nhs.scot/dataset/f23655c3-6e23-4103-a511-a80d998adb90/resource/ceddbf27-0686-4f4b-b9a2-0090d28c3864/download/practice_contact_details_20260101_opendata.csv,20260101,MEEKS ROAD SURGERY FK2 7ES
GRAEME MEDICAL CENTRE,S25309,FK2 7HR,"1 WESTERN AVENUE, FALKIRK",01324 624437,,,,,,,SCOTLAND,scotland,ods_scottish_gp_practice,RO227,SCOTTISH GP PRACTICE,"RO227,RO76",https://directory.spineservices.nhs.uk/ORD/2-0-0/organisations/S25309,2022-08-18,5146,nhs_scotland_gp_practice_contact_details_and_list_sizes,https://www.opendata.nhs.scot/dataset/f23655c3-6e23-4103-a511-a80d998adb90/resource/ceddbf27-0686-4f4b-b9a2-0090d28c3864/download/practice_contact_details_20260101_opendata.csv,20260101,GRAEME MEDICAL CENTRE FK2 7HR
CARRON MEDICAL CENTRE,S25652,FK2 7TA,"RONADES ROAD, BAINSFORD, FALKIRK",01324 619940,,,,,,,SCOTLAND,scotland,ods_scottish_gp_practice,RO227,SCOTTISH GP PRACTICE,"RO227,RO76",https://directory.spineservices.nhs.uk/ORD/2-0-0/organisations/S25652,2022-08-18,4616,nhs_scotland_gp_practice_contact_details_and_list_sizes,https://www.opendata.nhs.scot/dataset/f23655c3-6e23-4103-a511-a80d998adb90/resource/ceddbf27-0686-4f4b-b9a2-0090d28c3864/download/practice_contact_details_20260101_opendata.csv,20260101,CARRON MEDICAL CENTRE FK2 7TA
KILLIN MEDICAL PRACTICE,S25351,FK21 8TQ,"LAGGAN LEIGHEAS, BALLECHROISK, KILLIN",01567 820213,,,,,,,SCOTLAND,scotland,ods_scottish_gp_practice,RO227,SCOTTISH GP PRACTICE,"RO227,RO76",https://directory.spineservices.nhs.uk/ORD/2-0-0/organisations/S25351,2023-01-16,1561,nhs_scotland_gp_practice_contact_details_and_list_sizes,https://www.opendata.nhs.scot/dataset/f23655c3-6e23-4103-a511-a80d998adb90/resource/ceddbf27-0686-4f4b-b9a2-0090d28c3864/download/practice_contact_details_20260101_opendata.csv,20260101,KILLIN MEDICAL PRACTICE FK21 8TQ
BO'NESS ROAD MEDICAL PRACTICE,S25332,FK3 8AN,"33 BO'NESS ROAD, GRANGEMOUTH",01324 482653,,,,,,,SCOTLAND,scotland,ods_scottish_gp_practice,RO227,SCOTTISH GP PRACTICE,"RO227,RO76",https://directory.spineservices.nhs.uk/ORD/2-0-0/organisations/S25332,2022-08-18,7698,nhs_scotland_gp_practice_contact_details_and_list_sizes,https://www.opendata.nhs.scot/dataset/f23655c3-6e23-4103-a511-a80d998adb90/resource/ceddbf27-0686-4f4b-b9a2-0090d28c3864/download/practice_contact_details_20260101_opendata.csv,20260101,BO'NESS ROAD MEDICAL PRACTICE FK3 8AN
ANTONINE MEDICAL PRACTICE,S25192,FK4 1ED,"LARBERT ROAD, BONNYBRIDGE",01324 812315,,,,,,,SCOTLAND,scotland,ods_scottish_gp_practice,RO227,SCOTTISH GP PRACTICE,"RO227,RO76",https://directory.spineservices.nhs.uk/ORD/2-0-0/organisations/S25192,2022-08-18,4830,nhs_scotland_gp_practice_contact_details_and_list_sizes,https://www.opendata.nhs.scot/dataset/f23655c3-6e23-4103-a511-a80d998adb90/resource/ceddbf27-0686-4f4b-b9a2-0090d28c3864/download/practice_contact_details_20260101_opendata.csv,20260101,ANTONINE MEDICAL PRACTICE FK4 1ED
BONNYBANK MEDICAL PRACTICE,S25205,FK4 1ED,"BONNYBRIDGE HEALTH CENTRE, LARBERT ROAD, BONNYBRIDGE",01324 812613,,,,,,,SCOTLAND,scotland,ods_scottish_gp_practice,RO227,SCOTTISH GP PRACTICE,"RO227,RO76",https://directory.spineservices.nhs.uk/ORD/2-0-0/organisations/S25205,2022-08-18,8238,nhs_scotland_gp_practice_contact_details_and_list_sizes,https://www.opendata.nhs.scot/dataset/f23655c3-6e23-4103-a511-a80d998adb90/resource/ceddbf27-0686-4f4b-b9a2-0090d28c3864/download/practice_contact_details_20260101_opendata.csv,20260101,BONNYBANK MEDICAL PRACTICE FK4 1ED
OCHILVIEW PRACTICE,S25671,FK5 3BB,"STENHOUSEMUIR HEALTH CENTRE, PARK DRIVE, LARBERT",01324 554136,,,,,,,SCOTLAND,scotland,ods_scottish_gp_practice,RO227,SCOTTISH GP PRACTICE,"RO227,RO76",https://directory.spineservices.nhs.uk/ORD/2-0-0/organisations/S25671,2023-01-16,5832,nhs_scotland_gp_practice_contact_details_and_list_sizes,https://www.opendata.nhs.scot/dataset/f23655c3-6e23-4103-a511-a80d998adb90/resource/ceddbf27-0686-4f4b-b9a2-0090d28c3864/download/practice_contact_details_20260101_opendata.csv,20260101,OCHILVIEW PRACTICE FK5 3BB
PARKVIEW PRACTICE,S25402,FK5 3BB,"STENHOUSEMUIR HEALTH CENTRE, PARK DRIVE, LARBERT",01324 554411,,,,,,,SCOTLAND,scotland,ods_scottish_gp_practice,RO227,SCOTTISH GP PRACTICE,"RO227,RO76",https://directory.spineservices.nhs.uk/ORD/2-0-0/organisations/S25402,2023-01-16,5168,nhs_scotland_gp_practice_contact_details_and_list_sizes,https://www.opendata.nhs.scot/dataset/f23655c3-6e23-4103-a511-a80d998adb90/resource/ceddbf27-0686-4f4b-b9a2-0090d28c3864/download/practice_contact_details_20260101_opendata.csv,20260101,PARKVIEW PRACTICE FK5 3BB
STENHOUSE PRACTICE,S25597,FK5 3BB,"STENHOUSEMUIR HEALTH CENTRE, PARK DRIVE, LARBERT",01324 570570,,,,,,,SCOTLAND,scotland,ods_scottish_gp_practice,RO227,SCOTTISH GP PRACTICE,"RO227,RO76",https://directory.spineservices.nhs.uk/ORD/2-0-0/organisations/S25597,2023-01-16,3457,nhs_scotland_gp_practice_contact_details_and_list_sizes,https://www.opendata.nhs.scot/dataset/f23655c3-6e23-4103-a511-a80d998adb90/resource/ceddbf27-0686-4f4b-b9a2-0090d28c3864/download/practice_contact_details_20260101_opendata.csv,20260101,STENHOUSE PRACTICE FK5 3BB
VIEWPOINT MEDICAL PRACTICE,S25390,FK5 3BB,"STENHOUSEMUIR HEALTH CENTRE, PARK DRIVE, LARBERT",01324 552200,,,,,,,SCOTLAND,scotland,ods_scottish_gp_practice,RO227,SCOTTISH GP PRACTICE,"RO227,RO76",https://directory.spineservices.nhs.uk/ORD/2-0-0/organisations/S25390,2023-01-16,6347,nhs_scotland_gp_practice_contact_details_and_list_sizes,https://www.opendata.nhs.scot/dataset/f23655c3-6e23-4103-a511-a80d998adb90/resource/ceddbf27-0686-4f4b-b9a2-0090d28c3864/download/practice_contact_details_20260101_opendata.csv,20260101,VIEWPOINT MEDICAL PRACTICE FK5 3BB
TRYST MEDICAL CENTRE,S25648,FK5 4HT,"431 KING STREET, STENHOUSEMUIR, LARBERT",01324 551555,,,,,,,SCOTLAND,scotland,ods_scottish_gp_practice,RO227,SCOTTISH GP PRACTICE,"RO227,RO76",https://directory.spineservices.nhs.uk/ORD/2-0-0/organisations/S25648,2022-08-18,6264,nhs_scotland_gp_practice_contact_details_and_list_sizes,https://www.opendata.nhs.scot/dataset/f23655c3-6e23-4103-a511-a80d998adb90/resource/ceddbf27-0686-4f4b-b9a2-0090d28c3864/download/practice_contact_details_20260101_opendata.csv,20260101,TRYST MEDICAL CENTRE FK5 4HT
GP OUT OF HOURS SERVICE,S25811,FK5 4WR,"MENTAL HEALTH UNIT, FORTH VALLEY ROYAL HOSPITAL, LARBERT",0845 4242424,,,,,,,SCOTLAND,scotland,ods_scottish_gp_practice,RO227,SCOTTISH GP PRACTICE,"RO227,RO76",https://directory.spineservices.nhs.uk/ORD/2-0-0/organisations/S25811,2022-08-18,,,,,GP OUT OF HOURS SERVICE FK5 4WR
STRATHCARRON HOSPICE,S25614,FK6 5HJ,"RANDOLPH HILL, DENNY",01324 826222,,,,,,,SCOTLAND,scotland,ods_scottish_gp_practice,RO227,SCOTTISH GP PRACTICE,"RO227,RO76",https://directory.spineservices.nhs.uk/ORD/2-0-0/organisations/S25614,2023-01-16,,,,,STRATHCARRON HOSPICE FK6 5HJ
DENNY CROSS MEDICAL CENTRE,S25173,FK6 6DB,"1 DUKE STREET, DENNY",01324 822330,,,,,,,SCOTLAND,scotland,ods_scottish_gp_practice,RO227,SCOTTISH GP PRACTICE,"RO227,RO76",https://directory.spineservices.nhs.uk/ORD/2-0-0/organisations/S25173,2022-08-18,5709,nhs_scotland_gp_practice_contact_details_and_list_sizes,https://www.opendata.nhs.scot/dataset/f23655c3-6e23-4103-a511-a80d998adb90/resource/ceddbf27-0686-4f4b-b9a2-0090d28c3864/download/practice_contact_details_20260101_opendata.csv,20260101,DENNY CROSS MEDICAL CENTRE FK6 6DB
CARRONBANK MEDICAL PRACTICE,S25188,FK6 6GD,"DENNY HEALTH CENTRE, CARRONBANK CRESCENT, DENNY",01324 822382,,,,,,,SCOTLAND,scotland,ods_scottish_gp_practice,RO227,SCOTTISH GP PRACTICE,"RO227,RO76",https://directory.spineservices.nhs.uk/ORD/2-0-0/organisations/S25188,2023-01-16,10631,nhs_scotland_gp_practice_contact_details_and_list_sizes,https://www.opendata.nhs.scot/dataset/f23655c3-6e23-4103-a511-a80d998adb90/resource/ceddbf27-0686-4f4b-b9a2-0090d28c3864/download/practice_contact_details_20260101_opendata.csv,20260101,CARRONBANK MEDICAL PRACTICE FK6 6GD
ALBA MEDICAL GROUP,S26015,FK7 0HW,"ALBA MEDICAL GROUP FORTH VALLEY, 2 FIRS ENTRY, STIRLING",,,,,,,,SCOTLAND,scotland,ods_scottish_gp_practice,RO227,SCOTTISH GP PRACTICE,"RO227,RO76",https://directory.spineservices.nhs.uk/ORD/2-0-0/organisations/S26015,2022-10-11,28771,nhs_scotland_gp_practice_contact_details_and_list_sizes,https://www.opendata.nhs.scot/dataset/f23655c3-6e23-4103-a511-a80d998adb90/resource/ceddbf27-0686-4f4b-b9a2-0090d28c3864/download/practice_contact_details_20260101_opendata.csv,20260101,ALBA MEDICAL GROUP FK7 0HW
FALLIN HEALTH CENTRE,S25169,FK7 7JD,"STIRLING ROAD, FALLIN, STIRLING",01786 812412,,,,,,,SCOTLAND,scotland,ods_scottish_gp_practice,RO227,SCOTTISH GP PRACTICE,"RO227,RO76",https://directory.spineservices.nhs.uk/ORD/2-0-0/organisations/S25169,2023-01-16,6657,nhs_scotland_gp_practice_contact_details_and_list_sizes,https://www.opendata.nhs.scot/dataset/f23655c3-6e23-4103-a511-a80d998adb90/resource/ceddbf27-0686-4f4b-b9a2-0090d28c3864/download/practice_contact_details_20260101_opendata.csv,20260101,FALLIN HEALTH CENTRE FK7 7JD
TOR MEDICAL GROUP,S25991,FK7 8DW,"CARBROOK DRIVE, PLEAN, STIRLING",01786 817118,,,,,,,SCOTLAND,scotland,ods_scottish_gp_practice,RO227,SCOTTISH GP PRACTICE,"RO227,RO76",https://directory.spineservices.nhs.uk/ORD/2-0-0/organisations/S25991,2023-01-16,3936,nhs_scotland_gp_practice_contact_details_and_list_sizes,https://www.opendata.nhs.scot/dataset/f23655c3-6e23-4103-a511-a80d998adb90/resource/ceddbf27-0686-4f4b-b9a2-0090d28c3864/download/practice_contact_details_20260101_opendata.csv,20260101,TOR MEDICAL GROUP FK7 8DW
ORCHARD HOUSE HEALTH CENTRE,S25525,FK8 1PH,"UNION STREET, STIRLING",01786 450394,,,,,,,SCOTLAND,scotland,ods_scottish_gp_practice,RO227,SCOTTISH GP PRACTICE,"RO227,RO76",https://directory.spineservices.nhs.uk/ORD/2-0-0/organisations/S25525,2023-01-16,4361,nhs_scotland_gp_practice_contact_details_and_list_sizes,https://www.opendata.nhs.scot/dataset/f23655c3-6e23-4103-a511-a80d998adb90/resource/ceddbf27-0686-4f4b-b9a2-0090d28c3864/download/practice_contact_details_20260101_opendata.csv,20260101,ORCHARD HOUSE HEALTH CENTRE FK8 1PH
BELLFIELD CENTRE,S25987,FK8 2AU,"STIRLING HEALTH AND CARE VILLAGE, LIVILANDS GATE, STIRLING",01786 444818,,,,,,,SCOTLAND,scotland,ods_scottish_gp_practice,RO227,SCOTTISH GP PRACTICE,"RO227,RO76",https://directory.spineservices.nhs.uk/ORD/2-0-0/organisations/S25987,2022-11-18,,,,,BELLFIELD CENTRE FK8 2AU
GP OUT OF HOURS SERVICE,S25794,FK8 2AU,"LIVILANDS GATE, STIRLING COMMUNITY HOSPITAL, STIRLING",0845 4242424,,,,,,,SCOTLAND,scotland,ods_scottish_gp_practice,RO227,SCOTTISH GP PRACTICE,"RO227,RO76",https://directory.spineservices.nhs.uk/ORD/2-0-0/organisations/S25794,2022-08-18,,,,,GP OUT OF HOURS SERVICE FK8 2AU
PARK AVENUE MEDICAL CENTRE,S25582,FK8 2AU,"GP CENTRE, LIVILANDS, STIRLING",01786 473529,,,,,,,SCOTLAND,scotland,ods_scottish_gp_practice,RO227,SCOTTISH GP PRACTICE,"RO227,RO76",https://directory.spineservices.nhs.uk/ORD/2-0-0/organisations/S25582,2022-10-10,8064,nhs_scotland_gp_practice_contact_details_and_list_sizes,https://www.opendata.nhs.scot/dataset/f23655c3-6e23-4103-a511-a80d998adb90/resource/ceddbf27-0686-4f4b-b9a2-0090d28c3864/download/practice_contact_details_20260101_opendata.csv,20260101,PARK AVENUE MEDICAL CENTRE FK8 2AU
PARK TERRACE MEDICAL PRACTICE,S25506,FK8 2AU,"THE GP AND MINOR INJURY SERVICE, LIVILANDS, STIRLING",01786 445888,,,,,,,SCOTLAND,scotland,ods_scottish_gp_practice,RO227,SCOTTISH GP PRACTICE,"RO227,RO76",https://directory.spineservices.nhs.uk/ORD/2-0-0/organisations/S25506,2022-11-18,7471,nhs_scotland_gp_practice_contact_details_and_list_sizes,https://www.opendata.nhs.scot/dataset/f23655c3-6e23-4103-a511-a80d998adb90/resource/ceddbf27-0686-4f4b-b9a2-0090d28c3864/download/practice_contact_details_20260101_opendata.csv,20260101,PARK TERRACE MEDICAL PRACTICE FK8 2AU
VIEWFIELD MEDICAL PRACTICE,S25737,FK8 2AU,"THE GP AND MINOR INJURY SERVICE, LIVILANDS, STIRLING",01786 434720,,,,,,,SCOTLAND,scotland,ods_scottish_gp_practice,RO227,SCOTTISH GP PRACTICE,"RO227,RO76",https://directory.spineservices.nhs.uk/ORD/2-0-0/organisations/S25737,2022-08-24,10698,nhs_scotland_gp_practice_contact_details_and_list_sizes,https://www.opendata.nhs.scot/dataset/f23655c3-6e23-4103-a511-a80d998adb90/resource/ceddbf27-0686-4f4b-b9a2-0090d28c3864/download/practice_contact_details_20260101_opendata.csv,20260101,VIEWFIELD MEDICAL PRACTICE FK8 2AU
ALLAN PARK MEDICAL PRACTICE,S25686,FK8 2QD,"19 ALLAN PARK, STIRLING",01786 451375,,,,,,,SCOTLAND,scotland,ods_scottish_gp_practice,RO227,SCOTTISH GP PRACTICE,"RO227,RO76",https://directory.spineservices.nhs.uk/ORD/2-0-0/organisations/S25686,2022-08-18,3676,nhs_scotland_gp_practice_contact_details_and_list_sizes,https://www.opendata.nhs.scot/dataset/f23655c3-6e23-4103-a511-a80d998adb90/resource/ceddbf27-0686-4f4b-b9a2-0090d28c3864/download/practice_contact_details_20260101_opendata.csv,20260101,ALLAN PARK MEDICAL PRACTICE FK8 2QD
KIPPEN SURGERY,S25366,FK8 3DZ,"CASTLEHILL LOAN, KIPPEN, STIRLING",01786 870369,,,,,,,SCOTLAND,scotland,ods_scottish_gp_practice,RO227,SCOTTISH GP PRACTICE,"RO227,RO76",https://directory.spineservices.nhs.uk/ORD/2-0-0/organisations/S25366,2023-01-16,2389,nhs_scotland_gp_practice_contact_details_and_list_sizes,https://www.opendata.nhs.scot/dataset/f23655c3-6e23-4103-a511-a80d998adb90/resource/ceddbf27-0686-4f4b-b9a2-0090d28c3864/download/practice_contact_details_20260101_opendata.csv,20260101,KIPPEN SURGERY FK8 3DZ
ABERFOYLE & BUCHLYVIE MEDICAL CENTRES,S25968,FK8 3NB,"STATION ROAD, BUCHLYVIE, STIRLING",01877 382421,,,,,,,SCOTLAND,scotland,ods_scottish_gp_practice,RO227,SCOTTISH GP PRACTICE,"RO227,RO76",https://directory.spineservices.nhs.uk/ORD/2-0-0/organisations/S25968,2023-01-16,2389,nhs_scotland_gp_practice_contact_details_and_list_sizes,https://www.opendata.nhs.scot/dataset/f23655c3-6e23-4103-a511-a80d998adb90/resource/ceddbf27-0686-4f4b-b9a2-0090d28c3864/download/practice_contact_details_20260101_opendata.csv,20260101,ABERFOYLE & BUCHLYVIE MEDICAL CENTRES FK8 3NB
BRIDGE OF ALLAN HEALTH CENTRE,S25101,FK9 4EU,"FOUNTAIN ROAD, BRIDGE OF ALLAN, STIRLING",01786 833210,,,,,,,SCOTLAND,scotland,ods_scottish_gp_practice,RO227,SCOTTISH GP PRACTICE,"RO227,RO76",https://directory.spineservices.nhs.uk/ORD/2-0-0/organisations/S25101,2023-01-16,7028,nhs_scotland_gp_practice_contact_details_and_list_sizes,https://www.opendata.nhs.scot/dataset/f23655c3-6e23-4103-a511-a80d998adb90/resource/ceddbf27-0686-4f4b-b9a2-0090d28c3864/download/practice_contact_details_20260101_opendata.csv,20260101,BRIDGE OF ALLAN HEALTH CENTRE FK9 4EU
COMMON CLINICAL CONDITIONS PILOT,S25934,FK9 4LA,"UNIVERSITY OF STIRLING, ANDREW MILLER BULIDING, STIRLING",01786 463303,,,,,,,SCOTLAND,scotland,ods_scottish_gp_practice,RO227,SCOTTISH GP PRACTICE,"RO227,RO76",https://directory.spineservices.nhs.uk/ORD/2-0-0/organisations/S25934,2022-11-18,,,,,COMMON CLINICAL CONDITIONS PILOT FK9 4LA
AIRTHREY PARK MEDICAL CENTRE,S25559,FK9 4NJ,"HERMITAGE ROAD, UNIVERSITY OF STIRLING, STIRLING",01786 463831,,,,,,,SCOTLAND,scotland,ods_scottish_gp_practice,RO227,SCOTTISH GP PRACTICE,"RO227,RO76",https://directory.spineservices.nhs.uk/ORD/2-0-0/organisations/S25559,2022-08-18,8313,nhs_scotland_gp_practice_contact_details_and_list_sizes,https://www.opendata.nhs.scot/dataset/f23655c3-6e23-4103-a511-a80d998adb90/resource/ceddbf27-0686-4f4b-b9a2-0090d28c3864/download/practice_contact_details_20260101_opendata.csv,20260101,AIRTHREY PARK MEDICAL CENTRE FK9 4NJ
DIRECT PATIENT CARE SERVICE,S25826,FK9 4TS,"CARSEVIEW HOUSE, CASTLE BUSINESS PARK, STIRLING",01324 624000,,,,,,,SCOTLAND,scotland,ods_scottish_gp_practice,RO227,SCOTTISH GP PRACTICE,"RO227,RO76",https://directory.spineservices.nhs.uk/ORD/2-0-0/organisations/S25826,2026-01-12,27,nhs_scotland_gp_practice_contact_details_and_list_sizes,https://www.opendata.nhs.scot/dataset/f23655c3-6e23-4103-a511-a80d998adb90/resource/ceddbf27-0686-4f4b-b9a2-0090d28c3864/download/practice_contact_details_20260101_opendata.csv,20260101,DIRECT PATIENT CARE SERVICE FK9 4TS
GP FELLOWS,S25915,FK9 4TS,"CARSEVIEW HOUSE, CASTLE BUSINESS PARK, STIRLING",01786 463031,,,,,,,SCOTLAND,scotland,ods_scottish_gp_practice,RO227,SCOTTISH GP PRACTICE,"RO227,RO76",https://directory.spineservices.nhs.uk/ORD/2-0-0/organisations/S25915,2026-01-12,,,,,GP FELLOWS FK9 4TS
PHARMACY FIRST,S25949,FK9 4TS,"CARSEVIEW HOUSE, CASTLE BUSINESS PARK, STIRLING",01324 673611,,,,,,,SCOTLAND,scotland,ods_scottish_gp_practice,RO227,SCOTTISH GP PRACTICE,"RO227,RO76",https://directory.spineservices.nhs.uk/ORD/2-0-0/organisations/S25949,2026-01-12,,,,,PHARMACY FIRST FK9 4TS
PORTFOLIO GPS,S25920,FK9 4TS,"CARSEVIEW HOUSE, CASTLE BUSINESS PARK, STIRLING",01786 463031,,,,,,,SCOTLAND,scotland,ods_scottish_gp_practice,RO227,SCOTTISH GP PRACTICE,"RO227,RO76",https://directory.spineservices.nhs.uk/ORD/2-0-0/organisations/S25920,2026-01-12,,,,,PORTFOLIO GPS FK9 4TS
PEEL STREET MEDICAL CENTRE,S40296,G11 5LL,"11 PEEL STREET, GLASGOW",01413 349331,,,,,,,SCOTLAND,scotland,ods_scottish_gp_practice,RO227,SCOTTISH GP PRACTICE,"RO227,RO76",https://directory.spineservices.nhs.uk/ORD/2-0-0/organisations/S40296,2022-11-18,2008,nhs_scotland_gp_practice_contact_details_and_list_sizes,https://www.opendata.nhs.scot/dataset/f23655c3-6e23-4103-a511-a80d998adb90/resource/ceddbf27-0686-4f4b-b9a2-0090d28c3864/download/practice_contact_details_20260101_opendata.csv,20260101,PEEL STREET MEDICAL CENTRE G11 5LL
GARDNER STREET SURGERY,S40192,G11 5NG,"THE SURGERY, 16 GARDNER STREET, GLASGOW",01413 342215,,,,,,,SCOTLAND,scotland,ods_scottish_gp_practice,RO227,SCOTTISH GP PRACTICE,"RO227,RO76",https://directory.spineservices.nhs.uk/ORD/2-0-0/organisations/S40192,2022-11-18,3437,nhs_scotland_gp_practice_contact_details_and_list_sizes,https://www.opendata.nhs.scot/dataset/f23655c3-6e23-4103-a511-a80d998adb90/resource/ceddbf27-0686-4f4b-b9a2-0090d28c3864/download/practice_contact_details_20260101_opendata.csv,20260101,GARDNER STREET SURGERY G11 5NG
ABINGDON MEDICAL PRACTICE,S40070,G11 5PE,"12 STEWARTVILLE STREET, GLASGOW",01413 390902,,,,,,,SCOTLAND,scotland,ods_scottish_gp_practice,RO227,SCOTTISH GP PRACTICE,"RO227,RO76",https://directory.spineservices.nhs.uk/ORD/2-0-0/organisations/S40070,2022-11-18,3570,nhs_scotland_gp_practice_contact_details_and_list_sizes,https://www.opendata.nhs.scot/dataset/f23655c3-6e23-4103-a511-a80d998adb90/resource/ceddbf27-0686-4f4b-b9a2-0090d28c3864/download/practice_contact_details_20260101_opendata.csv,20260101,ABINGDON MEDICAL PRACTICE G11 5PE
THE BROOMHILL PRACTICE,S40121,G11 7AD,"41 BROOMHILL DRIVE, GLASGOW",01413 393626,,,,,,,SCOTLAND,scotland,ods_scottish_gp_practice,RO227,SCOTTISH GP PRACTICE,"RO227,RO76",https://directory.spineservices.nhs.uk/ORD/2-0-0/organisations/S40121,2022-11-18,7363,nhs_scotland_gp_practice_contact_details_and_list_sizes,https://www.opendata.nhs.scot/dataset/f23655c3-6e23-4103-a511-a80d998adb90/resource/ceddbf27-0686-4f4b-b9a2-0090d28c3864/download/practice_contact_details_20260101_opendata.csv,20260101,THE BROOMHILL PRACTICE G11 7AD
APSLEY STREET SURGERY,S40277,G11 7SY,"14 APSLEY STREET, GLASGOW",01413 392960,,,,,,,SCOTLAND,scotland,ods_scottish_gp_practice,RO227,SCOTTISH GP PRACTICE,"RO227,RO76",https://directory.spineservices.nhs.uk/ORD/2-0-0/organisations/S40277,2025-04-22,4494,nhs_scotland_gp_practice_contact_details_and_list_sizes,https://www.opendata.nhs.scot/dataset/f23655c3-6e23-4103-a511-a80d998adb90/resource/ceddbf27-0686-4f4b-b9a2-0090d28c3864/download/practice_contact_details_20260101_opendata.csv,20260101,APSLEY STREET SURGERY G11 7SY
BUCKINGHAMTERRACEMEDICALPRACTICE,S40012,G12 8ED,"BUCKINGHAM TERRACE MEDICAL PRACTICE, 31 BUCKINGHAM TERRACE, GLASGOW",01412 116210,,,,,,,SCOTLAND,scotland,ods_scottish_gp_practice,RO227,SCOTTISH GP PRACTICE,"RO227,RO76",https://directory.spineservices.nhs.uk/ORD/2-0-0/organisations/S40012,2023-01-13,8426,nhs_scotland_gp_practice_contact_details_and_list_sizes,https://www.opendata.nhs.scot/dataset/f23655c3-6e23-4103-a511-a80d998adb90/resource/ceddbf27-0686-4f4b-b9a2-0090d28c3864/download/practice_contact_details_20260101_opendata.csv,20260101,BUCKINGHAMTERRACEMEDICALPRACTICE G12 8ED
DR A KHAN,S40460,G12 8ND,"BANK STREET SURGERY, 26 BANK STREET, GLASGOW",01413 395513,,,,,,,SCOTLAND,scotland,ods_scottish_gp_practice,RO227,SCOTTISH GP PRACTICE,"RO227,RO76",https://directory.spineservices.nhs.uk/ORD/2-0-0/organisations/S40460,2022-11-18,2718,nhs_scotland_gp_practice_contact_details_and_list_sizes,https://www.opendata.nhs.scot/dataset/f23655c3-6e23-4103-a511-a80d998adb90/resource/ceddbf27-0686-4f4b-b9a2-0090d28c3864/download/practice_contact_details_20260101_opendata.csv,20260101,DR A KHAN G12 8ND
ASHTON MEDICAL PRACTICE,S40718,G12 8SP,"ASHTON HOUSE, 3 ASHTON ROAD, GLASGOW",01413 397266,,,,,,,SCOTLAND,scotland,ods_scottish_gp_practice,RO227,SCOTTISH GP PRACTICE,"RO227,RO76",https://directory.spineservices.nhs.uk/ORD/2-0-0/organisations/S40718,2022-11-18,6830,nhs_scotland_gp_practice_contact_details_and_list_sizes,https://www.opendata.nhs.scot/dataset/f23655c3-6e23-4103-a511-a80d998adb90/resource/ceddbf27-0686-4f4b-b9a2-0090d28c3864/download/practice_contact_details_20260101_opendata.csv,20260101,ASHTON MEDICAL PRACTICE G12 8SP
DR FIONA TAYLOR & PARTNERS,S40351,G12 9JE,"91 HYNDLAND ROAD, HYNDLAND, GLASGOW",01413 397869,,,,,,,SCOTLAND,scotland,ods_scottish_gp_practice,RO227,SCOTTISH GP PRACTICE,"RO227,RO76",https://directory.spineservices.nhs.uk/ORD/2-0-0/organisations/S40351,2025-12-11,5663,nhs_scotland_gp_practice_contact_details_and_list_sizes,https://www.opendata.nhs.scot/dataset/f23655c3-6e23-4103-a511-a80d998adb90/resource/ceddbf27-0686-4f4b-b9a2-0090d28c3864/download/practice_contact_details_20260101_opendata.csv,20260101,DR FIONA TAYLOR & PARTNERS G12 9JE
NORTHCOTE SURGERY,S40140,G12 9LD,"2 VICTORIA CIRCUS, GLASGOW",01413 393211,,,,,,,SCOTLAND,scotland,ods_scottish_gp_practice,RO227,SCOTTISH GP PRACTICE,"RO227,RO76",https://directory.spineservices.nhs.uk/ORD/2-0-0/organisations/S40140,2022-11-18,12037,nhs_scotland_gp_practice_contact_details_and_list_sizes,https://www.opendata.nhs.scot/dataset/f23655c3-6e23-4103-a511-a80d998adb90/resource/ceddbf27-0686-4f4b-b9a2-0090d28c3864/download/practice_contact_details_20260101_opendata.csv,20260101,NORTHCOTE SURGERY G12 9LD
FULTON STREET MEDICAL CENTRE,S40008,G13 1JE,"FULTON STREET SURGERY, 94 FULTON STREET, GLASGOW",01419 593391,,,,,,,SCOTLAND,scotland,ods_scottish_gp_practice,RO227,SCOTTISH GP PRACTICE,"RO227,RO76",https://directory.spineservices.nhs.uk/ORD/2-0-0/organisations/S40008,2022-11-18,6263,nhs_scotland_gp_practice_contact_details_and_list_sizes,https://www.opendata.nhs.scot/dataset/f23655c3-6e23-4103-a511-a80d998adb90/resource/ceddbf27-0686-4f4b-b9a2-0090d28c3864/download/practice_contact_details_20260101_opendata.csv,20260101,FULTON STREET MEDICAL CENTRE G13 1JE
KNIGHTSWOOD MEDICAL PRACTICE,S40332,G13 2SW,"1980 GREAT WESTERN ROAD, GLASGOW",01419 591196,,,,,,,SCOTLAND,scotland,ods_scottish_gp_practice,RO227,SCOTTISH GP PRACTICE,"RO227,RO76",https://directory.spineservices.nhs.uk/ORD/2-0-0/organisations/S40332,2022-11-18,5720,nhs_scotland_gp_practice_contact_details_and_list_sizes,https://www.opendata.nhs.scot/dataset/f23655c3-6e23-4103-a511-a80d998adb90/resource/ceddbf27-0686-4f4b-b9a2-0090d28c3864/download/practice_contact_details_20260101_opendata.csv,20260101,KNIGHTSWOOD MEDICAL PRACTICE G13 2SW
ANNIESLAND MEDICAL PRACTICE,S40051,G13 2UP,"46 MUNRO PLACE, GLASGOW",01419 548860,,,,,,,SCOTLAND,scotland,ods_scottish_gp_practice,RO227,SCOTTISH GP PRACTICE,"RO227,RO76",https://directory.spineservices.nhs.uk/ORD/2-0-0/organisations/S40051,2022-11-18,9022,nhs_scotland_gp_practice_contact_details_and_list_sizes,https://www.opendata.nhs.scot/dataset/f23655c3-6e23-4103-a511-a80d998adb90/resource/ceddbf27-0686-4f4b-b9a2-0090d28c3864/download/practice_contact_details_20260101_opendata.csv,20260101,ANNIESLAND MEDICAL PRACTICE G13 2UP
DRS SMITH & GORMLEY,S40390,G13 4PU,"YOKERMILL MEDICAL CENTRE, 6 YOKERMILL ROAD, GLASGOW",01419 592118,,,,,,,SCOTLAND,scotland,ods_scottish_gp_practice,RO227,SCOTTISH GP PRACTICE,"RO227,RO76",https://directory.spineservices.nhs.uk/ORD/2-0-0/organisations/S40390,2023-05-15,2359,nhs_scotland_gp_practice_contact_details_and_list_sizes,https://www.opendata.nhs.scot/dataset/f23655c3-6e23-4103-a511-a80d998adb90/resource/ceddbf27-0686-4f4b-b9a2-0090d28c3864/download/practice_contact_details_20260101_opendata.csv,20260101,DRS SMITH & GORMLEY G13 4PU
PENNAN PRACTICE,S40084,G14 0EA,"20 PENNAN PLACE, GLASGOW",01419 591704,,,,,,,SCOTLAND,scotland,ods_scottish_gp_practice,RO227,SCOTTISH GP PRACTICE,"RO227,RO76",https://directory.spineservices.nhs.uk/ORD/2-0-0/organisations/S40084,2022-11-18,2643,nhs_scotland_gp_practice_contact_details_and_list_sizes,https://www.opendata.nhs.scot/dataset/f23655c3-6e23-4103-a511-a80d998adb90/resource/ceddbf27-0686-4f4b-b9a2-0090d28c3864/download/practice_contact_details_20260101_opendata.csv,20260101,PENNAN PRACTICE G14 0EA
YOKER MEDICAL CENTRE,S40525,G14 0NT,"2383 DUMBARTON ROAD, YOKER, GLASGOW",01412 116999,,,,,,,SCOTLAND,scotland,ods_scottish_gp_practice,RO227,SCOTTISH GP PRACTICE,"RO227,RO76",https://directory.spineservices.nhs.uk/ORD/2-0-0/organisations/S40525,2022-11-18,4838,nhs_scotland_gp_practice_contact_details_and_list_sizes,https://www.opendata.nhs.scot/dataset/f23655c3-6e23-4103-a511-a80d998adb90/resource/ceddbf27-0686-4f4b-b9a2-0090d28c3864/download/practice_contact_details_20260101_opendata.csv,20260101,YOKER MEDICAL CENTRE G14 0NT
THE CAIRNTOUL PRACTICE,S40493,G14 0XT,"9 CAIRNTOUL DRIVE, GLASGOW",01419 595519,,,,,,,SCOTLAND,scotland,ods_scottish_gp_practice,RO227,SCOTTISH GP PRACTICE,"RO227,RO76",https://directory.spineservices.nhs.uk/ORD/2-0-0/organisations/S40493,2022-11-18,2050,nhs_scotland_gp_practice_contact_details_and_list_sizes,https://www.opendata.nhs.scot/dataset/f23655c3-6e23-4103-a511-a80d998adb90/resource/ceddbf27-0686-4f4b-b9a2-0090d28c3864/download/practice_contact_details_20260101_opendata.csv,20260101,THE CAIRNTOUL PRACTICE G14 0XT
GLASGOW WEST MEDICAL PRACTICE,S40629,G14 9PS,"1264 DUMBARTON ROAD, GLASGOW",01419 596311,,,,,,,SCOTLAND,scotland,ods_scottish_gp_practice,RO227,SCOTTISH GP PRACTICE,"RO227,RO76",https://directory.spineservices.nhs.uk/ORD/2-0-0/organisations/S40629,2022-11-18,5718,nhs_scotland_gp_practice_contact_details_and_list_sizes,https://www.opendata.nhs.scot/dataset/f23655c3-6e23-4103-a511-a80d998adb90/resource/ceddbf27-0686-4f4b-b9a2-0090d28c3864/download/practice_contact_details_20260101_opendata.csv,20260101,GLASGOW WEST MEDICAL PRACTICE G14 9PS
WHITEINCH MEDICAL PRACTICE,S40417,G14 9UT,"1215 DUMBARTON ROAD, GLASGOW",01417 392556,,,,,,,SCOTLAND,scotland,ods_scottish_gp_practice,RO227,SCOTTISH GP PRACTICE,"RO227,RO76",https://directory.spineservices.nhs.uk/ORD/2-0-0/organisations/S40417,2026-02-23,2147,nhs_scotland_gp_practice_contact_details_and_list_sizes,https://www.opendata.nhs.scot/dataset/f23655c3-6e23-4103-a511-a80d998adb90/resource/ceddbf27-0686-4f4b-b9a2-0090d28c3864/download/practice_contact_details_20260101_opendata.csv,20260101,WHITEINCH MEDICAL PRACTICE G14 9UT
BARCLAY CLYDESIDE,S40761,G14 9UU,"1265-1275 DUMBARTON ROAD, GLASGOW",01419 595500,,,,,,,SCOTLAND,scotland,ods_scottish_gp_practice,RO227,SCOTTISH GP PRACTICE,"RO227,RO76",https://directory.spineservices.nhs.uk/ORD/2-0-0/organisations/S40761,2025-04-23,13500,nhs_scotland_gp_practice_contact_details_and_list_sizes,https://www.opendata.nhs.scot/dataset/f23655c3-6e23-4103-a511-a80d998adb90/resource/ceddbf27-0686-4f4b-b9a2-0090d28c3864/download/practice_contact_details_20260101_opendata.csv,20260101,BARCLAY CLYDESIDE G14 9UU
SCOTSTOUN MEDICAL PRACTICE,S40563,G14 9XL,"1483 DUMBARTON ROAD, GLASGOW",01419 590375,,,,,,,SCOTLAND,scotland,ods_scottish_gp_practice,RO227,SCOTTISH GP PRACTICE,"RO227,RO76",https://directory.spineservices.nhs.uk/ORD/2-0-0/organisations/S40563,2022-08-24,1983,nhs_scotland_gp_practice_contact_details_and_list_sizes,https://www.opendata.nhs.scot/dataset/f23655c3-6e23-4103-a511-a80d998adb90/resource/ceddbf27-0686-4f4b-b9a2-0090d28c3864/download/practice_contact_details_20260101_opendata.csv,20260101,SCOTSTOUN MEDICAL PRACTICE G14 9XL
DR HAGGERTY,S40281,G15 6EG,"250 DRUMCHAPEL ROAD, GLASGOW",01419 443534,,,,,,,SCOTLAND,scotland,ods_scottish_gp_practice,RO227,SCOTTISH GP PRACTICE,"RO227,RO76",https://directory.spineservices.nhs.uk/ORD/2-0-0/organisations/S40281,2022-11-18,1948,nhs_scotland_gp_practice_contact_details_and_list_sizes,https://www.opendata.nhs.scot/dataset/f23655c3-6e23-4103-a511-a80d998adb90/resource/ceddbf27-0686-4f4b-b9a2-0090d28c3864/download/practice_contact_details_20260101_opendata.csv,20260101,DR HAGGERTY G15 6EG
"DRS FOSTER, LOGAN AND MACDONALD",S40421,G15 7TS,"WING A, DRUMCHAPEL HEALTH CENTRE, GLASGOW",01412 116090,,,,,,,SCOTLAND,scotland,ods_scottish_gp_practice,RO227,SCOTTISH GP PRACTICE,"RO227,RO76",https://directory.spineservices.nhs.uk/ORD/2-0-0/organisations/S40421,2024-02-20,2500,nhs_scotland_gp_practice_contact_details_and_list_sizes,https://www.opendata.nhs.scot/dataset/f23655c3-6e23-4103-a511-a80d998adb90/resource/ceddbf27-0686-4f4b-b9a2-0090d28c3864/download/practice_contact_details_20260101_opendata.csv,20260101,"DRS FOSTER, LOGAN AND MACDONALD G15 7TS"
DRS GAVIN & NIMMO,S40722,G15 7TS,"DRUMCHAPEL HEALTH CENTRE, 80/90 KINFAUNS DRIVE, GLASGOW",01412 116120,,,,,,,SCOTLAND,scotland,ods_scottish_gp_practice,RO227,SCOTTISH GP PRACTICE,"RO227,RO76",https://directory.spineservices.nhs.uk/ORD/2-0-0/organisations/S40722,2023-09-14,4297,nhs_scotland_gp_practice_contact_details_and_list_sizes,https://www.opendata.nhs.scot/dataset/f23655c3-6e23-4103-a511-a80d998adb90/resource/ceddbf27-0686-4f4b-b9a2-0090d28c3864/download/practice_contact_details_20260101_opendata.csv,20260101,DRS GAVIN & NIMMO G15 7TS
DRUMCHAPEL MEDICAL PRACTICE,S40544,G15 7TS,"DRUMCHAPEL HEALTH CENTRE, 80/90 KINFAUNS DRIVE, GLASGOW",01412 116080,,,,,,,SCOTLAND,scotland,ods_scottish_gp_practice,RO227,SCOTTISH GP PRACTICE,"RO227,RO76",https://directory.spineservices.nhs.uk/ORD/2-0-0/organisations/S40544,2023-01-13,3076,nhs_scotland_gp_practice_contact_details_and_list_sizes,https://www.opendata.nhs.scot/dataset/f23655c3-6e23-4103-a511-a80d998adb90/resource/ceddbf27-0686-4f4b-b9a2-0090d28c3864/download/practice_contact_details_20260101_opendata.csv,20260101,DRUMCHAPEL MEDICAL PRACTICE G15 7TS
GARSCADDEN BURN MEDICAL PRACTICE,S40436,G15 7TS,"DRUMCHAPEL HEALTH CENTRE, 80/90 KINFAUNS DRIVE, GLASGOW",01412 116100,,,,,,,SCOTLAND,scotland,ods_scottish_gp_practice,RO227,SCOTTISH GP PRACTICE,"RO227,RO76",https://directory.spineservices.nhs.uk/ORD/2-0-0/organisations/S40436,2023-01-13,5517,nhs_scotland_gp_practice_contact_details_and_list_sizes,https://www.opendata.nhs.scot/dataset/f23655c3-6e23-4103-a511-a80d998adb90/resource/ceddbf27-0686-4f4b-b9a2-0090d28c3864/download/practice_contact_details_20260101_opendata.csv,20260101,GARSCADDEN BURN MEDICAL PRACTICE G15 7TS
KINFAUNS MEDICAL PRACTICE,S40559,G15 7TS,"DRUMCHAPEL HEALTH CENTRE, 80/90 KINFAUNS DRIVE, GLASGOW",01412 116110,,,,,,,SCOTLAND,scotland,ods_scottish_gp_practice,RO227,SCOTTISH GP PRACTICE,"RO227,RO76",https://directory.spineservices.nhs.uk/ORD/2-0-0/organisations/S40559,2023-01-16,2870,nhs_scotland_gp_practice_contact_details_and_list_sizes,https://www.opendata.nhs.scot/dataset/f23655c3-6e23-4103-a511-a80d998adb90/resource/ceddbf27-0686-4f4b-b9a2-0090d28c3864/download/practice_contact_details_20260101_opendata.csv,20260101,KINFAUNS MEDICAL PRACTICE G15 7TS
KENTIGERN HOUSE (MOD),S40756,G2 8EX,"MEDICAL CENTRE MAIL POINT 150, KENTIGERN HOUSE, GLASGOW",01412 242081,,,,,,,SCOTLAND,scotland,ods_scottish_gp_practice,RO227,SCOTTISH GP PRACTICE,"RO227,RO72",https://directory.spineservices.nhs.uk/ORD/2-0-0/organisations/S40756,2023-05-16,,,,,KENTIGERN HOUSE (MOD) G2 8EX
KELVIN MEDICAL CENTRE,S43203,G20 6HS,"96 NAPIERSHALL STREET, GLASGOW",01412 119597,,,,,,,SCOTLAND,scotland,ods_scottish_gp_practice,RO227,SCOTTISH GP PRACTICE,"RO227,RO76",https://directory.spineservices.nhs.uk/ORD/2-0-0/organisations/S43203,2022-11-18,4197,nhs_scotland_gp_practice_contact_details_and_list_sizes,https://www.opendata.nhs.scot/dataset/f23655c3-6e23-4103-a511-a80d998adb90/resource/ceddbf27-0686-4f4b-b9a2-0090d28c3864/download/practice_contact_details_20260101_opendata.csv,20260101,KELVIN MEDICAL CENTRE G20 6HS
BARCLAY WOODSIDE,S43167,G20 7ER,"WOODSIDE HEALTH & CARE CENTRE, 891 GARSCUBE ROAD, GLASGOW",01412 015600,,,,,,,SCOTLAND,scotland,ods_scottish_gp_practice,RO227,SCOTTISH GP PRACTICE,"RO227,RO76",https://directory.spineservices.nhs.uk/ORD/2-0-0/organisations/S43167,2025-10-16,5894,nhs_scotland_gp_practice_contact_details_and_list_sizes,https://www.opendata.nhs.scot/dataset/f23655c3-6e23-4103-a511-a80d998adb90/resource/ceddbf27-0686-4f4b-b9a2-0090d28c3864/download/practice_contact_details_20260101_opendata.csv,20260101,BARCLAY WOODSIDE G20 7ER
DR BURTON & DR KRISHNAN,S43082,G20 7ER,"WOODSIDE HEALTH CENTRE, 891 GARSCUBE ROAD, GLASGOW",01412 015590,,,,,,,SCOTLAND,scotland,ods_scottish_gp_practice,RO227,SCOTTISH GP PRACTICE,"RO227,RO76",https://directory.spineservices.nhs.uk/ORD/2-0-0/organisations/S43082,2022-08-24,2351,nhs_scotland_gp_practice_contact_details_and_list_sizes,https://www.opendata.nhs.scot/dataset/f23655c3-6e23-4103-a511-a80d998adb90/resource/ceddbf27-0686-4f4b-b9a2-0090d28c3864/download/practice_contact_details_20260101_opendata.csv,20260101,DR BURTON & DR KRISHNAN G20 7ER
DR HO CHONG TECK,S43468,G20 7ER,"WOODSIDE HEALTH CENTRE, 891 GARSCUBE ROAD, GLASGOW",01412 015775,,,,,,,SCOTLAND,scotland,ods_scottish_gp_practice,RO227,SCOTTISH GP PRACTICE,"RO227,RO76",https://directory.spineservices.nhs.uk/ORD/2-0-0/organisations/S43468,2022-08-24,1996,nhs_scotland_gp_practice_contact_details_and_list_sizes,https://www.opendata.nhs.scot/dataset/f23655c3-6e23-4103-a511-a80d998adb90/resource/ceddbf27-0686-4f4b-b9a2-0090d28c3864/download/practice_contact_details_20260101_opendata.csv,20260101,DR HO CHONG TECK G20 7ER
DR RASUL & THOMPSON,S43453,G20 7ER,"WOODSIDE HEALTH CENTRE, 891 GARSCUBE ROAD, GLASGOW",01412 015545,,,,,,,SCOTLAND,scotland,ods_scottish_gp_practice,RO227,SCOTTISH GP PRACTICE,"RO227,RO76",https://directory.spineservices.nhs.uk/ORD/2-0-0/organisations/S43453,2023-05-15,7194,nhs_scotland_gp_practice_contact_details_and_list_sizes,https://www.opendata.nhs.scot/dataset/f23655c3-6e23-4103-a511-a80d998adb90/resource/ceddbf27-0686-4f4b-b9a2-0090d28c3864/download/practice_contact_details_20260101_opendata.csv,20260101,DR RASUL & THOMPSON G20 7ER
"DRS LESLIE, OJO & CHETTY",S43186,G20 7ER,"WOODSIDE HEALTH CENTRE, 891 GARSCUBE ROAD, GLASGOW",01412 015560,,,,,,,SCOTLAND,scotland,ods_scottish_gp_practice,RO227,SCOTTISH GP PRACTICE,"RO227,RO76",https://directory.spineservices.nhs.uk/ORD/2-0-0/organisations/S43186,2022-08-24,7284,nhs_scotland_gp_practice_contact_details_and_list_sizes,https://www.opendata.nhs.scot/dataset/f23655c3-6e23-4103-a511-a80d998adb90/resource/ceddbf27-0686-4f4b-b9a2-0090d28c3864/download/practice_contact_details_20260101_opendata.csv,20260101,"DRS LESLIE, OJO & CHETTY G20 7ER"
NORTHWOOD SURGERY,S43191,G20 7ER,"WOODSIDE HEALTH CENTRE, 891 GARSCUBE ROAD, GLASGOW",01412 015520,,,,,,,SCOTLAND,scotland,ods_scottish_gp_practice,RO227,SCOTTISH GP PRACTICE,"RO227,RO76",https://directory.spineservices.nhs.uk/ORD/2-0-0/organisations/S43191,2025-04-22,3440,nhs_scotland_gp_practice_contact_details_and_list_sizes,https://www.opendata.nhs.scot/dataset/f23655c3-6e23-4103-a511-a80d998adb90/resource/ceddbf27-0686-4f4b-b9a2-0090d28c3864/download/practice_contact_details_20260101_opendata.csv,20260101,NORTHWOOD SURGERY G20 7ER
QUEENS CROSS MEDICAL PRACTICE,S43218,G20 7ER,"WOODSIDE HEALTH CENTRE, 891 GARSCUBE ROAD, GLASGOW",01412 015580,,,,,,,SCOTLAND,scotland,ods_scottish_gp_practice,RO227,SCOTTISH GP PRACTICE,"RO227,RO76",https://directory.spineservices.nhs.uk/ORD/2-0-0/organisations/S43218,2025-05-16,6732,nhs_scotland_gp_practice_contact_details_and_list_sizes,https://www.opendata.nhs.scot/dataset/f23655c3-6e23-4103-a511-a80d998adb90/resource/ceddbf27-0686-4f4b-b9a2-0090d28c3864/download/practice_contact_details_20260101_opendata.csv,20260101,QUEENS CROSS MEDICAL PRACTICE G20 7ER
BARCLAY MEDICAL PRACTICE,S43576,G20 8FB,"MARYHILL HEALTH & CARE CENTRE, 51 GAIRBRAID AVENUE, GLASGOW",01419 410999,,,,,,,SCOTLAND,scotland,ods_scottish_gp_practice,RO227,SCOTTISH GP PRACTICE,"RO227,RO76",https://directory.spineservices.nhs.uk/ORD/2-0-0/organisations/S43576,2023-05-15,66796,nhs_scotland_gp_practice_contact_details_and_list_sizes,https://www.opendata.nhs.scot/dataset/f23655c3-6e23-4103-a511-a80d998adb90/resource/ceddbf27-0686-4f4b-b9a2-0090d28c3864/download/practice_contact_details_20260101_opendata.csv,20260101,BARCLAY MEDICAL PRACTICE G20 8FB
GAIRBRAID MEDICAL PRACTICE,S43011,G20 8FB,"MARYHILL HEALTH & CARE CENTRE, 51 GAIRBRAID AVENUE, GLASGOW",01414 651919,,,,,,,SCOTLAND,scotland,ods_scottish_gp_practice,RO227,SCOTTISH GP PRACTICE,"RO227,RO76",https://directory.spineservices.nhs.uk/ORD/2-0-0/organisations/S43011,2022-08-24,6132,nhs_scotland_gp_practice_contact_details_and_list_sizes,https://www.opendata.nhs.scot/dataset/f23655c3-6e23-4103-a511-a80d998adb90/resource/ceddbf27-0686-4f4b-b9a2-0090d28c3864/download/practice_contact_details_20260101_opendata.csv,20260101,GAIRBRAID MEDICAL PRACTICE G20 8FB
MARYHILL RED PRACTICE,S43311,G20 8FB,"MARYHILL HEALTH & CARE CENTRE, 51 GAIRBRAID AVENUE, GLASGOW",01414 512830,,,,,,,SCOTLAND,scotland,ods_scottish_gp_practice,RO227,SCOTTISH GP PRACTICE,"RO227,RO76",https://directory.spineservices.nhs.uk/ORD/2-0-0/organisations/S43311,2022-08-24,5433,nhs_scotland_gp_practice_contact_details_and_list_sizes,https://www.opendata.nhs.scot/dataset/f23655c3-6e23-4103-a511-a80d998adb90/resource/ceddbf27-0686-4f4b-b9a2-0090d28c3864/download/practice_contact_details_20260101_opendata.csv,20260101,MARYHILL RED PRACTICE G20 8FB
ATLAS MEDICAL PRACTICE,S43097,G21 1TR,"SPRINGBURN HEALTH CENTRE, 200 SPRINGBURN WAY, GLASGOW",01415 319660,,,,,,,SCOTLAND,scotland,ods_scottish_gp_practice,RO227,SCOTTISH GP PRACTICE,"RO227,RO76",https://directory.spineservices.nhs.uk/ORD/2-0-0/organisations/S43097,2022-11-18,3125,nhs_scotland_gp_practice_contact_details_and_list_sizes,https://www.opendata.nhs.scot/dataset/f23655c3-6e23-4103-a511-a80d998adb90/resource/ceddbf27-0686-4f4b-b9a2-0090d28c3864/download/practice_contact_details_20260101_opendata.csv,20260101,ATLAS MEDICAL PRACTICE G21 1TR
DR A. POLDING,S43063,G21 1TR,"SPRINGBURN HEALTH CENTRE, 200 SPRINGBURN WAY, GLASGOW",,,,,,,,SCOTLAND,scotland,ods_scottish_gp_practice,RO227,SCOTTISH GP PRACTICE,"RO227,RO76",https://directory.spineservices.nhs.uk/ORD/2-0-0/organisations/S43063,2022-11-18,2995,nhs_scotland_gp_practice_contact_details_and_list_sizes,https://www.opendata.nhs.scot/dataset/f23655c3-6e23-4103-a511-a80d998adb90/resource/ceddbf27-0686-4f4b-b9a2-0090d28c3864/download/practice_contact_details_20260101_opendata.csv,20260101,DR A. POLDING G21 1TR
DR HARRIS & PARTNERS,S43504,G21 1TR,"SPRINGBURN HEALTH CENTRE, 200 SPRINGBURN WAY, GLASGOW",01416 481558,,,,,,,SCOTLAND,scotland,ods_scottish_gp_practice,RO227,SCOTTISH GP PRACTICE,"RO227,RO76",https://directory.spineservices.nhs.uk/ORD/2-0-0/organisations/S43504,2023-01-13,7226,nhs_scotland_gp_practice_contact_details_and_list_sizes,https://www.opendata.nhs.scot/dataset/f23655c3-6e23-4103-a511-a80d998adb90/resource/ceddbf27-0686-4f4b-b9a2-0090d28c3864/download/practice_contact_details_20260101_opendata.csv,20260101,DR HARRIS & PARTNERS G21 1TR
"DRS BALLANTYNE, GALLAGHER & MCLENNAN",S43129,G21 1TR,"SPRINGBURN HEALTH CENTRE, 200 SPRINGBURN WAY, GLASGOW",01415 319670,,,,,,,SCOTLAND,scotland,ods_scottish_gp_practice,RO227,SCOTTISH GP PRACTICE,"RO227,RO76",https://directory.spineservices.nhs.uk/ORD/2-0-0/organisations/S43129,2023-09-14,3692,nhs_scotland_gp_practice_contact_details_and_list_sizes,https://www.opendata.nhs.scot/dataset/f23655c3-6e23-4103-a511-a80d998adb90/resource/ceddbf27-0686-4f4b-b9a2-0090d28c3864/download/practice_contact_details_20260101_opendata.csv,20260101,"DRS BALLANTYNE, GALLAGHER & MCLENNAN G21 1TR"
"DRS MEEK ,FOX & BLACK",S43275,G21 3RW,"WALLACEWELL MEDICAL CENTRE, 264 WALLACEWELL ROAD, GLASGOW",01415 586178,,,,,,,SCOTLAND,scotland,ods_scottish_gp_practice,RO227,SCOTTISH GP PRACTICE,"RO227,RO76",https://directory.spineservices.nhs.uk/ORD/2-0-0/organisations/S43275,2023-01-16,3706,nhs_scotland_gp_practice_contact_details_and_list_sizes,https://www.opendata.nhs.scot/dataset/f23655c3-6e23-4103-a511-a80d998adb90/resource/ceddbf27-0686-4f4b-b9a2-0090d28c3864/download/practice_contact_details_20260101_opendata.csv,20260101,"DRS MEEK ,FOX & BLACK G21 3RW"
THE BARONY MEDICAL CENTRE,S43133,G21 4AH,"30 AUCHINLOCH STREET, GLASGOW",01415 576161,,,,,,,SCOTLAND,scotland,ods_scottish_gp_practice,RO227,SCOTTISH GP PRACTICE,"RO227,RO76",https://directory.spineservices.nhs.uk/ORD/2-0-0/organisations/S43133,2024-05-22,5492,nhs_scotland_gp_practice_contact_details_and_list_sizes,https://www.opendata.nhs.scot/dataset/f23655c3-6e23-4103-a511-a80d998adb90/resource/ceddbf27-0686-4f4b-b9a2-0090d28c3864/download/practice_contact_details_20260101_opendata.csv,20260101,THE BARONY MEDICAL CENTRE G21 4AH
BALMORE SURGERY,S43256,G22 5AP,"POSSILPARK HEALTH & CARE CENTRE, 99 SARACEN STREET, GLASGOW",01418 000800,,,,,,,SCOTLAND,scotland,ods_scottish_gp_practice,RO227,SCOTTISH GP PRACTICE,"RO227,RO76",https://directory.spineservices.nhs.uk/ORD/2-0-0/organisations/S43256,2022-11-18,3637,nhs_scotland_gp_practice_contact_details_and_list_sizes,https://www.opendata.nhs.scot/dataset/f23655c3-6e23-4103-a511-a80d998adb90/resource/ceddbf27-0686-4f4b-b9a2-0090d28c3864/download/practice_contact_details_20260101_opendata.csv,20260101,BALMORE SURGERY G22 5AP
DR LANGRIDGE,S43538,G22 5AP,"POSSILPARK HEALTH & CARE CENTRE, 99 SARACEN STREET, GLASGOW",01418 000860,,,,,,,SCOTLAND,scotland,ods_scottish_gp_practice,RO227,SCOTTISH GP PRACTICE,"RO227,RO76",https://directory.spineservices.nhs.uk/ORD/2-0-0/organisations/S43538,2024-10-17,2235,nhs_scotland_gp_practice_contact_details_and_list_sizes,https://www.opendata.nhs.scot/dataset/f23655c3-6e23-4103-a511-a80d998adb90/resource/ceddbf27-0686-4f4b-b9a2-0090d28c3864/download/practice_contact_details_20260101_opendata.csv,20260101,DR LANGRIDGE G22 5AP
DR M SHOWKAT,S43542,G22 5AP,"POSSILPARK HEALTH & CARE CENTRE, 99 SARACEN STREET, GLASGOW",01418 000820,,,,,,,SCOTLAND,scotland,ods_scottish_gp_practice,RO227,SCOTTISH GP PRACTICE,"RO227,RO76",https://directory.spineservices.nhs.uk/ORD/2-0-0/organisations/S43542,2022-11-18,2490,nhs_scotland_gp_practice_contact_details_and_list_sizes,https://www.opendata.nhs.scot/dataset/f23655c3-6e23-4103-a511-a80d998adb90/resource/ceddbf27-0686-4f4b-b9a2-0090d28c3864/download/practice_contact_details_20260101_opendata.csv,20260101,DR M SHOWKAT G22 5AP
KEPPOCH MEDICAL PRACTICE,S43237,G22 5AP,"POSSILPARK HEALTH & CARE CENTRE, 99 SARACEN STREET, GLASGOW",01418 000840,,,,,,,SCOTLAND,scotland,ods_scottish_gp_practice,RO227,SCOTTISH GP PRACTICE,"RO227,RO76",https://directory.spineservices.nhs.uk/ORD/2-0-0/organisations/S43237,2022-11-18,4433,nhs_scotland_gp_practice_contact_details_and_list_sizes,https://www.opendata.nhs.scot/dataset/f23655c3-6e23-4103-a511-a80d998adb90/resource/ceddbf27-0686-4f4b-b9a2-0090d28c3864/download/practice_contact_details_20260101_opendata.csv,20260101,KEPPOCH MEDICAL PRACTICE G22 5AP
ALLANDER SURGERY,S43294,G22 5SS,"191 DENMARK STREET, GLASGOW",01413 368038,,,,,,,SCOTLAND,scotland,ods_scottish_gp_practice,RO227,SCOTTISH GP PRACTICE,"RO227,RO76",https://directory.spineservices.nhs.uk/ORD/2-0-0/organisations/S43294,2022-11-18,3386,nhs_scotland_gp_practice_contact_details_and_list_sizes,https://www.opendata.nhs.scot/dataset/f23655c3-6e23-4103-a511-a80d998adb90/resource/ceddbf27-0686-4f4b-b9a2-0090d28c3864/download/practice_contact_details_20260101_opendata.csv,20260101,ALLANDER SURGERY G22 5SS
FERNBANK MEDICAL CENTRE,S43326,G22 6BD,"194 FERNBANK STREET, GLASGOW",01414 351500,,,,,,,SCOTLAND,scotland,ods_scottish_gp_practice,RO227,SCOTTISH GP PRACTICE,"RO227,RO76",https://directory.spineservices.nhs.uk/ORD/2-0-0/organisations/S43326,2022-08-24,5046,nhs_scotland_gp_practice_contact_details_and_list_sizes,https://www.opendata.nhs.scot/dataset/f23655c3-6e23-4103-a511-a80d998adb90/resource/ceddbf27-0686-4f4b-b9a2-0090d28c3864/download/practice_contact_details_20260101_opendata.csv,20260101,FERNBANK MEDICAL CENTRE G22 6BD
DR CAMPBELL & DR HALSTVEDT,S43307,G22 7JL,"MILTON MEDICAL CENTRE, 109 EGILSAY STREET, GLASGOW",01417 721183,,,,,,,SCOTLAND,scotland,ods_scottish_gp_practice,RO227,SCOTTISH GP PRACTICE,"RO227,RO76",https://directory.spineservices.nhs.uk/ORD/2-0-0/organisations/S43307,2023-01-13,3199,nhs_scotland_gp_practice_contact_details_and_list_sizes,https://www.opendata.nhs.scot/dataset/f23655c3-6e23-4103-a511-a80d998adb90/resource/ceddbf27-0686-4f4b-b9a2-0090d28c3864/download/practice_contact_details_20260101_opendata.csv,20260101,DR CAMPBELL & DR HALSTVEDT G22 7JL
DR MACLAREN & DR MCADAM PARTNERSHIP,S40031,G3 7UA,"3 RADNOR STREET, GLASGOW",01413 346111,,,,,,,SCOTLAND,scotland,ods_scottish_gp_practice,RO227,SCOTTISH GP PRACTICE,"RO227,RO76",https://directory.spineservices.nhs.uk/ORD/2-0-0/organisations/S40031,2023-09-14,5811,nhs_scotland_gp_practice_contact_details_and_list_sizes,https://www.opendata.nhs.scot/dataset/f23655c3-6e23-4103-a511-a80d998adb90/resource/ceddbf27-0686-4f4b-b9a2-0090d28c3864/download/practice_contact_details_20260101_opendata.csv,20260101,DR MACLAREN & DR MCADAM PARTNERSHIP G3 7UA
DRS MELROSE & SHARP PARTNERSHIP,S40328,G3 7UA,"3 RADNOR STREET, GLASGOW",01413 346111,,,,,,,SCOTLAND,scotland,ods_scottish_gp_practice,RO227,SCOTTISH GP PRACTICE,"RO227,RO76",https://directory.spineservices.nhs.uk/ORD/2-0-0/organisations/S40328,2022-11-18,5761,nhs_scotland_gp_practice_contact_details_and_list_sizes,https://www.opendata.nhs.scot/dataset/f23655c3-6e23-4103-a511-a80d998adb90/resource/ceddbf27-0686-4f4b-b9a2-0090d28c3864/download/practice_contact_details_20260101_opendata.csv,20260101,DRS MELROSE & SHARP PARTNERSHIP G3 7UA
"DRS MACNEILL, CLAREY & HENDERSON",S40455,G3 8ND,"SANDYFORD SURGERY, 1119 ARGYLE STREET, GLASGOW",01412 483698,,,,,,,SCOTLAND,scotland,ods_scottish_gp_practice,RO227,SCOTTISH GP PRACTICE,"RO227,RO76",https://directory.spineservices.nhs.uk/ORD/2-0-0/organisations/S40455,2022-11-18,6490,nhs_scotland_gp_practice_contact_details_and_list_sizes,https://www.opendata.nhs.scot/dataset/f23655c3-6e23-4103-a511-a80d998adb90/resource/ceddbf27-0686-4f4b-b9a2-0090d28c3864/download/practice_contact_details_20260101_opendata.csv,20260101,"DRS MACNEILL, CLAREY & HENDERSON G3 8ND"
THE WHITEVALE MEDICAL GROUP,S46560,G31 1QS,"30 WHITEVALE STREET, GLASGOW",01415 544536,,,,,,,SCOTLAND,scotland,ods_scottish_gp_practice,RO227,SCOTTISH GP PRACTICE,"RO227,RO76",https://directory.spineservices.nhs.uk/ORD/2-0-0/organisations/S46560,2022-11-18,4908,nhs_scotland_gp_practice_contact_details_and_list_sizes,https://www.opendata.nhs.scot/dataset/f23655c3-6e23-4103-a511-a80d998adb90/resource/ceddbf27-0686-4f4b-b9a2-0090d28c3864/download/practice_contact_details_20260101_opendata.csv,20260101,THE WHITEVALE MEDICAL GROUP G31 1QS
PARADE GROUP PRACTICE,S46061,G31 2ES,"TOWNHEAD HEALTH CENTRE, 16 ALEXANDRA PARADE, GLASGOW",01414 146600,,,,,,,SCOTLAND,scotland,ods_scottish_gp_practice,RO227,SCOTTISH GP PRACTICE,"RO227,RO76",https://directory.spineservices.nhs.uk/ORD/2-0-0/organisations/S46061,2022-08-24,20829,nhs_scotland_gp_practice_contact_details_and_list_sizes,https://www.opendata.nhs.scot/dataset/f23655c3-6e23-4103-a511-a80d998adb90/resource/ceddbf27-0686-4f4b-b9a2-0090d28c3864/download/practice_contact_details_20260101_opendata.csv,20260101,PARADE GROUP PRACTICE G31 2ES
TOWNHEAD MEDICAL PRACTICE,S46019,G31 2ES,"TOWNHEAD HEALTH CENTRE, 16 ALEXANDRA PARADE, GLASGOW",01414 831740,,,,,,,SCOTLAND,scotland,ods_scottish_gp_practice,RO227,SCOTTISH GP PRACTICE,"RO227,RO76",https://directory.spineservices.nhs.uk/ORD/2-0-0/organisations/S46019,2022-08-24,17570,nhs_scotland_gp_practice_contact_details_and_list_sizes,https://www.opendata.nhs.scot/dataset/f23655c3-6e23-4103-a511-a80d998adb90/resource/ceddbf27-0686-4f4b-b9a2-0090d28c3864/download/practice_contact_details_20260101_opendata.csv,20260101,TOWNHEAD MEDICAL PRACTICE G31 2ES
ANNFIELD MEDICAL CENTRE,S46127,G31 2XE,"16 ANNFIELD PLACE, GLASGOW",01415 542989,,,,,,,SCOTLAND,scotland,ods_scottish_gp_practice,RO227,SCOTTISH GP PRACTICE,"RO227,RO76",https://directory.spineservices.nhs.uk/ORD/2-0-0/organisations/S46127,2022-11-18,2395,nhs_scotland_gp_practice_contact_details_and_list_sizes,https://www.opendata.nhs.scot/dataset/f23655c3-6e23-4103-a511-a80d998adb90/resource/ceddbf27-0686-4f4b-b9a2-0090d28c3864/download/practice_contact_details_20260101_opendata.csv,20260101,ANNFIELD MEDICAL CENTRE G31 2XE
CRAIL MEDICAL PRACTICE,S46131,G31 4UW,"245 TOLLCROSS ROAD, GLASGOW",01415 543199,,,,,,,SCOTLAND,scotland,ods_scottish_gp_practice,RO227,SCOTTISH GP PRACTICE,"RO227,RO76",https://directory.spineservices.nhs.uk/ORD/2-0-0/organisations/S46131,2022-11-18,4149,nhs_scotland_gp_practice_contact_details_and_list_sizes,https://www.opendata.nhs.scot/dataset/f23655c3-6e23-4103-a511-a80d998adb90/resource/ceddbf27-0686-4f4b-b9a2-0090d28c3864/download/practice_contact_details_20260101_opendata.csv,20260101,CRAIL MEDICAL PRACTICE G31 4UW
DRS MCKENZIE & BURNS,S46095,G31 5NZ,"PARKHEAD HUB, 1251 DUKE STREET, GLASGOW",01415 319070,,,,,,,SCOTLAND,scotland,ods_scottish_gp_practice,RO227,SCOTTISH GP PRACTICE,"RO227,RO76",https://directory.spineservices.nhs.uk/ORD/2-0-0/organisations/S46095,2025-03-25,3268,nhs_scotland_gp_practice_contact_details_and_list_sizes,https://www.opendata.nhs.scot/dataset/f23655c3-6e23-4103-a511-a80d998adb90/resource/ceddbf27-0686-4f4b-b9a2-0090d28c3864/download/practice_contact_details_20260101_opendata.csv,20260101,DRS MCKENZIE & BURNS G31 5NZ
FORGE MEDICAL PRACTICE,S46235,G31 5NZ,"PARKHEAD HUB, 1251 DUKE STREET, GLASGOW",01415 319050,,,,,,,SCOTLAND,scotland,ods_scottish_gp_practice,RO227,SCOTTISH GP PRACTICE,"RO227,RO76",https://directory.spineservices.nhs.uk/ORD/2-0-0/organisations/S46235,2025-03-25,5161,nhs_scotland_gp_practice_contact_details_and_list_sizes,https://www.opendata.nhs.scot/dataset/f23655c3-6e23-4103-a511-a80d998adb90/resource/ceddbf27-0686-4f4b-b9a2-0090d28c3864/download/practice_contact_details_20260101_opendata.csv,20260101,FORGE MEDICAL PRACTICE G31 5NZ
MEADOWPARK SURGERY,S46625,G31 5NZ,"PARKHEAD HUB, 1251 DUKE STREET, GLASGOW",01418 000272,,,,,,,SCOTLAND,scotland,ods_scottish_gp_practice,RO227,SCOTTISH GP PRACTICE,"RO227,RO76",https://directory.spineservices.nhs.uk/ORD/2-0-0/organisations/S46625,2025-03-25,7758,nhs_scotland_gp_practice_contact_details_and_list_sizes,https://www.opendata.nhs.scot/dataset/f23655c3-6e23-4103-a511-a80d998adb90/resource/ceddbf27-0686-4f4b-b9a2-0090d28c3864/download/practice_contact_details_20260101_opendata.csv,20260101,MEADOWPARK SURGERY G31 5NZ
WESTMUIR MEDICAL CENTRE,S46339,G31 5RA,"THE WESTMUIR MEDICAL PRACTICE, 109 CRAIL STREET, GLASGOW",01415 544253,,,,,,,SCOTLAND,scotland,ods_scottish_gp_practice,RO227,SCOTTISH GP PRACTICE,"RO227,RO76",https://directory.spineservices.nhs.uk/ORD/2-0-0/organisations/S46339,2022-11-18,3684,nhs_scotland_gp_practice_contact_details_and_list_sizes,https://www.opendata.nhs.scot/dataset/f23655c3-6e23-4103-a511-a80d998adb90/resource/ceddbf27-0686-4f4b-b9a2-0090d28c3864/download/practice_contact_details_20260101_opendata.csv,20260101,WESTMUIR MEDICAL CENTRE G31 5RA
CARNTYNE MEDICAL CENTRE,S46146,G32 6JP,"275 CARNTYNE ROAD, GLASGOW",01415 507970,,,,,,,SCOTLAND,scotland,ods_scottish_gp_practice,RO227,SCOTTISH GP PRACTICE,"RO227,RO76",https://directory.spineservices.nhs.uk/ORD/2-0-0/organisations/S46146,2022-08-24,4418,nhs_scotland_gp_practice_contact_details_and_list_sizes,https://www.opendata.nhs.scot/dataset/f23655c3-6e23-4103-a511-a80d998adb90/resource/ceddbf27-0686-4f4b-b9a2-0090d28c3864/download/practice_contact_details_20260101_opendata.csv,20260101,CARNTYNE MEDICAL CENTRE G32 6JP
"DR MILLER, FLEMING & CAPEWELL",S46201,G32 6NB,"LIGHTBURN MEDICAL CENTRE, 930 CARNTYNE ROAD, GLASGOW",01417 780440,,,,,,,SCOTLAND,scotland,ods_scottish_gp_practice,RO227,SCOTTISH GP PRACTICE,"RO227,RO76",https://directory.spineservices.nhs.uk/ORD/2-0-0/organisations/S46201,2026-02-20,3414,nhs_scotland_gp_practice_contact_details_and_list_sizes,https://www.opendata.nhs.scot/dataset/f23655c3-6e23-4103-a511-a80d998adb90/resource/ceddbf27-0686-4f4b-b9a2-0090d28c3864/download/practice_contact_details_20260101_opendata.csv,20260101,"DR MILLER, FLEMING & CAPEWELL G32 6NB"
"DRS MCCALLUM, GARDINER & MACKAY",S46292,G32 6NB,"LIGHTBURN MEDICAL CENTRE, 930 CARNTYNE ROAD, GLASGOW",01417 641666,,,,,,,SCOTLAND,scotland,ods_scottish_gp_practice,RO227,SCOTTISH GP PRACTICE,"RO227,RO76",https://directory.spineservices.nhs.uk/ORD/2-0-0/organisations/S46292,2025-03-21,3440,nhs_scotland_gp_practice_contact_details_and_list_sizes,https://www.opendata.nhs.scot/dataset/f23655c3-6e23-4103-a511-a80d998adb90/resource/ceddbf27-0686-4f4b-b9a2-0090d28c3864/download/practice_contact_details_20260101_opendata.csv,20260101,"DRS MCCALLUM, GARDINER & MACKAY G32 6NB"
DR S ROSS,S46165,G32 7JZ,"SHETTLESTON HEALTH CENTRE, 420 OLD SHETTLESTON ROAD, GLASGOW",01415 316250,,,,,,,SCOTLAND,scotland,ods_scottish_gp_practice,RO227,SCOTTISH GP PRACTICE,"RO227,RO76",https://directory.spineservices.nhs.uk/ORD/2-0-0/organisations/S46165,2022-11-18,3976,nhs_scotland_gp_practice_contact_details_and_list_sizes,https://www.opendata.nhs.scot/dataset/f23655c3-6e23-4103-a511-a80d998adb90/resource/ceddbf27-0686-4f4b-b9a2-0090d28c3864/download/practice_contact_details_20260101_opendata.csv,20260101,DR S ROSS G32 7JZ
METHADONE TREATMENT CLINIC,S46593,G32 7JZ,"SHETTLESTON HEALTH CENTRE, 420 OLD SHETTLESTON ROAD, GLASGOW",01415 316220,,,,,,,SCOTLAND,scotland,ods_scottish_gp_practice,RO227,SCOTTISH GP PRACTICE,"RO227,RO72",https://directory.spineservices.nhs.uk/ORD/2-0-0/organisations/S46593,2022-11-18,,,,,METHADONE TREATMENT CLINIC G32 7JZ
THE CAIRNS PRACTICE,S46081,G32 7JZ,"SHETTLESTON HEALTH CENTRE, 420 OLD SHETTLESTON ROAD, GLASGOW",01415 316220,,,,,,,SCOTLAND,scotland,ods_scottish_gp_practice,RO227,SCOTTISH GP PRACTICE,"RO227,RO76",https://directory.spineservices.nhs.uk/ORD/2-0-0/organisations/S46081,2022-11-18,9883,nhs_scotland_gp_practice_contact_details_and_list_sizes,https://www.opendata.nhs.scot/dataset/f23655c3-6e23-4103-a511-a80d998adb90/resource/ceddbf27-0686-4f4b-b9a2-0090d28c3864/download/practice_contact_details_20260101_opendata.csv,20260101,THE CAIRNS PRACTICE G32 7JZ
TOLLCROSS MEDICAL CENTRE,S46343,G32 8UH,"1101-1105 TOLLCROSS ROAD, GLASGOW",01417 782717,,,,,,,SCOTLAND,scotland,ods_scottish_gp_practice,RO227,SCOTTISH GP PRACTICE,"RO227,RO76",https://directory.spineservices.nhs.uk/ORD/2-0-0/organisations/S46343,2022-11-18,8827,nhs_scotland_gp_practice_contact_details_and_list_sizes,https://www.opendata.nhs.scot/dataset/f23655c3-6e23-4103-a511-a80d998adb90/resource/ceddbf27-0686-4f4b-b9a2-0090d28c3864/download/practice_contact_details_20260101_opendata.csv,20260101,TOLLCROSS MEDICAL CENTRE G32 8UH
GLENMILL MEDICAL PRACTICE,S46057,G33 1EY,"1191 ROYSTON ROAD, GLASGOW",01417 704052,,,,,,,SCOTLAND,scotland,ods_scottish_gp_practice,RO227,SCOTTISH GP PRACTICE,"RO227,RO76",https://directory.spineservices.nhs.uk/ORD/2-0-0/organisations/S46057,2023-01-13,7617,nhs_scotland_gp_practice_contact_details_and_list_sizes,https://www.opendata.nhs.scot/dataset/f23655c3-6e23-4103-a511-a80d998adb90/resource/ceddbf27-0686-4f4b-b9a2-0090d28c3864/download/practice_contact_details_20260101_opendata.csv,20260101,GLENMILL MEDICAL PRACTICE G33 1EY
"DRS AL-AGILLY, MORGAN & OMAR",S46521,G33 3AL,"463 EDINBURGH ROAD, GLASGOW",01417 704044,,,,,,,SCOTLAND,scotland,ods_scottish_gp_practice,RO227,SCOTTISH GP PRACTICE,"RO227,RO76",https://directory.spineservices.nhs.uk/ORD/2-0-0/organisations/S46521,2024-05-20,6583,nhs_scotland_gp_practice_contact_details_and_list_sizes,https://www.opendata.nhs.scot/dataset/f23655c3-6e23-4103-a511-a80d998adb90/resource/ceddbf27-0686-4f4b-b9a2-0090d28c3864/download/practice_contact_details_20260101_opendata.csv,20260101,"DRS AL-AGILLY, MORGAN & OMAR G33 3AL"
DRS WILSON & BOYD,S46112,G33 3TU,"GILBERTFIELD MEDICAL CENTRE, 67 GILBERTFIELD STREET, GLASGOW",01417 745987,,,,,,,SCOTLAND,scotland,ods_scottish_gp_practice,RO227,SCOTTISH GP PRACTICE,"RO227,RO76",https://directory.spineservices.nhs.uk/ORD/2-0-0/organisations/S46112,2022-11-18,5662,nhs_scotland_gp_practice_contact_details_and_list_sizes,https://www.opendata.nhs.scot/dataset/f23655c3-6e23-4103-a511-a80d998adb90/resource/ceddbf27-0686-4f4b-b9a2-0090d28c3864/download/practice_contact_details_20260101_opendata.csv,20260101,DRS WILSON & BOYD G33 3TU
STEPPS SURGERY,S60088,G33 6EY,"131 CUMBERNAULD ROAD, STEPPS, GLASGOW",01417 794445,,,,,,,SCOTLAND,scotland,ods_scottish_gp_practice,RO227,SCOTTISH GP PRACTICE,"RO227,RO76",https://directory.spineservices.nhs.uk/ORD/2-0-0/organisations/S60088,2022-12-12,4238,nhs_scotland_gp_practice_contact_details_and_list_sizes,https://www.opendata.nhs.scot/dataset/f23655c3-6e23-4103-a511-a80d998adb90/resource/ceddbf27-0686-4f4b-b9a2-0090d28c3864/download/practice_contact_details_20260101_opendata.csv,20260101,STEPPS SURGERY G33 6EY
NALAGATLA MEDICAL PRACTICE,S60073,G33 6HA,"146 CUMBERNAULD ROAD, STEPPS, GLASGOW",01417 792330,,,,,,,SCOTLAND,scotland,ods_scottish_gp_practice,RO227,SCOTTISH GP PRACTICE,"RO227,RO76",https://directory.spineservices.nhs.uk/ORD/2-0-0/organisations/S60073,2022-12-12,4339,nhs_scotland_gp_practice_contact_details_and_list_sizes,https://www.opendata.nhs.scot/dataset/f23655c3-6e23-4103-a511-a80d998adb90/resource/ceddbf27-0686-4f4b-b9a2-0090d28c3864/download/practice_contact_details_20260101_opendata.csv,20260101,NALAGATLA MEDICAL PRACTICE G33 6HA
LOCHEND SURGERY,S46471,G34 9HQ,"EASTERHOUSE HEALTH CENTRE, 9 AUCHINLEA ROAD, GLASGOW",01415 318150,,,,,,,SCOTLAND,scotland,ods_scottish_gp_practice,RO227,SCOTTISH GP PRACTICE,"RO227,RO76",https://directory.spineservices.nhs.uk/ORD/2-0-0/organisations/S46471,2022-11-18,2454,nhs_scotland_gp_practice_contact_details_and_list_sizes,https://www.opendata.nhs.scot/dataset/f23655c3-6e23-4103-a511-a80d998adb90/resource/ceddbf27-0686-4f4b-b9a2-0090d28c3864/download/practice_contact_details_20260101_opendata.csv,20260101,LOCHEND SURGERY G34 9HQ
NEWHILLS MEDICAL PRACTICE,S46451,G34 9HQ,"EASTERHOUSE HEALTH CENTRE, 9 AUCHINLEA ROAD, GLASGOW",01415 318170,,,,,,,SCOTLAND,scotland,ods_scottish_gp_practice,RO227,SCOTTISH GP PRACTICE,"RO227,RO76",https://directory.spineservices.nhs.uk/ORD/2-0-0/organisations/S46451,2022-11-18,10380,nhs_scotland_gp_practice_contact_details_and_list_sizes,https://www.opendata.nhs.scot/dataset/f23655c3-6e23-4103-a511-a80d998adb90/resource/ceddbf27-0686-4f4b-b9a2-0090d28c3864/download/practice_contact_details_20260101_opendata.csv,20260101,NEWHILLS MEDICAL PRACTICE G34 9HQ
OAKWOOD MEDICAL PRACTICE,S46630,G34 9HQ,"EASTERHOUSE HEALTH CENTRE, 9 AUCHINLEA ROAD, GLASGOW",01415 318180,,,,,,,SCOTLAND,scotland,ods_scottish_gp_practice,RO227,SCOTTISH GP PRACTICE,"RO227,RO76",https://directory.spineservices.nhs.uk/ORD/2-0-0/organisations/S46630,2024-05-22,7441,nhs_scotland_gp_practice_contact_details_and_list_sizes,https://www.opendata.nhs.scot/dataset/f23655c3-6e23-4103-a511-a80d998adb90/resource/ceddbf27-0686-4f4b-b9a2-0090d28c3864/download/practice_contact_details_20260101_opendata.csv,20260101,OAKWOOD MEDICAL PRACTICE G34 9HQ
MAIN STREET MEDICAL CENTRE,S46184,G40 1HA,"40 MAIN STREET, GLASGOW",01417 396666,,,,,,,SCOTLAND,scotland,ods_scottish_gp_practice,RO227,SCOTTISH GP PRACTICE,"RO227,RO76",https://directory.spineservices.nhs.uk/ORD/2-0-0/organisations/S46184,2022-08-24,8916,nhs_scotland_gp_practice_contact_details_and_list_sizes,https://www.opendata.nhs.scot/dataset/f23655c3-6e23-4103-a511-a80d998adb90/resource/ceddbf27-0686-4f4b-b9a2-0090d28c3864/download/practice_contact_details_20260101_opendata.csv,20260101,MAIN STREET MEDICAL CENTRE G40 1HA
ABERCROMBY PRACTICE,S46555,G40 2DA,"BRIDGETON HEALTH CENTRE, 201 ABERCROMBY STREET, GLASGOW",01415 316630,,,,,,,SCOTLAND,scotland,ods_scottish_gp_practice,RO227,SCOTTISH GP PRACTICE,"RO227,RO76",https://directory.spineservices.nhs.uk/ORD/2-0-0/organisations/S46555,2022-08-18,3172,nhs_scotland_gp_practice_contact_details_and_list_sizes,https://www.opendata.nhs.scot/dataset/f23655c3-6e23-4103-a511-a80d998adb90/resource/ceddbf27-0686-4f4b-b9a2-0090d28c3864/download/practice_contact_details_20260101_opendata.csv,20260101,ABERCROMBY PRACTICE G40 2DA
CALTON MEDICAL PRACTICE,S46611,G40 2DA,"BRIDGETON HEALTH CENTRE, 201 ABERCROMBY STREET, GLASGOW",,,,,,,,SCOTLAND,scotland,ods_scottish_gp_practice,RO227,SCOTTISH GP PRACTICE,"RO227,RO76",https://directory.spineservices.nhs.uk/ORD/2-0-0/organisations/S46611,2022-11-18,1932,nhs_scotland_gp_practice_contact_details_and_list_sizes,https://www.opendata.nhs.scot/dataset/f23655c3-6e23-4103-a511-a80d998adb90/resource/ceddbf27-0686-4f4b-b9a2-0090d28c3864/download/practice_contact_details_20260101_opendata.csv,20260101,CALTON MEDICAL PRACTICE G40 2DA
DALMARNOCK FAMILY MEDICAL PRACTICE,S46574,G40 2DA,"BRIDGETON HEALTH CENTRE, 201 ABERCROMBY STREET, GLASGOW",01415 316600,,,,,,,SCOTLAND,scotland,ods_scottish_gp_practice,RO227,SCOTTISH GP PRACTICE,"RO227,RO76",https://directory.spineservices.nhs.uk/ORD/2-0-0/organisations/S46574,2026-02-20,1169,nhs_scotland_gp_practice_contact_details_and_list_sizes,https://www.opendata.nhs.scot/dataset/f23655c3-6e23-4103-a511-a80d998adb90/resource/ceddbf27-0686-4f4b-b9a2-0090d28c3864/download/practice_contact_details_20260101_opendata.csv,20260101,DALMARNOCK FAMILY MEDICAL PRACTICE G40 2DA
DR ALI & DR MACKENZIE,S46023,G40 2DA,"BRIDGETON HEALTH CENTRE, 201 ABERCROMBY STREET, GLASGOW",01415 316620,,,,,,,SCOTLAND,scotland,ods_scottish_gp_practice,RO227,SCOTTISH GP PRACTICE,"RO227,RO76",https://directory.spineservices.nhs.uk/ORD/2-0-0/organisations/S46023,2022-11-18,2402,nhs_scotland_gp_practice_contact_details_and_list_sizes,https://www.opendata.nhs.scot/dataset/f23655c3-6e23-4103-a511-a80d998adb90/resource/ceddbf27-0686-4f4b-b9a2-0090d28c3864/download/practice_contact_details_20260101_opendata.csv,20260101,DR ALI & DR MACKENZIE G40 2DA
DR CONNAUGHTON,S46428,G40 2DA,"BRIDGETON HEALTH CENTRE, 201 ABERCROMBY STREET, GLASGOW",01415 503822,,,,,,,SCOTLAND,scotland,ods_scottish_gp_practice,RO227,SCOTTISH GP PRACTICE,"RO227,RO76",https://directory.spineservices.nhs.uk/ORD/2-0-0/organisations/S46428,2022-11-18,4827,nhs_scotland_gp_practice_contact_details_and_list_sizes,https://www.opendata.nhs.scot/dataset/f23655c3-6e23-4103-a511-a80d998adb90/resource/ceddbf27-0686-4f4b-b9a2-0090d28c3864/download/practice_contact_details_20260101_opendata.csv,20260101,DR CONNAUGHTON G40 2DA
DR M P HAMAYUN & PARTNER,S46396,G40 2DA,"BRIDGETON HEALTH CENTRE, 201 ABERCROMBY STREET, GLASGOW",01415 316660,,,,,,,SCOTLAND,scotland,ods_scottish_gp_practice,RO227,SCOTTISH GP PRACTICE,"RO227,RO76",https://directory.spineservices.nhs.uk/ORD/2-0-0/organisations/S46396,2025-01-17,1493,nhs_scotland_gp_practice_contact_details_and_list_sizes,https://www.opendata.nhs.scot/dataset/f23655c3-6e23-4103-a511-a80d998adb90/resource/ceddbf27-0686-4f4b-b9a2-0090d28c3864/download/practice_contact_details_20260101_opendata.csv,20260101,DR M P HAMAYUN & PARTNER G40 2DA
DR M SALEEM,S46447,G40 2DA,"BRIDGETON HEALTH CENTRE, 201 ABERCROMBY STREET, GLASGOW",01415 316670,,,,,,,SCOTLAND,scotland,ods_scottish_gp_practice,RO227,SCOTTISH GP PRACTICE,"RO227,RO76",https://directory.spineservices.nhs.uk/ORD/2-0-0/organisations/S46447,2022-11-18,1664,nhs_scotland_gp_practice_contact_details_and_list_sizes,https://www.opendata.nhs.scot/dataset/f23655c3-6e23-4103-a511-a80d998adb90/resource/ceddbf27-0686-4f4b-b9a2-0090d28c3864/download/practice_contact_details_20260101_opendata.csv,20260101,DR M SALEEM G40 2DA
DRS DAY & RAJA,S46381,G40 2DA,"BRIDGETON HEALTH CENTRE, 201 ABERCROMBY STREET, GLASGOW",01415 316610,,,,,,,SCOTLAND,scotland,ods_scottish_gp_practice,RO227,SCOTTISH GP PRACTICE,"RO227,RO76",https://directory.spineservices.nhs.uk/ORD/2-0-0/organisations/S46381,2022-11-18,2256,nhs_scotland_gp_practice_contact_details_and_list_sizes,https://www.opendata.nhs.scot/dataset/f23655c3-6e23-4103-a511-a80d998adb90/resource/ceddbf27-0686-4f4b-b9a2-0090d28c3864/download/practice_contact_details_20260101_opendata.csv,20260101,DRS DAY & RAJA G40 2DA
DRS LYNAS & RODGERS,S46606,G40 2DA,"BRIDGETON HEALTH CENTRE, 201 ABERCROMBIE STREET, GLASGOW",01415 316640,,,,,,,SCOTLAND,scotland,ods_scottish_gp_practice,RO227,SCOTTISH GP PRACTICE,"RO227,RO76",https://directory.spineservices.nhs.uk/ORD/2-0-0/organisations/S46606,2022-11-18,3253,nhs_scotland_gp_practice_contact_details_and_list_sizes,https://www.opendata.nhs.scot/dataset/f23655c3-6e23-4103-a511-a80d998adb90/resource/ceddbf27-0686-4f4b-b9a2-0090d28c3864/download/practice_contact_details_20260101_opendata.csv,20260101,DRS LYNAS & RODGERS G40 2DA
DR M KHAN,S46151,G40 3LJ,"COMMONWEALTH VILLAGE MEDICAL GROUP, 305 SPRINGFIELD ROAD, GLASGOW",01415 311000,,,,,,,SCOTLAND,scotland,ods_scottish_gp_practice,RO227,SCOTTISH GP PRACTICE,"RO227,RO76",https://directory.spineservices.nhs.uk/ORD/2-0-0/organisations/S46151,2023-01-13,2728,nhs_scotland_gp_practice_contact_details_and_list_sizes,https://www.opendata.nhs.scot/dataset/f23655c3-6e23-4103-a511-a80d998adb90/resource/ceddbf27-0686-4f4b-b9a2-0090d28c3864/download/practice_contact_details_20260101_opendata.csv,20260101,DR M KHAN G40 3LJ
DR FERGUSON & PARTNERS,S52128,G41 1HU,"ARRAN GP SURGERY, 40 ADMIRAL STREET, GLASGOW",01414 292626,,,,,,,SCOTLAND,scotland,ods_scottish_gp_practice,RO227,SCOTTISH GP PRACTICE,"RO227,RO76",https://directory.spineservices.nhs.uk/ORD/2-0-0/organisations/S52128,2022-11-18,10379,nhs_scotland_gp_practice_contact_details_and_list_sizes,https://www.opendata.nhs.scot/dataset/f23655c3-6e23-4103-a511-a80d998adb90/resource/ceddbf27-0686-4f4b-b9a2-0090d28c3864/download/practice_contact_details_20260101_opendata.csv,20260101,DR FERGUSON & PARTNERS G41 1HU
DR MCKEEVE,S52217,G41 1HU,"AILSA SURGERY, KINNING PARK MEDICAL CENTRE, GLASGOW",01414 290913,,,,,,,SCOTLAND,scotland,ods_scottish_gp_practice,RO227,SCOTTISH GP PRACTICE,"RO227,RO76",https://directory.spineservices.nhs.uk/ORD/2-0-0/organisations/S52217,2026-02-23,1903,nhs_scotland_gp_practice_contact_details_and_list_sizes,https://www.opendata.nhs.scot/dataset/f23655c3-6e23-4103-a511-a80d998adb90/resource/ceddbf27-0686-4f4b-b9a2-0090d28c3864/download/practice_contact_details_20260101_opendata.csv,20260101,DR MCKEEVE G41 1HU
MULL SURGERY,S52260,G41 1HU,"KINNING PARK MEDICAL CENTRE, 36 ADMIRAL STREET, GLASGOW",01414 290943,,,,,,,SCOTLAND,scotland,ods_scottish_gp_practice,RO227,SCOTTISH GP PRACTICE,"RO227,RO76",https://directory.spineservices.nhs.uk/ORD/2-0-0/organisations/S52260,2025-05-19,1753,nhs_scotland_gp_practice_contact_details_and_list_sizes,https://www.opendata.nhs.scot/dataset/f23655c3-6e23-4103-a511-a80d998adb90/resource/ceddbf27-0686-4f4b-b9a2-0090d28c3864/download/practice_contact_details_20260101_opendata.csv,20260101,MULL SURGERY G41 1HU
REGENCY MEDICAL PRACTICE,S49676,G41 1NX,"80 MCCULLOCH STREET, POLLOKSHIELDS, GLASGOW",01418 007310,,,,,,,SCOTLAND,scotland,ods_scottish_gp_practice,RO227,SCOTTISH GP PRACTICE,"RO227,RO76",https://directory.spineservices.nhs.uk/ORD/2-0-0/organisations/S49676,2022-08-24,3500,nhs_scotland_gp_practice_contact_details_and_list_sizes,https://www.opendata.nhs.scot/dataset/f23655c3-6e23-4103-a511-a80d998adb90/resource/ceddbf27-0686-4f4b-b9a2-0090d28c3864/download/practice_contact_details_20260101_opendata.csv,20260101,REGENCY MEDICAL PRACTICE G41 1NX
SHIELDS MEDICAL PRACTICE,S49801,G41 1NX,"80 MCCULLOCH STREET, GLASGOW",,,,,,,,SCOTLAND,scotland,ods_scottish_gp_practice,RO227,SCOTTISH GP PRACTICE,"RO227,RO76",https://directory.spineservices.nhs.uk/ORD/2-0-0/organisations/S49801,2022-11-18,4532,nhs_scotland_gp_practice_contact_details_and_list_sizes,https://www.opendata.nhs.scot/dataset/f23655c3-6e23-4103-a511-a80d998adb90/resource/ceddbf27-0686-4f4b-b9a2-0090d28c3864/download/practice_contact_details_20260101_opendata.csv,20260101,SHIELDS MEDICAL PRACTICE G41 1NX
GRANTLEY MEDICAL PRACTICE,S49553,G41 3PT,"DRS RENNIE, GALLACHER, STEEL & LANG, 1 GRANTLEY STREET, GLASGOW",01416 324698,,,,,,,SCOTLAND,scotland,ods_scottish_gp_practice,RO227,SCOTTISH GP PRACTICE,"RO227,RO76",https://directory.spineservices.nhs.uk/ORD/2-0-0/organisations/S49553,2025-12-11,5677,nhs_scotland_gp_practice_contact_details_and_list_sizes,https://www.opendata.nhs.scot/dataset/f23655c3-6e23-4103-a511-a80d998adb90/resource/ceddbf27-0686-4f4b-b9a2-0090d28c3864/download/practice_contact_details_20260101_opendata.csv,20260101,GRANTLEY MEDICAL PRACTICE G41 3PT
MEDIC-CALL,S54980,G41 3RG,"1407 POLLOCKSHAWS ROAD, GLASGOW",01416 360054,,,,,,,SCOTLAND,scotland,ods_scottish_gp_practice,RO227,SCOTTISH GP PRACTICE,"RO227,RO72",https://directory.spineservices.nhs.uk/ORD/2-0-0/organisations/S54980,2022-11-18,,,,,MEDIC-CALL G41 3RG
SHAWLANDS SURGERY,S49271,G41 3RG,"1413 POLLOKSHAWS ROAD, GLASGOW",01416 329141,,,,,,,SCOTLAND,scotland,ods_scottish_gp_practice,RO227,SCOTTISH GP PRACTICE,"RO227,RO76",https://directory.spineservices.nhs.uk/ORD/2-0-0/organisations/S49271,2025-02-24,6226,nhs_scotland_gp_practice_contact_details_and_list_sizes,https://www.opendata.nhs.scot/dataset/f23655c3-6e23-4103-a511-a80d998adb90/resource/ceddbf27-0686-4f4b-b9a2-0090d28c3864/download/practice_contact_details_20260101_opendata.csv,20260101,SHAWLANDS SURGERY G41 3RG
WAVERLEY PARK MEDICAL PRACTICE,S52151,G41 3UJ,"19 DINMONT ROAD, GLASGOW",01416 328883,,,,,,,SCOTLAND,scotland,ods_scottish_gp_practice,RO227,SCOTTISH GP PRACTICE,"RO227,RO76",https://directory.spineservices.nhs.uk/ORD/2-0-0/organisations/S52151,2022-11-18,4397,nhs_scotland_gp_practice_contact_details_and_list_sizes,https://www.opendata.nhs.scot/dataset/f23655c3-6e23-4103-a511-a80d998adb90/resource/ceddbf27-0686-4f4b-b9a2-0090d28c3864/download/practice_contact_details_20260101_opendata.csv,20260101,WAVERLEY PARK MEDICAL PRACTICE G41 3UJ
BAKER STREET SURGERY,S49318,G41 3YA,"9 BAKER STREET, GLASGOW",01416 324962,,,,,,,SCOTLAND,scotland,ods_scottish_gp_practice,RO227,SCOTTISH GP PRACTICE,"RO227,RO76",https://directory.spineservices.nhs.uk/ORD/2-0-0/organisations/S49318,2022-11-18,2362,nhs_scotland_gp_practice_contact_details_and_list_sizes,https://www.opendata.nhs.scot/dataset/f23655c3-6e23-4103-a511-a80d998adb90/resource/ceddbf27-0686-4f4b-b9a2-0090d28c3864/download/practice_contact_details_20260101_opendata.csv,20260101,BAKER STREET SURGERY G41 3YA
DR M. M. SHARIF & DR M. T. SALEEM,S49712,G41 3YA,"THE PARK SURGERY, 7 BAKER STREET, GLASGOW",01416 320203,,,,,,,SCOTLAND,scotland,ods_scottish_gp_practice,RO227,SCOTTISH GP PRACTICE,"RO227,RO76",https://directory.spineservices.nhs.uk/ORD/2-0-0/organisations/S49712,2022-11-18,2093,nhs_scotland_gp_practice_contact_details_and_list_sizes,https://www.opendata.nhs.scot/dataset/f23655c3-6e23-4103-a511-a80d998adb90/resource/ceddbf27-0686-4f4b-b9a2-0090d28c3864/download/practice_contact_details_20260101_opendata.csv,20260101,DR M. M. SHARIF & DR M. T. SALEEM G41 3YA
DRS GEDDES & PARTNERS,S49200,G41 3YT,"119-123 KILMARNOCK ROAD, GLASGOW",01416 496231,,,,,,,SCOTLAND,scotland,ods_scottish_gp_practice,RO227,SCOTTISH GP PRACTICE,"RO227,RO76",https://directory.spineservices.nhs.uk/ORD/2-0-0/organisations/S49200,2022-11-18,5292,nhs_scotland_gp_practice_contact_details_and_list_sizes,https://www.opendata.nhs.scot/dataset/f23655c3-6e23-4103-a511-a80d998adb90/resource/ceddbf27-0686-4f4b-b9a2-0090d28c3864/download/practice_contact_details_20260101_opendata.csv,20260101,DRS GEDDES & PARTNERS G41 3YT
NITHSDALE MERRYVALE GROUP PRACTICE,S49144,G41 5RU,"162 NITHSDALE ROAD, GLASGOW",01414 241831,,,,,,,SCOTLAND,scotland,ods_scottish_gp_practice,RO227,SCOTTISH GP PRACTICE,"RO227,RO76",https://directory.spineservices.nhs.uk/ORD/2-0-0/organisations/S49144,2022-11-18,9217,nhs_scotland_gp_practice_contact_details_and_list_sizes,https://www.opendata.nhs.scot/dataset/f23655c3-6e23-4103-a511-a80d998adb90/resource/ceddbf27-0686-4f4b-b9a2-0090d28c3864/download/practice_contact_details_20260101_opendata.csv,20260101,NITHSDALE MERRYVALE GROUP PRACTICE G41 5RU
DR MAHMOOD,S49375,G42 0EH,"TORYGLEN MEDICAL CENTRE, 20 GLENMORE AVENUE, GLASGOW",01416 473020,,,,,,,SCOTLAND,scotland,ods_scottish_gp_practice,RO227,SCOTTISH GP PRACTICE,"RO227,RO76",https://directory.spineservices.nhs.uk/ORD/2-0-0/organisations/S49375,2025-05-16,2405,nhs_scotland_gp_practice_contact_details_and_list_sizes,https://www.opendata.nhs.scot/dataset/f23655c3-6e23-4103-a511-a80d998adb90/resource/ceddbf27-0686-4f4b-b9a2-0090d28c3864/download/practice_contact_details_20260101_opendata.csv,20260101,DR MAHMOOD G42 0EH
BUTTERBIGGINS MEDICAL CENTRE,S49267,G42 7AF,"134 BUTTERBIGGINS ROAD, GLASGOW",01414 231398,,,,,,,SCOTLAND,scotland,ods_scottish_gp_practice,RO227,SCOTTISH GP PRACTICE,"RO227,RO76",https://directory.spineservices.nhs.uk/ORD/2-0-0/organisations/S49267,2022-11-18,5071,nhs_scotland_gp_practice_contact_details_and_list_sizes,https://www.opendata.nhs.scot/dataset/f23655c3-6e23-4103-a511-a80d998adb90/resource/ceddbf27-0686-4f4b-b9a2-0090d28c3864/download/practice_contact_details_20260101_opendata.csv,20260101,BUTTERBIGGINS MEDICAL CENTRE G42 7AF
"DRS CARSE, BYRNE & REILLY",S52039,G42 7DR,"GROUP A, GOVANHILL HEALTH CENTRE, GLASGOW",01415 318350,,,,,,,SCOTLAND,scotland,ods_scottish_gp_practice,RO227,SCOTTISH GP PRACTICE,"RO227,RO76",https://directory.spineservices.nhs.uk/ORD/2-0-0/organisations/S52039,2025-06-23,5835,nhs_scotland_gp_practice_contact_details_and_list_sizes,https://www.opendata.nhs.scot/dataset/f23655c3-6e23-4103-a511-a80d998adb90/resource/ceddbf27-0686-4f4b-b9a2-0090d28c3864/download/practice_contact_details_20260101_opendata.csv,20260101,"DRS CARSE, BYRNE & REILLY G42 7DR"
PRACTICE B,S49041,G42 7DR,"GOVANHILL HEALTH CENTRE, 233 CALDER STREET, GLASGOW",01415 318365,,,,,,,SCOTLAND,scotland,ods_scottish_gp_practice,RO227,SCOTTISH GP PRACTICE,"RO227,RO76",https://directory.spineservices.nhs.uk/ORD/2-0-0/organisations/S49041,2022-08-24,11892,nhs_scotland_gp_practice_contact_details_and_list_sizes,https://www.opendata.nhs.scot/dataset/f23655c3-6e23-4103-a511-a80d998adb90/resource/ceddbf27-0686-4f4b-b9a2-0090d28c3864/download/practice_contact_details_20260101_opendata.csv,20260101,PRACTICE B G42 7DR
THE VICTORIA PRACTICE,S49178,G42 7DR,"GOVANHILL HEALTH CENTRE, 233 CALDER STREET, GLASGOW",01415 318385,,,,,,,SCOTLAND,scotland,ods_scottish_gp_practice,RO227,SCOTTISH GP PRACTICE,"RO227,RO76",https://directory.spineservices.nhs.uk/ORD/2-0-0/organisations/S49178,2023-01-16,6699,nhs_scotland_gp_practice_contact_details_and_list_sizes,https://www.opendata.nhs.scot/dataset/f23655c3-6e23-4103-a511-a80d998adb90/resource/ceddbf27-0686-4f4b-b9a2-0090d28c3864/download/practice_contact_details_20260101_opendata.csv,20260101,THE VICTORIA PRACTICE G42 7DR
QUEENS PARK MEDICAL PRACTICE,S49286,G42 8QD,"181 QUEEN'S DRIVE, GLASGOW",01414 233474,,,,,,,SCOTLAND,scotland,ods_scottish_gp_practice,RO227,SCOTTISH GP PRACTICE,"RO227,RO76",https://directory.spineservices.nhs.uk/ORD/2-0-0/organisations/S49286,2022-11-18,3466,nhs_scotland_gp_practice_contact_details_and_list_sizes,https://www.opendata.nhs.scot/dataset/f23655c3-6e23-4103-a511-a80d998adb90/resource/ceddbf27-0686-4f4b-b9a2-0090d28c3864/download/practice_contact_details_20260101_opendata.csv,20260101,QUEENS PARK MEDICAL PRACTICE G42 8QD
"DRS MCGIVERN, MURTHY & SINHA",S49130,G42 9JT,"148 BATTLEFIELD ROAD, GLASGOW",01416 326310,,,,,,,SCOTLAND,scotland,ods_scottish_gp_practice,RO227,SCOTTISH GP PRACTICE,"RO227,RO76",https://directory.spineservices.nhs.uk/ORD/2-0-0/organisations/S49130,2022-11-18,4711,nhs_scotland_gp_practice_contact_details_and_list_sizes,https://www.opendata.nhs.scot/dataset/f23655c3-6e23-4103-a511-a80d998adb90/resource/ceddbf27-0686-4f4b-b9a2-0090d28c3864/download/practice_contact_details_20260101_opendata.csv,20260101,"DRS MCGIVERN, MURTHY & SINHA G42 9JT"
MOUNT FLORIDA MEDICAL CENTRE,S49681,G42 9LQ,"183 PROSPECTHILL ROAD, GLASGOW",01416 324004,,,,,,,SCOTLAND,scotland,ods_scottish_gp_practice,RO227,SCOTTISH GP PRACTICE,"RO227,RO76",https://directory.spineservices.nhs.uk/ORD/2-0-0/organisations/S49681,2022-11-18,8894,nhs_scotland_gp_practice_contact_details_and_list_sizes,https://www.opendata.nhs.scot/dataset/f23655c3-6e23-4103-a511-a80d998adb90/resource/ceddbf27-0686-4f4b-b9a2-0090d28c3864/download/practice_contact_details_20260101_opendata.csv,20260101,MOUNT FLORIDA MEDICAL CENTRE G42 9LQ
POLLOKSHAWS MEDICAL CENTRE,S52429,G43 1RR,"26 WELL GREEN, GLASGOW",01416 204300,,,,,,,SCOTLAND,scotland,ods_scottish_gp_practice,RO227,SCOTTISH GP PRACTICE,"RO227,RO76",https://directory.spineservices.nhs.uk/ORD/2-0-0/organisations/S52429,2022-11-18,10503,nhs_scotland_gp_practice_contact_details_and_list_sizes,https://www.opendata.nhs.scot/dataset/f23655c3-6e23-4103-a511-a80d998adb90/resource/ceddbf27-0686-4f4b-b9a2-0090d28c3864/download/practice_contact_details_20260101_opendata.csv,20260101,POLLOKSHAWS MEDICAL CENTRE G43 1RR
MERRYLEE MEDICAL CENTRE,S49248,G44 3DH,"142 CLARKSTON ROAD, GLASGOW",01416 332345,,,,,,,SCOTLAND,scotland,ods_scottish_gp_practice,RO227,SCOTTISH GP PRACTICE,"RO227,RO76",https://directory.spineservices.nhs.uk/ORD/2-0-0/organisations/S49248,2022-11-18,6541,nhs_scotland_gp_practice_contact_details_and_list_sizes,https://www.opendata.nhs.scot/dataset/f23655c3-6e23-4103-a511-a80d998adb90/resource/ceddbf27-0686-4f4b-b9a2-0090d28c3864/download/practice_contact_details_20260101_opendata.csv,20260101,MERRYLEE MEDICAL CENTRE G44 3DH
KINGSPARK SURGERY,S49770,G44 4JE,"274 KINGS PARK AVENUE, GLASGOW",01416 321824,,,,,,,SCOTLAND,scotland,ods_scottish_gp_practice,RO227,SCOTTISH GP PRACTICE,"RO227,RO76",https://directory.spineservices.nhs.uk/ORD/2-0-0/organisations/S49770,2022-11-18,5263,nhs_scotland_gp_practice_contact_details_and_list_sizes,https://www.opendata.nhs.scot/dataset/f23655c3-6e23-4103-a511-a80d998adb90/resource/ceddbf27-0686-4f4b-b9a2-0090d28c3864/download/practice_contact_details_20260101_opendata.csv,20260101,KINGSPARK SURGERY G44 4JE
THE KHAN MEDICAL SURGERY,S52433,G44 4JE,"274 KINGS PARK AVENUE, GLASGOW",01414 146900,,,,,,,SCOTLAND,scotland,ods_scottish_gp_practice,RO227,SCOTTISH GP PRACTICE,"RO227,RO76",https://directory.spineservices.nhs.uk/ORD/2-0-0/organisations/S52433,2024-05-22,3362,nhs_scotland_gp_practice_contact_details_and_list_sizes,https://www.opendata.nhs.scot/dataset/f23655c3-6e23-4103-a511-a80d998adb90/resource/ceddbf27-0686-4f4b-b9a2-0090d28c3864/download/practice_contact_details_20260101_opendata.csv,20260101,THE KHAN MEDICAL SURGERY G44 4JE
PINECROFT MEDICAL PRACTICE,S49106,G44 5JT,"44 CROFTFOOT ROAD, GLASGOW",01412 015130,,,,,,,SCOTLAND,scotland,ods_scottish_gp_practice,RO227,SCOTTISH GP PRACTICE,"RO227,RO76",https://directory.spineservices.nhs.uk/ORD/2-0-0/organisations/S49106,2024-02-20,7144,nhs_scotland_gp_practice_contact_details_and_list_sizes,https://www.opendata.nhs.scot/dataset/f23655c3-6e23-4103-a511-a80d998adb90/resource/ceddbf27-0686-4f4b-b9a2-0090d28c3864/download/practice_contact_details_20260101_opendata.csv,20260101,PINECROFT MEDICAL PRACTICE G44 5JT
THE KER PRACTICE,S49765,G44 5JT,"30 CROFTFOOT ROAD, GLASGOW",01414 715050,,,,,,,SCOTLAND,scotland,ods_scottish_gp_practice,RO227,SCOTTISH GP PRACTICE,"RO227,RO76",https://directory.spineservices.nhs.uk/ORD/2-0-0/organisations/S49765,2022-08-24,10105,nhs_scotland_gp_practice_contact_details_and_list_sizes,https://www.opendata.nhs.scot/dataset/f23655c3-6e23-4103-a511-a80d998adb90/resource/ceddbf27-0686-4f4b-b9a2-0090d28c3864/download/practice_contact_details_20260101_opendata.csv,20260101,THE KER PRACTICE G44 5JT
CASTLEMILK GROUP PRACTICE,S49751,G45 9AW,"CASTLEMILK HEALTH CENTRE, 71 DOUGRIE DRIVE, GLASGOW",01415 318585,,,,,,,SCOTLAND,scotland,ods_scottish_gp_practice,RO227,SCOTTISH GP PRACTICE,"RO227,RO76",https://directory.spineservices.nhs.uk/ORD/2-0-0/organisations/S49751,2022-11-18,11017,nhs_scotland_gp_practice_contact_details_and_list_sizes,https://www.opendata.nhs.scot/dataset/f23655c3-6e23-4103-a511-a80d998adb90/resource/ceddbf27-0686-4f4b-b9a2-0090d28c3864/download/practice_contact_details_20260101_opendata.csv,20260101,CASTLEMILK GROUP PRACTICE G45 9AW
THE VILLAGE PRACTICE - THORNLIEBANK,S52255,G46 8NY,"THORNLIEBANK HEALTH CENTRE, 20 KENNISHEAD ROAD, GLASGOW",01415 316901,,,,,,,SCOTLAND,scotland,ods_scottish_gp_practice,RO227,SCOTTISH GP PRACTICE,"RO227,RO76",https://directory.spineservices.nhs.uk/ORD/2-0-0/organisations/S52255,2023-05-15,8954,nhs_scotland_gp_practice_contact_details_and_list_sizes,https://www.opendata.nhs.scot/dataset/f23655c3-6e23-4103-a511-a80d998adb90/resource/ceddbf27-0686-4f4b-b9a2-0090d28c3864/download/practice_contact_details_20260101_opendata.csv,20260101,THE VILLAGE PRACTICE - THORNLIEBANK G46 8NY
THORNTREE PRACTICE,S52221,G46 8NY,"THORNLIEBANK HEALTH CENTRE, 20 KENNISHEAD ROAD, GLASGOW",01415 316999,,,,,,,SCOTLAND,scotland,ods_scottish_gp_practice,RO227,SCOTTISH GP PRACTICE,"RO227,RO76",https://directory.spineservices.nhs.uk/ORD/2-0-0/organisations/S52221,2023-09-15,6540,nhs_scotland_gp_practice_contact_details_and_list_sizes,https://www.opendata.nhs.scot/dataset/f23655c3-6e23-4103-a511-a80d998adb90/resource/ceddbf27-0686-4f4b-b9a2-0090d28c3864/download/practice_contact_details_20260101_opendata.csv,20260101,THORNTREE PRACTICE G46 8NY
DR C MILLS & PARTNERS,S49074,G5 9AB,"NEW GORBALS HEALTH & CARE CENTRE, 2 SANDIEFIELD ROAD, GLASGOW",01412 015111,,,,,,,SCOTLAND,scotland,ods_scottish_gp_practice,RO227,SCOTTISH GP PRACTICE,"RO227,RO76",https://directory.spineservices.nhs.uk/ORD/2-0-0/organisations/S49074,2022-08-24,5029,nhs_scotland_gp_practice_contact_details_and_list_sizes,https://www.opendata.nhs.scot/dataset/f23655c3-6e23-4103-a511-a80d998adb90/resource/ceddbf27-0686-4f4b-b9a2-0090d28c3864/download/practice_contact_details_20260101_opendata.csv,20260101,DR C MILLS & PARTNERS G5 9AB
THE GORDON PRACTICE,S49604,G5 9AB,"NEW GORBALS HEALTH & CARE CENTRE, 2 SANDIEFIELD ROAD, GLASGOW",01412 015100,,,,,,,SCOTLAND,scotland,ods_scottish_gp_practice,RO227,SCOTTISH GP PRACTICE,"RO227,RO76",https://directory.spineservices.nhs.uk/ORD/2-0-0/organisations/S49604,2022-08-24,5941,nhs_scotland_gp_practice_contact_details_and_list_sizes,https://www.opendata.nhs.scot/dataset/f23655c3-6e23-4103-a511-a80d998adb90/resource/ceddbf27-0686-4f4b-b9a2-0090d28c3864/download/practice_contact_details_20260101_opendata.csv,20260101,THE GORDON PRACTICE G5 9AB
EGLINTON MEDICAL CENTRE,S49093,G5 9RP,"660 EGLINTON STREET, GLASGOW",01414 291421,,,,,,,SCOTLAND,scotland,ods_scottish_gp_practice,RO227,SCOTTISH GP PRACTICE,"RO227,RO76",https://directory.spineservices.nhs.uk/ORD/2-0-0/organisations/S49093,2022-11-18,2416,nhs_scotland_gp_practice_contact_details_and_list_sizes,https://www.opendata.nhs.scot/dataset/f23655c3-6e23-4103-a511-a80d998adb90/resource/ceddbf27-0686-4f4b-b9a2-0090d28c3864/download/practice_contact_details_20260101_opendata.csv,20260101,EGLINTON MEDICAL CENTRE G5 9RP
THE CRESCENT MEDICAL PRACTICE,S52058,G51 1AT,"12 WALMER CRESCENT, GLASGOW",01414 270191,,,,,,,SCOTLAND,scotland,ods_scottish_gp_practice,RO227,SCOTTISH GP PRACTICE,"RO227,RO76",https://directory.spineservices.nhs.uk/ORD/2-0-0/organisations/S52058,2022-11-18,6342,nhs_scotland_gp_practice_contact_details_and_list_sizes,https://www.opendata.nhs.scot/dataset/f23655c3-6e23-4103-a511-a80d998adb90/resource/ceddbf27-0686-4f4b-b9a2-0090d28c3864/download/practice_contact_details_20260101_opendata.csv,20260101,THE CRESCENT MEDICAL PRACTICE G51 1AT
RUTLAND SURGERY,S52202,G51 1HS,"24 GOVAN ROAD, GLASGOW",01414 181080,,,,,,,SCOTLAND,scotland,ods_scottish_gp_practice,RO227,SCOTTISH GP PRACTICE,"RO227,RO76",https://directory.spineservices.nhs.uk/ORD/2-0-0/organisations/S52202,2024-10-18,3634,nhs_scotland_gp_practice_contact_details_and_list_sizes,https://www.opendata.nhs.scot/dataset/f23655c3-6e23-4103-a511-a80d998adb90/resource/ceddbf27-0686-4f4b-b9a2-0090d28c3864/download/practice_contact_details_20260101_opendata.csv,20260101,RUTLAND SURGERY G51 1HS
IBROXHOLM MEDICAL CENTRE,S52109,G51 1RN,"532 PAISLEY ROAD WEST, GLASGOW",01414 272504,,,,,,,SCOTLAND,scotland,ods_scottish_gp_practice,RO227,SCOTTISH GP PRACTICE,"RO227,RO76",https://directory.spineservices.nhs.uk/ORD/2-0-0/organisations/S52109,2025-03-25,2715,nhs_scotland_gp_practice_contact_details_and_list_sizes,https://www.opendata.nhs.scot/dataset/f23655c3-6e23-4103-a511-a80d998adb90/resource/ceddbf27-0686-4f4b-b9a2-0090d28c3864/download/practice_contact_details_20260101_opendata.csv,20260101,IBROXHOLM MEDICAL CENTRE G51 1RN
MIDLOCK MEDICAL CENTRE,S52005,G51 1SL,"7 MIDLOCK STREET, GLASGOW",01414 274271,,,,,,,SCOTLAND,scotland,ods_scottish_gp_practice,RO227,SCOTTISH GP PRACTICE,"RO227,RO76",https://directory.spineservices.nhs.uk/ORD/2-0-0/organisations/S52005,2022-11-18,9549,nhs_scotland_gp_practice_contact_details_and_list_sizes,https://www.opendata.nhs.scot/dataset/f23655c3-6e23-4103-a511-a80d998adb90/resource/ceddbf27-0686-4f4b-b9a2-0090d28c3864/download/practice_contact_details_20260101_opendata.csv,20260101,MIDLOCK MEDICAL CENTRE G51 1SL
CRAIGTON MEDICAL PRACTICE,S52359,G51 4BJ,"GOVAN HEALTH CENTRE, 5 DRUMOYNE ROAD, GLASGOW",01418 822222,,,,,,,SCOTLAND,scotland,ods_scottish_gp_practice,RO227,SCOTTISH GP PRACTICE,"RO227,RO76",https://directory.spineservices.nhs.uk/ORD/2-0-0/organisations/S52359,2022-08-24,8691,nhs_scotland_gp_practice_contact_details_and_list_sizes,https://www.opendata.nhs.scot/dataset/f23655c3-6e23-4103-a511-a80d998adb90/resource/ceddbf27-0686-4f4b-b9a2-0090d28c3864/download/practice_contact_details_20260101_opendata.csv,20260101,CRAIGTON MEDICAL PRACTICE G51 4BJ
THE DAVID ELDER MEDICAL PRACTICE,S52062,G51 4BJ,"GOVAN HEALTH CENTRE, 5 DRUMOYNE ROAD, GLASGOW",01415 318470,,,,,,,SCOTLAND,scotland,ods_scottish_gp_practice,RO227,SCOTTISH GP PRACTICE,"RO227,RO76",https://directory.spineservices.nhs.uk/ORD/2-0-0/organisations/S52062,2022-11-18,5312,nhs_scotland_gp_practice_contact_details_and_list_sizes,https://www.opendata.nhs.scot/dataset/f23655c3-6e23-4103-a511-a80d998adb90/resource/ceddbf27-0686-4f4b-b9a2-0090d28c3864/download/practice_contact_details_20260101_opendata.csv,20260101,THE DAVID ELDER MEDICAL PRACTICE G51 4BJ
THE GREEN PRACTICE GOVAN,S52096,G51 4BJ,"GOVAN HEALTH CENTRE, 5 DRUMOYNE ROAD, GLASGOW",01415 318460,,,,,,,SCOTLAND,scotland,ods_scottish_gp_practice,RO227,SCOTTISH GP PRACTICE,"RO227,RO76",https://directory.spineservices.nhs.uk/ORD/2-0-0/organisations/S52096,2022-11-18,4742,nhs_scotland_gp_practice_contact_details_and_list_sizes,https://www.opendata.nhs.scot/dataset/f23655c3-6e23-4103-a511-a80d998adb90/resource/ceddbf27-0686-4f4b-b9a2-0090d28c3864/download/practice_contact_details_20260101_opendata.csv,20260101,THE GREEN PRACTICE GOVAN G51 4BJ
YELLOW PRACTICE,S52330,G51 4BJ,"GOVAN HEALTH CENTRE, 5 DRUMOYNE ROAD, GLASGOW",01415 318490,,,,,,,SCOTLAND,scotland,ods_scottish_gp_practice,RO227,SCOTTISH GP PRACTICE,"RO227,RO76",https://directory.spineservices.nhs.uk/ORD/2-0-0/organisations/S52330,2022-11-18,4211,nhs_scotland_gp_practice_contact_details_and_list_sizes,https://www.opendata.nhs.scot/dataset/f23655c3-6e23-4103-a511-a80d998adb90/resource/ceddbf27-0686-4f4b-b9a2-0090d28c3864/download/practice_contact_details_20260101_opendata.csv,20260101,YELLOW PRACTICE G51 4BJ
THURSTON ROAD MEDICAL PRACTICE,S52024,G52 2AZ,"140 THURSTON ROAD, GLASGOW",01418 838838,,,,,,,SCOTLAND,scotland,ods_scottish_gp_practice,RO227,SCOTTISH GP PRACTICE,"RO227,RO76",https://directory.spineservices.nhs.uk/ORD/2-0-0/organisations/S52024,2022-11-18,4446,nhs_scotland_gp_practice_contact_details_and_list_sizes,https://www.opendata.nhs.scot/dataset/f23655c3-6e23-4103-a511-a80d998adb90/resource/ceddbf27-0686-4f4b-b9a2-0090d28c3864/download/practice_contact_details_20260101_opendata.csv,20260101,THURSTON ROAD MEDICAL PRACTICE G52 2AZ
DR MAIR & PARTNERS,S52241,G52 3QN,"1600-1604 PAISLEY ROAD WEST, IBROX, GLASGOW",01418 824567,,,,,,,SCOTLAND,scotland,ods_scottish_gp_practice,RO227,SCOTTISH GP PRACTICE,"RO227,RO76",https://directory.spineservices.nhs.uk/ORD/2-0-0/organisations/S52241,2022-11-18,7927,nhs_scotland_gp_practice_contact_details_and_list_sizes,https://www.opendata.nhs.scot/dataset/f23655c3-6e23-4103-a511-a80d998adb90/resource/ceddbf27-0686-4f4b-b9a2-0090d28c3864/download/practice_contact_details_20260101_opendata.csv,20260101,DR MAIR & PARTNERS G52 3QN
DR O'NEILL & ASSOCIATES,S52185,G52 3SS,"CARDONALD MEDICAL CENTRE, 1831 PAISLEY ROAD WEST, GLASGOW",01412 116660,,,,,,,SCOTLAND,scotland,ods_scottish_gp_practice,RO227,SCOTTISH GP PRACTICE,"RO227,RO76",https://directory.spineservices.nhs.uk/ORD/2-0-0/organisations/S52185,2024-05-22,4117,nhs_scotland_gp_practice_contact_details_and_list_sizes,https://www.opendata.nhs.scot/dataset/f23655c3-6e23-4103-a511-a80d998adb90/resource/ceddbf27-0686-4f4b-b9a2-0090d28c3864/download/practice_contact_details_20260101_opendata.csv,20260101,DR O'NEILL & ASSOCIATES G52 3SS
DRS DATTA & PARTNERS,S52414,G52 3SS,"CARDONALD MEDICAL CENTRE, 1831 PAISLEY ROAD WEST, GLASGOW",01418 922548,,,,,,,SCOTLAND,scotland,ods_scottish_gp_practice,RO227,SCOTTISH GP PRACTICE,"RO227,RO76",https://directory.spineservices.nhs.uk/ORD/2-0-0/organisations/S52414,2022-08-24,4924,nhs_scotland_gp_practice_contact_details_and_list_sizes,https://www.opendata.nhs.scot/dataset/f23655c3-6e23-4103-a511-a80d998adb90/resource/ceddbf27-0686-4f4b-b9a2-0090d28c3864/download/practice_contact_details_20260101_opendata.csv,20260101,DRS DATTA & PARTNERS G52 3SS
BRAIDCRAFT MEDICAL CENTRE,S52043,G53 5QD,"200 BRAIDCRAFT ROAD, GLASGOW",01418 823396,,,,,,,SCOTLAND,scotland,ods_scottish_gp_practice,RO227,SCOTTISH GP PRACTICE,"RO227,RO76",https://directory.spineservices.nhs.uk/ORD/2-0-0/organisations/S52043,2022-11-18,6357,nhs_scotland_gp_practice_contact_details_and_list_sizes,https://www.opendata.nhs.scot/dataset/f23655c3-6e23-4103-a511-a80d998adb90/resource/ceddbf27-0686-4f4b-b9a2-0090d28c3864/download/practice_contact_details_20260101_opendata.csv,20260101,BRAIDCRAFT MEDICAL CENTRE G53 5QD
THE PEAT ROAD MEDICAL PRACTICE,S52293,G53 6EQ,"POLLOK HEALTH CENTRE, 21 COWGLEN ROAD, GLASGOW",01415 316860,,,,,,,SCOTLAND,scotland,ods_scottish_gp_practice,RO227,SCOTTISH GP PRACTICE,"RO227,RO76",https://directory.spineservices.nhs.uk/ORD/2-0-0/organisations/S52293,2022-11-18,5198,nhs_scotland_gp_practice_contact_details_and_list_sizes,https://www.opendata.nhs.scot/dataset/f23655c3-6e23-4103-a511-a80d998adb90/resource/ceddbf27-0686-4f4b-b9a2-0090d28c3864/download/practice_contact_details_20260101_opendata.csv,20260101,THE PEAT ROAD MEDICAL PRACTICE G53 6EQ
THE SILVER BURN MEDICAL PRACTICE,S52400,G53 6EQ,"POLLOK HEALTH CENTRE, 21 COWGLEN ROAD, GLASGOW",01415 316870,,,,,,,SCOTLAND,scotland,ods_scottish_gp_practice,RO227,SCOTTISH GP PRACTICE,"RO227,RO76",https://directory.spineservices.nhs.uk/ORD/2-0-0/organisations/S52400,2023-09-14,6023,nhs_scotland_gp_practice_contact_details_and_list_sizes,https://www.opendata.nhs.scot/dataset/f23655c3-6e23-4103-a511-a80d998adb90/resource/ceddbf27-0686-4f4b-b9a2-0090d28c3864/download/practice_contact_details_20260101_opendata.csv,20260101,THE SILVER BURN MEDICAL PRACTICE G53 6EQ
CROOKSTON MEDICAL PRACTICE,S52344,G53 7FY,"230 DALMELLINGTON ROAD, CROOKSTON, GLASGOW",01418 838887,,,,,,,SCOTLAND,scotland,ods_scottish_gp_practice,RO227,SCOTTISH GP PRACTICE,"RO227,RO76",https://directory.spineservices.nhs.uk/ORD/2-0-0/organisations/S52344,2022-11-18,6395,nhs_scotland_gp_practice_contact_details_and_list_sizes,https://www.opendata.nhs.scot/dataset/f23655c3-6e23-4103-a511-a80d998adb90/resource/ceddbf27-0686-4f4b-b9a2-0090d28c3864/download/practice_contact_details_20260101_opendata.csv,20260101,CROOKSTON MEDICAL PRACTICE G53 7FY
SYCAMORE MEDICAL PRACTICE,S52147,G53 7RN,"500 CORSELET ROAD, GLASGOW",01416 381464,,,,,,,SCOTLAND,scotland,ods_scottish_gp_practice,RO227,SCOTTISH GP PRACTICE,"RO227,RO76",https://directory.spineservices.nhs.uk/ORD/2-0-0/organisations/S52147,2023-01-17,2210,nhs_scotland_gp_practice_contact_details_and_list_sizes,https://www.opendata.nhs.scot/dataset/f23655c3-6e23-4103-a511-a80d998adb90/resource/ceddbf27-0686-4f4b-b9a2-0090d28c3864/download/practice_contact_details_20260101_opendata.csv,20260101,SYCAMORE MEDICAL PRACTICE G53 7RN
OLD KILPATRICK MEDICAL PRACTICE,S40065,G60 5JG,"ERSKINE VIEW, OLD KILPATRICK, GLASGOW",01389 315800,,,,,,,SCOTLAND,scotland,ods_scottish_gp_practice,RO227,SCOTTISH GP PRACTICE,"RO227,RO76",https://directory.spineservices.nhs.uk/ORD/2-0-0/organisations/S40065,2022-08-24,5652,nhs_scotland_gp_practice_contact_details_and_list_sizes,https://www.opendata.nhs.scot/dataset/f23655c3-6e23-4103-a511-a80d998adb90/resource/ceddbf27-0686-4f4b-b9a2-0090d28c3864/download/practice_contact_details_20260101_opendata.csv,20260101,OLD KILPATRICK MEDICAL PRACTICE G60 5JG
KESSINGTON MEDICAL CENTRE,S40101,G61 2DN,"85 MILNGAVIE ROAD, BEARSDEN, GLASGOW",01412 120700,,,,,,,SCOTLAND,scotland,ods_scottish_gp_practice,RO227,SCOTTISH GP PRACTICE,"RO227,RO76",https://directory.spineservices.nhs.uk/ORD/2-0-0/organisations/S40101,2022-08-24,8098,nhs_scotland_gp_practice_contact_details_and_list_sizes,https://www.opendata.nhs.scot/dataset/f23655c3-6e23-4103-a511-a80d998adb90/resource/ceddbf27-0686-4f4b-b9a2-0090d28c3864/download/practice_contact_details_20260101_opendata.csv,20260101,KESSINGTON MEDICAL CENTRE G61 2DN
DENBRIDGE MEDICAL PRACTICE,S40741,G61 2SY,"96 DRYMEN ROAD, BEARSDEN, GLASGOW",01419 429494,,,,,,,SCOTLAND,scotland,ods_scottish_gp_practice,RO227,SCOTTISH GP PRACTICE,"RO227,RO76",https://directory.spineservices.nhs.uk/ORD/2-0-0/organisations/S40741,2023-05-16,9289,nhs_scotland_gp_practice_contact_details_and_list_sizes,https://www.opendata.nhs.scot/dataset/f23655c3-6e23-4103-a511-a80d998adb90/resource/ceddbf27-0686-4f4b-b9a2-0090d28c3864/download/practice_contact_details_20260101_opendata.csv,20260101,DENBRIDGE MEDICAL PRACTICE G61 2SY
THE TERRACE MEDICAL PRACTICE,S40027,G61 3RD,"160 DRYMEN ROAD, BEARSDEN, GLASGOW",01419 426644,,,,,,,SCOTLAND,scotland,ods_scottish_gp_practice,RO227,SCOTTISH GP PRACTICE,"RO227,RO76",https://directory.spineservices.nhs.uk/ORD/2-0-0/organisations/S40027,2022-11-18,7895,nhs_scotland_gp_practice_contact_details_and_list_sizes,https://www.opendata.nhs.scot/dataset/f23655c3-6e23-4103-a511-a80d998adb90/resource/ceddbf27-0686-4f4b-b9a2-0090d28c3864/download/practice_contact_details_20260101_opendata.csv,20260101,THE TERRACE MEDICAL PRACTICE G61 3RD
ASHFIELD MEDICAL PRACTICE,S40173,G62 6BT,"ASHFIELD HOUSE, 1 ASHFIELD ROAD, GLASGOW",01419 561339,,,,,,,SCOTLAND,scotland,ods_scottish_gp_practice,RO227,SCOTTISH GP PRACTICE,"RO227,RO76",https://directory.spineservices.nhs.uk/ORD/2-0-0/organisations/S40173,2023-01-13,8161,nhs_scotland_gp_practice_contact_details_and_list_sizes,https://www.opendata.nhs.scot/dataset/f23655c3-6e23-4103-a511-a80d998adb90/resource/ceddbf27-0686-4f4b-b9a2-0090d28c3864/download/practice_contact_details_20260101_opendata.csv,20260101,ASHFIELD MEDICAL PRACTICE G62 6BT
KERSLAND HOUSE SURGERY,S40385,G62 8BT,"37 STATION ROAD, MILNGAVIE, GLASGOW",01419 561005,,,,,,,SCOTLAND,scotland,ods_scottish_gp_practice,RO227,SCOTTISH GP PRACTICE,"RO227,RO76",https://directory.spineservices.nhs.uk/ORD/2-0-0/organisations/S40385,2023-01-13,7467,nhs_scotland_gp_practice_contact_details_and_list_sizes,https://www.opendata.nhs.scot/dataset/f23655c3-6e23-4103-a511-a80d998adb90/resource/ceddbf27-0686-4f4b-b9a2-0090d28c3864/download/practice_contact_details_20260101_opendata.csv,20260101,KERSLAND HOUSE SURGERY G62 8BT
DRYMEN HEALTH CENTRE,S25898,G63 0DP,"2 OLD GARTMORE ROAD, DRYMEN, GLASGOW",01360 660203,,,,,,,SCOTLAND,scotland,ods_scottish_gp_practice,RO227,SCOTTISH GP PRACTICE,"RO227,RO76",https://directory.spineservices.nhs.uk/ORD/2-0-0/organisations/S25898,2023-01-16,1537,nhs_scotland_gp_practice_contact_details_and_list_sizes,https://www.opendata.nhs.scot/dataset/f23655c3-6e23-4103-a511-a80d998adb90/resource/ceddbf27-0686-4f4b-b9a2-0090d28c3864/download/practice_contact_details_20260101_opendata.csv,20260101,DRYMEN HEALTH CENTRE G63 0DP
BALFRON HEALTH CENTRE,S25051,G63 0TS,"41-47 BUCHANAN STREET, BALFRON, GLASGOW",01360 440515,,,,,,,SCOTLAND,scotland,ods_scottish_gp_practice,RO227,SCOTTISH GP PRACTICE,"RO227,RO76",https://directory.spineservices.nhs.uk/ORD/2-0-0/organisations/S25051,2023-01-16,2944,nhs_scotland_gp_practice_contact_details_and_list_sizes,https://www.opendata.nhs.scot/dataset/f23655c3-6e23-4103-a511-a80d998adb90/resource/ceddbf27-0686-4f4b-b9a2-0090d28c3864/download/practice_contact_details_20260101_opendata.csv,20260101,BALFRON HEALTH CENTRE G63 0TS
EDENKILN SURGERY,S25065,G63 9EF,"12 DUMBROCK ROAD, STRATHBLANE, GLASGOW",01360 770340,,,,,,,SCOTLAND,scotland,ods_scottish_gp_practice,RO227,SCOTTISH GP PRACTICE,"RO227,RO76",https://directory.spineservices.nhs.uk/ORD/2-0-0/organisations/S25065,2023-01-16,2491,nhs_scotland_gp_practice_contact_details_and_list_sizes,https://www.opendata.nhs.scot/dataset/f23655c3-6e23-4103-a511-a80d998adb90/resource/ceddbf27-0686-4f4b-b9a2-0090d28c3864/download/practice_contact_details_20260101_opendata.csv,20260101,EDENKILN SURGERY G63 9EF
KILLEARN HEALTH CENTRE,S25347,G63 9NA,"BALFRON ROAD, KILLEARN, GLASGOW",01360 550339,,,,,,,SCOTLAND,scotland,ods_scottish_gp_practice,RO227,SCOTTISH GP PRACTICE,"RO227,RO76",https://directory.spineservices.nhs.uk/ORD/2-0-0/organisations/S25347,2022-08-18,4613,nhs_scotland_gp_practice_contact_details_and_list_sizes,https://www.opendata.nhs.scot/dataset/f23655c3-6e23-4103-a511-a80d998adb90/resource/ceddbf27-0686-4f4b-b9a2-0090d28c3864/download/practice_contact_details_20260101_opendata.csv,20260101,KILLEARN HEALTH CENTRE G63 9NA
AUCHINAIRN MEDICAL PRACTICE,S43222,G64 1NF,"127/129 AUCHINAIRN ROAD, BISHOPBRIGGS, GLASGOW",01417 721808,,,,,,,SCOTLAND,scotland,ods_scottish_gp_practice,RO227,SCOTTISH GP PRACTICE,"RO227,RO76",https://directory.spineservices.nhs.uk/ORD/2-0-0/organisations/S43222,2022-11-18,7007,nhs_scotland_gp_practice_contact_details_and_list_sizes,https://www.opendata.nhs.scot/dataset/f23655c3-6e23-4103-a511-a80d998adb90/resource/ceddbf27-0686-4f4b-b9a2-0090d28c3864/download/practice_contact_details_20260101_opendata.csv,20260101,AUCHINAIRN MEDICAL PRACTICE G64 1NF
KENMURE MEDICAL PRACTICE,S43171,G64 1PJ,"7 SPRINGFIELD ROAD, BISHOPBRIGGS, GLASGOW",01417 726309,,,,,,,SCOTLAND,scotland,ods_scottish_gp_practice,RO227,SCOTTISH GP PRACTICE,"RO227,RO76",https://directory.spineservices.nhs.uk/ORD/2-0-0/organisations/S43171,2022-11-18,8635,nhs_scotland_gp_practice_contact_details_and_list_sizes,https://www.opendata.nhs.scot/dataset/f23655c3-6e23-4103-a511-a80d998adb90/resource/ceddbf27-0686-4f4b-b9a2-0090d28c3864/download/practice_contact_details_20260101_opendata.csv,20260101,KENMURE MEDICAL PRACTICE G64 1PJ
SPRINGFIELD MEDICAL PRACTICE,S43059,G64 1PJ,"9 SPRINGFIELD ROAD, BISHOPBRIGGS, GLASGOW",01417 724744,,,,,,,SCOTLAND,scotland,ods_scottish_gp_practice,RO227,SCOTTISH GP PRACTICE,"RO227,RO76",https://directory.spineservices.nhs.uk/ORD/2-0-0/organisations/S43059,2022-11-18,9404,nhs_scotland_gp_practice_contact_details_and_list_sizes,https://www.opendata.nhs.scot/dataset/f23655c3-6e23-4103-a511-a80d998adb90/resource/ceddbf27-0686-4f4b-b9a2-0090d28c3864/download/practice_contact_details_20260101_opendata.csv,20260101,SPRINGFIELD MEDICAL PRACTICE G64 1PJ
BRACKENBRAE SURGERY,S43557,G64 2AA,"91 KIRKINTILLOCH ROAD, BISHOPBRIGGS, GLASGOW",01417 722241,,,,,,,SCOTLAND,scotland,ods_scottish_gp_practice,RO227,SCOTTISH GP PRACTICE,"RO227,RO76",https://directory.spineservices.nhs.uk/ORD/2-0-0/organisations/S43557,2026-02-23,1676,nhs_scotland_gp_practice_contact_details_and_list_sizes,https://www.opendata.nhs.scot/dataset/f23655c3-6e23-4103-a511-a80d998adb90/resource/ceddbf27-0686-4f4b-b9a2-0090d28c3864/download/practice_contact_details_20260101_opendata.csv,20260101,BRACKENBRAE SURGERY G64 2AA
KILSYTH MEDICAL PARTNERSHIP,S61502,G65 9JE,"KILSYTH COMMUNITY HEALTH CENTRE, AIRDRIE ROAD, GLASGOW",01236 801677,,,,,,,SCOTLAND,scotland,ods_scottish_gp_practice,RO227,SCOTTISH GP PRACTICE,"RO227,RO76",https://directory.spineservices.nhs.uk/ORD/2-0-0/organisations/S61502,2022-12-12,13938,nhs_scotland_gp_practice_contact_details_and_list_sizes,https://www.opendata.nhs.scot/dataset/f23655c3-6e23-4103-a511-a80d998adb90/resource/ceddbf27-0686-4f4b-b9a2-0090d28c3864/download/practice_contact_details_20260101_opendata.csv,20260101,KILSYTH MEDICAL PARTNERSHIP G65 9JE
REGENT GARDENS MEDICAL CENTRE,S43030,G66 1DH,"18 UNION STREET, KIRKINTILLOCH, GLASGOW",01417 761238,,,,,,,SCOTLAND,scotland,ods_scottish_gp_practice,RO227,SCOTTISH GP PRACTICE,"RO227,RO76",https://directory.spineservices.nhs.uk/ORD/2-0-0/organisations/S43030,2023-01-13,11059,nhs_scotland_gp_practice_contact_details_and_list_sizes,https://www.opendata.nhs.scot/dataset/f23655c3-6e23-4103-a511-a80d998adb90/resource/ceddbf27-0686-4f4b-b9a2-0090d28c3864/download/practice_contact_details_20260101_opendata.csv,20260101,REGENT GARDENS MEDICAL CENTRE G66 1DH
PEEL VIEW MEDICAL CENTRE,S43114,G66 1DN,"45-53 UNION STREET, KIRKINTILLOCH, GLASGOW",01417 763442,,,,,,,SCOTLAND,scotland,ods_scottish_gp_practice,RO227,SCOTTISH GP PRACTICE,"RO227,RO76",https://directory.spineservices.nhs.uk/ORD/2-0-0/organisations/S43114,2025-04-23,10639,nhs_scotland_gp_practice_contact_details_and_list_sizes,https://www.opendata.nhs.scot/dataset/f23655c3-6e23-4103-a511-a80d998adb90/resource/ceddbf27-0686-4f4b-b9a2-0090d28c3864/download/practice_contact_details_20260101_opendata.csv,20260101,PEEL VIEW MEDICAL CENTRE G66 1DN
THE TURRET MEDICAL CENTRE,S43044,G66 1JB,"6 CATHERINE STREET, KIRKINTILLOCH, GLASGOW",01417 768200,,,,,,,SCOTLAND,scotland,ods_scottish_gp_practice,RO227,SCOTTISH GP PRACTICE,"RO227,RO76",https://directory.spineservices.nhs.uk/ORD/2-0-0/organisations/S43044,2023-01-13,6881,nhs_scotland_gp_practice_contact_details_and_list_sizes,https://www.opendata.nhs.scot/dataset/f23655c3-6e23-4103-a511-a80d998adb90/resource/ceddbf27-0686-4f4b-b9a2-0090d28c3864/download/practice_contact_details_20260101_opendata.csv,20260101,THE TURRET MEDICAL CENTRE G66 1JB
SOUTHBANK SURGERY,S43100,G66 1NH,"17-19 SOUTHBANK ROAD, KIRKINTILLOCH, GLASGOW",01417 762183,,,,,,,SCOTLAND,scotland,ods_scottish_gp_practice,RO227,SCOTTISH GP PRACTICE,"RO227,RO76",https://directory.spineservices.nhs.uk/ORD/2-0-0/organisations/S43100,2022-11-18,7009,nhs_scotland_gp_practice_contact_details_and_list_sizes,https://www.opendata.nhs.scot/dataset/f23655c3-6e23-4103-a511-a80d998adb90/resource/ceddbf27-0686-4f4b-b9a2-0090d28c3864/download/practice_contact_details_20260101_opendata.csv,20260101,SOUTHBANK SURGERY G66 1NH
WOODHEAD MEDICAL PRACTICE,S43581,G66 3BF,"10 SARAMAGO STREET, KIRKINTILLOCH, GLASGOW",01417 762468,,,,,,,SCOTLAND,scotland,ods_scottish_gp_practice,RO227,SCOTTISH GP PRACTICE,"RO227,RO76",https://directory.spineservices.nhs.uk/ORD/2-0-0/organisations/S43581,2023-01-13,6781,nhs_scotland_gp_practice_contact_details_and_list_sizes,https://www.opendata.nhs.scot/dataset/f23655c3-6e23-4103-a511-a80d998adb90/resource/ceddbf27-0686-4f4b-b9a2-0090d28c3864/download/practice_contact_details_20260101_opendata.csv,20260101,WOODHEAD MEDICAL PRACTICE G66 3BF
LENNOXTOWN MEDICAL PRACTICE,S43261,G66 7JJ,"LENNOXTOWN HUB, 46 MAIN STREET, GLASGOW",01360 327300,,,,,,,SCOTLAND,scotland,ods_scottish_gp_practice,RO227,SCOTTISH GP PRACTICE,"RO227,RO76",https://directory.spineservices.nhs.uk/ORD/2-0-0/organisations/S43261,2023-01-13,3269,nhs_scotland_gp_practice_contact_details_and_list_sizes,https://www.opendata.nhs.scot/dataset/f23655c3-6e23-4103-a511-a80d998adb90/resource/ceddbf27-0686-4f4b-b9a2-0090d28c3864/download/practice_contact_details_20260101_opendata.csv,20260101,LENNOXTOWN MEDICAL PRACTICE G66 7JJ
CALEDONIA MEDICAL PRACTICE,S61339,G67 1BJ,"NORTH CARBRAIN ROAD, TOWN CENTRE, GLASGOW",01698 755050,,,,,,,SCOTLAND,scotland,ods_scottish_gp_practice,RO227,SCOTTISH GP PRACTICE,"RO227,RO76",https://directory.spineservices.nhs.uk/ORD/2-0-0/organisations/S61339,2024-02-19,16723,nhs_scotland_gp_practice_contact_details_and_list_sizes,https://www.opendata.nhs.scot/dataset/f23655c3-6e23-4103-a511-a80d998adb90/resource/ceddbf27-0686-4f4b-b9a2-0090d28c3864/download/practice_contact_details_20260101_opendata.csv,20260101,CALEDONIA MEDICAL PRACTICE G67 1BJ
THE GLEN MEDICAL PRACTICE,S61343,G67 1BJ,"CENTRAL HEALTH CENTRE, NORTH CARBRAIN ROAD, GLASGOW",01236 737214,,,,,,,SCOTLAND,scotland,ods_scottish_gp_practice,RO227,SCOTTISH GP PRACTICE,"RO227,RO76",https://directory.spineservices.nhs.uk/ORD/2-0-0/organisations/S61343,2023-01-16,11691,nhs_scotland_gp_practice_contact_details_and_list_sizes,https://www.opendata.nhs.scot/dataset/f23655c3-6e23-4103-a511-a80d998adb90/resource/ceddbf27-0686-4f4b-b9a2-0090d28c3864/download/practice_contact_details_20260101_opendata.csv,20260101,THE GLEN MEDICAL PRACTICE G67 1BJ
KENILWORTH MEDICAL CENTRE,S61358,G67 1BP,"1 KENILWORTH COURT, GREENFAULDS, GLASGOW",01236 727816,,,,,,,SCOTLAND,scotland,ods_scottish_gp_practice,RO227,SCOTTISH GP PRACTICE,"RO227,RO76",https://directory.spineservices.nhs.uk/ORD/2-0-0/organisations/S61358,2022-12-12,13457,nhs_scotland_gp_practice_contact_details_and_list_sizes,https://www.opendata.nhs.scot/dataset/f23655c3-6e23-4103-a511-a80d998adb90/resource/ceddbf27-0686-4f4b-b9a2-0090d28c3864/download/practice_contact_details_20260101_opendata.csv,20260101,KENILWORTH MEDICAL CENTRE G67 1BP
ABRONHILL MEDICAL GROUP,S61377,G67 3BE,"ABRONHILL HEALTH CENTRE, PINE ROAD, GLASGOW",01236 723223,,,,,,,SCOTLAND,scotland,ods_scottish_gp_practice,RO227,SCOTTISH GP PRACTICE,"RO227,RO76",https://directory.spineservices.nhs.uk/ORD/2-0-0/organisations/S61377,2022-12-12,4548,nhs_scotland_gp_practice_contact_details_and_list_sizes,https://www.opendata.nhs.scot/dataset/f23655c3-6e23-4103-a511-a80d998adb90/resource/ceddbf27-0686-4f4b-b9a2-0090d28c3864/download/practice_contact_details_20260101_opendata.csv,20260101,ABRONHILL MEDICAL GROUP G67 3BE
SALTIRE MEDICAL PRACTICE,S61381,G67 3BE,"ABRONHILL HEALTH CENTRE, PINE ROAD, GLASGOW",01236 727654,,,,,,,SCOTLAND,scotland,ods_scottish_gp_practice,RO227,SCOTTISH GP PRACTICE,"RO227,RO76",https://directory.spineservices.nhs.uk/ORD/2-0-0/organisations/S61381,2025-01-17,3356,nhs_scotland_gp_practice_contact_details_and_list_sizes,https://www.opendata.nhs.scot/dataset/f23655c3-6e23-4103-a511-a80d998adb90/resource/ceddbf27-0686-4f4b-b9a2-0090d28c3864/download/practice_contact_details_20260101_opendata.csv,20260101,SALTIRE MEDICAL PRACTICE G67 3BE
CONDORRAT MEDICAL PRACTICE,S61324,G67 4DN,"CONDORRAT HEALTH CENTRE, 16 AIRDRIE ROAD, GLASGOW",01236 733221,,,,,,,SCOTLAND,scotland,ods_scottish_gp_practice,RO227,SCOTTISH GP PRACTICE,"RO227,RO76",https://directory.spineservices.nhs.uk/ORD/2-0-0/organisations/S61324,2022-12-12,5323,nhs_scotland_gp_practice_contact_details_and_list_sizes,https://www.opendata.nhs.scot/dataset/f23655c3-6e23-4103-a511-a80d998adb90/resource/ceddbf27-0686-4f4b-b9a2-0090d28c3864/download/practice_contact_details_20260101_opendata.csv,20260101,CONDORRAT MEDICAL PRACTICE G67 4DN
MCGLONE PRACTICE,S46216,G69 7AD,"BAILLIESTON HEALTH CENTRE, 20 MUIRSIDE ROAD, GLASGOW",01414 717418,,,,,,,SCOTLAND,scotland,ods_scottish_gp_practice,RO227,SCOTTISH GP PRACTICE,"RO227,RO76",https://directory.spineservices.nhs.uk/ORD/2-0-0/organisations/S46216,2023-01-13,13170,nhs_scotland_gp_practice_contact_details_and_list_sizes,https://www.opendata.nhs.scot/dataset/f23655c3-6e23-4103-a511-a80d998adb90/resource/ceddbf27-0686-4f4b-b9a2-0090d28c3864/download/practice_contact_details_20260101_opendata.csv,20260101,MCGLONE PRACTICE G69 7AD
THE MUIRSIDE MEDICAL PRACTICE,S46305,G69 7AD,"BAILLIESTON HEALTH CENTRE, 20 MUIRSIDE ROAD, GLASGOW",01414 654343,,,,,,,SCOTLAND,scotland,ods_scottish_gp_practice,RO227,SCOTTISH GP PRACTICE,"RO227,RO76",https://directory.spineservices.nhs.uk/ORD/2-0-0/organisations/S46305,2023-01-13,8556,nhs_scotland_gp_practice_contact_details_and_list_sizes,https://www.opendata.nhs.scot/dataset/f23655c3-6e23-4103-a511-a80d998adb90/resource/ceddbf27-0686-4f4b-b9a2-0090d28c3864/download/practice_contact_details_20260101_opendata.csv,20260101,THE MUIRSIDE MEDICAL PRACTICE G69 7AD
JAMIESON MEDICAL PRACTICE,S60054,G69 9DB,"2 CLIFFVALE ROAD, CHRYSTON, GLASGOW",01417 792228,,,,,,,SCOTLAND,scotland,ods_scottish_gp_practice,RO227,SCOTTISH GP PRACTICE,"RO227,RO76",https://directory.spineservices.nhs.uk/ORD/2-0-0/organisations/S60054,2022-12-12,15261,nhs_scotland_gp_practice_contact_details_and_list_sizes,https://www.opendata.nhs.scot/dataset/f23655c3-6e23-4103-a511-a80d998adb90/resource/ceddbf27-0686-4f4b-b9a2-0090d28c3864/download/practice_contact_details_20260101_opendata.csv,20260101,JAMIESON MEDICAL PRACTICE G69 9DB
OLD MILL SURGERY,S63828,G71 5SU,"VIEWPARK HEALTH CENTRE, 119 BURNHEAD STREET, GLASGOW",01698 815111,,,,,,,SCOTLAND,scotland,ods_scottish_gp_practice,RO227,SCOTTISH GP PRACTICE,"RO227,RO76",https://directory.spineservices.nhs.uk/ORD/2-0-0/organisations/S63828,2022-12-12,7995,nhs_scotland_gp_practice_contact_details_and_list_sizes,https://www.opendata.nhs.scot/dataset/f23655c3-6e23-4103-a511-a80d998adb90/resource/ceddbf27-0686-4f4b-b9a2-0090d28c3864/download/practice_contact_details_20260101_opendata.csv,20260101,OLD MILL SURGERY G71 5SU
THE WILLOW PRACTICE,S63832,G71 5SU,"VIEWPARK HEALTH CENTRE, 119 BURNHEAD STREET, GLASGOW",01698 813753,,,,,,,SCOTLAND,scotland,ods_scottish_gp_practice,RO227,SCOTTISH GP PRACTICE,"RO227,RO76",https://directory.spineservices.nhs.uk/ORD/2-0-0/organisations/S63832,2022-12-12,3173,nhs_scotland_gp_practice_contact_details_and_list_sizes,https://www.opendata.nhs.scot/dataset/f23655c3-6e23-4103-a511-a80d998adb90/resource/ceddbf27-0686-4f4b-b9a2-0090d28c3864/download/practice_contact_details_20260101_opendata.csv,20260101,THE WILLOW PRACTICE G71 5SU
LINCLUDEN MEDICAL CENTRE,S63813,G71 7NE,"82 BELLSHILL ROAD, UDDINGSTON, GLASGOW",01698 813873,,,,,,,SCOTLAND,scotland,ods_scottish_gp_practice,RO227,SCOTTISH GP PRACTICE,"RO227,RO76",https://directory.spineservices.nhs.uk/ORD/2-0-0/organisations/S63813,2022-12-12,8920,nhs_scotland_gp_practice_contact_details_and_list_sizes,https://www.opendata.nhs.scot/dataset/f23655c3-6e23-4103-a511-a80d998adb90/resource/ceddbf27-0686-4f4b-b9a2-0090d28c3864/download/practice_contact_details_20260101_opendata.csv,20260101,LINCLUDEN MEDICAL CENTRE G71 7NE
COMMUNITY PHARMACY VARENICLINE CLINIC,S60021,G71 8BB,"PHARMACY DEPARTMENT, KIRKLANDS HOSPITAL, GLASGOW",01698 858315,,,,,,,SCOTLAND,scotland,ods_scottish_gp_practice,RO227,SCOTTISH GP PRACTICE,"RO227,RO76",https://directory.spineservices.nhs.uk/ORD/2-0-0/organisations/S60021,2022-12-12,,,,,COMMUNITY PHARMACY VARENICLINE CLINIC G71 8BB
FLOW NAVIGATION CENTRE PLUS,S65679,G71 8BB,"KIRKLANDS HOSPITAL, FALLSIDE ROAD, GLASGOW",,,,,,,,SCOTLAND,scotland,ods_scottish_gp_practice,RO227,SCOTTISH GP PRACTICE,"RO227,RO72",https://directory.spineservices.nhs.uk/ORD/2-0-0/organisations/S65679,2024-10-18,,,,,FLOW NAVIGATION CENTRE PLUS G71 8BB
IP PHARMACIST CONTRACEPTION CLINIC,S60040,G71 8BB,"NHS LANARKSHIRE SEXUAL HEALTH SERVI, PRESCRIBING DEPT, KIRKLANDS HOSP, GLASGOW",01698 858128,,,,,,,SCOTLAND,scotland,ods_scottish_gp_practice,RO227,SCOTTISH GP PRACTICE,"RO227,RO76",https://directory.spineservices.nhs.uk/ORD/2-0-0/organisations/S60040,2022-12-12,,,,,IP PHARMACIST CONTRACEPTION CLINIC G71 8BB
LANARKSHIRE FORENSIC MEDICAL SERVICE,S60302,G71 8BB,"KIRKLANDS HOSPITAL, FALLSIDE ROAD, GLASGOW",01555 777480,,,,,,,SCOTLAND,scotland,ods_scottish_gp_practice,RO227,SCOTTISH GP PRACTICE,"RO227,RO76",https://directory.spineservices.nhs.uk/ORD/2-0-0/organisations/S60302,2022-12-12,,,,,LANARKSHIRE FORENSIC MEDICAL SERVICE G71 8BB
LANARKSHIRE OPTOMETRIC PRESCRIBING,S60035,G71 8BB,"PHARMACY DEPARTMENT, KIRKLANDS HOSPITAL, GLASGOW",01698 858149,,,,,,,SCOTLAND,scotland,ods_scottish_gp_practice,RO227,SCOTTISH GP PRACTICE,"RO227,RO76",https://directory.spineservices.nhs.uk/ORD/2-0-0/organisations/S60035,2022-12-12,,,,,LANARKSHIRE OPTOMETRIC PRESCRIBING G71 8BB
NHS PHARMACY FIRST PLUS (NHS L),S65772,G71 8BB,"KIRKLANDS HOSPITAL, FALLSIDE ROAD, GLASGOW",01698 858128,,,,,,,SCOTLAND,scotland,ods_scottish_gp_practice,RO227,SCOTTISH GP PRACTICE,"RO227,RO72",https://directory.spineservices.nhs.uk/ORD/2-0-0/organisations/S65772,2023-01-10,,,,,NHS PHARMACY FIRST PLUS (NHS L) G71 8BB
BOTHWELL MEDICAL CENTRE,S63118,G71 8ET,"3 UDDINGSTON ROAD, BOTHWELL, GLASGOW",01698 852299,,,,,,,SCOTLAND,scotland,ods_scottish_gp_practice,RO227,SCOTTISH GP PRACTICE,"RO227,RO76",https://directory.spineservices.nhs.uk/ORD/2-0-0/organisations/S63118,2022-12-12,10393,nhs_scotland_gp_practice_contact_details_and_list_sizes,https://www.opendata.nhs.scot/dataset/f23655c3-6e23-4103-a511-a80d998adb90/resource/ceddbf27-0686-4f4b-b9a2-0090d28c3864/download/practice_contact_details_20260101_opendata.csv,20260101,BOTHWELL MEDICAL CENTRE G71 8ET
AUCHINRAITH MEDICAL PRACTICE,S63334,G72 0BS,"BLANTYRE HEALTH CENTRE, VICTORIA STREET, GLASGOW",01698 823260,,,,,,,SCOTLAND,scotland,ods_scottish_gp_practice,RO227,SCOTTISH GP PRACTICE,"RO227,RO76",https://directory.spineservices.nhs.uk/ORD/2-0-0/organisations/S63334,2022-12-12,5826,nhs_scotland_gp_practice_contact_details_and_list_sizes,https://www.opendata.nhs.scot/dataset/f23655c3-6e23-4103-a511-a80d998adb90/resource/ceddbf27-0686-4f4b-b9a2-0090d28c3864/download/practice_contact_details_20260101_opendata.csv,20260101,AUCHINRAITH MEDICAL PRACTICE G72 0BS
CALDERSIDE MEDICAL PRACTICE,S63033,G72 0BS,"BLANTYRE HEALTH CENTRE, 64 VICTORIA STREET, GLASGOW",01698 828868,,,,,,,SCOTLAND,scotland,ods_scottish_gp_practice,RO227,SCOTTISH GP PRACTICE,"RO227,RO76",https://directory.spineservices.nhs.uk/ORD/2-0-0/organisations/S63033,2022-12-12,7159,nhs_scotland_gp_practice_contact_details_and_list_sizes,https://www.opendata.nhs.scot/dataset/f23655c3-6e23-4103-a511-a80d998adb90/resource/ceddbf27-0686-4f4b-b9a2-0090d28c3864/download/practice_contact_details_20260101_opendata.csv,20260101,CALDERSIDE MEDICAL PRACTICE G72 0BS
CHALLENGING PATIENTS SERVICE,S65931,G72 0BS,"C/O BLANTYRE HEALTH CENTRE, VICTORIA STREET, GLASGOW",01698 727539,,,,,,,SCOTLAND,scotland,ods_scottish_gp_practice,RO227,SCOTTISH GP PRACTICE,"RO227,RO76",https://directory.spineservices.nhs.uk/ORD/2-0-0/organisations/S65931,2022-12-12,70,nhs_scotland_gp_practice_contact_details_and_list_sizes,https://www.opendata.nhs.scot/dataset/f23655c3-6e23-4103-a511-a80d998adb90/resource/ceddbf27-0686-4f4b-b9a2-0090d28c3864/download/practice_contact_details_20260101_opendata.csv,20260101,CHALLENGING PATIENTS SERVICE G72 0BS
HAMILTON HOMELESS PROJECT,S63495,G72 0BS,"BLANTYRE HEALTH CENTRE, VICTORIA STREET, GLASGOW",01698 727537,,,,,,,SCOTLAND,scotland,ods_scottish_gp_practice,RO227,SCOTTISH GP PRACTICE,"RO227,RO72",https://directory.spineservices.nhs.uk/ORD/2-0-0/organisations/S63495,2022-12-12,,,,,HAMILTON HOMELESS PROJECT G72 0BS
VICTORIA MEDICAL PRACTICE,S63052,G72 0BS,"BLANTYRE HEALTH CENTRE, VICTORIA STREET, GLASGOW",01698 826331,,,,,,,SCOTLAND,scotland,ods_scottish_gp_practice,RO227,SCOTTISH GP PRACTICE,"RO227,RO76",https://directory.spineservices.nhs.uk/ORD/2-0-0/organisations/S63052,2022-12-12,5302,nhs_scotland_gp_practice_contact_details_and_list_sizes,https://www.opendata.nhs.scot/dataset/f23655c3-6e23-4103-a511-a80d998adb90/resource/ceddbf27-0686-4f4b-b9a2-0090d28c3864/download/practice_contact_details_20260101_opendata.csv,20260101,VICTORIA MEDICAL PRACTICE G72 0BS
NORTH AVENUE SURGERY,S60143,G72 8AT,"18 NORTH AVENUE, CAMBUSLANG, GLASGOW",01416 413037,,,,,,,SCOTLAND,scotland,ods_scottish_gp_practice,RO227,SCOTTISH GP PRACTICE,"RO227,RO76",https://directory.spineservices.nhs.uk/ORD/2-0-0/organisations/S60143,2022-12-12,10913,nhs_scotland_gp_practice_contact_details_and_list_sizes,https://www.opendata.nhs.scot/dataset/f23655c3-6e23-4103-a511-a80d998adb90/resource/ceddbf27-0686-4f4b-b9a2-0090d28c3864/download/practice_contact_details_20260101_opendata.csv,20260101,NORTH AVENUE SURGERY G72 8AT
ARDOCH MEDICAL PRACTICE,S60209,G72 8HA,"ARDOCH MEDICAL CENTRE, 6 ARDOCH GROVE, GLASGOW",01416 411255,,,,,,,SCOTLAND,scotland,ods_scottish_gp_practice,RO227,SCOTTISH GP PRACTICE,"RO227,RO76",https://directory.spineservices.nhs.uk/ORD/2-0-0/organisations/S60209,2022-12-12,5579,nhs_scotland_gp_practice_contact_details_and_list_sizes,https://www.opendata.nhs.scot/dataset/f23655c3-6e23-4103-a511-a80d998adb90/resource/ceddbf27-0686-4f4b-b9a2-0090d28c3864/download/practice_contact_details_20260101_opendata.csv,20260101,ARDOCH MEDICAL PRACTICE G72 8HA
SILVERBANK SURGERY,S60124,G72 8HA,"ARDOCH MEDICAL CENTRE, 6 ARDOCH GROVE, GLASGOW",01416 413827,,,,,,,SCOTLAND,scotland,ods_scottish_gp_practice,RO227,SCOTTISH GP PRACTICE,"RO227,RO76",https://directory.spineservices.nhs.uk/ORD/2-0-0/organisations/S60124,2022-12-12,6138,nhs_scotland_gp_practice_contact_details_and_list_sizes,https://www.opendata.nhs.scot/dataset/f23655c3-6e23-4103-a511-a80d998adb90/resource/ceddbf27-0686-4f4b-b9a2-0090d28c3864/download/practice_contact_details_20260101_opendata.csv,20260101,SILVERBANK SURGERY G72 8HA
THE CRAIGALLIAN AVENUE PRACTICE,S60177,G72 8RW,"11 CRAIGALLIAN AVENUE, CAMBUSLANG, GLASGOW",01416 413129,,,,,,,SCOTLAND,scotland,ods_scottish_gp_practice,RO227,SCOTTISH GP PRACTICE,"RO227,RO76",https://directory.spineservices.nhs.uk/ORD/2-0-0/organisations/S60177,2022-12-12,9682,nhs_scotland_gp_practice_contact_details_and_list_sizes,https://www.opendata.nhs.scot/dataset/f23655c3-6e23-4103-a511-a80d998adb90/resource/ceddbf27-0686-4f4b-b9a2-0090d28c3864/download/practice_contact_details_20260101_opendata.csv,20260101,THE CRAIGALLIAN AVENUE PRACTICE G72 8RW
MILL STREET SURGERY,S60158,G73 2LD,"81 MILL STREET, RUTHERGLEN, GLASGOW",01416 476294,,,,,,,SCOTLAND,scotland,ods_scottish_gp_practice,RO227,SCOTTISH GP PRACTICE,"RO227,RO76",https://directory.spineservices.nhs.uk/ORD/2-0-0/organisations/S60158,2024-07-18,1793,nhs_scotland_gp_practice_contact_details_and_list_sizes,https://www.opendata.nhs.scot/dataset/f23655c3-6e23-4103-a511-a80d998adb90/resource/ceddbf27-0686-4f4b-b9a2-0090d28c3864/download/practice_contact_details_20260101_opendata.csv,20260101,MILL STREET SURGERY G73 2LD
DR FRIEL & DR BAGNALL,S60181,G73 2PQ,"RUTHERGLEN HEALTH CENTRE, 130 STONELAW ROAD, GLASGOW",01415 316060,,,,,,,SCOTLAND,scotland,ods_scottish_gp_practice,RO227,SCOTTISH GP PRACTICE,"RO227,RO76",https://directory.spineservices.nhs.uk/ORD/2-0-0/organisations/S60181,2023-09-14,3742,nhs_scotland_gp_practice_contact_details_and_list_sizes,https://www.opendata.nhs.scot/dataset/f23655c3-6e23-4103-a511-a80d998adb90/resource/ceddbf27-0686-4f4b-b9a2-0090d28c3864/download/practice_contact_details_20260101_opendata.csv,20260101,DR FRIEL & DR BAGNALL G73 2PQ
"DRS JORDAN, CANNING & FOY",S60110,G73 2PQ,"RUTHERGLEN PRIMARY CARE CENTRE, 130 STONELAW ROAD, GLASGOW",01416 134757,,,,,,,SCOTLAND,scotland,ods_scottish_gp_practice,RO227,SCOTTISH GP PRACTICE,"RO227,RO76",https://directory.spineservices.nhs.uk/ORD/2-0-0/organisations/S60110,2025-05-16,4762,nhs_scotland_gp_practice_contact_details_and_list_sizes,https://www.opendata.nhs.scot/dataset/f23655c3-6e23-4103-a511-a80d998adb90/resource/ceddbf27-0686-4f4b-b9a2-0090d28c3864/download/practice_contact_details_20260101_opendata.csv,20260101,"DRS JORDAN, CANNING & FOY G73 2PQ"
OVERTOUN MEDICAL PRACTICE,S60139,G73 2PQ,"RUTHERGLEN HEALTH CENTRE, 130 STONELAW ROAD, GLASGOW",01415 316010,,,,,,,SCOTLAND,scotland,ods_scottish_gp_practice,RO227,SCOTTISH GP PRACTICE,"RO227,RO76",https://directory.spineservices.nhs.uk/ORD/2-0-0/organisations/S60139,2022-12-12,4506,nhs_scotland_gp_practice_contact_details_and_list_sizes,https://www.opendata.nhs.scot/dataset/f23655c3-6e23-4103-a511-a80d998adb90/resource/ceddbf27-0686-4f4b-b9a2-0090d28c3864/download/practice_contact_details_20260101_opendata.csv,20260101,OVERTOUN MEDICAL PRACTICE G73 2PQ
PARKVIEW PRACTICE,S60196,G73 2PQ,"RUTHERGLEN HEALTH CENTRE, 130 STONELAW ROAD, GLASGOW",01414 731080,,,,,,,SCOTLAND,scotland,ods_scottish_gp_practice,RO227,SCOTTISH GP PRACTICE,"RO227,RO76",https://directory.spineservices.nhs.uk/ORD/2-0-0/organisations/S60196,2022-12-12,2504,nhs_scotland_gp_practice_contact_details_and_list_sizes,https://www.opendata.nhs.scot/dataset/f23655c3-6e23-4103-a511-a80d998adb90/resource/ceddbf27-0686-4f4b-b9a2-0090d28c3864/download/practice_contact_details_20260101_opendata.csv,20260101,PARKVIEW PRACTICE G73 2PQ
SKYE GLEN MEDICAL PRACTICE,S60105,G73 2PQ,"RUTHERGLEN PRIMARY CARE CENTRE, 130 STONELAW ROAD, GLASGOW",01415 316020,,,,,,,SCOTLAND,scotland,ods_scottish_gp_practice,RO227,SCOTTISH GP PRACTICE,"RO227,RO76",https://directory.spineservices.nhs.uk/ORD/2-0-0/organisations/S60105,2022-12-12,4689,nhs_scotland_gp_practice_contact_details_and_list_sizes,https://www.opendata.nhs.scot/dataset/f23655c3-6e23-4103-a511-a80d998adb90/resource/ceddbf27-0686-4f4b-b9a2-0090d28c3864/download/practice_contact_details_20260101_opendata.csv,20260101,SKYE GLEN MEDICAL PRACTICE G73 2PQ
THE STONELAW PRACTICE,S60092,G73 2PQ,"RUTHERGLEN HEALTH CENTRE, 130 STONELAW ROAD, GLASGOW",01415 316030,,,,,,,SCOTLAND,scotland,ods_scottish_gp_practice,RO227,SCOTTISH GP PRACTICE,"RO227,RO76",https://directory.spineservices.nhs.uk/ORD/2-0-0/organisations/S60092,2022-12-12,13814,nhs_scotland_gp_practice_contact_details_and_list_sizes,https://www.opendata.nhs.scot/dataset/f23655c3-6e23-4103-a511-a80d998adb90/resource/ceddbf27-0686-4f4b-b9a2-0090d28c3864/download/practice_contact_details_20260101_opendata.csv,20260101,THE STONELAW PRACTICE G73 2PQ
CALDERGREEN MEDICAL PRACTICE,S63264,G74 1AD,"HUNTER HEALTH CENTRE, ANDREW STREET, GLASGOW",01355 578030,,,,,,,SCOTLAND,scotland,ods_scottish_gp_practice,RO227,SCOTTISH GP PRACTICE,"RO227,RO76",https://directory.spineservices.nhs.uk/ORD/2-0-0/organisations/S63264,2023-05-15,13780,nhs_scotland_gp_practice_contact_details_and_list_sizes,https://www.opendata.nhs.scot/dataset/f23655c3-6e23-4103-a511-a80d998adb90/resource/ceddbf27-0686-4f4b-b9a2-0090d28c3864/download/practice_contact_details_20260101_opendata.csv,20260101,CALDERGREEN MEDICAL PRACTICE G74 1AD
KILBRYDE MEDICAL PRACTICE,S63283,G74 1AD,"HUNTER HEALTH COMMUNITY CENTRE, ANDREW STREET, GLASGOW",01355 906644,,,,,,,SCOTLAND,scotland,ods_scottish_gp_practice,RO227,SCOTTISH GP PRACTICE,"RO227,RO76",https://directory.spineservices.nhs.uk/ORD/2-0-0/organisations/S63283,2022-10-07,3893,nhs_scotland_gp_practice_contact_details_and_list_sizes,https://www.opendata.nhs.scot/dataset/f23655c3-6e23-4103-a511-a80d998adb90/resource/ceddbf27-0686-4f4b-b9a2-0090d28c3864/download/practice_contact_details_20260101_opendata.csv,20260101,KILBRYDE MEDICAL PRACTICE G74 1AD
KIRKVIEW MEDICAL PRACTICE,S63245,G74 1AD,"HUNTER COMMUNITY HEALTH CENTRE, ANDREW STREET, GLASGOW",01355 575630,,,,,,,SCOTLAND,scotland,ods_scottish_gp_practice,RO227,SCOTTISH GP PRACTICE,"RO227,RO76",https://directory.spineservices.nhs.uk/ORD/2-0-0/organisations/S63245,2022-10-07,7380,nhs_scotland_gp_practice_contact_details_and_list_sizes,https://www.opendata.nhs.scot/dataset/f23655c3-6e23-4103-a511-a80d998adb90/resource/ceddbf27-0686-4f4b-b9a2-0090d28c3864/download/practice_contact_details_20260101_opendata.csv,20260101,KIRKVIEW MEDICAL PRACTICE G74 1AD
KITTOCH MEDICAL PRACTICE,S63250,G74 1AD,"HUNTER HEALTH CENTRE, ANDREW STREET, GLASGOW",01355 271080,,,,,,,SCOTLAND,scotland,ods_scottish_gp_practice,RO227,SCOTTISH GP PRACTICE,"RO227,RO76",https://directory.spineservices.nhs.uk/ORD/2-0-0/organisations/S63250,2022-12-12,7870,nhs_scotland_gp_practice_contact_details_and_list_sizes,https://www.opendata.nhs.scot/dataset/f23655c3-6e23-4103-a511-a80d998adb90/resource/ceddbf27-0686-4f4b-b9a2-0090d28c3864/download/practice_contact_details_20260101_opendata.csv,20260101,KITTOCH MEDICAL PRACTICE G74 1AD
MAVOR MEDICAL PRACTICE,S63231,G74 1AD,"HUNTER HEALTH CENTRE, ANDREW STREET, GLASGOW",01355 573790,,,,,,,SCOTLAND,scotland,ods_scottish_gp_practice,RO227,SCOTTISH GP PRACTICE,"RO227,RO76",https://directory.spineservices.nhs.uk/ORD/2-0-0/organisations/S63231,2022-12-12,9959,nhs_scotland_gp_practice_contact_details_and_list_sizes,https://www.opendata.nhs.scot/dataset/f23655c3-6e23-4103-a511-a80d998adb90/resource/ceddbf27-0686-4f4b-b9a2-0090d28c3864/download/practice_contact_details_20260101_opendata.csv,20260101,MAVOR MEDICAL PRACTICE G74 1AD
CALDERLEA SURGERY,S63508,G74 3BE,"ALISON LEA MEDICAL CENTRE, ALISON LEA, GLASGOW",01355 578009,,,,,,,SCOTLAND,scotland,ods_scottish_gp_practice,RO227,SCOTTISH GP PRACTICE,"RO227,RO76",https://directory.spineservices.nhs.uk/ORD/2-0-0/organisations/S63508,2022-10-07,5963,nhs_scotland_gp_practice_contact_details_and_list_sizes,https://www.opendata.nhs.scot/dataset/f23655c3-6e23-4103-a511-a80d998adb90/resource/ceddbf27-0686-4f4b-b9a2-0090d28c3864/download/practice_contact_details_20260101_opendata.csv,20260101,CALDERLEA SURGERY G74 3BE
STRATHCALDER PRACTICE,S61644,G74 3BE,"ALISON LEA MEDICAL CENTRE, ALISON LEA, GLASGOW",01355 227220,,,,,,,SCOTLAND,scotland,ods_scottish_gp_practice,RO227,SCOTTISH GP PRACTICE,"RO227,RO76",https://directory.spineservices.nhs.uk/ORD/2-0-0/organisations/S61644,2022-11-18,7875,nhs_scotland_gp_practice_contact_details_and_list_sizes,https://www.opendata.nhs.scot/dataset/f23655c3-6e23-4103-a511-a80d998adb90/resource/ceddbf27-0686-4f4b-b9a2-0090d28c3864/download/practice_contact_details_20260101_opendata.csv,20260101,STRATHCALDER PRACTICE G74 3BE
THE MURRAY SURGERY,S63301,G75 0RT,"50 THE MURRAY ROAD, EAST KILBRIDE, GLASGOW",01355 225374,,,,,,,SCOTLAND,scotland,ods_scottish_gp_practice,RO227,SCOTTISH GP PRACTICE,"RO227,RO76",https://directory.spineservices.nhs.uk/ORD/2-0-0/organisations/S63301,2022-12-12,14101,nhs_scotland_gp_practice_contact_details_and_list_sizes,https://www.opendata.nhs.scot/dataset/f23655c3-6e23-4103-a511-a80d998adb90/resource/ceddbf27-0686-4f4b-b9a2-0090d28c3864/download/practice_contact_details_20260101_opendata.csv,20260101,THE MURRAY SURGERY G75 0RT
KILBRYDE HOSPICE,S65787,G75 8GJ,"MCGUINNESS WAY, EAST KILBRIDE, GLASGOW",01355 202020,,,,,,,SCOTLAND,scotland,ods_scottish_gp_practice,RO227,SCOTTISH GP PRACTICE,"RO227,RO76",https://directory.spineservices.nhs.uk/ORD/2-0-0/organisations/S65787,2022-11-18,,,,,KILBRYDE HOSPICE G75 8GJ
SHEDDENS MEDICAL PRACTICE,S49197,G76 7BU,"THE SHEDDENS MEDICAL PRACTICE, 5A EAGLESHAM ROAD, GLASGOW",01416 442356,,,,,,,SCOTLAND,scotland,ods_scottish_gp_practice,RO227,SCOTTISH GP PRACTICE,"RO227,RO76",https://directory.spineservices.nhs.uk/ORD/2-0-0/organisations/S49197,2022-11-18,2372,nhs_scotland_gp_practice_contact_details_and_list_sizes,https://www.opendata.nhs.scot/dataset/f23655c3-6e23-4103-a511-a80d998adb90/resource/ceddbf27-0686-4f4b-b9a2-0090d28c3864/download/practice_contact_details_20260101_opendata.csv,20260101,SHEDDENS MEDICAL PRACTICE G76 7BU
CAROLSIDE MEDICAL CENTRE,S49623,G76 7BX,"1/2 CAROLSIDE GARDENS, CLARKSTON, GLASGOW",01416 443511,,,,,,,SCOTLAND,scotland,ods_scottish_gp_practice,RO227,SCOTTISH GP PRACTICE,"RO227,RO76",https://directory.spineservices.nhs.uk/ORD/2-0-0/organisations/S49623,2022-11-18,8484,nhs_scotland_gp_practice_contact_details_and_list_sizes,https://www.opendata.nhs.scot/dataset/f23655c3-6e23-4103-a511-a80d998adb90/resource/ceddbf27-0686-4f4b-b9a2-0090d28c3864/download/practice_contact_details_20260101_opendata.csv,20260101,CAROLSIDE MEDICAL CENTRE G76 7BX
DR MASSON & PARTNERS,S49214,G76 7HN,"EASTWOOD HEALTH & CARE CENTRE, DRUMBY CRESCENT, GLASGOW",01416 485858,,,,,,,SCOTLAND,scotland,ods_scottish_gp_practice,RO227,SCOTTISH GP PRACTICE,"RO227,RO76",https://directory.spineservices.nhs.uk/ORD/2-0-0/organisations/S49214,2024-05-20,8342,nhs_scotland_gp_practice_contact_details_and_list_sizes,https://www.opendata.nhs.scot/dataset/f23655c3-6e23-4103-a511-a80d998adb90/resource/ceddbf27-0686-4f4b-b9a2-0090d28c3864/download/practice_contact_details_20260101_opendata.csv,20260101,DR MASSON & PARTNERS G76 7HN
DRS BOARDMAN & PARTNERS,S49159,G76 7HN,"EASTWOOD HEALTH & CARE CENTRE, DRUMBY CRESCENT, GLASGOW",01416 485857,,,,,,,SCOTLAND,scotland,ods_scottish_gp_practice,RO227,SCOTTISH GP PRACTICE,"RO227,RO76",https://directory.spineservices.nhs.uk/ORD/2-0-0/organisations/S49159,2023-01-13,7409,nhs_scotland_gp_practice_contact_details_and_list_sizes,https://www.opendata.nhs.scot/dataset/f23655c3-6e23-4103-a511-a80d998adb90/resource/ceddbf27-0686-4f4b-b9a2-0090d28c3864/download/practice_contact_details_20260101_opendata.csv,20260101,DRS BOARDMAN & PARTNERS G76 7HN
EASTWOODMAINS MEDICAL PRACTICE,S49445,G76 7HN,"EASTWOOD HEALTH & CARE CENTRE, DRUMBY CRESCENT, GLASGOW",01417 329996,,,,,,,SCOTLAND,scotland,ods_scottish_gp_practice,RO227,SCOTTISH GP PRACTICE,"RO227,RO76",https://directory.spineservices.nhs.uk/ORD/2-0-0/organisations/S49445,2022-08-24,4802,nhs_scotland_gp_practice_contact_details_and_list_sizes,https://www.opendata.nhs.scot/dataset/f23655c3-6e23-4103-a511-a80d998adb90/resource/ceddbf27-0686-4f4b-b9a2-0090d28c3864/download/practice_contact_details_20260101_opendata.csv,20260101,EASTWOODMAINS MEDICAL PRACTICE G76 7HN
ELMWOOD MEDICAL PRACTICE,S49619,G76 7HN,"EASTWOOD HEALTH & CARE CENTRE, DRUMBY CRESCENT, GLASGOW",01417 329553,,,,,,,SCOTLAND,scotland,ods_scottish_gp_practice,RO227,SCOTTISH GP PRACTICE,"RO227,RO76",https://directory.spineservices.nhs.uk/ORD/2-0-0/organisations/S49619,2023-01-13,3117,nhs_scotland_gp_practice_contact_details_and_list_sizes,https://www.opendata.nhs.scot/dataset/f23655c3-6e23-4103-a511-a80d998adb90/resource/ceddbf27-0686-4f4b-b9a2-0090d28c3864/download/practice_contact_details_20260101_opendata.csv,20260101,ELMWOOD MEDICAL PRACTICE G76 7HN
THE MACLEAN MEDICAL PRACTICE,S49638,G76 7HN,"EASTWOOD HEALTH & CARE CENTRE, DRUMBY CRESCENT, GLASGOW",01414 730000,,,,,,,SCOTLAND,scotland,ods_scottish_gp_practice,RO227,SCOTTISH GP PRACTICE,"RO227,RO76",https://directory.spineservices.nhs.uk/ORD/2-0-0/organisations/S49638,2023-01-13,9331,nhs_scotland_gp_practice_contact_details_and_list_sizes,https://www.opendata.nhs.scot/dataset/f23655c3-6e23-4103-a511-a80d998adb90/resource/ceddbf27-0686-4f4b-b9a2-0090d28c3864/download/practice_contact_details_20260101_opendata.csv,20260101,THE MACLEAN MEDICAL PRACTICE G76 7HN
WILLIAMWOOD MEDICAL PRACTICE,S49784,G76 7NW,"85 SERES ROAD, CLARKSTON, GLASGOW",01416 200333,,,,,,,SCOTLAND,scotland,ods_scottish_gp_practice,RO227,SCOTTISH GP PRACTICE,"RO227,RO76",https://directory.spineservices.nhs.uk/ORD/2-0-0/organisations/S49784,2023-01-16,11196,nhs_scotland_gp_practice_contact_details_and_list_sizes,https://www.opendata.nhs.scot/dataset/f23655c3-6e23-4103-a511-a80d998adb90/resource/ceddbf27-0686-4f4b-b9a2-0090d28c3864/download/practice_contact_details_20260101_opendata.csv,20260101,WILLIAMWOOD MEDICAL PRACTICE G76 7NW
MEARNS MEDICAL CENTRE,S49337,G77 5BQ,"30 MAPLE AVENUE, NEWTON MEARNS, GLASGOW",01416 392753,,,,,,,SCOTLAND,scotland,ods_scottish_gp_practice,RO227,SCOTTISH GP PRACTICE,"RO227,RO76",https://directory.spineservices.nhs.uk/ORD/2-0-0/organisations/S49337,2022-11-18,16360,nhs_scotland_gp_practice_contact_details_and_list_sizes,https://www.opendata.nhs.scot/dataset/f23655c3-6e23-4103-a511-a80d998adb90/resource/ceddbf27-0686-4f4b-b9a2-0090d28c3864/download/practice_contact_details_20260101_opendata.csv,20260101,MEARNS MEDICAL CENTRE G77 5BQ
BROOMBURN MEDICAL CENTRE,S49464,G77 5LU,"257 MEARNS ROAD, NEWTON MEARNS, GLASGOW",01416 393644,,,,,,,SCOTLAND,scotland,ods_scottish_gp_practice,RO227,SCOTTISH GP PRACTICE,"RO227,RO76",https://directory.spineservices.nhs.uk/ORD/2-0-0/organisations/S49464,2022-11-18,3104,nhs_scotland_gp_practice_contact_details_and_list_sizes,https://www.opendata.nhs.scot/dataset/f23655c3-6e23-4103-a511-a80d998adb90/resource/ceddbf27-0686-4f4b-b9a2-0090d28c3864/download/practice_contact_details_20260101_opendata.csv,20260101,BROOMBURN MEDICAL CENTRE G77 5LU
GLENIFFER MEDICAL GROUP,S87019,G78 1SW,"BARRHEAD HEALTH & CARE CENTRE, 213 MAIN STREET, GLASGOW",01418 007020,,,,,,,SCOTLAND,scotland,ods_scottish_gp_practice,RO227,SCOTTISH GP PRACTICE,"RO227,RO76",https://directory.spineservices.nhs.uk/ORD/2-0-0/organisations/S87019,2022-12-09,9364,nhs_scotland_gp_practice_contact_details_and_list_sizes,https://www.opendata.nhs.scot/dataset/f23655c3-6e23-4103-a511-a80d998adb90/resource/ceddbf27-0686-4f4b-b9a2-0090d28c3864/download/practice_contact_details_20260101_opendata.csv,20260101,GLENIFFER MEDICAL GROUP G78 1SW
LEVERN MEDICAL GROUP,S87165,G78 1SW,"BARRHEAD HEALTH & CARE CENTRE, 213 MAIN STREET, GLASGOW",01418 007000,,,,,,,SCOTLAND,scotland,ods_scottish_gp_practice,RO227,SCOTTISH GP PRACTICE,"RO227,RO76",https://directory.spineservices.nhs.uk/ORD/2-0-0/organisations/S87165,2022-12-09,8898,nhs_scotland_gp_practice_contact_details_and_list_sizes,https://www.opendata.nhs.scot/dataset/f23655c3-6e23-4103-a511-a80d998adb90/resource/ceddbf27-0686-4f4b-b9a2-0090d28c3864/download/practice_contact_details_20260101_opendata.csv,20260101,LEVERN MEDICAL GROUP G78 1SW
THE OAKS MEDICAL PRACTICE,S87108,G78 1SW,"1ST FLOOR, BARRHEAD HEALTH & SOCIAL CARE CENTR, GLASGOW",01418 007085,,,,,,,SCOTLAND,scotland,ods_scottish_gp_practice,RO227,SCOTTISH GP PRACTICE,"RO227,RO76",https://directory.spineservices.nhs.uk/ORD/2-0-0/organisations/S87108,2022-12-09,4422,nhs_scotland_gp_practice_contact_details_and_list_sizes,https://www.opendata.nhs.scot/dataset/f23655c3-6e23-4103-a511-a80d998adb90/resource/ceddbf27-0686-4f4b-b9a2-0090d28c3864/download/practice_contact_details_20260101_opendata.csv,20260101,THE OAKS MEDICAL PRACTICE G78 1SW
NEILSTON MEDICAL CENTRE,S87023,G78 3HJ,"1 HIGH STREET, NEILSTON, GLASGOW",01418 806505,,,,,,,SCOTLAND,scotland,ods_scottish_gp_practice,RO227,SCOTTISH GP PRACTICE,"RO227,RO76",https://directory.spineservices.nhs.uk/ORD/2-0-0/organisations/S87023,2023-05-16,4332,nhs_scotland_gp_practice_contact_details_and_list_sizes,https://www.opendata.nhs.scot/dataset/f23655c3-6e23-4103-a511-a80d998adb90/resource/ceddbf27-0686-4f4b-b9a2-0090d28c3864/download/practice_contact_details_20260101_opendata.csv,20260101,NEILSTON MEDICAL CENTRE G78 3HJ
BARCLAY MEDICAL PRACTICE CLYDEBANK,S40262,G81 1BS,"CLYDEBANK HEALTH & CARE CENTRE, QUEENS QUAY MAIN AVENUE, CLYDEBANK",01415 316410,,,,,,,SCOTLAND,scotland,ods_scottish_gp_practice,RO227,SCOTTISH GP PRACTICE,"RO227,RO76",https://directory.spineservices.nhs.uk/ORD/2-0-0/organisations/S40262,2025-05-16,6324,nhs_scotland_gp_practice_contact_details_and_list_sizes,https://www.opendata.nhs.scot/dataset/f23655c3-6e23-4103-a511-a80d998adb90/resource/ceddbf27-0686-4f4b-b9a2-0090d28c3864/download/practice_contact_details_20260101_opendata.csv,20260101,BARCLAY MEDICAL PRACTICE CLYDEBANK G81 1BS
DR RAI & PARTNERS,S40703,G81 1BS,"CLYDEBANK HEALTH & CARE CENTRE, QUEENS QUAY MAIN AVENUE, CLYDEBANK",01415 316463,,,,,,,SCOTLAND,scotland,ods_scottish_gp_practice,RO227,SCOTTISH GP PRACTICE,"RO227,RO76",https://directory.spineservices.nhs.uk/ORD/2-0-0/organisations/S40703,2022-11-18,3427,nhs_scotland_gp_practice_contact_details_and_list_sizes,https://www.opendata.nhs.scot/dataset/f23655c3-6e23-4103-a511-a80d998adb90/resource/ceddbf27-0686-4f4b-b9a2-0090d28c3864/download/practice_contact_details_20260101_opendata.csv,20260101,DR RAI & PARTNERS G81 1BS
ORANGE MEDICAL PRACTICE,S40582,G81 1BS,"CLYDEBANK HEALTH & CARE CENTRE, QUEENS QUAY MAIN AVENUE, CLYDEBANK",01415 316440,,,,,,,SCOTLAND,scotland,ods_scottish_gp_practice,RO227,SCOTTISH GP PRACTICE,"RO227,RO76",https://directory.spineservices.nhs.uk/ORD/2-0-0/organisations/S40582,2024-12-05,6073,nhs_scotland_gp_practice_contact_details_and_list_sizes,https://www.opendata.nhs.scot/dataset/f23655c3-6e23-4103-a511-a80d998adb90/resource/ceddbf27-0686-4f4b-b9a2-0090d28c3864/download/practice_contact_details_20260101_opendata.csv,20260101,ORANGE MEDICAL PRACTICE G81 1BS
RED WING MEDICAL PRACTICE,S40046,G81 1BS,"CLYDEBANK HEALTH & CARE CENTRE, QUEENS QUAY MAIN AVENUE, CLYDEBANK",01415 316475,,,,,,,SCOTLAND,scotland,ods_scottish_gp_practice,RO227,SCOTTISH GP PRACTICE,"RO227,RO76",https://directory.spineservices.nhs.uk/ORD/2-0-0/organisations/S40046,2022-11-18,8428,nhs_scotland_gp_practice_contact_details_and_list_sizes,https://www.opendata.nhs.scot/dataset/f23655c3-6e23-4103-a511-a80d998adb90/resource/ceddbf27-0686-4f4b-b9a2-0090d28c3864/download/practice_contact_details_20260101_opendata.csv,20260101,RED WING MEDICAL PRACTICE G81 1BS
THE GREEN MEDICAL PRACTICE,S40224,G81 1BS,"CLYDEBANK HEALTH & CARE CENTRE, QUEENS QUAY MAIN AVENUE, CLYDEBANK",01415 316425,,,,,,,SCOTLAND,scotland,ods_scottish_gp_practice,RO227,SCOTTISH GP PRACTICE,"RO227,RO76",https://directory.spineservices.nhs.uk/ORD/2-0-0/organisations/S40224,2023-01-13,9297,nhs_scotland_gp_practice_contact_details_and_list_sizes,https://www.opendata.nhs.scot/dataset/f23655c3-6e23-4103-a511-a80d998adb90/resource/ceddbf27-0686-4f4b-b9a2-0090d28c3864/download/practice_contact_details_20260101_opendata.csv,20260101,THE GREEN MEDICAL PRACTICE G81 1BS
YELLOW MEDICAL PRACTICE,S40691,G81 1BS,"CLYDEBANK HEALTH & CARE CENTRE, QUEENS QUAY MAIN AVENUE, CLYDEBANK",01415 316490,,,,,,,SCOTLAND,scotland,ods_scottish_gp_practice,RO227,SCOTTISH GP PRACTICE,"RO227,RO76",https://directory.spineservices.nhs.uk/ORD/2-0-0/organisations/S40691,2022-11-18,7217,nhs_scotland_gp_practice_contact_details_and_list_sizes,https://www.opendata.nhs.scot/dataset/f23655c3-6e23-4103-a511-a80d998adb90/resource/ceddbf27-0686-4f4b-b9a2-0090d28c3864/download/practice_contact_details_20260101_opendata.csv,20260101,YELLOW MEDICAL PRACTICE G81 1BS
ALCLUITH PRACTICE,S85032,G82 1PW,"THE HEALTH CENTRE, STATION ROAD, DUMBARTON",01389 811811,,,,,,,SCOTLAND,scotland,ods_scottish_gp_practice,RO227,SCOTTISH GP PRACTICE,"RO227,RO76",https://directory.spineservices.nhs.uk/ORD/2-0-0/organisations/S85032,2022-08-18,2524,nhs_scotland_gp_practice_contact_details_and_list_sizes,https://www.opendata.nhs.scot/dataset/f23655c3-6e23-4103-a511-a80d998adb90/resource/ceddbf27-0686-4f4b-b9a2-0090d28c3864/download/practice_contact_details_20260101_opendata.csv,20260101,ALCLUITH PRACTICE G82 1PW
DR MCDEVITT & PARTNERS,S85071,G82 1PW,"THE HEALTH CENTRE, STATION ROAD, DUMBARTON",01389 811855,,,,,,,SCOTLAND,scotland,ods_scottish_gp_practice,RO227,SCOTTISH GP PRACTICE,"RO227,RO76",https://directory.spineservices.nhs.uk/ORD/2-0-0/organisations/S85071,2025-09-18,3237,nhs_scotland_gp_practice_contact_details_and_list_sizes,https://www.opendata.nhs.scot/dataset/f23655c3-6e23-4103-a511-a80d998adb90/resource/ceddbf27-0686-4f4b-b9a2-0090d28c3864/download/practice_contact_details_20260101_opendata.csv,20260101,DR MCDEVITT & PARTNERS G82 1PW
DR STEPHEN H DUNN & PARTNERS,S85090,G82 1PW,"THE HEALTH CENTRE, STATION ROAD, DUMBARTON",01389 811833,,,,,,,SCOTLAND,scotland,ods_scottish_gp_practice,RO227,SCOTTISH GP PRACTICE,"RO227,RO76",https://directory.spineservices.nhs.uk/ORD/2-0-0/organisations/S85090,2022-08-18,4759,nhs_scotland_gp_practice_contact_details_and_list_sizes,https://www.opendata.nhs.scot/dataset/f23655c3-6e23-4103-a511-a80d998adb90/resource/ceddbf27-0686-4f4b-b9a2-0090d28c3864/download/practice_contact_details_20260101_opendata.csv,20260101,DR STEPHEN H DUNN & PARTNERS G82 1PW
LEVENSIDE MEDICAL PRACTICE,S85066,G82 1PW,"THE HEALTH CENTRE, STATION ROAD, DUMBARTON",01389 811844,,,,,,,SCOTLAND,scotland,ods_scottish_gp_practice,RO227,SCOTTISH GP PRACTICE,"RO227,RO76",https://directory.spineservices.nhs.uk/ORD/2-0-0/organisations/S85066,2022-08-18,8564,nhs_scotland_gp_practice_contact_details_and_list_sizes,https://www.opendata.nhs.scot/dataset/f23655c3-6e23-4103-a511-a80d998adb90/resource/ceddbf27-0686-4f4b-b9a2-0090d28c3864/download/practice_contact_details_20260101_opendata.csv,20260101,LEVENSIDE MEDICAL PRACTICE G82 1PW
THE RIVERBANK PRACTICE,S85047,G82 1PW,"THE HEALTH CENTRE, STATION ROAD, DUMBARTON",01389 811862,,,,,,,SCOTLAND,scotland,ods_scottish_gp_practice,RO227,SCOTTISH GP PRACTICE,"RO227,RO76",https://directory.spineservices.nhs.uk/ORD/2-0-0/organisations/S85047,2022-08-18,5478,nhs_scotland_gp_practice_contact_details_and_list_sizes,https://www.opendata.nhs.scot/dataset/f23655c3-6e23-4103-a511-a80d998adb90/resource/ceddbf27-0686-4f4b-b9a2-0090d28c3864/download/practice_contact_details_20260101_opendata.csv,20260101,THE RIVERBANK PRACTICE G82 1PW
LOCH LOMOND SURGERY,S85230,G83 0NB,"75 BANK STREET, ALEXANDRIA",01389 752626,,,,,,,SCOTLAND,scotland,ods_scottish_gp_practice,RO227,SCOTTISH GP PRACTICE,"RO227,RO76",https://directory.spineservices.nhs.uk/ORD/2-0-0/organisations/S85230,2022-08-18,7454,nhs_scotland_gp_practice_contact_details_and_list_sizes,https://www.opendata.nhs.scot/dataset/f23655c3-6e23-4103-a511-a80d998adb90/resource/ceddbf27-0686-4f4b-b9a2-0090d28c3864/download/practice_contact_details_20260101_opendata.csv,20260101,LOCH LOMOND SURGERY G83 0NB
ARGYLL PRIMARY CARE EMERGENCY,S84990,G83 0UA,"VALE OF LEVEN HOSPITAL, NORTH MAIN STREET, ALEXANDRIA",,,,,,,,SCOTLAND,scotland,ods_scottish_gp_practice,RO227,SCOTTISH GP PRACTICE,"RO227,RO72",https://directory.spineservices.nhs.uk/ORD/2-0-0/organisations/S84990,2022-08-18,,,,,ARGYLL PRIMARY CARE EMERGENCY G83 0UA
PRIMARY CARE EMERGENCY SERVICE,S89993,G83 0UA,"GP OUT OF HOURS LOMOND, VALE OF LEVEN GENERAL HOSPITAL, ALEXANDRIA",,,,,,,,SCOTLAND,scotland,ods_scottish_gp_practice,RO227,SCOTTISH GP PRACTICE,"RO227,RO76",https://directory.spineservices.nhs.uk/ORD/2-0-0/organisations/S89993,2022-08-18,,,,,PRIMARY CARE EMERGENCY SERVICE G83 0UA
THE LENNOX PRACTICE,S85225,G83 0UA,"THE VALE CENTRE FOR HEALTH & CARE, MAIN STREET, ALEXANDRIA",01389 828616,,,,,,,SCOTLAND,scotland,ods_scottish_gp_practice,RO227,SCOTTISH GP PRACTICE,"RO227,RO76",https://directory.spineservices.nhs.uk/ORD/2-0-0/organisations/S85225,2022-12-09,4998,nhs_scotland_gp_practice_contact_details_and_list_sizes,https://www.opendata.nhs.scot/dataset/f23655c3-6e23-4103-a511-a80d998adb90/resource/ceddbf27-0686-4f4b-b9a2-0090d28c3864/download/practice_contact_details_20260101_opendata.csv,20260101,THE LENNOX PRACTICE G83 0UA
INCHCRUIN MEDICAL PRACTICE,S85259,G83 0UE,"THE VALE CENTRE FOR HEALTH & CARE, MAIN STREET, ALEXANDRIA",01389 828600,,,,,,,SCOTLAND,scotland,ods_scottish_gp_practice,RO227,SCOTTISH GP PRACTICE,"RO227,RO76",https://directory.spineservices.nhs.uk/ORD/2-0-0/organisations/S85259,2025-12-11,3788,nhs_scotland_gp_practice_contact_details_and_list_sizes,https://www.opendata.nhs.scot/dataset/f23655c3-6e23-4103-a511-a80d998adb90/resource/ceddbf27-0686-4f4b-b9a2-0090d28c3864/download/practice_contact_details_20260101_opendata.csv,20260101,INCHCRUIN MEDICAL PRACTICE G83 0UE
OAKVIEW MEDICAL PRACTICE,S85403,G83 0UE,"THE VALE CENTRE FOR HEALTH & CARE, MAIN STREET, ALEXANDRIA",01389 752650,,,,,,,SCOTLAND,scotland,ods_scottish_gp_practice,RO227,SCOTTISH GP PRACTICE,"RO227,RO76",https://directory.spineservices.nhs.uk/ORD/2-0-0/organisations/S85403,2022-10-05,9445,nhs_scotland_gp_practice_contact_details_and_list_sizes,https://www.opendata.nhs.scot/dataset/f23655c3-6e23-4103-a511-a80d998adb90/resource/ceddbf27-0686-4f4b-b9a2-0090d28c3864/download/practice_contact_details_20260101_opendata.csv,20260101,OAKVIEW MEDICAL PRACTICE G83 0UE
ARROCHAR SURGERY,S85009,G83 7AG,"KIRKFIELD PLACE, ARROCHAR",01301 702050,,,,,,,SCOTLAND,scotland,ods_scottish_gp_practice,RO227,SCOTTISH GP PRACTICE,"RO227,RO76",https://directory.spineservices.nhs.uk/ORD/2-0-0/organisations/S85009,2024-02-20,1144,nhs_scotland_gp_practice_contact_details_and_list_sizes,https://www.opendata.nhs.scot/dataset/f23655c3-6e23-4103-a511-a80d998adb90/resource/ceddbf27-0686-4f4b-b9a2-0090d28c3864/download/practice_contact_details_20260101_opendata.csv,20260101,ARROCHAR SURGERY G83 7AG
KILCREGGAN MEDICAL PRACTICE,S85193,G84 0JL,"THE HEALTH CENTRE, SHORE ROAD, HELENSBURGH",01436 842156,,,,,,,SCOTLAND,scotland,ods_scottish_gp_practice,RO227,SCOTTISH GP PRACTICE,"RO227,RO76",https://directory.spineservices.nhs.uk/ORD/2-0-0/organisations/S85193,2022-12-09,2436,nhs_scotland_gp_practice_contact_details_and_list_sizes,https://www.opendata.nhs.scot/dataset/f23655c3-6e23-4103-a511-a80d998adb90/resource/ceddbf27-0686-4f4b-b9a2-0090d28c3864/download/practice_contact_details_20260101_opendata.csv,20260101,KILCREGGAN MEDICAL PRACTICE G84 0JL
GARELOCHHEAD MEDICAL CENTRE,S85117,G84 0SL,"MCAULAY PLACE, GARELOCHHEAD, HELENSBURGH",01436 810370,,,,,,,SCOTLAND,scotland,ods_scottish_gp_practice,RO227,SCOTTISH GP PRACTICE,"RO227,RO76",https://directory.spineservices.nhs.uk/ORD/2-0-0/organisations/S85117,2022-12-09,1845,nhs_scotland_gp_practice_contact_details_and_list_sizes,https://www.opendata.nhs.scot/dataset/f23655c3-6e23-4103-a511-a80d998adb90/resource/ceddbf27-0686-4f4b-b9a2-0090d28c3864/download/practice_contact_details_20260101_opendata.csv,20260101,GARELOCHHEAD MEDICAL CENTRE G84 0SL
DR MCLACHLAN & PARTNERS,S85155,G84 7QL,"THE MEDICAL CENTRE, 12 EAST KING STREET, HELENSBURGH",01436 672277,,,,,,,SCOTLAND,scotland,ods_scottish_gp_practice,RO227,SCOTTISH GP PRACTICE,"RO227,RO76",https://directory.spineservices.nhs.uk/ORD/2-0-0/organisations/S85155,2022-08-18,9532,nhs_scotland_gp_practice_contact_details_and_list_sizes,https://www.opendata.nhs.scot/dataset/f23655c3-6e23-4103-a511-a80d998adb90/resource/ceddbf27-0686-4f4b-b9a2-0090d28c3864/download/practice_contact_details_20260101_opendata.csv,20260101,DR MCLACHLAN & PARTNERS G84 7QL
MILLIG PRACTICE,S85141,G84 7QL,"THE MEDICAL CENTRE, 12 EAST KING STREET, HELENSBURGH",01436 673366,,,,,,,SCOTLAND,scotland,ods_scottish_gp_practice,RO227,SCOTTISH GP PRACTICE,"RO227,RO76",https://directory.spineservices.nhs.uk/ORD/2-0-0/organisations/S85141,2022-08-18,9585,nhs_scotland_gp_practice_contact_details_and_list_sizes,https://www.opendata.nhs.scot/dataset/f23655c3-6e23-4103-a511-a80d998adb90/resource/ceddbf27-0686-4f4b-b9a2-0090d28c3864/download/practice_contact_details_20260101_opendata.csv,20260101,MILLIG PRACTICE G84 7QL
HMS NEPTUNE RN SICK QUARTERS,S85206,G84 8HL,"MEDICAL CENTRE, FASLANE, HELENSBURGH",,,,,,,,SCOTLAND,scotland,ods_scottish_gp_practice,RO227,SCOTTISH GP PRACTICE,"RO227,RO72",https://directory.spineservices.nhs.uk/ORD/2-0-0/organisations/S85206,2022-08-18,,,,,HMS NEPTUNE RN SICK QUARTERS G84 8HL
LEWIS OUT OF HOURS CENTRE,S90153,HS1 2AF,"WESTERN ISLES HOSPITAL, MACAULAY ROAD, STORNOWAY",01851 704704,,,,,,,SCOTLAND,scotland,ods_scottish_gp_practice,RO227,SCOTTISH GP PRACTICE,"RO227,RO72",https://directory.spineservices.nhs.uk/ORD/2-0-0/organisations/S90153,2022-11-18,,,,,LEWIS OUT OF HOURS CENTRE HS1 2AF
NHS WESTERN ISLES COVID 19 CENTRE,S90789,HS1 2AF,"WESTERN ISLES HOSPITAL, MACAULAY ROAD, STORNOWAY",01851 707515,,,,,,,SCOTLAND,scotland,ods_scottish_gp_practice,RO227,SCOTTISH GP PRACTICE,"RO227,RO76",https://directory.spineservices.nhs.uk/ORD/2-0-0/organisations/S90789,2022-11-18,,,,,NHS WESTERN ISLES COVID 19 CENTRE HS1 2AF
THE GROUP PRACTICE,S90031,HS1 2PS,"SPRINGFIELD ROAD, STORNOWAY",01851 703145,,,,,,,SCOTLAND,scotland,ods_scottish_gp_practice,RO227,SCOTTISH GP PRACTICE,"RO227,RO76",https://directory.spineservices.nhs.uk/ORD/2-0-0/organisations/S90031,2022-12-09,8004,nhs_scotland_gp_practice_contact_details_and_list_sizes,https://www.opendata.nhs.scot/dataset/f23655c3-6e23-4103-a511-a80d998adb90/resource/ceddbf27-0686-4f4b-b9a2-0090d28c3864/download/practice_contact_details_20260101_opendata.csv,20260101,THE GROUP PRACTICE HS1 2PS
BROADBAY MEDICAL PRACTICE,S90172,HS1 2XB,"16 FRANCIS STREET, STORNOWAY",01851 703588,,,,,,,SCOTLAND,scotland,ods_scottish_gp_practice,RO227,SCOTTISH GP PRACTICE,"RO227,RO76",https://directory.spineservices.nhs.uk/ORD/2-0-0/organisations/S90172,2022-12-09,6015,nhs_scotland_gp_practice_contact_details_and_list_sizes,https://www.opendata.nhs.scot/dataset/f23655c3-6e23-4103-a511-a80d998adb90/resource/ceddbf27-0686-4f4b-b9a2-0090d28c3864/download/practice_contact_details_20260101_opendata.csv,20260101,BROADBAY MEDICAL PRACTICE HS1 2XB
LANGABHAT MEDICAL PRACTICE,S90204,HS2 9JP,"LEURBOST, LOCHS",01851 860222,,,,,,,SCOTLAND,scotland,ods_scottish_gp_practice,RO227,SCOTTISH GP PRACTICE,"RO227,RO76",https://directory.spineservices.nhs.uk/ORD/2-0-0/organisations/S90204,2022-12-09,5251,nhs_scotland_gp_practice_contact_details_and_list_sizes,https://www.opendata.nhs.scot/dataset/f23655c3-6e23-4103-a511-a80d998adb90/resource/ceddbf27-0686-4f4b-b9a2-0090d28c3864/download/practice_contact_details_20260101_opendata.csv,20260101,LANGABHAT MEDICAL PRACTICE HS2 9JP
NORTH HARRIS MEDICAL PRACTICE,S90098,HS3 3BG,"WEST TARBERT, ISLE OF HARRIS",01859 502421,,,,,,,SCOTLAND,scotland,ods_scottish_gp_practice,RO227,SCOTTISH GP PRACTICE,"RO227,RO76",https://directory.spineservices.nhs.uk/ORD/2-0-0/organisations/S90098,2022-12-09,1305,nhs_scotland_gp_practice_contact_details_and_list_sizes,https://www.opendata.nhs.scot/dataset/f23655c3-6e23-4103-a511-a80d998adb90/resource/ceddbf27-0686-4f4b-b9a2-0090d28c3864/download/practice_contact_details_20260101_opendata.csv,20260101,NORTH HARRIS MEDICAL PRACTICE HS3 3BG
SOUTH HARRIS MEDICAL PRACTICE,S90101,HS5 3UA,"FERRY ROAD, LEVERBURGH",01859 520278,,,,,,,SCOTLAND,scotland,ods_scottish_gp_practice,RO227,SCOTTISH GP PRACTICE,"RO227,RO76",https://directory.spineservices.nhs.uk/ORD/2-0-0/organisations/S90101,2022-12-09,553,nhs_scotland_gp_practice_contact_details_and_list_sizes,https://www.opendata.nhs.scot/dataset/f23655c3-6e23-4103-a511-a80d998adb90/resource/ceddbf27-0686-4f4b-b9a2-0090d28c3864/download/practice_contact_details_20260101_opendata.csv,20260101,SOUTH HARRIS MEDICAL PRACTICE HS5 3UA
NORTH UIST MEDICAL PRACTICE,S90115,HS6 5AE,"LOCHMADDY, ISLE OF NORTH UIST",01876 500333,,,,,,,SCOTLAND,scotland,ods_scottish_gp_practice,RO227,SCOTTISH GP PRACTICE,"RO227,RO76",https://directory.spineservices.nhs.uk/ORD/2-0-0/organisations/S90115,2022-12-09,1391,nhs_scotland_gp_practice_contact_details_and_list_sizes,https://www.opendata.nhs.scot/dataset/f23655c3-6e23-4103-a511-a80d998adb90/resource/ceddbf27-0686-4f4b-b9a2-0090d28c3864/download/practice_contact_details_20260101_opendata.csv,20260101,NORTH UIST MEDICAL PRACTICE HS6 5AE
OUT OF HOURS CENTRE (UIST),S90168,HS7 5LA,"UIST AND BARRA HOSPITAL, BALIVANICH",01851 708005,,,,,,,SCOTLAND,scotland,ods_scottish_gp_practice,RO227,SCOTTISH GP PRACTICE,"RO227,RO72",https://directory.spineservices.nhs.uk/ORD/2-0-0/organisations/S90168,2024-05-22,,,,,OUT OF HOURS CENTRE (UIST) HS7 5LA
BENBECULA MEDICAL PRACTICE,S90120,HS7 5QA,"SORELLE LODGE SURGERY, GRIMINISH",01870 602215,,,,,,,SCOTLAND,scotland,ods_scottish_gp_practice,RO227,SCOTTISH GP PRACTICE,"RO227,RO76",https://directory.spineservices.nhs.uk/ORD/2-0-0/organisations/S90120,2022-12-09,2291,nhs_scotland_gp_practice_contact_details_and_list_sizes,https://www.opendata.nhs.scot/dataset/f23655c3-6e23-4103-a511-a80d998adb90/resource/ceddbf27-0686-4f4b-b9a2-0090d28c3864/download/practice_contact_details_20260101_opendata.csv,20260101,BENBECULA MEDICAL PRACTICE HS7 5QA
SOUTH UIST MEDICAL PRACTICE,S90134,HS8 5SS,"DALIBURGH, ISLE OF SOUTH UIST",01878 700302,,,,,,,SCOTLAND,scotland,ods_scottish_gp_practice,RO227,SCOTTISH GP PRACTICE,"RO227,RO76",https://directory.spineservices.nhs.uk/ORD/2-0-0/organisations/S90134,2022-12-09,950,nhs_scotland_gp_practice_contact_details_and_list_sizes,https://www.opendata.nhs.scot/dataset/f23655c3-6e23-4103-a511-a80d998adb90/resource/ceddbf27-0686-4f4b-b9a2-0090d28c3864/download/practice_contact_details_20260101_opendata.csv,20260101,SOUTH UIST MEDICAL PRACTICE HS8 5SS
BARRA MEDICAL PRACTICE,S90149,HS9 5XD,"CLACH MHILE SURGERY, CASTLEBAY",01871 810282,,,,,,,SCOTLAND,scotland,ods_scottish_gp_practice,RO227,SCOTTISH GP PRACTICE,"RO227,RO76",https://directory.spineservices.nhs.uk/ORD/2-0-0/organisations/S90149,2022-10-05,1271,nhs_scotland_gp_practice_contact_details_and_list_sizes,https://www.opendata.nhs.scot/dataset/f23655c3-6e23-4103-a511-a80d998adb90/resource/ceddbf27-0686-4f4b-b9a2-0090d28c3864/download/practice_contact_details_20260101_opendata.csv,20260101,BARRA MEDICAL PRACTICE HS9 5XD
BARRA OUT OF HOURS SERVICE,S90219,HS9 5XE,"BARRA OUT OF HOURS CENTRE, ST BRENDAN'S HOSPITAL, CASTLEBAY, HORVE",01871 810465,,,,,,,SCOTLAND,scotland,ods_scottish_gp_practice,RO227,SCOTTISH GP PRACTICE,"RO227,RO72",https://directory.spineservices.nhs.uk/ORD/2-0-0/organisations/S90219,2022-12-09,,,,,BARRA OUT OF HOURS SERVICE HS9 5XE
BROOK SEXUAL HEALTH SERVICE,S56491,IV1 1ES,"77 CHURCH STREET, INVERNESS",01349 869211,,,,,,,SCOTLAND,scotland,ods_scottish_gp_practice,RO227,SCOTTISH GP PRACTICE,"RO227,RO76",https://directory.spineservices.nhs.uk/ORD/2-0-0/organisations/S56491,2022-11-18,,,,,BROOK SEXUAL HEALTH SERVICE IV1 1ES
NHS HIGHLAND POLICE CUSTODY SUITES,S56557,IV1 1RL,"BURNETT ROAD POLICE STATION, BURNETT ROAD, INVERNESS",01463 228425,,,,,,,SCOTLAND,scotland,ods_scottish_gp_practice,RO227,SCOTTISH GP PRACTICE,"RO227,RO76",https://directory.spineservices.nhs.uk/ORD/2-0-0/organisations/S56557,2023-05-16,,,,,NHS HIGHLAND POLICE CUSTODY SUITES IV1 1RL
FORTROSE MEDICAL PRACTICE,S55381,IV10 8SY,"STATION ROAD, FORTROSE",01381 622000,,,,,,,SCOTLAND,scotland,ods_scottish_gp_practice,RO227,SCOTTISH GP PRACTICE,"RO227,RO76",https://directory.spineservices.nhs.uk/ORD/2-0-0/organisations/S55381,2023-01-13,5032,nhs_scotland_gp_practice_contact_details_and_list_sizes,https://www.opendata.nhs.scot/dataset/f23655c3-6e23-4103-a511-a80d998adb90/resource/ceddbf27-0686-4f4b-b9a2-0090d28c3864/download/practice_contact_details_20260101_opendata.csv,20260101,FORTROSE MEDICAL PRACTICE IV10 8SY
CROMARTY MEDICAL PRACTICE,S56538,IV11 8YF,"ALLAN SQUARE, CROMARTY",01381 600224,,,,,,,SCOTLAND,scotland,ods_scottish_gp_practice,RO227,SCOTTISH GP PRACTICE,"RO227,RO76",https://directory.spineservices.nhs.uk/ORD/2-0-0/organisations/S56538,2023-01-10,1142,nhs_scotland_gp_practice_contact_details_and_list_sizes,https://www.opendata.nhs.scot/dataset/f23655c3-6e23-4103-a511-a80d998adb90/resource/ceddbf27-0686-4f4b-b9a2-0090d28c3864/download/practice_contact_details_20260101_opendata.csv,20260101,CROMARTY MEDICAL PRACTICE IV11 8YF
NAIRN HEALTHCARE GROUP,S55041,IV12 5EE,"NAIRN TOWN AND COUNTY HOSPITAL, CAWDOR ROAD, NAIRN",01667 452096,,,,,,,SCOTLAND,scotland,ods_scottish_gp_practice,RO227,SCOTTISH GP PRACTICE,"RO227,RO76",https://directory.spineservices.nhs.uk/ORD/2-0-0/organisations/S55041,2022-10-07,15813,nhs_scotland_gp_practice_contact_details_and_list_sizes,https://www.opendata.nhs.scot/dataset/f23655c3-6e23-4103-a511-a80d998adb90/resource/ceddbf27-0686-4f4b-b9a2-0090d28c3864/download/practice_contact_details_20260101_opendata.csv,20260101,NAIRN HEALTHCARE GROUP IV12 5EE
STRATHPEFFER MEDICAL PRACTICE,S55412,IV14 9AG,"SCHOOL ROAD, STRATHPEFFER",01997 421455,,,,,,,SCOTLAND,scotland,ods_scottish_gp_practice,RO227,SCOTTISH GP PRACTICE,"RO227,RO76",https://directory.spineservices.nhs.uk/ORD/2-0-0/organisations/S55412,2023-01-11,3912,nhs_scotland_gp_practice_contact_details_and_list_sizes,https://www.opendata.nhs.scot/dataset/f23655c3-6e23-4103-a511-a80d998adb90/resource/ceddbf27-0686-4f4b-b9a2-0090d28c3864/download/practice_contact_details_20260101_opendata.csv,20260101,STRATHPEFFER MEDICAL PRACTICE IV14 9AG
DINGWALL MEDICAL GROUP,S55376,IV15 9QS,"DINGWALL HEALTH CENTRE, FERRY ROAD, DINGWALL",01349 863034,,,,,,,SCOTLAND,scotland,ods_scottish_gp_practice,RO227,SCOTTISH GP PRACTICE,"RO227,RO76",https://directory.spineservices.nhs.uk/ORD/2-0-0/organisations/S55376,2022-08-18,11606,nhs_scotland_gp_practice_contact_details_and_list_sizes,https://www.opendata.nhs.scot/dataset/f23655c3-6e23-4103-a511-a80d998adb90/resource/ceddbf27-0686-4f4b-b9a2-0090d28c3864/download/practice_contact_details_20260101_opendata.csv,20260101,DINGWALL MEDICAL GROUP IV15 9QS
COVID ASSESSMENT CENTRES,S55771,IV15 9UG,"LARACHAN HOUSE, 9 DOCHCARTY ROAD, DINGWALL",01349 869222,,,,,,,SCOTLAND,scotland,ods_scottish_gp_practice,RO227,SCOTTISH GP PRACTICE,"RO227,RO76",https://directory.spineservices.nhs.uk/ORD/2-0-0/organisations/S55771,2023-01-10,,,,,COVID ASSESSMENT CENTRES IV15 9UG
HIGHLAND OPTOMETRIC PRESCRIBING,S56519,IV15 9UG,"LARACHAN HOUSE, 9 DOCHCARTY ROAD, DINGWALL",01349 869222,,,,,,,SCOTLAND,scotland,ods_scottish_gp_practice,RO227,SCOTTISH GP PRACTICE,"RO227,RO76",https://directory.spineservices.nhs.uk/ORD/2-0-0/organisations/S56519,2023-01-10,,,,,HIGHLAND OPTOMETRIC PRESCRIBING IV15 9UG
MID HIGHLAND CHP OOH,S59998,IV15 9UG,"LARACHAN HOUSE, 9 DOCHCARTY ROAD, DINGWALL",,,,,,,,SCOTLAND,scotland,ods_scottish_gp_practice,RO227,SCOTTISH GP PRACTICE,"RO227,RO76",https://directory.spineservices.nhs.uk/ORD/2-0-0/organisations/S59998,2022-08-18,,,,,MID HIGHLAND CHP OOH IV15 9UG
ALNESS/INVERGORDON MED PRCTE,S55338,IV17 0UN,"ROBERTSON HEALTH CENTRE, DALMORE ROAD, ALNESS",01349 882229,,,,,,,SCOTLAND,scotland,ods_scottish_gp_practice,RO227,SCOTTISH GP PRACTICE,"RO227,RO76",https://directory.spineservices.nhs.uk/ORD/2-0-0/organisations/S55338,2022-08-18,13014,nhs_scotland_gp_practice_contact_details_and_list_sizes,https://www.opendata.nhs.scot/dataset/f23655c3-6e23-4103-a511-a80d998adb90/resource/ceddbf27-0686-4f4b-b9a2-0090d28c3864/download/practice_contact_details_20260101_opendata.csv,20260101,ALNESS/INVERGORDON MED PRCTE IV17 0UN
TAIN & DISTRICT MED GROUP,S55427,IV19 1EU,"THE HEALTH CENTRE, CRAIGHILL TERRACE, TAIN",01862 892203,,,,,,,SCOTLAND,scotland,ods_scottish_gp_practice,RO227,SCOTTISH GP PRACTICE,"RO227,RO76",https://directory.spineservices.nhs.uk/ORD/2-0-0/organisations/S55427,2022-10-07,3316,nhs_scotland_gp_practice_contact_details_and_list_sizes,https://www.opendata.nhs.scot/dataset/f23655c3-6e23-4103-a511-a80d998adb90/resource/ceddbf27-0686-4f4b-b9a2-0090d28c3864/download/practice_contact_details_20260101_opendata.csv,20260101,TAIN & DISTRICT MED GROUP IV19 1EU
TAIN & FEARN AREA MED PRACTICE,S55431,IV19 1EU,"THE HEALTH CENTRE, CRAIGHILL TERRACE, TAIN",01862 892759,,,,,,,SCOTLAND,scotland,ods_scottish_gp_practice,RO227,SCOTTISH GP PRACTICE,"RO227,RO76",https://directory.spineservices.nhs.uk/ORD/2-0-0/organisations/S55431,2022-10-07,5654,nhs_scotland_gp_practice_contact_details_and_list_sizes,https://www.opendata.nhs.scot/dataset/f23655c3-6e23-4103-a511-a80d998adb90/resource/ceddbf27-0686-4f4b-b9a2-0090d28c3864/download/practice_contact_details_20260101_opendata.csv,20260101,TAIN & FEARN AREA MED PRACTICE IV19 1EU
KINGSMILLS MEDICAL PRACTICE,S55817,IV2 3BG,"18 SOUTHSIDE ROAD, INVERNESS",01463 235245,,,,,,,SCOTLAND,scotland,ods_scottish_gp_practice,RO227,SCOTTISH GP PRACTICE,"RO227,RO76",https://directory.spineservices.nhs.uk/ORD/2-0-0/organisations/S55817,2022-08-18,9846,nhs_scotland_gp_practice_contact_details_and_list_sizes,https://www.opendata.nhs.scot/dataset/f23655c3-6e23-4103-a511-a80d998adb90/resource/ceddbf27-0686-4f4b-b9a2-0090d28c3864/download/practice_contact_details_20260101_opendata.csv,20260101,KINGSMILLS MEDICAL PRACTICE IV2 3BG
HIGHLAND COMMUNITY PHARMACY,S55982,IV2 3BW,"ASSYNT HOUSE, BEECHWOOD PARK, INVERNESS",01463 717123,,,,,,,SCOTLAND,scotland,ods_scottish_gp_practice,RO227,SCOTTISH GP PRACTICE,"RO227,RO76",https://directory.spineservices.nhs.uk/ORD/2-0-0/organisations/S55982,2022-11-18,,,,,HIGHLAND COMMUNITY PHARMACY IV2 3BW
PHARMACY FIRST PLUS IP,S56542,IV2 3BW,"ASSYNT HOUSE, BEECHWOOD PARK, INVERNESS",01463 706814,,,,,,,SCOTLAND,scotland,ods_scottish_gp_practice,RO227,SCOTTISH GP PRACTICE,"RO227,RO76",https://directory.spineservices.nhs.uk/ORD/2-0-0/organisations/S56542,2022-11-18,,,,,PHARMACY FIRST PLUS IP IV2 3BW
CROWN MEDICAL PRACTICE,S55893,IV2 3NF,"12 CROWN AVENUE, INVERNESS",01463 214450,,,,,,,SCOTLAND,scotland,ods_scottish_gp_practice,RO227,SCOTTISH GP PRACTICE,"RO227,RO76",https://directory.spineservices.nhs.uk/ORD/2-0-0/organisations/S55893,2022-08-24,6436,nhs_scotland_gp_practice_contact_details_and_list_sizes,https://www.opendata.nhs.scot/dataset/f23655c3-6e23-4103-a511-a80d998adb90/resource/ceddbf27-0686-4f4b-b9a2-0090d28c3864/download/practice_contact_details_20260101_opendata.csv,20260101,CROWN MEDICAL PRACTICE IV2 3NF
BURNFIELD MEDICAL PRACTICE,S55889,IV2 3PF,"HARRIS ROAD, INVERNESS",01463 220077,,,,,,,SCOTLAND,scotland,ods_scottish_gp_practice,RO227,SCOTTISH GP PRACTICE,"RO227,RO76",https://directory.spineservices.nhs.uk/ORD/2-0-0/organisations/S55889,2022-08-18,8032,nhs_scotland_gp_practice_contact_details_and_list_sizes,https://www.opendata.nhs.scot/dataset/f23655c3-6e23-4103-a511-a80d998adb90/resource/ceddbf27-0686-4f4b-b9a2-0090d28c3864/download/practice_contact_details_20260101_opendata.csv,20260101,BURNFIELD MEDICAL PRACTICE IV2 3PF
FLOW NAVIGATION CENTRE,S56561,IV2 3UJ,"RAIGMORE SITE, INVERNESS",01463 307000,,,,,,,SCOTLAND,scotland,ods_scottish_gp_practice,RO227,SCOTTISH GP PRACTICE,"RO227,RO72",https://directory.spineservices.nhs.uk/ORD/2-0-0/organisations/S56561,2025-08-18,,,,,FLOW NAVIGATION CENTRE IV2 3UJ
CAIRN MEDICAL PRACTICE,S56006,IV2 4AG,"15 CULDUTHEL ROAD, INVERNESS",01463 712233,,,,,,,SCOTLAND,scotland,ods_scottish_gp_practice,RO227,SCOTTISH GP PRACTICE,"RO227,RO76",https://directory.spineservices.nhs.uk/ORD/2-0-0/organisations/S56006,2022-08-18,9963,nhs_scotland_gp_practice_contact_details_and_list_sizes,https://www.opendata.nhs.scot/dataset/f23655c3-6e23-4103-a511-a80d998adb90/resource/ceddbf27-0686-4f4b-b9a2-0090d28c3864/download/practice_contact_details_20260101_opendata.csv,20260101,CAIRN MEDICAL PRACTICE IV2 4AG
DUNEDIN MEDICAL PRACTICE,S56011,IV2 4TP,"TEMPLE CRESCENT, INVERNESS",01463 712157,,,,,,,SCOTLAND,scotland,ods_scottish_gp_practice,RO227,SCOTTISH GP PRACTICE,"RO227,RO76",https://directory.spineservices.nhs.uk/ORD/2-0-0/organisations/S56011,2022-08-18,2733,nhs_scotland_gp_practice_contact_details_and_list_sizes,https://www.opendata.nhs.scot/dataset/f23655c3-6e23-4103-a511-a80d998adb90/resource/ceddbf27-0686-4f4b-b9a2-0090d28c3864/download/practice_contact_details_20260101_opendata.csv,20260101,DUNEDIN MEDICAL PRACTICE IV2 4TP
SOUTHSIDE ROAD SURGERY,S55874,IV2 4XA,"43 SOUTHSIDE ROAD, INVERNESS",01463 710222,,,,,,,SCOTLAND,scotland,ods_scottish_gp_practice,RO227,SCOTTISH GP PRACTICE,"RO227,RO76",https://directory.spineservices.nhs.uk/ORD/2-0-0/organisations/S55874,2022-10-04,5099,nhs_scotland_gp_practice_contact_details_and_list_sizes,https://www.opendata.nhs.scot/dataset/f23655c3-6e23-4103-a511-a80d998adb90/resource/ceddbf27-0686-4f4b-b9a2-0090d28c3864/download/practice_contact_details_20260101_opendata.csv,20260101,SOUTHSIDE ROAD SURGERY IV2 4XA
SOUTH EAST HIGHLAND CHP OOH,S59911,IV2 5GH,"ALDER HOUSE, CRADLEHALL BUSINESS PARK, INVERNESS",,,,,,,,SCOTLAND,scotland,ods_scottish_gp_practice,RO227,SCOTTISH GP PRACTICE,"RO227,RO76",https://directory.spineservices.nhs.uk/ORD/2-0-0/organisations/S59911,2022-10-07,,,,,SOUTH EAST HIGHLAND CHP OOH IV2 5GH
LOCH NESS EAST AND STRATHNAIRN,S55747,IV2 6YB,"THE MEDICAL CENTRE, FOYERS, INVERNESS",01456 486224,,,,,,,SCOTLAND,scotland,ods_scottish_gp_practice,RO227,SCOTTISH GP PRACTICE,"RO227,RO76",https://directory.spineservices.nhs.uk/ORD/2-0-0/organisations/S55747,2023-01-10,1024,nhs_scotland_gp_practice_contact_details_and_list_sizes,https://www.opendata.nhs.scot/dataset/f23655c3-6e23-4103-a511-a80d998adb90/resource/ceddbf27-0686-4f4b-b9a2-0090d28c3864/download/practice_contact_details_20260101_opendata.csv,20260101,LOCH NESS EAST AND STRATHNAIRN IV2 6YB
GP FOR GP'S,S58001,IV2 7GE,"HIGHLANDER WAY, INVERNESS BUSINESS & RETAIL PARK, INVERNESS",,,,,,,,SCOTLAND,scotland,ods_scottish_gp_practice,RO227,SCOTTISH GP PRACTICE,"RO227,RO72",https://directory.spineservices.nhs.uk/ORD/2-0-0/organisations/S58001,2022-08-18,,,,,GP FOR GP'S IV2 7GE
CULLODEN MEDICAL PRACTICE,S55766,IV2 7LL,"KEPPOCH ROAD, CULLODEN, INVERNESS",01463 793777,,,,,,,SCOTLAND,scotland,ods_scottish_gp_practice,RO227,SCOTTISH GP PRACTICE,"RO227,RO76",https://directory.spineservices.nhs.uk/ORD/2-0-0/organisations/S55766,2022-08-18,6840,nhs_scotland_gp_practice_contact_details_and_list_sizes,https://www.opendata.nhs.scot/dataset/f23655c3-6e23-4103-a511-a80d998adb90/resource/ceddbf27-0686-4f4b-b9a2-0090d28c3864/download/practice_contact_details_20260101_opendata.csv,20260101,CULLODEN MEDICAL PRACTICE IV2 7LL
CULLODEN SURGERY,S55751,IV2 7LL,"KEPPOCH ROAD, CULLODEN, INVERNESS",01463 793400,,,,,,,SCOTLAND,scotland,ods_scottish_gp_practice,RO227,SCOTTISH GP PRACTICE,"RO227,RO76",https://directory.spineservices.nhs.uk/ORD/2-0-0/organisations/S55751,2022-08-18,6097,nhs_scotland_gp_practice_contact_details_and_list_sizes,https://www.opendata.nhs.scot/dataset/f23655c3-6e23-4103-a511-a80d998adb90/resource/ceddbf27-0686-4f4b-b9a2-0090d28c3864/download/practice_contact_details_20260101_opendata.csv,20260101,CULLODEN SURGERY IV2 7LL
HIGHLAND TEST PRACTICE,S56595,IV2 7PA,"EHEALTH, STONEYFIELD BUSINESS PARK, INVERNESS",01349 869222,,,,,,,SCOTLAND,scotland,ods_scottish_gp_practice,RO227,SCOTTISH GP PRACTICE,"RO227,RO76",https://directory.spineservices.nhs.uk/ORD/2-0-0/organisations/S56595,2025-03-25,,,,,HIGHLAND TEST PRACTICE IV2 7PA
MOD FORT GEORGE,S56504,IV2 7TE,"FORT GEORGE MEDICAL CENTRE, FORT GEORGE, INVERNESS",01349 869222,,,,,,,SCOTLAND,scotland,ods_scottish_gp_practice,RO227,SCOTTISH GP PRACTICE,"RO227,RO72",https://directory.spineservices.nhs.uk/ORD/2-0-0/organisations/S56504,2023-01-10,,,,,MOD FORT GEORGE IV2 7TE
TORRIDON MEDICAL PRACTICE,S55446,IV22 2EZ,"FASSAIG, TORRIDON, ACHNASHEEN",01445 791223,,,,,,,SCOTLAND,scotland,ods_scottish_gp_practice,RO227,SCOTTISH GP PRACTICE,"RO227,RO76",https://directory.spineservices.nhs.uk/ORD/2-0-0/organisations/S55446,2023-01-11,466,nhs_scotland_gp_practice_contact_details_and_list_sizes,https://www.opendata.nhs.scot/dataset/f23655c3-6e23-4103-a511-a80d998adb90/resource/ceddbf27-0686-4f4b-b9a2-0090d28c3864/download/practice_contact_details_20260101_opendata.csv,20260101,TORRIDON MEDICAL PRACTICE IV22 2EZ
AULTBEA & GAIRLOCH MEDICAL PRACTICE,S55357,IV22 2HZ,"BIRCHBURN, AULTBEA, ACHNASHEEN",01445 731221,,,,,,,SCOTLAND,scotland,ods_scottish_gp_practice,RO227,SCOTTISH GP PRACTICE,"RO227,RO76",https://directory.spineservices.nhs.uk/ORD/2-0-0/organisations/S55357,2023-01-13,2322,nhs_scotland_gp_practice_contact_details_and_list_sizes,https://www.opendata.nhs.scot/dataset/f23655c3-6e23-4103-a511-a80d998adb90/resource/ceddbf27-0686-4f4b-b9a2-0090d28c3864/download/practice_contact_details_20260101_opendata.csv,20260101,AULTBEA & GAIRLOCH MEDICAL PRACTICE IV22 2HZ
CREICH SURGERY,S55291,IV24 3ER,"CHERRY GROVE, BONAR BRIDGE, ARDGAY",01863 766379,,,,,,,SCOTLAND,scotland,ods_scottish_gp_practice,RO227,SCOTTISH GP PRACTICE,"RO227,RO76",https://directory.spineservices.nhs.uk/ORD/2-0-0/organisations/S55291,2023-01-13,1698,nhs_scotland_gp_practice_contact_details_and_list_sizes,https://www.opendata.nhs.scot/dataset/f23655c3-6e23-4103-a511-a80d998adb90/resource/ceddbf27-0686-4f4b-b9a2-0090d28c3864/download/practice_contact_details_20260101_opendata.csv,20260101,CREICH SURGERY IV24 3ER
DORNOCH MEDICAL PRACTICE,S55201,IV25 3LS,"SHORE ROAD, DORNOCH",01862 810213,,,,,,,SCOTLAND,scotland,ods_scottish_gp_practice,RO227,SCOTTISH GP PRACTICE,"RO227,RO76",https://directory.spineservices.nhs.uk/ORD/2-0-0/organisations/S55201,2023-01-13,2957,nhs_scotland_gp_practice_contact_details_and_list_sizes,https://www.opendata.nhs.scot/dataset/f23655c3-6e23-4103-a511-a80d998adb90/resource/ceddbf27-0686-4f4b-b9a2-0090d28c3864/download/practice_contact_details_20260101_opendata.csv,20260101,DORNOCH MEDICAL PRACTICE IV25 3LS
ULLAPOOL HEALTH CENTRE,S55451,IV26 2XL,"NORTH ROAD, ULLAPOOL",01854 612015,,,,,,,SCOTLAND,scotland,ods_scottish_gp_practice,RO227,SCOTTISH GP PRACTICE,"RO227,RO76",https://directory.spineservices.nhs.uk/ORD/2-0-0/organisations/S55451,2022-08-18,2458,nhs_scotland_gp_practice_contact_details_and_list_sizes,https://www.opendata.nhs.scot/dataset/f23655c3-6e23-4103-a511-a80d998adb90/resource/ceddbf27-0686-4f4b-b9a2-0090d28c3864/download/practice_contact_details_20260101_opendata.csv,20260101,ULLAPOOL HEALTH CENTRE IV26 2XL
LAIRG HEALTH CENTRE,S55249,IV27 4DD,"MAIN STREET, LAIRG",01549 402007,,,,,,,SCOTLAND,scotland,ods_scottish_gp_practice,RO227,SCOTTISH GP PRACTICE,"RO227,RO76",https://directory.spineservices.nhs.uk/ORD/2-0-0/organisations/S55249,2022-08-18,1246,nhs_scotland_gp_practice_contact_details_and_list_sizes,https://www.opendata.nhs.scot/dataset/f23655c3-6e23-4103-a511-a80d998adb90/resource/ceddbf27-0686-4f4b-b9a2-0090d28c3864/download/practice_contact_details_20260101_opendata.csv,20260101,LAIRG HEALTH CENTRE IV27 4DD
ASSYNT MEDICAL PRACTICE,S55253,IV27 4JZ,"6 MAIN STREET, LOCHINVER, LAIRG",01571 844226,,,,,,,SCOTLAND,scotland,ods_scottish_gp_practice,RO227,SCOTTISH GP PRACTICE,"RO227,RO76",https://directory.spineservices.nhs.uk/ORD/2-0-0/organisations/S55253,2023-01-13,931,nhs_scotland_gp_practice_contact_details_and_list_sizes,https://www.opendata.nhs.scot/dataset/f23655c3-6e23-4103-a511-a80d998adb90/resource/ceddbf27-0686-4f4b-b9a2-0090d28c3864/download/practice_contact_details_20260101_opendata.csv,20260101,ASSYNT MEDICAL PRACTICE IV27 4JZ
"SCOURIE, KINLOCHBERVIE AND DURNESS MEDICAL PRACTIC",S55304,IV27 4RP,"HEALTH CENTRE, KINLOCHBERVIE, LAIRG",01971 521260,,,,,,,SCOTLAND,scotland,ods_scottish_gp_practice,RO227,SCOTTISH GP PRACTICE,"RO227,RO76",https://directory.spineservices.nhs.uk/ORD/2-0-0/organisations/S55304,2023-01-13,870,nhs_scotland_gp_practice_contact_details_and_list_sizes,https://www.opendata.nhs.scot/dataset/f23655c3-6e23-4103-a511-a80d998adb90/resource/ceddbf27-0686-4f4b-b9a2-0090d28c3864/download/practice_contact_details_20260101_opendata.csv,20260101,"SCOURIE, KINLOCHBERVIE AND DURNESS MEDICAL PRACTIC IV27 4RP"
TONGUE MEDICAL PRACTICE,S55272,IV27 4XB,"TONGUE HEALTH CENTRE, ST ANDREWS GLEBE, LAIRG",01847 611213,,,,,,,SCOTLAND,scotland,ods_scottish_gp_practice,RO227,SCOTTISH GP PRACTICE,"RO227,RO76",https://directory.spineservices.nhs.uk/ORD/2-0-0/organisations/S55272,2023-01-13,540,nhs_scotland_gp_practice_contact_details_and_list_sizes,https://www.opendata.nhs.scot/dataset/f23655c3-6e23-4103-a511-a80d998adb90/resource/ceddbf27-0686-4f4b-b9a2-0090d28c3864/download/practice_contact_details_20260101_opendata.csv,20260101,TONGUE MEDICAL PRACTICE IV27 4XB
RIVERSIDE MEDICAL PRACTICE,S55841,IV3 5PW,"RIVERSIDE MEDICAL CENTRE, BALLIFEARY LANE, INVERNESS",01463 715999,,,,,,,SCOTLAND,scotland,ods_scottish_gp_practice,RO227,SCOTTISH GP PRACTICE,"RO227,RO76",https://directory.spineservices.nhs.uk/ORD/2-0-0/organisations/S55841,2023-01-10,9867,nhs_scotland_gp_practice_contact_details_and_list_sizes,https://www.opendata.nhs.scot/dataset/f23655c3-6e23-4103-a511-a80d998adb90/resource/ceddbf27-0686-4f4b-b9a2-0090d28c3864/download/practice_contact_details_20260101_opendata.csv,20260101,RIVERSIDE MEDICAL PRACTICE IV3 5PW
HIGHLAND HOSPICE,S55997,IV3 5SB,"NESS HOUSE, 1 BISHOPS ROAD, INVERNESS",,,,,,,,SCOTLAND,scotland,ods_scottish_gp_practice,RO227,SCOTTISH GP PRACTICE,"RO227,RO72",https://directory.spineservices.nhs.uk/ORD/2-0-0/organisations/S55997,2022-08-18,,,,,HIGHLAND HOSPICE IV3 5SB
FAIRFIELD MEDICAL PRACTICE,S55836,IV3 8HH,"22A ABBAN STREET, INVERNESS",01463 713939,,,,,,,SCOTLAND,scotland,ods_scottish_gp_practice,RO227,SCOTTISH GP PRACTICE,"RO227,RO76",https://directory.spineservices.nhs.uk/ORD/2-0-0/organisations/S55836,2022-08-18,6864,nhs_scotland_gp_practice_contact_details_and_list_sizes,https://www.opendata.nhs.scot/dataset/f23655c3-6e23-4103-a511-a80d998adb90/resource/ceddbf27-0686-4f4b-b9a2-0090d28c3864/download/practice_contact_details_20260101_opendata.csv,20260101,FAIRFIELD MEDICAL PRACTICE IV3 8HH
KINMYLIES MEDICAL PRACTICE,S55860,IV3 8PB,"ASSYNT ROAD, INVERNESS",01463 239865,,,,,,,SCOTLAND,scotland,ods_scottish_gp_practice,RO227,SCOTTISH GP PRACTICE,"RO227,RO76",https://directory.spineservices.nhs.uk/ORD/2-0-0/organisations/S55860,2022-08-18,4077,nhs_scotland_gp_practice_contact_details_and_list_sizes,https://www.opendata.nhs.scot/dataset/f23655c3-6e23-4103-a511-a80d998adb90/resource/ceddbf27-0686-4f4b-b9a2-0090d28c3864/download/practice_contact_details_20260101_opendata.csv,20260101,KINMYLIES MEDICAL PRACTICE IV3 8PB
MARYHILL GROUP PRACTICE,S32779,IV30 1AT,"ELGIN HEALTH CENTRE, HIGH STREET, ELGIN",03453 370610,,,,,,,SCOTLAND,scotland,ods_scottish_gp_practice,RO227,SCOTTISH GP PRACTICE,"RO227,RO76",https://directory.spineservices.nhs.uk/ORD/2-0-0/organisations/S32779,2022-08-24,22447,nhs_scotland_gp_practice_contact_details_and_list_sizes,https://www.opendata.nhs.scot/dataset/f23655c3-6e23-4103-a511-a80d998adb90/resource/ceddbf27-0686-4f4b-b9a2-0090d28c3864/download/practice_contact_details_20260101_opendata.csv,20260101,MARYHILL GROUP PRACTICE IV30 1AT
LINKWOOD MEDICAL,S32707,IV30 6GQ,"THE GLASSGREEN CENTRE, 2 THORNHILL DRIVE, ELGIN",03453 376350,,,,,,,SCOTLAND,scotland,ods_scottish_gp_practice,RO227,SCOTTISH GP PRACTICE,"RO227,RO76",https://directory.spineservices.nhs.uk/ORD/2-0-0/organisations/S32707,2022-08-24,12910,nhs_scotland_gp_practice_contact_details_and_list_sizes,https://www.opendata.nhs.scot/dataset/f23655c3-6e23-4103-a511-a80d998adb90/resource/ceddbf27-0686-4f4b-b9a2-0090d28c3864/download/practice_contact_details_20260101_opendata.csv,20260101,LINKWOOD MEDICAL IV30 6GQ
STATION HEALTH CENTRE RAF LOSSIEMOUTH,S34986,IV31 6SD,"HEALTH CENTRE, LOSSIEMOUTH",01343 817474,,,,,,,SCOTLAND,scotland,ods_scottish_gp_practice,RO227,SCOTTISH GP PRACTICE,"RO227,RO72",https://directory.spineservices.nhs.uk/ORD/2-0-0/organisations/S34986,2023-01-13,,,,,STATION HEALTH CENTRE RAF LOSSIEMOUTH IV31 6SD
MORAY COAST MEDICAL PRACTICE,S32764,IV31 6TU,"MORAY COAST HEALTH CENTRE, MUIRTON ROAD, LOSSIEMOUTH",03453 371190,,,,,,,SCOTLAND,scotland,ods_scottish_gp_practice,RO227,SCOTTISH GP PRACTICE,"RO227,RO76",https://directory.spineservices.nhs.uk/ORD/2-0-0/organisations/S32764,2022-08-24,10235,nhs_scotland_gp_practice_contact_details_and_list_sizes,https://www.opendata.nhs.scot/dataset/f23655c3-6e23-4103-a511-a80d998adb90/resource/ceddbf27-0686-4f4b-b9a2-0090d28c3864/download/practice_contact_details_20260101_opendata.csv,20260101,MORAY COAST MEDICAL PRACTICE IV31 6TU
FOCHABERS MEDICAL PRACTICE,S32750,IV32 7EP,"12 HIGH STREET, FOCHABERS",01343 820247,,,,,,,SCOTLAND,scotland,ods_scottish_gp_practice,RO227,SCOTTISH GP PRACTICE,"RO227,RO76",https://directory.spineservices.nhs.uk/ORD/2-0-0/organisations/S32750,2023-01-13,4489,nhs_scotland_gp_practice_contact_details_and_list_sizes,https://www.opendata.nhs.scot/dataset/f23655c3-6e23-4103-a511-a80d998adb90/resource/ceddbf27-0686-4f4b-b9a2-0090d28c3864/download/practice_contact_details_20260101_opendata.csv,20260101,FOCHABERS MEDICAL PRACTICE IV32 7EP
CULBIN MEDICAL PRACTICE,S32815,IV36 1JG,"GRANTOWN ROAD, FORRES",03453 371120,,,,,,,SCOTLAND,scotland,ods_scottish_gp_practice,RO227,SCOTTISH GP PRACTICE,"RO227,RO76",https://directory.spineservices.nhs.uk/ORD/2-0-0/organisations/S32815,2022-08-24,8492,nhs_scotland_gp_practice_contact_details_and_list_sizes,https://www.opendata.nhs.scot/dataset/f23655c3-6e23-4103-a511-a80d998adb90/resource/ceddbf27-0686-4f4b-b9a2-0090d28c3864/download/practice_contact_details_20260101_opendata.csv,20260101,CULBIN MEDICAL PRACTICE IV36 1JG
VARIS MEDICAL PRACTICE,S32801,IV36 1JG,"GRANTOWN ROAD, FORRES",03453 371120,,,,,,,SCOTLAND,scotland,ods_scottish_gp_practice,RO227,SCOTTISH GP PRACTICE,"RO227,RO76",https://directory.spineservices.nhs.uk/ORD/2-0-0/organisations/S32801,2024-12-06,8494,nhs_scotland_gp_practice_contact_details_and_list_sizes,https://www.opendata.nhs.scot/dataset/f23655c3-6e23-4103-a511-a80d998adb90/resource/ceddbf27-0686-4f4b-b9a2-0090d28c3864/download/practice_contact_details_20260101_opendata.csv,20260101,VARIS MEDICAL PRACTICE IV36 1JG
KINLOSS MEDICAL CENTRE (ARMY),S34991,IV36 3UH,"KINLOSS BARRACKS, KINLOSS, FORRES",01309 617541,,,,,,,SCOTLAND,scotland,ods_scottish_gp_practice,RO227,SCOTTISH GP PRACTICE,"RO227,RO72",https://directory.spineservices.nhs.uk/ORD/2-0-0/organisations/S34991,2023-01-13,,,,,KINLOSS MEDICAL CENTRE (ARMY) IV36 3UH
CROYARD ROAD SURGERY,S55709,IV4 7DJ,"1 CROYARD ROAD, BEAULY",01463 782794,,,,,,,SCOTLAND,scotland,ods_scottish_gp_practice,RO227,SCOTTISH GP PRACTICE,"RO227,RO76",https://directory.spineservices.nhs.uk/ORD/2-0-0/organisations/S55709,2022-10-07,6315,nhs_scotland_gp_practice_contact_details_and_list_sizes,https://www.opendata.nhs.scot/dataset/f23655c3-6e23-4103-a511-a80d998adb90/resource/ceddbf27-0686-4f4b-b9a2-0090d28c3864/download/practice_contact_details_20260101_opendata.csv,20260101,CROYARD ROAD SURGERY IV4 7DJ
AIRD MEDICAL PRACTICE,S55696,IV4 7EA,"FERRY ROAD, BEAULY",01463 782214,,,,,,,SCOTLAND,scotland,ods_scottish_gp_practice,RO227,SCOTTISH GP PRACTICE,"RO227,RO76",https://directory.spineservices.nhs.uk/ORD/2-0-0/organisations/S55696,2023-01-10,3475,nhs_scotland_gp_practice_contact_details_and_list_sizes,https://www.opendata.nhs.scot/dataset/f23655c3-6e23-4103-a511-a80d998adb90/resource/ceddbf27-0686-4f4b-b9a2-0090d28c3864/download/practice_contact_details_20260101_opendata.csv,20260101,AIRD MEDICAL PRACTICE IV4 7EA
KYLE MEDICAL PRACTICE,S55569,IV40 8AE,"LOCHALSH HEALTHCARE CENTRE, STATION ROAD, KYLE",01599 534257,,,,,,,SCOTLAND,scotland,ods_scottish_gp_practice,RO227,SCOTTISH GP PRACTICE,"RO227,RO76",https://directory.spineservices.nhs.uk/ORD/2-0-0/organisations/S55569,2023-01-11,2758,nhs_scotland_gp_practice_contact_details_and_list_sizes,https://www.opendata.nhs.scot/dataset/f23655c3-6e23-4103-a511-a80d998adb90/resource/ceddbf27-0686-4f4b-b9a2-0090d28c3864/download/practice_contact_details_20260101_opendata.csv,20260101,KYLE MEDICAL PRACTICE IV40 8AE
GLENELG HEALTH CENTRE,S55554,IV40 8JD,"ALLT RUADH, GLENELG, KYLE",01599 522272,,,,,,,SCOTLAND,scotland,ods_scottish_gp_practice,RO227,SCOTTISH GP PRACTICE,"RO227,RO76",https://directory.spineservices.nhs.uk/ORD/2-0-0/organisations/S55554,2023-01-11,256,nhs_scotland_gp_practice_contact_details_and_list_sizes,https://www.opendata.nhs.scot/dataset/f23655c3-6e23-4103-a511-a80d998adb90/resource/ceddbf27-0686-4f4b-b9a2-0090d28c3864/download/practice_contact_details_20260101_opendata.csv,20260101,GLENELG HEALTH CENTRE IV40 8JD
CARBOST MEDICAL PRACTICE,S55521,IV47 8SR,"THE SURGERY, CARBOST",01478 640202,,,,,,,SCOTLAND,scotland,ods_scottish_gp_practice,RO227,SCOTTISH GP PRACTICE,"RO227,RO76",https://directory.spineservices.nhs.uk/ORD/2-0-0/organisations/S55521,2023-01-11,650,nhs_scotland_gp_practice_contact_details_and_list_sizes,https://www.opendata.nhs.scot/dataset/f23655c3-6e23-4103-a511-a80d998adb90/resource/ceddbf27-0686-4f4b-b9a2-0090d28c3864/download/practice_contact_details_20260101_opendata.csv,20260101,CARBOST MEDICAL PRACTICE IV47 8SR
SOUTH SKYE MEDICAL PRACTICES,S56523,IV49 9AA,"BROADFORD HEALTH CENTRE, HIGH ROAD, BROADFORD",01471 822460,,,,,,,SCOTLAND,scotland,ods_scottish_gp_practice,RO227,SCOTTISH GP PRACTICE,"RO227,RO76",https://directory.spineservices.nhs.uk/ORD/2-0-0/organisations/S56523,2023-01-10,2963,nhs_scotland_gp_practice_contact_details_and_list_sizes,https://www.opendata.nhs.scot/dataset/f23655c3-6e23-4103-a511-a80d998adb90/resource/ceddbf27-0686-4f4b-b9a2-0090d28c3864/download/practice_contact_details_20260101_opendata.csv,20260101,SOUTH SKYE MEDICAL PRACTICES IV49 9AA
PORTREE MEDICAL CENTRE,S55573,IV51 9BZ,"FANCY HILL, PORTREE",01478 612013,,,,,,,SCOTLAND,scotland,ods_scottish_gp_practice,RO227,SCOTTISH GP PRACTICE,"RO227,RO76",https://directory.spineservices.nhs.uk/ORD/2-0-0/organisations/S55573,2023-01-10,5420,nhs_scotland_gp_practice_contact_details_and_list_sizes,https://www.opendata.nhs.scot/dataset/f23655c3-6e23-4103-a511-a80d998adb90/resource/ceddbf27-0686-4f4b-b9a2-0090d28c3864/download/practice_contact_details_20260101_opendata.csv,20260101,PORTREE MEDICAL CENTRE IV51 9BZ
APPLECROSS SURGERY,S55342,IV54 8LU,"APPLECROSS, STRATHCARRON",01520 744252,,,,,,,SCOTLAND,scotland,ods_scottish_gp_practice,RO227,SCOTTISH GP PRACTICE,"RO227,RO76",https://directory.spineservices.nhs.uk/ORD/2-0-0/organisations/S55342,2023-01-13,248,nhs_scotland_gp_practice_contact_details_and_list_sizes,https://www.opendata.nhs.scot/dataset/f23655c3-6e23-4103-a511-a80d998adb90/resource/ceddbf27-0686-4f4b-b9a2-0090d28c3864/download/practice_contact_details_20260101_opendata.csv,20260101,APPLECROSS SURGERY IV54 8LU
LOCHCARRON MEDICAL PARTNERSHIP,S55395,IV54 8YP,"THE FERGUSON MEDICAL CENTRE, CHURCH STREET, STRATHCARRON",01520 722215,,,,,,,SCOTLAND,scotland,ods_scottish_gp_practice,RO227,SCOTTISH GP PRACTICE,"RO227,RO76",https://directory.spineservices.nhs.uk/ORD/2-0-0/organisations/S55395,2025-12-11,948,nhs_scotland_gp_practice_contact_details_and_list_sizes,https://www.opendata.nhs.scot/dataset/f23655c3-6e23-4103-a511-a80d998adb90/resource/ceddbf27-0686-4f4b-b9a2-0090d28c3864/download/practice_contact_details_20260101_opendata.csv,20260101,LOCHCARRON MEDICAL PARTNERSHIP IV54 8YP
DUNVEGAN MEDICAL PRACTICE,S55535,IV55 8GU,"DUNVEGAN HEALTH CENTRE, DUNVEGAN",01470 521203,,,,,,,SCOTLAND,scotland,ods_scottish_gp_practice,RO227,SCOTTISH GP PRACTICE,"RO227,RO76",https://directory.spineservices.nhs.uk/ORD/2-0-0/organisations/S55535,2023-01-11,1845,nhs_scotland_gp_practice_contact_details_and_list_sizes,https://www.opendata.nhs.scot/dataset/f23655c3-6e23-4103-a511-a80d998adb90/resource/ceddbf27-0686-4f4b-b9a2-0090d28c3864/download/practice_contact_details_20260101_opendata.csv,20260101,DUNVEGAN MEDICAL PRACTICE IV55 8GU
DRUMNADROCHIT MEDICAL PRACTICE,S55728,IV63 6UL,"DRUMNADROCHIT HEALTH CENTRE, LEWISTON, INVERNESS",01456 450577,,,,,,,SCOTLAND,scotland,ods_scottish_gp_practice,RO227,SCOTTISH GP PRACTICE,"RO227,RO76",https://directory.spineservices.nhs.uk/ORD/2-0-0/organisations/S55728,2022-10-07,2618,nhs_scotland_gp_practice_contact_details_and_list_sizes,https://www.opendata.nhs.scot/dataset/f23655c3-6e23-4103-a511-a80d998adb90/resource/ceddbf27-0686-4f4b-b9a2-0090d28c3864/download/practice_contact_details_20260101_opendata.csv,20260101,DRUMNADROCHIT MEDICAL PRACTICE IV63 6UL
MUNLOCHY SURGERY,S55408,IV8 8NG,"BRAE TERRACE, MUNLOCHY",01463 811200,,,,,,,SCOTLAND,scotland,ods_scottish_gp_practice,RO227,SCOTTISH GP PRACTICE,"RO227,RO76",https://directory.spineservices.nhs.uk/ORD/2-0-0/organisations/S55408,2023-01-11,3406,nhs_scotland_gp_practice_contact_details_and_list_sizes,https://www.opendata.nhs.scot/dataset/f23655c3-6e23-4103-a511-a80d998adb90/resource/ceddbf27-0686-4f4b-b9a2-0090d28c3864/download/practice_contact_details_20260101_opendata.csv,20260101,MUNLOCHY SURGERY IV8 8NG
EAST ICT,S81046,KA1 1HU,"STRAND STREET, KILMARNOCK",01563 554401,,,,,,,SCOTLAND,scotland,ods_scottish_gp_practice,RO227,SCOTTISH GP PRACTICE,"RO227,RO72",https://directory.spineservices.nhs.uk/ORD/2-0-0/organisations/S81046,2022-11-18,,,,,EAST ICT KA1 1HU
THE WARDS MEDICAL CENTRE,S80400,KA1 1RU,"25 DUNDONALD ROAD, KILMARNOCK",01563 526514,,,,,,,SCOTLAND,scotland,ods_scottish_gp_practice,RO227,SCOTTISH GP PRACTICE,"RO227,RO76",https://directory.spineservices.nhs.uk/ORD/2-0-0/organisations/S80400,2022-12-09,11709,nhs_scotland_gp_practice_contact_details_and_list_sizes,https://www.opendata.nhs.scot/dataset/f23655c3-6e23-4103-a511-a80d998adb90/resource/ceddbf27-0686-4f4b-b9a2-0090d28c3864/download/practice_contact_details_20260101_opendata.csv,20260101,THE WARDS MEDICAL CENTRE KA1 1RU
THE SURGERY,S80414,KA1 2BD,"4-6 OLD IRVINE ROAD, KILMARNOCK",01563 522413,,,,,,,SCOTLAND,scotland,ods_scottish_gp_practice,RO227,SCOTTISH GP PRACTICE,"RO227,RO76",https://directory.spineservices.nhs.uk/ORD/2-0-0/organisations/S80414,2022-12-09,8752,nhs_scotland_gp_practice_contact_details_and_list_sizes,https://www.opendata.nhs.scot/dataset/f23655c3-6e23-4103-a511-a80d998adb90/resource/ceddbf27-0686-4f4b-b9a2-0090d28c3864/download/practice_contact_details_20260101_opendata.csv,20260101,THE SURGERY KA1 2BD
HOLMHEAD MEDICAL PRACTICE,S80397,KA1 2DJ,"31 PORTLAND ROAD, KILMARNOCK",01563 522118,,,,,,,SCOTLAND,scotland,ods_scottish_gp_practice,RO227,SCOTTISH GP PRACTICE,"RO227,RO76",https://directory.spineservices.nhs.uk/ORD/2-0-0/organisations/S80397,2022-12-09,10982,nhs_scotland_gp_practice_contact_details_and_list_sizes,https://www.opendata.nhs.scot/dataset/f23655c3-6e23-4103-a511-a80d998adb90/resource/ceddbf27-0686-4f4b-b9a2-0090d28c3864/download/practice_contact_details_20260101_opendata.csv,20260101,HOLMHEAD MEDICAL PRACTICE KA1 2DJ
PORTLAND MEDICAL PRACTICE,S80908,KA1 2DL,"34 PORTLAND ROAD, KILMARNOCK",01563 522411,,,,,,,SCOTLAND,scotland,ods_scottish_gp_practice,RO227,SCOTTISH GP PRACTICE,"RO227,RO76",https://directory.spineservices.nhs.uk/ORD/2-0-0/organisations/S80908,2022-12-09,10512,nhs_scotland_gp_practice_contact_details_and_list_sizes,https://www.opendata.nhs.scot/dataset/f23655c3-6e23-4103-a511-a80d998adb90/resource/ceddbf27-0686-4f4b-b9a2-0090d28c3864/download/practice_contact_details_20260101_opendata.csv,20260101,PORTLAND MEDICAL PRACTICE KA1 2DL
TEMPLEHILL SURGERY,S80607,KA10 6BQ,"23 TEMPLEHILL, TROON",01292 312012,,,,,,,SCOTLAND,scotland,ods_scottish_gp_practice,RO227,SCOTTISH GP PRACTICE,"RO227,RO76",https://directory.spineservices.nhs.uk/ORD/2-0-0/organisations/S80607,2022-12-09,10532,nhs_scotland_gp_practice_contact_details_and_list_sizes,https://www.opendata.nhs.scot/dataset/f23655c3-6e23-4103-a511-a80d998adb90/resource/ceddbf27-0686-4f4b-b9a2-0090d28c3864/download/practice_contact_details_20260101_opendata.csv,20260101,TEMPLEHILL SURGERY KA10 6BQ
PORTLAND SURGERY TROON,S80611,KA10 6QR,"1 DUKES ROAD, TROON",01292 312489,,,,,,,SCOTLAND,scotland,ods_scottish_gp_practice,RO227,SCOTTISH GP PRACTICE,"RO227,RO76",https://directory.spineservices.nhs.uk/ORD/2-0-0/organisations/S80611,2022-10-06,7950,nhs_scotland_gp_practice_contact_details_and_list_sizes,https://www.opendata.nhs.scot/dataset/f23655c3-6e23-4103-a511-a80d998adb90/resource/ceddbf27-0686-4f4b-b9a2-0090d28c3864/download/practice_contact_details_20260101_opendata.csv,20260101,PORTLAND SURGERY TROON KA10 6QR
BOURTREEHILL MEDICAL PRACTICE,S80306,KA11 1JU,"THE HEALTH CENTRE, CHEVIOT WAY, IRVINE",01294 211993,,,,,,,SCOTLAND,scotland,ods_scottish_gp_practice,RO227,SCOTTISH GP PRACTICE,"RO227,RO76",https://directory.spineservices.nhs.uk/ORD/2-0-0/organisations/S80306,2022-12-09,9148,nhs_scotland_gp_practice_contact_details_and_list_sizes,https://www.opendata.nhs.scot/dataset/f23655c3-6e23-4103-a511-a80d998adb90/resource/ceddbf27-0686-4f4b-b9a2-0090d28c3864/download/practice_contact_details_20260101_opendata.csv,20260101,BOURTREEHILL MEDICAL PRACTICE KA11 1JU
TOWNHEAD SURGERY,S80344,KA12 0AY,"6-8 HIGH STREET, IRVINE",01294 441441,,,,,,,SCOTLAND,scotland,ods_scottish_gp_practice,RO227,SCOTTISH GP PRACTICE,"RO227,RO76",https://directory.spineservices.nhs.uk/ORD/2-0-0/organisations/S80344,2022-12-09,12086,nhs_scotland_gp_practice_contact_details_and_list_sizes,https://www.opendata.nhs.scot/dataset/f23655c3-6e23-4103-a511-a80d998adb90/resource/ceddbf27-0686-4f4b-b9a2-0090d28c3864/download/practice_contact_details_20260101_opendata.csv,20260101,TOWNHEAD SURGERY KA12 0AY
AUCS IRVINE,S81084,KA12 8SS,"AYRSHIRE CENTRAL HOSPITAL, KILWINNING ROAD, IRVINE",01563 545545,,,,,,,SCOTLAND,scotland,ods_scottish_gp_practice,RO227,SCOTTISH GP PRACTICE,"RO227,RO76",https://directory.spineservices.nhs.uk/ORD/2-0-0/organisations/S81084,2023-05-16,,,,,AUCS IRVINE KA12 8SS
NORTH AYRSHIRE CHP PRACTICE,S80819,KA12 8SS,"AYRSHIRE CENTRAL HOSPITAL, KILWINNING ROAD, IRVINE",,,,,,,,SCOTLAND,scotland,ods_scottish_gp_practice,RO227,SCOTTISH GP PRACTICE,"RO227,RO72",https://directory.spineservices.nhs.uk/ORD/2-0-0/organisations/S80819,2022-08-18,,,,,NORTH AYRSHIRE CHP PRACTICE KA12 8SS
NORTH ENHANCED INTERMEDIATE CARE,S81027,KA12 8SS,"FIRST FLOOR HORSESHOE BUILDING, AYRSHIRE CENTRAL HOSPITAL, IRVINE",01294 400616,,,,,,,SCOTLAND,scotland,ods_scottish_gp_practice,RO227,SCOTTISH GP PRACTICE,"RO227,RO72",https://directory.spineservices.nhs.uk/ORD/2-0-0/organisations/S81027,2022-12-09,,,,,NORTH ENHANCED INTERMEDIATE CARE KA12 8SS
EGLINTON FAMILY PRACTICE,S80330,KA12 8TJ,"AYRSHIRE CENTRAL HOSPITAL, KILWINNING ROAD, IRVINE",01294 279178,,,,,,,SCOTLAND,scotland,ods_scottish_gp_practice,RO227,SCOTTISH GP PRACTICE,"RO227,RO76",https://directory.spineservices.nhs.uk/ORD/2-0-0/organisations/S80330,2022-10-06,6828,nhs_scotland_gp_practice_contact_details_and_list_sizes,https://www.opendata.nhs.scot/dataset/f23655c3-6e23-4103-a511-a80d998adb90/resource/ceddbf27-0686-4f4b-b9a2-0090d28c3864/download/practice_contact_details_20260101_opendata.csv,20260101,EGLINTON FAMILY PRACTICE KA12 8TJ
FREW TERRACE SURGERY,S80698,KA12 9DY,"9 FREW TERRACE, IRVINE",01294 272326,,,,,,,SCOTLAND,scotland,ods_scottish_gp_practice,RO227,SCOTTISH GP PRACTICE,"RO227,RO76",https://directory.spineservices.nhs.uk/ORD/2-0-0/organisations/S80698,2022-12-09,11596,nhs_scotland_gp_practice_contact_details_and_list_sizes,https://www.opendata.nhs.scot/dataset/f23655c3-6e23-4103-a511-a80d998adb90/resource/ceddbf27-0686-4f4b-b9a2-0090d28c3864/download/practice_contact_details_20260101_opendata.csv,20260101,FREW TERRACE SURGERY KA12 9DY
KILWINNING MEDICAL PRACTICE,S80753,KA13 6BL,"15 ALMSWALL ROAD, KILWINNING",01294 554591,,,,,,,SCOTLAND,scotland,ods_scottish_gp_practice,RO227,SCOTTISH GP PRACTICE,"RO227,RO76",https://directory.spineservices.nhs.uk/ORD/2-0-0/organisations/S80753,2022-12-09,12417,nhs_scotland_gp_practice_contact_details_and_list_sizes,https://www.opendata.nhs.scot/dataset/f23655c3-6e23-4103-a511-a80d998adb90/resource/ceddbf27-0686-4f4b-b9a2-0090d28c3864/download/practice_contact_details_20260101_opendata.csv,20260101,KILWINNING MEDICAL PRACTICE KA13 6BL
OXENWARD SURGERY,S80768,KA13 6EH,"3 OXENWARD ROAD, KILWINNING",01294 551555,,,,,,,SCOTLAND,scotland,ods_scottish_gp_practice,RO227,SCOTTISH GP PRACTICE,"RO227,RO76",https://directory.spineservices.nhs.uk/ORD/2-0-0/organisations/S80768,2022-12-09,4390,nhs_scotland_gp_practice_contact_details_and_list_sizes,https://www.opendata.nhs.scot/dataset/f23655c3-6e23-4103-a511-a80d998adb90/resource/ceddbf27-0686-4f4b-b9a2-0090d28c3864/download/practice_contact_details_20260101_opendata.csv,20260101,OXENWARD SURGERY KA13 6EH
BEITH HEALTH CENTRE GP PRACTICE,S80147,KA15 2AE,"BEITH HEALTH CENTRE, REFORM STREET, BEITH",01505 502888,,,,,,,SCOTLAND,scotland,ods_scottish_gp_practice,RO227,SCOTTISH GP PRACTICE,"RO227,RO76",https://directory.spineservices.nhs.uk/ORD/2-0-0/organisations/S80147,2022-08-18,5216,nhs_scotland_gp_practice_contact_details_and_list_sizes,https://www.opendata.nhs.scot/dataset/f23655c3-6e23-4103-a511-a80d998adb90/resource/ceddbf27-0686-4f4b-b9a2-0090d28c3864/download/practice_contact_details_20260101_opendata.csv,20260101,BEITH HEALTH CENTRE GP PRACTICE KA15 2AE
LOUDOUN MEDICAL PRACTICE,S80787,KA17 0HD,"LOCHORE TERRACE, DARVEL",01560 320205,,,,,,,SCOTLAND,scotland,ods_scottish_gp_practice,RO227,SCOTTISH GP PRACTICE,"RO227,RO76",https://directory.spineservices.nhs.uk/ORD/2-0-0/organisations/S80787,2022-12-09,7095,nhs_scotland_gp_practice_contact_details_and_list_sizes,https://www.opendata.nhs.scot/dataset/f23655c3-6e23-4103-a511-a80d998adb90/resource/ceddbf27-0686-4f4b-b9a2-0090d28c3864/download/practice_contact_details_20260101_opendata.csv,20260101,LOUDOUN MEDICAL PRACTICE KA17 0HD
TANYARD MEDICAL PRACTICE,S80171,KA18 1BF,"THE HEALTH CENTRE, 2 TANYARD, CUMNOCK",01290 421157,,,,,,,SCOTLAND,scotland,ods_scottish_gp_practice,RO227,SCOTTISH GP PRACTICE,"RO227,RO76",https://directory.spineservices.nhs.uk/ORD/2-0-0/organisations/S80171,2022-08-18,13605,nhs_scotland_gp_practice_contact_details_and_list_sizes,https://www.opendata.nhs.scot/dataset/f23655c3-6e23-4103-a511-a80d998adb90/resource/ceddbf27-0686-4f4b-b9a2-0090d28c3864/download/practice_contact_details_20260101_opendata.csv,20260101,TANYARD MEDICAL PRACTICE KA18 1BF
AUCHINLECK SURGERY,S80772,KA18 2AY,"THE HEALTH CENTRE, MAIN STREET, CUMNOCK",01290 424713,,,,,,,SCOTLAND,scotland,ods_scottish_gp_practice,RO227,SCOTTISH GP PRACTICE,"RO227,RO76",https://directory.spineservices.nhs.uk/ORD/2-0-0/organisations/S80772,2022-12-09,3408,nhs_scotland_gp_practice_contact_details_and_list_sizes,https://www.opendata.nhs.scot/dataset/f23655c3-6e23-4103-a511-a80d998adb90/resource/ceddbf27-0686-4f4b-b9a2-0090d28c3864/download/practice_contact_details_20260101_opendata.csv,20260101,AUCHINLECK SURGERY KA18 2AY
VALLEY MEDICAL PRACTICE,S80518,KA18 4BA,"67 AFTON BRIDGEND, NEW CUMNOCK, CUMNOCK",01290 338242,,,,,,,SCOTLAND,scotland,ods_scottish_gp_practice,RO227,SCOTTISH GP PRACTICE,"RO227,RO76",https://directory.spineservices.nhs.uk/ORD/2-0-0/organisations/S80518,2022-12-09,3777,nhs_scotland_gp_practice_contact_details_and_list_sizes,https://www.opendata.nhs.scot/dataset/f23655c3-6e23-4103-a511-a80d998adb90/resource/ceddbf27-0686-4f4b-b9a2-0090d28c3864/download/practice_contact_details_20260101_opendata.csv,20260101,VALLEY MEDICAL PRACTICE KA18 4BA
CARRICK MEDICAL PRACTICE,S80467,KA19 7BY,"THE SURGERY, THE HEALTH CENTRE, MAYBOLE",01655 882278,,,,,,,SCOTLAND,scotland,ods_scottish_gp_practice,RO227,SCOTTISH GP PRACTICE,"RO227,RO76",https://directory.spineservices.nhs.uk/ORD/2-0-0/organisations/S80467,2022-10-06,3343,nhs_scotland_gp_practice_contact_details_and_list_sizes,https://www.opendata.nhs.scot/dataset/f23655c3-6e23-4103-a511-a80d998adb90/resource/ceddbf27-0686-4f4b-b9a2-0090d28c3864/download/practice_contact_details_20260101_opendata.csv,20260101,CARRICK MEDICAL PRACTICE KA19 7BY
MAYBOLE MEDICAL PRACTICE,S80491,KA19 7BY,"THE SURGERY, THE HEALTH CENTRE, MAYBOLE",01655 882708,,,,,,,SCOTLAND,scotland,ods_scottish_gp_practice,RO227,SCOTTISH GP PRACTICE,"RO227,RO76",https://directory.spineservices.nhs.uk/ORD/2-0-0/organisations/S80491,2022-10-06,4303,nhs_scotland_gp_practice_contact_details_and_list_sizes,https://www.opendata.nhs.scot/dataset/f23655c3-6e23-4103-a511-a80d998adb90/resource/ceddbf27-0686-4f4b-b9a2-0090d28c3864/download/practice_contact_details_20260101_opendata.csv,20260101,MAYBOLE MEDICAL PRACTICE KA19 7BY
AUCS KILMARNOCK,S81101,KA2 0BB,"THE LISTER CENTRE, CROSSHOUSE HOSPITAL, KILMARNOCK",01563 545545,,,,,,,SCOTLAND,scotland,ods_scottish_gp_practice,RO227,SCOTTISH GP PRACTICE,"RO227,RO76",https://directory.spineservices.nhs.uk/ORD/2-0-0/organisations/S81101,2023-05-16,,,,,AUCS KILMARNOCK KA2 0BB
EAST AYRSHIRE CHP PRACTICE,S80823,KA2 0BE,"HOLMES ROAD, KILMARNOCK",,,,,,,,SCOTLAND,scotland,ods_scottish_gp_practice,RO227,SCOTTISH GP PRACTICE,"RO227,RO72",https://directory.spineservices.nhs.uk/ORD/2-0-0/organisations/S80823,2022-08-18,,,,,EAST AYRSHIRE CHP PRACTICE KA2 0BE
CROSSHOUSE MEDICAL PRACTICE,S80166,KA2 0LE,"ANNANDALE GARDENS, CROSSHOUSE, KILMARNOCK",01563 825200,,,,,,,SCOTLAND,scotland,ods_scottish_gp_practice,RO227,SCOTTISH GP PRACTICE,"RO227,RO76",https://directory.spineservices.nhs.uk/ORD/2-0-0/organisations/S80166,2023-01-16,3868,nhs_scotland_gp_practice_contact_details_and_list_sizes,https://www.opendata.nhs.scot/dataset/f23655c3-6e23-4103-a511-a80d998adb90/resource/ceddbf27-0686-4f4b-b9a2-0090d28c3864/download/practice_contact_details_20260101_opendata.csv,20260101,CROSSHOUSE MEDICAL PRACTICE KA2 0LE
DUNDONALD MEDICAL PRACTICE,S80255,KA2 9HF,"9 MAIN STREET, DUNDONALD, KILMARNOCK",01563 850496,,,,,,,SCOTLAND,scotland,ods_scottish_gp_practice,RO227,SCOTTISH GP PRACTICE,"RO227,RO76",https://directory.spineservices.nhs.uk/ORD/2-0-0/organisations/S80255,2022-12-09,5513,nhs_scotland_gp_practice_contact_details_and_list_sizes,https://www.opendata.nhs.scot/dataset/f23655c3-6e23-4103-a511-a80d998adb90/resource/ceddbf27-0686-4f4b-b9a2-0090d28c3864/download/practice_contact_details_20260101_opendata.csv,20260101,DUNDONALD MEDICAL PRACTICE KA2 9HF
AYRSHIRE MEDICAL GROUP,S81012,KA20 3AB,"THE HEALTH CENTRE, 20 MAIN STREET, STEVENSTON",01294 464141,,,,,,,SCOTLAND,scotland,ods_scottish_gp_practice,RO227,SCOTTISH GP PRACTICE,"RO227,RO76",https://directory.spineservices.nhs.uk/ORD/2-0-0/organisations/S81012,2022-11-18,12400,nhs_scotland_gp_practice_contact_details_and_list_sizes,https://www.opendata.nhs.scot/dataset/f23655c3-6e23-4103-a511-a80d998adb90/resource/ceddbf27-0686-4f4b-b9a2-0090d28c3864/download/practice_contact_details_20260101_opendata.csv,20260101,AYRSHIRE MEDICAL GROUP KA20 3AB
STEVENSTON GROUP PRACTICE,S80701,KA20 3AB,"THE HEALTH CENTRE, 20 MAIN STREET, STEVENSTON",01294 464413,,,,,,,SCOTLAND,scotland,ods_scottish_gp_practice,RO227,SCOTTISH GP PRACTICE,"RO227,RO76",https://directory.spineservices.nhs.uk/ORD/2-0-0/organisations/S80701,2022-10-06,4758,nhs_scotland_gp_practice_contact_details_and_list_sizes,https://www.opendata.nhs.scot/dataset/f23655c3-6e23-4103-a511-a80d998adb90/resource/ceddbf27-0686-4f4b-b9a2-0090d28c3864/download/practice_contact_details_20260101_opendata.csv,20260101,STEVENSTON GROUP PRACTICE KA20 3AB
SALTCOATS GROUP PRACTICE,S80556,KA21 5LX,"THE HEALTH CENTRE, 17-19 RAISE STREET, SALTCOATS",01294 605141,,,,,,,SCOTLAND,scotland,ods_scottish_gp_practice,RO227,SCOTTISH GP PRACTICE,"RO227,RO76",https://directory.spineservices.nhs.uk/ORD/2-0-0/organisations/S80556,2022-12-09,10184,nhs_scotland_gp_practice_contact_details_and_list_sizes,https://www.opendata.nhs.scot/dataset/f23655c3-6e23-4103-a511-a80d998adb90/resource/ceddbf27-0686-4f4b-b9a2-0090d28c3864/download/practice_contact_details_20260101_opendata.csv,20260101,SALTCOATS GROUP PRACTICE KA21 5LX
CENTRAL AVENUE SURGERY,S80010,KA22 7DX,"THE HEALTH CENTRE, 6 CENTRAL AVENUE, ARDROSSAN",01294 463838,,,,,,,SCOTLAND,scotland,ods_scottish_gp_practice,RO227,SCOTTISH GP PRACTICE,"RO227,RO76",https://directory.spineservices.nhs.uk/ORD/2-0-0/organisations/S80010,2022-08-18,4677,nhs_scotland_gp_practice_contact_details_and_list_sizes,https://www.opendata.nhs.scot/dataset/f23655c3-6e23-4103-a511-a80d998adb90/resource/ceddbf27-0686-4f4b-b9a2-0090d28c3864/download/practice_contact_details_20260101_opendata.csv,20260101,CENTRAL AVENUE SURGERY KA22 7DX
SOUTH BEACH MEDICAL CENTRE,S80005,KA22 8BS,"8 HARBOUR STREET, ARDROSSAN",01294 463011,,,,,,,SCOTLAND,scotland,ods_scottish_gp_practice,RO227,SCOTTISH GP PRACTICE,"RO227,RO76",https://directory.spineservices.nhs.uk/ORD/2-0-0/organisations/S80005,2022-12-09,8600,nhs_scotland_gp_practice_contact_details_and_list_sizes,https://www.opendata.nhs.scot/dataset/f23655c3-6e23-4103-a511-a80d998adb90/resource/ceddbf27-0686-4f4b-b9a2-0090d28c3864/download/practice_contact_details_20260101_opendata.csv,20260101,SOUTH BEACH MEDICAL CENTRE KA22 8BS
DALRY MEDICAL PRACTICE,S80217,KA24 4AF,"THE HEALTH CENTRE, 50 VENNEL STREET, DALRY",01294 832523,,,,,,,SCOTLAND,scotland,ods_scottish_gp_practice,RO227,SCOTTISH GP PRACTICE,"RO227,RO76",https://directory.spineservices.nhs.uk/ORD/2-0-0/organisations/S80217,2022-08-18,6047,nhs_scotland_gp_practice_contact_details_and_list_sizes,https://www.opendata.nhs.scot/dataset/f23655c3-6e23-4103-a511-a80d998adb90/resource/ceddbf27-0686-4f4b-b9a2-0090d28c3864/download/practice_contact_details_20260101_opendata.csv,20260101,DALRY MEDICAL PRACTICE KA24 4AF
KILBIRNIE MEDICAL PRACTICE,S80363,KA25 6HS,"KILBIRNIE HEALTH CENTRE, 2 KIRKLAND ROAD, KILBIRNIE",01505 683591,,,,,,,SCOTLAND,scotland,ods_scottish_gp_practice,RO227,SCOTTISH GP PRACTICE,"RO227,RO76",https://directory.spineservices.nhs.uk/ORD/2-0-0/organisations/S80363,2022-12-09,8102,nhs_scotland_gp_practice_contact_details_and_list_sizes,https://www.opendata.nhs.scot/dataset/f23655c3-6e23-4103-a511-a80d998adb90/resource/ceddbf27-0686-4f4b-b9a2-0090d28c3864/download/practice_contact_details_20260101_opendata.csv,20260101,KILBIRNIE MEDICAL PRACTICE KA25 6HS
BALLANTRAE MEDICAL PRACTICE,S80132,KA26 0NB,"30 MAIN STREET, BALLANTRAE, GIRVAN",01465 831302,,,,,,,SCOTLAND,scotland,ods_scottish_gp_practice,RO227,SCOTTISH GP PRACTICE,"RO227,RO76",https://directory.spineservices.nhs.uk/ORD/2-0-0/organisations/S80132,2022-12-09,1551,nhs_scotland_gp_practice_contact_details_and_list_sizes,https://www.opendata.nhs.scot/dataset/f23655c3-6e23-4103-a511-a80d998adb90/resource/ceddbf27-0686-4f4b-b9a2-0090d28c3864/download/practice_contact_details_20260101_opendata.csv,20260101,BALLANTRAE MEDICAL PRACTICE KA26 0NB
DR MCCULLOCH & PARTNERS,S80289,KA26 9HQ,"GIRVAN COMMUNITY HOSPITAL, BRIDGEMILL, GIRVAN",01465 712281,,,,,,,SCOTLAND,scotland,ods_scottish_gp_practice,RO227,SCOTTISH GP PRACTICE,"RO227,RO76",https://directory.spineservices.nhs.uk/ORD/2-0-0/organisations/S80289,2022-08-18,3500,nhs_scotland_gp_practice_contact_details_and_list_sizes,https://www.opendata.nhs.scot/dataset/f23655c3-6e23-4103-a511-a80d998adb90/resource/ceddbf27-0686-4f4b-b9a2-0090d28c3864/download/practice_contact_details_20260101_opendata.csv,20260101,DR MCCULLOCH & PARTNERS KA26 9HQ
GIRVAN RIVERSIDE MEDICAL PRACTICE,S80274,KA26 9HQ,"DRS MCMASTER, BROOKSBANK & MCKELVEY, GIRVAN COMMUNITY HOSPITAL, GIRVAN",01465 713343,,,,,,,SCOTLAND,scotland,ods_scottish_gp_practice,RO227,SCOTTISH GP PRACTICE,"RO227,RO76",https://directory.spineservices.nhs.uk/ORD/2-0-0/organisations/S80274,2022-12-09,4434,nhs_scotland_gp_practice_contact_details_and_list_sizes,https://www.opendata.nhs.scot/dataset/f23655c3-6e23-4103-a511-a80d998adb90/resource/ceddbf27-0686-4f4b-b9a2-0090d28c3864/download/practice_contact_details_20260101_opendata.csv,20260101,GIRVAN RIVERSIDE MEDICAL PRACTICE KA26 9HQ
DAILLY MEDICAL PRACTICE,S80185,KA26 9SH,"THE SURGERY, BACK ROAD, GIRVAN",01465 811224,,,,,,,SCOTLAND,scotland,ods_scottish_gp_practice,RO227,SCOTTISH GP PRACTICE,"RO227,RO76",https://directory.spineservices.nhs.uk/ORD/2-0-0/organisations/S80185,2022-12-09,1335,nhs_scotland_gp_practice_contact_details_and_list_sizes,https://www.opendata.nhs.scot/dataset/f23655c3-6e23-4103-a511-a80d998adb90/resource/ceddbf27-0686-4f4b-b9a2-0090d28c3864/download/practice_contact_details_20260101_opendata.csv,20260101,DAILLY MEDICAL PRACTICE KA26 9SH
AUCS ARRAN,S81135,KA27 8LF,"ARRAN WAR MEMORIAL HOSPITAL, LAMLASH",01563 545545,,,,,,,SCOTLAND,scotland,ods_scottish_gp_practice,RO227,SCOTTISH GP PRACTICE,"RO227,RO76",https://directory.spineservices.nhs.uk/ORD/2-0-0/organisations/S81135,2023-05-16,,,,,AUCS ARRAN KA27 8LF
ARRAN MEDICAL GROUP,S80927,KA27 8NS,"MURRAY CRESCENT, LAMLASH",01770 600516,,,,,,,SCOTLAND,scotland,ods_scottish_gp_practice,RO227,SCOTTISH GP PRACTICE,"RO227,RO76",https://directory.spineservices.nhs.uk/ORD/2-0-0/organisations/S80927,2022-12-09,5101,nhs_scotland_gp_practice_contact_details_and_list_sizes,https://www.opendata.nhs.scot/dataset/f23655c3-6e23-4103-a511-a80d998adb90/resource/ceddbf27-0686-4f4b-b9a2-0090d28c3864/download/practice_contact_details_20260101_opendata.csv,20260101,ARRAN MEDICAL GROUP KA27 8NS
CUMBRAE MEDICAL PRACTICE,S80679,KA28 0DE,"GARRISON HOUSE, COLLEGE STREET, MILLPORT",01475 531400,,,,,,,SCOTLAND,scotland,ods_scottish_gp_practice,RO227,SCOTTISH GP PRACTICE,"RO227,RO76",https://directory.spineservices.nhs.uk/ORD/2-0-0/organisations/S80679,2022-11-18,1248,nhs_scotland_gp_practice_contact_details_and_list_sizes,https://www.opendata.nhs.scot/dataset/f23655c3-6e23-4103-a511-a80d998adb90/resource/ceddbf27-0686-4f4b-b9a2-0090d28c3864/download/practice_contact_details_20260101_opendata.csv,20260101,CUMBRAE MEDICAL PRACTICE KA28 0DE
STEWARTON MEDICAL PRACTICE,S80594,KA3 5BP,"HEALTH CENTRE, HIGH STREET, KILMARNOCK",01560 482011,,,,,,,SCOTLAND,scotland,ods_scottish_gp_practice,RO227,SCOTTISH GP PRACTICE,"RO227,RO76",https://directory.spineservices.nhs.uk/ORD/2-0-0/organisations/S80594,2022-12-09,11171,nhs_scotland_gp_practice_contact_details_and_list_sizes,https://www.opendata.nhs.scot/dataset/f23655c3-6e23-4103-a511-a80d998adb90/resource/ceddbf27-0686-4f4b-b9a2-0090d28c3864/download/practice_contact_details_20260101_opendata.csv,20260101,STEWARTON MEDICAL PRACTICE KA3 5BP
MARNOCK MEDICAL GROUP,S80378,KA3 7AE,"12 LONDON ROAD, KILMARNOCK",01563 523593,,,,,,,SCOTLAND,scotland,ods_scottish_gp_practice,RO227,SCOTTISH GP PRACTICE,"RO227,RO76",https://directory.spineservices.nhs.uk/ORD/2-0-0/organisations/S80378,2022-12-09,18755,nhs_scotland_gp_practice_contact_details_and_list_sizes,https://www.opendata.nhs.scot/dataset/f23655c3-6e23-4103-a511-a80d998adb90/resource/ceddbf27-0686-4f4b-b9a2-0090d28c3864/download/practice_contact_details_20260101_opendata.csv,20260101,MARNOCK MEDICAL GROUP KA3 7AE
LARGS MEDICAL GROUP,S80857,KA30 8LH,"BROOKSBY MEDICAL & RESOURCE CENTRE, 31 BRISBANE ROAD, LARGS",01475 674545,,,,,,,SCOTLAND,scotland,ods_scottish_gp_practice,RO227,SCOTTISH GP PRACTICE,"RO227,RO76",https://directory.spineservices.nhs.uk/ORD/2-0-0/organisations/S80857,2022-08-18,13414,nhs_scotland_gp_practice_contact_details_and_list_sizes,https://www.opendata.nhs.scot/dataset/f23655c3-6e23-4103-a511-a80d998adb90/resource/ceddbf27-0686-4f4b-b9a2-0090d28c3864/download/practice_contact_details_20260101_opendata.csv,20260101,LARGS MEDICAL GROUP KA30 8LH
BALLOCHMYLE MEDICAL GROUP,S80749,KA5 6RU,"THE CLINIC, INSTITUTE AVENUE, MAUCHLINE",01290 456001,,,,,,,SCOTLAND,scotland,ods_scottish_gp_practice,RO227,SCOTTISH GP PRACTICE,"RO227,RO76",https://directory.spineservices.nhs.uk/ORD/2-0-0/organisations/S80749,2022-12-09,8576,nhs_scotland_gp_practice_contact_details_and_list_sizes,https://www.opendata.nhs.scot/dataset/f23655c3-6e23-4103-a511-a80d998adb90/resource/ceddbf27-0686-4f4b-b9a2-0090d28c3864/download/practice_contact_details_20260101_opendata.csv,20260101,BALLOCHMYLE MEDICAL GROUP KA5 6RU
A&A POLICE CUSTODY SUITES,S80965,KA6 6AB,"AILSA HOSPITAL, DALMELLINGTON ROAD, AYR",,,,,,,,SCOTLAND,scotland,ods_scottish_gp_practice,RO227,SCOTTISH GP PRACTICE,"RO227,RO76",https://directory.spineservices.nhs.uk/ORD/2-0-0/organisations/S80965,2024-11-15,,,,,A&A POLICE CUSTODY SUITES KA6 6AB
CHALLENGING BEHAVIOUR SERVICE,S80861,KA6 6AB,"PRIMARY CARE STORE, CASSILLIS HOUSE, AYR",,,,,,,,SCOTLAND,scotland,ods_scottish_gp_practice,RO227,SCOTTISH GP PRACTICE,"RO227,RO76",https://directory.spineservices.nhs.uk/ORD/2-0-0/organisations/S80861,2024-11-15,33,nhs_scotland_gp_practice_contact_details_and_list_sizes,https://www.opendata.nhs.scot/dataset/f23655c3-6e23-4103-a511-a80d998adb90/resource/ceddbf27-0686-4f4b-b9a2-0090d28c3864/download/practice_contact_details_20260101_opendata.csv,20260101,CHALLENGING BEHAVIOUR SERVICE KA6 6AB
AUCS AYR,S81051,KA6 6DX,"AYR HOSPITAL, DALMELLINGTON ROAD, AYR",01563 545545,,,,,,,SCOTLAND,scotland,ods_scottish_gp_practice,RO227,SCOTTISH GP PRACTICE,"RO227,RO76",https://directory.spineservices.nhs.uk/ORD/2-0-0/organisations/S81051,2023-05-16,,,,,AUCS AYR KA6 6DX
TAIGLUM MEDICAL PRACTICE,S80720,KA6 7AY,"DRONGAN RESOURCE CENTRE, MILL OF SHIELD ROAD, AYR",01292 591345,,,,,,,SCOTLAND,scotland,ods_scottish_gp_practice,RO227,SCOTTISH GP PRACTICE,"RO227,RO76",https://directory.spineservices.nhs.uk/ORD/2-0-0/organisations/S80720,2022-12-09,9018,nhs_scotland_gp_practice_contact_details_and_list_sizes,https://www.opendata.nhs.scot/dataset/f23655c3-6e23-4103-a511-a80d998adb90/resource/ceddbf27-0686-4f4b-b9a2-0090d28c3864/download/practice_contact_details_20260101_opendata.csv,20260101,TAIGLUM MEDICAL PRACTICE KA6 7AY
RIVERSIDE MEDICAL PRACTICE,S80522,KA6 7LX,"1 DOONSIDE AVENUE, PATNA, AYR",01292 532500,,,,,,,SCOTLAND,scotland,ods_scottish_gp_practice,RO227,SCOTTISH GP PRACTICE,"RO227,RO76",https://directory.spineservices.nhs.uk/ORD/2-0-0/organisations/S80522,2022-12-09,4136,nhs_scotland_gp_practice_contact_details_and_list_sizes,https://www.opendata.nhs.scot/dataset/f23655c3-6e23-4103-a511-a80d998adb90/resource/ceddbf27-0686-4f4b-b9a2-0090d28c3864/download/practice_contact_details_20260101_opendata.csv,20260101,RIVERSIDE MEDICAL PRACTICE KA6 7LX
DALMELLINGTON HEALTH CENTRE,S80202,KA6 7QL,"33 MAIN STREET, DALMELLINGTON, AYR",01292 550238,,,,,,,SCOTLAND,scotland,ods_scottish_gp_practice,RO227,SCOTTISH GP PRACTICE,"RO227,RO76",https://directory.spineservices.nhs.uk/ORD/2-0-0/organisations/S80202,2023-09-14,3601,nhs_scotland_gp_practice_contact_details_and_list_sizes,https://www.opendata.nhs.scot/dataset/f23655c3-6e23-4103-a511-a80d998adb90/resource/ceddbf27-0686-4f4b-b9a2-0090d28c3864/download/practice_contact_details_20260101_opendata.csv,20260101,DALMELLINGTON HEALTH CENTRE KA6 7QL
CATHCART STREET MEDICAL PRACTICE,S80109,KA7 1BJ,"8 CATHCART STREET, AYR",01292 264051,,,,,,,SCOTLAND,scotland,ods_scottish_gp_practice,RO227,SCOTTISH GP PRACTICE,"RO227,RO76",https://directory.spineservices.nhs.uk/ORD/2-0-0/organisations/S80109,2024-02-19,7628,nhs_scotland_gp_practice_contact_details_and_list_sizes,https://www.opendata.nhs.scot/dataset/f23655c3-6e23-4103-a511-a80d998adb90/resource/ceddbf27-0686-4f4b-b9a2-0090d28c3864/download/practice_contact_details_20260101_opendata.csv,20260101,CATHCART STREET MEDICAL PRACTICE KA7 1BJ
BARNS MEDICAL PRACTICE,S80081,KA7 1UL,"40 DALBLAIR ROAD, AYR",01292 281439,,,,,,,SCOTLAND,scotland,ods_scottish_gp_practice,RO227,SCOTTISH GP PRACTICE,"RO227,RO76",https://directory.spineservices.nhs.uk/ORD/2-0-0/organisations/S80081,2022-12-09,10678,nhs_scotland_gp_practice_contact_details_and_list_sizes,https://www.opendata.nhs.scot/dataset/f23655c3-6e23-4103-a511-a80d998adb90/resource/ceddbf27-0686-4f4b-b9a2-0090d28c3864/download/practice_contact_details_20260101_opendata.csv,20260101,BARNS MEDICAL PRACTICE KA7 1UL
THE FULLARTON MEDICAL PRACTICE,S80113,KA7 1UL,"40 DALBLAIR ROAD, AYR",01292 264260,,,,,,,SCOTLAND,scotland,ods_scottish_gp_practice,RO227,SCOTTISH GP PRACTICE,"RO227,RO76",https://directory.spineservices.nhs.uk/ORD/2-0-0/organisations/S80113,2022-12-09,8453,nhs_scotland_gp_practice_contact_details_and_list_sizes,https://www.opendata.nhs.scot/dataset/f23655c3-6e23-4103-a511-a80d998adb90/resource/ceddbf27-0686-4f4b-b9a2-0090d28c3864/download/practice_contact_details_20260101_opendata.csv,20260101,THE FULLARTON MEDICAL PRACTICE KA7 1UL
DALBLAIR MEDICAL PRACTICE,S80077,KA7 1UQ,"56 DALBLAIR ROAD, AYR",01292 267432,,,,,,,SCOTLAND,scotland,ods_scottish_gp_practice,RO227,SCOTTISH GP PRACTICE,"RO227,RO76",https://directory.spineservices.nhs.uk/ORD/2-0-0/organisations/S80077,2022-12-09,2305,nhs_scotland_gp_practice_contact_details_and_list_sizes,https://www.opendata.nhs.scot/dataset/f23655c3-6e23-4103-a511-a80d998adb90/resource/ceddbf27-0686-4f4b-b9a2-0090d28c3864/download/practice_contact_details_20260101_opendata.csv,20260101,DALBLAIR MEDICAL PRACTICE KA7 1UQ
THE SURGERY,S80062,KA7 2AQ,"9 ALLOWAY PLACE, AYR",01292 611835,,,,,,,SCOTLAND,scotland,ods_scottish_gp_practice,RO227,SCOTTISH GP PRACTICE,"RO227,RO76",https://directory.spineservices.nhs.uk/ORD/2-0-0/organisations/S80062,2022-12-09,5200,nhs_scotland_gp_practice_contact_details_and_list_sizes,https://www.opendata.nhs.scot/dataset/f23655c3-6e23-4103-a511-a80d998adb90/resource/ceddbf27-0686-4f4b-b9a2-0090d28c3864/download/practice_contact_details_20260101_opendata.csv,20260101,THE SURGERY KA7 2AQ
RACECOURSE ROAD MEDICAL GROUP,S80096,KA7 2DF,"3 RACECOURSE ROAD, AYR",01292 886622,,,,,,,SCOTLAND,scotland,ods_scottish_gp_practice,RO227,SCOTTISH GP PRACTICE,"RO227,RO76",https://directory.spineservices.nhs.uk/ORD/2-0-0/organisations/S80096,2022-12-09,8217,nhs_scotland_gp_practice_contact_details_and_list_sizes,https://www.opendata.nhs.scot/dataset/f23655c3-6e23-4103-a511-a80d998adb90/resource/ceddbf27-0686-4f4b-b9a2-0090d28c3864/download/practice_contact_details_20260101_opendata.csv,20260101,RACECOURSE ROAD MEDICAL GROUP KA7 2DF
BANKFIELD MEDICAL PRACTICE,S80842,KA7 3PR,"148 DALMELLINGTON ROAD, AYR",01292 264080,,,,,,,SCOTLAND,scotland,ods_scottish_gp_practice,RO227,SCOTTISH GP PRACTICE,"RO227,RO76",https://directory.spineservices.nhs.uk/ORD/2-0-0/organisations/S80842,2022-12-09,5971,nhs_scotland_gp_practice_contact_details_and_list_sizes,https://www.opendata.nhs.scot/dataset/f23655c3-6e23-4103-a511-a80d998adb90/resource/ceddbf27-0686-4f4b-b9a2-0090d28c3864/download/practice_contact_details_20260101_opendata.csv,20260101,BANKFIELD MEDICAL PRACTICE KA7 3PR
TAM'S BRIG SURGERY,S80058,KA8 8DD,"107 NEW ROAD, AYR",01292 262697,,,,,,,SCOTLAND,scotland,ods_scottish_gp_practice,RO227,SCOTTISH GP PRACTICE,"RO227,RO76",https://directory.spineservices.nhs.uk/ORD/2-0-0/organisations/S80058,2022-12-09,7723,nhs_scotland_gp_practice_contact_details_and_list_sizes,https://www.opendata.nhs.scot/dataset/f23655c3-6e23-4103-a511-a80d998adb90/resource/ceddbf27-0686-4f4b-b9a2-0090d28c3864/download/practice_contact_details_20260101_opendata.csv,20260101,TAM'S BRIG SURGERY KA8 8DD
SOUTH AYRSHIRE CHP PRACTICE,S80804,KA8 9DU,"HEATHFIELD ROAD, AYR",01292 513821,,,,,,,SCOTLAND,scotland,ods_scottish_gp_practice,RO227,SCOTTISH GP PRACTICE,"RO227,RO72",https://directory.spineservices.nhs.uk/ORD/2-0-0/organisations/S80804,2022-11-18,,,,,SOUTH AYRSHIRE CHP PRACTICE KA8 9DU
STATION ROAD MEDICAL PRACTICE,S80537,KA9 1AQ,"2 STATION ROAD, PRESTWICK",01292 671444,,,,,,,SCOTLAND,scotland,ods_scottish_gp_practice,RO227,SCOTTISH GP PRACTICE,"RO227,RO76",https://directory.spineservices.nhs.uk/ORD/2-0-0/organisations/S80537,2022-12-09,10399,nhs_scotland_gp_practice_contact_details_and_list_sizes,https://www.opendata.nhs.scot/dataset/f23655c3-6e23-4103-a511-a80d998adb90/resource/ceddbf27-0686-4f4b-b9a2-0090d28c3864/download/practice_contact_details_20260101_opendata.csv,20260101,STATION ROAD MEDICAL PRACTICE KA9 1AQ
KIRKHALL SURGERY,S80541,KA9 1AW,"4 ALEXANDRA AVENUE, PRESTWICK",01292 476626,,,,,,,SCOTLAND,scotland,ods_scottish_gp_practice,RO227,SCOTTISH GP PRACTICE,"RO227,RO76",https://directory.spineservices.nhs.uk/ORD/2-0-0/organisations/S80541,2022-12-09,7044,nhs_scotland_gp_practice_contact_details_and_list_sizes,https://www.opendata.nhs.scot/dataset/f23655c3-6e23-4103-a511-a80d998adb90/resource/ceddbf27-0686-4f4b-b9a2-0090d28c3864/download/practice_contact_details_20260101_opendata.csv,20260101,KIRKHALL SURGERY KA9 1AW
ENHANCED INTERMEDIATE CARE TEAM,S81031,KA9 2HQ,"UPPER FLOOR, BIGGART HOSPITAL, PRESTWICK",01292 660444,,,,,,,SCOTLAND,scotland,ods_scottish_gp_practice,RO227,SCOTTISH GP PRACTICE,"RO227,RO72",https://directory.spineservices.nhs.uk/ORD/2-0-0/organisations/S81031,2022-11-18,,,,,ENHANCED INTERMEDIATE CARE TEAM KA9 2HQ
HMS GANNET MEDICAL CENTRE,S80931,KA9 2RZ,"MONKTON, PRESTWICK AIRPORT, PRESTWICK",01413 001365,,,,,,,SCOTLAND,scotland,ods_scottish_gp_practice,RO227,SCOTTISH GP PRACTICE,"RO227,RO72",https://directory.spineservices.nhs.uk/ORD/2-0-0/organisations/S80931,2022-12-09,,,,,HMS GANNET MEDICAL CENTRE KA9 2RZ
THE PEARSON PRACTICE,S55145,KW1 5EL,"WICK MEDICAL CENTRE, MARTHA TERRACE, WICK",01955 605885,,,,,,,SCOTLAND,scotland,ods_scottish_gp_practice,RO227,SCOTTISH GP PRACTICE,"RO227,RO76",https://directory.spineservices.nhs.uk/ORD/2-0-0/organisations/S55145,2022-08-18,2693,nhs_scotland_gp_practice_contact_details_and_list_sizes,https://www.opendata.nhs.scot/dataset/f23655c3-6e23-4103-a511-a80d998adb90/resource/ceddbf27-0686-4f4b-b9a2-0090d28c3864/download/practice_contact_details_20260101_opendata.csv,20260101,THE PEARSON PRACTICE KW1 5EL
NORTH HIGHLAND CHP OOH,S59950,KW1 5NS,"CAITHNESS GENERAL HOSPITAL, CLIFF ROAD, WICK",,,,,,,,SCOTLAND,scotland,ods_scottish_gp_practice,RO227,SCOTTISH GP PRACTICE,"RO227,RO76",https://directory.spineservices.nhs.uk/ORD/2-0-0/organisations/S59950,2022-08-18,,,,,NORTH HIGHLAND CHP OOH KW1 5NS
GOLSPIE MEDICAL PRACTICE,S55220,KW10 6TH,"GOLSPIE HEALTH CENTRE, FOUNTAIN ROAD, GOLSPIE",01408 633221,,,,,,,SCOTLAND,scotland,ods_scottish_gp_practice,RO227,SCOTTISH GP PRACTICE,"RO227,RO76",https://directory.spineservices.nhs.uk/ORD/2-0-0/organisations/S55220,2022-08-18,1998,nhs_scotland_gp_practice_contact_details_and_list_sizes,https://www.opendata.nhs.scot/dataset/f23655c3-6e23-4103-a511-a80d998adb90/resource/ceddbf27-0686-4f4b-b9a2-0090d28c3864/download/practice_contact_details_20260101_opendata.csv,20260101,GOLSPIE MEDICAL PRACTICE KW10 6TH
THREE HARBOURS MEDICAL GROUP,S55323,KW14 7AR,"JANET STREET, THURSO",01847 892027,,,,,,,SCOTLAND,scotland,ods_scottish_gp_practice,RO227,SCOTTISH GP PRACTICE,"RO227,RO76",https://directory.spineservices.nhs.uk/ORD/2-0-0/organisations/S55323,2025-08-26,13484,nhs_scotland_gp_practice_contact_details_and_list_sizes,https://www.opendata.nhs.scot/dataset/f23655c3-6e23-4103-a511-a80d998adb90/resource/ceddbf27-0686-4f4b-b9a2-0090d28c3864/download/practice_contact_details_20260101_opendata.csv,20260101,THREE HARBOURS MEDICAL GROUP KW14 7AR
THURSO & HALKIRK MEDICAL PRACTICE,S55003,KW14 7DJ,"69 PRINCES STREET, THURSO",01847 895986,,,,,,,SCOTLAND,scotland,ods_scottish_gp_practice,RO227,SCOTTISH GP PRACTICE,"RO227,RO76",https://directory.spineservices.nhs.uk/ORD/2-0-0/organisations/S55003,2023-01-13,6199,nhs_scotland_gp_practice_contact_details_and_list_sizes,https://www.opendata.nhs.scot/dataset/f23655c3-6e23-4103-a511-a80d998adb90/resource/ceddbf27-0686-4f4b-b9a2-0090d28c3864/download/practice_contact_details_20260101_opendata.csv,20260101,THURSO & HALKIRK MEDICAL PRACTICE KW14 7DJ
ARMADALE MEDICAL PRACTICE,S55183,KW14 7SA,"ARMADALE, THURSO",01641 541212,,,,,,,SCOTLAND,scotland,ods_scottish_gp_practice,RO227,SCOTTISH GP PRACTICE,"RO227,RO76",https://directory.spineservices.nhs.uk/ORD/2-0-0/organisations/S55183,2023-01-13,937,nhs_scotland_gp_practice_contact_details_and_list_sizes,https://www.opendata.nhs.scot/dataset/f23655c3-6e23-4103-a511-a80d998adb90/resource/ceddbf27-0686-4f4b-b9a2-0090d28c3864/download/practice_contact_details_20260101_opendata.csv,20260101,ARMADALE MEDICAL PRACTICE KW14 7SA
CANISBAY & CASTLETOWN JOINT MEDICAL PRACTICE,S55080,KW14 8TY,"MURRAYFIELD, CASTLETOWN, THURSO",01847 821205,,,,,,,SCOTLAND,scotland,ods_scottish_gp_practice,RO227,SCOTTISH GP PRACTICE,"RO227,RO76",https://directory.spineservices.nhs.uk/ORD/2-0-0/organisations/S55080,2023-01-13,2671,nhs_scotland_gp_practice_contact_details_and_list_sizes,https://www.opendata.nhs.scot/dataset/f23655c3-6e23-4103-a511-a80d998adb90/resource/ceddbf27-0686-4f4b-b9a2-0090d28c3864/download/practice_contact_details_20260101_opendata.csv,20260101,CANISBAY & CASTLETOWN JOINT MEDICAL PRACTICE KW14 8TY
HEILENDI PRACTICE,S38205,KW15 1NZ,"THE BALFOUR, FORELAND ROAD, KIRKWALL",01856 888270,,,,,,,SCOTLAND,scotland,ods_scottish_gp_practice,RO227,SCOTTISH GP PRACTICE,"RO227,RO76",https://directory.spineservices.nhs.uk/ORD/2-0-0/organisations/S38205,2024-08-23,4014,nhs_scotland_gp_practice_contact_details_and_list_sizes,https://www.opendata.nhs.scot/dataset/f23655c3-6e23-4103-a511-a80d998adb90/resource/ceddbf27-0686-4f4b-b9a2-0090d28c3864/download/practice_contact_details_20260101_opendata.csv,20260101,HEILENDI PRACTICE KW15 1NZ
ORCADES PRACTICE,S38239,KW15 1NZ,"THE BALFOUR, FORELAND ROAD, KIRKWALL",01856 888022,,,,,,,SCOTLAND,scotland,ods_scottish_gp_practice,RO227,SCOTTISH GP PRACTICE,"RO227,RO76",https://directory.spineservices.nhs.uk/ORD/2-0-0/organisations/S38239,2022-11-18,1936,nhs_scotland_gp_practice_contact_details_and_list_sizes,https://www.opendata.nhs.scot/dataset/f23655c3-6e23-4103-a511-a80d998adb90/resource/ceddbf27-0686-4f4b-b9a2-0090d28c3864/download/practice_contact_details_20260101_opendata.csv,20260101,ORCADES PRACTICE KW15 1NZ
ORKNEY OOH SERVICE,S38243,KW15 1NZ,"THE BALFOUR, FORELAND ROAD, KIRKWALL",01856 888066,,,,,,,SCOTLAND,scotland,ods_scottish_gp_practice,RO227,SCOTTISH GP PRACTICE,"RO227,RO76",https://directory.spineservices.nhs.uk/ORD/2-0-0/organisations/S38243,2023-05-16,,,,,ORKNEY OOH SERVICE KW15 1NZ
SKERRYVORE PRACTICE,S38012,KW15 1NZ,"THE BALFOUR, FORELAND ROAD, KIRKWALL",01856 888240,,,,,,,SCOTLAND,scotland,ods_scottish_gp_practice,RO227,SCOTTISH GP PRACTICE,"RO227,RO76",https://directory.spineservices.nhs.uk/ORD/2-0-0/organisations/S38012,2023-01-13,8642,nhs_scotland_gp_practice_contact_details_and_list_sizes,https://www.opendata.nhs.scot/dataset/f23655c3-6e23-4103-a511-a80d998adb90/resource/ceddbf27-0686-4f4b-b9a2-0090d28c3864/download/practice_contact_details_20260101_opendata.csv,20260101,SKERRYVORE PRACTICE KW15 1NZ
STROMNESS SURGERY,S38027,KW16 3AD,"JOHN STREET, STROMNESS",01856 850205,,,,,,,SCOTLAND,scotland,ods_scottish_gp_practice,RO227,SCOTTISH GP PRACTICE,"RO227,RO76",https://directory.spineservices.nhs.uk/ORD/2-0-0/organisations/S38027,2023-01-13,3109,nhs_scotland_gp_practice_contact_details_and_list_sizes,https://www.opendata.nhs.scot/dataset/f23655c3-6e23-4103-a511-a80d998adb90/resource/ceddbf27-0686-4f4b-b9a2-0090d28c3864/download/practice_contact_details_20260101_opendata.csv,20260101,STROMNESS SURGERY KW16 3AD
DOUNBY SURGERY,S38210,KW17 2HH,"VETQUOY ROAD, DOUNBY",01856 771209,,,,,,,SCOTLAND,scotland,ods_scottish_gp_practice,RO227,SCOTTISH GP PRACTICE,"RO227,RO76",https://directory.spineservices.nhs.uk/ORD/2-0-0/organisations/S38210,2023-01-13,2837,nhs_scotland_gp_practice_contact_details_and_list_sizes,https://www.opendata.nhs.scot/dataset/f23655c3-6e23-4103-a511-a80d998adb90/resource/ceddbf27-0686-4f4b-b9a2-0090d28c3864/download/practice_contact_details_20260101_opendata.csv,20260101,DOUNBY SURGERY KW17 2HH
NORSEPHARM,S38262,KW17 2HT,"DOUNBY PHARMACY, VETQUOY ROAD, DOUNBY",01856 771550,,,,,,,SCOTLAND,scotland,ods_scottish_gp_practice,RO227,SCOTTISH GP PRACTICE,"RO227,RO76",https://directory.spineservices.nhs.uk/ORD/2-0-0/organisations/S38262,2025-06-24,,,,,NORSEPHARM KW17 2HT
ISLANDS VIEW SURGERY,S38084,KW17 2PU,"ROUSAY, ORKNEY",01856 821265,,,,,,,SCOTLAND,scotland,ods_scottish_gp_practice,RO227,SCOTTISH GP PRACTICE,"RO227,RO76",https://directory.spineservices.nhs.uk/ORD/2-0-0/organisations/S38084,2022-08-18,253,nhs_scotland_gp_practice_contact_details_and_list_sizes,https://www.opendata.nhs.scot/dataset/f23655c3-6e23-4103-a511-a80d998adb90/resource/ceddbf27-0686-4f4b-b9a2-0090d28c3864/download/practice_contact_details_20260101_opendata.csv,20260101,ISLANDS VIEW SURGERY KW17 2PU
DUNBEATH SURGERY,S55075,KW6 6EZ,"ACHORN ROAD, DUNBEATH",01593 731205,,,,,,,SCOTLAND,scotland,ods_scottish_gp_practice,RO227,SCOTTISH GP PRACTICE,"RO227,RO76",https://directory.spineservices.nhs.uk/ORD/2-0-0/organisations/S55075,2023-01-13,696,nhs_scotland_gp_practice_contact_details_and_list_sizes,https://www.opendata.nhs.scot/dataset/f23655c3-6e23-4103-a511-a80d998adb90/resource/ceddbf27-0686-4f4b-b9a2-0090d28c3864/download/practice_contact_details_20260101_opendata.csv,20260101,DUNBEATH SURGERY KW6 6EZ
HELMSDALE/BRORA MED PRACTICE,S55287,KW9 6QJ,"BRORA HEALTH CENTRE, STATION SQUARE, BRORA",01431 821225,,,,,,,SCOTLAND,scotland,ods_scottish_gp_practice,RO227,SCOTTISH GP PRACTICE,"RO227,RO76",https://directory.spineservices.nhs.uk/ORD/2-0-0/organisations/S55287,2022-08-18,2546,nhs_scotland_gp_practice_contact_details_and_list_sizes,https://www.opendata.nhs.scot/dataset/f23655c3-6e23-4103-a511-a80d998adb90/resource/ceddbf27-0686-4f4b-b9a2-0090d28c3864/download/practice_contact_details_20260101_opendata.csv,20260101,HELMSDALE/BRORA MED PRACTICE KW9 6QJ
ST BRYCEDALE SURGERY,S20983,KY1 1ER,"ST BRYCEDALE ROAD, KIRKCALDY",01592 640800,,,,,,,SCOTLAND,scotland,ods_scottish_gp_practice,RO227,SCOTTISH GP PRACTICE,"RO227,RO76",https://directory.spineservices.nhs.uk/ORD/2-0-0/organisations/S20983,2023-01-16,7577,nhs_scotland_gp_practice_contact_details_and_list_sizes,https://www.opendata.nhs.scot/dataset/f23655c3-6e23-4103-a511-a80d998adb90/resource/ceddbf27-0686-4f4b-b9a2-0090d28c3864/download/practice_contact_details_20260101_opendata.csv,20260101,ST BRYCEDALE SURGERY KY1 1ER
"DR EGERTON, & PARTNERS",S21007,KY1 2NA,"KIRKCALDY HEALTH CENTRE, WHYTEMAN'S BRAE, KIRKCALDY",01592 642178,,,,,,,SCOTLAND,scotland,ods_scottish_gp_practice,RO227,SCOTTISH GP PRACTICE,"RO227,RO76",https://directory.spineservices.nhs.uk/ORD/2-0-0/organisations/S21007,2025-05-16,8095,nhs_scotland_gp_practice_contact_details_and_list_sizes,https://www.opendata.nhs.scot/dataset/f23655c3-6e23-4103-a511-a80d998adb90/resource/ceddbf27-0686-4f4b-b9a2-0090d28c3864/download/practice_contact_details_20260101_opendata.csv,20260101,"DR EGERTON, & PARTNERS KY1 2NA"
DRS FORDYCE & PARISH,S21011,KY1 2NA,"KIRKCALDY HEALTH CENTRE, WHYTEMAN'S BRAE, KIRKCALDY",01592 641203,,,,,,,SCOTLAND,scotland,ods_scottish_gp_practice,RO227,SCOTTISH GP PRACTICE,"RO227,RO76",https://directory.spineservices.nhs.uk/ORD/2-0-0/organisations/S21011,2024-08-23,6721,nhs_scotland_gp_practice_contact_details_and_list_sizes,https://www.opendata.nhs.scot/dataset/f23655c3-6e23-4103-a511-a80d998adb90/resource/ceddbf27-0686-4f4b-b9a2-0090d28c3864/download/practice_contact_details_20260101_opendata.csv,20260101,DRS FORDYCE & PARISH KY1 2NA
"DRS MCKENNA, MURPHY & BRODIE",S20964,KY1 2NA,"KIRKCALDY HEALTH CENTRE, WHYTEMAN'S BRAE, KIRKCALDY",01592 642902,,,,,,,SCOTLAND,scotland,ods_scottish_gp_practice,RO227,SCOTTISH GP PRACTICE,"RO227,RO76",https://directory.spineservices.nhs.uk/ORD/2-0-0/organisations/S20964,2024-10-17,6973,nhs_scotland_gp_practice_contact_details_and_list_sizes,https://www.opendata.nhs.scot/dataset/f23655c3-6e23-4103-a511-a80d998adb90/resource/ceddbf27-0686-4f4b-b9a2-0090d28c3864/download/practice_contact_details_20260101_opendata.csv,20260101,"DRS MCKENNA, MURPHY & BRODIE KY1 2NA"
PATH HOUSE MEDICAL PRACTICE,S20998,KY1 2PG,"7 NETHER STREET, KIRKCALDY",01592 805100,,,,,,,SCOTLAND,scotland,ods_scottish_gp_practice,RO227,SCOTTISH GP PRACTICE,"RO227,RO76",https://directory.spineservices.nhs.uk/ORD/2-0-0/organisations/S20998,2023-01-16,16985,nhs_scotland_gp_practice_contact_details_and_list_sizes,https://www.opendata.nhs.scot/dataset/f23655c3-6e23-4103-a511-a80d998adb90/resource/ceddbf27-0686-4f4b-b9a2-0090d28c3864/download/practice_contact_details_20260101_opendata.csv,20260101,PATH HOUSE MEDICAL PRACTICE KY1 2PG
COAST HEALTH,S21736,KY10 2LG,"PITTENWEEM SURGERY, 2 ROUTINE ROW, ANSTRUTHER",01333 311307,,,,,,,SCOTLAND,scotland,ods_scottish_gp_practice,RO227,SCOTTISH GP PRACTICE,"RO227,RO76",https://directory.spineservices.nhs.uk/ORD/2-0-0/organisations/S21736,2023-01-16,5393,nhs_scotland_gp_practice_contact_details_and_list_sizes,https://www.opendata.nhs.scot/dataset/f23655c3-6e23-4103-a511-a80d998adb90/resource/ceddbf27-0686-4f4b-b9a2-0090d28c3864/download/practice_contact_details_20260101_opendata.csv,20260101,COAST HEALTH KY10 2LG
ANSTRUTHER MEDICAL PRACTICE,S20004,KY10 3FF,"SKEITH HEALTH CENTRE, CRAIL ROAD, ANSTRUTHER",01333 310352,,,,,,,SCOTLAND,scotland,ods_scottish_gp_practice,RO227,SCOTTISH GP PRACTICE,"RO227,RO76",https://directory.spineservices.nhs.uk/ORD/2-0-0/organisations/S20004,2023-01-16,6271,nhs_scotland_gp_practice_contact_details_and_list_sizes,https://www.opendata.nhs.scot/dataset/f23655c3-6e23-4103-a511-a80d998adb90/resource/ceddbf27-0686-4f4b-b9a2-0090d28c3864/download/practice_contact_details_20260101_opendata.csv,20260101,ANSTRUTHER MEDICAL PRACTICE KY10 3FF
INVERKEITHING MEDICAL GROUP,S20752,KY11 1NU,"INVERKEITHING MEDICAL CENTRE, 5 FRIARY COURT, INVERKEITHING",01383 413234,,,,,,,SCOTLAND,scotland,ods_scottish_gp_practice,RO227,SCOTTISH GP PRACTICE,"RO227,RO76",https://directory.spineservices.nhs.uk/ORD/2-0-0/organisations/S20752,2022-08-18,18722,nhs_scotland_gp_practice_contact_details_and_list_sizes,https://www.opendata.nhs.scot/dataset/f23655c3-6e23-4103-a511-a80d998adb90/resource/ceddbf27-0686-4f4b-b9a2-0090d28c3864/download/practice_contact_details_20260101_opendata.csv,20260101,INVERKEITHING MEDICAL GROUP KY11 1NU
PARK ROAD PRACTICE,S21760,KY11 2SE,"PARK ROAD SURGERY, PARK ROAD, DUNFERMLINE",01383 418931,,,,,,,SCOTLAND,scotland,ods_scottish_gp_practice,RO227,SCOTTISH GP PRACTICE,"RO227,RO76",https://directory.spineservices.nhs.uk/ORD/2-0-0/organisations/S21760,2023-01-16,6091,nhs_scotland_gp_practice_contact_details_and_list_sizes,https://www.opendata.nhs.scot/dataset/f23655c3-6e23-4103-a511-a80d998adb90/resource/ceddbf27-0686-4f4b-b9a2-0090d28c3864/download/practice_contact_details_20260101_opendata.csv,20260101,PARK ROAD PRACTICE KY11 2SE
HMS CALEDONIA ROSYTH,S22052,KY11 2XH,"HILTON ROAD, ROSYTH, DUNFERMLINE",01383 425412,,,,,,,SCOTLAND,scotland,ods_scottish_gp_practice,RO227,SCOTTISH GP PRACTICE,"RO227,RO72",https://directory.spineservices.nhs.uk/ORD/2-0-0/organisations/S22052,2023-01-16,,,,,HMS CALEDONIA ROSYTH KY11 2XH
PRIMROSE LANE MEDICAL CENTRE,S21755,KY11 2ZL,"3-5 JUTLAND STREET, ROSYTH, DUNFERMLINE",01383 414874,,,,,,,SCOTLAND,scotland,ods_scottish_gp_practice,RO227,SCOTTISH GP PRACTICE,"RO227,RO76",https://directory.spineservices.nhs.uk/ORD/2-0-0/organisations/S21755,2023-01-16,10003,nhs_scotland_gp_practice_contact_details_and_list_sizes,https://www.opendata.nhs.scot/dataset/f23655c3-6e23-4103-a511-a80d998adb90/resource/ceddbf27-0686-4f4b-b9a2-0090d28c3864/download/practice_contact_details_20260101_opendata.csv,20260101,PRIMROSE LANE MEDICAL CENTRE KY11 2ZL
HOSPITAL HILL SURGERY,S20471,KY11 3BA,"7 IZATT AVENUE, DUNFERMLINE",01383 731721,,,,,,,SCOTLAND,scotland,ods_scottish_gp_practice,RO227,SCOTTISH GP PRACTICE,"RO227,RO76",https://directory.spineservices.nhs.uk/ORD/2-0-0/organisations/S20471,2023-01-16,8498,nhs_scotland_gp_practice_contact_details_and_list_sizes,https://www.opendata.nhs.scot/dataset/f23655c3-6e23-4103-a511-a80d998adb90/resource/ceddbf27-0686-4f4b-b9a2-0090d28c3864/download/practice_contact_details_20260101_opendata.csv,20260101,HOSPITAL HILL SURGERY KY11 3BA
CHARLESTOWN SURGERY,S21308,KY11 3ED,"THE SURGERY, MAIN ROAD, DUNFERMLINE",01383 872201,,,,,,,SCOTLAND,scotland,ods_scottish_gp_practice,RO227,SCOTTISH GP PRACTICE,"RO227,RO76",https://directory.spineservices.nhs.uk/ORD/2-0-0/organisations/S21308,2023-01-16,2740,nhs_scotland_gp_practice_contact_details_and_list_sizes,https://www.opendata.nhs.scot/dataset/f23655c3-6e23-4103-a511-a80d998adb90/resource/ceddbf27-0686-4f4b-b9a2-0090d28c3864/download/practice_contact_details_20260101_opendata.csv,20260101,CHARLESTOWN SURGERY KY11 3ED
MILLHILL SURGERY,S20485,KY11 4JW,"87 WOODMILL STREET, DUNFERMLINE",01383 621222,,,,,,,SCOTLAND,scotland,ods_scottish_gp_practice,RO227,SCOTTISH GP PRACTICE,"RO227,RO76",https://directory.spineservices.nhs.uk/ORD/2-0-0/organisations/S20485,2023-01-16,9557,nhs_scotland_gp_practice_contact_details_and_list_sizes,https://www.opendata.nhs.scot/dataset/f23655c3-6e23-4103-a511-a80d998adb90/resource/ceddbf27-0686-4f4b-b9a2-0090d28c3864/download/practice_contact_details_20260101_opendata.csv,20260101,MILLHILL SURGERY KY11 4JW
LINBURN ROAD HEALTH CENTRE,S20502,KY11 4LT,"124 NITH STREET, DUNFERMLINE",01383 733490,,,,,,,SCOTLAND,scotland,ods_scottish_gp_practice,RO227,SCOTTISH GP PRACTICE,"RO227,RO76",https://directory.spineservices.nhs.uk/ORD/2-0-0/organisations/S20502,2023-01-17,9057,nhs_scotland_gp_practice_contact_details_and_list_sizes,https://www.opendata.nhs.scot/dataset/f23655c3-6e23-4103-a511-a80d998adb90/resource/ceddbf27-0686-4f4b-b9a2-0090d28c3864/download/practice_contact_details_20260101_opendata.csv,20260101,LINBURN ROAD HEALTH CENTRE KY11 4LT
NETHERTOWN SURGERY,S20451,KY11 4TF,"ELLIOT STREET, DUNFERMLINE",01383 623516,,,,,,,SCOTLAND,scotland,ods_scottish_gp_practice,RO227,SCOTTISH GP PRACTICE,"RO227,RO76",https://directory.spineservices.nhs.uk/ORD/2-0-0/organisations/S20451,2023-01-16,11028,nhs_scotland_gp_practice_contact_details_and_list_sizes,https://www.opendata.nhs.scot/dataset/f23655c3-6e23-4103-a511-a80d998adb90/resource/ceddbf27-0686-4f4b-b9a2-0090d28c3864/download/practice_contact_details_20260101_opendata.csv,20260101,NETHERTOWN SURGERY KY11 4TF
FIFE CONSTABULARY,S21859,KY11 4UW,"PHARMACY SERVICES PENTLAND HOUSE, LYNEBANK HOSPITAL, DUNFERMLINE",,,,,,,,SCOTLAND,scotland,ods_scottish_gp_practice,RO227,SCOTTISH GP PRACTICE,"RO227,RO72",https://directory.spineservices.nhs.uk/ORD/2-0-0/organisations/S21859,2022-08-18,,,,,FIFE CONSTABULARY KY11 4UW
SMOKING CESSATION CLINIC,S22000,KY11 4UW,"WEST FIFE LHCC, HOUSE 4 LYNEBANK HOSPITAL, DUNFERMLINE",,,,,,,,SCOTLAND,scotland,ods_scottish_gp_practice,RO227,SCOTTISH GP PRACTICE,"RO227,RO72",https://directory.spineservices.nhs.uk/ORD/2-0-0/organisations/S22000,2022-08-18,,,,,SMOKING CESSATION CLINIC KY11 4UW
PHARMACY FIRST PLUS,S24908,KY11 8JH,"LYNEBANK HOSPITAL, HALBEATH ROAD, DUNFERMLINE",01383 565432,,,,,,,SCOTLAND,scotland,ods_scottish_gp_practice,RO227,SCOTTISH GP PRACTICE,"RO227,RO72",https://directory.spineservices.nhs.uk/ORD/2-0-0/organisations/S24908,2023-05-16,,,,,PHARMACY FIRST PLUS KY11 8JH
PHARMACY PRESCRIBING SUPPORT NURSE,S24965,KY11 8JH,"ROOM 10 THERAPY CORRIDER, LYNEBANK HOSPITAL, DUNFERMLINE",01383 565211,,,,,,,SCOTLAND,scotland,ods_scottish_gp_practice,RO227,SCOTTISH GP PRACTICE,"RO227,RO72",https://directory.spineservices.nhs.uk/ORD/2-0-0/organisations/S24965,2022-11-18,,,,,PHARMACY PRESCRIBING SUPPORT NURSE KY11 8JH
BELLYEOMAN SURGERY,S20490,KY12 0AE,"BELLYEOMAN ROAD, DUNFERMLINE",01383 721266,,,,,,,SCOTLAND,scotland,ods_scottish_gp_practice,RO227,SCOTTISH GP PRACTICE,"RO227,RO76",https://directory.spineservices.nhs.uk/ORD/2-0-0/organisations/S20490,2023-01-16,11330,nhs_scotland_gp_practice_contact_details_and_list_sizes,https://www.opendata.nhs.scot/dataset/f23655c3-6e23-4103-a511-a80d998adb90/resource/ceddbf27-0686-4f4b-b9a2-0090d28c3864/download/practice_contact_details_20260101_opendata.csv,20260101,BELLYEOMAN SURGERY KY12 0AE
NEW PARK MEDICAL PRACTICE,S20466,KY12 0BL,"163 ROBERTSON ROAD, DUNFERMLINE",01383 629200,,,,,,,SCOTLAND,scotland,ods_scottish_gp_practice,RO227,SCOTTISH GP PRACTICE,"RO227,RO76",https://directory.spineservices.nhs.uk/ORD/2-0-0/organisations/S20466,2023-01-16,12189,nhs_scotland_gp_practice_contact_details_and_list_sizes,https://www.opendata.nhs.scot/dataset/f23655c3-6e23-4103-a511-a80d998adb90/resource/ceddbf27-0686-4f4b-b9a2-0090d28c3864/download/practice_contact_details_20260101_opendata.csv,20260101,NEW PARK MEDICAL PRACTICE KY12 0BL
CARNEGIE UNIT,S22048,KY12 0SU,"QUEEN MARGARET HOSPITAL, WHITEFIELD ROAD, DUNFERMLINE",,,,,,,,SCOTLAND,scotland,ods_scottish_gp_practice,RO227,SCOTTISH GP PRACTICE,"RO227,RO72",https://directory.spineservices.nhs.uk/ORD/2-0-0/organisations/S22048,2022-10-10,,,,,CARNEGIE UNIT KY12 0SU
MSK GP APP SERVICE,S24881,KY12 0SU,"PHYSIOTHERAPY DEPARTMENT, QUEEN MARGARET HOSPITAL, DUNFERMLINE",,,,,,,,SCOTLAND,scotland,ods_scottish_gp_practice,RO227,SCOTTISH GP PRACTICE,"RO227,RO72",https://directory.spineservices.nhs.uk/ORD/2-0-0/organisations/S24881,2025-04-23,,,,,MSK GP APP SERVICE KY12 0SU
PALLIATIVE SPECIALIST NURSE PRESCRIBER,S24951,KY12 0SU,"INPATIENTS (W DIVISION) & PALL CARE, ROOM 2SA.8 (POD), DIR OFFICES, DUNFERMLINE",,,,,,,,SCOTLAND,scotland,ods_scottish_gp_practice,RO227,SCOTTISH GP PRACTICE,"RO227,RO72",https://directory.spineservices.nhs.uk/ORD/2-0-0/organisations/S24951,2022-10-11,,,,,PALLIATIVE SPECIALIST NURSE PRESCRIBER KY12 0SU
UCSF PARAMEDIC,S24931,KY12 0SU,"QUEEN MARGARET HOSPITAL, WHITEFIELD ROAD, DUNFERMLINE",01592 226440,,,,,,,SCOTLAND,scotland,ods_scottish_gp_practice,RO227,SCOTTISH GP PRACTICE,"RO227,RO76",https://directory.spineservices.nhs.uk/ORD/2-0-0/organisations/S24931,2023-01-16,,,,,UCSF PARAMEDIC KY12 0SU
URGENT CARE SERVICES FIFE,S21971,KY12 0SU,"QUEEN MARGARET HOSPITAL, WHITEFIELD ROAD, DUNFERMLINE",01592 740240,,,,,,,SCOTLAND,scotland,ods_scottish_gp_practice,RO227,SCOTTISH GP PRACTICE,"RO227,RO72",https://directory.spineservices.nhs.uk/ORD/2-0-0/organisations/S21971,2022-08-18,,,,,URGENT CARE SERVICES FIFE KY12 0SU
VALLEYFIELD MEDICAL PRACTICE,S20729,KY12 8SJ,"THE HEALTH CENTRE, CHAPEL STREET, DUNFERMLINE",01383 880511,,,,,,,SCOTLAND,scotland,ods_scottish_gp_practice,RO227,SCOTTISH GP PRACTICE,"RO227,RO76",https://directory.spineservices.nhs.uk/ORD/2-0-0/organisations/S20729,2023-01-16,3866,nhs_scotland_gp_practice_contact_details_and_list_sizes,https://www.opendata.nhs.scot/dataset/f23655c3-6e23-4103-a511-a80d998adb90/resource/ceddbf27-0686-4f4b-b9a2-0090d28c3864/download/practice_contact_details_20260101_opendata.csv,20260101,VALLEYFIELD MEDICAL PRACTICE KY12 8SJ
OAKLEY MEDICAL PRACTICE,S21613,KY12 9QH,"OAKLEY HEALTH CENTRE, WARDLAW WAY, DUNFERMLINE",01383 850212,,,,,,,SCOTLAND,scotland,ods_scottish_gp_practice,RO227,SCOTTISH GP PRACTICE,"RO227,RO76",https://directory.spineservices.nhs.uk/ORD/2-0-0/organisations/S21613,2023-01-16,8914,nhs_scotland_gp_practice_contact_details_and_list_sizes,https://www.opendata.nhs.scot/dataset/f23655c3-6e23-4103-a511-a80d998adb90/resource/ceddbf27-0686-4f4b-b9a2-0090d28c3864/download/practice_contact_details_20260101_opendata.csv,20260101,OAKLEY MEDICAL PRACTICE KY12 9QH
ORWELL PRACTICE,S13496,KY13 8FP,"LOCH LEVEN HEALTH CENTRE, MUIRS, KINROSS",01577 862112,,,,,,,SCOTLAND,scotland,ods_scottish_gp_practice,RO227,SCOTTISH GP PRACTICE,"RO227,RO76",https://directory.spineservices.nhs.uk/ORD/2-0-0/organisations/S13496,2022-08-18,5065,nhs_scotland_gp_practice_contact_details_and_list_sizes,https://www.opendata.nhs.scot/dataset/f23655c3-6e23-4103-a511-a80d998adb90/resource/ceddbf27-0686-4f4b-b9a2-0090d28c3864/download/practice_contact_details_20260101_opendata.csv,20260101,ORWELL PRACTICE KY13 8FP
ST SERF'S PRACTICE,S13481,KY13 8FP,"LOCH LEVEN HEALTH CENTRE, MUIRS, KINROSS",01577 862112,,,,,,,SCOTLAND,scotland,ods_scottish_gp_practice,RO227,SCOTTISH GP PRACTICE,"RO227,RO76",https://directory.spineservices.nhs.uk/ORD/2-0-0/organisations/S13481,2022-08-18,9692,nhs_scotland_gp_practice_contact_details_and_list_sizes,https://www.opendata.nhs.scot/dataset/f23655c3-6e23-4103-a511-a80d998adb90/resource/ceddbf27-0686-4f4b-b9a2-0090d28c3864/download/practice_contact_details_20260101_opendata.csv,20260101,ST SERF'S PRACTICE KY13 8FP
NEWBURGH SURGERY,S21558,KY14 6DA,"ST. KATHERINES MEWS, NEWBURGH, CUPAR",01337 840462,,,,,,,SCOTLAND,scotland,ods_scottish_gp_practice,RO227,SCOTTISH GP PRACTICE,"RO227,RO76",https://directory.spineservices.nhs.uk/ORD/2-0-0/organisations/S21558,2023-01-16,4065,nhs_scotland_gp_practice_contact_details_and_list_sizes,https://www.opendata.nhs.scot/dataset/f23655c3-6e23-4103-a511-a80d998adb90/resource/ceddbf27-0686-4f4b-b9a2-0090d28c3864/download/practice_contact_details_20260101_opendata.csv,20260101,NEWBURGH SURGERY KY14 6DA
AUCHTERMUCHTY PRACTICE,S20057,KY14 7AW,"AUCHTERMUCHTY HEALTH CENTRE, 12 CARSWELL WYND, CUPAR",01337 828262,,,,,,,SCOTLAND,scotland,ods_scottish_gp_practice,RO227,SCOTTISH GP PRACTICE,"RO227,RO76",https://directory.spineservices.nhs.uk/ORD/2-0-0/organisations/S20057,2023-01-16,5618,nhs_scotland_gp_practice_contact_details_and_list_sizes,https://www.opendata.nhs.scot/dataset/f23655c3-6e23-4103-a511-a80d998adb90/resource/ceddbf27-0686-4f4b-b9a2-0090d28c3864/download/practice_contact_details_20260101_opendata.csv,20260101,AUCHTERMUCHTY PRACTICE KY14 7AW
EDEN VILLA PRACTICE,S20409,KY15 4JG,"THE HEALTH CENTRE, BANK STREET, CUPAR",01334 651223,,,,,,,SCOTLAND,scotland,ods_scottish_gp_practice,RO227,SCOTTISH GP PRACTICE,"RO227,RO76",https://directory.spineservices.nhs.uk/ORD/2-0-0/organisations/S20409,2022-10-10,7288,nhs_scotland_gp_practice_contact_details_and_list_sizes,https://www.opendata.nhs.scot/dataset/f23655c3-6e23-4103-a511-a80d998adb90/resource/ceddbf27-0686-4f4b-b9a2-0090d28c3864/download/practice_contact_details_20260101_opendata.csv,20260101,EDEN VILLA PRACTICE KY15 4JG
BANK STREET MEDICAL GROUP,S20413,KY15 4JN,"THE HEALTH CENTRE, BANK STREET, CUPAR",01334 651201,,,,,,,SCOTLAND,scotland,ods_scottish_gp_practice,RO227,SCOTTISH GP PRACTICE,"RO227,RO76",https://directory.spineservices.nhs.uk/ORD/2-0-0/organisations/S20413,2022-08-18,8058,nhs_scotland_gp_practice_contact_details_and_list_sizes,https://www.opendata.nhs.scot/dataset/f23655c3-6e23-4103-a511-a80d998adb90/resource/ceddbf27-0686-4f4b-b9a2-0090d28c3864/download/practice_contact_details_20260101_opendata.csv,20260101,BANK STREET MEDICAL GROUP KY15 4JN
HOWE OF FIFE SURGERY,S21101,KY15 7JS,"27 COMMERCIAL ROAD, LADYBANK, CUPAR",01337 830765,,,,,,,SCOTLAND,scotland,ods_scottish_gp_practice,RO227,SCOTTISH GP PRACTICE,"RO227,RO76",https://directory.spineservices.nhs.uk/ORD/2-0-0/organisations/S21101,2023-01-16,4702,nhs_scotland_gp_practice_contact_details_and_list_sizes,https://www.opendata.nhs.scot/dataset/f23655c3-6e23-4103-a511-a80d998adb90/resource/ceddbf27-0686-4f4b-b9a2-0090d28c3864/download/practice_contact_details_20260101_opendata.csv,20260101,HOWE OF FIFE SURGERY KY15 7JS
PITCAIRN PRACTICE LEUCHARS & BALMULLO,S21204,KY16 0DZ,"BALMULLO SURGERY, 1 PITCAIRN DRIVE, ST. ANDREWS",01334 839210,,,,,,,SCOTLAND,scotland,ods_scottish_gp_practice,RO227,SCOTTISH GP PRACTICE,"RO227,RO76",https://directory.spineservices.nhs.uk/ORD/2-0-0/organisations/S21204,2023-01-16,5526,nhs_scotland_gp_practice_contact_details_and_list_sizes,https://www.opendata.nhs.scot/dataset/f23655c3-6e23-4103-a511-a80d998adb90/resource/ceddbf27-0686-4f4b-b9a2-0090d28c3864/download/practice_contact_details_20260101_opendata.csv,20260101,PITCAIRN PRACTICE LEUCHARS & BALMULLO KY16 0DZ
MINISTRY OF DEFENCE,S22029,KY16 0JX,"MEDICAL CENTRE, LEUCHARS STATION, ST. ANDREWS",,,,,,,,SCOTLAND,scotland,ods_scottish_gp_practice,RO227,SCOTTISH GP PRACTICE,"RO227,RO72",https://directory.spineservices.nhs.uk/ORD/2-0-0/organisations/S22029,2022-10-10,,,,,MINISTRY OF DEFENCE KY16 0JX
BLACKFRIARS MEDICAL PRACTICE,S21825,KY16 8AR,"ST ANDREWS COMMUNITY HOSPITAL, 82 LARGO ROAD, ST. ANDREWS",01334 477477,,,,,,,SCOTLAND,scotland,ods_scottish_gp_practice,RO227,SCOTTISH GP PRACTICE,"RO227,RO76",https://directory.spineservices.nhs.uk/ORD/2-0-0/organisations/S21825,2023-01-16,9832,nhs_scotland_gp_practice_contact_details_and_list_sizes,https://www.opendata.nhs.scot/dataset/f23655c3-6e23-4103-a511-a80d998adb90/resource/ceddbf27-0686-4f4b-b9a2-0090d28c3864/download/practice_contact_details_20260101_opendata.csv,20260101,BLACKFRIARS MEDICAL PRACTICE KY16 8AR
PIPELAND MEDICAL PRACTICE,S21830,KY16 8AR,"ST ANDREWS COMMUNITY HOSPITAL, 82 LARGO ROAD, ST. ANDREWS",01334 476840,,,,,,,SCOTLAND,scotland,ods_scottish_gp_practice,RO227,SCOTTISH GP PRACTICE,"RO227,RO76",https://directory.spineservices.nhs.uk/ORD/2-0-0/organisations/S21830,2023-01-16,15067,nhs_scotland_gp_practice_contact_details_and_list_sizes,https://www.opendata.nhs.scot/dataset/f23655c3-6e23-4103-a511-a80d998adb90/resource/ceddbf27-0686-4f4b-b9a2-0090d28c3864/download/practice_contact_details_20260101_opendata.csv,20260101,PIPELAND MEDICAL PRACTICE KY16 8AR
UCSF PARAMEDIC,S24912,KY16 8AR,"ST ANDREWS COMMUNITY HOSPITAL, 82 LARGO ROAD, ST. ANDREWS",01592 226413,,,,,,,SCOTLAND,scotland,ods_scottish_gp_practice,RO227,SCOTTISH GP PRACTICE,"RO227,RO76",https://directory.spineservices.nhs.uk/ORD/2-0-0/organisations/S24912,2023-01-16,,,,,UCSF PARAMEDIC KY16 8AR
URGENT CARE SERVICES FIFE,S21952,KY16 8AR,"ST ANDREWS COMMUNITY HOSPITAL, 82 LARGO ROAD, ST. ANDREWS",01592 740240,,,,,,,SCOTLAND,scotland,ods_scottish_gp_practice,RO227,SCOTTISH GP PRACTICE,"RO227,RO72",https://directory.spineservices.nhs.uk/ORD/2-0-0/organisations/S21952,2023-01-16,,,,,URGENT CARE SERVICES FIFE KY16 8AR
DIRECT PATIENT CARE SERVICE,S22033,KY2 5AH,"VICTORIA HOSPITAL, HAYFIELD ROAD, KIRKCALDY",01592 643355,,,,,,,SCOTLAND,scotland,ods_scottish_gp_practice,RO227,SCOTTISH GP PRACTICE,"RO227,RO72",https://directory.spineservices.nhs.uk/ORD/2-0-0/organisations/S22033,2023-01-16,,,,,DIRECT PATIENT CARE SERVICE KY2 5AH
UCSF PARAMEDIC,S24927,KY2 5AH,"VICTORIA HOSPITAL, HAYFIELD ROAD, KIRKCALDY",01592 226440,,,,,,,SCOTLAND,scotland,ods_scottish_gp_practice,RO227,SCOTTISH GP PRACTICE,"RO227,RO76",https://directory.spineservices.nhs.uk/ORD/2-0-0/organisations/S24927,2023-01-16,,,,,UCSF PARAMEDIC KY2 5AH
URGENT CARE SERVICES FIFE,S21967,KY2 5AH,"VICTORIA HOSPITAL, HAYFIELD ROAD, KIRKCALDY",01592 740240,,,,,,,SCOTLAND,scotland,ods_scottish_gp_practice,RO227,SCOTTISH GP PRACTICE,"RO227,RO72",https://directory.spineservices.nhs.uk/ORD/2-0-0/organisations/S21967,2022-08-18,,,,,URGENT CARE SERVICES FIFE KY2 5AH
BENNOCHY MEDICAL CENTRE,S20979,KY2 5RB,"65 BENNOCHY ROAD, KIRKCALDY",01592 263332,,,,,,,SCOTLAND,scotland,ods_scottish_gp_practice,RO227,SCOTTISH GP PRACTICE,"RO227,RO76",https://directory.spineservices.nhs.uk/ORD/2-0-0/organisations/S20979,2023-01-16,9801,nhs_scotland_gp_practice_contact_details_and_list_sizes,https://www.opendata.nhs.scot/dataset/f23655c3-6e23-4103-a511-a80d998adb90/resource/ceddbf27-0686-4f4b-b9a2-0090d28c3864/download/practice_contact_details_20260101_opendata.csv,20260101,BENNOCHY MEDICAL CENTRE KY2 5RB
BURNTISLAND MEDICAL GROUP,S20151,KY3 9DF,"74 SOMERVILLE STREET, BURNTISLAND",01592 872761,,,,,,,SCOTLAND,scotland,ods_scottish_gp_practice,RO227,SCOTTISH GP PRACTICE,"RO227,RO76",https://directory.spineservices.nhs.uk/ORD/2-0-0/organisations/S20151,2025-08-26,5534,nhs_scotland_gp_practice_contact_details_and_list_sizes,https://www.opendata.nhs.scot/dataset/f23655c3-6e23-4103-a511-a80d998adb90/resource/ceddbf27-0686-4f4b-b9a2-0090d28c3864/download/practice_contact_details_20260101_opendata.csv,20260101,BURNTISLAND MEDICAL GROUP KY3 9DF
THE LINKS PRACTICE,S20184,KY3 9DF,"THE HEALTH CENTRE, 74 SOMERVILLE STREET, BURNTISLAND",01592 873321,,,,,,,SCOTLAND,scotland,ods_scottish_gp_practice,RO227,SCOTTISH GP PRACTICE,"RO227,RO76",https://directory.spineservices.nhs.uk/ORD/2-0-0/organisations/S20184,2023-01-16,1914,nhs_scotland_gp_practice_contact_details_and_list_sizes,https://www.opendata.nhs.scot/dataset/f23655c3-6e23-4103-a511-a80d998adb90/resource/ceddbf27-0686-4f4b-b9a2-0090d28c3864/download/practice_contact_details_20260101_opendata.csv,20260101,THE LINKS PRACTICE KY3 9DF
KINGHORN MEDICAL PRACTICE,S20907,KY3 9RT,"ROSSLAND PLACE, KINGHORN, BURNTISLAND",01592 890217,,,,,,,SCOTLAND,scotland,ods_scottish_gp_practice,RO227,SCOTTISH GP PRACTICE,"RO227,RO76",https://directory.spineservices.nhs.uk/ORD/2-0-0/organisations/S20907,2023-01-16,3235,nhs_scotland_gp_practice_contact_details_and_list_sizes,https://www.opendata.nhs.scot/dataset/f23655c3-6e23-4103-a511-a80d998adb90/resource/ceddbf27-0686-4f4b-b9a2-0090d28c3864/download/practice_contact_details_20260101_opendata.csv,20260101,KINGHORN MEDICAL PRACTICE KY3 9RT
KELTY MEDICAL PRACTICE,S20803,KY4 0AE,"KELTY HEALTH CENTRE, 80 MAIN STREET, KELTY",01383 831281,,,,,,,SCOTLAND,scotland,ods_scottish_gp_practice,RO227,SCOTTISH GP PRACTICE,"RO227,RO76",https://directory.spineservices.nhs.uk/ORD/2-0-0/organisations/S20803,2022-08-18,7242,nhs_scotland_gp_practice_contact_details_and_list_sizes,https://www.opendata.nhs.scot/dataset/f23655c3-6e23-4103-a511-a80d998adb90/resource/ceddbf27-0686-4f4b-b9a2-0090d28c3864/download/practice_contact_details_20260101_opendata.csv,20260101,KELTY MEDICAL PRACTICE KY4 0AE
CROSSGATES MEDICAL PRACTICE,S20358,KY4 8DF,"94 MAIN STREET, CROSSGATES, COWDENBEATH",01383 511398,,,,,,,SCOTLAND,scotland,ods_scottish_gp_practice,RO227,SCOTTISH GP PRACTICE,"RO227,RO76",https://directory.spineservices.nhs.uk/ORD/2-0-0/organisations/S20358,2023-01-16,4214,nhs_scotland_gp_practice_contact_details_and_list_sizes,https://www.opendata.nhs.scot/dataset/f23655c3-6e23-4103-a511-a80d998adb90/resource/ceddbf27-0686-4f4b-b9a2-0090d28c3864/download/practice_contact_details_20260101_opendata.csv,20260101,CROSSGATES MEDICAL PRACTICE KY4 8DF
COWDENBEATH SURGERY,S20305,KY4 9DH,"COWDENBEATH MEDICAL PRACTICE, 173 STENHOUSE STREET, COWDENBEATH",01383 518500,,,,,,,SCOTLAND,scotland,ods_scottish_gp_practice,RO227,SCOTTISH GP PRACTICE,"RO227,RO76",https://directory.spineservices.nhs.uk/ORD/2-0-0/organisations/S20305,2022-08-18,11628,nhs_scotland_gp_practice_contact_details_and_list_sizes,https://www.opendata.nhs.scot/dataset/f23655c3-6e23-4103-a511-a80d998adb90/resource/ceddbf27-0686-4f4b-b9a2-0090d28c3864/download/practice_contact_details_20260101_opendata.csv,20260101,COWDENBEATH SURGERY KY4 9DH
WALLSGREEN MEDICAL PRACTICE,S20254,KY5 0JE,"THE HEALTH CENTRE, WALLSGREEN ROAD, LOCHGELLY",01592 722440,,,,,,,SCOTLAND,scotland,ods_scottish_gp_practice,RO227,SCOTTISH GP PRACTICE,"RO227,RO76",https://directory.spineservices.nhs.uk/ORD/2-0-0/organisations/S20254,2023-01-17,2894,nhs_scotland_gp_practice_contact_details_and_list_sizes,https://www.opendata.nhs.scot/dataset/f23655c3-6e23-4103-a511-a80d998adb90/resource/ceddbf27-0686-4f4b-b9a2-0090d28c3864/download/practice_contact_details_20260101_opendata.csv,20260101,WALLSGREEN MEDICAL PRACTICE KY5 0JE
BENARTY MEDICAL PRACTICE,S21421,KY5 8DA,"54-58 LOCHLEVEN ROAD, LOCHORE, LOCHGELLY",01592 860463,,,,,,,SCOTLAND,scotland,ods_scottish_gp_practice,RO227,SCOTTISH GP PRACTICE,"RO227,RO76",https://directory.spineservices.nhs.uk/ORD/2-0-0/organisations/S21421,2023-01-16,4778,nhs_scotland_gp_practice_contact_details_and_list_sizes,https://www.opendata.nhs.scot/dataset/f23655c3-6e23-4103-a511-a80d998adb90/resource/ceddbf27-0686-4f4b-b9a2-0090d28c3864/download/practice_contact_details_20260101_opendata.csv,20260101,BENARTY MEDICAL PRACTICE KY5 8DA
DR K THOMPSON,S21440,KY5 9QZ,"THE HEALTH CENTRE, DAVID STREET, LOCHGELLY",01592 782954,,,,,,,SCOTLAND,scotland,ods_scottish_gp_practice,RO227,SCOTTISH GP PRACTICE,"RO227,RO76",https://directory.spineservices.nhs.uk/ORD/2-0-0/organisations/S21440,2023-01-16,2262,nhs_scotland_gp_practice_contact_details_and_list_sizes,https://www.opendata.nhs.scot/dataset/f23655c3-6e23-4103-a511-a80d998adb90/resource/ceddbf27-0686-4f4b-b9a2-0090d28c3864/download/practice_contact_details_20260101_opendata.csv,20260101,DR K THOMPSON KY5 9QZ
LOCHGELLY MEDICAL PRACTICE,S21469,KY5 9QZ,"THE HEALTH CENTRE, DAVID STREET, LOCHGELLY",01592 780277,,,,,,,SCOTLAND,scotland,ods_scottish_gp_practice,RO227,SCOTTISH GP PRACTICE,"RO227,RO76",https://directory.spineservices.nhs.uk/ORD/2-0-0/organisations/S21469,2023-01-16,3400,nhs_scotland_gp_practice_contact_details_and_list_sizes,https://www.opendata.nhs.scot/dataset/f23655c3-6e23-4103-a511-a80d998adb90/resource/ceddbf27-0686-4f4b-b9a2-0090d28c3864/download/practice_contact_details_20260101_opendata.csv,20260101,LOCHGELLY MEDICAL PRACTICE KY5 9QZ
MEADOWS PRACTICE,S21384,KY5 9QZ,"THE HEALTH CENTRE, DAVID STREET, LOCHGELLY",01592 782783,,,,,,,SCOTLAND,scotland,ods_scottish_gp_practice,RO227,SCOTTISH GP PRACTICE,"RO227,RO76",https://directory.spineservices.nhs.uk/ORD/2-0-0/organisations/S21384,2022-10-10,5145,nhs_scotland_gp_practice_contact_details_and_list_sizes,https://www.opendata.nhs.scot/dataset/f23655c3-6e23-4103-a511-a80d998adb90/resource/ceddbf27-0686-4f4b-b9a2-0090d28c3864/download/practice_contact_details_20260101_opendata.csv,20260101,MEADOWS PRACTICE KY5 9QZ
THE GLENWOOD PRACTICE,S20630,KY6 1HL,"GLENWOOD HEALTH CENTRE, NAPIER ROAD, GLENROTHES",01592 765001,,,,,,,SCOTLAND,scotland,ods_scottish_gp_practice,RO227,SCOTTISH GP PRACTICE,"RO227,RO76",https://directory.spineservices.nhs.uk/ORD/2-0-0/organisations/S20630,2022-08-18,6255,nhs_scotland_gp_practice_contact_details_and_list_sizes,https://www.opendata.nhs.scot/dataset/f23655c3-6e23-4103-a511-a80d998adb90/resource/ceddbf27-0686-4f4b-b9a2-0090d28c3864/download/practice_contact_details_20260101_opendata.csv,20260101,THE GLENWOOD PRACTICE KY6 1HL
THE LOMOND PRACTICE,S20606,KY6 1HL,"NAPIER ROAD, GLENROTHES",01592 765039,,,,,,,SCOTLAND,scotland,ods_scottish_gp_practice,RO227,SCOTTISH GP PRACTICE,"RO227,RO76",https://directory.spineservices.nhs.uk/ORD/2-0-0/organisations/S20606,2023-01-16,10472,nhs_scotland_gp_practice_contact_details_and_list_sizes,https://www.opendata.nhs.scot/dataset/f23655c3-6e23-4103-a511-a80d998adb90/resource/ceddbf27-0686-4f4b-b9a2-0090d28c3864/download/practice_contact_details_20260101_opendata.csv,20260101,THE LOMOND PRACTICE KY6 1HL
LESLIE MEDICAL PRACTICE,S21153,KY6 3LQ,"ANDERSON DRIVE, LESLIE, GLENROTHES",01592 620222,,,,,,,SCOTLAND,scotland,ods_scottish_gp_practice,RO227,SCOTTISH GP PRACTICE,"RO227,RO76",https://directory.spineservices.nhs.uk/ORD/2-0-0/organisations/S21153,2023-01-16,6723,nhs_scotland_gp_practice_contact_details_and_list_sizes,https://www.opendata.nhs.scot/dataset/f23655c3-6e23-4103-a511-a80d998adb90/resource/ceddbf27-0686-4f4b-b9a2-0090d28c3864/download/practice_contact_details_20260101_opendata.csv,20260101,LESLIE MEDICAL PRACTICE KY6 3LQ
COS LANE SURGERY,S20659,KY7 4AQ,"COS LANE, GLENROTHES",01592 752100,,,,,,,SCOTLAND,scotland,ods_scottish_gp_practice,RO227,SCOTTISH GP PRACTICE,"RO227,RO76",https://directory.spineservices.nhs.uk/ORD/2-0-0/organisations/S20659,2023-01-16,9297,nhs_scotland_gp_practice_contact_details_and_list_sizes,https://www.opendata.nhs.scot/dataset/f23655c3-6e23-4103-a511-a80d998adb90/resource/ceddbf27-0686-4f4b-b9a2-0090d28c3864/download/practice_contact_details_20260101_opendata.csv,20260101,COS LANE SURGERY KY7 4AQ
ROTHES MEDICAL PRACTICE,S20663,KY7 4RH,"PITTEUCHAR HEALTH CENTRE, GLAMIS CENTRE, GLENROTHES",01592 771177,,,,,,,SCOTLAND,scotland,ods_scottish_gp_practice,RO227,SCOTTISH GP PRACTICE,"RO227,RO76",https://directory.spineservices.nhs.uk/ORD/2-0-0/organisations/S20663,2022-08-18,8710,nhs_scotland_gp_practice_contact_details_and_list_sizes,https://www.opendata.nhs.scot/dataset/f23655c3-6e23-4103-a511-a80d998adb90/resource/ceddbf27-0686-4f4b-b9a2-0090d28c3864/download/practice_contact_details_20260101_opendata.csv,20260101,ROTHES MEDICAL PRACTICE KY7 4RH
COVID-19,S21948,KY7 5TG,"GLENROTHES HOSPITAL, 1 LODGE RISE, GLENROTHES",01592 748648,,,,,,,SCOTLAND,scotland,ods_scottish_gp_practice,RO227,SCOTTISH GP PRACTICE,"RO227,RO72",https://directory.spineservices.nhs.uk/ORD/2-0-0/organisations/S21948,2022-08-18,,,,,COVID-19 KY7 5TG
MARKINCH MEDICAL PRACTICE,S21454,KY7 6ER,"19 HIGH STREET, MARKINCH, GLENROTHES",01592 610640,,,,,,,SCOTLAND,scotland,ods_scottish_gp_practice,RO227,SCOTTISH GP PRACTICE,"RO227,RO76",https://directory.spineservices.nhs.uk/ORD/2-0-0/organisations/S21454,2023-01-16,6109,nhs_scotland_gp_practice_contact_details_and_list_sizes,https://www.opendata.nhs.scot/dataset/f23655c3-6e23-4103-a511-a80d998adb90/resource/ceddbf27-0686-4f4b-b9a2-0090d28c3864/download/practice_contact_details_20260101_opendata.csv,20260101,MARKINCH MEDICAL PRACTICE KY7 6ER
NORTH GLEN MEDICAL PRACTICE,S20611,KY7 6SX,"1 HUNTSMAN'S COURT, GLENROTHES, GLENROTHES",01592 620062,,,,,,,SCOTLAND,scotland,ods_scottish_gp_practice,RO227,SCOTTISH GP PRACTICE,"RO227,RO76",https://directory.spineservices.nhs.uk/ORD/2-0-0/organisations/S20611,2023-01-16,8850,nhs_scotland_gp_practice_contact_details_and_list_sizes,https://www.opendata.nhs.scot/dataset/f23655c3-6e23-4103-a511-a80d998adb90/resource/ceddbf27-0686-4f4b-b9a2-0090d28c3864/download/practice_contact_details_20260101_opendata.csv,20260101,NORTH GLEN MEDICAL PRACTICE KY7 6SX
MUIREDGE SURGERY,S20108,KY8 1HJ,"MERLIN CRESCENT, BUCKHAVEN, LEVEN",01592 713299,,,,,,,SCOTLAND,scotland,ods_scottish_gp_practice,RO227,SCOTTISH GP PRACTICE,"RO227,RO76",https://directory.spineservices.nhs.uk/ORD/2-0-0/organisations/S20108,2023-01-16,9097,nhs_scotland_gp_practice_contact_details_and_list_sizes,https://www.opendata.nhs.scot/dataset/f23655c3-6e23-4103-a511-a80d998adb90/resource/ceddbf27-0686-4f4b-b9a2-0090d28c3864/download/practice_contact_details_20260101_opendata.csv,20260101,MUIREDGE SURGERY KY8 1HJ
AIRLIE MEDICAL PRACTICE,S21524,KY8 3RS,"AJAX WAY, METHIL, LEVEN",01333 426083,,,,,,,SCOTLAND,scotland,ods_scottish_gp_practice,RO227,SCOTTISH GP PRACTICE,"RO227,RO76",https://directory.spineservices.nhs.uk/ORD/2-0-0/organisations/S21524,2023-01-16,10683,nhs_scotland_gp_practice_contact_details_and_list_sizes,https://www.opendata.nhs.scot/dataset/f23655c3-6e23-4103-a511-a80d998adb90/resource/ceddbf27-0686-4f4b-b9a2-0090d28c3864/download/practice_contact_details_20260101_opendata.csv,20260101,AIRLIE MEDICAL PRACTICE KY8 3RS
SCOONIE MEDICAL PRACTICE,S21261,KY8 4ET,"HEALTH CENTRE, VICTORIA ROAD, LEVEN",01333 432588,,,,,,,SCOTLAND,scotland,ods_scottish_gp_practice,RO227,SCOTTISH GP PRACTICE,"RO227,RO76",https://directory.spineservices.nhs.uk/ORD/2-0-0/organisations/S21261,2023-05-16,12680,nhs_scotland_gp_practice_contact_details_and_list_sizes,https://www.opendata.nhs.scot/dataset/f23655c3-6e23-4103-a511-a80d998adb90/resource/ceddbf27-0686-4f4b-b9a2-0090d28c3864/download/practice_contact_details_20260101_opendata.csv,20260101,SCOONIE MEDICAL PRACTICE KY8 4ET
FIFE COMMUNITY CARDIAC & DIABETES SERVICE,S24970,KY8 5RG,"CAMERON HOUSE, CAMERON BRIDGE, LEVEN",01383 565166,,,,,,,SCOTLAND,scotland,ods_scottish_gp_practice,RO227,SCOTTISH GP PRACTICE,"RO227,RO72",https://directory.spineservices.nhs.uk/ORD/2-0-0/organisations/S24970,2022-11-18,,,,,FIFE COMMUNITY CARDIAC & DIABETES SERVICE KY8 5RG
NHSF TEST PRACTICE,S24005,KY8 5RG,"CAMERON HOUSE, CAMERON BRIDGE, LEVEN",01383 565141,,,,,,,SCOTLAND,scotland,ods_scottish_gp_practice,RO227,SCOTTISH GP PRACTICE,"RO227,RO72",https://directory.spineservices.nhs.uk/ORD/2-0-0/organisations/S24005,2023-05-16,,,,,NHSF TEST PRACTICE KY8 5RG
PODIATRY SERVICE,S22391,KY8 5RG,"CAMERON HOUSE, CAMERON BRIDGE, LEVEN",01383 627164,,,,,,,SCOTLAND,scotland,ods_scottish_gp_practice,RO227,SCOTTISH GP PRACTICE,"RO227,RO72",https://directory.spineservices.nhs.uk/ORD/2-0-0/organisations/S22391,2022-08-18,,,,,PODIATRY SERVICE KY8 5RG
CLYDE PRACTICE,S62690,ML1 1TB,"MOTHERWELL HEALTH CENTRE, 138-144 WINDMILL STREET, MOTHERWELL",01698 266525,,,,,,,SCOTLAND,scotland,ods_scottish_gp_practice,RO227,SCOTTISH GP PRACTICE,"RO227,RO76",https://directory.spineservices.nhs.uk/ORD/2-0-0/organisations/S62690,2022-12-12,3120,nhs_scotland_gp_practice_contact_details_and_list_sizes,https://www.opendata.nhs.scot/dataset/f23655c3-6e23-4103-a511-a80d998adb90/resource/ceddbf27-0686-4f4b-b9a2-0090d28c3864/download/practice_contact_details_20260101_opendata.csv,20260101,CLYDE PRACTICE ML1 1TB
KNOWETOP MEDICAL PRACTICE,S62736,ML1 1TB,"MOTHERWELL HEALTH CENTRE, 138-144 WINDMILL STREET, MOTHERWELL",01698 263288,,,,,,,SCOTLAND,scotland,ods_scottish_gp_practice,RO227,SCOTTISH GP PRACTICE,"RO227,RO76",https://directory.spineservices.nhs.uk/ORD/2-0-0/organisations/S62736,2022-12-12,4208,nhs_scotland_gp_practice_contact_details_and_list_sizes,https://www.opendata.nhs.scot/dataset/f23655c3-6e23-4103-a511-a80d998adb90/resource/ceddbf27-0686-4f4b-b9a2-0090d28c3864/download/practice_contact_details_20260101_opendata.csv,20260101,KNOWETOP MEDICAL PRACTICE ML1 1TB
SAME DAY CLINIC,S65912,ML1 1TB,"MOTHERWELL HEALTH CENTRE, 138-144 WINDMILL STREET, MOTHERWELL",01698 242610,,,,,,,SCOTLAND,scotland,ods_scottish_gp_practice,RO227,SCOTTISH GP PRACTICE,"RO227,RO76",https://directory.spineservices.nhs.uk/ORD/2-0-0/organisations/S65912,2022-12-12,,,,,SAME DAY CLINIC ML1 1TB
THE MOTHERWELL MEDICAL PRACTICE,S60213,ML1 1TB,"MOTHERWELL HEALTH CENTRE, 138-144 WINDMILL STREET, MOTHERWELL",01698 265193,,,,,,,SCOTLAND,scotland,ods_scottish_gp_practice,RO227,SCOTTISH GP PRACTICE,"RO227,RO76",https://directory.spineservices.nhs.uk/ORD/2-0-0/organisations/S60213,2022-11-18,15170,nhs_scotland_gp_practice_contact_details_and_list_sizes,https://www.opendata.nhs.scot/dataset/f23655c3-6e23-4103-a511-a80d998adb90/resource/ceddbf27-0686-4f4b-b9a2-0090d28c3864/download/practice_contact_details_20260101_opendata.csv,20260101,THE MOTHERWELL MEDICAL PRACTICE ML1 1TB
GLENCAIRN MEDICAL PRACTICE,S62717,ML1 2PJ,"MODRYVALE MEDICAL CENTRE, TOLL STREET, MOTHERWELL",01698 265566,,,,,,,SCOTLAND,scotland,ods_scottish_gp_practice,RO227,SCOTTISH GP PRACTICE,"RO227,RO76",https://directory.spineservices.nhs.uk/ORD/2-0-0/organisations/S62717,2026-01-16,9932,nhs_scotland_gp_practice_contact_details_and_list_sizes,https://www.opendata.nhs.scot/dataset/f23655c3-6e23-4103-a511-a80d998adb90/resource/ceddbf27-0686-4f4b-b9a2-0090d28c3864/download/practice_contact_details_20260101_opendata.csv,20260101,GLENCAIRN MEDICAL PRACTICE ML1 2PJ
ORCHARD MEDICAL CENTRE,S62609,ML1 3JX,"41 LADYWELL ROAD, MOTHERWELL",01698 242700,,,,,,,SCOTLAND,scotland,ods_scottish_gp_practice,RO227,SCOTTISH GP PRACTICE,"RO227,RO76",https://directory.spineservices.nhs.uk/ORD/2-0-0/organisations/S62609,2022-12-12,12680,nhs_scotland_gp_practice_contact_details_and_list_sizes,https://www.opendata.nhs.scot/dataset/f23655c3-6e23-4103-a511-a80d998adb90/resource/ceddbf27-0686-4f4b-b9a2-0090d28c3864/download/practice_contact_details_20260101_opendata.csv,20260101,ORCHARD MEDICAL CENTRE ML1 3JX
FULLWOOD MEDICAL PRACTICE,S62045,ML1 4LT,"120 STEVENSTON STREET, NEW STEVENSTON, MOTHERWELL",01698 834488,,,,,,,SCOTLAND,scotland,ods_scottish_gp_practice,RO227,SCOTTISH GP PRACTICE,"RO227,RO76",https://directory.spineservices.nhs.uk/ORD/2-0-0/organisations/S62045,2022-12-12,3043,nhs_scotland_gp_practice_contact_details_and_list_sizes,https://www.opendata.nhs.scot/dataset/f23655c3-6e23-4103-a511-a80d998adb90/resource/ceddbf27-0686-4f4b-b9a2-0090d28c3864/download/practice_contact_details_20260101_opendata.csv,20260101,FULLWOOD MEDICAL PRACTICE ML1 4LT
HOLYTOWN SURGERY,S62120,ML1 4TH,"43-45 MAIN STREET, HOLYTOWN, MOTHERWELL",01698 732463,,,,,,,SCOTLAND,scotland,ods_scottish_gp_practice,RO227,SCOTTISH GP PRACTICE,"RO227,RO76",https://directory.spineservices.nhs.uk/ORD/2-0-0/organisations/S62120,2023-01-16,3910,nhs_scotland_gp_practice_contact_details_and_list_sizes,https://www.opendata.nhs.scot/dataset/f23655c3-6e23-4103-a511-a80d998adb90/resource/ceddbf27-0686-4f4b-b9a2-0090d28c3864/download/practice_contact_details_20260101_opendata.csv,20260101,HOLYTOWN SURGERY ML1 4TH
NEWARTHILL MEDICAL PRACTICE,S62115,ML1 5AG,"15 CARFIN ROAD, NEWARTHILL, MOTHERWELL",01698 732501,,,,,,,SCOTLAND,scotland,ods_scottish_gp_practice,RO227,SCOTTISH GP PRACTICE,"RO227,RO76",https://directory.spineservices.nhs.uk/ORD/2-0-0/organisations/S62115,2022-12-12,3124,nhs_scotland_gp_practice_contact_details_and_list_sizes,https://www.opendata.nhs.scot/dataset/f23655c3-6e23-4103-a511-a80d998adb90/resource/ceddbf27-0686-4f4b-b9a2-0090d28c3864/download/practice_contact_details_20260101_opendata.csv,20260101,NEWARTHILL MEDICAL PRACTICE ML1 5AG
MACINNES MEDICAL CENTRE,S63546,ML1 5JU,"60/64 HIGH STREET, NEWARTHILL, MOTHERWELL",01698 860246,,,,,,,SCOTLAND,scotland,ods_scottish_gp_practice,RO227,SCOTTISH GP PRACTICE,"RO227,RO76",https://directory.spineservices.nhs.uk/ORD/2-0-0/organisations/S63546,2022-12-12,9032,nhs_scotland_gp_practice_contact_details_and_list_sizes,https://www.opendata.nhs.scot/dataset/f23655c3-6e23-4103-a511-a80d998adb90/resource/ceddbf27-0686-4f4b-b9a2-0090d28c3864/download/practice_contact_details_20260101_opendata.csv,20260101,MACINNES MEDICAL CENTRE ML1 5JU
ALBA MEDICAL GROUP,S63724,ML10 6AS,"STRATHAVEN HEALTH CENTRE, THE WARD, STRATHAVEN",01357 522993,,,,,,,SCOTLAND,scotland,ods_scottish_gp_practice,RO227,SCOTTISH GP PRACTICE,"RO227,RO76",https://directory.spineservices.nhs.uk/ORD/2-0-0/organisations/S63724,2023-01-16,18100,nhs_scotland_gp_practice_contact_details_and_list_sizes,https://www.opendata.nhs.scot/dataset/f23655c3-6e23-4103-a511-a80d998adb90/resource/ceddbf27-0686-4f4b-b9a2-0090d28c3864/download/practice_contact_details_20260101_opendata.csv,20260101,ALBA MEDICAL GROUP ML10 6AS
AVONDALE MEDICAL PRACTICE,S63739,ML10 6AS,"STRATHAVEN MEDICAL CENTRE, THE WARD, STRATHAVEN",01357 529595,,,,,,,SCOTLAND,scotland,ods_scottish_gp_practice,RO227,SCOTTISH GP PRACTICE,"RO227,RO76",https://directory.spineservices.nhs.uk/ORD/2-0-0/organisations/S63739,2022-08-18,8726,nhs_scotland_gp_practice_contact_details_and_list_sizes,https://www.opendata.nhs.scot/dataset/f23655c3-6e23-4103-a511-a80d998adb90/resource/ceddbf27-0686-4f4b-b9a2-0090d28c3864/download/practice_contact_details_20260101_opendata.csv,20260101,AVONDALE MEDICAL PRACTICE ML10 6AS
DUNGAVEL HOUSE I R C,S60232,ML10 6RF,"DUNGAVEL HOUSE, STRATHAVEN",01698 395019,,,,,,,SCOTLAND,scotland,ods_scottish_gp_practice,RO227,SCOTTISH GP PRACTICE,"RO227,RO72",https://directory.spineservices.nhs.uk/ORD/2-0-0/organisations/S60232,2022-11-18,,,,,DUNGAVEL HOUSE I R C ML10 6RF
GLEBE MEDICAL PRACTICE,S62632,ML11 0DB,"GLEBE MEDICAL CENTRE, ABBEYGREEN, LANARK",01555 892328,,,,,,,SCOTLAND,scotland,ods_scottish_gp_practice,RO227,SCOTTISH GP PRACTICE,"RO227,RO76",https://directory.spineservices.nhs.uk/ORD/2-0-0/organisations/S62632,2022-10-07,6403,nhs_scotland_gp_practice_contact_details_and_list_sizes,https://www.opendata.nhs.scot/dataset/f23655c3-6e23-4103-a511-a80d998adb90/resource/ceddbf27-0686-4f4b-b9a2-0090d28c3864/download/practice_contact_details_20260101_opendata.csv,20260101,GLEBE MEDICAL PRACTICE ML11 0DB
DOUGLASDALE MEDICAL PRACTICE,S62510,ML11 0PX,"69 AYR ROAD, DOUGLAS, LANARK",01555 851226,,,,,,,SCOTLAND,scotland,ods_scottish_gp_practice,RO227,SCOTTISH GP PRACTICE,"RO227,RO76",https://directory.spineservices.nhs.uk/ORD/2-0-0/organisations/S62510,2022-12-12,5437,nhs_scotland_gp_practice_contact_details_and_list_sizes,https://www.opendata.nhs.scot/dataset/f23655c3-6e23-4103-a511-a80d998adb90/resource/ceddbf27-0686-4f4b-b9a2-0090d28c3864/download/practice_contact_details_20260101_opendata.csv,20260101,DOUGLASDALE MEDICAL PRACTICE ML11 0PX
ALBA MEDICAL GROUP - LANARK,S63921,ML11 7DH,"WOODSTOCK ROAD, LANARK",01555 665522,,,,,,,SCOTLAND,scotland,ods_scottish_gp_practice,RO227,SCOTTISH GP PRACTICE,"RO227,RO76",https://directory.spineservices.nhs.uk/ORD/2-0-0/organisations/S63921,2023-01-16,12338,nhs_scotland_gp_practice_contact_details_and_list_sizes,https://www.opendata.nhs.scot/dataset/f23655c3-6e23-4103-a511-a80d998adb90/resource/ceddbf27-0686-4f4b-b9a2-0090d28c3864/download/practice_contact_details_20260101_opendata.csv,20260101,ALBA MEDICAL GROUP - LANARK ML11 7DH
KINGSHILL MEDICAL PRACTICE,S62346,ML11 8AJ,"40 MANSE ROAD, FORTH, LANARK",01555 811200,,,,,,,SCOTLAND,scotland,ods_scottish_gp_practice,RO227,SCOTTISH GP PRACTICE,"RO227,RO76",https://directory.spineservices.nhs.uk/ORD/2-0-0/organisations/S62346,2022-12-12,3002,nhs_scotland_gp_practice_contact_details_and_list_sizes,https://www.opendata.nhs.scot/dataset/f23655c3-6e23-4103-a511-a80d998adb90/resource/ceddbf27-0686-4f4b-b9a2-0090d28c3864/download/practice_contact_details_20260101_opendata.csv,20260101,KINGSHILL MEDICAL PRACTICE ML11 8AJ
MEDWYN MEDICAL PRACTICE,S63917,ML11 8HJ,"THE HEALTH CENTRE, 7 BIGGAR ROAD, LANARK",01555 840214,,,,,,,SCOTLAND,scotland,ods_scottish_gp_practice,RO227,SCOTTISH GP PRACTICE,"RO227,RO76",https://directory.spineservices.nhs.uk/ORD/2-0-0/organisations/S63917,2024-02-19,5853,nhs_scotland_gp_practice_contact_details_and_list_sizes,https://www.opendata.nhs.scot/dataset/f23655c3-6e23-4103-a511-a80d998adb90/resource/ceddbf27-0686-4f4b-b9a2-0090d28c3864/download/practice_contact_details_20260101_opendata.csv,20260101,MEDWYN MEDICAL PRACTICE ML11 8HJ
TINTO VIEW HEALTH CENTRE,S60016,ML11 8RP,"THE STATE HOSPITAL, LAMPITS ROAD, LANARK",01555 840293,,,,,,,SCOTLAND,scotland,ods_scottish_gp_practice,RO227,SCOTTISH GP PRACTICE,"RO227,RO76",https://directory.spineservices.nhs.uk/ORD/2-0-0/organisations/S60016,2022-12-12,,,,,TINTO VIEW HEALTH CENTRE ML11 8RP
BLACKWOOD MEDICAL PRACTICE,S62628,ML11 9RT,"125 CARLISLE ROAD, BLACKWOOD, LANARK",01555 893961,,,,,,,SCOTLAND,scotland,ods_scottish_gp_practice,RO227,SCOTTISH GP PRACTICE,"RO227,RO76",https://directory.spineservices.nhs.uk/ORD/2-0-0/organisations/S62628,2022-12-12,3887,nhs_scotland_gp_practice_contact_details_and_list_sizes,https://www.opendata.nhs.scot/dataset/f23655c3-6e23-4103-a511-a80d998adb90/resource/ceddbf27-0686-4f4b-b9a2-0090d28c3864/download/practice_contact_details_20260101_opendata.csv,20260101,BLACKWOOD MEDICAL PRACTICE ML11 9RT
BIGGAR MEDICAL PRACTICE,S62312,ML12 6BE,"BIGGAR HEALTH CENTRE, SOUTH CROFT ROAD, BIGGAR",01899 220383,,,,,,,SCOTLAND,scotland,ods_scottish_gp_practice,RO227,SCOTTISH GP PRACTICE,"RO227,RO76",https://directory.spineservices.nhs.uk/ORD/2-0-0/organisations/S62312,2022-12-12,8008,nhs_scotland_gp_practice_contact_details_and_list_sizes,https://www.opendata.nhs.scot/dataset/f23655c3-6e23-4103-a511-a80d998adb90/resource/ceddbf27-0686-4f4b-b9a2-0090d28c3864/download/practice_contact_details_20260101_opendata.csv,20260101,BIGGAR MEDICAL PRACTICE ML12 6BE
BRANCHALWOOD MEDICAL PRACTICE,S62967,ML2 7LP,"HOULDSWORTH CENTRE, KENILWORTH AVENUE, WISHAW",01698 372888,,,,,,,SCOTLAND,scotland,ods_scottish_gp_practice,RO227,SCOTTISH GP PRACTICE,"RO227,RO76",https://directory.spineservices.nhs.uk/ORD/2-0-0/organisations/S62967,2022-10-07,6245,nhs_scotland_gp_practice_contact_details_and_list_sizes,https://www.opendata.nhs.scot/dataset/f23655c3-6e23-4103-a511-a80d998adb90/resource/ceddbf27-0686-4f4b-b9a2-0090d28c3864/download/practice_contact_details_20260101_opendata.csv,20260101,BRANCHALWOOD MEDICAL PRACTICE ML2 7LP
CALDER VALLEY SURGERY,S63902,ML2 7LP,"HOULDSWORTH CENTRE, KENILWORTH AVENUE, WISHAW",01698 356420,,,,,,,SCOTLAND,scotland,ods_scottish_gp_practice,RO227,SCOTTISH GP PRACTICE,"RO227,RO76",https://directory.spineservices.nhs.uk/ORD/2-0-0/organisations/S63902,2022-12-12,2019,nhs_scotland_gp_practice_contact_details_and_list_sizes,https://www.opendata.nhs.scot/dataset/f23655c3-6e23-4103-a511-a80d998adb90/resource/ceddbf27-0686-4f4b-b9a2-0090d28c3864/download/practice_contact_details_20260101_opendata.csv,20260101,CALDER VALLEY SURGERY ML2 7LP
CLYDE VIEW MEDICAL PRACTICE,S62671,ML2 7LP,"HOULDSWORTH CENTRE, KENILWORTH AVENUE, WISHAW",01698 372201,,,,,,,SCOTLAND,scotland,ods_scottish_gp_practice,RO227,SCOTTISH GP PRACTICE,"RO227,RO76",https://directory.spineservices.nhs.uk/ORD/2-0-0/organisations/S62671,2022-10-07,8820,nhs_scotland_gp_practice_contact_details_and_list_sizes,https://www.opendata.nhs.scot/dataset/f23655c3-6e23-4103-a511-a80d998adb90/resource/ceddbf27-0686-4f4b-b9a2-0090d28c3864/download/practice_contact_details_20260101_opendata.csv,20260101,CLYDE VIEW MEDICAL PRACTICE ML2 7LP
LOGAN PRACTICE,S62933,ML2 7LP,"HOULDSWORTH CENTRE, KENILWORTH AVENUE, WISHAW",01698 373341,,,,,,,SCOTLAND,scotland,ods_scottish_gp_practice,RO227,SCOTTISH GP PRACTICE,"RO227,RO76",https://directory.spineservices.nhs.uk/ORD/2-0-0/organisations/S62933,2022-10-07,17946,nhs_scotland_gp_practice_contact_details_and_list_sizes,https://www.opendata.nhs.scot/dataset/f23655c3-6e23-4103-a511-a80d998adb90/resource/ceddbf27-0686-4f4b-b9a2-0090d28c3864/download/practice_contact_details_20260101_opendata.csv,20260101,LOGAN PRACTICE ML2 7LP
MANSE ROAD MEDICAL CENTRE,S63890,ML2 9AX,"18 MANSE ROAD, NEWMAINS, WISHAW",01698 383296,,,,,,,SCOTLAND,scotland,ods_scottish_gp_practice,RO227,SCOTTISH GP PRACTICE,"RO227,RO76",https://directory.spineservices.nhs.uk/ORD/2-0-0/organisations/S63890,2022-12-12,3896,nhs_scotland_gp_practice_contact_details_and_list_sizes,https://www.opendata.nhs.scot/dataset/f23655c3-6e23-4103-a511-a80d998adb90/resource/ceddbf27-0686-4f4b-b9a2-0090d28c3864/download/practice_contact_details_20260101_opendata.csv,20260101,MANSE ROAD MEDICAL CENTRE ML2 9AX
PRIMARY CARE OOH CENTRE,S64036,ML3 0BP,"19 DOUGLAS STREET, HAMILTON",03003 030109,,,,,,,SCOTLAND,scotland,ods_scottish_gp_practice,RO227,SCOTTISH GP PRACTICE,"RO227,RO76",https://directory.spineservices.nhs.uk/ORD/2-0-0/organisations/S64036,2022-08-24,,,,,PRIMARY CARE OOH CENTRE ML3 0BP
DOUGLAS STREET SURGERY,S63457,ML3 0DR,"1 DOUGLAS STREET, HAMILTON",01698 286262,,,,,,,SCOTLAND,scotland,ods_scottish_gp_practice,RO227,SCOTTISH GP PRACTICE,"RO227,RO76",https://directory.spineservices.nhs.uk/ORD/2-0-0/organisations/S63457,2022-12-12,7837,nhs_scotland_gp_practice_contact_details_and_list_sizes,https://www.opendata.nhs.scot/dataset/f23655c3-6e23-4103-a511-a80d998adb90/resource/ceddbf27-0686-4f4b-b9a2-0090d28c3864/download/practice_contact_details_20260101_opendata.csv,20260101,DOUGLAS STREET SURGERY ML3 0DR
BURNBANK MEDICAL CENTRE,S63419,ML3 0NQ,"18 BURNBANK CENTRE, HAMILTON",01698 286555,,,,,,,SCOTLAND,scotland,ods_scottish_gp_practice,RO227,SCOTTISH GP PRACTICE,"RO227,RO76",https://directory.spineservices.nhs.uk/ORD/2-0-0/organisations/S63419,2022-12-12,8519,nhs_scotland_gp_practice_contact_details_and_list_sizes,https://www.opendata.nhs.scot/dataset/f23655c3-6e23-4103-a511-a80d998adb90/resource/ceddbf27-0686-4f4b-b9a2-0090d28c3864/download/practice_contact_details_20260101_opendata.csv,20260101,BURNBANK MEDICAL CENTRE ML3 0NQ
OAK LODGE,S63442,ML3 7EN,"32 MILLER STREET, HAMILTON",01698 282350,,,,,,,SCOTLAND,scotland,ods_scottish_gp_practice,RO227,SCOTTISH GP PRACTICE,"RO227,RO76",https://directory.spineservices.nhs.uk/ORD/2-0-0/organisations/S63442,2022-12-12,6939,nhs_scotland_gp_practice_contact_details_and_list_sizes,https://www.opendata.nhs.scot/dataset/f23655c3-6e23-4103-a511-a80d998adb90/resource/ceddbf27-0686-4f4b-b9a2-0090d28c3864/download/practice_contact_details_20260101_opendata.csv,20260101,OAK LODGE ML3 7EN
DTTO CLINIC,S65791,ML3 7JA,"REGENT HOUSE, 9 HIGH PATRICK STREET, HAMILTON",01698 452800,,,,,,,SCOTLAND,scotland,ods_scottish_gp_practice,RO227,SCOTTISH GP PRACTICE,"RO227,RO72",https://directory.spineservices.nhs.uk/ORD/2-0-0/organisations/S65791,2022-11-18,,,,,DTTO CLINIC ML3 7JA
PORTLAND PARK MEDICAL CENTRE,S63423,ML3 7JY,"51 PORTLAND PARK, HAMILTON",01698 284353,,,,,,,SCOTLAND,scotland,ods_scottish_gp_practice,RO227,SCOTTISH GP PRACTICE,"RO227,RO76",https://directory.spineservices.nhs.uk/ORD/2-0-0/organisations/S63423,2022-10-04,7091,nhs_scotland_gp_practice_contact_details_and_list_sizes,https://www.opendata.nhs.scot/dataset/f23655c3-6e23-4103-a511-a80d998adb90/resource/ceddbf27-0686-4f4b-b9a2-0090d28c3864/download/practice_contact_details_20260101_opendata.csv,20260101,PORTLAND PARK MEDICAL CENTRE ML3 7JY
DRS CLOKEY & MCSHANE,S63476,ML3 7QQ,"CADZOW HEALTH CENTRE, 187 LOW WATERS ROAD, HAMILTON",01698 327028,,,,,,,SCOTLAND,scotland,ods_scottish_gp_practice,RO227,SCOTTISH GP PRACTICE,"RO227,RO76",https://directory.spineservices.nhs.uk/ORD/2-0-0/organisations/S63476,2022-08-18,5661,nhs_scotland_gp_practice_contact_details_and_list_sizes,https://www.opendata.nhs.scot/dataset/f23655c3-6e23-4103-a511-a80d998adb90/resource/ceddbf27-0686-4f4b-b9a2-0090d28c3864/download/practice_contact_details_20260101_opendata.csv,20260101,DRS CLOKEY & MCSHANE ML3 7QQ
DR JM SIMPSON & PARTNERS,S63481,ML3 8AA,"LOW WATERS MEDICAL CENTRE, 11 MILL ROAD, HAMILTON",01698 283626,,,,,,,SCOTLAND,scotland,ods_scottish_gp_practice,RO227,SCOTTISH GP PRACTICE,"RO227,RO76",https://directory.spineservices.nhs.uk/ORD/2-0-0/organisations/S63481,2022-08-18,8171,nhs_scotland_gp_practice_contact_details_and_list_sizes,https://www.opendata.nhs.scot/dataset/f23655c3-6e23-4103-a511-a80d998adb90/resource/ceddbf27-0686-4f4b-b9a2-0090d28c3864/download/practice_contact_details_20260101_opendata.csv,20260101,DR JM SIMPSON & PARTNERS ML3 8AA
HAMILTON WEST MEDICAL PRACTICE,S63461,ML3 9AQ,"53 BURNBANK ROAD, HAMILTON",01698 281407,,,,,,,SCOTLAND,scotland,ods_scottish_gp_practice,RO227,SCOTTISH GP PRACTICE,"RO227,RO76",https://directory.spineservices.nhs.uk/ORD/2-0-0/organisations/S63461,2022-12-12,6537,nhs_scotland_gp_practice_contact_details_and_list_sizes,https://www.opendata.nhs.scot/dataset/f23655c3-6e23-4103-a511-a80d998adb90/resource/ceddbf27-0686-4f4b-b9a2-0090d28c3864/download/practice_contact_details_20260101_opendata.csv,20260101,HAMILTON WEST MEDICAL PRACTICE ML3 9AQ
WELLHALL MEDICAL CENTRE,S63438,ML3 9TZ,"WELLHAL MEDICAL CENTRE, 4 HILLHOUSE ROAD, HAMILTON",01698 285818,,,,,,,SCOTLAND,scotland,ods_scottish_gp_practice,RO227,SCOTTISH GP PRACTICE,"RO227,RO76",https://directory.spineservices.nhs.uk/ORD/2-0-0/organisations/S63438,2022-12-12,12553,nhs_scotland_gp_practice_contact_details_and_list_sizes,https://www.opendata.nhs.scot/dataset/f23655c3-6e23-4103-a511-a80d998adb90/resource/ceddbf27-0686-4f4b-b9a2-0090d28c3864/download/practice_contact_details_20260101_opendata.csv,20260101,WELLHALL MEDICAL CENTRE ML3 9TZ
MOSSEND SURGERY,S62011,ML4 1DQ,"494 MAIN STREET, BELLSHILL",01698 748421,,,,,,,SCOTLAND,scotland,ods_scottish_gp_practice,RO227,SCOTTISH GP PRACTICE,"RO227,RO76",https://directory.spineservices.nhs.uk/ORD/2-0-0/organisations/S62011,2022-12-12,6530,nhs_scotland_gp_practice_contact_details_and_list_sizes,https://www.opendata.nhs.scot/dataset/f23655c3-6e23-4103-a511-a80d998adb90/resource/ceddbf27-0686-4f4b-b9a2-0090d28c3864/download/practice_contact_details_20260101_opendata.csv,20260101,MOSSEND SURGERY ML4 1DQ
JOHN STREET SURGERY,S62050,ML4 1PS,"BELLSHILL COMMUNITY HEALTH CLINIC, GREENMOSS PLACE, BELLSHILL",01698 575738,,,,,,,SCOTLAND,scotland,ods_scottish_gp_practice,RO227,SCOTTISH GP PRACTICE,"RO227,RO76",https://directory.spineservices.nhs.uk/ORD/2-0-0/organisations/S62050,2022-12-12,7894,nhs_scotland_gp_practice_contact_details_and_list_sizes,https://www.opendata.nhs.scot/dataset/f23655c3-6e23-4103-a511-a80d998adb90/resource/ceddbf27-0686-4f4b-b9a2-0090d28c3864/download/practice_contact_details_20260101_opendata.csv,20260101,JOHN STREET SURGERY ML4 1PS
BRUCE MEDICAL CENTRE,S62031,ML4 1QD,"2 POLLOCK STREET, MOSSEND, BELLSHILL",01698 747666,,,,,,,SCOTLAND,scotland,ods_scottish_gp_practice,RO227,SCOTTISH GP PRACTICE,"RO227,RO76",https://directory.spineservices.nhs.uk/ORD/2-0-0/organisations/S62031,2022-08-18,8146,nhs_scotland_gp_practice_contact_details_and_list_sizes,https://www.opendata.nhs.scot/dataset/f23655c3-6e23-4103-a511-a80d998adb90/resource/ceddbf27-0686-4f4b-b9a2-0090d28c3864/download/practice_contact_details_20260101_opendata.csv,20260101,BRUCE MEDICAL CENTRE ML4 1QD
GLENBOIG SURGERY,S60228,ML5 2RY,"8 CENTRE STREET, GLENBOIG, COATBRIDGE",01236 872617,,,,,,,SCOTLAND,scotland,ods_scottish_gp_practice,RO227,SCOTTISH GP PRACTICE,"RO227,RO76",https://directory.spineservices.nhs.uk/ORD/2-0-0/organisations/S60228,2022-12-12,4345,nhs_scotland_gp_practice_contact_details_and_list_sizes,https://www.opendata.nhs.scot/dataset/f23655c3-6e23-4103-a511-a80d998adb90/resource/ceddbf27-0686-4f4b-b9a2-0090d28c3864/download/practice_contact_details_20260101_opendata.csv,20260101,GLENBOIG SURGERY ML5 2RY
ALBA MEDICAL GROUP - COATBANK,S61663,ML5 3AP,"COATBRIDGE HEALTH CENTRE, 1 CENTRE PARK COURT, COATBRIDGE",01236 422950,,,,,,,SCOTLAND,scotland,ods_scottish_gp_practice,RO227,SCOTTISH GP PRACTICE,"RO227,RO76",https://directory.spineservices.nhs.uk/ORD/2-0-0/organisations/S61663,2025-04-23,6178,nhs_scotland_gp_practice_contact_details_and_list_sizes,https://www.opendata.nhs.scot/dataset/f23655c3-6e23-4103-a511-a80d998adb90/resource/ceddbf27-0686-4f4b-b9a2-0090d28c3864/download/practice_contact_details_20260101_opendata.csv,20260101,ALBA MEDICAL GROUP - COATBANK ML5 3AP
THE FARADAY MEDICAL PRACTICE,S61240,ML5 3AP,"COATBRIDGE HEALTH CENTRE, 1 CENTRE PARK COURT, COATBRIDGE",01236 433300,,,,,,,SCOTLAND,scotland,ods_scottish_gp_practice,RO227,SCOTTISH GP PRACTICE,"RO227,RO76",https://directory.spineservices.nhs.uk/ORD/2-0-0/organisations/S61240,2022-08-18,7017,nhs_scotland_gp_practice_contact_details_and_list_sizes,https://www.opendata.nhs.scot/dataset/f23655c3-6e23-4103-a511-a80d998adb90/resource/ceddbf27-0686-4f4b-b9a2-0090d28c3864/download/practice_contact_details_20260101_opendata.csv,20260101,THE FARADAY MEDICAL PRACTICE ML5 3AP
WAVERLEY MEDICAL PRACTICE,S61447,ML5 3AP,"COATBRIDGE HEALTH CENTRE, 1 CENTRE PARK COURT, COATBRIDGE",01236 422311,,,,,,,SCOTLAND,scotland,ods_scottish_gp_practice,RO227,SCOTTISH GP PRACTICE,"RO227,RO76",https://directory.spineservices.nhs.uk/ORD/2-0-0/organisations/S61447,2022-08-18,22806,nhs_scotland_gp_practice_contact_details_and_list_sizes,https://www.opendata.nhs.scot/dataset/f23655c3-6e23-4103-a511-a80d998adb90/resource/ceddbf27-0686-4f4b-b9a2-0090d28c3864/download/practice_contact_details_20260101_opendata.csv,20260101,WAVERLEY MEDICAL PRACTICE ML5 3AP
ATRIUM MEDICAL PRACTICE,S61466,ML5 3BJ,"BUCHANAN CENTRE, 126-130 MAIN STREET, COATBRIDGE",01236 421211,,,,,,,SCOTLAND,scotland,ods_scottish_gp_practice,RO227,SCOTTISH GP PRACTICE,"RO227,RO76",https://directory.spineservices.nhs.uk/ORD/2-0-0/organisations/S61466,2022-12-12,6575,nhs_scotland_gp_practice_contact_details_and_list_sizes,https://www.opendata.nhs.scot/dataset/f23655c3-6e23-4103-a511-a80d998adb90/resource/ceddbf27-0686-4f4b-b9a2-0090d28c3864/download/practice_contact_details_20260101_opendata.csv,20260101,ATRIUM MEDICAL PRACTICE ML5 3BJ
CHURCH STREET PRACTICE,S61485,ML5 3BJ,"BUCHANAN CENTRE, 126-130 MAIN STREET, COATBRIDGE",01236 422678,,,,,,,SCOTLAND,scotland,ods_scottish_gp_practice,RO227,SCOTTISH GP PRACTICE,"RO227,RO76",https://directory.spineservices.nhs.uk/ORD/2-0-0/organisations/S61485,2022-08-18,6190,nhs_scotland_gp_practice_contact_details_and_list_sizes,https://www.opendata.nhs.scot/dataset/f23655c3-6e23-4103-a511-a80d998adb90/resource/ceddbf27-0686-4f4b-b9a2-0090d28c3864/download/practice_contact_details_20260101_opendata.csv,20260101,CHURCH STREET PRACTICE ML5 3BJ
CENTENARY SURGERY,S61216,ML5 4BY,"9 CENTENARY GARDENS, COATBRIDGE",01236 423355,,,,,,,SCOTLAND,scotland,ods_scottish_gp_practice,RO227,SCOTTISH GP PRACTICE,"RO227,RO76",https://directory.spineservices.nhs.uk/ORD/2-0-0/organisations/S61216,2022-08-18,2449,nhs_scotland_gp_practice_contact_details_and_list_sizes,https://www.opendata.nhs.scot/dataset/f23655c3-6e23-4103-a511-a80d998adb90/resource/ceddbf27-0686-4f4b-b9a2-0090d28c3864/download/practice_contact_details_20260101_opendata.csv,20260101,CENTENARY SURGERY ML5 4BY
COMMUNITY PRESCRIBING SERVICE,S65908,ML5 4DN,"COATHILL HOSPITAL, HOSPITAL STREET, COATBRIDGE",01236 441085,,,,,,,SCOTLAND,scotland,ods_scottish_gp_practice,RO227,SCOTTISH GP PRACTICE,"RO227,RO72",https://directory.spineservices.nhs.uk/ORD/2-0-0/organisations/S65908,2022-08-24,,,,,COMMUNITY PRESCRIBING SERVICE ML5 4DN
ST ANDREW'S HOSPICE,S60001,ML6 6AF,"HENDERSON STREET, AIRDRIE",01236 766951,,,,,,,SCOTLAND,scotland,ods_scottish_gp_practice,RO227,SCOTTISH GP PRACTICE,"RO227,RO76",https://directory.spineservices.nhs.uk/ORD/2-0-0/organisations/S60001,2022-08-18,,,,,ST ANDREW'S HOSPICE ML6 6AF
PHARMORE PLUS,S65804,ML6 6BU,"40-42 GRAHAM STREET, AIRDRIE",01236 762094,,,,,,,SCOTLAND,scotland,ods_scottish_gp_practice,RO227,SCOTTISH GP PRACTICE,"RO227,RO76",https://directory.spineservices.nhs.uk/ORD/2-0-0/organisations/S65804,2022-10-06,,,,,PHARMORE PLUS ML6 6BU
ADAM AVENUE PRACTICE,S61061,ML6 6DB,"DR R CLEMENTS & PARTNERS, AIRDRIE COMMUNITY HEALTH CENTRE, AIRDRIE",01236 762585,,,,,,,SCOTLAND,scotland,ods_scottish_gp_practice,RO227,SCOTTISH GP PRACTICE,"RO227,RO76",https://directory.spineservices.nhs.uk/ORD/2-0-0/organisations/S61061,2024-07-18,10163,nhs_scotland_gp_practice_contact_details_and_list_sizes,https://www.opendata.nhs.scot/dataset/f23655c3-6e23-4103-a511-a80d998adb90/resource/ceddbf27-0686-4f4b-b9a2-0090d28c3864/download/practice_contact_details_20260101_opendata.csv,20260101,ADAM AVENUE PRACTICE ML6 6DB
BANKHOUSE MEDICAL PRACTICE,S61151,ML6 6DB,"AIRDRIE COMMUNITY HEALTH CENTRE, 88 GRAHAM STREET, AIRDRIE",01236 766983,,,,,,,SCOTLAND,scotland,ods_scottish_gp_practice,RO227,SCOTTISH GP PRACTICE,"RO227,RO76",https://directory.spineservices.nhs.uk/ORD/2-0-0/organisations/S61151,2022-12-12,6012,nhs_scotland_gp_practice_contact_details_and_list_sizes,https://www.opendata.nhs.scot/dataset/f23655c3-6e23-4103-a511-a80d998adb90/resource/ceddbf27-0686-4f4b-b9a2-0090d28c3864/download/practice_contact_details_20260101_opendata.csv,20260101,BANKHOUSE MEDICAL PRACTICE ML6 6DB
PRIMARY CARE OOH CENTRE,S64041,ML6 6DB,"AIRDRIE COMMUNITY HEALTH CENTRE, 88 GRAHAM STREET, AIRDRIE",03000 300109,,,,,,,SCOTLAND,scotland,ods_scottish_gp_practice,RO227,SCOTTISH GP PRACTICE,"RO227,RO76",https://directory.spineservices.nhs.uk/ORD/2-0-0/organisations/S64041,2022-08-24,,,,,PRIMARY CARE OOH CENTRE ML6 6DB
THISTLE MEDICAL PRACTICE,S61659,ML6 6DB,"AIRDRIE COMMUNITY HEALTH CENTRE, 88 GRAHAM STREET, AIRDRIE",01236 768181,,,,,,,SCOTLAND,scotland,ods_scottish_gp_practice,RO227,SCOTTISH GP PRACTICE,"RO227,RO76",https://directory.spineservices.nhs.uk/ORD/2-0-0/organisations/S61659,2022-11-18,6621,nhs_scotland_gp_practice_contact_details_and_list_sizes,https://www.opendata.nhs.scot/dataset/f23655c3-6e23-4103-a511-a80d998adb90/resource/ceddbf27-0686-4f4b-b9a2-0090d28c3864/download/practice_contact_details_20260101_opendata.csv,20260101,THISTLE MEDICAL PRACTICE ML6 6DB
TINTO MEDICAL PRACTICE,S61131,ML6 6DB,"AIRDRIE COMMUNITY HEALTH CENTRE, 88 GRAHAM STREET, AIRDRIE",01236 748488,,,,,,,SCOTLAND,scotland,ods_scottish_gp_practice,RO227,SCOTTISH GP PRACTICE,"RO227,RO76",https://directory.spineservices.nhs.uk/ORD/2-0-0/organisations/S61131,2022-08-18,5587,nhs_scotland_gp_practice_contact_details_and_list_sizes,https://www.opendata.nhs.scot/dataset/f23655c3-6e23-4103-a511-a80d998adb90/resource/ceddbf27-0686-4f4b-b9a2-0090d28c3864/download/practice_contact_details_20260101_opendata.csv,20260101,TINTO MEDICAL PRACTICE ML6 6DB
WELLWYND PRACTICE,S61625,ML6 6DB,"AIRDRIE COMMUNITY HEALTH CENTRE, 88 GRAHAM STREET, AIRDRIE",01236 769333,,,,,,,SCOTLAND,scotland,ods_scottish_gp_practice,RO227,SCOTTISH GP PRACTICE,"RO227,RO76",https://directory.spineservices.nhs.uk/ORD/2-0-0/organisations/S61625,2022-11-18,20658,nhs_scotland_gp_practice_contact_details_and_list_sizes,https://www.opendata.nhs.scot/dataset/f23655c3-6e23-4103-a511-a80d998adb90/resource/ceddbf27-0686-4f4b-b9a2-0090d28c3864/download/practice_contact_details_20260101_opendata.csv,20260101,WELLWYND PRACTICE ML6 6DB
CHAPELHALL PRACTICE,S62596,ML6 8SR,"30 LAUCHOPE STREET, CHAPELHALL, AIRDRIE",01236 762144,,,,,,,SCOTLAND,scotland,ods_scottish_gp_practice,RO227,SCOTTISH GP PRACTICE,"RO227,RO76",https://directory.spineservices.nhs.uk/ORD/2-0-0/organisations/S62596,2022-09-15,7324,nhs_scotland_gp_practice_contact_details_and_list_sizes,https://www.opendata.nhs.scot/dataset/f23655c3-6e23-4103-a511-a80d998adb90/resource/ceddbf27-0686-4f4b-b9a2-0090d28c3864/download/practice_contact_details_20260101_opendata.csv,20260101,CHAPELHALL PRACTICE ML6 8SR
ROSEHALL SURGERY,S62991,ML7 4AR,"269 STATION ROAD, DYKEHEAD, SHOTTS",01501 824990,,,,,,,SCOTLAND,scotland,ods_scottish_gp_practice,RO227,SCOTTISH GP PRACTICE,"RO227,RO76",https://directory.spineservices.nhs.uk/ORD/2-0-0/organisations/S62991,2022-08-18,4015,nhs_scotland_gp_practice_contact_details_and_list_sizes,https://www.opendata.nhs.scot/dataset/f23655c3-6e23-4103-a511-a80d998adb90/resource/ceddbf27-0686-4f4b-b9a2-0090d28c3864/download/practice_contact_details_20260101_opendata.csv,20260101,ROSEHALL SURGERY ML7 4AR
BURNBRAE MEDICAL PRACTICE,S62986,ML7 5DS,"SHOTTS HEALTH CENTRE, 36 STATION ROAD, SHOTTS",01501 822256,,,,,,,SCOTLAND,scotland,ods_scottish_gp_practice,RO227,SCOTTISH GP PRACTICE,"RO227,RO76",https://directory.spineservices.nhs.uk/ORD/2-0-0/organisations/S62986,2023-01-16,9141,nhs_scotland_gp_practice_contact_details_and_list_sizes,https://www.opendata.nhs.scot/dataset/f23655c3-6e23-4103-a511-a80d998adb90/resource/ceddbf27-0686-4f4b-b9a2-0090d28c3864/download/practice_contact_details_20260101_opendata.csv,20260101,BURNBRAE MEDICAL PRACTICE ML7 5DS
THE GEORGE PRACTICE,S62897,ML7 5DS,"SHOTTS HEALTH CENTRE, 36 STATION ROAD, SHOTTS",01501 821544,,,,,,,SCOTLAND,scotland,ods_scottish_gp_practice,RO227,SCOTTISH GP PRACTICE,"RO227,RO76",https://directory.spineservices.nhs.uk/ORD/2-0-0/organisations/S62897,2023-05-15,1393,nhs_scotland_gp_practice_contact_details_and_list_sizes,https://www.opendata.nhs.scot/dataset/f23655c3-6e23-4103-a511-a80d998adb90/resource/ceddbf27-0686-4f4b-b9a2-0090d28c3864/download/practice_contact_details_20260101_opendata.csv,20260101,THE GEORGE PRACTICE ML7 5DS
FORESTBANK MEDICAL PARTNERSHIP,S62844,ML7 5QB,"HARTHILL HEALTH CENTRE, 24-26 VICTORIA STREET, SHOTTS",01501 751795,,,,,,,SCOTLAND,scotland,ods_scottish_gp_practice,RO227,SCOTTISH GP PRACTICE,"RO227,RO76",https://directory.spineservices.nhs.uk/ORD/2-0-0/organisations/S62844,2022-12-12,3625,nhs_scotland_gp_practice_contact_details_and_list_sizes,https://www.opendata.nhs.scot/dataset/f23655c3-6e23-4103-a511-a80d998adb90/resource/ceddbf27-0686-4f4b-b9a2-0090d28c3864/download/practice_contact_details_20260101_opendata.csv,20260101,FORESTBANK MEDICAL PARTNERSHIP ML7 5QB
HIGH MILL MEDICAL PRACTICE,S62219,ML8 4BA,"CARLUKE COMMUNITY HEALTH CENTRE, 40 CHAPEL STREET, CARLUKE",01555 771012,,,,,,,SCOTLAND,scotland,ods_scottish_gp_practice,RO227,SCOTTISH GP PRACTICE,"RO227,RO76",https://directory.spineservices.nhs.uk/ORD/2-0-0/organisations/S62219,2022-08-18,7537,nhs_scotland_gp_practice_contact_details_and_list_sizes,https://www.opendata.nhs.scot/dataset/f23655c3-6e23-4103-a511-a80d998adb90/resource/ceddbf27-0686-4f4b-b9a2-0090d28c3864/download/practice_contact_details_20260101_opendata.csv,20260101,HIGH MILL MEDICAL PRACTICE ML8 4BA
ST LUKE'S MEDICAL PRACTICE,S62223,ML8 4BA,"CARLUKE COMMUNITY HEALTH CENTRE, 40 CHAPEL STREET, CARLUKE",01555 752150,,,,,,,SCOTLAND,scotland,ods_scottish_gp_practice,RO227,SCOTTISH GP PRACTICE,"RO227,RO76",https://directory.spineservices.nhs.uk/ORD/2-0-0/organisations/S62223,2022-08-18,11341,nhs_scotland_gp_practice_contact_details_and_list_sizes,https://www.opendata.nhs.scot/dataset/f23655c3-6e23-4103-a511-a80d998adb90/resource/ceddbf27-0686-4f4b-b9a2-0090d28c3864/download/practice_contact_details_20260101_opendata.csv,20260101,ST LUKE'S MEDICAL PRACTICE ML8 4BA
GALLOWHILL MEDICAL CENTRE,S63512,ML9 1EX,"4-6 GALLOWHILL, LARKHALL",01698 884082,,,,,,,SCOTLAND,scotland,ods_scottish_gp_practice,RO227,SCOTTISH GP PRACTICE,"RO227,RO76",https://directory.spineservices.nhs.uk/ORD/2-0-0/organisations/S63512,2022-12-12,1848,nhs_scotland_gp_practice_contact_details_and_list_sizes,https://www.opendata.nhs.scot/dataset/f23655c3-6e23-4103-a511-a80d998adb90/resource/ceddbf27-0686-4f4b-b9a2-0090d28c3864/download/practice_contact_details_20260101_opendata.csv,20260101,GALLOWHILL MEDICAL CENTRE ML9 1EX
MORGAN GLEN SURGERY,S63527,ML9 1RJ,"MORGAN GLEN PLACE, LARKHALL",01698 882105,,,,,,,SCOTLAND,scotland,ods_scottish_gp_practice,RO227,SCOTTISH GP PRACTICE,"RO227,RO76",https://directory.spineservices.nhs.uk/ORD/2-0-0/organisations/S63527,2022-12-12,10312,nhs_scotland_gp_practice_contact_details_and_list_sizes,https://www.opendata.nhs.scot/dataset/f23655c3-6e23-4103-a511-a80d998adb90/resource/ceddbf27-0686-4f4b-b9a2-0090d28c3864/download/practice_contact_details_20260101_opendata.csv,20260101,MORGAN GLEN SURGERY ML9 1RJ
THE AVON MEDICAL PRACTICE,S63616,ML9 2BJ,"1 ACADEMY STREET, LARKHALL",01698 552930,,,,,,,SCOTLAND,scotland,ods_scottish_gp_practice,RO227,SCOTTISH GP PRACTICE,"RO227,RO76",https://directory.spineservices.nhs.uk/ORD/2-0-0/organisations/S63616,2022-12-12,13759,nhs_scotland_gp_practice_contact_details_and_list_sizes,https://www.opendata.nhs.scot/dataset/f23655c3-6e23-4103-a511-a80d998adb90/resource/ceddbf27-0686-4f4b-b9a2-0090d28c3864/download/practice_contact_details_20260101_opendata.csv,20260101,THE AVON MEDICAL PRACTICE ML9 2BJ
ABBEY MEDICAL CENTRE,S87625,PA1 1SU,"LONEND, PAISLEY",01418 894088,,,,,,,SCOTLAND,scotland,ods_scottish_gp_practice,RO227,SCOTTISH GP PRACTICE,"RO227,RO76",https://directory.spineservices.nhs.uk/ORD/2-0-0/organisations/S87625,2022-11-18,11605,nhs_scotland_gp_practice_contact_details_and_list_sizes,https://www.opendata.nhs.scot/dataset/f23655c3-6e23-4103-a511-a80d998adb90/resource/ceddbf27-0686-4f4b-b9a2-0090d28c3864/download/practice_contact_details_20260101_opendata.csv,20260101,ABBEY MEDICAL CENTRE PA1 1SU
ANCHOR MILL MEDICAL PRACTICE,S87471,PA1 1UB,"4 SAUCEL CRESCENT, PAISLEY",01418 898809,,,,,,,SCOTLAND,scotland,ods_scottish_gp_practice,RO227,SCOTTISH GP PRACTICE,"RO227,RO76",https://directory.spineservices.nhs.uk/ORD/2-0-0/organisations/S87471,2022-11-18,9434,nhs_scotland_gp_practice_contact_details_and_list_sizes,https://www.opendata.nhs.scot/dataset/f23655c3-6e23-4103-a511-a80d998adb90/resource/ceddbf27-0686-4f4b-b9a2-0090d28c3864/download/practice_contact_details_20260101_opendata.csv,20260101,ANCHOR MILL MEDICAL PRACTICE PA1 1UB
KING STREET SURGERY,S87490,PA1 2PS,"THE SURGERY, 15 KING STREET, PAISLEY",01418 893144,,,,,,,SCOTLAND,scotland,ods_scottish_gp_practice,RO227,SCOTTISH GP PRACTICE,"RO227,RO76",https://directory.spineservices.nhs.uk/ORD/2-0-0/organisations/S87490,2022-11-18,9425,nhs_scotland_gp_practice_contact_details_and_list_sizes,https://www.opendata.nhs.scot/dataset/f23655c3-6e23-4103-a511-a80d998adb90/resource/ceddbf27-0686-4f4b-b9a2-0090d28c3864/download/practice_contact_details_20260101_opendata.csv,20260101,KING STREET SURGERY PA1 2PS
THE MIRIN PRACTICE,S87555,PA1 3QS,"THE SURGERY, 3 GLASGOW ROAD, PAISLEY",01418 892604,,,,,,,SCOTLAND,scotland,ods_scottish_gp_practice,RO227,SCOTTISH GP PRACTICE,"RO227,RO76",https://directory.spineservices.nhs.uk/ORD/2-0-0/organisations/S87555,2022-11-18,8975,nhs_scotland_gp_practice_contact_details_and_list_sizes,https://www.opendata.nhs.scot/dataset/f23655c3-6e23-4103-a511-a80d998adb90/resource/ceddbf27-0686-4f4b-b9a2-0090d28c3864/download/practice_contact_details_20260101_opendata.csv,20260101,THE MIRIN PRACTICE PA1 3QS
MISTYLAW MEDICAL PRACTICE,S87432,PA12 4AH,"31 MAIN STREET, LOCHWINNOCH",01505 842200,,,,,,,SCOTLAND,scotland,ods_scottish_gp_practice,RO227,SCOTTISH GP PRACTICE,"RO227,RO76",https://directory.spineservices.nhs.uk/ORD/2-0-0/organisations/S87432,2022-10-05,4994,nhs_scotland_gp_practice_contact_details_and_list_sizes,https://www.opendata.nhs.scot/dataset/f23655c3-6e23-4103-a511-a80d998adb90/resource/ceddbf27-0686-4f4b-b9a2-0090d28c3864/download/practice_contact_details_20260101_opendata.csv,20260101,MISTYLAW MEDICAL PRACTICE PA12 4AH
"DRS SIMPSON, LUTY & ORMOND",S86196,PA13 4AP,"DOREMA, BRIDGE OF WEIR ROAD, KILMACOLM",01505 872155,,,,,,,SCOTLAND,scotland,ods_scottish_gp_practice,RO227,SCOTTISH GP PRACTICE,"RO227,RO76",https://directory.spineservices.nhs.uk/ORD/2-0-0/organisations/S86196,2022-12-09,2773,nhs_scotland_gp_practice_contact_details_and_list_sizes,https://www.opendata.nhs.scot/dataset/f23655c3-6e23-4103-a511-a80d998adb90/resource/ceddbf27-0686-4f4b-b9a2-0090d28c3864/download/practice_contact_details_20260101_opendata.csv,20260101,"DRS SIMPSON, LUTY & ORMOND PA13 4AP"
THE NEW SURGERY,S86209,PA13 4LE,"THE CARGILL CENTRE, LOCHWINNOCH ROAD, KILMACOLM",01505 872844,,,,,,,SCOTLAND,scotland,ods_scottish_gp_practice,RO227,SCOTTISH GP PRACTICE,"RO227,RO76",https://directory.spineservices.nhs.uk/ORD/2-0-0/organisations/S86209,2022-12-09,3619,nhs_scotland_gp_practice_contact_details_and_list_sizes,https://www.opendata.nhs.scot/dataset/f23655c3-6e23-4103-a511-a80d998adb90/resource/ceddbf27-0686-4f4b-b9a2-0090d28c3864/download/practice_contact_details_20260101_opendata.csv,20260101,THE NEW SURGERY PA13 4LE
BIRKMYRE MEDICAL PRACTICE,S86271,PA14 5EW,"THE HEALTH CENTRE, 2 BAY STREET, PORT GLASGOW",01475 506048,,,,,,,SCOTLAND,scotland,ods_scottish_gp_practice,RO227,SCOTTISH GP PRACTICE,"RO227,RO76",https://directory.spineservices.nhs.uk/ORD/2-0-0/organisations/S86271,2025-04-23,4070,nhs_scotland_gp_practice_contact_details_and_list_sizes,https://www.opendata.nhs.scot/dataset/f23655c3-6e23-4103-a511-a80d998adb90/resource/ceddbf27-0686-4f4b-b9a2-0090d28c3864/download/practice_contact_details_20260101_opendata.csv,20260101,BIRKMYRE MEDICAL PRACTICE PA14 5EW
DRS MACDONALD & MITCHELL,S86285,PA14 5EW,"THE HEALTH CENTRE, 2 BAY STREET, PORT GLASGOW",01475 506038,,,,,,,SCOTLAND,scotland,ods_scottish_gp_practice,RO227,SCOTTISH GP PRACTICE,"RO227,RO76",https://directory.spineservices.nhs.uk/ORD/2-0-0/organisations/S86285,2022-08-18,3868,nhs_scotland_gp_practice_contact_details_and_list_sizes,https://www.opendata.nhs.scot/dataset/f23655c3-6e23-4103-a511-a80d998adb90/resource/ceddbf27-0686-4f4b-b9a2-0090d28c3864/download/practice_contact_details_20260101_opendata.csv,20260101,DRS MACDONALD & MITCHELL PA14 5EW
NEWARK MEDICAL PRACTICE,S86321,PA14 5EW,"THE HEALTH CENTRE, 2 BAY STREET, PORT GLASGOW",01475 600600,,,,,,,SCOTLAND,scotland,ods_scottish_gp_practice,RO227,SCOTTISH GP PRACTICE,"RO227,RO76",https://directory.spineservices.nhs.uk/ORD/2-0-0/organisations/S86321,2022-08-24,4032,nhs_scotland_gp_practice_contact_details_and_list_sizes,https://www.opendata.nhs.scot/dataset/f23655c3-6e23-4103-a511-a80d998adb90/resource/ceddbf27-0686-4f4b-b9a2-0090d28c3864/download/practice_contact_details_20260101_opendata.csv,20260101,NEWARK MEDICAL PRACTICE PA14 5EW
PORT GLASGOW MEDICAL CENTRE,S86336,PA14 5UD,"MEDICAL CENTRE, 4 DUBBS PLACE, PORT GLASGOW",01475 705604,,,,,,,SCOTLAND,scotland,ods_scottish_gp_practice,RO227,SCOTTISH GP PRACTICE,"RO227,RO76",https://directory.spineservices.nhs.uk/ORD/2-0-0/organisations/S86336,2022-08-18,5299,nhs_scotland_gp_practice_contact_details_and_list_sizes,https://www.opendata.nhs.scot/dataset/f23655c3-6e23-4103-a511-a80d998adb90/resource/ceddbf27-0686-4f4b-b9a2-0090d28c3864/download/practice_contact_details_20260101_opendata.csv,20260101,PORT GLASGOW MEDICAL CENTRE PA14 5UD
MOUNT PLEASANT PRACTICE,S86181,PA15 4DG,"STATION VIEW HEALTH CENTRE, 84 HOLMSCROFT STREET, GREENOCK",01475 884300,,,,,,,SCOTLAND,scotland,ods_scottish_gp_practice,RO227,SCOTTISH GP PRACTICE,"RO227,RO76",https://directory.spineservices.nhs.uk/ORD/2-0-0/organisations/S86181,2022-11-18,5919,nhs_scotland_gp_practice_contact_details_and_list_sizes,https://www.opendata.nhs.scot/dataset/f23655c3-6e23-4103-a511-a80d998adb90/resource/ceddbf27-0686-4f4b-b9a2-0090d28c3864/download/practice_contact_details_20260101_opendata.csv,20260101,MOUNT PLEASANT PRACTICE PA15 4DG
THE ROXBURGH PRACTICE,S86341,PA15 4DG,"STATION VIEW HEALTH CENTRE, 84 HOLMSCROFT STREET, GREENOCK",01475 558300,,,,,,,SCOTLAND,scotland,ods_scottish_gp_practice,RO227,SCOTTISH GP PRACTICE,"RO227,RO76",https://directory.spineservices.nhs.uk/ORD/2-0-0/organisations/S86341,2022-08-18,5654,nhs_scotland_gp_practice_contact_details_and_list_sizes,https://www.opendata.nhs.scot/dataset/f23655c3-6e23-4103-a511-a80d998adb90/resource/ceddbf27-0686-4f4b-b9a2-0090d28c3864/download/practice_contact_details_20260101_opendata.csv,20260101,THE ROXBURGH PRACTICE PA15 4DG
COCHRANE MEDICAL PRACTICE,S86374,PA15 4NH,"GREENOCK HEALTH & CARE CENTRE, WELLINGTON STREET, GREENOCK",01475 553560,,,,,,,SCOTLAND,scotland,ods_scottish_gp_practice,RO227,SCOTTISH GP PRACTICE,"RO227,RO76",https://directory.spineservices.nhs.uk/ORD/2-0-0/organisations/S86374,2022-11-18,14615,nhs_scotland_gp_practice_contact_details_and_list_sizes,https://www.opendata.nhs.scot/dataset/f23655c3-6e23-4103-a511-a80d998adb90/resource/ceddbf27-0686-4f4b-b9a2-0090d28c3864/download/practice_contact_details_20260101_opendata.csv,20260101,COCHRANE MEDICAL PRACTICE PA15 4NH
DRS HOGAN & ALLEN PRACTICE,S86228,PA15 4NH,"GREENOCK HEALTH & CARE CENTRE, WELLINGTON STREET, GREENOCK",01475 608800,,,,,,,SCOTLAND,scotland,ods_scottish_gp_practice,RO227,SCOTTISH GP PRACTICE,"RO227,RO76",https://directory.spineservices.nhs.uk/ORD/2-0-0/organisations/S86228,2025-11-14,3514,nhs_scotland_gp_practice_contact_details_and_list_sizes,https://www.opendata.nhs.scot/dataset/f23655c3-6e23-4103-a511-a80d998adb90/resource/ceddbf27-0686-4f4b-b9a2-0090d28c3864/download/practice_contact_details_20260101_opendata.csv,20260101,DRS HOGAN & ALLEN PRACTICE PA15 4NH
LOCHVIEW MEDICAL PRACTICE,S86360,PA15 4NH,"GREENOCK HEALTH & CARE CENTRE, WELLINGTON STREET, GREENOCK",01475 608888,,,,,,,SCOTLAND,scotland,ods_scottish_gp_practice,RO227,SCOTTISH GP PRACTICE,"RO227,RO76",https://directory.spineservices.nhs.uk/ORD/2-0-0/organisations/S86360,2022-11-18,10407,nhs_scotland_gp_practice_contact_details_and_list_sizes,https://www.opendata.nhs.scot/dataset/f23655c3-6e23-4103-a511-a80d998adb90/resource/ceddbf27-0686-4f4b-b9a2-0090d28c3864/download/practice_contact_details_20260101_opendata.csv,20260101,LOCHVIEW MEDICAL PRACTICE PA15 4NH
NHS GG&C OOH SERVICE,S86995,PA16 0XN,"INVERCLYDE ROYAL HOSPITAL, LARKFIELD ROAD, GREENOCK",01475 724477,,,,,,,SCOTLAND,scotland,ods_scottish_gp_practice,RO227,SCOTTISH GP PRACTICE,"RO227,RO76",https://directory.spineservices.nhs.uk/ORD/2-0-0/organisations/S86995,2022-10-05,,,,,NHS GG&C OOH SERVICE PA16 0XN
ARDGOWAN MEDICAL PRACTICE,S86177,PA16 8HW,"2 FINNART STREET, GREENOCK",01475 888155,,,,,,,SCOTLAND,scotland,ods_scottish_gp_practice,RO227,SCOTTISH GP PRACTICE,"RO227,RO76",https://directory.spineservices.nhs.uk/ORD/2-0-0/organisations/S86177,2022-08-18,9151,nhs_scotland_gp_practice_contact_details_and_list_sizes,https://www.opendata.nhs.scot/dataset/f23655c3-6e23-4103-a511-a80d998adb90/resource/ceddbf27-0686-4f4b-b9a2-0090d28c3864/download/practice_contact_details_20260101_opendata.csv,20260101,ARDGOWAN MEDICAL PRACTICE PA16 8HW
DR RAI'S PRACTICE,S80561,PA17 5AR,"37A THE LANE, SKELMORLIE",01475 520248,,,,,,,SCOTLAND,scotland,ods_scottish_gp_practice,RO227,SCOTTISH GP PRACTICE,"RO227,RO76",https://directory.spineservices.nhs.uk/ORD/2-0-0/organisations/S80561,2022-12-09,3910,nhs_scotland_gp_practice_contact_details_and_list_sizes,https://www.opendata.nhs.scot/dataset/f23655c3-6e23-4103-a511-a80d998adb90/resource/ceddbf27-0686-4f4b-b9a2-0090d28c3864/download/practice_contact_details_20260101_opendata.csv,20260101,DR RAI'S PRACTICE PA17 5AR
GOUROCK MEDICAL PRACTICE,S86001,PA19 1AQ,"GOUROCK HEALTH CENTRE, 181 SHORE STREET, GOUROCK",01475 607177,,,,,,,SCOTLAND,scotland,ods_scottish_gp_practice,RO227,SCOTTISH GP PRACTICE,"RO227,RO76",https://directory.spineservices.nhs.uk/ORD/2-0-0/organisations/S86001,2022-08-24,7938,nhs_scotland_gp_practice_contact_details_and_list_sizes,https://www.opendata.nhs.scot/dataset/f23655c3-6e23-4103-a511-a80d998adb90/resource/ceddbf27-0686-4f4b-b9a2-0090d28c3864/download/practice_contact_details_20260101_opendata.csv,20260101,GOUROCK MEDICAL PRACTICE PA19 1AQ
THE CHARLESTON SURGERY,S87466,PA2 6LR,"5 SOUTH CAMPBELL STREET, PAISLEY",01418 894373,,,,,,,SCOTLAND,scotland,ods_scottish_gp_practice,RO227,SCOTTISH GP PRACTICE,"RO227,RO76",https://directory.spineservices.nhs.uk/ORD/2-0-0/organisations/S87466,2022-11-18,7471,nhs_scotland_gp_practice_contact_details_and_list_sizes,https://www.opendata.nhs.scot/dataset/f23655c3-6e23-4103-a511-a80d998adb90/resource/ceddbf27-0686-4f4b-b9a2-0090d28c3864/download/practice_contact_details_20260101_opendata.csv,20260101,THE CHARLESTON SURGERY PA2 6LR
THE CONSULTING ROOMS,S87502,PA2 6LW,"21 NEILSTON ROAD, PAISLEY",01418 895277,,,,,,,SCOTLAND,scotland,ods_scottish_gp_practice,RO227,SCOTTISH GP PRACTICE,"RO227,RO76",https://directory.spineservices.nhs.uk/ORD/2-0-0/organisations/S87502,2022-11-18,7726,nhs_scotland_gp_practice_contact_details_and_list_sizes,https://www.opendata.nhs.scot/dataset/f23655c3-6e23-4103-a511-a80d998adb90/resource/ceddbf27-0686-4f4b-b9a2-0090d28c3864/download/practice_contact_details_20260101_opendata.csv,20260101,THE CONSULTING ROOMS PA2 6LW
PAISLEY COMMUNITY MENTAL HEALTH,S87630,PA2 7DE,"DYKEBAR HOSPITAL, GRAHAMSTON ROAD, PAISLEY",,,,,,,,SCOTLAND,scotland,ods_scottish_gp_practice,RO227,SCOTTISH GP PRACTICE,"RO227,RO76",https://directory.spineservices.nhs.uk/ORD/2-0-0/organisations/S87630,2022-08-18,,,,,PAISLEY COMMUNITY MENTAL HEALTH PA2 7DE
GLENBURN MEDICAL PRACTICE,S87517,PA2 8DX,"GLENBURN HEALTH CENTRE, FAIRWAY AVENUE, PAISLEY",01418 847788,,,,,,,SCOTLAND,scotland,ods_scottish_gp_practice,RO227,SCOTTISH GP PRACTICE,"RO227,RO76",https://directory.spineservices.nhs.uk/ORD/2-0-0/organisations/S87517,2022-11-18,2844,nhs_scotland_gp_practice_contact_details_and_list_sizes,https://www.opendata.nhs.scot/dataset/f23655c3-6e23-4103-a511-a80d998adb90/resource/ceddbf27-0686-4f4b-b9a2-0090d28c3864/download/practice_contact_details_20260101_opendata.csv,20260101,GLENBURN MEDICAL PRACTICE PA2 8DX
NHS GG&C OOH SERVICE,S85992,PA2 9PN,"ROYAL ALEXANDRIA HOSPITAL, CORSEBAR ROAD, PAISLEY",,,,,,,,SCOTLAND,scotland,ods_scottish_gp_practice,RO227,SCOTTISH GP PRACTICE,"RO227,RO72",https://directory.spineservices.nhs.uk/ORD/2-0-0/organisations/S85992,2022-10-05,,,,,NHS GG&C OOH SERVICE PA2 9PN
THE BUTE PRACTICE,S84646,PA20 9JL,"THE HEALTH CENTRE, HIGH STREET, TOWNHEAD, ROTHESAY",01700 502290,,,,,,,SCOTLAND,scotland,ods_scottish_gp_practice,RO227,SCOTTISH GP PRACTICE,"RO227,RO76",https://directory.spineservices.nhs.uk/ORD/2-0-0/organisations/S84646,2022-10-06,6315,nhs_scotland_gp_practice_contact_details_and_list_sizes,https://www.opendata.nhs.scot/dataset/f23655c3-6e23-4103-a511-a80d998adb90/resource/ceddbf27-0686-4f4b-b9a2-0090d28c3864/download/practice_contact_details_20260101_opendata.csv,20260101,THE BUTE PRACTICE PA20 9JL
DR A MACGREGOR & DR N HALLUM,S84773,PA21 2BE,"KYLES MEDICAL CENTRE, TIGHNABRUAICH",01700 811207,,,,,,,SCOTLAND,scotland,ods_scottish_gp_practice,RO227,SCOTTISH GP PRACTICE,"RO227,RO76",https://directory.spineservices.nhs.uk/ORD/2-0-0/organisations/S84773,2022-12-09,1179,nhs_scotland_gp_practice_contact_details_and_list_sizes,https://www.opendata.nhs.scot/dataset/f23655c3-6e23-4103-a511-a80d998adb90/resource/ceddbf27-0686-4f4b-b9a2-0090d28c3864/download/practice_contact_details_20260101_opendata.csv,20260101,DR A MACGREGOR & DR N HALLUM PA21 2BE
COWAL MEDICAL PRACTICE,S84256,PA23 7HW,"246 ARGYLL STREET, DUNOON",01369 703279,,,,,,,SCOTLAND,scotland,ods_scottish_gp_practice,RO227,SCOTTISH GP PRACTICE,"RO227,RO76",https://directory.spineservices.nhs.uk/ORD/2-0-0/organisations/S84256,2022-12-09,2937,nhs_scotland_gp_practice_contact_details_and_list_sizes,https://www.opendata.nhs.scot/dataset/f23655c3-6e23-4103-a511-a80d998adb90/resource/ceddbf27-0686-4f4b-b9a2-0090d28c3864/download/practice_contact_details_20260101_opendata.csv,20260101,COWAL MEDICAL PRACTICE PA23 7HW
DRS HALL & BRENNAN,S84237,PA23 7HW,"246 ARGYLL STREET, DUNOON",01369 703252,,,,,,,SCOTLAND,scotland,ods_scottish_gp_practice,RO227,SCOTTISH GP PRACTICE,"RO227,RO76",https://directory.spineservices.nhs.uk/ORD/2-0-0/organisations/S84237,2024-05-20,4176,nhs_scotland_gp_practice_contact_details_and_list_sizes,https://www.opendata.nhs.scot/dataset/f23655c3-6e23-4103-a511-a80d998adb90/resource/ceddbf27-0686-4f4b-b9a2-0090d28c3864/download/practice_contact_details_20260101_opendata.csv,20260101,DRS HALL & BRENNAN PA23 7HW
CHURCH STREET SURGERY,S84241,PA23 8BG,"30 CHURCH STREET, DUNOON",01369 702772,,,,,,,SCOTLAND,scotland,ods_scottish_gp_practice,RO227,SCOTTISH GP PRACTICE,"RO227,RO76",https://directory.spineservices.nhs.uk/ORD/2-0-0/organisations/S84241,2025-11-14,3949,nhs_scotland_gp_practice_contact_details_and_list_sizes,https://www.opendata.nhs.scot/dataset/f23655c3-6e23-4103-a511-a80d998adb90/resource/ceddbf27-0686-4f4b-b9a2-0090d28c3864/download/practice_contact_details_20260101_opendata.csv,20260101,CHURCH STREET SURGERY PA23 8BG
DR TITTMAR AND PARTNER,S84716,PA23 8SE,"RIVERBANK SURGERY, KILMUN, DUNOON",01369 840279,,,,,,,SCOTLAND,scotland,ods_scottish_gp_practice,RO227,SCOTTISH GP PRACTICE,"RO227,RO76",https://directory.spineservices.nhs.uk/ORD/2-0-0/organisations/S84716,2022-12-09,1512,nhs_scotland_gp_practice_contact_details_and_list_sizes,https://www.opendata.nhs.scot/dataset/f23655c3-6e23-4103-a511-a80d998adb90/resource/ceddbf27-0686-4f4b-b9a2-0090d28c3864/download/practice_contact_details_20260101_opendata.csv,20260101,DR TITTMAR AND PARTNER PA23 8SE
DR P M R VON KAEHNE,S84449,PA24 8AQ,"LOCHGOILHEAD MEDICAL CENTRE, LOCHGOILHEAD, CAIRNDOW",01301 703258,,,,,,,SCOTLAND,scotland,ods_scottish_gp_practice,RO227,SCOTTISH GP PRACTICE,"RO227,RO76",https://directory.spineservices.nhs.uk/ORD/2-0-0/organisations/S84449,2022-10-06,462,nhs_scotland_gp_practice_contact_details_and_list_sizes,https://www.opendata.nhs.scot/dataset/f23655c3-6e23-4103-a511-a80d998adb90/resource/ceddbf27-0686-4f4b-b9a2-0090d28c3864/download/practice_contact_details_20260101_opendata.csv,20260101,DR P M R VON KAEHNE PA24 8AQ
DR ROBERT S B COULL,S84684,PA27 8BX,"STRACHUR MEDICAL PRACTICE, DALNACRAIG, CAIRNDOW",01369 860224,,,,,,,SCOTLAND,scotland,ods_scottish_gp_practice,RO227,SCOTTISH GP PRACTICE,"RO227,RO76",https://directory.spineservices.nhs.uk/ORD/2-0-0/organisations/S84684,2022-08-18,993,nhs_scotland_gp_practice_contact_details_and_list_sizes,https://www.opendata.nhs.scot/dataset/f23655c3-6e23-4103-a511-a80d998adb90/resource/ceddbf27-0686-4f4b-b9a2-0090d28c3864/download/practice_contact_details_20260101_opendata.csv,20260101,DR ROBERT S B COULL PA27 8BX
"DRS LAZARUS, NORRIE, VILLALBA MUNOZ, ANDERSON, MCG",S84030,PA28 6AT,"CAMPBELTOWN MEDICAL PRACTICE, THE HEALTH CENTRE, CAMPBELTOWN",01586 552105,,,,,,,SCOTLAND,scotland,ods_scottish_gp_practice,RO227,SCOTTISH GP PRACTICE,"RO227,RO76",https://directory.spineservices.nhs.uk/ORD/2-0-0/organisations/S84030,2022-10-06,6112,nhs_scotland_gp_practice_contact_details_and_list_sizes,https://www.opendata.nhs.scot/dataset/f23655c3-6e23-4103-a511-a80d998adb90/resource/ceddbf27-0686-4f4b-b9a2-0090d28c3864/download/practice_contact_details_20260101_opendata.csv,20260101,"DRS LAZARUS, NORRIE, VILLALBA MUNOZ, ANDERSON, MCG PA28 6AT"
THE CARRADALE SURGERY,S84063,PA28 6QG,"CARRADALE, CAMPBELTOWN",01583 431376,,,,,,,SCOTLAND,scotland,ods_scottish_gp_practice,RO227,SCOTTISH GP PRACTICE,"RO227,RO76",https://directory.spineservices.nhs.uk/ORD/2-0-0/organisations/S84063,2022-12-09,594,nhs_scotland_gp_practice_contact_details_and_list_sizes,https://www.opendata.nhs.scot/dataset/f23655c3-6e23-4103-a511-a80d998adb90/resource/ceddbf27-0686-4f4b-b9a2-0090d28c3864/download/practice_contact_details_20260101_opendata.csv,20260101,THE CARRADALE SURGERY PA28 6QG
TARBERT MEDICAL PRACTICE,S84740,PA29 6TY,"CAMPBELTOWN ROAD, TARBERT",01880 820219,,,,,,,SCOTLAND,scotland,ods_scottish_gp_practice,RO227,SCOTTISH GP PRACTICE,"RO227,RO76",https://directory.spineservices.nhs.uk/ORD/2-0-0/organisations/S84740,2022-12-09,1787,nhs_scotland_gp_practice_contact_details_and_list_sizes,https://www.opendata.nhs.scot/dataset/f23655c3-6e23-4103-a511-a80d998adb90/resource/ceddbf27-0686-4f4b-b9a2-0090d28c3864/download/practice_contact_details_20260101_opendata.csv,20260101,TARBERT MEDICAL PRACTICE PA29 6TY
KINTYRE MEDICAL GROUP,S84810,PA29 6XD,"MUASDALE SURGERY, MUASDALE, TARBERT",01583 421206,,,,,,,SCOTLAND,scotland,ods_scottish_gp_practice,RO227,SCOTTISH GP PRACTICE,"RO227,RO76",https://directory.spineservices.nhs.uk/ORD/2-0-0/organisations/S84810,2022-12-09,1103,nhs_scotland_gp_practice_contact_details_and_list_sizes,https://www.opendata.nhs.scot/dataset/f23655c3-6e23-4103-a511-a80d998adb90/resource/ceddbf27-0686-4f4b-b9a2-0090d28c3864/download/practice_contact_details_20260101_opendata.csv,20260101,KINTYRE MEDICAL GROUP PA29 6XD
TANNAHILL SURGERY,S87485,PA3 1NT,"THE TANNAHILL CENTRE, 76 BLACKSTOUN ROAD, PAISLEY",01418 897631,,,,,,,SCOTLAND,scotland,ods_scottish_gp_practice,RO227,SCOTTISH GP PRACTICE,"RO227,RO76",https://directory.spineservices.nhs.uk/ORD/2-0-0/organisations/S87485,2022-11-18,3231,nhs_scotland_gp_practice_contact_details_and_list_sizes,https://www.opendata.nhs.scot/dataset/f23655c3-6e23-4103-a511-a80d998adb90/resource/ceddbf27-0686-4f4b-b9a2-0090d28c3864/download/practice_contact_details_20260101_opendata.csv,20260101,TANNAHILL SURGERY PA3 1NT
THE LOVE STREET MEDICAL CENTRE,S87560,PA3 2DY,"40 LOVE STREET, PAISLEY",01415 313430,,,,,,,SCOTLAND,scotland,ods_scottish_gp_practice,RO227,SCOTTISH GP PRACTICE,"RO227,RO76",https://directory.spineservices.nhs.uk/ORD/2-0-0/organisations/S87560,2022-11-18,5539,nhs_scotland_gp_practice_contact_details_and_list_sizes,https://www.opendata.nhs.scot/dataset/f23655c3-6e23-4103-a511-a80d998adb90/resource/ceddbf27-0686-4f4b-b9a2-0090d28c3864/download/practice_contact_details_20260101_opendata.csv,20260101,THE LOVE STREET MEDICAL CENTRE PA3 2DY
CARTSIDE MEDICAL PRACTICE,S87409,PA3 3DB,"LINWOOD HEALTH CENTRE, 5 BRIDGE STREET, PAISLEY",01505 321051,,,,,,,SCOTLAND,scotland,ods_scottish_gp_practice,RO227,SCOTTISH GP PRACTICE,"RO227,RO76",https://directory.spineservices.nhs.uk/ORD/2-0-0/organisations/S87409,2025-08-18,5781,nhs_scotland_gp_practice_contact_details_and_list_sizes,https://www.opendata.nhs.scot/dataset/f23655c3-6e23-4103-a511-a80d998adb90/resource/ceddbf27-0686-4f4b-b9a2-0090d28c3864/download/practice_contact_details_20260101_opendata.csv,20260101,CARTSIDE MEDICAL PRACTICE PA3 3DB
THE BARONY PRACTICE,S87606,PA3 4AD,"NORTHCROFT MEDICAL CENTRE, NORTH CROFT STREET, PAISLEY",01418 893732,,,,,,,SCOTLAND,scotland,ods_scottish_gp_practice,RO227,SCOTTISH GP PRACTICE,"RO227,RO76",https://directory.spineservices.nhs.uk/ORD/2-0-0/organisations/S87606,2022-12-09,6746,nhs_scotland_gp_practice_contact_details_and_list_sizes,https://www.opendata.nhs.scot/dataset/f23655c3-6e23-4103-a511-a80d998adb90/resource/ceddbf27-0686-4f4b-b9a2-0090d28c3864/download/practice_contact_details_20260101_opendata.csv,20260101,THE BARONY PRACTICE PA3 4AD
THE GREENLAW PRACTICE,S87541,PA3 4AD,"NORTHCROFT MEDICAL CENTRE, NORTH CROFT STREET, PAISLEY",01418 898465,,,,,,,SCOTLAND,scotland,ods_scottish_gp_practice,RO227,SCOTTISH GP PRACTICE,"RO227,RO76",https://directory.spineservices.nhs.uk/ORD/2-0-0/organisations/S87541,2022-12-09,9073,nhs_scotland_gp_practice_contact_details_and_list_sizes,https://www.opendata.nhs.scot/dataset/f23655c3-6e23-4103-a511-a80d998adb90/resource/ceddbf27-0686-4f4b-b9a2-0090d28c3864/download/practice_contact_details_20260101_opendata.csv,20260101,THE GREENLAW PRACTICE PA3 4AD
THE KELBURN PRACTICE,S87521,PA3 4AD,"NORTHCROFT MEDICAL CENTRE, NORTH CROFT STREET, PAISLEY",01418 893356,,,,,,,SCOTLAND,scotland,ods_scottish_gp_practice,RO227,SCOTTISH GP PRACTICE,"RO227,RO76",https://directory.spineservices.nhs.uk/ORD/2-0-0/organisations/S87521,2022-12-09,4779,nhs_scotland_gp_practice_contact_details_and_list_sizes,https://www.opendata.nhs.scot/dataset/f23655c3-6e23-4103-a511-a80d998adb90/resource/ceddbf27-0686-4f4b-b9a2-0090d28c3864/download/practice_contact_details_20260101_opendata.csv,20260101,THE KELBURN PRACTICE PA3 4AD
LOCHGILPHEAD MEDICAL CENTRE,S84415,PA31 8JZ,"MID ARGYLL COMMUNITY HOSP &, INTEGRATED CARE CENTRE, LOCHGILPHEAD",01546 462002,,,,,,,SCOTLAND,scotland,ods_scottish_gp_practice,RO227,SCOTTISH GP PRACTICE,"RO227,RO76",https://directory.spineservices.nhs.uk/ORD/2-0-0/organisations/S84415,2022-12-09,6693,nhs_scotland_gp_practice_contact_details_and_list_sizes,https://www.opendata.nhs.scot/dataset/f23655c3-6e23-4103-a511-a80d998adb90/resource/ceddbf27-0686-4f4b-b9a2-0090d28c3864/download/practice_contact_details_20260101_opendata.csv,20260101,LOCHGILPHEAD MEDICAL CENTRE PA31 8JZ
ARGYLL & BUTE ADDICTION TEAM,S84985,PA31 8LD,"ARGYLL & BUTE HOSPITAL, BLARBUIE ROAD, LOCHGILPHEAD",,,,,,,,SCOTLAND,scotland,ods_scottish_gp_practice,RO227,SCOTTISH GP PRACTICE,"RO227,RO76",https://directory.spineservices.nhs.uk/ORD/2-0-0/organisations/S84985,2022-08-18,,,,,ARGYLL & BUTE ADDICTION TEAM PA31 8LD
THE FURNACE/INVERARAY MEDICAL PRACTICE,S84307,PA32 8TX,"THE NEW SURGERY, CHURCH SQUARE, INVERARAY",01499 500207,,,,,,,SCOTLAND,scotland,ods_scottish_gp_practice,RO227,SCOTTISH GP PRACTICE,"RO227,RO76",https://directory.spineservices.nhs.uk/ORD/2-0-0/organisations/S84307,2024-08-27,1195,nhs_scotland_gp_practice_contact_details_and_list_sizes,https://www.opendata.nhs.scot/dataset/f23655c3-6e23-4103-a511-a80d998adb90/resource/ceddbf27-0686-4f4b-b9a2-0090d28c3864/download/practice_contact_details_20260101_opendata.csv,20260101,THE FURNACE/INVERARAY MEDICAL PRACTICE PA32 8TX
LORN MEDICAL CENTRE,S84581,PA34 4HE,"SOROBA ROAD, OBAN",01631 563175,,,,,,,SCOTLAND,scotland,ods_scottish_gp_practice,RO227,SCOTTISH GP PRACTICE,"RO227,RO76",https://directory.spineservices.nhs.uk/ORD/2-0-0/organisations/S84581,2022-12-09,11558,nhs_scotland_gp_practice_contact_details_and_list_sizes,https://www.opendata.nhs.scot/dataset/f23655c3-6e23-4103-a511-a80d998adb90/resource/ceddbf27-0686-4f4b-b9a2-0090d28c3864/download/practice_contact_details_20260101_opendata.csv,20260101,LORN MEDICAL CENTRE PA34 4HE
EASDALE MEDICAL PRACTICE,S84275,PA34 4TL,"THE SURGERY, CLACHAN SEIL, OBAN",01852 300223,,,,,,,SCOTLAND,scotland,ods_scottish_gp_practice,RO227,SCOTTISH GP PRACTICE,"RO227,RO76",https://directory.spineservices.nhs.uk/ORD/2-0-0/organisations/S84275,2022-12-09,1055,nhs_scotland_gp_practice_contact_details_and_list_sizes,https://www.opendata.nhs.scot/dataset/f23655c3-6e23-4103-a511-a80d998adb90/resource/ceddbf27-0686-4f4b-b9a2-0090d28c3864/download/practice_contact_details_20260101_opendata.csv,20260101,EASDALE MEDICAL PRACTICE PA34 4TL
TAYNUILT MEDICAL PRACTICE,S84191,PA37 1PH,"CONNEL, OBAN",01631 710229,,,,,,,SCOTLAND,scotland,ods_scottish_gp_practice,RO227,SCOTTISH GP PRACTICE,"RO227,RO76",https://directory.spineservices.nhs.uk/ORD/2-0-0/organisations/S84191,2022-12-09,5521,nhs_scotland_gp_practice_contact_details_and_list_sizes,https://www.opendata.nhs.scot/dataset/f23655c3-6e23-4103-a511-a80d998adb90/resource/ceddbf27-0686-4f4b-b9a2-0090d28c3864/download/practice_contact_details_20260101_opendata.csv,20260101,TAYNUILT MEDICAL PRACTICE PA37 1PH
DR LORNA M MACGREGOR & PARTNER,S84006,PA38 4DE,"PORT APPIN SURGERY, PORT APPIN, APPIN",01631 730271,,,,,,,SCOTLAND,scotland,ods_scottish_gp_practice,RO227,SCOTTISH GP PRACTICE,"RO227,RO76",https://directory.spineservices.nhs.uk/ORD/2-0-0/organisations/S84006,2022-12-09,803,nhs_scotland_gp_practice_contact_details_and_list_sizes,https://www.opendata.nhs.scot/dataset/f23655c3-6e23-4103-a511-a80d998adb90/resource/ceddbf27-0686-4f4b-b9a2-0090d28c3864/download/practice_contact_details_20260101_opendata.csv,20260101,DR LORNA M MACGREGOR & PARTNER PA38 4DE
BRAEHEAD MEDICAL PRACTICE,S87697,PA4 8RU,"RENFREW HEALTH CENTRE, 10 FERRY ROAD, RENFREW",01412 077480,,,,,,,SCOTLAND,scotland,ods_scottish_gp_practice,RO227,SCOTTISH GP PRACTICE,"RO227,RO76",https://directory.spineservices.nhs.uk/ORD/2-0-0/organisations/S87697,2022-11-18,8755,nhs_scotland_gp_practice_contact_details_and_list_sizes,https://www.opendata.nhs.scot/dataset/f23655c3-6e23-4103-a511-a80d998adb90/resource/ceddbf27-0686-4f4b-b9a2-0090d28c3864/download/practice_contact_details_20260101_opendata.csv,20260101,BRAEHEAD MEDICAL PRACTICE PA4 8RU
CLYDEVIEW MEDICAL PRACTICE,S87700,PA4 8RU,"RENFREW HEALTH CENTRE, 10 FERRY ROAD, RENFREW",01412 077730,,,,,,,SCOTLAND,scotland,ods_scottish_gp_practice,RO227,SCOTTISH GP PRACTICE,"RO227,RO76",https://directory.spineservices.nhs.uk/ORD/2-0-0/organisations/S87700,2022-11-18,10100,nhs_scotland_gp_practice_contact_details_and_list_sizes,https://www.opendata.nhs.scot/dataset/f23655c3-6e23-4103-a511-a80d998adb90/resource/ceddbf27-0686-4f4b-b9a2-0090d28c3864/download/practice_contact_details_20260101_opendata.csv,20260101,CLYDEVIEW MEDICAL PRACTICE PA4 8RU
KINGSINCH MEDICAL PRACTICE,S87714,PA4 8RU,"RENFREW HEALTH CENTRE, 10 FERRY ROAD, RENFREW",01412 077700,,,,,,,SCOTLAND,scotland,ods_scottish_gp_practice,RO227,SCOTTISH GP PRACTICE,"RO227,RO76",https://directory.spineservices.nhs.uk/ORD/2-0-0/organisations/S87714,2022-11-18,6843,nhs_scotland_gp_practice_contact_details_and_list_sizes,https://www.opendata.nhs.scot/dataset/f23655c3-6e23-4103-a511-a80d998adb90/resource/ceddbf27-0686-4f4b-b9a2-0090d28c3864/download/practice_contact_details_20260101_opendata.csv,20260101,KINGSINCH MEDICAL PRACTICE PA4 8RU
ISLAY MEDICAL PRACTICE,S84364,PA42 7DR,"GEIRHILDA, BACK ROAD, PORT ELLEN",01496 302103,,,,,,,SCOTLAND,scotland,ods_scottish_gp_practice,RO227,SCOTTISH GP PRACTICE,"RO227,RO76",https://directory.spineservices.nhs.uk/ORD/2-0-0/organisations/S84364,2024-05-22,3431,nhs_scotland_gp_practice_contact_details_and_list_sizes,https://www.opendata.nhs.scot/dataset/f23655c3-6e23-4103-a511-a80d998adb90/resource/ceddbf27-0686-4f4b-b9a2-0090d28c3864/download/practice_contact_details_20260101_opendata.csv,20260101,ISLAY MEDICAL PRACTICE PA42 7DR
LUDOVIC MEDICAL PRACTICE,S87292,PA5 8EY,"60 QUARRY STREET, JOHNSTONE",01505 324348,,,,,,,SCOTLAND,scotland,ods_scottish_gp_practice,RO227,SCOTTISH GP PRACTICE,"RO227,RO76",https://directory.spineservices.nhs.uk/ORD/2-0-0/organisations/S87292,2022-08-18,7979,nhs_scotland_gp_practice_contact_details_and_list_sizes,https://www.opendata.nhs.scot/dataset/f23655c3-6e23-4103-a511-a80d998adb90/resource/ceddbf27-0686-4f4b-b9a2-0090d28c3864/download/practice_contact_details_20260101_opendata.csv,20260101,LUDOVIC MEDICAL PRACTICE PA5 8EY
DR CASSIDY & PARTNERS,S87343,PA5 8PZ,"LINDEN MEDICAL CENTRE, 25 FLOORS STREET, JOHNSTONE",01505 320151,,,,,,,SCOTLAND,scotland,ods_scottish_gp_practice,RO227,SCOTTISH GP PRACTICE,"RO227,RO76",https://directory.spineservices.nhs.uk/ORD/2-0-0/organisations/S87343,2022-08-18,4947,nhs_scotland_gp_practice_contact_details_and_list_sizes,https://www.opendata.nhs.scot/dataset/f23655c3-6e23-4103-a511-a80d998adb90/resource/ceddbf27-0686-4f4b-b9a2-0090d28c3864/download/practice_contact_details_20260101_opendata.csv,20260101,DR CASSIDY & PARTNERS PA5 8PZ
WESTFIELD MEDICAL PRACTICE,S87729,PA5 8PZ,"LINDEN MEDICAL CENTRE, 25 FLOORS STREET, JOHNSTONE",01505 337999,,,,,,,SCOTLAND,scotland,ods_scottish_gp_practice,RO227,SCOTTISH GP PRACTICE,"RO227,RO76",https://directory.spineservices.nhs.uk/ORD/2-0-0/organisations/S87729,2022-08-18,4928,nhs_scotland_gp_practice_contact_details_and_list_sizes,https://www.opendata.nhs.scot/dataset/f23655c3-6e23-4103-a511-a80d998adb90/resource/ceddbf27-0686-4f4b-b9a2-0090d28c3864/download/practice_contact_details_20260101_opendata.csv,20260101,WESTFIELD MEDICAL PRACTICE PA5 8PZ
"DRS HOWIE, SMITH & DOBBS",S87339,PA5 8SL,"RIVERVIEW MEDICAL CENTRE, 6 GEORGE STREET, JOHNSTONE",01505 320208,,,,,,,SCOTLAND,scotland,ods_scottish_gp_practice,RO227,SCOTTISH GP PRACTICE,"RO227,RO76",https://directory.spineservices.nhs.uk/ORD/2-0-0/organisations/S87339,2022-12-09,5550,nhs_scotland_gp_practice_contact_details_and_list_sizes,https://www.opendata.nhs.scot/dataset/f23655c3-6e23-4103-a511-a80d998adb90/resource/ceddbf27-0686-4f4b-b9a2-0090d28c3864/download/practice_contact_details_20260101_opendata.csv,20260101,"DRS HOWIE, SMITH & DOBBS PA5 8SL"
RAVENSWOOD SURGERY,S87324,PA5 8SU,"THOMSON AVENUE, JOHNSTONE",01505 331979,,,,,,,SCOTLAND,scotland,ods_scottish_gp_practice,RO227,SCOTTISH GP PRACTICE,"RO227,RO76",https://directory.spineservices.nhs.uk/ORD/2-0-0/organisations/S87324,2022-08-18,6484,nhs_scotland_gp_practice_contact_details_and_list_sizes,https://www.opendata.nhs.scot/dataset/f23655c3-6e23-4103-a511-a80d998adb90/resource/ceddbf27-0686-4f4b-b9a2-0090d28c3864/download/practice_contact_details_20260101_opendata.csv,20260101,RAVENSWOOD SURGERY PA5 8SU
STRATHGRYFFE MEDICAL PRACTICE,S87146,PA6 7AR,"KIRK ROAD, HOUSTON, JOHNSTONE",01505 613240,,,,,,,SCOTLAND,scotland,ods_scottish_gp_practice,RO227,SCOTTISH GP PRACTICE,"RO227,RO76",https://directory.spineservices.nhs.uk/ORD/2-0-0/organisations/S87146,2022-12-09,10618,nhs_scotland_gp_practice_contact_details_and_list_sizes,https://www.opendata.nhs.scot/dataset/f23655c3-6e23-4103-a511-a80d998adb90/resource/ceddbf27-0686-4f4b-b9a2-0090d28c3864/download/practice_contact_details_20260101_opendata.csv,20260101,STRATHGRYFFE MEDICAL PRACTICE PA6 7AR
JURA MEDICAL PRACTICE,S84383,PA60 7XG,"GLENCAIRN SURGERY, CRAIGHOUSE",01496 820218,,,,,,,SCOTLAND,scotland,ods_scottish_gp_practice,RO227,SCOTTISH GP PRACTICE,"RO227,RO76",https://directory.spineservices.nhs.uk/ORD/2-0-0/organisations/S84383,2022-12-09,234,nhs_scotland_gp_practice_contact_details_and_list_sizes,https://www.opendata.nhs.scot/dataset/f23655c3-6e23-4103-a511-a80d998adb90/resource/ceddbf27-0686-4f4b-b9a2-0090d28c3864/download/practice_contact_details_20260101_opendata.csv,20260101,JURA MEDICAL PRACTICE PA60 7XG
DR CLIVE MAST,S84129,PA61 7YW,"COLONSAY SURGERY, SCALASAIG",01951 200328,,,,,,,SCOTLAND,scotland,ods_scottish_gp_practice,RO227,SCOTTISH GP PRACTICE,"RO227,RO76",https://directory.spineservices.nhs.uk/ORD/2-0-0/organisations/S84129,2025-05-19,138,nhs_scotland_gp_practice_contact_details_and_list_sizes,https://www.opendata.nhs.scot/dataset/f23655c3-6e23-4103-a511-a80d998adb90/resource/ceddbf27-0686-4f4b-b9a2-0090d28c3864/download/practice_contact_details_20260101_opendata.csv,20260101,DR CLIVE MAST PA61 7YW
BISHOPTON MEDICAL PRACTICE,S87112,PA7 5AW,"GREENOCK ROAD, BISHOPTON",01505 863223,,,,,,,SCOTLAND,scotland,ods_scottish_gp_practice,RO227,SCOTTISH GP PRACTICE,"RO227,RO76",https://directory.spineservices.nhs.uk/ORD/2-0-0/organisations/S87112,2022-12-09,12185,nhs_scotland_gp_practice_contact_details_and_list_sizes,https://www.opendata.nhs.scot/dataset/f23655c3-6e23-4103-a511-a80d998adb90/resource/ceddbf27-0686-4f4b-b9a2-0090d28c3864/download/practice_contact_details_20260101_opendata.csv,20260101,BISHOPTON MEDICAL PRACTICE PA7 5AW
MULL & IONA MEDICAL GROUP,S84538,PA75 6PN,"THE SURGERY, ROCKFIELD ROAD, TOBERMORY",01680 342000,,,,,,,SCOTLAND,scotland,ods_scottish_gp_practice,RO227,SCOTTISH GP PRACTICE,"RO227,RO76",https://directory.spineservices.nhs.uk/ORD/2-0-0/organisations/S84538,2022-12-09,3601,nhs_scotland_gp_practice_contact_details_and_list_sizes,https://www.opendata.nhs.scot/dataset/f23655c3-6e23-4103-a511-a80d998adb90/resource/ceddbf27-0686-4f4b-b9a2-0090d28c3864/download/practice_contact_details_20260101_opendata.csv,20260101,MULL & IONA MEDICAL GROUP PA75 6PN
TIREE MEDICAL PRACTICE,S84805,PA77 6UN,"BAUGH SURGERY, ISLE OF TIREE",01879 220323,,,,,,,SCOTLAND,scotland,ods_scottish_gp_practice,RO227,SCOTTISH GP PRACTICE,"RO227,RO76",https://directory.spineservices.nhs.uk/ORD/2-0-0/organisations/S84805,2022-12-09,724,nhs_scotland_gp_practice_contact_details_and_list_sizes,https://www.opendata.nhs.scot/dataset/f23655c3-6e23-4103-a511-a80d998adb90/resource/ceddbf27-0686-4f4b-b9a2-0090d28c3864/download/practice_contact_details_20260101_opendata.csv,20260101,TIREE MEDICAL PRACTICE PA77 6UN
ALBA MEDICAL GROUP GLASGOW,S87358,PA8 6BS,"ERSKINE CLINIC, BARGARRON CENTRE, ERSKINE",01413 149313,,,,,,,SCOTLAND,scotland,ods_scottish_gp_practice,RO227,SCOTTISH GP PRACTICE,"RO227,RO76",https://directory.spineservices.nhs.uk/ORD/2-0-0/organisations/S87358,2025-04-23,7728,nhs_scotland_gp_practice_contact_details_and_list_sizes,https://www.opendata.nhs.scot/dataset/f23655c3-6e23-4103-a511-a80d998adb90/resource/ceddbf27-0686-4f4b-b9a2-0090d28c3864/download/practice_contact_details_20260101_opendata.csv,20260101,ALBA MEDICAL GROUP GLASGOW PA8 6BS
BRIDGEWATER MEDICAL CENTRE,S87235,PA8 7AF,"15 KILPATRICK DRIVE, ERSKINE",01418 122022,,,,,,,SCOTLAND,scotland,ods_scottish_gp_practice,RO227,SCOTTISH GP PRACTICE,"RO227,RO76",https://directory.spineservices.nhs.uk/ORD/2-0-0/organisations/S87235,2022-11-18,2204,nhs_scotland_gp_practice_contact_details_and_list_sizes,https://www.opendata.nhs.scot/dataset/f23655c3-6e23-4103-a511-a80d998adb90/resource/ceddbf27-0686-4f4b-b9a2-0090d28c3864/download/practice_contact_details_20260101_opendata.csv,20260101,BRIDGEWATER MEDICAL CENTRE PA8 7AF
"DRS MACPHERSON, HANLEY,TOBIN & MITCHELL",S87184,PA8 7JQ,"MAINS MEDICAL CENTRE, 300 MAINS DRIVE, ERSKINE",01418 123230,,,,,,,SCOTLAND,scotland,ods_scottish_gp_practice,RO227,SCOTTISH GP PRACTICE,"RO227,RO76",https://directory.spineservices.nhs.uk/ORD/2-0-0/organisations/S87184,2025-09-18,9166,nhs_scotland_gp_practice_contact_details_and_list_sizes,https://www.opendata.nhs.scot/dataset/f23655c3-6e23-4103-a511-a80d998adb90/resource/ceddbf27-0686-4f4b-b9a2-0090d28c3864/download/practice_contact_details_20260101_opendata.csv,20260101,"DRS MACPHERSON, HANLEY,TOBIN & MITCHELL PA8 7JQ"
THE TAYMOUNT SURGERY,S14037,PH1 1NU,"1 TAYMOUNT TERRACE, PERTH",01738 627117,,,,,,,SCOTLAND,scotland,ods_scottish_gp_practice,RO227,SCOTTISH GP PRACTICE,"RO227,RO76",https://directory.spineservices.nhs.uk/ORD/2-0-0/organisations/S14037,2022-08-18,16897,nhs_scotland_gp_practice_contact_details_and_list_sizes,https://www.opendata.nhs.scot/dataset/f23655c3-6e23-4103-a511-a80d998adb90/resource/ceddbf27-0686-4f4b-b9a2-0090d28c3864/download/practice_contact_details_20260101_opendata.csv,20260101,THE TAYMOUNT SURGERY PH1 1NU
TAYSIDE OUT OF HOURS (3),S15928,PH1 1NX,"ORTHOPAEDIC DEPARTMENT, PERTH ROYAL INFIRMARY, PERTH",01738 473845,,,,,,,SCOTLAND,scotland,ods_scottish_gp_practice,RO227,SCOTTISH GP PRACTICE,"RO227,RO72",https://directory.spineservices.nhs.uk/ORD/2-0-0/organisations/S15928,2022-08-18,,,,,TAYSIDE OUT OF HOURS (3) PH1 1NX
"GREEN PRACTICE, WHITEFRIARS SURGERY",S13891,PH1 1PP,"WHITEFRIARS STREET, PERTH",01738 627912,,,,,,,SCOTLAND,scotland,ods_scottish_gp_practice,RO227,SCOTTISH GP PRACTICE,"RO227,RO76",https://directory.spineservices.nhs.uk/ORD/2-0-0/organisations/S13891,2022-08-18,9904,nhs_scotland_gp_practice_contact_details_and_list_sizes,https://www.opendata.nhs.scot/dataset/f23655c3-6e23-4103-a511-a80d998adb90/resource/ceddbf27-0686-4f4b-b9a2-0090d28c3864/download/practice_contact_details_20260101_opendata.csv,20260101,"GREEN PRACTICE, WHITEFRIARS SURGERY PH1 1PP"
"RED PRACTICE, WHITEFRIARS SURGERY",S14249,PH1 1PP,"WHITEFRIARS STREET, PERTH",01738 625842,,,,,,,SCOTLAND,scotland,ods_scottish_gp_practice,RO227,SCOTTISH GP PRACTICE,"RO227,RO76",https://directory.spineservices.nhs.uk/ORD/2-0-0/organisations/S14249,2022-08-18,8079,nhs_scotland_gp_practice_contact_details_and_list_sizes,https://www.opendata.nhs.scot/dataset/f23655c3-6e23-4103-a511-a80d998adb90/resource/ceddbf27-0686-4f4b-b9a2-0090d28c3864/download/practice_contact_details_20260101_opendata.csv,20260101,"RED PRACTICE, WHITEFRIARS SURGERY PH1 1PP"
STANLEY MEDICAL CENTRE,S14569,PH1 4NN,"43 SHIELHILL PLACE, STANLEY, PERTH",01738 828294,,,,,,,SCOTLAND,scotland,ods_scottish_gp_practice,RO227,SCOTTISH GP PRACTICE,"RO227,RO76",https://directory.spineservices.nhs.uk/ORD/2-0-0/organisations/S14569,2023-01-16,4338,nhs_scotland_gp_practice_contact_details_and_list_sizes,https://www.opendata.nhs.scot/dataset/f23655c3-6e23-4103-a511-a80d998adb90/resource/ceddbf27-0686-4f4b-b9a2-0090d28c3864/download/practice_contact_details_20260101_opendata.csv,20260101,STANLEY MEDICAL CENTRE PH1 4NN
THE LADE MEDICAL PRACTICE,S13975,PH1 5PD,"NORTH METHVEN STREET, PERTH",01738 622421,,,,,,,SCOTLAND,scotland,ods_scottish_gp_practice,RO227,SCOTTISH GP PRACTICE,"RO227,RO76",https://directory.spineservices.nhs.uk/ORD/2-0-0/organisations/S13975,2022-08-18,4069,nhs_scotland_gp_practice_contact_details_and_list_sizes,https://www.opendata.nhs.scot/dataset/f23655c3-6e23-4103-a511-a80d998adb90/resource/ceddbf27-0686-4f4b-b9a2-0090d28c3864/download/practice_contact_details_20260101_opendata.csv,20260101,THE LADE MEDICAL PRACTICE PH1 5PD
"YELLOW PRACTICE, DRUMHAR HEALTH CENTRE",S14342,PH1 5PD,"NORTH METHVEN STREET, PERTH",01738 621726,,,,,,,SCOTLAND,scotland,ods_scottish_gp_practice,RO227,SCOTTISH GP PRACTICE,"RO227,RO76",https://directory.spineservices.nhs.uk/ORD/2-0-0/organisations/S14342,2022-08-18,6585,nhs_scotland_gp_practice_contact_details_and_list_sizes,https://www.opendata.nhs.scot/dataset/f23655c3-6e23-4103-a511-a80d998adb90/resource/ceddbf27-0686-4f4b-b9a2-0090d28c3864/download/practice_contact_details_20260101_opendata.csv,20260101,"YELLOW PRACTICE, DRUMHAR HEALTH CENTRE PH1 5PD"
STRATHMORE SURGERY,S10445,PH10 6BT,"19 JESSIE STREET, BLAIRGOWRIE",01250 872552,,,,,,,SCOTLAND,scotland,ods_scottish_gp_practice,RO227,SCOTTISH GP PRACTICE,"RO227,RO76",https://directory.spineservices.nhs.uk/ORD/2-0-0/organisations/S10445,2023-01-16,4006,nhs_scotland_gp_practice_contact_details_and_list_sizes,https://www.opendata.nhs.scot/dataset/f23655c3-6e23-4103-a511-a80d998adb90/resource/ceddbf27-0686-4f4b-b9a2-0090d28c3864/download/practice_contact_details_20260101_opendata.csv,20260101,STRATHMORE SURGERY PH10 6BT
ARDBLAIR MEDICAL PRACTICE,S10407,PH10 6EF,"ANN STREET, BLAIRGOWRIE",01250 872033,,,,,,,SCOTLAND,scotland,ods_scottish_gp_practice,RO227,SCOTTISH GP PRACTICE,"RO227,RO76",https://directory.spineservices.nhs.uk/ORD/2-0-0/organisations/S10407,2023-01-16,7897,nhs_scotland_gp_practice_contact_details_and_list_sizes,https://www.opendata.nhs.scot/dataset/f23655c3-6e23-4103-a511-a80d998adb90/resource/ceddbf27-0686-4f4b-b9a2-0090d28c3864/download/practice_contact_details_20260101_opendata.csv,20260101,ARDBLAIR MEDICAL PRACTICE PH10 6EF
ALYTH HEALTH CENTRE,S10125,PH11 8EQ,"NEW ALYTH ROAD, ALYTH, BLAIRGOWRIE",01828 632317,,,,,,,SCOTLAND,scotland,ods_scottish_gp_practice,RO227,SCOTTISH GP PRACTICE,"RO227,RO76",https://directory.spineservices.nhs.uk/ORD/2-0-0/organisations/S10125,2023-01-16,4657,nhs_scotland_gp_practice_contact_details_and_list_sizes,https://www.opendata.nhs.scot/dataset/f23655c3-6e23-4103-a511-a80d998adb90/resource/ceddbf27-0686-4f4b-b9a2-0090d28c3864/download/practice_contact_details_20260101_opendata.csv,20260101,ALYTH HEALTH CENTRE PH11 8EQ
COUPAR ANGUS MEDICAL CENTRE,S10746,PH13 9DD,"CANDLEHOUSE LANE, COUPAR ANGUS, BLAIRGOWRIE",01828 627312,,,,,,,SCOTLAND,scotland,ods_scottish_gp_practice,RO227,SCOTTISH GP PRACTICE,"RO227,RO76",https://directory.spineservices.nhs.uk/ORD/2-0-0/organisations/S10746,2023-01-16,6323,nhs_scotland_gp_practice_contact_details_and_list_sizes,https://www.opendata.nhs.scot/dataset/f23655c3-6e23-4103-a511-a80d998adb90/resource/ceddbf27-0686-4f4b-b9a2-0090d28c3864/download/practice_contact_details_20260101_opendata.csv,20260101,COUPAR ANGUS MEDICAL CENTRE PH13 9DD
ABERFELDY AND KINLOCH RANNOCH MEDICAL PRACTICE,S10036,PH15 2BH,"TAYBRIDGE ROAD, ABERFELDY",01887 820366,,,,,,,SCOTLAND,scotland,ods_scottish_gp_practice,RO227,SCOTTISH GP PRACTICE,"RO227,RO76",https://directory.spineservices.nhs.uk/ORD/2-0-0/organisations/S10036,2023-01-16,4849,nhs_scotland_gp_practice_contact_details_and_list_sizes,https://www.opendata.nhs.scot/dataset/f23655c3-6e23-4103-a511-a80d998adb90/resource/ceddbf27-0686-4f4b-b9a2-0090d28c3864/download/practice_contact_details_20260101_opendata.csv,20260101,ABERFELDY AND KINLOCH RANNOCH MEDICAL PRACTICE PH15 2BH
ATHOLL MEDICAL CENTRE,S14501,PH16 5FG,"FERRY ROAD, PITLOCHRY",01796 472558,,,,,,,SCOTLAND,scotland,ods_scottish_gp_practice,RO227,SCOTTISH GP PRACTICE,"RO227,RO76",https://directory.spineservices.nhs.uk/ORD/2-0-0/organisations/S14501,2023-01-16,4994,nhs_scotland_gp_practice_contact_details_and_list_sizes,https://www.opendata.nhs.scot/dataset/f23655c3-6e23-4103-a511-a80d998adb90/resource/ceddbf27-0686-4f4b-b9a2-0090d28c3864/download/practice_contact_details_20260101_opendata.csv,20260101,ATHOLL MEDICAL CENTRE PH16 5FG
KINGS PRACTICE,S13848,PH2 0JB,"GLOVER STREET MEDICAL CENTRE, 133 GLOVER STREET, PERTH",01738 621844,,,,,,,SCOTLAND,scotland,ods_scottish_gp_practice,RO227,SCOTTISH GP PRACTICE,"RO227,RO76",https://directory.spineservices.nhs.uk/ORD/2-0-0/organisations/S13848,2022-08-18,6490,nhs_scotland_gp_practice_contact_details_and_list_sizes,https://www.opendata.nhs.scot/dataset/f23655c3-6e23-4103-a511-a80d998adb90/resource/ceddbf27-0686-4f4b-b9a2-0090d28c3864/download/practice_contact_details_20260101_opendata.csv,20260101,KINGS PRACTICE PH2 0JB
VICTORIA PRACTICE,S13941,PH2 0JB,"GLOVER STREET MEDICAL CENTRE, 133 GLOVER STREET, PERTH",01738 639748,,,,,,,SCOTLAND,scotland,ods_scottish_gp_practice,RO227,SCOTTISH GP PRACTICE,"RO227,RO76",https://directory.spineservices.nhs.uk/ORD/2-0-0/organisations/S13941,2022-08-18,10590,nhs_scotland_gp_practice_contact_details_and_list_sizes,https://www.opendata.nhs.scot/dataset/f23655c3-6e23-4103-a511-a80d998adb90/resource/ceddbf27-0686-4f4b-b9a2-0090d28c3864/download/practice_contact_details_20260101_opendata.csv,20260101,VICTORIA PRACTICE PH2 0JB
PERTH CITY MEDICAL CENTRE,S14291,PH2 8HH,"CALEDONIAN ROAD, PERTH",01738 628234,,,,,,,SCOTLAND,scotland,ods_scottish_gp_practice,RO227,SCOTTISH GP PRACTICE,"RO227,RO76",https://directory.spineservices.nhs.uk/ORD/2-0-0/organisations/S14291,2022-08-18,9308,nhs_scotland_gp_practice_contact_details_and_list_sizes,https://www.opendata.nhs.scot/dataset/f23655c3-6e23-4103-a511-a80d998adb90/resource/ceddbf27-0686-4f4b-b9a2-0090d28c3864/download/practice_contact_details_20260101_opendata.csv,20260101,PERTH CITY MEDICAL CENTRE PH2 8HH
GERGASK SURGERY,S55944,PH20 1AH,"LAGGAN, NEWTONMORE",01528 544225,,,,,,,SCOTLAND,scotland,ods_scottish_gp_practice,RO227,SCOTTISH GP PRACTICE,"RO227,RO76",https://directory.spineservices.nhs.uk/ORD/2-0-0/organisations/S55944,2023-01-10,468,nhs_scotland_gp_practice_contact_details_and_list_sizes,https://www.opendata.nhs.scot/dataset/f23655c3-6e23-4103-a511-a80d998adb90/resource/ceddbf27-0686-4f4b-b9a2-0090d28c3864/download/practice_contact_details_20260101_opendata.csv,20260101,GERGASK SURGERY PH20 1AH
KINGUSSIE MEDICAL PRACTICE,S55930,PH21 1ET,"OLD DISTILLERY SURGERY, GYNACK ROAD, KINGUSSIE",01540 661233,,,,,,,SCOTLAND,scotland,ods_scottish_gp_practice,RO227,SCOTTISH GP PRACTICE,"RO227,RO76",https://directory.spineservices.nhs.uk/ORD/2-0-0/organisations/S55930,2023-01-10,3182,nhs_scotland_gp_practice_contact_details_and_list_sizes,https://www.opendata.nhs.scot/dataset/f23655c3-6e23-4103-a511-a80d998adb90/resource/ceddbf27-0686-4f4b-b9a2-0090d28c3864/download/practice_contact_details_20260101_opendata.csv,20260101,KINGUSSIE MEDICAL PRACTICE PH21 1ET
AVIEMORE MEDICAL PRACTICE,S55911,PH22 1AJ,"BADENOCH & STRATHSPEY COMM HOSP, CAIRNVIEW ROAD, AVIEMORE",01479 810258,,,,,,,SCOTLAND,scotland,ods_scottish_gp_practice,RO227,SCOTTISH GP PRACTICE,"RO227,RO76",https://directory.spineservices.nhs.uk/ORD/2-0-0/organisations/S55911,2024-02-20,5758,nhs_scotland_gp_practice_contact_details_and_list_sizes,https://www.opendata.nhs.scot/dataset/f23655c3-6e23-4103-a511-a80d998adb90/resource/ceddbf27-0686-4f4b-b9a2-0090d28c3864/download/practice_contact_details_20260101_opendata.csv,20260101,AVIEMORE MEDICAL PRACTICE PH22 1AJ
GRANTOWN-ON-SPEY MEDICAL PRACTICE,S55925,PH26 3HR,"THE HEALTH CENTRE, CASTLE ROAD EAST, GRANTOWN-ON-SPEY",01479 872484,,,,,,,SCOTLAND,scotland,ods_scottish_gp_practice,RO227,SCOTTISH GP PRACTICE,"RO227,RO76",https://directory.spineservices.nhs.uk/ORD/2-0-0/organisations/S55925,2023-01-10,5553,nhs_scotland_gp_practice_contact_details_and_list_sizes,https://www.opendata.nhs.scot/dataset/f23655c3-6e23-4103-a511-a80d998adb90/resource/ceddbf27-0686-4f4b-b9a2-0090d28c3864/download/practice_contact_details_20260101_opendata.csv,20260101,GRANTOWN-ON-SPEY MEDICAL PRACTICE PH26 3HR
ST MARGARET'S HEALTH CENTRE,S10361,PH3 1JH,"ST MARGARET'S DRIVE, AUCHTERARDER",01764 662614,,,,,,,SCOTLAND,scotland,ods_scottish_gp_practice,RO227,SCOTTISH GP PRACTICE,"RO227,RO76",https://directory.spineservices.nhs.uk/ORD/2-0-0/organisations/S10361,2024-11-19,10964,nhs_scotland_gp_practice_contact_details_and_list_sizes,https://www.opendata.nhs.scot/dataset/f23655c3-6e23-4103-a511-a80d998adb90/resource/ceddbf27-0686-4f4b-b9a2-0090d28c3864/download/practice_contact_details_20260101_opendata.csv,20260101,ST MARGARET'S HEALTH CENTRE PH3 1JH
CILL CHUIMEIN MEDICAL CENTRE,S55732,PH32 4BH,"FORT WILLIAM ROAD, FORT AUGUSTUS",01320 366216,,,,,,,SCOTLAND,scotland,ods_scottish_gp_practice,RO227,SCOTTISH GP PRACTICE,"RO227,RO76",https://directory.spineservices.nhs.uk/ORD/2-0-0/organisations/S55732,2023-01-10,1591,nhs_scotland_gp_practice_contact_details_and_list_sizes,https://www.opendata.nhs.scot/dataset/f23655c3-6e23-4103-a511-a80d998adb90/resource/ceddbf27-0686-4f4b-b9a2-0090d28c3864/download/practice_contact_details_20260101_opendata.csv,20260101,CILL CHUIMEIN MEDICAL CENTRE PH32 4BH
CRAIG NEVIS SURGERY,S55605,PH33 7AQ,"FORT WILLIAM HEALTH CENTRE, CAMAGHAEL, FORT WILLIAM",01397 702947,,,,,,,SCOTLAND,scotland,ods_scottish_gp_practice,RO227,SCOTTISH GP PRACTICE,"RO227,RO76",https://directory.spineservices.nhs.uk/ORD/2-0-0/organisations/S55605,2022-10-04,3779,nhs_scotland_gp_practice_contact_details_and_list_sizes,https://www.opendata.nhs.scot/dataset/f23655c3-6e23-4103-a511-a80d998adb90/resource/ceddbf27-0686-4f4b-b9a2-0090d28c3864/download/practice_contact_details_20260101_opendata.csv,20260101,CRAIG NEVIS SURGERY PH33 7AQ
GLEN MOR MEDICAL PRACTICE,S55610,PH33 7AQ,"FORT WILLIAM HEALTH CENTRE, CAMAGHAEL, FORT WILLIAM",01397 703773,,,,,,,SCOTLAND,scotland,ods_scottish_gp_practice,RO227,SCOTTISH GP PRACTICE,"RO227,RO76",https://directory.spineservices.nhs.uk/ORD/2-0-0/organisations/S55610,2022-10-04,5672,nhs_scotland_gp_practice_contact_details_and_list_sizes,https://www.opendata.nhs.scot/dataset/f23655c3-6e23-4103-a511-a80d998adb90/resource/ceddbf27-0686-4f4b-b9a2-0090d28c3864/download/practice_contact_details_20260101_opendata.csv,20260101,GLEN MOR MEDICAL PRACTICE PH33 7AQ
TWEEDDALE MEDICAL PRACTICE,S55624,PH33 7AQ,"FORT WILLIAM HEALTH CENTRE, CAMAGHAEL, FORT WILLIAM",01397 703136,,,,,,,SCOTLAND,scotland,ods_scottish_gp_practice,RO227,SCOTTISH GP PRACTICE,"RO227,RO76",https://directory.spineservices.nhs.uk/ORD/2-0-0/organisations/S55624,2022-10-04,5190,nhs_scotland_gp_practice_contact_details_and_list_sizes,https://www.opendata.nhs.scot/dataset/f23655c3-6e23-4103-a511-a80d998adb90/resource/ceddbf27-0686-4f4b-b9a2-0090d28c3864/download/practice_contact_details_20260101_opendata.csv,20260101,TWEEDDALE MEDICAL PRACTICE PH33 7AQ
WEST HIGHLAND MEDICAL GROUP ACHARACLE,S56576,PH36 4JU,"THE PINES MEDICAL CENTRE, ACHARACLE",01967 431231,,,,,,,SCOTLAND,scotland,ods_scottish_gp_practice,RO227,SCOTTISH GP PRACTICE,"RO227,RO76",https://directory.spineservices.nhs.uk/ORD/2-0-0/organisations/S56576,2025-08-18,1834,nhs_scotland_gp_practice_contact_details_and_list_sizes,https://www.opendata.nhs.scot/dataset/f23655c3-6e23-4103-a511-a80d998adb90/resource/ceddbf27-0686-4f4b-b9a2-0090d28c3864/download/practice_contact_details_20260101_opendata.csv,20260101,WEST HIGHLAND MEDICAL GROUP ACHARACLE PH36 4JU
MALLAIG AND ARISAIG MEDICAL PRACTICE,S56030,PH41 4RN,"MALLAIG HEALTH CENTRE, VICTORIA ROAD, MALLAIG",01687 462202,,,,,,,SCOTLAND,scotland,ods_scottish_gp_practice,RO227,SCOTTISH GP PRACTICE,"RO227,RO76",https://directory.spineservices.nhs.uk/ORD/2-0-0/organisations/S56030,2022-08-18,1815,nhs_scotland_gp_practice_contact_details_and_list_sizes,https://www.opendata.nhs.scot/dataset/f23655c3-6e23-4103-a511-a80d998adb90/resource/ceddbf27-0686-4f4b-b9a2-0090d28c3864/download/practice_contact_details_20260101_opendata.csv,20260101,MALLAIG AND ARISAIG MEDICAL PRACTICE PH41 4RN
SMALL ISLES MEDICAL PRACTICE - ISLE OF EIGG,S55677,PH42 4RL,"GRIANAN, ISLE OF EIGG",01687 482427,,,,,,,SCOTLAND,scotland,ods_scottish_gp_practice,RO227,SCOTTISH GP PRACTICE,"RO227,RO76",https://directory.spineservices.nhs.uk/ORD/2-0-0/organisations/S55677,2022-10-07,192,nhs_scotland_gp_practice_contact_details_and_list_sizes,https://www.opendata.nhs.scot/dataset/f23655c3-6e23-4103-a511-a80d998adb90/resource/ceddbf27-0686-4f4b-b9a2-0090d28c3864/download/practice_contact_details_20260101_opendata.csv,20260101,SMALL ISLES MEDICAL PRACTICE - ISLE OF EIGG PH42 4RL
BALLACHULISH MEDICAL PRACTICE,S56025,PH49 4JB,"LOAN FERN, EAST LAROCH, BALLACHULISH",01855 811226,,,,,,,SCOTLAND,scotland,ods_scottish_gp_practice,RO227,SCOTTISH GP PRACTICE,"RO227,RO76",https://directory.spineservices.nhs.uk/ORD/2-0-0/organisations/S56025,2023-01-10,1548,nhs_scotland_gp_practice_contact_details_and_list_sizes,https://www.opendata.nhs.scot/dataset/f23655c3-6e23-4103-a511-a80d998adb90/resource/ceddbf27-0686-4f4b-b9a2-0090d28c3864/download/practice_contact_details_20260101_opendata.csv,20260101,BALLACHULISH MEDICAL PRACTICE PH49 4JB
KINLOCHLEVEN MEDICAL PRACTICE,S55639,PH50 4QU,"KEARAN ROAD, KINLOCHLEVEN",01855 831225,,,,,,,SCOTLAND,scotland,ods_scottish_gp_practice,RO227,SCOTTISH GP PRACTICE,"RO227,RO76",https://directory.spineservices.nhs.uk/ORD/2-0-0/organisations/S55639,2022-08-18,911,nhs_scotland_gp_practice_contact_details_and_list_sizes,https://www.opendata.nhs.scot/dataset/f23655c3-6e23-4103-a511-a80d998adb90/resource/ceddbf27-0686-4f4b-b9a2-0090d28c3864/download/practice_contact_details_20260101_opendata.csv,20260101,KINLOCHLEVEN MEDICAL PRACTICE PH50 4QU
COMRIE MEDICAL CENTRE,S10708,PH6 2LW,"STROWAN ROAD, COMRIE, CRIEFF",01764 670217,,,,,,,SCOTLAND,scotland,ods_scottish_gp_practice,RO227,SCOTTISH GP PRACTICE,"RO227,RO76",https://directory.spineservices.nhs.uk/ORD/2-0-0/organisations/S10708,2023-01-16,2732,nhs_scotland_gp_practice_contact_details_and_list_sizes,https://www.opendata.nhs.scot/dataset/f23655c3-6e23-4103-a511-a80d998adb90/resource/ceddbf27-0686-4f4b-b9a2-0090d28c3864/download/practice_contact_details_20260101_opendata.csv,20260101,COMRIE MEDICAL CENTRE PH6 2LW
THE BLUE PRACTICE,S10017,PH7 3SA,"CRIEFF MEDICAL CENTRE, KING STREET, CRIEFF",01764 652283,,,,,,,SCOTLAND,scotland,ods_scottish_gp_practice,RO227,SCOTTISH GP PRACTICE,"RO227,RO76",https://directory.spineservices.nhs.uk/ORD/2-0-0/organisations/S10017,2022-08-18,7730,nhs_scotland_gp_practice_contact_details_and_list_sizes,https://www.opendata.nhs.scot/dataset/f23655c3-6e23-4103-a511-a80d998adb90/resource/ceddbf27-0686-4f4b-b9a2-0090d28c3864/download/practice_contact_details_20260101_opendata.csv,20260101,THE BLUE PRACTICE PH7 3SA
THE RED PRACTICE,S10835,PH7 3SA,"CRIEFF MEDICAL CENTRE, KING STREET, CRIEFF",01764 652456,,,,,,,SCOTLAND,scotland,ods_scottish_gp_practice,RO227,SCOTTISH GP PRACTICE,"RO227,RO76",https://directory.spineservices.nhs.uk/ORD/2-0-0/organisations/S10835,2022-10-10,4051,nhs_scotland_gp_practice_contact_details_and_list_sizes,https://www.opendata.nhs.scot/dataset/f23655c3-6e23-4103-a511-a80d998adb90/resource/ceddbf27-0686-4f4b-b9a2-0090d28c3864/download/practice_contact_details_20260101_opendata.csv,20260101,THE RED PRACTICE PH7 3SA
CRAIGVINEAN SURGERY,S13049,PH8 0AD,"LITTLE DUNKELD, DUNKELD",01350 727269,,,,,,,SCOTLAND,scotland,ods_scottish_gp_practice,RO227,SCOTTISH GP PRACTICE,"RO227,RO76",https://directory.spineservices.nhs.uk/ORD/2-0-0/organisations/S13049,2022-08-18,4408,nhs_scotland_gp_practice_contact_details_and_list_sizes,https://www.opendata.nhs.scot/dataset/f23655c3-6e23-4103-a511-a80d998adb90/resource/ceddbf27-0686-4f4b-b9a2-0090d28c3864/download/practice_contact_details_20260101_opendata.csv,20260101,CRAIGVINEAN SURGERY PH8 0AD
ROXBURGH STREET SURGERY,S16013,TD1 1PF,"ROXBURGH STREET, GALASHIELS",01896 752557,,,,,,,SCOTLAND,scotland,ods_scottish_gp_practice,RO227,SCOTTISH GP PRACTICE,"RO227,RO76",https://directory.spineservices.nhs.uk/ORD/2-0-0/organisations/S16013,2025-07-21,3741,nhs_scotland_gp_practice_contact_details_and_list_sizes,https://www.opendata.nhs.scot/dataset/f23655c3-6e23-4103-a511-a80d998adb90/resource/ceddbf27-0686-4f4b-b9a2-0090d28c3864/download/practice_contact_details_20260101_opendata.csv,20260101,ROXBURGH STREET SURGERY TD1 1PF
STOW & LAUDER HEALTH,S16550,TD1 2SQ,"STOW HEALTH CENTRE, STATION ROAD, GALASHIELS",01896 661440,,,,,,,SCOTLAND,scotland,ods_scottish_gp_practice,RO227,SCOTTISH GP PRACTICE,"RO227,RO76",https://directory.spineservices.nhs.uk/ORD/2-0-0/organisations/S16550,2023-01-16,4615,nhs_scotland_gp_practice_contact_details_and_list_sizes,https://www.opendata.nhs.scot/dataset/f23655c3-6e23-4103-a511-a80d998adb90/resource/ceddbf27-0686-4f4b-b9a2-0090d28c3864/download/practice_contact_details_20260101_opendata.csv,20260101,STOW & LAUDER HEALTH TD1 2SQ
BRAESIDE MEDICAL PRACTICE,S16230,TD1 2UA,"THE HEALTH CENTRE, CURRIE ROAD, GALASHIELS",01896 661360,,,,,,,SCOTLAND,scotland,ods_scottish_gp_practice,RO227,SCOTTISH GP PRACTICE,"RO227,RO76",https://directory.spineservices.nhs.uk/ORD/2-0-0/organisations/S16230,2022-08-18,4614,nhs_scotland_gp_practice_contact_details_and_list_sizes,https://www.opendata.nhs.scot/dataset/f23655c3-6e23-4103-a511-a80d998adb90/resource/ceddbf27-0686-4f4b-b9a2-0090d28c3864/download/practice_contact_details_20260101_opendata.csv,20260101,BRAESIDE MEDICAL PRACTICE TD1 2UA
MAIRCHES MEDICAL PRACTICE GALASHIELS,S16297,TD1 2UA,"THE HEALTH CENTRE, CURRIE ROAD, GALASHIELS",01896 661355,,,,,,,SCOTLAND,scotland,ods_scottish_gp_practice,RO227,SCOTTISH GP PRACTICE,"RO227,RO76",https://directory.spineservices.nhs.uk/ORD/2-0-0/organisations/S16297,2025-04-23,4991,nhs_scotland_gp_practice_contact_details_and_list_sizes,https://www.opendata.nhs.scot/dataset/f23655c3-6e23-4103-a511-a80d998adb90/resource/ceddbf27-0686-4f4b-b9a2-0090d28c3864/download/practice_contact_details_20260101_opendata.csv,20260101,MAIRCHES MEDICAL PRACTICE GALASHIELS TD1 2UA
WAVERLEY MEDICAL PRACTICE,S16259,TD1 2UA,"THE HEALTH CENTRE, CURRIE ROAD, GALASHIELS",01896 661350,,,,,,,SCOTLAND,scotland,ods_scottish_gp_practice,RO227,SCOTTISH GP PRACTICE,"RO227,RO76",https://directory.spineservices.nhs.uk/ORD/2-0-0/organisations/S16259,2022-08-18,5495,nhs_scotland_gp_practice_contact_details_and_list_sizes,https://www.opendata.nhs.scot/dataset/f23655c3-6e23-4103-a511-a80d998adb90/resource/ceddbf27-0686-4f4b-b9a2-0090d28c3864/download/practice_contact_details_20260101_opendata.csv,20260101,WAVERLEY MEDICAL PRACTICE TD1 2UA
WOUND PRODUCT STOCK PRESCRIBING (GALASHIELS PILOT),S16531,TD1 2UA,"DISTRICT NURSING TEAM, GALASHILES HEALTH CENTRE, GALASHIELS",01896 661350,,,,,,,SCOTLAND,scotland,ods_scottish_gp_practice,RO227,SCOTTISH GP PRACTICE,"RO227,RO72",https://directory.spineservices.nhs.uk/ORD/2-0-0/organisations/S16531,2022-11-18,,,,,WOUND PRODUCT STOCK PRESCRIBING (GALASHIELS PILOT) TD1 2UA
GREENLAW SURGERY,S16475,TD10 6XJ,"DUNS ROAD, GREENLAW, DUNS",01361 885161,,,,,,,SCOTLAND,scotland,ods_scottish_gp_practice,RO227,SCOTTISH GP PRACTICE,"RO227,RO76",https://directory.spineservices.nhs.uk/ORD/2-0-0/organisations/S16475,2023-01-16,1493,nhs_scotland_gp_practice_contact_details_and_list_sizes,https://www.opendata.nhs.scot/dataset/f23655c3-6e23-4103-a511-a80d998adb90/resource/ceddbf27-0686-4f4b-b9a2-0090d28c3864/download/practice_contact_details_20260101_opendata.csv,20260101,GREENLAW SURGERY TD10 6XJ
MERSE MEDICAL PRACTICE,S16066,TD11 3EL,"KNOLL HEALTH CENTRE, STATION ROAD, DUNS",01361 885030,,,,,,,SCOTLAND,scotland,ods_scottish_gp_practice,RO227,SCOTTISH GP PRACTICE,"RO227,RO76",https://directory.spineservices.nhs.uk/ORD/2-0-0/organisations/S16066,2022-08-24,9504,nhs_scotland_gp_practice_contact_details_and_list_sizes,https://www.opendata.nhs.scot/dataset/f23655c3-6e23-4103-a511-a80d998adb90/resource/ceddbf27-0686-4f4b-b9a2-0090d28c3864/download/practice_contact_details_20260101_opendata.csv,20260101,MERSE MEDICAL PRACTICE TD11 3EL
COLDSTREAM MEDICAL PRACTICE,S16206,TD12 4LQ,"THE HEALTH CENTRE, KELSO ROAD, COLDSTREAM",01890 882711,,,,,,,SCOTLAND,scotland,ods_scottish_gp_practice,RO227,SCOTTISH GP PRACTICE,"RO227,RO76",https://directory.spineservices.nhs.uk/ORD/2-0-0/organisations/S16206,2022-08-18,3974,nhs_scotland_gp_practice_contact_details_and_list_sizes,https://www.opendata.nhs.scot/dataset/f23655c3-6e23-4103-a511-a80d998adb90/resource/ceddbf27-0686-4f4b-b9a2-0090d28c3864/download/practice_contact_details_20260101_opendata.csv,20260101,COLDSTREAM MEDICAL PRACTICE TD12 4LQ
EYEMOUTH MEDICAL PRACTICE,S16507,TD14 5DD,"THE HEALTH CENTRE, HOUNDLAW PARK, EYEMOUTH",01890 750383,,,,,,,SCOTLAND,scotland,ods_scottish_gp_practice,RO227,SCOTTISH GP PRACTICE,"RO227,RO76",https://directory.spineservices.nhs.uk/ORD/2-0-0/organisations/S16507,2022-08-18,6835,nhs_scotland_gp_practice_contact_details_and_list_sizes,https://www.opendata.nhs.scot/dataset/f23655c3-6e23-4103-a511-a80d998adb90/resource/ceddbf27-0686-4f4b-b9a2-0090d28c3864/download/practice_contact_details_20260101_opendata.csv,20260101,EYEMOUTH MEDICAL PRACTICE TD14 5DD
WELL CLOSE MEDICAL GROUP,S91014,TD15 1LL,"WELL CLOSE SQUARE, BERWICK-UPON-TWEED",01289 333240,,,,,,,SCOTLAND,scotland,ods_scottish_gp_practice,RO227,SCOTTISH GP PRACTICE,"RO227,RO72",https://directory.spineservices.nhs.uk/ORD/2-0-0/organisations/S91014,2023-05-16,,,,,WELL CLOSE MEDICAL GROUP TD15 1LL
UNION BRAE AND NORHAM PRACTICE,S91000,TD15 2HB,"UNION BRAE SURGERY, TWEEDMOUTH, BERWICK-UPON-TWEED",01289 330333,,,,,,,SCOTLAND,scotland,ods_scottish_gp_practice,RO227,SCOTTISH GP PRACTICE,"RO227,RO72",https://directory.spineservices.nhs.uk/ORD/2-0-0/organisations/S91000,2023-05-16,,,,,UNION BRAE AND NORHAM PRACTICE TD15 2HB
EARLSTON MEDICAL PRACTICE,S16564,TD4 6DW,"EARLSTON HEALTH CENTRE, MELROSE ROAD, EARLSTON",01896 848333,,,,,,,SCOTLAND,scotland,ods_scottish_gp_practice,RO227,SCOTTISH GP PRACTICE,"RO227,RO76",https://directory.spineservices.nhs.uk/ORD/2-0-0/organisations/S16564,2023-01-16,3471,nhs_scotland_gp_practice_contact_details_and_list_sizes,https://www.opendata.nhs.scot/dataset/f23655c3-6e23-4103-a511-a80d998adb90/resource/ceddbf27-0686-4f4b-b9a2-0090d28c3864/download/practice_contact_details_20260101_opendata.csv,20260101,EARLSTON MEDICAL PRACTICE TD4 6DW
KELSO MEDICAL GROUP,S16136,TD5 7LF,"KELSO HEALTH CENTRE, INCH ROAD, KELSO",01573 224424,,,,,,,SCOTLAND,scotland,ods_scottish_gp_practice,RO227,SCOTTISH GP PRACTICE,"RO227,RO76",https://directory.spineservices.nhs.uk/ORD/2-0-0/organisations/S16136,2022-08-18,12001,nhs_scotland_gp_practice_contact_details_and_list_sizes,https://www.opendata.nhs.scot/dataset/f23655c3-6e23-4103-a511-a80d998adb90/resource/ceddbf27-0686-4f4b-b9a2-0090d28c3864/download/practice_contact_details_20260101_opendata.csv,20260101,KELSO MEDICAL GROUP TD5 7LF
EILDON SURGERY,S16051,TD6 0PP,"AUCTION MARKET, NEWTOWN ST BOSWELLS, MELROSE",01835 822777,,,,,,,SCOTLAND,scotland,ods_scottish_gp_practice,RO227,SCOTTISH GP PRACTICE,"RO227,RO76",https://directory.spineservices.nhs.uk/ORD/2-0-0/organisations/S16051,2023-01-16,7017,nhs_scotland_gp_practice_contact_details_and_list_sizes,https://www.opendata.nhs.scot/dataset/f23655c3-6e23-4103-a511-a80d998adb90/resource/ceddbf27-0686-4f4b-b9a2-0090d28c3864/download/practice_contact_details_20260101_opendata.csv,20260101,EILDON SURGERY TD6 0PP
BECS (BORDERS EMERGENCY CARE),S16367,TD6 9BS,"BORDERS GENERAL HOSPITAL, MELROSE",,,,,,,,SCOTLAND,scotland,ods_scottish_gp_practice,RO227,SCOTTISH GP PRACTICE,"RO227,RO76",https://directory.spineservices.nhs.uk/ORD/2-0-0/organisations/S16367,2022-08-18,,,,,BECS (BORDERS EMERGENCY CARE) TD6 9BS
LEADERFOOT PRACTICE,S16278,TD6 9BS,"BORDERS GENERAL HOSPITAL, MELROSE",01896 826000,,,,,,,SCOTLAND,scotland,ods_scottish_gp_practice,RO227,SCOTTISH GP PRACTICE,"RO227,RO76",https://directory.spineservices.nhs.uk/ORD/2-0-0/organisations/S16278,2022-11-18,,,,,LEADERFOOT PRACTICE TD6 9BS
NHS BORDERS PARAMEDICS,S16480,TD6 9BS,"NHS BORDERS, BORDERS EMERGENCY CARE SERVICE, MELROSE",01896 827701,,,,,,,SCOTLAND,scotland,ods_scottish_gp_practice,RO227,SCOTTISH GP PRACTICE,"RO227,RO72",https://directory.spineservices.nhs.uk/ORD/2-0-0/organisations/S16480,2022-11-18,,,,,NHS BORDERS PARAMEDICS TD6 9BS
LONG TERM CONDITIONS,S16598,TD6 9SL,"NHS BORDERS, WESTGROVE, MELROSE",,,,,,,,SCOTLAND,scotland,ods_scottish_gp_practice,RO227,SCOTTISH GP PRACTICE,"RO227,RO72",https://directory.spineservices.nhs.uk/ORD/2-0-0/organisations/S16598,2022-10-10,,,,,LONG TERM CONDITIONS TD6 9SL
SELKIRK MEDICAL PRACTICE,S16085,TD7 4LJ,"THE HEALTH CENTRE, VIEWFIELD LANE, SELKIRK",01750 21674,,,,,,,SCOTLAND,scotland,ods_scottish_gp_practice,RO227,SCOTTISH GP PRACTICE,"RO227,RO76",https://directory.spineservices.nhs.uk/ORD/2-0-0/organisations/S16085,2022-08-18,7289,nhs_scotland_gp_practice_contact_details_and_list_sizes,https://www.opendata.nhs.scot/dataset/f23655c3-6e23-4103-a511-a80d998adb90/resource/ceddbf27-0686-4f4b-b9a2-0090d28c3864/download/practice_contact_details_20260101_opendata.csv,20260101,SELKIRK MEDICAL PRACTICE TD7 4LJ
JEDBURGH MEDICAL PRACTICE,S16032,TD8 6EN,"THE HEALTH CENTRE, QUEEN STREET, JEDBURGH",01835 863361,,,,,,,SCOTLAND,scotland,ods_scottish_gp_practice,RO227,SCOTTISH GP PRACTICE,"RO227,RO76",https://directory.spineservices.nhs.uk/ORD/2-0-0/organisations/S16032,2022-08-18,6825,nhs_scotland_gp_practice_contact_details_and_list_sizes,https://www.opendata.nhs.scot/dataset/f23655c3-6e23-4103-a511-a80d998adb90/resource/ceddbf27-0686-4f4b-b9a2-0090d28c3864/download/practice_contact_details_20260101_opendata.csv,20260101,JEDBURGH MEDICAL PRACTICE TD8 6EN
NEWCASTLETON MEDICAL PRACTICE,S16047,TD9 0RU,"MOSS ROAD, NEWCASTLETON",01387 375100,,,,,,,SCOTLAND,scotland,ods_scottish_gp_practice,RO227,SCOTTISH GP PRACTICE,"RO227,RO76",https://directory.spineservices.nhs.uk/ORD/2-0-0/organisations/S16047,2022-08-18,1619,nhs_scotland_gp_practice_contact_details_and_list_sizes,https://www.opendata.nhs.scot/dataset/f23655c3-6e23-4103-a511-a80d998adb90/resource/ceddbf27-0686-4f4b-b9a2-0090d28c3864/download/practice_contact_details_20260101_opendata.csv,20260101,NEWCASTLETON MEDICAL PRACTICE TD9 0RU
TEVIOT MEDICAL PRACTICE,S16545,TD9 9DT,"TEVIOT ROAD, HAWICK",01450 370999,,,,,,,SCOTLAND,scotland,ods_scottish_gp_practice,RO227,SCOTTISH GP PRACTICE,"RO227,RO76",https://directory.spineservices.nhs.uk/ORD/2-0-0/organisations/S16545,2022-08-18,11888,nhs_scotland_gp_practice_contact_details_and_list_sizes,https://www.opendata.nhs.scot/dataset/f23655c3-6e23-4103-a511-a80d998adb90/resource/ceddbf27-0686-4f4b-b9a2-0090d28c3864/download/practice_contact_details_20260101_opendata.csv,20260101,TEVIOT MEDICAL PRACTICE TD9 9DT
MAIRCHES MEDICAL PRACTICE HAWICK,S16141,TD9 9HU,"O'CONNELL STREET MEDICAL CENTRE, 6 OCONNELL STREET, HAWICK",01450 372276,,,,,,,SCOTLAND,scotland,ods_scottish_gp_practice,RO227,SCOTTISH GP PRACTICE,"RO227,RO76",https://directory.spineservices.nhs.uk/ORD/2-0-0/organisations/S16141,2023-05-15,5730,nhs_scotland_gp_practice_contact_details_and_list_sizes,https://www.opendata.nhs.scot/dataset/f23655c3-6e23-4103-a511-a80d998adb90/resource/ceddbf27-0686-4f4b-b9a2-0090d28c3864/download/practice_contact_details_20260101_opendata.csv,20260101,MAIRCHES MEDICAL PRACTICE HAWICK TD9 9HU
SHETLAND OPTOMETRIC PRESCRIBING PRACTICE,S39001,ZE1 0LA,"UPPER FLOOR MONTFIELD, BURGH ROAD, LERWICK",01595 743339,,,,,,,SCOTLAND,scotland,ods_scottish_gp_practice,RO227,SCOTTISH GP PRACTICE,"RO227,RO76",https://directory.spineservices.nhs.uk/ORD/2-0-0/organisations/S39001,2023-05-16,,,,,SHETLAND OPTOMETRIC PRESCRIBING PRACTICE ZE1 0LA
LERWICK HEALTH CENTRE,S39091,ZE1 0RB,"SOUTH ROAD, LERWICK",01595 693201,,,,,,,SCOTLAND,scotland,ods_scottish_gp_practice,RO227,SCOTTISH GP PRACTICE,"RO227,RO76",https://directory.spineservices.nhs.uk/ORD/2-0-0/organisations/S39091,2023-01-13,8637,nhs_scotland_gp_practice_contact_details_and_list_sizes,https://www.opendata.nhs.scot/dataset/f23655c3-6e23-4103-a511-a80d998adb90/resource/ceddbf27-0686-4f4b-b9a2-0090d28c3864/download/practice_contact_details_20260101_opendata.csv,20260101,LERWICK HEALTH CENTRE ZE1 0RB
SHETLAND OOH SERVICE,S39123,ZE1 0TB,"GILBERT BAIN HOSPITAL, LERWICK",,,,,,,,SCOTLAND,scotland,ods_scottish_gp_practice,RO227,SCOTTISH GP PRACTICE,"RO227,RO76",https://directory.spineservices.nhs.uk/ORD/2-0-0/organisations/S39123,2022-08-18,,,,,SHETLAND OOH SERVICE ZE1 0TB
SCALLOWAY HEALTH CENTRE LLP,S39087,ZE1 0TN,"NEW ROAD, SCALLOWAY",01595 880219,,,,,,,SCOTLAND,scotland,ods_scottish_gp_practice,RO227,SCOTTISH GP PRACTICE,"RO227,RO76",https://directory.spineservices.nhs.uk/ORD/2-0-0/organisations/S39087,2022-10-10,3788,nhs_scotland_gp_practice_contact_details_and_list_sizes,https://www.opendata.nhs.scot/dataset/f23655c3-6e23-4103-a511-a80d998adb90/resource/ceddbf27-0686-4f4b-b9a2-0090d28c3864/download/practice_contact_details_20260101_opendata.csv,20260101,SCALLOWAY HEALTH CENTRE LLP ZE1 0TN
WHALSAY HEALTH CENTRE,S39020,ZE2 9AE,"SYMBISTER, WHALSAY",01806 566219,,,,,,,SCOTLAND,scotland,ods_scottish_gp_practice,RO227,SCOTTISH GP PRACTICE,"RO227,RO76",https://directory.spineservices.nhs.uk/ORD/2-0-0/organisations/S39020,2023-01-13,1049,nhs_scotland_gp_practice_contact_details_and_list_sizes,https://www.opendata.nhs.scot/dataset/f23655c3-6e23-4103-a511-a80d998adb90/resource/ceddbf27-0686-4f4b-b9a2-0090d28c3864/download/practice_contact_details_20260101_opendata.csv,20260101,WHALSAY HEALTH CENTRE ZE2 9AE
YELL HEALTH CENTRE,S39015,ZE2 9BX,"BURRAPARK ROAD, REAFIRTH, MID YELL",01957 702127,,,,,,,SCOTLAND,scotland,ods_scottish_gp_practice,RO227,SCOTTISH GP PRACTICE,"RO227,RO76",https://directory.spineservices.nhs.uk/ORD/2-0-0/organisations/S39015,2023-01-13,939,nhs_scotland_gp_practice_contact_details_and_list_sizes,https://www.opendata.nhs.scot/dataset/f23655c3-6e23-4103-a511-a80d998adb90/resource/ceddbf27-0686-4f4b-b9a2-0090d28c3864/download/practice_contact_details_20260101_opendata.csv,20260101,YELL HEALTH CENTRE ZE2 9BX
UNST HEALTH CENTRE,S39161,ZE2 9DY,"BALTASOUND, UNST",01957 711318,,,,,,,SCOTLAND,scotland,ods_scottish_gp_practice,RO227,SCOTTISH GP PRACTICE,"RO227,RO76",https://directory.spineservices.nhs.uk/ORD/2-0-0/organisations/S39161,2022-08-18,587,nhs_scotland_gp_practice_contact_details_and_list_sizes,https://www.opendata.nhs.scot/dataset/f23655c3-6e23-4103-a511-a80d998adb90/resource/ceddbf27-0686-4f4b-b9a2-0090d28c3864/download/practice_contact_details_20260101_opendata.csv,20260101,UNST HEALTH CENTRE ZE2 9DY
LEVENWICK HEALTH CENTRE,S39072,ZE2 9HX,"GORD, LEVENWICK",01950 461222,,,,,,,SCOTLAND,scotland,ods_scottish_gp_practice,RO227,SCOTTISH GP PRACTICE,"RO227,RO76",https://directory.spineservices.nhs.uk/ORD/2-0-0/organisations/S39072,2024-02-19,2689,nhs_scotland_gp_practice_contact_details_and_list_sizes,https://www.opendata.nhs.scot/dataset/f23655c3-6e23-4103-a511-a80d998adb90/resource/ceddbf27-0686-4f4b-b9a2-0090d28c3864/download/practice_contact_details_20260101_opendata.csv,20260101,LEVENWICK HEALTH CENTRE ZE2 9HX
BIXTER HEALTH CENTRE,S39068,ZE2 9NA,"BIXTER, SHETLAND",01595 810202,,,,,,,SCOTLAND,scotland,ods_scottish_gp_practice,RO227,SCOTTISH GP PRACTICE,"RO227,RO76",https://directory.spineservices.nhs.uk/ORD/2-0-0/organisations/S39068,2022-08-18,1933,nhs_scotland_gp_practice_contact_details_and_list_sizes,https://www.opendata.nhs.scot/dataset/f23655c3-6e23-4103-a511-a80d998adb90/resource/ceddbf27-0686-4f4b-b9a2-0090d28c3864/download/practice_contact_details_20260101_opendata.csv,20260101,BIXTER HEALTH CENTRE ZE2 9NA
WALLS HEALTH CENTRE,S39053,ZE2 9PS,"WALLS, SHETLAND",01595 809352,,,,,,,SCOTLAND,scotland,ods_scottish_gp_practice,RO227,SCOTTISH GP PRACTICE,"RO227,RO76",https://directory.spineservices.nhs.uk/ORD/2-0-0/organisations/S39053,2022-08-18,,,,,WALLS HEALTH CENTRE ZE2 9PS
BRAE MEDICAL PRACTICE,S39049,ZE2 9QJ,"BRAE, SHETLAND",01806 522543,,,,,,,SCOTLAND,scotland,ods_scottish_gp_practice,RO227,SCOTTISH GP PRACTICE,"RO227,RO76",https://directory.spineservices.nhs.uk/ORD/2-0-0/organisations/S39049,2022-08-18,2525,nhs_scotland_gp_practice_contact_details_and_list_sizes,https://www.opendata.nhs.scot/dataset/f23655c3-6e23-4103-a511-a80d998adb90/resource/ceddbf27-0686-4f4b-b9a2-0090d28c3864/download/practice_contact_details_20260101_opendata.csv,20260101,BRAE MEDICAL PRACTICE ZE2 9QJ
HILLSWICK HEALTH CENTRE,S39034,ZE2 9RW,"WEST AYRE, HILLSWICK",01806 503277,,,,,,,SCOTLAND,scotland,ods_scottish_gp_practice,RO227,SCOTTISH GP PRACTICE,"RO227,RO76",https://directory.spineservices.nhs.uk/ORD/2-0-0/organisations/S39034,2023-01-13,819,nhs_scotland_gp_practice_contact_details_and_list_sizes,https://www.opendata.nhs.scot/dataset/f23655c3-6e23-4103-a511-a80d998adb90/resource/ceddbf27-0686-4f4b-b9a2-0090d28c3864/download/practice_contact_details_20260101_opendata.csv,20260101,HILLSWICK HEALTH CENTRE ZE2 9RW
