practice_name,canonical_code,postcode,street_address,telephone,email,website_url,nhs_profile_url,latitude,longitude,accepting_new_patients,country,nation,source_type,ods_primary_role_id,ods_primary_role_description,ods_active_roles,ods_org_link,last_change_date,registered_patient_count,registered_patient_count_source,registered_patient_count_source_url,registered_patient_count_snapshot,patient_survey_name,patient_survey_status,patient_survey_level,patient_survey_url,patient_survey_note,google_maps_query
CORPORATION ROAD (DRS SURGERY),W97063,CF10 5FR,"UNIT 2 GROUND FLOOR, OCEAN HOUSE, CARDIFF",02922 930501,,,,,,,WALES,wales,ods_gp_practice,RO177,PRESCRIBING COST CENTRE,"RO177,RO76",https://directory.spineservices.nhs.uk/ORD/2-0-0/organisations/W97063,2024-06-13,3198,statswales_hlth0426,https://statswales.gov.wales/Download/File?fileName=HLTH0426.zip,202504,People's Experience Survey,equivalent_identified_not_yet_wired,national_framework,https://www.gov.wales/peoples-experience-framework,"Primary-care patient-experience framework exists, but this builder does not yet pull a practice-level Wales survey feed.",CORPORATION ROAD (DRS SURGERY) CF10 5FR
BUTETOWN MEDICAL PRACTICE,W97291,CF10 5HW,"LOUDOUN, PLAS IONA, CARDIFF",029 20483126,,,,,,,WALES,wales,ods_gp_practice,RO177,PRESCRIBING COST CENTRE,"RO177,RO76",https://directory.spineservices.nhs.uk/ORD/2-0-0/organisations/W97291,2023-08-22,10224,statswales_hlth0426,https://statswales.gov.wales/Download/File?fileName=HLTH0426.zip,202504,People's Experience Survey,equivalent_identified_not_yet_wired,national_framework,https://www.gov.wales/peoples-experience-framework,"Primary-care patient-experience framework exists, but this builder does not yet pull a practice-level Wales survey feed.",BUTETOWN MEDICAL PRACTICE CF10 5HW
GRANGE MEDICAL PRACTICE,W97061,CF11 6PG,"BISHOP STREET, CARDIFF",029 20226057,,,,,,,WALES,wales,ods_gp_practice,RO177,PRESCRIBING COST CENTRE,"RO177,RO76",https://directory.spineservices.nhs.uk/ORD/2-0-0/organisations/W97061,2023-08-22,10951,statswales_hlth0426,https://statswales.gov.wales/Download/File?fileName=HLTH0426.zip,202504,People's Experience Survey,equivalent_identified_not_yet_wired,national_framework,https://www.gov.wales/peoples-experience-framework,"Primary-care patient-experience framework exists, but this builder does not yet pull a practice-level Wales survey feed.",GRANGE MEDICAL PRACTICE CF11 6PG
CLARE ROAD MEDICAL CENTRE,W97299,CF11 6RW,"148-152 CLARE ROAD, CARDIFF",029 20388081,,,,,,,WALES,wales,ods_gp_practice,RO177,PRESCRIBING COST CENTRE,"RO177,RO76",https://directory.spineservices.nhs.uk/ORD/2-0-0/organisations/W97299,2023-08-22,5323,statswales_hlth0426,https://statswales.gov.wales/Download/File?fileName=HLTH0426.zip,202504,People's Experience Survey,equivalent_identified_not_yet_wired,national_framework,https://www.gov.wales/peoples-experience-framework,"Primary-care patient-experience framework exists, but this builder does not yet pull a practice-level Wales survey feed.",CLARE ROAD MEDICAL CENTRE CF11 6RW
CARDIFF BAY SURGERY,W97044,CF11 7DJ,"45 CAMBRIDGE STREET, GRANGETOWN, CARDIFF",02920 099378,,,,,,,WALES,wales,ods_gp_practice,RO177,PRESCRIBING COST CENTRE,"RO177,RO76",https://directory.spineservices.nhs.uk/ORD/2-0-0/organisations/W97044,2023-08-22,8699,statswales_hlth0426,https://statswales.gov.wales/Download/File?fileName=HLTH0426.zip,202504,People's Experience Survey,equivalent_identified_not_yet_wired,national_framework,https://www.gov.wales/peoples-experience-framework,"Primary-care patient-experience framework exists, but this builder does not yet pull a practice-level Wales survey feed.",CARDIFF BAY SURGERY CF11 7DJ
GRANGETOWN HEALTH CENTRE,W97616,CF11 7DJ,"CAMBRIDGE STREET, GRANGETOWN, CARDIFF",029 20342728,,,,,,,WALES,wales,ods_gp_practice,RO177,PRESCRIBING COST CENTRE,"RO177,RO76",https://directory.spineservices.nhs.uk/ORD/2-0-0/organisations/W97616,2023-08-22,4417,statswales_hlth0426,https://statswales.gov.wales/Download/File?fileName=HLTH0426.zip,202504,People's Experience Survey,equivalent_identified_not_yet_wired,national_framework,https://www.gov.wales/peoples-experience-framework,"Primary-care patient-experience framework exists, but this builder does not yet pull a practice-level Wales survey feed.",GRANGETOWN HEALTH CENTRE CF11 7DJ
MEDDYGFA LANSDOWNE SURGERY,W97031,CF11 8DG,"AFON ELAI PARTNERSHIP, SANATORIUM ROAD, CARDIFF",029 20395115,,,,,,,WALES,wales,ods_gp_practice,RO177,PRESCRIBING COST CENTRE,"RO177,RO76",https://directory.spineservices.nhs.uk/ORD/2-0-0/organisations/W97031,2023-11-23,15890,statswales_hlth0426,https://statswales.gov.wales/Download/File?fileName=HLTH0426.zip,202504,People's Experience Survey,equivalent_identified_not_yet_wired,national_framework,https://www.gov.wales/peoples-experience-framework,"Primary-care patient-experience framework exists, but this builder does not yet pull a practice-level Wales survey feed.",MEDDYGFA LANSDOWNE SURGERY CF11 8DG
THE SURGERY,W97018,CF11 9DN,"ST DAVIDS COURT, 68A COWBRIDGE ROAD EAST, CARDIFF",029 20379510,,,,,,,WALES,wales,ods_gp_practice,RO177,PRESCRIBING COST CENTRE,"RO177,RO76",https://directory.spineservices.nhs.uk/ORD/2-0-0/organisations/W97018,2023-08-22,5193,statswales_hlth0426,https://statswales.gov.wales/Download/File?fileName=HLTH0426.zip,202504,People's Experience Survey,equivalent_identified_not_yet_wired,national_framework,https://www.gov.wales/peoples-experience-framework,"Primary-care patient-experience framework exists, but this builder does not yet pull a practice-level Wales survey feed.",THE SURGERY CF11 9DN
KINGS ROAD (DRS SURGERY),W97067,CF11 9DQ,"180 KINGS ROAD, CARDIFF",029 20388803,,,,,,,WALES,wales,ods_gp_practice,RO177,PRESCRIBING COST CENTRE,"RO177,RO76",https://directory.spineservices.nhs.uk/ORD/2-0-0/organisations/W97067,2023-08-22,5448,statswales_hlth0426,https://statswales.gov.wales/Download/File?fileName=HLTH0426.zip,202504,People's Experience Survey,equivalent_identified_not_yet_wired,national_framework,https://www.gov.wales/peoples-experience-framework,"Primary-care patient-experience framework exists, but this builder does not yet pull a practice-level Wales survey feed.",KINGS ROAD (DRS SURGERY) CF11 9DQ
MEDDYGFA CANNA SURGERY,W97296,CF11 9EE,"27 WYNDHAM CRESCENT, CARDIFF",029 20390722,,,,,,,WALES,wales,ods_gp_practice,RO177,PRESCRIBING COST CENTRE,"RO177,RO76",https://directory.spineservices.nhs.uk/ORD/2-0-0/organisations/W97296,2023-08-22,8663,statswales_hlth0426,https://statswales.gov.wales/Download/File?fileName=HLTH0426.zip,202504,People's Experience Survey,equivalent_identified_not_yet_wired,national_framework,https://www.gov.wales/peoples-experience-framework,"Primary-care patient-experience framework exists, but this builder does not yet pull a practice-level Wales survey feed.",MEDDYGFA CANNA SURGERY CF11 9EE
LLANDAFF FIELDS MEDICAL PRACTICE,W97005,CF11 9SH,"CANTON COURT, WELLINGTON STREET, CARDIFF",0844 4778710,,,,,,,WALES,wales,ods_gp_practice,RO177,PRESCRIBING COST CENTRE,"RO177,RO76",https://directory.spineservices.nhs.uk/ORD/2-0-0/organisations/W97005,2025-12-02,3294,statswales_hlth0426,https://statswales.gov.wales/Download/File?fileName=HLTH0426.zip,202504,People's Experience Survey,equivalent_identified_not_yet_wired,national_framework,https://www.gov.wales/peoples-experience-framework,"Primary-care patient-experience framework exists, but this builder does not yet pull a practice-level Wales survey feed.",LLANDAFF FIELDS MEDICAL PRACTICE CF11 9SH
TAFF RIVERSIDE PRACTICE,W97016,CF11 9SH,"WELLINGTON STREET, CARDIFF",029 20803200,,,,,,,WALES,wales,ods_gp_practice,RO177,PRESCRIBING COST CENTRE,"RO177,RO76",https://directory.spineservices.nhs.uk/ORD/2-0-0/organisations/W97016,2023-08-22,3397,statswales_hlth0426,https://statswales.gov.wales/Download/File?fileName=HLTH0426.zip,202504,People's Experience Survey,equivalent_identified_not_yet_wired,national_framework,https://www.gov.wales/peoples-experience-framework,"Primary-care patient-experience framework exists, but this builder does not yet pull a practice-level Wales survey feed.",TAFF RIVERSIDE PRACTICE CF11 9SH
BISHOPS ROAD MEDICAL CENTRE,W97028,CF14 1LT,"1 BISHOPS ROAD, WHITCHURCH, CARDIFF",029 20522455,,,,,,,WALES,wales,ods_gp_practice,RO177,PRESCRIBING COST CENTRE,"RO177,RO76",https://directory.spineservices.nhs.uk/ORD/2-0-0/organisations/W97028,2023-08-22,8290,statswales_hlth0426,https://statswales.gov.wales/Download/File?fileName=HLTH0426.zip,202504,People's Experience Survey,equivalent_identified_not_yet_wired,national_framework,https://www.gov.wales/peoples-experience-framework,"Primary-care patient-experience framework exists, but this builder does not yet pull a practice-level Wales survey feed.",BISHOPS ROAD MEDICAL CENTRE CF14 1LT
LLANDAFF NORTH MEDICAL CE,W97286,CF14 2FD,"99 STATION ROAD, LLANDAFF NORTH, CARDIFF",029 20567822,,,,,,,WALES,wales,ods_gp_practice,RO177,PRESCRIBING COST CENTRE,"RO177,RO76",https://directory.spineservices.nhs.uk/ORD/2-0-0/organisations/W97286,2025-08-20,6389,statswales_hlth0426,https://statswales.gov.wales/Download/File?fileName=HLTH0426.zip,202504,People's Experience Survey,equivalent_identified_not_yet_wired,national_framework,https://www.gov.wales/peoples-experience-framework,"Primary-care patient-experience framework exists, but this builder does not yet pull a practice-level Wales survey feed.",LLANDAFF NORTH MEDICAL CE CF14 2FD
WHITCHURCH ROAD SURGERY,W97025,CF14 3NY,"SACHVILLE AVENUE, CARDIFF",02921 851190,,,,,,,WALES,wales,ods_gp_practice,RO177,PRESCRIBING COST CENTRE,"RO177,RO76",https://directory.spineservices.nhs.uk/ORD/2-0-0/organisations/W97025,2023-08-22,8152,statswales_hlth0426,https://statswales.gov.wales/Download/File?fileName=HLTH0426.zip,202504,People's Experience Survey,equivalent_identified_not_yet_wired,national_framework,https://www.gov.wales/peoples-experience-framework,"Primary-care patient-experience framework exists, but this builder does not yet pull a practice-level Wales survey feed.",WHITCHURCH ROAD SURGERY CF14 3NY
CRWYS MEDICAL CENTRE,W97041,CF14 3QX,"THE CRWYS SURGERY, WEDAL ROAD, CARDIFF",029 20524140,,,,,,,WALES,wales,ods_gp_practice,RO177,PRESCRIBING COST CENTRE,"RO177,RO76",https://directory.spineservices.nhs.uk/ORD/2-0-0/organisations/W97041,2023-08-22,8760,statswales_hlth0426,https://statswales.gov.wales/Download/File?fileName=HLTH0426.zip,202504,People's Experience Survey,equivalent_identified_not_yet_wired,national_framework,https://www.gov.wales/peoples-experience-framework,"Primary-care patient-experience framework exists, but this builder does not yet pull a practice-level Wales survey feed.",CRWYS MEDICAL CENTRE CF14 3QX
NORTH ROAD MEDICAL PRACTICE,W97020,CF14 3XQ,"182 NORTH ROAD, CARDIFF",029 20619188,,,,,,,WALES,wales,ods_gp_practice,RO177,PRESCRIBING COST CENTRE,"RO177,RO76",https://directory.spineservices.nhs.uk/ORD/2-0-0/organisations/W97020,2023-08-22,10244,statswales_hlth0426,https://statswales.gov.wales/Download/File?fileName=HLTH0426.zip,202504,People's Experience Survey,equivalent_identified_not_yet_wired,national_framework,https://www.gov.wales/peoples-experience-framework,"Primary-care patient-experience framework exists, but this builder does not yet pull a practice-level Wales survey feed.",NORTH ROAD MEDICAL PRACTICE CF14 3XQ
BIRCHGROVE SURGERY,W97021,CF14 4QJ,"CAERPHILLY ROAD, CARDIFF",029 20522344,,,,,,,WALES,wales,ods_gp_practice,RO177,PRESCRIBING COST CENTRE,"RO177,RO76",https://directory.spineservices.nhs.uk/ORD/2-0-0/organisations/W97021,2023-08-22,10797,statswales_hlth0426,https://statswales.gov.wales/Download/File?fileName=HLTH0426.zip,202504,People's Experience Survey,equivalent_identified_not_yet_wired,national_framework,https://www.gov.wales/peoples-experience-framework,"Primary-care patient-experience framework exists, but this builder does not yet pull a practice-level Wales survey feed.",BIRCHGROVE SURGERY CF14 4QJ
ST. ISAN ROAD SURGERY,W97053,CF14 4UU,"46 ST. ISAN ROAD, HEATH CARDIFF, CARDIFF",029 20612333,,,,,,,WALES,wales,ods_gp_practice,RO177,PRESCRIBING COST CENTRE,"RO177,RO76",https://directory.spineservices.nhs.uk/ORD/2-0-0/organisations/W97053,2023-08-22,7821,statswales_hlth0426,https://statswales.gov.wales/Download/File?fileName=HLTH0426.zip,202504,People's Experience Survey,equivalent_identified_not_yet_wired,national_framework,https://www.gov.wales/peoples-experience-framework,"Primary-care patient-experience framework exists, but this builder does not yet pull a practice-level Wales survey feed.",ST. ISAN ROAD SURGERY CF14 4UU
LLANISHEN COURT SURGERY,W97013,CF14 5YU,"LLANISHEN COURT, LLANISHEN, CARDIFF",029 20757025,,,,,,,WALES,wales,ods_gp_practice,RO177,PRESCRIBING COST CENTRE,"RO177,RO76",https://directory.spineservices.nhs.uk/ORD/2-0-0/organisations/W97013,2023-08-22,9920,statswales_hlth0426,https://statswales.gov.wales/Download/File?fileName=HLTH0426.zip,202504,People's Experience Survey,equivalent_identified_not_yet_wired,national_framework,https://www.gov.wales/peoples-experience-framework,"Primary-care patient-experience framework exists, but this builder does not yet pull a practice-level Wales survey feed.",LLANISHEN COURT SURGERY CF14 5YU
WHITCHURCH VILLAGE PRACTICE,W97294,CF14 7BP,"WHITCHURCH MEDICAL CENTRE, PARK ROAD, CARDIFF",029 20629601,,,,,,,WALES,wales,ods_gp_practice,RO177,PRESCRIBING COST CENTRE,"RO177,RO76",https://directory.spineservices.nhs.uk/ORD/2-0-0/organisations/W97294,2026-02-26,10788,statswales_hlth0426,https://statswales.gov.wales/Download/File?fileName=HLTH0426.zip,202504,People's Experience Survey,equivalent_identified_not_yet_wired,national_framework,https://www.gov.wales/peoples-experience-framework,"Primary-care patient-experience framework exists, but this builder does not yet pull a practice-level Wales survey feed.",WHITCHURCH VILLAGE PRACTICE CF14 7BP
NORTH CARDIFF MEDICAL CENTRE,W97015,CF14 9BB,"EXCALIBUR DRIVE, THORNHILL, CARDIFF",029 20764444,,,,,,,WALES,wales,ods_gp_practice,RO177,PRESCRIBING COST CENTRE,"RO177,RO76",https://directory.spineservices.nhs.uk/ORD/2-0-0/organisations/W97015,2023-08-22,14811,statswales_hlth0426,https://statswales.gov.wales/Download/File?fileName=HLTH0426.zip,202504,People's Experience Survey,equivalent_identified_not_yet_wired,national_framework,https://www.gov.wales/peoples-experience-framework,"Primary-care patient-experience framework exists, but this builder does not yet pull a practice-level Wales survey feed.",NORTH CARDIFF MEDICAL CENTRE CF14 9BB
THE MEDICAL CENTRE,W95060,CF15 7YG,"TAFFS WELL MEDICAL CENTRE, CARDIFF ROAD, CARDIFF",029 20820320,,,,,,,WALES,wales,ods_gp_practice,RO177,PRESCRIBING COST CENTRE,"RO177,RO76",https://directory.spineservices.nhs.uk/ORD/2-0-0/organisations/W95060,2023-08-22,7078,statswales_hlth0426,https://statswales.gov.wales/Download/File?fileName=HLTH0426.zip,202504,People's Experience Survey,equivalent_identified_not_yet_wired,national_framework,https://www.gov.wales/peoples-experience-framework,"Primary-care patient-experience framework exists, but this builder does not yet pull a practice-level Wales survey feed.",THE MEDICAL CENTRE CF15 7YG
RADYR MEDICAL CENTRE,W97024,CF15 8EW,"RECTORY CLOSE, RADYR, CARDIFF",029 20842767,,,,,,,WALES,wales,ods_gp_practice,RO177,PRESCRIBING COST CENTRE,"RO177,RO76",https://directory.spineservices.nhs.uk/ORD/2-0-0/organisations/W97024,2023-08-22,11135,statswales_hlth0426,https://statswales.gov.wales/Download/File?fileName=HLTH0426.zip,202504,People's Experience Survey,equivalent_identified_not_yet_wired,national_framework,https://www.gov.wales/peoples-experience-framework,"Primary-care patient-experience framework exists, but this builder does not yet pull a practice-level Wales survey feed.",RADYR MEDICAL CENTRE CF15 8EW
ROATH HOUSE SURGERY,W97034,CF23 5RH,"100 PEN-Y-LAN ROAD, PENYLAN, CARDIFF",029 20461100,,,,,,,WALES,wales,ods_gp_practice,RO177,PRESCRIBING COST CENTRE,"RO177,RO76",https://directory.spineservices.nhs.uk/ORD/2-0-0/organisations/W97034,2023-08-22,15080,statswales_hlth0426,https://statswales.gov.wales/Download/File?fileName=HLTH0426.zip,202504,People's Experience Survey,equivalent_identified_not_yet_wired,national_framework,https://www.gov.wales/peoples-experience-framework,"Primary-care patient-experience framework exists, but this builder does not yet pull a practice-level Wales survey feed.",ROATH HOUSE SURGERY CF23 5RH
THE PENYLAN SURGERY,W97033,CF23 5SY,"74 PEN-Y-LAN ROAD, CARDIFF",029 20498181,,,,,,,WALES,wales,ods_gp_practice,RO177,PRESCRIBING COST CENTRE,"RO177,RO76",https://directory.spineservices.nhs.uk/ORD/2-0-0/organisations/W97033,2023-08-22,9015,statswales_hlth0426,https://statswales.gov.wales/Download/File?fileName=HLTH0426.zip,202504,People's Experience Survey,equivalent_identified_not_yet_wired,national_framework,https://www.gov.wales/peoples-experience-framework,"Primary-care patient-experience framework exists, but this builder does not yet pull a practice-level Wales survey feed.",THE PENYLAN SURGERY CF23 5SY
ST. DAVIDS MEDICAL CENTRE,W97065,CF23 7SD,"PONTPRENNAU MEDICAL CENTR, PENTWYN DRIVE, CARDIFF",02920 739999,,,,,,,WALES,wales,ods_gp_practice,RO177,PRESCRIBING COST CENTRE,"RO177,RO76",https://directory.spineservices.nhs.uk/ORD/2-0-0/organisations/W97065,2024-03-13,11884,statswales_hlth0426,https://statswales.gov.wales/Download/File?fileName=HLTH0426.zip,202504,People's Experience Survey,equivalent_identified_not_yet_wired,national_framework,https://www.gov.wales/peoples-experience-framework,"Primary-care patient-experience framework exists, but this builder does not yet pull a practice-level Wales survey feed.",ST. DAVIDS MEDICAL CENTRE CF23 7SD
CYNCOED MEDICAL PRACTICE,W97010,CF23 8SQ,"DARTINGTON DRIVE, PONTPRENNAU, CARDIFF",029 20545260,,,,,,,WALES,wales,ods_gp_practice,RO177,PRESCRIBING COST CENTRE,"RO177,RO76",https://directory.spineservices.nhs.uk/ORD/2-0-0/organisations/W97010,2023-08-22,11214,statswales_hlth0426,https://statswales.gov.wales/Download/File?fileName=HLTH0426.zip,202504,People's Experience Survey,equivalent_identified_not_yet_wired,national_framework,https://www.gov.wales/peoples-experience-framework,"Primary-care patient-experience framework exists, but this builder does not yet pull a practice-level Wales survey feed.",CYNCOED MEDICAL PRACTICE CF23 8SQ
LLANEDEYRN HEALTH CENTRE,W97008,CF23 9PF,"LLAN HEALTHCARE, WELLBEING HUB @ MAELFA, CARDIFF",029 20731671,,,,,,,WALES,wales,ods_gp_practice,RO177,PRESCRIBING COST CENTRE,"RO177,RO76",https://directory.spineservices.nhs.uk/ORD/2-0-0/organisations/W97008,2023-08-22,19762,statswales_hlth0426,https://statswales.gov.wales/Download/File?fileName=HLTH0426.zip,202504,People's Experience Survey,equivalent_identified_not_yet_wired,national_framework,https://www.gov.wales/peoples-experience-framework,"Primary-care patient-experience framework exists, but this builder does not yet pull a practice-level Wales survey feed.",LLANEDEYRN HEALTH CENTRE CF23 9PF
CARDIFF HEALTH ACCESS PRACTICE,W00100,CF24 0SZ,"CARDIFF AND VALE HIS, CARDIFF ROYAL INFIRMARY, CARDIFF",02921 835449,,,,,,,WALES,wales,ods_gp_practice,RO177,PRESCRIBING COST CENTRE,"RO177,RO76",https://directory.spineservices.nhs.uk/ORD/2-0-0/organisations/W00100,2024-04-10,709,statswales_hlth0426,https://statswales.gov.wales/Download/File?fileName=HLTH0426.zip,202504,People's Experience Survey,equivalent_identified_not_yet_wired,national_framework,https://www.gov.wales/peoples-experience-framework,"Primary-care patient-experience framework exists, but this builder does not yet pull a practice-level Wales survey feed.",CARDIFF HEALTH ACCESS PRACTICE CF24 0SZ
CLIFTON SURGERY,W97060,CF24 1AG,"151-153 NEWPORT ROAD, ROATH, CARDIFF",029 20494539,,,,,,,WALES,wales,ods_gp_practice,RO177,PRESCRIBING COST CENTRE,"RO177,RO76",https://directory.spineservices.nhs.uk/ORD/2-0-0/organisations/W97060,2023-08-22,7481,statswales_hlth0426,https://statswales.gov.wales/Download/File?fileName=HLTH0426.zip,202504,People's Experience Survey,equivalent_identified_not_yet_wired,national_framework,https://www.gov.wales/peoples-experience-framework,"Primary-care patient-experience framework exists, but this builder does not yet pull a practice-level Wales survey feed.",CLIFTON SURGERY CF24 1AG
ROATHWELL SURGERY,W97002,CF24 1YT,"116 NEWPORT ROAD, CARDIFF",029 20494537,,,,,,,WALES,wales,ods_gp_practice,RO177,PRESCRIBING COST CENTRE,"RO177,RO76",https://directory.spineservices.nhs.uk/ORD/2-0-0/organisations/W97002,2023-08-22,5926,statswales_hlth0426,https://statswales.gov.wales/Download/File?fileName=HLTH0426.zip,202504,People's Experience Survey,equivalent_identified_not_yet_wired,national_framework,https://www.gov.wales/peoples-experience-framework,"Primary-care patient-experience framework exists, but this builder does not yet pull a practice-level Wales survey feed.",ROATHWELL SURGERY CF24 1YT
FOUR ELMS MEDICAL CENTRE,W97048,CF24 2HB,"STERLING CLOSE, FFORDD PENGAM PENGAM GREE, CARDIFF",02920 030540,,,,,,,WALES,wales,ods_gp_practice,RO177,PRESCRIBING COST CENTRE,"RO177,RO76",https://directory.spineservices.nhs.uk/ORD/2-0-0/organisations/W97048,2025-01-22,15981,statswales_hlth0426,https://statswales.gov.wales/Download/File?fileName=HLTH0426.zip,202504,People's Experience Survey,equivalent_identified_not_yet_wired,national_framework,https://www.gov.wales/peoples-experience-framework,"Primary-care patient-experience framework exists, but this builder does not yet pull a practice-level Wales survey feed.",FOUR ELMS MEDICAL CENTRE CF24 2HB
CLOUGHMORE MEDICAL CENTRE,W97007,CF24 2LU,"19 SOUTH PARK ROAD, SPLOTT, CARDIFF",029 20462848,,,,,,,WALES,wales,ods_gp_practice,RO177,PRESCRIBING COST CENTRE,"RO177,RO76",https://directory.spineservices.nhs.uk/ORD/2-0-0/organisations/W97007,2023-08-22,8198,statswales_hlth0426,https://statswales.gov.wales/Download/File?fileName=HLTH0426.zip,202504,People's Experience Survey,equivalent_identified_not_yet_wired,national_framework,https://www.gov.wales/peoples-experience-framework,"Primary-care patient-experience framework exists, but this builder does not yet pull a practice-level Wales survey feed.",CLOUGHMORE MEDICAL CENTRE CF24 2LU
MEDDYGFA ALBANY SURGERY,W97014,CF24 3JD,"219 - 221 CITY ROAD, ROATH, CARDIFF",029 20486561,,,,,,,WALES,wales,ods_gp_practice,RO177,PRESCRIBING COST CENTRE,"RO177,RO76",https://directory.spineservices.nhs.uk/ORD/2-0-0/organisations/W97014,2023-08-22,6488,statswales_hlth0426,https://statswales.gov.wales/Download/File?fileName=HLTH0426.zip,202504,People's Experience Survey,equivalent_identified_not_yet_wired,national_framework,https://www.gov.wales/peoples-experience-framework,"Primary-care patient-experience framework exists, but this builder does not yet pull a practice-level Wales survey feed.",MEDDYGFA ALBANY SURGERY CF24 3JD
THE CITY SURGERY,W97056,CF24 3WD,"187 CITY ROAD, ROATH, CARDIFF",029 20437980,,,,,,,WALES,wales,ods_gp_practice,RO177,PRESCRIBING COST CENTRE,"RO177,RO76",https://directory.spineservices.nhs.uk/ORD/2-0-0/organisations/W97056,2023-08-22,6226,statswales_hlth0426,https://statswales.gov.wales/Download/File?fileName=HLTH0426.zip,202504,People's Experience Survey,equivalent_identified_not_yet_wired,national_framework,https://www.gov.wales/peoples-experience-framework,"Primary-care patient-experience framework exists, but this builder does not yet pull a practice-level Wales survey feed.",THE CITY SURGERY CF24 3WD
CATHAYS SURGERY,W97009,CF24 4HU,"137 CATHAYS TERRACE, CARDIFF",029 20353020,,,,,,,WALES,wales,ods_gp_practice,RO177,PRESCRIBING COST CENTRE,"RO177,RO76",https://directory.spineservices.nhs.uk/ORD/2-0-0/organisations/W97009,2023-08-22,6750,statswales_hlth0426,https://statswales.gov.wales/Download/File?fileName=HLTH0426.zip,202504,People's Experience Survey,equivalent_identified_not_yet_wired,national_framework,https://www.gov.wales/peoples-experience-framework,"Primary-care patient-experience framework exists, but this builder does not yet pull a practice-level Wales survey feed.",CATHAYS SURGERY CF24 4HU
BRYNDERWEN SURGERY,W97006,CF3 0EF,"CRICKHOWELL ROAD, ST MELLONS, CARDIFF",029 20799921,,,,,,,WALES,wales,ods_gp_practice,RO177,PRESCRIBING COST CENTRE,"RO177,RO76",https://directory.spineservices.nhs.uk/ORD/2-0-0/organisations/W97006,2023-08-22,18819,statswales_hlth0426,https://statswales.gov.wales/Download/File?fileName=HLTH0426.zip,202504,People's Experience Survey,equivalent_identified_not_yet_wired,national_framework,https://www.gov.wales/peoples-experience-framework,"Primary-care patient-experience framework exists, but this builder does not yet pull a practice-level Wales survey feed.",BRYNDERWEN SURGERY CF3 0EF
WILLOWBROOK SURGERY,W97069,CF3 0SH,"5 STRATHY ROAD, ST. MELLONS, CARDIFF",029 20360555,,,,,,,WALES,wales,ods_gp_practice,RO177,PRESCRIBING COST CENTRE,"RO177,RO76",https://directory.spineservices.nhs.uk/ORD/2-0-0/organisations/W97069,2023-08-22,4747,statswales_hlth0426,https://statswales.gov.wales/Download/File?fileName=HLTH0426.zip,202504,People's Experience Survey,equivalent_identified_not_yet_wired,national_framework,https://www.gov.wales/peoples-experience-framework,"Primary-care patient-experience framework exists, but this builder does not yet pull a practice-level Wales survey feed.",WILLOWBROOK SURGERY CF3 0SH
RUMNEY PRIMARY CARE CENTRE,W97027,CF3 3LG,"BARMOUTH ROAD, RUMNEY, CARDIFF",029 20797751,,,,,,,WALES,wales,ods_gp_practice,RO177,PRESCRIBING COST CENTRE,"RO177,RO76",https://directory.spineservices.nhs.uk/ORD/2-0-0/organisations/W97027,2023-08-22,15951,statswales_hlth0426,https://statswales.gov.wales/Download/File?fileName=HLTH0426.zip,202504,People's Experience Survey,equivalent_identified_not_yet_wired,national_framework,https://www.gov.wales/peoples-experience-framework,"Primary-care patient-experience framework exists, but this builder does not yet pull a practice-level Wales survey feed.",RUMNEY PRIMARY CARE CENTRE CF3 3LG
OAK TREE SURGERY,W95010,CF31 2PQ,"WHITETHORN DRIVE, BRACKLA, BRIDGEND",01656 665353,,,,,,,WALES,wales,ods_gp_practice,RO177,PRESCRIBING COST CENTRE,"RO177,RO76",https://directory.spineservices.nhs.uk/ORD/2-0-0/organisations/W95010,2025-05-17,18035,statswales_hlth0426,https://statswales.gov.wales/Download/File?fileName=HLTH0426.zip,202504,People's Experience Survey,equivalent_identified_not_yet_wired,national_framework,https://www.gov.wales/peoples-experience-framework,"Primary-care patient-experience framework exists, but this builder does not yet pull a practice-level Wales survey feed.",OAK TREE SURGERY CF31 2PQ
RIVERSDALE HOUSE,W95035,CF31 3NL,"MERTHYRMAWR ROAD, BRIDGEND",01656 766866,,,,,,,WALES,wales,ods_gp_practice,RO177,PRESCRIBING COST CENTRE,"RO177,RO76",https://directory.spineservices.nhs.uk/ORD/2-0-0/organisations/W95035,2025-05-17,19032,statswales_hlth0426,https://statswales.gov.wales/Download/File?fileName=HLTH0426.zip,202504,People's Experience Survey,equivalent_identified_not_yet_wired,national_framework,https://www.gov.wales/peoples-experience-framework,"Primary-care patient-experience framework exists, but this builder does not yet pull a practice-level Wales survey feed.",RIVERSDALE HOUSE CF31 3NL
BRIDGEND GROUP,W95070,CF31 3NW,"MERTHYR MAWR ROAD, BRIDGEND",01656 652774,,,,,,,WALES,wales,ods_gp_practice,RO177,PRESCRIBING COST CENTRE,"RO177,RO76",https://directory.spineservices.nhs.uk/ORD/2-0-0/organisations/W95070,2025-05-17,26161,statswales_hlth0426,https://statswales.gov.wales/Download/File?fileName=HLTH0426.zip,202504,People's Experience Survey,equivalent_identified_not_yet_wired,national_framework,https://www.gov.wales/peoples-experience-framework,"Primary-care patient-experience framework exists, but this builder does not yet pull a practice-level Wales survey feed.",BRIDGEND GROUP CF31 3NW
OGMORE VALE SURGERY,W95067,CF32 7BL,"COMMERCIAL STREET, OGMORE VALE, BRIDGEND",01656 840208,,,,,,,WALES,wales,ods_gp_practice,RO177,PRESCRIBING COST CENTRE,"RO177,RO76",https://directory.spineservices.nhs.uk/ORD/2-0-0/organisations/W95067,2023-08-22,,statswales_hlth0426,https://statswales.gov.wales/Download/File?fileName=HLTH0426.zip,202504,People's Experience Survey,equivalent_identified_not_yet_wired,national_framework,https://www.gov.wales/peoples-experience-framework,"Primary-care patient-experience framework exists, but this builder does not yet pull a practice-level Wales survey feed.",OGMORE VALE SURGERY CF32 7BL
NANTYMOEL SURGERY,W95645,CF32 7NA,"OGWY STREET, NANTYMOEL, BRIDGEND",01656 843000,,,,,,,WALES,wales,ods_gp_practice,RO177,PRESCRIBING COST CENTRE,"RO177,RO76",https://directory.spineservices.nhs.uk/ORD/2-0-0/organisations/W95645,2025-05-17,3323,statswales_hlth0426,https://statswales.gov.wales/Download/File?fileName=HLTH0426.zip,202504,People's Experience Survey,equivalent_identified_not_yet_wired,national_framework,https://www.gov.wales/peoples-experience-framework,"Primary-care patient-experience framework exists, but this builder does not yet pull a practice-level Wales survey feed.",NANTYMOEL SURGERY CF32 7NA
CWM GARW PRACTICE,W95031,CF32 8NW,"VICTORIA STREET, PONTYCYMMER BRIDGEND, BRIDGEND",03033 031029,,,,,,,WALES,wales,ods_gp_practice,RO177,PRESCRIBING COST CENTRE,"RO177,RO76",https://directory.spineservices.nhs.uk/ORD/2-0-0/organisations/W95031,2026-03-18,7449,statswales_hlth0426,https://statswales.gov.wales/Download/File?fileName=HLTH0426.zip,202504,People's Experience Survey,equivalent_identified_not_yet_wired,national_framework,https://www.gov.wales/peoples-experience-framework,"Primary-care patient-experience framework exists, but this builder does not yet pull a practice-level Wales survey feed.",CWM GARW PRACTICE CF32 8NW
TYNYCOED SURGERY,W95037,CF32 9SW,"20 MERFIELD CLOSE, SARN, BRIDGEND",01656 720334,,,,,,,WALES,wales,ods_gp_practice,RO177,PRESCRIBING COST CENTRE,"RO177,RO76",https://directory.spineservices.nhs.uk/ORD/2-0-0/organisations/W95037,2024-05-08,10896,statswales_hlth0426,https://statswales.gov.wales/Download/File?fileName=HLTH0426.zip,202504,People's Experience Survey,equivalent_identified_not_yet_wired,national_framework,https://www.gov.wales/peoples-experience-framework,"Primary-care patient-experience framework exists, but this builder does not yet pull a practice-level Wales survey feed.",TYNYCOED SURGERY CF32 9SW
HEATHBRIDGE HOUSE,W95063,CF33 6BY,"1A PISGAH STREET, KENFIG HILL, BRIDGEND",01656 740359,,,,,,,WALES,wales,ods_gp_practice,RO177,PRESCRIBING COST CENTRE,"RO177,RO76",https://directory.spineservices.nhs.uk/ORD/2-0-0/organisations/W95063,2025-05-17,8662,statswales_hlth0426,https://statswales.gov.wales/Download/File?fileName=HLTH0426.zip,202504,People's Experience Survey,equivalent_identified_not_yet_wired,national_framework,https://www.gov.wales/peoples-experience-framework,"Primary-care patient-experience framework exists, but this builder does not yet pull a practice-level Wales survey feed.",HEATHBRIDGE HOUSE CF33 6BY
THE SURGERY,W95034,CF33 6DE,"WAUN BANT ROAD, NORTH CORNELLY, BRIDGEND",01656 740345,,,,,,,WALES,wales,ods_gp_practice,RO177,PRESCRIBING COST CENTRE,"RO177,RO76",https://directory.spineservices.nhs.uk/ORD/2-0-0/organisations/W95034,2025-05-17,10235,statswales_hlth0426,https://statswales.gov.wales/Download/File?fileName=HLTH0426.zip,202504,People's Experience Survey,equivalent_identified_not_yet_wired,national_framework,https://www.gov.wales/peoples-experience-framework,"Primary-care patient-experience framework exists, but this builder does not yet pull a practice-level Wales survey feed.",THE SURGERY CF33 6DE
WOODLANDS SURGERY,W95012,CF34 0SR,"WOODLAND TERRACE, MAESTEG",01656 734203,,,,,,,WALES,wales,ods_gp_practice,RO177,PRESCRIBING COST CENTRE,"RO177,RO76",https://directory.spineservices.nhs.uk/ORD/2-0-0/organisations/W95012,2025-05-17,6962,statswales_hlth0426,https://statswales.gov.wales/Download/File?fileName=HLTH0426.zip,202504,People's Experience Survey,equivalent_identified_not_yet_wired,national_framework,https://www.gov.wales/peoples-experience-framework,"Primary-care patient-experience framework exists, but this builder does not yet pull a practice-level Wales survey feed.",WOODLANDS SURGERY CF34 0SR
LLYNFI SURGERY,W95009,CF34 9DT,"LLYNFI ROAD, MAESTEG",016567 39023,,,,,,,WALES,wales,ods_gp_practice,RO177,PRESCRIBING COST CENTRE,"RO177,RO76",https://directory.spineservices.nhs.uk/ORD/2-0-0/organisations/W95009,2025-05-17,8073,statswales_hlth0426,https://statswales.gov.wales/Download/File?fileName=HLTH0426.zip,202504,People's Experience Survey,equivalent_identified_not_yet_wired,national_framework,https://www.gov.wales/peoples-experience-framework,"Primary-care patient-experience framework exists, but this builder does not yet pull a practice-level Wales survey feed.",LLYNFI SURGERY CF34 9DT
BRON-Y-GARN SURGERY,W95064,CF34 9PW,"MAESTEG GENERAL HOSPITAL, NEATH ROAD, MAESTEG",01656 754200,,,,,,,WALES,wales,ods_gp_practice,RO177,PRESCRIBING COST CENTRE,"RO177,RO76",https://directory.spineservices.nhs.uk/ORD/2-0-0/organisations/W95064,2025-05-17,6864,statswales_hlth0426,https://statswales.gov.wales/Download/File?fileName=HLTH0426.zip,202504,People's Experience Survey,equivalent_identified_not_yet_wired,national_framework,https://www.gov.wales/peoples-experience-framework,"Primary-care patient-experience framework exists, but this builder does not yet pull a practice-level Wales survey feed.",BRON-Y-GARN SURGERY CF34 9PW
THE MEDICAL CENTRE,W95018,CF35 5PF,"HEOL-YR-ONNEN, PENCOED, BRIDGEND",01656 867900,,,,,,,WALES,wales,ods_gp_practice,RO177,PRESCRIBING COST CENTRE,"RO177,RO76",https://directory.spineservices.nhs.uk/ORD/2-0-0/organisations/W95018,2025-05-17,11828,statswales_hlth0426,https://statswales.gov.wales/Download/File?fileName=HLTH0426.zip,202504,People's Experience Survey,equivalent_identified_not_yet_wired,national_framework,https://www.gov.wales/peoples-experience-framework,"Primary-care patient-experience framework exists, but this builder does not yet pull a practice-level Wales survey feed.",THE MEDICAL CENTRE CF35 5PF
THE NEW SURGERY,W95017,CF35 6YP,"NEW SURGERY PRIMARY CARE CENTRE, MIN-Y-NANT, BRIDGEND",01656 860343,,,,,,,WALES,wales,ods_gp_practice,RO177,PRESCRIBING COST CENTRE,"RO177,RO76",https://directory.spineservices.nhs.uk/ORD/2-0-0/organisations/W95017,2025-05-17,8857,statswales_hlth0426,https://statswales.gov.wales/Download/File?fileName=HLTH0426.zip,202504,People's Experience Survey,equivalent_identified_not_yet_wired,national_framework,https://www.gov.wales/peoples-experience-framework,"Primary-care patient-experience framework exists, but this builder does not yet pull a practice-level Wales survey feed.",THE NEW SURGERY CF35 6YP
PORTHCAWL MEDICAL,W95041,CF36 5DJ,"PORTHCAWL MEDICAL CENTRE, CLOS Y MAMETZ, PORTHCAWL",01656 304204,,,,,,,WALES,wales,ods_gp_practice,RO177,PRESCRIBING COST CENTRE,"RO177,RO76",https://directory.spineservices.nhs.uk/ORD/2-0-0/organisations/W95041,2025-05-17,15676,statswales_hlth0426,https://statswales.gov.wales/Download/File?fileName=HLTH0426.zip,202504,People's Experience Survey,equivalent_identified_not_yet_wired,national_framework,https://www.gov.wales/peoples-experience-framework,"Primary-care patient-experience framework exists, but this builder does not yet pull a practice-level Wales survey feed.",PORTHCAWL MEDICAL CF36 5DJ
EGLWYSBACH MEDICAL PRACTI,W95014,CF37 2AA,"BERW ROAD, PONTYPRIDD",01443 406811,,,,,,,WALES,wales,ods_gp_practice,RO177,PRESCRIBING COST CENTRE,"RO177,RO76",https://directory.spineservices.nhs.uk/ORD/2-0-0/organisations/W95014,2023-08-22,16344,statswales_hlth0426,https://statswales.gov.wales/Download/File?fileName=HLTH0426.zip,202504,People's Experience Survey,equivalent_identified_not_yet_wired,national_framework,https://www.gov.wales/peoples-experience-framework,"Primary-care patient-experience framework exists, but this builder does not yet pull a practice-level Wales survey feed.",EGLWYSBACH MEDICAL PRACTI CF37 2AA
THE ASHGROVE SURGERY,W95024,CF37 2DR,"MORGAN STREET, PONTYPRIDD",01443 404444,,,,,,,WALES,wales,ods_gp_practice,RO177,PRESCRIBING COST CENTRE,"RO177,RO76",https://directory.spineservices.nhs.uk/ORD/2-0-0/organisations/W95024,2023-08-22,19692,statswales_hlth0426,https://statswales.gov.wales/Download/File?fileName=HLTH0426.zip,202504,People's Experience Survey,equivalent_identified_not_yet_wired,national_framework,https://www.gov.wales/peoples-experience-framework,"Primary-care patient-experience framework exists, but this builder does not yet pull a practice-level Wales survey feed.",THE ASHGROVE SURGERY CF37 2DR
YNYSYBWL SURGERY,W95619,CF37 3DU,"THE SQUARE, ROBERT STREET, PONTYPRIDD",01443 790360,,,,,,,WALES,wales,ods_gp_practice,RO177,PRESCRIBING COST CENTRE,"RO177,RO76",https://directory.spineservices.nhs.uk/ORD/2-0-0/organisations/W95619,2023-08-22,,statswales_hlth0426,https://statswales.gov.wales/Download/File?fileName=HLTH0426.zip,202504,People's Experience Survey,equivalent_identified_not_yet_wired,national_framework,https://www.gov.wales/peoples-experience-framework,"Primary-care patient-experience framework exists, but this builder does not yet pull a practice-level Wales survey feed.",YNYSYBWL SURGERY CF37 3DU
TAFF VALE PRACTICE,W95058,CF37 5RW,"DYFFRYN ROAD, RHYDYFELIN, PONTYPRIDD",0844 4773487,,,,,,,WALES,wales,ods_gp_practice,RO177,PRESCRIBING COST CENTRE,"RO177,RO76",https://directory.spineservices.nhs.uk/ORD/2-0-0/organisations/W95058,2023-08-22,16041,statswales_hlth0426,https://statswales.gov.wales/Download/File?fileName=HLTH0426.zip,202504,People's Experience Survey,equivalent_identified_not_yet_wired,national_framework,https://www.gov.wales/peoples-experience-framework,"Primary-care patient-experience framework exists, but this builder does not yet pull a practice-level Wales survey feed.",TAFF VALE PRACTICE CF37 5RW
PARC CANOL SURGERY,W95011,CF38 1RJ,"CENTRAL PARK, CHURCH VILLAGE, PONTYPRIDD",01443 203414,,,,,,,WALES,wales,ods_gp_practice,RO177,PRESCRIBING COST CENTRE,"RO177,RO76",https://directory.spineservices.nhs.uk/ORD/2-0-0/organisations/W95011,2023-08-22,16668,statswales_hlth0426,https://statswales.gov.wales/Download/File?fileName=HLTH0426.zip,202504,People's Experience Survey,equivalent_identified_not_yet_wired,national_framework,https://www.gov.wales/peoples-experience-framework,"Primary-care patient-experience framework exists, but this builder does not yet pull a practice-level Wales survey feed.",PARC CANOL SURGERY CF38 1RJ
PONT NEWYDD MEDICAL CENTRE,W95004,CF39 0LD,"ABERRHONDDA ROAD, PORTH",01443 688880,,,,,,,WALES,wales,ods_gp_practice,RO177,PRESCRIBING COST CENTRE,"RO177,RO76",https://directory.spineservices.nhs.uk/ORD/2-0-0/organisations/W95004,2023-08-22,14270,statswales_hlth0426,https://statswales.gov.wales/Download/File?fileName=HLTH0426.zip,202504,People's Experience Survey,equivalent_identified_not_yet_wired,national_framework,https://www.gov.wales/peoples-experience-framework,"Primary-care patient-experience framework exists, but this builder does not yet pull a practice-level Wales survey feed.",PONT NEWYDD MEDICAL CENTRE CF39 0LD
PARK LANE SURGERY,W95044,CF39 8AG,"PARK LANE, TONYREFAIL, PORTH",01443 670567,,,,,,,WALES,wales,ods_gp_practice,RO177,PRESCRIBING COST CENTRE,"RO177,RO76",https://directory.spineservices.nhs.uk/ORD/2-0-0/organisations/W95044,2023-08-22,8385,statswales_hlth0426,https://statswales.gov.wales/Download/File?fileName=HLTH0426.zip,202504,People's Experience Survey,equivalent_identified_not_yet_wired,national_framework,https://www.gov.wales/peoples-experience-framework,"Primary-care patient-experience framework exists, but this builder does not yet pull a practice-level Wales survey feed.",PARK LANE SURGERY CF39 8AG
CWM GWYRDD MEDICAL CENTRE,W95295,CF39 8TJ,"HIGH STREET, GILFACH GOCH, PORTH",01443 672209,,,,,,,WALES,wales,ods_gp_practice,RO177,PRESCRIBING COST CENTRE,"RO177,RO76",https://directory.spineservices.nhs.uk/ORD/2-0-0/organisations/W95295,2023-08-22,7171,statswales_hlth0426,https://statswales.gov.wales/Download/File?fileName=HLTH0426.zip,202504,People's Experience Survey,equivalent_identified_not_yet_wired,national_framework,https://www.gov.wales/peoples-experience-framework,"Primary-care patient-experience framework exists, but this builder does not yet pull a practice-level Wales survey feed.",CWM GWYRDD MEDICAL CENTRE CF39 8TJ
PENYGRAIG SURGERY,W95057,CF40 1QN,"GEORGE STREET, PENYGRAIG, TONYPANDY",01443 433125,,,,,,,WALES,wales,ods_gp_practice,RO177,PRESCRIBING COST CENTRE,"RO177,RO76",https://directory.spineservices.nhs.uk/ORD/2-0-0/organisations/W95057,2023-08-22,4108,statswales_hlth0426,https://statswales.gov.wales/Download/File?fileName=HLTH0426.zip,202504,People's Experience Survey,equivalent_identified_not_yet_wired,national_framework,https://www.gov.wales/peoples-experience-framework,"Primary-care patient-experience framework exists, but this builder does not yet pull a practice-level Wales survey feed.",PENYGRAIG SURGERY CF40 1QN
DE WINTON FIELD PRACTICE,W95027,CF40 2LE,"RHONDDA CYNON TAFF, TONYPANDY",01443 432112,,,,,,,WALES,wales,ods_gp_practice,RO177,PRESCRIBING COST CENTRE,"RO177,RO76",https://directory.spineservices.nhs.uk/ORD/2-0-0/organisations/W95027,2023-08-22,9323,statswales_hlth0426,https://statswales.gov.wales/Download/File?fileName=HLTH0426.zip,202504,People's Experience Survey,equivalent_identified_not_yet_wired,national_framework,https://www.gov.wales/peoples-experience-framework,"Primary-care patient-experience framework exists, but this builder does not yet pull a practice-level Wales survey feed.",DE WINTON FIELD PRACTICE CF40 2LE
SAINT ANDREWS SURGERY,W95062,CF40 2QZ,"1 DE WINTON STREET, TONYPANDY",01443 442902,,,,,,,WALES,wales,ods_gp_practice,RO177,PRESCRIBING COST CENTRE,"RO177,RO76",https://directory.spineservices.nhs.uk/ORD/2-0-0/organisations/W95062,2023-08-22,6579,statswales_hlth0426,https://statswales.gov.wales/Download/File?fileName=HLTH0426.zip,202504,People's Experience Survey,equivalent_identified_not_yet_wired,national_framework,https://www.gov.wales/peoples-experience-framework,"Primary-care patient-experience framework exists, but this builder does not yet pull a practice-level Wales survey feed.",SAINT ANDREWS SURGERY CF40 2QZ
THE SURGERY,W95030,CF41 7BD,"ST DAVID STREET, TON PENTRE, PENTRE",01443 435846,,,,,,,WALES,wales,ods_gp_practice,RO177,PRESCRIBING COST CENTRE,"RO177,RO76",https://directory.spineservices.nhs.uk/ORD/2-0-0/organisations/W95030,2023-08-22,9812,statswales_hlth0426,https://statswales.gov.wales/Download/File?fileName=HLTH0426.zip,202504,People's Experience Survey,equivalent_identified_not_yet_wired,national_framework,https://www.gov.wales/peoples-experience-framework,"Primary-care patient-experience framework exists, but this builder does not yet pull a practice-level Wales survey feed.",THE SURGERY CF41 7BD
FOREST VIEW MEDICAL CENTRE,W95054,CF42 6DL,"FOREST VIEW HEALTH, RHONDDA, TREORCHY",01443 773595,,,,,,,WALES,wales,ods_gp_practice,RO177,PRESCRIBING COST CENTRE,"RO177,RO76",https://directory.spineservices.nhs.uk/ORD/2-0-0/organisations/W95054,2023-08-22,15501,statswales_hlth0426,https://statswales.gov.wales/Download/File?fileName=HLTH0426.zip,202504,People's Experience Survey,equivalent_identified_not_yet_wired,national_framework,https://www.gov.wales/peoples-experience-framework,"Primary-care patient-experience framework exists, but this builder does not yet pull a practice-level Wales survey feed.",FOREST VIEW MEDICAL CENTRE CF42 6DL
TYLORSTOWN SURGERY,W95019,CF43 3HB,"FERNDALE ROAD, TYLORSTOWN, FERNDALE",01443 730169,,,,,,,WALES,wales,ods_gp_practice,RO177,PRESCRIBING COST CENTRE,"RO177,RO76",https://directory.spineservices.nhs.uk/ORD/2-0-0/organisations/W95019,2023-08-22,5800,statswales_hlth0426,https://statswales.gov.wales/Download/File?fileName=HLTH0426.zip,202504,People's Experience Survey,equivalent_identified_not_yet_wired,national_framework,https://www.gov.wales/peoples-experience-framework,"Primary-care patient-experience framework exists, but this builder does not yet pull a practice-level Wales survey feed.",TYLORSTOWN SURGERY CF43 3HB
THE MAERDY FERNDALE MGP,W95051,CF43 4XX,"FERNDALE MEDICAL CENTRE, 56-58 HIGH STREET, FERNDALE",01443 730539,,,,,,,WALES,wales,ods_gp_practice,RO177,PRESCRIBING COST CENTRE,"RO177,RO76",https://directory.spineservices.nhs.uk/ORD/2-0-0/organisations/W95051,2023-08-22,7520,statswales_hlth0426,https://statswales.gov.wales/Download/File?fileName=HLTH0426.zip,202504,People's Experience Survey,equivalent_identified_not_yet_wired,national_framework,https://www.gov.wales/peoples-experience-framework,"Primary-care patient-experience framework exists, but this builder does not yet pull a practice-level Wales survey feed.",THE MAERDY FERNDALE MGP CF43 4XX
ABERCWMBOI MEDICAL PRACTICE,W95087,CF44 6BL,"ABERCWMBOI MEDICAL CENTRE, 1-3 JOHN STREET, ABERDARE",01443 473304,,,,,,,WALES,wales,ods_gp_practice,RO177,PRESCRIBING COST CENTRE,"RO177,RO76",https://directory.spineservices.nhs.uk/ORD/2-0-0/organisations/W95087,2023-08-22,4392,statswales_hlth0426,https://statswales.gov.wales/Download/File?fileName=HLTH0426.zip,202504,People's Experience Survey,equivalent_identified_not_yet_wired,national_framework,https://www.gov.wales/peoples-experience-framework,"Primary-care patient-experience framework exists, but this builder does not yet pull a practice-level Wales survey feed.",ABERCWMBOI MEDICAL PRACTICE CF44 6BL
CWMAMAN SURGERY,W95016,CF44 6HY,"6-14 GLANAMAN ROAD, CWMAMAN, ABERDARE",01685 873002,,,,,,,WALES,wales,ods_gp_practice,RO177,PRESCRIBING COST CENTRE,"RO177,RO76",https://directory.spineservices.nhs.uk/ORD/2-0-0/organisations/W95016,2023-08-22,5092,statswales_hlth0426,https://statswales.gov.wales/Download/File?fileName=HLTH0426.zip,202504,People's Experience Survey,equivalent_identified_not_yet_wired,national_framework,https://www.gov.wales/peoples-experience-framework,"Primary-care patient-experience framework exists, but this builder does not yet pull a practice-level Wales survey feed.",CWMAMAN SURGERY CF44 6HY
ST JOHN'S MEDICAL PRACTICE,W95001,CF44 7DD,"HIGH STREET, ABERDARE",01685 874614,,,,,,,WALES,wales,ods_gp_practice,RO177,PRESCRIBING COST CENTRE,"RO177,RO76",https://directory.spineservices.nhs.uk/ORD/2-0-0/organisations/W95001,2023-08-22,15524,statswales_hlth0426,https://statswales.gov.wales/Download/File?fileName=HLTH0426.zip,202504,People's Experience Survey,equivalent_identified_not_yet_wired,national_framework,https://www.gov.wales/peoples-experience-framework,"Primary-care patient-experience framework exists, but this builder does not yet pull a practice-level Wales survey feed.",ST JOHN'S MEDICAL PRACTICE CF44 7DD
74 MONK STREET,W95633,CF44 7PA,"73-74 MONK STREET, ABERDARE",01685 875906,,,,,,,WALES,wales,ods_gp_practice,RO177,PRESCRIBING COST CENTRE,"RO177,RO76",https://directory.spineservices.nhs.uk/ORD/2-0-0/organisations/W95633,2023-08-22,10376,statswales_hlth0426,https://statswales.gov.wales/Download/File?fileName=HLTH0426.zip,202504,People's Experience Survey,equivalent_identified_not_yet_wired,national_framework,https://www.gov.wales/peoples-experience-framework,"Primary-care patient-experience framework exists, but this builder does not yet pull a practice-level Wales survey feed.",74 MONK STREET CF44 7PA
HIRWAUN MEDICAL CENTRE,W95020,CF44 9SL,"HIGH STREET, HIRWAUN, ABERDARE",01685 811999,,,,,,,WALES,wales,ods_gp_practice,RO177,PRESCRIBING COST CENTRE,"RO177,RO76",https://directory.spineservices.nhs.uk/ORD/2-0-0/organisations/W95020,2023-08-22,6449,statswales_hlth0426,https://statswales.gov.wales/Download/File?fileName=HLTH0426.zip,202504,People's Experience Survey,equivalent_identified_not_yet_wired,national_framework,https://www.gov.wales/peoples-experience-framework,"Primary-care patient-experience framework exists, but this builder does not yet pull a practice-level Wales survey feed.",HIRWAUN MEDICAL CENTRE CF44 9SL
MEDDYGFA GLAN CYNON SURGE,W95029,CF45 3HD,"TY CALON LAN, OXFORD STREET, MOUNTAIN ASH",01443 706700,,,,,,,WALES,wales,ods_gp_practice,RO177,PRESCRIBING COST CENTRE,"RO177,RO76",https://directory.spineservices.nhs.uk/ORD/2-0-0/organisations/W95029,2023-08-22,10718,statswales_hlth0426,https://statswales.gov.wales/Download/File?fileName=HLTH0426.zip,202504,People's Experience Survey,equivalent_identified_not_yet_wired,national_framework,https://www.gov.wales/peoples-experience-framework,"Primary-care patient-experience framework exists, but this builder does not yet pull a practice-level Wales survey feed.",MEDDYGFA GLAN CYNON SURGE CF45 3HD
HEALTH HUB IW,W00208,CF45 4BZ,"YSBYTY CWM CYNON, NEW ROAD, MOUNTAIN ASH",01443 715211,,,,,,,WALES,wales,ods_gp_practice,RO177,PRESCRIBING COST CENTRE,"RO177,RO76",https://directory.spineservices.nhs.uk/ORD/2-0-0/organisations/W00208,2026-01-29,,statswales_hlth0426,https://statswales.gov.wales/Download/File?fileName=HLTH0426.zip,202504,People's Experience Survey,equivalent_identified_not_yet_wired,national_framework,https://www.gov.wales/peoples-experience-framework,"Primary-care patient-experience framework exists, but this builder does not yet pull a practice-level Wales survey feed.",HEALTH HUB IW CF45 4BZ
ABERCYNON MEDICAL CENTRE,W95042,CF45 4YB,"YNYSMEURIG ROAD, ABERCYNON, MOUNTAIN ASH",01443 740447,,,,,,,WALES,wales,ods_gp_practice,RO177,PRESCRIBING COST CENTRE,"RO177,RO76",https://directory.spineservices.nhs.uk/ORD/2-0-0/organisations/W95042,2023-08-22,6566,statswales_hlth0426,https://statswales.gov.wales/Download/File?fileName=HLTH0426.zip,202504,People's Experience Survey,equivalent_identified_not_yet_wired,national_framework,https://www.gov.wales/peoples-experience-framework,"Primary-care patient-experience framework exists, but this builder does not yet pull a practice-level Wales survey feed.",ABERCYNON MEDICAL CENTRE CF45 4YB
TREHARRIS PRIMARY CARE CENTRE,W95032,CF46 5HE,"FOX STREET, TREHARRIS",01443 410242,,,,,,,WALES,wales,ods_gp_practice,RO177,PRESCRIBING COST CENTRE,"RO177,RO76",https://directory.spineservices.nhs.uk/ORD/2-0-0/organisations/W95032,2023-08-22,8922,statswales_hlth0426,https://statswales.gov.wales/Download/File?fileName=HLTH0426.zip,202504,People's Experience Survey,equivalent_identified_not_yet_wired,national_framework,https://www.gov.wales/peoples-experience-framework,"Primary-care patient-experience framework exists, but this builder does not yet pull a practice-level Wales survey feed.",TREHARRIS PRIMARY CARE CENTRE CF46 5HE
NELSON SURGERY,W95043,CF46 6HL,"BRYNCELYN, NELSON, TREHARRIS",01443 450340,,,,,,,WALES,wales,ods_gp_practice,RO177,PRESCRIBING COST CENTRE,"RO177,RO76",https://directory.spineservices.nhs.uk/ORD/2-0-0/organisations/W95043,2023-08-22,4918,statswales_hlth0426,https://statswales.gov.wales/Download/File?fileName=HLTH0426.zip,202504,People's Experience Survey,equivalent_identified_not_yet_wired,national_framework,https://www.gov.wales/peoples-experience-framework,"Primary-care patient-experience framework exists, but this builder does not yet pull a practice-level Wales survey feed.",NELSON SURGERY CF46 6HL
PRACTICE 1,W95023,CF48 1BZ,"KEIR HARDIE HEALTH PARK, ABERDARE ROAD, MERTHYR TYDFIL",01685 353780,,,,,,,WALES,wales,ods_gp_practice,RO177,PRESCRIBING COST CENTRE,"RO177,RO76",https://directory.spineservices.nhs.uk/ORD/2-0-0/organisations/W95023,2023-08-22,8472,statswales_hlth0426,https://statswales.gov.wales/Download/File?fileName=HLTH0426.zip,202504,People's Experience Survey,equivalent_identified_not_yet_wired,national_framework,https://www.gov.wales/peoples-experience-framework,"Primary-care patient-experience framework exists, but this builder does not yet pull a practice-level Wales survey feed.",PRACTICE 1 CF48 1BZ
PRACTICE 2,W95647,CF48 1BZ,"KEIR HARDIE HEALTH PARK, ABERDARE ROAD, MERTHYR TYDFIL",01685 351492,,,,,,,WALES,wales,ods_gp_practice,RO177,PRESCRIBING COST CENTRE,"RO177,RO76",https://directory.spineservices.nhs.uk/ORD/2-0-0/organisations/W95647,2023-08-22,2791,statswales_hlth0426,https://statswales.gov.wales/Download/File?fileName=HLTH0426.zip,202504,People's Experience Survey,equivalent_identified_not_yet_wired,national_framework,https://www.gov.wales/peoples-experience-framework,"Primary-care patient-experience framework exists, but this builder does not yet pull a practice-level Wales survey feed.",PRACTICE 2 CF48 1BZ
PRACTICE 3 KEIR HARDIE HE,W95005,CF48 1BZ,"KEIR HARDIE HEALTH PARK, ABERDARE ROAD, MERTHYR TYDFIL",01685 351493,,,,,,,WALES,wales,ods_gp_practice,RO177,PRESCRIBING COST CENTRE,"RO177,RO76",https://directory.spineservices.nhs.uk/ORD/2-0-0/organisations/W95005,2023-08-22,3607,statswales_hlth0426,https://statswales.gov.wales/Download/File?fileName=HLTH0426.zip,202504,People's Experience Survey,equivalent_identified_not_yet_wired,national_framework,https://www.gov.wales/peoples-experience-framework,"Primary-care patient-experience framework exists, but this builder does not yet pull a practice-level Wales survey feed.",PRACTICE 3 KEIR HARDIE HE CF48 1BZ
PONTCAE MEDICAL PRACTICE,W95072,CF48 1YE,"DYNEVOR STREET, GEORGETOWN, MERTHYR TYDFIL",01685 384369,,,,,,,WALES,wales,ods_gp_practice,RO177,PRESCRIBING COST CENTRE,"RO177,RO76",https://directory.spineservices.nhs.uk/ORD/2-0-0/organisations/W95072,2023-08-22,12662,statswales_hlth0426,https://statswales.gov.wales/Download/File?fileName=HLTH0426.zip,202504,People's Experience Survey,equivalent_identified_not_yet_wired,national_framework,https://www.gov.wales/peoples-experience-framework,"Primary-care patient-experience framework exists, but this builder does not yet pull a practice-level Wales survey feed.",PONTCAE MEDICAL PRACTICE CF48 1YE
MORLAIS MEDICAL PRACTICE,W95086,CF48 3AL,"BERRY SQUARE, DOWLAIS, MERTHYR TYDFIL",01685 385339,,,,,,,WALES,wales,ods_gp_practice,RO177,PRESCRIBING COST CENTRE,"RO177,RO76",https://directory.spineservices.nhs.uk/ORD/2-0-0/organisations/W95086,2023-08-22,25140,statswales_hlth0426,https://statswales.gov.wales/Download/File?fileName=HLTH0426.zip,202504,People's Experience Survey,equivalent_identified_not_yet_wired,national_framework,https://www.gov.wales/peoples-experience-framework,"Primary-care patient-experience framework exists, but this builder does not yet pull a practice-level Wales survey feed.",MORLAIS MEDICAL PRACTICE CF48 3AL
BROOKSIDE MEDICAL CENTRE,W95634,CF48 4DT,"HEOL AFON TAF, TROEDYRHIW, MERTHYR TYDFIL",01443 693249,,,,,,,WALES,wales,ods_gp_practice,RO177,PRESCRIBING COST CENTRE,"RO177,RO76",https://directory.spineservices.nhs.uk/ORD/2-0-0/organisations/W95634,2023-08-22,,statswales_hlth0426,https://statswales.gov.wales/Download/File?fileName=HLTH0426.zip,202504,People's Experience Survey,equivalent_identified_not_yet_wired,national_framework,https://www.gov.wales/peoples-experience-framework,"Primary-care patient-experience framework exists, but this builder does not yet pull a practice-level Wales survey feed.",BROOKSIDE MEDICAL CENTRE CF48 4DT
LLANDAFF SURGERY,W97619,CF5 2DY,"19A HIGH STREET, LLANDAFF, CARDIFF",029 20576675,,,,,,,WALES,wales,ods_gp_practice,RO177,PRESCRIBING COST CENTRE,"RO177,RO76",https://directory.spineservices.nhs.uk/ORD/2-0-0/organisations/W97619,2023-08-22,7676,statswales_hlth0426,https://statswales.gov.wales/Download/File?fileName=HLTH0426.zip,202504,People's Experience Survey,equivalent_identified_not_yet_wired,national_framework,https://www.gov.wales/peoples-experience-framework,"Primary-care patient-experience framework exists, but this builder does not yet pull a practice-level Wales survey feed.",LLANDAFF SURGERY CF5 2DY
FAIRWATER HEALTH CENTRE,W97047,CF5 3JT,"PLASMAWR ROAD, CARDIFF",029 20566291,,,,,,,WALES,wales,ods_gp_practice,RO177,PRESCRIBING COST CENTRE,"RO177,RO76",https://directory.spineservices.nhs.uk/ORD/2-0-0/organisations/W97047,2023-08-22,10122,statswales_hlth0426,https://statswales.gov.wales/Download/File?fileName=HLTH0426.zip,202504,People's Experience Survey,equivalent_identified_not_yet_wired,national_framework,https://www.gov.wales/peoples-experience-framework,"Primary-care patient-experience framework exists, but this builder does not yet pull a practice-level Wales survey feed.",FAIRWATER HEALTH CENTRE CF5 3JT
ELY BRIDGE SURGERY,W97040,CF5 4AD,"23 MILL ROAD, ELY, CARDIFF",029 20561808,,,,,,,WALES,wales,ods_gp_practice,RO177,PRESCRIBING COST CENTRE,"RO177,RO76",https://directory.spineservices.nhs.uk/ORD/2-0-0/organisations/W97040,2023-08-22,11921,statswales_hlth0426,https://statswales.gov.wales/Download/File?fileName=HLTH0426.zip,202504,People's Experience Survey,equivalent_identified_not_yet_wired,national_framework,https://www.gov.wales/peoples-experience-framework,"Primary-care patient-experience framework exists, but this builder does not yet pull a practice-level Wales survey feed.",ELY BRIDGE SURGERY CF5 4AD
WOODLANDS MEDICAL CENTRE,W97023,CF5 4RG,"1 GREENFARM ROAD, CARDIFF",029 20591444,,,,,,,WALES,wales,ods_gp_practice,RO177,PRESCRIBING COST CENTRE,"RO177,RO76",https://directory.spineservices.nhs.uk/ORD/2-0-0/organisations/W97023,2023-08-22,9268,statswales_hlth0426,https://statswales.gov.wales/Download/File?fileName=HLTH0426.zip,202504,People's Experience Survey,equivalent_identified_not_yet_wired,national_framework,https://www.gov.wales/peoples-experience-framework,"Primary-care patient-experience framework exists, but this builder does not yet pull a practice-level Wales survey feed.",WOODLANDS MEDICAL CENTRE CF5 4RG
THE CAERAU LANE SURGERY,W97068,CF5 5LQ,"GREENMOUNT SURGERY, 25 CHURCH ROAD, CARDIFF",029 20591855,,,,,,,WALES,wales,ods_gp_practice,RO177,PRESCRIBING COST CENTRE,"RO177,RO76",https://directory.spineservices.nhs.uk/ORD/2-0-0/organisations/W97068,2023-08-22,11770,statswales_hlth0426,https://statswales.gov.wales/Download/File?fileName=HLTH0426.zip,202504,People's Experience Survey,equivalent_identified_not_yet_wired,national_framework,https://www.gov.wales/peoples-experience-framework,"Primary-care patient-experience framework exists, but this builder does not yet pull a practice-level Wales survey feed.",THE CAERAU LANE SURGERY CF5 5LQ
ERYL SURGERY,W97045,CF61 1ST,"LLANTWIT MAJOR & COASTAL, MEDICAL PRACTICE STATION, LLANTWIT MAJOR",01446 793444,,,,,,,WALES,wales,ods_gp_practice,RO177,PRESCRIBING COST CENTRE,"RO177,RO76",https://directory.spineservices.nhs.uk/ORD/2-0-0/organisations/W97045,2023-08-22,10528,statswales_hlth0426,https://statswales.gov.wales/Download/File?fileName=HLTH0426.zip,202504,People's Experience Survey,equivalent_identified_not_yet_wired,national_framework,https://www.gov.wales/peoples-experience-framework,"Primary-care patient-experience framework exists, but this builder does not yet pull a practice-level Wales survey feed.",ERYL SURGERY CF61 1ST
ST ATHAN MEDICAL FACILITY,W00198,CF62 4WA,"ST ATHAN MEDICAL FACILTY, ST ATHAN, BARRY",01446 797479,,,,,,,WALES,wales,ods_gp_practice,RO177,PRESCRIBING COST CENTRE,"RO177,RO76",https://directory.spineservices.nhs.uk/ORD/2-0-0/organisations/W00198,2023-08-22,,statswales_hlth0426,https://statswales.gov.wales/Download/File?fileName=HLTH0426.zip,202504,People's Experience Survey,equivalent_identified_not_yet_wired,national_framework,https://www.gov.wales/peoples-experience-framework,"Primary-care patient-experience framework exists, but this builder does not yet pull a practice-level Wales survey feed.",ST ATHAN MEDICAL FACILITY CF62 4WA
WEST QUAY MEDICAL CENTRE,W97001,CF62 5QN,"HOOD ROAD, BARRY",01446 722792,,,,,,,WALES,wales,ods_gp_practice,RO177,PRESCRIBING COST CENTRE,"RO177,RO76",https://directory.spineservices.nhs.uk/ORD/2-0-0/organisations/W97001,2023-08-22,14388,statswales_hlth0426,https://statswales.gov.wales/Download/File?fileName=HLTH0426.zip,202504,People's Experience Survey,equivalent_identified_not_yet_wired,national_framework,https://www.gov.wales/peoples-experience-framework,"Primary-care patient-experience framework exists, but this builder does not yet pull a practice-level Wales survey feed.",WEST QUAY MEDICAL CENTRE CF62 5QN
RAVENSCOURT SURGERY,W97046,CF62 8AZ,"VALE GROUP PRACTICE, 36-38 TYNEWYDD ROAD, BARRY",01446 733515,,,,,,,WALES,wales,ods_gp_practice,RO177,PRESCRIBING COST CENTRE,"RO177,RO76",https://directory.spineservices.nhs.uk/ORD/2-0-0/organisations/W97046,2024-04-11,19278,statswales_hlth0426,https://statswales.gov.wales/Download/File?fileName=HLTH0426.zip,202504,People's Experience Survey,equivalent_identified_not_yet_wired,national_framework,https://www.gov.wales/peoples-experience-framework,"Primary-care patient-experience framework exists, but this builder does not yet pull a practice-level Wales survey feed.",RAVENSCOURT SURGERY CF62 8AZ
THE PRACTICE OF HEALTH,W97611,CF63 1BA,"31 BARRY ROAD, BARRY",01446 700350,,,,,,,WALES,wales,ods_gp_practice,RO177,PRESCRIBING COST CENTRE,"RO177,RO76",https://directory.spineservices.nhs.uk/ORD/2-0-0/organisations/W97611,2023-08-22,8381,statswales_hlth0426,https://statswales.gov.wales/Download/File?fileName=HLTH0426.zip,202504,People's Experience Survey,equivalent_identified_not_yet_wired,national_framework,https://www.gov.wales/peoples-experience-framework,"Primary-care patient-experience framework exists, but this builder does not yet pull a practice-level Wales survey feed.",THE PRACTICE OF HEALTH CF63 1BA
THE WATERFRONT MEDICAL CENTRE,W97032,CF63 4AR,"WATERFRONT MEDICAL CENTRE, HEOL Y LLONGAU, BARRY",01446 734131,,,,,,,WALES,wales,ods_gp_practice,RO177,PRESCRIBING COST CENTRE,"RO177,RO76",https://directory.spineservices.nhs.uk/ORD/2-0-0/organisations/W97032,2023-08-22,12472,statswales_hlth0426,https://statswales.gov.wales/Download/File?fileName=HLTH0426.zip,202504,People's Experience Survey,equivalent_identified_not_yet_wired,national_framework,https://www.gov.wales/peoples-experience-framework,"Primary-care patient-experience framework exists, but this builder does not yet pull a practice-level Wales survey feed.",THE WATERFRONT MEDICAL CENTRE CF63 4AR
COURT ROAD SURGERY,W97058,CF63 4YD,"29 COURT ROAD, BARRY",01446 733181,,,,,,,WALES,wales,ods_gp_practice,RO177,PRESCRIBING COST CENTRE,"RO177,RO76",https://directory.spineservices.nhs.uk/ORD/2-0-0/organisations/W97058,2023-08-22,7854,statswales_hlth0426,https://statswales.gov.wales/Download/File?fileName=HLTH0426.zip,202504,People's Experience Survey,equivalent_identified_not_yet_wired,national_framework,https://www.gov.wales/peoples-experience-framework,"Primary-care patient-experience framework exists, but this builder does not yet pull a practice-level Wales survey feed.",COURT ROAD SURGERY CF63 4YD
ALBERT ROAD SURGERY,W97057,CF64 1BX,"ALBERT ROAD, PENARTH",0844 4775191,,,,,,,WALES,wales,ods_gp_practice,RO177,PRESCRIBING COST CENTRE,"RO177,RO76",https://directory.spineservices.nhs.uk/ORD/2-0-0/organisations/W97057,2023-08-22,,statswales_hlth0426,https://statswales.gov.wales/Download/File?fileName=HLTH0426.zip,202504,People's Experience Survey,equivalent_identified_not_yet_wired,national_framework,https://www.gov.wales/peoples-experience-framework,"Primary-care patient-experience framework exists, but this builder does not yet pull a practice-level Wales survey feed.",ALBERT ROAD SURGERY CF64 1BX
REDLANDS SURGERY,W97003,CF64 3WX,"REDLANDS ROAD, PENARTH",029 20706043,,,,,,,WALES,wales,ods_gp_practice,RO177,PRESCRIBING COST CENTRE,"RO177,RO76",https://directory.spineservices.nhs.uk/ORD/2-0-0/organisations/W97003,2023-08-22,9383,statswales_hlth0426,https://statswales.gov.wales/Download/File?fileName=HLTH0426.zip,202504,People's Experience Survey,equivalent_identified_not_yet_wired,national_framework,https://www.gov.wales/peoples-experience-framework,"Primary-care patient-experience framework exists, but this builder does not yet pull a practice-level Wales survey feed.",REDLANDS SURGERY CF64 3WX
STANWELL SURGERY,W97011,CF64 3XE,"PENARTH HEALTHCARE PARTNERSHIP, STANWELL ROAD, PENARTH",029 20703039,,,,,,,WALES,wales,ods_gp_practice,RO177,PRESCRIBING COST CENTRE,"RO177,RO76",https://directory.spineservices.nhs.uk/ORD/2-0-0/organisations/W97011,2023-08-22,16440,statswales_hlth0426,https://statswales.gov.wales/Download/File?fileName=HLTH0426.zip,202504,People's Experience Survey,equivalent_identified_not_yet_wired,national_framework,https://www.gov.wales/peoples-experience-framework,"Primary-care patient-experience framework exists, but this builder does not yet pull a practice-level Wales survey feed.",STANWELL SURGERY CF64 3XE
DINAS POWYS MEDICAL CENTRE,W97055,CF64 4RE,"MURCH ROAD, DINAS POWYS",029 20512293,,,,,,,WALES,wales,ods_gp_practice,RO177,PRESCRIBING COST CENTRE,"RO177,RO76",https://directory.spineservices.nhs.uk/ORD/2-0-0/organisations/W97055,2023-08-22,11086,statswales_hlth0426,https://statswales.gov.wales/Download/File?fileName=HLTH0426.zip,202504,People's Experience Survey,equivalent_identified_not_yet_wired,national_framework,https://www.gov.wales/peoples-experience-framework,"Primary-care patient-experience framework exists, but this builder does not yet pull a practice-level Wales survey feed.",DINAS POWYS MEDICAL CENTRE CF64 4RE
SULLY SURGERY,W97062,CF64 5TG,"25 SOUTH ROAD, SULLY, PENARTH",02920 530255,,,,,,,WALES,wales,ods_gp_practice,RO177,PRESCRIBING COST CENTRE,"RO177,RO76",https://directory.spineservices.nhs.uk/ORD/2-0-0/organisations/W97062,2023-08-22,4857,statswales_hlth0426,https://statswales.gov.wales/Download/File?fileName=HLTH0426.zip,202504,People's Experience Survey,equivalent_identified_not_yet_wired,national_framework,https://www.gov.wales/peoples-experience-framework,"Primary-care patient-experience framework exists, but this builder does not yet pull a practice-level Wales survey feed.",SULLY SURGERY CF64 5TG
COWBRIDGE & VALE MEDICAL PRACTICE,W97038,CF71 7DA,"COWBRIDGE HEALTH CENTRE, THE BROADSHOARD, COWBRIDGE",01446 772237,,,,,,,WALES,wales,ods_gp_practice,RO177,PRESCRIBING COST CENTRE,"RO177,RO76",https://directory.spineservices.nhs.uk/ORD/2-0-0/organisations/W97038,2023-08-22,8338,statswales_hlth0426,https://statswales.gov.wales/Download/File?fileName=HLTH0426.zip,202504,People's Experience Survey,equivalent_identified_not_yet_wired,national_framework,https://www.gov.wales/peoples-experience-framework,"Primary-care patient-experience framework exists, but this builder does not yet pull a practice-level Wales survey feed.",COWBRIDGE & VALE MEDICAL PRACTICE CF71 7DA
WESTERN VALE FAMILY PRACTICE,W97052,CF71 7DA,"THE BROADSHOARD, COWBRIDGE",01446 772383,,,,,,,WALES,wales,ods_gp_practice,RO177,PRESCRIBING COST CENTRE,"RO177,RO76",https://directory.spineservices.nhs.uk/ORD/2-0-0/organisations/W97052,2023-08-22,13472,statswales_hlth0426,https://statswales.gov.wales/Download/File?fileName=HLTH0426.zip,202504,People's Experience Survey,equivalent_identified_not_yet_wired,national_framework,https://www.gov.wales/peoples-experience-framework,"Primary-care patient-experience framework exists, but this builder does not yet pull a practice-level Wales survey feed.",WESTERN VALE FAMILY PRACTICE CF71 7DA
NEWPARK SURGERY,W95036,CF72 8AJ,"TALBOT GREEN GROUP PRACTICE, HEOL-Y-GYFRAITH, PONTYCLUN",01443 220320,,,,,,,WALES,wales,ods_gp_practice,RO177,PRESCRIBING COST CENTRE,"RO177,RO76",https://directory.spineservices.nhs.uk/ORD/2-0-0/organisations/W95036,2023-08-22,12199,statswales_hlth0426,https://statswales.gov.wales/Download/File?fileName=HLTH0426.zip,202504,People's Experience Survey,equivalent_identified_not_yet_wired,national_framework,https://www.gov.wales/peoples-experience-framework,"Primary-care patient-experience framework exists, but this builder does not yet pull a practice-level Wales survey feed.",NEWPARK SURGERY CF72 8AJ
OLD SCHOOL SURGERY,W95025,CF72 9AA,"SCHOOL STREET, PONTYCLUN",01443 222567,,,,,,,WALES,wales,ods_gp_practice,RO177,PRESCRIBING COST CENTRE,"RO177,RO76",https://directory.spineservices.nhs.uk/ORD/2-0-0/organisations/W95025,2023-08-22,12136,statswales_hlth0426,https://statswales.gov.wales/Download/File?fileName=HLTH0426.zip,202504,People's Experience Survey,equivalent_identified_not_yet_wired,national_framework,https://www.gov.wales/peoples-experience-framework,"Primary-care patient-experience framework exists, but this builder does not yet pull a practice-level Wales survey feed.",OLD SCHOOL SURGERY CF72 9AA
BRYNTIRION SURGERY,W95068,CF81 8SA,"WEST STREET, BARGOED",01443 830796,,,,,,,WALES,wales,ods_gp_practice,RO177,PRESCRIBING COST CENTRE,"RO177,RO76",https://directory.spineservices.nhs.uk/ORD/2-0-0/organisations/W95068,2023-08-22,10837,statswales_hlth0426,https://statswales.gov.wales/Download/File?fileName=HLTH0426.zip,202504,People's Experience Survey,equivalent_identified_not_yet_wired,national_framework,https://www.gov.wales/peoples-experience-framework,"Primary-care patient-experience framework exists, but this builder does not yet pull a practice-level Wales survey feed.",BRYNTIRION SURGERY CF81 8SA
SOUTH STREET SURGERY,W95078,CF81 8SU,"SOUTH STREET, BARGOED",01443 821255,,,,,,,WALES,wales,ods_gp_practice,RO177,PRESCRIBING COST CENTRE,"RO177,RO76",https://directory.spineservices.nhs.uk/ORD/2-0-0/organisations/W95078,2023-08-22,3405,statswales_hlth0426,https://statswales.gov.wales/Download/File?fileName=HLTH0426.zip,202504,People's Experience Survey,equivalent_identified_not_yet_wired,national_framework,https://www.gov.wales/peoples-experience-framework,"Primary-care patient-experience framework exists, but this builder does not yet pull a practice-level Wales survey feed.",SOUTH STREET SURGERY CF81 8SU
OAKFIELD SURGERY,W95065,CF82 7WX,"OAKFIELD STREET, YSTRAD MYNACH, HENGOED",01443 812979,,,,,,,WALES,wales,ods_gp_practice,RO177,PRESCRIBING COST CENTRE,"RO177,RO76",https://directory.spineservices.nhs.uk/ORD/2-0-0/organisations/W95065,2023-08-22,13302,statswales_hlth0426,https://statswales.gov.wales/Download/File?fileName=HLTH0426.zip,202504,People's Experience Survey,equivalent_identified_not_yet_wired,national_framework,https://www.gov.wales/peoples-experience-framework,"Primary-care patient-experience framework exists, but this builder does not yet pull a practice-level Wales survey feed.",OAKFIELD SURGERY CF82 7WX
MEDDYGFA GELLIGAER SURGERY,W95050,CF82 8FQ,"HEOL HEN YSGOL, GELLIGAER, HENGOED",01443 875333,,,,,,,WALES,wales,ods_gp_practice,RO177,PRESCRIBING COST CENTRE,"RO177,RO76",https://directory.spineservices.nhs.uk/ORD/2-0-0/organisations/W95050,2023-08-22,7925,statswales_hlth0426,https://statswales.gov.wales/Download/File?fileName=HLTH0426.zip,202504,People's Experience Survey,equivalent_identified_not_yet_wired,national_framework,https://www.gov.wales/peoples-experience-framework,"Primary-care patient-experience framework exists, but this builder does not yet pull a practice-level Wales survey feed.",MEDDYGFA GELLIGAER SURGERY CF82 8FQ
MARKET STREET PRACTICE,W95046,CF83 1XP,"TONYFELIN MEDICAL CENTRE, TONYFELIN SURGERY, CAERPHILLY",029 20887831,,,,,,,WALES,wales,ods_gp_practice,RO177,PRESCRIBING COST CENTRE,"RO177,RO76",https://directory.spineservices.nhs.uk/ORD/2-0-0/organisations/W95046,2023-08-22,12369,statswales_hlth0426,https://statswales.gov.wales/Download/File?fileName=HLTH0426.zip,202504,People's Experience Survey,equivalent_identified_not_yet_wired,national_framework,https://www.gov.wales/peoples-experience-framework,"Primary-care patient-experience framework exists, but this builder does not yet pull a practice-level Wales survey feed.",MARKET STREET PRACTICE CF83 1XP
NANTGARW ROAD MEDICAL CENTRE,W95049,CF83 2AX,"4 BEDDAU WAY, CAERPHILLY",029 20888118,,,,,,,WALES,wales,ods_gp_practice,RO177,PRESCRIBING COST CENTRE,"RO177,RO76",https://directory.spineservices.nhs.uk/ORD/2-0-0/organisations/W95049,2023-08-22,10038,statswales_hlth0426,https://statswales.gov.wales/Download/File?fileName=HLTH0426.zip,202504,People's Experience Survey,equivalent_identified_not_yet_wired,national_framework,https://www.gov.wales/peoples-experience-framework,"Primary-care patient-experience framework exists, but this builder does not yet pull a practice-level Wales survey feed.",NANTGARW ROAD MEDICAL CENTRE CF83 2AX
COURT HOUSE MEDICAL CENTRE,W95059,CF83 3GH,"HEOL BRO WEN, CAERPHILLY",029 20887316,,,,,,,WALES,wales,ods_gp_practice,RO177,PRESCRIBING COST CENTRE,"RO177,RO76",https://directory.spineservices.nhs.uk/ORD/2-0-0/organisations/W95059,2023-08-22,10601,statswales_hlth0426,https://statswales.gov.wales/Download/File?fileName=HLTH0426.zip,202504,People's Experience Survey,equivalent_identified_not_yet_wired,national_framework,https://www.gov.wales/peoples-experience-framework,"Primary-care patient-experience framework exists, but this builder does not yet pull a practice-level Wales survey feed.",COURT HOUSE MEDICAL CENTRE CF83 3GH
THE VILLAGE SURGERY,W95073,CF83 3LR,"LLANBRADACH CENTRE FOR HEALTH, 12 PENCERRIG STREET, CAERPHILLY",029 20869638,,,,,,,WALES,wales,ods_gp_practice,RO177,PRESCRIBING COST CENTRE,"RO177,RO76",https://directory.spineservices.nhs.uk/ORD/2-0-0/organisations/W95073,2023-08-22,3335,statswales_hlth0426,https://statswales.gov.wales/Download/File?fileName=HLTH0426.zip,202504,People's Experience Survey,equivalent_identified_not_yet_wired,national_framework,https://www.gov.wales/peoples-experience-framework,"Primary-care patient-experience framework exists, but this builder does not yet pull a practice-level Wales survey feed.",THE VILLAGE SURGERY CF83 3LR
ABER MEDICAL CENTRE,W00005,CF83 4AU,"MEDDYGFA TRIDWR, 27-29 THOMAS STREET, CAERPHILLY",0844 4778635,,,,,,,WALES,wales,ods_gp_practice,RO177,PRESCRIBING COST CENTRE,"RO177,RO76",https://directory.spineservices.nhs.uk/ORD/2-0-0/organisations/W00005,2023-08-22,8536,statswales_hlth0426,https://statswales.gov.wales/Download/File?fileName=HLTH0426.zip,202504,People's Experience Survey,equivalent_identified_not_yet_wired,national_framework,https://www.gov.wales/peoples-experience-framework,"Primary-care patient-experience framework exists, but this builder does not yet pull a practice-level Wales survey feed.",ABER MEDICAL CENTRE CF83 4AU
TY BRYN SURGERY,W95008,CF83 8GL,"THE BRYN, TRETHOMAS, CAERPHILLY",029 20868011,,,,,,,WALES,wales,ods_gp_practice,RO177,PRESCRIBING COST CENTRE,"RO177,RO76",https://directory.spineservices.nhs.uk/ORD/2-0-0/organisations/W95008,2023-08-22,11329,statswales_hlth0426,https://statswales.gov.wales/Download/File?fileName=HLTH0426.zip,202504,People's Experience Survey,equivalent_identified_not_yet_wired,national_framework,https://www.gov.wales/peoples-experience-framework,"Primary-care patient-experience framework exists, but this builder does not yet pull a practice-level Wales survey feed.",TY BRYN SURGERY CF83 8GL
MARCHES MEDICAL PRACTICE,W91021,CH4 0NR,"83 MAIN ROAD, BROUGHTON, CHESTER",01244 520615,,,,,,,WALES,wales,ods_gp_practice,RO177,PRESCRIBING COST CENTRE,"RO177,RO76",https://directory.spineservices.nhs.uk/ORD/2-0-0/organisations/W91021,2023-08-22,15314,statswales_hlth0426,https://statswales.gov.wales/Download/File?fileName=HLTH0426.zip,202504,People's Experience Survey,equivalent_identified_not_yet_wired,national_framework,https://www.gov.wales/peoples-experience-framework,"Primary-care patient-experience framework exists, but this builder does not yet pull a practice-level Wales survey feed.",MARCHES MEDICAL PRACTICE CH4 0NR
DEESIDE MEDICAL CENTRE,W91039,CH5 1QA,"17-21 CHESTER ROAD EAST, SHOTTON, DEESIDE",01244 831698,,,,,,,WALES,wales,ods_gp_practice,RO177,PRESCRIBING COST CENTRE,"RO177,RO76",https://directory.spineservices.nhs.uk/ORD/2-0-0/organisations/W91039,2023-08-22,5773,statswales_hlth0426,https://statswales.gov.wales/Download/File?fileName=HLTH0426.zip,202504,People's Experience Survey,equivalent_identified_not_yet_wired,national_framework,https://www.gov.wales/peoples-experience-framework,"Primary-care patient-experience framework exists, but this builder does not yet pull a practice-level Wales survey feed.",DEESIDE MEDICAL CENTRE CH5 1QA
SHOTTON LANE SURGERY,W91036,CH5 1QT,"38 SHOTTON LANE, SHOTTON, DEESIDE",01244 812094,,,,,,,WALES,wales,ods_gp_practice,RO177,PRESCRIBING COST CENTRE,"RO177,RO76",https://directory.spineservices.nhs.uk/ORD/2-0-0/organisations/W91036,2023-08-22,8361,statswales_hlth0426,https://statswales.gov.wales/Download/File?fileName=HLTH0426.zip,202504,People's Experience Survey,equivalent_identified_not_yet_wired,national_framework,https://www.gov.wales/peoples-experience-framework,"Primary-care patient-experience framework exists, but this builder does not yet pull a practice-level Wales survey feed.",SHOTTON LANE SURGERY CH5 1QT
QUEENSFERRY MEDICAL PRACTICE,W91051,CH5 1SY,"PIERCE STREET, QUEENSFERRY, DEESIDE",01244 813340,,,,,,,WALES,wales,ods_gp_practice,RO177,PRESCRIBING COST CENTRE,"RO177,RO76",https://directory.spineservices.nhs.uk/ORD/2-0-0/organisations/W91051,2023-08-22,8749,statswales_hlth0426,https://statswales.gov.wales/Download/File?fileName=HLTH0426.zip,202504,People's Experience Survey,equivalent_identified_not_yet_wired,national_framework,https://www.gov.wales/peoples-experience-framework,"Primary-care patient-experience framework exists, but this builder does not yet pull a practice-level Wales survey feed.",QUEENSFERRY MEDICAL PRACTICE CH5 1SY
THE STABLES MEDICAL,W91015,CH5 3PA,"27 GLYNNE WAY, HAWARDEN, DEESIDE",01244 532223,,,,,,,WALES,wales,ods_gp_practice,RO177,PRESCRIBING COST CENTRE,"RO177,RO76",https://directory.spineservices.nhs.uk/ORD/2-0-0/organisations/W91015,2023-08-22,10041,statswales_hlth0426,https://statswales.gov.wales/Download/File?fileName=HLTH0426.zip,202504,People's Experience Survey,equivalent_identified_not_yet_wired,national_framework,https://www.gov.wales/peoples-experience-framework,"Primary-care patient-experience framework exists, but this builder does not yet pull a practice-level Wales survey feed.",THE STABLES MEDICAL CH5 3PA
ST MARKS DEE VIEW SURGERY,W91060,CH5 4PJ,"FRON ROAD, CONNAH'S QUAY, DEESIDE",01244 812003,,,,,,,WALES,wales,ods_gp_practice,RO177,PRESCRIBING COST CENTRE,"RO177,RO76",https://directory.spineservices.nhs.uk/ORD/2-0-0/organisations/W91060,2023-08-22,5380,statswales_hlth0426,https://statswales.gov.wales/Download/File?fileName=HLTH0426.zip,202504,People's Experience Survey,equivalent_identified_not_yet_wired,national_framework,https://www.gov.wales/peoples-experience-framework,"Primary-care patient-experience framework exists, but this builder does not yet pull a practice-level Wales survey feed.",ST MARKS DEE VIEW SURGERY CH5 4PJ
THE QUAY HEALTH CENTRE,W91607,CH5 4PJ,"FRON ROAD, CONNAH'S QUAY, DEESIDE",01244 812217,,,,,,,WALES,wales,ods_gp_practice,RO177,PRESCRIBING COST CENTRE,"RO177,RO76",https://directory.spineservices.nhs.uk/ORD/2-0-0/organisations/W91607,2023-08-22,,statswales_hlth0426,https://statswales.gov.wales/Download/File?fileName=HLTH0426.zip,202504,People's Experience Survey,equivalent_identified_not_yet_wired,national_framework,https://www.gov.wales/peoples-experience-framework,"Primary-care patient-experience framework exists, but this builder does not yet pull a practice-level Wales survey feed.",THE QUAY HEALTH CENTRE CH5 4PJ
THE QUAY SURGERY,W91040,CH5 4PJ,"THE QUAY HEALTH CENTRE, FRON ROAD, DEESIDE",01244 814272,,,,,,,WALES,wales,ods_gp_practice,RO177,PRESCRIBING COST CENTRE,"RO177,RO76",https://directory.spineservices.nhs.uk/ORD/2-0-0/organisations/W91040,2023-08-22,9064,statswales_hlth0426,https://statswales.gov.wales/Download/File?fileName=HLTH0426.zip,202504,People's Experience Survey,equivalent_identified_not_yet_wired,national_framework,https://www.gov.wales/peoples-experience-framework,"Primary-care patient-experience framework exists, but this builder does not yet pull a practice-level Wales survey feed.",THE QUAY SURGERY CH5 4PJ
EYTON PLACE SURGERY,W91046,CH6 5ER,"FLINT HEALTH & WELLBEING CTR, EARL STREET, FLINT",0300 0859500,,,,,,,WALES,wales,ods_gp_practice,RO177,PRESCRIBING COST CENTRE,"RO177,RO76",https://directory.spineservices.nhs.uk/ORD/2-0-0/organisations/W91046,2023-08-22,4276,statswales_hlth0426,https://statswales.gov.wales/Download/File?fileName=HLTH0426.zip,202504,People's Experience Survey,equivalent_identified_not_yet_wired,national_framework,https://www.gov.wales/peoples-experience-framework,"Primary-care patient-experience framework exists, but this builder does not yet pull a practice-level Wales survey feed.",EYTON PLACE SURGERY CH6 5ER
THE LAURELS SURGERY,W91055,CH6 5ER,"EARL STREET, FLINT",0300 0859470,,,,,,,WALES,wales,ods_gp_practice,RO177,PRESCRIBING COST CENTRE,"RO177,RO76",https://directory.spineservices.nhs.uk/ORD/2-0-0/organisations/W91055,2023-08-22,6654,statswales_hlth0426,https://statswales.gov.wales/Download/File?fileName=HLTH0426.zip,202504,People's Experience Survey,equivalent_identified_not_yet_wired,national_framework,https://www.gov.wales/peoples-experience-framework,"Primary-care patient-experience framework exists, but this builder does not yet pull a practice-level Wales survey feed.",THE LAURELS SURGERY CH6 5ER
ALLT GOCH MEDICAL CENTRE,W91032,CH6 5UZ,"LON Y BECWS, FLINT",01352 732207,,,,,,,WALES,wales,ods_gp_practice,RO177,PRESCRIBING COST CENTRE,"RO177,RO76",https://directory.spineservices.nhs.uk/ORD/2-0-0/organisations/W91032,2023-08-22,5468,statswales_hlth0426,https://statswales.gov.wales/Download/File?fileName=HLTH0426.zip,202504,People's Experience Survey,equivalent_identified_not_yet_wired,national_framework,https://www.gov.wales/peoples-experience-framework,"Primary-care patient-experience framework exists, but this builder does not yet pull a practice-level Wales survey feed.",ALLT GOCH MEDICAL CENTRE CH6 5UZ
PENDRE SURGERY,W91017,CH7 1SS,"CLAYTON ROAD, MOLD",01352 759163,,,,,,,WALES,wales,ods_gp_practice,RO177,PRESCRIBING COST CENTRE,"RO177,RO76",https://directory.spineservices.nhs.uk/ORD/2-0-0/organisations/W91017,2023-08-22,10601,statswales_hlth0426,https://statswales.gov.wales/Download/File?fileName=HLTH0426.zip,202504,People's Experience Survey,equivalent_identified_not_yet_wired,national_framework,https://www.gov.wales/peoples-experience-framework,"Primary-care patient-experience framework exists, but this builder does not yet pull a practice-level Wales survey feed.",PENDRE SURGERY CH7 1SS
BRADLEY'S PRACTICE,W00076,CH7 3PG,"BUCKLEY MEDICAL CENTRE, ALLTAMI ROAD, BUCKLEY",0345 9007851,,,,,,,WALES,wales,ods_gp_practice,RO177,PRESCRIBING COST CENTRE,"RO177,RO76",https://directory.spineservices.nhs.uk/ORD/2-0-0/organisations/W00076,2023-08-22,17632,statswales_hlth0426,https://statswales.gov.wales/Download/File?fileName=HLTH0426.zip,202504,People's Experience Survey,equivalent_identified_not_yet_wired,national_framework,https://www.gov.wales/peoples-experience-framework,"Primary-care patient-experience framework exists, but this builder does not yet pull a practice-level Wales survey feed.",BRADLEY'S PRACTICE CH7 3PG
ROSENEATH MEDICAL PRACTICE,W91018,CH7 3PG,"BUCKLEY MEDICAL CENTRE, ALLTAMI ROAD, BUCKLEY",01244 550555,,,,,,,WALES,wales,ods_gp_practice,RO177,PRESCRIBING COST CENTRE,"RO177,RO76",https://directory.spineservices.nhs.uk/ORD/2-0-0/organisations/W91018,2023-08-22,10226,statswales_hlth0426,https://statswales.gov.wales/Download/File?fileName=HLTH0426.zip,202504,People's Experience Survey,equivalent_identified_not_yet_wired,national_framework,https://www.gov.wales/peoples-experience-framework,"Primary-care patient-experience framework exists, but this builder does not yet pull a practice-level Wales survey feed.",ROSENEATH MEDICAL PRACTICE CH7 3PG
LEESWOOD SURGERY,W91044,CH7 4RQ,"QUEEN STREET, LEESWOOD, MOLD",01352 770212,,,,,,,WALES,wales,ods_gp_practice,RO177,PRESCRIBING COST CENTRE,"RO177,RO76",https://directory.spineservices.nhs.uk/ORD/2-0-0/organisations/W91044,2023-08-22,2293,statswales_hlth0426,https://statswales.gov.wales/Download/File?fileName=HLTH0426.zip,202504,People's Experience Survey,equivalent_identified_not_yet_wired,national_framework,https://www.gov.wales/peoples-experience-framework,"Primary-care patient-experience framework exists, but this builder does not yet pull a practice-level Wales survey feed.",LEESWOOD SURGERY CH7 4RQ
BODOWEN SURGERY,W91029,CH8 7GA,"HALKYN ROAD, HOLYWELL",01352 710529,,,,,,,WALES,wales,ods_gp_practice,RO177,PRESCRIBING COST CENTRE,"RO177,RO76",https://directory.spineservices.nhs.uk/ORD/2-0-0/organisations/W91029,2023-08-22,8226,statswales_hlth0426,https://statswales.gov.wales/Download/File?fileName=HLTH0426.zip,202504,People's Experience Survey,equivalent_identified_not_yet_wired,national_framework,https://www.gov.wales/peoples-experience-framework,"Primary-care patient-experience framework exists, but this builder does not yet pull a practice-level Wales survey feed.",BODOWEN SURGERY CH8 7GA
PENDRE SURGERY,W91005,CH8 7RS,"COLESHILL STREET, HOLYWELL",01352 746131,,,,,,,WALES,wales,ods_gp_practice,RO177,PRESCRIBING COST CENTRE,"RO177,RO76",https://directory.spineservices.nhs.uk/ORD/2-0-0/organisations/W91005,2023-08-22,10371,statswales_hlth0426,https://statswales.gov.wales/Download/File?fileName=HLTH0426.zip,202504,People's Experience Survey,equivalent_identified_not_yet_wired,national_framework,https://www.gov.wales/peoples-experience-framework,"Primary-care patient-experience framework exists, but this builder does not yet pull a practice-level Wales survey feed.",PENDRE SURGERY CH8 7RS
PENNANT SURGERY,W91037,CH8 7TR,"BAGILLT STREET, OFF HIGH STREET, HOLYWELL",01352 716766,,,,,,,WALES,wales,ods_gp_practice,RO177,PRESCRIBING COST CENTRE,"RO177,RO76",https://directory.spineservices.nhs.uk/ORD/2-0-0/organisations/W91037,2023-08-22,2313,statswales_hlth0426,https://statswales.gov.wales/Download/File?fileName=HLTH0426.zip,202504,People's Experience Survey,equivalent_identified_not_yet_wired,national_framework,https://www.gov.wales/peoples-experience-framework,"Primary-care patient-experience framework exists, but this builder does not yet pull a practice-level Wales survey feed.",PENNANT SURGERY CH8 7TR
PANTON SURGERY,W91636,CH8 7TZ,"HALKYN ROAD, FLINTSHIRE, HOLYWELL",01352 718364,,,,,,,WALES,wales,ods_gp_practice,RO177,PRESCRIBING COST CENTRE,"RO177,RO76",https://directory.spineservices.nhs.uk/ORD/2-0-0/organisations/W91636,2023-08-22,3379,statswales_hlth0426,https://statswales.gov.wales/Download/File?fileName=HLTH0426.zip,202504,People's Experience Survey,equivalent_identified_not_yet_wired,national_framework,https://www.gov.wales/peoples-experience-framework,"Primary-care patient-experience framework exists, but this builder does not yet pull a practice-level Wales survey feed.",PANTON SURGERY CH8 7TZ
WYE VALLEY PRACTICE,W93019,GL15 6TN,"SMITHVILLE CLOSE, ST. BRIAVELS, LYDNEY",01594 530334,,,,,,,WALES,wales,ods_gp_practice,RO177,PRESCRIBING COST CENTRE,"RO177,RO76",https://directory.spineservices.nhs.uk/ORD/2-0-0/organisations/W93019,2025-12-02,5279,statswales_hlth0426,https://statswales.gov.wales/Download/File?fileName=HLTH0426.zip,202504,People's Experience Survey,equivalent_identified_not_yet_wired,national_framework,https://www.gov.wales/peoples-experience-framework,"Primary-care patient-experience framework exists, but this builder does not yet pull a practice-level Wales survey feed.",WYE VALLEY PRACTICE GL15 6TN
LLANDRINDOD WELLS MEDICAL PRACTICE,W96013,LD1 5ES,"SPA ROAD EAST, LLANDRINDOD WELLS",01597 824291,,,,,,,WALES,wales,ods_gp_practice,RO177,PRESCRIBING COST CENTRE,"RO177,RO76",https://directory.spineservices.nhs.uk/ORD/2-0-0/organisations/W96013,2023-08-22,10872,statswales_hlth0426,https://statswales.gov.wales/Download/File?fileName=HLTH0426.zip,202504,People's Experience Survey,equivalent_identified_not_yet_wired,national_framework,https://www.gov.wales/peoples-experience-framework,"Primary-care patient-experience framework exists, but this builder does not yet pull a practice-level Wales survey feed.",LLANDRINDOD WELLS MEDICAL PRACTICE LD1 5ES
MAESYCOED,W96007,LD2 3DZ,"BUILTH WELLS MEDICAL PRACTICE, GLANDWR PARK, BUILTH WELLS",01982 552207,,,,,,,WALES,wales,ods_gp_practice,RO177,PRESCRIBING COST CENTRE,"RO177,RO76",https://directory.spineservices.nhs.uk/ORD/2-0-0/organisations/W96007,2023-08-22,7605,statswales_hlth0426,https://statswales.gov.wales/Download/File?fileName=HLTH0426.zip,202504,People's Experience Survey,equivalent_identified_not_yet_wired,national_framework,https://www.gov.wales/peoples-experience-framework,"Primary-care patient-experience framework exists, but this builder does not yet pull a practice-level Wales survey feed.",MAESYCOED LD2 3DZ
HAYGARTH MEDICAL CENTRE,W96017,LD3 0AW,"HAY ROAD, TALGARTH, BRECON",01874 713000,,,,,,,WALES,wales,ods_gp_practice,RO177,PRESCRIBING COST CENTRE,"RO177,RO76",https://directory.spineservices.nhs.uk/ORD/2-0-0/organisations/W96017,2023-08-22,8696,statswales_hlth0426,https://statswales.gov.wales/Download/File?fileName=HLTH0426.zip,202504,People's Experience Survey,equivalent_identified_not_yet_wired,national_framework,https://www.gov.wales/peoples-experience-framework,"Primary-care patient-experience framework exists, but this builder does not yet pull a practice-level Wales survey feed.",HAYGARTH MEDICAL CENTRE LD3 0AW
BRECON MEDICAL FACILITY,W00199,LD3 7RA,"DERING LINES, BRECON",01874 613554,,,,,,,WALES,wales,ods_gp_practice,RO177,PRESCRIBING COST CENTRE,"RO177,RO76",https://directory.spineservices.nhs.uk/ORD/2-0-0/organisations/W00199,2023-08-22,,statswales_hlth0426,https://statswales.gov.wales/Download/File?fileName=HLTH0426.zip,202504,People's Experience Survey,equivalent_identified_not_yet_wired,national_framework,https://www.gov.wales/peoples-experience-framework,"Primary-care patient-experience framework exists, but this builder does not yet pull a practice-level Wales survey feed.",BRECON MEDICAL FACILITY LD3 7RA
TY HENRY VAUGHAN,W96003,LD3 8AH,"BRIDGE STREET, BRECON",01874 622121,,,,,,,WALES,wales,ods_gp_practice,RO177,PRESCRIBING COST CENTRE,"RO177,RO76",https://directory.spineservices.nhs.uk/ORD/2-0-0/organisations/W96003,2023-08-22,15363,statswales_hlth0426,https://statswales.gov.wales/Download/File?fileName=HLTH0426.zip,202504,People's Experience Survey,equivalent_identified_not_yet_wired,national_framework,https://www.gov.wales/peoples-experience-framework,"Primary-care patient-experience framework exists, but this builder does not yet pull a practice-level Wales survey feed.",TY HENRY VAUGHAN LD3 8AH
RHAYADER GROUP PRACTICE,W96006,LD6 5ED,"CAEHERBERT LANE, RHAYADER",01597 810231,,,,,,,WALES,wales,ods_gp_practice,RO177,PRESCRIBING COST CENTRE,"RO177,RO76",https://directory.spineservices.nhs.uk/ORD/2-0-0/organisations/W96006,2023-08-22,3302,statswales_hlth0426,https://statswales.gov.wales/Download/File?fileName=HLTH0426.zip,202504,People's Experience Survey,equivalent_identified_not_yet_wired,national_framework,https://www.gov.wales/peoples-experience-framework,"Primary-care patient-experience framework exists, but this builder does not yet pull a practice-level Wales survey feed.",RHAYADER GROUP PRACTICE LD6 5ED
WYLCWM STREET SURGERY,W96004,LD7 1AD,"WYLCWM STREET, KNIGHTON",01547 528523,,,,,,,WALES,wales,ods_gp_practice,RO177,PRESCRIBING COST CENTRE,"RO177,RO76",https://directory.spineservices.nhs.uk/ORD/2-0-0/organisations/W96004,2023-08-22,4672,statswales_hlth0426,https://statswales.gov.wales/Download/File?fileName=HLTH0426.zip,202504,People's Experience Survey,equivalent_identified_not_yet_wired,national_framework,https://www.gov.wales/peoples-experience-framework,"Primary-care patient-experience framework exists, but this builder does not yet pull a practice-level Wales survey feed.",WYLCWM STREET SURGERY LD7 1AD
PRESTEIGNE MEDICAL PRACTICE,W96438,LD8 2RJ,"LUGG VIEW, PRESTEIGNE",01544 267985,,,,,,,WALES,wales,ods_gp_practice,RO177,PRESCRIBING COST CENTRE,"RO177,RO76",https://directory.spineservices.nhs.uk/ORD/2-0-0/organisations/W96438,2023-08-22,3569,statswales_hlth0426,https://statswales.gov.wales/Download/File?fileName=HLTH0426.zip,202504,People's Experience Survey,equivalent_identified_not_yet_wired,national_framework,https://www.gov.wales/peoples-experience-framework,"Primary-care patient-experience framework exists, but this builder does not yet pull a practice-level Wales survey feed.",PRESTEIGNE MEDICAL PRACTICE LD8 2RJ
STRATHMORE MEDICAL PRACTICE,W91004,LL11 2SA,"26-28 CHESTER ROAD, WREXHAM",01978 352055,,,,,,,WALES,wales,ods_gp_practice,RO177,PRESCRIBING COST CENTRE,"RO177,RO76",https://directory.spineservices.nhs.uk/ORD/2-0-0/organisations/W91004,2023-08-22,14259,statswales_hlth0426,https://statswales.gov.wales/Download/File?fileName=HLTH0426.zip,202504,People's Experience Survey,equivalent_identified_not_yet_wired,national_framework,https://www.gov.wales/peoples-experience-framework,"Primary-care patient-experience framework exists, but this builder does not yet pull a practice-level Wales survey feed.",STRATHMORE MEDICAL PRACTICE LL11 2SA
CARITAS SURGERY,W00007,LL11 3NS,"THE HEALTH CENTRE SMITHY, COEDPOETH, WREXHAM",01978 720450,,,,,,,WALES,wales,ods_gp_practice,RO177,PRESCRIBING COST CENTRE,"RO177,RO76",https://directory.spineservices.nhs.uk/ORD/2-0-0/organisations/W00007,2023-08-22,8414,statswales_hlth0426,https://statswales.gov.wales/Download/File?fileName=HLTH0426.zip,202504,People's Experience Survey,equivalent_identified_not_yet_wired,national_framework,https://www.gov.wales/peoples-experience-framework,"Primary-care patient-experience framework exists, but this builder does not yet pull a practice-level Wales survey feed.",CARITAS SURGERY LL11 3NS
THE HEALTH CENTRE,W91056,LL11 3NS,"COEDPOETH HEALTH CENTRE, SMITHY ROAD, WREXHAM",01978 720011,,,,,,,WALES,wales,ods_gp_practice,RO177,PRESCRIBING COST CENTRE,"RO177,RO76",https://directory.spineservices.nhs.uk/ORD/2-0-0/organisations/W91056,2023-08-22,8932,statswales_hlth0426,https://statswales.gov.wales/Download/File?fileName=HLTH0426.zip,202504,People's Experience Survey,equivalent_identified_not_yet_wired,national_framework,https://www.gov.wales/peoples-experience-framework,"Primary-care patient-experience framework exists, but this builder does not yet pull a practice-level Wales survey feed.",THE HEALTH CENTRE LL11 3NS
BRYN DARLAND SURGERY,W91016,LL11 3SA,"53 HIGH STREET, COEDPOETH, WREXHAM",01978 720285,,,,,,,WALES,wales,ods_gp_practice,RO177,PRESCRIBING COST CENTRE,"RO177,RO76",https://directory.spineservices.nhs.uk/ORD/2-0-0/organisations/W91016,2023-08-22,5922,statswales_hlth0426,https://statswales.gov.wales/Download/File?fileName=HLTH0426.zip,202504,People's Experience Survey,equivalent_identified_not_yet_wired,national_framework,https://www.gov.wales/peoples-experience-framework,"Primary-care patient-experience framework exists, but this builder does not yet pull a practice-level Wales survey feed.",BRYN DARLAND SURGERY LL11 3SA
PEN Y MAES HEALTH CENTRE,W91006,LL11 4UF,"BEECH STREET, SUMMERHILL, WREXHAM",01978 756370,,,,,,,WALES,wales,ods_gp_practice,RO177,PRESCRIBING COST CENTRE,"RO177,RO76",https://directory.spineservices.nhs.uk/ORD/2-0-0/organisations/W91006,2023-08-22,7556,statswales_hlth0426,https://statswales.gov.wales/Download/File?fileName=HLTH0426.zip,202504,People's Experience Survey,equivalent_identified_not_yet_wired,national_framework,https://www.gov.wales/peoples-experience-framework,"Primary-care patient-experience framework exists, but this builder does not yet pull a practice-level Wales survey feed.",PEN Y MAES HEALTH CENTRE LL11 4UF
FORGE ROAD SURGERY,W91020,LL11 5RR,"FORGE ROAD, SOUTHSEA, WREXHAM",01978 758311,,,,,,,WALES,wales,ods_gp_practice,RO177,PRESCRIBING COST CENTRE,"RO177,RO76",https://directory.spineservices.nhs.uk/ORD/2-0-0/organisations/W91020,2023-08-22,,statswales_hlth0426,https://statswales.gov.wales/Download/File?fileName=HLTH0426.zip,202504,People's Experience Survey,equivalent_identified_not_yet_wired,national_framework,https://www.gov.wales/peoples-experience-framework,"Primary-care patient-experience framework exists, but this builder does not yet pull a practice-level Wales survey feed.",FORGE ROAD SURGERY LL11 5RR
ALYN FAMILY DOCTORS,W91025,LL12 0TR,"THE HEALTH CENTRE, SCHOOL ROAD, WREXHAM",03333 323260,,,,,,,WALES,wales,ods_gp_practice,RO177,PRESCRIBING COST CENTRE,"RO177,RO76",https://directory.spineservices.nhs.uk/ORD/2-0-0/organisations/W91025,2023-08-22,12684,statswales_hlth0426,https://statswales.gov.wales/Download/File?fileName=HLTH0426.zip,202504,People's Experience Survey,equivalent_identified_not_yet_wired,national_framework,https://www.gov.wales/peoples-experience-framework,"Primary-care patient-experience framework exists, but this builder does not yet pull a practice-level Wales survey feed.",ALYN FAMILY DOCTORS LL12 0TR
BORRAS PARK SURGERY,W91054,LL12 7TH,"BORRAS PARK ROAD, WREXHAM",0844 4778601,,,,,,,WALES,wales,ods_gp_practice,RO177,PRESCRIBING COST CENTRE,"RO177,RO76",https://directory.spineservices.nhs.uk/ORD/2-0-0/organisations/W91054,2023-08-22,,statswales_hlth0426,https://statswales.gov.wales/Download/File?fileName=HLTH0426.zip,202504,People's Experience Survey,equivalent_identified_not_yet_wired,national_framework,https://www.gov.wales/peoples-experience-framework,"Primary-care patient-experience framework exists, but this builder does not yet pull a practice-level Wales survey feed.",BORRAS PARK SURGERY LL12 7TH
CAERGWRLE MEDICAL PRACTICE,W91610,LL12 9LG,"39-41 HIGH STREET, CAERGWRLE, WREXHAM",01978 760413,,,,,,,WALES,wales,ods_gp_practice,RO177,PRESCRIBING COST CENTRE,"RO177,RO76",https://directory.spineservices.nhs.uk/ORD/2-0-0/organisations/W91610,2023-08-22,1991,statswales_hlth0426,https://statswales.gov.wales/Download/File?fileName=HLTH0426.zip,202504,People's Experience Survey,equivalent_identified_not_yet_wired,national_framework,https://www.gov.wales/peoples-experience-framework,"Primary-care patient-experience framework exists, but this builder does not yet pull a practice-level Wales survey feed.",CAERGWRLE MEDICAL PRACTICE LL12 9LG
HOPE FAMILY MEDICAL CENTRE,W91013,LL12 9NL,"HAWARDEN ROAD, HOPE, WREXHAM",01978 760468,,,,,,,WALES,wales,ods_gp_practice,RO177,PRESCRIBING COST CENTRE,"RO177,RO76",https://directory.spineservices.nhs.uk/ORD/2-0-0/organisations/W91013,2023-08-22,10057,statswales_hlth0426,https://statswales.gov.wales/Download/File?fileName=HLTH0426.zip,202504,People's Experience Survey,equivalent_identified_not_yet_wired,national_framework,https://www.gov.wales/peoples-experience-framework,"Primary-care patient-experience framework exists, but this builder does not yet pull a practice-level Wales survey feed.",HOPE FAMILY MEDICAL CENTRE LL12 9NL
DEE VALLEY MEDICAL PRACTICE,W91026,LL13 0ED,"15 HIGH STREET, OVERTON, WREXHAM",01978 710666,,,,,,,WALES,wales,ods_gp_practice,RO177,PRESCRIBING COST CENTRE,"RO177,RO76",https://directory.spineservices.nhs.uk/ORD/2-0-0/organisations/W91026,2023-08-22,7048,statswales_hlth0426,https://statswales.gov.wales/Download/File?fileName=HLTH0426.zip,202504,People's Experience Survey,equivalent_identified_not_yet_wired,national_framework,https://www.gov.wales/peoples-experience-framework,"Primary-care patient-experience framework exists, but this builder does not yet pull a practice-level Wales survey feed.",DEE VALLEY MEDICAL PRACTICE LL13 0ED
BRYNCABANAU,W91042,LL13 7BS,"HIGHTOWN, WREXHAM",01978 367921,,,,,,,WALES,wales,ods_gp_practice,RO177,PRESCRIBING COST CENTRE,"RO177,RO76",https://directory.spineservices.nhs.uk/ORD/2-0-0/organisations/W91042,2023-08-22,4833,statswales_hlth0426,https://statswales.gov.wales/Download/File?fileName=HLTH0426.zip,202504,People's Experience Survey,equivalent_identified_not_yet_wired,national_framework,https://www.gov.wales/peoples-experience-framework,"Primary-care patient-experience framework exists, but this builder does not yet pull a practice-level Wales survey feed.",BRYNCABANAU LL13 7BS
PLAS Y BRYN MEDICAL CENTRE,W91022,LL13 7DE,"CHAPEL STREET, WREXHAM",01978 351308,,,,,,,WALES,wales,ods_gp_practice,RO177,PRESCRIBING COST CENTRE,"RO177,RO76",https://directory.spineservices.nhs.uk/ORD/2-0-0/organisations/W91022,2023-08-22,13121,statswales_hlth0426,https://statswales.gov.wales/Download/File?fileName=HLTH0426.zip,202504,People's Experience Survey,equivalent_identified_not_yet_wired,national_framework,https://www.gov.wales/peoples-experience-framework,"Primary-care patient-experience framework exists, but this builder does not yet pull a practice-level Wales survey feed.",PLAS Y BRYN MEDICAL CENTRE LL13 7DE
ST GEORGE'S CRESCENT SURGERY,W91030,LL13 8DB,"40 ST. GEORGES CRESCENT, WREXHAM",01978 290708,,,,,,,WALES,wales,ods_gp_practice,RO177,PRESCRIBING COST CENTRE,"RO177,RO76",https://directory.spineservices.nhs.uk/ORD/2-0-0/organisations/W91030,2023-08-22,6383,statswales_hlth0426,https://statswales.gov.wales/Download/File?fileName=HLTH0426.zip,202504,People's Experience Survey,equivalent_identified_not_yet_wired,national_framework,https://www.gov.wales/peoples-experience-framework,"Primary-care patient-experience framework exists, but this builder does not yet pull a practice-level Wales survey feed.",ST GEORGE'S CRESCENT SURGERY LL13 8DB
HILLCREST MEDICAL CENTRE,W91058,LL13 8RG,"86 HOLT ROAD, WREXHAM",01978 788287,,,,,,,WALES,wales,ods_gp_practice,RO177,PRESCRIBING COST CENTRE,"RO177,RO76",https://directory.spineservices.nhs.uk/ORD/2-0-0/organisations/W91058,2023-08-22,15402,statswales_hlth0426,https://statswales.gov.wales/Download/File?fileName=HLTH0426.zip,202504,People's Experience Survey,equivalent_identified_not_yet_wired,national_framework,https://www.gov.wales/peoples-experience-framework,"Primary-care patient-experience framework exists, but this builder does not yet pull a practice-level Wales survey feed.",HILLCREST MEDICAL CENTRE LL13 8RG
CAIA PARK SURGERY,W91629,LL13 8TH,"PRINCE CHARLES ROAD, WREXHAM",01978 291129,,,,,,,WALES,wales,ods_gp_practice,RO177,PRESCRIBING COST CENTRE,"RO177,RO76",https://directory.spineservices.nhs.uk/ORD/2-0-0/organisations/W91629,2023-08-22,4468,statswales_hlth0426,https://statswales.gov.wales/Download/File?fileName=HLTH0426.zip,202504,People's Experience Survey,equivalent_identified_not_yet_wired,national_framework,https://www.gov.wales/peoples-experience-framework,"Primary-care patient-experience framework exists, but this builder does not yet pull a practice-level Wales survey feed.",CAIA PARK SURGERY LL13 8TH
THE HEALTH CENTRE,W91059,LL14 1AA,"BEECH AVENUE PRACTICE, BEECH AVENUE, WREXHAM",01978 845955,,,,,,,WALES,wales,ods_gp_practice,RO177,PRESCRIBING COST CENTRE,"RO177,RO76",https://directory.spineservices.nhs.uk/ORD/2-0-0/organisations/W91059,2023-08-22,6304,statswales_hlth0426,https://statswales.gov.wales/Download/File?fileName=HLTH0426.zip,202504,People's Experience Survey,equivalent_identified_not_yet_wired,national_framework,https://www.gov.wales/peoples-experience-framework,"Primary-care patient-experience framework exists, but this builder does not yet pull a practice-level Wales survey feed.",THE HEALTH CENTRE LL14 1AA
THE SURGERY,W91019,LL14 2EN,"GARDDEN ROAD SURGERY, GARDDEN ROAD, WREXHAM",01978 801890,,,,,,,WALES,wales,ods_gp_practice,RO177,PRESCRIBING COST CENTRE,"RO177,RO76",https://directory.spineservices.nhs.uk/ORD/2-0-0/organisations/W91019,2023-08-22,8008,statswales_hlth0426,https://statswales.gov.wales/Download/File?fileName=HLTH0426.zip,202504,People's Experience Survey,equivalent_identified_not_yet_wired,national_framework,https://www.gov.wales/peoples-experience-framework,"Primary-care patient-experience framework exists, but this builder does not yet pull a practice-level Wales survey feed.",THE SURGERY LL14 2EN
CRANE MEDICAL CENTRE,W91614,LL14 3AB,"CRANE STREET, CEFN MAWR, WREXHAM",01978 810844,,,,,,,WALES,wales,ods_gp_practice,RO177,PRESCRIBING COST CENTRE,"RO177,RO76",https://directory.spineservices.nhs.uk/ORD/2-0-0/organisations/W91614,2023-08-22,2328,statswales_hlth0426,https://statswales.gov.wales/Download/File?fileName=HLTH0426.zip,202504,People's Experience Survey,equivalent_identified_not_yet_wired,national_framework,https://www.gov.wales/peoples-experience-framework,"Primary-care patient-experience framework exists, but this builder does not yet pull a practice-level Wales survey feed.",CRANE MEDICAL CENTRE LL14 3AB
CHIRK SURGERY,W91024,LL14 5DH,"CASTLE HEALTH CENTRE, COLLIERY ROAD, WREXHAM",01691 772434,,,,,,,WALES,wales,ods_gp_practice,RO177,PRESCRIBING COST CENTRE,"RO177,RO76",https://directory.spineservices.nhs.uk/ORD/2-0-0/organisations/W91024,2023-08-22,9177,statswales_hlth0426,https://statswales.gov.wales/Download/File?fileName=HLTH0426.zip,202504,People's Experience Survey,equivalent_identified_not_yet_wired,national_framework,https://www.gov.wales/peoples-experience-framework,"Primary-care patient-experience framework exists, but this builder does not yet pull a practice-level Wales survey feed.",CHIRK SURGERY LL14 5DH
THE MEDICAL CENTRE,W91043,LL14 6NH,"RUABON MEDICAL CENTRE, HIGH STREET, WREXHAM",01978 823717,,,,,,,WALES,wales,ods_gp_practice,RO177,PRESCRIBING COST CENTRE,"RO177,RO76",https://directory.spineservices.nhs.uk/ORD/2-0-0/organisations/W91043,2023-08-22,8416,statswales_hlth0426,https://statswales.gov.wales/Download/File?fileName=HLTH0426.zip,202504,People's Experience Survey,equivalent_identified_not_yet_wired,national_framework,https://www.gov.wales/peoples-experience-framework,"Primary-care patient-experience framework exists, but this builder does not yet pull a practice-level Wales survey feed.",THE MEDICAL CENTRE LL14 6NH
PLAS MEDDYG,W91002,LL15 1BP,"STATION ROAD, RUTHIN",01824 702255,,,,,,,WALES,wales,ods_gp_practice,RO177,PRESCRIBING COST CENTRE,"RO177,RO76",https://directory.spineservices.nhs.uk/ORD/2-0-0/organisations/W91002,2023-08-22,10958,statswales_hlth0426,https://statswales.gov.wales/Download/File?fileName=HLTH0426.zip,202504,People's Experience Survey,equivalent_identified_not_yet_wired,national_framework,https://www.gov.wales/peoples-experience-framework,"Primary-care patient-experience framework exists, but this builder does not yet pull a practice-level Wales survey feed.",PLAS MEDDYG LL15 1BP
THE CLINIC,W91034,LL15 1PS,"RUTHIN COMMUNITY HOSPITAL, LLANRHYDD STREET, RUTHIN",03000 854555,,,,,,,WALES,wales,ods_gp_practice,RO177,PRESCRIBING COST CENTRE,"RO177,RO76",https://directory.spineservices.nhs.uk/ORD/2-0-0/organisations/W91034,2025-01-23,2653,statswales_hlth0426,https://statswales.gov.wales/Download/File?fileName=HLTH0426.zip,202504,People's Experience Survey,equivalent_identified_not_yet_wired,national_framework,https://www.gov.wales/peoples-experience-framework,"Primary-care patient-experience framework exists, but this builder does not yet pull a practice-level Wales survey feed.",THE CLINIC LL15 1PS
BEECH HOUSE SURGERY,W91033,LL16 3AY,"69 VALE STREET, DENBIGH",01745 812863,,,,,,,WALES,wales,ods_gp_practice,RO177,PRESCRIBING COST CENTRE,"RO177,RO76",https://directory.spineservices.nhs.uk/ORD/2-0-0/organisations/W91033,2023-08-22,9557,statswales_hlth0426,https://statswales.gov.wales/Download/File?fileName=HLTH0426.zip,202504,People's Experience Survey,equivalent_identified_not_yet_wired,national_framework,https://www.gov.wales/peoples-experience-framework,"Primary-care patient-experience framework exists, but this builder does not yet pull a practice-level Wales survey feed.",BEECH HOUSE SURGERY LL16 3AY
BERLLAN SURGERY,W91624,LL16 3DL,"24 ABBEY ROAD, DENBIGH",01745 812689,,,,,,,WALES,wales,ods_gp_practice,RO177,PRESCRIBING COST CENTRE,"RO177,RO76",https://directory.spineservices.nhs.uk/ORD/2-0-0/organisations/W91624,2023-08-22,1718,statswales_hlth0426,https://statswales.gov.wales/Download/File?fileName=HLTH0426.zip,202504,People's Experience Survey,equivalent_identified_not_yet_wired,national_framework,https://www.gov.wales/peoples-experience-framework,"Primary-care patient-experience framework exists, but this builder does not yet pull a practice-level Wales survey feed.",BERLLAN SURGERY LL16 3DL
BRONYFFYNNON SURGERY,W91027,LL16 3TF,"24 BRIDGE STREET, DENBIGH",01745 814422,,,,,,,WALES,wales,ods_gp_practice,RO177,PRESCRIBING COST CENTRE,"RO177,RO76",https://directory.spineservices.nhs.uk/ORD/2-0-0/organisations/W91027,2023-08-22,5283,statswales_hlth0426,https://statswales.gov.wales/Download/File?fileName=HLTH0426.zip,202504,People's Experience Survey,equivalent_identified_not_yet_wired,national_framework,https://www.gov.wales/peoples-experience-framework,"Primary-care patient-experience framework exists, but this builder does not yet pull a practice-level Wales survey feed.",BRONYFFYNNON SURGERY LL16 3TF
MIDDLE LANE SURGERY,W91057,LL16 3UW,"MIDDLE LANE, DENBIGH",01745 816481,,,,,,,WALES,wales,ods_gp_practice,RO177,PRESCRIBING COST CENTRE,"RO177,RO76",https://directory.spineservices.nhs.uk/ORD/2-0-0/organisations/W91057,2023-08-22,3622,statswales_hlth0426,https://statswales.gov.wales/Download/File?fileName=HLTH0426.zip,202504,People's Experience Survey,equivalent_identified_not_yet_wired,national_framework,https://www.gov.wales/peoples-experience-framework,"Primary-care patient-experience framework exists, but this builder does not yet pull a practice-level Wales survey feed.",MIDDLE LANE SURGERY LL16 3UW
PEN Y BONT SURGERY,W91023,LL17 0LU,"THE ROE, ST. ASAPH",01745 583208,,,,,,,WALES,wales,ods_gp_practice,RO177,PRESCRIBING COST CENTRE,"RO177,RO76",https://directory.spineservices.nhs.uk/ORD/2-0-0/organisations/W91023,2023-08-22,4981,statswales_hlth0426,https://statswales.gov.wales/Download/File?fileName=HLTH0426.zip,202504,People's Experience Survey,equivalent_identified_not_yet_wired,national_framework,https://www.gov.wales/peoples-experience-framework,"Primary-care patient-experience framework exists, but this builder does not yet pull a practice-level Wales survey feed.",PEN Y BONT SURGERY LL17 0LU
CLARENCE MEDICAL CENTRE,W91003,LL18 1DA,"WEST RHYL PRIMARY CARE CENTRE, WEST KINMEL STREET, RHYL",01745 350680,,,,,,,WALES,wales,ods_gp_practice,RO177,PRESCRIBING COST CENTRE,"RO177,RO76",https://directory.spineservices.nhs.uk/ORD/2-0-0/organisations/W91003,2023-08-22,17513,statswales_hlth0426,https://statswales.gov.wales/Download/File?fileName=HLTH0426.zip,202504,People's Experience Survey,equivalent_identified_not_yet_wired,national_framework,https://www.gov.wales/peoples-experience-framework,"Primary-care patient-experience framework exists, but this builder does not yet pull a practice-level Wales survey feed.",CLARENCE MEDICAL CENTRE LL18 1DA
LAKESIDE MEDICAL CENTRE,W91615,LL18 1LR,"203 WELLINGTON ROAD, RHYL",01745 344680,,,,,,,WALES,wales,ods_gp_practice,RO177,PRESCRIBING COST CENTRE,"RO177,RO76",https://directory.spineservices.nhs.uk/ORD/2-0-0/organisations/W91615,2023-08-22,2032,statswales_hlth0426,https://statswales.gov.wales/Download/File?fileName=HLTH0426.zip,202504,People's Experience Survey,equivalent_identified_not_yet_wired,national_framework,https://www.gov.wales/peoples-experience-framework,"Primary-care patient-experience framework exists, but this builder does not yet pull a practice-level Wales survey feed.",LAKESIDE MEDICAL CENTRE LL18 1LR
KINGS HOUSE SURGERY,W91622,LL18 1LT,"KINGS AVENUE, RHYL",01745 344189,,,,,,,WALES,wales,ods_gp_practice,RO177,PRESCRIBING COST CENTRE,"RO177,RO76",https://directory.spineservices.nhs.uk/ORD/2-0-0/organisations/W91622,2023-08-22,8098,statswales_hlth0426,https://statswales.gov.wales/Download/File?fileName=HLTH0426.zip,202504,People's Experience Survey,equivalent_identified_not_yet_wired,national_framework,https://www.gov.wales/peoples-experience-framework,"Primary-care patient-experience framework exists, but this builder does not yet pull a practice-level Wales survey feed.",KINGS HOUSE SURGERY LL18 1LT
MADRYN HOUSE SURGERY,W91053,LL18 4RS,"6 MADRYN AVENUE, RHYL",01745 342225,,,,,,,WALES,wales,ods_gp_practice,RO177,PRESCRIBING COST CENTRE,"RO177,RO76",https://directory.spineservices.nhs.uk/ORD/2-0-0/organisations/W91053,2023-08-22,6990,statswales_hlth0426,https://statswales.gov.wales/Download/File?fileName=HLTH0426.zip,202504,People's Experience Survey,equivalent_identified_not_yet_wired,national_framework,https://www.gov.wales/peoples-experience-framework,"Primary-care patient-experience framework exists, but this builder does not yet pull a practice-level Wales survey feed.",MADRYN HOUSE SURGERY LL18 4RS
KINMEL BAY MEDICAL CENTRE,W91014,LL18 5AU,"THE SQUARE, RHYL",01745 353965,,,,,,,WALES,wales,ods_gp_practice,RO177,PRESCRIBING COST CENTRE,"RO177,RO76",https://directory.spineservices.nhs.uk/ORD/2-0-0/organisations/W91014,2023-08-22,6401,statswales_hlth0426,https://statswales.gov.wales/Download/File?fileName=HLTH0426.zip,202504,People's Experience Survey,equivalent_identified_not_yet_wired,national_framework,https://www.gov.wales/peoples-experience-framework,"Primary-care patient-experience framework exists, but this builder does not yet pull a practice-level Wales survey feed.",KINMEL BAY MEDICAL CENTRE LL18 5AU
SEABANK SURGERY,W91632,LL19 7UN,"4-6 RHODFA WYN, TOWER GAR, PRESTATYN",01745 852775,,,,,,,WALES,wales,ods_gp_practice,RO177,PRESCRIBING COST CENTRE,"RO177,RO76",https://directory.spineservices.nhs.uk/ORD/2-0-0/organisations/W91632,2023-08-22,,statswales_hlth0426,https://statswales.gov.wales/Download/File?fileName=HLTH0426.zip,202504,People's Experience Survey,equivalent_identified_not_yet_wired,national_framework,https://www.gov.wales/peoples-experience-framework,"Primary-care patient-experience framework exists, but this builder does not yet pull a practice-level Wales survey feed.",SEABANK SURGERY LL19 7UN
HEALTHY PRESTATYN,W91009,LL19 9LG,"RHUDDLAN IACH TY NANT, NANT HALL ROAD, PRESTATYN",03000 850001,,,,,,,WALES,wales,ods_gp_practice,RO177,PRESCRIBING COST CENTRE,"RO177,RO76",https://directory.spineservices.nhs.uk/ORD/2-0-0/organisations/W91009,2025-04-24,18214,statswales_hlth0426,https://statswales.gov.wales/Download/File?fileName=HLTH0426.zip,202504,People's Experience Survey,equivalent_identified_not_yet_wired,national_framework,https://www.gov.wales/peoples-experience-framework,"Primary-care patient-experience framework exists, but this builder does not yet pull a practice-level Wales survey feed.",HEALTHY PRESTATYN LL19 9LG
UPCC AT HEALTHY PRESTATYN,W00190,LL19 9LG,"TY NANT, NANT HALL ROAD, PRESTATYN",03000 850001,,,,,,,WALES,wales,ods_gp_practice,RO177,PRESCRIBING COST CENTRE,"RO177,RO76",https://directory.spineservices.nhs.uk/ORD/2-0-0/organisations/W00190,2023-08-22,,statswales_hlth0426,https://statswales.gov.wales/Download/File?fileName=HLTH0426.zip,202504,People's Experience Survey,equivalent_identified_not_yet_wired,national_framework,https://www.gov.wales/peoples-experience-framework,"Primary-care patient-experience framework exists, but this builder does not yet pull a practice-level Wales survey feed.",UPCC AT HEALTHY PRESTATYN LL19 9LG
PARK HOUSE SURGERY,W91028,LL19 9LN,"26 NANT HALL ROAD, PRESTATYN",01745 854496,,,,,,,WALES,wales,ods_gp_practice,RO177,PRESCRIBING COST CENTRE,"RO177,RO76",https://directory.spineservices.nhs.uk/ORD/2-0-0/organisations/W91028,2023-08-22,9029,statswales_hlth0426,https://statswales.gov.wales/Download/File?fileName=HLTH0426.zip,202504,People's Experience Survey,equivalent_identified_not_yet_wired,national_framework,https://www.gov.wales/peoples-experience-framework,"Primary-care patient-experience framework exists, but this builder does not yet pull a practice-level Wales survey feed.",PARK HOUSE SURGERY LL19 9LN
CANOLFAN IECHYD,W91010,LL20 8RZ,"LLANGOLLEN HEALTH CENTRE, BISHOPS WALK, LLANGOLLEN",01978 860625,,,,,,,WALES,wales,ods_gp_practice,RO177,PRESCRIBING COST CENTRE,"RO177,RO76",https://directory.spineservices.nhs.uk/ORD/2-0-0/organisations/W91010,2023-08-22,9576,statswales_hlth0426,https://statswales.gov.wales/Download/File?fileName=HLTH0426.zip,202504,People's Experience Survey,equivalent_identified_not_yet_wired,national_framework,https://www.gov.wales/peoples-experience-framework,"Primary-care patient-experience framework exists, but this builder does not yet pull a practice-level Wales survey feed.",CANOLFAN IECHYD LL20 8RZ
THE HEALTH CENTRE,W91047,LL21 0DN,"CORWEN FAMILY PRACTICE, GREEN LANE, CORWEN",03000 859355,,,,,,,WALES,wales,ods_gp_practice,RO177,PRESCRIBING COST CENTRE,"RO177,RO76",https://directory.spineservices.nhs.uk/ORD/2-0-0/organisations/W91047,2023-08-22,4031,statswales_hlth0426,https://statswales.gov.wales/Download/File?fileName=HLTH0426.zip,202504,People's Experience Survey,equivalent_identified_not_yet_wired,national_framework,https://www.gov.wales/peoples-experience-framework,"Primary-care patient-experience framework exists, but this builder does not yet pull a practice-level Wales survey feed.",THE HEALTH CENTRE LL21 0DN
UWCHALED MEDICAL PRACTICE,W00065,LL21 9UB,"MEDDYGFA, CERRIGYDRUDION, CORWEN",01490 420210,,,,,,,WALES,wales,ods_gp_practice,RO177,PRESCRIBING COST CENTRE,"RO177,RO76",https://directory.spineservices.nhs.uk/ORD/2-0-0/organisations/W00065,2023-08-22,2313,statswales_hlth0426,https://statswales.gov.wales/Download/File?fileName=HLTH0426.zip,202504,People's Experience Survey,equivalent_identified_not_yet_wired,national_framework,https://www.gov.wales/peoples-experience-framework,"Primary-care patient-experience framework exists, but this builder does not yet pull a practice-level Wales survey feed.",UWCHALED MEDICAL PRACTICE LL21 9UB
GWRYCH MEDICAL CENTRE,W91038,LL22 8LJ,"NORTH WALES BUSINESS PARK, CAE EITHIN, ABERGELE",01745 824111,,,,,,,WALES,wales,ods_gp_practice,RO177,PRESCRIBING COST CENTRE,"RO177,RO76",https://directory.spineservices.nhs.uk/ORD/2-0-0/organisations/W91038,2025-12-02,16519,statswales_hlth0426,https://statswales.gov.wales/Download/File?fileName=HLTH0426.zip,202504,People's Experience Survey,equivalent_identified_not_yet_wired,national_framework,https://www.gov.wales/peoples-experience-framework,"Primary-care patient-experience framework exists, but this builder does not yet pull a practice-level Wales survey feed.",GWRYCH MEDICAL CENTRE LL22 8LJ
MEDDYGFA,W94035,LL23 7BA,"HAFAN CLINIC, BALA",01678 520308,,,,,,,WALES,wales,ods_gp_practice,RO177,PRESCRIBING COST CENTRE,"RO177,RO76",https://directory.spineservices.nhs.uk/ORD/2-0-0/organisations/W94035,2023-08-22,4570,statswales_hlth0426,https://statswales.gov.wales/Download/File?fileName=HLTH0426.zip,202504,People's Experience Survey,equivalent_identified_not_yet_wired,national_framework,https://www.gov.wales/peoples-experience-framework,"Primary-care patient-experience framework exists, but this builder does not yet pull a practice-level Wales survey feed.",MEDDYGFA LL23 7BA
MEDDYGFA,W94005,LL24 0BP,"MEDDYGFA BETWS Y COED, FFORDD GETHIN, BETWS-Y-COED",01690 710205,,,,,,,WALES,wales,ods_gp_practice,RO177,PRESCRIBING COST CENTRE,"RO177,RO76",https://directory.spineservices.nhs.uk/ORD/2-0-0/organisations/W94005,2023-08-22,2759,statswales_hlth0426,https://statswales.gov.wales/Download/File?fileName=HLTH0426.zip,202504,People's Experience Survey,equivalent_identified_not_yet_wired,national_framework,https://www.gov.wales/peoples-experience-framework,"Primary-care patient-experience framework exists, but this builder does not yet pull a practice-level Wales survey feed.",MEDDYGFA LL24 0BP
MEDDYGFA GWYDIR,W94024,LL26 0AR,"SCHOOL BANK ROAD, LLANRWST",01492 640411,,,,,,,WALES,wales,ods_gp_practice,RO177,PRESCRIBING COST CENTRE,"RO177,RO76",https://directory.spineservices.nhs.uk/ORD/2-0-0/organisations/W94024,2023-08-22,5572,statswales_hlth0426,https://statswales.gov.wales/Download/File?fileName=HLTH0426.zip,202504,People's Experience Survey,equivalent_identified_not_yet_wired,national_framework,https://www.gov.wales/peoples-experience-framework,"Primary-care patient-experience framework exists, but this builder does not yet pull a practice-level Wales survey feed.",MEDDYGFA GWYDIR LL26 0AR
WEST END MEDICAL CENTRE,W91048,LL29 7LS,"CONWAY ROAD, COLWYN BAY",01492 550969,,,,,,,WALES,wales,ods_gp_practice,RO177,PRESCRIBING COST CENTRE,"RO177,RO76",https://directory.spineservices.nhs.uk/ORD/2-0-0/organisations/W91048,2025-12-02,17558,statswales_hlth0426,https://statswales.gov.wales/Download/File?fileName=HLTH0426.zip,202504,People's Experience Survey,equivalent_identified_not_yet_wired,national_framework,https://www.gov.wales/peoples-experience-framework,"Primary-care patient-experience framework exists, but this builder does not yet pull a practice-level Wales survey feed.",WEST END MEDICAL CENTRE LL29 7LS
CADWGAN SURGERY,W91007,LL29 9NP,"11 BODELWYDDAN AVENUE, OLD COLWYN, COLWYN BAY",01492 515787,,,,,,,WALES,wales,ods_gp_practice,RO177,PRESCRIBING COST CENTRE,"RO177,RO76",https://directory.spineservices.nhs.uk/ORD/2-0-0/organisations/W91007,2024-04-17,11782,statswales_hlth0426,https://statswales.gov.wales/Download/File?fileName=HLTH0426.zip,202504,People's Experience Survey,equivalent_identified_not_yet_wired,national_framework,https://www.gov.wales/peoples-experience-framework,"Primary-care patient-experience framework exists, but this builder does not yet pull a practice-level Wales survey feed.",CADWGAN SURGERY LL29 9NP
CRAIG Y DON MEDICAL PRACTICE,W94019,LL30 1TA,"CLARENCE ROAD, CRAIG Y DON, LLANDUDNO",01492 864540,,,,,,,WALES,wales,ods_gp_practice,RO177,PRESCRIBING COST CENTRE,"RO177,RO76",https://directory.spineservices.nhs.uk/ORD/2-0-0/organisations/W94019,2023-08-22,11691,statswales_hlth0426,https://statswales.gov.wales/Download/File?fileName=HLTH0426.zip,202504,People's Experience Survey,equivalent_identified_not_yet_wired,national_framework,https://www.gov.wales/peoples-experience-framework,"Primary-care patient-experience framework exists, but this builder does not yet pull a practice-level Wales survey feed.",CRAIG Y DON MEDICAL PRACTICE LL30 1TA
MOSTYN HOUSE MEDICAL PRACTICE,W94001,LL30 1YL,"MOSTYN BROADWAY, LLANDUDNO",01492 860401,,,,,,,WALES,wales,ods_gp_practice,RO177,PRESCRIBING COST CENTRE,"RO177,RO76",https://directory.spineservices.nhs.uk/ORD/2-0-0/organisations/W94001,2023-08-22,10167,statswales_hlth0426,https://statswales.gov.wales/Download/File?fileName=HLTH0426.zip,202504,People's Experience Survey,equivalent_identified_not_yet_wired,national_framework,https://www.gov.wales/peoples-experience-framework,"Primary-care patient-experience framework exists, but this builder does not yet pull a practice-level Wales survey feed.",MOSTYN HOUSE MEDICAL PRACTICE LL30 1YL
WEST SHORE SURGERY,W94622,LL30 2BL,"9 BRYNIAU ROAD, LLANDUDNO",01492 872915,,,,,,,WALES,wales,ods_gp_practice,RO177,PRESCRIBING COST CENTRE,"RO177,RO76",https://directory.spineservices.nhs.uk/ORD/2-0-0/organisations/W94622,2023-08-22,2047,statswales_hlth0426,https://statswales.gov.wales/Download/File?fileName=HLTH0426.zip,202504,People's Experience Survey,equivalent_identified_not_yet_wired,national_framework,https://www.gov.wales/peoples-experience-framework,"Primary-care patient-experience framework exists, but this builder does not yet pull a practice-level Wales survey feed.",WEST SHORE SURGERY LL30 2BL
THE MEDICAL CENTRE,W94018,LL30 3EU,"PENRHYN BAY SURGERY, PLAS PENRHYN, LLANDUDNO",01492 550430,,,,,,,WALES,wales,ods_gp_practice,RO177,PRESCRIBING COST CENTRE,"RO177,RO76",https://directory.spineservices.nhs.uk/ORD/2-0-0/organisations/W94018,2023-08-22,6397,statswales_hlth0426,https://statswales.gov.wales/Download/File?fileName=HLTH0426.zip,202504,People's Experience Survey,equivalent_identified_not_yet_wired,national_framework,https://www.gov.wales/peoples-experience-framework,"Primary-care patient-experience framework exists, but this builder does not yet pull a practice-level Wales survey feed.",THE MEDICAL CENTRE LL30 3EU
MEDDYG CARE,W94020,LL31 9NS,"MEDDYG CARE LONFA, GLYN Y MARL ROAD, LLANDUDNO JUNCTION",01492 581172,,,,,,,WALES,wales,ods_gp_practice,RO177,PRESCRIBING COST CENTRE,"RO177,RO76",https://directory.spineservices.nhs.uk/ORD/2-0-0/organisations/W94020,2023-08-22,2410,statswales_hlth0426,https://statswales.gov.wales/Download/File?fileName=HLTH0426.zip,202504,People's Experience Survey,equivalent_identified_not_yet_wired,national_framework,https://www.gov.wales/peoples-experience-framework,"Primary-care patient-experience framework exists, but this builder does not yet pull a practice-level Wales survey feed.",MEDDYG CARE LL31 9NS
BODREINALLT,W94031,LL32 8AT,"BODREINALLT SURGERY, CASTLE STREET, CONWY",01492 593385,,,,,,,WALES,wales,ods_gp_practice,RO177,PRESCRIBING COST CENTRE,"RO177,RO76",https://directory.spineservices.nhs.uk/ORD/2-0-0/organisations/W94031,2023-08-22,6874,statswales_hlth0426,https://statswales.gov.wales/Download/File?fileName=HLTH0426.zip,202504,People's Experience Survey,equivalent_identified_not_yet_wired,national_framework,https://www.gov.wales/peoples-experience-framework,"Primary-care patient-experience framework exists, but this builder does not yet pull a practice-level Wales survey feed.",BODREINALLT LL32 8AT
LLYS MEDDYG,W94016,LL32 8LT,"GYFFIN SURGERY, WOODLANDS, CONWY",01492 592424,,,,,,,WALES,wales,ods_gp_practice,RO177,PRESCRIBING COST CENTRE,"RO177,RO76",https://directory.spineservices.nhs.uk/ORD/2-0-0/organisations/W94016,2025-12-05,6561,statswales_hlth0426,https://statswales.gov.wales/Download/File?fileName=HLTH0426.zip,202504,People's Experience Survey,equivalent_identified_not_yet_wired,national_framework,https://www.gov.wales/peoples-experience-framework,"Primary-care patient-experience framework exists, but this builder does not yet pull a practice-level Wales survey feed.",LLYS MEDDYG LL32 8LT
PLAS MENAI SURGERY,W94003,LL33 0PE,"PENMAENMAWR ROAD, LLANFAIRFECHAN",01248 680021,,,,,,,WALES,wales,ods_gp_practice,RO177,PRESCRIBING COST CENTRE,"RO177,RO76",https://directory.spineservices.nhs.uk/ORD/2-0-0/organisations/W94003,2023-08-22,7383,statswales_hlth0426,https://statswales.gov.wales/Download/File?fileName=HLTH0426.zip,202504,People's Experience Survey,equivalent_identified_not_yet_wired,national_framework,https://www.gov.wales/peoples-experience-framework,"Primary-care patient-experience framework exists, but this builder does not yet pull a practice-level Wales survey feed.",PLAS MENAI SURGERY LL33 0PE
TYWYN HEALTH,W94007,LL36 9HL,"TYWYN HEALTH CENTRE, ABERDOVEY ROAD, TYWYN",01654 713000,,,,,,,WALES,wales,ods_gp_practice,RO177,PRESCRIBING COST CENTRE,"RO177,RO76",https://directory.spineservices.nhs.uk/ORD/2-0-0/organisations/W94007,2023-08-22,5351,statswales_hlth0426,https://statswales.gov.wales/Download/File?fileName=HLTH0426.zip,202504,People's Experience Survey,equivalent_identified_not_yet_wired,national_framework,https://www.gov.wales/peoples-experience-framework,"Primary-care patient-experience framework exists, but this builder does not yet pull a practice-level Wales survey feed.",TYWYN HEALTH LL36 9HL
THE SURGERY,W94036,LL40 1LY,"SPRINGFIELD STREET, DOLGELLAU",01341 422431,,,,,,,WALES,wales,ods_gp_practice,RO177,PRESCRIBING COST CENTRE,"RO177,RO76",https://directory.spineservices.nhs.uk/ORD/2-0-0/organisations/W94036,2023-08-22,4878,statswales_hlth0426,https://statswales.gov.wales/Download/File?fileName=HLTH0426.zip,202504,People's Experience Survey,equivalent_identified_not_yet_wired,national_framework,https://www.gov.wales/peoples-experience-framework,"Primary-care patient-experience framework exists, but this builder does not yet pull a practice-level Wales survey feed.",THE SURGERY LL40 1LY
HEALTH SERVICES CENTRE,W94004,LL41 3DW,"CANOLFAN GOFFA FFESTINIOG, WYNNE ROAD, BLAENAU FFESTINIOG",0300 0850004,,,,,,,WALES,wales,ods_gp_practice,RO177,PRESCRIBING COST CENTRE,"RO177,RO76",https://directory.spineservices.nhs.uk/ORD/2-0-0/organisations/W94004,2023-08-22,4860,statswales_hlth0426,https://statswales.gov.wales/Download/File?fileName=HLTH0426.zip,202504,People's Experience Survey,equivalent_identified_not_yet_wired,national_framework,https://www.gov.wales/peoples-experience-framework,"Primary-care patient-experience framework exists, but this builder does not yet pull a practice-level Wales survey feed.",HEALTH SERVICES CENTRE LL41 3DW
MINFOR SURGERY,W94008,LL42 1PL,"PARK ROAD, BARMOUTH",01341 280521,,,,,,,WALES,wales,ods_gp_practice,RO177,PRESCRIBING COST CENTRE,"RO177,RO76",https://directory.spineservices.nhs.uk/ORD/2-0-0/organisations/W94008,2023-08-22,4099,statswales_hlth0426,https://statswales.gov.wales/Download/File?fileName=HLTH0426.zip,202504,People's Experience Survey,equivalent_identified_not_yet_wired,national_framework,https://www.gov.wales/peoples-experience-framework,"Primary-care patient-experience framework exists, but this builder does not yet pull a practice-level Wales survey feed.",MINFOR SURGERY LL42 1PL
BRONMEIRION,W94032,LL48 6AL,"CASTLE STREET, PENRHYNDEUDRAETH",0844 4772493,,,,,,,WALES,wales,ods_gp_practice,RO177,PRESCRIBING COST CENTRE,"RO177,RO76",https://directory.spineservices.nhs.uk/ORD/2-0-0/organisations/W94032,2023-08-22,7821,statswales_hlth0426,https://statswales.gov.wales/Download/File?fileName=HLTH0426.zip,202504,People's Experience Survey,equivalent_identified_not_yet_wired,national_framework,https://www.gov.wales/peoples-experience-framework,"Primary-care patient-experience framework exists, but this builder does not yet pull a practice-level Wales survey feed.",BRONMEIRION LL48 6AL
UPCC AT YSBYTY ALLTWEN,W00192,LL49 9AQ,"TREMADOG, PORTHMADOG",03000 852342,,,,,,,WALES,wales,ods_gp_practice,RO177,PRESCRIBING COST CENTRE,"RO177,RO76",https://directory.spineservices.nhs.uk/ORD/2-0-0/organisations/W00192,2023-08-22,,statswales_hlth0426,https://statswales.gov.wales/Download/File?fileName=HLTH0426.zip,202504,People's Experience Survey,equivalent_identified_not_yet_wired,national_framework,https://www.gov.wales/peoples-experience-framework,"Primary-care patient-experience framework exists, but this builder does not yet pull a practice-level Wales survey feed.",UPCC AT YSBYTY ALLTWEN LL49 9AQ
MEDDYG CARE,W94612,LL49 9NU,"PORTHMADOG HEALTH CENTRE, PORTHMADOG",01766 514207,,,,,,,WALES,wales,ods_gp_practice,RO177,PRESCRIBING COST CENTRE,"RO177,RO76",https://directory.spineservices.nhs.uk/ORD/2-0-0/organisations/W94612,2023-08-22,,statswales_hlth0426,https://statswales.gov.wales/Download/File?fileName=HLTH0426.zip,202504,People's Experience Survey,equivalent_identified_not_yet_wired,national_framework,https://www.gov.wales/peoples-experience-framework,"Primary-care patient-experience framework exists, but this builder does not yet pull a practice-level Wales survey feed.",MEDDYG CARE LL49 9NU
THE HEALTH CENTRE,W94021,LL52 0RR,"HWB IECHYD EIFIONYDD, PWLLHELI ROAD, CRICCIETH",01766 800550,,,,,,,WALES,wales,ods_gp_practice,RO177,PRESCRIBING COST CENTRE,"RO177,RO76",https://directory.spineservices.nhs.uk/ORD/2-0-0/organisations/W94021,2025-02-24,7572,statswales_hlth0426,https://statswales.gov.wales/Download/File?fileName=HLTH0426.zip,202504,People's Experience Survey,equivalent_identified_not_yet_wired,national_framework,https://www.gov.wales/peoples-experience-framework,"Primary-care patient-experience framework exists, but this builder does not yet pull a practice-level Wales survey feed.",THE HEALTH CENTRE LL52 0RR
TREFLAN,W94011,LL53 5NF,"LOWER CARDIFF ROAD, PWLLHELI",01758 701458,,,,,,,WALES,wales,ods_gp_practice,RO177,PRESCRIBING COST CENTRE,"RO177,RO76",https://directory.spineservices.nhs.uk/ORD/2-0-0/organisations/W94011,2023-08-22,7174,statswales_hlth0426,https://statswales.gov.wales/Download/File?fileName=HLTH0426.zip,202504,People's Experience Survey,equivalent_identified_not_yet_wired,national_framework,https://www.gov.wales/peoples-experience-framework,"Primary-care patient-experience framework exists, but this builder does not yet pull a practice-level Wales survey feed.",TREFLAN LL53 5NF
TY DOCTOR ISFRYN,W94037,LL53 6EG,"TY DOCTOR, FFORDD DEWI SANT, PWLLHELI",01758 721851,,,,,,,WALES,wales,ods_gp_practice,RO177,PRESCRIBING COST CENTRE,"RO177,RO76",https://directory.spineservices.nhs.uk/ORD/2-0-0/organisations/W94037,2023-08-22,6036,statswales_hlth0426,https://statswales.gov.wales/Download/File?fileName=HLTH0426.zip,202504,People's Experience Survey,equivalent_identified_not_yet_wired,national_framework,https://www.gov.wales/peoples-experience-framework,"Primary-care patient-experience framework exists, but this builder does not yet pull a practice-level Wales survey feed.",TY DOCTOR ISFRYN LL53 6EG
THE PHARMACY,W00206,LL53 7TH,"LLANBEDROG, PWLLHELI",,,,,,,,WALES,wales,ods_gp_practice,RO177,PRESCRIBING COST CENTRE,"RO177,RO76",https://directory.spineservices.nhs.uk/ORD/2-0-0/organisations/W00206,2025-05-28,,statswales_hlth0426,https://statswales.gov.wales/Download/File?fileName=HLTH0426.zip,202504,People's Experience Survey,equivalent_identified_not_yet_wired,national_framework,https://www.gov.wales/peoples-experience-framework,"Primary-care patient-experience framework exists, but this builder does not yet pull a practice-level Wales survey feed.",THE PHARMACY LL53 7TH
MEDDYGFA RHYDBACH,W94025,LL53 8RE,"BOTWNNOG, PWLLHELI",01758 730266,,,,,,,WALES,wales,ods_gp_practice,RO177,PRESCRIBING COST CENTRE,"RO177,RO76",https://directory.spineservices.nhs.uk/ORD/2-0-0/organisations/W94025,2023-08-22,4189,statswales_hlth0426,https://statswales.gov.wales/Download/File?fileName=HLTH0426.zip,202504,People's Experience Survey,equivalent_identified_not_yet_wired,national_framework,https://www.gov.wales/peoples-experience-framework,"Primary-care patient-experience framework exists, but this builder does not yet pull a practice-level Wales survey feed.",MEDDYGFA RHYDBACH LL53 8RE
CORWEN HOUSE,W94609,LL54 6NN,"MARKET PLACE, PENYGROES, CAERNARFON",01286 880336,,,,,,,WALES,wales,ods_gp_practice,RO177,PRESCRIBING COST CENTRE,"RO177,RO76",https://directory.spineservices.nhs.uk/ORD/2-0-0/organisations/W94609,2023-08-22,6921,statswales_hlth0426,https://statswales.gov.wales/Download/File?fileName=HLTH0426.zip,202504,People's Experience Survey,equivalent_identified_not_yet_wired,national_framework,https://www.gov.wales/peoples-experience-framework,"Primary-care patient-experience framework exists, but this builder does not yet pull a practice-level Wales survey feed.",CORWEN HOUSE LL54 6NN
PRIMARY CARE CS,W00209,LL55 1HU,"ERYLDON, CAMPBELL ROAD, CAERNARFON",03000 852345,,,,,,,WALES,wales,ods_gp_practice,RO177,PRESCRIBING COST CENTRE,"RO177,RO76",https://directory.spineservices.nhs.uk/ORD/2-0-0/organisations/W00209,2026-03-12,,statswales_hlth0426,https://statswales.gov.wales/Download/File?fileName=HLTH0426.zip,202504,People's Experience Survey,equivalent_identified_not_yet_wired,national_framework,https://www.gov.wales/peoples-experience-framework,"Primary-care patient-experience framework exists, but this builder does not yet pull a practice-level Wales survey feed.",PRIMARY CARE CS LL55 1HU
MEDDYGFA HAFAN,W94030,LL55 1TH,"DOC FICTORIA, CAERNARFON",01286 684100,,,,,,,WALES,wales,ods_gp_practice,RO177,PRESCRIBING COST CENTRE,"RO177,RO76",https://directory.spineservices.nhs.uk/ORD/2-0-0/organisations/W94030,2023-08-22,13353,statswales_hlth0426,https://statswales.gov.wales/Download/File?fileName=HLTH0426.zip,202504,People's Experience Survey,equivalent_identified_not_yet_wired,national_framework,https://www.gov.wales/peoples-experience-framework,"Primary-care patient-experience framework exists, but this builder does not yet pull a practice-level Wales survey feed.",MEDDYGFA HAFAN LL55 1TH
THE SURGERY,W94017,LL55 4SU,"LLANBERIS SURGERY, HIGH STREET, CAERNARFON",01286 870634,,,,,,,WALES,wales,ods_gp_practice,RO177,PRESCRIBING COST CENTRE,"RO177,RO76",https://directory.spineservices.nhs.uk/ORD/2-0-0/organisations/W94017,2023-08-22,5710,statswales_hlth0426,https://statswales.gov.wales/Download/File?fileName=HLTH0426.zip,202504,People's Experience Survey,equivalent_identified_not_yet_wired,national_framework,https://www.gov.wales/peoples-experience-framework,"Primary-care patient-experience framework exists, but this builder does not yet pull a practice-level Wales survey feed.",THE SURGERY LL55 4SU
LIVERPOOL HOUSE,W94039,LL55 4YY,"WAUNFAWR, CAERNARFON",01286 650223,,,,,,,WALES,wales,ods_gp_practice,RO177,PRESCRIBING COST CENTRE,"RO177,RO76",https://directory.spineservices.nhs.uk/ORD/2-0-0/organisations/W94039,2023-08-22,5960,statswales_hlth0426,https://statswales.gov.wales/Download/File?fileName=HLTH0426.zip,202504,People's Experience Survey,equivalent_identified_not_yet_wired,national_framework,https://www.gov.wales/peoples-experience-framework,"Primary-care patient-experience framework exists, but this builder does not yet pull a practice-level Wales survey feed.",LIVERPOOL HOUSE LL55 4YY
FELINHELI&PORTHAETHWY SU,W94027,LL56 4RX,"ROWEN, Y FELINHELI",01248 670423,,,,,,,WALES,wales,ods_gp_practice,RO177,PRESCRIBING COST CENTRE,"RO177,RO76",https://directory.spineservices.nhs.uk/ORD/2-0-0/organisations/W94027,2023-08-22,6674,statswales_hlth0426,https://statswales.gov.wales/Download/File?fileName=HLTH0426.zip,202504,People's Experience Survey,equivalent_identified_not_yet_wired,national_framework,https://www.gov.wales/peoples-experience-framework,"Primary-care patient-experience framework exists, but this builder does not yet pull a practice-level Wales survey feed.",FELINHELI&PORTHAETHWY SU LL56 4RX
BRON DERW MEDICAL CENTRE,W94034,LL57 1AH,"GLYNNE ROAD, BANGOR",01248 370900,,,,,,,WALES,wales,ods_gp_practice,RO177,PRESCRIBING COST CENTRE,"RO177,RO76",https://directory.spineservices.nhs.uk/ORD/2-0-0/organisations/W94034,2023-08-22,9710,statswales_hlth0426,https://statswales.gov.wales/Download/File?fileName=HLTH0426.zip,202504,People's Experience Survey,equivalent_identified_not_yet_wired,national_framework,https://www.gov.wales/peoples-experience-framework,"Primary-care patient-experience framework exists, but this builder does not yet pull a practice-level Wales survey feed.",BRON DERW MEDICAL CENTRE LL57 1AH
GLANFA,W94040,LL57 1AY,"ORME ROAD, BANGOR",01248 370540,,,,,,,WALES,wales,ods_gp_practice,RO177,PRESCRIBING COST CENTRE,"RO177,RO76",https://directory.spineservices.nhs.uk/ORD/2-0-0/organisations/W94040,2023-08-22,,statswales_hlth0426,https://statswales.gov.wales/Download/File?fileName=HLTH0426.zip,202504,People's Experience Survey,equivalent_identified_not_yet_wired,national_framework,https://www.gov.wales/peoples-experience-framework,"Primary-care patient-experience framework exists, but this builder does not yet pull a practice-level Wales survey feed.",GLANFA LL57 1AY
BODNANT SURGERY,W94010,LL57 2HH,"MENAI AVENUE, BANGOR",01248 364492,,,,,,,WALES,wales,ods_gp_practice,RO177,PRESCRIBING COST CENTRE,"RO177,RO76",https://directory.spineservices.nhs.uk/ORD/2-0-0/organisations/W94010,2023-08-22,11500,statswales_hlth0426,https://statswales.gov.wales/Download/File?fileName=HLTH0426.zip,202504,People's Experience Survey,equivalent_identified_not_yet_wired,national_framework,https://www.gov.wales/peoples-experience-framework,"Primary-care patient-experience framework exists, but this builder does not yet pull a practice-level Wales survey feed.",BODNANT SURGERY LL57 2HH
UPCC AT YSBYTY GWYNEDD,W00191,LL57 2PW,"UPCC AT YSBYTY GWYNEDO, PENRHOSGARNEDD, BANGOR",03000 852342,,,,,,,WALES,wales,ods_gp_practice,RO177,PRESCRIBING COST CENTRE,"RO177,RO76",https://directory.spineservices.nhs.uk/ORD/2-0-0/organisations/W00191,2023-08-22,,statswales_hlth0426,https://statswales.gov.wales/Download/File?fileName=HLTH0426.zip,202504,People's Experience Survey,equivalent_identified_not_yet_wired,national_framework,https://www.gov.wales/peoples-experience-framework,"Primary-care patient-experience framework exists, but this builder does not yet pull a practice-level Wales survey feed.",UPCC AT YSBYTY GWYNEDD LL57 2PW
CANOLFAN FEDDYGOL YR HEN,W94028,LL57 3NE,"STATION ROAD, BETHESDA, BANGOR",01248 600212,,,,,,,WALES,wales,ods_gp_practice,RO177,PRESCRIBING COST CENTRE,"RO177,RO76",https://directory.spineservices.nhs.uk/ORD/2-0-0/organisations/W94028,2023-08-22,7515,statswales_hlth0426,https://statswales.gov.wales/Download/File?fileName=HLTH0426.zip,202504,People's Experience Survey,equivalent_identified_not_yet_wired,national_framework,https://www.gov.wales/peoples-experience-framework,"Primary-care patient-experience framework exists, but this builder does not yet pull a practice-level Wales survey feed.",CANOLFAN FEDDYGOL YR HEN LL57 3NE
THE HEALTH CENTRE,W94009,LL58 8AL,"BEAUMARIS LIBRARY, BEAUMARIS",01248 810818,,,,,,,WALES,wales,ods_gp_practice,RO177,PRESCRIBING COST CENTRE,"RO177,RO76",https://directory.spineservices.nhs.uk/ORD/2-0-0/organisations/W94009,2023-08-22,4502,statswales_hlth0426,https://statswales.gov.wales/Download/File?fileName=HLTH0426.zip,202504,People's Experience Survey,equivalent_identified_not_yet_wired,national_framework,https://www.gov.wales/peoples-experience-framework,"Primary-care patient-experience framework exists, but this builder does not yet pull a practice-level Wales survey feed.",THE HEALTH CENTRE LL58 8AL
MEDDYGFA STAR SURGERY,W94633,LL60 6AH,"STAR, GAERWEN",01248 714533,,,,,,,WALES,wales,ods_gp_practice,RO177,PRESCRIBING COST CENTRE,"RO177,RO76",https://directory.spineservices.nhs.uk/ORD/2-0-0/organisations/W94633,2023-08-22,1408,statswales_hlth0426,https://statswales.gov.wales/Download/File?fileName=HLTH0426.zip,202504,People's Experience Survey,equivalent_identified_not_yet_wired,national_framework,https://www.gov.wales/peoples-experience-framework,"Primary-care patient-experience framework exists, but this builder does not yet pull a practice-level Wales survey feed.",MEDDYGFA STAR SURGERY LL60 6AH
THE HEALTH CENTRE,W94015,LL61 6YD,"DWYRAN, LLANFAIRPWLLGWYNGYLL",01248 714388,,,,,,,WALES,wales,ods_gp_practice,RO177,PRESCRIBING COST CENTRE,"RO177,RO76",https://directory.spineservices.nhs.uk/ORD/2-0-0/organisations/W94015,2023-08-22,8239,statswales_hlth0426,https://statswales.gov.wales/Download/File?fileName=HLTH0426.zip,202504,People's Experience Survey,equivalent_identified_not_yet_wired,national_framework,https://www.gov.wales/peoples-experience-framework,"Primary-care patient-experience framework exists, but this builder does not yet pull a practice-level Wales survey feed.",THE HEALTH CENTRE LL61 6YD
PARC GLAS,W94006,LL62 5NL,"BETHEL, BODORGAN",01407 840294,,,,,,,WALES,wales,ods_gp_practice,RO177,PRESCRIBING COST CENTRE,"RO177,RO76",https://directory.spineservices.nhs.uk/ORD/2-0-0/organisations/W94006,2023-08-22,4807,statswales_hlth0426,https://statswales.gov.wales/Download/File?fileName=HLTH0426.zip,202504,People's Experience Survey,equivalent_identified_not_yet_wired,national_framework,https://www.gov.wales/peoples-experience-framework,"Primary-care patient-experience framework exists, but this builder does not yet pull a practice-level Wales survey feed.",PARC GLAS LL62 5NL
HWB IECHYD CYBI,W94026,LL65 1RA,"UCHELDRE AVENUE, HOLYHEAD",01407 764239,,,,,,,WALES,wales,ods_gp_practice,RO177,PRESCRIBING COST CENTRE,"RO177,RO76",https://directory.spineservices.nhs.uk/ORD/2-0-0/organisations/W94026,2023-08-22,8941,statswales_hlth0426,https://statswales.gov.wales/Download/File?fileName=HLTH0426.zip,202504,People's Experience Survey,equivalent_identified_not_yet_wired,national_framework,https://www.gov.wales/peoples-experience-framework,"Primary-care patient-experience framework exists, but this builder does not yet pull a practice-level Wales survey feed.",HWB IECHYD CYBI LL65 1RA
MEDDYGFA VICTORIA SURGERY,W94038,LL65 1UD,"VICTORIA ROAD, HOLYHEAD",01407 762713,,,,,,,WALES,wales,ods_gp_practice,RO177,PRESCRIBING COST CENTRE,"RO177,RO76",https://directory.spineservices.nhs.uk/ORD/2-0-0/organisations/W94038,2023-08-22,11343,statswales_hlth0426,https://statswales.gov.wales/Download/File?fileName=HLTH0426.zip,202504,People's Experience Survey,equivalent_identified_not_yet_wired,national_framework,https://www.gov.wales/peoples-experience-framework,"Primary-care patient-experience framework exists, but this builder does not yet pull a practice-level Wales survey feed.",MEDDYGFA VICTORIA SURGERY LL65 1UD
UPCC AT YSBYTY PENRHOS ST,W00193,LL65 2QA,"YSBYTY PENRHOS STANLEY, PENRHOS BEACH ROAD, HOLYHEAD",03000 852342,,,,,,,WALES,wales,ods_gp_practice,RO177,PRESCRIBING COST CENTRE,"RO177,RO76",https://directory.spineservices.nhs.uk/ORD/2-0-0/organisations/W00193,2023-08-22,,statswales_hlth0426,https://statswales.gov.wales/Download/File?fileName=HLTH0426.zip,202504,People's Experience Survey,equivalent_identified_not_yet_wired,national_framework,https://www.gov.wales/peoples-experience-framework,"Primary-care patient-experience framework exists, but this builder does not yet pull a practice-level Wales survey feed.",UPCC AT YSBYTY PENRHOS ST LL65 2QA
RIMON THAN MEDICAL FACILI,W00201,LL65 3NY,"VALLEY, HOLYHEAD",01407 606100,,,,,,,WALES,wales,ods_gp_practice,RO177,PRESCRIBING COST CENTRE,"RO177,RO76",https://directory.spineservices.nhs.uk/ORD/2-0-0/organisations/W00201,2023-08-22,,statswales_hlth0426,https://statswales.gov.wales/Download/File?fileName=HLTH0426.zip,202504,People's Experience Survey,equivalent_identified_not_yet_wired,national_framework,https://www.gov.wales/peoples-experience-framework,"Primary-care patient-experience framework exists, but this builder does not yet pull a practice-level Wales survey feed.",RIMON THAN MEDICAL FACILI LL65 3NY
THE SURGERY,W94043,LL65 4RS,"GWALCHMAI, HOLYHEAD",01407 720202,,,,,,,WALES,wales,ods_gp_practice,RO177,PRESCRIBING COST CENTRE,"RO177,RO76",https://directory.spineservices.nhs.uk/ORD/2-0-0/organisations/W94043,2023-08-22,2280,statswales_hlth0426,https://statswales.gov.wales/Download/File?fileName=HLTH0426.zip,202504,People's Experience Survey,equivalent_identified_not_yet_wired,national_framework,https://www.gov.wales/peoples-experience-framework,"Primary-care patient-experience framework exists, but this builder does not yet pull a practice-level Wales survey feed.",THE SURGERY LL65 4RS
CANOLFAN IECHYD AMLWCH,W94002,LL68 9AB,"PARYS ROAD, ANGLESEY, AMLWCH",01407 830235,,,,,,,WALES,wales,ods_gp_practice,RO177,PRESCRIBING COST CENTRE,"RO177,RO76",https://directory.spineservices.nhs.uk/ORD/2-0-0/organisations/W94002,2023-08-22,10056,statswales_hlth0426,https://statswales.gov.wales/Download/File?fileName=HLTH0426.zip,202504,People's Experience Survey,equivalent_identified_not_yet_wired,national_framework,https://www.gov.wales/peoples-experience-framework,"Primary-care patient-experience framework exists, but this builder does not yet pull a practice-level Wales survey feed.",CANOLFAN IECHYD AMLWCH LL68 9AB
GERAFON SURGERY,W94023,LL74 8TF,"MEDDYGFA GERAFON, MIN YR AFON, TYN-Y-GONGL",01248 852122,,,,,,,WALES,wales,ods_gp_practice,RO177,PRESCRIBING COST CENTRE,"RO177,RO76",https://directory.spineservices.nhs.uk/ORD/2-0-0/organisations/W94023,2023-08-22,7114,statswales_hlth0426,https://statswales.gov.wales/Download/File?fileName=HLTH0426.zip,202504,People's Experience Survey,equivalent_identified_not_yet_wired,national_framework,https://www.gov.wales/peoples-experience-framework,"Primary-care patient-experience framework exists, but this builder does not yet pull a practice-level Wales survey feed.",GERAFON SURGERY LL74 8TF
COED Y GLYN SURGERY,W94029,LL77 7DU,"COED Y GLYN, CHURCH STREET, LLANGEFNI",01248 722229,,,,,,,WALES,wales,ods_gp_practice,RO177,PRESCRIBING COST CENTRE,"RO177,RO76",https://directory.spineservices.nhs.uk/ORD/2-0-0/organisations/W94029,2023-08-22,7307,statswales_hlth0426,https://statswales.gov.wales/Download/File?fileName=HLTH0426.zip,202504,People's Experience Survey,equivalent_identified_not_yet_wired,national_framework,https://www.gov.wales/peoples-experience-framework,"Primary-care patient-experience framework exists, but this builder does not yet pull a practice-level Wales survey feed.",COED Y GLYN SURGERY LL77 7DU
THE ROGERSTONE PRACTICE,W93061,NP10 9DU,"CHAPELWOOD PRIMARY CARE CENTRE, WESTERN VALLEY ROAD, NEWPORT",01633 890800,,,,,,,WALES,wales,ods_gp_practice,RO177,PRESCRIBING COST CENTRE,"RO177,RO76",https://directory.spineservices.nhs.uk/ORD/2-0-0/organisations/W93061,2023-08-22,13450,statswales_hlth0426,https://statswales.gov.wales/Download/File?fileName=HLTH0426.zip,202504,People's Experience Survey,equivalent_identified_not_yet_wired,national_framework,https://www.gov.wales/peoples-experience-framework,"Primary-care patient-experience framework exists, but this builder does not yet pull a practice-level Wales survey feed.",THE ROGERSTONE PRACTICE NP10 9DU
NORTH CELYNEN PRACTICE,W93067,NP11 4PQ,"CROWN STREET, CRUMLIN, NEWPORT",01495 246531,,,,,,,WALES,wales,ods_gp_practice,RO177,PRESCRIBING COST CENTRE,"RO177,RO76",https://directory.spineservices.nhs.uk/ORD/2-0-0/organisations/W93067,2023-08-22,9365,statswales_hlth0426,https://statswales.gov.wales/Download/File?fileName=HLTH0426.zip,202504,People's Experience Survey,equivalent_identified_not_yet_wired,national_framework,https://www.gov.wales/peoples-experience-framework,"Primary-care patient-experience framework exists, but this builder does not yet pull a practice-level Wales survey feed.",NORTH CELYNEN PRACTICE NP11 4PQ
ST. LUKE'S SURGERY,W93001,NP11 5GX,"ST LUKES SURGERY, (OFF GWYDDON ROAD), NEWPORT",01495 244205,,,,,,,WALES,wales,ods_gp_practice,RO177,PRESCRIBING COST CENTRE,"RO177,RO76",https://directory.spineservices.nhs.uk/ORD/2-0-0/organisations/W93001,2023-08-22,7754,statswales_hlth0426,https://statswales.gov.wales/Download/File?fileName=HLTH0426.zip,202504,People's Experience Survey,equivalent_identified_not_yet_wired,national_framework,https://www.gov.wales/peoples-experience-framework,"Primary-care patient-experience framework exists, but this builder does not yet pull a practice-level Wales survey feed.",ST. LUKE'S SURGERY NP11 5GX
WELLSPRING MEDICAL CENTRE,W93059,NP11 6BJ,"PARK ROAD, RISCA, NEWPORT",01633 612438,,,,,,,WALES,wales,ods_gp_practice,RO177,PRESCRIBING COST CENTRE,"RO177,RO76",https://directory.spineservices.nhs.uk/ORD/2-0-0/organisations/W93059,2023-08-22,9331,statswales_hlth0426,https://statswales.gov.wales/Download/File?fileName=HLTH0426.zip,202504,People's Experience Survey,equivalent_identified_not_yet_wired,national_framework,https://www.gov.wales/peoples-experience-framework,"Primary-care patient-experience framework exists, but this builder does not yet pull a practice-level Wales survey feed.",WELLSPRING MEDICAL CENTRE NP11 6BJ
RISCA SURGERY,W93064,NP11 6YS,"ST. MARY STREET, RISCA, NEWPORT",01633 613131,,,,,,,WALES,wales,ods_gp_practice,RO177,PRESCRIBING COST CENTRE,"RO177,RO76",https://directory.spineservices.nhs.uk/ORD/2-0-0/organisations/W93064,2023-08-22,12791,statswales_hlth0426,https://statswales.gov.wales/Download/File?fileName=HLTH0426.zip,202504,People's Experience Survey,equivalent_identified_not_yet_wired,national_framework,https://www.gov.wales/peoples-experience-framework,"Primary-care patient-experience framework exists, but this builder does not yet pull a practice-level Wales survey feed.",RISCA SURGERY NP11 6YS
MARKHAM MEDICAL CENTRE,W93010,NP12 0QN,"JAMES STREET, MARKHAM, BLACKWOOD",01495 224134,,,,,,,WALES,wales,ods_gp_practice,RO177,PRESCRIBING COST CENTRE,"RO177,RO76",https://directory.spineservices.nhs.uk/ORD/2-0-0/organisations/W93010,2023-08-22,,statswales_hlth0426,https://statswales.gov.wales/Download/File?fileName=HLTH0426.zip,202504,People's Experience Survey,equivalent_identified_not_yet_wired,national_framework,https://www.gov.wales/peoples-experience-framework,"Primary-care patient-experience framework exists, but this builder does not yet pull a practice-level Wales survey feed.",MARKHAM MEDICAL CENTRE NP12 0QN
BLACKWOOD MEDICAL GROUP,W93011,NP12 2YU,"AVICENNA MEDICAL CENTRE, PONTLLANFRAITH BLACKWOOD, BLACKWOOD",01495 227156,,,,,,,WALES,wales,ods_gp_practice,RO177,PRESCRIBING COST CENTRE,"RO177,RO76",https://directory.spineservices.nhs.uk/ORD/2-0-0/organisations/W93011,2023-08-22,14003,statswales_hlth0426,https://statswales.gov.wales/Download/File?fileName=HLTH0426.zip,202504,People's Experience Survey,equivalent_identified_not_yet_wired,national_framework,https://www.gov.wales/peoples-experience-framework,"Primary-care patient-experience framework exists, but this builder does not yet pull a practice-level Wales survey feed.",BLACKWOOD MEDICAL GROUP NP12 2YU
PONTLLANFRAITH HEALTH CENTRE,W93012,NP12 2YU,"RIVERSIDE MEDICAL PRACTIC, PONTLLANFRAITH HEALTH CENTRE, BLACKWOOD",01495 227131,,,,,,,WALES,wales,ods_gp_practice,RO177,PRESCRIBING COST CENTRE,"RO177,RO76",https://directory.spineservices.nhs.uk/ORD/2-0-0/organisations/W93012,2024-12-19,8622,statswales_hlth0426,https://statswales.gov.wales/Download/File?fileName=HLTH0426.zip,202504,People's Experience Survey,equivalent_identified_not_yet_wired,national_framework,https://www.gov.wales/peoples-experience-framework,"Primary-care patient-experience framework exists, but this builder does not yet pull a practice-level Wales survey feed.",PONTLLANFRAITH HEALTH CENTRE NP12 2YU
SUNNYBANK HEALTH CENTRE,W93014,NP12 3NA,"BRYN ROAD, CEFN FFOREST, BLACKWOOD",01443 875131,,,,,,,WALES,wales,ods_gp_practice,RO177,PRESCRIBING COST CENTRE,"RO177,RO76",https://directory.spineservices.nhs.uk/ORD/2-0-0/organisations/W93014,2023-08-22,5589,statswales_hlth0426,https://statswales.gov.wales/Download/File?fileName=HLTH0426.zip,202504,People's Experience Survey,equivalent_identified_not_yet_wired,national_framework,https://www.gov.wales/peoples-experience-framework,"Primary-care patient-experience framework exists, but this builder does not yet pull a practice-level Wales survey feed.",SUNNYBANK HEALTH CENTRE NP12 3NA
PENGAM HEALTH CENTRE,W93614,NP12 3WA,"GLAN-YR-AFON LANE, FLEUR DE LIS, BLACKWOOD",01443 834672,,,,,,,WALES,wales,ods_gp_practice,RO177,PRESCRIBING COST CENTRE,"RO177,RO76",https://directory.spineservices.nhs.uk/ORD/2-0-0/organisations/W93614,2023-08-22,4702,statswales_hlth0426,https://statswales.gov.wales/Download/File?fileName=HLTH0426.zip,202504,People's Experience Survey,equivalent_identified_not_yet_wired,national_framework,https://www.gov.wales/peoples-experience-framework,"Primary-care patient-experience framework exists, but this builder does not yet pull a practice-level Wales survey feed.",PENGAM HEALTH CENTRE NP12 3WA
ABERTILLERY GROUP,W93075,NP13 1BQ,"THE BRIDGE CENTRE, FOUNDRY BRIDGE, ABERTILLERY",01495 361636,,,,,,,WALES,wales,ods_gp_practice,RO177,PRESCRIBING COST CENTRE,"RO177,RO76",https://directory.spineservices.nhs.uk/ORD/2-0-0/organisations/W93075,2023-08-22,5890,statswales_hlth0426,https://statswales.gov.wales/Download/File?fileName=HLTH0426.zip,202504,People's Experience Survey,equivalent_identified_not_yet_wired,national_framework,https://www.gov.wales/peoples-experience-framework,"Primary-care patient-experience framework exists, but this builder does not yet pull a practice-level Wales survey feed.",ABERTILLERY GROUP NP13 1BQ
CWM CALON,W93007,NP13 1BQ,"THE BRIDGE CENTRE, FOUNDRY BRIDGE, ABERTILLERY",01495 533533,,,,,,,WALES,wales,ods_gp_practice,RO177,PRESCRIBING COST CENTRE,"RO177,RO76",https://directory.spineservices.nhs.uk/ORD/2-0-0/organisations/W93007,2023-08-22,5538,statswales_hlth0426,https://statswales.gov.wales/Download/File?fileName=HLTH0426.zip,202504,People's Experience Survey,equivalent_identified_not_yet_wired,national_framework,https://www.gov.wales/peoples-experience-framework,"Primary-care patient-experience framework exists, but this builder does not yet pull a practice-level Wales survey feed.",CWM CALON NP13 1BQ
SIX BELLS MEDICAL CENTRE,W93009,NP13 2AB,"ABERBEEG MEDICAL CENTRE, THE SQUARE, ABERTILLERY",01495 322900,,,,,,,WALES,wales,ods_gp_practice,RO177,PRESCRIBING COST CENTRE,"RO177,RO76",https://directory.spineservices.nhs.uk/ORD/2-0-0/organisations/W93009,2023-08-22,4662,statswales_hlth0426,https://statswales.gov.wales/Download/File?fileName=HLTH0426.zip,202504,People's Experience Survey,equivalent_identified_not_yet_wired,national_framework,https://www.gov.wales/peoples-experience-framework,"Primary-care patient-experience framework exists, but this builder does not yet pull a practice-level Wales survey feed.",SIX BELLS MEDICAL CENTRE NP13 2AB
BLAINA MEDICAL PRACTICE,W93115,NP13 3AT,"REAR OF HIGH STREET, BLAINA, ABERTILLERY",01495 290325,,,,,,,WALES,wales,ods_gp_practice,RO177,PRESCRIBING COST CENTRE,"RO177,RO76",https://directory.spineservices.nhs.uk/ORD/2-0-0/organisations/W93115,2023-08-22,6507,statswales_hlth0426,https://statswales.gov.wales/Download/File?fileName=HLTH0426.zip,202504,People's Experience Survey,equivalent_identified_not_yet_wired,national_framework,https://www.gov.wales/peoples-experience-framework,"Primary-care patient-experience framework exists, but this builder does not yet pull a practice-level Wales survey feed.",BLAINA MEDICAL PRACTICE NP13 3AT
THE SURGERY JAMES HOUSE,W93037,NP15 1AB,"MARYPORT STREET, USK",01291 672633,,,,,,,WALES,wales,ods_gp_practice,RO177,PRESCRIBING COST CENTRE,"RO177,RO76",https://directory.spineservices.nhs.uk/ORD/2-0-0/organisations/W93037,2023-08-22,6509,statswales_hlth0426,https://statswales.gov.wales/Download/File?fileName=HLTH0426.zip,202504,People's Experience Survey,equivalent_identified_not_yet_wired,national_framework,https://www.gov.wales/peoples-experience-framework,"Primary-care patient-experience framework exists, but this builder does not yet pull a practice-level Wales survey feed.",THE SURGERY JAMES HOUSE NP15 1AB
VAUXHALL SURGERY,W93020,NP16 5PZ,"VAUXHALL LANE, CHEPSTOW",01291 636100,,,,,,,WALES,wales,ods_gp_practice,RO177,PRESCRIBING COST CENTRE,"RO177,RO76",https://directory.spineservices.nhs.uk/ORD/2-0-0/organisations/W93020,2025-12-02,9073,statswales_hlth0426,https://statswales.gov.wales/Download/File?fileName=HLTH0426.zip,202504,People's Experience Survey,equivalent_identified_not_yet_wired,national_framework,https://www.gov.wales/peoples-experience-framework,"Primary-care patient-experience framework exists, but this builder does not yet pull a practice-level Wales survey feed.",VAUXHALL SURGERY NP16 5PZ
TOWN GATE PRACTICE,W93022,NP16 5XP,"CHEPSTOW COMMUNITY HOSPITAL, TEMPEST WAY, CHEPSTOW",01291 440065,,,,,,,WALES,wales,ods_gp_practice,RO177,PRESCRIBING COST CENTRE,"RO177,RO76",https://directory.spineservices.nhs.uk/ORD/2-0-0/organisations/W93022,2023-12-06,9296,statswales_hlth0426,https://statswales.gov.wales/Download/File?fileName=HLTH0426.zip,202504,People's Experience Survey,equivalent_identified_not_yet_wired,national_framework,https://www.gov.wales/peoples-experience-framework,"Primary-care patient-experience framework exists, but this builder does not yet pull a practice-level Wales survey feed.",TOWN GATE PRACTICE NP16 5XP
MOUNT PLEASANT PRACTICE,W93021,NP16 5XR,"CHEPSTOW COMMUNITY HOSPITAL, TEMPEST WAY, CHEPSTOW",01291 440154,,,,,,,WALES,wales,ods_gp_practice,RO177,PRESCRIBING COST CENTRE,"RO177,RO76",https://directory.spineservices.nhs.uk/ORD/2-0-0/organisations/W93021,2023-08-22,8713,statswales_hlth0426,https://statswales.gov.wales/Download/File?fileName=HLTH0426.zip,202504,People's Experience Survey,equivalent_identified_not_yet_wired,national_framework,https://www.gov.wales/peoples-experience-framework,"Primary-care patient-experience framework exists, but this builder does not yet pull a practice-level Wales survey feed.",MOUNT PLEASANT PRACTICE NP16 5XR
WYE DEAN PRACTICE,W93643,NP16 6SE,"OLD POLICE STATION, TINTERN, CHEPSTOW",01291 689355,,,,,,,WALES,wales,ods_gp_practice,RO177,PRESCRIBING COST CENTRE,"RO177,RO76",https://directory.spineservices.nhs.uk/ORD/2-0-0/organisations/W93643,2023-08-22,1928,statswales_hlth0426,https://statswales.gov.wales/Download/File?fileName=HLTH0426.zip,202504,People's Experience Survey,equivalent_identified_not_yet_wired,national_framework,https://www.gov.wales/peoples-experience-framework,"Primary-care patient-experience framework exists, but this builder does not yet pull a practice-level Wales survey feed.",WYE DEAN PRACTICE NP16 6SE
ISCA MEDICAL CENTRE,W93018,NP18 1AZ,"CADOC HOUSE, HIGH STREET, NEWPORT",01633 423886,,,,,,,WALES,wales,ods_gp_practice,RO177,PRESCRIBING COST CENTRE,"RO177,RO76",https://directory.spineservices.nhs.uk/ORD/2-0-0/organisations/W93018,2023-08-22,9283,statswales_hlth0426,https://statswales.gov.wales/Download/File?fileName=HLTH0426.zip,202504,People's Experience Survey,equivalent_identified_not_yet_wired,national_framework,https://www.gov.wales/peoples-experience-framework,"Primary-care patient-experience framework exists, but this builder does not yet pull a practice-level Wales survey feed.",ISCA MEDICAL CENTRE NP18 1AZ
UNDERWOOD HEALTH CENTRE,W93125,NP18 2JB,"81 BIRCH GROVE, LLANMARTIN, NEWPORT",01633 413258,,,,,,,WALES,wales,ods_gp_practice,RO177,PRESCRIBING COST CENTRE,"RO177,RO76",https://directory.spineservices.nhs.uk/ORD/2-0-0/organisations/W93125,2023-08-22,6260,statswales_hlth0426,https://statswales.gov.wales/Download/File?fileName=HLTH0426.zip,202504,People's Experience Survey,equivalent_identified_not_yet_wired,national_framework,https://www.gov.wales/peoples-experience-framework,"Primary-care patient-experience framework exists, but this builder does not yet pull a practice-level Wales survey feed.",UNDERWOOD HEALTH CENTRE NP18 2JB
THE RUGBY SURGERY,W93044,NP19 0DW,"1 KELVEDON STREET, NEWPORT",01633 258564,,,,,,,WALES,wales,ods_gp_practice,RO177,PRESCRIBING COST CENTRE,"RO177,RO76",https://directory.spineservices.nhs.uk/ORD/2-0-0/organisations/W93044,2023-08-22,10135,statswales_hlth0426,https://statswales.gov.wales/Download/File?fileName=HLTH0426.zip,202504,People's Experience Survey,equivalent_identified_not_yet_wired,national_framework,https://www.gov.wales/peoples-experience-framework,"Primary-care patient-experience framework exists, but this builder does not yet pull a practice-level Wales survey feed.",THE RUGBY SURGERY NP19 0DW
LLISWERRY MEDICAL CENTRE,W93640,NP19 4TD,"FALLOWFIELD DRIVE, LISWERRY, NEWPORT",01633 277333,,,,,,,WALES,wales,ods_gp_practice,RO177,PRESCRIBING COST CENTRE,"RO177,RO76",https://directory.spineservices.nhs.uk/ORD/2-0-0/organisations/W93640,2023-08-22,6856,statswales_hlth0426,https://statswales.gov.wales/Download/File?fileName=HLTH0426.zip,202504,People's Experience Survey,equivalent_identified_not_yet_wired,national_framework,https://www.gov.wales/peoples-experience-framework,"Primary-care patient-experience framework exists, but this builder does not yet pull a practice-level Wales survey feed.",LLISWERRY MEDICAL CENTRE NP19 4TD
ST JULIANS MEDICAL CENTRE,W93049,NP19 7DQ,"13A STAFFORD ROAD, NEWPORT",01633 251304,,,,,,,WALES,wales,ods_gp_practice,RO177,PRESCRIBING COST CENTRE,"RO177,RO76",https://directory.spineservices.nhs.uk/ORD/2-0-0/organisations/W93049,2023-08-22,14735,statswales_hlth0426,https://statswales.gov.wales/Download/File?fileName=HLTH0426.zip,202504,People's Experience Survey,equivalent_identified_not_yet_wired,national_framework,https://www.gov.wales/peoples-experience-framework,"Primary-care patient-experience framework exists, but this builder does not yet pull a practice-level Wales survey feed.",ST JULIANS MEDICAL CENTRE NP19 7DQ
RICHMOND CLINIC,W93043,NP19 7FY,"172 CAERLEON ROAD, NEWPORT",01633 259970,,,,,,,WALES,wales,ods_gp_practice,RO177,PRESCRIBING COST CENTRE,"RO177,RO76",https://directory.spineservices.nhs.uk/ORD/2-0-0/organisations/W93043,2023-08-22,6327,statswales_hlth0426,https://statswales.gov.wales/Download/File?fileName=HLTH0426.zip,202504,People's Experience Survey,equivalent_identified_not_yet_wired,national_framework,https://www.gov.wales/peoples-experience-framework,"Primary-care patient-experience framework exists, but this builder does not yet pull a practice-level Wales survey feed.",RICHMOND CLINIC NP19 7FY
BEECHWOOD SURGERY,W93053,NP19 8HL,"BEECHWOOD PRIMARY CARE, 371-373 CHEPSTOW ROAD, NEWPORT",01633 277771,,,,,,,WALES,wales,ods_gp_practice,RO177,PRESCRIBING COST CENTRE,"RO177,RO76",https://directory.spineservices.nhs.uk/ORD/2-0-0/organisations/W93053,2023-08-22,14574,statswales_hlth0426,https://statswales.gov.wales/Download/File?fileName=HLTH0426.zip,202504,People's Experience Survey,equivalent_identified_not_yet_wired,national_framework,https://www.gov.wales/peoples-experience-framework,"Primary-care patient-experience framework exists, but this builder does not yet pull a practice-level Wales survey feed.",BEECHWOOD SURGERY NP19 8HL
PARK SURGERY,W93040,NP19 9PS,"19 HILLS HEALTH & WELLBEING CENTRE, 282 RINGLAND CIRCLE, NEWPORT",01633 277442,,,,,,,WALES,wales,ods_gp_practice,RO177,PRESCRIBING COST CENTRE,"RO177,RO76",https://directory.spineservices.nhs.uk/ORD/2-0-0/organisations/W93040,2025-05-22,6154,statswales_hlth0426,https://statswales.gov.wales/Download/File?fileName=HLTH0426.zip,202504,People's Experience Survey,equivalent_identified_not_yet_wired,national_framework,https://www.gov.wales/peoples-experience-framework,"Primary-care patient-experience framework exists, but this builder does not yet pull a practice-level Wales survey feed.",PARK SURGERY NP19 9PS
RINGLAND MEDICAL PRACTICE,W93047,NP19 9PS,"19HILLS HEALTH & WELLBEIN, 282 RINGLAND CIRCLE, NEWPORT",01633 742960,,,,,,,WALES,wales,ods_gp_practice,RO177,PRESCRIBING COST CENTRE,"RO177,RO76",https://directory.spineservices.nhs.uk/ORD/2-0-0/organisations/W93047,2025-01-16,8888,statswales_hlth0426,https://statswales.gov.wales/Download/File?fileName=HLTH0426.zip,202504,People's Experience Survey,equivalent_identified_not_yet_wired,national_framework,https://www.gov.wales/peoples-experience-framework,"Primary-care patient-experience framework exists, but this builder does not yet pull a practice-level Wales survey feed.",RINGLAND MEDICAL PRACTICE NP19 9PS
ST DAVID'S CLINIC,W93054,NP20 2LB,"BELLE VUE TERRACE, NEWPORT",01633 251133,,,,,,,WALES,wales,ods_gp_practice,RO177,PRESCRIBING COST CENTRE,"RO177,RO76",https://directory.spineservices.nhs.uk/ORD/2-0-0/organisations/W93054,2023-08-22,20969,statswales_hlth0426,https://statswales.gov.wales/Download/File?fileName=HLTH0426.zip,202504,People's Experience Survey,equivalent_identified_not_yet_wired,national_framework,https://www.gov.wales/peoples-experience-framework,"Primary-care patient-experience framework exists, but this builder does not yet pull a practice-level Wales survey feed.",ST DAVID'S CLINIC NP20 2LB
BELLEVUE SURGERY,W93048,NP20 2WQ,"BELLE VUE TERRACE, NEWPORT",01633 256337,,,,,,,WALES,wales,ods_gp_practice,RO177,PRESCRIBING COST CENTRE,"RO177,RO76",https://directory.spineservices.nhs.uk/ORD/2-0-0/organisations/W93048,2023-08-22,19199,statswales_hlth0426,https://statswales.gov.wales/Download/File?fileName=HLTH0426.zip,202504,People's Experience Survey,equivalent_identified_not_yet_wired,national_framework,https://www.gov.wales/peoples-experience-framework,"Primary-care patient-experience framework exists, but this builder does not yet pull a practice-level Wales survey feed.",BELLEVUE SURGERY NP20 2WQ
ST. PAUL'S CLINIC,W93039,NP20 4EJ,"PALMYRA PLACE, KEYNSHAM AVENUE, NEWPORT",01633 266140,,,,,,,WALES,wales,ods_gp_practice,RO177,PRESCRIBING COST CENTRE,"RO177,RO76",https://directory.spineservices.nhs.uk/ORD/2-0-0/organisations/W93039,2023-08-22,6698,statswales_hlth0426,https://statswales.gov.wales/Download/File?fileName=HLTH0426.zip,202504,People's Experience Survey,equivalent_identified_not_yet_wired,national_framework,https://www.gov.wales/peoples-experience-framework,"Primary-care patient-experience framework exists, but this builder does not yet pull a practice-level Wales survey feed.",ST. PAUL'S CLINIC NP20 4EJ
BRYNGWYN SURGERY,W93046,NP20 4JS,"4-6 BRYNGWYN ROAD, NEWPORT",01633 263463,,,,,,,WALES,wales,ods_gp_practice,RO177,PRESCRIBING COST CENTRE,"RO177,RO76",https://directory.spineservices.nhs.uk/ORD/2-0-0/organisations/W93046,2023-08-22,7429,statswales_hlth0426,https://statswales.gov.wales/Download/File?fileName=HLTH0426.zip,202504,People's Experience Survey,equivalent_identified_not_yet_wired,national_framework,https://www.gov.wales/peoples-experience-framework,"Primary-care patient-experience framework exists, but this builder does not yet pull a practice-level Wales survey feed.",BRYNGWYN SURGERY NP20 4JS
MALPAS BROOK HEALTH CENTRE,W93051,NP20 5PJ,"107 MALPAS ROAD, NEWPORT",01633 855808,,,,,,,WALES,wales,ods_gp_practice,RO177,PRESCRIBING COST CENTRE,"RO177,RO76",https://directory.spineservices.nhs.uk/ORD/2-0-0/organisations/W93051,2023-08-22,10688,statswales_hlth0426,https://statswales.gov.wales/Download/File?fileName=HLTH0426.zip,202504,People's Experience Survey,equivalent_identified_not_yet_wired,national_framework,https://www.gov.wales/peoples-experience-framework,"Primary-care patient-experience framework exists, but this builder does not yet pull a practice-level Wales survey feed.",MALPAS BROOK HEALTH CENTRE NP20 5PJ
WESTFIELD MEDICAL CENTRE,W93045,NP20 6EY,"WESTFIELD AVENUE, MALPAS NEWPORT, NEWPORT",01633 855521,,,,,,,WALES,wales,ods_gp_practice,RO177,PRESCRIBING COST CENTRE,"RO177,RO76",https://directory.spineservices.nhs.uk/ORD/2-0-0/organisations/W93045,2023-08-22,7754,statswales_hlth0426,https://statswales.gov.wales/Download/File?fileName=HLTH0426.zip,202504,People's Experience Survey,equivalent_identified_not_yet_wired,national_framework,https://www.gov.wales/peoples-experience-framework,"Primary-care patient-experience framework exists, but this builder does not yet pull a practice-level Wales survey feed.",WESTFIELD MEDICAL CENTRE NP20 6EY
GLAN YR AFON SURGERY,W93065,NP22 3NG,"BEVAN HEALTH & WELLBEING CENTRE, PARK ROW, TREDEGAR",01495 360486,,,,,,,WALES,wales,ods_gp_practice,RO177,PRESCRIBING COST CENTRE,"RO177,RO76",https://directory.spineservices.nhs.uk/ORD/2-0-0/organisations/W93065,2024-02-29,6994,statswales_hlth0426,https://statswales.gov.wales/Download/File?fileName=HLTH0426.zip,202504,People's Experience Survey,equivalent_identified_not_yet_wired,national_framework,https://www.gov.wales/peoples-experience-framework,"Primary-care patient-experience framework exists, but this builder does not yet pull a practice-level Wales survey feed.",GLAN YR AFON SURGERY NP22 3NG
HEALTH CENTRE,W93063,NP22 3NG,"PARK ROW, TREDEGAR",01495 722530,,,,,,,WALES,wales,ods_gp_practice,RO177,PRESCRIBING COST CENTRE,"RO177,RO76",https://directory.spineservices.nhs.uk/ORD/2-0-0/organisations/W93063,2025-04-14,6809,statswales_hlth0426,https://statswales.gov.wales/Download/File?fileName=HLTH0426.zip,202504,People's Experience Survey,equivalent_identified_not_yet_wired,national_framework,https://www.gov.wales/peoples-experience-framework,"Primary-care patient-experience framework exists, but this builder does not yet pull a practice-level Wales survey feed.",HEALTH CENTRE NP22 3NG
MEDDYGFA CWM RHYMNI PRACTICE,W95081,NP22 5PW,"R.I.H.S.C.C LAWNS INDUSTRIAL ESTATE, RHYMNEY, TREDEGAR",01685 700404,,,,,,,WALES,wales,ods_gp_practice,RO177,PRESCRIBING COST CENTRE,"RO177,RO76",https://directory.spineservices.nhs.uk/ORD/2-0-0/organisations/W95081,2023-08-22,18049,statswales_hlth0426,https://statswales.gov.wales/Download/File?fileName=HLTH0426.zip,202504,People's Experience Survey,equivalent_identified_not_yet_wired,national_framework,https://www.gov.wales/peoples-experience-framework,"Primary-care patient-experience framework exists, but this builder does not yet pull a practice-level Wales survey feed.",MEDDYGFA CWM RHYMNI PRACTICE NP22 5PW
BLAEN-Y-CWM GROUP PRACTICE,W93068,NP23 4BR,"BLAENAVON ROAD, BRYNMAWR, EBBW VALE",01495 360682,,,,,,,WALES,wales,ods_gp_practice,RO177,PRESCRIBING COST CENTRE,"RO177,RO76",https://directory.spineservices.nhs.uk/ORD/2-0-0/organisations/W93068,2023-08-22,10815,statswales_hlth0426,https://statswales.gov.wales/Download/File?fileName=HLTH0426.zip,202504,People's Experience Survey,equivalent_identified_not_yet_wired,national_framework,https://www.gov.wales/peoples-experience-framework,"Primary-care patient-experience framework exists, but this builder does not yet pull a practice-level Wales survey feed.",BLAEN-Y-CWM GROUP PRACTICE NP23 4BR
GLAN RHYD SURGERY,W93032,NP23 5NT,"RIVERSIDE, BEAUFORT EBBW VALE, EBBW VALE",01495 301210,,,,,,,WALES,wales,ods_gp_practice,RO177,PRESCRIBING COST CENTRE,"RO177,RO76",https://directory.spineservices.nhs.uk/ORD/2-0-0/organisations/W93032,2023-08-22,10388,statswales_hlth0426,https://statswales.gov.wales/Download/File?fileName=HLTH0426.zip,202504,People's Experience Survey,equivalent_identified_not_yet_wired,national_framework,https://www.gov.wales/peoples-experience-framework,"Primary-care patient-experience framework exists, but this builder does not yet pull a practice-level Wales survey feed.",GLAN RHYD SURGERY NP23 5NT
PEN-Y-CAE SURGERY,W93623,NP23 6EY,"THE HEALTH CENTRE, BRIDGE STREET, EBBW VALE",01495 304076,,,,,,,WALES,wales,ods_gp_practice,RO177,PRESCRIBING COST CENTRE,"RO177,RO76",https://directory.spineservices.nhs.uk/ORD/2-0-0/organisations/W93623,2023-08-22,9800,statswales_hlth0426,https://statswales.gov.wales/Download/File?fileName=HLTH0426.zip,202504,People's Experience Survey,equivalent_identified_not_yet_wired,national_framework,https://www.gov.wales/peoples-experience-framework,"Primary-care patient-experience framework exists, but this builder does not yet pull a practice-level Wales survey feed.",PEN-Y-CAE SURGERY NP23 6EY
CWM HEALTH CENTRE,W93619,NP23 7RW,"CANNING STREET, CWM, EBBW VALE",01495 370209,,,,,,,WALES,wales,ods_gp_practice,RO177,PRESCRIBING COST CENTRE,"RO177,RO76",https://directory.spineservices.nhs.uk/ORD/2-0-0/organisations/W93619,2023-08-22,5078,statswales_hlth0426,https://statswales.gov.wales/Download/File?fileName=HLTH0426.zip,202504,People's Experience Survey,equivalent_identified_not_yet_wired,national_framework,https://www.gov.wales/peoples-experience-framework,"Primary-care patient-experience framework exists, but this builder does not yet pull a practice-level Wales survey feed.",CWM HEALTH CENTRE NP23 7RW
MEDDYGFA CWM RHYMNI PRACTICE,W95080,NP24 6EE,"WHITE ROSE WAY MEDICAL CENTRE, WHITE ROSE WAY, NEW TREDEGAR",01443 878300,,,,,,,WALES,wales,ods_gp_practice,RO177,PRESCRIBING COST CENTRE,"RO177,RO76",https://directory.spineservices.nhs.uk/ORD/2-0-0/organisations/W95080,2023-08-22,,statswales_hlth0426,https://statswales.gov.wales/Download/File?fileName=HLTH0426.zip,202504,People's Experience Survey,equivalent_identified_not_yet_wired,national_framework,https://www.gov.wales/peoples-experience-framework,"Primary-care patient-experience framework exists, but this builder does not yet pull a practice-level Wales survey feed.",MEDDYGFA CWM RHYMNI PRACTICE NP24 6EE
CASTLE GATE MEDICAL PRACTICE,W93036,NP25 3EQ,"REAR OF MONNOW STREET, MONMOUTH",01600 713811,,,,,,,WALES,wales,ods_gp_practice,RO177,PRESCRIBING COST CENTRE,"RO177,RO76",https://directory.spineservices.nhs.uk/ORD/2-0-0/organisations/W93036,2023-08-22,13640,statswales_hlth0426,https://statswales.gov.wales/Download/File?fileName=HLTH0426.zip,202504,People's Experience Survey,equivalent_identified_not_yet_wired,national_framework,https://www.gov.wales/peoples-experience-framework,"Primary-care patient-experience framework exists, but this builder does not yet pull a practice-level Wales survey feed.",CASTLE GATE MEDICAL PRACTICE NP25 3EQ
DIXTON ROAD SURGERY,W93072,NP25 3PL,"NEW DIXTON ROAD, MONMOUTH",01600 712152,,,,,,,WALES,wales,ods_gp_practice,RO177,PRESCRIBING COST CENTRE,"RO177,RO76",https://directory.spineservices.nhs.uk/ORD/2-0-0/organisations/W93072,2023-08-22,5077,statswales_hlth0426,https://statswales.gov.wales/Download/File?fileName=HLTH0426.zip,202504,People's Experience Survey,equivalent_identified_not_yet_wired,national_framework,https://www.gov.wales/peoples-experience-framework,"Primary-care patient-experience framework exists, but this builder does not yet pull a practice-level Wales survey feed.",DIXTON ROAD SURGERY NP25 3PL
GRAY HILL SURGERY,W93023,NP26 5AB,"WOODSTOCK WAY, CALDICOT",01291 420282,,,,,,,WALES,wales,ods_gp_practice,RO177,PRESCRIBING COST CENTRE,"RO177,RO76",https://directory.spineservices.nhs.uk/ORD/2-0-0/organisations/W93023,2023-08-22,20055,statswales_hlth0426,https://statswales.gov.wales/Download/File?fileName=HLTH0426.zip,202504,People's Experience Survey,equivalent_identified_not_yet_wired,national_framework,https://www.gov.wales/peoples-experience-framework,"Primary-care patient-experience framework exists, but this builder does not yet pull a practice-level Wales survey feed.",GRAY HILL SURGERY NP26 5AB
PANTEG HEALTH CENTRE,W93031,NP4 5DJ,"KEMYS STREET, GRIFFITHSTOWN, PONTYPOOL",01495 763608,,,,,,,WALES,wales,ods_gp_practice,RO177,PRESCRIBING COST CENTRE,"RO177,RO76",https://directory.spineservices.nhs.uk/ORD/2-0-0/organisations/W93031,2023-08-22,6661,statswales_hlth0426,https://statswales.gov.wales/Download/File?fileName=HLTH0426.zip,202504,People's Experience Survey,equivalent_identified_not_yet_wired,national_framework,https://www.gov.wales/peoples-experience-framework,"Primary-care patient-experience framework exists, but this builder does not yet pull a practice-level Wales survey feed.",PANTEG HEALTH CENTRE NP4 5DJ
PONTYPOOL MEDICAL CENTRE,W93058,NP4 6DH,"OFF TOWN BRIDGE PONTYPOOL, CLOS AFON LLWYD, PONTYPOOL",01495 763141,,,,,,,WALES,wales,ods_gp_practice,RO177,PRESCRIBING COST CENTRE,"RO177,RO76",https://directory.spineservices.nhs.uk/ORD/2-0-0/organisations/W93058,2023-11-02,17439,statswales_hlth0426,https://statswales.gov.wales/Download/File?fileName=HLTH0426.zip,202504,People's Experience Survey,equivalent_identified_not_yet_wired,national_framework,https://www.gov.wales/peoples-experience-framework,"Primary-care patient-experience framework exists, but this builder does not yet pull a practice-level Wales survey feed.",PONTYPOOL MEDICAL CENTRE NP4 6DH
THE SURGERY,W93057,NP4 7BH,"ABERSYCHAN GROUP PRACTICE, OLD ROAD, PONTYPOOL",01495 772239,,,,,,,WALES,wales,ods_gp_practice,RO177,PRESCRIBING COST CENTRE,"RO177,RO76",https://directory.spineservices.nhs.uk/ORD/2-0-0/organisations/W93057,2023-08-22,10539,statswales_hlth0426,https://statswales.gov.wales/Download/File?fileName=HLTH0426.zip,202504,People's Experience Survey,equivalent_identified_not_yet_wired,national_framework,https://www.gov.wales/peoples-experience-framework,"Primary-care patient-experience framework exists, but this builder does not yet pull a practice-level Wales survey feed.",THE SURGERY NP4 7BH
TROSNANT LODGE,W93055,NP4 8AT,"TROSNANT STREET, PONTYPOOL",01495 762709,,,,,,,WALES,wales,ods_gp_practice,RO177,PRESCRIBING COST CENTRE,"RO177,RO76",https://directory.spineservices.nhs.uk/ORD/2-0-0/organisations/W93055,2023-08-22,7394,statswales_hlth0426,https://statswales.gov.wales/Download/File?fileName=HLTH0426.zip,202504,People's Experience Survey,equivalent_identified_not_yet_wired,national_framework,https://www.gov.wales/peoples-experience-framework,"Primary-care patient-experience framework exists, but this builder does not yet pull a practice-level Wales survey feed.",TROSNANT LODGE NP4 8AT
BLAENAVON MEDICAL PRACTICE,W93015,NP4 9AW,"MIDDLE COEDCAE ROAD, BLAENAVON, PONTYPOOL",01495 360663,,,,,,,WALES,wales,ods_gp_practice,RO177,PRESCRIBING COST CENTRE,"RO177,RO76",https://directory.spineservices.nhs.uk/ORD/2-0-0/organisations/W93015,2023-08-22,6598,statswales_hlth0426,https://statswales.gov.wales/Download/File?fileName=HLTH0426.zip,202504,People's Experience Survey,equivalent_identified_not_yet_wired,national_framework,https://www.gov.wales/peoples-experience-framework,"Primary-care patient-experience framework exists, but this builder does not yet pull a practice-level Wales survey feed.",BLAENAVON MEDICAL PRACTICE NP4 9AW
NEW CHAPEL STREET SURGERY,W93026,NP44 1DU,"HAROLD STREET, PONTNEWYDD, CWMBRAN",01633 485155,,,,,,,WALES,wales,ods_gp_practice,RO177,PRESCRIBING COST CENTRE,"RO177,RO76",https://directory.spineservices.nhs.uk/ORD/2-0-0/organisations/W93026,2023-08-22,4657,statswales_hlth0426,https://statswales.gov.wales/Download/File?fileName=HLTH0426.zip,202504,People's Experience Survey,equivalent_identified_not_yet_wired,national_framework,https://www.gov.wales/peoples-experience-framework,"Primary-care patient-experience framework exists, but this builder does not yet pull a practice-level Wales survey feed.",NEW CHAPEL STREET SURGERY NP44 1DU
CLARK AVENUE SURGERY,W93028,NP44 1RY,"CLARK AVENUE, PONTNEWYDD, CWMBRAN",01633 482733,,,,,,,WALES,wales,ods_gp_practice,RO177,PRESCRIBING COST CENTRE,"RO177,RO76",https://directory.spineservices.nhs.uk/ORD/2-0-0/organisations/W93028,2023-08-22,11208,statswales_hlth0426,https://statswales.gov.wales/Download/File?fileName=HLTH0426.zip,202504,People's Experience Survey,equivalent_identified_not_yet_wired,national_framework,https://www.gov.wales/peoples-experience-framework,"Primary-care patient-experience framework exists, but this builder does not yet pull a practice-level Wales survey feed.",CLARK AVENUE SURGERY NP44 1RY
CWMBRAN VILLAGE SURGERY,W93027,NP44 3JS,"VICTORIA STREET, CWMBRAN",01633 871177,,,,,,,WALES,wales,ods_gp_practice,RO177,PRESCRIBING COST CENTRE,"RO177,RO76",https://directory.spineservices.nhs.uk/ORD/2-0-0/organisations/W93027,2025-10-23,15877,statswales_hlth0426,https://statswales.gov.wales/Download/File?fileName=HLTH0426.zip,202504,People's Experience Survey,equivalent_identified_not_yet_wired,national_framework,https://www.gov.wales/peoples-experience-framework,"Primary-care patient-experience framework exists, but this builder does not yet pull a practice-level Wales survey feed.",CWMBRAN VILLAGE SURGERY NP44 3JS
OAK STREET SURGERY,W93024,NP44 3LT,"OAK STREET, CWMBRAN",01633 866719,,,,,,,WALES,wales,ods_gp_practice,RO177,PRESCRIBING COST CENTRE,"RO177,RO76",https://directory.spineservices.nhs.uk/ORD/2-0-0/organisations/W93024,2025-12-02,8202,statswales_hlth0426,https://statswales.gov.wales/Download/File?fileName=HLTH0426.zip,202504,People's Experience Survey,equivalent_identified_not_yet_wired,national_framework,https://www.gov.wales/peoples-experience-framework,"Primary-care patient-experience framework exists, but this builder does not yet pull a practice-level Wales survey feed.",OAK STREET SURGERY NP44 3LT
CAE TEG HEALTH CENTRE,W93029,NP44 4TA,"NANT DOWLAIS HEALTH CENTR, FAIRWATER SQUARE, CWMBRAN",01633 869544,,,,,,,WALES,wales,ods_gp_practice,RO177,PRESCRIBING COST CENTRE,"RO177,RO76",https://directory.spineservices.nhs.uk/ORD/2-0-0/organisations/W93029,2023-08-22,9763,statswales_hlth0426,https://statswales.gov.wales/Download/File?fileName=HLTH0426.zip,202504,People's Experience Survey,equivalent_identified_not_yet_wired,national_framework,https://www.gov.wales/peoples-experience-framework,"Primary-care patient-experience framework exists, but this builder does not yet pull a practice-level Wales survey feed.",CAE TEG HEALTH CENTRE NP44 4TA
LLANYRAVON SURGERY,W93025,NP44 8HW,"LLANYRAVON WAY, LLANYRAVON, CWMBRAN",01633 833770,,,,,,,WALES,wales,ods_gp_practice,RO177,PRESCRIBING COST CENTRE,"RO177,RO76",https://directory.spineservices.nhs.uk/ORD/2-0-0/organisations/W93025,2023-08-22,,statswales_hlth0426,https://statswales.gov.wales/Download/File?fileName=HLTH0426.zip,202504,People's Experience Survey,equivalent_identified_not_yet_wired,national_framework,https://www.gov.wales/peoples-experience-framework,"Primary-care patient-experience framework exists, but this builder does not yet pull a practice-level Wales survey feed.",LLANYRAVON SURGERY NP44 8HW
OLD STATION SURGERY,W93033,NP7 5AQ,"39 BRECON ROAD, ABERGAVENNY",01873 859000,,,,,,,WALES,wales,ods_gp_practice,RO177,PRESCRIBING COST CENTRE,"RO177,RO76",https://directory.spineservices.nhs.uk/ORD/2-0-0/organisations/W93033,2023-08-22,10967,statswales_hlth0426,https://statswales.gov.wales/Download/File?fileName=HLTH0426.zip,202504,People's Experience Survey,equivalent_identified_not_yet_wired,national_framework,https://www.gov.wales/peoples-experience-framework,"Primary-care patient-experience framework exists, but this builder does not yet pull a practice-level Wales survey feed.",OLD STATION SURGERY NP7 5AQ
TUDOR GATE SURGERY,W93004,NP7 5DL,"TUDOR STREET, ABERGAVENNY",01873 855991,,,,,,,WALES,wales,ods_gp_practice,RO177,PRESCRIBING COST CENTRE,"RO177,RO76",https://directory.spineservices.nhs.uk/ORD/2-0-0/organisations/W93004,2023-08-22,8572,statswales_hlth0426,https://statswales.gov.wales/Download/File?fileName=HLTH0426.zip,202504,People's Experience Survey,equivalent_identified_not_yet_wired,national_framework,https://www.gov.wales/peoples-experience-framework,"Primary-care patient-experience framework exists, but this builder does not yet pull a practice-level Wales survey feed.",TUDOR GATE SURGERY NP7 5DL
HEREFORD ROAD SURGERY,W93126,NP7 5PR,"6 HEREFORD ROAD, ABERGAVENNY",01873 851155,,,,,,,WALES,wales,ods_gp_practice,RO177,PRESCRIBING COST CENTRE,"RO177,RO76",https://directory.spineservices.nhs.uk/ORD/2-0-0/organisations/W93126,2025-10-23,5252,statswales_hlth0426,https://statswales.gov.wales/Download/File?fileName=HLTH0426.zip,202504,People's Experience Survey,equivalent_identified_not_yet_wired,national_framework,https://www.gov.wales/peoples-experience-framework,"Primary-care patient-experience framework exists, but this builder does not yet pull a practice-level Wales survey feed.",HEREFORD ROAD SURGERY NP7 5PR
WAR MEMORIAL HEALTH CENTRE,W96016,NP8 1AG,"BEAUFORT STREET, CRICKHOWELL",01873 810255,,,,,,,WALES,wales,ods_gp_practice,RO177,PRESCRIBING COST CENTRE,"RO177,RO76",https://directory.spineservices.nhs.uk/ORD/2-0-0/organisations/W96016,2023-08-22,8708,statswales_hlth0426,https://statswales.gov.wales/Download/File?fileName=HLTH0426.zip,202504,People's Experience Survey,equivalent_identified_not_yet_wired,national_framework,https://www.gov.wales/peoples-experience-framework,"Primary-care patient-experience framework exists, but this builder does not yet pull a practice-level Wales survey feed.",WAR MEMORIAL HEALTH CENTRE NP8 1AG
CWMFELIN MEDICAL CENTRE,W98003,SA1 1HW,"298 CARMARTHEN ROAD, SWANSEA",01792 653941,,,,,,,WALES,wales,ods_gp_practice,RO177,PRESCRIBING COST CENTRE,"RO177,RO76",https://directory.spineservices.nhs.uk/ORD/2-0-0/organisations/W98003,2023-08-22,8209,statswales_hlth0426,https://statswales.gov.wales/Download/File?fileName=HLTH0426.zip,202504,People's Experience Survey,equivalent_identified_not_yet_wired,national_framework,https://www.gov.wales/peoples-experience-framework,"Primary-care patient-experience framework exists, but this builder does not yet pull a practice-level Wales survey feed.",CWMFELIN MEDICAL CENTRE SA1 1HW
ABERTAWE MEDICAL PARTNERS,W98608,SA1 4DF,"151 ST. HELENS ROAD, SWANSEA",01792 476576,,,,,,,WALES,wales,ods_gp_practice,RO177,PRESCRIBING COST CENTRE,"RO177,RO76",https://directory.spineservices.nhs.uk/ORD/2-0-0/organisations/W98608,2025-12-02,6837,statswales_hlth0426,https://statswales.gov.wales/Download/File?fileName=HLTH0426.zip,202504,People's Experience Survey,equivalent_identified_not_yet_wired,national_framework,https://www.gov.wales/peoples-experience-framework,"Primary-care patient-experience framework exists, but this builder does not yet pull a practice-level Wales survey feed.",ABERTAWE MEDICAL PARTNERS SA1 4DF
NICHOLL STREET MEDICAL CENTRE,W98020,SA1 4HF,"NICHOLL ST MEDICAL CENTR, 33 NICHOLL STREET, SWANSEA",01792 653548,,,,,,,WALES,wales,ods_gp_practice,RO177,PRESCRIBING COST CENTRE,"RO177,RO76",https://directory.spineservices.nhs.uk/ORD/2-0-0/organisations/W98020,2023-08-22,3759,statswales_hlth0426,https://statswales.gov.wales/Download/File?fileName=HLTH0426.zip,202504,People's Experience Survey,equivalent_identified_not_yet_wired,national_framework,https://www.gov.wales/peoples-experience-framework,"Primary-care patient-experience framework exists, but this builder does not yet pull a practice-level Wales survey feed.",NICHOLL STREET MEDICAL CENTRE SA1 4HF
BRUNSWICK HEALTH CENTRE,W98024,SA1 4JL,"PHILLIPS PARADE, SWANSEA",01792 643001,,,,,,,WALES,wales,ods_gp_practice,RO177,PRESCRIBING COST CENTRE,"RO177,RO76",https://directory.spineservices.nhs.uk/ORD/2-0-0/organisations/W98024,2025-09-25,6014,statswales_hlth0426,https://statswales.gov.wales/Download/File?fileName=HLTH0426.zip,202504,People's Experience Survey,equivalent_identified_not_yet_wired,national_framework,https://www.gov.wales/peoples-experience-framework,"Primary-care patient-experience framework exists, but this builder does not yet pull a practice-level Wales survey feed.",BRUNSWICK HEALTH CENTRE SA1 4JL
KINGSWAY SURGERY,W98027,SA1 5LF,"37 THE KINGSWAY, SWANSEA",01792 650716,,,,,,,WALES,wales,ods_gp_practice,RO177,PRESCRIBING COST CENTRE,"RO177,RO76",https://directory.spineservices.nhs.uk/ORD/2-0-0/organisations/W98027,2023-08-22,12259,statswales_hlth0426,https://statswales.gov.wales/Download/File?fileName=HLTH0426.zip,202504,People's Experience Survey,equivalent_identified_not_yet_wired,national_framework,https://www.gov.wales/peoples-experience-framework,"Primary-care patient-experience framework exists, but this builder does not yet pull a practice-level Wales survey feed.",KINGSWAY SURGERY SA1 5LF
MAYHILL SURGERY,W98015,SA1 6TD,"MOUNTAIN VIEW HEALTH CENTRE, 51 MAYHILL ROAD, SWANSEA",01792 957600,,,,,,,WALES,wales,ods_gp_practice,RO177,PRESCRIBING COST CENTRE,"RO177,RO76",https://directory.spineservices.nhs.uk/ORD/2-0-0/organisations/W98015,2023-08-22,5992,statswales_hlth0426,https://statswales.gov.wales/Download/File?fileName=HLTH0426.zip,202504,People's Experience Survey,equivalent_identified_not_yet_wired,national_framework,https://www.gov.wales/peoples-experience-framework,"Primary-care patient-experience framework exists, but this builder does not yet pull a practice-level Wales survey feed.",MAYHILL SURGERY SA1 6TD
ST. THOMAS SURGERY,W98016,SA1 8LH,"YSGOL STREET, PORT TENNANT, SWANSEA",01792 653992,,,,,,,WALES,wales,ods_gp_practice,RO177,PRESCRIBING COST CENTRE,"RO177,RO76",https://directory.spineservices.nhs.uk/ORD/2-0-0/organisations/W98016,2023-08-22,8875,statswales_hlth0426,https://statswales.gov.wales/Download/File?fileName=HLTH0426.zip,202504,People's Experience Survey,equivalent_identified_not_yet_wired,national_framework,https://www.gov.wales/peoples-experience-framework,"Primary-care patient-experience framework exists, but this builder does not yet pull a practice-level Wales survey feed.",ST. THOMAS SURGERY SA1 8LH
HARBOURSIDE HEALTH CENTRE,W98056,SA1 8QY,"BEACON CENTRE FOR HEALTH, LANGDON ROAD, SWANSEA",01792 481456,,,,,,,WALES,wales,ods_gp_practice,RO177,PRESCRIBING COST CENTRE,"RO177,RO76",https://directory.spineservices.nhs.uk/ORD/2-0-0/organisations/W98056,2023-08-22,7324,statswales_hlth0426,https://statswales.gov.wales/Download/File?fileName=HLTH0426.zip,202504,People's Experience Survey,equivalent_identified_not_yet_wired,national_framework,https://www.gov.wales/peoples-experience-framework,"Primary-care patient-experience framework exists, but this builder does not yet pull a practice-level Wales survey feed.",HARBOURSIDE HEALTH CENTRE SA1 8QY
THE BEACON CENTRE FOR HEALTH,W98057,SA1 8QY,"SA1 MEDICAL CENTRE, LANGDON ROAD, SWANSEA",01792 481444,,,,,,,WALES,wales,ods_gp_practice,RO177,PRESCRIBING COST CENTRE,"RO177,RO76",https://directory.spineservices.nhs.uk/ORD/2-0-0/organisations/W98057,2023-08-22,8613,statswales_hlth0426,https://statswales.gov.wales/Download/File?fileName=HLTH0426.zip,202504,People's Experience Survey,equivalent_identified_not_yet_wired,national_framework,https://www.gov.wales/peoples-experience-framework,"Primary-care patient-experience framework exists, but this builder does not yet pull a practice-level Wales survey feed.",THE BEACON CENTRE FOR HEALTH SA1 8QY
TABERNACLE SURGERY,W98048,SA10 6UF,"4 TABERNACLE STREET, SKEWEN, NEATH",01792 817009,,,,,,,WALES,wales,ods_gp_practice,RO177,PRESCRIBING COST CENTRE,"RO177,RO76",https://directory.spineservices.nhs.uk/ORD/2-0-0/organisations/W98048,2023-08-22,5146,statswales_hlth0426,https://statswales.gov.wales/Download/File?fileName=HLTH0426.zip,202504,People's Experience Survey,equivalent_identified_not_yet_wired,national_framework,https://www.gov.wales/peoples-experience-framework,"Primary-care patient-experience framework exists, but this builder does not yet pull a practice-level Wales survey feed.",TABERNACLE SURGERY SA10 6UF
SKEWEN MEDICAL CENTRE,W98010,SA10 6UH,"QUEENS ROAD, SKEWEN, NEATH",01792 812316,,,,,,,WALES,wales,ods_gp_practice,RO177,PRESCRIBING COST CENTRE,"RO177,RO76",https://directory.spineservices.nhs.uk/ORD/2-0-0/organisations/W98010,2023-08-22,9091,statswales_hlth0426,https://statswales.gov.wales/Download/File?fileName=HLTH0426.zip,202504,People's Experience Survey,equivalent_identified_not_yet_wired,national_framework,https://www.gov.wales/peoples-experience-framework,"Primary-care patient-experience framework exists, but this builder does not yet pull a practice-level Wales survey feed.",SKEWEN MEDICAL CENTRE SA10 6UH
DULAIS VALLEY PRIM CARE CENTRE,W98030,SA10 9EY,"DULAIS VALLEY PRIMARY CARE, DULAIS ROAD, NEATH",01639 701660,,,,,,,WALES,wales,ods_gp_practice,RO177,PRESCRIBING COST CENTRE,"RO177,RO76",https://directory.spineservices.nhs.uk/ORD/2-0-0/organisations/W98030,2025-05-14,6002,statswales_hlth0426,https://statswales.gov.wales/Download/File?fileName=HLTH0426.zip,202504,People's Experience Survey,equivalent_identified_not_yet_wired,national_framework,https://www.gov.wales/peoples-experience-framework,"Primary-care patient-experience framework exists, but this builder does not yet pull a practice-level Wales survey feed.",DULAIS VALLEY PRIM CARE CENTRE SA10 9EY
VICTORIA GARDENS SURGERY,W98036,SA11 1HW,"VICTORIA GARDENS, NEATH",01639 643786,,,,,,,WALES,wales,ods_gp_practice,RO177,PRESCRIBING COST CENTRE,"RO177,RO76",https://directory.spineservices.nhs.uk/ORD/2-0-0/organisations/W98036,2023-08-22,7790,statswales_hlth0426,https://statswales.gov.wales/Download/File?fileName=HLTH0426.zip,202504,People's Experience Survey,equivalent_identified_not_yet_wired,national_framework,https://www.gov.wales/peoples-experience-framework,"Primary-care patient-experience framework exists, but this builder does not yet pull a practice-level Wales survey feed.",VICTORIA GARDENS SURGERY SA11 1HW
QUAYS MEDICAL PRACTICE,W98040,SA11 2FP,"BRITON FERRY HEALTH CENTRE, BRUNEL WAY, BAGLAN ENERGY PARK, NEATH",01639 825265,,,,,,,WALES,wales,ods_gp_practice,RO177,PRESCRIBING COST CENTRE,"RO177,RO76",https://directory.spineservices.nhs.uk/ORD/2-0-0/organisations/W98040,2025-12-02,6056,statswales_hlth0426,https://statswales.gov.wales/Download/File?fileName=HLTH0426.zip,202504,People's Experience Survey,equivalent_identified_not_yet_wired,national_framework,https://www.gov.wales/peoples-experience-framework,"Primary-care patient-experience framework exists, but this builder does not yet pull a practice-level Wales survey feed.",QUAYS MEDICAL PRACTICE SA11 2FP
WATERSIDE MEDICAL PRACTICE,W00144,SA11 2FP,"BRITON FERRY HEALTH CENTR, BRUNEL WAY, NEATH",01639 813272,,,,,,,WALES,wales,ods_gp_practice,RO177,PRESCRIBING COST CENTRE,"RO177,RO76",https://directory.spineservices.nhs.uk/ORD/2-0-0/organisations/W00144,2023-08-22,20891,statswales_hlth0426,https://statswales.gov.wales/Download/File?fileName=HLTH0426.zip,202504,People's Experience Survey,equivalent_identified_not_yet_wired,national_framework,https://www.gov.wales/peoples-experience-framework,"Primary-care patient-experience framework exists, but this builder does not yet pull a practice-level Wales survey feed.",WATERSIDE MEDICAL PRACTICE SA11 2FP
HEALTH CENTRE,W98002,SA11 3AW,"DYFED ROAD HEALTH CENTRE, DYFED ROAD, NEATH",01639 635331,,,,,,,WALES,wales,ods_gp_practice,RO177,PRESCRIBING COST CENTRE,"RO177,RO76",https://directory.spineservices.nhs.uk/ORD/2-0-0/organisations/W98002,2023-08-22,10811,statswales_hlth0426,https://statswales.gov.wales/Download/File?fileName=HLTH0426.zip,202504,People's Experience Survey,equivalent_identified_not_yet_wired,national_framework,https://www.gov.wales/peoples-experience-framework,"Primary-care patient-experience framework exists, but this builder does not yet pull a practice-level Wales survey feed.",HEALTH CENTRE SA11 3AW
CASTLE SURGERY,W98006,SA11 3EW,"1 PRINCE OF WALES DRIVE, NEATH",016396 22050,,,,,,,WALES,wales,ods_gp_practice,RO177,PRESCRIBING COST CENTRE,"RO177,RO76",https://directory.spineservices.nhs.uk/ORD/2-0-0/organisations/W98006,2023-08-22,9940,statswales_hlth0426,https://statswales.gov.wales/Download/File?fileName=HLTH0426.zip,202504,People's Experience Survey,equivalent_identified_not_yet_wired,national_framework,https://www.gov.wales/peoples-experience-framework,"Primary-care patient-experience framework exists, but this builder does not yet pull a practice-level Wales survey feed.",CASTLE SURGERY SA11 3EW
VALE OF NEATH PRACTICE,W98046,SA11 5AT,"VALE OF NEATH MEDICAL CENTRE, GLYNNEATH ROAD, NEATH",01639 509050,,,,,,,WALES,wales,ods_gp_practice,RO177,PRESCRIBING COST CENTRE,"RO177,RO76",https://directory.spineservices.nhs.uk/ORD/2-0-0/organisations/W98046,2025-06-26,9469,statswales_hlth0426,https://statswales.gov.wales/Download/File?fileName=HLTH0426.zip,202504,People's Experience Survey,equivalent_identified_not_yet_wired,national_framework,https://www.gov.wales/peoples-experience-framework,"Primary-care patient-experience framework exists, but this builder does not yet pull a practice-level Wales survey feed.",VALE OF NEATH PRACTICE SA11 5AT
FAIRFIELD MEDICAL CENTRE,W98032,SA12 7BJ,"FAIRFIELD SURGERY, PORT TALBOT RESOURCE CENTRE, PORT TALBOT",01639 500590,,,,,,,WALES,wales,ods_gp_practice,RO177,PRESCRIBING COST CENTRE,"RO177,RO76",https://directory.spineservices.nhs.uk/ORD/2-0-0/organisations/W98032,2023-08-22,7966,statswales_hlth0426,https://statswales.gov.wales/Download/File?fileName=HLTH0426.zip,202504,People's Experience Survey,equivalent_identified_not_yet_wired,national_framework,https://www.gov.wales/peoples-experience-framework,"Primary-care patient-experience framework exists, but this builder does not yet pull a practice-level Wales survey feed.",FAIRFIELD MEDICAL CENTRE SA12 7BJ
KINGS SURGERY,W98041,SA12 7BJ,"PRIMARY CARE RESOURCE CENTRE, MOOR ROAD, PORT TALBOT",01639 821489,,,,,,,WALES,wales,ods_gp_practice,RO177,PRESCRIBING COST CENTRE,"RO177,RO76",https://directory.spineservices.nhs.uk/ORD/2-0-0/organisations/W98041,2023-08-22,6497,statswales_hlth0426,https://statswales.gov.wales/Download/File?fileName=HLTH0426.zip,202504,People's Experience Survey,equivalent_identified_not_yet_wired,national_framework,https://www.gov.wales/peoples-experience-framework,"Primary-care patient-experience framework exists, but this builder does not yet pull a practice-level Wales survey feed.",KINGS SURGERY SA12 7BJ
RIVERSIDE SURGERY,W98035,SA12 7BJ,"PORT TALBOT RESOURCE CENTRE, MOOR ROAD, PORT TALBOT",01639 813868,,,,,,,WALES,wales,ods_gp_practice,RO177,PRESCRIBING COST CENTRE,"RO177,RO76",https://directory.spineservices.nhs.uk/ORD/2-0-0/organisations/W98035,2025-11-13,9229,statswales_hlth0426,https://statswales.gov.wales/Download/File?fileName=HLTH0426.zip,202504,People's Experience Survey,equivalent_identified_not_yet_wired,national_framework,https://www.gov.wales/peoples-experience-framework,"Primary-care patient-experience framework exists, but this builder does not yet pull a practice-level Wales survey feed.",RIVERSIDE SURGERY SA12 7BJ
CWMAVON HEALTH CENTRE,W98019,SA12 9PY,"PENLLYN, CWMAVON, PORT TALBOT",01639 871071,,,,,,,WALES,wales,ods_gp_practice,RO177,PRESCRIBING COST CENTRE,"RO177,RO76",https://directory.spineservices.nhs.uk/ORD/2-0-0/organisations/W98019,2023-08-22,,statswales_hlth0426,https://statswales.gov.wales/Download/File?fileName=HLTH0426.zip,202504,People's Experience Survey,equivalent_identified_not_yet_wired,national_framework,https://www.gov.wales/peoples-experience-framework,"Primary-care patient-experience framework exists, but this builder does not yet pull a practice-level Wales survey feed.",CWMAVON HEALTH CENTRE SA12 9PY
MOUNT SURGERY,W98031,SA13 2BN,"MARGAM ROAD, PORT TALBOT",0844 4778975,,,,,,,WALES,wales,ods_gp_practice,RO177,PRESCRIBING COST CENTRE,"RO177,RO76",https://directory.spineservices.nhs.uk/ORD/2-0-0/organisations/W98031,2023-08-22,11526,statswales_hlth0426,https://statswales.gov.wales/Download/File?fileName=HLTH0426.zip,202504,People's Experience Survey,equivalent_identified_not_yet_wired,national_framework,https://www.gov.wales/peoples-experience-framework,"Primary-care patient-experience framework exists, but this builder does not yet pull a practice-level Wales survey feed.",MOUNT SURGERY SA13 2BN
THE HEALTH CENTRE,W98017,SA13 3DP,"WAUN AVENUE, GLYNCORRWG, PORT TALBOT",01639 850345,,,,,,,WALES,wales,ods_gp_practice,RO177,PRESCRIBING COST CENTRE,"RO177,RO76",https://directory.spineservices.nhs.uk/ORD/2-0-0/organisations/W98017,2025-02-13,2737,statswales_hlth0426,https://statswales.gov.wales/Download/File?fileName=HLTH0426.zip,202504,People's Experience Survey,equivalent_identified_not_yet_wired,national_framework,https://www.gov.wales/peoples-experience-framework,"Primary-care patient-experience framework exists, but this builder does not yet pull a practice-level Wales survey feed.",THE HEALTH CENTRE SA13 3DP
MEDDYGFA'R TYMBL,W92035,SA14 6SU,"AMMAN TAWE PARTNERSHIP, CROSS HANDS HEALTH CENTRE, LLANELLI",01269 841289,,,,,,,WALES,wales,ods_gp_practice,RO177,PRESCRIBING COST CENTRE,"RO177,RO76",https://directory.spineservices.nhs.uk/ORD/2-0-0/organisations/W92035,2024-05-02,6881,statswales_hlth0426,https://statswales.gov.wales/Download/File?fileName=HLTH0426.zip,202504,People's Experience Survey,equivalent_identified_not_yet_wired,national_framework,https://www.gov.wales/peoples-experience-framework,"Primary-care patient-experience framework exists, but this builder does not yet pull a practice-level Wales survey feed.",MEDDYGFA'R TYMBL SA14 6SU
MEDDYGFA PENYGROES,W92051,SA14 7RP,"BRIDGE STREET, PENYGROES, LLANELLI",01269 506930,,,,,,,WALES,wales,ods_gp_practice,RO177,PRESCRIBING COST CENTRE,"RO177,RO76",https://directory.spineservices.nhs.uk/ORD/2-0-0/organisations/W92051,2023-12-20,9092,statswales_hlth0426,https://statswales.gov.wales/Download/File?fileName=HLTH0426.zip,202504,People's Experience Survey,equivalent_identified_not_yet_wired,national_framework,https://www.gov.wales/peoples-experience-framework,"Primary-care patient-experience framework exists, but this builder does not yet pull a practice-level Wales survey feed.",MEDDYGFA PENYGROES SA14 7RP
LLANGENNECH SURGERY,W92048,SA14 8TU,"PARK LANE, LLANGENNECH, LLANELLI",01554 820287,,,,,,,WALES,wales,ods_gp_practice,RO177,PRESCRIBING COST CENTRE,"RO177,RO76",https://directory.spineservices.nhs.uk/ORD/2-0-0/organisations/W92048,2023-08-22,4175,statswales_hlth0426,https://statswales.gov.wales/Download/File?fileName=HLTH0426.zip,202504,People's Experience Survey,equivalent_identified_not_yet_wired,national_framework,https://www.gov.wales/peoples-experience-framework,"Primary-care patient-experience framework exists, but this builder does not yet pull a practice-level Wales survey feed.",LLANGENNECH SURGERY SA14 8TU
LLWYNHENDY HEALTH CENTRE,W00134,SA14 9BN,"LLWYNHENDY ROAD, LLANELLI",01554 779890,,,,,,,WALES,wales,ods_gp_practice,RO177,PRESCRIBING COST CENTRE,"RO177,RO76",https://directory.spineservices.nhs.uk/ORD/2-0-0/organisations/W00134,2023-08-22,11451,statswales_hlth0426,https://statswales.gov.wales/Download/File?fileName=HLTH0426.zip,202504,People's Experience Survey,equivalent_identified_not_yet_wired,national_framework,https://www.gov.wales/peoples-experience-framework,"Primary-care patient-experience framework exists, but this builder does not yet pull a practice-level Wales survey feed.",LLWYNHENDY HEALTH CENTRE SA14 9BN
AVENUE VILLA SURGERY,W92037,SA15 2TJ,"BRYNMOR ROAD, LLANELLI",01554 774401,,,,,,,WALES,wales,ods_gp_practice,RO177,PRESCRIBING COST CENTRE,"RO177,RO76",https://directory.spineservices.nhs.uk/ORD/2-0-0/organisations/W92037,2023-08-22,9511,statswales_hlth0426,https://statswales.gov.wales/Download/File?fileName=HLTH0426.zip,202504,People's Experience Survey,equivalent_identified_not_yet_wired,national_framework,https://www.gov.wales/peoples-experience-framework,"Primary-care patient-experience framework exists, but this builder does not yet pull a practice-level Wales survey feed.",AVENUE VILLA SURGERY SA15 2TJ
FAIRFIELD SURGERY,W92021,SA15 3AE,"1 PARK CRESCENT, LLANELLI",01554 773133,,,,,,,WALES,wales,ods_gp_practice,RO177,PRESCRIBING COST CENTRE,"RO177,RO76",https://directory.spineservices.nhs.uk/ORD/2-0-0/organisations/W92021,2023-08-22,7842,statswales_hlth0426,https://statswales.gov.wales/Download/File?fileName=HLTH0426.zip,202504,People's Experience Survey,equivalent_identified_not_yet_wired,national_framework,https://www.gov.wales/peoples-experience-framework,"Primary-care patient-experience framework exists, but this builder does not yet pull a practice-level Wales survey feed.",FAIRFIELD SURGERY SA15 3AE
TY ELLI GROUP PRACTICE,W92052,SA15 3BD,"VAUXHALL, LLANELLI",01554 772678,,,,,,,WALES,wales,ods_gp_practice,RO177,PRESCRIBING COST CENTRE,"RO177,RO76",https://directory.spineservices.nhs.uk/ORD/2-0-0/organisations/W92052,2023-08-22,14081,statswales_hlth0426,https://statswales.gov.wales/Download/File?fileName=HLTH0426.zip,202504,People's Experience Survey,equivalent_identified_not_yet_wired,national_framework,https://www.gov.wales/peoples-experience-framework,"Primary-care patient-experience framework exists, but this builder does not yet pull a practice-level Wales survey feed.",TY ELLI GROUP PRACTICE SA15 3BD
ASH GROVE MEDICAL CENTRE,W00133,SA15 3JH,"THOMAS STREET, LLANELLI",01554 780900,,,,,,,WALES,wales,ods_gp_practice,RO177,PRESCRIBING COST CENTRE,"RO177,RO76",https://directory.spineservices.nhs.uk/ORD/2-0-0/organisations/W00133,2023-08-22,8035,statswales_hlth0426,https://statswales.gov.wales/Download/File?fileName=HLTH0426.zip,202504,People's Experience Survey,equivalent_identified_not_yet_wired,national_framework,https://www.gov.wales/peoples-experience-framework,"Primary-care patient-experience framework exists, but this builder does not yet pull a practice-level Wales survey feed.",ASH GROVE MEDICAL CENTRE SA15 3JH
COALBROOK SURGERY,W92046,SA15 5HU,"COALBROOK ROAD, PONTYBEREM, LLANELLI",01269 506960,,,,,,,WALES,wales,ods_gp_practice,RO177,PRESCRIBING COST CENTRE,"RO177,RO76",https://directory.spineservices.nhs.uk/ORD/2-0-0/organisations/W92046,2024-05-15,4944,statswales_hlth0426,https://statswales.gov.wales/Download/File?fileName=HLTH0426.zip,202504,People's Experience Survey,equivalent_identified_not_yet_wired,national_framework,https://www.gov.wales/peoples-experience-framework,"Primary-care patient-experience framework exists, but this builder does not yet pull a practice-level Wales survey feed.",COALBROOK SURGERY SA15 5HU
MEDDYGFA'R SARN,W92013,SA15 5TR,"12 HEOL Y MEINCIAU, PONTYATES, LLANELLI",01269 860348,,,,,,,WALES,wales,ods_gp_practice,RO177,PRESCRIBING COST CENTRE,"RO177,RO76",https://directory.spineservices.nhs.uk/ORD/2-0-0/organisations/W92013,2023-08-22,4346,statswales_hlth0426,https://statswales.gov.wales/Download/File?fileName=HLTH0426.zip,202504,People's Experience Survey,equivalent_identified_not_yet_wired,national_framework,https://www.gov.wales/peoples-experience-framework,"Primary-care patient-experience framework exists, but this builder does not yet pull a practice-level Wales survey feed.",MEDDYGFA'R SARN SA15 5TR
MEDDYGFA TYWYN BACH,W92031,SA16 0BN,"PARC Y MINOS STREET, BURRY PORT",01554 832240,,,,,,,WALES,wales,ods_gp_practice,RO177,PRESCRIBING COST CENTRE,"RO177,RO76",https://directory.spineservices.nhs.uk/ORD/2-0-0/organisations/W92031,2023-08-22,7464,statswales_hlth0426,https://statswales.gov.wales/Download/File?fileName=HLTH0426.zip,202504,People's Experience Survey,equivalent_identified_not_yet_wired,national_framework,https://www.gov.wales/peoples-experience-framework,"Primary-care patient-experience framework exists, but this builder does not yet pull a practice-level Wales survey feed.",MEDDYGFA TYWYN BACH SA16 0BN
MEDDYGFA MINAFON,W92003,SA17 4UL,"HILLFIELD VILLAS, KIDWELLY",01554 890234,,,,,,,WALES,wales,ods_gp_practice,RO177,PRESCRIBING COST CENTRE,"RO177,RO76",https://directory.spineservices.nhs.uk/ORD/2-0-0/organisations/W92003,2023-08-22,8539,statswales_hlth0426,https://statswales.gov.wales/Download/File?fileName=HLTH0426.zip,202504,People's Experience Survey,equivalent_identified_not_yet_wired,national_framework,https://www.gov.wales/peoples-experience-framework,"Primary-care patient-experience framework exists, but this builder does not yet pull a practice-level Wales survey feed.",MEDDYGFA MINAFON SA17 4UL
AMMAN TAWE PARTNERSHIP,W00142,SA18 1EG,"1 GRAIG ROAD, GWAUN CAE GURWEN, AMMANFORD",01269 822231,,,,,,,WALES,wales,ods_gp_practice,RO177,PRESCRIBING COST CENTRE,"RO177,RO76",https://directory.spineservices.nhs.uk/ORD/2-0-0/organisations/W00142,2023-08-22,6443,statswales_hlth0426,https://statswales.gov.wales/Download/File?fileName=HLTH0426.zip,202504,People's Experience Survey,equivalent_identified_not_yet_wired,national_framework,https://www.gov.wales/peoples-experience-framework,"Primary-care patient-experience framework exists, but this builder does not yet pull a practice-level Wales survey feed.",AMMAN TAWE PARTNERSHIP SA18 1EG
BRYNTEG SURGERY,W92036,SA18 2DA,"BRYNMAWR AVENUE, AMMANFORD",01269 592058,,,,,,,WALES,wales,ods_gp_practice,RO177,PRESCRIBING COST CENTRE,"RO177,RO76",https://directory.spineservices.nhs.uk/ORD/2-0-0/organisations/W92036,2023-08-22,10871,statswales_hlth0426,https://statswales.gov.wales/Download/File?fileName=HLTH0426.zip,202504,People's Experience Survey,equivalent_identified_not_yet_wired,national_framework,https://www.gov.wales/peoples-experience-framework,"Primary-care patient-experience framework exists, but this builder does not yet pull a practice-level Wales survey feed.",BRYNTEG SURGERY SA18 2DA
MARGARET STREET PRACTICE,W92040,SA18 2PJ,"MARGARET STREET, AMMANFORD",01269 592777,,,,,,,WALES,wales,ods_gp_practice,RO177,PRESCRIBING COST CENTRE,"RO177,RO76",https://directory.spineservices.nhs.uk/ORD/2-0-0/organisations/W92040,2024-08-14,9497,statswales_hlth0426,https://statswales.gov.wales/Download/File?fileName=HLTH0426.zip,202504,People's Experience Survey,equivalent_identified_not_yet_wired,national_framework,https://www.gov.wales/peoples-experience-framework,"Primary-care patient-experience framework exists, but this builder does not yet pull a practice-level Wales survey feed.",MARGARET STREET PRACTICE SA18 2PJ
MEDDYGFA TEILO,W92009,SA19 6HN,"CRESCENT ROAD, LLANDEILO",01558 823435,,,,,,,WALES,wales,ods_gp_practice,RO177,PRESCRIBING COST CENTRE,"RO177,RO76",https://directory.spineservices.nhs.uk/ORD/2-0-0/organisations/W92009,2025-12-02,9744,statswales_hlth0426,https://statswales.gov.wales/Download/File?fileName=HLTH0426.zip,202504,People's Experience Survey,equivalent_identified_not_yet_wired,national_framework,https://www.gov.wales/peoples-experience-framework,"Primary-care patient-experience framework exists, but this builder does not yet pull a practice-level Wales survey feed.",MEDDYGFA TEILO SA19 6HN
THE GROVE MEDICAL CENTRE,W98023,SA2 0GU,"6 UPLANDS TERRACE, UPLANDS, SWANSEA",01792 643000,,,,,,,WALES,wales,ods_gp_practice,RO177,PRESCRIBING COST CENTRE,"RO177,RO76",https://directory.spineservices.nhs.uk/ORD/2-0-0/organisations/W98023,2023-08-22,8623,statswales_hlth0426,https://statswales.gov.wales/Download/File?fileName=HLTH0426.zip,202504,People's Experience Survey,equivalent_identified_not_yet_wired,national_framework,https://www.gov.wales/peoples-experience-framework,"Primary-care patient-experience framework exists, but this builder does not yet pull a practice-level Wales survey feed.",THE GROVE MEDICAL CENTRE SA2 0GU
UPLANDS & MUMBLES SURGERY,W98049,SA2 0LJ,"46-48 SKETTY ROAD, SWANSEA",01792 298554,,,,,,,WALES,wales,ods_gp_practice,RO177,PRESCRIBING COST CENTRE,"RO177,RO76",https://directory.spineservices.nhs.uk/ORD/2-0-0/organisations/W98049,2023-08-22,10389,statswales_hlth0426,https://statswales.gov.wales/Download/File?fileName=HLTH0426.zip,202504,People's Experience Survey,equivalent_identified_not_yet_wired,national_framework,https://www.gov.wales/peoples-experience-framework,"Primary-care patient-experience framework exists, but this builder does not yet pull a practice-level Wales survey feed.",UPLANDS & MUMBLES SURGERY SA2 0LJ
UNIVERSITY HEALTH CENTRE,W98053,SA2 8PG,"PENMAEN RESIDENCES, SINGLETON PARK, SWANSEA",01792 295321,,,,,,,WALES,wales,ods_gp_practice,RO177,PRESCRIBING COST CENTRE,"RO177,RO76",https://directory.spineservices.nhs.uk/ORD/2-0-0/organisations/W98053,2023-08-22,7148,statswales_hlth0426,https://statswales.gov.wales/Download/File?fileName=HLTH0426.zip,202504,People's Experience Survey,equivalent_identified_not_yet_wired,national_framework,https://www.gov.wales/peoples-experience-framework,"Primary-care patient-experience framework exists, but this builder does not yet pull a practice-level Wales survey feed.",UNIVERSITY HEALTH CENTRE SA2 8PG
SKETTY & KILLAY MEDICAL CENTRE,W98021,SA2 9EA,"SKETTY SURGERY, DE LA BECHE ROAD, SWANSEA",01792 206862,,,,,,,WALES,wales,ods_gp_practice,RO177,PRESCRIBING COST CENTRE,"RO177,RO76",https://directory.spineservices.nhs.uk/ORD/2-0-0/organisations/W98021,2023-08-22,22147,statswales_hlth0426,https://statswales.gov.wales/Download/File?fileName=HLTH0426.zip,202504,People's Experience Survey,equivalent_identified_not_yet_wired,national_framework,https://www.gov.wales/peoples-experience-framework,"Primary-care patient-experience framework exists, but this builder does not yet pull a practice-level Wales survey feed.",SKETTY & KILLAY MEDICAL CENTRE SA2 9EA
LLANFAIR SURGERY,W92055,SA20 0HY,"LLANFAIR ROAD, LLANDOVERY",01550 720648,,,,,,,WALES,wales,ods_gp_practice,RO177,PRESCRIBING COST CENTRE,"RO177,RO76",https://directory.spineservices.nhs.uk/ORD/2-0-0/organisations/W92055,2023-08-22,5609,statswales_hlth0426,https://statswales.gov.wales/Download/File?fileName=HLTH0426.zip,202504,People's Experience Survey,equivalent_identified_not_yet_wired,national_framework,https://www.gov.wales/peoples-experience-framework,"Primary-care patient-experience framework exists, but this builder does not yet pull a practice-level Wales survey feed.",LLANFAIR SURGERY SA20 0HY
GOWER MEDICAL PRACTICE,W98045,SA3 1AY,"MONKSLAND ROAD, SCURLAGE, SWANSEA",01792 390413,,,,,,,WALES,wales,ods_gp_practice,RO177,PRESCRIBING COST CENTRE,"RO177,RO76",https://directory.spineservices.nhs.uk/ORD/2-0-0/organisations/W98045,2023-08-22,6463,statswales_hlth0426,https://statswales.gov.wales/Download/File?fileName=HLTH0426.zip,202504,People's Experience Survey,equivalent_identified_not_yet_wired,national_framework,https://www.gov.wales/peoples-experience-framework,"Primary-care patient-experience framework exists, but this builder does not yet pull a practice-level Wales survey feed.",GOWER MEDICAL PRACTICE SA3 1AY
KINGS ROAD SURGERY,W98055,SA3 4AJ,"2-6 KINGS ROAD, MUMBLES, SWANSEA",01792 360933,,,,,,,WALES,wales,ods_gp_practice,RO177,PRESCRIBING COST CENTRE,"RO177,RO76",https://directory.spineservices.nhs.uk/ORD/2-0-0/organisations/W98055,2023-08-22,3780,statswales_hlth0426,https://statswales.gov.wales/Download/File?fileName=HLTH0426.zip,202504,People's Experience Survey,equivalent_identified_not_yet_wired,national_framework,https://www.gov.wales/peoples-experience-framework,"Primary-care patient-experience framework exists, but this builder does not yet pull a practice-level Wales survey feed.",KINGS ROAD SURGERY SA3 4AJ
THE MUMBLES MEDICAL PRACTICE,W98033,SA3 5UA,"10 WEST CROSS AVENUE, WEST CROSS, SWANSEA",01792 403010,,,,,,,WALES,wales,ods_gp_practice,RO177,PRESCRIBING COST CENTRE,"RO177,RO76",https://directory.spineservices.nhs.uk/ORD/2-0-0/organisations/W98033,2023-08-22,7842,statswales_hlth0426,https://statswales.gov.wales/Download/File?fileName=HLTH0426.zip,202504,People's Experience Survey,equivalent_identified_not_yet_wired,national_framework,https://www.gov.wales/peoples-experience-framework,"Primary-care patient-experience framework exists, but this builder does not yet pull a practice-level Wales survey feed.",THE MUMBLES MEDICAL PRACTICE SA3 5UA
ST PETER'S SURGERY,W92050,SA31 1AH,"ST. PETERS SURGERY, ST. PETERS STREET, CARMARTHEN",01267 236841,,,,,,,WALES,wales,ods_gp_practice,RO177,PRESCRIBING COST CENTRE,"RO177,RO76",https://directory.spineservices.nhs.uk/ORD/2-0-0/organisations/W92050,2023-08-22,6811,statswales_hlth0426,https://statswales.gov.wales/Download/File?fileName=HLTH0426.zip,202504,People's Experience Survey,equivalent_identified_not_yet_wired,national_framework,https://www.gov.wales/peoples-experience-framework,"Primary-care patient-experience framework exists, but this builder does not yet pull a practice-level Wales survey feed.",ST PETER'S SURGERY SA31 1AH
FURNACE HOUSE SURGERY,W92016,SA31 1EX,"ST. ANDREWS ROAD, CARMARTHEN",01267 236616,,,,,,,WALES,wales,ods_gp_practice,RO177,PRESCRIBING COST CENTRE,"RO177,RO76",https://directory.spineservices.nhs.uk/ORD/2-0-0/organisations/W92016,2023-08-22,14912,statswales_hlth0426,https://statswales.gov.wales/Download/File?fileName=HLTH0426.zip,202504,People's Experience Survey,equivalent_identified_not_yet_wired,national_framework,https://www.gov.wales/peoples-experience-framework,"Primary-care patient-experience framework exists, but this builder does not yet pull a practice-level Wales survey feed.",FURNACE HOUSE SURGERY SA31 1EX
MORFA LANE SURGERY,W92616,SA31 3HB,"MEDDYGFA PARC, BULIDING 8, CARMARTHEN",01267 234774,,,,,,,WALES,wales,ods_gp_practice,RO177,PRESCRIBING COST CENTRE,"RO177,RO76",https://directory.spineservices.nhs.uk/ORD/2-0-0/organisations/W92616,2026-03-18,3979,statswales_hlth0426,https://statswales.gov.wales/Download/File?fileName=HLTH0426.zip,202504,People's Experience Survey,equivalent_identified_not_yet_wired,national_framework,https://www.gov.wales/peoples-experience-framework,"Primary-care patient-experience framework exists, but this builder does not yet pull a practice-level Wales survey feed.",MORFA LANE SURGERY SA31 3HB
MEDDYGFA TYWI,W92063,SA32 7LG,"STATION ROAD, NANTGAREDIG, CARMARTHEN",01267 290240,,,,,,,WALES,wales,ods_gp_practice,RO177,PRESCRIBING COST CENTRE,"RO177,RO76",https://directory.spineservices.nhs.uk/ORD/2-0-0/organisations/W92063,2023-08-22,4419,statswales_hlth0426,https://statswales.gov.wales/Download/File?fileName=HLTH0426.zip,202504,People's Experience Survey,equivalent_identified_not_yet_wired,national_framework,https://www.gov.wales/peoples-experience-framework,"Primary-care patient-experience framework exists, but this builder does not yet pull a practice-level Wales survey feed.",MEDDYGFA TYWI SA32 7LG
COACH & HORSES SURGERY,W92007,SA33 4AA,"PENTRE ROAD, ST. CLEARS, CARMARTHEN",01994 230379,,,,,,,WALES,wales,ods_gp_practice,RO177,PRESCRIBING COST CENTRE,"RO177,RO76",https://directory.spineservices.nhs.uk/ORD/2-0-0/organisations/W92007,2023-08-22,7285,statswales_hlth0426,https://statswales.gov.wales/Download/File?fileName=HLTH0426.zip,202504,People's Experience Survey,equivalent_identified_not_yet_wired,national_framework,https://www.gov.wales/peoples-experience-framework,"Primary-care patient-experience framework exists, but this builder does not yet pull a practice-level Wales survey feed.",COACH & HORSES SURGERY SA33 4AA
MEDDYGFA TAF,W92023,SA34 0AT,"NORTH ROAD, WHITLAND",01994 240195,,,,,,,WALES,wales,ods_gp_practice,RO177,PRESCRIBING COST CENTRE,"RO177,RO76",https://directory.spineservices.nhs.uk/ORD/2-0-0/organisations/W92023,2025-09-18,7694,statswales_hlth0426,https://statswales.gov.wales/Download/File?fileName=HLTH0426.zip,202504,People's Experience Survey,equivalent_identified_not_yet_wired,national_framework,https://www.gov.wales/peoples-experience-framework,"Primary-care patient-experience framework exists, but this builder does not yet pull a practice-level Wales survey feed.",MEDDYGFA TAF SA34 0AT
MEDDYGFA EMLYN,W92018,SA38 9NS,"LLOYDS TERRACE, ADPAR, NEWCASTLE EMLYN",01239 710479,,,,,,,WALES,wales,ods_gp_practice,RO177,PRESCRIBING COST CENTRE,"RO177,RO76",https://directory.spineservices.nhs.uk/ORD/2-0-0/organisations/W92018,2023-08-22,10244,statswales_hlth0426,https://statswales.gov.wales/Download/File?fileName=HLTH0426.zip,202504,People's Experience Survey,equivalent_identified_not_yet_wired,national_framework,https://www.gov.wales/peoples-experience-framework,"Primary-care patient-experience framework exists, but this builder does not yet pull a practice-level Wales survey feed.",MEDDYGFA EMLYN SA38 9NS
ESTUARY GROUP PRACTICE,W98012,SA4 3ED,"22 MILL STREET, GOWERTON, SWANSEA",01792 872404,,,,,,,WALES,wales,ods_gp_practice,RO177,PRESCRIBING COST CENTRE,"RO177,RO76",https://directory.spineservices.nhs.uk/ORD/2-0-0/organisations/W98012,2023-08-22,20421,statswales_hlth0426,https://statswales.gov.wales/Download/File?fileName=HLTH0426.zip,202504,People's Experience Survey,equivalent_identified_not_yet_wired,national_framework,https://www.gov.wales/peoples-experience-framework,"Primary-care patient-experience framework exists, but this builder does not yet pull a practice-level Wales survey feed.",ESTUARY GROUP PRACTICE SA4 3ED
TY'R FELIN SURGERY,W98034,SA4 4BY,"CECIL ROAD, GORSEINON, SWANSEA",01792 898844,,,,,,,WALES,wales,ods_gp_practice,RO177,PRESCRIBING COST CENTRE,"RO177,RO76",https://directory.spineservices.nhs.uk/ORD/2-0-0/organisations/W98034,2023-08-22,11761,statswales_hlth0426,https://statswales.gov.wales/Download/File?fileName=HLTH0426.zip,202504,People's Experience Survey,equivalent_identified_not_yet_wired,national_framework,https://www.gov.wales/peoples-experience-framework,"Primary-care patient-experience framework exists, but this builder does not yet pull a practice-level Wales survey feed.",TY'R FELIN SURGERY SA4 4BY
PRINCESS STREET SURGERY,W98008,SA4 4US,"PRINCESS STREET, GORSEINON, SWANSEA",01792 895681,,,,,,,WALES,wales,ods_gp_practice,RO177,PRESCRIBING COST CENTRE,"RO177,RO76",https://directory.spineservices.nhs.uk/ORD/2-0-0/organisations/W98008,2023-08-22,7679,statswales_hlth0426,https://statswales.gov.wales/Download/File?fileName=HLTH0426.zip,202504,People's Experience Survey,equivalent_identified_not_yet_wired,national_framework,https://www.gov.wales/peoples-experience-framework,"Primary-care patient-experience framework exists, but this builder does not yet pull a practice-level Wales survey feed.",PRINCESS STREET SURGERY SA4 4US
TALYBONT SURGERY,W98013,SA4 8TJ,"STATION ROAD, PONTARDDULAIS, SWANSEA",01792 882368,,,,,,,WALES,wales,ods_gp_practice,RO177,PRESCRIBING COST CENTRE,"RO177,RO76",https://directory.spineservices.nhs.uk/ORD/2-0-0/organisations/W98013,2023-08-22,9857,statswales_hlth0426,https://statswales.gov.wales/Download/File?fileName=HLTH0426.zip,202504,People's Experience Survey,equivalent_identified_not_yet_wired,national_framework,https://www.gov.wales/peoples-experience-framework,"Primary-care patient-experience framework exists, but this builder does not yet pull a practice-level Wales survey feed.",TALYBONT SURGERY SA4 8TJ
NEWPORT SURGERY,W92064,SA42 0TJ,"LONG STREET, NEWPORT",01239 820397,,,,,,,WALES,wales,ods_gp_practice,RO177,PRESCRIBING COST CENTRE,"RO177,RO76",https://directory.spineservices.nhs.uk/ORD/2-0-0/organisations/W92064,2023-08-22,8352,statswales_hlth0426,https://statswales.gov.wales/Download/File?fileName=HLTH0426.zip,202504,People's Experience Survey,equivalent_identified_not_yet_wired,national_framework,https://www.gov.wales/peoples-experience-framework,"Primary-care patient-experience framework exists, but this builder does not yet pull a practice-level Wales survey feed.",NEWPORT SURGERY SA42 0TJ
ASHLEIGH SURGERY,W92065,SA43 1ED,"NAPIER STREET, CARDIGAN",01239 621227,,,,,,,WALES,wales,ods_gp_practice,RO177,PRESCRIBING COST CENTRE,"RO177,RO76",https://directory.spineservices.nhs.uk/ORD/2-0-0/organisations/W92065,2023-08-22,,statswales_hlth0426,https://statswales.gov.wales/Download/File?fileName=HLTH0426.zip,202504,People's Experience Survey,equivalent_identified_not_yet_wired,national_framework,https://www.gov.wales/peoples-experience-framework,"Primary-care patient-experience framework exists, but this builder does not yet pull a practice-level Wales survey feed.",ASHLEIGH SURGERY SA43 1ED
CARDIGAN HEALTH CENTRE,W92044,SA43 1JX,"CARDIGAN INTERGRATED CARE, RHODFA'R FELIN, CARDIGAN",01239 612021,,,,,,,WALES,wales,ods_gp_practice,RO177,PRESCRIBING COST CENTRE,"RO177,RO76",https://directory.spineservices.nhs.uk/ORD/2-0-0/organisations/W92044,2023-08-22,10352,statswales_hlth0426,https://statswales.gov.wales/Download/File?fileName=HLTH0426.zip,202504,People's Experience Survey,equivalent_identified_not_yet_wired,national_framework,https://www.gov.wales/peoples-experience-framework,"Primary-care patient-experience framework exists, but this builder does not yet pull a practice-level Wales survey feed.",CARDIGAN HEALTH CENTRE SA43 1JX
LLYNYFRAN SURGERY,W92019,SA44 4JX,"MEDDYGFA LLYNYFRAN, LLYN Y FRAN ROAD, LLANDYSUL",01559 364000,,,,,,,WALES,wales,ods_gp_practice,RO177,PRESCRIBING COST CENTRE,"RO177,RO76",https://directory.spineservices.nhs.uk/ORD/2-0-0/organisations/W92019,2023-08-22,9750,statswales_hlth0426,https://statswales.gov.wales/Download/File?fileName=HLTH0426.zip,202504,People's Experience Survey,equivalent_identified_not_yet_wired,national_framework,https://www.gov.wales/peoples-experience-framework,"Primary-care patient-experience framework exists, but this builder does not yet pull a practice-level Wales survey feed.",LLYNYFRAN SURGERY SA44 4JX
MEDDYGFA TEIFI SURGERY,W92034,SA44 4QJ,"NEW ROAD, LLANDYSUL",01559 362221,,,,,,,WALES,wales,ods_gp_practice,RO177,PRESCRIBING COST CENTRE,"RO177,RO76",https://directory.spineservices.nhs.uk/ORD/2-0-0/organisations/W92034,2023-08-22,,statswales_hlth0426,https://statswales.gov.wales/Download/File?fileName=HLTH0426.zip,202504,People's Experience Survey,equivalent_identified_not_yet_wired,national_framework,https://www.gov.wales/peoples-experience-framework,"Primary-care patient-experience framework exists, but this builder does not yet pull a practice-level Wales survey feed.",MEDDYGFA TEIFI SURGERY SA44 4QJ
NEW QUAY SURGERY,W92005,SA45 9PB,"CHURCH ROAD, NEW QUAY",01545 560203,,,,,,,WALES,wales,ods_gp_practice,RO177,PRESCRIBING COST CENTRE,"RO177,RO76",https://directory.spineservices.nhs.uk/ORD/2-0-0/organisations/W92005,2023-08-22,5109,statswales_hlth0426,https://statswales.gov.wales/Download/File?fileName=HLTH0426.zip,202504,People's Experience Survey,equivalent_identified_not_yet_wired,national_framework,https://www.gov.wales/peoples-experience-framework,"Primary-care patient-experience framework exists, but this builder does not yet pull a practice-level Wales survey feed.",NEW QUAY SURGERY SA45 9PB
TANYFRON SURGERY,W92022,SA46 0DY,"ABERAERON INTEGRATED CARE, VICARAGE HILL, ABERAERON",01545 570271,,,,,,,WALES,wales,ods_gp_practice,RO177,PRESCRIBING COST CENTRE,"RO177,RO76",https://directory.spineservices.nhs.uk/ORD/2-0-0/organisations/W92022,2023-08-22,7171,statswales_hlth0426,https://statswales.gov.wales/Download/File?fileName=HLTH0426.zip,202504,People's Experience Survey,equivalent_identified_not_yet_wired,national_framework,https://www.gov.wales/peoples-experience-framework,"Primary-care patient-experience framework exists, but this builder does not yet pull a practice-level Wales survey feed.",TANYFRON SURGERY SA46 0DY
BRO PEDR MEDICAL GROUP,W92039,SA48 7AA,"TALIESYN SURGERY, TALIESYN COURT, LAMPETER",01570 422665,,,,,,,WALES,wales,ods_gp_practice,RO177,PRESCRIBING COST CENTRE,"RO177,RO76",https://directory.spineservices.nhs.uk/ORD/2-0-0/organisations/W92039,2023-08-22,12093,statswales_hlth0426,https://statswales.gov.wales/Download/File?fileName=HLTH0426.zip,202504,People's Experience Survey,equivalent_identified_not_yet_wired,national_framework,https://www.gov.wales/peoples-experience-framework,"Primary-care patient-experience framework exists, but this builder does not yet pull a practice-level Wales survey feed.",BRO PEDR MEDICAL GROUP SA48 7AA
DR BENSUSAN & PARTNERS,W98007,SA5 5AA,"PR2 FFORESTFACH MEDICL CENTRE, RAVENHILL ROAD, SWANSEA",01792 581666,,,,,,,WALES,wales,ods_gp_practice,RO177,PRESCRIBING COST CENTRE,"RO177,RO76",https://directory.spineservices.nhs.uk/ORD/2-0-0/organisations/W98007,2023-08-22,6535,statswales_hlth0426,https://statswales.gov.wales/Download/File?fileName=HLTH0426.zip,202504,People's Experience Survey,equivalent_identified_not_yet_wired,national_framework,https://www.gov.wales/peoples-experience-framework,"Primary-care patient-experience framework exists, but this builder does not yet pull a practice-level Wales survey feed.",DR BENSUSAN & PARTNERS SA5 5AA
DR POWELL & PARTNERS,W98028,SA5 5AA,"PR1 FFORESTFACH MEDICAL CENTRE, RAVENHILL ROAD, SWANSEA",01792 581666,,,,,,,WALES,wales,ods_gp_practice,RO177,PRESCRIBING COST CENTRE,"RO177,RO76",https://directory.spineservices.nhs.uk/ORD/2-0-0/organisations/W98028,2023-08-22,7756,statswales_hlth0426,https://statswales.gov.wales/Download/File?fileName=HLTH0426.zip,202504,People's Experience Survey,equivalent_identified_not_yet_wired,national_framework,https://www.gov.wales/peoples-experience-framework,"Primary-care patient-experience framework exists, but this builder does not yet pull a practice-level Wales survey feed.",DR POWELL & PARTNERS SA5 5AA
CHERITON MEDICAL CENTRE,W98612,SA5 5LA,"CHERITON CRESCENT, PORTMEAD, SWANSEA",01792 561122,,,,,,,WALES,wales,ods_gp_practice,RO177,PRESCRIBING COST CENTRE,"RO177,RO76",https://directory.spineservices.nhs.uk/ORD/2-0-0/organisations/W98612,2023-08-22,,statswales_hlth0426,https://statswales.gov.wales/Download/File?fileName=HLTH0426.zip,202504,People's Experience Survey,equivalent_identified_not_yet_wired,national_framework,https://www.gov.wales/peoples-experience-framework,"Primary-care patient-experience framework exists, but this builder does not yet pull a practice-level Wales survey feed.",CHERITON MEDICAL CENTRE SA5 5LA
MANSELTON SURGERY,W98043,SA5 8QE,"ELGIN STREET, MANSELTON, SWANSEA",01792 653643,,,,,,,WALES,wales,ods_gp_practice,RO177,PRESCRIBING COST CENTRE,"RO177,RO76",https://directory.spineservices.nhs.uk/ORD/2-0-0/organisations/W98043,2023-08-22,4782,statswales_hlth0426,https://statswales.gov.wales/Download/File?fileName=HLTH0426.zip,202504,People's Experience Survey,equivalent_identified_not_yet_wired,national_framework,https://www.gov.wales/peoples-experience-framework,"Primary-care patient-experience framework exists, but this builder does not yet pull a practice-level Wales survey feed.",MANSELTON SURGERY SA5 8QE
BRYNHYFRYD MEDICAL CENTRE,W98004,SA5 9EA,"499 LLANGYFELACH ROAD, BRYNHYFRYD, SWANSEA",01792 532185,,,,,,,WALES,wales,ods_gp_practice,RO177,PRESCRIBING COST CENTRE,"RO177,RO76",https://directory.spineservices.nhs.uk/ORD/2-0-0/organisations/W98004,2023-08-22,10501,statswales_hlth0426,https://statswales.gov.wales/Download/File?fileName=HLTH0426.zip,202504,People's Experience Survey,equivalent_identified_not_yet_wired,national_framework,https://www.gov.wales/peoples-experience-framework,"Primary-care patient-experience framework exists, but this builder does not yet pull a practice-level Wales survey feed.",BRYNHYFRYD MEDICAL CENTRE SA5 9EA
CWMTAWE MEDICAL GROUP,W98022,SA6 5LN,"80 HIGH STREET, CLYDACH, SWANSEA",01792 843831,,,,,,,WALES,wales,ods_gp_practice,RO177,PRESCRIBING COST CENTRE,"RO177,RO76",https://directory.spineservices.nhs.uk/ORD/2-0-0/organisations/W98022,2025-12-02,25853,statswales_hlth0426,https://statswales.gov.wales/Download/File?fileName=HLTH0426.zip,202504,People's Experience Survey,equivalent_identified_not_yet_wired,national_framework,https://www.gov.wales/peoples-experience-framework,"Primary-care patient-experience framework exists, but this builder does not yet pull a practice-level Wales survey feed.",CWMTAWE MEDICAL GROUP SA6 5LN
STRAWBERRY PLACE SURGERY,W98044,SA6 7AQ,"5 STRAWBERRY PLACE, MORRISTON, SWANSEA",01792 522526,,,,,,,WALES,wales,ods_gp_practice,RO177,PRESCRIBING COST CENTRE,"RO177,RO76",https://directory.spineservices.nhs.uk/ORD/2-0-0/organisations/W98044,2025-04-17,7292,statswales_hlth0426,https://statswales.gov.wales/Download/File?fileName=HLTH0426.zip,202504,People's Experience Survey,equivalent_identified_not_yet_wired,national_framework,https://www.gov.wales/peoples-experience-framework,"Primary-care patient-experience framework exists, but this builder does not yet pull a practice-level Wales survey feed.",STRAWBERRY PLACE SURGERY SA6 7AQ
CLASE SURGERY,W98039,SA6 7NZ,"GREENHILL MEDICAL CENTRE, 88 MYNYDD GARNLWYD ROAD, SWANSEA",01792 412412,,,,,,,WALES,wales,ods_gp_practice,RO177,PRESCRIBING COST CENTRE,"RO177,RO76",https://directory.spineservices.nhs.uk/ORD/2-0-0/organisations/W98039,2025-04-23,4824,statswales_hlth0426,https://statswales.gov.wales/Download/File?fileName=HLTH0426.zip,202504,People's Experience Survey,equivalent_identified_not_yet_wired,national_framework,https://www.gov.wales/peoples-experience-framework,"Primary-care patient-experience framework exists, but this builder does not yet pull a practice-level Wales survey feed.",CLASE SURGERY SA6 7NZ
SAINT THOMAS SURGERY,W92002,SA61 1QX,"RIFLEMAN LANE, ST. THOMAS GREEN, HAVERFORDWEST",01437 762162,,,,,,,WALES,wales,ods_gp_practice,RO177,PRESCRIBING COST CENTRE,"RO177,RO76",https://directory.spineservices.nhs.uk/ORD/2-0-0/organisations/W92002,2023-08-22,13310,statswales_hlth0426,https://statswales.gov.wales/Download/File?fileName=HLTH0426.zip,202504,People's Experience Survey,equivalent_identified_not_yet_wired,national_framework,https://www.gov.wales/peoples-experience-framework,"Primary-care patient-experience framework exists, but this builder does not yet pull a practice-level Wales survey feed.",SAINT THOMAS SURGERY SA61 1QX
WINCH LANE SURGERY,W92042,SA61 1RN,"WINCH LANE, HAVERFORDWEST",01437 762333,,,,,,,WALES,wales,ods_gp_practice,RO177,PRESCRIBING COST CENTRE,"RO177,RO76",https://directory.spineservices.nhs.uk/ORD/2-0-0/organisations/W92042,2023-08-22,15565,statswales_hlth0426,https://statswales.gov.wales/Download/File?fileName=HLTH0426.zip,202504,People's Experience Survey,equivalent_identified_not_yet_wired,national_framework,https://www.gov.wales/peoples-experience-framework,"Primary-care patient-experience framework exists, but this builder does not yet pull a practice-level Wales survey feed.",WINCH LANE SURGERY SA61 1RN
BRAWDY MEDICAL FACILITY,W00200,SA62 6NN,"BRAWDY, HAVERFORDWEST",01437 725890,,,,,,,WALES,wales,ods_gp_practice,RO177,PRESCRIBING COST CENTRE,"RO177,RO76",https://directory.spineservices.nhs.uk/ORD/2-0-0/organisations/W00200,2023-08-22,,statswales_hlth0426,https://statswales.gov.wales/Download/File?fileName=HLTH0426.zip,202504,People's Experience Survey,equivalent_identified_not_yet_wired,national_framework,https://www.gov.wales/peoples-experience-framework,"Primary-care patient-experience framework exists, but this builder does not yet pull a practice-level Wales survey feed.",BRAWDY MEDICAL FACILITY SA62 6NN
ST. DAVIDS SURGERY ERYL M,W92058,SA62 6SS,"ST DAVIDS SURGERY, 36 NEW STREET, HAVERFORDWEST",01437 720303,,,,,,,WALES,wales,ods_gp_practice,RO177,PRESCRIBING COST CENTRE,"RO177,RO76",https://directory.spineservices.nhs.uk/ORD/2-0-0/organisations/W92058,2023-08-22,,statswales_hlth0426,https://statswales.gov.wales/Download/File?fileName=HLTH0426.zip,202504,People's Experience Survey,equivalent_identified_not_yet_wired,national_framework,https://www.gov.wales/peoples-experience-framework,"Primary-care patient-experience framework exists, but this builder does not yet pull a practice-level Wales survey feed.",ST. DAVIDS SURGERY ERYL M SA62 6SS
SOLVA SURGERY,W92059,SA62 6TW,"MEDDYGFA PENRHYN, PENINSULA PRACTICE, HAVERFORDWEST",01437 721306,,,,,,,WALES,wales,ods_gp_practice,RO177,PRESCRIBING COST CENTRE,"RO177,RO76",https://directory.spineservices.nhs.uk/ORD/2-0-0/organisations/W92059,2024-11-21,4631,statswales_hlth0426,https://statswales.gov.wales/Download/File?fileName=HLTH0426.zip,202504,People's Experience Survey,equivalent_identified_not_yet_wired,national_framework,https://www.gov.wales/peoples-experience-framework,"Primary-care patient-experience framework exists, but this builder does not yet pull a practice-level Wales survey feed.",SOLVA SURGERY SA62 6TW
MEDDYGFA WDIG,W92061,SA64 0BN,"MAIN STREET, GOODWICK",01348 872802,,,,,,,WALES,wales,ods_gp_practice,RO177,PRESCRIBING COST CENTRE,"RO177,RO76",https://directory.spineservices.nhs.uk/ORD/2-0-0/organisations/W92061,2023-08-22,,statswales_hlth0426,https://statswales.gov.wales/Download/File?fileName=HLTH0426.zip,202504,People's Experience Survey,equivalent_identified_not_yet_wired,national_framework,https://www.gov.wales/peoples-experience-framework,"Primary-care patient-experience framework exists, but this builder does not yet pull a practice-level Wales survey feed.",MEDDYGFA WDIG SA64 0BN
FISHGUARD HEALTH CENTRE,W92015,SA65 9BT,"ROPEWALK, FISHGUARD",01348 430207,,,,,,,WALES,wales,ods_gp_practice,RO177,PRESCRIBING COST CENTRE,"RO177,RO76",https://directory.spineservices.nhs.uk/ORD/2-0-0/organisations/W92015,2023-08-22,9665,statswales_hlth0426,https://statswales.gov.wales/Download/File?fileName=HLTH0426.zip,202504,People's Experience Survey,equivalent_identified_not_yet_wired,national_framework,https://www.gov.wales/peoples-experience-framework,"Primary-care patient-experience framework exists, but this builder does not yet pull a practice-level Wales survey feed.",FISHGUARD HEALTH CENTRE SA65 9BT
NARBERTH SURGERY,W92038,SA67 7AA,"NORTHFIELD ROAD, NARBERTH",01834 860237,,,,,,,WALES,wales,ods_gp_practice,RO177,PRESCRIBING COST CENTRE,"RO177,RO76",https://directory.spineservices.nhs.uk/ORD/2-0-0/organisations/W92038,2023-08-22,8807,statswales_hlth0426,https://statswales.gov.wales/Download/File?fileName=HLTH0426.zip,202504,People's Experience Survey,equivalent_identified_not_yet_wired,national_framework,https://www.gov.wales/peoples-experience-framework,"Primary-care patient-experience framework exists, but this builder does not yet pull a practice-level Wales survey feed.",NARBERTH SURGERY SA67 7AA
SAUNDERSFOOT MEDICAL CENTRE,W92033,SA69 9JW,"WESTFIELD ROAD, SAUNDERSFOOT",01834 815115,,,,,,,WALES,wales,ods_gp_practice,RO177,PRESCRIBING COST CENTRE,"RO177,RO76",https://directory.spineservices.nhs.uk/ORD/2-0-0/organisations/W92033,2023-08-22,9935,statswales_hlth0426,https://statswales.gov.wales/Download/File?fileName=HLTH0426.zip,202504,People's Experience Survey,equivalent_identified_not_yet_wired,national_framework,https://www.gov.wales/peoples-experience-framework,"Primary-care patient-experience framework exists, but this builder does not yet pull a practice-level Wales survey feed.",SAUNDERSFOOT MEDICAL CENTRE SA69 9JW
LLWYN BRWYDRAU SURGERY,W98005,SA7 9RY,"3 FREDERICK PLACE, LLANSAMLET, SWANSEA",01792 771465,,,,,,,WALES,wales,ods_gp_practice,RO177,PRESCRIBING COST CENTRE,"RO177,RO76",https://directory.spineservices.nhs.uk/ORD/2-0-0/organisations/W98005,2023-08-22,10205,statswales_hlth0426,https://statswales.gov.wales/Download/File?fileName=HLTH0426.zip,202504,People's Experience Survey,equivalent_identified_not_yet_wired,national_framework,https://www.gov.wales/peoples-experience-framework,"Primary-care patient-experience framework exists, but this builder does not yet pull a practice-level Wales survey feed.",LLWYN BRWYDRAU SURGERY SA7 9RY
TENBY SURGERY,W92027,SA70 8AG,"THE NORTON, GAS LANE, TENBY",01834 840868,,,,,,,WALES,wales,ods_gp_practice,RO177,PRESCRIBING COST CENTRE,"RO177,RO76",https://directory.spineservices.nhs.uk/ORD/2-0-0/organisations/W92027,2024-11-07,7366,statswales_hlth0426,https://statswales.gov.wales/Download/File?fileName=HLTH0426.zip,202504,People's Experience Survey,equivalent_identified_not_yet_wired,national_framework,https://www.gov.wales/peoples-experience-framework,"Primary-care patient-experience framework exists, but this builder does not yet pull a practice-level Wales survey feed.",TENBY SURGERY SA70 8AG
ARGYLE MEDICAL GROUP,W00067,SA72 6HL,"ARGYLE STREET, PEMBROKE DOCK",01646 624198,,,,,,,WALES,wales,ods_gp_practice,RO177,PRESCRIBING COST CENTRE,"RO177,RO76",https://directory.spineservices.nhs.uk/ORD/2-0-0/organisations/W00067,2023-08-22,22440,statswales_hlth0426,https://statswales.gov.wales/Download/File?fileName=HLTH0426.zip,202504,People's Experience Survey,equivalent_identified_not_yet_wired,national_framework,https://www.gov.wales/peoples-experience-framework,"Primary-care patient-experience framework exists, but this builder does not yet pull a practice-level Wales survey feed.",ARGYLE MEDICAL GROUP SA72 6HL
NEYLAND SURGERY,W92440,SA73 1SH,"NEYLAND HEALTH CENTRE, ST CLEMENTS ROAD, MILFORD HAVEN",01646 600268,,,,,,,WALES,wales,ods_gp_practice,RO177,PRESCRIBING COST CENTRE,"RO177,RO76",https://directory.spineservices.nhs.uk/ORD/2-0-0/organisations/W92440,2023-08-22,5978,statswales_hlth0426,https://statswales.gov.wales/Download/File?fileName=HLTH0426.zip,202504,People's Experience Survey,equivalent_identified_not_yet_wired,national_framework,https://www.gov.wales/peoples-experience-framework,"Primary-care patient-experience framework exists, but this builder does not yet pull a practice-level Wales survey feed.",NEYLAND SURGERY SA73 1SH
BARLOW HOUSE SURGERY,W92008,SA73 2JW,"MANCHESTER SQUARE HEALTH CENTRE, MANCHESTER SQUARE, MILFORD HAVEN",01646 690674,,,,,,,WALES,wales,ods_gp_practice,RO177,PRESCRIBING COST CENTRE,"RO177,RO76",https://directory.spineservices.nhs.uk/ORD/2-0-0/organisations/W92008,2023-08-22,9173,statswales_hlth0426,https://statswales.gov.wales/Download/File?fileName=HLTH0426.zip,202504,People's Experience Survey,equivalent_identified_not_yet_wired,national_framework,https://www.gov.wales/peoples-experience-framework,"Primary-care patient-experience framework exists, but this builder does not yet pull a practice-level Wales survey feed.",BARLOW HOUSE SURGERY SA73 2JW
THE ROBERT STREET SURGERY,W92041,SA73 2JW,"MANCHESTER SQUARE, MILFORD HAVEN",01646 690690,,,,,,,WALES,wales,ods_gp_practice,RO177,PRESCRIBING COST CENTRE,"RO177,RO76",https://directory.spineservices.nhs.uk/ORD/2-0-0/organisations/W92041,2023-08-22,8361,statswales_hlth0426,https://statswales.gov.wales/Download/File?fileName=HLTH0426.zip,202504,People's Experience Survey,equivalent_identified_not_yet_wired,national_framework,https://www.gov.wales/peoples-experience-framework,"Primary-care patient-experience framework exists, but this builder does not yet pull a practice-level Wales survey feed.",THE ROBERT STREET SURGERY SA73 2JW
PONTARDAWE PRIMARY CARE CENTRE,W98001,SA8 4JU,"TAWE TERRACE, ALLOY INDUSTRIAL ESTATE, SWANSEA",01792 863103,,,,,,,WALES,wales,ods_gp_practice,RO177,PRESCRIBING COST CENTRE,"RO177,RO76",https://directory.spineservices.nhs.uk/ORD/2-0-0/organisations/W98001,2024-12-19,13192,statswales_hlth0426,https://statswales.gov.wales/Download/File?fileName=HLTH0426.zip,202504,People's Experience Survey,equivalent_identified_not_yet_wired,national_framework,https://www.gov.wales/peoples-experience-framework,"Primary-care patient-experience framework exists, but this builder does not yet pull a practice-level Wales survey feed.",PONTARDAWE PRIMARY CARE CENTRE SA8 4JU
PENGOROF SURGERY,W96002,SA9 1DS,"GOROF ROAD, LOWER CWMTWRCH, SWANSEA",01639 843221,,,,,,,WALES,wales,ods_gp_practice,RO177,PRESCRIBING COST CENTRE,"RO177,RO76",https://directory.spineservices.nhs.uk/ORD/2-0-0/organisations/W96002,2023-08-22,12568,statswales_hlth0426,https://statswales.gov.wales/Download/File?fileName=HLTH0426.zip,202504,People's Experience Survey,equivalent_identified_not_yet_wired,national_framework,https://www.gov.wales/peoples-experience-framework,"Primary-care patient-experience framework exists, but this builder does not yet pull a practice-level Wales survey feed.",PENGOROF SURGERY SA9 1DS
AMMAN TAWE PARTNERSHIP,W00143,SA9 2GH,"4 GWILYM ROAD, CWMLLYNFELL, SWANSEA",01639 830204,,,,,,,WALES,wales,ods_gp_practice,RO177,PRESCRIBING COST CENTRE,"RO177,RO76",https://directory.spineservices.nhs.uk/ORD/2-0-0/organisations/W00143,2023-08-22,3622,statswales_hlth0426,https://statswales.gov.wales/Download/File?fileName=HLTH0426.zip,202504,People's Experience Survey,equivalent_identified_not_yet_wired,national_framework,https://www.gov.wales/peoples-experience-framework,"Primary-care patient-experience framework exists, but this builder does not yet pull a practice-level Wales survey feed.",AMMAN TAWE PARTNERSHIP SA9 2GH
THE SURGERY,W91604,SY13 3DL,"SANDY LANE, HANMER, WHITCHURCH",01948 830223,,,,,,,WALES,wales,ods_gp_practice,RO177,PRESCRIBING COST CENTRE,"RO177,RO76",https://directory.spineservices.nhs.uk/ORD/2-0-0/organisations/W91604,2023-08-22,2007,statswales_hlth0426,https://statswales.gov.wales/Download/File?fileName=HLTH0426.zip,202504,People's Experience Survey,equivalent_identified_not_yet_wired,national_framework,https://www.gov.wales/peoples-experience-framework,"Primary-care patient-experience framework exists, but this builder does not yet pull a practice-level Wales survey feed.",THE SURGERY SY13 3DL
MONTGOMERY MEDICAL PRACTICE,W96001,SY15 6PF,"WELL STREET, MONTGOMERY",01686 668217,,,,,,,WALES,wales,ods_gp_practice,RO177,PRESCRIBING COST CENTRE,"RO177,RO76",https://directory.spineservices.nhs.uk/ORD/2-0-0/organisations/W96001,2023-08-22,8132,statswales_hlth0426,https://statswales.gov.wales/Download/File?fileName=HLTH0426.zip,202504,People's Experience Survey,equivalent_identified_not_yet_wired,national_framework,https://www.gov.wales/peoples-experience-framework,"Primary-care patient-experience framework exists, but this builder does not yet pull a practice-level Wales survey feed.",MONTGOMERY MEDICAL PRACTICE SY15 6PF
NEWTOWN MEDICAL CENTRE,W96015,SY16 1EF,"PARK STREET, NEWTOWN",01686 611611,,,,,,,WALES,wales,ods_gp_practice,RO177,PRESCRIBING COST CENTRE,"RO177,RO76",https://directory.spineservices.nhs.uk/ORD/2-0-0/organisations/W96015,2023-08-22,13553,statswales_hlth0426,https://statswales.gov.wales/Download/File?fileName=HLTH0426.zip,202504,People's Experience Survey,equivalent_identified_not_yet_wired,national_framework,https://www.gov.wales/peoples-experience-framework,"Primary-care patient-experience framework exists, but this builder does not yet pull a practice-level Wales survey feed.",NEWTOWN MEDICAL CENTRE SY16 1EF
THE ARWYSTLI MEDICAL PRACTICE,W96005,SY18 6EZ,"MOUNT LANE, LLANIDLOES",01686 412228,,,,,,,WALES,wales,ods_gp_practice,RO177,PRESCRIBING COST CENTRE,"RO177,RO76",https://directory.spineservices.nhs.uk/ORD/2-0-0/organisations/W96005,2023-08-22,9112,statswales_hlth0426,https://statswales.gov.wales/Download/File?fileName=HLTH0426.zip,202504,People's Experience Survey,equivalent_identified_not_yet_wired,national_framework,https://www.gov.wales/peoples-experience-framework,"Primary-care patient-experience framework exists, but this builder does not yet pull a practice-level Wales survey feed.",THE ARWYSTLI MEDICAL PRACTICE SY18 6EZ
GLANTWYMYN HEALTH CENTRE,W96011,SY20 8AD,"IECHYD BRO DDYFI-DYFI VAL, BRO DDYFI COMMUNITY HOSPITAL, MACHYNLLETH",01654 702224,,,,,,,WALES,wales,ods_gp_practice,RO177,PRESCRIBING COST CENTRE,"RO177,RO76",https://directory.spineservices.nhs.uk/ORD/2-0-0/organisations/W96011,2025-09-24,6767,statswales_hlth0426,https://statswales.gov.wales/Download/File?fileName=HLTH0426.zip,202504,People's Experience Survey,equivalent_identified_not_yet_wired,national_framework,https://www.gov.wales/peoples-experience-framework,"Primary-care patient-experience framework exists, but this builder does not yet pull a practice-level Wales survey feed.",GLANTWYMYN HEALTH CENTRE SY20 8AD
CAEREINION MEDICAL PRACTICE,W96009,SY21 0RT,"LLANFAIR CAEREINION, WELSHPOOL",01938 810279,,,,,,,WALES,wales,ods_gp_practice,RO177,PRESCRIBING COST CENTRE,"RO177,RO76",https://directory.spineservices.nhs.uk/ORD/2-0-0/organisations/W96009,2023-08-22,5871,statswales_hlth0426,https://statswales.gov.wales/Download/File?fileName=HLTH0426.zip,202504,People's Experience Survey,equivalent_identified_not_yet_wired,national_framework,https://www.gov.wales/peoples-experience-framework,"Primary-care patient-experience framework exists, but this builder does not yet pull a practice-level Wales survey feed.",CAEREINION MEDICAL PRACTICE SY21 0RT
WELSHPOOL MEDICAL CENTRE,W96010,SY21 7ER,"SALOP ROAD, WELSHPOOL",01938 553118,,,,,,,WALES,wales,ods_gp_practice,RO177,PRESCRIBING COST CENTRE,"RO177,RO76",https://directory.spineservices.nhs.uk/ORD/2-0-0/organisations/W96010,2023-08-22,11407,statswales_hlth0426,https://statswales.gov.wales/Download/File?fileName=HLTH0426.zip,202504,People's Experience Survey,equivalent_identified_not_yet_wired,national_framework,https://www.gov.wales/peoples-experience-framework,"Primary-care patient-experience framework exists, but this builder does not yet pull a practice-level Wales survey feed.",WELSHPOOL MEDICAL CENTRE SY21 7ER
LLANFYLLIN GROUP PRACTICE,W96012,SY22 5DG,"HIGH STREET, LLANFYLLIN",01691 648054,,,,,,,WALES,wales,ods_gp_practice,RO177,PRESCRIBING COST CENTRE,"RO177,RO76",https://directory.spineservices.nhs.uk/ORD/2-0-0/organisations/W96012,2023-08-22,11380,statswales_hlth0426,https://statswales.gov.wales/Download/File?fileName=HLTH0426.zip,202504,People's Experience Survey,equivalent_identified_not_yet_wired,national_framework,https://www.gov.wales/peoples-experience-framework,"Primary-care patient-experience framework exists, but this builder does not yet pull a practice-level Wales survey feed.",LLANFYLLIN GROUP PRACTICE SY22 5DG
MEDDYGFA'R LLAN,W92014,SY23 2DX,"CHURCH SURGERY, PORTLAND STREET, ABERYSTWYTH",01970 624855,,,,,,,WALES,wales,ods_gp_practice,RO177,PRESCRIBING COST CENTRE,"RO177,RO76",https://directory.spineservices.nhs.uk/ORD/2-0-0/organisations/W92014,2023-08-22,9257,statswales_hlth0426,https://statswales.gov.wales/Download/File?fileName=HLTH0426.zip,202504,People's Experience Survey,equivalent_identified_not_yet_wired,national_framework,https://www.gov.wales/peoples-experience-framework,"Primary-care patient-experience framework exists, but this builder does not yet pull a practice-level Wales survey feed.",MEDDYGFA'R LLAN SY23 2DX
MEDDYGFA PADARN SURGERY,W92024,SY23 3DU,"PENGLAIS ROAD, ABERYSTWYTH",01970 624545,,,,,,,WALES,wales,ods_gp_practice,RO177,PRESCRIBING COST CENTRE,"RO177,RO76",https://directory.spineservices.nhs.uk/ORD/2-0-0/organisations/W92024,2023-08-22,11358,statswales_hlth0426,https://statswales.gov.wales/Download/File?fileName=HLTH0426.zip,202504,People's Experience Survey,equivalent_identified_not_yet_wired,national_framework,https://www.gov.wales/peoples-experience-framework,"Primary-care patient-experience framework exists, but this builder does not yet pull a practice-level Wales survey feed.",MEDDYGFA PADARN SURGERY SY23 3DU
YSTWYTH MEDICAL GROUP,W92025,SY23 3TL,"PARC Y LLYN RETAIL PARK, LLANBADARN FAWR, ABERYSTWYTH",01970 613500,,,,,,,WALES,wales,ods_gp_practice,RO177,PRESCRIBING COST CENTRE,"RO177,RO76",https://directory.spineservices.nhs.uk/ORD/2-0-0/organisations/W92025,2023-08-22,9063,statswales_hlth0426,https://statswales.gov.wales/Download/File?fileName=HLTH0426.zip,202504,People's Experience Survey,equivalent_identified_not_yet_wired,national_framework,https://www.gov.wales/peoples-experience-framework,"Primary-care patient-experience framework exists, but this builder does not yet pull a practice-level Wales survey feed.",YSTWYTH MEDICAL GROUP SY23 3TL
LLANILAR HEALTH CENTRE,W92056,SY23 4PA,"LLANILAR, ABERYSTWYTH",01974 241556,,,,,,,WALES,wales,ods_gp_practice,RO177,PRESCRIBING COST CENTRE,"RO177,RO76",https://directory.spineservices.nhs.uk/ORD/2-0-0/organisations/W92056,2023-08-22,3253,statswales_hlth0426,https://statswales.gov.wales/Download/File?fileName=HLTH0426.zip,202504,People's Experience Survey,equivalent_identified_not_yet_wired,national_framework,https://www.gov.wales/peoples-experience-framework,"Primary-care patient-experience framework exists, but this builder does not yet pull a practice-level Wales survey feed.",LLANILAR HEALTH CENTRE SY23 4PA
BORTH SURGERY,W92006,SY24 5JE,"HIGH STREET, BORTH",01970 871475,,,,,,,WALES,wales,ods_gp_practice,RO177,PRESCRIBING COST CENTRE,"RO177,RO76",https://directory.spineservices.nhs.uk/ORD/2-0-0/organisations/W92006,2023-08-22,2617,statswales_hlth0426,https://statswales.gov.wales/Download/File?fileName=HLTH0426.zip,202504,People's Experience Survey,equivalent_identified_not_yet_wired,national_framework,https://www.gov.wales/peoples-experience-framework,"Primary-care patient-experience framework exists, but this builder does not yet pull a practice-level Wales survey feed.",BORTH SURGERY SY24 5JE
TREGARON SURGERY,W92053,SY25 6HA,"SALOP HOUSE, CHAPEL STREET, TREGARON",01974 298218,,,,,,,WALES,wales,ods_gp_practice,RO177,PRESCRIBING COST CENTRE,"RO177,RO76",https://directory.spineservices.nhs.uk/ORD/2-0-0/organisations/W92053,2023-08-22,3697,statswales_hlth0426,https://statswales.gov.wales/Download/File?fileName=HLTH0426.zip,202504,People's Experience Survey,equivalent_identified_not_yet_wired,national_framework,https://www.gov.wales/peoples-experience-framework,"Primary-care patient-experience framework exists, but this builder does not yet pull a practice-level Wales survey feed.",TREGARON SURGERY SY25 6HA
