{"type":"FeatureCollection","metadata":{"bundle_id":"bundle-028","practice_count":183,"feature_count":183},"features":[{"type":"Feature","properties":{"source_code":"G84010","codes":["G84010"],"label":"THE CHISLEHURST PARTNERSHIP"},"geometry":{"type":"MultiPolygon","coordinates":[[[[0.04205,51.42258],[0.04201,51.4226],[0.04214,51.42265],[0.04205,51.42258]]],[[[0.08239,51.40712],[0.08171,51.40799],[0.08224,51.4071],[0.08239,51.40712],[0.08347,51.40576],[0.08566,51.40392],[0.08656,51.4025],[0.08755,51.40124],[0.0912,51.4003],[0.09261,51.40002],[0.09306,51.40082],[0.09368,51.40115],[0.09398,51.40116],[0.09514,51.40087],[0.0963,51.40049],[0.09703,51.39998],[0.09703,51.39942],[0.09688,51.39899],[0.09554,51.39799],[0.09527,51.39708],[0.0948,51.39641],[0.09519,51.39564],[0.09104,51.3956],[0.08966,51.39579],[0.08897,51.39535],[0.08755,51.39492],[0.08823,51.394],[0.08896,51.39358],[0.08952,51.39315],[0.09025,51.39222],[0.09077,51.39125],[0.09042,51.39104],[0.07289,51.39006],[0.06993,51.39306],[0.0645,51.39752],[0.06096,51.39593],[0.05919,51.39719],[0.05796,51.39812],[0.05636,51.39864],[0.0563,51.39813],[0.05596,51.3957],[0.05424,51.39266],[0.05392,51.39063],[0.05116,51.38989],[0.04794,51.38949],[0.04442,51.39007],[0.04493,51.3922],[0.04495,51.39325],[0.04519,51.39436],[0.04525,51.39579],[0.04589,51.39616],[0.04586,51.39798],[0.04549,51.39985],[0.04515,51.40044],[0.04489,51.40087],[0.0445,51.40136],[0.04369,51.40159],[0.04292,51.40345],[0.0424,51.40542],[0.0403,51.40512],[0.03953,51.40718],[0.03959,51.40718],[0.03713,51.40783],[0.03475,51.40722],[0.03454,51.40849],[0.03446,51.40924],[0.03493,51.40978],[0.03429,51.41226],[0.03654,51.41299],[0.03909,51.41399],[0.0416,51.41415],[0.04419,51.4139],[0.04527,51.41408],[0.04579,51.41492],[0.04521,51.41598],[0.04042,51.4199],[0.03953,51.42049],[0.04205,51.42258],[0.04487,51.4212],[0.04755,51.42027],[0.0492,51.42281],[0.05046,51.42427],[0.05146,51.4252],[0.05356,51.42688],[0.05489,51.42771],[0.05665,51.42611],[0.05856,51.42519],[0.05956,51.42511],[0.06055,51.4254],[0.06281,51.4263],[0.06376,51.4267],[0.0642,51.42861],[0.06416,51.42954],[0.06493,51.42957],[0.0655,51.42981],[0.06583,51.42999],[0.06641,51.43019],[0.06738,51.4306],[0.06961,51.43312],[0.0695,51.43299],[0.06969,51.4332],[0.07407,51.43231],[0.07648,51.43168],[0.07866,51.43114],[0.08128,51.43052],[0.08257,51.43013],[0.08351,51.42969],[0.0845,51.4285],[0.08557,51.42736],[0.08785,51.42514],[0.09051,51.42306],[0.09244,51.42181],[0.09429,51.42062],[0.09733,51.41891],[0.09963,51.41765],[0.10411,51.41548],[0.103,51.41471],[0.10252,51.41454],[0.09819,51.41161],[0.09446,51.40989],[0.09285,51.40929],[0.08901,51.40804],[0.08716,51.40753],[0.08319,51.40725],[0.08239,51.40712]]],[[[0.06508,51.42957],[0.06522,51.42965],[0.065,51.42957],[0.06508,51.42957]]]]}},{"type":"Feature","properties":{"source_code":"G84609","codes":["G84609"],"label":"BANK HOUSE SURGERY"},"geometry":{"type":"Polygon","coordinates":[[[0.06969,51.37178],[0.09064,51.35779],[0.08931,51.3464],[0.08506,51.32991],[0.02438,51.33147],[0.03133,51.35334],[0.03974,51.37178],[0.04723,51.37162],[0.04905,51.37017],[0.05219,51.36648],[0.06969,51.37178]]]}},{"type":"Feature","properties":{"source_code":"G83026","codes":["G83026"],"label":"TRIVENI PMS"},"geometry":{"type":"Polygon","coordinates":[[[0.11278,51.50758],[0.11462,51.50776],[0.11533,51.50728],[0.11587,51.50651],[0.11657,51.5054],[0.11775,51.50439],[0.11885,51.50356],[0.11957,51.50271],[0.12121,51.50051],[0.12146,51.49999],[0.12157,51.49942],[0.12096,51.49768],[0.12103,51.49563],[0.12108,51.49243],[0.12191,51.4906],[0.12198,51.48988],[0.12188,51.48905],[0.11674,51.48803],[0.11115,51.48713],[0.10762,51.48683],[0.10669,51.48479],[0.10256,51.4854],[0.102,51.48391],[0.10189,51.48314],[0.10183,51.48237],[0.10195,51.48078],[0.10231,51.48023],[0.10281,51.47984],[0.10396,51.47924],[0.10405,51.47927],[0.1039,51.47904],[0.10407,51.47892],[0.10378,51.47892],[0.10377,51.47898],[0.10251,51.47879],[0.10186,51.47868],[0.10126,51.47867],[0.10057,51.47651],[0.09962,51.4765],[0.09871,51.4766],[0.0985,51.47592],[0.09824,51.47534],[0.097,51.47417],[0.09708,51.47377],[0.09707,51.47358],[0.09688,51.47312],[0.09663,51.47296],[0.09467,51.47294],[0.0937,51.47278],[0.09294,51.47228],[0.0807,51.46681],[0.07304,51.46262],[0.071,51.46276],[0.069,51.46273],[0.06144,51.4617],[0.05431,51.4611],[0.05298,51.46065],[0.05159,51.46096],[0.05063,51.46095],[0.04755,51.46032],[0.04681,51.46031],[0.04594,51.46043],[0.0443,51.4607],[0.04169,51.46132],[0.03947,51.46211],[0.03648,51.46353],[0.03341,51.46497],[0.03021,51.46599],[0.02936,51.46748],[0.02708,51.47141],[0.02656,51.47218],[0.02554,51.4736],[0.02464,51.47502],[0.02154,51.48075],[0.02097,51.4816],[0.02092,51.4824],[0.02075,51.48406],[0.01848,51.48641],[0.01943,51.4866],[0.02043,51.48663],[0.02247,51.48656],[0.02363,51.48695],[0.0254,51.48716],[0.02709,51.4873],[0.03161,51.48789],[0.03433,51.48865],[0.03947,51.49034],[0.03803,51.49217],[0.03603,51.49514],[0.03878,51.49527],[0.04148,51.49552],[0.04563,51.49521],[0.05367,51.49462],[0.06991,51.49506],[0.07529,51.49588],[0.07999,51.49766],[0.08214,51.49888],[0.08368,51.50026],[0.08652,51.50383],[0.09064,51.50744],[0.09231,51.50885],[0.09596,51.50908],[0.10008,51.50962],[0.10403,51.50941],[0.11104,51.50961],[0.11278,51.50758]]]}},{"type":"Feature","properties":{"source_code":"Y00918","codes":["Y00918"],"label":"GRANVILLE MEDICAL CENTRE"},"geometry":{"type":"Polygon","coordinates":[[[0.05236,51.576],[0.06051,51.57643],[0.06695,51.57606],[0.08368,51.57312],[0.08386,51.56752],[0.08283,51.56416],[0.07725,51.56192],[0.07802,51.5609],[0.07038,51.5592],[0.06557,51.56485],[0.05802,51.56907],[0.05236,51.576]]]}},{"type":"Feature","properties":{"source_code":"F86702","codes":["F86702"],"label":"ST CLEMENT'S SURGERY"},"geometry":{"type":"MultiPolygon","coordinates":[[[[0.07174,51.5613],[0.07175,51.56131],[0.07216,51.56153],[0.07236,51.56154],[0.07174,51.5613]]],[[[0.07542,51.5621],[0.07441,51.56128],[0.07527,51.56101],[0.07359,51.56078],[0.07324,51.56158],[0.07236,51.56154],[0.07359,51.56201],[0.07364,51.56192],[0.07499,51.5625],[0.07542,51.5621]]],[[[0.07662,51.56217],[0.0785,51.5625],[0.07616,51.56142],[0.07662,51.56217]]],[[[0.07175,51.56131],[0.07173,51.5613],[0.07174,51.5613],[0.07135,51.561],[0.0731,51.56272],[0.07314,51.56274],[0.07334,51.56241],[0.07269,51.56203],[0.07175,51.56131]]],[[[0.07662,51.56217],[0.07627,51.56211],[0.07573,51.56181],[0.07542,51.5621],[0.07607,51.56263],[0.0772,51.56311],[0.07715,51.56303],[0.07702,51.56297],[0.07714,51.56301],[0.07662,51.56217]]],[[[0.07193,51.56246],[0.07166,51.56259],[0.0722,51.56379],[0.07103,51.5632],[0.07029,51.56224],[0.07102,51.56207],[0.07097,51.56151],[0.07121,51.56202],[0.07172,51.5619],[0.07193,51.56246],[0.07217,51.56235],[0.0731,51.56272],[0.07132,51.56098],[0.07135,51.561],[0.07129,51.56094],[0.07023,51.55991],[0.06926,51.56174],[0.06837,51.56252],[0.06768,51.5635],[0.06731,51.56409],[0.06906,51.56428],[0.07003,51.56514],[0.07177,51.56574],[0.07272,51.56628],[0.07289,51.56621],[0.07416,51.56705],[0.07373,51.56588],[0.07372,51.56587],[0.0732,51.56523],[0.07272,51.56446],[0.07193,51.56246]]],[[[0.08295,51.56486],[0.0821,51.56474],[0.08183,51.56516],[0.08189,51.56472],[0.08173,51.56469],[0.08006,51.56562],[0.07936,51.56575],[0.08053,51.56693],[0.07961,51.56777],[0.08083,51.56785],[0.08121,51.56782],[0.08121,51.56768],[0.08115,51.56756],[0.08152,51.5678],[0.08274,51.56772],[0.08319,51.56817],[0.08346,51.56603],[0.08323,51.56523],[0.08295,51.56486]]],[[[0.08323,51.56821],[0.08319,51.56817],[0.08314,51.5685],[0.08323,51.56821]]],[[[0.08323,51.56821],[0.08352,51.5685],[0.08377,51.56802],[0.08354,51.56706],[0.08323,51.56821]]],[[[0.08152,51.5678],[0.08121,51.56782],[0.08121,51.56825],[0.08121,51.56877],[0.08107,51.56883],[0.08258,51.5685],[0.08152,51.5678]]],[[[0.0803,51.56901],[0.08052,51.56886],[0.08012,51.56905],[0.0803,51.56901]]],[[[0.08107,51.56883],[0.0803,51.56901],[0.07898,51.5699],[0.08107,51.56883]]],[[[0.08012,51.56905],[0.07723,51.56969],[0.07778,51.56874],[0.07703,51.56788],[0.0768,51.56806],[0.07687,51.5679],[0.07679,51.56797],[0.07671,51.56786],[0.07612,51.5682],[0.07548,51.56761],[0.07547,51.56761],[0.07547,51.5676],[0.07412,51.56637],[0.07423,51.56709],[0.07416,51.56705],[0.07526,51.57001],[0.07689,51.5707],[0.07681,51.57099],[0.07775,51.57053],[0.07852,51.57001],[0.07941,51.56939],[0.08012,51.56905]]],[[[0.13416,51.57203],[0.0785,51.5625],[0.08019,51.56327],[0.08148,51.56357],[0.07936,51.56404],[0.07785,51.56375],[0.07776,51.56335],[0.0772,51.56311],[0.07783,51.56415],[0.08173,51.56469],[0.08191,51.5646],[0.082,51.56393],[0.08269,51.56416],[0.08191,51.5646],[0.08189,51.56472],[0.0821,51.56474],[0.08214,51.56468],[0.08274,51.56459],[0.08295,51.56486],[0.13416,51.57203]]],[[[0.07507,51.56254],[0.07499,51.5625],[0.07499,51.56251],[0.07507,51.56254]]],[[[0.07313,51.56275],[0.0731,51.56272],[0.0731,51.56272],[0.07313,51.56276],[0.07313,51.56275]]],[[[0.07321,51.56277],[0.07314,51.56274],[0.07313,51.56275],[0.07319,51.56281],[0.07321,51.56277]]],[[[0.07132,51.56226],[0.07121,51.56202],[0.07102,51.56207],[0.07109,51.56286],[0.07166,51.56259],[0.07166,51.56258],[0.07132,51.56226]]],[[[0.07344,51.56247],[0.07359,51.56227],[0.07384,51.56271],[0.07411,51.56287],[0.07527,51.56322],[0.07544,51.56272],[0.07359,51.56201],[0.07334,51.56241],[0.07344,51.56247]]],[[[0.07318,51.56281],[0.07313,51.56276],[0.07276,51.56338],[0.07318,51.56281]]],[[[0.07775,51.56331],[0.07773,51.56324],[0.07714,51.56301],[0.07715,51.56303],[0.07775,51.56331]]],[[[0.07411,51.56287],[0.0739,51.56281],[0.07384,51.56271],[0.07344,51.56247],[0.07321,51.56277],[0.07551,51.5637],[0.07411,51.56287]]],[[[0.07319,51.56281],[0.07318,51.56281],[0.0742,51.5638],[0.07319,51.56281]]],[[[0.07775,51.56331],[0.07776,51.56335],[0.07876,51.56379],[0.07775,51.56331]]],[[[0.07551,51.5637],[0.07578,51.56386],[0.07597,51.56388],[0.07551,51.5637]]],[[[0.07597,51.56388],[0.07853,51.56492],[0.07796,51.56435],[0.07783,51.56415],[0.07597,51.56388]]],[[[0.07853,51.56492],[0.079,51.56539],[0.07941,51.56528],[0.07853,51.56492]]],[[[0.079,51.56539],[0.07849,51.56553],[0.07808,51.56604],[0.07911,51.5658],[0.07936,51.56575],[0.079,51.56539]]],[[[0.07808,51.56604],[0.07807,51.56605],[0.07807,51.56606],[0.07808,51.56604]]],[[[0.07807,51.56605],[0.07823,51.56548],[0.07734,51.56655],[0.07768,51.56614],[0.07807,51.56605]]],[[[0.07475,51.56672],[0.07309,51.56414],[0.07373,51.56588],[0.07475,51.56672]]],[[[0.0763,51.56729],[0.07657,51.56734],[0.07507,51.56562],[0.0763,51.56729]]],[[[0.07807,51.56606],[0.07752,51.56674],[0.07704,51.56743],[0.07711,51.56744],[0.07711,51.56744],[0.07783,51.56694],[0.07807,51.56606]]],[[[0.07742,51.5675],[0.0775,51.56752],[0.07917,51.56623],[0.07742,51.5675]]],[[[0.07704,51.56743],[0.07657,51.56734],[0.07677,51.56758],[0.07692,51.56759],[0.07704,51.56743]]],[[[0.07742,51.5675],[0.07711,51.56744],[0.07703,51.5676],[0.07727,51.56761],[0.07742,51.5675]]],[[[0.0775,51.56752],[0.07737,51.56762],[0.0784,51.56769],[0.0775,51.56752]]],[[[0.07703,51.5676],[0.07692,51.56759],[0.07686,51.56768],[0.07694,51.56777],[0.07703,51.5676]]],[[[0.07686,51.56768],[0.07677,51.56758],[0.07651,51.56756],[0.0765,51.56757],[0.07671,51.56786],[0.07675,51.56784],[0.07686,51.56768]]],[[[0.07737,51.56762],[0.07727,51.56761],[0.07698,51.56782],[0.07703,51.56788],[0.07737,51.56762]]],[[[0.07698,51.56782],[0.07694,51.56777],[0.07687,51.5679],[0.07698,51.56782]]],[[[0.0765,51.56757],[0.0763,51.56729],[0.07607,51.56725],[0.07547,51.5676],[0.07548,51.56761],[0.07631,51.56792],[0.0765,51.56757]]],[[[0.0784,51.56769],[0.07947,51.56789],[0.07961,51.56777],[0.0784,51.56769]]],[[[0.07947,51.56789],[0.07851,51.56874],[0.07878,51.56889],[0.07795,51.56931],[0.07941,51.56885],[0.08044,51.56807],[0.07947,51.56789]]],[[[0.07851,51.56874],[0.07795,51.56845],[0.07778,51.56874],[0.07799,51.56898],[0.07767,51.5695],[0.07851,51.56874]]]]}},{"type":"Feature","properties":{"source_code":"G83039","codes":["G83039"],"label":"ST MARKS PMS"},"geometry":{"type":"Polygon","coordinates":[[[0.07184,51.48205],[0.07314,51.48185],[0.07318,51.48184],[0.07291,51.4811],[0.07227,51.47882],[0.07593,51.47848],[0.07545,51.47761],[0.07218,51.47616],[0.07158,51.47598],[0.07569,51.47511],[0.07636,51.47357],[0.07543,51.47298],[0.07379,51.47239],[0.07273,51.47199],[0.07189,51.47099],[0.07019,51.47138],[0.06989,51.47095],[0.06922,51.47052],[0.06869,51.47017],[0.06812,51.46882],[0.05502,51.47115],[0.05652,51.47526],[0.05815,51.47748],[0.0597,51.47924],[0.06201,51.48245],[0.06219,51.48249],[0.06232,51.48249],[0.06222,51.48249],[0.06339,51.48244],[0.06457,51.4823],[0.06802,51.4823],[0.06946,51.48224],[0.07072,51.48213],[0.07184,51.48205]]]}},{"type":"Feature","properties":{"source_code":"G83016","codes":["G83016"],"label":"ROYAL ARSENAL MEDICAL CENTRE"},"geometry":{"type":"Polygon","coordinates":[[[0.11536,51.50789],[0.12085,51.50116],[0.12222,51.4816],[0.10763,51.46267],[0.02455,51.47475],[0.01785,51.48683],[0.03708,51.49528],[0.07364,51.49571],[0.0927,51.50874],[0.11536,51.50789]]]}},{"type":"Feature","properties":{"source_code":"G83628","codes":["G83628"],"label":"NEW ELTHAM AND BLACKFEN MEDICAL CENTRE"},"geometry":{"type":"Polygon","coordinates":[[[0.07141,51.43154],[0.02781,51.44502],[0.02575,51.45401],[0.02712,51.44844],[0.02747,51.45465],[0.0285,51.46406],[0.05013,51.4555],[0.07416,51.45807],[0.10506,51.45208],[0.12302,51.45042],[0.12188,51.45037],[0.11879,51.4386],[0.103,51.43453],[0.10128,51.42383],[0.07141,51.43154]]]}},{"type":"Feature","properties":{"source_code":"F86042","codes":["F86042"],"label":"BALFOUR ROAD SURGERY"},"geometry":{"type":"Polygon","coordinates":[[[0.07017,51.55946],[0.06691,51.56371],[0.07549,51.57019],[0.08497,51.57027],[0.08665,51.56555],[0.07042,51.55973],[0.07017,51.55946]]]}},{"type":"Feature","properties":{"source_code":"G84621","codes":["G84621"],"label":"WHITEHOUSE SURGERY"},"geometry":{"type":"Polygon","coordinates":[[[0.03227,51.38678],[0.05304,51.40799],[0.08892,51.41505],[0.10952,51.38882],[0.11845,51.36042],[0.0618,51.36235],[0.03227,51.38678]]]}},{"type":"Feature","properties":{"source_code":"F86082","codes":["F86082"],"label":"ILFORD LANE SURGERY"},"geometry":{"type":"Polygon","coordinates":[[[0.0703,51.56034],[0.07302,51.56156],[0.07579,51.56224],[0.08019,51.56243],[0.08232,51.56229],[0.08368,51.56188],[0.08866,51.5628],[0.08889,51.56183],[0.0892,51.56064],[0.08948,51.55849],[0.08991,51.55445],[0.09223,51.55126],[0.09253,51.54977],[0.09214,51.54834],[0.08868,51.54776],[0.08672,51.54752],[0.0857,51.54735],[0.08493,51.54691],[0.07841,51.54468],[0.076,51.54441],[0.07296,51.54393],[0.0727,51.54636],[0.0724,51.54631],[0.07047,51.54625],[0.06914,51.54658],[0.06857,51.54782],[0.06839,51.54862],[0.06834,51.54951],[0.0682,51.55022],[0.06827,51.55103],[0.06858,51.55266],[0.06817,51.55459],[0.06828,51.55652],[0.06927,51.56032],[0.0703,51.56034]]]}},{"type":"Feature","properties":{"source_code":"G84035","codes":["G84035"],"label":"TUDOR WAY SURGERY"},"geometry":{"type":"MultiPolygon","coordinates":[[[[0.07946,51.3963],[0.08832,51.40253],[0.08287,51.39645],[0.07946,51.3963]]],[[[0.10832,51.39116],[0.10699,51.38622],[0.10122,51.38591],[0.09308,51.38716],[0.09218,51.38321],[0.09195,51.3811],[0.09104,51.37651],[0.0865,51.3749],[0.08677,51.37281],[0.07961,51.37316],[0.07961,51.37317],[0.07609,51.37347],[0.0759,51.37478],[0.07609,51.37345],[0.06993,51.37349],[0.07002,51.37399],[0.07324,51.37824],[0.07963,51.37321],[0.08853,51.40274],[0.09175,51.40144],[0.09581,51.40061],[0.10044,51.39935],[0.10677,51.39775],[0.10637,51.39484],[0.10832,51.39116]]],[[[0.07946,51.3963],[0.06742,51.38783],[0.06709,51.38862],[0.06708,51.3886],[0.06231,51.38884],[0.05965,51.38927],[0.05506,51.39048],[0.05364,51.39048],[0.0536,51.38903],[0.05236,51.38766],[0.05034,51.38729],[0.04982,51.38756],[0.04837,51.38732],[0.04751,51.38683],[0.04798,51.38566],[0.04708,51.38485],[0.04279,51.38287],[0.04013,51.38225],[0.03571,51.38852],[0.03257,51.3916],[0.02927,51.39334],[0.02549,51.39548],[0.03013,51.39763],[0.03313,51.40001],[0.03532,51.40036],[0.03575,51.40111],[0.03532,51.4025],[0.03468,51.40362],[0.03562,51.40544],[0.03699,51.40477],[0.03751,51.40496],[0.03769,51.40498],[0.04512,51.40721],[0.04282,51.40568],[0.05506,51.40734],[0.05961,51.40384],[0.0627,51.40038],[0.06991,51.39297],[0.06991,51.39296],[0.07021,51.39313],[0.07064,51.39591],[0.07946,51.3963]]],[[[0.04512,51.40721],[0.04532,51.40734],[0.04987,51.40863],[0.04512,51.40721]]]]}},{"type":"Feature","properties":{"source_code":"F82625","codes":["F82625"],"label":"ABBEY MEDICAL CENTRE"},"geometry":{"type":"Polygon","coordinates":[[[0.19054,51.52135],[0.14832,51.5316],[0.10883,51.53288],[0.05802,51.52028],[0.04704,51.55125],[0.06557,51.55658],[0.04326,51.57643],[0.06695,51.57664],[0.08514,51.57344],[0.11776,51.58262],[0.11021,51.56661],[0.17612,51.57579],[0.17818,51.58048],[0.18539,51.58091],[0.21355,51.59307],[0.23312,51.58176],[0.23895,51.56939],[0.23037,51.56],[0.21046,51.56256],[0.19054,51.52135]]]}},{"type":"Feature","properties":{"source_code":"G83060","codes":["G83060"],"label":"GLYNDON PMS"},"geometry":{"type":"Polygon","coordinates":[[[0.14282,51.49015],[0.10677,51.46342],[0.10659,51.46347],[0.10746,51.46278],[0.0539,51.47262],[0.02724,51.4848],[0.02163,51.4863],[0.02327,51.48661],[0.023,51.48673],[0.02358,51.48667],[0.08652,51.49848],[0.14282,51.49015]]]}},{"type":"Feature","properties":{"source_code":"Y01280","codes":["Y01280"],"label":"SHIFA MEDICAL PRACTICE"},"geometry":{"type":"Polygon","coordinates":[[[0.08961,51.58496],[0.13355,51.5792],[0.16729,51.5652],[0.16729,51.55922],[0.16283,51.53723],[0.0259,51.52057],[-0.00308,51.52925],[0.00153,51.55025],[0.05219,51.58155],[0.08961,51.58496]]]}},{"type":"Feature","properties":{"source_code":"F82647","codes":["F82647"],"label":"SALISBURY AVENUE SURGERY"},"geometry":{"type":"MultiPolygon","coordinates":[[[[0.12305,51.53379],[0.12321,51.53382],[0.12359,51.53352],[0.12305,51.53379]]],[[[0.12305,51.53379],[0.12016,51.53331],[0.11307,51.538],[0.11312,51.53833],[0.11312,51.53861],[0.12305,51.53379]]],[[[0.08789,51.57302],[0.1459,51.55744],[0.14796,51.53801],[0.13527,51.53331],[0.12531,51.53416],[0.12321,51.53382],[0.11312,51.54153],[0.11312,51.53861],[0.10952,51.54036],[0.11307,51.538],[0.11192,51.53011],[0.1018,51.53544],[0.09527,51.53544],[0.08377,51.53384],[0.08137,51.53491],[0.07484,51.53352],[0.06918,51.53587],[0.06025,51.53342],[0.05596,51.53267],[0.04669,51.53171],[0.03777,51.52989],[0.02935,51.52647],[0.02163,51.53096],[0.02523,51.54228],[0.02489,51.54601],[0.08789,51.57302]]]]}},{"type":"Feature","properties":{"source_code":"G83635","codes":["G83635"],"label":"WAVERLEY PMS"},"geometry":{"type":"MultiPolygon","coordinates":[[[[0.06789,51.4624],[0.06789,51.4624],[0.06506,51.46214],[0.06789,51.4624]]],[[[0.1048,51.49851],[0.11454,51.49718],[0.11119,51.45208],[0.10553,51.45219],[0.09626,51.45438],[0.09115,51.45566],[0.08034,51.45813],[0.07922,51.45877],[0.07459,51.46214],[0.07072,51.46267],[0.06789,51.4624],[0.06772,51.46425],[0.06012,51.46335],[0.05759,51.46431],[0.0568,51.46718],[0.05497,51.46735],[0.05527,51.47133],[0.06317,51.48812],[0.0627,51.48846],[0.06094,51.48766],[0.05836,51.48748],[0.05343,51.48694],[0.04952,51.48534],[0.04781,51.48416],[0.04601,51.48251],[0.04558,51.49279],[0.04558,51.49514],[0.1048,51.49851]]]]}},{"type":"Feature","properties":{"source_code":"G81037","codes":["G81037"],"label":"THE MEADS SURGERY"},"geometry":{"type":"Polygon","coordinates":[[[0.05665,51.02974],[0.113,51.02833],[0.13432,51.0265],[0.16183,51.0076],[0.15533,50.96399],[0.13853,50.92944],[0.07073,50.94091],[0.05665,51.02974]]]}},{"type":"Feature","properties":{"source_code":"G83633","codes":["G83633"],"label":"CONWAY PMS"},"geometry":{"type":"Polygon","coordinates":[[[0.17372,51.48758],[0.19913,51.45722],[0.16651,51.43603],[0.10866,51.42212],[0.04669,51.42961],[0.01665,51.45754],[0.01459,51.48106],[0.03725,51.49453],[0.07055,51.49496],[0.08171,51.49859],[0.09184,51.50896],[0.11124,51.5096],[0.1272,51.51366],[0.14299,51.50928],[0.1581,51.50618],[0.16651,51.50383],[0.17115,51.49902],[0.17286,51.49047],[0.17372,51.48758]]]}},{"type":"Feature","properties":{"source_code":"F82612","codes":["F82612"],"label":"THE WHITE HOUSE SURGERY"},"geometry":{"type":"Polygon","coordinates":[[[0.08652,51.54751],[0.13046,51.55338],[0.15409,51.51465],[0.10803,51.51173],[0.07439,51.50903],[0.04841,51.54836],[0.08652,51.54751]]]}},{"type":"Feature","properties":{"source_code":"G83057","codes":["G83057"],"label":"WOODLANDS SURGERY"},"geometry":{"type":"Polygon","coordinates":[[[0.08686,51.44495],[0.08766,51.44434],[0.14869,51.44019],[0.14204,51.43761],[0.13621,51.43418],[0.13144,51.43125],[0.12589,51.42849],[0.1106,51.42182],[0.09536,51.42694],[0.07621,51.43187],[0.06344,51.43477],[0.07896,51.44112],[0.08137,51.44794],[0.07784,51.45148],[0.07852,51.4583],[0.09659,51.45392],[0.11432,51.45061],[0.14252,51.44816],[0.15233,51.44516],[0.14811,51.44488],[0.14659,51.44353],[0.14944,51.44014],[0.14869,51.44019],[0.14915,51.44037],[0.08686,51.44495]]]}},{"type":"Feature","properties":{"source_code":"G84009","codes":["G84009"],"label":"FAMILY SURGERY"},"geometry":{"type":"Polygon","coordinates":[[[0.1363,51.34705],[0.13574,51.34652],[0.13186,51.34696],[0.13033,51.34703],[0.1288,51.34694],[0.12667,51.34648],[0.12453,51.34592],[0.1207,51.34448],[0.11867,51.34429],[0.11553,51.34453],[0.11316,51.34464],[0.11126,51.34475],[0.10929,51.34504],[0.10611,51.34517],[0.1025,51.3445],[0.10172,51.34443],[0.10078,51.34452],[0.09667,51.34529],[0.09543,51.34529],[0.09411,51.34551],[0.09299,51.34584],[0.09029,51.34782],[0.08892,51.34981],[0.08845,51.34997],[0.08798,51.34975],[0.0871,51.34978],[0.07583,51.35495],[0.06667,51.35924],[0.06552,51.35948],[0.06495,51.36008],[0.06459,51.36071],[0.06596,51.36063],[0.06733,51.36086],[0.06965,51.36133],[0.07493,51.36251],[0.07609,51.36235],[0.06218,51.3706],[0.06611,51.37224],[0.06746,51.37271],[0.06846,51.37335],[0.07157,51.37345],[0.07579,51.37339],[0.07909,51.37315],[0.08392,51.37265],[0.08814,51.37281],[0.0896,51.37237],[0.09132,51.37181],[0.09248,51.37182],[0.09456,51.37282],[0.09578,51.37324],[0.09763,51.3732],[0.10001,51.37313],[0.10472,51.37227],[0.10943,51.37143],[0.1099,51.36594],[0.11087,51.36485],[0.11793,51.36081],[0.12192,51.35866],[0.12576,51.35949],[0.12781,51.35934],[0.1294,51.35918],[0.13076,51.35873],[0.12992,51.35816],[0.12874,51.35741],[0.12825,51.35741],[0.12676,51.35678],[0.12553,51.35621],[0.12945,51.3514],[0.1312,51.34945],[0.1363,51.34705]]]}},{"type":"Feature","properties":{"source_code":"Y02974","codes":["Y02974"],"label":"AT MEDICS"},"geometry":{"type":"Polygon","coordinates":[[[0.09304,51.50746],[0.11716,51.51029],[0.14128,51.51013],[0.12154,51.49758],[0.13802,51.48545],[0.08703,51.46385],[0.0703,51.4478],[-0.0012,51.44309],[-0.00438,51.46631],[-0.01017,51.4763],[-0.01047,51.48277],[0.00781,51.49159],[0.00996,51.49261],[0.0606,51.49314],[0.08094,51.49624],[0.09304,51.50746]]]}},{"type":"Feature","properties":{"source_code":"G84627","codes":["G84627"],"label":"GREEN STREET GREEN MED CT"},"geometry":{"type":"Polygon","coordinates":[[[0.09132,51.29821],[0.05081,51.32117],[0.0285,51.36406],[0.06832,51.37478],[0.09476,51.37328],[0.11261,51.36514],[0.12174,51.35909],[0.12016,51.35978],[0.12943,51.35399],[0.12174,51.35909],[0.1339,51.35377],[0.13767,51.34627],[0.15827,51.3231],[0.14076,51.31538],[0.14523,51.30572],[0.09132,51.29821]]]}},{"type":"Feature","properties":{"source_code":"G83019","codes":["G83019"],"label":"PLUMSTEAD H/C PMS"},"geometry":{"type":"MultiPolygon","coordinates":[[[[0.0871,51.47266],[0.08711,51.47266],[0.08685,51.47266],[0.08694,51.47267],[0.0871,51.47266]]],[[[0.08702,51.47268],[0.08699,51.47268],[0.087,51.47268],[0.08702,51.47268]]],[[[0.08708,51.47269],[0.087,51.47268],[0.08695,51.4727],[0.08705,51.4727],[0.08708,51.47269]]],[[[0.07875,51.47868],[0.07815,51.47872],[0.07894,51.47909],[0.07875,51.47868]]],[[[0.10198,51.48408],[0.10153,51.48506],[0.10164,51.48355],[0.10182,51.48326],[0.10198,51.48408],[0.10392,51.47981],[0.10428,51.47922],[0.10449,51.47878],[0.10525,51.47832],[0.10793,51.47705],[0.10806,51.47649],[0.106,51.47558],[0.10604,51.4755],[0.08742,51.47259],[0.08711,51.47266],[0.08712,51.47266],[0.0871,51.47266],[0.08702,51.47268],[0.0872,51.47267],[0.08708,51.47269],[0.08712,51.4727],[0.08705,51.4727],[0.08665,51.47278],[0.0867,51.47275],[0.08695,51.4727],[0.08681,51.47269],[0.08682,51.47269],[0.08699,51.47268],[0.08694,51.47267],[0.08683,51.47268],[0.08684,51.47268],[0.0866,51.47266],[0.08685,51.47266],[0.08558,51.47248],[0.08551,51.47246],[0.08506,51.47254],[0.08487,51.47273],[0.0842,51.47298],[0.08419,51.47299],[0.08409,51.47303],[0.08305,51.47461],[0.08306,51.47461],[0.083,51.47469],[0.083,51.47469],[0.08305,51.47461],[0.08249,51.4749],[0.08129,51.47539],[0.07798,51.47665],[0.07802,51.47672],[0.07802,51.47672],[0.07826,51.47734],[0.07802,51.47712],[0.07875,51.47868],[0.07878,51.47868],[0.07881,51.47876],[0.07899,51.47912],[0.07894,51.47909],[0.08165,51.48491],[0.08311,51.48395],[0.08326,51.48414],[0.08441,51.487],[0.08553,51.48937],[0.08555,51.48991],[0.08806,51.4898],[0.09793,51.48991],[0.10197,51.49005],[0.10134,51.48776],[0.10149,51.48571],[0.10255,51.48555],[0.10212,51.4848],[0.10198,51.48408]]],[[[0.08298,51.48395],[0.08297,51.48379],[0.08302,51.48384],[0.0831,51.48394],[0.08298,51.48395]]]]}},{"type":"Feature","properties":{"source_code":"F82650","codes":["F82650"],"label":"DR AA ANSARI'S PRACTICE"},"geometry":{"type":"Polygon","coordinates":[[[0.05768,51.57174],[0.06351,51.59163],[0.1133,51.58891],[0.1569,51.58598],[0.16891,51.57622],[0.18299,51.55445],[0.15724,51.51793],[0.11913,51.52551],[0.04257,51.5143],[0.04704,51.54441],[0.05768,51.57174]]]}},{"type":"Feature","properties":{"source_code":"G83654","codes":["G83654"],"label":"BANNOCKBURN SURGERY"},"geometry":{"type":"Polygon","coordinates":[[[0.13364,51.50361],[0.09424,51.50682],[0.13424,51.50361],[0.24136,51.45422],[0.20153,51.44652],[0.12051,51.44481],[0.0515,51.44502],[0.01373,51.48951],[0.09433,51.50671],[0.13364,51.50361]]]}},{"type":"Feature","properties":{"source_code":"Y00090","codes":["Y00090"],"label":"THE DOCTORS HOUSE"},"geometry":{"type":"MultiPolygon","coordinates":[[[[0.10802,51.56216],[0.10908,51.56255],[0.10952,51.56267],[0.1096,51.56274],[0.10999,51.56288],[0.11004,51.56312],[0.11033,51.56337],[0.11038,51.56301],[0.10879,51.56227],[0.10802,51.56216]]],[[[0.11033,51.56337],[0.11025,51.56406],[0.11025,51.56409],[0.11051,51.56352],[0.11033,51.56337]]],[[[0.11026,51.56411],[0.11025,51.56409],[0.11024,51.56411],[0.11025,51.56411],[0.11025,51.56411],[0.11025,51.56411],[0.11025,51.56411],[0.11026,51.56411]]],[[[0.08291,51.56477],[0.08291,51.56477],[0.08291,51.56478],[0.08291,51.56477]]],[[[0.08291,51.56478],[0.08291,51.56479],[0.083,51.56492],[0.08291,51.56478]]],[[[0.08304,51.56503],[0.08302,51.56501],[0.08306,51.56514],[0.08305,51.5651],[0.08304,51.56503]]],[[[0.11026,51.56411],[0.11032,51.56439],[0.11044,51.56467],[0.11039,51.5641],[0.11039,51.5641],[0.11039,51.5641],[0.11038,51.5641],[0.11038,51.5641],[0.11037,51.5641],[0.11035,51.5641],[0.11035,51.5641],[0.11034,51.5641],[0.11028,51.56411],[0.11027,51.56411],[0.11026,51.56411]]],[[[0.08306,51.56517],[0.08306,51.56514],[0.08306,51.56523],[0.08306,51.56517]]],[[[0.08306,51.56517],[0.08311,51.56532],[0.08306,51.56514],[0.08306,51.56517]]],[[[0.0835,51.56789],[0.0835,51.56783],[0.08345,51.56801],[0.08343,51.56803],[0.08347,51.56816],[0.08347,51.56816],[0.08349,51.5681],[0.0835,51.56789]]],[[[0.08346,51.56824],[0.08347,51.56816],[0.08344,51.56826],[0.08346,51.56824]]],[[[0.08344,51.56826],[0.08332,51.56835],[0.0834,51.56837],[0.08344,51.56826]]],[[[0.08342,51.56837],[0.0834,51.56837],[0.08339,51.56841],[0.08338,51.5685],[0.08342,51.56837]]],[[[0.08338,51.5685],[0.08334,51.56864],[0.08334,51.56876],[0.08338,51.56878],[0.08338,51.5685]]],[[[0.08338,51.56878],[0.08338,51.56885],[0.08341,51.56879],[0.08338,51.56878]]],[[[0.08338,51.56893],[0.08338,51.56885],[0.08336,51.56892],[0.0833,51.56901],[0.08338,51.56902],[0.08338,51.56893]]],[[[0.08344,51.56924],[0.08344,51.56921],[0.08341,51.56919],[0.08343,51.56913],[0.08347,51.56909],[0.08349,51.56906],[0.08349,51.56905],[0.08343,51.56904],[0.08342,51.56902],[0.08338,51.56902],[0.08339,51.56908],[0.08342,51.56924],[0.08344,51.56924]]],[[[0.08341,51.56933],[0.08342,51.56925],[0.08342,51.56924],[0.08336,51.56925],[0.08341,51.56934],[0.08341,51.56933]]],[[[0.08343,51.56942],[0.08341,51.56942],[0.08342,51.56943],[0.08343,51.56942]]],[[[0.08342,51.56954],[0.08342,51.56953],[0.08336,51.56958],[0.08342,51.56954]]],[[[0.08344,51.57012],[0.08343,51.57009],[0.08343,51.57009],[0.08343,51.57013],[0.08344,51.57012]]],[[[0.08336,51.57082],[0.08337,51.57076],[0.08334,51.57083],[0.08335,51.57084],[0.08336,51.57082]]],[[[0.08335,51.57086],[0.08335,51.57084],[0.08332,51.57088],[0.08333,51.57095],[0.08335,51.57086]]],[[[0.08333,51.57095],[0.08332,51.57098],[0.08332,51.57102],[0.08333,51.57101],[0.08333,51.57095]]],[[[0.08332,51.57102],[0.08329,51.57105],[0.08332,51.57104],[0.08332,51.57102]]],[[[0.11219,51.57238],[0.11226,51.57263],[0.11214,51.57216],[0.11219,51.57238]]],[[[0.11226,51.57263],[0.11227,51.57264],[0.11231,51.57279],[0.1124,51.57307],[0.11226,51.57263]]],[[[0.11246,51.57334],[0.11231,51.57279],[0.1123,51.57277],[0.11246,51.57336],[0.11246,51.57334]]],[[[0.11263,51.57388],[0.1124,51.57291],[0.11246,51.57334],[0.11261,51.57387],[0.11264,51.574],[0.11263,51.57388]]],[[[0.11263,51.57388],[0.11268,51.57408],[0.11252,51.5727],[0.11263,51.57388]]],[[[0.11268,51.57408],[0.11269,51.57417],[0.1128,51.57457],[0.11268,51.57408]]],[[[0.1128,51.57457],[0.11281,51.5746],[0.11282,51.57464],[0.1128,51.57457]]],[[[0.11334,51.57656],[0.11334,51.57656],[0.1133,51.57646],[0.11334,51.57656]]],[[[0.09757,51.57709],[0.09741,51.57701],[0.09746,51.57704],[0.09695,51.57683],[0.09709,51.57686],[0.09665,51.57664],[0.0967,51.57664],[0.09607,51.5764],[0.09566,51.57632],[0.09609,51.57643],[0.09647,51.57656],[0.09712,51.57696],[0.09767,51.57715],[0.09757,51.57709]]],[[[0.11399,51.57767],[0.11399,51.57768],[0.11402,51.57773],[0.11408,51.5778],[0.11399,51.57767]]],[[[0.11411,51.57784],[0.11408,51.5778],[0.11411,51.57785],[0.11411,51.57784]]],[[[0.11411,51.57784],[0.11418,51.57794],[0.11411,51.57779],[0.11411,51.57784]]],[[[0.09993,51.57831],[0.09965,51.57819],[0.09983,51.57829],[0.10001,51.57834],[0.09993,51.57831]]],[[[0.11418,51.57794],[0.11424,51.57805],[0.11432,51.57811],[0.11418,51.57794]]],[[[0.09983,51.57829],[0.09974,51.57827],[0.09974,51.57828],[0.10007,51.57844],[0.09983,51.57829]]],[[[0.11424,51.57805],[0.11423,51.57804],[0.11424,51.57806],[0.11428,51.57816],[0.11435,51.57827],[0.11424,51.57805]]],[[[0.11441,51.57835],[0.11435,51.57827],[0.11441,51.57838],[0.11441,51.57835]]],[[[0.09954,51.57812],[0.09952,51.57812],[0.09961,51.57831],[0.09978,51.57846],[0.10046,51.57867],[0.09975,51.57829],[0.09978,51.57832],[0.09972,51.57828],[0.09961,51.57822],[0.09971,51.57826],[0.09954,51.57812]]],[[[0.10046,51.57867],[0.10046,51.57867],[0.10046,51.57867],[0.10046,51.57867]]],[[[0.10007,51.57844],[0.10046,51.57867],[0.10072,51.57875],[0.10007,51.57844]]],[[[0.10117,51.57905],[0.10118,51.57905],[0.10038,51.57872],[0.10117,51.57905]]],[[[0.11459,51.57868],[0.1146,51.57873],[0.11468,51.57896],[0.11471,51.57888],[0.11459,51.57868]]],[[[0.11468,51.57898],[0.1146,51.57873],[0.11458,51.57867],[0.11459,51.57868],[0.1145,51.57838],[0.11433,51.57808],[0.11441,51.5783],[0.11441,51.57835],[0.11453,51.57878],[0.11466,51.57904],[0.11468,51.57898]]],[[[0.10147,51.57911],[0.10118,51.57905],[0.10175,51.57928],[0.10147,51.57911]]],[[[0.10117,51.57905],[0.10102,51.57902],[0.10213,51.57944],[0.10117,51.57905]]],[[[0.10214,51.57944],[0.10213,51.57944],[0.10214,51.57944],[0.10214,51.57944]]],[[[0.10227,51.57955],[0.10214,51.5795],[0.10193,51.57944],[0.10227,51.57955]]],[[[0.10311,51.58009],[0.10313,51.58011],[0.10308,51.58006],[0.10261,51.57976],[0.10311,51.58009]]],[[[0.10315,51.58012],[0.10311,51.58009],[0.10304,51.58006],[0.10316,51.58013],[0.10315,51.58012]]],[[[0.10327,51.58018],[0.10313,51.58011],[0.10315,51.58012],[0.10326,51.58019],[0.10328,51.58021],[0.10327,51.58018]]],[[[0.10324,51.58009],[0.10327,51.58018],[0.10344,51.58026],[0.10363,51.58029],[0.10336,51.58015],[0.10324,51.58009]]],[[[0.11548,51.58015],[0.11543,51.58012],[0.11548,51.58016],[0.11548,51.58015]]],[[[0.11565,51.58028],[0.1154,51.58003],[0.11548,51.58015],[0.11565,51.58028],[0.11565,51.58028]]],[[[0.11565,51.58028],[0.11566,51.58029],[0.11576,51.58036],[0.11582,51.58039],[0.11557,51.58019],[0.11565,51.58028]]],[[[0.11627,51.58065],[0.11637,51.5807],[0.11625,51.58056],[0.11627,51.58065]]],[[[0.11627,51.58065],[0.11582,51.58039],[0.11592,51.58048],[0.1163,51.58075],[0.11627,51.58065]]],[[[0.10344,51.58026],[0.10335,51.58025],[0.10347,51.58032],[0.10335,51.58025],[0.1033,51.58024],[0.10328,51.58021],[0.10316,51.58013],[0.10364,51.58059],[0.10424,51.58078],[0.10474,51.58097],[0.10471,51.58091],[0.10465,51.58086],[0.10463,51.58091],[0.10462,51.58084],[0.10442,51.58069],[0.10416,51.58062],[0.1043,51.58061],[0.10413,51.58048],[0.10385,51.58036],[0.10398,51.58048],[0.10366,51.58031],[0.10407,51.58059],[0.10344,51.58026]]],[[[0.10478,51.58098],[0.10474,51.58097],[0.10476,51.58099],[0.10478,51.58098]]],[[[0.10478,51.58098],[0.10486,51.58101],[0.10485,51.58095],[0.10478,51.58098]]],[[[0.11637,51.5807],[0.11664,51.58102],[0.1167,51.58111],[0.11681,51.5812],[0.1166,51.58083],[0.11637,51.5807]]],[[[0.10486,51.58101],[0.10489,51.58112],[0.1059,51.58145],[0.10559,51.58129],[0.10544,51.58123],[0.10486,51.58101]]],[[[0.1059,51.58145],[0.106,51.5815],[0.10611,51.58152],[0.10596,51.58147],[0.10595,51.58146],[0.1059,51.58145]]],[[[0.10611,51.58152],[0.10669,51.58174],[0.10672,51.58174],[0.10647,51.58166],[0.10638,51.5816],[0.1063,51.58157],[0.10611,51.58152]]],[[[0.11689,51.5814],[0.1167,51.58111],[0.11592,51.58048],[0.11576,51.58036],[0.1157,51.58032],[0.11566,51.58029],[0.11565,51.58028],[0.1162,51.58089],[0.11693,51.58156],[0.11673,51.58126],[0.11689,51.5814]]],[[[0.10672,51.58174],[0.10675,51.58175],[0.10673,51.58174],[0.10672,51.58174]]],[[[0.11689,51.5814],[0.11699,51.58155],[0.11703,51.58163],[0.11706,51.58168],[0.11709,51.5817],[0.11703,51.58152],[0.11689,51.5814]]],[[[0.11741,51.58211],[0.1175,51.58208],[0.11709,51.5817],[0.1171,51.58175],[0.11724,51.58198],[0.11725,51.58204],[0.11729,51.58209],[0.11732,51.58212],[0.11741,51.58211],[0.11741,51.58211]]],[[[0.10675,51.58175],[0.1072,51.58192],[0.1081,51.58224],[0.10936,51.58228],[0.10924,51.58225],[0.10853,51.58222],[0.10823,51.58222],[0.10791,51.58211],[0.1078,51.58211],[0.10726,51.58191],[0.10675,51.58175]]],[[[0.10936,51.58228],[0.10943,51.5823],[0.10995,51.5823],[0.10936,51.58228]]],[[[0.10995,51.5823],[0.11003,51.5823],[0.11037,51.58231],[0.11033,51.5823],[0.10969,51.58227],[0.10947,51.58226],[0.10995,51.5823]]],[[[0.11102,51.58235],[0.11081,51.58232],[0.11077,51.58232],[0.11037,51.58231],[0.11042,51.58232],[0.11055,51.58235],[0.11111,51.58238],[0.11102,51.58235]]],[[[0.10253,51.57963],[0.10227,51.57955],[0.10278,51.57976],[0.10321,51.58008],[0.10324,51.58009],[0.10317,51.57992],[0.1036,51.58008],[0.10326,51.58003],[0.1035,51.5802],[0.10379,51.58031],[0.1036,51.58014],[0.10394,51.58031],[0.10381,51.58011],[0.10438,51.58051],[0.10446,51.58048],[0.10451,51.58053],[0.10453,51.58041],[0.1045,51.58038],[0.10453,51.58039],[0.10454,51.58032],[0.10455,51.5804],[0.10463,51.58043],[0.10468,51.5805],[0.10484,51.58027],[0.10476,51.5804],[0.10473,51.58058],[0.10484,51.58073],[0.10494,51.58077],[0.10497,51.58062],[0.105,51.58079],[0.10502,51.5808],[0.10504,51.5808],[0.10501,51.58078],[0.10504,51.58079],[0.1051,51.58078],[0.10513,51.58079],[0.10523,51.58075],[0.10531,51.58085],[0.10574,51.58099],[0.10541,51.58099],[0.10542,51.581],[0.1057,51.58104],[0.10574,51.58111],[0.10621,51.58126],[0.10596,51.58115],[0.10675,51.58145],[0.1072,51.58147],[0.10712,51.58158],[0.1074,51.58168],[0.10772,51.58176],[0.10761,51.58175],[0.10767,51.58176],[0.10757,51.58174],[0.10763,51.58176],[0.10768,51.58179],[0.10823,51.58198],[0.10812,51.58197],[0.10824,51.582],[0.10879,51.58208],[0.10896,51.582],[0.10902,51.58203],[0.10913,51.58203],[0.10943,51.58211],[0.10954,51.58217],[0.11077,51.58232],[0.11093,51.58232],[0.11102,51.58235],[0.11124,51.58238],[0.11153,51.58239],[0.11718,51.58214],[0.1172,51.58214],[0.11629,51.58101],[0.11613,51.58083],[0.11527,51.58],[0.11543,51.58012],[0.11505,51.57982],[0.11501,51.57968],[0.11486,51.57944],[0.11488,51.5795],[0.1148,51.57934],[0.11486,51.57944],[0.11468,51.57896],[0.11468,51.57898],[0.11475,51.57923],[0.11466,51.57904],[0.11462,51.57912],[0.11453,51.57878],[0.1142,51.57811],[0.11413,51.57796],[0.11411,51.57795],[0.11411,51.57793],[0.11402,51.57773],[0.11398,51.57768],[0.11399,51.57768],[0.11398,51.57766],[0.11399,51.57767],[0.11411,51.5776],[0.11385,51.57744],[0.11407,51.57758],[0.11366,51.57716],[0.11377,51.57734],[0.11342,51.57691],[0.11366,51.57716],[0.11338,51.57667],[0.11334,51.57656],[0.11312,51.57619],[0.11321,51.57616],[0.11312,51.57595],[0.11308,51.57534],[0.11308,51.57555],[0.11261,51.57472],[0.11295,51.57518],[0.11281,51.5746],[0.1127,51.57424],[0.11278,51.57494],[0.11256,51.57399],[0.11265,51.57459],[0.11247,51.57359],[0.11224,51.57262],[0.11209,51.57211],[0.11221,51.57248],[0.11219,51.57238],[0.11201,51.57179],[0.11184,51.57128],[0.1116,51.57069],[0.11164,51.57068],[0.11168,51.57068],[0.11169,51.57068],[0.1117,51.57068],[0.11171,51.57067],[0.11171,51.57067],[0.11171,51.57064],[0.11171,51.57061],[0.1117,51.57055],[0.11168,51.5705],[0.11168,51.5705],[0.11167,51.57044],[0.11166,51.5704],[0.11166,51.5704],[0.11166,51.57033],[0.11166,51.5703],[0.11166,51.57024],[0.11164,51.57012],[0.11162,51.57007],[0.1116,51.56998],[0.11158,51.56984],[0.11156,51.56975],[0.11155,51.56969],[0.11154,51.56961],[0.11153,51.56951],[0.11152,51.56945],[0.11149,51.5693],[0.11149,51.56926],[0.11147,51.56919],[0.11146,51.56913],[0.11145,51.56908],[0.11144,51.56902],[0.11142,51.56897],[0.11142,51.56891],[0.11142,51.56887],[0.11141,51.5688],[0.1114,51.56875],[0.11138,51.56869],[0.11136,51.56863],[0.11132,51.56857],[0.1113,51.56848],[0.11126,51.56841],[0.11116,51.56807],[0.11108,51.56803],[0.11105,51.56795],[0.111,51.56784],[0.11098,51.5678],[0.11094,51.56776],[0.11093,51.56773],[0.11092,51.5677],[0.11092,51.56767],[0.11093,51.56764],[0.11092,51.56761],[0.11089,51.56758],[0.11087,51.56756],[0.11087,51.56753],[0.11087,51.56751],[0.11085,51.56748],[0.11084,51.56746],[0.11083,51.56744],[0.11082,51.56742],[0.1108,51.56739],[0.11079,51.56735],[0.11078,51.56731],[0.11077,51.56727],[0.11074,51.56722],[0.11072,51.56717],[0.1107,51.56712],[0.11068,51.56708],[0.11066,51.56702],[0.11062,51.56695],[0.11059,51.56686],[0.11058,51.56676],[0.11056,51.56669],[0.11052,51.56656],[0.1105,51.56644],[0.11049,51.56627],[0.11045,51.56603],[0.11064,51.56515],[0.11044,51.56467],[0.11047,51.56509],[0.11032,51.56439],[0.1102,51.56411],[0.11021,51.56411],[0.11022,51.56411],[0.11022,51.56411],[0.11022,51.56411],[0.11023,51.56411],[0.11024,51.56411],[0.11024,51.56411],[0.11024,51.56411],[0.11024,51.56411],[0.11024,51.56411],[0.11025,51.56406],[0.11004,51.56312],[0.1096,51.56274],[0.10908,51.56255],[0.10725,51.56205],[0.10802,51.56216],[0.10677,51.56171],[0.10557,51.56165],[0.10454,51.56155],[0.10399,51.56149],[0.10333,51.56143],[0.10324,51.56141],[0.10288,51.56135],[0.10272,51.56131],[0.10257,51.56126],[0.10246,51.56123],[0.1023,51.56119],[0.10218,51.56118],[0.10204,51.56115],[0.10193,51.56113],[0.10179,51.5611],[0.10169,51.56107],[0.10157,51.56105],[0.10135,51.56101],[0.1012,51.56098],[0.10112,51.56095],[0.10104,51.56092],[0.10095,51.56091],[0.10088,51.56091],[0.10071,51.56086],[0.10054,51.56084],[0.10039,51.5608],[0.10031,51.56079],[0.10009,51.56078],[0.09992,51.56075],[0.09978,51.56072],[0.09964,51.5607],[0.09943,51.56065],[0.09911,51.5606],[0.09898,51.56058],[0.09884,51.56055],[0.09837,51.56051],[0.09818,51.56047],[0.09792,51.56047],[0.09774,51.56044],[0.09744,51.56041],[0.09732,51.56037],[0.09713,51.56035],[0.0969,51.56031],[0.0968,51.56029],[0.09667,51.56023],[0.09655,51.56019],[0.09642,51.56014],[0.0963,51.56012],[0.09615,51.56008],[0.09606,51.56006],[0.09599,51.56004],[0.09596,51.56002],[0.09592,51.56],[0.09569,51.55998],[0.09556,51.55995],[0.09545,51.55994],[0.09537,51.55992],[0.09528,51.5599],[0.09523,51.55989],[0.09513,51.55987],[0.09506,51.55986],[0.09499,51.55985],[0.09495,51.55984],[0.09491,51.55982],[0.09484,51.5598],[0.09474,51.55978],[0.09464,51.55976],[0.09454,51.55974],[0.09447,51.55971],[0.09439,51.5597],[0.09433,51.55967],[0.09427,51.55966],[0.09418,51.55965],[0.09412,51.55962],[0.09405,51.55961],[0.09396,51.5596],[0.09389,51.55956],[0.09379,51.55954],[0.09372,51.55952],[0.09364,51.55951],[0.09357,51.55948],[0.09348,51.55946],[0.09338,51.55944],[0.09326,51.55942],[0.0932,51.5594],[0.09312,51.55938],[0.09303,51.55936],[0.09291,51.55934],[0.09281,51.55932],[0.09271,51.55929],[0.09261,51.55926],[0.09253,51.55924],[0.09243,51.55922],[0.09231,51.55919],[0.09221,51.55917],[0.09211,51.55915],[0.09198,51.55912],[0.09189,51.5591],[0.09182,51.55908],[0.09175,51.55906],[0.09169,51.55906],[0.09161,51.55905],[0.09153,51.55904],[0.09142,51.55899],[0.09135,51.55898],[0.09123,51.55896],[0.0911,51.55894],[0.09099,51.5589],[0.09085,51.55888],[0.09066,51.55885],[0.09054,51.55882],[0.09037,51.5588],[0.09024,51.55878],[0.09014,51.55877],[0.09008,51.55875],[0.08996,51.55875],[0.08985,51.55874],[0.08968,51.55872],[0.08958,51.55872],[0.08941,51.5587],[0.08929,51.5587],[0.08912,51.55868],[0.08899,51.55868],[0.08883,51.55867],[0.0885,51.55869],[0.08828,51.55871],[0.08808,51.55872],[0.08795,51.55872],[0.08765,51.55874],[0.08746,51.55875],[0.08724,51.55876],[0.08708,51.55876],[0.08695,51.55876],[0.08681,51.55875],[0.08665,51.55875],[0.08652,51.55874],[0.08639,51.55874],[0.08627,51.55873],[0.08609,51.55874],[0.08572,51.55874],[0.08536,51.55872],[0.08518,51.55872],[0.08495,51.55872],[0.08475,51.55872],[0.08448,51.55873],[0.08434,51.55874],[0.08415,51.55874],[0.08396,51.55875],[0.08375,51.55876],[0.08344,51.55878],[0.08332,51.5588],[0.08321,51.55882],[0.08312,51.55882],[0.08301,51.55884],[0.08291,51.55885],[0.08282,51.55886],[0.0827,51.55888],[0.08258,51.55889],[0.08247,51.5589],[0.08231,51.55893],[0.08222,51.55896],[0.08213,51.55899],[0.08206,51.55902],[0.08198,51.55908],[0.08188,51.55911],[0.08184,51.55918],[0.08179,51.55925],[0.08175,51.55934],[0.08172,51.55943],[0.08169,51.55951],[0.08161,51.55958],[0.08147,51.55961],[0.08132,51.55959],[0.0812,51.55959],[0.08106,51.55957],[0.08094,51.55955],[0.08074,51.55953],[0.08057,51.55949],[0.08043,51.55946],[0.08016,51.55944],[0.08003,51.55938],[0.07991,51.55922],[0.07986,51.55908],[0.07969,51.55897],[0.07952,51.5589],[0.0794,51.55885],[0.07924,51.55882],[0.07911,51.5588],[0.07873,51.55898],[0.07849,51.55922],[0.07843,51.55941],[0.07832,51.55964],[0.07806,51.56002],[0.07802,51.56018],[0.07796,51.56037],[0.07781,51.5606],[0.07759,51.56077],[0.07757,51.56086],[0.07757,51.56096],[0.07742,51.56106],[0.07727,51.56128],[0.07725,51.56136],[0.07718,51.56147],[0.0771,51.56159],[0.07708,51.56179],[0.0771,51.56199],[0.07731,51.56212],[0.07759,51.56224],[0.0774,51.56215],[0.07774,51.56231],[0.078,51.56241],[0.07834,51.56256],[0.07839,51.56262],[0.07858,51.56268],[0.07892,51.56281],[0.07881,51.56283],[0.07899,51.56298],[0.07922,51.56311],[0.07931,51.56303],[0.07935,51.56312],[0.07961,51.56311],[0.07978,51.56316],[0.07997,51.56319],[0.08008,51.56323],[0.08034,51.56336],[0.08062,51.56343],[0.08087,51.56352],[0.08113,51.56363],[0.08141,51.56372],[0.0818,51.56381],[0.08214,51.564],[0.08236,51.56415],[0.08244,51.56415],[0.08253,51.56427],[0.08266,51.56429],[0.08274,51.56437],[0.08276,51.56444],[0.08287,51.56455],[0.08289,51.5646],[0.08293,51.56465],[0.08293,51.5646],[0.08298,51.56472],[0.08293,51.56465],[0.08291,51.56477],[0.083,51.56488],[0.08304,51.56503],[0.08305,51.56505],[0.08304,51.56496],[0.08306,51.56506],[0.08319,51.56521],[0.08306,51.56507],[0.08306,51.56508],[0.08311,51.56532],[0.08328,51.56544],[0.08293,51.56528],[0.08311,51.56547],[0.08315,51.56543],[0.08328,51.56565],[0.08328,51.56579],[0.08319,51.56576],[0.08311,51.56569],[0.08326,51.56589],[0.08338,51.56615],[0.08338,51.56613],[0.08336,51.56603],[0.08339,51.56608],[0.08338,51.56613],[0.08339,51.56617],[0.08338,51.56615],[0.08336,51.56625],[0.08336,51.5664],[0.08341,51.56652],[0.08332,51.56664],[0.08336,51.56688],[0.08332,51.56704],[0.08343,51.56716],[0.08341,51.56733],[0.08341,51.56739],[0.08347,51.56765],[0.0835,51.56783],[0.08351,51.56776],[0.0835,51.56789],[0.08351,51.56796],[0.08351,51.56807],[0.08351,51.5682],[0.08346,51.56824],[0.08345,51.56829],[0.08342,51.56837],[0.08349,51.56839],[0.08347,51.56853],[0.08345,51.56857],[0.08343,51.56876],[0.08349,51.56881],[0.08338,51.56893],[0.08342,51.56902],[0.08347,51.56903],[0.08349,51.56905],[0.08349,51.56905],[0.0835,51.56905],[0.08349,51.56906],[0.08351,51.56909],[0.08347,51.56913],[0.08344,51.56921],[0.08347,51.56923],[0.08344,51.56924],[0.08341,51.56933],[0.08341,51.56934],[0.08345,51.56942],[0.08343,51.56942],[0.08345,51.56943],[0.08332,51.56948],[0.08337,51.5695],[0.08346,51.56952],[0.08342,51.56954],[0.08342,51.56964],[0.08341,51.56967],[0.08344,51.56977],[0.08342,51.56987],[0.08345,51.56994],[0.08345,51.57003],[0.08343,51.57007],[0.08343,51.57009],[0.08345,51.57008],[0.08344,51.57012],[0.08345,51.57018],[0.08345,51.57022],[0.08343,51.57013],[0.08343,51.57015],[0.08346,51.57026],[0.0835,51.57031],[0.08348,51.57036],[0.08352,51.57041],[0.0834,51.57066],[0.08337,51.57076],[0.08345,51.57059],[0.08348,51.57055],[0.08348,51.5705],[0.08355,51.57044],[0.08341,51.57075],[0.08336,51.57082],[0.08335,51.57086],[0.08336,51.5709],[0.08334,51.57095],[0.08334,51.57101],[0.08331,51.57108],[0.08328,51.57109],[0.08327,51.57112],[0.0833,51.57116],[0.08328,51.5712],[0.08327,51.57126],[0.08326,51.57129],[0.08321,51.57132],[0.08321,51.57138],[0.08318,51.57141],[0.08318,51.57147],[0.0832,51.57148],[0.0832,51.57152],[0.08321,51.5716],[0.08321,51.57166],[0.08318,51.57171],[0.08321,51.57183],[0.08319,51.57184],[0.08323,51.57196],[0.08326,51.57207],[0.0833,51.57226],[0.08333,51.57248],[0.08332,51.5726],[0.08335,51.57278],[0.08339,51.57294],[0.0835,51.5731],[0.08349,51.57316],[0.08356,51.57327],[0.0835,51.57342],[0.08362,51.57364],[0.08351,51.57352],[0.08354,51.57366],[0.08352,51.57372],[0.08359,51.57381],[0.08385,51.57393],[0.08429,51.57399],[0.08457,51.57404],[0.08472,51.57408],[0.08495,51.57411],[0.08521,51.57415],[0.08534,51.57419],[0.08555,51.57422],[0.08566,51.57427],[0.08588,51.5743],[0.08609,51.57432],[0.08628,51.57436],[0.08645,51.57442],[0.08665,51.57446],[0.0868,51.57448],[0.08691,51.5745],[0.08701,51.57451],[0.0871,51.57455],[0.08718,51.57458],[0.08731,51.57464],[0.08746,51.57464],[0.08761,51.5747],[0.08781,51.57474],[0.08791,51.57474],[0.08802,51.57476],[0.08809,51.5748],[0.08821,51.57482],[0.08832,51.57484],[0.08845,51.57487],[0.08851,51.57488],[0.0886,51.57491],[0.08871,51.57495],[0.08879,51.57498],[0.08892,51.57502],[0.08903,51.57506],[0.08918,51.57506],[0.08924,51.5751],[0.08935,51.57512],[0.09163,51.5752],[0.09156,51.57516],[0.09141,51.57512],[0.09231,51.57534],[0.09206,51.57531],[0.09261,51.57544],[0.09321,51.57552],[0.09369,51.5756],[0.09394,51.57571],[0.09429,51.57579],[0.09467,51.5759],[0.0948,51.57595],[0.09502,51.57603],[0.09519,51.57608],[0.09544,51.57614],[0.09562,51.57622],[0.09607,51.5764],[0.09716,51.57659],[0.09695,51.5767],[0.09721,51.57688],[0.09725,51.57688],[0.09757,51.57709],[0.09776,51.57718],[0.09767,51.57715],[0.0978,51.57723],[0.09793,51.57736],[0.09828,51.57744],[0.09849,51.5775],[0.09875,51.57771],[0.09913,51.57795],[0.09965,51.5784],[0.09961,51.57831],[0.09922,51.57798],[0.09952,51.57812],[0.09952,51.57811],[0.09954,51.57812],[0.09993,51.57831],[0.10004,51.57835],[0.10001,51.57834],[0.10093,51.57878],[0.10038,51.57843],[0.10111,51.57886],[0.10093,51.57878],[0.10147,51.57911],[0.10154,51.57912],[0.10214,51.57944],[0.10325,51.57987],[0.10253,51.57963]]],[[[0.11741,51.58211],[0.11733,51.58214],[0.11746,51.58229],[0.11741,51.58211]]],[[[0.11144,51.58239],[0.11111,51.58238],[0.11119,51.5824],[0.11144,51.58239]]],[[[0.11153,51.58239],[0.11144,51.58239],[0.11167,51.5824],[0.11192,51.5824],[0.11153,51.58239]]],[[[0.11192,51.5824],[0.11213,51.58241],[0.11209,51.5824],[0.11192,51.5824]]],[[[0.11746,51.58229],[0.11747,51.5823],[0.11749,51.58232],[0.1175,51.58232],[0.11746,51.58229]]],[[[0.11749,51.58232],[0.11748,51.58232],[0.11749,51.58238],[0.11754,51.58238],[0.11749,51.58232]]],[[[0.11749,51.58238],[0.11749,51.58238],[0.1175,51.5824],[0.11749,51.58238]]],[[[0.11213,51.58241],[0.11239,51.58246],[0.11313,51.58249],[0.11282,51.58243],[0.11213,51.58241]]],[[[0.11337,51.5825],[0.11313,51.58249],[0.11325,51.58251],[0.11337,51.5825]]],[[[0.11749,51.58238],[0.11745,51.58232],[0.11729,51.58232],[0.11699,51.58232],[0.11566,51.58259],[0.11505,51.58256],[0.1163,51.58238],[0.11458,51.58248],[0.11439,51.58248],[0.11403,51.58251],[0.11425,51.58248],[0.11351,51.58248],[0.11337,51.5825],[0.11368,51.58251],[0.11574,51.58267],[0.11617,51.58254],[0.11749,51.58238]]],[[[0.08306,51.56506],[0.08305,51.56505],[0.08305,51.5651],[0.08306,51.56514],[0.08306,51.56508],[0.08306,51.56506]]],[[[0.08347,51.56913],[0.08348,51.56909],[0.08345,51.56915],[0.08347,51.56913]]],[[[0.1123,51.57275],[0.1123,51.57277],[0.11227,51.57264],[0.1123,51.57275]]],[[[0.1123,51.57275],[0.11221,51.57248],[0.11224,51.57262],[0.11237,51.57304],[0.11235,51.57296],[0.1123,51.57275]]],[[[0.11247,51.57339],[0.11252,51.57358],[0.11246,51.57336],[0.11247,51.57339]]],[[[0.11247,51.57339],[0.11237,51.57304],[0.11247,51.57359],[0.11256,51.57399],[0.11247,51.57339]]],[[[0.11269,51.57417],[0.11264,51.574],[0.11265,51.57408],[0.1127,51.57424],[0.11269,51.57417]]],[[[0.09686,51.57664],[0.0967,51.57664],[0.0969,51.57672],[0.09695,51.5767],[0.09686,51.57664]]],[[[0.09721,51.57688],[0.09709,51.57686],[0.09741,51.57701],[0.09721,51.57688]]],[[[0.09974,51.57828],[0.09971,51.57826],[0.09972,51.57828],[0.09975,51.57829],[0.09974,51.57828]]],[[[0.11423,51.57804],[0.11411,51.57785],[0.11411,51.57793],[0.11413,51.57796],[0.11423,51.57804]]],[[[0.10354,51.58023],[0.1035,51.5802],[0.10334,51.58014],[0.10336,51.58015],[0.10354,51.58023]]],[[[0.10335,51.58025],[0.10328,51.58021],[0.10328,51.58021],[0.10335,51.58025],[0.10335,51.58025]]],[[[0.10354,51.58023],[0.10364,51.58029],[0.10372,51.58031],[0.10354,51.58023]]],[[[0.10364,51.58029],[0.10363,51.58029],[0.10366,51.58031],[0.10364,51.58029]]],[[[0.1038,51.58032],[0.10381,51.58032],[0.10379,51.58031],[0.1038,51.58032]]],[[[0.10396,51.58034],[0.10403,51.58035],[0.10394,51.58031],[0.10396,51.58034]]],[[[0.1038,51.58032],[0.10372,51.58031],[0.10385,51.58036],[0.1038,51.58032]]],[[[0.10396,51.58034],[0.10381,51.58032],[0.10401,51.58039],[0.10399,51.58038],[0.10396,51.58034]]],[[[0.10456,51.58046],[0.10455,51.5804],[0.10453,51.58039],[0.10453,51.58041],[0.10456,51.58046]]],[[[0.10439,51.58051],[0.10438,51.58051],[0.10437,51.58051],[0.10439,51.58051]]],[[[0.10451,51.58054],[0.10453,51.58054],[0.10451,51.58053],[0.10451,51.58054]]],[[[0.10463,51.58056],[0.10456,51.58046],[0.10457,51.58055],[0.10463,51.58056],[0.10463,51.58056]]],[[[0.10451,51.58054],[0.10439,51.58051],[0.10447,51.58057],[0.1045,51.58058],[0.1045,51.58056],[0.1045,51.58056],[0.1045,51.58056],[0.10451,51.58054]]],[[[0.10457,51.58055],[0.10453,51.58054],[0.10458,51.58059],[0.10457,51.58055]]],[[[0.1045,51.58058],[0.1045,51.58059],[0.10447,51.58057],[0.10401,51.58039],[0.10413,51.58048],[0.10437,51.58059],[0.10437,51.58056],[0.10446,51.5806],[0.10453,51.58059],[0.1045,51.58058]]],[[[0.10437,51.58059],[0.10437,51.5806],[0.1044,51.5806],[0.10437,51.58059]]],[[[0.10437,51.5806],[0.1043,51.58061],[0.10437,51.58066],[0.10437,51.5806]]],[[[0.10463,51.58056],[0.10471,51.58066],[0.10472,51.58067],[0.10473,51.58058],[0.10468,51.5805],[0.10463,51.58056]]],[[[0.10437,51.58066],[0.10437,51.58067],[0.10439,51.58067],[0.10437,51.58066]]],[[[0.10472,51.58067],[0.10472,51.58067],[0.10474,51.5807],[0.1048,51.58072],[0.1048,51.5807],[0.10472,51.58067]]],[[[0.10439,51.58067],[0.10442,51.58069],[0.1046,51.58075],[0.1046,51.58072],[0.10439,51.58067]]],[[[0.1048,51.58072],[0.10481,51.58075],[0.10486,51.58076],[0.10484,51.58073],[0.1048,51.58072]]],[[[0.10461,51.58078],[0.10459,51.58078],[0.10461,51.58079],[0.10461,51.58078]]],[[[0.10494,51.58078],[0.10486,51.58076],[0.10487,51.58077],[0.10494,51.58079],[0.10494,51.58078]]],[[[0.10494,51.58078],[0.105,51.5808],[0.105,51.58079],[0.10494,51.58077],[0.10494,51.58078]]],[[[0.1046,51.58075],[0.10461,51.58078],[0.10482,51.58081],[0.10482,51.58081],[0.1046,51.58075]]],[[[0.105,51.5808],[0.105,51.5808],[0.10504,51.58081],[0.10502,51.5808],[0.10501,51.5808],[0.105,51.5808]]],[[[0.10508,51.58081],[0.10504,51.58079],[0.10504,51.5808],[0.10506,51.58081],[0.10507,51.58082],[0.10508,51.58081]]],[[[0.10506,51.58081],[0.10504,51.58081],[0.10507,51.58082],[0.10507,51.58082],[0.10506,51.58081]]],[[[0.10527,51.58084],[0.10528,51.58085],[0.10527,51.58083],[0.10527,51.58084]]],[[[0.10472,51.58085],[0.10461,51.58079],[0.10462,51.58084],[0.10465,51.58086],[0.10467,51.58083],[0.10472,51.58085]]],[[[0.10527,51.58084],[0.10514,51.5808],[0.10513,51.58079],[0.10508,51.58081],[0.10508,51.58082],[0.10527,51.58086],[0.10527,51.58084]]],[[[0.10472,51.58085],[0.10484,51.58091],[0.10484,51.58088],[0.10472,51.58085]]],[[[0.10489,51.58093],[0.10484,51.58091],[0.10485,51.58095],[0.10489,51.58093]]],[[[0.10528,51.58085],[0.10535,51.58098],[0.10537,51.58099],[0.10541,51.58099],[0.10531,51.58085],[0.10528,51.58085]]],[[[0.10537,51.58099],[0.10536,51.58099],[0.10538,51.581],[0.10537,51.58099]]],[[[0.10538,51.581],[0.10538,51.581],[0.10539,51.581],[0.10538,51.581]]],[[[0.10539,51.581],[0.10543,51.58101],[0.10542,51.581],[0.10539,51.581]]],[[[0.10489,51.58093],[0.10523,51.58111],[0.10525,51.58095],[0.10509,51.58083],[0.10501,51.58087],[0.10501,51.58088],[0.10489,51.58093]]],[[[0.10524,51.58111],[0.10523,51.58111],[0.10523,51.58112],[0.10524,51.58111]]],[[[0.10543,51.58101],[0.10545,51.58104],[0.10574,51.58122],[0.1058,51.58123],[0.10574,51.58111],[0.10562,51.58107],[0.10543,51.58101]]],[[[0.10652,51.58138],[0.1063,51.58128],[0.10621,51.58126],[0.10647,51.58136],[0.10652,51.58138]]],[[[0.10524,51.58111],[0.10559,51.58129],[0.10585,51.58139],[0.10577,51.58133],[0.1057,51.58131],[0.10576,51.58133],[0.10555,51.58117],[0.10562,51.58126],[0.1055,51.58115],[0.10549,51.58115],[0.1055,51.58115],[0.10537,51.58104],[0.10534,51.58101],[0.10524,51.58111]]],[[[0.10652,51.58138],[0.10667,51.58145],[0.10673,51.58145],[0.10652,51.58138]]],[[[0.10667,51.58145],[0.1066,51.58144],[0.1058,51.58123],[0.10581,51.58124],[0.10633,51.58139],[0.10672,51.58147],[0.10667,51.58145]]],[[[0.10673,51.58145],[0.10686,51.58149],[0.10675,51.58145],[0.10673,51.58145]]],[[[0.10686,51.58149],[0.10698,51.58154],[0.10706,51.58156],[0.10703,51.58155],[0.10686,51.58149]]],[[[0.10585,51.58139],[0.10595,51.58146],[0.1063,51.58157],[0.10635,51.58159],[0.10585,51.58139]]],[[[0.10635,51.58159],[0.10637,51.5816],[0.10636,51.58159],[0.10635,51.58159]]],[[[0.10706,51.58156],[0.10712,51.58158],[0.10712,51.58158],[0.10712,51.58158],[0.10706,51.58156]]],[[[0.10637,51.5816],[0.10638,51.5816],[0.10639,51.5816],[0.10637,51.5816]]],[[[0.10712,51.58158],[0.10712,51.58159],[0.10721,51.58162],[0.10726,51.58164],[0.10712,51.58158]]],[[[0.10726,51.58164],[0.10733,51.58167],[0.10751,51.58172],[0.10742,51.58168],[0.1074,51.58168],[0.10726,51.58164]]],[[[0.10639,51.5816],[0.10673,51.58174],[0.1068,51.58174],[0.10668,51.58169],[0.10656,51.58166],[0.10639,51.5816]]],[[[0.10748,51.58172],[0.10755,51.58174],[0.10746,51.58172],[0.10748,51.58172]]],[[[0.10757,51.58174],[0.10755,51.58174],[0.10757,51.58174],[0.10757,51.58174]]],[[[0.10751,51.58172],[0.10757,51.58174],[0.10761,51.58175],[0.10751,51.58172]]],[[[0.10764,51.58179],[0.10772,51.58182],[0.10768,51.58179],[0.10759,51.58176],[0.10764,51.58179]]],[[[0.10776,51.58184],[0.10764,51.58179],[0.10748,51.58172],[0.10746,51.58172],[0.1075,51.58174],[0.10737,51.58174],[0.10747,51.58179],[0.10764,51.58185],[0.10785,51.5819],[0.10776,51.58184]]],[[[0.10772,51.58182],[0.10776,51.58184],[0.10792,51.58192],[0.10797,51.58193],[0.10806,51.58195],[0.10772,51.58182]]],[[[0.10797,51.58193],[0.10792,51.58192],[0.10793,51.58192],[0.10793,51.58195],[0.10812,51.58197],[0.10797,51.58193]]],[[[0.10793,51.58195],[0.10834,51.58202],[0.10824,51.582],[0.10793,51.58195]]],[[[0.11714,51.58187],[0.1171,51.58175],[0.11706,51.58168],[0.11693,51.58156],[0.11714,51.58187]]],[[[0.10902,51.58203],[0.10901,51.58203],[0.10913,51.58208],[0.10902,51.58203]]],[[[0.1068,51.58174],[0.10726,51.58191],[0.10791,51.58211],[0.1082,51.58212],[0.10684,51.58174],[0.1068,51.58174]]],[[[0.11717,51.58196],[0.1162,51.58089],[0.11617,51.58086],[0.11629,51.58101],[0.11717,51.58197],[0.11717,51.58196]]],[[[0.1089,51.5821],[0.10912,51.58213],[0.10888,51.58208],[0.1089,51.5821]]],[[[0.1089,51.5821],[0.10853,51.58206],[0.10834,51.58202],[0.10892,51.58217],[0.10903,51.58218],[0.1089,51.5821]]],[[[0.11714,51.58187],[0.11717,51.58196],[0.11726,51.58206],[0.11725,51.58204],[0.11714,51.58187]]],[[[0.1082,51.58212],[0.10853,51.58222],[0.10883,51.58222],[0.10896,51.58222],[0.10858,51.58219],[0.10866,51.58214],[0.1082,51.58212]]],[[[0.10912,51.58213],[0.10965,51.58222],[0.10974,51.58222],[0.10956,51.58219],[0.10954,51.58217],[0.10912,51.58213]]],[[[0.10903,51.58218],[0.10907,51.58221],[0.10914,51.58222],[0.10954,51.58223],[0.10903,51.58218]]],[[[0.10914,51.58222],[0.10896,51.58222],[0.1092,51.58224],[0.10914,51.58222]]],[[[0.10974,51.58222],[0.10982,51.58224],[0.11003,51.58224],[0.10974,51.58222]]],[[[0.1092,51.58224],[0.10924,51.58225],[0.10947,51.58226],[0.1092,51.58224]]],[[[0.11731,51.58212],[0.11729,51.58209],[0.11726,51.58206],[0.11726,51.58207],[0.11731,51.58212],[0.11731,51.58212]]],[[[0.11727,51.58213],[0.11726,51.58207],[0.11717,51.58197],[0.11722,51.58213],[0.11727,51.58213]]],[[[0.11731,51.58212],[0.11731,51.58213],[0.11733,51.58214],[0.11733,51.58214],[0.11732,51.58212],[0.11731,51.58212]]],[[[0.11733,51.58214],[0.11731,51.58213],[0.11731,51.58212],[0.11727,51.58213],[0.11728,51.58216],[0.11733,51.58214]]],[[[0.10982,51.58224],[0.10954,51.58223],[0.10991,51.58227],[0.11033,51.58229],[0.11025,51.58227],[0.10999,51.58227],[0.10982,51.58224]]],[[[0.11033,51.58229],[0.11033,51.5823],[0.11038,51.5823],[0.11033,51.58229]]],[[[0.11728,51.58216],[0.11724,51.58218],[0.11729,51.58232],[0.11729,51.58219],[0.11728,51.58216]]],[[[0.11733,51.58214],[0.11733,51.58214],[0.11745,51.58232],[0.11748,51.58232],[0.11747,51.5823],[0.11733,51.58214]]],[[[0.11724,51.58218],[0.11722,51.58213],[0.1172,51.58214],[0.1172,51.58214],[0.11718,51.58214],[0.11425,51.58248],[0.11439,51.58248],[0.1169,51.5823],[0.11724,51.58218]]],[[[0.10458,51.58059],[0.10459,51.58059],[0.10458,51.58059],[0.10458,51.58059]]],[[[0.10457,51.58059],[0.1045,51.58056],[0.1045,51.58056],[0.10455,51.58059],[0.10457,51.58059]]],[[[0.10458,51.58059],[0.10457,51.58059],[0.10458,51.5806],[0.10458,51.58059]]],[[[0.10455,51.58059],[0.10453,51.58059],[0.10458,51.58061],[0.10455,51.58059]]],[[[0.10458,51.58061],[0.10458,51.58061],[0.10458,51.58062],[0.10458,51.58061]]],[[[0.10458,51.5806],[0.10458,51.58061],[0.10464,51.58064],[0.10463,51.58062],[0.10458,51.5806]]],[[[0.10467,51.58067],[0.10458,51.58062],[0.10459,51.58064],[0.10467,51.58067],[0.10467,51.58067]]],[[[0.10459,51.58064],[0.10446,51.5806],[0.1044,51.5806],[0.10459,51.58068],[0.10459,51.58064]]],[[[0.10464,51.58064],[0.10467,51.58067],[0.10469,51.58068],[0.10472,51.58069],[0.10472,51.58067],[0.10471,51.58066],[0.10464,51.58064]]],[[[0.10472,51.58069],[0.10472,51.5807],[0.10476,51.58072],[0.10474,51.5807],[0.10472,51.58069]]],[[[0.10476,51.58072],[0.10477,51.58074],[0.10479,51.58074],[0.10476,51.58072]]],[[[0.10459,51.58068],[0.1046,51.58072],[0.10473,51.58075],[0.10459,51.58068]]],[[[0.10479,51.58074],[0.10481,51.58076],[0.10481,51.58075],[0.10479,51.58074]]],[[[0.10481,51.58076],[0.10481,51.58076],[0.10482,51.58076],[0.10481,51.58076]]],[[[0.10473,51.58075],[0.1048,51.58077],[0.10479,51.58076],[0.10478,51.58075],[0.10473,51.58075]]],[[[0.1048,51.58077],[0.1048,51.58078],[0.10481,51.58078],[0.1048,51.58077]]],[[[0.10481,51.58078],[0.10482,51.58078],[0.10482,51.58078],[0.10481,51.58078]]],[[[0.10482,51.58076],[0.10486,51.58079],[0.10488,51.58079],[0.10487,51.58077],[0.10482,51.58076]]],[[[0.10493,51.5808],[0.105,51.58081],[0.105,51.5808],[0.10494,51.58079],[0.10493,51.5808]]],[[[0.10507,51.58082],[0.10507,51.58082],[0.10506,51.58082],[0.10508,51.58082],[0.10507,51.58082]]],[[[0.10482,51.58078],[0.10482,51.58081],[0.10483,51.58081],[0.10493,51.58083],[0.10482,51.58078]]],[[[0.10493,51.5808],[0.10488,51.58079],[0.10489,51.5808],[0.10486,51.58079],[0.10483,51.58078],[0.10493,51.58083],[0.10493,51.5808]]],[[[0.10507,51.58082],[0.10509,51.58083],[0.1051,51.58083],[0.10508,51.58082],[0.10507,51.58082],[0.10507,51.58082],[0.10507,51.58082]]],[[[0.10509,51.58083],[0.10508,51.58082],[0.10509,51.58083],[0.1051,51.58083],[0.10509,51.58083]]],[[[0.10506,51.58082],[0.105,51.58081],[0.10501,51.58084],[0.10506,51.58082]]],[[[0.10527,51.58086],[0.10527,51.58086],[0.10527,51.58086],[0.10527,51.58086]]],[[[0.10501,51.58084],[0.10497,51.58086],[0.10483,51.58081],[0.10482,51.58081],[0.10484,51.58088],[0.10493,51.58091],[0.10501,51.58087],[0.10501,51.58084]]],[[[0.10527,51.58086],[0.1051,51.58083],[0.10526,51.58092],[0.10527,51.58086]]],[[[0.10534,51.58101],[0.10532,51.58099],[0.10535,51.581],[0.10536,51.58099],[0.10535,51.58098],[0.10526,51.58092],[0.10525,51.58095],[0.10534,51.58101],[0.10534,51.58101]]],[[[0.10535,51.581],[0.10534,51.58101],[0.10537,51.58104],[0.10554,51.58116],[0.10555,51.58117],[0.10545,51.58104],[0.10538,51.581],[0.10535,51.581]]],[[[0.10554,51.58116],[0.1055,51.58115],[0.1055,51.58115],[0.10554,51.58117],[0.10554,51.58116]]],[[[0.10555,51.58117],[0.10554,51.58117],[0.10555,51.58117],[0.10555,51.58117]]],[[[0.10555,51.58117],[0.10555,51.58117],[0.10576,51.58123],[0.10574,51.58122],[0.10555,51.58117]]],[[[0.10576,51.58123],[0.10582,51.58126],[0.10581,51.58124],[0.10576,51.58123]]],[[[0.10582,51.58126],[0.10583,51.58128],[0.10586,51.58129],[0.10582,51.58126]]],[[[0.10605,51.5814],[0.10576,51.58133],[0.10577,51.58133],[0.10609,51.58143],[0.10605,51.5814]]],[[[0.1069,51.58155],[0.10706,51.58159],[0.10703,51.58158],[0.10711,51.5816],[0.10712,51.58159],[0.10698,51.58154],[0.10673,51.58147],[0.10672,51.58147],[0.1069,51.58155]]],[[[0.1069,51.58155],[0.10633,51.58139],[0.10586,51.58129],[0.10605,51.5814],[0.10671,51.58158],[0.10695,51.5816],[0.10708,51.58163],[0.10709,51.58163],[0.1069,51.58155]]],[[[0.10711,51.5816],[0.10711,51.5816],[0.10728,51.58165],[0.10721,51.58162],[0.10711,51.5816]]],[[[0.10728,51.58165],[0.10743,51.58171],[0.10746,51.58172],[0.10733,51.58167],[0.10728,51.58165]]],[[[0.10743,51.58171],[0.10721,51.58166],[0.10727,51.58169],[0.10746,51.58172],[0.10743,51.58171]]],[[[0.10609,51.58143],[0.10636,51.58159],[0.10652,51.58163],[0.10668,51.58169],[0.10684,51.58174],[0.1072,51.58174],[0.10704,51.5817],[0.10703,51.58171],[0.10697,51.58169],[0.10695,51.58171],[0.10683,51.58165],[0.10609,51.58143]]],[[[0.10727,51.58169],[0.1072,51.58168],[0.10733,51.58174],[0.10737,51.58174],[0.10727,51.58169]]],[[[0.10733,51.58174],[0.1072,51.58174],[0.10755,51.58182],[0.10747,51.58179],[0.10733,51.58174]]],[[[0.10755,51.58182],[0.10759,51.58184],[0.1077,51.58187],[0.10764,51.58185],[0.10755,51.58182]]],[[[0.10786,51.5819],[0.10792,51.58192],[0.10792,51.58192],[0.10785,51.5819],[0.10786,51.5819]]],[[[0.10786,51.5819],[0.1077,51.58187],[0.10793,51.58195],[0.10786,51.5819]]],[[[0.10892,51.58217],[0.10888,51.58216],[0.10909,51.58222],[0.10907,51.58221],[0.10892,51.58217]]],[[[0.10471,51.58072],[0.10472,51.5807],[0.10469,51.58068],[0.10467,51.58067],[0.10471,51.58072]]],[[[0.10471,51.58072],[0.10471,51.58072],[0.10478,51.58075],[0.10478,51.58076],[0.10477,51.58074],[0.10471,51.58072],[0.10471,51.58072]]],[[[0.10478,51.58076],[0.10479,51.58076],[0.10481,51.58077],[0.10481,51.58076],[0.10478,51.58076]]],[[[0.10481,51.58077],[0.10482,51.58078],[0.10483,51.58078],[0.10481,51.58077]]],[[[0.1071,51.58161],[0.10711,51.5816],[0.10706,51.58159],[0.1071,51.58161]]],[[[0.1071,51.58161],[0.10709,51.58163],[0.10711,51.58164],[0.10721,51.58166],[0.1071,51.58161]]],[[[0.10711,51.58164],[0.10708,51.58163],[0.10707,51.58166],[0.1072,51.58168],[0.10711,51.58164]]],[[[0.10707,51.58166],[0.1069,51.58163],[0.10671,51.58158],[0.10669,51.58158],[0.10683,51.58165],[0.10697,51.58169],[0.10699,51.58168],[0.10704,51.5817],[0.10707,51.58166]]]]}},{"type":"Feature","properties":{"source_code":"F82027","codes":["F82027"],"label":"DR P PRASAD'S PRACTICE"},"geometry":{"type":"Polygon","coordinates":[[[0.09291,51.54959],[0.09695,51.55026],[0.10149,51.55194],[0.10776,51.5533],[0.10686,51.55143],[0.10853,51.54999],[0.1084,51.54839],[0.10969,51.54671],[0.10973,51.54535],[0.10729,51.54436],[0.10583,51.54265],[0.1042,51.5411],[0.10587,51.53878],[0.11055,51.539],[0.11072,51.53686],[0.10536,51.53721],[0.10175,51.53833],[0.09742,51.54158],[0.09579,51.54086],[0.09647,51.54036],[0.09218,51.53859],[0.08587,51.54222],[0.08828,51.54351],[0.09227,51.54521],[0.09557,51.54655],[0.09398,51.54591],[0.09248,51.54839],[0.09291,51.54959]]]}},{"type":"Feature","properties":{"source_code":"G83009","codes":["G83009"],"label":"BELLEGROVE SURGERY"},"geometry":{"type":"Polygon","coordinates":[[[0.12128,51.44951],[0.11923,51.44928],[0.11667,51.44974],[0.11377,51.45055],[0.10592,51.45132],[0.0981,51.45323],[0.08853,51.45552],[0.08362,51.45671],[0.08129,51.45721],[0.07862,51.45831],[0.07727,51.46009],[0.07472,51.46195],[0.0661,51.46746],[0.06362,51.46979],[0.06415,51.47193],[0.06433,51.47319],[0.06454,51.47369],[0.06519,51.47413],[0.06455,51.47521],[0.06507,51.47609],[0.06877,51.47813],[0.06923,51.47812],[0.06925,51.47758],[0.0705,51.47745],[0.07241,51.4772],[0.07472,51.47717],[0.08283,51.47478],[0.08462,51.47712],[0.08701,51.47978],[0.08995,51.48101],[0.09425,51.48069],[0.09668,51.48019],[0.09885,51.47947],[0.10119,51.47883],[0.10345,51.4791],[0.10193,51.48017],[0.10144,51.48151],[0.10364,51.48157],[0.10477,51.48108],[0.10572,51.48016],[0.1087,51.47846],[0.11035,51.47748],[0.11083,51.47592],[0.10883,51.47548],[0.11209,51.47331],[0.11364,51.47492],[0.11544,51.47637],[0.11677,51.47782],[0.11836,51.479],[0.11909,51.47859],[0.11991,51.4785],[0.12048,51.47841],[0.12136,51.47808],[0.12261,51.47751],[0.12415,51.47684],[0.12617,51.47449],[0.13051,51.47131],[0.13028,51.47002],[0.13,51.46878],[0.12984,51.46758],[0.12919,51.4656],[0.12913,51.46369],[0.12686,51.46095],[0.12587,51.4593],[0.12403,51.45949],[0.12338,51.45768],[0.12317,51.45588],[0.12276,51.45493],[0.12295,51.45398],[0.12319,51.45303],[0.12308,51.45208],[0.12128,51.44951]]]}},{"type":"Feature","properties":{"source_code":"F86025","codes":["F86025"],"label":"OAK TREE MEDICAL CENTRE"},"geometry":{"type":"Polygon","coordinates":[[[0.06643,51.57504],[0.10883,51.5775],[0.12823,51.5744],[0.11467,51.55423],[0.1042,51.5506],[0.07776,51.54537],[0.07364,51.54591],[0.06643,51.57504]]]}},{"type":"Feature","properties":{"source_code":"G84604","codes":["G84604"],"label":"HIGHLAND ROAD SURGERY"},"geometry":{"type":"MultiPolygon","coordinates":[[[[-0.03609,51.39208],[-0.03609,51.39208],[-0.03777,51.3919],[-0.03609,51.39208]]],[[[-0.01318,51.42854],[-0.01077,51.4272],[-0.00764,51.4264],[-0.00494,51.42552],[-0.00378,51.42439],[0.0015,51.42584],[0.00433,51.42605],[0.00502,51.42538],[0.00708,51.42429],[0.00858,51.42394],[0.01069,51.4233],[0.0136,51.42439],[0.01399,51.42367],[0.01493,51.42182],[0.01708,51.42017],[0.0179,51.4195],[0.01712,51.4184],[0.01712,51.41628],[0.0176,51.41532],[0.01957,51.41444],[0.02412,51.41369],[0.02566,51.41157],[0.02455,51.4097],[0.02442,51.40724],[0.0236,51.40459],[0.02515,51.40266],[0.05974,51.38871],[0.08617,51.38592],[0.09647,51.38828],[0.11225,51.39042],[0.13145,51.37607],[0.1071,51.36964],[0.09407,51.37542],[0.08205,51.3825],[0.02296,51.39891],[0.02214,51.39765],[0.01983,51.39859],[0.01734,51.39923],[0.01562,51.3987],[0.0127,51.39725],[0.00837,51.39538],[0.00227,51.39278],[-0.00309,51.39058],[-0.00712,51.38823],[-0.0109,51.38758],[-0.01493,51.38783],[-0.01966,51.38791],[-0.02858,51.38957],[-0.03193,51.39165],[-0.03438,51.39227],[-0.03609,51.39208],[-0.03545,51.39372],[-0.03506,51.39712],[-0.04111,51.39918],[-0.03407,51.40477],[-0.03382,51.40566],[-0.03605,51.40611],[-0.03313,51.41082],[-0.03425,51.41214],[-0.03519,51.41385],[-0.03214,51.41449],[-0.02789,51.41588],[-0.02588,51.42017],[-0.02601,51.42145],[-0.02742,51.42686],[-0.02485,51.42728],[-0.01944,51.42595],[-0.01318,51.42854]]]]}},{"type":"Feature","properties":{"source_code":"F86637","codes":["F86637"],"label":"SEVEN KINGS PRACTICE"},"geometry":{"type":"Polygon","coordinates":[[[0.09182,51.5629],[0.09456,51.56337],[0.09472,51.5631],[0.09478,51.56297],[0.09489,51.56285],[0.09608,51.56312],[0.09727,51.56338],[0.09736,51.56334],[0.097,51.56326],[0.09783,51.56209],[0.09861,51.56091],[0.09755,51.56078],[0.09722,51.56073],[0.09687,51.56066],[0.09632,51.56052],[0.0942,51.55996],[0.09383,51.56039],[0.09362,51.56067],[0.09334,51.56103],[0.09303,51.56142],[0.09182,51.5629]]]}},{"type":"Feature","properties":{"source_code":"G83002","codes":["G83002"],"label":"THE WESTWOOD SURGERY"},"geometry":{"type":"Polygon","coordinates":[[[0.14797,51.47379],[0.1504,51.47227],[0.15205,51.47146],[0.15335,51.47129],[0.1547,51.47156],[0.15478,51.46969],[0.1531,51.46889],[0.15102,51.4656],[0.14817,51.4629],[0.14758,51.46182],[0.14643,51.46109],[0.14626,51.46069],[0.14628,51.45722],[0.14617,51.45688],[0.14523,51.45652],[0.14426,51.45656],[0.14392,51.45557],[0.14374,51.4553],[0.14344,51.45447],[0.14297,51.45316],[0.14158,51.45201],[0.13898,51.45005],[0.13666,51.44874],[0.13518,51.44763],[0.13254,51.44604],[0.13231,51.4454],[0.13134,51.4456],[0.13036,51.44625],[0.12862,51.44717],[0.12776,51.44731],[0.124,51.44812],[0.12113,51.44814],[0.12027,51.4481],[0.11879,51.44784],[0.11918,51.44625],[0.11918,51.44558],[0.11965,51.44326],[0.11855,51.44256],[0.11729,51.44125],[0.11817,51.43958],[0.11881,51.4395],[0.11864,51.4393],[0.11802,51.43924],[0.11272,51.43586],[0.10778,51.43469],[0.10531,51.4349],[0.10413,51.43519],[0.10338,51.43555],[0.10222,51.43558],[0.10119,51.43635],[0.09974,51.43686],[0.09787,51.43753],[0.09326,51.43845],[0.08952,51.43907],[0.08804,51.44025],[0.08525,51.44216],[0.08626,51.44279],[0.0868,51.44315],[0.08727,51.4436],[0.08729,51.44388],[0.08733,51.44449],[0.08703,51.44489],[0.08716,51.44515],[0.08813,51.44679],[0.08748,51.44934],[0.08675,51.45046],[0.0866,51.4525],[0.08624,51.45505],[0.08611,51.45657],[0.08491,51.45687],[0.08422,51.45747],[0.08306,51.45905],[0.08302,51.46061],[0.08265,51.46489],[0.08291,51.46659],[0.08349,51.46643],[0.08414,51.46764],[0.08467,51.46771],[0.08577,51.46795],[0.08637,51.46804],[0.08761,51.46843],[0.0895,51.47014],[0.09089,51.47065],[0.09293,51.47169],[0.09298,51.47236],[0.09394,51.47284],[0.09461,51.47292],[0.09559,51.47291],[0.09692,51.47299],[0.09718,51.47383],[0.0969,51.47426],[0.09798,51.47528],[0.09838,51.47617],[0.09862,51.47665],[0.10053,51.47648],[0.10062,51.47665],[0.10143,51.47759],[0.10212,51.47872],[0.10392,51.47904],[0.10456,51.47872],[0.10566,51.47803],[0.10785,51.47709],[0.1084,51.47572],[0.10973,51.47483],[0.11094,51.47385],[0.11199,51.47311],[0.11328,51.47434],[0.11517,51.47588],[0.1181,51.47861],[0.1188,51.47911],[0.11984,51.47893],[0.12133,51.47859],[0.12195,51.47863],[0.12505,51.47985],[0.12572,51.47992],[0.12654,51.47953],[0.12865,51.47946],[0.13063,51.47955],[0.13166,51.47992],[0.13497,51.47672],[0.13658,51.47538],[0.13824,51.4742],[0.13643,51.47335],[0.13628,51.47242],[0.13723,51.47211],[0.14092,51.47271],[0.14797,51.47379]]]}},{"type":"Feature","properties":{"source_code":"F82018","codes":["F82018"],"label":"BARKING MEDICAL GROUP PRACTICE"},"geometry":{"type":"Polygon","coordinates":[[[0.11742,51.56299],[0.126,51.54068],[0.14677,51.53224],[0.09459,51.52541],[0.08032,51.53479],[0.07999,51.5348],[0.07992,51.53505],[0.07982,51.53512],[0.0721,51.53384],[0.0654,51.55648],[0.07964,51.55532],[0.07993,51.55532],[0.11742,51.56299]]]}},{"type":"Feature","properties":{"source_code":"F82680","codes":["F82680"],"label":"HIGHGROVE SURGERY"},"geometry":{"type":"Polygon","coordinates":[[[0.06798,51.54377],[0.09476,51.54762],[0.10815,51.55274],[0.10952,51.55872],[0.11055,51.56512],[0.11845,51.56555],[0.13355,51.5664],[0.14797,51.5664],[0.15827,51.5664],[0.16308,51.5632],[0.17097,51.55893],[0.17853,51.55317],[0.18539,51.54698],[0.17853,51.54356],[0.17372,51.5395],[0.16788,51.53395],[0.16136,51.52712],[0.16857,51.52541],[0.16617,51.52028],[0.16754,51.51558],[0.16514,51.51024],[0.15862,51.51173],[0.15381,51.51302],[0.1466,51.51387],[0.13836,51.51729],[0.13012,51.519],[0.12119,51.51857],[0.11364,51.51515],[0.10437,51.51408],[0.09579,51.51579],[0.08549,51.51237],[0.0824,51.51643],[0.07725,51.52092],[0.07175,51.52477],[0.0721,51.52989],[0.06935,51.53587],[0.06592,51.54036],[0.06798,51.54377]]]}},{"type":"Feature","properties":{"source_code":"G81029","codes":["G81029"],"label":"SEAFORD MEDICAL PRACTICE"},"geometry":{"type":"Polygon","coordinates":[[[0.06008,50.78163],[0.05905,50.78358],[0.05836,50.78597],[0.05733,50.78814],[0.05665,50.79096],[0.05665,50.79357],[0.05665,50.7966],[0.05665,50.79921],[0.05459,50.8016],[0.05459,50.80398],[0.05562,50.80702],[0.0563,50.80984],[0.05424,50.81201],[0.05184,50.81353],[0.04944,50.81526],[0.07484,50.81526],[0.07896,50.81505],[0.10197,50.80897],[0.11398,50.80767],[0.1284,50.80181],[0.13905,50.79834],[0.14282,50.79509],[0.14385,50.79118],[0.14317,50.78727],[0.14317,50.78402],[0.14008,50.78098],[0.1387,50.77772],[0.13973,50.77512],[0.14179,50.77316],[0.1442,50.77077],[0.14523,50.76643],[0.14523,50.76426],[0.14454,50.76078],[0.14317,50.75774],[0.13699,50.75688],[0.13081,50.75688],[0.12531,50.75818],[0.11982,50.76013],[0.1133,50.76187],[0.10952,50.76404],[0.10403,50.76621],[0.09853,50.7686],[0.0951,50.77142],[0.08961,50.77381],[0.08514,50.77598],[0.08034,50.77794],[0.07656,50.78011],[0.07278,50.78098],[0.06626,50.78206],[0.06283,50.78206],[0.06008,50.78163]]]}},{"type":"Feature","properties":{"source_code":"G81099","codes":["G81099"],"label":"OLD SCHOOL SURGERY"},"geometry":{"type":"MultiPolygon","coordinates":[[[[0.11749,50.87109],[0.11845,50.87163],[0.12188,50.87271],[0.12531,50.87336],[0.11749,50.87109]]],[[[0.20975,50.88352],[0.21629,50.88224],[0.22453,50.87921],[0.20975,50.88352]]],[[[0.20975,50.88352],[0.20737,50.88398],[0.19775,50.88701],[0.20975,50.88352]]],[[[0.22632,50.82256],[0.22647,50.82929],[0.22591,50.82069],[0.22611,50.81891],[0.22632,50.82256],[0.22622,50.81794],[0.22659,50.81461],[0.22597,50.80289],[0.22797,50.79595],[0.22797,50.79205],[0.22797,50.7864],[0.22659,50.78119],[0.22659,50.77598],[0.22659,50.76947],[0.22453,50.76383],[0.22453,50.75644],[0.22385,50.75199],[0.22385,50.74732],[0.22385,50.74297],[0.22316,50.74123],[0.22316,50.73906],[0.22024,50.7398],[0.22591,50.73819],[0.21767,50.73819],[0.20531,50.7421],[0.19295,50.74515],[0.18677,50.74732],[0.18551,50.74859],[0.18539,50.74862],[0.17374,50.75217],[0.16823,50.75297],[0.16301,50.75545],[0.1584,50.75685],[0.15587,50.75731],[0.14488,50.75861],[0.1339,50.75861],[0.1236,50.76122],[0.12096,50.76222],[0.11879,50.76252],[0.0975,50.7749],[0.09247,50.77954],[0.09086,50.77993],[0.0927,50.77816],[0.0769,50.7838],[0.0618,50.78944],[0.05424,50.79422],[0.05356,50.8042],[0.05356,50.80941],[0.04257,50.81505],[0.03639,50.81982],[0.03639,50.82329],[0.03639,50.82719],[0.03502,50.8311],[0.03502,50.8337],[0.03605,50.83271],[0.03605,50.83478],[0.03674,50.83547],[0.03571,50.835],[0.05013,50.85234],[0.04987,50.85157],[0.05148,50.85196],[0.05081,50.85191],[0.05165,50.852],[0.05671,50.85321],[0.05356,50.85321],[0.05671,50.85321],[0.0721,50.85689],[0.07341,50.8581],[0.07347,50.85819],[0.07362,50.8583],[0.07501,50.85958],[0.07519,50.85993],[0.07579,50.86031],[0.07725,50.86166],[0.07793,50.86166],[0.07828,50.86188],[0.0824,50.86209],[0.08644,50.86209],[0.0868,50.86222],[0.09029,50.86383],[0.09544,50.86556],[0.09692,50.86585],[0.10094,50.86729],[0.10575,50.86832],[0.10609,50.86859],[0.10703,50.86859],[0.10818,50.86883],[0.10883,50.86903],[0.10951,50.86912],[0.11402,50.87008],[0.11749,50.87109],[0.11673,50.87066],[0.11794,50.87092],[0.12634,50.87336],[0.12409,50.87225],[0.12634,50.87293],[0.12506,50.87244],[0.12634,50.87271],[0.12651,50.87297],[0.12634,50.87293],[0.12806,50.87683],[0.13149,50.88094],[0.13184,50.88311],[0.13333,50.88352],[0.14076,50.89372],[0.14247,50.89365],[0.14248,50.89372],[0.14267,50.89364],[0.17097,50.89242],[0.17235,50.89242],[0.17377,50.89166],[0.1878,50.88787],[0.1922,50.88668],[0.19329,50.88658],[0.20119,50.88441],[0.20262,50.88407],[0.1902,50.88787],[0.19707,50.88658],[0.20325,50.88441],[0.20735,50.88293],[0.2084,50.88268],[0.2094,50.88221],[0.21151,50.88147],[0.21904,50.87943],[0.21916,50.87931],[0.22213,50.87921],[0.22659,50.87401],[0.22693,50.87286],[0.22659,50.87574],[0.22763,50.8705],[0.22865,50.86708],[0.23003,50.86123],[0.22865,50.85949],[0.22865,50.85841],[0.22854,50.85935],[0.22831,50.85906],[0.22831,50.85863],[0.22934,50.85668],[0.22934,50.85191],[0.22797,50.84454],[0.22797,50.83977],[0.22797,50.83413],[0.22659,50.82719],[0.22632,50.82256]]],[[[0.22709,50.85673],[0.22572,50.85776],[0.22654,50.83251],[0.22709,50.85673]]],[[[0.05081,50.84974],[0.04972,50.85112],[0.04847,50.84737],[0.05081,50.84974]]],[[[0.06453,50.80531],[0.08499,50.78559],[0.08562,50.78586],[0.06453,50.80531]]],[[[0.22316,50.76057],[0.22316,50.75867],[0.22337,50.76339],[0.22316,50.76057]]]]}},{"type":"Feature","properties":{"source_code":"G84032","codes":["G84032"],"label":"KNOLL MEDICAL PRACTICE"},"geometry":{"type":"Polygon","coordinates":[[[0.04901,51.36827],[0.05442,51.37477],[0.05399,51.38025],[0.05819,51.38967],[0.06,51.39701],[0.0645,51.39669],[0.08308,51.39514],[0.10759,51.39484],[0.11772,51.39393],[0.11855,51.3872],[0.11829,51.38313],[0.12055,51.38067],[0.1213,51.37888],[0.12292,51.37679],[0.12403,51.37481],[0.12394,51.37279],[0.12325,51.37154],[0.12291,51.37003],[0.12342,51.36815],[0.12458,51.36417],[0.12421,51.36088],[0.12505,51.35909],[0.12478,51.35736],[0.12856,51.35182],[0.1339,51.34713],[0.11965,51.34445],[0.10909,51.34514],[0.09785,51.34487],[0.09235,51.34589],[0.08892,51.3497],[0.08763,51.35219],[0.08738,51.35501],[0.08583,51.35755],[0.08205,51.35849],[0.07665,51.35919],[0.07236,51.35935],[0.06665,51.35889],[0.06452,51.36003],[0.06678,51.3594],[0.06008,51.36192],[0.04901,51.36827]]]}},{"type":"Feature","properties":{"source_code":"G83047","codes":["G83047"],"label":"STATION ROAD SURGERY"},"geometry":{"type":"Polygon","coordinates":[[[0.07476,51.43258],[0.07636,51.43391],[0.07588,51.43429],[0.07569,51.43445],[0.0753,51.43476],[0.07561,51.43588],[0.07661,51.4364],[0.07782,51.43668],[0.07935,51.4381],[0.08057,51.44019],[0.08219,51.4401],[0.08292,51.44057],[0.08395,51.44132],[0.08464,51.44184],[0.08336,51.44249],[0.08401,51.44299],[0.08513,51.44257],[0.08625,51.44291],[0.0872,51.44341],[0.08786,51.44323],[0.08679,51.44504],[0.08686,51.4452],[0.08699,51.44536],[0.08707,51.44565],[0.0865,51.44591],[0.08717,51.44631],[0.08717,51.44632],[0.0873,51.44636],[0.08804,51.44664],[0.08808,51.44797],[0.08788,51.44864],[0.08755,51.44962],[0.08721,51.44983],[0.08691,51.45024],[0.08674,51.45064],[0.08851,51.45115],[0.08998,51.45181],[0.09077,51.45188],[0.09353,51.45187],[0.09628,51.45144],[0.09761,51.45147],[0.09806,51.45155],[0.09851,51.45151],[0.0989,51.45155],[0.09928,51.45147],[0.10039,51.45119],[0.10169,51.45125],[0.1033,51.45129],[0.10375,51.45152],[0.10392,51.45158],[0.1044,51.45156],[0.10636,51.45125],[0.10694,51.45114],[0.10751,51.45112],[0.10864,51.45101],[0.11164,51.45081],[0.11363,51.45059],[0.11817,51.44955],[0.12049,51.4491],[0.12217,51.44902],[0.12391,51.44884],[0.12582,51.44857],[0.12732,51.44847],[0.12751,51.44844],[0.13072,51.44803],[0.13215,51.44774],[0.13258,51.44762],[0.13284,51.44741],[0.13312,51.44679],[0.13216,51.44625],[0.13176,51.44591],[0.13178,51.44562],[0.13201,51.44559],[0.13502,51.44489],[0.13839,51.44375],[0.13829,51.44364],[0.1372,51.44205],[0.13781,51.44136],[0.13703,51.4408],[0.13682,51.44028],[0.13508,51.43897],[0.13375,51.43877],[0.13368,51.43844],[0.13329,51.43619],[0.13629,51.43412],[0.13237,51.4317],[0.12365,51.4251],[0.11983,51.42054],[0.11762,51.41845],[0.1159,51.41711],[0.11215,51.418],[0.10984,51.41959],[0.10463,51.42102],[0.09937,51.42115],[0.09344,51.42086],[0.08708,51.42535],[0.08504,51.42738],[0.08326,51.42968],[0.07957,51.43105],[0.07476,51.43258]]]}},{"type":"Feature","properties":{"source_code":"G83004","codes":["G83004"],"label":"BARNARD MEDICAL GROUP"},"geometry":{"type":"Polygon","coordinates":[[[0.10137,51.45085],[0.1018,51.44831],[0.10278,51.44828],[0.10231,51.44986],[0.1018,51.45161],[0.103,51.45121],[0.10437,51.45128],[0.1056,51.45127],[0.10701,51.45051],[0.10879,51.45071],[0.11028,51.45003],[0.1119,51.45038],[0.11274,51.44981],[0.11373,51.44973],[0.1157,51.44937],[0.11759,51.44863],[0.11746,51.44791],[0.1187,51.44794],[0.11918,51.44625],[0.11961,51.44326],[0.11733,51.44152],[0.11845,51.43938],[0.11939,51.43724],[0.11999,51.43461],[0.12141,51.43346],[0.12094,51.43234],[0.11939,51.43004],[0.13227,51.42348],[0.13132,51.42108],[0.12956,51.42008],[0.11261,51.42429],[0.13231,51.41931],[0.12956,51.41784],[0.12724,51.41634],[0.11295,51.41853],[0.1142,51.418],[0.12467,51.4157],[0.12403,51.41438],[0.12038,51.41244],[0.11124,51.41436],[0.10913,51.41535],[0.10643,51.41594],[0.10508,51.41714],[0.10407,51.41754],[0.10004,51.41936],[0.09875,51.41926],[0.09742,51.41918],[0.09544,51.42017],[0.0918,51.42249],[0.08823,51.42509],[0.086,51.4272],[0.0833,51.43012],[0.08102,51.43076],[0.07566,51.43215],[0.07759,51.43306],[0.07579,51.43429],[0.07695,51.43499],[0.07592,51.43566],[0.07673,51.43633],[0.07802,51.43825],[0.08017,51.43922],[0.08111,51.43879],[0.0854,51.442],[0.08592,51.44165],[0.0878,51.44301],[0.09034,51.44384],[0.09347,51.44558],[0.09626,51.44665],[0.10137,51.45085]]]}},{"type":"Feature","properties":{"source_code":"G84020","codes":["G84020"],"label":"CHELSFIELD SURGERY"},"geometry":{"type":"Polygon","coordinates":[[[0.13475,51.34563],[0.13553,51.30309],[0.12669,51.29574],[0.1018,51.29397],[0.09579,51.32739],[0.09527,51.33726],[0.09871,51.35817],[0.09939,51.36021],[0.11261,51.36272],[0.13132,51.35795],[0.13475,51.34563]]]}},{"type":"Feature","properties":{"source_code":"G84007","codes":["G84007"],"label":"POVEREST MEDICAL CENTRE"},"geometry":{"type":"Polygon","coordinates":[[[0.11312,51.39578],[0.11039,51.38967],[0.11055,51.38967],[0.10849,51.38582],[0.10746,51.38394],[0.10815,51.38239],[0.1022,51.37876],[0.09935,51.37449],[0.09257,51.37149],[0.09025,51.37181],[0.08871,51.37299],[0.08598,51.37664],[0.08399,51.37869],[0.08218,51.38025],[0.08081,51.3818],[0.07901,51.38394],[0.07785,51.38491],[0.07703,51.3856],[0.07557,51.38793],[0.07321,51.3897],[0.07086,51.38998],[0.07017,51.38999],[0.06978,51.39621],[0.0859,51.3956],[0.08853,51.40264],[0.09019,51.40493],[0.09682,51.40765],[0.0984,51.40854],[0.10394,51.40884],[0.11312,51.40935],[0.11312,51.39578]]]}},{"type":"Feature","properties":{"source_code":"F82042","codes":["F82042"],"label":"AURORA MEDCARE"},"geometry":{"type":"Polygon","coordinates":[[[0.09356,51.54553],[0.10952,51.55146],[0.11227,51.55125],[0.11295,51.54975],[0.11227,51.54612],[0.11227,51.54292],[0.11261,51.53801],[0.11261,51.53416],[0.11673,51.53224],[0.126,51.53224],[0.14076,51.52925],[0.13458,51.52412],[0.12978,51.51985],[0.11604,51.51772],[0.10986,51.51729],[0.09956,51.51772],[0.09596,51.52284],[0.09201,51.52284],[0.09081,51.52487],[0.08514,51.52445],[0.08102,51.52348],[0.0769,51.5238],[0.07467,51.52423],[0.07467,51.52498],[0.07416,51.52615],[0.07364,51.52701],[0.07347,51.52776],[0.08403,51.53037],[0.07339,51.5285],[0.07347,51.52904],[0.07304,51.53069],[0.07253,51.5316],[0.07218,51.5324],[0.07227,51.5331],[0.07193,51.53395],[0.07038,51.53561],[0.06978,51.53651],[0.06866,51.53779],[0.06746,51.54084],[0.06755,51.54148],[0.06763,51.54233],[0.06849,51.54356],[0.07038,51.54356],[0.0721,51.54303],[0.07364,51.54265],[0.07519,51.54201],[0.07304,51.53988],[0.07381,51.53998],[0.0757,51.54068],[0.07759,51.54116],[0.07939,51.54116],[0.08274,51.54057],[0.09356,51.54553]]]}},{"type":"Feature","properties":{"source_code":"G83024","codes":["G83024"],"label":"INGLETON AVENUE SURGERY"},"geometry":{"type":"Polygon","coordinates":[[[0.12274,51.45914],[0.12136,51.4509],[0.11845,51.45026],[0.11862,51.44384],[0.11175,51.4355],[0.10248,51.4356],[0.08995,51.43892],[0.08205,51.44481],[0.08102,51.46085],[0.09544,51.46417],[0.10763,51.46235],[0.12274,51.45914]]]}},{"type":"Feature","properties":{"source_code":"G83647","codes":["G83647"],"label":"PLUMSTEAD AND WICKHAM LANE SURGERY"},"geometry":{"type":"MultiPolygon","coordinates":[[[[0.12431,51.47665],[0.12413,51.4769],[0.12302,51.4792],[0.12352,51.47844],[0.12431,51.47665]]],[[[0.12271,51.47999],[0.12281,51.47964],[0.12302,51.4792],[0.12264,51.47978],[0.12255,51.47998],[0.12255,51.48006],[0.12267,51.47989],[0.12261,51.48016],[0.12271,51.47999]]],[[[0.12271,51.47999],[0.12254,51.48058],[0.12253,51.48084],[0.12257,51.48085],[0.12253,51.48084],[0.12252,51.48126],[0.12306,51.4794],[0.12271,51.47999]]],[[[0.12252,51.48126],[0.12249,51.48137],[0.12252,51.48141],[0.12252,51.48126]]],[[[0.12249,51.48137],[0.12237,51.48116],[0.12232,51.48138],[0.1223,51.48162],[0.12217,51.48201],[0.12213,51.48217],[0.12211,51.48245],[0.12229,51.4821],[0.12234,51.4819],[0.12249,51.48137]]],[[[0.0908,51.50397],[0.09077,51.50397],[0.09078,51.50403],[0.0908,51.50397]]],[[[0.09102,51.50771],[0.09102,51.50771],[0.09102,51.5077],[0.09102,51.50771]]],[[[0.09102,51.50771],[0.091,51.50771],[0.091,51.50772],[0.091,51.50773],[0.09102,51.50773],[0.09102,51.50771]]],[[[0.09091,51.5077],[0.09087,51.50774],[0.09091,51.50774],[0.09091,51.5077]]],[[[0.091,51.50772],[0.09098,51.50763],[0.09092,51.50769],[0.09092,51.50771],[0.09098,51.50775],[0.091,51.50775],[0.091,51.50774],[0.09099,51.50773],[0.091,51.50773],[0.091,51.50772]]],[[[0.09091,51.50774],[0.09091,51.50778],[0.09092,51.50778],[0.09092,51.50774],[0.09091,51.50774]]],[[[0.09102,51.50771],[0.09103,51.50773],[0.09103,51.50775],[0.09108,51.50775],[0.09103,51.50776],[0.09103,51.50777],[0.09107,51.5078],[0.09111,51.50773],[0.09102,51.50771]]],[[[0.09103,51.50777],[0.09102,51.50776],[0.09103,51.50785],[0.09105,51.50784],[0.09103,51.50777]]],[[[0.09091,51.50782],[0.09091,51.50781],[0.09091,51.50778],[0.0909,51.50777],[0.09091,51.50787],[0.09091,51.50782]]],[[[0.09103,51.50787],[0.09103,51.50785],[0.091,51.50786],[0.09102,51.50788],[0.09103,51.50787]]],[[[0.09095,51.50789],[0.09092,51.50782],[0.09096,51.50785],[0.09095,51.50782],[0.09092,51.50778],[0.09091,51.50782],[0.09093,51.5079],[0.09095,51.50789]]],[[[0.09101,51.50789],[0.09099,51.50787],[0.09099,51.50787],[0.09098,51.50792],[0.09101,51.50789]]],[[[0.09103,51.50787],[0.09103,51.50789],[0.09102,51.50788],[0.09101,51.50789],[0.09106,51.50792],[0.09109,51.50781],[0.09103,51.50787]]],[[[0.09098,51.50792],[0.09098,51.50792],[0.09097,51.50788],[0.09095,51.50789],[0.09098,51.50798],[0.09098,51.50792]]],[[[0.06094,51.49474],[0.07476,51.49565],[0.08278,51.49921],[0.08686,51.50361],[0.08886,51.50478],[0.09007,51.50434],[0.09067,51.5041],[0.09076,51.50403],[0.09076,51.504],[0.09064,51.50397],[0.09057,51.50398],[0.09055,51.50395],[0.09064,51.50397],[0.0908,51.50395],[0.0908,51.50397],[0.09081,51.50397],[0.09091,51.5077],[0.09092,51.50769],[0.09094,51.504],[0.09405,51.50262],[0.09793,51.50311],[0.09873,51.50383],[0.09986,51.50364],[0.1006,51.50374],[0.10067,51.50422],[0.10126,51.50454],[0.10103,51.50517],[0.10139,51.50594],[0.10191,51.50616],[0.10202,51.50639],[0.10258,51.50648],[0.10327,51.50696],[0.10499,51.50865],[0.10776,51.50936],[0.10951,51.50961],[0.11109,51.50927],[0.11211,51.50821],[0.11225,51.50739],[0.11518,51.50799],[0.11785,51.50458],[0.11924,51.50343],[0.12021,51.50196],[0.11998,51.50122],[0.121,51.50074],[0.12158,51.50001],[0.12128,51.4984],[0.12119,51.49667],[0.12115,51.49464],[0.12111,51.49285],[0.12141,51.49187],[0.12205,51.49106],[0.12214,51.49004],[0.12224,51.48937],[0.12175,51.48844],[0.12147,51.48797],[0.12144,51.4875],[0.12182,51.48657],[0.12197,51.4847],[0.12211,51.48245],[0.12202,51.48264],[0.12213,51.48217],[0.12214,51.48211],[0.12183,51.48302],[0.12215,51.48193],[0.12218,51.48141],[0.12215,51.48081],[0.12214,51.48079],[0.12215,51.48079],[0.12215,51.48074],[0.12167,51.48061],[0.12214,51.48058],[0.12215,51.48074],[0.12236,51.48079],[0.12238,51.48054],[0.12254,51.48027],[0.12255,51.48006],[0.12244,51.48021],[0.12255,51.47998],[0.12255,51.47992],[0.12264,51.47978],[0.12375,51.47743],[0.12413,51.4769],[0.1243,51.47655],[0.12444,51.47636],[0.12449,51.47625],[0.12555,51.47471],[0.1066,51.48448],[0.12555,51.47471],[0.12555,51.47471],[0.12573,51.47462],[0.12444,51.47636],[0.12431,51.47665],[0.12483,51.47593],[0.12591,51.47443],[0.11945,51.47213],[0.11756,51.47189],[0.11567,51.47203],[0.11365,51.47246],[0.11162,51.47304],[0.10838,51.47565],[0.10822,51.47666],[0.10766,51.4773],[0.10668,51.47762],[0.10531,51.4782],[0.10295,51.47966],[0.10194,51.48059],[0.10162,51.48192],[0.10173,51.48079],[0.10194,51.48059],[0.10201,51.48031],[0.10386,51.47892],[0.10298,51.47883],[0.10175,51.47874],[0.10066,51.47867],[0.09956,51.47914],[0.09373,51.47764],[0.0939,51.47508],[0.09407,51.47534],[0.09472,51.47497],[0.09622,51.47439],[0.097,51.47418],[0.09735,51.47372],[0.09702,51.473],[0.09697,51.4722],[0.09772,51.47104],[0.09939,51.46893],[0.09753,51.46911],[0.09613,51.46866],[0.09463,51.46861],[0.09291,51.4685],[0.09218,51.46502],[0.07896,51.46716],[0.06609,51.4693],[0.05476,51.47112],[0.05699,51.47604],[0.06163,51.48192],[0.06334,51.48683],[0.06266,51.48876],[0.06094,51.49325],[0.06094,51.49474]]],[[[0.12254,51.48044],[0.12261,51.48016],[0.12254,51.48027],[0.12254,51.48044]]],[[[0.12254,51.48044],[0.12245,51.48082],[0.12247,51.48082],[0.12254,51.48058],[0.12254,51.48044]]],[[[0.12245,51.48082],[0.12236,51.48079],[0.12236,51.48082],[0.12245,51.48083],[0.12245,51.48082]]],[[[0.12247,51.48082],[0.12246,51.48084],[0.12253,51.48084],[0.12253,51.48084],[0.12247,51.48082]]],[[[0.12236,51.48082],[0.12215,51.48079],[0.12215,51.48081],[0.12234,51.48111],[0.12236,51.48082]]],[[[0.12246,51.48084],[0.12245,51.48083],[0.12237,51.48115],[0.12246,51.48084]]],[[[0.12237,51.48115],[0.12237,51.48116],[0.12237,51.48116],[0.12237,51.48115]]],[[[0.12237,51.48116],[0.12234,51.48111],[0.12232,51.48132],[0.12237,51.48116]]],[[[0.12232,51.48132],[0.12215,51.48193],[0.12214,51.48211],[0.12217,51.48201],[0.12232,51.48138],[0.12232,51.48132]]],[[[0.09093,51.50774],[0.09092,51.50771],[0.09092,51.50774],[0.09093,51.50774]]],[[[0.091,51.50776],[0.091,51.50776],[0.09102,51.50776],[0.09102,51.50776],[0.09102,51.50776],[0.09103,51.50776],[0.09103,51.50775],[0.09102,51.50775],[0.09101,51.50775],[0.091,51.50775],[0.091,51.50776]]],[[[0.091,51.50776],[0.09098,51.50775],[0.09093,51.50774],[0.09095,51.50782],[0.09099,51.50785],[0.091,51.50776]]],[[[0.09099,51.50785],[0.09099,51.50787],[0.09099,51.50787],[0.091,51.50786],[0.09099,51.50785]]],[[[0.09099,51.50787],[0.09096,51.50785],[0.09097,51.50788],[0.09099,51.50787],[0.09099,51.50787]]]]}},{"type":"Feature","properties":{"source_code":"G81086","codes":["G81086"],"label":"BIRD-IN-EYE SURGERY"},"geometry":{"type":"Polygon","coordinates":[[[0.07625,50.93047],[0.06366,50.93167],[0.05738,50.9326],[0.05561,50.93352],[0.05471,50.93648],[0.05419,50.93926],[0.05297,50.94091],[0.05027,50.94405],[0.04792,50.94621],[0.04972,50.95213],[0.05016,50.95604],[0.05004,50.95922],[0.05159,50.96221],[0.05365,50.96519],[0.05391,50.96803],[0.05281,50.97237],[0.05168,50.97606],[0.05025,50.97878],[0.04533,50.98139],[0.04057,50.98473],[0.03681,50.98741],[0.03394,50.98966],[0.0317,50.99149],[0.03129,50.99394],[0.03454,51.00049],[0.03761,51.00272],[0.04331,51.00588],[0.05435,51.01302],[0.05807,51.0154],[0.06387,51.01799],[0.07144,51.01965],[0.07796,51.02108],[0.0865,51.02125],[0.09312,51.02195],[0.10123,51.02123],[0.11228,51.01981],[0.12188,51.01768],[0.12763,51.01627],[0.13647,51.01179],[0.14576,51.00583],[0.15059,51.00151],[0.15603,50.99896],[0.15803,50.99746],[0.15961,50.99539],[0.16143,50.99291],[0.16292,50.9915],[0.16217,50.98931],[0.15984,50.98634],[0.15804,50.98384],[0.15974,50.98153],[0.16263,50.97976],[0.16515,50.9785],[0.17114,50.97684],[0.17521,50.97546],[0.17796,50.97361],[0.1797,50.97203],[0.17981,50.96901],[0.17971,50.96681],[0.17707,50.96556],[0.16894,50.96286],[0.16682,50.96151],[0.16395,50.95822],[0.16291,50.95808],[0.16057,50.95201],[0.15745,50.94889],[0.15394,50.94545],[0.15126,50.9433],[0.14752,50.94059],[0.14448,50.93902],[0.14153,50.93655],[0.13915,50.93235],[0.13783,50.92887],[0.13636,50.92792],[0.13481,50.9277],[0.12463,50.92789],[0.11008,50.92856],[0.09156,50.92963],[0.07625,50.93047]]]}},{"type":"Feature","properties":{"source_code":"G83025","codes":["G83025"],"label":"WELLING MEDICAL PRACTICE"},"geometry":{"type":"MultiPolygon","coordinates":[[[[0.09544,51.46577],[0.12579,51.47471],[0.12647,51.47483],[0.13136,51.47291],[0.13604,51.47155],[0.14089,51.46866],[0.136,51.45548],[0.12437,51.44923],[0.10803,51.44609],[0.08461,51.43028],[0.07799,51.43124],[0.07192,51.43],[0.06483,51.42523],[0.05739,51.43107],[0.05406,51.43282],[0.05434,51.43506],[0.06256,51.44004],[0.06434,51.44348],[0.08138,51.44579],[0.08049,51.45009],[0.07685,51.45555],[0.07942,51.45908],[0.08204,51.46154],[0.09544,51.46577]]],[[[0.12579,51.47471],[0.12094,51.47385],[0.1263,51.47486],[0.12579,51.47471]]]]}},{"type":"Feature","properties":{"source_code":"G84019","codes":["G84019"],"label":"BROOMWOOD HEALTH CENTRE"},"geometry":{"type":"Polygon","coordinates":[[[0.0912,51.40926],[0.09433,51.41039],[0.09581,51.41158],[0.09746,51.41184],[0.09924,51.41193],[0.10068,51.41089],[0.10536,51.41497],[0.10747,51.41418],[0.10977,51.41351],[0.11207,51.41291],[0.11708,51.41195],[0.11816,51.41177],[0.11866,51.41166],[0.11998,51.41143],[0.12084,51.41125],[0.12179,51.41104],[0.12288,51.41081],[0.12384,51.41061],[0.12501,51.41039],[0.12573,51.40484],[0.12512,51.39591],[0.12508,51.39454],[0.12232,51.39481],[0.12011,51.39493],[0.11924,51.39498],[0.11829,51.39482],[0.11718,51.39485],[0.11602,51.39499],[0.114,51.39507],[0.11185,51.39522],[0.11201,51.3954],[0.11227,51.3954],[0.1127,51.39546],[0.11218,51.39551],[0.11201,51.39556],[0.11184,51.3954],[0.11141,51.3954],[0.11081,51.39562],[0.11098,51.3954],[0.11055,51.39551],[0.11012,51.39562],[0.10935,51.39551],[0.10866,51.39556],[0.10763,51.39551],[0.1072,51.39556],[0.10694,51.39551],[0.10557,51.39551],[0.10497,51.39551],[0.10368,51.39535],[0.10248,51.39519],[0.10256,51.3953],[0.10274,51.3953],[0.10231,51.39556],[0.10214,51.3954],[0.10222,51.39556],[0.10128,51.39535],[0.09956,51.39546],[0.09956,51.39589],[0.09862,51.39556],[0.09785,51.39578],[0.09656,51.39562],[0.0951,51.39599],[0.09484,51.39567],[0.09416,51.39562],[0.0933,51.39556],[0.09167,51.39556],[0.09115,51.39562],[0.09004,51.39556],[0.08987,51.39562],[0.08743,51.3954],[0.08725,51.39605],[0.08729,51.3962],[0.08767,51.39777],[0.08761,51.39872],[0.08787,51.39964],[0.08788,51.40079],[0.08518,51.40427],[0.08357,51.40571],[0.08244,51.40737],[0.08478,51.40758],[0.08693,51.40785],[0.08856,51.40829],[0.0912,51.40926]]]}},{"type":"Feature","properties":{"source_code":"G83012","codes":["G83012"],"label":"GALLIONS REACH HEALTH CENTRE"},"geometry":{"type":"Polygon","coordinates":[[[0.13699,51.50992],[0.13364,51.50725],[0.13257,51.50645],[0.13252,51.50532],[0.13098,51.50423],[0.12982,51.5042],[0.12836,51.50396],[0.12613,51.50337],[0.12407,51.50273],[0.12154,51.50201],[0.11956,51.50134],[0.12008,51.50084],[0.12119,51.50054],[0.12167,51.49953],[0.12094,51.498],[0.12094,51.49669],[0.12038,51.4964],[0.12055,51.49603],[0.12089,51.49581],[0.12094,51.49394],[0.12102,51.49213],[0.12167,51.4909],[0.12197,51.48956],[0.12175,51.489],[0.12128,51.489],[0.12106,51.48852],[0.12141,51.48825],[0.12115,51.48753],[0.12171,51.48654],[0.12188,51.48406],[0.12171,51.48232],[0.12209,51.48144],[0.11806,51.48168],[0.11428,51.48197],[0.11278,51.48202],[0.11201,51.48232],[0.11064,51.48352],[0.10669,51.48475],[0.10313,51.48553],[0.10162,51.48582],[0.09948,51.48595],[0.09819,51.48625],[0.09476,51.48702],[0.0915,51.48782],[0.09017,51.48809],[0.08909,51.48879],[0.08677,51.48932],[0.08536,51.49001],[0.08411,51.49047],[0.08283,51.49082],[0.08175,51.49114],[0.07884,51.49127],[0.07746,51.49124],[0.07497,51.491],[0.0739,51.49098],[0.0706,51.49156],[0.06866,51.49191],[0.06635,51.49354],[0.06596,51.49573],[0.07931,51.49899],[0.0827,51.50193],[0.0872,51.50717],[0.09047,51.51016],[0.09622,51.51059],[0.11351,51.51163],[0.12171,51.51246],[0.12639,51.51342],[0.12875,51.51347],[0.13381,51.51264],[0.1384,51.51133],[0.13699,51.50992]]]}},{"type":"Feature","properties":{"source_code":"G83028","codes":["G83028"],"label":"BEXLEY GROUP PRACTICE"},"geometry":{"type":"MultiPolygon","coordinates":[[[[0.08225,51.43335],[0.08205,51.43336],[0.08217,51.43344],[0.08225,51.43335]]],[[[0.08217,51.43344],[0.08211,51.43352],[0.08224,51.43349],[0.08217,51.43344]]],[[[0.08211,51.43352],[0.08137,51.43368],[0.08167,51.43405],[0.08211,51.43352]]],[[[0.08169,51.43408],[0.08167,51.43405],[0.08162,51.43411],[0.08169,51.43408]]],[[[0.08137,51.46192],[0.08175,51.45958],[0.07999,51.45786],[0.08137,51.46192]]],[[[0.0866,51.43016],[0.08669,51.43015],[0.08549,51.43111],[0.08617,51.43036],[0.0866,51.43016],[0.08463,51.43047],[0.08225,51.43335],[0.0836,51.43325],[0.08288,51.43356],[0.0832,51.434],[0.08433,51.43416],[0.08343,51.43432],[0.08294,51.43398],[0.08209,51.43391],[0.08169,51.43408],[0.08497,51.43817],[0.08549,51.44074],[0.0848,51.44245],[0.08377,51.44545],[0.08343,51.4493],[0.08175,51.45958],[0.08789,51.46556],[0.09115,51.4709],[0.09819,51.47999],[0.11501,51.48309],[0.12188,51.48929],[0.12068,51.49453],[0.12119,51.50019],[0.12119,51.50757],[0.12102,51.51077],[0.12119,51.51366],[0.12634,51.51366],[0.13081,51.51366],[0.14248,51.51002],[0.15329,51.50703],[0.16145,51.50575],[0.166,51.50404],[0.17106,51.49987],[0.17256,51.49704],[0.172,51.49442],[0.17484,51.48817],[0.18127,51.48331],[0.19947,51.48042],[0.21046,51.48352],[0.21544,51.48256],[0.21938,51.48031],[0.21681,51.47882],[0.21801,51.47711],[0.21355,51.47657],[0.21114,51.47454],[0.2108,51.46919],[0.20977,51.46235],[0.19775,51.45786],[0.19192,51.45294],[0.18024,51.44909],[0.17029,51.44438],[0.16445,51.4401],[0.16557,51.43325],[0.15038,51.43218],[0.1502,51.42212],[0.14462,51.41634],[0.14317,51.41061],[0.14076,51.41184],[0.13527,51.41355],[0.12703,51.41527],[0.12154,51.41398],[0.11536,51.41291],[0.10162,51.41591],[0.09579,51.41976],[0.09098,51.4234],[0.08617,51.42661],[0.08377,51.42876],[0.08377,51.43025],[0.09064,51.42833],[0.0866,51.43016]]],[[[0.08231,51.43354],[0.0824,51.43346],[0.08224,51.43349],[0.08231,51.43354]]],[[[0.08231,51.43354],[0.08188,51.43389],[0.08209,51.43391],[0.08255,51.43371],[0.08231,51.43354]]]]}},{"type":"Feature","properties":{"source_code":"F86087","codes":["F86087"],"label":"GOODMAYES MEDICAL CENTRE"},"geometry":{"type":"Polygon","coordinates":[[[0.13002,51.56926],[0.12915,51.56837],[0.12524,51.56797],[0.12128,51.567],[0.12081,51.56712],[0.12083,51.56871],[0.11072,51.56668],[0.11044,51.56493],[0.11005,51.56488],[0.10355,51.56392],[0.10647,51.57099],[0.10909,51.57104],[0.10975,51.56696],[0.10922,51.57112],[0.10772,51.58182],[0.11733,51.58256],[0.13548,51.58123],[0.1369,51.57475],[0.13613,51.57326],[0.1366,51.57192],[0.13059,51.57083],[0.12918,51.57051],[0.1289,51.57041],[0.12951,51.57001],[0.12985,51.5697],[0.13002,51.56926]]]}},{"type":"Feature","properties":{"source_code":"G84041","codes":["G84041"],"label":"GILLMANS ROAD SURGERY"},"geometry":{"type":"Polygon","coordinates":[[[0.12845,51.38051],[0.12809,51.38004],[0.12781,51.37958],[0.12755,51.37905],[0.1276,51.37881],[0.12762,51.37869],[0.12761,51.37857],[0.12749,51.37784],[0.12728,51.3771],[0.12602,51.37705],[0.12473,51.3773],[0.12268,51.37712],[0.12402,51.3747],[0.12406,51.37271],[0.12322,51.37147],[0.1228,51.3697],[0.12479,51.36414],[0.12441,51.3605],[0.12763,51.35739],[0.12555,51.35631],[0.12451,51.35363],[0.12293,51.35233],[0.12093,51.35131],[0.11791,51.35028],[0.11644,51.34883],[0.11496,51.34823],[0.11304,51.34895],[0.1119,51.34889],[0.11071,51.34907],[0.10979,51.34917],[0.10842,51.34952],[0.10766,51.34959],[0.10676,51.34988],[0.10523,51.35006],[0.10197,51.35047],[0.09569,51.35033],[0.09455,51.35084],[0.09406,51.35146],[0.09399,51.35168],[0.09395,51.35213],[0.09388,51.35236],[0.09382,51.35248],[0.09331,51.3524],[0.0928,51.35234],[0.09181,51.35223],[0.09166,51.35224],[0.09147,51.35226],[0.09109,51.35228],[0.09071,51.35224],[0.08948,51.35196],[0.08966,51.35311],[0.08975,51.35431],[0.08972,51.3546],[0.08968,51.35484],[0.0894,51.35535],[0.08929,51.35563],[0.08921,51.35591],[0.08838,51.36022],[0.09477,51.3666],[0.09634,51.3699],[0.09704,51.37319],[0.09217,51.3717],[0.08678,51.37268],[0.07584,51.37345],[0.07708,51.37685],[0.08038,51.38121],[0.08326,51.38131],[0.08469,51.38103],[0.08615,51.38132],[0.08729,51.38181],[0.08833,51.38257],[0.08999,51.38408],[0.09247,51.38312],[0.09512,51.38349],[0.09896,51.38243],[0.10124,51.3825],[0.10301,51.38237],[0.10464,51.38236],[0.10626,51.38177],[0.10761,51.38236],[0.10734,51.38406],[0.10794,51.38563],[0.10913,51.38791],[0.1103,51.38712],[0.11155,51.38646],[0.11353,51.38584],[0.11388,51.38551],[0.11449,51.38475],[0.11528,51.38425],[0.11607,51.38407],[0.11678,51.38377],[0.1181,51.38319],[0.12242,51.38243],[0.12522,51.38116],[0.12696,51.38097],[0.12845,51.38051]]]}},{"type":"Feature","properties":{"source_code":"F82040","codes":["F82040"],"label":"JOHN SMITH MEDICAL CENTRE"},"geometry":{"type":"Polygon","coordinates":[[[0.07536,51.54836],[0.07175,51.55522],[0.0812,51.56026],[0.09673,51.56061],[0.10695,51.56256],[0.11557,51.56373],[0.12557,51.5617],[0.13278,51.56154],[0.14565,51.5609],[0.15458,51.5617],[0.16007,51.55546],[0.16557,51.54527],[0.1654,51.53918],[0.14797,51.53192],[0.14634,51.51526],[0.1272,51.51985],[0.1139,51.51614],[0.09939,51.51499],[0.09338,51.52343],[0.09098,51.52567],[0.08102,51.52781],[0.07502,51.53379],[0.07227,51.53961],[0.07536,51.54836]]]}},{"type":"Feature","properties":{"source_code":"G84013","codes":["G84013"],"label":"ST MARY CRAY PRACTICE"},"geometry":{"type":"MultiPolygon","coordinates":[[[[0.12837,51.38035],[0.12847,51.38052],[0.12855,51.3805],[0.12848,51.38053],[0.12847,51.38052],[0.12688,51.38102],[0.12764,51.38087],[0.12718,51.38101],[0.12787,51.38203],[0.12926,51.38028],[0.13081,51.37979],[0.12938,51.38012],[0.12945,51.38003],[0.1292,51.38016],[0.12837,51.38035]]],[[[0.1281,51.38073],[0.12805,51.38074],[0.12811,51.38073],[0.1281,51.38073]]],[[[0.10263,51.38626],[0.09938,51.387],[0.10227,51.38669],[0.10263,51.38626]]],[[[0.09703,51.38718],[0.09744,51.38717],[0.09783,51.38691],[0.09703,51.38718]]],[[[0.0961,51.3872],[0.09566,51.3872],[0.09373,51.38726],[0.0961,51.3872]]],[[[0.09703,51.38718],[0.0961,51.3872],[0.09695,51.38721],[0.09703,51.38718]]],[[[0.13126,51.38488],[0.13001,51.38398],[0.13164,51.38701],[0.13139,51.38626],[0.13126,51.38488]]],[[[0.09938,51.387],[0.09746,51.38721],[0.09695,51.38721],[0.09368,51.38831],[0.09938,51.387]]],[[[0.12142,51.39517],[0.13664,51.39321],[0.13287,51.39364],[0.1284,51.39406],[0.12531,51.39342],[0.12257,51.39171],[0.12142,51.39517]]],[[[0.12142,51.39517],[0.10733,51.39699],[0.10935,51.38813],[0.10774,51.38509],[0.12837,51.38035],[0.128,51.37975],[0.12772,51.37854],[0.12651,51.3771],[0.12634,51.37698],[0.12506,51.37731],[0.12355,51.37726],[0.12244,51.37714],[0.12263,51.3767],[0.12167,51.37672],[0.12048,51.37696],[0.11988,51.37714],[0.11903,51.37731],[0.1184,51.37747],[0.11767,51.37761],[0.11654,51.37767],[0.11583,51.37769],[0.11581,51.37735],[0.11471,51.37735],[0.11381,51.37738],[0.11304,51.37759],[0.11216,51.37765],[0.11094,51.37786],[0.11021,51.37802],[0.10894,51.37822],[0.10888,51.37911],[0.10875,51.37984],[0.1084,51.38109],[0.1078,51.38217],[0.10622,51.3821],[0.10613,51.38192],[0.10615,51.3821],[0.10581,51.38208],[0.10313,51.38236],[0.10323,51.3827],[0.10476,51.38367],[0.10263,51.38626],[0.10649,51.38537],[0.10752,51.39523],[0.10428,51.39635],[0.10722,51.39749],[0.10733,51.39699],[0.11021,51.39664],[0.11295,51.39685],[0.1133,51.39963],[0.1133,51.40263],[0.11879,51.40306],[0.12142,51.39517]]]]}},{"type":"Feature","properties":{"source_code":"F86034","codes":["F86034"],"label":"GREEN LANE, GOODMAYES MEDICAL PRACTICE"},"geometry":{"type":"Polygon","coordinates":[[[0.11808,51.55449],[0.11591,51.5553],[0.11278,51.55689],[0.10943,51.5578],[0.10817,51.5564],[0.10903,51.55477],[0.10808,51.55326],[0.10162,51.55191],[0.09787,51.5505],[0.09652,51.5503],[0.09637,51.55233],[0.09692,51.55453],[0.09843,51.55886],[0.09926,51.56104],[0.09701,51.56375],[0.09705,51.56439],[0.1042,51.56559],[0.10536,51.56875],[0.10613,51.57091],[0.10866,51.57123],[0.11143,51.57084],[0.11186,51.57236],[0.1124,51.5743],[0.11319,51.57635],[0.114,51.5779],[0.11518,51.58047],[0.11621,51.58072],[0.11714,51.58223],[0.12465,51.58142],[0.12604,51.58098],[0.12611,51.5816],[0.1278,51.58147],[0.12733,51.5799],[0.12825,51.57956],[0.12778,51.57856],[0.12988,51.57952],[0.12911,51.58027],[0.13248,51.58095],[0.13278,51.58116],[0.13563,51.58104],[0.13574,51.58091],[0.13701,51.57486],[0.13643,51.57406],[0.13666,51.57203],[0.14061,51.57226],[0.14083,51.56968],[0.13875,51.56769],[0.13776,51.56712],[0.13572,51.56652],[0.13203,51.56647],[0.13227,51.56176],[0.13654,51.5615],[0.13632,51.56117],[0.13297,51.55885],[0.12244,51.55764],[0.11808,51.55449]]]}},{"type":"Feature","properties":{"source_code":"G83031","codes":["G83031"],"label":"ABBEY WOOD SURGERY"},"geometry":{"type":"Polygon","coordinates":[[[0.12222,51.48138],[0.11191,51.47322],[0.10858,51.47578],[0.10798,51.47707],[0.10569,51.47806],[0.10366,51.47929],[0.10198,51.48043],[0.10175,51.48186],[0.10188,51.48379],[0.10248,51.48553],[0.1016,51.48578],[0.10116,51.48786],[0.10184,51.48993],[0.10199,51.49882],[0.09733,51.50311],[0.10903,51.50631],[0.1151,51.50805],[0.11173,51.50936],[0.12561,51.51335],[0.13055,51.5131],[0.14214,51.5096],[0.12718,51.5047],[0.12759,51.49605],[0.12715,51.49253],[0.12191,51.4912],[0.1225,51.48944],[0.12222,51.48138]]]}},{"type":"Feature","properties":{"source_code":"G84005","codes":["G84005"],"label":"DERRY DOWNS SURGERY"},"geometry":{"type":"Polygon","coordinates":[[[0.1069,51.41074],[0.10836,51.41007],[0.11214,51.41021],[0.11287,51.41026],[0.11287,51.40906],[0.14806,51.40113],[0.14299,51.39385],[0.15063,51.36506],[0.10909,51.37628],[0.09433,51.38287],[0.09141,51.38292],[0.08643,51.38587],[0.08746,51.38812],[0.08935,51.38876],[0.09004,51.39149],[0.08896,51.39334],[0.0878,51.39401],[0.0872,51.39511],[0.08954,51.39527],[0.08892,51.39685],[0.09485,51.39721],[0.09562,51.39813],[0.0976,51.39737],[0.099,51.39745],[0.09965,51.39955],[0.09579,51.40054],[0.09218,51.40087],[0.09085,51.40062],[0.08935,51.40081],[0.08995,51.40178],[0.08858,51.4021],[0.0836,51.40555],[0.09665,51.40836],[0.10471,51.4139],[0.10592,51.41382],[0.1069,51.41074]]]}},{"type":"Feature","properties":{"source_code":"F82642","codes":["F82642"],"label":"GABLES SURGERY"},"geometry":{"type":"Polygon","coordinates":[[[0.12428,51.58667],[0.14179,51.59158],[0.14145,51.57814],[0.15244,51.57408],[0.16445,51.56363],[0.18368,51.56469],[0.18368,51.55829],[0.1823,51.54954],[0.18127,51.54292],[0.16033,51.52455],[0.11742,51.52626],[0.1157,51.51943],[0.10574,51.51558],[0.09819,51.51665],[0.09167,51.52562],[0.08205,51.52712],[0.07553,51.53139],[0.06969,51.5395],[0.07107,51.5442],[0.09201,51.54847],[0.09338,51.55893],[0.10883,51.56277],[0.11707,51.58454],[0.12428,51.58667]]]}},{"type":"Feature","properties":{"source_code":"G83018","codes":["G83018"],"label":"LAKESIDE MEDICAL"},"geometry":{"type":"Polygon","coordinates":[[[0.09047,51.50709],[0.09253,51.50885],[0.09622,51.50933],[0.09999,51.50954],[0.10454,51.50949],[0.11141,51.50965],[0.12776,51.51369],[0.13621,51.51196],[0.15237,51.50829],[0.16061,51.50615],[0.16656,51.5034],[0.15998,51.4916],[0.12119,51.48849],[0.10274,51.49629],[0.09047,51.50709]]]}},{"type":"Feature","properties":{"source_code":"G82092","codes":["G82092"],"label":"WESTERHAM PRACTICE"},"geometry":{"type":"Polygon","coordinates":[[[0.14639,51.33654],[0.14707,51.33563],[0.1478,51.33584],[0.14874,51.33289],[0.15323,51.32898],[0.15628,51.3251],[0.159,51.32167],[0.15807,51.31718],[0.15505,51.31408],[0.1585,51.31109],[0.15912,51.30905],[0.15453,51.30305],[0.15912,51.30139],[0.16404,51.29905],[0.16919,51.294],[0.17061,51.28586],[0.16975,51.28295],[0.16462,51.26548],[0.14341,51.24943],[0.14494,51.24377],[0.14822,51.23718],[0.14928,51.22905],[0.14396,51.22261],[0.12208,51.22279],[0.10592,51.22218],[0.09875,51.21442],[0.09398,51.21203],[0.08271,51.20863],[0.07592,51.2092],[0.07403,51.20698],[0.07009,51.20705],[0.05972,51.20768],[0.04189,51.21002],[0.04156,51.21071],[0.03163,51.24568],[0.01737,51.25606],[0.01211,51.28363],[0.00672,51.29994],[0.00823,51.30171],[0.0131,51.30614],[0.01621,51.31171],[0.03371,51.31727],[0.0366,51.31767],[0.04122,51.31646],[0.04693,51.31546],[0.05484,51.31555],[0.05919,51.31637],[0.06214,51.31812],[0.0698,51.32046],[0.07732,51.31988],[0.09216,51.31421],[0.125,51.33276],[0.14639,51.33654]]]}},{"type":"Feature","properties":{"source_code":"F82660","codes":["F82660"],"label":"TULASI MEDICAL CENTRE"},"geometry":{"type":"Polygon","coordinates":[[[0.14493,51.56744],[0.14651,51.56315],[0.14654,51.56311],[0.14961,51.56117],[0.16055,51.55799],[0.16054,51.55255],[0.16596,51.54786],[0.16931,51.54452],[0.16649,51.53757],[0.1402,51.52373],[0.12077,51.52527],[0.10729,51.52888],[0.09824,51.52821],[0.07034,51.534],[0.09162,51.55018],[0.09059,51.55653],[0.09163,51.56264],[0.09969,51.5652],[0.12634,51.56456],[0.13677,51.56576],[0.14141,51.56635],[0.14264,51.56557],[0.14493,51.56744]]]}},{"type":"Feature","properties":{"source_code":"F86028","codes":["F86028"],"label":"CHADWELL HEATH SURGERY"},"geometry":{"type":"Polygon","coordinates":[[[0.12411,51.56779],[0.11038,51.56661],[0.11205,51.57283],[0.11446,51.57907],[0.1166,51.58246],[0.13535,51.5812],[0.13699,51.57472],[0.13651,51.57179],[0.12986,51.56899],[0.12411,51.56779]]]}},{"type":"Feature","properties":{"source_code":"F82025","codes":["F82025"],"label":"DR BK JAISWAL'S PRACTICE"},"geometry":{"type":"Polygon","coordinates":[[[0.13081,51.55178],[0.13441,51.54847],[0.14231,51.54484],[0.1478,51.54303],[0.14832,51.53171],[0.13956,51.53085],[0.12806,51.53203],[0.11055,51.53299],[0.10969,51.53374],[0.11227,51.53705],[0.11244,51.54164],[0.11381,51.55178],[0.12068,51.55125],[0.13081,51.55178]]]}},{"type":"Feature","properties":{"source_code":"F82661","codes":["F82661"],"label":"GREEN LANE SURGERY"},"geometry":{"type":"Polygon","coordinates":[[[0.15033,51.56219],[0.15048,51.56199],[0.15015,51.56173],[0.14964,51.56131],[0.14919,51.56127],[0.14877,51.56117],[0.14789,51.561],[0.14763,51.56095],[0.14736,51.561],[0.14683,51.561],[0.14577,51.56099],[0.14471,51.56095],[0.14364,51.56098],[0.13941,51.56129],[0.13964,51.55842],[0.13965,51.55704],[0.13971,51.55568],[0.13888,51.55566],[0.1383,51.55564],[0.13708,51.55562],[0.13587,51.55556],[0.13469,51.55557],[0.1342,51.55556],[0.13373,51.55557],[0.13327,51.55555],[0.13278,51.55555],[0.1309,51.55549],[0.13045,51.55548],[0.12995,51.55549],[0.12901,51.55551],[0.12712,51.55557],[0.12758,51.55648],[0.12757,51.55674],[0.1274,51.55697],[0.12712,51.55744],[0.1271,51.5577],[0.12695,51.55791],[0.12655,51.5583],[0.12614,51.55871],[0.12595,51.55892],[0.12578,51.55914],[0.1256,51.55939],[0.12542,51.55964],[0.12538,51.5597],[0.12534,51.55975],[0.12527,51.55987],[0.12519,51.56],[0.1251,51.56012],[0.12484,51.56007],[0.12457,51.56001],[0.12421,51.55994],[0.12364,51.56005],[0.12301,51.56018],[0.12351,51.56117],[0.12391,51.56221],[0.12439,51.56324],[0.12459,51.56375],[0.12492,51.56427],[0.12528,51.56456],[0.12571,51.5649],[0.1267,51.56543],[0.12686,51.5656],[0.12697,51.56573],[0.12721,51.56602],[0.12793,51.5664],[0.12816,51.56646],[0.12869,51.56654],[0.12922,51.56657],[0.12945,51.56657],[0.12942,51.56668],[0.12952,51.56683],[0.12959,51.56709],[0.1297,51.56759],[0.12965,51.56867],[0.12999,51.56919],[0.13013,51.56945],[0.13023,51.56972],[0.13043,51.57025],[0.1305,51.57039],[0.13047,51.57053],[0.13044,51.5708],[0.12984,51.5707],[0.12977,51.57089],[0.1298,51.57132],[0.12974,51.57164],[0.12946,51.57196],[0.12884,51.57219],[0.129,51.57257],[0.12946,51.57289],[0.12929,51.57313],[0.12918,51.57327],[0.1291,51.57339],[0.12892,51.57361],[0.1284,51.57368],[0.12694,51.57382],[0.12827,51.57651],[0.1308,51.57734],[0.13055,51.57813],[0.13033,51.57855],[0.13046,51.57899],[0.13061,51.57941],[0.13086,51.57978],[0.13231,51.58014],[0.13389,51.58036],[0.13548,51.58048],[0.13537,51.58084],[0.13548,51.5812],[0.14142,51.581],[0.14102,51.5787],[0.14097,51.5764],[0.14239,51.57641],[0.14383,51.57556],[0.14819,51.57576],[0.14827,51.57491],[0.14827,51.57387],[0.14834,51.57301],[0.14737,51.57288],[0.14643,51.5728],[0.14459,51.57254],[0.14473,51.57122],[0.14482,51.57049],[0.14538,51.57011],[0.1456,51.56988],[0.14554,51.56966],[0.14565,51.56944],[0.14677,51.56922],[0.14766,51.56904],[0.1484,51.56901],[0.14954,51.56901],[0.15068,51.56887],[0.15076,51.5676],[0.15137,51.56759],[0.15201,51.56743],[0.15068,51.56675],[0.15104,51.56619],[0.1511,51.56563],[0.15038,51.5652],[0.14979,51.56508],[0.14977,51.5649],[0.14991,51.56473],[0.14987,51.56456],[0.14983,51.56421],[0.14976,51.56324],[0.15012,51.56312],[0.15019,51.56298],[0.15016,51.56269],[0.15033,51.56219]]]}},{"type":"Feature","properties":{"source_code":"G81102","codes":["G81102"],"label":"BUXTED MEDICAL CENTRE"},"geometry":{"type":"Polygon","coordinates":[[[0.0412,51.03751],[0.11398,51.02844],[0.22041,51.00382],[0.18265,50.89177],[0.07553,50.89654],[0.03502,50.97356],[0.0412,51.03751]]]}},{"type":"Feature","properties":{"source_code":"F82017","codes":["F82017"],"label":"ST ALBANS SURGERY"},"geometry":{"type":"Polygon","coordinates":[[[0.12995,51.55797],[0.14677,51.55712],[0.15484,51.55146],[0.15656,51.54335],[0.14866,51.53053],[0.13767,51.52882],[0.1078,51.53139],[0.11364,51.55103],[0.12025,51.55824],[0.12995,51.55797]]]}},{"type":"Feature","properties":{"source_code":"F82019","codes":["F82019"],"label":"THE UPSTAIRS SURGERY"},"geometry":{"type":"Polygon","coordinates":[[[0.11684,51.58244],[0.13931,51.58084],[0.14,51.58116],[0.13991,51.58081],[0.14154,51.58073],[0.14051,51.57999],[0.13972,51.58007],[0.13958,51.57949],[0.14704,51.56142],[0.10929,51.56366],[0.11684,51.58244]]]}},{"type":"Feature","properties":{"source_code":"G83033","codes":["G83033"],"label":"DR DAVIES & PARTNER"},"geometry":{"type":"Polygon","coordinates":[[[0.109,51.46267],[0.10798,51.46256],[0.10815,51.46342],[0.10935,51.46508],[0.11038,51.46727],[0.11021,51.46887],[0.11055,51.4708],[0.11003,51.47294],[0.10918,51.47379],[0.109,51.4755],[0.10454,51.47775],[0.1018,51.48053],[0.1018,51.48331],[0.10283,51.48577],[0.10815,51.48448],[0.1145,51.48181],[0.126,51.48138],[0.13175,51.48181],[0.13493,51.48299],[0.14248,51.48459],[0.15347,51.4848],[0.16136,51.48545],[0.17321,51.48117],[0.16359,51.4785],[0.16291,51.47347],[0.15741,51.46663],[0.15381,51.46272],[0.15192,51.45861],[0.14935,51.45743],[0.14626,51.45732],[0.14394,51.45764],[0.14252,51.45684],[0.12943,51.45839],[0.12291,51.45994],[0.11518,51.46128],[0.109,51.46267]]]}},{"type":"Feature","properties":{"source_code":"F82677","codes":["F82677"],"label":"BECONTREE MEDICAL CENTRE"},"geometry":{"type":"Polygon","coordinates":[[[0.14557,51.56651],[0.14866,51.56696],[0.15106,51.56608],[0.14965,51.56216],[0.14802,51.56112],[0.14776,51.54594],[0.14778,51.54163],[0.14805,51.54023],[0.14819,51.53942],[0.14821,51.53864],[0.14815,51.53767],[0.1496,51.53754],[0.14959,51.53695],[0.15033,51.53696],[0.15026,51.536],[0.15019,51.5349],[0.14822,51.53487],[0.14816,51.53349],[0.14819,51.5316],[0.14265,51.53328],[0.13613,51.53408],[0.12716,51.53422],[0.11911,51.53438],[0.11503,51.53442],[0.11309,51.53444],[0.1121,51.53446],[0.11115,51.53433],[0.11011,51.53378],[0.10964,51.53342],[0.10935,51.5333],[0.10902,51.53325],[0.10771,51.53316],[0.10739,51.53316],[0.10706,51.53321],[0.10645,51.53336],[0.10584,51.53355],[0.1053,51.53382],[0.10433,51.53452],[0.10356,51.53521],[0.10302,51.53553],[0.10233,51.53571],[0.103,51.53647],[0.10177,51.53839],[0.10031,51.53992],[0.09871,51.54046],[0.09757,51.54133],[0.09611,51.54264],[0.0939,51.54588],[0.09722,51.54723],[0.09877,51.548],[0.09957,51.54837],[0.1004,51.54867],[0.10316,51.54954],[0.10383,51.5497],[0.10447,51.54993],[0.10512,51.55018],[0.10565,51.55053],[0.10677,51.55142],[0.10721,51.55182],[0.10755,51.55231],[0.1087,51.55454],[0.10863,51.55503],[0.10837,51.55549],[0.10799,51.55595],[0.10778,51.55619],[0.10776,51.55642],[0.10876,51.55746],[0.1092,51.55797],[0.10941,51.55849],[0.10956,51.56311],[0.11488,51.56312],[0.11917,51.56313],[0.12134,51.56267],[0.12392,51.56193],[0.12516,51.56174],[0.12675,51.56165],[0.12857,51.56142],[0.13089,51.56184],[0.12995,51.56169],[0.12982,51.56424],[0.12973,51.56456],[0.13525,51.56463],[0.13608,51.56363],[0.13952,51.56293],[0.13937,51.5613],[0.14063,51.56129],[0.141,51.56395],[0.14317,51.56393],[0.14424,51.56291],[0.14385,51.56106],[0.14778,51.56126],[0.1454,51.56653],[0.14557,51.56651]]]}},{"type":"Feature","properties":{"source_code":"F82034","codes":["F82034"],"label":"VICTORIA & FIVE ELMS MEDICAL CENTRE"},"geometry":{"type":"Polygon","coordinates":[[[0.07613,51.54816],[0.07808,51.54858],[0.07914,51.54675],[0.08377,51.54771],[0.08452,51.54816],[0.08426,51.54898],[0.08557,51.5495],[0.08723,51.55008],[0.08929,51.55046],[0.09278,51.55089],[0.09293,51.54962],[0.09253,51.5489],[0.09375,51.54601],[0.09508,51.54475],[0.0957,51.54348],[0.09763,51.54153],[0.09858,51.54072],[0.10046,51.54],[0.10201,51.53829],[0.10313,51.53651],[0.10267,51.53577],[0.10154,51.53483],[0.10132,51.53356],[0.0998,51.53274],[0.09943,51.53244],[0.0981,51.53237],[0.09639,51.53294],[0.09538,51.53344],[0.09431,51.53327],[0.09411,51.53306],[0.09351,51.53286],[0.09212,51.53334],[0.0918,51.5331],[0.09021,51.53307],[0.08866,51.53376],[0.08517,51.53262],[0.08405,51.53384],[0.08004,51.53223],[0.07834,51.53387],[0.07607,51.53342],[0.07409,51.53391],[0.07375,51.53424],[0.07321,51.5343],[0.07124,51.53707],[0.07036,51.53875],[0.0695,51.53869],[0.06914,51.53904],[0.06976,51.54076],[0.06871,51.54196],[0.06918,51.54272],[0.06903,51.54341],[0.06948,51.54409],[0.06918,51.54552],[0.06957,51.54624],[0.07298,51.54632],[0.07289,51.54726],[0.07605,51.54775],[0.07585,51.54814],[0.07613,51.54816]]]}},{"type":"Feature","properties":{"source_code":"F82015","codes":["F82015"],"label":"HEDGEMANS MEDICAL CENTRE"},"geometry":{"type":"Polygon","coordinates":[[[0.14746,51.55125],[0.16102,51.55167],[0.16617,51.54399],[0.16548,51.53843],[0.15621,51.53352],[0.15501,51.52936],[0.14729,51.53181],[0.13887,51.53107],[0.12686,51.53203],[0.12754,51.54078],[0.12428,51.54591],[0.13063,51.55178],[0.13664,51.55274],[0.14196,51.5506],[0.14746,51.55125]]]}},{"type":"Feature","properties":{"source_code":"G83029","codes":["G83029"],"label":"PLAS MEDDYG SURGERY"},"geometry":{"type":"Polygon","coordinates":[[[0.14141,51.4374],[0.13932,51.43741],[0.13662,51.43744],[0.13461,51.43764],[0.12721,51.43744],[0.1238,51.43793],[0.11834,51.43959],[0.11772,51.44058],[0.1175,51.44144],[0.11776,51.44175],[0.11888,51.44256],[0.1199,51.44332],[0.11945,51.44475],[0.11939,51.44584],[0.11904,51.44708],[0.11894,51.4474],[0.11906,51.44781],[0.12032,51.44795],[0.12173,51.44897],[0.12409,51.44876],[0.12577,51.44861],[0.12887,51.44828],[0.13126,51.44809],[0.13499,51.44815],[0.13946,51.44829],[0.14484,51.4481],[0.14792,51.44826],[0.14963,51.44822],[0.15087,51.44809],[0.15226,51.44783],[0.15334,51.44759],[0.15361,51.44718],[0.15335,51.44688],[0.1528,51.44577],[0.15171,51.44441],[0.16563,51.44075],[0.16445,51.43548],[0.15781,51.4354],[0.14653,51.43561],[0.14339,51.43783],[0.14141,51.4374]]]}},{"type":"Feature","properties":{"source_code":"G83052","codes":["G83052"],"label":"BELVEDERE MEDICAL CENTRE"},"geometry":{"type":"Polygon","coordinates":[[[0.15192,51.49261],[0.17389,51.48277],[0.19089,51.46791],[0.17492,51.45807],[0.12274,51.46182],[0.11244,51.47262],[0.12214,51.48138],[0.12136,51.49095],[0.15192,51.49261]]]}},{"type":"Feature","properties":{"source_code":"F82001","codes":["F82001"],"label":"HALBUTT STREET SURGERY"},"geometry":{"type":"Polygon","coordinates":[[[0.11415,51.55167],[0.11467,51.55082],[0.14832,51.56106],[0.15364,51.56117],[0.16548,51.53972],[0.18059,51.53502],[0.19157,51.5222],[0.14935,51.53149],[0.11003,51.53256],[0.11415,51.55167]]]}},{"type":"Feature","properties":{"source_code":"G83006","codes":["G83006"],"label":"THE ALBION SURGERY"},"geometry":{"type":"Polygon","coordinates":[[[0.16761,51.47078],[0.16159,51.47114],[0.16379,51.43936],[0.1672,51.43839],[0.16445,51.43946],[0.16205,51.4709],[0.16778,51.47049],[0.16761,51.47078],[0.17956,51.47005],[0.1823,51.46363],[0.17853,51.45273],[0.17865,51.45254],[0.18097,51.45029],[0.18209,51.45002],[0.1811,51.44832],[0.18059,51.44917],[0.18059,51.44744],[0.1811,51.44832],[0.1908,51.4321],[0.19097,51.43218],[0.18878,51.42972],[0.18595,51.42996],[0.19079,51.4321],[0.18597,51.43307],[0.18986,51.43197],[0.18539,51.43004],[0.18494,51.43004],[0.18595,51.42996],[0.1805,51.42754],[0.18085,51.42795],[0.18092,51.42816],[0.1739,51.42461],[0.1805,51.42754],[0.17909,51.42587],[0.17565,51.42389],[0.17454,51.42166],[0.1699,51.41813],[0.16551,51.42038],[0.16514,51.42019],[0.16511,51.42058],[0.16509,51.42059],[0.1651,51.42041],[0.15789,51.42849],[0.15793,51.43611],[0.15703,51.43627],[0.15286,51.43887],[0.15329,51.43999],[0.1511,51.4412],[0.1369,51.43748],[0.13523,51.43346],[0.12467,51.42835],[0.12205,51.42894],[0.11909,51.42966],[0.12136,51.4332],[0.12192,51.429],[0.12141,51.4332],[0.12038,51.43419],[0.11845,51.43938],[0.11742,51.44133],[0.11965,51.44326],[0.11858,51.44807],[0.12132,51.45053],[0.12381,51.45962],[0.12184,51.46005],[0.12626,51.47251],[0.12201,51.47703],[0.12136,51.47826],[0.12205,51.48128],[0.12381,51.48117],[0.12304,51.48088],[0.12385,51.48117],[0.12381,51.48117],[0.12394,51.48122],[0.12218,51.48136],[0.15226,51.48419],[0.15471,51.47898],[0.1454,51.47729],[0.15467,51.47892],[0.16158,51.47123],[0.16159,51.47116],[0.16711,51.4716],[0.16761,51.47078]],[[0.16503,51.42143],[0.16508,51.4207],[0.16509,51.42071],[0.16503,51.42143]],[[0.18059,51.44334],[0.18059,51.44334],[0.17715,51.44202],[0.17687,51.4409],[0.17715,51.44162],[0.18059,51.44334]]]}},{"type":"Feature","properties":{"source_code":"F82038","codes":["F82038"],"label":"DR SZ HAIDER'S PRACTICE"},"geometry":{"type":"Polygon","coordinates":[[[0.12162,51.56373],[0.12919,51.56655],[0.13467,51.56653],[0.13921,51.56778],[0.14555,51.56912],[0.1498,51.56884],[0.15394,51.56852],[0.1537,51.56771],[0.15082,51.56598],[0.14924,51.56293],[0.14804,51.55968],[0.14746,51.55825],[0.14641,51.55677],[0.1471,51.55131],[0.14444,51.55115],[0.14795,51.55024],[0.1476,51.5426],[0.13749,51.54638],[0.12978,51.55186],[0.12457,51.54577],[0.11443,51.55203],[0.12111,51.5572],[0.11952,51.56117],[0.11991,51.56141],[0.12003,51.56178],[0.12012,51.56213],[0.12012,51.56235],[0.11982,51.56251],[0.11956,51.56293],[0.11952,51.56317],[0.12064,51.56344],[0.12162,51.56373]]]}},{"type":"Feature","properties":{"source_code":"F82051","codes":["F82051"],"label":"LABURNUM HEALTH CENTRE"},"geometry":{"type":"Polygon","coordinates":[[[0.12381,51.55122],[0.12789,51.55653],[0.12641,51.55838],[0.12491,51.56056],[0.12467,51.56176],[0.1192,51.5632],[0.1251,51.56435],[0.12557,51.56479],[0.12658,51.56525],[0.12746,51.56629],[0.12892,51.56656],[0.13535,51.56661],[0.13844,51.56784],[0.14076,51.56773],[0.14291,51.56752],[0.1448,51.56752],[0.1442,51.56907],[0.14651,51.56912],[0.15106,51.56875],[0.16153,51.56859],[0.16574,51.56885],[0.17012,51.56896],[0.17492,51.56944],[0.17604,51.56779],[0.17638,51.56549],[0.17544,51.55962],[0.17617,51.55664],[0.17509,51.5565],[0.17437,51.55584],[0.17441,51.55338],[0.16582,51.55295],[0.16068,51.55146],[0.16634,51.54537],[0.16153,51.54537],[0.15415,51.54281],[0.14917,51.5426],[0.136,51.54714],[0.13042,51.55114],[0.13046,51.55183],[0.12381,51.55122]]]}},{"type":"Feature","properties":{"source_code":"F82634","codes":["F82634"],"label":"HEATHWAY MEDICAL CENTRE"},"geometry":{"type":"Polygon","coordinates":[[[0.13085,51.56189],[0.13205,51.5617],[0.13694,51.56464],[0.14587,51.5648],[0.14396,51.56909],[0.15407,51.56979],[0.15402,51.56693],[0.15072,51.56685],[0.15119,51.56576],[0.15012,51.56515],[0.14986,51.56269],[0.15608,51.56224],[0.15591,51.55986],[0.15965,51.55725],[0.16162,51.55776],[0.16218,51.5576],[0.16231,51.55704],[0.16269,51.55704],[0.16265,51.55578],[0.16312,51.55576],[0.16321,51.5565],[0.16819,51.55672],[0.16831,51.55714],[0.16939,51.55717],[0.16982,51.55634],[0.16982,51.55309],[0.16681,51.55298],[0.1611,51.55159],[0.16351,51.54938],[0.16557,51.5498],[0.1684,51.54735],[0.16891,51.54596],[0.16582,51.54532],[0.16651,51.5442],[0.16582,51.54292],[0.1654,51.53988],[0.166,51.53875],[0.1587,51.53459],[0.15724,51.53256],[0.15681,51.52981],[0.1554,51.52877],[0.1478,51.53165],[0.14149,51.5332],[0.13149,51.53411],[0.13181,51.54054],[0.13402,51.54182],[0.13645,51.54209],[0.13879,51.54615],[0.13484,51.54751],[0.13021,51.55114],[0.13115,51.55754],[0.13085,51.56189]]]}},{"type":"Feature","properties":{"source_code":"G83046","codes":["G83046"],"label":"BURSTED WOOD SURGERY"},"geometry":{"type":"MultiPolygon","coordinates":[[[[0.15726,51.44833],[0.15741,51.44831],[0.15703,51.44828],[0.15726,51.44833]]],[[[0.13297,51.47689],[0.13289,51.47696],[0.13293,51.47698],[0.13297,51.47689]]],[[[0.13292,51.47702],[0.13287,51.47701],[0.13292,51.47702],[0.13295,51.47699],[0.13293,51.47698],[0.13291,51.47701],[0.12797,51.47518],[0.13291,51.47704],[0.13292,51.47702]]],[[[0.13309,51.47706],[0.13292,51.47702],[0.13292,51.47702],[0.13313,51.47708],[0.1331,51.47706],[0.13309,51.47706]]],[[[0.13843,51.47851],[0.13838,51.47848],[0.13313,51.47708],[0.13375,51.47748],[0.13555,51.47796],[0.13829,51.47858],[0.13843,51.47851]]],[[[0.13957,51.47837],[0.13948,51.47838],[0.14166,51.47883],[0.14172,51.47884],[0.13957,51.47837]]],[[[0.14172,51.47884],[0.14181,51.47886],[0.14176,51.47886],[0.14188,51.47888],[0.14207,51.47888],[0.14172,51.47884]]],[[[0.17183,51.48046],[0.17192,51.48047],[0.17183,51.48015],[0.17183,51.48046]]],[[[0.17183,51.48046],[0.16801,51.4801],[0.17183,51.48055],[0.17183,51.48046]]],[[[0.16702,51.47951],[0.16543,51.47897],[0.16565,51.4789],[0.16518,51.4787],[0.16544,51.47874],[0.16584,51.47898],[0.16565,51.4789],[0.16565,51.4789],[0.16585,51.47899],[0.16613,51.47916],[0.16615,51.47912],[0.1667,51.47935],[0.16702,51.47951],[0.1673,51.47961],[0.16789,51.47986],[0.16806,51.47995],[0.17092,51.47949],[0.17673,51.48029],[0.17105,51.47947],[0.17561,51.47874],[0.17561,51.47874],[0.16531,51.47821],[0.16522,51.47816],[0.17975,51.47382],[0.17561,51.47874],[0.17562,51.47874],[0.18056,51.47358],[0.18067,51.47355],[0.18067,51.47302],[0.18072,51.47267],[0.18067,51.47273],[0.18063,51.4619],[0.17675,51.45787],[0.18289,51.45559],[0.17758,51.45251],[0.15726,51.44833],[0.13699,51.4505],[0.12248,51.45117],[0.12377,51.4597],[0.12862,51.47315],[0.12609,51.47457],[0.14991,51.48099],[0.14054,51.47875],[0.14176,51.47886],[0.14166,51.47883],[0.14022,51.47867],[0.13913,51.47841],[0.13948,51.47838],[0.13759,51.47799],[0.13779,51.47809],[0.13587,51.47763],[0.13759,51.47799],[0.13744,51.47791],[0.13957,51.47837],[0.13973,51.47836],[0.13634,51.4774],[0.1331,51.47664],[0.13297,51.47689],[0.13308,51.4768],[0.13295,51.47699],[0.13309,51.47706],[0.13565,51.47759],[0.13809,51.47825],[0.13851,51.47847],[0.13881,51.47844],[0.13925,51.47857],[0.13849,51.47848],[0.13843,51.47851],[0.13857,51.47858],[0.13965,51.47867],[0.15147,51.48188],[0.15283,51.48182],[0.15724,51.50468],[0.15374,51.48173],[0.1643,51.47858],[0.16486,51.47866],[0.16503,51.47883],[0.16467,51.47871],[0.16506,51.47886],[0.16522,51.47903],[0.16537,51.47899],[0.16819,51.4801],[0.16702,51.47951]]],[[[0.16529,51.47864],[0.16527,51.47863],[0.16529,51.47864],[0.16491,51.47859],[0.16471,51.4785],[0.16477,51.47857],[0.16415,51.47848],[0.16489,51.47825],[0.16573,51.4787],[0.16529,51.47864]]],[[[0.16141,51.47929],[0.15372,51.48162],[0.15372,51.48158],[0.16141,51.47929]]],[[[0.16508,51.4782],[0.16508,51.4782],[0.16509,51.4782],[0.16508,51.4782]]],[[[0.1662,51.47901],[0.16622,51.47897],[0.16687,51.47932],[0.1662,51.47901],[0.16617,51.47908],[0.16669,51.47935],[0.16615,51.47911],[0.16617,51.47908],[0.1655,51.47874],[0.16589,51.4788],[0.16613,51.47898],[0.1662,51.47901]]],[[[0.16762,51.47972],[0.16789,51.47986],[0.16731,51.47961],[0.16762,51.47972]]]]}},{"type":"Feature","properties":{"source_code":"F82003","codes":["F82003"],"label":"FIRST AVENUE SURGERY"},"geometry":{"type":"MultiPolygon","coordinates":[[[[0.1654,51.53917],[0.16643,51.53865],[0.1654,51.53916],[0.1654,51.53917]]],[[[0.1654,51.53917],[0.16394,51.53991],[0.16548,51.54057],[0.1654,51.53917]]],[[[0.16394,51.53991],[0.15315,51.53534],[0.16389,51.53985],[0.16618,51.53865],[0.16617,51.5387],[0.17982,51.53464],[0.18951,51.52909],[0.18592,51.52647],[0.18441,51.52447],[0.18342,51.52453],[0.18449,51.52466],[0.18462,51.52489],[0.18592,51.52646],[0.18329,51.52454],[0.18342,51.52453],[0.18325,51.52451],[0.18127,51.52306],[0.17013,51.52528],[0.17037,51.52519],[0.15879,51.52744],[0.14832,51.53171],[0.14823,51.53347],[0.14848,51.53338],[0.1485,51.53338],[0.15986,51.54198],[0.16394,51.53991]]],[[[0.14856,51.53335],[0.17002,51.52532],[0.16828,51.53137],[0.14856,51.53335]]]]}},{"type":"Feature","properties":{"source_code":"F82005","codes":["F82005"],"label":"DR M GOYAL'S PRACTICE"},"geometry":{"type":"Polygon","coordinates":[[[0.14828,51.53175],[0.14846,51.53638],[0.14814,51.54108],[0.1481,51.54448],[0.14756,51.55009],[0.14724,51.5561],[0.14694,51.55674],[0.14699,51.55727],[0.14869,51.55771],[0.14764,51.55842],[0.14952,51.55933],[0.15221,51.55936],[0.15439,51.55943],[0.15603,51.55971],[0.15749,51.55872],[0.15867,51.55773],[0.16136,51.55769],[0.16929,51.55709],[0.16983,51.55307],[0.17371,51.55321],[0.18099,51.54681],[0.17909,51.54167],[0.17376,51.53717],[0.17123,51.53346],[0.16427,51.52669],[0.15709,51.52807],[0.15551,51.52896],[0.14828,51.53175]]]}},{"type":"Feature","properties":{"source_code":"G83049","codes":["G83049"],"label":"LYNDHURST ROAD MEDICAL CENTRE"},"geometry":{"type":"Polygon","coordinates":[[[0.17441,51.45422],[0.17015,51.45433],[0.16833,51.45431],[0.16654,51.45385],[0.16497,51.45339],[0.16311,51.45347],[0.15975,51.45421],[0.15264,51.45543],[0.14613,51.4574],[0.14606,51.45957],[0.14629,51.46129],[0.1448,51.46167],[0.14008,51.46314],[0.14072,51.46668],[0.14422,51.47008],[0.14505,51.4739],[0.15323,51.47145],[0.15886,51.47258],[0.16132,51.47147],[0.16898,51.47159],[0.16931,51.47013],[0.16796,51.46888],[0.17048,51.469],[0.17179,51.46794],[0.17316,51.46505],[0.17825,51.4649],[0.18115,51.46476],[0.18185,51.46382],[0.18188,51.46288],[0.17688,51.45911],[0.17558,51.45794],[0.17497,51.45669],[0.1755,51.4551],[0.17441,51.45422]]]}},{"type":"Feature","properties":{"source_code":"Y01795","codes":["Y01795"],"label":"THE OVAL PRACTICE"},"geometry":{"type":"MultiPolygon","coordinates":[[[[0.16428,51.52744],[0.1648,51.52712],[0.16446,51.52733],[0.16377,51.52733],[0.16428,51.52744]]],[[[0.16428,51.52744],[0.16412,51.52754],[0.16609,51.52893],[0.16548,51.52813],[0.16522,51.52765],[0.16428,51.52744]]],[[[0.16609,51.52893],[0.16617,51.52904],[0.16649,51.52921],[0.16609,51.52893]]],[[[0.16649,51.52921],[0.16685,51.52947],[0.16831,51.53048],[0.16948,51.53171],[0.16977,51.53192],[0.16891,51.53075],[0.16806,51.53005],[0.16649,51.52921]]],[[[0.14729,51.53117],[0.149,51.534],[0.14729,51.54153],[0.15836,51.5405],[0.1672,51.53894],[0.17269,51.53459],[0.17149,51.5347],[0.17115,51.53395],[0.17046,51.53315],[0.17003,51.5323],[0.16948,51.53171],[0.16685,51.52984],[0.16549,51.52861],[0.16308,51.52712],[0.16102,51.52669],[0.15828,51.52712],[0.15793,51.52776],[0.15484,51.52821],[0.15235,51.53007],[0.14729,51.53117]]]]}},{"type":"Feature","properties":{"source_code":"G81019","codes":["G81019"],"label":"BEACON SURGERY"},"geometry":{"type":"Polygon","coordinates":[[[0.14729,51.09123],[0.20702,51.09037],[0.22299,51.04873],[0.21217,51.0252],[0.17578,51.01548],[0.08308,51.0198],[0.08617,51.03751],[0.09201,51.05607],[0.14729,51.09123]]]}},{"type":"Feature","properties":{"source_code":"G81055","codes":["G81055"],"label":"SAXONBURY HOUSE SURGERY"},"geometry":{"type":"MultiPolygon","coordinates":[[[[0.14213,51.08406],[0.14142,51.08353],[0.14109,51.08387],[0.14213,51.08423],[0.14213,51.08406]]],[[[0.14266,51.08441],[0.14241,51.0841],[0.14217,51.08338],[0.14213,51.08406],[0.14267,51.08446],[0.14266,51.08441]]],[[[0.16152,51.09408],[0.19967,51.08948],[0.2041,51.09004],[0.22247,51.09964],[0.22953,51.08335],[0.21461,51.04573],[0.16553,51.01972],[0.11119,51.02543],[0.11792,51.03651],[0.09642,51.04014],[0.1022,51.04406],[0.1074,51.04969],[0.11182,51.05522],[0.11783,51.06194],[0.12273,51.06286],[0.12269,51.06498],[0.12708,51.06796],[0.12674,51.06717],[0.12753,51.06827],[0.12708,51.06796],[0.12741,51.06872],[0.1295,51.07026],[0.13188,51.07225],[0.13558,51.07874],[0.13869,51.08067],[0.13936,51.08286],[0.14122,51.08343],[0.14096,51.08319],[0.14142,51.08353],[0.14242,51.08253],[0.14266,51.08441],[0.14315,51.08499],[0.14478,51.08543],[0.1474,51.08565],[0.14722,51.08555],[0.14624,51.08535],[0.14965,51.08584],[0.1474,51.08565],[0.16152,51.09408]]]]}},{"type":"Feature","properties":{"source_code":"G83010","codes":["G83010"],"label":"NORTHUMBERLAND HEATH MED.CTR."},"geometry":{"type":"Polygon","coordinates":[[[0.17673,51.48838],[0.20256,51.48165],[0.18848,51.46246],[0.19672,51.45604],[0.1878,51.45411],[0.17441,51.45411],[0.15295,51.45561],[0.15278,51.46139],[0.15071,51.4636],[0.14855,51.46458],[0.14245,51.46466],[0.14329,51.46591],[0.1299,51.47288],[0.12637,51.47439],[0.12405,51.47699],[0.12197,51.48133],[0.1219,51.48301],[0.13008,51.48283],[0.13636,51.48484],[0.1416,51.48677],[0.14187,51.48767],[0.14222,51.48782],[0.14273,51.48804],[0.14265,51.4885],[0.14294,51.48906],[0.14484,51.49109],[0.14984,51.49128],[0.15108,51.49103],[0.15181,51.49083],[0.15386,51.49024],[0.1596,51.49018],[0.16453,51.48973],[0.1669,51.48945],[0.16825,51.48821],[0.17077,51.48744],[0.17673,51.48838]]]}},{"type":"Feature","properties":{"source_code":"G82028","codes":["G82028"],"label":"SWANLEY MEDICAL PRACTICE"},"geometry":{"type":"MultiPolygon","coordinates":[[[[0.20866,51.40504],[0.21026,51.40694],[0.21075,51.40737],[0.21089,51.40737],[0.20878,51.4042],[0.20599,51.40167],[0.20845,51.404],[0.20866,51.40504]]],[[[0.21075,51.40737],[0.21062,51.40737],[0.21067,51.40743],[0.21083,51.40744],[0.21075,51.40737]]],[[[0.20709,51.40743],[0.20697,51.40743],[0.20688,51.40743],[0.20602,51.4074],[0.20586,51.40757],[0.20709,51.40743]]],[[[0.21067,51.40743],[0.20974,51.40739],[0.20715,51.40743],[0.20709,51.40743],[0.20896,51.40749],[0.21078,51.40756],[0.21067,51.40743]]],[[[0.20586,51.40757],[0.20573,51.40759],[0.20555,51.40792],[0.20555,51.40792],[0.20586,51.40757]]],[[[0.20555,51.40792],[0.20538,51.40812],[0.20526,51.40838],[0.2054,51.40931],[0.20541,51.40948],[0.20556,51.40959],[0.20555,51.40792]]],[[[0.20556,51.40959],[0.20556,51.41045],[0.20547,51.41076],[0.2055,51.41125],[0.20512,51.41245],[0.20525,51.41286],[0.20588,51.40982],[0.20556,51.40959]]],[[[0.20531,51.41301],[0.20531,51.41302],[0.20531,51.41301],[0.20531,51.41301]]],[[[0.20531,51.41301],[0.20525,51.41286],[0.20522,51.41304],[0.20531,51.41301]]],[[[0.20522,51.41304],[0.2049,51.41312],[0.20488,51.41321],[0.2052,51.41312],[0.20522,51.41304]]],[[[0.20488,51.41321],[0.20436,51.41334],[0.20485,51.41329],[0.20488,51.41321]]],[[[0.20436,51.41334],[0.20408,51.41337],[0.20384,51.41348],[0.20436,51.41334]]],[[[0.20384,51.41348],[0.20349,51.41357],[0.20321,51.41377],[0.20384,51.41348]]],[[[0.20321,51.41377],[0.20319,51.41378],[0.20317,51.4138],[0.20321,51.41377]]],[[[0.20317,51.4138],[0.20302,51.4139],[0.20227,51.41461],[0.20317,51.4138]]],[[[0.20227,51.41461],[0.20208,51.41478],[0.2008,51.41573],[0.2006,51.41605],[0.20051,51.41624],[0.20089,51.41569],[0.20212,51.41475],[0.20227,51.41461]]],[[[0.20051,51.41624],[0.2002,51.41666],[0.20032,51.41662],[0.20051,51.41624]]],[[[0.2002,51.41666],[0.2002,51.41667],[0.20018,51.4167],[0.2002,51.41666]]],[[[0.19666,51.41668],[0.19488,51.41655],[0.18939,51.41551],[0.19469,51.41656],[0.19747,51.41678],[0.19666,51.41668]]],[[[0.20018,51.4167],[0.19998,51.41698],[0.2,51.41698],[0.20018,51.4167]]],[[[0.19998,51.41698],[0.19949,51.41694],[0.19946,51.41695],[0.19922,51.41692],[0.19747,51.41678],[0.19795,51.41684],[0.19994,51.41704],[0.19998,51.41698]]],[[[0.18939,51.41551],[0.19371,51.41631],[0.19666,51.41668],[0.19833,51.4168],[0.19922,51.41692],[0.19949,51.41694],[0.2002,51.41667],[0.2006,51.41605],[0.20076,51.41571],[0.20233,51.41439],[0.20302,51.4139],[0.20312,51.41381],[0.20319,51.41378],[0.20339,51.4136],[0.20349,51.41357],[0.20372,51.41341],[0.20408,51.41337],[0.20419,51.41332],[0.2049,51.41312],[0.20512,51.41245],[0.20506,51.41229],[0.20547,51.41076],[0.20541,51.40948],[0.20535,51.40944],[0.20516,51.40858],[0.20526,51.40838],[0.20524,51.40827],[0.20538,51.40812],[0.20572,51.40739],[0.20697,51.40743],[0.20715,51.40743],[0.20815,51.40731],[0.20974,51.40739],[0.21062,51.40737],[0.21026,51.40694],[0.20878,51.40565],[0.20866,51.40504],[0.20566,51.40148],[0.2061,51.39931],[0.20615,51.39765],[0.20534,51.39599],[0.20168,51.3894],[0.19496,51.38688],[0.18634,51.37648],[0.16977,51.38118],[0.15887,51.38304],[0.15209,51.38308],[0.14732,51.38379],[0.14439,51.38823],[0.14422,51.39103],[0.14364,51.39688],[0.14568,51.39998],[0.1478,51.40089],[0.14906,51.40181],[0.1504,51.40198],[0.15299,51.40184],[0.15464,51.40285],[0.15547,51.40412],[0.15619,51.40458],[0.1569,51.40473],[0.15851,51.40525],[0.16359,51.41195],[0.16497,51.41216],[0.16849,51.41682],[0.17321,51.42062],[0.17791,51.41574],[0.17867,51.41455],[0.17891,51.41411],[0.17971,51.41251],[0.18201,51.41161],[0.18537,51.4148],[0.18555,51.4149],[0.18939,51.41551]]],[[[0.16719,51.43137],[0.16658,51.43131],[0.16722,51.4314],[0.16719,51.43137]]]]}},{"type":"Feature","properties":{"source_code":"F82039","codes":["F82039"],"label":"EASTBROOK SURGERY"},"geometry":{"type":"Polygon","coordinates":[[[0.15739,51.59741],[0.15828,51.59723],[0.15825,51.59676],[0.15755,51.59657],[0.15693,51.5962],[0.15772,51.5959],[0.15927,51.59624],[0.16057,51.59591],[0.1616,51.59574],[0.16201,51.59637],[0.16281,51.59657],[0.164,51.59627],[0.16465,51.59661],[0.16556,51.59592],[0.16566,51.59483],[0.16452,51.59448],[0.16526,51.59359],[0.16593,51.59319],[0.1651,51.59268],[0.16529,51.59183],[0.16569,51.59128],[0.16666,51.59089],[0.16667,51.59043],[0.16569,51.58954],[0.16567,51.58904],[0.16742,51.58799],[0.1678,51.5885],[0.16865,51.58888],[0.16968,51.58807],[0.16881,51.58705],[0.16899,51.58681],[0.17035,51.58642],[0.17056,51.58616],[0.17061,51.5858],[0.17219,51.58517],[0.17308,51.58451],[0.17424,51.58432],[0.17514,51.5831],[0.17524,51.58271],[0.17465,51.58235],[0.17499,51.58166],[0.17517,51.58163],[0.17587,51.58129],[0.17683,51.58136],[0.17756,51.58113],[0.17841,51.5805],[0.17883,51.58043],[0.17959,51.57948],[0.17922,51.57758],[0.17856,51.57698],[0.17826,51.57658],[0.1787,51.57589],[0.17993,51.57547],[0.18058,51.57539],[0.18145,51.57414],[0.18105,51.57347],[0.18178,51.57286],[0.18317,51.57272],[0.18372,51.57197],[0.18455,51.57125],[0.18458,51.57051],[0.18685,51.56982],[0.18676,51.56882],[0.1865,51.56835],[0.18572,51.56785],[0.18708,51.56657],[0.18705,51.56627],[0.18827,51.56533],[0.1865,51.56389],[0.18624,51.56394],[0.1846,51.56302],[0.18526,51.56209],[0.18444,51.56066],[0.18607,51.55856],[0.18606,51.55701],[0.18699,51.55593],[0.18624,51.55314],[0.18638,51.5529],[0.18507,51.55085],[0.18345,51.54965],[0.17988,51.54762],[0.17676,51.54747],[0.17268,51.54977],[0.17276,51.55251],[0.17383,51.55385],[0.17448,51.55428],[0.1735,51.55704],[0.17334,51.55813],[0.16991,51.55922],[0.16845,51.5595],[0.16694,51.55961],[0.16594,51.55947],[0.1643,51.5593],[0.16298,51.55956],[0.16307,51.56128],[0.16191,51.56214],[0.15972,51.56193],[0.15879,51.56463],[0.15541,51.56414],[0.15476,51.56507],[0.15386,51.56602],[0.15358,51.5669],[0.15354,51.56743],[0.15292,51.56761],[0.15135,51.56729],[0.15116,51.56796],[0.14982,51.56796],[0.14956,51.56828],[0.14835,51.56924],[0.14868,51.56966],[0.15001,51.57003],[0.15157,51.56992],[0.15374,51.57103],[0.15301,51.5717],[0.15205,51.5744],[0.155,51.57784],[0.15356,51.57862],[0.15014,51.57956],[0.14939,51.58433],[0.14951,51.58686],[0.15245,51.5927],[0.15278,51.59404],[0.15337,51.59472],[0.15405,51.59501],[0.15616,51.59619],[0.15739,51.59741]]]}},{"type":"Feature","properties":{"source_code":"F82031","codes":["F82031"],"label":"THE COLLEGE PRACTICE"},"geometry":{"type":"Polygon","coordinates":[[[0.14454,51.57045],[0.18505,51.56619],[0.19175,51.55317],[0.16102,51.55082],[0.14454,51.57045]]]}},{"type":"Feature","properties":{"source_code":"F82638","codes":["F82638"],"label":"MODERN MEDICAL CENTRE"},"geometry":{"type":"Polygon","coordinates":[[[0.17509,51.57175],[0.1796,51.57356],[0.18265,51.57129],[0.18574,51.57216],[0.18471,51.56805],[0.18917,51.57003],[0.19157,51.57024],[0.19363,51.56907],[0.19048,51.56787],[0.1932,51.56524],[0.19494,51.56531],[0.19535,51.565],[0.19546,51.56369],[0.19561,51.56235],[0.19774,51.55128],[0.17757,51.55507],[0.17589,51.55798],[0.17568,51.55866],[0.16901,51.5608],[0.16846,51.5632],[0.16728,51.56348],[0.16576,51.56309],[0.1629,51.56186],[0.15797,51.56192],[0.1637,51.56563],[0.16721,51.56585],[0.16943,51.56899],[0.17509,51.57175]]]}},{"type":"Feature","properties":{"source_code":"G83642","codes":["G83642"],"label":"CRAYFORD TOWN SURGERY"},"geometry":{"type":"MultiPolygon","coordinates":[[[[0.19439,51.43251],[0.19565,51.43237],[0.1993,51.43175],[0.19439,51.43251]]],[[[0.19439,51.43251],[0.19243,51.43274],[0.19248,51.43281],[0.19439,51.43251]]],[[[0.19248,51.43281],[0.19243,51.43282],[0.17767,51.43603],[0.16977,51.44235],[0.15398,51.44684],[0.15707,51.44898],[0.15175,51.45165],[0.15244,51.45433],[0.15278,51.45914],[0.15999,51.46021],[0.16342,51.45818],[0.16359,51.46267],[0.166,51.46321],[0.16703,51.46513],[0.18093,51.4647],[0.18127,51.46695],[0.18351,51.46695],[0.18642,51.46663],[0.19054,51.46716],[0.19037,51.46556],[0.18745,51.46353],[0.1926,51.4585],[0.19672,51.45615],[0.20359,51.45647],[0.20258,51.45367],[0.20368,51.45615],[0.20308,51.45304],[0.20273,51.45181],[0.20177,51.45144],[0.20119,51.44981],[0.20153,51.44903],[0.2017,51.44705],[0.20411,51.44657],[0.20642,51.44614],[0.20608,51.44523],[0.20548,51.44384],[0.20213,51.4439],[0.19973,51.44326],[0.19855,51.44249],[0.1981,51.44125],[0.19754,51.44042],[0.1987,51.43967],[0.2023,51.43828],[0.2011,51.4378],[0.19861,51.43673],[0.19801,51.43748],[0.19513,51.43679],[0.19248,51.43281]]]]}},{"type":"Feature","properties":{"source_code":"G83630","codes":["G83630"],"label":"RIVERSIDE SURGERY"},"geometry":{"type":"MultiPolygon","coordinates":[[[[0.14065,51.49054],[0.1717,51.4898],[0.17518,51.48798],[0.17524,51.48798],[0.19109,51.47995],[0.2017,51.47459],[0.20115,51.46005],[0.20102,51.45644],[0.20101,51.45644],[0.20093,51.45433],[0.13913,51.45561],[0.13969,51.46513],[0.13317,51.46496],[0.13682,51.47347],[0.14044,51.48092],[0.14059,51.49052],[0.14065,51.49054]]],[[[0.14065,51.49054],[0.1402,51.49055],[0.14068,51.49055],[0.14065,51.49054]]]]}},{"type":"Feature","properties":{"source_code":"G83053","codes":["G83053"],"label":"BEXLEY MEDICAL GROUP"},"geometry":{"type":"Polygon","coordinates":[[[0.1151,51.48173],[0.12222,51.48138],[0.12209,51.48462],[0.12209,51.48578],[0.12158,51.48683],[0.12147,51.48801],[0.1221,51.48876],[0.12222,51.48977],[0.13012,51.49027],[0.13269,51.49068],[0.13561,51.4904],[0.13978,51.49058],[0.14236,51.4911],[0.14489,51.4912],[0.14762,51.49136],[0.14992,51.49132],[0.15083,51.49111],[0.15148,51.49101],[0.15296,51.49048],[0.15667,51.49023],[0.1586,51.49014],[0.15964,51.49039],[0.16043,51.49038],[0.16206,51.49032],[0.16343,51.48991],[0.16437,51.48963],[0.16519,51.48964],[0.16568,51.48957],[0.16651,51.48964],[0.16748,51.48913],[0.16844,51.48952],[0.17006,51.48864],[0.17137,51.48817],[0.17267,51.48818],[0.17667,51.48451],[0.17957,51.48263],[0.1806,51.48174],[0.18694,51.48041],[0.18975,51.47978],[0.19374,51.47931],[0.19567,51.47853],[0.19519,51.47686],[0.19717,51.47667],[0.19906,51.47579],[0.20041,51.47389],[0.20119,51.47334],[0.19998,51.47297],[0.1984,51.47266],[0.19695,51.47233],[0.19845,51.47158],[0.1982,51.47071],[0.19736,51.47019],[0.19561,51.47007],[0.19522,51.46909],[0.19322,51.46908],[0.19357,51.46816],[0.19367,51.46736],[0.19334,51.46661],[0.19266,51.46606],[0.19133,51.4658],[0.18974,51.46463],[0.18804,51.46416],[0.18715,51.46369],[0.18608,51.4635],[0.18464,51.46353],[0.18353,51.46326],[0.18187,51.46285],[0.18112,51.46239],[0.18046,51.46191],[0.17916,51.46131],[0.17827,51.46033],[0.17688,51.45917],[0.17576,51.45814],[0.17504,51.45731],[0.17497,51.45629],[0.17509,51.45535],[0.17499,51.45488],[0.17494,51.45437],[0.17488,51.45401],[0.1733,51.45409],[0.17306,51.45346],[0.1726,51.45277],[0.17205,51.45173],[0.17059,51.45115],[0.16744,51.45081],[0.16441,51.44971],[0.16348,51.44949],[0.16348,51.44946],[0.16345,51.4495],[0.16346,51.44947],[0.16279,51.44929],[0.1619,51.44915],[0.16046,51.44879],[0.15957,51.4486],[0.15881,51.44844],[0.15801,51.44833],[0.15727,51.44815],[0.15677,51.44795],[0.15662,51.4472],[0.15626,51.44682],[0.15528,51.44612],[0.15426,51.44571],[0.15162,51.44424],[0.151,51.44287],[0.15051,51.44186],[0.1496,51.44162],[0.14924,51.44149],[0.14872,51.44135],[0.14873,51.44082],[0.14844,51.44045],[0.14771,51.44029],[0.14525,51.43952],[0.14128,51.43855],[0.13154,51.43622],[0.13353,51.43404],[0.13212,51.43265],[0.13122,51.4311],[0.12458,51.42664],[0.11791,51.42885],[0.11513,51.42629],[0.1137,51.42511],[0.11247,51.42541],[0.11252,51.42486],[0.11244,51.42389],[0.11211,51.42313],[0.11154,51.4225],[0.11071,51.42186],[0.10901,51.42291],[0.10761,51.42407],[0.1065,51.42471],[0.10487,51.42534],[0.10303,51.42633],[0.10094,51.42645],[0.10137,51.42863],[0.10214,51.43082],[0.1027,51.43329],[0.10279,51.43396],[0.10237,51.43463],[0.10226,51.43517],[0.10227,51.43563],[0.10346,51.43557],[0.10448,51.43509],[0.10678,51.43465],[0.10808,51.43474],[0.10921,51.43493],[0.1113,51.43543],[0.11313,51.43602],[0.11479,51.43726],[0.11645,51.4383],[0.11845,51.4395],[0.11761,51.44039],[0.11737,51.44149],[0.11945,51.4432],[0.11908,51.44646],[0.11876,51.44783],[0.11901,51.44849],[0.11942,51.44958],[0.12022,51.45033],[0.1217,51.45066],[0.12271,51.45154],[0.12293,51.45234],[0.12298,51.45308],[0.12269,51.45399],[0.12265,51.45494],[0.12317,51.45734],[0.12338,51.45891],[0.12375,51.45969],[0.12428,51.45957],[0.12086,51.46038],[0.11778,51.46076],[0.11247,51.46197],[0.10793,51.46248],[0.10863,51.46421],[0.10993,51.46562],[0.11045,51.4666],[0.11053,51.46763],[0.11011,51.46871],[0.10994,51.46917],[0.11011,51.46958],[0.11072,51.47115],[0.11106,51.47186],[0.11201,51.47304],[0.1134,51.47427],[0.11423,51.47545],[0.1154,51.47609],[0.11688,51.47775],[0.11831,51.47895],[0.1151,51.48173]]]}},{"type":"Feature","properties":{"source_code":"G81614","codes":["G81614"],"label":"GROOMBRIDGE AND HARTFIELD MEDICAL GROUP"},"geometry":{"type":"Polygon","coordinates":[[[0.18541,51.1268],[0.11124,51.05693],[0.08515,51.06815],[0.04257,51.0811],[0.03983,51.08714],[0.00414,51.13714],[0.0563,51.14576],[0.18541,51.1268]]]}},{"type":"Feature","properties":{"source_code":"F82619","codes":["F82619"],"label":"HARLOW ROAD SURGERY"},"geometry":{"type":"Polygon","coordinates":[[[0.16428,51.52621],[0.17561,51.53587],[0.19312,51.54946],[0.21544,51.5434],[0.19587,51.52936],[0.189,51.52113],[0.16428,51.52621]]]}},{"type":"Feature","properties":{"source_code":"G82013","codes":["G82013"],"label":"AMHERST MEDICAL PRACTICE"},"geometry":{"type":"Polygon","coordinates":[[[0.1415,51.31202],[0.15545,51.3121],[0.14361,51.31212],[0.1415,51.31202],[0.13874,51.31201],[0.14575,51.31247],[0.19828,51.31249],[0.22706,51.31115],[0.24005,51.3096],[0.24845,51.30734],[0.25564,51.30565],[0.26013,51.30372],[0.26661,51.29923],[0.27193,51.29234],[0.27227,51.2859],[0.27932,51.27506],[0.27652,51.26527],[0.27382,51.26189],[0.25661,51.25112],[0.22307,51.24106],[0.21535,51.23803],[0.20349,51.23517],[0.18782,51.233],[0.16709,51.23041],[0.1419,51.22968],[0.12678,51.23056],[0.11469,51.23117],[0.09619,51.23765],[0.09058,51.24112],[0.08037,51.24982],[0.08161,51.25452],[0.08479,51.26787],[0.08709,51.27333],[0.08784,51.28101],[0.08986,51.29208],[0.08857,51.29705],[0.08929,51.29942],[0.09208,51.30076],[0.0949,51.30269],[0.09956,51.30498],[0.10669,51.30823],[0.11038,51.30935],[0.11801,51.3102],[0.13418,51.31169],[0.1415,51.31202]]]}},{"type":"Feature","properties":{"source_code":"G82888","codes":["G82888"],"label":"SOUTH PARK MEDICAL PRACTICE"},"geometry":{"type":"Polygon","coordinates":[[[0.22373,51.28841],[0.2224,51.28592],[0.22241,51.28201],[0.22335,51.27657],[0.22642,51.27349],[0.22589,51.27072],[0.23005,51.26535],[0.23004,51.26106],[0.22693,51.25911],[0.21998,51.25659],[0.21302,51.25395],[0.20578,51.24955],[0.20672,51.24814],[0.20663,51.24638],[0.20736,51.24473],[0.20945,51.24229],[0.20997,51.24052],[0.21111,51.23911],[0.21301,51.23693],[0.21576,51.23562],[0.22037,51.23124],[0.2222,51.22768],[0.20231,51.2273],[0.15919,51.22836],[0.13012,51.22927],[0.13147,51.23227],[0.13175,51.23403],[0.12928,51.2371],[0.12841,51.24001],[0.12827,51.2414],[0.12794,51.24292],[0.12802,51.24468],[0.12403,51.24955],[0.12227,51.25487],[0.12137,51.26157],[0.12229,51.26407],[0.12003,51.27168],[0.11711,51.27829],[0.12293,51.27793],[0.12676,51.27824],[0.12999,51.27856],[0.13504,51.2791],[0.1391,51.2799],[0.14258,51.28135],[0.14522,51.28181],[0.14762,51.28164],[0.15042,51.28134],[0.15199,51.28055],[0.15476,51.27949],[0.15797,51.27943],[0.16181,51.27987],[0.16572,51.28181],[0.16859,51.28314],[0.17048,51.28475],[0.1709,51.28524],[0.17215,51.28598],[0.18023,51.28684],[0.18483,51.28637],[0.18969,51.28716],[0.19234,51.28787],[0.19459,51.28871],[0.19659,51.28855],[0.1994,51.28849],[0.20466,51.28915],[0.20931,51.28957],[0.21573,51.28932],[0.21952,51.28874],[0.22373,51.28841]]]}},{"type":"Feature","properties":{"source_code":"F82008","codes":["F82008"],"label":"MAYLANDS HEALTHCARE"},"geometry":{"type":"Polygon","coordinates":[[[0.25612,51.56725],[0.25028,51.5585],[0.24376,51.55231],[0.22556,51.55167],[0.21183,51.5489],[0.20153,51.55295],[0.19123,51.55616],[0.18814,51.56085],[0.18505,51.5664],[0.1926,51.56896],[0.20874,51.56981],[0.21767,51.57003],[0.22797,51.56917],[0.24513,51.56853],[0.25612,51.56725]]]}},{"type":"Feature","properties":{"source_code":"G83062","codes":["G83062"],"label":"SLADE GREEN MEDICAL CTR."},"geometry":{"type":"MultiPolygon","coordinates":[[[[0.18891,51.46422],[0.18078,51.46046],[0.17351,51.4643],[0.15776,51.46609],[0.19381,51.47743],[0.19752,51.47612],[0.20157,51.47319],[0.19827,51.47005],[0.18891,51.46422]]],[[[0.19312,51.47737],[0.15793,51.4662],[0.15956,51.4709],[0.16308,51.47518],[0.16696,51.47638],[0.16579,51.47951],[0.17218,51.479],[0.18273,51.4784],[0.19312,51.47737]]]]}},{"type":"Feature","properties":{"source_code":"F82607","codes":["F82607"],"label":"SOUTH HORNCHURCH MEDICAL PRACTICE"},"geometry":{"type":"Polygon","coordinates":[[[0.21637,51.53025],[0.2229,51.52459],[0.20625,51.51145],[0.19338,51.51893],[0.20475,51.52697],[0.21637,51.53025]]]}},{"type":"Feature","properties":{"source_code":"G82110","codes":["G82110"],"label":"TOWN MEDICAL CENTRE"},"geometry":{"type":"Polygon","coordinates":[[[0.18016,51.24902],[0.1781,51.25042],[0.17621,51.25289],[0.17398,51.25547],[0.17278,51.25805],[0.17261,51.25773],[0.17158,51.26041],[0.17038,51.26471],[0.16763,51.26739],[0.1642,51.26976],[0.15991,51.27319],[0.15562,51.27631],[0.15288,51.27845],[0.14857,51.28152],[0.14523,51.28597],[0.14351,51.28849],[0.14343,51.29086],[0.14789,51.29273],[0.15398,51.29531],[0.16308,51.29815],[0.16471,51.29638],[0.16686,51.29402],[0.16789,51.28871],[0.16883,51.28592],[0.17029,51.2842],[0.17235,51.2857],[0.17467,51.28629],[0.1793,51.28629],[0.18273,51.28608],[0.18702,51.28704],[0.19114,51.28758],[0.19491,51.28865],[0.2004,51.28865],[0.20658,51.28919],[0.21465,51.2893],[0.22168,51.28855],[0.22237,51.28726],[0.22219,51.28565],[0.22219,51.28382],[0.22185,51.28125],[0.22185,51.27813],[0.22494,51.27459],[0.2258,51.27169],[0.22631,51.26922],[0.22786,51.26707],[0.22992,51.26417],[0.23163,51.26181],[0.23249,51.25891],[0.23094,51.25762],[0.22786,51.25751],[0.22511,51.25794],[0.22185,51.25858],[0.21979,51.25708],[0.21585,51.25558],[0.21087,51.25343],[0.20744,51.25096],[0.20452,51.24859],[0.20246,51.25031],[0.19972,51.25149],[0.19646,51.25139],[0.19183,51.25106],[0.18565,51.2501],[0.18016,51.24902]]]}},{"type":"Feature","properties":{"source_code":"G82205","codes":["G82205"],"label":"ST JOHN'S MEDICAL PRACTICE"},"geometry":{"type":"Polygon","coordinates":[[[0.19054,51.31313],[0.2195,51.30926],[0.23311,51.30873],[0.23476,51.27786],[0.23586,51.27523],[0.23621,51.27287],[0.23415,51.26428],[0.23071,51.26149],[0.21801,51.2559],[0.21745,51.25565],[0.21707,51.25534],[0.21533,51.2547],[0.21065,51.2526],[0.2005,51.2458],[0.19435,51.24694],[0.19346,51.24661],[0.19086,51.24754],[0.18608,51.24773],[0.18207,51.25066],[0.17853,51.25192],[0.17716,51.25503],[0.17715,51.25504],[0.17544,51.25697],[0.17406,51.26041],[0.17235,51.26363],[0.17097,51.26686],[0.16823,51.26986],[0.16548,51.27201],[0.16273,51.27309],[0.15965,51.27609],[0.15615,51.27954],[0.15209,51.28039],[0.14591,51.28447],[0.14996,51.28565],[0.14832,51.28726],[0.1466,51.28984],[0.14858,51.28937],[0.14729,51.29113],[0.149,51.29714],[0.16239,51.29885],[0.15553,51.30186],[0.16068,51.30615],[0.16719,51.3113],[0.16892,51.31123],[0.16582,51.31173],[0.19054,51.31313]]]}},{"type":"Feature","properties":{"source_code":"F82028","codes":["F82028"],"label":"WOOD LANE SURGERY"},"geometry":{"type":"Polygon","coordinates":[[[0.1884,51.56549],[0.19423,51.56496],[0.19835,51.56512],[0.20119,51.56464],[0.20411,51.56491],[0.21063,51.56277],[0.21329,51.56304],[0.2108,51.56096],[0.20917,51.55824],[0.2078,51.55482],[0.20565,51.55151],[0.20565,51.55087],[0.20471,51.54948],[0.20265,51.54473],[0.20265,51.54089],[0.1999,51.53742],[0.19835,51.53662],[0.19587,51.53523],[0.19389,51.5348],[0.19166,51.53326],[0.19106,51.53224],[0.19089,51.53043],[0.19089,51.52995],[0.18943,51.52877],[0.18745,51.52765],[0.18471,51.52434],[0.18316,51.5245],[0.18239,51.52402],[0.18136,51.52284],[0.16531,51.52647],[0.16917,51.53096],[0.17853,51.52952],[0.18016,51.53454],[0.18539,51.53769],[0.18557,51.53859],[0.18788,51.54057],[0.18951,51.54281],[0.19192,51.54425],[0.19123,51.54516],[0.18685,51.54682],[0.1914,51.55338],[0.18857,51.55728],[0.18788,51.56005],[0.18977,51.56144],[0.18874,51.56293],[0.1884,51.56549]]]}},{"type":"Feature","properties":{"source_code":"F82627","codes":["F82627"],"label":"RAINHAM HEALTH CENTRE"},"geometry":{"type":"Polygon","coordinates":[[[0.19381,51.51473],[0.19312,51.52252],[0.20668,51.52455],[0.21389,51.51697],[0.20737,51.50682],[0.19381,51.51473]]]}},{"type":"Feature","properties":{"source_code":"F82022","codes":["F82022"],"label":"THE ROSEWOOD MEDICAL CENTRE"},"geometry":{"type":"Polygon","coordinates":[[[0.2005,51.54356],[0.19295,51.52306],[0.19349,51.52321],[0.19349,51.5232],[0.19329,51.52263],[0.17887,51.5348],[0.18127,51.57195],[0.24754,51.55616],[0.22591,51.53203],[0.19349,51.52321],[0.2005,51.54356]]]}},{"type":"Feature","properties":{"source_code":"F82021","codes":["F82021"],"label":"THE NEW MEDICAL CENTRE"},"geometry":{"type":"Polygon","coordinates":[[[0.172,51.58678],[0.17151,51.58976],[0.17386,51.59248],[0.17526,51.59366],[0.17451,51.59527],[0.17476,51.59833],[0.17866,51.60096],[0.20712,51.59699],[0.21418,51.59703],[0.21844,51.59843],[0.2195,51.59878],[0.22049,51.59935],[0.22141,51.60007],[0.22204,51.60088],[0.22195,51.60048],[0.22159,51.60004],[0.22238,51.59985],[0.22311,51.59965],[0.22437,51.59946],[0.2256,51.59937],[0.22642,51.59941],[0.22857,51.59978],[0.23071,51.60037],[0.23146,51.59936],[0.23195,51.59853],[0.2337,51.5991],[0.23527,51.59959],[0.23645,51.59878],[0.2471,51.57958],[0.24775,51.56912],[0.24273,51.56073],[0.24971,51.55581],[0.24923,51.54758],[0.21188,51.54825],[0.20588,51.54891],[0.20545,51.5524],[0.19649,51.54983],[0.18993,51.55111],[0.19071,51.55208],[0.19082,51.55405],[0.18904,51.55602],[0.17562,51.55698],[0.17533,51.56313],[0.17573,51.56645],[0.17424,51.56971],[0.17531,51.57824],[0.17636,51.58168],[0.172,51.58678]]]}},{"type":"Feature","properties":{"source_code":"G82056","codes":["G82056"],"label":"THE WELLCOME PRACTICE"},"geometry":{"type":"MultiPolygon","coordinates":[[[[0.21634,51.44269],[0.21617,51.44272],[0.21636,51.44272],[0.21634,51.44269]]],[[[0.21634,51.44269],[0.21523,51.44043],[0.21545,51.43932],[0.21568,51.43816],[0.21553,51.43712],[0.21584,51.43579],[0.21571,51.4351],[0.21511,51.43413],[0.21555,51.4336],[0.21652,51.43271],[0.21714,51.43212],[0.21867,51.43134],[0.22012,51.43062],[0.22145,51.42938],[0.22464,51.4284],[0.20224,51.4222],[0.19922,51.4268],[0.19776,51.42708],[0.19639,51.42757],[0.19587,51.42833],[0.19387,51.42895],[0.1917,51.43009],[0.19148,51.43125],[0.19031,51.43179],[0.18887,51.43263],[0.18978,51.43232],[0.19088,51.43218],[0.1911,51.43293],[0.19111,51.43322],[0.19145,51.43437],[0.19195,51.43534],[0.19347,51.43601],[0.19526,51.43667],[0.19453,51.43706],[0.19438,51.43773],[0.19376,51.4382],[0.1935,51.43855],[0.19188,51.43951],[0.19145,51.44021],[0.18967,51.43978],[0.18879,51.44072],[0.18791,51.44172],[0.18677,51.44301],[0.18642,51.44342],[0.18561,51.44396],[0.18351,51.44434],[0.181,51.4441],[0.18112,51.44474],[0.18031,51.44527],[0.18026,51.44608],[0.1803,51.44701],[0.18101,51.44821],[0.18133,51.44907],[0.18193,51.45015],[0.18478,51.4497],[0.18748,51.45017],[0.19205,51.45095],[0.19632,51.45116],[0.20123,51.45124],[0.205,51.45076],[0.20976,51.44981],[0.21334,51.44922],[0.21352,51.44904],[0.21347,51.44812],[0.21352,51.44719],[0.21331,51.44656],[0.21273,51.44617],[0.21259,51.44519],[0.21238,51.44467],[0.21213,51.44329],[0.21295,51.44304],[0.21497,51.44271],[0.21634,51.44269]]]]}},{"type":"Feature","properties":{"source_code":"G82185","codes":["G82185"],"label":"REDWOOD PRACTICE"},"geometry":{"type":"Polygon","coordinates":[[[0.20486,51.4562],[0.20526,51.45582],[0.20743,51.45482],[0.20923,51.45336],[0.21044,51.45216],[0.21158,51.45108],[0.2125,51.45064],[0.21399,51.44981],[0.21343,51.44711],[0.21316,51.44685],[0.21279,51.44622],[0.21248,51.44495],[0.21244,51.44416],[0.21248,51.44325],[0.2145,51.44295],[0.21645,51.44281],[0.21563,51.44171],[0.21516,51.44071],[0.21552,51.43942],[0.21579,51.43798],[0.21575,51.43698],[0.21609,51.43527],[0.21527,51.43417],[0.21607,51.4332],[0.21528,51.43268],[0.21336,51.43155],[0.2123,51.43067],[0.21192,51.42982],[0.21068,51.42889],[0.2079,51.42947],[0.20303,51.43052],[0.19799,51.43194],[0.19496,51.43248],[0.19235,51.43295],[0.18879,51.43318],[0.18618,51.43365],[0.1834,51.43429],[0.17997,51.43542],[0.17917,51.43644],[0.17928,51.43692],[0.18057,51.43732],[0.18512,51.43851],[0.18547,51.4385],[0.18513,51.43851],[0.18512,51.43851],[0.18505,51.43851],[0.18105,51.44023],[0.18063,51.44215],[0.18035,51.44327],[0.18058,51.44465],[0.18001,51.44524],[0.17998,51.44636],[0.18019,51.44715],[0.18121,51.44899],[0.1817,51.45026],[0.18026,51.4505],[0.17945,51.45115],[0.1788,51.45191],[0.17959,51.45237],[0.18014,51.45316],[0.18305,51.45358],[0.18699,51.45414],[0.1893,51.45447],[0.19109,51.4546],[0.19288,51.45467],[0.19434,51.45502],[0.19522,51.45553],[0.19594,51.45647],[0.19687,51.4564],[0.19916,51.4562],[0.20128,51.45616],[0.20308,51.45639],[0.20486,51.4562]]]}},{"type":"Feature","properties":{"source_code":"F82649","codes":["F82649"],"label":"BERWICK SURGERY"},"geometry":{"type":"Polygon","coordinates":[[[0.26917,51.57494],[0.2623,51.51344],[0.17784,51.51515],[0.1442,51.59669],[0.26917,51.57494]]]}},{"type":"Feature","properties":{"source_code":"G82048","codes":["G82048"],"label":"HORSMAN'S PLACE SURGERY"},"geometry":{"type":"Polygon","coordinates":[[[0.2332,51.45838],[0.23569,51.45772],[0.23895,51.45638],[0.24138,51.45458],[0.24323,51.45296],[0.24642,51.45491],[0.24871,51.45646],[0.25217,51.45698],[0.25491,51.45652],[0.25681,51.45614],[0.26,51.45452],[0.26337,51.45244],[0.26729,51.4526],[0.27073,51.45294],[0.27411,51.45235],[0.27597,51.45175],[0.27803,51.45148],[0.27913,51.45355],[0.28131,51.454],[0.28358,51.45399],[0.286,51.454],[0.28856,51.45413],[0.29124,51.45456],[0.29308,51.45566],[0.29431,51.45433],[0.29463,51.45284],[0.29578,51.45095],[0.2957,51.45028],[0.29728,51.44997],[0.29754,51.44963],[0.29571,51.44853],[0.29448,51.4486],[0.29362,51.44889],[0.29177,51.44838],[0.29031,51.44631],[0.28955,51.4458],[0.29072,51.44511],[0.29078,51.44432],[0.29043,51.44371],[0.28929,51.44371],[0.28848,51.44322],[0.28765,51.44307],[0.28694,51.4429],[0.282,51.44307],[0.28009,51.43943],[0.27904,51.43526],[0.28084,51.43154],[0.28323,51.43013],[0.28273,51.4289],[0.28271,51.42829],[0.28312,51.42773],[0.28492,51.4283],[0.28606,51.42862],[0.2877,51.42874],[0.29001,51.42827],[0.29062,51.42886],[0.29168,51.42935],[0.29093,51.43036],[0.29128,51.43041],[0.29166,51.43035],[0.29278,51.42859],[0.29435,51.42728],[0.29491,51.42826],[0.29601,51.42862],[0.29558,51.42972],[0.2939,51.43014],[0.29593,51.43027],[0.29856,51.42922],[0.29757,51.42905],[0.29808,51.42836],[0.29826,51.42688],[0.2977,51.42611],[0.29633,51.42534],[0.29421,51.42639],[0.29264,51.42797],[0.29148,51.42725],[0.29047,51.42655],[0.29108,51.4252],[0.2922,51.42471],[0.29169,51.42432],[0.29122,51.42339],[0.2897,51.42321],[0.2907,51.42112],[0.29023,51.42016],[0.29021,51.41899],[0.29089,51.41829],[0.2927,51.41714],[0.29346,51.41633],[0.29353,51.41549],[0.29357,51.41378],[0.29483,51.41279],[0.29657,51.41314],[0.29741,51.41295],[0.29512,51.4125],[0.29601,51.41126],[0.29649,51.41044],[0.29823,51.40985],[0.29909,51.40953],[0.29909,51.40847],[0.29845,51.40579],[0.29803,51.40335],[0.29723,51.40118],[0.29685,51.40008],[0.28732,51.39912],[0.28394,51.39993],[0.27627,51.40237],[0.27068,51.40252],[0.2638,51.40229],[0.25265,51.40178],[0.24461,51.4009],[0.24329,51.40086],[0.24144,51.4009],[0.24015,51.40105],[0.23851,51.40111],[0.23824,51.40161],[0.23831,51.40179],[0.23826,51.40231],[0.23767,51.40324],[0.23728,51.4075],[0.23694,51.40848],[0.23638,51.40938],[0.2357,51.41055],[0.23528,51.41172],[0.23506,51.4124],[0.23413,51.41207],[0.23285,51.41257],[0.23097,51.41258],[0.22638,51.41268],[0.22606,51.41377],[0.22345,51.4135],[0.22109,51.4135],[0.22,51.41384],[0.21865,51.41376],[0.21698,51.41311],[0.21023,51.41297],[0.20698,51.4132],[0.20536,51.41304],[0.20258,51.41294],[0.2004,51.41324],[0.19708,51.41309],[0.18645,51.40722],[0.1847,51.40679],[0.18268,51.40675],[0.1788,51.40778],[0.17307,51.4113],[0.17265,51.41307],[0.17768,51.41469],[0.17748,51.41582],[0.17519,51.41706],[0.17336,51.42014],[0.17123,51.41917],[0.17007,51.41796],[0.1661,51.41992],[0.16292,51.42137],[0.16115,51.42653],[0.1667,51.43011],[0.16142,51.43074],[0.16049,51.43266],[0.16032,51.43684],[0.1588,51.43796],[0.1593,51.43911],[0.15944,51.43928],[0.15962,51.43972],[0.16191,51.4411],[0.1666,51.44144],[0.17175,51.44486],[0.17228,51.44634],[0.17573,51.44768],[0.17369,51.44961],[0.17706,51.45004],[0.17644,51.45154],[0.17699,51.4524],[0.17573,51.45354],[0.17456,51.45382],[0.17454,51.45759],[0.18059,51.46417],[0.18735,51.46448],[0.1972,51.45708],[0.20359,51.45661],[0.20667,51.45839],[0.21039,51.45914],[0.21444,51.45929],[0.21882,51.45933],[0.21946,51.45965],[0.21853,51.46088],[0.21796,51.46214],[0.21672,51.46331],[0.21564,51.46493],[0.21605,51.46667],[0.21608,51.46714],[0.21734,51.46645],[0.21886,51.46664],[0.22087,51.46664],[0.22551,51.46615],[0.22592,51.4647],[0.22768,51.46468],[0.23122,51.4646],[0.23285,51.46422],[0.23202,51.4631],[0.23228,51.46093],[0.23283,51.46027],[0.2332,51.45838]]]}},{"type":"Feature","properties":{"source_code":"G82143","codes":["G82143"],"label":"LOWFIELD MEDICAL CENTRE"},"geometry":{"type":"MultiPolygon","coordinates":[[[[0.20737,51.44615],[0.20556,51.44637],[0.20391,51.44659],[0.20292,51.44688],[0.20737,51.44615]]],[[[0.20292,51.44688],[0.19572,51.44807],[0.19567,51.44808],[0.2021,51.44712],[0.20292,51.44688]]],[[[0.19567,51.44808],[0.19561,51.44809],[0.18938,51.44911],[0.19446,51.44826],[0.19561,51.44809],[0.19572,51.44807],[0.20355,51.44664],[0.20391,51.44659],[0.20403,51.44655],[0.20556,51.44637],[0.20816,51.44602],[0.20737,51.44615],[0.20998,51.44583],[0.21203,51.44518],[0.21264,51.44524],[0.21306,51.44638],[0.21358,51.44706],[0.2154,51.44679],[0.21953,51.44633],[0.21973,51.44541],[0.2203,51.44456],[0.22161,51.44385],[0.22222,51.44392],[0.22452,51.44349],[0.22719,51.44298],[0.22876,51.44265],[0.23543,51.44183],[0.24123,51.44058],[0.24668,51.43964],[0.25359,51.43851],[0.25576,51.43801],[0.25488,51.43749],[0.25412,51.43682],[0.25282,51.43532],[0.25181,51.43458],[0.25115,51.4336],[0.25028,51.43323],[0.24859,51.43113],[0.24791,51.42977],[0.24809,51.42847],[0.24901,51.42738],[0.24754,51.42733],[0.24448,51.42701],[0.2419,51.42683],[0.23918,51.42604],[0.23751,51.42424],[0.23598,51.42297],[0.23418,51.42118],[0.23281,51.42052],[0.23193,51.42015],[0.20175,51.41935],[0.20244,51.42109],[0.20285,51.42192],[0.20205,51.42308],[0.20089,51.42448],[0.20108,51.42585],[0.20111,51.42646],[0.20125,51.42684],[0.19915,51.42634],[0.19658,51.42624],[0.19436,51.42574],[0.19167,51.42564],[0.18996,51.42567],[0.18774,51.42518],[0.18594,51.42575],[0.18317,51.42656],[0.18126,51.42744],[0.17981,51.42785],[0.18074,51.42928],[0.18067,51.4305],[0.18073,51.4318],[0.18272,51.43245],[0.18556,51.43324],[0.18546,51.43866],[0.18585,51.43918],[0.18771,51.43976],[0.18821,51.44005],[0.18685,51.44229],[0.18544,51.44346],[0.18403,51.44456],[0.18914,51.44927],[0.19567,51.44808]]]]}},{"type":"Feature","properties":{"source_code":"F82624","codes":["F82624"],"label":"ST GEORGES COUNTRY PARK SURGERY"},"geometry":{"type":"Polygon","coordinates":[[[0.23225,51.55147],[0.23256,51.55157],[0.23209,51.55145],[0.23225,51.55147],[0.23151,51.55123],[0.22945,51.55118],[0.22921,51.54983],[0.22835,51.54943],[0.22698,51.54906],[0.22483,51.5485],[0.22312,51.54783],[0.2214,51.54868],[0.2202,51.54938],[0.2181,51.54972],[0.21831,51.55087],[0.21852,51.5525],[0.22016,51.55576],[0.2205,51.55682],[0.22033,51.55773],[0.22084,51.56093],[0.22024,51.56245],[0.21955,51.57003],[0.22402,51.57029],[0.23695,51.57017],[0.23767,51.57023],[0.24172,51.57007],[0.24245,51.56997],[0.24288,51.56968],[0.24374,51.5696],[0.24153,51.56288],[0.24114,51.56228],[0.24316,51.56012],[0.24322,51.55977],[0.24241,51.55964],[0.24198,51.55892],[0.24166,51.55826],[0.24063,51.55806],[0.23996,51.55673],[0.23966,51.55494],[0.23994,51.55342],[0.23917,51.55183],[0.23921,51.54987],[0.23666,51.54942],[0.23721,51.56105],[0.23657,51.5494],[0.23417,51.54844],[0.23337,51.54866],[0.23273,51.55085],[0.2326,51.5515],[0.23234,51.55145],[0.23256,51.55151],[0.23225,51.55147]]]}},{"type":"Feature","properties":{"source_code":"G81043","codes":["G81043"],"label":"ROTHERFIELD SURGERY"},"geometry":{"type":"Polygon","coordinates":[[[0.26642,51.09576],[0.27191,51.09619],[0.30487,51.09404],[0.30212,51.05952],[0.25612,51.02196],[0.23209,51.0103],[0.21561,50.99561],[0.15587,50.99518],[0.13527,51.00727],[0.10918,51.00641],[0.11673,51.0388],[0.16342,51.06125],[0.22385,51.09964],[0.26642,51.09576]]]}},{"type":"Feature","properties":{"source_code":"F82609","codes":["F82609"],"label":"SUTTONS AVENUE SURGERY"},"geometry":{"type":"Polygon","coordinates":[[[0.20844,51.54295],[0.20844,51.543],[0.2083,51.54313],[0.20829,51.54328],[0.20848,51.54361],[0.20883,51.54413],[0.21007,51.54608],[0.21038,51.54656],[0.21046,51.54705],[0.21033,51.54759],[0.20998,51.54847],[0.21041,51.54951],[0.21029,51.5511],[0.20773,51.55313],[0.20714,51.55388],[0.20737,51.55445],[0.20887,51.55846],[0.20966,51.5594],[0.21029,51.5604],[0.21063,51.56098],[0.21111,51.56145],[0.21232,51.56237],[0.21294,51.56283],[0.21344,51.56289],[0.21441,51.56295],[0.21664,51.56299],[0.21994,51.56227],[0.22061,51.56173],[0.22114,51.56104],[0.22095,51.56036],[0.22155,51.56036],[0.22192,51.56036],[0.22238,51.56034],[0.22292,51.56029],[0.22286,51.55926],[0.22273,51.55841],[0.22264,51.55754],[0.22247,51.55668],[0.22349,51.55684],[0.22424,51.55704],[0.22601,51.55744],[0.229,51.55802],[0.22988,51.55641],[0.23003,51.55625],[0.23014,51.55601],[0.23027,51.55541],[0.23024,51.55431],[0.23015,51.55313],[0.2311,51.55226],[0.23286,51.55077],[0.22985,51.55004],[0.22693,51.54909],[0.22345,51.54807],[0.22202,51.54673],[0.2192,51.54518],[0.21536,51.54437],[0.21367,51.54265],[0.21303,51.54205],[0.21269,51.54204],[0.21248,51.54206],[0.21207,51.54222],[0.21153,51.54232],[0.20844,51.54295]]]}},{"type":"Feature","properties":{"source_code":"F82675","codes":["F82675"],"label":"BILLET LANE MEDICAL PRACTICE"},"geometry":{"type":"Polygon","coordinates":[[[0.23243,51.55018],[0.19054,51.55167],[0.19535,51.57899],[0.2211,51.58432],[0.23243,51.55018]]]}},{"type":"Feature","properties":{"source_code":"F82055","codes":["F82055"],"label":"HORNCHURCH HEALTHCARE"},"geometry":{"type":"Polygon","coordinates":[[[0.18711,51.58176],[0.21183,51.59222],[0.25646,51.57771],[0.24822,51.5553],[0.23655,51.55914],[0.20084,51.54996],[0.1902,51.57323],[0.19363,51.57387],[0.18711,51.58176]]]}},{"type":"Feature","properties":{"source_code":"F82023","codes":["F82023"],"label":"HIGH STREET SURGERY"},"geometry":{"type":"Polygon","coordinates":[[[0.23659,51.55896],[0.21947,51.55423],[0.20549,51.55128],[0.20871,51.5569],[0.21125,51.56273],[0.20582,51.5645],[0.20692,51.56798],[0.2074,51.57184],[0.2115,51.57406],[0.21526,51.58535],[0.22174,51.58787],[0.23292,51.58163],[0.25731,51.57707],[0.25663,51.56817],[0.24994,51.55935],[0.24033,51.55917],[0.23659,51.55896]]]}},{"type":"Feature","properties":{"source_code":"G82152","codes":["G82152"],"label":"RUSTHALL MEDICAL PRACTICE"},"geometry":{"type":"Polygon","coordinates":[[[0.25013,51.12511],[0.24798,51.12453],[0.24353,51.12379],[0.23744,51.12324],[0.22609,51.12288],[0.2177,51.12233],[0.21183,51.12352],[0.20671,51.12532],[0.205,51.12551],[0.20315,51.12663],[0.20169,51.12922],[0.20129,51.13056],[0.20115,51.13168],[0.20166,51.13428],[0.20278,51.13687],[0.20398,51.13867],[0.20529,51.13985],[0.20684,51.14194],[0.20998,51.14412],[0.21206,51.14503],[0.21336,51.14596],[0.21685,51.14726],[0.21871,51.14752],[0.22035,51.14749],[0.22333,51.14772],[0.22829,51.14804],[0.2349,51.14837],[0.23759,51.14815],[0.24028,51.14785],[0.24254,51.14694],[0.24542,51.14522],[0.24949,51.14349],[0.25161,51.14237],[0.25411,51.14087],[0.25452,51.13995],[0.25509,51.13932],[0.25595,51.13818],[0.25793,51.13677],[0.26009,51.13524],[0.26035,51.13519],[0.25962,51.13367],[0.25851,51.13113],[0.25938,51.12999],[0.26124,51.129],[0.26143,51.12883],[0.26018,51.12757],[0.25883,51.12685],[0.25423,51.12582],[0.24957,51.12491],[0.25013,51.12511]]]}},{"type":"Feature","properties":{"source_code":"F82033","codes":["F82033"],"label":"DR VM PATEL"},"geometry":{"type":"Polygon","coordinates":[[[0.24496,51.57699],[0.24114,51.57507],[0.23616,51.57406],[0.23732,51.57208],[0.2372,51.57213],[0.23797,51.57115],[0.23788,51.57011],[0.24127,51.57013],[0.24264,51.56987],[0.23985,51.56784],[0.23591,51.56608],[0.23453,51.56339],[0.23578,51.56403],[0.24127,51.56243],[0.23762,51.55845],[0.23462,51.55202],[0.22771,51.54895],[0.22282,51.54772],[0.21938,51.54964],[0.21788,51.54986],[0.21951,51.55447],[0.22016,51.55565],[0.2178,51.55578],[0.20788,51.55565],[0.20951,51.5593],[0.21076,51.56085],[0.21286,51.56285],[0.21059,51.56277],[0.20355,51.56493],[0.20282,51.56485],[0.20247,51.5704],[0.2005,51.57438],[0.2032,51.57448],[0.20586,51.57536],[0.20805,51.57808],[0.21067,51.57598],[0.21157,51.57488],[0.21338,51.5748],[0.21629,51.57355],[0.21784,51.57366],[0.21908,51.57947],[0.22003,51.58067],[0.22342,51.5795],[0.22539,51.57816],[0.22683,51.5766],[0.22934,51.57752],[0.23106,51.57667],[0.23196,51.57758],[0.2347,51.57838],[0.23264,51.58224],[0.23316,51.58248],[0.23964,51.57958],[0.24556,51.57888],[0.24496,51.57699]]]}},{"type":"Feature","properties":{"source_code":"G82647","codes":["G82647"],"label":"TEMPLE HILL SURGERY"},"geometry":{"type":"MultiPolygon","coordinates":[[[[0.3059,51.36899],[0.30933,51.33662],[0.30968,51.33361],[0.23071,51.32847],[0.23037,51.32696],[0.22488,51.33404],[0.22659,51.34863],[0.22007,51.35913],[0.2132,51.36664],[0.2084,51.36492],[0.22213,51.38314],[0.30693,51.39899],[0.3059,51.36899]]],[[[0.31951,51.44264],[0.31951,51.44264],[0.31955,51.44256],[0.31951,51.44264]]],[[[0.31951,51.44264],[0.31794,51.44567],[0.31981,51.44267],[0.31951,51.44264]]],[[[0.3123,51.45172],[0.30951,51.45406],[0.31294,51.45123],[0.3123,51.45172]]],[[[0.3017,51.45902],[0.30127,51.4593],[0.30178,51.45898],[0.3017,51.45902]]],[[[0.3017,51.45902],[0.30933,51.45401],[0.3123,51.45172],[0.31672,51.44802],[0.31794,51.44567],[0.31646,51.44804],[0.31951,51.44264],[0.26196,51.43689],[0.24346,51.44256],[0.24033,51.44256],[0.23329,51.4416],[0.22591,51.44288],[0.22161,51.44374],[0.21921,51.44534],[0.21784,51.44823],[0.21355,51.44994],[0.21097,51.45123],[0.20874,51.45358],[0.20685,51.45508],[0.20411,51.45647],[0.20634,51.45764],[0.20823,51.45871],[0.21046,51.45903],[0.21183,51.45903],[0.21544,51.45903],[0.21749,51.45914],[0.23552,51.47176],[0.23981,51.46941],[0.24513,51.46673],[0.2544,51.46246],[0.26075,51.46053],[0.26487,51.45786],[0.26917,51.4554],[0.27414,51.45411],[0.27806,51.45336],[0.27809,51.45358],[0.29148,51.45486],[0.30144,51.45914],[0.3017,51.45902]]],[[[0.2774,51.45048],[0.27764,51.4502],[0.2778,51.45139],[0.2774,51.45048]]],[[[0.275,51.4478],[0.27209,51.44706],[0.27328,51.44716],[0.27568,51.44791],[0.275,51.4478]]],[[[0.26436,51.44652],[0.26332,51.44633],[0.26722,51.44665],[0.26436,51.44652]]],[[[0.25509,51.44459],[0.25131,51.44352],[0.252,51.44352],[0.26249,51.44617],[0.25972,51.44566],[0.25509,51.44459]]],[[[0.25131,51.44352],[0.24822,51.44395],[0.24599,51.44374],[0.24564,51.44352],[0.25131,51.44352]]]]}},{"type":"Feature","properties":{"source_code":"Y00033","codes":["Y00033"],"label":"PURFLEET CARE CENTRE"},"geometry":{"type":"MultiPolygon","coordinates":[[[[0.2491,51.4978],[0.24126,51.49756],[0.23714,51.49703],[0.24606,51.49852],[0.2491,51.4978]]],[[[0.2491,51.4978],[0.26563,51.49831],[0.24967,51.49767],[0.2491,51.4978]]],[[[0.24445,51.4909],[0.25217,51.49026],[0.25801,51.49197],[0.26213,51.49496],[0.26608,51.49677],[0.26951,51.49645],[0.26814,51.48812],[0.26831,51.48716],[0.27277,51.48876],[0.27346,51.48502],[0.27809,51.48384],[0.28341,51.48341],[0.28513,51.48288],[0.2877,51.48074],[0.29826,51.48218],[0.29826,51.47834],[0.29881,51.4755],[0.29912,51.47181],[0.2974,51.47123],[0.28856,51.46695],[0.2829,51.4616],[0.28135,51.46096],[0.27225,51.46149],[0.24994,51.4709],[0.23191,51.48149],[0.22779,51.48448],[0.21767,51.48801],[0.21046,51.48929],[0.2084,51.49613],[0.21801,51.50051],[0.22882,51.49913],[0.23346,51.49838],[0.23655,51.4971],[0.24445,51.4909]]]]}},{"type":"Feature","properties":{"source_code":"G82006","codes":["G82006"],"label":"DR CJ SHIMMINS & PARTNERS"},"geometry":{"type":"Polygon","coordinates":[[[0.26238,51.45826],[0.26889,51.45566],[0.27941,51.45447],[0.28589,51.45452],[0.29152,51.45569],[0.2953,51.45488],[0.29432,51.4528],[0.29612,51.45089],[0.29453,51.45063],[0.29294,51.45046],[0.2874,51.45017],[0.28518,51.44992],[0.28122,51.4496],[0.27819,51.44907],[0.27894,51.44827],[0.28013,51.44686],[0.28098,51.44497],[0.28155,51.44358],[0.28387,51.44265],[0.28671,51.44269],[0.29282,51.44178],[0.29573,51.44005],[0.30217,51.43933],[0.30844,51.43862],[0.3122,51.43891],[0.31353,51.43931],[0.31678,51.4349],[0.31677,51.43155],[0.30173,51.43056],[0.29816,51.4256],[0.28727,51.42226],[0.27249,51.42009],[0.26048,51.41657],[0.25245,51.41645],[0.24827,51.41601],[0.2428,51.41622],[0.22772,51.41759],[0.21812,51.41807],[0.21249,51.41906],[0.20403,51.41943],[0.20182,51.42019],[0.19927,51.42127],[0.19572,51.42451],[0.19164,51.42843],[0.19092,51.43318],[0.19093,51.43328],[0.18935,51.43656],[0.18939,51.43745],[0.18666,51.43977],[0.18232,51.44133],[0.18267,51.44537],[0.18369,51.44702],[0.18648,51.44914],[0.18812,51.45039],[0.19325,51.45217],[0.19794,51.45435],[0.20312,51.45712],[0.20328,51.45701],[0.20701,51.46247],[0.21535,51.46578],[0.22644,51.46749],[0.22835,51.46708],[0.23027,51.46667],[0.23565,51.4637],[0.24999,51.46313],[0.25793,51.46071],[0.26238,51.45826]]]}},{"type":"Feature","properties":{"source_code":"G82212","codes":["G82212"],"label":"PILGRIMS WAY SURGERY"},"geometry":{"type":"Polygon","coordinates":[[[0.24192,51.45418],[0.24271,51.45266],[0.24221,51.45299],[0.24337,51.4521],[0.24515,51.45315],[0.24857,51.4561],[0.25206,51.45689],[0.25632,51.45584],[0.25903,51.45493],[0.26084,51.45317],[0.26391,51.45246],[0.2684,51.45259],[0.27271,51.45251],[0.27696,51.45135],[0.27747,51.45112],[0.27859,51.44949],[0.27989,51.44784],[0.28216,51.445],[0.28136,51.44275],[0.28003,51.4403],[0.27866,51.43699],[0.27766,51.43431],[0.27214,51.4203],[0.25993,51.41386],[0.24682,51.41347],[0.24098,51.41326],[0.22365,51.41208],[0.21317,51.41604],[0.20243,51.42196],[0.1952,51.42576],[0.20218,51.43823],[0.2058,51.43816],[0.207,51.43803],[0.20958,51.43809],[0.21595,51.43776],[0.22003,51.44371],[0.22303,51.44861],[0.22482,51.44998],[0.22645,51.45167],[0.22529,51.45266],[0.22395,51.45344],[0.22189,51.45359],[0.21957,51.45924],[0.22839,51.45961],[0.23196,51.45846],[0.23705,51.45675],[0.24192,51.45418]]]}},{"type":"Feature","properties":{"source_code":"G81004","codes":["G81004"],"label":"DOWNLANDS MEDICAL CENTRE"},"geometry":{"type":"Polygon","coordinates":[[[0.25414,50.85353],[0.25401,50.85342],[0.2532,50.84653],[0.25335,50.84654],[0.25595,50.84755],[0.25506,50.84659],[0.28702,50.84757],[0.29457,50.83153],[0.29157,50.81732],[0.27494,50.81659],[0.26778,50.80364],[0.26633,50.79471],[0.26326,50.79307],[0.25735,50.79475],[0.25582,50.79244],[0.25283,50.79056],[0.2447,50.78882],[0.23794,50.79277],[0.24147,50.79763],[0.24655,50.80216],[0.21516,50.80212],[0.20856,50.81664],[0.20974,50.81692],[0.20887,50.81675],[0.21135,50.83414],[0.21123,50.83424],[0.24267,50.84408],[0.24164,50.84583],[0.24123,50.84606],[0.24129,50.8461],[0.24118,50.84616],[0.24142,50.84617],[0.24144,50.84618],[0.2414,50.84625],[0.24153,50.84624],[0.25376,50.85331],[0.25402,50.85353],[0.25401,50.85346],[0.25414,50.85353]],[[0.24364,50.84474],[0.24364,50.84474],[0.24288,50.84409],[0.24428,50.84422],[0.2435,50.84462],[0.24364,50.84474],[0.24401,50.84453],[0.24364,50.84474],[0.24364,50.84474]],[[0.24289,50.84402],[0.24459,50.84313],[0.24486,50.84323],[0.24289,50.84402]],[[0.24497,50.84319],[0.24465,50.8431],[0.2647,50.83261],[0.24937,50.84144],[0.24497,50.84319]],[[0.22965,50.81901],[0.2297,50.81899],[0.22968,50.81901],[0.22965,50.81901],[0.22956,50.81904],[0.22961,50.819],[0.22965,50.81901]],[[0.22982,50.81888],[0.22976,50.81887],[0.23018,50.81852],[0.22982,50.81888],[0.22983,50.81888],[0.22973,50.81896],[0.22982,50.81888]],[[0.23103,50.81781],[0.23672,50.81309],[0.2308,50.81806],[0.23103,50.81781]]]}},{"type":"Feature","properties":{"source_code":"D82026","codes":["D82026"],"label":"LAKENHAM SURGERY"},"geometry":{"type":"Polygon","coordinates":[[[1.25966,52.62952],[1.25862,52.63707],[1.27536,52.64067],[1.27948,52.65124],[1.28283,52.65285],[1.28626,52.65264],[1.29241,52.65161],[1.29546,52.65057],[1.2979,52.65042],[1.3009,52.65005],[1.30275,52.64958],[1.30438,52.64875],[1.30571,52.6481],[1.30657,52.64867],[1.30704,52.64919],[1.3079,52.64982],[1.30867,52.65042],[1.30966,52.65086],[1.31064,52.65159],[1.31193,52.65099],[1.31274,52.65021],[1.31442,52.64914],[1.3157,52.64854],[1.31793,52.64742],[1.32042,52.6462],[1.32424,52.64419],[1.32664,52.64268],[1.32776,52.64154],[1.3278,52.64125],[1.32823,52.6401],[1.32892,52.63677],[1.3287,52.63549],[1.32874,52.63266],[1.32874,52.63013],[1.32703,52.62854],[1.32604,52.62802],[1.32587,52.62737],[1.32591,52.62659],[1.32587,52.62562],[1.32617,52.62474],[1.32621,52.62414],[1.32621,52.62328],[1.32643,52.62218],[1.329,52.62059],[1.32561,52.60989],[1.32583,52.60921],[1.31952,52.60546],[1.31086,52.60207],[1.29902,52.5973],[1.28846,52.5931],[1.27559,52.58841],[1.2635,52.59284],[1.25788,52.59487],[1.2517,52.59722],[1.25089,52.5993],[1.2475,52.60027],[1.24737,52.59993],[1.24269,52.60123],[1.24128,52.60024],[1.23806,52.60188],[1.23686,52.60183],[1.23604,52.60136],[1.2345,52.60089],[1.23381,52.60129],[1.2336,52.60157],[1.23261,52.60366],[1.23351,52.60386],[1.23115,52.60517],[1.22905,52.60618],[1.22789,52.60817],[1.22978,52.6102],[1.2318,52.61176],[1.23231,52.61226],[1.23334,52.61445],[1.24909,52.6153],[1.24789,52.61819],[1.24703,52.62053],[1.24841,52.62353],[1.24871,52.62858],[1.25966,52.62952]]]}},{"type":"Feature","properties":{"source_code":"G82037","codes":["G82037"],"label":"HILDENBOROUGH MEDICAL GROUP"},"geometry":{"type":"MultiPolygon","coordinates":[[[[0.31558,51.24945],[0.31279,51.25359],[0.31975,51.24377],[0.31558,51.24945]]],[[[0.22037,51.2716],[0.22522,51.2717],[0.22897,51.27147],[0.23336,51.27129],[0.23732,51.27137],[0.24186,51.27132],[0.24414,51.2713],[0.24818,51.27144],[0.25379,51.27144],[0.26304,51.27094],[0.2683,51.27098],[0.27188,51.2706],[0.27593,51.27026],[0.27881,51.26977],[0.28129,51.26968],[0.28274,51.26948],[0.28512,51.26929],[0.28773,51.2691],[0.29025,51.26844],[0.29435,51.26657],[0.29846,51.26469],[0.30008,51.26393],[0.30222,51.26322],[0.30499,51.262],[0.30837,51.26077],[0.30868,51.25971],[0.31256,51.25356],[0.31558,51.24945],[0.31768,51.24633],[0.31959,51.24383],[0.32022,51.24327],[0.32071,51.24284],[0.32126,51.24254],[0.32215,51.24176],[0.32228,51.24157],[0.32393,51.23986],[0.32413,51.23986],[0.32684,51.23746],[0.32998,51.23601],[0.33286,51.23387],[0.33209,51.23227],[0.33295,51.23111],[0.33159,51.2289],[0.3323,51.22793],[0.33435,51.22433],[0.33644,51.22369],[0.34339,51.21509],[0.34507,51.20995],[0.33452,51.20195],[0.32947,51.20116],[0.32553,51.19945],[0.32245,51.19957],[0.30652,51.2009],[0.29835,51.20132],[0.29171,51.19742],[0.288,51.19696],[0.28614,51.19547],[0.28428,51.1956],[0.28089,51.19462],[0.27228,51.19579],[0.26612,51.19746],[0.26252,51.1964],[0.26129,51.19698],[0.26002,51.1966],[0.25843,51.19747],[0.25726,51.19734],[0.25642,51.19704],[0.2555,51.19654],[0.25443,51.19573],[0.25159,51.19456],[0.24864,51.19317],[0.246,51.19227],[0.23175,51.19331],[0.23118,51.19193],[0.22817,51.19067],[0.22609,51.19154],[0.22528,51.19081],[0.22494,51.19079],[0.22375,51.1913],[0.22317,51.19032],[0.22261,51.1903],[0.22227,51.19021],[0.22113,51.18912],[0.21891,51.18878],[0.21579,51.1869],[0.21288,51.18585],[0.21146,51.1847],[0.20892,51.18379],[0.20702,51.18246],[0.20708,51.18088],[0.20805,51.17953],[0.20725,51.17824],[0.20796,51.17721],[0.20793,51.17673],[0.20607,51.17651],[0.2062,51.17612],[0.20751,51.17552],[0.20514,51.17236],[0.20308,51.17121],[0.20265,51.17138],[0.20239,51.17246],[0.2018,51.1727],[0.20104,51.17258],[0.20045,51.17288],[0.20041,51.17326],[0.1992,51.17328],[0.19918,51.17384],[0.19866,51.17483],[0.19707,51.17539],[0.19671,51.17483],[0.19521,51.17518],[0.19463,51.17501],[0.19459,51.17452],[0.19398,51.17385],[0.1926,51.17354],[0.19009,51.1733],[0.18713,51.17292],[0.18105,51.17202],[0.17106,51.17261],[0.16256,51.17313],[0.15282,51.17465],[0.1488,51.17557],[0.14344,51.17708],[0.13827,51.17895],[0.13315,51.18266],[0.1294,51.18678],[0.12764,51.1889],[0.12665,51.19109],[0.12544,51.19588],[0.12347,51.19884],[0.12189,51.20073],[0.12405,51.20376],[0.12613,51.20789],[0.12771,51.21107],[0.13317,51.2192],[0.13569,51.22201],[0.13808,51.22515],[0.146,51.23033],[0.14998,51.23535],[0.15622,51.24132],[0.15947,51.24476],[0.16147,51.24704],[0.16377,51.24897],[0.16418,51.24954],[0.17561,51.25553],[0.17686,51.25679],[0.17749,51.25818],[0.17755,51.25954],[0.17779,51.26069],[0.17962,51.26182],[0.18111,51.26294],[0.18674,51.26569],[0.1886,51.26605],[0.19037,51.26592],[0.19186,51.26641],[0.19353,51.26631],[0.1996,51.26846],[0.20488,51.26935],[0.21306,51.27088],[0.21254,51.27069],[0.22037,51.2716]]]]}},{"type":"Feature","properties":{"source_code":"F82002","codes":["F82002"],"label":"HAIDERIAN MEDICAL CENTRE"},"geometry":{"type":"Polygon","coordinates":[[[0.22998,51.55562],[0.2389,51.55946],[0.24556,51.55936],[0.24299,51.56131],[0.24247,51.56328],[0.24696,51.56661],[0.26067,51.57835],[0.27204,51.57534],[0.27174,51.57499],[0.27423,51.57243],[0.27183,51.57189],[0.27097,51.56853],[0.272,51.56256],[0.2762,51.55615],[0.2726,51.54916],[0.28186,51.54143],[0.28024,51.54212],[0.27758,51.5418],[0.26805,51.54089],[0.25663,51.54078],[0.24329,51.54],[0.23916,51.5416],[0.23483,51.54247],[0.23011,51.54325],[0.22998,51.55562]]]}},{"type":"Feature","properties":{"source_code":"G81040","codes":["G81040"],"label":"WOODHILL SURGERY"},"geometry":{"type":"Polygon","coordinates":[[[0.26367,51.10104],[0.29285,51.10158],[0.29577,51.10104],[0.29766,51.09921],[0.29938,51.09824],[0.30024,51.09684],[0.30127,51.09457],[0.30298,51.09134],[0.3035,51.08908],[0.3023,51.08584],[0.29972,51.0839],[0.29818,51.08185],[0.29989,51.0757],[0.30195,51.07516],[0.30642,51.07452],[0.31122,51.07247],[0.31448,51.07107],[0.31706,51.06869],[0.32358,51.06071],[0.32547,51.05208],[0.361,51.02693],[0.36272,51.02509],[0.36186,51.0198],[0.33594,50.98545],[0.31723,50.98307],[0.27363,50.9727],[0.26728,50.97259],[0.26213,50.97216],[0.26024,50.97097],[0.25372,50.97032],[0.24788,50.96881],[0.24101,50.9687],[0.23895,50.96924],[0.23724,50.96935],[0.23088,50.97043],[0.229,50.97054],[0.22539,50.97075],[0.22213,50.97043],[0.21749,50.97248],[0.21389,50.97367],[0.20943,50.97432],[0.20651,50.97648],[0.20342,50.97713],[0.19741,50.97961],[0.18883,50.98491],[0.17818,50.99258],[0.16994,51.00252],[0.15587,51.01969],[0.17115,51.03308],[0.21132,51.06815],[0.25595,51.10072],[0.2599,51.10115],[0.26367,51.10104]]]}},{"type":"Feature","properties":{"source_code":"G81032","codes":["G81032"],"label":"VICTORIA MEDICAL CENTRE"},"geometry":{"type":"Polygon","coordinates":[[[0.20179,50.74276],[0.20183,50.74322],[0.20238,50.74364],[0.20367,50.74425],[0.20468,50.74612],[0.206,50.74854],[0.20636,50.7501],[0.20577,50.75072],[0.20483,50.75123],[0.20566,50.75259],[0.20486,50.75412],[0.20312,50.75685],[0.20483,50.75783],[0.20449,50.75861],[0.20441,50.75918],[0.20503,50.76047],[0.20265,50.76068],[0.19801,50.76317],[0.20024,50.76505],[0.20222,50.76659],[0.20434,50.76828],[0.20604,50.77007],[0.20962,50.77157],[0.21295,50.77145],[0.21681,50.76649],[0.21715,50.76133],[0.22108,50.76093],[0.22638,50.76119],[0.23202,50.76102],[0.23591,50.76187],[0.24088,50.7637],[0.24608,50.76526],[0.24754,50.766],[0.24805,50.76739],[0.25097,50.76925],[0.24908,50.77014],[0.24805,50.77118],[0.24777,50.77243],[0.24818,50.7737],[0.25063,50.7762],[0.24893,50.77665],[0.24706,50.77672],[0.24582,50.77794],[0.24479,50.7825],[0.2496,50.7838],[0.25234,50.78985],[0.24985,50.78971],[0.24719,50.78996],[0.24033,50.79255],[0.23971,50.79351],[0.24034,50.79368],[0.24046,50.79408],[0.24043,50.79465],[0.24037,50.79521],[0.2406,50.79569],[0.24116,50.79613],[0.24216,50.7966],[0.24333,50.79697],[0.24578,50.79695],[0.24652,50.79699],[0.24691,50.79706],[0.24717,50.79735],[0.24771,50.79794],[0.24853,50.80042],[0.25208,50.80223],[0.25298,50.8018],[0.25357,50.80141],[0.25461,50.80088],[0.25507,50.80051],[0.25626,50.7989],[0.25707,50.7973],[0.25748,50.79554],[0.25767,50.79513],[0.25832,50.79474],[0.25887,50.79439],[0.25929,50.79403],[0.26026,50.79366],[0.26122,50.79345],[0.26231,50.79327],[0.2634,50.79285],[0.26533,50.79193],[0.26592,50.79061],[0.26682,50.78768],[0.2682,50.7851],[0.26872,50.7845],[0.26898,50.78421],[0.26954,50.78409],[0.2695,50.78354],[0.26989,50.783],[0.27058,50.78206],[0.27099,50.78154],[0.2713,50.78129],[0.27174,50.78111],[0.27278,50.78092],[0.27407,50.78083],[0.2764,50.78062],[0.27705,50.78031],[0.27757,50.77993],[0.27819,50.77892],[0.27872,50.77854],[0.27946,50.77818],[0.28085,50.77745],[0.282,50.77626],[0.28286,50.77579],[0.28388,50.7754],[0.28265,50.77576],[0.28249,50.77541],[0.28216,50.77526],[0.28201,50.7751],[0.28186,50.77501],[0.28164,50.77493],[0.28149,50.77467],[0.27898,50.77282],[0.27706,50.7713],[0.27489,50.7701],[0.27359,50.76921],[0.27484,50.7689],[0.2761,50.76813],[0.27766,50.76653],[0.27839,50.76633],[0.27848,50.76562],[0.28086,50.76582],[0.28225,50.76598],[0.28249,50.76458],[0.28161,50.76426],[0.28167,50.76217],[0.28432,50.76074],[0.28199,50.75901],[0.27661,50.75635],[0.26814,50.75058],[0.26638,50.74719],[0.2562,50.74685],[0.25586,50.74452],[0.25466,50.74225],[0.25269,50.74012],[0.2514,50.73939],[0.24951,50.7391],[0.24754,50.73882],[0.24565,50.73835],[0.2444,50.73731],[0.24256,50.73675],[0.24236,50.73757],[0.24147,50.7379],[0.23962,50.73873],[0.23733,50.73935],[0.23487,50.73931],[0.22555,50.73799],[0.21935,50.7371],[0.21841,50.73793],[0.21835,50.73848],[0.21765,50.73887],[0.21538,50.73949],[0.21321,50.7405],[0.21251,50.74196],[0.21079,50.74293],[0.20179,50.74276]]]}},{"type":"Feature","properties":{"source_code":"G81012","codes":["G81012"],"label":"BRIDGESIDE SURGERY"},"geometry":{"type":"Polygon","coordinates":[[[0.27328,50.91494],[0.2952,50.9017],[0.30281,50.91061],[0.30406,50.89635],[0.3059,50.89524],[0.30429,50.89382],[0.30521,50.88333],[0.30796,50.86274],[0.2932,50.85061],[0.26333,50.8441],[0.23758,50.83413],[0.24056,50.83764],[0.23758,50.835],[0.18745,50.84475],[0.18608,50.87206],[0.18265,50.89134],[0.19947,50.90585],[0.22488,50.90866],[0.27328,50.91494]]]}},{"type":"Feature","properties":{"source_code":"F81010","codes":["F81010"],"label":"AVELEY MEDICAL CENTRE"},"geometry":{"type":"MultiPolygon","coordinates":[[[[0.2854,51.50025],[0.29466,51.50169],[0.29582,51.50572],[0.29848,51.50011],[0.31131,51.49934],[0.30668,51.49797],[0.30196,51.49794],[0.29536,51.49862],[0.26698,51.49982],[0.23981,51.48919],[0.22797,51.50233],[0.2829,51.49977],[0.2854,51.50025]]],[[[0.29727,51.51199],[0.29719,51.51051],[0.29582,51.50572],[0.2956,51.50618],[0.29672,51.51254],[0.29727,51.51199]]],[[[0.29766,51.51894],[0.29771,51.51953],[0.29848,51.52439],[0.29823,51.52582],[0.2986,51.53027],[0.29591,51.53944],[0.32581,51.5184],[0.31216,51.51659],[0.30828,51.50911],[0.30306,51.51116],[0.30048,51.51103],[0.29803,51.51123],[0.29727,51.51199],[0.29766,51.51894]]],[[[0.29591,51.53944],[0.29585,51.53948],[0.29577,51.53993],[0.29591,51.53944]]],[[[0.29585,51.53948],[0.29823,51.52582],[0.29771,51.51953],[0.2962,51.51002],[0.29406,51.5019],[0.2854,51.50025],[0.28266,51.49982],[0.25968,51.50094],[0.24365,51.50172],[0.22762,51.50329],[0.24839,51.5155],[0.24925,51.53283],[0.2774,51.53435],[0.295,51.54008],[0.29585,51.53948]]]]}},{"type":"Feature","properties":{"source_code":"G82218","codes":["G82218"],"label":"RIVER DARENT MEDICAL GROUP"},"geometry":{"type":"Polygon","coordinates":[[[0.27152,51.39285],[0.27275,51.39325],[0.27518,51.39233],[0.27227,51.39056],[0.27898,51.39088],[0.27518,51.39233],[0.27707,51.39347],[0.29107,51.38468],[0.27919,51.37136],[0.27636,51.36577],[0.27764,51.36554],[0.27643,51.36373],[0.27696,51.36192],[0.27612,51.35988],[0.27232,51.35567],[0.26947,51.35349],[0.26871,51.34851],[0.2673,51.34051],[0.25336,51.34475],[0.24308,51.34037],[0.23162,51.33996],[0.21835,51.33675],[0.20646,51.33782],[0.19268,51.34098],[0.18937,51.35186],[0.18437,51.35206],[0.17748,51.3532],[0.16935,51.35569],[0.1619,51.35888],[0.15653,51.36152],[0.15405,51.3638],[0.1514,51.36588],[0.15022,51.3718],[0.15174,51.37655],[0.15283,51.37917],[0.15313,51.38211],[0.15507,51.38543],[0.15722,51.38651],[0.16009,51.389],[0.16356,51.39066],[0.16726,51.39009],[0.17063,51.38952],[0.17548,51.38953],[0.181,51.38994],[0.18698,51.38993],[0.19101,51.38954],[0.19389,51.39122],[0.19566,51.392],[0.19738,51.3942],[0.20126,51.39749],[0.20546,51.40076],[0.20784,51.40305],[0.21157,51.40319],[0.21948,51.40294],[0.22659,51.4027],[0.24081,51.40223],[0.24953,51.40196],[0.2552,51.40205],[0.26212,51.39739],[0.26666,51.39363],[0.26896,51.3932],[0.2698,51.39307],[0.27152,51.39285]]]}},{"type":"Feature","properties":{"source_code":"G82137","codes":["G82137"],"label":"ST ANDREWS MEDICAL CENTRE"},"geometry":{"type":"Polygon","coordinates":[[[0.27219,51.16672],[0.27234,51.16507],[0.27455,51.16421],[0.27684,51.16245],[0.27808,51.16123],[0.27694,51.15969],[0.2758,51.15822],[0.27502,51.15689],[0.27365,51.15543],[0.27287,51.1541],[0.2744,51.15385],[0.27413,51.15311],[0.27337,51.15223],[0.27443,51.15213],[0.27607,51.15158],[0.2778,51.15065],[0.27776,51.1499],[0.2751,51.14638],[0.27402,51.14625],[0.27243,51.14523],[0.27215,51.14427],[0.272,51.1436],[0.27034,51.14356],[0.26734,51.1428],[0.26405,51.14115],[0.26117,51.14038],[0.2607,51.14047],[0.26063,51.14151],[0.25885,51.14147],[0.25688,51.14233],[0.25532,51.14445],[0.2538,51.14478],[0.25222,51.14637],[0.25019,51.14611],[0.24547,51.14665],[0.24253,51.14701],[0.2409,51.14763],[0.24028,51.14712],[0.23905,51.14633],[0.23782,51.14538],[0.2367,51.14413],[0.23375,51.14203],[0.23348,51.14375],[0.23355,51.14531],[0.235,51.14827],[0.23385,51.14911],[0.23234,51.14959],[0.22927,51.15002],[0.2267,51.15081],[0.22557,51.1518],[0.22226,51.15209],[0.22103,51.15122],[0.22002,51.1499],[0.21901,51.14872],[0.2186,51.14746],[0.21682,51.1475],[0.21531,51.14812],[0.21321,51.14891],[0.21283,51.1507],[0.21198,51.15281],[0.21267,51.15481],[0.21425,51.15575],[0.21531,51.15558],[0.21648,51.15518],[0.21762,51.15427],[0.21781,51.15568],[0.21687,51.156],[0.21517,51.15752],[0.21464,51.1588],[0.21389,51.16053],[0.21297,51.16107],[0.21281,51.16286],[0.21362,51.16486],[0.21441,51.16656],[0.21544,51.16818],[0.21624,51.17003],[0.2179,51.17],[0.21803,51.17029],[0.21986,51.17123],[0.22049,51.17196],[0.2216,51.17283],[0.22294,51.17363],[0.22466,51.17494],[0.22627,51.17625],[0.22786,51.17734],[0.23107,51.17735],[0.23227,51.17778],[0.23232,51.17882],[0.23334,51.18022],[0.23562,51.1807],[0.23932,51.18122],[0.24197,51.18199],[0.24422,51.18187],[0.246,51.18199],[0.24719,51.18196],[0.24836,51.18164],[0.24896,51.18186],[0.25006,51.18243],[0.25142,51.18352],[0.25044,51.18295],[0.25145,51.18419],[0.25322,51.1864],[0.25471,51.18771],[0.25831,51.18869],[0.26223,51.18861],[0.26696,51.18837],[0.27027,51.18816],[0.27297,51.18743],[0.27473,51.1871],[0.27424,51.18674],[0.27355,51.18481],[0.27332,51.1825],[0.2737,51.18063],[0.27555,51.1797],[0.27883,51.17889],[0.27618,51.17805],[0.27554,51.17694],[0.27488,51.17569],[0.27543,51.17478],[0.27498,51.17285],[0.27397,51.17168],[0.27308,51.16903],[0.27219,51.16672]]]}},{"type":"Feature","properties":{"source_code":"G81059","codes":["G81059"],"label":"HAILSHAM MEDICAL GROUP"},"geometry":{"type":"Polygon","coordinates":[[[0.18608,50.88333],[0.18492,50.8876],[0.18291,50.89145],[0.18969,50.89556],[0.19681,50.89995],[0.20599,50.8974],[0.22625,50.90866],[0.24513,50.91516],[0.27946,50.91126],[0.30762,50.90303],[0.32341,50.88917],[0.32547,50.87574],[0.31517,50.84844],[0.30212,50.82014],[0.28899,50.81895],[0.27586,50.82058],[0.26788,50.82486],[0.26251,50.82646],[0.25784,50.82698],[0.2535,50.82749],[0.25054,50.82844],[0.24513,50.82763],[0.24676,50.82436],[0.24445,50.82326],[0.24393,50.82059],[0.24221,50.819],[0.23942,50.82043],[0.23629,50.82109],[0.21599,50.82089],[0.1993,50.82231],[0.18557,50.8241],[0.17831,50.82429],[0.17106,50.82513],[0.16273,50.82638],[0.16106,50.82886],[0.16419,50.83362],[0.16754,50.84497],[0.17076,50.85126],[0.16711,50.85516],[0.16264,50.85337],[0.15867,50.85515],[0.16483,50.86132],[0.15894,50.86456],[0.16604,50.86952],[0.18608,50.88333]]]}},{"type":"Feature","properties":{"source_code":"G82768","codes":["G82768"],"label":"LONSDALE MEDICAL CENTRE"},"geometry":{"type":"Polygon","coordinates":[[[0.27487,51.15024],[0.27704,51.14971],[0.27903,51.14781],[0.28036,51.14585],[0.28198,51.1452],[0.28445,51.13977],[0.28487,51.13721],[0.28513,51.13582],[0.28692,51.13427],[0.28841,51.12892],[0.28954,51.12518],[0.28766,51.11817],[0.2854,51.11456],[0.28026,51.11266],[0.27014,51.11189],[0.25456,51.11164],[0.23728,51.11473],[0.23322,51.11916],[0.23211,51.12353],[0.23294,51.12938],[0.23365,51.13267],[0.23282,51.13366],[0.23204,51.13567],[0.23267,51.13745],[0.23252,51.13877],[0.23147,51.13989],[0.23461,51.14121],[0.24381,51.14318],[0.25131,51.14628],[0.25344,51.14713],[0.25605,51.14894],[0.25745,51.15064],[0.25825,51.15125],[0.26219,51.15117],[0.26445,51.15023],[0.26753,51.15045],[0.26932,51.15103],[0.27021,51.15129],[0.27013,51.15205],[0.27049,51.15253],[0.27341,51.15164],[0.27487,51.15024]]]}},{"type":"Feature","properties":{"source_code":"G81098","codes":["G81098"],"label":"QUINTINS MEDICAL CENTRE"},"geometry":{"type":"Polygon","coordinates":[[[0.23475,50.83874],[0.24112,50.84151],[0.21061,50.8704],[0.19651,50.89182],[0.17744,50.90361],[0.24302,50.938],[0.24417,50.93848],[0.31852,50.9714],[0.35361,50.94954],[0.33206,50.8874],[0.33358,50.85899],[0.23475,50.83874]]]}},{"type":"Feature","properties":{"source_code":"G82041","codes":["G82041"],"label":"GROSVENOR & ST JAMES MEDICAL CENTRE"},"geometry":{"type":"Polygon","coordinates":[[[0.27957,51.14241],[0.28097,51.14148],[0.2828,51.1412],[0.28327,51.14078],[0.28315,51.14025],[0.28276,51.13925],[0.28262,51.13829],[0.28285,51.13734],[0.28167,51.13638],[0.28291,51.13533],[0.28222,51.13473],[0.2809,51.13416],[0.27952,51.13372],[0.27591,51.13252],[0.27779,51.1309],[0.27821,51.12979],[0.27974,51.12886],[0.28129,51.1281],[0.2833,51.12747],[0.28502,51.12673],[0.28546,51.12611],[0.28388,51.12319],[0.28215,51.12073],[0.28164,51.11953],[0.2793,51.11924],[0.27782,51.11936],[0.2762,51.12047],[0.27558,51.12119],[0.27388,51.12046],[0.27242,51.11969],[0.27167,51.11918],[0.27044,51.11832],[0.26671,51.11676],[0.26562,51.11628],[0.26472,51.11592],[0.26273,51.11572],[0.26156,51.11567],[0.26037,51.11556],[0.25951,51.11525],[0.25904,51.11468],[0.25865,51.11433],[0.258,51.11397],[0.25619,51.11411],[0.25463,51.11507],[0.2545,51.11548],[0.25458,51.11602],[0.25393,51.11643],[0.25357,51.11706],[0.25392,51.11825],[0.25291,51.1193],[0.25211,51.1204],[0.25164,51.12121],[0.25117,51.12267],[0.25082,51.12342],[0.2503,51.12415],[0.25411,51.12491],[0.25559,51.12538],[0.2565,51.12608],[0.25399,51.12684],[0.2514,51.12778],[0.24973,51.12854],[0.24682,51.13012],[0.24648,51.13222],[0.2465,51.1331],[0.24645,51.13428],[0.24492,51.13541],[0.24452,51.13634],[0.24348,51.13722],[0.24259,51.13811],[0.24239,51.13888],[0.24277,51.13947],[0.24431,51.14033],[0.24511,51.1407],[0.24654,51.14095],[0.2482,51.14096],[0.24866,51.14098],[0.24928,51.14085],[0.24988,51.14057],[0.25012,51.14105],[0.24992,51.14143],[0.25063,51.14144],[0.2518,51.14183],[0.25263,51.14183],[0.25295,51.14235],[0.25359,51.14279],[0.25404,51.14259],[0.25448,51.14251],[0.25486,51.1425],[0.25496,51.14255],[0.25515,51.1427],[0.25573,51.14259],[0.25666,51.14246],[0.25712,51.14242],[0.25772,51.14225],[0.25866,51.14194],[0.25957,51.14192],[0.25973,51.14317],[0.26044,51.14316],[0.26105,51.14325],[0.26158,51.1433],[0.26216,51.14342],[0.26274,51.14343],[0.26329,51.14357],[0.26463,51.1442],[0.26539,51.14449],[0.26612,51.14481],[0.26716,51.14496],[0.26915,51.14448],[0.27011,51.14425],[0.27042,51.14372],[0.27137,51.14315],[0.26943,51.14181],[0.27101,51.14071],[0.27199,51.14117],[0.27202,51.14195],[0.27301,51.14275],[0.27467,51.1431],[0.27599,51.1408],[0.27714,51.14122],[0.2766,51.14271],[0.27957,51.14241]]]}},{"type":"Feature","properties":{"source_code":"F82674","codes":["F82674"],"label":"CRANHAM HEALTH CENTRE"},"geometry":{"type":"Polygon","coordinates":[[[0.2508,51.5783],[0.26238,51.5775],[0.26801,51.57638],[0.27294,51.5743],[0.28513,51.57077],[0.28942,51.56528],[0.28848,51.56453],[0.27509,51.5622],[0.26213,51.5597],[0.25344,51.55931],[0.24578,51.5602],[0.24316,51.56082],[0.24882,51.5672],[0.25183,51.57579],[0.2508,51.5783]]]}},{"type":"Feature","properties":{"source_code":"F82006","codes":["F82006"],"label":"CRANHAM VILLAGE SURGERY"},"geometry":{"type":"Polygon","coordinates":[[[0.25573,51.57702],[0.27084,51.57507],[0.28496,51.57067],[0.2868,51.56491],[0.28891,51.55978],[0.26728,51.55274],[0.26187,51.54513],[0.2611,51.5426],[0.25071,51.53974],[0.24204,51.54046],[0.23346,51.54847],[0.23281,51.55081],[0.23018,51.55299],[0.2299,51.5564],[0.23603,51.55861],[0.24035,51.55933],[0.24243,51.5613],[0.24685,51.56069],[0.24852,51.56491],[0.25097,51.56672],[0.25251,51.56936],[0.25573,51.57702]]]}},{"type":"Feature","properties":{"source_code":"G82042","codes":["G82042"],"label":"TONBRIDGE MEDICAL GROUP"},"geometry":{"type":"Polygon","coordinates":[[[0.29058,51.19014],[0.29297,51.18875],[0.29434,51.18599],[0.2955,51.18521],[0.29819,51.18497],[0.30032,51.18549],[0.30247,51.1863],[0.30501,51.18596],[0.30696,51.18602],[0.30879,51.18636],[0.31148,51.18621],[0.31255,51.18648],[0.31556,51.18661],[0.31762,51.18562],[0.31709,51.18421],[0.31824,51.18315],[0.31996,51.18142],[0.32108,51.17979],[0.32472,51.18038],[0.32916,51.17906],[0.32895,51.17784],[0.32615,51.17591],[0.31197,51.16882],[0.30709,51.16439],[0.30663,51.16118],[0.30497,51.15801],[0.30383,51.15633],[0.30024,51.15659],[0.29655,51.15789],[0.29055,51.16103],[0.2842,51.16342],[0.27437,51.16805],[0.27323,51.1693],[0.27003,51.17163],[0.26507,51.17758],[0.26319,51.17968],[0.2615,51.18143],[0.25958,51.18213],[0.2563,51.18276],[0.25285,51.18292],[0.25063,51.18343],[0.25048,51.18363],[0.25115,51.18494],[0.25302,51.18632],[0.25442,51.18733],[0.25427,51.18733],[0.25025,51.18798],[0.245,51.18827],[0.24078,51.18806],[0.23816,51.18679],[0.23498,51.18931],[0.23333,51.19246],[0.24107,51.1941],[0.24796,51.19662],[0.25631,51.19825],[0.26152,51.20032],[0.26919,51.20348],[0.27174,51.20324],[0.27263,51.20294],[0.27514,51.20213],[0.27659,51.20107],[0.27665,51.2022],[0.27702,51.20361],[0.27715,51.20625],[0.27737,51.20776],[0.27884,51.21],[0.27939,51.21206],[0.28072,51.21459],[0.2823,51.21616],[0.28436,51.2183],[0.2852,51.21998],[0.28814,51.22162],[0.28949,51.2216],[0.29695,51.22041],[0.30291,51.21916],[0.30394,51.21876],[0.30515,51.21883],[0.30992,51.21808],[0.3124,51.21661],[0.31271,51.21679],[0.31205,51.21558],[0.31169,51.21426],[0.3101,51.2126],[0.31171,51.21181],[0.3133,51.21045],[0.3149,51.20948],[0.3154,51.20739],[0.3108,51.2055],[0.30665,51.20388],[0.30053,51.20173],[0.29608,51.19993],[0.28891,51.19771],[0.28445,51.19572],[0.28653,51.1953],[0.28878,51.19516],[0.29223,51.19509],[0.29217,51.19377],[0.29223,51.19198],[0.29058,51.19014]]]}},{"type":"Feature","properties":{"source_code":"G82016","codes":["G82016"],"label":"KINGSWOOD SURGERY"},"geometry":{"type":"MultiPolygon","coordinates":[[[[0.3046,51.15629],[0.30463,51.15645],[0.30462,51.15628],[0.3046,51.15629]]],[[[0.3046,51.15629],[0.30444,51.15532],[0.30422,51.15347],[0.30514,51.15127],[0.30638,51.14777],[0.30864,51.14675],[0.31102,51.14558],[0.31381,51.14479],[0.31609,51.14418],[0.31645,51.14377],[0.31537,51.14258],[0.31388,51.14108],[0.31364,51.13898],[0.3119,51.13748],[0.31004,51.13622],[0.30478,51.13625],[0.29999,51.13561],[0.29683,51.13398],[0.29053,51.1337],[0.28822,51.13116],[0.28593,51.12902],[0.28458,51.1276],[0.28657,51.12635],[0.28572,51.12483],[0.28459,51.12016],[0.28454,51.11653],[0.28479,51.11378],[0.2827,51.11293],[0.27717,51.1128],[0.27028,51.11358],[0.26759,51.11363],[0.26566,51.11367],[0.26106,51.114],[0.25923,51.11325],[0.25632,51.11358],[0.25471,51.11394],[0.25315,51.11439],[0.25216,51.11456],[0.25206,51.11509],[0.25203,51.11547],[0.25205,51.11598],[0.25357,51.11698],[0.25428,51.11742],[0.25414,51.11797],[0.25376,51.11899],[0.25319,51.11985],[0.25248,51.12074],[0.25169,51.12244],[0.24803,51.12572],[0.24554,51.12746],[0.24444,51.12862],[0.24385,51.1296],[0.24337,51.13041],[0.2419,51.13182],[0.24112,51.13433],[0.24099,51.13692],[0.24313,51.14132],[0.24528,51.14322],[0.25094,51.1461],[0.2511,51.14674],[0.25168,51.14803],[0.25204,51.1502],[0.25471,51.15225],[0.25753,51.15478],[0.2605,51.15513],[0.26447,51.15481],[0.26637,51.15421],[0.26977,51.15285],[0.27241,51.15175],[0.27622,51.15078],[0.28032,51.15321],[0.28122,51.15335],[0.2828,51.15413],[0.28379,51.15581],[0.28463,51.15732],[0.28669,51.15736],[0.28897,51.15683],[0.29102,51.15655],[0.29258,51.15701],[0.29646,51.1575],[0.29823,51.15706],[0.3022,51.15674],[0.3046,51.15629]]]]}},{"type":"Feature","properties":{"source_code":"G81050","codes":["G81050"],"label":"ARLINGTON ROAD SURGERY"},"geometry":{"type":"MultiPolygon","coordinates":[[[[0.28154,50.77839],[0.28086,50.77877],[0.2819,50.7782],[0.28154,50.77839]]],[[[0.2806,50.77892],[0.28086,50.77877],[0.28048,50.77898],[0.2806,50.77892]]],[[[0.26848,50.74971],[0.26659,50.75215],[0.26153,50.75185],[0.25917,50.75176],[0.25807,50.75312],[0.25895,50.75432],[0.25247,50.75723],[0.25349,50.75838],[0.26438,50.76131],[0.26089,50.76102],[0.2507,50.76766],[0.24788,50.77123],[0.24487,50.77927],[0.24599,50.77969],[0.24839,50.7793],[0.24844,50.7796],[0.24996,50.7795],[0.25042,50.77972],[0.25138,50.77986],[0.25461,50.78026],[0.25519,50.77994],[0.2639,50.78021],[0.26404,50.78049],[0.26441,50.78111],[0.2658,50.78142],[0.26607,50.78234],[0.26611,50.78271],[0.26641,50.78307],[0.26878,50.78392],[0.26687,50.78698],[0.27027,50.78781],[0.27364,50.78822],[0.27308,50.78525],[0.27254,50.78368],[0.28202,50.77818],[0.28209,50.77813],[0.28071,50.77886],[0.2806,50.77892],[0.27789,50.78044],[0.27393,50.78274],[0.2741,50.78264],[0.2741,50.78256],[0.27419,50.78252],[0.27438,50.78233],[0.28048,50.77898],[0.27191,50.78345],[0.28154,50.77839],[0.28193,50.77817],[0.28217,50.77807],[0.28728,50.7765],[0.28633,50.77411],[0.2859,50.77376],[0.28831,50.77191],[0.28663,50.77104],[0.2903,50.76784],[0.28965,50.76779],[0.29138,50.76635],[0.28908,50.76339],[0.26848,50.74971]]]]}},{"type":"Feature","properties":{"source_code":"G81104","codes":["G81104"],"label":"PARK PRACTICE"},"geometry":{"type":"MultiPolygon","coordinates":[[[[0.26913,50.77845],[0.26937,50.77858],[0.26925,50.77829],[0.26913,50.77845]]],[[[0.26913,50.77845],[0.26826,50.77801],[0.26814,50.77805],[0.26805,50.77801],[0.26748,50.7782],[0.26729,50.77822],[0.26673,50.77828],[0.26648,50.77827],[0.2657,50.77836],[0.26492,50.77835],[0.26354,50.78114],[0.26251,50.7828],[0.26256,50.78297],[0.26239,50.78312],[0.2617,50.78369],[0.25964,50.78537],[0.25801,50.78727],[0.25689,50.78933],[0.25663,50.79145],[0.25591,50.7927],[0.25633,50.79357],[0.25689,50.79427],[0.25739,50.79504],[0.25715,50.79548],[0.25715,50.79636],[0.25697,50.79703],[0.25689,50.79717],[0.25692,50.79715],[0.25629,50.79842],[0.25593,50.79892],[0.25586,50.79899],[0.25553,50.79947],[0.2555,50.79951],[0.25434,50.80048],[0.2541,50.80085],[0.25337,50.80127],[0.25161,50.80222],[0.25045,50.80317],[0.2496,50.80428],[0.25114,50.8049],[0.25231,50.8036],[0.25182,50.80436],[0.25161,50.80461],[0.25152,50.80483],[0.25123,50.80528],[0.25143,50.80506],[0.25131,50.80534],[0.25131,50.80732],[0.2529,50.80859],[0.255,50.80968],[0.2632,50.80699],[0.26522,50.80968],[0.26779,50.8113],[0.26814,50.81136],[0.26796,50.81114],[0.26995,50.81112],[0.27174,50.80976],[0.27229,50.80934],[0.27385,50.808],[0.27792,50.80751],[0.27989,50.80954],[0.28088,50.80876],[0.28183,50.80778],[0.2829,50.80691],[0.28397,50.80613],[0.28522,50.80564],[0.28831,50.80376],[0.28921,50.80271],[0.28972,50.80208],[0.29028,50.80124],[0.29058,50.80059],[0.29084,50.79978],[0.29165,50.79921],[0.292,50.79861],[0.29242,50.79802],[0.29206,50.79637],[0.29,50.79489],[0.28929,50.79446],[0.2888,50.79389],[0.28807,50.79368],[0.28324,50.7914],[0.28049,50.79107],[0.28019,50.7911],[0.27987,50.79113],[0.28053,50.79108],[0.28004,50.79114],[0.27937,50.79109],[0.27869,50.79102],[0.27811,50.79089],[0.27737,50.79106],[0.27646,50.79091],[0.27566,50.79062],[0.27493,50.79024],[0.27406,50.78928],[0.27386,50.78929],[0.27405,50.78923],[0.27385,50.78822],[0.27367,50.78722],[0.27329,50.78554],[0.27321,50.78519],[0.2732,50.78441],[0.27311,50.78383],[0.27316,50.78372],[0.27389,50.78258],[0.27367,50.78162],[0.27381,50.78077],[0.27386,50.78057],[0.27257,50.77989],[0.27243,50.77983],[0.2723,50.77976],[0.27187,50.77959],[0.27129,50.77933],[0.27033,50.779],[0.26931,50.77861],[0.2693,50.77861],[0.26909,50.77851],[0.26913,50.77845]]],[[[0.26169,50.79356],[0.2617,50.79356],[0.26129,50.79401],[0.26169,50.79356],[0.26161,50.79359],[0.26133,50.79363],[0.26142,50.79353],[0.26131,50.79363],[0.26122,50.79364],[0.2613,50.79358],[0.26133,50.79357],[0.26133,50.79356],[0.26267,50.79246],[0.26169,50.79356]]],[[[0.2535,50.80276],[0.2534,50.80285],[0.25462,50.80148],[0.2535,50.80276]]]]}},{"type":"Feature","properties":{"source_code":"G81002","codes":["G81002"],"label":"GROVE ROAD SURGERY"},"geometry":{"type":"Polygon","coordinates":[[[0.33626,50.79087],[0.33423,50.79116],[0.33375,50.79066],[0.33577,50.79031],[0.33626,50.79087],[0.33714,50.79074],[0.31586,50.78033],[0.28908,50.76209],[0.25818,50.73472],[0.23758,50.73341],[0.20256,50.73819],[0.20187,50.74384],[0.2005,50.76165],[0.21973,50.8042],[0.24033,50.82025],[0.29114,50.81765],[0.29289,50.81767],[0.32135,50.81808],[0.34126,50.81895],[0.35163,50.81378],[0.35517,50.81244],[0.33626,50.79087]],[[0.33027,50.79174],[0.31311,50.79422],[0.33122,50.7911],[0.33027,50.79174]]]}},{"type":"Feature","properties":{"source_code":"G82059","codes":["G82059"],"label":"WARDERS MEDICAL CENTRE"},"geometry":{"type":"Polygon","coordinates":[[[0.23642,51.21199],[0.24834,51.21182],[0.25377,51.22035],[0.25861,51.22354],[0.26164,51.22716],[0.28837,51.2328],[0.29599,51.23232],[0.31757,51.22927],[0.33053,51.22151],[0.33189,51.21899],[0.33534,51.21592],[0.34156,51.21014],[0.34457,51.20304],[0.34506,51.19698],[0.34362,51.1854],[0.3344,51.17768],[0.30693,51.16378],[0.27871,51.16342],[0.25968,51.16206],[0.25391,51.16059],[0.24849,51.15744],[0.24142,51.15368],[0.2308,51.15025],[0.21937,51.14638],[0.21404,51.14279],[0.20595,51.13469],[0.19874,51.13519],[0.18732,51.13666],[0.14954,51.13478],[0.1466,51.13914],[0.14407,51.14134],[0.14077,51.14312],[0.13704,51.14452],[0.13336,51.14537],[0.12893,51.14643],[0.11887,51.1513],[0.11432,51.15283],[0.11054,51.155],[0.10787,51.1576],[0.10636,51.16037],[0.10616,51.16526],[0.10487,51.17244],[0.10213,51.17629],[0.09801,51.17933],[0.08101,51.19078],[0.10468,51.20383],[0.11056,51.20713],[0.11006,51.20963],[0.11369,51.21409],[0.11473,51.21742],[0.11112,51.22285],[0.11909,51.22425],[0.11925,51.22571],[0.12958,51.22711],[0.13144,51.23131],[0.14709,51.23063],[0.16724,51.22981],[0.17751,51.22987],[0.1828,51.22997],[0.1883,51.22977],[0.20407,51.23001],[0.20567,51.22762],[0.20868,51.22438],[0.21435,51.21998],[0.21761,51.21808],[0.22122,51.21649],[0.23642,51.21199]]]}},{"type":"Feature","properties":{"source_code":"F81669","codes":["F81669"],"label":"DERRY COURT MEDICAL PRACTICE"},"geometry":{"type":"Polygon","coordinates":[[[0.29388,51.54441],[0.29594,51.54078],[0.30144,51.53374],[0.29835,51.52626],[0.29423,51.51708],[0.29474,51.5128],[0.2932,51.50767],[0.29526,51.50062],[0.30762,51.50105],[0.31483,51.49955],[0.31294,51.4971],[0.31002,51.49506],[0.29766,51.49421],[0.28839,51.49421],[0.28273,51.49496],[0.27775,51.49699],[0.26917,51.49677],[0.26711,51.49699],[0.26058,51.49442],[0.25715,51.49143],[0.25131,51.49015],[0.24616,51.49058],[0.2405,51.49368],[0.23518,51.49827],[0.22865,51.50019],[0.22591,51.50404],[0.23603,51.505],[0.24548,51.50468],[0.25166,51.51366],[0.25234,51.51825],[0.25234,51.52327],[0.25028,51.52701],[0.25028,51.53075],[0.24204,51.53993],[0.24668,51.54174],[0.25234,51.54313],[0.25784,51.54313],[0.25921,51.54078],[0.26711,51.54185],[0.29388,51.54441]]]}},{"type":"Feature","properties":{"source_code":"G81003","codes":["G81003"],"label":"THE LIGHTHOUSE MEDICAL PRACTICE"},"geometry":{"type":"Polygon","coordinates":[[[0.27642,50.80282],[0.2765,50.80282],[0.27625,50.80276],[0.27689,50.8029],[0.27689,50.80355],[0.27642,50.80282],[0.27668,50.80724],[0.27795,50.8074],[0.27951,50.80763],[0.28148,50.81068],[0.2815,50.81067],[0.28152,50.81071],[0.28221,50.81212],[0.28624,50.81314],[0.27959,50.81464],[0.27723,50.81838],[0.27813,50.81976],[0.29388,50.81822],[0.29813,50.81928],[0.30195,50.8189],[0.30233,50.81356],[0.30676,50.81396],[0.31139,50.81233],[0.32513,50.80593],[0.32839,50.79953],[0.32169,50.79758],[0.31448,50.79324],[0.31311,50.78304],[0.31534,50.78087],[0.29249,50.76192],[0.29303,50.76133],[0.27277,50.74667],[0.25869,50.73276],[0.20376,50.73406],[0.19514,50.74001],[0.19415,50.7395],[0.17218,50.74623],[0.19003,50.76328],[0.20376,50.77653],[0.23088,50.76046],[0.24944,50.76816],[0.24153,50.78391],[0.24599,50.79975],[0.24981,50.79877],[0.25479,50.79985],[0.25457,50.80018],[0.25835,50.80214],[0.25853,50.80195],[0.26105,50.80309],[0.26217,50.80154],[0.26621,50.80188],[0.2662,50.80189],[0.26899,50.80252],[0.27487,50.80282],[0.27642,50.80282]],[[0.26541,50.7913],[0.26684,50.78975],[0.26548,50.79131],[0.26541,50.7913]],[[0.24952,50.76801],[0.23992,50.76307],[0.2496,50.76784],[0.24952,50.76801]]]}},{"type":"Feature","properties":{"source_code":"F81632","codes":["F81632"],"label":"DR YASIN SA PRACTICE"},"geometry":{"type":"MultiPolygon","coordinates":[[[[0.27621,51.50116],[0.275,51.50105],[0.27467,51.50116],[0.27517,51.5011],[0.27618,51.50116],[0.27621,51.50116]]],[[[0.27467,51.50116],[0.27416,51.50122],[0.27446,51.50123],[0.27467,51.50116]]],[[[0.27321,51.50133],[0.27344,51.50131],[0.27416,51.50122],[0.27323,51.5012],[0.27117,51.50144],[0.27321,51.50133]]],[[[0.27117,51.50144],[0.27069,51.50147],[0.27097,51.50146],[0.27117,51.50144]]],[[[0.27069,51.50147],[0.2695,51.50148],[0.26947,51.50153],[0.27069,51.50147]]],[[[0.26947,51.50154],[0.26947,51.50153],[0.26938,51.50154],[0.26947,51.50154]]],[[[0.26985,51.50159],[0.26988,51.50156],[0.27053,51.50151],[0.27084,51.50148],[0.26947,51.50154],[0.26927,51.50197],[0.26917,51.50217],[0.26917,51.50217],[0.26971,51.50161],[0.26985,51.50159]]],[[[0.26917,51.50217],[0.26922,51.50204],[0.26916,51.50218],[0.26917,51.50217],[0.26917,51.50217]]],[[[0.26916,51.50218],[0.26902,51.50233],[0.26896,51.50248],[0.26907,51.50238],[0.26914,51.50224],[0.26916,51.50218]]],[[[0.26869,51.50276],[0.26836,51.50381],[0.26883,51.50287],[0.26896,51.50248],[0.26869,51.50276]]],[[[0.26836,51.50381],[0.26833,51.50387],[0.26831,51.50396],[0.26836,51.50381]]],[[[0.26822,51.50445],[0.26831,51.50396],[0.26798,51.50502],[0.26822,51.50445]]],[[[0.26805,51.50547],[0.26807,51.50521],[0.26835,51.50436],[0.26845,51.5041],[0.26864,51.50344],[0.26822,51.50445],[0.26803,51.50541],[0.26803,51.50556],[0.26805,51.50547]]],[[[0.26802,51.50595],[0.26803,51.50556],[0.26794,51.50586],[0.26799,51.50627],[0.26802,51.50595]]],[[[0.26801,51.50643],[0.26799,51.50627],[0.26795,51.50689],[0.26854,51.51148],[0.26807,51.50755],[0.26802,51.50666],[0.26801,51.50643]]],[[[0.27621,51.50116],[0.27634,51.50117],[0.27618,51.50116],[0.27321,51.50133],[0.27053,51.50151],[0.26985,51.50159],[0.26911,51.50234],[0.26845,51.5041],[0.26805,51.50547],[0.26802,51.50595],[0.26801,51.50624],[0.26801,51.50643],[0.26833,51.50885],[0.26886,51.5127],[0.27054,51.51671],[0.2826,51.5221],[0.28663,51.52257],[0.29058,51.52234],[0.29368,51.52243],[0.29648,51.52285],[0.29518,51.5205],[0.29431,51.51923],[0.29314,51.51533],[0.29266,51.5077],[0.29395,51.50431],[0.29376,51.50154],[0.29399,51.501],[0.29383,51.50047],[0.29157,51.50012],[0.28975,51.49993],[0.28764,51.49997],[0.28253,51.50025],[0.27815,51.50105],[0.27621,51.50116]]],[[[0.27128,51.50146],[0.27097,51.50146],[0.27084,51.50148],[0.27128,51.50146]]],[[[0.26909,51.50236],[0.26911,51.50234],[0.26917,51.50217],[0.26917,51.50217],[0.26914,51.50224],[0.26909,51.50236]]],[[[0.26909,51.50236],[0.26907,51.50238],[0.26883,51.50287],[0.26871,51.50319],[0.26864,51.50344],[0.26909,51.50236]]]]}},{"type":"Feature","properties":{"source_code":"F81197","codes":["F81197"],"label":"SANCTA MARIA MEDICAL CENTRE"},"geometry":{"type":"MultiPolygon","coordinates":[[[[0.27018,51.51225],[0.26951,51.50789],[0.26882,51.5049],[0.26848,51.5096],[0.27018,51.51225]]],[[[0.27018,51.51225],[0.2702,51.51237],[0.27002,51.51547],[0.27332,51.51806],[0.27397,51.52178],[0.2956,51.52252],[0.29281,51.51968],[0.29174,51.51683],[0.29131,51.51093],[0.29423,51.49891],[0.27002,51.49923],[0.27317,51.5172],[0.27122,51.51387],[0.27018,51.51225]]]]}},{"type":"Feature","properties":{"source_code":"G82022","codes":["G82022"],"label":"SPELDHURST & GREGGSWOOD MEDICAL GROUP"},"geometry":{"type":"MultiPolygon","coordinates":[[[[0.26047,51.14024],[0.26048,51.14028],[0.26051,51.14021],[0.26047,51.14024]]],[[[0.26048,51.14028],[0.26046,51.1403],[0.26049,51.14033],[0.26048,51.14028]]],[[[0.26046,51.1403],[0.26043,51.14027],[0.26047,51.14024],[0.26045,51.14019],[0.26037,51.14026],[0.26035,51.14034],[0.2604,51.14035],[0.26044,51.14036],[0.26046,51.1403]]],[[[0.26044,51.14036],[0.26044,51.14036],[0.26044,51.14036],[0.26044,51.14036]]],[[[0.26419,51.14023],[0.26601,51.14013],[0.26044,51.14036],[0.26046,51.14036],[0.26044,51.14036],[0.26042,51.14038],[0.26419,51.14023]]],[[[0.1802,51.14061],[0.17745,51.14003],[0.17454,51.13966],[0.1714,51.13916],[0.16797,51.13903],[0.16653,51.13983],[0.16655,51.14052],[0.16926,51.14234],[0.16894,51.14339],[0.16854,51.14437],[0.17104,51.14502],[0.17255,51.14537],[0.17258,51.14671],[0.17411,51.15001],[0.17392,51.15191],[0.17522,51.15478],[0.17257,51.15791],[0.17631,51.16388],[0.17588,51.16788],[0.17374,51.17003],[0.17297,51.17673],[0.17676,51.17576],[0.1805,51.17638],[0.19602,51.16757],[0.21257,51.17005],[0.2183,51.17077],[0.2217,51.16963],[0.22568,51.16877],[0.23094,51.16977],[0.23824,51.17018],[0.24718,51.17167],[0.2535,51.17251],[0.25171,51.16859],[0.25216,51.1651],[0.25306,51.16378],[0.25431,51.16251],[0.25681,51.16003],[0.25888,51.15819],[0.25933,51.15602],[0.25953,51.15423],[0.26069,51.15471],[0.2613,51.1557],[0.26516,51.1615],[0.2671,51.16136],[0.27115,51.16132],[0.29376,51.15636],[0.29112,51.15417],[0.29046,51.15367],[0.2875,51.15144],[0.28687,51.15143],[0.28677,51.15148],[0.28593,51.15144],[0.28578,51.15151],[0.28591,51.15158],[0.28289,51.15147],[0.28224,51.15143],[0.28012,51.15141],[0.2801,51.15139],[0.28009,51.15139],[0.28,51.1513],[0.27993,51.1513],[0.27975,51.15107],[0.27872,51.15009],[0.27873,51.15008],[0.27867,51.15002],[0.27829,51.14971],[0.27826,51.14969],[0.2783,51.14967],[0.27824,51.14962],[0.27828,51.14965],[0.27834,51.14965],[0.27834,51.14965],[0.27841,51.14962],[0.27837,51.14968],[0.27858,51.14989],[0.27862,51.14992],[0.27884,51.14998],[0.27875,51.15006],[0.27892,51.15022],[0.27926,51.1505],[0.2793,51.15048],[0.27934,51.15054],[0.27939,51.15054],[0.28025,51.1513],[0.28065,51.15133],[0.2809,51.15136],[0.28168,51.1514],[0.28687,51.15143],[0.28725,51.15125],[0.2875,51.15144],[0.28787,51.15144],[0.29047,51.15363],[0.29112,51.15417],[0.29358,51.15603],[0.29493,51.15737],[0.29899,51.15677],[0.30327,51.15826],[0.30279,51.14795],[0.30149,51.14534],[0.29817,51.14302],[0.29587,51.14155],[0.2949,51.14091],[0.29361,51.1401],[0.2928,51.13878],[0.29087,51.13868],[0.28664,51.13658],[0.28226,51.13516],[0.27298,51.13183],[0.27167,51.13398],[0.27289,51.13589],[0.27337,51.13722],[0.27372,51.13856],[0.27381,51.13985],[0.26419,51.14023],[0.26043,51.14044],[0.26041,51.14045],[0.2604,51.14044],[0.26029,51.14045],[0.26025,51.1404],[0.26023,51.14041],[0.26021,51.14039],[0.2602,51.14039],[0.26021,51.14039],[0.2601,51.1403],[0.26028,51.14033],[0.26037,51.14026],[0.26094,51.1371],[0.25858,51.13365],[0.25422,51.13126],[0.25244,51.13038],[0.24836,51.13011],[0.2504,51.12909],[0.25202,51.12792],[0.24789,51.12596],[0.24311,51.12575],[0.24168,51.12495],[0.24056,51.12713],[0.24039,51.12811],[0.23675,51.12769],[0.23652,51.12862],[0.2362,51.12977],[0.23699,51.13082],[0.23005,51.13053],[0.22357,51.13023],[0.22166,51.12489],[0.21855,51.12478],[0.21243,51.12687],[0.2132,51.12994],[0.20355,51.13045],[0.20416,51.13307],[0.2029,51.13345],[0.20118,51.13364],[0.20013,51.13469],[0.20534,51.13563],[0.18803,51.14102],[0.1802,51.14061]]],[[[0.26031,51.14034],[0.26035,51.14034],[0.26035,51.1403],[0.26031,51.14034]]],[[[0.26031,51.14034],[0.26028,51.14033],[0.2603,51.14035],[0.26031,51.14034]]],[[[0.2603,51.14035],[0.2603,51.14035],[0.2603,51.14035],[0.2603,51.14035]]],[[[0.26035,51.14034],[0.26035,51.14035],[0.26035,51.14035],[0.26035,51.14034],[0.26035,51.14034]]],[[[0.2603,51.14035],[0.26026,51.14035],[0.26029,51.14035],[0.2603,51.14035]]],[[[0.26035,51.14035],[0.26035,51.14035],[0.26038,51.14036],[0.2604,51.14035],[0.26035,51.14035]]],[[[0.26041,51.14036],[0.26038,51.14036],[0.26038,51.14036],[0.26041,51.14036]]],[[[0.26041,51.14036],[0.26044,51.14036],[0.26044,51.14036],[0.26041,51.14036]]],[[[0.26038,51.14036],[0.26035,51.14036],[0.26035,51.14037],[0.26038,51.14036]]],[[[0.26029,51.14035],[0.26028,51.14036],[0.26033,51.14038],[0.2603,51.14035],[0.26029,51.14035]]],[[[0.26035,51.14037],[0.26033,51.14038],[0.26035,51.14038],[0.26035,51.14038],[0.26035,51.14037]]],[[[0.26036,51.14038],[0.26035,51.14038],[0.26034,51.14038],[0.26034,51.14038],[0.26036,51.14038]]],[[[0.26026,51.14039],[0.26028,51.14036],[0.2602,51.14034],[0.26024,51.14039],[0.26026,51.14039]]],[[[0.26031,51.14039],[0.26032,51.14038],[0.26026,51.14039],[0.26025,51.14039],[0.26031,51.14039]]],[[[0.26024,51.14039],[0.26024,51.14039],[0.26021,51.14039],[0.26021,51.14039],[0.26024,51.14039]]],[[[0.26025,51.14039],[0.26024,51.14039],[0.26025,51.1404],[0.26025,51.14039]]],[[[0.26036,51.14038],[0.26042,51.1404],[0.26042,51.14038],[0.26036,51.14038]]],[[[0.26034,51.14038],[0.26031,51.14039],[0.2603,51.14039],[0.26028,51.14043],[0.26039,51.14043],[0.26034,51.14038]]],[[[0.26042,51.1404],[0.2604,51.14043],[0.26039,51.14043],[0.2604,51.14044],[0.26043,51.14044],[0.26049,51.14042],[0.26042,51.1404]]],[[[0.27831,51.14967],[0.27828,51.14965],[0.27828,51.14965],[0.2783,51.14967],[0.27831,51.14967]]],[[[0.27831,51.14967],[0.27836,51.1497],[0.27837,51.14968],[0.27834,51.14965],[0.27831,51.14967]]],[[[0.2783,51.14967],[0.2783,51.14967],[0.27835,51.14972],[0.27867,51.15002],[0.27874,51.15007],[0.27875,51.15006],[0.27858,51.14989],[0.2783,51.14967]]],[[[0.27922,51.15052],[0.27892,51.15022],[0.27874,51.15007],[0.27873,51.15008],[0.27921,51.15052],[0.27922,51.15052]]],[[[0.27921,51.15052],[0.27919,51.15053],[0.27922,51.15053],[0.27921,51.15052]]],[[[0.27922,51.15052],[0.27923,51.15053],[0.27924,51.15053],[0.27924,51.15052],[0.27925,51.15053],[0.2793,51.15054],[0.27926,51.1505],[0.27922,51.15052]]],[[[0.27923,51.15053],[0.27922,51.15053],[0.27926,51.15057],[0.27925,51.15055],[0.27923,51.15053]]],[[[0.2793,51.15054],[0.27941,51.15062],[0.27934,51.15054],[0.2793,51.15054]]],[[[0.27926,51.15057],[0.27926,51.15058],[0.27963,51.15093],[0.27926,51.15056],[0.27927,51.15058],[0.27926,51.15057]]],[[[0.27967,51.15097],[0.27963,51.15093],[0.27968,51.15098],[0.27967,51.15097]]],[[[0.27968,51.15098],[0.27975,51.15107],[0.28,51.1513],[0.28001,51.1513],[0.27968,51.15098]]],[[[0.27941,51.15062],[0.27967,51.15097],[0.28002,51.15129],[0.28025,51.1513],[0.27941,51.15062]]],[[[0.28025,51.1513],[0.28026,51.15132],[0.28027,51.15132],[0.28025,51.1513],[0.28025,51.1513]]],[[[0.28027,51.15132],[0.28029,51.15134],[0.28026,51.15132],[0.28001,51.1513],[0.2801,51.15139],[0.28131,51.1514],[0.2809,51.15136],[0.28027,51.15132]]],[[[0.28131,51.1514],[0.28152,51.15142],[0.28215,51.15143],[0.28168,51.1514],[0.28131,51.1514]]],[[[0.28215,51.15143],[0.28224,51.15143],[0.28577,51.15147],[0.28215,51.15143]]],[[[0.26035,51.14035],[0.26035,51.14035],[0.2603,51.14035],[0.2603,51.14035],[0.26035,51.14035]]],[[[0.26035,51.14035],[0.26035,51.14036],[0.26035,51.14035],[0.26035,51.14035]]],[[[0.26033,51.14038],[0.26033,51.14038],[0.26033,51.14038],[0.26033,51.14038]]],[[[0.26033,51.14038],[0.26032,51.14038],[0.26034,51.14038],[0.26033,51.14038]]],[[[0.27925,51.15053],[0.27924,51.15053],[0.27925,51.15055],[0.27926,51.15056],[0.27925,51.15053]]]]}},{"type":"Feature","properties":{"source_code":"G81008","codes":["G81008"],"label":"STONE CROSS SURGERY"},"geometry":{"type":"Polygon","coordinates":[[[0.26534,50.82088],[0.26901,50.82836],[0.27607,50.83267],[0.2888,50.83557],[0.30152,50.83717],[0.32062,50.83917],[0.34727,50.83229],[0.37693,50.8312],[0.39903,50.82622],[0.39552,50.82508],[0.3872,50.8221],[0.35032,50.81006],[0.33981,50.79913],[0.33178,50.79205],[0.32667,50.79376],[0.32744,50.79962],[0.32157,50.79709],[0.3183,50.79441],[0.31427,50.79267],[0.31397,50.79411],[0.31242,50.79433],[0.3108,50.79452],[0.30899,50.79658],[0.30496,50.79924],[0.29844,50.80002],[0.2959,50.80113],[0.29041,50.80051],[0.28839,50.80301],[0.28354,50.8061],[0.28101,50.80797],[0.28006,50.80905],[0.27637,50.81082],[0.26534,50.82088]]]}},{"type":"Feature","properties":{"source_code":"G81017","codes":["G81017"],"label":"SEASIDE MEDICAL CENTRE"},"geometry":{"type":"Polygon","coordinates":[[[0.29466,50.7691],[0.29476,50.76922],[0.29463,50.76908],[0.29466,50.7691],[0.29454,50.76896],[0.29388,50.76776],[0.29217,50.76708],[0.29169,50.76673],[0.29039,50.76569],[0.28946,50.76472],[0.28927,50.76479],[0.28912,50.76467],[0.28927,50.76479],[0.28743,50.76552],[0.28155,50.76617],[0.28224,50.76882],[0.28118,50.76882],[0.27826,50.76985],[0.27449,50.77208],[0.272,50.7737],[0.26891,50.77446],[0.26676,50.77555],[0.26539,50.77756],[0.26453,50.77897],[0.26419,50.78049],[0.26487,50.78103],[0.2659,50.78141],[0.26625,50.78271],[0.26685,50.78326],[0.26805,50.78358],[0.26874,50.78396],[0.26994,50.78391],[0.27174,50.78342],[0.27268,50.78418],[0.27328,50.78559],[0.27595,50.78494],[0.27311,50.78684],[0.2738,50.7889],[0.27466,50.78993],[0.27672,50.79112],[0.28135,50.79129],[0.28333,50.79161],[0.28607,50.79281],[0.28676,50.79329],[0.28951,50.79514],[0.29182,50.79698],[0.29122,50.79894],[0.29328,50.80008],[0.29526,50.80094],[0.298,50.80002],[0.30101,50.79986],[0.30333,50.79981],[0.30478,50.79926],[0.3065,50.79867],[0.30908,50.79693],[0.30933,50.7953],[0.31114,50.79471],[0.3138,50.79438],[0.31388,50.79351],[0.3162,50.79335],[0.31878,50.79514],[0.31908,50.79552],[0.31981,50.79528],[0.32036,50.79506],[0.32178,50.79454],[0.32244,50.79423],[0.32259,50.79407],[0.32292,50.79372],[0.32221,50.79305],[0.32154,50.79216],[0.32107,50.79136],[0.32079,50.79064],[0.32114,50.79024],[0.32212,50.78986],[0.32347,50.78904],[0.32579,50.78731],[0.32755,50.7862],[0.32781,50.78585],[0.32547,50.78483],[0.32277,50.7841],[0.31905,50.78361],[0.315,50.78311],[0.31384,50.78297],[0.31515,50.7813],[0.30833,50.7789],[0.30642,50.7781],[0.30397,50.77735],[0.30264,50.77645],[0.30122,50.77574],[0.29994,50.77465],[0.29925,50.77262],[0.29878,50.7724],[0.29466,50.7691]],[[0.29736,50.7717],[0.29762,50.77185],[0.29719,50.77164],[0.29594,50.77056],[0.29575,50.77034],[0.29736,50.7717]],[[0.29938,50.77384],[0.2998,50.77453],[0.2997,50.77445],[0.29936,50.77389],[0.29927,50.77385],[0.29938,50.77384]],[[0.29052,50.76582],[0.29049,50.76578],[0.29079,50.76604],[0.29052,50.76582]]]}},{"type":"Feature","properties":{"source_code":"G81022","codes":["G81022"],"label":"SOVEREIGN PRACTICE"},"geometry":{"type":"Polygon","coordinates":[[[0.31431,50.78174],[0.30212,50.77555],[0.29732,50.77707],[0.29285,50.77783],[0.29079,50.77696],[0.28856,50.77544],[0.29165,50.79281],[0.30624,50.80366],[0.31517,50.80485],[0.32444,50.8042],[0.33062,50.80279],[0.33731,50.8004],[0.33972,50.79943],[0.33543,50.79411],[0.33268,50.79183],[0.33079,50.78771],[0.32667,50.78488],[0.32169,50.78304],[0.31431,50.78174]]]}},{"type":"Feature","properties":{"source_code":"G82120","codes":["G82120"],"label":"BOROUGH GREEN MEDICAL PRACTICE"},"geometry":{"type":"MultiPolygon","coordinates":[[[[0.37111,51.32452],[0.37119,51.32447],[0.37145,51.32426],[0.37189,51.32406],[0.37137,51.32417],[0.37111,51.32452]]],[[[0.37111,51.32452],[0.36951,51.3256],[0.36936,51.32571],[0.37104,51.32462],[0.37111,51.32452]]],[[[0.37685,51.25607],[0.37613,51.25534],[0.37445,51.25343],[0.37071,51.24833],[0.36933,51.24729],[0.36806,51.24639],[0.36696,51.24545],[0.36151,51.24162],[0.3532,51.23404],[0.34849,51.23434],[0.34712,51.23452],[0.34592,51.23468],[0.34335,51.23486],[0.33461,51.23516],[0.31655,51.23595],[0.30783,51.23626],[0.29929,51.23652],[0.28808,51.23545],[0.26413,51.23221],[0.24612,51.2363],[0.22816,51.24108],[0.22808,51.24108],[0.22826,51.24263],[0.22834,51.24305],[0.22846,51.24376],[0.22883,51.24546],[0.2292,51.24872],[0.23003,51.25477],[0.23013,51.2555],[0.23014,51.25578],[0.23021,51.25607],[0.23066,51.25877],[0.23126,51.26389],[0.23274,51.27417],[0.23329,51.27658],[0.23391,51.27919],[0.23547,51.284],[0.23647,51.2867],[0.23677,51.28733],[0.23689,51.2878],[0.23716,51.28817],[0.23741,51.28892],[0.23798,51.29033],[0.23856,51.29174],[0.24003,51.29522],[0.24109,51.2987],[0.24152,51.29995],[0.24211,51.30121],[0.26846,51.31553],[0.27942,51.32014],[0.28,51.32149],[0.28027,51.32285],[0.28056,51.32344],[0.28064,51.32385],[0.28073,51.32426],[0.28073,51.32452],[0.28082,51.32472],[0.2808,51.32507],[0.28108,51.32534],[0.28147,51.32587],[0.28259,51.32915],[0.28455,51.3329],[0.28667,51.33698],[0.33796,51.33647],[0.35111,51.33512],[0.35488,51.33331],[0.35838,51.33238],[0.36049,51.33289],[0.36151,51.33368],[0.36264,51.33409],[0.3638,51.33437],[0.36619,51.33437],[0.36873,51.33682],[0.37244,51.33794],[0.38066,51.33968],[0.38382,51.33866],[0.38585,51.33754],[0.38943,51.33539],[0.38613,51.33199],[0.3803,51.32987],[0.37843,51.32953],[0.37646,51.32928],[0.37306,51.32894],[0.3719,51.32883],[0.37068,51.32867],[0.37025,51.32868],[0.36984,51.32863],[0.36902,51.3286],[0.36829,51.32853],[0.36747,51.32839],[0.36691,51.32836],[0.36606,51.32828],[0.3666,51.32778],[0.36709,51.32729],[0.36749,51.32699],[0.36787,51.32675],[0.3681,51.32666],[0.36936,51.32571],[0.36864,51.32619],[0.37066,51.32479],[0.37092,51.32459],[0.37121,51.32417],[0.37226,51.32381],[0.37328,51.32302],[0.37351,51.32279],[0.37348,51.32277],[0.37365,51.32268],[0.37396,51.32255],[0.37389,51.32247],[0.37421,51.32235],[0.37443,51.32212],[0.37496,51.32183],[0.37542,51.3213],[0.37637,51.3203],[0.37703,51.31981],[0.37769,51.31926],[0.37824,51.31872],[0.37882,51.31841],[0.37934,51.31792],[0.37982,51.31761],[0.38018,51.31734],[0.38059,51.31714],[0.3809,51.31688],[0.38117,51.31664],[0.38165,51.3164],[0.38211,51.3161],[0.38252,51.31568],[0.383,51.31526],[0.38361,51.31455],[0.38408,51.31413],[0.38486,51.31352],[0.38691,51.31226],[0.38734,51.31184],[0.3877,51.31133],[0.38909,51.30969],[0.39034,51.30906],[0.39109,51.30876],[0.39184,51.30784],[0.39209,51.30592],[0.39317,51.30262],[0.39127,51.29813],[0.39059,51.29541],[0.39044,51.29483],[0.39013,51.29422],[0.38995,51.29365],[0.38973,51.29302],[0.38952,51.29277],[0.38952,51.29245],[0.38937,51.29177],[0.38905,51.29105],[0.38878,51.29024],[0.38863,51.28985],[0.38848,51.28948],[0.38819,51.28866],[0.38786,51.28792],[0.38587,51.28155],[0.3845,51.27686],[0.3839,51.27519],[0.38315,51.27295],[0.38196,51.26829],[0.37929,51.25994],[0.37685,51.25607]]]]}},{"type":"Feature","properties":{"source_code":"F81113","codes":["F81113"],"label":"CHAFFORD HUNDRED MEDICAL CENTRE"},"geometry":{"type":"Polygon","coordinates":[[[0.28865,51.49143],[0.2947,51.49221],[0.30056,51.49313],[0.30932,51.49431],[0.31409,51.49485],[0.31929,51.49458],[0.31912,51.4941],[0.31899,51.49333],[0.31918,51.49233],[0.31898,51.49153],[0.31926,51.48937],[0.3192,51.48625],[0.31835,51.48774],[0.31792,51.48887],[0.31646,51.48903],[0.31513,51.48876],[0.31369,51.48822],[0.31237,51.48756],[0.31111,51.48722],[0.30597,51.4866],[0.30461,51.48562],[0.30401,51.48459],[0.30367,51.48229],[0.30245,51.48193],[0.30157,51.48136],[0.30112,51.48105],[0.29879,51.48084],[0.29822,51.48099],[0.2943,51.48093],[0.29323,51.47971],[0.28964,51.47898],[0.28807,51.48114],[0.28693,51.48357],[0.28865,51.49143]]]}},{"type":"Feature","properties":{"source_code":"G81634","codes":["G81634"],"label":"HERSTMONCEUX INTEGRATIVE HEALTH CENTRE"},"geometry":{"type":"MultiPolygon","coordinates":[[[[0.35033,50.86165],[0.31156,50.84888],[0.34264,50.85928],[0.35033,50.86165]]],[[[0.35033,50.86165],[0.36221,50.86556],[0.3677,50.86769],[0.38015,50.87165],[0.37353,50.86881],[0.35033,50.86165]]],[[[0.2731,50.87042],[0.30968,50.84974],[0.28668,50.86079],[0.26326,50.87594],[0.2731,50.87042]]],[[[0.25705,50.87996],[0.25955,50.87807],[0.2628,50.87624],[0.26326,50.87594],[0.26264,50.87629],[0.26132,50.8762],[0.26065,50.87615],[0.26032,50.87613],[0.26016,50.87612],[0.26007,50.87612],[0.26003,50.87611],[0.26001,50.87611],[0.26,50.87611],[0.26,50.87611],[0.26032,50.87618],[0.25999,50.87611],[0.24702,50.88707],[0.25234,50.883],[0.25705,50.87996]]],[[[0.38015,50.87165],[0.38916,50.87552],[0.41695,50.88665],[0.38143,50.87206],[0.38015,50.87165]]],[[[0.42347,50.88755],[0.42401,50.88745],[0.42346,50.88756],[0.4233,50.88776],[0.42435,50.88766],[0.42504,50.88733],[0.424,50.88744],[0.42366,50.88733],[0.42347,50.88755]]],[[[0.24241,50.89097],[0.24702,50.88707],[0.23543,50.89594],[0.22698,50.90241],[0.21852,50.90888],[0.21852,50.90893],[0.24241,50.89097]]],[[[0.21852,50.90893],[0.21801,50.90931],[0.2185,50.90949],[0.21852,50.90893]]],[[[0.21869,50.90956],[0.2185,50.90949],[0.2185,50.90961],[0.21869,50.90956]]],[[[0.2185,50.90961],[0.21647,50.91018],[0.21844,50.91134],[0.2185,50.90961]]],[[[0.42057,50.8881],[0.41695,50.88665],[0.42126,50.88842],[0.3677,50.86769],[0.34281,50.85976],[0.31139,50.84892],[0.2731,50.87042],[0.2628,50.87624],[0.25705,50.87996],[0.24241,50.89097],[0.24059,50.89251],[0.22119,50.9089],[0.22112,50.90888],[0.21869,50.90956],[0.33474,50.95173],[0.38143,50.95453],[0.42195,50.88874],[0.42228,50.88896],[0.4233,50.88776],[0.42194,50.88788],[0.42346,50.88756],[0.42347,50.88755],[0.42057,50.8881]]]]}},{"type":"Feature","properties":{"source_code":"Y02807","codes":["Y02807"],"label":"THURROCK HEALTH CENTRE"},"geometry":{"type":"Polygon","coordinates":[[[0.24479,51.52904],[0.27895,51.54868],[0.33886,51.57579],[0.42109,51.55616],[0.45774,51.54206],[0.47413,51.52626],[0.43357,51.46411],[0.39338,51.45473],[0.34289,51.45604],[0.27552,51.46214],[0.21904,51.49186],[0.24479,51.52904]]]}},{"type":"Feature","properties":{"source_code":"F81641","codes":["F81641"],"label":"MILTON ROAD AND THE GRAYS SURGERY"},"geometry":{"type":"Polygon","coordinates":[[[0.32169,51.4709],[0.31036,51.47711],[0.3035,51.4786],[0.28839,51.47582],[0.27397,51.47369],[0.27294,51.4987],[0.30591,51.51579],[0.36976,51.51537],[0.37319,51.50554],[0.38485,51.49913],[0.38108,51.49571],[0.37696,51.49122],[0.38005,51.48822],[0.37593,51.48395],[0.35671,51.48331],[0.35362,51.47454],[0.3447,51.47176],[0.33646,51.47133],[0.32169,51.4709]]]}},{"type":"Feature","properties":{"source_code":"F81192","codes":["F81192"],"label":"STIFFORD CLAYS MEDICAL CENTRE"},"geometry":{"type":"Polygon","coordinates":[[[0.2914,51.49229],[0.29598,51.49299],[0.29561,51.49435],[0.29549,51.49583],[0.29488,51.49792],[0.29522,51.49896],[0.29633,51.49958],[0.30171,51.49908],[0.30303,51.49809],[0.30564,51.49832],[0.30923,51.49949],[0.31559,51.50019],[0.32075,51.50297],[0.32467,51.50423],[0.32858,51.505],[0.33269,51.50564],[0.33475,51.50575],[0.3368,51.50559],[0.35311,51.50297],[0.3577,51.49576],[0.35931,51.49213],[0.36006,51.48849],[0.35866,51.48418],[0.3573,51.4827],[0.35568,51.48138],[0.35055,51.4788],[0.34899,51.47529],[0.34863,51.47183],[0.34622,51.47093],[0.34019,51.47299],[0.33382,51.47344],[0.33228,51.47412],[0.33048,51.47458],[0.33036,51.47662],[0.33092,51.48063],[0.32864,51.48007],[0.32637,51.47929],[0.32405,51.47859],[0.32173,51.47806],[0.32007,51.47795],[0.31962,51.47892],[0.31844,51.47919],[0.31751,51.47861],[0.31785,51.47813],[0.31749,51.47733],[0.31601,51.47686],[0.31227,51.47649],[0.31115,51.47626],[0.30969,51.47613],[0.30865,51.47645],[0.30735,51.47694],[0.30485,51.47756],[0.30364,51.47772],[0.30235,51.4776],[0.29985,51.47748],[0.2986,51.47734],[0.29734,51.47719],[0.29607,51.47677],[0.29471,51.47662],[0.29353,51.47675],[0.2923,51.47644],[0.29001,51.47622],[0.28891,51.4762],[0.2879,51.47614],[0.28753,51.47879],[0.28698,51.47929],[0.28669,51.4799],[0.28588,51.48178],[0.28585,51.48353],[0.28667,51.4852],[0.28788,51.49],[0.28852,51.49187],[0.2914,51.49229]]]}},{"type":"Feature","properties":{"source_code":"F81219","codes":["F81219"],"label":"DELL MEDICAL CENTRE"},"geometry":{"type":"Polygon","coordinates":[[[0.33643,51.48304],[0.33633,51.48239],[0.33615,51.48217],[0.32745,51.47973],[0.32515,51.47913],[0.32373,51.48269],[0.3242,51.48309],[0.32446,51.487],[0.32685,51.49033],[0.33185,51.4893],[0.33379,51.48898],[0.33512,51.48788],[0.33798,51.48837],[0.34072,51.48831],[0.34045,51.48419],[0.33853,51.4834],[0.33643,51.48304]]]}},{"type":"Feature","properties":{"source_code":"Y00999","codes":["Y00999"],"label":"ODDFELLOWS HALL & ST CLEMENTS"},"geometry":{"type":"Polygon","coordinates":[[[0.28856,51.47641],[0.28873,51.49154],[0.3047,51.49347],[0.31594,51.49466],[0.31895,51.48526],[0.32526,51.47891],[0.32198,51.47285],[0.30189,51.47491],[0.28982,51.47267],[0.28856,51.47641]]]}},{"type":"Feature","properties":{"source_code":"Y00080","codes":["Y00080"],"label":"HARBOUR MEDICAL PRACTICE"},"geometry":{"type":"Polygon","coordinates":[[[0.3388,50.79968],[0.33885,50.79962],[0.33897,50.79951],[0.33828,50.7985],[0.33322,50.79344],[0.33314,50.7934],[0.33313,50.79344],[0.33239,50.793],[0.33167,50.79262],[0.33031,50.79179],[0.32851,50.7907],[0.3274,50.79004],[0.32744,50.79005],[0.32851,50.7907],[0.33239,50.793],[0.33314,50.7934],[0.33421,50.78816],[0.32852,50.78624],[0.3247,50.78457],[0.32446,50.78494],[0.31918,50.78803],[0.31965,50.78781],[0.31923,50.78806],[0.31873,50.78811],[0.31662,50.78937],[0.31416,50.78992],[0.31438,50.79255],[0.31223,50.79665],[0.30985,50.80065],[0.31253,50.80326],[0.31538,50.8049],[0.31425,50.80587],[0.31485,50.80762],[0.31779,50.80838],[0.32661,50.81065],[0.32858,50.8104],[0.33667,50.80471],[0.33362,50.80237],[0.3388,50.79968]]]}},{"type":"Feature","properties":{"source_code":"G82155","codes":["G82155"],"label":"WATERFIELD HOUSE SURGERY"},"geometry":{"type":"Polygon","coordinates":[[[0.32474,51.12165],[0.32307,51.12087],[0.31981,51.11993],[0.31375,51.11936],[0.31045,51.1192],[0.29749,51.12001],[0.29135,51.12308],[0.29006,51.13105],[0.28699,51.13297],[0.28439,51.13532],[0.28292,51.14572],[0.28707,51.15412],[0.28801,51.15541],[0.29026,51.15639],[0.29122,51.15632],[0.29354,51.1569],[0.29685,51.15736],[0.30105,51.15666],[0.30358,51.15792],[0.30581,51.16139],[0.30562,51.16738],[0.31165,51.16838],[0.31747,51.16854],[0.32309,51.16881],[0.32356,51.16896],[0.32787,51.17143],[0.3312,51.17157],[0.333,51.17157],[0.33577,51.17324],[0.3377,51.17373],[0.3407,51.17423],[0.34223,51.17465],[0.34428,51.17509],[0.34646,51.17601],[0.34766,51.17681],[0.34968,51.1787],[0.3519,51.18307],[0.35832,51.18369],[0.35946,51.18285],[0.36015,51.1823],[0.36147,51.18145],[0.36326,51.18048],[0.3648,51.17897],[0.36644,51.17776],[0.36692,51.17764],[0.36918,51.17725],[0.37064,51.17682],[0.37109,51.17661],[0.37159,51.1764],[0.37268,51.17614],[0.37736,51.17498],[0.38002,51.17415],[0.38454,51.17156],[0.39135,51.17135],[0.39167,51.17169],[0.3928,51.17192],[0.39398,51.17284],[0.39436,51.17328],[0.39486,51.17394],[0.39604,51.17475],[0.3965,51.17568],[0.39772,51.17629],[0.39787,51.17423],[0.39937,51.16902],[0.39868,51.16629],[0.39868,51.16606],[0.39856,51.16581],[0.3983,51.16557],[0.39877,51.16492],[0.40087,51.16118],[0.40237,51.15924],[0.40091,51.15642],[0.40071,51.15528],[0.40182,51.15528],[0.40397,51.15507],[0.4068,51.15528],[0.40963,51.15545],[0.41538,51.15545],[0.418,51.15591],[0.42092,51.15518],[0.42199,51.15235],[0.42289,51.15117],[0.42387,51.15047],[0.42448,51.14936],[0.42392,51.14885],[0.42362,51.14729],[0.42306,51.14547],[0.42263,51.14489],[0.4228,51.14429],[0.42368,51.1437],[0.42469,51.14305],[0.42568,51.14223],[0.42628,51.14139],[0.42765,51.14002],[0.42983,51.13924],[0.42435,51.13412],[0.41851,51.12955],[0.41388,51.12513],[0.40941,51.12168],[0.40418,51.11856],[0.40452,51.11678],[0.4047,51.11495],[0.4047,51.11344],[0.40375,51.11198],[0.40169,51.1108],[0.39998,51.11128],[0.39706,51.11139],[0.39285,51.1122],[0.38656,51.11425],[0.37666,51.1178],[0.37291,51.11969],[0.36673,51.12217],[0.36021,51.12346],[0.35409,51.12384],[0.34894,51.12464],[0.34302,51.12481],[0.33907,51.12443],[0.33779,51.12351],[0.33676,51.12249],[0.33463,51.1219],[0.33381,51.12149],[0.333,51.12155],[0.3315,51.12125],[0.32873,51.12147],[0.32663,51.12222],[0.32474,51.12165]]]}},{"type":"Feature","properties":{"source_code":"F81623","codes":["F81623"],"label":"KADIM PRIMECARE MEDICAL CENTRE"},"geometry":{"type":"MultiPolygon","coordinates":[[[[0.27485,51.49673],[0.27423,51.49683],[0.27539,51.49696],[0.27485,51.49673]]],[[[0.27485,51.49673],[0.28869,51.49456],[0.29869,51.49977],[0.33259,51.50527],[0.36135,51.5238],[0.36869,51.5194],[0.37647,51.51864],[0.37808,51.51563],[0.37971,51.51408],[0.38692,51.51248],[0.39705,51.51109],[0.40255,51.51077],[0.41233,51.50287],[0.41456,51.48737],[0.40323,51.47133],[0.36598,51.45337],[0.35195,51.45042],[0.34236,51.45098],[0.33551,51.45583],[0.32049,51.47176],[0.29963,51.47358],[0.28303,51.46165],[0.26642,51.46599],[0.26874,51.4824],[0.26852,51.48975],[0.27105,51.4971],[0.27136,51.49704],[0.27442,51.49655],[0.27485,51.49673]]]]}},{"type":"Feature","properties":{"source_code":"F81211","codes":["F81211"],"label":"DR YADAVA N PRACTICE"},"geometry":{"type":"MultiPolygon","coordinates":[[[[0.30813,51.49501],[0.30813,51.49501],[0.30813,51.49528],[0.30813,51.49501]]],[[[0.30813,51.49501],[0.31878,51.50158],[0.37199,51.50009],[0.37251,51.47048],[0.29423,51.47283],[0.30822,51.48689],[0.30813,51.49501]]],[[[0.2726,51.51173],[0.27243,51.51173],[0.27243,51.51184],[0.2726,51.51184],[0.2726,51.51173]]]]}},{"type":"Feature","properties":{"source_code":"F81155","codes":["F81155"],"label":"BALFOUR MEDICAL CENTRE"},"geometry":{"type":"MultiPolygon","coordinates":[[[[0.32461,51.47478],[0.3242,51.47465],[0.32393,51.47486],[0.32461,51.47478]]],[[[0.32461,51.47478],[0.32521,51.47497],[0.32732,51.47467],[0.32751,51.47463],[0.32577,51.47516],[0.32521,51.47497],[0.32314,51.47527],[0.325,51.47539],[0.32169,51.47638],[0.32149,51.48316],[0.31963,51.49506],[0.31654,51.4999],[0.32169,51.50404],[0.33707,51.50667],[0.37395,51.5181],[0.40928,51.48769],[0.37457,51.48202],[0.32925,51.47411],[0.32846,51.47435],[0.32461,51.47478]]]]}},{"type":"Feature","properties":{"source_code":"G82754","codes":["G82754"],"label":"HADLOW MEDICAL CENTRE"},"geometry":{"type":"Polygon","coordinates":[[[0.28933,51.26398],[0.29497,51.26185],[0.29521,51.26199],[0.29705,51.26196],[0.29957,51.26176],[0.30076,51.26261],[0.30235,51.26229],[0.30328,51.26256],[0.30654,51.26336],[0.30883,51.26317],[0.31295,51.26294],[0.31764,51.26487],[0.32366,51.26576],[0.32612,51.26441],[0.32855,51.26234],[0.33052,51.26043],[0.33153,51.25767],[0.33306,51.2562],[0.33488,51.25573],[0.33741,51.25582],[0.34176,51.25559],[0.34518,51.25495],[0.34731,51.2562],[0.35079,51.257],[0.35482,51.25937],[0.35857,51.26073],[0.36391,51.26192],[0.36831,51.26241],[0.37547,51.26313],[0.38078,51.2636],[0.38595,51.26148],[0.38908,51.25983],[0.38449,51.25545],[0.38299,51.25303],[0.38008,51.25006],[0.37937,51.24532],[0.38061,51.2427],[0.38236,51.24093],[0.38561,51.23712],[0.38519,51.23338],[0.38818,51.22914],[0.39354,51.22629],[0.39738,51.22491],[0.39885,51.22243],[0.40068,51.21778],[0.39934,51.2142],[0.39712,51.20675],[0.39684,51.20128],[0.39137,51.19317],[0.38093,51.18661],[0.35429,51.17691],[0.35081,51.17626],[0.34599,51.17621],[0.33844,51.17651],[0.33684,51.17654],[0.33573,51.17728],[0.33185,51.17765],[0.33029,51.17869],[0.32817,51.17758],[0.32272,51.17855],[0.31951,51.17861],[0.31508,51.18173],[0.30946,51.18415],[0.31024,51.18601],[0.31236,51.19159],[0.3122,51.19303],[0.30596,51.19676],[0.30014,51.19961],[0.29927,51.20064],[0.29855,51.19993],[0.29592,51.19782],[0.29285,51.19601],[0.28616,51.19527],[0.28472,51.19415],[0.28101,51.19336],[0.27235,51.19453],[0.26907,51.19777],[0.26678,51.19796],[0.26642,51.19984],[0.26653,51.20214],[0.26752,51.20357],[0.26705,51.20329],[0.26696,51.20617],[0.26858,51.21119],[0.2673,51.21784],[0.26876,51.22877],[0.27088,51.23926],[0.27476,51.25273],[0.27635,51.25688],[0.27494,51.26109],[0.2722,51.26129],[0.26499,51.26417],[0.26446,51.26749],[0.26599,51.27049],[0.27334,51.27049],[0.27861,51.2701],[0.28418,51.26653],[0.28933,51.26398]]]}},{"type":"Feature","properties":{"source_code":"G82044","codes":["G82044"],"label":"SPRINGHEAD HEALTH"},"geometry":{"type":"Polygon","coordinates":[[[0.37651,51.41067],[0.37243,51.41243],[0.36894,51.41399],[0.3651,51.41482],[0.36352,51.41597],[0.36089,51.41686],[0.35929,51.41773],[0.35709,51.41833],[0.35445,51.41923],[0.3518,51.41993],[0.34812,51.42084],[0.34549,51.42183],[0.34359,51.42252],[0.34093,51.42304],[0.33901,51.42345],[0.33652,51.42434],[0.33373,51.42514],[0.33125,51.42612],[0.33023,51.4267],[0.33144,51.42695],[0.33208,51.42787],[0.33331,51.4286],[0.33382,51.4298],[0.33359,51.43111],[0.33321,51.43242],[0.33298,51.43373],[0.33363,51.43474],[0.33441,51.43556],[0.33536,51.43657],[0.33477,51.43667],[0.33196,51.4372],[0.33122,51.4373],[0.32905,51.43865],[0.32691,51.44047],[0.3258,51.44207],[0.32542,51.44348],[0.32372,51.44519],[0.32253,51.44531],[0.32005,51.44629],[0.32036,51.44665],[0.32069,51.4473],[0.32148,51.44803],[0.32288,51.44921],[0.32425,51.44984],[0.32518,51.45038],[0.32729,51.4509],[0.327,51.45109],[0.32788,51.4507],[0.3302,51.44953],[0.33358,51.44853],[0.33861,51.4476],[0.34319,51.44685],[0.34646,51.44651],[0.34957,51.44616],[0.35194,51.44584],[0.35463,51.44588],[0.35701,51.44574],[0.35864,51.4457],[0.36058,51.44566],[0.36251,51.44553],[0.3643,51.4454],[0.36608,51.44537],[0.36622,51.44508],[0.36604,51.44444],[0.36551,51.44295],[0.36517,51.44212],[0.36619,51.44173],[0.36752,51.44142],[0.36826,51.44131],[0.36854,51.44094],[0.36849,51.44001],[0.36953,51.43989],[0.37072,51.43987],[0.3709,51.44052],[0.37081,51.44164],[0.37142,51.44181],[0.37291,51.44187],[0.37436,51.4411],[0.37524,51.44071],[0.37657,51.4404],[0.37804,51.44],[0.37965,51.43959],[0.38098,51.43929],[0.38261,51.43907],[0.38396,51.43913],[0.38515,51.4392],[0.3872,51.43851],[0.38748,51.43813],[0.38759,51.43729],[0.38828,51.43634],[0.389,51.43577],[0.38987,51.43538],[0.38925,51.43492],[0.38893,51.43437],[0.38766,51.43291],[0.38746,51.43207],[0.38636,51.43088],[0.38602,51.43005],[0.38534,51.42857],[0.38542,51.42717],[0.3861,51.42585],[0.38529,51.42466],[0.38463,51.42337],[0.38383,51.42236],[0.38332,51.42116],[0.3828,51.41986],[0.38375,51.41807],[0.38489,51.41693],[0.38556,51.41552],[0.38655,51.41447],[0.38799,51.41351],[0.38897,51.41237],[0.38804,51.41165],[0.38783,51.41044],[0.38763,51.40942],[0.38669,51.4086],[0.37651,51.41067]]]}},{"type":"Feature","properties":{"source_code":"G82021","codes":["G82021"],"label":"THE SHRUBBERY SURGERY"},"geometry":{"type":"MultiPolygon","coordinates":[[[[0.41148,51.42975],[0.41156,51.42995],[0.4116,51.42975],[0.41192,51.42916],[0.41148,51.42975]]],[[[0.41156,51.42995],[0.41151,51.43015],[0.41157,51.43025],[0.41175,51.43047],[0.41156,51.42995]]],[[[0.41157,51.43025],[0.41151,51.43018],[0.41151,51.43015],[0.41138,51.4299],[0.41148,51.42975],[0.41191,51.42902],[0.41018,51.4292],[0.40764,51.42925],[0.4035,51.4297],[0.40212,51.42987],[0.40197,51.42922],[0.40096,51.42765],[0.40011,51.42687],[0.39983,51.42594],[0.39991,51.42521],[0.39962,51.42414],[0.39883,51.42234],[0.39831,51.42112],[0.39874,51.42054],[0.39959,51.41915],[0.40043,51.41754],[0.40252,51.41547],[0.40313,51.41379],[0.40362,51.41219],[0.40398,51.4103],[0.40451,51.40928],[0.40515,51.40825],[0.40529,51.40644],[0.40545,51.40521],[0.40535,51.40333],[0.40577,51.40253],[0.40486,51.40284],[0.40166,51.40355],[0.39846,51.4042],[0.39346,51.40589],[0.38994,51.40719],[0.38598,51.40879],[0.38163,51.4096],[0.37842,51.41017],[0.37376,51.41179],[0.37059,51.41308],[0.36785,51.41386],[0.36275,51.41584],[0.3588,51.41766],[0.35298,51.41922],[0.34512,51.42169],[0.33918,51.42319],[0.33451,51.42465],[0.33054,51.42618],[0.33113,51.42646],[0.33175,51.42724],[0.33248,51.42795],[0.33373,51.42973],[0.33368,51.43104],[0.33319,51.43271],[0.33267,51.4338],[0.33306,51.43466],[0.33355,51.43516],[0.33473,51.43579],[0.33502,51.4368],[0.3354,51.43758],[0.3364,51.43887],[0.33671,51.44052],[0.33714,51.44218],[0.33738,51.44232],[0.33837,51.44136],[0.33904,51.44084],[0.34014,51.43959],[0.34079,51.43885],[0.34205,51.43854],[0.34482,51.43834],[0.34655,51.4383],[0.34859,51.43754],[0.34928,51.43738],[0.35055,51.43728],[0.35145,51.43683],[0.35189,51.43631],[0.35302,51.43593],[0.35429,51.43576],[0.35567,51.43551],[0.35694,51.43556],[0.35877,51.43509],[0.36001,51.43456],[0.36161,51.43402],[0.36299,51.43392],[0.36482,51.43359],[0.36667,51.43356],[0.36907,51.433],[0.37248,51.4317],[0.37386,51.43168],[0.37467,51.43166],[0.37652,51.43155],[0.37955,51.43192],[0.38154,51.43246],[0.38365,51.43292],[0.38503,51.43282],[0.38594,51.43252],[0.38812,51.43218],[0.39055,51.4322],[0.39299,51.4323],[0.39404,51.43257],[0.39462,51.43256],[0.39658,51.4323],[0.39853,51.43197],[0.40014,51.43194],[0.40213,51.43226],[0.40343,51.43274],[0.40575,51.43298],[0.40843,51.43321],[0.41051,51.43317],[0.41259,51.43313],[0.41277,51.43218],[0.41204,51.43155],[0.41176,51.43061],[0.41157,51.43025]]]]}},{"type":"Feature","properties":{"source_code":"G82809","codes":["G82809"],"label":"DOWNS WAY MEDICAL PRACTICE"},"geometry":{"type":"MultiPolygon","coordinates":[[[[0.21011,51.42833],[0.18436,51.40499],[0.1442,51.42362],[0.16171,51.44395],[0.1775,51.4356],[0.21011,51.42833]]],[[[0.46912,51.43339],[0.47078,51.4322],[0.47688,51.43337],[0.48477,51.43129],[0.49231,51.4297],[0.49139,51.42481],[0.4904,51.42361],[0.4891,51.41976],[0.48901,51.41809],[0.49157,51.41613],[0.49071,51.41424],[0.48417,51.41319],[0.47943,51.41019],[0.47467,51.40672],[0.47952,51.40274],[0.47383,51.40157],[0.47106,51.39919],[0.46895,51.3983],[0.45569,51.39377],[0.40758,51.37713],[0.40091,51.37346],[0.39737,51.37108],[0.39083,51.37093],[0.38874,51.36839],[0.38573,51.36551],[0.3841,51.36282],[0.38219,51.36142],[0.37765,51.36008],[0.37596,51.35846],[0.37576,51.35674],[0.37568,51.35524],[0.37198,51.35452],[0.36952,51.3535],[0.36833,51.35273],[0.3686,51.35129],[0.36639,51.35055],[0.36574,51.34912],[0.36264,51.34904],[0.35625,51.35175],[0.35113,51.35702],[0.32474,51.393],[0.32393,51.39294],[0.3229,51.39296],[0.32177,51.39335],[0.32039,51.39323],[0.31895,51.39412],[0.31668,51.39474],[0.31453,51.39528],[0.31339,51.3953],[0.31201,51.39533],[0.3084,51.39655],[0.30309,51.39809],[0.29968,51.39888],[0.29698,51.39986],[0.29669,51.40094],[0.29775,51.40372],[0.29806,51.40529],[0.29881,51.40894],[0.29934,51.41022],[0.30103,51.41191],[0.30294,51.41345],[0.30367,51.41423],[0.30675,51.41847],[0.30764,51.4201],[0.30867,51.42015],[0.31123,51.42082],[0.31581,51.42281],[0.3186,51.42355],[0.32068,51.42379],[0.32349,51.42488],[0.32419,51.42509],[0.32684,51.42539],[0.32845,51.42536],[0.32996,51.42576],[0.33057,51.42647],[0.33236,51.42564],[0.34131,51.42324],[0.35364,51.41969],[0.36877,51.41463],[0.38705,51.40711],[0.38843,51.41161],[0.38927,51.41326],[0.3852,51.41549],[0.38688,51.41855],[0.39145,51.41846],[0.39806,51.42094],[0.39943,51.42521],[0.40191,51.42897],[0.40609,51.44342],[0.4211,51.44497],[0.43358,51.44726],[0.43994,51.44868],[0.44395,51.45225],[0.44878,51.45707],[0.45368,51.46224],[0.47105,51.43849],[0.46912,51.43339]]]]}},{"type":"Feature","properties":{"source_code":"F81708","codes":["F81708"],"label":"SAI MEDICAL CENTRE"},"geometry":{"type":"Polygon","coordinates":[[[0.36375,51.45786],[0.34006,51.47315],[0.33955,51.47497],[0.34118,51.47876],[0.35109,51.4859],[0.36444,51.49004],[0.38006,51.49464],[0.40051,51.5312],[0.43182,51.53585],[0.45556,51.54843],[0.48567,51.54323],[0.49623,51.52409],[0.4283,51.48277],[0.36375,51.45786]]]}},{"type":"Feature","properties":{"source_code":"G82073","codes":["G82073"],"label":"MEOPHAM MEDICAL CENTRE"},"geometry":{"type":"Polygon","coordinates":[[[0.35576,51.41502],[0.35874,51.4153],[0.36684,51.4134],[0.37182,51.41173],[0.38324,51.40797],[0.41204,51.40098],[0.41962,51.39439],[0.41759,51.38889],[0.41484,51.38184],[0.4138,51.37962],[0.4119,51.37568],[0.40989,51.36924],[0.40493,51.36062],[0.39764,51.34441],[0.39438,51.33796],[0.38654,51.33227],[0.37677,51.32724],[0.37346,51.3252],[0.36751,51.32007],[0.35527,51.31401],[0.33234,51.30919],[0.32057,51.30943],[0.31542,51.31052],[0.30705,51.31523],[0.30723,51.32449],[0.30054,51.33116],[0.2899,51.34538],[0.28989,51.34905],[0.2894,51.35427],[0.29199,51.36035],[0.30544,51.3585],[0.31546,51.35879],[0.31904,51.36219],[0.32056,51.36602],[0.31973,51.37001],[0.31683,51.37358],[0.30588,51.38049],[0.30571,51.38297],[0.30324,51.38613],[0.29503,51.39626],[0.29597,51.40021],[0.31246,51.40944],[0.3203,51.41646],[0.32862,51.41639],[0.33826,51.41554],[0.34454,51.41512],[0.35164,51.41502],[0.35576,51.41502]]]}},{"type":"Feature","properties":{"source_code":"G82032","codes":["G82032"],"label":"PELHAM MEDICAL PRACTICE"},"geometry":{"type":"MultiPolygon","coordinates":[[[[0.34814,51.43035],[0.34815,51.43035],[0.34814,51.43034],[0.34813,51.43035],[0.34814,51.43035]]],[[[0.34813,51.43035],[0.34804,51.43036],[0.34807,51.43042],[0.34813,51.43035]]],[[[0.38252,51.43139],[0.38252,51.43139],[0.38251,51.4314],[0.38252,51.43139]]],[[[0.38252,51.43139],[0.38493,51.43158],[0.38701,51.43171],[0.38702,51.43173],[0.38493,51.43158],[0.38254,51.43142],[0.3701,51.43047],[0.37026,51.43051],[0.36966,51.43043],[0.38252,51.43139],[0.38548,51.42905],[0.38075,51.42948],[0.37121,51.42677],[0.36741,51.42703],[0.36351,51.42702],[0.36461,51.43005],[0.36533,51.4301],[0.36458,51.43006],[0.36292,51.42988],[0.36178,51.42969],[0.3604,51.42932],[0.35908,51.42896],[0.35893,51.42896],[0.35806,51.43019],[0.35806,51.43019],[0.35806,51.43019],[0.35762,51.43081],[0.35435,51.43175],[0.35568,51.43122],[0.35669,51.43096],[0.35751,51.43052],[0.35806,51.43019],[0.35806,51.43019],[0.35783,51.42998],[0.35753,51.42967],[0.35796,51.42923],[0.35857,51.42897],[0.35893,51.42896],[0.35896,51.42892],[0.35162,51.42585],[0.34806,51.43024],[0.34814,51.43034],[0.34816,51.43031],[0.34815,51.43035],[0.34815,51.43035],[0.34814,51.43035],[0.3481,51.43047],[0.34807,51.43042],[0.34789,51.43067],[0.34719,51.43132],[0.34693,51.43172],[0.34689,51.43214],[0.34709,51.43264],[0.3474,51.43313],[0.34677,51.4331],[0.34576,51.43319],[0.34467,51.43399],[0.34396,51.43454],[0.34348,51.43512],[0.34278,51.43584],[0.34319,51.43608],[0.34445,51.43648],[0.34516,51.43696],[0.34573,51.43716],[0.34621,51.43761],[0.34642,51.43842],[0.34652,51.43927],[0.34681,51.4394],[0.34771,51.43921],[0.3497,51.43931],[0.35074,51.43968],[0.35166,51.44005],[0.35317,51.44076],[0.35449,51.44116],[0.3548,51.44155],[0.35531,51.44161],[0.35572,51.44192],[0.35642,51.44226],[0.35671,51.44232],[0.35727,51.44227],[0.35852,51.44232],[0.36011,51.44232],[0.36175,51.4424],[0.36306,51.44244],[0.36448,51.44248],[0.36561,51.44246],[0.36555,51.44243],[0.36518,51.44187],[0.36535,51.44179],[0.36585,51.44175],[0.36647,51.44159],[0.36692,51.44158],[0.36743,51.44154],[0.36822,51.44145],[0.36883,51.4413],[0.36911,51.44108],[0.36914,51.44065],[0.36899,51.44002],[0.36933,51.44001],[0.37057,51.43988],[0.37106,51.43948],[0.37149,51.43908],[0.37198,51.43858],[0.37235,51.43804],[0.37276,51.43736],[0.37302,51.43686],[0.3734,51.43653],[0.37477,51.43562],[0.37547,51.43486],[0.37522,51.43444],[0.37472,51.43364],[0.37431,51.43322],[0.37448,51.43223],[0.37502,51.43176],[0.37506,51.43177],[0.37542,51.4317],[0.37936,51.43187],[0.38166,51.4325],[0.38441,51.43298],[0.38642,51.43236],[0.38728,51.43234],[0.38729,51.43236],[0.38731,51.43236],[0.38986,51.43521],[0.39369,51.43263],[0.39399,51.43269],[0.39439,51.43396],[0.39488,51.43445],[0.39667,51.43696],[0.39967,51.4358],[0.39786,51.43417],[0.39687,51.4332],[0.39677,51.43275],[0.39687,51.43227],[0.39737,51.43229],[0.39888,51.43198],[0.40006,51.43178],[0.40115,51.43197],[0.40274,51.43222],[0.40379,51.43269],[0.40567,51.43301],[0.40749,51.433],[0.40908,51.43308],[0.41094,51.43304],[0.41219,51.43305],[0.41298,51.433],[0.41298,51.43296],[0.41288,51.43222],[0.41286,51.43169],[0.41243,51.43117],[0.41213,51.43089],[0.41205,51.43043],[0.41186,51.43008],[0.41173,51.4297],[0.41172,51.42955],[0.4117,51.42906],[0.41163,51.42892],[0.40983,51.42913],[0.40865,51.42919],[0.40661,51.42927],[0.40402,51.4295],[0.40193,51.42968],[0.40244,51.42957],[0.4023,51.42922],[0.40199,51.42869],[0.40152,51.42828],[0.40056,51.42727],[0.39989,51.42629],[0.39996,51.42551],[0.39985,51.42459],[0.39957,51.4246],[0.39872,51.42465],[0.39756,51.42506],[0.39689,51.42529],[0.39661,51.4254],[0.39548,51.42546],[0.39458,51.42548],[0.39378,51.4255],[0.3927,51.42527],[0.39229,51.42517],[0.3925,51.42481],[0.39237,51.42453],[0.39208,51.42429],[0.39122,51.4241],[0.39043,51.42411],[0.39026,51.42408],[0.38969,51.42416],[0.38939,51.42382],[0.38884,51.42308],[0.38802,51.42257],[0.3876,51.42212],[0.38691,51.42181],[0.38616,51.42158],[0.38492,51.42171],[0.3842,51.4219],[0.3837,51.42213],[0.38425,51.42289],[0.38479,51.42345],[0.38496,51.42367],[0.38568,51.42619],[0.38567,51.42623],[0.38535,51.42669],[0.38516,51.42741],[0.38542,51.428],[0.38559,51.42906],[0.38561,51.4292],[0.38553,51.42906],[0.38252,51.43139]]],[[[0.38697,51.43162],[0.38697,51.43163],[0.38697,51.43162],[0.38697,51.43162]]]]}},{"type":"Feature","properties":{"source_code":"F81652","codes":["F81652"],"label":"MEDIC HOUSE"},"geometry":{"type":"MultiPolygon","coordinates":[[[[0.37363,51.47357],[0.37383,51.47351],[0.37349,51.47355],[0.37337,51.4736],[0.37363,51.47357]]],[[[0.37349,51.47355],[0.37474,51.47304],[0.37268,51.47352],[0.37272,51.47365],[0.37349,51.47355]]],[[[0.373,51.47375],[0.37337,51.4736],[0.37273,51.47368],[0.37277,51.47382],[0.373,51.47375]]],[[[0.37273,51.47368],[0.37272,51.47365],[0.36958,51.47403],[0.36972,51.47406],[0.37273,51.47368]]],[[[0.37363,51.47357],[0.373,51.47375],[0.37278,51.47384],[0.37283,51.47403],[0.37568,51.47331],[0.37363,51.47357]]],[[[0.37278,51.47384],[0.37277,51.47382],[0.37111,51.4743],[0.37135,51.47435],[0.37225,51.47406],[0.37278,51.47384]]],[[[0.37148,51.47437],[0.37135,51.47435],[0.37053,51.47461],[0.37148,51.47437]]],[[[0.37283,51.47403],[0.37148,51.47437],[0.37302,51.47464],[0.37283,51.47403]]],[[[0.37053,51.47461],[0.36719,51.47545],[0.37111,51.4743],[0.36972,51.47406],[0.36652,51.47446],[0.36714,51.47433],[0.36958,51.47403],[0.36821,51.47379],[0.37731,51.47198],[0.37474,51.47304],[0.37834,51.47219],[0.37383,51.47351],[0.38108,51.47262],[0.3871,51.4663],[0.38315,51.46427],[0.37405,51.46026],[0.36916,51.4582],[0.36324,51.457],[0.34899,51.46459],[0.34917,51.4693],[0.35715,51.47224],[0.36633,51.47588],[0.36564,51.47615],[0.3677,51.47551],[0.37053,51.47461]]],[[[0.43465,51.46735],[0.42984,51.4647],[0.41885,51.47061],[0.40924,51.48058],[0.40461,51.48812],[0.39671,51.49859],[0.40117,51.50596],[0.41233,51.50142],[0.41697,51.4925],[0.42641,51.48293],[0.43396,51.47461],[0.43465,51.46735]]]]}},{"type":"Feature","properties":{"source_code":"F81206","codes":["F81206"],"label":"COMMONWEALTH HEALTH CENTRE"},"geometry":{"type":"Polygon","coordinates":[[[0.3862,51.53296],[0.3924,51.51498],[0.40717,51.51603],[0.407,51.50459],[0.40314,51.49779],[0.43958,51.48567],[0.4398,51.48566],[0.43636,51.46256],[0.42229,51.45786],[0.40375,51.45422],[0.38521,51.45358],[0.37182,51.45208],[0.35843,51.45165],[0.34332,51.45187],[0.34023,51.45486],[0.32993,51.46919],[0.33611,51.46877],[0.33911,51.47209],[0.33852,51.47219],[0.33611,51.46941],[0.32993,51.46962],[0.32238,51.47304],[0.31277,51.47497],[0.30762,51.47454],[0.30773,51.47471],[0.28976,51.47155],[0.28633,51.48395],[0.29045,51.4987],[0.29903,51.50169],[0.30624,51.5019],[0.32787,51.51152],[0.31792,51.52071],[0.31723,51.52519],[0.32719,51.53651],[0.33646,51.53246],[0.35088,51.53139],[0.35088,51.53416],[0.36324,51.54206],[0.37577,51.54473],[0.37929,51.53432],[0.3862,51.53296]],[[0.32025,51.49478],[0.3229,51.49413],[0.32281,51.4942],[0.32019,51.49543],[0.32025,51.49478]],[[0.34411,51.48926],[0.34601,51.48848],[0.34458,51.4893],[0.34411,51.48926]],[[0.3209,51.48831],[0.32093,51.48793],[0.32101,51.48801],[0.3209,51.48831]],[[0.31743,51.48494],[0.31792,51.4848],[0.31961,51.48655],[0.31924,51.48619],[0.31772,51.48494],[0.31743,51.48494]],[[0.35511,51.48474],[0.35792,51.48359],[0.35819,51.48396],[0.35511,51.48474]],[[0.41264,51.48177],[0.41302,51.4816],[0.41314,51.48184],[0.41264,51.48177]],[[0.3598,51.47668],[0.35843,51.47155],[0.34641,51.4709],[0.34131,51.47173],[0.34813,51.47026],[0.35912,51.47112],[0.37731,51.47155],[0.37731,51.47156],[0.35888,51.47186],[0.36055,51.47652],[0.35607,51.48059],[0.35603,51.48053],[0.3598,51.47668]]]}},{"type":"Feature","properties":{"source_code":"F81110","codes":["F81110"],"label":"TILBURY HEALTH CENTRE"},"geometry":{"type":"MultiPolygon","coordinates":[[[[0.41714,51.45588],[0.41833,51.45593],[0.41874,51.45528],[0.41707,51.45517],[0.41714,51.45588]]],[[[0.36341,51.45069],[0.34819,51.45158],[0.34365,51.45146],[0.34015,51.45283],[0.33537,51.45568],[0.33291,51.45918],[0.332,51.46321],[0.32847,51.47063],[0.31532,51.4985],[0.32291,51.50337],[0.33478,51.5052],[0.35601,51.50214],[0.3819,51.50571],[0.39537,51.51014],[0.40746,51.50432],[0.40693,51.49566],[0.41305,51.48633],[0.42289,51.47197],[0.43617,51.46389],[0.42976,51.4592],[0.41718,51.45623],[0.41714,51.45588],[0.41375,51.45572],[0.40579,51.4539],[0.39748,51.45379],[0.38901,51.45235],[0.38019,51.4524],[0.36341,51.45069]]]]}},{"type":"Feature","properties":{"source_code":"G82067","codes":["G82067"],"label":"OLD ROAD WEST SURGERY"},"geometry":{"type":"Polygon","coordinates":[[[0.38326,51.40957],[0.37209,51.4128],[0.36808,51.4141],[0.36381,51.41575],[0.36045,51.41698],[0.36037,51.41721],[0.36032,51.41814],[0.35988,51.4185],[0.35999,51.41896],[0.36038,51.4193],[0.3609,51.42027],[0.36122,51.42125],[0.36176,51.42269],[0.36228,51.42366],[0.36279,51.42458],[0.36301,51.42539],[0.36353,51.42648],[0.36329,51.42712],[0.36379,51.42781],[0.36419,51.42838],[0.36441,51.42907],[0.36483,51.42999],[0.36325,51.42996],[0.36203,51.42964],[0.36147,51.42971],[0.36131,51.43017],[0.36043,51.43106],[0.36076,51.4321],[0.36129,51.43336],[0.36161,51.43411],[0.36204,51.43532],[0.36228,51.4363],[0.36241,51.43699],[0.36303,51.43831],[0.36363,51.43917],[0.36403,51.43962],[0.36425,51.44037],[0.36445,51.44071],[0.36476,51.44117],[0.36497,51.44169],[0.36547,51.44249],[0.36575,51.44248],[0.36677,51.44246],[0.36751,51.44245],[0.36891,51.44254],[0.36955,51.44241],[0.37046,51.44216],[0.37138,51.44197],[0.37239,51.44183],[0.37303,51.44164],[0.37358,51.44146],[0.37505,51.4412],[0.37559,51.44095],[0.37651,51.44076],[0.37705,51.4404],[0.37787,51.4401],[0.37914,51.43972],[0.38043,51.43952],[0.38254,51.43913],[0.38403,51.4391],[0.38577,51.43883],[0.38698,51.43875],[0.38742,51.43845],[0.38767,51.43787],[0.38764,51.43717],[0.38807,51.43658],[0.38924,51.43587],[0.39031,51.43509],[0.39165,51.43408],[0.39271,51.43324],[0.39396,51.43229],[0.39387,51.43224],[0.39303,51.43214],[0.39127,51.43212],[0.38951,51.43227],[0.38775,51.4323],[0.38756,51.43219],[0.38697,51.43157],[0.38628,51.43077],[0.38577,51.42979],[0.38581,51.42887],[0.38544,51.42708],[0.38585,51.42608],[0.38588,51.42475],[0.38459,51.42315],[0.38311,51.42156],[0.38277,51.42023],[0.38282,51.41948],[0.38375,51.41778],[0.38442,51.41638],[0.38554,51.41485],[0.38641,51.41373],[0.3875,51.4133],[0.38839,51.41259],[0.38838,51.41241],[0.38834,51.4116],[0.38793,51.41074],[0.38749,51.40959],[0.38612,51.40985],[0.38464,51.40988],[0.38326,51.40957]]]}},{"type":"Feature","properties":{"source_code":"G82780","codes":["G82780"],"label":"GRAVESEND MEDICAL CENTRE"},"geometry":{"type":"Polygon","coordinates":[[[0.388,51.43226],[0.38701,51.42715],[0.38723,51.42225],[0.38591,51.42008],[0.38263,51.41997],[0.38229,51.42002],[0.38216,51.42017],[0.38195,51.42046],[0.3807,51.42196],[0.37983,51.42194],[0.3789,51.4219],[0.37744,51.42197],[0.35238,51.42129],[0.34418,51.42209],[0.33088,51.42653],[0.33362,51.4287],[0.33396,51.429],[0.33437,51.42919],[0.33491,51.42926],[0.33783,51.42902],[0.34513,51.43379],[0.34268,51.43567],[0.34255,51.43571],[0.34495,51.44679],[0.39448,51.44406],[0.39252,51.44158],[0.3919,51.4405],[0.38937,51.4348],[0.388,51.43226]],[[0.36132,51.43006],[0.37043,51.42731],[0.37092,51.42717],[0.35979,51.43052],[0.36132,51.43006]],[[0.37737,51.42522],[0.37749,51.42519],[0.37723,51.42527],[0.37737,51.42522]],[[0.37888,51.42413],[0.37898,51.42402],[0.37888,51.42414],[0.37888,51.42413]]]}},{"type":"Feature","properties":{"source_code":"G82062","codes":["G82062"],"label":"PARROCK STREET SURGERY"},"geometry":{"type":"Polygon","coordinates":[[[0.37119,51.44128],[0.37209,51.44303],[0.37559,51.44298],[0.37776,51.43999],[0.37319,51.4384],[0.37812,51.43787],[0.37923,51.43653],[0.37546,51.43602],[0.36902,51.43637],[0.36255,51.43768],[0.36045,51.44001],[0.36152,51.44145],[0.36465,51.44161],[0.37119,51.44128]]]}},{"type":"Feature","properties":{"source_code":"G82808","codes":["G82808"],"label":"OAKFIELD HEALTH CENTRE, PRACTICE 2"},"geometry":{"type":"Polygon","coordinates":[[[0.36449,51.43368],[0.39901,51.43218],[0.40656,51.40435],[0.359,51.41687],[0.36449,51.43368]]]}},{"type":"Feature","properties":{"source_code":"G81052","codes":["G81052"],"label":"FAIRFIELD SURGERY"},"geometry":{"type":"Polygon","coordinates":[[[0.48065,50.98783],[0.47722,50.97918],[0.44014,50.96967],[0.42091,50.96102],[0.41748,50.94588],[0.37491,50.94978],[0.34126,50.95064],[0.32616,50.95843],[0.3035,50.96059],[0.27054,50.97183],[0.27247,50.97427],[0.27191,50.97378],[0.27328,50.97724],[0.27706,50.97983],[0.2885,50.98864],[0.29011,51.00339],[0.30899,51.00857],[0.33302,51.01591],[0.37525,51.03319],[0.38555,51.04204],[0.4113,51.04657],[0.4422,51.03319],[0.45937,51.03189],[0.4731,51.01807],[0.47447,51.00727],[0.48065,50.98783]],[[0.28845,50.98819],[0.27436,50.97591],[0.2774,50.97767],[0.28187,50.97961],[0.2877,50.9807],[0.28839,50.98761],[0.28845,50.98819]]]}},{"type":"Feature","properties":{"source_code":"G82118","codes":["G82118"],"label":"WOODLANDS HEALTH CENTRE"},"geometry":{"type":"Polygon","coordinates":[[[0.4101,51.2262],[0.40664,51.22376],[0.40376,51.21963],[0.40144,51.21341],[0.40088,51.20903],[0.40026,51.19712],[0.40335,51.19266],[0.40933,51.19233],[0.413,51.19895],[0.42399,51.19893],[0.43134,51.19313],[0.43157,51.18476],[0.43068,51.18059],[0.42566,51.17379],[0.421,51.1674],[0.42429,51.16023],[0.42184,51.15797],[0.41698,51.1541],[0.40959,51.15258],[0.39647,51.14971],[0.3875,51.1499],[0.38116,51.14961],[0.37197,51.1454],[0.36206,51.14016],[0.35621,51.13631],[0.34468,51.13842],[0.32747,51.14002],[0.31362,51.14239],[0.3087,51.14374],[0.31323,51.15453],[0.3204,51.15815],[0.32919,51.1609],[0.33182,51.16692],[0.33799,51.17056],[0.3348,51.17334],[0.33021,51.17469],[0.32631,51.17644],[0.31254,51.18048],[0.30467,51.18293],[0.29181,51.19197],[0.31118,51.21334],[0.31154,51.21375],[0.31267,51.21645],[0.31515,51.21933],[0.31814,51.21927],[0.32453,51.2204],[0.33092,51.22174],[0.33303,51.22379],[0.3367,51.22392],[0.34012,51.22574],[0.34454,51.22753],[0.34954,51.22764],[0.35748,51.22643],[0.37078,51.22595],[0.38146,51.22637],[0.3936,51.22925],[0.40209,51.23243],[0.40735,51.23734],[0.41701,51.23735],[0.42007,51.23206],[0.41793,51.22938],[0.4101,51.2262]]]}}]}