{"type":"FeatureCollection","metadata":{"bundle_id":"bundle-035","practice_count":92,"feature_count":92},"features":[{"type":"Feature","properties":{"source_code":"C82097","codes":["C82097"],"label":"CHARNWOOD SURGERY"},"geometry":{"type":"Polygon","coordinates":[[[-1.20383,52.72439],[-1.20563,52.72575],[-1.20588,52.72788],[-1.20577,52.72907],[-1.20355,52.73176],[-1.19987,52.73529],[-1.19779,52.73711],[-1.19522,52.7375],[-1.20464,52.74561],[-1.19834,52.74847],[-1.19538,52.75023],[-1.19435,52.75283],[-1.19647,52.75456],[-1.19018,52.75653],[-1.19596,52.76072],[-1.19833,52.76482],[-1.201,52.76816],[-1.20447,52.77084],[-1.20737,52.77252],[-1.2097,52.77349],[-1.2124,52.77522],[-1.21734,52.77727],[-1.21448,52.77903],[-1.21174,52.77936],[-1.20608,52.77885],[-1.20431,52.77949],[-1.20265,52.77954],[-1.19673,52.77743],[-1.19415,52.77984],[-1.19385,52.78025],[-1.17978,52.78027],[-1.17451,52.78],[-1.17211,52.77791],[-1.1691,52.7767],[-1.16825,52.77545],[-1.16555,52.77342],[-1.16469,52.77264],[-1.16207,52.77138],[-1.15443,52.77263],[-1.14651,52.77317],[-1.1385,52.77341],[-1.13419,52.77289],[-1.13209,52.77299],[-1.12949,52.77321],[-1.12647,52.7704],[-1.11732,52.75683],[-1.11182,52.75874],[-1.1069,52.76042],[-1.10307,52.76164],[-1.09887,52.75699],[-1.09385,52.75416],[-1.09057,52.75248],[-1.08628,52.75215],[-1.08064,52.7511],[-1.07881,52.7499],[-1.07129,52.74528],[-1.06792,52.74312],[-1.06646,52.74305],[-1.06499,52.74334],[-1.07317,52.72605],[-1.08001,52.71159],[-1.08361,52.71162],[-1.08661,52.71271],[-1.0907,52.71303],[-1.09745,52.71214],[-1.10281,52.71218],[-1.10751,52.7115],[-1.11268,52.71154],[-1.11871,52.71224],[-1.12067,52.7119],[-1.12207,52.71031],[-1.12374,52.70961],[-1.12874,52.70828],[-1.1316,52.70671],[-1.13423,52.70661],[-1.13675,52.70734],[-1.13782,52.70752],[-1.14058,52.70624],[-1.1427,52.70744],[-1.1471,52.7067],[-1.1475,52.70629],[-1.15639,52.70534],[-1.1603,52.70484],[-1.16308,52.70249],[-1.16848,52.70028],[-1.17173,52.69858],[-1.17069,52.69686],[-1.17534,52.69316],[-1.18056,52.69053],[-1.18462,52.69245],[-1.18817,52.6955],[-1.19056,52.69812],[-1.1971,52.69763],[-1.19645,52.69579],[-1.19778,52.6926],[-1.20132,52.69049],[-1.20282,52.68884],[-1.21047,52.68582],[-1.21499,52.68419],[-1.21408,52.68021],[-1.22059,52.68168],[-1.22593,52.68242],[-1.2274,52.68243],[-1.23176,52.68364],[-1.2364,52.68592],[-1.23823,52.68724],[-1.23681,52.69007],[-1.23629,52.69202],[-1.23226,52.69437],[-1.23035,52.69738],[-1.22805,52.7008],[-1.224,52.7035],[-1.21722,52.70618],[-1.224,52.70894],[-1.23147,52.71142],[-1.23611,52.71382],[-1.23307,52.71469],[-1.22955,52.71484],[-1.22768,52.71584],[-1.22358,52.71617],[-1.22101,52.71793],[-1.21988,52.72106],[-1.21388,52.72392],[-1.2032,52.72125],[-1.20383,52.72439]]]}},{"type":"Feature","properties":{"source_code":"C82095","codes":["C82095"],"label":"ALPINE HOUSE SURGERY"},"geometry":{"type":"Polygon","coordinates":[[[-1.18381,52.74966],[-1.18467,52.75186],[-1.17889,52.75245],[-1.17282,52.75244],[-1.16253,52.74986],[-1.15485,52.74656],[-1.14974,52.74367],[-1.14429,52.74042],[-1.13969,52.73772],[-1.13868,52.73673],[-1.13715,52.73572],[-1.13538,52.73366],[-1.13194,52.72915],[-1.12876,52.72474],[-1.12814,52.72129],[-1.12702,52.71731],[-1.12504,52.7128],[-1.12405,52.7106],[-1.12445,52.70788],[-1.12625,52.70382],[-1.12672,52.70199],[-1.12721,52.70134],[-1.12807,52.70336],[-1.1286,52.70476],[-1.12871,52.70576],[-1.12857,52.70615],[-1.12798,52.70779],[-1.12796,52.70886],[-1.12956,52.70838],[-1.13066,52.70726],[-1.13231,52.70657],[-1.13368,52.7065],[-1.13536,52.70682],[-1.13672,52.70733],[-1.13723,52.70765],[-1.13922,52.70704],[-1.13983,52.70657],[-1.14115,52.70731],[-1.14244,52.7075],[-1.14499,52.7071],[-1.14637,52.70667],[-1.14823,52.70608],[-1.15345,52.70544],[-1.15767,52.70516],[-1.16017,52.70486],[-1.15762,52.701],[-1.15595,52.69846],[-1.15414,52.69635],[-1.15072,52.69324],[-1.14449,52.68839],[-1.14484,52.68816],[-1.14661,52.68776],[-1.14885,52.68772],[-1.15379,52.6876],[-1.1581,52.68703],[-1.16096,52.68608],[-1.16556,52.68408],[-1.16591,52.68366],[-1.17133,52.68344],[-1.17823,52.68231],[-1.18064,52.69116],[-1.18132,52.69184],[-1.18277,52.69266],[-1.18375,52.6928],[-1.18508,52.69294],[-1.18581,52.69305],[-1.18826,52.69549],[-1.18999,52.69752],[-1.19075,52.69791],[-1.19196,52.69798],[-1.19863,52.69752],[-1.19906,52.69753],[-1.19988,52.69764],[-1.20115,52.69858],[-1.20234,52.6994],[-1.20786,52.7009],[-1.20823,52.70165],[-1.20639,52.70383],[-1.20444,52.70659],[-1.20344,52.70982],[-1.20356,52.71233],[-1.20371,52.71366],[-1.20469,52.71409],[-1.20602,52.71454],[-1.20566,52.71556],[-1.20359,52.72022],[-1.20425,52.72417],[-1.20591,52.72557],[-1.20592,52.72729],[-1.20595,52.72805],[-1.20529,52.72867],[-1.20601,52.72925],[-1.20477,52.73097],[-1.20241,52.73312],[-1.20039,52.73517],[-1.19825,52.73688],[-1.19799,52.73719],[-1.19479,52.73793],[-1.19297,52.73849],[-1.18776,52.74076],[-1.18594,52.74184],[-1.18435,52.74392],[-1.18146,52.74641],[-1.18076,52.74714],[-1.18323,52.74825],[-1.18381,52.74966]]]}},{"type":"Feature","properties":{"source_code":"C82600","codes":["C82600"],"label":"THE BANKS SURGERY"},"geometry":{"type":"Polygon","coordinates":[[[-1.07071,52.71076],[-1.07986,52.71134],[-1.08588,52.69942],[-1.09694,52.70072],[-1.10262,52.70534],[-1.11082,52.70686],[-1.11476,52.70651],[-1.11863,52.70902],[-1.12431,52.70971],[-1.12738,52.71787],[-1.12865,52.72415],[-1.13186,52.72913],[-1.1381,52.73684],[-1.14709,52.74191],[-1.1547,52.7465],[-1.16311,52.7502],[-1.16632,52.75135],[-1.16045,52.75196],[-1.15123,52.75087],[-1.14985,52.75058],[-1.14896,52.75249],[-1.15301,52.75411],[-1.15368,52.7593],[-1.14764,52.76094],[-1.14031,52.75752],[-1.13561,52.75361],[-1.12941,52.75552],[-1.11829,52.75638],[-1.10308,52.7615],[-1.0991,52.76011],[-1.08075,52.75343],[-1.0802,52.75038],[-1.07379,52.74706],[-1.0667,52.74387],[-1.05987,52.74242],[-1.04638,52.73932],[-1.04068,52.73913],[-1.0348,52.73707],[-1.03639,52.73451],[-1.03589,52.73273],[-1.03688,52.72994],[-1.03343,52.72575],[-1.03764,52.72335],[-1.04603,52.7164],[-1.05095,52.70957],[-1.05854,52.71103],[-1.07071,52.71076]]]}},{"type":"Feature","properties":{"source_code":"C82644","codes":["C82644"],"label":"DR MK LAKHANI'S PRACTICE"},"geometry":{"type":"Polygon","coordinates":[[[-1.12926,52.72009],[-1.12751,52.71954],[-1.12842,52.72328],[-1.13019,52.72705],[-1.13258,52.72988],[-1.13519,52.73328],[-1.13998,52.73767],[-1.14268,52.73955],[-1.13937,52.7416],[-1.13588,52.74297],[-1.13474,52.74358],[-1.13555,52.74489],[-1.13734,52.74556],[-1.13958,52.7459],[-1.14138,52.74597],[-1.14323,52.74622],[-1.14632,52.74553],[-1.14816,52.7462],[-1.1497,52.74736],[-1.15041,52.74864],[-1.15161,52.7496],[-1.15311,52.75002],[-1.15364,52.7505],[-1.15269,52.75174],[-1.15278,52.75221],[-1.15713,52.75438],[-1.16036,52.75668],[-1.16241,52.75897],[-1.15739,52.76101],[-1.15969,52.7636],[-1.15995,52.76509],[-1.16105,52.76634],[-1.16118,52.76951],[-1.16141,52.77028],[-1.16232,52.77138],[-1.15502,52.77266],[-1.14764,52.77299],[-1.13874,52.77355],[-1.13587,52.773],[-1.13152,52.773],[-1.12858,52.77345],[-1.12643,52.77394],[-1.12468,52.77357],[-1.12332,52.77296],[-1.12284,52.77246],[-1.12286,52.77145],[-1.1221,52.77035],[-1.12118,52.77002],[-1.11917,52.77071],[-1.11734,52.76946],[-1.11249,52.76548],[-1.1088,52.76418],[-1.10565,52.76303],[-1.10295,52.76153],[-1.09784,52.76294],[-1.08431,52.76787],[-1.07786,52.7728],[-1.0731,52.774],[-1.06551,52.77501],[-1.06251,52.77594],[-1.05798,52.77771],[-1.05193,52.77973],[-1.04918,52.78048],[-1.04803,52.78157],[-1.04686,52.78126],[-1.04985,52.77435],[-1.05261,52.76851],[-1.05532,52.763],[-1.05895,52.75538],[-1.06253,52.7478],[-1.06478,52.74311],[-1.06983,52.73267],[-1.06568,52.73287],[-1.06218,52.7324],[-1.06091,52.73242],[-1.05755,52.72978],[-1.05439,52.72926],[-1.05237,52.72782],[-1.04901,52.72741],[-1.0458,52.72712],[-1.0442,52.72669],[-1.05072,52.72283],[-1.05508,52.72005],[-1.06806,52.7105],[-1.07546,52.71085],[-1.07983,52.71163],[-1.08335,52.71145],[-1.08616,52.71248],[-1.0898,52.71328],[-1.09362,52.7125],[-1.09811,52.71198],[-1.1025,52.7121],[-1.10558,52.71171],[-1.11046,52.71151],[-1.1128,52.71146],[-1.11752,52.71206],[-1.11961,52.71228],[-1.1207,52.71161],[-1.12219,52.71026],[-1.12474,52.70708],[-1.12691,52.70325],[-1.12714,52.70144],[-1.13769,52.69566],[-1.13858,52.69486],[-1.1389,52.69389],[-1.13859,52.69214],[-1.14214,52.69225],[-1.14185,52.69989],[-1.14186,52.70418],[-1.14373,52.70316],[-1.15171,52.69383],[-1.15676,52.69991],[-1.15999,52.70479],[-1.15246,52.70562],[-1.14723,52.7065],[-1.14902,52.70936],[-1.15247,52.71276],[-1.15493,52.71408],[-1.15256,52.7154],[-1.14987,52.71594],[-1.14608,52.71778],[-1.14434,52.71706],[-1.14224,52.71731],[-1.14032,52.71806],[-1.13826,52.71882],[-1.13737,52.71938],[-1.13634,52.71972],[-1.13532,52.71942],[-1.13367,52.71917],[-1.13186,52.71934],[-1.12975,52.71991],[-1.12926,52.72009]]]}},{"type":"Feature","properties":{"source_code":"C82034","codes":["C82034"],"label":"QUORN MEDICAL CENTRE"},"geometry":{"type":"Polygon","coordinates":[[[-1.19676,52.75442],[-1.19666,52.75445],[-1.18537,52.75165],[-1.18389,52.75177],[-1.17659,52.75249],[-1.17222,52.75192],[-1.16535,52.75055],[-1.15849,52.74831],[-1.15296,52.74524],[-1.1449,52.74046],[-1.13916,52.7371],[-1.13529,52.73335],[-1.13139,52.72857],[-1.12901,52.72446],[-1.12752,52.71954],[-1.12696,52.71724],[-1.12401,52.71177],[-1.12396,52.70864],[-1.12588,52.70546],[-1.12704,52.70208],[-1.12631,52.69799],[-1.12598,52.69231],[-1.13763,52.68977],[-1.14603,52.68796],[-1.15041,52.68763],[-1.15073,52.6883],[-1.15305,52.68998],[-1.16166,52.69436],[-1.17041,52.69724],[-1.17181,52.69845],[-1.17247,52.69829],[-1.17552,52.69901],[-1.18045,52.69858],[-1.18483,52.70127],[-1.1882,52.70265],[-1.19104,52.70553],[-1.19095,52.70779],[-1.19047,52.70991],[-1.18866,52.71319],[-1.19188,52.71351],[-1.19549,52.7134],[-1.19866,52.71369],[-1.20405,52.71401],[-1.20397,52.71235],[-1.20835,52.71191],[-1.21263,52.7147],[-1.22123,52.71721],[-1.2206,52.71887],[-1.22429,52.72039],[-1.22925,52.71856],[-1.23189,52.71949],[-1.23252,52.72259],[-1.22829,52.72411],[-1.22664,52.72473],[-1.2275,52.72554],[-1.22452,52.72678],[-1.22072,52.72802],[-1.21792,52.72865],[-1.21995,52.73114],[-1.22124,52.73289],[-1.2187,52.73397],[-1.21484,52.73527],[-1.21119,52.73665],[-1.21308,52.73816],[-1.21563,52.73977],[-1.21237,52.74102],[-1.2073,52.74284],[-1.20871,52.74385],[-1.20607,52.74436],[-1.20391,52.74541],[-1.20115,52.74699],[-1.19871,52.74877],[-1.19825,52.74966],[-1.19691,52.75131],[-1.19529,52.7527],[-1.19533,52.7538],[-1.19676,52.75442]]]}},{"type":"Feature","properties":{"source_code":"C82062","codes":["C82062"],"label":"BARROW HEALTH CENTRE"},"geometry":{"type":"Polygon","coordinates":[[[-1.17962,52.78028],[-1.17953,52.78028],[-1.17852,52.78199],[-1.17548,52.78326],[-1.17049,52.78476],[-1.16713,52.78739],[-1.16232,52.78978],[-1.15624,52.79233],[-1.15347,52.79432],[-1.15246,52.79638],[-1.15039,52.79748],[-1.14668,52.79834],[-1.14376,52.79808],[-1.13783,52.79774],[-1.13255,52.79906],[-1.12542,52.80043],[-1.12191,52.80052],[-1.1183,52.8012],[-1.11358,52.80323],[-1.11333,52.80612],[-1.11109,52.80628],[-1.10973,52.80627],[-1.10691,52.80572],[-1.10194,52.80627],[-1.10027,52.80685],[-1.09597,52.80752],[-1.09169,52.80749],[-1.08756,52.80958],[-1.08213,52.80824],[-1.07604,52.8066],[-1.07001,52.80608],[-1.06323,52.80444],[-1.05588,52.80231],[-1.05416,52.801],[-1.0504,52.79932],[-1.04334,52.79738],[-1.0468,52.78136],[-1.05629,52.76102],[-1.05289,52.76076],[-1.05246,52.75828],[-1.05263,52.75462],[-1.05001,52.75029],[-1.0458,52.7423],[-1.04288,52.73844],[-1.04069,52.7363],[-1.04159,52.73512],[-1.04403,52.73479],[-1.046,52.73345],[-1.04836,52.73187],[-1.0515,52.73066],[-1.05617,52.7304],[-1.0595,52.72907],[-1.0658,52.72558],[-1.06824,52.72507],[-1.07072,52.72285],[-1.0754,52.72182],[-1.06455,52.74315],[-1.06737,52.74317],[-1.06958,52.74396],[-1.07351,52.74676],[-1.07744,52.74939],[-1.07967,52.74994],[-1.08042,52.751],[-1.08168,52.75149],[-1.08381,52.75168],[-1.08585,52.75164],[-1.08788,52.75224],[-1.0907,52.75238],[-1.09445,52.75442],[-1.09925,52.75746],[-1.10296,52.7615],[-1.10706,52.76035],[-1.10677,52.76017],[-1.10543,52.75934],[-1.10441,52.75697],[-1.10562,52.75485],[-1.10963,52.7537],[-1.11154,52.75065],[-1.11394,52.74736],[-1.11797,52.74539],[-1.11992,52.74499],[-1.12322,52.74502],[-1.12605,52.74439],[-1.12882,52.7424],[-1.12951,52.74188],[-1.13129,52.74018],[-1.13093,52.73876],[-1.12896,52.73491],[-1.12898,52.73397],[-1.12958,52.7335],[-1.13209,52.73405],[-1.13531,52.73331],[-1.13932,52.73723],[-1.14528,52.74063],[-1.15119,52.7366],[-1.15302,52.7375],[-1.15602,52.738],[-1.1592,52.7392],[-1.16431,52.74148],[-1.16337,52.74017],[-1.1626,52.73946],[-1.16166,52.73798],[-1.16277,52.73586],[-1.16056,52.73419],[-1.16058,52.73343],[-1.15567,52.73103],[-1.15714,52.7304],[-1.1589,52.72958],[-1.15863,52.72864],[-1.15933,52.72746],[-1.15866,52.72698],[-1.15792,52.72527],[-1.16066,52.72387],[-1.16389,52.72277],[-1.16672,52.72208],[-1.16786,52.7238],[-1.16958,52.72488],[-1.17073,52.72583],[-1.17169,52.72666],[-1.17292,52.72815],[-1.17409,52.72839],[-1.17611,52.72911],[-1.17938,52.72595],[-1.17909,52.72571],[-1.17921,52.72453],[-1.18194,52.72414],[-1.18317,52.72586],[-1.18539,52.73177],[-1.18757,52.73993],[-1.19034,52.74821],[-1.19316,52.75855],[-1.19501,52.76358],[-1.19599,52.76854],[-1.19621,52.77243],[-1.1949,52.7749],[-1.19409,52.77673],[-1.19344,52.78026],[-1.18906,52.78017],[-1.18391,52.78014],[-1.17962,52.78028]]]}},{"type":"Feature","properties":{"source_code":"C82111","codes":["C82111"],"label":"CAMPUS VIEW MEDICAL CENTRE"},"geometry":{"type":"Polygon","coordinates":[[[-1.23348,52.76862],[-1.23291,52.76893],[-1.23156,52.76938],[-1.23036,52.76961],[-1.22913,52.76971],[-1.22768,52.76998],[-1.22623,52.77033],[-1.22562,52.77023],[-1.21853,52.7644],[-1.21893,52.76414],[-1.21961,52.7639],[-1.22072,52.76479],[-1.22117,52.76495],[-1.22204,52.76431],[-1.22159,52.76403],[-1.22194,52.76379],[-1.22311,52.76425],[-1.22607,52.76531],[-1.22677,52.76423],[-1.22319,52.76277],[-1.22521,52.76209],[-1.22616,52.76258],[-1.22629,52.7625],[-1.22662,52.76227],[-1.22916,52.764],[-1.23076,52.76306],[-1.23121,52.76342],[-1.23202,52.76372],[-1.23233,52.76392],[-1.23281,52.76379],[-1.23822,52.76135],[-1.23888,52.75916],[-1.24305,52.7585],[-1.24382,52.75676],[-1.24484,52.75693],[-1.2451,52.75658],[-1.24549,52.7565],[-1.24618,52.75646],[-1.24674,52.75625],[-1.24958,52.75793],[-1.24756,52.76063],[-1.24739,52.76097],[-1.24661,52.761],[-1.24473,52.7609],[-1.24431,52.76213],[-1.24443,52.76263],[-1.24374,52.76302],[-1.24197,52.76372],[-1.23783,52.76609],[-1.23577,52.76745],[-1.23409,52.76835],[-1.23348,52.76862]]]}},{"type":"Feature","properties":{"source_code":"C82064","codes":["C82064"],"label":"FOREST HOUSE SURGERY"},"geometry":{"type":"Polygon","coordinates":[[[-1.29396,52.79503],[-1.29399,52.79502],[-1.28289,52.78338],[-1.27544,52.76978],[-1.27417,52.7602],[-1.27475,52.7521],[-1.27665,52.74597],[-1.27682,52.74606],[-1.27671,52.74579],[-1.27665,52.74597],[-1.26175,52.73814],[-1.26117,52.72109],[-1.26715,52.7198],[-1.29593,52.71682],[-1.30638,52.72093],[-1.31343,52.72459],[-1.31512,52.72517],[-1.31658,52.72677],[-1.32077,52.72796],[-1.3249,52.72978],[-1.32696,52.73132],[-1.32947,52.73156],[-1.33195,52.75406],[-1.33248,52.76211],[-1.31883,52.7805],[-1.31124,52.78924],[-1.30649,52.79133],[-1.30309,52.79326],[-1.30165,52.79395],[-1.29396,52.79503]]]}},{"type":"Feature","properties":{"source_code":"C82035","codes":["C82035"],"label":"PARK VIEW SURGERY"},"geometry":{"type":"Polygon","coordinates":[[[-1.18652,52.75604],[-1.18025,52.74697],[-1.18462,52.74307],[-1.19073,52.73901],[-1.1941,52.73784],[-1.19797,52.73698],[-1.19644,52.74133],[-1.20264,52.73229],[-1.20248,52.74273],[-1.20892,52.74306],[-1.21347,52.74271],[-1.21579,52.74326],[-1.21929,52.74293],[-1.21984,52.7447],[-1.2175,52.74539],[-1.21749,52.74762],[-1.21922,52.74874],[-1.22521,52.74718],[-1.22934,52.73608],[-1.23511,52.73489],[-1.23691,52.73578],[-1.23912,52.73831],[-1.24243,52.74054],[-1.24465,52.7425],[-1.24772,52.74561],[-1.2524,52.74855],[-1.25332,52.75046],[-1.26477,52.7447],[-1.27085,52.76195],[-1.27204,52.76507],[-1.27502,52.76889],[-1.27755,52.77456],[-1.2818,52.78147],[-1.27148,52.78079],[-1.26938,52.78422],[-1.26588,52.78429],[-1.2615,52.78523],[-1.24172,52.79824],[-1.23265,52.79654],[-1.22272,52.79755],[-1.21672,52.79503],[-1.21188,52.79496],[-1.21012,52.79956],[-1.20245,52.79686],[-1.19836,52.79138],[-1.19353,52.78481],[-1.19278,52.77792],[-1.18616,52.77381],[-1.17839,52.76846],[-1.17503,52.76173],[-1.18652,52.75604]]]}},{"type":"Feature","properties":{"source_code":"C82656","codes":["C82656"],"label":"FIELD STREET SURGERY"},"geometry":{"type":"MultiPolygon","coordinates":[[[[-1.35152,52.77594],[-1.35117,52.7755],[-1.36111,52.77165],[-1.35887,52.77079],[-1.36353,52.77072],[-1.36946,52.76842],[-1.36401,52.77071],[-1.38496,52.77037],[-1.38428,52.77577],[-1.37888,52.77852],[-1.36144,52.77178],[-1.35152,52.77594]]],[[[-1.34906,52.77698],[-1.35152,52.77594],[-1.35607,52.78156],[-1.35476,52.78187],[-1.34906,52.77698]]],[[[-1.35607,52.78156],[-1.36436,52.77961],[-1.36571,52.77935],[-1.35665,52.78228],[-1.35607,52.78156]]],[[[-1.35563,52.78261],[-1.35665,52.78228],[-1.35985,52.78623],[-1.35563,52.78261]]],[[[-1.37888,52.77852],[-1.38359,52.78034],[-1.35406,52.79114],[-1.37888,52.77852]]],[[[-1.35117,52.7755],[-1.34853,52.77652],[-1.34642,52.77471],[-1.34468,52.77575],[-1.34358,52.77636],[-1.34266,52.77676],[-1.34188,52.77717],[-1.34148,52.77755],[-1.34119,52.778],[-1.34096,52.77863],[-1.3407,52.77955],[-1.34853,52.77652],[-1.34906,52.77698],[-1.34008,52.78074],[-1.33964,52.78203],[-1.33924,52.78287],[-1.33913,52.78327],[-1.33882,52.78358],[-1.33873,52.78378],[-1.33875,52.78406],[-1.33869,52.78422],[-1.33912,52.78459],[-1.34003,52.78506],[-1.34035,52.78526],[-1.35476,52.78187],[-1.35563,52.78261],[-1.3418,52.78707],[-1.34335,52.7871],[-1.35167,52.79248],[-1.34006,52.79735],[-1.33835,52.79847],[-1.33562,52.79978],[-1.33412,52.80082],[-1.33285,52.80117],[-1.3314,52.80129],[-1.33065,52.80231],[-1.32987,52.80256],[-1.32587,52.80386],[-1.3236,52.805],[-1.3209,52.80616],[-1.31952,52.80686],[-1.31774,52.80794],[-1.31586,52.80897],[-1.31351,52.81052],[-1.31154,52.81002],[-1.31021,52.8095],[-1.30824,52.80931],[-1.30598,52.80936],[-1.30373,52.80944],[-1.30091,52.80925],[-1.29887,52.80902],[-1.29691,52.80867],[-1.2935,52.80797],[-1.29142,52.80726],[-1.28732,52.80578],[-1.28568,52.80488],[-1.28403,52.80442],[-1.2832,52.80371],[-1.28102,52.80304],[-1.27933,52.80305],[-1.2761,52.80249],[-1.27262,52.80224],[-1.27164,52.80153],[-1.26998,52.80173],[-1.26843,52.80172],[-1.26297,52.79992],[-1.26262,52.79998],[-1.26214,52.7991],[-1.2591,52.79327],[-1.25749,52.79284],[-1.26043,52.78331],[-1.26108,52.78048],[-1.25995,52.77878],[-1.26,52.77765],[-1.2595,52.77613],[-1.25882,52.77483],[-1.25871,52.77258],[-1.25937,52.76112],[-1.26095,52.761],[-1.26162,52.76094],[-1.25988,52.75786],[-1.26152,52.7501],[-1.26089,52.7502],[-1.26106,52.74815],[-1.27223,52.7326],[-1.27692,52.73368],[-1.28177,52.73496],[-1.28683,52.73626],[-1.29028,52.73717],[-1.29177,52.73754],[-1.29275,52.73795],[-1.2978,52.73473],[-1.30032,52.73509],[-1.30234,52.73621],[-1.30382,52.73601],[-1.30586,52.73612],[-1.30692,52.73678],[-1.30703,52.73714],[-1.30723,52.7373],[-1.30757,52.73743],[-1.31174,52.73893],[-1.31283,52.73919],[-1.31466,52.74021],[-1.31847,52.7418],[-1.32063,52.74304],[-1.32149,52.74314],[-1.32263,52.74349],[-1.32367,52.74364],[-1.32456,52.74368],[-1.32537,52.74359],[-1.32943,52.7426],[-1.33014,52.74266],[-1.33203,52.74318],[-1.33374,52.74392],[-1.33608,52.74481],[-1.33764,52.74526],[-1.33896,52.74561],[-1.33968,52.74569],[-1.34131,52.74573],[-1.34638,52.74569],[-1.35152,52.74567],[-1.35377,52.7457],[-1.35573,52.74572],[-1.3583,52.74577],[-1.35981,52.74599],[-1.3607,52.74544],[-1.36124,52.74478],[-1.36254,52.74445],[-1.36277,52.74445],[-1.36378,52.74501],[-1.36452,52.74539],[-1.36514,52.74573],[-1.36596,52.74634],[-1.36689,52.74761],[-1.36864,52.74828],[-1.37133,52.74962],[-1.37458,52.75126],[-1.3786,52.7507],[-1.38056,52.75116],[-1.38347,52.75222],[-1.38547,52.7529],[-1.38641,52.75329],[-1.38672,52.75361],[-1.38471,52.75409],[-1.38203,52.75478],[-1.38164,52.7549],[-1.38042,52.75618],[-1.37872,52.75717],[-1.37825,52.75794],[-1.37764,52.75894],[-1.37664,52.75977],[-1.37509,52.75976],[-1.37392,52.76044],[-1.37354,52.76048],[-1.37304,52.76042],[-1.37173,52.7602],[-1.37056,52.75961],[-1.36962,52.75924],[-1.36884,52.759],[-1.36603,52.75922],[-1.36587,52.75911],[-1.36465,52.75938],[-1.36417,52.7594],[-1.36331,52.75909],[-1.36187,52.75955],[-1.36108,52.76],[-1.36038,52.76058],[-1.35964,52.76103],[-1.35887,52.76144],[-1.35797,52.76195],[-1.35737,52.76232],[-1.35659,52.7632],[-1.35589,52.76494],[-1.355,52.7659],[-1.35435,52.76692],[-1.35307,52.76774],[-1.35249,52.76906],[-1.35181,52.76998],[-1.3512,52.7704],[-1.35056,52.771],[-1.34932,52.77161],[-1.3486,52.77233],[-1.35117,52.7755]]]]}},{"type":"Feature","properties":{"source_code":"C82011","codes":["C82011"],"label":"PINFOLD MEDICAL PRACTICE"},"geometry":{"type":"Polygon","coordinates":[[[-1.24689,52.7996],[-1.23955,52.79812],[-1.23265,52.7962],[-1.23051,52.79578],[-1.23006,52.79488],[-1.22945,52.79376],[-1.22886,52.79322],[-1.22753,52.79322],[-1.22627,52.7925],[-1.22613,52.79225],[-1.22589,52.79186],[-1.22536,52.79192],[-1.22497,52.7923],[-1.22416,52.79226],[-1.22289,52.79205],[-1.22139,52.79177],[-1.22004,52.79246],[-1.21935,52.79318],[-1.21822,52.79337],[-1.2172,52.79362],[-1.21675,52.79398],[-1.21648,52.79436],[-1.21582,52.79474],[-1.21509,52.79499],[-1.21428,52.79506],[-1.2133,52.79501],[-1.21259,52.79495],[-1.21193,52.79499],[-1.21131,52.79499],[-1.21075,52.7949],[-1.20968,52.79473],[-1.20832,52.7945],[-1.20748,52.79445],[-1.20709,52.79438],[-1.20673,52.7942],[-1.20664,52.79401],[-1.2067,52.79378],[-1.20656,52.79365],[-1.20582,52.79358],[-1.20425,52.79367],[-1.20274,52.79374],[-1.202,52.79369],[-1.20077,52.79372],[-1.19997,52.7928],[-1.19885,52.79164],[-1.198,52.79093],[-1.19734,52.79115],[-1.19708,52.79141],[-1.19659,52.79189],[-1.19621,52.79219],[-1.19563,52.79231],[-1.19503,52.79244],[-1.19477,52.79249],[-1.1947,52.79228],[-1.19447,52.79138],[-1.19421,52.79097],[-1.19346,52.79073],[-1.19232,52.79041],[-1.19164,52.79022],[-1.19016,52.78992],[-1.18936,52.78941],[-1.18847,52.78897],[-1.18628,52.79034],[-1.18357,52.7895],[-1.17167,52.79677],[-1.16797,52.797],[-1.15153,52.79996],[-1.15059,52.80112],[-1.15036,52.80213],[-1.14998,52.80387],[-1.14975,52.80477],[-1.14939,52.80496],[-1.14759,52.80507],[-1.14661,52.80477],[-1.14437,52.80388],[-1.13938,52.80508],[-1.13719,52.80566],[-1.13469,52.80556],[-1.13309,52.80535],[-1.13231,52.80562],[-1.13176,52.8057],[-1.13084,52.80586],[-1.13096,52.80081],[-1.1306,52.79941],[-1.12754,52.80003],[-1.12681,52.80028],[-1.12466,52.80055],[-1.12235,52.80062],[-1.12129,52.8007],[-1.12089,52.80053],[-1.12096,52.7999],[-1.12038,52.7996],[-1.12016,52.79933],[-1.11982,52.79864],[-1.11977,52.79833],[-1.1198,52.79805],[-1.12001,52.79786],[-1.12039,52.79765],[-1.12122,52.79733],[-1.12296,52.79668],[-1.1236,52.79643],[-1.1244,52.79616],[-1.12459,52.79592],[-1.12482,52.79542],[-1.12503,52.79465],[-1.12427,52.79475],[-1.12403,52.79445],[-1.12366,52.79441],[-1.1236,52.79292],[-1.12341,52.78985],[-1.12658,52.78934],[-1.12852,52.78893],[-1.13008,52.78838],[-1.13235,52.7876],[-1.13302,52.78748],[-1.13306,52.78672],[-1.13385,52.78666],[-1.13412,52.78643],[-1.13456,52.7853],[-1.13466,52.78497],[-1.13448,52.78493],[-1.13446,52.78429],[-1.13396,52.78441],[-1.13335,52.78443],[-1.13309,52.7841],[-1.13557,52.78355],[-1.13848,52.78291],[-1.14089,52.78245],[-1.14241,52.78218],[-1.14276,52.78218],[-1.14311,52.78215],[-1.14339,52.78211],[-1.14327,52.78196],[-1.14296,52.78162],[-1.14265,52.7812],[-1.14219,52.78049],[-1.14178,52.77988],[-1.1414,52.7793],[-1.14103,52.77868],[-1.14083,52.7782],[-1.14036,52.7776],[-1.13999,52.7768],[-1.13946,52.77591],[-1.13923,52.77535],[-1.13882,52.77462],[-1.13846,52.77408],[-1.1384,52.7738],[-1.13834,52.77311],[-1.13825,52.77239],[-1.13811,52.77149],[-1.13813,52.77057],[-1.13812,52.76987],[-1.13819,52.76893],[-1.13852,52.76765],[-1.13919,52.7656],[-1.13935,52.76504],[-1.13957,52.7645],[-1.13972,52.76405],[-1.13988,52.76365],[-1.13982,52.76325],[-1.13976,52.76282],[-1.13818,52.7636],[-1.13716,52.76365],[-1.134,52.76486],[-1.13385,52.7636],[-1.13344,52.75491],[-1.13341,52.75489],[-1.13334,52.75177],[-1.13219,52.75055],[-1.13206,52.74982],[-1.13243,52.74932],[-1.13366,52.74741],[-1.13083,52.74644],[-1.13197,52.74575],[-1.13321,52.74432],[-1.13509,52.74363],[-1.13556,52.74462],[-1.13713,52.74548],[-1.14148,52.74573],[-1.14274,52.74612],[-1.14497,52.74566],[-1.14532,52.74555],[-1.1476,52.7451],[-1.15042,52.74399],[-1.15783,52.74813],[-1.15865,52.7485],[-1.15915,52.74836],[-1.1595,52.748],[-1.16036,52.74724],[-1.16136,52.74666],[-1.16269,52.74604],[-1.16406,52.74538],[-1.16444,52.74504],[-1.16473,52.74439],[-1.16497,52.74391],[-1.16545,52.74352],[-1.16612,52.74315],[-1.1662,52.74279],[-1.16602,52.7424],[-1.16562,52.74215],[-1.16427,52.74153],[-1.1627,52.74084],[-1.15972,52.73961],[-1.15679,52.7385],[-1.15972,52.73618],[-1.16023,52.736],[-1.16171,52.73688],[-1.16223,52.7372],[-1.16213,52.73688],[-1.16217,52.7367],[-1.16274,52.73615],[-1.16456,52.73703],[-1.16506,52.73714],[-1.16574,52.73744],[-1.16581,52.73738],[-1.16527,52.7367],[-1.16667,52.73668],[-1.16756,52.73622],[-1.16756,52.73584],[-1.16758,52.73524],[-1.16843,52.7349],[-1.16934,52.73487],[-1.16958,52.7351],[-1.16962,52.73523],[-1.16968,52.73542],[-1.16985,52.73592],[-1.17006,52.73615],[-1.1703,52.73637],[-1.171,52.73635],[-1.17288,52.73562],[-1.17432,52.73571],[-1.17616,52.73534],[-1.17617,52.73478],[-1.17657,52.73389],[-1.17701,52.73313],[-1.17732,52.73319],[-1.17788,52.73324],[-1.17782,52.73281],[-1.17794,52.73224],[-1.17905,52.73124],[-1.17811,52.7307],[-1.17932,52.72977],[-1.18097,52.7297],[-1.18139,52.7281],[-1.18322,52.72802],[-1.1839,52.72773],[-1.18499,52.73122],[-1.18787,52.74066],[-1.1885,52.74303],[-1.19284,52.74246],[-1.20095,52.74712],[-1.20713,52.74396],[-1.21637,52.73969],[-1.22137,52.73832],[-1.22344,52.73771],[-1.22448,52.73818],[-1.2255,52.73816],[-1.22642,52.73798],[-1.22731,52.73771],[-1.22724,52.73748],[-1.22895,52.7371],[-1.22985,52.73615],[-1.23122,52.7359],[-1.23261,52.73521],[-1.23878,52.73428],[-1.24185,52.73368],[-1.24342,52.73355],[-1.24425,52.73338],[-1.24524,52.73289],[-1.24591,52.73262],[-1.2466,52.73244],[-1.24732,52.73242],[-1.24883,52.73257],[-1.25104,52.73304],[-1.25229,52.73312],[-1.25306,52.73301],[-1.25384,52.7328],[-1.25731,52.73142],[-1.25892,52.73076],[-1.25922,52.73059],[-1.2595,52.73078],[-1.26365,52.73507],[-1.26639,52.73801],[-1.26699,52.73906],[-1.26744,52.73969],[-1.26775,52.73991],[-1.27052,52.73533],[-1.27106,52.73444],[-1.27204,52.73287],[-1.27233,52.73251],[-1.27261,52.73254],[-1.27651,52.73359],[-1.27891,52.7342],[-1.28047,52.73458],[-1.28222,52.73516],[-1.28175,52.73684],[-1.28105,52.73833],[-1.2799,52.74033],[-1.27918,52.74154],[-1.27853,52.74266],[-1.27726,52.74525],[-1.2768,52.74629],[-1.27605,52.74834],[-1.27485,52.75255],[-1.27421,52.7573],[-1.27422,52.75983],[-1.27433,52.76171],[-1.2746,52.76369],[-1.27471,52.76436],[-1.27504,52.76635],[-1.27571,52.76863],[-1.27643,52.77086],[-1.27763,52.77363],[-1.27837,52.775],[-1.27967,52.77731],[-1.28159,52.78048],[-1.28219,52.78143],[-1.28169,52.78153],[-1.28076,52.78174],[-1.2801,52.78214],[-1.27972,52.7825],[-1.27939,52.78375],[-1.27891,52.78464],[-1.27807,52.78565],[-1.27672,52.78714],[-1.27549,52.78851],[-1.27481,52.78918],[-1.27454,52.78938],[-1.27392,52.78968],[-1.27323,52.78996],[-1.27229,52.79042],[-1.2712,52.79092],[-1.2703,52.79134],[-1.26891,52.79198],[-1.26718,52.79275],[-1.2662,52.79319],[-1.26526,52.79368],[-1.26396,52.79425],[-1.26272,52.79484],[-1.26207,52.79499],[-1.26088,52.79526],[-1.26021,52.7954],[-1.26199,52.79867],[-1.26255,52.79999],[-1.26265,52.8009],[-1.26156,52.801],[-1.2606,52.80177],[-1.25928,52.80269],[-1.25847,52.80334],[-1.25771,52.80388],[-1.24689,52.7996]]]}},{"type":"Feature","properties":{"source_code":"C82070","codes":["C82070"],"label":"WOODBROOK MEDICAL CENTRE"},"geometry":{"type":"Polygon","coordinates":[[[-1.26245,52.80092],[-1.26254,52.80097],[-1.26131,52.8012],[-1.25928,52.8026],[-1.25792,52.80145],[-1.2517,52.7977],[-1.248,52.79603],[-1.23887,52.79385],[-1.23244,52.79269],[-1.22767,52.79219],[-1.22425,52.79109],[-1.22053,52.79066],[-1.21772,52.78967],[-1.21496,52.78823],[-1.2112,52.78754],[-1.20761,52.7863],[-1.20448,52.78419],[-1.20151,52.78232],[-1.2014,52.78252],[-1.20147,52.78444],[-1.20177,52.78653],[-1.2015,52.78932],[-1.19953,52.79032],[-1.19741,52.79095],[-1.19645,52.79192],[-1.19538,52.79235],[-1.19537,52.79292],[-1.19552,52.79424],[-1.19533,52.79518],[-1.1952,52.79608],[-1.19458,52.79648],[-1.19354,52.79611],[-1.19306,52.79499],[-1.19401,52.7946],[-1.19403,52.79321],[-1.19488,52.79271],[-1.19457,52.79106],[-1.19308,52.79051],[-1.19059,52.78999],[-1.18916,52.78914],[-1.18624,52.79111],[-1.18458,52.79059],[-1.18289,52.79166],[-1.17649,52.79522],[-1.17115,52.79821],[-1.16631,52.79578],[-1.15833,52.79158],[-1.15339,52.79438],[-1.15297,52.79559],[-1.15196,52.79649],[-1.15022,52.79722],[-1.15037,52.79776],[-1.15107,52.79898],[-1.15122,52.80012],[-1.14994,52.80032],[-1.14889,52.79994],[-1.14684,52.79962],[-1.14546,52.79894],[-1.14558,52.79827],[-1.14665,52.7978],[-1.14817,52.79697],[-1.14751,52.7966],[-1.14801,52.7962],[-1.15027,52.79459],[-1.14896,52.79344],[-1.14787,52.79239],[-1.14806,52.79121],[-1.14936,52.78987],[-1.14936,52.78721],[-1.14878,52.78552],[-1.14703,52.78426],[-1.14405,52.78279],[-1.14211,52.78018],[-1.14049,52.77738],[-1.13868,52.77386],[-1.13812,52.77082],[-1.13864,52.76742],[-1.13994,52.76329],[-1.14016,52.76326],[-1.13936,52.76187],[-1.13981,52.76106],[-1.14198,52.75839],[-1.14311,52.75725],[-1.14448,52.7584],[-1.14585,52.75912],[-1.14795,52.75947],[-1.14867,52.75985],[-1.14934,52.75979],[-1.15034,52.75979],[-1.15409,52.7581],[-1.15552,52.75882],[-1.16077,52.75704],[-1.16615,52.75482],[-1.16588,52.75434],[-1.1643,52.75241],[-1.16454,52.75151],[-1.16538,52.75144],[-1.16639,52.75095],[-1.1675,52.75055],[-1.16547,52.74976],[-1.16227,52.74863],[-1.15956,52.74766],[-1.16108,52.74656],[-1.16249,52.7459],[-1.16289,52.74486],[-1.1637,52.74345],[-1.16332,52.74267],[-1.164,52.74204],[-1.16635,52.74114],[-1.16918,52.74123],[-1.17013,52.7408],[-1.17197,52.74051],[-1.17419,52.74046],[-1.17698,52.7399],[-1.17888,52.73931],[-1.18055,52.73868],[-1.18234,52.73785],[-1.18419,52.73685],[-1.18711,52.73839],[-1.18784,52.74062],[-1.18913,52.74005],[-1.19132,52.73869],[-1.19266,52.73846],[-1.19433,52.73787],[-1.19617,52.73737],[-1.19795,52.73715],[-1.19853,52.73618],[-1.19792,52.73594],[-1.19738,52.73516],[-1.19773,52.73432],[-1.19835,52.73385],[-1.1999,52.73362],[-1.19969,52.73298],[-1.19993,52.73201],[-1.20149,52.73188],[-1.2025,52.73128],[-1.20373,52.73075],[-1.20439,52.73126],[-1.20432,52.732],[-1.20347,52.73284],[-1.2034,52.73365],[-1.20356,52.73419],[-1.20444,52.73463],[-1.20447,52.73584],[-1.20357,52.73641],[-1.20179,52.73664],[-1.20243,52.73826],[-1.20338,52.73799],[-1.20443,52.73804],[-1.2061,52.73808],[-1.2081,52.73776],[-1.21055,52.7371],[-1.21373,52.73628],[-1.2154,52.73622],[-1.2169,52.7361],[-1.21935,52.73574],[-1.22202,52.73495],[-1.22353,52.73462],[-1.22698,52.73431],[-1.23007,52.73473],[-1.23228,52.73546],[-1.23484,52.73493],[-1.23438,52.73631],[-1.23441,52.73756],[-1.23489,52.73888],[-1.23548,52.73972],[-1.23669,52.74064],[-1.23851,52.74102],[-1.24079,52.74104],[-1.24284,52.74088],[-1.24356,52.74152],[-1.24569,52.74346],[-1.24694,52.74485],[-1.24885,52.74648],[-1.25193,52.74821],[-1.25286,52.7494],[-1.25339,52.75078],[-1.25557,52.74996],[-1.25919,52.74887],[-1.26227,52.74754],[-1.26436,52.7455],[-1.26601,52.74295],[-1.26767,52.7403],[-1.27003,52.74162],[-1.27239,52.74302],[-1.2752,52.74458],[-1.27678,52.74618],[-1.27556,52.74971],[-1.27438,52.75398],[-1.27391,52.75866],[-1.27408,52.76179],[-1.27458,52.76533],[-1.27642,52.77121],[-1.27714,52.77325],[-1.27903,52.77676],[-1.28184,52.78133],[-1.27972,52.78216],[-1.27936,52.78323],[-1.27794,52.78562],[-1.27488,52.7891],[-1.27017,52.79136],[-1.26681,52.79279],[-1.26429,52.79409],[-1.26467,52.79463],[-1.26037,52.79582],[-1.26016,52.79545],[-1.26107,52.79707],[-1.2621,52.79913],[-1.26245,52.80092]]]}},{"type":"Feature","properties":{"source_code":"C82026","codes":["C82026"],"label":"BRIDGE STREET MEDICAL PRACTICE"},"geometry":{"type":"MultiPolygon","coordinates":[[[[-1.24261,52.73418],[-1.24241,52.73401],[-1.24268,52.73417],[-1.24261,52.73418]]],[[[-1.20807,52.73546],[-1.20785,52.73414],[-1.209,52.73569],[-1.20807,52.73546]]],[[[-1.20807,52.73546],[-1.20823,52.73644],[-1.20425,52.73449],[-1.20807,52.73546]]],[[[-1.15644,52.79186],[-1.15653,52.79221],[-1.1562,52.79192],[-1.15644,52.79186]]],[[[-1.15644,52.79186],[-1.15422,52.7834],[-1.15841,52.78184],[-1.16817,52.78048],[-1.17362,52.77979],[-1.17303,52.77881],[-1.17091,52.77741],[-1.16661,52.77412],[-1.1619,52.77128],[-1.16091,52.76704],[-1.16099,52.76606],[-1.15975,52.76443],[-1.1578,52.76129],[-1.157,52.76144],[-1.14284,52.75817],[-1.13983,52.75624],[-1.13872,52.75032],[-1.15396,52.746],[-1.15381,52.74593],[-1.15551,52.74061],[-1.16134,52.73862],[-1.16905,52.73403],[-1.17746,52.73484],[-1.18438,52.73993],[-1.18873,52.73968],[-1.19109,52.739],[-1.19482,52.74057],[-1.195,52.74131],[-1.19844,52.74064],[-1.20147,52.74725],[-1.20944,52.74385],[-1.20823,52.73644],[-1.2103,52.73745],[-1.209,52.73569],[-1.2118,52.7364],[-1.20975,52.73082],[-1.20863,52.7298],[-1.20896,52.72996],[-1.21408,52.72857],[-1.21763,52.72856],[-1.22457,52.72669],[-1.22982,52.72916],[-1.23173,52.73154],[-1.23542,52.7349],[-1.23569,52.73502],[-1.24261,52.73418],[-1.25908,52.74795],[-1.26168,52.74467],[-1.25591,52.74097],[-1.26186,52.74215],[-1.26648,52.74254],[-1.26565,52.74417],[-1.27007,52.74436],[-1.27197,52.74274],[-1.27675,52.74582],[-1.27394,52.75781],[-1.27429,52.7647],[-1.27594,52.77036],[-1.27729,52.77428],[-1.26484,52.80025],[-1.26263,52.8],[-1.26065,52.80161],[-1.25678,52.80427],[-1.24868,52.80658],[-1.24619,52.80698],[-1.23487,52.8128],[-1.22821,52.81687],[-1.21361,52.81832],[-1.22191,52.81244],[-1.21191,52.8081],[-1.20925,52.8102],[-1.20537,52.80199],[-1.20021,52.80159],[-1.19425,52.8002],[-1.18915,52.80375],[-1.19032,52.79863],[-1.19347,52.79564],[-1.19101,52.79424],[-1.18841,52.79674],[-1.18301,52.79821],[-1.17936,52.79949],[-1.17735,52.80245],[-1.17465,52.80328],[-1.17305,52.80295],[-1.1691,52.79869],[-1.17052,52.798],[-1.16959,52.79751],[-1.17128,52.79671],[-1.16689,52.7946],[-1.15876,52.79125],[-1.15644,52.79186]]],[[[-1.16855,52.74984],[-1.17217,52.74998],[-1.16868,52.74976],[-1.16855,52.74984],[-1.16276,52.74961],[-1.16597,52.75118],[-1.16712,52.75068],[-1.16855,52.74984]]]]}},{"type":"Feature","properties":{"source_code":"C82103","codes":["C82103"],"label":"DISHLEY GRANGE MEDICAL PRACTICE"},"geometry":{"type":"Polygon","coordinates":[[[-1.22468,52.72668],[-1.22586,52.72748],[-1.22812,52.72842],[-1.23007,52.72856],[-1.23206,52.73233],[-1.23592,52.73512],[-1.23911,52.73856],[-1.24371,52.74208],[-1.24777,52.74586],[-1.25249,52.74878],[-1.25534,52.75354],[-1.25723,52.7573],[-1.25999,52.76107],[-1.26248,52.76109],[-1.26499,52.76058],[-1.26748,52.76053],[-1.26944,52.76047],[-1.2715,52.76042],[-1.27237,52.76003],[-1.27304,52.75905],[-1.27328,52.75754],[-1.27418,52.75596],[-1.27421,52.75425],[-1.27454,52.75353],[-1.27616,52.754],[-1.27713,52.75453],[-1.27919,52.75461],[-1.28039,52.75448],[-1.28451,52.75431],[-1.2855,52.75366],[-1.28962,52.75362],[-1.29525,52.75431],[-1.29935,52.75565],[-1.2997,52.75453],[-1.30112,52.75362],[-1.30147,52.75204],[-1.30162,52.74967],[-1.30144,52.74757],[-1.30745,52.75122],[-1.31354,52.75705],[-1.31653,52.76042],[-1.31641,52.76141],[-1.31628,52.76227],[-1.31562,52.76286],[-1.31582,52.76424],[-1.31295,52.76712],[-1.31194,52.76915],[-1.30944,52.76993],[-1.30541,52.77076],[-1.3029,52.77147],[-1.30029,52.77192],[-1.29832,52.77282],[-1.2971,52.77407],[-1.29513,52.77557],[-1.29368,52.778],[-1.2907,52.78074],[-1.28927,52.78172],[-1.28634,52.78171],[-1.28395,52.78169],[-1.28232,52.78228],[-1.28413,52.78433],[-1.28732,52.78869],[-1.28967,52.79094],[-1.29994,52.80068],[-1.29947,52.80232],[-1.29869,52.8035],[-1.29823,52.80521],[-1.29691,52.80659],[-1.29656,52.80764],[-1.29547,52.80822],[-1.29385,52.80788],[-1.29169,52.80715],[-1.29122,52.80879],[-1.29087,52.81037],[-1.28835,52.81187],[-1.28735,52.81285],[-1.28647,52.8141],[-1.28622,52.81607],[-1.28532,52.81797],[-1.28444,52.81856],[-1.28108,52.81814],[-1.2787,52.8174],[-1.27643,52.81654],[-1.27448,52.81646],[-1.27295,52.81684],[-1.26925,52.81702],[-1.26805,52.81734],[-1.26867,52.81906],[-1.27049,52.82078],[-1.27068,52.82256],[-1.27207,52.82395],[-1.27183,52.82526],[-1.27062,52.82637],[-1.27134,52.82829],[-1.26863,52.82814],[-1.26603,52.82799],[-1.26288,52.82784],[-1.25973,52.82736],[-1.25638,52.82629],[-1.2552,52.82542],[-1.25388,52.82647],[-1.2544,52.82766],[-1.25619,52.83122],[-1.25732,52.83531],[-1.25601,52.83524],[-1.25156,52.83475],[-1.24883,52.83565],[-1.24351,52.83516],[-1.2393,52.83355],[-1.23564,52.83175],[-1.23162,52.83153],[-1.22285,52.82989],[-1.22364,52.82818],[-1.22851,52.81676],[-1.22994,52.81591],[-1.23182,52.81389],[-1.23773,52.81175],[-1.23343,52.80889],[-1.22271,52.80066],[-1.20992,52.78781],[-1.18961,52.77615],[-1.17091,52.76595],[-1.17332,52.76511],[-1.17746,52.76389],[-1.18063,52.76272],[-1.18382,52.76071],[-1.1934,52.75873],[-1.19221,52.75872],[-1.19049,52.75779],[-1.18942,52.75706],[-1.18739,52.75553],[-1.18623,52.75374],[-1.18441,52.75215],[-1.18378,52.75103],[-1.18252,52.74911],[-1.18146,52.74759],[-1.18016,52.74719],[-1.18094,52.7464],[-1.1828,52.74536],[-1.18404,52.7432],[-1.18766,52.74072],[-1.19018,52.73942],[-1.19258,52.73852],[-1.19759,52.7373],[-1.19837,52.73665],[-1.19992,52.73481],[-1.20356,52.73135],[-1.20454,52.73129],[-1.20769,52.73105],[-1.21553,52.72893],[-1.22468,52.72668]]]}},{"type":"Feature","properties":{"source_code":"C82040","codes":["C82040"],"label":"ORCHARD SURGERY"},"geometry":{"type":"Polygon","coordinates":[[[-1.32484,52.85954],[-1.32106,52.85729],[-1.31,52.85866],[-1.30083,52.85992],[-1.28626,52.87094],[-1.28373,52.87295],[-1.28069,52.87443],[-1.27825,52.87506],[-1.27547,52.87507],[-1.27187,52.87448],[-1.27084,52.87331],[-1.2657,52.87273],[-1.2594,52.87463],[-1.25732,52.87625],[-1.25515,52.87787],[-1.25213,52.87908],[-1.24885,52.87878],[-1.24394,52.87831],[-1.23954,52.87866],[-1.2369,52.8858],[-1.24069,52.88676],[-1.2438,52.88834],[-1.24194,52.89108],[-1.23393,52.89211],[-1.23077,52.89345],[-1.22728,52.89458],[-1.21937,52.8951],[-1.20939,52.89221],[-1.19889,52.88704],[-1.19579,52.88143],[-1.19664,52.87571],[-1.18821,52.86478],[-1.18373,52.85504],[-1.17513,52.85121],[-1.1723,52.84626],[-1.17291,52.83519],[-1.16599,52.83536],[-1.16148,52.83284],[-1.17295,52.82478],[-1.18631,52.82139],[-1.18918,52.82073],[-1.19154,52.82038],[-1.19571,52.81946],[-1.20348,52.81761],[-1.21473,52.81434],[-1.2253,52.81138],[-1.22858,52.7984],[-1.23702,52.80177],[-1.24433,52.80506],[-1.25176,52.80432],[-1.26228,52.79964],[-1.28672,52.79765],[-1.33675,52.80653],[-1.33842,52.81354],[-1.34009,52.82282],[-1.3096,52.82573],[-1.30149,52.83404],[-1.32887,52.84158],[-1.32935,52.84472],[-1.33063,52.85244],[-1.32484,52.85954]]]}},{"type":"Feature","properties":{"source_code":"C84005","codes":["C84005"],"label":"VILLAGE HEALTH GROUP"},"geometry":{"type":"Polygon","coordinates":[[[-1.13091,52.94088],[-1.12284,52.93599],[-1.11477,52.93276],[-1.11013,52.93062],[-1.1031,52.9318],[-1.08275,52.9102],[-1.09069,52.8907],[-1.10224,52.87099],[-1.04628,52.86716],[-1.03271,52.85255],[-1.03426,52.84125],[-1.03636,52.82592],[-1.03709,52.8106],[-1.04782,52.78075],[-1.12696,52.76954],[-1.17279,52.7793],[-1.19476,52.77987],[-1.20133,52.77952],[-1.20358,52.7794],[-1.20584,52.77886],[-1.21137,52.77913],[-1.21423,52.77901],[-1.21708,52.77733],[-1.27896,52.77686],[-1.28504,52.7864],[-1.29351,52.79542],[-1.29861,52.79967],[-1.30267,52.80412],[-1.30511,52.80879],[-1.30617,52.8149],[-1.2975,52.83378],[-1.28952,52.85296],[-1.24952,52.87245],[-1.23193,52.88716],[-1.20987,52.89171],[-1.15906,52.89151],[-1.16009,52.89565],[-1.15545,52.9117],[-1.15914,52.91335],[-1.16043,52.91625],[-1.16404,52.9237],[-1.16189,52.92541],[-1.15648,52.92557],[-1.14601,52.92898],[-1.13734,52.93343],[-1.13091,52.94088]]]}},{"type":"Feature","properties":{"source_code":"C84028","codes":["C84028"],"label":"THE RUDDINGTON MED CENTRE"},"geometry":{"type":"Polygon","coordinates":[[[-1.14082,52.88964],[-1.13902,52.88804],[-1.1364,52.88653],[-1.13048,52.88014],[-1.12846,52.87118],[-1.13082,52.86112],[-1.13271,52.85348],[-1.13756,52.84964],[-1.14275,52.84581],[-1.14301,52.84871],[-1.14052,52.85255],[-1.13914,52.86001],[-1.13468,52.8683],[-1.13605,52.87804],[-1.14232,52.87794],[-1.15108,52.87804],[-1.16558,52.87949],[-1.18026,52.88369],[-1.17949,52.88596],[-1.17863,52.88923],[-1.17562,52.88985],[-1.17416,52.89254],[-1.17125,52.89689],[-1.16421,52.90057],[-1.16339,52.90388],[-1.16206,52.90714],[-1.16343,52.91066],[-1.16816,52.91242],[-1.16878,52.91607],[-1.16854,52.91796],[-1.16753,52.91985],[-1.1667,52.92143],[-1.16614,52.92347],[-1.16446,52.92531],[-1.15992,52.9296],[-1.15837,52.93558],[-1.15425,52.93638],[-1.14876,52.9324],[-1.14584,52.9311],[-1.14223,52.93188],[-1.13699,52.93269],[-1.13638,52.93158],[-1.13508,52.93001],[-1.13318,52.92886],[-1.13013,52.92982],[-1.12792,52.93076],[-1.12593,52.93139],[-1.12402,52.92857],[-1.12219,52.92557],[-1.12058,52.92282],[-1.11859,52.91993],[-1.11554,52.92075],[-1.11279,52.92138],[-1.11199,52.92013],[-1.11101,52.91888],[-1.10932,52.91685],[-1.10775,52.9143],[-1.10631,52.91185],[-1.11134,52.90766],[-1.11649,52.90455],[-1.11863,52.90285],[-1.12129,52.90186],[-1.12189,52.89901],[-1.12061,52.89358],[-1.12099,52.89245],[-1.12464,52.89226],[-1.1297,52.89197],[-1.13605,52.89135],[-1.13897,52.89164],[-1.13919,52.89108],[-1.1399,52.89056],[-1.14039,52.88998],[-1.14082,52.88964]]]}},{"type":"Feature","properties":{"source_code":"C81010","codes":["C81010"],"label":"THE MOIR MEDICAL CENTRE"},"geometry":{"type":"Polygon","coordinates":[[[-1.28849,52.92301],[-1.28905,52.91892],[-1.26527,52.92034],[-1.26214,52.92282],[-1.25836,52.91498],[-1.2557,52.90978],[-1.25424,52.90996],[-1.25163,52.91007],[-1.2512,52.90978],[-1.24828,52.906],[-1.24798,52.90549],[-1.24643,52.90481],[-1.24433,52.90515],[-1.24343,52.90352],[-1.2451,52.90155],[-1.24592,52.89617],[-1.25038,52.89218],[-1.25982,52.88488],[-1.2648,52.87773],[-1.27132,52.87555],[-1.30102,52.87524],[-1.30154,52.87551],[-1.32025,52.88003],[-1.3342,52.88783],[-1.34213,52.89037],[-1.36226,52.89984],[-1.36033,52.90266],[-1.35986,52.90406],[-1.36024,52.90422],[-1.36196,52.90525],[-1.36136,52.90637],[-1.36073,52.90605],[-1.34995,52.91136],[-1.33171,52.91071],[-1.32231,52.91247],[-1.30501,52.91418],[-1.29823,52.91555],[-1.29943,52.92055],[-1.29158,52.92306],[-1.28956,52.92329],[-1.28849,52.92301]]]}},{"type":"Feature","properties":{"source_code":"C81083","codes":["C81083"],"label":"WEST PARK SURGERY"},"geometry":{"type":"MultiPolygon","coordinates":[[[[-1.23631,52.90712],[-1.23646,52.90706],[-1.23648,52.90708],[-1.2363,52.90717],[-1.23631,52.90712]]],[[[-1.23627,52.90728],[-1.2365,52.90711],[-1.23656,52.90718],[-1.23624,52.90739],[-1.23627,52.90728]]],[[[-1.2431,52.90438],[-1.24008,52.9051],[-1.23946,52.90544],[-1.23912,52.90554],[-1.23817,52.90615],[-1.23673,52.90694],[-1.23646,52.90706],[-1.23636,52.90694],[-1.23631,52.90712],[-1.23478,52.90779],[-1.23465,52.90746],[-1.23392,52.90705],[-1.23258,52.90654],[-1.23116,52.90731],[-1.22949,52.90801],[-1.225,52.90585],[-1.22756,52.90443],[-1.22894,52.90313],[-1.23067,52.90349],[-1.23178,52.90409],[-1.23186,52.90449],[-1.23349,52.90489],[-1.23589,52.90334],[-1.23808,52.90361],[-1.24048,52.90391],[-1.2439,52.90415],[-1.2431,52.90438]]],[[[-1.2363,52.90717],[-1.23627,52.90728],[-1.23511,52.90811],[-1.23624,52.90739],[-1.2358,52.90898],[-1.23425,52.91134],[-1.23302,52.91259],[-1.23257,52.91213],[-1.23298,52.91095],[-1.23077,52.9103],[-1.23293,52.90871],[-1.2363,52.90717]]],[[[-1.29205,52.9229],[-1.28979,52.92332],[-1.28873,52.92297],[-1.28854,52.92249],[-1.28895,52.92137],[-1.28885,52.92007],[-1.28877,52.91948],[-1.28856,52.9189],[-1.2854,52.91925],[-1.2751,52.91975],[-1.26536,52.92018],[-1.2643,52.91753],[-1.26255,52.91498],[-1.259,52.91554],[-1.25748,52.91302],[-1.25633,52.90954],[-1.25155,52.91051],[-1.25088,52.9109],[-1.24719,52.91149],[-1.24484,52.91173],[-1.24336,52.90972],[-1.24065,52.91032],[-1.23848,52.91062],[-1.23765,52.90844],[-1.23656,52.90718],[-1.23817,52.90615],[-1.23946,52.90544],[-1.2431,52.90438],[-1.24412,52.90414],[-1.25163,52.90274],[-1.25204,52.90159],[-1.25367,52.90189],[-1.25536,52.90057],[-1.2547,52.90005],[-1.25425,52.90002],[-1.2538,52.89994],[-1.25359,52.89957],[-1.25295,52.89907],[-1.25295,52.89914],[-1.25198,52.89841],[-1.25506,52.89605],[-1.25488,52.89503],[-1.25368,52.89463],[-1.25127,52.89426],[-1.25251,52.89328],[-1.25302,52.89275],[-1.25323,52.89227],[-1.25475,52.88989],[-1.25813,52.88728],[-1.25942,52.88752],[-1.26087,52.88742],[-1.26528,52.88392],[-1.26839,52.88189],[-1.26987,52.88161],[-1.2706,52.88153],[-1.27121,52.8815],[-1.27229,52.88164],[-1.27592,52.88296],[-1.27769,52.88318],[-1.27866,52.88327],[-1.27997,52.88345],[-1.28226,52.88313],[-1.28331,52.88297],[-1.28463,52.8826],[-1.28637,52.88208],[-1.28538,52.88035],[-1.28582,52.87963],[-1.28786,52.87932],[-1.28981,52.87931],[-1.29083,52.87928],[-1.29185,52.87941],[-1.29368,52.87954],[-1.29565,52.87864],[-1.29702,52.87859],[-1.29812,52.87862],[-1.29794,52.87717],[-1.29831,52.8773],[-1.29858,52.87721],[-1.30338,52.87784],[-1.30336,52.8782],[-1.3032,52.87854],[-1.303,52.87912],[-1.30267,52.87969],[-1.30267,52.8797],[-1.29999,52.87814],[-1.30261,52.87984],[-1.30267,52.8797],[-1.30315,52.87998],[-1.30349,52.88018],[-1.30467,52.8806],[-1.30737,52.88084],[-1.30952,52.88301],[-1.30838,52.88622],[-1.30621,52.88871],[-1.32241,52.89337],[-1.33137,52.89549],[-1.33396,52.89588],[-1.3351,52.89679],[-1.33553,52.89793],[-1.33441,52.89777],[-1.33261,52.89782],[-1.32982,52.89832],[-1.32791,52.89659],[-1.32428,52.89715],[-1.32467,52.89982],[-1.3209,52.901],[-1.31911,52.90095],[-1.31773,52.90151],[-1.31242,52.90208],[-1.30884,52.90286],[-1.30748,52.9036],[-1.30638,52.90451],[-1.30432,52.90533],[-1.30068,52.90668],[-1.29958,52.91361],[-1.29986,52.92055],[-1.29205,52.9229]]],[[[-1.23648,52.90708],[-1.23664,52.90701],[-1.2365,52.90711],[-1.23648,52.90708]]]]}},{"type":"Feature","properties":{"source_code":"C81023","codes":["C81023"],"label":"THE AITUNE MEDICAL PRACTICE"},"geometry":{"type":"Polygon","coordinates":[[[-1.26482,52.91919],[-1.26425,52.91759],[-1.26371,52.91665],[-1.26325,52.91596],[-1.26263,52.91519],[-1.25884,52.91537],[-1.2589,52.91493],[-1.25862,52.91447],[-1.25648,52.91133],[-1.25115,52.91004],[-1.25006,52.9088],[-1.24974,52.908],[-1.24796,52.9058],[-1.24674,52.90495],[-1.24476,52.90525],[-1.24367,52.90436],[-1.24326,52.90407],[-1.2431,52.90398],[-1.24295,52.9039],[-1.24283,52.90365],[-1.24265,52.90354],[-1.24293,52.90338],[-1.24251,52.90333],[-1.24215,52.90307],[-1.24225,52.90274],[-1.24201,52.90262],[-1.24177,52.90234],[-1.24157,52.90204],[-1.24151,52.90202],[-1.24114,52.90176],[-1.24091,52.9015],[-1.24061,52.90136],[-1.24026,52.90105],[-1.23985,52.90088],[-1.24039,52.90053],[-1.24146,52.89989],[-1.25896,52.88923],[-1.26592,52.88317],[-1.2671,52.88101],[-1.26759,52.87853],[-1.26753,52.87614],[-1.27021,52.87519],[-1.27464,52.87579],[-1.27924,52.87598],[-1.28342,52.87423],[-1.28555,52.87315],[-1.28682,52.87274],[-1.28862,52.87276],[-1.28968,52.87283],[-1.29082,52.8731],[-1.29184,52.87344],[-1.29269,52.87404],[-1.29684,52.87539],[-1.29865,52.87569],[-1.30046,52.87568],[-1.30096,52.87603],[-1.30132,52.87662],[-1.30236,52.87683],[-1.30673,52.87877],[-1.31045,52.88116],[-1.3102,52.88251],[-1.30965,52.88342],[-1.30897,52.88477],[-1.31064,52.88541],[-1.31016,52.88626],[-1.30978,52.88749],[-1.31001,52.88871],[-1.31294,52.89063],[-1.31466,52.89301],[-1.31449,52.8957],[-1.32254,52.89676],[-1.32303,52.89798],[-1.32291,52.89931],[-1.32263,52.90012],[-1.32175,52.90068],[-1.3201,52.90111],[-1.3181,52.90132],[-1.31634,52.90164],[-1.31458,52.90185],[-1.31229,52.90204],[-1.30967,52.90237],[-1.30829,52.90278],[-1.30717,52.90353],[-1.30494,52.90488],[-1.29986,52.90682],[-1.29985,52.90679],[-1.29986,52.90682],[-1.29986,52.90682],[-1.30009,52.90726],[-1.30015,52.90783],[-1.3001,52.90903],[-1.29948,52.91141],[-1.29903,52.91385],[-1.29878,52.91525],[-1.29712,52.91619],[-1.29248,52.91769],[-1.29008,52.9184],[-1.28763,52.91884],[-1.27613,52.91949],[-1.2704,52.91985],[-1.26743,52.92003],[-1.26614,52.92008],[-1.26491,52.91969],[-1.26482,52.91919]]]}},{"type":"Feature","properties":{"source_code":"C84081","codes":["C84081"],"label":"JOHN RYLE MEDICAL PRACTICE"},"geometry":{"type":"Polygon","coordinates":[[[-1.19837,52.89679],[-1.2042,52.90383],[-1.19408,52.91128],[-1.18155,52.91729],[-1.16352,52.92163],[-1.15871,52.91294],[-1.16678,52.89844],[-1.17365,52.89472],[-1.19837,52.89679]]]}},{"type":"Feature","properties":{"source_code":"C84046","codes":["C84046"],"label":"CLIFTON MEDICAL PRACTICE"},"geometry":{"type":"MultiPolygon","coordinates":[[[[-1.16755,52.91061],[-1.1661,52.90388],[-1.17751,52.89223],[-1.19253,52.89466],[-1.19013,52.89824],[-1.19648,52.89964],[-1.19785,52.90321],[-1.19442,52.91004],[-1.19159,52.91133],[-1.18644,52.90823],[-1.17991,52.91382],[-1.18378,52.91537],[-1.17751,52.91801],[-1.17785,52.91765],[-1.17228,52.91542],[-1.16755,52.91061]]],[[[-1.15974,52.91268],[-1.16644,52.91154],[-1.16764,52.91982],[-1.16438,52.92086],[-1.15974,52.91268]]]]}},{"type":"Feature","properties":{"source_code":"C81097","codes":["C81097"],"label":"COLLEGE STREET MEDICAL PRACTICE"},"geometry":{"type":"MultiPolygon","coordinates":[[[[-1.28752,52.91732],[-1.28807,52.91765],[-1.28712,52.91729],[-1.28752,52.91732]]],[[[-1.28752,52.91732],[-1.28695,52.91698],[-1.28709,52.917],[-1.27716,52.90603],[-1.26463,52.90488],[-1.25424,52.90254],[-1.2569,52.9002],[-1.26617,52.87638],[-1.27802,52.87597],[-1.28527,52.8732],[-1.29252,52.8727],[-1.29952,52.87375],[-1.30712,52.87061],[-1.31029,52.88141],[-1.30278,52.89032],[-1.30073,52.89218],[-1.29954,52.89391],[-1.29845,52.89907],[-1.29965,52.90511],[-1.30025,52.90793],[-1.29963,52.91093],[-1.29965,52.91087],[-1.29879,52.91524],[-1.29873,52.91527],[-1.2987,52.9154],[-1.29753,52.91583],[-1.29746,52.91592],[-1.2969,52.9162],[-1.2957,52.91656],[-1.29244,52.9177],[-1.28752,52.91732]]],[[[-1.29142,52.91745],[-1.28767,52.91708],[-1.29089,52.91755],[-1.29142,52.91745]]],[[[-1.29493,52.91682],[-1.29602,52.91637],[-1.29466,52.91687],[-1.29493,52.91682]]],[[[-1.28807,52.91765],[-1.28901,52.91801],[-1.28875,52.91806],[-1.28807,52.91765]]]]}},{"type":"Feature","properties":{"source_code":"C84120","codes":["C84120"],"label":"CHILWELL VALLEY AND MEADOWS PRACTICE"},"geometry":{"type":"Polygon","coordinates":[[[-1.22618,52.93778],[-1.22326,52.93377],[-1.21914,52.93007],[-1.21446,52.92621],[-1.21111,52.92436],[-1.21008,52.92269],[-1.21184,52.92144],[-1.21394,52.92044],[-1.21451,52.91848],[-1.21062,52.91272],[-1.21359,52.91043],[-1.21374,52.90761],[-1.2139,52.90571],[-1.21445,52.90472],[-1.2157,52.90395],[-1.21888,52.90319],[-1.2206,52.90247],[-1.22111,52.90017],[-1.21978,52.89745],[-1.2204,52.89606],[-1.22243,52.89559],[-1.22791,52.89588],[-1.23005,52.89525],[-1.23425,52.89307],[-1.23704,52.89262],[-1.24139,52.89245],[-1.25468,52.90156],[-1.26004,52.90383],[-1.26534,52.90554],[-1.26849,52.90582],[-1.27544,52.90658],[-1.27913,52.90951],[-1.28195,52.91214],[-1.28338,52.91518],[-1.28158,52.91936],[-1.26514,52.92018],[-1.26109,52.92407],[-1.25823,52.92795],[-1.25281,52.93281],[-1.24987,52.9362],[-1.24459,52.93754],[-1.24233,52.93792],[-1.24008,52.93798],[-1.23322,52.93757],[-1.22618,52.93778]]]}},{"type":"Feature","properties":{"source_code":"C84060","codes":["C84060"],"label":"RIVERGREEN MEDICAL CENTRE"},"geometry":{"type":"Polygon","coordinates":[[[-1.19837,52.90921],[-1.16077,52.92805],[-1.15957,52.93211],[-1.1594,52.93476],[-1.15846,52.93604],[-1.15683,52.9369],[-1.15331,52.93689],[-1.15065,52.93528],[-1.1491,52.93302],[-1.14635,52.93165],[-1.14198,52.93168],[-1.13708,52.93245],[-1.13775,52.93095],[-1.13819,52.92956],[-1.13871,52.9274],[-1.13871,52.9259],[-1.13658,52.92179],[-1.13694,52.91783],[-1.13605,52.9152],[-1.13018,52.91439],[-1.14232,52.91087],[-1.14125,52.89995],[-1.14086,52.88902],[-1.17013,52.88912],[-1.19339,52.89461],[-1.19991,52.9058],[-1.19837,52.90921]]]}},{"type":"Feature","properties":{"source_code":"C84714","codes":["C84714"],"label":"SUNRISE MEDICAL PRACTICE"},"geometry":{"type":"Polygon","coordinates":[[[-1.10344,52.90766],[-1.17313,52.89192],[-1.23734,52.90766],[-1.26549,52.92629],[-1.27579,52.9536],[-1.18652,53.0185],[-1.10001,53.01561],[-1.06636,52.96312],[-1.10069,52.93167],[-1.10344,52.90766]]]}},{"type":"Feature","properties":{"source_code":"C81026","codes":["C81026"],"label":"ADAM HOUSE MEDICAL CENTRE"},"geometry":{"type":"Polygon","coordinates":[[[-1.27034,52.9475],[-1.26068,52.94731],[-1.25827,52.94763],[-1.25758,52.94568],[-1.25487,52.94649],[-1.25421,52.94313],[-1.25587,52.93951],[-1.25072,52.93628],[-1.2545,52.92629],[-1.25896,52.91863],[-1.25884,52.91519],[-1.25874,52.91399],[-1.25857,52.91322],[-1.2603,52.91056],[-1.25903,52.90841],[-1.26938,52.90596],[-1.2793,52.90575],[-1.28318,52.90485],[-1.28612,52.90409],[-1.2843,52.90159],[-1.28749,52.90087],[-1.29068,52.90057],[-1.2983,52.89909],[-1.29939,52.9031],[-1.30145,52.90968],[-1.31475,52.90921],[-1.3183,52.90961],[-1.31978,52.91115],[-1.32102,52.91341],[-1.32059,52.9139],[-1.32024,52.91429],[-1.31997,52.91581],[-1.3201,52.91681],[-1.32057,52.91782],[-1.32069,52.91907],[-1.32302,52.92196],[-1.32677,52.92526],[-1.32351,52.9325],[-1.31857,52.93891],[-1.30088,52.94196],[-1.29405,52.94293],[-1.29248,52.94281],[-1.28669,52.93853],[-1.28446,52.93974],[-1.28107,52.94231],[-1.27915,52.94508],[-1.27773,52.94819],[-1.27392,52.94846],[-1.27034,52.9475]]]}},{"type":"Feature","properties":{"source_code":"C84703","codes":["C84703"],"label":"THE GAMSTON MEDICAL CTR."},"geometry":{"type":"Polygon","coordinates":[[[-1.09297,52.93974],[-1.09055,52.94072],[-1.08933,52.94169],[-1.08517,52.94323],[-1.08318,52.94459],[-1.08101,52.94523],[-1.07859,52.94535],[-1.07651,52.94475],[-1.07229,52.94606],[-1.06841,52.94676],[-1.06578,52.94723],[-1.06393,52.94708],[-1.06208,52.94672],[-1.05658,52.94719],[-1.05987,52.94246],[-1.06216,52.93969],[-1.06505,52.93748],[-1.07045,52.93204],[-1.06735,52.92898],[-1.07203,52.9177],[-1.08396,52.90624],[-1.08648,52.90351],[-1.08994,52.90137],[-1.09567,52.89715],[-1.10123,52.89952],[-1.10379,52.90043],[-1.10666,52.90088],[-1.11786,52.90124],[-1.12126,52.90134],[-1.12466,52.90195],[-1.13112,52.90442],[-1.13452,52.90504],[-1.13784,52.90539],[-1.14115,52.90614],[-1.14447,52.90735],[-1.14517,52.90903],[-1.14544,52.90995],[-1.14528,52.91086],[-1.14266,52.91238],[-1.14058,52.91317],[-1.13884,52.91362],[-1.13663,52.91394],[-1.13554,52.91452],[-1.13683,52.91942],[-1.13627,52.92167],[-1.13621,52.92294],[-1.13634,52.92374],[-1.13708,52.92432],[-1.13833,52.92555],[-1.1382,52.9272],[-1.13794,52.92893],[-1.13751,52.93087],[-1.13683,52.9324],[-1.13651,52.93331],[-1.1361,52.93434],[-1.1346,52.93586],[-1.13449,52.93743],[-1.13163,52.93801],[-1.12816,52.93881],[-1.12464,52.93951],[-1.12236,52.93996],[-1.12009,52.94041],[-1.11541,52.94078],[-1.11065,52.94067],[-1.09297,52.93974]]]}},{"type":"Feature","properties":{"source_code":"C84080","codes":["C84080"],"label":"THE MANOR SURGERY"},"geometry":{"type":"Polygon","coordinates":[[[-1.24073,52.91278],[-1.24326,52.91206],[-1.24626,52.91152],[-1.25017,52.91074],[-1.25283,52.91001],[-1.25506,52.9097],[-1.25721,52.90913],[-1.25849,52.90872],[-1.25957,52.90854],[-1.26004,52.90932],[-1.26072,52.91053],[-1.26081,52.91162],[-1.26115,52.91325],[-1.26197,52.91454],[-1.26351,52.91615],[-1.26527,52.91967],[-1.26484,52.92026],[-1.26489,52.92068],[-1.26403,52.92138],[-1.26287,52.92244],[-1.2615,52.92368],[-1.26021,52.92505],[-1.25987,52.92575],[-1.25922,52.92645],[-1.25888,52.92727],[-1.25789,52.92821],[-1.256,52.92996],[-1.2551,52.93082],[-1.25399,52.93165],[-1.25321,52.93253],[-1.25248,52.9332],[-1.25154,52.93403],[-1.25004,52.93599],[-1.24922,52.93643],[-1.24733,52.93687],[-1.24549,52.93728],[-1.2436,52.93772],[-1.24171,52.93798],[-1.23948,52.93816],[-1.23781,52.93801],[-1.23506,52.93767],[-1.23068,52.93765],[-1.22618,52.93785],[-1.22244,52.93814],[-1.21845,52.93873],[-1.21609,52.93907],[-1.21438,52.9391],[-1.21257,52.93938],[-1.21111,52.9399],[-1.21043,52.93966],[-1.2088,52.93891],[-1.20759,52.93822],[-1.20824,52.93685],[-1.20888,52.93542],[-1.20798,52.93514],[-1.20541,52.93397],[-1.20455,52.93346],[-1.20296,52.93265],[-1.2006,52.93121],[-1.19652,52.92885],[-1.19502,52.92531],[-1.19476,52.92267],[-1.19412,52.92008],[-1.1939,52.91747],[-1.19601,52.9162],[-1.19815,52.9148],[-1.2018,52.91372],[-1.20558,52.91265],[-1.20828,52.91281],[-1.21232,52.9119],[-1.21781,52.90901],[-1.22656,52.90455],[-1.23038,52.90365],[-1.23523,52.90409],[-1.23699,52.90554],[-1.23751,52.90657],[-1.23815,52.9082],[-1.23888,52.90965],[-1.23995,52.91139],[-1.24073,52.91278]]]}},{"type":"Feature","properties":{"source_code":"C84030","codes":["C84030"],"label":"THE OAKS MEDICAL CENTRE"},"geometry":{"type":"Polygon","coordinates":[[[-1.21684,52.93877],[-1.21633,52.93879],[-1.21561,52.93863],[-1.21501,52.9386],[-1.21214,52.93878],[-1.21178,52.93847],[-1.21115,52.93829],[-1.20952,52.93792],[-1.20897,52.93826],[-1.20813,52.93803],[-1.2091,52.93545],[-1.20687,52.93478],[-1.20312,52.93274],[-1.20295,52.93234],[-1.20266,52.93159],[-1.20197,52.93095],[-1.2009,52.93045],[-1.19782,52.92951],[-1.1968,52.92907],[-1.19806,52.92803],[-1.19999,52.92661],[-1.20052,52.92638],[-1.20001,52.92612],[-1.19937,52.92572],[-1.19827,52.92548],[-1.19723,52.92532],[-1.19664,52.92525],[-1.19621,52.92517],[-1.196,52.92498],[-1.19604,52.92443],[-1.19541,52.92371],[-1.19401,52.92247],[-1.19275,52.92097],[-1.19448,52.92011],[-1.19718,52.91871],[-1.19589,52.91729],[-1.19548,52.9165],[-1.19814,52.91507],[-1.19946,52.91436],[-1.20095,52.91396],[-1.20247,52.91365],[-1.2042,52.91324],[-1.20452,52.91302],[-1.20515,52.91279],[-1.20568,52.9128],[-1.20681,52.91293],[-1.20847,52.91296],[-1.20994,52.91272],[-1.21444,52.91306],[-1.22074,52.91222],[-1.22542,52.90932],[-1.22631,52.90819],[-1.22404,52.90581],[-1.2286,52.90371],[-1.23158,52.90358],[-1.23345,52.90438],[-1.23447,52.90466],[-1.23519,52.90484],[-1.2356,52.9051],[-1.23565,52.90541],[-1.23582,52.90552],[-1.23599,52.90559],[-1.23659,52.90581],[-1.23679,52.90585],[-1.23693,52.90588],[-1.23702,52.90592],[-1.23709,52.90598],[-1.23695,52.90612],[-1.2368,52.90627],[-1.23699,52.90639],[-1.23766,52.90699],[-1.23759,52.90765],[-1.23804,52.90856],[-1.23837,52.90937],[-1.24022,52.91281],[-1.24052,52.91279],[-1.2408,52.91273],[-1.24131,52.9126],[-1.24161,52.91253],[-1.24183,52.91248],[-1.24188,52.91251],[-1.2419,52.91254],[-1.24203,52.9127],[-1.24216,52.91285],[-1.24184,52.91314],[-1.24202,52.91352],[-1.24287,52.91442],[-1.24428,52.91623],[-1.24542,52.91616],[-1.24582,52.91626],[-1.24618,52.91687],[-1.24652,52.91739],[-1.24691,52.91728],[-1.24736,52.91714],[-1.24777,52.91698],[-1.24817,52.91683],[-1.24963,52.9165],[-1.25037,52.91639],[-1.25076,52.91641],[-1.25111,52.91646],[-1.25151,52.91633],[-1.2519,52.91623],[-1.25234,52.91613],[-1.25264,52.91609],[-1.25297,52.91605],[-1.25327,52.91626],[-1.2537,52.9162],[-1.25434,52.91654],[-1.2551,52.91713],[-1.25894,52.91964],[-1.26072,52.92306],[-1.25969,52.9251],[-1.25884,52.92648],[-1.25847,52.92711],[-1.25778,52.92791],[-1.25722,52.92857],[-1.25577,52.92964],[-1.25184,52.93293],[-1.25075,52.93463],[-1.2502,52.93543],[-1.24965,52.93617],[-1.24755,52.93664],[-1.24551,52.93723],[-1.24428,52.93756],[-1.24291,52.9377],[-1.24077,52.938],[-1.23957,52.93802],[-1.23839,52.93797],[-1.23356,52.93747],[-1.23124,52.93756],[-1.22895,52.93757],[-1.22386,52.93793],[-1.22107,52.93846],[-1.21895,52.93866],[-1.21684,52.93877]]]}},{"type":"Feature","properties":{"source_code":"C84605","codes":["C84605"],"label":"CASTLE HEALTHCARE PRACTICE"},"geometry":{"type":"Polygon","coordinates":[[[-1.14535,52.94071],[-1.14432,52.94012],[-1.14391,52.93968],[-1.14096,52.94074],[-1.13895,52.9403],[-1.13538,52.94068],[-1.13365,52.94222],[-1.12919,52.94347],[-1.10001,52.94202],[-1.09932,52.93271],[-1.07185,52.9029],[-1.13571,52.88281],[-1.16524,52.88871],[-1.15528,52.90828],[-1.15288,52.90973],[-1.15871,52.91387],[-1.16047,52.91167],[-1.16575,52.91211],[-1.16713,52.91791],[-1.16768,52.92086],[-1.1667,52.92329],[-1.16412,52.92593],[-1.16313,52.92689],[-1.1612,52.92805],[-1.15974,52.93022],[-1.16146,52.93271],[-1.15906,52.93664],[-1.15528,52.93747],[-1.14979,52.93581],[-1.14884,52.93679],[-1.14936,52.93895],[-1.14947,52.94032],[-1.14894,52.94096],[-1.14689,52.94115],[-1.14603,52.94099],[-1.14535,52.94071]]]}},{"type":"Feature","properties":{"source_code":"C84042","codes":["C84042"],"label":"SAXON CROSS SURGERY"},"geometry":{"type":"Polygon","coordinates":[[[-1.24969,52.93613],[-1.25355,52.93207],[-1.25466,52.93114],[-1.25606,52.93008],[-1.25801,52.92812],[-1.26131,52.92398],[-1.26322,52.92204],[-1.26538,52.92025],[-1.26493,52.91923],[-1.26456,52.91816],[-1.26425,52.91715],[-1.26361,52.91624],[-1.26298,52.91536],[-1.26205,52.91461],[-1.26136,52.9136],[-1.26101,52.91252],[-1.2607,52.91153],[-1.26046,52.91054],[-1.26009,52.90943],[-1.2594,52.90839],[-1.26073,52.90804],[-1.2606,52.90672],[-1.26078,52.90606],[-1.26073,52.9054],[-1.26242,52.90437],[-1.26621,52.9053],[-1.26822,52.90529],[-1.26935,52.90539],[-1.26979,52.90535],[-1.27032,52.90526],[-1.2713,52.90512],[-1.27291,52.90509],[-1.27453,52.90527],[-1.27578,52.90603],[-1.27675,52.90649],[-1.27708,52.90669],[-1.27747,52.90685],[-1.27768,52.90704],[-1.27796,52.90721],[-1.27885,52.90777],[-1.27914,52.90821],[-1.27966,52.9085],[-1.28032,52.90888],[-1.28094,52.90926],[-1.28123,52.90967],[-1.28159,52.9102],[-1.28171,52.91065],[-1.28208,52.9111],[-1.28233,52.91197],[-1.28304,52.91387],[-1.28321,52.91477],[-1.28334,52.91581],[-1.28355,52.91711],[-1.28349,52.91805],[-1.28348,52.91866],[-1.28269,52.91954],[-1.28276,52.9209],[-1.28265,52.92162],[-1.28349,52.92199],[-1.28369,52.92288],[-1.28423,52.92356],[-1.28493,52.92403],[-1.2857,52.92548],[-1.28604,52.92611],[-1.2852,52.92658],[-1.28446,52.92722],[-1.28372,52.92766],[-1.28305,52.92807],[-1.28222,52.92843],[-1.28156,52.92888],[-1.28107,52.9295],[-1.28099,52.93021],[-1.27983,52.93108],[-1.27897,52.93193],[-1.27799,52.93293],[-1.27838,52.93421],[-1.27779,52.93531],[-1.27788,52.93595],[-1.27917,52.93659],[-1.27876,52.93762],[-1.27954,52.93802],[-1.27886,52.9388],[-1.27976,52.93914],[-1.28058,52.93963],[-1.28105,52.94054],[-1.28111,52.94096],[-1.28022,52.94145],[-1.28057,52.94249],[-1.28079,52.94325],[-1.27963,52.94488],[-1.27902,52.94644],[-1.27765,52.94959],[-1.27588,52.94898],[-1.27375,52.94839],[-1.27142,52.94792],[-1.26896,52.94755],[-1.26476,52.94731],[-1.26051,52.9474],[-1.25775,52.94776],[-1.25507,52.94828],[-1.24993,52.9494],[-1.25203,52.94728],[-1.25412,52.9452],[-1.25667,52.94307],[-1.25896,52.94087],[-1.25675,52.93971],[-1.25476,52.93845],[-1.25319,52.9373],[-1.25154,52.93658],[-1.24969,52.93613]]]}},{"type":"Feature","properties":{"source_code":"C84621","codes":["C84621"],"label":"WEST BRIDGFORD MEDICAL CENTRE"},"geometry":{"type":"Polygon","coordinates":[[[-1.16507,52.92505],[-1.15923,52.93095],[-1.15889,52.93622],[-1.15511,52.93726],[-1.15116,52.93653],[-1.14876,52.93312],[-1.14481,52.93146],[-1.13897,52.93229],[-1.13777,52.93457],[-1.13623,52.93788],[-1.134,52.94098],[-1.13194,52.94243],[-1.12593,52.94357],[-1.12146,52.94222],[-1.11477,52.94347],[-1.11099,52.94429],[-1.10636,52.94274],[-1.10121,52.94129],[-1.09863,52.94088],[-1.09589,52.93902],[-1.09537,52.93778],[-1.09365,52.93447],[-1.09434,52.93302],[-1.10035,52.93229],[-1.09863,52.92919],[-1.09777,52.92277],[-1.09915,52.91677],[-1.10516,52.90787],[-1.11511,52.9031],[-1.12129,52.90041],[-1.13434,52.90455],[-1.15116,52.9089],[-1.16009,52.91408],[-1.16352,52.92008],[-1.16507,52.92505]]]}},{"type":"Feature","properties":{"source_code":"C84090","codes":["C84090"],"label":"MUSTERS MEDICAL PRACTICE"},"geometry":{"type":"Polygon","coordinates":[[[-1.13262,52.92712],[-1.13297,52.93882],[-1.11117,52.94243],[-1.09898,52.92877],[-1.08524,52.90807],[-1.09177,52.89047],[-1.14807,52.8913],[-1.16798,52.91304],[-1.16043,52.93105],[-1.13297,52.93891],[-1.13297,52.93882],[-1.13365,52.93871],[-1.13262,52.92712]]]}},{"type":"Feature","properties":{"source_code":"C84107","codes":["C84107"],"label":"THE LINDEN MEDICAL GROUP"},"geometry":{"type":"Polygon","coordinates":[[[-1.28538,52.91484],[-1.286,52.91461],[-1.28692,52.91456],[-1.28761,52.91424],[-1.28817,52.91382],[-1.28884,52.91359],[-1.28997,52.91369],[-1.29028,52.91289],[-1.29087,52.91235],[-1.29152,52.91181],[-1.29403,52.91254],[-1.29465,52.91205],[-1.29554,52.91125],[-1.29695,52.91192],[-1.29802,52.91227],[-1.29813,52.91338],[-1.29739,52.91459],[-1.29747,52.91514],[-1.29923,52.91523],[-1.29933,52.91661],[-1.29936,52.91714],[-1.29969,52.91874],[-1.29983,52.92158],[-1.30014,52.92365],[-1.30051,52.9265],[-1.29982,52.9295],[-1.29896,52.93157],[-1.29776,52.93271],[-1.29501,52.9324],[-1.29192,52.93322],[-1.28832,52.93322],[-1.28574,52.93395],[-1.28574,52.9354],[-1.2866,52.93798],[-1.28386,52.93995],[-1.28094,52.94274],[-1.27939,52.94481],[-1.27879,52.94533],[-1.2781,52.94709],[-1.27776,52.94817],[-1.27742,52.94941],[-1.27673,52.95081],[-1.2757,52.9521],[-1.2751,52.95314],[-1.27441,52.95448],[-1.2739,52.9551],[-1.2636,52.96038],[-1.25562,52.96425],[-1.24901,52.96942],[-1.24103,52.97092],[-1.2342,52.9718],[-1.2333,52.97196],[-1.23051,52.97232],[-1.22967,52.97196],[-1.22929,52.97148],[-1.22867,52.97113],[-1.22828,52.97025],[-1.22755,52.96937],[-1.22618,52.96813],[-1.22532,52.96754],[-1.22444,52.96712],[-1.22373,52.96661],[-1.2206,52.96575],[-1.21841,52.96534],[-1.21729,52.96514],[-1.21618,52.96478],[-1.21442,52.96389],[-1.21232,52.96309],[-1.21143,52.96277],[-1.21073,52.96255],[-1.21011,52.96239],[-1.20961,52.96224],[-1.20867,52.96203],[-1.20695,52.96172],[-1.20498,52.96156],[-1.20292,52.96149],[-1.20069,52.96171],[-1.1988,52.96182],[-1.19654,52.96206],[-1.19524,52.96177],[-1.19408,52.96188],[-1.1927,52.96156],[-1.19094,52.96147],[-1.19107,52.96141],[-1.19081,52.96146],[-1.19094,52.96147],[-1.19013,52.96182],[-1.18946,52.96182],[-1.18927,52.96177],[-1.18938,52.96089],[-1.18927,52.96007],[-1.19064,52.95908],[-1.19099,52.95857],[-1.19106,52.95727],[-1.19107,52.95608],[-1.19115,52.95557],[-1.19187,52.95537],[-1.19221,52.95517],[-1.19283,52.95474],[-1.19245,52.95425],[-1.19169,52.95424],[-1.19033,52.954],[-1.18993,52.95391],[-1.18959,52.95374],[-1.18929,52.95328],[-1.1891,52.95231],[-1.18854,52.95089],[-1.18811,52.95047],[-1.18807,52.94954],[-1.18755,52.9482],[-1.18639,52.94807],[-1.18472,52.94771],[-1.18433,52.94727],[-1.18571,52.94678],[-1.18665,52.94618],[-1.1876,52.94543],[-1.18906,52.94481],[-1.18974,52.9444],[-1.19058,52.9441],[-1.19215,52.94445],[-1.19472,52.94489],[-1.19684,52.94472],[-1.19985,52.94357],[-1.20157,52.94292],[-1.20317,52.94243],[-1.20779,52.94131],[-1.20953,52.94063],[-1.21159,52.93974],[-1.21327,52.93935],[-1.21508,52.93908],[-1.21785,52.93871],[-1.22044,52.93853],[-1.22302,52.93803],[-1.22475,52.93784],[-1.22566,52.93773],[-1.22562,52.93777],[-1.22605,52.93766],[-1.22579,52.93725],[-1.22527,52.93642],[-1.22492,52.93565],[-1.22453,52.93501],[-1.22502,52.9346],[-1.22619,52.93421],[-1.2273,52.93381],[-1.22865,52.93348],[-1.23036,52.93377],[-1.23184,52.93398],[-1.23397,52.93425],[-1.23594,52.93401],[-1.23628,52.93396],[-1.23663,52.93384],[-1.23723,52.93373],[-1.23751,52.93372],[-1.23806,52.93363],[-1.23892,52.93368],[-1.23952,52.93373],[-1.24125,52.93445],[-1.24273,52.93351],[-1.24456,52.9328],[-1.24529,52.93256],[-1.24566,52.93237],[-1.24651,52.93198],[-1.24691,52.93187],[-1.25227,52.93369],[-1.25579,52.93059],[-1.25879,52.92733],[-1.26489,52.92065],[-1.28171,52.91956],[-1.28419,52.917],[-1.28538,52.91484]]]}},{"type":"Feature","properties":{"source_code":"C84086","codes":["C84086"],"label":"ST GEORGES MED PRACTICE"},"geometry":{"type":"Polygon","coordinates":[[[-1.10211,52.93232],[-1.09972,52.92881],[-1.09895,52.92514],[-1.09897,52.92116],[-1.09988,52.9178],[-1.10251,52.91322],[-1.10399,52.91078],[-1.10608,52.90859],[-1.10718,52.9076],[-1.1088,52.90662],[-1.11268,52.90489],[-1.1211,52.90167],[-1.12589,52.90277],[-1.13119,52.90463],[-1.13497,52.90533],[-1.13924,52.9059],[-1.14167,52.90668],[-1.14419,52.9074],[-1.14664,52.90811],[-1.15122,52.91001],[-1.15516,52.91161],[-1.15567,52.91268],[-1.1573,52.91379],[-1.15863,52.91462],[-1.15871,52.91511],[-1.15953,52.92047],[-1.15992,52.92554],[-1.15805,52.92594],[-1.15533,52.92593],[-1.15261,52.92634],[-1.15101,52.92662],[-1.14811,52.92855],[-1.14572,52.92979],[-1.14316,52.93076],[-1.14046,52.93155],[-1.13846,52.93281],[-1.13739,52.93527],[-1.13575,52.93801],[-1.1347,52.94005],[-1.13262,52.94194],[-1.10962,52.94202],[-1.10762,52.94007],[-1.10606,52.93811],[-1.10211,52.93232]]]}},{"type":"Feature","properties":{"source_code":"C84065","codes":["C84065"],"label":"ABBEY MEDICAL CENTRE"},"geometry":{"type":"Polygon","coordinates":[[[-1.22429,52.95112],[-1.21639,52.94119],[-1.19957,52.94036],[-1.20163,52.93229],[-1.20712,52.91491],[-1.21536,52.91014],[-1.21708,52.90497],[-1.2212,52.89751],[-1.22978,52.89627],[-1.24317,52.89751],[-1.25519,52.90538],[-1.26205,52.91366],[-1.26652,52.9207],[-1.27407,52.93064],[-1.27098,52.94243],[-1.22429,52.95112]]]}},{"type":"Feature","properties":{"source_code":"C84112","codes":["C84112"],"label":"BRAMCOTE SURGERY"},"geometry":{"type":"Polygon","coordinates":[[[-1.28137,52.95298],[-1.27757,52.9555],[-1.2724,52.95513],[-1.26274,52.95603],[-1.23794,52.95502],[-1.22549,52.9504],[-1.22317,52.94636],[-1.21888,52.94145],[-1.21648,52.93897],[-1.20481,52.93359],[-1.21137,52.92914],[-1.21305,52.92526],[-1.21592,52.9237],[-1.22171,52.92174],[-1.23013,52.91835],[-1.23485,52.91677],[-1.23648,52.91837],[-1.24369,52.91786],[-1.25175,52.91646],[-1.26583,52.92029],[-1.26901,52.9252],[-1.2751,52.92919],[-1.27768,52.94874],[-1.28137,52.95298]]]}},{"type":"Feature","properties":{"source_code":"C84705","codes":["C84705"],"label":"HICKINGS LANE MEDICAL CTR"},"geometry":{"type":"Polygon","coordinates":[[[-1.22549,52.93653],[-1.23021,52.93576],[-1.23631,52.93571],[-1.24489,52.9326],[-1.2509,52.93653],[-1.26617,52.92081],[-1.28763,52.91956],[-1.29827,52.91739],[-1.29982,52.92784],[-1.29656,52.9324],[-1.27682,52.93467],[-1.28197,52.95309],[-1.27806,52.95572],[-1.27416,52.95608],[-1.25776,52.95577],[-1.22549,52.93653]]]}},{"type":"Feature","properties":{"source_code":"C84023","codes":["C84023"],"label":"THE UNIV OF NOTTINGHAM HEALTH SERV"},"geometry":{"type":"Polygon","coordinates":[[[-1.23764,52.92458],[-1.24315,52.92849],[-1.24617,52.93065],[-1.24415,52.93189],[-1.24993,52.93633],[-1.24449,52.93809],[-1.24615,52.94104],[-1.24672,52.94535],[-1.24598,52.94901],[-1.24578,52.95017],[-1.23881,52.9524],[-1.23279,52.95526],[-1.22721,52.95813],[-1.22056,52.96003],[-1.21491,52.96051],[-1.20608,52.96034],[-1.19712,52.96015],[-1.19118,52.9598],[-1.19138,52.9681],[-1.18719,52.96739],[-1.18347,52.96771],[-1.18015,52.96492],[-1.17814,52.96686],[-1.17405,52.96946],[-1.17471,52.97115],[-1.17096,52.9714],[-1.1588,52.97154],[-1.15558,52.96847],[-1.15352,52.96826],[-1.15174,52.96339],[-1.14404,52.95676],[-1.13893,52.9534],[-1.13844,52.95086],[-1.14026,52.94996],[-1.14507,52.94895],[-1.1506,52.94872],[-1.15247,52.94614],[-1.16322,52.94354],[-1.16677,52.94342],[-1.16893,52.9439],[-1.1711,52.94469],[-1.17211,52.9454],[-1.17391,52.94487],[-1.17725,52.94212],[-1.17828,52.94129],[-1.17841,52.9384],[-1.1886,52.9324],[-1.19893,52.92621],[-1.20287,52.92378],[-1.19848,52.92152],[-1.19434,52.91733],[-1.19936,52.91454],[-1.2009,52.91392],[-1.20418,52.91341],[-1.2078,52.9132],[-1.20853,52.91475],[-1.205,52.91651],[-1.21142,52.92163],[-1.21507,52.92029],[-1.22088,52.91946],[-1.2243,52.91799],[-1.22583,52.91892],[-1.22691,52.91951],[-1.23352,52.92464],[-1.23764,52.92458]]]}},{"type":"Feature","properties":{"source_code":"C84092","codes":["C84092"],"label":"BRIDGEWAY PRACTICE"},"geometry":{"type":"Polygon","coordinates":[[[-1.15665,52.94339],[-1.15245,52.94512],[-1.14902,52.94466],[-1.14708,52.94603],[-1.14614,52.94621],[-1.1449,52.94621],[-1.14284,52.94623],[-1.14189,52.94623],[-1.14082,52.94621],[-1.14103,52.94556],[-1.14069,52.94618],[-1.14035,52.94789],[-1.14026,52.94631],[-1.14048,52.94486],[-1.14093,52.94467],[-1.14271,52.94419],[-1.14133,52.9445],[-1.14093,52.94467],[-1.14052,52.94478],[-1.14035,52.94352],[-1.14017,52.9416],[-1.13923,52.94005],[-1.13829,52.93922],[-1.13773,52.9384],[-1.13863,52.93656],[-1.13923,52.93493],[-1.13996,52.93328],[-1.14181,52.93242],[-1.14382,52.93227],[-1.14708,52.93304],[-1.14867,52.93462],[-1.14987,52.93638],[-1.15056,52.93659],[-1.15331,52.93765],[-1.1558,52.93822],[-1.15923,52.93705],[-1.15992,52.93832],[-1.16,52.94199],[-1.15266,52.94517],[-1.15665,52.94339]]]}},{"type":"Feature","properties":{"source_code":"C84144","codes":["C84144"],"label":"THE MEADOWS HEALTH CENTRE"},"geometry":{"type":"Polygon","coordinates":[[[-1.14017,52.94652],[-1.13979,52.94137],[-1.13751,52.93845],[-1.13863,52.93602],[-1.13966,52.93346],[-1.14108,52.93237],[-1.14412,52.93219],[-1.14594,52.93223],[-1.14715,52.93294],[-1.14849,52.93386],[-1.14906,52.93498],[-1.15127,52.9369],[-1.15451,52.93783],[-1.15597,52.93779],[-1.15743,52.9376],[-1.15957,52.93633],[-1.16026,52.9393],[-1.16026,52.94259],[-1.15848,52.94325],[-1.15644,52.94344],[-1.15348,52.94538],[-1.15065,52.94521],[-1.14816,52.94502],[-1.14713,52.94639],[-1.14017,52.94652]]]}},{"type":"Feature","properties":{"source_code":"C84084","codes":["C84084"],"label":"RADCLIFFE-ON-TRENT. HEALTH CENTRE"},"geometry":{"type":"MultiPolygon","coordinates":[[[[-1.10194,52.93813],[-1.10207,52.93809],[-1.10241,52.94098],[-1.10207,52.93829],[-1.10194,52.93813]]],[[[-1.00267,52.97428],[-0.99014,52.97366],[-0.97092,52.97097],[-0.96714,52.96932],[-0.96439,52.96663],[-0.96474,52.96374],[-0.97109,52.95658],[-0.98087,52.9505],[-0.97675,52.92091],[-1.02911,52.91874],[-1.08147,52.91822],[-1.09726,52.93374],[-1.10069,52.93664],[-1.10194,52.93813],[-1.0843,52.94409],[-1.06859,52.94833],[-1.05615,52.9475],[-1.05104,52.95161],[-1.04486,52.95097],[-1.04093,52.95016],[-1.03691,52.95499],[-1.03151,52.95826],[-1.02619,52.96704],[-1.02139,52.97676],[-1.01023,52.98144],[-1.00267,52.97428]]]]}},{"type":"Feature","properties":{"source_code":"C84044","codes":["C84044"],"label":"DEER PARK FAMILY MEDICAL PRACTICE"},"geometry":{"type":"Polygon","coordinates":[[[-1.19047,52.9445],[-1.19665,52.94471],[-1.2042,52.94212],[-1.20953,52.94047],[-1.21725,52.93881],[-1.22601,52.93778],[-1.23476,52.93757],[-1.24077,52.93798],[-1.24506,52.93736],[-1.25021,52.93622],[-1.25896,52.94088],[-1.25313,52.94626],[-1.24901,52.9505],[-1.24626,52.95505],[-1.24111,52.96115],[-1.24008,52.96415],[-1.23356,52.96353],[-1.23081,52.96063],[-1.19133,52.9596],[-1.19099,52.95567],[-1.19339,52.95474],[-1.19116,52.95195],[-1.19047,52.9445]]]}},{"type":"Feature","properties":{"source_code":"C84039","codes":["C84039"],"label":"DERBY ROAD HEALTH CENTRE"},"geometry":{"type":"Polygon","coordinates":[[[-1.17031,52.94171],[-1.17151,52.94114],[-1.17458,52.93987],[-1.17509,52.93972],[-1.17756,52.93876],[-1.18178,52.93651],[-1.182,52.93683],[-1.1823,52.93676],[-1.18242,52.93688],[-1.18246,52.937],[-1.18249,52.9371],[-1.18262,52.93761],[-1.18303,52.93818],[-1.18356,52.93866],[-1.18384,52.93872],[-1.18402,52.93866],[-1.18425,52.9386],[-1.18441,52.93851],[-1.18458,52.93844],[-1.18479,52.93833],[-1.18502,52.93822],[-1.18562,52.93791],[-1.18654,52.93752],[-1.18783,52.93917],[-1.18815,52.93942],[-1.1882,52.93957],[-1.18817,52.93972],[-1.18541,52.94138],[-1.18646,52.94191],[-1.19047,52.9441],[-1.19262,52.94454],[-1.19528,52.94481],[-1.19646,52.94489],[-1.19768,52.94454],[-1.19948,52.94378],[-1.20317,52.94234],[-1.20532,52.94191],[-1.20755,52.94131],[-1.20729,52.93853],[-1.2083,52.93677],[-1.20905,52.93538],[-1.20815,52.93511],[-1.20914,52.93377],[-1.21189,52.93359],[-1.21521,52.93408],[-1.21457,52.93617],[-1.21506,52.93695],[-1.21652,52.93894],[-1.21798,52.9407],[-1.22019,52.94066],[-1.22195,52.94111],[-1.22347,52.94199],[-1.22418,52.94244],[-1.22611,52.94247],[-1.22669,52.94163],[-1.22888,52.94201],[-1.23351,52.94316],[-1.2345,52.94379],[-1.23506,52.94455],[-1.23577,52.94526],[-1.23619,52.94533],[-1.23656,52.94548],[-1.23712,52.94565],[-1.23959,52.9467],[-1.24055,52.94722],[-1.24165,52.94771],[-1.24201,52.94841],[-1.24186,52.94899],[-1.24025,52.94946],[-1.23832,52.95089],[-1.24364,52.95321],[-1.24643,52.95506],[-1.2443,52.95801],[-1.24059,52.96363],[-1.23716,52.96704],[-1.23407,52.9719],[-1.23021,52.97232],[-1.22806,52.96968],[-1.22514,52.9673],[-1.22025,52.96544],[-1.21502,52.9642],[-1.20806,52.96167],[-1.20094,52.96136],[-1.19073,52.96115],[-1.19107,52.95526],[-1.18777,52.95535],[-1.18365,52.95554],[-1.18114,52.95545],[-1.17568,52.95568],[-1.17215,52.95583],[-1.17037,52.95588],[-1.16858,52.95606],[-1.16603,52.95612],[-1.16309,52.95588],[-1.1624,52.95624],[-1.16155,52.95589],[-1.16045,52.95585],[-1.15942,52.95589],[-1.1582,52.95567],[-1.1562,52.9553],[-1.1523,52.95514],[-1.15127,52.95495],[-1.14734,52.95514],[-1.14292,52.95517],[-1.14146,52.95499],[-1.14082,52.95465],[-1.13879,52.95307],[-1.13853,52.95084],[-1.14032,52.95033],[-1.14195,52.94956],[-1.14479,52.94908],[-1.14768,52.94882],[-1.15137,52.94869],[-1.15172,52.94789],[-1.15206,52.94696],[-1.15284,52.94608],[-1.15747,52.94497],[-1.16378,52.94339],[-1.16515,52.94305],[-1.16627,52.94266],[-1.16689,52.94257],[-1.16841,52.94212],[-1.16785,52.94229],[-1.16904,52.94202],[-1.17059,52.9415],[-1.17031,52.94171]]]}},{"type":"Feature","properties":{"source_code":"C84683","codes":["C84683"],"label":"THE WINDMILL PRACTICE"},"geometry":{"type":"Polygon","coordinates":[[[-1.17112,52.94693],[-1.17041,52.94891],[-1.16632,52.94973],[-1.16757,52.95186],[-1.16707,52.9525],[-1.16556,52.95347],[-1.16263,52.95655],[-1.1579,52.95981],[-1.16046,52.96151],[-1.15522,52.96326],[-1.15564,52.96418],[-1.15085,52.96534],[-1.14856,52.96736],[-1.14597,52.96835],[-1.14326,52.97064],[-1.1418,52.97265],[-1.13749,52.97728],[-1.13223,52.98197],[-1.12429,52.98532],[-1.12144,52.98692],[-1.12073,52.98635],[-1.11855,52.98765],[-1.11211,52.99068],[-1.11142,52.99325],[-1.09406,52.98526],[-1.07773,52.97521],[-1.07513,52.97526],[-1.07451,52.97432],[-1.07308,52.97258],[-1.07183,52.97166],[-1.07384,52.97074],[-1.06741,52.96275],[-1.06931,52.96076],[-1.07192,52.95962],[-1.07979,52.95845],[-1.0758,52.95544],[-1.08326,52.94906],[-1.08677,52.94892],[-1.09903,52.94299],[-1.09822,52.94096],[-1.10417,52.93932],[-1.10609,52.93849],[-1.10652,52.93756],[-1.10616,52.93646],[-1.10631,52.93488],[-1.10828,52.93301],[-1.10857,52.9313],[-1.11266,52.93118],[-1.12618,52.93105],[-1.12763,52.93042],[-1.13302,52.92871],[-1.13616,52.93082],[-1.13687,52.93291],[-1.13972,52.93343],[-1.14036,52.93291],[-1.14138,52.93265],[-1.14563,52.93236],[-1.14816,52.93372],[-1.15013,52.93633],[-1.15408,52.93803],[-1.15687,52.93786],[-1.15948,52.9368],[-1.16012,52.93922],[-1.16025,52.94163],[-1.16007,52.94258],[-1.15903,52.94314],[-1.16054,52.9453],[-1.16156,52.9454],[-1.1624,52.94524],[-1.16508,52.94509],[-1.16739,52.9459],[-1.16777,52.94671],[-1.17112,52.94693]]]}},{"type":"Feature","properties":{"source_code":"C84122","codes":["C84122"],"label":"WOLLATON PARK MEDICAL CENTRE"},"geometry":{"type":"Polygon","coordinates":[[[-1.2454,52.95526],[-1.24094,52.96317],[-1.2339,52.97208],[-1.22755,52.97294],[-1.21622,52.97366],[-1.21107,52.97366],[-1.19978,52.97159],[-1.19124,52.96787],[-1.18726,52.96727],[-1.1838,52.96719],[-1.18565,52.96478],[-1.18778,52.96078],[-1.17786,52.96033],[-1.16921,52.95628],[-1.16677,52.95612],[-1.16624,52.95521],[-1.16701,52.95357],[-1.16773,52.95062],[-1.16586,52.9461],[-1.17338,52.94485],[-1.17198,52.94039],[-1.17807,52.93635],[-1.18705,52.93741],[-1.19002,52.93946],[-1.19202,52.93858],[-1.19421,52.93762],[-1.19751,52.9384],[-1.18989,52.94382],[-1.19304,52.94539],[-1.19644,52.94541],[-1.19777,52.94551],[-1.1989,52.94585],[-1.19944,52.9465],[-1.19987,52.9475],[-1.20124,52.95263],[-1.21994,52.95151],[-1.22843,52.95528],[-1.2346,52.95558],[-1.2406,52.95505],[-1.2454,52.95526]]]}},{"type":"Feature","properties":{"source_code":"Y02847","codes":["Y02847"],"label":"PARLIAMENT STREET MEDICAL CENTRE"},"geometry":{"type":"Polygon","coordinates":[[[-1.19888,53.00941],[-1.19768,53.00895],[-1.19768,53.00931],[-1.16009,53.00869],[-1.14752,52.98964],[-1.14738,52.98958],[-1.14688,52.98909],[-1.14601,52.98875],[-1.14377,52.98604],[-1.1261,52.9687],[-1.11679,52.95336],[-1.11443,52.9505],[-1.11498,52.95037],[-1.11481,52.95009],[-1.07743,52.94268],[-1.05881,52.93912],[-1.07689,52.92721],[-1.11511,52.90103],[-1.11687,52.90086],[-1.11786,52.9002],[-1.17691,52.89482],[-1.17682,52.8949],[-1.1776,52.89482],[-1.18173,52.89917],[-1.19047,52.89901],[-1.19442,52.90662],[-1.1944,52.90663],[-1.20094,52.90973],[-1.20982,52.92873],[-1.21262,52.93167],[-1.21131,52.93192],[-1.21502,52.93985],[-1.21571,52.93995],[-1.2158,52.94012],[-1.21605,52.94016],[-1.21791,52.94398],[-1.22429,52.95567],[-1.2169,52.96805],[-1.2133,52.97469],[-1.21674,52.99681],[-1.19809,53.00885],[-1.19888,53.00941]],[[-1.11553,52.95024],[-1.1155,52.95023],[-1.11551,52.95024],[-1.11553,52.95024]]]}},{"type":"Feature","properties":{"source_code":"C84063","codes":["C84063"],"label":"GREENDALE PRIMARY CARE CENTRE"},"geometry":{"type":"Polygon","coordinates":[[[-1.1452,52.9578],[-1.11537,52.97172],[-1.10868,52.97168],[-1.10365,52.9704],[-1.08966,52.97206],[-1.07788,52.97004],[-1.07521,52.97139],[-1.07212,52.96862],[-1.06808,52.96389],[-1.07179,52.95987],[-1.08168,52.95792],[-1.10368,52.95087],[-1.11684,52.94391],[-1.13258,52.94409],[-1.13442,52.95006],[-1.14043,52.95435],[-1.1452,52.9578]]]}},{"type":"Feature","properties":{"source_code":"C84136","codes":["C84136"],"label":"ST. LUKE'S SURGERY"},"geometry":{"type":"Polygon","coordinates":[[[-1.16236,52.95624],[-1.15539,52.95661],[-1.15518,52.95662],[-1.15056,52.95687],[-1.14837,52.95696],[-1.15069,52.95588],[-1.15051,52.95492],[-1.15303,52.95457],[-1.15404,52.95438],[-1.15453,52.95402],[-1.15198,52.95182],[-1.15099,52.95063],[-1.15052,52.95],[-1.14934,52.94983],[-1.1495,52.94906],[-1.1506,52.94851],[-1.15157,52.94852],[-1.15278,52.94845],[-1.15382,52.94834],[-1.1548,52.94818],[-1.15861,52.94742],[-1.17103,52.94647],[-1.17292,52.94551],[-1.17846,52.94403],[-1.18133,52.93964],[-1.18833,52.94204],[-1.19146,52.94504],[-1.19167,52.94985],[-1.19189,52.95226],[-1.19421,52.95497],[-1.19309,52.95549],[-1.19506,52.95784],[-1.19777,52.95911],[-1.20708,52.95963],[-1.20927,52.96022],[-1.20884,52.96164],[-1.20296,52.96211],[-1.20867,52.96516],[-1.21386,52.96808],[-1.21794,52.97232],[-1.21729,52.97358],[-1.21244,52.9756],[-1.20708,52.98053],[-1.20249,52.98139],[-1.19511,52.98227],[-1.19107,52.97811],[-1.18914,52.97689],[-1.18601,52.97418],[-1.18335,52.97379],[-1.17601,52.97183],[-1.16004,52.97165],[-1.15657,52.9687],[-1.15335,52.96823],[-1.15073,52.96244],[-1.14837,52.95696],[-1.14905,52.95721],[-1.15079,52.95788],[-1.1532,52.95876],[-1.15333,52.95881],[-1.15333,52.95881],[-1.15336,52.95882],[-1.15803,52.95957],[-1.15333,52.95881],[-1.1532,52.95876],[-1.14905,52.95721],[-1.14844,52.95698],[-1.15056,52.95687],[-1.15168,52.95682],[-1.15518,52.95662],[-1.16236,52.95624]]]}},{"type":"Feature","properties":{"source_code":"C84117","codes":["C84117"],"label":"RADFORD MEDICAL PRACTICE (KAUR)"},"geometry":{"type":"Polygon","coordinates":[[[-1.18391,52.97407],[-1.18216,52.97282],[-1.18006,52.97239],[-1.17576,52.97153],[-1.174,52.97148],[-1.17206,52.97134],[-1.15934,52.97128],[-1.16126,52.97356],[-1.15843,52.97437],[-1.1559,52.97506],[-1.15604,52.97591],[-1.15278,52.97628],[-1.14966,52.97614],[-1.14833,52.97792],[-1.14213,52.97878],[-1.13808,52.97958],[-1.13575,52.97799],[-1.13588,52.97682],[-1.13594,52.97615],[-1.13634,52.9757],[-1.13864,52.97387],[-1.14183,52.97011],[-1.14825,52.96744],[-1.15012,52.96573],[-1.1513,52.96511],[-1.15258,52.9649],[-1.14805,52.95537],[-1.15488,52.95422],[-1.14987,52.94866],[-1.16361,52.94728],[-1.16715,52.94688],[-1.17335,52.94698],[-1.17573,52.94657],[-1.17755,52.94654],[-1.17931,52.94623],[-1.1803,52.94846],[-1.18553,52.94689],[-1.18754,52.94548],[-1.19036,52.94441],[-1.19115,52.95221],[-1.193,52.95479],[-1.19254,52.95556],[-1.19329,52.95633],[-1.19401,52.95751],[-1.19509,52.95921],[-1.19552,52.96014],[-1.19539,52.96107],[-1.19466,52.96332],[-1.19513,52.9634],[-1.19509,52.96449],[-1.19488,52.96567],[-1.19467,52.96716],[-1.19373,52.96861],[-1.19064,52.96783],[-1.18391,52.97407]]]}},{"type":"Feature","properties":{"source_code":"C84085","codes":["C84085"],"label":"VICTORIA AND MAPPERLEY PRACTICE"},"geometry":{"type":"Polygon","coordinates":[[[-1.13987,52.99048],[-1.13981,52.9911],[-1.14,52.9917],[-1.13992,52.99187],[-1.13983,52.99217],[-1.13963,52.99258],[-1.1394,52.9929],[-1.13903,52.9935],[-1.13713,52.99286],[-1.13417,52.99224],[-1.13266,52.99219],[-1.13073,52.99219],[-1.1279,52.9927],[-1.1258,52.99332],[-1.12374,52.99345],[-1.12314,52.99296],[-1.12146,52.9919],[-1.11906,52.9903],[-1.11653,52.9886],[-1.11524,52.98805],[-1.11086,52.98759],[-1.10919,52.98349],[-1.10994,52.98265],[-1.11035,52.98278],[-1.11194,52.98157],[-1.11352,52.9801],[-1.1143,52.97932],[-1.11769,52.97648],[-1.11996,52.97441],[-1.12069,52.97415],[-1.12194,52.97564],[-1.12254,52.97539],[-1.1244,52.97527],[-1.12562,52.97558],[-1.12602,52.97549],[-1.12734,52.97492],[-1.12789,52.97502],[-1.12853,52.9748],[-1.12863,52.97449],[-1.12948,52.97455],[-1.13011,52.97313],[-1.13268,52.97409],[-1.13184,52.97211],[-1.13165,52.97113],[-1.13145,52.97016],[-1.13121,52.969],[-1.13107,52.96836],[-1.13098,52.9679],[-1.1336,52.96762],[-1.13464,52.96704],[-1.14022,52.96717],[-1.14035,52.96723],[-1.13872,52.96557],[-1.13708,52.96151],[-1.14037,52.9599],[-1.14117,52.95924],[-1.14155,52.9584],[-1.14215,52.9577],[-1.14303,52.95788],[-1.1434,52.95762],[-1.1435,52.9575],[-1.14367,52.95739],[-1.14423,52.95689],[-1.14095,52.95484],[-1.14176,52.95427],[-1.14095,52.95349],[-1.1409,52.95328],[-1.14088,52.95259],[-1.14146,52.95247],[-1.14229,52.95246],[-1.14302,52.95243],[-1.14316,52.95261],[-1.14583,52.95252],[-1.14535,52.95312],[-1.14471,52.95355],[-1.14747,52.95316],[-1.14794,52.9551],[-1.14839,52.95615],[-1.14872,52.9572],[-1.15318,52.958],[-1.15288,52.95919],[-1.15335,52.96045],[-1.15571,52.96418],[-1.15262,52.9648],[-1.1541,52.96867],[-1.15364,52.97066],[-1.15004,52.97485],[-1.14706,52.98002],[-1.14385,52.98451],[-1.1402,52.98913],[-1.13987,52.99048]]]}},{"type":"Feature","properties":{"source_code":"C84018","codes":["C84018"],"label":"THE FAMILY MEDICAL CENTRE"},"geometry":{"type":"Polygon","coordinates":[[[-1.09829,52.9872],[-1.07821,52.97573],[-1.0746,52.9748],[-1.0722,52.97211],[-1.07374,52.97004],[-1.07014,52.96673],[-1.06739,52.96281],[-1.07082,52.96012],[-1.07632,52.95888],[-1.08404,52.9567],[-1.09159,52.95515],[-1.09863,52.95381],[-1.10327,52.95153],[-1.11082,52.95071],[-1.12696,52.94626],[-1.12988,52.94647],[-1.134,52.94378],[-1.13897,52.93985],[-1.14017,52.94264],[-1.14035,52.94357],[-1.14052,52.94626],[-1.14035,52.94802],[-1.1406,52.94972],[-1.13949,52.9506],[-1.14043,52.9519],[-1.14086,52.95319],[-1.14134,52.95392],[-1.1414,52.95397],[-1.14174,52.95432],[-1.14156,52.95425],[-1.14159,52.9543],[-1.14349,52.95527],[-1.14381,52.95529],[-1.14432,52.95531],[-1.14492,52.95536],[-1.14509,52.95551],[-1.14541,52.95587],[-1.14557,52.95609],[-1.14588,52.95641],[-1.14626,52.95674],[-1.14642,52.95689],[-1.14658,52.95733],[-1.14652,52.95729],[-1.14979,52.96094],[-1.15408,52.96798],[-1.15219,52.97283],[-1.14584,52.98193],[-1.14103,52.98079],[-1.13829,52.98121],[-1.13108,52.98059],[-1.12558,52.98203],[-1.12061,52.98462],[-1.10859,52.99216],[-1.10739,52.99175],[-1.09829,52.9872]]]}},{"type":"Feature","properties":{"source_code":"Y03124","codes":["Y03124"],"label":"GRANGE FARM MEDICAL CENTRE"},"geometry":{"type":"Polygon","coordinates":[[[-1.25433,52.94528],[-1.24952,52.94972],[-1.24832,52.95107],[-1.24755,52.95239],[-1.24639,52.95497],[-1.24425,52.95826],[-1.23678,52.96738],[-1.23527,52.96929],[-1.23437,52.97128],[-1.23394,52.97469],[-1.23377,52.97627],[-1.23382,52.97777],[-1.2342,52.97917],[-1.23519,52.98035],[-1.23403,52.98286],[-1.23025,52.9873],[-1.22755,52.98919],[-1.22468,52.98978],[-1.22304,52.99056],[-1.21824,52.98958],[-1.21343,52.9887],[-1.20317,52.98674],[-1.20107,52.98529],[-1.19764,52.9841],[-1.19661,52.98374],[-1.19463,52.98092],[-1.19111,52.97777],[-1.18948,52.97676],[-1.18828,52.97552],[-1.18665,52.97395],[-1.18558,52.97283],[-1.18451,52.97097],[-1.18481,52.96971],[-1.18455,52.96842],[-1.18348,52.96704],[-1.18176,52.9657],[-1.1794,52.96441],[-1.17738,52.96397],[-1.17618,52.95839],[-1.17571,52.9557],[-1.17485,52.95115],[-1.17459,52.94861],[-1.17378,52.94732],[-1.17335,52.94685],[-1.17172,52.94693],[-1.17234,52.94636],[-1.17367,52.94574],[-1.17629,52.94501],[-1.17929,52.94419],[-1.17989,52.94354],[-1.18049,52.94216],[-1.18118,52.94106],[-1.1823,52.94004],[-1.18708,52.9377],[-1.19283,52.93506],[-1.19777,52.93353],[-1.20043,52.93271],[-1.20206,52.93245],[-1.20339,52.93286],[-1.20459,52.93356],[-1.21034,52.93568],[-1.21437,52.93654],[-1.21553,52.93754],[-1.21674,52.93889],[-1.2209,52.93858],[-1.22648,52.93778],[-1.23493,52.93765],[-1.23854,52.93811],[-1.2427,52.93788],[-1.24982,52.9363],[-1.25156,52.9366],[-1.25246,52.93695],[-1.25319,52.93736],[-1.25418,52.93803],[-1.25641,52.93955],[-1.25781,52.94023],[-1.25896,52.94087],[-1.25433,52.94528]]]}},{"type":"Feature","properties":{"source_code":"C84693","codes":["C84693"],"label":"BAKERSFIELD MEDICAL CENTRE"},"geometry":{"type":"MultiPolygon","coordinates":[[[[-1.17677,52.9813],[-1.17777,52.98121],[-1.17677,52.9813],[-1.17677,52.9813]]],[[[-1.17677,52.9813],[-0.99598,52.99681],[-0.98328,52.984],[-1.12953,52.93084],[-1.17677,52.9813]]],[[[-1.17794,52.98255],[-1.15305,53.03812],[-0.98877,52.99743],[-1.17677,52.9813],[-1.17794,52.98255]]]]}},{"type":"Feature","properties":{"source_code":"C84704","codes":["C84704"],"label":"JRB HEALTHCARE BEECHDALE SURGERY"},"geometry":{"type":"Polygon","coordinates":[[[-1.20386,52.97211],[-1.19755,52.97064],[-1.19124,52.96813],[-1.1927,52.96105],[-1.21777,52.96322],[-1.22369,52.97335],[-1.21446,52.97356],[-1.20386,52.97211]]]}},{"type":"Feature","properties":{"source_code":"C84072","codes":["C84072"],"label":"THE WELLSPRING SURGERY"},"geometry":{"type":"Polygon","coordinates":[[[-1.11631,52.97464],[-1.11546,52.97525],[-1.10237,52.9697],[-1.10582,52.9647],[-1.10652,52.96151],[-1.11245,52.95939],[-1.11436,52.95948],[-1.1155,52.95858],[-1.11715,52.95734],[-1.11885,52.95603],[-1.12464,52.95298],[-1.12786,52.95134],[-1.13297,52.9512],[-1.137,52.95355],[-1.15185,52.96389],[-1.15419,52.96884],[-1.14236,52.98627],[-1.13848,52.98609],[-1.13332,52.98652],[-1.12843,52.98555],[-1.12323,52.98334],[-1.11975,52.98537],[-1.10984,52.98269],[-1.10784,52.9819],[-1.11631,52.97464]]]}},{"type":"Feature","properties":{"source_code":"C81604","codes":["C81604"],"label":"EDEN SURGERY"},"geometry":{"type":"Polygon","coordinates":[[[-1.30257,52.96829],[-1.28403,52.9871],[-1.27373,52.97325],[-1.27785,52.95298],[-1.30978,52.93602],[-1.36402,52.94636],[-1.36093,52.96684],[-1.31733,52.98503],[-1.28437,52.98751],[-1.30257,52.96829]]]}},{"type":"Feature","properties":{"source_code":"C84010","codes":["C84010"],"label":"TRENTSIDE MEDICAL GROUP"},"geometry":{"type":"Polygon","coordinates":[[[-1.0988,52.98754],[-1.06773,52.98276],[-1.05186,52.98211],[-1.06516,52.95774],[-1.08305,52.94944],[-1.1134,52.9476],[-1.12018,52.9498],[-1.11992,52.95546],[-1.11945,52.96229],[-1.12674,52.98149],[-1.0988,52.98754]]]}},{"type":"Feature","properties":{"source_code":"C84105","codes":["C84105"],"label":"FAIRFIELDS PRACTICE"},"geometry":{"type":"Polygon","coordinates":[[[-1.1702,52.96527],[-1.16973,52.96382],[-1.16895,52.96292],[-1.16966,52.96217],[-1.17075,52.96133],[-1.17262,52.96217],[-1.17426,52.96288],[-1.17574,52.96339],[-1.17707,52.96377],[-1.17902,52.96415],[-1.17988,52.96474],[-1.17902,52.96587],[-1.17804,52.96676],[-1.17711,52.96749],[-1.17621,52.96791],[-1.1752,52.96857],[-1.17453,52.96885],[-1.17383,52.9692],[-1.17364,52.96937],[-1.17356,52.96934],[-1.17309,52.96854],[-1.17235,52.96876],[-1.17106,52.96913],[-1.17044,52.96925],[-1.16927,52.96946],[-1.16825,52.96967],[-1.16549,52.97028],[-1.16471,52.97052],[-1.16404,52.97033],[-1.1633,52.97014],[-1.16237,52.97014],[-1.1617,52.97017],[-1.16135,52.97033],[-1.16108,52.96958],[-1.16069,52.96908],[-1.16057,52.96864],[-1.1601,52.96812],[-1.15991,52.96779],[-1.15971,52.96746],[-1.15971,52.96732],[-1.16112,52.96702],[-1.16326,52.96685],[-1.16396,52.96652],[-1.16552,52.96638],[-1.16642,52.96622],[-1.16818,52.96591],[-1.1688,52.96582],[-1.16931,52.96572],[-1.16997,52.96556],[-1.1702,52.96527]]]}},{"type":"Feature","properties":{"source_code":"Y06356","codes":["Y06356"],"label":"BILBOROUGH MEDICAL CENTRE"},"geometry":{"type":"Polygon","coordinates":[[[-1.22838,52.99833],[-1.21431,52.9973],[-1.16455,52.95699],[-1.22048,52.93299],[-1.2572,52.98717],[-1.22838,52.99833]]]}},{"type":"Feature","properties":{"source_code":"C84691","codes":["C84691"],"label":"HIGH GREEN MEDICAL PRACTICE"},"geometry":{"type":"Polygon","coordinates":[[[-1.1455,52.97991],[-1.14499,52.97986],[-1.1455,52.97991],[-1.14395,52.97966],[-1.16212,52.96351],[-1.163,52.95608],[-1.16198,52.95593],[-1.19116,52.95479],[-1.20094,52.96172],[-1.163,52.95608],[-1.16234,52.96332],[-1.16704,52.95914],[-1.21056,52.97842],[-1.16009,52.98234],[-1.1455,52.97991]]]}},{"type":"Feature","properties":{"source_code":"C84676","codes":["C84676"],"label":"GREENFIELDS MEDICAL PRACTICE"},"geometry":{"type":"Polygon","coordinates":[[[-1.18927,52.94491],[-1.19785,52.94864],[-1.20644,52.95298],[-1.24592,52.95464],[-1.25416,52.96063],[-1.24901,52.97325],[-1.23322,52.98875],[-1.22395,52.99061],[-1.2133,53.00218],[-1.19648,53.00156],[-1.17073,52.99123],[-1.15356,52.99702],[-1.14601,52.98317],[-1.13983,52.98069],[-1.14189,52.95712],[-1.16386,52.9567],[-1.18927,52.94491]]]}},{"type":"Feature","properties":{"source_code":"C81061","codes":["C81061"],"label":"LITTLEWICK MEDICAL CENTRE"},"geometry":{"type":"Polygon","coordinates":[[[-1.33415,52.97966],[-1.27888,52.9904],[-1.27364,52.97676],[-1.27459,52.96229],[-1.27999,52.95029],[-1.29021,52.93953],[-1.35303,52.93622],[-1.36488,52.95236],[-1.39071,52.96394],[-1.3884,52.98255],[-1.33415,52.97966]]]}},{"type":"Feature","properties":{"source_code":"C81115","codes":["C81115"],"label":"GLADSTONE HOUSE SURGERY"},"geometry":{"type":"Polygon","coordinates":[[[-1.34102,53.00471],[-1.3284,53.00331],[-1.31956,52.99901],[-1.31072,53.00085],[-1.2984,52.99175],[-1.29044,52.99547],[-1.28265,52.99671],[-1.27553,52.98325],[-1.27592,52.97786],[-1.26841,52.97475],[-1.27956,52.96745],[-1.27562,52.95833],[-1.26793,52.94773],[-1.2727,52.93421],[-1.28669,52.93721],[-1.29827,52.93566],[-1.34213,52.93677],[-1.35638,52.94283],[-1.35947,52.94416],[-1.36067,52.94848],[-1.3799,52.95851],[-1.38449,52.96029],[-1.38548,52.96774],[-1.38587,52.97721],[-1.38505,52.9778],[-1.3749,52.98702],[-1.35356,52.98388],[-1.34381,52.9845],[-1.33989,52.99018],[-1.33566,52.9907],[-1.33558,52.99493],[-1.34381,52.99657],[-1.34827,53.00099],[-1.34102,53.00471]]]}},{"type":"Feature","properties":{"source_code":"C84091","codes":["C84091"],"label":"ASPLEY MEDICAL CENTRE"},"geometry":{"type":"Polygon","coordinates":[[[-1.20704,52.98022],[-1.20566,52.98069],[-1.20343,52.98095],[-1.20103,52.98115],[-1.19923,52.98157],[-1.19708,52.98183],[-1.19562,52.98193],[-1.19468,52.98105],[-1.1939,52.98022],[-1.19305,52.97945],[-1.19202,52.97842],[-1.19039,52.97728],[-1.18918,52.9764],[-1.18807,52.97511],[-1.18584,52.97325],[-1.18524,52.97278],[-1.18781,52.97071],[-1.18858,52.96978],[-1.19039,52.96798],[-1.1909,52.96456],[-1.19081,52.9625],[-1.19099,52.96105],[-1.19974,52.96146],[-1.20077,52.96151],[-1.20214,52.96229],[-1.203,52.96374],[-1.20438,52.96565],[-1.20652,52.9673],[-1.20987,52.9686],[-1.21365,52.97004],[-1.21605,52.97118],[-1.21682,52.97149],[-1.21734,52.97232],[-1.21699,52.9733],[-1.21631,52.97387],[-1.21416,52.97454],[-1.21141,52.97563],[-1.21021,52.97687],[-1.20927,52.97821],[-1.20815,52.97914],[-1.20747,52.97976],[-1.20704,52.98022]]]}},{"type":"Feature","properties":{"source_code":"C84033","codes":["C84033"],"label":"WESTDALE LANE SURGERY"},"geometry":{"type":"Polygon","coordinates":[[[-1.06647,52.96142],[-1.06636,52.96105],[-1.06679,52.96134],[-1.08765,52.9567],[-1.09726,52.97242],[-1.09702,52.97245],[-1.11511,52.98214],[-1.1237,52.99371],[-1.10241,52.99846],[-1.07632,52.99309],[-1.06692,52.96287],[-1.06533,52.96167],[-1.06647,52.96142]]]}},{"type":"Feature","properties":{"source_code":"C84628","codes":["C84628"],"label":"SHERWOOD RISE MEDICAL CENTRE"},"geometry":{"type":"Polygon","coordinates":[[[-1.18103,52.98606],[-1.1709,52.99299],[-1.15528,52.98379],[-1.13983,52.99061],[-1.13365,52.9809],[-1.15219,52.9626],[-1.17657,52.95608],[-1.18721,52.9718],[-1.17828,52.98606],[-1.18103,52.98606]]]}},{"type":"Feature","properties":{"source_code":"C84682","codes":["C84682"],"label":"SHERRINGTON PARK MEDICAL PRACTICE"},"geometry":{"type":"MultiPolygon","coordinates":[[[[-1.1318,52.97126],[-1.13178,52.97117],[-1.13181,52.97128],[-1.1318,52.97126]]],[[[-1.1339,52.97563],[-1.13417,52.97594],[-1.13461,52.97607],[-1.13528,52.97629],[-1.13411,52.97595],[-1.1339,52.97563]]],[[[-1.15872,52.98708],[-1.15848,52.98714],[-1.1576,52.98728],[-1.15872,52.98708]]],[[[-1.14491,52.99098],[-1.14486,52.99101],[-1.14408,52.99131],[-1.14483,52.99101],[-1.14491,52.99098]]],[[[-1.14408,52.99131],[-1.14326,52.99164],[-1.14312,52.99168],[-1.14408,52.99131]]],[[[-1.14312,52.99168],[-1.14302,52.99172],[-1.14291,52.99174],[-1.14312,52.99168]]],[[[-1.13528,52.97629],[-1.13589,52.97647],[-1.136,52.97651],[-1.136,52.9765],[-1.13589,52.97647],[-1.13575,52.97641],[-1.136,52.97649],[-1.136,52.97648],[-1.1355,52.97631],[-1.13575,52.97641],[-1.13461,52.97607],[-1.13418,52.97593],[-1.13378,52.97544],[-1.13375,52.97539],[-1.13367,52.9753],[-1.13318,52.97465],[-1.1329,52.97435],[-1.13289,52.97434],[-1.13283,52.97422],[-1.1328,52.97414],[-1.13276,52.97408],[-1.13283,52.97422],[-1.13286,52.97431],[-1.1329,52.97435],[-1.13378,52.97544],[-1.1339,52.97563],[-1.13279,52.97433],[-1.13219,52.97325],[-1.13125,52.96911],[-1.13116,52.96767],[-1.13117,52.96768],[-1.13116,52.96761],[-1.13185,52.96746],[-1.13245,52.96673],[-1.13331,52.96609],[-1.13451,52.96534],[-1.13597,52.96456],[-1.1376,52.96462],[-1.13863,52.96573],[-1.13966,52.96666],[-1.13977,52.96672],[-1.13981,52.9667],[-1.14126,52.96742],[-1.14172,52.96745],[-1.14313,52.9679],[-1.14324,52.96787],[-1.14472,52.96477],[-1.14593,52.96451],[-1.14764,52.96456],[-1.14902,52.96511],[-1.14999,52.96563],[-1.15115,52.96525],[-1.15125,52.96518],[-1.15193,52.96499],[-1.15244,52.96482],[-1.15247,52.96484],[-1.15247,52.96484],[-1.15245,52.96482],[-1.1576,52.96394],[-1.16206,52.96301],[-1.16687,52.9642],[-1.16775,52.96582],[-1.17034,52.96534],[-1.17064,52.96578],[-1.1711,52.96637],[-1.17185,52.96723],[-1.17245,52.96795],[-1.17303,52.96865],[-1.17349,52.96923],[-1.17438,52.97033],[-1.17457,52.97135],[-1.17459,52.97227],[-1.17423,52.97357],[-1.17395,52.97454],[-1.17373,52.97537],[-1.17348,52.97617],[-1.17348,52.97676],[-1.17395,52.97771],[-1.17438,52.97844],[-1.17472,52.97898],[-1.17519,52.97958],[-1.17442,52.98008],[-1.17365,52.98079],[-1.17346,52.98067],[-1.17328,52.98119],[-1.17292,52.98224],[-1.17258,52.98319],[-1.17258,52.98325],[-1.17249,52.98344],[-1.17236,52.98379],[-1.17159,52.98409],[-1.17148,52.98412],[-1.17143,52.98415],[-1.17118,52.98421],[-1.17095,52.98427],[-1.17106,52.98423],[-1.16976,52.98453],[-1.17078,52.98432],[-1.17095,52.98427],[-1.17078,52.98433],[-1.16926,52.98467],[-1.16829,52.98486],[-1.16763,52.98501],[-1.16561,52.98543],[-1.16443,52.98575],[-1.16318,52.98612],[-1.16141,52.98648],[-1.16065,52.98666],[-1.1603,52.98673],[-1.15936,52.98697],[-1.15872,52.98708],[-1.15934,52.98694],[-1.15885,52.98704],[-1.15705,52.98736],[-1.15592,52.98751],[-1.15668,52.98743],[-1.1576,52.98728],[-1.15665,52.98745],[-1.14974,52.98848],[-1.14839,52.98918],[-1.14833,52.98922],[-1.14758,52.98959],[-1.14635,52.99022],[-1.14579,52.99066],[-1.14491,52.99098],[-1.1453,52.99076],[-1.14485,52.99099],[-1.14287,52.99174],[-1.14209,52.99191],[-1.14291,52.99174],[-1.14251,52.99186],[-1.14176,52.99199],[-1.14089,52.99218],[-1.14018,52.99244],[-1.14014,52.99246],[-1.13973,52.99273],[-1.13966,52.99281],[-1.13923,52.9934],[-1.13962,52.99285],[-1.13906,52.99345],[-1.13391,52.99206],[-1.13121,52.99219],[-1.12983,52.99241],[-1.1285,52.99273],[-1.12638,52.99317],[-1.12421,52.9935],[-1.11863,52.99443],[-1.11576,52.99485],[-1.11464,52.995],[-1.11374,52.99474],[-1.11279,52.99428],[-1.11091,52.99314],[-1.10885,52.9919],[-1.11447,52.98879],[-1.11685,52.98708],[-1.1194,52.98544],[-1.12539,52.98176],[-1.12589,52.98155],[-1.12643,52.98155],[-1.12706,52.98155],[-1.12756,52.98141],[-1.13125,52.98038],[-1.13246,52.98003],[-1.13285,52.97988],[-1.13325,52.97967],[-1.13352,52.97947],[-1.13391,52.97917],[-1.13398,52.97913],[-1.1356,52.97789],[-1.13572,52.97778],[-1.13596,52.97715],[-1.136,52.97653],[-1.13528,52.97629]]],[[[-1.17255,52.9829],[-1.17257,52.98316],[-1.173,52.98194],[-1.1729,52.98221],[-1.17255,52.9829]]],[[[-1.17242,52.98358],[-1.17162,52.98404],[-1.17235,52.98379],[-1.17244,52.98353],[-1.17242,52.98358]]],[[[-1.15017,52.98826],[-1.15003,52.98833],[-1.15039,52.98823],[-1.15017,52.98826]]],[[[-1.14071,52.99222],[-1.14037,52.99236],[-1.14079,52.9922],[-1.14071,52.99222]]],[[[-1.13239,52.97347],[-1.13218,52.97296],[-1.13225,52.97327],[-1.13239,52.97347]]],[[[-1.13181,52.97128],[-1.13211,52.97217],[-1.13211,52.9721],[-1.13143,52.96895],[-1.13132,52.96914],[-1.13178,52.97121],[-1.1318,52.97126],[-1.13208,52.97275],[-1.13216,52.97291],[-1.13216,52.97285],[-1.13181,52.97128]]],[[[-1.15298,52.96519],[-1.15248,52.96484],[-1.15247,52.96484],[-1.15298,52.96519]]]]}},{"type":"Feature","properties":{"source_code":"C84116","codes":["C84116"],"label":"MELBOURNE PARK MEDICAL CENTRE"},"geometry":{"type":"Polygon","coordinates":[[[-1.17537,52.97966],[-1.17871,52.97847],[-1.19116,52.96803],[-1.19313,52.96854],[-1.19966,52.97159],[-1.20918,52.97304],[-1.21596,52.97392],[-1.21159,52.97568],[-1.20687,52.98028],[-1.19562,52.98193],[-1.19167,52.98322],[-1.18695,52.98312],[-1.18524,52.98488],[-1.18369,52.98436],[-1.18146,52.98472],[-1.17537,52.97966]]]}},{"type":"Feature","properties":{"source_code":"C84151","codes":["C84151"],"label":"THE MEDICAL CENTRE - ZULU ROAD"},"geometry":{"type":"Polygon","coordinates":[[[-1.1594,52.98694],[-1.1567,52.97756],[-1.15451,52.96818],[-1.17777,52.96368],[-1.18348,52.96759],[-1.18609,52.97273],[-1.19742,52.98395],[-1.22189,52.99092],[-1.21682,52.99712],[-1.20884,53.00683],[-1.19936,53.00972],[-1.19159,53.00879],[-1.18719,53.00576],[-1.18451,53.002],[-1.18105,52.99855],[-1.17863,52.99469],[-1.16876,52.99102],[-1.1594,52.98694]]]}},{"type":"Feature","properties":{"source_code":"C81021","codes":["C81021"],"label":"OLD STATION SURGERY"},"geometry":{"type":"Polygon","coordinates":[[[-1.33239,52.99988],[-1.30677,52.99841],[-1.28622,52.99523],[-1.27871,52.98782],[-1.2715,52.94269],[-1.28802,52.9407],[-1.29836,52.93581],[-1.3084,52.93801],[-1.32647,52.94259],[-1.34754,52.94897],[-1.3702,52.96291],[-1.37226,52.97284],[-1.36929,52.98115],[-1.36938,52.98261],[-1.36889,52.98318],[-1.3673,52.98487],[-1.35595,52.98562],[-1.35219,52.98573],[-1.348,52.98618],[-1.34173,52.98787],[-1.33066,52.98769],[-1.3273,52.991],[-1.3334,52.9962],[-1.33239,52.99988]]]}},{"type":"Feature","properties":{"source_code":"C84034","codes":["C84034"],"label":"CHURCHFIELDS MEDICAL PRACTICE"},"geometry":{"type":"Polygon","coordinates":[[[-1.1696,52.97271],[-1.16816,52.97307],[-1.17129,52.97232],[-1.1696,52.97271],[-1.17125,52.97229],[-1.17103,52.97177],[-1.17232,52.97185],[-1.17228,52.97159],[-1.17446,52.97152],[-1.17451,52.97046],[-1.17356,52.9694],[-1.17717,52.96728],[-1.17979,52.96498],[-1.1812,52.96562],[-1.18202,52.96655],[-1.18223,52.9673],[-1.18292,52.96751],[-1.18425,52.96751],[-1.18678,52.96723],[-1.18876,52.9673],[-1.19039,52.96769],[-1.19335,52.96854],[-1.19481,52.96945],[-1.19687,52.97038],[-1.19854,52.97121],[-1.19918,52.97139],[-1.19914,52.9716],[-1.19904,52.97165],[-1.19891,52.97302],[-1.19914,52.9716],[-1.1994,52.97149],[-1.2091,52.97387],[-1.20893,52.97635],[-1.20644,52.97904],[-1.20661,52.98053],[-1.20532,52.98343],[-1.20326,52.98663],[-1.1982,52.99237],[-1.19682,52.99593],[-1.19781,52.99399],[-1.19764,52.995],[-1.1973,52.99604],[-1.19717,52.99678],[-1.19635,52.99717],[-1.19558,52.99686],[-1.19348,52.99797],[-1.19279,52.99748],[-1.18781,52.9972],[-1.18339,52.9988],[-1.18223,52.99766],[-1.18017,52.99531],[-1.17888,52.99601],[-1.17803,52.99464],[-1.17434,52.99275],[-1.16979,52.9911],[-1.16846,52.99027],[-1.16524,52.98963],[-1.1615,52.98862],[-1.15974,52.98798],[-1.15949,52.98738],[-1.15923,52.98562],[-1.15798,52.98351],[-1.1558,52.97506],[-1.16086,52.97361],[-1.16215,52.97446],[-1.16485,52.97351],[-1.16558,52.97322],[-1.16635,52.97345],[-1.1696,52.97271]],[[-1.18261,52.98347],[-1.18292,52.98198],[-1.18113,52.98243],[-1.18131,52.9829],[-1.18141,52.98306],[-1.18163,52.98276],[-1.18166,52.98282],[-1.18142,52.98307],[-1.18189,52.98384],[-1.18214,52.98371],[-1.18166,52.98282],[-1.18197,52.9825],[-1.18275,52.98245],[-1.18223,52.98281],[-1.18206,52.98327],[-1.18214,52.98371],[-1.18261,52.98347],[-1.18259,52.98355],[-1.19854,52.97521],[-1.19855,52.97514],[-1.18261,52.98347]]]}},{"type":"Feature","properties":{"source_code":"C84664","codes":["C84664"],"label":"WELBECK SURGERY"},"geometry":{"type":"Polygon","coordinates":[[[-1.16618,52.97678],[-1.17009,52.97864],[-1.17219,52.9796],[-1.17329,52.98022],[-1.17372,52.98061],[-1.17335,52.98132],[-1.17303,52.98262],[-1.17291,52.98319],[-1.17233,52.98382],[-1.17156,52.98421],[-1.16932,52.98474],[-1.16719,52.98493],[-1.1639,52.98586],[-1.16143,52.98651],[-1.15864,52.98715],[-1.15547,52.98754],[-1.15168,52.98804],[-1.1493,52.98849],[-1.14979,52.98916],[-1.15182,52.993],[-1.14834,52.99396],[-1.1465,52.99419],[-1.1448,52.99434],[-1.14232,52.99446],[-1.1401,52.99451],[-1.13848,52.99444],[-1.13563,52.99448],[-1.13331,52.99452],[-1.13191,52.99458],[-1.13102,52.99459],[-1.13062,52.99462],[-1.13022,52.99465],[-1.13001,52.99467],[-1.12987,52.99453],[-1.12967,52.99421],[-1.12935,52.99391],[-1.128,52.99319],[-1.12731,52.99177],[-1.12708,52.99128],[-1.12678,52.99072],[-1.12666,52.9904],[-1.12658,52.9903],[-1.12652,52.99024],[-1.12639,52.98989],[-1.12597,52.98976],[-1.12577,52.98917],[-1.12557,52.98887],[-1.12509,52.98851],[-1.1249,52.98784],[-1.12421,52.98753],[-1.12363,52.98729],[-1.12358,52.98682],[-1.12481,52.98607],[-1.12357,52.985],[-1.12205,52.98399],[-1.12474,52.98231],[-1.12566,52.98164],[-1.12712,52.98157],[-1.12854,52.98121],[-1.13117,52.98041],[-1.13258,52.98005],[-1.13458,52.97876],[-1.13534,52.9782],[-1.13578,52.97776],[-1.13606,52.97729],[-1.13608,52.9769],[-1.13604,52.97664],[-1.13597,52.97637],[-1.13606,52.97598],[-1.13643,52.97561],[-1.13754,52.97475],[-1.13862,52.97367],[-1.13984,52.97265],[-1.14129,52.97069],[-1.14188,52.96992],[-1.14313,52.96974],[-1.14427,52.96945],[-1.1448,52.96903],[-1.14567,52.9684],[-1.14729,52.96783],[-1.14834,52.96735],[-1.14949,52.9664],[-1.15088,52.96545],[-1.15167,52.96512],[-1.15265,52.96479],[-1.15406,52.96816],[-1.15522,52.96823],[-1.15633,52.96889],[-1.15729,52.96964],[-1.15876,52.97136],[-1.1606,52.97325],[-1.16618,52.97678]]]}},{"type":"Feature","properties":{"source_code":"C84150","codes":["C84150"],"label":"UNITY SURGERY"},"geometry":{"type":"Polygon","coordinates":[[[-1.11511,53.00631],[-1.07363,52.99332],[-1.07943,52.96642],[-1.10675,52.96615],[-1.13023,52.96535],[-1.14968,52.97627],[-1.13906,52.99336],[-1.11511,53.00631]]]}},{"type":"Feature","properties":{"source_code":"C84696","codes":["C84696"],"label":"WEST OAK SURGERY"},"geometry":{"type":"Polygon","coordinates":[[[-1.08181,52.9686],[-1.08516,52.96767],[-1.08722,52.96715],[-1.09108,52.96627],[-1.09872,52.96642],[-1.10318,52.96642],[-1.1079,52.96606],[-1.11176,52.96606],[-1.11546,52.96493],[-1.12,52.96213],[-1.12035,52.96291],[-1.12078,52.9657],[-1.11992,52.9688],[-1.12043,52.97345],[-1.12644,52.98131],[-1.12224,52.98384],[-1.11554,52.98818],[-1.10885,52.99175],[-1.09391,52.98524],[-1.07949,52.97588],[-1.08069,52.97495],[-1.08078,52.97413],[-1.08224,52.97087],[-1.08181,52.9686]]]}},{"type":"Feature","properties":{"source_code":"C84694","codes":["C84694"],"label":"LIME TREE SURGERY"},"geometry":{"type":"Polygon","coordinates":[[[-1.2339,52.9718],[-1.24249,52.97159],[-1.24712,52.97335],[-1.24901,52.97656],[-1.24901,52.97842],[-1.24849,52.98069],[-1.24489,52.98317],[-1.24094,52.98503],[-1.23751,52.98792],[-1.23425,52.9902],[-1.23133,52.99547],[-1.23133,52.99888],[-1.2327,53.00383],[-1.23425,53.0059],[-1.22875,53.00714],[-1.2188,53.00673],[-1.21159,53.00487],[-1.20575,53.00074],[-1.20283,52.99836],[-1.19665,52.9966],[-1.19682,53.00074],[-1.19253,52.99888],[-1.19202,52.99805],[-1.18944,52.99547],[-1.18652,52.99237],[-1.18361,52.99092],[-1.18258,52.9871],[-1.17897,52.98255],[-1.1764,52.97893],[-1.18172,52.97625],[-1.18584,52.97263],[-1.19081,52.96787],[-1.19116,52.96146],[-1.20077,52.96146],[-1.20747,52.96167],[-1.2145,52.96394],[-1.22086,52.96601],[-1.2248,52.96725],[-1.22789,52.96953],[-1.22995,52.97232],[-1.2339,52.9718]]]}},{"type":"Feature","properties":{"source_code":"C84011","codes":["C84011"],"label":"ELMSWOOD SURGERY"},"geometry":{"type":"Polygon","coordinates":[[[-1.15346,52.97079],[-1.15588,52.97506],[-1.15663,52.97794],[-1.15835,52.98391],[-1.15921,52.98534],[-1.15953,52.98698],[-1.14925,52.98844],[-1.15208,52.99337],[-1.14839,52.99397],[-1.14573,52.9943],[-1.14363,52.99445],[-1.13908,52.9945],[-1.13859,52.99434],[-1.13919,52.99352],[-1.13618,52.99265],[-1.13417,52.9922],[-1.13075,52.99216],[-1.12769,52.99296],[-1.11591,52.99489],[-1.11473,52.99499],[-1.11365,52.99486],[-1.11037,52.99273],[-1.10891,52.99192],[-1.11428,52.98896],[-1.11649,52.98734],[-1.1191,52.98581],[-1.12567,52.98157],[-1.12717,52.98153],[-1.13294,52.97989],[-1.13481,52.97857],[-1.13552,52.97803],[-1.13605,52.97728],[-1.13597,52.97635],[-1.13614,52.97587],[-1.13818,52.97415],[-1.13842,52.97378],[-1.13977,52.97274],[-1.14176,52.97],[-1.14234,52.9704],[-1.14309,52.97056],[-1.14393,52.97052],[-1.14588,52.97003],[-1.14698,52.97],[-1.15346,52.97079]]]}},{"type":"Feature","properties":{"source_code":"C84115","codes":["C84115"],"label":"PLAINS VIEW SURGERY"},"geometry":{"type":"Polygon","coordinates":[[[-1.13022,52.99764],[-1.12176,52.99937],[-1.06426,53.02723],[-1.04248,53.02544],[-1.03889,53.00363],[-1.03889,52.98503],[-1.07735,52.97345],[-1.13228,52.98264],[-1.13994,52.99126],[-1.13022,52.99764]]]}},{"type":"Feature","properties":{"source_code":"C84646","codes":["C84646"],"label":"THE IVY MEDICAL GROUP"},"geometry":{"type":"Polygon","coordinates":[[[-1.10859,52.99206],[-1.10155,52.99895],[-1.09966,53.00626],[-1.10009,53.01157],[-1.10031,53.0134],[-1.0988,53.01502],[-1.10631,53.01886],[-1.11485,53.02166],[-1.11121,53.02592],[-1.10876,53.02924],[-1.1046,53.02959],[-1.10183,53.03069],[-1.09563,53.03303],[-1.08335,53.03714],[-1.07984,53.04434],[-1.0664,53.04566],[-1.06773,53.05195],[-1.06376,53.0511],[-1.06143,53.04943],[-1.05944,53.05252],[-1.05424,53.05598],[-1.04349,53.06145],[-1.01615,53.06497],[-0.96697,53.06252],[-0.93307,53.04707],[-0.91869,53.03893],[-0.91873,53.03037],[-0.9886,52.98622],[-1.01151,52.98252],[-1.01755,52.98067],[-1.02264,52.98511],[-1.03252,52.98625],[-1.03753,52.98336],[-1.03842,52.9784],[-1.0333,52.9659],[-1.03281,52.95985],[-1.04192,52.95153],[-1.04932,52.95329],[-1.05672,52.95132],[-1.06739,52.96301],[-1.07254,52.96898],[-1.07391,52.97052],[-1.07357,52.97268],[-1.07512,52.97493],[-1.07881,52.97553],[-1.08353,52.97842],[-1.09451,52.98586],[-1.10859,52.99206]]]}},{"type":"Feature","properties":{"source_code":"C84078","codes":["C84078"],"label":"HUCKNALL ROAD MEDICAL CENTRE"},"geometry":{"type":"Polygon","coordinates":[[[-1.13756,52.99467],[-1.13905,52.99347],[-1.13693,52.99274],[-1.13296,52.99207],[-1.13045,52.99233],[-1.12804,52.99297],[-1.12525,52.99343],[-1.12384,52.99365],[-1.12274,52.9938],[-1.12002,52.99425],[-1.11726,52.99475],[-1.1164,52.9949],[-1.1151,52.99504],[-1.1136,52.99482],[-1.11269,52.99434],[-1.11139,52.99348],[-1.10898,52.99197],[-1.11533,52.98842],[-1.12099,52.98466],[-1.12455,52.98229],[-1.12599,52.98152],[-1.12834,52.98139],[-1.12956,52.98083],[-1.12966,52.98074],[-1.13266,52.9801],[-1.13433,52.9789],[-1.13595,52.97761],[-1.13614,52.97643],[-1.1362,52.97591],[-1.13693,52.9754],[-1.13832,52.97411],[-1.13963,52.97278],[-1.1408,52.97152],[-1.14172,52.97015],[-1.14289,52.97062],[-1.14433,52.97042],[-1.14572,52.97001],[-1.14753,52.97007],[-1.15049,52.97054],[-1.15352,52.97075],[-1.15365,52.96939],[-1.15404,52.96839],[-1.15473,52.96823],[-1.1556,52.96843],[-1.15627,52.96885],[-1.15682,52.96927],[-1.15753,52.96989],[-1.15808,52.97054],[-1.1591,52.97184],[-1.16053,52.97308],[-1.16775,52.97752],[-1.17154,52.97924],[-1.17473,52.98102],[-1.17613,52.98111],[-1.17769,52.98142],[-1.18351,52.98629],[-1.18377,52.98693],[-1.18427,52.98826],[-1.18563,52.99088],[-1.18907,52.99327],[-1.19098,52.99532],[-1.19319,52.99719],[-1.19347,52.99771],[-1.19346,52.99839],[-1.1938,52.99953],[-1.19485,53.00012],[-1.19444,53.00104],[-1.19335,53.00211],[-1.19099,53.00442],[-1.18807,53.00939],[-1.18701,53.01104],[-1.1847,53.0144],[-1.17502,53.01408],[-1.17243,53.01419],[-1.16993,53.01403],[-1.16467,53.01491],[-1.16298,53.01607],[-1.15991,53.01676],[-1.15848,53.01534],[-1.15533,53.01541],[-1.15485,53.01354],[-1.15594,53.01227],[-1.15342,53.01188],[-1.1447,53.00736],[-1.1388,53.00461],[-1.13966,53.00358],[-1.14464,53.00097],[-1.14623,52.99951],[-1.14824,52.99805],[-1.15086,52.99712],[-1.15354,52.99625],[-1.15214,52.99345],[-1.15075,52.99109],[-1.14733,52.99179],[-1.14859,52.99388],[-1.14758,52.99418],[-1.14589,52.99433],[-1.14249,52.99446],[-1.13756,52.99467]]]}},{"type":"Feature","properties":{"source_code":"C84619","codes":["C84619"],"label":"TUDOR HOUSE MEDICAL PRACTICE"},"geometry":{"type":"Polygon","coordinates":[[[-1.177,53.00416],[-1.16287,53.00118],[-1.15768,52.99904],[-1.1567,52.99798],[-1.15472,52.99746],[-1.15374,52.9963],[-1.15052,52.99731],[-1.14747,52.9985],[-1.14511,53.00054],[-1.14147,52.99891],[-1.13791,52.99871],[-1.13778,52.99752],[-1.13804,52.99517],[-1.13906,52.99336],[-1.13323,52.99222],[-1.13327,52.99114],[-1.13272,52.99072],[-1.13495,52.98685],[-1.13437,52.98631],[-1.13469,52.98649],[-1.1341,52.98272],[-1.13659,52.98123],[-1.13633,52.98055],[-1.13796,52.97968],[-1.13804,52.97952],[-1.14877,52.97818],[-1.14834,52.97818],[-1.15357,52.97099],[-1.15606,52.97549],[-1.15709,52.97968],[-1.16387,52.97859],[-1.16636,52.97673],[-1.16945,52.97502],[-1.17219,52.9742],[-1.17313,52.97663],[-1.17537,52.97976],[-1.18137,52.98489],[-1.18051,52.98665],[-1.17682,52.98877],[-1.1697,52.99089],[-1.17828,52.99461],[-1.18086,53.0036],[-1.177,53.00416]]]}},{"type":"Feature","properties":{"source_code":"C84695","codes":["C84695"],"label":"THE ALICE MEDICAL CENTRE"},"geometry":{"type":"Polygon","coordinates":[[[-1.07072,53.06132],[-1.04418,53.0426],[-1.02633,53.03457],[-1.02084,53.01906],[-1.03388,53.00667],[-1.05928,52.98725],[-1.08055,52.96905],[-1.12036,52.94175],[-1.21714,52.94506],[-1.25214,52.95789],[-1.26244,52.9889],[-1.26724,53.00915],[-1.25558,53.03599],[-1.21577,53.04714],[-1.18831,53.05168],[-1.07072,53.06132]]]}},{"type":"Feature","properties":{"source_code":"C84624","codes":["C84624"],"label":"HAMA MEDICAL CENTRE"},"geometry":{"type":"Polygon","coordinates":[[[-1.33484,53.01953],[-1.31493,53.03306],[-1.31699,53.03807],[-1.30154,53.05081],[-1.22326,53.02655],[-1.21742,53.01189],[-1.21541,53.00394],[-1.21751,52.99144],[-1.22086,52.98978],[-1.28162,52.97035],[-1.30119,52.98792],[-1.34583,52.9995],[-1.33484,53.01953]]]}},{"type":"Feature","properties":{"source_code":"C84043","codes":["C84043"],"label":"LEEN VIEW SURGERY"},"geometry":{"type":"MultiPolygon","coordinates":[[[[-1.19614,52.98284],[-1.19556,52.98217],[-1.19233,52.98296],[-1.19519,52.98209],[-1.19577,52.98198],[-1.19614,52.98284]]],[[[-1.20723,52.98684],[-1.20756,52.98687],[-1.20859,52.98716],[-1.20829,52.98714],[-1.20778,52.98699],[-1.20723,52.98684]]],[[[-1.20859,52.98716],[-1.20901,52.98719],[-1.20972,52.98734],[-1.20987,52.98745],[-1.20937,52.98738],[-1.20859,52.98716]]],[[[-1.21617,52.98898],[-1.21634,52.98902],[-1.216,52.98897],[-1.21617,52.98898]]],[[[-1.21617,52.98898],[-1.21584,52.98891],[-1.2165,52.98889],[-1.21683,52.98903],[-1.21617,52.98898]]],[[[-1.21707,52.98913],[-1.21683,52.98903],[-1.21707,52.98904],[-1.21726,52.98915],[-1.21707,52.98913]]],[[[-1.21634,52.98902],[-1.21707,52.98913],[-1.21736,52.98925],[-1.21634,52.98902]]],[[[-1.21736,52.98925],[-1.21747,52.98927],[-1.21759,52.98935],[-1.21736,52.98925]]],[[[-1.21923,52.98963],[-1.21864,52.98953],[-1.21858,52.98952],[-1.21747,52.98927],[-1.21726,52.98915],[-1.21795,52.98925],[-1.21992,52.98965],[-1.21923,52.98963]]],[[[-1.21923,52.98963],[-1.21972,52.98971],[-1.21977,52.98979],[-1.21903,52.98962],[-1.21923,52.98963]]],[[[-1.21977,52.98979],[-1.21977,52.98979],[-1.22058,52.98997],[-1.21977,52.98979]]],[[[-1.21759,52.98935],[-1.21789,52.98947],[-1.21858,52.98952],[-1.21977,52.98979],[-1.21991,52.99002],[-1.22113,52.99002],[-1.22163,52.99018],[-1.22429,52.99103],[-1.22166,52.99172],[-1.21759,52.98935]]],[[[-1.19614,52.98284],[-1.19656,52.98334],[-1.19791,52.98394],[-1.19836,52.98408],[-1.19861,52.98418],[-1.19819,52.98407],[-1.20125,52.98545],[-1.20231,52.98585],[-1.20324,52.98615],[-1.20362,52.9862],[-1.20331,52.98608],[-1.20271,52.9859],[-1.20193,52.98547],[-1.20134,52.98535],[-1.20045,52.98488],[-1.19861,52.98418],[-1.20001,52.98454],[-1.20385,52.98623],[-1.20734,52.98668],[-1.20678,52.98671],[-1.20723,52.98684],[-1.20616,52.98673],[-1.20605,52.98671],[-1.20556,52.98667],[-1.20565,52.98668],[-1.20616,52.98673],[-1.21009,52.98762],[-1.2101,52.98763],[-1.21073,52.98776],[-1.21009,52.98762],[-1.20987,52.98745],[-1.21042,52.98753],[-1.21079,52.98777],[-1.21262,52.98816],[-1.21291,52.98819],[-1.21463,52.98863],[-1.21467,52.98864],[-1.21521,52.98873],[-1.21534,52.9888],[-1.21584,52.98891],[-1.21571,52.98891],[-1.21542,52.98884],[-1.22182,52.99207],[-1.22075,52.99392],[-1.21938,52.9959],[-1.2178,52.99783],[-1.22794,53.00327],[-1.2212,53.00709],[-1.21132,53.00572],[-1.20408,53.00913],[-1.20408,53.0106],[-1.19953,53.01109],[-1.1961,53.01146],[-1.19639,53.01618],[-1.18837,53.01747],[-1.18836,53.01745],[-1.18324,53.02249],[-1.18304,53.02231],[-1.18073,53.02364],[-1.18008,53.02626],[-1.17993,53.02771],[-1.17883,53.02885],[-1.16809,53.02433],[-1.17388,53.02093],[-1.17956,53.0198],[-1.18048,53.01996],[-1.18142,53.02043],[-1.18305,53.01858],[-1.18433,53.01545],[-1.18608,53.01296],[-1.18605,53.0129],[-1.18479,53.01006],[-1.18451,53.00948],[-1.18099,53.00445],[-1.18043,53.00263],[-1.17972,53.00094],[-1.1797,53.00099],[-1.17908,52.99708],[-1.17833,52.99389],[-1.17697,52.9938],[-1.17625,52.99225],[-1.17706,52.99146],[-1.17758,52.99086],[-1.17922,52.9903],[-1.17994,52.98989],[-1.1802,52.98945],[-1.18083,52.98803],[-1.18083,52.98803],[-1.18063,52.98715],[-1.18064,52.98694],[-1.18125,52.9857],[-1.18136,52.98535],[-1.18158,52.98502],[-1.18205,52.98527],[-1.18205,52.98527],[-1.18205,52.98521],[-1.18275,52.98514],[-1.18633,52.98434],[-1.18633,52.98434],[-1.18633,52.98434],[-1.18638,52.98433],[-1.18638,52.98433],[-1.18645,52.98431],[-1.18705,52.98375],[-1.1871,52.98339],[-1.19012,52.98335],[-1.19081,52.98333],[-1.19466,52.98248],[-1.19466,52.98248],[-1.19512,52.98238],[-1.19477,52.98253],[-1.1963,52.98322],[-1.19614,52.98284]]],[[[-1.18639,52.98437],[-1.18674,52.98456],[-1.18641,52.98435],[-1.18639,52.98437]]],[[[-1.18585,52.98484],[-1.18534,52.98489],[-1.18587,52.98484],[-1.18626,52.98821],[-1.18588,52.98486],[-1.186,52.98472],[-1.18585,52.98484]]],[[[-1.20312,52.98619],[-1.19701,52.98704],[-1.20475,52.98663],[-1.20462,52.98658],[-1.20425,52.98655],[-1.20461,52.98658],[-1.20417,52.98642],[-1.20312,52.98619]]],[[[-1.20439,52.98647],[-1.20465,52.98658],[-1.20503,52.98662],[-1.20507,52.98662],[-1.20439,52.98647]]],[[[-1.20499,52.98662],[-1.20466,52.98659],[-1.20476,52.98663],[-1.20499,52.98662]]],[[[-1.1916,52.98765],[-1.18986,52.98654],[-1.19161,52.98772],[-1.1916,52.98765]]],[[[-1.21313,52.9883],[-1.21383,52.98849],[-1.21452,52.98861],[-1.21313,52.9883]]],[[[-1.18487,52.99025],[-1.18488,52.99025],[-1.18512,52.98969],[-1.18486,52.99019],[-1.18489,52.99021],[-1.18487,52.99025]]],[[[-1.17973,53.00094],[-1.1845,53.00947],[-1.18446,53.00939],[-1.1846,53.00965],[-1.18418,53.0087],[-1.18295,53.00659],[-1.18221,53.00526],[-1.17978,53.00082],[-1.17973,53.00094]]]]}},{"type":"Feature","properties":{"source_code":"C84064","codes":["C84064"],"label":"PARKSIDE MEDICAL CENTRE"},"geometry":{"type":"MultiPolygon","coordinates":[[[[-1.19814,52.971],[-1.19811,52.97092],[-1.19815,52.971],[-1.19814,52.971]]],[[[-1.21844,53.02676],[-1.20762,53.03378],[-1.19716,53.03894],[-1.19064,53.04586],[-1.18464,53.04895],[-1.18103,53.04689],[-1.18155,53.04348],[-1.17709,53.03863],[-1.17829,53.03079],[-1.18425,53.01513],[-1.18558,53.01086],[-1.18409,53.00786],[-1.18122,53.00502],[-1.17944,52.99903],[-1.17361,52.99987],[-1.16657,53.00094],[-1.1661,52.99968],[-1.16623,52.99925],[-1.16645,52.99881],[-1.16603,52.99876],[-1.16398,52.99852],[-1.1629,52.99894],[-1.16253,52.99859],[-1.16138,52.99816],[-1.15963,52.99824],[-1.15921,52.99706],[-1.15691,52.99511],[-1.1638,52.98601],[-1.16745,52.98492],[-1.17128,52.98445],[-1.17259,52.98372],[-1.17339,52.98267],[-1.17315,52.98154],[-1.17429,52.98047],[-1.1758,52.9795],[-1.17811,52.97857],[-1.17923,52.97774],[-1.18043,52.97666],[-1.18352,52.97428],[-1.1861,52.97211],[-1.1909,52.96803],[-1.1927,52.96844],[-1.19814,52.971],[-1.19815,52.97102],[-1.20013,52.97177],[-1.2027,52.97202],[-1.20725,52.97258],[-1.21669,52.97385],[-1.22113,52.97364],[-1.22403,52.97472],[-1.22751,52.97695],[-1.22858,52.97791],[-1.23407,52.98237],[-1.2309,52.98644],[-1.2301,52.98758],[-1.22828,52.98872],[-1.23476,52.99009],[-1.24865,52.9933],[-1.25586,52.99402],[-1.255,52.99691],[-1.25397,52.99991],[-1.24934,53.00301],[-1.24317,52.9997],[-1.23081,52.99557],[-1.23166,53.00208],[-1.23476,53.00683],[-1.24179,53.01292],[-1.24351,53.01478],[-1.23681,53.01675],[-1.2303,53.01654],[-1.22187,53.02232],[-1.21844,53.02676]]]]}},{"type":"Feature","properties":{"source_code":"Y05622","codes":["Y05622"],"label":"SOUTHGLADE MEDICAL PRACTICE"},"geometry":{"type":"Polygon","coordinates":[[[-1.16026,53.01647],[-1.14379,53.0017],[-1.15305,52.99674],[-1.1522,52.99426],[-1.16558,52.98982],[-1.16953,52.99137],[-1.18137,52.98527],[-1.19458,53.00005],[-1.18669,53.01203],[-1.18497,53.0143],[-1.16764,53.0142],[-1.16026,53.01647]]]}},{"type":"Feature","properties":{"source_code":"C84066","codes":["C84066"],"label":"DAYBROOK MEDICAL PRACTICE"},"geometry":{"type":"Polygon","coordinates":[[[-1.15871,53.0327],[-1.15296,53.0335],[-1.14824,53.03285],[-1.13605,53.02759],[-1.12885,53.02655],[-1.11408,53.02201],[-1.10601,53.01871],[-1.09932,53.01499],[-1.10091,53.01207],[-1.10061,53.0106],[-1.10013,53.00763],[-1.10035,53.00445],[-1.10138,53.00115],[-1.10258,52.99841],[-1.09142,52.99495],[-1.08593,52.99454],[-1.09408,52.98519],[-1.10859,52.99185],[-1.11752,52.98648],[-1.1261,52.98131],[-1.12747,52.98162],[-1.13202,52.98022],[-1.14052,52.9809],[-1.14206,52.98255],[-1.14395,52.98524],[-1.14438,52.98379],[-1.14747,52.98493],[-1.14944,52.98916],[-1.15356,52.99598],[-1.15768,52.99495],[-1.16043,52.99805],[-1.16798,52.99908],[-1.16764,53.00218],[-1.16661,53.00404],[-1.16043,53.00549],[-1.16481,53.00761],[-1.16421,53.00962],[-1.15974,53.01292],[-1.1552,53.01545],[-1.15459,53.01685],[-1.15348,53.01928],[-1.15897,53.02144],[-1.16288,53.02421],[-1.16249,53.02532],[-1.16232,53.0295],[-1.15871,53.0327]]]}},{"type":"Feature","properties":{"source_code":"C84055","codes":["C84055"],"label":"HIGHCROFT SURGERY"},"geometry":{"type":"MultiPolygon","coordinates":[[[[-1.12953,53.00714],[-1.12919,53.0262],[-1.11305,53.02098],[-1.09829,53.01478],[-1.10069,53.01107],[-1.10035,53.00735],[-1.10035,53.00363],[-1.1013,53.00121],[-1.10275,52.99743],[-1.10362,52.99536],[-1.10465,52.99381],[-1.10696,52.99267],[-1.11108,52.9903],[-1.11529,52.98803],[-1.11804,52.98606],[-1.12147,52.98384],[-1.12581,52.98161],[-1.13187,52.98026],[-1.13687,52.98113],[-1.14095,52.98084],[-1.14541,52.98224],[-1.14309,52.98534],[-1.13949,52.98947],[-1.13957,52.99247],[-1.13811,52.99536],[-1.13811,52.99805],[-1.13811,53.00053],[-1.14017,53.0028],[-1.13914,53.00466],[-1.13811,53.00693],[-1.13674,53.009],[-1.13434,53.01148],[-1.13262,53.01313],[-1.13228,53.01582],[-1.13125,53.01809],[-1.13056,53.02057],[-1.13056,53.02179],[-1.12953,53.00714]]],[[[-1.12919,53.0262],[-1.1293,53.02624],[-1.12919,53.02635],[-1.12919,53.0262]]],[[[-1.1293,53.02624],[-1.13056,53.0249],[-1.13056,53.02304],[-1.13056,53.02179],[-1.13091,53.02676],[-1.1293,53.02624]]]]}},{"type":"Feature","properties":{"source_code":"C84026","codes":["C84026"],"label":"STENHOUSE MEDICAL CENTRE"},"geometry":{"type":"Polygon","coordinates":[[[-1.13174,53.01544],[-1.13171,53.0156],[-1.13167,53.01579],[-1.13158,53.01626],[-1.13146,53.01682],[-1.1279,53.01757],[-1.11923,53.01687],[-1.11181,53.01474],[-1.10756,53.01398],[-1.10419,53.01064],[-1.10331,53.00903],[-1.10011,53.00697],[-1.10018,53.00528],[-1.10038,53.00377],[-1.10057,53.00296],[-1.10132,53.00129],[-1.10219,52.99901],[-1.10327,52.99652],[-1.10361,52.99532],[-1.10373,52.99498],[-1.10384,52.99477],[-1.10394,52.99461],[-1.10422,52.99434],[-1.10456,52.99409],[-1.10517,52.9937],[-1.10589,52.9933],[-1.1074,52.9926],[-1.11028,52.99113],[-1.1135,52.9893],[-1.11416,52.98894],[-1.11479,52.98851],[-1.11655,52.98728],[-1.11797,52.98634],[-1.11955,52.98547],[-1.12021,52.98509],[-1.12086,52.98458],[-1.12129,52.98435],[-1.12322,52.98321],[-1.12624,52.9848],[-1.1278,52.9852],[-1.12863,52.9854],[-1.12941,52.98566],[-1.13072,52.98598],[-1.13199,52.98631],[-1.13283,52.98651],[-1.13368,52.98647],[-1.13456,52.98646],[-1.1362,52.98649],[-1.13699,52.98639],[-1.13777,52.98619],[-1.13898,52.98607],[-1.13963,52.98598],[-1.14015,52.98601],[-1.14259,52.98627],[-1.14054,52.98883],[-1.14028,52.98929],[-1.14009,52.99008],[-1.13998,52.99068],[-1.14,52.99133],[-1.14008,52.99208],[-1.13992,52.99256],[-1.13931,52.99355],[-1.13852,52.99453],[-1.13814,52.99514],[-1.13804,52.9955],[-1.13799,52.9958],[-1.13791,52.99909],[-1.13809,52.99979],[-1.13835,53.00069],[-1.13893,53.00168],[-1.13943,53.0028],[-1.13941,53.00329],[-1.13927,53.00372],[-1.13832,53.00588],[-1.13814,53.00645],[-1.13787,53.00699],[-1.1369,53.00821],[-1.13904,53.00878],[-1.13901,53.00948],[-1.14172,53.00993],[-1.13708,53.01261],[-1.13464,53.01398],[-1.13192,53.01486],[-1.13175,53.01537],[-1.13175,53.01542],[-1.13174,53.01544]]]}},{"type":"Feature","properties":{"source_code":"C84667","codes":["C84667"],"label":"GILTBROOK SURGERY"},"geometry":{"type":"Polygon","coordinates":[[[-1.34514,53.01623],[-1.33896,53.03874],[-1.34068,53.0571],[-1.2721,53.06366],[-1.22841,53.00528],[-1.19339,53.01334],[-1.17554,52.98451],[-1.22738,52.9811],[-1.21262,52.96275],[-1.24111,52.95712],[-1.25862,52.95029],[-1.28368,52.94678],[-1.3048,52.97304],[-1.30772,52.9966],[-1.34514,53.01623]]]}},{"type":"Feature","properties":{"source_code":"C84004","codes":["C84004"],"label":"ST ALBANS MEDICAL CENTRE"},"geometry":{"type":"Polygon","coordinates":[[[-1.22326,52.99102],[-1.21983,52.99275],[-1.21759,52.99542],[-1.21536,53.00053],[-1.21899,53.0025],[-1.22029,53.00354],[-1.21918,53.0052],[-1.21696,53.0064],[-1.21371,53.00563],[-1.21116,53.00482],[-1.20918,53.00735],[-1.20609,53.00931],[-1.20008,53.01055],[-1.19412,53.01372],[-1.1946,53.01493],[-1.19337,53.01614],[-1.18747,53.01752],[-1.18332,53.01682],[-1.18176,53.01399],[-1.16397,53.0153],[-1.15608,53.01491],[-1.15034,53.01348],[-1.14872,53.01117],[-1.1461,53.00895],[-1.13992,53.00337],[-1.14661,52.99523],[-1.17807,52.98721],[-1.18223,52.9861],[-1.18632,52.9843],[-1.19043,52.98358],[-1.19533,52.9821],[-1.19721,52.98413],[-1.19961,52.98483],[-1.20315,52.98646],[-1.20824,52.98748],[-1.21313,52.9886],[-1.21862,52.98945],[-1.22326,52.99102]]]}}]}