{"type":"FeatureCollection","metadata":{"bundle_id":"bundle-017","practice_count":190,"feature_count":190},"features":[{"type":"Feature","properties":{"source_code":"B83659","codes":["B83659"],"label":"PARK GRANGE MEDICAL CENTRE"},"geometry":{"type":"MultiPolygon","coordinates":[[[[-1.76737,53.80322],[-1.75854,53.79565],[-1.7733,53.79768],[-1.7709,53.80606],[-1.76918,53.80437],[-1.76737,53.80322]]],[[[-1.77227,53.80742],[-1.77086,53.8062],[-1.7709,53.80606],[-1.77227,53.80742]]],[[[-1.76737,53.80322],[-1.77086,53.8062],[-1.76987,53.80965],[-1.75614,53.79606],[-1.76737,53.80322]]]]}},{"type":"Feature","properties":{"source_code":"P81780","codes":["P81780"],"label":"RIVERSIDE FAMILY PRACTICE"},"geometry":{"type":"Polygon","coordinates":[[[-2.25082,53.78605],[-2.25735,53.83571],[-2.21237,53.8428],[-2.19761,53.81059],[-2.24533,53.77712],[-2.25082,53.78605]]]}},{"type":"Feature","properties":{"source_code":"P81020","codes":["P81020"],"label":"BURNLEY GROUP PRACTICE"},"geometry":{"type":"Polygon","coordinates":[[[-2.28447,53.78605],[-2.23057,53.83024],[-2.23246,53.81231],[-2.21581,53.8114],[-2.18662,53.78808],[-2.19417,53.75775],[-2.26765,53.7477],[-2.28447,53.78605]]]}},{"type":"Feature","properties":{"source_code":"P81103","codes":["P81103"],"label":"NORTH PRESTON MEDICAL PRACTICE"},"geometry":{"type":"Polygon","coordinates":[[[-2.76405,53.79708],[-2.76389,53.79854],[-2.74975,53.79775],[-2.7381,53.79834],[-2.72961,53.79919],[-2.7328,53.80728],[-2.71023,53.81366],[-2.70203,53.81103],[-2.70001,53.809],[-2.69844,53.8073],[-2.69273,53.80213],[-2.69426,53.79658],[-2.69562,53.79456],[-2.69661,53.79344],[-2.69562,53.79189],[-2.6967,53.79141],[-2.69887,53.78959],[-2.70075,53.78898],[-2.69922,53.78775],[-2.69687,53.78503],[-2.69741,53.78284],[-2.698,53.78184],[-2.69775,53.77843],[-2.70935,53.7777],[-2.71522,53.77696],[-2.72145,53.77626],[-2.72371,53.77434],[-2.72904,53.77306],[-2.73726,53.77146],[-2.74415,53.77353],[-2.74622,53.77407],[-2.74894,53.7754],[-2.74957,53.77572],[-2.75092,53.77716],[-2.75146,53.77914],[-2.75291,53.77898],[-2.75472,53.7793],[-2.75607,53.77983],[-2.75743,53.78058],[-2.7586,53.78074],[-2.76005,53.78042],[-2.76149,53.77989],[-2.76348,53.78015],[-2.76719,53.78117],[-2.76926,53.78143],[-2.77254,53.78069],[-2.77561,53.78128],[-2.77733,53.78326],[-2.78094,53.78705],[-2.78058,53.7879],[-2.78203,53.78966],[-2.78148,53.7903],[-2.78166,53.791],[-2.7804,53.79105],[-2.77778,53.79201],[-2.77715,53.79356],[-2.7738,53.79372],[-2.77127,53.79457],[-2.76865,53.79596],[-2.76405,53.79708]]]}},{"type":"Feature","properties":{"source_code":"P81165","codes":["P81165"],"label":"IGHTENHILL MEDICAL CENTRE"},"geometry":{"type":"Polygon","coordinates":[[[-2.35506,53.78061],[-2.37813,53.80787],[-2.32732,53.81841],[-2.28749,53.84127],[-2.22816,53.85471],[-2.1985,53.84742],[-2.21443,53.80495],[-2.20345,53.7923],[-2.18367,53.78029],[-2.19466,53.74652],[-2.26167,53.7699],[-2.31166,53.76909],[-2.35506,53.78061]]]}},{"type":"Feature","properties":{"source_code":"P81047","codes":["P81047"],"label":"PARKSIDE SURGERY"},"geometry":{"type":"Polygon","coordinates":[[[-2.3032,53.79727],[-2.27662,53.80909],[-2.25258,53.81707],[-2.24421,53.82462],[-2.23666,53.82376],[-2.23091,53.82371],[-2.22645,53.82437],[-2.22018,53.82325],[-2.21374,53.8227],[-2.20752,53.82178],[-2.20611,53.8213],[-2.2046,53.8212],[-2.20344,53.8213],[-2.20143,53.82031],[-2.19941,53.81829],[-2.19688,53.81463],[-2.19061,53.80856],[-2.18984,53.80582],[-2.18823,53.80568],[-2.1881,53.80503],[-2.18782,53.80469],[-2.18606,53.80358],[-2.18538,53.80365],[-2.18478,53.80359],[-2.18364,53.80331],[-2.18306,53.80292],[-2.18282,53.80244],[-2.18113,53.80246],[-2.1795,53.80259],[-2.17894,53.77908],[-2.19057,53.75315],[-2.25872,53.77063],[-2.2994,53.78935],[-2.30593,53.79513],[-2.30412,53.79609],[-2.3032,53.79727]]]}},{"type":"Feature","properties":{"source_code":"B83657","codes":["B83657"],"label":"BEVAN COMMUNITY BENEFIT SOCIETY"},"geometry":{"type":"MultiPolygon","coordinates":[[[[-1.8184,53.76505],[-1.81967,53.76529],[-1.81965,53.76529],[-1.8184,53.76505]]],[[[-1.81967,53.76529],[-1.82064,53.76495],[-1.835,53.76817],[-1.81967,53.76529]]],[[[-1.8184,53.76505],[-1.80279,53.76211],[-1.80187,53.76719],[-1.81307,53.76756],[-1.81965,53.76529],[-1.83474,53.76827],[-1.83556,53.76829],[-1.835,53.76817],[-1.83569,53.7683],[-1.84502,53.7686],[-1.95351,53.80917],[-1.96999,53.84159],[-1.9075,53.88046],[-1.77017,53.8586],[-1.73218,53.83316],[-1.74133,53.84159],[-1.72897,53.8422],[-1.71936,53.83713],[-1.6967,53.812],[-1.70926,53.81779],[-1.68915,53.8043],[-1.71387,53.76901],[-1.77086,53.76617],[-1.80148,53.76718],[-1.80244,53.7619],[-1.8184,53.76505]]]]}},{"type":"Feature","properties":{"source_code":"P81035","codes":["P81035"],"label":"COLNE ROAD SURGERY"},"geometry":{"type":"Polygon","coordinates":[[[-2.31194,53.81221],[-2.30696,53.8189],[-2.30129,53.82092],[-2.28172,53.82731],[-2.26456,53.83045],[-2.24396,53.84199],[-2.24028,53.84272],[-2.23694,53.84406],[-2.23463,53.84661],[-2.22615,53.84916],[-2.21005,53.85369],[-2.18267,53.84007],[-2.17186,53.81444],[-2.17598,53.77692],[-2.20375,53.77284],[-2.23426,53.77159],[-2.29597,53.77195],[-2.31803,53.79006],[-2.32236,53.80235],[-2.31194,53.81221]]]}},{"type":"Feature","properties":{"source_code":"B83026","codes":["B83026"],"label":"PRIMROSE SURGERY"},"geometry":{"type":"Polygon","coordinates":[[[-1.74794,53.79989],[-1.7088,53.80471],[-1.70331,53.79],[-1.74502,53.79229],[-1.74794,53.79989]]]}},{"type":"Feature","properties":{"source_code":"B83660","codes":["B83660"],"label":"BILTON MEDICAL CENTRE"},"geometry":{"type":"Polygon","coordinates":[[[-1.87832,53.79376],[-1.84948,53.8191],[-1.74202,53.82214],[-1.70391,53.79355],[-1.76056,53.77043],[-1.85223,53.7686],[-1.87832,53.79376]]]}},{"type":"Feature","properties":{"source_code":"P81016","codes":["P81016"],"label":"WATERLOO MEDICAL CENTRE"},"geometry":{"type":"Polygon","coordinates":[[[-3.05377,53.84964],[-3.03489,53.85286],[-3.02605,53.86104],[-3.00184,53.85243],[-3.00034,53.85048],[-2.99208,53.84615],[-2.99228,53.8432],[-2.99136,53.83984],[-2.9936,53.8358],[-2.99373,53.83154],[-2.9941,53.83008],[-2.99757,53.82954],[-3.00278,53.82916],[-3.00442,53.82825],[-3.00616,53.8276],[-3.01181,53.82645],[-3.01782,53.82322],[-3.01719,53.8218],[-3.01811,53.82012],[-3.01702,53.81882],[-3.01708,53.81593],[-3.0198,53.81093],[-3.01678,53.80952],[-3.01299,53.80867],[-3.01349,53.80669],[-3.01296,53.80562],[-3.00062,53.80471],[-2.99891,53.80288],[-2.98098,53.78965],[-2.98598,53.78799],[-2.9909,53.78501],[-2.99122,53.78084],[-2.98914,53.77509],[-3.0156,53.77454],[-3.01891,53.78088],[-3.02075,53.78168],[-3.02224,53.78288],[-3.02566,53.78194],[-3.05523,53.77692],[-3.05771,53.77974],[-3.05814,53.78541],[-3.05856,53.78986],[-3.05658,53.7943],[-3.05553,53.81309],[-3.05568,53.83056],[-3.05377,53.84964]]]}},{"type":"Feature","properties":{"source_code":"P81130","codes":["P81130"],"label":"PADIHAM GROUP PRACTICE"},"geometry":{"type":"Polygon","coordinates":[[[-2.34009,53.83916],[-2.28104,53.86994],[-2.23606,53.83875],[-2.26318,53.7897],[-2.32704,53.77996],[-2.35588,53.79011],[-2.37099,53.80389],[-2.34009,53.83916]]]}},{"type":"Feature","properties":{"source_code":"P81095","codes":["P81095"],"label":"THURSBY SURGERY"},"geometry":{"type":"Polygon","coordinates":[[[-2.25185,53.83956],[-2.21924,53.83227],[-2.20988,53.82351],[-2.1995,53.81616],[-2.18611,53.7972],[-2.18276,53.79036],[-2.18175,53.78548],[-2.18169,53.78293],[-2.18115,53.77785],[-2.18044,53.77626],[-2.17838,53.76782],[-2.17855,53.76226],[-2.18413,53.74759],[-2.234,53.77712],[-2.30232,53.79741],[-2.31298,53.80295],[-2.31809,53.80566],[-2.3243,53.80836],[-2.31331,53.82741],[-2.25185,53.83956]]]}},{"type":"Feature","properties":{"source_code":"B83052","codes":["B83052"],"label":"KENSINGTON PARTNERSHIP"},"geometry":{"type":"Polygon","coordinates":[[[-1.773,53.8156],[-1.76919,53.81297],[-1.76728,53.81079],[-1.76726,53.80899],[-1.76554,53.80668],[-1.76785,53.80567],[-1.76326,53.80085],[-1.76082,53.79675],[-1.76379,53.79476],[-1.76415,53.79443],[-1.76828,53.7942],[-1.7722,53.79248],[-1.78159,53.7909],[-1.78928,53.78735],[-1.79183,53.78964],[-1.79164,53.79166],[-1.79506,53.79171],[-1.7982,53.79192],[-1.79835,53.79448],[-1.80366,53.79298],[-1.83435,53.78877],[-1.84616,53.78813],[-1.85774,53.78932],[-1.86005,53.79444],[-1.85541,53.79499],[-1.84639,53.79461],[-1.84373,53.79539],[-1.83857,53.79251],[-1.83409,53.79263],[-1.8332,53.79653],[-1.82988,53.8027],[-1.83268,53.80404],[-1.8333,53.80566],[-1.8366,53.80889],[-1.83582,53.81055],[-1.83333,53.81279],[-1.83314,53.81362],[-1.8307,53.81413],[-1.82685,53.81599],[-1.82216,53.81629],[-1.80077,53.81489],[-1.79309,53.81596],[-1.78914,53.81611],[-1.78579,53.8156],[-1.78159,53.81535],[-1.77936,53.81532],[-1.7773,53.81494],[-1.773,53.8156]]]}},{"type":"Feature","properties":{"source_code":"B83622","codes":["B83622"],"label":"DR IA GILKAR & PARTNERS"},"geometry":{"type":"MultiPolygon","coordinates":[[[[-1.76592,53.8024],[-1.7664,53.79558],[-1.76605,53.80227],[-1.76592,53.8024]]],[[[-1.76434,53.812],[-1.76365,53.80471],[-1.76592,53.8024],[-1.76581,53.80408],[-1.76502,53.80754],[-1.76536,53.81038],[-1.76581,53.80408],[-1.76708,53.79842],[-1.7712,53.79538],[-1.77463,53.79376],[-1.77669,53.79436],[-1.78184,53.79213],[-1.78665,53.79254],[-1.79317,53.79193],[-1.7966,53.79153],[-1.80107,53.79518],[-1.80004,53.79153],[-1.80691,53.79071],[-1.80818,53.79522],[-1.80691,53.79497],[-1.80828,53.79558],[-1.80818,53.79522],[-1.80897,53.79538],[-1.81069,53.797],[-1.8124,53.79619],[-1.81309,53.7972],[-1.81618,53.79822],[-1.81481,53.80065],[-1.81618,53.80288],[-1.81583,53.80369],[-1.81755,53.80471],[-1.8148,53.80592],[-1.82099,53.80795],[-1.82167,53.80998],[-1.82099,53.81302],[-1.82373,53.81748],[-1.81995,53.81748],[-1.81824,53.82011],[-1.81789,53.82234],[-1.81034,53.82437],[-1.80588,53.82538],[-1.79489,53.82558],[-1.78391,53.82295],[-1.7767,53.82153],[-1.77223,53.82011],[-1.77154,53.8193],[-1.77017,53.81565],[-1.76434,53.812]]]]}},{"type":"Feature","properties":{"source_code":"B83016","codes":["B83016"],"label":"FARROW MEDICAL CENTRE"},"geometry":{"type":"Polygon","coordinates":[[[-1.71541,53.83156],[-1.70756,53.81682],[-1.7064,53.80977],[-1.707,53.80329],[-1.71267,53.79867],[-1.71331,53.79518],[-1.71945,53.79492],[-1.72417,53.79807],[-1.72949,53.79827],[-1.73464,53.7972],[-1.73755,53.79928],[-1.73961,53.79946],[-1.74185,53.79923],[-1.76665,53.81849],[-1.76521,53.81942],[-1.7673,53.81914],[-1.76234,53.82137],[-1.76343,53.82061],[-1.76343,53.82055],[-1.76114,53.82202],[-1.76249,53.82777],[-1.75501,53.83732],[-1.73603,53.84242],[-1.72985,53.84204],[-1.72366,53.83882],[-1.71541,53.83156]]]}},{"type":"Feature","properties":{"source_code":"B83012","codes":["B83012"],"label":"MANOR MEDICAL PRACTICE"},"geometry":{"type":"Polygon","coordinates":[[[-1.78596,53.79883],[-1.78288,53.79203],[-1.7894,53.78848],[-1.79558,53.78341],[-1.80759,53.78128],[-1.82051,53.77776],[-1.83137,53.77859],[-1.82197,53.78689],[-1.83558,53.78615],[-1.83467,53.78884],[-1.83618,53.79112],[-1.84244,53.79051],[-1.84836,53.79021],[-1.85463,53.79112],[-1.85652,53.79609],[-1.86184,53.79984],[-1.86193,53.80237],[-1.85823,53.8045],[-1.8536,53.80977],[-1.84879,53.81287],[-1.84656,53.81535],[-1.84785,53.81418],[-1.84725,53.81626],[-1.84609,53.81649],[-1.84304,53.8158],[-1.833,53.81352],[-1.83206,53.81879],[-1.82768,53.82386],[-1.82073,53.82756],[-1.82133,53.83349],[-1.81171,53.83338],[-1.80313,53.83652],[-1.7894,53.8343],[-1.78064,53.82842],[-1.77532,53.82173],[-1.77189,53.81449],[-1.7676,53.81198],[-1.76554,53.80673],[-1.77296,53.80552],[-1.77627,53.80329],[-1.78596,53.79883]]]}},{"type":"Feature","properties":{"source_code":"B83641","codes":["B83641"],"label":"ASHWELL MEDICAL CENTRE"},"geometry":{"type":"Polygon","coordinates":[[[-1.80729,53.80493],[-1.80439,53.80567],[-1.80346,53.80585],[-1.80255,53.80596],[-1.80295,53.80759],[-1.80277,53.80804],[-1.80323,53.80844],[-1.80341,53.80942],[-1.80545,53.81535],[-1.80444,53.81526],[-1.80352,53.81517],[-1.8015,53.81507],[-1.80064,53.81489],[-1.79999,53.81511],[-1.79907,53.81526],[-1.79746,53.8155],[-1.79466,53.81578],[-1.79328,53.81591],[-1.79316,53.8162],[-1.79279,53.81605],[-1.79238,53.81595],[-1.79168,53.81595],[-1.79132,53.81598],[-1.79061,53.81601],[-1.78983,53.81604],[-1.78905,53.81604],[-1.78821,53.81597],[-1.78503,53.81551],[-1.78392,53.81544],[-1.7829,53.81545],[-1.7809,53.81543],[-1.78003,53.81541],[-1.77962,53.81538],[-1.77921,53.81532],[-1.77755,53.81507],[-1.77508,53.81526],[-1.77389,53.81546],[-1.77282,53.81588],[-1.7727,53.81552],[-1.77244,53.81532],[-1.77184,53.81472],[-1.77125,53.81422],[-1.77039,53.81379],[-1.76961,53.81335],[-1.76882,53.8128],[-1.76833,53.81228],[-1.76747,53.81112],[-1.76736,53.81059],[-1.76739,53.81002],[-1.76726,53.80895],[-1.76616,53.80754],[-1.76196,53.80386],[-1.76151,53.80317],[-1.76118,53.80257],[-1.7597,53.80104],[-1.75721,53.79837],[-1.7567,53.79799],[-1.75513,53.79731],[-1.75326,53.79647],[-1.75635,53.79485],[-1.75604,53.79355],[-1.7559,53.79234],[-1.75793,53.79283],[-1.76019,53.79325],[-1.76219,53.79386],[-1.76331,53.79435],[-1.76418,53.79494],[-1.7654,53.79542],[-1.76776,53.79631],[-1.77251,53.79807],[-1.77382,53.79818],[-1.77916,53.79862],[-1.78485,53.79898],[-1.78771,53.79907],[-1.79195,53.79884],[-1.79309,53.79867],[-1.79457,53.79817],[-1.79622,53.79775],[-1.79978,53.7968],[-1.79796,53.79463],[-1.79796,53.79431],[-1.80211,53.7938],[-1.80341,53.79288],[-1.80656,53.79253],[-1.80798,53.79288],[-1.80818,53.79316],[-1.8098,53.79274],[-1.81044,53.79343],[-1.81265,53.79359],[-1.81311,53.79454],[-1.81167,53.79482],[-1.81165,53.79505],[-1.80988,53.79645],[-1.80942,53.79742],[-1.80875,53.80459],[-1.80729,53.80493]]]}},{"type":"Feature","properties":{"source_code":"B83628","codes":["B83628"],"label":"CLARENDON MEDICAL CENTRE"},"geometry":{"type":"Polygon","coordinates":[[[-1.77464,53.8195],[-1.73927,53.81363],[-1.72245,53.80156],[-1.71988,53.79315],[-1.73101,53.78309],[-1.74717,53.77748],[-1.76435,53.77883],[-1.77987,53.7832],[-1.78907,53.78583],[-1.79348,53.78705],[-1.79715,53.78921],[-1.80408,53.79122],[-1.80481,53.79405],[-1.81323,53.79693],[-1.81515,53.80065],[-1.8131,53.81485],[-1.77464,53.8195]]]}},{"type":"Feature","properties":{"source_code":"P81115","codes":["P81115"],"label":"BLOOMFIELD MEDICAL CENTRE"},"geometry":{"type":"Polygon","coordinates":[[[-3.05575,53.77659],[-3.05082,53.87792],[-3.01336,53.87616],[-3.01284,53.87183],[-3.01284,53.86778],[-3.01216,53.86272],[-3.00804,53.85928],[-3.00118,53.85766],[-2.98436,53.85604],[-2.97956,53.85543],[-2.96583,53.85503],[-2.9552,53.85463],[-2.94902,53.85341],[-2.9473,53.85037],[-2.94456,53.84267],[-2.9425,53.8364],[-2.94112,53.8287],[-2.9425,53.82262],[-2.94215,53.81633],[-2.94284,53.81045],[-2.94284,53.806],[-2.94421,53.80154],[-2.94319,53.79728],[-2.94319,53.79322],[-2.94388,53.7916],[-2.94731,53.78856],[-2.95555,53.78795],[-2.96344,53.78856],[-2.97751,53.79079],[-2.98128,53.7916],[-2.98712,53.79363],[-2.9853,53.79237],[-2.9865,53.79116],[-2.98719,53.78872],[-2.98719,53.7873],[-2.98719,53.78639],[-2.98907,53.78436],[-2.99439,53.78264],[-3.00229,53.78162],[-3.00726,53.78071],[-3.01104,53.77949],[-3.01601,53.77828],[-3.01841,53.77878],[-3.01876,53.78071],[-3.02082,53.78193],[-3.02305,53.78213],[-3.04914,53.77767],[-3.05575,53.77659]]]}},{"type":"Feature","properties":{"source_code":"B83626","codes":["B83626"],"label":"VALLEY VIEW SURGERY"},"geometry":{"type":"Polygon","coordinates":[[[-1.75301,53.81013],[-1.75112,53.81031],[-1.74932,53.81041],[-1.74807,53.81033],[-1.74704,53.81028],[-1.74614,53.81064],[-1.74532,53.81076],[-1.74464,53.81114],[-1.74356,53.81167],[-1.74236,53.81236],[-1.74125,53.81297],[-1.7403,53.81345],[-1.73914,53.81396],[-1.73799,53.81461],[-1.73713,53.81507],[-1.73601,53.81568],[-1.73472,53.81629],[-1.73387,53.81659],[-1.73241,53.81692],[-1.73095,53.8173],[-1.72932,53.8176],[-1.72812,53.81743],[-1.72696,53.81738],[-1.72623,53.81722],[-1.72485,53.81707],[-1.72271,53.81677],[-1.72069,53.81651],[-1.71992,53.81644],[-1.71741,53.81786],[-1.7149,53.82277],[-1.71525,53.82726],[-1.71217,53.83154],[-1.70695,53.82942],[-1.7055,53.81689],[-1.70408,53.8115],[-1.70264,53.80757],[-1.70241,53.80567],[-1.70108,53.80248],[-1.70421,53.80187],[-1.70661,53.80149],[-1.70713,53.80093],[-1.70799,53.80095],[-1.70863,53.80052],[-1.70932,53.79976],[-1.71026,53.79883],[-1.71134,53.79791],[-1.71352,53.79581],[-1.7164,53.79404],[-1.71953,53.79289],[-1.72176,53.79269],[-1.72515,53.79249],[-1.72897,53.79229],[-1.73331,53.79231],[-1.73717,53.79262],[-1.74193,53.79305],[-1.74498,53.7932],[-1.74829,53.7935],[-1.7494,53.7935],[-1.7503,53.7934],[-1.7512,53.79284],[-1.75228,53.79193],[-1.75348,53.79117],[-1.75425,53.79082],[-1.75519,53.79117],[-1.75597,53.7916],[-1.75618,53.79249],[-1.75635,53.79373],[-1.75644,53.79482],[-1.75764,53.79535],[-1.75889,53.79599],[-1.76013,53.79657],[-1.76052,53.7968],[-1.7597,53.79731],[-1.75811,53.79799],[-1.757,53.79845],[-1.75502,53.79921],[-1.75292,53.79966],[-1.75099,53.80002],[-1.75009,53.80042],[-1.75039,53.80103],[-1.75047,53.80159],[-1.75107,53.80217],[-1.75219,53.80291],[-1.75288,53.80362],[-1.75326,53.80463],[-1.75352,53.80539],[-1.75369,53.8059],[-1.75335,53.80638],[-1.75318,53.80681],[-1.75279,53.80742],[-1.75262,53.808],[-1.75275,53.80861],[-1.75275,53.80929],[-1.75301,53.81013]]]}},{"type":"Feature","properties":{"source_code":"B83629","codes":["B83629"],"label":"PEEL PARK SURGERY"},"geometry":{"type":"Polygon","coordinates":[[[-1.77155,53.83379],[-1.76039,53.83227],[-1.70614,53.82903],[-1.68571,53.80836],[-1.6991,53.76556],[-1.73035,53.76799],[-1.75541,53.81423],[-1.76708,53.82371],[-1.77155,53.83379]]]}},{"type":"Feature","properties":{"source_code":"B83614","codes":["B83614"],"label":"PICTON MEDICAL CENTRE"},"geometry":{"type":"Polygon","coordinates":[[[-1.77485,53.82069],[-1.77275,53.82044],[-1.77069,53.81991],[-1.76916,53.81901],[-1.76855,53.8184],[-1.76622,53.81778],[-1.76412,53.81545],[-1.76004,53.80896],[-1.75607,53.80773],[-1.75382,53.80478],[-1.75245,53.80255],[-1.75599,53.80175],[-1.75587,53.80067],[-1.75577,53.79929],[-1.75335,53.79685],[-1.75633,53.79365],[-1.76385,53.79481],[-1.77292,53.79827],[-1.78897,53.79923],[-1.80058,53.798],[-1.80309,53.79819],[-1.80473,53.7981],[-1.80653,53.7987],[-1.80722,53.80065],[-1.80892,53.80079],[-1.81142,53.80164],[-1.81135,53.80332],[-1.81482,53.80507],[-1.81743,53.80529],[-1.81801,53.80589],[-1.82132,53.8065],[-1.82275,53.8061],[-1.82401,53.80657],[-1.82841,53.80681],[-1.83006,53.80824],[-1.83117,53.80968],[-1.83437,53.81221],[-1.83328,53.81289],[-1.83304,53.81368],[-1.82753,53.81583],[-1.82335,53.81637],[-1.82158,53.81626],[-1.82161,53.81802],[-1.82176,53.81935],[-1.8144,53.81992],[-1.81067,53.82089],[-1.80787,53.8206],[-1.80558,53.82015],[-1.79933,53.81908],[-1.79565,53.81982],[-1.79012,53.81941],[-1.78819,53.82001],[-1.78515,53.82024],[-1.78152,53.82135],[-1.78014,53.82194],[-1.77662,53.82194],[-1.77485,53.82069]]]}},{"type":"Feature","properties":{"source_code":"B83604","codes":["B83604"],"label":"THE LISTER SURGERY"},"geometry":{"type":"Polygon","coordinates":[[[-1.77635,53.83024],[-1.76949,53.82335],[-1.76571,53.81707],[-1.75919,53.81241],[-1.75438,53.80653],[-1.7506,53.80106],[-1.74545,53.79842],[-1.74305,53.79355],[-1.74477,53.79051],[-1.75438,53.78889],[-1.75919,53.79031],[-1.77086,53.78605],[-1.77532,53.78645],[-1.7815,53.79092],[-1.78459,53.79578],[-1.78665,53.79923],[-1.7918,53.79903],[-1.7997,53.80207],[-1.80862,53.80471],[-1.81206,53.80349],[-1.82133,53.80369],[-1.82716,53.80511],[-1.83266,53.80552],[-1.8354,53.80775],[-1.83437,53.81302],[-1.83403,53.81646],[-1.8306,53.82052],[-1.82819,53.82315],[-1.82407,53.82619],[-1.82064,53.82781],[-1.81309,53.82619],[-1.80794,53.82538],[-1.80107,53.8272],[-1.79901,53.82984],[-1.79729,53.83328],[-1.79523,53.83551],[-1.78974,53.83612],[-1.78219,53.83511],[-1.77532,53.83511],[-1.77567,53.83268],[-1.77635,53.83024]]]}},{"type":"Feature","properties":{"source_code":"B83642","codes":["B83642"],"label":"THE CITY MEDICAL PRACTICE"},"geometry":{"type":"Polygon","coordinates":[[[-1.8148,53.83247],[-1.8045,53.8343],[-1.78905,53.8349],[-1.78493,53.83612],[-1.77464,53.8345],[-1.77498,53.83126],[-1.77189,53.82619],[-1.7688,53.82072],[-1.75987,53.812],[-1.75575,53.80896],[-1.75232,53.80349],[-1.74614,53.79801],[-1.74305,53.79436],[-1.75232,53.78889],[-1.75919,53.79011],[-1.77052,53.78625],[-1.77567,53.78645],[-1.78013,53.78362],[-1.78665,53.78362],[-1.79043,53.78889],[-1.79214,53.79599],[-1.79249,53.79943],[-1.80382,53.80389],[-1.81137,53.80531],[-1.81686,53.80572],[-1.82751,53.80552],[-1.8354,53.80673],[-1.83403,53.8116],[-1.83437,53.81444],[-1.83197,53.81869],[-1.82579,53.82518],[-1.82064,53.82802],[-1.81721,53.83146],[-1.8148,53.83247]]]}},{"type":"Feature","properties":{"source_code":"B83056","codes":["B83056"],"label":"MOORSIDE SURGERY"},"geometry":{"type":"Polygon","coordinates":[[[-1.70709,53.82948],[-1.70425,53.82082],[-1.70717,53.81591],[-1.70846,53.81104],[-1.70975,53.80466],[-1.70116,53.80232],[-1.71387,53.80014],[-1.72056,53.79842],[-1.72305,53.79786],[-1.72777,53.79822],[-1.73043,53.79822],[-1.73361,53.79776],[-1.73567,53.79731],[-1.73773,53.79685],[-1.73876,53.79761],[-1.74099,53.79867],[-1.74245,53.79923],[-1.74331,53.79969],[-1.74408,53.79923],[-1.74468,53.79842],[-1.74554,53.79801],[-1.7488,53.8005],[-1.75266,53.80313],[-1.75395,53.80592],[-1.75292,53.80749],[-1.75275,53.80922],[-1.75326,53.81013],[-1.75438,53.81117],[-1.75464,53.81228],[-1.75451,53.81307],[-1.75356,53.81423],[-1.74953,53.8172],[-1.75125,53.81778],[-1.75236,53.81887],[-1.75356,53.82313],[-1.75571,53.82366],[-1.75777,53.82434],[-1.75953,53.82698],[-1.76099,53.82878],[-1.76045,53.82879],[-1.76101,53.82946],[-1.76187,53.8298],[-1.76221,53.83009],[-1.76193,53.83047],[-1.76118,53.83079],[-1.76026,53.8309],[-1.75946,53.8309],[-1.75865,53.83086],[-1.75779,53.83057],[-1.75751,53.83043],[-1.75708,53.8306],[-1.75668,53.83116],[-1.75723,53.83173],[-1.7571,53.83209],[-1.75421,53.83344],[-1.75189,53.83403],[-1.75065,53.83427],[-1.74904,53.83437],[-1.74756,53.83454],[-1.74526,53.83502],[-1.74421,53.8352],[-1.74226,53.83588],[-1.74032,53.83663],[-1.73741,53.83684],[-1.7353,53.83727],[-1.73466,53.83742],[-1.73372,53.83736],[-1.73382,53.83751],[-1.73372,53.83769],[-1.7338,53.83788],[-1.73475,53.83869],[-1.7373,53.83956],[-1.74032,53.84035],[-1.74095,53.84141],[-1.73728,53.84226],[-1.73498,53.84273],[-1.73273,53.84282],[-1.73155,53.84256],[-1.73097,53.84274],[-1.7303,53.84249],[-1.72872,53.84194],[-1.72734,53.84086],[-1.72556,53.83922],[-1.72344,53.83764],[-1.72127,53.83597],[-1.71932,53.83457],[-1.71747,53.83352],[-1.71631,53.8328],[-1.71445,53.83216],[-1.71224,53.83146],[-1.70977,53.83055],[-1.70709,53.82948]]]}},{"type":"Feature","properties":{"source_code":"P81072","codes":["P81072"],"label":"GLENROYD MEDICAL CENTRE"},"geometry":{"type":"MultiPolygon","coordinates":[[[[-3.00551,53.85352],[-3.00441,53.85405],[-3.00544,53.85334],[-3.00551,53.85352]]],[[[-3.0427,53.87161],[-3.0409,53.87247],[-3.03746,53.87257],[-3.03308,53.87308],[-3.03068,53.87298],[-3.02905,53.87217],[-3.02768,53.8708],[-3.0263,53.86953],[-3.02236,53.86923],[-3.01858,53.86918],[-3.01334,53.86528],[-3.01008,53.86447],[-3.00768,53.86154],[-3.00699,53.85961],[-3.00681,53.85739],[-3.00613,53.85506],[-3.00551,53.85352],[-3.00612,53.85324],[-3.00784,53.85131],[-3.01333,53.84979],[-3.0147,53.84837],[-3.01762,53.84605],[-3.01763,53.84564],[-3.01676,53.84513],[-3.01659,53.84432],[-3.01385,53.8427],[-3.01677,53.84078],[-3.01609,53.83526],[-3.02124,53.83414],[-3.02588,53.83359],[-3.02536,53.82984],[-3.02261,53.8266],[-3.01918,53.82376],[-3.01643,53.81971],[-3.01691,53.81634],[-3.01809,53.81361],[-3.02,53.81109],[-3.018,53.81003],[-3.01051,53.80823],[-3.01096,53.80644],[-3.01124,53.80429],[-3.01127,53.80244],[-3.01116,53.8005],[-3.01315,53.80052],[-3.01488,53.7996],[-3.01584,53.79879],[-3.01537,53.79557],[-3.01597,53.79467],[-3.01743,53.79419],[-3.01696,53.79303],[-3.02111,53.79282],[-3.02639,53.79279],[-3.03064,53.79287],[-3.03248,53.79284],[-3.03429,53.79289],[-3.0366,53.79279],[-3.03781,53.79289],[-3.04004,53.79315],[-3.04321,53.79822],[-3.04587,53.80613],[-3.04559,53.80943],[-3.04729,53.81041],[-3.05034,53.81256],[-3.04909,53.81299],[-3.05008,53.81393],[-3.04476,53.815],[-3.04493,53.8184],[-3.0415,53.81872],[-3.03789,53.81864],[-3.03879,53.82178],[-3.03952,53.82568],[-3.03948,53.82818],[-3.04064,53.83088],[-3.04184,53.83556],[-3.04639,53.83503],[-3.04853,53.83452],[-3.05081,53.83414],[-3.05489,53.83288],[-3.05403,53.8428],[-3.053,53.8505],[-3.05008,53.85698],[-3.04733,53.8667],[-3.04536,53.86881],[-3.0427,53.87032],[-3.0427,53.87161]]]]}},{"type":"Feature","properties":{"source_code":"P81053","codes":["P81053"],"label":"BRIERCLIFFE SURGERY"},"geometry":{"type":"MultiPolygon","coordinates":[[[[-2.21681,53.84503],[-2.21684,53.84503],[-2.21681,53.84503],[-2.21681,53.84503]]],[[[-2.21732,53.84433],[-2.21732,53.84432],[-2.21731,53.84432],[-2.21732,53.84433],[-2.21731,53.84443],[-2.21713,53.8445],[-2.21681,53.84503],[-2.21612,53.84492],[-2.21541,53.84478],[-2.21338,53.84454],[-2.20993,53.84376],[-2.20673,53.84282],[-2.20482,53.84214],[-2.20387,53.84276],[-2.20259,53.84313],[-2.20147,53.84341],[-2.19555,53.8412],[-2.19383,53.83995],[-2.19285,53.83976],[-2.19224,53.83973],[-2.18963,53.83985],[-2.18854,53.8399],[-2.18755,53.83984],[-2.1858,53.8395],[-2.18439,53.83904],[-2.18476,53.83814],[-2.1855,53.83721],[-2.18529,53.83663],[-2.18452,53.83665],[-2.18452,53.83454],[-2.18538,53.83328],[-2.18594,53.83248],[-2.18524,53.83214],[-2.18449,53.832],[-2.18082,53.83134],[-2.18112,53.83072],[-2.18105,53.82994],[-2.18099,53.82926],[-2.18068,53.82863],[-2.18042,53.82799],[-2.17942,53.82579],[-2.17887,53.82472],[-2.17858,53.82415],[-2.17816,53.82372],[-2.17768,53.8233],[-2.17707,53.82309],[-2.1767,53.823],[-2.17628,53.82298],[-2.17598,53.82278],[-2.17641,53.82259],[-2.17697,53.82248],[-2.17761,53.82242],[-2.1783,53.82225],[-2.17976,53.82151],[-2.17982,53.82089],[-2.17918,53.82033],[-2.17904,53.81946],[-2.17918,53.81905],[-2.17944,53.81874],[-2.17967,53.81829],[-2.18008,53.81799],[-2.18009,53.81673],[-2.17975,53.81615],[-2.17946,53.81571],[-2.17942,53.81471],[-2.1774,53.81443],[-2.17538,53.81426],[-2.17276,53.81429],[-2.17074,53.81435],[-2.16837,53.81418],[-2.16585,53.81399],[-2.16485,53.81392],[-2.1642,53.81391],[-2.16361,53.81397],[-2.16221,53.81354],[-2.15745,53.81284],[-2.15797,53.81185],[-2.15829,53.81157],[-2.15841,53.80509],[-2.15849,53.79838],[-2.15894,53.78659],[-2.15873,53.77057],[-2.15881,53.77046],[-2.17492,53.77059],[-2.19159,53.77051],[-2.19162,53.77026],[-2.19198,53.76998],[-2.19215,53.76973],[-2.19224,53.76941],[-2.19226,53.76923],[-2.19221,53.76907],[-2.19214,53.7688],[-2.19214,53.76868],[-2.19215,53.76846],[-2.19215,53.76833],[-2.19222,53.7682],[-2.19228,53.76814],[-2.19252,53.76806],[-2.19281,53.76798],[-2.19296,53.76791],[-2.1933,53.76769],[-2.19364,53.76745],[-2.1938,53.76735],[-2.19409,53.76726],[-2.19448,53.76712],[-2.19457,53.76707],[-2.19466,53.76701],[-2.1948,53.7669],[-2.19492,53.76683],[-2.19505,53.76677],[-2.19517,53.76672],[-2.19538,53.76665],[-2.19579,53.7665],[-2.19583,53.76642],[-2.19594,53.7663],[-2.19616,53.76609],[-2.19579,53.76596],[-2.19589,53.76588],[-2.19563,53.76581],[-2.19567,53.76576],[-2.19581,53.76579],[-2.19596,53.76583],[-2.19614,53.76567],[-2.19622,53.76568],[-2.1964,53.76572],[-2.19649,53.76565],[-2.19656,53.76552],[-2.19681,53.76499],[-2.19677,53.76456],[-2.19676,53.76437],[-2.19681,53.76417],[-2.19697,53.76391],[-2.19736,53.76343],[-2.19745,53.76327],[-2.19637,53.76305],[-2.19656,53.76048],[-2.19771,53.76033],[-2.19827,53.7604],[-2.19848,53.7603],[-2.19839,53.76016],[-2.19777,53.75896],[-2.19739,53.75794],[-2.19715,53.75734],[-2.19688,53.75713],[-2.19614,53.75683],[-2.19552,53.75652],[-2.19486,53.75612],[-2.19458,53.75575],[-2.19436,53.75527],[-2.19345,53.75462],[-2.19188,53.75386],[-2.18986,53.7528],[-2.18825,53.75189],[-2.18705,53.75115],[-2.18581,53.7504],[-2.18549,53.75005],[-2.18501,53.74943],[-2.18454,53.74883],[-2.18406,53.74823],[-2.18381,53.74793],[-2.18354,53.74764],[-2.18319,53.74728],[-2.18278,53.74693],[-2.18229,53.74651],[-2.18195,53.7463],[-2.18135,53.74588],[-2.18113,53.74566],[-2.18096,53.7454],[-2.18077,53.74523],[-2.1806,53.74511],[-2.1804,53.74503],[-2.1803,53.74502],[-2.1801,53.74498],[-2.17994,53.74496],[-2.17961,53.74496],[-2.17942,53.74494],[-2.17904,53.74488],[-2.17892,53.74484],[-2.17884,53.74482],[-2.17844,53.74459],[-2.17809,53.74431],[-2.17782,53.74402],[-2.17761,53.74379],[-2.17735,53.74358],[-2.17701,53.74335],[-2.1767,53.74318],[-2.17636,53.74304],[-2.17576,53.74287],[-2.17399,53.74241],[-2.17328,53.74221],[-2.17288,53.7421],[-2.17293,53.74205],[-2.17301,53.74209],[-2.17313,53.74212],[-2.17323,53.74215],[-2.17334,53.74218],[-2.17346,53.74222],[-2.17357,53.74224],[-2.17385,53.74232],[-2.17519,53.74267],[-2.17623,53.74295],[-2.17654,53.74305],[-2.17705,53.74329],[-2.17748,53.74358],[-2.17786,53.74395],[-2.17797,53.74409],[-2.17812,53.74424],[-2.17821,53.74435],[-2.17833,53.74444],[-2.17846,53.74454],[-2.1786,53.74462],[-2.17886,53.74476],[-2.17904,53.74483],[-2.17931,53.74488],[-2.17956,53.74491],[-2.18002,53.74492],[-2.18052,53.74501],[-2.18065,53.74507],[-2.1808,53.74518],[-2.18102,53.74536],[-2.18111,53.74551],[-2.18123,53.74566],[-2.18134,53.7458],[-2.18173,53.74608],[-2.18231,53.74645],[-2.18282,53.74687],[-2.18323,53.74725],[-2.18364,53.74765],[-2.1843,53.7484],[-2.18488,53.74914],[-2.18529,53.74964],[-2.18562,53.7501],[-2.18587,53.75037],[-2.18597,53.75042],[-2.18618,53.75055],[-2.18658,53.75077],[-2.18731,53.75114],[-2.18817,53.75168],[-2.18859,53.75194],[-2.18919,53.7523],[-2.1895,53.75249],[-2.1898,53.75267],[-2.19037,53.753],[-2.19125,53.75342],[-2.19186,53.75377],[-2.19265,53.75411],[-2.19334,53.75446],[-2.19414,53.75498],[-2.19447,53.75524],[-2.19463,53.75554],[-2.19465,53.75566],[-2.19475,53.75583],[-2.19491,53.75602],[-2.19508,53.75617],[-2.19525,53.75628],[-2.19567,53.75652],[-2.19598,53.75668],[-2.19656,53.75692],[-2.19686,53.75703],[-2.19695,53.75707],[-2.19721,53.75727],[-2.19747,53.75719],[-2.19778,53.75769],[-2.19752,53.75809],[-2.1978,53.75868],[-2.19795,53.75899],[-2.19809,53.7593],[-2.19849,53.76014],[-2.19881,53.7606],[-2.19917,53.76103],[-2.1995,53.76147],[-2.19984,53.76181],[-2.2001,53.762],[-2.20051,53.76225],[-2.20085,53.76251],[-2.20109,53.7627],[-2.2016,53.76314],[-2.20228,53.76404],[-2.20246,53.76425],[-2.20257,53.76435],[-2.20268,53.76444],[-2.20283,53.76456],[-2.203,53.76465],[-2.20314,53.76471],[-2.20327,53.76477],[-2.20342,53.76483],[-2.20365,53.76493],[-2.2039,53.76502],[-2.20412,53.7651],[-2.20477,53.76532],[-2.20591,53.76571],[-2.20671,53.76584],[-2.20808,53.76606],[-2.20876,53.76612],[-2.20899,53.76615],[-2.2091,53.76617],[-2.20928,53.76623],[-2.20943,53.7663],[-2.20965,53.76641],[-2.20988,53.76658],[-2.21009,53.76675],[-2.21032,53.76694],[-2.21054,53.76715],[-2.2108,53.76732],[-2.21101,53.76742],[-2.21193,53.76773],[-2.21243,53.76792],[-2.21262,53.76799],[-2.21299,53.76807],[-2.21315,53.76808],[-2.21351,53.76809],[-2.21381,53.76807],[-2.21403,53.76803],[-2.21438,53.76795],[-2.21494,53.76773],[-2.21532,53.76759],[-2.2158,53.7674],[-2.21596,53.76735],[-2.21622,53.76731],[-2.21634,53.76729],[-2.21644,53.76729],[-2.21688,53.76732],[-2.21724,53.76738],[-2.21758,53.76747],[-2.21782,53.76755],[-2.21807,53.7677],[-2.21839,53.76801],[-2.21858,53.7682],[-2.21871,53.76831],[-2.21886,53.7684],[-2.21919,53.76849],[-2.21973,53.76857],[-2.22065,53.76864],[-2.22192,53.76876],[-2.22303,53.76885],[-2.22357,53.76892],[-2.22408,53.76905],[-2.22437,53.76913],[-2.22463,53.76924],[-2.22489,53.76935],[-2.22527,53.76951],[-2.22543,53.76953],[-2.22613,53.77003],[-2.22637,53.7702],[-2.22705,53.77067],[-2.22741,53.77092],[-2.22774,53.77117],[-2.22799,53.77146],[-2.22817,53.77178],[-2.22835,53.77241],[-2.22845,53.77273],[-2.22865,53.77293],[-2.22887,53.7731],[-2.22932,53.77332],[-2.22977,53.77356],[-2.23035,53.774],[-2.23052,53.77418],[-2.23064,53.77438],[-2.23108,53.77489],[-2.23205,53.77568],[-2.23255,53.77624],[-2.23273,53.77643],[-2.23294,53.77674],[-2.23296,53.77709],[-2.23293,53.77754],[-2.23307,53.77778],[-2.23314,53.77792],[-2.23318,53.77808],[-2.23314,53.7783],[-2.23298,53.77862],[-2.23273,53.77913],[-2.23224,53.78028],[-2.23204,53.78073],[-2.23191,53.78095],[-2.23128,53.78158],[-2.23121,53.78165],[-2.23101,53.78202],[-2.23095,53.78217],[-2.23089,53.78253],[-2.23096,53.78312],[-2.23107,53.78371],[-2.23141,53.78461],[-2.23174,53.78513],[-2.23197,53.78539],[-2.2322,53.7857],[-2.23254,53.7864],[-2.23287,53.7871],[-2.2331,53.78764],[-2.23335,53.78811],[-2.23352,53.78829],[-2.23359,53.78838],[-2.23374,53.78863],[-2.23379,53.78875],[-2.2338,53.78886],[-2.23539,53.789],[-2.2371,53.78914],[-2.23743,53.78917],[-2.23775,53.78919],[-2.23794,53.78923],[-2.23819,53.78924],[-2.23833,53.78934],[-2.23849,53.78936],[-2.23861,53.78936],[-2.23861,53.78947],[-2.23862,53.79044],[-2.23872,53.79154],[-2.23885,53.79195],[-2.23903,53.79238],[-2.2393,53.79283],[-2.2397,53.79318],[-2.24003,53.79336],[-2.24073,53.79396],[-2.24086,53.79431],[-2.24067,53.7958],[-2.24036,53.79632],[-2.23991,53.79681],[-2.23907,53.79775],[-2.23875,53.79819],[-2.23796,53.79917],[-2.23711,53.80023],[-2.23559,53.80218],[-2.23647,53.80349],[-2.23707,53.8044],[-2.23827,53.80618],[-2.23882,53.80677],[-2.23938,53.80714],[-2.24021,53.80769],[-2.24186,53.8088],[-2.24399,53.81029],[-2.24423,53.81016],[-2.24436,53.81001],[-2.24454,53.80975],[-2.24467,53.80961],[-2.24512,53.80925],[-2.24534,53.80917],[-2.24561,53.80913],[-2.2458,53.80915],[-2.24603,53.80919],[-2.24618,53.80909],[-2.24641,53.80899],[-2.24668,53.8089],[-2.24694,53.80884],[-2.24725,53.80868],[-2.24758,53.80851],[-2.24795,53.8083],[-2.24821,53.80819],[-2.2485,53.80805],[-2.24687,53.8071],[-2.24747,53.80689],[-2.24833,53.80751],[-2.24902,53.80807],[-2.25022,53.80777],[-2.24993,53.80676],[-2.24929,53.8058],[-2.24928,53.80536],[-2.24972,53.80511],[-2.24989,53.80561],[-2.25034,53.80644],[-2.25145,53.808],[-2.25259,53.80982],[-2.25309,53.81078],[-2.25359,53.81178],[-2.25361,53.8127],[-2.25364,53.81407],[-2.25344,53.81536],[-2.25277,53.81691],[-2.25403,53.81759],[-2.25736,53.81883],[-2.2592,53.81978],[-2.26108,53.82103],[-2.26223,53.82327],[-2.26303,53.82535],[-2.2652,53.82881],[-2.26554,53.82936],[-2.26639,53.8298],[-2.26827,53.82937],[-2.2711,53.8291],[-2.27281,53.82877],[-2.27521,53.8284],[-2.27617,53.82816],[-2.27812,53.82806],[-2.28065,53.82806],[-2.28185,53.82782],[-2.28394,53.82707],[-2.28585,53.82617],[-2.28745,53.82517],[-2.28969,53.82409],[-2.29127,53.82359],[-2.29305,53.82311],[-2.29501,53.82282],[-2.29705,53.8225],[-2.29781,53.82239],[-2.29799,53.82223],[-2.2981,53.82217],[-2.29834,53.82222],[-2.29843,53.82225],[-2.29849,53.82226],[-2.29856,53.82226],[-2.29864,53.82224],[-2.29872,53.82216],[-2.29887,53.82198],[-2.29899,53.82184],[-2.29908,53.8217],[-2.2993,53.82152],[-2.29953,53.82138],[-2.29969,53.8213],[-2.30012,53.82108],[-2.30068,53.82107],[-2.30077,53.82108],[-2.30088,53.82106],[-2.30097,53.82107],[-2.3011,53.82106],[-2.30157,53.82105],[-2.30179,53.82109],[-2.30058,53.82164],[-2.30014,53.82185],[-2.29967,53.82204],[-2.29935,53.82217],[-2.29907,53.82225],[-2.29858,53.82239],[-2.29842,53.82242],[-2.29829,53.82244],[-2.29808,53.82248],[-2.29809,53.82263],[-2.29799,53.82277],[-2.2973,53.82332],[-2.29694,53.82352],[-2.29668,53.82367],[-2.29703,53.82384],[-2.29753,53.82358],[-2.2978,53.82367],[-2.29752,53.82382],[-2.29727,53.82395],[-2.29737,53.82404],[-2.29748,53.8242],[-2.29755,53.82433],[-2.29744,53.82446],[-2.29693,53.82483],[-2.29665,53.8252],[-2.29641,53.82559],[-2.29631,53.82574],[-2.29623,53.82577],[-2.29596,53.8258],[-2.29578,53.82578],[-2.29557,53.82572],[-2.29547,53.82576],[-2.29538,53.82588],[-2.29528,53.82596],[-2.29453,53.82582],[-2.29417,53.82592],[-2.294,53.82613],[-2.29383,53.82651],[-2.29278,53.82635],[-2.29241,53.82619],[-2.29254,53.82595],[-2.29221,53.82556],[-2.29188,53.82553],[-2.29151,53.82574],[-2.29092,53.82571],[-2.2905,53.826],[-2.29031,53.82585],[-2.2901,53.82524],[-2.28977,53.82524],[-2.28936,53.82527],[-2.28703,53.82608],[-2.28574,53.82673],[-2.28357,53.82746],[-2.28294,53.82774],[-2.28243,53.82787],[-2.28185,53.82803],[-2.28124,53.82816],[-2.28033,53.82824],[-2.27924,53.82826],[-2.27831,53.82824],[-2.27698,53.82831],[-2.27492,53.82861],[-2.27264,53.82906],[-2.27156,53.82924],[-2.27155,53.82936],[-2.27118,53.8295],[-2.26868,53.83004],[-2.26908,53.83456],[-2.26824,53.83485],[-2.26691,53.83516],[-2.26549,53.83584],[-2.26359,53.83676],[-2.25666,53.83702],[-2.25414,53.83799],[-2.2517,53.83864],[-2.25154,53.839],[-2.25105,53.83915],[-2.25013,53.83961],[-2.24918,53.84011],[-2.24872,53.8405],[-2.24849,53.84092],[-2.24835,53.84094],[-2.24763,53.8414],[-2.2465,53.84207],[-2.24591,53.84237],[-2.24548,53.84255],[-2.24442,53.84287],[-2.24412,53.84298],[-2.24234,53.84322],[-2.2411,53.84327],[-2.23976,53.84303],[-2.23884,53.84358],[-2.23825,53.84383],[-2.23804,53.84405],[-2.23794,53.84428],[-2.23724,53.84513],[-2.2367,53.8456],[-2.235,53.84675],[-2.23258,53.84747],[-2.23021,53.84809],[-2.22926,53.84864],[-2.22758,53.84972],[-2.22711,53.84987],[-2.2264,53.85001],[-2.22585,53.85022],[-2.22532,53.85037],[-2.22403,53.85047],[-2.22324,53.85065],[-2.22274,53.85077],[-2.22305,53.85124],[-2.22289,53.85292],[-2.22054,53.8544],[-2.2195,53.85504],[-2.2184,53.85563],[-2.21785,53.8556],[-2.21763,53.85542],[-2.21728,53.85514],[-2.2169,53.85494],[-2.21573,53.85543],[-2.21546,53.85571],[-2.21327,53.85641],[-2.21294,53.85676],[-2.2119,53.85651],[-2.21146,53.85599],[-2.21183,53.85557],[-2.21036,53.8558],[-2.21039,53.85571],[-2.21016,53.85473],[-2.21081,53.8544],[-2.21304,53.85381],[-2.21369,53.85355],[-2.21426,53.85333],[-2.21505,53.85315],[-2.21546,53.85287],[-2.21536,53.85244],[-2.21504,53.85192],[-2.21483,53.85142],[-2.21503,53.85052],[-2.21533,53.85011],[-2.21629,53.84968],[-2.21656,53.8493],[-2.21574,53.84853],[-2.21556,53.84764],[-2.21512,53.84776],[-2.2146,53.84777],[-2.2145,53.84754],[-2.21509,53.84712],[-2.21581,53.84624],[-2.21638,53.84563],[-2.21722,53.84454],[-2.21731,53.84445],[-2.21742,53.84437],[-2.21747,53.84428],[-2.21777,53.84391],[-2.21825,53.84338],[-2.21772,53.84396],[-2.21732,53.84433],[-2.21732,53.84433]]],[[[-2.22403,53.84336],[-2.22273,53.84358],[-2.22275,53.84357],[-2.22386,53.84341],[-2.22403,53.84336]]],[[[-2.2237,53.84345],[-2.22364,53.84346],[-2.22367,53.84346],[-2.2237,53.84345]]],[[[-2.22051,53.84362],[-2.221,53.84362],[-2.22079,53.84361],[-2.22051,53.84362]]],[[[-2.22245,53.84361],[-2.22222,53.84362],[-2.22238,53.84362],[-2.22245,53.84361]]],[[[-2.2248,53.84316],[-2.22482,53.84315],[-2.22477,53.84317],[-2.2248,53.84316]]],[[[-2.22961,53.84174],[-2.22958,53.84174],[-2.22943,53.84178],[-2.22961,53.84174]]],[[[-2.23256,53.84104],[-2.23455,53.84057],[-2.23446,53.84059],[-2.23328,53.84083],[-2.23256,53.84104]]],[[[-2.24055,53.83915],[-2.24093,53.83909],[-2.24056,53.83911],[-2.23914,53.83938],[-2.23747,53.83983],[-2.23657,53.84009],[-2.24055,53.83915]]],[[[-2.25099,53.83912],[-2.251,53.83912],[-2.25099,53.83912],[-2.251,53.83912],[-2.251,53.83912],[-2.25099,53.83911],[-2.25099,53.83912],[-2.25092,53.83908],[-2.2508,53.83902],[-2.25069,53.8389],[-2.25068,53.83864],[-2.25063,53.83858],[-2.25056,53.83851],[-2.25067,53.83864],[-2.25068,53.8389],[-2.2508,53.83902],[-2.25099,53.83912],[-2.25099,53.83912]]],[[[-2.24267,53.83882],[-2.24539,53.8384],[-2.24347,53.83863],[-2.24267,53.83882]]],[[[-2.24935,53.83778],[-2.24935,53.83778],[-2.24904,53.83783],[-2.24935,53.83778]]]]}},{"type":"Feature","properties":{"source_code":"P81054","codes":["P81054"],"label":"MARTON MEDICAL PRACTICE"},"geometry":{"type":"Polygon","coordinates":[[[-3.04158,53.83561],[-3.03643,53.83673],[-3.03051,53.83718],[-3.02914,53.83551],[-3.02751,53.83404],[-3.02579,53.83344],[-3.02493,53.83187],[-3.02485,53.82908],[-3.02407,53.82781],[-3.0215,53.82655],[-3.01901,53.82447],[-3.01755,53.8232],[-3.01291,53.82584],[-3.01043,53.8268],[-3.00588,53.82791],[-3.00459,53.82584],[-3.00236,53.82472],[-2.9991,53.82396],[-2.99824,53.82335],[-2.99583,53.82416],[-2.98459,53.81971],[-2.9845,53.81565],[-2.98244,53.81398],[-2.98047,53.80881],[-2.97953,53.80683],[-2.97558,53.80501],[-2.97893,53.80496],[-2.98476,53.8045],[-2.98948,53.80349],[-2.99326,53.80207],[-2.99824,53.80298],[-3.00528,53.80273],[-3.01008,53.80217],[-3.01137,53.80278],[-3.01094,53.80045],[-3.00785,53.79964],[-3.00502,53.79812],[-3.00313,53.79741],[-2.99961,53.7969],[-2.99515,53.79644],[-3.00124,53.79705],[-3.00227,53.79421],[-3.0015,53.79213],[-3.00064,53.78995],[-3.00467,53.78869],[-3.00699,53.78752],[-3.00905,53.78574],[-3.01249,53.78463],[-3.01609,53.78326],[-3.02133,53.78311],[-3.02862,53.78138],[-3.05368,53.77697],[-3.05695,53.77859],[-3.05755,53.78027],[-3.0578,53.78204],[-3.0578,53.78412],[-3.05798,53.78701],[-3.05454,53.78813],[-3.05274,53.79137],[-3.04862,53.79153],[-3.05042,53.79893],[-3.04287,53.79948],[-3.04493,53.8042],[-3.04021,53.80445],[-3.04021,53.80618],[-3.03609,53.80871],[-3.04081,53.81119],[-3.04373,53.81337],[-3.04476,53.8151],[-3.04527,53.81839],[-3.04158,53.8189],[-3.03798,53.81864],[-3.03952,53.82584],[-3.04004,53.8272],[-3.03935,53.82852],[-3.0409,53.83222],[-3.04158,53.83561]]]}},{"type":"Feature","properties":{"source_code":"B83038","codes":["B83038"],"label":"LEYLANDS LANE MEDICAL PRACTICE"},"geometry":{"type":"Polygon","coordinates":[[[-1.78326,53.79322],[-1.83416,53.78909],[-1.83266,53.80536],[-1.84467,53.81573],[-1.82038,53.82804],[-1.82111,53.83364],[-1.8221,53.83893],[-1.77249,53.83835],[-1.77545,53.83516],[-1.76807,53.83422],[-1.73288,53.8428],[-1.72867,53.84189],[-1.72357,53.83766],[-1.73666,53.82379],[-1.72541,53.82343],[-1.72005,53.81639],[-1.73056,53.80825],[-1.74477,53.81097],[-1.75648,53.80944],[-1.77597,53.80367],[-1.78326,53.79322]]]}},{"type":"Feature","properties":{"source_code":"P81043","codes":["P81043"],"label":"SOUTH KING STREET MEDICAL CENTRE"},"geometry":{"type":"Polygon","coordinates":[[[-3.0009,53.82931],[-3.00485,53.82366],[-3.00682,53.82229],[-3.01081,53.82384],[-3.01776,53.8231],[-3.01764,53.82118],[-3.01798,53.82011],[-3.0163,53.81768],[-3.01721,53.81578],[-3.01815,53.81365],[-3.01884,53.81216],[-3.02,53.81099],[-3.01021,53.8081],[-3.00768,53.8058],[-2.99944,53.80466],[-2.99858,53.80364],[-2.99781,53.80275],[-2.99613,53.80265],[-2.99395,53.80187],[-2.99171,53.80113],[-2.98884,53.79936],[-2.98674,53.79736],[-2.98609,53.79578],[-2.98759,53.79654],[-2.99004,53.79606],[-2.99262,53.79634],[-2.99571,53.7966],[-2.99704,53.7968],[-2.99995,53.797],[-3.00184,53.7972],[-3.0054,53.79832],[-3.00772,53.79959],[-3.01038,53.80037],[-3.01274,53.80065],[-3.01583,53.79898],[-3.01532,53.79513],[-3.01751,53.79424],[-3.01588,53.79163],[-3.01197,53.78476],[-3.01334,53.7841],[-3.01781,53.78316],[-3.02214,53.78311],[-3.0309,53.78103],[-3.03909,53.77966],[-3.04506,53.77842],[-3.05029,53.77761],[-3.05386,53.77692],[-3.05695,53.77842],[-3.05793,53.78166],[-3.05806,53.78453],[-3.05755,53.79135],[-3.05643,53.79393],[-3.05587,53.79824],[-3.05523,53.80478],[-3.05536,53.81185],[-3.05553,53.81441],[-3.05587,53.81634],[-3.05579,53.81806],[-3.05596,53.8189],[-3.05532,53.81999],[-3.05506,53.82095],[-3.05544,53.82265],[-3.05544,53.82419],[-3.05536,53.82619],[-3.05549,53.82794],[-3.05549,53.82888],[-3.05579,53.83143],[-3.05587,53.83227],[-3.05476,53.83323],[-3.05463,53.83518],[-3.05459,53.84073],[-3.05416,53.84212],[-3.05351,53.84521],[-3.05356,53.84698],[-3.05317,53.84989],[-3.05188,53.85308],[-3.05085,53.85556],[-3.04961,53.85789],[-3.04853,53.86227],[-3.04768,53.8644],[-3.04746,53.86599],[-3.0466,53.86614],[-3.04188,53.86637],[-3.03884,53.86617],[-3.03506,53.86587],[-3.02957,53.86511],[-3.02163,53.86214],[-3.01905,53.85799],[-3.01927,53.85501],[-3.02111,53.85379],[-3.0221,53.85253],[-3.02094,53.8505],[-3.01407,53.84248],[-3.00558,53.83954],[-3.0009,53.82931]]]}},{"type":"Feature","properties":{"source_code":"P81042","codes":["P81042"],"label":"ADELAIDE STREET SURGERY"},"geometry":{"type":"MultiPolygon","coordinates":[[[[-2.991,53.78408],[-2.99086,53.78487],[-2.98848,53.78655],[-2.99097,53.78487],[-2.991,53.78408],[-2.99117,53.78315],[-2.99431,53.78531],[-3.00082,53.79038],[-3.00205,53.79413],[-3.01715,53.79305],[-3.01776,53.79432],[-3.02557,53.79753],[-3.02895,53.79984],[-3.02726,53.80079],[-3.02772,53.80264],[-3.0268,53.80382],[-3.0244,53.80416],[-3.02402,53.80765],[-3.01988,53.81086],[-3.00593,53.80769],[-3.00478,53.81055],[-2.99497,53.81131],[-2.98837,53.80374],[-2.99312,53.80175],[-2.98821,53.79904],[-2.98469,53.79311],[-2.97925,53.78826],[-2.99105,53.78292],[-2.991,53.78408]]],[[[-3.02536,53.83257],[-3.0251,53.83085],[-3.02493,53.82918],[-3.0245,53.82812],[-3.02253,53.82726],[-3.0209,53.82604],[-3.0197,53.82482],[-3.01815,53.82371],[-3.01729,53.82254],[-3.01746,53.82123],[-3.01806,53.82021],[-3.01738,53.8192],[-3.01661,53.81793],[-3.01669,53.81641],[-3.01738,53.8151],[-3.01832,53.81332],[-3.01952,53.81155],[-3.02167,53.80998],[-3.02339,53.80876],[-3.0245,53.8078],[-3.02467,53.80643],[-3.02467,53.80506],[-3.02467,53.8045],[-3.02665,53.80415],[-3.02896,53.80633],[-3.03042,53.80714],[-3.03163,53.80841],[-3.03214,53.80967],[-3.03403,53.80937],[-3.03592,53.80886],[-3.03729,53.808],[-3.03858,53.80714],[-3.03944,53.80658],[-3.04029,53.80572],[-3.04055,53.80521],[-3.04055,53.80466],[-3.04193,53.80435],[-3.04476,53.8041],[-3.04914,53.80379],[-3.0518,53.80359],[-3.05549,53.80344],[-3.05557,53.81104],[-3.05592,53.81692],[-3.056,53.81885],[-3.05514,53.82113],[-3.05557,53.82406],[-3.0554,53.8267],[-3.05557,53.82953],[-3.05566,53.83085],[-3.04708,53.83085],[-3.04218,53.83202],[-3.03678,53.83288],[-3.03429,53.83369],[-3.03317,53.83465],[-3.03274,53.83566],[-3.03334,53.83703],[-3.03077,53.83723],[-3.02965,53.83577],[-3.02862,53.8349],[-3.02768,53.83445],[-3.02596,53.83369],[-3.02536,53.83257]]]]}},{"type":"Feature","properties":{"source_code":"B83037","codes":["B83037"],"label":"THE WILSDEN MEDICAL PRACTICE"},"geometry":{"type":"Polygon","coordinates":[[[-1.85094,53.84535],[-1.85266,53.84226],[-1.85431,53.84001],[-1.86022,53.83406],[-1.8579,53.8331],[-1.85035,53.83057],[-1.84469,53.82854],[-1.83902,53.8258],[-1.82915,53.82246],[-1.82743,53.8218],[-1.82923,53.8148],[-1.83099,53.81407],[-1.83296,53.81379],[-1.83296,53.81313],[-1.83365,53.8125],[-1.83476,53.81153],[-1.83562,53.81052],[-1.83575,53.8092],[-1.8352,53.80831],[-1.83408,53.80692],[-1.83305,53.80578],[-1.83352,53.80543],[-1.8358,53.8057],[-1.83829,53.80591],[-1.84052,53.80578],[-1.84206,53.80578],[-1.84386,53.80636],[-1.84519,53.80659],[-1.84678,53.80679],[-1.84829,53.8066],[-1.85224,53.80624],[-1.8561,53.80548],[-1.85859,53.80305],[-1.86125,53.80219],[-1.86194,53.80023],[-1.86327,53.79868],[-1.86545,53.79762],[-1.86747,53.79744],[-1.8694,53.79726],[-1.87197,53.79797],[-1.87463,53.79914],[-1.87721,53.80051],[-1.87936,53.80381],[-1.88451,53.80361],[-1.88876,53.80383],[-1.8909,53.8056],[-1.89442,53.80637],[-1.89508,53.80641],[-1.90021,53.80667],[-1.90781,53.80616],[-1.91008,53.80634],[-1.91386,53.80786],[-1.90632,53.81387],[-1.90941,53.81528],[-1.91353,53.8163],[-1.91902,53.81822],[-1.92503,53.82552],[-1.92489,53.82701],[-1.92214,53.83076],[-1.92102,53.83076],[-1.9036,53.83279],[-1.90244,53.84323],[-1.90141,53.84419],[-1.8936,53.84947],[-1.88871,53.85185],[-1.88184,53.85319],[-1.87952,53.85436],[-1.87257,53.85497],[-1.86211,53.85499],[-1.85806,53.85438],[-1.85086,53.85137],[-1.85094,53.84535]]]}},{"type":"Feature","properties":{"source_code":"B83627","codes":["B83627"],"label":"FRIZINGHALL MEDICAL CENTRE"},"geometry":{"type":"Polygon","coordinates":[[[-1.77155,53.85253],[-1.76468,53.85415],[-1.71799,53.81971],[-1.74408,53.79173],[-1.81274,53.81363],[-1.77155,53.85253]]]}},{"type":"Feature","properties":{"source_code":"P81017","codes":["P81017"],"label":"WHALLEY MEDICAL CENTRE"},"geometry":{"type":"Polygon","coordinates":[[[-2.39571,53.84726],[-2.32738,53.83632],[-2.34043,53.80531],[-2.39382,53.81069],[-2.4624,53.79513],[-2.49154,53.80215],[-2.49615,53.8395],[-2.44799,53.85513],[-2.39571,53.84726]]]}},{"type":"Feature","properties":{"source_code":"Y01118","codes":["Y01118"],"label":"ECCLESHILL VILLAGE SURGERY"},"geometry":{"type":"Polygon","coordinates":[[[-1.71181,53.83166],[-1.71043,53.83024],[-1.70863,53.82918],[-1.70683,53.82751],[-1.69945,53.82579],[-1.69876,53.82356],[-1.6991,53.82315],[-1.69979,53.82052],[-1.70185,53.81829],[-1.70631,53.81667],[-1.70734,53.81525],[-1.72417,53.81281],[-1.72554,53.81099],[-1.73103,53.80815],[-1.73584,53.80917],[-1.73824,53.81119],[-1.74202,53.81119],[-1.74957,53.80957],[-1.75747,53.80937],[-1.75953,53.8118],[-1.76193,53.81322],[-1.76502,53.81707],[-1.76811,53.8195],[-1.76983,53.82194],[-1.77155,53.82416],[-1.77567,53.82802],[-1.77635,53.83065],[-1.7767,53.83247],[-1.77635,53.83592],[-1.77258,53.83551],[-1.7688,53.8349],[-1.76434,53.83632],[-1.75919,53.83693],[-1.75163,53.83875],[-1.74168,53.8422],[-1.73618,53.84301],[-1.73344,53.8428],[-1.7276,53.84058],[-1.72554,53.83875],[-1.72245,53.83693],[-1.71799,53.8343],[-1.71181,53.83166]]]}},{"type":"Feature","properties":{"source_code":"B83064","codes":["B83064"],"label":"THE ROCKWELL AND WROSE PRACTICE"},"geometry":{"type":"Polygon","coordinates":[[[-1.70549,53.83723],[-1.70775,53.82823],[-1.7064,53.82442],[-1.70726,53.823],[-1.70897,53.82204],[-1.70743,53.82021],[-1.70846,53.81966],[-1.70812,53.81814],[-1.71,53.81773],[-1.71267,53.81707],[-1.7155,53.81672],[-1.71612,53.81678],[-1.71816,53.81565],[-1.72039,53.81403],[-1.72194,53.8117],[-1.72314,53.80947],[-1.72966,53.80825],[-1.74065,53.80866],[-1.74683,53.80866],[-1.75283,53.80937],[-1.75336,53.81106],[-1.75404,53.81069],[-1.7561,53.81332],[-1.75404,53.82163],[-1.75352,53.82305],[-1.75592,53.82285],[-1.75798,53.82376],[-1.7609,53.82346],[-1.76262,53.8271],[-1.76313,53.82558],[-1.76537,53.82822],[-1.76571,53.82964],[-1.76588,53.83075],[-1.76245,53.83085],[-1.76262,53.8272],[-1.76193,53.83075],[-1.75764,53.83156],[-1.75638,53.83156],[-1.75498,53.83273],[-1.75309,53.83379],[-1.74829,53.8345],[-1.74236,53.83571],[-1.74237,53.83566],[-1.73944,53.83652],[-1.74356,53.83673],[-1.74889,53.83541],[-1.74717,53.83977],[-1.74631,53.8427],[-1.74236,53.84635],[-1.73464,53.84615],[-1.70511,53.83744],[-1.70549,53.83723]],[[-1.70681,53.83651],[-1.70912,53.83525],[-1.70736,53.83597],[-1.70681,53.83651]],[[-1.70803,53.8271],[-1.70843,53.82655],[-1.70726,53.82644],[-1.70776,53.82817],[-1.70803,53.8271]],[[-1.72607,53.81754],[-1.72781,53.8166],[-1.72623,53.81738],[-1.72607,53.81754]],[[-1.74841,53.81377],[-1.75127,53.8122],[-1.75057,53.81223],[-1.74841,53.81377]],[[-1.73514,53.81299],[-1.74897,53.81229],[-1.7355,53.81281],[-1.73514,53.81299]]]}},{"type":"Feature","properties":{"source_code":"P81172","codes":["P81172"],"label":"NEWTON DRIVE HEALTH CENTRE"},"geometry":{"type":"Polygon","coordinates":[[[-2.99103,53.84756],[-2.99189,53.84341],[-2.97695,53.82933],[-2.97554,53.80504],[-2.98172,53.80483],[-2.98785,53.80387],[-2.99339,53.80182],[-2.99768,53.80291],[-3.01025,53.80232],[-3.01875,53.80435],[-3.02944,53.80382],[-3.03261,53.80554],[-3.03622,53.80853],[-3.04137,53.8114],[-3.04437,53.81396],[-3.04544,53.81811],[-3.05124,53.81781],[-3.0521,53.81877],[-3.05626,53.8189],[-3.05343,53.84974],[-3.04098,53.85192],[-3.0348,53.85278],[-3.03463,53.85146],[-3.02047,53.85399],[-3.00476,53.85425],[-2.99103,53.84756]]]}},{"type":"Feature","properties":{"source_code":"P81070","codes":["P81070"],"label":"PENDLE VIEW MEDICAL CENTRE"},"geometry":{"type":"Polygon","coordinates":[[[-2.26164,53.8668],[-2.22488,53.86437],[-2.22377,53.865],[-2.21003,53.85539],[-2.21912,53.84744],[-2.21782,53.83039],[-2.21862,53.82656],[-2.2208,53.82314],[-2.23529,53.81251],[-2.23525,53.8121],[-2.29794,53.82275],[-2.26713,53.84031],[-2.29923,53.82214],[-2.30181,53.83042],[-2.29185,53.83141],[-2.28387,53.83708],[-2.28473,53.8442],[-2.29666,53.85134],[-2.29112,53.85987],[-2.28142,53.86174],[-2.26164,53.8668]]]}},{"type":"Feature","properties":{"source_code":"P81107","codes":["P81107"],"label":"STONEBRIDGE SURGERY"},"geometry":{"type":"Polygon","coordinates":[[[-2.52498,53.91429],[-2.52411,53.91607],[-2.52823,53.91121],[-2.52498,53.91429],[-2.52926,53.90555],[-2.53166,53.89766],[-2.53269,53.89382],[-2.5351,53.88937],[-2.54262,53.88756],[-2.54298,53.88675],[-2.54292,53.88674],[-2.4944,53.8836],[-2.49149,53.8837],[-2.49072,53.88336],[-2.48669,53.8831],[-2.48408,53.8799],[-2.4836,53.88006],[-2.4781,53.87824],[-2.47467,53.87682],[-2.46952,53.8748],[-2.48055,53.87558],[-2.47447,53.86814],[-2.46849,53.87439],[-2.46712,53.87136],[-2.46059,53.86832],[-2.463,53.86488],[-2.45682,53.86306],[-2.45716,53.85961],[-2.46094,53.85718],[-2.45682,53.85597],[-2.44892,53.85435],[-2.44926,53.85172],[-2.45132,53.84827],[-2.45029,53.84564],[-2.44274,53.84463],[-2.44205,53.84179],[-2.4424,53.83734],[-2.44068,53.83349],[-2.44342,53.83007],[-2.44274,53.82923],[-2.47788,53.82551],[-2.47879,53.82437],[-2.48428,53.82335],[-2.49081,53.82072],[-2.49424,53.81829],[-2.49802,53.82295],[-2.50557,53.82092],[-2.51656,53.81302],[-2.52136,53.80937],[-2.52892,53.81119],[-2.52459,53.81573],[-2.55089,53.80775],[-2.57389,53.7899],[-2.59945,53.79091],[-2.5991,53.78428],[-2.59861,53.7822],[-2.599,53.78226],[-2.59898,53.782],[-2.59895,53.78199],[-2.59898,53.78198],[-2.59895,53.78138],[-2.59927,53.78187],[-2.60994,53.77783],[-2.63037,53.78321],[-2.63586,53.78128],[-2.62161,53.77225],[-2.63432,53.76596],[-2.64204,53.77327],[-2.65011,53.7827],[-2.66521,53.79203],[-2.68753,53.79862],[-2.69938,53.80815],[-2.71311,53.81717],[-2.70938,53.81602],[-2.71465,53.82335],[-2.71183,53.82623],[-2.71637,53.82173],[-2.6655,53.87663],[-2.71654,53.82406],[-2.72306,53.84058],[-2.73903,53.86032],[-2.72615,53.86366],[-2.71439,53.86832],[-2.6878,53.88616],[-2.68703,53.88472],[-2.68576,53.88753],[-2.6878,53.88616],[-2.68822,53.88694],[-2.68542,53.88828],[-2.6847,53.88987],[-2.68616,53.88997],[-2.68265,53.8926],[-2.6751,53.89996],[-2.67483,53.90029],[-2.67427,53.90077],[-2.67174,53.90323],[-2.66745,53.91566],[-2.65894,53.91851],[-2.65354,53.92132],[-2.64736,53.92375],[-2.63981,53.92739],[-2.63326,53.9271],[-2.63208,53.92749],[-2.63025,53.9268],[-2.62539,53.92537],[-2.62529,53.92494],[-2.6213,53.92345],[-2.61945,53.92394],[-2.5968,53.94717],[-2.59706,53.9472],[-2.59669,53.94728],[-2.59638,53.9476],[-2.59662,53.9473],[-2.56102,53.95518],[-2.55653,53.95389],[-2.55363,53.95346],[-2.55179,53.95252],[-2.54454,53.95043],[-2.54292,53.94984],[-2.53716,53.94881],[-2.52789,53.94477],[-2.5271,53.94406],[-2.526,53.94366],[-2.51982,53.9381],[-2.52164,53.93831],[-2.52239,53.93669],[-2.52175,53.93402],[-2.52171,53.93406],[-2.52174,53.93399],[-2.52171,53.93386],[-2.52136,53.92982],[-2.52136,53.92678],[-2.52308,53.92335],[-2.52033,53.9187],[-2.52498,53.91429]],[[-2.59552,53.94702],[-2.59673,53.94716],[-2.60312,53.93917],[-2.6017,53.94073],[-2.59791,53.94296],[-2.59552,53.94702]],[[-2.65352,53.88392],[-2.6545,53.88296],[-2.61097,53.82883],[-2.62196,53.82654],[-2.65972,53.82457],[-2.66006,53.83207],[-2.65972,53.82437],[-2.64547,53.82396],[-2.62848,53.82518],[-2.62196,53.82654],[-2.60957,53.82718],[-2.60906,53.8275],[-2.60925,53.82822],[-2.5652,53.88155],[-2.56766,53.88172],[-2.60513,53.8343],[-2.59964,53.86103],[-2.60994,53.82943],[-2.65352,53.88392],[-2.65251,53.88492],[-2.65018,53.88748],[-2.65466,53.88779],[-2.65573,53.88668],[-2.65352,53.88392]],[[-2.69749,53.8754],[-2.70975,53.87015],[-2.69595,53.87562],[-2.69749,53.8754]],[[-2.60069,53.78253],[-2.59944,53.78214],[-2.59958,53.78235],[-2.60069,53.78253]]]}},{"type":"Feature","properties":{"source_code":"P81066","codes":["P81066"],"label":"LAYTON MEDICAL CENTRE"},"geometry":{"type":"Polygon","coordinates":[[[-3.04708,53.86614],[-3.04587,53.86607],[-3.0445,53.86617],[-3.04244,53.8664],[-3.04068,53.86619],[-3.03746,53.86617],[-3.0348,53.86581],[-3.0312,53.86546],[-3.02781,53.86463],[-3.02356,53.86311],[-3.02145,53.86202],[-3.02128,53.86149],[-3.01806,53.86222],[-3.01283,53.86359],[-3.0094,53.86409],[-3.00755,53.86422],[-3.00416,53.86366],[-2.99815,53.86222],[-2.99489,53.86118],[-2.99086,53.85921],[-2.98631,53.85741],[-2.98275,53.85703],[-2.98154,53.85731],[-2.98137,53.85473],[-2.98086,53.85149],[-2.98064,53.8485],[-2.98051,53.84612],[-2.98021,53.84129],[-2.98,53.83777],[-2.97983,53.83554],[-2.97974,53.83128],[-2.97897,53.82287],[-2.97845,53.82075],[-2.97867,53.81983],[-2.97802,53.81271],[-2.9782,53.81104],[-3.00841,53.81074],[-3.0197,53.81152],[-3.02424,53.80818],[-3.02609,53.80919],[-3.02892,53.81208],[-3.03094,53.8151],[-3.03304,53.81831],[-3.03339,53.81912],[-3.03339,53.82082],[-3.03351,53.82358],[-3.03274,53.82518],[-3.03253,53.82639],[-3.0318,53.82743],[-3.03733,53.82632],[-3.03961,53.82568],[-3.03987,53.82698],[-3.03944,53.82824],[-3.04141,53.83404],[-3.04184,53.83592],[-3.04656,53.83485],[-3.05059,53.83425],[-3.05471,53.83273],[-3.0542,53.8427],[-3.05291,53.84777],[-3.05308,53.8505],[-3.05102,53.8544],[-3.04999,53.85693],[-3.04708,53.86614]]]}},{"type":"Feature","properties":{"source_code":"P81063","codes":["P81063"],"label":"ST PAULS MEDICAL CENTRE"},"geometry":{"type":"Polygon","coordinates":[[[-3.04862,53.87186],[-3.04167,53.87184],[-3.03313,53.87045],[-3.0263,53.86986],[-3.01849,53.86948],[-3.01824,53.8691],[-3.02021,53.86526],[-3.02111,53.86445],[-3.02167,53.86308],[-3.02098,53.86149],[-3.01875,53.85837],[-3.01862,53.85518],[-3.02188,53.8526],[-3.02047,53.85027],[-3.01399,53.84255],[-3.01643,53.84129],[-3.01721,53.84042],[-3.01733,53.83949],[-3.01609,53.83637],[-3.01682,53.83478],[-3.02536,53.83331],[-3.02699,53.83311],[-3.03012,53.83207],[-3.02999,53.82986],[-3.02987,53.82857],[-3.03167,53.82708],[-3.03639,53.82644],[-3.03957,53.82556],[-3.04287,53.82457],[-3.04497,53.82409],[-3.04635,53.8233],[-3.04841,53.82107],[-3.05407,53.81897],[-3.05665,53.81852],[-3.05583,53.82371],[-3.05609,53.83227],[-3.05527,53.83321],[-3.05519,53.84141],[-3.05416,53.84673],[-3.05368,53.85055],[-3.04832,53.86541],[-3.04905,53.86662],[-3.04802,53.87029],[-3.04862,53.87186]]]}},{"type":"Feature","properties":{"source_code":"P81055","codes":["P81055"],"label":"BERRY LANE MEDICAL CENTRE"},"geometry":{"type":"Polygon","coordinates":[[[-2.72461,53.81018],[-2.73628,53.82518],[-2.73972,53.83794],[-2.74761,53.8507],[-2.71912,53.85293],[-2.71088,53.85799],[-2.69405,53.86204],[-2.67826,53.8667],[-2.65732,53.87743],[-2.63947,53.88674],[-2.62642,53.892],[-2.59346,53.89544],[-2.55089,53.89544],[-2.53716,53.89362],[-2.53819,53.89038],[-2.54368,53.88775],[-2.54333,53.88411],[-2.53372,53.88168],[-2.51518,53.88229],[-2.49767,53.8835],[-2.48566,53.87601],[-2.47192,53.87237],[-2.46403,53.86468],[-2.46059,53.85556],[-2.45373,53.84605],[-2.44411,53.82984],[-2.46094,53.83551],[-2.47776,53.83207],[-2.4757,53.8343],[-2.49012,53.82214],[-2.49905,53.82376],[-2.51702,53.81756],[-2.51812,53.81739],[-2.53441,53.81565],[-2.54986,53.82558],[-2.5629,53.83065],[-2.56645,53.82917],[-2.57561,53.83308],[-2.56874,53.82822],[-2.56645,53.82917],[-2.53338,53.81504],[-2.51812,53.81739],[-2.51724,53.81748],[-2.51702,53.81756],[-2.51621,53.81768],[-2.51999,53.81099],[-2.53235,53.81261],[-2.53407,53.80511],[-2.55501,53.81018],[-2.56462,53.79943],[-2.57973,53.80248],[-2.57595,53.7897],[-2.59621,53.79741],[-2.60136,53.78138],[-2.635,53.78341],[-2.72461,53.81018]]]}},{"type":"Feature","properties":{"source_code":"B83033","codes":["B83033"],"label":"MODALITY PARTNERSHIP (AWC)"},"geometry":{"type":"Polygon","coordinates":[[[-1.87008,53.87621],[-1.87042,53.87459],[-1.8718,53.87136],[-1.8742,53.86812],[-1.88673,53.85658],[-1.90029,53.84341],[-1.90939,53.83318],[-1.92123,53.82629],[-1.93308,53.80846],[-1.94801,53.80303],[-1.95677,53.80592],[-1.98835,53.82964],[-2.00003,53.85759],[-1.97205,53.87186],[-1.94098,53.89544],[-1.91832,53.90484],[-1.86647,53.88957],[-1.87008,53.87621]]]}},{"type":"Feature","properties":{"source_code":"B83063","codes":["B83063"],"label":"SHIPLEY MEDICAL PRACTICE-AFFINITY CARE"},"geometry":{"type":"Polygon","coordinates":[[[-1.81858,53.84766],[-1.81714,53.85261],[-1.80643,53.85635],[-1.78124,53.86017],[-1.73481,53.86063],[-1.73068,53.8563],[-1.72861,53.84925],[-1.72929,53.84285],[-1.73271,53.83726],[-1.73579,53.83511],[-1.73523,53.83227],[-1.73586,53.82932],[-1.73679,53.82341],[-1.74314,53.82138],[-1.75329,53.81425],[-1.75691,53.8094],[-1.76829,53.80557],[-1.7882,53.81421],[-1.80794,53.81514],[-1.82,53.81603],[-1.82244,53.82138],[-1.82837,53.83044],[-1.8221,53.84052],[-1.81858,53.84766]]]}},{"type":"Feature","properties":{"source_code":"B83039","codes":["B83039"],"label":"THE SALTAIRE & WINDHILL MEDICAL P'SHIP"},"geometry":{"type":"Polygon","coordinates":[[[-1.77232,53.86699],[-1.76415,53.86687],[-1.74324,53.86435],[-1.74295,53.86333],[-1.74432,53.86322],[-1.74385,53.8612],[-1.73808,53.85881],[-1.74094,53.85619],[-1.74181,53.85525],[-1.7392,53.85478],[-1.73736,53.85371],[-1.73158,53.85379],[-1.72931,53.85377],[-1.72623,53.85356],[-1.72244,53.85222],[-1.72072,53.85082],[-1.71952,53.84707],[-1.71826,53.84612],[-1.71782,53.84481],[-1.71851,53.84151],[-1.7165,53.83922],[-1.71441,53.83795],[-1.71257,53.83642],[-1.70969,53.83578],[-1.70708,53.83505],[-1.70783,53.83431],[-1.70956,53.8328],[-1.71034,53.83218],[-1.71136,53.83191],[-1.71659,53.83299],[-1.71935,53.8346],[-1.7208,53.8343],[-1.72227,53.83413],[-1.72542,53.83412],[-1.72769,53.83434],[-1.72911,53.83464],[-1.73059,53.83416],[-1.73039,53.83301],[-1.73059,53.8321],[-1.73199,53.83042],[-1.73254,53.82875],[-1.73219,53.82756],[-1.73357,53.82611],[-1.73515,53.82471],[-1.73658,53.82351],[-1.74439,53.82082],[-1.74964,53.81723],[-1.75695,53.82228],[-1.76731,53.81918],[-1.76928,53.82342],[-1.77568,53.82125],[-1.77467,53.82],[-1.77675,53.81944],[-1.78,53.82183],[-1.78051,53.82305],[-1.78273,53.82209],[-1.78508,53.82199],[-1.78613,53.82176],[-1.78817,53.82176],[-1.79361,53.81936],[-1.79413,53.82081],[-1.79363,53.8212],[-1.79382,53.82139],[-1.79442,53.82123],[-1.79442,53.82585],[-1.80013,53.82688],[-1.80545,53.82482],[-1.80791,53.82494],[-1.81381,53.82983],[-1.81148,53.83318],[-1.81572,53.84048],[-1.80913,53.84182],[-1.80272,53.84134],[-1.80223,53.84362],[-1.80232,53.84451],[-1.80344,53.84534],[-1.80637,53.84705],[-1.80699,53.85062],[-1.80612,53.85286],[-1.80483,53.85509],[-1.8049,53.85599],[-1.80564,53.85703],[-1.80292,53.85783],[-1.80211,53.85838],[-1.80108,53.85937],[-1.80122,53.86041],[-1.80195,53.86104],[-1.7994,53.86662],[-1.77232,53.86699]]]}},{"type":"Feature","properties":{"source_code":"B83018","codes":["B83018"],"label":"IDLE MEDICAL CENTRE"},"geometry":{"type":"MultiPolygon","coordinates":[[[[-1.77114,53.83453],[-1.7712,53.8345],[-1.77152,53.83458],[-1.77114,53.83453]]],[[[-1.77152,53.83458],[-1.77442,53.83493],[-1.77288,53.8349],[-1.77152,53.83458]]],[[[-1.74472,53.81119],[-1.7458,53.81028],[-1.75678,53.80962],[-1.76185,53.81472],[-1.76202,53.81499],[-1.76279,53.8157],[-1.76365,53.81654],[-1.76326,53.81727],[-1.76228,53.81776],[-1.76202,53.81869],[-1.76331,53.81945],[-1.76356,53.82034],[-1.76052,53.82277],[-1.76064,53.82348],[-1.7615,53.825],[-1.76245,53.8251],[-1.76326,53.82576],[-1.76245,53.82657],[-1.76228,53.82753],[-1.76485,53.82842],[-1.76567,53.82923],[-1.76502,53.83085],[-1.76515,53.83176],[-1.76811,53.8342],[-1.76961,53.83412],[-1.7709,53.8345],[-1.77114,53.83453],[-1.76919,53.83539],[-1.76369,53.83759],[-1.76159,53.8385],[-1.75863,53.83964],[-1.75665,53.84058],[-1.75386,53.84151],[-1.75249,53.84217],[-1.75047,53.84283],[-1.74923,53.84354],[-1.74653,53.84478],[-1.74468,53.84554],[-1.74249,53.84612],[-1.7403,53.84643],[-1.73786,53.84645],[-1.7352,53.8463],[-1.72884,53.84524],[-1.71769,53.84387],[-1.71284,53.84324],[-1.70623,53.84197],[-1.70382,53.84237],[-1.70357,53.84156],[-1.70327,53.84015],[-1.70554,53.8365],[-1.70932,53.83275],[-1.71043,53.83209],[-1.71206,53.83164],[-1.71528,53.8271],[-1.71528,53.82647],[-1.7149,53.82249],[-1.71794,53.81763],[-1.71953,53.81644],[-1.72743,53.81738],[-1.73005,53.8175],[-1.73236,53.81694],[-1.73537,53.81601],[-1.74472,53.81119]]]]}},{"type":"Feature","properties":{"source_code":"P81032","codes":["P81032"],"label":"REEDYFORD HLTH CARE GROUP"},"geometry":{"type":"Polygon","coordinates":[[[-2.22336,53.87346],[-2.20078,53.86326],[-2.19091,53.86118],[-2.18194,53.85539],[-2.181,53.85341],[-2.16928,53.85273],[-2.16941,53.84741],[-2.1783,53.83042],[-2.17521,53.82265],[-2.17954,53.81403],[-2.18963,53.81281],[-2.19632,53.81325],[-2.22173,53.81836],[-2.2222,53.81715],[-2.24555,53.81613],[-2.25181,53.81702],[-2.25786,53.81955],[-2.26014,53.82105],[-2.26533,53.83004],[-2.27022,53.82867],[-2.28099,53.82766],[-2.28709,53.83336],[-2.29138,53.84346],[-2.28254,53.86161],[-2.27181,53.86693],[-2.26503,53.86878],[-2.26314,53.86784],[-2.22336,53.87346]]]}},{"type":"Feature","properties":{"source_code":"P81123","codes":["P81123"],"label":"PWE PENDLE VALLEY MILL"},"geometry":{"type":"MultiPolygon","coordinates":[[[[-2.31005,53.7686],[-2.32841,53.73115],[-2.40858,53.73389],[-2.42266,53.74587],[-2.41871,53.75099],[-2.3903,53.76317],[-2.39983,53.78012],[-2.38403,53.78595],[-2.33459,53.79548],[-2.30593,53.78311],[-2.31005,53.7686]]],[[[-2.15118,53.82777],[-2.20053,53.80704],[-2.22276,53.80663],[-2.22276,53.80815],[-2.23083,53.81221],[-2.23486,53.81205],[-2.30713,53.81879],[-2.31262,53.82832],[-2.26902,53.84048],[-2.22748,53.85668],[-2.22353,53.87298],[-2.16602,53.88117],[-2.11315,53.86397],[-2.09633,53.84686],[-2.15118,53.82777]]]]}},{"type":"Feature","properties":{"source_code":"P81736","codes":["P81736"],"label":"WHITEFIELD HEALTHCARE"},"geometry":{"type":"Polygon","coordinates":[[[-2.14714,53.89948],[-2.04346,53.88208],[-2.13628,53.84416],[-2.13547,53.84321],[-2.20139,53.8116],[-2.1904,53.78848],[-2.25082,53.78848],[-2.31812,53.80187],[-2.28996,53.82538],[-2.40669,53.82254],[-2.25769,53.83713],[-2.22198,53.85374],[-2.21718,53.87156],[-2.19521,53.91283],[-2.17869,53.8936],[-2.19383,53.91324],[-2.14714,53.89948]]]}},{"type":"Feature","properties":{"source_code":"P81170","codes":["P81170"],"label":"NELSON MEDICAL PRACTICE"},"geometry":{"type":"Polygon","coordinates":[[[-2.30232,53.84321],[-2.25906,53.87723],[-2.20001,53.87844],[-2.14096,53.86933],[-2.108,53.84645],[-2.15744,53.81687],[-2.20139,53.78321],[-2.2546,53.7899],[-2.26936,53.80146],[-2.30232,53.84321]]]}},{"type":"Feature","properties":{"source_code":"P81731","codes":["P81731"],"label":"DR JEHANGIR (SH)"},"geometry":{"type":"Polygon","coordinates":[[[-2.27299,53.83133],[-2.22872,53.85908],[-2.17243,53.8605],[-2.19165,53.84693],[-2.22872,53.82059],[-2.27299,53.83133]]]}},{"type":"Feature","properties":{"source_code":"B83014","codes":["B83014"],"label":"BINGLEY MEDICAL PRACTICE"},"geometry":{"type":"MultiPolygon","coordinates":[[[[-1.87984,53.84222],[-1.87768,53.83842],[-1.87935,53.83872],[-1.88083,53.83935],[-1.88107,53.84111],[-1.87984,53.84222]]],[[[-1.88931,53.89058],[-1.87935,53.88836],[-1.87398,53.88724],[-1.87096,53.88616],[-1.86945,53.88559],[-1.86825,53.88519],[-1.86747,53.88624],[-1.86699,53.88711],[-1.86682,53.88788],[-1.86531,53.88772],[-1.8666,53.88795],[-1.86572,53.88807],[-1.86469,53.88796],[-1.86491,53.88768],[-1.85429,53.88654],[-1.84467,53.8837],[-1.83197,53.88168],[-1.81309,53.87925],[-1.79764,53.87439],[-1.80038,53.86589],[-1.79601,53.86203],[-1.79615,53.85931],[-1.79835,53.85745],[-1.80226,53.85647],[-1.80476,53.8548],[-1.80526,53.85337],[-1.80548,53.85254],[-1.80532,53.85132],[-1.80663,53.84407],[-1.81288,53.84121],[-1.81316,53.83825],[-1.81277,53.83547],[-1.81524,53.83192],[-1.81693,53.82874],[-1.82195,53.82517],[-1.83256,53.82734],[-1.83176,53.82713],[-1.83779,53.82751],[-1.83916,53.82831],[-1.83989,53.82908],[-1.83884,53.82861],[-1.83837,53.82852],[-1.83884,53.82862],[-1.84742,53.83268],[-1.86115,53.8349],[-1.87042,53.8343],[-1.87763,53.83835],[-1.88141,53.84503],[-1.87729,53.84929],[-1.88175,53.85334],[-1.87077,53.85982],[-1.86761,53.86354],[-1.8648,53.86784],[-1.87798,53.87358],[-1.87795,53.87367],[-1.87916,53.87495],[-1.88094,53.87621],[-1.88083,53.87637],[-1.88049,53.87632],[-1.88119,53.87644],[-1.88141,53.87711],[-1.88289,53.87759],[-1.88435,53.87792],[-1.88567,53.8784],[-1.88587,53.87844],[-1.89514,53.88067],[-1.90647,53.88633],[-1.9124,53.8889],[-1.90978,53.88771],[-1.91096,53.88822],[-1.91154,53.88844],[-1.91211,53.88863],[-1.91269,53.88884],[-1.91325,53.88914],[-1.91375,53.88949],[-1.91814,53.89139],[-1.92226,53.89483],[-1.90407,53.89503],[-1.89548,53.8922],[-1.88931,53.89058]]],[[[-1.87848,53.8771],[-1.88006,53.87626],[-1.88001,53.87625],[-1.87847,53.8771],[-1.87848,53.8771]]],[[[-1.8773,53.87688],[-1.87695,53.87681],[-1.87695,53.87682],[-1.8773,53.87688]]],[[[-1.83547,53.82793],[-1.83537,53.82791],[-1.83553,53.82794],[-1.83547,53.82793]]]]}},{"type":"Feature","properties":{"source_code":"B83067","codes":["B83067"],"label":"THE SPRINGFIELD SURGERY (BINGLEY)"},"geometry":{"type":"Polygon","coordinates":[[[-1.86862,53.88633],[-1.85301,53.88175],[-1.853,53.88178],[-1.84356,53.88795],[-1.8427,53.88623],[-1.84175,53.88487],[-1.8463,53.8796],[-1.84339,53.87864],[-1.83935,53.87758],[-1.83291,53.87718],[-1.82399,53.87753],[-1.81798,53.87763],[-1.80511,53.87434],[-1.80279,53.87384],[-1.80116,53.87298],[-1.80159,53.8709],[-1.8027,53.86938],[-1.80665,53.86721],[-1.80862,53.86225],[-1.80656,53.86245],[-1.80339,53.86265],[-1.80021,53.8628],[-1.79704,53.86295],[-1.79695,53.86103],[-1.79738,53.86017],[-1.79927,53.85815],[-1.80768,53.85632],[-1.80648,53.85501],[-1.80751,53.85243],[-1.80751,53.84802],[-1.80639,53.84645],[-1.80373,53.84508],[-1.8039,53.84417],[-1.80553,53.84367],[-1.80837,53.84385],[-1.80246,53.83864],[-1.80227,53.83865],[-1.7991,53.8382],[-1.79429,53.83521],[-1.79489,53.83445],[-1.79566,53.83333],[-1.79412,53.83151],[-1.79678,53.83364],[-1.79206,53.82948],[-1.79532,53.82898],[-1.80056,53.82862],[-1.81103,53.8265],[-1.82064,53.82665],[-1.8221,53.82543],[-1.82339,53.82422],[-1.82656,53.8229],[-1.82553,53.82244],[-1.82201,53.82249],[-1.81772,53.82244],[-1.81841,53.82133],[-1.82828,53.82123],[-1.8324,53.82259],[-1.83249,53.82371],[-1.82785,53.82594],[-1.82974,53.8268],[-1.83583,53.82817],[-1.83952,53.8307],[-1.83841,53.83293],[-1.83497,53.83349],[-1.83566,53.83668],[-1.83729,53.83891],[-1.84287,53.84063],[-1.84768,53.84351],[-1.8566,53.83921],[-1.86296,53.83652],[-1.85266,53.82786],[-1.85128,53.82548],[-1.84296,53.81692],[-1.84278,53.81631],[-1.84536,53.8152],[-1.85102,53.81474],[-1.85472,53.81489],[-1.86029,53.8154],[-1.86785,53.81621],[-1.86682,53.81717],[-1.86587,53.81885],[-1.86596,53.82037],[-1.86716,53.82189],[-1.86862,53.82325],[-1.87008,53.82558],[-1.87119,53.82746],[-1.87034,53.82923],[-1.8681,53.83404],[-1.87077,53.83577],[-1.87111,53.83703],[-1.8718,53.83799],[-1.87317,53.83799],[-1.87377,53.83744],[-1.87566,53.83693],[-1.87858,53.83764],[-1.87978,53.83855],[-1.88167,53.84042],[-1.87935,53.84179],[-1.87909,53.8426],[-1.88012,53.84372],[-1.87849,53.84503],[-1.8724,53.84458],[-1.86218,53.84351],[-1.85343,53.84524],[-1.84527,53.84837],[-1.84502,53.85192],[-1.85034,53.8547],[-1.85334,53.85693],[-1.85609,53.86255],[-1.86991,53.86554],[-1.88132,53.87009],[-1.89626,53.87379],[-1.89325,53.87869],[-1.9039,53.88512],[-1.90029,53.88942],[-1.89342,53.88846],[-1.86862,53.88633]]]}},{"type":"Feature","properties":{"source_code":"P81681","codes":["P81681"],"label":"NORTH SHORE SURGERY"},"geometry":{"type":"MultiPolygon","coordinates":[[[[-2.98682,53.85205],[-2.98674,53.8521],[-2.98698,53.85191],[-2.98682,53.85205]]],[[[-3.04734,53.86608],[-3.0462,53.86614],[-3.04569,53.86611],[-3.04456,53.86609],[-3.04429,53.86617],[-3.04369,53.86627],[-3.04295,53.86636],[-3.04197,53.86631],[-3.04041,53.86622],[-3.0393,53.86615],[-3.03879,53.86616],[-3.03806,53.86616],[-3.03729,53.86615],[-3.03575,53.86602],[-3.03435,53.86584],[-3.03287,53.86566],[-3.03137,53.8655],[-3.03008,53.86517],[-3.029,53.86493],[-3.02784,53.86463],[-3.02568,53.86388],[-3.02298,53.86273],[-3.02203,53.86216],[-3.0213,53.86143],[-3.02076,53.86156],[-3.01912,53.86197],[-3.01627,53.86224],[-3.01371,53.86292],[-3.01285,53.86315],[-3.0114,53.86344],[-3.00933,53.864],[-3.00901,53.86352],[-3.00852,53.86301],[-3.00839,53.86281],[-3.00825,53.86258],[-3.00802,53.86215],[-3.00746,53.86111],[-3.00702,53.86036],[-3.00695,53.86005],[-3.00693,53.85973],[-3.00423,53.85876],[-3.00231,53.85814],[-3.00188,53.8581],[-3.00135,53.85798],[-3.00033,53.85778],[-2.99929,53.85763],[-2.99825,53.85745],[-2.98247,53.85645],[-2.98292,53.85521],[-2.98402,53.85401],[-2.98564,53.85311],[-2.98682,53.85205],[-2.98848,53.85108],[-2.98936,53.85011],[-2.99069,53.84879],[-2.99121,53.84797],[-2.99111,53.8475],[-2.99109,53.84639],[-2.99199,53.8462],[-2.99218,53.84592],[-2.99239,53.84468],[-2.99234,53.84341],[-2.99182,53.84143],[-2.99158,53.84071],[-2.99139,53.83989],[-2.99202,53.83966],[-2.99235,53.83798],[-2.99267,53.83746],[-2.99308,53.83679],[-2.99364,53.8356],[-2.99347,53.83479],[-2.99296,53.83394],[-2.99271,53.83344],[-2.99298,53.83286],[-2.99327,53.83219],[-2.99403,53.83121],[-2.99407,53.83021],[-2.99485,53.83003],[-2.99857,53.82956],[-3.00241,53.82926],[-3.0035,53.82889],[-3.00502,53.82793],[-3.00622,53.82773],[-3.00871,53.82725],[-3.01019,53.82692],[-3.01129,53.82653],[-3.01296,53.82575],[-3.01635,53.8239],[-3.01727,53.82347],[-3.01828,53.823],[-3.02012,53.82265],[-3.02475,53.82098],[-3.02754,53.82031],[-3.02814,53.8201],[-3.02943,53.81977],[-3.03059,53.8196],[-3.03294,53.81909],[-3.03344,53.81905],[-3.0351,53.81924],[-3.03613,53.81912],[-3.03789,53.81873],[-3.03914,53.82387],[-3.03972,53.8257],[-3.04228,53.82496],[-3.04534,53.82416],[-3.04669,53.8234],[-3.04865,53.82108],[-3.04945,53.82087],[-3.05512,53.81898],[-3.05574,53.81908],[-3.05539,53.81988],[-3.05514,53.8207],[-3.055,53.82113],[-3.05509,53.82153],[-3.05522,53.82194],[-3.05528,53.82236],[-3.05541,53.82317],[-3.05548,53.82358],[-3.05549,53.82379],[-3.05548,53.82399],[-3.05541,53.82481],[-3.05535,53.82522],[-3.05535,53.82563],[-3.0554,53.826],[-3.05544,53.82645],[-3.05548,53.82728],[-3.05554,53.82894],[-3.05561,53.83058],[-3.05567,53.8314],[-3.05569,53.83188],[-3.05568,53.83205],[-3.05561,53.83222],[-3.05546,53.8324],[-3.05519,53.83255],[-3.05491,53.83287],[-3.05493,53.83311],[-3.05482,53.83387],[-3.05483,53.83411],[-3.05482,53.83433],[-3.05479,53.83476],[-3.05471,53.83633],[-3.05468,53.83657],[-3.05464,53.83684],[-3.0546,53.83736],[-3.05455,53.83841],[-3.0544,53.8405],[-3.05434,53.84103],[-3.05426,53.84154],[-3.05405,53.84261],[-3.0537,53.84469],[-3.05338,53.84681],[-3.05347,53.84788],[-3.0534,53.84895],[-3.05335,53.84924],[-3.05327,53.84952],[-3.05305,53.85003],[-3.05265,53.85103],[-3.05184,53.85303],[-3.05017,53.85702],[-3.04999,53.85763],[-3.04977,53.85819],[-3.04944,53.85937],[-3.04865,53.86166],[-3.0485,53.86215],[-3.04838,53.86271],[-3.04801,53.86388],[-3.04734,53.86608]]]]}},{"type":"Feature","properties":{"source_code":"P81732","codes":["P81732"],"label":"HARAMBEE SURGERY"},"geometry":{"type":"Polygon","coordinates":[[[-2.15272,53.82462],[-2.15744,53.82842],[-2.16302,53.82938],[-2.17443,53.8428],[-2.17268,53.84569],[-2.15444,53.84918],[-2.1619,53.86012],[-2.1722,53.8749],[-2.10955,53.88492],[-2.10031,53.88934],[-2.09107,53.89092],[-2.07569,53.87406],[-2.09054,53.83853],[-2.15272,53.82462]]]}},{"type":"Feature","properties":{"source_code":"P81757","codes":["P81757"],"label":"BARROWFORD SURGERY"},"geometry":{"type":"Polygon","coordinates":[[[-2.18628,53.87642],[-2.19727,53.86872],[-2.19521,53.8505],[-2.31606,53.81322],[-2.37236,53.8428],[-2.18628,53.87642]]]}},{"type":"Feature","properties":{"source_code":"P81149","codes":["P81149"],"label":"LOCKWOOD GP SURGERY"},"geometry":{"type":"Polygon","coordinates":[[[-2.99309,53.81849],[-3.03841,53.87439],[-2.97523,53.92294],[-2.95326,53.91728],[-2.8743,53.83794],[-2.94434,53.80511],[-2.99309,53.81849]]]}},{"type":"Feature","properties":{"source_code":"B83022","codes":["B83022"],"label":"BAILDON MEDICAL PRACTICE"},"geometry":{"type":"Polygon","coordinates":[[[-1.77498,53.83571],[-1.80553,53.84807],[-1.81755,53.84321],[-1.82785,53.85212],[-1.81652,53.86184],[-1.81171,53.87075],[-1.80622,53.87075],[-1.78185,53.87925],[-1.77326,53.8752],[-1.73481,53.87237],[-1.72451,53.87804],[-1.72005,53.86832],[-1.71455,53.85091],[-1.71558,53.8507],[-1.73344,53.85293],[-1.75335,53.8428],[-1.77498,53.83571]]]}},{"type":"Feature","properties":{"source_code":"B83031","codes":["B83031"],"label":"OAK GLEN SURGERY"},"geometry":{"type":"Polygon","coordinates":[[[-1.82133,53.8924],[-1.77609,53.87955],[-1.76691,53.86852],[-1.76846,53.85982],[-1.7779,53.84787],[-1.7918,53.83916],[-1.81721,53.82639],[-1.84227,53.82265],[-1.85926,53.82037],[-1.86768,53.83146],[-1.86459,53.8428],[-1.91557,53.89918],[-1.82133,53.8924]]]}},{"type":"Feature","properties":{"source_code":"P81025","codes":["P81025"],"label":"THE RICHMOND HILL PRACTICE"},"geometry":{"type":"Polygon","coordinates":[[[-2.23228,53.83126],[-2.21941,53.87065],[-2.15178,53.90181],[-2.08603,53.87237],[-2.15332,53.83024],[-2.23228,53.83126]]]}},{"type":"Feature","properties":{"source_code":"B83008","codes":["B83008"],"label":"LING HOUSE MEDICAL CENTRE"},"geometry":{"type":"Polygon","coordinates":[[[-1.97986,53.88519],[-1.97707,53.88906],[-1.97102,53.90065],[-1.96372,53.90285],[-1.95851,53.90312],[-1.95346,53.90248],[-1.94355,53.90151],[-1.93188,53.89483],[-1.92982,53.89159],[-1.91454,53.89271],[-1.9075,53.89665],[-1.89342,53.89149],[-1.87763,53.88836],[-1.86682,53.88471],[-1.85781,53.88067],[-1.85454,53.88097],[-1.85394,53.88011],[-1.85506,53.87879],[-1.84484,53.87095],[-1.84545,53.86645],[-1.856,53.84888],[-1.8718,53.84524],[-1.88828,53.84362],[-1.92604,53.84159],[-1.95282,53.84159],[-1.95715,53.84146],[-1.96149,53.84275],[-1.96913,53.84341],[-1.97857,53.84549],[-1.98715,53.84918],[-1.98944,53.85263],[-1.99448,53.85466],[-2.00301,53.8571],[-2.00647,53.86075],[-2.00239,53.86561],[-1.98782,53.87673],[-1.9836,53.88137],[-1.97986,53.88519]]]}},{"type":"Feature","properties":{"source_code":"P81742","codes":["P81742"],"label":"BEECHWOOD SURGERY"},"geometry":{"type":"Polygon","coordinates":[[[-3.02382,53.92507],[-3.00596,53.90292],[-2.99553,53.88633],[-2.97676,53.88158],[-2.96897,53.87723],[-2.9726,53.87125],[-2.98103,53.87095],[-2.97607,53.86093],[-2.96364,53.85956],[-2.96837,53.85455],[-2.99815,53.8425],[-3.02141,53.83369],[-3.02635,53.83425],[-3.03128,53.83804],[-3.04098,53.85293],[-3.04886,53.86732],[-3.0478,53.88373],[-3.0512,53.91986],[-3.03819,53.92438],[-3.02382,53.92507]]]}},{"type":"Feature","properties":{"source_code":"P81100","codes":["P81100"],"label":"THE CASTLE MEDICAL GROUP"},"geometry":{"type":"Polygon","coordinates":[[[-2.51123,53.90747],[-2.49149,53.91516],[-2.40678,53.93265],[-2.37764,53.94411],[-2.33339,53.9576],[-2.32172,53.97598],[-2.27202,53.97542],[-2.24894,53.95881],[-2.25082,53.93153],[-2.25057,53.91051],[-2.3097,53.86781],[-2.35691,53.84898],[-2.39227,53.82867],[-2.40532,53.82646],[-2.41323,53.82759],[-2.41671,53.82525],[-2.41734,53.82626],[-2.4176,53.82665],[-2.41787,53.82718],[-2.41795,53.82761],[-2.4178,53.82808],[-2.41758,53.82897],[-2.41706,53.83043],[-2.41671,53.83387],[-2.4377,53.83346],[-2.46647,53.83029],[-2.49988,53.82465],[-2.50836,53.82106],[-2.51616,53.82096],[-2.5145,53.83313],[-2.54677,53.83992],[-2.53183,53.88158],[-2.53158,53.88077],[-2.53321,53.89023],[-2.51123,53.90747]]]}},{"type":"Feature","properties":{"source_code":"P81069","codes":["P81069"],"label":"PENDLESIDE MEDICAL PRACT"},"geometry":{"type":"Polygon","coordinates":[[[-2.56489,53.95325],[-2.56554,53.95529],[-2.56332,53.95737],[-2.55666,53.95993],[-2.54959,53.9623],[-2.53929,53.96533],[-2.53071,53.96836],[-2.51911,53.97085],[-2.49726,53.9752],[-2.48494,53.97686],[-2.46582,53.97986],[-2.45482,53.98123],[-2.43631,53.98189],[-2.42742,53.98153],[-2.42015,53.98041],[-2.40834,53.97863],[-2.3945,53.9756],[-2.38197,53.9738],[-2.37238,53.97315],[-2.35946,53.97353],[-2.34562,53.97413],[-2.33391,53.97496],[-2.31694,53.97342],[-2.29014,53.97048],[-2.28206,53.96828],[-2.26494,53.96584],[-2.25545,53.96305],[-2.24646,53.96133],[-2.24147,53.96005],[-2.23965,53.95762],[-2.23935,53.95465],[-2.23858,53.94935],[-2.23692,53.94593],[-2.23692,53.94219],[-2.23652,53.93272],[-2.23641,53.926],[-2.23532,53.9179],[-2.232,53.91066],[-2.23261,53.90721],[-2.23624,53.90519],[-2.242,53.90382],[-2.24988,53.90131],[-2.25654,53.90012],[-2.26613,53.89807],[-2.2763,53.88942],[-2.28323,53.88326],[-2.28596,53.88035],[-2.34876,53.84026],[-2.37087,53.82786],[-2.3847,53.8176],[-2.39477,53.81338],[-2.40574,53.81038],[-2.41332,53.81116],[-2.41968,53.81312],[-2.42878,53.81617],[-2.43473,53.81742],[-2.44412,53.81724],[-2.45602,53.81689],[-2.46451,53.81629],[-2.47679,53.81805],[-2.48547,53.82379],[-2.48484,53.82969],[-2.4804,53.83678],[-2.47214,53.85014],[-2.47065,53.85506],[-2.47156,53.85762],[-2.47479,53.86006],[-2.48074,53.86066],[-2.48801,53.86119],[-2.49337,53.85845],[-2.50435,53.85422],[-2.51728,53.85103],[-2.52284,53.85252],[-2.52688,53.85931],[-2.53069,53.86641],[-2.53452,53.86986],[-2.5427,53.87481],[-2.54654,53.87695],[-2.55032,53.88027],[-2.55204,53.88473],[-2.55302,53.8911],[-2.55222,53.89413],[-2.5504,53.89729],[-2.54615,53.90265],[-2.54443,53.90646],[-2.54372,53.90914],[-2.54414,53.91051],[-2.54586,53.91521],[-2.54707,53.91913],[-2.55225,53.92635],[-2.55609,53.93105],[-2.55699,53.93928],[-2.55891,53.9454],[-2.56143,53.94974],[-2.56489,53.95325]]]}},{"type":"Feature","properties":{"source_code":"P81092","codes":["P81092"],"label":"THE CRESCENT SURGERY"},"geometry":{"type":"Polygon","coordinates":[[[-3.01487,53.8878],[-3.0139,53.88801],[-3.01261,53.88819],[-3.01064,53.88875],[-3.00974,53.889],[-3.0091,53.88904],[-2.99927,53.89038],[-2.99794,53.88889],[-2.99573,53.88708],[-2.99534,53.88662],[-2.9936,53.8857],[-2.993,53.88518],[-2.99111,53.88437],[-2.98472,53.88308],[-2.97987,53.88302],[-2.97884,53.87089],[-2.9792,53.86999],[-2.97899,53.86771],[-2.9779,53.86626],[-2.97768,53.86276],[-2.9789,53.86146],[-2.97908,53.86035],[-2.97957,53.85964],[-2.98212,53.85854],[-2.98268,53.85812],[-2.98335,53.85825],[-2.98305,53.85745],[-2.9832,53.85717],[-2.98607,53.8574],[-2.98755,53.85775],[-2.99294,53.86031],[-2.99579,53.86154],[-3.00051,53.86282],[-3.00349,53.86357],[-3.00671,53.86409],[-3.00879,53.86425],[-3.00961,53.86409],[-3.01371,53.86333],[-3.01733,53.8624],[-3.02126,53.86141],[-3.02004,53.85973],[-3.01935,53.85978],[-3.01903,53.85941],[-3.01897,53.85873],[-3.01817,53.85758],[-3.01731,53.8567],[-3.01963,53.85468],[-3.02133,53.85355],[-3.02212,53.85268],[-3.02508,53.8521],[-3.02555,53.85293],[-3.02727,53.85241],[-3.03448,53.8516],[-3.03482,53.85282],[-3.03733,53.85234],[-3.03856,53.85236],[-3.04062,53.85191],[-3.04083,53.85163],[-3.04188,53.8516],[-3.04463,53.85145],[-3.04652,53.85097],[-3.04888,53.85008],[-3.05085,53.84981],[-3.0542,53.84959],[-3.05319,53.85163],[-3.05214,53.85483],[-3.05104,53.85739],[-3.04991,53.86165],[-3.0489,53.86561],[-3.04916,53.86607],[-3.0492,53.86664],[-3.04862,53.8678],[-3.04838,53.86903],[-3.04905,53.87324],[-3.04883,53.87368],[-3.04894,53.87566],[-3.04864,53.87815],[-3.04868,53.87877],[-3.04875,53.88267],[-3.04832,53.88541],[-3.04821,53.88771],[-3.04845,53.89013],[-3.0486,53.89175],[-3.04931,53.89497],[-3.04933,53.8972],[-3.04978,53.89848],[-3.0504,53.90096],[-3.05008,53.9034],[-3.05027,53.90479],[-3.05083,53.90674],[-3.04688,53.90703],[-3.04695,53.90718],[-3.04471,53.90738],[-3.04463,53.9072],[-3.04143,53.90749],[-3.03924,53.9074],[-3.03639,53.90704],[-3.03652,53.90665],[-3.0313,53.90627],[-3.02727,53.90598],[-3.02714,53.90512],[-3.02673,53.90459],[-3.02628,53.90431],[-3.02714,53.90318],[-3.02744,53.9019],[-3.02697,53.90147],[-3.02708,53.90125],[-3.02437,53.89957],[-3.02049,53.89714],[-3.01832,53.89573],[-3.01815,53.89527],[-3.01873,53.89358],[-3.01811,53.8925],[-3.01607,53.89067],[-3.01502,53.88858],[-3.01487,53.8878]]]}},{"type":"Feature","properties":{"source_code":"P81073","codes":["P81073"],"label":"CLEVELEYS GROUP PRACTICE"},"geometry":{"type":"Polygon","coordinates":[[[-3.04978,53.91172],[-3.04313,53.9125],[-3.03798,53.91309],[-3.03446,53.91379],[-3.03411,53.91357],[-3.03253,53.91091],[-3.03133,53.90656],[-3.03133,53.90623],[-3.02862,53.90598],[-3.02725,53.90601],[-3.02725,53.9052],[-3.02635,53.90426],[-3.02699,53.9035],[-3.02746,53.90196],[-3.02699,53.90146],[-3.02708,53.9012],[-3.0209,53.89744],[-3.01849,53.89597],[-3.01811,53.89513],[-3.01875,53.89372],[-3.01867,53.89314],[-3.01609,53.89068],[-3.01536,53.88917],[-3.01502,53.88833],[-3.01493,53.88777],[-3.00965,53.88904],[-2.99927,53.8904],[-2.99571,53.88709],[-2.99399,53.88589],[-2.99371,53.88583],[-2.9927,53.88508],[-2.99109,53.88441],[-2.98573,53.88337],[-2.98483,53.88317],[-2.97993,53.88307],[-2.97869,53.8828],[-2.97848,53.87917],[-2.97918,53.86812],[-2.9791,53.85759],[-2.98313,53.85723],[-2.98639,53.85739],[-2.99592,53.86159],[-3.00382,53.86371],[-3.00914,53.86437],[-3.02141,53.86149],[-3.01948,53.85875],[-3.01922,53.85832],[-3.01927,53.85546],[-3.01974,53.8546],[-3.02193,53.85296],[-3.02527,53.85248],[-3.02557,53.85291],[-3.02733,53.8524],[-3.0345,53.85154],[-3.03484,53.85281],[-3.04077,53.85184],[-3.0421,53.85162],[-3.04566,53.85126],[-3.04836,53.85022],[-3.05124,53.84979],[-3.05326,53.84967],[-3.05004,53.85749],[-3.04755,53.86554],[-3.04811,53.86594],[-3.04883,53.86624],[-3.04866,53.86685],[-3.04806,53.86857],[-3.04755,53.87156],[-3.04772,53.87454],[-3.04733,53.87581],[-3.04725,53.87791],[-3.04665,53.87819],[-3.04708,53.87905],[-3.04703,53.88277],[-3.04716,53.88315],[-3.04695,53.88375],[-3.04695,53.88433],[-3.04656,53.88934],[-3.04802,53.89647],[-3.04978,53.91172]]]}},{"type":"Feature","properties":{"source_code":"P81079","codes":["P81079"],"label":"THE THORNTON PRACTICE"},"geometry":{"type":"MultiPolygon","coordinates":[[[[-2.99771,53.83013],[-2.99768,53.82982],[-2.99785,53.83012],[-2.99771,53.83013]]],[[[-3.00824,53.88903],[-3.00796,53.88883],[-3.00759,53.88872],[-3.00746,53.88858],[-3.00742,53.88847],[-3.00718,53.88822],[-3.00683,53.88809],[-3.00431,53.88691],[-3.00138,53.87721],[-2.9968,53.87699],[-2.99459,53.87887],[-2.99221,53.87938],[-2.98884,53.88146],[-2.98614,53.88056],[-2.98539,53.87933],[-2.98618,53.87738],[-2.98424,53.87696],[-2.98239,53.87714],[-2.98083,53.87373],[-2.98517,53.87062],[-2.98419,53.86691],[-2.98875,53.86609],[-2.98534,53.86435],[-2.98144,53.85792],[-2.97339,53.85642],[-2.96653,53.85674],[-2.9624,53.86313],[-2.96024,53.86617],[-2.96043,53.86786],[-2.96104,53.86924],[-2.96122,53.87051],[-2.9599,53.87112],[-2.95869,53.87134],[-2.95807,53.87172],[-2.96389,53.87692],[-2.95914,53.87697],[-2.95462,53.87836],[-2.9521,53.87917],[-2.94985,53.87649],[-2.94827,53.87566],[-2.94721,53.87463],[-2.94981,53.87388],[-2.9515,53.87399],[-2.95337,53.87364],[-2.95784,53.8714],[-2.95951,53.86587],[-2.96299,53.85942],[-2.96772,53.8545],[-2.96904,53.85494],[-2.97469,53.85584],[-2.98009,53.85745],[-2.97685,53.85632],[-2.97471,53.85576],[-2.9737,53.85558],[-2.96736,53.85442],[-2.96712,53.85429],[-2.96531,53.85247],[-2.96314,53.84704],[-2.962,53.83898],[-2.99759,53.83008],[-2.99755,53.83015],[-2.99771,53.83013],[-2.99773,53.83035],[-2.99839,53.83108],[-2.99868,53.83142],[-2.99942,53.83262],[-3.0009,53.83511],[-3.00549,53.83934],[-3.01845,53.8345],[-3.02609,53.83386],[-3.02064,53.83664],[-3.02291,53.84452],[-3.02394,53.84907],[-3.01907,53.85066],[-3.01921,53.85169],[-3.0188,53.85266],[-3.01813,53.8538],[-3.01425,53.85559],[-3.01449,53.85686],[-3.01559,53.85702],[-3.01727,53.85678],[-3.01841,53.85787],[-3.01937,53.85973],[-3.02008,53.85977],[-3.02174,53.86175],[-3.02594,53.86094],[-3.0255,53.85943],[-3.02562,53.8586],[-3.0266,53.85787],[-3.02992,53.85707],[-3.03214,53.85627],[-3.03333,53.85496],[-3.03446,53.85358],[-3.03481,53.85281],[-3.03658,53.85241],[-3.03889,53.85222],[-3.04119,53.85162],[-3.0404,53.85661],[-3.0404,53.85908],[-3.03876,53.8616],[-3.03932,53.86614],[-3.0424,53.86645],[-3.04421,53.86611],[-3.04494,53.86587],[-3.04603,53.86612],[-3.0473,53.86603],[-3.04682,53.86756],[-3.04474,53.86886],[-3.04265,53.87036],[-3.04293,53.8711],[-3.04506,53.87108],[-3.04498,53.87205],[-3.04763,53.87226],[-3.04777,53.87406],[-3.04761,53.87487],[-3.04723,53.87575],[-3.0437,53.87551],[-3.04305,53.87556],[-3.04264,53.87578],[-3.04162,53.87625],[-3.0402,53.87732],[-3.03994,53.87827],[-3.04512,53.87871],[-3.04647,53.8783],[-3.04673,53.8782],[-3.04695,53.87856],[-3.04712,53.87892],[-3.04712,53.87984],[-3.04716,53.88173],[-3.04729,53.89116],[-3.04723,53.89114],[-3.03943,53.89128],[-3.03979,53.88877],[-3.0259,53.89071],[-3.02082,53.89105],[-3.02068,53.8908],[-3.0205,53.89068],[-3.02056,53.8906],[-3.02028,53.8904],[-3.01958,53.88982],[-3.02003,53.89029],[-3.01982,53.89012],[-3.01926,53.88953],[-3.01866,53.88852],[-3.01804,53.88744],[-3.01408,53.88803],[-3.01038,53.88898],[-3.00974,53.88911],[-3.00901,53.88912],[-3.00918,53.88903],[-3.00904,53.88902],[-3.00852,53.88906],[-3.00824,53.88903]]]]}},{"type":"Feature","properties":{"source_code":"P81133","codes":["P81133"],"label":"THE VILLAGE PRACTICE"},"geometry":{"type":"MultiPolygon","coordinates":[[[[-3.02691,53.90312],[-3.0268,53.90351],[-3.02676,53.90355],[-3.02691,53.90312]]],[[[-3.04875,53.9006],[-3.04344,53.9011],[-3.03814,53.90117],[-3.03715,53.90427],[-3.03189,53.90391],[-3.03155,53.90311],[-3.03042,53.90207],[-3.02745,53.90155],[-3.02691,53.90312],[-3.02732,53.90158],[-3.01797,53.89545],[-3.01511,53.89491],[-3.01363,53.89639],[-3.01884,53.89866],[-3.02233,53.90152],[-3.02212,53.90157],[-3.0084,53.90124],[-3.00493,53.90137],[-3.00317,53.89623],[-2.99932,53.89061],[-2.99357,53.8854],[-2.98474,53.88322],[-2.98001,53.88305],[-2.98271,53.87985],[-2.98465,53.87934],[-2.98515,53.87922],[-2.98537,53.87902],[-2.98541,53.87844],[-2.98571,53.87793],[-2.98629,53.87744],[-2.98553,53.87706],[-2.98442,53.87685],[-2.98344,53.87717],[-2.9824,53.8772],[-2.9723,53.87713],[-2.97045,53.87703],[-2.96887,53.87674],[-2.96745,53.87695],[-2.96699,53.87742],[-2.96641,53.8776],[-2.96389,53.87791],[-2.96351,53.87746],[-2.96209,53.87745],[-2.95735,53.87748],[-2.95199,53.87906],[-2.95027,53.87668],[-2.9488,53.87683],[-2.94698,53.87596],[-2.9457,53.87493],[-2.949,53.87398],[-2.9501,53.87379],[-2.95143,53.8739],[-2.95328,53.87362],[-2.95381,53.87338],[-2.95523,53.87256],[-2.95822,53.8715],[-2.95936,53.87247],[-2.96116,53.87262],[-2.96858,53.87406],[-2.96903,53.87321],[-2.96987,53.87239],[-2.97142,53.87182],[-2.9722,53.87149],[-2.97379,53.87135],[-2.97691,53.8714],[-2.97883,53.87112],[-2.97889,53.8681],[-2.97732,53.86547],[-2.97656,53.8621],[-2.97806,53.86207],[-2.97862,53.86153],[-2.97878,53.8612],[-2.97886,53.86069],[-2.9787,53.86052],[-2.97872,53.86034],[-2.97939,53.85967],[-2.97904,53.85911],[-2.97969,53.85886],[-2.9805,53.859],[-2.98175,53.85848],[-2.98259,53.85733],[-2.98081,53.85749],[-2.979,53.85747],[-2.97816,53.85738],[-2.9793,53.85593],[-2.97933,53.85559],[-2.97943,53.85547],[-2.9796,53.85537],[-2.97968,53.85518],[-2.97952,53.85488],[-2.97951,53.85478],[-2.97956,53.85469],[-2.9795,53.85442],[-2.97924,53.85431],[-2.97893,53.85412],[-2.97888,53.85389],[-2.9786,53.8537],[-2.97796,53.85331],[-2.97777,53.85253],[-2.97657,53.8498],[-2.97645,53.84865],[-2.97851,53.84764],[-2.97989,53.84745],[-2.97876,53.84485],[-2.9879,53.84358],[-2.99228,53.84355],[-2.99212,53.84613],[-2.99097,53.84636],[-2.99109,53.84749],[-2.9927,53.84748],[-2.99626,53.8492],[-3.00056,53.85055],[-3.00138,53.85192],[-3.00504,53.85121],[-3.0069,53.85107],[-3.00733,53.85263],[-3.01046,53.85089],[-3.01132,53.85214],[-3.01104,53.85242],[-3.01208,53.85321],[-3.01278,53.85354],[-3.01322,53.85399],[-3.01395,53.85523],[-3.01471,53.85698],[-3.01563,53.8571],[-3.01729,53.85663],[-3.01831,53.85769],[-3.01898,53.85882],[-3.01909,53.85934],[-3.01943,53.85975],[-3.01999,53.8597],[-3.02132,53.86067],[-3.02167,53.86181],[-3.02342,53.86166],[-3.02437,53.86131],[-3.02608,53.86108],[-3.0256,53.85998],[-3.02553,53.85912],[-3.02584,53.85854],[-3.02682,53.85796],[-3.0315,53.85653],[-3.03188,53.85632],[-3.0322,53.85609],[-3.03271,53.8556],[-3.03304,53.85523],[-3.03375,53.85421],[-3.03425,53.85385],[-3.03468,53.85345],[-3.03481,53.85313],[-3.03483,53.85281],[-3.03738,53.85231],[-3.03837,53.85234],[-3.04108,53.85185],[-3.04013,53.85947],[-3.03872,53.86149],[-3.03865,53.86316],[-3.03893,53.8648],[-3.03922,53.86614],[-3.04131,53.8663],[-3.04322,53.86637],[-3.04529,53.86608],[-3.04629,53.86613],[-3.04731,53.86607],[-3.04684,53.86763],[-3.04353,53.86955],[-3.04288,53.87002],[-3.04269,53.87051],[-3.04511,53.87073],[-3.04491,53.87192],[-3.04775,53.87215],[-3.04772,53.87584],[-3.04286,53.87537],[-3.03998,53.87695],[-3.03981,53.87822],[-3.0447,53.87863],[-3.04604,53.8801],[-3.04738,53.87991],[-3.04875,53.9006]]],[[[-3.02212,53.90157],[-3.02241,53.90158],[-3.02233,53.90152],[-3.02266,53.90143],[-3.02491,53.90509],[-3.02676,53.90355],[-3.02661,53.90397],[-3.02464,53.90629],[-3.02405,53.90876],[-3.0213,53.91281],[-3.01834,53.91314],[-3.01497,53.9129],[-3.01187,53.91533],[-3.00929,53.91783],[-3.005,53.91754],[-3.00508,53.91457],[-3.00907,53.91053],[-3.00906,53.90939],[-3.01499,53.90927],[-3.0206,53.90542],[-3.02106,53.90354],[-3.02126,53.9018],[-3.02212,53.90157]]]]}},{"type":"Feature","properties":{"source_code":"P81006","codes":["P81006"],"label":"GARSTANG MEDICAL PRACTICE"},"geometry":{"type":"Polygon","coordinates":[[[-2.71088,53.8189],[-2.72371,53.81008],[-2.72553,53.80932],[-2.72738,53.80872],[-2.72879,53.80826],[-2.73019,53.80792],[-2.7314,53.80806],[-2.73243,53.80832],[-2.73806,53.80844],[-2.74223,53.80835],[-2.74882,53.8084],[-2.75416,53.80905],[-2.75851,53.80982],[-2.76323,53.81147],[-2.76812,53.81514],[-2.77224,53.81912],[-2.7761,53.82264],[-2.78126,53.83085],[-2.79008,53.84324],[-2.79393,53.84955],[-2.8145,53.86246],[-2.85374,53.87533],[-2.86611,53.87829],[-2.87291,53.87933],[-2.8786,53.88029],[-2.88252,53.88141],[-2.8927,53.8894],[-2.89728,53.8978],[-2.89962,53.90711],[-2.90088,53.91156],[-2.90008,53.91561],[-2.89876,53.92663],[-2.89896,53.92646],[-2.89161,53.9368],[-2.87889,53.94227],[-2.84906,53.95644],[-2.83872,53.96934],[-2.82449,53.98215],[-2.78521,53.98062],[-2.76407,53.97895],[-2.75402,53.98685],[-2.74534,53.98828],[-2.7319,53.97898],[-2.72772,53.97227],[-2.72628,53.96789],[-2.72564,53.96326],[-2.72851,53.95548],[-2.71708,53.94584],[-2.7136,53.94054],[-2.70883,53.93534],[-2.70834,53.92635],[-2.70865,53.92365],[-2.70501,53.92084],[-2.69738,53.91705],[-2.69168,53.91241],[-2.68048,53.9113],[-2.66847,53.91202],[-2.65629,53.91688],[-2.6559,53.89946],[-2.65237,53.89571],[-2.65046,53.89231],[-2.65386,53.88829],[-2.65749,53.88537],[-2.66877,53.881],[-2.66373,53.87532],[-2.67076,53.87254],[-2.67303,53.87226],[-2.67573,53.8734],[-2.67968,53.87295],[-2.68248,53.87179],[-2.68099,53.8681],[-2.67019,53.86468],[-2.6588,53.85993],[-2.66045,53.85488],[-2.6617,53.84518],[-2.66144,53.82619],[-2.71088,53.8189]]]}},{"type":"Feature","properties":{"source_code":"P81668","codes":["P81668"],"label":"FLEETWOOD SURGERY"},"geometry":{"type":"Polygon","coordinates":[[[-3.04991,53.9192],[-3.04407,53.92375],[-3.03205,53.92658],[-3.00871,53.92921],[-3.00493,53.92759],[-3.00287,53.92052],[-3.00442,53.90181],[-2.99961,53.892],[-2.99257,53.88441],[-2.99991,53.88272],[-3.0071,53.88147],[-3.01506,53.87758],[-3.04905,53.87672],[-3.0518,53.91111],[-3.04991,53.9192]]]}},{"type":"Feature","properties":{"source_code":"B83019","codes":["B83019"],"label":"GRANGE PARK SURGERY"},"geometry":{"type":"MultiPolygon","coordinates":[[[[-1.74932,53.89227],[-1.74511,53.8923],[-1.75309,53.89215],[-1.74932,53.89227]]],[[[-1.82322,53.92613],[-1.81781,53.9288],[-1.80442,53.93027],[-1.79386,53.92926],[-1.7603,53.92527],[-1.7367,53.91142],[-1.74125,53.90409],[-1.73155,53.89286],[-1.74932,53.89227],[-1.7615,53.8922],[-1.77086,53.90232],[-1.81111,53.9192],[-1.82253,53.92062],[-1.82322,53.92613]]]]}},{"type":"Feature","properties":{"source_code":"P81086","codes":["P81086"],"label":"BROADWAY MEDICAL CENTRE"},"geometry":{"type":"Polygon","coordinates":[[[-3.00957,53.9282],[-3.00545,53.92597],[-3.03017,53.90838],[-3.02639,53.9013],[-3.01197,53.88431],[-3.02605,53.88188],[-3.03909,53.88046],[-3.04956,53.90019],[-3.04733,53.92234],[-3.00957,53.9282]]]}},{"type":"Feature","properties":{"source_code":"P81078","codes":["P81078"],"label":"BARNOLDSWICK MED CTR"},"geometry":{"type":"Polygon","coordinates":[[[-2.26387,53.93467],[-2.16705,53.95043],[-2.14096,53.92375],[-2.16499,53.86549],[-2.26387,53.93467]]]}},{"type":"Feature","properties":{"source_code":"P81065","codes":["P81065"],"label":"THE PENDLE MEDICAL PARTNERSHIP"},"geometry":{"type":"MultiPolygon","coordinates":[[[[-2.24573,53.92876],[-2.2467,53.928],[-2.24602,53.9288],[-2.24573,53.92876]]],[[[-2.24531,53.9287],[-2.24573,53.92876],[-2.24567,53.9288],[-2.24532,53.92883],[-2.24531,53.9287]]],[[[-2.24432,53.92893],[-2.24532,53.92883],[-2.24533,53.92901],[-2.24224,53.93103],[-2.24432,53.92893]]],[[[-2.14886,53.9379],[-2.1262,53.93992],[-2.08225,53.90919],[-2.09427,53.86063],[-2.11555,53.83794],[-2.2388,53.83166],[-2.24531,53.9287],[-2.24464,53.9286],[-2.24432,53.92893],[-2.14886,53.9379]]]]}},{"type":"Feature","properties":{"source_code":"P81089","codes":["P81089"],"label":"THE MOUNT VIEW PRACTICE"},"geometry":{"type":"MultiPolygon","coordinates":[[[[-3.04075,53.88733],[-3.04077,53.88752],[-3.04042,53.88772],[-3.04075,53.88733]]],[[[-3.01353,53.89492],[-3.01375,53.89419],[-3.01356,53.89511],[-3.01353,53.89492]]],[[[-3.00933,53.92172],[-3.00931,53.92307],[-3.00952,53.92165],[-3.01814,53.927],[-3.0327,53.92415],[-3.01746,53.92658],[-3.00949,53.92157],[-3.00948,53.92165],[-3.00933,53.92172],[-3.00933,53.92147],[-3.00622,53.91951],[-3.00937,53.9185],[-3.00948,53.91068],[-3.00952,53.91222],[-3.00957,53.90955],[-3.0109,53.90949],[-3.02206,53.9089],[-3.02373,53.90823],[-3.02382,53.90893],[-3.02468,53.90785],[-3.02373,53.90823],[-3.02279,53.90125],[-3.02643,53.90097],[-3.02507,53.90025],[-3.02566,53.90062],[-3.02296,53.90105],[-3.02055,53.89895],[-3.01819,53.89769],[-3.01412,53.89632],[-3.01476,53.89584],[-3.02004,53.89797],[-3.02013,53.89764],[-3.01929,53.8972],[-3.01841,53.89716],[-3.01352,53.89531],[-3.0139,53.89368],[-3.01375,53.89419],[-3.01456,53.89023],[-3.0145,53.88998],[-3.01352,53.8948],[-3.01353,53.89492],[-3.01352,53.89496],[-3.01351,53.89485],[-3.01347,53.89503],[-3.00862,53.89309],[-3.00678,53.8878],[-3.00549,53.88732],[-3.00562,53.88562],[-3.00446,53.88375],[-3.00742,53.88226],[-3.00819,53.88064],[-3.00987,53.88051],[-3.01304,53.88522],[-3.01344,53.88589],[-3.01334,53.8855],[-3.01274,53.88441],[-3.01772,53.88327],[-3.01773,53.88328],[-3.0218,53.88239],[-3.02454,53.88191],[-3.02673,53.8811],[-3.02995,53.88031],[-3.03253,53.88024],[-3.03896,53.88077],[-3.0382,53.88086],[-3.03786,53.88248],[-3.03789,53.88236],[-3.04258,53.88108],[-3.04142,53.88138],[-3.0428,53.88102],[-3.04696,53.87988],[-3.04699,53.87984],[-3.04699,53.87987],[-3.04703,53.87986],[-3.047,53.8799],[-3.047,53.87991],[-3.04701,53.87991],[-3.047,53.87991],[-3.05025,53.91197],[-3.05111,53.91627],[-3.05052,53.91626],[-3.04371,53.922],[-3.04871,53.92102],[-3.03926,53.92446],[-3.02519,53.92628],[-3.00947,53.92875],[-3.00828,53.92898],[-3.00826,53.92895],[-3.00785,53.92901],[-3.00825,53.92893],[-3.00506,53.92428],[-3.0054,53.92347],[-3.00933,53.92172]]],[[[-3.00997,53.91831],[-3.01787,53.91578],[-3.02818,53.91588],[-3.01841,53.91571],[-3.02381,53.90894],[-3.02366,53.90895],[-3.02073,53.91276],[-3.01738,53.91077],[-3.00955,53.91391],[-3.00965,53.91806],[-3.01,53.91809],[-3.00997,53.91831]]],[[[-3.03439,53.89566],[-3.03452,53.89516],[-3.03403,53.89564],[-3.03389,53.89557],[-3.03425,53.89584],[-3.03439,53.89566]]],[[[-3.04075,53.88733],[-3.04072,53.88707],[-3.03598,53.89366],[-3.04598,53.88111],[-3.04075,53.88733]]],[[[-3.01802,53.88332],[-3.02111,53.88291],[-3.01777,53.88331],[-3.0178,53.88333],[-3.01781,53.88332],[-3.02056,53.88457],[-3.02065,53.88456],[-3.01802,53.88332]]],[[[-3.03584,53.88124],[-3.03683,53.88102],[-3.03092,53.88173],[-3.03584,53.88124]]]]}},{"type":"Feature","properties":{"source_code":"B83624","codes":["B83624"],"label":"I G MEDICAL"},"geometry":{"type":"Polygon","coordinates":[[[-1.74133,53.89382],[-1.92261,53.92294],[-1.97891,53.98113],[-1.79489,53.99162],[-1.74133,53.89382]]]}},{"type":"Feature","properties":{"source_code":"B83002","codes":["B83002"],"label":"ILKLEY & WHARFEDALE MEDICAL PRACTICE"},"geometry":{"type":"Polygon","coordinates":[[[-1.88793,53.98527],[-1.84364,53.98577],[-1.82716,53.98739],[-1.81171,53.99082],[-1.80244,53.99001],[-1.77944,53.99465],[-1.76159,53.99384],[-1.74339,53.9995],[-1.73103,53.99324],[-1.74374,53.98416],[-1.74305,53.97568],[-1.74374,53.96921],[-1.72794,53.94659],[-1.70425,53.93851],[-1.69567,53.92436],[-1.72348,53.90879],[-1.76331,53.89382],[-1.79352,53.90353],[-1.87248,53.91566],[-1.91231,53.94073],[-1.94595,53.96618],[-1.92055,53.98143],[-1.88793,53.98527]]]}},{"type":"Feature","properties":{"source_code":"P81087","codes":["P81087"],"label":"THE OVER-WYRE MED.CTR."},"geometry":{"type":"MultiPolygon","coordinates":[[[[-2.90675,53.94548],[-2.90657,53.94558],[-2.89936,53.94558],[-2.90675,53.94548]]],[[[-2.90675,53.94548],[-2.90898,53.94416],[-2.89191,53.94279],[-2.89232,53.94336],[-2.90015,53.94397],[-2.90159,53.94396],[-2.89953,53.94548],[-2.8975,53.94499],[-2.89026,53.94678],[-2.88906,53.948],[-2.88872,53.94831],[-2.88546,53.94881],[-2.88412,53.94853],[-2.88471,53.94815],[-2.88408,53.94831],[-2.88386,53.94848],[-2.88412,53.94853],[-2.88327,53.94907],[-2.88123,53.95184],[-2.88134,53.95215],[-2.88099,53.95336],[-2.88009,53.95406],[-2.87996,53.95437],[-2.87954,53.95449],[-2.87893,53.95497],[-2.87502,53.95558],[-2.87464,53.95568],[-2.87445,53.95566],[-2.87288,53.95591],[-2.87104,53.95699],[-2.87017,53.95743],[-2.87246,53.95597],[-2.87241,53.95598],[-2.86987,53.95759],[-2.87017,53.95743],[-2.86613,53.96001],[-2.86627,53.95987],[-2.86505,53.96064],[-2.86506,53.96069],[-2.86613,53.96001],[-2.86554,53.96063],[-2.86554,53.96285],[-2.86057,53.96356],[-2.86177,53.9628],[-2.86159,53.96283],[-2.86091,53.96326],[-2.86114,53.96294],[-2.86022,53.96366],[-2.81885,53.9679],[-2.81709,53.96497],[-2.81671,53.96205],[-2.81662,53.96215],[-2.81319,53.95811],[-2.80769,53.95083],[-2.79533,53.94679],[-2.79739,53.94315],[-2.79533,53.93345],[-2.80289,53.92739],[-2.80838,53.92335],[-2.82074,53.92092],[-2.82692,53.91607],[-2.82417,53.90596],[-2.83859,53.90272],[-2.83241,53.89341],[-2.84615,53.89139],[-2.85439,53.88815],[-2.88116,53.88127],[-2.87842,53.87804],[-2.87636,53.87075],[-2.87842,53.86103],[-2.88734,53.86306],[-2.89558,53.86103],[-2.90078,53.86376],[-2.90382,53.86427],[-2.91206,53.86387],[-2.91412,53.86144],[-2.92511,53.85739],[-2.9361,53.85739],[-2.93884,53.85253],[-2.95052,53.85334],[-2.95532,53.86184],[-2.96288,53.86427],[-2.97318,53.86549],[-2.96288,53.87358],[-2.96691,53.87766],[-2.96768,53.87723],[-2.97935,53.88492],[-2.98622,53.8837],[-2.9955,53.89046],[-2.99652,53.88977],[-2.99663,53.89128],[-2.99789,53.8922],[-2.99995,53.92779],[-2.99921,53.92782],[-2.99927,53.9286],[-2.98828,53.92941],[-2.98372,53.9306],[-2.97661,53.93386],[-2.95867,53.93756],[-2.94708,53.94154],[-2.92648,53.94558],[-2.91412,53.94558],[-2.91545,53.94468],[-2.91018,53.94426],[-2.91344,53.94538],[-2.90675,53.94548]]],[[[-2.89161,53.94276],[-2.89146,53.94275],[-2.88118,53.94739],[-2.88221,53.9479],[-2.89161,53.94276]]],[[[-2.88088,53.94863],[-2.88097,53.94749],[-2.88075,53.94758],[-2.87829,53.94952],[-2.87996,53.94913],[-2.88088,53.94863]]],[[[-2.81754,53.96202],[-2.96614,53.8781],[-2.90107,53.86391],[-2.90176,53.86427],[-2.81672,53.96204],[-2.81748,53.96202],[-2.81754,53.96202]]]]}},{"type":"Feature","properties":{"source_code":"B83620","codes":["B83620"],"label":"ADDINGHAM SURGERY"},"geometry":{"type":"Polygon","coordinates":[[[-2.01187,53.97749],[-1.98372,53.99001],[-1.83128,53.99162],[-1.7664,53.93467],[-1.8354,53.91122],[-1.89651,53.91223],[-1.93582,53.89817],[-1.96793,53.90393],[-1.97479,53.91445],[-2.01187,53.97749]]]}},{"type":"Feature","properties":{"source_code":"B82053","codes":["B82053"],"label":"DYNELEY HOUSE SURGERY"},"geometry":{"type":"Polygon","coordinates":[[[-2.03196,53.88299],[-2.06921,53.87662],[-2.07129,53.87785],[-2.07916,53.87682],[-2.16019,53.92941],[-2.20678,53.97954],[-2.21958,53.99223],[-2.22782,54.00111],[-2.22833,54.00269],[-2.23984,54.01503],[-2.23297,54.05778],[-2.20139,54.09967],[-2.08878,54.11819],[-2.02011,54.11416],[-1.98715,54.10289],[-1.90201,54.09725],[-1.85394,54.06261],[-1.85806,54.00293],[-1.85944,53.94477],[-1.86768,53.92132],[-1.94046,53.92052],[-1.93634,53.89544],[-2.03196,53.88299]]]}},{"type":"Feature","properties":{"source_code":"P81620","codes":["P81620"],"label":"SLAIDBURN HEALTH CENTRE"},"geometry":{"type":"Polygon","coordinates":[[[-2.40901,54.04286],[-2.39268,54.04437],[-2.38336,54.04755],[-2.37318,54.04921],[-2.36839,54.03875],[-2.36592,54.02754],[-2.35627,54.02323],[-2.34988,54.01728],[-2.34504,54.01225],[-2.34776,54.00907],[-2.35264,54.00449],[-2.35262,54.00182],[-2.35206,53.99493],[-2.34972,53.99058],[-2.34683,53.98885],[-2.34326,53.98673],[-2.33982,53.98506],[-2.33423,53.98288],[-2.3277,53.98182],[-2.32426,53.98179],[-2.32108,53.98143],[-2.31811,53.98094],[-2.3172,53.97953],[-2.31385,53.9765],[-2.30644,53.97224],[-2.29249,53.96255],[-2.28818,53.95936],[-2.28695,53.95496],[-2.27935,53.94889],[-2.2721,53.94215],[-2.27042,53.93806],[-2.26922,53.93743],[-2.26381,53.93625],[-2.25969,53.93553],[-2.27271,53.93254],[-2.27883,53.931],[-2.28409,53.92711],[-2.28632,53.92548],[-2.28739,53.92438],[-2.28889,53.92373],[-2.2966,53.92284],[-2.30311,53.92115],[-2.31065,53.92057],[-2.33202,53.91212],[-2.3406,53.90717],[-2.34592,53.9053],[-2.34558,53.9012],[-2.3447,53.89602],[-2.34521,53.89414],[-2.34691,53.89225],[-2.34804,53.89062],[-2.35397,53.8906],[-2.35879,53.8935],[-2.36964,53.89718],[-2.37379,53.89591],[-2.37674,53.89412],[-2.37881,53.89331],[-2.38132,53.89295],[-2.38607,53.89309],[-2.38876,53.89216],[-2.38991,53.89063],[-2.39334,53.88893],[-2.3953,53.88782],[-2.39663,53.88615],[-2.39367,53.8856],[-2.39246,53.8845],[-2.39416,53.88229],[-2.39918,53.88113],[-2.40335,53.87867],[-2.41253,53.87707],[-2.41493,53.87093],[-2.41774,53.86862],[-2.42386,53.86879],[-2.43304,53.8712],[-2.43734,53.87108],[-2.44165,53.87212],[-2.44376,53.87255],[-2.44466,53.87353],[-2.44939,53.87404],[-2.45894,53.87723],[-2.47767,53.87839],[-2.48083,53.87991],[-2.48235,53.87985],[-2.48365,53.87942],[-2.48702,53.87759],[-2.4883,53.88041],[-2.48759,53.88185],[-2.48769,53.88282],[-2.48917,53.88354],[-2.49049,53.88346],[-2.49181,53.88298],[-2.49257,53.88215],[-2.49394,53.88187],[-2.49559,53.88214],[-2.49732,53.88328],[-2.49931,53.88427],[-2.5013,53.88444],[-2.50592,53.88454],[-2.50802,53.88512],[-2.5102,53.88514],[-2.51188,53.88499],[-2.51372,53.88434],[-2.51583,53.885],[-2.51767,53.88318],[-2.51958,53.88272],[-2.52183,53.88338],[-2.52404,53.88432],[-2.526,53.88399],[-2.53016,53.88248],[-2.53535,53.88344],[-2.53814,53.88413],[-2.53853,53.88633],[-2.54145,53.88585],[-2.542,53.88594],[-2.54267,53.88669],[-2.54273,53.8875],[-2.54235,53.88795],[-2.54075,53.88851],[-2.54032,53.89014],[-2.53867,53.89077],[-2.5396,53.89146],[-2.53976,53.89217],[-2.54033,53.89308],[-2.54168,53.89364],[-2.54024,53.89507],[-2.54205,53.89661],[-2.53985,53.89957],[-2.54351,53.90338],[-2.55397,53.9088],[-2.55825,53.90938],[-2.56263,53.91015],[-2.56685,53.91103],[-2.56866,53.91189],[-2.56876,53.91214],[-2.56908,53.91225],[-2.57009,53.91261],[-2.5715,53.91399],[-2.57362,53.91494],[-2.5754,53.91565],[-2.57488,53.92132],[-2.60144,53.94129],[-2.60172,53.94182],[-2.602,53.9423],[-2.6021,53.94208],[-2.60237,53.94227],[-2.60221,53.94219],[-2.60169,53.94442],[-2.60271,53.94635],[-2.60749,53.95232],[-2.57784,53.97344],[-2.56426,53.9777],[-2.57453,53.98524],[-2.57339,53.98999],[-2.58005,53.99762],[-2.57993,54.00728],[-2.57678,54.01035],[-2.57531,54.01195],[-2.57127,54.01306],[-2.4866,54.04236],[-2.47628,54.04519],[-2.4651,54.0445],[-2.44755,54.0412],[-2.40901,54.04286]]]}},{"type":"Feature","properties":{"source_code":"P81013","codes":["P81013"],"label":"QUEEN SQUARE MEDICAL PRACTICE"},"geometry":{"type":"Polygon","coordinates":[[[-2.81507,54.06767],[-2.81659,54.06916],[-2.81904,54.07191],[-2.82156,54.07685],[-2.82179,54.07986],[-2.81915,54.08633],[-2.82,54.09002],[-2.8193,54.09406],[-2.81757,54.09822],[-2.81645,54.10159],[-2.8131,54.10657],[-2.81016,54.10854],[-2.80828,54.10899],[-2.80629,54.10912],[-2.80279,54.11242],[-2.8014,54.11361],[-2.80043,54.11484],[-2.79894,54.11565],[-2.79391,54.11472],[-2.78836,54.11421],[-2.78781,54.11339],[-2.78559,54.11274],[-2.78049,54.11139],[-2.77546,54.11145],[-2.76594,54.10609],[-2.7663,54.10469],[-2.76661,54.10415],[-2.77255,54.09771],[-2.75275,54.09953],[-2.75192,54.09983],[-2.7514,54.09922],[-2.75098,54.09853],[-2.75022,54.09717],[-2.75059,54.09496],[-2.75126,54.09289],[-2.74977,54.09198],[-2.74878,54.09115],[-2.74677,54.08861],[-2.74557,54.08787],[-2.74461,54.08683],[-2.74437,54.0865],[-2.7442,54.08614],[-2.74226,54.0873],[-2.74138,54.08827],[-2.74003,54.08895],[-2.73849,54.09008],[-2.73689,54.09118],[-2.733,54.09359],[-2.73075,54.09429],[-2.72785,54.09558],[-2.72505,54.09656],[-2.72218,54.09883],[-2.71903,54.10111],[-2.71253,54.1006],[-2.70646,54.10106],[-2.70314,54.10099],[-2.69862,54.10083],[-2.69444,54.10178],[-2.69121,54.10205],[-2.6884,54.10267],[-2.68314,54.10359],[-2.67732,54.10272],[-2.6674,54.09837],[-2.66708,54.096],[-2.66512,54.09501],[-2.66451,54.09415],[-2.6643,54.09385],[-2.66405,54.09383],[-2.66377,54.09381],[-2.6635,54.09377],[-2.66298,54.09348],[-2.66236,54.09313],[-2.66101,54.09309],[-2.65994,54.09257],[-2.65894,54.0922],[-2.65064,54.08856],[-2.62133,54.06276],[-2.62432,54.02319],[-2.62442,54.02302],[-2.62457,54.02287],[-2.62481,54.02256],[-2.67054,54.02146],[-2.69985,54.00974],[-2.69776,54.00682],[-2.69395,54.00502],[-2.69217,54.00097],[-2.70542,53.99873],[-2.72744,54.0001],[-2.74341,53.99612],[-2.75072,53.9932],[-2.7595,53.99244],[-2.76143,53.98822],[-2.77079,53.99151],[-2.77585,53.99072],[-2.78062,53.98988],[-2.78085,53.98895],[-2.78139,53.98658],[-2.78572,53.98153],[-2.7922,53.98411],[-2.80113,53.98181],[-2.80336,53.98154],[-2.80619,53.98162],[-2.81096,53.98317],[-2.815,53.98533],[-2.81759,53.98819],[-2.82146,53.99128],[-2.82747,53.9927],[-2.82667,53.99397],[-2.82599,53.99517],[-2.8262,53.99705],[-2.83025,53.99709],[-2.83339,54.00076],[-2.8325,54.00489],[-2.83313,54.00573],[-2.83316,54.00686],[-2.82962,54.01407],[-2.83055,54.02015],[-2.83011,54.02315],[-2.82907,54.0261],[-2.82932,54.03087],[-2.83404,54.03428],[-2.83937,54.03786],[-2.84205,54.0401],[-2.8433,54.04224],[-2.8431,54.04457],[-2.84094,54.04644],[-2.83586,54.04745],[-2.82836,54.05002],[-2.82426,54.0514],[-2.82249,54.05183],[-2.81556,54.05334],[-2.81251,54.05453],[-2.81081,54.05482],[-2.80867,54.05458],[-2.80908,54.0579],[-2.81058,54.06138],[-2.81145,54.06299],[-2.81507,54.06767]]]}},{"type":"Feature","properties":{"source_code":"P81002","codes":["P81002"],"label":"LANCASTER MEDICAL PRACTICE"},"geometry":{"type":"MultiPolygon","coordinates":[[[[-2.78945,54.11523],[-2.77634,54.11391],[-2.76467,54.1131],[-2.75163,54.11189],[-2.74614,54.10827],[-2.73653,54.10746],[-2.72829,54.10022],[-2.72143,54.09821],[-2.71731,54.09418],[-2.71525,54.08894],[-2.70907,54.08572],[-2.70015,54.08331],[-2.69892,54.08291],[-2.69877,54.08288],[-2.69842,54.08274],[-2.69397,54.08129],[-2.6918,54.08011],[-2.68538,54.07755],[-2.68432,54.07603],[-2.6775,54.07283],[-2.67269,54.0684],[-2.66858,54.06598],[-2.66309,54.05832],[-2.66349,54.05621],[-2.66264,54.05503],[-2.6589,54.05208],[-2.66021,54.04954],[-2.66143,54.0468],[-2.66384,54.04271],[-2.66557,54.04096],[-2.66309,54.03696],[-2.65004,54.03252],[-2.64112,54.02768],[-2.63289,54.02486],[-2.62396,54.0184],[-2.61847,54.01195],[-2.6123,54.0059],[-2.60749,54.00065],[-2.60475,53.99419],[-2.60543,53.98733],[-2.60543,53.98168],[-2.61024,53.97885],[-2.61779,53.97562],[-2.62808,53.9732],[-2.63769,53.97037],[-2.64936,53.96916],[-2.65622,53.96552],[-2.6672,53.9635],[-2.67338,53.9635],[-2.67956,53.95906],[-2.68711,53.96027],[-2.6974,53.953],[-2.7077,53.95179],[-2.71799,53.95098],[-2.7228,53.94815],[-2.73515,53.94653],[-2.7427,53.94694],[-2.75506,53.94977],[-2.76741,53.95057],[-2.78114,53.95381],[-2.79967,53.95542],[-2.80859,53.95704],[-2.81889,53.95785],[-2.83399,53.96068],[-2.83948,53.9631],[-2.83948,53.96593],[-2.8436,53.96997],[-2.85595,53.96916],[-2.86007,53.97077],[-2.86968,53.97199],[-2.87517,53.97602],[-2.86899,53.98127],[-2.86488,53.98571],[-2.86773,53.99038],[-2.87095,53.98966],[-2.87267,53.99185],[-2.87266,53.99187],[-2.87568,53.99203],[-2.87431,53.99324],[-2.87221,53.99324],[-2.87155,53.99526],[-2.87018,54.00111],[-2.86469,54.00293],[-2.86322,54.00284],[-2.86213,54.00388],[-2.85389,54.00388],[-2.84634,54.0063],[-2.83674,54.00791],[-2.8349,54.00972],[-2.83241,54.01665],[-2.8312,54.02268],[-2.83124,54.02325],[-2.83193,54.02849],[-2.83473,54.03474],[-2.83838,54.03643],[-2.8416,54.03958],[-2.84353,54.04137],[-2.84417,54.04301],[-2.84271,54.04609],[-2.84034,54.04698],[-2.83742,54.05188],[-2.83399,54.0551],[-2.83399,54.05994],[-2.82781,54.06316],[-2.82232,54.0692],[-2.82026,54.07646],[-2.82164,54.08532],[-2.81477,54.09458],[-2.8134,54.10344],[-2.80379,54.10988],[-2.78945,54.11523]]],[[[-2.78945,54.11523],[-2.79624,54.11592],[-2.78869,54.11552],[-2.78945,54.11523]]]]}},{"type":"Feature","properties":{"source_code":"B82007","codes":["B82007"],"label":"TOWNHEAD SURGERY"},"geometry":{"type":"Polygon","coordinates":[[[-2.48978,54.13348],[-2.48978,54.1753],[-2.36755,54.20824],[-2.23022,54.20904],[-2.16431,54.19699],[-2.06543,54.14152],[-2.08328,54.12302],[-2.15332,53.98194],[-2.22061,53.97709],[-2.23022,53.98759],[-2.3291,53.99566],[-2.41699,53.98274],[-2.45956,54.01665],[-2.48978,54.13348]]]}},{"type":"Feature","properties":{"source_code":"Y01008","codes":["Y01008"],"label":"BAY MEDICAL GROUP"},"geometry":{"type":"Polygon","coordinates":[[[-2.83027,54.08588],[-2.8196,54.08364],[-2.83437,54.05059],[-2.84055,54.04797],[-2.84571,54.04434],[-2.84433,54.04092],[-2.8409,54.03567],[-2.8354,54.02902],[-2.83506,54.02136],[-2.83506,54.01389],[-2.83781,54.00865],[-2.84399,54.00522],[-2.85361,54.00683],[-2.86117,54.00522],[-2.86082,54.01046],[-2.86872,54.01349],[-2.87388,54.00804],[-2.87663,54.00482],[-2.87628,54.00017],[-2.87628,53.99533],[-2.87937,53.99129],[-2.88281,53.99694],[-2.8859,54.00138],[-2.89243,54.00542],[-2.89724,54.00825],[-2.8993,54.01248],[-2.89999,54.01652],[-2.90239,54.02015],[-2.90789,54.02095],[-2.91201,54.02337],[-2.91613,54.02579],[-2.91888,54.02983],[-2.92198,54.03245],[-2.91476,54.03527],[-2.90652,54.03749],[-2.90411,54.04192],[-2.90445,54.04616],[-2.89999,54.04797],[-2.8938,54.05301],[-2.89106,54.05724],[-2.88934,54.05966],[-2.88418,54.0647],[-2.87731,54.07014],[-2.86941,54.07236],[-2.85498,54.07578],[-2.84468,54.07779],[-2.83231,54.08303],[-2.83027,54.08588]]]}},{"type":"Feature","properties":{"source_code":"B82004","codes":["B82004"],"label":"NIDDERDALE GROUP PRACTICE"},"geometry":{"type":"Polygon","coordinates":[[[-1.55456,54.01135],[-1.5509,54.00742],[-1.54976,54.00536],[-1.54819,54.00302],[-1.54719,53.99958],[-1.55028,53.99917],[-1.55207,53.99859],[-1.55564,53.9973],[-1.56557,53.99385],[-1.56924,53.99211],[-1.56678,53.99151],[-1.5624,53.98965],[-1.55603,53.98233],[-1.5738,53.97879],[-1.59242,53.97525],[-1.60641,53.96336],[-1.68297,53.94396],[-1.72108,53.93426],[-1.82158,53.9888],[-1.81704,53.99345],[-1.82005,53.9977],[-1.82881,54.00378],[-1.83397,54.01513],[-1.84564,54.01395],[-1.8532,54.0297],[-1.87072,54.03661],[-1.86704,54.05319],[-1.85565,54.05512],[-1.85319,54.06309],[-1.84414,54.07017],[-1.86424,54.08115],[-1.86832,54.09783],[-1.88476,54.10244],[-1.90939,54.1209],[-1.9402,54.12548],[-1.95866,54.13368],[-1.96063,54.14751],[-1.97634,54.15731],[-1.9941,54.15706],[-2.00638,54.1753],[-1.97462,54.19047],[-1.94149,54.20081],[-1.88879,54.21095],[-1.87549,54.22164],[-1.8512,54.22671],[-1.76605,54.19177],[-1.62314,54.11446],[-1.60254,54.09413],[-1.58049,54.07243],[-1.5513,54.04558],[-1.53422,54.03172],[-1.55203,54.01496],[-1.55775,54.01404],[-1.55571,54.01258],[-1.55456,54.01135]]]}},{"type":"Feature","properties":{"source_code":"A82071","codes":["A82071"],"label":"BURNETT EDGAR MEDICAL CTR"},"geometry":{"type":"Polygon","coordinates":[[[-3.24601,54.11189],[-3.22895,54.09162],[-3.23538,54.09865],[-3.22586,54.08678],[-3.18329,54.06825],[-3.16818,54.05536],[-3.17642,54.04488],[-3.20711,54.04563],[-3.21075,54.04407],[-3.23822,54.06987],[-3.26981,54.09564],[-3.28354,54.13991],[-3.25195,54.14152],[-3.24783,54.11416],[-3.24601,54.11189]]]}},{"type":"Feature","properties":{"source_code":"A82062","codes":["A82062"],"label":"ATKINSON HEALTH CENTRE"},"geometry":{"type":"Polygon","coordinates":[[[-3.27736,54.14152],[-3.19608,54.14303],[-3.12819,54.12664],[-3.13162,54.10541],[-3.15136,54.06664],[-3.20938,54.0606],[-3.24715,54.07047],[-3.26174,54.08245],[-3.27839,54.10309],[-3.27736,54.14152]]]}},{"type":"Feature","properties":{"source_code":"A82010","codes":["A82010"],"label":"ABBEY ROAD SURGERY"},"geometry":{"type":"Polygon","coordinates":[[[-3.21007,54.15741],[-3.20766,54.1564],[-3.19702,54.14293],[-3.18981,54.13428],[-3.18226,54.121],[-3.18226,54.11678],[-3.18878,54.11195],[-3.20835,54.11054],[-3.21178,54.11658],[-3.21934,54.12141],[-3.22174,54.1202],[-3.23067,54.12503],[-3.23479,54.13368],[-3.22552,54.15299],[-3.21007,54.15741]]]}},{"type":"Feature","properties":{"source_code":"A82072","codes":["A82072"],"label":"RISEDALE SURGERY"},"geometry":{"type":"Polygon","coordinates":[[[-3.24921,54.17972],[-3.20955,54.18464],[-3.19599,54.16223],[-3.17162,54.14474],[-3.10432,54.12624],[-3.10261,54.11054],[-3.14346,54.09081],[-3.14312,54.05616],[-3.1826,54.03117],[-3.29315,54.06866],[-3.2856,54.15399],[-3.24921,54.17972]]]}},{"type":"Feature","properties":{"source_code":"A82007","codes":["A82007"],"label":"DUKE STREET SURGERY"},"geometry":{"type":"Polygon","coordinates":[[[-3.25195,54.14997],[-3.162,54.14072],[-3.1105,54.11819],[-3.16956,54.0356],[-3.22586,54.04084],[-3.30826,54.1379],[-3.26981,54.15761],[-3.25195,54.14997]]]}},{"type":"Feature","properties":{"source_code":"A82009","codes":["A82009"],"label":"BRIDGEGATE MEDICAL CENTRE"},"geometry":{"type":"Polygon","coordinates":[[[-3.17917,54.14715],[-3.15908,54.14223],[-3.13351,54.14454],[-3.08029,54.15077],[-3.0942,54.12352],[-3.13007,54.10309],[-3.16183,54.08145],[-3.15299,54.06961],[-3.15582,54.05576],[-3.17642,54.07128],[-3.21419,54.08286],[-3.21985,54.08733],[-3.22552,54.0926],[-3.21075,54.10133],[-3.21899,54.10625],[-3.22878,54.10906],[-3.23241,54.10991],[-3.23637,54.11085],[-3.23831,54.11265],[-3.23568,54.11412],[-3.23838,54.11619],[-3.23644,54.1173],[-3.23142,54.11419],[-3.22453,54.11804],[-3.2203,54.12118],[-3.22057,54.1221],[-3.21688,54.12752],[-3.20917,54.1323],[-3.19968,54.14047],[-3.19294,54.14507],[-3.18923,54.15461],[-3.18689,54.1555],[-3.17917,54.14715]]]}},{"type":"Feature","properties":{"source_code":"A82629","codes":["A82629"],"label":"THE FAMILY PRACTICE"},"geometry":{"type":"Polygon","coordinates":[[[-3.22655,54.16203],[-3.15033,54.16545],[-3.11566,54.15671],[-3.10845,54.14152],[-3.12424,54.10309],[-3.21281,54.04447],[-3.26088,54.08598],[-3.28079,54.11879],[-3.27873,54.14353],[-3.22655,54.16203]]]}},{"type":"Feature","properties":{"source_code":"B82061","codes":["B82061"],"label":"BENTHAM MEDICAL PRACTICE"},"geometry":{"type":"Polygon","coordinates":[[[-2.58591,54.1982],[-2.32498,54.2231],[-2.3497,54.07752],[-2.69646,54.08115],[-2.58591,54.1982]]]}},{"type":"Feature","properties":{"source_code":"A82008","codes":["A82008"],"label":"NORWOOD MEDICAL CENTRE"},"geometry":{"type":"Polygon","coordinates":[[[-3.21075,54.18695],[-3.1263,54.15037],[-3.11737,54.11477],[-3.15685,54.0884],[-3.15651,54.05455],[-3.17368,54.04367],[-3.21487,54.04326],[-3.25195,54.07873],[-3.28697,54.13106],[-3.27736,54.14595],[-3.25539,54.16846],[-3.24577,54.17128],[-3.22861,54.17088],[-3.21075,54.18695]]]}},{"type":"Feature","properties":{"source_code":"P81029","codes":["P81029"],"label":"ASH TREES SURGERY"},"geometry":{"type":"Polygon","coordinates":[[[-2.8022,54.16947],[-2.80357,54.16808],[-2.79362,54.17429],[-2.77096,54.17952],[-2.72221,54.18956],[-2.62676,54.16786],[-2.61681,54.16545],[-2.63294,54.14032],[-2.64736,54.12121],[-2.66762,54.10611],[-2.69268,54.09585],[-2.69301,54.09591],[-2.69234,54.09484],[-2.71191,54.07631],[-2.76993,54.07571],[-2.77008,54.07613],[-2.77027,54.07591],[-2.82005,54.08819],[-2.81834,54.09947],[-2.81113,54.10873],[-2.80598,54.10933],[-2.79467,54.12192],[-2.79533,54.12221],[-2.81559,54.13629],[-2.82349,54.14756],[-2.81945,54.1532],[-2.82898,54.15399],[-2.83585,54.16163],[-2.83413,54.16645],[-2.83928,54.1761],[-2.84203,54.17851],[-2.8331,54.18896],[-2.81793,54.19187],[-2.8022,54.16947]]]}},{"type":"Feature","properties":{"source_code":"A82039","codes":["A82039"],"label":"DALTON SURGERY"},"geometry":{"type":"Polygon","coordinates":[[[-3.2135,54.19057],[-3.0899,54.1994],[-3.06862,54.19559],[-3.05489,54.19298],[-3.06158,54.16846],[-3.0772,54.15319],[-3.08802,54.1369],[-3.10776,54.12463],[-3.15462,54.12996],[-3.19736,54.14273],[-3.2214,54.17439],[-3.2135,54.19057]]]}},{"type":"Feature","properties":{"source_code":"A82053","codes":["A82053"],"label":"NUTWOOD MEDICAL PRACTICE"},"geometry":{"type":"Polygon","coordinates":[[[-2.88575,54.19812],[-2.88543,54.19858],[-2.88614,54.1981],[-2.88599,54.19795],[-2.88575,54.19812],[-2.88592,54.19788],[-2.88521,54.19719],[-2.88509,54.19711],[-2.88511,54.19687],[-2.88539,54.1963],[-2.88661,54.1955],[-2.8867,54.19495],[-2.88711,54.19457],[-2.88752,54.19455],[-2.88752,54.19456],[-2.88769,54.19438],[-2.88763,54.19472],[-2.88795,54.19519],[-2.88784,54.19614],[-2.88749,54.19627],[-2.88739,54.19668],[-2.88803,54.199],[-2.88563,54.19976],[-2.88756,54.19924],[-2.90056,54.19639],[-2.9037,54.19531],[-2.90682,54.19386],[-2.90699,54.19368],[-2.91251,54.18764],[-2.91275,54.18715],[-2.91524,54.1846],[-2.92028,54.17662],[-2.92035,54.1764],[-2.92046,54.17633],[-2.92048,54.1763],[-2.92696,54.17115],[-2.92764,54.17017],[-2.93146,54.16816],[-2.93644,54.16756],[-2.98416,54.16816],[-2.98107,54.18223],[-2.98095,54.18296],[-2.98262,54.18386],[-2.9845,54.18538],[-2.98433,54.18713],[-2.97938,54.19286],[-2.97764,54.20382],[-2.97455,54.2257],[-2.97249,54.23704],[-2.96734,54.26823],[-2.92811,54.26583],[-2.88786,54.26723],[-2.81439,54.26171],[-2.84615,54.23273],[-2.85915,54.21534],[-2.87619,54.20232],[-2.8824,54.20064],[-2.88287,54.20032],[-2.88189,54.20075],[-2.88575,54.19812]],[[-2.91156,54.18953],[-2.9125,54.18764],[-2.907,54.19368],[-2.90917,54.19146],[-2.91156,54.18953]],[[-2.91893,54.18082],[-2.91904,54.18046],[-2.91576,54.18406],[-2.91893,54.18082]]]}},{"type":"Feature","properties":{"source_code":"A82003","codes":["A82003"],"label":"ULVERSTON MEDICAL PRACTICE"},"geometry":{"type":"Polygon","coordinates":[[[-3.12235,54.23107],[-3.12104,54.23212],[-3.12004,54.23309],[-3.11973,54.23412],[-3.12029,54.23696],[-3.119,54.23788],[-3.1158,54.2397],[-3.11406,54.24081],[-3.11411,54.2414],[-3.11359,54.24221],[-3.11221,54.24368],[-3.11133,54.24386],[-3.1095,54.24477],[-3.10867,54.24414],[-3.10778,54.24389],[-3.10694,54.24298],[-3.10595,54.24236],[-3.10491,54.24237],[-3.10258,54.24276],[-3.10117,54.24262],[-3.0997,54.24276],[-3.09853,54.24145],[-3.09517,54.24233],[-3.09092,54.24274],[-3.0887,54.24345],[-3.08739,54.24409],[-3.08673,54.24447],[-3.08586,54.24434],[-3.0777,54.24312],[-3.07794,54.2419],[-3.07868,54.24035],[-3.07836,54.23992],[-3.07737,54.24006],[-3.07712,54.23983],[-3.07609,54.24022],[-3.07437,54.24302],[-3.07253,54.24454],[-3.07025,54.24526],[-3.06845,54.2469],[-3.06674,54.24763],[-3.06519,54.24698],[-3.06452,54.24327],[-3.06385,54.24228],[-3.06251,54.24109],[-3.06035,54.23951],[-3.05827,54.23777],[-3.05565,54.2365],[-3.05504,54.23535],[-3.05192,54.23556],[-3.04982,54.23549],[-3.05098,54.22543],[-3.04527,54.21928],[-3.03678,54.21617],[-3.03343,54.21306],[-3.03729,54.20889],[-3.03875,54.20372],[-3.05832,54.17309],[-3.06124,54.16189],[-3.08511,54.14224],[-3.09061,54.14095],[-3.09407,54.14059],[-3.09617,54.13704],[-3.09797,54.13496],[-3.10089,54.13222],[-3.1054,54.13722],[-3.11797,54.14116],[-3.12201,54.14261],[-3.13093,54.1444],[-3.13437,54.14426],[-3.14363,54.14318],[-3.14896,54.14343],[-3.14758,54.14826],[-3.14859,54.15081],[-3.1484,54.15849],[-3.15024,54.15977],[-3.1505,54.16233],[-3.15098,54.16555],[-3.15043,54.1668],[-3.14908,54.1694],[-3.15075,54.1718],[-3.1534,54.17424],[-3.15623,54.1775],[-3.15961,54.18051],[-3.16078,54.18233],[-3.1626,54.18141],[-3.16563,54.18101],[-3.16817,54.18138],[-3.16871,54.1825],[-3.16827,54.18362],[-3.16702,54.18466],[-3.16452,54.1848],[-3.16251,54.18462],[-3.16014,54.1831],[-3.15951,54.18389],[-3.15902,54.18482],[-3.15883,54.1859],[-3.15848,54.18694],[-3.1581,54.1878],[-3.15802,54.18974],[-3.15653,54.19076],[-3.1562,54.19167],[-3.15641,54.19457],[-3.15287,54.19728],[-3.15009,54.19987],[-3.14603,54.20301],[-3.14213,54.20545],[-3.14064,54.20713],[-3.13824,54.20918],[-3.13646,54.20962],[-3.13263,54.2114],[-3.13132,54.21266],[-3.1299,54.21286],[-3.12535,54.21542],[-3.12492,54.21672],[-3.12403,54.21783],[-3.12322,54.21864],[-3.12305,54.2204],[-3.12264,54.22213],[-3.12234,54.22488],[-3.1231,54.22718],[-3.12354,54.22777],[-3.12359,54.22881],[-3.12342,54.23035],[-3.12235,54.23107]]]}},{"type":"Feature","properties":{"source_code":"A82068","codes":["A82068"],"label":"ULVERSTON COMMUNITY HEALTH CENTRE"},"geometry":{"type":"MultiPolygon","coordinates":[[[[-3.15699,54.12588],[-3.15582,54.12543],[-3.15788,54.12583],[-3.15699,54.12588]]],[[[-3.10988,54.13326],[-3.10984,54.13329],[-3.10981,54.1333],[-3.10954,54.1334],[-3.10964,54.13332],[-3.10988,54.13326]]],[[[-3.08639,54.14206],[-3.086,54.14221],[-3.08441,54.14192],[-3.08484,54.14193],[-3.08639,54.14206]]],[[[-3.08639,54.14206],[-3.10954,54.1334],[-3.10784,54.13477],[-3.09643,54.14323],[-3.09574,54.14323],[-3.09557,54.14283],[-3.08639,54.14206]]],[[[-3.15018,54.22891],[-3.15033,54.22891],[-3.15025,54.22901],[-3.1501,54.22904],[-3.15018,54.22891]]],[[[-3.15025,54.22901],[-3.15067,54.22891],[-3.14998,54.22932],[-3.15025,54.22901]]],[[[-3.14998,54.22932],[-3.14979,54.22954],[-3.14976,54.22945],[-3.14978,54.22944],[-3.14981,54.22952],[-3.14991,54.22936],[-3.14998,54.22932]]],[[[-3.14979,54.22954],[-3.14985,54.22972],[-3.14964,54.22972],[-3.14979,54.22954]]],[[[-3.04871,54.23393],[-3.04939,54.2251],[-3.04321,54.21828],[-3.03875,54.21486],[-3.03841,54.21065],[-3.04321,54.20543],[-3.06862,54.18333],[-3.06725,54.16766],[-3.07137,54.15801],[-3.07978,54.15007],[-3.08441,54.14595],[-3.08527,54.14248],[-3.086,54.14221],[-3.09634,54.14406],[-3.10784,54.13477],[-3.10984,54.13329],[-3.13556,54.12714],[-3.10988,54.13326],[-3.10999,54.13318],[-3.1354,54.12714],[-3.15699,54.12588],[-3.15789,54.12623],[-3.18878,54.15078],[-3.18946,54.16264],[-3.19118,54.16183],[-3.15018,54.22891],[-3.14964,54.22892],[-3.14964,54.22915],[-3.14896,54.22931],[-3.14999,54.23012],[-3.14985,54.22972],[-3.15068,54.22972],[-3.15033,54.23032],[-3.11326,54.24056],[-3.11256,54.24075],[-3.09849,54.24587],[-3.06072,54.24396],[-3.04871,54.23393]]],[[[-3.14966,54.22915],[-3.14966,54.22915],[-3.14965,54.22912],[-3.14966,54.22915]]],[[[-3.14966,54.22915],[-3.1501,54.22904],[-3.14991,54.22936],[-3.14978,54.22944],[-3.14966,54.22915]]],[[[-3.14966,54.22915],[-3.14976,54.22945],[-3.14964,54.22952],[-3.14964,54.22915],[-3.14966,54.22915]]]]}},{"type":"Feature","properties":{"source_code":"A82647","codes":["A82647"],"label":"CARTMEL SURGERY"},"geometry":{"type":"Polygon","coordinates":[[[-2.96923,54.30681],[-2.96948,54.30663],[-2.94931,54.27906],[-2.93095,54.28477],[-2.91914,54.28459],[-2.89681,54.28312],[-2.87704,54.28469],[-2.87121,54.28337],[-2.86906,54.28231],[-2.867,54.28101],[-2.85722,54.26297],[-2.84458,54.23914],[-2.83714,54.23128],[-2.82971,54.21931],[-2.84205,54.20614],[-2.88803,54.1986],[-2.8999,54.19619],[-2.9097,54.19016],[-2.92176,54.17489],[-2.92848,54.16728],[-2.93451,54.1666],[-2.92955,54.15758],[-2.93215,54.15097],[-2.93949,54.15884],[-2.95524,54.15505],[-2.97541,54.14906],[-3.00064,54.15439],[-3.00347,54.15962],[-2.99772,54.16485],[-3.03223,54.19217],[-3.03497,54.198],[-3.02433,54.20091],[-3.01575,54.20021],[-3.02862,54.22189],[-3.05012,54.22478],[-3.05017,54.23248],[-3.06452,54.24368],[-3.07174,54.25527],[-3.06376,54.25865],[-3.05321,54.26716],[-3.05268,54.27324],[-3.04615,54.28247],[-3.01652,54.29176],[-3.01609,54.29193],[-3.01536,54.29366],[-3.011,54.29721],[-2.98378,54.30578],[-2.97116,54.30661],[-2.96923,54.30681]]]}},{"type":"Feature","properties":{"source_code":"A82030","codes":["A82030"],"label":"LUNESDALE SURGERY"},"geometry":{"type":"MultiPolygon","coordinates":[[[[-2.71425,54.13609],[-2.71425,54.13609],[-2.71431,54.13609],[-2.71425,54.13609]]],[[[-2.7092,54.22832],[-2.71088,54.23213],[-2.71156,54.23453],[-2.7092,54.22832]]],[[[-2.52548,54.13348],[-2.52652,54.1335],[-2.52652,54.1335],[-2.52548,54.13348],[-2.52548,54.13348],[-2.52531,54.13348],[-2.52887,54.13095],[-2.529,54.13081],[-2.53256,54.12833],[-2.56651,54.10417],[-2.61724,54.09868],[-2.66762,54.09096],[-2.66854,54.09182],[-2.67586,54.09182],[-2.6841,54.09343],[-2.69577,54.09444],[-2.70641,54.09705],[-2.71671,54.10027],[-2.72255,54.10571],[-2.72186,54.11436],[-2.71809,54.12261],[-2.71774,54.12925],[-2.71637,54.1365],[-2.71601,54.13617],[-2.71568,54.15319],[-2.70757,54.16459],[-2.70701,54.16632],[-2.7065,54.16704],[-2.69749,54.19699],[-2.69722,54.1968],[-2.7007,54.20595],[-2.70247,54.20899],[-2.7044,54.21571],[-2.7092,54.22832],[-2.70813,54.2259],[-2.70584,54.22071],[-2.70733,54.22588],[-2.70744,54.2257],[-2.71053,54.23213],[-2.71053,54.23514],[-2.70538,54.23855],[-2.70058,54.24136],[-2.69952,54.24202],[-2.66157,54.28053],[-2.6641,54.27986],[-2.64504,54.29148],[-2.63869,54.29258],[-2.62571,54.2928],[-2.61263,54.29459],[-2.60908,54.29544],[-2.58983,54.29589],[-2.58694,54.29639],[-2.5811,54.29639],[-2.57516,54.29624],[-2.56016,54.29659],[-2.55976,54.29513],[-2.55561,54.29404],[-2.5496,54.28883],[-2.54797,54.28427],[-2.54894,54.28475],[-2.52411,54.25841],[-2.51244,54.22791],[-2.50694,54.1994],[-2.50694,54.17972],[-2.52372,54.13788],[-2.52278,54.13873],[-2.52441,54.13614],[-2.52548,54.13348]]],[[[-2.71425,54.13609],[-2.71274,54.14626],[-2.71582,54.136],[-2.71445,54.13474],[-2.71425,54.13609],[-2.61938,54.13458],[-2.55235,54.11452],[-2.61951,54.13466],[-2.52852,54.13352],[-2.52851,54.13352],[-2.71425,54.13609]]],[[[-2.69406,54.19459],[-2.69852,54.20223],[-2.69719,54.19678],[-2.69406,54.19459]]],[[[-2.62469,54.29282],[-2.6205,54.29289],[-2.6197,54.29289],[-2.61865,54.29314],[-2.62469,54.29282]]]]}},{"type":"Feature","properties":{"source_code":"A82033","codes":["A82033"],"label":"WATERLOO HOUSE SURGERY"},"geometry":{"type":"Polygon","coordinates":[[[-3.26637,54.21225],[-3.24518,54.22047],[-3.22743,54.21623],[-3.21938,54.19732],[-3.31178,54.18117],[-3.33246,54.1975],[-3.35864,54.22144],[-3.37104,54.23601],[-3.35392,54.24416],[-3.22936,54.28435],[-3.22088,54.23684],[-3.26637,54.21225]]]}},{"type":"Feature","properties":{"source_code":"P81113","codes":["P81113"],"label":"PARK VIEW SURGERY"},"geometry":{"type":"MultiPolygon","coordinates":[[[[-2.71391,54.22189],[-2.71491,54.21411],[-2.71794,54.20381],[-2.71391,54.22189]]],[[[-2.71391,54.22189],[-2.71378,54.22291],[-2.71272,54.22723],[-2.71391,54.22189]]],[[[-2.81799,54.27645],[-2.76306,54.27605],[-2.71362,54.27625],[-2.67157,54.27625],[-2.68195,54.26918],[-2.68468,54.26426],[-2.68603,54.25893],[-2.69491,54.25269],[-2.69751,54.24716],[-2.70422,54.24264],[-2.713,54.22898],[-2.71378,54.22291],[-2.72427,54.18012],[-2.7301,54.14776],[-2.73053,54.13476],[-2.73062,54.12337],[-2.7313,54.09907],[-2.73169,54.09909],[-2.75971,54.09912],[-2.81713,54.09917],[-2.81662,54.1037],[-2.80563,54.11175],[-2.79984,54.1157],[-2.79679,54.12246],[-2.80173,54.12898],[-2.81078,54.13348],[-2.8149,54.13572],[-2.81696,54.13906],[-2.82211,54.14736],[-2.82057,54.15429],[-2.82838,54.15384],[-2.83207,54.15781],[-2.83507,54.16279],[-2.83417,54.16678],[-2.83533,54.17218],[-2.84117,54.1768],[-2.84636,54.17922],[-2.85293,54.18122],[-2.86348,54.18273],[-2.86529,54.1863],[-2.86331,54.18936],[-2.86486,54.19187],[-2.86263,54.19298],[-2.85456,54.19433],[-2.84786,54.1977],[-2.83379,54.20297],[-2.83241,54.2042],[-2.82417,54.20583],[-2.82022,54.21045],[-2.80967,54.21677],[-2.80941,54.22289],[-2.80581,54.2254],[-2.79293,54.22791],[-2.79061,54.23082],[-2.79448,54.23333],[-2.79602,54.23795],[-2.79671,54.24015],[-2.79739,54.24236],[-2.8025,54.2467],[-2.81173,54.24662],[-2.81374,54.24956],[-2.81336,54.2565],[-2.81422,54.26342],[-2.82091,54.27395],[-2.81799,54.27645]]]]}},{"type":"Feature","properties":{"source_code":"A82651","codes":["A82651"],"label":"DUDDON VALLEY MEDICAL PRACTICE"},"geometry":{"type":"Polygon","coordinates":[[[-3.26981,54.22992],[-3.32474,54.26041],[-3.18604,54.41893],[-3.08578,54.33975],[-3.06107,54.23313],[-3.09128,54.18896],[-3.18466,54.15037],[-3.21075,54.15841],[-3.26019,54.22671],[-3.26981,54.22992]]]}},{"type":"Feature","properties":{"source_code":"A82650","codes":["A82650"],"label":"HAVERTHWAITE SURGERY"},"geometry":{"type":"Polygon","coordinates":[[[-2.92187,54.27974],[-2.9512,54.27324],[-2.92168,54.27966],[-2.92187,54.27974],[-2.92133,54.27986],[-2.9033,54.2729],[-2.90314,54.27284],[-2.90314,54.27284],[-2.90108,54.27204],[-2.88734,54.23634],[-2.89221,54.23394],[-2.89162,54.23251],[-2.88803,54.23393],[-2.87636,54.20382],[-2.9052,54.19699],[-2.92786,54.18293],[-2.97592,54.17007],[-3.00476,54.17851],[-3.03154,54.19298],[-3.06381,54.20222],[-3.06519,54.1978],[-3.05832,54.18173],[-3.06244,54.16686],[-3.07137,54.156],[-3.08578,54.15681],[-3.10776,54.15962],[-3.12355,54.16083],[-3.13591,54.17007],[-3.1517,54.17851],[-3.15651,54.18735],[-3.17368,54.20262],[-3.18535,54.22269],[-3.18672,54.22831],[-3.18398,54.23795],[-3.1826,54.24798],[-3.17574,54.256],[-3.1723,54.26081],[-3.15582,54.28246],[-3.14758,54.29769],[-3.12492,54.3001],[-3.10707,54.3013],[-3.08596,54.30235],[-3.07961,54.3037],[-3.07274,54.30451],[-3.06038,54.30451],[-3.04871,54.30451],[-3.04115,54.30451],[-3.03526,54.30436],[-3.01163,54.30491],[-2.98759,54.30531],[-2.96906,54.3029],[-2.96895,54.30266],[-2.96288,54.3025],[-2.96887,54.30248],[-2.967,54.2985],[-2.92187,54.27974]],[[-2.8926,54.23375],[-2.90932,54.2255],[-2.89179,54.23244],[-2.8926,54.23375]]]}},{"type":"Feature","properties":{"source_code":"B82045","codes":["B82045"],"label":"CENTRAL DALES PRACTICE"},"geometry":{"type":"Polygon","coordinates":[[[-2.34833,54.47802],[-2.08328,54.47882],[-1.72348,54.40375],[-1.85257,54.23072],[-2.01874,54.10933],[-2.50488,54.17851],[-2.55981,54.39015],[-2.34833,54.47802]]]}},{"type":"Feature","properties":{"source_code":"B82078","codes":["B82078"],"label":"LEYBURN MEDICAL PRACTICE"},"geometry":{"type":"Polygon","coordinates":[[[-1.71387,54.34935],[-1.68777,54.26041],[-2.10114,54.18092],[-2.09564,54.26522],[-1.9149,54.28201],[-1.92055,54.24737],[-1.91437,54.28206],[-1.9149,54.28201],[-1.90887,54.31893],[-1.81137,54.35015],[-1.71387,54.34935]]]}},{"type":"Feature","properties":{"source_code":"A82026","codes":["A82026"],"label":"THE JAMES COCHRANE PRACT."},"geometry":{"type":"Polygon","coordinates":[[[-2.68684,54.4401],[-2.62505,54.37376],[-2.612,54.36936],[-2.60513,54.36896],[-2.59758,54.36176],[-2.60994,54.35656],[-2.61131,54.35095],[-2.61063,54.33815],[-2.62024,54.32814],[-2.62848,54.32293],[-2.64015,54.31051],[-2.65045,54.29409],[-2.65526,54.27765],[-2.68204,54.25881],[-2.69577,54.24477],[-2.715,54.22831],[-2.72392,54.23072],[-2.72186,54.23514],[-2.73216,54.24517],[-2.73422,54.2251],[-2.75276,54.23112],[-2.75963,54.22671],[-2.77405,54.22871],[-2.77542,54.25921],[-2.83447,54.26603],[-2.85645,54.28687],[-2.85919,54.30531],[-2.87361,54.31252],[-2.88528,54.31212],[-2.89078,54.32854],[-2.88116,54.33174],[-2.87018,54.34095],[-2.81456,54.35295],[-2.8022,54.34935],[-2.81593,54.37656],[-2.78572,54.4421],[-2.68684,54.4401]]]}},{"type":"Feature","properties":{"source_code":"A82025","codes":["A82025"],"label":"CAPTAIN FRENCH SURGERY"},"geometry":{"type":"MultiPolygon","coordinates":[[[[-2.68684,54.26001],[-2.81731,54.25981],[-2.87361,54.31372],[-2.8331,54.37896],[-2.84065,54.43331],[-2.81078,54.44998],[-2.78142,54.45047],[-2.70126,54.40484],[-2.59483,54.38975],[-2.59312,54.36646],[-2.62144,54.35416],[-2.61844,54.34835],[-2.61681,54.34255],[-2.68684,54.26001]]],[[[-2.78142,54.45047],[-2.78143,54.45048],[-2.78109,54.45048],[-2.78142,54.45047]]]]}},{"type":"Feature","properties":{"source_code":"A82608","codes":["A82608"],"label":"SEDBERGH MEDICAL PRACTICE"},"geometry":{"type":"Polygon","coordinates":[[[-2.58041,54.21065],[-2.71362,54.30531],[-2.68753,54.36136],[-2.59964,54.41973],[-2.40051,54.45088],[-2.31262,54.33094],[-2.314,54.27725],[-2.41699,54.26442],[-2.45304,54.24376],[-2.4987,54.23112],[-2.58041,54.21065]]]}},{"type":"Feature","properties":{"source_code":"A82027","codes":["A82027"],"label":"STATION HOUSE SURGERY"},"geometry":{"type":"MultiPolygon","coordinates":[[[[-2.87558,54.30987],[-2.8767,54.30911],[-2.87498,54.31272],[-2.87558,54.30987]]],[[[-2.87558,54.30987],[-2.87467,54.31048],[-2.87567,54.32513],[-2.87636,54.33755],[-2.87189,54.34695],[-2.86777,54.35416],[-2.83825,54.35456],[-2.80863,54.35496],[-2.79293,54.36551],[-2.78666,54.36746],[-2.78272,54.36971],[-2.781,54.37481],[-2.7725,54.37536],[-2.7483,54.37776],[-2.74143,54.38076],[-2.74195,54.38471],[-2.74632,54.3897],[-2.75937,54.3974],[-2.77525,54.41184],[-2.78014,54.41758],[-2.78461,54.42263],[-2.78872,54.43126],[-2.79585,54.43775],[-2.8034,54.44255],[-2.8022,54.44699],[-2.79885,54.44833],[-2.78666,54.44289],[-2.78117,54.43765],[-2.76993,54.42467],[-2.75431,54.41034],[-2.73705,54.39685],[-2.73027,54.3904],[-2.71894,54.39565],[-2.71191,54.4016],[-2.70564,54.40569],[-2.70126,54.41144],[-2.70135,54.41429],[-2.69912,54.41633],[-2.69388,54.41104],[-2.68847,54.40614],[-2.68538,54.39625],[-2.67929,54.38626],[-2.67414,54.38111],[-2.64908,54.37381],[-2.63165,54.36691],[-2.61063,54.35936],[-2.61818,54.35476],[-2.61681,54.34875],[-2.61749,54.34015],[-2.62367,54.33054],[-2.63329,54.32333],[-2.6429,54.31192],[-2.65114,54.2997],[-2.66384,54.28547],[-2.68135,54.26923],[-2.69405,54.25219],[-2.69989,54.24437],[-2.71706,54.23674],[-2.72804,54.24055],[-2.7356,54.25018],[-2.74281,54.2576],[-2.75414,54.26182],[-2.75585,54.27044],[-2.76478,54.27685],[-2.78091,54.26141],[-2.8046,54.26202],[-2.82143,54.25821],[-2.83962,54.24978],[-2.8561,54.23875],[-2.87018,54.2253],[-2.88357,54.24898],[-2.88254,54.27344],[-2.88116,54.28828],[-2.87704,54.3029],[-2.87558,54.30987]]]]}},{"type":"Feature","properties":{"source_code":"A82613","codes":["A82613"],"label":"WRAYSDALE HOUSE SURGERY"},"geometry":{"type":"Polygon","coordinates":[[[-3.09557,54.37756],[-3.02613,54.41024],[-3.00579,54.37641],[-3.00519,54.35901],[-3.05858,54.35331],[-3.0675,54.3383],[-3.07943,54.31943],[-3.08639,54.30431],[-3.08553,54.29774],[-3.09746,54.2988],[-3.09643,54.31097],[-3.09669,54.32503],[-3.11128,54.33459],[-3.10432,54.3473],[-3.09583,54.35941],[-3.09557,54.37756]]]}},{"type":"Feature","properties":{"source_code":"A82046","codes":["A82046"],"label":"WINDERMERE HEALTH CENTRE"},"geometry":{"type":"Polygon","coordinates":[[[-2.95318,54.40849],[-2.90614,54.42307],[-2.81362,54.38141],[-2.80623,54.36841],[-2.804,54.35005],[-2.83181,54.32879],[-2.85361,54.31389],[-2.87262,54.3037],[-2.87241,54.30406],[-2.87292,54.30406],[-2.88606,54.29274],[-2.90048,54.28076],[-2.93086,54.26878],[-2.95721,54.26507],[-2.96133,54.27084],[-2.95403,54.2775],[-2.95457,54.3117],[-2.94137,54.33026],[-2.93695,54.38296],[-2.95318,54.40849]]]}},{"type":"Feature","properties":{"source_code":"A82070","codes":["A82070"],"label":"ST. MARY'S SURGERY"},"geometry":{"type":"Polygon","coordinates":[[[-2.95258,54.40574],[-2.95773,54.41573],[-2.90726,54.41294],[-2.81113,54.41374],[-2.75482,54.35816],[-2.77336,54.34775],[-2.77267,54.32573],[-2.80563,54.32253],[-2.80426,54.30531],[-2.82555,54.28447],[-2.96013,54.26723],[-2.93404,54.37816],[-2.95258,54.40574]]]}},{"type":"Feature","properties":{"source_code":"B82622","codes":["B82622"],"label":"REETH MEDICAL CENTRE"},"geometry":{"type":"Polygon","coordinates":[[[-2.13445,54.44739],[-2.1256,54.46046],[-2.10397,54.46505],[-2.08234,54.46964],[-2.06517,54.47762],[-2.04414,54.4831],[-2.04406,54.47513],[-2.03676,54.47438],[-2.02715,54.47278],[-2.00878,54.47019],[-1.9972,54.46684],[-1.98638,54.46046],[-1.97617,54.45926],[-1.97076,54.45338],[-1.95523,54.45472],[-1.92879,54.45567],[-1.91772,54.45108],[-1.90596,54.44863],[-1.89026,54.44649],[-1.88684,54.4418],[-1.87843,54.42612],[-1.86795,54.41848],[-1.85834,54.41184],[-1.85481,54.4032],[-1.86213,54.39575],[-1.85278,54.37663],[-1.86244,54.37236],[-1.86372,54.36911],[-1.86312,54.36661],[-1.86647,54.36326],[-1.87445,54.35911],[-1.88174,54.35336],[-1.88519,54.3522],[-1.89042,54.3522],[-1.90029,54.35431],[-1.95145,54.35496],[-2.23455,54.37076],[-2.18256,54.40035],[-2.17445,54.41024],[-2.16465,54.42103],[-2.15783,54.43181],[-2.13445,54.44739]]]}},{"type":"Feature","properties":{"source_code":"A82024","codes":["A82024"],"label":"SEASCALE HEALTH CENTRE"},"geometry":{"type":"Polygon","coordinates":[[[-3.52112,54.47453],[-3.50464,54.47961],[-3.44198,54.47512],[-3.3656,54.47303],[-3.31796,54.47877],[-3.28131,54.47493],[-3.22062,54.46769],[-3.15033,54.47483],[-3.16595,54.44308],[-3.17059,54.4081],[-3.1578,54.38148],[-3.19801,54.33461],[-3.22723,54.29729],[-3.25861,54.25983],[-3.27281,54.23659],[-3.305,54.22177],[-3.35092,54.20774],[-3.57073,54.45637],[-3.52112,54.47453]]]}},{"type":"Feature","properties":{"source_code":"B82072","codes":["B82072"],"label":"THE FRIARY SURGERY"},"geometry":{"type":"Polygon","coordinates":[[[-1.83103,54.49442],[-1.82652,54.49724],[-1.81755,54.49447],[-1.78493,54.48485],[-1.75369,54.486],[-1.6955,54.47263],[-1.64383,54.44908],[-1.63769,54.4392],[-1.63293,54.43012],[-1.62186,54.41254],[-1.62109,54.40345],[-1.62173,54.3994],[-1.61946,54.39615],[-1.62016,54.39595],[-1.62005,54.39605],[-1.62632,54.39421],[-1.64984,54.38755],[-1.66745,54.38278],[-1.6729,54.38136],[-1.67357,54.38119],[-1.67306,54.38133],[-1.68546,54.3863],[-1.6979,54.38466],[-1.6988,54.38016],[-1.691,54.37671],[-1.67357,54.38119],[-1.6816,54.37895],[-1.66745,54.38278],[-1.64742,54.38801],[-1.62632,54.39421],[-1.62016,54.39595],[-1.63709,54.38046],[-1.64761,54.36386],[-1.67988,54.34455],[-1.69129,54.33369],[-1.7173,54.32373],[-1.77017,54.33755],[-1.81412,54.34935],[-1.88278,54.36216],[-1.91523,54.37796],[-1.92441,54.37987],[-1.93205,54.38098],[-1.93102,54.38431],[-1.91986,54.39255],[-1.93411,54.41613],[-1.91299,54.43211],[-1.88484,54.45088],[-1.87832,54.45886],[-1.86012,54.47423],[-1.83669,54.48739],[-1.83103,54.49442]]]}},{"type":"Feature","properties":{"source_code":"B82034","codes":["B82034"],"label":"QUAKERS LANE SURGERY"},"geometry":{"type":"Polygon","coordinates":[[[-1.65241,54.47143],[-1.64623,54.44729],[-1.66589,54.43249],[-1.66357,54.3921],[-1.68846,54.3927],[-1.69121,54.39765],[-1.70417,54.3901],[-1.71636,54.38231],[-1.71996,54.38785],[-1.72219,54.3882],[-1.72438,54.38773],[-1.72726,54.38446],[-1.69713,54.36366],[-1.71224,54.35275],[-1.83575,54.37616],[-1.85978,54.41149],[-1.86579,54.44649],[-1.86673,54.46794],[-1.85806,54.4838],[-1.84824,54.49026],[-1.83148,54.49982],[-1.80923,54.5006],[-1.7585,54.50414],[-1.73069,54.47981],[-1.65241,54.47143]]]}},{"type":"Feature","properties":{"source_code":"A82005","codes":["A82005"],"label":"AMBLESIDE HEALTH CENTRE"},"geometry":{"type":"Polygon","coordinates":[[[-2.93609,54.35736],[-2.94742,54.34415],[-2.96837,54.28347],[-3.05317,54.26903],[-3.0827,54.35956],[-3.10776,54.39015],[-3.16063,54.40854],[-3.13763,54.42392],[-3.14072,54.4413],[-3.12115,54.45288],[-3.11771,54.46096],[-3.1002,54.48221],[-3.04287,54.50135],[-2.99171,54.49656],[-2.94434,54.50035],[-2.92511,54.48799],[-2.90228,54.48809],[-2.88048,54.48799],[-2.8664,54.48041],[-2.8688,54.46265],[-2.86057,54.4413],[-2.90142,54.43086],[-2.90365,54.42565],[-2.90846,54.42312],[-2.90383,54.42043],[-2.90464,54.4196],[-2.90496,54.41869],[-2.90541,54.41774],[-2.9061,54.41716],[-2.90837,54.41511],[-2.90983,54.41319],[-2.90949,54.41064],[-2.91206,54.40554],[-2.91402,54.39922],[-2.91451,54.3949],[-2.91516,54.38566],[-2.92597,54.38338],[-2.93129,54.37191],[-2.93609,54.35736]]]}},{"type":"Feature","properties":{"source_code":"A82013","codes":["A82013"],"label":"UPPER EDEN MEDICAL PRACTICE"},"geometry":{"type":"Polygon","coordinates":[[[-2.37974,54.58569],[-2.27811,54.56032],[-2.23211,54.53284],[-2.1897,54.50055],[-2.18388,54.49477],[-2.1844,54.48759],[-2.1995,54.48899],[-2.2086,54.48081],[-2.21581,54.47233],[-2.23281,54.46695],[-2.2534,54.46126],[-2.27074,54.45747],[-2.27727,54.44998],[-2.30215,54.44419],[-2.30577,54.42293],[-2.38541,54.41573],[-2.50866,54.40025],[-2.54247,54.40524],[-2.55775,54.41463],[-2.57509,54.42163],[-2.59277,54.42732],[-2.60582,54.43071],[-2.61543,54.43651],[-2.56221,54.5167],[-2.55398,54.52885],[-2.54745,54.53383],[-2.53612,54.5424],[-2.50934,54.55892],[-2.49149,54.57903],[-2.48051,54.58738],[-2.4666,54.59315],[-2.42317,54.59375],[-2.37974,54.58569]]]}},{"type":"Feature","properties":{"source_code":"A82044","codes":["A82044"],"label":"FELLVIEW HEALTHCARE"},"geometry":{"type":"Polygon","coordinates":[[[-3.60077,54.55454],[-3.59528,54.56131],[-3.58429,54.58072],[-3.57493,54.58385],[-3.56627,54.58858],[-3.55451,54.58301],[-3.54313,54.57773],[-3.53796,54.57748],[-3.53391,54.57763],[-3.52146,54.57734],[-3.50996,54.57694],[-3.44979,54.57654],[-3.4319,54.5644],[-3.42149,54.55818],[-3.414,54.5536],[-3.40422,54.54745],[-3.39701,54.54477],[-3.391,54.54085],[-3.36885,54.53025],[-3.37229,54.52362],[-3.37821,54.5147],[-3.42284,54.51097],[-3.42937,54.50419],[-3.43675,54.49582],[-3.44366,54.48497],[-3.44421,54.47503],[-3.43494,54.46231],[-3.43451,54.45562],[-3.43447,54.44554],[-3.43286,54.43883],[-3.43194,54.43181],[-3.42001,54.42412],[-3.4284,54.4151],[-3.43576,54.41366],[-3.45529,54.41319],[-3.4628,54.41281],[-3.47013,54.41184],[-3.48164,54.41074],[-3.50927,54.40724],[-3.53348,54.42757],[-3.55356,54.44312],[-3.57631,54.45552],[-3.59317,54.4742],[-3.60298,54.48588],[-3.62187,54.48913],[-3.63287,54.50085],[-3.64188,54.50853],[-3.64574,54.5162],[-3.64025,54.52153],[-3.62772,54.52459],[-3.61639,54.52995],[-3.61201,54.53269],[-3.60987,54.53792],[-3.60077,54.55454]]]}},{"type":"Feature","properties":{"source_code":"A82064","codes":["A82064"],"label":"WESTCROFT HOUSE SURGERY"},"geometry":{"type":"Polygon","coordinates":[[[-3.5182,54.41973],[-3.56957,54.45093],[-3.60995,54.48849],[-3.61837,54.48827],[-3.63778,54.5056],[-3.64414,54.51694],[-3.6251,54.5235],[-3.60144,54.52302],[-3.59749,54.52176],[-3.5829,54.52177],[-3.58337,54.52443],[-3.58371,54.5271],[-3.58393,54.53026],[-3.58406,54.53099],[-3.58379,54.53202],[-3.58394,54.53267],[-3.58457,54.53333],[-3.5851,54.53401],[-3.5857,54.53485],[-3.58583,54.53561],[-3.58563,54.53647],[-3.58453,54.53649],[-3.58109,54.53494],[-3.57823,54.53394],[-3.57521,54.53388],[-3.56861,54.53615],[-3.56792,54.53645],[-3.56718,54.53704],[-3.56334,54.53846],[-3.56245,54.53938],[-3.56148,54.5404],[-3.55085,54.54078],[-3.5373,54.53947],[-3.51193,54.54153],[-3.50635,54.53818],[-3.49964,54.52878],[-3.48487,54.52432],[-3.47918,54.52848],[-3.47626,54.52941],[-3.47247,54.52984],[-3.45292,54.5389],[-3.44996,54.54686],[-3.4473,54.54923],[-3.4358,54.549],[-3.40901,54.55311],[-3.39904,54.54581],[-3.39455,54.54075],[-3.38419,54.53502],[-3.38923,54.53132],[-3.39655,54.5327],[-3.40228,54.53087],[-3.41201,54.52282],[-3.44864,54.52436],[-3.45015,54.51828],[-3.44996,54.51673],[-3.45114,54.51459],[-3.45316,54.51069],[-3.4416,54.50349],[-3.44651,54.49664],[-3.45237,54.49128],[-3.4625,54.46744],[-3.46147,54.46525],[-3.46138,54.46435],[-3.46344,54.46166],[-3.40791,54.44843],[-3.40508,54.44918],[-3.40061,54.45203],[-3.39435,54.45402],[-3.39083,54.45263],[-3.39057,54.44998],[-3.40894,54.4373],[-3.4152,54.42852],[-3.42001,54.42178],[-3.41992,54.41778],[-3.42464,54.41603],[-3.42868,54.41379],[-3.43675,54.41498],[-3.43992,54.41703],[-3.47546,54.41094],[-3.49709,54.39955],[-3.5182,54.41973]]]}},{"type":"Feature","properties":{"source_code":"A82031","codes":["A82031"],"label":"SHAP MEDICAL PRACTICE"},"geometry":{"type":"Polygon","coordinates":[[[-2.75911,54.60906],[-2.6247,54.60111],[-2.52411,54.45727],[-2.59827,54.38216],[-2.69165,54.42852],[-2.78967,54.52337],[-2.75911,54.60906]]]}},{"type":"Feature","properties":{"source_code":"A82620","codes":["A82620"],"label":"GLENRIDDING HEALTH CENTRE"},"geometry":{"type":"Polygon","coordinates":[[[-2.92099,54.47642],[-2.97764,54.50833],[-3.00682,54.55295],[-3.02948,54.62298],[-3.06519,54.63967],[-3.05145,54.70558],[-2.91687,54.71828],[-2.79602,54.68495],[-2.71637,54.64841],[-2.83516,54.5848],[-2.92099,54.47642]]]}},{"type":"Feature","properties":{"source_code":"A82041","codes":["A82041"],"label":"LOWTHER MEDICAL CENTRE"},"geometry":{"type":"Polygon","coordinates":[[[-3.57399,54.60071],[-3.50601,54.55813],[-3.53348,54.48919],[-3.59459,54.47961],[-3.61931,54.52347],[-3.60283,54.53423],[-3.60077,54.55136],[-3.58154,54.5641],[-3.58189,54.58281],[-3.58068,54.59136],[-3.57399,54.60071]]]}},{"type":"Feature","properties":{"source_code":"A83061","codes":["A83061"],"label":"GAINFORD SURGERY"},"geometry":{"type":"Polygon","coordinates":[[[-1.61911,54.58838],[-1.61499,54.52507],[-1.67542,54.45487],[-1.98166,54.51471],[-1.85532,54.62854],[-1.74339,54.62338],[-1.61911,54.58838]]]}},{"type":"Feature","properties":{"source_code":"A83046","codes":["A83046"],"label":"BARNARD CASTLE SURGERY"},"geometry":{"type":"Polygon","coordinates":[[[-2.03865,54.6197],[-2.01586,54.61708],[-2.01307,54.61781],[-1.94527,54.60787],[-1.87866,54.6031],[-1.79077,54.59753],[-1.75545,54.59847],[-1.71979,54.59345],[-1.71309,54.58783],[-1.71661,54.57385],[-1.73241,54.54658],[-1.74228,54.52895],[-1.74734,54.4834],[-1.82343,54.46867],[-1.96286,54.47727],[-2.05994,54.51231],[-2.10491,54.56111],[-2.05439,54.60926],[-2.05564,54.60906],[-2.04294,54.61726],[-2.03865,54.6197]]]}},{"type":"Feature","properties":{"source_code":"A82075","codes":["A82075"],"label":"MANSION HOUSE SURGERY"},"geometry":{"type":"MultiPolygon","coordinates":[[[[-3.60578,54.52696],[-3.60583,54.52686],[-3.60571,54.52693],[-3.60541,54.52679],[-3.60695,54.52507],[-3.6059,54.52702],[-3.60578,54.52696]]],[[[-3.60541,54.52679],[-3.60485,54.52741],[-3.60201,54.52903],[-3.60399,54.52611],[-3.60541,54.52679]]],[[[-3.57433,54.56808],[-3.57416,54.57072],[-3.57262,54.56659],[-3.57296,54.55713],[-3.56592,54.53582],[-3.58206,54.53443],[-3.59704,54.53184],[-3.60201,54.52903],[-3.59757,54.53555],[-3.60485,54.52741],[-3.60571,54.52693],[-3.60578,54.52696],[-3.60433,54.52995],[-3.6059,54.52702],[-3.60789,54.52796],[-3.59922,54.55076],[-3.58287,54.56236],[-3.57854,54.57097],[-3.57433,54.56808]]]]}},{"type":"Feature","properties":{"source_code":"A82006","codes":["A82006"],"label":"APPLEBY MEDICAL PRACTICE"},"geometry":{"type":"Polygon","coordinates":[[[-2.36841,54.53154],[-2.4678,54.50444],[-2.59895,54.50753],[-2.65766,54.58927],[-2.60651,54.63451],[-2.53029,54.66073],[-2.43073,54.61304],[-2.36841,54.53154]]]}},{"type":"Feature","properties":{"source_code":"A82023","codes":["A82023"],"label":"DISTINGTON SURGERY"},"geometry":{"type":"Polygon","coordinates":[[[-3.58017,54.59017],[-3.56609,54.61642],[-3.56369,54.62934],[-3.55682,54.63808],[-3.54412,54.64225],[-3.53348,54.64325],[-3.51013,54.64146],[-3.49468,54.64305],[-3.47374,54.64881],[-3.42842,54.66311],[-3.39031,54.62457],[-3.41743,54.58758],[-3.43254,54.56092],[-3.44627,54.55056],[-3.47511,54.55415],[-3.49571,54.541],[-3.56987,54.53662],[-3.57536,54.54738],[-3.57811,54.55773],[-3.58154,54.56569],[-3.58017,54.59017]]]}},{"type":"Feature","properties":{"source_code":"A82028","codes":["A82028"],"label":"CASTLEHEAD MEDICAL CENTRE"},"geometry":{"type":"Polygon","coordinates":[[[-3.02461,54.57819],[-3.05345,54.53296],[-3.29659,54.61344],[-3.26971,54.64827],[-3.26957,54.64683],[-3.27002,54.64618],[-3.23367,54.6505],[-3.19805,54.65477],[-3.26955,54.64662],[-3.26957,54.64683],[-3.25881,54.66239],[-3.2501,54.67365],[-3.24586,54.6786],[-3.21762,54.68296],[-3.24612,54.67879],[-3.2501,54.67365],[-3.25487,54.66807],[-3.25881,54.66239],[-3.26971,54.64827],[-3.27615,54.71391],[-3.23436,54.72224],[-3.18261,54.73196],[-3.1263,54.65278],[-3.00807,54.63443],[-3.02461,54.57819]]]}},{"type":"Feature","properties":{"source_code":"A83032","codes":["A83032"],"label":"WOODVIEW MEDICAL PRACTICE"},"geometry":{"type":"Polygon","coordinates":[[[-1.92604,54.54618],[-1.90681,54.62974],[-1.83128,54.67463],[-1.74957,54.64643],[-1.66718,54.65954],[-1.71181,54.62536],[-1.71455,54.57326],[-1.73653,54.54578],[-1.92604,54.54618]]]}},{"type":"Feature","properties":{"source_code":"A83626","codes":["A83626"],"label":"EVENWOOD MEDICAL PRACTICE"},"geometry":{"type":"Polygon","coordinates":[[[-1.84793,54.68048],[-1.77876,54.67453],[-1.73258,54.66847],[-1.67988,54.66698],[-1.66477,54.65318],[-1.67833,54.6348],[-1.68074,54.54678],[-1.74168,54.55196],[-1.83969,54.53742],[-1.93686,54.52915],[-1.95024,54.54708],[-1.92192,54.65288],[-1.90939,54.68147],[-1.84793,54.68048]]]}},{"type":"Feature","properties":{"source_code":"A83043","codes":["A83043"],"label":"OLD FORGE SURGERY"},"geometry":{"type":"Polygon","coordinates":[[[-2.3418,54.66753],[-2.34704,54.68961],[-2.32344,54.71009],[-2.30035,54.71676],[-2.22975,54.69312],[-2.19445,54.69268],[-2.15916,54.69383],[-2.01299,54.68108],[-1.96621,54.64295],[-1.90681,54.62874],[-1.80073,54.57972],[-1.85009,54.57042],[-1.88674,54.55713],[-1.92229,54.55697],[-1.92711,54.54984],[-1.92866,54.54643],[-1.92793,54.53976],[-1.94664,54.5233],[-2.01187,54.5155],[-2.14551,54.54633],[-2.1786,54.55193],[-2.20207,54.57485],[-2.22662,54.57531],[-2.31365,54.64456],[-2.3418,54.66753]]]}},{"type":"Feature","properties":{"source_code":"A83060","codes":["A83060"],"label":"PINFOLD MEDICAL PRACTICE"},"geometry":{"type":"Polygon","coordinates":[[[-1.8251,54.68336],[-1.77069,54.6776],[-1.7691,54.65621],[-1.74485,54.65983],[-1.7261,54.66217],[-1.71123,54.66373],[-1.67507,54.66251],[-1.68005,54.6501],[-1.69078,54.64151],[-1.72211,54.64563],[-1.71558,54.63808],[-1.70168,54.63272],[-1.70906,54.62576],[-1.73086,54.62218],[-1.74889,54.61344],[-1.76193,54.6025],[-1.79317,54.59444],[-1.79661,54.58201],[-1.80725,54.58067],[-1.81515,54.57614],[-1.83506,54.56669],[-1.88089,54.56266],[-1.91231,54.55186],[-1.92192,54.56308],[-1.94321,54.57549],[-1.97891,54.59129],[-1.99677,54.60747],[-1.97655,54.62247],[-1.95909,54.62991],[-1.9063,54.64558],[-1.89918,54.66462],[-1.88497,54.67146],[-1.87283,54.67433],[-1.84965,54.67408],[-1.84081,54.6807],[-1.8251,54.68336]]]}},{"type":"Feature","properties":{"source_code":"A82038","codes":["A82038"],"label":"TEMPLE SOWERBY MEDICAL PRACTICE"},"geometry":{"type":"MultiPolygon","coordinates":[[[[-2.36474,54.59706],[-2.36275,54.59912],[-2.36412,54.59673],[-2.36474,54.59706]]],[[[-2.36474,54.59706],[-2.39914,54.56131],[-2.43416,54.56291],[-2.5042,54.53782],[-2.58385,54.52347],[-2.58316,54.52188],[-2.58599,54.52133],[-2.58608,54.52138],[-2.58934,54.52068],[-2.59552,54.52188],[-2.65274,54.53076],[-2.65285,54.53045],[-2.6532,54.53005],[-2.65375,54.53091],[-2.65457,54.53104],[-2.6683,54.55375],[-2.69131,54.55235],[-2.71877,54.58778],[-2.73663,54.64066],[-2.75311,54.64563],[-2.76375,54.63331],[-2.76924,54.63152],[-2.77679,54.63212],[-2.7816,54.63331],[-2.79224,54.63311],[-2.7943,54.63927],[-2.8125,54.69229],[-2.78006,54.69249],[-2.77971,54.69239],[-2.78006,54.69259],[-2.78001,54.69266],[-2.70719,54.721],[-2.70616,54.72308],[-2.71191,54.72209],[-2.70624,54.72323],[-2.68916,54.74395],[-2.66118,54.74593],[-2.60925,54.75039],[-2.60719,54.74722],[-2.59964,54.71986],[-2.36474,54.59706]]]]}},{"type":"Feature","properties":{"source_code":"A82047","codes":["A82047"],"label":"JAMES STREET GROUP PRACT"},"geometry":{"type":"Polygon","coordinates":[[[-3.57948,54.65199],[-3.54927,54.67343],[-3.4679,54.66172],[-3.45692,54.64802],[-3.46722,54.6355],[-3.49434,54.62417],[-3.50498,54.60687],[-3.5297,54.60528],[-3.54309,54.60548],[-3.57365,54.60847],[-3.57948,54.65199]]]}},{"type":"Feature","properties":{"source_code":"A82036","codes":["A82036"],"label":"THE LAKES MEDICAL PRACTICE"},"geometry":{"type":"Polygon","coordinates":[[[-2.83301,54.76346],[-2.58848,54.75222],[-2.54488,54.68668],[-2.59981,54.65983],[-2.61423,54.5939],[-2.67105,54.56534],[-2.74615,54.55071],[-2.86855,54.56724],[-2.9615,54.6353],[-2.89627,54.72432],[-2.83301,54.76346]]]}},{"type":"Feature","properties":{"source_code":"A82035","codes":["A82035"],"label":"BIRBECK MEDICAL GROUP"},"geometry":{"type":"Polygon","coordinates":[[[-2.84168,54.76544],[-2.60891,54.75049],[-2.63758,54.61706],[-2.62427,54.59599],[-2.68719,54.5926],[-2.70392,54.59723],[-2.87885,54.55464],[-2.95489,54.6357],[-2.98519,54.6781],[-2.84168,54.76544]]]}},{"type":"Feature","properties":{"source_code":"A82021","codes":["A82021"],"label":"CASTLEGATE AND DERWENT SURGERY"},"geometry":{"type":"MultiPolygon","coordinates":[[[[-3.49079,54.65464],[-3.49408,54.65025],[-3.49661,54.65415],[-3.49079,54.65464]]],[[[-3.48684,54.65497],[-3.49079,54.65464],[-3.49039,54.65517],[-3.48684,54.65497]]],[[[-3.24715,54.75811],[-3.22689,54.75752],[-3.22114,54.7534],[-3.21977,54.74992],[-3.21316,54.75103],[-3.21865,54.74702],[-3.24286,54.74303],[-3.24492,54.74114],[-3.24492,54.74013],[-3.2414,54.73914],[-3.23743,54.73655],[-3.23466,54.73317],[-3.23841,54.73157],[-3.24171,54.73117],[-3.23685,54.7151],[-3.23565,54.71451],[-3.23462,54.71271],[-3.23393,54.71081],[-3.23067,54.70652],[-3.22895,54.70278],[-3.22135,54.7028],[-3.2155,54.70251],[-3.2141,54.70172],[-3.21573,54.7005],[-3.22062,54.69788],[-3.2212,54.69719],[-3.22143,54.6964],[-3.22165,54.69576],[-3.222,54.69462],[-3.22161,54.69345],[-3.22011,54.69239],[-3.21947,54.69159],[-3.21831,54.68956],[-3.21822,54.688],[-3.21904,54.68672],[-3.21962,54.68504],[-3.21831,54.68336],[-3.20136,54.68326],[-3.18578,54.68574],[-3.17797,54.6846],[-3.1778,54.68147],[-3.17951,54.67919],[-3.18243,54.67711],[-3.1893,54.67716],[-3.19616,54.67621],[-3.19925,54.67413],[-3.21101,54.66614],[-3.2317,54.66192],[-3.22809,54.65854],[-3.2262,54.65417],[-3.2202,54.64851],[-3.21075,54.63649],[-3.20492,54.63172],[-3.22174,54.63053],[-3.22174,54.62537],[-3.22448,54.62457],[-3.24715,54.6198],[-3.29178,54.60668],[-3.2753,54.58957],[-3.25882,54.58838],[-3.2547,54.57684],[-3.24715,54.57326],[-3.24852,54.55216],[-3.24646,54.52427],[-3.25796,54.52317],[-3.27401,54.52691],[-3.29023,54.52945],[-3.33435,54.53702],[-3.35907,54.54578],[-3.36456,54.56171],[-3.43185,54.5622],[-3.43915,54.5635],[-3.44408,54.56519],[-3.44825,54.56883],[-3.45125,54.57276],[-3.45529,54.58912],[-3.4758,54.59912],[-3.47752,54.60707],[-3.48404,54.61542],[-3.49228,54.63063],[-3.48687,54.63699],[-3.42967,54.65502],[-3.48395,54.64012],[-3.48812,54.64466],[-3.44042,54.6524],[-3.48684,54.65497],[-3.44398,54.65858],[-3.49417,54.6643],[-3.48541,54.66986],[-3.4788,54.685],[-3.46996,54.68743],[-3.47125,54.6908],[-3.47498,54.69398],[-3.4763,54.69688],[-3.47582,54.70014],[-3.47688,54.70093],[-3.39677,54.70747],[-3.45477,54.70732],[-3.45469,54.71158],[-3.44219,54.71459],[-3.44619,54.71741],[-3.45604,54.7201],[-3.45387,54.72032],[-3.37452,54.715],[-3.4431,54.72224],[-3.43576,54.72412],[-3.43346,54.72606],[-3.42991,54.72693],[-3.42505,54.72716],[-3.42055,54.72807],[-3.41761,54.73087],[-3.41598,54.7322],[-3.41138,54.73109],[-3.4084,54.73192],[-3.40622,54.73214],[-3.40325,54.73437],[-3.40044,54.73542],[-3.39744,54.73647],[-3.39508,54.73768],[-3.39169,54.7384],[-3.39048,54.73756],[-3.38542,54.73783],[-3.38357,54.73806],[-3.37579,54.73907],[-3.37133,54.73992],[-3.3698,54.74187],[-3.36838,54.74226],[-3.3681,54.74162],[-3.36702,54.74179],[-3.36699,54.74247],[-3.36629,54.74301],[-3.36663,54.74373],[-3.36585,54.74413],[-3.36263,54.74454],[-3.36099,54.74528],[-3.35892,54.74603],[-3.35625,54.74722],[-3.35526,54.74816],[-3.35358,54.74999],[-3.35289,54.75019],[-3.35203,54.74999],[-3.35066,54.74994],[-3.34765,54.74937],[-3.34504,54.75097],[-3.34407,54.75137],[-3.3423,54.75118],[-3.34107,54.75048],[-3.33994,54.75108],[-3.33745,54.75135],[-3.33426,54.75143],[-3.33362,54.75224],[-3.33244,54.75231],[-3.33142,54.75224],[-3.32997,54.75196],[-3.32855,54.754],[-3.32738,54.75492],[-3.32468,54.75523],[-3.32308,54.75533],[-3.32159,54.75598],[-3.31753,54.75603],[-3.31796,54.75727],[-3.31534,54.75814],[-3.31369,54.75763],[-3.31226,54.75807],[-3.31154,54.75811],[-3.30936,54.75854],[-3.30683,54.75847],[-3.30102,54.75847],[-3.24715,54.75811]]]]}},{"type":"Feature","properties":{"source_code":"A82032","codes":["A82032"],"label":"MARYPORT HEALTH SERVICES"},"geometry":{"type":"Polygon","coordinates":[[[-3.42619,54.81167],[-3.39254,54.80331],[-3.38619,54.79311],[-3.36525,54.75693],[-3.36697,54.72482],[-3.38259,54.70201],[-3.39512,54.68376],[-3.42499,54.67016],[-3.43173,54.66775],[-3.43675,54.66594],[-3.45301,54.6678],[-3.47752,54.67125],[-3.50807,54.67621],[-3.52421,54.68515],[-3.5297,54.69626],[-3.51185,54.72581],[-3.47855,54.76584],[-3.43563,54.80919],[-3.42619,54.81167]]]}},{"type":"Feature","properties":{"source_code":"A83020","codes":["A83020"],"label":"NORTH HOUSE SURGERY"},"geometry":{"type":"Polygon","coordinates":[[[-1.74202,54.73929],[-1.72794,54.72878],[-1.71318,54.7213],[-1.70734,54.71302],[-1.7134,54.70156],[-1.72151,54.6909],[-1.7312,54.68088],[-1.77687,54.67135],[-1.78566,54.67269],[-1.79326,54.67453],[-1.79094,54.68118],[-1.7953,54.68319],[-1.80635,54.68639],[-1.80785,54.6906],[-1.8136,54.69784],[-1.79232,54.71352],[-1.78974,54.71946],[-1.76605,54.73156],[-1.74202,54.73929]]]}},{"type":"Feature","properties":{"source_code":"A83035","codes":["A83035"],"label":"THE WEARDALE PRACTICE"},"geometry":{"type":"Polygon","coordinates":[[[-1.79257,54.67425],[-1.88413,54.6531],[-2.03475,54.66054],[-2.23915,54.72462],[-2.28825,54.76683],[-2.30061,54.78267],[-2.25151,54.78267],[-2.23083,54.78366],[-2.19139,54.80781],[-2.16465,54.8355],[-2.14637,54.84143],[-2.11165,54.84064],[-2.09858,54.83758],[-2.08398,54.83832],[-2.07256,54.84254],[-2.06011,54.84815],[-1.96037,54.8523],[-1.96702,54.84813],[-1.97096,54.84574],[-1.97602,54.84424],[-1.98097,54.83955],[-1.9899,54.83333],[-1.99402,54.79782],[-1.97702,54.79579],[-1.95926,54.7877],[-1.94218,54.78079],[-1.89119,54.77933],[-1.87737,54.76206],[-1.86064,54.74519],[-1.84158,54.73096],[-1.79541,54.71371],[-1.82013,54.70754],[-1.79481,54.6848],[-1.79257,54.67425]]]}},{"type":"Feature","properties":{"source_code":"A82014","codes":["A82014"],"label":"CALDBECK SURGERY"},"geometry":{"type":"Polygon","coordinates":[[[-3.16269,54.80187],[-3.15102,54.8086],[-3.14758,54.81216],[-3.14003,54.81414],[-3.12149,54.82067],[-3.11325,54.82363],[-3.10089,54.82403],[-3.08372,54.82878],[-3.07308,54.82878],[-3.06879,54.8266],[-3.06313,54.82719],[-3.05523,54.82502],[-3.04939,54.82601],[-3.03944,54.82344],[-3.02193,54.82759],[-3.03497,54.82205],[-3.01712,54.82403],[-3.00064,54.82007],[-2.99309,54.81552],[-2.97935,54.80979],[-2.96906,54.80504],[-2.96425,54.80049],[-2.95326,54.79237],[-2.94056,54.78465],[-2.93335,54.77851],[-2.92786,54.77495],[-2.92511,54.76822],[-2.92236,54.76386],[-2.91618,54.75554],[-2.91275,54.74781],[-2.91412,54.7385],[-2.91241,54.73285],[-2.91618,54.72759],[-2.92099,54.71828],[-2.93404,54.70042],[-2.95944,54.69328],[-2.98004,54.68772],[-3.00751,54.68256],[-3.03978,54.68336],[-3.07686,54.68614],[-3.1105,54.69308],[-3.13591,54.70122],[-3.16063,54.71352],[-3.17642,54.72977],[-3.19084,54.73671],[-3.19359,54.74405],[-3.19771,54.7591],[-3.19633,54.77416],[-3.18604,54.78723],[-3.16269,54.80187]]]}},{"type":"Feature","properties":{"source_code":"A82055","codes":["A82055"],"label":"ASPATRIA MEDICAL GROUP"},"geometry":{"type":"MultiPolygon","coordinates":[[[[-3.16831,54.77346],[-3.16977,54.77389],[-3.16966,54.77418],[-3.16818,54.77376],[-3.16831,54.77346]]],[[[-3.16966,54.77418],[-3.19908,54.78247],[-3.16977,54.77389],[-3.18438,54.73684],[-3.18435,54.73684],[-3.16831,54.77346],[-3.16784,54.77332],[-3.18329,54.73721],[-3.18425,54.73683],[-3.1778,54.73671],[-3.20645,54.72812],[-3.26225,54.70618],[-3.27858,54.70136],[-3.28011,54.69288],[-3.33068,54.68596],[-3.35152,54.67979],[-3.42307,54.69757],[-3.42773,54.69606],[-3.4263,54.69837],[-3.42739,54.69864],[-3.46893,54.73533],[-3.42979,54.77416],[-3.43906,54.80247],[-3.41675,54.83866],[-3.32474,54.85843],[-3.30414,54.84341],[-3.27255,54.85132],[-3.25607,54.82443],[-3.23891,54.82799],[-3.21762,54.83313],[-3.18741,54.81968],[-3.15857,54.80227],[-3.16966,54.77418]]]]}},{"type":"Feature","properties":{"source_code":"A82617","codes":["A82617"],"label":"KIRKOSWALD SURGERY"},"geometry":{"type":"Polygon","coordinates":[[[-2.66144,54.67284],[-2.74208,54.6809],[-2.7925,54.71317],[-2.79604,54.71644],[-2.79889,54.72289],[-2.8039,54.73618],[-2.82559,54.76037],[-2.84055,54.76855],[-2.85415,54.78029],[-2.86777,54.79575],[-2.83264,54.80903],[-2.82978,54.81479],[-2.82768,54.82739],[-2.81733,54.83089],[-2.8125,54.8365],[-2.76509,54.87846],[-2.71629,54.89045],[-2.67436,54.85641],[-2.6544,54.83975],[-2.62024,54.81335],[-2.57046,54.77277],[-2.58419,54.7385],[-2.66144,54.67284]]]}},{"type":"Feature","properties":{"source_code":"A82631","codes":["A82631"],"label":"COURT THORN SURGERY"},"geometry":{"type":"MultiPolygon","coordinates":[[[[-2.69426,54.66035],[-2.67105,54.65656],[-2.68856,54.65616],[-2.69426,54.66035]]],[[[-2.69426,54.66035],[-2.70788,54.66258],[-2.82829,54.67661],[-2.8368,54.68353],[-2.83696,54.68356],[-2.83682,54.68355],[-2.98665,54.80499],[-2.95502,54.84857],[-2.89558,54.8693],[-2.89523,54.86896],[-2.88048,54.88016],[-2.84958,54.87878],[-2.76958,54.86179],[-2.66659,54.84934],[-2.65217,54.81671],[-2.7035,54.74959],[-2.66753,54.66753],[-2.67122,54.65661],[-2.67392,54.65859],[-2.69528,54.6611],[-2.69426,54.66035]]]]}},{"type":"Feature","properties":{"source_code":"A82004","codes":["A82004"],"label":"ALSTON MEDICAL PRACTICE"},"geometry":{"type":"Polygon","coordinates":[[[-2.51089,54.89961],[-2.35107,54.89122],[-2.30713,54.78287],[-2.37442,54.75792],[-2.46293,54.75685],[-2.55145,54.77005],[-2.51089,54.89961]]]}},{"type":"Feature","properties":{"source_code":"A83072","codes":["A83072"],"label":"LANCHESTER MEDICAL CENTRE"},"geometry":{"type":"MultiPolygon","coordinates":[[[[-1.73261,54.85192],[-1.73262,54.85192],[-1.73258,54.85191],[-1.73261,54.85192]]],[[[-1.78493,54.86594],[-1.77386,54.86357],[-1.76451,54.85922],[-1.75756,54.85448],[-1.74992,54.8529],[-1.7409,54.85339],[-1.73261,54.85192],[-1.73052,54.84598],[-1.7276,54.83945],[-1.72382,54.83585],[-1.72142,54.82986],[-1.70357,54.83135],[-1.69945,54.81849],[-1.67782,54.81315],[-1.6658,54.80781],[-1.67052,54.79851],[-1.69859,54.79633],[-1.73618,54.78445],[-1.73777,54.77926],[-1.74623,54.77406],[-1.76498,54.76886],[-1.78373,54.76128],[-1.79579,54.77302],[-1.80751,54.77584],[-1.82117,54.7807],[-1.83002,54.77804],[-1.84944,54.77807],[-1.84845,54.77832],[-1.85326,54.77782],[-1.84999,54.76728],[-1.856,54.78525],[-1.85909,54.80751],[-1.8618,54.81012],[-1.86313,54.81392],[-1.86304,54.81913],[-1.86364,54.82455],[-1.86635,54.82745],[-1.87248,54.82996],[-1.85532,54.84044],[-1.83472,54.84657],[-1.81824,54.85764],[-1.80854,54.85359],[-1.79781,54.85428],[-1.79373,54.857],[-1.79446,54.86228],[-1.78493,54.86594]]],[[[-1.73262,54.85192],[-1.73318,54.85211],[-1.707,54.86712],[-1.73275,54.8523],[-1.73262,54.85192]]]]}},{"type":"Feature","properties":{"source_code":"A82045","codes":["A82045"],"label":"WIGTON GROUP MEDICAL PRACTICE"},"geometry":{"type":"Polygon","coordinates":[[[-3.13591,54.90701],[-3.05926,54.89956],[-3.04431,54.87685],[-3.04128,54.84222],[-3.04776,54.79251],[-3.18295,54.73562],[-3.27564,54.73493],[-3.28006,54.75433],[-3.28474,54.77302],[-3.28555,54.77879],[-3.28595,54.78575],[-3.28566,54.78599],[-3.28561,54.79299],[-3.28624,54.80276],[-3.2861,54.8111],[-3.28665,54.82062],[-3.28774,54.83649],[-3.2886,54.86806],[-3.2877,54.88996],[-3.28474,54.90159],[-3.26345,54.90763],[-3.24543,54.90923],[-3.20389,54.9082],[-3.16947,54.90706],[-3.13591,54.90701]]]}},{"type":"Feature","properties":{"source_code":"A82022","codes":["A82022"],"label":"DALSTON MEDICAL GROUP"},"geometry":{"type":"MultiPolygon","coordinates":[[[[-2.89149,54.86995],[-2.89387,54.8709],[-2.88576,54.87162],[-2.89149,54.86995]]],[[[-3.01176,54.92011],[-3.02794,54.92189],[-3.01173,54.92004],[-3.01176,54.92011],[-3.00496,54.91937],[-3.00493,54.91945],[-3.00492,54.91936],[-3.0039,54.91925],[-3.0049,54.91928],[-3.0049,54.91927],[-3.00476,54.91925],[-3.00485,54.9189],[-2.99956,54.88239],[-2.90841,54.8664],[-2.9052,54.86673],[-2.89593,54.86866],[-2.89149,54.86995],[-2.89089,54.86971],[-2.88528,54.87088],[-2.87466,54.87183],[-2.87563,54.87323],[-2.87619,54.87325],[-2.87593,54.87367],[-2.88322,54.88431],[-2.88734,54.89833],[-2.86537,54.89991],[-2.85046,54.89754],[-2.83052,54.89497],[-2.8288,54.87714],[-2.82761,54.87227],[-2.82692,54.87226],[-2.80426,54.84697],[-2.80709,54.84672],[-2.80817,54.84578],[-2.83825,54.80722],[-2.86606,54.78132],[-2.86606,54.7803],[-2.88734,54.77059],[-2.97215,54.76802],[-2.97154,54.76822],[-3.00596,54.76861],[-3.02588,54.77109],[-3.02502,54.77346],[-3.02475,54.7738],[-3.06175,54.79208],[-3.08595,54.7988],[-3.08613,54.79871],[-3.08784,54.83569],[-3.08922,54.8351],[-3.08773,54.83663],[-3.08939,54.8354],[-3.08939,54.86465],[-3.07925,54.87274],[-3.07308,54.88431],[-3.0566,54.89556],[-3.06999,54.89695],[-3.07171,54.89748],[-3.08973,54.89784],[-3.08939,54.91081],[-3.08943,54.90304],[-3.08918,54.89816],[-3.08763,54.89971],[-3.08755,54.90237],[-3.08853,54.90267],[-3.05832,54.90583],[-3.0566,54.91649],[-3.05388,54.91704],[-3.0542,54.91925],[-3.05083,54.92439],[-3.05162,54.92448],[-3.04596,54.92566],[-3.01455,54.92359],[-3.01334,54.92359],[-3.01176,54.92011]]],[[[-3.00502,54.91928],[-3.00499,54.91928],[-3.00499,54.91928],[-3.00502,54.91928]]],[[[-3.04869,54.86548],[-3.05352,54.86191],[-3.04942,54.86395],[-3.04869,54.86548]]],[[[-3.04947,54.86384],[-3.06038,54.84736],[-3.06117,54.84703],[-3.05695,54.84123],[-3.05636,54.83971],[-3.0566,54.84894],[-3.04947,54.86384]]],[[[-2.94106,54.8633],[-2.94022,54.86317],[-2.934,54.8638],[-2.94106,54.8633]]],[[[-2.80746,54.84668],[-2.80785,54.84619],[-2.80717,54.84671],[-2.80746,54.84668]]],[[[-3.05399,54.8336],[-3.05393,54.83344],[-3.05022,54.83366],[-3.05399,54.8336]]],[[[-3.04808,54.81711],[-3.05197,54.81523],[-3.04806,54.81709],[-3.04808,54.81711]]],[[[-3.04028,54.80567],[-3.03463,54.79732],[-3.03483,54.79725],[-3.03457,54.7973],[-3.04028,54.80567]]],[[[-3.06107,54.79237],[-3.08549,54.79902],[-3.08595,54.7988],[-3.06158,54.79217],[-3.06028,54.79242],[-3.06107,54.79237]]],[[[-2.93431,54.77879],[-2.93455,54.77872],[-2.93048,54.7789],[-2.93431,54.77879]]]]}},{"type":"Feature","properties":{"source_code":"A83018","codes":["A83018"],"label":"CONSETT MEDICAL CENTRE"},"geometry":{"type":"Polygon","coordinates":[[[-2.08672,54.82759],[-2.03659,54.88016],[-1.99127,54.89971],[-1.9693,54.89951],[-1.89651,54.88135],[-1.83334,54.89635],[-1.79352,54.88944],[-1.76331,54.86436],[-1.70288,54.81968],[-1.7767,54.79692],[-1.83266,54.7694],[-1.96381,54.79376],[-2.08672,54.82759]]]}},{"type":"Feature","properties":{"source_code":"A83644","codes":["A83644"],"label":"ANNFIELD PLAIN SURGERY"},"geometry":{"type":"MultiPolygon","coordinates":[[[[-1.69798,54.889],[-1.67198,54.87325],[-1.70666,54.86673],[-1.73447,54.85369],[-1.73538,54.85455],[-1.75335,54.8527],[-1.77086,54.86337],[-1.76218,54.86272],[-1.7688,54.86337],[-1.75957,54.86337],[-1.77052,54.86456],[-1.75095,54.87384],[-1.74983,54.87257],[-1.7458,54.88431],[-1.72245,54.8849],[-1.69798,54.889]]],[[[-1.76193,54.86297],[-1.75542,54.86221],[-1.74243,54.86123],[-1.74276,54.86154],[-1.75935,54.86335],[-1.76193,54.86297]]],[[[-1.69798,54.889],[-1.7046,54.893],[-1.69533,54.88944],[-1.69798,54.889]]]]}},{"type":"Feature","properties":{"source_code":"A83636","codes":["A83636"],"label":"LEADGATE SURGERY"},"geometry":{"type":"Polygon","coordinates":[[[-2.005,54.78525],[-2.00157,54.84637],[-2.00123,54.89004],[-1.9293,54.9081],[-1.81721,54.91471],[-1.75987,54.91254],[-1.72966,54.85092],[-1.73035,54.78604],[-2.005,54.78525]]]}},{"type":"Feature","properties":{"source_code":"A83049","codes":["A83049"],"label":"QUEENS ROAD SURGERY"},"geometry":{"type":"Polygon","coordinates":[[[-1.80691,54.8869],[-1.78476,54.86614],[-1.76983,54.86312],[-1.77094,54.85596],[-1.77584,54.84949],[-1.79094,54.84637],[-1.79669,54.84578],[-1.80974,54.83525],[-1.81506,54.82779],[-1.81377,54.82487],[-1.84193,54.81983],[-1.86356,54.82349],[-1.86493,54.82621],[-1.86707,54.82893],[-1.87025,54.82967],[-1.87111,54.83031],[-1.88115,54.82991],[-1.89428,54.83229],[-1.89935,54.83085],[-1.90209,54.8315],[-1.90321,54.83323],[-1.90793,54.83367],[-1.91342,54.83239],[-1.91995,54.83372],[-1.92947,54.84005],[-1.93591,54.84282],[-1.93814,54.8441],[-1.94218,54.84578],[-1.95501,54.84467],[-1.96067,54.84373],[-1.96655,54.84116],[-1.97775,54.84358],[-1.97865,54.84558],[-1.97943,54.8461],[-1.96574,54.85448],[-1.96419,54.85435],[-1.9557,54.86053],[-1.95625,54.86134],[-1.95625,54.86268],[-1.95767,54.86433],[-1.95973,54.86574],[-1.95939,54.86658],[-1.96012,54.86764],[-1.96106,54.86769],[-1.96106,54.86638],[-1.96127,54.86601],[-1.96505,54.86502],[-1.96741,54.86488],[-1.97016,54.86532],[-1.97217,54.86668],[-1.97286,54.86843],[-1.97522,54.87026],[-1.9802,54.87204],[-1.97707,54.87567],[-1.97011,54.88147],[-1.96728,54.88885],[-1.96745,54.89122],[-1.96518,54.89552],[-1.96385,54.89655],[-1.9593,54.89737],[-1.95381,54.89554],[-1.94076,54.89645],[-1.9296,54.89421],[-1.92832,54.893],[-1.92471,54.89287],[-1.91518,54.89228],[-1.90677,54.89191],[-1.90321,54.89147],[-1.90197,54.89371],[-1.88802,54.89268],[-1.88493,54.89285],[-1.87776,54.89332],[-1.87141,54.893],[-1.86454,54.89211],[-1.86012,54.89522],[-1.85738,54.89611],[-1.8545,54.89569],[-1.84999,54.89539],[-1.84579,54.89559],[-1.84587,54.89633],[-1.8451,54.89707],[-1.84257,54.89737],[-1.84004,54.89714],[-1.83648,54.89665],[-1.8303,54.89569],[-1.82867,54.89734],[-1.82626,54.89823],[-1.81918,54.89964],[-1.81785,54.89747],[-1.80691,54.8869]]]}},{"type":"Feature","properties":{"source_code":"A82037","codes":["A82037"],"label":"SILLOTH GROUP MEDICAL PRACTICE"},"geometry":{"type":"MultiPolygon","coordinates":[[[[-3.19863,54.84802],[-3.17762,54.85201],[-3.19839,54.84766],[-3.19863,54.84802]]],[[[-3.28801,54.86574],[-3.29041,54.86475],[-3.29533,54.86343],[-3.29247,54.8687],[-3.28801,54.86574]]],[[[-3.33996,54.87262],[-3.34534,54.87226],[-3.33976,54.87292],[-3.33996,54.87262]]],[[[-3.33976,54.87292],[-3.33916,54.87384],[-3.31855,54.87542],[-3.33976,54.87292]]],[[[-3.33996,54.87262],[-3.25752,54.87806],[-3.25898,54.87533],[-3.30855,54.86597],[-3.31238,54.86791],[-3.31924,54.86633],[-3.32371,54.86376],[-3.32238,54.86335],[-3.30855,54.86597],[-3.3007,54.86199],[-3.29533,54.86343],[-3.29708,54.86021],[-3.31594,54.86139],[-3.29921,54.85628],[-3.29708,54.86021],[-3.2779,54.85902],[-3.27547,54.8574],[-3.29404,54.8547],[-3.24872,54.84083],[-3.25264,54.84222],[-3.27547,54.8574],[-3.26843,54.85843],[-3.2779,54.85902],[-3.28801,54.86574],[-3.2856,54.86673],[-3.27461,54.86712],[-3.27049,54.87147],[-3.26019,54.87305],[-3.25898,54.87533],[-3.23753,54.87937],[-3.25752,54.87806],[-3.25745,54.87819],[-3.2547,54.88293],[-3.24577,54.88569],[-3.23341,54.87937],[-3.22174,54.87424],[-3.21464,54.87015],[-3.21487,54.87275],[-3.21226,54.86878],[-3.21144,54.86831],[-3.19839,54.86199],[-3.19908,54.85211],[-3.20045,54.85388],[-3.20045,54.8608],[-3.20342,54.85772],[-3.20458,54.85922],[-3.20377,54.85736],[-3.20436,54.85675],[-3.20183,54.8529],[-3.20377,54.85736],[-3.20342,54.85772],[-3.20045,54.85388],[-3.20045,54.8508],[-3.19863,54.84802],[-3.20043,54.84768],[-3.20732,54.83036],[-3.20984,54.83941],[-3.21007,54.83778],[-3.21007,54.8351],[-3.21007,54.83115],[-3.21103,54.83115],[-3.2111,54.83066],[-3.21114,54.83115],[-3.21625,54.83115],[-3.22155,54.83251],[-3.21487,54.83046],[-3.225,54.83125],[-3.2341,54.83006],[-3.2456,54.82838],[-3.25539,54.82779],[-3.25962,54.8281],[-3.26088,54.82878],[-3.26569,54.83392],[-3.2667,54.83428],[-3.26809,54.8357],[-3.27389,54.83687],[-3.27667,54.83787],[-3.28705,54.84252],[-3.28972,54.84459],[-3.29487,54.85092],[-3.28903,54.84341],[-3.28705,54.84252],[-3.28182,54.83847],[-3.27389,54.83687],[-3.2667,54.83428],[-3.26071,54.82818],[-3.25962,54.8281],[-3.24989,54.82284],[-3.2753,54.81374],[-3.29178,54.80068],[-3.31581,54.80266],[-3.34328,54.79594],[-3.35564,54.79356],[-3.34465,54.78841],[-3.35014,54.78208],[-3.36456,54.78089],[-3.38585,54.77693],[-3.39958,54.77574],[-3.41743,54.77257],[-3.43185,54.77535],[-3.43185,54.78921],[-3.44078,54.79673],[-3.43323,54.80781],[-3.4243,54.82205],[-3.41949,54.83155],[-3.40714,54.84341],[-3.40576,54.8529],[-3.40027,54.86515],[-3.3989,54.86989],[-3.38654,54.87345],[-3.38448,54.87977],[-3.37624,54.88411],[-3.36525,54.88964],[-3.35976,54.88609],[-3.35701,54.87977],[-3.35289,54.87266],[-3.34208,54.86936],[-3.33996,54.87262]]]]}},{"type":"Feature","properties":{"source_code":"A82654","codes":["A82654"],"label":"WARWICK SQUARE GROUP PRACTICE"},"geometry":{"type":"Polygon","coordinates":[[[-2.99377,54.89784],[-2.98563,54.9011],[-2.98216,54.89899],[-2.96474,54.89769],[-2.96366,54.89664],[-2.95821,54.89554],[-2.95625,54.8943],[-2.95335,54.89405],[-2.9515,54.89246],[-2.95188,54.8923],[-2.9499,54.89308],[-2.94843,54.89396],[-2.94798,54.89445],[-2.94692,54.89469],[-2.94509,54.895],[-2.94385,54.89531],[-2.94204,54.89568],[-2.94109,54.89611],[-2.93969,54.89642],[-2.93871,54.89764],[-2.93549,54.89899],[-2.93588,54.9],[-2.93274,54.90121],[-2.92646,54.90092],[-2.92597,54.90014],[-2.92497,54.89985],[-2.9241,54.89909],[-2.92272,54.89852],[-2.92116,54.89878],[-2.92047,54.89922],[-2.91647,54.8992],[-2.9154,54.89793],[-2.91329,54.89766],[-2.91084,54.89718],[-2.90925,54.89651],[-2.90929,54.89534],[-2.91019,54.89417],[-2.91312,54.8908],[-2.91467,54.88911],[-2.91554,54.88743],[-2.91542,54.8861],[-2.91505,54.88518],[-2.91469,54.88475],[-2.91454,54.88432],[-2.91469,54.88403],[-2.91497,54.88375],[-2.91597,54.88345],[-2.92166,54.8865],[-2.93739,54.88706],[-2.93727,54.88522],[-2.93702,54.88421],[-2.93912,54.8822],[-2.93915,54.88158],[-2.94155,54.88073],[-2.94251,54.87973],[-2.94313,54.87818],[-2.94404,54.87775],[-2.94394,54.8764],[-2.94426,54.87579],[-2.94531,54.87525],[-2.94629,54.87426],[-2.94625,54.87131],[-2.94627,54.87071],[-2.94901,54.86902],[-2.95334,54.86791],[-2.96135,54.86694],[-2.97125,54.86745],[-2.98159,54.87078],[-2.99798,54.88308],[-2.99922,54.88888],[-2.99747,54.89428],[-2.99377,54.89784]]]}},{"type":"Feature","properties":{"source_code":"A82016","codes":["A82016"],"label":"CARLISLE HEALTHCARE"},"geometry":{"type":"Polygon","coordinates":[[[-2.84864,54.90426],[-2.83731,54.90023],[-2.84117,54.89438],[-2.83825,54.89191],[-2.83464,54.88999],[-2.83319,54.88762],[-2.83168,54.88406],[-2.83928,54.88154],[-2.85267,54.86456],[-2.88013,54.85684],[-2.92202,54.86199],[-2.99721,54.87522],[-2.9845,54.90583],[-2.98208,54.92069],[-3.00884,54.92352],[-2.99973,54.93031],[-2.99749,54.94025],[-3.00486,54.94703],[-3.0191,54.95106],[-2.98155,54.96404],[-2.94399,54.95041],[-2.91721,54.93927],[-2.88769,54.93247],[-2.85816,54.92122],[-2.85542,54.90701],[-2.85236,54.90736],[-2.84864,54.90426]]]}},{"type":"Feature","properties":{"source_code":"A82015","codes":["A82015"],"label":"CARLISLE CENTRAL PRACTICE"},"geometry":{"type":"Polygon","coordinates":[[[-2.95309,54.93],[-2.93807,54.92808],[-2.93275,54.9264],[-2.92768,54.92418],[-2.91773,54.92181],[-2.90975,54.91935],[-2.88319,54.90769],[-2.87807,54.89787],[-2.87524,54.89617],[-2.87173,54.89428],[-2.86745,54.88695],[-2.86491,54.88335],[-2.86614,54.87975],[-2.86327,54.87206],[-2.86443,54.86745],[-2.86317,54.86285],[-2.8811,54.85661],[-2.88508,54.85178],[-2.89679,54.8511],[-2.90427,54.85133],[-2.9121,54.85126],[-2.92175,54.84125],[-2.9407,54.8432],[-2.95758,54.84376],[-2.97246,54.85231],[-2.99245,54.86554],[-2.98908,54.87541],[-2.99705,54.88192],[-2.99694,54.894],[-2.9891,54.90391],[-2.97851,54.91544],[-2.97261,54.91963],[-2.96929,54.9244],[-2.95309,54.93]]]}},{"type":"Feature","properties":{"source_code":"A82020","codes":["A82020"],"label":"EDEN MEDICAL GROUP"},"geometry":{"type":"Polygon","coordinates":[[[-2.88666,54.89813],[-2.88619,54.88651],[-2.88159,54.87527],[-2.87941,54.86483],[-2.88202,54.85398],[-2.92777,54.84939],[-2.98532,54.84146],[-3.05323,54.84006],[-3.06779,54.8697],[-3.06759,54.89774],[-3.06501,54.93691],[-3.00236,54.94312],[-2.98605,54.92727],[-2.96013,54.93311],[-2.95009,54.92957],[-2.94004,54.9284],[-2.91996,54.92882],[-2.88666,54.89813]]]}},{"type":"Feature","properties":{"source_code":"A82018","codes":["A82018"],"label":"SPENCER ST SURGERY"},"geometry":{"type":"Polygon","coordinates":[[[-2.93704,54.90587],[-2.91898,54.90379],[-2.91176,54.89319],[-2.91212,54.87989],[-2.91604,54.87457],[-2.92059,54.87279],[-2.92683,54.87223],[-2.93926,54.87297],[-2.94824,54.87615],[-2.95474,54.8855],[-2.95388,54.89478],[-2.94969,54.90275],[-2.93704,54.90587]]]}},{"type":"Feature","properties":{"source_code":"A82029","codes":["A82029"],"label":"THE CROFT SURGERY"},"geometry":{"type":"Polygon","coordinates":[[[-3.1723,54.95278],[-3.1723,54.94884],[-3.17165,54.94722],[-3.1723,54.95278],[-3.16372,54.93957],[-3.14896,54.9303],[-3.13145,54.92675],[-3.10604,54.92635],[-3.08887,54.93286],[-3.06725,54.93858],[-3.0621,54.9445],[-3.05008,54.94509],[-3.03909,54.9443],[-3.03017,54.94351],[-3.02021,54.94568],[-3.01025,54.94588],[-3.00407,54.93858],[-3.00545,54.93286],[-3.01437,54.92833],[-3.01712,54.92142],[-3.01472,54.92083],[-3.01197,54.91866],[-3.00613,54.91767],[-3.00098,54.91905],[-2.99618,54.91866],[-2.98588,54.91846],[-2.97626,54.91511],[-2.98931,54.91294],[-2.98176,54.90405],[-2.98725,54.90149],[-2.99412,54.89695],[-2.99721,54.89142],[-2.99274,54.88174],[-2.99171,54.88036],[-3.00888,54.87424],[-3.03497,54.86633],[-3.04836,54.86554],[-3.0463,54.86218],[-3.05454,54.85883],[-3.07583,54.85744],[-3.0851,54.85606],[-3.05386,54.85883],[-3.0518,54.85626],[-3.05454,54.8529],[-3.05454,54.84776],[-3.05935,54.84578],[-3.06347,54.84796],[-3.0748,54.84835],[-3.08338,54.84875],[-3.09231,54.84973],[-3.10398,54.84914],[-3.1105,54.84736],[-3.11531,54.84479],[-3.11874,54.84202],[-3.12458,54.84104],[-3.12904,54.83847],[-3.1366,54.83471],[-3.1517,54.83313],[-3.15175,54.83315],[-3.1517,54.83273],[-3.15857,54.83155],[-3.17917,54.82719],[-3.18192,54.82205],[-3.19496,54.82759],[-3.20801,54.82917],[-3.21419,54.83155],[-3.2341,54.83155],[-3.24234,54.82917],[-3.25951,54.82917],[-3.26363,54.83234],[-3.26706,54.8351],[-3.27461,54.83985],[-3.2753,54.86317],[-3.27942,54.87819],[-3.28354,54.88846],[-3.30551,54.89122],[-3.31993,54.89675],[-3.32611,54.90544],[-3.3371,54.90938],[-3.32199,54.92754],[-3.31444,54.93977],[-3.3007,54.95081],[-3.28285,54.95317],[-3.25745,54.95199],[-3.2341,54.95278],[-3.22586,54.95948],[-3.21144,54.96185],[-3.18947,54.95791],[-3.1723,54.95278]]]}},{"type":"Feature","properties":{"source_code":"A83618","codes":["A83618"],"label":"OAKFIELDS HEALTH GROUP"},"geometry":{"type":"MultiPolygon","coordinates":[[[[-1.91164,54.92131],[-1.91248,54.92103],[-1.91282,54.92093],[-1.91164,54.92131]]],[[[-1.91164,54.92131],[-1.90574,54.92325],[-1.90719,54.92276],[-1.9061,54.92312],[-1.90555,54.92332],[-1.90574,54.92325],[-1.90535,54.92339],[-1.90426,54.92378],[-1.90074,54.92498],[-1.9007,54.925],[-1.90064,54.92501],[-1.89789,54.92596],[-1.89761,54.92599],[-1.89741,54.92605],[-1.89622,54.92612],[-1.88322,54.92739],[-1.87669,54.92808],[-1.87677,54.92803],[-1.86725,54.92828],[-1.83437,54.93128],[-1.80802,54.93035],[-1.79965,54.93422],[-1.79169,54.93477],[-1.78545,54.93375],[-1.78326,54.92855],[-1.78182,54.92595],[-1.77592,54.92374],[-1.77222,54.92264],[-1.76835,54.92242],[-1.76077,54.92228],[-1.75707,54.92101],[-1.75475,54.92027],[-1.7538,54.91958],[-1.75322,54.91909],[-1.74971,54.9191],[-1.74822,54.91911],[-1.74752,54.91902],[-1.74738,54.91912],[-1.74689,54.91894],[-1.74672,54.91892],[-1.74678,54.9189],[-1.72439,54.91064],[-1.72267,54.91005],[-1.70836,54.89912],[-1.69875,54.89616],[-1.68811,54.88451],[-1.65786,54.87666],[-1.66619,54.8505],[-1.75438,54.85305],[-1.77724,54.8668],[-1.78033,54.86878],[-1.77967,54.86913],[-1.79644,54.8612],[-1.80562,54.85863],[-1.81193,54.85952],[-1.81824,54.85764],[-1.83489,54.86258],[-1.83699,54.86105],[-1.84253,54.8607],[-1.85223,54.86159],[-1.85815,54.85794],[-1.85905,54.85354],[-1.86407,54.84954],[-1.87377,54.84726],[-1.88141,54.84499],[-1.88467,54.84828],[-1.89411,54.85097],[-1.90012,54.85406],[-1.90759,54.85353],[-1.91505,54.85458],[-1.91986,54.8564],[-1.92947,54.86337],[-1.93514,54.8654],[-1.94492,54.87493],[-1.93995,54.88288],[-1.93943,54.88725],[-1.93977,54.89122],[-1.94012,54.89981],[-1.94029,54.90351],[-1.93703,54.9084],[-1.92398,54.9154],[-1.91729,54.92004],[-1.91274,54.92092],[-1.90925,54.92207],[-1.91164,54.92131]]],[[[-1.75678,54.91333],[-1.76076,54.90889],[-1.74837,54.91837],[-1.75163,54.91728],[-1.75678,54.91333]]],[[[-1.76245,54.90701],[-1.76112,54.90621],[-1.7618,54.90773],[-1.76245,54.90701]]],[[[-1.7518,54.88562],[-1.75326,54.88344],[-1.75129,54.88451],[-1.7518,54.88562]]],[[[-1.77043,54.87453],[-1.77638,54.87092],[-1.76897,54.87493],[-1.77043,54.87453]]],[[[-1.89364,54.92628],[-1.88454,54.92725],[-1.89538,54.92617],[-1.89364,54.92628]]]]}},{"type":"Feature","properties":{"source_code":"A83038","codes":["A83038"],"label":"CEDARS MEDICAL GROUP"},"geometry":{"type":"Polygon","coordinates":[[[-1.78648,54.90099],[-1.77376,54.90673],[-1.76688,54.9093],[-1.75966,54.9099],[-1.76897,54.92226],[-1.75736,54.9236],[-1.74914,54.92206],[-1.74393,54.92155],[-1.73931,54.92266],[-1.74106,54.92463],[-1.74037,54.92605],[-1.73908,54.92762],[-1.73866,54.92331],[-1.73326,54.91964],[-1.71661,54.90741],[-1.6888,54.90509],[-1.68983,54.89606],[-1.63422,54.87167],[-1.65447,54.84959],[-1.73309,54.8523],[-1.75464,54.85359],[-1.7597,54.85566],[-1.76562,54.86189],[-1.78429,54.86619],[-1.78648,54.90099]]]}},{"type":"Feature","properties":{"source_code":"A85024","codes":["A85024"],"label":"CHOPWELL PRIMARY HEALTHCARE CENTRE"},"geometry":{"type":"Polygon","coordinates":[[[-1.86828,54.96298],[-1.86317,54.96447],[-1.85506,54.9669],[-1.85354,54.96725],[-1.84429,54.96839],[-1.83676,54.96918],[-1.83505,54.96975],[-1.83334,54.96944],[-1.81206,54.97217],[-1.79352,54.98047],[-1.78554,54.98118],[-1.77498,54.98022],[-1.76708,54.97967],[-1.76313,54.97971],[-1.75833,54.97866],[-1.75352,54.97791],[-1.74266,54.97559],[-1.73215,54.97111],[-1.7094,54.9649],[-1.71215,54.9618],[-1.71919,54.95715],[-1.7246,54.94803],[-1.71591,54.94585],[-1.70928,54.94366],[-1.71078,54.94088],[-1.71387,54.92546],[-1.71902,54.90746],[-1.73309,54.89418],[-1.74932,54.88702],[-1.76279,54.8771],[-1.78116,54.86836],[-1.78682,54.86504],[-1.79489,54.8627],[-1.7942,54.8606],[-1.7948,54.85886],[-1.7954,54.85633],[-1.79891,54.8541],[-1.80363,54.85384],[-1.80876,54.85439],[-1.8124,54.85524],[-1.81604,54.8563],[-1.81767,54.8582],[-1.82263,54.85905],[-1.83079,54.86164],[-1.83785,54.8613],[-1.84465,54.861],[-1.85334,54.86139],[-1.86064,54.86416],[-1.86553,54.88051],[-1.87523,54.90583],[-1.87205,54.95825],[-1.86828,54.96298]]]}},{"type":"Feature","properties":{"source_code":"A84047","codes":["A84047"],"label":"BRANCH END SURGERY"},"geometry":{"type":"Polygon","coordinates":[[[-1.7942,54.99721],[-1.78665,54.98141],[-1.78133,54.95485],[-1.81429,54.93819],[-1.81532,54.91895],[-1.82304,54.90386],[-1.85944,54.87029],[-1.87652,54.87068],[-1.89291,54.8691],[-1.92741,54.86159],[-1.93428,54.86475],[-1.94115,54.86989],[-1.95024,54.88905],[-1.99883,54.89004],[-2.02749,54.88095],[-2.03505,54.91461],[-2.02526,54.96461],[-2.0123,54.97348],[-1.99762,54.98234],[-1.95488,54.99879],[-1.93754,55.00745],[-1.89978,55.00391],[-1.90784,54.99239],[-1.91917,54.98707],[-1.91437,54.98116],[-1.85411,54.99076],[-1.7942,54.99721]]]}},{"type":"Feature","properties":{"source_code":"A84035","codes":["A84035"],"label":"RIVERSDALE SURGERY"},"geometry":{"type":"Polygon","coordinates":[[[-1.7767,54.99652],[-1.74133,54.9721],[-1.74236,54.9583],[-1.78459,54.94805],[-1.92604,54.92714],[-1.95351,54.95002],[-1.95213,54.95712],[-1.96518,54.96737],[-1.90132,54.98195],[-1.87111,54.99337],[-1.81137,55.00046],[-1.78322,55.00401],[-1.7767,54.99652]]]}},{"type":"Feature","properties":{"source_code":"A84016","codes":["A84016"],"label":"PRUDHOE MEDICAL GROUP"},"geometry":{"type":"MultiPolygon","coordinates":[[[[-1.89908,54.91223],[-1.89817,54.91201],[-1.89805,54.91192],[-1.89761,54.91181],[-1.89667,54.91147],[-1.89438,54.91098],[-1.89311,54.91058],[-1.8944,54.91078],[-1.90009,54.91225],[-1.89911,54.91223],[-1.89908,54.91223]]],[[[-1.91084,54.91612],[-1.91043,54.91588],[-1.91098,54.91617],[-1.91084,54.91612]]],[[[-1.91459,54.91829],[-1.91258,54.91712],[-1.91231,54.91664],[-1.9118,54.91659],[-1.91098,54.91617],[-1.91392,54.91716],[-1.91432,54.91764],[-1.9153,54.91828],[-1.91579,54.91885],[-1.91459,54.91829]]],[[[-1.96003,54.96599],[-1.89686,54.98254],[-1.82098,54.99584],[-1.82167,54.99205],[-1.82116,54.98838],[-1.81781,54.98467],[-1.81391,54.98144],[-1.80921,54.97835],[-1.80342,54.97522],[-1.79933,54.97228],[-1.79507,54.96944],[-1.79334,54.96826],[-1.79317,54.96628],[-1.79489,54.96495],[-1.79713,54.9634],[-1.79841,54.96193],[-1.80558,54.95913],[-1.80796,54.95556],[-1.80598,54.95186],[-1.80297,54.94924],[-1.80331,54.94617],[-1.80288,54.94356],[-1.80472,54.94186],[-1.80582,54.94131],[-1.81429,54.93829],[-1.81678,54.93548],[-1.82472,54.93092],[-1.83178,54.93061],[-1.83472,54.9303],[-1.8491,54.89485],[-1.85178,54.89526],[-1.85442,54.89567],[-1.85753,54.89627],[-1.85876,54.89755],[-1.85972,54.89846],[-1.86497,54.90026],[-1.871,54.90293],[-1.86907,54.90221],[-1.87058,54.9028],[-1.87209,54.90341],[-1.871,54.90293],[-1.87544,54.90458],[-1.87769,54.90556],[-1.89092,54.91015],[-1.89761,54.91181],[-1.89816,54.91201],[-1.89817,54.91201],[-1.89853,54.91228],[-1.89908,54.91223],[-1.90154,54.91283],[-1.90331,54.91323],[-1.90424,54.91363],[-1.90547,54.91416],[-1.90824,54.9149],[-1.9052,54.91421],[-1.91084,54.91612],[-1.91258,54.91712],[-1.91263,54.91722],[-1.91311,54.9176],[-1.91459,54.91829],[-1.91661,54.91946],[-1.91867,54.92057],[-1.92004,54.92171],[-1.92193,54.92288],[-1.92725,54.92493],[-1.93146,54.9268],[-1.93344,54.92769],[-1.93487,54.9284],[-1.93716,54.9303],[-1.93917,54.93281],[-1.93973,54.93555],[-1.94276,54.93524],[-1.94564,54.93519],[-1.9487,54.93573],[-1.95236,54.93698],[-1.95642,54.9378],[-1.95896,54.93871],[-1.96168,54.93941],[-1.96349,54.94021],[-1.96513,54.9413],[-1.96612,54.94185],[-1.96728,54.9422],[-1.9669,54.94334],[-1.96411,54.94546],[-1.96569,54.94441],[-1.96416,54.94568],[-1.96194,54.94637],[-1.95827,54.94731],[-1.95828,54.9473],[-1.95903,54.94709],[-1.95853,54.94724],[-1.96294,54.94599],[-1.95903,54.94709],[-1.96098,54.94652],[-1.95972,54.94665],[-1.95828,54.9473],[-1.95819,54.94733],[-1.95827,54.94731],[-1.9564,54.94816],[-1.95188,54.95174],[-1.96003,54.96599]]]]}},{"type":"Feature","properties":{"source_code":"A84614","codes":["A84614"],"label":"THE ADDERLANE SURGERY"},"geometry":{"type":"Polygon","coordinates":[[[-1.87017,54.97421],[-1.85574,54.9746],[-1.8396,54.97322],[-1.82595,54.97256],[-1.81721,54.97073],[-1.81104,54.97094],[-1.80693,54.968],[-1.83427,54.93998],[-1.84231,54.93553],[-1.85439,54.92932],[-1.87865,54.9229],[-1.88669,54.9247],[-1.89506,54.92927],[-1.90533,54.92969],[-1.91113,54.93445],[-1.91857,54.94657],[-1.90407,54.95778],[-1.90914,54.97018],[-1.87017,54.97421]]]}},{"type":"Feature","properties":{"source_code":"A85014","codes":["A85014"],"label":"CRAWCROOK MEDICAL CENTRE"},"geometry":{"type":"Polygon","coordinates":[[[-1.82446,54.93925],[-1.82472,54.9531],[-1.82897,54.95394],[-1.83146,54.96988],[-1.8333,54.97005],[-1.83304,54.97183],[-1.84236,54.97261],[-1.83643,54.97705],[-1.82493,54.97178],[-1.81416,54.97498],[-1.8003,54.9786],[-1.79146,54.98306],[-1.78631,54.9838],[-1.77481,54.98045],[-1.76408,54.97985],[-1.75198,54.98165],[-1.73477,54.97675],[-1.72861,54.9738],[-1.72742,54.96917],[-1.7149,54.96493],[-1.75528,54.94551],[-1.78292,54.94142],[-1.82446,54.93925]]]}},{"type":"Feature","properties":{"source_code":"A84033","codes":["A84033"],"label":"THE SELE MEDICAL PRACTICE"},"geometry":{"type":"Polygon","coordinates":[[[-2.02835,55.02625],[-1.97857,55.0109],[-1.99024,54.97801],[-1.98303,54.93069],[-2.01565,54.87804],[-2.04002,54.83006],[-2.25632,54.97022],[-2.20619,55.03761],[-2.11418,55.0357],[-2.02835,55.02625]]]}},{"type":"Feature","properties":{"source_code":"A84024","codes":["A84024"],"label":"BURN BRAE MEDICAL GROUP"},"geometry":{"type":"Polygon","coordinates":[[[-2.20791,54.88204],[-2.2467,54.90909],[-2.26104,54.92221],[-2.28086,54.94386],[-2.29509,54.97522],[-2.29362,54.98631],[-2.29172,55.00385],[-2.29175,55.00666],[-2.29127,55.00898],[-2.2915,55.01205],[-2.29164,55.01423],[-2.29179,55.01573],[-2.29225,55.01751],[-2.29231,55.01921],[-2.29311,55.0206],[-2.2934,55.02203],[-2.29351,55.02327],[-2.29131,55.02445],[-2.28704,55.02603],[-2.28157,55.02756],[-2.27859,55.02894],[-2.27698,55.02937],[-2.26919,55.02999],[-2.2627,55.03085],[-2.25725,55.03155],[-2.25471,55.03207],[-2.2492,55.03269],[-2.24602,55.03301],[-2.24306,55.03346],[-2.23992,55.03401],[-2.23337,55.03458],[-2.22938,55.03513],[-2.22469,55.03582],[-2.21853,55.036],[-2.21653,55.03606],[-2.21449,55.03639],[-2.21263,55.03642],[-2.20293,55.03747],[-2.19538,55.03825],[-2.18971,55.03757],[-2.18594,55.03658],[-2.17134,55.03311],[-2.17285,55.0377],[-2.16182,55.03796],[-2.12903,55.03865],[-2.10757,55.04506],[-2.10041,55.0437],[-2.08663,55.03919],[-2.05719,55.0296],[-2.05693,55.01759],[-2.03646,55.01484],[-2.02151,55.01321],[-2.02107,55.00644],[-2.01418,55.00628],[-2.01012,55.00547],[-2.0095,55.00534],[-2.00846,55.0054],[-2.00599,55.00423],[-2.00346,55.00266],[-1.99631,54.9971],[-1.9905,54.9884],[-1.98968,54.98072],[-1.9837,54.97434],[-1.97531,54.97008],[-1.98695,54.96362],[-1.98511,54.95909],[-1.98367,54.95581],[-1.97702,54.95294],[-1.97164,54.95136],[-1.96843,54.94845],[-1.96867,54.94651],[-1.96994,54.93994],[-1.96962,54.92154],[-1.97294,54.87],[-1.98249,54.87651],[-1.98813,54.87691],[-1.9906,54.87404],[-2.00214,54.8733],[-2.01323,54.86809],[-2.02054,54.86426],[-2.02834,54.85849],[-2.03717,54.85342],[-2.05395,54.84736],[-2.05496,54.84715],[-2.07034,54.84725],[-2.09515,54.84721],[-2.13453,54.84726],[-2.15727,54.85472],[-2.17873,54.86421],[-2.18954,54.86989],[-2.20791,54.88204]]]}},{"type":"Feature","properties":{"source_code":"A84034","codes":["A84034"],"label":"HALTWHISTLE MEDICAL GROUP"},"geometry":{"type":"Polygon","coordinates":[[[-2.44308,54.99613],[-2.21581,54.97722],[-2.29237,54.91609],[-2.34266,54.91688],[-2.35442,54.90149],[-2.3782,54.87562],[-2.39485,54.86386],[-2.41725,54.84553],[-2.4312,54.83834],[-2.44435,54.83237],[-2.4444,54.82721],[-2.44686,54.82027],[-2.46626,54.82195],[-2.50514,54.85265],[-2.52548,54.88451],[-2.53578,54.90198],[-2.57904,54.92833],[-2.59415,54.99534],[-2.54677,55.00283],[-2.44308,54.99613]]]}},{"type":"Feature","properties":{"source_code":"A84018","codes":["A84018"],"label":"CORBRIDGE HEALTH CENTRE"},"geometry":{"type":"Polygon","coordinates":[[[-2.14972,54.97042],[-2.05122,55.08262],[-2.0358,55.0844],[-1.90776,55.06416],[-1.87454,55.0417],[-1.85446,54.98975],[-1.86587,54.96618],[-1.89428,54.96594],[-1.89398,54.95786],[-1.89368,54.9513],[-1.8937,54.94526],[-1.89347,54.93942],[-1.89327,54.93757],[-1.89531,54.93572],[-1.93565,54.88466],[-1.97119,54.86688],[-2.05614,54.89649],[-2.10332,54.88636],[-2.13787,54.88628],[-2.15813,54.92418],[-2.14517,54.95653],[-2.14972,54.97042]]]}},{"type":"Feature","properties":{"source_code":"A84045","codes":["A84045"],"label":"HAYDON BRIDGE & ALLENDALE MEDICAL PRACT"},"geometry":{"type":"Polygon","coordinates":[[[-2.42764,54.96993],[-2.46368,54.98628],[-2.45544,54.9951],[-2.39914,55.00913],[-2.34421,55.01779],[-2.28378,55.03668],[-2.22061,55.03983],[-2.14783,55.03904],[-2.11967,55.03314],[-2.11727,55.02389],[-2.11624,55.01543],[-2.11143,55.00637],[-2.1056,55.00086],[-2.10182,54.99298],[-2.11075,54.98392],[-2.13409,54.98077],[-2.15195,54.96421],[-2.1698,54.9516],[-2.17255,54.93188],[-2.17667,54.91688],[-2.17804,54.89162],[-2.17529,54.8608],[-2.17804,54.82205],[-2.18079,54.79356],[-2.2316,54.79356],[-2.29477,54.79356],[-2.32498,54.79514],[-2.32498,54.81335],[-2.3291,54.82996],[-2.35519,54.83866],[-2.37579,54.85764],[-2.40326,54.88135],[-2.41562,54.90583],[-2.43484,54.93582],[-2.42764,54.96993]]]}},{"type":"Feature","properties":{"source_code":"A86038","codes":["A86038"],"label":"NEWBURN SURGERY"},"geometry":{"type":"Polygon","coordinates":[[[-1.79214,54.98377],[-1.78966,55.0043],[-1.71344,55.00622],[-1.68091,54.99554],[-1.69756,54.98106],[-1.69842,54.96579],[-1.71541,54.96547],[-1.7276,54.96909],[-1.73563,54.9712],[-1.74365,54.97212],[-1.75987,54.97338],[-1.77738,54.98197],[-1.79214,54.98377]]]}},{"type":"Feature","properties":{"source_code":"A86026","codes":["A86026"],"label":"THROCKLEY PRIMARY CARE CENTRE"},"geometry":{"type":"Polygon","coordinates":[[[-1.74545,55.01385],[-1.74219,55.01208],[-1.7379,55.01247],[-1.73309,55.01188],[-1.72949,55.01119],[-1.72606,55.00972],[-1.72348,55.00893],[-1.72125,55.00765],[-1.71919,55.00696],[-1.71473,55.00539],[-1.71112,55.0042],[-1.707,55.00263],[-1.70185,55.00135],[-1.6991,55.00017],[-1.69653,54.99928],[-1.69275,54.998],[-1.68915,54.99712],[-1.68571,54.99623],[-1.68417,54.99564],[-1.68365,54.99446],[-1.68537,54.99337],[-1.68812,54.9918],[-1.69018,54.99002],[-1.69292,54.98796],[-1.69533,54.98579],[-1.6967,54.98382],[-1.69842,54.98234],[-1.69979,54.98037],[-1.70013,54.9782],[-1.70065,54.97564],[-1.70099,54.97298],[-1.70357,54.97229],[-1.707,54.97151],[-1.70855,54.97003],[-1.71198,54.96855],[-1.71593,54.96855],[-1.72022,54.96934],[-1.72331,54.97032],[-1.72417,54.9721],[-1.72365,54.97367],[-1.72571,54.97643],[-1.72863,54.97761],[-1.73275,54.9785],[-1.73498,54.97949],[-1.7391,54.98057],[-1.74082,54.98155],[-1.74391,54.98254],[-1.74717,54.98333],[-1.75198,54.98392],[-1.75507,54.98392],[-1.75764,54.98333],[-1.75936,54.98303],[-1.7621,54.98234],[-1.76519,54.98205],[-1.76794,54.98195],[-1.77069,54.98234],[-1.77343,54.98264],[-1.77635,54.98333],[-1.77841,54.98421],[-1.78099,54.9849],[-1.78356,54.9854],[-1.78596,54.98559],[-1.78854,54.98569],[-1.79111,54.9852],[-1.79335,54.9851],[-1.79489,54.98579],[-1.79609,54.98687],[-1.79644,54.98805],[-1.79729,54.98884],[-1.79798,54.98983],[-1.79918,54.99121],[-1.80004,54.99249],[-1.80141,54.99406],[-1.80279,54.99534],[-1.80433,54.99652],[-1.80571,54.998],[-1.80708,54.99948],[-1.80811,55.00017],[-1.80931,55.00096],[-1.80965,55.00184],[-1.81103,55.00479],[-1.81171,55.00647],[-1.81206,55.00844],[-1.81206,55.01119],[-1.8124,55.01336],[-1.8124,55.01572],[-1.81,55.01651],[-1.80571,55.0169],[-1.8021,55.017],[-1.79884,55.01779],[-1.79249,55.01966],[-1.78596,55.01976],[-1.77927,55.02045],[-1.77601,55.02054],[-1.77017,55.01985],[-1.7664,55.01917],[-1.76279,55.0171],[-1.75747,55.01533],[-1.75266,55.01484],[-1.74871,55.01434],[-1.74545,55.01385]]]}},{"type":"Feature","properties":{"source_code":"A82646","codes":["A82646"],"label":"LONGTOWN MEDICAL CENTRE"},"geometry":{"type":"MultiPolygon","coordinates":[[[[-3.04819,54.99313],[-3.05592,54.97042],[-3.05643,54.97131],[-3.05677,54.97229],[-3.05677,54.97318],[-3.05712,54.97417],[-3.05695,54.97515],[-3.05695,54.97712],[-3.05626,54.9784],[-3.05592,54.97919],[-3.05523,54.98057],[-3.05454,54.98185],[-3.05368,54.98343],[-3.05368,54.9849],[-3.05265,54.98638],[-3.05197,54.98855],[-3.05042,54.99071],[-3.04819,54.99313]]],[[[-3.03085,55.02448],[-3.03429,55.01936],[-3.04047,55.04612],[-3.03566,55.04219],[-3.02879,55.03943],[-3.02399,55.03629],[-3.02673,55.03314],[-3.02948,55.02999],[-3.03085,55.02448]]],[[[-3.01992,55.05305],[-3.04047,55.0477],[-3.04665,55.04809],[-3.04802,55.05124],[-3.04321,55.05281],[-3.03703,55.05438],[-3.03085,55.05399],[-3.02467,55.0536],[-3.01992,55.05305]]],[[[-3.01992,55.05305],[-2.89215,55.08623],[-2.90245,55.07837],[-2.91,55.07876],[-2.91481,55.07797],[-2.91687,55.07522],[-2.92648,55.07208],[-2.93266,55.07168],[-2.94022,55.06972],[-2.94365,55.06539],[-2.93953,55.06185],[-2.94296,55.05871],[-2.9512,55.05517],[-2.95807,55.05242],[-2.96562,55.04966],[-2.97729,55.04927],[-2.98622,55.04966],[-2.99446,55.05124],[-3.00201,55.05124],[-3.01094,55.05124],[-3.01781,55.05281],[-3.01992,55.05305]]],[[[-2.75928,55.15416],[-2.76684,55.07955],[-2.82143,54.99889],[-2.82452,54.99751],[-2.83525,54.96963],[-2.83979,54.96687],[-2.84477,54.9652],[-2.85018,54.96367],[-2.8549,54.96249],[-2.86443,54.96027],[-2.87267,54.95786],[-2.87936,54.95598],[-2.94657,54.93178],[-2.98141,54.92685],[-2.98965,54.92517],[-2.99326,54.92842],[-2.99686,54.93148],[-3.00133,54.93592],[-3.00459,54.93967],[-3.00785,54.94332],[-3.00854,54.9441],[-3.00974,54.94401],[-3.01197,54.9442],[-3.01369,54.9442],[-3.01643,54.9444],[-3.01867,54.94489],[-3.02038,54.94489],[-3.02176,54.94578],[-3.02399,54.94677],[-3.02519,54.94716],[-3.02691,54.94805],[-3.03137,54.94992],[-3.03583,54.95209],[-3.03789,54.95317],[-3.04029,54.95465],[-3.04184,54.95544],[-3.0439,54.95633],[-3.04562,54.95741],[-3.04665,54.9582],[-3.04871,54.95938],[-3.04888,54.96057],[-3.05214,54.96244],[-3.05283,54.96392],[-3.05368,54.96569],[-3.05454,54.96747],[-3.05574,54.96973],[-2.83997,55.12217],[-2.83688,55.12158],[-2.83276,55.12158],[-2.82932,55.12237],[-2.82761,55.12472],[-2.82761,55.12708],[-2.82898,55.12904],[-2.83276,55.13081],[-2.83276,55.13297],[-2.8307,55.13493],[-2.82761,55.1367],[-2.82486,55.13807],[-2.8204,55.13768],[-2.81765,55.13709],[-2.8125,55.13689],[-2.80804,55.13689],[-2.80392,55.13768],[-2.79911,55.13866],[-2.79499,55.13984],[-2.79087,55.14121],[-2.78641,55.14199],[-2.78332,55.14415],[-2.78023,55.1467],[-2.77645,55.14867],[-2.77061,55.14984],[-2.76752,55.1522],[-2.75928,55.15416]]]]}},{"type":"Feature","properties":{"source_code":"A84040","codes":["A84040"],"label":"HUMSHAUGH & WARK MED GRP"},"geometry":{"type":"Polygon","coordinates":[[[-2.23297,55.19298],[-2.00775,55.09959],[-1.93909,54.97288],[-2.06131,54.93503],[-2.38403,54.97288],[-2.40326,55.11137],[-2.34558,55.16475],[-2.23297,55.19298]]]}},{"type":"Feature","properties":{"source_code":"A84011","codes":["A84011"],"label":"WHITE MEDICAL GROUP"},"geometry":{"type":"Polygon","coordinates":[[[-1.71009,55.15102],[-1.69876,55.14612],[-1.68125,55.13748],[-1.67439,55.1261],[-1.66649,55.11569],[-1.66374,55.10548],[-1.66134,55.09861],[-1.64829,55.08426],[-1.63937,55.06854],[-1.65138,55.02015],[-1.66924,55.00558],[-1.67747,55.00913],[-1.68365,55.01031],[-1.69086,55.00972],[-1.69807,55.00873],[-1.70151,55.00657],[-1.70254,55.00263],[-1.71181,54.98904],[-1.71558,54.98943],[-1.72279,54.99219],[-1.73241,54.99633],[-1.74271,55.00027],[-1.7585,55.00224],[-1.76537,55.00046],[-1.77155,54.99652],[-1.77773,54.98924],[-1.78665,54.97939],[-1.79592,54.97545],[-1.81549,54.9721],[-1.82682,54.97249],[-1.83609,54.97742],[-1.84193,54.97308],[-1.85532,54.9719],[-1.86768,54.9652],[-1.88244,54.96086],[-1.88999,54.96362],[-1.89754,54.95869],[-1.91986,54.95278],[-1.92467,54.95357],[-1.92364,54.96638],[-1.91746,54.96855],[-1.91746,54.97032],[-1.91505,54.97308],[-1.91746,54.97801],[-1.91814,54.98589],[-1.93325,54.9979],[-1.93806,55.0107],[-1.97926,55.01326],[-1.9875,55.01169],[-2.00672,55.01031],[-2.02045,55.01188],[-2.03075,55.03196],[-2.02904,55.08053],[-2.0438,55.09959],[-2.00844,55.10627],[-2.01256,55.1206],[-1.98578,55.12826],[-2.00638,55.15063],[-2.01187,55.15573],[-2.02286,55.15612],[-2.02732,55.16044],[-2.01771,55.16612],[-1.96827,55.17867],[-1.96209,55.16612],[-1.94218,55.17259],[-1.8996,55.17495],[-1.89686,55.17299],[-1.87832,55.17534],[-1.86905,55.17338],[-1.84639,55.16652],[-1.71009,55.15102]]]}},{"type":"Feature","properties":{"source_code":"A84007","codes":["A84007"],"label":"PONTELAND MEDICAL GROUP"},"geometry":{"type":"MultiPolygon","coordinates":[[[[-1.66776,55.00675],[-1.66762,55.00682],[-1.66872,55.00607],[-1.66776,55.00675]]],[[[-1.66762,55.00682],[-1.64452,55.02251],[-1.65696,55.01213],[-1.66762,55.00682]]],[[[-2.01745,55.06422],[-2.01754,55.06416],[-2.01754,55.06424],[-2.01745,55.06422]]],[[[-1.66776,55.00675],[-1.66936,55.00595],[-1.68211,55.011],[-1.68833,55.01041],[-1.69147,55.00568],[-1.69494,55.00086],[-1.70297,55.00288],[-1.71194,54.98872],[-1.72646,54.99124],[-1.74442,54.99081],[-1.75318,54.99229],[-1.82184,54.97545],[-1.82673,54.97456],[-1.83025,54.97564],[-1.83712,54.97801],[-1.84193,54.97348],[-1.85566,54.97229],[-1.86699,54.96707],[-1.94286,54.97032],[-1.99179,55.01218],[-2.01668,55.06372],[-2.01685,55.06392],[-2.01736,55.06421],[-2.01745,55.06422],[-2.01719,55.06441],[-1.96861,55.13704],[-1.95316,55.14199],[-1.95471,55.14562],[-1.94801,55.14857],[-1.95522,55.15229],[-1.96226,55.16514],[-1.96947,55.18671],[-1.94321,55.18553],[-1.94338,55.18044],[-1.94183,55.17975],[-1.93806,55.17995],[-1.9372,55.17906],[-1.92553,55.17661],[-1.91883,55.17701],[-1.91694,55.17769],[-1.91196,55.17857],[-1.90578,55.17691],[-1.896,55.17955],[-1.8924,55.18004],[-1.8833,55.17799],[-1.8821,55.17897],[-1.87832,55.17975],[-1.87729,55.17828],[-1.87334,55.17759],[-1.87025,55.17691],[-1.86785,55.17867],[-1.86579,55.17779],[-1.86544,55.17338],[-1.86184,55.17299],[-1.86167,55.17014],[-1.86029,55.16897],[-1.84141,55.16573],[-1.82699,55.16446],[-1.81824,55.16602],[-1.81618,55.16553],[-1.76502,55.16416],[-1.75129,55.16495],[-1.73241,55.16789],[-1.70872,55.15004],[-1.67816,55.13768],[-1.66271,55.1045],[-1.65773,55.09212],[-1.64314,55.08053],[-1.62872,55.03432],[-1.66776,55.00675]]]]}},{"type":"Feature","properties":{"source_code":"A84027","codes":["A84027"],"label":"BELLINGHAM PRACTICE"},"geometry":{"type":"Polygon","coordinates":[[[-2.13341,55.26582],[-2.06921,55.24742],[-2.03161,55.23196],[-2.00775,55.21022],[-2.00591,55.19801],[-1.99926,55.18168],[-1.99416,55.16921],[-1.99212,55.16415],[-1.99334,55.15723],[-2.02656,55.1434],[-2.056,55.13075],[-2.13378,55.11557],[-2.12729,55.10838],[-2.12049,55.10145],[-2.1165,55.09743],[-2.11264,55.09252],[-2.10354,55.08308],[-2.10766,55.06471],[-2.12585,55.05812],[-2.1786,55.06181],[-2.18701,55.06689],[-2.20203,55.06861],[-2.21664,55.0711],[-2.22562,55.07111],[-2.23726,55.07555],[-2.24917,55.07586],[-2.25903,55.07579],[-2.26494,55.07633],[-2.27715,55.07491],[-2.28506,55.07287],[-2.28987,55.0728],[-2.29121,55.07272],[-2.29292,55.07272],[-2.29473,55.07262],[-2.29855,55.07265],[-2.29983,55.07274],[-2.3025,55.07199],[-2.30449,55.07152],[-2.307,55.07157],[-2.31155,55.07173],[-2.32523,55.07286],[-2.33162,55.07353],[-2.33826,55.07315],[-2.35096,55.07326],[-2.36305,55.07294],[-2.40171,55.08161],[-2.42661,55.09252],[-2.59552,55.12943],[-2.66041,55.21982],[-2.64586,55.22011],[-2.63062,55.22413],[-2.63346,55.22589],[-2.63522,55.22937],[-2.63406,55.23206],[-2.63174,55.24096],[-2.62732,55.24534],[-2.61054,55.24718],[-2.64565,55.25965],[-2.62608,55.26166],[-2.62565,55.265],[-2.62779,55.26765],[-2.6235,55.26928],[-2.62093,55.27325],[-2.61655,55.27736],[-2.61114,55.28068],[-2.60887,55.28327],[-2.60419,55.28567],[-2.59964,55.28615],[-2.59252,55.29055],[-2.58436,55.29319],[-2.57956,55.29405],[-2.57544,55.29608],[-2.57333,55.29779],[-2.57374,55.30055],[-2.57193,55.30088],[-2.56933,55.30223],[-2.56621,55.30319],[-2.56533,55.30479],[-2.56488,55.30585],[-2.56418,55.30708],[-2.56022,55.3085],[-2.55966,55.30972],[-2.55841,55.31065],[-2.55703,55.31144],[-2.55668,55.31232],[-2.55924,55.31513],[-2.55871,55.31775],[-2.55112,55.31575],[-2.54539,55.31782],[-2.54188,55.31897],[-2.53801,55.32031],[-2.5296,55.32261],[-2.52419,55.32189],[-2.5181,55.32372],[-2.51621,55.32677],[-2.51278,55.32956],[-2.50145,55.33779],[-2.50214,55.34018],[-2.49973,55.34125],[-2.49619,55.34638],[-2.49162,55.35033],[-2.4866,55.35218],[-2.47622,55.35472],[-2.4733,55.35414],[-2.46712,55.35267],[-2.46334,55.35374],[-2.46017,55.35321],[-2.45617,55.35528],[-2.45321,55.35599],[-2.44772,55.35804],[-2.37854,55.35257],[-2.34386,55.3432],[-2.30455,55.33539],[-2.25812,55.32582],[-2.19177,55.29749],[-2.17735,55.2842],[-2.13341,55.26582]]]}},{"type":"Feature","properties":{"source_code":"A84042","codes":["A84042"],"label":"SCOTS GAP MEDICAL GROUP"},"geometry":{"type":"MultiPolygon","coordinates":[[[[-1.78231,55.05367],[-1.7482,55.05478],[-1.8869,55.04612],[-1.78231,55.05367]]],[[[-2.15057,55.2063],[-2.15057,55.19559],[-2.15607,55.20239],[-2.15057,55.19398],[-2.15057,55.16435],[-2.17804,55.18828],[-2.15057,55.20709],[-2.15057,55.2063]]],[[[-1.78231,55.05367],[-2.02948,55.04531],[-2.02698,55.04219],[-2.033,55.04518],[-2.03925,55.04497],[-2.04208,55.04455],[-2.04723,55.05226],[-2.15057,55.10352],[-2.15057,55.16435],[-2.12585,55.14278],[-2.1286,55.13336],[-2.12036,55.11923],[-2.10845,55.10771],[-2.11487,55.10666],[-2.08466,55.08466],[-2.10845,55.10771],[-2.09564,55.1098],[-2.15057,55.19398],[-2.15057,55.19559],[-2.10761,55.14242],[-2.15057,55.2063],[-1.96106,55.30648],[-1.81274,55.25564],[-1.80176,55.25408],[-1.70288,55.1624],[-1.77841,55.08308],[-2.03027,55.04629],[-2.02952,55.04535],[-1.75026,55.05596],[-1.78231,55.05367]]],[[[-2.03306,55.04521],[-2.03409,55.04573],[-2.03922,55.04497],[-2.03306,55.04521]]]]}},{"type":"Feature","properties":{"source_code":"A84002","codes":["A84002"],"label":"THE ROTHBURY PRACTICE"},"geometry":{"type":"MultiPolygon","coordinates":[[[[-1.72453,55.32158],[-1.72451,55.32153],[-1.72314,55.31821],[-1.72485,55.32153],[-1.72453,55.32158]]],[[[-1.72453,55.32158],[-1.72509,55.32268],[-1.72108,55.32211],[-1.72453,55.32158]]],[[[-1.72509,55.32268],[-1.7252,55.3227],[-1.72528,55.32289],[-1.72485,55.31508],[-1.72726,55.29456],[-1.7288,55.28068],[-1.72477,55.27178],[-1.71661,55.26679],[-1.74683,55.23216],[-1.76434,55.21272],[-1.79695,55.19915],[-1.85738,55.16808],[-1.87016,55.17437],[-1.88639,55.17321],[-1.89952,55.17381],[-1.91471,55.17441],[-1.94098,55.17247],[-1.96243,55.16583],[-2.01942,55.16593],[-2.02337,55.1723],[-2.03419,55.17632],[-2.04071,55.18396],[-2.05256,55.19033],[-2.06852,55.19122],[-2.08878,55.19847],[-2.09461,55.20547],[-2.1032,55.20856],[-2.11178,55.21399],[-2.11015,55.21555],[-2.11607,55.2171],[-2.12654,55.21747],[-2.13401,55.21779],[-2.1401,55.22241],[-2.14551,55.2243],[-2.15366,55.22579],[-2.15675,55.22726],[-2.14405,55.30424],[-2.13701,55.34218],[-2.12285,55.36026],[-2.08672,55.37775],[-1.99471,55.41196],[-1.90269,55.44109],[-1.80038,55.38379],[-1.7276,55.34672],[-1.7252,55.33383],[-1.72537,55.32446],[-1.72529,55.32309],[-1.72509,55.32268]]],[[[-1.83266,55.41382],[-1.83094,55.40251],[-1.90132,55.44051],[-1.8948,55.44304],[-1.88347,55.44498],[-1.87077,55.437],[-1.85291,55.43291],[-1.84193,55.42629],[-1.83266,55.41382]]]]}},{"type":"Feature","properties":{"source_code":"A84604","codes":["A84604"],"label":"WOOLER HEALTH"},"geometry":{"type":"Polygon","coordinates":[[[-2.22404,55.64854],[-2.10182,55.67352],[-1.95625,55.67061],[-1.87077,55.59018],[-1.82545,55.5467],[-1.84914,55.46893],[-1.84845,55.40115],[-1.9693,55.40836],[-2.16293,55.43875],[-2.15195,55.50628],[-2.25357,55.57796],[-2.22095,55.6247],[-2.22404,55.64854]]]}},{"type":"Feature","properties":{"source_code":"A84044","codes":["A84044"],"label":"UNION BRAE & NORHAM PRAC"},"geometry":{"type":"Polygon","coordinates":[[[-2.06989,55.84978],[-2.06768,55.84656],[-2.06967,55.84264],[-2.06517,55.84048],[-2.06223,55.83825],[-2.0563,55.8381],[-2.05277,55.82792],[-2.05313,55.82566],[-2.05057,55.82569],[-2.04894,55.82088],[-2.04457,55.81607],[-2.03985,55.81475],[-2.03453,55.81095],[-2.0305,55.80732],[-2.03123,55.80453],[-2.02507,55.80199],[-2.0141,55.79287],[-2.00664,55.78846],[-2.00084,55.78684],[-1.99417,55.78081],[-1.99358,55.77838],[-1.99539,55.77575],[-1.99037,55.77612],[-1.99129,55.77263],[-1.98707,55.77011],[-1.99114,55.76526],[-1.99061,55.76003],[-1.98595,55.75481],[-1.97213,55.74375],[-1.97003,55.74131],[-1.96245,55.73855],[-1.95694,55.73347],[-1.9505,55.72956],[-1.94557,55.72683],[-1.93789,55.72139],[-1.93673,55.71857],[-1.92939,55.71574],[-1.9193,55.71195],[-1.91804,55.70889],[-1.91569,55.70698],[-1.90662,55.70428],[-1.90311,55.70351],[-1.8948,55.69849],[-1.96655,55.70255],[-1.9717,55.67913],[-1.99711,55.67821],[-1.99677,55.67582],[-1.99642,55.67303],[-1.99565,55.67045],[-1.99453,55.66766],[-2.01861,55.6685],[-2.03065,55.6693],[-2.04303,55.67069],[-2.05492,55.66978],[-2.10457,55.66577],[-2.1147,55.66069],[-2.12337,55.66096],[-2.12942,55.65605],[-2.13547,55.66122],[-2.18525,55.65972],[-2.21254,55.67872],[-2.20353,55.68725],[-2.21035,55.69016],[-2.24261,55.68581],[-2.25152,55.69834],[-2.28139,55.72878],[-2.24018,55.73606],[-2.24619,55.75542],[-2.22036,55.7622],[-2.21585,55.76346],[-2.21478,55.7682],[-2.18662,55.76943],[-2.17838,55.76962],[-2.18422,55.78208],[-2.15916,55.78212],[-2.15899,55.78562],[-2.15409,55.7866],[-2.14169,55.81488],[-2.12553,55.81782],[-2.1183,55.82038],[-2.11416,55.82438],[-2.11225,55.82673],[-2.10949,55.82719],[-2.10382,55.82841],[-2.09659,55.83116],[-2.08946,55.83798],[-2.06989,55.84978]]]}},{"type":"Feature","properties":{"source_code":"A84008","codes":["A84008"],"label":"BELFORD MEDICAL PRACTICE"},"geometry":{"type":"MultiPolygon","coordinates":[[[[-1.91099,55.526],[-1.91195,55.52455],[-1.91264,55.52591],[-1.91099,55.526]]],[[[-1.90949,55.52638],[-1.9092,55.5261],[-1.91099,55.526],[-1.91065,55.52653],[-1.90949,55.52638]]],[[[-1.91026,55.52711],[-1.91065,55.52653],[-1.91191,55.52669],[-1.91153,55.52747],[-1.91063,55.52747],[-1.91026,55.52711]]],[[[-1.99814,55.64699],[-1.99505,55.65706],[-2.00054,55.6679],[-2.00052,55.6979],[-1.99608,55.7099],[-1.98166,55.72382],[-1.95865,55.73175],[-1.88991,55.69703],[-1.82566,55.69229],[-1.79242,55.68896],[-1.76743,55.68533],[-1.77428,55.6861],[-1.76809,55.68533],[-1.57659,55.6466],[-1.63491,55.57951],[-1.63353,55.56903],[-1.61817,55.55209],[-1.6325,55.55194],[-1.63464,55.55602],[-1.64856,55.55383],[-1.6616,55.55024],[-1.67602,55.54806],[-1.68537,55.5449],[-1.69344,55.54039],[-1.70065,55.53917],[-1.70493,55.53699],[-1.70743,55.52353],[-1.71224,55.52261],[-1.71524,55.52091],[-1.71884,55.52193],[-1.72245,55.52149],[-1.72545,55.51989],[-1.72704,55.51809],[-1.72884,55.51525],[-1.73361,55.5123],[-1.74116,55.51233],[-1.74009,55.51009],[-1.73302,55.50052],[-1.74073,55.49891],[-1.76604,55.50584],[-1.77257,55.50905],[-1.90949,55.52638],[-1.91026,55.52711],[-1.91003,55.52747],[-1.90819,55.52747],[-1.9099,55.52766],[-1.91003,55.52747],[-1.91063,55.52747],[-1.91124,55.52805],[-1.91153,55.52747],[-1.91265,55.52747],[-1.91162,55.53737],[-1.91094,55.54689],[-1.98681,55.62393],[-1.99814,55.64699]]]]}},{"type":"Feature","properties":{"source_code":"A84026","codes":["A84026"],"label":"WELL CLOSE MEDICAL GROUP"},"geometry":{"type":"Polygon","coordinates":[[[-1.88132,55.68436],[-1.90398,55.67826],[-1.97788,55.65023],[-2.11161,55.65091],[-2.10835,55.67647],[-2.171,55.72397],[-2.22035,55.76441],[-2.16671,55.80006],[-2.16688,55.81122],[-2.13203,55.84496],[-2.11324,55.86243],[-2.08311,55.87334],[-1.88132,55.68436]]]}}]}