{"type":"FeatureCollection","metadata":{"bundle_id":"bundle-008","practice_count":190,"feature_count":190},"features":[{"type":"Feature","properties":{"source_code":"K84062","codes":["K84062"],"label":"WOODLANDS SURGERY"},"geometry":{"type":"Polygon","coordinates":[[[-1.37509,52.14487],[-1.33329,52.1494],[-1.26772,52.13686],[-1.21931,52.09918],[-1.21802,52.05001],[-1.22635,52.0168],[-1.25811,51.9917],[-1.37441,51.98916],[-1.41432,51.99408],[-1.49277,52.06283],[-1.46015,52.08409],[-1.45474,52.11478],[-1.37509,52.14487]]]}},{"type":"Feature","properties":{"source_code":"M84025","codes":["M84025"],"label":"SHIPSTON MEDICAL CENTRE"},"geometry":{"type":"Polygon","coordinates":[[[-1.76099,51.99254],[-1.793,52.02152],[-1.79571,52.02853],[-1.78955,52.03328],[-1.78724,52.03806],[-1.78699,52.04199],[-1.79918,52.05223],[-1.78399,52.06236],[-1.77674,52.06793],[-1.77569,52.07055],[-1.77302,52.07418],[-1.77086,52.07645],[-1.77172,52.07829],[-1.77052,52.08067],[-1.77378,52.08373],[-1.77569,52.08918],[-1.77348,52.0919],[-1.767,52.09607],[-1.77112,52.10086],[-1.75992,52.10582],[-1.75653,52.10988],[-1.75713,52.11607],[-1.75507,52.12016],[-1.74661,52.12313],[-1.75086,52.12822],[-1.74833,52.13128],[-1.74271,52.13538],[-1.74039,52.1415],[-1.73741,52.14672],[-1.736,52.14978],[-1.73391,52.15137],[-1.73168,52.15342],[-1.73082,52.15627],[-1.72494,52.15716],[-1.71679,52.15877],[-1.70477,52.15835],[-1.69413,52.15782],[-1.68537,52.16014],[-1.68245,52.16172],[-1.67507,52.16403],[-1.64692,52.15371],[-1.63885,52.15303],[-1.63284,52.15108],[-1.62701,52.14876],[-1.62473,52.14853],[-1.62211,52.1465],[-1.61825,52.14371],[-1.61473,52.14144],[-1.61448,52.14139],[-1.60767,52.14063],[-1.60121,52.13912],[-1.60117,52.13359],[-1.59731,52.13243],[-1.58744,52.14329],[-1.58409,52.14787],[-1.58424,52.14668],[-1.58452,52.14597],[-1.58435,52.14587],[-1.58424,52.14668],[-1.58409,52.14708],[-1.57808,52.14466],[-1.57207,52.14239],[-1.5662,52.13939],[-1.55929,52.13865],[-1.55474,52.13265],[-1.53208,52.12369],[-1.5247,52.12232],[-1.51697,52.12284],[-1.47165,52.11009],[-1.48036,52.09673],[-1.48204,52.09137],[-1.49019,52.09185],[-1.49895,52.08288],[-1.4986,52.07761],[-1.49689,52.07128],[-1.49757,52.06579],[-1.49414,52.06262],[-1.4859,52.05333],[-1.47629,52.04573],[-1.46942,52.03475],[-1.48041,52.03306],[-1.48315,52.0263],[-1.4859,52.01701],[-1.49277,52.0094],[-1.50925,52.00602],[-1.52161,51.99926],[-1.52435,51.9908],[-1.53671,51.98488],[-1.54907,51.98065],[-1.56418,51.97811],[-1.57654,51.97219],[-1.58752,51.96881],[-1.59851,51.96373],[-1.60812,51.95781],[-1.6146,51.9595],[-1.61853,51.96162],[-1.6204,51.96426],[-1.62671,51.96775],[-1.63147,51.97135],[-1.64108,51.97737],[-1.64679,51.98055],[-1.65336,51.98213],[-1.66632,51.98747],[-1.67747,51.9884],[-1.68108,51.98883],[-1.6864,51.98874],[-1.6955,51.99054],[-1.69923,51.99059],[-1.70125,51.99397],[-1.70465,51.99402],[-1.70513,51.99286],[-1.7063,51.9904],[-1.70722,51.99027],[-1.70863,51.99014],[-1.71494,51.98995],[-1.71698,51.98861],[-1.72667,51.98851],[-1.73185,51.98976],[-1.73664,51.98959],[-1.74116,51.99027],[-1.75309,51.99054],[-1.75429,51.99075],[-1.75515,51.99077],[-1.76099,51.99254]]]}},{"type":"Feature","properties":{"source_code":"M81004","codes":["M81004"],"label":"RIVERSIDE SURGERY"},"geometry":{"type":"Polygon","coordinates":[[[-2.00857,52.03742],[-2.00052,52.05166],[-2.03554,52.0679],[-2.00698,52.09678],[-2.00917,52.11779],[-1.98814,52.12216],[-1.95578,52.13417],[-1.92407,52.1446],[-1.90454,52.14202],[-1.86484,52.12205],[-1.85802,52.11075],[-1.85832,52.10363],[-1.85781,52.09883],[-1.85695,52.08528],[-1.86961,52.07141],[-1.86986,52.05384],[-1.87776,52.0479],[-1.88373,52.04484],[-1.94166,52.0248],[-1.95694,52.0076],[-1.98046,52.01225],[-2.00857,52.03742]]]}},{"type":"Feature","properties":{"source_code":"M81058","codes":["M81058"],"label":"MERSTOW GREEN MEDICAL PRACTICE"},"geometry":{"type":"Polygon","coordinates":[[[-2.01668,52.11852],[-2.00449,52.14371],[-1.99814,52.16909],[-1.98269,52.1803],[-1.9613,52.16733],[-1.93681,52.1654],[-1.93033,52.14761],[-1.89076,52.14492],[-1.86214,52.12714],[-1.83935,52.11678],[-1.82296,52.09615],[-1.83626,52.06822],[-1.86733,52.05502],[-1.88587,52.04478],[-1.90681,52.03898],[-1.9693,52.03475],[-2.00312,52.03264],[-2.02423,52.03813],[-2.02887,52.07402],[-2.02226,52.09322],[-2.01754,52.11178],[-2.01668,52.11852]]]}},{"type":"Feature","properties":{"source_code":"M81094","codes":["M81094"],"label":"ABBEY MEDICAL PRACTICE"},"geometry":{"type":"Polygon","coordinates":[[[-2.0723,52.07866],[-2.06221,52.10672],[-2.02269,52.122],[-2.02327,52.14204],[-2.02299,52.16759],[-1.9905,52.18146],[-1.90209,52.18162],[-1.88767,52.15951],[-1.88707,52.13786],[-1.82197,52.09844],[-1.84227,52.05154],[-1.87677,52.04943],[-1.88012,52.01622],[-1.98784,52.01701],[-2.0723,52.07866]]]}},{"type":"Feature","properties":{"source_code":"M81627","codes":["M81627"],"label":"DEMONTFORT MEDICAL CENTRE"},"geometry":{"type":"Polygon","coordinates":[[[-1.90407,52.1436],[-1.8869,52.13918],[-1.87248,52.13644],[-1.84021,52.13349],[-1.8148,52.10144],[-1.83815,52.05882],[-1.84227,52.03475],[-1.86424,52.02588],[-1.8869,52.01067],[-1.92261,52.00179],[-1.97411,51.99841],[-2.01736,52.00856],[-2.02286,52.04109],[-1.99608,52.07149],[-2.0153,52.1044],[-2.02148,52.12337],[-2.01874,52.1377],[-1.99951,52.15666],[-1.93909,52.16256],[-1.90407,52.1436]]]}},{"type":"Feature","properties":{"source_code":"K84056","codes":["K84056"],"label":"CROPREDY SURGERY"},"geometry":{"type":"Polygon","coordinates":[[[-1.39569,52.17072],[-1.34527,52.18059],[-1.29467,52.18004],[-1.2921,52.16672],[-1.27278,52.15461],[-1.26214,52.13575],[-1.24227,52.12985],[-1.19991,52.1171],[-1.22077,52.09928],[-1.24768,52.08673],[-1.26703,52.0689],[-1.27902,52.06976],[-1.28946,52.07315],[-1.31329,52.07301],[-1.31642,52.07722],[-1.3216,52.08143],[-1.32714,52.08501],[-1.3361,52.08902],[-1.37368,52.08842],[-1.37391,52.08849],[-1.3815,52.08854],[-1.40462,52.08831],[-1.43131,52.10208],[-1.40513,52.12443],[-1.40387,52.13517],[-1.40724,52.1455],[-1.39569,52.17072]]]}},{"type":"Feature","properties":{"source_code":"M84066","codes":["M84066"],"label":"MEON MEDICAL CENTRE"},"geometry":{"type":"Polygon","coordinates":[[[-1.79335,52.16277],[-1.79175,52.16607],[-1.7929,52.16958],[-1.79842,52.17182],[-1.79983,52.17469],[-1.79395,52.17862],[-1.78579,52.1793],[-1.77918,52.17535],[-1.77687,52.17004],[-1.77459,52.16809],[-1.77112,52.16646],[-1.76725,52.16593],[-1.76004,52.16735],[-1.75507,52.16969],[-1.74974,52.17077],[-1.73854,52.1753],[-1.73249,52.17825],[-1.72327,52.17772],[-1.71633,52.17788],[-1.71043,52.18077],[-1.70631,52.18504],[-1.70477,52.18822],[-1.70039,52.19139],[-1.69687,52.19298],[-1.68554,52.18509],[-1.68237,52.18327],[-1.67988,52.18062],[-1.6749,52.17677],[-1.69601,52.17162],[-1.67387,52.14445],[-1.65816,52.13886],[-1.654,52.13191],[-1.65499,52.12432],[-1.66692,52.10824],[-1.6723,52.10043],[-1.67426,52.09282],[-1.67827,52.08764],[-1.68571,52.08246],[-1.78802,52.07972],[-1.80777,52.08077],[-1.84742,52.08605],[-1.84965,52.08942],[-1.84836,52.09406],[-1.83472,52.11262],[-1.81575,52.14539],[-1.81307,52.15237],[-1.80146,52.16061],[-1.79335,52.16277]]]}},{"type":"Feature","properties":{"source_code":"M84062","codes":["M84062"],"label":"VALE OF RED HORSE"},"geometry":{"type":"Polygon","coordinates":[[[-1.50084,52.24105],[-1.48891,52.23279],[-1.47908,52.22972],[-1.46455,52.22692],[-1.4562,52.22622],[-1.44204,52.22501],[-1.43204,52.22451],[-1.42943,52.22506],[-1.42627,52.22501],[-1.42191,52.22484],[-1.41758,52.22367],[-1.41097,52.21215],[-1.40488,52.20381],[-1.38221,52.1634],[-1.37775,52.14592],[-1.36934,52.11926],[-1.37046,52.09422],[-1.38531,52.07212],[-1.4205,52.05386],[-1.48041,52.04067],[-1.54495,52.04362],[-1.60675,52.05249],[-1.62147,52.05605],[-1.63688,52.08136],[-1.64778,52.11252],[-1.65207,52.15371],[-1.63353,52.20045],[-1.61585,52.21823],[-1.60014,52.22964],[-1.57345,52.24021],[-1.5574,52.24678],[-1.53723,52.24935],[-1.51329,52.24783],[-1.50084,52.24105]]]}},{"type":"Feature","properties":{"source_code":"M84009","codes":["M84009"],"label":"FENNY COMPTON SURGERY"},"geometry":{"type":"Polygon","coordinates":[[[-1.29021,52.17435],[-1.33827,52.13349],[-1.34342,52.13418],[-1.36162,52.09406],[-1.36794,52.09435],[-1.38771,52.07423],[-1.48727,52.06241],[-1.50011,52.1004],[-1.50444,52.1006],[-1.50684,52.14065],[-1.4859,52.15519],[-1.48659,52.15561],[-1.39355,52.20719],[-1.27476,52.21213],[-1.29021,52.17435]]]}},{"type":"Feature","properties":{"source_code":"M84018","codes":["M84018"],"label":"BIDFORD HEALTH CENTRE"},"geometry":{"type":"Polygon","coordinates":[[[-1.88583,52.19903],[-1.88544,52.19902],[-1.88559,52.19909],[-1.88541,52.19905],[-1.88527,52.19911],[-1.88525,52.19909],[-1.88524,52.19914],[-1.88542,52.19914],[-1.88393,52.19983],[-1.8838,52.20073],[-1.88315,52.2006],[-1.8825,52.20025],[-1.87896,52.19989],[-1.87862,52.20062],[-1.87231,52.20066],[-1.85617,52.19814],[-1.84899,52.19898],[-1.83923,52.19876],[-1.8336,52.19539],[-1.83362,52.19076],[-1.82943,52.19252],[-1.82309,52.19212],[-1.82403,52.20688],[-1.8227,52.20657],[-1.81004,52.20494],[-1.80615,52.20414],[-1.8024,52.20345],[-1.79856,52.20313],[-1.79261,52.20175],[-1.79438,52.20079],[-1.79808,52.19831],[-1.80099,52.19623],[-1.80424,52.19426],[-1.80321,52.19266],[-1.80069,52.19087],[-1.79727,52.18886],[-1.79373,52.18723],[-1.79241,52.18605],[-1.79049,52.18535],[-1.78841,52.18434],[-1.78597,52.18448],[-1.78283,52.18394],[-1.77963,52.18411],[-1.77898,52.1831],[-1.77969,52.18297],[-1.78039,52.18243],[-1.78181,52.1814],[-1.78215,52.17854],[-1.78661,52.17847],[-1.79005,52.17735],[-1.78956,52.17628],[-1.78812,52.17575],[-1.78542,52.17494],[-1.7848,52.17484],[-1.78418,52.17517],[-1.78294,52.17562],[-1.78201,52.17556],[-1.78109,52.17513],[-1.77968,52.17434],[-1.77969,52.1737],[-1.77935,52.17275],[-1.77851,52.17148],[-1.77745,52.17014],[-1.77665,52.1688],[-1.77459,52.1673],[-1.77328,52.16655],[-1.77149,52.16628],[-1.77014,52.16621],[-1.7687,52.16626],[-1.76771,52.16632],[-1.7668,52.16644],[-1.76606,52.1665],[-1.76528,52.16667],[-1.766,52.16557],[-1.76656,52.16417],[-1.76646,52.16145],[-1.77957,52.15982],[-1.77778,52.15701],[-1.77703,52.15556],[-1.77586,52.15287],[-1.77455,52.14792],[-1.77704,52.12969],[-1.77889,52.12608],[-1.78024,52.12252],[-1.78064,52.12233],[-1.78096,52.12146],[-1.78056,52.11994],[-1.78047,52.11865],[-1.77995,52.1173],[-1.77897,52.11412],[-1.782,52.11325],[-1.78536,52.11236],[-1.78807,52.112],[-1.79386,52.10907],[-1.79587,52.11133],[-1.80265,52.11547],[-1.80841,52.11505],[-1.81189,52.11055],[-1.82015,52.10417],[-1.82213,52.10208],[-1.82324,52.10085],[-1.82177,52.09983],[-1.82235,52.09863],[-1.82395,52.09785],[-1.82146,52.09628],[-1.82372,52.09468],[-1.82927,52.09404],[-1.83071,52.09397],[-1.83138,52.09253],[-1.832,52.09221],[-1.83338,52.09155],[-1.83515,52.09103],[-1.83573,52.09042],[-1.83626,52.0902],[-1.83638,52.09042],[-1.83702,52.09112],[-1.83899,52.09187],[-1.8452,52.09505],[-1.84285,52.09905],[-1.83922,52.10158],[-1.84474,52.1081],[-1.84803,52.10928],[-1.85166,52.10914],[-1.85265,52.10933],[-1.85518,52.11015],[-1.85879,52.11056],[-1.8636,52.10697],[-1.86608,52.10811],[-1.86714,52.10955],[-1.86528,52.11048],[-1.86466,52.11168],[-1.86576,52.11258],[-1.86883,52.11306],[-1.87699,52.11344],[-1.88129,52.11369],[-1.88486,52.11317],[-1.88755,52.11267],[-1.89089,52.11247],[-1.89531,52.11237],[-1.89849,52.11201],[-1.8987,52.11282],[-1.89546,52.11319],[-1.89333,52.11314],[-1.89282,52.11494],[-1.89179,52.12116],[-1.8907,52.12443],[-1.88986,52.12785],[-1.8925,52.13135],[-1.89179,52.13378],[-1.90772,52.13641],[-1.91164,52.13363],[-1.9152,52.13462],[-1.91876,52.13477],[-1.92175,52.13602],[-1.92302,52.13767],[-1.92481,52.13895],[-1.92526,52.14025],[-1.92701,52.14119],[-1.92976,52.14286],[-1.93312,52.14437],[-1.93201,52.14529],[-1.93183,52.1465],[-1.92915,52.14779],[-1.92617,52.14644],[-1.92487,52.14435],[-1.92477,52.14565],[-1.92336,52.1459],[-1.92277,52.14633],[-1.92202,52.14767],[-1.92205,52.14918],[-1.92273,52.15058],[-1.92277,52.15057],[-1.92265,52.15735],[-1.92259,52.16385],[-1.93131,52.16952],[-1.9311,52.17467],[-1.91226,52.17725],[-1.90269,52.18225],[-1.90046,52.1854],[-1.89996,52.18723],[-1.89203,52.18775],[-1.89003,52.18981],[-1.88752,52.19153],[-1.88668,52.19206],[-1.88613,52.19241],[-1.88569,52.1925],[-1.88481,52.19318],[-1.88435,52.19339],[-1.884,52.19378],[-1.88304,52.19427],[-1.88258,52.19529],[-1.88308,52.19557],[-1.88473,52.19585],[-1.88479,52.1965],[-1.88516,52.19706],[-1.88561,52.19764],[-1.88561,52.19826],[-1.88587,52.19881],[-1.8858,52.19884],[-1.88583,52.19878],[-1.88572,52.19887],[-1.8858,52.19884],[-1.88576,52.19892],[-1.88583,52.19903]]]}},{"type":"Feature","properties":{"source_code":"Y03035","codes":["Y03035"],"label":"QUEENSWOOD MEDICAL PRACTICE"},"geometry":{"type":"Polygon","coordinates":[[[-0.13819,51.57091],[-0.14338,51.57624],[-0.14711,51.57784],[-0.15643,51.58184],[-0.16226,51.58507],[-0.16355,51.58611],[-0.16381,51.58686],[-0.16291,51.58696],[-0.16295,51.58795],[-0.16213,51.58812],[-0.16224,51.58998],[-0.15995,51.59024],[-0.15956,51.59147],[-0.15857,51.59211],[-0.1572,51.59216],[-0.15724,51.59272],[-0.15857,51.59531],[-0.14849,51.59595],[-0.1478,51.59462],[-0.14673,51.5948],[-0.1478,51.59755],[-0.1463,51.59787],[-0.14703,51.59931],[-0.14505,51.60016],[-0.14258,51.60035],[-0.14153,51.60039],[-0.14044,51.6003],[-0.13932,51.59994],[-0.13765,51.60098],[-0.13647,51.60027],[-0.13568,51.59977],[-0.13438,51.60071],[-0.13252,51.60137],[-0.12978,51.60329],[-0.12677,51.60251],[-0.12351,51.60055],[-0.12076,51.59853],[-0.11892,51.59664],[-0.118,51.59545],[-0.11724,51.59463],[-0.11497,51.59216],[-0.11171,51.59262],[-0.11115,51.59314],[-0.11029,51.59404],[-0.10909,51.59366],[-0.10787,51.59362],[-0.10699,51.59307],[-0.10574,51.59211],[-0.10325,51.59014],[-0.10263,51.58934],[-0.10227,51.5886],[-0.10119,51.5868],[-0.10074,51.58621],[-0.10062,51.58561],[-0.10022,51.58429],[-0.09984,51.58196],[-0.0993,51.57956],[-0.09901,51.57715],[-0.10508,51.57557],[-0.10597,51.57269],[-0.10843,51.5707],[-0.11241,51.57255],[-0.11332,51.57155],[-0.11471,51.57227],[-0.11664,51.57418],[-0.11757,51.57487],[-0.12066,51.5736],[-0.121,51.574],[-0.11908,51.57488],[-0.11937,51.57531],[-0.12579,51.57387],[-0.12667,51.57398],[-0.12747,51.57435],[-0.13061,51.57387],[-0.13263,51.5734],[-0.13514,51.57207],[-0.13819,51.57091]]]}},{"type":"Feature","properties":{"source_code":"M84014","codes":["M84014"],"label":"BRIDGE HOUSE MEDICAL CENTRE"},"geometry":{"type":"Polygon","coordinates":[[[-1.61018,52.14107],[-1.64486,52.1219],[-1.69104,52.11209],[-1.76674,52.12084],[-1.81927,52.15055],[-1.82991,52.16082],[-1.83472,52.18246],[-1.84862,52.20813],[-1.85102,52.22438],[-1.84193,52.22917],[-1.82407,52.23448],[-1.80536,52.24725],[-1.78983,52.25487],[-1.78599,52.25757],[-1.77992,52.25839],[-1.7748,52.2617],[-1.76674,52.26333],[-1.73584,52.26495],[-1.71558,52.25776],[-1.65121,52.24157],[-1.6542,52.23569],[-1.65994,52.23097],[-1.65632,52.22667],[-1.63877,52.22123],[-1.62289,52.21097],[-1.61671,52.18046],[-1.61018,52.14107]]]}},{"type":"Feature","properties":{"source_code":"M84021","codes":["M84021"],"label":"ROTHER HOUSE MEDICAL CENTRE"},"geometry":{"type":"Polygon","coordinates":[[[-1.67336,52.17646],[-1.67593,52.17314],[-1.67756,52.17101],[-1.6782,52.16905],[-1.67911,52.16761],[-1.68014,52.16604],[-1.67112,52.16319],[-1.65413,52.16088],[-1.64812,52.1603],[-1.63525,52.15866],[-1.61499,52.15666],[-1.58237,52.15477],[-1.5889,52.14655],[-1.59439,52.13897],[-1.6301,52.11135],[-1.66151,52.10598],[-1.69567,52.10334],[-1.7028,52.10218],[-1.70945,52.10213],[-1.71507,52.1025],[-1.72597,52.10345],[-1.73824,52.10482],[-1.74382,52.10519],[-1.75009,52.10703],[-1.75953,52.10882],[-1.77429,52.11747],[-1.78802,52.13349],[-1.79828,52.16032],[-1.80099,52.18946],[-1.80309,52.19524],[-1.80493,52.19972],[-1.80558,52.20276],[-1.80682,52.20465],[-1.80579,52.2101],[-1.80356,52.21834],[-1.80321,52.21931],[-1.80294,52.22107],[-1.80223,52.22375],[-1.80167,52.22859],[-1.80106,52.2302],[-1.80088,52.2316],[-1.80103,52.23413],[-1.80305,52.23784],[-1.79601,52.24194],[-1.79227,52.24737],[-1.78519,52.25347],[-1.76863,52.26432],[-1.71612,52.25827],[-1.6849,52.24528],[-1.68247,52.24414],[-1.68099,52.24363],[-1.67645,52.24107],[-1.667,52.2371],[-1.67361,52.23529],[-1.67747,52.23411],[-1.6785,52.23316],[-1.68365,52.23158],[-1.69052,52.2319],[-1.69932,52.22722],[-1.70056,52.22654],[-1.69646,52.22628],[-1.69253,52.22539],[-1.68834,52.2243],[-1.68063,52.2212],[-1.67212,52.21688],[-1.66825,52.2149],[-1.66413,52.2126],[-1.65859,52.20929],[-1.65679,52.20795],[-1.6555,52.2064],[-1.65344,52.2034],[-1.65516,52.19901],[-1.65876,52.1944],[-1.66391,52.18856],[-1.67336,52.17646]]]}},{"type":"Feature","properties":{"source_code":"M84043","codes":["M84043"],"label":"TRINITY COURT SURGERY"},"geometry":{"type":"Polygon","coordinates":[[[-1.83081,52.31903],[-1.81223,52.32123],[-1.79665,52.32905],[-1.78418,52.33626],[-1.77246,52.33519],[-1.77464,52.34137],[-1.77803,52.35547],[-1.6973,52.3539],[-1.66962,52.33972],[-1.64934,52.33758],[-1.6413,52.32907],[-1.60924,52.29021],[-1.61163,52.27986],[-1.61285,52.27715],[-1.61347,52.27418],[-1.61308,52.26834],[-1.61273,52.2568],[-1.61341,52.25509],[-1.61357,52.25331],[-1.61081,52.24917],[-1.59757,52.24451],[-1.60395,52.23281],[-1.60455,52.22687],[-1.60411,52.22099],[-1.61714,52.19835],[-1.61906,52.19355],[-1.61869,52.19094],[-1.61943,52.18833],[-1.61778,52.17777],[-1.60881,52.15298],[-1.60866,52.15001],[-1.60988,52.14709],[-1.61235,52.14415],[-1.61542,52.14179],[-1.65756,52.13033],[-1.661,52.13222],[-1.6928,52.12906],[-1.72314,52.12822],[-1.7767,52.12991],[-1.77652,52.14708],[-1.78734,52.16403],[-1.79317,52.18151],[-1.82751,52.18762],[-1.79532,52.22154],[-1.83661,52.25502],[-1.83081,52.31903]]]}},{"type":"Feature","properties":{"source_code":"M84030","codes":["M84030"],"label":"HASTINGS HOUSE SURGERY"},"geometry":{"type":"MultiPolygon","coordinates":[[[[-1.48143,52.19582],[-1.47179,52.18804],[-1.47991,52.19435],[-1.48143,52.19582]]],[[[-1.49632,52.20622],[-1.49726,52.2023],[-1.49823,52.2015],[-1.49714,52.20634],[-1.49632,52.20622]]],[[[-1.49543,52.2061],[-1.49632,52.20622],[-1.4962,52.20673],[-1.49543,52.2061]]],[[[-1.49707,52.20758],[-1.49706,52.20759],[-1.49672,52.20745],[-1.49707,52.20758]]],[[[-1.48143,52.19582],[-1.49343,52.20548],[-1.49405,52.20497],[-1.49543,52.2061],[-1.49393,52.20589],[-1.49589,52.20747],[-1.49376,52.20671],[-1.49389,52.2068],[-1.51477,52.21768],[-1.50787,52.21171],[-1.49707,52.20758],[-1.49981,52.20653],[-1.50247,52.205],[-1.50255,52.20083],[-1.50504,52.1993],[-1.50697,52.19695],[-1.50874,52.19606],[-1.50819,52.19559],[-1.5035,52.19712],[-1.49823,52.2015],[-1.50374,52.17695],[-1.50845,52.16264],[-1.5076,52.16268],[-1.50584,52.16394],[-1.50477,52.16458],[-1.50246,52.16614],[-1.50226,52.16635],[-1.50681,52.16329],[-1.50374,52.17695],[-1.50213,52.18185],[-1.49726,52.2023],[-1.49405,52.20497],[-1.47186,52.18683],[-1.48787,52.17605],[-1.48742,52.17627],[-1.47685,52.18338],[-1.47154,52.18702],[-1.46994,52.18598],[-1.46873,52.18704],[-1.46728,52.18576],[-1.46719,52.18522],[-1.46787,52.18462],[-1.43877,52.16558],[-1.57485,52.12671],[-1.57488,52.12672],[-1.57585,52.1259],[-1.59439,52.13096],[-1.60096,52.13463],[-1.60326,52.13533],[-1.6148,52.13552],[-1.6329,52.15122],[-1.63352,52.1516],[-1.63756,52.15266],[-1.64151,52.15529],[-1.64343,52.15769],[-1.64751,52.16019],[-1.65001,52.16109],[-1.6495,52.16141],[-1.65007,52.16176],[-1.69155,52.20024],[-1.63621,52.24657],[-1.62344,52.25394],[-1.61942,52.25792],[-1.61782,52.25719],[-1.61437,52.25918],[-1.57005,52.2481],[-1.53072,52.22822],[-1.50325,52.21637],[-1.44895,52.18461],[-1.43959,52.16815],[-1.48986,52.20394],[-1.48143,52.19582]]],[[[-1.55632,52.23931],[-1.56942,52.24771],[-1.55796,52.23797],[-1.55525,52.23831],[-1.54804,52.23137],[-1.53671,52.22696],[-1.52799,52.22457],[-1.55632,52.23931]]],[[[-1.49937,52.16822],[-1.49233,52.17296],[-1.49263,52.17284],[-1.49921,52.16841],[-1.49937,52.16822]]]]}},{"type":"Feature","properties":{"source_code":"Y03602","codes":["Y03602"],"label":"GREY GABLE SURGERY"},"geometry":{"type":"Polygon","coordinates":[[[-1.89034,52.25933],[-1.85549,52.23674],[-1.83798,52.21918],[-1.83884,52.20897],[-1.86356,52.17804],[-1.88141,52.15519],[-1.90338,52.14034],[-1.91574,52.13412],[-1.94784,52.12801],[-1.98835,52.12864],[-2.01187,52.12843],[-2.02183,52.12948],[-2.05393,52.13507],[-2.06715,52.13623],[-2.08002,52.13707],[-2.08294,52.13791],[-2.08448,52.13928],[-2.08946,52.14181],[-2.0977,52.14466],[-2.10199,52.1475],[-2.10457,52.14803],[-2.11092,52.15266],[-2.11384,52.15508],[-2.11607,52.15656],[-2.11864,52.15793],[-2.12122,52.15972],[-2.12259,52.16172],[-2.13083,52.17004],[-2.13186,52.17362],[-2.13427,52.17751],[-2.13804,52.18077],[-2.13907,52.18341],[-2.1413,52.18509],[-2.1401,52.18783],[-2.13959,52.19456],[-2.14886,52.19403],[-2.15435,52.21192],[-2.13873,52.20624],[-2.13821,52.21076],[-2.13736,52.2136],[-2.13478,52.21718],[-2.1298,52.22086],[-2.12671,52.22349],[-2.12465,52.22748],[-2.11985,52.23768],[-2.10749,52.26375],[-2.07212,52.2732],[-2.05753,52.27457],[-2.02663,52.27478],[-2.00621,52.27478],[-1.98303,52.27141],[-1.96398,52.27089],[-1.93857,52.26721],[-1.919,52.26511],[-1.89034,52.25933]]]}},{"type":"Feature","properties":{"source_code":"M84060","codes":["M84060"],"label":"THE ARROW SURGERY"},"geometry":{"type":"Polygon","coordinates":[[[-1.83225,52.28396],[-1.82301,52.281],[-1.80981,52.27221],[-1.799,52.26688],[-1.78399,52.26747],[-1.78558,52.25931],[-1.78708,52.25634],[-1.79193,52.24701],[-1.79393,52.24109],[-1.79798,52.239],[-1.79764,52.23476],[-1.79232,52.2336],[-1.78765,52.22654],[-1.75095,52.22643],[-1.73738,52.22496],[-1.73412,52.22107],[-1.72606,52.21339],[-1.72726,52.20992],[-1.72709,52.19498],[-1.7863,52.2018],[-1.78596,52.19877],[-1.78133,52.17793],[-1.78699,52.17846],[-1.79558,52.17577],[-1.80553,52.17656],[-1.81824,52.17698],[-1.82116,52.1743],[-1.82751,52.17189],[-1.83515,52.17138],[-1.84227,52.16551],[-1.87454,52.15751],[-1.90063,52.14023],[-1.91917,52.14107],[-1.93222,52.14065],[-1.95351,52.15077],[-1.96449,52.15793],[-1.97136,52.17141],[-1.98921,52.18319],[-1.98303,52.21139],[-1.97136,52.23621],[-1.97136,52.23537],[-1.96999,52.23831],[-1.96724,52.25008],[-1.95557,52.27656],[-1.93771,52.27814],[-1.92913,52.28207],[-1.9263,52.28305],[-1.91407,52.28175],[-1.90933,52.28383],[-1.90472,52.28497],[-1.90199,52.28392],[-1.8941,52.28449],[-1.8863,52.29158],[-1.88403,52.29541],[-1.88383,52.29775],[-1.87224,52.29918],[-1.86395,52.29879],[-1.85448,52.29755],[-1.8519,52.29459],[-1.84081,52.29126],[-1.83905,52.28822],[-1.83225,52.28396]],[[-1.78734,52.21108],[-1.78662,52.20462],[-1.78697,52.21189],[-1.78734,52.21108]]]}},{"type":"Feature","properties":{"source_code":"M84049","codes":["M84049"],"label":"ALCESTER HEALTH CENTRE"},"geometry":{"type":"Polygon","coordinates":[[[-1.7894,52.23579],[-1.75266,52.21581],[-1.75026,52.19856],[-1.75713,52.18467],[-1.75198,52.16319],[-1.91299,52.13665],[-1.97153,52.18477],[-1.98672,52.20861],[-1.98887,52.2135],[-1.98415,52.22317],[-1.9502,52.25786],[-1.94407,52.26459],[-1.92986,52.26732],[-1.89231,52.28055],[-1.7894,52.23579]]]}},{"type":"Feature","properties":{"source_code":"M84044","codes":["M84044"],"label":"HARBURY SURGERY"},"geometry":{"type":"Polygon","coordinates":[[[-1.38613,52.23771],[-1.37356,52.19051],[-1.41596,52.18406],[-1.44221,52.18866],[-1.4475,52.18949],[-1.472,52.18004],[-1.47535,52.18414],[-1.47063,52.1872],[-1.4762,52.19225],[-1.47621,52.19259],[-1.47483,52.19417],[-1.47586,52.19598],[-1.47908,52.19861],[-1.48427,52.20327],[-1.48929,52.20408],[-1.49478,52.19832],[-1.50011,52.1963],[-1.54504,52.1979],[-1.55419,52.20371],[-1.52286,52.22144],[-1.5132,52.22393],[-1.47273,52.26881],[-1.46651,52.2759],[-1.46324,52.27845],[-1.45896,52.2837],[-1.44698,52.27981],[-1.4309,52.27593],[-1.43045,52.27583],[-1.40093,52.27],[-1.39725,52.26732],[-1.38647,52.26031],[-1.38356,52.25897],[-1.38345,52.2585],[-1.38325,52.25839],[-1.38145,52.25833],[-1.37492,52.25487],[-1.37879,52.24914],[-1.38817,52.24698],[-1.38896,52.24641],[-1.38613,52.23771]]]}},{"type":"Feature","properties":{"source_code":"M84629","codes":["M84629"],"label":"ST WULFSTAN SURGERY"},"geometry":{"type":"Polygon","coordinates":[[[-1.49757,52.24026],[-1.48837,52.26984],[-1.48617,52.2752],[-1.4838,52.28092],[-1.47715,52.29278],[-1.47129,52.29943],[-1.46758,52.30696],[-1.4629,52.32055],[-1.46238,52.32233],[-1.46191,52.3223],[-1.45354,52.32244],[-1.44736,52.32254],[-1.44152,52.32263],[-1.43507,52.32271],[-1.42372,52.32267],[-1.41275,52.32295],[-1.40144,52.32307],[-1.39088,52.32314],[-1.38022,52.32326],[-1.36747,52.32375],[-1.35445,52.32377],[-1.33924,52.32413],[-1.33987,52.32163],[-1.34016,52.3195],[-1.33969,52.31874],[-1.33922,52.31703],[-1.3363,52.31666],[-1.33175,52.31693],[-1.32935,52.31727],[-1.32797,52.31756],[-1.32523,52.31916],[-1.32222,52.31971],[-1.31797,52.31939],[-1.31656,52.31876],[-1.31428,52.31761],[-1.30651,52.31546],[-1.29587,52.31315],[-1.28531,52.30984],[-1.27188,52.3046],[-1.2624,52.29992],[-1.25216,52.29333],[-1.24549,52.29027],[-1.24243,52.28821],[-1.23688,52.28673],[-1.22969,52.28534],[-1.22336,52.28321],[-1.21618,52.2656],[-1.21826,52.26238],[-1.22759,52.25636],[-1.23154,52.25455],[-1.23376,52.25096],[-1.2371,52.24849],[-1.24996,52.2483],[-1.26074,52.24359],[-1.26925,52.23944],[-1.29177,52.24048],[-1.30111,52.22617],[-1.31059,52.21989],[-1.32054,52.21345],[-1.3304,52.20959],[-1.35303,52.20345],[-1.36739,52.19809],[-1.37728,52.19477],[-1.39195,52.19974],[-1.40585,52.2066],[-1.41588,52.21693],[-1.42779,52.23132],[-1.43164,52.23378],[-1.44784,52.22141],[-1.45089,52.22181],[-1.45252,52.22376],[-1.45562,52.22608],[-1.46509,52.22704],[-1.46677,52.22778],[-1.47145,52.22942],[-1.48133,52.23271],[-1.48392,52.23243],[-1.48826,52.23315],[-1.4904,52.23417],[-1.49245,52.23714],[-1.49757,52.24026]]]}},{"type":"Feature","properties":{"source_code":"M84026","codes":["M84026"],"label":"SOUTHAM SURGERY"},"geometry":{"type":"Polygon","coordinates":[[[-1.39423,52.29231],[-1.29707,52.26101],[-1.31158,52.24635],[-1.33638,52.23295],[-1.35844,52.22144],[-1.38668,52.21371],[-1.39801,52.22081],[-1.40728,52.23674],[-1.43475,52.26984],[-1.39423,52.29231]]]}},{"type":"Feature","properties":{"source_code":"M81077","codes":["M81077"],"label":"THE RIDGEWAY SURGERY"},"geometry":{"type":"Polygon","coordinates":[[[-1.98732,52.30071],[-1.98157,52.29935],[-1.98029,52.29924],[-1.97694,52.29714],[-1.97368,52.29488],[-1.97333,52.29436],[-1.97299,52.29331],[-1.97136,52.29168],[-1.97179,52.28985],[-1.97024,52.28775],[-1.97049,52.2862],[-1.97042,52.28617],[-1.97081,52.28607],[-1.97016,52.28622],[-1.97015,52.28612],[-1.95642,52.28606],[-1.95471,52.28533],[-1.95428,52.28433],[-1.95471,52.28328],[-1.95574,52.28165],[-1.95625,52.28013],[-1.95625,52.27929],[-1.95436,52.27871],[-1.95239,52.2785],[-1.94964,52.27793],[-1.94733,52.27614],[-1.9457,52.27546],[-1.94252,52.2764],[-1.9402,52.27735],[-1.9384,52.27793],[-1.93514,52.27693],[-1.93256,52.27441],[-1.92782,52.27218],[-1.92776,52.27225],[-1.90836,52.2691],[-1.88982,52.25954],[-1.89004,52.25954],[-1.88742,52.2514],[-1.88467,52.24494],[-1.88287,52.23816],[-1.88046,52.23106],[-1.88004,52.22464],[-1.88364,52.21981],[-1.88347,52.21555],[-1.87978,52.20929],[-1.88441,52.20698],[-1.88553,52.2035],[-1.88536,52.19798],[-1.88175,52.1943],[-1.89128,52.18746],[-1.89918,52.18698],[-1.90235,52.18177],[-1.90707,52.17677],[-1.91308,52.16867],[-1.916,52.16609],[-1.92046,52.15698],[-1.92141,52.14761],[-1.92527,52.14302],[-1.92741,52.14413],[-1.9305,52.14371],[-1.94012,52.14745],[-1.94647,52.15029],[-1.95248,52.15171],[-1.96312,52.14492],[-1.96801,52.14213],[-1.97634,52.13839],[-1.98904,52.13718],[-1.99299,52.1347],[-2.00638,52.13201],[-2.00767,52.13486],[-2.00827,52.13475],[-2.00955,52.14071],[-2.00664,52.14323],[-2.00423,52.14797],[-2.00458,52.15235],[-2.00492,52.15756],[-2.0129,52.15951],[-2.01762,52.16014],[-2.01608,52.16377],[-2.0135,52.16393],[-2.0147,52.1664],[-2.01522,52.1683],[-2.0135,52.16904],[-2.01642,52.17162],[-2.01908,52.17404],[-2.02277,52.17467],[-2.02449,52.17688],[-2.02766,52.17667],[-2.03384,52.17346],[-2.03848,52.17398],[-2.04886,52.17098],[-2.05015,52.1694],[-2.05487,52.1693],[-2.0571,52.16956],[-2.06225,52.17083],[-2.06294,52.17277],[-2.0662,52.17998],[-2.07453,52.18298],[-2.08251,52.18477],[-2.08491,52.18898],[-2.10122,52.18767],[-2.10732,52.18856],[-2.11392,52.18719],[-2.11264,52.18846],[-2.11281,52.19046],[-2.11143,52.19056],[-2.11358,52.1923],[-2.11367,52.19656],[-2.1159,52.19672],[-2.1141,52.20124],[-2.11427,52.20492],[-2.11598,52.20713],[-2.11135,52.20787],[-2.105,52.21097],[-2.10354,52.21281],[-2.10079,52.21323],[-2.09581,52.21581],[-2.09161,52.21897],[-2.08869,52.22428],[-2.08474,52.23243],[-2.0862,52.23306],[-2.08629,52.23542],[-2.08697,52.23663],[-2.08611,52.23789],[-2.0929,52.24236],[-2.0971,52.24646],[-2.10062,52.25255],[-2.10002,52.26091],[-2.10148,52.26306],[-2.07144,52.26002],[-2.06225,52.26117],[-2.05539,52.26338],[-2.05161,52.26543],[-2.04906,52.26611],[-2.05153,52.26548],[-2.05504,52.2701],[-2.05487,52.27157],[-2.0571,52.27504],[-2.0571,52.27588],[-2.05856,52.27646],[-2.06088,52.28118],[-2.06758,52.29027],[-2.06637,52.29011],[-2.06483,52.2909],[-2.06423,52.29299],[-2.05899,52.2963],[-2.05582,52.29562],[-2.0541,52.29452],[-2.04895,52.29567],[-2.04449,52.29504],[-2.04062,52.3004],[-2.03419,52.30449],[-2.02964,52.3026],[-2.02131,52.3005],[-2.01608,52.30061],[-2.0108,52.30269],[-2.01084,52.30271],[-2.00715,52.30475],[-2.00432,52.30522],[-2.00028,52.30554],[-1.99591,52.30675],[-1.99333,52.30486],[-1.99007,52.30323],[-1.98732,52.30071]],[[-1.92784,52.27215],[-1.92787,52.2721],[-1.92784,52.27215],[-1.92784,52.27215]]]}},{"type":"Feature","properties":{"source_code":"M84064","codes":["M84064"],"label":"WHITNASH MEDICAL CENTRE"},"geometry":{"type":"Polygon","coordinates":[[[-1.50639,52.28146],[-1.50733,52.28068],[-1.50819,52.27989],[-1.50845,52.27857],[-1.50879,52.27721],[-1.50939,52.27621],[-1.50888,52.27474],[-1.50913,52.27348],[-1.51239,52.27059],[-1.51497,52.27107],[-1.5162,52.2711],[-1.51731,52.27115],[-1.51686,52.26319],[-1.51591,52.26093],[-1.51239,52.2572],[-1.5142,52.25646],[-1.51574,52.25483],[-1.51488,52.25447],[-1.51462,52.25173],[-1.51625,52.2501],[-1.51759,52.25068],[-1.51871,52.25146],[-1.51978,52.25227],[-1.52101,52.25294],[-1.52253,52.25371],[-1.52379,52.25428],[-1.52564,52.25522],[-1.52798,52.25703],[-1.5301,52.25854],[-1.53165,52.25933],[-1.53324,52.26003],[-1.5353,52.26072],[-1.53719,52.26135],[-1.53985,52.26229],[-1.5427,52.26305],[-1.54384,52.26322],[-1.54497,52.2634],[-1.5468,52.26393],[-1.54903,52.26513],[-1.5501,52.26581],[-1.55066,52.26671],[-1.55684,52.26902],[-1.55787,52.2694],[-1.55836,52.26944],[-1.55914,52.2695],[-1.55924,52.27023],[-1.55658,52.27217],[-1.55229,52.27774],[-1.54894,52.28089],[-1.54693,52.28271],[-1.54761,52.2847],[-1.54787,52.28612],[-1.54723,52.28625],[-1.54641,52.2862],[-1.54585,52.28597],[-1.54521,52.28588],[-1.54403,52.28579],[-1.54313,52.286],[-1.54248,52.28617],[-1.53985,52.28609],[-1.5368,52.28588],[-1.53577,52.2857],[-1.535,52.28567],[-1.53418,52.2857],[-1.53259,52.28617],[-1.53148,52.28654],[-1.52967,52.28717],[-1.52787,52.28838],[-1.52654,52.28885],[-1.5244,52.28932],[-1.52053,52.28974],[-1.51706,52.28937],[-1.51491,52.28816],[-1.51427,52.28719],[-1.51461,52.28625],[-1.51392,52.2853],[-1.51225,52.28533],[-1.51088,52.28488],[-1.50843,52.28415],[-1.50654,52.28323],[-1.5056,52.28257],[-1.50639,52.28146]]]}},{"type":"Feature","properties":{"source_code":"M84070","codes":["M84070"],"label":"WARWICK GATES FAM.HTH.CTR"},"geometry":{"type":"Polygon","coordinates":[[[-1.57739,52.27871],[-1.57301,52.2795],[-1.5659,52.28087],[-1.55079,52.28328],[-1.53534,52.27656],[-1.53474,52.26054],[-1.54675,52.25544],[-1.56589,52.25587],[-1.59772,52.25681],[-1.6003,52.26164],[-1.58649,52.26621],[-1.58554,52.26816],[-1.59,52.27567],[-1.58228,52.27955],[-1.57739,52.27871]]]}},{"type":"Feature","properties":{"source_code":"M84063","codes":["M84063"],"label":"CHASE MEADOW HEALTH CENTRE"},"geometry":{"type":"Polygon","coordinates":[[[-1.58546,52.30386],[-1.54358,52.30491],[-1.55148,52.27656],[-1.58752,52.23621],[-1.64967,52.24651],[-1.65035,52.30092],[-1.58546,52.30386]]]}},{"type":"Feature","properties":{"source_code":"M84002","codes":["M84002"],"label":"POOL MEDICAL CENTRE"},"geometry":{"type":"MultiPolygon","coordinates":[[[[-1.87821,52.29859],[-1.89087,52.27889],[-1.88519,52.28675],[-1.87815,52.29824],[-1.86905,52.29924],[-1.85489,52.29793],[-1.85399,52.29612],[-1.8421,52.2921],[-1.83806,52.2878],[-1.83094,52.28349],[-1.83088,52.28226],[-1.83436,52.28169],[-1.83768,52.28071],[-1.83907,52.27874],[-1.83824,52.27656],[-1.8389,52.2742],[-1.83803,52.27307],[-1.84042,52.27257],[-1.84063,52.27081],[-1.84306,52.27084],[-1.84587,52.27036],[-1.84712,52.26973],[-1.85197,52.26921],[-1.8557,52.26768],[-1.85669,52.26616],[-1.86021,52.26269],[-1.86265,52.26122],[-1.8645,52.25912],[-1.86764,52.25911],[-1.87147,52.2592],[-1.87536,52.25802],[-1.8819,52.25773],[-1.88586,52.25824],[-1.88818,52.25881],[-1.88961,52.25849],[-1.88587,52.24819],[-1.88227,52.23579],[-1.88029,52.22959],[-1.88072,52.2238],[-1.90081,52.23453],[-1.91445,52.24031],[-1.92128,52.24257],[-1.92658,52.24002],[-1.92741,52.24084],[-1.93608,52.24977],[-1.93716,52.25245],[-1.93754,52.25912],[-1.9363,52.26495],[-1.93952,52.26994],[-1.9472,52.26947],[-1.95076,52.27404],[-1.94797,52.27619],[-1.94323,52.27585],[-1.93849,52.27793],[-1.93293,52.27948],[-1.92953,52.28131],[-1.92819,52.28184],[-1.92878,52.28307],[-1.93336,52.28606],[-1.93438,52.28852],[-1.93256,52.28971],[-1.92791,52.29348],[-1.92567,52.29518],[-1.92248,52.29661],[-1.90982,52.29999],[-1.90593,52.30044],[-1.90231,52.30047],[-1.89445,52.2998],[-1.88634,52.29873],[-1.8835,52.29822],[-1.88229,52.29849],[-1.88013,52.29837],[-1.87812,52.29873],[-1.87925,52.29849],[-1.87821,52.29859]]],[[[-1.87712,52.30028],[-1.87595,52.30299],[-1.87514,52.30336],[-1.87712,52.30028]]],[[[-1.87821,52.29859],[-1.87712,52.30028],[-1.87779,52.29873],[-1.87536,52.30212],[-1.87505,52.30342],[-1.86887,52.29928],[-1.87299,52.29928],[-1.87535,52.29889],[-1.87655,52.29875],[-1.87821,52.29859]]]]}},{"type":"Feature","properties":{"source_code":"M84015","codes":["M84015"],"label":"CROFT MEDICAL CENTRE"},"geometry":{"type":"Polygon","coordinates":[[[-1.45878,52.28349],[-1.51337,52.22612],[-1.5659,52.24504],[-1.61001,52.24651],[-1.61774,52.26269],[-1.53843,52.30344],[-1.45878,52.28349]]]}},{"type":"Feature","properties":{"source_code":"M81616","codes":["M81616"],"label":"CRABBS CROSS MEDICAL CENTRE"},"geometry":{"type":"Polygon","coordinates":[[[-2.01565,52.32527],[-1.97788,52.33555],[-1.93771,52.33953],[-1.90905,52.3366],[-1.87592,52.32863],[-1.85926,52.30323],[-1.84708,52.28034],[-1.85566,52.25986],[-1.8742,52.23894],[-1.91282,52.22748],[-1.95591,52.22843],[-1.99453,52.23621],[-2.01076,52.24231],[-2.02354,52.24966],[-2.03796,52.27173],[-2.03899,52.29462],[-2.01565,52.32527]]]}},{"type":"Feature","properties":{"source_code":"M81617","codes":["M81617"],"label":"CRABBS CROSS SURGERY"},"geometry":{"type":"Polygon","coordinates":[[[-1.93874,52.26853],[-1.94226,52.26952],[-1.94679,52.26875],[-1.94884,52.2714],[-1.94999,52.27128],[-1.95149,52.27148],[-1.95134,52.27174],[-1.94996,52.27131],[-1.94859,52.27167],[-1.9491,52.27266],[-1.94961,52.27369],[-1.95079,52.27391],[-1.95591,52.27236],[-1.95763,52.27172],[-1.95857,52.27239],[-1.95934,52.27399],[-1.95911,52.27478],[-1.95527,52.27588],[-1.95588,52.27753],[-1.95872,52.27824],[-1.9608,52.28249],[-1.96381,52.28092],[-1.96964,52.28105],[-1.97565,52.28013],[-1.97552,52.28139],[-1.97274,52.28231],[-1.97185,52.28386],[-1.97024,52.28517],[-1.97172,52.28817],[-1.97183,52.29116],[-1.97486,52.29462],[-1.97376,52.29473],[-1.98166,52.30008],[-1.97548,52.30428],[-1.97891,52.30491],[-1.98114,52.30648],[-1.97119,52.31488],[-1.96518,52.31845],[-1.94595,52.31603],[-1.94299,52.31816],[-1.94346,52.32217],[-1.94098,52.32348],[-1.936,52.32411],[-1.93205,52.3239],[-1.92707,52.3238],[-1.92239,52.32223],[-1.91737,52.32275],[-1.91076,52.32317],[-1.90304,52.32417],[-1.8972,52.32404],[-1.8924,52.32359],[-1.88939,52.32515],[-1.88639,52.32493],[-1.8833,52.32333],[-1.87809,52.32145],[-1.87512,52.32031],[-1.8679,52.31771],[-1.86969,52.31417],[-1.87169,52.31192],[-1.87239,52.31077],[-1.87411,52.30963],[-1.87531,52.30554],[-1.8777,52.3046],[-1.8775,52.30271],[-1.87969,52.30145],[-1.88076,52.2997],[-1.8827,52.29974],[-1.88398,52.29919],[-1.88343,52.29569],[-1.88527,52.29398],[-1.88647,52.2916],[-1.88912,52.28865],[-1.88962,52.28772],[-1.88992,52.28728],[-1.8904,52.28664],[-1.89105,52.28613],[-1.89158,52.28564],[-1.89218,52.28508],[-1.89271,52.2843],[-1.89349,52.28353],[-1.89514,52.28223],[-1.89514,52.27824],[-1.89463,52.27204],[-1.89171,52.26564],[-1.89051,52.25944],[-1.9087,52.26921],[-1.92115,52.27115],[-1.9257,52.27034],[-1.92801,52.269],[-1.93183,52.26968],[-1.93265,52.26973],[-1.93874,52.26853]]]}},{"type":"Feature","properties":{"source_code":"M84032","codes":["M84032"],"label":"WATERSIDE MEDICAL CENTRE"},"geometry":{"type":"Polygon","coordinates":[[[-1.50787,52.31226],[-1.45741,52.2837],[-1.49546,52.27787],[-1.51286,52.27695],[-1.53515,52.27603],[-1.53451,52.26849],[-1.54482,52.27085],[-1.54912,52.27085],[-1.5583,52.26985],[-1.5665,52.27266],[-1.57023,52.27361],[-1.57118,52.27446],[-1.57155,52.2745],[-1.57273,52.27474],[-1.57437,52.27513],[-1.57911,52.27992],[-1.58049,52.28087],[-1.55834,52.28528],[-1.56178,52.29546],[-1.56006,52.30428],[-1.54083,52.31268],[-1.50787,52.31226]]]}},{"type":"Feature","properties":{"source_code":"M84069","codes":["M84069"],"label":"BUDBROOKE MEDICAL CENTRE"},"geometry":{"type":"Polygon","coordinates":[[[-1.64589,52.39097],[-1.60248,52.38177],[-1.58791,52.37368],[-1.57938,52.36254],[-1.5765,52.35031],[-1.56524,52.33256],[-1.57111,52.31747],[-1.5792,52.30379],[-1.59593,52.29667],[-1.60209,52.28793],[-1.61442,52.28328],[-1.61133,52.26171],[-1.60698,52.25926],[-1.59553,52.25555],[-1.58969,52.25568],[-1.58157,52.25399],[-1.57263,52.24892],[-1.56346,52.24327],[-1.56343,52.22945],[-1.56979,52.21553],[-1.59852,52.19947],[-1.6089,52.19112],[-1.62271,52.19049],[-1.65652,52.19049],[-1.71178,52.19498],[-1.7486,52.19975],[-1.79203,52.20452],[-1.78396,52.21434],[-1.7824,52.22177],[-1.79114,52.2299],[-1.8116,52.23649],[-1.79352,52.26704],[-1.78207,52.2886],[-1.77306,52.31806],[-1.76908,52.3489],[-1.69933,52.38231],[-1.64589,52.39097]]]}},{"type":"Feature","properties":{"source_code":"M84059","codes":["M84059"],"label":"SPA MEDICAL CENTRE"},"geometry":{"type":"Polygon","coordinates":[[[-1.54485,52.28289],[-1.54349,52.28328],[-1.54195,52.28348],[-1.53906,52.28375],[-1.53581,52.28534],[-1.53238,52.28633],[-1.5298,52.28744],[-1.52857,52.28808],[-1.52798,52.28859],[-1.52715,52.28883],[-1.5264,52.28912],[-1.52565,52.28925],[-1.52408,52.28956],[-1.52345,52.28964],[-1.52212,52.28964],[-1.52146,52.28972],[-1.52018,52.28973],[-1.51891,52.28956],[-1.51726,52.28941],[-1.51665,52.28938],[-1.51626,52.28921],[-1.51609,52.28913],[-1.51555,52.28883],[-1.51516,52.28859],[-1.51472,52.28808],[-1.51379,52.2881],[-1.51401,52.2876],[-1.51453,52.28695],[-1.51396,52.28547],[-1.51238,52.28543],[-1.50898,52.28438],[-1.50767,52.28401],[-1.50559,52.28301],[-1.49725,52.28268],[-1.48522,52.2814],[-1.47732,52.28013],[-1.49556,52.27136],[-1.50107,52.27094],[-1.5116,52.27023],[-1.51467,52.26242],[-1.51938,52.26295],[-1.52135,52.26366],[-1.52289,52.26341],[-1.5233,52.26184],[-1.52354,52.25917],[-1.53116,52.25899],[-1.53411,52.26045],[-1.5407,52.26268],[-1.54371,52.26308],[-1.5451,52.26174],[-1.54615,52.26175],[-1.54813,52.26238],[-1.54688,52.26411],[-1.54962,52.26562],[-1.55127,52.26678],[-1.55404,52.26799],[-1.55639,52.26898],[-1.55814,52.26938],[-1.55817,52.27045],[-1.55649,52.27225],[-1.55317,52.27642],[-1.55138,52.27855],[-1.5507,52.27936],[-1.55002,52.27986],[-1.54891,52.28054],[-1.54776,52.28086],[-1.54788,52.28152],[-1.54753,52.28216],[-1.54657,52.28221],[-1.54485,52.28289]]]}},{"type":"Feature","properties":{"source_code":"M84028","codes":["M84028"],"label":"PRIORY MEDICAL CENTRE"},"geometry":{"type":"Polygon","coordinates":[[[-1.65447,52.30124],[-1.65344,52.31813],[-1.63267,52.32348],[-1.6216,52.32978],[-1.56409,52.32821],[-1.5584,52.32134],[-1.57056,52.31448],[-1.56054,52.30327],[-1.55207,52.28208],[-1.55596,52.26088],[-1.55401,52.24619],[-1.55447,52.24589],[-1.60042,52.23729],[-1.62382,52.23815],[-1.63269,52.24461],[-1.6352,52.25529],[-1.64463,52.25946],[-1.67113,52.26347],[-1.6681,52.27102],[-1.65447,52.30124]]]}},{"type":"Feature","properties":{"source_code":"M84010","codes":["M84010"],"label":"AVONSIDE HEALTH CENTRE"},"geometry":{"type":"Polygon","coordinates":[[[-1.57328,52.30774],[-1.53924,52.31249],[-1.53723,52.31446],[-1.53472,52.31363],[-1.53195,52.31244],[-1.52783,52.30934],[-1.52882,52.3085],[-1.52916,52.30743],[-1.52841,52.30566],[-1.52963,52.3032],[-1.53096,52.29835],[-1.53146,52.2969],[-1.53143,52.29649],[-1.53139,52.29461],[-1.53139,52.29095],[-1.53538,52.28874],[-1.53311,52.28599],[-1.53496,52.28553],[-1.53459,52.28492],[-1.53409,52.2841],[-1.54701,52.28318],[-1.55903,52.26976],[-1.56864,52.2732],[-1.57461,52.2753],[-1.57856,52.27879],[-1.58195,52.2811],[-1.58679,52.28263],[-1.59834,52.28727],[-1.60111,52.2881],[-1.60465,52.28801],[-1.60984,52.28937],[-1.60727,52.29231],[-1.60332,52.29452],[-1.58443,52.30008],[-1.57328,52.30774]]]}},{"type":"Feature","properties":{"source_code":"M84024","codes":["M84024"],"label":"HENLEY-IN-ARDEN MED CTR"},"geometry":{"type":"MultiPolygon","coordinates":[[[[-1.69896,52.2593],[-1.69898,52.25933],[-1.69876,52.25933],[-1.69896,52.2593]]],[[[-1.69898,52.25933],[-1.6995,52.25933],[-1.70537,52.27099],[-1.7078,52.27441],[-1.71326,52.28565],[-1.71524,52.29032],[-1.71146,52.28349],[-1.69898,52.25933]]],[[[-1.71524,52.29032],[-1.71762,52.29464],[-1.71833,52.29609],[-1.72027,52.29943],[-1.72559,52.30904],[-1.71976,52.30307],[-1.71602,52.29217],[-1.71524,52.29032]]],[[[-1.72559,52.30904],[-1.72628,52.30975],[-1.72726,52.31142],[-1.73327,52.31448],[-1.73588,52.31596],[-1.72691,52.31142],[-1.72559,52.30904]]],[[[-1.73588,52.31596],[-1.73974,52.31792],[-1.73753,52.3169],[-1.73588,52.31596]]],[[[-1.74464,52.32017],[-1.74541,52.32052],[-1.74687,52.32124],[-1.74826,52.32197],[-1.74773,52.32171],[-1.74464,52.32017]]],[[[-1.85087,52.326],[-1.85219,52.32446],[-1.85127,52.32575],[-1.84942,52.32784],[-1.85087,52.326]]],[[[-1.84894,52.32827],[-1.84905,52.32826],[-1.84942,52.32784],[-1.84905,52.32831],[-1.84899,52.32831],[-1.84891,52.32831],[-1.84894,52.32827]]],[[[-1.8489,52.32831],[-1.84899,52.32831],[-1.8489,52.32832],[-1.8489,52.32831]]],[[[-1.84797,52.32834],[-1.84833,52.32831],[-1.84891,52.32831],[-1.8489,52.32831],[-1.84826,52.32832],[-1.84793,52.32834],[-1.84797,52.32834]]],[[[-1.84743,52.32837],[-1.84793,52.32834],[-1.84748,52.32842],[-1.84654,52.32848],[-1.84562,52.3285],[-1.84743,52.32837]]],[[[-1.74826,52.32197],[-1.75185,52.32372],[-1.76116,52.32855],[-1.76227,52.32913],[-1.7557,52.32586],[-1.74826,52.32197]]],[[[-1.82602,52.32986],[-1.82607,52.32986],[-1.82575,52.32987],[-1.82602,52.32986]]],[[[-1.76227,52.32913],[-1.76338,52.32968],[-1.76399,52.33003],[-1.76227,52.32913]]],[[[-1.81814,52.33039],[-1.82045,52.33023],[-1.82347,52.33002],[-1.82492,52.32992],[-1.82575,52.32987],[-1.81817,52.3304],[-1.81814,52.33039]]],[[[-1.76516,52.3307],[-1.76511,52.33067],[-1.76399,52.33003],[-1.76867,52.33248],[-1.76516,52.3307]]],[[[-1.73974,52.31792],[-1.74273,52.31929],[-1.76516,52.3307],[-1.76928,52.33286],[-1.73974,52.31792]]],[[[-1.76338,52.32968],[-1.75936,52.32739],[-1.75185,52.32372],[-1.75065,52.3231],[-1.74687,52.32124],[-1.74614,52.32086],[-1.74541,52.32052],[-1.74294,52.31931],[-1.73876,52.31724],[-1.74464,52.32017],[-1.74273,52.31929],[-1.73327,52.31448],[-1.72796,52.31146],[-1.72628,52.30975],[-1.72027,52.29943],[-1.71762,52.29464],[-1.71326,52.28565],[-1.70953,52.27685],[-1.7078,52.27441],[-1.70048,52.25933],[-1.6995,52.25933],[-1.69945,52.25923],[-1.69896,52.2593],[-1.69876,52.25891],[-1.73344,52.23533],[-1.74013,52.23053],[-1.74349,52.22849],[-1.75601,52.21997],[-1.76588,52.2207],[-1.79918,52.22286],[-1.80139,52.22332],[-1.80257,52.22341],[-1.80463,52.224],[-1.81223,52.22559],[-1.8203,52.22769],[-1.82485,52.22896],[-1.82806,52.23064],[-1.8287,52.23089],[-1.83023,52.23133],[-1.84433,52.24042],[-1.87634,52.29142],[-1.87433,52.29807],[-1.87412,52.29836],[-1.87351,52.30029],[-1.86327,52.31145],[-1.85219,52.32446],[-1.85305,52.32324],[-1.85559,52.32003],[-1.85747,52.31776],[-1.8568,52.31849],[-1.85559,52.32003],[-1.85384,52.32213],[-1.85305,52.32324],[-1.85087,52.326],[-1.84894,52.32827],[-1.84833,52.32831],[-1.84812,52.32831],[-1.84797,52.32834],[-1.84743,52.32837],[-1.84208,52.32871],[-1.8455,52.3285],[-1.84562,52.3285],[-1.82602,52.32986],[-1.82573,52.32986],[-1.82498,52.32992],[-1.82492,52.32992],[-1.81791,52.33034],[-1.81814,52.33039],[-1.81445,52.33065],[-1.81474,52.33062],[-1.82543,52.32962],[-1.82239,52.3298],[-1.81474,52.33062],[-1.81404,52.33068],[-1.77131,52.33363],[-1.76338,52.32968]]],[[[-1.8254,52.22985],[-1.82204,52.22899],[-1.82574,52.23005],[-1.8254,52.22985]]],[[[-1.79944,52.22317],[-1.79526,52.22287],[-1.79949,52.22318],[-1.79944,52.22317]]],[[[-1.76928,52.33286],[-1.77086,52.33366],[-1.77131,52.33363],[-1.77137,52.33366],[-1.81141,52.33093],[-1.81404,52.33068],[-1.81817,52.3304],[-1.83196,52.33348],[-1.83196,52.33339],[-1.82761,52.32979],[-1.8265,52.32985],[-1.82607,52.32986],[-1.83071,52.32958],[-1.84654,52.32848],[-1.84715,52.32847],[-1.84748,52.32842],[-1.84857,52.32834],[-1.8489,52.32832],[-1.84888,52.32834],[-1.83206,52.33358],[-1.81167,52.33104],[-1.7712,52.33387],[-1.76928,52.33286]]]]}},{"type":"Feature","properties":{"source_code":"M84040","codes":["M84040"],"label":"SHERBOURNE MEDICAL CENTRE"},"geometry":{"type":"Polygon","coordinates":[[[-1.53002,52.32013],[-1.51708,52.31623],[-1.51208,52.31405],[-1.5083,52.31254],[-1.5052,52.31376],[-1.50072,52.31431],[-1.49886,52.31724],[-1.49577,52.31756],[-1.49757,52.31572],[-1.49693,52.31454],[-1.49232,52.31001],[-1.49207,52.30733],[-1.49783,52.30444],[-1.49474,52.30103],[-1.4929,52.29929],[-1.48985,52.2983],[-1.48582,52.29688],[-1.48161,52.29525],[-1.48255,52.29252],[-1.48444,52.28759],[-1.48264,52.28365],[-1.488,52.28104],[-1.48916,52.27908],[-1.48852,52.27743],[-1.48809,52.27614],[-1.49242,52.27619],[-1.49367,52.27443],[-1.4926,52.27112],[-1.49759,52.27027],[-1.49938,52.27151],[-1.50167,52.2742],[-1.50909,52.275],[-1.51011,52.27317],[-1.51165,52.27237],[-1.51336,52.27265],[-1.51379,52.2732],[-1.51813,52.27572],[-1.51883,52.27597],[-1.51885,52.27669],[-1.52154,52.27634],[-1.52997,52.27617],[-1.53485,52.27628],[-1.53642,52.27629],[-1.53783,52.27672],[-1.54289,52.28034],[-1.54613,52.28126],[-1.54758,52.28109],[-1.54916,52.28029],[-1.54907,52.28076],[-1.54967,52.28097],[-1.55045,52.28155],[-1.55259,52.28139],[-1.55491,52.28071],[-1.55688,52.28092],[-1.55671,52.28197],[-1.55645,52.2847],[-1.55954,52.2879],[-1.5604,52.29231],[-1.56023,52.29515],[-1.56366,52.29767],[-1.5671,52.29809],[-1.56744,52.29714],[-1.57104,52.2984],[-1.5731,52.29903],[-1.5731,52.30061],[-1.56075,52.30465],[-1.55525,52.30428],[-1.55079,52.30575],[-1.54427,52.30753],[-1.53963,52.31205],[-1.53508,52.31656],[-1.53002,52.32013]]]}},{"type":"Feature","properties":{"source_code":"M84017","codes":["M84017"],"label":"CLARENDON LODGE MEDICAL CENTRE"},"geometry":{"type":"Polygon","coordinates":[[[-1.54802,52.28486],[-1.55051,52.28479],[-1.55184,52.28474],[-1.55273,52.2847],[-1.55352,52.28467],[-1.55409,52.28551],[-1.555,52.28555],[-1.55658,52.28604],[-1.55705,52.28759],[-1.55743,52.28815],[-1.55794,52.28835],[-1.55845,52.28834],[-1.559,52.28832],[-1.5596,52.28836],[-1.55973,52.28861],[-1.56011,52.28919],[-1.5601,52.28979],[-1.56014,52.29105],[-1.56096,52.29231],[-1.56113,52.29296],[-1.56096,52.29364],[-1.56161,52.29405],[-1.56153,52.29433],[-1.56064,52.29477],[-1.56092,52.29583],[-1.56218,52.29656],[-1.56328,52.29738],[-1.56449,52.29784],[-1.56562,52.29789],[-1.56704,52.29788],[-1.56748,52.29717],[-1.57242,52.29882],[-1.57366,52.30184],[-1.57386,52.30361],[-1.57405,52.30517],[-1.5724,52.3061],[-1.56851,52.30693],[-1.56816,52.30797],[-1.56712,52.30828],[-1.56418,52.30911],[-1.56163,52.30912],[-1.55804,52.3085],[-1.55411,52.30873],[-1.54967,52.30874],[-1.54603,52.31144],[-1.54309,52.313],[-1.54152,52.3152],[-1.54231,52.31697],[-1.54448,52.31842],[-1.54873,52.32013],[-1.55163,52.32043],[-1.55401,52.32105],[-1.55591,52.322],[-1.55729,52.32347],[-1.55766,52.32506],[-1.55628,52.32637],[-1.55388,52.32705],[-1.54963,52.32848],[-1.54788,52.32851],[-1.5463,52.32884],[-1.54481,52.32887],[-1.54311,52.32885],[-1.54125,52.32859],[-1.54041,52.32846],[-1.53992,52.32807],[-1.53831,52.3275],[-1.53661,52.32741],[-1.53299,52.32746],[-1.5294,52.32734],[-1.527,52.32906],[-1.52598,52.3312],[-1.52604,52.33268],[-1.52746,52.3339],[-1.52838,52.33522],[-1.53049,52.33613],[-1.53213,52.33761],[-1.53497,52.33741],[-1.5367,52.33653],[-1.5392,52.33696],[-1.5412,52.33742],[-1.54122,52.33834],[-1.54058,52.33967],[-1.53963,52.3421],[-1.53791,52.34381],[-1.53551,52.34499],[-1.5295,52.34648],[-1.52706,52.34799],[-1.52498,52.34838],[-1.52307,52.3475],[-1.52092,52.34559],[-1.52118,52.34353],[-1.51955,52.34158],[-1.51783,52.33997],[-1.51652,52.34051],[-1.51641,52.34105],[-1.51671,52.34192],[-1.51628,52.34378],[-1.51457,52.34764],[-1.5133,52.3516],[-1.5086,52.35205],[-1.50433,52.35147],[-1.50084,52.35053],[-1.49923,52.34951],[-1.49736,52.34855],[-1.49687,52.34826],[-1.49809,52.34777],[-1.49611,52.34847],[-1.49277,52.34845],[-1.48903,52.35091],[-1.4887,52.3519],[-1.48734,52.35267],[-1.48479,52.35306],[-1.48237,52.35087],[-1.48173,52.3494],[-1.48076,52.34883],[-1.47928,52.34883],[-1.47814,52.34848],[-1.47657,52.34812],[-1.47478,52.34805],[-1.47367,52.34868],[-1.47007,52.3502],[-1.46736,52.35175],[-1.46554,52.35011],[-1.46337,52.34863],[-1.46717,52.34777],[-1.47024,52.34593],[-1.473,52.3442],[-1.47435,52.34334],[-1.47642,52.34221],[-1.47542,52.34008],[-1.47305,52.33816],[-1.47204,52.33712],[-1.47077,52.33624],[-1.46806,52.33468],[-1.46694,52.33384],[-1.46599,52.33289],[-1.46435,52.33095],[-1.46344,52.32868],[-1.46328,52.32807],[-1.46269,52.3275],[-1.46176,52.32653],[-1.46135,52.3245],[-1.4605,52.32263],[-1.45821,52.31879],[-1.45833,52.31659],[-1.45732,52.31547],[-1.45622,52.31445],[-1.45313,52.31362],[-1.45145,52.31316],[-1.45012,52.31254],[-1.44872,52.31175],[-1.44775,52.31074],[-1.4461,52.30839],[-1.44519,52.30707],[-1.44403,52.3059],[-1.44295,52.30455],[-1.4417,52.30362],[-1.44792,52.29565],[-1.45016,52.29388],[-1.45135,52.29308],[-1.45219,52.29209],[-1.45449,52.2874],[-1.4568,52.28747],[-1.45911,52.28745],[-1.46074,52.28706],[-1.46218,52.28695],[-1.4638,52.287],[-1.46531,52.28697],[-1.46681,52.28667],[-1.47011,52.28644],[-1.47324,52.28583],[-1.47867,52.28447],[-1.48024,52.28407],[-1.48206,52.28389],[-1.48329,52.28341],[-1.4843,52.28275],[-1.4858,52.28228],[-1.48743,52.28188],[-1.49053,52.2813],[-1.49222,52.28127],[-1.49382,52.28141],[-1.4953,52.28126],[-1.49703,52.28121],[-1.50014,52.28169],[-1.50169,52.2818],[-1.50268,52.2818],[-1.50332,52.28148],[-1.5099,52.28292],[-1.51263,52.28388],[-1.514,52.28436],[-1.51536,52.28462],[-1.51682,52.28478],[-1.51829,52.28505],[-1.51992,52.28512],[-1.52138,52.28487],[-1.52413,52.28435],[-1.52729,52.28387],[-1.52871,52.28381],[-1.5301,52.28389],[-1.53132,52.28426],[-1.53332,52.28427],[-1.53446,52.28452],[-1.5352,52.28459],[-1.53599,52.2846],[-1.53647,52.2846],[-1.53722,52.28457],[-1.5384,52.28454],[-1.53961,52.28464],[-1.54126,52.28464],[-1.54209,52.28469],[-1.54303,52.28469],[-1.54334,52.28469],[-1.5441,52.28481],[-1.54438,52.28481],[-1.54432,52.28478],[-1.54449,52.28482],[-1.54459,52.28481],[-1.54467,52.28482],[-1.5447,52.28479],[-1.54459,52.28481],[-1.54427,52.28475],[-1.54482,52.28474],[-1.54506,52.28485],[-1.54802,52.28486]]]}},{"type":"Feature","properties":{"source_code":"M81092","codes":["M81092"],"label":"THE BRIDGE SURGERY"},"geometry":{"type":"Polygon","coordinates":[[[-1.97617,52.30848],[-1.95308,52.31543],[-1.94596,52.31725],[-1.94188,52.31843],[-1.93819,52.31802],[-1.91428,52.29856],[-1.91137,52.29475],[-1.91154,52.29368],[-1.90939,52.29158],[-1.90141,52.28801],[-1.89892,52.28564],[-1.89677,52.28386],[-1.89514,52.28181],[-1.90269,52.27551],[-1.91334,52.2711],[-1.93772,52.26437],[-1.9554,52.26563],[-1.982,52.27992],[-1.97617,52.30848]]]}},{"type":"Feature","properties":{"source_code":"M84029","codes":["M84029"],"label":"VALLEY ROAD MEDICAL PRACTICE"},"geometry":{"type":"Polygon","coordinates":[[[-1.56212,52.30512],[-1.5398,52.31205],[-1.51199,52.35107],[-1.49517,52.34646],[-1.47835,52.34918],[-1.46496,52.34939],[-1.44127,52.32925],[-1.42342,52.31834],[-1.45947,52.28391],[-1.48556,52.28307],[-1.52607,52.28916],[-1.54083,52.28916],[-1.5556,52.29105],[-1.56212,52.30512]]]}},{"type":"Feature","properties":{"source_code":"M81019","codes":["M81019"],"label":"WINYATES HEALTH CENTRE"},"geometry":{"type":"Polygon","coordinates":[[[-1.93574,52.29084],[-1.93814,52.29132],[-1.92814,52.30436],[-1.91457,52.31856],[-1.90401,52.32104],[-1.89345,52.32101],[-1.87489,52.30932],[-1.87504,52.30401],[-1.87828,52.29849],[-1.88682,52.28767],[-1.89398,52.28298],[-1.90887,52.27976],[-1.929,52.28184],[-1.9328,52.28529],[-1.93574,52.29084]]]}},{"type":"Feature","properties":{"source_code":"M81041","codes":["M81041"],"label":"HILLVIEW MEDICAL CENTRE"},"geometry":{"type":"MultiPolygon","coordinates":[[[[-1.96346,52.32107],[-1.98483,52.30791],[-1.98655,52.3069],[-1.96346,52.32107]]],[[[-1.98483,52.30791],[-1.96179,52.32144],[-1.94801,52.30659],[-1.93823,52.29919],[-1.94522,52.29037],[-1.93982,52.27835],[-1.94261,52.26967],[-1.97337,52.26909],[-1.9885,52.28888],[-1.99295,52.29743],[-1.98647,52.3069],[-1.98483,52.30791]]]]}},{"type":"Feature","properties":{"source_code":"M81001","codes":["M81001"],"label":"ST STEPHEN'S MEDICAL PARTNERSHIP"},"geometry":{"type":"Polygon","coordinates":[[[-1.89342,52.27068],[-1.93634,52.25261],[-1.96758,52.25429],[-1.98853,52.27845],[-1.99986,52.31624],[-1.94801,52.36197],[-1.86939,52.33135],[-1.86733,52.31729],[-1.87317,52.30869],[-1.87729,52.29798],[-1.88828,52.28748],[-1.89583,52.27866],[-1.89342,52.27068]]]}},{"type":"Feature","properties":{"source_code":"M81020","codes":["M81020"],"label":"THE DOW SURGERY"},"geometry":{"type":"Polygon","coordinates":[[[-1.91244,52.30315],[-1.9097,52.29576],[-1.90969,52.29578],[-1.90965,52.29562],[-1.90965,52.29562],[-1.90965,52.29562],[-1.90866,52.29162],[-1.90746,52.28809],[-1.90789,52.28194],[-1.91141,52.27705],[-1.91553,52.27374],[-1.92291,52.27065],[-1.95617,52.26998],[-1.98943,52.27141],[-1.99464,52.27488],[-1.9978,52.27835],[-1.99786,52.28513],[-1.99689,52.29192],[-1.99247,52.29681],[-1.98724,52.30094],[-1.98704,52.30861],[-1.98634,52.31624],[-1.98389,52.32516],[-1.98076,52.32718],[-1.97762,52.32893],[-1.97466,52.33068],[-1.97162,52.33206],[-1.96569,52.33499],[-1.9626,52.33658],[-1.96063,52.33885],[-1.95949,52.34087],[-1.95841,52.34178],[-1.95864,52.34228],[-1.95801,52.34237],[-1.95769,52.34282],[-1.95701,52.34306],[-1.9555,52.34313],[-1.95196,52.34315],[-1.9472,52.34098],[-1.94312,52.33817],[-1.93758,52.33209],[-1.93362,52.32946],[-1.92827,52.32747],[-1.92424,52.32343],[-1.92106,52.31897],[-1.91626,52.31058],[-1.91244,52.30315]],[[-1.98621,52.28475],[-1.98617,52.28473],[-1.98681,52.28687],[-1.98621,52.28475]],[[-1.9251,52.28528],[-1.92594,52.28348],[-1.92505,52.2853],[-1.9251,52.28528]],[[-1.92614,52.28306],[-1.92709,52.28253],[-1.92616,52.28303],[-1.92614,52.28306]],[[-1.96141,52.28248],[-1.95581,52.28148],[-1.95582,52.2815],[-1.9614,52.28249],[-1.96141,52.28248]],[[-1.97507,52.28026],[-1.97484,52.28018],[-1.96971,52.28075],[-1.96731,52.28078],[-1.96947,52.28079],[-1.97507,52.28026]],[[-1.95501,52.27885],[-1.95013,52.27821],[-1.95016,52.27824],[-1.95488,52.27887],[-1.95526,52.27994],[-1.95501,52.27885]],[[-1.93445,52.27924],[-1.9358,52.27872],[-1.93399,52.27939],[-1.93445,52.27924]],[[-1.94806,52.27668],[-1.946,52.27581],[-1.94587,52.27583],[-1.94806,52.27668]],[[-1.94204,52.27656],[-1.94284,52.27631],[-1.94278,52.27632],[-1.94204,52.27656]]]}},{"type":"Feature","properties":{"source_code":"M81002","codes":["M81002"],"label":"ELGAR HOUSE"},"geometry":{"type":"Polygon","coordinates":[[[-1.98132,52.35547],[-1.95316,52.35778],[-1.93102,52.35306],[-1.92372,52.34588],[-1.91368,52.34541],[-1.88536,52.33335],[-1.86733,52.30743],[-1.88244,52.2858],[-1.88982,52.27835],[-1.89857,52.27614],[-1.90613,52.27351],[-1.91454,52.27288],[-1.9384,52.26742],[-1.95763,52.26774],[-1.97016,52.26795],[-1.98132,52.26963],[-1.98681,52.28391],[-2.00097,52.28832],[-2.01874,52.30113],[-1.982,52.32905],[-1.982,52.33639],[-1.98475,52.34289],[-1.98956,52.3496],[-1.98132,52.35547]]]}},{"type":"Feature","properties":{"source_code":"M81021","codes":["M81021"],"label":"NEW ROAD SURGERY BROMSGROVE"},"geometry":{"type":"Polygon","coordinates":[[[-2.04655,52.35495],[-2.04032,52.35449],[-2.03376,52.3555],[-2.02945,52.35527],[-2.03406,52.34749],[-2.03316,52.3441],[-2.02509,52.34311],[-2.01839,52.33877],[-2.00415,52.32401],[-2.02071,52.31829],[-2.02659,52.31375],[-2.03983,52.31169],[-2.04782,52.30856],[-2.05856,52.31068],[-2.07942,52.31887],[-2.06178,52.3346],[-2.0515,52.34237],[-2.04655,52.35495]]]}},{"type":"Feature","properties":{"source_code":"M84620","codes":["M84620"],"label":"LAPWORTH SURGERY"},"geometry":{"type":"Polygon","coordinates":[[[-1.68932,52.34719],[-1.68631,52.33025],[-1.68949,52.31247],[-1.71421,52.31478],[-1.72305,52.32044],[-1.72582,52.32312],[-1.72876,52.32432],[-1.73635,52.32674],[-1.74923,52.33009],[-1.77189,52.33471],[-1.77554,52.34321],[-1.77702,52.35065],[-1.7763,52.35154],[-1.77499,52.35186],[-1.77279,52.35254],[-1.77303,52.35595],[-1.77898,52.35718],[-1.7805,52.36083],[-1.7815,52.36428],[-1.77798,52.36569],[-1.77481,52.36774],[-1.76039,52.36555],[-1.73996,52.36383],[-1.73816,52.36863],[-1.73588,52.37176],[-1.73189,52.37405],[-1.72099,52.37391],[-1.71769,52.36781],[-1.7199,52.36335],[-1.72056,52.35846],[-1.6967,52.35516],[-1.69344,52.35049],[-1.68932,52.34719]]]}},{"type":"Feature","properties":{"source_code":"M81069","codes":["M81069"],"label":"DAVENAL HOUSE SURGERY PARTNERSHIP"},"geometry":{"type":"Polygon","coordinates":[[[-2.04672,52.35526],[-2.04277,52.35509],[-2.03865,52.35513],[-2.03075,52.35636],[-2.02842,52.35656],[-2.02608,52.35671],[-2.02106,52.35626],[-2.01342,52.35411],[-2.00363,52.30932],[-1.99863,52.29877],[-2.02281,52.28633],[-2.04011,52.26238],[-2.05204,52.26585],[-2.0712,52.2604],[-2.09071,52.26209],[-2.1189,52.266],[-2.08423,52.33046],[-2.08408,52.33539],[-2.08404,52.33788],[-2.08315,52.34027],[-2.08171,52.34247],[-2.07957,52.34467],[-2.07376,52.34803],[-2.07183,52.35031],[-2.07105,52.3515],[-2.0694,52.35238],[-2.06585,52.35351],[-2.06195,52.35422],[-2.05823,52.35511],[-2.05399,52.35568],[-2.05018,52.35574],[-2.04672,52.35526]]]}},{"type":"Feature","properties":{"source_code":"M84013","codes":["M84013"],"label":"CASTLE MEDICAL CENTRE"},"geometry":{"type":"Polygon","coordinates":[[[-1.60572,52.381],[-1.60362,52.38448],[-1.6019,52.38605],[-1.59894,52.38859],[-1.59392,52.38448],[-1.59323,52.38018],[-1.59014,52.3805],[-1.58572,52.3784],[-1.58246,52.37604],[-1.5798,52.37324],[-1.57602,52.37094],[-1.56971,52.37059],[-1.56353,52.37107],[-1.55821,52.37031],[-1.55474,52.3691],[-1.55057,52.37028],[-1.55066,52.36837],[-1.54358,52.36224],[-1.53718,52.36056],[-1.53431,52.36095],[-1.53208,52.35938],[-1.52186,52.35492],[-1.51907,52.3549],[-1.51534,52.35419],[-1.51221,52.35285],[-1.515,52.34488],[-1.51603,52.34176],[-1.51525,52.33956],[-1.52066,52.33481],[-1.52092,52.33256],[-1.52324,52.32807],[-1.52839,52.32146],[-1.53036,52.3191],[-1.54864,52.31624],[-1.56057,52.31572],[-1.56877,52.31645],[-1.57637,52.31286],[-1.59074,52.32369],[-1.58894,52.32894],[-1.58937,52.33759],[-1.5989,52.34871],[-1.59838,52.35049],[-1.59697,52.36011],[-1.59572,52.36627],[-1.59568,52.36915],[-1.59907,52.37101],[-1.60074,52.37418],[-1.60735,52.3779],[-1.60572,52.381]]]}},{"type":"Feature","properties":{"source_code":"M84047","codes":["M84047"],"label":"TANWORTH-IN-ARDEN MED CTR"},"geometry":{"type":"MultiPolygon","coordinates":[[[[-1.80435,52.29409],[-1.80428,52.29408],[-1.80441,52.2939],[-1.80435,52.29409]]],[[[-1.80452,52.29412],[-1.80444,52.29399],[-1.80466,52.29414],[-1.80452,52.29412]]],[[[-1.80466,52.29414],[-1.80495,52.29419],[-1.80496,52.29419],[-1.80494,52.29421],[-1.80476,52.29421],[-1.80466,52.29414]]],[[[-1.88016,52.29864],[-1.87958,52.2986],[-1.87956,52.29844],[-1.88053,52.29867],[-1.88025,52.29863],[-1.88016,52.29864]]],[[[-1.87958,52.2986],[-1.87958,52.29866],[-1.87928,52.29862],[-1.87922,52.29871],[-1.87909,52.29856],[-1.87958,52.2986]]],[[[-1.87922,52.29871],[-1.87927,52.29877],[-1.87959,52.29872],[-1.8796,52.29877],[-1.87924,52.2988],[-1.87917,52.2988],[-1.87922,52.29871]]],[[[-1.9027,52.30939],[-1.90276,52.30925],[-1.90294,52.30887],[-1.90318,52.30912],[-1.90279,52.30956],[-1.9027,52.30939]]],[[[-1.83389,52.38726],[-1.83643,52.38796],[-1.83338,52.38737],[-1.83389,52.38726]]],[[[-1.89935,52.35285],[-1.88887,52.35049],[-1.88413,52.35243],[-1.88413,52.35242],[-1.88422,52.35238],[-1.88404,52.35212],[-1.88391,52.3522],[-1.88373,52.35204],[-1.8838,52.35227],[-1.88391,52.3522],[-1.88401,52.35229],[-1.88413,52.35242],[-1.88405,52.35246],[-1.88413,52.35243],[-1.88471,52.35306],[-1.88898,52.3604],[-1.88811,52.36523],[-1.88647,52.37102],[-1.88385,52.371],[-1.87979,52.36906],[-1.87573,52.36922],[-1.87066,52.36819],[-1.8685,52.37041],[-1.86369,52.37556],[-1.86188,52.37872],[-1.86197,52.37878],[-1.85408,52.37605],[-1.85452,52.37628],[-1.85427,52.37651],[-1.85429,52.3765],[-1.8534,52.37791],[-1.8531,52.37936],[-1.85278,52.38127],[-1.84653,52.38239],[-1.84485,52.38276],[-1.839,52.38455],[-1.83933,52.38614],[-1.83389,52.38726],[-1.83355,52.38717],[-1.83324,52.38729],[-1.83283,52.38813],[-1.8326,52.38789],[-1.83252,52.38916],[-1.83185,52.38924],[-1.83196,52.38925],[-1.83077,52.38981],[-1.82579,52.39168],[-1.82416,52.38794],[-1.82202,52.38462],[-1.82174,52.38259],[-1.8225,52.38046],[-1.82106,52.38236],[-1.81983,52.3825],[-1.81799,52.38227],[-1.81543,52.38314],[-1.815,52.38428],[-1.81114,52.38416],[-1.80987,52.38324],[-1.79965,52.38621],[-1.80848,52.38038],[-1.80931,52.379],[-1.81256,52.37694],[-1.81391,52.37639],[-1.81443,52.37604],[-1.81032,52.36928],[-1.79649,52.36819],[-1.79759,52.36767],[-1.79933,52.36693],[-1.80164,52.36532],[-1.80371,52.36356],[-1.80161,52.36099],[-1.79984,52.35915],[-1.79728,52.35823],[-1.77995,52.35837],[-1.77918,52.35589],[-1.77785,52.35361],[-1.77764,52.34844],[-1.77575,52.34404],[-1.77523,52.34078],[-1.77416,52.33907],[-1.77335,52.33799],[-1.77217,52.33635],[-1.7727,52.33465],[-1.77163,52.33303],[-1.77029,52.33053],[-1.76916,52.32769],[-1.76926,52.32596],[-1.76951,52.32451],[-1.76997,52.31993],[-1.77152,52.31571],[-1.77642,52.30975],[-1.78735,52.31261],[-1.7988,52.31642],[-1.80729,52.31327],[-1.80113,52.30374],[-1.80435,52.29409],[-1.80452,52.29412],[-1.8047,52.29442],[-1.80494,52.29421],[-1.8051,52.29421],[-1.80495,52.29419],[-1.79894,52.29087],[-1.81002,52.29094],[-1.82058,52.29186],[-1.82637,52.29414],[-1.82667,52.29795],[-1.83517,52.30146],[-1.83941,52.30057],[-1.84262,52.29868],[-1.85076,52.29789],[-1.85907,52.29862],[-1.86322,52.29918],[-1.86671,52.29778],[-1.86763,52.29397],[-1.87505,52.29307],[-1.88542,52.28714],[-1.88603,52.28839],[-1.88569,52.28944],[-1.88389,52.2917],[-1.87954,52.29685],[-1.87693,52.29901],[-1.87707,52.29896],[-1.87703,52.29902],[-1.87699,52.29902],[-1.87694,52.29913],[-1.87703,52.29902],[-1.87924,52.2988],[-1.8796,52.29881],[-1.8796,52.29877],[-1.88008,52.29872],[-1.87983,52.29869],[-1.88016,52.29864],[-1.88075,52.29869],[-1.88071,52.29874],[-1.88096,52.29873],[-1.88275,52.299],[-1.88454,52.29938],[-1.88727,52.29905],[-1.8901,52.2996],[-1.89149,52.29983],[-1.89229,52.30002],[-1.89517,52.30011],[-1.8987,52.30029],[-1.90154,52.30111],[-1.90399,52.3057],[-1.9034,52.30788],[-1.90294,52.30887],[-1.90203,52.30796],[-1.9027,52.30939],[-1.90247,52.30992],[-1.90279,52.30956],[-1.90307,52.31017],[-1.90789,52.3108],[-1.91103,52.31043],[-1.91392,52.3108],[-1.91826,52.31583],[-1.92048,52.31793],[-1.92355,52.31961],[-1.9313,52.31897],[-1.93811,52.32034],[-1.93591,52.32157],[-1.93429,52.32279],[-1.93263,52.32396],[-1.92694,52.32362],[-1.92418,52.32297],[-1.92386,52.32277],[-1.924,52.3228],[-1.92287,52.32217],[-1.92386,52.32277],[-1.92211,52.32246],[-1.92031,52.32254],[-1.91637,52.32265],[-1.90955,52.32326],[-1.90882,52.33015],[-1.9139,52.33912],[-1.91203,52.34199],[-1.90777,52.34429],[-1.90387,52.35057],[-1.89935,52.35285]]],[[[-1.87959,52.29872],[-1.87958,52.29866],[-1.87983,52.29869],[-1.87959,52.29872]]]]}},{"type":"Feature","properties":{"source_code":"M84036","codes":["M84036"],"label":"ABBEY MEDICAL CENTRE"},"geometry":{"type":"Polygon","coordinates":[[[-1.60194,52.30092],[-1.64658,52.31855],[-1.63731,52.34876],[-1.60469,52.37811],[-1.53877,52.36763],[-1.48865,52.35296],[-1.52641,52.32401],[-1.60194,52.30092]]]}},{"type":"Feature","properties":{"source_code":"M84616","codes":["M84616"],"label":"BROOKSIDE SURGERY"},"geometry":{"type":"Polygon","coordinates":[[[-1.36411,52.3976],[-1.35145,52.39139],[-1.33613,52.38592],[-1.33244,52.37895],[-1.32913,52.37409],[-1.3303,52.37597],[-1.32921,52.37432],[-1.3276,52.37272],[-1.31372,52.37159],[-1.30827,52.36419],[-1.30939,52.36122],[-1.30986,52.35998],[-1.30972,52.35906],[-1.3086,52.35813],[-1.30724,52.3572],[-1.30567,52.35627],[-1.30611,52.35579],[-1.30796,52.35527],[-1.30844,52.35505],[-1.31031,52.35434],[-1.31604,52.35242],[-1.31888,52.35223],[-1.31973,52.35221],[-1.32062,52.35234],[-1.32157,52.3517],[-1.32223,52.35107],[-1.32323,52.35017],[-1.32426,52.34989],[-1.33097,52.34723],[-1.33643,52.34436],[-1.3401,52.32039],[-1.33638,52.29819],[-1.39046,52.28034],[-1.41857,52.28457],[-1.45389,52.28838],[-1.45951,52.30853],[-1.47946,52.32023],[-1.49251,52.334],[-1.51877,52.33637],[-1.52686,52.35037],[-1.52328,52.35472],[-1.51837,52.35809],[-1.51517,52.35796],[-1.51294,52.35815],[-1.48878,52.35846],[-1.45517,52.37272],[-1.42084,52.39451],[-1.36411,52.3976]]]}},{"type":"Feature","properties":{"source_code":"M81078","codes":["M81078"],"label":"BARNT GREEN SURGERY"},"geometry":{"type":"Polygon","coordinates":[[[-1.99402,52.38063],[-1.97875,52.36522],[-1.96623,52.3603],[-1.97913,52.35589],[-1.98862,52.35246],[-1.99468,52.34693],[-2.01505,52.3367],[-2.02409,52.34359],[-2.03108,52.34334],[-2.04161,52.35039],[-2.02766,52.35914],[-2.03951,52.36522],[-2.01097,52.37421],[-2.00784,52.38047],[-1.99402,52.38063]]]}},{"type":"Feature","properties":{"source_code":"M81084","codes":["M81084"],"label":"CATSHILL VILLAGE SURGERY"},"geometry":{"type":"Polygon","coordinates":[[[-2.08105,52.38513],[-2.05564,52.3843],[-2.04002,52.38115],[-2.01565,52.37306],[-2.02389,52.36397],[-2.0347,52.34897],[-2.04397,52.34404],[-2.05685,52.34467],[-2.06895,52.34431],[-2.07534,52.34103],[-2.08054,52.34142],[-2.0989,52.34614],[-2.10663,52.35159],[-2.10749,52.36072],[-2.10285,52.37046],[-2.08105,52.38513]]]}},{"type":"Feature","properties":{"source_code":"M84016","codes":["M84016"],"label":"WOLSTON SURGERY"},"geometry":{"type":"Polygon","coordinates":[[[-1.36642,52.3175],[-1.38026,52.30737],[-1.44349,52.31608],[-1.47545,52.35987],[-1.46483,52.37763],[-1.44428,52.3845],[-1.42768,52.39735],[-1.36649,52.42062],[-1.3066,52.41292],[-1.32043,52.33953],[-1.35157,52.32558],[-1.36642,52.3175]]]}},{"type":"Feature","properties":{"source_code":"M81083","codes":["M81083"],"label":"HOLLYOAKS MEDICAL CENTRE"},"geometry":{"type":"Polygon","coordinates":[[[-1.79558,52.41875],[-1.77052,52.40902],[-1.75695,52.40142],[-1.74751,52.39173],[-1.74168,52.38094],[-1.74683,52.37015],[-1.75644,52.35799],[-1.77086,52.35086],[-1.79249,52.34121],[-1.81824,52.33576],[-1.94149,52.31352],[-1.98492,52.33408],[-1.98853,52.36093],[-1.98303,52.39781],[-1.98458,52.40713],[-1.97239,52.41645],[-1.89445,52.41457],[-1.82545,52.41729],[-1.79558,52.41875]]]}},{"type":"Feature","properties":{"source_code":"M89030","codes":["M89030"],"label":"ARDEN MEDICAL CENTRE"},"geometry":{"type":"Polygon","coordinates":[[[-1.77416,52.39108],[-1.7734,52.39335],[-1.77272,52.39444],[-1.77101,52.39536],[-1.76899,52.39524],[-1.76657,52.39649],[-1.76505,52.39722],[-1.765,52.3979],[-1.76248,52.40021],[-1.75959,52.40265],[-1.75655,52.4034],[-1.75378,52.40281],[-1.75208,52.4025],[-1.74979,52.40288],[-1.74904,52.40296],[-1.74845,52.40497],[-1.74553,52.40555],[-1.74271,52.40587],[-1.72485,52.40237],[-1.71953,52.40082],[-1.7155,52.40152],[-1.71374,52.40114],[-1.71327,52.39945],[-1.71086,52.39905],[-1.70958,52.39909],[-1.70863,52.39991],[-1.70685,52.40051],[-1.70498,52.40059],[-1.70307,52.39828],[-1.70446,52.39717],[-1.7053,52.39639],[-1.70648,52.39619],[-1.70687,52.39458],[-1.70043,52.39417],[-1.70773,52.39393],[-1.70891,52.39041],[-1.70716,52.38542],[-1.70324,52.3867],[-1.70175,52.38456],[-1.69819,52.38315],[-1.70035,52.38129],[-1.69392,52.37708],[-1.69217,52.37439],[-1.68658,52.37107],[-1.68529,52.36518],[-1.68413,52.36148],[-1.68368,52.36021],[-1.68592,52.35766],[-1.68491,52.35595],[-1.68317,52.35228],[-1.68371,52.35035],[-1.68236,52.34848],[-1.68241,52.34777],[-1.68314,52.34533],[-1.6885,52.34495],[-1.691,52.34479],[-1.69436,52.34599],[-1.69648,52.34337],[-1.69826,52.34326],[-1.69953,52.34313],[-1.69934,52.34224],[-1.70052,52.34136],[-1.69973,52.33819],[-1.69933,52.33697],[-1.69989,52.33637],[-1.70065,52.33551],[-1.70134,52.33555],[-1.70498,52.33778],[-1.70977,52.33984],[-1.71143,52.34045],[-1.72003,52.34065],[-1.717,52.34785],[-1.71622,52.35147],[-1.71749,52.35504],[-1.72122,52.35877],[-1.72048,52.36037],[-1.71988,52.36285],[-1.71893,52.36441],[-1.7197,52.36445],[-1.72339,52.36046],[-1.73026,52.36145],[-1.73833,52.36481],[-1.73902,52.36397],[-1.74022,52.36179],[-1.74477,52.36247],[-1.75288,52.36318],[-1.75693,52.36399],[-1.76347,52.36626],[-1.77361,52.36847],[-1.7767,52.37235],[-1.778,52.37345],[-1.77854,52.37476],[-1.78127,52.37809],[-1.78377,52.38231],[-1.78285,52.38333],[-1.78175,52.38397],[-1.78038,52.38415],[-1.77871,52.38519],[-1.7768,52.38548],[-1.77422,52.3863],[-1.77305,52.38763],[-1.7732,52.38848],[-1.77268,52.38889],[-1.77315,52.38974],[-1.77416,52.39108]]]}},{"type":"Feature","properties":{"source_code":"M86003","codes":["M86003"],"label":"SKY BLUE MEDICAL GROUP"},"geometry":{"type":"Polygon","coordinates":[[[-1.56298,52.37979],[-1.5689,52.38524],[-1.55555,52.38964],[-1.55204,52.39053],[-1.54819,52.38995],[-1.55663,52.39697],[-1.54839,52.40493],[-1.53603,52.40703],[-1.52309,52.40593],[-1.51993,52.40724],[-1.51877,52.40954],[-1.51538,52.41221],[-1.51551,52.41383],[-1.51521,52.41498],[-1.51586,52.41582],[-1.51268,52.41703],[-1.51045,52.41844],[-1.50913,52.42007],[-1.50695,52.42306],[-1.50225,52.42454],[-1.48599,52.42948],[-1.45861,52.40985],[-1.46251,52.40032],[-1.47054,52.39435],[-1.4823,52.39006],[-1.46607,52.37832],[-1.50032,52.37644],[-1.5404,52.36458],[-1.5413,52.36499],[-1.5424,52.3658],[-1.54286,52.36767],[-1.54429,52.36746],[-1.54332,52.36818],[-1.54523,52.36844],[-1.54748,52.36901],[-1.55557,52.37534],[-1.56219,52.37799],[-1.56298,52.37979]]]}},{"type":"Feature","properties":{"source_code":"M86001","codes":["M86001"],"label":"WILLENHALL PRIMARY CARE CENTRE - 1"},"geometry":{"type":"Polygon","coordinates":[[[-1.4641,52.37885],[-1.46535,52.37872],[-1.47809,52.3789],[-1.4867,52.37737],[-1.49101,52.37793],[-1.49861,52.37806],[-1.48915,52.39152],[-1.48706,52.40692],[-1.46196,52.40483],[-1.44706,52.40221],[-1.43962,52.39838],[-1.43149,52.39582],[-1.44402,52.38668],[-1.4556,52.38221],[-1.4629,52.38016],[-1.4641,52.37885]]]}},{"type":"Feature","properties":{"source_code":"M86033","codes":["M86033"],"label":"WILLENHAL OAK MEDICAL CENTRE"},"geometry":{"type":"Polygon","coordinates":[[[-1.46616,52.37927],[-1.47062,52.3822],[-1.4768,52.38555],[-1.48161,52.39006],[-1.48727,52.40116],[-1.48693,52.4065],[-1.48058,52.40567],[-1.47251,52.40724],[-1.46032,52.40409],[-1.44676,52.40273],[-1.43835,52.39781],[-1.43183,52.39561],[-1.44608,52.38534],[-1.46616,52.37927]]]}},{"type":"Feature","properties":{"source_code":"M81064","codes":["M81064"],"label":"HOLLYWOOD MEDICAL CENTRE"},"geometry":{"type":"Polygon","coordinates":[[[-1.85523,52.40448],[-1.85332,52.4026],[-1.84986,52.39944],[-1.84804,52.39706],[-1.84747,52.39314],[-1.84769,52.3908],[-1.84311,52.3849],[-1.84257,52.37785],[-1.84392,52.37185],[-1.84648,52.36711],[-1.85338,52.36229],[-1.86029,52.3583],[-1.86935,52.35619],[-1.88012,52.35587],[-1.896,52.35542],[-1.90742,52.3577],[-1.9166,52.36166],[-1.92029,52.36687],[-1.92278,52.37366],[-1.92334,52.37839],[-1.92321,52.38217],[-1.91917,52.391],[-1.9187,52.391],[-1.91872,52.39111],[-1.91847,52.39237],[-1.91822,52.39462],[-1.91736,52.39682],[-1.91642,52.39902],[-1.91437,52.40085],[-1.91188,52.40299],[-1.90905,52.40404],[-1.90379,52.40275],[-1.90076,52.40349],[-1.89782,52.40309],[-1.89454,52.40331],[-1.89081,52.40396],[-1.88885,52.40413],[-1.8869,52.40472],[-1.888,52.4062],[-1.88806,52.40805],[-1.88733,52.40983],[-1.88536,52.41137],[-1.88458,52.41271],[-1.86969,52.4101],[-1.86129,52.40674],[-1.85679,52.40569],[-1.85523,52.40448]]]}},{"type":"Feature","properties":{"source_code":"M86007","codes":["M86007"],"label":"PHOENIX FAMILY CARE"},"geometry":{"type":"Polygon","coordinates":[[[-1.50226,52.40494],[-1.49706,52.39899],[-1.49598,52.39711],[-1.49523,52.39498],[-1.4948,52.39388],[-1.49415,52.39292],[-1.49134,52.39135],[-1.49134,52.38982],[-1.49225,52.38814],[-1.49466,52.38493],[-1.49706,52.38152],[-1.50107,52.37769],[-1.5085,52.3734],[-1.51743,52.36704],[-1.52861,52.3708],[-1.53848,52.37397],[-1.545,52.37598],[-1.53626,52.38481],[-1.53183,52.38969],[-1.52833,52.39341],[-1.52649,52.39396],[-1.52402,52.3945],[-1.52056,52.39532],[-1.51714,52.39628],[-1.51681,52.39762],[-1.51639,52.3996],[-1.51522,52.40204],[-1.5147,52.40309],[-1.51006,52.40295],[-1.50831,52.40384],[-1.50633,52.40449],[-1.50418,52.40457],[-1.50226,52.40494]]]}},{"type":"Feature","properties":{"source_code":"M86027","codes":["M86027"],"label":"CHEYLESMORE SURGERY"},"geometry":{"type":"Polygon","coordinates":[[[-1.50221,52.40493],[-1.49603,52.39833],[-1.49363,52.39289],[-1.49083,52.3905],[-1.4895,52.38878],[-1.48976,52.38825],[-1.49019,52.38765],[-1.48985,52.38715],[-1.48967,52.38647],[-1.49225,52.38705],[-1.49345,52.38613],[-1.49989,52.37796],[-1.5132,52.36942],[-1.53766,52.38079],[-1.54032,52.38141],[-1.54761,52.38414],[-1.54272,52.38912],[-1.53525,52.38655],[-1.53302,52.39315],[-1.53182,52.39393],[-1.53105,52.3943],[-1.52882,52.3931],[-1.51706,52.3964],[-1.53045,52.39462],[-1.52521,52.40095],[-1.5168,52.39881],[-1.51543,52.4031],[-1.51955,52.40593],[-1.52006,52.40771],[-1.51817,52.4109],[-1.50899,52.41368],[-1.5047,52.41111],[-1.50169,52.40896],[-1.50152,52.40755],[-1.50144,52.40661],[-1.50135,52.40624],[-1.50221,52.40567],[-1.50341,52.40451],[-1.50221,52.40493]]]}},{"type":"Feature","properties":{"source_code":"M86037","codes":["M86037"],"label":"QUINTON PARK MEDICAL CENTRE"},"geometry":{"type":"MultiPolygon","coordinates":[[[[-1.46674,52.37849],[-1.46667,52.37843],[-1.49998,52.36973],[-1.46674,52.37849]]],[[[-1.46674,52.37849],[-1.47438,52.38429],[-1.46497,52.37895],[-1.46674,52.37849]]],[[[-1.50392,52.37036],[-1.49964,52.36963],[-1.50959,52.37057],[-1.518,52.37644],[-1.52435,52.38031],[-1.53465,52.38608],[-1.5216,52.37906],[-1.5156,52.37539],[-1.50941,52.37099],[-1.50392,52.37036]]],[[[-1.47438,52.38429],[-1.48814,52.39208],[-1.48212,52.39016],[-1.47438,52.38429]]],[[[-1.51806,52.39563],[-1.52813,52.39352],[-1.53517,52.38629],[-1.52778,52.39467],[-1.51806,52.39563]]],[[[-1.49676,52.39732],[-1.49689,52.39729],[-1.49737,52.39741],[-1.49676,52.39732]]],[[[-1.49676,52.39732],[-1.49603,52.3975],[-1.49654,52.39729],[-1.49676,52.39732]]],[[[-1.49737,52.39741],[-1.49762,52.39745],[-1.48814,52.39208],[-1.49002,52.39268],[-1.4977,52.39746],[-1.50513,52.39854],[-1.51175,52.40025],[-1.50478,52.39928],[-1.49779,52.39752],[-1.49826,52.39781],[-1.4977,52.3975],[-1.49737,52.39741]]],[[[-1.51611,52.40086],[-1.51611,52.39582],[-1.51806,52.39563],[-1.51714,52.39582],[-1.51634,52.40089],[-1.51611,52.40086]]],[[[-1.51634,52.40089],[-1.5168,52.40095],[-1.51628,52.40127],[-1.51634,52.40089]]],[[[-1.51175,52.40025],[-1.51611,52.40086],[-1.51611,52.40137],[-1.51175,52.40025]]]]}},{"type":"Feature","properties":{"source_code":"M81055","codes":["M81055"],"label":"CORNHILL SURGERY"},"geometry":{"type":"MultiPolygon","coordinates":[[[[-1.9967,52.40543],[-1.99677,52.40535],[-1.99711,52.40451],[-1.99745,52.40556],[-1.9967,52.40543]]],[[[-1.99642,52.40538],[-1.9967,52.40543],[-1.99642,52.40577],[-1.99642,52.40538]]],[[[-2.03556,52.40326],[-2.0438,52.40326],[-2.03625,52.40535],[-2.02869,52.40137],[-2.02814,52.4013],[-2.03109,52.40137],[-2.01943,52.40011],[-2.02814,52.4013],[-2.01462,52.40095],[-2.00947,52.40179],[-2.00157,52.40305],[-2.00054,52.40389],[-1.99882,52.40305],[-1.99642,52.4041],[-1.99642,52.40538],[-1.99505,52.40514],[-1.99436,52.40577],[-1.99093,52.40451],[-1.98647,52.4043],[-1.982,52.40137],[-1.98715,52.39697],[-1.98818,52.39572],[-1.98955,52.39509],[-1.98887,52.39383],[-1.99196,52.39341],[-1.99127,52.39299],[-1.99402,52.39278],[-1.99333,52.39132],[-1.99402,52.39006],[-1.99505,52.38692],[-1.99402,52.38671],[-1.98956,52.38629],[-1.99058,52.38545],[-1.98303,52.37853],[-1.98235,52.37329],[-1.98578,52.36784],[-1.99162,52.36072],[-1.99848,52.35317],[-2.01084,52.3538],[-2.02183,52.35652],[-2.0311,52.3561],[-2.04311,52.35568],[-2.05582,52.35547],[-2.06577,52.35359],[-2.06921,52.35652],[-2.06886,52.35946],[-2.0668,52.36407],[-2.0668,52.36763],[-2.05994,52.36847],[-2.05101,52.37204],[-2.04655,52.37728],[-2.04586,52.38042],[-2.05101,52.38922],[-2.05273,52.39592],[-2.05307,52.40095],[-2.03556,52.40326]]]]}},{"type":"Feature","properties":{"source_code":"M81025","codes":["M81025"],"label":"NEW ROAD SURGERY"},"geometry":{"type":"Polygon","coordinates":[[[-2.04419,52.37712],[-2.04463,52.37785],[-2.045,52.37815],[-2.04518,52.37854],[-2.04573,52.37924],[-2.04573,52.3809],[-2.04596,52.38213],[-2.04733,52.38447],[-2.0502,52.38908],[-2.05101,52.39033],[-2.05188,52.39166],[-2.05259,52.39283],[-2.05318,52.39405],[-2.05339,52.39509],[-2.05347,52.39614],[-2.05336,52.39673],[-2.05319,52.39723],[-2.05302,52.39779],[-2.05265,52.39832],[-2.05235,52.39873],[-2.05159,52.39897],[-2.0499,52.39868],[-2.04892,52.40037],[-2.04751,52.40085],[-2.04662,52.40117],[-2.04587,52.40165],[-2.04525,52.40237],[-2.04425,52.4026],[-2.04338,52.4024],[-2.04247,52.40228],[-2.04166,52.40221],[-2.04092,52.4022],[-2.0406,52.4022],[-2.04029,52.40223],[-2.03966,52.40231],[-2.03906,52.40243],[-2.03844,52.40256],[-2.03777,52.40269],[-2.03708,52.40276],[-2.03661,52.40277],[-2.03615,52.40275],[-2.03573,52.40271],[-2.03532,52.40267],[-2.03449,52.40254],[-2.03364,52.40228],[-2.033,52.40202],[-2.03248,52.40168],[-2.032,52.40133],[-2.0314,52.40098],[-2.03072,52.40076],[-2.02805,52.4003],[-2.02526,52.4007],[-2.02427,52.40056],[-2.02346,52.40043],[-2.02189,52.40025],[-2.0205,52.39858],[-2.01992,52.39692],[-2.01992,52.39595],[-2.01947,52.39603],[-2.01902,52.39598],[-2.01844,52.39524],[-2.01666,52.39399],[-2.01586,52.39431],[-2.01522,52.39439],[-2.01455,52.39464],[-2.01384,52.39488],[-2.01114,52.39553],[-2.00561,52.3953],[-1.99797,52.39556],[-1.99041,52.39482],[-1.99299,52.39215],[-1.99599,52.38964],[-1.99127,52.38715],[-1.98951,52.38604],[-1.98805,52.38489],[-1.98556,52.38617],[-1.98535,52.38152],[-1.98389,52.37717],[-1.98346,52.37455],[-1.98415,52.37209],[-1.98526,52.3702],[-1.98646,52.36842],[-1.99238,52.36171],[-1.99985,52.35317],[-2.00561,52.35338],[-2.01118,52.35422],[-2.0226,52.35726],[-2.02835,52.35726],[-2.0341,52.35652],[-2.03719,52.3561],[-2.04037,52.35579],[-2.04328,52.356],[-2.04499,52.35605],[-2.04601,52.35612],[-2.04627,52.35651],[-2.04645,52.35737],[-2.04652,52.35824],[-2.04619,52.35959],[-2.04584,52.36094],[-2.04588,52.3617],[-2.04602,52.36241],[-2.0464,52.36402],[-2.04669,52.36564],[-2.04637,52.36724],[-2.046,52.36856],[-2.04567,52.36978],[-2.04516,52.37233],[-2.04502,52.37331],[-2.045,52.3743],[-2.045,52.37479],[-2.04492,52.37527],[-2.04477,52.37578],[-2.04451,52.37622],[-2.04419,52.37712]]]}},{"type":"Feature","properties":{"source_code":"M85027","codes":["M85027"],"label":"LEACH HEATH MEDICAL CENTRE"},"geometry":{"type":"Polygon","coordinates":[[[-2.00397,52.40276],[-2.00131,52.40425],[-1.99698,52.40538],[-1.99376,52.40512],[-1.99299,52.40538],[-1.98763,52.40451],[-1.98424,52.40294],[-1.98042,52.39768],[-1.98334,52.39422],[-1.98438,52.39205],[-1.98576,52.38727],[-1.98561,52.38673],[-1.98441,52.38],[-1.98434,52.37959],[-1.98383,52.37798],[-1.98355,52.37688],[-1.98573,52.37557],[-1.98895,52.37712],[-1.99869,52.37557],[-2.00972,52.3745],[-2.01422,52.37582],[-2.02289,52.38144],[-2.02944,52.38922],[-2.03072,52.39153],[-2.03395,52.39572],[-2.03378,52.40216],[-2.0276,52.40771],[-2.02409,52.40624],[-2.02229,52.40703],[-2.01988,52.40698],[-2.01482,52.40472],[-2.01019,52.40451],[-2.00684,52.40373],[-2.00397,52.40276]]]}},{"type":"Feature","properties":{"source_code":"M85086","codes":["M85086"],"label":"COFTON MEDICAL CENTRE"},"geometry":{"type":"Polygon","coordinates":[[[-1.98108,52.40272],[-1.97941,52.40464],[-1.97729,52.40619],[-1.97323,52.40493],[-1.97015,52.40694],[-1.96396,52.40807],[-1.95806,52.40709],[-1.95215,52.4064],[-1.95262,52.40593],[-1.95198,52.4053],[-1.9512,52.40528],[-1.94845,52.40543],[-1.94474,52.40618],[-1.94471,52.4054],[-1.94678,52.40501],[-1.9472,52.401],[-1.94521,52.40155],[-1.94271,52.40063],[-1.94286,52.39972],[-1.94175,52.39828],[-1.94715,52.39739],[-1.95085,52.39619],[-1.95522,52.39205],[-1.95891,52.38802],[-1.95741,52.38301],[-1.95889,52.37872],[-1.9587,52.37733],[-1.95954,52.37725],[-1.96075,52.37705],[-1.969,52.37958],[-1.98282,52.377],[-1.99548,52.37135],[-2.01264,52.39498],[-2.00029,52.39582],[-1.98976,52.39525],[-1.98716,52.39718],[-1.98108,52.40272]]]}},{"type":"Feature","properties":{"source_code":"M89016","codes":["M89016"],"label":"BALSALL COMMON & MERIDEN GROUP PRACTICE"},"geometry":{"type":"Polygon","coordinates":[[[-1.70443,52.47504],[-1.64885,52.4677],[-1.60768,52.46422],[-1.59599,52.45877],[-1.5903,52.45101],[-1.59345,52.44331],[-1.59986,52.43268],[-1.60036,52.42169],[-1.60394,52.39959],[-1.60213,52.3876],[-1.6089,52.37329],[-1.6125,52.36499],[-1.65147,52.35904],[-1.69734,52.37007],[-1.70333,52.37395],[-1.70049,52.37738],[-1.70074,52.38134],[-1.6849,52.3913],[-1.68486,52.39121],[-1.67765,52.43676],[-1.70443,52.47504]]]}},{"type":"Feature","properties":{"source_code":"M86010","codes":["M86010"],"label":"FORREST MEDICAL CENTRE"},"geometry":{"type":"MultiPolygon","coordinates":[[[[-1.52585,52.40395],[-1.52584,52.40396],[-1.52582,52.40392],[-1.52585,52.40395]]],[[[-1.52561,52.41201],[-1.52761,52.40932],[-1.52764,52.40648],[-1.52666,52.40478],[-1.52585,52.40395],[-1.52607,52.40359],[-1.5262,52.40305],[-1.52647,52.40261],[-1.52668,52.40195],[-1.52668,52.40156],[-1.52691,52.40118],[-1.52744,52.40081],[-1.52882,52.40032],[-1.52998,52.39993],[-1.53102,52.39942],[-1.5331,52.39823],[-1.53429,52.39741],[-1.53526,52.39677],[-1.53495,52.38713],[-1.5447,52.37708],[-1.53938,52.37464],[-1.54368,52.37116],[-1.54305,52.36734],[-1.5443,52.36619],[-1.55268,52.36752],[-1.5556,52.36883],[-1.55636,52.36941],[-1.55665,52.37004],[-1.55521,52.37192],[-1.55105,52.37394],[-1.54981,52.37446],[-1.54918,52.37492],[-1.54932,52.37544],[-1.55006,52.37585],[-1.55137,52.37639],[-1.55325,52.37975],[-1.55211,52.38153],[-1.55231,52.3822],[-1.55285,52.3831],[-1.55467,52.38468],[-1.55547,52.38553],[-1.5566,52.3857],[-1.55895,52.38517],[-1.5619,52.38484],[-1.56358,52.38513],[-1.56512,52.38593],[-1.56789,52.38453],[-1.5701,52.38411],[-1.57235,52.38419],[-1.57298,52.38312],[-1.57354,52.38216],[-1.57418,52.38224],[-1.57353,52.38319],[-1.57304,52.38422],[-1.57541,52.38442],[-1.57771,52.38458],[-1.57992,52.38475],[-1.58222,52.38514],[-1.5867,52.38583],[-1.58847,52.3861],[-1.59027,52.38665],[-1.59478,52.38803],[-1.59913,52.38936],[-1.59768,52.39219],[-1.59624,52.39527],[-1.60126,52.39726],[-1.60214,52.40389],[-1.60552,52.41154],[-1.60337,52.41619],[-1.59718,52.41403],[-1.58473,52.41282],[-1.57319,52.40987],[-1.56969,52.4088],[-1.56578,52.40817],[-1.55888,52.40717],[-1.55888,52.40715],[-1.55886,52.40716],[-1.55877,52.40716],[-1.54923,52.40469],[-1.55134,52.40329],[-1.55141,52.40334],[-1.55144,52.40323],[-1.55189,52.40293],[-1.55339,52.40295],[-1.55847,52.40258],[-1.55837,52.40152],[-1.54753,52.40104],[-1.54722,52.40316],[-1.547,52.40292],[-1.54163,52.40374],[-1.54314,52.40369],[-1.54471,52.40397],[-1.54699,52.40467],[-1.54688,52.40545],[-1.5455,52.40663],[-1.54566,52.40745],[-1.55075,52.40739],[-1.55397,52.40749],[-1.55887,52.40717],[-1.55888,52.40717],[-1.559,52.40881],[-1.56022,52.41055],[-1.55811,52.41147],[-1.55534,52.41188],[-1.5506,52.41151],[-1.54811,52.41259],[-1.54095,52.41319],[-1.53759,52.41631],[-1.53169,52.41414],[-1.52561,52.41201]]],[[[-1.55069,52.40285],[-1.55057,52.40297],[-1.5501,52.40301],[-1.5496,52.40314],[-1.54942,52.40327],[-1.55026,52.40255],[-1.55069,52.40285]]],[[[-1.55089,52.40298],[-1.55094,52.40294],[-1.55084,52.40295],[-1.55069,52.40285],[-1.55188,52.40156],[-1.55144,52.40323],[-1.55134,52.40329],[-1.55089,52.40298]]],[[[-1.55057,52.40297],[-1.55084,52.40295],[-1.55089,52.40298],[-1.54957,52.40405],[-1.55057,52.40297]]],[[[-1.54787,52.4039],[-1.54801,52.40386],[-1.5488,52.40372],[-1.54942,52.40327],[-1.54822,52.4043],[-1.54787,52.4039]]],[[[-1.54957,52.40405],[-1.54903,52.40464],[-1.54889,52.4046],[-1.54957,52.40405]]],[[[-1.54787,52.4039],[-1.54739,52.40402],[-1.54804,52.40445],[-1.54757,52.40485],[-1.54699,52.40467],[-1.54722,52.40316],[-1.54787,52.4039]]],[[[-1.54903,52.40464],[-1.54923,52.40469],[-1.54882,52.40496],[-1.54876,52.40492],[-1.54903,52.40464]]],[[[-1.54855,52.40515],[-1.54859,52.40511],[-1.54882,52.40496],[-1.54961,52.40548],[-1.54855,52.40515]]],[[[-1.54757,52.40485],[-1.54831,52.40508],[-1.54688,52.40624],[-1.54853,52.40515],[-1.54855,52.40515],[-1.54661,52.40725],[-1.54688,52.40545],[-1.54757,52.40485]]],[[[-1.54862,52.40483],[-1.54804,52.40445],[-1.54822,52.4043],[-1.54838,52.40447],[-1.54889,52.4046],[-1.54862,52.40483]]],[[[-1.54862,52.40483],[-1.54876,52.40492],[-1.54859,52.40511],[-1.54853,52.40515],[-1.54831,52.40508],[-1.54862,52.40483]]]]}},{"type":"Feature","properties":{"source_code":"M85043","codes":["M85043"],"label":"HAWKESLEY MEDICAL PRACTICE"},"geometry":{"type":"Polygon","coordinates":[[[-1.9107,52.41098],[-1.91076,52.41001],[-1.91229,52.40976],[-1.91359,52.40929],[-1.91616,52.40827],[-1.91593,52.40822],[-1.91453,52.4077],[-1.91143,52.40694],[-1.91025,52.40644],[-1.91046,52.40584],[-1.91027,52.40543],[-1.91029,52.40504],[-1.9107,52.40475],[-1.91091,52.40421],[-1.91122,52.40366],[-1.91143,52.4025],[-1.91222,52.40144],[-1.9177,52.40212],[-1.91842,52.40132],[-1.91659,52.39922],[-1.91327,52.39503],[-1.91123,52.39433],[-1.91012,52.39289],[-1.9098,52.39016],[-1.91129,52.38889],[-1.91697,52.39048],[-1.91887,52.39115],[-1.91944,52.39137],[-1.92019,52.39102],[-1.92095,52.39122],[-1.92194,52.39104],[-1.92306,52.39118],[-1.92505,52.39166],[-1.9265,52.39182],[-1.92796,52.39107],[-1.92817,52.39009],[-1.92761,52.38928],[-1.92799,52.38569],[-1.92846,52.3856],[-1.92884,52.38571],[-1.92949,52.38589],[-1.9301,52.38606],[-1.93113,52.38637],[-1.93447,52.38715],[-1.93544,52.3875],[-1.93643,52.38794],[-1.9383,52.38886],[-1.93912,52.3893],[-1.94002,52.38957],[-1.94105,52.38978],[-1.94194,52.38979],[-1.9456,52.3907],[-1.95194,52.393],[-1.95303,52.39372],[-1.9584,52.3887],[-1.96076,52.38918],[-1.96219,52.39045],[-1.96773,52.39346],[-1.96443,52.395],[-1.96273,52.39578],[-1.96209,52.39617],[-1.96153,52.39674],[-1.96148,52.39966],[-1.9617,52.40055],[-1.96174,52.40152],[-1.96194,52.40231],[-1.96234,52.40286],[-1.9629,52.40339],[-1.96313,52.4039],[-1.95873,52.40461],[-1.95657,52.40497],[-1.95489,52.40536],[-1.95374,52.40572],[-1.9526,52.40603],[-1.95202,52.40712],[-1.95112,52.40928],[-1.94906,52.40895],[-1.94751,52.40895],[-1.94496,52.40907],[-1.94286,52.40903],[-1.94194,52.40921],[-1.94095,52.40921],[-1.94056,52.40923],[-1.93988,52.40932],[-1.93913,52.40951],[-1.93867,52.40953],[-1.93795,52.40978],[-1.93719,52.41004],[-1.93507,52.41089],[-1.9361,52.41212],[-1.93456,52.41289],[-1.93218,52.41343],[-1.93046,52.41296],[-1.92988,52.41228],[-1.92932,52.41256],[-1.92885,52.4126],[-1.92846,52.41269],[-1.92821,52.41277],[-1.92777,52.41294],[-1.92724,52.41302],[-1.92662,52.41338],[-1.92606,52.41376],[-1.92426,52.41509],[-1.9205,52.41718],[-1.91911,52.41499],[-1.91789,52.41284],[-1.91518,52.41354],[-1.91392,52.41399],[-1.91396,52.41479],[-1.91342,52.41529],[-1.91267,52.41478],[-1.9119,52.41427],[-1.90892,52.41358],[-1.90956,52.41285],[-1.90917,52.41241],[-1.90885,52.41125],[-1.9107,52.41098]]]}},{"type":"Feature","properties":{"source_code":"M86627","codes":["M86627"],"label":"STOKE ALDERMOOR MED CTRE"},"geometry":{"type":"Polygon","coordinates":[[[-1.4962,52.46229],[-1.4399,52.43676],[-1.38977,52.39613],[-1.47079,52.3668],[-1.58478,52.37644],[-1.6143,52.41247],[-1.4962,52.46229]]]}},{"type":"Feature","properties":{"source_code":"M86015","codes":["M86015"],"label":"KENYON MEDICAL CENTRES"},"geometry":{"type":"Polygon","coordinates":[[[-1.44676,52.40242],[-1.39492,52.38629],[-1.39526,52.37476],[-1.43166,52.36659],[-1.49036,52.36784],[-1.48796,52.41163],[-1.44779,52.42252],[-1.44676,52.40242]]]}},{"type":"Feature","properties":{"source_code":"M86038","codes":["M86038"],"label":"BREDON AVENUE SURGERY"},"geometry":{"type":"Polygon","coordinates":[[[-1.44843,52.42247],[-1.44474,52.41378],[-1.43114,52.41205],[-1.42402,52.40907],[-1.42608,52.40389],[-1.43234,52.39435],[-1.44419,52.38608],[-1.46753,52.39572],[-1.46007,52.40588],[-1.4594,52.40879],[-1.46015,52.40598],[-1.46307,52.40514],[-1.4732,52.40807],[-1.47148,52.41404],[-1.46103,52.41655],[-1.45689,52.41844],[-1.44843,52.42247]],[[-1.45723,52.41823],[-1.46092,52.41657],[-1.45742,52.41741],[-1.45723,52.41823]]]}},{"type":"Feature","properties":{"source_code":"M86622","codes":["M86622"],"label":"GOVIND HEALTH CENTRE"},"geometry":{"type":"Polygon","coordinates":[[[-1.55663,52.39771],[-1.558,52.39996],[-1.55869,52.40242],[-1.55495,52.40272],[-1.55182,52.40271],[-1.5474,52.40379],[-1.54555,52.40389],[-1.5415,52.40341],[-1.5371,52.4043],[-1.53246,52.40597],[-1.52843,52.40841],[-1.52648,52.40809],[-1.52268,52.40585],[-1.51924,52.40556],[-1.51743,52.4047],[-1.51543,52.40252],[-1.51749,52.39613],[-1.52882,52.39315],[-1.53534,52.3866],[-1.54856,52.39111],[-1.55414,52.3942],[-1.55663,52.39771]]]}},{"type":"Feature","properties":{"source_code":"M85007","codes":["M85007"],"label":"WEST HEATH SURGERY"},"geometry":{"type":"Polygon","coordinates":[[[-1.95089,52.43027],[-1.94575,52.42843],[-1.94323,52.42625],[-1.94218,52.42524],[-1.94079,52.42481],[-1.93705,52.42495],[-1.93488,52.42657],[-1.93168,52.4272],[-1.92908,52.42737],[-1.92798,52.42788],[-1.92722,52.42823],[-1.92517,52.42849],[-1.92244,52.42895],[-1.92138,52.42417],[-1.92072,52.42059],[-1.91982,52.41649],[-1.91911,52.41254],[-1.91886,52.4117],[-1.91835,52.41128],[-1.91626,52.40886],[-1.9124,52.40716],[-1.91318,52.40649],[-1.91581,52.40627],[-1.91631,52.40345],[-1.91802,52.40127],[-1.91923,52.40069],[-1.91975,52.39907],[-1.92247,52.39828],[-1.92475,52.39708],[-1.92702,52.3959],[-1.92869,52.39393],[-1.93155,52.39265],[-1.93365,52.39079],[-1.93891,52.39035],[-1.94391,52.39016],[-1.94448,52.38802],[-1.9466,52.38587],[-1.94731,52.38517],[-1.94717,52.38354],[-1.94619,52.38173],[-1.94787,52.38045],[-1.94904,52.37885],[-1.95337,52.37847],[-1.95786,52.37705],[-1.95828,52.37694],[-1.9581,52.37579],[-1.95741,52.37473],[-1.95462,52.36905],[-1.94784,52.36218],[-1.94896,52.3538],[-1.95179,52.34541],[-1.95239,52.3431],[-1.95029,52.33932],[-1.94821,52.3366],[-1.94866,52.3334],[-1.9481,52.33227],[-1.9475,52.33078],[-1.94706,52.33023],[-1.94619,52.32946],[-1.94519,52.32877],[-1.94419,52.32839],[-1.94208,52.32679],[-1.94022,52.32498],[-1.93983,52.32387],[-1.93225,52.32467],[-1.92593,52.32371],[-1.92206,52.32259],[-1.91989,52.32274],[-1.91772,52.32268],[-1.91555,52.3229],[-1.91468,52.3219],[-1.91427,52.32145],[-1.91554,52.321],[-1.9174,52.32038],[-1.91882,52.31977],[-1.91961,52.31955],[-1.92028,52.31926],[-1.92106,52.31895],[-1.92053,52.31836],[-1.92135,52.31814],[-1.9214,52.3176],[-1.9216,52.31739],[-1.92154,52.31717],[-1.92216,52.31704],[-1.93193,52.31505],[-1.93815,52.31432],[-1.93898,52.31459],[-1.9394,52.31538],[-1.94057,52.31611],[-1.94183,52.31666],[-1.94301,52.31776],[-1.9433,52.31912],[-1.94328,52.32017],[-1.94316,52.32114],[-1.94197,52.32271],[-1.94113,52.32328],[-1.94135,52.32505],[-1.94372,52.32747],[-1.94721,52.32966],[-1.94805,52.33059],[-1.94876,52.33215],[-1.94971,52.33301],[-1.94913,52.33387],[-1.94885,52.33482],[-1.94881,52.33562],[-1.94902,52.33629],[-1.9491,52.33674],[-1.94931,52.33719],[-1.94989,52.33822],[-1.95316,52.33813],[-1.95383,52.34037],[-1.95518,52.34228],[-1.95848,52.34602],[-1.95833,52.34769],[-1.9584,52.34855],[-1.95939,52.34861],[-1.96175,52.34854],[-1.96531,52.3476],[-1.96874,52.34751],[-1.96976,52.34835],[-1.97057,52.34887],[-1.97087,52.35016],[-1.97215,52.35082],[-1.97337,52.35152],[-1.97342,52.35216],[-1.97313,52.35253],[-1.97229,52.35378],[-1.97202,52.35454],[-1.9721,52.35571],[-1.96952,52.35614],[-1.96535,52.35767],[-1.96435,52.35792],[-1.96645,52.361],[-1.96313,52.3637],[-1.95622,52.36856],[-1.95546,52.36926],[-1.9562,52.37134],[-1.95776,52.37411],[-1.95848,52.37572],[-1.959,52.37768],[-1.95893,52.37974],[-1.95835,52.38445],[-1.96005,52.38845],[-1.96266,52.39047],[-1.96573,52.39216],[-1.96645,52.39193],[-1.96588,52.39126],[-1.96872,52.39107],[-1.96851,52.38958],[-1.97161,52.38995],[-1.97373,52.38794],[-1.97576,52.38761],[-1.97958,52.38754],[-1.9833,52.38718],[-1.9878,52.38464],[-1.9879,52.38317],[-1.98899,52.38222],[-1.98799,52.38054],[-1.98852,52.38021],[-1.98855,52.38018],[-1.98856,52.38018],[-1.98941,52.37922],[-1.99128,52.37803],[-1.9915,52.37706],[-1.99854,52.37559],[-2.00052,52.3786],[-2.00175,52.38092],[-2.00588,52.3808],[-2.007,52.38062],[-2.00851,52.37963],[-2.00982,52.37484],[-2.01453,52.37228],[-2.0207,52.3705],[-2.0249,52.37216],[-2.02649,52.37225],[-2.02816,52.37214],[-2.03018,52.37226],[-2.0322,52.37318],[-2.03396,52.37322],[-2.03666,52.3739],[-2.04498,52.37597],[-2.04462,52.37713],[-2.04564,52.37792],[-2.04554,52.37913],[-2.04321,52.38035],[-2.04054,52.38183],[-2.03314,52.38344],[-2.0319,52.38411],[-2.03108,52.38514],[-2.03065,52.38887],[-2.02858,52.39066],[-2.02127,52.3939],[-2.01666,52.39482],[-2.01459,52.3952],[-2.01591,52.39582],[-2.01702,52.39654],[-2.01764,52.39851],[-2.01865,52.40064],[-2.01511,52.40094],[-2.01079,52.40204],[-2.00789,52.40232],[-2.00738,52.40224],[-2.00567,52.40248],[-2.00332,52.40299],[-2.00294,52.40328],[-2.00061,52.40435],[-1.99656,52.40575],[-1.99523,52.40668],[-1.9955,52.40868],[-1.98987,52.41055],[-1.98687,52.4105],[-1.98159,52.41108],[-1.97657,52.41192],[-1.97378,52.41239],[-1.97392,52.41417],[-1.97137,52.41707],[-1.96765,52.41819],[-1.96659,52.41872],[-1.95764,52.42408],[-1.95396,52.42712],[-1.95089,52.43027]]]}},{"type":"Feature","properties":{"source_code":"M86030","codes":["M86030"],"label":"KENSINGTON ROAD SURGERY"},"geometry":{"type":"MultiPolygon","coordinates":[[[[-1.50287,52.37793],[-1.50275,52.37791],[-1.50288,52.37792],[-1.50287,52.37793]]],[[[-1.50287,52.37793],[-1.50748,52.37853],[-1.4953,52.39478],[-1.49466,52.39339],[-1.49394,52.39245],[-1.49301,52.39189],[-1.49249,52.39153],[-1.49206,52.391],[-1.49202,52.39026],[-1.49232,52.38961],[-1.50059,52.37882],[-1.50187,52.37854],[-1.50228,52.37842],[-1.50258,52.37829],[-1.50287,52.37793]]],[[[-1.49663,52.39789],[-1.49634,52.39755],[-1.51391,52.40084],[-1.49999,52.39844],[-1.49663,52.39789]]],[[[-1.57389,52.40774],[-1.57386,52.4076],[-1.5739,52.40773],[-1.57389,52.40774]]],[[[-1.57398,52.40821],[-1.57416,52.40823],[-1.57402,52.40837],[-1.57398,52.40821]]],[[[-1.57102,52.41755],[-1.57313,52.41597],[-1.57214,52.41738],[-1.57102,52.41755]]],[[[-1.57102,52.41755],[-1.57102,52.41755],[-1.57102,52.41755],[-1.57102,52.41755]]],[[[-1.56919,52.41786],[-1.56919,52.41786],[-1.57001,52.41813],[-1.56919,52.41786]]],[[[-1.57102,52.41755],[-1.57089,52.41813],[-1.5701,52.41824],[-1.57102,52.41755]]],[[[-1.55549,52.42068],[-1.57017,52.4183],[-1.56937,52.42237],[-1.56527,52.42243],[-1.56019,52.42175],[-1.55549,52.42068]]],[[[-1.50748,52.37853],[-1.51399,52.36983],[-1.51414,52.37135],[-1.51474,52.37057],[-1.51981,52.37259],[-1.53021,52.37873],[-1.53146,52.37893],[-1.52832,52.37671],[-1.53189,52.37899],[-1.53258,52.3791],[-1.5319,52.379],[-1.53286,52.37962],[-1.53773,52.38097],[-1.53569,52.37998],[-1.53723,52.38079],[-1.53567,52.37998],[-1.53448,52.3794],[-1.53258,52.3791],[-1.53444,52.37938],[-1.52856,52.37654],[-1.51457,52.36997],[-1.54023,52.38147],[-1.54004,52.38151],[-1.54221,52.38204],[-1.54504,52.38307],[-1.54706,52.38458],[-1.54693,52.38772],[-1.5504,52.39202],[-1.54908,52.39137],[-1.56007,52.39913],[-1.56216,52.39891],[-1.56525,52.39894],[-1.568,52.3986],[-1.5704,52.39841],[-1.57049,52.39909],[-1.57377,52.4078],[-1.57389,52.40774],[-1.57398,52.40821],[-1.57313,52.40813],[-1.57372,52.40782],[-1.56793,52.40467],[-1.57367,52.40871],[-1.57402,52.40837],[-1.57435,52.41004],[-1.5737,52.40902],[-1.57319,52.4098],[-1.57203,52.41663],[-1.5695,52.41781],[-1.56919,52.41786],[-1.5485,52.41102],[-1.54853,52.41104],[-1.56919,52.41786],[-1.55594,52.42001],[-1.55028,52.4146],[-1.55542,52.42001],[-1.54594,52.41496],[-1.55251,52.4175],[-1.52418,52.403],[-1.52165,52.40216],[-1.53913,52.41171],[-1.535,52.40912],[-1.54594,52.41496],[-1.54299,52.41381],[-1.55552,52.42065],[-1.54152,52.42995],[-1.54077,52.42976],[-1.54017,52.42778],[-1.52067,52.40184],[-1.51989,52.40158],[-1.51966,52.40154],[-1.51955,52.40158],[-1.5189,52.40139],[-1.49895,52.3976],[-1.49551,52.39556],[-1.50032,52.38933],[-1.50852,52.37867],[-1.50748,52.37853]]],[[[-1.5307,52.37902],[-1.53216,52.37942],[-1.53147,52.37894],[-1.53025,52.37875],[-1.5307,52.37902]]],[[[-1.5361,52.3822],[-1.54696,52.38987],[-1.54688,52.38777],[-1.54,52.38152],[-1.53983,52.38155],[-1.53989,52.38157],[-1.53982,52.38155],[-1.5392,52.38168],[-1.5379,52.38105],[-1.53318,52.37982],[-1.54638,52.38827],[-1.5361,52.3822],[-1.53246,52.37964],[-1.53118,52.3793],[-1.5361,52.3822]]],[[[-1.52058,52.40179],[-1.52065,52.40181],[-1.52065,52.40181],[-1.52058,52.40179]]],[[[-1.52158,52.40212],[-1.52416,52.40299],[-1.52408,52.40295],[-1.52156,52.40212],[-1.52158,52.40212]]],[[[-1.5339,52.40621],[-1.54615,52.41025],[-1.54613,52.41024],[-1.53336,52.40602],[-1.5339,52.40621]]],[[[-1.54564,52.41017],[-1.53562,52.40682],[-1.54599,52.4105],[-1.54564,52.41017]]]]}},{"type":"Feature","properties":{"source_code":"M86006","codes":["M86006"],"label":"JUBILEE HEALTHCARE"},"geometry":{"type":"MultiPolygon","coordinates":[[[[-1.51522,52.41135],[-1.51525,52.41135],[-1.51332,52.41136],[-1.51521,52.41135],[-1.51522,52.41135]]],[[[-1.51522,52.41135],[-1.515,52.41133],[-1.51315,52.40996],[-1.51601,52.40559],[-1.51385,52.40458],[-1.51417,52.40353],[-1.51496,52.40357],[-1.51758,52.40488],[-1.51779,52.40499],[-1.51738,52.40477],[-1.51583,52.40336],[-1.51546,52.40265],[-1.51603,52.40111],[-1.51667,52.39892],[-1.51594,52.40022],[-1.515,52.40233],[-1.51317,52.40285],[-1.51081,52.40272],[-1.50882,52.40315],[-1.50719,52.40392],[-1.50633,52.40423],[-1.50534,52.40437],[-1.50457,52.40434],[-1.50269,52.40445],[-1.50129,52.40363],[-1.50072,52.40311],[-1.49939,52.4013],[-1.4978,52.39956],[-1.49663,52.39786],[-1.49495,52.39363],[-1.49461,52.39294],[-1.49391,52.39215],[-1.49263,52.39151],[-1.49212,52.39088],[-1.49283,52.38849],[-1.49384,52.3861],[-1.49599,52.38306],[-1.49732,52.38135],[-1.4989,52.38017],[-1.49952,52.37936],[-1.50075,52.37892],[-1.50328,52.37822],[-1.50997,52.37887],[-1.51931,52.38032],[-1.52364,52.38181],[-1.52737,52.38382],[-1.53448,52.38651],[-1.53265,52.38918],[-1.54008,52.39064],[-1.53983,52.39319],[-1.54743,52.39349],[-1.5452,52.39446],[-1.54526,52.39362],[-1.54522,52.39362],[-1.54522,52.39359],[-1.54433,52.39366],[-1.54368,52.39368],[-1.54259,52.39373],[-1.54045,52.39391],[-1.54168,52.39385],[-1.5399,52.39398],[-1.53977,52.39399],[-1.53747,52.39407],[-1.5371,52.39409],[-1.53642,52.3941],[-1.53621,52.39414],[-1.53605,52.39415],[-1.53558,52.39426],[-1.53554,52.39427],[-1.5355,52.39428],[-1.53488,52.39443],[-1.53246,52.39515],[-1.5355,52.39428],[-1.53558,52.39426],[-1.53621,52.39414],[-1.5371,52.39409],[-1.53717,52.39409],[-1.53776,52.39407],[-1.53869,52.39407],[-1.5399,52.39398],[-1.5421,52.39383],[-1.54168,52.39385],[-1.54433,52.39366],[-1.54522,52.39362],[-1.54515,52.39448],[-1.5452,52.39446],[-1.5451,52.39571],[-1.54503,52.39765],[-1.54444,52.3996],[-1.54106,52.40068],[-1.54658,52.40391],[-1.54593,52.40436],[-1.54628,52.40457],[-1.54668,52.405],[-1.55063,52.40581],[-1.55878,52.40698],[-1.55904,52.40878],[-1.56186,52.41188],[-1.56708,52.41447],[-1.56844,52.41662],[-1.56903,52.41878],[-1.56824,52.41898],[-1.56729,52.41892],[-1.56586,52.419],[-1.56461,52.41881],[-1.561,52.41899],[-1.55648,52.41798],[-1.55378,52.41748],[-1.55169,52.41682],[-1.54869,52.41226],[-1.54667,52.41149],[-1.54174,52.40939],[-1.53952,52.40854],[-1.53713,52.40802],[-1.53697,52.4078],[-1.53491,52.41009],[-1.53324,52.41207],[-1.53272,52.4126],[-1.53139,52.41406],[-1.53041,52.41367],[-1.53034,52.41365],[-1.5312,52.41399],[-1.53135,52.41407],[-1.52691,52.41697],[-1.52515,52.4182],[-1.52295,52.42014],[-1.52248,52.42041],[-1.52212,52.42045],[-1.51906,52.42031],[-1.51883,52.41948],[-1.51898,52.41865],[-1.51671,52.41686],[-1.51543,52.4153],[-1.51516,52.41499],[-1.51497,52.4146],[-1.51514,52.41418],[-1.51536,52.412],[-1.51538,52.41182],[-1.51558,52.41167],[-1.51885,52.40996],[-1.51976,52.41002],[-1.52265,52.4109],[-1.5267,52.41224],[-1.52706,52.41238],[-1.52753,52.41225],[-1.52627,52.41199],[-1.52526,52.41164],[-1.5226,52.41072],[-1.51952,52.40984],[-1.51925,52.40961],[-1.51925,52.40936],[-1.51988,52.40797],[-1.51961,52.40597],[-1.51959,52.40596],[-1.51964,52.40756],[-1.51892,52.40894],[-1.51734,52.41043],[-1.51651,52.41089],[-1.51522,52.41135]]],[[[-1.53555,52.40481],[-1.53526,52.40392],[-1.53403,52.40307],[-1.53528,52.40399],[-1.53533,52.40441],[-1.53555,52.40481],[-1.5356,52.40497],[-1.53562,52.40497],[-1.53561,52.40494],[-1.53562,52.40494],[-1.53555,52.40481]]],[[[-1.5429,52.40358],[-1.54286,52.40358],[-1.54291,52.40358],[-1.5429,52.40358]]],[[[-1.51799,52.39605],[-1.518,52.39603],[-1.51615,52.3951],[-1.5157,52.39486],[-1.50042,52.39353],[-1.50558,52.39398],[-1.508,52.3942],[-1.51049,52.39441],[-1.51281,52.39462],[-1.51569,52.39487],[-1.51615,52.3951],[-1.51794,52.39606],[-1.51799,52.39605],[-1.51773,52.39678],[-1.51812,52.39602],[-1.51799,52.39605]]],[[[-1.52888,52.39336],[-1.5289,52.39332],[-1.52885,52.39337],[-1.52888,52.39336]]],[[[-1.53038,52.39179],[-1.53105,52.39102],[-1.53035,52.3918],[-1.53038,52.39179]]],[[[-1.57641,52.42736],[-1.57616,52.42675],[-1.57632,52.42721],[-1.57541,52.42707],[-1.57476,52.42657],[-1.57336,52.42558],[-1.57235,52.42468],[-1.57169,52.4237],[-1.57096,52.4221],[-1.57057,52.42048],[-1.56955,52.41888],[-1.56914,52.41709],[-1.5673,52.4141],[-1.56735,52.4141],[-1.56293,52.41192],[-1.56134,52.41086],[-1.56017,52.40968],[-1.55955,52.40838],[-1.55937,52.40708],[-1.56869,52.40851],[-1.56866,52.40845],[-1.58529,52.41288],[-1.58529,52.41276],[-1.58765,52.41307],[-1.59709,52.41394],[-1.60212,52.41559],[-1.59759,52.41372],[-1.59675,52.40731],[-1.59668,52.40705],[-1.59491,52.40677],[-1.58581,52.40184],[-1.59087,52.40137],[-1.59565,52.40074],[-1.59566,52.40069],[-1.58555,52.40184],[-1.57559,52.40195],[-1.57499,52.40187],[-1.57516,52.39847],[-1.57504,52.39847],[-1.57529,52.39773],[-1.57632,52.39375],[-1.57774,52.39367],[-1.57632,52.39373],[-1.57306,52.38867],[-1.57323,52.38773],[-1.57263,52.3869],[-1.57366,52.38445],[-1.58178,52.38523],[-1.58454,52.38572],[-1.58726,52.38607],[-1.58946,52.38669],[-1.59876,52.38959],[-1.59914,52.38874],[-1.6004,52.38786],[-1.60605,52.38052],[-1.60774,52.38147],[-1.61515,52.42436],[-1.61542,52.42435],[-1.60795,52.43597],[-1.60349,52.43456],[-1.60006,52.43364],[-1.59782,52.43291],[-1.59619,52.43241],[-1.59461,52.4321],[-1.59319,52.43155],[-1.59143,52.43107],[-1.57641,52.42736]]],[[[-1.6003,52.41745],[-1.6007,52.41568],[-1.60066,52.41567],[-1.6003,52.41745]]],[[[-1.60249,52.4159],[-1.60306,52.41598],[-1.60287,52.4159],[-1.60249,52.4159]]],[[[-1.59766,52.39319],[-1.59773,52.39289],[-1.59622,52.39295],[-1.59766,52.39319]]]]}},{"type":"Feature","properties":{"source_code":"M86610","codes":["M86610"],"label":"ST GEORGES ROAD SURGERY"},"geometry":{"type":"Polygon","coordinates":[[[-1.52744,52.39488],[-1.53123,52.39886],[-1.53191,52.40095],[-1.53431,52.40284],[-1.53191,52.40598],[-1.53053,52.4064],[-1.53398,52.40828],[-1.5295,52.40975],[-1.53191,52.41268],[-1.52848,52.41708],[-1.52401,52.4175],[-1.51989,52.41666],[-1.51886,52.41938],[-1.50581,52.42294],[-1.4859,52.42504],[-1.4732,52.42336],[-1.46564,52.42085],[-1.45568,52.41331],[-1.45191,52.40724],[-1.45294,52.4041],[-1.45362,52.40263],[-1.45603,52.3997],[-1.45981,52.3976],[-1.45946,52.39718],[-1.46427,52.39572],[-1.46736,52.39467],[-1.47079,52.39153],[-1.47629,52.38985],[-1.48041,52.38775],[-1.48556,52.38775],[-1.49002,52.38671],[-1.49345,52.38754],[-1.49654,52.38671],[-1.49929,52.38754],[-1.50375,52.38734],[-1.50788,52.38734],[-1.51337,52.38964],[-1.5199,52.39069],[-1.52744,52.39488]]]}},{"type":"Feature","properties":{"source_code":"M85076","codes":["M85076"],"label":"GREAT PARK MEDICAL GROUP"},"geometry":{"type":"Polygon","coordinates":[[[-2.04895,52.39886],[-1.94664,52.43173],[-1.93737,52.40849],[-2.01153,52.36952],[-2.04895,52.39886]]]}},{"type":"Feature","properties":{"source_code":"M85136","codes":["M85136"],"label":"DRUIDS HEATH SURGERY"},"geometry":{"type":"Polygon","coordinates":[[[-1.88845,52.41519],[-1.87866,52.41321],[-1.88004,52.41331],[-1.88141,52.41095],[-1.87892,52.40677],[-1.87884,52.40038],[-1.88072,52.39687],[-1.8821,52.3954],[-1.88304,52.39331],[-1.8833,52.39184],[-1.8845,52.39111],[-1.88519,52.38859],[-1.88278,52.38639],[-1.88502,52.38437],[-1.87661,52.38273],[-1.89411,52.37958],[-1.89961,52.38305],[-1.90201,52.38314],[-1.90578,52.38587],[-1.91334,52.38817],[-1.91488,52.38912],[-1.91629,52.39012],[-1.92003,52.39121],[-1.91699,52.39062],[-1.92123,52.39362],[-1.9257,52.39802],[-1.92879,52.40221],[-1.92913,52.40734],[-1.9166,52.4086],[-1.90939,52.41048],[-1.90355,52.41373],[-1.89583,52.41436],[-1.88845,52.41519]]]}},{"type":"Feature","properties":{"source_code":"M86017","codes":["M86017"],"label":"MANSFIELD MEDICAL CENTRE"},"geometry":{"type":"Polygon","coordinates":[[[-1.48796,52.40975],[-1.46049,52.41666],[-1.4591,52.41391],[-1.45874,52.41053],[-1.46041,52.4042],[-1.4677,52.39608],[-1.47672,52.39171],[-1.48403,52.39014],[-1.49238,52.39151],[-1.495,52.39278],[-1.50588,52.39443],[-1.51578,52.39211],[-1.51641,52.39671],[-1.50178,52.40692],[-1.48796,52.40975]]]}},{"type":"Feature","properties":{"source_code":"M86046","codes":["M86046"],"label":"COPSEWOOD MEDICAL CENTRE"},"geometry":{"type":"MultiPolygon","coordinates":[[[[-1.42787,52.36529],[-1.43921,52.36721],[-1.45003,52.37226],[-1.42787,52.36529]]],[[[-1.45003,52.37226],[-1.46599,52.37728],[-1.45088,52.37266],[-1.45003,52.37226]]],[[[-1.3741,52.41472],[-1.36436,52.4108],[-1.37329,52.41373],[-1.3741,52.41472]]],[[[-1.3741,52.41472],[-1.37489,52.41504],[-1.37432,52.41478],[-1.38256,52.40724],[-1.36402,52.40954],[-1.36162,52.40847],[-1.36093,52.41163],[-1.35338,52.42294],[-1.34445,52.43215],[-1.36062,52.40803],[-1.36024,52.40786],[-1.3609,52.40762],[-1.36113,52.40726],[-1.35887,52.40786],[-1.36335,52.40057],[-1.36368,52.39907],[-1.36576,52.39666],[-1.36711,52.39446],[-1.37123,52.3844],[-1.37167,52.38391],[-1.37192,52.38231],[-1.37875,52.37605],[-1.37878,52.37602],[-1.38049,52.37435],[-1.3805,52.37434],[-1.3805,52.37434],[-1.38662,52.36836],[-1.39,52.3636],[-1.39252,52.35715],[-1.3944,52.3574],[-1.39458,52.35715],[-1.39441,52.3574],[-1.40323,52.35857],[-1.39801,52.35589],[-1.42787,52.36529],[-1.42685,52.36512],[-1.42203,52.36435],[-1.4241,52.36512],[-1.44264,52.37015],[-1.45912,52.37686],[-1.46364,52.379],[-1.46667,52.37749],[-1.49963,52.37811],[-1.53465,52.38629],[-1.53372,52.38743],[-1.53568,52.38608],[-1.53587,52.38618],[-1.54083,52.38126],[-1.54633,52.38419],[-1.54839,52.39027],[-1.55731,52.39069],[-1.57928,52.39362],[-1.59439,52.39551],[-1.5937,52.40137],[-1.57791,52.40137],[-1.56693,52.40284],[-1.56089,52.40406],[-1.57139,52.39446],[-1.56075,52.40409],[-1.56089,52.40406],[-1.5604,52.40451],[-1.56281,52.39697],[-1.56006,52.40409],[-1.55921,52.40349],[-1.5604,52.40786],[-1.54221,52.4043],[-1.52916,52.40786],[-1.52058,52.4064],[-1.51714,52.41101],[-1.50993,52.41394],[-1.49414,52.43613],[-1.48487,52.43006],[-1.48796,52.42148],[-1.48865,52.41561],[-1.4962,52.41247],[-1.48727,52.41582],[-1.50128,52.40827],[-1.43028,52.4376],[-1.42214,52.43422],[-1.4138,52.43383],[-1.39664,52.43466],[-1.38771,52.42797],[-1.37947,52.42127],[-1.3741,52.41472]]],[[[-1.43094,52.42012],[-1.42067,52.4332],[-1.41449,52.43069],[-1.41082,52.42947],[-1.42181,52.43388],[-1.43094,52.42012]]],[[[-1.36189,52.40725],[-1.36367,52.4066],[-1.36193,52.40705],[-1.36189,52.40725]]],[[[-1.38428,52.40137],[-1.38763,52.40029],[-1.38295,52.40152],[-1.38428,52.40137]]],[[[-1.51504,52.40025],[-1.52268,52.39501],[-1.51611,52.39592],[-1.51504,52.40025]]],[[[-1.40625,52.39551],[-1.40805,52.39491],[-1.40412,52.39594],[-1.40625,52.39551]]],[[[-1.45017,52.38573],[-1.45842,52.38161],[-1.44124,52.38615],[-1.45017,52.38573]]],[[[-1.38908,52.36596],[-1.38951,52.36486],[-1.3882,52.36682],[-1.38908,52.36596]]]]}},{"type":"Feature","properties":{"source_code":"M86605","codes":["M86605"],"label":"LIMBRICK WOOD SURGERY"},"geometry":{"type":"Polygon","coordinates":[[[-1.59964,52.43364],[-1.57298,52.42726],[-1.56941,52.42255],[-1.56086,52.41556],[-1.55815,52.40742],[-1.54713,52.39068],[-1.54654,52.39019],[-1.61044,52.39208],[-1.60795,52.4097],[-1.59997,52.43391],[-1.59964,52.43364]],[[-1.5967,52.43124],[-1.58808,52.43016],[-1.59962,52.43362],[-1.5967,52.43124]],[[-1.594,52.42904],[-1.5957,52.43042],[-1.59161,52.42708],[-1.594,52.42904]]]}},{"type":"Feature","properties":{"source_code":"M86034","codes":["M86034"],"label":"WOODSIDE MEDICAL CENTRE"},"geometry":{"type":"Polygon","coordinates":[[[-1.5949,52.43158],[-1.57484,52.42668],[-1.57212,52.42514],[-1.56615,52.41368],[-1.56036,52.41053],[-1.55921,52.40707],[-1.55926,52.4037],[-1.55817,52.39928],[-1.58229,52.39789],[-1.58778,52.39841],[-1.59353,52.39788],[-1.6022,52.3965],[-1.60289,52.39729],[-1.60452,52.40227],[-1.60409,52.40857],[-1.60276,52.42066],[-1.6028,52.42053],[-1.60285,52.42062],[-1.59516,52.4318],[-1.5949,52.43166],[-1.59482,52.43158],[-1.5949,52.43158]]]}},{"type":"Feature","properties":{"source_code":"M86044","codes":["M86044"],"label":"PARK HOUSE"},"geometry":{"type":"MultiPolygon","coordinates":[[[[-1.52803,52.41235],[-1.53388,52.41442],[-1.51886,52.41038],[-1.52803,52.41235]]],[[[-1.53388,52.41442],[-1.53707,52.41528],[-1.53431,52.41457],[-1.53388,52.41442]]],[[[-1.53707,52.41528],[-1.53963,52.41593],[-1.54308,52.41689],[-1.53707,52.41528]]],[[[-1.54308,52.41689],[-1.55663,52.42053],[-1.54976,52.41875],[-1.54308,52.41689]]],[[[-1.52803,52.41235],[-1.5192,52.40923],[-1.51889,52.40901],[-1.51882,52.40922],[-1.51512,52.41158],[-1.50954,52.41257],[-1.50455,52.41031],[-1.50163,52.40764],[-1.49334,52.40867],[-1.49208,52.40729],[-1.4926,52.40849],[-1.48006,52.41132],[-1.47732,52.41101],[-1.47225,52.41132],[-1.47165,52.41399],[-1.46264,52.41572],[-1.44455,52.42467],[-1.43024,52.43676],[-1.42376,52.43435],[-1.42884,52.42169],[-1.43225,52.41546],[-1.43446,52.41224],[-1.43771,52.41111],[-1.43125,52.39977],[-1.43084,52.39683],[-1.43352,52.39452],[-1.43551,52.392],[-1.4387,52.39011],[-1.44701,52.38537],[-1.45709,52.38248],[-1.46614,52.37832],[-1.47149,52.37963],[-1.48576,52.37696],[-1.49702,52.37851],[-1.49706,52.37843],[-1.50221,52.37832],[-1.51663,52.37979],[-1.53448,52.3865],[-1.53395,52.38706],[-1.54976,52.39184],[-1.55817,52.39917],[-1.55903,52.40807],[-1.56281,52.41216],[-1.56864,52.41635],[-1.5671,52.42074],[-1.52803,52.41235]]],[[[-1.50463,52.40439],[-1.50246,52.40437],[-1.50305,52.40473],[-1.50463,52.40439]]]]}},{"type":"Feature","properties":{"source_code":"M89024","codes":["M89024"],"label":"GRAFTON ROAD SURGERY"},"geometry":{"type":"Polygon","coordinates":[[[-1.82304,52.43885],[-1.81618,52.39341],[-1.91265,52.39278],[-1.90853,52.43885],[-1.82304,52.43885]]]}},{"type":"Feature","properties":{"source_code":"M86029","codes":["M86029"],"label":"BROOMFIELD PARK MED.CTR."},"geometry":{"type":"Polygon","coordinates":[[[-1.52963,52.431],[-1.5276,52.42659],[-1.523,52.42375],[-1.52509,52.42107],[-1.52514,52.41817],[-1.52656,52.41715],[-1.53232,52.41397],[-1.52486,52.41157],[-1.52096,52.41016],[-1.51875,52.40967],[-1.51946,52.40823],[-1.51945,52.40651],[-1.51789,52.40553],[-1.51513,52.40335],[-1.51137,52.40277],[-1.50779,52.40354],[-1.50302,52.40458],[-1.50221,52.40582],[-1.49208,52.39027],[-1.49929,52.3779],[-1.50633,52.37466],[-1.51002,52.37188],[-1.51453,52.36981],[-1.52056,52.36778],[-1.52588,52.36745],[-1.55421,52.36226],[-1.57301,52.35912],[-1.57917,52.36088],[-1.57932,52.36557],[-1.57789,52.36663],[-1.57818,52.36832],[-1.57805,52.36965],[-1.57992,52.37081],[-1.57984,52.37139],[-1.58004,52.37214],[-1.58014,52.37263],[-1.58061,52.37346],[-1.58319,52.37509],[-1.58486,52.37706],[-1.58894,52.37914],[-1.59652,52.38643],[-1.59828,52.38742],[-1.59867,52.38887],[-1.59988,52.39472],[-1.60134,52.402],[-1.60366,52.40519],[-1.60381,52.40669],[-1.60359,52.40819],[-1.60401,52.4091],[-1.60446,52.40974],[-1.60463,52.41084],[-1.60483,52.41282],[-1.60493,52.41529],[-1.6025,52.41655],[-1.60248,52.41753],[-1.60235,52.41897],[-1.60225,52.41929],[-1.6023,52.4194],[-1.60231,52.41958],[-1.60207,52.41987],[-1.57669,52.42774],[-1.57255,52.42513],[-1.57048,52.42178],[-1.56726,52.42258],[-1.56405,52.42254],[-1.5554,52.421],[-1.55008,52.41923],[-1.54717,52.41851],[-1.54545,52.41802],[-1.54545,52.41945],[-1.54749,52.42002],[-1.54937,52.42044],[-1.54931,52.42166],[-1.54919,52.42252],[-1.54829,52.42334],[-1.54755,52.42426],[-1.54663,52.42494],[-1.54316,52.42533],[-1.53901,52.42649],[-1.54024,52.42733],[-1.53637,52.42885],[-1.53298,52.42993],[-1.52993,52.43088],[-1.52963,52.431]]]}},{"type":"Feature","properties":{"source_code":"M85071","codes":["M85071"],"label":"WYCHALL LANE SURGERY"},"geometry":{"type":"Polygon","coordinates":[[[-1.95179,52.42954],[-1.93943,52.43425],[-1.9178,52.43153],[-1.92151,52.42027],[-1.91093,52.41352],[-1.91917,52.41289],[-1.91952,52.41247],[-1.92295,52.41017],[-1.92579,52.40742],[-1.9257,52.3997],[-1.93154,52.3932],[-1.94115,52.39006],[-1.99675,52.38063],[-2.00258,52.38293],[-1.97857,52.41373],[-1.95179,52.42954]]]}},{"type":"Feature","properties":{"source_code":"M85179","codes":["M85179"],"label":"MAYPOLE HEALTH SURGERY Y"},"geometry":{"type":"Polygon","coordinates":[[[-1.87042,52.41347],[-1.86012,52.40766],[-1.85669,52.4064],[-1.85476,52.40302],[-1.85502,52.40203],[-1.86029,52.40315],[-1.8627,52.40381],[-1.86991,52.40409],[-1.87119,52.4021],[-1.87695,52.40216],[-1.87712,52.40095],[-1.8821,52.40001],[-1.87935,52.39812],[-1.87437,52.39666],[-1.87244,52.39384],[-1.8695,52.39387],[-1.86845,52.39253],[-1.86806,52.38694],[-1.87111,52.38461],[-1.88227,52.38314],[-1.8857,52.38367],[-1.88725,52.38733],[-1.88561,52.39692],[-1.88742,52.40326],[-1.8924,52.40336],[-1.90441,52.40284],[-1.91626,52.40383],[-1.91488,52.40661],[-1.90703,52.40936],[-1.90308,52.40826],[-1.89531,52.40766],[-1.89338,52.41046],[-1.88982,52.41216],[-1.89184,52.41271],[-1.89325,52.41334],[-1.90149,52.41279],[-1.90184,52.41446],[-1.8936,52.41488],[-1.89274,52.42169],[-1.88883,52.42243],[-1.8851,52.42278],[-1.88023,52.42162],[-1.87775,52.42083],[-1.87536,52.41957],[-1.87042,52.41347]]]}},{"type":"Feature","properties":{"source_code":"M85047","codes":["M85047"],"label":"WOODLAND ROAD SURGERY"},"geometry":{"type":"Polygon","coordinates":[[[-2.00123,52.38105],[-2.00226,52.38314],[-2.00157,52.38545],[-1.99883,52.38775],[-1.99574,52.38985],[-1.9923,52.39173],[-1.9899,52.39446],[-1.97273,52.41142],[-1.97308,52.41457],[-1.97033,52.4175],[-1.96587,52.41875],[-1.94595,52.43425],[-1.94492,52.43634],[-1.94183,52.43822],[-1.93943,52.43801],[-1.93943,52.4355],[-1.93874,52.43341],[-1.93703,52.43152],[-1.93462,52.42483],[-1.93256,52.42273],[-1.93188,52.41896],[-1.92913,52.41645],[-1.93085,52.41478],[-1.93085,52.41289],[-1.92879,52.41122],[-1.92707,52.40891],[-1.94012,52.39781],[-1.94801,52.3976],[-1.95351,52.39362],[-1.95934,52.38859],[-1.96724,52.39362],[-1.97205,52.39153],[-1.97548,52.38922],[-1.97994,52.38775],[-1.98406,52.38754],[-1.9875,52.38503],[-1.98921,52.38293],[-1.99299,52.38147],[-1.99677,52.38105],[-2.00123,52.38105]]]}},{"type":"Feature","properties":{"source_code":"M85030","codes":["M85030"],"label":"ST HELIERS MEDICAL PRACTICE"},"geometry":{"type":"Polygon","coordinates":[[[-1.97917,52.41975],[-1.97522,52.42049],[-1.97385,52.41972],[-1.97256,52.41912],[-1.97149,52.41865],[-1.96988,52.41712],[-1.96565,52.41328],[-1.96181,52.41343],[-1.95892,52.4141],[-1.95898,52.413],[-1.95907,52.41259],[-1.95909,52.4115],[-1.96091,52.41113],[-1.96154,52.41057],[-1.96256,52.41024],[-1.96322,52.41002],[-1.96375,52.40991],[-1.96364,52.4092],[-1.96353,52.40859],[-1.96367,52.40791],[-1.9638,52.40712],[-1.96346,52.40658],[-1.96344,52.40596],[-1.96373,52.40533],[-1.96363,52.40491],[-1.9633,52.40445],[-1.96276,52.40364],[-1.96419,52.40369],[-1.96655,52.40354],[-1.96828,52.40191],[-1.97006,52.40206],[-1.97138,52.40047],[-1.97348,52.39801],[-1.97485,52.39747],[-1.97565,52.39773],[-1.97634,52.39733],[-1.97673,52.39713],[-1.97712,52.39709],[-1.97805,52.39698],[-1.97872,52.39683],[-1.97926,52.39659],[-1.97977,52.39592],[-1.98148,52.39626],[-1.98215,52.39552],[-1.98255,52.39497],[-1.98285,52.39451],[-1.98459,52.39111],[-1.98527,52.3894],[-1.98549,52.38855],[-1.9855,52.3877],[-1.98568,52.38649],[-1.98567,52.38597],[-1.98672,52.38529],[-1.98822,52.38464],[-1.98871,52.38524],[-1.98963,52.386],[-1.99153,52.38702],[-1.99312,52.38792],[-1.99491,52.38878],[-1.99648,52.38961],[-1.9935,52.39175],[-1.99101,52.39404],[-1.98992,52.39496],[-1.98917,52.39572],[-1.99069,52.39635],[-1.99244,52.39672],[-1.99575,52.39716],[-1.99881,52.39811],[-2.00162,52.4003],[-2.00327,52.40279],[-2.00268,52.40326],[-2.00187,52.40375],[-2.00076,52.40426],[-1.99977,52.40458],[-1.99998,52.40503],[-2.00093,52.40512],[-2.00095,52.40539],[-2.00094,52.40552],[-2.00069,52.40567],[-2.00016,52.40619],[-2.00075,52.40661],[-2.00041,52.4076],[-1.99962,52.40841],[-1.99896,52.40858],[-1.99893,52.40899],[-1.99788,52.40854],[-1.99744,52.40922],[-1.99719,52.40932],[-1.99639,52.40913],[-1.99595,52.4095],[-1.99672,52.40994],[-1.99592,52.4096],[-1.99546,52.41004],[-1.99591,52.4103],[-1.9961,52.41063],[-1.9958,52.41138],[-1.99533,52.41216],[-1.99419,52.41275],[-1.99231,52.41323],[-1.99071,52.4132],[-1.99025,52.41289],[-1.98957,52.41322],[-1.98973,52.41362],[-1.98929,52.41339],[-1.98839,52.41392],[-1.98777,52.41459],[-1.98725,52.41526],[-1.98679,52.41554],[-1.98599,52.41608],[-1.98496,52.4172],[-1.98458,52.41781],[-1.98355,52.41823],[-1.98037,52.41943],[-1.97917,52.41975]]]}},{"type":"Feature","properties":{"source_code":"Y00060","codes":["Y00060"],"label":"THE ANCHOR CENTRE"},"geometry":{"type":"Polygon","coordinates":[[[-1.49071,52.46396],[-1.4241,52.43508],[-1.42595,52.43474],[-1.42273,52.42964],[-1.42547,52.42914],[-1.43784,52.40954],[-1.43097,52.39613],[-1.47011,52.37728],[-1.48977,52.39898],[-1.47285,52.37853],[-1.50325,52.38193],[-1.50238,52.37476],[-1.53534,52.37141],[-1.60057,52.39949],[-1.5834,52.42713],[-1.56052,52.45708],[-1.56075,52.45726],[-1.56033,52.45732],[-1.56006,52.45768],[-1.55974,52.45741],[-1.55872,52.45757],[-1.56006,52.45852],[-1.49071,52.46396]],[[-1.51284,52.41881],[-1.50929,52.41857],[-1.54691,52.44686],[-1.51284,52.41881]],[[-1.50601,52.42015],[-1.50721,52.41843],[-1.50581,52.41834],[-1.5046,52.41688],[-1.50453,52.41689],[-1.50581,52.42001],[-1.50601,52.42015]]]}},{"type":"Feature","properties":{"source_code":"M84031","codes":["M84031"],"label":"REVEL SURGERY"},"geometry":{"type":"Polygon","coordinates":[[[-1.43638,52.40945],[-1.42273,52.43015],[-1.4125,52.46198],[-1.40269,52.4751],[-1.40656,52.4967],[-1.3774,52.50897],[-1.36062,52.51438],[-1.35069,52.51125],[-1.34126,52.5076],[-1.31915,52.49948],[-1.30868,52.49538],[-1.30082,52.49021],[-1.28598,52.47886],[-1.2596,52.4566],[-1.23444,52.43231],[-1.22813,52.42549],[-1.22511,52.4224],[-1.22897,52.39908],[-1.23788,52.3759],[-1.25343,52.38053],[-1.26454,52.38151],[-1.27209,52.384],[-1.27702,52.38326],[-1.28036,52.38119],[-1.27964,52.37807],[-1.28265,52.3756],[-1.30445,52.37551],[-1.32585,52.37815],[-1.36986,52.38],[-1.40213,52.36885],[-1.42877,52.39109],[-1.43095,52.39589],[-1.44691,52.40188],[-1.43638,52.40945]]]}},{"type":"Feature","properties":{"source_code":"M86016","codes":["M86016"],"label":"GODIVA GROUP PRACTICE"},"geometry":{"type":"Polygon","coordinates":[[[-1.45346,52.44356],[-1.47388,52.42629],[-1.47402,52.42633],[-1.47371,52.42619],[-1.51389,52.41645],[-1.51268,52.41143],[-1.5271,52.41268],[-1.51663,52.41739],[-1.53739,52.41394],[-1.53877,52.41603],[-1.5398,52.41855],[-1.54048,52.4221],[-1.52812,52.42964],[-1.51714,52.43655],[-1.50806,52.44108],[-1.50753,52.4445],[-1.49414,52.45015],[-1.48933,52.45235],[-1.45346,52.44356]]]}},{"type":"Feature","properties":{"source_code":"M86041","codes":["M86041"],"label":"CLAY LANE MEDICAL PRACTICE"},"geometry":{"type":"Polygon","coordinates":[[[-1.48762,52.41017],[-1.48316,52.42755],[-1.48488,52.43676],[-1.46119,52.44617],[-1.42342,52.43425],[-1.43646,52.41101],[-1.43921,52.40367],[-1.47045,52.40745],[-1.48693,52.4064],[-1.48762,52.41017]]]}},{"type":"Feature","properties":{"source_code":"M86004","codes":["M86004"],"label":"ALLESLEY PARK MEDICAL CTR"},"geometry":{"type":"Polygon","coordinates":[[[-1.56881,52.42182],[-1.56881,52.422],[-1.5662,52.42221],[-1.56456,52.42221],[-1.561,52.42166],[-1.55838,52.42116],[-1.55564,52.42001],[-1.55448,52.42061],[-1.55053,52.41925],[-1.5453,52.418],[-1.5468,52.41543],[-1.54581,52.41517],[-1.54469,52.41433],[-1.54508,52.41321],[-1.54581,52.41289],[-1.54796,52.41331],[-1.5486,52.41239],[-1.54611,52.41145],[-1.54212,52.4097],[-1.5392,52.40855],[-1.54328,52.40535],[-1.54568,52.40417],[-1.5468,52.40472],[-1.5486,52.4054],[-1.55238,52.40601],[-1.55315,52.40462],[-1.55869,52.4053],[-1.55946,52.40951],[-1.56062,52.41095],[-1.56268,52.41221],[-1.56568,52.41357],[-1.56748,52.41488],[-1.56838,52.41663],[-1.56946,52.42135],[-1.56881,52.42182]]]}},{"type":"Feature","properties":{"source_code":"M85118","codes":["M85118"],"label":"BALDWINS LANE SURGERY"},"geometry":{"type":"MultiPolygon","coordinates":[[[[-1.80349,52.40303],[-1.80447,52.42345],[-1.80347,52.42336],[-1.80313,52.40284],[-1.80349,52.40303]]],[[[-1.80448,52.42363],[-1.80448,52.42363],[-1.80382,52.42357],[-1.80448,52.42363]]],[[[-1.80448,52.42363],[-1.83136,52.42609],[-1.8045,52.42399],[-1.80448,52.42363]]],[[[-1.83192,52.42613],[-1.80448,52.42363],[-1.80447,52.42345],[-1.83698,52.42652],[-1.83192,52.42613]]],[[[-1.85017,52.42755],[-1.80349,52.40303],[-1.80347,52.40263],[-1.86768,52.40326],[-1.86802,52.42964],[-1.84742,52.42755],[-1.83136,52.42609],[-1.83192,52.42613],[-1.85669,52.42838],[-1.83698,52.42652],[-1.85017,52.42755]]]]}},{"type":"Feature","properties":{"source_code":"M86012","codes":["M86012"],"label":"PRIORY GATE PRACTICE"},"geometry":{"type":"Polygon","coordinates":[[[-1.5295,52.44596],[-1.50822,52.4444],[-1.48762,52.44471],[-1.48513,52.4186],[-1.49225,52.39792],[-1.53603,52.38692],[-1.55783,52.39781],[-1.56452,52.4221],[-1.5295,52.44596]]]}},{"type":"Feature","properties":{"source_code":"M86624","codes":["M86624"],"label":"COVENTRY GP GROUP OF PRACTICES"},"geometry":{"type":"Polygon","coordinates":[[[-1.51955,52.44136],[-1.42076,52.42226],[-1.43646,52.3931],[-1.46564,52.37974],[-1.50032,52.3777],[-1.59594,52.39928],[-1.55113,52.4376],[-1.46788,52.47133],[-1.42093,52.42237],[-1.51955,52.44136]]]}},{"type":"Feature","properties":{"source_code":"M86617","codes":["M86617"],"label":"HILLFIELDS - DR BANO"},"geometry":{"type":"MultiPolygon","coordinates":[[[[-1.50919,52.41324],[-1.50934,52.41294],[-1.50955,52.4133],[-1.50925,52.41326],[-1.50919,52.41324]]],[[[-1.50955,52.4133],[-1.50959,52.4133],[-1.50959,52.41336],[-1.50955,52.4133]]],[[[-1.50237,52.42541],[-1.50242,52.42541],[-1.50231,52.42546],[-1.50237,52.42541]]],[[[-1.50144,52.42593],[-1.50089,52.4257],[-1.50146,52.42588],[-1.50231,52.42546],[-1.50213,52.42563],[-1.50144,52.42593]]],[[[-1.50919,52.41324],[-1.50916,52.41331],[-1.50951,52.41357],[-1.50972,52.41401],[-1.50968,52.4143],[-1.50967,52.41498],[-1.50972,52.41579],[-1.5089,52.41635],[-1.50833,52.41696],[-1.5078,52.41786],[-1.50547,52.42184],[-1.505,52.4227],[-1.50324,52.42399],[-1.50289,52.42493],[-1.50237,52.42541],[-1.49955,52.42514],[-1.49751,52.42525],[-1.4946,52.4251],[-1.49405,52.42579],[-1.49315,52.42644],[-1.48652,52.42218],[-1.48556,52.43006],[-1.48041,52.43215],[-1.47388,52.42566],[-1.4732,52.4221],[-1.46015,52.4175],[-1.46213,52.41624],[-1.46353,52.41548],[-1.46725,52.41472],[-1.46995,52.41428],[-1.47161,52.4131],[-1.4727,52.41116],[-1.47569,52.41111],[-1.4829,52.41082],[-1.48745,52.40963],[-1.48775,52.40794],[-1.48702,52.40656],[-1.48772,52.40599],[-1.48821,52.40647],[-1.49204,52.40847],[-1.49843,52.40755],[-1.50156,52.40784],[-1.50195,52.4087],[-1.50324,52.40939],[-1.50493,52.41089],[-1.508,52.41261],[-1.50879,52.41306],[-1.5095,52.41378],[-1.50903,52.41318],[-1.50919,52.41324]]]]}},{"type":"Feature","properties":{"source_code":"Y00996","codes":["Y00996"],"label":"MERIDIAN PRACTICE"},"geometry":{"type":"Polygon","coordinates":[[[-1.63696,52.46898],[-1.52092,52.47943],[-1.44676,52.47818],[-1.37672,52.46731],[-1.32317,52.41917],[-1.3829,52.36176],[-1.46221,52.34813],[-1.54427,52.35128],[-1.63696,52.35505],[-1.70357,52.42545],[-1.63696,52.46898]]]}},{"type":"Feature","properties":{"source_code":"M86005","codes":["M86005"],"label":"HILLFIELDS HEALTH CENTRE - 1"},"geometry":{"type":"Polygon","coordinates":[[[-1.48633,52.42271],[-1.48496,52.42268],[-1.48311,52.42268],[-1.48174,52.42148],[-1.48221,52.42066],[-1.48024,52.41975],[-1.47921,52.41909],[-1.47843,52.4165],[-1.47792,52.41454],[-1.47723,52.41336],[-1.4771,52.41197],[-1.47676,52.41095],[-1.47783,52.41098],[-1.47964,52.41137],[-1.48049,52.41132],[-1.48461,52.41027],[-1.48727,52.40967],[-1.48873,52.40941],[-1.49049,52.40881],[-1.49127,52.40844],[-1.49182,52.4082],[-1.4929,52.40852],[-1.4947,52.40836],[-1.49642,52.40797],[-1.49749,52.40784],[-1.49848,52.40726],[-1.49972,52.40755],[-1.50105,52.40784],[-1.50187,52.40747],[-1.50174,52.40522],[-1.50122,52.40425],[-1.49976,52.4026],[-1.4992,52.40148],[-1.49642,52.39833],[-1.49539,52.39613],[-1.49423,52.39359],[-1.49333,52.39249],[-1.49517,52.39252],[-1.49775,52.39299],[-1.50023,52.39354],[-1.50324,52.39396],[-1.50517,52.39428],[-1.50783,52.39407],[-1.51011,52.39354],[-1.51221,52.39297],[-1.51414,52.39192],[-1.51538,52.39105],[-1.51568,52.39108],[-1.51607,52.39281],[-1.51611,52.39422],[-1.51611,52.39488],[-1.51697,52.39619],[-1.51744,52.39585],[-1.52234,52.39467],[-1.525,52.39414],[-1.52568,52.39577],[-1.52581,52.39603],[-1.52671,52.39668],[-1.52787,52.39723],[-1.52834,52.39831],[-1.5295,52.39909],[-1.53096,52.40025],[-1.53186,52.40108],[-1.53191,52.40195],[-1.53315,52.40258],[-1.53461,52.40339],[-1.53594,52.40553],[-1.53706,52.40852],[-1.53405,52.41182],[-1.53234,52.41386],[-1.53126,52.41475],[-1.52792,52.4165],[-1.5253,52.41967],[-1.52551,52.42114],[-1.52182,52.42048],[-1.51912,52.42038],[-1.51865,52.42046],[-1.51852,52.41881],[-1.5171,52.41742],[-1.51607,52.4165],[-1.50886,52.41674],[-1.50616,52.41627],[-1.50599,52.41551],[-1.50457,52.41491],[-1.49792,52.41977],[-1.49633,52.41841],[-1.49564,52.4176],[-1.49217,52.41745],[-1.49096,52.41768],[-1.48963,52.41878],[-1.48873,52.41993],[-1.48852,52.4209],[-1.48809,52.42224],[-1.48633,52.42271]]]}},{"type":"Feature","properties":{"source_code":"M85077","codes":["M85077"],"label":"NORTHWOOD MEDICAL CENTRE"},"geometry":{"type":"Polygon","coordinates":[[[-1.93643,52.44291],[-1.93078,52.43852],[-1.92901,52.43732],[-1.92723,52.43836],[-1.92231,52.43554],[-1.91901,52.43171],[-1.91014,52.43008],[-1.90493,52.42786],[-1.90202,52.42882],[-1.89327,52.42786],[-1.89378,52.41975],[-1.88631,52.41373],[-1.89991,52.39273],[-1.89195,52.37468],[-1.8914,52.35475],[-1.87643,52.33565],[-1.8945,52.32755],[-1.93866,52.32532],[-1.95288,52.33703],[-1.95706,52.33899],[-1.96304,52.33928],[-1.97465,52.33997],[-1.97865,52.34147],[-1.98223,52.34083],[-1.98536,52.34684],[-1.99207,52.34681],[-1.98994,52.34847],[-1.9856,52.35352],[-1.97787,52.35557],[-1.97746,52.35693],[-1.97386,52.35862],[-1.96884,52.35984],[-1.96621,52.36116],[-1.97008,52.36344],[-1.9748,52.36373],[-1.97742,52.36478],[-1.98022,52.36495],[-1.98554,52.36323],[-2.00089,52.38168],[-1.93643,52.44291]]]}},{"type":"Feature","properties":{"source_code":"M86014","codes":["M86014"],"label":"THE FORUM HEALTH CENTRE"},"geometry":{"type":"Polygon","coordinates":[[[-1.42972,52.43762],[-1.42599,52.43707],[-1.42324,52.43707],[-1.42442,52.43238],[-1.42393,52.43236],[-1.43784,52.41027],[-1.43131,52.4019],[-1.43114,52.39572],[-1.44178,52.39886],[-1.45105,52.38933],[-1.46822,52.39613],[-1.48264,52.39027],[-1.48807,52.40673],[-1.4883,52.40661],[-1.48659,52.43037],[-1.47526,52.43686],[-1.46685,52.43226],[-1.46479,52.43508],[-1.45792,52.44115],[-1.45105,52.44377],[-1.42917,52.43791],[-1.42972,52.43762]]]}},{"type":"Feature","properties":{"source_code":"M86018","codes":["M86018"],"label":"MOSELEY AVENUE SURGERY"},"geometry":{"type":"Polygon","coordinates":[[[-1.57036,52.42294],[-1.57379,52.42671],[-1.55457,52.44178],[-1.54839,52.43906],[-1.54186,52.4445],[-1.53191,52.43739],[-1.53122,52.44513],[-1.51028,52.44618],[-1.50616,52.43571],[-1.50444,52.42315],[-1.51028,52.4131],[-1.51783,52.41059],[-1.52092,52.40703],[-1.5144,52.40263],[-1.51577,52.39592],[-1.51646,52.37979],[-1.53603,52.3865],[-1.55422,52.39299],[-1.57036,52.42294]]]}},{"type":"Feature","properties":{"source_code":"M85018","codes":["M85018"],"label":"YARDLEY WOOD HEALTH CENTRE"},"geometry":{"type":"Polygon","coordinates":[[[-1.89274,52.43404],[-1.8409,52.42943],[-1.80176,52.38775],[-1.89308,52.39823],[-1.89274,52.43404]]]}},{"type":"Feature","properties":{"source_code":"M86612","codes":["M86612"],"label":"GEORGE ELIOT MEDICAL CENTRE"},"geometry":{"type":"Polygon","coordinates":[[[-1.5083,52.41438],[-1.50925,52.41415],[-1.51011,52.41467],[-1.50916,52.41745],[-1.51092,52.41912],[-1.50766,52.42161],[-1.50495,52.42216],[-1.50427,52.42189],[-1.50393,52.42119],[-1.50302,52.41998],[-1.50439,52.41828],[-1.50546,52.41622],[-1.50581,52.41525],[-1.50697,52.41486],[-1.50749,52.4143],[-1.5083,52.41438]]]}},{"type":"Feature","properties":{"source_code":"M89017","codes":["M89017"],"label":"SOLIHULL HEALTHCARE PARTNERSHIP"},"geometry":{"type":"Polygon","coordinates":[[[-1.83743,52.42231],[-1.8376,52.42556],[-1.83649,52.43001],[-1.83503,52.43419],[-1.834,52.43514],[-1.8298,52.43744],[-1.82765,52.4389],[-1.82637,52.44089],[-1.82156,52.44183],[-1.81221,52.44366],[-1.7915,52.45141],[-1.78811,52.44866],[-1.77217,52.44525],[-1.76238,52.44434],[-1.76225,52.4438],[-1.76071,52.4427],[-1.76053,52.44178],[-1.75967,52.44028],[-1.75806,52.43875],[-1.75568,52.43722],[-1.75658,52.43652],[-1.75495,52.4355],[-1.75364,52.43461],[-1.75302,52.43341],[-1.75319,52.43259],[-1.7537,52.43176],[-1.754,52.43143],[-1.75555,52.42888],[-1.75589,52.42683],[-1.75793,52.42298],[-1.75613,52.42331],[-1.7543,52.42352],[-1.75201,52.42365],[-1.74948,52.42379],[-1.74584,52.42323],[-1.74483,52.42299],[-1.74187,52.42262],[-1.74013,52.42258],[-1.73891,52.42249],[-1.7383,52.42207],[-1.73817,52.42134],[-1.7383,52.42083],[-1.73867,52.4188],[-1.73874,52.41846],[-1.7379,52.41684],[-1.73718,52.41504],[-1.73697,52.41395],[-1.73675,52.41279],[-1.73603,52.41226],[-1.73586,52.41152],[-1.73566,52.40973],[-1.73563,52.4093],[-1.73504,52.40817],[-1.73682,52.40757],[-1.73858,52.40714],[-1.73936,52.40696],[-1.74263,52.40623],[-1.74405,52.4059],[-1.74737,52.40521],[-1.74868,52.40483],[-1.74849,52.40195],[-1.74786,52.4012],[-1.74569,52.39987],[-1.7436,52.39828],[-1.74236,52.3975],[-1.73975,52.39545],[-1.73951,52.39532],[-1.73912,52.395],[-1.73152,52.38762],[-1.73408,52.3863],[-1.73646,52.38587],[-1.73794,52.38566],[-1.7518,52.3738],[-1.75306,52.37251],[-1.75328,52.37135],[-1.75731,52.37017],[-1.75844,52.36865],[-1.76081,52.36808],[-1.76277,52.36813],[-1.76392,52.36888],[-1.76439,52.36946],[-1.76518,52.36983],[-1.76655,52.36933],[-1.76711,52.36905],[-1.76756,52.36865],[-1.76792,52.36836],[-1.77343,52.3648],[-1.77785,52.3631],[-1.78051,52.36137],[-1.78115,52.36416],[-1.78937,52.3603],[-1.79975,52.35901],[-1.80955,52.35587],[-1.81253,52.35699],[-1.81785,52.35943],[-1.82722,52.36087],[-1.83248,52.36483],[-1.83713,52.36805],[-1.8408,52.37033],[-1.84989,52.37411],[-1.85545,52.37615],[-1.85751,52.3772],[-1.86602,52.37996],[-1.87275,52.38614],[-1.87756,52.3906],[-1.879,52.39689],[-1.88257,52.40471],[-1.88163,52.40766],[-1.87967,52.40944],[-1.87541,52.41016],[-1.87003,52.41128],[-1.8672,52.41193],[-1.8636,52.41241],[-1.86036,52.41307],[-1.85572,52.41375],[-1.85065,52.41612],[-1.84828,52.41728],[-1.84501,52.41877],[-1.84206,52.42003],[-1.83887,52.42159],[-1.83743,52.42231]]]}},{"type":"Feature","properties":{"source_code":"M89015","codes":["M89015"],"label":"NORTHBROOK HEALTH CENTRE"},"geometry":{"type":"Polygon","coordinates":[[[-1.83905,52.43419],[-1.81347,52.44131],[-1.79644,52.43325],[-1.7458,52.40535],[-1.78596,52.37895],[-1.8045,52.38901],[-1.84261,52.39886],[-1.85463,52.42189],[-1.85532,52.4288],[-1.83905,52.43419]]]}},{"type":"Feature","properties":{"source_code":"Y00140","codes":["Y00140"],"label":"TORCROSS MEDICAL CENTRE"},"geometry":{"type":"Polygon","coordinates":[[[-1.43755,52.43068],[-1.43781,52.43072],[-1.43784,52.43069],[-1.43757,52.43065],[-1.43755,52.43068],[-1.4323,52.43006],[-1.43131,52.4281],[-1.43069,52.4265],[-1.4296,52.42504],[-1.43674,52.41633],[-1.43719,52.41556],[-1.43788,52.41347],[-1.44084,52.41218],[-1.44201,52.4121],[-1.44333,52.41142],[-1.44506,52.40462],[-1.44509,52.40433],[-1.4452,52.40409],[-1.44573,52.402],[-1.44923,52.40258],[-1.4541,52.40294],[-1.45783,52.40349],[-1.45974,52.40433],[-1.46084,52.40451],[-1.46976,52.40661],[-1.47186,52.40725],[-1.47213,52.40731],[-1.47642,52.40619],[-1.48105,52.40616],[-1.48269,52.40623],[-1.48411,52.40628],[-1.4852,52.40596],[-1.48525,52.40632],[-1.48539,52.40632],[-1.48632,52.40657],[-1.48727,52.40661],[-1.48736,52.40685],[-1.48753,52.4069],[-1.48822,52.40776],[-1.48801,52.40865],[-1.48849,52.40996],[-1.48863,52.41012],[-1.48895,52.41111],[-1.48893,52.41115],[-1.48933,52.41226],[-1.49071,52.41582],[-1.48999,52.41721],[-1.48985,52.41776],[-1.48962,52.41794],[-1.48914,52.41888],[-1.4893,52.41917],[-1.49007,52.42005],[-1.49176,52.42143],[-1.49199,52.42148],[-1.49508,52.42035],[-1.49676,52.42077],[-1.49586,52.42243],[-1.49586,52.42336],[-1.50169,52.42504],[-1.50144,52.42541],[-1.50144,52.42593],[-1.49921,52.42874],[-1.48727,52.44659],[-1.48556,52.45188],[-1.48453,52.45726],[-1.48384,52.45978],[-1.48253,52.45924],[-1.46976,52.45685],[-1.46222,52.45508],[-1.4611,52.45499],[-1.46025,52.45447],[-1.44587,52.44777],[-1.4447,52.44733],[-1.4447,52.44723],[-1.44333,52.44659],[-1.4459,52.4417],[-1.44217,52.44014],[-1.44059,52.43965],[-1.43582,52.43833],[-1.43101,52.43684],[-1.43453,52.43349],[-1.43541,52.43295],[-1.43738,52.43112],[-1.43719,52.43111],[-1.43755,52.43068]],[[-1.48266,52.40643],[-1.48258,52.40631],[-1.48203,52.4064],[-1.48266,52.40643]]]}},{"type":"Feature","properties":{"source_code":"M85730","codes":["M85730"],"label":"DOSKI MEDICAL PRACTICE"},"geometry":{"type":"Polygon","coordinates":[[[-1.95189,52.42587],[-1.79542,52.44094],[-1.97111,52.36554],[-2.09189,52.46103],[-1.80365,52.45266],[-1.95189,52.42587]]]}},{"type":"Feature","properties":{"source_code":"M86040","codes":["M86040"],"label":"WALSGRAVE HEALTH CENTRE"},"geometry":{"type":"Polygon","coordinates":[[[-1.46118,52.41603],[-1.45294,52.42043],[-1.45294,52.42294],[-1.45294,52.42713],[-1.45432,52.43111],[-1.44505,52.43278],[-1.43818,52.4332],[-1.42994,52.43341],[-1.42307,52.43111],[-1.42204,52.42629],[-1.42754,52.42231],[-1.43063,52.41834],[-1.43269,52.41436],[-1.43337,52.40996],[-1.43715,52.40577],[-1.43372,52.39991],[-1.42479,52.39676],[-1.41174,52.39299],[-1.41243,52.38985],[-1.41724,52.38838],[-1.42548,52.38671],[-1.43406,52.38817],[-1.44539,52.39194],[-1.45432,52.39634],[-1.45844,52.40053],[-1.45981,52.40368],[-1.46015,52.40766],[-1.45981,52.41111],[-1.45947,52.41289],[-1.46118,52.41603]]]}},{"type":"Feature","properties":{"source_code":"M86009","codes":["M86009"],"label":"ENGLETON HOUSE SURGERY"},"geometry":{"type":"MultiPolygon","coordinates":[[[[-1.53179,52.41388],[-1.53176,52.4139],[-1.53175,52.4139],[-1.53179,52.41388]]],[[[-1.53192,52.41394],[-1.53189,52.41392],[-1.53179,52.41388],[-1.53195,52.41394],[-1.532,52.41396],[-1.53192,52.41394]]],[[[-1.53348,52.4145],[-1.53262,52.4142],[-1.53259,52.41419],[-1.53245,52.41414],[-1.53217,52.41405],[-1.532,52.41396],[-1.53386,52.41462],[-1.5339,52.41464],[-1.53356,52.41452],[-1.53348,52.4145]]],[[[-1.53386,52.41462],[-1.53381,52.41459],[-1.53397,52.41466],[-1.53386,52.41462]]],[[[-1.53397,52.41466],[-1.53406,52.41469],[-1.53445,52.41483],[-1.5344,52.41482],[-1.53427,52.41478],[-1.53411,52.41472],[-1.53397,52.41466]]],[[[-1.53452,52.41486],[-1.53448,52.41484],[-1.53453,52.41486],[-1.53452,52.41486]]],[[[-1.53459,52.41489],[-1.53453,52.41486],[-1.53456,52.41487],[-1.53461,52.41489],[-1.53459,52.41489]]],[[[-1.53445,52.41483],[-1.53452,52.41486],[-1.53457,52.41488],[-1.53459,52.41489],[-1.53463,52.4149],[-1.53445,52.41483]]],[[[-1.53175,52.4139],[-1.5315,52.41408],[-1.53104,52.4144],[-1.531,52.41443],[-1.5309,52.41448],[-1.53074,52.41462],[-1.53057,52.41474],[-1.53019,52.41497],[-1.53016,52.41499],[-1.53045,52.41475],[-1.53145,52.41403],[-1.53175,52.4139]]],[[[-1.53461,52.41489],[-1.53482,52.41496],[-1.53497,52.41503],[-1.53477,52.41496],[-1.53473,52.41494],[-1.53471,52.41493],[-1.53465,52.41491],[-1.53461,52.41489]]],[[[-1.53497,52.41503],[-1.53501,52.41504],[-1.53497,52.41503],[-1.53497,52.41503]]],[[[-1.53501,52.41504],[-1.53505,52.41506],[-1.53505,52.41506],[-1.53501,52.41504]]],[[[-1.53505,52.41506],[-1.53529,52.41515],[-1.53542,52.4152],[-1.53535,52.41518],[-1.53506,52.41507],[-1.53505,52.41506]]],[[[-1.53573,52.4153],[-1.53571,52.41529],[-1.53573,52.4153],[-1.53573,52.4153]]],[[[-1.53542,52.4152],[-1.53573,52.4153],[-1.53574,52.4153],[-1.53559,52.41526],[-1.53552,52.41524],[-1.53542,52.4152]]],[[[-1.53573,52.4153],[-1.53586,52.41534],[-1.53604,52.41542],[-1.53598,52.4154],[-1.53576,52.41531],[-1.53574,52.4153],[-1.53573,52.4153]]],[[[-1.53016,52.41499],[-1.53005,52.41508],[-1.52954,52.4154],[-1.52942,52.41546],[-1.52982,52.41521],[-1.53016,52.41499]]],[[[-1.53604,52.41542],[-1.5362,52.41549],[-1.53632,52.41553],[-1.53623,52.41551],[-1.53619,52.41549],[-1.53604,52.41542]]],[[[-1.53658,52.41562],[-1.53632,52.41553],[-1.53683,52.41564],[-1.53684,52.41565],[-1.53658,52.41562]]],[[[-1.53745,52.41595],[-1.53687,52.41572],[-1.53684,52.41565],[-1.53689,52.41566],[-1.5371,52.41581],[-1.53768,52.41601],[-1.53782,52.41607],[-1.53762,52.416],[-1.53745,52.41595]]],[[[-1.53785,52.41608],[-1.53782,52.41607],[-1.53789,52.41609],[-1.53785,52.41608]]],[[[-1.52284,52.41355],[-1.52283,52.41354],[-1.52293,52.41349],[-1.52331,52.4139],[-1.5236,52.41415],[-1.52392,52.4146],[-1.52403,52.41478],[-1.52441,52.41511],[-1.52493,52.41562],[-1.52539,52.41615],[-1.52534,52.41611],[-1.52503,52.41581],[-1.52457,52.41542],[-1.52427,52.4151],[-1.52399,52.41475],[-1.52375,52.41447],[-1.52349,52.41419],[-1.52328,52.4139],[-1.52313,52.41373],[-1.52294,52.41351],[-1.52284,52.41355]]],[[[-1.53804,52.41615],[-1.53794,52.41611],[-1.53789,52.41609],[-1.5383,52.41621],[-1.53804,52.41615]]],[[[-1.53861,52.41628],[-1.53853,52.41624],[-1.53867,52.41629],[-1.53861,52.41628]]],[[[-1.53855,52.41628],[-1.53851,52.41626],[-1.53836,52.41623],[-1.5383,52.41621],[-1.5386,52.41628],[-1.53861,52.41628],[-1.53871,52.41633],[-1.53855,52.41628]]],[[[-1.53867,52.41629],[-1.53881,52.4163],[-1.53891,52.41637],[-1.53867,52.41629]]],[[[-1.52549,52.41625],[-1.52547,52.41624],[-1.52539,52.41615],[-1.52561,52.41632],[-1.52549,52.41625]]],[[[-1.52942,52.41546],[-1.52915,52.41563],[-1.52898,52.41572],[-1.52883,52.4158],[-1.52879,52.41582],[-1.52865,52.4159],[-1.52837,52.41609],[-1.52798,52.41632],[-1.52778,52.41647],[-1.52761,52.41658],[-1.52807,52.41625],[-1.52896,52.41569],[-1.52942,52.41546]]],[[[-1.52761,52.41658],[-1.52752,52.41664],[-1.52749,52.41665],[-1.52761,52.41658]]],[[[-1.52283,52.41354],[-1.52263,52.41364],[-1.52249,52.41369],[-1.52233,52.41379],[-1.52119,52.41447],[-1.52073,52.41471],[-1.52062,52.41476],[-1.52053,52.41481],[-1.52051,52.41482],[-1.52013,52.41503],[-1.51995,52.41513],[-1.51994,52.41514],[-1.51968,52.41528],[-1.5194,52.41546],[-1.51916,52.4156],[-1.51862,52.41593],[-1.51729,52.41662],[-1.51726,52.41664],[-1.51767,52.41635],[-1.52109,52.41449],[-1.5228,52.41351],[-1.52283,52.41354]]],[[[-1.51726,52.41664],[-1.51726,52.41664],[-1.51711,52.41672],[-1.51712,52.41671],[-1.51726,52.41664]]],[[[-1.52647,52.41686],[-1.52638,52.4168],[-1.52606,52.41661],[-1.52569,52.41638],[-1.52561,52.41632],[-1.52631,52.41669],[-1.52684,52.41693],[-1.52749,52.41665],[-1.52737,52.41673],[-1.52718,52.41683],[-1.52682,52.41707],[-1.52647,52.41686]]],[[[-1.51711,52.41672],[-1.51652,52.41713],[-1.51649,52.41715],[-1.51697,52.41679],[-1.51711,52.41672]]],[[[-1.51649,52.41715],[-1.51599,52.41752],[-1.5162,52.41732],[-1.51649,52.41715]]],[[[-1.51599,52.41752],[-1.51598,52.41753],[-1.51596,52.41754],[-1.51599,52.41752]]],[[[-1.51089,52.42364],[-1.51081,52.42377],[-1.51069,52.42395],[-1.51089,52.42364]]],[[[-1.51069,52.42395],[-1.50849,52.42747],[-1.50856,52.42735],[-1.50892,52.42675],[-1.50923,52.42628],[-1.50972,52.42549],[-1.51006,52.42493],[-1.51069,52.42395]]],[[[-1.50849,52.42747],[-1.50829,52.4278],[-1.50781,52.42858],[-1.50772,52.4287],[-1.50849,52.42747]]],[[[-1.50772,52.4287],[-1.5063,52.43096],[-1.50644,52.43071],[-1.50682,52.43011],[-1.50712,52.42961],[-1.50766,52.42878],[-1.50772,52.4287]]],[[[-1.5063,52.43096],[-1.5062,52.43115],[-1.50518,52.43278],[-1.50508,52.43291],[-1.5063,52.43096]]],[[[-1.51256,52.42097],[-1.51089,52.42364],[-1.51124,52.42305],[-1.51182,52.42212],[-1.51223,52.42133],[-1.51244,52.42111],[-1.51274,52.42064],[-1.51313,52.42019],[-1.51362,52.41966],[-1.51438,52.41882],[-1.51504,52.41823],[-1.51543,52.4179],[-1.51596,52.41754],[-1.51567,52.41776],[-1.51726,52.41664],[-1.51729,52.41662],[-1.51781,52.41636],[-1.51843,52.41605],[-1.51862,52.41593],[-1.51878,52.41585],[-1.5194,52.41546],[-1.51994,52.41514],[-1.52013,52.41503],[-1.52053,52.41481],[-1.52073,52.41471],[-1.52124,52.41446],[-1.52208,52.41395],[-1.52233,52.41379],[-1.52245,52.41372],[-1.52263,52.41364],[-1.52284,52.41355],[-1.52413,52.41506],[-1.52547,52.41624],[-1.52548,52.41625],[-1.52549,52.41625],[-1.52563,52.41638],[-1.52647,52.41686],[-1.52658,52.41694],[-1.52682,52.41707],[-1.52682,52.41707],[-1.52683,52.41707],[-1.52737,52.41673],[-1.52759,52.41661],[-1.52778,52.41647],[-1.52792,52.41638],[-1.52837,52.41609],[-1.52841,52.41606],[-1.52879,52.41582],[-1.52898,52.41572],[-1.52912,52.41565],[-1.52915,52.41563],[-1.52982,52.41527],[-1.53005,52.41508],[-1.53048,52.41481],[-1.53057,52.41474],[-1.53066,52.41469],[-1.53074,52.41462],[-1.531,52.41443],[-1.53114,52.41436],[-1.53124,52.41427],[-1.53151,52.41408],[-1.53176,52.4139],[-1.53179,52.41389],[-1.53192,52.41394],[-1.53204,52.414],[-1.53217,52.41405],[-1.53218,52.41405],[-1.53227,52.41409],[-1.53241,52.41413],[-1.53245,52.41414],[-1.53262,52.4142],[-1.5328,52.41428],[-1.53297,52.41433],[-1.53306,52.41437],[-1.53332,52.41447],[-1.53348,52.4145],[-1.53466,52.41491],[-1.53467,52.41492],[-1.53477,52.41496],[-1.53496,52.41504],[-1.53509,52.41509],[-1.53515,52.41513],[-1.53522,52.41515],[-1.53531,52.41519],[-1.53543,52.41522],[-1.5356,52.41529],[-1.53577,52.41534],[-1.5358,52.41535],[-1.53639,52.41559],[-1.53684,52.41572],[-1.53643,52.4156],[-1.53658,52.41562],[-1.53683,52.4157],[-1.53687,52.41572],[-1.53688,52.41573],[-1.53717,52.41587],[-1.5374,52.41594],[-1.53745,52.41595],[-1.53754,52.41599],[-1.53781,52.41607],[-1.53785,52.41608],[-1.53799,52.41614],[-1.53804,52.41615],[-1.53811,52.41618],[-1.53834,52.41625],[-1.53818,52.41619],[-1.53836,52.41623],[-1.53855,52.41628],[-1.53861,52.41632],[-1.53871,52.41633],[-1.53871,52.41633],[-1.53906,52.41643],[-1.53951,52.41652],[-1.54009,52.4167],[-1.54069,52.41686],[-1.54141,52.41703],[-1.54281,52.41737],[-1.54506,52.4179],[-1.54783,52.41856],[-1.55086,52.41938],[-1.55266,52.42],[-1.55462,52.4207],[-1.55497,52.42097],[-1.55488,52.42136],[-1.55407,52.42218],[-1.5532,52.42309],[-1.55342,52.42313],[-1.55404,52.42324],[-1.55514,52.42352],[-1.5557,52.42368],[-1.5562,52.42388],[-1.55655,52.42397],[-1.55713,52.42406],[-1.55772,52.42418],[-1.55912,52.42469],[-1.5599,52.42506],[-1.5606,52.42548],[-1.56115,52.42578],[-1.56164,52.42616],[-1.56257,52.4269],[-1.56309,52.42726],[-1.56351,52.42766],[-1.56387,52.42805],[-1.56438,52.42837],[-1.56561,52.42904],[-1.56633,52.42959],[-1.56697,52.42998],[-1.56809,52.43073],[-1.56845,52.43092],[-1.5686,52.43115],[-1.5671,52.43232],[-1.56516,52.43349],[-1.56372,52.43448],[-1.56086,52.43635],[-1.55921,52.43731],[-1.55764,52.43841],[-1.55696,52.43877],[-1.55634,52.43923],[-1.55577,52.44017],[-1.55538,52.44105],[-1.5548,52.4416],[-1.55278,52.44138],[-1.55093,52.44109],[-1.5502,52.44052],[-1.54942,52.43984],[-1.54758,52.43933],[-1.54656,52.43905],[-1.54564,52.43876],[-1.5437,52.43809],[-1.54117,52.43689],[-1.53996,52.43649],[-1.53956,52.43667],[-1.53838,52.43706],[-1.53652,52.43763],[-1.53435,52.43825],[-1.53487,52.43862],[-1.53534,52.43898],[-1.53659,52.43992],[-1.53747,52.44059],[-1.53823,52.44113],[-1.53971,52.44225],[-1.54051,52.44289],[-1.54086,52.44315],[-1.54068,52.44322],[-1.54007,52.44341],[-1.5392,52.44343],[-1.53825,52.44348],[-1.53732,52.44352],[-1.53658,52.44345],[-1.53602,52.44334],[-1.53542,52.44327],[-1.53448,52.44314],[-1.53351,52.44305],[-1.53295,52.44302],[-1.53245,52.443],[-1.53199,52.44297],[-1.53177,52.44287],[-1.53174,52.44261],[-1.53161,52.44263],[-1.53126,52.44266],[-1.53077,52.44266],[-1.53036,52.44261],[-1.53,52.44255],[-1.52977,52.44251],[-1.5294,52.44248],[-1.52913,52.44241],[-1.52891,52.44235],[-1.52863,52.44234],[-1.52835,52.4423],[-1.52789,52.44223],[-1.52737,52.44218],[-1.52688,52.44226],[-1.52641,52.44226],[-1.526,52.4423],[-1.52569,52.44229],[-1.52528,52.44228],[-1.52496,52.44236],[-1.52484,52.44246],[-1.52467,52.44247],[-1.52437,52.44252],[-1.52404,52.44254],[-1.52368,52.44255],[-1.52341,52.44255],[-1.52298,52.44246],[-1.52255,52.44244],[-1.52243,52.44255],[-1.52238,52.44267],[-1.52225,52.44278],[-1.52206,52.4429],[-1.52179,52.44294],[-1.52137,52.44288],[-1.52102,52.44286],[-1.5208,52.44285],[-1.5205,52.44283],[-1.52014,52.44283],[-1.51969,52.44286],[-1.51925,52.44286],[-1.5189,52.44287],[-1.51847,52.4429],[-1.51812,52.44291],[-1.51779,52.44291],[-1.51746,52.44291],[-1.51699,52.44288],[-1.5165,52.44287],[-1.516,52.4429],[-1.51556,52.44287],[-1.51498,52.44287],[-1.51442,52.44287],[-1.5138,52.44287],[-1.51322,52.44285],[-1.51271,52.44289],[-1.51212,52.44286],[-1.51152,52.44284],[-1.5109,52.44284],[-1.51028,52.44279],[-1.50977,52.44281],[-1.50916,52.44275],[-1.50812,52.44266],[-1.50769,52.44259],[-1.5071,52.44249],[-1.50639,52.44242],[-1.50553,52.44229],[-1.50506,52.44219],[-1.50422,52.44206],[-1.5036,52.44198],[-1.50247,52.44174],[-1.50108,52.44158],[-1.49993,52.44174],[-1.49949,52.44176],[-1.49899,52.44176],[-1.49986,52.44044],[-1.50141,52.43811],[-1.50307,52.43569],[-1.50511,52.43289],[-1.50518,52.43278],[-1.50534,52.43257],[-1.50558,52.43217],[-1.50601,52.43149],[-1.5062,52.43115],[-1.50781,52.42858],[-1.50802,52.42828],[-1.50828,52.42782],[-1.50829,52.4278],[-1.51256,52.42097]]],[[[-1.53414,52.41473],[-1.53391,52.41465],[-1.5339,52.41464],[-1.53411,52.41472],[-1.53414,52.41473]]],[[[-1.53414,52.41473],[-1.53423,52.41476],[-1.53416,52.41474],[-1.53414,52.41473]]],[[[-1.53423,52.41476],[-1.53427,52.41478],[-1.53439,52.41482],[-1.53423,52.41476]]],[[[-1.53466,52.41492],[-1.53466,52.41491],[-1.53463,52.4149],[-1.53465,52.41491],[-1.53466,52.41492]]],[[[-1.53466,52.41492],[-1.53471,52.41493],[-1.53477,52.41496],[-1.53484,52.41498],[-1.53467,52.41492],[-1.53466,52.41492]]],[[[-1.53484,52.41498],[-1.53497,52.41503],[-1.535,52.41504],[-1.53484,52.41498]]],[[[-1.535,52.41504],[-1.53506,52.41507],[-1.53508,52.41508],[-1.535,52.41504]]],[[[-1.53508,52.41508],[-1.53509,52.41509],[-1.53509,52.41509],[-1.53508,52.41508]]],[[[-1.53509,52.41509],[-1.53521,52.41513],[-1.5353,52.41517],[-1.53522,52.41515],[-1.53509,52.41509]]],[[[-1.5353,52.41517],[-1.53535,52.41518],[-1.53535,52.41518],[-1.5355,52.41524],[-1.53543,52.41522],[-1.53533,52.41518],[-1.5353,52.41517]]],[[[-1.5355,52.41524],[-1.53552,52.41524],[-1.53578,52.41535],[-1.53577,52.41534],[-1.5355,52.41524]]],[[[-1.53578,52.41535],[-1.53589,52.41538],[-1.53574,52.4153],[-1.53574,52.4153],[-1.53596,52.41541],[-1.53619,52.41549],[-1.5362,52.4155],[-1.5363,52.41555],[-1.5358,52.41535],[-1.53578,52.41535]]],[[[-1.5363,52.41555],[-1.53641,52.41559],[-1.53643,52.4156],[-1.53639,52.41559],[-1.5363,52.41555]]]]}},{"type":"Feature","properties":{"source_code":"M89608","codes":["M89608"],"label":"HAMPTON SURGERY"},"geometry":{"type":"Polygon","coordinates":[[[-1.70872,52.44304],[-1.661,52.44304],[-1.59782,52.38482],[-1.68314,52.37015],[-1.71054,52.37539],[-1.76132,52.369],[-1.77212,52.38487],[-1.73245,52.39278],[-1.75773,52.41624],[-1.75443,52.42409],[-1.75251,52.42901],[-1.74043,52.43906],[-1.70872,52.44304]]]}},{"type":"Feature","properties":{"source_code":"M86039","codes":["M86039"],"label":"ALLESLEY VILLAGE SURGERY"},"geometry":{"type":"MultiPolygon","coordinates":[[[[-1.595,52.41793],[-1.59504,52.41781],[-1.5951,52.41788],[-1.595,52.41793]]],[[[-1.595,52.41793],[-1.59487,52.41837],[-1.59459,52.41839],[-1.59465,52.41818],[-1.59415,52.41843],[-1.59394,52.41844],[-1.595,52.41793]]],[[[-1.58936,52.43644],[-1.59487,52.41837],[-1.59503,52.41836],[-1.58943,52.43649],[-1.58936,52.43644]]],[[[-1.58938,52.43665],[-1.58943,52.43649],[-1.59044,52.43717],[-1.58938,52.43665]]],[[[-1.58296,52.45742],[-1.58296,52.45742],[-1.5828,52.45795],[-1.58296,52.45742]]],[[[-1.58296,52.45742],[-1.5835,52.45568],[-1.5835,52.45565],[-1.58296,52.45742],[-1.54513,52.44236],[-1.54617,52.44184],[-1.54598,52.44225],[-1.57334,52.42872],[-1.58407,52.43402],[-1.5841,52.43299],[-1.57351,52.42864],[-1.57334,52.42872],[-1.57298,52.42854],[-1.57312,52.42848],[-1.57149,52.42781],[-1.57298,52.42854],[-1.56631,52.43176],[-1.54617,52.44184],[-1.55569,52.42131],[-1.5556,52.42127],[-1.55572,52.42126],[-1.55619,52.42024],[-1.55778,52.42103],[-1.57039,52.41961],[-1.57019,52.41957],[-1.57358,52.41616],[-1.58316,52.41746],[-1.58319,52.41745],[-1.58324,52.41745],[-1.58323,52.41739],[-1.58285,52.41734],[-1.58323,52.41738],[-1.58323,52.41734],[-1.5835,52.41738],[-1.58353,52.41711],[-1.5889,52.41781],[-1.58888,52.41787],[-1.5892,52.41789],[-1.59238,52.41856],[-1.59394,52.41844],[-1.5933,52.41875],[-1.59344,52.41878],[-1.59415,52.41843],[-1.59459,52.41839],[-1.58983,52.43462],[-1.58936,52.43644],[-1.58936,52.43644],[-1.58933,52.43655],[-1.58931,52.43661],[-1.58938,52.43665],[-1.5889,52.4382],[-1.5834,52.45957],[-1.58349,52.45619],[-1.58311,52.45748],[-1.58296,52.45742]]],[[[-1.59327,52.41886],[-1.59332,52.41884],[-1.59311,52.41886],[-1.59327,52.41886]]],[[[-1.58264,52.41879],[-1.58677,52.41874],[-1.58434,52.41862],[-1.58264,52.41879]]],[[[-1.58907,52.41813],[-1.58878,52.41813],[-1.58878,52.41813],[-1.58891,52.41815],[-1.58907,52.41813]]],[[[-1.5889,52.41802],[-1.58882,52.41801],[-1.58882,52.41802],[-1.5889,52.41802]]]]}},{"type":"Feature","properties":{"source_code":"M86028","codes":["M86028"],"label":"CENTRAL MEDICAL CENTRE"},"geometry":{"type":"Polygon","coordinates":[[[-1.43475,52.43927],[-1.43255,52.434],[-1.43234,52.43487],[-1.43166,52.43188],[-1.42994,52.42776],[-1.43054,52.42693],[-1.42942,52.422],[-1.43612,52.4108],[-1.44882,52.40095],[-1.45869,52.39687],[-1.46959,52.39425],[-1.48032,52.39215],[-1.48968,52.39153],[-1.50478,52.39184],[-1.52092,52.39446],[-1.53568,52.40085],[-1.54289,52.40766],[-1.55216,52.4175],[-1.55388,52.42608],[-1.55182,52.43603],[-1.54358,52.44597],[-1.53654,52.44973],[-1.52504,52.45454],[-1.5041,52.45768],[-1.49105,52.45862],[-1.47491,52.45789],[-1.46496,52.45528],[-1.45813,52.452],[-1.45535,52.45141],[-1.44956,52.448],[-1.4423,52.44461],[-1.43956,52.44211],[-1.43475,52.43927]]]}},{"type":"Feature","properties":{"source_code":"M85693","codes":["M85693"],"label":"FEATHERSTONE MEDICAL CENTRE"},"geometry":{"type":"Polygon","coordinates":[[[-1.89591,52.4485],[-1.88786,52.44665],[-1.88049,52.4451],[-1.86772,52.44317],[-1.86484,52.43443],[-1.85356,52.42213],[-1.8584,52.41436],[-1.87868,52.40963],[-1.89288,52.40859],[-1.90186,52.40647],[-1.91016,52.40697],[-1.92518,52.41509],[-1.91789,52.43773],[-1.91806,52.44178],[-1.91892,52.44474],[-1.91016,52.44781],[-1.89591,52.4485]]]}},{"type":"Feature","properties":{"source_code":"M86045","codes":["M86045"],"label":"PARADISE MEDICAL CENTRE"},"geometry":{"type":"Polygon","coordinates":[[[-1.50856,52.44094],[-1.47629,52.44063],[-1.46839,52.42441],[-1.49174,52.41331],[-1.52367,52.41792],[-1.52622,52.43224],[-1.51852,52.43173],[-1.52624,52.43236],[-1.52622,52.43224],[-1.52658,52.43226],[-1.50856,52.44094]]]}},{"type":"Feature","properties":{"source_code":"M85062","codes":["M85062"],"label":"SHENLEY GREEN SURGERY"},"geometry":{"type":"Polygon","coordinates":[[[-1.96196,52.43794],[-1.95814,52.43822],[-1.95364,52.43828],[-1.95067,52.43736],[-1.94836,52.43637],[-1.94561,52.4354],[-1.94428,52.43317],[-1.94411,52.43116],[-1.94531,52.42816],[-1.94424,52.42702],[-1.94527,52.42621],[-1.94746,52.4254],[-1.9522,52.42373],[-1.95285,52.42335],[-1.95375,52.42307],[-1.95384,52.4222],[-1.95471,52.4215],[-1.95582,52.42127],[-1.95741,52.42114],[-1.95945,52.42094],[-1.96108,52.42082],[-1.96917,52.41752],[-1.96973,52.41759],[-1.96985,52.41768],[-1.97005,52.41771],[-1.97024,52.41779],[-1.97074,52.41801],[-1.97162,52.41843],[-1.97217,52.41876],[-1.97329,52.41934],[-1.97505,52.4204],[-1.97588,52.42112],[-1.97717,52.42217],[-1.97801,52.42313],[-1.9784,52.42349],[-1.97909,52.42355],[-1.97971,52.42391],[-1.98025,52.42445],[-1.98198,52.42498],[-1.98569,52.42545],[-1.98563,52.42678],[-1.98547,52.42733],[-1.98634,52.42836],[-1.98588,52.42978],[-1.98567,52.43146],[-1.98621,52.4333],[-1.9811,52.43404],[-1.97936,52.43414],[-1.97784,52.43534],[-1.97633,52.43508],[-1.97473,52.43554],[-1.9729,52.43621],[-1.96715,52.43652],[-1.96196,52.43794]]]}},{"type":"Feature","properties":{"source_code":"M85037","codes":["M85037"],"label":"KINGSFIELD MEDICAL CENTRE"},"geometry":{"type":"Polygon","coordinates":[[[-1.88799,52.41458],[-1.88785,52.41318],[-1.8993,52.40933],[-1.893,52.41192],[-1.88819,52.41344],[-1.88812,52.41452],[-1.89995,52.40933],[-1.91703,52.42022],[-1.91368,52.42226],[-1.9047,52.42585],[-1.90664,52.42781],[-1.89815,52.43105],[-1.90269,52.43529],[-1.89274,52.43995],[-1.88501,52.43362],[-1.87643,52.43105],[-1.88244,52.42891],[-1.88286,52.42597],[-1.87729,52.42043],[-1.8778,52.4186],[-1.88707,52.41498],[-1.88799,52.41458]]]}},{"type":"Feature","properties":{"source_code":"M86035","codes":["M86035"],"label":"HENLEY GREEN MEDICAL CENTRE"},"geometry":{"type":"Polygon","coordinates":[[[-1.45157,52.44387],[-1.41312,52.43718],[-1.44436,52.40305],[-1.49483,52.42524],[-1.45157,52.44387]]]}},{"type":"Feature","properties":{"source_code":"Y04965","codes":["Y04965"],"label":"ALLIANCE TEACHING PRACTICES"},"geometry":{"type":"Polygon","coordinates":[[[-1.512,52.43425],[-1.51371,52.43467],[-1.51925,52.43525],[-1.50839,52.43464],[-1.49828,52.44167],[-1.49345,52.44247],[-1.49105,52.44288],[-1.48981,52.44253],[-1.49551,52.44053],[-1.4938,52.44094],[-1.49431,52.43519],[-1.4926,52.43294],[-1.49395,52.43205],[-1.49264,52.43053],[-1.48963,52.42815],[-1.49446,52.42509],[-1.49586,52.42566],[-1.50312,52.42609],[-1.512,52.43425]]]}},{"type":"Feature","properties":{"source_code":"M85029","codes":["M85029"],"label":"COLLEGE GREEN MEDICAL PRACTICE"},"geometry":{"type":"Polygon","coordinates":[[[-1.92741,52.43838],[-1.92549,52.43753],[-1.92462,52.43713],[-1.92379,52.43662],[-1.92296,52.43608],[-1.92225,52.43552],[-1.92042,52.43452],[-1.91965,52.43353],[-1.9193,52.43296],[-1.91924,52.43271],[-1.9193,52.43255],[-1.9193,52.4317],[-1.91811,52.43135],[-1.91575,52.43105],[-1.91262,52.43057],[-1.91079,52.43022],[-1.90899,52.42982],[-1.91005,52.42793],[-1.91053,52.42712],[-1.91073,52.42679],[-1.91077,52.42666],[-1.91073,52.42654],[-1.91061,52.42638],[-1.91037,52.42624],[-1.911,52.42558],[-1.91176,52.4249],[-1.91232,52.42421],[-1.91332,52.42379],[-1.91435,52.42333],[-1.91437,52.42272],[-1.91519,52.42243],[-1.91672,52.42137],[-1.91889,52.42031],[-1.92078,52.42007],[-1.92051,52.41942],[-1.92046,52.41874],[-1.91765,52.41917],[-1.91745,52.41817],[-1.91767,52.41712],[-1.91743,52.41645],[-1.91755,52.41598],[-1.91651,52.41562],[-1.91585,52.41553],[-1.91487,52.4156],[-1.91459,52.41602],[-1.91428,52.41629],[-1.91394,52.41645],[-1.91385,52.41642],[-1.914,52.41631],[-1.91419,52.41623],[-1.91448,52.41599],[-1.91465,52.41578],[-1.91477,52.41553],[-1.91452,52.41551],[-1.91427,52.41546],[-1.91425,52.41543],[-1.91466,52.41548],[-1.91504,52.41551],[-1.9155,52.41543],[-1.91597,52.41537],[-1.9164,52.41542],[-1.91693,52.41569],[-1.91721,52.41581],[-1.91735,52.41587],[-1.91745,52.41584],[-1.91764,52.41582],[-1.91778,52.41575],[-1.91804,52.41558],[-1.91844,52.41538],[-1.91869,52.41535],[-1.91848,52.41519],[-1.9179,52.41496],[-1.91795,52.41492],[-1.91851,52.41514],[-1.91869,52.41482],[-1.91874,52.4148],[-1.91878,52.41482],[-1.91856,52.41517],[-1.9188,52.41534],[-1.9197,52.41527],[-1.91953,52.41472],[-1.91945,52.41414],[-1.91915,52.41225],[-1.915,52.41318],[-1.91325,52.41357],[-1.91318,52.41366],[-1.91307,52.41379],[-1.91296,52.41392],[-1.91331,52.41412],[-1.91352,52.41429],[-1.91342,52.41432],[-1.91318,52.41414],[-1.91289,52.41392],[-1.91278,52.41403],[-1.91263,52.4141],[-1.9129,52.41436],[-1.91314,52.41461],[-1.91326,52.41471],[-1.91318,52.41474],[-1.91314,52.41469],[-1.91304,52.41459],[-1.91292,52.41446],[-1.91287,52.41442],[-1.91278,52.41433],[-1.91255,52.41409],[-1.91239,52.41408],[-1.91222,52.41405],[-1.91187,52.41395],[-1.9112,52.41376],[-1.90999,52.41343],[-1.90998,52.41319],[-1.9101,52.41301],[-1.91032,52.41274],[-1.9099,52.41246],[-1.90975,52.4123],[-1.90962,52.41215],[-1.90942,52.41183],[-1.90934,52.41172],[-1.90931,52.4116],[-1.90937,52.4115],[-1.90948,52.41141],[-1.91042,52.41116],[-1.91098,52.41103],[-1.91151,52.41091],[-1.91121,52.41048],[-1.91101,52.41016],[-1.9106,52.41022],[-1.91024,52.41024],[-1.91017,52.41016],[-1.91008,52.4099],[-1.91143,52.40991],[-1.91206,52.40984],[-1.91265,52.40968],[-1.91509,52.40873],[-1.91618,52.40838],[-1.9163,52.40802],[-1.91619,52.40704],[-1.91562,52.40686],[-1.91553,52.40671],[-1.91593,52.40649],[-1.91628,52.40562],[-1.91644,52.40383],[-1.91677,52.40318],[-1.91728,52.40253],[-1.91796,52.4018],[-1.91864,52.40113],[-1.91941,52.40071],[-1.91988,52.4001],[-1.92305,52.3994],[-1.92488,52.39948],[-1.92487,52.39988],[-1.9243,52.39998],[-1.9245,52.40069],[-1.92449,52.40142],[-1.92542,52.40194],[-1.9264,52.40145],[-1.92732,52.402],[-1.92788,52.40158],[-1.92824,52.40159],[-1.9286,52.40179],[-1.92914,52.40223],[-1.92915,52.40272],[-1.92859,52.40324],[-1.92907,52.40336],[-1.92937,52.40347],[-1.92974,52.40352],[-1.93019,52.40339],[-1.93064,52.40355],[-1.93089,52.40388],[-1.93153,52.40421],[-1.93416,52.4025],[-1.93544,52.40169],[-1.93576,52.40152],[-1.93586,52.40122],[-1.93655,52.40078],[-1.9377,52.40001],[-1.9388,52.39925],[-1.94118,52.398],[-1.94267,52.3978],[-1.94357,52.3977],[-1.94446,52.39768],[-1.9471,52.39733],[-1.9492,52.3967],[-1.9513,52.39559],[-1.9528,52.3941],[-1.95776,52.38898],[-1.9596,52.3891],[-1.95973,52.39053],[-1.96063,52.392],[-1.96123,52.39496],[-1.9615,52.39673],[-1.9616,52.39874],[-1.96158,52.39922],[-1.96166,52.39987],[-1.9618,52.40094],[-1.96173,52.40187],[-1.96235,52.40264],[-1.96302,52.40369],[-1.96402,52.40507],[-1.96351,52.40612],[-1.96403,52.40704],[-1.96384,52.40803],[-1.96441,52.40797],[-1.96664,52.40725],[-1.96757,52.40718],[-1.96777,52.40772],[-1.96857,52.40831],[-1.97009,52.40918],[-1.9711,52.40879],[-1.9722,52.40872],[-1.97381,52.40957],[-1.9729,52.41107],[-1.97263,52.41264],[-1.97186,52.41398],[-1.97107,52.41488],[-1.97015,52.41597],[-1.96915,52.41674],[-1.96776,52.41754],[-1.96671,52.41797],[-1.96558,52.41871],[-1.96402,52.41957],[-1.96012,52.42204],[-1.95539,52.42496],[-1.94698,52.43334],[-1.94555,52.43471],[-1.94534,52.4357],[-1.94495,52.43608],[-1.94444,52.43635],[-1.9405,52.4388],[-1.9402,52.43881],[-1.94003,52.43868],[-1.9399,52.43812],[-1.93983,52.43742],[-1.93987,52.43683],[-1.93947,52.43684],[-1.93762,52.43653],[-1.93547,52.43632],[-1.93379,52.43504],[-1.93089,52.43616],[-1.92986,52.4366],[-1.92909,52.43725],[-1.92741,52.43838]]]}},{"type":"Feature","properties":{"source_code":"M85156","codes":["M85156"],"label":"RIVER BROOK MEDICAL CENTRE"},"geometry":{"type":"MultiPolygon","coordinates":[[[[-1.92774,52.4075],[-1.92897,52.41055],[-1.92838,52.40996],[-1.92789,52.40841],[-1.92774,52.4075]]],[[[-1.92897,52.41055],[-1.93134,52.41292],[-1.93134,52.41406],[-1.93101,52.41546],[-1.93095,52.41547],[-1.92897,52.41055]]],[[[-1.91309,52.43722],[-1.91497,52.4368],[-1.9131,52.43718],[-1.91309,52.43722],[-1.91134,52.43761],[-1.9099,52.4382],[-1.90868,52.43851],[-1.90765,52.43906],[-1.90666,52.43962],[-1.90563,52.43994],[-1.90478,52.44013],[-1.90516,52.44071],[-1.9054,52.44169],[-1.90473,52.44224],[-1.90482,52.44294],[-1.90456,52.44359],[-1.90383,52.44407],[-1.9045,52.4448],[-1.90355,52.44437],[-1.90242,52.44467],[-1.90162,52.44463],[-1.90106,52.44389],[-1.90021,52.44298],[-1.89845,52.44199],[-1.89493,52.44073],[-1.89293,52.43998],[-1.89261,52.43899],[-1.89265,52.43673],[-1.89285,52.43474],[-1.89306,52.43272],[-1.89561,52.43173],[-1.8984,52.43065],[-1.90154,52.42937],[-1.90469,52.4282],[-1.906,52.42768],[-1.90855,52.42654],[-1.9095,52.42619],[-1.91036,52.42625],[-1.91089,52.42578],[-1.91248,52.42464],[-1.91465,52.42425],[-1.91679,52.42381],[-1.91947,52.42303],[-1.92106,52.4217],[-1.92113,52.42087],[-1.9222,52.41976],[-1.92299,52.41908],[-1.92458,52.41832],[-1.92606,52.41754],[-1.92741,52.41674],[-1.92967,52.41608],[-1.93098,52.4156],[-1.93101,52.41546],[-1.93329,52.41521],[-1.93507,52.41496],[-1.93743,52.41526],[-1.93904,52.41526],[-1.94183,52.41529],[-1.94548,52.41529],[-1.94756,52.41525],[-1.94962,52.41513],[-1.95213,52.41496],[-1.95194,52.41529],[-1.95194,52.41589],[-1.95297,52.41627],[-1.95368,52.41635],[-1.95439,52.41627],[-1.9543,52.41611],[-1.95424,52.41587],[-1.95432,52.41568],[-1.95467,52.41577],[-1.95467,52.41619],[-1.95464,52.41711],[-1.95482,52.41817],[-1.95524,52.41932],[-1.95585,52.41988],[-1.95595,52.4206],[-1.95593,52.42166],[-1.95589,52.4223],[-1.95606,52.42307],[-1.95681,52.42409],[-1.95589,52.42498],[-1.95342,52.42721],[-1.95361,52.42704],[-1.94992,52.43066],[-1.94754,52.43292],[-1.9463,52.4341],[-1.94557,52.43546],[-1.94488,52.43629],[-1.94331,52.43728],[-1.94173,52.43822],[-1.94018,52.43931],[-1.94037,52.43971],[-1.9408,52.44043],[-1.94119,52.44131],[-1.9416,52.44195],[-1.94095,52.44168],[-1.93997,52.44124],[-1.93846,52.44081],[-1.93995,52.44131],[-1.94149,52.44198],[-1.94235,52.44284],[-1.94226,52.44366],[-1.94192,52.44403],[-1.94205,52.44429],[-1.94121,52.4455],[-1.94057,52.44616],[-1.9402,52.44657],[-1.93952,52.44679],[-1.93913,52.44679],[-1.93977,52.44619],[-1.93877,52.44695],[-1.93671,52.44716],[-1.93449,52.44726],[-1.93278,52.44705],[-1.9313,52.44704],[-1.92982,52.44688],[-1.92771,52.44717],[-1.92769,52.44659],[-1.92759,52.44604],[-1.92701,52.44573],[-1.92445,52.44578],[-1.92259,52.44586],[-1.9196,52.44662],[-1.91561,52.44748],[-1.91299,52.44807],[-1.91353,52.44754],[-1.91443,52.44606],[-1.91493,52.44476],[-1.91533,52.44291],[-1.91544,52.44134],[-1.91581,52.4396],[-1.91387,52.43965],[-1.91297,52.43967],[-1.91295,52.43935],[-1.91291,52.43837],[-1.91309,52.43722]]]]}},{"type":"Feature","properties":{"source_code":"M86633","codes":["M86633"],"label":"EDGWICK MEDICAL CENTRE"},"geometry":{"type":"MultiPolygon","coordinates":[[[[-1.50896,52.44278],[-1.50901,52.44279],[-1.50904,52.44273],[-1.50906,52.44284],[-1.50896,52.44281],[-1.50896,52.44278]]],[[[-1.50472,52.44211],[-1.50103,52.44156],[-1.50005,52.44172],[-1.49894,52.4417],[-1.49654,52.44156],[-1.49506,52.44182],[-1.49371,52.44226],[-1.49153,52.44243],[-1.48942,52.44304],[-1.48849,52.44433],[-1.48338,52.44442],[-1.48339,52.44385],[-1.48333,52.44331],[-1.48307,52.44273],[-1.48297,52.44202],[-1.48306,52.43926],[-1.48298,52.43591],[-1.4829,52.43503],[-1.4825,52.43415],[-1.48197,52.43336],[-1.48131,52.4327],[-1.48322,52.43139],[-1.48437,52.43071],[-1.48556,52.43016],[-1.48524,52.42852],[-1.48551,52.42687],[-1.48658,52.42374],[-1.48697,52.42287],[-1.48783,52.42221],[-1.48838,52.4217],[-1.48877,52.42114],[-1.48902,52.4208],[-1.48984,52.42075],[-1.49185,52.42047],[-1.49286,52.4203],[-1.49386,52.42029],[-1.4955,52.42051],[-1.49676,52.42078],[-1.4985,52.41916],[-1.50033,52.41771],[-1.50441,52.41467],[-1.50581,52.41539],[-1.50644,52.41605],[-1.50791,52.41568],[-1.50868,52.41554],[-1.50946,52.41555],[-1.50692,52.41952],[-1.50562,52.42138],[-1.50382,52.42311],[-1.50232,52.42487],[-1.50302,52.42943],[-1.50346,52.43065],[-1.50434,52.43148],[-1.50493,52.43249],[-1.5054,52.43355],[-1.50614,52.43486],[-1.50587,52.43578],[-1.50645,52.43615],[-1.50694,52.43744],[-1.50716,52.43814],[-1.50764,52.43868],[-1.50805,52.43917],[-1.50842,52.43973],[-1.50882,52.44127],[-1.50896,52.44278],[-1.50718,52.44252],[-1.50472,52.44211]]]]}},{"type":"Feature","properties":{"source_code":"M85177","codes":["M85177"],"label":"SWANSWELL MEDICAL CENTRE"},"geometry":{"type":"Polygon","coordinates":[[[-1.83429,52.44094],[-1.81755,52.44383],[-1.81583,52.4451],[-1.81468,52.44672],[-1.81317,52.44833],[-1.81017,52.45141],[-1.80897,52.46155],[-1.8088,52.4621],[-1.80457,52.46205],[-1.79687,52.45831],[-1.78667,52.45358],[-1.78235,52.4521],[-1.78318,52.44853],[-1.78388,52.44584],[-1.78391,52.44283],[-1.78047,52.43367],[-1.77588,52.42333],[-1.77616,52.41639],[-1.78468,52.41415],[-1.78767,52.41246],[-1.79204,52.41077],[-1.79623,52.40751],[-1.80077,52.40551],[-1.81278,52.40161],[-1.82376,52.40526],[-1.83233,52.41841],[-1.84391,52.42801],[-1.83429,52.44094]]]}},{"type":"Feature","properties":{"source_code":"M85117","codes":["M85117"],"label":"BARTLEY GREEN MEDICAL PRACTICE"},"geometry":{"type":"Polygon","coordinates":[[[-2.01625,52.44696],[-2.01111,52.44471],[-2.00267,52.44361],[-2.00095,52.44354],[-2.0001,52.44425],[-1.99817,52.44683],[-1.99174,52.44696],[-1.98637,52.44631],[-1.98456,52.44453],[-1.98209,52.44391],[-1.98304,52.44303],[-1.98245,52.44206],[-1.97957,52.44199],[-1.97975,52.44096],[-1.97911,52.44],[-1.97825,52.43919],[-1.97699,52.4383],[-1.97651,52.43736],[-1.9769,52.43305],[-1.97902,52.43097],[-1.98183,52.43039],[-1.98595,52.4285],[-1.98534,52.42724],[-1.98552,52.42566],[-1.98295,52.42523],[-1.98329,52.42362],[-1.98342,52.4225],[-1.9834,52.42181],[-1.98301,52.42056],[-1.98254,52.41868],[-1.98727,52.4182],[-1.98998,52.4182],[-1.99569,52.41724],[-2.003,52.42087],[-2.00614,52.42243],[-2.00852,52.42235],[-2.00868,52.42072],[-2.01125,52.42065],[-2.0125,52.42164],[-2.0146,52.42096],[-2.01868,52.41952],[-2.02453,52.41919],[-2.02745,52.41965],[-2.02934,52.42038],[-2.02348,52.42017],[-2.01878,52.42467],[-2.01762,52.42785],[-2.01876,52.43033],[-2.01955,52.43118],[-2.0181,52.43114],[-2.01664,52.43225],[-2.01673,52.43493],[-2.01674,52.43884],[-2.01735,52.4429],[-2.01625,52.44696]]]}},{"type":"Feature","properties":{"source_code":"M86020","codes":["M86020"],"label":"WOOD END HEALTH CENTRE"},"geometry":{"type":"Polygon","coordinates":[[[-1.48393,52.45857],[-1.46255,52.4489],[-1.44333,52.44084],[-1.42273,52.43718],[-1.42754,52.42336],[-1.43118,52.41666],[-1.43374,52.41323],[-1.43715,52.41017],[-1.44384,52.41153],[-1.4441,52.41339],[-1.4456,52.41605],[-1.44758,52.42224],[-1.44953,52.42191],[-1.45587,52.41894],[-1.45706,52.41827],[-1.45851,52.41772],[-1.45954,52.41729],[-1.46039,52.41694],[-1.46307,52.41826],[-1.46908,52.42036],[-1.47202,52.42156],[-1.47384,52.42344],[-1.47421,52.42476],[-1.47834,52.42498],[-1.47839,52.42699],[-1.4794,52.42863],[-1.48132,52.4295],[-1.48221,52.43003],[-1.48401,52.43099],[-1.48528,52.4303],[-1.48518,52.42794],[-1.48586,52.42568],[-1.48685,52.42032],[-1.48787,52.42027],[-1.49026,52.42076],[-1.49342,52.42032],[-1.49676,52.42077],[-1.49459,52.42481],[-1.4943,52.42537],[-1.49375,52.42588],[-1.49256,52.42663],[-1.49556,52.42706],[-1.50114,52.42636],[-1.49659,52.43219],[-1.49341,52.43678],[-1.49157,52.43975],[-1.49084,52.44081],[-1.487,52.44653],[-1.48615,52.44756],[-1.48551,52.45275],[-1.4848,52.45537],[-1.48458,52.45687],[-1.48436,52.45766],[-1.48423,52.45793],[-1.48442,52.45833],[-1.48417,52.45811],[-1.48405,52.4585],[-1.48403,52.4584],[-1.48398,52.45838],[-1.48393,52.45857]]]}},{"type":"Feature","properties":{"source_code":"M85143","codes":["M85143"],"label":"JIGGINS LANE MEDICAL CENTRE"},"geometry":{"type":"Polygon","coordinates":[[[-2.01084,52.44848],[-1.99986,52.4457],[-1.99325,52.44754],[-1.98964,52.44717],[-1.98586,52.44628],[-1.97883,52.44649],[-1.97823,52.44895],[-1.96758,52.44832],[-1.96913,52.44738],[-1.97256,52.44654],[-1.97617,52.4457],[-1.97762,52.44482],[-1.97857,52.44351],[-1.97994,52.44152],[-1.98011,52.44042],[-1.9778,52.43885],[-1.97677,52.4366],[-1.97668,52.4355],[-1.9796,52.43315],[-1.98552,52.42886],[-1.98715,52.42859],[-1.99642,52.42739],[-2.00106,52.42797],[-2.00252,52.42844],[-2.00638,52.42838],[-2.01101,52.42865],[-2.01445,52.42917],[-2.01668,52.43001],[-2.01676,52.43163],[-2.01659,52.43367],[-2.01676,52.43576],[-2.01668,52.4376],[-2.01702,52.44063],[-2.01719,52.44361],[-2.01625,52.44712],[-2.01084,52.44848]]]}},{"type":"Feature","properties":{"source_code":"Y02571","codes":["Y02571"],"label":"POPLAR PRIMARY CARE CENTRE"},"geometry":{"type":"Polygon","coordinates":[[[-1.8639,52.45036],[-1.84768,52.43396],[-1.85703,52.44408],[-1.83884,52.44618],[-1.82201,52.42838],[-1.81961,52.42483],[-1.82947,52.41446],[-1.82613,52.41059],[-1.88564,52.40415],[-1.89308,52.39446],[-1.92982,52.40389],[-1.90819,52.42797],[-1.89686,52.45036],[-1.89617,52.44754],[-1.89686,52.45057],[-1.8639,52.45036]]]}},{"type":"Feature","properties":{"source_code":"M84012","codes":["M84012"],"label":"PARK LEYS MEDICAL PRACTICE"},"geometry":{"type":"Polygon","coordinates":[[[-1.5041,52.40512],[-1.50152,52.404],[-1.50058,52.40323],[-1.50006,52.40246],[-1.49731,52.39918],[-1.4968,52.39812],[-1.49501,52.39422],[-1.49386,52.3926],[-1.49185,52.39188],[-1.49072,52.39069],[-1.49105,52.39008],[-1.4936,52.38593],[-1.50044,52.37758],[-1.51125,52.37893],[-1.5218,52.38102],[-1.53049,52.38475],[-1.54038,52.38831],[-1.5461,52.38991],[-1.54973,52.39174],[-1.55267,52.39388],[-1.55588,52.39615],[-1.55805,52.39989],[-1.55915,52.4069],[-1.5639,52.40767],[-1.56922,52.40849],[-1.57985,52.41134],[-1.58355,52.41225],[-1.58838,52.41301],[-1.59726,52.41364],[-1.60085,52.41515],[-1.60002,52.41704],[-1.59821,52.42182],[-1.59894,52.42526],[-1.59769,52.42871],[-1.6012,52.42937],[-1.59997,52.43349],[-1.60205,52.43261],[-1.6135,52.43405],[-1.6213,52.43498],[-1.63226,52.43548],[-1.63676,52.4347],[-1.64225,52.43542],[-1.64421,52.43562],[-1.64608,52.43624],[-1.65017,52.43784],[-1.65378,52.43923],[-1.65224,52.44261],[-1.65268,52.44599],[-1.64872,52.45086],[-1.64919,52.45235],[-1.65061,52.45421],[-1.65009,52.45729],[-1.65055,52.45986],[-1.65296,52.46209],[-1.65469,52.46442],[-1.65456,52.46756],[-1.65436,52.47004],[-1.65305,52.47263],[-1.65364,52.47953],[-1.65138,52.47952],[-1.64856,52.47925],[-1.64556,52.47861],[-1.64479,52.47927],[-1.64361,52.48302],[-1.64466,52.48452],[-1.64157,52.48456],[-1.63838,52.48706],[-1.64402,52.48892],[-1.64159,52.49446],[-1.64116,52.49511],[-1.63832,52.49603],[-1.63956,52.4988],[-1.6432,52.50099],[-1.64472,52.50232],[-1.64435,52.5062],[-1.64455,52.50888],[-1.64268,52.51213],[-1.64306,52.51402],[-1.64329,52.51428],[-1.64387,52.5147],[-1.64515,52.51523],[-1.64385,52.51725],[-1.63551,52.51964],[-1.63338,52.52201],[-1.63151,52.52373],[-1.62595,52.52689],[-1.62416,52.53319],[-1.62315,52.53426],[-1.62144,52.53492],[-1.6167,52.53921],[-1.60997,52.54105],[-1.60291,52.54425],[-1.59685,52.54882],[-1.59525,52.54922],[-1.58079,52.53817],[-1.58126,52.53628],[-1.57975,52.53492],[-1.58029,52.53408],[-1.57918,52.53306],[-1.57807,52.53288],[-1.57528,52.53146],[-1.57077,52.5307],[-1.56771,52.52946],[-1.56547,52.52633],[-1.55892,52.52247],[-1.55791,52.51952],[-1.55481,52.51721],[-1.55288,52.51643],[-1.5514,52.51384],[-1.54945,52.51144],[-1.54849,52.50907],[-1.54259,52.49935],[-1.53675,52.49762],[-1.53272,52.49448],[-1.52542,52.48914],[-1.51575,52.48539],[-1.5148,52.48576],[-1.50785,52.48604],[-1.49899,52.48669],[-1.49666,52.48315],[-1.49278,52.48424],[-1.49332,52.48209],[-1.49162,52.48104],[-1.48931,52.48009],[-1.48212,52.47959],[-1.47413,52.48034],[-1.46892,52.48176],[-1.46937,52.48136],[-1.46986,52.48045],[-1.47029,52.47953],[-1.46966,52.4793],[-1.46849,52.47893],[-1.46742,52.47515],[-1.46757,52.47181],[-1.46759,52.46957],[-1.46797,52.46754],[-1.47047,52.46434],[-1.47273,52.46256],[-1.46895,52.46147],[-1.4664,52.46073],[-1.46547,52.46009],[-1.46995,52.45749],[-1.4724,52.45662],[-1.47428,52.45583],[-1.47616,52.454],[-1.48002,52.44965],[-1.4824,52.44846],[-1.48573,52.44837],[-1.48747,52.44564],[-1.48946,52.44306],[-1.49311,52.4376],[-1.50144,52.42561],[-1.5065,52.4203],[-1.50886,52.41662],[-1.50961,52.41504],[-1.50925,52.41352],[-1.51062,52.41267],[-1.51277,52.41208],[-1.5168,52.41122],[-1.5192,52.40928],[-1.51968,52.40768],[-1.5192,52.40661],[-1.51659,52.4042],[-1.51472,52.40315],[-1.51163,52.40288],[-1.50898,52.40345],[-1.5041,52.40512]]]}},{"type":"Feature","properties":{"source_code":"M86021","codes":["M86021"],"label":"SPRINGFIELD MEDICAL PRACTICE"},"geometry":{"type":"Polygon","coordinates":[[[-1.5513,52.46914],[-1.54961,52.46869],[-1.54525,52.46749],[-1.54049,52.46506],[-1.53706,52.46567],[-1.53354,52.46613],[-1.53062,52.46634],[-1.53062,52.46626],[-1.53058,52.46634],[-1.52627,52.46314],[-1.5239,52.45896],[-1.52113,52.4557],[-1.51787,52.45486],[-1.5147,52.45337],[-1.51285,52.45269],[-1.51161,52.45203],[-1.51062,52.45154],[-1.50929,52.45117],[-1.5071,52.45054],[-1.50367,52.44967],[-1.50032,52.449],[-1.49854,52.44763],[-1.49744,52.44558],[-1.49763,52.44361],[-1.49919,52.44163],[-1.50272,52.43845],[-1.50434,52.4367],[-1.50621,52.43521],[-1.50493,52.43272],[-1.50338,52.43018],[-1.50244,52.42505],[-1.50441,52.42268],[-1.50668,52.42019],[-1.50834,52.41778],[-1.50944,52.41626],[-1.50994,52.41471],[-1.50975,52.41316],[-1.51086,52.41318],[-1.5166,52.41073],[-1.51804,52.40968],[-1.51904,52.40858],[-1.5201,52.40585],[-1.52161,52.40583],[-1.52329,52.40623],[-1.52957,52.40861],[-1.53225,52.40624],[-1.53691,52.4045],[-1.54225,52.4036],[-1.55272,52.40606],[-1.55937,52.40724],[-1.55916,52.4094],[-1.56212,52.41145],[-1.56778,52.41519],[-1.5707,52.42294],[-1.57285,52.42645],[-1.5759,52.42799],[-1.58365,52.42939],[-1.59527,52.43267],[-1.59615,52.43602],[-1.59361,52.44616],[-1.60128,52.45229],[-1.60483,52.45188],[-1.6077,52.45412],[-1.60863,52.45452],[-1.60896,52.45498],[-1.60487,52.45713],[-1.59575,52.45959],[-1.59372,52.46304],[-1.59873,52.46514],[-1.60187,52.46675],[-1.57798,52.46821],[-1.5513,52.46914]]]}},{"type":"Feature","properties":{"source_code":"M86638","codes":["M86638"],"label":"WOODWAY MEDICAL CENTRE"},"geometry":{"type":"Polygon","coordinates":[[[-1.42436,52.43459],[-1.42396,52.43248],[-1.42477,52.43047],[-1.4293,52.42049],[-1.43365,52.41333],[-1.43763,52.41044],[-1.44384,52.41141],[-1.44388,52.41233],[-1.444,52.4132],[-1.44501,52.41494],[-1.44661,52.41868],[-1.44981,52.42594],[-1.45419,52.43448],[-1.45556,52.4354],[-1.45698,52.43695],[-1.45771,52.44081],[-1.45423,52.44285],[-1.45183,52.44414],[-1.44509,52.44131],[-1.43279,52.43786],[-1.42978,52.43677],[-1.42892,52.43563],[-1.42634,52.4351],[-1.42436,52.43459]]]}},{"type":"Feature","properties":{"source_code":"M89005","codes":["M89005"],"label":"ST. MARGARETS MEDICAL PRACTICE"},"geometry":{"type":"MultiPolygon","coordinates":[[[[-1.71863,52.43982],[-1.71593,52.44199],[-1.71799,52.43969],[-1.71863,52.43982]]],[[[-1.80622,52.44178],[-1.80794,52.44032],[-1.80176,52.45643],[-1.71863,52.43982],[-1.7815,52.38922],[-1.79867,52.39069],[-1.83128,52.4198],[-1.80622,52.44178]]]]}},{"type":"Feature","properties":{"source_code":"M85023","codes":["M85023"],"label":"MILLENNIUM MEDICAL CENTRE"},"geometry":{"type":"Polygon","coordinates":[[[-1.96328,52.43136],[-1.9619,52.43373],[-1.96192,52.43372],[-1.962,52.43375],[-1.96346,52.43134],[-1.96346,52.43134],[-1.96328,52.43136],[-1.96728,52.42448],[-1.9673,52.42457],[-1.98831,52.42985],[-1.98836,52.43019],[-1.98838,52.42982],[-1.96729,52.42449],[-1.96764,52.42373],[-1.96788,52.42331],[-1.96815,52.42303],[-1.96831,52.42287],[-1.96812,52.42255],[-1.96856,52.42246],[-1.9694,52.42314],[-1.96991,52.42339],[-1.9706,52.42375],[-1.97113,52.42398],[-1.97168,52.42432],[-1.97221,52.42458],[-1.9724,52.42466],[-1.97299,52.42496],[-1.97311,52.42504],[-1.97411,52.42549],[-1.97449,52.42563],[-1.97489,52.42588],[-1.97514,52.4261],[-1.97537,52.4263],[-1.97569,52.42623],[-1.97613,52.42604],[-1.97659,52.42576],[-1.97696,52.42561],[-1.9772,52.42548],[-1.97758,52.42535],[-1.97775,52.42527],[-1.97887,52.42498],[-1.97935,52.42494],[-1.97956,52.42485],[-1.97979,52.42474],[-1.9802,52.42449],[-1.98099,52.42464],[-1.9812,52.42471],[-1.9817,52.42482],[-1.98227,52.42496],[-1.98295,52.42507],[-1.98389,52.42515],[-1.98522,52.4253],[-1.98599,52.42556],[-1.98574,52.42664],[-1.98566,52.4269],[-1.98567,52.42709],[-1.98585,52.42751],[-1.98605,52.42776],[-1.98624,52.42804],[-1.98668,52.42849],[-1.98696,52.42876],[-1.98725,52.429],[-1.98757,52.42923],[-1.98785,52.42938],[-1.98839,52.42972],[-1.98844,52.42977],[-1.98864,52.42991],[-1.98885,52.43007],[-1.98908,52.43019],[-1.98929,52.43034],[-1.98933,52.43038],[-1.98933,52.43037],[-1.99168,52.43181],[-1.99259,52.43241],[-1.99319,52.4326],[-1.99435,52.43287],[-1.99539,52.43315],[-1.9959,52.43325],[-1.99657,52.43356],[-1.99696,52.43391],[-1.99721,52.43434],[-1.99725,52.43455],[-1.99732,52.43492],[-1.99725,52.43528],[-1.99681,52.43539],[-1.99636,52.43565],[-1.99586,52.43598],[-1.99539,52.43623],[-1.99487,52.4366],[-1.99463,52.43703],[-1.9945,52.43753],[-1.99425,52.43822],[-1.99395,52.43856],[-1.99314,52.43888],[-1.9921,52.43936],[-1.99119,52.43998],[-1.99046,52.44043],[-1.98971,52.44094],[-1.98906,52.44134],[-1.98906,52.44162],[-1.98924,52.44194],[-1.98812,52.44221],[-1.98814,52.44222],[-1.98779,52.44236],[-1.98687,52.44267],[-1.98633,52.44278],[-1.98564,52.44306],[-1.9853,52.44317],[-1.98478,52.4433],[-1.98435,52.44346],[-1.98413,52.44355],[-1.98356,52.44361],[-1.98246,52.444],[-1.97977,52.44454],[-1.98228,52.44404],[-1.97979,52.44455],[-1.97884,52.44454],[-1.97779,52.44465],[-1.97723,52.44481],[-1.97713,52.44478],[-1.97692,52.44474],[-1.9767,52.44481],[-1.97658,52.44491],[-1.97655,52.44502],[-1.97623,52.44517],[-1.97579,52.44532],[-1.97535,52.44548],[-1.97474,52.44561],[-1.9717,52.44622],[-1.97099,52.44635],[-1.97019,52.44663],[-1.96898,52.44718],[-1.96874,52.44726],[-1.96824,52.44752],[-1.9678,52.44772],[-1.96764,52.44782],[-1.96737,52.44808],[-1.96706,52.44836],[-1.96679,52.44908],[-1.96652,52.44903],[-1.96586,52.44892],[-1.96442,52.44863],[-1.96345,52.44846],[-1.96229,52.44831],[-1.96064,52.44812],[-1.95882,52.44786],[-1.95855,52.44785],[-1.95748,52.44773],[-1.95634,52.44764],[-1.95517,52.44764],[-1.95259,52.44782],[-1.94737,52.44846],[-1.94721,52.4484],[-1.94699,52.44825],[-1.94675,52.4481],[-1.94646,52.4479],[-1.94611,52.44765],[-1.94578,52.44715],[-1.94498,52.4462],[-1.94487,52.44589],[-1.94466,52.44563],[-1.94408,52.44502],[-1.94339,52.44442],[-1.94277,52.44372],[-1.94232,52.44279],[-1.94343,52.44238],[-1.94496,52.4416],[-1.94602,52.44109],[-1.94661,52.44079],[-1.94689,52.44059],[-1.94771,52.44022],[-1.94817,52.44001],[-1.94908,52.43966],[-1.95,52.43932],[-1.95086,52.43902],[-1.95156,52.43875],[-1.95211,52.43851],[-1.95303,52.43784],[-1.95343,52.43765],[-1.95415,52.43718],[-1.95529,52.4365],[-1.95563,52.43628],[-1.95621,52.43591],[-1.95705,52.43546],[-1.95794,52.4351],[-1.95838,52.43492],[-1.95896,52.43475],[-1.95915,52.43468],[-1.95993,52.43436],[-1.96062,52.43409],[-1.96122,52.43391],[-1.96188,52.43373],[-1.96179,52.43357],[-1.96157,52.43325],[-1.96131,52.43296],[-1.9609,52.43285],[-1.96096,52.43275],[-1.96067,52.43261],[-1.96047,52.43241],[-1.96068,52.4323],[-1.96096,52.43219],[-1.96141,52.43189],[-1.96206,52.43162],[-1.96271,52.43141],[-1.96328,52.43136]],[[-1.98925,52.43045],[-1.98792,52.44207],[-1.98132,52.43995],[-1.96322,52.43414],[-1.9881,52.44221],[-1.98932,52.43044],[-1.98923,52.43045],[-1.98925,52.43045]],[[-1.96844,52.4298],[-1.96841,52.42979],[-1.96843,52.4298],[-1.96843,52.4298],[-1.96844,52.4298]],[[-1.96755,52.42939],[-1.96638,52.42885],[-1.96634,52.42891],[-1.96651,52.42901],[-1.96678,52.4291],[-1.96723,52.42932],[-1.96755,52.42939],[-1.96755,52.42939]],[[-1.96664,52.42836],[-1.96683,52.42807],[-1.96672,52.42818],[-1.96664,52.42836]],[[-1.96788,52.42642],[-1.96781,52.4262],[-1.96784,52.42648],[-1.96788,52.42642]],[[-1.9678,52.42616],[-1.96737,52.42484],[-1.96739,52.42492],[-1.9676,52.4256],[-1.9678,52.42616]]]}},{"type":"Feature","properties":{"source_code":"M85056","codes":["M85056"],"label":"WEOLEY PARK SURGERY"},"geometry":{"type":"MultiPolygon","coordinates":[[[[-1.92205,52.46756],[-1.92205,52.46757],[-1.92201,52.46756],[-1.92205,52.46756]]],[[[-1.92205,52.46757],[-1.92207,52.46758],[-1.92207,52.4676],[-1.92206,52.46762],[-1.92205,52.46762],[-1.92205,52.46757]]],[[[-1.98496,52.46061],[-1.97975,52.46086],[-1.97656,52.46064],[-1.97471,52.46148],[-1.97034,52.46286],[-1.96606,52.46448],[-1.96043,52.46572],[-1.95884,52.46597],[-1.95729,52.46613],[-1.95603,52.46658],[-1.95502,52.46725],[-1.94958,52.4639],[-1.94419,52.46286],[-1.94178,52.46193],[-1.93856,52.46311],[-1.93746,52.46355],[-1.93653,52.46416],[-1.93252,52.46907],[-1.92843,52.46968],[-1.9248,52.47036],[-1.92202,52.46763],[-1.92205,52.46762],[-1.92205,52.46764],[-1.92206,52.46762],[-1.92223,52.46756],[-1.92229,52.46755],[-1.92226,52.46755],[-1.92226,52.46755],[-1.92224,52.46753],[-1.9223,52.4675],[-1.92223,52.4675],[-1.92223,52.46751],[-1.92221,52.46748],[-1.92213,52.46745],[-1.92222,52.46753],[-1.92223,52.46751],[-1.92224,52.46753],[-1.92219,52.46755],[-1.92205,52.46756],[-1.9221,52.4652],[-1.92217,52.46459],[-1.92223,52.46418],[-1.92208,52.46376],[-1.92126,52.4624],[-1.92035,52.46181],[-1.9192,52.46147],[-1.91628,52.46137],[-1.91047,52.4557],[-1.91327,52.45261],[-1.91055,52.45035],[-1.91314,52.44762],[-1.91423,52.44628],[-1.91454,52.44499],[-1.91525,52.4422],[-1.91553,52.43941],[-1.91682,52.43683],[-1.91928,52.43141],[-1.92079,52.43006],[-1.92223,52.42785],[-1.9209,52.42087],[-1.9239,52.41821],[-1.92838,52.41619],[-1.93419,52.41456],[-1.938,52.41506],[-1.94269,52.41505],[-1.95158,52.4147],[-1.95887,52.41391],[-1.95866,52.40916],[-1.96382,52.40836],[-1.96428,52.4104],[-1.96856,52.40811],[-1.97043,52.40825],[-1.97393,52.40882],[-1.97677,52.40738],[-1.98164,52.40816],[-1.98341,52.40832],[-1.98338,52.4094],[-1.98415,52.41041],[-1.98801,52.41006],[-1.99441,52.40964],[-1.99621,52.4101],[-1.99539,52.41881],[-2.01084,52.42985],[-2.01281,52.44503],[-2.00036,52.44306],[-1.99841,52.4467],[-1.99077,52.44673],[-1.98884,52.45135],[-1.99066,52.45139],[-1.99251,52.45153],[-1.99243,52.45168],[-1.98877,52.45174],[-1.98998,52.45194],[-1.9911,52.4522],[-1.98948,52.4527],[-1.98948,52.4527],[-1.98946,52.45271],[-1.98948,52.4527],[-1.98909,52.4541],[-1.98809,52.45538],[-1.98984,52.45606],[-1.99068,52.45658],[-1.99065,52.45712],[-1.992,52.45882],[-1.99138,52.46072],[-1.98496,52.46061]]],[[[-1.92219,52.46755],[-1.92226,52.46755],[-1.92223,52.46756],[-1.92216,52.46757],[-1.92219,52.46755]]]]}},{"type":"Feature","properties":{"source_code":"M85733","codes":["M85733"],"label":"MOOR GREEN LANE MEDICAL CENTRE"},"geometry":{"type":"Polygon","coordinates":[[[-1.92347,52.44866],[-1.92226,52.44884],[-1.92093,52.4491],[-1.91965,52.44929],[-1.91544,52.45049],[-1.91128,52.45141],[-1.906,52.45271],[-1.89969,52.45214],[-1.88484,52.44534],[-1.88398,52.43493],[-1.89952,52.42566],[-1.92278,52.42095],[-1.93159,52.42411],[-1.93662,52.43083],[-1.94025,52.44228],[-1.9377,52.44398],[-1.9349,52.44564],[-1.92939,52.44721],[-1.9255,52.44841],[-1.9234,52.44836],[-1.92347,52.44866]]]}},{"type":"Feature","properties":{"source_code":"M85055","codes":["M85055"],"label":"SELLY OAK HEALTH CENTRE"},"geometry":{"type":"Polygon","coordinates":[[[-1.92231,52.42692],[-1.92653,52.42666],[-1.92865,52.42572],[-1.92889,52.4247],[-1.93343,52.42366],[-1.93763,52.42257],[-1.939,52.42459],[-1.94222,52.42497],[-1.94503,52.42772],[-1.94638,52.42854],[-1.95057,52.42998],[-1.95418,52.43181],[-1.95866,52.43521],[-1.96638,52.44113],[-1.96724,52.44225],[-1.969,52.44212],[-1.96986,52.44196],[-1.97164,52.44472],[-1.97103,52.44634],[-1.96909,52.44716],[-1.96744,52.44794],[-1.96677,52.44905],[-1.96014,52.44803],[-1.95609,52.44763],[-1.95596,52.44946],[-1.95194,52.44947],[-1.95015,52.4501],[-1.9535,52.45169],[-1.95445,52.4527],[-1.95441,52.45509],[-1.95185,52.45537],[-1.94809,52.45645],[-1.94651,52.45683],[-1.94606,52.45718],[-1.9448,52.45811],[-1.93916,52.45855],[-1.93689,52.45869],[-1.93219,52.45803],[-1.92963,52.45757],[-1.92707,52.45753],[-1.92402,52.45941],[-1.92138,52.45978],[-1.92032,52.46009],[-1.91879,52.46121],[-1.91641,52.46104],[-1.91457,52.45795],[-1.91438,52.45716],[-1.91244,52.45659],[-1.91059,52.45601],[-1.90724,52.45533],[-1.91349,52.44755],[-1.91524,52.44313],[-1.91596,52.43872],[-1.9198,52.43094],[-1.92275,52.4282],[-1.92231,52.42692]]]}},{"type":"Feature","properties":{"source_code":"Y00159","codes":["Y00159"],"label":"HALL GREEN HEALTH"},"geometry":{"type":"MultiPolygon","coordinates":[[[[-1.79041,52.41436],[-1.78912,52.41386],[-1.78875,52.41356],[-1.78912,52.41351],[-1.7897,52.41353],[-1.79041,52.41436]]],[[[-1.87032,52.45813],[-1.87184,52.4586],[-1.86856,52.45001],[-1.87113,52.45809],[-1.86998,52.45776],[-1.87032,52.45813],[-1.87032,52.45813],[-1.86637,52.45691],[-1.86757,52.45712],[-1.86771,52.45712],[-1.85849,52.45449],[-1.86637,52.45691],[-1.86611,52.45687],[-1.86375,52.45623],[-1.85961,52.45498],[-1.85791,52.45488],[-1.85678,52.45419],[-1.85585,52.45374],[-1.85337,52.45303],[-1.85233,52.45358],[-1.85169,52.45364],[-1.85124,52.45375],[-1.85117,52.45389],[-1.85133,52.45414],[-1.85062,52.45462],[-1.84965,52.45503],[-1.84916,52.45538],[-1.84896,52.45553],[-1.84847,52.45539],[-1.84808,52.4553],[-1.8483,52.45604],[-1.84757,52.4541],[-1.84738,52.45355],[-1.84716,52.45329],[-1.8462,52.45322],[-1.84446,52.45321],[-1.84311,52.45324],[-1.84055,52.45329],[-1.83965,52.45343],[-1.83856,52.45359],[-1.83832,52.45394],[-1.83804,52.45431],[-1.83753,52.4541],[-1.83665,52.45397],[-1.83485,52.45432],[-1.83178,52.45504],[-1.83098,52.45521],[-1.82991,52.45559],[-1.82903,52.45609],[-1.82845,52.4563],[-1.8295,52.45726],[-1.82967,52.45757],[-1.82929,52.45762],[-1.82869,52.45777],[-1.82824,52.45751],[-1.82751,52.457],[-1.82691,52.45661],[-1.82648,52.45656],[-1.82585,52.45647],[-1.82549,52.45618],[-1.82395,52.45707],[-1.80963,52.45564],[-1.80983,52.45372],[-1.80965,52.45349],[-1.80858,52.45269],[-1.80826,52.45003],[-1.80826,52.44965],[-1.80719,52.44952],[-1.80669,52.44963],[-1.80594,52.44967],[-1.80463,52.44971],[-1.80345,52.44964],[-1.80268,52.44944],[-1.8018,52.44913],[-1.80092,52.4489],[-1.79974,52.44871],[-1.79873,52.44879],[-1.79858,52.44875],[-1.79858,52.44795],[-1.79912,52.44722],[-1.80011,52.44561],[-1.80088,52.4445],[-1.80135,52.44394],[-1.80206,52.44319],[-1.80279,52.44234],[-1.80335,52.4417],[-1.80412,52.44087],[-1.80489,52.44],[-1.80553,52.43932],[-1.80579,52.43882],[-1.80616,52.43837],[-1.80672,52.43854],[-1.80639,52.43828],[-1.8033,52.43584],[-1.80105,52.43412],[-1.80013,52.43296],[-1.79923,52.43159],[-1.79843,52.42938],[-1.79802,52.42798],[-1.79749,52.42678],[-1.79676,52.42574],[-1.79584,52.42498],[-1.79526,52.42466],[-1.79594,52.42394],[-1.79648,52.42327],[-1.79644,52.42273],[-1.79588,52.42191],[-1.79481,52.42065],[-1.79369,52.41949],[-1.79245,52.41861],[-1.79152,52.41773],[-1.79133,52.41735],[-1.79152,52.41734],[-1.79253,52.41769],[-1.79327,52.41772],[-1.79331,52.41776],[-1.79328,52.41772],[-1.79327,52.41772],[-1.79041,52.41436],[-1.79066,52.41446],[-1.79072,52.4145],[-1.78991,52.41348],[-1.79176,52.41249],[-1.79234,52.41163],[-1.79292,52.41063],[-1.79442,52.40949],[-1.79493,52.40896],[-1.79551,52.40824],[-1.79749,52.40756],[-1.79886,52.40699],[-1.79981,52.40657],[-1.80036,52.40598],[-1.80328,52.40529],[-1.80772,52.40389],[-1.80948,52.40313],[-1.80991,52.40314],[-1.81038,52.40331],[-1.81189,52.40379],[-1.81289,52.40412],[-1.81373,52.40449],[-1.81405,52.40445],[-1.81581,52.40461],[-1.81682,52.40474],[-1.81865,52.40493],[-1.81946,52.40506],[-1.8206,52.40522],[-1.82167,52.40526],[-1.82242,52.40538],[-1.82292,52.40542],[-1.82257,52.40454],[-1.82236,52.40417],[-1.82199,52.40347],[-1.82208,52.40272],[-1.82199,52.402],[-1.82227,52.40195],[-1.82285,52.40188],[-1.82354,52.40178],[-1.82435,52.40152],[-1.82538,52.40136],[-1.82626,52.40124],[-1.82682,52.40127],[-1.82787,52.40128],[-1.82888,52.40142],[-1.82982,52.40159],[-1.8315,52.40201],[-1.83264,52.40241],[-1.83386,52.40317],[-1.83409,52.40349],[-1.83431,52.4034],[-1.835,52.4031],[-1.8357,52.4026],[-1.8363,52.40205],[-1.83759,52.40111],[-1.83894,52.40021],[-1.83948,52.39963],[-1.84004,52.39917],[-1.84045,52.39871],[-1.84094,52.39864],[-1.8415,52.39886],[-1.84253,52.3992],[-1.84345,52.39958],[-1.84416,52.39989],[-1.8451,52.40027],[-1.84594,52.40064],[-1.84658,52.40078],[-1.84678,52.40093],[-1.84665,52.40132],[-1.84637,52.40171],[-1.84605,52.40204],[-1.84562,52.40233],[-1.8453,52.40259],[-1.84613,52.40306],[-1.84678,52.40337],[-1.84789,52.40361],[-1.84892,52.40371],[-1.84963,52.40385],[-1.85051,52.40406],[-1.8509,52.40437],[-1.851,52.40488],[-1.85126,52.40518],[-1.85143,52.40553],[-1.85145,52.40598],[-1.85165,52.40625],[-1.84914,52.40618],[-1.8521,52.40683],[-1.85215,52.40694],[-1.85212,52.40687],[-1.85268,52.40682],[-1.85371,52.40666],[-1.85489,52.40654],[-1.85583,52.40637],[-1.85678,52.40631],[-1.8575,52.40619],[-1.85815,52.40615],[-1.85845,52.40614],[-1.85851,52.40625],[-1.85866,52.40657],[-1.85888,52.4067],[-1.85875,52.40683],[-1.85843,52.40703],[-1.85774,52.40716],[-1.8571,52.40721],[-1.85647,52.40941],[-1.85622,52.40983],[-1.85557,52.40967],[-1.85472,52.40988],[-1.85403,52.41019],[-1.85362,52.41042],[-1.85443,52.41231],[-1.85536,52.41315],[-1.85622,52.41404],[-1.85669,52.41493],[-1.85686,52.41577],[-1.85703,52.41716],[-1.85716,52.41776],[-1.85785,52.41943],[-1.85853,52.42032],[-1.85939,52.4209],[-1.86038,52.42161],[-1.86248,52.42284],[-1.86544,52.42456],[-1.86763,52.42545],[-1.86939,52.42627],[-1.87038,52.42666],[-1.87111,52.42689],[-1.87081,52.42752],[-1.87047,52.42831],[-1.86974,52.42969],[-1.86918,52.43043],[-1.86866,52.43108],[-1.86815,52.43171],[-1.86866,52.43244],[-1.86901,52.43359],[-1.86944,52.43446],[-1.86952,52.43493],[-1.86926,52.43566],[-1.86901,52.43647],[-1.86999,52.43754],[-1.87119,52.43846],[-1.87145,52.43935],[-1.87205,52.44081],[-1.87171,52.44194],[-1.87132,52.44298],[-1.87111,52.44387],[-1.87137,52.44586],[-1.87171,52.44712],[-1.87295,52.44929],[-1.87347,52.45347],[-1.87356,52.45609],[-1.87198,52.45871],[-1.87201,52.45874],[-1.87195,52.45875],[-1.87192,52.45881],[-1.8719,52.45876],[-1.87111,52.45894],[-1.87032,52.45813]]]]}},{"type":"Feature","properties":{"source_code":"M86008","codes":["M86008"],"label":"THE GABLES MEDICENTRE"},"geometry":{"type":"Polygon","coordinates":[[[-1.5144,52.42608],[-1.51045,52.42378],[-1.52916,52.42859],[-1.53088,52.43226],[-1.53225,52.43561],[-1.53654,52.43979],[-1.54118,52.44345],[-1.54598,52.44743],[-1.54993,52.45182],[-1.55319,52.45549],[-1.55508,52.45904],[-1.55628,52.46197],[-1.5592,52.46511],[-1.56178,52.46699],[-1.55542,52.46992],[-1.55216,52.47086],[-1.55113,52.47212],[-1.54907,52.47358],[-1.54547,52.47337],[-1.54392,52.47348],[-1.54083,52.47368],[-1.53122,52.47452],[-1.52315,52.47609],[-1.51594,52.4763],[-1.51131,52.47619],[-1.50925,52.47828],[-1.5053,52.47828],[-1.5029,52.47839],[-1.50032,52.47818],[-1.49534,52.47755],[-1.49397,52.47661],[-1.49242,52.4763],[-1.49036,52.47578],[-1.48195,52.47483],[-1.47749,52.47463],[-1.4756,52.47431],[-1.47526,52.47337],[-1.47474,52.47107],[-1.4744,52.4695],[-1.4744,52.46731],[-1.47697,52.46542],[-1.47903,52.4626],[-1.48109,52.46051],[-1.48264,52.45852],[-1.48418,52.45601],[-1.48607,52.45046],[-1.48659,52.44733],[-1.48968,52.44251],[-1.49345,52.4378],[-1.49654,52.43289],[-1.50032,52.42859],[-1.50478,52.42765],[-1.50925,52.42519],[-1.5144,52.42608]]]}},{"type":"Feature","properties":{"source_code":"M85035","codes":["M85035"],"label":"WOODGATE VALLEY HEALTH CENTRE"},"geometry":{"type":"Polygon","coordinates":[[[-2.01616,52.44649],[-1.98878,52.45135],[-1.97986,52.45114],[-1.97848,52.44615],[-1.97591,52.44328],[-1.97968,52.44094],[-1.98672,52.43629],[-1.98853,52.43328],[-1.98964,52.43111],[-2.0141,52.43446],[-2.01616,52.44649]]]}},{"type":"Feature","properties":{"source_code":"M85042","codes":["M85042"],"label":"SELLY PARK SURGERY"},"geometry":{"type":"Polygon","coordinates":[[[-1.92055,52.44848],[-1.91128,52.45308],[-1.90671,52.45866],[-1.89699,52.4541],[-1.8942,52.44874],[-1.9075,52.43655],[-1.93222,52.43613],[-1.93462,52.42838],[-1.94389,52.43215],[-1.93763,52.44665],[-1.92055,52.44848]]]}},{"type":"Feature","properties":{"source_code":"M89019","codes":["M89019"],"label":"HOBS MOAT MEDICAL CENTRE"},"geometry":{"type":"Polygon","coordinates":[[[-1.76766,52.46062],[-1.76777,52.46008],[-1.76816,52.4595],[-1.76816,52.4592],[-1.76794,52.45876],[-1.7679,52.45868],[-1.76794,52.45868],[-1.76794,52.45868],[-1.76745,52.45804],[-1.76717,52.4576],[-1.76706,52.45712],[-1.76702,52.45675],[-1.7674,52.45598],[-1.76743,52.45545],[-1.76768,52.45503],[-1.76781,52.45475],[-1.76781,52.45469],[-1.76787,52.45449],[-1.76781,52.45462],[-1.76789,52.45445],[-1.76792,52.45435],[-1.76793,52.45435],[-1.76858,52.45294],[-1.76908,52.45267],[-1.77009,52.45265],[-1.77022,52.45249],[-1.77026,52.45224],[-1.77013,52.45194],[-1.77084,52.45197],[-1.76627,52.45126],[-1.76404,52.45133],[-1.76273,52.45147],[-1.76215,52.45138],[-1.75955,52.45033],[-1.75824,52.44954],[-1.75629,52.44824],[-1.75326,52.44717],[-1.75337,52.44678],[-1.75352,52.44641],[-1.75382,52.44616],[-1.75427,52.44616],[-1.75264,52.44362],[-1.75221,52.44288],[-1.7521,52.4425],[-1.75301,52.4406],[-1.75389,52.43958],[-1.7562,52.43791],[-1.75738,52.43722],[-1.75811,52.43676],[-1.75635,52.43574],[-1.75595,52.4355],[-1.75513,52.435],[-1.75453,52.43478],[-1.75395,52.43419],[-1.75374,52.43395],[-1.75352,52.43349],[-1.75348,52.43294],[-1.75382,52.43228],[-1.75449,52.43121],[-1.755,52.43027],[-1.75567,52.42978],[-1.75612,52.42753],[-1.75719,52.4248],[-1.75749,52.4242],[-1.75805,52.42328],[-1.75886,52.42251],[-1.76039,52.42127],[-1.76142,52.42072],[-1.76223,52.42018],[-1.76264,52.4196],[-1.76258,52.41908],[-1.76215,52.41848],[-1.76247,52.41798],[-1.76288,52.41769],[-1.76316,52.41784],[-1.76476,52.41861],[-1.76607,52.41917],[-1.76788,52.41955],[-1.77013,52.41985],[-1.7726,52.42017],[-1.77532,52.42052],[-1.77648,52.42093],[-1.77732,52.42094],[-1.78024,52.42103],[-1.78472,52.42125],[-1.78607,52.42148],[-1.78755,52.42189],[-1.78878,52.42221],[-1.79011,52.42221],[-1.79081,52.42204],[-1.79332,52.42046],[-1.80227,52.42032],[-1.80283,52.42069],[-1.80352,52.42124],[-1.80397,52.42129],[-1.80435,52.42131],[-1.80813,52.42085],[-1.81021,52.42072],[-1.81197,52.42072],[-1.8139,52.42069],[-1.81345,52.42174],[-1.81259,52.4231],[-1.81193,52.42453],[-1.81116,52.42555],[-1.81026,52.42659],[-1.80955,52.4278],[-1.80929,52.42871],[-1.80916,52.4309],[-1.80888,52.43235],[-1.8082,52.43408],[-1.80618,52.43703],[-1.80551,52.43752],[-1.80918,52.44017],[-1.81223,52.443],[-1.81131,52.44351],[-1.81023,52.44427],[-1.80948,52.44475],[-1.80998,52.44517],[-1.80983,52.44526],[-1.80912,52.44539],[-1.80862,52.44598],[-1.80796,52.44706],[-1.80738,52.44835],[-1.80699,52.44896],[-1.8068,52.44959],[-1.80772,52.4496],[-1.80822,52.44965],[-1.80843,52.45084],[-1.80843,52.45179],[-1.80862,52.45261],[-1.80901,52.45307],[-1.80985,52.45355],[-1.80927,52.45831],[-1.80875,52.46151],[-1.793,52.45875],[-1.79135,52.45906],[-1.79026,52.45941],[-1.7879,52.46009],[-1.78627,52.46074],[-1.78513,52.46129],[-1.78399,52.46167],[-1.78024,52.4603],[-1.76846,52.46179],[-1.76831,52.46159],[-1.7679,52.46096],[-1.76766,52.46062]],[[-1.7927,52.4587],[-1.78039,52.45654],[-1.78011,52.45868],[-1.77872,52.45869],[-1.7927,52.4587]]]}},{"type":"Feature","properties":{"source_code":"M85078","codes":["M85078"],"label":"OAKWOOD SURGERY"},"geometry":{"type":"Polygon","coordinates":[[[-1.79455,52.42315],[-1.82167,52.40849],[-1.89377,52.42755],[-1.88759,52.4717],[-1.8142,52.49219],[-1.78099,52.45329],[-1.79455,52.42315]]]}},{"type":"Feature","properties":{"source_code":"Y02620","codes":["Y02620"],"label":"THE HILL GENERAL PRACTICE & UCC"},"geometry":{"type":"MultiPolygon","coordinates":[[[[-2.00294,52.44722],[-2.00603,52.46019],[-2.00381,52.46265],[-2.00363,52.46082],[-2.00193,52.4547],[-2.00157,52.4491],[-2.00294,52.44722]]],[[[-2.0026,52.46535],[-2.00252,52.46409],[-2.00381,52.46265],[-2.00466,52.47117],[-2.0026,52.46535]]],[[[-2.00193,52.4547],[-2.00252,52.46409],[-2.00226,52.46438],[-2.0026,52.46535],[-2.00363,52.48153],[-1.99265,52.49532],[-1.92398,52.53794],[-1.8045,52.52103],[-1.70975,52.47797],[-1.73876,52.43529],[-1.77936,52.39634],[-1.87832,52.39886],[-1.94046,52.4065],[-2.00054,52.44973],[-2.00193,52.4547]]]]}},{"type":"Feature","properties":{"source_code":"Y05826","codes":["Y05826"],"label":"THE HILL GP PRACTICE"},"geometry":{"type":"MultiPolygon","coordinates":[[[[-1.85945,52.44564],[-1.85945,52.44558],[-1.86067,52.44677],[-1.85945,52.44564]]],[[[-1.85848,52.45469],[-1.86225,52.4481],[-1.88113,52.45144],[-1.87032,52.45678],[-1.85779,52.45793],[-1.85848,52.45469]]]]}},{"type":"Feature","properties":{"source_code":"M85105","codes":["M85105"],"label":"VICTORIA ROAD SURGERY"},"geometry":{"type":"Polygon","coordinates":[[[-1.81824,52.4581],[-1.81669,52.45768],[-1.81343,52.45685],[-1.81103,52.45538],[-1.8088,52.45423],[-1.80588,52.45298],[-1.80365,52.45162],[-1.80176,52.45015],[-1.79953,52.44774],[-1.79781,52.44565],[-1.79807,52.44393],[-1.79832,52.44283],[-1.7997,52.44063],[-1.80227,52.44011],[-1.80244,52.43948],[-1.80519,52.43697],[-1.80845,52.43571],[-1.81,52.43425],[-1.81326,52.43247],[-1.81626,52.43032],[-1.81978,52.42964],[-1.82356,52.43006],[-1.82699,52.43215],[-1.82905,52.4333],[-1.83266,52.43487],[-1.83429,52.43555],[-1.83609,52.43697],[-1.83832,52.43937],[-1.83952,52.44126],[-1.83849,52.44377],[-1.83815,52.4467],[-1.83695,52.44942],[-1.83489,52.45162],[-1.83283,52.4536],[-1.83077,52.45496],[-1.82751,52.45674],[-1.82425,52.458],[-1.82064,52.45821],[-1.81824,52.4581]]]}},{"type":"Feature","properties":{"source_code":"M85774","codes":["M85774"],"label":"SPRINGFIELD SURGERY"},"geometry":{"type":"Polygon","coordinates":[[[-1.87523,52.46553],[-1.86429,52.46281],[-1.86081,52.45881],[-1.8515,52.4536],[-1.83605,52.44361],[-1.83991,52.4344],[-1.8509,52.42632],[-1.85429,52.42367],[-1.85137,52.41844],[-1.87167,52.42289],[-1.87398,52.43058],[-1.87107,52.4455],[-1.87386,52.45577],[-1.87523,52.46553]]]}},{"type":"Feature","properties":{"source_code":"M85756","codes":["M85756"],"label":"SPRINGFIELD MEDICAL PRACT"},"geometry":{"type":"Polygon","coordinates":[[[-1.91437,52.45078],[-1.87351,52.45716],[-1.84381,52.47677],[-1.82862,52.48281],[-1.81,52.48508],[-1.78699,52.46563],[-1.75919,52.4043],[-1.84673,52.40472],[-1.91437,52.45078]]]}},{"type":"Feature","properties":{"source_code":"M85021","codes":["M85021"],"label":"MOSELEY MEDICAL CENTRE"},"geometry":{"type":"Polygon","coordinates":[[[-1.81515,52.57885],[-1.82166,52.52416],[-1.77172,52.47431],[-1.89034,52.45162],[-2.06148,52.52364],[-1.81515,52.57885]]]}},{"type":"Feature","properties":{"source_code":"M85074","codes":["M85074"],"label":"WAKE GREEN SURGERY"},"geometry":{"type":"MultiPolygon","coordinates":[[[[-1.8572,52.41907],[-1.85794,52.41858],[-1.85738,52.41865],[-1.85823,52.41781],[-1.86047,52.41603],[-1.86459,52.41415],[-1.86466,52.41414],[-1.86544,52.41362],[-1.86729,52.41362],[-1.86836,52.41341],[-1.87815,52.413],[-1.88211,52.41362],[-1.88398,52.41362],[-1.88317,52.41379],[-1.88416,52.41394],[-1.88879,52.41488],[-1.86197,52.4181],[-1.8572,52.41907]]],[[[-1.8936,52.41415],[-1.90424,52.4131],[-1.90887,52.41341],[-1.91385,52.41383],[-1.91935,52.41373],[-1.9202,52.41792],[-1.92089,52.42137],[-1.88828,52.41519],[-1.8936,52.41415]]],[[[-1.83798,52.4221],[-1.84064,52.4221],[-1.84416,52.42252],[-1.84587,52.42336],[-1.84845,52.42435],[-1.83661,52.42226],[-1.83798,52.4221]]],[[[-1.8572,52.41907],[-1.85738,52.42095],[-1.84948,52.4242],[-1.84714,52.4252],[-1.8572,52.41907]]],[[[-1.8411,52.4269],[-1.83841,52.42373],[-1.83764,52.42278],[-1.83944,52.42451],[-1.84064,52.42624],[-1.8411,52.4269]]],[[[-1.8411,52.4269],[-1.84215,52.42814],[-1.84484,52.42619],[-1.84714,52.4252],[-1.84221,52.42821],[-1.84236,52.42838],[-1.84221,52.42821],[-1.84176,52.42848],[-1.82974,52.44973],[-1.83043,52.44816],[-1.83266,52.44335],[-1.83489,52.43833],[-1.83918,52.43289],[-1.84175,52.42849],[-1.84124,52.4288],[-1.84181,52.42839],[-1.84193,52.42818],[-1.84182,52.42838],[-1.84214,52.42814],[-1.84141,52.42734],[-1.8411,52.4269]]],[[[-1.84845,52.45337],[-1.84519,52.4535],[-1.83918,52.45298],[-1.83455,52.45214],[-1.83008,52.44984],[-1.84845,52.45337]]],[[[-1.84845,52.45337],[-1.85034,52.45329],[-1.85514,52.45329],[-1.85875,52.45507],[-1.86065,52.45571],[-1.84845,52.45337]]],[[[-1.86065,52.45571],[-1.87042,52.45758],[-1.86373,52.45674],[-1.86065,52.45571]]],[[[-1.89737,52.46657],[-1.89762,52.46628],[-1.89755,52.46626],[-1.89754,52.46626],[-1.89754,52.46625],[-1.89088,52.46444],[-1.89703,52.46636],[-1.89463,52.46595],[-1.89137,52.465],[-1.88622,52.46364],[-1.88244,52.46218],[-1.88095,52.46165],[-1.87107,52.45881],[-1.87185,52.45876],[-1.87059,52.4581],[-1.8729,52.45882],[-1.87424,52.45902],[-1.87737,52.45991],[-1.87984,52.46099],[-1.88992,52.46414],[-1.89754,52.46625],[-1.92106,52.42116],[-1.92192,52.42493],[-1.92278,52.42849],[-1.92089,52.42765],[-1.92106,52.43027],[-1.91883,52.43299],[-1.91763,52.43571],[-1.9154,52.4445],[-1.91231,52.44806],[-1.91081,52.45079],[-1.91385,52.44722],[-1.91042,52.45182],[-1.90995,52.45236],[-1.9099,52.45245],[-1.90578,52.45716],[-1.90546,52.45749],[-1.90182,52.46157],[-1.90029,52.46406],[-1.89791,52.46596],[-1.89763,52.46628],[-1.89793,52.46636],[-1.89763,52.46628],[-1.89737,52.46657]]],[[[-1.89762,52.46627],[-1.89784,52.46602],[-1.89755,52.46625],[-1.89762,52.46627]]],[[[-1.90234,52.46074],[-1.90239,52.46068],[-1.90235,52.46072],[-1.90234,52.46074]]]]}},{"type":"Feature","properties":{"source_code":"M85041","codes":["M85041"],"label":"BOURNBROOK VARSITY MEDICAL CENTRE"},"geometry":{"type":"MultiPolygon","coordinates":[[[[-1.92179,52.46725],[-1.92173,52.46753],[-1.92492,52.47061],[-1.92168,52.46754],[-1.92179,52.46725]]],[[[-1.92179,52.46725],[-1.92222,52.46507],[-1.92211,52.46486],[-1.92194,52.46295],[-1.91941,52.46117],[-1.91644,52.46077],[-1.91404,52.45687],[-1.90764,52.45521],[-1.89918,52.4547],[-1.89714,52.45362],[-1.89629,52.45297],[-1.89647,52.4519],[-1.89614,52.45001],[-1.89503,52.44812],[-1.89225,52.4469],[-1.88844,52.44647],[-1.88996,52.44526],[-1.89141,52.44432],[-1.89272,52.44234],[-1.89311,52.43574],[-1.89287,52.43616],[-1.89327,52.43255],[-1.89327,52.43236],[-1.89387,52.43222],[-1.90911,52.42644],[-1.91154,52.42521],[-1.91271,52.42466],[-1.91422,52.42436],[-1.91738,52.42376],[-1.91994,52.42265],[-1.92151,52.42068],[-1.92367,52.41866],[-1.92615,52.41761],[-1.92717,52.41702],[-1.92837,52.41653],[-1.93025,52.41614],[-1.93254,52.42002],[-1.93335,52.42316],[-1.93446,52.42543],[-1.93527,52.42612],[-1.93634,52.42514],[-1.93856,52.42472],[-1.94087,52.42472],[-1.9427,52.42535],[-1.94379,52.4264],[-1.94459,52.42731],[-1.94591,52.42836],[-1.95012,52.42982],[-1.95842,52.43528],[-1.96674,52.44149],[-1.96772,52.44511],[-1.96733,52.44895],[-1.9655,52.45213],[-1.96609,52.45411],[-1.96579,52.45502],[-1.96496,52.45556],[-1.96185,52.45696],[-1.95991,52.45769],[-1.95662,52.458],[-1.95352,52.45808],[-1.95059,52.45827],[-1.94566,52.46015],[-1.94259,52.46164],[-1.9368,52.4639],[-1.93464,52.46672],[-1.93249,52.46864],[-1.93215,52.47041],[-1.93252,52.4704],[-1.93241,52.47066],[-1.93218,52.47099],[-1.93187,52.47153],[-1.93192,52.47159],[-1.93184,52.47158],[-1.93177,52.4717],[-1.92696,52.47178],[-1.92602,52.47125],[-1.92492,52.4706],[-1.925,52.4706],[-1.92225,52.46515],[-1.92217,52.46619],[-1.92179,52.46725]]]]}},{"type":"Feature","properties":{"source_code":"M89007","codes":["M89007"],"label":"RICHMOND MEDICAL CENTRE"},"geometry":{"type":"Polygon","coordinates":[[[-1.77635,52.46242],[-1.77771,52.46104],[-1.77764,52.46108],[-1.77779,52.46096],[-1.77824,52.46051],[-1.77863,52.46032],[-1.78064,52.45876],[-1.78099,52.45632],[-1.77614,52.45708],[-1.76927,52.4575],[-1.76472,52.45834],[-1.76652,52.45546],[-1.76652,52.45138],[-1.76657,52.44874],[-1.76584,52.44845],[-1.76185,52.44555],[-1.75936,52.44228],[-1.75781,52.43694],[-1.75404,52.43495],[-1.75352,52.43364],[-1.75386,52.43275],[-1.75547,52.42948],[-1.7564,52.42621],[-1.75783,52.42365],[-1.7603,52.4214],[-1.76255,52.41974],[-1.76248,52.41875],[-1.76309,52.41776],[-1.76659,52.4159],[-1.76871,52.41362],[-1.77957,52.41559],[-1.78491,52.41479],[-1.78991,52.41336],[-1.79209,52.41249],[-1.7929,52.41098],[-1.79519,52.40849],[-1.8027,52.4054],[-1.80768,52.40394],[-1.81214,52.40205],[-1.81867,52.39723],[-1.82073,52.39891],[-1.82206,52.40087],[-1.82201,52.40284],[-1.82257,52.40459],[-1.82382,52.40624],[-1.82759,52.41347],[-1.83083,52.41751],[-1.83459,52.42114],[-1.83707,52.42222],[-1.83954,52.42413],[-1.84257,52.42833],[-1.84261,52.42831],[-1.84259,52.42835],[-1.84261,52.42838],[-1.84256,52.4284],[-1.84047,52.43249],[-1.83768,52.43555],[-1.83497,52.43916],[-1.83279,52.444],[-1.83098,52.44827],[-1.83073,52.45078],[-1.83193,52.45141],[-1.82995,52.45339],[-1.82287,52.45747],[-1.82073,52.45865],[-1.81807,52.4592],[-1.81566,52.46179],[-1.80699,52.46161],[-1.80433,52.46113],[-1.80279,52.46014],[-1.79807,52.45794],[-1.79605,52.45869],[-1.79326,52.45865],[-1.78863,52.45988],[-1.78326,52.46197],[-1.77661,52.46438],[-1.77635,52.46242]]]}},{"type":"Feature","properties":{"source_code":"Y01756","codes":["Y01756"],"label":"STOURSIDE MEDICAL PRACTICE"},"geometry":{"type":"Polygon","coordinates":[[[-2.03745,52.47442],[-2.03316,52.47023],[-2.02972,52.47651],[-2.022,52.47891],[-2.01891,52.47452],[-2.01445,52.4695],[-2.01359,52.46396],[-2.01342,52.46249],[-2.00792,52.46229],[-2.00895,52.45779],[-2.00809,52.45298],[-2.01033,52.44921],[-2.01582,52.44764],[-2.01084,52.44189],[-2.00878,52.43979],[-2.01187,52.43519],[-2.01582,52.43215],[-2.01771,52.43079],[-2.02492,52.43173],[-2.03384,52.43634],[-2.0402,52.43718],[-2.04397,52.44],[-2.04809,52.43487],[-2.04981,52.43006],[-2.05307,52.4264],[-2.05444,52.42012],[-2.05667,52.41771],[-2.05804,52.41729],[-2.08191,52.42347],[-2.08586,52.42388],[-2.08809,52.42284],[-2.09152,52.42535],[-2.09135,52.42912],[-2.08946,52.4309],[-2.09049,52.43247],[-2.09135,52.43393],[-2.08775,52.44408],[-2.09599,52.44701],[-2.10302,52.44722],[-2.10526,52.44733],[-2.10714,52.45057],[-2.10096,52.45182],[-2.09015,52.45465],[-2.08706,52.45648],[-2.08654,52.45779],[-2.08569,52.45889],[-2.08594,52.45957],[-2.08775,52.45993],[-2.0856,52.46249],[-2.08543,52.46412],[-2.08363,52.46427],[-2.08028,52.4626],[-2.07719,52.46338],[-2.07556,52.46511],[-2.07556,52.46584],[-2.07393,52.46636],[-2.07109,52.46751],[-2.06861,52.46751],[-2.06646,52.46809],[-2.06363,52.46893],[-2.06122,52.46987],[-2.05839,52.47149],[-2.0541,52.47117],[-2.05118,52.4695],[-2.04826,52.46783],[-2.04698,52.46997],[-2.04423,52.47102],[-2.04174,52.47321],[-2.04011,52.47358],[-2.03874,52.47379],[-2.03745,52.47442]]]}},{"type":"Feature","properties":{"source_code":"M86032","codes":["M86032"],"label":"HOLBROOKS HEALTH TEAM"},"geometry":{"type":"Polygon","coordinates":[[[-1.40222,52.38917],[-1.5056,52.36352],[-1.63095,52.37392],[-1.53131,52.48654],[-1.5053,52.48691],[-1.47332,52.49566],[-1.44382,52.48403],[-1.43178,52.44351],[-1.40222,52.38917]]]}},{"type":"Feature","properties":{"source_code":"M86002","codes":["M86002"],"label":"LONGFORD PRIMARY CARE CENTRE"},"geometry":{"type":"MultiPolygon","coordinates":[[[[-1.44511,52.44635],[-1.44507,52.44664],[-1.44515,52.44665],[-1.44501,52.44669],[-1.44498,52.44666],[-1.44481,52.44659],[-1.44507,52.44664],[-1.44505,52.44632],[-1.44511,52.44635]]],[[[-1.44501,52.44669],[-1.44502,52.44669],[-1.44496,52.4467],[-1.44501,52.44669]]],[[[-1.44502,52.44669],[-1.44522,52.44665],[-1.44512,52.44677],[-1.44502,52.44669]]],[[[-1.44512,52.44677],[-1.44604,52.4475],[-1.44532,52.44722],[-1.4449,52.44706],[-1.44512,52.44677]]],[[[-1.44604,52.4475],[-1.4502,52.44913],[-1.45155,52.44956],[-1.4525,52.44963],[-1.44511,52.44635],[-1.4452,52.44568],[-1.44646,52.44326],[-1.44674,52.44275],[-1.44762,52.44096],[-1.44835,52.43962],[-1.44844,52.43809],[-1.44511,52.43769],[-1.44432,52.43681],[-1.44404,52.43483],[-1.4406,52.43194],[-1.43857,52.43035],[-1.43826,52.43001],[-1.44114,52.42744],[-1.44311,52.42551],[-1.44378,52.42504],[-1.44337,52.42453],[-1.44258,52.42476],[-1.44108,52.42628],[-1.43983,52.42725],[-1.43878,52.42697],[-1.43614,52.42611],[-1.43472,52.4254],[-1.4353,52.42348],[-1.43683,52.42349],[-1.43983,52.42399],[-1.44097,52.42405],[-1.44269,52.42365],[-1.44382,52.42501],[-1.44681,52.42316],[-1.45088,52.421],[-1.45541,52.41886],[-1.45839,52.41954],[-1.45981,52.42002],[-1.46103,52.42144],[-1.46243,52.42289],[-1.46292,52.42378],[-1.46281,52.42449],[-1.46451,52.42483],[-1.46549,52.42538],[-1.46717,52.42518],[-1.46923,52.42475],[-1.47127,52.42449],[-1.47331,52.42468],[-1.47758,52.42488],[-1.47996,52.42504],[-1.48069,52.42505],[-1.48084,52.42429],[-1.48103,52.42378],[-1.48275,52.42246],[-1.4821,52.42187],[-1.48206,52.4212],[-1.48285,52.42032],[-1.48423,52.42008],[-1.48631,52.42009],[-1.48787,52.42014],[-1.48931,52.42061],[-1.48972,52.42061],[-1.49094,52.42059],[-1.49302,52.42031],[-1.49395,52.42019],[-1.49614,52.42052],[-1.4968,52.42061],[-1.49579,52.42216],[-1.49491,52.42391],[-1.49444,52.42514],[-1.49541,52.42521],[-1.49854,52.42515],[-1.50038,52.42514],[-1.50167,52.4254],[-1.50264,52.42428],[-1.50397,52.42286],[-1.50575,52.42127],[-1.50678,52.42169],[-1.50781,52.42166],[-1.50895,52.42154],[-1.50884,52.42354],[-1.50871,52.42409],[-1.50809,52.42566],[-1.50742,52.42645],[-1.50785,52.42725],[-1.50693,52.42828],[-1.50534,52.42908],[-1.50384,52.42954],[-1.50311,52.42954],[-1.50354,52.43057],[-1.50423,52.43126],[-1.50472,52.43166],[-1.50521,52.43283],[-1.50592,52.4341],[-1.50717,52.43384],[-1.50905,52.43385],[-1.51077,52.43385],[-1.51541,52.43313],[-1.5127,52.43252],[-1.51047,52.43183],[-1.51034,52.431],[-1.51049,52.42992],[-1.51176,52.43001],[-1.51309,52.43022],[-1.51659,52.4307],[-1.51802,52.43084],[-1.52038,52.43107],[-1.5245,52.43155],[-1.52498,52.432],[-1.5244,52.43269],[-1.52467,52.43363],[-1.52431,52.43423],[-1.52523,52.43542],[-1.53133,52.43567],[-1.53156,52.43608],[-1.53135,52.43724],[-1.53128,52.43876],[-1.53184,52.44106],[-1.53171,52.44351],[-1.53148,52.44516],[-1.52948,52.44497],[-1.52678,52.44474],[-1.52538,52.44485],[-1.52345,52.44525],[-1.52126,52.44612],[-1.52064,52.44616],[-1.52017,52.44823],[-1.51611,52.4484],[-1.51433,52.44891],[-1.51472,52.44924],[-1.51573,52.44958],[-1.51697,52.45001],[-1.51028,52.45163],[-1.50717,52.45354],[-1.50551,52.45457],[-1.50502,52.45504],[-1.50487,52.45638],[-1.50493,52.45694],[-1.50759,52.45923],[-1.5088,52.46064],[-1.50989,52.46208],[-1.50974,52.46231],[-1.50714,52.46257],[-1.5039,52.46311],[-1.50259,52.46325],[-1.50094,52.46297],[-1.49923,52.46298],[-1.49738,52.46358],[-1.49648,52.46453],[-1.49586,52.46566],[-1.49515,52.4655],[-1.49264,52.46555],[-1.49047,52.46511],[-1.48764,52.46438],[-1.48403,52.46332],[-1.48324,52.46325],[-1.48302,52.46315],[-1.48273,52.46438],[-1.48127,52.46493],[-1.47957,52.46529],[-1.47822,52.46653],[-1.47502,52.46818],[-1.47549,52.46997],[-1.47818,52.47057],[-1.47996,52.47031],[-1.47858,52.47137],[-1.47779,52.47264],[-1.44604,52.4475]]],[[[-1.45715,52.45176],[-1.45759,52.45188],[-1.45645,52.45137],[-1.45715,52.45176]]],[[[-1.47363,52.45906],[-1.47554,52.45987],[-1.47689,52.46048],[-1.47485,52.46012],[-1.47719,52.46057],[-1.47244,52.45846],[-1.47363,52.45906]]],[[[-1.47118,52.45946],[-1.4708,52.45923],[-1.47112,52.45947],[-1.47152,52.45952],[-1.47118,52.45946]]]]}},{"type":"Feature","properties":{"source_code":"M86048","codes":["M86048"],"label":"WINDMILL SURGERY"},"geometry":{"type":"Polygon","coordinates":[[[-1.46049,52.44931],[-1.46128,52.44898],[-1.46067,52.449],[-1.45586,52.45067],[-1.44354,52.44759],[-1.45168,52.44353],[-1.45376,52.43746],[-1.45644,52.43813],[-1.45801,52.44026],[-1.4608,52.43744],[-1.46363,52.43592],[-1.46513,52.43446],[-1.46642,52.43255],[-1.46852,52.43304],[-1.47442,52.43631],[-1.48119,52.43253],[-1.48972,52.42653],[-1.50423,52.43139],[-1.50558,52.43501],[-1.50641,52.43482],[-1.52204,52.43534],[-1.52239,52.43714],[-1.52253,52.43919],[-1.52245,52.44135],[-1.52139,52.4433],[-1.51956,52.44582],[-1.51819,52.4467],[-1.51315,52.44853],[-1.51066,52.45088],[-1.50862,52.45235],[-1.50641,52.45371],[-1.50476,52.45466],[-1.50457,52.45619],[-1.5056,52.45789],[-1.5059,52.4581],[-1.50352,52.45934],[-1.50946,52.46202],[-1.50084,52.46312],[-1.4962,52.46438],[-1.49388,52.46704],[-1.49345,52.46877],[-1.48968,52.46919],[-1.48453,52.47395],[-1.47775,52.47376],[-1.47045,52.47086],[-1.46805,52.46048],[-1.46243,52.45885],[-1.45981,52.45541],[-1.46187,52.45287],[-1.455,52.4512],[-1.46049,52.44931]]]}},{"type":"Feature","properties":{"source_code":"M85736","codes":["M85736"],"label":"ACOCKS GREEN MEDICAL CENTRE"},"geometry":{"type":"Polygon","coordinates":[[[-1.81549,52.46187],[-1.80485,52.46038],[-1.80416,52.45177],[-1.80485,52.43833],[-1.81961,52.43022],[-1.84296,52.42797],[-1.86227,52.45611],[-1.86092,52.46045],[-1.84918,52.46009],[-1.83472,52.4626],[-1.81549,52.46187]]]}},{"type":"Feature","properties":{"source_code":"M89021","codes":["M89021"],"label":"COVENTRY ROAD PRACTICE"},"geometry":{"type":"Polygon","coordinates":[[[-1.80429,52.46095],[-1.79644,52.46553],[-1.77601,52.46417],[-1.77009,52.46359],[-1.76416,52.4626],[-1.747,52.44565],[-1.75438,52.4344],[-1.78178,52.43698],[-1.78562,52.43665],[-1.78732,52.43691],[-1.78927,52.43838],[-1.79043,52.44084],[-1.79893,52.44642],[-1.80734,52.45546],[-1.80661,52.45835],[-1.80429,52.46095]]]}},{"type":"Feature","properties":{"source_code":"M85116","codes":["M85116"],"label":"FERNLEY MEDICAL CENTRE"},"geometry":{"type":"Polygon","coordinates":[[[-1.87317,52.46166],[-1.87197,52.46113],[-1.86819,52.45779],[-1.85446,52.4536],[-1.83884,52.45381],[-1.83214,52.45141],[-1.83626,52.44335],[-1.83952,52.4242],[-1.86338,52.44105],[-1.87986,52.4468],[-1.87386,52.45454],[-1.87317,52.46166]]]}},{"type":"Feature","properties":{"source_code":"M85735","codes":["M85735"],"label":"GREET MEDICAL PRACTICE"},"geometry":{"type":"MultiPolygon","coordinates":[[[[-1.76371,52.48805],[-1.7641,52.48841],[-1.76159,52.48717],[-1.76371,52.48805]]],[[[-1.7641,52.48841],[-1.76708,52.48989],[-1.76433,52.48863],[-1.7641,52.48841]]],[[[-1.94893,52.49271],[-1.94956,52.49136],[-1.95003,52.49211],[-1.95076,52.50034],[-1.9487,52.49595],[-1.94893,52.49271]]],[[[-1.76371,52.48805],[-1.75678,52.48153],[-1.7482,52.47504],[-1.74373,52.46605],[-1.7403,52.45496],[-1.73824,52.42463],[-1.74408,52.3886],[-1.78358,52.39582],[-1.78288,52.39603],[-1.82888,52.40409],[-1.78358,52.39582],[-1.82648,52.38314],[-1.89283,52.37052],[-1.96588,52.39404],[-1.98305,52.39949],[-2.00372,52.43995],[-2.00316,52.46116],[-1.99883,52.50076],[-1.97582,52.50556],[-1.95728,52.50368],[-1.95003,52.49211],[-1.9499,52.49062],[-1.94956,52.49136],[-1.94908,52.49059],[-1.94893,52.49271],[-1.94355,52.50431],[-1.94788,52.52116],[-1.94782,52.53772],[-1.93896,52.54207],[-1.92948,52.52959],[-1.93011,52.54642],[-1.85911,52.52144],[-1.8481,52.51351],[-1.85618,52.50483],[-1.84193,52.50536],[-1.83755,52.50188],[-1.81893,52.49893],[-1.79043,52.4995],[-1.77978,52.49595],[-1.7712,52.49114],[-1.76371,52.48805]]]]}},{"type":"Feature","properties":{"source_code":"M85783","codes":["M85783"],"label":"STRENSHAM ROAD SURGERY"},"geometry":{"type":"Polygon","coordinates":[[[-1.89171,52.50368],[-1.81755,52.49491],[-1.80107,52.47358],[-1.79764,52.43257],[-1.82304,52.43173],[-1.86596,52.42252],[-1.90063,52.42169],[-1.93771,52.42629],[-1.96724,52.4489],[-1.96175,52.48153],[-1.89171,52.50368]]]}},{"type":"Feature","properties":{"source_code":"M85097","codes":["M85097"],"label":"CRANES PARK ROAD SURGERY"},"geometry":{"type":"Polygon","coordinates":[[[-1.72348,52.47693],[-1.70082,52.42671],[-1.82579,52.40954],[-1.84433,52.42713],[-1.83472,52.44638],[-1.80725,52.48362],[-1.72348,52.47693]]]}},{"type":"Feature","properties":{"source_code":"M85153","codes":["M85153"],"label":"WEATHER OAK MEDICAL CENTRE"},"geometry":{"type":"Polygon","coordinates":[[[-1.87308,52.45022],[-1.87309,52.45052],[-1.87315,52.45081],[-1.87317,52.45111],[-1.8732,52.4514],[-1.87325,52.45197],[-1.87328,52.45225],[-1.8733,52.45251],[-1.87348,52.45363],[-1.87366,52.45468],[-1.8737,52.45515],[-1.87367,52.45564],[-1.87361,52.4559],[-1.87351,52.45616],[-1.87339,52.45648],[-1.87329,52.45676],[-1.87303,52.45728],[-1.8727,52.4578],[-1.87238,52.45832],[-1.87217,52.45859],[-1.87199,52.45885],[-1.87183,52.45908],[-1.87174,52.45922],[-1.87161,52.4593],[-1.87198,52.45967],[-1.8717,52.4598],[-1.87144,52.4599],[-1.87132,52.45995],[-1.87118,52.45997],[-1.87091,52.46],[-1.87093,52.46008],[-1.871,52.46016],[-1.87119,52.46035],[-1.87146,52.46066],[-1.87175,52.46096],[-1.87272,52.46205],[-1.87322,52.4626],[-1.87346,52.46286],[-1.87355,52.46298],[-1.87369,52.46314],[-1.87205,52.46331],[-1.87163,52.46336],[-1.87124,52.46343],[-1.87043,52.46357],[-1.87003,52.46363],[-1.86982,52.46368],[-1.86963,52.46375],[-1.86882,52.46402],[-1.86808,52.46425],[-1.86769,52.46438],[-1.86728,52.46454],[-1.86502,52.46408],[-1.86391,52.46364],[-1.86334,52.46341],[-1.86284,52.46323],[-1.85717,52.46072],[-1.85476,52.45946],[-1.8527,52.45896],[-1.85521,52.45668],[-1.85812,52.45517],[-1.85823,52.45511],[-1.85818,52.45499],[-1.85819,52.45479],[-1.85822,52.45431],[-1.85825,52.45345],[-1.85836,52.45175],[-1.85923,52.45173],[-1.85997,52.4517],[-1.86143,52.45162],[-1.86217,52.45158],[-1.86293,52.45152],[-1.86331,52.45146],[-1.86369,52.45136],[-1.86445,52.45114],[-1.86427,52.45086],[-1.8648,52.45067],[-1.86532,52.45052],[-1.86583,52.45033],[-1.86631,52.45019],[-1.86675,52.45004],[-1.8672,52.44987],[-1.8675,52.4498],[-1.86764,52.44979],[-1.87035,52.45],[-1.87308,52.45022]]]}},{"type":"Feature","properties":{"source_code":"M85128","codes":["M85128"],"label":"DR WALJI AND COLLEAGUES"},"geometry":{"type":"Polygon","coordinates":[[[-1.89742,52.46629],[-1.88364,52.46247],[-1.8833,52.46464],[-1.87707,52.46443],[-1.87626,52.46323],[-1.86815,52.4558],[-1.86566,52.45287],[-1.87107,52.44536],[-1.87137,52.44296],[-1.8757,52.44317],[-1.88128,52.44427],[-1.88381,52.44599],[-1.88604,52.44589],[-1.88823,52.44641],[-1.89235,52.44699],[-1.89463,52.44798],[-1.89621,52.44997],[-1.89617,52.45318],[-1.89909,52.45465],[-1.90197,52.45494],[-1.9042,52.45486],[-1.9069,52.45528],[-1.90467,52.4581],[-1.89827,52.46589],[-1.89776,52.46619],[-1.89742,52.46629]]]}},{"type":"Feature","properties":{"source_code":"M85766","codes":["M85766"],"label":"BALSALL HEATH HEALTH CENTRE (S)"},"geometry":{"type":"MultiPolygon","coordinates":[[[[-1.87931,52.44081],[-1.87931,52.44081],[-1.87931,52.44082],[-1.87931,52.44082],[-1.87931,52.44081]]],[[[-1.87489,52.44278],[-1.87416,52.44313],[-1.87418,52.44309],[-1.87489,52.44278]]],[[[-1.87416,52.44313],[-1.87416,52.44314],[-1.87415,52.44314],[-1.87416,52.44313]]],[[[-1.87416,52.44314],[-1.87417,52.44315],[-1.87931,52.44082],[-1.88857,52.46359],[-1.88057,52.46163],[-1.87272,52.45864],[-1.87205,52.45231],[-1.8694,52.44999],[-1.87211,52.44806],[-1.87416,52.44314]]],[[[-1.87927,52.44072],[-1.87931,52.44081],[-1.87489,52.44278],[-1.87944,52.44053],[-1.87922,52.44071],[-1.89257,52.43493],[-1.90299,52.43735],[-1.90988,52.43816],[-1.9111,52.44612],[-1.9066,52.45517],[-1.90085,52.46317],[-1.89465,52.46409],[-1.88859,52.46359],[-1.88861,52.46364],[-1.87931,52.44082],[-1.87941,52.44077],[-1.87931,52.44081],[-1.87927,52.44072]]]]}},{"type":"Feature","properties":{"source_code":"M85051","codes":["M85051"],"label":"FIRSTCARE PRACTICE"},"geometry":{"type":"Polygon","coordinates":[[[-1.88656,52.46605],[-1.85703,52.46982],[-1.85463,52.43655],[-1.88518,52.43697],[-1.91575,52.43446],[-1.91231,52.45099],[-1.91574,52.46689],[-1.88656,52.46605]]]}},{"type":"Feature","properties":{"source_code":"M85167","codes":["M85167"],"label":"UNIVERSITY MEDICAL PRACTICE"},"geometry":{"type":"Polygon","coordinates":[[[-1.95582,52.44786],[-1.95657,52.45377],[-1.95924,52.45411],[-1.95818,52.45563],[-1.95808,52.45788],[-1.9616,52.45966],[-1.96569,52.46469],[-1.96783,52.46966],[-1.96981,52.4718],[-1.96591,52.47324],[-1.96464,52.4734],[-1.95999,52.4737],[-1.94338,52.47165],[-1.92965,52.4718],[-1.91969,52.4728],[-1.91512,52.47195],[-1.91136,52.47073],[-1.90637,52.46869],[-1.91033,52.46663],[-1.90754,52.46393],[-1.90217,52.46529],[-1.91024,52.45591],[-1.9069,52.45532],[-1.91301,52.44777],[-1.91193,52.44744],[-1.90934,52.44795],[-1.91198,52.44516],[-1.91103,52.43752],[-1.91557,52.43669],[-1.91796,52.43589],[-1.91902,52.43334],[-1.9244,52.43078],[-1.92723,52.43285],[-1.92977,52.4323],[-1.93205,52.4321],[-1.93236,52.43205],[-1.93268,52.432],[-1.93293,52.43173],[-1.93432,52.43058],[-1.9349,52.43013],[-1.93613,52.4293],[-1.93631,52.43017],[-1.93873,52.43315],[-1.93954,52.4341],[-1.9457,52.43535],[-1.9531,52.43826],[-1.95565,52.44037],[-1.95757,52.44347],[-1.95914,52.4442],[-1.95949,52.44467],[-1.95995,52.4455],[-1.95947,52.44636],[-1.95925,52.44719],[-1.95907,52.44805],[-1.95582,52.44786]]]}},{"type":"Feature","properties":{"source_code":"M87014","codes":["M87014"],"label":"LAPAL MEDICAL PRACTICE"},"geometry":{"type":"Polygon","coordinates":[[[-2.08466,52.43508],[-2.07264,52.4512],[-2.05135,52.45978],[-2.05444,52.46772],[-2.0359,52.47567],[-2.00191,52.46898],[-2.00226,52.4512],[-2.00878,52.44073],[-2.0232,52.44492],[-2.08466,52.43508]]]}},{"type":"Feature","properties":{"source_code":"M85048","codes":["M85048"],"label":"CHURCH ROAD SURGERY"},"geometry":{"type":"MultiPolygon","coordinates":[[[[-1.76504,52.48156],[-1.7712,52.47964],[-1.76811,52.48132],[-1.76504,52.48156]]],[[[-1.76504,52.48156],[-1.76039,52.48302],[-1.76296,52.48173],[-1.76504,52.48156]]],[[[-1.76039,52.48302],[-1.75919,52.48362],[-1.75715,52.48403],[-1.76039,52.48302]]],[[[-1.75715,52.48403],[-1.75403,52.48501],[-1.75507,52.48445],[-1.75715,52.48403]]],[[[-1.73824,52.48466],[-1.73515,52.48069],[-1.73658,52.48214],[-1.7355,52.48069],[-1.73525,52.4805],[-1.73481,52.4809],[-1.73223,52.47849],[-1.73216,52.47826],[-1.72856,52.47646],[-1.72485,52.47682],[-1.72382,52.47442],[-1.7252,52.47232],[-1.7252,52.47044],[-1.72709,52.46866],[-1.72788,52.4675],[-1.72897,52.46542],[-1.72954,52.46505],[-1.73035,52.46385],[-1.73309,52.46249],[-1.7344,52.46193],[-1.73481,52.46166],[-1.73539,52.4615],[-1.7355,52.46145],[-1.73559,52.46144],[-1.73866,52.46058],[-1.73893,52.45998],[-1.74013,52.45957],[-1.74292,52.45938],[-1.74374,52.45915],[-1.7439,52.45919],[-1.7458,52.45873],[-1.7482,52.45978],[-1.74907,52.46069],[-1.75026,52.46103],[-1.75213,52.46332],[-1.75335,52.46427],[-1.7532,52.4644],[-1.75651,52.46436],[-1.75678,52.46375],[-1.75666,52.46436],[-1.75903,52.46433],[-1.75987,52.46333],[-1.75884,52.4604],[-1.75855,52.45915],[-1.75764,52.45852],[-1.75507,52.45601],[-1.75884,52.45287],[-1.76073,52.4513],[-1.76192,52.44996],[-1.76193,52.44994],[-1.76537,52.44492],[-1.76983,52.44032],[-1.77061,52.44013],[-1.77137,52.43927],[-1.77556,52.43892],[-1.7767,52.43864],[-1.78074,52.43849],[-1.78391,52.43822],[-1.78464,52.44236],[-1.79523,52.44157],[-1.80141,52.44157],[-1.80222,52.44202],[-1.80279,52.44199],[-1.81875,52.45109],[-1.81824,52.4535],[-1.81875,52.4558],[-1.81858,52.458],[-1.81803,52.45897],[-1.81755,52.46061],[-1.81566,52.46215],[-1.81566,52.46385],[-1.81532,52.465],[-1.8136,52.4649],[-1.81226,52.46559],[-1.81034,52.46793],[-1.81034,52.46846],[-1.80914,52.47117],[-1.80797,52.47266],[-1.80794,52.47274],[-1.80759,52.47483],[-1.80715,52.47644],[-1.80725,52.47745],[-1.80347,52.47839],[-1.80021,52.47818],[-1.79249,52.47755],[-1.7894,52.47713],[-1.78587,52.47713],[-1.78536,52.47716],[-1.78391,52.47766],[-1.77567,52.47985],[-1.77292,52.48017],[-1.77098,52.4793],[-1.76949,52.47943],[-1.7664,52.48111],[-1.76125,52.48194],[-1.75507,52.48424],[-1.7482,52.48654],[-1.74636,52.4874],[-1.75403,52.48501],[-1.75232,52.48592],[-1.74854,52.48738],[-1.74514,52.48798],[-1.74374,52.48863],[-1.74065,52.48696],[-1.73962,52.4855],[-1.73824,52.48406],[-1.73824,52.48466]]],[[[-1.75404,52.47776],[-1.75439,52.47598],[-1.75389,52.47625],[-1.75404,52.47776]]],[[[-1.73824,52.48466],[-1.74133,52.48863],[-1.73962,52.48717],[-1.73824,52.48529],[-1.73824,52.48466]]]]}},{"type":"Feature","properties":{"source_code":"M85697","codes":["M85697"],"label":"CHURCH ROAD SURGERY"},"geometry":{"type":"Polygon","coordinates":[[[-1.83678,52.52541],[-1.83884,52.50243],[-1.8615,52.49553],[-1.88484,52.49491],[-1.9281,52.51434],[-1.89823,52.53043],[-1.86647,52.5369],[-1.83678,52.52541]]]}},{"type":"Feature","properties":{"source_code":"M85058","codes":["M85058"],"label":"HARBORNE MEDICAL PRACTICE"},"geometry":{"type":"Polygon","coordinates":[[[-1.95424,52.47857],[-1.95301,52.47782],[-1.9517,52.47723],[-1.95072,52.47689],[-1.94677,52.47557],[-1.94469,52.47494],[-1.94313,52.47517],[-1.94157,52.47527],[-1.94041,52.47521],[-1.93847,52.475],[-1.93733,52.47495],[-1.93666,52.47305],[-1.93641,52.47213],[-1.93497,52.47213],[-1.93412,52.47207],[-1.93297,52.47212],[-1.93104,52.47205],[-1.93015,52.47195],[-1.92915,52.47205],[-1.92862,52.47194],[-1.92784,52.472],[-1.92721,52.47203],[-1.92474,52.47061],[-1.92189,52.47122],[-1.92146,52.47092],[-1.92109,52.47072],[-1.9205,52.47061],[-1.91943,52.47052],[-1.91506,52.46909],[-1.91357,52.46857],[-1.91199,52.46818],[-1.91107,52.46793],[-1.9104,52.46765],[-1.9096,52.46693],[-1.90657,52.46389],[-1.9109,52.46256],[-1.91252,52.46366],[-1.91457,52.46454],[-1.91497,52.46373],[-1.91585,52.46301],[-1.91691,52.4625],[-1.91888,52.46106],[-1.92068,52.45986],[-1.92328,52.45951],[-1.92374,52.45943],[-1.92428,52.45911],[-1.92686,52.45752],[-1.9272,52.4571],[-1.92716,52.45628],[-1.92678,52.45554],[-1.92623,52.45485],[-1.925,52.45349],[-1.92535,52.45262],[-1.92664,52.45102],[-1.92681,52.45051],[-1.9258,52.44899],[-1.93583,52.44758],[-1.93703,52.44749],[-1.93772,52.4474],[-1.93853,52.44712],[-1.93932,52.4468],[-1.94007,52.44624],[-1.9417,52.44523],[-1.94294,52.4438],[-1.94273,52.44282],[-1.94785,52.44021],[-1.95092,52.43905],[-1.95212,52.43858],[-1.95297,52.43806],[-1.95452,52.43915],[-1.95589,52.44041],[-1.95684,52.44178],[-1.95751,52.44318],[-1.96053,52.44518],[-1.96134,52.44461],[-1.96329,52.44422],[-1.96549,52.44398],[-1.9678,52.44383],[-1.97045,52.44373],[-1.9741,52.44439],[-1.9775,52.44536],[-1.97852,52.44953],[-1.97908,52.45083],[-1.98027,52.45063],[-1.98175,52.45059],[-1.98314,52.4503],[-1.98345,52.45111],[-1.98563,52.45123],[-1.98668,52.45093],[-1.98701,52.45064],[-1.98777,52.45032],[-1.98868,52.45109],[-1.99104,52.45129],[-1.99188,52.45145],[-1.99337,52.45158],[-1.99503,52.45202],[-1.99586,52.45264],[-1.99651,52.45346],[-1.99839,52.45361],[-1.99914,52.45391],[-1.9992,52.45421],[-1.99945,52.45464],[-2.00043,52.45509],[-2.00103,52.45554],[-2.00179,52.45644],[-2.00237,52.45777],[-2.00369,52.45934],[-1.99678,52.45981],[-1.99666,52.46139],[-1.99747,52.46323],[-1.99332,52.46441],[-1.98908,52.46523],[-1.98784,52.4655],[-1.9866,52.46567],[-1.98409,52.46607],[-1.98153,52.46642],[-1.97915,52.46692],[-1.97809,52.4672],[-1.97725,52.46753],[-1.97478,52.46896],[-1.97359,52.4696],[-1.97265,52.47003],[-1.97183,52.47054],[-1.97037,52.47151],[-1.96891,52.47221],[-1.96739,52.47263],[-1.9667,52.47296],[-1.96613,52.47328],[-1.96561,52.47344],[-1.96505,52.4735],[-1.96349,52.47343],[-1.96077,52.47497],[-1.95804,52.47653],[-1.95625,52.47751],[-1.95424,52.47857]]]}},{"type":"Feature","properties":{"source_code":"M85028","codes":["M85028"],"label":"LORDSWOOD HOUSE GROUP MEDICAL PRACTICE"},"geometry":{"type":"Polygon","coordinates":[[[-2.00809,52.46145],[-2.00084,52.46297],[-1.99804,52.46272],[-1.99584,52.4632],[-1.99477,52.46359],[-1.99326,52.46388],[-1.99103,52.46432],[-1.98681,52.46527],[-1.97844,52.46636],[-1.9705,52.47065],[-1.96839,52.472],[-1.96627,52.47303],[-1.96136,52.4729],[-1.95585,52.47277],[-1.95033,52.47201],[-1.94269,52.47097],[-1.92278,52.47165],[-1.92759,52.46312],[-1.93471,52.45449],[-1.9451,52.45046],[-1.97514,52.44586],[-1.98243,52.44411],[-1.98921,52.44204],[-1.99123,52.44176],[-1.9933,52.44164],[-1.99782,52.44251],[-2.00535,52.44387],[-2.00724,52.45274],[-2.00832,52.45491],[-2.0085,52.45708],[-2.00849,52.45925],[-2.00809,52.46145]]]}},{"type":"Feature","properties":{"source_code":"M85172","codes":["M85172"],"label":"RIDGACRE HOUSE SURGERY"},"geometry":{"type":"Polygon","coordinates":[[[-2.03753,52.4746],[-2.03645,52.47341],[-2.03476,52.474],[-2.03155,52.47371],[-2.0314,52.47263],[-2.02826,52.47251],[-2.02449,52.47198],[-2.02251,52.47145],[-2.01539,52.47104],[-2.00853,52.47253],[-2.00528,52.47525],[-2.00307,52.47405],[-2.00183,52.47452],[-1.99885,52.4746],[-1.99543,52.47494],[-1.99247,52.47634],[-1.98977,52.47815],[-1.97685,52.48147],[-1.97477,52.47994],[-1.97458,52.47783],[-1.96917,52.47682],[-1.96385,52.4749],[-1.95806,52.47353],[-1.95246,52.47266],[-1.94694,52.4717],[-1.94304,52.4718],[-1.94407,52.46291],[-1.94239,52.46057],[-1.94488,52.45792],[-1.9463,52.45473],[-1.94578,52.45324],[-1.94527,52.45046],[-1.9461,52.44883],[-1.94762,52.44841],[-1.9523,52.44776],[-1.95577,52.44764],[-1.95925,52.44788],[-1.96302,52.44839],[-1.96679,52.44922],[-1.96725,52.44789],[-1.96874,52.44713],[-1.97685,52.44479],[-1.97754,52.44612],[-2.01432,52.44887],[-2.02693,52.44729],[-2.03959,52.44586],[-2.04436,52.44419],[-2.04493,52.4449],[-2.04524,52.44598],[-2.0465,52.44777],[-2.04361,52.45121],[-2.04432,52.45214],[-2.0459,52.45349],[-2.04706,52.45505],[-2.04745,52.45748],[-2.04877,52.45862],[-2.05051,52.45976],[-2.04927,52.46139],[-2.04807,52.46229],[-2.0472,52.46291],[-2.04688,52.46367],[-2.04698,52.46506],[-2.04765,52.46776],[-2.04723,52.4701],[-2.04632,52.47053],[-2.04488,52.47069],[-2.04348,52.47175],[-2.04131,52.47384],[-2.04023,52.47349],[-2.03923,52.47366],[-2.03753,52.4746]]]}},{"type":"Feature","properties":{"source_code":"M89009","codes":["M89009"],"label":"MANOR HOUSE LANE SURGERY"},"geometry":{"type":"Polygon","coordinates":[[[-1.80382,52.47285],[-1.80257,52.47515],[-1.8008,52.47643],[-1.79783,52.47687],[-1.79601,52.47682],[-1.79382,52.47606],[-1.79109,52.47563],[-1.78923,52.47442],[-1.78723,52.47351],[-1.78627,52.47219],[-1.78313,52.47013],[-1.77644,52.46447],[-1.77186,52.46675],[-1.76957,52.46778],[-1.7671,52.46871],[-1.76789,52.47112],[-1.76755,52.47353],[-1.76907,52.47542],[-1.76982,52.47747],[-1.77086,52.47896],[-1.77377,52.48039],[-1.76762,52.48393],[-1.76605,52.48538],[-1.76496,52.48668],[-1.76136,52.48825],[-1.75887,52.48863],[-1.75602,52.48859],[-1.75232,52.48882],[-1.75049,52.48975],[-1.74866,52.49058],[-1.74751,52.49084],[-1.74567,52.49079],[-1.74426,52.49016],[-1.74311,52.48921],[-1.73914,52.49044],[-1.73524,52.48527],[-1.73084,52.48328],[-1.7285,52.48046],[-1.72245,52.47502],[-1.72774,52.46787],[-1.73072,52.46293],[-1.72999,52.46151],[-1.72719,52.46009],[-1.72829,52.45821],[-1.73611,52.45871],[-1.73986,52.45885],[-1.74377,52.45837],[-1.74687,52.45909],[-1.74808,52.46096],[-1.75169,52.46403],[-1.75556,52.46695],[-1.75956,52.46775],[-1.7645,52.46734],[-1.7679,52.46516],[-1.76995,52.46378],[-1.77302,52.46323],[-1.77497,52.46348],[-1.77642,52.46434],[-1.77691,52.46172],[-1.78039,52.45794],[-1.78116,52.45162],[-1.78845,52.4532],[-1.79204,52.44991],[-1.79302,52.44904],[-1.79486,52.44881],[-1.79854,52.44865],[-1.80368,52.44953],[-1.80882,52.44957],[-1.8113,52.44972],[-1.81849,52.4508],[-1.82476,52.44686],[-1.83197,52.4513],[-1.82833,52.45473],[-1.82617,52.45626],[-1.82307,52.45747],[-1.82,52.45904],[-1.82208,52.46019],[-1.82347,52.46239],[-1.82279,52.46516],[-1.8197,52.46945],[-1.81901,52.47374],[-1.80382,52.47285]]]}},{"type":"Feature","properties":{"source_code":"M85171","codes":["M85171"],"label":"ROWLANDS ROAD SURGERY"},"geometry":{"type":"Polygon","coordinates":[[[-1.84467,52.48362],[-1.76811,52.48236],[-1.76777,52.44325],[-1.84811,52.44576],[-1.84467,52.48362]]]}},{"type":"Feature","properties":{"source_code":"M85011","codes":["M85011"],"label":"THE SWAN MEDICAL CENTRE"},"geometry":{"type":"Polygon","coordinates":[[[-1.81549,52.47274],[-1.77704,52.45203],[-1.82957,52.43906],[-1.81892,52.47253],[-1.81549,52.47274]]]}},{"type":"Feature","properties":{"source_code":"M85094","codes":["M85094"],"label":"YARDLEY MEDICAL CENTRE"},"geometry":{"type":"Polygon","coordinates":[[[-1.85532,52.47353],[-1.82558,52.48414],[-1.81002,52.48296],[-1.79652,52.47384],[-1.77485,52.46393],[-1.78202,52.44461],[-1.82673,52.44217],[-1.85497,52.45376],[-1.87197,52.46511],[-1.85532,52.47353]]]}},{"type":"Feature","properties":{"source_code":"M85164","codes":["M85164"],"label":"NEWPORT MEDICAL GROUP"},"geometry":{"type":"Polygon","coordinates":[[[-1.8845,52.47651],[-1.80862,52.47274],[-1.8306,52.41268],[-1.93977,52.44325],[-1.8845,52.47651]]]}},{"type":"Feature","properties":{"source_code":"M85174","codes":["M85174"],"label":"THE BROOK SURGERY"},"geometry":{"type":"MultiPolygon","coordinates":[[[[-1.89208,52.4365],[-1.89209,52.4365],[-1.89222,52.43655],[-1.89208,52.4365]]],[[[-1.86013,52.43685],[-1.86017,52.43689],[-1.86014,52.43689],[-1.86013,52.43685]]],[[[-1.86014,52.43689],[-1.86019,52.43721],[-1.85994,52.43689],[-1.86014,52.43689]]],[[[-1.86019,52.43721],[-1.86891,52.44821],[-1.86997,52.44766],[-1.86017,52.43689],[-1.88317,52.43661],[-1.89147,52.43655],[-1.8915,52.43651],[-1.88317,52.43661],[-1.86012,52.43676],[-1.86013,52.43685],[-1.85995,52.43665],[-1.86167,52.42514],[-1.89018,52.43579],[-1.86201,52.42566],[-1.8916,52.43633],[-1.8916,52.43632],[-1.89018,52.43579],[-1.89161,52.4363],[-1.89171,52.43613],[-1.89162,52.43631],[-1.89216,52.4365],[-1.89209,52.4365],[-1.89161,52.43632],[-1.89161,52.43633],[-1.89208,52.4365],[-1.89152,52.43651],[-1.89149,52.43655],[-1.89214,52.43655],[-1.88879,52.44303],[-1.881,52.46665],[-1.87557,52.47107],[-1.8621,52.46331],[-1.86154,52.45209],[-1.86247,52.4516],[-1.86019,52.43721]]]]}},{"type":"Feature","properties":{"source_code":"M85794","codes":["M85794"],"label":"THE BALAJI SURGERY, THE SPARKBROOK CHC"},"geometry":{"type":"Polygon","coordinates":[[[-1.84021,52.50118],[-1.82751,52.49783],[-1.82304,52.49658],[-1.81686,52.49428],[-1.8124,52.48884],[-1.81034,52.48257],[-1.80897,52.47818],[-1.81103,52.47149],[-1.81103,52.46772],[-1.81686,52.45998],[-1.81755,52.45434],[-1.81824,52.44638],[-1.81995,52.44199],[-1.82373,52.43529],[-1.82476,52.42838],[-1.82864,52.42465],[-1.82854,52.42441],[-1.84124,52.41959],[-1.83815,52.41352],[-1.84364,52.40807],[-1.87901,52.41373],[-1.89411,52.41687],[-1.90338,52.41854],[-1.91806,52.42717],[-1.9202,52.42399],[-1.91986,52.42797],[-1.9199,52.42824],[-1.92192,52.42943],[-1.9204,52.43156],[-1.92055,52.43257],[-1.92055,52.44345],[-1.9202,52.45078],[-1.91917,52.45664],[-1.9178,52.46668],[-1.91334,52.47379],[-1.91402,52.48341],[-1.90887,52.48801],[-1.90132,52.48947],[-1.89171,52.48968],[-1.88313,52.49093],[-1.87345,52.49408],[-1.87351,52.49428],[-1.86235,52.49705],[-1.85858,52.49877],[-1.85829,52.49806],[-1.85669,52.49846],[-1.84673,52.50076],[-1.84021,52.50118]],[[-1.8733,52.49359],[-1.87478,52.4914],[-1.87289,52.49226],[-1.8733,52.49359]]]}},{"type":"Feature","properties":{"source_code":"M85084","codes":["M85084"],"label":"THE WAND MEDICAL CENTRE"},"geometry":{"type":"Polygon","coordinates":[[[-1.9096,52.45593],[-1.89205,52.48738],[-1.86081,52.46354],[-1.87111,52.44366],[-1.9096,52.45593]]]}},{"type":"Feature","properties":{"source_code":"M85713","codes":["M85713"],"label":"HIGHGATE MEDICAL CENTRE"},"geometry":{"type":"Polygon","coordinates":[[[-1.91608,52.46438],[-1.89514,52.47933],[-1.86167,52.47452],[-1.84999,52.46197],[-1.84639,52.44743],[-1.90475,52.44094],[-1.91608,52.46438]]]}},{"type":"Feature","properties":{"source_code":"M85124","codes":["M85124"],"label":"BELLEVUE MEDICAL CENTRE"},"geometry":{"type":"Polygon","coordinates":[[[-1.8881,52.49219],[-1.87609,52.47912],[-1.87523,52.47149],[-1.88673,52.46312],[-1.88845,52.45036],[-1.88828,52.44633],[-1.89214,52.4434],[-1.89291,52.43984],[-1.90149,52.44419],[-1.90527,52.44199],[-1.90381,52.43786],[-1.91286,52.43763],[-1.91286,52.43762],[-1.91261,52.43762],[-1.91284,52.43753],[-1.91282,52.43736],[-1.91763,52.43566],[-1.92038,52.43453],[-1.92759,52.43841],[-1.92947,52.43684],[-1.93655,52.4434],[-1.93441,52.44516],[-1.93613,52.44631],[-1.9357,52.44717],[-1.94273,52.44944],[-1.94544,52.44994],[-1.94647,52.45465],[-1.94273,52.46035],[-1.94273,52.46111],[-1.94419,52.46263],[-1.94372,52.46506],[-1.94552,52.46521],[-1.94896,52.46751],[-1.94969,52.46984],[-1.95012,52.47219],[-1.94342,52.47162],[-1.93583,52.47201],[-1.93012,52.47172],[-1.92201,52.47222],[-1.91905,52.47293],[-1.918,52.47331],[-1.91386,52.47562],[-1.90693,52.48008],[-1.90716,52.48111],[-1.90681,52.48111],[-1.90534,52.48111],[-1.89802,52.48583],[-1.89789,52.48592],[-1.89787,52.48592],[-1.89772,52.48602],[-1.89787,52.48592],[-1.89222,52.48602],[-1.8881,52.49219]],[[-1.89813,52.48574],[-1.9051,52.48111],[-1.90458,52.48111],[-1.89813,52.48574]],[[-1.90683,52.47963],[-1.90925,52.47818],[-1.90681,52.47954],[-1.90683,52.47963]],[[-1.91322,52.44031],[-1.91291,52.43804],[-1.91284,52.43808],[-1.91322,52.44031]]]}},{"type":"Feature","properties":{"source_code":"M85717","codes":["M85717"],"label":"DOWNSFIELD MEDICAL CENTRE"},"geometry":{"type":"Polygon","coordinates":[[[-1.78391,52.45203],[-1.82064,52.45957],[-1.8239,52.49292],[-1.79335,52.49219],[-1.77034,52.48498],[-1.73258,52.47619],[-1.7767,52.41436],[-1.78699,52.45182],[-1.78391,52.45203]]]}},{"type":"Feature","properties":{"source_code":"M85749","codes":["M85749"],"label":"AUBREY ROAD MEDICAL CENTRE"},"geometry":{"type":"Polygon","coordinates":[[[-1.87214,52.48006],[-1.81858,52.48613],[-1.81068,52.4671],[-1.8318,52.45538],[-1.85326,52.46061],[-1.87214,52.48006]]]}},{"type":"Feature","properties":{"source_code":"M85146","codes":["M85146"],"label":"THE KHATTAK MEMORIAL SURGERY"},"geometry":{"type":"MultiPolygon","coordinates":[[[[-1.9075,52.44429],[-1.90738,52.44452],[-1.90748,52.44432],[-1.9075,52.44429]]],[[[-1.90738,52.44452],[-1.89926,52.46145],[-1.89554,52.46717],[-1.90738,52.44452]]],[[[-1.89554,52.46717],[-1.88759,52.48236],[-1.88564,52.48238],[-1.89554,52.46717]]],[[[-1.90748,52.44432],[-1.8972,52.45706],[-1.8663,52.4694],[-1.86287,52.46856],[-1.87956,52.48246],[-1.79695,52.48341],[-1.84502,52.42734],[-1.87162,52.43754],[-1.90784,52.44356],[-1.90748,52.44432]]],[[[-1.87956,52.48246],[-1.88564,52.48238],[-1.88347,52.48571],[-1.87956,52.48246]]]]}},{"type":"Feature","properties":{"source_code":"M85005","codes":["M85005"],"label":"THE PARK MEDICAL CENTRE"},"geometry":{"type":"Polygon","coordinates":[[[-1.84896,52.4603],[-1.85896,52.46453],[-1.85592,52.47222],[-1.86441,52.47525],[-1.85429,52.47672],[-1.83386,52.48017],[-1.82648,52.48027],[-1.81257,52.47755],[-1.82107,52.47881],[-1.81832,52.4717],[-1.80995,52.46914],[-1.81137,52.46553],[-1.81395,52.46145],[-1.82682,52.46249],[-1.84896,52.4603]]]}},{"type":"Feature","properties":{"source_code":"M85024","codes":["M85024"],"label":"THE LIMES MEDICAL CENTRE"},"geometry":{"type":"Polygon","coordinates":[[[-1.87042,52.46584],[-1.87866,52.47619],[-1.80983,52.47797],[-1.83936,52.46604],[-1.87008,52.45538],[-1.87042,52.46584]]]}}]}