{"type":"FeatureCollection","metadata":{"bundle_id":"bundle-015","practice_count":193,"feature_count":188},"features":[{"type":"Feature","properties":{"source_code":"P85002","codes":["P85002"],"label":"St Mary's Medical Centre"},"geometry":{"type":"Polygon","coordinates":[[[-2.07994,53.53771],[-2.08562,53.53847],[-2.08856,53.53564],[-2.0847,53.53026],[-2.08752,53.52977],[-2.09335,53.53274],[-2.09692,53.53417],[-2.10315,53.53026],[-2.1071,53.52837],[-2.11131,53.52699],[-2.11085,53.52397],[-2.1212,53.52367],[-2.12434,53.5231],[-2.12903,53.52671],[-2.13467,53.52894],[-2.13084,53.53579],[-2.12263,53.53952],[-2.12558,53.54816],[-2.12045,53.55114],[-2.12051,53.55593],[-2.12067,53.55834],[-2.12043,53.56075],[-2.11735,53.56275],[-2.114,53.56469],[-2.10948,53.56746],[-2.09702,53.56496],[-2.08399,53.56755],[-2.08178,53.56889],[-2.0748,53.57094],[-2.06942,53.56929],[-2.05702,53.5603],[-2.05595,53.55813],[-2.05702,53.55556],[-2.05746,53.55319],[-2.06245,53.55174],[-2.06703,53.55041],[-2.06869,53.54816],[-2.07539,53.54831],[-2.07865,53.54653],[-2.07685,53.545],[-2.0777,53.54245],[-2.07994,53.53771]]]}},{"type":"Feature","properties":{"source_code":"P89030","codes":["P89030"],"label":"West End Medical Centre"},"geometry":{"type":"Polygon","coordinates":[[[-2.0826,53.49412],[-2.08284,53.49406],[-2.08242,53.49412],[-2.07916,53.49264],[-2.07762,53.49331],[-2.06637,53.48907],[-2.06903,53.48539],[-2.0832,53.48743],[-2.08955,53.48697],[-2.09719,53.48529],[-2.0959,53.48365],[-2.1098,53.47471],[-2.11822,53.47543],[-2.12326,53.48098],[-2.12362,53.48084],[-2.12334,53.48107],[-2.12337,53.4811],[-2.12239,53.48183],[-2.11229,53.48999],[-2.10732,53.49028],[-2.09966,53.49146],[-2.09993,53.49228],[-2.09255,53.49279],[-2.09229,53.49366],[-2.0826,53.49412]]]}},{"type":"Feature","properties":{"source_code":"P89613","codes":["P89613"],"label":"Waterloo Medical Centre"},"geometry":{"type":"Polygon","coordinates":[[[-2.09959,53.49213],[-2.1147,53.49387],[-2.12191,53.50061],[-2.11916,53.51306],[-2.08809,53.51521],[-2.08105,53.50377],[-2.09959,53.49213]]]}},{"type":"Feature","properties":{"source_code":"P86001","codes":["P86001"],"label":"Milnrow Village Practice"},"geometry":{"type":"MultiPolygon","coordinates":[[[[-2.11883,53.61065],[-2.11669,53.61043],[-2.11531,53.6094],[-2.10794,53.60378],[-2.10805,53.60368],[-2.11502,53.60149],[-2.118,53.60169],[-2.12302,53.60211],[-2.12714,53.60434],[-2.13515,53.60731],[-2.1332,53.60947],[-2.1291,53.61164],[-2.11883,53.61065]]],[[[-2.12897,53.61625],[-2.12853,53.61733],[-2.12817,53.61826],[-2.12878,53.6191],[-2.12874,53.62017],[-2.12718,53.61996],[-2.1254,53.61903],[-2.12181,53.6154],[-2.12105,53.61628],[-2.12055,53.61734],[-2.11726,53.61746],[-2.11473,53.61647],[-2.11416,53.6165],[-2.11422,53.61643],[-2.11397,53.61651],[-2.11416,53.6165],[-2.11126,53.62018],[-2.10943,53.62373],[-2.11321,53.62626],[-2.11193,53.6296],[-2.11015,53.63015],[-2.10767,53.62958],[-2.10606,53.63131],[-2.10169,53.63048],[-2.1042,53.62793],[-2.09869,53.62451],[-2.098,53.62014],[-2.09193,53.62081],[-2.09178,53.62176],[-2.09131,53.62242],[-2.09134,53.62006],[-2.08913,53.61789],[-2.09437,53.61694],[-2.08941,53.61602],[-2.08505,53.61728],[-2.06756,53.61781],[-2.07256,53.61587],[-2.07344,53.61249],[-2.06508,53.61257],[-2.05898,53.61074],[-2.05759,53.608],[-2.05852,53.60398],[-2.06545,53.60424],[-2.0692,53.60515],[-2.07327,53.60434],[-2.07599,53.60512],[-2.07742,53.60465],[-2.07885,53.60428],[-2.08027,53.60323],[-2.08025,53.60219],[-2.08197,53.60117],[-2.08282,53.60005],[-2.08935,53.59874],[-2.08779,53.59343],[-2.0921,53.59651],[-2.09474,53.59715],[-2.10339,53.59538],[-2.11516,53.59695],[-2.10805,53.60368],[-2.10788,53.60373],[-2.10794,53.60378],[-2.10788,53.60384],[-2.11531,53.6094],[-2.11666,53.61043],[-2.11669,53.61043],[-2.1167,53.61044],[-2.11883,53.61065],[-2.12901,53.61166],[-2.12738,53.61391],[-2.12897,53.61625]]]]}},{"type":"Feature","properties":{"source_code":"P86022","codes":["P86022"],"label":"Stonefield Street Surgery"},"geometry":{"type":"Polygon","coordinates":[[[-2.13238,53.65652],[-2.11813,53.65507],[-2.1047,53.65527],[-2.10083,53.65196],[-2.09371,53.64405],[-2.09247,53.64367],[-2.09363,53.64273],[-2.0959,53.64158],[-2.0989,53.63937],[-2.09852,53.63784],[-2.09564,53.63408],[-2.09148,53.63217],[-2.08727,53.62728],[-2.08457,53.62502],[-2.08139,53.62092],[-2.08225,53.61288],[-2.07045,53.60269],[-2.08264,53.60037],[-2.08779,53.58779],[-2.09405,53.58769],[-2.10478,53.58866],[-2.1201,53.59676],[-2.11671,53.60078],[-2.12311,53.60157],[-2.12796,53.60386],[-2.13025,53.60516],[-2.13203,53.60623],[-2.13624,53.60717],[-2.13568,53.6074],[-2.13504,53.60834],[-2.13495,53.60891],[-2.13444,53.61003],[-2.13332,53.61102],[-2.13182,53.61283],[-2.12929,53.61593],[-2.12907,53.61647],[-2.12804,53.61647],[-2.12727,53.61647],[-2.12718,53.62041],[-2.12723,53.62202],[-2.12667,53.6237],[-2.12774,53.62344],[-2.12869,53.62347],[-2.12955,53.6238],[-2.1286,53.62492],[-2.13092,53.62782],[-2.13225,53.62784],[-2.13388,53.62746],[-2.13427,53.62843],[-2.13555,53.62848],[-2.1365,53.62797],[-2.13697,53.627],[-2.13744,53.62634],[-2.13916,53.62787],[-2.1402,53.62887],[-2.1402,53.62879],[-2.14024,53.62892],[-2.14042,53.62909],[-2.14063,53.62913],[-2.14078,53.62911],[-2.14062,53.62927],[-2.1404,53.62943],[-2.1404,53.62942],[-2.13988,53.62976],[-2.13931,53.6301],[-2.13891,53.63035],[-2.13945,53.63113],[-2.13979,53.63187],[-2.1405,53.63323],[-2.14101,53.63406],[-2.14111,53.63489],[-2.14115,53.63516],[-2.14177,53.63587],[-2.14166,53.63615],[-2.1417,53.63663],[-2.14186,53.6369],[-2.14194,53.63703],[-2.14245,53.63736],[-2.14297,53.63752],[-2.14317,53.63764],[-2.14347,53.63781],[-2.14407,53.63836],[-2.14422,53.63893],[-2.1443,53.6394],[-2.14456,53.64061],[-2.14504,53.64178],[-2.14482,53.64186],[-2.14481,53.642],[-2.14492,53.64189],[-2.14482,53.64207],[-2.14467,53.6425],[-2.14431,53.64326],[-2.14472,53.64444],[-2.14469,53.64526],[-2.14476,53.6461],[-2.14491,53.647],[-2.14534,53.64967],[-2.14289,53.65471],[-2.13759,53.65526],[-2.13238,53.65652]]]}},{"type":"Feature","properties":{"source_code":"Y02753","codes":["Y02753"],"label":"Hill Top Surgery"},"geometry":{"type":"Polygon","coordinates":[[[-2.13341,53.54276],[-2.12867,53.54274],[-2.12392,53.54211],[-2.12302,53.54023],[-2.11504,53.53709],[-2.10011,53.54204],[-2.09032,53.54072],[-2.07916,53.53725],[-2.04895,53.52301],[-2.04668,53.51947],[-2.05041,53.51665],[-2.05225,53.51362],[-2.05667,53.51018],[-2.05685,53.50708],[-2.05856,53.50326],[-2.0586,53.50171],[-2.06206,53.49934],[-2.07835,53.49833],[-2.08828,53.496],[-2.09921,53.49654],[-2.11186,53.49713],[-2.12032,53.49813],[-2.12583,53.49945],[-2.1298,53.50438],[-2.13693,53.51541],[-2.15229,53.525],[-2.13341,53.54276]]]}},{"type":"Feature","properties":{"source_code":"Y02586","codes":["Y02586"],"label":"Ashton Gp Service"},"geometry":{"type":"Polygon","coordinates":[[[-2.12191,53.49785],[-2.07882,53.51521],[-2.0565,53.5098],[-2.06337,53.4859],[-2.11538,53.47569],[-2.12191,53.49785]]]}},{"type":"Feature","properties":{"source_code":"P88019","codes":["P88019"],"label":"Alvanley Family Practice"},"geometry":{"type":"Polygon","coordinates":[[[-2.13796,53.41542],[-2.12457,53.42365],[-2.10234,53.4324],[-2.09305,53.43351],[-2.08799,53.43423],[-2.08367,53.43349],[-2.08247,53.43048],[-2.08139,53.42729],[-2.07963,53.4237],[-2.07403,53.4153],[-2.08189,53.41025],[-2.09633,53.40569],[-2.10453,53.40552],[-2.11684,53.40825],[-2.13796,53.41542]]]}},{"type":"Feature","properties":{"source_code":"P88625","codes":["P88625"],"label":"Archwood Medical Practice"},"geometry":{"type":"Polygon","coordinates":[[[-2.12002,53.42324],[-2.11092,53.42432],[-2.10182,53.42621],[-2.10161,53.42887],[-2.09762,53.43061],[-2.0932,53.43224],[-2.08878,53.43367],[-2.08427,53.43562],[-2.08097,53.43787],[-2.0759,53.44063],[-2.07281,53.43828],[-2.0717,53.43782],[-2.06989,53.43828],[-2.06783,53.43848],[-2.0638,53.43889],[-2.06114,53.43644],[-2.06148,53.43296],[-2.06371,53.43163],[-2.06575,53.43077],[-2.06745,53.4293],[-2.07049,53.42779],[-2.06903,53.42375],[-2.06509,53.42273],[-2.06322,53.42162],[-2.06307,53.4202],[-2.06431,53.41777],[-2.06766,53.41291],[-2.07788,53.40871],[-2.08163,53.40917],[-2.08556,53.40759],[-2.08914,53.40662],[-2.09169,53.40319],[-2.0929,53.40163],[-2.09444,53.40211],[-2.09719,53.40308],[-2.10268,53.40216],[-2.10972,53.40421],[-2.12002,53.42324]]]}},{"type":"Feature","properties":{"source_code":"P88009","codes":["P88009"],"label":"Woodley Village Surgery"},"geometry":{"type":"Polygon","coordinates":[[[-2.12131,53.42626],[-2.10774,53.43263],[-2.10296,53.43251],[-2.10092,53.43293],[-2.09513,53.43357],[-2.08517,53.4441],[-2.08414,53.4532],[-2.04775,53.45105],[-2.03093,53.44635],[-2.03247,53.43352],[-2.03526,53.41401],[-2.03221,53.41206],[-2.03552,53.41043],[-2.0394,53.40967],[-2.04097,53.40718],[-2.0512,53.40601],[-2.05247,53.40646],[-2.07461,53.41008],[-2.07768,53.40927],[-2.08337,53.40909],[-2.09118,53.40626],[-2.09326,53.40394],[-2.09689,53.40439],[-2.11693,53.4081],[-2.1204,53.41009],[-2.12324,53.41444],[-2.13508,53.41339],[-2.13568,53.41611],[-2.1298,53.41715],[-2.12131,53.42626]]]}},{"type":"Feature","properties":{"source_code":"P85021","codes":["P85021"],"label":"Greenbank Medical Practice"},"geometry":{"type":"MultiPolygon","coordinates":[[[[-2.0758,53.56212],[-2.07779,53.56203],[-2.07573,53.56218],[-2.0758,53.56212]]],[[[-2.11856,53.56193],[-2.11822,53.56142],[-2.11783,53.56091],[-2.11663,53.56081],[-2.11513,53.56048],[-2.11345,53.56014],[-2.11208,53.55994],[-2.11028,53.56012],[-2.1092,53.56042],[-2.1077,53.56065],[-2.10693,53.56093],[-2.10556,53.56091],[-2.10431,53.56096],[-2.10337,53.56096],[-2.10234,53.56073],[-2.10096,53.5605],[-2.09813,53.56042],[-2.09521,53.56045],[-2.0892,53.56037],[-2.08732,53.5604],[-2.08418,53.56032],[-2.08161,53.56019],[-2.07826,53.56009],[-2.0768,53.56127],[-2.0758,53.56212],[-2.07564,53.56213],[-2.07457,53.56295],[-2.07376,53.56279],[-2.07208,53.56313],[-2.07135,53.56325],[-2.07002,53.56361],[-2.06848,53.56402],[-2.06693,53.56448],[-2.0659,53.56466],[-2.06483,53.56458],[-2.06324,53.56445],[-2.06243,53.56425],[-2.06075,53.56356],[-2.06024,53.56282],[-2.05994,53.56216],[-2.05934,53.56183],[-2.05839,53.56121],[-2.05693,53.56035],[-2.05676,53.55986],[-2.05637,53.55889],[-2.05603,53.55836],[-2.05513,53.5577],[-2.05397,53.55749],[-2.05273,53.55663],[-2.05058,53.55589],[-2.04852,53.55558],[-2.04732,53.5554],[-2.0459,53.55517],[-2.04423,53.55476],[-2.04401,53.55428],[-2.04363,53.55367],[-2.04354,53.55311],[-2.04329,53.55227],[-2.04303,53.55171],[-2.04277,53.55097],[-2.0426,53.55015],[-2.04234,53.54946],[-2.04195,53.54852],[-2.04187,53.54775],[-2.04161,53.54696],[-2.04135,53.54599],[-2.0417,53.5451],[-2.04217,53.54452],[-2.04238,53.54385],[-2.0429,53.54314],[-2.04333,53.54219],[-2.04337,53.54153],[-2.0432,53.54097],[-2.0432,53.54038],[-2.0429,53.5398],[-2.04251,53.53896],[-2.04195,53.53809],[-2.04195,53.53748],[-2.04329,53.53612],[-2.04474,53.53442],[-2.04595,53.5336],[-2.04826,53.53304],[-2.0514,53.53243],[-2.05268,53.53161],[-2.05268,53.5311],[-2.05436,53.52942],[-2.05367,53.52804],[-2.0532,53.5262],[-2.05303,53.5247],[-2.05303,53.52355],[-2.05612,53.52329],[-2.05822,53.52286],[-2.05801,53.52041],[-2.05921,53.5197],[-2.05946,53.51898],[-2.05989,53.51743],[-2.06054,53.51663],[-2.06213,53.5162],[-2.06307,53.51582],[-2.06328,53.51518],[-2.06393,53.51454],[-2.06491,53.51416],[-2.0665,53.51439],[-2.06749,53.51449],[-2.06805,53.51449],[-2.06865,53.51403],[-2.06951,53.5135],[-2.07058,53.51309],[-2.07122,53.51283],[-2.07273,53.51232],[-2.0735,53.51199],[-2.07406,53.51153],[-2.07483,53.5111],[-2.07564,53.51097],[-2.07633,53.51066],[-2.07706,53.51033],[-2.07762,53.51008],[-2.0777,53.51092],[-2.0777,53.51135],[-2.0777,53.51189],[-2.07783,53.51214],[-2.07908,53.51212],[-2.08049,53.51186],[-2.08182,53.51143],[-2.08294,53.5111],[-2.08358,53.51089],[-2.08466,53.51097],[-2.08616,53.51069],[-2.08672,53.51054],[-2.08762,53.5098],[-2.0889,53.50934],[-2.08985,53.5087],[-2.09075,53.50854],[-2.09204,53.50842],[-2.09315,53.50854],[-2.0941,53.50852],[-2.09586,53.5086],[-2.09714,53.5086],[-2.09968,53.50867],[-2.10324,53.50918],[-2.10538,53.51043],[-2.10706,53.51043],[-2.10727,53.51092],[-2.10744,53.51168],[-2.10736,53.51273],[-2.10766,53.51355],[-2.1077,53.51421],[-2.10779,53.51469],[-2.10804,53.51536],[-2.10813,53.51592],[-2.10835,53.51653],[-2.10843,53.51717],[-2.10856,53.51758],[-2.10877,53.51842],[-2.10903,53.51911],[-2.10946,53.5199],[-2.10976,53.52054],[-2.10993,53.52118],[-2.11109,53.52151],[-2.11139,53.52176],[-2.11195,53.52197],[-2.11302,53.52227],[-2.11349,53.52276],[-2.11547,53.52337],[-2.11616,53.52385],[-2.11513,53.52444],[-2.11491,53.52498],[-2.12624,53.52488],[-2.11594,53.52521],[-2.11697,53.52539],[-2.11843,53.52541],[-2.11942,53.52539],[-2.11993,53.52582],[-2.12058,53.52633],[-2.12105,53.52676],[-2.12169,53.5273],[-2.12246,53.52796],[-2.12337,53.52863],[-2.12465,53.52982],[-2.12654,53.53125],[-2.12834,53.53253],[-2.12963,53.5338],[-2.13096,53.53485],[-2.1313,53.53505],[-2.13092,53.53556],[-2.13045,53.53615],[-2.1301,53.53699],[-2.12993,53.53758],[-2.12972,53.53824],[-2.12963,53.53913],[-2.12929,53.54005],[-2.12916,53.54135],[-2.12903,53.54202],[-2.12882,53.54316],[-2.12873,53.54395],[-2.12839,53.545],[-2.1283,53.54579],[-2.1283,53.54635],[-2.12821,53.54678],[-2.12761,53.54727],[-2.12697,53.54773],[-2.12671,53.54831],[-2.12774,53.54913],[-2.1289,53.54984],[-2.12942,53.5503],[-2.12839,53.55074],[-2.1277,53.55109],[-2.1277,53.55143],[-2.1277,53.55199],[-2.12761,53.55257],[-2.13079,53.55326],[-2.13182,53.55464],[-2.13191,53.5554],[-2.13156,53.55703],[-2.13015,53.55734],[-2.12882,53.55772],[-2.12834,53.55808],[-2.12731,53.55851],[-2.12667,53.55897],[-2.12573,53.55938],[-2.12512,53.55981],[-2.12422,53.56027],[-2.12345,53.56055],[-2.12221,53.56065],[-2.12122,53.5607],[-2.12049,53.56093],[-2.11972,53.56152],[-2.11925,53.56175],[-2.11856,53.56193]]]]}},{"type":"Feature","properties":{"source_code":"P85014","codes":["P85014"],"label":"Hopwood House Medical Practice"},"geometry":{"type":"Polygon","coordinates":[[[-2.09564,53.59902],[-2.0874,53.60351],[-2.0771,53.60351],[-2.06886,53.59984],[-2.05788,53.59495],[-2.0359,53.59984],[-2.02698,53.62428],[-2.00226,53.60473],[-1.98303,53.58191],[-1.96724,53.54847],[-1.98029,53.52643],[-2.0002,53.52521],[-2.03522,53.52276],[-2.04964,53.52602],[-2.0771,53.52194],[-2.12929,53.51092],[-2.16019,53.50438],[-2.16911,53.50561],[-2.17117,53.51949],[-2.16156,53.52684],[-2.15195,53.54806],[-2.16774,53.54684],[-2.17392,53.55173],[-2.15607,53.56315],[-2.15881,53.57335],[-2.15675,53.58272],[-2.09564,53.59902]]]}},{"type":"Feature","properties":{"source_code":"P85015","codes":["P85015"],"label":"Alexandra Group Med Pract"},"geometry":{"type":"MultiPolygon","coordinates":[[[[-2.10804,53.51591],[-2.10798,53.51583],[-2.108,53.51579],[-2.10804,53.51591]]],[[[-2.10806,53.51597],[-2.10804,53.51591],[-2.10809,53.51597],[-2.10806,53.51597]]],[[[-2.06955,53.56927],[-2.0676,53.56847],[-2.06528,53.56667],[-2.06464,53.56611],[-2.06453,53.56613],[-2.06071,53.56562],[-2.06026,53.56257],[-2.05728,53.56068],[-2.05597,53.55846],[-2.05658,53.55613],[-2.05723,53.55459],[-2.05745,53.55367],[-2.05732,53.55283],[-2.05729,53.55139],[-2.05665,53.55027],[-2.0526,53.54882],[-2.0505,53.54865],[-2.05067,53.54663],[-2.04989,53.54518],[-2.04852,53.54304],[-2.0493,53.5425],[-2.04983,53.5419],[-2.04955,53.54028],[-2.04996,53.53899],[-2.05025,53.53831],[-2.04942,53.53764],[-2.0486,53.53643],[-2.0488,53.53512],[-2.04951,53.53425],[-2.04981,53.53382],[-2.04992,53.53341],[-2.05175,53.53311],[-2.05361,53.533],[-2.05451,53.5327],[-2.05563,53.53287],[-2.05747,53.53336],[-2.05792,53.53315],[-2.05838,53.53269],[-2.05976,53.53206],[-2.06062,53.532],[-2.06165,53.53202],[-2.06234,53.53243],[-2.06288,53.5329],[-2.06522,53.53406],[-2.06848,53.53054],[-2.07033,53.52891],[-2.07119,53.52831],[-2.07202,53.52752],[-2.07392,53.52631],[-2.07499,53.52581],[-2.07642,53.52541],[-2.08054,53.52398],[-2.08448,53.52192],[-2.08835,53.52209],[-2.09108,53.52193],[-2.09286,53.52172],[-2.09747,53.52103],[-2.0981,53.51944],[-2.10124,53.51757],[-2.10156,53.51743],[-2.10317,53.51569],[-2.10806,53.51597],[-2.1083,53.51663],[-2.1089,53.51837],[-2.10501,53.51977],[-2.10977,53.52044],[-2.10995,53.52115],[-2.11154,53.52107],[-2.11571,53.51897],[-2.11718,53.5188],[-2.11861,53.51882],[-2.11869,53.52152],[-2.12234,53.52014],[-2.12268,53.52322],[-2.12165,53.52346],[-2.12088,53.52442],[-2.11976,53.52541],[-2.12495,53.52975],[-2.12643,53.5312],[-2.12877,53.53255],[-2.13152,53.53444],[-2.12997,53.53847],[-2.12929,53.54357],[-2.1286,53.54602],[-2.12671,53.54816],[-2.1292,53.54969],[-2.13306,53.55336],[-2.13538,53.55448],[-2.13881,53.55612],[-2.13753,53.55689],[-2.13573,53.55691],[-2.13238,53.55703],[-2.12886,53.55782],[-2.12607,53.55948],[-2.12343,53.56058],[-2.12105,53.5607],[-2.1186,53.56183],[-2.11772,53.56106],[-2.11586,53.56065],[-2.11307,53.56013],[-2.11159,53.56001],[-2.11004,53.56027],[-2.10864,53.56077],[-2.10711,53.56099],[-2.10524,53.56102],[-2.10365,53.5611],[-2.1018,53.56076],[-2.10023,53.56021],[-2.09805,53.55969],[-2.09084,53.55887],[-2.08637,53.55907],[-2.08019,53.55867],[-2.07676,53.56132],[-2.07436,53.56417],[-2.06955,53.56927]]]]}},{"type":"Feature","properties":{"source_code":"P85622","codes":["P85622"],"label":"Glodwick Medical Practice"},"geometry":{"type":"Polygon","coordinates":[[[-1.90845,53.4822],[-2.08243,53.48153],[-2.21802,53.49646],[-2.23679,53.57415],[-1.91813,53.59155],[-1.90845,53.4822]]]}},{"type":"Feature","properties":{"source_code":"P89022","codes":["P89022"],"label":"King Street Medical Centre"},"geometry":{"type":"Polygon","coordinates":[[[-2.09684,53.48498],[-2.08775,53.48713],[-2.06972,53.48355],[-2.05994,53.47855],[-2.06285,53.46516],[-2.0886,53.45923],[-2.10199,53.4715],[-2.09684,53.48498]]]}},{"type":"Feature","properties":{"source_code":"P89025","codes":["P89025"],"label":"Town Hall Surgery"},"geometry":{"type":"MultiPolygon","coordinates":[[[[-2.09243,53.48226],[-2.09332,53.48213],[-2.09378,53.48209],[-2.09299,53.48229],[-2.09243,53.48226]]],[[[-2.09378,53.48209],[-2.09403,53.48202],[-2.09332,53.48213],[-2.09285,53.48217],[-2.09242,53.48226],[-2.09243,53.48226],[-2.08972,53.48267],[-2.08888,53.48196],[-2.08148,53.4821],[-2.078,53.48155],[-2.07521,53.48008],[-2.06942,53.47972],[-2.06337,53.47872],[-2.06062,53.47748],[-2.06015,53.4774],[-2.0565,53.47561],[-2.0535,53.47425],[-2.05062,53.4682],[-2.05324,53.4658],[-2.0553,53.46582],[-2.08461,53.46498],[-2.0886,53.46534],[-2.0953,53.46524],[-2.0953,53.46537],[-2.10399,53.46926],[-2.10431,53.4706],[-2.10732,53.47175],[-2.10148,53.47783],[-2.09792,53.48174],[-2.09753,53.48174],[-2.09716,53.48178],[-2.09749,53.48179],[-2.0969,53.4818],[-2.09378,53.48209]]],[[[-2.09343,53.48187],[-2.09343,53.48187],[-2.09316,53.48187],[-2.09343,53.48187]]],[[[-2.09531,53.48041],[-2.09526,53.48015],[-2.09526,53.48019],[-2.09531,53.48041]]]]}},{"type":"Feature","properties":{"source_code":"P85017","codes":["P85017"],"label":"Oak Gables Medical Practice"},"geometry":{"type":"Polygon","coordinates":[[[-2.09478,53.5723],[-2.09813,53.57225],[-2.09985,53.57289],[-2.10328,53.57523],[-2.11118,53.57681],[-2.11169,53.57844],[-2.11547,53.5813],[-2.11719,53.58201],[-2.11802,53.58271],[-2.11714,53.58474],[-2.11701,53.58751],[-2.1147,53.58853],[-2.1044,53.58833],[-2.10217,53.58802],[-2.09976,53.58731],[-2.0959,53.58461],[-2.09333,53.58525],[-2.09144,53.58588],[-2.088,53.5935],[-2.08457,53.58879],[-2.07899,53.58639],[-2.07539,53.58369],[-2.0747,53.58272],[-2.07461,53.58063],[-2.07358,53.58002],[-2.07384,53.57895],[-2.07324,53.57768],[-2.07212,53.57651],[-2.08114,53.57457],[-2.09478,53.5723]]]}},{"type":"Feature","properties":{"source_code":"P85614","codes":["P85614"],"label":"Village Medical Practice"},"geometry":{"type":"Polygon","coordinates":[[[-2.09461,53.59821],[-2.05994,53.5762],[-2.11761,53.54316],[-2.13821,53.58537],[-2.09461,53.59821]]]}},{"type":"Feature","properties":{"source_code":"P88017","codes":["P88017"],"label":"Chadsfield Medical Practice"},"geometry":{"type":"Polygon","coordinates":[[[-2.09238,53.42999],[-2.08002,53.43122],[-2.06221,53.43245],[-2.06215,53.43211],[-2.06387,53.431],[-2.06457,53.43065],[-2.06515,53.42984],[-2.06619,53.4291],[-2.0668,53.42875],[-2.06744,53.4284],[-2.068,53.42824],[-2.06865,53.42805],[-2.06941,53.42765],[-2.07001,53.42718],[-2.07038,53.42609],[-2.07039,53.42514],[-2.07035,53.42432],[-2.06996,53.42236],[-2.0671,53.42054],[-2.0652,53.41885],[-2.06317,53.41781],[-2.06245,53.41772],[-2.06164,53.41808],[-2.06088,53.41802],[-2.05983,53.41747],[-2.05885,53.41721],[-2.05832,53.41649],[-2.05728,53.41603],[-2.05535,53.41531],[-2.05427,53.41485],[-2.05389,53.41406],[-2.04813,53.4124],[-2.04133,53.41031],[-2.0389,53.40822],[-2.0374,53.40728],[-2.03612,53.40623],[-2.03399,53.40401],[-2.03393,53.40352],[-2.03547,53.4032],[-2.03747,53.40283],[-2.03865,53.40247],[-2.04093,53.40182],[-2.04277,53.40166],[-2.04453,53.401],[-2.0456,53.40072],[-2.04691,53.40067],[-2.04828,53.40065],[-2.04975,53.40058],[-2.05133,53.40035],[-2.05294,53.39989],[-2.05365,53.39999],[-2.0539,53.40079],[-2.05415,53.40147],[-2.05503,53.40134],[-2.05548,53.40098],[-2.05648,53.4],[-2.05729,53.39937],[-2.0582,53.39881],[-2.0588,53.39697],[-2.05893,53.39638],[-2.05916,53.39604],[-2.06007,53.39519],[-2.06024,53.39481],[-2.06084,53.39464],[-2.06217,53.39436],[-2.06371,53.39438],[-2.06504,53.39456],[-2.0671,53.395],[-2.06946,53.39533],[-2.07092,53.39546],[-2.07298,53.39584],[-2.07474,53.39625],[-2.0765,53.39646],[-2.07921,53.39641],[-2.07989,53.39645],[-2.08062,53.39644],[-2.08217,53.39638],[-2.08466,53.39607],[-2.08727,53.39633],[-2.09088,53.39607],[-2.09311,53.39572],[-2.09472,53.39547],[-2.09534,53.39587],[-2.09586,53.39671],[-2.09676,53.3981],[-2.09732,53.39945],[-2.09712,53.40037],[-2.09661,53.40154],[-2.09723,53.40163],[-2.09781,53.40192],[-2.09777,53.40222],[-2.09811,53.40234],[-2.0989,53.40262],[-2.10036,53.40385],[-2.10114,53.40457],[-2.10242,53.4058],[-2.10304,53.40718],[-2.10443,53.40861],[-2.10504,53.40943],[-2.10654,53.41141],[-2.10564,53.41283],[-2.10551,53.41374],[-2.1056,53.41466],[-2.10566,53.41529],[-2.1059,53.41585],[-2.10738,53.41613],[-2.10881,53.4163],[-2.10883,53.41666],[-2.11081,53.41705],[-2.11249,53.41706],[-2.11504,53.41695],[-2.12002,53.41694],[-2.12087,53.41651],[-2.12191,53.41624],[-2.12306,53.41641],[-2.12508,53.41651],[-2.12604,53.41653],[-2.12698,53.41654],[-2.12815,53.41656],[-2.13007,53.41707],[-2.13251,53.41747],[-2.12019,53.42168],[-2.11101,53.42376],[-2.10148,53.42543],[-2.09238,53.42999]]]}},{"type":"Feature","properties":{"source_code":"P89008","codes":["P89008","P89008001"],"label":"Ashton Medical Group"},"geometry":{"type":"Polygon","coordinates":[[[-2.11727,53.47701],[-2.10697,53.51663],[-2.08466,53.5149],[-2.06543,53.51357],[-2.05616,53.50438],[-2.05444,53.48294],[-2.11727,53.47701]]]}},{"type":"Feature","properties":{"source_code":"P89003","codes":["P89003"],"label":"Albion Medical Practice"},"geometry":{"type":"MultiPolygon","coordinates":[[[[-2.08098,53.47626],[-2.08045,53.47614],[-2.08296,53.47604],[-2.08526,53.47667],[-2.08098,53.47626]]],[[[-2.08264,53.485],[-2.08794,53.48281],[-2.09285,53.48081],[-2.08264,53.485]]],[[[-2.08098,53.47626],[-2.0885,53.478],[-2.09963,53.47627],[-2.09985,53.47616],[-2.10274,53.47677],[-2.12105,53.46925],[-2.11507,53.48605],[-2.12107,53.495],[-2.12137,53.50056],[-2.10721,53.50936],[-2.10613,53.50544],[-2.10562,53.50304],[-2.10405,53.50255],[-2.10339,53.50257],[-2.1032,53.50326],[-2.10335,53.50429],[-2.1039,53.50645],[-2.08775,53.51122],[-2.08436,53.5123],[-2.09147,53.50618],[-2.08363,53.51214],[-2.07872,53.51238],[-2.08436,53.51235],[-2.07484,53.51364],[-2.07532,53.51574],[-2.07176,53.51458],[-2.07024,53.51461],[-2.06807,53.51463],[-2.06642,53.51454],[-2.06446,53.51435],[-2.05934,53.51195],[-2.05539,53.51082],[-2.05603,53.51027],[-2.05667,53.50946],[-2.05685,53.50786],[-2.05644,53.50727],[-2.05618,53.50639],[-2.05652,53.50565],[-2.0582,53.50357],[-2.05846,53.50285],[-2.05893,53.50174],[-2.05981,53.50126],[-2.0621,53.4992],[-2.06468,53.49859],[-2.06861,53.49685],[-2.06869,53.49673],[-2.06816,53.49301],[-2.068,53.49351],[-2.06783,53.49463],[-2.06749,53.49355],[-2.06762,53.49305],[-2.06771,53.49292],[-2.06816,53.49274],[-2.06817,53.4927],[-2.06779,53.49214],[-2.0681,53.49147],[-2.06775,53.49136],[-2.06816,53.49135],[-2.06821,53.49125],[-2.0674,53.49126],[-2.06839,53.49086],[-2.06839,53.49085],[-2.06912,53.49055],[-2.06912,53.49056],[-2.07448,53.48836],[-2.07408,53.48852],[-2.06979,53.49027],[-2.0717,53.48948],[-2.07094,53.48973],[-2.07047,53.48992],[-2.06994,53.4902],[-2.07017,53.49004],[-2.07003,53.4901],[-2.06983,53.49019],[-2.06985,53.49017],[-2.06968,53.49024],[-2.06987,53.49016],[-2.07414,53.48616],[-2.07547,53.47898],[-2.07704,53.47755],[-2.08043,53.47621],[-2.08098,53.47626]]],[[[-2.08264,53.485],[-2.07831,53.48679],[-2.10175,53.47717],[-2.07181,53.48937],[-2.07172,53.48948],[-2.08264,53.485]]],[[[-2.07393,53.48834],[-2.07924,53.48583],[-2.07091,53.48969],[-2.07393,53.48834]]],[[[-2.0697,53.49122],[-2.06972,53.49132],[-2.08878,53.49091],[-2.0697,53.49122]]],[[[-2.06879,53.49134],[-2.06888,53.49124],[-2.06873,53.49124],[-2.06869,53.49131],[-2.06868,53.49134],[-2.06879,53.49134]]],[[[-2.09051,53.49838],[-2.0978,53.50072],[-2.09788,53.50065],[-2.09051,53.49838]]],[[[-2.07264,53.50406],[-2.07455,53.51237],[-2.07522,53.51203],[-2.07264,53.50406]]],[[[-2.07457,53.51241],[-2.07456,53.51241],[-2.07456,53.51241],[-2.07457,53.51241],[-2.07534,53.5124],[-2.07523,53.51206],[-2.07457,53.51241]]]]}},{"type":"Feature","properties":{"source_code":"P89014","codes":["P89014","P89014002"],"label":"Haughton Thornley Medical Centres"},"geometry":{"type":"Polygon","coordinates":[[[-2.12379,53.42508],[-2.135,53.45604],[-2.11023,53.4777],[-2.07058,53.47441],[-2.04728,53.46646],[-2.03938,53.45583],[-2.02483,53.45389],[-2.02603,53.44594],[-2.05195,53.43963],[-2.072,53.42669],[-2.10182,53.41636],[-2.11422,53.42214],[-2.12379,53.42508]]]}},{"type":"Feature","properties":{"source_code":"P85020","codes":["P85020"],"label":"Springfield House"},"geometry":{"type":"Polygon","coordinates":[[[-2.09736,53.54418],[-2.09908,53.54608],[-2.10217,53.54726],[-2.10362,53.55114],[-2.0989,53.55724],[-2.07556,53.56264],[-2.06749,53.5711],[-2.06191,53.57156],[-2.05736,53.57345],[-2.04964,53.57324],[-2.04728,53.57178],[-2.04527,53.56982],[-2.04264,53.56833],[-2.03974,53.56734],[-2.04058,53.56545],[-2.04174,53.56376],[-2.04517,53.56279],[-2.04878,53.56218],[-2.0501,53.56086],[-2.05159,53.55967],[-2.05373,53.55885],[-2.05593,53.55832],[-2.05441,53.55766],[-2.05216,53.55643],[-2.04913,53.55571],[-2.04695,53.55536],[-2.04427,53.55486],[-2.04208,53.54932],[-2.04361,53.54886],[-2.04826,53.54889],[-2.05057,53.54895],[-2.05262,53.54827],[-2.0565,53.54648],[-2.06338,53.54624],[-2.06499,53.54634],[-2.0663,53.54703],[-2.06858,53.54831],[-2.07149,53.5484],[-2.07433,53.5484],[-2.07653,53.5477],[-2.07744,53.54704],[-2.0786,53.54661],[-2.07753,53.54562],[-2.07717,53.54509],[-2.07724,53.54454],[-2.07784,53.54239],[-2.08013,53.53757],[-2.08279,53.5379],[-2.08541,53.53846],[-2.08941,53.54051],[-2.09463,53.54222],[-2.09736,53.54418]]]}},{"type":"Feature","properties":{"source_code":"P89021","codes":["P89021","P89021001"],"label":"DUKINFIELD MEDICAL PRACTICE- BIRCH LANE"},"geometry":{"type":"Polygon","coordinates":[[[-2.09805,53.48148],[-2.09176,53.48244],[-2.09062,53.48245],[-2.08956,53.48235],[-2.08797,53.4816],[-2.08607,53.48189],[-2.08325,53.48209],[-2.08043,53.48142],[-2.07479,53.48033],[-2.07341,53.47962],[-2.07191,53.47978],[-2.07052,53.47991],[-2.06944,53.47929],[-2.06854,53.47869],[-2.0657,53.48012],[-2.06368,53.48088],[-2.06273,53.48115],[-2.06183,53.48124],[-2.06182,53.48109],[-2.06157,53.48016],[-2.06285,53.4799],[-2.0626,53.47947],[-2.06037,53.47918],[-2.05781,53.47764],[-2.04984,53.47331],[-2.04962,53.47285],[-2.05039,53.46828],[-2.05002,53.46307],[-2.05543,53.45967],[-2.06423,53.45617],[-2.07496,53.45284],[-2.08629,53.45417],[-2.08789,53.45664],[-2.08881,53.45992],[-2.08893,53.46598],[-2.09139,53.4693],[-2.09635,53.46971],[-2.10182,53.47145],[-2.10167,53.47436],[-2.10032,53.47667],[-2.0993,53.47745],[-2.09924,53.47819],[-2.09897,53.47902],[-2.09805,53.48148]]]}},{"type":"Feature","properties":{"source_code":"P89002","codes":["P89002"],"label":"The Brooke Surgery"},"geometry":{"type":"Polygon","coordinates":[[[-2.09084,53.46971],[-2.08843,53.46869],[-2.07667,53.47053],[-2.07436,53.46945],[-2.06466,53.47088],[-2.05959,53.47063],[-2.05384,53.46899],[-2.04964,53.46746],[-2.04775,53.46634],[-2.04852,53.46158],[-2.05067,53.45678],[-2.05067,53.4532],[-2.05041,53.45116],[-2.04715,53.43991],[-2.04552,53.43429],[-2.0571,53.43306],[-2.06243,53.43209],[-2.06449,53.43086],[-2.07487,53.43107],[-2.08663,53.43291],[-2.08903,53.43362],[-2.09684,53.44344],[-2.09693,53.44436],[-2.1044,53.44615],[-2.10826,53.44804],[-2.09084,53.46971]]]}},{"type":"Feature","properties":{"source_code":"P89016","codes":["P89016"],"label":"Donneybrook Medical Centre"},"geometry":{"type":"MultiPolygon","coordinates":[[[[-2.09169,53.48575],[-2.06303,53.48396],[-2.04311,53.47497],[-2.04105,53.45801],[-2.05547,53.44349],[-2.08122,53.43183],[-2.12585,53.42795],[-2.13306,53.47538],[-2.09169,53.48575]]],[[[-2.09179,53.48575],[-2.13444,53.47538],[-2.09255,53.4858],[-2.09179,53.48575]]],[[[-2.0874,53.48682],[-2.09169,53.48575],[-2.09179,53.48575],[-2.0874,53.48682]]]]}},{"type":"Feature","properties":{"source_code":"P89012","codes":["P89012"],"label":"Clarendon Medical Centre"},"geometry":{"type":"MultiPolygon","coordinates":[[[[-2.09144,53.43081],[-2.09144,53.43048],[-2.09534,53.42917],[-2.09144,53.43081]]],[[[-2.0506,53.46928],[-2.05076,53.46935],[-2.05059,53.46922],[-2.0506,53.46928],[-2.05054,53.46925],[-2.05053,53.46918],[-2.04706,53.46656],[-2.04607,53.46708],[-2.04535,53.46728],[-2.04273,53.46741],[-2.04015,53.46672],[-2.03741,53.46708],[-2.03384,53.46682],[-2.02127,53.45707],[-2.01885,53.45619],[-2.01582,53.45668],[-2.01183,53.45755],[-2.01149,53.45576],[-2.01363,53.45461],[-2.01633,53.45256],[-2.01749,53.45164],[-2.01882,53.45136],[-2.02243,53.45144],[-2.01869,53.45134],[-2.02462,53.44689],[-2.02376,53.44617],[-2.02174,53.44541],[-2.0238,53.44362],[-2.02947,53.44183],[-2.03007,53.44252],[-2.02912,53.44377],[-2.03337,53.44221],[-2.0353,53.4417],[-2.03565,53.44083],[-2.03882,53.43848],[-2.03938,53.43667],[-2.04105,53.43472],[-2.04178,53.43362],[-2.04277,53.43347],[-2.0438,53.43388],[-2.0453,53.43459],[-2.04934,53.43385],[-2.05097,53.43385],[-2.05359,53.43339],[-2.05509,53.43291],[-2.05612,53.43186],[-2.0574,53.43153],[-2.06075,53.43176],[-2.06247,53.43201],[-2.06461,53.43076],[-2.06522,53.43015],[-2.06783,53.42853],[-2.06912,53.42841],[-2.07165,53.42756],[-2.07689,53.42511],[-2.07792,53.42462],[-2.08024,53.42322],[-2.08084,53.42322],[-2.09118,53.4237],[-2.0932,53.42455],[-2.09577,53.42582],[-2.09766,53.42603],[-2.08651,53.43025],[-2.08663,53.43283],[-2.09144,53.43081],[-2.09144,53.43145],[-2.09101,53.43222],[-2.09062,53.43252],[-2.08963,53.43268],[-2.0886,53.4328],[-2.08663,53.43288],[-2.08663,53.43292],[-2.09109,53.4451],[-2.09195,53.4443],[-2.09262,53.44369],[-2.09292,53.44304],[-2.09317,53.44263],[-2.09468,53.44298],[-2.09553,53.44321],[-2.09646,53.44327],[-2.09723,53.44322],[-2.09725,53.44368],[-2.0968,53.44422],[-2.09566,53.44665],[-2.09393,53.44932],[-2.09695,53.45008],[-2.0983,53.45223],[-2.10083,53.45286],[-2.10124,53.45313],[-2.10665,53.45268],[-2.10686,53.45348],[-2.10635,53.45598],[-2.10609,53.46079],[-2.10384,53.46027],[-2.10257,53.45985],[-2.10079,53.46004],[-2.10017,53.45742],[-2.10034,53.45678],[-2.09721,53.45629],[-2.09214,53.45624],[-2.09021,53.45582],[-2.08764,53.45482],[-2.08774,53.45685],[-2.08792,53.45716],[-2.08903,53.46498],[-2.08839,53.46558],[-2.08998,53.46778],[-2.09131,53.46925],[-2.09047,53.46978],[-2.08844,53.46869],[-2.08838,53.46866],[-2.0873,53.46869],[-2.08595,53.46892],[-2.07937,53.47029],[-2.0786,53.47424],[-2.07929,53.47528],[-2.07959,53.47546],[-2.07719,53.47599],[-2.07088,53.47405],[-2.07058,53.47436],[-2.06805,53.47377],[-2.06706,53.4741],[-2.06307,53.47438],[-2.06148,53.47402],[-2.05962,53.47346],[-2.05852,53.47354],[-2.05779,53.47321],[-2.05371,53.47298],[-2.05221,53.47259],[-2.05157,53.47201],[-2.05075,53.47022],[-2.0506,53.46928]]],[[[-2.0187,53.45614],[-2.01835,53.45601],[-2.01775,53.45624],[-2.0187,53.45614]]]]}},{"type":"Feature","properties":{"source_code":"P89609","codes":["P89609"],"label":"Stamford House"},"geometry":{"type":"Polygon","coordinates":[[[-2.05375,53.51071],[-2.06268,53.48784],[-2.11075,53.47906],[-2.12174,53.49969],[-2.05375,53.51071]]]}},{"type":"Feature","properties":{"source_code":"P89011","codes":["P89011"],"label":"Gordon Street Medical Centre"},"geometry":{"type":"MultiPolygon","coordinates":[[[[-2.05367,53.49325],[-2.05366,53.49318],[-2.05374,53.49309],[-2.05367,53.49325]]],[[[-2.05367,53.49325],[-2.05394,53.49664],[-2.05338,53.49481],[-2.05364,53.49331],[-2.05367,53.49325]]],[[[-2.058,53.50292],[-2.05831,53.50336],[-2.05728,53.49953],[-2.058,53.50292],[-2.05401,53.49729],[-2.05333,53.4858],[-2.06869,53.48534],[-2.08019,53.48702],[-2.08423,53.48759],[-2.08749,53.48728],[-2.08766,53.4881],[-2.08912,53.48856],[-2.088,53.48963],[-2.08838,53.49014],[-2.0893,53.49041],[-2.09144,53.49096],[-2.09204,53.49093],[-2.09328,53.51135],[-2.07208,53.51283],[-2.05809,53.50336],[-2.058,53.50292]]]]}},{"type":"Feature","properties":{"source_code":"P85606","codes":["P85606"],"label":"Moorside Medical Practice"},"geometry":{"type":"Polygon","coordinates":[[[-2.03642,53.5921],[-2.05273,53.57498],[-2.05264,53.57508],[-2.05681,53.57284],[-2.06476,53.56835],[-2.07414,53.5604],[-2.07659,53.55285],[-2.08929,53.54709],[-2.09575,53.54472],[-2.10246,53.54286],[-2.11564,53.53832],[-2.11942,53.53847],[-2.11761,53.54021],[-2.10169,53.55882],[-2.0929,53.56404],[-2.07311,53.57197],[-2.06135,53.57689],[-2.0544,53.58025],[-2.04904,53.58499],[-2.04384,53.58987],[-2.03642,53.5921]]]}},{"type":"Feature","properties":{"source_code":"P85022","codes":["P85022"],"label":"Lees Medical Practice"},"geometry":{"type":"Polygon","coordinates":[[[-2.07521,53.54602],[-2.1056,53.54449],[-2.10886,53.52959],[-2.10852,53.52922],[-2.12891,53.51893],[-2.15102,53.53144],[-2.14718,53.54583],[-2.10792,53.56093],[-2.04191,53.59261],[-2.03659,53.51878],[-2.07109,53.51817],[-2.09908,53.51888],[-2.10852,53.52922],[-2.07521,53.54602]]]}},{"type":"Feature","properties":{"source_code":"P88623","codes":["P88623"],"label":"HIGH LANE MEDICAL CENTRE"},"geometry":{"type":"Polygon","coordinates":[[[-2.11641,53.37729],[-2.10611,53.38015],[-2.10508,53.37923],[-2.10131,53.37964],[-2.10011,53.38108],[-2.09633,53.38036],[-2.09599,53.37985],[-2.08363,53.37964],[-2.08208,53.38005],[-2.08071,53.3823],[-2.07745,53.38005],[-2.07573,53.38138],[-2.07384,53.38046],[-2.07281,53.37913],[-2.07058,53.37698],[-2.06869,53.3779],[-2.06629,53.3777],[-2.06234,53.37944],[-2.06251,53.38108],[-2.06234,53.38292],[-2.05839,53.38374],[-2.05719,53.38159],[-2.05805,53.38087],[-2.05788,53.37985],[-2.0565,53.37872],[-2.05341,53.37575],[-2.0529,53.37677],[-2.0529,53.378],[-2.05359,53.37913],[-2.05479,53.38087],[-2.05341,53.37974],[-2.05135,53.38005],[-2.05084,53.38046],[-2.04741,53.37882],[-2.04517,53.37677],[-2.04208,53.3737],[-2.03882,53.37135],[-2.03608,53.37084],[-2.03196,53.3692],[-2.02801,53.36776],[-2.02423,53.36838],[-2.02251,53.36838],[-2.02217,53.36725],[-2.02406,53.36684],[-2.02354,53.36551],[-2.02475,53.36387],[-2.02303,53.35987],[-2.02028,53.3608],[-2.01633,53.36018],[-2.0141,53.35998],[-2.0105,53.36039],[-2.00809,53.36059],[-2.00638,53.3611],[-2.00415,53.36059],[-2.00312,53.35936],[-2.00277,53.35834],[-1.99797,53.3569],[-1.99436,53.35311],[-1.98818,53.34912],[-1.98732,53.3486],[-1.98732,53.34758],[-1.98578,53.34635],[-1.98458,53.34369],[-1.98441,53.34133],[-1.982,53.33928],[-1.98183,53.33723],[-1.97994,53.33713],[-1.97977,53.33559],[-1.98235,53.33467],[-1.98372,53.33262],[-1.98217,53.33159],[-1.98286,53.33005],[-1.98372,53.32882],[-1.98423,53.33005],[-1.99162,53.32995],[-1.99556,53.33098],[-1.99762,53.33282],[-1.99797,53.33436],[-2.00037,53.33538],[-2.00432,53.33456],[-2.00689,53.33518],[-2.00775,53.33672],[-2.00809,53.33887],[-2.00895,53.34061],[-2.01668,53.3486],[-2.02011,53.35004],[-2.02354,53.35035],[-2.02595,53.35096],[-2.02698,53.34901],[-2.02818,53.34696],[-2.02749,53.34563],[-2.02887,53.34174],[-2.02818,53.33959],[-2.02955,53.33661],[-2.03299,53.33446],[-2.03247,53.33251],[-2.03573,53.32975],[-2.03745,53.32975],[-2.04071,53.32841],[-2.04929,53.33057],[-2.05238,53.33057],[-2.05479,53.3321],[-2.05788,53.33374],[-2.05788,53.3362],[-2.05873,53.33723],[-2.06148,53.33713],[-2.07333,53.34235],[-2.07762,53.34266],[-2.08208,53.34543],[-2.08414,53.34574],[-2.08088,53.34922],[-2.08002,53.35178],[-2.07384,53.35639],[-2.07436,53.35906],[-2.0771,53.35906],[-2.08088,53.35926],[-2.08414,53.36018],[-2.09238,53.3653],[-2.09839,53.36725],[-2.10491,53.36858],[-2.11023,53.37104],[-2.11349,53.37268],[-2.11384,53.37555],[-2.11641,53.37729]]]}},{"type":"Feature","properties":{"source_code":"P85005","codes":["P85005"],"label":"Leesbrook Surgery"},"geometry":{"type":"Polygon","coordinates":[[[-2.08268,53.53883],[-2.07221,53.54829],[-2.05333,53.54837],[-2.03032,53.53929],[-2.04423,53.53745],[-2.05024,53.53306],[-2.08268,53.53883]]]}},{"type":"Feature","properties":{"source_code":"P88021","codes":["P88021"],"label":"Marple Medical Practice"},"geometry":{"type":"Polygon","coordinates":[[[-2.08884,53.39949],[-2.08658,53.40035],[-2.08535,53.40031],[-2.08421,53.40052],[-2.08334,53.40055],[-2.08263,53.4007],[-2.08185,53.40071],[-2.08129,53.40119],[-2.08063,53.40155],[-2.07974,53.40151],[-2.07847,53.40104],[-2.07721,53.40116],[-2.07656,53.40141],[-2.07639,53.40205],[-2.07472,53.40255],[-2.0724,53.40274],[-2.07146,53.4028],[-2.07082,53.40277],[-2.07023,53.40292],[-2.06964,53.4032],[-2.06943,53.40379],[-2.06929,53.40471],[-2.0692,53.40501],[-2.06938,53.40529],[-2.0696,53.40569],[-2.06953,53.40605],[-2.06927,53.40649],[-2.06891,53.40693],[-2.06858,53.40726],[-2.06834,53.40762],[-2.06788,53.40797],[-2.0655,53.40882],[-2.06442,53.40896],[-2.06325,53.40893],[-2.0608,53.40876],[-2.05945,53.4088],[-2.05877,53.40864],[-2.05776,53.40851],[-2.05787,53.4093],[-2.05669,53.40998],[-2.05612,53.41091],[-2.0553,53.41148],[-2.05474,53.41212],[-2.05451,53.41333],[-2.05493,53.41408],[-2.05579,53.41448],[-2.055,53.41534],[-2.05145,53.4172],[-2.04952,53.41898],[-2.04687,53.41737],[-2.04004,53.41476],[-2.0372,53.41429],[-2.03461,53.41386],[-2.03184,53.41265],[-2.02983,53.41056],[-2.02902,53.40809],[-2.02855,53.40564],[-2.0274,53.40314],[-2.02531,53.39827],[-2.02455,53.39563],[-2.02408,53.39439],[-2.02347,53.39418],[-2.02366,53.39392],[-2.02399,53.39359],[-2.02394,53.39335],[-2.02386,53.39315],[-2.02393,53.39198],[-2.02491,53.39091],[-2.02551,53.39038],[-2.02617,53.38983],[-2.02662,53.38904],[-2.02725,53.38827],[-2.02743,53.38773],[-2.02928,53.38444],[-2.03254,53.3763],[-2.03294,53.37596],[-2.03314,53.37576],[-2.03339,53.3756],[-2.03367,53.37507],[-2.03406,53.37491],[-2.03494,53.3748],[-2.03569,53.37474],[-2.03616,53.37453],[-2.03663,53.374],[-2.03736,53.37427],[-2.03773,53.37447],[-2.03807,53.37462],[-2.03836,53.37473],[-2.03869,53.37468],[-2.03922,53.3746],[-2.0403,53.37425],[-2.04069,53.37413],[-2.04098,53.37394],[-2.04139,53.37363],[-2.04148,53.37319],[-2.04219,53.37274],[-2.04367,53.37163],[-2.04524,53.37086],[-2.04826,53.36973],[-2.04919,53.36941],[-2.04989,53.36923],[-2.05069,53.36921],[-2.0511,53.36945],[-2.05168,53.36922],[-2.05198,53.36825],[-2.05253,53.36767],[-2.05382,53.36766],[-2.05481,53.36766],[-2.05592,53.3673],[-2.0564,53.36662],[-2.05689,53.36575],[-2.05729,53.36509],[-2.05731,53.36406],[-2.05758,53.36343],[-2.05862,53.3634],[-2.06022,53.3634],[-2.06198,53.3635],[-2.06309,53.36349],[-2.06403,53.36363],[-2.06592,53.36381],[-2.06826,53.36401],[-2.06958,53.36415],[-2.07094,53.36422],[-2.07235,53.36433],[-2.07392,53.36452],[-2.07468,53.36469],[-2.07536,53.36487],[-2.07604,53.36507],[-2.07656,53.3653],[-2.07721,53.36547],[-2.07891,53.3658],[-2.08165,53.36623],[-2.08345,53.36649],[-2.08545,53.36693],[-2.08674,53.36721],[-2.08749,53.36735],[-2.08828,53.3674],[-2.08983,53.36749],[-2.0924,53.36754],[-2.09469,53.36762],[-2.09635,53.36765],[-2.09822,53.36771],[-2.09991,53.36788],[-2.10116,53.36804],[-2.10176,53.36825],[-2.10255,53.36876],[-2.10352,53.36995],[-2.10425,53.37098],[-2.1047,53.37133],[-2.10629,53.37242],[-2.10774,53.37314],[-2.10915,53.37393],[-2.11184,53.37488],[-2.11287,53.37524],[-2.11328,53.37537],[-2.1141,53.37575],[-2.115,53.37637],[-2.11577,53.37689],[-2.11637,53.37735],[-2.11599,53.37753],[-2.11562,53.37767],[-2.11531,53.37781],[-2.11486,53.37797],[-2.11439,53.37814],[-2.11268,53.37861],[-2.11118,53.3789],[-2.10957,53.37927],[-2.10875,53.37957],[-2.10716,53.37978],[-2.10631,53.3799],[-2.10605,53.38019],[-2.1059,53.38059],[-2.10574,53.38082],[-2.10564,53.38105],[-2.10493,53.38122],[-2.10431,53.38142],[-2.10425,53.38177],[-2.10427,53.38211],[-2.10407,53.38261],[-2.103,53.38294],[-2.1027,53.38299],[-2.10238,53.38319],[-2.10189,53.38379],[-2.10274,53.38401],[-2.10485,53.38461],[-2.10822,53.38502],[-2.11128,53.38545],[-2.11216,53.38556],[-2.11251,53.38684],[-2.11258,53.38728],[-2.11243,53.38772],[-2.11247,53.38788],[-2.11273,53.388],[-2.11289,53.38829],[-2.11341,53.38884],[-2.11355,53.3893],[-2.11351,53.38953],[-2.11344,53.38979],[-2.11298,53.39025],[-2.11246,53.3907],[-2.11216,53.39107],[-2.11191,53.39144],[-2.11171,53.39179],[-2.11175,53.392],[-2.11199,53.39213],[-2.1127,53.39222],[-2.11307,53.3923],[-2.11338,53.39243],[-2.11418,53.39269],[-2.11518,53.39307],[-2.11513,53.39332],[-2.11491,53.39362],[-2.11479,53.39382],[-2.11457,53.39398],[-2.1142,53.39438],[-2.11382,53.39468],[-2.11353,53.39503],[-2.11323,53.39514],[-2.1129,53.39515],[-2.11252,53.39553],[-2.11225,53.39592],[-2.11201,53.39633],[-2.11185,53.39651],[-2.11109,53.39605],[-2.11078,53.39588],[-2.11044,53.39577],[-2.1097,53.39566],[-2.10774,53.39564],[-2.10633,53.39536],[-2.10465,53.39528],[-2.10367,53.39531],[-2.10311,53.39549],[-2.10156,53.39554],[-2.10006,53.39587],[-2.09895,53.39572],[-2.0983,53.395],[-2.09796,53.39428],[-2.09749,53.39418],[-2.0968,53.39418],[-2.09641,53.39454],[-2.0956,53.39538],[-2.09466,53.39579],[-2.09238,53.39613],[-2.09041,53.39641],[-2.08817,53.39658],[-2.0883,53.39787],[-2.08845,53.39867],[-2.08884,53.39949]]]}},{"type":"Feature","properties":{"source_code":"P88006","codes":["P88006"],"label":"Marple Cottage Surgery"},"geometry":{"type":"MultiPolygon","coordinates":[[[[-2.08388,53.38241],[-2.08353,53.38236],[-2.08369,53.38233],[-2.08392,53.38241],[-2.08378,53.38238],[-2.08388,53.38241]]],[[[-2.08393,53.38241],[-2.08392,53.38241],[-2.08395,53.38242],[-2.08393,53.38241]]],[[[-2.08388,53.38241],[-2.08393,53.38241],[-2.08401,53.38244],[-2.08388,53.38241]]],[[[-2.08395,53.38242],[-2.08411,53.38244],[-2.08412,53.38245],[-2.08395,53.38242]]],[[[-2.08411,53.38244],[-2.0841,53.38241],[-2.0843,53.38246],[-2.08411,53.38244]]],[[[-2.08401,53.38244],[-2.08412,53.38247],[-2.08413,53.38248],[-2.08401,53.38244]]],[[[-2.08399,53.38249],[-2.08393,53.38243],[-2.08408,53.38249],[-2.08399,53.38249]]],[[[-2.08413,53.38249],[-2.08413,53.38248],[-2.08416,53.38249],[-2.08413,53.38249]]],[[[-2.08421,53.38249],[-2.08412,53.38247],[-2.08412,53.38245],[-2.08436,53.3825],[-2.08421,53.38249]]],[[[-2.08408,53.38249],[-2.08413,53.38249],[-2.08414,53.38251],[-2.08408,53.38249]]],[[[-2.08446,53.3825],[-2.0843,53.38246],[-2.08467,53.38251],[-2.08446,53.3825]]],[[[-2.08436,53.3825],[-2.08446,53.3825],[-2.0848,53.38259],[-2.08436,53.3825]]],[[[-2.05136,53.40534],[-2.0501,53.40546],[-2.04917,53.40548],[-2.05021,53.4054],[-2.04759,53.40472],[-2.04657,53.40441],[-2.04534,53.40385],[-2.04563,53.40385],[-2.04451,53.40286],[-2.04451,53.40191],[-2.04454,53.40144],[-2.04517,53.40089],[-2.04704,53.39937],[-2.04561,53.39859],[-2.04594,53.39645],[-2.04753,53.39261],[-2.04903,53.3887],[-2.05085,53.38655],[-2.05182,53.38393],[-2.05205,53.38187],[-2.05745,53.37975],[-2.05908,53.37936],[-2.0598,53.37933],[-2.06045,53.37939],[-2.06277,53.37928],[-2.06583,53.37936],[-2.07208,53.38011],[-2.07526,53.38066],[-2.07834,53.38164],[-2.08135,53.38213],[-2.08195,53.38202],[-2.08236,53.38212],[-2.08328,53.38246],[-2.08399,53.38249],[-2.08401,53.38251],[-2.08427,53.38253],[-2.08416,53.38249],[-2.08421,53.38249],[-2.08508,53.38272],[-2.0855,53.38296],[-2.08602,53.38324],[-2.08727,53.38362],[-2.08692,53.38358],[-2.08667,53.38354],[-2.08757,53.38379],[-2.08805,53.38399],[-2.08823,53.38408],[-2.09062,53.38491],[-2.09235,53.38608],[-2.09245,53.38712],[-2.09264,53.38821],[-2.09404,53.39032],[-2.0968,53.39423],[-2.09402,53.39659],[-2.09054,53.39761],[-2.08736,53.39954],[-2.0861,53.40039],[-2.0837,53.40034],[-2.08262,53.40064],[-2.08178,53.40009],[-2.0806,53.3997],[-2.08132,53.40121],[-2.0799,53.40155],[-2.07914,53.40111],[-2.07776,53.40092],[-2.07687,53.40051],[-2.07662,53.4012],[-2.0762,53.40141],[-2.07485,53.40117],[-2.07423,53.40177],[-2.07342,53.40121],[-2.07269,53.40118],[-2.07203,53.40136],[-2.07203,53.40107],[-2.07379,53.40042],[-2.07072,53.40046],[-2.07032,53.4003],[-2.07001,53.40097],[-2.06776,53.40166],[-2.06716,53.40266],[-2.06654,53.40326],[-2.06576,53.40351],[-2.06461,53.40427],[-2.06392,53.40432],[-2.06239,53.40442],[-2.06263,53.40349],[-2.0603,53.40242],[-2.05674,53.40359],[-2.05515,53.40366],[-2.05461,53.40293],[-2.05408,53.40321],[-2.05313,53.404],[-2.05306,53.40533],[-2.05256,53.40532],[-2.05285,53.4051],[-2.05136,53.40534]]]]}},{"type":"Feature","properties":{"source_code":"P89026","codes":["P89026"],"label":"Grosvenor Medical Centre"},"geometry":{"type":"Polygon","coordinates":[[[-2.07436,53.48651],[-2.05161,53.47803],[-2.04706,53.46526],[-2.07764,53.4666],[-2.07436,53.48651]]]}},{"type":"Feature","properties":{"source_code":"P89023","codes":["P89023"],"label":"St. Andrew's House Surgery"},"geometry":{"type":"Polygon","coordinates":[[[-2.07702,53.49305],[-2.06775,53.49591],[-2.06415,53.49482],[-2.05979,53.49653],[-2.05419,53.49976],[-2.04226,53.4984],[-2.02766,53.50612],[-2.02597,53.50727],[-2.02376,53.50812],[-2.01942,53.5094],[-2.01681,53.50753],[-2.01744,53.50504],[-2.01883,53.5041],[-2.01601,53.5026],[-2.02139,53.50166],[-2.02547,53.49848],[-2.02439,53.49495],[-2.02619,53.49173],[-2.02267,53.48845],[-2.02912,53.48378],[-2.02389,53.46692],[-2.02463,53.46676],[-2.02537,53.46674],[-2.0339,53.46701],[-2.03601,53.46841],[-2.03668,53.47022],[-2.04117,53.47159],[-2.04177,53.47181],[-2.04366,53.47383],[-2.05545,53.47583],[-2.0589,53.4749],[-2.05961,53.47265],[-2.06943,53.47304],[-2.07162,53.47254],[-2.0738,53.47051],[-2.07689,53.46726],[-2.08007,53.46797],[-2.08322,53.46877],[-2.08908,53.46854],[-2.08348,53.47205],[-2.08687,53.47331],[-2.08502,53.47424],[-2.08545,53.47581],[-2.08931,53.47594],[-2.08563,53.47614],[-2.08332,53.4743],[-2.07978,53.47437],[-2.07514,53.47315],[-2.07488,53.47488],[-2.08059,53.47575],[-2.07742,53.47887],[-2.0836,53.48199],[-2.07702,53.49305]]]}},{"type":"Feature","properties":{"source_code":"P89007","codes":["P89007"],"label":"Staveleigh Medical Centre"},"geometry":{"type":"MultiPolygon","coordinates":[[[[-2.05329,53.46353],[-2.05324,53.46355],[-2.05328,53.4634],[-2.05329,53.46353]]],[[[-2.05329,53.46353],[-2.05401,53.46322],[-2.0533,53.46358],[-2.05329,53.46353]]],[[[-2.05951,53.48574],[-2.05951,53.48573],[-2.05936,53.486],[-2.05933,53.48605],[-2.05932,53.48606],[-2.05951,53.48574]]],[[[-2.05933,53.48605],[-2.05933,53.48605],[-2.05931,53.48608],[-2.0593,53.48609],[-2.05933,53.48605]]],[[[-2.05876,53.48648],[-2.05876,53.48649],[-2.05873,53.48651],[-2.05876,53.48648]]],[[[-2.05876,53.48649],[-2.05932,53.48606],[-2.0593,53.48609],[-2.0593,53.48609],[-2.05896,53.4866],[-2.05876,53.48649]]],[[[-2.05896,53.48661],[-2.05896,53.4866],[-2.05899,53.48662],[-2.05896,53.48661]]],[[[-2.0533,53.46358],[-2.05334,53.46407],[-2.07424,53.47027],[-2.07418,53.47034],[-2.06407,53.47025],[-2.05703,53.47008],[-2.05395,53.46996],[-2.05376,53.46837],[-2.05392,53.47],[-2.05703,53.47008],[-2.06204,53.47027],[-2.07415,53.47037],[-2.07418,53.47034],[-2.07446,53.47034],[-2.07424,53.47027],[-2.07798,53.46625],[-2.07787,53.47179],[-2.07294,53.47558],[-2.06798,53.47938],[-2.06778,53.47955],[-2.06719,53.48001],[-2.06619,53.48062],[-2.06556,53.48122],[-2.06427,53.48221],[-2.06329,53.48299],[-2.06308,53.48317],[-2.06145,53.48442],[-2.06109,53.48467],[-2.06004,53.4855],[-2.05933,53.48605],[-2.05936,53.486],[-2.05957,53.48568],[-2.05951,53.48573],[-2.05957,53.48564],[-2.05951,53.48574],[-2.05876,53.48648],[-2.0558,53.48477],[-2.0552,53.48336],[-2.05531,53.48449],[-2.0558,53.48477],[-2.05587,53.48493],[-2.05888,53.4866],[-2.05896,53.48661],[-2.05892,53.48667],[-2.05887,53.48666],[-2.05861,53.48729],[-2.05931,53.48608],[-2.06004,53.4855],[-2.06145,53.48442],[-2.06225,53.48386],[-2.06308,53.48317],[-2.06719,53.48001],[-2.06741,53.47987],[-2.06778,53.47955],[-2.07294,53.47558],[-2.07788,53.4718],[-2.07901,53.47474],[-2.08238,53.47737],[-2.08627,53.47775],[-2.09118,53.48215],[-2.08762,53.48731],[-2.0858,53.48894],[-2.08369,53.49032],[-2.07916,53.49267],[-2.06749,53.49754],[-2.05953,53.50445],[-2.05839,53.50173],[-2.05925,53.50469],[-2.05953,53.50445],[-2.05976,53.505],[-2.05659,53.50638],[-2.05667,53.50581],[-2.04208,53.50663],[-2.04002,53.50147],[-2.02711,53.50354],[-2.021,53.5054],[-2.01903,53.50603],[-2.01404,53.50548],[-2.02428,53.49735],[-2.02655,53.49182],[-2.0296,53.48965],[-2.02357,53.48619],[-2.02789,53.48667],[-2.03205,53.48755],[-2.03372,53.48588],[-2.03878,53.48356],[-2.02663,53.47556],[-2.01415,53.4606],[-2.01891,53.46336],[-2.01372,53.46015],[-2.02006,53.46377],[-2.02485,53.46636],[-2.03908,53.46674],[-2.04374,53.46742],[-2.04745,53.46651],[-2.0533,53.46358]]],[[[-2.05397,53.47054],[-2.05425,53.47344],[-2.05421,53.47155],[-2.05397,53.47054]]],[[[-2.05538,53.4858],[-2.05544,53.48581],[-2.05544,53.48581],[-2.05544,53.48581],[-2.05538,53.4858],[-2.05143,53.48483],[-2.04354,53.48309],[-2.05538,53.4858]]]]}},{"type":"Feature","properties":{"source_code":"P88002","codes":["P88002"],"label":"Marple Bridge Surgery"},"geometry":{"type":"Polygon","coordinates":[[[-2.05667,53.40083],[-2.05801,53.40664],[-2.05768,53.40931],[-2.05633,53.41199],[-2.05384,53.41838],[-2.05539,53.42258],[-2.0541,53.42529],[-2.03305,53.42608],[-2.02571,53.42539],[-2.02045,53.41915],[-2.01679,53.41861],[-2.01518,53.41715],[-2.00973,53.41741],[-1.9923,53.41649],[-1.99479,53.40866],[-1.99638,53.40485],[-1.99883,53.40114],[-2.00239,53.39584],[-2.00494,53.39381],[-2.00492,53.39055],[-2.01292,53.3881],[-2.01761,53.3878],[-2.02004,53.38719],[-2.0223,53.38617],[-2.0243,53.38291],[-2.02366,53.38131],[-2.02259,53.38048],[-2.0225,53.37961],[-2.0242,53.37919],[-2.02846,53.38048],[-2.03246,53.383],[-2.04045,53.38256],[-2.04389,53.38355],[-2.04698,53.38545],[-2.04908,53.38657],[-2.05118,53.3885],[-2.05419,53.39444],[-2.05667,53.40083]]]}},{"type":"Feature","properties":{"source_code":"P89005","codes":["P89005"],"label":"Lockside Medical Centre"},"geometry":{"type":"MultiPolygon","coordinates":[[[[-2.02333,53.47261],[-2.02341,53.47311],[-2.02352,53.47487],[-2.02325,53.47292],[-2.02333,53.47261]]],[[[-2.02352,53.4749],[-2.02352,53.47487],[-2.02352,53.47489],[-2.02352,53.47491],[-2.02352,53.4749]]],[[[-2.02352,53.4749],[-2.02352,53.47493],[-2.02349,53.4748],[-2.02352,53.4749]]],[[[-2.02352,53.47493],[-2.02352,53.47493],[-2.02352,53.47494],[-2.02352,53.47493]]],[[[-2.02352,53.47494],[-2.02356,53.4756],[-2.02356,53.47516],[-2.02365,53.47584],[-2.02376,53.47623],[-2.0238,53.47657],[-2.02354,53.47576],[-2.02352,53.47494]]],[[[-2.0238,53.47657],[-2.02403,53.47729],[-2.02383,53.47685],[-2.0238,53.47657]]],[[[-2.02403,53.47729],[-2.0241,53.47745],[-2.02416,53.47769],[-2.02433,53.47816],[-2.02449,53.47872],[-2.02403,53.47729]]],[[[-2.02646,53.48135],[-2.02653,53.48171],[-2.02654,53.48176],[-2.02654,53.48326],[-2.02653,53.48381],[-2.02652,53.48356],[-2.02646,53.48135]]],[[[-2.07,53.48977],[-2.07028,53.48955],[-2.07003,53.48979],[-2.06993,53.48984],[-2.07,53.48977]]],[[[-2.06839,53.4905],[-2.06622,53.49111],[-2.06872,53.49046],[-2.0693,53.49017],[-2.06969,53.49002],[-2.06989,53.48986],[-2.06993,53.48984],[-2.06947,53.49029],[-2.0663,53.49112],[-2.06558,53.49317],[-2.06407,53.49432],[-2.06251,53.49537],[-2.05716,53.49754],[-2.05376,53.49795],[-2.0549,53.49776],[-2.0562,53.4976],[-2.05402,53.49786],[-2.05378,53.49784],[-2.05369,53.49789],[-2.0524,53.49805],[-2.04813,53.49818],[-2.04434,53.499],[-2.04008,53.49875],[-2.03595,53.49908],[-2.03058,53.50395],[-2.02824,53.50971],[-2.01243,53.50571],[-2.02256,53.49316],[-2.02623,53.48617],[-2.02651,53.48451],[-2.02653,53.48381],[-2.02654,53.4843],[-2.02654,53.48326],[-2.02657,53.482],[-2.02654,53.48176],[-2.02654,53.48174],[-2.02653,53.48171],[-2.02651,53.48152],[-2.02645,53.48107],[-2.02646,53.48135],[-2.02641,53.48112],[-2.02647,53.48096],[-2.02454,53.47876],[-2.02433,53.47816],[-2.02415,53.47754],[-2.02438,53.47805],[-2.02449,53.47839],[-2.02463,53.4788],[-2.02369,53.47549],[-2.02355,53.47421],[-2.02356,53.47503],[-2.02352,53.47492],[-2.02352,53.47489],[-2.02349,53.47359],[-2.02341,53.47311],[-2.0234,53.47288],[-2.0235,53.47213],[-2.02368,53.47139],[-2.02404,53.46993],[-2.02333,53.47261],[-2.02333,53.47259],[-2.02357,53.47155],[-2.02408,53.4696],[-2.02374,53.46849],[-2.02411,53.46801],[-2.02501,53.46747],[-2.02545,53.46691],[-2.02716,53.4675],[-2.02824,53.46789],[-2.02931,53.46829],[-2.03215,53.4699],[-2.03401,53.47056],[-2.03609,53.47101],[-2.03824,53.47113],[-2.03987,53.47207],[-2.04021,53.47399],[-2.0414,53.47561],[-2.04346,53.47743],[-2.04629,53.47974],[-2.04809,53.48128],[-2.0491,53.48213],[-2.05,53.4829],[-2.0514,53.48373],[-2.05228,53.4842],[-2.05222,53.48429],[-2.05226,53.4844],[-2.05342,53.48476],[-2.05226,53.48417],[-2.0523,53.48419],[-2.0522,53.4838],[-2.05498,53.484],[-2.05575,53.48411],[-2.05647,53.4845],[-2.0573,53.48505],[-2.05785,53.48535],[-2.05827,53.48558],[-2.05886,53.48577],[-2.06201,53.48587],[-2.06776,53.48549],[-2.0691,53.48541],[-2.07057,53.48548],[-2.07212,53.48575],[-2.07385,53.48633],[-2.07163,53.48827],[-2.07122,53.48887],[-2.07042,53.48944],[-2.07028,53.48955],[-2.07212,53.48779],[-2.07206,53.48777],[-2.07,53.48977],[-2.06989,53.48986],[-2.0693,53.49017],[-2.06839,53.4905]]],[[[-2.02353,53.47498],[-2.02352,53.47493],[-2.02352,53.47491],[-2.02352,53.47492],[-2.02353,53.47498]]],[[[-2.02353,53.47498],[-2.02356,53.47509],[-2.02356,53.47516],[-2.02353,53.47498]]],[[[-2.02356,53.47509],[-2.02356,53.47503],[-2.02369,53.47549],[-2.02372,53.47577],[-2.02356,53.47509]]],[[[-2.02372,53.47577],[-2.02405,53.4772],[-2.02376,53.47623],[-2.02372,53.47577]]],[[[-2.02405,53.4772],[-2.02415,53.47754],[-2.0241,53.47745],[-2.02405,53.4772]]]]}},{"type":"Feature","properties":{"source_code":"P89618","codes":["P89618"],"label":"Pike Medical Practice"},"geometry":{"type":"Polygon","coordinates":[[[-2.12723,53.47415],[-2.10869,53.54602],[-2.005,53.56968],[-1.96655,53.51663],[-2.01702,53.47231],[-2.07693,53.45279],[-2.12723,53.47415]]]}},{"type":"Feature","properties":{"source_code":"P89612","codes":["P89612"],"label":"Mossley Medical Practice"},"geometry":{"type":"Polygon","coordinates":[[[-2.04105,53.53194],[-1.99539,53.53153],[-2.03693,53.48682],[-2.05479,53.49581],[-2.04105,53.53194]]]}},{"type":"Feature","properties":{"source_code":"Y02936","codes":["Y02936"],"label":"Millbrook Medical Practice"},"geometry":{"type":"Polygon","coordinates":[[[-2.0347,53.49244],[-2.0153,53.46128],[-2.07247,53.45903],[-2.108,53.48968],[-2.03522,53.52357],[-1.99951,53.49254],[-2.0347,53.49244]]]}},{"type":"Feature","properties":{"source_code":"P89013","codes":["P89013"],"label":"Hattersley Group Practice"},"geometry":{"type":"Polygon","coordinates":[[[-2.0067,53.4404],[-2.01897,53.43672],[-2.06073,53.43595],[-2.06388,53.43586],[-2.06677,53.43582],[-2.0717,53.4367],[-2.07441,53.43782],[-2.07669,53.43903],[-2.07635,53.44412],[-2.07859,53.44477],[-2.08062,53.44545],[-2.08208,53.44636],[-2.08311,53.44743],[-2.0836,53.44868],[-2.0838,53.44998],[-2.08466,53.45143],[-2.085,53.45277],[-2.08412,53.4537],[-2.0829,53.45425],[-2.08104,53.45461],[-2.07927,53.45438],[-2.07902,53.45453],[-2.07873,53.45507],[-2.07303,53.45665],[-2.07089,53.45774],[-2.06854,53.45877],[-2.06686,53.45984],[-2.06423,53.46068],[-2.06156,53.46114],[-2.05889,53.46135],[-2.05876,53.45955],[-2.04698,53.45916],[-2.03511,53.45948],[-2.01198,53.45865],[-2.0067,53.4404]]]}},{"type":"Feature","properties":{"source_code":"P89006","codes":["P89006","P89006001"],"label":"Pennine Medical Centre"},"geometry":{"type":"Polygon","coordinates":[[[-2.01278,53.53997],[-1.97709,53.5363],[-1.99391,53.50834],[-2.02891,53.50773],[-2.04092,53.49752],[-2.04333,53.5214],[-2.01278,53.53997]]]}},{"type":"Feature","properties":{"source_code":"P85016","codes":["P85016","P85016001"],"label":"Dr. J Wright & Partners"},"geometry":{"type":"Polygon","coordinates":[[[-2.0641,53.5464],[-2.06298,53.5476],[-2.058,53.54955],[-2.0489,53.55346],[-2.03971,53.55413],[-2.03627,53.55577],[-2.03554,53.55819],[-2.03715,53.56106],[-2.03627,53.56408],[-2.04783,53.56879],[-2.05922,53.57396],[-2.05187,53.58055],[-2.04726,53.58632],[-2.04258,53.59244],[-2.05652,53.59728],[-2.03972,53.60093],[-1.96896,53.58201],[-1.96662,53.57033],[-1.97063,53.55385],[-1.98071,53.52567],[-1.98795,53.52722],[-1.99415,53.5297],[-2.03788,53.52919],[-2.04712,53.53211],[-2.05434,53.53148],[-2.05886,53.53727],[-2.0603,53.54004],[-2.05965,53.54318],[-2.05878,53.54383],[-2.05773,53.54417],[-2.05561,53.54537],[-2.05734,53.54587],[-2.05933,53.54602],[-2.06055,53.54635],[-2.0641,53.5464]]]}},{"type":"Feature","properties":{"source_code":"P89004","codes":["P89004"],"label":"Awburn House Medical Practice"},"geometry":{"type":"Polygon","coordinates":[[[-2.04346,53.45617],[-2.05788,53.48437],[-1.98372,53.47456],[-1.95797,53.46271],[-1.95333,53.44206],[-1.98853,53.43531],[-2.06337,53.4439],[-2.04346,53.45617]]]}},{"type":"Feature","properties":{"source_code":"C81634","codes":["C81634"],"label":"ARDEN HOUSE MEDICAL PRACTICE"},"geometry":{"type":"Polygon","coordinates":[[[-1.95076,53.39787],[-1.92535,53.38968],[-1.90716,53.33948],[-1.98475,53.32431],[-2.03796,53.35649],[-2.04998,53.37821],[-1.95076,53.39787]]]}},{"type":"Feature","properties":{"source_code":"C81003","codes":["C81003"],"label":"SETT VALLEY MEDICAL CENTRE"},"geometry":{"type":"Polygon","coordinates":[[[-2.0411,53.35854],[-2.04002,53.37862],[-2.01488,53.39331],[-1.9826,53.40027],[-1.91997,53.38036],[-1.91295,53.3465],[-1.98492,53.32285],[-2.0411,53.35854]]]}},{"type":"Feature","properties":{"source_code":"P89602","codes":["P89602"],"label":"The Smithy Surgery"},"geometry":{"type":"Polygon","coordinates":[[[-2.01187,53.4576],[-2.0409,53.47102],[-2.0435,53.47709],[-2.01688,53.47043],[-1.99026,53.47133],[-1.96355,53.47507],[-1.95076,53.46363],[-1.97136,53.45453],[-1.99475,53.45944],[-1.99884,53.46043],[-2.00352,53.45918],[-2.01187,53.4576]]]}},{"type":"Feature","properties":{"source_code":"C81080","codes":["C81080"],"label":"GOYT VALLEY MEDICAL PRACTICE"},"geometry":{"type":"Polygon","coordinates":[[[-2.0102,53.35808],[-2.00984,53.35858],[-2.00932,53.35893],[-2.00872,53.35893],[-2.00189,53.35811],[-1.99965,53.35737],[-1.99803,53.35692],[-1.99709,53.35594],[-1.99354,53.35606],[-1.98967,53.35667],[-1.97728,53.3588],[-1.96926,53.35882],[-1.96149,53.35947],[-1.93316,53.36249],[-1.92746,53.3635],[-1.92089,53.36226],[-1.9075,53.35891],[-1.8924,53.3524],[-1.88622,53.35178],[-1.87111,53.34625],[-1.84776,53.34107],[-1.83635,53.33016],[-1.82553,53.32426],[-1.81605,53.31844],[-1.81097,53.3162],[-1.80719,53.31386],[-1.80957,53.31185],[-1.81751,53.30449],[-1.84072,53.29877],[-1.85223,53.2919],[-1.85394,53.28726],[-1.85493,53.27851],[-1.86667,53.27486],[-1.87476,53.27497],[-1.89128,53.2764],[-1.9087,53.29395],[-1.92823,53.29316],[-1.94844,53.29359],[-1.96256,53.29403],[-1.97391,53.29394],[-1.98011,53.29631],[-1.98865,53.29567],[-1.99258,53.29535],[-1.99874,53.29595],[-2.01775,53.30183],[-2.03144,53.31098],[-2.02528,53.3174],[-2.01797,53.32462],[-2.01968,53.33016],[-2.01556,53.33549],[-2.009,53.33846],[-2.00689,53.34153],[-2.0096,53.35304],[-2.01067,53.35573],[-2.0102,53.35808]]]}},{"type":"Feature","properties":{"source_code":"C81615","codes":["C81615"],"label":"Cottage Lane Surgery"},"geometry":{"type":"Polygon","coordinates":[[[-1.959,53.43886],[-1.96421,53.43576],[-1.96901,53.43479],[-1.97389,53.4347],[-1.97758,53.43457],[-1.98261,53.43485],[-1.98574,53.43359],[-1.98515,53.43251],[-1.98035,53.43071],[-1.98499,53.42909],[-1.99015,53.42773],[-2.00277,53.42608],[-2.00842,53.42657],[-2.01158,53.42569],[-2.01509,53.42584],[-2.00621,53.44027],[-2.00743,53.44139],[-2.00762,53.44226],[-2.00463,53.44274],[-2.00245,53.44449],[-2.00077,53.44575],[-1.99745,53.44978],[-1.99505,53.44984],[-1.99333,53.45067],[-1.9914,53.45173],[-1.98998,53.45325],[-1.98604,53.45442],[-1.98586,53.45628],[-1.98711,53.45869],[-1.98689,53.459],[-1.9852,53.45736],[-1.98496,53.45544],[-1.98353,53.45372],[-1.9814,53.45221],[-1.97823,53.45],[-1.97651,53.44851],[-1.97479,53.44766],[-1.97367,53.44748],[-1.97254,53.44705],[-1.9702,53.44589],[-1.96859,53.44489],[-1.96672,53.4443],[-1.96452,53.44234],[-1.96272,53.44169],[-1.96108,53.44079],[-1.959,53.43886]]]}},{"type":"Feature","properties":{"source_code":"C81106","codes":["C81106"],"label":"Lambgates Health Centre"},"geometry":{"type":"Polygon","coordinates":[[[-1.97548,53.47252],[-1.84193,53.50459],[-1.88278,53.43183],[-2.03041,53.41424],[-1.97548,53.47252]]]}},{"type":"Feature","properties":{"source_code":"C81640","codes":["C81640"],"label":"Simmondley Medical Practice"},"geometry":{"type":"MultiPolygon","coordinates":[[[[-1.95965,53.4374],[-1.95955,53.43756],[-1.95947,53.43751],[-1.95965,53.4374]]],[[[-1.96519,53.43754],[-1.96505,53.43743],[-1.96535,53.43748],[-1.96557,53.43776],[-1.96519,53.43754]]],[[[-1.95965,53.4374],[-1.95977,53.43723],[-1.9614,53.43776],[-1.95986,53.43728],[-1.95965,53.4374]]],[[[-1.95955,53.43756],[-1.96063,53.43825],[-1.95904,53.43884],[-1.95913,53.43817],[-1.95955,53.43756]]],[[[-1.95903,53.43884],[-1.95904,53.43884],[-1.95904,53.43884],[-1.95903,53.43884]]],[[[-1.95903,53.43884],[-1.95827,53.43912],[-1.95823,53.43863],[-1.95903,53.43884]]],[[[-1.96519,53.43754],[-1.96664,53.43863],[-1.96788,53.43966],[-1.96501,53.43743],[-1.96519,53.43754]]],[[[-1.96067,53.4383],[-1.96501,53.43751],[-1.96784,53.43976],[-1.9629,53.44155],[-1.95896,53.43894],[-1.96067,53.4383]]],[[[-1.96295,53.44165],[-1.96808,53.43978],[-1.96522,53.43736],[-1.96458,53.43684],[-1.96351,53.43649],[-1.969,53.43582],[-1.96969,53.43539],[-1.96947,53.43646],[-1.97029,53.43649],[-1.9696,53.43687],[-1.97106,53.4372],[-1.97136,53.4371],[-1.97145,53.43644],[-1.97217,53.43572],[-1.97436,53.43623],[-1.97501,53.43669],[-1.97561,53.44001],[-1.97565,53.44168],[-1.97531,53.44219],[-1.97423,53.44265],[-1.97351,53.44265],[-1.97273,53.44247],[-1.9723,53.44275],[-1.97153,53.4427],[-1.96973,53.44118],[-1.9675,53.44416],[-1.96664,53.444],[-1.96295,53.44165]]]]}},{"type":"Feature","properties":{"source_code":"C81081","codes":["C81081"],"label":"Manor House Surgery"},"geometry":{"type":"MultiPolygon","coordinates":[[[[-2.04059,53.41274],[-2.04054,53.41275],[-2.04058,53.41273],[-2.04059,53.41274]]],[[[-2.04059,53.41274],[-2.04105,53.41265],[-2.04071,53.41291],[-2.04059,53.41274]]],[[[-1.91574,53.43797],[-1.91201,53.42605],[-1.92347,53.42345],[-1.94389,53.40626],[-1.95548,53.40723],[-1.96454,53.40853],[-1.97145,53.41859],[-1.98857,53.42015],[-1.9984,53.42098],[-2.00814,53.4216],[-2.02118,53.42232],[-2.01741,53.42586],[-2.0214,53.42846],[-2.02101,53.43268],[-2.01445,53.43866],[-2.00912,53.43591],[-2.00698,53.43557],[-2.00458,53.43569],[-2.0037,53.43608],[-2.0041,53.43713],[-2.00621,53.44058],[-1.99996,53.44431],[-1.99509,53.44962],[-1.98741,53.45903],[-1.98485,53.46039],[-1.98262,53.46201],[-1.98,53.46315],[-1.9805,53.46514],[-1.97935,53.46638],[-1.97795,53.46691],[-1.9757,53.46755],[-1.97332,53.46757],[-1.97161,53.46841],[-1.97042,53.4694],[-1.96243,53.46784],[-1.95574,53.46731],[-1.94158,53.46664],[-1.90239,53.44653],[-1.91574,53.43797]]]]}},{"type":"Feature","properties":{"source_code":"B85032","codes":["B85032"],"label":"MELTHAM GROUP PRACTICE"},"geometry":{"type":"Polygon","coordinates":[[[-1.85291,53.61471],[-1.82442,53.61043],[-1.80176,53.59189],[-1.82133,53.57029],[-1.86047,53.58782],[-1.8778,53.59699],[-1.89128,53.60178],[-1.8821,53.60738],[-1.86871,53.61339],[-1.85291,53.61471]]]}},{"type":"Feature","properties":{"source_code":"B85022","codes":["B85022"],"label":"HONLEY SURGERY"},"geometry":{"type":"Polygon","coordinates":[[[-1.79455,53.631],[-1.7712,53.61339],[-1.75301,53.61104],[-1.74854,53.60147],[-1.75026,53.59189],[-1.75541,53.576],[-1.76931,53.57233],[-1.78665,53.56825],[-1.82888,53.57498],[-1.84982,53.59169],[-1.8021,53.62998],[-1.79455,53.631]]]}},{"type":"Feature","properties":{"source_code":"B85610","codes":["B85610"],"label":"OAKLANDS HEALTH CENTRE"},"geometry":{"type":"Polygon","coordinates":[[[-1.81274,53.61614],[-1.79558,53.62286],[-1.77343,53.61726],[-1.7458,53.61003],[-1.71391,53.6228],[-1.70619,53.632],[-1.63981,53.63024],[-1.6237,53.61904],[-1.61235,53.59711],[-1.62104,53.58375],[-1.63173,53.57402],[-1.64571,53.55556],[-1.65585,53.5148],[-1.72588,53.51444],[-1.72657,53.51612],[-1.72691,53.51602],[-1.8021,53.53766],[-1.84021,53.54908],[-1.84467,53.58924],[-1.81274,53.61614]]]}},{"type":"Feature","properties":{"source_code":"B85006","codes":["B85006"],"label":"ELMWOOD FAMILY DOCTORS"},"geometry":{"type":"MultiPolygon","coordinates":[[[[-1.82068,53.49751],[-1.82311,53.49724],[-1.82469,53.49766],[-1.82466,53.49766],[-1.82068,53.49751]]],[[[-1.8247,53.49766],[-1.82469,53.49766],[-1.82478,53.49765],[-1.82483,53.49767],[-1.8247,53.49766]]],[[[-1.82068,53.49751],[-1.81522,53.4981],[-1.81796,53.4974],[-1.82068,53.49751]]],[[[-1.8252,53.49779],[-1.82483,53.49767],[-1.82494,53.49767],[-1.82671,53.49819],[-1.8252,53.49779]]],[[[-1.81522,53.4981],[-1.81355,53.49853],[-1.81175,53.49867],[-1.81193,53.49846],[-1.81522,53.4981]]],[[[-1.79648,53.60672],[-1.79596,53.60757],[-1.79531,53.60849],[-1.79272,53.60929],[-1.79013,53.60997],[-1.78845,53.61074],[-1.78697,53.61043],[-1.78356,53.61043],[-1.78077,53.60826],[-1.78017,53.60705],[-1.77981,53.60651],[-1.7797,53.60595],[-1.77864,53.60363],[-1.7762,53.60157],[-1.77342,53.59938],[-1.77028,53.59728],[-1.76751,53.59543],[-1.76468,53.59352],[-1.75713,53.59138],[-1.75232,53.59352],[-1.74168,53.59434],[-1.73932,53.59268],[-1.73591,53.59119],[-1.73578,53.59005],[-1.73172,53.58802],[-1.72912,53.58429],[-1.72971,53.58347],[-1.72834,53.58206],[-1.72739,53.58111],[-1.72636,53.58061],[-1.7218,53.57864],[-1.71711,53.577],[-1.71116,53.57592],[-1.714,53.57359],[-1.71335,53.57225],[-1.71172,53.57013],[-1.70974,53.56749],[-1.70482,53.56009],[-1.72103,53.55545],[-1.72213,53.55391],[-1.72307,53.55293],[-1.72392,53.55236],[-1.72541,53.55114],[-1.72706,53.55047],[-1.72877,53.54762],[-1.73228,53.54508],[-1.72893,53.54293],[-1.72803,53.54232],[-1.72391,53.54037],[-1.71824,53.5375],[-1.7155,53.53589],[-1.71095,53.53342],[-1.70872,53.52929],[-1.70744,53.52189],[-1.71903,53.52067],[-1.72371,53.52033],[-1.72743,53.51992],[-1.73105,53.51955],[-1.73579,53.51955],[-1.73844,53.51946],[-1.74154,53.51916],[-1.74553,53.51907],[-1.74706,53.519],[-1.74867,53.51888],[-1.75045,53.51871],[-1.75252,53.51839],[-1.75677,53.51804],[-1.76088,53.51828],[-1.76294,53.51812],[-1.76379,53.51602],[-1.76798,53.51416],[-1.77685,53.51006],[-1.78502,53.50576],[-1.78826,53.50412],[-1.78944,53.50155],[-1.79234,53.50001],[-1.79798,53.50214],[-1.81274,53.49979],[-1.81171,53.49969],[-1.81274,53.49907],[-1.81197,53.49892],[-1.81253,53.49879],[-1.81355,53.49853],[-1.82466,53.49766],[-1.8247,53.49766],[-1.8252,53.49779],[-1.83987,53.50275],[-1.8314,53.49957],[-1.82671,53.49819],[-1.83148,53.49945],[-1.84053,53.5029],[-1.84758,53.50325],[-1.85196,53.50237],[-1.85299,53.50599],[-1.85385,53.50831],[-1.85316,53.51063],[-1.85248,53.51528],[-1.85213,53.52002],[-1.85222,53.5228],[-1.85334,53.52445],[-1.85781,53.52801],[-1.85481,53.53405],[-1.85327,53.53595],[-1.85122,53.53733],[-1.84924,53.53856],[-1.84815,53.53977],[-1.84854,53.54059],[-1.84952,53.5412],[-1.88553,53.56217],[-1.8845,53.5635],[-1.88494,53.56457],[-1.88495,53.56697],[-1.88673,53.56793],[-1.88706,53.56883],[-1.88645,53.56969],[-1.88688,53.57029],[-1.88696,53.57101],[-1.88692,53.57148],[-1.88649,53.57195],[-1.88352,53.57337],[-1.88102,53.57513],[-1.87595,53.57875],[-1.87482,53.57988],[-1.87464,53.58041],[-1.87491,53.58103],[-1.87574,53.58142],[-1.87608,53.58221],[-1.88724,53.59616],[-1.8862,53.59648],[-1.88927,53.60109],[-1.88481,53.60355],[-1.88313,53.60469],[-1.88334,53.60559],[-1.88218,53.60697],[-1.88208,53.60793],[-1.88066,53.60823],[-1.86978,53.6132],[-1.86885,53.61345],[-1.86797,53.61364],[-1.86039,53.61408],[-1.85286,53.6145],[-1.85182,53.61494],[-1.85071,53.61537],[-1.84904,53.61487],[-1.84784,53.61491],[-1.84541,53.61492],[-1.84275,53.61515],[-1.84006,53.6153],[-1.83699,53.61519],[-1.83435,53.61465],[-1.8325,53.61408],[-1.83095,53.61405],[-1.83046,53.61412],[-1.82988,53.61404],[-1.82906,53.61393],[-1.82749,53.61398],[-1.82655,53.61402],[-1.82547,53.61405],[-1.82363,53.61401],[-1.82271,53.614],[-1.82181,53.61396],[-1.82108,53.61396],[-1.81942,53.61382],[-1.81879,53.61352],[-1.81775,53.6129],[-1.81458,53.61164],[-1.81476,53.61124],[-1.81459,53.61064],[-1.8141,53.6102],[-1.81326,53.6098],[-1.81235,53.60925],[-1.81168,53.60867],[-1.81147,53.60832],[-1.81136,53.60789],[-1.81128,53.60752],[-1.8114,53.60692],[-1.81145,53.60649],[-1.81122,53.60594],[-1.80831,53.60537],[-1.80553,53.60499],[-1.80397,53.60543],[-1.80197,53.60585],[-1.79952,53.60635],[-1.79817,53.60613],[-1.79648,53.60672]]]]}},{"type":"Feature","properties":{"source_code":"C81092","codes":["C81092"],"label":"EVELYN MEDICAL CENTRE"},"geometry":{"type":"Polygon","coordinates":[[[-1.70681,53.30676],[-1.7102,53.30562],[-1.71164,53.30517],[-1.71283,53.3048],[-1.71342,53.3042],[-1.71448,53.30388],[-1.71501,53.30338],[-1.71571,53.30318],[-1.71875,53.30332],[-1.7211,53.3034],[-1.72369,53.30283],[-1.72551,53.30241],[-1.7273,53.30151],[-1.7287,53.3001],[-1.72975,53.29995],[-1.73079,53.29997],[-1.73155,53.30038],[-1.7321,53.30091],[-1.73451,53.30236],[-1.73799,53.30193],[-1.74545,53.30262],[-1.75247,53.30144],[-1.75602,53.30016],[-1.75918,53.29995],[-1.76202,53.30027],[-1.7635,53.30115],[-1.76552,53.3021],[-1.7661,53.30344],[-1.77011,53.30649],[-1.77549,53.30872],[-1.78082,53.31395],[-1.78107,53.32016],[-1.78172,53.32408],[-1.78232,53.327],[-1.78433,53.32995],[-1.79043,53.33272],[-1.81206,53.33887],[-1.82545,53.34425],[-1.83472,53.3486],[-1.84107,53.3517],[-1.84523,53.35359],[-1.84776,53.35461],[-1.84931,53.35487],[-1.84991,53.35526],[-1.85143,53.35818],[-1.8533,53.36098],[-1.85781,53.36648],[-1.86218,53.37137],[-1.86639,53.37639],[-1.8759,53.38298],[-1.88311,53.38768],[-1.88774,53.39229],[-1.8875,53.39307],[-1.88721,53.39347],[-1.88683,53.39372],[-1.88643,53.39422],[-1.88589,53.39453],[-1.88563,53.39762],[-1.88528,53.40108],[-1.88432,53.40328],[-1.88332,53.4051],[-1.88387,53.41594],[-1.87363,53.43185],[-1.8685,53.43532],[-1.86199,53.43561],[-1.85681,53.43474],[-1.84905,53.4356],[-1.84108,53.43692],[-1.82758,53.43822],[-1.81564,53.43583],[-1.80066,53.43649],[-1.7943,53.43824],[-1.79245,53.43866],[-1.79114,53.43957],[-1.78965,53.44011],[-1.7874,53.44184],[-1.78617,53.44518],[-1.7852,53.44744],[-1.78332,53.44858],[-1.78085,53.45059],[-1.77828,53.45236],[-1.77539,53.45411],[-1.76881,53.45882],[-1.7605,53.46345],[-1.75495,53.46403],[-1.75382,53.46437],[-1.75343,53.46477],[-1.75279,53.46487],[-1.75184,53.4647],[-1.74941,53.4643],[-1.74806,53.46401],[-1.7472,53.46362],[-1.74668,53.46298],[-1.74575,53.46227],[-1.7455,53.46203],[-1.74567,53.46168],[-1.74637,53.46111],[-1.74713,53.45931],[-1.74724,53.45855],[-1.7477,53.45784],[-1.74832,53.45734],[-1.74756,53.45682],[-1.74688,53.45574],[-1.73908,53.45077],[-1.73287,53.44705],[-1.72986,53.44352],[-1.72697,53.4401],[-1.72658,53.43662],[-1.72047,53.42997],[-1.71812,53.41987],[-1.71447,53.41352],[-1.70065,53.40718],[-1.68975,53.4038],[-1.68636,53.40291],[-1.68256,53.40062],[-1.68135,53.40005],[-1.6801,53.39951],[-1.67915,53.39854],[-1.67858,53.39817],[-1.67823,53.39785],[-1.67606,53.39701],[-1.67429,53.39626],[-1.67095,53.39525],[-1.6678,53.3937],[-1.66478,53.39249],[-1.66344,53.39114],[-1.66305,53.38922],[-1.66278,53.3884],[-1.6623,53.38713],[-1.66117,53.38555],[-1.67212,53.38347],[-1.67911,53.38159],[-1.68078,53.37955],[-1.69172,53.37263],[-1.69387,53.36579],[-1.69415,53.35947],[-1.69029,53.35685],[-1.68886,53.35602],[-1.68668,53.35523],[-1.68484,53.35446],[-1.68138,53.35305],[-1.67337,53.35359],[-1.66623,53.3547],[-1.66261,53.35542],[-1.66079,53.35575],[-1.65907,53.35588],[-1.65756,53.35581],[-1.65673,53.35578],[-1.65623,53.35574],[-1.65509,53.35573],[-1.65386,53.35574],[-1.65302,53.35568],[-1.65212,53.35562],[-1.65173,53.35534],[-1.65145,53.35502],[-1.65091,53.35451],[-1.6504,53.35406],[-1.65008,53.35355],[-1.64953,53.35319],[-1.64873,53.35291],[-1.64816,53.35257],[-1.6478,53.35223],[-1.64586,53.35083],[-1.63831,53.34901],[-1.63371,53.34822],[-1.63128,53.34645],[-1.6299,53.34572],[-1.62848,53.34494],[-1.62516,53.34389],[-1.62143,53.34388],[-1.61992,53.34382],[-1.6184,53.34325],[-1.61653,53.34309],[-1.61448,53.34296],[-1.61293,53.34232],[-1.61166,53.34201],[-1.61026,53.34108],[-1.61308,53.33821],[-1.61529,53.33579],[-1.61704,53.33362],[-1.61756,53.33263],[-1.61878,53.3318],[-1.61823,53.32969],[-1.61699,53.3279],[-1.60709,53.32054],[-1.60566,53.31977],[-1.60441,53.31889],[-1.60174,53.31749],[-1.60185,53.31603],[-1.60352,53.31513],[-1.60851,53.31288],[-1.61368,53.31149],[-1.62044,53.30708],[-1.6223,53.30026],[-1.62418,53.29641],[-1.62793,53.29384],[-1.63125,53.29269],[-1.63405,53.2913],[-1.63596,53.28989],[-1.63874,53.28924],[-1.64209,53.28946],[-1.64493,53.29019],[-1.64957,53.29231],[-1.66235,53.29626],[-1.66702,53.29753],[-1.67139,53.29854],[-1.67559,53.29927],[-1.68099,53.30116],[-1.69005,53.30274],[-1.69816,53.30657],[-1.70116,53.30721],[-1.704,53.30726],[-1.70681,53.30676]]]}},{"type":"Feature","properties":{"source_code":"B85005","codes":["B85005"],"label":"SHEPLEY PRIMARY CARE LIMITED"},"geometry":{"type":"Polygon","coordinates":[[[-1.72108,53.6171],[-1.71815,53.61764],[-1.7165,53.61754],[-1.71564,53.61709],[-1.7152,53.61668],[-1.7145,53.61572],[-1.71402,53.61476],[-1.71344,53.61311],[-1.71373,53.61145],[-1.71325,53.61051],[-1.71337,53.60957],[-1.71254,53.60885],[-1.71121,53.60829],[-1.7052,53.6074],[-1.70299,53.60694],[-1.70086,53.60688],[-1.69938,53.60549],[-1.69879,53.60496],[-1.69829,53.60437],[-1.697,53.60332],[-1.69549,53.6041],[-1.69213,53.60556],[-1.68438,53.6043],[-1.68086,53.60361],[-1.68111,53.60181],[-1.68041,53.59942],[-1.68023,53.59734],[-1.67701,53.59673],[-1.67481,53.59602],[-1.6623,53.5927],[-1.65858,53.59176],[-1.65485,53.59134],[-1.65644,53.59056],[-1.65483,53.58803],[-1.65288,53.58586],[-1.64836,53.58118],[-1.6406,53.57614],[-1.63645,53.57273],[-1.63646,53.57126],[-1.6379,53.57016],[-1.63922,53.56943],[-1.64202,53.56791],[-1.64301,53.56654],[-1.64298,53.56487],[-1.64256,53.56388],[-1.64553,53.56332],[-1.6479,53.56251],[-1.65058,53.56241],[-1.65327,53.56116],[-1.65829,53.5599],[-1.66131,53.55941],[-1.66192,53.55896],[-1.66292,53.55911],[-1.66383,53.5594],[-1.66366,53.56026],[-1.66812,53.5605],[-1.67124,53.56073],[-1.67452,53.56055],[-1.67999,53.55969],[-1.68644,53.55775],[-1.6913,53.55663],[-1.69634,53.55561],[-1.71249,53.55586],[-1.72039,53.55549],[-1.72138,53.55526],[-1.72524,53.5551],[-1.72608,53.55455],[-1.72652,53.55437],[-1.72671,53.55431],[-1.72691,53.55441],[-1.72781,53.55483],[-1.72858,53.55553],[-1.73058,53.55695],[-1.73374,53.5596],[-1.73661,53.56341],[-1.74165,53.56373],[-1.74383,53.56409],[-1.74687,53.56537],[-1.75423,53.56813],[-1.75577,53.56972],[-1.75628,53.57076],[-1.75662,53.57232],[-1.75511,53.5749],[-1.75533,53.57563],[-1.7557,53.57599],[-1.75619,53.57623],[-1.75658,53.57655],[-1.75706,53.57708],[-1.75957,53.57867],[-1.76338,53.57873],[-1.76663,53.57937],[-1.76906,53.58012],[-1.76918,53.58048],[-1.769,53.58098],[-1.76835,53.58225],[-1.76884,53.58282],[-1.76941,53.58346],[-1.77003,53.58427],[-1.77133,53.58481],[-1.77347,53.58521],[-1.77374,53.58601],[-1.7735,53.58681],[-1.76854,53.58935],[-1.76714,53.58936],[-1.76608,53.58897],[-1.76362,53.58829],[-1.76226,53.58823],[-1.76124,53.58888],[-1.75886,53.58968],[-1.75627,53.58973],[-1.75403,53.5902],[-1.74936,53.59113],[-1.74967,53.59193],[-1.74981,53.59264],[-1.74997,53.59342],[-1.74978,53.59462],[-1.75079,53.59578],[-1.7511,53.59674],[-1.75107,53.598],[-1.75121,53.59916],[-1.75,53.59984],[-1.74998,53.60043],[-1.75051,53.6018],[-1.75164,53.60334],[-1.75294,53.60451],[-1.7545,53.60624],[-1.75547,53.60747],[-1.75678,53.60921],[-1.75351,53.61079],[-1.752,53.61155],[-1.75024,53.61227],[-1.74472,53.61211],[-1.73266,53.6142],[-1.72108,53.6171]]]}},{"type":"Feature","properties":{"source_code":"B85026","codes":["B85026"],"label":"KIRKBURTON HEALTH CENTRE"},"geometry":{"type":"MultiPolygon","coordinates":[[[[-1.66652,53.58403],[-1.65825,53.5894],[-1.6664,53.584],[-1.66652,53.58403]]],[[[-1.65031,53.59669],[-1.64769,53.60025],[-1.64791,53.59818],[-1.65031,53.59669]]],[[[-1.72485,53.59413],[-1.75009,53.59098],[-1.75009,53.60015],[-1.75507,53.60646],[-1.72485,53.59413]]],[[[-1.74674,53.6214],[-1.75241,53.61102],[-1.75009,53.61692],[-1.74914,53.62034],[-1.74674,53.6214]]],[[[-1.65031,53.59669],[-1.65417,53.59146],[-1.65364,53.59286],[-1.65436,53.59195],[-1.65413,53.59159],[-1.66821,53.58476],[-1.6743,53.58631],[-1.66652,53.58403],[-1.66657,53.584],[-1.67506,53.5865],[-1.68674,53.58946],[-1.68674,53.58945],[-1.6878,53.58959],[-1.70966,53.58313],[-1.70726,53.57549],[-1.70975,53.57747],[-1.70983,53.58308],[-1.72451,53.59403],[-1.72112,53.59365],[-1.72331,53.59403],[-1.75489,53.60666],[-1.75215,53.61053],[-1.75213,53.61052],[-1.74683,53.62041],[-1.73515,53.63263],[-1.68846,53.62898],[-1.73412,53.63273],[-1.73415,53.63275],[-1.73524,53.63273],[-1.7367,53.634],[-1.73704,53.634],[-1.7355,53.63293],[-1.74653,53.62146],[-1.75043,53.62566],[-1.74665,53.63146],[-1.73704,53.634],[-1.73713,53.634],[-1.7355,53.6341],[-1.73584,53.63772],[-1.73498,53.63863],[-1.73747,53.64092],[-1.73721,53.64342],[-1.73524,53.64433],[-1.73335,53.6453],[-1.73026,53.64484],[-1.72829,53.64301],[-1.72099,53.64026],[-1.71979,53.63767],[-1.7161,53.63492],[-1.70571,53.63436],[-1.70355,53.63385],[-1.70348,53.63385],[-1.70336,53.63381],[-1.67697,53.63365],[-1.67696,53.6337],[-1.641,53.61334],[-1.65413,53.61471],[-1.65602,53.6157],[-1.65447,53.6144],[-1.64091,53.61318],[-1.64829,53.59964],[-1.6509,53.59633],[-1.65031,53.59669]]],[[[-1.66168,53.60381],[-1.66631,53.61051],[-1.65896,53.5991],[-1.66168,53.60381]]],[[[-1.66737,53.61215],[-1.67009,53.61664],[-1.67542,53.62479],[-1.67539,53.62491],[-1.67559,53.62499],[-1.67592,53.6254],[-1.66737,53.61215]]],[[[-1.66772,53.62167],[-1.66486,53.62033],[-1.66795,53.62196],[-1.66772,53.62167]]],[[[-1.67796,53.62816],[-1.67716,53.63333],[-1.67832,53.62819],[-1.67796,53.62816]]],[[[-1.69395,53.63222],[-1.67714,53.63344],[-1.67713,53.63349],[-1.67701,53.63334],[-1.67697,53.63365],[-1.68966,53.63268],[-1.6949,53.63237],[-1.69634,53.63253],[-1.69395,53.63222]]],[[[-1.69999,53.63301],[-1.70333,53.6338],[-1.70171,53.63323],[-1.69999,53.63301]]],[[[-1.71879,53.59368],[-1.71804,53.5933],[-1.70322,53.59162],[-1.71879,53.59368]]]]}},{"type":"Feature","properties":{"source_code":"B85061","codes":["B85061"],"label":"SKELMANTHORPE FAMILY DOCTORS"},"geometry":{"type":"Polygon","coordinates":[[[-1.71593,53.57416],[-1.69292,53.58496],[-1.684,53.60249],[-1.64761,53.61125],[-1.63834,53.61736],[-1.57379,53.6139],[-1.5834,53.58843],[-1.59954,53.56478],[-1.6531,53.54174],[-1.71593,53.57416]]]}},{"type":"Feature","properties":{"source_code":"C85004","codes":["C85004"],"label":"PENISTONE GROUP PMS PRACTICE"},"geometry":{"type":"Polygon","coordinates":[[[-1.79077,53.54337],[-1.70631,53.5764],[-1.63765,53.5659],[-1.56349,53.56805],[-1.53551,53.53776],[-1.5295,53.46864],[-1.56877,53.48544],[-1.61353,53.48917],[-1.70992,53.49091],[-1.79077,53.54337]]]}},{"type":"Feature","properties":{"source_code":"C85623","codes":["C85623"],"label":"KINGSWELL SURGERY PMS PRACTICE"},"geometry":{"type":"MultiPolygon","coordinates":[[[[-1.62855,53.52562],[-1.63061,53.48948],[-1.70597,53.50132],[-1.75095,53.48876],[-1.79712,53.53235],[-1.77506,53.56116],[-1.62666,53.5761],[-1.58316,53.59],[-1.56813,53.59464],[-1.53946,53.55418],[-1.51199,53.49397],[-1.6301,53.48917],[-1.62855,53.52562]]],[[[-1.58316,53.59],[-1.59714,53.58568],[-1.56796,53.59485],[-1.58316,53.59]]]]}},{"type":"Feature","properties":{"source_code":"B85002","codes":["B85002"],"label":"DEARNE VALLEY HEALTH CENTRE"},"geometry":{"type":"Polygon","coordinates":[[[-1.61963,53.59989],[-1.61688,53.59974],[-1.61482,53.60035],[-1.6125,53.59999],[-1.61078,53.60015],[-1.60778,53.60127],[-1.60435,53.60279],[-1.6016,53.60422],[-1.6004,53.6031],[-1.59851,53.60198],[-1.59697,53.59984],[-1.5901,53.60015],[-1.58667,53.59994],[-1.58512,53.59882],[-1.58495,53.59587],[-1.58529,53.59342],[-1.58718,53.59128],[-1.58787,53.58731],[-1.58993,53.58568],[-1.59405,53.58547],[-1.59782,53.58547],[-1.60074,53.58598],[-1.60418,53.58415],[-1.60727,53.58211],[-1.61104,53.58048],[-1.61345,53.57977],[-1.6149,53.57916],[-1.61705,53.57931],[-1.61954,53.579],[-1.62083,53.57778],[-1.62186,53.57656],[-1.62289,53.57569],[-1.63047,53.57565],[-1.62194,53.57559],[-1.62186,53.57498],[-1.62297,53.57421],[-1.62546,53.57309],[-1.62477,53.57136],[-1.62503,53.56876],[-1.62392,53.56652],[-1.62306,53.56545],[-1.62066,53.56499],[-1.61791,53.56432],[-1.61576,53.56356],[-1.61327,53.56254],[-1.61877,53.56152],[-1.62598,53.56009],[-1.63216,53.55765],[-1.63868,53.55561],[-1.64177,53.55561],[-1.6452,53.55601],[-1.64829,53.55785],[-1.65276,53.55948],[-1.65859,53.55907],[-1.66168,53.55989],[-1.66821,53.5603],[-1.67439,53.5603],[-1.67988,53.55907],[-1.68159,53.5607],[-1.68743,53.56417],[-1.69224,53.56478],[-1.69773,53.56703],[-1.69979,53.5707],[-1.70494,53.57457],[-1.70554,53.57528],[-1.70666,53.57528],[-1.70666,53.57651],[-1.70305,53.57651],[-1.69945,53.57753],[-1.69498,53.57936],[-1.69344,53.57997],[-1.69189,53.5816],[-1.68829,53.58303],[-1.68743,53.58517],[-1.68623,53.5866],[-1.68297,53.58792],[-1.67953,53.58863],[-1.6779,53.58796],[-1.67636,53.58723],[-1.67168,53.58509],[-1.66881,53.58423],[-1.66632,53.58384],[-1.66383,53.58573],[-1.66065,53.58843],[-1.65542,53.59108],[-1.65473,53.59149],[-1.65379,53.59266],[-1.65344,53.59424],[-1.6519,53.59617],[-1.64932,53.59745],[-1.64786,53.59841],[-1.64795,53.60076],[-1.64881,53.60386],[-1.64726,53.6056],[-1.64426,53.60901],[-1.64246,53.60885],[-1.64057,53.60794],[-1.63842,53.60733],[-1.63319,53.60519],[-1.62924,53.60351],[-1.62641,53.60234],[-1.62323,53.60096],[-1.61963,53.59989]]]}},{"type":"Feature","properties":{"source_code":"C88092","codes":["C88092"],"label":"VALLEY MEDICAL CENTRE"},"geometry":{"type":"Polygon","coordinates":[[[-1.51062,53.47906],[-1.51972,53.46118],[-1.55216,53.44922],[-1.58349,53.4418],[-1.61147,53.45131],[-1.63314,53.45213],[-1.73107,53.5063],[-1.7072,53.52731],[-1.67827,53.53709],[-1.64728,53.54127],[-1.63556,53.53766],[-1.62385,53.53651],[-1.6123,53.53465],[-1.6035,53.52768],[-1.57084,53.51762],[-1.54105,53.52427],[-1.53358,53.52191],[-1.52161,53.50194],[-1.51925,53.48647],[-1.51062,53.47906]]]}},{"type":"Feature","properties":{"source_code":"C88074","codes":["C88074"],"label":"DEEPCAR MEDICAL CENTRE"},"geometry":{"type":"Polygon","coordinates":[[[-1.63282,53.54097],[-1.57261,53.48234],[-1.63232,53.54079],[-1.62133,53.53672],[-1.60365,53.5235],[-1.62048,53.53663],[-1.63414,53.54257],[-1.63559,53.54398],[-1.42273,53.49744],[-1.4296,53.49458],[-1.49895,53.47701],[-1.52847,53.4259],[-1.79558,53.46639],[-1.70185,53.51153],[-1.68125,53.53235],[-1.63834,53.54439],[-1.63414,53.54257],[-1.63232,53.54079],[-1.63282,53.54097]]]}},{"type":"Feature","properties":{"source_code":"C88040","codes":["C88040"],"label":"OUGHTIBRIDGE SURGERY"},"geometry":{"type":"MultiPolygon","coordinates":[[[[-1.49887,53.42265],[-1.49775,53.42196],[-1.49886,53.42255],[-1.49887,53.42265]]],[[[-1.51311,53.44482],[-1.51289,53.44481],[-1.51277,53.44464],[-1.51265,53.4448],[-1.49172,53.44393],[-1.47929,53.44318],[-1.49929,53.42948],[-1.49887,53.42265],[-1.50002,53.42337],[-1.52083,53.42253],[-1.51182,53.41731],[-1.50298,53.41096],[-1.49732,53.40907],[-1.49543,53.40426],[-1.51088,53.39976],[-1.52427,53.40375],[-1.54409,53.4059],[-1.55027,53.40431],[-1.5774,53.4102],[-1.5986,53.40912],[-1.60701,53.40365],[-1.62186,53.39684],[-1.62769,53.39756],[-1.6616,53.39546],[-1.66726,53.39623],[-1.66966,53.41378],[-1.66821,53.42498],[-1.67353,53.43101],[-1.67241,53.44042],[-1.66855,53.44508],[-1.65421,53.45514],[-1.64658,53.46043],[-1.63928,53.46245],[-1.63602,53.46623],[-1.60709,53.46588],[-1.59207,53.47093],[-1.57989,53.47093],[-1.56435,53.47528],[-1.55903,53.47231],[-1.55079,53.47247],[-1.53105,53.49223],[-1.50496,53.45796],[-1.48109,53.44349],[-1.49172,53.44393],[-1.51236,53.44518],[-1.50362,53.45672],[-1.51281,53.44521],[-1.5132,53.44523],[-1.51301,53.44496],[-1.51311,53.44483],[-1.51311,53.44492],[-1.5132,53.44472],[-1.51311,53.44483],[-1.51311,53.44482]]],[[[-1.51236,53.44518],[-1.51265,53.4448],[-1.51289,53.44481],[-1.51301,53.44496],[-1.51281,53.44521],[-1.51236,53.44518]]]]}},{"type":"Feature","properties":{"source_code":"C85614","codes":["C85614"],"label":"DARTON HEALTH CENTRE PRACTICE"},"geometry":{"type":"Polygon","coordinates":[[[-1.6119,53.5976],[-1.49895,53.62774],[-1.45294,53.58048],[-1.48985,53.55581],[-1.53088,53.55918],[-1.6119,53.5976]]]}},{"type":"Feature","properties":{"source_code":"C88034","codes":["C88034"],"label":"NETHERGREEN SURGERY"},"geometry":{"type":"Polygon","coordinates":[[[-1.56641,53.38026],[-1.56366,53.38079],[-1.56075,53.38082],[-1.55915,53.38074],[-1.55712,53.38015],[-1.55525,53.38005],[-1.54899,53.37998],[-1.5458,53.37953],[-1.54343,53.37986],[-1.53946,53.38067],[-1.53466,53.38112],[-1.53275,53.38048],[-1.53122,53.38026],[-1.52401,53.38082],[-1.52207,53.38063],[-1.52021,53.38009],[-1.51852,53.37957],[-1.51714,53.37887],[-1.51333,53.37651],[-1.51049,53.37676],[-1.5077,53.37667],[-1.50371,53.37657],[-1.50191,53.37713],[-1.49945,53.37642],[-1.49702,53.37643],[-1.49601,53.37497],[-1.50036,53.37212],[-1.50101,53.36797],[-1.5065,53.36612],[-1.50839,53.36341],[-1.5077,53.361],[-1.50942,53.35793],[-1.51423,53.35383],[-1.52066,53.35076],[-1.52229,53.34645],[-1.52195,53.34574],[-1.52418,53.34338],[-1.53036,53.34112],[-1.5319,53.34035],[-1.53474,53.33936],[-1.53817,53.33923],[-1.5419,53.3392],[-1.54486,53.33913],[-1.5501,53.33902],[-1.5541,53.3391],[-1.55688,53.33913],[-1.56117,53.33898],[-1.56332,53.33892],[-1.56478,53.33887],[-1.56559,53.33887],[-1.56547,53.3423],[-1.56555,53.34707],[-1.56581,53.35788],[-1.56538,53.36367],[-1.56598,53.37171],[-1.56645,53.37598],[-1.56641,53.38026]]]}},{"type":"Feature","properties":{"source_code":"C88044","codes":["C88044"],"label":"MANCHESTER ROAD SURGERY"},"geometry":{"type":"Polygon","coordinates":[[[-1.62924,53.38722],[-1.62284,53.38602],[-1.61808,53.3866],[-1.6137,53.3865],[-1.61117,53.38535],[-1.60606,53.38346],[-1.60151,53.38284],[-1.59855,53.38189],[-1.59722,53.38079],[-1.59109,53.37977],[-1.5877,53.379],[-1.58237,53.37836],[-1.57405,53.37829],[-1.56873,53.37918],[-1.56697,53.38008],[-1.56571,53.38145],[-1.56334,53.38193],[-1.56487,53.38362],[-1.56454,53.38475],[-1.56239,53.38574],[-1.55785,53.38664],[-1.55414,53.38722],[-1.55321,53.38508],[-1.55063,53.38505],[-1.5483,53.38468],[-1.54806,53.38411],[-1.54292,53.38429],[-1.53761,53.38481],[-1.53306,53.38658],[-1.53182,53.38645],[-1.51779,53.39065],[-1.51556,53.39364],[-1.51272,53.39515],[-1.5112,53.39945],[-1.51043,53.39911],[-1.5098,53.39781],[-1.5086,53.39761],[-1.5056,53.39697],[-1.50283,53.39604],[-1.5042,53.39527],[-1.50302,53.39509],[-1.50247,53.39469],[-1.50111,53.39348],[-1.49817,53.39034],[-1.4971,53.38904],[-1.49779,53.38856],[-1.49787,53.38773],[-1.49693,53.38685],[-1.4956,53.38639],[-1.49418,53.3853],[-1.49659,53.38411],[-1.49843,53.38274],[-1.49416,53.38092],[-1.48921,53.37928],[-1.49345,53.37621],[-1.49105,53.37511],[-1.4886,53.37421],[-1.49118,53.37291],[-1.48985,53.37104],[-1.49122,53.3705],[-1.49693,53.36884],[-1.49916,53.36848],[-1.50259,53.36735],[-1.50624,53.36658],[-1.50826,53.36425],[-1.51109,53.36387],[-1.51388,53.36438],[-1.51757,53.36443],[-1.52088,53.36454],[-1.52311,53.36335],[-1.52551,53.36226],[-1.52648,53.36355],[-1.52628,53.36469],[-1.52822,53.36367],[-1.53088,53.36356],[-1.53465,53.3641],[-1.53852,53.36523],[-1.54079,53.3652],[-1.54238,53.36472],[-1.54397,53.36474],[-1.54547,53.36392],[-1.54456,53.36247],[-1.54901,53.36155],[-1.55115,53.3621],[-1.55349,53.36343],[-1.5559,53.36382],[-1.558,53.36315],[-1.56014,53.36395],[-1.56212,53.36505],[-1.56302,53.36543],[-1.56469,53.36548],[-1.56684,53.36459],[-1.5683,53.36541],[-1.57044,53.36553],[-1.57525,53.36592],[-1.57821,53.36607],[-1.58092,53.36643],[-1.58512,53.36587],[-1.59328,53.36658],[-1.59396,53.36955],[-1.59636,53.36868],[-1.60031,53.36868],[-1.60418,53.36858],[-1.60782,53.36784],[-1.61061,53.36845],[-1.6125,53.36838],[-1.6301,53.36904],[-1.62924,53.38722]]]}},{"type":"Feature","properties":{"source_code":"C88083","codes":["C88083"],"label":"SELBORNE ROAD MEDICAL CENTRE"},"geometry":{"type":"MultiPolygon","coordinates":[[[[-1.56755,53.37917],[-1.56871,53.37866],[-1.56734,53.37948],[-1.56735,53.37945],[-1.56734,53.37948],[-1.56731,53.3795],[-1.56755,53.37917]]],[[[-1.56698,53.38065],[-1.56734,53.37948],[-1.56734,53.37948],[-1.56701,53.38065],[-1.56698,53.38065]]],[[[-1.56755,53.37917],[-1.56433,53.38059],[-1.56698,53.38065],[-1.56675,53.38142],[-1.56396,53.38173],[-1.56064,53.38227],[-1.558,53.38256],[-1.5562,53.38237],[-1.55384,53.38204],[-1.55006,53.38282],[-1.54858,53.38365],[-1.54416,53.38389],[-1.54083,53.38415],[-1.5365,53.3844],[-1.53315,53.38596],[-1.52738,53.3854],[-1.52555,53.38622],[-1.52341,53.38636],[-1.52156,53.38681],[-1.51839,53.38778],[-1.51304,53.38923],[-1.51244,53.3881],[-1.51079,53.38864],[-1.50826,53.38952],[-1.50393,53.38663],[-1.50287,53.38605],[-1.50103,53.38406],[-1.4994,53.38346],[-1.49429,53.38082],[-1.48956,53.3794],[-1.48942,53.37945],[-1.4895,53.37938],[-1.48942,53.37936],[-1.48953,53.37936],[-1.4903,53.37874],[-1.48921,53.37945],[-1.49107,53.37811],[-1.49171,53.3776],[-1.49281,53.37654],[-1.49487,53.37538],[-1.49506,53.37527],[-1.49549,53.37478],[-1.49639,53.37439],[-1.49843,53.3732],[-1.50006,53.37233],[-1.50045,53.37162],[-1.50232,53.3713],[-1.5042,53.37104],[-1.50556,53.37082],[-1.50566,53.37019],[-1.50747,53.37007],[-1.5098,53.36959],[-1.51109,53.36884],[-1.51229,53.36854],[-1.51459,53.36868],[-1.51648,53.36898],[-1.51755,53.36904],[-1.51929,53.36861],[-1.51963,53.36848],[-1.51964,53.36848],[-1.52103,53.36805],[-1.52184,53.36776],[-1.52141,53.36794],[-1.52112,53.36803],[-1.52259,53.36784],[-1.52369,53.36778],[-1.52495,53.36783],[-1.52534,53.36746],[-1.52759,53.36635],[-1.52847,53.36533],[-1.52905,53.36443],[-1.53068,53.36332],[-1.53485,53.36268],[-1.53776,53.36226],[-1.541,53.36176],[-1.54349,53.36133],[-1.54575,53.36087],[-1.54826,53.3606],[-1.54946,53.36091],[-1.55285,53.35926],[-1.55236,53.35758],[-1.55502,53.35941],[-1.55596,53.35968],[-1.55903,53.36023],[-1.5619,53.36135],[-1.5663,53.36231],[-1.56765,53.36206],[-1.56806,53.36192],[-1.56823,53.36409],[-1.56877,53.37866],[-1.56803,53.37851],[-1.56755,53.37917]]],[[[-1.56023,53.37858],[-1.56795,53.37849],[-1.52606,53.36984],[-1.56693,53.37846],[-1.56023,53.37858]]],[[[-1.48997,53.37936],[-1.50746,53.37295],[-1.48967,53.37936],[-1.48997,53.37936]]]]}},{"type":"Feature","properties":{"source_code":"C88043","codes":["C88043"],"label":"TRAMWAYS AND MIDDLEWOOD MEDICAL CENTRES"},"geometry":{"type":"MultiPolygon","coordinates":[[[[-1.59327,53.46693],[-1.59271,53.46632],[-1.59034,53.46563],[-1.58576,53.46498],[-1.5792,53.46459],[-1.57747,53.46446],[-1.57609,53.46362],[-1.57366,53.46205],[-1.57253,53.46053],[-1.56898,53.45982],[-1.56598,53.45968],[-1.56298,53.45892],[-1.55731,53.45761],[-1.55473,53.45763],[-1.55317,53.45744],[-1.54903,53.45644],[-1.54881,53.45559],[-1.5465,53.45111],[-1.54705,53.44807],[-1.54639,53.4466],[-1.54503,53.44544],[-1.54293,53.44401],[-1.53997,53.4431],[-1.53619,53.44208],[-1.53361,53.44066],[-1.53225,53.43843],[-1.53218,53.43687],[-1.53184,53.43552],[-1.53186,53.43631],[-1.52899,53.43639],[-1.5262,53.43688],[-1.52489,53.43715],[-1.52332,53.43727],[-1.52053,53.43695],[-1.51598,53.43771],[-1.51425,53.43725],[-1.51285,53.43664],[-1.51122,53.43835],[-1.51045,53.43861],[-1.50734,53.43723],[-1.50548,53.43718],[-1.5038,53.43687],[-1.49903,53.43665],[-1.49648,53.43634],[-1.49537,53.43659],[-1.49418,53.43725],[-1.49262,53.43534],[-1.49192,53.43411],[-1.49174,53.43288],[-1.49178,53.43027],[-1.49251,53.4269],[-1.49285,53.42375],[-1.49239,53.42288],[-1.49236,53.42176],[-1.49327,53.42079],[-1.49453,53.42043],[-1.49856,53.41861],[-1.50023,53.4196],[-1.50251,53.42049],[-1.50482,53.42142],[-1.50066,53.41973],[-1.49765,53.41807],[-1.49635,53.41651],[-1.49333,53.41266],[-1.49138,53.41047],[-1.48927,53.40911],[-1.48613,53.4076],[-1.48402,53.40517],[-1.48426,53.40093],[-1.483,53.39825],[-1.48072,53.39639],[-1.47792,53.39509],[-1.47495,53.39409],[-1.47994,53.3916],[-1.47878,53.39215],[-1.47487,53.39413],[-1.47423,53.39455],[-1.47348,53.394],[-1.47308,53.39371],[-1.47346,53.39284],[-1.47342,53.3922],[-1.47281,53.39164],[-1.47398,53.3915],[-1.47467,53.39142],[-1.47515,53.39102],[-1.47568,53.39042],[-1.47627,53.38987],[-1.47633,53.38959],[-1.47681,53.38959],[-1.47685,53.38897],[-1.47822,53.38789],[-1.47972,53.38679],[-1.48084,53.38584],[-1.48363,53.38408],[-1.48421,53.38281],[-1.48431,53.38224],[-1.48464,53.38223],[-1.48496,53.38237],[-1.4869,53.38288],[-1.4893,53.38363],[-1.49157,53.38457],[-1.49271,53.38514],[-1.49306,53.38527],[-1.49347,53.38528],[-1.49422,53.38532],[-1.49468,53.38507],[-1.49694,53.38396],[-1.49785,53.38349],[-1.49859,53.3827],[-1.50148,53.37987],[-1.50202,53.38063],[-1.50341,53.38082],[-1.50689,53.3807],[-1.51171,53.38055],[-1.51494,53.38089],[-1.51723,53.37966],[-1.51968,53.3798],[-1.52217,53.38064],[-1.52524,53.38072],[-1.52831,53.38056],[-1.5311,53.38021],[-1.53258,53.38042],[-1.53381,53.38089],[-1.5366,53.381],[-1.53939,53.38055],[-1.54489,53.3795],[-1.55038,53.38009],[-1.55609,53.38005],[-1.55847,53.38067],[-1.5598,53.38088],[-1.5612,53.38083],[-1.56408,53.3809],[-1.56678,53.3801],[-1.56932,53.37879],[-1.57211,53.37845],[-1.5831,53.37824],[-1.59409,53.38028],[-1.59675,53.3806],[-1.59881,53.382],[-1.6019,53.38324],[-1.60541,53.38299],[-1.61039,53.38465],[-1.61468,53.38714],[-1.62618,53.38626],[-1.63698,53.38928],[-1.64192,53.38994],[-1.64685,53.38938],[-1.65671,53.38682],[-1.67036,53.38487],[-1.67761,53.38364],[-1.68245,53.38159],[-1.69171,53.38912],[-1.69445,53.39849],[-1.69092,53.40883],[-1.68396,53.41877],[-1.67466,53.4375],[-1.66247,53.45095],[-1.63516,53.45663],[-1.63275,53.45593],[-1.62909,53.45704],[-1.62544,53.45907],[-1.6213,53.46033],[-1.6193,53.46165],[-1.61779,53.46292],[-1.61593,53.46276],[-1.6099,53.46172],[-1.60388,53.46243],[-1.60056,53.4626],[-1.59707,53.46287],[-1.59496,53.46535],[-1.59425,53.46622],[-1.59327,53.46693]]],[[[-1.5317,53.43497],[-1.5312,53.43427],[-1.53127,53.43439],[-1.53173,53.43509],[-1.5317,53.43497]]],[[[-1.5297,53.43219],[-1.52961,53.43213],[-1.52974,53.43225],[-1.5297,53.43219]]],[[[-1.52158,53.42652],[-1.52142,53.42646],[-1.5221,53.42693],[-1.52616,53.42975],[-1.52825,53.43118],[-1.52856,53.43139],[-1.52502,53.42888],[-1.52158,53.42652]]],[[[-1.51745,53.42497],[-1.51508,53.42462],[-1.51701,53.42493],[-1.51956,53.4258],[-1.52002,53.42594],[-1.51745,53.42497]]],[[[-1.51214,53.42403],[-1.50896,53.42299],[-1.51178,53.42395],[-1.51214,53.42403]]],[[[-1.48322,53.39118],[-1.4837,53.39094],[-1.48324,53.39112],[-1.4823,53.39076],[-1.48198,53.39067],[-1.48178,53.3906],[-1.4812,53.39097],[-1.48186,53.39064],[-1.48322,53.39118]]],[[[-1.48452,53.3904],[-1.48413,53.39072],[-1.48415,53.39071],[-1.48465,53.3903],[-1.48452,53.3904]]],[[[-1.48708,53.38969],[-1.48823,53.3889],[-1.49037,53.3875],[-1.49001,53.38772],[-1.48818,53.38891],[-1.48705,53.38967],[-1.4864,53.38943],[-1.48708,53.38969]]],[[[-1.48556,53.38956],[-1.48593,53.38926],[-1.48616,53.38935],[-1.48591,53.38923],[-1.48563,53.38941],[-1.48556,53.38956]]],[[[-1.49196,53.38654],[-1.4933,53.38581],[-1.4921,53.38645],[-1.49196,53.38654]]],[[[-1.59327,53.46693],[-1.59329,53.46696],[-1.59233,53.46761],[-1.59327,53.46693]]]]}},{"type":"Feature","properties":{"source_code":"C88053","codes":["C88053"],"label":"FALKLAND HOUSE SURGERY"},"geometry":{"type":"Polygon","coordinates":[[[-1.51607,53.32821],[-1.52075,53.32882],[-1.52199,53.32941],[-1.52538,53.32995],[-1.53105,53.32949],[-1.53418,53.32816],[-1.53577,53.3278],[-1.53568,53.32703],[-1.53817,53.32631],[-1.54058,53.32662],[-1.54268,53.3262],[-1.54495,53.32598],[-1.54718,53.32526],[-1.54993,53.32488],[-1.55079,53.32759],[-1.54881,53.33087],[-1.54804,53.33338],[-1.54959,53.33374],[-1.54736,53.33502],[-1.54547,53.33554],[-1.55182,53.33836],[-1.55568,53.34015],[-1.55963,53.34189],[-1.56315,53.34322],[-1.56306,53.34538],[-1.56435,53.34686],[-1.56538,53.34789],[-1.56426,53.34973],[-1.5556,53.35065],[-1.55311,53.35245],[-1.55165,53.35444],[-1.55062,53.35598],[-1.5495,53.35644],[-1.55053,53.35742],[-1.55259,53.3569],[-1.55336,53.35788],[-1.55302,53.35936],[-1.55173,53.36028],[-1.5495,53.3609],[-1.54924,53.36157],[-1.54444,53.36233],[-1.5453,53.36392],[-1.54432,53.36456],[-1.54334,53.36459],[-1.54088,53.36516],[-1.53834,53.36533],[-1.53418,53.36648],[-1.53139,53.36694],[-1.52847,53.36797],[-1.5189,53.36881],[-1.51457,53.36856],[-1.51062,53.36766],[-1.50547,53.36661],[-1.50118,53.36786],[-1.50152,53.36735],[-1.4968,53.36761],[-1.49131,53.36761],[-1.48865,53.3672],[-1.48882,53.36661],[-1.48882,53.36594],[-1.48818,53.36484],[-1.48727,53.36326],[-1.4862,53.36197],[-1.48787,53.36082],[-1.48618,53.36081],[-1.48654,53.36003],[-1.48757,53.35972],[-1.4886,53.35829],[-1.48989,53.35678],[-1.49071,53.35583],[-1.48968,53.3556],[-1.49114,53.35529],[-1.49161,53.35478],[-1.48921,53.35473],[-1.4877,53.3547],[-1.4856,53.35475],[-1.48633,53.35301],[-1.48805,53.35127],[-1.48972,53.35014],[-1.49285,53.34863],[-1.49461,53.34776],[-1.4959,53.34668],[-1.50202,53.34228],[-1.50443,53.33977],[-1.50753,53.33788],[-1.51317,53.33371],[-1.51518,53.33099],[-1.51607,53.32821]]]}},{"type":"Feature","properties":{"source_code":"C88062","codes":["C88062"],"label":"RUSTLINGS ROAD MEDICAL CENTRE"},"geometry":{"type":"Polygon","coordinates":[[[-1.52681,53.37771],[-1.52571,53.37729],[-1.52679,53.37772],[-1.52681,53.37771],[-1.52682,53.37772],[-1.5244,53.37897],[-1.52255,53.37886],[-1.52068,53.37914],[-1.51895,53.37893],[-1.52597,53.37791],[-1.52676,53.37773],[-1.5217,53.37844],[-1.51881,53.37894],[-1.51721,53.37882],[-1.51285,53.37657],[-1.50375,53.37657],[-1.50187,53.37688],[-1.49981,53.37637],[-1.50066,53.37601],[-1.50152,53.37488],[-1.50118,53.37345],[-1.50032,53.37206],[-1.50032,53.37032],[-1.50185,53.36795],[-1.50199,53.3674],[-1.50192,53.36712],[-1.50165,53.36687],[-1.50079,53.36644],[-1.49979,53.36628],[-1.49908,53.3662],[-1.49849,53.36587],[-1.49809,53.36502],[-1.49702,53.36361],[-1.49627,53.36257],[-1.49542,53.36233],[-1.49371,53.36213],[-1.49294,53.36174],[-1.49346,53.36017],[-1.49397,53.35931],[-1.49412,53.35871],[-1.49452,53.35809],[-1.49531,53.35697],[-1.49565,53.35658],[-1.49758,53.35671],[-1.4979,53.35676],[-1.49852,53.35629],[-1.4996,53.35516],[-1.50072,53.35485],[-1.50067,53.35435],[-1.50111,53.35324],[-1.50195,53.35328],[-1.50271,53.35259],[-1.50387,53.35256],[-1.50551,53.35166],[-1.50705,53.35148],[-1.5074,53.35065],[-1.508,53.34935],[-1.50993,53.35071],[-1.51139,53.35152],[-1.51195,53.35191],[-1.51277,53.35218],[-1.5132,53.35241],[-1.51341,53.35444],[-1.51573,53.3537],[-1.518,53.35247],[-1.52101,53.3504],[-1.52358,53.35137],[-1.52744,53.35439],[-1.52916,53.3537],[-1.53577,53.35291],[-1.5371,53.35398],[-1.53743,53.35454],[-1.53746,53.35555],[-1.53736,53.35753],[-1.53696,53.35865],[-1.53803,53.3593],[-1.53964,53.35955],[-1.54098,53.35974],[-1.54281,53.36012],[-1.54401,53.36059],[-1.54534,53.364],[-1.54606,53.36461],[-1.54742,53.36492],[-1.54989,53.36543],[-1.55354,53.36612],[-1.55568,53.36863],[-1.5562,53.3698],[-1.55611,53.37094],[-1.55527,53.37226],[-1.55568,53.37361],[-1.55371,53.37416],[-1.55154,53.37471],[-1.54924,53.37498],[-1.54476,53.37465],[-1.54267,53.37457],[-1.54042,53.37468],[-1.53939,53.37481],[-1.53881,53.37491],[-1.53746,53.37533],[-1.53503,53.37597],[-1.53429,53.37628],[-1.53363,53.37661],[-1.5328,53.37686],[-1.53203,53.37686],[-1.52871,53.37727],[-1.52681,53.37771]]]}},{"type":"Feature","properties":{"source_code":"C88652","codes":["C88652"],"label":"GREYSTONES MEDICAL CENTRE"},"geometry":{"type":"Polygon","coordinates":[[[-1.50792,53.36053],[-1.50886,53.35859],[-1.51079,53.35647],[-1.51204,53.35598],[-1.51307,53.35478],[-1.51371,53.35437],[-1.5171,53.3527],[-1.52113,53.35035],[-1.52367,53.35132],[-1.52538,53.35268],[-1.52766,53.35442],[-1.52766,53.3547],[-1.52997,53.35363],[-1.53234,53.3533],[-1.53343,53.35567],[-1.53495,53.35578],[-1.53285,53.35731],[-1.52826,53.35793],[-1.52744,53.35769],[-1.52787,53.3572],[-1.52792,53.35644],[-1.52658,53.35521],[-1.52287,53.35642],[-1.52113,53.35665],[-1.52163,53.35811],[-1.52137,53.35903],[-1.52386,53.35982],[-1.52455,53.36013],[-1.52521,53.3606],[-1.52564,53.36108],[-1.52581,53.36172],[-1.52562,53.36219],[-1.5265,53.36364],[-1.52581,53.36529],[-1.5254,53.36635],[-1.52673,53.36629],[-1.52729,53.3668],[-1.52719,53.36703],[-1.52624,53.36721],[-1.525,53.36758],[-1.52493,53.36821],[-1.52455,53.36891],[-1.51899,53.37028],[-1.51796,53.3699],[-1.51646,53.36958],[-1.51277,53.36886],[-1.51195,53.36884],[-1.51122,53.36938],[-1.51159,53.3695],[-1.51247,53.3698],[-1.51292,53.36991],[-1.51401,53.37004],[-1.51461,53.37043],[-1.51491,53.3708],[-1.51444,53.3713],[-1.5136,53.37118],[-1.51283,53.37118],[-1.51193,53.37145],[-1.51062,53.37127],[-1.50978,53.37148],[-1.50867,53.37105],[-1.50729,53.37091],[-1.50616,53.37092],[-1.50508,53.37105],[-1.50109,53.37146],[-1.50062,53.37159],[-1.50062,53.37174],[-1.50032,53.37177],[-1.50002,53.3713],[-1.50002,53.37059],[-1.4982,53.3706],[-1.49702,53.37057],[-1.49624,53.37073],[-1.49508,53.37044],[-1.4941,53.37034],[-1.49341,53.36971],[-1.49131,53.3705],[-1.49062,53.36945],[-1.49024,53.36738],[-1.48888,53.3672],[-1.49382,53.36585],[-1.49796,53.36475],[-1.49856,53.36465],[-1.49955,53.36487],[-1.50017,53.36501],[-1.50084,53.36496],[-1.50341,53.36387],[-1.50592,53.36317],[-1.50676,53.36272],[-1.50792,53.36053]]]}},{"type":"Feature","properties":{"source_code":"C85010","codes":["C85010"],"label":"HILL BROW SURGERY PMS PRACTICE"},"geometry":{"type":"Polygon","coordinates":[[[-1.57036,53.58537],[-1.53809,53.61532],[-1.49551,53.61145],[-1.47182,53.60758],[-1.46685,53.60478],[-1.46436,53.60463],[-1.45517,53.60621],[-1.43663,53.60116],[-1.43689,53.58629],[-1.43522,53.56251],[-1.4405,53.55494],[-1.44959,53.55617],[-1.45749,53.55709],[-1.47148,53.56106],[-1.47826,53.57462],[-1.49963,53.56519],[-1.51749,53.56601],[-1.56933,53.56499],[-1.57036,53.58537]]]}},{"type":"Feature","properties":{"source_code":"C88045","codes":["C88045"],"label":"DYKES HALL MEDICAL CENTRE"},"geometry":{"type":"MultiPolygon","coordinates":[[[[-1.48716,53.39572],[-1.48712,53.39573],[-1.4868,53.39541],[-1.48601,53.39473],[-1.48716,53.39572]]],[[[-1.48712,53.39573],[-1.48713,53.39574],[-1.4871,53.39574],[-1.48712,53.39573]]],[[[-1.49529,53.43158],[-1.49787,53.42963],[-1.50193,53.42696],[-1.50261,53.42641],[-1.50284,53.42626],[-1.50439,53.4251],[-1.50551,53.42415],[-1.50687,53.42298],[-1.5076,53.42239],[-1.50757,53.42237],[-1.50687,53.42298],[-1.50261,53.42641],[-1.49883,53.4289],[-1.49787,53.42963],[-1.49767,53.42976],[-1.49571,53.43116],[-1.49529,53.43158],[-1.49468,53.43205],[-1.49191,53.43535],[-1.49241,53.42142],[-1.48411,53.41415],[-1.48488,53.4141],[-1.48466,53.41421],[-1.4876,53.41391],[-1.49448,53.41344],[-1.49929,53.41346],[-1.49771,53.4149],[-1.49776,53.41512],[-1.49692,53.41574],[-1.49813,53.41691],[-1.49847,53.41856],[-1.49915,53.41789],[-1.4997,53.41843],[-1.50148,53.41559],[-1.5046,53.41251],[-1.50381,53.41131],[-1.50277,53.412],[-1.50262,53.41248],[-1.50273,53.41302],[-1.50109,53.41531],[-1.50268,53.41368],[-1.50148,53.41559],[-1.49915,53.41789],[-1.49813,53.41691],[-1.49776,53.41512],[-1.49972,53.41365],[-1.49963,53.41346],[-1.49929,53.41346],[-1.49953,53.41324],[-1.49946,53.4131],[-1.49448,53.41344],[-1.49232,53.41343],[-1.4876,53.41391],[-1.48488,53.4141],[-1.49681,53.4079],[-1.49674,53.40775],[-1.49614,53.40586],[-1.49628,53.40614],[-1.49614,53.40581],[-1.4961,53.40575],[-1.49614,53.40586],[-1.496,53.40558],[-1.49537,53.40458],[-1.49483,53.40411],[-1.49283,53.40275],[-1.49109,53.40174],[-1.49021,53.40091],[-1.48948,53.3998],[-1.48914,53.39826],[-1.48899,53.39787],[-1.488,53.39644],[-1.48751,53.39613],[-1.48713,53.39574],[-1.48719,53.39574],[-1.48716,53.39572],[-1.48888,53.39502],[-1.49039,53.39437],[-1.49041,53.39441],[-1.49047,53.39417],[-1.49127,53.39385],[-1.49262,53.39349],[-1.49433,53.39296],[-1.49614,53.39228],[-1.49596,53.39225],[-1.4985,53.39124],[-1.49868,53.39134],[-1.49899,53.39122],[-1.49916,53.39132],[-1.49948,53.39121],[-1.4992,53.39134],[-1.50227,53.39314],[-1.50231,53.39333],[-1.50336,53.39391],[-1.5062,53.39392],[-1.50637,53.3939],[-1.50719,53.39373],[-1.5082,53.39325],[-1.50976,53.39239],[-1.51324,53.39025],[-1.51453,53.38915],[-1.51468,53.38896],[-1.51483,53.38889],[-1.51508,53.38868],[-1.51559,53.38855],[-1.51644,53.38811],[-1.51736,53.38794],[-1.51843,53.38767],[-1.5191,53.38733],[-1.51991,53.38717],[-1.52098,53.387],[-1.52234,53.38627],[-1.52287,53.38596],[-1.52296,53.38586],[-1.52377,53.38333],[-1.52353,53.38238],[-1.52334,53.38224],[-1.52266,53.38125],[-1.52274,53.38077],[-1.52489,53.38076],[-1.52746,53.3805],[-1.53008,53.38032],[-1.53161,53.38026],[-1.53287,53.38047],[-1.53311,53.3806],[-1.53581,53.38107],[-1.53731,53.38086],[-1.53987,53.38044],[-1.54467,53.37963],[-1.54611,53.37955],[-1.54789,53.37983],[-1.55173,53.38001],[-1.55459,53.38004],[-1.55744,53.38018],[-1.55838,53.38053],[-1.55843,53.38053],[-1.5584,53.38054],[-1.55853,53.38058],[-1.55892,53.38056],[-1.55843,53.38053],[-1.5586,53.38051],[-1.56037,53.38077],[-1.56126,53.38077],[-1.56145,53.38078],[-1.56547,53.38023],[-1.56671,53.38011],[-1.56729,53.37986],[-1.56888,53.37896],[-1.56902,53.37894],[-1.56903,53.37893],[-1.56917,53.37891],[-1.57109,53.37858],[-1.57317,53.37836],[-1.57444,53.37827],[-1.57548,53.37827],[-1.5765,53.37821],[-1.58001,53.37821],[-1.5822,53.37826],[-1.58265,53.37831],[-1.58358,53.37832],[-1.58677,53.37872],[-1.58682,53.37874],[-1.58744,53.3788],[-1.58855,53.37926],[-1.58965,53.37963],[-1.59452,53.38033],[-1.59525,53.38046],[-1.59624,53.38061],[-1.59623,53.38064],[-1.59654,53.3807],[-1.59619,53.38073],[-1.59611,53.38092],[-1.5952,53.38083],[-1.59501,53.38085],[-1.59454,53.38083],[-1.59388,53.38123],[-1.59325,53.38131],[-1.59297,53.38136],[-1.59323,53.38225],[-1.59293,53.3826],[-1.59252,53.38315],[-1.59222,53.38341],[-1.5922,53.38343],[-1.591,53.38448],[-1.59097,53.38448],[-1.59091,53.38453],[-1.59028,53.38439],[-1.58967,53.38431],[-1.59049,53.38474],[-1.59049,53.38474],[-1.59053,53.38476],[-1.59075,53.38805],[-1.59096,53.3907],[-1.59207,53.39485],[-1.59272,53.39864],[-1.59272,53.39866],[-1.59367,53.404],[-1.60538,53.41531],[-1.60539,53.41536],[-1.60542,53.41539],[-1.60573,53.41694],[-1.60709,53.42339],[-1.59866,53.43294],[-1.59705,53.43493],[-1.59261,53.43683],[-1.58439,53.44056],[-1.58486,53.44073],[-1.57946,53.44416],[-1.57456,53.44629],[-1.57379,53.44674],[-1.56776,53.44929],[-1.56916,53.44988],[-1.55951,53.45323],[-1.55894,53.45356],[-1.55771,53.45386],[-1.55599,53.45446],[-1.55508,53.45484],[-1.55507,53.45478],[-1.55474,53.45489],[-1.55506,53.45475],[-1.55505,53.45467],[-1.5542,53.45503],[-1.55262,53.45203],[-1.55223,53.45164],[-1.55223,53.45129],[-1.55213,53.4511],[-1.55149,53.44596],[-1.54986,53.44481],[-1.54856,53.44334],[-1.54795,53.4428],[-1.5467,53.44182],[-1.54328,53.44119],[-1.54294,53.44122],[-1.5419,53.44093],[-1.53882,53.44036],[-1.53861,53.43983],[-1.53847,53.43981],[-1.53854,53.43966],[-1.53824,53.43892],[-1.53937,53.43761],[-1.53906,53.43709],[-1.51302,53.44324],[-1.50378,53.44425],[-1.4966,53.44117],[-1.4997,53.43995],[-1.48814,53.44011],[-1.49418,53.43272],[-1.49529,53.43158]]],[[[-1.4905,53.39456],[-1.49043,53.39445],[-1.49049,53.39457],[-1.4905,53.39456]]],[[[-1.49994,53.41346],[-1.49995,53.41348],[-1.49998,53.41346],[-1.49994,53.41346]]]]}},{"type":"Feature","properties":{"source_code":"C88021","codes":["C88021"],"label":"FAR LANE MEDICAL CENTRE"},"geometry":{"type":"Polygon","coordinates":[[[-1.50405,53.44237],[-1.50057,53.44303],[-1.49516,53.44403],[-1.47054,53.44216],[-1.48607,53.42429],[-1.49165,53.42386],[-1.49242,53.42012],[-1.49877,53.41634],[-1.49671,53.41148],[-1.49397,53.40682],[-1.49955,53.40227],[-1.50985,53.3993],[-1.51594,53.3907],[-1.52753,53.38645],[-1.55688,53.38087],[-1.60468,53.40012],[-1.62562,53.42426],[-1.61428,53.43654],[-1.54461,53.44349],[-1.50405,53.44237]]]}},{"type":"Feature","properties":{"source_code":"C85006","codes":["C85006"],"label":"WOODLAND DRIVE MEDICAL CENTRE"},"geometry":{"type":"Polygon","coordinates":[[[-1.44384,53.56889],[-1.43844,53.55545],[-1.44028,53.54538],[-1.45123,53.53199],[-1.46453,53.53503],[-1.47135,53.53352],[-1.47363,53.53296],[-1.51114,53.52939],[-1.53796,53.53607],[-1.53804,53.5476],[-1.528,53.55719],[-1.51641,53.5658],[-1.48873,53.58326],[-1.48127,53.58917],[-1.47582,53.58744],[-1.47603,53.58555],[-1.46934,53.5841],[-1.46964,53.583],[-1.46758,53.58173],[-1.46758,53.58076],[-1.45856,53.58308],[-1.45118,53.57623],[-1.44384,53.56889]]]}},{"type":"Feature","properties":{"source_code":"C88028","codes":["C88028"],"label":"BROOMHILL SURGERY"},"geometry":{"type":"MultiPolygon","coordinates":[[[[-1.4839,53.38135],[-1.48389,53.38134],[-1.48392,53.38135],[-1.48392,53.38136],[-1.4839,53.38135]]],[[[-1.50772,53.38632],[-1.50522,53.38418],[-1.50382,53.38143],[-1.50057,53.38067],[-1.50082,53.38044],[-1.49807,53.37893],[-1.4986,53.37858],[-1.49791,53.37809],[-1.49711,53.37842],[-1.49522,53.37791],[-1.49375,53.37714],[-1.49419,53.37701],[-1.49316,53.37644],[-1.49598,53.37491],[-1.49691,53.3742],[-1.50059,53.37212],[-1.50076,53.37063],[-1.50206,53.36779],[-1.51145,53.36794],[-1.51715,53.36651],[-1.52027,53.36467],[-1.52176,53.36227],[-1.52192,53.36055],[-1.52133,53.35979],[-1.52164,53.35802],[-1.52118,53.35667],[-1.52923,53.35375],[-1.56436,53.34964],[-1.58598,53.35792],[-1.58512,53.36117],[-1.58555,53.36379],[-1.58454,53.36425],[-1.58319,53.36461],[-1.58403,53.36509],[-1.58486,53.36592],[-1.5934,53.36633],[-1.59426,53.36925],[-1.5931,53.36925],[-1.58988,53.36999],[-1.58692,53.37099],[-1.58486,53.37127],[-1.56952,53.37286],[-1.56703,53.37996],[-1.56521,53.38161],[-1.55811,53.3828],[-1.55349,53.38227],[-1.55128,53.38269],[-1.55002,53.38388],[-1.5492,53.38416],[-1.5453,53.38396],[-1.5377,53.38474],[-1.53317,53.38655],[-1.53184,53.3864],[-1.52695,53.38783],[-1.51304,53.39042],[-1.5062,53.38865],[-1.50772,53.38632]]]]}},{"type":"Feature","properties":{"source_code":"C88018","codes":["C88018"],"label":"TRAMWAYS MEDICAL CENTRE (O'CONNELL)"},"geometry":{"type":"Polygon","coordinates":[[[-1.53813,53.42605],[-1.50603,53.42526],[-1.5023,53.42503],[-1.50028,53.42588],[-1.49883,53.42435],[-1.49648,53.42085],[-1.49216,53.41694],[-1.49848,53.4115],[-1.49602,53.40491],[-1.48936,53.39995],[-1.48929,53.39815],[-1.48802,53.39645],[-1.48402,53.39351],[-1.47796,53.38896],[-1.4821,53.38809],[-1.485,53.38502],[-1.48981,53.38682],[-1.49637,53.3841],[-1.50272,53.38054],[-1.50925,53.37626],[-1.52641,53.38056],[-1.533,53.38059],[-1.53493,53.38117],[-1.53788,53.38093],[-1.53992,53.3805],[-1.54158,53.38011],[-1.54305,53.37986],[-1.54427,53.37966],[-1.54551,53.37944],[-1.55186,53.3801],[-1.56349,53.38108],[-1.56538,53.38399],[-1.56255,53.38494],[-1.55869,53.39367],[-1.57482,53.39653],[-1.5774,53.40175],[-1.58092,53.40314],[-1.58049,53.40615],[-1.59179,53.41376],[-1.60585,53.41676],[-1.60578,53.42252],[-1.59413,53.42608],[-1.56883,53.42462],[-1.53813,53.42605]]]}},{"type":"Feature","properties":{"source_code":"C88079","codes":["C88079"],"label":"CROOKES PRACTICE"},"geometry":{"type":"Polygon","coordinates":[[[-1.48479,53.38236],[-1.50401,53.37649],[-1.51326,53.37642],[-1.52346,53.37751],[-1.53195,53.38024],[-1.52696,53.38785],[-1.51116,53.40016],[-1.50066,53.40308],[-1.4955,53.40409],[-1.49034,53.40039],[-1.47796,53.38868],[-1.48479,53.38236]]]}},{"type":"Feature","properties":{"source_code":"C88005","codes":["C88005"],"label":"WALKLEY HOUSE & STANNINGTON M.C"},"geometry":{"type":"Polygon","coordinates":[[[-1.55405,53.36407],[-1.57388,53.38742],[-1.57173,53.41158],[-1.52135,53.41557],[-1.50759,53.41265],[-1.49693,53.40626],[-1.47749,53.38886],[-1.48504,53.38179],[-1.55405,53.36407]]]}},{"type":"Feature","properties":{"source_code":"C88009","codes":["C88009"],"label":"FOXHILL MEDICAL CENTRE"},"geometry":{"type":"MultiPolygon","coordinates":[[[[-1.49914,53.44513],[-1.50324,53.44502],[-1.49573,53.44527],[-1.49914,53.44513]]],[[[-1.50373,53.44495],[-1.49914,53.44513],[-1.49566,53.44523],[-1.49575,53.44467],[-1.49544,53.44363],[-1.49481,53.44347],[-1.49434,53.44325],[-1.49343,53.44224],[-1.49246,53.44123],[-1.48718,53.44259],[-1.48468,53.44188],[-1.4828,53.44182],[-1.48156,53.44164],[-1.47905,53.44119],[-1.47333,53.44128],[-1.46281,53.44515],[-1.45762,53.44143],[-1.45813,53.42899],[-1.45826,53.42928],[-1.45818,53.42774],[-1.45813,53.42899],[-1.45496,53.42201],[-1.45898,53.42168],[-1.46279,53.42089],[-1.46445,53.42092],[-1.46593,53.42121],[-1.46836,53.42129],[-1.46858,53.4215],[-1.46853,53.42011],[-1.4674,53.41863],[-1.4664,53.4178],[-1.46479,53.41735],[-1.46266,53.41637],[-1.46067,53.41455],[-1.4629,53.41434],[-1.46393,53.41199],[-1.47165,53.41342],[-1.47474,53.41178],[-1.48041,53.41199],[-1.48333,53.41352],[-1.48659,53.41444],[-1.49071,53.41362],[-1.49569,53.4125],[-1.49672,53.41189],[-1.49959,53.41278],[-1.50086,53.41244],[-1.50248,53.41224],[-1.50778,53.41369],[-1.51205,53.41739],[-1.51837,53.42172],[-1.50373,53.44495]]]]}},{"type":"Feature","properties":{"source_code":"C88054","codes":["C88054"],"label":"GRENOSIDE SURGERY"},"geometry":{"type":"Polygon","coordinates":[[[-1.5041,53.4125],[-1.51766,53.4213],[-1.52555,53.42539],[-1.52933,53.42979],[-1.53757,53.43439],[-1.54015,53.43746],[-1.53809,53.44104],[-1.53139,53.43838],[-1.52418,53.4393],[-1.52006,53.44502],[-1.51491,53.45341],[-1.51525,53.45709],[-1.51937,53.46005],[-1.5156,53.46342],[-1.51543,53.46547],[-1.50805,53.4671],[-1.50427,53.47272],[-1.49723,53.47814],[-1.49397,53.48181],[-1.49483,53.48519],[-1.49363,53.48662],[-1.48539,53.4858],[-1.47612,53.47936],[-1.46616,53.47803],[-1.46221,53.47732],[-1.45741,53.47303],[-1.46513,53.46537],[-1.46564,53.45893],[-1.46307,53.45463],[-1.46599,53.44625],[-1.45809,53.44134],[-1.45844,53.43674],[-1.45861,53.4305],[-1.45483,53.42232],[-1.45689,53.41792],[-1.46564,53.41148],[-1.47285,53.41311],[-1.47732,53.41117],[-1.48384,53.41332],[-1.48933,53.41444],[-1.49311,53.41281],[-1.4986,53.41189],[-1.50049,53.41383],[-1.5041,53.4125]]]}},{"type":"Feature","properties":{"source_code":"C88052","codes":["C88052"],"label":"HOLLIES MEDICAL CENTRE"},"geometry":{"type":"Polygon","coordinates":[[[-1.48899,53.37452],[-1.47114,53.36592],[-1.52264,53.32124],[-1.5271,53.31262],[-1.60534,53.3036],[-1.62614,53.32831],[-1.59336,53.33774],[-1.58666,53.34635],[-1.56967,53.3524],[-1.55542,53.35742],[-1.54873,53.36264],[-1.54512,53.36582],[-1.54203,53.36571],[-1.53534,53.36787],[-1.52761,53.36981],[-1.51817,53.37002],[-1.51011,53.37237],[-1.48899,53.37452]]]}},{"type":"Feature","properties":{"source_code":"C88059","codes":["C88059"],"label":"HAROLD STREET MEDICAL CENTRE"},"geometry":{"type":"Polygon","coordinates":[[[-1.56916,53.42498],[-1.52135,53.42611],[-1.49762,53.42861],[-1.47217,53.4256],[-1.47183,53.42038],[-1.47406,53.41772],[-1.47816,53.41634],[-1.47818,53.41649],[-1.47835,53.41628],[-1.47816,53.41634],[-1.4768,53.40298],[-1.48144,53.38302],[-1.51165,53.38026],[-1.56813,53.38302],[-1.57431,53.4039],[-1.56487,53.40421],[-1.56916,53.42498]]]}},{"type":"Feature","properties":{"source_code":"C85033","codes":["C85033"],"label":"VICTORIA MEDICAL CENTRE PMS PRACTICE"},"geometry":{"type":"Polygon","coordinates":[[[-1.47285,53.55958],[-1.45818,53.55285],[-1.46419,53.54699],[-1.46976,53.54123],[-1.49088,53.5398],[-1.50307,53.54194],[-1.50959,53.53572],[-1.52075,53.535],[-1.5307,53.53939],[-1.53311,53.54541],[-1.52882,53.54806],[-1.5247,53.54898],[-1.52779,53.55571],[-1.5362,53.56234],[-1.53517,53.57008],[-1.5271,53.57263],[-1.51611,53.56774],[-1.50667,53.56947],[-1.49363,53.56825],[-1.47783,53.56601],[-1.47285,53.55958]]]}},{"type":"Feature","properties":{"source_code":"C88077","codes":["C88077"],"label":"GREEN CROSS GROUP PRACTICE"},"geometry":{"type":"Polygon","coordinates":[[[-1.49182,53.43061],[-1.48564,53.42825],[-1.47903,53.42733],[-1.47938,53.42591],[-1.46865,53.42196],[-1.47406,53.41301],[-1.48264,53.41511],[-1.4986,53.41142],[-1.50126,53.41649],[-1.49277,53.42334],[-1.49174,53.43045],[-1.49153,53.43037],[-1.49182,53.43061]]]}},{"type":"Feature","properties":{"source_code":"C88031","codes":["C88031"],"label":"UPPERTHORPE MEDICAL CENTRE"},"geometry":{"type":"MultiPolygon","coordinates":[[[[-1.50633,53.34752],[-1.50882,53.34493],[-1.51139,53.34584],[-1.51294,53.34679],[-1.51817,53.34843],[-1.5189,53.34989],[-1.51963,53.35152],[-1.51779,53.35254],[-1.51053,53.35662],[-1.50674,53.35486],[-1.50696,53.35142],[-1.50772,53.3495],[-1.50633,53.34752]]],[[[-1.50786,53.38648],[-1.50775,53.38645],[-1.5079,53.38648],[-1.50786,53.38648]]],[[[-1.50772,53.38649],[-1.50771,53.38649],[-1.50796,53.38658],[-1.50772,53.38649],[-1.50786,53.38648],[-1.52003,53.39011],[-1.51782,53.39052],[-1.51716,53.3919],[-1.51299,53.39509],[-1.51146,53.39869],[-1.51016,53.40002],[-1.50577,53.4014],[-1.50126,53.40287],[-1.49706,53.40458],[-1.49466,53.40493],[-1.48062,53.39129],[-1.4753,53.39362],[-1.4687,53.39108],[-1.4653,53.38952],[-1.46294,53.38878],[-1.46226,53.38783],[-1.46603,53.38727],[-1.46977,53.38714],[-1.47367,53.38725],[-1.47749,53.38829],[-1.48236,53.38536],[-1.48461,53.38179],[-1.4932,53.38101],[-1.50772,53.38649]]]]}},{"type":"Feature","properties":{"source_code":"C88016","codes":["C88016"],"label":"CARTERKNOWLE & DORE MEDICAL PRACTICE"},"geometry":{"type":"Polygon","coordinates":[[[-1.53088,53.34051],[-1.50822,53.33528],[-1.53122,53.3157],[-1.54581,53.32093],[-1.56658,53.33323],[-1.56538,53.34789],[-1.56452,53.34973],[-1.52504,53.35496],[-1.51457,53.35393],[-1.50805,53.3609],[-1.50667,53.36674],[-1.48951,53.36377],[-1.47388,53.35926],[-1.4823,53.35373],[-1.47732,53.34225],[-1.4823,53.33918],[-1.49294,53.33569],[-1.50375,53.33446],[-1.51354,53.33661],[-1.51886,53.34],[-1.53088,53.34051]]]}},{"type":"Feature","properties":{"source_code":"C85019","codes":["C85019"],"label":"THE GROVE MEDICAL PRACTICE"},"geometry":{"type":"Polygon","coordinates":[[[-1.54255,53.54765],[-1.54959,53.55887],[-1.56143,53.56886],[-1.52967,53.58731],[-1.49629,53.59307],[-1.47273,53.59513],[-1.45535,53.59067],[-1.43028,53.57335],[-1.42625,53.56014],[-1.41878,53.54694],[-1.36608,53.53582],[-1.3357,53.5003],[-1.3938,53.49019],[-1.45191,53.49969],[-1.47011,53.49785],[-1.49002,53.49999],[-1.50238,53.51199],[-1.50101,53.52398],[-1.51337,53.53582],[-1.53002,53.53888],[-1.54255,53.54765]]]}},{"type":"Feature","properties":{"source_code":"C85020","codes":["C85020"],"label":"HUDDERSFIELD ROAD SURGERY"},"geometry":{"type":"Polygon","coordinates":[[[-1.57362,53.53592],[-1.59868,53.57319],[-1.53791,53.60577],[-1.495,53.59375],[-1.45208,53.59048],[-1.4356,53.58976],[-1.4335,53.58478],[-1.4138,53.53641],[-1.44693,53.53143],[-1.46796,53.5175],[-1.48367,53.51674],[-1.57379,53.52929],[-1.57362,53.53592]]]}},{"type":"Feature","properties":{"source_code":"C88007","codes":["C88007"],"label":"PORTER BROOK MEDICAL CENTRE"},"geometry":{"type":"Polygon","coordinates":[[[-1.51169,53.41605],[-1.50611,53.41534],[-1.50236,53.41579],[-1.49953,53.4147],[-1.49605,53.41307],[-1.49444,53.41235],[-1.49118,53.41323],[-1.48951,53.41421],[-1.48691,53.41425],[-1.48399,53.41391],[-1.48202,53.41277],[-1.47949,53.41192],[-1.47691,53.41142],[-1.47504,53.41178],[-1.47386,53.41269],[-1.472,53.41325],[-1.47101,53.41323],[-1.46961,53.41269],[-1.46676,53.4125],[-1.46369,53.41108],[-1.46217,53.40989],[-1.46099,53.40864],[-1.45901,53.4077],[-1.45592,53.40752],[-1.45453,53.40724],[-1.45234,53.40729],[-1.44908,53.40812],[-1.44539,53.40782],[-1.44054,53.40741],[-1.43839,53.40736],[-1.43556,53.40672],[-1.43363,53.40585],[-1.43075,53.40598],[-1.42792,53.40531],[-1.4235,53.4039],[-1.41724,53.40293],[-1.41346,53.39994],[-1.41067,53.39602],[-1.40968,53.39351],[-1.40857,53.38768],[-1.40904,53.3854],[-1.41007,53.38343],[-1.41067,53.38097],[-1.4114,53.3787],[-1.41273,53.37677],[-1.41483,53.37457],[-1.41651,53.37322],[-1.41784,53.37127],[-1.41844,53.36858],[-1.41827,53.3662],[-1.4196,53.36515],[-1.42239,53.36405],[-1.42436,53.36402],[-1.42642,53.36269],[-1.42766,53.3611],[-1.42809,53.3598],[-1.42694,53.35749],[-1.42676,53.35662],[-1.42385,53.35124],[-1.42466,53.34714],[-1.42539,53.34509],[-1.42934,53.34256],[-1.43256,53.34169],[-1.44161,53.33787],[-1.44822,53.33282],[-1.45221,53.33059],[-1.46414,53.3291],[-1.46869,53.3269],[-1.4723,53.32608],[-1.47891,53.32531],[-1.48222,53.32434],[-1.4869,53.32372],[-1.49204,53.32257],[-1.49642,53.32057],[-1.50066,53.31885],[-1.50607,53.31693],[-1.51122,53.31626],[-1.52122,53.31342],[-1.52449,53.31158],[-1.52822,53.31094],[-1.53511,53.31022],[-1.53766,53.31003],[-1.54409,53.31028],[-1.54927,53.31175],[-1.55308,53.31363],[-1.55669,53.3182],[-1.55579,53.32232],[-1.55394,53.32559],[-1.55598,53.33346],[-1.55615,53.33485],[-1.5574,53.34107],[-1.55791,53.35045],[-1.55804,53.35813],[-1.55963,53.36277],[-1.56246,53.36574],[-1.56233,53.36861],[-1.56405,53.37324],[-1.56379,53.3768],[-1.56229,53.37829],[-1.56431,53.38187],[-1.56542,53.38399],[-1.56298,53.3864],[-1.55414,53.39126],[-1.55276,53.39421],[-1.55195,53.39584],[-1.5495,53.39797],[-1.54482,53.40022],[-1.53736,53.40081],[-1.53028,53.40198],[-1.52036,53.40237],[-1.51916,53.40319],[-1.52178,53.40403],[-1.52375,53.40621],[-1.52504,53.40761],[-1.52706,53.41217],[-1.52199,53.41462],[-1.51169,53.41605]]]}},{"type":"Feature","properties":{"source_code":"C88046","codes":["C88046"],"label":"BEAUCHIEF MEDICAL PRACTICE"},"geometry":{"type":"Polygon","coordinates":[[[-1.50667,53.3475],[-1.49994,53.34848],[-1.49783,53.34826],[-1.49554,53.34722],[-1.4868,53.35404],[-1.4862,53.35361],[-1.4859,53.35275],[-1.48435,53.35047],[-1.48142,53.34677],[-1.47972,53.34626],[-1.47939,53.34625],[-1.47883,53.34619],[-1.47749,53.34707],[-1.47736,53.34703],[-1.47736,53.34707],[-1.47525,53.34568],[-1.47398,53.34505],[-1.47375,53.34369],[-1.4736,53.34247],[-1.47111,53.33958],[-1.46999,53.33642],[-1.46714,53.33195],[-1.46317,53.33235],[-1.46354,53.3311],[-1.46437,53.33019],[-1.46724,53.32883],[-1.46955,53.32769],[-1.47207,53.32735],[-1.47454,53.32696],[-1.47718,53.32683],[-1.47763,53.32684],[-1.48078,53.3256],[-1.48233,53.32522],[-1.48751,53.32495],[-1.48826,53.32498],[-1.48897,53.32467],[-1.49002,53.32436],[-1.49944,53.31992],[-1.5146,53.33465],[-1.51308,53.33614],[-1.51889,53.33981],[-1.51344,53.34053],[-1.51042,53.34168],[-1.50927,53.34301],[-1.50886,53.34495],[-1.50667,53.3475]]]}},{"type":"Feature","properties":{"source_code":"C88627","codes":["C88627"],"label":"UNIVERSITY HEALTH SERVICE HEALTH CENTRE"},"geometry":{"type":"Polygon","coordinates":[[[-1.51503,53.38067],[-1.51433,53.38074],[-1.51364,53.38074],[-1.51266,53.38063],[-1.51163,53.38053],[-1.50991,53.38065],[-1.50927,53.38069],[-1.50864,53.38071],[-1.50792,53.3806],[-1.50724,53.38064],[-1.50598,53.38075],[-1.50469,53.38077],[-1.50342,53.38079],[-1.50229,53.38075],[-1.50189,53.38041],[-1.50171,53.38002],[-1.50158,53.37981],[-1.50133,53.37985],[-1.49926,53.38189],[-1.49838,53.38276],[-1.4974,53.3836],[-1.49505,53.3848],[-1.49027,53.38737],[-1.4871,53.38957],[-1.48649,53.38943],[-1.48594,53.38923],[-1.48561,53.38955],[-1.48531,53.38977],[-1.48432,53.39044],[-1.48323,53.39111],[-1.48267,53.39091],[-1.48213,53.39064],[-1.48097,53.39008],[-1.47994,53.38974],[-1.47959,53.38977],[-1.47938,53.38996],[-1.4791,53.38993],[-1.47858,53.38962],[-1.47817,53.38931],[-1.4779,53.38897],[-1.4775,53.38874],[-1.47755,53.38861],[-1.47735,53.38848],[-1.47692,53.38843],[-1.47653,53.38835],[-1.47634,53.38828],[-1.47509,53.38753],[-1.47446,53.38732],[-1.47369,53.38723],[-1.47223,53.38708],[-1.47209,53.38685],[-1.47182,53.38671],[-1.47142,53.38649],[-1.47123,53.38636],[-1.47073,53.38576],[-1.47063,53.38554],[-1.47042,53.38533],[-1.47021,53.38532],[-1.46974,53.38523],[-1.46887,53.38524],[-1.46746,53.38521],[-1.46691,53.38511],[-1.46693,53.38512],[-1.46685,53.38515],[-1.46692,53.3851],[-1.46625,53.3846],[-1.46603,53.38441],[-1.46587,53.3842],[-1.46593,53.38382],[-1.46596,53.38359],[-1.46596,53.38346],[-1.4659,53.38335],[-1.4657,53.38319],[-1.46548,53.38307],[-1.4657,53.38299],[-1.46606,53.38281],[-1.46615,53.38085],[-1.46614,53.38013],[-1.46622,53.37979],[-1.46629,53.37962],[-1.46643,53.37946],[-1.46661,53.37933],[-1.46678,53.37923],[-1.46699,53.37911],[-1.4672,53.37901],[-1.46789,53.37873],[-1.46827,53.37859],[-1.4689,53.37831],[-1.46907,53.37822],[-1.46932,53.37805],[-1.46967,53.37774],[-1.46992,53.37754],[-1.47002,53.37749],[-1.47023,53.37745],[-1.47065,53.37761],[-1.47107,53.37779],[-1.47148,53.37796],[-1.47185,53.37809],[-1.47229,53.37827],[-1.47247,53.37836],[-1.47262,53.37858],[-1.47294,53.37864],[-1.47299,53.37857],[-1.47316,53.37854],[-1.4733,53.37842],[-1.47446,53.37726],[-1.47471,53.37697],[-1.47499,53.37667],[-1.47566,53.37611],[-1.47641,53.37558],[-1.47789,53.37477],[-1.47876,53.37437],[-1.4791,53.37439],[-1.47946,53.37433],[-1.47964,53.37419],[-1.47967,53.37405],[-1.4796,53.37393],[-1.47945,53.37383],[-1.47926,53.37379],[-1.47892,53.37378],[-1.47841,53.37361],[-1.47792,53.37343],[-1.47727,53.37324],[-1.4767,53.37308],[-1.47663,53.37297],[-1.47671,53.37279],[-1.47747,53.37098],[-1.47762,53.37047],[-1.47757,53.36997],[-1.47728,53.36964],[-1.47689,53.36913],[-1.4763,53.36842],[-1.47579,53.36754],[-1.47647,53.36748],[-1.47717,53.36748],[-1.47854,53.36761],[-1.47928,53.36769],[-1.48007,53.36756],[-1.48141,53.36735],[-1.48324,53.36715],[-1.48545,53.36696],[-1.4869,53.36704],[-1.48824,53.36716],[-1.48863,53.36724],[-1.48899,53.36716],[-1.49109,53.36659],[-1.49343,53.36598],[-1.49787,53.36481],[-1.49814,53.36537],[-1.49851,53.36593],[-1.49875,53.3661],[-1.49913,53.36625],[-1.50058,53.36646],[-1.50101,53.36656],[-1.50153,53.36683],[-1.50179,53.36704],[-1.50188,53.36725],[-1.50205,53.3674],[-1.50221,53.36736],[-1.50251,53.36745],[-1.50277,53.3674],[-1.50284,53.36737],[-1.50365,53.36716],[-1.50421,53.36704],[-1.5048,53.36693],[-1.50573,53.36672],[-1.50605,53.3668],[-1.50634,53.3668],[-1.50771,53.36688],[-1.50848,53.3671],[-1.50901,53.36732],[-1.51009,53.36776],[-1.51216,53.36807],[-1.51504,53.36866],[-1.51707,53.36864],[-1.51888,53.36882],[-1.51768,53.36918],[-1.51652,53.36954],[-1.51645,53.36964],[-1.51675,53.36968],[-1.51709,53.36978],[-1.51805,53.36995],[-1.5188,53.37025],[-1.51954,53.37079],[-1.51983,53.37121],[-1.51988,53.37191],[-1.51601,53.37364],[-1.51602,53.37404],[-1.51552,53.37448],[-1.51582,53.37543],[-1.51515,53.37558],[-1.51422,53.37591],[-1.51396,53.37561],[-1.51384,53.37557],[-1.51369,53.37552],[-1.5132,53.37538],[-1.51274,53.37529],[-1.5126,53.37526],[-1.51239,53.37503],[-1.51224,53.37517],[-1.5126,53.37526],[-1.5126,53.37526],[-1.51366,53.37552],[-1.51384,53.37557],[-1.51394,53.37561],[-1.51423,53.376],[-1.51401,53.37688],[-1.51464,53.37725],[-1.51505,53.37743],[-1.51544,53.37773],[-1.51608,53.3782],[-1.5168,53.37876],[-1.51756,53.37927],[-1.51862,53.37963],[-1.51784,53.37955],[-1.5173,53.37959],[-1.5164,53.37999],[-1.51548,53.38047],[-1.51503,53.38067]]]}},{"type":"Feature","properties":{"source_code":"C88060","codes":["C88060"],"label":"SHARROW LANE MEDICAL CENTRE"},"geometry":{"type":"Polygon","coordinates":[[[-1.50151,53.35748],[-1.50138,53.35771],[-1.501,53.35794],[-1.49809,53.36285],[-1.49534,53.36797],[-1.49225,53.37299],[-1.48818,53.37056],[-1.49281,53.37355],[-1.47672,53.37439],[-1.49281,53.37357],[-1.50138,53.35771],[-1.50169,53.35752],[-1.50151,53.35748],[-1.50204,53.35649],[-1.4938,53.34625],[-1.50238,53.3567],[-1.49998,53.37165],[-1.4859,53.37821],[-1.44985,53.36326],[-1.47148,53.35076],[-1.50151,53.35748]],[[-1.48762,53.36592],[-1.48735,53.36608],[-1.49036,53.36469],[-1.49569,53.36131],[-1.50063,53.35817],[-1.49002,53.36469],[-1.48762,53.36592]],[[-1.48426,53.36792],[-1.49002,53.36838],[-1.48428,53.36791],[-1.48426,53.36792]]]}},{"type":"Feature","properties":{"source_code":"C88041","codes":["C88041"],"label":"WOODSEATS MEDICAL CENTRE"},"geometry":{"type":"Polygon","coordinates":[[[-1.46929,53.35715],[-1.4464,53.34558],[-1.44456,53.33693],[-1.45371,53.33196],[-1.49787,53.32035],[-1.49951,53.32116],[-1.49972,53.32507],[-1.50416,53.33482],[-1.50998,53.33611],[-1.48491,53.356],[-1.47599,53.35877],[-1.46929,53.35715]]]}},{"type":"Feature","properties":{"source_code":"C88631","codes":["C88631"],"label":"VERITAS HEALTH CENTRE"},"geometry":{"type":"Polygon","coordinates":[[[-1.4538,53.38558],[-1.40024,53.37493],[-1.4437,53.35427],[-1.42376,53.34891],[-1.42565,53.34517],[-1.43296,53.33969],[-1.3999,53.3157],[-1.49294,53.31457],[-1.51199,53.33098],[-1.50839,53.33467],[-1.50742,53.33574],[-1.50822,53.33508],[-1.51302,53.33733],[-1.51278,53.33767],[-1.51508,53.33518],[-1.5247,53.33825],[-1.61808,53.29518],[-1.62735,53.30134],[-1.56796,53.34379],[-1.49963,53.3735],[-1.49947,53.37346],[-1.45895,53.37944],[-1.45927,53.37881],[-1.4538,53.38558]],[[-1.4847,53.36802],[-1.48406,53.36789],[-1.48418,53.36797],[-1.48418,53.36858],[-1.4847,53.36802]],[[-1.43162,53.34924],[-1.43166,53.3492],[-1.43157,53.34922],[-1.43162,53.34924]],[[-1.43966,53.32825],[-1.43921,53.32769],[-1.43919,53.32931],[-1.43966,53.32825]]]}},{"type":"Feature","properties":{"source_code":"C88010","codes":["C88010"],"label":"CHAPELGREEN PRACTICE"},"geometry":{"type":"Polygon","coordinates":[[[-1.47491,53.49662],[-1.44367,53.48028],[-1.43131,53.45862],[-1.45981,53.43961],[-1.4938,53.43756],[-1.5398,53.47293],[-1.47148,53.49376],[-1.47491,53.49662]]]}},{"type":"Feature","properties":{"source_code":"C88086","codes":["C88086"],"label":"SOUTHEY GREEN MEDICAL CTR"},"geometry":{"type":"Polygon","coordinates":[[[-1.45895,53.43541],[-1.45492,53.42733],[-1.45638,53.41925],[-1.45251,53.40692],[-1.45704,53.40752],[-1.45935,53.4078],[-1.46122,53.40884],[-1.46412,53.40957],[-1.466,53.4094],[-1.4675,53.40982],[-1.46842,53.40955],[-1.46849,53.40859],[-1.46938,53.40817],[-1.46981,53.40825],[-1.47047,53.40829],[-1.47127,53.40833],[-1.47258,53.40838],[-1.47268,53.4083],[-1.47307,53.40823],[-1.47367,53.40823],[-1.47521,53.40825],[-1.47727,53.40851],[-1.47854,53.40957],[-1.48092,53.41081],[-1.48152,53.41063],[-1.48371,53.41056],[-1.4877,53.41068],[-1.4877,53.41409],[-1.48783,53.41224],[-1.49002,53.41224],[-1.49157,53.41332],[-1.49165,53.41322],[-1.49169,53.41286],[-1.4929,53.4126],[-1.49461,53.41214],[-1.495,53.4124],[-1.49792,53.41403],[-1.50032,53.4171],[-1.49448,53.42058],[-1.4926,53.42933],[-1.49225,53.43396],[-1.49551,53.43797],[-1.47067,53.44096],[-1.46419,53.44311],[-1.45779,53.44008],[-1.45895,53.43541]]]}},{"type":"Feature","properties":{"source_code":"C88076","codes":["C88076"],"label":"DEVONSHIRE GREEN MEDICAL CENTRE"},"geometry":{"type":"Polygon","coordinates":[[[-1.53069,53.38195],[-1.53014,53.38302],[-1.52946,53.38376],[-1.52908,53.38509],[-1.52786,53.38505],[-1.52546,53.38604],[-1.52334,53.38555],[-1.52284,53.38597],[-1.52219,53.38633],[-1.52147,53.3867],[-1.52071,53.38703],[-1.51946,53.38723],[-1.51868,53.38758],[-1.5177,53.38782],[-1.51675,53.38802],[-1.51617,53.38819],[-1.51563,53.38857],[-1.5151,53.38876],[-1.51455,53.38905],[-1.51388,53.38971],[-1.5131,53.39036],[-1.51022,53.39211],[-1.50866,53.393],[-1.50718,53.39378],[-1.50568,53.39397],[-1.50436,53.39412],[-1.50363,53.39473],[-1.50259,53.39525],[-1.50157,53.39571],[-1.50036,53.39604],[-1.49962,53.39594],[-1.49923,53.39564],[-1.49788,53.39576],[-1.4967,53.39567],[-1.49548,53.39534],[-1.49473,53.39472],[-1.49349,53.39495],[-1.49219,53.39503],[-1.49163,53.395],[-1.49117,53.39482],[-1.49041,53.39432],[-1.48969,53.39401],[-1.48872,53.39399],[-1.48843,53.39438],[-1.4831,53.39117],[-1.4772,53.38862],[-1.47474,53.38753],[-1.47211,53.3872],[-1.47124,53.38644],[-1.47055,53.38553],[-1.46843,53.38536],[-1.46644,53.38552],[-1.46544,53.38306],[-1.46459,53.38312],[-1.46369,53.38308],[-1.46262,53.38288],[-1.46137,53.38277],[-1.46102,53.38253],[-1.46045,53.3823],[-1.46118,53.381],[-1.46173,53.38028],[-1.46254,53.37957],[-1.46309,53.37886],[-1.46389,53.37833],[-1.46461,53.37771],[-1.46498,53.37706],[-1.46281,53.37453],[-1.46261,53.37415],[-1.46294,53.37372],[-1.4631,53.37313],[-1.46361,53.37181],[-1.46398,53.37044],[-1.46405,53.36976],[-1.4645,53.36913],[-1.46787,53.36687],[-1.47232,53.3639],[-1.47322,53.36244],[-1.47451,53.36215],[-1.47524,53.36182],[-1.47623,53.36016],[-1.47975,53.35836],[-1.48101,53.35825],[-1.48228,53.3583],[-1.4833,53.35732],[-1.48446,53.35634],[-1.48511,53.35647],[-1.48546,53.35682],[-1.48627,53.35587],[-1.48751,53.35538],[-1.48877,53.3557],[-1.49033,53.35579],[-1.49571,53.35655],[-1.49738,53.35674],[-1.49888,53.35696],[-1.50213,53.35785],[-1.50436,53.35878],[-1.5064,53.35906],[-1.50822,53.35968],[-1.50854,53.35905],[-1.5089,53.35855],[-1.50953,53.35801],[-1.51032,53.35749],[-1.5114,53.35741],[-1.51249,53.35756],[-1.51385,53.3577],[-1.51521,53.35763],[-1.51813,53.35708],[-1.52114,53.35667],[-1.52165,53.35792],[-1.5216,53.35847],[-1.52142,53.35902],[-1.52379,53.35969],[-1.52546,53.36073],[-1.52579,53.36144],[-1.52568,53.3622],[-1.52641,53.36361],[-1.52554,53.36595],[-1.52488,53.36829],[-1.52447,53.37034],[-1.52565,53.37056],[-1.52661,53.37084],[-1.52766,53.37157],[-1.52871,53.37204],[-1.53057,53.37243],[-1.53143,53.37271],[-1.53204,53.37317],[-1.53323,53.37405],[-1.53399,53.37501],[-1.53338,53.37532],[-1.53316,53.37588],[-1.53288,53.37643],[-1.53238,53.37693],[-1.53309,53.37992],[-1.53222,53.3803],[-1.53069,53.38195]]]}},{"type":"Feature","properties":{"source_code":"C85017","codes":["C85017"],"label":"BURLEIGH MEDICAL CENTRE"},"geometry":{"type":"Polygon","coordinates":[[[-1.49826,53.53133],[-1.54839,53.54724],[-1.55113,53.56805],[-1.53877,53.57702],[-1.45088,53.59332],[-1.43303,53.58802],[-1.42685,53.57498],[-1.40282,53.54357],[-1.42204,53.535],[-1.49826,53.53133]]]}},{"type":"Feature","properties":{"source_code":"C88026","codes":["C88026"],"label":"SLOAN MEDICAL CENTRE"},"geometry":{"type":"MultiPolygon","coordinates":[[[[-1.50182,53.31901],[-1.50249,53.3188],[-1.50292,53.31867],[-1.5033,53.31856],[-1.50403,53.31822],[-1.50423,53.31836],[-1.50182,53.31901]]],[[[-1.49917,53.31918],[-1.49981,53.31913],[-1.50036,53.31913],[-1.50079,53.31918],[-1.49917,53.31918]]],[[[-1.49901,53.31918],[-1.49917,53.31918],[-1.49912,53.31918],[-1.49901,53.31918]]],[[[-1.47342,53.31907],[-1.47384,53.31685],[-1.47461,53.31688],[-1.47479,53.31713],[-1.4744,53.3177],[-1.47401,53.31811],[-1.47376,53.3186],[-1.47354,53.31893],[-1.47342,53.31907]]],[[[-1.49901,53.31918],[-1.49105,53.31916],[-1.49148,53.31913],[-1.49234,53.31883],[-1.4935,53.31888],[-1.49427,53.31898],[-1.495,53.31908],[-1.49543,53.31913],[-1.49616,53.31895],[-1.49672,53.31883],[-1.4974,53.31885],[-1.49783,53.31901],[-1.49852,53.31916],[-1.49901,53.31918]]],[[[-1.50182,53.31901],[-1.50178,53.31902],[-1.50122,53.31918],[-1.50077,53.31929],[-1.50182,53.31901]]],[[[-1.50554,53.31942],[-1.50526,53.31929],[-1.50489,53.31904],[-1.50455,53.31865],[-1.50429,53.31834],[-1.50554,53.31942]]],[[[-1.47342,53.31907],[-1.47328,53.31983],[-1.47324,53.31929],[-1.47342,53.31907]]],[[[-1.47393,53.32044],[-1.47427,53.31947],[-1.475,53.3187],[-1.47513,53.31831],[-1.47569,53.31783],[-1.47603,53.31747],[-1.47486,53.3202],[-1.47534,53.31985],[-1.47624,53.31962],[-1.47727,53.3197],[-1.47813,53.31977],[-1.47873,53.31988],[-1.47938,53.32011],[-1.48002,53.32036],[-1.48071,53.32067],[-1.47482,53.3203],[-1.47466,53.32067],[-1.4738,53.32067],[-1.47393,53.32044]]],[[[-1.50554,53.31942],[-1.50575,53.31952],[-1.5059,53.31972],[-1.5062,53.3199],[-1.50648,53.32016],[-1.5068,53.32036],[-1.50717,53.32079],[-1.50725,53.3209],[-1.50554,53.31942]]],[[[-1.48534,53.31993],[-1.48577,53.31934],[-1.48629,53.31954],[-1.48663,53.31921],[-1.48757,53.31911],[-1.48835,53.31911],[-1.48955,53.31901],[-1.49045,53.31901],[-1.49118,53.31908],[-1.48474,53.32093],[-1.48461,53.32067],[-1.48483,53.32034],[-1.48513,53.32016],[-1.48534,53.31993]]],[[[-1.50725,53.3209],[-1.50822,53.32174],[-1.50787,53.32154],[-1.50744,53.32116],[-1.50725,53.3209]]],[[[-1.50865,53.32196],[-1.50852,53.3219],[-1.50813,53.32162],[-1.50865,53.32196]]],[[[-1.48135,53.32072],[-1.48088,53.32065],[-1.48479,53.32116],[-1.48448,53.32144],[-1.48376,53.32154],[-1.48345,53.32177],[-1.4829,53.32188],[-1.48242,53.32185],[-1.48242,53.32154],[-1.48247,53.32116],[-1.48217,53.3209],[-1.48174,53.32083],[-1.48135,53.32072]]],[[[-1.50865,53.32196],[-1.50912,53.32218],[-1.50968,53.32241],[-1.51015,53.3227],[-1.51083,53.32298],[-1.51144,53.32329],[-1.51186,53.32382],[-1.51183,53.32404],[-1.50865,53.32196]]],[[[-1.46328,53.32018],[-1.46397,53.31962],[-1.46436,53.31965],[-1.46479,53.31942],[-1.46526,53.31911],[-1.46586,53.31877],[-1.46629,53.31847],[-1.46698,53.31829],[-1.46732,53.31806],[-1.46796,53.31775],[-1.46861,53.31772],[-1.46938,53.31762],[-1.47011,53.31749],[-1.47071,53.31742],[-1.47122,53.31719],[-1.47195,53.31711],[-1.47277,53.31685],[-1.47328,53.31665],[-1.47397,53.31657],[-1.47461,53.31644],[-1.46325,53.32021],[-1.45753,53.32536],[-1.4568,53.32475],[-1.45655,53.32418],[-1.45633,53.32362],[-1.4565,53.32303],[-1.45698,53.32254],[-1.45771,53.32208],[-1.45844,53.3218],[-1.45916,53.32149],[-1.45981,53.32121],[-1.46058,53.32095],[-1.46152,53.3207],[-1.46225,53.32042],[-1.46328,53.32018]]],[[[-1.47263,53.32561],[-1.47251,53.32539],[-1.47255,53.32498],[-1.47251,53.32462],[-1.47238,53.3239],[-1.47238,53.32313],[-1.47234,53.32241],[-1.47238,53.32162],[-1.47273,53.32085],[-1.47307,53.31985],[-1.47263,53.32561]]],[[[-1.47263,53.32561],[-1.47285,53.32598],[-1.47268,53.32652],[-1.47255,53.32672],[-1.47263,53.32561]]],[[[-1.46434,53.3297],[-1.46504,53.32921],[-1.46706,53.32836],[-1.46822,53.32787],[-1.46916,53.32744],[-1.46989,53.32723],[-1.47152,53.32675],[-1.4723,53.32667],[-1.46434,53.3297]]],[[[-1.46434,53.3297],[-1.46419,53.3298],[-1.46389,53.33],[-1.46333,53.33008],[-1.46434,53.3297]]],[[[-1.51183,53.32404],[-1.5159,53.3267],[-1.5159,53.32667],[-1.51654,53.32698],[-1.51598,53.32777],[-1.5159,53.32834],[-1.51568,53.32898],[-1.5156,53.32951],[-1.51543,53.33021],[-1.51517,53.3308],[-1.5159,53.3267],[-1.51517,53.32623],[-1.51448,53.32608],[-1.51367,53.32562],[-1.51298,53.32536],[-1.51247,53.32531],[-1.51186,53.32488],[-1.51178,53.32439],[-1.51183,53.32404]]],[[[-1.46125,53.33094],[-1.46161,53.3309],[-1.46218,53.33088],[-1.45663,53.32457],[-1.45693,53.3249],[-1.45749,53.32539],[-1.45861,53.32595],[-1.45959,53.32641],[-1.46037,53.32685],[-1.46135,53.32741],[-1.46213,53.32785],[-1.46247,53.32849],[-1.46277,53.32931],[-1.46316,53.32992],[-1.46268,53.33008],[-1.4623,53.33039],[-1.46222,53.33088],[-1.46251,53.33087],[-1.46222,53.33089],[-1.46221,53.33092],[-1.46218,53.33089],[-1.46125,53.33094]]],[[[-1.51289,53.33362],[-1.51508,53.33072],[-1.5147,53.33126],[-1.5144,53.33208],[-1.51414,53.33244],[-1.51371,53.3331],[-1.51341,53.33328],[-1.51311,53.33344],[-1.51289,53.33362]]],[[[-1.51169,53.33637],[-1.51156,53.33636],[-1.51098,53.33601],[-1.51088,53.33615],[-1.50985,53.3359],[-1.51053,53.33533],[-1.51156,53.33451],[-1.51259,53.33369],[-1.51098,53.33601],[-1.51169,53.33637]]],[[[-1.51169,53.33637],[-1.51268,53.33641],[-1.51354,53.33682],[-1.51448,53.33748],[-1.51531,53.33818],[-1.51169,53.33637]]],[[[-1.51531,53.33818],[-1.51946,53.34025],[-1.51852,53.34005],[-1.5174,53.33959],[-1.51637,53.33897],[-1.51534,53.3382],[-1.51531,53.33818]]],[[[-1.51181,53.35594],[-1.51217,53.3556],[-1.51247,53.35524],[-1.51281,53.35473],[-1.5135,53.35429],[-1.51381,53.35417],[-1.5213,53.34947],[-1.51955,53.34471],[-1.51937,53.34438],[-1.51916,53.34374],[-1.51886,53.34328],[-1.51852,53.34261],[-1.51847,53.34199],[-1.51839,53.34161],[-1.51856,53.3412],[-1.51869,53.34076],[-1.51882,53.34023],[-1.51962,53.34479],[-1.51976,53.34504],[-1.5201,53.34545],[-1.52066,53.34589],[-1.52113,53.34625],[-1.52165,53.34668],[-1.52221,53.34704],[-1.52208,53.34771],[-1.52199,53.34837],[-1.52169,53.34886],[-1.52135,53.3496],[-1.52132,53.34951],[-1.52096,53.34996],[-1.5204,53.35063],[-1.52006,53.35109],[-1.51929,53.35145],[-1.51839,53.35201],[-1.51753,53.3524],[-1.51641,53.35291],[-1.51517,53.35357],[-1.51419,53.35403],[-1.51423,53.35401],[-1.51181,53.35594]]],[[[-1.51181,53.35594],[-1.51178,53.35596],[-1.51177,53.35596],[-1.51181,53.35594]]],[[[-1.51177,53.35596],[-1.50973,53.35758],[-1.51019,53.35716],[-1.51049,53.35647],[-1.51109,53.35624],[-1.51177,53.35596]]],[[[-1.43509,53.36459],[-1.42925,53.361],[-1.43161,53.36241],[-1.43337,53.36351],[-1.43509,53.36459]]],[[[-1.50973,53.35758],[-1.50925,53.35803],[-1.5089,53.35828],[-1.50938,53.35795],[-1.51015,53.35726],[-1.508,53.36177],[-1.508,53.36205],[-1.50779,53.36277],[-1.50783,53.36343],[-1.50779,53.36441],[-1.50744,53.36523],[-1.50697,53.36579],[-1.50633,53.36628],[-1.508,53.36121],[-1.508,53.36175],[-1.50817,53.36131],[-1.50774,53.36077],[-1.50783,53.36018],[-1.50805,53.35949],[-1.50826,53.35893],[-1.50886,53.35831],[-1.50839,53.35865],[-1.50973,53.35758]]],[[[-1.50481,53.36669],[-1.50633,53.36625],[-1.50534,53.36658],[-1.50481,53.36669]]],[[[-1.50481,53.36669],[-1.50099,53.36778],[-1.50144,53.36758],[-1.50242,53.36715],[-1.50341,53.36694],[-1.50444,53.36676],[-1.50481,53.36669]]],[[[-1.50099,53.36778],[-1.50023,53.36812],[-1.49853,53.36849],[-1.49882,53.36845],[-1.48878,53.37122],[-1.49071,53.37053],[-1.49204,53.37004],[-1.49418,53.3693],[-1.49556,53.36897],[-1.49727,53.36866],[-1.49851,53.36849],[-1.50099,53.36778]]],[[[-1.48233,53.37281],[-1.48929,53.37101],[-1.4883,53.37135],[-1.48667,53.37186],[-1.48521,53.37237],[-1.48414,53.37258],[-1.48294,53.37276],[-1.48233,53.37281]]],[[[-1.46125,53.33094],[-1.46028,53.33105],[-1.45946,53.33105],[-1.44474,53.33676],[-1.44427,53.33715],[-1.44307,53.33795],[-1.44196,53.33874],[-1.44054,53.33971],[-1.43972,53.34028],[-1.43874,53.34089],[-1.43797,53.34133],[-1.43831,53.34128],[-1.42706,53.3498],[-1.44763,53.35811],[-1.44698,53.35806],[-1.44715,53.35808],[-1.44768,53.35813],[-1.44763,53.35811],[-1.44824,53.35816],[-1.44882,53.35816],[-1.44902,53.35824],[-1.4515,53.35869],[-1.45148,53.35857],[-1.4516,53.35871],[-1.45165,53.35872],[-1.45307,53.36031],[-1.45292,53.36025],[-1.45455,53.36216],[-1.45509,53.36238],[-1.45573,53.36277],[-1.45612,53.36295],[-1.45672,53.36308],[-1.45732,53.36343],[-1.45779,53.36367],[-1.45826,53.36395],[-1.45869,53.36425],[-1.45904,53.36454],[-1.45938,53.36489],[-1.45968,53.3653],[-1.45994,53.36582],[-1.46011,53.36623],[-1.46002,53.36643],[-1.46194,53.37145],[-1.46518,53.37405],[-1.46633,53.37378],[-1.46745,53.3736],[-1.46942,53.37309],[-1.47101,53.37281],[-1.47221,53.37263],[-1.47333,53.3725],[-1.47364,53.37261],[-1.47436,53.37263],[-1.47577,53.37278],[-1.47697,53.37295],[-1.47689,53.37291],[-1.47931,53.37358],[-1.47994,53.37337],[-1.48079,53.37299],[-1.48174,53.37286],[-1.48233,53.37281],[-1.47933,53.37359],[-1.47938,53.3736],[-1.47932,53.37359],[-1.47916,53.37363],[-1.4793,53.37358],[-1.47843,53.37342],[-1.4774,53.37319],[-1.47697,53.37296],[-1.47377,53.37266],[-1.47397,53.37273],[-1.46521,53.37407],[-1.46526,53.37411],[-1.46453,53.37424],[-1.46371,53.37434],[-1.4623,53.37437],[-1.46255,53.37386],[-1.46251,53.37345],[-1.46238,53.37296],[-1.46221,53.37247],[-1.46204,53.37209],[-1.46195,53.37171],[-1.46165,53.37122],[-1.46193,53.37145],[-1.4617,53.37096],[-1.46144,53.3703],[-1.4611,53.36973],[-1.46054,53.36889],[-1.46028,53.36838],[-1.45998,53.36794],[-1.45989,53.36753],[-1.45981,53.36697],[-1.45991,53.36659],[-1.45397,53.36174],[-1.45438,53.36205],[-1.4541,53.3618],[-1.45359,53.36146],[-1.45307,53.36095],[-1.45256,53.36036],[-1.45213,53.36],[-1.45204,53.35989],[-1.45091,53.35944],[-1.43559,53.35838],[-1.43547,53.35838],[-1.43655,53.35848],[-1.43612,53.35848],[-1.43575,53.35848],[-1.43543,53.35849],[-1.43517,53.35849],[-1.43477,53.35841],[-1.43447,53.35841],[-1.43408,53.35839],[-1.43376,53.35833],[-1.43344,53.35833],[-1.43314,53.35833],[-1.43264,53.35829],[-1.43247,53.35829],[-1.43174,53.35826],[-1.43127,53.35821],[-1.43202,53.35824],[-1.43153,53.3582],[-1.43148,53.35809],[-1.43148,53.35799],[-1.43531,53.35836],[-1.43663,53.35834],[-1.43741,53.35834],[-1.4381,53.35825],[-1.43164,53.35785],[-1.43097,53.35829],[-1.42878,53.359],[-1.43318,53.3565],[-1.43312,53.35644],[-1.42985,53.35204],[-1.42701,53.34983],[-1.42453,53.35055],[-1.425,53.34776],[-1.42659,53.34581],[-1.42951,53.34348],[-1.4314,53.34251],[-1.43251,53.34225],[-1.43427,53.34202],[-1.4359,53.34184],[-1.43698,53.34148],[-1.43791,53.34134],[-1.44442,53.33685],[-1.44573,53.33592],[-1.44706,53.33479],[-1.44831,53.33387],[-1.44938,53.33295],[-1.4508,53.332],[-1.45208,53.33159],[-1.4532,53.33121],[-1.45466,53.33103],[-1.45629,53.331],[-1.45749,53.33095],[-1.45848,53.331],[-1.45959,53.331],[-1.45949,53.33104],[-1.46125,53.33094]]],[[[-1.4323,53.35742],[-1.43189,53.35769],[-1.43354,53.35685],[-1.43339,53.3567],[-1.4323,53.35742]]],[[[-1.43545,53.35837],[-1.43557,53.35838],[-1.43533,53.35836],[-1.43545,53.35837]]]]}},{"type":"Feature","properties":{"source_code":"C85009","codes":["C85009"],"label":"THE KAKOTY PRACTICE"},"geometry":{"type":"Polygon","coordinates":[[[-1.55148,53.56805],[-1.53019,53.58619],[-1.46908,53.60086],[-1.43166,53.58619],[-1.41689,53.55194],[-1.40488,53.52745],[-1.4835,53.51663],[-1.56075,53.54622],[-1.55148,53.56805]]]}},{"type":"Feature","properties":{"source_code":"C88011","codes":["C88011"],"label":"BUCHANAN ROAD SURGERY"},"geometry":{"type":"Polygon","coordinates":[[[-1.45741,53.44145],[-1.43483,53.43608],[-1.42822,53.43219],[-1.43004,53.40578],[-1.43993,53.40578],[-1.45398,53.39524],[-1.47592,53.39544],[-1.49345,53.39712],[-1.50412,53.40413],[-1.50465,53.44164],[-1.49611,53.44159],[-1.47028,53.443],[-1.45741,53.44145]]]}},{"type":"Feature","properties":{"source_code":"C88038","codes":["C88038"],"label":"THE MATHEWS PRACTICE BELGRAVE"},"geometry":{"type":"Polygon","coordinates":[[[-1.47672,53.3319],[-1.47363,53.32655],[-1.47357,53.32657],[-1.47354,53.32653],[-1.4741,53.32661],[-1.47614,53.3267],[-1.4768,53.32706],[-1.47878,53.32811],[-1.48122,53.33053],[-1.48303,53.33081],[-1.48519,53.33131],[-1.48642,53.33199],[-1.48809,53.33317],[-1.48993,53.33393],[-1.49247,53.33508],[-1.49322,53.33566],[-1.49547,53.33546],[-1.49734,53.33551],[-1.50099,53.33512],[-1.50294,53.33463],[-1.50418,53.33478],[-1.51006,53.33603],[-1.51354,53.33641],[-1.5177,53.33941],[-1.51907,53.33995],[-1.51856,53.34136],[-1.51972,53.34495],[-1.52246,53.34684],[-1.52212,53.34874],[-1.52096,53.35035],[-1.52362,53.3514],[-1.52246,53.35248],[-1.51968,53.35407],[-1.52062,53.3556],[-1.52171,53.357],[-1.52214,53.35828],[-1.52167,53.35828],[-1.52135,53.35902],[-1.52414,53.35981],[-1.52583,53.36099],[-1.52583,53.36213],[-1.52075,53.36469],[-1.51804,53.3645],[-1.51744,53.36647],[-1.5141,53.36607],[-1.51116,53.36788],[-1.50603,53.36657],[-1.50229,53.36761],[-1.50054,53.37219],[-1.49622,53.37477],[-1.49219,53.37705],[-1.49208,53.37752],[-1.48762,53.38034],[-1.48401,53.38029],[-1.48406,53.37755],[-1.47912,53.37412],[-1.47603,53.37304],[-1.47264,53.37294],[-1.46809,53.37368],[-1.46303,53.37466],[-1.45925,53.37412],[-1.44522,53.3734],[-1.4402,53.36813],[-1.43668,53.36577],[-1.42882,53.36088],[-1.42191,53.35909],[-1.41076,53.3554],[-1.40805,53.35403],[-1.40518,53.35214],[-1.39582,53.34536],[-1.38187,53.33544],[-1.3778,53.33229],[-1.38853,53.32588],[-1.39887,53.32121],[-1.4087,53.32527],[-1.40574,53.33147],[-1.39981,53.32944],[-1.39728,53.33357],[-1.41466,53.33821],[-1.41934,53.33513],[-1.42751,53.33508],[-1.43775,53.33503],[-1.44187,53.33621],[-1.44286,53.33764],[-1.44741,53.33749],[-1.45165,53.33705],[-1.45114,53.33826],[-1.45517,53.33785],[-1.45668,53.3358],[-1.46161,53.3347],[-1.46328,53.33098],[-1.46277,53.3306],[-1.47357,53.32657],[-1.47672,53.3319]]]}},{"type":"Feature","properties":{"source_code":"C88014","codes":["C88014"],"label":"NORWOOD MEDICAL CENTRE"},"geometry":{"type":"Polygon","coordinates":[[[-1.45466,53.42217],[-1.45775,53.41554],[-1.45346,53.41172],[-1.45363,53.40789],[-1.46942,53.40605],[-1.48933,53.41322],[-1.4871,53.41956],[-1.47294,53.42033],[-1.45466,53.42217]]]}},{"type":"Feature","properties":{"source_code":"Y05349","codes":["Y05349"],"label":"CLOVER CITY PRACTICE"},"geometry":{"type":"Polygon","coordinates":[[[-1.49314,53.43736],[-1.42261,53.42992],[-1.37173,53.39234],[-1.33193,53.36907],[-1.28964,53.30179],[-1.54557,53.29806],[-1.65044,53.38564],[-1.62922,53.4381],[-1.49314,53.43736]]]}},{"type":"Feature","properties":{"source_code":"C88008","codes":["C88008"],"label":"FORGE HEALTH GROUP"},"geometry":{"type":"Polygon","coordinates":[[[-1.4986,53.41158],[-1.49279,53.41272],[-1.4904,53.4138],[-1.48911,53.41424],[-1.48723,53.41432],[-1.48417,53.41398],[-1.48163,53.41251],[-1.47892,53.41181],[-1.47603,53.41142],[-1.47348,53.41297],[-1.4713,53.41317],[-1.46938,53.41272],[-1.46661,53.41244],[-1.46493,53.41174],[-1.46333,53.41079],[-1.46135,53.40898],[-1.45942,53.40777],[-1.45571,53.40742],[-1.45221,53.40726],[-1.45055,53.40775],[-1.44889,53.40809],[-1.44066,53.40735],[-1.43856,53.40734],[-1.43631,53.40691],[-1.43456,53.40616],[-1.43374,53.40591],[-1.43417,53.40531],[-1.43567,53.40426],[-1.43855,53.40234],[-1.45247,53.39308],[-1.45839,53.39046],[-1.46245,53.38717],[-1.46383,53.38607],[-1.4645,53.38536],[-1.4652,53.38544],[-1.46587,53.38554],[-1.4667,53.38549],[-1.46731,53.38531],[-1.46849,53.38526],[-1.46985,53.38535],[-1.47032,53.38543],[-1.47066,53.38572],[-1.47116,53.38639],[-1.47201,53.38689],[-1.47206,53.38719],[-1.47495,53.38755],[-1.47697,53.38855],[-1.47945,53.39039],[-1.48176,53.39217],[-1.48491,53.39391],[-1.48702,53.39527],[-1.48899,53.39717],[-1.48951,53.3993],[-1.49066,53.40132],[-1.4938,53.40321],[-1.49526,53.40416],[-1.49646,53.40546],[-1.4986,53.41158]]]}},{"type":"Feature","properties":{"source_code":"C88039","codes":["C88039"],"label":"ECCLESFIELD GROUP PRACT"},"geometry":{"type":"Polygon","coordinates":[[[-1.50272,53.46353],[-1.49517,53.46475],[-1.48418,53.46782],[-1.47217,53.47374],[-1.46152,53.47068],[-1.46324,53.46393],[-1.45397,53.45944],[-1.44745,53.45944],[-1.44505,53.44942],[-1.4399,53.44083],[-1.455,53.43899],[-1.45569,53.43551],[-1.45706,53.42672],[-1.49208,53.42549],[-1.49208,53.43142],[-1.50238,53.42876],[-1.4986,53.44124],[-1.50272,53.46353]]]}},{"type":"Feature","properties":{"source_code":"C88082","codes":["C88082"],"label":"CARRFIELD MEDICAL CENTRE"},"geometry":{"type":"Polygon","coordinates":[[[-1.47011,53.3608],[-1.46891,53.36285],[-1.46633,53.36336],[-1.46401,53.3632],[-1.4611,53.36254],[-1.45766,53.36177],[-1.45509,53.36028],[-1.45303,53.35906],[-1.452,53.35777],[-1.45226,53.3566],[-1.45483,53.35578],[-1.45775,53.35506],[-1.45964,53.35475],[-1.46255,53.35491],[-1.46487,53.35557],[-1.46796,53.35624],[-1.47122,53.35731],[-1.4726,53.3589],[-1.47011,53.3608]]]}},{"type":"Feature","properties":{"source_code":"C88095","codes":["C88095"],"label":"MILL ROAD SURGERY"},"geometry":{"type":"Polygon","coordinates":[[[-1.48045,53.47282],[-1.47248,53.47252],[-1.47096,53.47119],[-1.46455,53.46736],[-1.44682,53.45969],[-1.43831,53.46483],[-1.43829,53.46483],[-1.43832,53.46485],[-1.42454,53.46648],[-1.42183,53.46447],[-1.42786,53.45209],[-1.42731,53.4481],[-1.43077,53.44485],[-1.43166,53.44418],[-1.43169,53.44264],[-1.43225,53.44083],[-1.43693,53.43697],[-1.44653,53.43826],[-1.45158,53.43983],[-1.4537,53.44109],[-1.45771,53.44158],[-1.45865,53.43627],[-1.45758,53.4341],[-1.45871,53.43155],[-1.46117,53.43044],[-1.46184,53.42993],[-1.46726,53.43013],[-1.47268,53.42991],[-1.47435,53.43031],[-1.47569,53.43142],[-1.48363,53.42966],[-1.48555,53.42818],[-1.48918,53.42942],[-1.49188,53.43051],[-1.49175,53.43303],[-1.49264,53.43547],[-1.49414,53.43715],[-1.49646,53.44049],[-1.49551,53.443],[-1.49564,53.44555],[-1.49324,53.45024],[-1.49278,53.4514],[-1.4937,53.45313],[-1.4944,53.45558],[-1.49579,53.45675],[-1.49476,53.45762],[-1.49407,53.45889],[-1.49294,53.46085],[-1.49142,53.46424],[-1.48973,53.46731],[-1.48659,53.46982],[-1.48045,53.47282]]]}},{"type":"Feature","properties":{"source_code":"C88073","codes":["C88073"],"label":"HEELEY GREEN SURGERY"},"geometry":{"type":"MultiPolygon","coordinates":[[[[-1.43338,53.34188],[-1.44265,53.33807],[-1.4431,53.33778],[-1.4432,53.33769],[-1.44324,53.33769],[-1.44324,53.33769],[-1.44578,53.33779],[-1.44753,53.33746],[-1.44765,53.33748],[-1.44779,53.33746],[-1.44852,53.33766],[-1.45818,53.33956],[-1.45802,53.33954],[-1.45814,53.33956],[-1.46655,53.33969],[-1.47098,53.33971],[-1.4717,53.3393],[-1.47181,53.33931],[-1.47187,53.33928],[-1.47516,53.33974],[-1.47547,53.33977],[-1.47573,53.33979],[-1.47959,53.33994],[-1.47954,53.34001],[-1.47964,53.34002],[-1.47853,53.3415],[-1.47806,53.3422],[-1.47833,53.34399],[-1.47865,53.34563],[-1.47854,53.34543],[-1.47861,53.34581],[-1.47715,53.34485],[-1.45796,53.33962],[-1.43757,53.34141],[-1.43752,53.34142],[-1.42734,53.34667],[-1.42427,53.35147],[-1.4244,53.34796],[-1.42569,53.34599],[-1.42576,53.34594],[-1.42578,53.34591],[-1.43123,53.34217],[-1.43338,53.34188]]],[[[-1.49184,53.35599],[-1.4918,53.35599],[-1.4918,53.35599],[-1.49179,53.35599],[-1.48981,53.3557],[-1.49042,53.35533],[-1.48912,53.3547],[-1.48556,53.35465],[-1.48564,53.35429],[-1.48358,53.35439],[-1.48192,53.35258],[-1.48167,53.35252],[-1.48114,53.34994],[-1.48187,53.35114],[-1.48186,53.3512],[-1.48699,53.35367],[-1.49148,53.35468],[-1.49148,53.35468],[-1.49148,53.35468],[-1.49169,53.35473],[-1.49155,53.35473],[-1.49169,53.35547],[-1.49184,53.35599]]],[[[-1.48191,53.35257],[-1.48187,53.35252],[-1.48191,53.35253],[-1.48183,53.3515],[-1.4817,53.35252],[-1.48191,53.35257]]],[[[-1.4285,53.35965],[-1.42522,53.35329],[-1.42831,53.3587],[-1.4285,53.35965]]],[[[-1.49184,53.35599],[-1.49569,53.35655],[-1.49315,53.3608],[-1.49184,53.35599]]],[[[-1.4285,53.35965],[-1.42925,53.3611],[-1.42874,53.36082],[-1.4285,53.35965]]],[[[-1.45238,53.3737],[-1.46651,53.37313],[-1.47148,53.37283],[-1.47343,53.37235],[-1.48853,53.3658],[-1.48852,53.36574],[-1.48942,53.36472],[-1.49296,53.36385],[-1.49174,53.36262],[-1.49285,53.36177],[-1.49328,53.36072],[-1.49298,53.36385],[-1.49302,53.36384],[-1.49298,53.36387],[-1.49298,53.36387],[-1.49298,53.36387],[-1.48879,53.3669],[-1.48886,53.3673],[-1.48769,53.36785],[-1.48672,53.3684],[-1.48706,53.36815],[-1.48633,53.3685],[-1.48319,53.36993],[-1.48354,53.36984],[-1.47612,53.37317],[-1.47309,53.37284],[-1.47276,53.37281],[-1.46753,53.37381],[-1.46778,53.37375],[-1.46281,53.37475],[-1.45992,53.37429],[-1.45678,53.37395],[-1.45641,53.37392],[-1.45238,53.3737]]]]}},{"type":"Feature","properties":{"source_code":"C88622","codes":["C88622"],"label":"SHEFFIELD MEDICAL CENTRE"},"geometry":{"type":"Polygon","coordinates":[[[-1.44086,53.40962],[-1.44099,53.40971],[-1.44088,53.40953],[-1.4405,53.40805],[-1.4398,53.40783],[-1.44037,53.4081],[-1.44071,53.4091],[-1.44086,53.40962],[-1.43706,53.407],[-1.43784,53.4072],[-1.43723,53.407],[-1.43719,53.407],[-1.43844,53.40577],[-1.43912,53.40493],[-1.44204,53.40367],[-1.44565,53.40309],[-1.44565,53.39994],[-1.44642,53.39467],[-1.45042,53.39413],[-1.44981,53.39114],[-1.46844,53.38922],[-1.47543,53.39382],[-1.47525,53.39391],[-1.47577,53.39403],[-1.47479,53.39446],[-1.4738,53.39518],[-1.47285,53.39577],[-1.47213,53.39638],[-1.47071,53.39712],[-1.46942,53.3981],[-1.46886,53.39835],[-1.46869,53.39866],[-1.46878,53.39909],[-1.46875,53.3991],[-1.46895,53.3994],[-1.46884,53.39946],[-1.46892,53.39945],[-1.46895,53.39943],[-1.46938,53.39991],[-1.46959,53.40032],[-1.46985,53.40071],[-1.46981,53.40124],[-1.46895,53.40152],[-1.46805,53.40242],[-1.46753,53.40268],[-1.46676,53.4027],[-1.46599,53.40273],[-1.46522,53.40291],[-1.46457,53.40352],[-1.46367,53.40378],[-1.46286,53.4037],[-1.46307,53.40355],[-1.46307,53.40355],[-1.46308,53.40353],[-1.46299,53.40351],[-1.46295,53.40355],[-1.46286,53.4037],[-1.46165,53.40521],[-1.46161,53.40519],[-1.46187,53.40575],[-1.46195,53.40649],[-1.46195,53.40743],[-1.46183,53.40833],[-1.46161,53.40892],[-1.46088,53.40866],[-1.45934,53.40777],[-1.45672,53.40761],[-1.45513,53.40736],[-1.45238,53.40738],[-1.45934,53.40352],[-1.45964,53.40388],[-1.45951,53.40367],[-1.46084,53.40291],[-1.46254,53.40232],[-1.46225,53.40234],[-1.4632,53.40186],[-1.46474,53.40099],[-1.46476,53.40071],[-1.46453,53.40104],[-1.46067,53.40298],[-1.45775,53.40406],[-1.45457,53.40559],[-1.45234,53.40728],[-1.4565,53.40368],[-1.45642,53.40368],[-1.45217,53.40733],[-1.45067,53.4073],[-1.45213,53.40736],[-1.45157,53.40764],[-1.45147,53.4077],[-1.45217,53.40743],[-1.45217,53.41025],[-1.45243,53.41275],[-1.45483,53.41403],[-1.45638,53.41628],[-1.45629,53.41823],[-1.45535,53.41941],[-1.45183,53.4191],[-1.44805,53.41802],[-1.44573,53.41721],[-1.44539,53.4147],[-1.44436,53.41224],[-1.44611,53.41096],[-1.44453,53.41196],[-1.44414,53.41169],[-1.44449,53.41212],[-1.44221,53.41055],[-1.442,53.41043],[-1.4414,53.41027],[-1.44105,53.41027],[-1.44086,53.40962]],[[-1.44498,53.40717],[-1.44364,53.40714],[-1.44423,53.40718],[-1.44498,53.40717]],[[-1.46497,53.40154],[-1.46393,53.4021],[-1.46398,53.40208],[-1.46497,53.40154]]]}},{"type":"Feature","properties":{"source_code":"C85007","codes":["C85007"],"label":"THE DOVE VALLEY PMS PRACTICE"},"geometry":{"type":"Polygon","coordinates":[[[-1.51577,53.5489],[-1.47127,53.57003],[-1.43693,53.55956],[-1.41569,53.53365],[-1.47607,53.49806],[-1.51577,53.5489]]]}},{"type":"Feature","properties":{"source_code":"C85024","codes":["C85024"],"label":"HIGH STREET PRACTICE"},"geometry":{"type":"Polygon","coordinates":[[[-1.43234,53.61552],[-1.42376,53.60982],[-1.44367,53.57783],[-1.52882,53.61328],[-1.52161,53.61939],[-1.43234,53.61552]]]}},{"type":"Feature","properties":{"source_code":"C88049","codes":["C88049"],"label":"ELM LANE SURGERY"},"geometry":{"type":"MultiPolygon","coordinates":[[[[-1.44934,53.43153],[-1.44608,53.43096],[-1.44337,53.43098],[-1.44067,53.43091],[-1.4423,53.42754],[-1.44273,53.42585],[-1.44299,53.42416],[-1.44343,53.42257],[-1.44408,53.42095],[-1.4462,53.41952],[-1.44768,53.41809],[-1.45045,53.4148],[-1.4518,53.41389],[-1.45296,53.41272],[-1.45411,53.41334],[-1.45498,53.41421],[-1.45732,53.41557],[-1.46032,53.41554],[-1.46144,53.41542],[-1.4623,53.41613],[-1.46487,53.41556],[-1.4662,53.41529],[-1.46762,53.41521],[-1.4724,53.41499],[-1.47539,53.41488],[-1.47548,53.41465],[-1.47579,53.41444],[-1.47792,53.41649],[-1.47983,53.41738],[-1.4806,53.41833],[-1.48041,53.419],[-1.48024,53.42068],[-1.48058,53.42145],[-1.4803,53.42182],[-1.48021,53.42222],[-1.47921,53.42524],[-1.47886,53.42682],[-1.47871,53.42759],[-1.46831,53.42733],[-1.45895,53.42841],[-1.45921,53.42917],[-1.45569,53.43035],[-1.45303,53.43204],[-1.45191,53.43214],[-1.45073,53.43176],[-1.44934,53.43153]]],[[[-1.45582,53.45472],[-1.45659,53.45379],[-1.45788,53.45305],[-1.46299,53.45025],[-1.46547,53.44717],[-1.46303,53.44563],[-1.46153,53.44451],[-1.46115,53.44419],[-1.4607,53.4439],[-1.45996,53.44333],[-1.45773,53.44156],[-1.46058,53.44371],[-1.46354,53.44594],[-1.46519,53.44689],[-1.46679,53.44784],[-1.46646,53.44925],[-1.46788,53.45104],[-1.47122,53.45226],[-1.47467,53.45471],[-1.47846,53.45464],[-1.48208,53.45556],[-1.48582,53.45965],[-1.48582,53.46115],[-1.48414,53.46151],[-1.48469,53.46279],[-1.48439,53.46407],[-1.48335,53.46525],[-1.48096,53.46583],[-1.47857,53.46615],[-1.4763,53.46683],[-1.47594,53.46772],[-1.47513,53.46773],[-1.47426,53.46792],[-1.47459,53.46876],[-1.47517,53.46907],[-1.47628,53.46932],[-1.4782,53.46975],[-1.47736,53.47074],[-1.47654,53.4716],[-1.47374,53.47244],[-1.47299,53.47277],[-1.46797,53.47624],[-1.46523,53.47565],[-1.46258,53.47455],[-1.45779,53.47254],[-1.462,53.46627],[-1.46217,53.46296],[-1.45977,53.46054],[-1.4568,53.45903],[-1.45414,53.45635],[-1.45556,53.45571],[-1.45582,53.45472]]]]}},{"type":"Feature","properties":{"source_code":"C88048","codes":["C88048"],"label":"BURNGREAVE SURGERY"},"geometry":{"type":"Polygon","coordinates":[[[-1.43629,53.43705],[-1.42685,53.43153],[-1.42446,53.4296],[-1.42354,53.42907],[-1.42261,53.42811],[-1.41861,53.42488],[-1.41749,53.4222],[-1.41732,53.42196],[-1.41526,53.41772],[-1.41551,53.41747],[-1.41535,53.4171],[-1.42204,53.41117],[-1.4332,53.40575],[-1.43693,53.40347],[-1.43908,53.40193],[-1.44947,53.39502],[-1.45798,53.39061],[-1.45818,53.3905],[-1.46221,53.38558],[-1.46361,53.3862],[-1.46384,53.38602],[-1.46733,53.38785],[-1.47303,53.39039],[-1.47343,53.39107],[-1.47414,53.39144],[-1.47427,53.39248],[-1.47474,53.39326],[-1.47442,53.39357],[-1.47449,53.39415],[-1.46893,53.39921],[-1.47749,53.40851],[-1.47742,53.40958],[-1.47757,53.41095],[-1.48693,53.41056],[-1.48968,53.41373],[-1.48871,53.41585],[-1.48612,53.42386],[-1.48601,53.42373],[-1.4859,53.42754],[-1.48624,53.42815],[-1.48582,53.42811],[-1.48582,53.42813],[-1.48461,53.42801],[-1.47589,53.42727],[-1.47041,53.42697],[-1.46361,53.4276],[-1.45591,53.42845],[-1.45509,53.42951],[-1.45266,53.43149],[-1.45002,53.43398],[-1.44895,53.43421],[-1.44822,53.43465],[-1.44519,53.43503],[-1.44247,53.43562],[-1.44155,53.4346],[-1.43994,53.43378],[-1.43991,53.434],[-1.44045,53.43495],[-1.43921,53.43697],[-1.43692,53.43691],[-1.43629,53.43705]],[[-1.45816,53.39051],[-1.45817,53.3905],[-1.45806,53.39056],[-1.45816,53.39051]]]}},{"type":"Feature","properties":{"source_code":"C85003","codes":["C85003"],"label":"ASHVILLE MEDICAL CENTRE PMS PRACTICE"},"geometry":{"type":"Polygon","coordinates":[[[-1.51817,53.56723],[-1.47285,53.56947],[-1.46599,53.5711],[-1.42857,53.57253],[-1.40831,53.54541],[-1.42136,53.53684],[-1.4447,53.52602],[-1.45947,53.50867],[-1.47697,53.50275],[-1.48727,53.50888],[-1.48487,53.51888],[-1.49448,53.53235],[-1.50684,53.5397],[-1.51165,53.54888],[-1.52435,53.55601],[-1.51817,53.56723]]]}},{"type":"Feature","properties":{"source_code":"C88091","codes":["C88091"],"label":"BARNSLEY ROAD SURGERY"},"geometry":{"type":"MultiPolygon","coordinates":[[[[-1.4612,53.4205],[-1.46159,53.41975],[-1.46264,53.41975],[-1.46264,53.42025],[-1.4612,53.4205]]],[[[-1.4612,53.4205],[-1.46118,53.42053],[-1.46091,53.42055],[-1.4612,53.4205]]],[[[-1.46091,53.42055],[-1.46065,53.42059],[-1.4611,53.42132],[-1.46174,53.42113],[-1.46436,53.42089],[-1.46603,53.42118],[-1.46826,53.42128],[-1.46818,53.4216],[-1.46878,53.42185],[-1.47423,53.42382],[-1.47532,53.42424],[-1.48208,53.42604],[-1.48412,53.42651],[-1.48575,53.42657],[-1.48571,53.42797],[-1.4853,53.42837],[-1.4833,53.42956],[-1.48116,53.43029],[-1.47695,53.43114],[-1.4747,53.43165],[-1.47363,53.43205],[-1.46828,53.43408],[-1.46324,53.43835],[-1.46286,53.43817],[-1.46672,53.43485],[-1.46814,53.43411],[-1.46718,53.43362],[-1.46567,53.43374],[-1.45942,53.43022],[-1.4572,53.42885],[-1.45737,53.42897],[-1.45638,53.42846],[-1.45631,53.42841],[-1.45635,53.42841],[-1.45622,53.42833],[-1.45631,53.42841],[-1.45502,53.42827],[-1.45567,53.42803],[-1.45393,53.42704],[-1.45384,53.42714],[-1.45093,53.4255],[-1.4509,53.42554],[-1.45081,53.42554],[-1.44466,53.42832],[-1.44214,53.42816],[-1.44039,53.43517],[-1.44783,53.43868],[-1.44552,53.4381],[-1.44337,53.43785],[-1.44052,53.43759],[-1.43829,53.43704],[-1.43902,53.43688],[-1.44043,53.4358],[-1.44032,53.43515],[-1.43929,53.43275],[-1.44065,53.43049],[-1.44168,53.42869],[-1.44249,53.42622],[-1.44223,53.42621],[-1.44245,53.42621],[-1.44288,53.42416],[-1.44358,53.42217],[-1.44359,53.42191],[-1.44376,53.42158],[-1.44367,53.42154],[-1.44421,53.4207],[-1.44573,53.41976],[-1.44768,53.41827],[-1.44801,53.4182],[-1.45086,53.41891],[-1.4517,53.41911],[-1.45567,53.41957],[-1.45545,53.41988],[-1.45783,53.42077],[-1.45878,53.42079],[-1.46049,53.42057],[-1.46091,53.42055]]],[[[-1.44306,53.42448],[-1.44341,53.42509],[-1.44356,53.42247],[-1.44306,53.42448]]],[[[-1.45407,53.42689],[-1.45415,53.42693],[-1.45415,53.42693],[-1.45407,53.42688],[-1.45407,53.42689]]],[[[-1.45411,53.42695],[-1.45405,53.42691],[-1.45395,53.42702],[-1.45411,53.42695]]],[[[-1.45624,53.42826],[-1.45646,53.42842],[-1.45652,53.42843],[-1.45624,53.42826]]],[[[-1.4538,53.44111],[-1.45298,53.44065],[-1.45058,53.4394],[-1.44784,53.43854],[-1.44736,53.43843],[-1.44509,53.43738],[-1.45964,53.4404],[-1.45898,53.44089],[-1.46346,53.43825],[-1.4617,53.43984],[-1.46152,53.44088],[-1.46002,53.44063],[-1.45942,53.44137],[-1.45783,53.44157],[-1.45788,53.44154],[-1.45659,53.44137],[-1.4538,53.44111]]],[[[-1.45874,53.44103],[-1.45805,53.44087],[-1.45874,53.44103],[-1.45874,53.44103]]]]}},{"type":"Feature","properties":{"source_code":"C88030","codes":["C88030"],"label":"DUKE MEDICAL CENTRE"},"geometry":{"type":"Polygon","coordinates":[[[-1.47697,53.3885],[-1.4559,53.38755],[-1.41914,53.39179],[-1.40204,53.37317],[-1.42539,53.35982],[-1.47202,53.36173],[-1.48368,53.37294],[-1.47697,53.3885]]]}},{"type":"Feature","properties":{"source_code":"C85622","codes":["C85622"],"label":"MONK BRETTON HEALTH CENTRE PRACTICE"},"geometry":{"type":"Polygon","coordinates":[[[-1.4526,53.59108],[-1.40762,53.58089],[-1.43955,53.55499],[-1.46891,53.56055],[-1.48727,53.57793],[-1.48281,53.58863],[-1.4526,53.59108]]]}},{"type":"Feature","properties":{"source_code":"C88019","codes":["C88019"],"label":"GLEADLESS MEDICAL CENTRE"},"geometry":{"type":"Polygon","coordinates":[[[-1.42891,53.361],[-1.42427,53.35199],[-1.42419,53.34696],[-1.42857,53.34338],[-1.432,53.34202],[-1.43612,53.34138],[-1.43799,53.341],[-1.43994,53.33979],[-1.44299,53.33764],[-1.44693,53.3376],[-1.44874,53.33756],[-1.45028,53.33818],[-1.45672,53.33918],[-1.4603,53.34011],[-1.46389,53.33977],[-1.46781,53.34001],[-1.47003,53.34013],[-1.47097,53.34184],[-1.47126,53.34404],[-1.47183,53.34504],[-1.47275,53.34594],[-1.47762,53.34907],[-1.47854,53.34997],[-1.47872,53.35093],[-1.47882,53.35222],[-1.47958,53.35334],[-1.48025,53.354],[-1.48075,53.35444],[-1.48013,53.35471],[-1.47732,53.35598],[-1.47547,53.359],[-1.47343,53.36046],[-1.47311,53.36203],[-1.47245,53.3634],[-1.47092,53.36477],[-1.46839,53.36684],[-1.46547,53.3685],[-1.46406,53.36962],[-1.46393,53.37084],[-1.4629,53.37452],[-1.46011,53.36861],[-1.45947,53.36743],[-1.45964,53.36648],[-1.45959,53.36564],[-1.45895,53.36459],[-1.45363,53.36203],[-1.45054,53.35906],[-1.44845,53.35831],[-1.44644,53.35808],[-1.44234,53.35793],[-1.43543,53.35865],[-1.42874,53.35885],[-1.42891,53.361]]]}},{"type":"Feature","properties":{"source_code":"C85005","codes":["C85005"],"label":"ROYSTON GROUP PRACTICE"},"geometry":{"type":"Polygon","coordinates":[[[-1.49551,53.61491],[-1.41415,53.63263],[-1.38702,53.60636],[-1.44539,53.55683],[-1.52435,53.58649],[-1.49551,53.61491]]]}},{"type":"Feature","properties":{"source_code":"C88006","codes":["C88006"],"label":"NORFOLK PARK HEALTH CENTRE"},"geometry":{"type":"Polygon","coordinates":[[[-1.42848,53.36085],[-1.42839,53.35926],[-1.43264,53.35834],[-1.44118,53.35795],[-1.45161,53.35701],[-1.46341,53.35985],[-1.46981,53.36566],[-1.46773,53.37109],[-1.4629,53.37442],[-1.46067,53.37821],[-1.42573,53.37872],[-1.41543,53.37488],[-1.4187,53.37186],[-1.41904,53.36848],[-1.42024,53.36525],[-1.42633,53.36367],[-1.42848,53.36085]]]}},{"type":"Feature","properties":{"source_code":"C88051","codes":["C88051"],"label":"PAGE HALL MEDICAL CENTRE"},"geometry":{"type":"Polygon","coordinates":[[[-1.43977,53.40907],[-1.43904,53.40736],[-1.44063,53.40662],[-1.43968,53.40639],[-1.43874,53.40572],[-1.44196,53.40485],[-1.442,53.40487],[-1.44204,53.40485],[-1.44427,53.40418],[-1.45384,53.40004],[-1.45809,53.40193],[-1.46193,53.40236],[-1.46193,53.40234],[-1.46199,53.40237],[-1.462,53.40237],[-1.462,53.40237],[-1.46215,53.40245],[-1.46199,53.40251],[-1.46184,53.40644],[-1.46187,53.40677],[-1.46191,53.40859],[-1.46195,53.40867],[-1.46159,53.40925],[-1.46161,53.4088],[-1.46119,53.41047],[-1.45992,53.41259],[-1.45144,53.40899],[-1.46011,53.41278],[-1.45294,53.41283],[-1.45058,53.41478],[-1.44779,53.4181],[-1.44642,53.41764],[-1.44565,53.4171],[-1.4453,53.41549],[-1.44449,53.41493],[-1.44303,53.41462],[-1.43831,53.4136],[-1.43977,53.40907]]]}},{"type":"Feature","properties":{"source_code":"C88035","codes":["C88035"],"label":"FIRTH PARK SURGERY"},"geometry":{"type":"Polygon","coordinates":[[[-1.43393,53.40585],[-1.43529,53.40655],[-1.43878,53.40736],[-1.44084,53.40654],[-1.44114,53.40674],[-1.4426,53.4071],[-1.44758,53.40608],[-1.45346,53.40495],[-1.45603,53.40488],[-1.46097,53.40285],[-1.46504,53.40068],[-1.46633,53.39958],[-1.46715,53.39863],[-1.46835,53.39838],[-1.47054,53.40204],[-1.47221,53.40395],[-1.4723,53.40575],[-1.47217,53.40797],[-1.4723,53.40917],[-1.47255,53.41168],[-1.47337,53.41275],[-1.47371,53.41275],[-1.4741,53.41245],[-1.47603,53.4114],[-1.47715,53.41142],[-1.48062,53.41212],[-1.48448,53.41403],[-1.48895,53.41416],[-1.48968,53.41457],[-1.49088,53.41631],[-1.49114,53.41823],[-1.49122,53.41981],[-1.49118,53.41987],[-1.49294,53.4204],[-1.49298,53.4212],[-1.49238,53.42209],[-1.49268,53.42306],[-1.49285,53.42447],[-1.49255,53.42672],[-1.49169,53.43015],[-1.49165,53.43298],[-1.49268,53.43541],[-1.4941,53.43728],[-1.49354,53.43794],[-1.48843,53.43996],[-1.4817,53.44139],[-1.47882,53.44124],[-1.47449,53.44111],[-1.47101,53.44193],[-1.47024,53.44254],[-1.46981,53.4429],[-1.46895,53.44188],[-1.46809,53.4417],[-1.46715,53.44096],[-1.46504,53.43963],[-1.46376,53.43863],[-1.46286,53.4383],[-1.46152,53.43805],[-1.46045,53.43776],[-1.45886,53.43753],[-1.45869,53.43774],[-1.45844,53.43851],[-1.45796,53.43914],[-1.45788,53.43984],[-1.45792,53.44145],[-1.45749,53.44157],[-1.45509,53.44116],[-1.45376,53.44111],[-1.4523,53.44032],[-1.45028,53.43932],[-1.44741,53.43845],[-1.4447,53.43792],[-1.44161,53.43769],[-1.43891,53.43725],[-1.43668,53.43672],[-1.43552,53.43631],[-1.4341,53.43531],[-1.43269,53.43421],[-1.42934,53.43252],[-1.42603,53.43078],[-1.42333,53.42866],[-1.42187,53.42654],[-1.41964,53.4247],[-1.41758,53.42342],[-1.41732,53.42222],[-1.41539,53.41828],[-1.41629,53.41621],[-1.41809,53.41498],[-1.41934,53.41365],[-1.42174,53.41209],[-1.42359,53.41084],[-1.42741,53.40992],[-1.43045,53.40848],[-1.43184,53.40776],[-1.43286,53.40679],[-1.43393,53.40585]]]}},{"type":"Feature","properties":{"source_code":"C88070","codes":["C88070"],"label":"SHIREGREEN MEDICAL CENTRE"},"geometry":{"type":"Polygon","coordinates":[[[-1.45694,53.45587],[-1.45574,53.45568],[-1.45471,53.45609],[-1.45303,53.45685],[-1.45096,53.45697],[-1.44614,53.45523],[-1.44454,53.44915],[-1.43968,53.44295],[-1.43543,53.43932],[-1.43468,53.43903],[-1.43436,53.43909],[-1.4323,53.44087],[-1.43183,53.44226],[-1.43151,53.44458],[-1.42941,53.44617],[-1.42764,53.4473],[-1.42754,53.4486],[-1.42831,53.45213],[-1.42507,53.45072],[-1.42183,53.44993],[-1.41859,53.44786],[-1.41462,53.4462],[-1.4117,53.44529],[-1.40919,53.44408],[-1.40277,53.44119],[-1.39895,53.43927],[-1.3988,53.43787],[-1.39737,53.43679],[-1.39698,53.43498],[-1.39481,53.43324],[-1.39711,53.43117],[-1.39767,53.43127],[-1.3984,53.43112],[-1.39943,53.42989],[-1.40033,53.42925],[-1.40153,53.42869],[-1.40288,53.42851],[-1.40423,53.42899],[-1.40492,53.42944],[-1.40548,53.42999],[-1.40709,53.42981],[-1.40754,53.42948],[-1.40889,53.42926],[-1.41037,53.42933],[-1.41264,53.42983],[-1.41475,53.43063],[-1.41479,53.43063],[-1.41625,53.42977],[-1.41797,53.42894],[-1.42007,53.43048],[-1.43449,53.43856],[-1.43698,53.43695],[-1.43586,53.43651],[-1.43262,53.4341],[-1.43131,53.43349],[-1.4273,53.43142],[-1.42367,53.4293],[-1.42151,53.42586],[-1.41835,53.42396],[-1.4176,53.42332],[-1.41749,53.4227],[-1.41552,53.41856],[-1.41567,53.41753],[-1.41603,53.41654],[-1.4184,53.41476],[-1.41906,53.41397],[-1.42037,53.41297],[-1.42264,53.41127],[-1.42415,53.41061],[-1.42578,53.41043],[-1.43196,53.40769],[-1.43419,53.40539],[-1.43595,53.40403],[-1.43788,53.40514],[-1.43869,53.40529],[-1.44065,53.40439],[-1.44243,53.40344],[-1.44633,53.40105],[-1.45007,53.39858],[-1.44953,53.3984],[-1.44638,53.39707],[-1.45241,53.39305],[-1.45574,53.3916],[-1.45754,53.39084],[-1.45842,53.39044],[-1.45925,53.39029],[-1.46007,53.3895],[-1.46071,53.38868],[-1.4607,53.38868],[-1.46201,53.38753],[-1.46381,53.38611],[-1.46446,53.3864],[-1.46532,53.38724],[-1.46688,53.38877],[-1.46689,53.38873],[-1.46921,53.3897],[-1.46931,53.39016],[-1.46912,53.39083],[-1.47011,53.39229],[-1.46994,53.3949],[-1.46884,53.39609],[-1.46755,53.39712],[-1.46693,53.39861],[-1.46843,53.39853],[-1.46989,53.40104],[-1.46994,53.40111],[-1.46998,53.40111],[-1.47133,53.40282],[-1.4723,53.40465],[-1.4721,53.40804],[-1.47251,53.41142],[-1.47279,53.41218],[-1.47354,53.41281],[-1.47455,53.41346],[-1.47552,53.41416],[-1.47706,53.41545],[-1.47767,53.41626],[-1.47899,53.41693],[-1.48001,53.41752],[-1.48049,53.41816],[-1.48119,53.41828],[-1.48222,53.41821],[-1.48399,53.41862],[-1.48723,53.41951],[-1.49039,53.42001],[-1.49226,53.42023],[-1.49369,53.4207],[-1.49268,53.4214],[-1.49233,53.42205],[-1.49283,53.42453],[-1.49247,53.42777],[-1.49,53.42783],[-1.48732,53.42884],[-1.48642,53.42965],[-1.4862,53.43167],[-1.48599,53.43289],[-1.48547,53.43411],[-1.48088,53.43472],[-1.47532,53.43713],[-1.47317,53.43998],[-1.47058,53.44119],[-1.47002,53.44132],[-1.47067,53.44211],[-1.46547,53.44689],[-1.46555,53.448],[-1.46464,53.45113],[-1.46424,53.45305],[-1.46341,53.45499],[-1.46603,53.46051],[-1.46564,53.4614],[-1.46511,53.46131],[-1.46458,53.46104],[-1.46364,53.45986],[-1.46177,53.45817],[-1.46058,53.45782],[-1.45931,53.45715],[-1.45802,53.45659],[-1.45694,53.45587]],[[-1.46494,53.38915],[-1.46457,53.38914],[-1.46483,53.38915],[-1.46494,53.38915]],[[-1.46678,53.38915],[-1.46683,53.38894],[-1.46676,53.38915],[-1.46678,53.38915]]]}},{"type":"Feature","properties":{"source_code":"C88087","codes":["C88087"],"label":"DOVERCOURT GROUP PRACTICE"},"geometry":{"type":"Polygon","coordinates":[[[-1.45526,53.38548],[-1.44985,53.38466],[-1.44711,53.38451],[-1.44204,53.38461],[-1.43638,53.38435],[-1.43389,53.38271],[-1.42977,53.38015],[-1.42376,53.37821],[-1.41483,53.37539],[-1.40634,53.37411],[-1.40479,53.37206],[-1.4023,53.36976],[-1.39853,53.36807],[-1.3926,53.36658],[-1.38986,53.36464],[-1.3878,53.36059],[-1.38848,53.35573],[-1.39569,53.35557],[-1.40556,53.35219],[-1.4114,53.35537],[-1.41775,53.3525],[-1.42419,53.35081],[-1.42436,53.34768],[-1.42633,53.34558],[-1.43183,53.34727],[-1.4344,53.34901],[-1.43749,53.35101],[-1.44281,53.35214],[-1.44822,53.35434],[-1.45165,53.35711],[-1.45552,53.35685],[-1.46084,53.35818],[-1.46504,53.36054],[-1.46951,53.36279],[-1.46788,53.36443],[-1.46951,53.36571],[-1.46702,53.3673],[-1.46461,53.36961],[-1.46358,53.37212],[-1.46247,53.37462],[-1.46479,53.37729],[-1.46264,53.37918],[-1.45886,53.38405],[-1.45526,53.38548]]]}},{"type":"Feature","properties":{"source_code":"Y05364","codes":["Y05364"],"label":"BHF LUNDWOOD SURGERY"},"geometry":{"type":"Polygon","coordinates":[[[-1.42879,53.57424],[-1.42226,53.55242],[-1.47374,53.55956],[-1.42879,53.57424]]]}},{"type":"Feature","properties":{"source_code":"C85028","codes":["C85028"],"label":"LUNDWOOD MEDICAL CENTRE PMS PRACTICE"},"geometry":{"type":"Polygon","coordinates":[[[-1.38496,53.59577],[-1.37295,53.57212],[-1.39029,53.55795],[-1.42492,53.54584],[-1.45324,53.54673],[-1.47401,53.55069],[-1.47955,53.55816],[-1.48624,53.58333],[-1.45517,53.59821],[-1.43123,53.61013],[-1.38496,53.59577]]]}},{"type":"Feature","properties":{"source_code":"C85022","codes":["C85022"],"label":"HOYLAND MEDICAL PRACTICE"},"geometry":{"type":"Polygon","coordinates":[[[-1.54942,53.49918],[-1.49388,53.49698],[-1.49423,53.49984],[-1.49732,53.50147],[-1.48539,53.50505],[-1.49096,53.51163],[-1.48333,53.51337],[-1.48298,53.51628],[-1.47517,53.52454],[-1.47045,53.52531],[-1.45363,53.51888],[-1.45037,53.52026],[-1.43947,53.5198],[-1.435,53.51153],[-1.4235,53.50995],[-1.41131,53.51367],[-1.39398,53.51025],[-1.39114,53.50357],[-1.38393,53.49948],[-1.39123,53.49361],[-1.40479,53.48003],[-1.41432,53.47722],[-1.41938,53.46496],[-1.44299,53.46097],[-1.43784,53.45658],[-1.44642,53.45617],[-1.45586,53.45566],[-1.4653,53.46209],[-1.50307,53.46332],[-1.54942,53.49918]]]}},{"type":"Feature","properties":{"source_code":"C88088","codes":["C88088"],"label":"EAST BANK MEDICAL CENTRE"},"geometry":{"type":"Polygon","coordinates":[[[-1.45929,53.36746],[-1.43887,53.3673],[-1.39423,53.35567],[-1.4102,53.34486],[-1.4302,53.34763],[-1.45929,53.36746]]]}},{"type":"Feature","properties":{"source_code":"C85008","codes":["C85008"],"label":"WALDERSLADE SURGERY"},"geometry":{"type":"Polygon","coordinates":[[[-1.47045,53.52643],[-1.46043,53.52282],[-1.45798,53.52265],[-1.45481,53.52204],[-1.45362,53.52079],[-1.45263,53.51987],[-1.44991,53.51942],[-1.44589,53.5195],[-1.43805,53.51984],[-1.43399,53.51945],[-1.4262,53.51852],[-1.41998,53.51926],[-1.41597,53.51724],[-1.40024,53.51101],[-1.39652,53.51039],[-1.3937,53.50776],[-1.39703,53.50508],[-1.39059,53.50216],[-1.38323,53.4996],[-1.39287,53.49004],[-1.3992,53.48415],[-1.40105,53.4807],[-1.40722,53.47792],[-1.41374,53.47564],[-1.43699,53.47235],[-1.44169,53.47112],[-1.45042,53.47094],[-1.45774,53.47053],[-1.46454,53.46705],[-1.45818,53.47425],[-1.46965,53.48986],[-1.47409,53.48831],[-1.48519,53.48531],[-1.48831,53.48639],[-1.50074,53.49417],[-1.49989,53.49783],[-1.49716,53.50148],[-1.49127,53.50308],[-1.48894,53.5037],[-1.48689,53.50488],[-1.48553,53.50598],[-1.48409,53.50694],[-1.48046,53.50741],[-1.48096,53.51047],[-1.48334,53.51344],[-1.48285,53.51646],[-1.47779,53.52151],[-1.47534,53.52424],[-1.47045,53.52643]]]}},{"type":"Feature","properties":{"source_code":"C88027","codes":["C88027"],"label":"UPWELL STREET SURGERY"},"geometry":{"type":"Polygon","coordinates":[[[-1.44788,53.41797],[-1.44294,53.41501],[-1.42887,53.42474],[-1.41814,53.42352],[-1.41569,53.41875],[-1.41601,53.41644],[-1.4184,53.41439],[-1.42303,53.41112],[-1.42921,53.40898],[-1.43378,53.40591],[-1.43882,53.40566],[-1.44539,53.40513],[-1.44741,53.4047],[-1.44895,53.40485],[-1.44964,53.40572],[-1.45384,53.40488],[-1.45646,53.4047],[-1.45891,53.40756],[-1.45243,53.40728],[-1.45303,53.41268],[-1.44788,53.41797]]]}},{"type":"Feature","properties":{"source_code":"C87604","codes":["C87604"],"label":"THORPE HESLEY SURGERY"},"geometry":{"type":"Polygon","coordinates":[[[-1.37123,53.51623],[-1.25313,53.49295],[-1.37741,53.43163],[-1.44882,53.45617],[-1.44402,53.45535],[-1.45637,53.48416],[-1.37123,53.51623]]]}},{"type":"Feature","properties":{"source_code":"C88090","codes":["C88090"],"label":"MANOR AND PARK GROUP PRACTICE"},"geometry":{"type":"MultiPolygon","coordinates":[[[[-1.3948,53.37682],[-1.39591,53.37767],[-1.39286,53.37698],[-1.3948,53.37682]]],[[[-1.45071,53.37347],[-1.45507,53.37551],[-1.45942,53.3779],[-1.45571,53.37923],[-1.44776,53.38074],[-1.44645,53.3826],[-1.44532,53.3847],[-1.43771,53.38468],[-1.43475,53.38338],[-1.43212,53.38104],[-1.42754,53.3823],[-1.42273,53.38415],[-1.41586,53.38394],[-1.40831,53.3862],[-1.40556,53.38579],[-1.40042,53.38251],[-1.4041,53.37766],[-1.39561,53.37882],[-1.39891,53.37647],[-1.3948,53.37682],[-1.39151,53.3743],[-1.3881,53.37165],[-1.39098,53.37035],[-1.39289,53.37018],[-1.39549,53.36886],[-1.3979,53.36675],[-1.40112,53.36551],[-1.40716,53.36128],[-1.41091,53.35999],[-1.41261,53.35973],[-1.4143,53.35998],[-1.42123,53.35898],[-1.42717,53.36029],[-1.43268,53.3611],[-1.43484,53.36262],[-1.43626,53.36338],[-1.43781,53.36406],[-1.43963,53.36609],[-1.44154,53.36647],[-1.44465,53.36895],[-1.44554,53.36956],[-1.44684,53.36935],[-1.45071,53.37347]]]]}},{"type":"Feature","properties":{"source_code":"C88022","codes":["C88022"],"label":"STONECROFT MEDICAL CENTRE"},"geometry":{"type":"Polygon","coordinates":[[[-1.36179,53.32646],[-1.40837,53.32916],[-1.42429,53.33647],[-1.4547,53.33487],[-1.44851,53.33746],[-1.44335,53.33779],[-1.44184,53.33897],[-1.43243,53.34338],[-1.43176,53.3465],[-1.43487,53.34949],[-1.44043,53.35215],[-1.42891,53.36003],[-1.41509,53.36016],[-1.36604,53.34825],[-1.37241,53.33687],[-1.36912,53.33133],[-1.36179,53.32646]]]}},{"type":"Feature","properties":{"source_code":"C88032","codes":["C88032"],"label":"CHARNOCK HEALTH PRIMARY CARE CENTRE"},"geometry":{"type":"Polygon","coordinates":[[[-1.33806,53.35354],[-1.33698,53.35363],[-1.33467,53.3383],[-1.33454,53.32224],[-1.33814,53.31685],[-1.34357,53.31795],[-1.34731,53.3189],[-1.34863,53.31408],[-1.35073,53.30958],[-1.35364,53.31128],[-1.3531,53.31201],[-1.3529,53.31287],[-1.35389,53.31307],[-1.35457,53.31363],[-1.35685,53.31374],[-1.35705,53.31426],[-1.35713,53.31453],[-1.35704,53.31479],[-1.35703,53.31513],[-1.35754,53.31581],[-1.35824,53.31609],[-1.35903,53.31655],[-1.36188,53.31842],[-1.36693,53.31862],[-1.36919,53.32007],[-1.3701,53.32273],[-1.37833,53.32276],[-1.38029,53.32546],[-1.38264,53.32912],[-1.3839,53.33162],[-1.38825,53.33247],[-1.39322,53.3342],[-1.39905,53.33521],[-1.41166,53.34099],[-1.41685,53.34239],[-1.41859,53.34268],[-1.41448,53.33847],[-1.41466,53.33733],[-1.41947,53.33506],[-1.42668,53.33935],[-1.45192,53.32507],[-1.45108,53.31753],[-1.47925,53.31188],[-1.47755,53.31494],[-1.4731,53.32601],[-1.48307,53.33871],[-1.47776,53.34158],[-1.47828,53.34731],[-1.48121,53.35058],[-1.48148,53.35242],[-1.48191,53.35386],[-1.47711,53.35654],[-1.47335,53.36076],[-1.47224,53.364],[-1.47007,53.36532],[-1.46963,53.3656],[-1.46805,53.36444],[-1.46947,53.36292],[-1.46623,53.36121],[-1.4657,53.36087],[-1.46531,53.36047],[-1.46346,53.35942],[-1.46012,53.35801],[-1.45801,53.35753],[-1.45647,53.35719],[-1.45485,53.35699],[-1.45319,53.35693],[-1.45173,53.35708],[-1.45143,53.35704],[-1.45111,53.35744],[-1.45109,53.35828],[-1.45137,53.35908],[-1.44584,53.35804],[-1.4398,53.35817],[-1.43697,53.35845],[-1.43405,53.35853],[-1.43204,53.35835],[-1.42942,53.35886],[-1.42872,53.35905],[-1.4263,53.36001],[-1.42458,53.35973],[-1.42303,53.35932],[-1.42207,53.35907],[-1.41772,53.35953],[-1.41443,53.35986],[-1.40221,53.3573],[-1.39537,53.35556],[-1.38909,53.35584],[-1.3861,53.35331],[-1.38233,53.35092],[-1.35854,53.34978],[-1.34768,53.35393],[-1.34387,53.3543],[-1.33988,53.35379],[-1.33806,53.35354]]]}},{"type":"Feature","properties":{"source_code":"C88020","codes":["C88020"],"label":"WHITE HOUSE SURGERY"},"geometry":{"type":"Polygon","coordinates":[[[-1.42865,53.36118],[-1.42887,53.36114],[-1.42897,53.36114],[-1.42908,53.36113],[-1.43432,53.36433],[-1.43545,53.36508],[-1.42848,53.37067],[-1.42825,53.37105],[-1.42799,53.37143],[-1.42769,53.37195],[-1.42732,53.37243],[-1.42701,53.37268],[-1.42721,53.37286],[-1.42747,53.3732],[-1.42751,53.3739],[-1.42751,53.37482],[-1.42787,53.37513],[-1.42814,53.37536],[-1.42852,53.37544],[-1.42857,53.3756],[-1.42781,53.37822],[-1.42745,53.37873],[-1.42492,53.38072],[-1.42264,53.38187],[-1.42213,53.38166],[-1.42144,53.38169],[-1.42065,53.38192],[-1.41906,53.38263],[-1.41846,53.38298],[-1.41763,53.38368],[-1.41682,53.38436],[-1.41659,53.38434],[-1.41647,53.38459],[-1.41558,53.38525],[-1.41291,53.38452],[-1.41039,53.38401],[-1.41041,53.38398],[-1.41072,53.38323],[-1.411,53.3824],[-1.41103,53.38148],[-1.41113,53.38064],[-1.41118,53.38038],[-1.41161,53.37935],[-1.41217,53.37835],[-1.41126,53.37815],[-1.41096,53.3786],[-1.41074,53.37861],[-1.41022,53.37802],[-1.41028,53.37789],[-1.40846,53.3767],[-1.40214,53.37385],[-1.40011,53.37194],[-1.39772,53.36971],[-1.39767,53.36935],[-1.39696,53.369],[-1.39683,53.36901],[-1.39682,53.36878],[-1.39635,53.36833],[-1.39716,53.36753],[-1.39778,53.36684],[-1.39825,53.36657],[-1.39999,53.366],[-1.40091,53.36565],[-1.40165,53.36506],[-1.40263,53.36437],[-1.4032,53.36394],[-1.40409,53.36343],[-1.40429,53.36319],[-1.40579,53.36224],[-1.40652,53.3617],[-1.40714,53.36133],[-1.40808,53.36093],[-1.40946,53.36046],[-1.41002,53.36025],[-1.41114,53.35998],[-1.41192,53.35984],[-1.41304,53.35981],[-1.41468,53.35996],[-1.41559,53.35992],[-1.41758,53.35963],[-1.4213,53.35901],[-1.42138,53.35899],[-1.42605,53.36001],[-1.42729,53.36031],[-1.42822,53.36067],[-1.42843,53.36105],[-1.42864,53.36119],[-1.42865,53.36118]]]}},{"type":"Feature","properties":{"source_code":"C88050","codes":["C88050"],"label":"JAUNTY SPRINGS HEALTH CENTRE"},"geometry":{"type":"Polygon","coordinates":[[[-1.4253,53.35973],[-1.41895,53.35829],[-1.41802,53.35788],[-1.41578,53.35731],[-1.40762,53.35363],[-1.40676,53.35304],[-1.40668,53.35301],[-1.40676,53.35304],[-1.40136,53.34937],[-1.39441,53.34445],[-1.39037,53.34133],[-1.3904,53.34133],[-1.3899,53.34107],[-1.412,53.34107],[-1.41216,53.34112],[-1.41226,53.34112],[-1.41532,53.34213],[-1.42651,53.34568],[-1.42462,53.35173],[-1.42742,53.35766],[-1.42745,53.35772],[-1.42822,53.35921],[-1.42608,53.35993],[-1.4253,53.35973]],[[-1.42514,53.35969],[-1.41835,53.35796],[-1.41912,53.35829],[-1.42514,53.35969]]]}},{"type":"Feature","properties":{"source_code":"C85014","codes":["C85014"],"label":"THE ROSE TREE PMS PRACTICE"},"geometry":{"type":"Polygon","coordinates":[[[-1.39217,53.60106],[-1.39114,53.60086],[-1.39011,53.60086],[-1.37466,53.59801],[-1.36436,53.59312],[-1.36417,53.59194],[-1.36299,53.58578],[-1.3678,53.56906],[-1.37378,53.56706],[-1.37535,53.56641],[-1.39561,53.55969],[-1.39568,53.55968],[-1.41483,53.5501],[-1.42548,53.54316],[-1.45672,53.53847],[-1.47217,53.53684],[-1.48075,53.53561],[-1.48381,53.53612],[-1.48727,53.53623],[-1.49483,53.53786],[-1.49484,53.53795],[-1.49551,53.53806],[-1.4962,53.54459],[-1.49448,53.55255],[-1.49174,53.55724],[-1.4962,53.56172],[-1.4962,53.56438],[-1.49551,53.57457],[-1.49037,53.58104],[-1.48418,53.58904],[-1.484,53.58904],[-1.48384,53.58924],[-1.46976,53.59373],[-1.46084,53.59454],[-1.44882,53.59556],[-1.44196,53.59699],[-1.43269,53.59801],[-1.41312,53.60106],[-1.39217,53.60106]]]}},{"type":"Feature","properties":{"source_code":"C88047","codes":["C88047"],"label":"WINCOBANK MEDICAL CENTRE"},"geometry":{"type":"Polygon","coordinates":[[[-1.38016,53.43439],[-1.3884,53.42682],[-1.41552,53.41843],[-1.41415,53.41639],[-1.43226,53.40552],[-1.43972,53.40736],[-1.44423,53.41148],[-1.44286,53.41437],[-1.44552,53.41565],[-1.4562,53.41928],[-1.45498,53.42182],[-1.44311,53.42273],[-1.44067,53.43114],[-1.43968,53.43334],[-1.44054,53.43562],[-1.43891,53.43715],[-1.43496,53.43825],[-1.41449,53.43101],[-1.40642,53.44283],[-1.39895,53.4392],[-1.39114,53.43858],[-1.38016,53.43439]]]}},{"type":"Feature","properties":{"source_code":"C88084","codes":["C88084"],"label":"CLOVER NORTH DARNALL HEALTH CENTRE"},"geometry":{"type":"Polygon","coordinates":[[[-1.41432,53.39884],[-1.40607,53.39026],[-1.39232,53.38925],[-1.37857,53.37455],[-1.37295,53.37132],[-1.3793,53.36715],[-1.38196,53.3653],[-1.38329,53.36343],[-1.38771,53.35947],[-1.38883,53.35578],[-1.39286,53.35557],[-1.39689,53.35588],[-1.40179,53.35696],[-1.40968,53.35849],[-1.415,53.35967],[-1.42213,53.35895],[-1.4199,53.36515],[-1.41895,53.36781],[-1.41861,53.37196],[-1.41483,53.37549],[-1.42024,53.37734],[-1.42651,53.37969],[-1.42256,53.3822],[-1.4223,53.38517],[-1.41792,53.38763],[-1.42282,53.39034],[-1.42573,53.39111],[-1.42024,53.39193],[-1.4235,53.39357],[-1.41432,53.39884]]]}},{"type":"Feature","properties":{"source_code":"C88069","codes":["C88069"],"label":"CLOVER GROUP PRACTICE"},"geometry":{"type":"Polygon","coordinates":[[[-1.66031,53.41526],[-1.64314,53.49254],[-1.47011,53.4905],[-1.36368,53.41281],[-1.31905,53.33333],[-1.409,53.25536],[-1.43509,53.32349],[-1.58066,53.32513],[-1.66031,53.41526]]]}},{"type":"Feature","properties":{"source_code":"C88085","codes":["C88085"],"label":"RICHMOND MEDICAL CENTRE"},"geometry":{"type":"MultiPolygon","coordinates":[[[[-1.35989,53.36935],[-1.361,53.36956],[-1.36156,53.3706],[-1.36159,53.37073],[-1.35824,53.37288],[-1.35989,53.36935]]],[[[-1.37608,53.3788],[-1.37162,53.37867],[-1.36762,53.37592],[-1.36671,53.37333],[-1.36225,53.37309],[-1.36159,53.37073],[-1.36287,53.36991],[-1.361,53.36956],[-1.36036,53.36834],[-1.35989,53.36935],[-1.35767,53.36892],[-1.36003,53.36512],[-1.35595,53.36267],[-1.35568,53.36043],[-1.35743,53.35507],[-1.36783,53.34914],[-1.37425,53.34756],[-1.38278,53.34664],[-1.39055,53.34467],[-1.39505,53.34447],[-1.40238,53.34544],[-1.40578,53.34582],[-1.4085,53.34695],[-1.41352,53.34744],[-1.41435,53.34885],[-1.41547,53.34889],[-1.4185,53.34842],[-1.42156,53.34773],[-1.42339,53.34617],[-1.42495,53.34517],[-1.42686,53.34524],[-1.42527,53.34726],[-1.42462,53.34929],[-1.42444,53.35134],[-1.42723,53.35635],[-1.42867,53.3587],[-1.42937,53.36148],[-1.43147,53.36268],[-1.43463,53.36466],[-1.43341,53.36522],[-1.43215,53.36551],[-1.43214,53.36597],[-1.43138,53.36729],[-1.43033,53.36795],[-1.42843,53.36828],[-1.42676,53.3681],[-1.4251,53.36764],[-1.42401,53.3671],[-1.42316,53.36876],[-1.42423,53.36917],[-1.42456,53.36983],[-1.42404,53.37085],[-1.42214,53.37287],[-1.42164,53.37393],[-1.41918,53.3761],[-1.41865,53.37817],[-1.41727,53.37957],[-1.41194,53.37838],[-1.40746,53.38076],[-1.40187,53.38289],[-1.39536,53.38328],[-1.39064,53.38334],[-1.38593,53.38294],[-1.38296,53.38207],[-1.37999,53.38102],[-1.3787,53.38036],[-1.3775,53.37959],[-1.37668,53.37903],[-1.37608,53.3788]]]]}},{"type":"Feature","properties":{"source_code":"C88025","codes":["C88025"],"label":"BIRLEY HEALTH CENTRE"},"geometry":{"type":"Polygon","coordinates":[[[-1.42822,53.35977],[-1.41209,53.35957],[-1.38977,53.35588],[-1.3805,53.34994],[-1.35921,53.34973],[-1.3448,53.3403],[-1.34377,53.32677],[-1.3496,53.31467],[-1.37157,53.32431],[-1.39286,53.33333],[-1.41071,53.3403],[-1.41895,53.33497],[-1.44436,53.33743],[-1.43612,53.34174],[-1.42513,53.34563],[-1.42479,53.35158],[-1.42822,53.35977]]]}},{"type":"Feature","properties":{"source_code":"C85013","codes":["C85013"],"label":"WOMBWELL GMS PRACTICE"},"geometry":{"type":"Polygon","coordinates":[[[-1.43159,53.54638],[-1.3799,53.54684],[-1.35286,53.53755],[-1.33304,53.51607],[-1.30978,53.49907],[-1.3275,53.49525],[-1.35072,53.48529],[-1.42462,53.48784],[-1.46873,53.49336],[-1.47079,53.51827],[-1.44742,53.53008],[-1.43159,53.54638]]]}},{"type":"Feature","properties":{"source_code":"C85030","codes":["C85030"],"label":"WOMBWELL MEDICAL CENTRE PRACTICE"},"geometry":{"type":"MultiPolygon","coordinates":[[[[-1.36945,53.52293],[-1.36634,53.51883],[-1.36917,53.52158],[-1.36945,53.52293]]],[[[-1.36945,53.52293],[-1.36977,53.52335],[-1.36951,53.52322],[-1.36945,53.52293]]],[[[-1.3709,53.52484],[-1.37205,53.52636],[-1.37127,53.52551],[-1.3709,53.52484]]],[[[-1.37999,53.52861],[-1.37698,53.52758],[-1.37831,53.52778],[-1.37999,53.52861]]],[[[-1.38056,53.52881],[-1.38136,53.52908],[-1.38119,53.52912],[-1.38056,53.52881]]],[[[-1.37999,53.52861],[-1.38,53.52862],[-1.38108,53.52915],[-1.38108,53.52915],[-1.37999,53.52861]]],[[[-1.38108,53.52915],[-1.3811,53.52916],[-1.38108,53.52915],[-1.38119,53.52912],[-1.38136,53.52921],[-1.38041,53.52931],[-1.38108,53.52915]]],[[[-1.38761,53.53518],[-1.37269,53.5322],[-1.38702,53.53505],[-1.38761,53.53518]]],[[[-1.38761,53.53518],[-1.39465,53.53658],[-1.39183,53.53607],[-1.38761,53.53518]]],[[[-1.39465,53.53658],[-1.3981,53.5372],[-1.40333,53.53811],[-1.40977,53.53959],[-1.39465,53.53658]]],[[[-1.38056,53.52881],[-1.38,53.52862],[-1.37572,53.52649],[-1.3746,53.52626],[-1.37265,53.52523],[-1.37246,53.52487],[-1.37007,53.52368],[-1.37072,53.52452],[-1.3709,53.52484],[-1.36977,53.52335],[-1.37234,53.52465],[-1.36728,53.51517],[-1.36324,53.51321],[-1.36057,53.51136],[-1.35797,53.50735],[-1.35732,53.50435],[-1.35984,53.50366],[-1.36455,53.50337],[-1.36806,53.50221],[-1.37535,53.50041],[-1.38299,53.49952],[-1.39844,53.50632],[-1.40859,53.50469],[-1.41428,53.49959],[-1.41637,53.49856],[-1.41752,53.49697],[-1.42137,53.49553],[-1.42797,53.49934],[-1.42889,53.49923],[-1.42937,53.49932],[-1.42972,53.4995],[-1.43061,53.49974],[-1.43163,53.49983],[-1.43331,53.50011],[-1.4346,53.50024],[-1.43556,53.50118],[-1.43813,53.50629],[-1.43929,53.50868],[-1.44079,53.51159],[-1.44002,53.51598],[-1.43659,53.52005],[-1.43176,53.52625],[-1.43248,53.53415],[-1.43509,53.53919],[-1.43673,53.54149],[-1.4382,53.54368],[-1.43821,53.54558],[-1.43507,53.54652],[-1.43101,53.54615],[-1.42533,53.54324],[-1.42153,53.53915],[-1.40479,53.53385],[-1.40145,53.53113],[-1.39738,53.52949],[-1.38889,53.52893],[-1.3879,53.52697],[-1.38513,53.52778],[-1.38236,53.52787],[-1.37716,53.52678],[-1.37614,53.52657],[-1.38056,53.52881]]]]}},{"type":"Feature","properties":{"source_code":"C88655","codes":["C88655"],"label":"THE MEDICAL CENTRE DR OKORIE"},"geometry":{"type":"Polygon","coordinates":[[[-1.27124,53.42217],[-1.3537,53.38134],[-1.44807,53.38824],[-1.47061,53.41253],[-1.4029,53.43681],[-1.27124,53.42217]]]}},{"type":"Feature","properties":{"source_code":"Y05248","codes":["Y05248"],"label":"BRIERLEY MEDICAL CENTRE"},"geometry":{"type":"Polygon","coordinates":[[[-1.38443,53.62252],[-1.31991,53.58443],[-1.40433,53.57097],[-1.40536,53.57097],[-1.4613,53.6101],[-1.38443,53.62252]]]}},{"type":"Feature","properties":{"source_code":"C88036","codes":["C88036"],"label":"HANDSWORTH MEDICAL PRACTICE"},"geometry":{"type":"Polygon","coordinates":[[[-1.35254,53.36634],[-1.35292,53.36504],[-1.35615,53.36266],[-1.35947,53.362],[-1.36041,53.36162],[-1.36183,53.36049],[-1.36222,53.36013],[-1.36456,53.35903],[-1.36577,53.35818],[-1.36647,53.3585],[-1.36694,53.35861],[-1.369,53.35813],[-1.37084,53.35824],[-1.37226,53.35799],[-1.37412,53.35818],[-1.37406,53.35833],[-1.37406,53.35846],[-1.3741,53.35861],[-1.37452,53.35882],[-1.37505,53.35893],[-1.37798,53.359],[-1.37928,53.35905],[-1.38063,53.35919],[-1.38454,53.35942],[-1.3867,53.35942],[-1.38793,53.35935],[-1.38793,53.35996],[-1.38809,53.36065],[-1.38821,53.36112],[-1.38842,53.36162],[-1.38872,53.36258],[-1.38907,53.36361],[-1.38943,53.36426],[-1.38997,53.36513],[-1.39139,53.36605],[-1.39246,53.36651],[-1.39296,53.36673],[-1.3937,53.36692],[-1.39465,53.3672],[-1.39582,53.36748],[-1.39687,53.36768],[-1.39708,53.36782],[-1.39748,53.36792],[-1.39854,53.36808],[-1.39874,53.36814],[-1.39924,53.36824],[-1.40053,53.36864],[-1.40148,53.36898],[-1.40343,53.37052],[-1.40372,53.37355],[-1.4038,53.37491],[-1.40649,53.37441],[-1.40779,53.37602],[-1.40856,53.37727],[-1.41002,53.37838],[-1.41019,53.3789],[-1.41003,53.37916],[-1.41021,53.37942],[-1.41052,53.38],[-1.41058,53.38031],[-1.41052,53.3805],[-1.41035,53.3807],[-1.4075,53.38093],[-1.40709,53.38106],[-1.40669,53.38122],[-1.40597,53.38149],[-1.4048,53.38192],[-1.40427,53.38213],[-1.40377,53.38231],[-1.40332,53.38252],[-1.4029,53.38271],[-1.40234,53.38291],[-1.4021,53.38297],[-1.40215,53.38308],[-1.40245,53.38323],[-1.40238,53.38329],[-1.40174,53.38361],[-1.39752,53.38342],[-1.39167,53.38314],[-1.39016,53.38321],[-1.38782,53.38306],[-1.38446,53.38268],[-1.38025,53.38129],[-1.3769,53.38385],[-1.37463,53.38476],[-1.37346,53.38538],[-1.37153,53.38553],[-1.36964,53.38589],[-1.3672,53.38622],[-1.36265,53.3863],[-1.3605,53.38251],[-1.36307,53.37708],[-1.35698,53.37258],[-1.35226,53.37283],[-1.35063,53.37165],[-1.35138,53.37076],[-1.35198,53.36998],[-1.35205,53.36932],[-1.35272,53.36879],[-1.35279,53.36784],[-1.35235,53.36694],[-1.35227,53.36655],[-1.35254,53.36634]]]}},{"type":"Feature","properties":{"source_code":"C87009","codes":["C87009"],"label":"BRINSWORTH MEDICAL CENTRE"},"geometry":{"type":"Polygon","coordinates":[[[-1.36522,53.38783],[-1.36754,53.38855],[-1.36986,53.38932],[-1.37174,53.3906],[-1.37389,53.39244],[-1.37561,53.39418],[-1.37681,53.39582],[-1.37758,53.39751],[-1.37904,53.39904],[-1.37913,53.40058],[-1.38153,53.40211],[-1.38376,53.40319],[-1.38677,53.40436],[-1.38934,53.40554],[-1.39217,53.40708],[-1.39518,53.40887],[-1.39698,53.4105],[-1.39895,53.41194],[-1.40101,53.41352],[-1.40093,53.41506],[-1.39861,53.41639],[-1.39569,53.41762],[-1.39192,53.41808],[-1.38728,53.41828],[-1.38307,53.41813],[-1.37921,53.41818],[-1.37561,53.41889],[-1.37355,53.42027],[-1.37089,53.42109],[-1.36883,53.41705],[-1.36668,53.41357],[-1.36419,53.40963],[-1.36187,53.4103],[-1.36024,53.40912],[-1.35827,53.40795],[-1.35552,53.40667],[-1.35252,53.40585],[-1.34951,53.40564],[-1.34557,53.40518],[-1.34454,53.40636],[-1.34557,53.40795],[-1.34642,53.40979],[-1.34728,53.41163],[-1.34806,53.41322],[-1.34909,53.41506],[-1.35063,53.41664],[-1.35303,53.41843],[-1.35501,53.42048],[-1.35612,53.42283],[-1.35458,53.42452],[-1.35175,53.42585],[-1.34943,53.42718],[-1.34677,53.42667],[-1.34445,53.42539],[-1.34213,53.42411],[-1.33964,53.42319],[-1.33724,53.42207],[-1.33612,53.42074],[-1.33458,53.41915],[-1.33252,53.41761],[-1.32986,53.41669],[-1.3266,53.41598],[-1.32359,53.41516],[-1.32128,53.41352],[-1.31956,53.41194],[-1.31707,53.4105],[-1.31424,53.40984],[-1.31141,53.40922],[-1.30952,53.40754],[-1.31003,53.40626],[-1.31364,53.4058],[-1.31647,53.40508],[-1.31922,53.40416],[-1.32213,53.40349],[-1.32488,53.40293],[-1.32909,53.40206],[-1.33286,53.40303],[-1.33492,53.40493],[-1.33861,53.40518],[-1.34136,53.40442],[-1.34333,53.40396],[-1.34651,53.40396],[-1.34934,53.40442],[-1.35235,53.40462],[-1.35475,53.40539],[-1.3575,53.40631],[-1.36042,53.40754],[-1.36316,53.408],[-1.36187,53.406],[-1.3599,53.40411],[-1.35818,53.40237],[-1.35655,53.40053],[-1.35527,53.39853],[-1.3575,53.39689],[-1.36016,53.39684],[-1.36033,53.3951],[-1.36093,53.39321],[-1.36162,53.39121],[-1.36342,53.38993],[-1.36522,53.38783]]]}},{"type":"Feature","properties":{"source_code":"C85018","codes":["C85018"],"label":"GRIMETHORPE SURGERY"},"geometry":{"type":"Polygon","coordinates":[[[-1.44015,53.56424],[-1.43842,53.56537],[-1.43853,53.56542],[-1.43818,53.56559],[-1.43851,53.56581],[-1.43786,53.56612],[-1.43725,53.56617],[-1.43618,53.56689],[-1.43537,53.56674],[-1.43457,53.56732],[-1.43389,53.56723],[-1.43358,53.56721],[-1.43355,53.56735],[-1.43348,53.56769],[-1.43342,53.56804],[-1.43322,53.5685],[-1.4329,53.56927],[-1.43244,53.56998],[-1.43263,53.57006],[-1.43272,53.57],[-1.43409,53.56973],[-1.435,53.57167],[-1.43521,53.5728],[-1.43372,53.57364],[-1.4313,53.57365],[-1.4307,53.57363],[-1.43,53.57365],[-1.42978,53.57273],[-1.42849,53.57318],[-1.42505,53.57475],[-1.42377,53.57579],[-1.42391,53.59015],[-1.42138,53.59042],[-1.42139,53.59032],[-1.41898,53.59046],[-1.41914,53.59105],[-1.41863,53.59094],[-1.41211,53.59054],[-1.41189,53.59162],[-1.41176,53.59212],[-1.41162,53.59216],[-1.41181,53.59238],[-1.41196,53.59234],[-1.41217,53.59277],[-1.41262,53.59316],[-1.41249,53.59417],[-1.41283,53.59443],[-1.41308,53.59465],[-1.41336,53.59527],[-1.41388,53.59536],[-1.41384,53.59575],[-1.41419,53.5958],[-1.41387,53.59595],[-1.41454,53.59596],[-1.41646,53.5965],[-1.41695,53.59685],[-1.41615,53.59767],[-1.41558,53.59762],[-1.41507,53.59804],[-1.41484,53.5982],[-1.41512,53.59838],[-1.4152,53.59889],[-1.41497,53.59894],[-1.41499,53.59907],[-1.41452,53.59915],[-1.41452,53.59929],[-1.41422,53.59935],[-1.41417,53.5995],[-1.41173,53.59923],[-1.40979,53.59895],[-1.40962,53.59886],[-1.40863,53.59894],[-1.40853,53.59874],[-1.40754,53.59883],[-1.40727,53.59772],[-1.40681,53.59757],[-1.40541,53.59689],[-1.40447,53.59687],[-1.40386,53.59647],[-1.4037,53.59582],[-1.40335,53.59591],[-1.40215,53.59365],[-1.40213,53.59335],[-1.39182,53.59492],[-1.39225,53.59551],[-1.3904,53.59558],[-1.3911,53.59598],[-1.38556,53.5989],[-1.38176,53.59612],[-1.37962,53.59656],[-1.3782,53.59726],[-1.37786,53.59712],[-1.37619,53.59784],[-1.37492,53.59708],[-1.37466,53.59691],[-1.37352,53.59705],[-1.37139,53.59589],[-1.36965,53.59466],[-1.36949,53.59463],[-1.3708,53.59374],[-1.37195,53.59377],[-1.37289,53.59388],[-1.37287,53.59376],[-1.37258,53.5936],[-1.37287,53.5934],[-1.37362,53.59376],[-1.37398,53.59368],[-1.37541,53.59364],[-1.37542,53.59407],[-1.3766,53.59319],[-1.37853,53.59237],[-1.37868,53.58792],[-1.37822,53.5877],[-1.37768,53.58769],[-1.37736,53.58743],[-1.37707,53.58735],[-1.37671,53.58711],[-1.37701,53.58721],[-1.37695,53.58696],[-1.377,53.58652],[-1.3772,53.58667],[-1.37733,53.58663],[-1.37743,53.58649],[-1.37731,53.58634],[-1.37772,53.58612],[-1.37844,53.58637],[-1.3785,53.58599],[-1.37791,53.58599],[-1.37863,53.58539],[-1.37827,53.58544],[-1.37799,53.58422],[-1.37722,53.58317],[-1.37473,53.58357],[-1.37445,53.58214],[-1.37325,53.58196],[-1.37262,53.58103],[-1.37419,53.5787],[-1.37385,53.57818],[-1.37388,53.57776],[-1.37442,53.57755],[-1.37422,53.57723],[-1.37604,53.57668],[-1.37421,53.5749],[-1.36991,53.57624],[-1.36952,53.57584],[-1.37007,53.57559],[-1.36944,53.57458],[-1.3691,53.57398],[-1.368,53.57209],[-1.368,53.57209],[-1.36737,53.5716],[-1.3675,53.5713],[-1.36785,53.57103],[-1.36824,53.57086],[-1.36784,53.57015],[-1.3679,53.56957],[-1.36864,53.56951],[-1.36952,53.56965],[-1.36992,53.5698],[-1.37303,53.56986],[-1.37348,53.57138],[-1.37625,53.57117],[-1.37673,53.57134],[-1.37655,53.57154],[-1.37778,53.57164],[-1.37938,53.57165],[-1.38326,53.57089],[-1.38354,53.56938],[-1.39475,53.55976],[-1.4027,53.56287],[-1.40442,53.56237],[-1.40566,53.56322],[-1.4051,53.56359],[-1.40569,53.56366],[-1.4063,53.56371],[-1.4068,53.56352],[-1.408,53.56383],[-1.40907,53.56423],[-1.41348,53.56545],[-1.41616,53.56227],[-1.41685,53.56277],[-1.41331,53.56595],[-1.41639,53.56634],[-1.41749,53.56896],[-1.4167,53.57035],[-1.4178,53.57058],[-1.42217,53.56926],[-1.42575,53.56896],[-1.42636,53.56881],[-1.42617,53.56854],[-1.42766,53.56817],[-1.42768,53.56821],[-1.42774,53.56826],[-1.42749,53.56834],[-1.42757,53.56851],[-1.42815,53.56837],[-1.42747,53.56748],[-1.42877,53.56681],[-1.42853,53.56671],[-1.42829,53.56661],[-1.42805,53.56665],[-1.42808,53.56605],[-1.43178,53.56631],[-1.43273,53.5641],[-1.43219,53.56332],[-1.4308,53.56309],[-1.431,53.56257],[-1.43127,53.56213],[-1.43047,53.56187],[-1.4293,53.56118],[-1.42512,53.56116],[-1.42513,53.5566],[-1.42936,53.55649],[-1.43354,53.5565],[-1.43355,53.55756],[-1.43414,53.55746],[-1.43417,53.55738],[-1.43553,53.55717],[-1.4358,53.55706],[-1.43582,53.55681],[-1.43616,53.55638],[-1.43684,53.55588],[-1.43663,53.55522],[-1.43697,53.55489],[-1.43798,53.55473],[-1.43838,53.55489],[-1.43893,53.55537],[-1.43899,53.5555],[-1.44051,53.55539],[-1.44086,53.55553],[-1.44084,53.5556],[-1.4413,53.55581],[-1.44127,53.55651],[-1.43973,53.55768],[-1.43854,53.55851],[-1.43761,53.55977],[-1.43726,53.56017],[-1.43769,53.5612],[-1.43819,53.56133],[-1.43949,53.56209],[-1.44011,53.56248],[-1.44047,53.56275],[-1.44053,53.56308],[-1.44043,53.56345],[-1.43992,53.56403],[-1.44015,53.56424]]]}},{"type":"Feature","properties":{"source_code":"Y05363","codes":["Y05363"],"label":"BHF HIGHGATE SURGERY"},"geometry":{"type":"Polygon","coordinates":[[[-1.40578,53.6099],[-1.38038,53.60378],[-1.40235,53.57525],[-1.45588,53.59054],[-1.40578,53.6099]]]}},{"type":"Feature","properties":{"source_code":"C88647","codes":["C88647"],"label":"THE THORPE PRACTICE"},"geometry":{"type":"Polygon","coordinates":[[[-1.38273,53.34671],[-1.37711,53.34744],[-1.37447,53.34748],[-1.37218,53.34755],[-1.36804,53.34763],[-1.36642,53.3476],[-1.36471,53.34786],[-1.36287,53.34818],[-1.3616,53.34825],[-1.36358,53.34613],[-1.36367,53.34392],[-1.35896,53.34171],[-1.35599,53.34157],[-1.35516,53.34143],[-1.35431,53.34062],[-1.35291,53.34084],[-1.34756,53.34152],[-1.34199,53.34265],[-1.3405,53.34076],[-1.34005,53.33887],[-1.33839,53.34075],[-1.33765,53.34183],[-1.33633,53.34375],[-1.33422,53.34486],[-1.33343,53.34647],[-1.33282,53.34249],[-1.33208,53.34102],[-1.33017,53.34111],[-1.33014,53.34089],[-1.33052,53.33929],[-1.33034,53.33844],[-1.32941,53.33832],[-1.32939,53.33723],[-1.3312,53.33619],[-1.33144,53.33586],[-1.33151,53.33576],[-1.33164,53.33565],[-1.3317,53.33551],[-1.33274,53.33527],[-1.33418,53.33532],[-1.33609,53.33564],[-1.33928,53.33523],[-1.34097,53.3352],[-1.3406,53.3365],[-1.34793,53.33695],[-1.3504,53.33783],[-1.35406,53.33784],[-1.35143,53.33518],[-1.35256,53.3334],[-1.35388,53.33192],[-1.34975,53.33019],[-1.34917,53.32795],[-1.35218,53.328],[-1.35301,53.3286],[-1.35497,53.331],[-1.36276,53.33048],[-1.36393,53.33125],[-1.36596,53.33096],[-1.37089,53.32954],[-1.37361,53.33046],[-1.37582,53.32942],[-1.37765,53.33121],[-1.37727,53.3318],[-1.37896,53.33285],[-1.38097,53.33281],[-1.38198,53.3328],[-1.38299,53.33232],[-1.38629,53.33208],[-1.38872,53.33307],[-1.38817,53.33351],[-1.38801,53.33351],[-1.38823,53.33367],[-1.38814,53.33413],[-1.38762,53.33441],[-1.38607,53.33467],[-1.38538,53.33432],[-1.38374,53.33372],[-1.38141,53.33489],[-1.38385,53.33642],[-1.38599,53.33802],[-1.38994,53.34112],[-1.39104,53.34297],[-1.39163,53.34348],[-1.39025,53.34481],[-1.39128,53.3454],[-1.39256,53.34609],[-1.39383,53.34769],[-1.39322,53.34775],[-1.39216,53.3474],[-1.3915,53.34727],[-1.39027,53.34717],[-1.3888,53.34632],[-1.38782,53.34667],[-1.38722,53.34681],[-1.38636,53.34694],[-1.38524,53.34704],[-1.38412,53.34693],[-1.38273,53.34671]]]}},{"type":"Feature","properties":{"source_code":"C87003","codes":["C87003"],"label":"WOODSTOCK BOWER GROUP PRACTICE"},"geometry":{"type":"Polygon","coordinates":[[[-1.42496,53.46649],[-1.42342,53.46659],[-1.40505,53.46148],[-1.38943,53.45647],[-1.38582,53.45668],[-1.37793,53.4578],[-1.37175,53.4576],[-1.36488,53.45606],[-1.3611,53.45259],[-1.36385,53.45014],[-1.36368,53.44533],[-1.36179,53.44635],[-1.36093,53.43715],[-1.36419,53.43367],[-1.35836,53.43582],[-1.3563,53.43674],[-1.35183,53.43797],[-1.35098,53.43909],[-1.34909,53.44012],[-1.34342,53.44083],[-1.33604,53.44288],[-1.33192,53.44288],[-1.32729,53.44298],[-1.32196,53.44329],[-1.32351,53.44124],[-1.3302,53.44022],[-1.33656,53.43848],[-1.34205,53.43664],[-1.34136,53.43347],[-1.33638,53.42979],[-1.33261,53.4257],[-1.33072,53.42068],[-1.32557,53.41976],[-1.32179,53.41956],[-1.32299,53.4212],[-1.32368,53.42324],[-1.32231,53.42672],[-1.32196,53.42774],[-1.31287,53.42764],[-1.30377,53.42549],[-1.30016,53.42191],[-1.29192,53.41056],[-1.29622,53.3995],[-1.30669,53.39848],[-1.3266,53.39971],[-1.33398,53.39991],[-1.35389,53.39776],[-1.36213,53.39705],[-1.37329,53.39909],[-1.3817,53.40145],[-1.3872,53.40564],[-1.38428,53.40841],[-1.38428,53.41066],[-1.38496,53.41362],[-1.3726,53.42866],[-1.37621,53.42692],[-1.38067,53.42723],[-1.38359,53.42887],[-1.38994,53.42723],[-1.39767,53.4259],[-1.40848,53.42191],[-1.41037,53.42314],[-1.415,53.42651],[-1.4193,53.4302],[-1.42599,53.4347],[-1.42204,53.43337],[-1.41312,53.43081],[-1.40694,53.4305],[-1.40059,53.43306],[-1.40007,53.43562],[-1.40574,53.44042],[-1.40608,53.44175],[-1.42153,53.44901],[-1.42462,53.44778],[-1.43303,53.45075],[-1.44384,53.45617],[-1.44676,53.45954],[-1.44333,53.46026],[-1.44144,53.45923],[-1.43921,53.46046],[-1.43921,53.46158],[-1.43921,53.4625],[-1.43869,53.46363],[-1.43595,53.46393],[-1.42977,53.46567],[-1.42496,53.46649]]]}},{"type":"Feature","properties":{"source_code":"C85016","codes":["C85016"],"label":"GARLAND HOUSE SURGERY"},"geometry":{"type":"Polygon","coordinates":[[[-1.39797,53.53697],[-1.39784,53.53766],[-1.39771,53.53839],[-1.39756,53.53901],[-1.39707,53.54015],[-1.39505,53.5424],[-1.3938,53.54357],[-1.39147,53.54519],[-1.38823,53.54704],[-1.38449,53.54856],[-1.38222,53.54926],[-1.38037,53.54939],[-1.37814,53.54959],[-1.37458,53.5499],[-1.37119,53.54992],[-1.36642,53.54979],[-1.35612,53.54888],[-1.35132,53.54831],[-1.3463,53.54778],[-1.34059,53.54658],[-1.33501,53.54416],[-1.33016,53.54204],[-1.32789,53.53962],[-1.32694,53.53766],[-1.32565,53.53523],[-1.32535,53.53225],[-1.32505,53.53018],[-1.32523,53.52766],[-1.32767,53.52536],[-1.32969,53.52398],[-1.33209,53.52215],[-1.33347,53.5197],[-1.33437,53.51865],[-1.33497,53.51822],[-1.33488,53.51748],[-1.33428,53.51679],[-1.33312,53.51602],[-1.33068,53.51485],[-1.3293,53.51434],[-1.32853,53.51362],[-1.32766,53.51311],[-1.32688,53.51286],[-1.32518,53.51207],[-1.32214,53.51242],[-1.32012,53.51269],[-1.31763,53.51255],[-1.31559,53.51253],[-1.3133,53.51222],[-1.31145,53.51131],[-1.31089,53.51025],[-1.31244,53.50852],[-1.31411,53.50732],[-1.31574,53.50622],[-1.31754,53.50367],[-1.31808,53.50144],[-1.31955,53.5017],[-1.32106,53.50214],[-1.32319,53.50186],[-1.3254,53.50209],[-1.32776,53.50234],[-1.33038,53.50224],[-1.33437,53.50232],[-1.33703,53.5025],[-1.33849,53.50249],[-1.33978,53.50232],[-1.34116,53.50332],[-1.34456,53.50348],[-1.34741,53.50331],[-1.35017,53.50375],[-1.3525,53.50402],[-1.35431,53.50444],[-1.3562,53.50542],[-1.35733,53.50676],[-1.3597,53.50806],[-1.36224,53.5087],[-1.36741,53.51039],[-1.37314,53.51249],[-1.37454,53.5129],[-1.37577,53.5134],[-1.37823,53.51485],[-1.38101,53.51652],[-1.38242,53.517],[-1.3843,53.51712],[-1.38503,53.518],[-1.38628,53.51868],[-1.38883,53.52014],[-1.39625,53.52687],[-1.39739,53.53036],[-1.3975,53.53317],[-1.39788,53.53577],[-1.39797,53.53697]]]}},{"type":"Feature","properties":{"source_code":"C87603","codes":["C87603"],"label":"GREASBROUGH MEDICAL CENTRE"},"geometry":{"type":"Polygon","coordinates":[[[-1.44779,53.46107],[-1.42822,53.48049],[-1.38599,53.49091],[-1.30497,53.48396],[-1.30978,53.42815],[-1.35235,53.42631],[-1.3702,53.4259],[-1.38393,53.42917],[-1.39458,53.42365],[-1.40831,53.42958],[-1.40007,53.43551],[-1.44779,53.46107]]]}},{"type":"Feature","properties":{"source_code":"C88072","codes":["C88072"],"label":"WOODHOUSE MEDICAL CENTRE"},"geometry":{"type":"Polygon","coordinates":[[[-1.4053,53.35265],[-1.40547,53.35255],[-1.40503,53.35254],[-1.4053,53.35265],[-1.40513,53.35275],[-1.39163,53.35244],[-1.38608,53.3524],[-1.40586,53.35281],[-1.41578,53.35777],[-1.40428,53.36208],[-1.38857,53.37186],[-1.3781,53.37258],[-1.3714,53.37043],[-1.36445,53.36843],[-1.36206,53.36758],[-1.36044,53.36867],[-1.35647,53.36911],[-1.35634,53.36687],[-1.34703,53.36028],[-1.33467,53.3484],[-1.33314,53.3459],[-1.33278,53.34385],[-1.3375,53.3434],[-1.34531,53.34228],[-1.35175,53.34544],[-1.35681,53.34932],[-1.37587,53.34994],[-1.4032,53.35088],[-1.40565,53.35244],[-1.40608,53.35219],[-1.40565,53.35244],[-1.40582,53.35255],[-1.40548,53.35255],[-1.40531,53.35265],[-1.4053,53.35265]]]}},{"type":"Feature","properties":{"source_code":"C87020","codes":["C87020"],"label":"GREENSIDE SURGERY"},"geometry":{"type":"Polygon","coordinates":[[[-1.37672,53.44554],[-1.37981,53.44329],[-1.38016,53.43981],[-1.38149,53.4372],[-1.38069,53.43371],[-1.38185,53.43215],[-1.38536,53.4331],[-1.38732,53.43288],[-1.39095,53.43367],[-1.39182,53.43394],[-1.39466,53.43329],[-1.39696,53.43501],[-1.39772,53.43513],[-1.39857,53.43575],[-1.4002,53.43637],[-1.40146,53.43743],[-1.40313,53.43839],[-1.40413,53.43887],[-1.4048,53.43911],[-1.40493,53.43964],[-1.40572,53.44026],[-1.40775,53.44055],[-1.40762,53.44165],[-1.40651,53.44272],[-1.40981,53.44431],[-1.40934,53.44579],[-1.40882,53.44768],[-1.40771,53.44911],[-1.40372,53.451],[-1.40065,53.45039],[-1.39938,53.45085],[-1.39702,53.45049],[-1.39406,53.45092],[-1.39288,53.45179],[-1.39302,53.45358],[-1.3929,53.45512],[-1.38986,53.45658],[-1.38677,53.45633],[-1.38205,53.4572],[-1.379,53.45742],[-1.37728,53.45768],[-1.37651,53.45801],[-1.37486,53.45804],[-1.37201,53.45823],[-1.36965,53.45738],[-1.36883,53.45903],[-1.36986,53.46353],[-1.37587,53.46779],[-1.37608,53.46944],[-1.37934,53.47162],[-1.38904,53.47533],[-1.39571,53.47735],[-1.40329,53.47934],[-1.40779,53.47655],[-1.41054,53.47592],[-1.41428,53.47629],[-1.41848,53.47699],[-1.42651,53.47837],[-1.4244,53.4811],[-1.42367,53.48161],[-1.42273,53.48192],[-1.41621,53.48008],[-1.41106,53.4811],[-1.39904,53.48049],[-1.38187,53.47538],[-1.37231,53.46996],[-1.36971,53.46971],[-1.36887,53.46777],[-1.36471,53.46496],[-1.36505,53.45698],[-1.35973,53.45387],[-1.36059,53.45106],[-1.36608,53.44819],[-1.37672,53.44554]]]}},{"type":"Feature","properties":{"source_code":"C88078","codes":["C88078"],"label":"MOSBOROUGH HEALTH CENTRE"},"geometry":{"type":"Polygon","coordinates":[[[-1.38102,53.33482],[-1.37956,53.33362],[-1.37389,53.33292],[-1.3581,53.33395],[-1.35607,53.33431],[-1.35507,53.33426],[-1.35205,53.33405],[-1.34711,53.33477],[-1.33214,53.33497],[-1.33214,53.3343],[-1.33244,53.33391],[-1.33437,53.33262],[-1.339,53.33223],[-1.3384,53.33123],[-1.3387,53.32995],[-1.33904,53.32728],[-1.33623,53.32106],[-1.3378,53.31693],[-1.34256,53.31786],[-1.3472,53.31888],[-1.35715,53.31898],[-1.36179,53.31959],[-1.37312,53.32318],[-1.37192,53.32626],[-1.38402,53.33336],[-1.38102,53.33482]]]}},{"type":"Feature","properties":{"source_code":"C87014","codes":["C87014"],"label":"TREETON MEDICAL CENTRE"},"geometry":{"type":"Polygon","coordinates":[[[-1.37913,53.4081],[-1.37398,53.40922],[-1.3702,53.40851],[-1.36797,53.40789],[-1.36419,53.40892],[-1.35441,53.39766],[-1.33432,53.39848],[-1.31956,53.37718],[-1.35012,53.37186],[-1.36196,53.3694],[-1.38617,53.38742],[-1.36883,53.39254],[-1.37758,53.3992],[-1.37655,53.40329],[-1.37604,53.40421],[-1.37758,53.40554],[-1.37913,53.4081]]]}},{"type":"Feature","properties":{"source_code":"C88648","codes":["C88648"],"label":"CRYSTAL PEAKS MEDICAL CENTRE"},"geometry":{"type":"Polygon","coordinates":[[[-1.35325,53.34603],[-1.34909,53.34627],[-1.34422,53.34663],[-1.34215,53.34271],[-1.33697,53.34317],[-1.33481,53.34579],[-1.33072,53.34408],[-1.32677,53.33791],[-1.33093,53.3276],[-1.33793,53.31708],[-1.356,53.3187],[-1.36342,53.32646],[-1.35638,53.32703],[-1.35533,53.33142],[-1.36051,53.33542],[-1.36087,53.33539],[-1.36131,53.33559],[-1.36202,53.3362],[-1.36233,53.33753],[-1.37809,53.34214],[-1.3799,53.34335],[-1.3722,53.34457],[-1.36382,53.34406],[-1.358,53.34537],[-1.3559,53.34531],[-1.35325,53.34603]]]}},{"type":"Feature","properties":{"source_code":"C87005","codes":["C87005"],"label":"ST ANN'S MEDICAL CENTRE"},"geometry":{"type":"Polygon","coordinates":[[[-1.3678,53.47385],[-1.36557,53.47579],[-1.34171,53.4764],[-1.31836,53.46853],[-1.33827,53.44564],[-1.31699,53.44574],[-1.30033,53.453],[-1.27047,53.45351],[-1.25261,53.44114],[-1.24488,53.42938],[-1.24523,53.42856],[-1.249,53.4261],[-1.24969,53.42508],[-1.25244,53.42058],[-1.2545,53.41465],[-1.25999,53.40462],[-1.26445,53.39991],[-1.27269,53.39438],[-1.27991,53.3952],[-1.28574,53.38886],[-1.2933,53.38558],[-1.30051,53.38251],[-1.34342,53.38159],[-1.35166,53.3821],[-1.37003,53.38845],[-1.37192,53.39602],[-1.39629,53.40738],[-1.41603,53.42457],[-1.42033,53.42948],[-1.44264,53.44451],[-1.44779,53.45412],[-1.43921,53.46373],[-1.42445,53.46628],[-1.39938,53.45269],[-1.39183,53.45596],[-1.38256,53.45862],[-1.37363,53.45944],[-1.36265,53.45535],[-1.35372,53.45116],[-1.34703,53.45249],[-1.35115,53.45913],[-1.3484,53.46291],[-1.3678,53.47385]]]}},{"type":"Feature","properties":{"source_code":"C87017","codes":["C87017"],"label":"CLIFTON MEDICAL CENTRE"},"geometry":{"type":"Polygon","coordinates":[[[-1.30085,53.45698],[-1.29853,53.46393],[-1.29072,53.4672],[-1.2751,53.46414],[-1.26308,53.45351],[-1.25566,53.44873],[-1.24618,53.44804],[-1.24094,53.44952],[-1.2394,53.44554],[-1.23905,53.44083],[-1.2442,53.43613],[-1.25347,53.4214],[-1.25828,53.41137],[-1.26068,53.40442],[-1.26858,53.39909],[-1.27328,53.396],[-1.28278,53.39495],[-1.30935,53.39797],[-1.33398,53.39889],[-1.35209,53.39858],[-1.35971,53.39738],[-1.37213,53.39822],[-1.38109,53.40131],[-1.38696,53.40316],[-1.3833,53.4131],[-1.37461,53.41817],[-1.37758,53.42201],[-1.40831,53.42058],[-1.41775,53.42958],[-1.4289,53.43702],[-1.43953,53.44384],[-1.44433,53.45525],[-1.44646,53.46008],[-1.44058,53.46557],[-1.42488,53.46695],[-1.41161,53.46238],[-1.39509,53.46078],[-1.3784,53.46071],[-1.36205,53.45839],[-1.36003,53.45271],[-1.36155,53.44967],[-1.36067,53.44621],[-1.36037,53.44033],[-1.35406,53.43812],[-1.34411,53.44175],[-1.31527,53.44533],[-1.30085,53.45698]]]}},{"type":"Feature","properties":{"source_code":"C87010","codes":["C87010"],"label":"YORK ROAD SURGERY"},"geometry":{"type":"Polygon","coordinates":[[[-1.40488,53.43255],[-1.41861,53.45351],[-1.39621,53.45949],[-1.3793,53.46179],[-1.28609,53.46107],[-1.24969,53.42549],[-1.28626,53.40963],[-1.32591,53.40134],[-1.35338,53.39838],[-1.39389,53.40769],[-1.3932,53.4213],[-1.40488,53.43255]]]}},{"type":"Feature","properties":{"source_code":"C87006","codes":["C87006"],"label":"THE MAGNA GROUP PRACTICE"},"geometry":{"type":"MultiPolygon","coordinates":[[[[-1.32402,53.42053],[-1.32248,53.4191],[-1.3296,53.41997],[-1.33638,53.42196],[-1.34428,53.4259],[-1.32463,53.42585],[-1.32402,53.42053]]],[[[-1.28859,53.46133],[-1.28846,53.46112],[-1.28612,53.46168],[-1.27415,53.4671],[-1.274,53.46729],[-1.28859,53.46133],[-1.29303,53.46889],[-1.29003,53.46886],[-1.27315,53.46836],[-1.27261,53.46904],[-1.27124,53.46915],[-1.26944,53.46818],[-1.27021,53.46639],[-1.27107,53.46726],[-1.27081,53.46761],[-1.27132,53.46797],[-1.28188,53.4623],[-1.28191,53.46229],[-1.2946,53.45448],[-1.29364,53.45407],[-1.29098,53.45351],[-1.29098,53.45279],[-1.29304,53.45351],[-1.29407,53.4529],[-1.2951,53.45295],[-1.2957,53.45172],[-1.29812,53.45231],[-1.29814,53.4523],[-1.29527,53.45146],[-1.28969,53.45054],[-1.28454,53.44748],[-1.28677,53.44569],[-1.29132,53.44533],[-1.30059,53.44651],[-1.30102,53.44354],[-1.30274,53.44277],[-1.3048,53.44145],[-1.30866,53.44216],[-1.31115,53.43945],[-1.3084,53.43792],[-1.30978,53.4349],[-1.31012,53.43311],[-1.31014,53.43311],[-1.30969,53.43214],[-1.31304,53.43158],[-1.31166,53.43071],[-1.31518,53.42933],[-1.31673,53.43055],[-1.31913,53.43096],[-1.31905,53.42963],[-1.3163,53.42779],[-1.3202,53.42759],[-1.32445,53.42595],[-1.34419,53.4259],[-1.34518,53.42669],[-1.34514,53.42769],[-1.35398,53.43398],[-1.35355,53.43454],[-1.35037,53.435],[-1.34574,53.43649],[-1.33381,53.43976],[-1.32754,53.44027],[-1.32248,53.44185],[-1.32145,53.44185],[-1.32188,53.43326],[-1.32179,53.43326],[-1.32136,53.4418],[-1.31982,53.44196],[-1.31261,53.44369],[-1.30677,53.44717],[-1.3048,53.44927],[-1.30006,53.45279],[-1.30008,53.45279],[-1.29647,53.45652],[-1.29416,53.45913],[-1.29012,53.46072],[-1.28994,53.46076],[-1.28991,53.46079],[-1.28859,53.46133]]],[[[-1.29519,53.45642],[-1.29536,53.45593],[-1.2917,53.4592],[-1.29235,53.45893],[-1.29519,53.45642]]],[[[-1.27459,53.46654],[-1.27419,53.46704],[-1.27806,53.46466],[-1.27459,53.46654]]],[[[-1.29303,53.46889],[-1.30282,53.46899],[-1.30712,53.4694],[-1.30737,53.47058],[-1.30943,53.47313],[-1.31295,53.47354],[-1.31707,53.47471],[-1.32025,53.4766],[-1.32471,53.4765],[-1.33055,53.4763],[-1.33492,53.47793],[-1.33441,53.47949],[-1.33381,53.48125],[-1.33344,53.4824],[-1.33535,53.47793],[-1.33784,53.47793],[-1.3575,53.47666],[-1.36385,53.47778],[-1.36539,53.47773],[-1.36351,53.48064],[-1.36608,53.4837],[-1.36488,53.48697],[-1.36737,53.49116],[-1.36712,53.49359],[-1.36848,53.49907],[-1.36951,53.50091],[-1.34685,53.49933],[-1.3708,53.50112],[-1.37075,53.50142],[-1.37449,53.49999],[-1.38514,53.49938],[-1.39011,53.50316],[-1.39801,53.50541],[-1.37827,53.5151],[-1.36848,53.51631],[-1.36848,53.51633],[-1.36846,53.51631],[-1.36831,53.51633],[-1.36832,53.51619],[-1.36634,53.51449],[-1.36196,53.51337],[-1.3572,53.51034],[-1.36127,53.51316],[-1.34842,53.51014],[-1.36196,53.51337],[-1.33664,53.50857],[-1.3426,53.50782],[-1.34274,53.50755],[-1.35543,53.50921],[-1.35492,53.50888],[-1.33567,53.50062],[-1.35475,53.50893],[-1.34308,53.5075],[-1.33681,53.50826],[-1.33658,53.50829],[-1.33518,53.5102],[-1.32969,53.51168],[-1.3242,53.51306],[-1.32789,53.51424],[-1.32823,53.51679],[-1.33475,53.51735],[-1.32969,53.52123],[-1.31896,53.51944],[-1.31707,53.51878],[-1.31467,53.51873],[-1.31115,53.51837],[-1.31072,53.515],[-1.31098,53.51173],[-1.32812,53.50938],[-1.31141,53.51153],[-1.31218,53.50786],[-1.31458,53.50683],[-1.31647,53.50489],[-1.31681,53.50219],[-1.31561,53.49979],[-1.31784,53.49846],[-1.31776,53.49647],[-1.31939,53.49371],[-1.31939,53.49371],[-1.31939,53.49371],[-1.31948,53.49356],[-1.31953,53.49358],[-1.32308,53.49034],[-1.32531,53.48988],[-1.32531,53.48835],[-1.32154,53.48835],[-1.31716,53.48723],[-1.30428,53.48748],[-1.30282,53.48467],[-1.30291,53.48233],[-1.30102,53.48028],[-1.30154,53.47686],[-1.30248,53.4742],[-1.30291,53.47099],[-1.29519,53.47257],[-1.29303,53.46889]]],[[[-1.33306,53.48329],[-1.33242,53.48401],[-1.33286,53.48376],[-1.33306,53.48329]]],[[[-1.31982,53.49371],[-1.3298,53.49806],[-1.3298,53.49806],[-1.32001,53.49371],[-1.31982,53.49371]]],[[[-1.34565,53.50949],[-1.34519,53.50874],[-1.34548,53.50949],[-1.34703,53.50981],[-1.34565,53.50949]]],[[[-1.34511,53.50862],[-1.34505,53.50852],[-1.34245,53.50852],[-1.34239,53.50857],[-1.34511,53.50862]]]]}},{"type":"Feature","properties":{"source_code":"C87029","codes":["C87029"],"label":"MARKET SURGERY"},"geometry":{"type":"Polygon","coordinates":[[[-1.36866,53.51628],[-1.36007,53.51306],[-1.34462,53.51439],[-1.34222,53.5151],[-1.33055,53.51459],[-1.3266,53.51276],[-1.32282,53.51316],[-1.3199,53.51408],[-1.3187,53.51327],[-1.31681,53.51296],[-1.31287,53.51388],[-1.31149,53.51276],[-1.30943,53.51051],[-1.31166,53.50877],[-1.31218,53.50755],[-1.31424,53.50673],[-1.31561,53.50459],[-1.31596,53.50204],[-1.30956,53.4967],[-1.31493,53.49412],[-1.31707,53.49231],[-1.31965,53.49111],[-1.32218,53.48971],[-1.32059,53.48866],[-1.31939,53.48784],[-1.32269,53.48559],[-1.32275,53.48561],[-1.32467,53.48388],[-1.32321,53.48335],[-1.32454,53.48028],[-1.32604,53.47632],[-1.33072,53.4762],[-1.33501,53.47763],[-1.34909,53.47722],[-1.35544,53.47701],[-1.35921,53.47681],[-1.36299,53.47783],[-1.36574,53.47763],[-1.36574,53.47855],[-1.38222,53.48733],[-1.38393,53.49964],[-1.39084,53.50316],[-1.39741,53.50581],[-1.39406,53.50791],[-1.39166,53.50941],[-1.38947,53.50947],[-1.38458,53.51258],[-1.3787,53.51526],[-1.37376,53.51589],[-1.36866,53.51628]]]}},{"type":"Feature","properties":{"source_code":"C87018","codes":["C87018"],"label":"HIGH STREET SURGERY"},"geometry":{"type":"Polygon","coordinates":[[[-1.32523,53.505],[-1.306,53.48845],[-1.3036,53.47068],[-1.3369,53.45065],[-1.3472,53.43858],[-1.34824,53.43844],[-1.34823,53.43776],[-1.37432,53.43408],[-1.37569,53.42631],[-1.41174,53.42815],[-1.40934,53.44369],[-1.44505,53.45842],[-1.44161,53.46782],[-1.43681,53.48151],[-1.40247,53.48008],[-1.3702,53.48212],[-1.34926,53.50398],[-1.34924,53.50253],[-1.34789,53.50602],[-1.32523,53.505]]]}},{"type":"Feature","properties":{"source_code":"C87013","codes":["C87013"],"label":"PARKGATE MEDICAL CENTRE"},"geometry":{"type":"Polygon","coordinates":[[[-1.29707,53.48815],[-1.29672,53.47456],[-1.29209,53.46179],[-1.29913,53.45535],[-1.35475,53.44144],[-1.37072,53.47876],[-1.35578,53.48223],[-1.32471,53.48953],[-1.29707,53.48815]]]}},{"type":"Feature","properties":{"source_code":"C87608","codes":["C87608"],"label":"SHAKESPEARE ROAD SURGERY"},"geometry":{"type":"MultiPolygon","coordinates":[[[[-1.36587,53.42966],[-1.37346,53.42866],[-1.37329,53.43183],[-1.37012,53.43572],[-1.36827,53.43498],[-1.36724,53.4328],[-1.36587,53.42966]]],[[[-1.32441,53.42588],[-1.32439,53.42604],[-1.33166,53.42986],[-1.32784,53.43068],[-1.32771,53.43165],[-1.32776,53.43165],[-1.32793,53.43068],[-1.3308,53.43007],[-1.3329,53.42956],[-1.33183,53.42981],[-1.32441,53.42588],[-1.32437,53.42409],[-1.32411,53.42206],[-1.32896,53.42056],[-1.33149,53.42038],[-1.33407,53.42104],[-1.33634,53.42171],[-1.3381,53.42263],[-1.34175,53.42442],[-1.34161,53.42492],[-1.34192,53.42437],[-1.33814,53.42224],[-1.33574,53.42025],[-1.34012,53.41905],[-1.34325,53.42181],[-1.34724,53.42465],[-1.34926,53.4237],[-1.35102,53.42503],[-1.35291,53.42567],[-1.35085,53.42764],[-1.35312,53.42897],[-1.34993,53.43149],[-1.35119,53.43306],[-1.35042,53.43559],[-1.35162,53.43858],[-1.3484,53.43851],[-1.34505,53.43935],[-1.34133,53.43974],[-1.34149,53.43976],[-1.34126,53.43975],[-1.34115,53.43976],[-1.34117,53.43974],[-1.3366,53.43953],[-1.32862,53.44081],[-1.32578,53.44124],[-1.32261,53.44188],[-1.31355,53.44004],[-1.3122,53.43618],[-1.31214,53.43618],[-1.31213,53.43611],[-1.31205,53.4361],[-1.31212,53.43606],[-1.31149,53.43232],[-1.31488,53.43296],[-1.31793,53.43293],[-1.32008,53.43301],[-1.32196,53.43362],[-1.32374,53.43083],[-1.32205,53.4302],[-1.32321,53.42774],[-1.32441,53.42588]]],[[[-1.32382,53.43074],[-1.32409,53.43088],[-1.32385,53.43068],[-1.32409,53.42856],[-1.32382,53.43074]]],[[[-1.33771,53.43061],[-1.3414,53.43388],[-1.34561,53.43298],[-1.34783,53.4322],[-1.34522,53.43303],[-1.34192,53.42924],[-1.34191,53.42924],[-1.34514,53.43301],[-1.34145,53.43385],[-1.33776,53.43059],[-1.33771,53.43061]]],[[[-1.33759,53.43513],[-1.32762,53.43554],[-1.33286,53.43536],[-1.33759,53.43513]]],[[[-1.34565,53.43549],[-1.34505,53.43605],[-1.34115,53.43966],[-1.33974,53.43954],[-1.34119,53.43972],[-1.34565,53.43549]]],[[[-1.32218,53.43577],[-1.32416,53.43568],[-1.31256,53.43616],[-1.32443,53.43764],[-1.32192,53.4373],[-1.32218,53.43577]]],[[[-1.34106,53.42826],[-1.34076,53.42791],[-1.34073,53.42801],[-1.34106,53.42826]]]]}},{"type":"Feature","properties":{"source_code":"C87622","codes":["C87622"],"label":"GATEWAY PRIMARY CARE"},"geometry":{"type":"Polygon","coordinates":[[[-1.32625,53.40094],[-1.33106,53.40073],[-1.38634,53.40421],[-1.40625,53.43326],[-1.38565,53.47661],[-1.35956,53.48866],[-1.34068,53.50602],[-1.26377,53.48845],[-1.24901,53.4717],[-1.2109,53.46209],[-1.23648,53.44768],[-1.25107,53.42999],[-1.27579,53.4081],[-1.32625,53.40094]]]}},{"type":"Feature","properties":{"source_code":"C88023","codes":["C88023"],"label":"SOTHALL & BEIGHTON HEALTH CENTRES"},"geometry":{"type":"Polygon","coordinates":[[[-1.32488,53.33692],[-1.33896,53.31898],[-1.35612,53.32513],[-1.36151,53.33324],[-1.36226,53.33551],[-1.36271,53.33847],[-1.36368,53.34174],[-1.364,53.34306],[-1.36364,53.34407],[-1.35612,53.3483],[-1.3513,53.34965],[-1.34784,53.35275],[-1.33621,53.35342],[-1.33102,53.3525],[-1.33296,53.35216],[-1.33196,53.35154],[-1.33038,53.35127],[-1.32488,53.33692]]]}},{"type":"Feature","properties":{"source_code":"C87024","codes":["C87024"],"label":"RAWMARSH HEALTH CENTRE"},"geometry":{"type":"Polygon","coordinates":[[[-1.33484,53.47742],[-1.33003,53.47599],[-1.32351,53.4766],[-1.31733,53.47538],[-1.31081,53.47334],[-1.30737,53.47129],[-1.30291,53.47068],[-1.32111,53.44206],[-1.3242,53.44472],[-1.32866,53.44942],[-1.33827,53.45024],[-1.34548,53.44983],[-1.35235,53.44983],[-1.3702,53.47007],[-1.36883,53.47415],[-1.36608,53.47579],[-1.36436,53.47844],[-1.35853,53.47701],[-1.35235,53.47701],[-1.34445,53.47742],[-1.33862,53.47783],[-1.33484,53.47742]]]}},{"type":"Feature","properties":{"source_code":"C87012","codes":["C87012"],"label":"BROOM LANE MEDICAL CENTRE"},"geometry":{"type":"Polygon","coordinates":[[[-1.32282,53.44237],[-1.32244,53.44262],[-1.32184,53.44262],[-1.32141,53.44244],[-1.32123,53.44226],[-1.32123,53.44191],[-1.32162,53.44173],[-1.32179,53.44145],[-1.32184,53.44111],[-1.32171,53.4405],[-1.32149,53.43978],[-1.32149,53.43955],[-1.32145,53.43927],[-1.32162,53.43868],[-1.32154,53.43845],[-1.32154,53.43825],[-1.32154,53.43782],[-1.32154,53.43743],[-1.32154,53.4371],[-1.32162,53.43674],[-1.32162,53.43638],[-1.32162,53.43587],[-1.32184,53.43546],[-1.32184,53.43513],[-1.32184,53.4347],[-1.32201,53.43444],[-1.32209,53.43411],[-1.32196,53.43357],[-1.32205,53.43314],[-1.32226,53.43263],[-1.32205,53.43222],[-1.32201,53.43188],[-1.32175,53.43145],[-1.32162,53.43078],[-1.32179,53.42979],[-1.32188,53.42917],[-1.32192,53.42841],[-1.31948,53.42764],[-1.31776,53.42736],[-1.3163,53.4272],[-1.31441,53.42695],[-1.30969,53.42595],[-1.30518,53.42368],[-1.30488,53.42347],[-1.30274,53.42258],[-1.30158,53.42201],[-1.30021,53.4212],[-1.29986,53.42048],[-1.30029,53.42015],[-1.29948,53.41153],[-1.29896,53.40943],[-1.29999,53.40723],[-1.30488,53.40672],[-1.30849,53.40667],[-1.31484,53.40508],[-1.31905,53.40457],[-1.32463,53.40339],[-1.32626,53.40324],[-1.3302,53.4037],[-1.33183,53.40431],[-1.33389,53.40518],[-1.33467,53.40559],[-1.33381,53.40621],[-1.33492,53.40569],[-1.33913,53.40488],[-1.34334,53.40447],[-1.34746,53.40467],[-1.34909,53.40467],[-1.35072,53.40477],[-1.35454,53.4059],[-1.35707,53.40641],[-1.35891,53.40728],[-1.36162,53.40887],[-1.36269,53.40907],[-1.36213,53.41035],[-1.36145,53.41145],[-1.36188,53.41309],[-1.36265,53.41426],[-1.36308,53.41536],[-1.36338,53.41611],[-1.36329,53.418],[-1.36243,53.4191],[-1.36145,53.42104],[-1.36179,53.42235],[-1.36303,53.42355],[-1.36458,53.42411],[-1.36449,53.4247],[-1.36518,53.42593],[-1.36557,53.42731],[-1.37921,53.42646],[-1.38415,53.42588],[-1.38921,53.42608],[-1.39578,53.42631],[-1.40123,53.43045],[-1.40818,53.43477],[-1.40955,53.43613],[-1.41179,53.43914],[-1.41784,53.44771],[-1.3902,53.45612],[-1.38814,53.45612],[-1.38514,53.45637],[-1.38316,53.45678],[-1.38067,53.45693],[-1.3787,53.45693],[-1.37681,53.45693],[-1.37441,53.45668],[-1.3714,53.45647],[-1.36891,53.45612],[-1.36771,53.45576],[-1.36823,53.45509],[-1.36806,53.45382],[-1.36668,53.45269],[-1.36462,53.45121],[-1.36359,53.44998],[-1.36282,53.44799],[-1.36265,53.44712],[-1.35982,53.43776],[-1.35861,53.43644],[-1.35758,53.43531],[-1.35612,53.43475],[-1.34909,53.43582],[-1.34359,53.43766],[-1.33965,53.43889],[-1.33226,53.44053],[-1.32557,53.44124],[-1.32282,53.44237]]]}},{"type":"Feature","properties":{"source_code":"C87007","codes":["C87007"],"label":"STAG MEDICAL CENTRE"},"geometry":{"type":"MultiPolygon","coordinates":[[[[-1.26315,53.4031],[-1.26317,53.40306],[-1.2672,53.39766],[-1.26315,53.4031]]],[[[-1.26315,53.4031],[-1.26237,53.40433],[-1.26168,53.40507],[-1.26315,53.4031]]],[[[-1.26168,53.40507],[-1.26018,53.40708],[-1.26077,53.40603],[-1.26168,53.40507]]],[[[-1.25605,53.41439],[-1.26237,53.40433],[-1.26789,53.39848],[-1.2751,53.39541],[-1.28746,53.39479],[-1.29707,53.39807],[-1.31013,53.39858],[-1.31135,53.39928],[-1.31216,53.39998],[-1.31338,53.40081],[-1.31454,53.40152],[-1.31599,53.40184],[-1.31903,53.40224],[-1.32207,53.4033],[-1.32219,53.40427],[-1.32478,53.4037],[-1.32881,53.40276],[-1.33124,53.40283],[-1.33351,53.40437],[-1.33443,53.40554],[-1.33549,53.40586],[-1.34057,53.40493],[-1.34857,53.40503],[-1.34789,53.41403],[-1.34467,53.41493],[-1.3435,53.41597],[-1.34177,53.41584],[-1.34905,53.4206],[-1.35283,53.42293],[-1.35645,53.42559],[-1.35315,53.4265],[-1.35062,53.42791],[-1.34612,53.42643],[-1.34555,53.42736],[-1.34636,53.42848],[-1.34653,53.42966],[-1.34007,53.43248],[-1.34168,53.43387],[-1.3384,53.43528],[-1.33674,53.43387],[-1.33573,53.43299],[-1.3345,53.43208],[-1.33288,53.42971],[-1.32787,53.43069],[-1.32475,53.43139],[-1.32179,53.42995],[-1.30913,53.42586],[-1.2895,53.42837],[-1.28578,53.4358],[-1.28237,53.43845],[-1.26723,53.4401],[-1.25695,53.44091],[-1.25107,53.42365],[-1.25785,53.4102],[-1.26018,53.40708],[-1.25605,53.41439]]]]}},{"type":"Feature","properties":{"source_code":"C87008","codes":["C87008"],"label":"SWALLOWNEST HEALTH CENTRE"},"geometry":{"type":"Polygon","coordinates":[[[-1.32248,53.38599],[-1.29519,53.38364],[-1.25519,53.36121],[-1.25313,53.35076],[-1.28437,53.35916],[-1.30566,53.35342],[-1.33553,53.35875],[-1.35509,53.36203],[-1.32763,53.37145],[-1.32111,53.37575],[-1.32248,53.38599]]]}},{"type":"Feature","properties":{"source_code":"C87030","codes":["C87030"],"label":"CROWN STREET SURGERY"},"geometry":{"type":"MultiPolygon","coordinates":[[[[-1.26107,53.49091],[-1.26106,53.49093],[-1.25903,53.49052],[-1.26107,53.49091]]],[[[-1.26044,53.49263],[-1.26106,53.49093],[-1.26106,53.49093],[-1.2607,53.49198],[-1.26044,53.49263],[-1.26044,53.49263]]],[[[-1.29467,53.50628],[-1.29473,53.50628],[-1.29471,53.50629],[-1.29467,53.50628]]],[[[-1.29471,53.50629],[-1.2948,53.50632],[-1.2946,53.50636],[-1.29471,53.50629]]],[[[-1.29285,53.50621],[-1.29328,53.50623],[-1.29404,53.50649],[-1.2946,53.50636],[-1.29406,53.50672],[-1.29285,53.50621]]],[[[-1.29406,53.50672],[-1.2942,53.50678],[-1.29501,53.50639],[-1.2948,53.50632],[-1.2948,53.50632],[-1.29471,53.50627],[-1.29401,53.50601],[-1.29424,53.50613],[-1.29467,53.50628],[-1.29328,53.50623],[-1.29101,53.50545],[-1.2872,53.50385],[-1.28638,53.50385],[-1.29101,53.50545],[-1.29285,53.50621],[-1.29272,53.50621],[-1.29232,53.50605],[-1.28634,53.50385],[-1.27695,53.5038],[-1.27823,53.50371],[-1.27726,53.50373],[-1.2767,53.50372],[-1.27695,53.5038],[-1.27347,53.50438],[-1.27173,53.50398],[-1.27012,53.50347],[-1.26407,53.50096],[-1.2642,53.50066],[-1.26358,53.49934],[-1.26351,53.49932],[-1.26369,53.49992],[-1.2634,53.49928],[-1.26072,53.49839],[-1.26335,53.49917],[-1.26041,53.49272],[-1.25963,53.49166],[-1.26044,53.49263],[-1.26043,53.49266],[-1.26044,53.49263],[-1.26047,53.49266],[-1.2607,53.49198],[-1.26099,53.49126],[-1.261,53.4913],[-1.26111,53.49092],[-1.26107,53.49091],[-1.26146,53.48983],[-1.26225,53.48969],[-1.26308,53.48968],[-1.26843,53.48759],[-1.27128,53.48604],[-1.27373,53.4858],[-1.27918,53.48299],[-1.28036,53.48026],[-1.28682,53.47461],[-1.28973,53.47228],[-1.29156,53.471],[-1.29171,53.46971],[-1.29564,53.47213],[-1.29775,53.47185],[-1.29856,53.47158],[-1.29906,53.47137],[-1.29965,53.47126],[-1.30108,53.46977],[-1.30342,53.46884],[-1.30694,53.46915],[-1.3083,53.47116],[-1.30936,53.47228],[-1.31012,53.47275],[-1.31083,53.47296],[-1.31243,53.47302],[-1.31615,53.47386],[-1.31848,53.475],[-1.32042,53.4762],[-1.32317,53.4764],[-1.3266,53.4764],[-1.32226,53.47959],[-1.32763,53.47947],[-1.33233,53.48463],[-1.32937,53.48478],[-1.32763,53.48192],[-1.32935,53.48478],[-1.32937,53.48478],[-1.32939,53.48482],[-1.33244,53.48475],[-1.33233,53.48463],[-1.33295,53.4846],[-1.33368,53.48506],[-1.33571,53.48519],[-1.33679,53.48571],[-1.33776,53.48628],[-1.33819,53.48743],[-1.33887,53.48871],[-1.34016,53.49091],[-1.34055,53.49182],[-1.34046,53.49295],[-1.34045,53.49469],[-1.34043,53.49642],[-1.34043,53.50047],[-1.34012,53.50236],[-1.33977,53.5027],[-1.33916,53.50322],[-1.33913,53.50326],[-1.33909,53.50326],[-1.33912,53.50323],[-1.33782,53.50292],[-1.33691,53.50297],[-1.33609,53.50314],[-1.33512,53.5032],[-1.33239,53.50298],[-1.32761,53.50237],[-1.32347,53.50195],[-1.32085,53.50214],[-1.31703,53.5015],[-1.31703,53.50122],[-1.3168,53.50118],[-1.31733,53.50122],[-1.31624,53.50107],[-1.3168,53.50118],[-1.31355,53.50091],[-1.31703,53.5015],[-1.31704,53.50271],[-1.31678,53.50433],[-1.31623,53.50509],[-1.31555,53.50578],[-1.3149,53.50637],[-1.31416,53.50695],[-1.31323,53.50747],[-1.31201,53.50784],[-1.30531,53.50801],[-1.30279,53.50839],[-1.30112,53.50834],[-1.3,53.50826],[-1.29838,53.50815],[-1.29711,53.50805],[-1.29581,53.50789],[-1.29572,53.50784],[-1.29463,53.50763],[-1.29446,53.50752],[-1.29326,53.50677],[-1.29113,53.50631],[-1.29325,53.50677],[-1.29291,53.50655],[-1.29397,53.50677],[-1.29406,53.50672]]],[[[-1.29674,53.50698],[-1.29766,53.5073],[-1.29926,53.50791],[-1.29901,53.50798],[-1.29836,53.5077],[-1.29441,53.50687],[-1.29514,53.50717],[-1.29409,53.50695],[-1.29409,53.50695],[-1.30008,53.50823],[-1.29926,53.50791],[-1.29937,53.50788],[-1.29766,53.5073],[-1.29599,53.50665],[-1.29519,53.5063],[-1.29514,53.50633],[-1.29599,53.50665],[-1.29674,53.50698],[-1.29578,53.50666],[-1.29705,53.50712],[-1.29674,53.50698]]],[[[-1.29537,53.50766],[-1.29406,53.50699],[-1.29394,53.50719],[-1.29537,53.50766]]],[[[-1.29413,53.50594],[-1.29313,53.50555],[-1.29391,53.50596],[-1.29413,53.50594]]],[[[-1.29348,53.50555],[-1.29415,53.50593],[-1.29432,53.50592],[-1.29348,53.50555]]],[[[-1.28714,53.50383],[-1.28652,53.50357],[-1.28179,53.50365],[-1.28398,53.50367],[-1.28615,53.50378],[-1.28583,53.50366],[-1.28618,53.50378],[-1.28714,53.50383]]],[[[-1.26343,53.49903],[-1.26263,53.49631],[-1.26278,53.49576],[-1.26141,53.49466],[-1.26137,53.49468],[-1.26145,53.49484],[-1.26343,53.49903],[-1.26348,53.49921],[-1.26352,53.49922],[-1.26343,53.49903]]]]}},{"type":"Feature","properties":{"source_code":"B87036","codes":["B87036"],"label":"LANGTHWAITE SURGERY"},"geometry":{"type":"Polygon","coordinates":[[[-1.15631,53.69365],[-1.14292,53.67556],[-1.14292,53.65664],[-1.15356,53.61776],[-1.16746,53.61359],[-1.22291,53.61043],[-1.21656,53.5978],[-1.21124,53.57936],[-1.21776,53.57324],[-1.26883,53.56335],[-1.3151,53.56881],[-1.34996,53.56714],[-1.3853,53.56906],[-1.38814,53.57436],[-1.3908,53.631],[-1.38393,53.63578],[-1.37809,53.64056],[-1.37226,53.64484],[-1.36951,53.64881],[-1.36144,53.65308],[-1.35681,53.65979],[-1.35629,53.66417],[-1.35252,53.66732],[-1.35028,53.67393],[-1.34136,53.67576],[-1.32968,53.68359],[-1.32265,53.68705],[-1.31526,53.68877],[-1.31587,53.69071],[-1.31793,53.69192],[-1.32119,53.69457],[-1.32428,53.69838],[-1.33114,53.70773],[-1.31981,53.70966],[-1.30685,53.70986],[-1.29578,53.71088],[-1.28763,53.70981],[-1.28248,53.70768],[-1.27904,53.70305],[-1.2696,53.69584],[-1.25948,53.69411],[-1.24531,53.69233],[-1.22197,53.69375],[-1.19493,53.69508],[-1.17107,53.69467],[-1.15631,53.69365]]]}},{"type":"Feature","properties":{"source_code":"B87006","codes":["B87006"],"label":"PARK GREEN SURGERY"},"geometry":{"type":"Polygon","coordinates":[[[-1.26291,53.64922],[-1.26394,53.64734],[-1.26197,53.64616],[-1.25733,53.64683],[-1.2557,53.64657],[-1.25605,53.64408],[-1.25399,53.64051],[-1.25107,53.63858],[-1.24231,53.63258],[-1.25236,53.61369],[-1.25253,53.61054],[-1.2612,53.60122],[-1.25793,53.59831],[-1.25416,53.59648],[-1.2503,53.59358],[-1.24566,53.59001],[-1.24369,53.58777],[-1.24961,53.5871],[-1.25296,53.5867],[-1.2557,53.58374],[-1.25785,53.58211],[-1.26154,53.58094],[-1.26291,53.57946],[-1.26351,53.57692],[-1.26484,53.5712],[-1.26557,53.5642],[-1.26665,53.5633],[-1.26918,53.56333],[-1.27012,53.56547],[-1.26944,53.56708],[-1.27094,53.56718],[-1.27643,53.56766],[-1.28162,53.56799],[-1.28338,53.56787],[-1.2854,53.5672],[-1.28729,53.56636],[-1.28978,53.56463],[-1.29173,53.56376],[-1.2925,53.56354],[-1.29677,53.56353],[-1.30012,53.56333],[-1.30351,53.56274],[-1.30703,53.56244],[-1.31132,53.56218],[-1.32454,53.56295],[-1.33269,53.56351],[-1.33664,53.56596],[-1.33965,53.56922],[-1.35226,53.57987],[-1.35209,53.57992],[-1.35346,53.58379],[-1.3802,53.59021],[-1.39149,53.59312],[-1.39205,53.59429],[-1.3878,53.59584],[-1.38333,53.5977],[-1.38041,53.59938],[-1.37578,53.60106],[-1.37466,53.60297],[-1.37209,53.60463],[-1.37072,53.60623],[-1.3708,53.61058],[-1.36342,53.61873],[-1.3599,53.6197],[-1.36565,53.63044],[-1.36316,53.6306],[-1.35476,53.62957],[-1.33707,53.63024],[-1.33638,53.63294],[-1.33553,53.63665],[-1.33673,53.64051],[-1.3375,53.64235],[-1.33767,53.64403],[-1.33312,53.64728],[-1.33158,53.64688],[-1.33123,53.64728],[-1.33055,53.64759],[-1.33003,53.6486],[-1.32866,53.64952],[-1.32729,53.65013],[-1.3254,53.65135],[-1.32351,53.65125],[-1.32059,53.65125],[-1.31699,53.65278],[-1.31081,53.64983],[-1.3036,53.6484],[-1.29244,53.64983],[-1.26291,53.64922]]]}},{"type":"Feature","properties":{"source_code":"C85001","codes":["C85001"],"label":"GOLDTHORPE MEDICAL CENTRE PMS PRACTICE"},"geometry":{"type":"Polygon","coordinates":[[[-1.30463,53.49009],[-1.39389,53.53582],[-1.42685,53.58048],[-1.28403,53.60391],[-0.97435,53.60962],[-1.30463,53.49009]]]}},{"type":"Feature","properties":{"source_code":"Y04809","codes":["Y04809"],"label":"LAKESIDE SURGERY"},"geometry":{"type":"Polygon","coordinates":[[[-1.30737,53.55826],[-1.2751,53.55622],[-1.24969,53.54643],[-1.24352,53.52317],[-1.25656,53.49703],[-1.32385,53.50683],[-1.36642,53.50928],[-1.37054,53.53561],[-1.36677,53.54622],[-1.35921,53.55295],[-1.30737,53.55826]]]}},{"type":"Feature","properties":{"source_code":"C85023","codes":["C85023"],"label":"HOLLYGREEN PRACTICE"},"geometry":{"type":"Polygon","coordinates":[[[-1.30634,53.55295],[-1.30792,53.55308],[-1.30737,53.55336],[-1.26051,53.55336],[-1.2751,53.52459],[-1.32626,53.51296],[-1.37604,53.53541],[-1.34737,53.55622],[-1.30792,53.55308],[-1.30874,53.55265],[-1.30634,53.55295]]]}},{"type":"Feature","properties":{"source_code":"Y00411","codes":["Y00411"],"label":"DEARNE VALLEY GROUP PRACTICE"},"geometry":{"type":"Polygon","coordinates":[[[-1.30737,53.55336],[-1.26875,53.56009],[-1.25665,53.55418],[-1.25141,53.53215],[-1.28025,53.51327],[-1.27956,53.49601],[-1.30978,53.49254],[-1.33484,53.48942],[-1.3599,53.49611],[-1.39441,53.50852],[-1.4193,53.52255],[-1.39235,53.54235],[-1.35647,53.55397],[-1.30737,53.55336]]]}}]}