{"type":"FeatureCollection","metadata":{"bundle_id":"bundle-037","practice_count":189,"feature_count":189},"features":[{"type":"Feature","properties":{"source_code":"B81068","codes":["B81068"],"label":"BARTHOLOMEW MEDICAL GROUP"},"geometry":{"type":"Polygon","coordinates":[[[-0.85384,53.74891],[-0.86294,53.74211],[-0.8797,53.73573],[-0.88822,53.72792],[-0.87133,53.72357],[-0.86357,53.72819],[-0.85376,53.7312],[-0.84573,53.72675],[-0.8432,53.72109],[-0.84269,53.71093],[-0.85178,53.70606],[-0.86423,53.70413],[-0.86569,53.69772],[-0.85419,53.68614],[-0.84681,53.68756],[-0.83771,53.69305],[-0.82603,53.70118],[-0.81453,53.70534],[-0.80372,53.70504],[-0.77797,53.69569],[-0.73986,53.70616],[-0.71669,53.70428],[-0.70175,53.70077],[-0.69716,53.69724],[-0.69943,53.69208],[-0.69643,53.68461],[-0.69205,53.67958],[-0.68677,53.67462],[-0.68974,53.66966],[-0.69626,53.6541],[-0.70673,53.64856],[-0.71162,53.64487],[-0.71381,53.64139],[-0.71342,53.63853],[-0.73531,53.63563],[-0.74018,53.63572],[-0.74505,53.63337],[-0.75548,53.62927],[-0.77102,53.63237],[-0.7829,53.63301],[-0.79142,53.6316],[-0.7917,53.63538],[-0.88457,53.66676],[-0.95753,53.70443],[-0.95924,53.70781],[-0.95959,53.71403],[-0.95512,53.71487],[-0.94568,53.71244],[-0.93624,53.71571],[-0.92285,53.71881],[-0.91341,53.71893],[-0.90672,53.71662],[-0.90363,53.72099],[-0.90809,53.72658],[-0.91274,53.72795],[-0.91071,53.73197],[-0.91401,53.73371],[-0.92955,53.73191],[-0.94096,53.73214],[-0.95169,53.73541],[-0.95723,53.73613],[-0.96154,53.73629],[-0.96198,53.73795],[-0.96156,53.7396],[-0.96165,53.74257],[-0.96465,53.74762],[-0.96963,53.74928],[-0.96808,53.75054],[-0.96002,53.75069],[-0.9531,53.74914],[-0.94837,53.74812],[-0.94062,53.7479],[-0.93207,53.74789],[-0.92906,53.74701],[-0.92604,53.74664],[-0.91932,53.74605],[-0.91712,53.74557],[-0.91539,53.74504],[-0.91146,53.74448],[-0.90974,53.74421],[-0.90913,53.74363],[-0.9063,53.74377],[-0.90225,53.74342],[-0.89717,53.7438],[-0.89199,53.74384],[-0.88439,53.74311],[-0.87833,53.74836],[-0.87101,53.74718],[-0.86883,53.7462],[-0.85384,53.74891]]]}},{"type":"Feature","properties":{"source_code":"B81013","codes":["B81013"],"label":"MONTAGUE MEDICAL PRACTICE"},"geometry":{"type":"Polygon","coordinates":[[[-0.85934,53.7479],[-0.88818,53.72678],[-0.87822,53.72292],[-0.86998,53.72231],[-0.86174,53.72414],[-0.85728,53.72779],[-0.85608,53.72993],[-0.85075,53.72962],[-0.8456,53.72434],[-0.8432,53.71642],[-0.84389,53.71053],[-0.85213,53.70707],[-0.86174,53.70504],[-0.86758,53.69935],[-0.8638,53.69244],[-0.85796,53.68512],[-0.84801,53.68471],[-0.8408,53.68837],[-0.82809,53.69854],[-0.81453,53.70352],[-0.80097,53.70321],[-0.77488,53.69406],[-0.7505,53.70158],[-0.74381,53.70311],[-0.73231,53.70423],[-0.7148,53.7024],[-0.70656,53.70138],[-0.70038,53.69711],[-0.70004,53.68532],[-0.69145,53.67821],[-0.69042,53.66905],[-0.69729,53.65583],[-0.70312,53.65125],[-0.71205,53.64667],[-0.7148,53.63609],[-0.78312,53.63385],[-0.94929,53.68044],[-0.97195,53.70077],[-0.96394,53.69874],[-0.958,53.70321],[-0.96012,53.70819],[-0.95675,53.71317],[-0.94088,53.71296],[-0.92277,53.71896],[-0.91423,53.71942],[-0.90934,53.7177],[-0.90446,53.72005],[-0.905,53.72515],[-0.91959,53.73206],[-0.93418,53.73165],[-0.96268,53.73612],[-0.96148,53.74424],[-0.9692,53.74952],[-0.95135,53.7546],[-0.93933,53.75774],[-0.93418,53.76292],[-0.85934,53.7479]]]}},{"type":"Feature","properties":{"source_code":"B81088","codes":["B81088"],"label":"HOWDEN MEDICAL PRACTICE"},"geometry":{"type":"MultiPolygon","coordinates":[[[[-0.9097,53.72936],[-0.90972,53.72932],[-0.90931,53.72785],[-0.91028,53.72891],[-0.90976,53.73053],[-0.90989,53.72957],[-0.9097,53.72936]]],[[[-0.90949,53.73135],[-0.90976,53.73053],[-0.90963,53.73145],[-0.90949,53.73135]]],[[[-0.75145,53.73941],[-0.72784,53.74331],[-0.72784,53.74328],[-0.76434,53.73726],[-0.75145,53.73941]]],[[[-0.72917,53.75597],[-0.72772,53.74333],[-0.72784,53.74331],[-0.72785,53.74336],[-0.72777,53.74337],[-0.72852,53.74878],[-0.72889,53.75156],[-0.72896,53.75226],[-0.72916,53.75508],[-0.72924,53.75599],[-0.72918,53.75596],[-0.72917,53.75597]]],[[[-0.72917,53.75597],[-0.72922,53.75635],[-0.72563,53.7621],[-0.72438,53.76404],[-0.72917,53.75597]]],[[[-0.98876,53.76847],[-0.98927,53.76852],[-0.98887,53.76856],[-0.98876,53.76847]]],[[[-0.72438,53.76404],[-0.72396,53.76475],[-0.72508,53.76643],[-0.72641,53.7685],[-0.72901,53.77158],[-0.72992,53.77244],[-0.72999,53.7725],[-0.72762,53.77033],[-0.72392,53.76476],[-0.72438,53.76404]]],[[[-0.93289,53.77457],[-0.93291,53.77458],[-0.93288,53.77458],[-0.93289,53.77457]]],[[[-0.93288,53.77461],[-0.93294,53.7746],[-0.93292,53.77459],[-0.93291,53.77458],[-0.93301,53.77461],[-0.93288,53.77461],[-0.93288,53.77461]]],[[[-0.72999,53.7725],[-0.73018,53.77268],[-0.7313,53.77373],[-0.73136,53.77376],[-0.73137,53.77377],[-0.73383,53.77497],[-0.73416,53.77532],[-0.73126,53.77378],[-0.72999,53.7725]]],[[[-0.73416,53.77532],[-0.73427,53.77538],[-0.73705,53.77843],[-0.73696,53.77836],[-0.73665,53.77812],[-0.73686,53.77823],[-0.73416,53.77532]]],[[[-0.73705,53.77843],[-0.73756,53.77886],[-0.73862,53.77993],[-0.73869,53.78001],[-0.73853,53.77996],[-0.7373,53.77871],[-0.73705,53.77843]]],[[[-0.74609,53.78064],[-0.74663,53.78061],[-0.74688,53.78067],[-0.74609,53.78064]]],[[[-0.73869,53.78001],[-0.7387,53.78001],[-0.73876,53.78007],[-0.7407,53.78059],[-0.74096,53.78066],[-0.73881,53.78013],[-0.73869,53.78001]]],[[[-0.74494,53.7806],[-0.74609,53.78064],[-0.74303,53.78083],[-0.74494,53.7806]]],[[[-0.74096,53.78066],[-0.74126,53.78073],[-0.74185,53.78089],[-0.74179,53.7809],[-0.74096,53.78066]]],[[[-0.74688,53.78067],[-0.74752,53.7807],[-0.74807,53.78098],[-0.74688,53.78067]]],[[[-0.74185,53.78089],[-0.74188,53.78089],[-0.74193,53.7809],[-0.74303,53.78083],[-0.74207,53.78095],[-0.74185,53.78089]]],[[[-0.74807,53.78098],[-0.74874,53.78116],[-0.74919,53.78203],[-0.74913,53.78202],[-0.7485,53.78121],[-0.74807,53.78098]]],[[[-0.74919,53.78203],[-0.75011,53.78213],[-0.74922,53.78208],[-0.74919,53.78203]]],[[[-0.75011,53.78213],[-0.75048,53.78215],[-0.75189,53.78233],[-0.7513,53.78227],[-0.75011,53.78213]]],[[[-0.92302,53.81966],[-0.91434,53.82399],[-0.90163,53.82382],[-0.88201,53.82836],[-0.86977,53.83017],[-0.85376,53.83029],[-0.8473,53.8262],[-0.84656,53.82178],[-0.85134,53.81358],[-0.84635,53.81156],[-0.82626,53.81065],[-0.8236,53.80898],[-0.82381,53.80747],[-0.82308,53.80574],[-0.81951,53.80468],[-0.80814,53.80341],[-0.80022,53.80201],[-0.79802,53.80165],[-0.79567,53.80142],[-0.79145,53.79955],[-0.78977,53.79574],[-0.78958,53.79441],[-0.78888,53.7943],[-0.78828,53.79389],[-0.78715,53.79287],[-0.78542,53.79183],[-0.78455,53.79018],[-0.78327,53.78933],[-0.78237,53.78889],[-0.78072,53.7892],[-0.77886,53.78879],[-0.77725,53.78816],[-0.77619,53.78749],[-0.77149,53.78794],[-0.76877,53.78601],[-0.76826,53.78621],[-0.76642,53.78527],[-0.76387,53.7849],[-0.76105,53.78494],[-0.75835,53.78435],[-0.75687,53.7835],[-0.75565,53.78278],[-0.75189,53.78233],[-0.75547,53.78266],[-0.75311,53.78231],[-0.75048,53.78215],[-0.74945,53.78203],[-0.74879,53.78114],[-0.74727,53.78057],[-0.74663,53.78061],[-0.74606,53.78046],[-0.74494,53.7806],[-0.74401,53.78056],[-0.74188,53.78089],[-0.74126,53.78073],[-0.7407,53.78059],[-0.7387,53.78001],[-0.73862,53.77993],[-0.73438,53.77544],[-0.73427,53.77538],[-0.73393,53.77501],[-0.73136,53.77376],[-0.73018,53.77268],[-0.72992,53.77244],[-0.72901,53.77152],[-0.72631,53.76826],[-0.72508,53.76643],[-0.72399,53.76472],[-0.72563,53.7621],[-0.72923,53.75648],[-0.72922,53.75635],[-0.72926,53.75628],[-0.72924,53.75599],[-0.7295,53.75614],[-0.72953,53.75636],[-0.72963,53.75621],[-0.7295,53.75614],[-0.72889,53.75156],[-0.72866,53.74925],[-0.72785,53.74336],[-0.75145,53.73941],[-0.76462,53.73724],[-0.76106,53.7024],[-0.76909,53.69943],[-0.77242,53.69824],[-0.77555,53.69767],[-0.77962,53.69786],[-0.78144,53.69779],[-0.78326,53.69859],[-0.7857,53.69952],[-0.78805,53.70062],[-0.79192,53.70319],[-0.79595,53.70489],[-0.80108,53.7062],[-0.80719,53.70735],[-0.81631,53.70612],[-0.81787,53.70571],[-0.82286,53.70468],[-0.8496,53.68769],[-0.85179,53.68705],[-0.85468,53.68805],[-0.85941,53.69228],[-0.86295,53.69813],[-0.86326,53.70065],[-0.86082,53.70236],[-0.84268,53.7077],[-0.83996,53.71231],[-0.83982,53.71198],[-0.8402,53.71307],[-0.85147,53.71414],[-0.84919,53.71689],[-0.85457,53.71832],[-0.89109,53.7216],[-0.89569,53.71648],[-0.90142,53.71448],[-0.90569,53.71634],[-0.90337,53.71825],[-0.90294,53.7218],[-0.9097,53.72936],[-0.90882,53.73084],[-0.90949,53.73135],[-0.90946,53.73145],[-0.90856,53.73219],[-0.91401,53.73374],[-0.91989,53.7332],[-0.92603,53.73236],[-0.93255,53.73262],[-0.94384,53.73376],[-0.95444,53.73734],[-0.95796,53.73709],[-0.96079,53.73805],[-0.95959,53.74242],[-0.96336,53.7481],[-0.97349,53.75028],[-0.97778,53.75173],[-0.98087,53.75372],[-0.98405,53.75619],[-0.98752,53.76143],[-0.986,53.76278],[-0.98494,53.76422],[-0.98544,53.76504],[-0.98689,53.76642],[-0.98764,53.76776],[-0.98745,53.76729],[-0.98813,53.76799],[-0.98876,53.76847],[-0.98851,53.76845],[-0.98932,53.76873],[-0.98909,53.76875],[-0.98898,53.7687],[-0.98915,53.76902],[-0.98922,53.76944],[-0.98912,53.76965],[-0.98912,53.77012],[-0.9892,53.77012],[-0.98903,53.77021],[-0.98886,53.77025],[-0.98877,53.77034],[-0.98903,53.77021],[-0.98906,53.7702],[-0.98901,53.77041],[-0.98844,53.77066],[-0.98858,53.7714],[-0.98787,53.77218],[-0.98765,53.773],[-0.98757,53.77373],[-0.98727,53.77413],[-0.98647,53.77446],[-0.98568,53.77489],[-0.98343,53.7752],[-0.97963,53.77469],[-0.9733,53.77905],[-0.96396,53.77799],[-0.95325,53.77669],[-0.94262,53.77518],[-0.93389,53.7742],[-0.93289,53.77457],[-0.93289,53.77457],[-0.93288,53.77458],[-0.93286,53.77457],[-0.93279,53.77451],[-0.93286,53.7745],[-0.93279,53.77451],[-0.93273,53.77445],[-0.93279,53.77451],[-0.93277,53.77451],[-0.93271,53.77446],[-0.93259,53.77453],[-0.93277,53.77451],[-0.93278,53.77451],[-0.93271,53.77452],[-0.93282,53.77456],[-0.93284,53.77457],[-0.93286,53.77458],[-0.93253,53.77471],[-0.93286,53.77459],[-0.93288,53.77461],[-0.93288,53.77461],[-0.93288,53.77461],[-0.93458,53.77637],[-0.93538,53.77753],[-0.93595,53.77813],[-0.93622,53.77876],[-0.93645,53.78007],[-0.93604,53.78101],[-0.93545,53.7819],[-0.93427,53.78423],[-0.93403,53.78667],[-0.93404,53.78774],[-0.93375,53.78881],[-0.93303,53.79006],[-0.93254,53.79048],[-0.93153,53.7907],[-0.92932,53.79406],[-0.92763,53.79772],[-0.93069,53.79814],[-0.93321,53.801],[-0.93413,53.80175],[-0.9327,53.80376],[-0.92967,53.80494],[-0.92824,53.80791],[-0.92728,53.80979],[-0.92501,53.81204],[-0.92185,53.81359],[-0.91964,53.81609],[-0.92124,53.81693],[-0.92516,53.81772],[-0.92616,53.81862],[-0.92637,53.81966],[-0.92302,53.81966]]],[[[-0.93279,53.77451],[-0.93279,53.77451],[-0.93279,53.77451],[-0.93279,53.77451],[-0.93279,53.77451]]],[[[-0.93279,53.77451],[-0.93283,53.77455],[-0.93278,53.77451],[-0.93279,53.77451]]],[[[-0.93283,53.77455],[-0.93285,53.77457],[-0.93284,53.77457],[-0.93283,53.77455]]],[[[-0.93285,53.77457],[-0.93286,53.77457],[-0.93287,53.77458],[-0.93286,53.77458],[-0.93285,53.77457]]],[[[-0.93287,53.77458],[-0.93288,53.77458],[-0.93288,53.77458],[-0.93287,53.77458],[-0.93287,53.77458]]],[[[-0.93286,53.77458],[-0.93287,53.77458],[-0.93286,53.77459],[-0.93286,53.77458],[-0.93286,53.77458]]],[[[-0.93287,53.77458],[-0.93287,53.77458],[-0.93289,53.7746],[-0.93287,53.77458]]]]}},{"type":"Feature","properties":{"source_code":"K83009","codes":["K83009"],"label":"MOULTON SURGERY"},"geometry":{"type":"Polygon","coordinates":[[[-0.90397,52.28034],[-0.91358,52.31562],[-0.91221,52.33513],[-0.89333,52.35296],[-0.87513,52.35778],[-0.83702,52.35694],[-0.7869,52.33828],[-0.79548,52.2837],[-0.83942,52.28328],[-0.8456,52.27698],[-0.84972,52.27719],[-0.85625,52.27509],[-0.87307,52.28328],[-0.87856,52.28076],[-0.90397,52.28034]]]}},{"type":"Feature","properties":{"source_code":"B81043","codes":["B81043"],"label":"SOUTH AXHOLME PRACTICE"},"geometry":{"type":"Polygon","coordinates":[[[-0.80063,53.45576],[-0.91324,53.4717],[-0.91118,53.48028],[-0.95306,53.486],[-0.93933,53.5248],[-0.90912,53.53092],[-0.89264,53.52806],[-0.88921,53.53868],[-0.90088,53.54398],[-0.90157,53.55744],[-0.9256,53.56886],[-0.9201,53.58232],[-0.87341,53.57905],[-0.82878,53.58802],[-0.74776,53.57579],[-0.75119,53.56315],[-0.74913,53.55663],[-0.73952,53.55051],[-0.74089,53.54357],[-0.7457,53.53827],[-0.74295,53.53215],[-0.7402,53.5248],[-0.74501,53.51868],[-0.74776,53.51133],[-0.75394,53.50438],[-0.76424,53.50234],[-0.77042,53.49703],[-0.77522,53.49417],[-0.77934,53.48845],[-0.7766,53.48355],[-0.78209,53.48028],[-0.78827,53.47742],[-0.78964,53.47415],[-0.78964,53.47007],[-0.78896,53.4668],[-0.79102,53.46353],[-0.80063,53.45576]]]}},{"type":"Feature","properties":{"source_code":"C84692","codes":["C84692"],"label":"NORTH LEVERTON SURGERY"},"geometry":{"type":"MultiPolygon","coordinates":[[[[-0.7655,53.29804],[-0.76544,53.29924],[-0.76243,53.30062],[-0.76012,53.30031],[-0.7655,53.29804]]],[[[-0.87307,53.33087],[-0.87341,53.34235],[-0.86998,53.36121],[-0.86655,53.36612],[-0.85625,53.36571],[-0.83878,53.37491],[-0.83425,53.37561],[-0.82728,53.37537],[-0.82054,53.37718],[-0.83084,53.38292],[-0.81921,53.38614],[-0.81232,53.38699],[-0.80338,53.3866],[-0.79702,53.38671],[-0.79319,53.38368],[-0.79398,53.38265],[-0.78552,53.382],[-0.78736,53.38315],[-0.7893,53.38364],[-0.79256,53.38318],[-0.79319,53.38368],[-0.79084,53.38673],[-0.79084,53.3853],[-0.7866,53.38361],[-0.78462,53.38329],[-0.782,53.38156],[-0.79205,53.37754],[-0.78518,53.37626],[-0.79063,53.36979],[-0.79151,53.36757],[-0.79162,53.36423],[-0.79205,53.36306],[-0.78746,53.36054],[-0.78029,53.36054],[-0.77563,53.3594],[-0.77638,53.35703],[-0.77029,53.3527],[-0.76842,53.35045],[-0.7717,53.35096],[-0.77119,53.34466],[-0.7696,53.34032],[-0.7651,53.34132],[-0.76681,53.3351],[-0.7681,53.33062],[-0.76973,53.32165],[-0.75712,53.3218],[-0.76136,53.32101],[-0.75816,53.31728],[-0.76424,53.32144],[-0.76252,53.31754],[-0.75514,53.3116],[-0.75582,53.30849],[-0.76373,53.30436],[-0.76732,53.30011],[-0.76621,53.29774],[-0.7655,53.29804],[-0.76561,53.2958],[-0.76938,53.29703],[-0.77316,53.29744],[-0.77608,53.29026],[-0.78072,53.28369],[-0.7802,53.2763],[-0.77008,53.2722],[-0.77763,53.26563],[-0.80407,53.26069],[-0.83805,53.2685],[-0.85762,53.28143],[-0.86947,53.3037],[-0.87307,53.33087]]]]}},{"type":"Feature","properties":{"source_code":"C84660","codes":["C84660"],"label":"HOUNSFIELD SURGERY"},"geometry":{"type":"Polygon","coordinates":[[[-0.9574,53.1743],[-0.9274,53.19763],[-0.91066,53.20943],[-0.90448,53.21247],[-0.90088,53.21263],[-0.90002,53.2131],[-0.89908,53.21321],[-0.89775,53.21292],[-0.89684,53.21162],[-0.89478,53.21139],[-0.8923,53.21117],[-0.88946,53.21136],[-0.88384,53.21136],[-0.87982,53.21094],[-0.877,53.21053],[-0.87341,53.21017],[-0.86749,53.21083],[-0.86646,53.21592],[-0.86174,53.21624],[-0.8529,53.2263],[-0.84955,53.22628],[-0.84552,53.22596],[-0.83676,53.22501],[-0.82646,53.22448],[-0.82363,53.22463],[-0.82243,53.22545],[-0.81908,53.23206],[-0.81011,53.234],[-0.80359,53.24082],[-0.79769,53.24289],[-0.79059,53.24547],[-0.78719,53.24605],[-0.7846,53.24612],[-0.77926,53.24467],[-0.77892,53.24122],[-0.77738,53.23931],[-0.77868,53.23719],[-0.77877,53.23497],[-0.78265,53.22986],[-0.78413,53.22454],[-0.77856,53.21987],[-0.77769,53.21806],[-0.7775,53.21635],[-0.77575,53.21509],[-0.77696,53.21409],[-0.77885,53.21319],[-0.77916,53.21176],[-0.77828,53.21083],[-0.77826,53.20991],[-0.77641,53.20822],[-0.77594,53.20705],[-0.78007,53.20522],[-0.78101,53.20376],[-0.78023,53.2023],[-0.77816,53.20084],[-0.77747,53.19948],[-0.77938,53.19805],[-0.78112,53.196],[-0.78218,53.19436],[-0.78164,53.19221],[-0.78195,53.19139],[-0.78382,53.19075],[-0.78518,53.19062],[-0.78927,53.19119],[-0.79113,53.19042],[-0.79179,53.18914],[-0.79275,53.18773],[-0.79303,53.18591],[-0.79099,53.18317],[-0.79139,53.18279],[-0.79452,53.18221],[-0.79565,53.18104],[-0.79481,53.17973],[-0.78761,53.17866],[-0.78522,53.1778],[-0.78542,53.17556],[-0.78664,53.17332],[-0.7846,53.16944],[-0.78702,53.16823],[-0.78945,53.16795],[-0.79153,53.17055],[-0.79644,53.17133],[-0.80067,53.17006],[-0.80133,53.1688],[-0.80061,53.16755],[-0.79745,53.16545],[-0.80076,53.16146],[-0.80155,53.15824],[-0.79989,53.15765],[-0.79857,53.1583],[-0.79325,53.15984],[-0.79024,53.16041],[-0.7881,53.15984],[-0.78724,53.15933],[-0.78707,53.15799],[-0.78896,53.15593],[-0.79067,53.15495],[-0.79531,53.15385],[-0.7984,53.15151],[-0.7929,53.14739],[-0.79162,53.14389],[-0.7929,53.14018],[-0.79677,53.1375],[-0.79904,53.13606],[-0.80166,53.13503],[-0.80458,53.13174],[-0.80526,53.12875],[-0.80552,53.12664],[-0.8075,53.12411],[-0.80887,53.12288],[-0.80921,53.12164],[-0.80904,53.12025],[-0.80681,53.11948],[-0.80183,53.11701],[-0.80544,53.11051],[-0.80629,53.10969],[-0.80732,53.10876],[-0.80818,53.10786],[-0.8087,53.10696],[-0.80853,53.10606],[-0.8099,53.10495],[-0.81106,53.10335],[-0.81273,53.10196],[-0.81745,53.10227],[-0.82569,53.10474],[-0.83217,53.10487],[-0.83844,53.1059],[-0.84406,53.10642],[-0.84917,53.10634],[-0.85402,53.10732],[-0.85711,53.11005],[-0.85886,53.11115],[-0.86105,53.11219],[-0.86543,53.11752],[-0.86822,53.11925],[-0.87135,53.12041],[-0.87873,53.12525],[-0.88275,53.12695],[-0.88749,53.12827],[-0.89101,53.13032],[-0.89382,53.13187],[-0.89534,53.13286],[-0.89916,53.13601],[-0.90354,53.13974],[-0.90821,53.14264],[-0.91227,53.14552],[-0.916,53.14868],[-0.9192,53.15154],[-0.92468,53.15631],[-0.92593,53.15771],[-0.92658,53.1591],[-0.92788,53.16189],[-0.93375,53.16596],[-0.93733,53.16717],[-0.94154,53.1674],[-0.94508,53.16766],[-0.94691,53.16822],[-0.94765,53.16914],[-0.94787,53.16995],[-0.94947,53.17061],[-0.95031,53.17117],[-0.95196,53.17232],[-0.95474,53.17336],[-0.95639,53.17386],[-0.9574,53.1743]]]}},{"type":"Feature","properties":{"source_code":"K83021","codes":["K83021"],"label":"ROTHWELL MEDICAL CENTRE"},"geometry":{"type":"MultiPolygon","coordinates":[[[[-0.88303,52.38079],[-0.88509,52.37811],[-0.89049,52.37817],[-0.89298,52.38026],[-0.89101,52.38194],[-0.88723,52.3822],[-0.88303,52.38079]]],[[[-0.76758,52.39697],[-0.80054,52.39472],[-0.86346,52.41017],[-0.89972,52.42477],[-0.88818,52.44837],[-0.89024,52.46401],[-0.8717,52.48184],[-0.83436,52.48163],[-0.80715,52.45224],[-0.75686,52.44011],[-0.74587,52.4198],[-0.76415,52.40404],[-0.76758,52.39697]]]]}},{"type":"Feature","properties":{"source_code":"C84029","codes":["C84029"],"label":"LOMBARD MEDICAL CENTRE"},"geometry":{"type":"Polygon","coordinates":[[[-0.72647,53.03254],[-0.80887,52.99867],[-0.94414,53.0247],[-0.86655,53.06433],[-0.89058,53.08413],[-0.85213,53.09402],[-0.87479,53.12823],[-0.79994,53.12617],[-0.76698,53.10145],[-0.73196,53.08206],[-0.72647,53.03254]]]}},{"type":"Feature","properties":{"source_code":"C82076","codes":["C82076"],"label":"THE WELBY PRACTICE"},"geometry":{"type":"Polygon","coordinates":[[[-0.92887,52.95886],[-0.78356,53.01097],[-0.75344,53.00565],[-0.72882,52.99207],[-0.72184,52.98173],[-0.7126,52.97546],[-0.70886,52.96877],[-0.67009,52.95065],[-0.65746,52.93355],[-0.68123,52.91935],[-0.67642,52.91107],[-0.67064,52.90433],[-0.66924,52.90174],[-0.66381,52.89962],[-0.65757,52.89992],[-0.65162,52.9007],[-0.6486,52.89444],[-0.64704,52.88781],[-0.62395,52.86959],[-0.6348,52.82435],[-0.64097,52.81347],[-0.63786,52.80278],[-0.69466,52.76022],[-0.73453,52.75537],[-0.77646,52.75655],[-0.87309,52.78078],[-0.92566,52.81713],[-0.95592,52.858],[-0.92887,52.95886]]]}},{"type":"Feature","properties":{"source_code":"C84009","codes":["C84009"],"label":"BARNBY GATE SURGERY"},"geometry":{"type":"Polygon","coordinates":[[[-0.72523,53.11559],[-0.71758,53.11328],[-0.71482,53.112],[-0.71005,53.10992],[-0.70822,53.10939],[-0.7076,53.10869],[-0.71136,53.10474],[-0.7045,53.08083],[-0.70348,53.07733],[-0.70036,53.07663],[-0.69775,53.07661],[-0.69386,53.07597],[-0.69023,53.07498],[-0.68544,53.0724],[-0.68829,53.06973],[-0.68755,53.06448],[-0.68588,53.05776],[-0.68594,53.05558],[-0.68707,53.0473],[-0.69374,53.04358],[-0.6945,53.04249],[-0.6944,53.03903],[-0.69566,53.0348],[-0.69826,53.03278],[-0.69984,53.03004],[-0.72573,53.00916],[-0.7343,53.00863],[-0.73376,53.00263],[-0.73356,52.99455],[-0.75065,52.98365],[-0.76347,52.99155],[-0.76412,52.99689],[-0.76667,52.99779],[-0.7868,53.00387],[-0.79595,53.0053],[-0.80406,53.00776],[-0.84795,53.01734],[-0.8509,53.0147],[-0.8537,53.01238],[-0.85641,53.01388],[-0.86204,53.01733],[-0.86513,53.01955],[-0.86694,53.02192],[-0.88009,53.02568],[-0.88814,53.02883],[-0.88796,53.04302],[-0.86723,53.07567],[-0.87925,53.07815],[-0.88131,53.07918],[-0.86616,53.08312],[-0.86509,53.08428],[-0.87032,53.08712],[-0.88603,53.09458],[-0.88487,53.0965],[-0.8832,53.09771],[-0.88054,53.10022],[-0.87925,53.10325],[-0.87521,53.10756],[-0.87426,53.11156],[-0.87321,53.12106],[-0.87895,53.12488],[-0.88641,53.12778],[-0.89356,53.13135],[-0.90015,53.13694],[-0.83312,53.13274],[-0.81507,53.14556],[-0.81131,53.14602],[-0.80582,53.15398],[-0.79784,53.15102],[-0.79433,53.14872],[-0.7934,53.14756],[-0.79239,53.14471],[-0.79188,53.14357],[-0.79257,53.14252],[-0.79353,53.14039],[-0.79801,53.13673],[-0.80323,53.13321],[-0.80522,53.12861],[-0.8056,53.12692],[-0.80683,53.1255],[-0.80878,53.12239],[-0.80803,53.11993],[-0.80482,53.11847],[-0.80322,53.11779],[-0.8023,53.11695],[-0.80486,53.11154],[-0.80474,53.11069],[-0.8035,53.10984],[-0.79502,53.10959],[-0.79357,53.10831],[-0.79306,53.10698],[-0.79141,53.10579],[-0.79119,53.10526],[-0.79054,53.10473],[-0.78899,53.10455],[-0.7843,53.10532],[-0.78192,53.10588],[-0.7784,53.10629],[-0.7784,53.10546],[-0.77772,53.10479],[-0.77485,53.10342],[-0.77249,53.10239],[-0.76719,53.10612],[-0.75958,53.1109],[-0.75329,53.11804],[-0.74797,53.12104],[-0.74424,53.12068],[-0.73827,53.1195],[-0.72523,53.11559]]]}},{"type":"Feature","properties":{"source_code":"C84019","codes":["C84019"],"label":"FOUNTAIN MEDICAL CENTRE"},"geometry":{"type":"Polygon","coordinates":[[[-0.85213,53.14348],[-0.80292,53.1326],[-0.80338,53.13318],[-0.80014,53.13198],[-0.79994,53.13194],[-0.79991,53.1319],[-0.7766,53.12329],[-0.76561,53.10639],[-0.70656,53.07877],[-0.72166,53.03048],[-0.72318,53.0324],[-0.80544,53.01809],[-0.89058,53.02428],[-0.88371,53.05071],[-0.86586,53.07629],[-0.88028,53.10268],[-0.8844,53.12782],[-0.85213,53.14348]]]}},{"type":"Feature","properties":{"source_code":"B82025","codes":["B82025"],"label":"DERWENT PRACTICE"},"geometry":{"type":"Polygon","coordinates":[[[-0.77316,54.22109],[-0.76734,54.21978],[-0.72784,54.21587],[-0.70121,54.20997],[-0.69901,54.20985],[-0.67967,54.20519],[-0.66811,54.20262],[-0.6657,54.20155],[-0.6633,54.20101],[-0.66068,54.19932],[-0.65348,54.19613],[-0.64819,54.19458],[-0.64724,54.19291],[-0.63721,54.18374],[-0.62965,54.16927],[-0.64325,54.15217],[-0.64407,54.14394],[-0.64407,54.13959],[-0.63995,54.13428],[-0.63645,54.12471],[-0.63494,54.12197],[-0.62724,54.11294],[-0.62093,54.10752],[-0.62073,54.10772],[-0.6209,54.10749],[-0.6118,54.09967],[-0.62213,54.10585],[-0.62224,54.10569],[-0.61935,54.10128],[-0.62023,54.10025],[-0.61971,54.09751],[-0.61661,54.10128],[-0.61962,54.09703],[-0.6194,54.09591],[-0.61937,54.09585],[-0.61523,54.10128],[-0.61523,54.09001],[-0.61718,54.08657],[-0.61249,54.09041],[-0.62485,54.06946],[-0.62547,54.07199],[-0.62584,54.07133],[-0.62553,54.06825],[-0.62723,54.06889],[-0.62759,54.06825],[-0.63446,54.06181],[-0.63812,54.05966],[-0.6427,54.05294],[-0.66467,54.04165],[-0.66451,54.04285],[-0.66879,54.03762],[-0.67017,54.02875],[-0.67302,54.02814],[-0.67291,54.02794],[-0.67751,54.02717],[-0.71136,54.01987],[-0.71234,54.02207],[-0.73883,54.01584],[-0.79647,54.01584],[-0.79651,54.01584],[-0.79656,54.01584],[-0.8075,54.01584],[-0.85693,54.01584],[-0.90088,54.01422],[-0.90637,54.0352],[-0.91461,54.05133],[-0.91461,54.05133],[-0.93384,54.05939],[-0.93384,54.07014],[-0.93933,54.07551],[-0.93444,54.10419],[-0.93826,54.11238],[-0.95099,54.12583],[-0.96405,54.13348],[-0.98602,54.14635],[-0.96308,54.13809],[-0.98697,54.15674],[-0.98877,54.156],[-0.98877,54.15815],[-0.99426,54.16243],[-0.98877,54.16529],[-0.98877,54.17208],[-0.98021,54.17488],[-0.98808,54.17248],[-0.93521,54.19619],[-0.93011,54.19677],[-0.91187,54.20744],[-0.86367,54.21214],[-0.85375,54.21425],[-0.86243,54.21868],[-0.8441,54.21868],[-0.83642,54.21868],[-0.82762,54.21868],[-0.81166,54.21868],[-0.81505,54.22069],[-0.78637,54.22019],[-0.7869,54.22109],[-0.77316,54.22109]],[[-0.62248,54.10606],[-0.62244,54.10599],[-0.62241,54.10601],[-0.62248,54.10606]]]}},{"type":"Feature","properties":{"source_code":"B82046","codes":["B82046"],"label":"STAITHES SURGERY"},"geometry":{"type":"Polygon","coordinates":[[[-0.89886,54.57092],[-0.89573,54.57326],[-0.89161,54.58022],[-0.77076,54.56629],[-0.66673,54.51929],[-0.66536,54.50653],[-0.64922,54.49656],[-0.65746,54.484],[-0.66536,54.47383],[-0.69077,54.46744],[-0.71703,54.46236],[-0.76355,54.46305],[-0.77308,54.4643],[-0.7784,54.47173],[-0.79067,54.48066],[-0.7978,54.49018],[-0.81222,54.50187],[-0.81659,54.50504],[-0.84938,54.50504],[-0.85934,54.50175],[-0.86792,54.50225],[-0.88697,54.49926],[-0.89453,54.5158],[-0.89968,54.52444],[-0.90285,54.53323],[-0.90251,54.53518],[-0.90062,54.53652],[-0.90414,54.54334],[-0.90285,54.54772],[-0.91277,54.56156],[-0.91298,54.56211],[-0.91148,54.5649],[-0.90448,54.56619],[-0.90041,54.56918],[-0.89886,54.57092]]]}},{"type":"Feature","properties":{"source_code":"Y05369","codes":["Y05369"],"label":"BALDERTON SURGERY"},"geometry":{"type":"Polygon","coordinates":[[[-0.71789,53.0313],[-0.73158,53.02941],[-0.74664,53.03061],[-0.76896,53.03801],[-0.79767,53.04315],[-0.81762,53.05256],[-0.8347,53.06015],[-0.80947,53.07644],[-0.80174,53.07789],[-0.79368,53.07712],[-0.77795,53.08034],[-0.77299,53.0833],[-0.76458,53.08433],[-0.74252,53.0849],[-0.7366,53.06608],[-0.71385,53.06556],[-0.71342,53.05917],[-0.71956,53.05906],[-0.72536,53.06061],[-0.74634,53.05195],[-0.72516,53.03662],[-0.71789,53.0313]]]}},{"type":"Feature","properties":{"source_code":"B81036","codes":["B81036"],"label":"POCKLINGTON GROUP PRACTICE"},"geometry":{"type":"Polygon","coordinates":[[[-0.91599,53.99001],[-0.79548,54.02048],[-0.65609,53.98587],[-0.63652,53.93184],[-0.69969,53.87399],[-0.74158,53.85202],[-0.75316,53.84688],[-0.7675,53.84822],[-0.78003,53.8485],[-0.79256,53.85162],[-0.80629,53.85151],[-0.82071,53.85182],[-0.84612,53.85789],[-0.88234,53.87257],[-0.88457,53.87459],[-0.92766,53.92699],[-0.91599,53.99001]]]}},{"type":"Feature","properties":{"source_code":"B82033","codes":["B82033"],"label":"PICKERING MEDICAL PRACTICE"},"geometry":{"type":"MultiPolygon","coordinates":[[[[-0.90831,54.25833],[-0.90813,54.25804],[-0.91358,54.26011],[-0.91519,54.2637],[-0.90831,54.25833]]],[[[-0.91519,54.2637],[-0.91547,54.26392],[-0.91548,54.26403],[-0.91534,54.26404],[-0.91519,54.2637]]],[[[-0.91548,54.26403],[-0.91564,54.26402],[-0.91548,54.26404],[-0.91548,54.26403]]],[[[-0.62176,54.23494],[-0.63515,54.21497],[-0.76235,54.17369],[-0.84114,54.175],[-0.86466,54.18705],[-0.90813,54.25804],[-0.90775,54.2579],[-0.90831,54.25833],[-0.91192,54.26422],[-0.91187,54.26422],[-0.91192,54.26422],[-0.91204,54.26442],[-0.91345,54.26426],[-0.91547,54.26432],[-0.91535,54.26405],[-0.91548,54.26404],[-0.91993,54.3022],[-0.95976,54.40864],[-0.69128,54.33845],[-0.65103,54.2779],[-0.62176,54.23494]]],[[[-0.91192,54.26422],[-0.91534,54.26404],[-0.91535,54.26405],[-0.91345,54.26426],[-0.91192,54.26422],[-0.91192,54.26422]]]]}},{"type":"Feature","properties":{"source_code":"C83018","codes":["C83018"],"label":"CLEVELAND SURGERY"},"geometry":{"type":"MultiPolygon","coordinates":[[[[-0.81021,53.42081],[-0.8102,53.4208],[-0.81025,53.42078],[-0.81021,53.42081]]],[[[-0.8102,53.4208],[-0.78022,53.43142],[-0.77011,53.43084],[-0.75217,53.41623],[-0.74655,53.41358],[-0.7375,53.40993],[-0.72787,53.407],[-0.7266,53.40617],[-0.7264,53.40478],[-0.72782,53.39774],[-0.72948,53.39041],[-0.73235,53.38569],[-0.73272,53.38411],[-0.73275,53.38022],[-0.73202,53.37513],[-0.73239,53.37072],[-0.73373,53.3691],[-0.73548,53.36677],[-0.73762,53.36496],[-0.74128,53.36323],[-0.74587,53.36275],[-0.7539,53.36264],[-0.75815,53.36264],[-0.77219,53.36254],[-0.77335,53.36414],[-0.77494,53.36478],[-0.77663,53.36436],[-0.77746,53.36351],[-0.77861,53.36251],[-0.77879,53.36189],[-0.78009,53.36147],[-0.78298,53.36136],[-0.78576,53.36215],[-0.79015,53.36311],[-0.79062,53.36359],[-0.79066,53.36494],[-0.79022,53.36613],[-0.79058,53.36782],[-0.7903,53.36921],[-0.78923,53.3702],[-0.78772,53.37244],[-0.78573,53.37473],[-0.78312,53.376],[-0.77965,53.37678],[-0.77626,53.37727],[-0.77529,53.37774],[-0.77622,53.37876],[-0.77866,53.38051],[-0.78047,53.38192],[-0.78268,53.38314],[-0.78482,53.38393],[-0.78722,53.38448],[-0.79,53.38538],[-0.79063,53.38591],[-0.78956,53.38662],[-0.78764,53.38655],[-0.78459,53.38652],[-0.78289,53.38698],[-0.7807,53.38792],[-0.77776,53.38938],[-0.7761,53.39138],[-0.77693,53.39331],[-0.77722,53.39422],[-0.77701,53.39614],[-0.77753,53.39768],[-0.77877,53.39904],[-0.78132,53.39983],[-0.78449,53.4013],[-0.7867,53.40276],[-0.78864,53.40485],[-0.78986,53.40731],[-0.79094,53.40895],[-0.7916,53.41107],[-0.79092,53.4126],[-0.78863,53.41402],[-0.78836,53.41492],[-0.78963,53.41551],[-0.791,53.41529],[-0.79246,53.41473],[-0.79463,53.4146],[-0.7983,53.41565],[-0.8022,53.41674],[-0.80515,53.41768],[-0.80911,53.41984],[-0.8102,53.4208]]]]}},{"type":"Feature","properties":{"source_code":"C83044","codes":["C83044"],"label":"CASKGATE STREET SURGERY"},"geometry":{"type":"Polygon","coordinates":[[[-0.71826,53.41955],[-0.71984,53.41502],[-0.72032,53.41114],[-0.72193,53.40575],[-0.72233,53.40424],[-0.72662,53.39391],[-0.72671,53.39088],[-0.72257,53.38435],[-0.722,53.37894],[-0.72248,53.37218],[-0.72412,53.36515],[-0.72525,53.36348],[-0.7307,53.36161],[-0.73463,53.3601],[-0.73662,53.35844],[-0.74202,53.35824],[-0.75194,53.35809],[-0.75852,53.35806],[-0.76526,53.35843],[-0.77207,53.36044],[-0.77599,53.36243],[-0.78201,53.36682],[-0.78514,53.36936],[-0.78764,53.37206],[-0.78592,53.37498],[-0.78052,53.37672],[-0.77527,53.37764],[-0.7764,53.37884],[-0.77751,53.37962],[-0.77808,53.38001],[-0.77904,53.38065],[-0.77971,53.38123],[-0.78167,53.38263],[-0.78275,53.38326],[-0.78404,53.3838],[-0.7888,53.38485],[-0.78932,53.38509],[-0.7899,53.38532],[-0.79055,53.38593],[-0.79028,53.38626],[-0.78955,53.38652],[-0.78753,53.38654],[-0.78517,53.3865],[-0.78365,53.38679],[-0.78139,53.38761],[-0.78008,53.38815],[-0.77935,53.38849],[-0.77806,53.38912],[-0.77741,53.38965],[-0.77668,53.39043],[-0.77641,53.39168],[-0.77724,53.39374],[-0.77695,53.39566],[-0.77705,53.39667],[-0.77773,53.39761],[-0.77885,53.39874],[-0.78001,53.39952],[-0.78395,53.40104],[-0.78771,53.40362],[-0.79137,53.41013],[-0.79132,53.41202],[-0.78936,53.41331],[-0.78809,53.41469],[-0.78916,53.41544],[-0.79257,53.41492],[-0.79358,53.41774],[-0.79355,53.4178],[-0.79357,53.41779],[-0.79434,53.41968],[-0.79512,53.421],[-0.79576,53.42273],[-0.79641,53.42405],[-0.7963,53.42544],[-0.79593,53.42654],[-0.7955,53.42728],[-0.79417,53.42817],[-0.7934,53.42865],[-0.79207,53.4295],[-0.79046,53.43047],[-0.78852,53.43106],[-0.78604,53.43157],[-0.78334,53.4322],[-0.78072,53.43271],[-0.77782,53.43313],[-0.77541,53.43339],[-0.77492,53.43345],[-0.7743,53.43375],[-0.77062,53.43588],[-0.76512,53.4382],[-0.7593,53.43922],[-0.75317,53.43851],[-0.74412,53.43841],[-0.73474,53.43723],[-0.7257,53.43692],[-0.72247,53.43602],[-0.72183,53.4332],[-0.72014,53.42908],[-0.71845,53.42517],[-0.71826,53.41955]]]}},{"type":"Feature","properties":{"source_code":"C83067","codes":["C83067"],"label":"LONG BENNINGTON MEDICAL CENTRE"},"geometry":{"type":"Polygon","coordinates":[[[-0.8492,53.02902],[-0.84988,53.0292],[-0.84374,53.02846],[-0.82801,53.02798],[-0.78032,53.03616],[-0.7458,53.04626],[-0.74004,53.04826],[-0.73748,53.04974],[-0.73175,53.0507],[-0.72513,53.05071],[-0.71534,53.04978],[-0.70387,53.04421],[-0.69577,53.04013],[-0.68456,53.03368],[-0.66961,53.03008],[-0.65123,53.02684],[-0.63366,52.99803],[-0.60789,52.96995],[-0.60478,52.96744],[-0.60442,52.96427],[-0.60706,52.96031],[-0.61266,52.95597],[-0.61569,52.95408],[-0.66377,52.94569],[-0.66998,52.94397],[-0.68339,52.93711],[-0.69535,52.9331],[-0.72667,52.92093],[-0.73515,52.91869],[-0.75207,52.91625],[-0.75775,52.91629],[-0.76879,52.92026],[-0.78074,52.92437],[-0.79657,52.92811],[-0.80741,52.93097],[-0.81256,52.9342],[-0.81606,52.93946],[-0.81662,52.94401],[-0.81996,52.94666],[-0.82487,52.95026],[-0.83674,52.95375],[-0.83696,52.95382],[-0.84455,52.95541],[-0.85249,52.95652],[-0.8578,52.95822],[-0.85903,52.95892],[-0.85957,52.96002],[-0.85975,52.96188],[-0.86002,52.96491],[-0.86138,52.97356],[-0.86337,52.98458],[-0.87747,53.02102],[-0.87692,53.0246],[-0.87458,53.02705],[-0.86467,53.03082],[-0.85783,53.03048],[-0.8492,53.02902]]]}},{"type":"Feature","properties":{"source_code":"C84045","codes":["C84045"],"label":"COLLINGHAM MEDICAL CENTRE"},"geometry":{"type":"MultiPolygon","coordinates":[[[[-0.71254,53.10462],[-0.71257,53.10443],[-0.71463,53.09959],[-0.72115,53.09547],[-0.71254,53.10462]]],[[[-0.61656,53.15113],[-0.61472,53.15336],[-0.61712,53.15089],[-0.61656,53.15113],[-0.63721,53.12607],[-0.63686,53.10887],[-0.65403,53.10608],[-0.65351,53.11402],[-0.65351,53.11525],[-0.66793,53.11814],[-0.66999,53.1169],[-0.6724,53.1169],[-0.67755,53.11237],[-0.67961,53.11299],[-0.68184,53.10917],[-0.68802,53.10845],[-0.68939,53.10722],[-0.69368,53.10845],[-0.69832,53.10856],[-0.70278,53.10804],[-0.70776,53.10845],[-0.70974,53.10758],[-0.64378,53.17748],[-0.64685,53.17499],[-0.71052,53.10724],[-0.70974,53.10758],[-0.71254,53.10462],[-0.71244,53.1052],[-0.72475,53.09207],[-0.73523,53.08794],[-0.73952,53.08176],[-0.76149,53.06371],[-0.76527,53.06402],[-0.76578,53.06608],[-0.7699,53.07557],[-0.76915,53.07618],[-0.77145,53.08031],[-0.77471,53.08392],[-0.77042,53.08062],[-0.77874,53.08768],[-0.78295,53.0914],[-0.78655,53.09469],[-0.78672,53.09516],[-0.78921,53.09722],[-0.79368,53.10011],[-0.79711,53.10175],[-0.79565,53.10279],[-0.79428,53.10443],[-0.79179,53.10624],[-0.79153,53.10732],[-0.79222,53.10881],[-0.79445,53.11],[-0.79591,53.11041],[-0.79814,53.11057],[-0.80011,53.11041],[-0.80269,53.11046],[-0.80372,53.11154],[-0.80303,53.11273],[-0.80097,53.11572],[-0.80029,53.11659],[-0.80312,53.11901],[-0.80595,53.12025],[-0.80715,53.12149],[-0.80689,53.12329],[-0.80612,53.12406],[-0.80492,53.12483],[-0.80389,53.12679],[-0.8032,53.12865],[-0.80235,53.13019],[-0.80029,53.13431],[-0.79685,53.13555],[-0.79136,53.13905],[-0.78981,53.14173],[-0.78999,53.14451],[-0.79119,53.14708],[-0.7929,53.14924],[-0.79393,53.15006],[-0.79651,53.15109],[-0.79634,53.15233],[-0.79376,53.15315],[-0.79119,53.15398],[-0.78827,53.15511],[-0.78655,53.15624],[-0.78569,53.15851],[-0.78569,53.16015],[-0.78793,53.16087],[-0.78981,53.16118],[-0.79205,53.16118],[-0.79411,53.16015],[-0.79617,53.15943],[-0.7996,53.15871],[-0.79994,53.16067],[-0.79874,53.16211],[-0.79737,53.16345],[-0.79582,53.16489],[-0.7972,53.16622],[-0.79874,53.16777],[-0.79943,53.16931],[-0.79599,53.17065],[-0.7929,53.17024],[-0.79136,53.16828],[-0.78827,53.16705],[-0.78449,53.16767],[-0.78329,53.17024],[-0.78552,53.1723],[-0.78535,53.17353],[-0.78398,53.1759],[-0.78415,53.17734],[-0.78552,53.1794],[-0.79084,53.1797],[-0.79376,53.18042],[-0.7929,53.18145],[-0.78947,53.18248],[-0.78947,53.18423],[-0.79102,53.18546],[-0.79153,53.18804],[-0.78896,53.1902],[-0.78655,53.18958],[-0.78278,53.18937],[-0.77986,53.1902],[-0.78037,53.19236],[-0.78003,53.19493],[-0.7778,53.1974],[-0.77505,53.19955],[-0.77694,53.20151],[-0.779,53.20285],[-0.77831,53.2049],[-0.77454,53.20603],[-0.77436,53.20788],[-0.7766,53.20953],[-0.77797,53.21251],[-0.77402,53.21508],[-0.77608,53.21672],[-0.77591,53.21899],[-0.77986,53.22248],[-0.78157,53.22433],[-0.78226,53.227],[-0.78054,53.22978],[-0.7778,53.23306],[-0.77694,53.2345],[-0.77711,53.23687],[-0.77625,53.23851],[-0.77694,53.24139],[-0.7778,53.24324],[-0.77642,53.24539],[-0.77505,53.24724],[-0.77557,53.24868],[-0.77711,53.25094],[-0.77625,53.25197],[-0.77351,53.25186],[-0.76956,53.25186],[-0.76801,53.2532],[-0.77059,53.25536],[-0.77179,53.25772],[-0.77213,53.26121],[-0.70656,53.2609],[-0.69935,53.25823],[-0.69214,53.25577],[-0.68424,53.25782],[-0.65884,53.23687],[-0.64957,53.22248],[-0.64442,53.21179],[-0.64579,53.19945],[-0.64819,53.18217],[-0.64022,53.18125],[-0.63944,53.18207],[-0.63,53.15655],[-0.61867,53.15861],[-0.60991,53.15665],[-0.60991,53.15398],[-0.61656,53.15113]]]]}},{"type":"Feature","properties":{"source_code":"B82086","codes":["B82086"],"label":"ESK VALLEY MEDICAL PRACTICE"},"geometry":{"type":"Polygon","coordinates":[[[-0.99667,54.44349],[-0.99255,54.48659],[-0.9795,54.49956],[-0.9656,54.50833],[-0.96036,54.5166],[-0.9586,54.51834],[-0.94382,54.51916],[-0.93677,54.525],[-0.92517,54.52716],[-0.916,54.533],[-0.89893,54.53769],[-0.89079,54.52203],[-0.87882,54.51112],[-0.8632,54.50868],[-0.84595,54.50554],[-0.80956,54.46305],[-0.79411,54.45457],[-0.78484,54.4403],[-0.7867,54.43774],[-0.79252,54.43508],[-0.80398,54.42987],[-0.81161,54.42392],[-0.82346,54.41883],[-0.84681,54.40944],[-0.87134,54.40863],[-0.89192,54.41292],[-0.90665,54.4156],[-0.93937,54.42025],[-0.94729,54.42315],[-0.94954,54.42615],[-0.97431,54.43304],[-0.99898,54.43316],[-0.99667,54.44349]]]}},{"type":"Feature","properties":{"source_code":"B81065","codes":["B81065"],"label":"TRENT VIEW MEDICAL PRACTICE"},"geometry":{"type":"MultiPolygon","coordinates":[[[[-0.67074,53.58009],[-0.67072,53.57972],[-0.67065,53.5774],[-0.67163,53.58057],[-0.67074,53.58009]]],[[[-0.67074,53.58009],[-0.67095,53.5848],[-0.67123,53.58872],[-0.67118,53.59232],[-0.66879,53.57905],[-0.67074,53.58009]]],[[[-0.7093,53.60524],[-0.70878,53.606],[-0.69753,53.60771],[-0.69315,53.60595],[-0.69074,53.60642],[-0.68456,53.60547],[-0.677,53.6056],[-0.66944,53.60666],[-0.67096,53.60381],[-0.6706,53.59974],[-0.67083,53.59761],[-0.67088,53.59619],[-0.67117,53.59273],[-0.67118,53.59232],[-0.6729,53.60188],[-0.6805,53.58772],[-0.67308,53.58527],[-0.67163,53.58057],[-0.68639,53.58846],[-0.69664,53.58881],[-0.70139,53.57006],[-0.70435,53.56509],[-0.705,53.56236],[-0.70492,53.56068],[-0.70544,53.55706],[-0.70913,53.56621],[-0.71474,53.55899],[-0.74061,53.55891],[-0.75618,53.55577],[-0.77312,53.55629],[-0.78525,53.55835],[-0.79739,53.56245],[-0.81548,53.57064],[-0.89045,53.57317],[-0.86929,53.603],[-0.83453,53.62367],[-0.78329,53.64311],[-0.71076,53.6661],[-0.71666,53.6355],[-0.71515,53.62473],[-0.70471,53.61761],[-0.71233,53.60582],[-0.7093,53.60524]]]]}},{"type":"Feature","properties":{"source_code":"C82010","codes":["C82010"],"label":"OAKHAM MEDICAL PRACTICE"},"geometry":{"type":"Polygon","coordinates":[[[-0.83791,52.6741],[-0.83864,52.67457],[-0.83956,52.67514],[-0.84099,52.67542],[-0.84385,52.67537],[-0.84873,52.67451],[-0.85573,52.67333],[-0.85703,52.67372],[-0.85889,52.6737],[-0.85906,52.67431],[-0.85849,52.67484],[-0.85914,52.67613],[-0.85811,52.67756],[-0.8563,52.68007],[-0.85557,52.6818],[-0.85484,52.68339],[-0.85522,52.68574],[-0.85501,52.68649],[-0.85574,52.68703],[-0.85521,52.68827],[-0.8579,52.69011],[-0.86073,52.69165],[-0.86324,52.69323],[-0.86704,52.69557],[-0.8733,52.69442],[-0.87534,52.69251],[-0.87843,52.69088],[-0.87977,52.68964],[-0.8818,52.68796],[-0.88273,52.68816],[-0.88447,52.68851],[-0.88674,52.68993],[-0.88684,52.69054],[-0.88859,52.69294],[-0.88857,52.69354],[-0.88854,52.69468],[-0.88863,52.69623],[-0.88873,52.69706],[-0.88813,52.69865],[-0.88823,52.69956],[-0.88859,52.70035],[-0.88647,52.70272],[-0.88539,52.7035],[-0.88417,52.70504],[-0.88383,52.7061],[-0.88315,52.70594],[-0.87811,52.70563],[-0.87731,52.70543],[-0.87381,52.70585],[-0.86685,52.70794],[-0.86547,52.70819],[-0.86302,52.70892],[-0.86151,52.70963],[-0.85951,52.70995],[-0.85552,52.71211],[-0.8527,52.71287],[-0.85266,52.71212],[-0.85125,52.71123],[-0.85033,52.71289],[-0.84945,52.71564],[-0.84835,52.71722],[-0.84857,52.71851],[-0.84879,52.71946],[-0.84732,52.72088],[-0.84688,52.72118],[-0.84345,52.72345],[-0.843,52.72413],[-0.84461,52.72687],[-0.84537,52.72858],[-0.84299,52.72908],[-0.84206,52.72911],[-0.84005,52.72955],[-0.83498,52.73056],[-0.83074,52.73036],[-0.82926,52.72982],[-0.82531,52.72861],[-0.82265,52.72771],[-0.82265,52.72764],[-0.82141,52.73004],[-0.82,52.73362],[-0.81783,52.73568],[-0.81612,52.73665],[-0.81466,52.73758],[-0.81007,52.74124],[-0.80892,52.74236],[-0.8058,52.74468],[-0.80537,52.74437],[-0.80364,52.74379],[-0.80177,52.74377],[-0.7976,52.74376],[-0.7841,52.74503],[-0.77369,52.74708],[-0.77256,52.74748],[-0.77199,52.75012],[-0.76928,52.75085],[-0.76721,52.75158],[-0.7662,52.7521],[-0.76461,52.75311],[-0.76156,52.75523],[-0.76004,52.75586],[-0.75803,52.75626],[-0.75639,52.75703],[-0.75494,52.75747],[-0.7532,52.75753],[-0.75274,52.75809],[-0.7527,52.7596],[-0.75145,52.75978],[-0.75019,52.76014],[-0.74868,52.76077],[-0.74798,52.76112],[-0.74537,52.76072],[-0.74326,52.76051],[-0.74196,52.76027],[-0.74114,52.76048],[-0.7394,52.76024],[-0.73686,52.75983],[-0.7345,52.75947],[-0.73196,52.75868],[-0.73005,52.75814],[-0.72769,52.75781],[-0.72418,52.75834],[-0.72111,52.75891],[-0.71736,52.75906],[-0.71075,52.75895],[-0.71013,52.75887],[-0.7097,52.75652],[-0.70977,52.75636],[-0.70342,52.75596],[-0.70337,52.75569],[-0.68444,52.75684],[-0.684,52.75476],[-0.68448,52.75336],[-0.68294,52.75085],[-0.68187,52.74895],[-0.68221,52.74206],[-0.68118,52.74096],[-0.67696,52.74235],[-0.67526,52.74297],[-0.67278,52.74446],[-0.66858,52.74517],[-0.66449,52.74663],[-0.66236,52.74695],[-0.65796,52.74819],[-0.65512,52.74925],[-0.65317,52.74987],[-0.6526,52.75009],[-0.65246,52.75066],[-0.64982,52.75116],[-0.6475,52.75155],[-0.64619,52.75176],[-0.6448,52.7522],[-0.64417,52.75257],[-0.6409,52.75329],[-0.63652,52.75403],[-0.63509,52.75383],[-0.63423,52.75344],[-0.63198,52.75137],[-0.62679,52.74594],[-0.61942,52.73851],[-0.61813,52.73812],[-0.61353,52.73769],[-0.61197,52.73759],[-0.61061,52.73728],[-0.60825,52.73498],[-0.60602,52.73457],[-0.60267,52.73423],[-0.60224,52.73389],[-0.60179,52.73241],[-0.60024,52.73034],[-0.6002,52.7297],[-0.60109,52.72911],[-0.60262,52.7278],[-0.60414,52.72721],[-0.60637,52.72561],[-0.61337,52.72312],[-0.615,52.72254],[-0.61126,52.72068],[-0.60974,52.71975],[-0.60461,52.71833],[-0.60294,52.71804],[-0.60197,52.7172],[-0.60049,52.71665],[-0.59683,52.71604],[-0.59553,52.71576],[-0.59696,52.70999],[-0.59615,52.71013],[-0.59461,52.70951],[-0.59451,52.70871],[-0.59523,52.70793],[-0.59581,52.70718],[-0.59592,52.70559],[-0.59594,52.70517],[-0.59639,52.7045],[-0.59748,52.7036],[-0.59787,52.70308],[-0.5974,52.70213],[-0.59667,52.70185],[-0.59501,52.70112],[-0.59497,52.70051],[-0.59586,52.69988],[-0.59594,52.69908],[-0.59575,52.69746],[-0.59707,52.69709],[-0.59819,52.69703],[-0.59986,52.69724],[-0.61241,52.69822],[-0.61319,52.68536],[-0.61251,52.6832],[-0.61601,52.68279],[-0.61807,52.68285],[-0.61673,52.6817],[-0.61402,52.6808],[-0.61205,52.68006],[-0.60811,52.67891],[-0.60602,52.67802],[-0.60394,52.67674],[-0.60218,52.67548],[-0.6006,52.67224],[-0.5992,52.67116],[-0.59858,52.66938],[-0.59785,52.66869],[-0.59722,52.66721],[-0.59941,52.66674],[-0.6015,52.66737],[-0.60419,52.66718],[-0.60837,52.66658],[-0.613,52.66592],[-0.61356,52.66587],[-0.61364,52.66582],[-0.61362,52.66587],[-0.61369,52.66579],[-0.61364,52.66582],[-0.61369,52.6657],[-0.6113,52.66457],[-0.60817,52.66325],[-0.60067,52.65628],[-0.60542,52.65384],[-0.60769,52.65269],[-0.609,52.65085],[-0.61081,52.64856],[-0.61063,52.64851],[-0.61056,52.64845],[-0.60803,52.64812],[-0.60403,52.64663],[-0.60257,52.64559],[-0.60184,52.64517],[-0.60192,52.64453],[-0.60268,52.64397],[-0.60365,52.64281],[-0.60583,52.6409],[-0.60284,52.64106],[-0.59877,52.63613],[-0.59896,52.63004],[-0.60677,52.62317],[-0.61817,52.62232],[-0.6206,52.62409],[-0.62107,52.623],[-0.62105,52.62171],[-0.62151,52.62088],[-0.62201,52.62063],[-0.62295,52.62064],[-0.62359,52.61977],[-0.62583,52.61988],[-0.62627,52.61977],[-0.62698,52.61872],[-0.62884,52.617],[-0.62907,52.61552],[-0.63062,52.61586],[-0.63191,52.61611],[-0.6342,52.61659],[-0.63624,52.61691],[-0.6384,52.61737],[-0.65712,52.62107],[-0.65742,52.62156],[-0.65919,52.62241],[-0.66144,52.62206],[-0.66206,52.62203],[-0.66219,52.62188],[-0.66743,52.61933],[-0.67449,52.61619],[-0.67819,52.61692],[-0.67886,52.61537],[-0.67901,52.61235],[-0.67838,52.6086],[-0.67899,52.60701],[-0.6784,52.6061],[-0.67906,52.60478],[-0.67946,52.60388],[-0.68156,52.60428],[-0.68229,52.60455],[-0.68339,52.60528],[-0.68657,52.60702],[-0.68849,52.60912],[-0.68963,52.61072],[-0.68978,52.6119],[-0.69032,52.61259],[-0.69044,52.61278],[-0.68998,52.61349],[-0.69014,52.61459],[-0.69094,52.61471],[-0.6921,52.61525],[-0.69478,52.61517],[-0.6962,52.61534],[-0.69863,52.61536],[-0.7003,52.61542],[-0.70217,52.61552],[-0.70434,52.61562],[-0.7062,52.61564],[-0.71368,52.61481],[-0.71285,52.61351],[-0.71281,52.61287],[-0.71303,52.61178],[-0.71392,52.61114],[-0.71471,52.61153],[-0.71702,52.61129],[-0.71914,52.61112],[-0.72031,52.61125],[-0.72297,52.61188],[-0.73018,52.6117],[-0.73172,52.61213],[-0.73333,52.61237],[-0.73524,52.61315],[-0.73789,52.61371],[-0.74036,52.61449],[-0.74268,52.6158],[-0.74554,52.61583],[-0.74843,52.61482],[-0.74862,52.61471],[-0.74923,52.61494],[-0.75237,52.61392],[-0.75536,52.61342],[-0.75673,52.61336],[-0.7604,52.61347],[-0.76424,52.61366],[-0.76734,52.61415],[-0.7684,52.61409],[-0.76915,52.61372],[-0.7699,52.61372],[-0.77239,52.61345],[-0.7737,52.61323],[-0.77488,52.61351],[-0.78236,52.61495],[-0.78334,52.6153],[-0.78673,52.61651],[-0.78796,52.61675],[-0.79216,52.6177],[-0.80336,52.61955],[-0.80589,52.62026],[-0.79971,52.62591],[-0.79755,52.62982],[-0.79658,52.63359],[-0.79524,52.63483],[-0.79297,52.6381],[-0.79291,52.63813],[-0.80183,52.63921],[-0.80422,52.64044],[-0.80786,52.63931],[-0.80995,52.64031],[-0.80878,52.64215],[-0.80962,52.64314],[-0.8099,52.64436],[-0.80749,52.64622],[-0.80903,52.64677],[-0.81213,52.64718],[-0.81399,52.64746],[-0.81664,52.64825],[-0.81985,52.64896],[-0.82221,52.64917],[-0.82322,52.65115],[-0.82351,52.65406],[-0.824,52.65452],[-0.82606,52.6564],[-0.82752,52.65762],[-0.82924,52.65843],[-0.82992,52.65878],[-0.83025,52.66011],[-0.83036,52.66098],[-0.82944,52.66267],[-0.83001,52.66472],[-0.83047,52.66613],[-0.83092,52.66798],[-0.8315,52.6695],[-0.83209,52.67072],[-0.83311,52.67205],[-0.8339,52.67274],[-0.83544,52.6734],[-0.83791,52.6741]]]}},{"type":"Feature","properties":{"source_code":"K83051","codes":["K83051"],"label":"WEAVERS MEDICAL"},"geometry":{"type":"Polygon","coordinates":[[[-0.80226,52.4432],[-0.79878,52.43987],[-0.80149,52.43613],[-0.79145,52.42823],[-0.78231,52.42574],[-0.78252,52.41854],[-0.7944,52.41605],[-0.79075,52.41502],[-0.78725,52.41401],[-0.78307,52.41352],[-0.77186,52.41355],[-0.76228,52.41247],[-0.75736,52.41038],[-0.75348,52.40877],[-0.73845,52.41535],[-0.73487,52.41717],[-0.73182,52.41888],[-0.72725,52.42116],[-0.69626,52.42189],[-0.67635,52.40985],[-0.64751,52.40724],[-0.63515,52.3954],[-0.62399,52.38335],[-0.65678,52.37843],[-0.66622,52.37927],[-0.66682,52.36947],[-0.66747,52.36455],[-0.66807,52.3597],[-0.67243,52.35735],[-0.68249,52.35547],[-0.68746,52.35668],[-0.68789,52.36012],[-0.6892,52.3612],[-0.69454,52.36234],[-0.69493,52.3644],[-0.69223,52.36572],[-0.69394,52.36876],[-0.69532,52.37152],[-0.69635,52.37275],[-0.6995,52.37262],[-0.70274,52.37281],[-0.70948,52.37172],[-0.71566,52.37177],[-0.72154,52.37324],[-0.72591,52.37617],[-0.72873,52.37953],[-0.7321,52.38288],[-0.73388,52.38452],[-0.73643,52.38579],[-0.73962,52.38656],[-0.74334,52.38708],[-0.74653,52.38825],[-0.74977,52.38982],[-0.75051,52.39402],[-0.75048,52.3982],[-0.7515,52.40231],[-0.75273,52.40532],[-0.75363,52.40676],[-0.75421,52.40737],[-0.75488,52.40807],[-0.75589,52.4089],[-0.7569,52.40957],[-0.76252,52.41154],[-0.77019,52.41298],[-0.77786,52.41296],[-0.78265,52.41264],[-0.78665,52.41284],[-0.79536,52.41529],[-0.8004,52.41662],[-0.8044,52.41686],[-0.81367,52.41591],[-0.81436,52.41709],[-0.81513,52.41748],[-0.81448,52.41987],[-0.81421,52.42216],[-0.81693,52.42485],[-0.81641,52.42703],[-0.81649,52.42851],[-0.82232,52.43352],[-0.8295,52.43448],[-0.83071,52.43516],[-0.83274,52.43545],[-0.83234,52.43722],[-0.83293,52.43878],[-0.8356,52.44125],[-0.83947,52.44246],[-0.84055,52.44631],[-0.83433,52.44858],[-0.82435,52.44903],[-0.81953,52.45075],[-0.80991,52.44927],[-0.80827,52.44568],[-0.80226,52.4432]]]}},{"type":"Feature","properties":{"source_code":"K83013","codes":["K83013"],"label":"ESKDAILL MEDICAL"},"geometry":{"type":"Polygon","coordinates":[[[-0.63274,52.38252],[-0.64991,52.38042],[-0.66158,52.37895],[-0.66776,52.37916],[-0.67875,52.37623],[-0.69008,52.3735],[-0.70553,52.37287],[-0.71686,52.37266],[-0.72544,52.3756],[-0.73162,52.38293],[-0.73643,52.38692],[-0.74879,52.38985],[-0.78175,52.4043],[-0.75325,52.40849],[-0.74364,52.41331],[-0.72784,52.41917],[-0.72132,52.42127],[-0.71377,52.42106],[-0.7069,52.42022],[-0.69866,52.42127],[-0.63274,52.38252]]]}},{"type":"Feature","properties":{"source_code":"B81041","codes":["B81041"],"label":"GILBERDYKE HEALTH CENTRE"},"geometry":{"type":"Polygon","coordinates":[[[-0.72784,53.70728],[-0.77986,53.69823],[-0.80947,53.70733],[-0.83612,53.70476],[-0.84372,53.72851],[-0.89264,53.74303],[-0.84045,53.79213],[-0.74638,53.81849],[-0.62622,53.83794],[-0.59189,53.76414],[-0.5864,53.75622],[-0.59875,53.7483],[-0.61798,53.73165],[-0.67291,53.72353],[-0.68665,53.70402],[-0.72784,53.70728]]]}},{"type":"Feature","properties":{"source_code":"K83039","codes":["K83039"],"label":"DRYLAND MEDICAL CENTRE"},"geometry":{"type":"Polygon","coordinates":[[[-0.68665,52.44314],[-0.59927,52.39538],[-0.66158,52.37377],[-0.68661,52.37366],[-0.70641,52.37177],[-0.72317,52.37371],[-0.74653,52.38748],[-0.74926,52.39778],[-0.77179,52.41635],[-0.77694,52.42619],[-0.74312,52.43896],[-0.68665,52.44314]]]}},{"type":"Feature","properties":{"source_code":"K83006","codes":["K83006"],"label":"HEADLANDS SURGERY"},"geometry":{"type":"MultiPolygon","coordinates":[[[[-0.71004,52.35452],[-0.70999,52.35422],[-0.71038,52.35458],[-0.71004,52.35452]]],[[[-0.71004,52.35452],[-0.71009,52.35486],[-0.70587,52.3538],[-0.71004,52.35452]]],[[[-0.71009,52.35486],[-0.71091,52.35507],[-0.71098,52.35514],[-0.71148,52.35522],[-0.71091,52.35507],[-0.71038,52.35458],[-0.72251,52.35668],[-0.77797,52.36323],[-0.78655,52.36504],[-0.78827,52.36386],[-0.81681,52.37161],[-0.81784,52.3718],[-0.82878,52.3735],[-0.82778,52.37368],[-0.82792,52.37371],[-0.82783,52.37373],[-0.82844,52.37382],[-0.80149,52.39896],[-0.75565,52.40106],[-0.72784,52.42116],[-0.69022,52.43774],[-0.70244,52.43582],[-0.71377,52.43634],[-0.71094,52.4444],[-0.68986,52.4379],[-0.68888,52.43833],[-0.68884,52.43826],[-0.68862,52.43838],[-0.68875,52.43809],[-0.68857,52.43776],[-0.6833,52.43179],[-0.6865,52.43395],[-0.67892,52.42001],[-0.68785,52.40996],[-0.68441,52.39655],[-0.63532,52.38597],[-0.64042,52.38262],[-0.63463,52.38252],[-0.64058,52.38252],[-0.66261,52.36805],[-0.66808,52.3661],[-0.66896,52.36564],[-0.67034,52.35789],[-0.70091,52.35435],[-0.70244,52.3538],[-0.71011,52.355],[-0.71009,52.35486]]],[[[-0.71959,52.36307],[-0.72033,52.36312],[-0.7148,52.35726],[-0.72307,52.35814],[-0.71268,52.35552],[-0.71121,52.35534],[-0.71959,52.36307]]],[[[-0.74326,52.36027],[-0.745,52.36045],[-0.738,52.35936],[-0.74326,52.36027]]],[[[-0.72009,52.36353],[-0.71583,52.36328],[-0.73402,52.39069],[-0.74703,52.38834],[-0.72009,52.36353],[-0.72075,52.36357],[-0.72037,52.36317],[-0.71961,52.36309],[-0.72009,52.36353]]],[[[-0.75938,52.38374],[-0.75417,52.38704],[-0.75471,52.38694],[-0.75938,52.38374]]]]}},{"type":"Feature","properties":{"source_code":"C82077","codes":["C82077"],"label":"THE UPPINGHAM SURGERY"},"geometry":{"type":"Polygon","coordinates":[[[-0.79263,52.65776],[-0.7745,52.67156],[-0.77189,52.67112],[-0.77112,52.67098],[-0.76767,52.67077],[-0.76339,52.67046],[-0.75974,52.66988],[-0.7589,52.66984],[-0.75203,52.67071],[-0.75025,52.67079],[-0.74723,52.67113],[-0.74273,52.67085],[-0.73911,52.67098],[-0.73577,52.67091],[-0.7346,52.67097],[-0.73415,52.67116],[-0.7326,52.67081],[-0.73195,52.67023],[-0.72996,52.66987],[-0.72818,52.66954],[-0.72679,52.66956],[-0.72581,52.66884],[-0.72537,52.66884],[-0.72458,52.66893],[-0.7236,52.66831],[-0.72295,52.6678],[-0.72185,52.66741],[-0.71896,52.66718],[-0.71657,52.66712],[-0.71367,52.66732],[-0.70987,52.66776],[-0.70853,52.66781],[-0.70707,52.66816],[-0.70464,52.66953],[-0.70238,52.67075],[-0.6994,52.6715],[-0.69509,52.6724],[-0.69067,52.67333],[-0.68725,52.67397],[-0.68284,52.67433],[-0.67756,52.67424],[-0.67399,52.6744],[-0.67203,52.67458],[-0.66819,52.67477],[-0.66413,52.67459],[-0.65909,52.67382],[-0.65465,52.67316],[-0.64785,52.67173],[-0.641,52.67006],[-0.63834,52.66953],[-0.63772,52.66996],[-0.63493,52.6701],[-0.63129,52.66914],[-0.63088,52.66802],[-0.62905,52.66783],[-0.62058,52.66611],[-0.6177,52.66563],[-0.61648,52.66558],[-0.61374,52.66586],[-0.60972,52.66642],[-0.60514,52.66698],[-0.60195,52.66731],[-0.60162,52.66741],[-0.5993,52.66677],[-0.59728,52.66729],[-0.59448,52.66783],[-0.5923,52.66811],[-0.59267,52.66879],[-0.59249,52.66909],[-0.59385,52.67192],[-0.5928,52.67316],[-0.5916,52.67429],[-0.59029,52.67522],[-0.58947,52.6765],[-0.58906,52.67704],[-0.58883,52.67734],[-0.5884,52.67693],[-0.58859,52.67605],[-0.58805,52.6756],[-0.5865,52.67521],[-0.58481,52.67428],[-0.58501,52.67337],[-0.58563,52.67284],[-0.58649,52.67227],[-0.5869,52.6716],[-0.58697,52.67096],[-0.58721,52.67059],[-0.58635,52.66949],[-0.58406,52.67001],[-0.58107,52.67119],[-0.58028,52.67152],[-0.57938,52.67005],[-0.56617,52.67057],[-0.56438,52.67092],[-0.55464,52.6725],[-0.55094,52.67323],[-0.55096,52.67094],[-0.55165,52.66523],[-0.55164,52.66398],[-0.55211,52.66321],[-0.54849,52.65993],[-0.5462,52.6599],[-0.54356,52.65916],[-0.53885,52.6585],[-0.53414,52.65803],[-0.53032,52.65727],[-0.52506,52.65653],[-0.51913,52.65588],[-0.51486,52.65539],[-0.51325,52.65516],[-0.50946,52.65062],[-0.5058,52.64692],[-0.50271,52.64458],[-0.49885,52.64185],[-0.49612,52.64033],[-0.4937,52.63945],[-0.49117,52.63874],[-0.49003,52.63805],[-0.49202,52.63683],[-0.49323,52.63559],[-0.4935,52.63414],[-0.49361,52.63258],[-0.4942,52.63141],[-0.49621,52.62974],[-0.49809,52.62848],[-0.49912,52.62764],[-0.50081,52.62682],[-0.50247,52.62545],[-0.50404,52.62503],[-0.50202,52.62555],[-0.5005,52.62441],[-0.50121,52.62334],[-0.50321,52.62331],[-0.50127,52.61832],[-0.50142,52.61703],[-0.50162,52.6147],[-0.50347,52.61425],[-0.50726,52.61392],[-0.50729,52.61139],[-0.50736,52.60929],[-0.50752,52.60455],[-0.51661,52.60379],[-0.51833,52.60371],[-0.52058,52.60306],[-0.52213,52.60149],[-0.52237,52.59939],[-0.5215,52.59556],[-0.52155,52.5939],[-0.52153,52.59112],[-0.52143,52.58926],[-0.52373,52.58862],[-0.52528,52.5887],[-0.52546,52.58657],[-0.54033,52.5806],[-0.55005,52.57402],[-0.5564,52.57166],[-0.55882,52.5723],[-0.55924,52.57142],[-0.56217,52.5719],[-0.56247,52.57099],[-0.56266,52.57055],[-0.56206,52.57014],[-0.5623,52.56946],[-0.5598,52.5696],[-0.56383,52.56701],[-0.56261,52.56693],[-0.56058,52.56623],[-0.55986,52.56595],[-0.55961,52.56523],[-0.55795,52.5598],[-0.55695,52.56002],[-0.55434,52.56006],[-0.55178,52.56013],[-0.54679,52.5598],[-0.54561,52.56019],[-0.54436,52.56116],[-0.54302,52.56148],[-0.54125,52.56129],[-0.53966,52.56062],[-0.53695,52.56018],[-0.53389,52.56045],[-0.53181,52.5612],[-0.52897,52.56161],[-0.52665,52.5628],[-0.52683,52.55908],[-0.53382,52.55592],[-0.5428,52.54811],[-0.55536,52.54228],[-0.55903,52.53887],[-0.56313,52.53547],[-0.5669,52.52718],[-0.5647,52.52658],[-0.56137,52.52654],[-0.55423,52.52453],[-0.55006,52.52461],[-0.54736,52.5242],[-0.54648,52.52375],[-0.54478,52.52164],[-0.5471,52.52193],[-0.55119,52.52073],[-0.55478,52.51797],[-0.55831,52.51517],[-0.56438,52.51612],[-0.56583,52.51736],[-0.56705,52.51751],[-0.56863,52.51834],[-0.56951,52.51852],[-0.57275,52.51954],[-0.57384,52.52016],[-0.57716,52.52044],[-0.5797,52.51411],[-0.57567,52.51328],[-0.5806,52.5084],[-0.58775,52.51041],[-0.59217,52.50915],[-0.60058,52.5043],[-0.60055,52.50028],[-0.60365,52.50194],[-0.60817,52.5045],[-0.60864,52.50745],[-0.60677,52.5102],[-0.60219,52.51089],[-0.6003,52.51267],[-0.59395,52.51789],[-0.59104,52.52238],[-0.59481,52.52479],[-0.5991,52.5251],[-0.60357,52.52301],[-0.60751,52.5228],[-0.61129,52.52218],[-0.61592,52.52301],[-0.62038,52.52332],[-0.62262,52.52332],[-0.62433,52.52301],[-0.62553,52.52301],[-0.62656,52.52259],[-0.63051,52.52082],[-0.63326,52.51915],[-0.63755,52.51831],[-0.64081,52.51842],[-0.64579,52.51737],[-0.64991,52.51706],[-0.64922,52.51424],[-0.64768,52.51131],[-0.65042,52.50964],[-0.65128,52.50849],[-0.65031,52.50502],[-0.65274,52.50525],[-0.6584,52.50518],[-0.666,52.5033],[-0.67616,52.50084],[-0.67854,52.50283],[-0.68062,52.50739],[-0.68278,52.50958],[-0.68673,52.51091],[-0.69127,52.5111],[-0.69692,52.5115],[-0.70173,52.51026],[-0.7067,52.50714],[-0.71748,52.5101],[-0.72304,52.50948],[-0.72721,52.5073],[-0.73007,52.50804],[-0.7322,52.50924],[-0.73547,52.50931],[-0.74278,52.5078],[-0.74793,52.50603],[-0.75054,52.50598],[-0.75574,52.50272],[-0.75669,52.50248],[-0.75984,52.5029],[-0.75919,52.50403],[-0.75999,52.50527],[-0.75993,52.5075],[-0.7589,52.50864],[-0.75626,52.51153],[-0.75764,52.51777],[-0.76421,52.51706],[-0.77486,52.51707],[-0.78179,52.51721],[-0.79482,52.51741],[-0.80137,52.51507],[-0.80712,52.51388],[-0.81448,52.51246],[-0.81687,52.51194],[-0.81845,52.51105],[-0.82274,52.51041],[-0.82509,52.50749],[-0.82645,52.50639],[-0.83092,52.50728],[-0.83414,52.50914],[-0.83559,52.51298],[-0.8432,52.51281],[-0.84826,52.51445],[-0.85125,52.51458],[-0.85339,52.51322],[-0.86031,52.51376],[-0.8599,52.51666],[-0.85723,52.51698],[-0.85374,52.52324],[-0.85109,52.5292],[-0.84938,52.53084],[-0.86014,52.53555],[-0.86815,52.53911],[-0.87852,52.54364],[-0.88565,52.54716],[-0.89635,52.55207],[-0.89504,52.55327],[-0.89436,52.55377],[-0.89413,52.55424],[-0.89412,52.55472],[-0.89416,52.55526],[-0.89413,52.55621],[-0.89415,52.5576],[-0.89349,52.55979],[-0.89338,52.56178],[-0.89451,52.56345],[-0.89463,52.56501],[-0.89604,52.56644],[-0.89713,52.5675],[-0.89064,52.57134],[-0.8902,52.57143],[-0.88927,52.57308],[-0.89037,52.57576],[-0.8865,52.57505],[-0.88041,52.57391],[-0.87726,52.57547],[-0.87276,52.58203],[-0.8729,52.58541],[-0.87269,52.58937],[-0.87292,52.5911],[-0.87358,52.59354],[-0.87428,52.59656],[-0.87462,52.59839],[-0.87586,52.6002],[-0.87684,52.60068],[-0.87382,52.6038],[-0.87027,52.60786],[-0.86694,52.60952],[-0.8636,52.61192],[-0.86368,52.61338],[-0.86283,52.61394],[-0.8612,52.61457],[-0.85857,52.61729],[-0.85602,52.61726],[-0.85473,52.61769],[-0.85321,52.61818],[-0.85194,52.61996],[-0.85177,52.6222],[-0.85021,52.62468],[-0.84838,52.6266],[-0.8455,52.63012],[-0.84434,52.63417],[-0.84044,52.63431],[-0.83739,52.63407],[-0.83315,52.63471],[-0.8306,52.63414],[-0.82956,52.63379],[-0.82836,52.63283],[-0.82561,52.63172],[-0.82515,52.63212],[-0.82431,52.6324],[-0.82236,52.63248],[-0.82096,52.63304],[-0.81966,52.63354],[-0.8191,52.63367],[-0.81805,52.63352],[-0.81721,52.63382],[-0.81695,52.635],[-0.81547,52.63634],[-0.81356,52.63923],[-0.81188,52.64371],[-0.81207,52.64504],[-0.81312,52.64724],[-0.81112,52.64702],[-0.80829,52.64666],[-0.80593,52.64555],[-0.8033,52.64633],[-0.79961,52.64704],[-0.79662,52.6483],[-0.79806,52.65051],[-0.80083,52.65321],[-0.80367,52.65497],[-0.80079,52.65852],[-0.79837,52.65762],[-0.79263,52.65776]]]}},{"type":"Feature","properties":{"source_code":"K83622","codes":["K83622"],"label":"GREAT OAKLEY MEDICAL CENTRE"},"geometry":{"type":"Polygon","coordinates":[[[-0.72029,52.51413],[-0.67532,52.51204],[-0.67222,52.50159],[-0.65266,52.50473],[-0.63446,52.49679],[-0.65677,52.48278],[-0.6633,52.46825],[-0.68527,52.43006],[-0.75136,52.44733],[-0.76321,52.45957],[-0.77693,52.4671],[-0.75377,52.46448],[-0.74467,52.46145],[-0.73233,52.49282],[-0.80921,52.48404],[-0.77591,52.49804],[-0.72029,52.51413]]]}},{"type":"Feature","properties":{"source_code":"K83005","codes":["K83005"],"label":"QUEENSWAY MEDICAL CENTRE"},"geometry":{"type":"Polygon","coordinates":[[[-0.68115,52.37895],[-0.6427,52.33828],[-0.61249,52.32653],[-0.67772,52.25093],[-0.73608,52.26606],[-0.73883,52.28328],[-0.8075,52.29462],[-0.70587,52.35589],[-0.68115,52.37895]]]}},{"type":"Feature","properties":{"source_code":"K83036","codes":["K83036"],"label":"LINDEN MEDICAL GROUP"},"geometry":{"type":"Polygon","coordinates":[[[-0.74638,52.42587],[-0.73471,52.4376],[-0.72098,52.45141],[-0.6942,52.4489],[-0.64545,52.41792],[-0.62691,52.38021],[-0.70312,52.37057],[-0.69351,52.35422],[-0.71617,52.34373],[-0.73059,52.34625],[-0.75256,52.34625],[-0.7402,52.37853],[-0.74913,52.38398],[-0.75394,52.39194],[-0.75806,52.41163],[-0.74089,52.41708],[-0.74638,52.42587]]]}},{"type":"Feature","properties":{"source_code":"K83002","codes":["K83002"],"label":"LAKESIDE HEALTHCARE"},"geometry":{"type":"Polygon","coordinates":[[[-0.72922,52.56884],[-0.53558,52.48278],[-0.73883,52.40745],[-0.85831,52.46772],[-0.72922,52.56884]]]}},{"type":"Feature","properties":{"source_code":"K83059","codes":["K83059"],"label":"WOODSEND MEDICAL CENTRE"},"geometry":{"type":"MultiPolygon","coordinates":[[[[-0.82592,52.52696],[-0.82446,52.52541],[-0.8266,52.52581],[-0.83084,52.52792],[-0.82592,52.52696]]],[[[-0.6942,52.50118],[-0.82592,52.52696],[-0.82878,52.53001],[-0.62073,52.56759],[-0.54863,52.49449],[-0.60081,52.4581],[-0.80132,52.41875],[-0.8329,52.44304],[-0.82672,52.52583],[-0.8266,52.52581],[-0.82329,52.52416],[-0.82446,52.52541],[-0.6942,52.50118]]]]}},{"type":"Feature","properties":{"source_code":"K83614","codes":["K83614"],"label":"ASPIRO HEALTHCARE STUDFALL MED CENTRE"},"geometry":{"type":"MultiPolygon","coordinates":[[[[-0.58834,52.51766],[-0.58826,52.51761],[-0.58836,52.51766],[-0.58836,52.51767],[-0.58834,52.51765],[-0.58834,52.51766]]],[[[-0.58834,52.51766],[-0.58835,52.51767],[-0.58833,52.51769],[-0.58834,52.51766]]],[[[-0.58562,52.51937],[-0.58552,52.51943],[-0.58559,52.51932],[-0.58562,52.51937]]],[[[-0.72282,52.53567],[-0.67055,52.54421],[-0.58163,52.52702],[-0.58281,52.52301],[-0.58565,52.51942],[-0.58562,52.51937],[-0.58836,52.51768],[-0.58835,52.51767],[-0.58836,52.51767],[-0.58838,52.51769],[-0.58839,52.51767],[-0.58836,52.51766],[-0.60069,52.50563],[-0.6245,52.49177],[-0.65133,52.46626],[-0.67561,52.46416],[-0.67748,52.46203],[-0.67644,52.45885],[-0.67779,52.45375],[-0.67868,52.45225],[-0.6806,52.44917],[-0.68135,52.43245],[-0.72348,52.43075],[-0.75841,52.43487],[-0.7736,52.43585],[-0.76974,52.43988],[-0.75214,52.44643],[-0.74845,52.44979],[-0.74484,52.45435],[-0.74252,52.45679],[-0.74141,52.45792],[-0.78642,52.50133],[-0.78175,52.50704],[-0.77209,52.51593],[-0.76067,52.53103],[-0.72282,52.53567]]]]}},{"type":"Feature","properties":{"source_code":"K83011","codes":["K83011"],"label":"THE REDWELL MEDICAL CENTRE"},"geometry":{"type":"Polygon","coordinates":[[[-0.73883,52.34079],[-0.6918,52.33723],[-0.67085,52.28832],[-0.7196,52.28391],[-0.77042,52.29],[-0.73883,52.34079]]]}},{"type":"Feature","properties":{"source_code":"K83026","codes":["K83026"],"label":"ALBANY HOUSE MEDICAL CENTRE"},"geometry":{"type":"MultiPolygon","coordinates":[[[[-0.68716,52.27068],[-0.65209,52.27341],[-0.64401,52.2739],[-0.65969,52.25208],[-0.67154,52.21855],[-0.67527,52.21111],[-0.68124,52.20956],[-0.68622,52.22054],[-0.68193,52.2268],[-0.68716,52.27068]]],[[[-0.64401,52.2739],[-0.64391,52.27404],[-0.65209,52.27341],[-0.66734,52.27247],[-0.68716,52.27068],[-0.67767,52.28312],[-0.67712,52.28297],[-0.67394,52.28596],[-0.66845,52.28465],[-0.64373,52.28475],[-0.64039,52.28313],[-0.64386,52.27391],[-0.64401,52.2739]]],[[[-0.68347,52.32789],[-0.67411,52.31404],[-0.67385,52.28812],[-0.67767,52.28312],[-0.68836,52.28612],[-0.71102,52.28234],[-0.73076,52.28375],[-0.73342,52.28906],[-0.73128,52.2925],[-0.73454,52.29751],[-0.73943,52.30389],[-0.73608,52.31236],[-0.72939,52.33497],[-0.70776,52.33597],[-0.70518,52.33571],[-0.70888,52.32501],[-0.69197,52.32768],[-0.68347,52.32789]]]]}},{"type":"Feature","properties":{"source_code":"C83074","codes":["C83074"],"label":"WILLINGHAM-BY-STOW SURGERY"},"geometry":{"type":"Polygon","coordinates":[[[-0.7546,53.38732],[-0.75351,53.38752],[-0.75076,53.38795],[-0.74879,53.38854],[-0.74609,53.38965],[-0.74333,53.39113],[-0.74119,53.39207],[-0.73576,53.39543],[-0.73158,53.3982],[-0.7309,53.40035],[-0.73054,53.40405],[-0.73124,53.4054],[-0.73418,53.40691],[-0.74045,53.4089],[-0.74437,53.41058],[-0.7489,53.41285],[-0.75321,53.41431],[-0.75342,53.41535],[-0.75823,53.41658],[-0.76114,53.41906],[-0.76371,53.42028],[-0.76483,53.42474],[-0.76834,53.42782],[-0.76934,53.43176],[-0.76811,53.43583],[-0.76446,53.43728],[-0.76392,53.43898],[-0.76088,53.44073],[-0.76049,53.44554],[-0.76198,53.45008],[-0.75731,53.45248],[-0.75215,53.45466],[-0.74788,53.45602],[-0.74642,53.45927],[-0.74656,53.46306],[-0.74163,53.46575],[-0.74095,53.46752],[-0.73636,53.4674],[-0.73371,53.46863],[-0.72949,53.46822],[-0.72703,53.4673],[-0.72656,53.46648],[-0.72147,53.46212],[-0.71935,53.45809],[-0.71328,53.45751],[-0.71022,53.45584],[-0.71046,53.44791],[-0.70619,53.44549],[-0.70223,53.4447],[-0.69792,53.44362],[-0.6932,53.44349],[-0.68368,53.44183],[-0.67629,53.43982],[-0.66687,53.43905],[-0.65769,53.4385],[-0.63844,53.43813],[-0.63075,53.43775],[-0.62645,53.43614],[-0.62163,53.43549],[-0.5937,53.43465],[-0.58192,53.43028],[-0.58141,53.42671],[-0.58194,53.41455],[-0.58259,53.4101],[-0.5835,53.40144],[-0.57545,53.39325],[-0.57508,53.38954],[-0.56995,53.38347],[-0.56211,53.37677],[-0.56069,53.37467],[-0.55292,53.36219],[-0.55087,53.35334],[-0.5516,53.32433],[-0.55018,53.31875],[-0.55445,53.31346],[-0.55519,53.30968],[-0.56035,53.30722],[-0.56704,53.30723],[-0.59259,53.30627],[-0.61389,53.30652],[-0.62508,53.30539],[-0.62966,53.30144],[-0.63058,53.29981],[-0.64008,53.29696],[-0.64377,53.29418],[-0.64312,53.29105],[-0.64189,53.28703],[-0.64017,53.28649],[-0.63852,53.28395],[-0.63654,53.27985],[-0.63731,53.27912],[-0.64069,53.27789],[-0.64529,53.2772],[-0.64989,53.27681],[-0.65347,53.27678],[-0.65543,53.27747],[-0.65702,53.27808],[-0.66085,53.27849],[-0.6668,53.27834],[-0.67139,53.27779],[-0.67414,53.27686],[-0.67643,53.2751],[-0.67758,53.27378],[-0.67766,53.27141],[-0.67665,53.26776],[-0.67651,53.26697],[-0.67592,53.266],[-0.67547,53.26444],[-0.67502,53.26302],[-0.67753,53.26201],[-0.67903,53.26151],[-0.6804,53.26108],[-0.68177,53.2608],[-0.68301,53.26081],[-0.68401,53.26045],[-0.68501,53.26009],[-0.68589,53.25973],[-0.68676,53.25952],[-0.68851,53.25894],[-0.68927,53.25851],[-0.69063,53.25852],[-0.69223,53.25861],[-0.69743,53.25845],[-0.70004,53.25825],[-0.70091,53.25819],[-0.7014,53.25827],[-0.70437,53.2583],[-0.70833,53.25812],[-0.71444,53.25831],[-0.72378,53.25626],[-0.75742,53.25661],[-0.75893,53.25989],[-0.75855,53.26901],[-0.75967,53.27303],[-0.75539,53.27551],[-0.75523,53.28508],[-0.75044,53.29245],[-0.74951,53.29452],[-0.74855,53.29762],[-0.74696,53.30146],[-0.74639,53.30368],[-0.74685,53.3051],[-0.74923,53.30824],[-0.75164,53.31057],[-0.75278,53.31421],[-0.7526,53.31607],[-0.75192,53.31799],[-0.74887,53.32078],[-0.74831,53.32285],[-0.74838,53.32455],[-0.74898,53.32523],[-0.75133,53.32548],[-0.75244,53.32571],[-0.75542,53.32544],[-0.7589,53.32511],[-0.7611,53.32624],[-0.76154,53.32825],[-0.76158,53.33122],[-0.7603,53.33247],[-0.75629,53.33829],[-0.75635,53.34059],[-0.75767,53.34194],[-0.75973,53.34374],[-0.7603,53.3453],[-0.76,53.3473],[-0.75932,53.3493],[-0.75799,53.3524],[-0.75783,53.35359],[-0.7583,53.35434],[-0.75903,53.35509],[-0.76264,53.35876],[-0.76335,53.36433],[-0.76375,53.36745],[-0.76409,53.37294],[-0.76392,53.3745],[-0.76301,53.37575],[-0.76073,53.37744],[-0.75994,53.37913],[-0.76041,53.37996],[-0.7638,53.38296],[-0.76494,53.38661],[-0.76369,53.38667],[-0.76172,53.38679],[-0.75793,53.38697],[-0.75569,53.3872],[-0.7546,53.38732]]]}},{"type":"Feature","properties":{"source_code":"B81118","codes":["B81118"],"label":"WEST COMMON LANE TEACHING PRACTICE"},"geometry":{"type":"Polygon","coordinates":[[[-0.69609,53.60952],[-0.6846,53.60589],[-0.67669,53.60697],[-0.66982,53.60758],[-0.66227,53.60697],[-0.65678,53.60575],[-0.65094,53.60554],[-0.64476,53.60534],[-0.64064,53.60616],[-0.63549,53.60738],[-0.63309,53.60738],[-0.63446,53.60351],[-0.63515,53.60106],[-0.63995,53.59617],[-0.63995,53.59373],[-0.63933,53.59239],[-0.63005,53.59401],[-0.62347,53.59638],[-0.61523,53.59902],[-0.60768,53.60025],[-0.60322,53.60004],[-0.59641,53.59988],[-0.59579,53.59999],[-0.59566,53.60045],[-0.59458,53.6002],[-0.59429,53.60025],[-0.59404,53.60007],[-0.58949,53.59902],[-0.58468,53.5974],[-0.58455,53.59726],[-0.58004,53.59673],[-0.57601,53.59633],[-0.57343,53.5947],[-0.57326,53.59307],[-0.57386,53.59154],[-0.57524,53.59021],[-0.57713,53.58889],[-0.57772,53.58826],[-0.57747,53.58782],[-0.57919,53.58374],[-0.58193,53.57905],[-0.58674,53.57518],[-0.58846,53.57212],[-0.5888,53.56641],[-0.58914,53.5605],[-0.58743,53.55581],[-0.58468,53.55173],[-0.58399,53.54826],[-0.58605,53.54337],[-0.59052,53.54214],[-0.59669,53.54276],[-0.60493,53.54296],[-0.61249,53.54101],[-0.61249,53.53623],[-0.61592,53.5297],[-0.62416,53.52398],[-0.63927,53.52112],[-0.65506,53.52112],[-0.66399,53.52194],[-0.67017,53.52276],[-0.67497,53.52602],[-0.67875,53.54337],[-0.68562,53.54418],[-0.69077,53.5452],[-0.70038,53.5501],[-0.70999,53.55479],[-0.71274,53.5552],[-0.71445,53.55663],[-0.71445,53.55846],[-0.71274,53.5603],[-0.71033,53.56132],[-0.71068,53.56336],[-0.71377,53.56356],[-0.7172,53.56417],[-0.71995,53.56682],[-0.72407,53.56886],[-0.73025,53.57008],[-0.73505,53.56968],[-0.74089,53.56906],[-0.74535,53.57008],[-0.74123,53.57437],[-0.73368,53.57783],[-0.7299,53.58191],[-0.72922,53.58639],[-0.73265,53.59189],[-0.7299,53.59617],[-0.72269,53.60269],[-0.69729,53.60941],[-0.69719,53.60933],[-0.69687,53.60938],[-0.69695,53.60941],[-0.69687,53.60938],[-0.69609,53.60952]],[[-0.69689,53.60909],[-0.6845,53.60526],[-0.69708,53.60925],[-0.69689,53.60909]],[[-0.64466,53.59326],[-0.64098,53.5921],[-0.64092,53.59211],[-0.64466,53.59326]]]}},{"type":"Feature","properties":{"source_code":"C82649","codes":["C82649"],"label":"MARKET OVERTON & SOMERBY SURGERIES"},"geometry":{"type":"Polygon","coordinates":[[[-0.74369,52.63576],[-0.74614,52.63663],[-0.74858,52.63741],[-0.7501,52.63788],[-0.75421,52.63805],[-0.75587,52.63832],[-0.76041,52.63893],[-0.76478,52.63796],[-0.77079,52.63396],[-0.77525,52.62954],[-0.77614,52.62864],[-0.77594,52.62781],[-0.77615,52.6273],[-0.7787,52.6275],[-0.78034,52.62662],[-0.78966,52.61913],[-0.80572,52.62139],[-0.80805,52.62155],[-0.81475,52.6206],[-0.81628,52.6217],[-0.82556,52.62403],[-0.831,52.62422],[-0.8369,52.624],[-0.84095,52.62242],[-0.84565,52.62125],[-0.84648,52.62172],[-0.8505,52.62278],[-0.85309,52.62345],[-0.8548,52.62372],[-0.85656,52.6242],[-0.85701,52.62474],[-0.85872,52.62579],[-0.85998,52.62599],[-0.8623,52.62638],[-0.86426,52.62734],[-0.86462,52.62767],[-0.8652,52.62814],[-0.86643,52.62857],[-0.86754,52.62924],[-0.86864,52.63],[-0.86974,52.6315],[-0.87337,52.63203],[-0.87578,52.63206],[-0.87799,52.63185],[-0.88352,52.6319],[-0.88533,52.63253],[-0.88616,52.63352],[-0.88956,52.635],[-0.89178,52.63608],[-0.89341,52.63744],[-0.89483,52.63769],[-0.89767,52.63892],[-0.90117,52.64048],[-0.90253,52.6401],[-0.90519,52.64111],[-0.90637,52.64301],[-0.90965,52.64288],[-0.91049,52.64351],[-0.90735,52.64485],[-0.90508,52.64597],[-0.90382,52.64738],[-0.9083,52.65067],[-0.90816,52.65322],[-0.90822,52.65396],[-0.90903,52.65502],[-0.91026,52.65698],[-0.91232,52.65669],[-0.91564,52.65676],[-0.9181,52.6574],[-0.91963,52.6582],[-0.92009,52.65985],[-0.92546,52.66328],[-0.92805,52.66529],[-0.92906,52.66656],[-0.93044,52.66768],[-0.93186,52.66913],[-0.93417,52.67107],[-0.93459,52.6717],[-0.93477,52.67283],[-0.93513,52.67305],[-0.93614,52.67405],[-0.93728,52.67475],[-0.93776,52.67505],[-0.93823,52.67548],[-0.93746,52.67612],[-0.93645,52.67651],[-0.93051,52.67984],[-0.92737,52.68324],[-0.92653,52.68485],[-0.92603,52.68648],[-0.92504,52.68727],[-0.92202,52.68698],[-0.91959,52.68853],[-0.91924,52.69071],[-0.91837,52.69196],[-0.9179,52.69496],[-0.91953,52.69607],[-0.91909,52.69674],[-0.92062,52.69718],[-0.92058,52.6993],[-0.91903,52.70005],[-0.91715,52.70023],[-0.91713,52.7009],[-0.9169,52.70245],[-0.91631,52.70349],[-0.91479,52.7055],[-0.91302,52.70722],[-0.91167,52.70865],[-0.90963,52.71081],[-0.90755,52.71205],[-0.90697,52.71279],[-0.90679,52.71465],[-0.90637,52.71535],[-0.90506,52.71707],[-0.90207,52.71929],[-0.90527,52.72058],[-0.90722,52.72437],[-0.90059,52.72485],[-0.89621,52.72489],[-0.8939,52.72572],[-0.89313,52.72573],[-0.89286,52.72518],[-0.89308,52.72464],[-0.89282,52.72193],[-0.88984,52.72075],[-0.88723,52.71938],[-0.88488,52.71854],[-0.88355,52.71826],[-0.88292,52.7184],[-0.88179,52.71852],[-0.88041,52.7188],[-0.87561,52.72042],[-0.87154,52.72146],[-0.86681,52.72182],[-0.86623,52.72226],[-0.8653,52.72313],[-0.8638,52.72334],[-0.86262,52.72281],[-0.86082,52.72162],[-0.85975,52.72144],[-0.85774,52.72103],[-0.85614,52.72043],[-0.85601,52.7217],[-0.85269,52.72209],[-0.85146,52.72141],[-0.85105,52.71961],[-0.84877,52.71962],[-0.84781,52.72038],[-0.84706,52.72101],[-0.84534,52.72232],[-0.844,52.72305],[-0.84295,52.72392],[-0.84312,52.72466],[-0.84374,52.72584],[-0.84534,52.72834],[-0.8449,52.72852],[-0.84382,52.72884],[-0.84247,52.72902],[-0.84133,52.72924],[-0.83993,52.72954],[-0.83828,52.72987],[-0.83471,52.7306],[-0.83269,52.7305],[-0.83079,52.73032],[-0.82731,52.72908],[-0.82412,52.72831],[-0.82244,52.72768],[-0.82108,52.73039],[-0.82041,52.73266],[-0.8192,52.73434],[-0.81822,52.73542],[-0.81669,52.73634],[-0.81517,52.73701],[-0.81013,52.74102],[-0.80923,52.74203],[-0.80615,52.7445],[-0.80579,52.74465],[-0.80612,52.74572],[-0.8022,52.75554],[-0.80409,52.75544],[-0.80484,52.75556],[-0.80448,52.75686],[-0.80288,52.75742],[-0.80098,52.757],[-0.79974,52.75808],[-0.79905,52.75952],[-0.79671,52.76242],[-0.79527,52.76401],[-0.79518,52.76447],[-0.79517,52.76483],[-0.79483,52.76542],[-0.79318,52.76658],[-0.79223,52.76698],[-0.79003,52.76752],[-0.78732,52.76806],[-0.7858,52.76865],[-0.78506,52.76931],[-0.78761,52.77028],[-0.7883,52.77156],[-0.78812,52.77241],[-0.78735,52.77284],[-0.78563,52.77286],[-0.78413,52.7727],[-0.78098,52.77338],[-0.77667,52.7746],[-0.77392,52.77666],[-0.77063,52.77838],[-0.76866,52.77894],[-0.76964,52.77972],[-0.76839,52.78063],[-0.76727,52.78118],[-0.76585,52.78116],[-0.76534,52.78093],[-0.76314,52.78156],[-0.76091,52.78234],[-0.75922,52.78327],[-0.75614,52.78567],[-0.75287,52.78687],[-0.75022,52.78823],[-0.74841,52.78923],[-0.74682,52.79001],[-0.74812,52.79076],[-0.74739,52.79171],[-0.74148,52.79232],[-0.73628,52.79032],[-0.73462,52.79017],[-0.73412,52.78958],[-0.73353,52.78869],[-0.73183,52.78869],[-0.73091,52.78891],[-0.73002,52.78883],[-0.72893,52.78863],[-0.72722,52.78977],[-0.72594,52.79225],[-0.72383,52.79162],[-0.72057,52.78981],[-0.71855,52.78892],[-0.71353,52.7873],[-0.71212,52.78703],[-0.70798,52.79018],[-0.70594,52.79179],[-0.704,52.79267],[-0.70529,52.79441],[-0.70445,52.79471],[-0.70261,52.79507],[-0.70223,52.7968],[-0.69792,52.79951],[-0.69426,52.80113],[-0.69165,52.79946],[-0.69036,52.79755],[-0.6893,52.79601],[-0.68325,52.79464],[-0.68229,52.79263],[-0.68138,52.7906],[-0.67754,52.78755],[-0.67691,52.78715],[-0.67129,52.78631],[-0.66969,52.78621],[-0.66895,52.78683],[-0.66811,52.78765],[-0.66672,52.7875],[-0.66662,52.78623],[-0.66593,52.78625],[-0.66312,52.78635],[-0.66182,52.78632],[-0.66115,52.78646],[-0.65904,52.78657],[-0.65655,52.78655],[-0.65544,52.78628],[-0.65345,52.78619],[-0.65327,52.78508],[-0.65052,52.78525],[-0.64641,52.78569],[-0.64568,52.78565],[-0.64527,52.78419],[-0.64232,52.78443],[-0.63365,52.78566],[-0.63094,52.78611],[-0.6286,52.7885],[-0.62497,52.78761],[-0.62459,52.78594],[-0.6244,52.7851],[-0.62634,52.78501],[-0.62664,52.78403],[-0.62549,52.78294],[-0.62378,52.78236],[-0.62207,52.78226],[-0.61862,52.78206],[-0.61114,52.7821],[-0.61135,52.7685],[-0.61066,52.76227],[-0.60839,52.75642],[-0.60571,52.75034],[-0.60303,52.74276],[-0.59823,52.72886],[-0.59473,52.71806],[-0.59399,52.71652],[-0.59261,52.71296],[-0.59228,52.71204],[-0.59197,52.71097],[-0.59123,52.70976],[-0.59003,52.70843],[-0.58763,52.70667],[-0.5778,52.70056],[-0.56047,52.69085],[-0.56593,52.68716],[-0.56712,52.68484],[-0.56893,52.68206],[-0.57016,52.68058],[-0.57124,52.67949],[-0.5704,52.67894],[-0.57022,52.67791],[-0.57303,52.6778],[-0.57432,52.67658],[-0.57717,52.67409],[-0.57861,52.67242],[-0.58048,52.6714],[-0.58285,52.67041],[-0.58518,52.66705],[-0.5917,52.66523],[-0.59609,52.66468],[-0.59999,52.66448],[-0.60145,52.66662],[-0.60218,52.66728],[-0.60541,52.66699],[-0.60863,52.66648],[-0.61651,52.66539],[-0.62024,52.66607],[-0.62293,52.66662],[-0.62646,52.66735],[-0.63029,52.66799],[-0.63199,52.66836],[-0.63265,52.6677],[-0.6348,52.66786],[-0.63602,52.66831],[-0.63635,52.66869],[-0.63742,52.66885],[-0.63795,52.66912],[-0.63786,52.66943],[-0.63892,52.66961],[-0.64699,52.6716],[-0.65009,52.67224],[-0.65263,52.67281],[-0.65651,52.67336],[-0.66191,52.67418],[-0.66288,52.67435],[-0.6656,52.67462],[-0.66838,52.67471],[-0.67134,52.67461],[-0.67569,52.67429],[-0.67931,52.67423],[-0.6824,52.67424],[-0.68644,52.674],[-0.69198,52.67315],[-0.69394,52.67266],[-0.70088,52.67125],[-0.70461,52.66967],[-0.70684,52.66829],[-0.70817,52.66785],[-0.70745,52.66761],[-0.70737,52.66759],[-0.70695,52.66739],[-0.70646,52.66729],[-0.70507,52.66707],[-0.70352,52.66702],[-0.6984,52.66693],[-0.69505,52.66713],[-0.69759,52.66235],[-0.69928,52.65966],[-0.70006,52.65876],[-0.70022,52.6582],[-0.70057,52.65761],[-0.70121,52.65648],[-0.70078,52.65585],[-0.70132,52.65474],[-0.70268,52.65016],[-0.69932,52.6452],[-0.6988,52.64484],[-0.6989,52.64431],[-0.69796,52.64324],[-0.69726,52.64231],[-0.69706,52.64177],[-0.69859,52.64072],[-0.69939,52.63992],[-0.70007,52.63955],[-0.70119,52.63945],[-0.70204,52.63966],[-0.70252,52.6395],[-0.70269,52.63955],[-0.70396,52.63887],[-0.70436,52.63852],[-0.7043,52.63757],[-0.70431,52.63725],[-0.70446,52.63703],[-0.70618,52.63526],[-0.70744,52.632],[-0.7103,52.6323],[-0.71249,52.63245],[-0.71517,52.63264],[-0.71646,52.63269],[-0.71785,52.63277],[-0.71935,52.63282],[-0.72069,52.6328],[-0.72188,52.63278],[-0.72284,52.63286],[-0.72381,52.63287],[-0.72461,52.63294],[-0.72493,52.63295],[-0.72573,52.63299],[-0.7259,52.63299],[-0.72578,52.63312],[-0.72606,52.63302],[-0.7267,52.63313],[-0.7275,52.63324],[-0.7282,52.63331],[-0.72873,52.63331],[-0.72964,52.63345],[-0.73039,52.63353],[-0.73103,52.63366],[-0.73172,52.63377],[-0.73226,52.63391],[-0.73301,52.63404],[-0.73354,52.63415],[-0.73391,52.63422],[-0.73423,52.63425],[-0.73461,52.63432],[-0.73504,52.63436],[-0.73541,52.63446],[-0.73578,52.6346],[-0.73621,52.63457],[-0.73696,52.63471],[-0.73787,52.63485],[-0.73883,52.63492],[-0.74086,52.63514],[-0.74236,52.63539],[-0.74369,52.63576]]]}},{"type":"Feature","properties":{"source_code":"K83047","codes":["K83047"],"label":"ABBEY MEDICAL PRACTICE"},"geometry":{"type":"Polygon","coordinates":[[[-0.70999,52.35883],[-0.62141,52.35967],[-0.64201,52.3366],[-0.59807,52.32611],[-0.61987,52.30271],[-0.62382,52.27341],[-0.69969,52.25219],[-0.77969,52.26532],[-0.80338,52.30533],[-0.70999,52.35883]]]}},{"type":"Feature","properties":{"source_code":"K83037","codes":["K83037"],"label":"DR SPENCER & PARTNERS"},"geometry":{"type":"Polygon","coordinates":[[[-0.71411,52.37225],[-0.71377,52.38817],[-0.58193,52.39153],[-0.58193,52.36009],[-0.60184,52.32695],[-0.72853,52.33303],[-0.77866,52.37413],[-0.71411,52.37225]]]}},{"type":"Feature","properties":{"source_code":"B81009","codes":["B81009"],"label":"MARKET WEIGHTON GROUP PRACTICE"},"geometry":{"type":"Polygon","coordinates":[[[-0.78483,53.94316],[-0.5476,53.97931],[-0.50743,53.9288],[-0.48615,53.87844],[-0.48194,53.8705],[-0.48597,53.86255],[-0.49095,53.84645],[-0.50056,53.81322],[-0.50811,53.79234],[-0.54176,53.78037],[-0.60356,53.76454],[-0.70175,53.75927],[-0.77454,53.78321],[-0.83839,53.82619],[-0.83153,53.91202],[-0.78483,53.94316]]]}},{"type":"Feature","properties":{"source_code":"C83641","codes":["C83641"],"label":"TRENT VALLEY SURGERY"},"geometry":{"type":"Polygon","coordinates":[[[-0.55618,53.25505],[-0.55685,53.25345],[-0.55895,53.25249],[-0.56125,53.25128],[-0.5642,53.24934],[-0.56777,53.24741],[-0.57299,53.245],[-0.57715,53.24369],[-0.58132,53.24238],[-0.58506,53.24131],[-0.59027,53.2394],[-0.59487,53.23711],[-0.5997,53.23408],[-0.60202,53.23208],[-0.60503,53.22855],[-0.6084,53.22612],[-0.61165,53.22424],[-0.61375,53.22303],[-0.61639,53.22084],[-0.61767,53.21943],[-0.61876,53.21766],[-0.61977,53.21501],[-0.62036,53.21261],[-0.62058,53.20891],[-0.62165,53.2012],[-0.62244,53.19899],[-0.62432,53.19499],[-0.62647,53.19212],[-0.62808,53.18997],[-0.62915,53.1885],[-0.63075,53.18685],[-0.63286,53.18515],[-0.63424,53.18368],[-0.63532,53.18209],[-0.6386,53.17904],[-0.64062,53.17715],[-0.64355,53.17551],[-0.64894,53.17397],[-0.65434,53.17236],[-0.66675,53.16978],[-0.67068,53.16903],[-0.67419,53.16851],[-0.68225,53.16712],[-0.68625,53.16597],[-0.68629,53.16592],[-0.68627,53.16596],[-0.68639,53.16593],[-0.68979,53.16402],[-0.69185,53.1621],[-0.71008,53.16239],[-0.72109,53.16214],[-0.72584,53.16991],[-0.72943,53.17693],[-0.7303,53.17904],[-0.73611,53.19099],[-0.74014,53.19387],[-0.74464,53.19812],[-0.75177,53.20077],[-0.76103,53.2076],[-0.76928,53.21417],[-0.77265,53.21852],[-0.77758,53.22259],[-0.78056,53.22978],[-0.77642,53.23808],[-0.77398,53.24404],[-0.76945,53.2511],[-0.76285,53.25869],[-0.75537,53.26812],[-0.75095,53.27474],[-0.74816,53.27866],[-0.74801,53.27863],[-0.74799,53.27933],[-0.74788,53.28322],[-0.74707,53.28624],[-0.74702,53.28797],[-0.74695,53.29013],[-0.74681,53.29489],[-0.74667,53.29964],[-0.74508,53.30481],[-0.74409,53.30714],[-0.74538,53.31323],[-0.74797,53.32024],[-0.74944,53.32422],[-0.74911,53.32584],[-0.74772,53.32867],[-0.74533,53.33055],[-0.73877,53.33171],[-0.7387,53.33165],[-0.7269,53.33359],[-0.71751,53.33349],[-0.7074,53.33338],[-0.70307,53.33333],[-0.69937,53.33632],[-0.69286,53.33668],[-0.68814,53.33788],[-0.68813,53.3379],[-0.68807,53.33789],[-0.68793,53.33793],[-0.68803,53.33796],[-0.69328,53.3416],[-0.69586,53.34496],[-0.69588,53.34784],[-0.69388,53.34911],[-0.69373,53.34916],[-0.69393,53.34914],[-0.69193,53.35051],[-0.68989,53.3512],[-0.68699,53.35178],[-0.68444,53.35228],[-0.68218,53.35213],[-0.6791,53.35148],[-0.67623,53.35074],[-0.67598,53.3507],[-0.6725,53.34955],[-0.6523,53.34542],[-0.64525,53.34324],[-0.64156,53.34246],[-0.6354,53.34134],[-0.62751,53.33977],[-0.62187,53.33884],[-0.6084,53.33738],[-0.59759,53.33658],[-0.59037,53.33637],[-0.58901,53.33643],[-0.58903,53.33643],[-0.5888,53.33878],[-0.58877,53.34128],[-0.58522,53.3425],[-0.58164,53.3445],[-0.58165,53.34447],[-0.58154,53.3446],[-0.57931,53.34631],[-0.57712,53.34714],[-0.57564,53.34515],[-0.57383,53.34377],[-0.57241,53.34276],[-0.57117,53.33997],[-0.5703,53.33798],[-0.56946,53.33563],[-0.56893,53.33272],[-0.56892,53.32994],[-0.56882,53.32679],[-0.56882,53.32364],[-0.5687,53.32123],[-0.56899,53.31864],[-0.56931,53.31537],[-0.56961,53.30018],[-0.56999,53.29494],[-0.57017,53.29499],[-0.57016,53.29489],[-0.56929,53.29462],[-0.57346,53.29343],[-0.57367,53.29324],[-0.57378,53.28992],[-0.57389,53.28646],[-0.57185,53.28298],[-0.56902,53.28121],[-0.56838,53.27861],[-0.56559,53.27598],[-0.565,53.27208],[-0.56292,53.26946],[-0.56233,53.26557],[-0.56025,53.26295],[-0.55887,53.2612],[-0.55886,53.2612],[-0.55885,53.2615],[-0.55727,53.25951],[-0.55632,53.25703],[-0.55618,53.25505]]]}},{"type":"Feature","properties":{"source_code":"C83038","codes":["C83038"],"label":"THE GLEBE PRACTICE"},"geometry":{"type":"MultiPolygon","coordinates":[[[[-0.74636,53.30374],[-0.74644,53.30347],[-0.7473,53.30578],[-0.74636,53.30374]]],[[[-0.74731,53.30582],[-0.7473,53.30578],[-0.74732,53.30582],[-0.74731,53.30582]]],[[[-0.74732,53.30583],[-0.74732,53.30582],[-0.74733,53.30583],[-0.74732,53.30583]]],[[[-0.5551,53.25292],[-0.55681,53.25203],[-0.56355,53.24693],[-0.57069,53.24404],[-0.57869,53.24154],[-0.58316,53.23948],[-0.58852,53.237],[-0.59663,53.23369],[-0.59989,53.23162],[-0.60194,53.2279],[-0.60588,53.22463],[-0.61433,53.22041],[-0.61772,53.21714],[-0.61785,53.21301],[-0.61767,53.20864],[-0.6184,53.20087],[-0.6226,53.19468],[-0.6251,53.19121],[-0.63263,53.19031],[-0.63288,53.19031],[-0.63285,53.19029],[-0.64457,53.18885],[-0.6604,53.18686],[-0.67479,53.18376],[-0.68262,53.18039],[-0.73818,53.17929],[-0.7764,53.20594],[-0.7764,53.20596],[-0.77645,53.20594],[-0.77553,53.20632],[-0.77509,53.20718],[-0.77503,53.20781],[-0.77572,53.2086],[-0.77672,53.20926],[-0.7772,53.21039],[-0.77796,53.21191],[-0.77818,53.21268],[-0.77536,53.2143],[-0.775,53.21506],[-0.77548,53.21554],[-0.77679,53.21646],[-0.77686,53.21694],[-0.77677,53.21874],[-0.77692,53.21905],[-0.77808,53.22043],[-0.77944,53.22131],[-0.78089,53.22272],[-0.78253,53.2242],[-0.78289,53.22569],[-0.78255,53.22775],[-0.78107,53.23049],[-0.77986,53.23218],[-0.77809,53.23401],[-0.77754,53.23509],[-0.7776,53.23586],[-0.77801,53.23694],[-0.77716,53.23854],[-0.77702,53.23945],[-0.77768,53.24145],[-0.77811,53.24318],[-0.77792,53.2444],[-0.77678,53.24638],[-0.77617,53.24794],[-0.77631,53.24861],[-0.7777,53.25042],[-0.77798,53.25179],[-0.77789,53.25218],[-0.77696,53.25258],[-0.7711,53.25233],[-0.77112,53.25234],[-0.76975,53.25274],[-0.76953,53.25331],[-0.76991,53.25408],[-0.77112,53.25493],[-0.77214,53.25578],[-0.77257,53.25869],[-0.77267,53.2608],[-0.76952,53.26478],[-0.76583,53.2692],[-0.76375,53.27175],[-0.76379,53.27343],[-0.7648,53.27445],[-0.76801,53.27544],[-0.76946,53.27647],[-0.77265,53.27839],[-0.77494,53.28101],[-0.7768,53.28168],[-0.77753,53.28296],[-0.77668,53.28463],[-0.77435,53.28624],[-0.76627,53.29131],[-0.76477,53.29346],[-0.76395,53.29568],[-0.7643,53.29722],[-0.76435,53.29818],[-0.76354,53.29882],[-0.76236,53.29926],[-0.76068,53.29905],[-0.75951,53.29815],[-0.75919,53.29685],[-0.75973,53.29463],[-0.75953,53.2934],[-0.75839,53.29257],[-0.75683,53.29232],[-0.75383,53.29248],[-0.75162,53.29274],[-0.74973,53.29426],[-0.74843,53.29739],[-0.74802,53.29935],[-0.7472,53.30114],[-0.7472,53.30102],[-0.74712,53.30126],[-0.74644,53.30347],[-0.74644,53.30346],[-0.74636,53.30374],[-0.74718,53.30572],[-0.74731,53.30582],[-0.74732,53.30583],[-0.74734,53.30587],[-0.74733,53.30583],[-0.75157,53.30903],[-0.75326,53.31164],[-0.75293,53.31725],[-0.75302,53.31965],[-0.75275,53.3209],[-0.74909,53.32268],[-0.74952,53.32437],[-0.75109,53.32544],[-0.75341,53.32566],[-0.75712,53.32502],[-0.75937,53.32481],[-0.76118,53.32578],[-0.76257,53.32782],[-0.76588,53.32982],[-0.76592,53.33106],[-0.76276,53.33209],[-0.76172,53.33217],[-0.76073,53.33308],[-0.76006,53.33393],[-0.75984,53.33604],[-0.75893,53.33714],[-0.75721,53.33841],[-0.75645,53.33951],[-0.75429,53.33958],[-0.75172,53.33956],[-0.74772,53.33942],[-0.74266,53.33941],[-0.73577,53.33924],[-0.724,53.33893],[-0.71702,53.3388],[-0.72007,53.33888],[-0.66427,53.33746],[-0.63512,53.33142],[-0.59848,53.31646],[-0.58393,53.30097],[-0.58413,53.29498],[-0.56952,53.29336],[-0.57134,53.29166],[-0.57313,53.29077],[-0.57382,53.28919],[-0.57411,53.2878],[-0.57388,53.28742],[-0.57438,53.28684],[-0.57439,53.28656],[-0.57417,53.28603],[-0.57325,53.28472],[-0.57217,53.28351],[-0.57087,53.28181],[-0.57002,53.28065],[-0.56935,53.27935],[-0.56813,53.27746],[-0.56601,53.27383],[-0.56452,53.27041],[-0.56336,53.26684],[-0.56037,53.26302],[-0.55824,53.25968],[-0.5551,53.25292]]]]}},{"type":"Feature","properties":{"source_code":"C83008","codes":["C83008"],"label":"SWINGBRIDGE SURGERY"},"geometry":{"type":"Polygon","coordinates":[[[-0.6747,52.87794],[-0.68853,52.87809],[-0.69724,52.87996],[-0.70345,52.88582],[-0.70682,52.89776],[-0.7075,52.91047],[-0.70558,52.92155],[-0.68538,52.92937],[-0.66111,52.93087],[-0.64666,52.93005],[-0.64766,52.92371],[-0.64821,52.91886],[-0.64846,52.91436],[-0.64822,52.91223],[-0.6467,52.90924],[-0.64377,52.90659],[-0.64052,52.90448],[-0.63167,52.89812],[-0.62372,52.89201],[-0.62753,52.88979],[-0.63402,52.88664],[-0.64746,52.88197],[-0.66031,52.87906],[-0.66885,52.87803],[-0.6747,52.87794]]]}},{"type":"Feature","properties":{"source_code":"B82101","codes":["B82101"],"label":"SLEIGHTS AND SANDSEND MEDICAL PRACTICE"},"geometry":{"type":"Polygon","coordinates":[[[-0.51773,54.44369],[-0.62519,54.43151],[-0.67115,54.43378],[-0.6766,54.42487],[-0.6848,54.41676],[-0.67926,54.40784],[-0.67918,54.3996],[-0.68321,54.39135],[-0.70793,54.39135],[-0.72372,54.39095],[-0.73849,54.39755],[-0.73128,54.40814],[-0.69557,54.4409],[-0.73471,54.46365],[-0.76218,54.46206],[-0.7869,54.47642],[-0.80338,54.50274],[-0.8226,54.50593],[-0.8226,54.52028],[-0.82397,54.53463],[-0.79514,54.56092],[-0.78415,54.56092],[-0.77179,54.55614],[-0.76492,54.54738],[-0.74982,54.53742],[-0.73746,54.52746],[-0.71274,54.53144],[-0.69214,54.52188],[-0.68253,54.52108],[-0.67017,54.5155],[-0.67017,54.50514],[-0.65643,54.49716],[-0.63446,54.49477],[-0.59189,54.48759],[-0.57678,54.4852],[-0.56992,54.47642],[-0.5452,54.46046],[-0.51773,54.44369]]]}},{"type":"Feature","properties":{"source_code":"B81064","codes":["B81064"],"label":"CHURCH LANE MEDICAL CENTRE"},"geometry":{"type":"Polygon","coordinates":[[[-0.65437,53.50826],[-0.66965,53.50939],[-0.6863,53.51214],[-0.69574,53.51306],[-0.70038,53.51418],[-0.73711,53.52153],[-0.74192,53.53607],[-0.73608,53.54722],[-0.74553,53.55768],[-0.74681,53.56394],[-0.74643,53.569],[-0.74329,53.57365],[-0.73081,53.58021],[-0.73068,53.58718],[-0.73435,53.59004],[-0.73557,53.5909],[-0.73663,53.59184],[-0.7352,53.59258],[-0.73602,53.59327],[-0.73723,53.59338],[-0.73686,53.59445],[-0.73615,53.59941],[-0.72882,53.60556],[-0.72773,53.6068],[-0.72493,53.60804],[-0.71164,53.60645],[-0.7026,53.60821],[-0.69802,53.612],[-0.69967,53.61734],[-0.7023,53.6195],[-0.704,53.62035],[-0.7045,53.62181],[-0.70242,53.62377],[-0.70103,53.62449],[-0.69742,53.6248],[-0.69332,53.62357],[-0.68544,53.6228],[-0.67472,53.61929],[-0.65931,53.6172],[-0.65365,53.61134],[-0.65212,53.60486],[-0.64603,53.60432],[-0.64132,53.605],[-0.6366,53.6069],[-0.63566,53.60962],[-0.60966,53.60045],[-0.59494,53.59729],[-0.59324,53.59582],[-0.59179,53.59183],[-0.59308,53.58682],[-0.59214,53.59191],[-0.60099,53.56315],[-0.5865,53.55576],[-0.58215,53.55183],[-0.60159,53.54663],[-0.61472,53.52541],[-0.63262,53.52161],[-0.63249,53.51847],[-0.62983,53.5099],[-0.65437,53.50826]]]}},{"type":"Feature","properties":{"source_code":"B81113","codes":["B81113"],"label":"CEDAR MEDICAL PRACTICE"},"geometry":{"type":"Polygon","coordinates":[[[-0.72716,53.5925],[-0.69403,53.60707],[-0.65678,53.61267],[-0.60081,53.60065],[-0.59051,53.56805],[-0.59944,53.53541],[-0.65712,53.5199],[-0.70965,53.54092],[-0.73677,53.57294],[-0.72819,53.58211],[-0.72716,53.5925]]]}},{"type":"Feature","properties":{"source_code":"B81026","codes":["B81026"],"label":"ANCORA MEDICAL PRACTICE"},"geometry":{"type":"MultiPolygon","coordinates":[[[[-0.57577,53.6137],[-0.5838,53.62277],[-0.56717,53.61451],[-0.57577,53.6137]]],[[[-0.5875,53.62695],[-0.5838,53.62277],[-0.59286,53.62727],[-0.59284,53.628],[-0.5875,53.62695]]],[[[-0.5875,53.62695],[-0.59271,53.63283],[-0.59263,53.63583],[-0.58231,53.62818],[-0.59259,53.63721],[-0.59263,53.63583],[-0.60062,53.64175],[-0.60285,53.64426],[-0.59475,53.6391],[-0.61066,53.65306],[-0.60285,53.64426],[-0.60979,53.64868],[-0.60965,53.64844],[-0.60062,53.64175],[-0.59271,53.63283],[-0.59284,53.628],[-0.59533,53.62849],[-0.59669,53.62917],[-0.59693,53.62881],[-0.59802,53.62903],[-0.59744,53.62805],[-0.59693,53.62881],[-0.59533,53.62849],[-0.59286,53.62727],[-0.59303,53.62069],[-0.58816,53.61254],[-0.57577,53.6137],[-0.56854,53.60554],[-0.54657,53.54235],[-0.54875,53.54492],[-0.65918,53.50683],[-0.75119,53.55989],[-0.73059,53.60065],[-0.69351,53.60799],[-0.70312,53.62835],[-0.70587,53.64464],[-0.68802,53.66173],[-0.65918,53.66987],[-0.63446,53.67393],[-0.6194,53.66073],[-0.62485,53.66905],[-0.61609,53.65918],[-0.62347,53.67149],[-0.56305,53.61125],[-0.57899,53.62527],[-0.5875,53.62695]]]]}},{"type":"Feature","properties":{"source_code":"B81045","codes":["B81045"],"label":"ASHBY TURN PRIMARY CARE PARTNERS"},"geometry":{"type":"Polygon","coordinates":[[[-0.72819,53.59128],[-0.72591,53.59855],[-0.72357,53.60015],[-0.71849,53.60175],[-0.70694,53.60535],[-0.701,53.60715],[-0.69442,53.60551],[-0.69265,53.60498],[-0.68963,53.60455],[-0.69102,53.60445],[-0.68935,53.60451],[-0.68963,53.60455],[-0.68909,53.60459],[-0.6839,53.60585],[-0.67708,53.60568],[-0.66991,53.60654],[-0.66038,53.60519],[-0.64862,53.60445],[-0.64309,53.60388],[-0.63912,53.60532],[-0.63772,53.6056],[-0.64276,53.59413],[-0.63602,53.58799],[-0.62927,53.58429],[-0.62126,53.57628],[-0.61601,53.56664],[-0.60199,53.56292],[-0.58798,53.55633],[-0.5849,53.55522],[-0.58268,53.55268],[-0.57909,53.5483],[-0.57749,53.54519],[-0.57708,53.54376],[-0.5771,53.54136],[-0.57667,53.5389],[-0.57658,53.53756],[-0.57743,53.53281],[-0.61726,53.52606],[-0.63306,53.52514],[-0.65984,53.52666],[-0.6741,53.52717],[-0.6959,53.52849],[-0.71479,53.5342],[-0.73334,53.54133],[-0.73819,53.54132],[-0.73686,53.54621],[-0.73935,53.55069],[-0.7457,53.55637],[-0.74673,53.56692],[-0.74072,53.57434],[-0.73025,53.5787],[-0.7293,53.58281],[-0.7287,53.5855],[-0.72819,53.59128]]]}},{"type":"Feature","properties":{"source_code":"B81617","codes":["B81617"],"label":"CHERRY TREE MEDICAL PRACTICE"},"geometry":{"type":"Polygon","coordinates":[[[-0.65781,53.51215],[-0.69042,53.52898],[-0.7354,53.55601],[-0.74231,53.57051],[-0.72724,53.58216],[-0.73293,53.59155],[-0.73509,53.59644],[-0.73038,53.60093],[-0.71409,53.60482],[-0.69918,53.60218],[-0.69682,53.61586],[-0.70819,53.6283],[-0.70857,53.64217],[-0.69385,53.65441],[-0.65077,53.64546],[-0.62098,53.64403],[-0.59407,53.6305],[-0.56167,53.62469],[-0.55344,53.56152],[-0.65781,53.51215]]]}},{"type":"Feature","properties":{"source_code":"K83081","codes":["K83081"],"label":"SUMMERLEE MEDICAL CENTRE"},"geometry":{"type":"Polygon","coordinates":[[[-0.6784,52.37455],[-0.63377,52.36197],[-0.59017,52.33545],[-0.60528,52.31814],[-0.64184,52.3089],[-0.65128,52.31352],[-0.6815,52.29379],[-0.70313,52.29777],[-0.7275,52.30701],[-0.68218,52.33513],[-0.68853,52.3538],[-0.6784,52.37455]]]}},{"type":"Feature","properties":{"source_code":"Y02787","codes":["Y02787"],"label":"THE OAK TREE MEDICAL PRACTICE"},"geometry":{"type":"Polygon","coordinates":[[[-0.29663,53.71215],[-0.2774,53.70728],[-0.27328,53.69183],[-0.24307,53.66905],[-0.22934,53.65685],[-0.20187,53.64382],[-0.19638,53.63161],[-0.23895,53.62835],[-0.27878,53.62184],[-0.28564,53.61614],[-0.2774,53.59984],[-0.29388,53.58517],[-0.31311,53.57865],[-0.33371,53.58354],[-0.36255,53.58354],[-0.37903,53.58761],[-0.40375,53.58598],[-0.41885,53.57865],[-0.45181,53.56397],[-0.49026,53.55255],[-0.46692,53.55173],[-0.41611,53.55336],[-0.37903,53.54031],[-0.38864,53.52725],[-0.48065,53.50112],[-0.48065,53.48968],[-0.48065,53.47334],[-0.49164,53.4529],[-0.5191,53.45371],[-0.57129,53.45698],[-0.6427,53.46271],[-0.64133,53.46843],[-0.63858,53.48886],[-0.63446,53.5052],[-0.67841,53.51092],[-0.7402,53.51418],[-0.74982,53.50847],[-0.77179,53.49867],[-0.77866,53.48723],[-0.77591,53.47088],[-0.80612,53.47088],[-0.85693,53.46925],[-0.90637,53.48805],[-0.8638,53.61776],[-0.69077,53.69915],[-0.61249,53.7154],[-0.59464,53.69833],[-0.5397,53.67882],[-0.51498,53.67719],[-0.49164,53.68695],[-0.46967,53.69833],[-0.44357,53.69833],[-0.39276,53.69996],[-0.35156,53.70971],[-0.29663,53.71215]]]}},{"type":"Feature","properties":{"source_code":"B81022","codes":["B81022"],"label":"CAMBRIDGE AVENUE & MESSINGHAM MC"},"geometry":{"type":"Polygon","coordinates":[[[-0.67935,53.58476],[-0.67238,53.58488],[-0.66812,53.58491],[-0.66411,53.58474],[-0.65645,53.58505],[-0.64982,53.58593],[-0.6424,53.58705],[-0.63912,53.58756],[-0.63669,53.58868],[-0.63086,53.59194],[-0.62913,53.59291],[-0.6274,53.59368],[-0.62292,53.5951],[-0.61472,53.5975],[-0.61111,53.59862],[-0.60725,53.59918],[-0.60461,53.59897],[-0.60193,53.59849],[-0.59674,53.59762],[-0.5947,53.59737],[-0.59207,53.59517],[-0.58758,53.59211],[-0.58574,53.58854],[-0.58408,53.58547],[-0.58318,53.58369],[-0.57919,53.58211],[-0.57468,53.57611],[-0.5738,53.57319],[-0.57446,53.56935],[-0.57429,53.56471],[-0.57464,53.5607],[-0.57429,53.55629],[-0.57515,53.55311],[-0.57687,53.55183],[-0.57721,53.55117],[-0.57754,53.5501],[-0.57813,53.54867],[-0.57846,53.54663],[-0.57706,53.54383],[-0.57704,53.54072],[-0.57672,53.53653],[-0.5776,53.53254],[-0.5811,53.53304],[-0.58254,53.53242],[-0.58693,53.53146],[-0.58795,53.53127],[-0.58889,53.53093],[-0.58987,53.53066],[-0.59068,53.53025],[-0.59255,53.52951],[-0.59442,53.52929],[-0.60822,53.52796],[-0.60911,53.52676],[-0.61398,53.52616],[-0.61851,53.52648],[-0.62498,53.52477],[-0.633,53.52419],[-0.63146,53.51536],[-0.63131,53.51338],[-0.63047,53.5114],[-0.62845,53.50745],[-0.62689,53.50184],[-0.62575,53.49624],[-0.62888,53.49175],[-0.63212,53.49152],[-0.63575,53.4905],[-0.64412,53.48797],[-0.64817,53.48658],[-0.65248,53.4857],[-0.65392,53.48822],[-0.6552,53.48946],[-0.65699,53.48963],[-0.66021,53.48926],[-0.66113,53.48999],[-0.66223,53.49022],[-0.66253,53.49148],[-0.66215,53.49202],[-0.66139,53.49383],[-0.66244,53.49744],[-0.66768,53.5004],[-0.67017,53.50336],[-0.68218,53.50295],[-0.69695,53.50265],[-0.71342,53.50234],[-0.72304,53.5041],[-0.73214,53.50648],[-0.73771,53.50842],[-0.74072,53.50949],[-0.74185,53.51005],[-0.74195,53.51082],[-0.7413,53.51214],[-0.74068,53.5148],[-0.7384,53.5199],[-0.73746,53.52888],[-0.74038,53.53216],[-0.74175,53.53554],[-0.74175,53.53713],[-0.74089,53.53871],[-0.73832,53.54148],[-0.73702,53.54383],[-0.73709,53.54602],[-0.73879,53.5501],[-0.74271,53.55392],[-0.74451,53.55568],[-0.74561,53.55775],[-0.74686,53.56552],[-0.74615,53.56966],[-0.74407,53.57319],[-0.73638,53.57671],[-0.73042,53.58135],[-0.72929,53.58319],[-0.72868,53.5857],[-0.7036,53.58563],[-0.67935,53.58476]]]}},{"type":"Feature","properties":{"source_code":"Y00399","codes":["Y00399"],"label":"DR PASQUALI"},"geometry":{"type":"Polygon","coordinates":[[[-0.63469,52.24041],[-0.63446,52.23978],[-0.67635,52.24945],[-0.68047,52.25176],[-0.73574,52.28769],[-0.72389,52.31824],[-0.66433,52.31938],[-0.66433,52.31939],[-0.60459,52.33324],[-0.55962,52.30323],[-0.5579,52.28307],[-0.57919,52.27068],[-0.59841,52.24714],[-0.63469,52.24041]]]}},{"type":"Feature","properties":{"source_code":"C83075","codes":["C83075"],"label":"VINE STREET SURGERY"},"geometry":{"type":"Polygon","coordinates":[[[-0.59886,52.91773],[-0.59949,52.91318],[-0.60409,52.90965],[-0.60914,52.90729],[-0.61306,52.905],[-0.61441,52.90298],[-0.61547,52.89989],[-0.61905,52.89809],[-0.62437,52.89728],[-0.62758,52.89713],[-0.62972,52.8955],[-0.63442,52.89372],[-0.64071,52.89272],[-0.64643,52.89269],[-0.6482,52.89228],[-0.65147,52.89355],[-0.65874,52.89516],[-0.66401,52.89599],[-0.66939,52.89828],[-0.67261,52.90316],[-0.6766,52.90874],[-0.67937,52.91274],[-0.68144,52.91848],[-0.6822,52.92508],[-0.68419,52.93373],[-0.68485,52.9382],[-0.68428,52.9413],[-0.68369,52.94488],[-0.68242,52.94961],[-0.68207,52.94948],[-0.68209,52.94992],[-0.6554,52.95188],[-0.60671,52.95035],[-0.59905,52.94012],[-0.59897,52.91778],[-0.59886,52.91773]]]}},{"type":"Feature","properties":{"source_code":"C83040","codes":["C83040"],"label":"ST. PETERS HILL SURGERY"},"geometry":{"type":"Polygon","coordinates":[[[-0.56364,52.89538],[-0.56377,52.89136],[-0.56521,52.888],[-0.56767,52.8861],[-0.57487,52.88538],[-0.58227,52.88675],[-0.58994,52.88813],[-0.59826,52.86104],[-0.60923,52.85876],[-0.64305,52.85658],[-0.64812,52.86452],[-0.65148,52.86745],[-0.68603,52.86768],[-0.68571,52.87829],[-0.69125,52.87964],[-0.71851,52.87495],[-0.74946,52.93592],[-0.6775,52.93096],[-0.67732,52.93936],[-0.64854,52.93916],[-0.64757,52.93915],[-0.64417,52.94008],[-0.62931,52.93834],[-0.62931,52.93842],[-0.62584,52.94211],[-0.62189,52.9471],[-0.62064,52.94891],[-0.61959,52.95132],[-0.62039,52.95335],[-0.62121,52.955],[-0.62113,52.95741],[-0.61955,52.95955],[-0.61896,52.96111],[-0.61923,52.96282],[-0.62156,52.96441],[-0.62164,52.96507],[-0.6201,52.96583],[-0.61824,52.96647],[-0.6158,52.96827],[-0.61413,52.96975],[-0.61283,52.96987],[-0.61112,52.96932],[-0.61049,52.96873],[-0.61068,52.96592],[-0.61185,52.96325],[-0.61366,52.96086],[-0.61502,52.95898],[-0.61542,52.9565],[-0.6158,52.95474],[-0.61599,52.95232],[-0.61595,52.9501],[-0.61469,52.94878],[-0.61312,52.94725],[-0.61242,52.94555],[-0.61463,52.94394],[-0.61804,52.94221],[-0.62144,52.94075],[-0.62323,52.939],[-0.62402,52.93772],[-0.56619,52.93096],[-0.58352,52.89754],[-0.57765,52.89796],[-0.5699,52.89899],[-0.56541,52.89797],[-0.56364,52.89538]]]}},{"type":"Feature","properties":{"source_code":"C83048","codes":["C83048"],"label":"ST. JOHNS MEDICAL CENTRE"},"geometry":{"type":"Polygon","coordinates":[[[-0.60696,52.92778],[-0.60133,52.92741],[-0.60087,52.92563],[-0.60194,52.923],[-0.6008,52.92137],[-0.60062,52.92029],[-0.60071,52.91898],[-0.58645,52.91894],[-0.58697,52.91208],[-0.58698,52.91161],[-0.58801,52.91006],[-0.58864,52.90907],[-0.58993,52.90831],[-0.59132,52.90759],[-0.59554,52.90694],[-0.59882,52.9065],[-0.60325,52.90586],[-0.60769,52.90516],[-0.6108,52.90474],[-0.6134,52.90433],[-0.61528,52.90369],[-0.61709,52.90299],[-0.61778,52.90254],[-0.6181,52.9018],[-0.61823,52.90052],[-0.61818,52.89934],[-0.61852,52.89808],[-0.61963,52.89784],[-0.62172,52.89748],[-0.62354,52.89763],[-0.62444,52.89738],[-0.62577,52.89665],[-0.62702,52.89618],[-0.6293,52.89651],[-0.63155,52.89782],[-0.63486,52.89917],[-0.63655,52.89932],[-0.63953,52.89902],[-0.6452,52.89806],[-0.64719,52.89698],[-0.64874,52.89615],[-0.65,52.89511],[-0.65202,52.89416],[-0.65411,52.89395],[-0.65716,52.89419],[-0.66041,52.89446],[-0.66329,52.89459],[-0.66489,52.89507],[-0.66592,52.89608],[-0.66595,52.8965],[-0.66656,52.89719],[-0.66731,52.89915],[-0.66868,52.90019],[-0.67028,52.90198],[-0.67183,52.90408],[-0.67435,52.90749],[-0.6761,52.90992],[-0.67542,52.91153],[-0.67246,52.91116],[-0.67356,52.91554],[-0.67326,52.91697],[-0.6738,52.9187],[-0.66767,52.91793],[-0.66589,52.91766],[-0.66542,52.91804],[-0.66527,52.91878],[-0.66423,52.91936],[-0.66232,52.91941],[-0.66121,52.9196],[-0.65934,52.91961],[-0.65675,52.91966],[-0.65294,52.91944],[-0.6523,52.91961],[-0.65106,52.91977],[-0.65108,52.92041],[-0.65419,52.92153],[-0.65638,52.92204],[-0.65755,52.92277],[-0.65748,52.92346],[-0.66042,52.92468],[-0.66595,52.92692],[-0.66602,52.92725],[-0.66603,52.92848],[-0.66528,52.92955],[-0.66304,52.93035],[-0.65526,52.93203],[-0.65377,52.93222],[-0.65022,52.93187],[-0.64958,52.93186],[-0.64932,52.93209],[-0.64624,52.93419],[-0.64568,52.93426],[-0.64488,52.93422],[-0.64124,52.93256],[-0.63855,52.93171],[-0.63774,52.93168],[-0.63431,52.93279],[-0.63036,52.93159],[-0.62768,52.93038],[-0.62241,52.92919],[-0.62029,52.92912],[-0.6153,52.92849],[-0.61445,52.92859],[-0.61275,52.92859],[-0.61191,52.9283],[-0.60696,52.92778]]]}},{"type":"Feature","properties":{"source_code":"C83611","codes":["C83611"],"label":"THE BASSINGHAM SURGERY"},"geometry":{"type":"Polygon","coordinates":[[[-0.62563,53.17686],[-0.62453,53.17554],[-0.62324,53.17412],[-0.62231,53.17253],[-0.62092,53.17014],[-0.61996,53.16807],[-0.6192,53.1672],[-0.61926,53.16633],[-0.61642,53.1637],[-0.61254,53.16226],[-0.60753,53.15978],[-0.59652,53.15829],[-0.58449,53.157],[-0.57014,53.15573],[-0.55333,53.15498],[-0.54517,53.15429],[-0.53856,53.15446],[-0.5342,53.15162],[-0.53429,53.14881],[-0.53437,53.14665],[-0.53276,53.14101],[-0.53286,53.13798],[-0.53054,53.13233],[-0.52885,53.12929],[-0.52393,53.12598],[-0.52256,53.12402],[-0.5191,53.11987],[-0.51117,53.12064],[-0.50145,53.12116],[-0.49385,53.12258],[-0.48947,53.12469],[-0.48704,53.12228],[-0.48718,53.11817],[-0.48411,53.11338],[-0.48431,53.10776],[-0.48265,53.10384],[-0.48452,53.10192],[-0.48721,53.09698],[-0.49317,53.09079],[-0.4991,53.08546],[-0.50792,53.07952],[-0.5134,53.07677],[-0.52071,53.07297],[-0.53015,53.06985],[-0.55628,53.07211],[-0.56392,53.06918],[-0.57009,53.06709],[-0.57523,53.06369],[-0.58105,53.06117],[-0.58956,53.05327],[-0.59641,53.05227],[-0.60179,53.05233],[-0.60933,53.05242],[-0.62152,53.05256],[-0.63223,53.0542],[-0.64333,53.05498],[-0.65047,53.05614],[-0.668,53.05785],[-0.6873,53.06066],[-0.69546,53.06356],[-0.70358,53.06797],[-0.71598,53.07373],[-0.72197,53.07746],[-0.72725,53.08098],[-0.72722,53.08184],[-0.72852,53.08662],[-0.72843,53.08986],[-0.72802,53.09158],[-0.72791,53.09504],[-0.72266,53.10255],[-0.71965,53.10728],[-0.71486,53.11112],[-0.71477,53.11436],[-0.7139,53.11932],[-0.71044,53.12685],[-0.71004,53.12836],[-0.70995,53.13138],[-0.71017,53.13593],[-0.71394,53.14202],[-0.71421,53.14505],[-0.71767,53.14963],[-0.70938,53.15019],[-0.70646,53.15167],[-0.70697,53.15881],[-0.71092,53.15885],[-0.721,53.15853],[-0.72335,53.16417],[-0.72327,53.16698],[-0.72317,53.17023],[-0.71694,53.17427],[-0.70915,53.18196],[-0.70588,53.18301],[-0.70012,53.18316],[-0.69105,53.18544],[-0.68026,53.18532],[-0.66585,53.1856],[-0.64858,53.1854],[-0.63631,53.18656],[-0.62803,53.18657],[-0.62798,53.1846],[-0.62738,53.18232],[-0.62706,53.18054],[-0.62686,53.17884],[-0.62583,53.17631],[-0.62563,53.17686]]]}},{"type":"Feature","properties":{"source_code":"B82017","codes":["B82017"],"label":"WHITBY GROUP PRACTICE"},"geometry":{"type":"Polygon","coordinates":[[[-0.72733,54.43586],[-0.72921,54.43391],[-0.72861,54.43498],[-0.73122,54.43407],[-0.73356,54.43336],[-0.73524,54.43321],[-0.73669,54.43298],[-0.73852,54.43277],[-0.74116,54.43201],[-0.74497,54.43129],[-0.74833,54.43092],[-0.7555,54.43279],[-0.75986,54.43272],[-0.76384,54.43344],[-0.77356,54.43335],[-0.78177,54.43365],[-0.78853,54.4351],[-0.79286,54.43867],[-0.79631,54.44001],[-0.79949,54.44182],[-0.8016,54.44702],[-0.81664,54.45381],[-0.82047,54.46375],[-0.80857,54.47365],[-0.80245,54.4777],[-0.79741,54.48177],[-0.79403,54.48675],[-0.79638,54.49158],[-0.78528,54.49295],[-0.78788,54.49588],[-0.78601,54.50013],[-0.78164,54.50266],[-0.77911,54.50706],[-0.77604,54.50687],[-0.77442,54.50797],[-0.77198,54.50857],[-0.77308,54.51226],[-0.77277,54.51495],[-0.77013,54.51689],[-0.7719,54.52862],[-0.78128,54.53758],[-0.77953,54.54215],[-0.79376,54.55121],[-0.8123,54.55529],[-0.82466,54.55832],[-0.82603,54.56163],[-0.8068,54.55911],[-0.79376,54.56123],[-0.76766,54.55141],[-0.76672,54.54931],[-0.76796,54.54762],[-0.76652,54.54628],[-0.76503,54.5462],[-0.76239,54.54462],[-0.76056,54.54413],[-0.75681,54.54418],[-0.75339,54.54346],[-0.75246,54.5427],[-0.75079,54.54237],[-0.75004,54.54121],[-0.7494,54.53949],[-0.74892,54.53818],[-0.74816,54.53797],[-0.74623,54.53632],[-0.74673,54.53515],[-0.74741,54.53496],[-0.74706,54.53422],[-0.74903,54.5334],[-0.74762,54.53239],[-0.74528,54.5299],[-0.74308,54.52875],[-0.73897,54.52828],[-0.73486,54.52799],[-0.731,54.52839],[-0.72882,54.53029],[-0.72695,54.53084],[-0.72241,54.53076],[-0.72083,54.53033],[-0.72004,54.53111],[-0.7169,54.53249],[-0.71687,54.53378],[-0.7166,54.53458],[-0.71595,54.53463],[-0.71485,54.53395],[-0.71336,54.53401],[-0.71038,54.5322],[-0.70812,54.53214],[-0.7051,54.53047],[-0.70505,54.52729],[-0.70451,54.52675],[-0.70227,54.52608],[-0.70149,54.5258],[-0.69998,54.52575],[-0.69786,54.52369],[-0.69722,54.52325],[-0.69682,54.52249],[-0.69524,54.52181],[-0.69351,54.52062],[-0.69162,54.52052],[-0.69015,54.52098],[-0.68419,54.5207],[-0.68275,54.52086],[-0.68057,54.5202],[-0.67888,54.51987],[-0.67932,54.5191],[-0.67937,54.51822],[-0.67631,54.51604],[-0.67632,54.51539],[-0.67744,54.51482],[-0.67671,54.51379],[-0.67421,54.51307],[-0.67295,54.51282],[-0.67147,54.51249],[-0.67167,54.51177],[-0.6722,54.51127],[-0.67306,54.50987],[-0.67311,54.50892],[-0.67296,54.50835],[-0.67246,54.50751],[-0.67367,54.5063],[-0.6735,54.50554],[-0.67247,54.50496],[-0.66981,54.50398],[-0.66758,54.50249],[-0.66319,54.50079],[-0.6604,54.5],[-0.65866,54.49965],[-0.65726,54.49899],[-0.65594,54.49852],[-0.65351,54.49831],[-0.6505,54.49766],[-0.64676,54.49708],[-0.64325,54.49674],[-0.63956,54.49669],[-0.63427,54.49569],[-0.63017,54.49418],[-0.62318,54.49256],[-0.61852,54.49248],[-0.6142,54.49299],[-0.61346,54.49352],[-0.61147,54.49327],[-0.60937,54.49109],[-0.60637,54.49072],[-0.60037,54.48958],[-0.59868,54.4905],[-0.59665,54.49036],[-0.59616,54.48912],[-0.59398,54.48924],[-0.59168,54.48828],[-0.58897,54.48946],[-0.58732,54.48972],[-0.58557,54.48895],[-0.58397,54.48801],[-0.58368,54.48751],[-0.58688,54.48622],[-0.58693,54.48533],[-0.58531,54.48425],[-0.58241,54.484],[-0.57987,54.48368],[-0.57788,54.48435],[-0.57525,54.48403],[-0.57168,54.48202],[-0.57072,54.4805],[-0.56896,54.48034],[-0.56821,54.47932],[-0.56531,54.4773],[-0.56198,54.47207],[-0.55993,54.47059],[-0.55944,54.46902],[-0.55879,54.46788],[-0.55699,54.4667],[-0.55613,54.46533],[-0.55441,54.46469],[-0.55286,54.46371],[-0.55061,54.46294],[-0.54887,54.46181],[-0.54659,54.46173],[-0.54461,54.46059],[-0.54167,54.45929],[-0.53752,54.456],[-0.53573,54.45641],[-0.53295,54.4554],[-0.52672,54.45179],[-0.52391,54.44978],[-0.52248,54.44776],[-0.52088,54.44289],[-0.5273,54.43875],[-0.5264,54.43126],[-0.52494,54.42972],[-0.52829,54.42842],[-0.52923,54.42632],[-0.52794,54.42422],[-0.52657,54.42382],[-0.52623,54.42427],[-0.52425,54.42402],[-0.52443,54.42327],[-0.52314,54.42293],[-0.52279,54.42008],[-0.52434,54.41913],[-0.52322,54.41803],[-0.51928,54.41648],[-0.51507,54.41658],[-0.51241,54.41473],[-0.51318,54.41319],[-0.51026,54.41204],[-0.50606,54.41199],[-0.52176,54.40739],[-0.52614,54.40814],[-0.53344,54.40754],[-0.53558,54.40584],[-0.53455,54.40424],[-0.53507,54.4021],[-0.53584,54.40155],[-0.53387,54.39915],[-0.53344,54.3984],[-0.54185,54.39515],[-0.54202,54.3941],[-0.54468,54.3932],[-0.54631,54.3918],[-0.54914,54.39095],[-0.54494,54.38915],[-0.54563,54.38785],[-0.55249,54.38656],[-0.5585,54.38396],[-0.56477,54.38276],[-0.56983,54.38736],[-0.57472,54.3884],[-0.58554,54.39555],[-0.58974,54.40075],[-0.59472,54.40639],[-0.62013,54.41493],[-0.64296,54.41838],[-0.65,54.41908],[-0.67034,54.42108],[-0.67223,54.42073],[-0.67497,54.42088],[-0.67677,54.42138],[-0.67772,54.42148],[-0.67969,54.42213],[-0.68098,54.42248],[-0.68192,54.42422],[-0.68338,54.42637],[-0.68647,54.42872],[-0.69145,54.43101],[-0.6954,54.43216],[-0.69626,54.43296],[-0.70021,54.43451],[-0.70561,54.43516],[-0.71265,54.43396],[-0.71746,54.43526],[-0.71806,54.43491],[-0.71892,54.43491],[-0.72081,54.43556],[-0.72201,54.43546],[-0.72381,54.43576],[-0.72733,54.43586]]]}},{"type":"Feature","properties":{"source_code":"C83053","codes":["C83053"],"label":"COLSTERWORTH SURGERY"},"geometry":{"type":"Polygon","coordinates":[[[-0.47604,52.80124],[-0.47649,52.79592],[-0.47748,52.79062],[-0.47899,52.78537],[-0.48102,52.78019],[-0.48357,52.7751],[-0.48662,52.77012],[-0.49016,52.76526],[-0.49418,52.76055],[-0.49867,52.756],[-0.50359,52.75164],[-0.50895,52.74747],[-0.5147,52.74352],[-0.52085,52.73979],[-0.52734,52.73632],[-0.53418,52.73309],[-0.54132,52.73014],[-0.54874,52.72747],[-0.55641,52.72509],[-0.5643,52.72302],[-0.57238,52.72125],[-0.58063,52.71979],[-0.589,52.71866],[-0.59747,52.71785],[-0.606,52.71737],[-0.61456,52.71722],[-0.62312,52.71741],[-0.63165,52.71792],[-0.64011,52.71876],[-0.64846,52.71993],[-0.65669,52.72142],[-0.66475,52.72322],[-0.67261,52.72533],[-0.68025,52.72774],[-0.68764,52.73044],[-0.69474,52.73342],[-0.70153,52.73666],[-0.70798,52.74017],[-0.71407,52.74392],[-0.71978,52.74789],[-0.72507,52.75208],[-0.72994,52.75647],[-0.73436,52.76103],[-0.73832,52.76576],[-0.7418,52.77063],[-0.74478,52.77563],[-0.74726,52.78073],[-0.74923,52.78592],[-0.75067,52.79117],[-0.75158,52.79647],[-0.75196,52.8018],[-0.75181,52.80713],[-0.75113,52.81244],[-0.74991,52.81772],[-0.74816,52.82294],[-0.7459,52.82808],[-0.74313,52.83313],[-0.73985,52.83806],[-0.73609,52.84286],[-0.73185,52.8475],[-0.72716,52.85196],[-0.72203,52.85624],[-0.71647,52.86031],[-0.71052,52.86416],[-0.7042,52.86777],[-0.69752,52.87114],[-0.69052,52.87423],[-0.68322,52.87705],[-0.67565,52.87959],[-0.66784,52.88182],[-0.65983,52.88375],[-0.65163,52.88537],[-0.64329,52.88667],[-0.63483,52.88764],[-0.6263,52.88829],[-0.61771,52.8886],[-0.60911,52.88859],[-0.60053,52.88824],[-0.592,52.88756],[-0.58356,52.88655],[-0.57524,52.88522],[-0.56706,52.88357],[-0.55907,52.8816],[-0.55129,52.87933],[-0.54376,52.87677],[-0.5365,52.87392],[-0.52954,52.87079],[-0.52291,52.86741],[-0.51663,52.86377],[-0.51074,52.8599],[-0.50524,52.8558],[-0.50016,52.8515],[-0.49553,52.84702],[-0.49136,52.84236],[-0.48766,52.83755],[-0.48445,52.83261],[-0.48174,52.82755],[-0.47955,52.8224],[-0.47788,52.81717],[-0.47673,52.81189],[-0.47612,52.80657],[-0.47604,52.80124]]]}},{"type":"Feature","properties":{"source_code":"C83080","codes":["C83080"],"label":"THE HARROWBY LANE SURGERY"},"geometry":{"type":"Polygon","coordinates":[[[-0.59933,52.95195],[-0.60432,52.9538],[-0.57391,52.9425],[-0.57362,52.93921],[-0.57345,52.93516],[-0.57346,52.93249],[-0.57915,52.91758],[-0.57883,52.91091],[-0.57878,52.90748],[-0.57764,52.90437],[-0.57563,52.90185],[-0.57344,52.89976],[-0.56993,52.89817],[-0.56615,52.89723],[-0.56347,52.89621],[-0.56291,52.89442],[-0.56258,52.89259],[-0.56404,52.89054],[-0.56792,52.88833],[-0.57034,52.88798],[-0.57351,52.88826],[-0.5856,52.89141],[-0.58977,52.89207],[-0.59766,52.89305],[-0.60585,52.89409],[-0.62346,52.89697],[-0.62731,52.89814],[-0.63432,52.89987],[-0.63507,52.90067],[-0.63926,52.9033],[-0.64321,52.90617],[-0.64631,52.90897],[-0.64785,52.91167],[-0.64879,52.91642],[-0.65009,52.91958],[-0.65267,52.92163],[-0.6575,52.92375],[-0.66171,52.92577],[-0.67389,52.92877],[-0.67434,52.93192],[-0.67579,52.93522],[-0.67675,52.93946],[-0.67695,52.94829],[-0.66619,52.9493],[-0.65513,52.95011],[-0.65043,52.95128],[-0.64573,52.95235],[-0.63159,52.95703],[-0.62524,52.95869],[-0.62233,52.9595],[-0.62014,52.9599],[-0.61905,52.96003],[-0.61703,52.96005],[-0.61542,52.95942],[-0.61204,52.95788],[-0.61037,52.95673],[-0.60555,52.95433],[-0.60294,52.95331],[-0.59933,52.95195]]]}},{"type":"Feature","properties":{"source_code":"K83028","codes":["K83028"],"label":"SPINNEY BROOK MEDICAL CENTRE"},"geometry":{"type":"Polygon","coordinates":[[[-0.56854,52.3712],[-0.5761,52.34918],[-0.59566,52.3217],[-0.60322,52.31582],[-0.61489,52.30281],[-0.64476,52.29336],[-0.67051,52.31645],[-0.66249,52.32217],[-0.65712,52.32716],[-0.64722,52.33523],[-0.62382,52.35526],[-0.62061,52.3574],[-0.59807,52.37623],[-0.61958,52.35809],[-0.57919,52.38503],[-0.57043,52.3756],[-0.56854,52.3712]]]}},{"type":"Feature","properties":{"source_code":"B81007","codes":["B81007"],"label":"WINTERTON MEDICAL PRACTICE"},"geometry":{"type":"Polygon","coordinates":[[[-0.57884,53.693],[-0.55768,53.68222],[-0.55076,53.68023],[-0.5435,53.67884],[-0.52666,53.6781],[-0.52936,53.66142],[-0.53206,53.64693],[-0.53176,53.62306],[-0.52297,53.60397],[-0.56279,53.60157],[-0.57768,53.6019],[-0.59172,53.60386],[-0.63764,53.61512],[-0.67892,53.61985],[-0.69308,53.62258],[-0.69523,53.62448],[-0.70922,53.62545],[-0.71055,53.64161],[-0.70497,53.64625],[-0.69716,53.65059],[-0.69201,53.65784],[-0.6854,53.66928],[-0.68446,53.68181],[-0.69,53.68769],[-0.69383,53.69397],[-0.68227,53.69887],[-0.66523,53.70197],[-0.65115,53.70611],[-0.63631,53.71055],[-0.62176,53.7134],[-0.6118,53.71439],[-0.60609,53.71172],[-0.5947,53.70109],[-0.57884,53.693]]]}},{"type":"Feature","properties":{"source_code":"C83041","codes":["C83041"],"label":"THE WOODLAND MEDICAL PRACTICE"},"geometry":{"type":"MultiPolygon","coordinates":[[[[-0.57285,53.21223],[-0.57288,53.21223],[-0.57288,53.21224],[-0.57285,53.21223]]],[[[-0.56644,53.21108],[-0.56637,53.21106],[-0.56599,53.21098],[-0.56458,53.21068],[-0.56447,53.21066],[-0.56433,53.21062],[-0.56413,53.21059],[-0.56385,53.21053],[-0.56362,53.21049],[-0.56332,53.21042],[-0.56307,53.21037],[-0.56272,53.21031],[-0.56257,53.21028],[-0.56245,53.21026],[-0.56232,53.21022],[-0.56228,53.21],[-0.56198,53.20914],[-0.56177,53.2083],[-0.562,53.20758],[-0.56149,53.20691],[-0.56092,53.20604],[-0.56076,53.20554],[-0.56062,53.2049],[-0.55916,53.2037],[-0.55789,53.20273],[-0.55747,53.20226],[-0.55788,53.20212],[-0.55836,53.20165],[-0.5585,53.20141],[-0.55986,53.20063],[-0.56111,53.20008],[-0.56282,53.19894],[-0.56411,53.19812],[-0.56513,53.19763],[-0.56685,53.19701],[-0.56893,53.19563],[-0.57091,53.1942],[-0.57279,53.19288],[-0.57446,53.19174],[-0.57637,53.19038],[-0.57896,53.1886],[-0.58275,53.18597],[-0.5849,53.18439],[-0.58569,53.1838],[-0.58752,53.18268],[-0.58826,53.18247],[-0.5903,53.18131],[-0.59403,53.1793],[-0.59701,53.17786],[-0.59724,53.17796],[-0.60399,53.17945],[-0.60571,53.17978],[-0.60697,53.18052],[-0.60763,53.18184],[-0.60952,53.1826],[-0.62171,53.1774],[-0.62309,53.17701],[-0.62375,53.1773],[-0.62576,53.17654],[-0.63444,53.17804],[-0.64573,53.17609],[-0.65363,53.17769],[-0.65981,53.18228],[-0.69393,53.19138],[-0.69171,53.19746],[-0.67565,53.20601],[-0.64901,53.2049],[-0.64896,53.2067],[-0.64796,53.21048],[-0.64957,53.21207],[-0.65146,53.21563],[-0.65485,53.21805],[-0.65605,53.21986],[-0.65514,53.22138],[-0.6538,53.22276],[-0.6531,53.22362],[-0.6531,53.2262],[-0.65521,53.22895],[-0.65479,53.22991],[-0.65432,53.23392],[-0.65584,53.23417],[-0.65648,53.23516],[-0.65425,53.23642],[-0.65428,53.23712],[-0.6534,53.23877],[-0.65233,53.24034],[-0.65294,53.24125],[-0.65368,53.24242],[-0.65338,53.24271],[-0.65064,53.24306],[-0.64693,53.24337],[-0.64297,53.24426],[-0.64008,53.24478],[-0.63924,53.24526],[-0.6388,53.24689],[-0.63808,53.24796],[-0.63442,53.24988],[-0.63045,53.2508],[-0.6285,53.25106],[-0.62757,53.25117],[-0.62232,53.24951],[-0.62133,53.24862],[-0.61877,53.24637],[-0.61707,53.24469],[-0.61663,53.24343],[-0.61658,53.2424],[-0.61654,53.2424],[-0.6165,53.24268],[-0.61646,53.24241],[-0.61612,53.24243],[-0.615,53.242],[-0.6124,53.23992],[-0.60734,53.24167],[-0.59566,53.24564],[-0.59609,53.24594],[-0.59653,53.24671],[-0.59901,53.2483],[-0.60253,53.25088],[-0.59993,53.25199],[-0.59891,53.25238],[-0.59802,53.25209],[-0.59307,53.24927],[-0.58786,53.24654],[-0.59405,53.24506],[-0.60853,53.23998],[-0.61043,53.23886],[-0.60218,53.22786],[-0.60149,53.22769],[-0.60103,53.22854],[-0.60025,53.22889],[-0.59902,53.22966],[-0.59788,53.23091],[-0.59669,53.22965],[-0.59423,53.22722],[-0.5897,53.22306],[-0.58641,53.22064],[-0.58471,53.21968],[-0.58421,53.21948],[-0.58305,53.2193],[-0.57702,53.21815],[-0.57241,53.21737],[-0.57188,53.21715],[-0.57231,53.21647],[-0.5754,53.21266],[-0.5747,53.21253],[-0.57412,53.21244],[-0.57369,53.21239],[-0.57326,53.21228],[-0.57331,53.2123],[-0.57288,53.21223],[-0.57288,53.21223],[-0.57285,53.21223],[-0.57194,53.2121],[-0.57027,53.21183],[-0.56951,53.2117],[-0.56885,53.21158],[-0.56829,53.21149],[-0.56779,53.21134],[-0.56713,53.21121],[-0.56644,53.21108]]]]}},{"type":"Feature","properties":{"source_code":"C83082","codes":["C83082"],"label":"BIRCHWOOD MEDICAL PRACTICE"},"geometry":{"type":"Polygon","coordinates":[[[-0.5655,53.21659],[-0.5848,53.20292],[-0.58477,53.20291],[-0.58359,53.20251],[-0.58146,53.20211],[-0.58113,53.20198],[-0.58138,53.20166],[-0.58177,53.20043],[-0.58202,53.19935],[-0.58136,53.19823],[-0.58062,53.19739],[-0.57915,53.1967],[-0.57784,53.19595],[-0.58316,53.19369],[-0.5847,53.19562],[-0.58636,53.1975],[-0.58694,53.19871],[-0.5892,53.19986],[-0.5875,53.20104],[-0.58752,53.20104],[-0.58756,53.20102],[-0.58753,53.20104],[-0.61762,53.20839],[-0.61827,53.21522],[-0.617,53.21876],[-0.61202,53.22138],[-0.62513,53.23035],[-0.62462,53.24176],[-0.61598,53.24166],[-0.5655,53.21659]]]}},{"type":"Feature","properties":{"source_code":"K83024","codes":["K83024"],"label":"RUSHDEN MEDICAL CENTRE"},"geometry":{"type":"Polygon","coordinates":[[[-0.63618,52.29609],[-0.5888,52.32359],[-0.57919,52.3196],[-0.57266,52.31394],[-0.56168,52.31729],[-0.55824,52.3152],[-0.5555,52.311],[-0.5579,52.30428],[-0.53181,52.29315],[-0.53627,52.28339],[-0.52992,52.2763],[-0.53524,52.26759],[-0.53558,52.26178],[-0.54932,52.26105],[-0.55597,52.26011],[-0.55953,52.25634],[-0.57477,52.26419],[-0.58178,52.2687],[-0.58674,52.27467],[-0.5909,52.27438],[-0.59524,52.27588],[-0.60073,52.2784],[-0.60794,52.2789],[-0.61275,52.28076],[-0.61468,52.28515],[-0.61987,52.2889],[-0.62343,52.29099],[-0.62586,52.29287],[-0.62819,52.29404],[-0.63171,52.29449],[-0.63618,52.29609]]]}},{"type":"Feature","properties":{"source_code":"C83025","codes":["C83025"],"label":"RICHMOND MEDICAL CENTRE"},"geometry":{"type":"Polygon","coordinates":[[[-0.59129,53.19877],[-0.59249,53.20258],[-0.59345,53.20323],[-0.5821,53.2],[-0.58005,53.19919],[-0.57313,53.19911],[-0.56881,53.19975],[-0.56725,53.20047],[-0.55758,53.20216],[-0.55443,53.20198],[-0.55655,53.20071],[-0.55597,53.19955],[-0.55649,53.19794],[-0.5573,53.19675],[-0.55877,53.19649],[-0.55942,53.19544],[-0.56083,53.19467],[-0.56183,53.1945],[-0.56262,53.194],[-0.56385,53.19387],[-0.56433,53.19337],[-0.56392,53.19189],[-0.56395,53.19088],[-0.56399,53.18991],[-0.56402,53.18903],[-0.56426,53.18848],[-0.56498,53.18766],[-0.56493,53.1871],[-0.56595,53.18628],[-0.56675,53.18528],[-0.56801,53.18455],[-0.57004,53.18347],[-0.57008,53.18222],[-0.57036,53.18075],[-0.57047,53.17969],[-0.5706,53.1783],[-0.57046,53.17784],[-0.57096,53.17679],[-0.57098,53.17609],[-0.57146,53.17531],[-0.57148,53.17472],[-0.57151,53.17407],[-0.573,53.17307],[-0.57279,53.17242],[-0.57366,53.17174],[-0.57363,53.17031],[-0.57405,53.1693],[-0.5763,53.16845],[-0.57685,53.16818],[-0.57757,53.1674],[-0.57759,53.16666],[-0.57701,53.16573],[-0.57722,53.16375],[-0.57696,53.16259],[-0.57775,53.16172],[-0.57978,53.15861],[-0.58132,53.15604],[-0.5805,53.1552],[-0.58053,53.15432],[-0.58156,53.15332],[-0.58229,53.15218],[-0.58293,53.15154],[-0.57926,53.15089],[-0.5811,53.14404],[-0.58436,53.1336],[-0.58452,53.13337],[-0.58868,53.13309],[-0.6021,53.13353],[-0.67286,53.1366],[-0.67513,53.13995],[-0.67687,53.14352],[-0.67672,53.14592],[-0.6763,53.14929],[-0.676,53.15159],[-0.67393,53.15406],[-0.67265,53.15557],[-0.66619,53.15841],[-0.66283,53.17019],[-0.6606,53.17787],[-0.69195,53.19375],[-0.66898,53.20428],[-0.6498,53.20205],[-0.634,53.19961],[-0.6292,53.19819],[-0.61903,53.20034],[-0.61154,53.20091],[-0.60749,53.20106],[-0.60403,53.20123],[-0.59336,53.20305],[-0.59326,53.20297],[-0.59129,53.19877]]]}},{"type":"Feature","properties":{"source_code":"K83044","codes":["K83044"],"label":"PARKLANDS MEDICAL CENTRE"},"geometry":{"type":"Polygon","coordinates":[[[-0.63498,52.29557],[-0.62706,52.29893],[-0.61845,52.30103],[-0.61508,52.30202],[-0.61172,52.30386],[-0.60588,52.3111],[-0.60227,52.31541],[-0.59361,52.3196],[-0.59094,52.31868],[-0.58858,52.31648],[-0.5864,52.31331],[-0.58326,52.30945],[-0.57798,52.3047],[-0.56528,52.29856],[-0.55086,52.29549],[-0.52923,52.29185],[-0.52048,52.302],[-0.51318,52.30645],[-0.50726,52.30774],[-0.50177,52.28696],[-0.54399,52.26958],[-0.56005,52.26346],[-0.56365,52.26234],[-0.56605,52.26132],[-0.5682,52.26031],[-0.56996,52.26061],[-0.57335,52.25918],[-0.57738,52.25888],[-0.57953,52.25902],[-0.58133,52.25896],[-0.58369,52.25881],[-0.58502,52.25891],[-0.58721,52.25847],[-0.58931,52.25797],[-0.59086,52.2576],[-0.59249,52.25723],[-0.59557,52.25641],[-0.59736,52.25601],[-0.59836,52.25584],[-0.59917,52.2556],[-0.6001,52.25534],[-0.60111,52.25503],[-0.60209,52.25472],[-0.6032,52.25442],[-0.60593,52.2537],[-0.60915,52.25291],[-0.61302,52.25195],[-0.61734,52.25087],[-0.62854,52.24819],[-0.63103,52.26227],[-0.63498,52.29557]]]}},{"type":"Feature","properties":{"source_code":"B81099","codes":["B81099"],"label":"THE KIRTON LINDSEY AND SCOTTER SURGERY"},"geometry":{"type":"Polygon","coordinates":[[[-0.63171,53.54684],[-0.61536,53.55248],[-0.60437,53.55248],[-0.5824,53.55289],[-0.52198,53.54065],[-0.48902,53.50187],[-0.4746,53.46101],[-0.4485,53.40783],[-0.49451,53.39473],[-0.57691,53.37671],[-0.69625,53.38087],[-0.73195,53.40953],[-0.7369,53.4332],[-0.74307,53.46591],[-0.74101,53.51004],[-0.73883,53.55826],[-0.71548,53.55499],[-0.69626,53.5501],[-0.65369,53.54194],[-0.64407,53.5452],[-0.63171,53.54357],[-0.63171,53.54684]]]}},{"type":"Feature","properties":{"source_code":"K83080","codes":["K83080"],"label":"HIGHAM FERRERS SURGERY"},"geometry":{"type":"Polygon","coordinates":[[[-0.58674,52.32254],[-0.54348,52.3259],[-0.52528,52.28664],[-0.55515,52.27362],[-0.58733,52.27342],[-0.58708,52.27346],[-0.61111,52.27866],[-0.58811,52.27341],[-0.58733,52.27342],[-0.61111,52.2691],[-0.63652,52.26543],[-0.65094,52.28832],[-0.62759,52.29819],[-0.61558,52.29987],[-0.60699,52.30785],[-0.6039,52.30701],[-0.60459,52.31184],[-0.58674,52.32254]]]}},{"type":"Feature","properties":{"source_code":"C82044","codes":["C82044"],"label":"EMPINGHAM MEDICAL CENTRE"},"geometry":{"type":"Polygon","coordinates":[[[-0.46703,52.66348],[-0.46773,52.66637],[-0.46702,52.66375],[-0.46636,52.66159],[-0.46601,52.659],[-0.46612,52.65831],[-0.46739,52.6574],[-0.4684,52.6564],[-0.4699,52.65533],[-0.47275,52.65428],[-0.47195,52.65328],[-0.47299,52.65302],[-0.47383,52.65205],[-0.47526,52.65115],[-0.47715,52.65062],[-0.47807,52.65065],[-0.47794,52.64964],[-0.47719,52.64843],[-0.47641,52.64757],[-0.47961,52.64649],[-0.48206,52.64585],[-0.48727,52.64397],[-0.48871,52.64311],[-0.49048,52.64198],[-0.49313,52.64056],[-0.49653,52.63989],[-0.50008,52.63939],[-0.50551,52.63953],[-0.5141,52.63982],[-0.51669,52.63925],[-0.51929,52.63854],[-0.5227,52.63709],[-0.53416,52.63141],[-0.54193,52.62766],[-0.54322,52.62419],[-0.54761,52.62131],[-0.552,52.62091],[-0.55405,52.61925],[-0.55651,52.61791],[-0.56292,52.61522],[-0.57157,52.61145],[-0.58083,52.59981],[-0.58105,52.59982],[-0.58188,52.5993],[-0.58389,52.59856],[-0.59108,52.59418],[-0.59573,52.5917],[-0.59594,52.59032],[-0.598,52.58889],[-0.60372,52.58905],[-0.60786,52.58847],[-0.61163,52.58994],[-0.61512,52.59088],[-0.61645,52.59073],[-0.62313,52.59104],[-0.62533,52.59159],[-0.6283,52.59211],[-0.6346,52.5929],[-0.63569,52.59324],[-0.63723,52.5931],[-0.64193,52.59325],[-0.64669,52.59359],[-0.6494,52.59389],[-0.65179,52.59357],[-0.65484,52.59366],[-0.65952,52.59434],[-0.662,52.59489],[-0.66422,52.59449],[-0.6679,52.59415],[-0.66871,52.59475],[-0.6696,52.59555],[-0.67106,52.59721],[-0.67242,52.59874],[-0.67352,52.5999],[-0.67488,52.60143],[-0.67587,52.60256],[-0.67738,52.60461],[-0.67864,52.60572],[-0.68314,52.60862],[-0.6866,52.6106],[-0.69015,52.61278],[-0.68957,52.61067],[-0.6915,52.60918],[-0.69463,52.6074],[-0.69661,52.60431],[-0.69777,52.60231],[-0.69926,52.60152],[-0.70362,52.60581],[-0.70439,52.60735],[-0.70562,52.60806],[-0.70713,52.6086],[-0.70772,52.60899],[-0.70897,52.61003],[-0.71006,52.6104],[-0.71209,52.61122],[-0.71506,52.61088],[-0.7165,52.61111],[-0.71717,52.61123],[-0.71867,52.61116],[-0.7201,52.6112],[-0.72265,52.61191],[-0.72435,52.61198],[-0.72669,52.61185],[-0.72892,52.61171],[-0.73011,52.61172],[-0.73099,52.61186],[-0.73172,52.61211],[-0.73392,52.61262],[-0.73574,52.61334],[-0.73826,52.6139],[-0.73957,52.61437],[-0.7406,52.61491],[-0.74211,52.61547],[-0.74278,52.61583],[-0.74431,52.61789],[-0.7463,52.62082],[-0.74739,52.62244],[-0.74898,52.62538],[-0.75083,52.62899],[-0.75103,52.63068],[-0.75178,52.63167],[-0.75076,52.63488],[-0.74985,52.63612],[-0.7498,52.63773],[-0.75208,52.63798],[-0.75484,52.63808],[-0.76044,52.63899],[-0.76195,52.64098],[-0.76366,52.64169],[-0.76629,52.64228],[-0.76905,52.64392],[-0.77087,52.64472],[-0.77259,52.64504],[-0.77512,52.64365],[-0.77785,52.64269],[-0.77977,52.64146],[-0.78372,52.6395],[-0.78474,52.6399],[-0.79168,52.64296],[-0.79554,52.64422],[-0.79825,52.64589],[-0.79946,52.64712],[-0.79788,52.64776],[-0.79379,52.64907],[-0.79248,52.64942],[-0.78882,52.6505],[-0.7849,52.65174],[-0.78075,52.65295],[-0.78407,52.65443],[-0.78941,52.65652],[-0.79262,52.65787],[-0.79427,52.66072],[-0.79354,52.66374],[-0.79112,52.66522],[-0.78859,52.66671],[-0.7863,52.66728],[-0.78281,52.66863],[-0.78198,52.67112],[-0.78339,52.67234],[-0.78435,52.67521],[-0.78387,52.68183],[-0.78667,52.68686],[-0.78517,52.69302],[-0.78749,52.69448],[-0.78969,52.69486],[-0.79611,52.69671],[-0.7965,52.70414],[-0.79817,52.70404],[-0.79981,52.70754],[-0.79533,52.70894],[-0.79232,52.71143],[-0.79776,52.71495],[-0.80412,52.72021],[-0.81397,52.72834],[-0.81297,52.72931],[-0.80873,52.73096],[-0.80497,52.73285],[-0.80064,52.73656],[-0.79497,52.73795],[-0.79198,52.74002],[-0.78894,52.74025],[-0.78621,52.74088],[-0.78297,52.74046],[-0.7798,52.74167],[-0.77694,52.74316],[-0.77377,52.74404],[-0.77128,52.74408],[-0.76726,52.74424],[-0.76146,52.74027],[-0.74464,52.72847],[-0.73935,52.7273],[-0.73763,52.72689],[-0.73369,52.72823],[-0.7304,52.72971],[-0.73015,52.73069],[-0.72766,52.73195],[-0.72389,52.73486],[-0.71982,52.73303],[-0.71742,52.73435],[-0.71162,52.7347],[-0.71158,52.73472],[-0.70332,52.73759],[-0.70239,52.73436],[-0.6923,52.73667],[-0.68722,52.73878],[-0.68201,52.74067],[-0.68007,52.73876],[-0.67783,52.73749],[-0.67816,52.73633],[-0.6759,52.73318],[-0.67704,52.7297],[-0.67466,52.72538],[-0.67445,52.7239],[-0.6686,52.72377],[-0.66251,52.72469],[-0.65968,52.72518],[-0.65206,52.7321],[-0.64039,52.73769],[-0.6317,52.73777],[-0.61901,52.73834],[-0.61151,52.73763],[-0.60733,52.73463],[-0.60249,52.73412],[-0.60136,52.73697],[-0.59908,52.73462],[-0.59423,52.73429],[-0.59299,52.73607],[-0.59409,52.73859],[-0.59279,52.74233],[-0.5915,52.7458],[-0.58748,52.74692],[-0.58549,52.74874],[-0.58578,52.7498],[-0.58422,52.75224],[-0.57939,52.75301],[-0.57254,52.75309],[-0.57174,52.75039],[-0.57168,52.74789],[-0.56959,52.7475],[-0.56588,52.74478],[-0.56131,52.74549],[-0.55953,52.74524],[-0.55169,52.74174],[-0.54001,52.73847],[-0.53913,52.73372],[-0.53994,52.72984],[-0.53442,52.72983],[-0.53119,52.72927],[-0.52684,52.72632],[-0.52485,52.72445],[-0.52251,52.72317],[-0.52232,52.72218],[-0.5226,52.72035],[-0.52546,52.71539],[-0.52817,52.71272],[-0.52868,52.71167],[-0.51842,52.70994],[-0.50306,52.70697],[-0.4923,52.70299],[-0.48266,52.7009],[-0.47928,52.70049],[-0.47363,52.70212],[-0.463,52.69456],[-0.45502,52.69238],[-0.44777,52.68801],[-0.45511,52.68032],[-0.46014,52.67547],[-0.46851,52.66868],[-0.46703,52.66348]]]}},{"type":"Feature","properties":{"source_code":"K83007","codes":["K83007"],"label":"HARBOROUGH FIELD SURGERY"},"geometry":{"type":"Polygon","coordinates":[[[-0.59348,52.31913],[-0.58887,52.31845],[-0.58435,52.31752],[-0.5765,52.31569],[-0.56699,52.31384],[-0.56276,52.31283],[-0.56068,52.31135],[-0.55996,52.30827],[-0.57369,52.30176],[-0.57198,52.3005],[-0.56854,52.29987],[-0.54726,52.30092],[-0.54296,52.29861],[-0.54301,52.29289],[-0.53996,52.28738],[-0.53485,52.28344],[-0.53387,52.27761],[-0.53011,52.27119],[-0.52995,52.27118],[-0.53305,52.27013],[-0.54236,52.26485],[-0.55374,52.25862],[-0.56477,52.25345],[-0.5676,52.25618],[-0.57039,52.25555],[-0.57953,52.26501],[-0.59429,52.27488],[-0.61026,52.27955],[-0.61459,52.28316],[-0.6168,52.28615],[-0.62116,52.28866],[-0.62375,52.29119],[-0.6266,52.29189],[-0.62566,52.2928],[-0.62856,52.29359],[-0.63009,52.29275],[-0.63178,52.29307],[-0.63506,52.29446],[-0.63485,52.29536],[-0.63562,52.29575],[-0.62953,52.29761],[-0.62862,52.30344],[-0.62167,52.30381],[-0.61403,52.30837],[-0.60493,52.31897],[-0.59348,52.31913]]]}},{"type":"Feature","properties":{"source_code":"C83052","codes":["C83052"],"label":"THE INGHAM SURGERY"},"geometry":{"type":"Polygon","coordinates":[[[-0.56915,53.40406],[-0.54649,53.40056],[-0.53402,53.40234],[-0.51053,53.40634],[-0.49431,53.40899],[-0.47713,53.4014],[-0.45722,53.3923],[-0.4429,53.38455],[-0.4281,53.37398],[-0.4171,53.3587],[-0.40613,53.34256],[-0.40636,53.33651],[-0.42243,53.33153],[-0.43212,53.32344],[-0.44614,53.31541],[-0.4717,53.30709],[-0.48722,53.29691],[-0.51211,53.28685],[-0.53905,53.27983],[-0.55349,53.27958],[-0.57967,53.27297],[-0.6128,53.27466],[-0.63706,53.28315],[-0.65404,53.29372],[-0.66242,53.30246],[-0.66689,53.30693],[-0.66921,53.31081],[-0.67067,53.31379],[-0.66921,53.31616],[-0.67016,53.31774],[-0.67088,53.3197],[-0.67693,53.32113],[-0.68156,53.32597],[-0.68086,53.33058],[-0.67952,53.33579],[-0.68504,53.34043],[-0.69187,53.34618],[-0.69364,53.34992],[-0.6934,53.35603],[-0.69449,53.3587],[-0.69673,53.36172],[-0.6983,53.36496],[-0.69907,53.36696],[-0.7013,53.37213],[-0.70088,53.37502],[-0.70021,53.37697],[-0.69735,53.3794],[-0.69467,53.38108],[-0.68124,53.39477],[-0.67313,53.39944],[-0.63314,53.4059],[-0.61498,53.40786],[-0.5967,53.41166],[-0.57346,53.40501],[-0.56915,53.40406]]]}},{"type":"Feature","properties":{"source_code":"B81061","codes":["B81061"],"label":"THE RIDINGS MEDICAL GROUP"},"geometry":{"type":"Polygon","coordinates":[[[-0.64837,53.86457],[-0.49181,53.79396],[-0.47344,53.73663],[-0.49662,53.7152],[-0.52447,53.71032],[-0.53694,53.7086],[-0.5494,53.7087],[-0.56002,53.71144],[-0.5703,53.715],[-0.58365,53.72454],[-0.59738,53.72952],[-0.6233,53.73028],[-0.66373,53.72284],[-0.67467,53.72034],[-0.68272,53.71005],[-0.69103,53.70419],[-0.70072,53.70362],[-0.7445,53.75338],[-0.74501,53.7544],[-0.7439,53.77403],[-0.80976,53.7685],[-0.85435,53.74349],[-0.93459,53.77749],[-0.96048,53.82352],[-0.94772,53.87418],[-0.89252,53.89396],[-0.78788,53.92951],[-0.77361,53.91001],[-0.73132,53.88474],[-0.69283,53.8747],[-0.68595,53.87126],[-0.66828,53.86994],[-0.66508,53.8699],[-0.66493,53.86947],[-0.66371,53.86927],[-0.65819,53.8689],[-0.64837,53.86457]]]}},{"type":"Feature","properties":{"source_code":"C83014","codes":["C83014"],"label":"BOULTHAM PARK MEDICAL PRACTICE"},"geometry":{"type":"Polygon","coordinates":[[[-0.60226,53.2275],[-0.60198,53.22776],[-0.60134,53.2289],[-0.60087,53.22978],[-0.60016,53.23106],[-0.5986,53.23266],[-0.59533,53.23426],[-0.5932,53.23513],[-0.59055,53.23625],[-0.58851,53.23707],[-0.55592,53.22318],[-0.55364,53.2223],[-0.55286,53.22191],[-0.5518,53.2214],[-0.55038,53.22088],[-0.54977,53.22087],[-0.54951,53.21945],[-0.54916,53.2183],[-0.54918,53.21764],[-0.5495,53.21713],[-0.54976,53.21625],[-0.55017,53.2157],[-0.55037,53.21508],[-0.55034,53.21427],[-0.55003,53.2131],[-0.5498,53.21254],[-0.54997,53.21192],[-0.55115,53.21134],[-0.55297,53.21057],[-0.55365,53.21001],[-0.55378,53.20922],[-0.55297,53.20871],[-0.55293,53.20722],[-0.55283,53.20665],[-0.55384,53.20591],[-0.55443,53.20471],[-0.55447,53.20375],[-0.55486,53.20309],[-0.55492,53.20212],[-0.55553,53.20207],[-0.55733,53.20209],[-0.55884,53.20205],[-0.56086,53.20159],[-0.56268,53.20144],[-0.5644,53.20103],[-0.56642,53.20046],[-0.56784,53.20005],[-0.56957,53.19941],[-0.57069,53.199],[-0.5713,53.19883],[-0.5731,53.19891],[-0.57621,53.19907],[-0.57932,53.1991],[-0.58082,53.19924],[-0.58121,53.19949],[-0.58778,53.20113],[-0.59844,53.20379],[-0.59568,53.2052],[-0.59463,53.20664],[-0.59398,53.20802],[-0.59272,53.20975],[-0.59167,53.21112],[-0.59071,53.21298],[-0.58966,53.21424],[-0.58903,53.21513],[-0.589,53.21604],[-0.58916,53.2173],[-0.59063,53.21841],[-0.58897,53.22007],[-0.59281,53.22247],[-0.59566,53.22419],[-0.59843,53.22561],[-0.59951,53.22629],[-0.60071,53.22657],[-0.60219,53.22734],[-0.60226,53.2275]]]}},{"type":"Feature","properties":{"source_code":"C83078","codes":["C83078"],"label":"BRANT ROAD & SPRINGCLIFFE SURGERY"},"geometry":{"type":"Polygon","coordinates":[[[-0.52467,53.21208],[-0.52403,53.20663],[-0.52471,53.20688],[-0.52457,53.20683],[-0.50299,53.19596],[-0.51767,53.18772],[-0.5214,53.18387],[-0.53786,53.17608],[-0.53789,53.17521],[-0.53873,53.17317],[-0.53551,53.17308],[-0.53556,53.17253],[-0.53684,53.17251],[-0.53689,53.1719],[-0.53854,53.17192],[-0.53767,53.1711],[-0.53776,53.16851],[-0.5356,53.16848],[-0.53565,53.16697],[-0.53571,53.16524],[-0.53576,53.16373],[-0.53255,53.16304],[-0.52826,53.16234],[-0.52578,53.16122],[-0.52265,53.15816],[-0.52237,53.15578],[-0.52279,53.15384],[-0.52535,53.15257],[-0.52607,53.15258],[-0.59033,53.15617],[-0.58853,53.15636],[-0.58378,53.15847],[-0.57866,53.161],[-0.57608,53.16292],[-0.576,53.1653],[-0.57555,53.1681],[-0.57222,53.17087],[-0.57139,53.1741],[-0.57053,53.17842],[-0.57044,53.18123],[-0.56748,53.18357],[-0.56634,53.1855],[-0.5641,53.18785],[-0.56399,53.19109],[-0.56393,53.19304],[-0.5599,53.19494],[-0.5566,53.19684],[-0.55646,53.20095],[-0.55566,53.20332],[-0.55448,53.20633],[-0.55441,53.20849],[-0.55325,53.21085],[-0.54997,53.21274],[-0.55108,53.21474],[-0.54928,53.21705],[-0.54968,53.21992],[-0.54968,53.22144],[-0.54711,53.22388],[-0.53509,53.22287],[-0.53382,53.21964],[-0.5249,53.21224],[-0.52467,53.21208]]]}},{"type":"Feature","properties":{"source_code":"K83030","codes":["K83030"],"label":"THE COTTONS MEDICAL CENTRE"},"geometry":{"type":"Polygon","coordinates":[[[-0.5452,52.37413],[-0.46761,52.3668],[-0.40684,52.3475],[-0.54554,52.31436],[-0.54932,52.30659],[-0.5682,52.33156],[-0.59361,52.3517],[-0.59738,52.36742],[-0.54691,52.36009],[-0.5452,52.37413]]]}},{"type":"Feature","properties":{"source_code":"C83073","codes":["C83073"],"label":"CLIFF HOUSE MEDICAL PRACTICE"},"geometry":{"type":"Polygon","coordinates":[[[-0.57949,53.25582],[-0.57926,53.25578],[-0.57866,53.25629],[-0.57456,53.25688],[-0.57155,53.25673],[-0.56832,53.25744],[-0.56932,53.25944],[-0.56433,53.26043],[-0.5629,53.25971],[-0.55888,53.26077],[-0.53911,53.26187],[-0.5326,53.26162],[-0.51,53.26029],[-0.51014,53.25952],[-0.51084,53.25871],[-0.51117,53.25779],[-0.51178,53.25682],[-0.5134,53.25447],[-0.5135,53.25441],[-0.5137,53.2543],[-0.51361,53.25427],[-0.5091,53.25326],[-0.50538,53.25211],[-0.50204,53.25114],[-0.49957,53.25019],[-0.49615,53.24876],[-0.49458,53.24769],[-0.49902,53.24608],[-0.51039,53.24229],[-0.51865,53.23956],[-0.52892,53.23616],[-0.52903,53.23506],[-0.52998,53.23447],[-0.53148,53.2337],[-0.53209,53.23325],[-0.53216,53.2325],[-0.53533,53.23153],[-0.53549,53.23134],[-0.53633,53.23053],[-0.5381,53.22976],[-0.54026,53.22928],[-0.54221,53.22931],[-0.54294,53.2293],[-0.54437,53.22962],[-0.54729,53.23082],[-0.54877,53.23033],[-0.55103,53.23051],[-0.55483,53.23076],[-0.55832,53.23135],[-0.56144,53.23054],[-0.56232,53.23009],[-0.56287,53.22958],[-0.56322,53.22903],[-0.5632,53.2282],[-0.5627,53.22747],[-0.55966,53.22471],[-0.55887,53.22227],[-0.55999,53.22061],[-0.56304,53.21856],[-0.5671,53.21537],[-0.56939,53.21326],[-0.57011,53.21171],[-0.57643,53.21288],[-0.57879,53.2143],[-0.58438,53.21714],[-0.59175,53.22168],[-0.59771,53.22505],[-0.60216,53.22765],[-0.60124,53.22926],[-0.59932,53.23195],[-0.59577,53.23422],[-0.58365,53.23934],[-0.57817,53.24182],[-0.57447,53.24311],[-0.57297,53.24328],[-0.57436,53.24516],[-0.57705,53.2472],[-0.57769,53.24742],[-0.57894,53.24751],[-0.57965,53.24759],[-0.58155,53.24733],[-0.58734,53.24665],[-0.59529,53.24503],[-0.59666,53.24654],[-0.59846,53.24788],[-0.60009,53.2489],[-0.6019,53.25002],[-0.59867,53.25248],[-0.59598,53.25295],[-0.58739,53.2542],[-0.58374,53.25483],[-0.57949,53.25582]]]}},{"type":"Feature","properties":{"source_code":"C83626","codes":["C83626"],"label":"BRAYFORD MEDICAL PRACTICE"},"geometry":{"type":"Polygon","coordinates":[[[-0.3873,53.19893],[-0.3891,53.19529],[-0.39305,53.19351],[-0.40554,53.19318],[-0.41354,53.18679],[-0.41391,53.1843],[-0.40957,53.17425],[-0.40251,53.16283],[-0.40368,53.16118],[-0.42482,53.15896],[-0.43309,53.1599],[-0.45689,53.1762],[-0.46568,53.17848],[-0.49936,53.18257],[-0.51896,53.18498],[-0.5164,53.17862],[-0.52467,53.17206],[-0.5266,53.16426],[-0.53237,53.15734],[-0.53107,53.13867],[-0.52637,53.13029],[-0.51544,53.11816],[-0.51129,53.10995],[-0.51405,53.10216],[-0.52483,53.10262],[-0.52948,53.10401],[-0.53211,53.10821],[-0.55451,53.10865],[-0.58568,53.11169],[-0.61434,53.11552],[-0.62339,53.11812],[-0.63475,53.11792],[-0.63914,53.11914],[-0.64948,53.12475],[-0.65507,53.13181],[-0.64779,53.14338],[-0.62903,53.15849],[-0.61456,53.16049],[-0.61454,53.16099],[-0.6241,53.17392],[-0.6255,53.17582],[-0.64818,53.17697],[-0.65676,53.17782],[-0.66245,53.17868],[-0.66533,53.17916],[-0.66853,53.18009],[-0.68735,53.18756],[-0.6926,53.18906],[-0.69414,53.19027],[-0.69395,53.1938],[-0.69194,53.19741],[-0.68743,53.20129],[-0.68289,53.20348],[-0.67846,53.20462],[-0.65331,53.22459],[-0.6061,53.25155],[-0.60603,53.25163],[-0.61913,53.25979],[-0.65255,53.26567],[-0.65649,53.26388],[-0.66178,53.26344],[-0.66528,53.26714],[-0.6787,53.27329],[-0.6657,53.28047],[-0.66694,53.30296],[-0.66999,53.31216],[-0.66956,53.31715],[-0.67526,53.3217],[-0.66739,53.32412],[-0.66035,53.31821],[-0.65594,53.31699],[-0.65833,53.31169],[-0.62106,53.30327],[-0.58602,53.2952],[-0.56832,53.29283],[-0.54837,53.29092],[-0.54196,53.29151],[-0.52808,53.299],[-0.50208,53.30317],[-0.49623,53.3036],[-0.49485,53.31124],[-0.49116,53.31336],[-0.48362,53.31426],[-0.47227,53.31295],[-0.46344,53.31101],[-0.45724,53.3056],[-0.45029,53.29802],[-0.44687,53.29264],[-0.43868,53.28837],[-0.431,53.28577],[-0.41105,53.27668],[-0.40184,53.27789],[-0.39605,53.27648],[-0.3895,53.2734],[-0.39556,53.26748],[-0.40626,53.26346],[-0.41401,53.24175],[-0.40981,53.2352],[-0.40994,53.23171],[-0.41867,53.22083],[-0.42159,53.21687],[-0.4045,53.20615],[-0.39687,53.20255],[-0.3873,53.19893]]]}},{"type":"Feature","properties":{"source_code":"K83616","codes":["K83616"],"label":"THE MEADOWS SURGERY"},"geometry":{"type":"Polygon","coordinates":[[[-0.46005,52.47358],[-0.36392,52.4108],[-0.36804,52.34541],[-0.56442,52.31855],[-0.63995,52.3647],[-0.63721,52.45434],[-0.46005,52.47358]]]}},{"type":"Feature","properties":{"source_code":"K83069","codes":["K83069"],"label":"MARSHALLS ROAD SURGERY"},"geometry":{"type":"Polygon","coordinates":[[[-0.5294,52.31541],[-0.5555,52.31331],[-0.5682,52.31645],[-0.57953,52.32254],[-0.57909,52.32352],[-0.58228,52.32401],[-0.59395,52.33156],[-0.60219,52.34457],[-0.60356,52.35967],[-0.59875,52.36973],[-0.57747,52.37728],[-0.55275,52.37811],[-0.53936,52.37937],[-0.4961,52.37455],[-0.46246,52.36155],[-0.46761,52.33953],[-0.50056,52.32191],[-0.50232,52.32186],[-0.50159,52.32149],[-0.50709,52.32023],[-0.51704,52.31771],[-0.5294,52.31541]]]}},{"type":"Feature","properties":{"source_code":"K83065","codes":["K83065"],"label":"NENE VALLEY SURGERY"},"geometry":{"type":"Polygon","coordinates":[[[-0.49713,52.4535],[-0.45404,52.44764],[-0.38143,52.41708],[-0.31998,52.36554],[-0.57816,52.34792],[-0.64854,52.38189],[-0.6015,52.4627],[-0.49713,52.4535]]]}},{"type":"Feature","properties":{"source_code":"C83046","codes":["C83046"],"label":"THE HEATH SURGERY"},"geometry":{"type":"Polygon","coordinates":[[[-0.53873,53.21927],[-0.53862,53.21924],[-0.53858,53.21901],[-0.53798,53.21877],[-0.53678,53.21872],[-0.53518,53.21907],[-0.5339,53.21948],[-0.53326,53.21891],[-0.53268,53.21848],[-0.53144,53.2178],[-0.53147,53.21685],[-0.52992,53.21246],[-0.5287,53.20968],[-0.52614,53.20459],[-0.52412,53.20118],[-0.52333,53.20024],[-0.52252,53.19984],[-0.5211,53.19834],[-0.52028,53.19669],[-0.51966,53.19556],[-0.5189,53.19388],[-0.51877,53.19272],[-0.51881,53.19151],[-0.51909,53.18993],[-0.51925,53.18852],[-0.51944,53.1876],[-0.52046,53.18653],[-0.52127,53.18539],[-0.52232,53.18498],[-0.52892,53.1842],[-0.53297,53.18409],[-0.5362,53.18413],[-0.53805,53.18441],[-0.5398,53.18463],[-0.54165,53.18502],[-0.54213,53.18519],[-0.54255,53.18565],[-0.54275,53.18621],[-0.54273,53.18684],[-0.54272,53.18733],[-0.54267,53.18861],[-0.54258,53.19131],[-0.54254,53.19266],[-0.54267,53.19502],[-0.54252,53.19624],[-0.54244,53.19874],[-0.54238,53.20058],[-0.54245,53.20156],[-0.5439,53.2025],[-0.54668,53.20293],[-0.54892,53.20299],[-0.55154,53.20316],[-0.5523,53.20339],[-0.55217,53.20408],[-0.55286,53.20458],[-0.55297,53.20478],[-0.55437,53.20526],[-0.55426,53.20556],[-0.5533,53.20633],[-0.55268,53.20669],[-0.55267,53.20708],[-0.55299,53.20748],[-0.55298,53.20778],[-0.55302,53.20807],[-0.55301,53.2083],[-0.5529,53.2085],[-0.55311,53.2088],[-0.55337,53.2091],[-0.55369,53.20949],[-0.55328,53.21008],[-0.55278,53.21044],[-0.55194,53.21102],[-0.55094,53.21133],[-0.55043,53.21169],[-0.55025,53.21218],[-0.55013,53.21264],[-0.55022,53.21313],[-0.55068,53.21406],[-0.55066,53.21475],[-0.55051,53.2159],[-0.54986,53.2175],[-0.54979,53.2179],[-0.54998,53.21862],[-0.55032,53.22011],[-0.55039,53.22099],[-0.55032,53.22149],[-0.54961,53.22164],[-0.54709,53.22145],[-0.54453,53.22109],[-0.54366,53.22081],[-0.54018,53.22018],[-0.5368,53.21971],[-0.53664,53.21958],[-0.53736,53.21942],[-0.53873,53.21927]]]}},{"type":"Feature","properties":{"source_code":"C83020","codes":["C83020"],"label":"CAYTHORPE & ANCASTER MEDICAL PRACTICE"},"geometry":{"type":"Polygon","coordinates":[[[-0.42539,52.97519],[-0.42401,52.97208],[-0.4318,52.96606],[-0.43825,52.96272],[-0.43824,52.95931],[-0.43848,52.94971],[-0.43909,52.94166],[-0.43964,52.93528],[-0.43981,52.93045],[-0.44017,52.9264],[-0.44008,52.92298],[-0.44028,52.9175],[-0.43787,52.91325],[-0.44689,52.91008],[-0.48906,52.89418],[-0.49009,52.88598],[-0.49147,52.88325],[-0.49304,52.88224],[-0.49461,52.88155],[-0.49632,52.88009],[-0.49851,52.87838],[-0.50289,52.87789],[-0.50717,52.87575],[-0.50982,52.87475],[-0.51241,52.87375],[-0.513,52.8737],[-0.51426,52.87403],[-0.51583,52.87479],[-0.52585,52.87324],[-0.55417,52.8766],[-0.56682,52.88062],[-0.57935,52.88807],[-0.58447,52.9053],[-0.5842,52.91346],[-0.58398,52.92033],[-0.58453,52.92506],[-0.58981,52.93757],[-0.59999,52.94038],[-0.60498,52.94115],[-0.60997,52.94185],[-0.61402,52.9419],[-0.61915,52.9417],[-0.62292,52.94381],[-0.61982,52.94758],[-0.62036,52.95384],[-0.64923,52.96917],[-0.66873,52.9774],[-0.67043,52.97767],[-0.67723,52.97872],[-0.71429,53.00509],[-0.73175,53.0134],[-0.74106,53.01482],[-0.74876,53.0192],[-0.75081,53.02223],[-0.75266,53.03212],[-0.7461,53.0372],[-0.73101,53.04176],[-0.69646,53.05384],[-0.69597,53.0551],[-0.69599,53.05807],[-0.69651,53.0622],[-0.69709,53.07123],[-0.69894,53.07357],[-0.69702,53.07703],[-0.68647,53.07777],[-0.66568,53.0814],[-0.64285,53.08201],[-0.61653,53.07999],[-0.60007,53.08194],[-0.58563,53.08735],[-0.57882,53.09929],[-0.57206,53.11026],[-0.57141,53.11051],[-0.57066,53.11056],[-0.56745,53.11065],[-0.56284,53.11066],[-0.55834,53.11054],[-0.55321,53.11042],[-0.54721,53.11034],[-0.541,53.11027],[-0.53746,53.11035],[-0.53413,53.11063],[-0.53089,53.11087],[-0.5278,53.11114],[-0.52605,53.11126],[-0.52514,53.11134],[-0.52374,53.11139],[-0.5223,53.11144],[-0.51828,53.11136],[-0.5154,53.10323],[-0.5197,53.09685],[-0.52142,53.08829],[-0.52167,53.08099],[-0.52188,53.07498],[-0.52191,53.07413],[-0.52134,53.06983],[-0.51519,53.06202],[-0.5148,53.06122],[-0.51089,53.0566],[-0.49503,53.04828],[-0.47915,53.04672],[-0.46731,53.0458],[-0.45776,53.04368],[-0.45509,53.04048],[-0.45339,53.03743],[-0.4479,53.02937],[-0.44484,53.0252],[-0.4406,53.01838],[-0.43765,53.01409],[-0.43677,53.00892],[-0.43531,52.99917],[-0.44129,52.9783],[-0.4313,52.97694],[-0.42539,52.97519]]]}},{"type":"Feature","properties":{"source_code":"C83051","codes":["C83051"],"label":"ABBEY MEDICAL PRACTICE"},"geometry":{"type":"Polygon","coordinates":[[[-0.49462,53.24743],[-0.49468,53.24751],[-0.49376,53.24642],[-0.49315,53.24557],[-0.49211,53.24437],[-0.49172,53.24272],[-0.4914,53.24095],[-0.49149,53.24022],[-0.4916,53.23876],[-0.49175,53.23808],[-0.49241,53.23559],[-0.49365,53.23319],[-0.49487,53.23132],[-0.49569,53.22972],[-0.49849,53.22646],[-0.5018,53.22301],[-0.50187,53.22286],[-0.50533,53.22279],[-0.50854,53.22229],[-0.51439,53.22133],[-0.52228,53.2205],[-0.52889,53.21963],[-0.53369,53.21942],[-0.53505,53.21905],[-0.53558,53.2186],[-0.53649,53.21807],[-0.53786,53.21732],[-0.54064,53.21617],[-0.54336,53.21532],[-0.54619,53.21458],[-0.54817,53.21468],[-0.55029,53.21425],[-0.55039,53.21506],[-0.54984,53.21635],[-0.54908,53.21788],[-0.54943,53.21915],[-0.55326,53.21908],[-0.55284,53.2203],[-0.55525,53.22068],[-0.55665,53.22096],[-0.55559,53.22222],[-0.55447,53.22312],[-0.55237,53.22486],[-0.55191,53.22516],[-0.55093,53.22565],[-0.55066,53.22615],[-0.55032,53.22668],[-0.5503,53.22718],[-0.5508,53.2278],[-0.55077,53.2286],[-0.55209,53.22919],[-0.55583,53.23012],[-0.55767,53.23049],[-0.55946,53.23074],[-0.56003,53.23086],[-0.56338,53.23178],[-0.5642,53.23222],[-0.56425,53.23256],[-0.56404,53.23317],[-0.56396,53.23367],[-0.56368,53.23424],[-0.56354,53.23489],[-0.56479,53.23568],[-0.56716,53.23739],[-0.57031,53.24077],[-0.57265,53.2434],[-0.57117,53.24385],[-0.56884,53.24466],[-0.56611,53.24586],[-0.56396,53.24691],[-0.56162,53.24826],[-0.55938,53.25],[-0.55702,53.25177],[-0.55494,53.2529],[-0.55228,53.2539],[-0.55009,53.25437],[-0.54656,53.25479],[-0.54509,53.25477],[-0.54183,53.25462],[-0.53852,53.25419],[-0.53262,53.2545],[-0.52929,53.25466],[-0.52354,53.25458],[-0.51836,53.2546],[-0.51452,53.25459],[-0.51268,53.25414],[-0.5078,53.25293],[-0.50444,53.25197],[-0.50147,53.25101],[-0.49768,53.24958],[-0.49555,53.24829],[-0.49462,53.24743]]]}},{"type":"Feature","properties":{"source_code":"C83002","codes":["C83002"],"label":"NAVENBY CLIFF VILLAGES SURGERY"},"geometry":{"type":"Polygon","coordinates":[[[-0.54517,53.18223],[-0.54547,53.18214],[-0.54444,53.18244],[-0.54517,53.18223],[-0.54428,53.18252],[-0.54386,53.19827],[-0.5428,53.20102],[-0.53824,53.2027],[-0.52954,53.2035],[-0.52376,53.20343],[-0.52172,53.19401],[-0.51989,53.1885],[-0.49539,53.15748],[-0.48852,53.13441],[-0.47617,53.11134],[-0.46886,53.09062],[-0.46484,53.08329],[-0.46407,53.07864],[-0.45705,53.06316],[-0.45694,53.06308],[-0.45379,53.06109],[-0.45213,53.05718],[-0.4522,53.05523],[-0.48134,53.05267],[-0.49127,53.05112],[-0.51139,53.05002],[-0.54246,53.04727],[-0.55304,53.04617],[-0.55332,53.04631],[-0.55729,53.04596],[-0.56466,53.0508],[-0.56604,53.05255],[-0.57136,53.05434],[-0.5767,53.0557],[-0.58133,53.05662],[-0.58346,53.05751],[-0.58377,53.05811],[-0.59559,53.0602],[-0.59799,53.06076],[-0.59843,53.0605],[-0.60018,53.06126],[-0.61156,53.06389],[-0.6116,53.0639],[-0.63412,53.06697],[-0.63117,53.08077],[-0.62784,53.08376],[-0.6253,53.08354],[-0.61892,53.08908],[-0.61817,53.09098],[-0.61625,53.09811],[-0.61583,53.10005],[-0.61475,53.09971],[-0.61343,53.10309],[-0.59696,53.11628],[-0.58598,53.13029],[-0.58323,53.14677],[-0.57637,53.15912],[-0.56813,53.1723],[-0.56562,53.17333],[-0.56555,53.17534],[-0.56369,53.17705],[-0.54517,53.18223]]]}},{"type":"Feature","properties":{"source_code":"C83033","codes":["C83033"],"label":"HIBALDSTOW MEDICAL PRACTICE"},"geometry":{"type":"Polygon","coordinates":[[[-0.44441,53.50254],[-0.43228,53.50573],[-0.42768,53.50682],[-0.42112,53.50627],[-0.41237,53.50312],[-0.41458,53.49797],[-0.41535,53.47043],[-0.4173,53.45341],[-0.40881,53.44832],[-0.39486,53.43719],[-0.39652,53.43282],[-0.39718,53.43147],[-0.39688,53.42781],[-0.3958,53.41462],[-0.40252,53.40801],[-0.41771,53.39979],[-0.43161,53.40014],[-0.4331,53.4002],[-0.44061,53.40061],[-0.45655,53.40288],[-0.45809,53.40305],[-0.46828,53.40232],[-0.47305,53.39878],[-0.47873,53.39666],[-0.51988,53.39336],[-0.54771,53.39152],[-0.55413,53.39186],[-0.5559,53.39269],[-0.55731,53.39392],[-0.55603,53.39825],[-0.55512,53.40707],[-0.55446,53.41611],[-0.55466,53.43874],[-0.5577,53.47298],[-0.56137,53.48882],[-0.56232,53.4972],[-0.56251,53.50206],[-0.56231,53.50443],[-0.56258,53.50775],[-0.56325,53.52056],[-0.56235,53.53213],[-0.55998,53.53929],[-0.55814,53.54346],[-0.55609,53.5439],[-0.54988,53.54428],[-0.54254,53.54535],[-0.53404,53.54793],[-0.52325,53.55032],[-0.51973,53.55139],[-0.5037,53.55792],[-0.50033,53.55479],[-0.49663,53.55358],[-0.49568,53.55185],[-0.49577,53.54917],[-0.49564,53.54563],[-0.5011,53.54181],[-0.50015,53.53631],[-0.49919,53.53143],[-0.49374,53.51677],[-0.48953,53.50678],[-0.48864,53.50473],[-0.4678,53.50102],[-0.46151,53.50046],[-0.45192,53.50107],[-0.44441,53.50254]]]}},{"type":"Feature","properties":{"source_code":"C83009","codes":["C83009"],"label":"LINDUM MEDICAL PRACTICE"},"geometry":{"type":"Polygon","coordinates":[[[-0.42687,53.28871],[-0.42633,53.28236],[-0.43227,53.26835],[-0.44354,53.26355],[-0.46363,53.25762],[-0.45306,53.25238],[-0.45074,53.25128],[-0.4493,53.24978],[-0.44251,53.24157],[-0.44282,53.2347],[-0.44674,53.23458],[-0.45111,53.2347],[-0.45422,53.23471],[-0.45617,53.23477],[-0.4575,53.23472],[-0.45969,53.23458],[-0.46108,53.23442],[-0.46547,53.23382],[-0.46848,53.23365],[-0.47678,53.23317],[-0.48044,53.23232],[-0.4809,53.23232],[-0.48173,53.23316],[-0.48495,53.23352],[-0.48725,53.23362],[-0.49198,53.23322],[-0.49284,53.23334],[-0.49731,53.23392],[-0.49898,53.2339],[-0.50054,53.23459],[-0.50182,53.23433],[-0.50241,53.2343],[-0.50646,53.23439],[-0.50671,53.23435],[-0.50682,53.23414],[-0.50683,53.23384],[-0.50684,53.23358],[-0.50685,53.23332],[-0.50684,53.23306],[-0.50689,53.2327],[-0.50685,53.23142],[-0.50699,53.23135],[-0.5078,53.23099],[-0.51081,53.23068],[-0.51646,53.23034],[-0.51692,53.23037],[-0.52438,53.23081],[-0.5267,53.23064],[-0.52673,53.23064],[-0.52677,53.23064],[-0.52768,53.23051],[-0.52939,53.23061],[-0.52858,53.23062],[-0.53382,53.23092],[-0.53389,53.23091],[-0.53218,53.23077],[-0.53405,53.23087],[-0.53997,53.22948],[-0.55971,53.23145],[-0.56278,53.23231],[-0.56069,53.23178],[-0.56267,53.23231],[-0.56574,53.23338],[-0.56997,53.23454],[-0.57505,53.23743],[-0.58203,53.23996],[-0.59534,53.24516],[-0.59792,53.24642],[-0.60061,53.2488],[-0.60749,53.25401],[-0.60638,53.25564],[-0.60552,53.25721],[-0.60224,53.25897],[-0.59836,53.26114],[-0.59394,53.2624],[-0.58928,53.26393],[-0.56465,53.2707],[-0.53677,53.27249],[-0.50127,53.27437],[-0.49825,53.27971],[-0.49566,53.28619],[-0.494,53.2967],[-0.49809,53.30541],[-0.49922,53.31007],[-0.49,53.31506],[-0.46837,53.31293],[-0.44889,53.30138],[-0.43239,53.29343],[-0.42687,53.28871]]]}},{"type":"Feature","properties":{"source_code":"C83072","codes":["C83072"],"label":"MINSTER MEDICAL PRACTICE"},"geometry":{"type":"MultiPolygon","coordinates":[[[[-0.547,53.23096],[-0.547,53.23098],[-0.54698,53.23099],[-0.547,53.23096]]],[[[-0.547,53.23098],[-0.54948,53.2301],[-0.55058,53.23027],[-0.55346,53.23053],[-0.55864,53.23138],[-0.56282,53.23222],[-0.56113,53.2339],[-0.56023,53.23411],[-0.56185,53.23448],[-0.5631,53.23468],[-0.56529,53.23553],[-0.56722,53.23751],[-0.57083,53.24112],[-0.57291,53.24308],[-0.57434,53.24448],[-0.57774,53.24524],[-0.58198,53.24558],[-0.58459,53.24618],[-0.59546,53.24529],[-0.59659,53.24634],[-0.5974,53.24718],[-0.59936,53.24846],[-0.60131,53.24978],[-0.60533,53.2525],[-0.60604,53.25308],[-0.59843,53.25264],[-0.59368,53.25328],[-0.58575,53.25451],[-0.58013,53.25568],[-0.57934,53.25589],[-0.57526,53.25972],[-0.56813,53.26383],[-0.56337,53.26539],[-0.56206,53.26525],[-0.56449,53.26884],[-0.56556,53.2722],[-0.5668,53.27316],[-0.57513,53.2725],[-0.58103,53.27137],[-0.58352,53.27241],[-0.58415,53.27582],[-0.58377,53.27777],[-0.58643,53.28162],[-0.59053,53.28492],[-0.59142,53.2867],[-0.59168,53.28995],[-0.5904,53.29063],[-0.5809,53.28979],[-0.57738,53.28934],[-0.57367,53.28848],[-0.57428,53.28618],[-0.57174,53.28331],[-0.57057,53.28198],[-0.56565,53.2785],[-0.56449,53.2749],[-0.56209,53.27406],[-0.54865,53.27299],[-0.53965,53.27312],[-0.53832,53.27068],[-0.53147,53.26589],[-0.52548,53.26583],[-0.51964,53.2673],[-0.51714,53.26795],[-0.5007,53.2717],[-0.49525,53.27312],[-0.49134,53.27372],[-0.48693,53.27402],[-0.48462,53.27401],[-0.48286,53.27404],[-0.47626,53.27891],[-0.45765,53.28132],[-0.4578,53.28192],[-0.45508,53.28477],[-0.45154,53.28649],[-0.44825,53.28714],[-0.44445,53.28735],[-0.44173,53.28687],[-0.44029,53.28609],[-0.43971,53.28457],[-0.44094,53.2825],[-0.44353,53.28096],[-0.449,53.27872],[-0.45373,53.27819],[-0.46658,53.27432],[-0.47074,53.26683],[-0.46891,53.25472],[-0.46978,53.25385],[-0.47028,53.25319],[-0.47305,53.24916],[-0.47831,53.24773],[-0.48497,53.24754],[-0.49486,53.24764],[-0.49411,53.24646],[-0.49339,53.2453],[-0.49345,53.245],[-0.49357,53.24453],[-0.49385,53.24403],[-0.49329,53.2437],[-0.49293,53.24324],[-0.49239,53.24238],[-0.49239,53.24044],[-0.493,53.23832],[-0.49369,53.23729],[-0.49482,53.23568],[-0.49705,53.23209],[-0.49829,53.23061],[-0.50059,53.23026],[-0.5032,53.23014],[-0.50626,53.22995],[-0.5071,53.23053],[-0.5075,53.23114],[-0.50846,53.23085],[-0.51094,53.23068],[-0.51323,53.23044],[-0.51513,53.23041],[-0.51511,53.23084],[-0.51513,53.23112],[-0.51543,53.23154],[-0.51566,53.23165],[-0.51587,53.23179],[-0.51799,53.23206],[-0.51877,53.23227],[-0.51965,53.2325],[-0.52099,53.23266],[-0.52207,53.23269],[-0.52446,53.2327],[-0.52558,53.23291],[-0.52607,53.23261],[-0.52851,53.23266],[-0.53045,53.23268],[-0.53235,53.23264],[-0.53394,53.23218],[-0.53495,53.23184],[-0.53596,53.23155],[-0.53635,53.2308],[-0.53638,53.23075],[-0.53928,53.23049],[-0.54106,53.23073],[-0.54173,53.23123],[-0.54271,53.23178],[-0.54323,53.23189],[-0.54483,53.2321],[-0.54539,53.23257],[-0.54598,53.23314],[-0.54682,53.23165],[-0.54699,53.23115],[-0.547,53.23098]]]]}},{"type":"Feature","properties":{"source_code":"C83001","codes":["C83001"],"label":"HEART OF LINCOLN HEALTH GROUP"},"geometry":{"type":"Polygon","coordinates":[[[-0.5196,53.23482],[-0.51966,53.23492],[-0.52119,53.2351],[-0.52195,53.23515],[-0.52419,53.23521],[-0.52622,53.23523],[-0.52929,53.23527],[-0.53047,53.23446],[-0.53197,53.23386],[-0.53231,53.2336],[-0.53243,53.23314],[-0.53239,53.23278],[-0.53245,53.23258],[-0.534,53.23217],[-0.53477,53.23192],[-0.53571,53.23166],[-0.53622,53.23134],[-0.53654,53.23],[-0.53672,53.2279],[-0.53675,53.22691],[-0.53678,53.22625],[-0.53679,53.22573],[-0.53634,53.22467],[-0.5354,53.22331],[-0.53462,53.22205],[-0.53385,53.22043],[-0.5335,53.21957],[-0.53422,53.21932],[-0.53578,53.21858],[-0.53634,53.21803],[-0.53724,53.21758],[-0.53868,53.21694],[-0.5403,53.2162],[-0.54262,53.21557],[-0.5461,53.21463],[-0.55059,53.21639],[-0.55112,53.21673],[-0.55265,53.21701],[-0.55384,53.21729],[-0.55444,53.21756],[-0.55618,53.21778],[-0.55961,53.21834],[-0.55923,53.21847],[-0.5585,53.21896],[-0.55804,53.21951],[-0.55775,53.21993],[-0.55673,53.221],[-0.55588,53.22192],[-0.55519,53.22276],[-0.55407,53.22364],[-0.55284,53.22441],[-0.55171,53.22522],[-0.55088,53.2256],[-0.55059,53.22599],[-0.55064,53.22629],[-0.5503,53.22662],[-0.55029,53.22694],[-0.55054,53.22744],[-0.5508,53.22797],[-0.55067,53.22849],[-0.5506,53.22899],[-0.5502,53.22951],[-0.54975,53.22986],[-0.54952,53.23016],[-0.55077,53.23044],[-0.55263,53.23049],[-0.55552,53.23082],[-0.55874,53.23142],[-0.56108,53.23191],[-0.56271,53.23239],[-0.56213,53.23327],[-0.56129,53.23375],[-0.56067,53.23414],[-0.55979,53.23449],[-0.55845,53.23513],[-0.5559,53.23582],[-0.55336,53.23645],[-0.55133,53.23669],[-0.54868,53.23718],[-0.54855,53.23774],[-0.54841,53.23866],[-0.54839,53.23935],[-0.54837,53.23981],[-0.5483,53.24024],[-0.54774,53.24072],[-0.54739,53.24121],[-0.54699,53.24173],[-0.54632,53.24228],[-0.54475,53.24312],[-0.54341,53.24379],[-0.54187,53.2442],[-0.54042,53.24464],[-0.53817,53.24478],[-0.53345,53.24495],[-0.5289,53.24516],[-0.52511,53.24528],[-0.52479,53.24508],[-0.52243,53.2434],[-0.51984,53.24081],[-0.51921,53.23988],[-0.51951,53.23752],[-0.51955,53.23633],[-0.5196,53.23482]]]}},{"type":"Feature","properties":{"source_code":"C83024","codes":["C83024"],"label":"THE GLENSIDE COUNTRY PRACTICE"},"geometry":{"type":"Polygon","coordinates":[[[-0.35405,52.78445],[-0.35404,52.7784],[-0.35596,52.76734],[-0.35788,52.75815],[-0.35995,52.74964],[-0.36094,52.74418],[-0.36254,52.7394],[-0.36563,52.73094],[-0.36911,52.72235],[-0.37532,52.70842],[-0.37911,52.70002],[-0.38448,52.69165],[-0.38838,52.68863],[-0.39204,52.68678],[-0.40542,52.68704],[-0.41404,52.68792],[-0.42797,52.68798],[-0.43691,52.68579],[-0.43944,52.68582],[-0.44975,52.67467],[-0.45622,52.67091],[-0.45962,52.6632],[-0.46619,52.64922],[-0.47803,52.64462],[-0.4925,52.64365],[-0.50063,52.64601],[-0.50782,52.65038],[-0.51943,52.66094],[-0.53238,52.66457],[-0.53561,52.6691],[-0.55311,52.6756],[-0.56692,52.67935],[-0.57636,52.68101],[-0.58266,52.68198],[-0.58869,52.68474],[-0.59141,52.68555],[-0.60992,52.69186],[-0.61774,52.69425],[-0.62808,52.69706],[-0.63749,52.69928],[-0.64408,52.70089],[-0.6473,52.70155],[-0.65262,52.70324],[-0.6585,52.70489],[-0.66415,52.70611],[-0.66816,52.70678],[-0.67177,52.70759],[-0.67474,52.70868],[-0.67661,52.70956],[-0.67856,52.7105],[-0.68101,52.71312],[-0.68522,52.72017],[-0.69268,52.72985],[-0.69369,52.75425],[-0.6941,52.78668],[-0.68992,52.80541],[-0.67546,52.82258],[-0.6694,52.83804],[-0.63564,52.88466],[-0.60059,52.89349],[-0.59088,52.89583],[-0.57723,52.89812],[-0.56608,52.89933],[-0.54729,52.90112],[-0.50567,52.90175],[-0.48732,52.90214],[-0.48749,52.90205],[-0.45439,52.90402],[-0.43515,52.90689],[-0.42974,52.9072],[-0.42153,52.90708],[-0.41304,52.90748],[-0.41028,52.90744],[-0.40771,52.90228],[-0.40827,52.8987],[-0.37833,52.86546],[-0.36912,52.85674],[-0.35744,52.83503],[-0.35616,52.82963],[-0.35433,52.81897],[-0.35409,52.8085],[-0.35392,52.80043],[-0.35405,52.78445]]]}},{"type":"Feature","properties":{"source_code":"C83649","codes":["C83649"],"label":"MARKET CROSS SURGERY"},"geometry":{"type":"Polygon","coordinates":[[[-0.35392,52.78456],[-0.3567,52.77393],[-0.3569,52.76574],[-0.35851,52.75006],[-0.3583,52.74662],[-0.35965,52.73472],[-0.36472,52.7266],[-0.37085,52.71403],[-0.37084,52.71396],[-0.66991,52.70932],[-0.72704,52.746],[-0.74692,52.7532],[-0.75046,52.76009],[-0.74291,52.76634],[-0.72639,52.79171],[-0.69291,52.86218],[-0.60004,52.9342],[-0.59793,52.93419],[-0.59904,52.93434],[-0.57954,52.93824],[-0.56512,52.93999],[-0.53296,52.94084],[-0.51766,52.94161],[-0.50599,52.94284],[-0.49915,52.94303],[-0.48845,52.94276],[-0.46274,52.94133],[-0.44431,52.9404],[-0.42453,52.93904],[-0.40412,52.93615],[-0.39807,52.93345],[-0.39841,52.9334],[-0.36169,52.87444],[-0.3617,52.87438],[-0.36156,52.87438],[-0.35833,52.86339],[-0.35766,52.84802],[-0.35649,52.84284],[-0.35366,52.83048],[-0.35377,52.82167],[-0.35469,52.8002],[-0.35392,52.78456]]]}},{"type":"Feature","properties":{"source_code":"C83079","codes":["C83079"],"label":"GLEBE PARK SURGERY"},"geometry":{"type":"Polygon","coordinates":[[[-0.40763,53.23337],[-0.41871,53.23214],[-0.45216,53.23466],[-0.45645,53.2348],[-0.46009,53.23455],[-0.46482,53.23376],[-0.47296,53.2334],[-0.47589,53.23322],[-0.47699,53.23302],[-0.47911,53.23266],[-0.4803,53.23235],[-0.48067,53.23224],[-0.48186,53.23199],[-0.48324,53.23182],[-0.48506,53.23168],[-0.48688,53.23155],[-0.48928,53.2315],[-0.49137,53.23115],[-0.49382,53.23084],[-0.49648,53.23055],[-0.49817,53.23044],[-0.49946,53.23032],[-0.50079,53.23029],[-0.50252,53.2302],[-0.50319,53.2301],[-0.50381,53.23011],[-0.50447,53.23007],[-0.505,53.23002],[-0.50598,53.23003],[-0.50669,53.22999],[-0.51077,53.22977],[-0.511,53.23065],[-0.51261,53.23056],[-0.51663,53.23034],[-0.521,53.23066],[-0.52255,53.23074],[-0.52236,53.23516],[-0.52697,53.23519],[-0.5323,53.2354],[-0.53679,53.23523],[-0.53849,53.23492],[-0.53855,53.23572],[-0.54055,53.23599],[-0.54287,53.2364],[-0.54654,53.24119],[-0.55004,53.24578],[-0.55323,53.24993],[-0.55519,53.25288],[-0.55103,53.25426],[-0.54576,53.25479],[-0.54293,53.25476],[-0.53924,53.2543],[-0.53669,53.25424],[-0.5295,53.2547],[-0.52082,53.2546],[-0.51379,53.25451],[-0.51342,53.25457],[-0.5119,53.25631],[-0.5109,53.25882],[-0.50823,53.26202],[-0.50788,53.26234],[-0.50783,53.26238],[-0.5078,53.26242],[-0.50686,53.26332],[-0.50678,53.26345],[-0.50694,53.2633],[-0.50688,53.26338],[-0.50672,53.26356],[-0.50569,53.26458],[-0.50558,53.26471],[-0.50518,53.26526],[-0.50492,53.26582],[-0.50445,53.26667],[-0.50408,53.26719],[-0.50371,53.26772],[-0.50342,53.26825],[-0.50285,53.26894],[-0.50222,53.26991],[-0.50185,53.27059],[-0.50154,53.27113],[-0.50114,53.27171],[-0.50086,53.27226],[-0.50068,53.27284],[-0.50048,53.2734],[-0.5001,53.27422],[-0.49992,53.27481],[-0.49914,53.277],[-0.49764,53.27664],[-0.49607,53.27607],[-0.49493,53.27549],[-0.49432,53.27533],[-0.49318,53.27499],[-0.49176,53.27458],[-0.49027,53.27425],[-0.48895,53.27396],[-0.48692,53.27357],[-0.48472,53.27333],[-0.48294,53.27304],[-0.48171,53.27278],[-0.48061,53.27252],[-0.47956,53.27211],[-0.47848,53.27176],[-0.46434,53.27433],[-0.45554,53.2752],[-0.45286,53.27798],[-0.44463,53.27894],[-0.42763,53.28058],[-0.41862,53.276],[-0.43064,53.26139],[-0.43121,53.26135],[-0.43147,53.25441],[-0.42958,53.25258],[-0.42858,53.25108],[-0.4274,53.24936],[-0.4269,53.24851],[-0.4266,53.24749],[-0.40763,53.23337]],[[-0.50638,53.26384],[-0.50682,53.26336],[-0.50659,53.26358],[-0.50608,53.2641],[-0.50604,53.26418],[-0.50622,53.26398],[-0.50638,53.26384]]]}},{"type":"Feature","properties":{"source_code":"B81666","codes":["B81666"],"label":"DR MITCHELL"},"geometry":{"type":"Polygon","coordinates":[[[-0.48889,53.75485],[-0.48876,53.75468],[-0.48872,53.7547],[-0.48853,53.75439],[-0.48529,53.75023],[-0.48254,53.7449],[-0.48295,53.74518],[-0.48263,53.74465],[-0.48299,53.74475],[-0.48151,53.74328],[-0.47997,53.74237],[-0.47945,53.74074],[-0.47816,53.73739],[-0.47773,53.73582],[-0.47739,53.73465],[-0.47713,53.73292],[-0.4767,53.73049],[-0.46666,53.72581],[-0.46683,53.72368],[-0.46915,53.72119],[-0.47267,53.71754],[-0.48374,53.71693],[-0.49593,53.7151],[-0.50906,53.71317],[-0.53129,53.70956],[-0.53498,53.71393],[-0.53473,53.71718],[-0.53361,53.72023],[-0.53687,53.72282],[-0.54357,53.72566],[-0.54357,53.728],[-0.52037,53.73743],[-0.52056,53.73739],[-0.54794,53.72637],[-0.53009,53.73531],[-0.51982,53.73766],[-0.5191,53.73795],[-0.51387,53.74333],[-0.51893,53.74947],[-0.51086,53.7511],[-0.50468,53.74998],[-0.50031,53.7514],[-0.49499,53.75343],[-0.49335,53.74937],[-0.49044,53.74607],[-0.4882,53.74516],[-0.4846,53.74501],[-0.48405,53.74503],[-0.48846,53.74622],[-0.4919,53.74886],[-0.49267,53.75069],[-0.4943,53.75262],[-0.49401,53.75273],[-0.4949,53.75333],[-0.49267,53.75409],[-0.49061,53.7545],[-0.48889,53.75485]]]}},{"type":"Feature","properties":{"source_code":"B81109","codes":["B81109"],"label":"RIVERSIDE SURGERY"},"geometry":{"type":"Polygon","coordinates":[[[-0.38864,53.58232],[-0.40006,53.5694],[-0.40117,53.55321],[-0.42984,53.5005],[-0.53833,53.48314],[-0.55412,53.53704],[-0.55837,53.56529],[-0.50288,53.6367],[-0.454,53.60381],[-0.38864,53.58232]]]}},{"type":"Feature","properties":{"source_code":"B81063","codes":["B81063"],"label":"BRIDGE STREET SURGERY"},"geometry":{"type":"MultiPolygon","coordinates":[[[[-0.57132,53.56325],[-0.57129,53.56315],[-0.57266,53.55785],[-0.57132,53.56325]]],[[[-0.57132,53.56325],[-0.57198,53.56601],[-0.57198,53.57335],[-0.57335,53.57865],[-0.57198,53.58517],[-0.56923,53.59128],[-0.56786,53.59821],[-0.55618,53.61288],[-0.54588,53.62672],[-0.53845,53.63381],[-0.53352,53.64016],[-0.53349,53.64016],[-0.53843,53.63383],[-0.53172,53.64022],[-0.53349,53.64016],[-0.52872,53.64627],[-0.52322,53.64627],[-0.5196,53.6452],[-0.5191,53.64586],[-0.51917,53.64507],[-0.51842,53.64485],[-0.51842,53.64525],[-0.5191,53.64667],[-0.51842,53.64656],[-0.51842,53.64708],[-0.51816,53.64651],[-0.50194,53.64382],[-0.48889,53.64016],[-0.46898,53.63568],[-0.44701,53.62998],[-0.42778,53.62754],[-0.40237,53.61858],[-0.38727,53.61532],[-0.36942,53.60799],[-0.36186,53.59943],[-0.35362,53.59047],[-0.35637,53.57416],[-0.35843,53.55948],[-0.35843,53.55499],[-0.36804,53.53663],[-0.37834,53.52684],[-0.39551,53.51704],[-0.39825,53.51092],[-0.41405,53.50112],[-0.43259,53.49336],[-0.45662,53.48559],[-0.48203,53.47947],[-0.48889,53.47947],[-0.4985,53.48151],[-0.51224,53.48273],[-0.51704,53.48968],[-0.5246,53.50153],[-0.51567,53.49948],[-0.53764,53.50643],[-0.54245,53.51296],[-0.54588,53.51745],[-0.55,53.52398],[-0.4937,53.59373],[-0.50488,53.61705],[-0.49438,53.59373],[-0.55069,53.52562],[-0.54592,53.54982],[-0.55138,53.52276],[-0.55275,53.52562],[-0.55344,53.53011],[-0.55618,53.53459],[-0.55687,53.54153],[-0.56168,53.5452],[-0.56511,53.5501],[-0.56786,53.55581],[-0.55756,53.55173],[-0.5603,53.5554],[-0.56992,53.55765],[-0.56992,53.56886],[-0.57132,53.56325]]],[[[-0.51842,53.60025],[-0.51842,53.6416],[-0.51951,53.64119],[-0.52048,53.62998],[-0.51842,53.60025]]],[[[-0.52803,53.63405],[-0.52315,53.6405],[-0.52761,53.64036],[-0.52946,53.63122],[-0.52803,53.63405]]]]}},{"type":"Feature","properties":{"source_code":"B82063","codes":["B82063"],"label":"AYTON AND SNAINTON MEDICAL PRACTICE"},"geometry":{"type":"Polygon","coordinates":[[[-0.41748,54.24612],[-0.41594,54.24502],[-0.41568,54.24366],[-0.41619,54.24226],[-0.41688,54.24121],[-0.418,54.23985],[-0.42383,54.23529],[-0.42993,54.23117],[-0.44495,54.2184],[-0.45271,54.21177],[-0.45625,54.20845],[-0.45931,54.20709],[-0.4622,54.20623],[-0.4937,54.19981],[-0.55324,54.19428],[-0.61588,54.19016],[-0.66787,54.18846],[-0.71403,54.20412],[-0.73201,54.24266],[-0.72956,54.24707],[-0.72716,54.25068],[-0.72377,54.25374],[-0.72175,54.2564],[-0.71887,54.25991],[-0.7183,54.26377],[-0.71548,54.26943],[-0.70458,54.28001],[-0.70141,54.28457],[-0.61678,54.30551],[-0.56871,54.31667],[-0.51413,54.30781],[-0.45078,54.26633],[-0.4398,54.26472],[-0.43705,54.25851],[-0.4283,54.25119],[-0.42332,54.24717],[-0.41748,54.24612]]]}},{"type":"Feature","properties":{"source_code":"C83037","codes":["C83037"],"label":"WELTON FAMILY HEALTH CENTRE"},"geometry":{"type":"Polygon","coordinates":[[[-0.44753,53.37882],[-0.43891,53.37856],[-0.43056,53.37829],[-0.42249,53.3774],[-0.41283,53.37712],[-0.40213,53.37666],[-0.38933,53.37649],[-0.37897,53.37401],[-0.37457,53.37301],[-0.37495,53.37004],[-0.37298,53.36674],[-0.36956,53.36044],[-0.37027,53.3556],[-0.36825,53.3537],[-0.36447,53.35021],[-0.35914,53.34623],[-0.35488,53.34148],[-0.35426,53.33726],[-0.35387,53.33366],[-0.35159,53.33206],[-0.35212,53.32504],[-0.35207,53.31957],[-0.35354,53.31521],[-0.35573,53.31258],[-0.36141,53.30735],[-0.3633,53.30566],[-0.3655,53.29584],[-0.3698,53.29262],[-0.36901,53.28604],[-0.36832,53.28338],[-0.37015,53.27652],[-0.37183,53.27342],[-0.37954,53.26946],[-0.39076,53.2693],[-0.39706,53.26814],[-0.40934,53.26736],[-0.41771,53.26654],[-0.42244,53.26551],[-0.43157,53.26531],[-0.44069,53.26543],[-0.44704,53.26286],[-0.45521,53.26031],[-0.45836,53.25972],[-0.46488,53.25965],[-0.4717,53.25833],[-0.47485,53.25775],[-0.47927,53.25796],[-0.49203,53.25828],[-0.49852,53.25914],[-0.50602,53.2608],[-0.50802,53.26332],[-0.50948,53.26631],[-0.51798,53.26923],[-0.52346,53.26899],[-0.53197,53.27175],[-0.54055,53.27232],[-0.54826,53.2757],[-0.55782,53.27832],[-0.57156,53.28051],[-0.57682,53.28698],[-0.58501,53.29177],[-0.59217,53.29623],[-0.59389,53.29937],[-0.59269,53.3042],[-0.59434,53.30954],[-0.5931,53.3153],[-0.57656,53.31839],[-0.56941,53.32143],[-0.56672,53.3239],[-0.5622,53.32634],[-0.56079,53.32945],[-0.55727,53.33316],[-0.55452,53.33735],[-0.55133,53.33903],[-0.55276,53.34311],[-0.55312,53.34796],[-0.55114,53.35247],[-0.54706,53.35695],[-0.53876,53.36294],[-0.53475,53.36555],[-0.52991,53.36955],[-0.52371,53.37526],[-0.51806,53.37972],[-0.51274,53.38247],[-0.50694,53.3838],[-0.49962,53.38402],[-0.49464,53.38443],[-0.48704,53.3848],[-0.47973,53.38471],[-0.47686,53.38436],[-0.4688,53.38332],[-0.45919,53.38148],[-0.44753,53.37882]]]}},{"type":"Feature","properties":{"source_code":"C83031","codes":["C83031"],"label":"NETTLEHAM MEDICAL PRACTICE"},"geometry":{"type":"Polygon","coordinates":[[[-0.35928,53.25269],[-0.36731,53.24809],[-0.36526,53.24152],[-0.36786,53.2337],[-0.36417,53.23199],[-0.36261,53.23036],[-0.35741,53.22775],[-0.36224,53.22696],[-0.37817,53.2326],[-0.40322,53.23118],[-0.41278,53.23067],[-0.42935,53.23089],[-0.44008,53.23043],[-0.44696,53.23],[-0.4617,53.2278],[-0.46847,53.22796],[-0.47351,53.22795],[-0.47872,53.22887],[-0.48351,53.23092],[-0.48762,53.23463],[-0.49028,53.23706],[-0.49459,53.24044],[-0.49538,53.2409],[-0.49544,53.2409],[-0.50918,53.23964],[-0.51097,53.24239],[-0.49472,53.24784],[-0.49427,53.24777],[-0.49925,53.25007],[-0.50238,53.25132],[-0.50725,53.2528],[-0.51163,53.25405],[-0.5156,53.25469],[-0.51816,53.25465],[-0.52414,53.25469],[-0.53369,53.25451],[-0.53862,53.25438],[-0.53869,53.25603],[-0.53963,53.25853],[-0.5395,53.26216],[-0.53948,53.26285],[-0.53936,53.26631],[-0.53982,53.26978],[-0.5402,53.27566],[-0.54006,53.27964],[-0.5405,53.28362],[-0.54073,53.28788],[-0.54084,53.29054],[-0.53562,53.29134],[-0.5318,53.29155],[-0.5276,53.29206],[-0.52404,53.29241],[-0.52065,53.29276],[-0.51681,53.29284],[-0.51101,53.29364],[-0.50527,53.29514],[-0.50365,53.29501],[-0.50282,53.29388],[-0.50174,53.29259],[-0.50066,53.29142],[-0.49948,53.28946],[-0.49818,53.28898],[-0.49385,53.28892],[-0.49109,53.29007],[-0.48632,53.29094],[-0.48393,53.29143],[-0.48102,53.29267],[-0.47872,53.29395],[-0.47561,53.29468],[-0.4724,53.2955],[-0.46978,53.29616],[-0.46599,53.29715],[-0.46233,53.29838],[-0.46061,53.29951],[-0.45856,53.30094],[-0.45528,53.30367],[-0.45335,53.30499],[-0.45251,53.3076],[-0.45001,53.30936],[-0.44874,53.31002],[-0.44535,53.31214],[-0.44167,53.31374],[-0.43653,53.31519],[-0.41993,53.31822],[-0.40559,53.31426],[-0.40246,53.31237],[-0.39996,53.31069],[-0.39638,53.30799],[-0.39546,53.30738],[-0.39203,53.30558],[-0.38968,53.30326],[-0.38598,53.30041],[-0.3829,53.29771],[-0.37855,53.28722],[-0.35495,53.27616],[-0.35486,53.27365],[-0.35921,53.27087],[-0.36063,53.26468],[-0.35906,53.26331],[-0.3554,53.2612],[-0.35354,53.25931],[-0.35928,53.25269]]]}},{"type":"Feature","properties":{"source_code":"C83058","codes":["C83058"],"label":"WASHINGBOROUGH SURGERY"},"geometry":{"type":"Polygon","coordinates":[[[-0.52766,53.21725],[-0.524,53.21776],[-0.52073,53.21991],[-0.5184,53.22125],[-0.51245,53.22172],[-0.50919,53.2236],[-0.50686,53.22494],[-0.49953,53.2254],[-0.49406,53.22533],[-0.48078,53.22626],[-0.46747,53.22828],[-0.46015,53.22873],[-0.44188,53.22877],[-0.42728,53.22858],[-0.41677,53.22871],[-0.40353,53.22881],[-0.39939,53.22958],[-0.39206,53.2303],[-0.38243,53.23126],[-0.37745,53.2301],[-0.37431,53.22869],[-0.36851,53.22505],[-0.36315,53.22196],[-0.3537,53.21827],[-0.34742,53.21544],[-0.34386,53.2132],[-0.34301,53.21154],[-0.33944,53.2093],[-0.3359,53.20651],[-0.33553,53.20431],[-0.33332,53.20237],[-0.3307,53.19932],[-0.32716,53.19652],[-0.3245,53.19457],[-0.32466,53.19046],[-0.32247,53.18797],[-0.32256,53.18578],[-0.31582,53.18321],[-0.32048,53.18054],[-0.32835,53.17764],[-0.34125,53.17425],[-0.35368,53.17114],[-0.36291,53.16825],[-0.37209,53.16673],[-0.37716,53.16516],[-0.37721,53.16406],[-0.37861,53.16299],[-0.37873,53.15997],[-0.38068,53.15644],[-0.38115,53.15617],[-0.38938,53.15546],[-0.39623,53.15528],[-0.4026,53.15567],[-0.4149,53.15723],[-0.42425,53.15842],[-0.42737,53.15444],[-0.42795,53.15372],[-0.42873,53.15289],[-0.43096,53.15035],[-0.43472,53.14976],[-0.44295,53.14905],[-0.44843,53.14857],[-0.45712,53.14786],[-0.4617,53.1471],[-0.4704,53.14612],[-0.47122,53.14859],[-0.47514,53.15358],[-0.47902,53.15993],[-0.48524,53.16466],[-0.48745,53.16661],[-0.48967,53.16828],[-0.49098,53.16994],[-0.49454,53.17245],[-0.49632,53.17385],[-0.50032,53.17664],[-0.50479,53.17943],[-0.51149,53.18335],[-0.51549,53.18642],[-0.51954,53.18811],[-0.52176,53.18978],[-0.52212,53.19253],[-0.52203,53.19526],[-0.52243,53.19691],[-0.52237,53.19856],[-0.52413,53.2005],[-0.52457,53.20105],[-0.52454,53.20187],[-0.52446,53.20406],[-0.5244,53.20598],[-0.5243,53.20899],[-0.52421,53.21146],[-0.52779,53.21369],[-0.52771,53.21588],[-0.52766,53.21725]]]}},{"type":"Feature","properties":{"source_code":"C83029","codes":["C83029"],"label":"BRANSTON & HEIGHINGTON FAMILY PRACTICE"},"geometry":{"type":"Polygon","coordinates":[[[-0.3398,53.20821],[-0.35522,53.15715],[-0.46382,53.15884],[-0.5158,53.2086],[-0.516,53.21086],[-0.51595,53.21255],[-0.51588,53.2144],[-0.51567,53.21705],[-0.51541,53.22089],[-0.51493,53.22619],[-0.46458,53.22802],[-0.42478,53.22943],[-0.38202,53.23087],[-0.3398,53.20821]]]}},{"type":"Feature","properties":{"source_code":"C83007","codes":["C83007"],"label":"LAKESIDE HEALTHCARE STAMFORD"},"geometry":{"type":"Polygon","coordinates":[[[-0.35575,52.60986],[-0.36159,52.60809],[-0.36828,52.608],[-0.36923,52.60274],[-0.42395,52.60165],[-0.42392,52.60158],[-0.42435,52.60164],[-0.42439,52.60164],[-0.4244,52.60165],[-0.43537,52.60308],[-0.44228,52.60353],[-0.44458,52.60531],[-0.44423,52.60688],[-0.44309,52.60785],[-0.44189,52.60846],[-0.44191,52.60981],[-0.44291,52.6109],[-0.44133,52.61169],[-0.43981,52.61284],[-0.43976,52.61285],[-0.44412,52.61475],[-0.44951,52.61713],[-0.45365,52.62024],[-0.45902,52.62299],[-0.46389,52.62296],[-0.46627,52.61985],[-0.46623,52.6168],[-0.47451,52.61459],[-0.48025,52.61106],[-0.49866,52.60565],[-0.51472,52.60234],[-0.51576,52.6031],[-0.51938,52.60379],[-0.52414,52.60228],[-0.52684,52.60323],[-0.5338,52.60859],[-0.53836,52.61299],[-0.5437,52.61685],[-0.55159,52.62148],[-0.56024,52.62195],[-0.56472,52.62432],[-0.56831,52.62584],[-0.5749,52.62897],[-0.57816,52.63132],[-0.57871,52.63308],[-0.58115,52.63764],[-0.58098,52.643],[-0.58328,52.65154],[-0.58356,52.65718],[-0.58348,52.65958],[-0.58246,52.66281],[-0.58101,52.66556],[-0.58079,52.66759],[-0.58029,52.66879],[-0.57745,52.67208],[-0.5752,52.67576],[-0.57466,52.67834],[-0.569,52.68409],[-0.56707,52.68712],[-0.56162,52.69103],[-0.55227,52.69295],[-0.54593,52.69602],[-0.52848,52.69922],[-0.52031,52.70236],[-0.51478,52.70367],[-0.50577,52.70449],[-0.49504,52.70675],[-0.46519,52.7073],[-0.44893,52.71697],[-0.44262,52.71564],[-0.43817,52.71181],[-0.439,52.70508],[-0.4469,52.69938],[-0.45067,52.6962],[-0.44493,52.69058],[-0.44181,52.68841],[-0.442,52.68323],[-0.40787,52.67196],[-0.40356,52.66932],[-0.40086,52.66826],[-0.39402,52.66817],[-0.3919,52.66777],[-0.37595,52.66728],[-0.37218,52.66658],[-0.37292,52.659],[-0.36856,52.65358],[-0.36729,52.65079],[-0.36439,52.64715],[-0.3577,52.63892],[-0.35809,52.63273],[-0.35663,52.62291],[-0.35575,52.60986]]]}},{"type":"Feature","properties":{"source_code":"B81647","codes":["B81647"],"label":"WEST TOWN SURGERY"},"geometry":{"type":"MultiPolygon","coordinates":[[[[-0.29828,53.63506],[-0.29989,53.61665],[-0.29869,53.63202],[-0.29828,53.63506]]],[[[-0.29828,53.63506],[-0.29731,53.64623],[-0.2968,53.64616],[-0.29828,53.63506]]],[[[-0.44374,53.69284],[-0.3574,53.70402],[-0.30908,53.712],[-0.28678,53.71161],[-0.27822,53.70451],[-0.26966,53.6969],[-0.29353,53.68939],[-0.29731,53.64623],[-0.36598,53.65451],[-0.36983,53.66196],[-0.37348,53.66172],[-0.38536,53.66076],[-0.39598,53.66061],[-0.41053,53.6541],[-0.42218,53.65084],[-0.42526,53.6485],[-0.41748,53.62306],[-0.31247,53.61206],[-0.49816,53.63019],[-0.43465,53.6255],[-0.44408,53.63905],[-0.42709,53.64179],[-0.44152,53.64672],[-0.45216,53.65064],[-0.44408,53.63905],[-0.49782,53.63039],[-0.50709,53.67058],[-0.51567,53.67139],[-0.51567,53.67841],[-0.4979,53.68283],[-0.4929,53.68734],[-0.4855,53.69063],[-0.47894,53.69071],[-0.44374,53.69284]]]]}},{"type":"Feature","properties":{"source_code":"B82106","codes":["B82106"],"label":"HACKNESS ROAD SURGERY"},"geometry":{"type":"Polygon","coordinates":[[[-0.48477,54.41254],[-0.40031,54.31011],[-0.37045,54.26121],[-0.30487,54.22671],[-0.32135,54.21627],[-0.60562,54.1753],[-0.60137,54.25993],[-0.64682,54.27164],[-0.63482,54.27965],[-0.65781,54.27645],[-0.61833,54.29181],[-0.63734,54.34197],[-0.65231,54.36216],[-0.6455,54.36347],[-0.64682,54.36696],[-0.5191,54.38775],[-0.50262,54.40774],[-0.50927,54.39767],[-0.4985,54.40854],[-0.48477,54.41254]]]}},{"type":"Feature","properties":{"source_code":"B82054","codes":["B82054"],"label":"SCARBOROUGH MEDICAL GROUP"},"geometry":{"type":"Polygon","coordinates":[[[-0.51893,54.41613],[-0.477,54.41164],[-0.37914,54.28692],[-0.30599,54.22771],[-0.31912,54.22018],[-0.48597,54.24868],[-0.56665,54.39325],[-0.51893,54.41613]]]}},{"type":"Feature","properties":{"source_code":"B81082","codes":["B81082"],"label":"NORTH BEVERLEY MEDICAL CENTRE"},"geometry":{"type":"Polygon","coordinates":[[[-0.54073,53.85627],[-0.5609,53.87988],[-0.55944,53.89377],[-0.54361,53.90594],[-0.52022,53.90527],[-0.52859,53.91375],[-0.53043,53.92264],[-0.52563,53.92557],[-0.51292,53.93179],[-0.50606,53.93497],[-0.48443,53.93169],[-0.48353,53.93549],[-0.46855,53.93505],[-0.45198,53.93517],[-0.39353,53.91925],[-0.38378,53.91001],[-0.3881,53.90561],[-0.39984,53.89238],[-0.39515,53.88353],[-0.38429,53.87853],[-0.37285,53.86387],[-0.38624,53.85961],[-0.38375,53.84058],[-0.38559,53.82918],[-0.38641,53.819],[-0.39509,53.81834],[-0.40377,53.81668],[-0.41392,53.81963],[-0.4428,53.81803],[-0.49366,53.81583],[-0.54073,53.85627]]]}},{"type":"Feature","properties":{"source_code":"B81037","codes":["B81037"],"label":"THE PARK SURGERY"},"geometry":{"type":"Polygon","coordinates":[[[-0.40066,54.14353],[-0.34813,54.1207],[-0.32066,54.09363],[-0.30968,54.04931],[-0.29594,54.00696],[-0.3059,53.96881],[-0.32478,53.94315],[-0.45525,53.90353],[-0.61867,53.93265],[-0.67566,53.98032],[-0.66776,54.02653],[-0.64476,54.08397],[-0.58331,54.10933],[-0.48769,54.13448],[-0.40066,54.14353]]]}},{"type":"Feature","properties":{"source_code":"B81092","codes":["B81092"],"label":"THE MEDICAL CENTRE, DRIFFIELD"},"geometry":{"type":"Polygon","coordinates":[[[-0.28805,54.0608],[-0.27054,54.04891],[-0.25543,54.04488],[-0.25955,54.02875],[-0.28564,54.01503],[-0.29114,53.99162],[-0.31174,53.96659],[-0.31586,53.95609],[-0.33096,53.93911],[-0.35019,53.92294],[-0.37628,53.9189],[-0.45181,53.91263],[-0.50091,53.90919],[-0.52116,53.90859],[-0.53936,53.90818],[-0.5579,53.91364],[-0.57301,53.92234],[-0.58228,53.9284],[-0.60081,53.93709],[-0.61935,53.94881],[-0.64819,53.96578],[-0.6736,53.98557],[-0.68047,53.99062],[-0.67497,54.01382],[-0.68047,54.02391],[-0.69214,54.04246],[-0.69214,54.05213],[-0.68244,54.06574],[-0.67978,54.07213],[-0.67881,54.07883],[-0.68008,54.08286],[-0.66339,54.09373],[-0.65866,54.09495],[-0.65325,54.09486],[-0.64045,54.09328],[-0.62566,54.09454],[-0.61652,54.09736],[-0.61469,54.09741],[-0.61286,54.09817],[-0.60972,54.0997],[-0.60463,54.10274],[-0.598,54.10473],[-0.59189,54.10752],[-0.57807,54.11054],[-0.56236,54.11396],[-0.54794,54.11889],[-0.5409,54.12181],[-0.53473,54.12287],[-0.53121,54.12432],[-0.51224,54.12754],[-0.49335,54.12855],[-0.48529,54.13298],[-0.45868,54.13368],[-0.40941,54.1375],[-0.37766,54.13559],[-0.35294,54.12654],[-0.34332,54.11175],[-0.31036,54.09967],[-0.29869,54.09866],[-0.29526,54.08739],[-0.28805,54.0608]]]}},{"type":"Feature","properties":{"source_code":"B81005","codes":["B81005"],"label":"THE CENTRAL SURGERY BARTON"},"geometry":{"type":"Polygon","coordinates":[[[-0.52546,53.67861],[-0.50803,53.68029],[-0.49353,53.68685],[-0.48851,53.69048],[-0.48142,53.6931],[-0.477,53.69683],[-0.47001,53.69854],[-0.45108,53.69766],[-0.43181,53.698],[-0.41203,53.69845],[-0.39328,53.70092],[-0.38416,53.7028],[-0.37504,53.70325],[-0.35783,53.707],[-0.34028,53.71034],[-0.32238,53.71246],[-0.29706,53.66966],[-0.2817,53.62469],[-0.32367,53.61028],[-0.33347,53.60596],[-0.34397,53.60246],[-0.36667,53.59668],[-0.37733,53.59328],[-0.38971,53.59049],[-0.41276,53.58593],[-0.45919,53.57722],[-0.47718,53.58797],[-0.48829,53.59994],[-0.51018,53.63059],[-0.52546,53.67861]]]}},{"type":"Feature","properties":{"source_code":"B81100","codes":["B81100"],"label":"DR AC MILNER"},"geometry":{"type":"Polygon","coordinates":[[[-0.44632,53.76444],[-0.44177,53.76104],[-0.42885,53.76234],[-0.4272,53.7572],[-0.42555,53.75348],[-0.4198,53.75302],[-0.41267,53.75287],[-0.4107,53.75066],[-0.4098,53.74784],[-0.40924,53.74521],[-0.40976,53.74232],[-0.41044,53.73871],[-0.41036,53.73546],[-0.41988,53.7347],[-0.42847,53.73318],[-0.43585,53.73186],[-0.43576,53.73549],[-0.43602,53.73912],[-0.43868,53.7415],[-0.4398,53.74034],[-0.44207,53.74011],[-0.44435,53.74018],[-0.44662,53.74026],[-0.4525,53.74013],[-0.46048,53.75007],[-0.46216,53.75109],[-0.46177,53.7523],[-0.45799,53.75524],[-0.45971,53.75838],[-0.45198,53.7644],[-0.44632,53.76444]]]}},{"type":"Feature","properties":{"source_code":"B81619","codes":["B81619"],"label":"PARK VIEW SURGERY"},"geometry":{"type":"Polygon","coordinates":[[[-0.41903,53.7199],[-0.43726,53.71576],[-0.44387,53.71473],[-0.44799,53.71416],[-0.45325,53.71482],[-0.45894,53.71665],[-0.46967,53.71784],[-0.48477,53.71703],[-0.50262,53.71418],[-0.52378,53.71075],[-0.52413,53.71578],[-0.52443,53.72069],[-0.52537,53.72221],[-0.52417,53.72429],[-0.52979,53.72655],[-0.53249,53.72749],[-0.53172,53.7282],[-0.52657,53.73145],[-0.52389,53.73338],[-0.52267,53.73399],[-0.52073,53.7344],[-0.51225,53.74153],[-0.51172,53.74242],[-0.50606,53.7478],[-0.50125,53.75013],[-0.49387,53.75308],[-0.48306,53.75754],[-0.47825,53.75922],[-0.47241,53.76048],[-0.45851,53.76424],[-0.45353,53.76028],[-0.44692,53.75734],[-0.43533,53.7545],[-0.42701,53.75353],[-0.41722,53.75338],[-0.42113,53.7463],[-0.41714,53.74503],[-0.41722,53.74475],[-0.41849,53.74458],[-0.41968,53.74435],[-0.42102,53.7444],[-0.42302,53.74446],[-0.42469,53.74488],[-0.42452,53.74398],[-0.42435,53.74311],[-0.42332,53.74082],[-0.4216,53.73754],[-0.42091,53.73572],[-0.42085,53.73483],[-0.42087,53.73421],[-0.4197,53.73432],[-0.4166,53.73475],[-0.41049,53.73566],[-0.39928,53.73734],[-0.40594,53.72818],[-0.4037,53.72878],[-0.40184,53.72935],[-0.39929,53.72972],[-0.39908,53.72881],[-0.39823,53.72789],[-0.39792,53.72738],[-0.39799,53.727],[-0.39894,53.72668],[-0.40365,53.72628],[-0.40845,53.72583],[-0.41358,53.72462],[-0.41472,53.72489],[-0.41533,53.72551],[-0.41564,53.72586],[-0.41648,53.72577],[-0.41733,53.7255],[-0.41715,53.72503],[-0.4178,53.72336],[-0.41881,53.72197],[-0.41939,53.72101],[-0.41903,53.7199]]]}},{"type":"Feature","properties":{"source_code":"B81051","codes":["B81051"],"label":"OLD FIRE STATION SURGERY"},"geometry":{"type":"Polygon","coordinates":[[[-0.40134,53.84177],[-0.38598,53.82594],[-0.43546,53.81885],[-0.49932,53.81464],[-0.49958,53.84007],[-0.514,53.85845],[-0.52507,53.88535],[-0.45709,53.88163],[-0.40212,53.86587],[-0.40134,53.84177]]]}},{"type":"Feature","properties":{"source_code":"B81024","codes":["B81024"],"label":"WILLERBY AND SWANLAND SURGERY"},"geometry":{"type":"MultiPolygon","coordinates":[[[[-0.5073,53.72914],[-0.50728,53.72914],[-0.50724,53.72913],[-0.5073,53.72914]]],[[[-0.50734,53.72915],[-0.5073,53.72914],[-0.50743,53.72915],[-0.50742,53.72916],[-0.50741,53.72915],[-0.50735,53.72915],[-0.50734,53.72915]]],[[[-0.50734,53.72915],[-0.50737,53.72916],[-0.50733,53.72917],[-0.50734,53.72915]]],[[[-0.50694,53.72923],[-0.50624,53.72934],[-0.50614,53.72934],[-0.50707,53.72918],[-0.50694,53.72923]]],[[[-0.50614,53.72934],[-0.50571,53.72942],[-0.50569,53.72938],[-0.50587,53.72936],[-0.50614,53.72934]]],[[[-0.50571,53.72942],[-0.50571,53.72942],[-0.50556,53.72944],[-0.50571,53.72942]]],[[[-0.45329,53.76629],[-0.45182,53.76671],[-0.45104,53.76658],[-0.45037,53.76634],[-0.45105,53.76551],[-0.45101,53.76488],[-0.44965,53.7647],[-0.44608,53.76483],[-0.44582,53.7646],[-0.4456,53.76211],[-0.44473,53.76217],[-0.44366,53.76145],[-0.44031,53.76145],[-0.43413,53.76222],[-0.43294,53.76232],[-0.4321,53.76226],[-0.43116,53.76237],[-0.43002,53.76246],[-0.42891,53.76265],[-0.42835,53.76284],[-0.42816,53.76203],[-0.42817,53.7617],[-0.42813,53.76153],[-0.42777,53.7612],[-0.42769,53.76057],[-0.42757,53.75958],[-0.42841,53.75945],[-0.42811,53.7591],[-0.42785,53.75875],[-0.42947,53.75843],[-0.42799,53.75613],[-0.42726,53.75496],[-0.4269,53.75431],[-0.42734,53.75388],[-0.42725,53.75358],[-0.42916,53.75373],[-0.43085,53.75389],[-0.43483,53.75445],[-0.43531,53.75428],[-0.4359,53.7533],[-0.43694,53.75185],[-0.43888,53.74919],[-0.43936,53.74881],[-0.43882,53.74807],[-0.43857,53.74747],[-0.43846,53.74682],[-0.43877,53.74569],[-0.43939,53.74382],[-0.44089,53.74373],[-0.44268,53.74352],[-0.44432,53.74332],[-0.44567,53.74302],[-0.44672,53.74294],[-0.44716,53.74276],[-0.44653,53.7414],[-0.44684,53.74093],[-0.44668,53.74011],[-0.44836,53.73933],[-0.44973,53.7405],[-0.45135,53.74044],[-0.45207,53.74185],[-0.45388,53.74173],[-0.46553,53.73896],[-0.47701,53.73669],[-0.48438,53.73697],[-0.48638,53.73468],[-0.48919,53.73327],[-0.48987,53.73106],[-0.49853,53.73],[-0.50048,53.72957],[-0.50177,53.72901],[-0.50254,53.72912],[-0.50322,53.72876],[-0.50408,53.72901],[-0.50408,53.72962],[-0.504,53.72962],[-0.50408,53.72963],[-0.50408,53.73003],[-0.50503,53.72967],[-0.50408,53.72963],[-0.50408,53.72962],[-0.50532,53.72962],[-0.50524,53.72967],[-0.50534,53.72962],[-0.50537,53.72962],[-0.50541,53.72959],[-0.50534,53.72962],[-0.50532,53.72962],[-0.50554,53.72948],[-0.50571,53.72944],[-0.50571,53.72942],[-0.50624,53.72934],[-0.50672,53.72932],[-0.50694,53.72923],[-0.50733,53.72917],[-0.50728,53.72922],[-0.50726,53.72923],[-0.50726,53.72924],[-0.50728,53.72922],[-0.50739,53.72917],[-0.50737,53.72916],[-0.50742,53.72916],[-0.50752,53.72922],[-0.50797,53.72922],[-0.50552,53.7333],[-0.50423,53.7365],[-0.50276,53.73692],[-0.50296,53.73763],[-0.50318,53.73794],[-0.5032,53.73868],[-0.49914,53.73913],[-0.50307,53.74164],[-0.49957,53.74195],[-0.49718,53.74244],[-0.49725,53.74365],[-0.49229,53.74371],[-0.4891,53.74401],[-0.48639,53.74443],[-0.48372,53.74513],[-0.48189,53.74585],[-0.4795,53.74675],[-0.47667,53.74846],[-0.47709,53.75008],[-0.47763,53.75312],[-0.47761,53.75497],[-0.47578,53.7586],[-0.46749,53.76152],[-0.45748,53.76404],[-0.45496,53.76489],[-0.45329,53.76629]]]]}},{"type":"Feature","properties":{"source_code":"B81042","codes":["B81042"],"label":"MANOR ROAD SURGERY"},"geometry":{"type":"Polygon","coordinates":[[[-0.3344,53.85941],[-0.3344,53.85334],[-0.33302,53.84402],[-0.3756,53.80633],[-0.4525,53.79578],[-0.45336,53.79629],[-0.47207,53.79984],[-0.49953,53.80917],[-0.51498,53.81565],[-0.55241,53.85779],[-0.5509,53.85687],[-0.5864,53.90434],[-0.57198,53.90798],[-0.53009,53.92254],[-0.45799,53.92092],[-0.44014,53.91566],[-0.3289,53.87682],[-0.34058,53.87237],[-0.34538,53.86791],[-0.34058,53.86589],[-0.3344,53.85941]]]}},{"type":"Feature","properties":{"source_code":"B81101","codes":["B81101"],"label":"GREENGATES MEDICAL GROUP"},"geometry":{"type":"Polygon","coordinates":[[[-0.58416,53.87824],[-0.60397,53.89511],[-0.59253,53.93017],[-0.53395,53.9578],[-0.44357,53.95649],[-0.38212,53.91309],[-0.34847,53.867],[-0.38177,53.80917],[-0.40204,53.77266],[-0.45387,53.76678],[-0.59515,53.79487],[-0.56786,53.87136],[-0.58416,53.87824]]]}},{"type":"Feature","properties":{"source_code":"B81653","codes":["B81653"],"label":"KING STREET MEDICAL CENTRE"},"geometry":{"type":"Polygon","coordinates":[[[-0.48432,53.79261],[-0.43686,53.79874],[-0.42302,53.79851],[-0.42073,53.79026],[-0.40763,53.79151],[-0.39614,53.78759],[-0.39122,53.7838],[-0.39007,53.77958],[-0.38779,53.77657],[-0.40803,53.7697],[-0.41787,53.77109],[-0.44801,53.7739],[-0.47798,53.7835],[-0.48432,53.79261]]]}},{"type":"Feature","properties":{"source_code":"K83017","codes":["K83017"],"label":"WANSFORD"},"geometry":{"type":"Polygon","coordinates":[[[-0.53902,52.63056],[-0.4834,52.64348],[-0.42915,52.64473],[-0.35431,52.6289],[-0.33096,52.60388],[-0.32272,52.55986],[-0.33646,52.54097],[-0.3701,52.52792],[-0.39139,52.50222],[-0.45731,52.49491],[-0.53078,52.51497],[-0.57644,52.53231],[-0.60837,52.55465],[-0.56374,52.59596],[-0.53902,52.63056]]]}},{"type":"Feature","properties":{"source_code":"B82038","codes":["B82038"],"label":"HAXBY GROUP SCARBOROUGH"},"geometry":{"type":"Polygon","coordinates":[[[-0.43242,54.34025],[-0.48703,54.32872],[-0.43204,54.33945],[-0.43224,54.33975],[-0.42435,54.33975],[-0.42132,54.33416],[-0.41681,54.33154],[-0.41679,54.33154],[-0.41679,54.33153],[-0.4161,54.33113],[-0.38589,54.2888],[-0.38349,54.28707],[-0.38406,54.28623],[-0.38387,54.28597],[-0.35375,54.24208],[-0.37984,54.23426],[-0.44224,54.23616],[-0.48559,54.25465],[-0.45859,54.26725],[-0.51065,54.2875],[-0.51095,54.30428],[-0.5131,54.31833],[-0.50601,54.32501],[-0.50465,54.32528],[-0.50177,54.32654],[-0.49181,54.33044],[-0.47945,54.33474],[-0.46211,54.33845],[-0.44477,54.33955],[-0.43242,54.34025]]]}},{"type":"Feature","properties":{"source_code":"B82088","codes":["B82088"],"label":"BROOK SQUARE SURGERY"},"geometry":{"type":"Polygon","coordinates":[[[-0.36701,54.21135],[-0.39969,54.16217],[-0.4483,54.15405],[-0.49692,54.16683],[-0.53111,54.2005],[-0.60375,54.19399],[-0.65566,54.2388],[-0.66101,54.2686],[-0.62792,54.28556],[-0.62214,54.36748],[-0.54496,54.39811],[-0.54345,54.41581],[-0.5282,54.4399],[-0.43405,54.37381],[-0.35637,54.29639],[-0.33834,54.27405],[-0.32041,54.24953],[-0.36701,54.21135]]]}},{"type":"Feature","properties":{"source_code":"C83023","codes":["C83023"],"label":"SLEAFORD MEDICAL GROUP"},"geometry":{"type":"Polygon","coordinates":[[[-0.47999,52.9289],[-0.49006,52.93211],[-0.54363,52.98656],[-0.50937,53.05593],[-0.42663,53.03071],[-0.41047,53.06396],[-0.37369,53.0637],[-0.32024,53.03895],[-0.28696,53.00238],[-0.28219,52.94891],[-0.36942,52.90273],[-0.39402,52.90846],[-0.43617,52.91848],[-0.47999,52.9289]]]}},{"type":"Feature","properties":{"source_code":"Y02669","codes":["Y02669"],"label":"CASTLE HEALTH CENTRE"},"geometry":{"type":"Polygon","coordinates":[[[-0.42126,54.33294],[-0.38126,54.24988],[-0.39928,54.23734],[-0.41645,54.24105],[-0.45276,54.25971],[-0.56425,54.29699],[-0.56648,54.35716],[-0.504,54.41324],[-0.44941,54.37251],[-0.42538,54.34655],[-0.42126,54.33294]]]}},{"type":"Feature","properties":{"source_code":"B81628","codes":["B81628"],"label":"BARNETBY MEDICAL CENTRE"},"geometry":{"type":"Polygon","coordinates":[[[-0.45868,53.6902],[-0.33714,53.65441],[-0.21698,53.62021],[-0.17303,53.53623],[-0.32959,53.49131],[-0.53009,53.50765],[-0.5809,53.56641],[-0.45868,53.6902]]]}},{"type":"Feature","properties":{"source_code":"C83013","codes":["C83013"],"label":"RUSKINGTON SURGERY"},"geometry":{"type":"Polygon","coordinates":[[[-0.30449,53.00353],[-0.42133,52.98136],[-0.50245,53.04402],[-0.43797,53.08683],[-0.42966,53.09901],[-0.41758,53.10677],[-0.41018,53.11059],[-0.39269,53.117],[-0.39304,53.11659],[-0.39256,53.1169],[-0.3051,53.04516],[-0.30449,53.00353]]]}},{"type":"Feature","properties":{"source_code":"C83062","codes":["C83062"],"label":"CHURCH WALK SURGERY"},"geometry":{"type":"Polygon","coordinates":[[[-0.37676,53.23053],[-0.37186,53.22657],[-0.36476,53.22388],[-0.35559,53.21856],[-0.34494,53.21452],[-0.34429,53.21278],[-0.34153,53.20972],[-0.33583,53.20791],[-0.3345,53.2053],[-0.33458,53.20314],[-0.33178,53.20093],[-0.32829,53.19829],[-0.32623,53.19567],[-0.32496,53.19132],[-0.32504,53.18916],[-0.31945,53.18476],[-0.31382,53.18166],[-0.3059,53.18154],[-0.29801,53.181],[-0.29302,53.17963],[-0.28881,53.17698],[-0.28167,53.17558],[-0.27395,53.17071],[-0.26981,53.16632],[-0.26418,53.16321],[-0.2643,53.16019],[-0.25872,53.15578],[-0.25225,53.15569],[-0.251,53.15091],[-0.24832,53.14612],[-0.23996,53.13951],[-0.23804,53.13386],[-0.23243,53.13032],[-0.22823,53.12766],[-0.22479,53.12372],[-0.22513,53.11551],[-0.22235,53.1133],[-0.22251,53.10941],[-0.21915,53.10374],[-0.21938,53.09812],[-0.21671,53.09333],[-0.21181,53.09023],[-0.20262,53.08663],[-0.19693,53.08524],[-0.19203,53.08214],[-0.19243,53.07264],[-0.19923,53.06452],[-0.21682,53.05571],[-0.22754,53.05133],[-0.28155,53.05234],[-0.35627,53.05107],[-0.38628,53.05171],[-0.39513,53.05171],[-0.40497,53.0506],[-0.40824,53.04871],[-0.4179,53.04192],[-0.44707,53.0372],[-0.45059,53.03622],[-0.45316,53.03552],[-0.46409,53.0352],[-0.47296,53.03561],[-0.49474,53.05658],[-0.50928,53.07856],[-0.52988,53.10446],[-0.53099,53.10782],[-0.53016,53.10997],[-0.52693,53.11334],[-0.521,53.11604],[-0.50713,53.12031],[-0.5008,53.12596],[-0.49072,53.13128],[-0.49461,53.13694],[-0.49512,53.143],[-0.4964,53.14734],[-0.49817,53.15861],[-0.50394,53.15825],[-0.50367,53.16603],[-0.50356,53.16906],[-0.49695,53.17286],[-0.48514,53.18136],[-0.47197,53.18756],[-0.46132,53.19247],[-0.45733,53.19817],[-0.45274,53.2017],[-0.44183,53.20458],[-0.43171,53.20575],[-0.41848,53.21292],[-0.41341,53.21372],[-0.40176,53.21703],[-0.3908,53.2212],[-0.38495,53.22329],[-0.37676,53.23053]]]}},{"type":"Feature","properties":{"source_code":"B82024","codes":["B82024"],"label":"EASTFIELD MEDICAL CENTRE"},"geometry":{"type":"Polygon","coordinates":[[[-0.47962,54.26021],[-0.45906,54.25775],[-0.45902,54.25801],[-0.4192,54.24958],[-0.38143,54.2556],[-0.31311,54.22871],[-0.41885,54.19699],[-0.44975,54.20603],[-0.46383,54.20924],[-0.46658,54.21025],[-0.46191,54.23975],[-0.47859,54.24226],[-0.51121,54.23905],[-0.51653,54.24457],[-0.47962,54.26021]]]}},{"type":"Feature","properties":{"source_code":"B81038","codes":["B81038"],"label":"THE OAKS MEDICAL CENTRE"},"geometry":{"type":"Polygon","coordinates":[[[-0.37312,53.75114],[-0.37327,53.75114],[-0.37318,53.75072],[-0.37319,53.75072],[-0.37317,53.75065],[-0.37317,53.75065],[-0.37318,53.75072],[-0.37303,53.75073],[-0.37312,53.75114],[-0.36636,53.75122],[-0.36381,53.75141],[-0.36237,53.75153],[-0.36088,53.75173],[-0.35976,53.7513],[-0.35916,53.74445],[-0.35942,53.74874],[-0.35907,53.74445],[-0.35932,53.74306],[-0.3592,53.743],[-0.35942,53.74148],[-0.35942,53.74105],[-0.35942,53.74101],[-0.35907,53.73955],[-0.35825,53.73847],[-0.35817,53.73838],[-0.35812,53.7383],[-0.3577,53.73775],[-0.35693,53.73681],[-0.35661,53.73613],[-0.35628,53.73572],[-0.35585,53.73488],[-0.35627,53.73439],[-0.35628,53.73417],[-0.35727,53.73323],[-0.35824,53.73296],[-0.36049,53.73201],[-0.3693,53.72982],[-0.37422,53.72843],[-0.38212,53.72642],[-0.39183,53.72494],[-0.39894,53.72378],[-0.4183,53.7202],[-0.42559,53.71977],[-0.42666,53.71963],[-0.43508,53.71835],[-0.45074,53.71538],[-0.45079,53.71599],[-0.45157,53.72025],[-0.4518,53.7206],[-0.45525,53.72343],[-0.46555,53.73084],[-0.47035,53.73455],[-0.47106,53.73552],[-0.4725,53.73724],[-0.47471,53.74219],[-0.47645,53.74572],[-0.47665,53.74654],[-0.47679,53.74686],[-0.47719,53.74879],[-0.47833,53.75351],[-0.47812,53.75523],[-0.47761,53.7562],[-0.47743,53.75683],[-0.47701,53.75732],[-0.477,53.75734],[-0.47698,53.75736],[-0.47602,53.75848],[-0.47473,53.75929],[-0.47464,53.75937],[-0.47453,53.75942],[-0.4734,53.76013],[-0.46984,53.7614],[-0.46447,53.76267],[-0.45708,53.7644],[-0.45518,53.76502],[-0.45473,53.76528],[-0.4525,53.76782],[-0.44975,53.774],[-0.4516,53.76886],[-0.43106,53.7699],[-0.41159,53.77102],[-0.39388,53.7722],[-0.39348,53.7718],[-0.3934,53.7718],[-0.38832,53.76728],[-0.38534,53.7652],[-0.38021,53.76271],[-0.37508,53.76114],[-0.37508,53.76112],[-0.37499,53.76109],[-0.37505,53.76098],[-0.375,53.76065],[-0.37491,53.76104],[-0.37439,53.75851],[-0.37384,53.75412],[-0.37367,53.75324],[-0.37349,53.753],[-0.37312,53.75114]],[[-0.37317,53.75063],[-0.37315,53.75054],[-0.37317,53.75063],[-0.37317,53.75063]]]}},{"type":"Feature","properties":{"source_code":"B81048","codes":["B81048"],"label":"MODALITY PARTNERSHIP (HULL)"},"geometry":{"type":"Polygon","coordinates":[[[-0.34298,53.74018],[-0.35706,53.73673],[-0.35696,53.7348],[-0.35815,53.73297],[-0.36656,53.73052],[-0.3687,53.73084],[-0.41707,53.72513],[-0.42764,53.72375],[-0.42832,53.72558],[-0.43585,53.72724],[-0.44686,53.72866],[-0.45751,53.72514],[-0.4652,53.73],[-0.47103,53.7362],[-0.47657,53.7464],[-0.47902,53.75724],[-0.46799,53.76256],[-0.45456,53.76535],[-0.44804,53.78503],[-0.47206,53.78478],[-0.47206,53.79264],[-0.45053,53.79252],[-0.44113,53.79284],[-0.43002,53.7932],[-0.40815,53.79317],[-0.40821,53.80293],[-0.37279,53.80287],[-0.38634,53.8193],[-0.38084,53.8271],[-0.34803,53.81731],[-0.33724,53.81055],[-0.32493,53.81209],[-0.32286,53.81009],[-0.3244,53.80766],[-0.32316,53.80488],[-0.32268,53.80186],[-0.32518,53.80076],[-0.32961,53.79999],[-0.33245,53.79943],[-0.33234,53.79777],[-0.3358,53.79662],[-0.34106,53.79467],[-0.33727,53.79027],[-0.33373,53.78763],[-0.33179,53.78769],[-0.33149,53.78647],[-0.3325,53.78488],[-0.32892,53.78129],[-0.32735,53.78348],[-0.32538,53.78368],[-0.32425,53.78296],[-0.3258,53.78134],[-0.32947,53.77812],[-0.31663,53.77575],[-0.31031,53.78086],[-0.30816,53.78291],[-0.30579,53.78339],[-0.30402,53.7827],[-0.30225,53.78453],[-0.30038,53.78513],[-0.29857,53.78448],[-0.29547,53.78456],[-0.2945,53.78398],[-0.29417,53.78306],[-0.29132,53.78225],[-0.29024,53.78083],[-0.29201,53.77821],[-0.28131,53.77627],[-0.28078,53.778],[-0.27865,53.77813],[-0.27649,53.77806],[-0.27452,53.7781],[-0.27325,53.77936],[-0.27122,53.78047],[-0.27311,53.78244],[-0.26806,53.78513],[-0.26532,53.7828],[-0.25911,53.78317],[-0.25967,53.78749],[-0.24668,53.79168],[-0.23907,53.78561],[-0.23535,53.783],[-0.23327,53.78016],[-0.24334,53.77807],[-0.25226,53.77872],[-0.25268,53.7758],[-0.25326,53.77392],[-0.25438,53.77262],[-0.25198,53.77228],[-0.25229,53.77026],[-0.25471,53.76991],[-0.25479,53.76659],[-0.25348,53.7646],[-0.27129,53.7644],[-0.27683,53.76379],[-0.28845,53.76646],[-0.29971,53.77253],[-0.31642,53.7757],[-0.32796,53.77065],[-0.33074,53.77411],[-0.32949,53.77808],[-0.3473,53.78047],[-0.34936,53.77836],[-0.349,53.77619],[-0.34754,53.77509],[-0.34353,53.77539],[-0.34174,53.775],[-0.34184,53.77321],[-0.34088,53.77154],[-0.33729,53.77035],[-0.33334,53.77085],[-0.33115,53.77005],[-0.32986,53.76766],[-0.328,53.76537],[-0.32947,53.76426],[-0.33239,53.76449],[-0.33343,53.76373],[-0.33451,53.76212],[-0.33658,53.75988],[-0.33575,53.7579],[-0.33272,53.75686],[-0.32984,53.75654],[-0.32902,53.7548],[-0.3292,53.75307],[-0.33288,53.75204],[-0.33231,53.74989],[-0.33031,53.74816],[-0.32955,53.74727],[-0.32832,53.74539],[-0.33278,53.74444],[-0.33404,53.74716],[-0.33531,53.74802],[-0.33738,53.74843],[-0.34105,53.74825],[-0.34693,53.74863],[-0.34298,53.74018]]]}},{"type":"Feature","properties":{"source_code":"B81075","codes":["B81075"],"label":"HASTINGS MEDICAL CENTRE"},"geometry":{"type":"Polygon","coordinates":[[[-0.40649,53.76776],[-0.40328,53.77464],[-0.38441,53.7701],[-0.36966,53.7693],[-0.35847,53.76865],[-0.3586,53.76553],[-0.3589,53.76249],[-0.35929,53.76004],[-0.35633,53.76003],[-0.35929,53.75502],[-0.36113,53.75217],[-0.36203,53.74346],[-0.37276,53.7441],[-0.38748,53.74344],[-0.38846,53.74312],[-0.38895,53.74293],[-0.38944,53.7428],[-0.39335,53.74086],[-0.39645,53.73906],[-0.3978,53.7383],[-0.39981,53.73743],[-0.41081,53.73576],[-0.4202,53.7346],[-0.42323,53.74206],[-0.41933,53.7533],[-0.41686,53.76085],[-0.41039,53.76252],[-0.40649,53.76776]]]}},{"type":"Feature","properties":{"source_code":"D81038","codes":["D81038"],"label":"KIMBOLTON MEDICAL CENTRE"},"geometry":{"type":"Polygon","coordinates":[[[-0.52872,52.34709],[-0.45834,52.38398],[-0.38452,52.3932],[-0.34118,52.39205],[-0.32723,52.38927],[-0.31751,52.38799],[-0.30973,52.38431],[-0.30298,52.38189],[-0.25509,52.35904],[-0.21423,52.3152],[-0.23037,52.26847],[-0.24239,52.24783],[-0.24891,52.22822],[-0.25269,52.21918],[-0.28599,52.20824],[-0.34238,52.19567],[-0.44804,52.20887],[-0.53181,52.24462],[-0.52031,52.28885],[-0.54142,52.29588],[-0.55876,52.32044],[-0.53721,52.3323],[-0.52885,52.33948],[-0.52872,52.34709]]]}},{"type":"Feature","properties":{"source_code":"B81011","codes":["B81011"],"label":"KINGSTON HEALTH (HULL)"},"geometry":{"type":"Polygon","coordinates":[[[-0.42374,53.71976],[-0.44985,53.71565],[-0.47367,53.7175],[-0.51407,53.71256],[-0.5175,53.72468],[-0.50354,53.74946],[-0.47928,53.75906],[-0.45342,53.76569],[-0.44838,53.78104],[-0.43991,53.78294],[-0.43282,53.78294],[-0.42412,53.78808],[-0.40741,53.78862],[-0.39986,53.79186],[-0.3891,53.79362],[-0.38063,53.79578],[-0.3701,53.79633],[-0.32776,53.79673],[-0.32707,53.79687],[-0.3273,53.797],[-0.27451,53.77978],[-0.27529,53.74117],[-0.32889,53.74012],[-0.34024,53.73671],[-0.35249,53.73514],[-0.36474,53.73041],[-0.37425,53.72771],[-0.42374,53.71976]]]}},{"type":"Feature","properties":{"source_code":"C83035","codes":["C83035"],"label":"HEREWARD MEDICAL CENTRE"},"geometry":{"type":"Polygon","coordinates":[[[-0.44467,52.72083],[-0.45023,52.79697],[-0.44908,52.80649],[-0.4461,52.82223],[-0.42411,52.83307],[-0.40739,52.843],[-0.38362,52.85735],[-0.29198,52.85509],[-0.27105,52.84292],[-0.23128,52.81763],[-0.22557,52.8041],[-0.25104,52.7931],[-0.25636,52.7911],[-0.2716,52.78325],[-0.28751,52.7737],[-0.2878,52.76612],[-0.28767,52.75401],[-0.2892,52.73568],[-0.30489,52.72074],[-0.33509,52.69463],[-0.33992,52.69446],[-0.34216,52.69388],[-0.34479,52.69342],[-0.35234,52.69084],[-0.35691,52.69237],[-0.39037,52.69124],[-0.44447,52.70957],[-0.45357,52.71397],[-0.44467,52.72083]]]}},{"type":"Feature","properties":{"source_code":"B81675","codes":["B81675"],"label":"NEWINGTON SURGERY"},"geometry":{"type":"Polygon","coordinates":[[[-0.31718,53.7453],[-0.32388,53.74367],[-0.32645,53.74184],[-0.33315,53.74063],[-0.33881,53.74113],[-0.34413,53.74022],[-0.35614,53.73728],[-0.35717,53.73585],[-0.35717,53.73403],[-0.36026,53.7324],[-0.37433,53.72864],[-0.41949,53.7207],[-0.41958,53.72172],[-0.41863,53.72268],[-0.4176,53.72451],[-0.41769,53.72532],[-0.42258,53.72451],[-0.42284,53.72593],[-0.42378,53.73071],[-0.42275,53.73421],[-0.42352,53.73792],[-0.42618,53.74325],[-0.42473,53.74507],[-0.42292,53.74467],[-0.41992,53.74457],[-0.41778,53.74523],[-0.41863,53.74655],[-0.41945,53.74997],[-0.41996,53.752],[-0.42134,53.75453],[-0.42185,53.75636],[-0.42288,53.75819],[-0.42288,53.76042],[-0.42219,53.76286],[-0.42099,53.76488],[-0.41855,53.76821],[-0.39461,53.77237],[-0.38397,53.77004],[-0.37689,53.76955],[-0.33279,53.76732],[-0.32833,53.76732],[-0.3273,53.7659],[-0.3285,53.76448],[-0.32816,53.76265],[-0.32885,53.7592],[-0.32747,53.75768],[-0.32439,53.75646],[-0.31975,53.75321],[-0.31529,53.75057],[-0.31443,53.74753],[-0.31718,53.7453]]]}},{"type":"Feature","properties":{"source_code":"C83054","codes":["C83054"],"label":"BOURNE GALLETLY PRACTICE TEAM"},"geometry":{"type":"Polygon","coordinates":[[[-0.34085,52.87406],[-0.27576,52.84969],[-0.27087,52.83363],[-0.27067,52.83354],[-0.27082,52.83348],[-0.27081,52.83343],[-0.27088,52.83345],[-0.27127,52.83329],[-0.27111,52.83329],[-0.26941,52.82202],[-0.2653,52.79969],[-0.26358,52.78928],[-0.26121,52.78601],[-0.26133,52.78298],[-0.26122,52.77671],[-0.2603,52.77302],[-0.26003,52.77085],[-0.26442,52.76811],[-0.26638,52.73657],[-0.26599,52.72856],[-0.2661,52.72575],[-0.26624,52.72208],[-0.26637,52.71884],[-0.26624,52.71321],[-0.26722,52.70652],[-0.26805,52.70351],[-0.27001,52.69878],[-0.28533,52.69857],[-0.29212,52.6978],[-0.2954,52.69569],[-0.30185,52.6947],[-0.31183,52.69357],[-0.32244,52.69335],[-0.34795,52.69259],[-0.35419,52.68921],[-0.36291,52.68512],[-0.36882,52.68496],[-0.38372,52.68999],[-0.38629,52.69213],[-0.39571,52.69102],[-0.40217,52.69272],[-0.40285,52.69657],[-0.40579,52.6997],[-0.41039,52.70212],[-0.43213,52.70451],[-0.43938,52.70684],[-0.44588,52.70767],[-0.45683,52.7093],[-0.45825,52.70956],[-0.46089,52.70997],[-0.46272,52.71012],[-0.46413,52.71051],[-0.46594,52.71127],[-0.4657,52.71099],[-0.47502,52.71933],[-0.47926,52.72024],[-0.48161,52.72417],[-0.47762,52.72649],[-0.47646,52.72907],[-0.48143,52.72957],[-0.48204,52.73239],[-0.48446,52.73458],[-0.48187,52.73736],[-0.48393,52.73955],[-0.49012,52.74611],[-0.49104,52.75023],[-0.49229,52.75544],[-0.49572,52.75916],[-0.49564,52.76154],[-0.49452,52.76303],[-0.49945,52.76483],[-0.49974,52.76678],[-0.50149,52.76766],[-0.50176,52.77026],[-0.50168,52.77264],[-0.49983,52.77434],[-0.49833,52.7767],[-0.49508,52.77796],[-0.49287,52.77988],[-0.49205,52.78289],[-0.4898,52.78611],[-0.48581,52.78822],[-0.48141,52.79162],[-0.47454,52.79413],[-0.46768,52.79664],[-0.46299,52.79809],[-0.4576,52.7991],[-0.45119,52.79902],[-0.45188,52.79946],[-0.4475,52.80221],[-0.44521,52.80651],[-0.44072,52.81228],[-0.438,52.81852],[-0.43784,52.82306],[-0.43626,52.82736],[-0.43473,52.83015],[-0.43173,52.834],[-0.42435,52.84061],[-0.42269,52.84707],[-0.42001,52.85201],[-0.418,52.85825],[-0.41791,52.86063],[-0.4185,52.86432],[-0.4188,52.86583],[-0.41589,52.86731],[-0.41582,52.86904],[-0.41255,52.87072],[-0.40823,52.87131],[-0.40139,52.87273],[-0.39565,52.87352],[-0.39561,52.87348],[-0.39518,52.87356],[-0.3948,52.87352],[-0.39497,52.8738],[-0.39134,52.87332],[-0.39359,52.87406],[-0.34085,52.87406]]]}},{"type":"Feature","properties":{"source_code":"B81035","codes":["B81035"],"label":"THE AVENUES MEDICAL CENTRE"},"geometry":{"type":"Polygon","coordinates":[[[-0.35963,53.74338],[-0.36428,53.74353],[-0.36919,53.74404],[-0.37303,53.74397],[-0.38004,53.74379],[-0.38555,53.74348],[-0.39045,53.74201],[-0.3989,53.73749],[-0.40689,53.73596],[-0.41669,53.73488],[-0.43542,53.73216],[-0.43522,53.7373],[-0.43734,53.74081],[-0.43845,53.7417],[-0.4387,53.74427],[-0.4413,53.74407],[-0.44369,53.74373],[-0.44837,53.74318],[-0.4556,53.74058],[-0.45904,53.73903],[-0.46368,53.73865],[-0.47194,53.73693],[-0.47353,53.74008],[-0.47754,53.75033],[-0.47822,53.7548],[-0.47709,53.75744],[-0.47465,53.7595],[-0.47089,53.761],[-0.46764,53.76185],[-0.46344,53.7631],[-0.45853,53.7639],[-0.45396,53.76561],[-0.44941,53.7753],[-0.44884,53.78059],[-0.43935,53.78304],[-0.43165,53.78306],[-0.42364,53.78284],[-0.42396,53.7842],[-0.42037,53.78474],[-0.41627,53.78467],[-0.40772,53.78474],[-0.40563,53.7843],[-0.40372,53.78294],[-0.39937,53.78275],[-0.39772,53.77747],[-0.39092,53.77665],[-0.38574,53.77584],[-0.38349,53.77005],[-0.37388,53.76926],[-0.35341,53.76872],[-0.35217,53.76438],[-0.35096,53.76201],[-0.35094,53.75964],[-0.3507,53.76],[-0.34957,53.75866],[-0.34929,53.75732],[-0.34858,53.75618],[-0.34856,53.75504],[-0.34782,53.75196],[-0.34742,53.74888],[-0.35985,53.75134],[-0.35963,53.74338]]]}},{"type":"Feature","properties":{"source_code":"B81104","codes":["B81104"],"label":"CAMPUS HEALTH CENTRE"},"geometry":{"type":"Polygon","coordinates":[[[-0.44872,53.79031],[-0.4489,53.79033],[-0.44668,53.79045],[-0.44557,53.79056],[-0.44407,53.79092],[-0.44267,53.79097],[-0.43889,53.79001],[-0.43515,53.79053],[-0.4262,53.78841],[-0.42119,53.78779],[-0.41964,53.7867],[-0.4168,53.78552],[-0.41662,53.78487],[-0.4135,53.7847],[-0.41028,53.78494],[-0.40856,53.78513],[-0.40684,53.78507],[-0.40654,53.78253],[-0.40506,53.779],[-0.40228,53.77855],[-0.3986,53.77882],[-0.39784,53.77738],[-0.38256,53.77578],[-0.3574,53.77308],[-0.35636,53.77203],[-0.35461,53.77198],[-0.35403,53.77043],[-0.35336,53.7687],[-0.34062,53.76789],[-0.33019,53.76754],[-0.32931,53.7669],[-0.32785,53.76543],[-0.32824,53.76456],[-0.32964,53.76427],[-0.33137,53.76465],[-0.33296,53.76437],[-0.33404,53.76363],[-0.33422,53.76252],[-0.33647,53.76066],[-0.33875,53.76079],[-0.33938,53.76173],[-0.34353,53.76205],[-0.34831,53.76123],[-0.34889,53.76183],[-0.34972,53.76161],[-0.34901,53.75982],[-0.34889,53.75802],[-0.34671,53.74841],[-0.36124,53.7515],[-0.37366,53.7505],[-0.39499,53.7498],[-0.40077,53.7521],[-0.41372,53.75267],[-0.42639,53.75317],[-0.43491,53.75403],[-0.43882,53.74884],[-0.43805,53.74674],[-0.43833,53.74422],[-0.44866,53.74302],[-0.44978,53.74242],[-0.45357,53.74149],[-0.45613,53.73991],[-0.45937,53.73884],[-0.46288,53.73881],[-0.46743,53.73754],[-0.47233,53.73668],[-0.4775,53.7471],[-0.47884,53.75396],[-0.4776,53.75777],[-0.47221,53.76091],[-0.46733,53.76203],[-0.45859,53.76411],[-0.45365,53.76588],[-0.45133,53.77065],[-0.44943,53.77957],[-0.44872,53.79031]]]}},{"type":"Feature","properties":{"source_code":"B81027","codes":["B81027"],"label":"ST ANDREWS SURGERY"},"geometry":{"type":"MultiPolygon","coordinates":[[[[-0.36193,53.76892],[-0.35928,53.7686],[-0.36058,53.76916],[-0.35946,53.76911],[-0.35654,53.7685],[-0.35139,53.7685],[-0.34984,53.7686],[-0.34658,53.7682],[-0.34366,53.76809],[-0.3392,53.76749],[-0.33697,53.76678],[-0.33234,53.76728],[-0.32976,53.76678],[-0.32787,53.76454],[-0.33234,53.76414],[-0.3344,53.7617],[-0.33611,53.75866],[-0.33148,53.75663],[-0.32856,53.7548],[-0.32993,53.75257],[-0.33311,53.75196],[-0.33165,53.74917],[-0.3283,53.74587],[-0.32976,53.74039],[-0.33148,53.73856],[-0.36564,53.72901],[-0.36193,53.76892]]],[[[-0.36058,53.76916],[-0.36191,53.76922],[-0.36186,53.76972],[-0.36058,53.76916]]],[[[-0.38399,53.77067],[-0.38607,53.77083],[-0.38933,53.77104],[-0.39207,53.77236],[-0.39636,53.77439],[-0.39637,53.7741],[-0.38795,53.76972],[-0.37455,53.76951],[-0.38298,53.77023],[-0.38399,53.77067],[-0.37422,53.76992],[-0.37142,53.76946],[-0.36556,53.76936],[-0.36597,53.76941],[-0.36455,53.76935],[-0.36238,53.76931],[-0.36238,53.76925],[-0.36191,53.76922],[-0.36193,53.76892],[-0.36241,53.76898],[-0.36598,53.72901],[-0.41233,53.72038],[-0.43637,53.71723],[-0.43808,53.7219],[-0.44152,53.72597],[-0.4652,53.73165],[-0.435,53.73287],[-0.43877,53.74242],[-0.43877,53.74993],[-0.43294,53.75825],[-0.43019,53.76881],[-0.40856,53.77753],[-0.40529,53.77875],[-0.3995,53.77573],[-0.40254,53.77753],[-0.40632,53.77925],[-0.40255,53.77763],[-0.40306,53.77824],[-0.40135,53.77783],[-0.39997,53.77621],[-0.39723,53.77652],[-0.38399,53.77067]]]]}},{"type":"Feature","properties":{"source_code":"B81046","codes":["B81046"],"label":"THE BRIDGE GROUP PRACTICE"},"geometry":{"type":"MultiPolygon","coordinates":[[[[-0.40047,53.7691],[-0.41379,53.76302],[-0.39422,53.7722],[-0.40047,53.7691]]],[[[-0.34985,53.78088],[-0.34452,53.76325],[-0.33611,53.74643],[-0.33242,53.73847],[-0.37841,53.72791],[-0.39723,53.72426],[-0.41826,53.72082],[-0.42989,53.71963],[-0.43433,53.71882],[-0.43507,53.72317],[-0.43609,53.72693],[-0.43525,53.72986],[-0.42529,53.74509],[-0.42053,53.75375],[-0.41892,53.75839],[-0.41751,53.76065],[-0.40047,53.7691],[-0.39401,53.77205],[-0.39647,53.7827],[-0.34985,53.78088]]],[[[-0.39647,53.7827],[-0.39894,53.7828],[-0.39654,53.78301],[-0.39647,53.7827]]]]}},{"type":"Feature","properties":{"source_code":"B81052","codes":["B81052"],"label":"PRINCES MEDICAL CENTRE"},"geometry":{"type":"Polygon","coordinates":[[[-0.36057,53.79295],[-0.34892,53.77915],[-0.34846,53.77527],[-0.34215,53.77494],[-0.34197,53.77235],[-0.33904,53.77057],[-0.33286,53.77041],[-0.3301,53.76842],[-0.328,53.76576],[-0.33352,53.76355],[-0.3363,53.76074],[-0.33564,53.75782],[-0.32983,53.75571],[-0.32925,53.7533],[-0.3328,53.75089],[-0.33016,53.74737],[-0.3459,53.74871],[-0.34478,53.74292],[-0.37079,53.74384],[-0.38409,53.74348],[-0.39259,53.74049],[-0.3992,53.73737],[-0.40409,53.73668],[-0.41662,53.7349],[-0.41868,53.75368],[-0.41598,53.75995],[-0.40435,53.76358],[-0.38624,53.7788],[-0.37062,53.77832],[-0.36272,53.77848],[-0.35723,53.77865],[-0.36208,53.78574],[-0.36484,53.79218],[-0.36057,53.79295]]]}},{"type":"Feature","properties":{"source_code":"B81074","codes":["B81074"],"label":"CITY HEALTH PRACTICE LTD"},"geometry":{"type":"MultiPolygon","coordinates":[[[[-0.2782,53.76395],[-0.2782,53.76395],[-0.27809,53.76393],[-0.2782,53.76395]]],[[[-0.28294,53.76487],[-0.28255,53.76487],[-0.2817,53.76467],[-0.28294,53.76487]]],[[[-0.28294,53.76487],[-0.28337,53.76487],[-0.28391,53.76503],[-0.28294,53.76487]]],[[[-0.28391,53.76503],[-0.2845,53.76512],[-0.28432,53.76515],[-0.28391,53.76503]]],[[[-0.2845,53.76512],[-0.28466,53.7651],[-0.2849,53.76519],[-0.2845,53.76512]]],[[[-0.2849,53.76519],[-0.2853,53.76525],[-0.28514,53.76527],[-0.2849,53.76519]]],[[[-0.28485,53.7653],[-0.28487,53.7653],[-0.28514,53.76527],[-0.28689,53.76589],[-0.28485,53.7653]]],[[[-0.2782,53.76395],[-0.28067,53.76451],[-0.28411,53.76518],[-0.28432,53.76515],[-0.28485,53.7653],[-0.28436,53.7653],[-0.28393,53.7652],[-0.28398,53.76519],[-0.28368,53.76519],[-0.28728,53.766],[-0.28729,53.766],[-0.28361,53.76518],[-0.28341,53.76518],[-0.28264,53.76508],[-0.2814,53.7648],[-0.28002,53.76447],[-0.27912,53.76421],[-0.27988,53.76436],[-0.27818,53.76398],[-0.2782,53.76395]]],[[[-0.28729,53.766],[-0.28805,53.76617],[-0.28728,53.766],[-0.28547,53.76515],[-0.28118,53.76454],[-0.2782,53.76395],[-0.28436,53.75587],[-0.2859,53.75201],[-0.2865,53.74861],[-0.31328,53.74678],[-0.31672,53.75196],[-0.32701,53.75805],[-0.32873,53.75916],[-0.32787,53.76404],[-0.32719,53.76667],[-0.32804,53.77073],[-0.31637,53.77611],[-0.31088,53.77438],[-0.30573,53.77378],[-0.30281,53.77307],[-0.30024,53.77236],[-0.29749,53.77134],[-0.2944,53.76982],[-0.292,53.7685],[-0.28959,53.76708],[-0.28729,53.766]]]]}},{"type":"Feature","properties":{"source_code":"B81047","codes":["B81047"],"label":"WOLSELEY MEDICAL CENTRE"},"geometry":{"type":"Polygon","coordinates":[[[-0.35173,53.78359],[-0.32032,53.74445],[-0.35637,53.73287],[-0.3931,53.72414],[-0.44872,53.7152],[-0.45696,53.72475],[-0.47104,53.73429],[-0.47791,53.75642],[-0.45078,53.77327],[-0.39783,53.78103],[-0.39418,53.79137],[-0.37396,53.79563],[-0.36723,53.7953],[-0.35916,53.79383],[-0.35989,53.79315],[-0.35851,53.79147],[-0.35598,53.78993],[-0.35345,53.78896],[-0.3504,53.78843],[-0.34834,53.78752],[-0.34783,53.78592],[-0.35079,53.78483],[-0.35173,53.78359]]]}},{"type":"Feature","properties":{"source_code":"B81085","codes":["B81085"],"label":"HAXBY GROUP HULL"},"geometry":{"type":"Polygon","coordinates":[[[-0.28063,53.78348],[-0.27394,53.77849],[-0.27109,53.78033],[-0.27097,53.78052],[-0.27337,53.78235],[-0.26839,53.78488],[-0.26676,53.78323],[-0.26577,53.78232],[-0.26311,53.78296],[-0.25891,53.78321],[-0.25865,53.78169],[-0.26118,53.77865],[-0.26852,53.77309],[-0.26865,53.77312],[-0.27058,53.76708],[-0.27317,53.76143],[-0.27344,53.75771],[-0.27556,53.74813],[-0.28518,53.74832],[-0.2988,53.74764],[-0.30227,53.74771],[-0.30578,53.74783],[-0.30921,53.74772],[-0.31272,53.74715],[-0.31433,53.74979],[-0.31662,53.75204],[-0.32751,53.75802],[-0.3284,53.76155],[-0.32706,53.76499],[-0.32727,53.77091],[-0.31734,53.77569],[-0.31224,53.77882],[-0.30852,53.78245],[-0.31167,53.78431],[-0.30731,53.78637],[-0.30854,53.78932],[-0.29436,53.79289],[-0.28063,53.78348]],[[-0.27507,53.77411],[-0.26879,53.77314],[-0.27474,53.77428],[-0.27417,53.77523],[-0.27507,53.77411]]]}},{"type":"Feature","properties":{"source_code":"Y02747","codes":["Y02747"],"label":"HAXBY GROUP HULL"},"geometry":{"type":"Polygon","coordinates":[[[-0.30845,53.78262],[-0.30972,53.78081],[-0.31332,53.77767],[-0.32688,53.77067],[-0.32722,53.76833],[-0.33271,53.76752],[-0.34421,53.76803],[-0.35983,53.76884],[-0.37287,53.76986],[-0.38333,53.77046],[-0.3914,53.77168],[-0.39469,53.79298],[-0.3741,53.79511],[-0.35969,53.79366],[-0.359,53.79412],[-0.3593,53.79458],[-0.35973,53.79508],[-0.36063,53.79536],[-0.36166,53.79536],[-0.36346,53.79577],[-0.36419,53.79666],[-0.36479,53.79818],[-0.36539,53.80061],[-0.36548,53.80233],[-0.36535,53.80335],[-0.3617,53.80489],[-0.35926,53.80502],[-0.35733,53.80545],[-0.35553,53.80641],[-0.35192,53.80753],[-0.34069,53.81115],[-0.3379,53.81229],[-0.31743,53.8145],[-0.31713,53.81394],[-0.31635,53.81319],[-0.31214,53.80797],[-0.30914,53.80498],[-0.30408,53.79854],[-0.29924,53.79551],[-0.29457,53.79285],[-0.30851,53.78933],[-0.30794,53.78799],[-0.30734,53.78657],[-0.3082,53.78566],[-0.30983,53.78531],[-0.3118,53.78439],[-0.30845,53.78262]]]}},{"type":"Feature","properties":{"source_code":"D81618","codes":["D81618"],"label":"AILSWORTH MEDICAL CENTRE"},"geometry":{"type":"Polygon","coordinates":[[[-0.24033,52.65223],[-0.08841,52.62522],[-0.0618,52.62306],[-0.06509,52.62106],[-0.05768,52.61973],[-0.06607,52.62046],[-0.2853,52.48633],[-0.44478,52.51131],[-0.57129,52.568],[-0.5246,52.65681],[-0.41693,52.65042],[-0.51361,52.65848],[-0.31723,52.65806],[-0.24033,52.65223]]]}},{"type":"Feature","properties":{"source_code":"B81645","codes":["B81645"],"label":"EAST PARK PRACTICE"},"geometry":{"type":"Polygon","coordinates":[[[-0.26127,53.77885],[-0.2544,53.77428],[-0.25131,53.76211],[-0.25372,53.75196],[-0.28427,53.75236],[-0.30796,53.75013],[-0.31448,53.75115],[-0.31895,53.75358],[-0.32719,53.75886],[-0.33062,53.75988],[-0.32959,53.7684],[-0.32684,53.77266],[-0.33096,53.77936],[-0.32204,53.78706],[-0.31139,53.79153],[-0.30693,53.79051],[-0.29612,53.78625],[-0.28616,53.7822],[-0.28461,53.77753],[-0.27946,53.77854],[-0.26505,53.7824],[-0.26127,53.77885]]]}},{"type":"Feature","properties":{"source_code":"B81032","codes":["B81032"],"label":"WILBERFORCE SURGERY"},"geometry":{"type":"Polygon","coordinates":[[[-0.34126,53.75094],[-0.35191,53.75216],[-0.35189,53.7519],[-0.35259,53.75196],[-0.34504,53.755],[-0.33405,53.7479],[-0.35122,53.74303],[-0.35189,53.7519],[-0.34126,53.75094]]]}},{"type":"Feature","properties":{"source_code":"Y01652","codes":["Y01652"],"label":"THE NEW SPRINGWELLS PRACTICE"},"geometry":{"type":"Polygon","coordinates":[[[-0.22993,52.96505],[-0.23042,52.95368],[-0.27591,52.86198],[-0.26374,52.79071],[-0.26531,52.79072],[-0.26372,52.79052],[-0.37697,52.7796],[-0.48346,52.7916],[-0.48255,52.79177],[-0.60519,52.79219],[-0.47698,53.0044],[-0.41227,52.99061],[-0.40513,52.98941],[-0.39118,52.98723],[-0.38585,52.9866],[-0.38176,52.98607],[-0.37711,52.98559],[-0.36363,52.9832],[-0.34546,52.98116],[-0.33263,52.97968],[-0.32367,52.97852],[-0.31755,52.97754],[-0.27741,52.97214],[-0.26959,52.97079],[-0.22993,52.96505]]]}},{"type":"Feature","properties":{"source_code":"C83043","codes":["C83043"],"label":"MARKET RASEN SURGERY"},"geometry":{"type":"Polygon","coordinates":[[[-0.15276,53.32829],[-0.1562,53.32039],[-0.16921,53.31668],[-0.18121,53.31398],[-0.21029,53.30999],[-0.23158,53.30531],[-0.24371,53.30177],[-0.25055,53.29931],[-0.26653,53.29588],[-0.27959,53.29319],[-0.2991,53.28981],[-0.30446,53.2897],[-0.32482,53.28896],[-0.33708,53.2874],[-0.34298,53.2869],[-0.34572,53.28803],[-0.3686,53.30553],[-0.41122,53.33387],[-0.43511,53.34566],[-0.48358,53.3627],[-0.48827,53.36648],[-0.49948,53.37098],[-0.50216,53.3739],[-0.50381,53.37591],[-0.50371,53.37873],[-0.50201,53.39949],[-0.5017,53.40538],[-0.50171,53.40814],[-0.47171,53.43091],[-0.46244,53.43771],[-0.45556,53.44397],[-0.43168,53.45661],[-0.4151,53.46319],[-0.40502,53.46575],[-0.38187,53.47525],[-0.35414,53.48648],[-0.35105,53.48855],[-0.33767,53.48984],[-0.33396,53.49126],[-0.32728,53.49156],[-0.32192,53.49103],[-0.31453,53.49022],[-0.31088,53.49023],[-0.30328,53.48923],[-0.29575,53.48675],[-0.28999,53.48551],[-0.27626,53.47954],[-0.27218,53.47686],[-0.24657,53.46193],[-0.22883,53.44923],[-0.21529,53.43902],[-0.19311,53.42259],[-0.18386,53.41559],[-0.17651,53.4092],[-0.17055,53.39808],[-0.16782,53.38918],[-0.16761,53.38649],[-0.16105,53.3769],[-0.15713,53.3685],[-0.15423,53.36108],[-0.14912,53.34298],[-0.15039,53.33851],[-0.15281,53.33188],[-0.15276,53.32829]]]}},{"type":"Feature","properties":{"source_code":"B81631","codes":["B81631"],"label":"DRS RAUT AND THOUFEEQ"},"geometry":{"type":"Polygon","coordinates":[[[-0.31277,53.80633],[-0.31311,53.79801],[-0.30247,53.79274],[-0.30453,53.78909],[-0.31414,53.78362],[-0.32444,53.77793],[-0.33714,53.78037],[-0.34367,53.78605],[-0.35156,53.80673],[-0.3289,53.81565],[-0.31277,53.80633]]]}},{"type":"Feature","properties":{"source_code":"B81119","codes":["B81119"],"label":"GOODHEART SURGERY"},"geometry":{"type":"Polygon","coordinates":[[[-0.34058,53.81626],[-0.3186,53.81626],[-0.26676,53.7757],[-0.31929,53.75358],[-0.34641,53.74871],[-0.36633,53.79518],[-0.34058,53.81626]]]}},{"type":"Feature","properties":{"source_code":"B81018","codes":["B81018"],"label":"ORCHARD 2000 GROUP"},"geometry":{"type":"Polygon","coordinates":[[[-0.39104,53.79335],[-0.36839,53.79974],[-0.33714,53.80101],[-0.34504,53.79355],[-0.34401,53.76475],[-0.36787,53.76109],[-0.38564,53.7615],[-0.39173,53.76434],[-0.40392,53.78088],[-0.39207,53.79457],[-0.39104,53.79335]]]}},{"type":"Feature","properties":{"source_code":"B81112","codes":["B81112"],"label":"JAMES ALEXANDER FAMILY PRACTICE"},"geometry":{"type":"Polygon","coordinates":[[[-0.31208,53.80815],[-0.28633,53.7684],[-0.29751,53.7699],[-0.28667,53.7684],[-0.44838,53.78402],[-0.44584,53.78964],[-0.44941,53.79011],[-0.36461,53.80166],[-0.31208,53.80815]]]}},{"type":"Feature","properties":{"source_code":"B81616","codes":["B81616"],"label":"DR GT HENDOW'S PRACTICE"},"geometry":{"type":"Polygon","coordinates":[[[-0.32272,53.79457],[-0.27569,53.79132],[-0.24513,53.77834],[-0.19896,53.75734],[-0.29285,53.76637],[-0.19518,53.73734],[-0.31174,53.75703],[-0.33302,53.74627],[-0.42263,53.72373],[-0.42624,53.74455],[-0.35019,53.75724],[-0.35259,53.76383],[-0.355,53.77286],[-0.4216,53.77854],[-0.36186,53.78909],[-0.35809,53.79609],[-0.36186,53.80131],[-0.34298,53.81626],[-0.32272,53.79457]]]}},{"type":"Feature","properties":{"source_code":"B82628","codes":["B82628"],"label":"HUNMANBY SURGERY"},"geometry":{"type":"Polygon","coordinates":[[[-0.29388,54.21386],[-0.28152,54.19699],[-0.25955,54.1761],[-0.22659,54.15922],[-0.19226,54.15278],[-0.16068,54.14394],[-0.13733,54.13509],[-0.1442,54.11577],[-0.16617,54.11336],[-0.18814,54.10853],[-0.20874,54.09887],[-0.23621,54.09001],[-0.26093,54.07953],[-0.28152,54.06825],[-0.30075,54.06342],[-0.31723,54.05616],[-0.32684,54.0481],[-0.34332,54.05697],[-0.35431,54.06422],[-0.39276,54.07953],[-0.41061,54.0884],[-0.43671,54.09806],[-0.45593,54.1045],[-0.48065,54.11416],[-0.50812,54.1206],[-0.52597,54.12704],[-0.49988,54.1367],[-0.47379,54.14474],[-0.45731,54.15037],[-0.42847,54.16083],[-0.40237,54.17128],[-0.36942,54.18414],[-0.33371,54.1986],[-0.29388,54.21386]]]}},{"type":"Feature","properties":{"source_code":"C83026","codes":["C83026"],"label":"THE DEEPINGS PRACTICE"},"geometry":{"type":"Polygon","coordinates":[[[-0.34719,52.72431],[-0.34343,52.72534],[-0.33672,52.72687],[-0.32888,52.72853],[-0.31273,52.73106],[-0.30137,52.73139],[-0.29569,52.7317],[-0.21157,52.73115],[-0.20466,52.7276],[-0.19514,52.72258],[-0.19754,52.69452],[-0.19886,52.69331],[-0.18918,52.6845],[-0.18434,52.68015],[-0.18454,52.67914],[-0.18555,52.6783],[-0.18798,52.67843],[-0.18968,52.67826],[-0.19139,52.67799],[-0.19501,52.67662],[-0.20186,52.67363],[-0.20598,52.67145],[-0.21255,52.66888],[-0.21725,52.66746],[-0.22144,52.66663],[-0.22515,52.66543],[-0.2296,52.66394],[-0.2363,52.66129],[-0.24508,52.6583],[-0.25789,52.65276],[-0.27128,52.63553],[-0.28024,52.63395],[-0.28202,52.63186],[-0.28295,52.63074],[-0.28455,52.62904],[-0.28729,52.62529],[-0.29101,52.62102],[-0.29242,52.6201],[-0.29706,52.61731],[-0.30007,52.61465],[-0.30058,52.61205],[-0.3026,52.60991],[-0.3046,52.61043],[-0.3076,52.6124],[-0.31283,52.61503],[-0.31856,52.61728],[-0.34506,52.62218],[-0.36306,52.61864],[-0.37101,52.62204],[-0.37782,52.62278],[-0.40027,52.65692],[-0.40466,52.66418],[-0.40631,52.66558],[-0.40749,52.66638],[-0.40984,52.66873],[-0.41167,52.67165],[-0.41255,52.67485],[-0.41283,52.67558],[-0.4118,52.67636],[-0.4099,52.67895],[-0.40698,52.68055],[-0.4026,52.68285],[-0.39865,52.68472],[-0.40261,52.68934],[-0.40598,52.69254],[-0.41787,52.69944],[-0.42744,52.70375],[-0.43045,52.70551],[-0.41822,52.71239],[-0.40888,52.71728],[-0.40376,52.71992],[-0.39701,52.72066],[-0.38138,52.72035],[-0.37375,52.72069],[-0.36717,52.72119],[-0.36351,52.72144],[-0.35748,52.72229],[-0.35046,52.72366],[-0.34719,52.72431]]]}},{"type":"Feature","properties":{"source_code":"C83613","codes":["C83613"],"label":"CAISTOR HEALTH CENTRE"},"geometry":{"type":"Polygon","coordinates":[[[-0.21602,53.506],[-0.21605,53.50631],[-0.216,53.50651],[-0.21607,53.50653],[-0.21761,53.50607],[-0.21605,53.50597],[-0.21615,53.50588],[-0.22808,53.45476],[-0.22805,53.45473],[-0.2281,53.45467],[-0.22814,53.45452],[-0.22821,53.45454],[-0.22857,53.45409],[-0.23245,53.45126],[-0.24495,53.43811],[-0.24983,53.4347],[-0.26324,53.42805],[-0.27205,53.42523],[-0.27934,53.42309],[-0.2885,53.42128],[-0.29891,53.41789],[-0.30577,53.41663],[-0.30779,53.41542],[-0.31194,53.41548],[-0.31539,53.4157],[-0.32035,53.41506],[-0.3376,53.4133],[-0.34074,53.4137],[-0.34837,53.41315],[-0.35333,53.41257],[-0.36136,53.41168],[-0.36285,53.41146],[-0.38604,53.41438],[-0.39424,53.41679],[-0.40258,53.41826],[-0.40657,53.4199],[-0.40796,53.42228],[-0.42333,53.43924],[-0.42576,53.44316],[-0.42771,53.44655],[-0.43342,53.45235],[-0.44428,53.4663],[-0.45155,53.48102],[-0.45165,53.48651],[-0.45233,53.49236],[-0.45391,53.50329],[-0.45274,53.51366],[-0.45034,53.51964],[-0.43713,53.53451],[-0.42888,53.54337],[-0.42589,53.54652],[-0.41594,53.55022],[-0.40988,53.55356],[-0.40302,53.55672],[-0.39039,53.5605],[-0.37006,53.5663],[-0.36597,53.56701],[-0.33565,53.57184],[-0.32343,53.57268],[-0.31351,53.57277],[-0.30658,53.57273],[-0.30372,53.57216],[-0.29814,53.57055],[-0.28877,53.56941],[-0.27676,53.56741],[-0.25067,53.5711],[-0.23754,53.56393],[-0.23758,53.56324],[-0.23681,53.5627],[-0.21264,53.54857],[-0.21206,53.54898],[-0.20894,53.53156],[-0.20762,53.52274],[-0.20807,53.52169],[-0.20951,53.52289],[-0.21583,53.50612],[-0.21555,53.50594],[-0.21605,53.50597],[-0.21602,53.506]]]}},{"type":"Feature","properties":{"source_code":"B81034","codes":["B81034"],"label":"LEVEN & BEEFORD MEDICAL PRACTICE"},"geometry":{"type":"Polygon","coordinates":[[[-0.21097,53.82305],[-0.24685,53.80856],[-0.28942,53.82295],[-0.31551,53.8426],[-0.35019,53.8663],[-0.37354,53.92132],[-0.3677,53.95103],[-0.35225,53.97628],[-0.34161,53.99364],[-0.32822,54.00898],[-0.32259,54.01869],[-0.31011,54.02234],[-0.30208,54.02761],[-0.29268,54.03167],[-0.27775,54.03782],[-0.26273,54.04321],[-0.24427,54.04377],[-0.22385,54.03439],[-0.21664,54.01342],[-0.21492,53.99162],[-0.21286,53.94396],[-0.20874,53.85212],[-0.21097,53.82305]]]}},{"type":"Feature","properties":{"source_code":"B81008","codes":["B81008"],"label":"HULL FAMILY PRACTICE"},"geometry":{"type":"Polygon","coordinates":[[[-0.33021,53.77422],[-0.32827,53.77841],[-0.34247,53.78189],[-0.34772,53.79307],[-0.35944,53.79532],[-0.36464,53.80162],[-0.34785,53.80715],[-0.32385,53.81311],[-0.29204,53.78368],[-0.29562,53.78474],[-0.29829,53.78445],[-0.30158,53.78508],[-0.30422,53.78271],[-0.30673,53.78175],[-0.29161,53.78328],[-0.29204,53.78368],[-0.28844,53.78261],[-0.28041,53.7792],[-0.26874,53.78458],[-0.24393,53.78291],[-0.23573,53.78303],[-0.23327,53.7802],[-0.23993,53.77833],[-0.25191,53.77829],[-0.25384,53.77304],[-0.25412,53.76757],[-0.25049,53.762],[-0.2485,53.75505],[-0.24925,53.75074],[-0.26882,53.74775],[-0.28011,53.74809],[-0.28584,53.74811],[-0.30976,53.74658],[-0.30723,53.742],[-0.31697,53.74067],[-0.32395,53.7394],[-0.33105,53.73825],[-0.33147,53.74119],[-0.3292,53.74318],[-0.32899,53.74303],[-0.3277,53.7445],[-0.3292,53.74318],[-0.33205,53.74532],[-0.33147,53.74119],[-0.33187,53.74083],[-0.34334,53.74104],[-0.34654,53.74833],[-0.3303,53.74784],[-0.33043,53.74845],[-0.33277,53.75112],[-0.33229,53.75204],[-0.32985,53.75249],[-0.32869,53.75327],[-0.32875,53.75483],[-0.32955,53.75635],[-0.33075,53.75688],[-0.33207,53.75688],[-0.33359,53.75722],[-0.33495,53.75795],[-0.33598,53.75937],[-0.33579,53.76032],[-0.3347,53.76127],[-0.33343,53.76335],[-0.32616,53.7649],[-0.32758,53.77055],[-0.33021,53.77422]]]}},{"type":"Feature","properties":{"source_code":"C83011","codes":["C83011"],"label":"MILLVIEW MEDICAL CENTRE"},"geometry":{"type":"Polygon","coordinates":[[[-0.47538,53.04796],[-0.38517,53.03613],[-0.27958,53.06507],[-0.2743,53.06332],[-0.26177,53.05543],[-0.23327,53.03806],[-0.20368,53.01309],[-0.19591,52.99586],[-0.18921,52.9905],[-0.1872,52.96974],[-0.29729,52.95523],[-0.3025,52.94544],[-0.3039,52.93807],[-0.31624,52.9165],[-0.40849,52.92617],[-0.40917,52.93033],[-0.41441,52.93937],[-0.41461,52.94385],[-0.41986,52.94236],[-0.43624,52.9614],[-0.44236,52.97694],[-0.46154,52.98078],[-0.47672,52.99263],[-0.49053,53.00132],[-0.49423,53.01235],[-0.49329,53.01817],[-0.48705,53.02638],[-0.47538,53.04796]]]}},{"type":"Feature","properties":{"source_code":"D81629","codes":["D81629"],"label":"WILLOW TREE SURGERY"},"geometry":{"type":"Polygon","coordinates":[[[-0.26547,52.56093],[-0.24929,52.55378],[-0.25019,52.5484],[-0.26229,52.54545],[-0.27539,52.54259],[-0.27546,52.54022],[-0.27648,52.53826],[-0.27551,52.53658],[-0.27558,52.5336],[-0.27778,52.53014],[-0.28454,52.52893],[-0.30942,52.52677],[-0.33895,52.54395],[-0.31766,52.55893],[-0.26547,52.56093]]]}},{"type":"Feature","properties":{"source_code":"C83650","codes":["C83650"],"label":"THE WRAGBY SURGERY"},"geometry":{"type":"MultiPolygon","coordinates":[[[[-0.44784,53.24066],[-0.44788,53.24054],[-0.44792,53.24056],[-0.44786,53.24068],[-0.44784,53.24066]]],[[[-0.37828,53.38601],[-0.33844,53.3882],[-0.33235,53.38643],[-0.2929,53.37979],[-0.26001,53.38023],[-0.25549,53.37879],[-0.21886,53.38297],[-0.20663,53.3853],[-0.19745,53.38635],[-0.18707,53.38783],[-0.17736,53.38794],[-0.16617,53.38605],[-0.14981,53.38637],[-0.12452,53.38458],[-0.12303,53.38364],[-0.12257,53.37678],[-0.11165,53.36426],[-0.11333,53.35763],[-0.11168,53.34738],[-0.10982,53.34204],[-0.10945,53.33963],[-0.10908,53.3306],[-0.08268,53.31169],[-0.07238,53.30636],[-0.07619,53.30336],[-0.08657,53.29301],[-0.09835,53.28543],[-0.10319,53.27957],[-0.10259,53.2759],[-0.08938,53.26426],[-0.08894,53.25694],[-0.09386,53.24925],[-0.10052,53.23656],[-0.10609,53.23116],[-0.10655,53.22065],[-0.12578,53.21639],[-0.13847,53.2047],[-0.16143,53.20186],[-0.18028,53.19161],[-0.18637,53.18913],[-0.20428,53.17829],[-0.22893,53.17088],[-0.2513,53.16344],[-0.28882,53.15713],[-0.33385,53.15274],[-0.36725,53.16183],[-0.37665,53.1647],[-0.38479,53.16899],[-0.38548,53.16952],[-0.38634,53.1701],[-0.38791,53.17131],[-0.39738,53.18241],[-0.39481,53.19014],[-0.39468,53.19731],[-0.39445,53.19845],[-0.40115,53.20254],[-0.40431,53.2047],[-0.4128,53.21827],[-0.41732,53.22601],[-0.41559,53.2265],[-0.41605,53.2334],[-0.41568,53.23433],[-0.42744,53.23563],[-0.42892,53.23417],[-0.43738,53.23473],[-0.44247,53.23687],[-0.44503,53.23829],[-0.44508,53.23896],[-0.44625,53.23882],[-0.44637,53.23889],[-0.44712,53.23879],[-0.44769,53.23921],[-0.44793,53.23936],[-0.44787,53.24008],[-0.4479,53.24049],[-0.44788,53.24054],[-0.44787,53.24054],[-0.4477,53.24052],[-0.44784,53.24066],[-0.44778,53.24082],[-0.44786,53.24068],[-0.44788,53.2407],[-0.44768,53.24142],[-0.44711,53.24217],[-0.44734,53.24221],[-0.44583,53.24426],[-0.43367,53.24771],[-0.44885,53.24922],[-0.44896,53.25157],[-0.45176,53.25309],[-0.45307,53.25368],[-0.46241,53.25777],[-0.44868,53.26448],[-0.45003,53.26678],[-0.44969,53.27078],[-0.45037,53.27453],[-0.44998,53.27866],[-0.45285,53.28367],[-0.45758,53.28605],[-0.45838,53.29157],[-0.45955,53.29341],[-0.46034,53.29542],[-0.46249,53.29799],[-0.45683,53.30018],[-0.45086,53.30707],[-0.43062,53.318],[-0.41725,53.32606],[-0.41368,53.32949],[-0.403,53.33835],[-0.39596,53.34283],[-0.39879,53.34881],[-0.39489,53.35104],[-0.39738,53.36616],[-0.37667,53.36816],[-0.37828,53.38601]]]]}},{"type":"Feature","properties":{"source_code":"B81097","codes":["B81097"],"label":"DELTA HEALTHCARE"},"geometry":{"type":"Polygon","coordinates":[[[-0.29217,53.77225],[-0.2623,53.77428],[-0.31723,53.75155],[-0.31105,53.76505],[-0.29217,53.77225]]]}},{"type":"Feature","properties":{"source_code":"B82037","codes":["B82037"],"label":"FILEY SURGERY"},"geometry":{"type":"Polygon","coordinates":[[[-0.37774,54.23373],[-0.37184,54.23882],[-0.36199,54.24411],[-0.27637,54.21988],[-0.28487,54.20292],[-0.28054,54.19423],[-0.27346,54.18595],[-0.24179,54.16454],[-0.26951,54.15469],[-0.3392,54.15761],[-0.41143,54.20109],[-0.37774,54.23373]]]}},{"type":"Feature","properties":{"source_code":"D81027","codes":["D81027"],"label":"WELLSIDE SURGERY"},"geometry":{"type":"Polygon","coordinates":[[[-0.29346,52.50368],[-0.24359,52.49323],[-0.23861,52.47379],[-0.24445,52.43571],[-0.23535,52.42276],[-0.2223,52.40478],[-0.25749,52.38398],[-0.38529,52.41383],[-0.36783,52.42823],[-0.3869,52.44055],[-0.34404,52.46816],[-0.34621,52.48153],[-0.35319,52.50426],[-0.33053,52.49031],[-0.31371,52.49752],[-0.30114,52.50515],[-0.29346,52.50368]]]}},{"type":"Feature","properties":{"source_code":"C83030","codes":["C83030"],"label":"BILLINGHAY MEDICAL PRACTICE"},"geometry":{"type":"Polygon","coordinates":[[[-0.4113,53.11048],[-0.40655,53.11146],[-0.39989,53.11164],[-0.39279,53.11086],[-0.38468,53.10992],[-0.37748,53.10878],[-0.37371,53.10839],[-0.37071,53.10876],[-0.36887,53.11192],[-0.36608,53.11271],[-0.3595,53.11068],[-0.35385,53.11122],[-0.35081,53.11284],[-0.34654,53.11327],[-0.34505,53.11318],[-0.34229,53.11334],[-0.34108,53.11478],[-0.34326,53.11792],[-0.344,53.11966],[-0.34669,53.12121],[-0.348,53.1231],[-0.33639,53.12632],[-0.33489,53.12651],[-0.32836,53.12884],[-0.3185,53.12842],[-0.31398,53.12649],[-0.30807,53.12496],[-0.30543,53.12492],[-0.29569,53.12713],[-0.29169,53.12652],[-0.22839,53.1267],[-0.22607,53.12438],[-0.22512,53.1223],[-0.22623,53.12059],[-0.22538,53.11885],[-0.22435,53.11607],[-0.22393,53.11509],[-0.22274,53.11335],[-0.22308,53.11066],[-0.21991,53.10667],[-0.21892,53.10569],[-0.2191,53.10403],[-0.21965,53.1019],[-0.21932,53.09865],[-0.21867,53.09781],[-0.21919,53.0963],[-0.21674,53.09439],[-0.21492,53.09133],[-0.21375,53.08917],[-0.21135,53.08878],[-0.20865,53.08743],[-0.20492,53.08606],[-0.20115,53.0858],[-0.1972,53.08415],[-0.19602,53.08213],[-0.19618,53.08102],[-0.19824,53.07843],[-0.19919,53.07761],[-0.198,53.07587],[-0.19721,53.07282],[-0.1963,53.0699],[-0.19926,53.07043],[-0.20363,53.07015],[-0.20637,53.07054],[-0.21062,53.07032],[-0.21148,53.06902],[-0.21131,53.06764],[-0.21292,53.06469],[-0.21432,53.0558],[-0.21424,53.05227],[-0.2145,53.04868],[-0.21415,53.04612],[-0.21438,53.04322],[-0.22073,53.03952],[-0.23271,53.0352],[-0.23775,53.03258],[-0.24309,53.03094],[-0.24625,53.02939],[-0.25178,53.02858],[-0.25965,53.02952],[-0.27903,53.03498],[-0.28516,53.03659],[-0.29218,53.03587],[-0.30049,53.03446],[-0.30383,53.03403],[-0.30862,53.03168],[-0.31155,53.03006],[-0.31296,53.02932],[-0.31546,53.0297],[-0.31712,53.03125],[-0.32172,53.03387],[-0.32487,53.03543],[-0.32956,53.03578],[-0.33414,53.03577],[-0.34047,53.03517],[-0.34924,53.03377],[-0.35226,53.03872],[-0.35257,53.03969],[-0.35171,53.04113],[-0.35341,53.04461],[-0.35393,53.04606],[-0.35649,53.05094],[-0.36743,53.05288],[-0.37075,53.053],[-0.37232,53.05385],[-0.38154,53.05273],[-0.38545,53.05258],[-0.39017,53.05188],[-0.39681,53.05238],[-0.39753,53.05454],[-0.398,53.05731],[-0.39724,53.0593],[-0.39553,53.06218],[-0.39566,53.06481],[-0.39608,53.06882],[-0.39614,53.0702],[-0.39585,53.07186],[-0.39461,53.0744],[-0.39316,53.07652],[-0.39295,53.07894],[-0.39247,53.08252],[-0.39214,53.08535],[-0.39334,53.08689],[-0.39444,53.09126],[-0.39782,53.0931],[-0.3984,53.09594],[-0.39992,53.09831],[-0.40273,53.10305],[-0.40456,53.10625],[-0.40627,53.10676],[-0.41187,53.10745],[-0.41331,53.10878],[-0.4113,53.11048]]]}},{"type":"Feature","properties":{"source_code":"D81615","codes":["D81615"],"label":"THORPE ROAD"},"geometry":{"type":"Polygon","coordinates":[[[-0.29959,52.5703],[-0.29856,52.57447],[-0.29547,52.57802],[-0.29067,52.58094],[-0.28415,52.58428],[-0.279,52.58616],[-0.27214,52.58803],[-0.26528,52.58949],[-0.25841,52.5897],[-0.25258,52.58887],[-0.25086,52.58616],[-0.24984,52.58344],[-0.24949,52.57906],[-0.25224,52.57552],[-0.25498,52.57134],[-0.25738,52.56863],[-0.25704,52.56404],[-0.25155,52.56112],[-0.24846,52.55945],[-0.24675,52.55486],[-0.25189,52.5536],[-0.25773,52.55402],[-0.26493,52.55444],[-0.26974,52.5559],[-0.27454,52.55694],[-0.27935,52.5582],[-0.28381,52.55986],[-0.28895,52.56195],[-0.29376,52.56446],[-0.29753,52.56717],[-0.29959,52.5703]]]}},{"type":"Feature","properties":{"source_code":"D81073","codes":["D81073"],"label":"WESTWOOD CLINIC"},"geometry":{"type":"Polygon","coordinates":[[[-0.31036,52.66556],[-0.09132,52.62848],[-0.10506,52.56195],[-0.22934,52.50535],[-0.35809,52.55256],[-0.49644,52.5655],[-0.31036,52.66556]]]}},{"type":"Feature","properties":{"source_code":"B81040","codes":["B81040"],"label":"DR JAD WEIR & PARTNERS"},"geometry":{"type":"Polygon","coordinates":[[[-0.33577,53.80308],[-0.33788,53.80188],[-0.3344,53.80288],[-0.33234,53.80166],[-0.33131,53.80055],[-0.32907,53.79964],[-0.33096,53.79933],[-0.33161,53.79919],[-0.33074,53.79816],[-0.32993,53.79842],[-0.31097,53.79403],[-0.31036,53.79416],[-0.30556,53.79477],[-0.30396,53.79241],[-0.28499,53.78801],[-0.25028,53.80329],[-0.21938,53.79132],[-0.22968,53.7757],[-0.23071,53.77562],[-0.23552,53.74506],[-0.24033,53.73937],[-0.25131,53.73125],[-0.26985,53.73937],[-0.28427,53.74221],[-0.29686,53.74197],[-0.30384,53.74059],[-0.3087,53.74219],[-0.33234,53.73836],[-0.32856,53.74668],[-0.32616,53.74749],[-0.32101,53.7481],[-0.32041,53.74851],[-0.33062,53.74871],[-0.3289,53.75115],[-0.32993,53.75805],[-0.33268,53.76048],[-0.33131,53.76373],[-0.32753,53.76272],[-0.32787,53.76779],[-0.32993,53.77083],[-0.33783,53.77144],[-0.33955,53.77347],[-0.33886,53.77631],[-0.34744,53.77631],[-0.34676,53.77996],[-0.34847,53.78362],[-0.34779,53.78767],[-0.35706,53.79173],[-0.35946,53.79376],[-0.35362,53.79355],[-0.35152,53.79355],[-0.35215,53.79382],[-0.35225,53.79376],[-0.3525,53.79397],[-0.35294,53.79416],[-0.35281,53.79423],[-0.35534,53.79639],[-0.35946,53.79578],[-0.36427,53.79964],[-0.36255,53.80349],[-0.35259,53.80572],[-0.3495,53.8041],[-0.34023,53.80349],[-0.33577,53.80308]],[[-0.34709,53.79668],[-0.34999,53.79355],[-0.34991,53.79355],[-0.34705,53.7967],[-0.34709,53.79668]],[[-0.34671,53.79393],[-0.3485,53.79355],[-0.34744,53.79355],[-0.34677,53.7937],[-0.34671,53.79393]],[[-0.31977,53.74906],[-0.32013,53.7487],[-0.31969,53.749],[-0.31977,53.74906]]]}},{"type":"Feature","properties":{"source_code":"D81630","codes":["D81630"],"label":"HAMPTON MEDICAL CENTRE"},"geometry":{"type":"Polygon","coordinates":[[[-0.30384,52.53648],[-0.26436,52.5465],[-0.27706,52.56091],[-0.25801,52.56602],[-0.24307,52.56696],[-0.24153,52.54703],[-0.24273,52.5275],[-0.25629,52.52249],[-0.27054,52.51998],[-0.28994,52.52468],[-0.30384,52.53648]]]}},{"type":"Feature","properties":{"source_code":"D81645","codes":["D81645"],"label":"THE GRANGE MEDICAL CENTRE"},"geometry":{"type":"Polygon","coordinates":[[[-0.28255,52.54212],[-0.29972,52.5559],[-0.29491,52.57426],[-0.31792,52.57218],[-0.28702,52.60326],[-0.27706,52.60993],[-0.24891,52.61493],[-0.20908,52.59783],[-0.23243,52.56487],[-0.2441,52.56592],[-0.27672,52.55799],[-0.25372,52.54045],[-0.26779,52.52813],[-0.28255,52.54212]]]}},{"type":"Feature","properties":{"source_code":"Y00486","codes":["Y00486"],"label":"BOTOLPH BRIDGE COMMUNITY HEALTH CENTRE"},"geometry":{"type":"Polygon","coordinates":[[[-0.03021,52.61889],[-0.02197,52.60305],[-0.16754,52.56884],[-0.1799,52.5463],[-0.29938,52.51371],[-0.36942,52.55715],[-0.39413,52.57468],[-0.52048,52.56967],[-0.504,52.60889],[-0.52048,52.63806],[-0.35156,52.66639],[-0.23483,52.6489],[-0.05768,52.67721],[-0.03021,52.61889]]]}},{"type":"Feature","properties":{"source_code":"B81648","codes":["B81648"],"label":"THE KILLINGHOLME SURGERY"},"geometry":{"type":"Polygon","coordinates":[[[-0.34538,53.62998],[-0.35491,53.66717],[-0.27655,53.66061],[-0.20016,53.62163],[-0.16479,53.57294],[-0.2932,53.60677],[-0.33852,53.61654],[-0.34538,53.62998]]]}},{"type":"Feature","properties":{"source_code":"B81635","codes":["B81635"],"label":"LAURBEL SURGERY"},"geometry":{"type":"MultiPolygon","coordinates":[[[[-0.25949,53.78892],[-0.25955,53.78907],[-0.25942,53.78942],[-0.25949,53.78892]]],[[[-0.25949,53.78892],[-0.2592,53.78825],[-0.25919,53.78827],[-0.25942,53.78884],[-0.25909,53.78846],[-0.25681,53.79274],[-0.24582,53.80268],[-0.1902,53.79295],[-0.19089,53.7757],[-0.20119,53.75845],[-0.22969,53.7759],[-0.26642,53.77469],[-0.25955,53.7876],[-0.25955,53.78767],[-0.25955,53.78775],[-0.25955,53.7882],[-0.25955,53.78879],[-0.25952,53.78859],[-0.25951,53.78876],[-0.25949,53.78892]]],[[[-0.24839,53.82123],[-0.24616,53.80359],[-0.27157,53.80542],[-0.27946,53.82295],[-0.28908,53.83501],[-0.26796,53.83804],[-0.26436,53.83845],[-0.24908,53.82224],[-0.24839,53.82123]]]]}},{"type":"Feature","properties":{"source_code":"D81004","codes":["D81004"],"label":"ALCONBURY SURGERY"},"geometry":{"type":"Polygon","coordinates":[[[-0.18067,52.39807],[-0.17896,52.39786],[-0.17655,52.39776],[-0.17715,52.39661],[-0.17698,52.39524],[-0.17715,52.3943],[-0.17467,52.39299],[-0.17243,52.39226],[-0.17037,52.39063],[-0.16952,52.38985],[-0.17295,52.38765],[-0.17055,52.38671],[-0.16814,52.38513],[-0.16634,52.3843],[-0.16325,52.38372],[-0.16188,52.38299],[-0.1587,52.38231],[-0.15913,52.38141],[-0.16179,52.37911],[-0.16557,52.37659],[-0.16677,52.37544],[-0.17218,52.37387],[-0.17758,52.37204],[-0.17647,52.37162],[-0.17621,52.36973],[-0.1763,52.36769],[-0.17647,52.36627],[-0.17827,52.36402],[-0.1787,52.36349],[-0.17776,52.36265],[-0.17939,52.35988],[-0.18316,52.35715],[-0.18299,52.35558],[-0.18213,52.35364],[-0.18608,52.35348],[-0.19046,52.33634],[-0.19252,52.32863],[-0.19338,52.32647],[-0.20385,52.32112],[-0.21106,52.31766],[-0.21149,52.31268],[-0.21372,52.3089],[-0.21629,52.30585],[-0.21707,52.30444],[-0.24367,52.30318],[-0.24565,52.30344],[-0.24539,52.30638],[-0.24324,52.31011],[-0.24359,52.3131],[-0.2453,52.3143],[-0.25234,52.3131],[-0.25715,52.31184],[-0.26393,52.31331],[-0.26556,52.31268],[-0.26728,52.31231],[-0.26822,52.31152],[-0.27148,52.31084],[-0.2738,52.31079],[-0.27646,52.31],[-0.27964,52.30864],[-0.28384,52.30869],[-0.28633,52.30963],[-0.28925,52.30953],[-0.29054,52.30932],[-0.29148,52.30869],[-0.29397,52.30853],[-0.29586,52.30648],[-0.29689,52.30722],[-0.29775,52.30816],[-0.29895,52.30806],[-0.30024,52.30874],[-0.30212,52.30953],[-0.30384,52.31011],[-0.30521,52.31011],[-0.30787,52.31005],[-0.30951,52.31005],[-0.31054,52.31047],[-0.31414,52.30958],[-0.31826,52.31005],[-0.32006,52.3111],[-0.31989,52.31231],[-0.32195,52.31336],[-0.32393,52.3153],[-0.32367,52.31729],[-0.32616,52.31882],[-0.32959,52.32102],[-0.33319,52.32244],[-0.33345,52.32459],[-0.33062,52.32616],[-0.32933,52.32716],[-0.32873,52.32763],[-0.33534,52.32952],[-0.33603,52.32978],[-0.33397,52.33135],[-0.34521,52.33419],[-0.34761,52.33497],[-0.34719,52.33586],[-0.34744,52.33639],[-0.35113,52.33759],[-0.36976,52.3452],[-0.36615,52.34965],[-0.37637,52.35228],[-0.38744,52.35427],[-0.40495,52.35941],[-0.40555,52.35951],[-0.40598,52.35967],[-0.41001,52.36113],[-0.40976,52.36213],[-0.41156,52.36197],[-0.41499,52.36255],[-0.41868,52.36459],[-0.41954,52.36501],[-0.41293,52.37906],[-0.40744,52.37948],[-0.40306,52.37948],[-0.40074,52.37969],[-0.39903,52.38068],[-0.38675,52.39252],[-0.38469,52.39215],[-0.38135,52.39723],[-0.38012,52.399],[-0.37804,52.40004],[-0.37268,52.402],[-0.37688,52.4054],[-0.37778,52.40697],[-0.37766,52.40834],[-0.37817,52.40891],[-0.3783,52.40938],[-0.37877,52.40964],[-0.38212,52.41122],[-0.38401,52.41436],[-0.38418,52.41483],[-0.3816,52.41608],[-0.37319,52.41671],[-0.36796,52.41357],[-0.3677,52.41226],[-0.35216,52.41896],[-0.35294,52.42027],[-0.35311,52.42148],[-0.33998,52.42645],[-0.33809,52.4242],[-0.33671,52.42294],[-0.33543,52.42179],[-0.33122,52.41954],[-0.32933,52.41823],[-0.32882,52.41729],[-0.32873,52.41635],[-0.32538,52.41483],[-0.32607,52.41368],[-0.32161,52.41247],[-0.31989,52.41389],[-0.31611,52.41226],[-0.31414,52.4109],[-0.31199,52.41148],[-0.31054,52.40813],[-0.31088,52.40635],[-0.30487,52.4054],[-0.30367,52.40488],[-0.30092,52.40362],[-0.29715,52.40247],[-0.29612,52.40216],[-0.28899,52.40493],[-0.28805,52.40598],[-0.28599,52.40682],[-0.28427,52.40771],[-0.2829,52.41237],[-0.28007,52.41614],[-0.27801,52.41792],[-0.27423,52.41949],[-0.27174,52.42132],[-0.26968,52.42278],[-0.26668,52.42289],[-0.26067,52.42095],[-0.25681,52.41985],[-0.2532,52.41771],[-0.25148,52.41823],[-0.24487,52.41797],[-0.24007,52.41729],[-0.23827,52.41692],[-0.23715,52.41425],[-0.23526,52.41315],[-0.23243,52.41211],[-0.23037,52.41069],[-0.22797,52.4097],[-0.21973,52.41478],[-0.21123,52.41436],[-0.20445,52.41006],[-0.20831,52.40807],[-0.20702,52.40608],[-0.20651,52.40514],[-0.20634,52.40294],[-0.2017,52.40169],[-0.19973,52.4019],[-0.19878,52.40216],[-0.19406,52.40205],[-0.19243,52.40163],[-0.1914,52.40247],[-0.18934,52.40158],[-0.18574,52.40006],[-0.18351,52.40069],[-0.18033,52.40064],[-0.17913,52.40001],[-0.18067,52.39807]]]}},{"type":"Feature","properties":{"source_code":"D81625","codes":["D81625"],"label":"THISTLEMOOR MEDICAL CENTRE"},"geometry":{"type":"Polygon","coordinates":[[[-0.25552,52.58746],[-0.25621,52.58905],[-0.25733,52.59205],[-0.26235,52.59818],[-0.2696,52.60352],[-0.2655,52.60476],[-0.26316,52.60862],[-0.25887,52.60526],[-0.25058,52.6018],[-0.2493,52.60246],[-0.24829,52.60338],[-0.24702,52.60362],[-0.24591,52.60226],[-0.24951,52.60148],[-0.24724,52.59852],[-0.24531,52.59588],[-0.24402,52.59175],[-0.24818,52.58851],[-0.25213,52.58811],[-0.25509,52.58781],[-0.25552,52.58746]]]}},{"type":"Feature","properties":{"source_code":"D81045","codes":["D81045"],"label":"BUCKDEN SURGERY"},"geometry":{"type":"MultiPolygon","coordinates":[[[[-0.24417,52.24393],[-0.24228,52.24428],[-0.25022,52.24239],[-0.24417,52.24393]]],[[[-0.24228,52.24428],[-0.24227,52.24428],[-0.24013,52.24496],[-0.2354,52.24617],[-0.23517,52.24655],[-0.23501,52.2466],[-0.23233,52.25126],[-0.22881,52.25709],[-0.2306,52.25218],[-0.23513,52.24558],[-0.24228,52.24428]]],[[[-0.34985,52.34568],[-0.34476,52.34427],[-0.34346,52.34386],[-0.34211,52.34329],[-0.33967,52.34218],[-0.33488,52.33994],[-0.32435,52.33676],[-0.31272,52.33626],[-0.30704,52.33561],[-0.30264,52.3346],[-0.27037,52.33193],[-0.25333,52.33311],[-0.2496,52.3324],[-0.16874,52.25933],[-0.18273,52.24467],[-0.22872,52.25753],[-0.23233,52.25126],[-0.23517,52.24655],[-0.24013,52.24496],[-0.24417,52.24393],[-0.25105,52.24268],[-0.28324,52.24236],[-0.29191,52.24323],[-0.29667,52.24335],[-0.30058,52.24494],[-0.27002,52.26501],[-0.3386,52.27803],[-0.33638,52.2813],[-0.3345,52.28362],[-0.33347,52.28416],[-0.33109,52.2886],[-0.32665,52.29105],[-0.31938,52.29181],[-0.31809,52.29209],[-0.31489,52.29157],[-0.31504,52.29095],[-0.29813,52.30819],[-0.30045,52.32049],[-0.33216,52.33146],[-0.34985,52.34568]]]]}},{"type":"Feature","properties":{"source_code":"D81031","codes":["D81031"],"label":"YAXLEY GROUP PRACTICE"},"geometry":{"type":"MultiPolygon","coordinates":[[[[-0.25101,52.53878],[-0.25103,52.53878],[-0.25103,52.53878],[-0.25101,52.53878]]],[[[-0.25103,52.53878],[-0.25108,52.53879],[-0.25104,52.53878],[-0.25105,52.53878],[-0.25103,52.53878],[-0.25102,52.53878],[-0.25103,52.53877],[-0.25176,52.53895],[-0.25219,52.53908],[-0.25111,52.53883],[-0.25106,52.53883],[-0.25103,52.53878]]],[[[-0.25219,52.53908],[-0.25277,52.53921],[-0.25287,52.53925],[-0.25264,52.53921],[-0.25219,52.53908]]],[[[-0.25287,52.53925],[-0.25307,52.53929],[-0.25386,52.53961],[-0.25404,52.53973],[-0.25287,52.53925]]],[[[-0.25404,52.53973],[-0.25405,52.53973],[-0.25406,52.53974],[-0.25404,52.53973]]],[[[-0.25406,52.53974],[-0.25418,52.53981],[-0.25412,52.53979],[-0.25406,52.53974]]],[[[-0.25418,52.53981],[-0.25527,52.54024],[-0.25458,52.54006],[-0.25418,52.53981]]],[[[-0.2854,52.54082],[-0.28441,52.54117],[-0.28496,52.54094],[-0.2854,52.54082]]],[[[-0.28087,52.54201],[-0.28447,52.54107],[-0.28154,52.54218],[-0.28441,52.54117],[-0.28215,52.54213],[-0.27963,52.54313],[-0.27606,52.54341],[-0.27612,52.54339],[-0.27965,52.54277],[-0.27697,52.54311],[-0.27719,52.54304],[-0.27677,52.54314],[-0.2767,52.54315],[-0.28087,52.54201]]],[[[-0.27723,52.44837],[-0.27929,52.45444],[-0.29646,52.45256],[-0.31242,52.45381],[-0.32169,52.46082],[-0.32015,52.46699],[-0.32221,52.47097],[-0.36452,52.47342],[-0.37148,52.47468],[-0.37474,52.4764],[-0.37414,52.4797],[-0.36916,52.49187],[-0.34658,52.54515],[-0.32796,52.55392],[-0.32101,52.55517],[-0.31543,52.55318],[-0.31779,52.54781],[-0.31971,52.54552],[-0.32066,52.54406],[-0.32136,52.54211],[-0.32237,52.53757],[-0.31942,52.53368],[-0.31887,52.53389],[-0.3189,52.5338],[-0.31863,52.53398],[-0.31887,52.53389],[-0.31884,52.53399],[-0.30419,52.53643],[-0.30635,52.53603],[-0.295,52.53796],[-0.30419,52.53643],[-0.29215,52.53866],[-0.29075,52.53907],[-0.28947,52.53959],[-0.28614,52.54063],[-0.2854,52.54082],[-0.28612,52.54057],[-0.28529,52.5408],[-0.28625,52.54039],[-0.28489,52.54091],[-0.28087,52.54201],[-0.27631,52.5432],[-0.27536,52.54332],[-0.27536,52.54336],[-0.27479,52.54351],[-0.27458,52.54353],[-0.27267,52.54382],[-0.272,52.54427],[-0.27479,52.54351],[-0.27512,52.54349],[-0.275,52.54354],[-0.27524,52.54348],[-0.27533,52.54347],[-0.27532,52.54348],[-0.27538,52.54347],[-0.2756,52.54345],[-0.27523,52.54355],[-0.27596,52.54342],[-0.27606,52.54341],[-0.27498,52.54377],[-0.27374,52.54426],[-0.27127,52.5446],[-0.2704,52.54463],[-0.26932,52.54493],[-0.26823,52.54498],[-0.26694,52.54541],[-0.26573,52.54571],[-0.26531,52.54537],[-0.26486,52.54491],[-0.26447,52.54467],[-0.26389,52.54412],[-0.26344,52.54392],[-0.2628,52.54353],[-0.26228,52.54328],[-0.26103,52.54278],[-0.26012,52.5423],[-0.25884,52.54201],[-0.25774,52.54176],[-0.25711,52.5413],[-0.25642,52.54077],[-0.25522,52.54018],[-0.25495,52.54003],[-0.25471,52.54],[-0.25405,52.53973],[-0.25397,52.53966],[-0.25404,52.53969],[-0.25452,52.53988],[-0.25448,52.53985],[-0.25405,52.53961],[-0.25453,52.53981],[-0.2537,52.53943],[-0.25365,52.53939],[-0.25359,52.53938],[-0.25356,52.53937],[-0.25317,52.53919],[-0.2534,52.53933],[-0.25316,52.53926],[-0.25291,52.53922],[-0.25298,52.53925],[-0.25176,52.53895],[-0.25107,52.53875],[-0.25109,52.53874],[-0.25104,52.53874],[-0.25101,52.53873],[-0.25097,52.53874],[-0.2509,52.53874],[-0.25095,52.53875],[-0.25094,52.53876],[-0.25102,52.53878],[-0.25101,52.53878],[-0.25091,52.53877],[-0.25099,52.53878],[-0.25101,52.53878],[-0.25087,52.53879],[-0.24977,52.53878],[-0.24892,52.53884],[-0.24871,52.53888],[-0.24855,52.53889],[-0.24839,52.53897],[-0.24838,52.53896],[-0.24839,52.53896],[-0.24827,52.5389],[-0.24814,52.53883],[-0.24806,52.5388],[-0.24795,52.53876],[-0.24774,52.5387],[-0.24769,52.53869],[-0.24753,52.53864],[-0.24753,52.53864],[-0.24753,52.53864],[-0.24753,52.53864],[-0.24752,52.53864],[-0.24769,52.53869],[-0.24771,52.53869],[-0.24806,52.5388],[-0.24827,52.5389],[-0.24838,52.53896],[-0.2479,52.53907],[-0.24742,52.53947],[-0.24693,52.53998],[-0.23211,52.54899],[-0.22755,52.55249],[-0.22821,52.54923],[-0.22874,52.54309],[-0.22968,52.54022],[-0.19606,52.53104],[-0.16631,52.50631],[-0.1662,52.48767],[-0.17536,52.46861],[-0.27723,52.44837]]],[[[-0.25097,52.53874],[-0.25104,52.53874],[-0.25107,52.53875],[-0.25103,52.53877],[-0.25095,52.53875],[-0.25097,52.53874]]],[[[-0.25103,52.53878],[-0.25101,52.53878],[-0.25101,52.53878],[-0.25103,52.53878]]],[[[-0.25103,52.53878],[-0.25103,52.53878],[-0.25104,52.53878],[-0.25103,52.53878],[-0.25103,52.53878]]],[[[-0.2533,52.53933],[-0.25307,52.53929],[-0.25298,52.53925],[-0.2533,52.53933]]],[[[-0.2533,52.53933],[-0.2534,52.53934],[-0.25335,52.53934],[-0.2533,52.53933]]],[[[-0.2534,52.53934],[-0.25343,52.53935],[-0.25343,52.53935],[-0.2534,52.53934]]],[[[-0.25343,52.53935],[-0.2534,52.53933],[-0.25348,52.53935],[-0.25343,52.53935]]],[[[-0.25353,52.53937],[-0.25348,52.53935],[-0.25354,52.53936],[-0.25356,52.53937],[-0.25358,52.53938],[-0.25353,52.53937]]],[[[-0.25362,52.5394],[-0.25358,52.53938],[-0.25359,52.53938],[-0.25367,52.53941],[-0.25362,52.5394]]],[[[-0.25351,52.5394],[-0.25343,52.53935],[-0.25353,52.53937],[-0.25362,52.5394],[-0.2537,52.53943],[-0.25376,52.53948],[-0.25375,52.53948],[-0.25346,52.53936],[-0.25365,52.53945],[-0.25351,52.5394]]],[[[-0.25376,52.53948],[-0.25376,52.53948],[-0.25377,52.53949],[-0.25377,52.53949],[-0.25376,52.53948]]],[[[-0.25378,52.5395],[-0.2538,52.53952],[-0.25378,52.5395],[-0.25378,52.5395]]],[[[-0.25378,52.5395],[-0.25377,52.53949],[-0.25387,52.53953],[-0.25378,52.5395]]],[[[-0.25351,52.5394],[-0.25379,52.53957],[-0.2534,52.53936],[-0.25351,52.5394]]],[[[-0.25387,52.53953],[-0.254,52.53958],[-0.25405,52.53961],[-0.25387,52.53953]]],[[[-0.25379,52.53957],[-0.25389,52.53963],[-0.25386,52.53961],[-0.25379,52.53957]]],[[[-0.25394,52.53965],[-0.2538,52.53952],[-0.25397,52.53966],[-0.25394,52.53965]]],[[[-0.25389,52.53963],[-0.25394,52.53965],[-0.25395,52.53966],[-0.25389,52.53963]]],[[[-0.28489,52.54091],[-0.28529,52.5408],[-0.28496,52.54094],[-0.28447,52.54107],[-0.28489,52.54091]]],[[[-0.27537,52.54338],[-0.27536,52.54336],[-0.27547,52.54333],[-0.27537,52.54338]]],[[[-0.2765,52.5432],[-0.27677,52.54314],[-0.27697,52.54311],[-0.27612,52.54339],[-0.27596,52.54342],[-0.2756,52.54345],[-0.2765,52.5432]]],[[[-0.27535,52.54345],[-0.27631,52.5432],[-0.2767,52.54315],[-0.2765,52.5432],[-0.27538,52.54347],[-0.27533,52.54347],[-0.27535,52.54345]]],[[[-0.27537,52.54338],[-0.27537,52.54342],[-0.27535,52.54345],[-0.27524,52.54348],[-0.27512,52.54349],[-0.27537,52.54338]]],[[[-0.25373,52.53948],[-0.25371,52.53948],[-0.25365,52.53945],[-0.25373,52.53948]]],[[[-0.25373,52.53948],[-0.25375,52.53948],[-0.25377,52.53949],[-0.25378,52.5395],[-0.25373,52.53948]]]]}},{"type":"Feature","properties":{"source_code":"D81631","codes":["D81631"],"label":"CENTRAL MEDICAL CENTRE"},"geometry":{"type":"Polygon","coordinates":[[[-0.21904,52.58052],[-0.22591,52.57468],[-0.20256,52.5897],[-0.20462,52.57844],[-0.21011,52.57426],[-0.23964,52.56675],[-0.25063,52.56675],[-0.24932,52.56887],[-0.25397,52.57037],[-0.26735,52.56808],[-0.28073,52.5614],[-0.29446,52.57204],[-0.28657,52.57643],[-0.28211,52.58623],[-0.27971,52.5927],[-0.26186,52.59853],[-0.24907,52.56928],[-0.24651,52.57343],[-0.28152,52.6339],[-0.26917,52.62973],[-0.26436,52.62056],[-0.25475,52.61806],[-0.23895,52.61097],[-0.22659,52.60472],[-0.21835,52.60013],[-0.21011,52.59554],[-0.21561,52.5872],[-0.21904,52.58052]]]}},{"type":"Feature","properties":{"source_code":"D81026","codes":["D81026"],"label":"BOROUGHBURY MEDICAL CENTRE"},"geometry":{"type":"MultiPolygon","coordinates":[[[[-0.31119,52.55133],[-0.31078,52.55104],[-0.31161,52.55159],[-0.31119,52.55133]]],[[[-0.31161,52.55159],[-0.3123,52.55204],[-0.31228,52.55205],[-0.31161,52.55159]]],[[[-0.31225,52.55206],[-0.31228,52.55205],[-0.31229,52.55205],[-0.31226,52.55206],[-0.31225,52.55206]]],[[[-0.31228,52.55208],[-0.31232,52.55206],[-0.31228,52.55208],[-0.31228,52.55208]]],[[[-0.3114,52.55241],[-0.31226,52.55206],[-0.31228,52.55208],[-0.31106,52.55255],[-0.3114,52.55241]]],[[[-0.30981,52.55306],[-0.31081,52.55269],[-0.30978,52.55307],[-0.30981,52.55306]]],[[[-0.31091,52.55261],[-0.31106,52.55255],[-0.30981,52.55306],[-0.30948,52.55318],[-0.31091,52.55261]]],[[[-0.30978,52.55307],[-0.30935,52.55325],[-0.30805,52.55373],[-0.30928,52.55326],[-0.30978,52.55307]]],[[[-0.30754,52.55391],[-0.30805,52.55373],[-0.30791,52.55378],[-0.30747,52.55394],[-0.30754,52.55391]]],[[[-0.30685,52.55417],[-0.3069,52.55415],[-0.30747,52.55394],[-0.3064,52.55436],[-0.30644,52.55431],[-0.30646,52.55431],[-0.30685,52.55417]]],[[[-0.3064,52.55436],[-0.30632,52.55445],[-0.304,52.55529],[-0.3064,52.55436]]],[[[-0.20961,52.59903],[-0.20961,52.59904],[-0.2096,52.59909],[-0.20959,52.59909],[-0.20961,52.59903]]],[[[-0.20959,52.59909],[-0.20957,52.59914],[-0.20944,52.59914],[-0.20944,52.59915],[-0.20931,52.5991],[-0.20959,52.59909]]],[[[-0.20944,52.59915],[-0.20951,52.59918],[-0.20946,52.59919],[-0.20944,52.59915]]],[[[-0.20946,52.59919],[-0.20946,52.59919],[-0.20944,52.59919],[-0.20946,52.59919]]],[[[-0.20946,52.59919],[-0.20952,52.59919],[-0.20954,52.59919],[-0.20955,52.59919],[-0.20954,52.5992],[-0.20948,52.59921],[-0.20954,52.59922],[-0.2095,52.59931],[-0.20946,52.59919]]],[[[-0.22989,52.60585],[-0.22985,52.60586],[-0.22985,52.60584],[-0.22989,52.60585]]],[[[-0.22985,52.60586],[-0.22986,52.60593],[-0.22947,52.60589],[-0.22985,52.60586]]],[[[-0.29114,52.62056],[-0.28775,52.62411],[-0.28667,52.62557],[-0.28542,52.6272],[-0.28411,52.6286],[-0.27994,52.63292],[-0.2747,52.63127],[-0.26959,52.62801],[-0.26625,52.62254],[-0.25749,52.61993],[-0.24875,52.61496],[-0.24077,52.61485],[-0.23322,52.61307],[-0.23527,52.60798],[-0.22989,52.60585],[-0.22994,52.60585],[-0.22132,52.60121],[-0.20954,52.59922],[-0.20954,52.5992],[-0.20957,52.5992],[-0.20957,52.5992],[-0.20957,52.5992],[-0.20958,52.5992],[-0.20956,52.59921],[-0.20958,52.5992],[-0.20964,52.59919],[-0.20959,52.59919],[-0.20963,52.59916],[-0.20964,52.59916],[-0.20972,52.59921],[-0.20975,52.59914],[-0.20975,52.59914],[-0.20975,52.59914],[-0.20975,52.59913],[-0.20981,52.59912],[-0.20975,52.59913],[-0.20977,52.59909],[-0.20974,52.59908],[-0.20979,52.59903],[-0.20973,52.59908],[-0.20969,52.59906],[-0.20972,52.59902],[-0.20968,52.59906],[-0.20961,52.59904],[-0.20961,52.59903],[-0.20961,52.59903],[-0.20801,52.59849],[-0.20554,52.59809],[-0.20418,52.59739],[-0.20318,52.59634],[-0.20291,52.59487],[-0.20321,52.59375],[-0.20436,52.59283],[-0.20561,52.59085],[-0.2057,52.59027],[-0.20445,52.58982],[-0.20411,52.58928],[-0.20351,52.58596],[-0.20357,52.58239],[-0.20373,52.57979],[-0.20686,52.57627],[-0.20321,52.5749],[-0.20387,52.57465],[-0.20714,52.57594],[-0.20955,52.57361],[-0.20751,52.57266],[-0.20797,52.57265],[-0.20993,52.57333],[-0.21069,52.57272],[-0.20854,52.57161],[-0.20883,52.57135],[-0.20907,52.57149],[-0.21105,52.57248],[-0.21127,52.57241],[-0.20689,52.57026],[-0.20683,52.57004],[-0.20706,52.57006],[-0.20929,52.57097],[-0.21175,52.57214],[-0.21217,52.572],[-0.2122,52.5717],[-0.21257,52.57188],[-0.21314,52.57159],[-0.21534,52.571],[-0.21501,52.56988],[-0.2177,52.56973],[-0.2167,52.56906],[-0.21516,52.56926],[-0.21362,52.56927],[-0.21347,52.56671],[-0.22016,52.56657],[-0.22041,52.5683],[-0.21893,52.56845],[-0.22153,52.57089],[-0.21979,52.57086],[-0.21819,52.57081],[-0.21817,52.57062],[-0.2182,52.56978],[-0.21801,52.56949],[-0.21817,52.57062],[-0.21816,52.57081],[-0.21819,52.57081],[-0.2182,52.57085],[-0.22157,52.57093],[-0.22153,52.57089],[-0.22263,52.57091],[-0.22266,52.56993],[-0.22076,52.56962],[-0.22021,52.56946],[-0.22024,52.56937],[-0.22065,52.56946],[-0.22112,52.56962],[-0.22174,52.56973],[-0.22267,52.56984],[-0.2227,52.56916],[-0.22289,52.56915],[-0.22288,52.56948],[-0.22282,52.56995],[-0.2228,52.57092],[-0.224,52.57096],[-0.22498,52.57096],[-0.22492,52.56975],[-0.22558,52.56994],[-0.22571,52.57032],[-0.22676,52.57038],[-0.22683,52.56902],[-0.22871,52.56849],[-0.23045,52.56936],[-0.23192,52.56623],[-0.2328,52.56608],[-0.22699,52.56271],[-0.21943,52.56033],[-0.20866,52.55547],[-0.19918,52.55126],[-0.20353,52.54891],[-0.20579,52.54891],[-0.20786,52.54775],[-0.20834,52.54781],[-0.20843,52.5484],[-0.21429,52.54756],[-0.2126,52.54364],[-0.21929,52.54311],[-0.22399,52.54356],[-0.22755,52.54399],[-0.23623,52.54389],[-0.24039,52.54442],[-0.23938,52.54766],[-0.2447,52.54768],[-0.25019,52.54779],[-0.25194,52.54477],[-0.25228,52.54416],[-0.25484,52.53954],[-0.25846,52.53549],[-0.26809,52.53506],[-0.26666,52.53433],[-0.26533,52.53328],[-0.2661,52.5318],[-0.26563,52.53088],[-0.26566,52.53092],[-0.26573,52.53092],[-0.26572,52.53089],[-0.26586,52.5309],[-0.26609,52.53068],[-0.26715,52.53004],[-0.26767,52.52979],[-0.26611,52.52898],[-0.26696,52.52883],[-0.26727,52.52918],[-0.26775,52.52937],[-0.26795,52.52923],[-0.26826,52.52897],[-0.26804,52.52883],[-0.26799,52.52864],[-0.2715,52.5306],[-0.27129,52.53105],[-0.27151,52.53208],[-0.27195,52.5324],[-0.27307,52.53193],[-0.27485,52.53257],[-0.27539,52.53043],[-0.27838,52.52975],[-0.28513,52.52938],[-0.28348,52.54261],[-0.28238,52.54338],[-0.28168,52.54357],[-0.28022,52.54353],[-0.27919,52.54352],[-0.27849,52.54357],[-0.27934,52.544],[-0.27988,52.54453],[-0.28,52.54491],[-0.28029,52.54519],[-0.27946,52.54546],[-0.27995,52.54591],[-0.2803,52.54572],[-0.28122,52.54604],[-0.28063,52.54641],[-0.27932,52.54667],[-0.28016,52.54775],[-0.28067,52.54785],[-0.27881,52.54949],[-0.27968,52.55129],[-0.28212,52.54833],[-0.28589,52.54724],[-0.28984,52.54742],[-0.29202,52.54692],[-0.29629,52.54702],[-0.29765,52.547],[-0.29957,52.54787],[-0.30073,52.54881],[-0.30315,52.54861],[-0.3048,52.54331],[-0.30792,52.54783],[-0.31078,52.55106],[-0.31119,52.55133],[-0.31225,52.55206],[-0.3114,52.55241],[-0.31091,52.55261],[-0.30865,52.55348],[-0.30629,52.55433],[-0.30829,52.55362],[-0.30754,52.55391],[-0.30685,52.55417],[-0.30583,52.55451],[-0.30585,52.55455],[-0.30144,52.55621],[-0.304,52.55529],[-0.30149,52.55626],[-0.29234,52.55517],[-0.29051,52.5548],[-0.2885,52.55475],[-0.28582,52.55494],[-0.2815,52.55629],[-0.27719,52.55762],[-0.29686,52.57283],[-0.29657,52.57426],[-0.29615,52.57523],[-0.29667,52.57564],[-0.29874,52.57709],[-0.29809,52.57851],[-0.29681,52.58048],[-0.29467,52.58097],[-0.29422,52.58065],[-0.29372,52.58032],[-0.29304,52.57971],[-0.29039,52.58101],[-0.28904,52.58173],[-0.29406,52.58232],[-0.29097,52.58445],[-0.2896,52.58601],[-0.28736,52.58808],[-0.28955,52.59507],[-0.29414,52.59601],[-0.29285,52.60078],[-0.29165,52.60634],[-0.28161,52.61196],[-0.28358,52.61337],[-0.29114,52.62056]]],[[[-0.30934,52.55324],[-0.30948,52.55318],[-0.30944,52.5532],[-0.30934,52.55324]]],[[[-0.30934,52.55324],[-0.30844,52.55357],[-0.30829,52.55362],[-0.30865,52.55348],[-0.30934,52.55324]]],[[[-0.30585,52.55455],[-0.30595,52.55451],[-0.30585,52.55456],[-0.30585,52.55455]]],[[[-0.20972,52.59909],[-0.20971,52.59909],[-0.20973,52.59908],[-0.20974,52.59908],[-0.20972,52.59909]]],[[[-0.20966,52.59909],[-0.20963,52.59909],[-0.20968,52.59906],[-0.20969,52.59906],[-0.20966,52.59909]]],[[[-0.2096,52.59912],[-0.2096,52.59909],[-0.20963,52.59909],[-0.2096,52.59912],[-0.2096,52.59912]]],[[[-0.2096,52.59912],[-0.2096,52.59913],[-0.20959,52.59913],[-0.20958,52.59912],[-0.2096,52.59912]]],[[[-0.20966,52.59909],[-0.20971,52.59909],[-0.20966,52.59913],[-0.20963,52.59913],[-0.20966,52.59909]]],[[[-0.20972,52.59909],[-0.20974,52.59909],[-0.20968,52.59913],[-0.20972,52.59909]]],[[[-0.20968,52.59913],[-0.20968,52.59913],[-0.20968,52.59913],[-0.20968,52.59913]]],[[[-0.20972,52.59914],[-0.20975,52.59913],[-0.20975,52.59913],[-0.20973,52.59914],[-0.20972,52.59914]]],[[[-0.20973,52.59914],[-0.20975,52.59914],[-0.20975,52.59914],[-0.20973,52.59914],[-0.20973,52.59914]]],[[[-0.20968,52.59913],[-0.20972,52.59914],[-0.2097,52.59914],[-0.20967,52.59914],[-0.20968,52.59913]]],[[[-0.20959,52.59913],[-0.20959,52.59913],[-0.20959,52.59914],[-0.20958,52.59914],[-0.20959,52.59913]]],[[[-0.20958,52.59914],[-0.20956,52.59916],[-0.20957,52.59914],[-0.20958,52.59914]]],[[[-0.20964,52.59916],[-0.20965,52.59915],[-0.2097,52.59914],[-0.20973,52.59914],[-0.20964,52.59916],[-0.20964,52.59916]]],[[[-0.20964,52.59916],[-0.20963,52.59916],[-0.20961,52.59917],[-0.20963,52.59915],[-0.20963,52.59915],[-0.20964,52.59916]]],[[[-0.20956,52.59916],[-0.20956,52.59917],[-0.20954,52.59917],[-0.20956,52.59916]]],[[[-0.20954,52.59917],[-0.20953,52.59918],[-0.20951,52.59918],[-0.20954,52.59917]]],[[[-0.20961,52.59917],[-0.20959,52.59919],[-0.20958,52.59919],[-0.20959,52.59917],[-0.20961,52.59917]]],[[[-0.20953,52.59919],[-0.20955,52.59918],[-0.20955,52.59919],[-0.20954,52.59919],[-0.20953,52.59919]]],[[[-0.20953,52.59918],[-0.20953,52.59919],[-0.20952,52.59919],[-0.20953,52.59918]]],[[[-0.20959,52.59919],[-0.20959,52.59919],[-0.20958,52.5992],[-0.20958,52.5992],[-0.20959,52.59919]]],[[[-0.20955,52.59919],[-0.20958,52.59919],[-0.20957,52.5992],[-0.20957,52.5992],[-0.20955,52.59919],[-0.20955,52.59919]]],[[[-0.20965,52.59914],[-0.20965,52.59914],[-0.20966,52.59913],[-0.20968,52.59913],[-0.20965,52.59914]]],[[[-0.20962,52.59914],[-0.20961,52.59914],[-0.20959,52.59913],[-0.2096,52.59913],[-0.2096,52.59912],[-0.20963,52.59913],[-0.20962,52.59914]]],[[[-0.20962,52.59914],[-0.20962,52.59914],[-0.20965,52.59914],[-0.20965,52.59914],[-0.20962,52.59915],[-0.20962,52.59914]]],[[[-0.20963,52.59915],[-0.20965,52.59914],[-0.20965,52.59914],[-0.20967,52.59914],[-0.20965,52.59915],[-0.20963,52.59915],[-0.20963,52.59915]]],[[[-0.20961,52.59915],[-0.20962,52.59915],[-0.20963,52.59915],[-0.20963,52.59915],[-0.2096,52.59916],[-0.20961,52.59915]]],[[[-0.20961,52.59914],[-0.20962,52.59914],[-0.20961,52.59915],[-0.20959,52.59916],[-0.20959,52.59914],[-0.20961,52.59914]]],[[[-0.2096,52.59916],[-0.20959,52.59917],[-0.20955,52.59918],[-0.20956,52.59917],[-0.2096,52.59916]]]]}},{"type":"Feature","properties":{"source_code":"D81023","codes":["D81023"],"label":"PASTON HEALTH CENTRE"},"geometry":{"type":"Polygon","coordinates":[[[-0.29509,52.63181],[-0.28032,52.63296],[-0.27431,52.63171],[-0.26899,52.62712],[-0.26625,52.62264],[-0.25595,52.6191],[-0.2429,52.61149],[-0.22968,52.60482],[-0.23621,52.60294],[-0.24221,52.60357],[-0.24857,52.60326],[-0.25011,52.602],[-0.25887,52.59909],[-0.26213,52.59836],[-0.26796,52.60263],[-0.27311,52.60628],[-0.27586,52.60993],[-0.28204,52.61253],[-0.29543,52.62483],[-0.29612,52.62806],[-0.29509,52.63181]]]}},{"type":"Feature","properties":{"source_code":"D81029","codes":["D81029"],"label":"OLD FLETTON SURGERY"},"geometry":{"type":"Polygon","coordinates":[[[-0.24342,52.56717],[-0.20634,52.56195],[-0.19878,52.54922],[-0.19535,52.52917],[-0.21183,52.52416],[-0.23586,52.53189],[-0.23552,52.54379],[-0.23827,52.54901],[-0.25131,52.54922],[-0.24788,52.5559],[-0.25646,52.55715],[-0.26985,52.56362],[-0.26505,52.56759],[-0.24342,52.56717]]]}},{"type":"Feature","properties":{"source_code":"D81065","codes":["D81065"],"label":"NIGHTINGALE MEDICAL CENTRE"},"geometry":{"type":"Polygon","coordinates":[[[-0.27088,52.62764],[-0.17784,52.61347],[-0.17921,52.60805],[-0.18471,52.60263],[-0.19569,52.59179],[-0.20256,52.58469],[-0.20462,52.57635],[-0.21149,52.57093],[-0.22316,52.57468],[-0.22934,52.57051],[-0.23621,52.56592],[-0.24719,52.56133],[-0.24857,52.55673],[-0.25475,52.55172],[-0.2774,52.54964],[-0.30144,52.54838],[-0.31963,52.55151],[-0.31757,52.55715],[-0.31311,52.56216],[-0.30762,52.56487],[-0.29972,52.56946],[-0.29594,52.57489],[-0.29526,52.58157],[-0.2877,52.5922],[-0.27637,52.59533],[-0.26951,52.597],[-0.26505,52.59742],[-0.26505,52.60096],[-0.27157,52.60576],[-0.27878,52.61243],[-0.28702,52.61847],[-0.28839,52.62285],[-0.27088,52.62764]]]}},{"type":"Feature","properties":{"source_code":"C83634","codes":["C83634"],"label":"TASBURGH LODGE SURGERY"},"geometry":{"type":"Polygon","coordinates":[[[-0.07337,53.1742],[-0.07214,53.17087],[-0.06878,53.16004],[-0.06769,53.15567],[-0.06988,53.13544],[-0.06898,53.12696],[-0.08711,53.10282],[-0.09655,53.09409],[-0.10132,53.08999],[-0.10612,53.08738],[-0.11406,53.08359],[-0.11883,53.08168],[-0.12127,53.07934],[-0.136,53.0738],[-0.14744,53.0702],[-0.16295,53.06858],[-0.1716,53.06775],[-0.18979,53.06566],[-0.19533,53.06555],[-0.23619,53.0636],[-0.24044,53.06366],[-0.25053,53.06426],[-0.25905,53.06432],[-0.26908,53.06357],[-0.27846,53.06338],[-0.28596,53.06208],[-0.29299,53.06212],[-0.30389,53.06368],[-0.31284,53.06625],[-0.32456,53.07154],[-0.33217,53.07556],[-0.34087,53.07927],[-0.35132,53.08442],[-0.36353,53.091],[-0.36905,53.09435],[-0.37891,53.09839],[-0.3811,53.09977],[-0.38732,53.10428],[-0.3958,53.1085],[-0.40278,53.11263],[-0.41957,53.11978],[-0.42534,53.12236],[-0.4319,53.12668],[-0.43684,53.13162],[-0.43889,53.13684],[-0.43985,53.13967],[-0.43907,53.14364],[-0.43603,53.15091],[-0.4336,53.15613],[-0.43179,53.15893],[-0.42781,53.16272],[-0.42318,53.16696],[-0.41739,53.17054],[-0.41247,53.17374],[-0.40962,53.17582],[-0.40423,53.18017],[-0.40013,53.18403],[-0.3879,53.1913],[-0.37931,53.19843],[-0.36896,53.20374],[-0.34728,53.21768],[-0.33432,53.22135],[-0.32728,53.22369],[-0.31568,53.22795],[-0.31143,53.23],[-0.30821,53.23028],[-0.305,53.23056],[-0.28378,53.23474],[-0.2784,53.2355],[-0.27367,53.23626],[-0.26517,53.23761],[-0.25574,53.23812],[-0.2441,53.23782],[-0.23885,53.23819],[-0.22339,53.23719],[-0.21273,53.23658],[-0.20296,53.23509],[-0.16691,53.23076],[-0.16354,53.22968],[-0.15039,53.22729],[-0.13175,53.22348],[-0.11851,53.2207],[-0.1049,53.21933],[-0.0981,53.21596],[-0.09529,53.212],[-0.09266,53.20856],[-0.0839,53.19662],[-0.07374,53.17792],[-0.07337,53.1742]]]}},{"type":"Feature","properties":{"source_code":"C83635","codes":["C83635"],"label":"WOODHALL SPA NEW SURGERY"},"geometry":{"type":"MultiPolygon","coordinates":[[[[-0.13705,53.21282],[-0.13712,53.21288],[-0.13719,53.21308],[-0.13705,53.21282]]],[[[-0.13712,53.21288],[-0.13456,53.20575],[-0.13072,53.19722],[-0.12857,53.1903],[-0.12747,53.18646],[-0.12834,53.17548],[-0.12825,53.1663],[-0.1295,53.15767],[-0.13092,53.15434],[-0.13428,53.14904],[-0.13688,53.14549],[-0.14125,53.1395],[-0.14684,53.13471],[-0.15678,53.12627],[-0.16106,53.12458],[-0.168,53.12221],[-0.17459,53.12],[-0.17464,53.12004],[-0.17456,53.12007],[-0.18425,53.12832],[-0.19777,53.13996],[-0.19699,53.14019],[-0.19612,53.14053],[-0.195,53.14102],[-0.19378,53.14163],[-0.19268,53.1422],[-0.1917,53.14284],[-0.19103,53.14331],[-0.19045,53.14372],[-0.18965,53.14435],[-0.18889,53.14514],[-0.18808,53.14594],[-0.18776,53.14637],[-0.18743,53.1468],[-0.18705,53.14729],[-0.18665,53.14803],[-0.18615,53.14911],[-0.18586,53.14982],[-0.18562,53.15059],[-0.18554,53.15121],[-0.18551,53.15195],[-0.18547,53.15282],[-0.18559,53.15372],[-0.18566,53.15453],[-0.18584,53.15509],[-0.18607,53.15584],[-0.18644,53.15671],[-0.18697,53.15765],[-0.18765,53.15862],[-0.18825,53.15925],[-0.18928,53.16035],[-0.19038,53.16133],[-0.19183,53.16236],[-0.19254,53.16278],[-0.19304,53.16308],[-0.19392,53.16358],[-0.19503,53.1641],[-0.19623,53.1646],[-0.19711,53.16496],[-0.1979,53.1652],[-0.19872,53.16546],[-0.19933,53.16563],[-0.20017,53.16589],[-0.2015,53.16619],[-0.20211,53.1663],[-0.20278,53.16644],[-0.2036,53.16656],[-0.20455,53.1667],[-0.20545,53.16682],[-0.20681,53.16692],[-0.20784,53.16698],[-0.20907,53.16703],[-0.21026,53.16702],[-0.21135,53.16698],[-0.21269,53.16691],[-0.21401,53.16679],[-0.21515,53.16667],[-0.2165,53.16643],[-0.21786,53.16618],[-0.21911,53.16588],[-0.22013,53.16558],[-0.22136,53.16518],[-0.22226,53.16486],[-0.22287,53.16468],[-0.22348,53.16439],[-0.22445,53.16396],[-0.22511,53.16364],[-0.2254,53.16349],[-0.22582,53.16326],[-0.22661,53.1628],[-0.22733,53.1624],[-0.22781,53.16205],[-0.22844,53.16161],[-0.22903,53.16112],[-0.22959,53.16068],[-0.22997,53.1603],[-0.23053,53.15975],[-0.23094,53.15931],[-0.23134,53.15885],[-0.23172,53.15837],[-0.23208,53.1579],[-0.23236,53.15739],[-0.23267,53.15678],[-0.233,53.15613],[-0.23323,53.15562],[-0.23341,53.15502],[-0.23345,53.15463],[-0.23364,53.15389],[-0.23371,53.15324],[-0.23374,53.15264],[-0.23372,53.15189],[-0.23366,53.15132],[-0.23358,53.15074],[-0.23345,53.15031],[-0.23327,53.14967],[-0.23308,53.14912],[-0.23277,53.14854],[-0.23256,53.14806],[-0.2323,53.14761],[-0.23193,53.1471],[-0.23166,53.1467],[-0.23137,53.14631],[-0.23085,53.14571],[-0.23036,53.14519],[-0.22959,53.14447],[-0.22901,53.14398],[-0.22847,53.14352],[-0.22776,53.14301],[-0.22729,53.1427],[-0.22661,53.1423],[-0.22603,53.14196],[-0.22532,53.14156],[-0.22467,53.14124],[-0.22388,53.14085],[-0.22292,53.14048],[-0.22213,53.14018],[-0.22129,53.13988],[-0.22028,53.13954],[-0.21913,53.13923],[-0.218,53.13897],[-0.21698,53.13875],[-0.21601,53.13861],[-0.21475,53.13839],[-0.21324,53.13823],[-0.2118,53.13813],[-0.21067,53.1381],[-0.20935,53.13809],[-0.2086,53.1381],[-0.20716,53.13814],[-0.20628,53.13822],[-0.20555,53.13828],[-0.20449,53.13842],[-0.20353,53.13856],[-0.20267,53.13869],[-0.20161,53.13891],[-0.20064,53.13912],[-0.1996,53.13939],[-0.19864,53.13965],[-0.19788,53.13992],[-0.18425,53.12832],[-0.17464,53.12004],[-0.17852,53.11878],[-0.19205,53.1154],[-0.197,53.11401],[-0.2123,53.11041],[-0.23356,53.10685],[-0.26501,53.10255],[-0.28288,53.10051],[-0.29653,53.09888],[-0.30272,53.09821],[-0.30644,53.09791],[-0.31522,53.09839],[-0.31845,53.09831],[-0.32126,53.09894],[-0.32562,53.09971],[-0.32894,53.09999],[-0.33172,53.10132],[-0.33525,53.10343],[-0.33917,53.10566],[-0.34561,53.11105],[-0.3552,53.12124],[-0.36392,53.131],[-0.36661,53.13486],[-0.36897,53.13719],[-0.37199,53.13994],[-0.37213,53.14135],[-0.3746,53.14333],[-0.37963,53.14492],[-0.39263,53.15045],[-0.39726,53.15222],[-0.40592,53.15634],[-0.41207,53.15924],[-0.41818,53.1608],[-0.42223,53.1625],[-0.42315,53.1641],[-0.42427,53.16558],[-0.42751,53.17586],[-0.42772,53.17833],[-0.42784,53.18039],[-0.42787,53.18228],[-0.42525,53.18953],[-0.42171,53.19808],[-0.41882,53.20733],[-0.41919,53.20798],[-0.41807,53.20897],[-0.37644,53.22423],[-0.36283,53.22916],[-0.36287,53.23052],[-0.36236,53.23104],[-0.36038,53.23413],[-0.3593,53.23682],[-0.35712,53.2425],[-0.35595,53.24507],[-0.35221,53.25037],[-0.34996,53.25281],[-0.34554,53.25798],[-0.34255,53.26188],[-0.34115,53.26263],[-0.33702,53.2628],[-0.33407,53.26282],[-0.32927,53.26275],[-0.32495,53.26281],[-0.32025,53.26274],[-0.30645,53.26184],[-0.3041,53.26181],[-0.27702,53.25936],[-0.27448,53.25909],[-0.26267,53.25768],[-0.24308,53.25463],[-0.23027,53.25356],[-0.21773,53.25079],[-0.20979,53.24855],[-0.19674,53.24406],[-0.18595,53.23942],[-0.17492,53.23482],[-0.16547,53.23114],[-0.15911,53.22857],[-0.15513,53.22534],[-0.14765,53.22145],[-0.14271,53.21797],[-0.13712,53.21288]]]]}},{"type":"Feature","properties":{"source_code":"B81039","codes":["B81039"],"label":"THE ROXTON PRACTICE"},"geometry":{"type":"Polygon","coordinates":[[[-0.26299,53.68817],[-0.19269,53.633],[-0.11416,53.58102],[-0.1218,53.57945],[-0.12639,53.57498],[-0.12918,53.57405],[-0.13218,53.5709],[-0.13634,53.56873],[-0.13647,53.55698],[-0.1508,53.54112],[-0.17535,53.53054],[-0.20144,53.52118],[-0.24003,53.52141],[-0.26642,53.53378],[-0.31285,53.56371],[-0.35568,53.59658],[-0.38795,53.65441],[-0.26299,53.68817]]]}},{"type":"Feature","properties":{"source_code":"B81069","codes":["B81069"],"label":"DRS REDDY AND NUNN"},"geometry":{"type":"MultiPolygon","coordinates":[[[[-0.36745,54.13707],[-0.36716,54.13734],[-0.36731,54.13697],[-0.36745,54.13707]]],[[[-0.18703,54.08115],[-0.19097,54.0814],[-0.19269,54.08084],[-0.19827,54.07812],[-0.2011,54.07445],[-0.20505,54.07002],[-0.20685,54.06785],[-0.20754,54.0682],[-0.20814,54.06694],[-0.20762,54.06654],[-0.21011,54.06382],[-0.21192,54.05974],[-0.21286,54.05551],[-0.21389,54.05057],[-0.21535,54.04165],[-0.21612,54.03943],[-0.21655,54.03374],[-0.21621,54.02436],[-0.21406,54.0168],[-0.21518,54.01609],[-0.2229,54.01407],[-0.22994,54.01301],[-0.23792,54.01211],[-0.24221,54.01185],[-0.24693,54.0119],[-0.2538,54.01226],[-0.26238,54.01312],[-0.272,54.01443],[-0.27715,54.01644],[-0.28316,54.01826],[-0.28848,54.01977],[-0.29466,54.02174],[-0.30075,54.02386],[-0.30787,54.02698],[-0.31268,54.02875],[-0.3168,54.03051],[-0.3277,54.0355],[-0.33161,54.03727],[-0.335,54.03898],[-0.33787,54.04122],[-0.34727,54.04508],[-0.35431,54.0484],[-0.36272,54.05294],[-0.36942,54.05677],[-0.3756,54.0612],[-0.38023,54.06553],[-0.38486,54.07188],[-0.39207,54.08175],[-0.39791,54.09162],[-0.39963,54.10108],[-0.40031,54.11094],[-0.39688,54.11738],[-0.39568,54.12211],[-0.39971,54.13132],[-0.39946,54.14022],[-0.37379,54.14167],[-0.36745,54.13707],[-0.36787,54.1367],[-0.36753,54.1369],[-0.34624,54.13639],[-0.33182,54.1375],[-0.31277,54.14092],[-0.2956,54.14715],[-0.28015,54.15278],[-0.2623,54.15861],[-0.25131,54.15952],[-0.24144,54.15947],[-0.23252,54.15927],[-0.21827,54.15791],[-0.21672,54.15851],[-0.21174,54.15766],[-0.20728,54.15766],[-0.20522,54.15681],[-0.20368,54.15721],[-0.19415,54.1553],[-0.19106,54.1552],[-0.18939,54.15502],[-0.18668,54.15429],[-0.18466,54.15404],[-0.1787,54.15228],[-0.1781,54.15246],[-0.17758,54.15218],[-0.17355,54.15201],[-0.17252,54.15164],[-0.17145,54.15138],[-0.17048,54.15099],[-0.17044,54.15077],[-0.16986,54.1505],[-0.1693,54.15037],[-0.16917,54.15024],[-0.16899,54.15024],[-0.16888,54.15005],[-0.1686,54.1498],[-0.16837,54.14977],[-0.16819,54.14963],[-0.16801,54.14961],[-0.16792,54.14966],[-0.16774,54.14966],[-0.16753,54.14953],[-0.16736,54.14947],[-0.167,54.14948],[-0.16688,54.14951],[-0.16681,54.14949],[-0.16652,54.1495],[-0.16622,54.14954],[-0.16567,54.14915],[-0.16334,54.14813],[-0.16188,54.14612],[-0.1608,54.146],[-0.16003,54.14557],[-0.15776,54.14567],[-0.15484,54.14441],[-0.15192,54.14424],[-0.149,54.14341],[-0.14608,54.14213],[-0.1457,54.14125],[-0.14501,54.14157],[-0.14484,54.14125],[-0.14347,54.14062],[-0.14162,54.14012],[-0.14008,54.13949],[-0.13905,54.13893],[-0.13866,54.13906],[-0.1381,54.13871],[-0.13638,54.13755],[-0.13574,54.13755],[-0.13518,54.13727],[-0.13347,54.13629],[-0.13312,54.13647],[-0.13205,54.13615],[-0.13161,54.13616],[-0.13113,54.13592],[-0.13082,54.13592],[-0.13075,54.13575],[-0.12951,54.13533],[-0.12757,54.13475],[-0.12435,54.13425],[-0.12345,54.13427],[-0.12216,54.13372],[-0.12134,54.13298],[-0.12023,54.13301],[-0.11894,54.13349],[-0.11827,54.13326],[-0.1181,54.13291],[-0.11705,54.13289],[-0.11667,54.13203],[-0.11615,54.13232],[-0.11647,54.13309],[-0.11443,54.13338],[-0.11385,54.13213],[-0.11244,54.1315],[-0.11199,54.13201],[-0.11126,54.13203],[-0.11074,54.13248],[-0.10982,54.13231],[-0.10879,54.13243],[-0.10804,54.13215],[-0.10774,54.13226],[-0.10722,54.13169],[-0.10695,54.13129],[-0.10624,54.13076],[-0.10592,54.12971],[-0.10523,54.12981],[-0.10519,54.13051],[-0.10463,54.13076],[-0.10467,54.13099],[-0.10403,54.13111],[-0.10325,54.13089],[-0.10321,54.13114],[-0.10278,54.1311],[-0.10227,54.1306],[-0.10169,54.13088],[-0.1016,54.13051],[-0.10059,54.13031],[-0.09896,54.13012],[-0.09832,54.12978],[-0.09774,54.12913],[-0.09688,54.12859],[-0.09617,54.12818],[-0.09583,54.12818],[-0.09501,54.12769],[-0.09467,54.12815],[-0.0936,54.12844],[-0.09381,54.12806],[-0.09345,54.12797],[-0.09349,54.12768],[-0.09317,54.12768],[-0.09332,54.12741],[-0.09317,54.12702],[-0.09235,54.12681],[-0.09188,54.12603],[-0.09055,54.12541],[-0.09021,54.12473],[-0.08952,54.12453],[-0.08922,54.1248],[-0.0875,54.12448],[-0.0875,54.12385],[-0.08574,54.1238],[-0.08317,54.12294],[-0.0824,54.12246],[-0.08214,54.12189],[-0.08145,54.12143],[-0.08072,54.11784],[-0.07828,54.11763],[-0.07626,54.11688],[-0.076,54.11613],[-0.07523,54.11567],[-0.07506,54.11369],[-0.0754,54.11253],[-0.07587,54.1125],[-0.07753,54.11072],[-0.07847,54.11065],[-0.07817,54.11034],[-0.07967,54.10985],[-0.07999,54.11021],[-0.08044,54.11018],[-0.08081,54.1098],[-0.08386,54.10908],[-0.08471,54.10896],[-0.08536,54.1085],[-0.08673,54.1082],[-0.09356,54.10581],[-0.10042,54.1046],[-0.10334,54.1035],[-0.11124,54.10259],[-0.11501,54.10269],[-0.11742,54.1036],[-0.11999,54.10279],[-0.13493,54.10339],[-0.13939,54.10339],[-0.14437,54.10158],[-0.14874,54.10138],[-0.15312,54.10038],[-0.15647,54.09987],[-0.1599,54.09907],[-0.16316,54.09887],[-0.16651,54.09736],[-0.16874,54.09635],[-0.17132,54.09479],[-0.17346,54.09298],[-0.1763,54.09086],[-0.17956,54.08814],[-0.18222,54.08558],[-0.18454,54.08336],[-0.18582,54.08165],[-0.18694,54.08205],[-0.18712,54.08144],[-0.18703,54.08115]]]]}},{"type":"Feature","properties":{"source_code":"B81025","codes":["B81025"],"label":"HOLDERNESS HEALTH"},"geometry":{"type":"Polygon","coordinates":[[[0.14153,53.61336],[0.11783,53.62537],[0.07836,53.64125],[0.02963,53.64959],[-0.05376,53.62924],[-0.08739,53.62944],[-0.12206,53.63433],[-0.17319,53.66546],[-0.20476,53.68478],[-0.23771,53.71954],[-0.24812,53.77919],[-0.27924,53.80377],[-0.28439,53.84024],[-0.18761,53.85381],[-0.10971,53.83153],[-0.09169,53.79877],[-0.04502,53.79674],[0.00597,53.75447],[0.09382,53.67869],[0.14153,53.61336]]]}}]}