{"type":"FeatureCollection","metadata":{"bundle_id":"bundle-027","practice_count":183,"feature_count":183},"features":[{"type":"Feature","properties":{"source_code":"G85019","codes":["G85019"],"label":"TRAFALGAR SURGERY"},"geometry":{"type":"Polygon","coordinates":[[[-0.08132,51.49077],[-0.08098,51.4905],[-0.08128,51.49079],[-0.08132,51.49077],[-0.08175,51.49111],[-0.08283,51.49207],[-0.08373,51.49279],[-0.08454,51.49343],[-0.086,51.49421],[-0.08154,51.49688],[-0.07828,51.49581],[-0.07536,51.49421],[-0.0721,51.49271],[-0.06918,51.49271],[-0.06386,51.49229],[-0.05991,51.4925],[-0.05716,51.49079],[-0.05493,51.48854],[-0.05356,51.48683],[-0.05322,51.48512],[-0.05287,51.48245],[-0.05356,51.47989],[-0.05356,51.47839],[-0.05292,51.47803],[-0.05287,51.47804],[-0.05227,51.4778],[-0.05128,51.47745],[-0.05107,51.47713],[-0.0512,51.4762],[-0.05124,51.47478],[-0.05118,51.47364],[-0.05116,51.47347],[-0.05117,51.47347],[-0.05116,51.47336],[-0.0527,51.47296],[-0.0542,51.47286],[-0.05626,51.47328],[-0.05764,51.47344],[-0.05905,51.47366],[-0.05917,51.47368],[-0.06424,51.47382],[-0.06422,51.47387],[-0.06566,51.47387],[-0.06786,51.47398],[-0.0712,51.47339],[-0.0745,51.47422],[-0.07648,51.47438],[-0.07982,51.47377],[-0.08373,51.47366],[-0.08832,51.47352],[-0.093,51.47403],[-0.09381,51.4766],[-0.09411,51.47886],[-0.09424,51.47975],[-0.09437,51.48098],[-0.09461,51.4823],[-0.09381,51.48236],[-0.09182,51.48252],[-0.08991,51.48287],[-0.08609,51.4839],[-0.0842,51.48456],[-0.08235,51.48518],[-0.08373,51.48646],[-0.08493,51.48737],[-0.08596,51.48833],[-0.0866,51.48929],[-0.0848,51.48961],[-0.08321,51.48999],[-0.0821,51.49036],[-0.08132,51.49077]],[[-0.06128,51.48189],[-0.06377,51.4751],[-0.06266,51.4754],[-0.06128,51.48189]]]}},{"type":"Feature","properties":{"source_code":"G85632","codes":["G85632"],"label":"THE VILLA STREET MEDICAL CENTRE"},"geometry":{"type":"Polygon","coordinates":[[[-0.11124,51.48216],[-0.11126,51.48269],[-0.11114,51.48296],[-0.11089,51.48316],[-0.11019,51.4839],[-0.109,51.48512],[-0.10637,51.48765],[-0.10317,51.49084],[-0.10279,51.4914],[-0.10233,51.49174],[-0.10124,51.49242],[-0.10056,51.49284],[-0.10045,51.49312],[-0.1003,51.49331],[-0.10037,51.49396],[-0.10032,51.49452],[-0.10009,51.49477],[-0.09973,51.49488],[-0.09866,51.49488],[-0.09472,51.49406],[-0.09056,51.49406],[-0.08776,51.49406],[-0.08582,51.49377],[-0.08527,51.49363],[-0.08473,51.49338],[-0.08387,51.49269],[-0.08242,51.49152],[-0.07836,51.48892],[-0.07724,51.48833],[-0.07616,51.48768],[-0.07418,51.48674],[-0.07422,51.48597],[-0.07424,51.4851],[-0.07427,51.48339],[-0.07427,51.4826],[-0.07433,51.48181],[-0.07388,51.48094],[-0.07335,51.48049],[-0.07275,51.48],[-0.07186,51.47966],[-0.07092,51.47848],[-0.06999,51.47673],[-0.06927,51.47542],[-0.06866,51.47401],[-0.06966,51.47368],[-0.07066,51.47346],[-0.07133,51.4735],[-0.07295,51.47384],[-0.07431,51.47423],[-0.07575,51.47446],[-0.07738,51.47435],[-0.07838,51.47427],[-0.07952,51.47417],[-0.08061,51.47383],[-0.0819,51.47389],[-0.08551,51.47367],[-0.0863,51.47356],[-0.0872,51.47358],[-0.08866,51.47377],[-0.08985,51.47397],[-0.09109,51.47418],[-0.09319,51.47431],[-0.09454,51.47478],[-0.09617,51.47546],[-0.0981,51.47617],[-0.0998,51.47695],[-0.10126,51.47751],[-0.10306,51.47826],[-0.10499,51.4791],[-0.10673,51.47978],[-0.10823,51.48037],[-0.10944,51.4809],[-0.11061,51.48148],[-0.11101,51.48178],[-0.11124,51.48216]]]}},{"type":"Feature","properties":{"source_code":"G85084","codes":["G85084"],"label":"PENROSE SURGERY"},"geometry":{"type":"Polygon","coordinates":[[[-0.10454,51.47847],[-0.10686,51.47932],[-0.10943,51.48047],[-0.10763,51.48042],[-0.10789,51.48144],[-0.10737,51.48324],[-0.10617,51.48494],[-0.10879,51.48598],[-0.10733,51.4878],[-0.106,51.48897],[-0.1045,51.49052],[-0.10343,51.49186],[-0.10205,51.49279],[-0.10098,51.49352],[-0.10128,51.49485],[-0.10098,51.49536],[-0.09776,51.4949],[-0.09416,51.49437],[-0.09094,51.49442],[-0.0866,51.49448],[-0.08471,51.49416],[-0.0812,51.49127],[-0.07879,51.48967],[-0.076,51.48814],[-0.07746,51.48734],[-0.07914,51.4863],[-0.08248,51.48523],[-0.08399,51.48459],[-0.08617,51.48392],[-0.08596,51.48245],[-0.08583,51.48138],[-0.08553,51.47997],[-0.0854,51.47916],[-0.08532,51.47884],[-0.08484,51.47836],[-0.0812,51.47769],[-0.07987,51.47697],[-0.07832,51.47622],[-0.07755,51.47516],[-0.07682,51.47425],[-0.07763,51.47398],[-0.08102,51.47355],[-0.08403,51.47342],[-0.08759,51.47336],[-0.09137,51.47379],[-0.09278,51.47379],[-0.09493,51.47451],[-0.09862,51.47585],[-0.10085,51.47695],[-0.10325,51.47785],[-0.10454,51.47847]]]}},{"type":"Feature","properties":{"source_code":"E87034","codes":["E87034"],"label":"PIMLICO HEALTH AT THE MARVEN SURGERY"},"geometry":{"type":"MultiPolygon","coordinates":[[[[-0.12672,51.49278],[-0.1262,51.49341],[-0.12672,51.49278],[-0.12672,51.49278]]],[[[-0.12589,51.49378],[-0.1262,51.49341],[-0.12587,51.4938],[-0.12589,51.49378]]],[[[-0.12587,51.4938],[-0.12565,51.4941],[-0.12565,51.4941],[-0.1258,51.49389],[-0.12587,51.4938]]],[[[-0.14227,51.49653],[-0.14257,51.49641],[-0.14287,51.49637],[-0.14346,51.49606],[-0.14257,51.49641],[-0.14188,51.49651],[-0.14142,51.49649],[-0.14102,51.49655],[-0.14171,51.49651],[-0.13861,51.49697],[-0.13869,51.49697],[-0.14188,51.49651],[-0.14227,51.49653],[-0.14169,51.49676],[-0.13477,51.49766],[-0.13434,51.49778],[-0.13503,51.49751],[-0.13454,51.49758],[-0.13329,51.49806],[-0.13434,51.49778],[-0.12784,51.50031],[-0.12773,51.501],[-0.12407,51.5009],[-0.12598,51.50064],[-0.12381,51.50081],[-0.12471,51.49873],[-0.12447,51.49705],[-0.12492,51.49446],[-0.125,51.49447],[-0.1251,51.4922],[-0.12803,51.48852],[-0.13173,51.48623],[-0.13238,51.48602],[-0.13228,51.48586],[-0.13278,51.48577],[-0.13452,51.48546],[-0.13753,51.48486],[-0.13953,51.48487],[-0.14028,51.48488],[-0.14088,51.48498],[-0.14321,51.48537],[-0.14487,51.48558],[-0.14654,51.48569],[-0.14827,51.4857],[-0.14934,51.48574],[-0.15004,51.48587],[-0.15064,51.48644],[-0.15179,51.48713],[-0.15142,51.48766],[-0.15181,51.48729],[-0.15586,51.4896],[-0.15779,51.4907],[-0.15733,51.49212],[-0.15244,51.49529],[-0.14806,51.49787],[-0.14709,51.4981],[-0.14629,51.49725],[-0.14467,51.49665],[-0.14227,51.49653]]],[[[-0.12905,51.49489],[-0.12897,51.49488],[-0.12893,51.49488],[-0.12894,51.49493],[-0.12901,51.49494],[-0.12895,51.49494],[-0.12919,51.49575],[-0.12916,51.49555],[-0.12913,51.49537],[-0.12906,51.49493],[-0.12905,51.49489]]],[[[-0.12881,51.49474],[-0.12885,51.4947],[-0.12909,51.49452],[-0.12882,51.49472],[-0.12881,51.49474],[-0.12879,51.49475],[-0.12879,51.49475],[-0.1288,51.49475],[-0.12881,51.49474]]],[[[-0.12805,51.49469],[-0.12804,51.49466],[-0.12806,51.49456],[-0.12898,51.49411],[-0.12809,51.49453],[-0.12804,51.49454],[-0.12806,51.49455],[-0.12803,51.49462],[-0.12804,51.49466],[-0.12804,51.49468],[-0.12805,51.49469],[-0.12806,51.4947],[-0.12806,51.4947],[-0.12805,51.49469]]],[[[-0.12705,51.49462],[-0.12766,51.49273],[-0.12702,51.49462],[-0.12705,51.49462]]],[[[-0.12564,51.4941],[-0.12565,51.4941],[-0.12671,51.49287],[-0.12672,51.49278],[-0.12674,51.49276],[-0.12666,51.49277],[-0.12691,51.49022],[-0.12664,51.49279],[-0.12589,51.49378],[-0.1253,51.49449],[-0.12531,51.49449],[-0.12565,51.4941],[-0.12564,51.4941],[-0.12535,51.49449],[-0.12536,51.49449],[-0.12564,51.4941]]],[[[-0.12988,51.49815],[-0.12994,51.49821],[-0.12992,51.49814],[-0.12988,51.49815]]],[[[-0.1271,51.50017],[-0.12602,51.50064],[-0.12607,51.50063],[-0.1271,51.50017]]]]}},{"type":"Feature","properties":{"source_code":"G85721","codes":["G85721"],"label":"EAST STREET"},"geometry":{"type":"Polygon","coordinates":[[[-0.0866,51.49405],[-0.08506,51.49368],[-0.08197,51.49079],[-0.08068,51.49004],[-0.07648,51.4878],[-0.07957,51.48593],[-0.08231,51.48518],[-0.08566,51.484],[-0.08926,51.48299],[-0.0915,51.48251],[-0.09398,51.48235],[-0.09398,51.4832],[-0.0933,51.48443],[-0.09381,51.48593],[-0.09476,51.48689],[-0.0963,51.48967],[-0.09828,51.49261],[-0.09879,51.4933],[-0.09991,51.49352],[-0.10025,51.49405],[-0.10025,51.4948],[-0.09948,51.49506],[-0.09836,51.49485],[-0.09622,51.49442],[-0.09441,51.4941],[-0.09313,51.49405],[-0.09132,51.49405],[-0.08935,51.49405],[-0.0866,51.49405]]]}},{"type":"Feature","properties":{"source_code":"G85102","codes":["G85102"],"label":"GRAY'S INN MEDICAL GROUP VAUXHALL"},"geometry":{"type":"Polygon","coordinates":[[[-0.12591,51.48667],[-0.12257,51.4902],[-0.12029,51.49458],[-0.11184,51.49653],[-0.10214,51.49239],[-0.1081,51.48641],[-0.11209,51.47914],[-0.11244,51.47727],[-0.12381,51.47957],[-0.12591,51.48667]]]}},{"type":"Feature","properties":{"source_code":"G85085","codes":["G85085"],"label":"GROVE MEDICAL CENTRE"},"geometry":{"type":"Polygon","coordinates":[[[-0.03105,51.50003],[-0.02952,51.49363],[-0.02472,51.48782],[-0.02572,51.48251],[-0.02633,51.4815],[-0.02319,51.48071],[-0.02306,51.47998],[-0.02303,51.47963],[-0.02301,51.47929],[-0.02301,51.47914],[-0.02297,51.47883],[-0.02295,51.47863],[-0.02293,51.47849],[-0.02288,51.47829],[-0.02282,51.47808],[-0.02274,51.47786],[-0.02266,51.47759],[-0.02261,51.47741],[-0.02257,51.47715],[-0.02254,51.47696],[-0.02257,51.47674],[-0.02264,51.47654],[-0.02272,51.47635],[-0.02283,51.47618],[-0.02303,51.47593],[-0.02321,51.4757],[-0.02345,51.4754],[-0.0236,51.47519],[-0.02373,51.47502],[-0.0239,51.47483],[-0.02405,51.4746],[-0.02443,51.47464],[-0.02522,51.47475],[-0.02554,51.4748],[-0.02581,51.47485],[-0.0261,51.47489],[-0.0264,51.47493],[-0.02679,51.47498],[-0.02718,51.47504],[-0.02761,51.47509],[-0.02793,51.47515],[-0.02834,51.47523],[-0.0288,51.47531],[-0.02906,51.47535],[-0.02944,51.47542],[-0.02988,51.47549],[-0.0305,51.4756],[-0.03091,51.47567],[-0.03154,51.47574],[-0.03188,51.47582],[-0.03272,51.47587],[-0.03297,51.47586],[-0.03364,51.47582],[-0.03422,51.47578],[-0.03484,51.47573],[-0.03558,51.47569],[-0.03621,51.47568],[-0.03694,51.47566],[-0.03741,51.4756],[-0.03706,51.47559],[-0.03742,51.4756],[-0.03817,51.47542],[-0.03896,51.47521],[-0.03984,51.47498],[-0.04,51.47523],[-0.0403,51.47571],[-0.04062,51.47636],[-0.04106,51.47705],[-0.04136,51.47748],[-0.04144,51.47773],[-0.04144,51.47813],[-0.0419,51.47872],[-0.04242,51.47952],[-0.04254,51.47985],[-0.04253,51.48041],[-0.04254,51.48145],[-0.04191,51.48166],[-0.04232,51.48328],[-0.04288,51.48404],[-0.04243,51.4843],[-0.04243,51.48439],[-0.0422,51.48488],[-0.04303,51.4852],[-0.04355,51.48542],[-0.04354,51.4855],[-0.04349,51.48621],[-0.04348,51.48737],[-0.04441,51.48854],[-0.04612,51.48852],[-0.0474,51.48721],[-0.04844,51.48663],[-0.04815,51.48751],[-0.04979,51.4882],[-0.05197,51.48913],[-0.05252,51.48939],[-0.05262,51.48995],[-0.05294,51.49095],[-0.05139,51.4913],[-0.04847,51.49355],[-0.04809,51.49368],[-0.04716,51.49322],[-0.04653,51.49329],[-0.04538,51.4938],[-0.04432,51.49494],[-0.04263,51.4958],[-0.04137,51.49615],[-0.04098,51.4962],[-0.03944,51.49656],[-0.03809,51.49734],[-0.03742,51.49776],[-0.03671,51.4982],[-0.03572,51.49909],[-0.03542,51.49967],[-0.03534,51.50013],[-0.03105,51.50003]]]}},{"type":"Feature","properties":{"source_code":"G85052","codes":["G85052"],"label":"OLD KENT ROAD SURGERY"},"geometry":{"type":"MultiPolygon","coordinates":[[[[-0.01651,51.48104],[-0.01603,51.48147],[-0.01554,51.48122],[-0.01651,51.48104]]],[[[-0.01603,51.48147],[-0.01845,51.48272],[-0.01596,51.48154],[-0.01603,51.48147]]],[[[-0.01651,51.48104],[-0.01768,51.47999],[-0.0188,51.47876],[-0.01914,51.47716],[-0.02043,51.47663],[-0.0206,51.47556],[-0.02317,51.47593],[-0.02232,51.47406],[-0.02034,51.47235],[-0.01897,51.47096],[-0.0176,51.46861],[-0.01691,51.46818],[-0.01751,51.46716],[-0.01545,51.4662],[-0.01262,51.4646],[-0.01339,51.46706],[-0.01236,51.46444],[-0.0097,51.46395],[-0.00867,51.46433],[-0.01056,51.4655],[-0.01184,51.46743],[-0.01451,51.46978],[-0.01528,51.47246],[-0.01493,51.47304],[-0.01305,51.47219],[-0.00764,51.47262],[-0.00043,51.47171],[0.01854,51.47369],[0.01502,51.4732],[0.01665,51.46984],[0.01262,51.46989],[0.01313,51.46845],[0.0127,51.46754],[0.01348,51.46695],[0.00893,51.46599],[0.00996,51.45973],[0.01099,51.45679],[0.01777,51.45508],[0.01837,51.45176],[0.01768,51.45165],[0.01957,51.45176],[0.02026,51.45069],[0.01485,51.45026],[0.01897,51.44887],[0.0206,51.44764],[0.02086,51.44411],[0.02163,51.44256],[0.03004,51.44192],[0.02884,51.4386],[0.02472,51.43812],[0.02573,51.43596],[0.02463,51.4355],[0.02575,51.43593],[0.02573,51.43596],[0.02704,51.43651],[0.02841,51.43673],[0.02892,51.43619],[0.02815,51.43395],[0.0327,51.43202],[0.03365,51.43164],[0.03785,51.43368],[0.03725,51.43159],[0.0388,51.42629],[0.03845,51.42437],[0.03613,51.42249],[0.03244,51.42442],[0.02549,51.42886],[0.0212,51.4264],[0.01854,51.42694],[0.01596,51.42678],[0.01365,51.42597],[0.0133,51.42683],[0.01348,51.42576],[0.01408,51.42463],[0.01073,51.42346],[0.01055,51.42349],[0.00814,51.42326],[0.00815,51.42303],[0.00772,51.42241],[0.00742,51.42113],[0.00614,51.41926],[0.00614,51.4188],[0.00352,51.41738],[0.00215,51.41821],[0.00082,51.41792],[0.0,51.4176],[-0.00064,51.41604],[-0.00116,51.41599],[-0.00159,51.41572],[-0.00296,51.41556],[-0.00288,51.41505],[-0.00485,51.41436],[-0.00588,51.41594],[-0.00648,51.41599],[-0.00652,51.41468],[-0.00811,51.41425],[-0.00823,51.4143],[-0.0103,51.4135],[-0.01202,51.4135],[-0.01451,51.41388],[-0.01446,51.41487],[-0.01502,51.41484],[-0.0179,51.41511],[-0.01747,51.4157],[-0.01811,51.4157],[-0.02013,51.41604],[-0.02047,51.4158],[-0.02176,51.41666],[-0.0215,51.41717],[-0.02232,51.41736],[-0.02124,51.41864],[-0.02118,51.41968],[-0.01466,51.41703],[-0.02117,51.4198],[-0.02118,51.41968],[-0.03357,51.42471],[-0.0336,51.42471],[-0.03361,51.42472],[-0.03365,51.42474],[-0.03362,51.42474],[-0.03399,51.42522],[-0.03725,51.42506],[-0.03832,51.42407],[-0.04013,51.42439],[-0.0415,51.42426],[-0.04201,51.42394],[-0.04292,51.42356],[-0.04296,51.42327],[-0.04605,51.42271],[-0.04532,51.42319],[-0.04841,51.42284],[-0.05171,51.42247],[-0.05184,51.42359],[-0.05405,51.42369],[-0.05483,51.42321],[-0.05497,51.42289],[-0.05645,51.42295],[-0.05652,51.42289],[-0.05824,51.42327],[-0.0615,51.42453],[-0.06145,51.42479],[-0.06356,51.4253],[-0.06433,51.4253],[-0.06532,51.42546],[-0.06596,51.42509],[-0.06841,51.42587],[-0.06914,51.42565],[-0.07175,51.42637],[-0.07472,51.42613],[-0.07583,51.42426],[-0.0769,51.42276],[-0.07854,51.41995],[-0.08248,51.41979],[-0.08617,51.41918],[-0.09055,51.42142],[-0.09411,51.42281],[-0.09673,51.42255],[-0.10433,51.42273],[-0.10622,51.42249],[-0.10961,51.42306],[-0.11295,51.42311],[-0.11549,51.42091],[-0.11767,51.4199],[-0.11969,51.4188],[-0.12304,51.415],[-0.12407,51.41521],[-0.12394,51.41457],[-0.12458,51.41366],[-0.12424,51.4127],[-0.12467,51.41251],[-0.12621,51.41299],[-0.12763,51.41243],[-0.12767,51.412],[-0.13038,51.41211],[-0.13291,51.41254],[-0.1345,51.41069],[-0.13978,51.4123],[-0.14252,51.41345],[-0.14501,51.41227],[-0.14531,51.41251],[-0.14716,51.41235],[-0.14862,51.41286],[-0.14776,51.41404],[-0.14068,51.41907],[-0.1378,51.42091],[-0.13772,51.42768],[-0.1375,51.43025],[-0.13493,51.43007],[-0.1366,51.43395],[-0.13853,51.43799],[-0.13759,51.43881],[-0.1372,51.44021],[-0.13561,51.44194],[-0.14351,51.44178],[-0.14553,51.44601],[-0.14467,51.4486],[-0.14355,51.44914],[-0.14269,51.45],[-0.14197,51.45095],[-0.14774,51.45258],[-0.1487,51.45981],[-0.15012,51.46657],[-0.13995,51.47115],[-0.13063,51.47753],[-0.1289,51.48152],[-0.12733,51.48251],[-0.12626,51.48427],[-0.1284,51.4848],[-0.12669,51.48737],[-0.12257,51.49079],[-0.12085,51.49528],[-0.11948,51.50084],[-0.12016,51.50532],[-0.1157,51.50789],[-0.10815,51.50853],[-0.10777,51.50841],[-0.10849,51.50874],[-0.1048,51.5089],[-0.09845,51.50874],[-0.09338,51.50826],[-0.08901,51.50682],[-0.08274,51.50607],[-0.07553,51.50415],[-0.07098,51.50281],[-0.0618,51.50073],[-0.05304,51.50222],[-0.04841,51.5057],[-0.03991,51.50794],[-0.03176,51.50623],[-0.03038,51.50126],[-0.03116,51.49961],[-0.0303,51.49437],[-0.03013,51.49036],[-0.02369,51.48593],[-0.02661,51.48181],[-0.02343,51.4809],[-0.023,51.48015],[-0.0212,51.48015],[-0.01845,51.48069],[-0.01651,51.48104]]],[[[-0.04669,51.4535],[-0.05438,51.42907],[-0.04624,51.4528],[-0.04669,51.4535]]],[[[-0.03234,51.43113],[-0.02917,51.42549],[-0.02872,51.42548],[-0.03234,51.43113]]]]}},{"type":"Feature","properties":{"source_code":"G85053","codes":["G85053"],"label":"HURLEY AND RIVERSIDE PRACTICES"},"geometry":{"type":"Polygon","coordinates":[[[-0.09853,51.49507],[-0.09175,51.49095],[-0.09548,51.49006],[-0.09253,51.48523],[-0.09237,51.48291],[-0.09227,51.48272],[-0.09237,51.4829],[-0.09184,51.47518],[-0.09785,51.4678],[-0.11381,51.47208],[-0.11192,51.48021],[-0.11495,51.48351],[-0.1166,51.48681],[-0.12023,51.4907],[-0.12039,51.49434],[-0.12076,51.49432],[-0.1157,51.50773],[-0.10437,51.50869],[-0.0939,51.50783],[-0.09894,51.49575],[-0.09853,51.49507]]]}},{"type":"Feature","properties":{"source_code":"F84656","codes":["F84656"],"label":"DOCKLANDS MEDICAL CENTRE"},"geometry":{"type":"Polygon","coordinates":[[[0.00833,51.50725],[0.00609,51.50773],[0.00223,51.50794],[-0.00172,51.50762],[-0.0036,51.50666],[-0.00506,51.50522],[-0.00695,51.50313],[-0.00764,51.50035],[-0.00644,51.49736],[-0.00489,51.49474],[-0.00309,51.49213],[-0.00283,51.48999],[-0.00309,51.48865],[-0.00669,51.48683],[-0.0121,51.48571],[-0.01657,51.48603],[-0.02077,51.48694],[-0.02498,51.48961],[-0.02764,51.49341],[-0.02772,51.49832],[-0.02781,51.501],[-0.02609,51.50089],[-0.02755,51.501],[-0.02738,51.50409],[-0.02901,51.50634],[-0.03056,51.50735],[-0.03588,51.50965],[-0.03262,51.51067],[-0.03167,51.51221],[-0.02781,51.51136],[-0.02386,51.50872],[-0.0185,51.50765],[-0.01176,51.50719],[-0.00669,51.50773],[-0.00481,51.5082],[-0.00326,51.50901],[-0.00051,51.51136],[0.00232,51.51392],[0.00378,51.51414],[0.00223,51.51088],[0.00446,51.50992],[0.00566,51.51403],[0.00704,51.51414],[0.00764,51.5127],[0.00635,51.51088],[0.00541,51.50976],[0.00652,51.50944],[0.00764,51.50912],[0.00936,51.50832],[0.0091,51.50751],[0.00833,51.50725]]]}},{"type":"Feature","properties":{"source_code":"G83067","codes":["G83067"],"label":"VALENTINE HEALTH PARTNERSHIP"},"geometry":{"type":"Polygon","coordinates":[[[0.0615,51.49452],[0.07315,51.49555],[0.07966,51.49777],[0.08502,51.50151],[0.08831,51.5053],[0.09675,51.50263],[0.0976,51.49956],[0.09796,51.49858],[0.09871,51.49765],[0.1001,51.49685],[0.10003,51.49558],[0.10089,51.49464],[0.11129,51.49778],[0.11513,51.49941],[0.1158,51.49975],[0.11616,51.49984],[0.12224,51.501],[0.12309,51.49753],[0.12417,51.49824],[0.12553,51.49962],[0.12789,51.49917],[0.1276,51.49165],[0.12231,51.49107],[0.12188,51.48866],[0.12217,51.48497],[0.12231,51.48136],[0.12402,51.47695],[0.11845,51.47891],[0.11544,51.47624],[0.11187,51.47307],[0.10808,51.47601],[0.10615,51.47508],[0.10493,51.47552],[0.10343,51.47468],[0.10243,51.47517],[0.10179,51.47454],[0.09879,51.47552],[0.09692,51.47413],[0.09651,51.47324],[0.09497,51.47331],[0.09348,51.47307],[0.09254,51.47255],[0.0915,51.47228],[0.08955,51.47199],[0.08873,51.47264],[0.08753,51.47304],[0.08749,51.47263],[0.08526,51.47208],[0.08367,51.47271],[0.0831,51.47371],[0.08254,51.47367],[0.08286,51.47485],[0.07949,51.47436],[0.07605,51.47325],[0.07276,51.47206],[0.07282,51.4683],[0.07291,51.46785],[0.07268,51.46754],[0.07175,51.46703],[0.07019,51.46663],[0.06921,51.46634],[0.06833,51.46492],[0.06806,51.46262],[0.06801,51.46216],[0.06776,51.46154],[0.06703,51.46072],[0.06681,51.45956],[0.0666,51.45813],[0.06701,51.45793],[0.0666,51.45759],[0.06529,51.45739],[0.06461,51.45725],[0.05975,51.45654],[0.05612,51.45612],[0.05435,51.45598],[0.0525,51.45576],[0.05083,51.45553],[0.05103,51.45497],[0.05102,51.45497],[0.05103,51.45497],[0.05103,51.45497],[0.05109,51.45498],[0.0515,51.45333],[0.05159,51.45283],[0.05185,51.45204],[0.05209,51.45143],[0.05205,51.45087],[0.05085,51.45117],[0.04973,51.45136],[0.04885,51.45147],[0.04787,51.45154],[0.0468,51.45154],[0.04522,51.45174],[0.04467,51.45184],[0.04383,51.45208],[0.04295,51.4523],[0.04188,51.45251],[0.04029,51.45278],[0.0392,51.45289],[0.03759,51.45299],[0.03695,51.45299],[0.03675,51.4532],[0.03661,51.45346],[0.03613,51.45325],[0.03538,51.45307],[0.03468,51.45305],[0.03412,51.45301],[0.03352,51.45302],[0.03212,51.45297],[0.03033,51.45297],[0.02853,51.45323],[0.02637,51.45355],[0.02687,51.45673],[0.02631,51.45681],[0.02581,51.4574],[0.02479,51.45747],[0.02354,51.45774],[0.0222,51.45774],[0.0207,51.45766],[0.01925,51.4593],[0.01872,51.46054],[0.01981,51.46073],[0.01811,51.46215],[0.01729,51.46281],[0.01696,51.46319],[0.01616,51.46497],[0.02031,51.46621],[0.01993,51.46659],[0.01913,51.46746],[0.01882,51.46782],[0.01825,51.46829],[0.01752,51.4687],[0.01641,51.46911],[0.01748,51.46887],[0.01834,51.46875],[0.01881,51.46878],[0.01875,51.46949],[0.01786,51.46969],[0.01743,51.46992],[0.01652,51.46983],[0.01621,51.47038],[0.01536,51.47203],[0.01512,51.4727],[0.01512,51.47299],[0.01577,51.47373],[0.012,51.4733],[0.01217,51.47517],[0.01328,51.47528],[0.01343,51.47653],[0.01425,51.477],[0.01015,51.47662],[0.0094,51.47677],[0.00842,51.47695],[0.00808,51.47758],[0.00787,51.47805],[0.00801,51.47887],[0.00824,51.47996],[0.00844,51.48055],[0.00858,51.48254],[0.00853,51.48311],[0.01182,51.48353],[0.01625,51.48403],[0.0199,51.48439],[0.02068,51.48447],[0.01995,51.48522],[0.01968,51.48667],[0.01993,51.49001],[0.02224,51.49451],[0.02378,51.49424],[0.02356,51.49404],[0.02424,51.4938],[0.02556,51.49388],[0.0263,51.49383],[0.02712,51.4938],[0.02876,51.49378],[0.02932,51.49394],[0.02957,51.4938],[0.03125,51.49417],[0.03232,51.49421],[0.03337,51.49446],[0.0345,51.4947],[0.03566,51.49486],[0.03652,51.49476],[0.03679,51.49499],[0.03731,51.49508],[0.03881,51.49522],[0.04022,51.49545],[0.04088,51.49544],[0.04235,51.4954],[0.0436,51.4953],[0.04481,51.49522],[0.04599,51.49517],[0.04832,51.49505],[0.05121,51.49486],[0.05173,51.49477],[0.05475,51.4946],[0.05563,51.49449],[0.05747,51.49452],[0.0615,51.49452]]]}},{"type":"Feature","properties":{"source_code":"G85125","codes":["G85125"],"label":"PARK MEDICAL CENTRE"},"geometry":{"type":"Polygon","coordinates":[[[-0.05399,51.48638],[-0.05523,51.48545],[-0.05621,51.48539],[-0.05762,51.48544],[-0.06023,51.48543],[-0.06532,51.48483],[-0.06437,51.49167],[-0.06561,51.49316],[-0.06611,51.49363],[-0.06559,51.49399],[-0.06497,51.49478],[-0.06338,51.49539],[-0.06274,51.49586],[-0.06253,51.49651],[-0.05849,51.4983],[-0.05328,51.49885],[-0.05236,51.49826],[-0.05164,51.49755],[-0.04938,51.49685],[-0.04401,51.49929],[-0.04163,51.49799],[-0.04227,51.49529],[-0.04324,51.49213],[-0.04405,51.48848],[-0.04727,51.48753],[-0.05253,51.4872],[-0.05399,51.48638]]]}},{"type":"Feature","properties":{"source_code":"E87002","codes":["E87002"],"label":"VICTORIA MEDICAL CENTRE"},"geometry":{"type":"Polygon","coordinates":[[[-0.12956,51.48865],[-0.13124,51.4863],[-0.13965,51.48496],[-0.15003,51.48577],[-0.15707,51.49036],[-0.16059,51.50196],[-0.15295,51.50287],[-0.15887,51.51339],[-0.14188,51.51521],[-0.13355,51.50981],[-0.123,51.50741],[-0.12398,51.501],[-0.1251,51.49231],[-0.13119,51.4863],[-0.12956,51.48865]]]}},{"type":"Feature","properties":{"source_code":"E87739","codes":["E87739"],"label":"MILLBANK MEDICAL CENTRE"},"geometry":{"type":"Polygon","coordinates":[[[-0.12154,51.50629],[-0.12146,51.50582],[-0.12128,51.50591],[-0.12137,51.50524],[-0.12128,51.50468],[-0.12146,51.50457],[-0.12265,51.49576],[-0.12274,51.49352],[-0.12832,51.48683],[-0.12969,51.48545],[-0.13501,51.48454],[-0.13527,51.48454],[-0.13544,51.48448],[-0.13552,51.48454],[-0.15132,51.48454],[-0.15372,51.48598],[-0.15621,51.48977],[-0.15614,51.4898],[-0.15673,51.48993],[-0.15982,51.48977],[-0.16076,51.49052],[-0.15853,51.49202],[-0.15827,51.4941],[-0.16256,51.49319],[-0.16368,51.49458],[-0.16479,51.49587],[-0.16334,51.49688],[-0.16188,51.49838],[-0.16428,51.49907],[-0.16153,51.50003],[-0.16196,51.49848],[-0.16059,51.50148],[-0.16565,51.50153],[-0.16205,51.50452],[-0.16128,51.50506],[-0.15862,51.50548],[-0.15235,51.50287],[-0.14703,51.5011],[-0.14248,51.50645],[-0.13553,51.5096],[-0.13372,51.50949],[-0.13038,51.50773],[-0.12952,51.50714],[-0.1272,51.50703],[-0.12385,51.50671],[-0.12154,51.50629]]]}},{"type":"Feature","properties":{"source_code":"E87740","codes":["E87740"],"label":"THE DR HICKEY SURGERY FOR THE HOMELESS"},"geometry":{"type":"Polygon","coordinates":[[[-0.12287,51.51509],[-0.12196,51.51457],[-0.12178,51.51488],[-0.1195,51.51452],[-0.11854,51.51473],[-0.11857,51.515],[-0.11753,51.51522],[-0.11468,51.51595],[-0.11425,51.51538],[-0.11387,51.51481],[-0.11156,51.51525],[-0.1111,51.51389],[-0.11158,51.51376],[-0.1114,51.51298],[-0.11104,51.51226],[-0.11072,51.51094],[-0.11466,51.51075],[-0.11817,51.50995],[-0.12179,51.50799],[-0.12257,51.50431],[-0.12364,51.49523],[-0.12909,51.48716],[-0.13488,51.48435],[-0.1493,51.48555],[-0.156,51.48983],[-0.15514,51.49028],[-0.15583,51.4915],[-0.15477,51.49199],[-0.15595,51.49319],[-0.15516,51.49382],[-0.15614,51.49446],[-0.15547,51.49501],[-0.15599,51.49751],[-0.15737,51.4986],[-0.15803,51.49945],[-0.15849,51.50135],[-0.15872,51.50229],[-0.16077,51.5017],[-0.16534,51.49876],[-0.1658,51.49913],[-0.16755,51.49829],[-0.16819,51.499],[-0.17411,51.49853],[-0.17413,51.49824],[-0.17951,51.49782],[-0.18022,51.50129],[-0.18431,51.50177],[-0.18648,51.50705],[-0.18787,51.51015],[-0.19217,51.50989],[-0.19299,51.51181],[-0.19393,51.51173],[-0.19499,51.51498],[-0.19914,51.51453],[-0.19991,51.51686],[-0.20078,51.51797],[-0.20138,51.51785],[-0.20307,51.51953],[-0.20334,51.51998],[-0.20348,51.52044],[-0.2039,51.5206],[-0.201,51.52139],[-0.20159,51.52276],[-0.20332,51.52323],[-0.20431,51.52374],[-0.20597,51.5258],[-0.20731,51.52623],[-0.21106,51.52674],[-0.21319,51.52689],[-0.2155,51.52666],[-0.21615,51.52801],[-0.21601,51.5297],[-0.21499,51.53022],[-0.21539,51.53121],[-0.21316,51.53173],[-0.2109,51.53192],[-0.21007,51.53225],[-0.20838,51.5327],[-0.2061,51.53291],[-0.20455,51.53295],[-0.20302,51.5329],[-0.20272,51.53214],[-0.20199,51.53205],[-0.20129,51.53177],[-0.19976,51.53091],[-0.19859,51.53032],[-0.19826,51.52987],[-0.19845,51.52937],[-0.1983,51.52797],[-0.19659,51.52762],[-0.19294,51.53216],[-0.19237,51.53307],[-0.19302,51.53392],[-0.19145,51.53625],[-0.18866,51.53451],[-0.1869,51.5359],[-0.18479,51.53798],[-0.18104,51.53936],[-0.17853,51.53988],[-0.17572,51.53964],[-0.17397,51.53944],[-0.17408,51.53869],[-0.17409,51.5382],[-0.17352,51.53761],[-0.17192,51.53837],[-0.17089,51.53778],[-0.16953,51.53855],[-0.16812,51.53791],[-0.16504,51.53577],[-0.16046,51.5373],[-0.15945,51.53629],[-0.15627,51.53704],[-0.15269,51.53754],[-0.15061,51.53277],[-0.14874,51.5285],[-0.14716,51.52505],[-0.1457,51.52524],[-0.14525,51.52395],[-0.14431,51.52406],[-0.14423,51.52471],[-0.14326,51.52464],[-0.1434,51.52398],[-0.14288,51.52393],[-0.14118,51.52243],[-0.1391,51.52083],[-0.13703,51.5189],[-0.13637,51.51911],[-0.13589,51.51869],[-0.13521,51.51886],[-0.13404,51.51754],[-0.13326,51.51743],[-0.13247,51.51708],[-0.13078,51.51706],[-0.13047,51.51643],[-0.13012,51.51535],[-0.12918,51.51326],[-0.12892,51.51339],[-0.12778,51.5127],[-0.12724,51.51265],[-0.12648,51.51324],[-0.1248,51.514],[-0.12287,51.51509]]]}},{"type":"Feature","properties":{"source_code":"F84710","codes":["F84710"],"label":"ISLAND HEALTH"},"geometry":{"type":"Polygon","coordinates":[[[-0.02721,51.49234],[-0.02837,51.49856],[-0.02558,51.50276],[-0.02232,51.50057],[-0.00974,51.49974],[-0.0073,51.5058],[-0.00772,51.50046],[-0.00438,51.49469],[-0.0021,51.4913],[-0.002,51.48939],[-0.00429,51.4879],[-0.01047,51.48587],[-0.01579,51.48577],[-0.02266,51.4878],[-0.02721,51.49234]]]}},{"type":"Feature","properties":{"source_code":"G85034","codes":["G85034"],"label":"NEXUS HEALTH GROUP"},"geometry":{"type":"Polygon","coordinates":[[[-0.11035,51.49676],[-0.11035,51.49673],[-0.11025,51.49675],[-0.11013,51.49698],[-0.11013,51.4971],[-0.11029,51.49677],[-0.11035,51.49676],[-0.10997,51.50013],[-0.10952,51.50864],[-0.09819,51.50901],[-0.08847,51.50674],[-0.08806,51.50695],[-0.08815,51.50675],[-0.079,51.50224],[-0.08741,51.50661],[-0.07009,51.49857],[-0.06661,51.49771],[-0.05503,51.4991],[-0.05503,51.4991],[-0.05384,51.5019],[-0.04268,51.50778],[-0.04263,51.50777],[-0.04269,51.50783],[-0.03599,51.50746],[-0.03394,51.50613],[-0.03205,51.50174],[-0.03171,51.5018],[-0.03244,51.49664],[-0.03239,51.49635],[-0.03289,51.49442],[-0.03281,51.49442],[-0.03251,51.49319],[-0.03757,51.49237],[-0.03941,51.49322],[-0.04473,51.49205],[-0.04709,51.49343],[-0.04704,51.49344],[-0.04881,51.49341],[-0.04983,51.49418],[-0.04912,51.49352],[-0.05195,51.49138],[-0.0553,51.49068],[-0.05898,51.49236],[-0.06078,51.49189],[-0.06001,51.49034],[-0.06545,51.4894],[-0.06571,51.4871],[-0.06545,51.48526],[-0.06611,51.48549],[-0.09193,51.48873],[-0.09202,51.4887],[-0.0655,51.48512],[-0.06576,51.48422],[-0.06027,51.48096],[-0.0572,51.47379],[-0.06841,51.47406],[-0.07,51.47374],[-0.07283,51.47243],[-0.07279,51.46925],[-0.07596,51.46914],[-0.08038,51.46965],[-0.08566,51.46927],[-0.09123,51.46783],[-0.09831,51.46569],[-0.102,51.46532],[-0.10333,51.46593],[-0.10509,51.46748],[-0.10702,51.47075],[-0.10756,51.47242],[-0.10694,51.47371],[-0.10187,51.47732],[-0.11268,51.4817],[-0.10434,51.49036],[-0.10362,51.49027],[-0.10377,51.49034],[-0.103,51.49136],[-0.10267,51.49178],[-0.1042,51.49342],[-0.111,51.49536],[-0.11098,51.49537],[-0.11154,51.49645],[-0.11154,51.49645],[-0.11156,51.49649],[-0.11035,51.49676]],[[-0.08941,51.4973],[-0.08635,51.49524],[-0.09248,51.50052],[-0.08941,51.4973]],[[-0.1102,51.49577],[-0.11017,51.49627],[-0.11037,51.49568],[-0.1102,51.49577]],[[-0.08319,51.49227],[-0.08138,51.49089],[-0.08134,51.4909],[-0.07418,51.4884],[-0.08143,51.491],[-0.08509,51.49416],[-0.08521,51.49386],[-0.08319,51.49227]],[[-0.08834,51.48951],[-0.08918,51.48953],[-0.09115,51.48896],[-0.08834,51.48951]],[[-0.09304,51.50111],[-0.08985,51.50495],[-0.09074,51.50424],[-0.09233,51.50237],[-0.0931,51.50117],[-0.09304,51.50111]]]}},{"type":"Feature","properties":{"source_code":"G85029","codes":["G85029"],"label":"FALMOUTH ROAD GROUP PRACTICE"},"geometry":{"type":"Polygon","coordinates":[[[-0.0945,51.50837],[-0.09188,51.50775],[-0.0894,51.5073],[-0.08697,51.50698],[-0.08439,51.5067],[-0.08182,51.50629],[-0.0788,51.50556],[-0.07605,51.50455],[-0.07757,51.50237],[-0.07871,51.50001],[-0.07982,51.49763],[-0.08247,51.49636],[-0.08456,51.49488],[-0.08647,51.49421],[-0.08871,51.49418],[-0.09283,51.49413],[-0.09426,51.49416],[-0.09397,51.49291],[-0.09528,51.49263],[-0.09788,51.49214],[-0.09824,51.49263],[-0.09873,51.49335],[-0.09832,51.49419],[-0.09819,51.49488],[-0.09983,51.49514],[-0.10027,51.49537],[-0.09976,51.49663],[-0.10036,51.49689],[-0.09991,51.49907],[-0.09952,51.50004],[-0.09869,51.50084],[-0.09731,51.50256],[-0.09617,51.50295],[-0.09577,51.50337],[-0.09544,51.50556],[-0.09519,51.50697],[-0.0945,51.50837]]]}},{"type":"Feature","properties":{"source_code":"G85623","codes":["G85623"],"label":"BERMONDSEY SPA MEDICAL CENTRE"},"geometry":{"type":"Polygon","coordinates":[[[-0.07536,51.50447],[-0.07261,51.50361],[-0.06695,51.50148],[-0.05854,51.501],[-0.05725,51.49971],[-0.05939,51.49859],[-0.05836,51.4941],[-0.05819,51.49303],[-0.05974,51.49271],[-0.06326,51.49245],[-0.06575,51.49261],[-0.07278,51.49303],[-0.07476,51.49405],[-0.07605,51.49506],[-0.0806,51.49656],[-0.07536,51.50447]]]}},{"type":"Feature","properties":{"source_code":"E87691","codes":["E87691"],"label":"WESTMINSTER SCHOOL"},"geometry":{"type":"Polygon","coordinates":[[[-0.12814,51.49812],[-0.1278,51.4982],[-0.1278,51.49796],[-0.12844,51.49795],[-0.12844,51.4981],[-0.12814,51.49812]]]}},{"type":"Feature","properties":{"source_code":"F84747","codes":["F84747"],"label":"THE BARKANTINE PRACTICE"},"geometry":{"type":"Polygon","coordinates":[[[-0.02695,51.50818],[-0.02489,51.50898],[-0.01661,51.50711],[-0.00867,51.50722],[-0.00734,51.50735],[-0.00631,51.50412],[-0.00764,51.50158],[-0.00734,51.49937],[-0.00506,51.49539],[-0.00223,51.49015],[-0.00549,51.48726],[-0.01493,51.48555],[-0.02403,51.48865],[-0.02815,51.49485],[-0.02764,51.50019],[-0.02781,51.50319],[-0.02867,51.50596],[-0.02695,51.50818]]]}},{"type":"Feature","properties":{"source_code":"G85705","codes":["G85705"],"label":"THE NEW MILL STREET SURGERY"},"geometry":{"type":"Polygon","coordinates":[[[-0.09454,51.50806],[-0.09244,51.50749],[-0.08875,51.50693],[-0.08471,51.50659],[-0.08257,51.5062],[-0.08064,51.50554],[-0.07695,51.50455],[-0.07321,51.5034],[-0.07008,51.50228],[-0.0642,51.501],[-0.06532,51.49958],[-0.06618,51.49787],[-0.06557,51.49433],[-0.06905,51.49593],[-0.07145,51.49683],[-0.07336,51.49804],[-0.07575,51.49784],[-0.07914,51.49755],[-0.08158,51.49806],[-0.084,51.49844],[-0.08577,51.49925],[-0.08593,51.50236],[-0.0889,51.50252],[-0.08738,51.50408],[-0.08929,51.50515],[-0.092,51.50464],[-0.09553,51.50482],[-0.09529,51.50653],[-0.09454,51.50806]]]}},{"type":"Feature","properties":{"source_code":"G85138","codes":["G85138"],"label":"ALBION STREET GROUP PRACTICE"},"geometry":{"type":"Polygon","coordinates":[[[-0.07599,51.50425],[-0.0757,51.50449],[-0.07386,51.50395],[-0.0727,51.50372],[-0.07091,51.50279],[-0.06931,51.50236],[-0.06829,51.50206],[-0.06613,51.50146],[-0.06422,51.50112],[-0.06225,51.50093],[-0.06078,51.50089],[-0.0593,51.50092],[-0.05714,51.50118],[-0.05543,51.50165],[-0.05393,51.50211],[-0.05235,51.50277],[-0.05078,51.50355],[-0.04893,51.50442],[-0.04736,51.50552],[-0.04614,51.50602],[-0.04451,51.50704],[-0.04355,51.50733],[-0.04096,51.50768],[-0.03861,51.50758],[-0.03583,51.50712],[-0.03329,51.50639],[-0.0323,51.50562],[-0.03198,51.50466],[-0.03139,51.50318],[-0.03153,51.5018],[-0.03184,51.49996],[-0.03197,51.49911],[-0.03237,51.49755],[-0.03235,51.49646],[-0.03237,51.49518],[-0.03235,51.49415],[-0.03175,51.49315],[-0.03017,51.49343],[-0.03327,51.49286],[-0.0334,51.49298],[-0.03357,51.49291],[-0.03461,51.49271],[-0.03637,51.49235],[-0.03763,51.49221],[-0.03812,51.49236],[-0.0391,51.49295],[-0.03981,51.49295],[-0.0417,51.49246],[-0.04473,51.49178],[-0.04486,51.49189],[-0.04687,51.49156],[-0.04972,51.49107],[-0.05143,51.49105],[-0.05253,51.49106],[-0.05488,51.49041],[-0.05709,51.49132],[-0.05939,51.49243],[-0.06,51.49241],[-0.06071,51.49273],[-0.06302,51.49387],[-0.06474,51.49462],[-0.06843,51.49627],[-0.07227,51.49814],[-0.07017,51.49872],[-0.07267,51.50003],[-0.07502,51.50092],[-0.07601,51.50143],[-0.07739,51.50228],[-0.07599,51.50425]]]}},{"type":"Feature","properties":{"source_code":"G85136","codes":["G85136"],"label":"WATERLOO HEALTH CENTRE"},"geometry":{"type":"Polygon","coordinates":[[[-0.11501,51.48304],[-0.12377,51.48726],[-0.12025,51.50105],[-0.11862,51.50575],[-0.11579,51.50778],[-0.10969,51.50901],[-0.10428,51.5089],[-0.09587,51.50853],[-0.08806,51.50698],[-0.09274,51.50174],[-0.09356,51.501],[-0.09647,51.49934],[-0.09896,51.49747],[-0.10008,51.49528],[-0.10034,51.49384],[-0.11252,51.48245],[-0.11501,51.48304]]]}},{"type":"Feature","properties":{"source_code":"Y02928","codes":["Y02928"],"label":"THE PRACTICE ALBERT ROAD"},"geometry":{"type":"Polygon","coordinates":[[[0.06618,51.4987],[0.05836,51.49816],[0.05236,51.49891],[0.0448,51.49902],[0.03656,51.4987],[0.0297,51.49795],[0.02266,51.49774],[0.01631,51.50073],[0.01399,51.50324],[0.01811,51.50495],[0.01914,51.50575],[0.03965,51.50554],[0.04008,51.50912],[0.05905,51.50853],[0.06935,51.50794],[0.06938,51.50779],[0.06978,51.50778],[0.07133,51.50639],[0.07098,51.50388],[0.07037,51.50254],[0.07587,51.50158],[0.07201,51.49929],[0.06618,51.4987]]]}},{"type":"Feature","properties":{"source_code":"G85642","codes":["G85642"],"label":"BLACKFRIARS MEDICAL PRACTICE"},"geometry":{"type":"Polygon","coordinates":[[[-0.10441,51.50896],[-0.10145,51.50893],[-0.09903,51.50884],[-0.096,51.50858],[-0.09508,51.50842],[-0.09441,51.50815],[-0.08798,51.5069],[-0.09347,51.50124],[-0.09729,51.49929],[-0.1045,51.49883],[-0.10489,51.49894],[-0.10531,51.49883],[-0.10596,51.49894],[-0.11188,51.50399],[-0.11278,51.50458],[-0.11368,51.50519],[-0.11604,51.50759],[-0.11528,51.50801],[-0.11413,51.5084],[-0.11042,51.50878],[-0.10887,51.50897],[-0.10722,51.5089],[-0.10441,51.50896]]]}},{"type":"Feature","properties":{"source_code":"F84079","codes":["F84079"],"label":"THE WAPPING GROUP PRACTICE"},"geometry":{"type":"Polygon","coordinates":[[[-0.07476,51.50663],[-0.07435,51.50694],[-0.07409,51.50806],[-0.07276,51.5101],[-0.06866,51.51077],[-0.06778,51.50901],[-0.06751,51.50904],[-0.06596,51.5092],[-0.06068,51.50922],[-0.05871,51.50957],[-0.05686,51.5096],[-0.05523,51.50936],[-0.05098,51.50962],[-0.04708,51.50973],[-0.04386,51.51024],[-0.04858,51.5081],[-0.05326,51.50538],[-0.05867,51.50276],[-0.06081,51.50273],[-0.07476,51.50663]]]}},{"type":"Feature","properties":{"source_code":"F84731","codes":["F84731"],"label":"ST. KATHERINE'S DOCK PRACTICE"},"geometry":{"type":"Polygon","coordinates":[[[-0.07849,51.50942],[-0.07796,51.50936],[-0.07594,51.50945],[-0.07487,51.50973],[-0.07405,51.50925],[-0.07349,51.50884],[-0.07175,51.50828],[-0.07137,51.50822],[-0.07092,51.50821],[-0.07042,51.50826],[-0.06965,51.50841],[-0.06901,51.50853],[-0.068,51.50881],[-0.06729,51.50905],[-0.06637,51.50921],[-0.06386,51.50921],[-0.06206,51.50924],[-0.06176,51.50753],[-0.06257,51.50623],[-0.0662,51.50602],[-0.06755,51.50492],[-0.06836,51.50435],[-0.07115,51.50524],[-0.07233,51.50588],[-0.07259,51.50603],[-0.07354,51.50629],[-0.07375,51.50612],[-0.07487,51.50659],[-0.07499,51.5067],[-0.07575,51.50681],[-0.07624,51.50702],[-0.07845,51.50747],[-0.07929,51.50793],[-0.07914,51.5083],[-0.07858,51.50894],[-0.07849,51.50942]]]}},{"type":"Feature","properties":{"source_code":"F84717","codes":["F84717"],"label":"ROYAL DOCKS MEDICAL PRACTICE"},"geometry":{"type":"Polygon","coordinates":[[[0.01047,51.51408],[0.07227,51.52178],[0.07021,51.49977],[0.01596,51.50169],[0.01047,51.51408]]]}},{"type":"Feature","properties":{"source_code":"F84047","codes":["F84047"],"label":"CUSTOM HOUSE SURGERY"},"geometry":{"type":"Polygon","coordinates":[[[0.00764,51.51542],[0.01845,51.5174],[0.03201,51.51708],[0.03862,51.51873],[0.0424,51.52023],[0.04875,51.52001],[0.05424,51.51948],[0.05922,51.52017],[0.06094,51.51344],[0.06351,51.51211],[0.06669,51.51189],[0.06901,51.51045],[0.06987,51.50869],[0.06969,51.50767],[0.07107,51.50719],[0.07124,51.50431],[0.07012,51.50255],[0.0709,51.50126],[0.06334,51.49998],[0.04944,51.50164],[0.04343,51.50276],[0.04154,51.50463],[0.03957,51.50463],[0.03931,51.50281],[0.03176,51.50244],[0.02532,51.50222],[0.01948,51.50393],[0.01588,51.50612],[0.01348,51.50853],[0.00738,51.51531],[0.01923,51.51729],[0.00764,51.51542]]]}},{"type":"Feature","properties":{"source_code":"F84054","codes":["F84054"],"label":"THE LIMEHOUSE PRACTICE"},"geometry":{"type":"Polygon","coordinates":[[[-0.02687,51.50817],[-0.02687,51.50789],[-0.02826,51.50794],[-0.03141,51.50741],[-0.03725,51.5096],[-0.0297,51.5175],[-0.02292,51.51857],[-0.02017,51.5135],[-0.02077,51.51061],[-0.02283,51.50885],[-0.02687,51.50817]]]}},{"type":"Feature","properties":{"source_code":"F84698","codes":["F84698"],"label":"ABERFELDY PRACTICE"},"geometry":{"type":"Polygon","coordinates":[[[-0.01008,51.52356],[-0.01043,51.52348],[-0.00985,51.52358],[-0.01008,51.52356],[-0.00923,51.52374],[-0.00841,51.52388],[-0.00798,51.5227],[-0.0085,51.52204],[-0.00918,51.52073],[-0.00912,51.51984],[-0.0073,51.51892],[-0.00652,51.51817],[-0.00601,51.51749],[-0.00609,51.517],[-0.00586,51.51657],[-0.00519,51.51641],[-0.00448,51.51666],[-0.00406,51.51705],[-0.00369,51.51756],[-0.00322,51.51785],[-0.00249,51.5179],[-0.00206,51.51773],[-0.00094,51.51717],[0.00036,51.51653],[0.00195,51.51597],[0.00324,51.51541],[0.00378,51.51491],[0.00373,51.51427],[0.00326,51.51358],[0.0027,51.51267],[0.00215,51.51171],[0.00215,51.51091],[0.0024,51.51048],[0.00268,51.51048],[0.00279,51.51026],[0.00382,51.51037],[0.00442,51.51093],[0.00472,51.51179],[0.00494,51.51275],[0.00519,51.51352],[0.00579,51.51403],[0.00648,51.51422],[0.0073,51.51379],[0.0076,51.51331],[0.00764,51.51275],[0.00742,51.51216],[0.00691,51.51157],[0.00622,51.51091],[0.00579,51.51026],[0.00592,51.50976],[0.00674,51.50941],[0.00764,51.50928],[0.0088,51.50901],[0.00931,51.5085],[0.00961,51.50791],[0.00906,51.50722],[0.00867,51.50711],[0.00609,51.50786],[0.00429,51.50829],[0.0036,51.5081],[0.00288,51.50802],[0.00223,51.50807],[0.00099,51.50797],[0.0,51.50781],[-0.00146,51.50751],[-0.00232,51.50722],[-0.00305,51.50669],[-0.00386,51.5061],[-0.00532,51.50511],[-0.00568,51.50469],[-0.00573,51.50446],[-0.00613,51.50409],[-0.00649,51.50401],[-0.00663,51.50365],[-0.00695,51.50339],[-0.00694,51.50317],[-0.007,51.50296],[-0.00712,51.50249],[-0.0074,51.50205],[-0.0076,51.50175],[-0.00762,51.50153],[-0.00791,51.50142],[-0.00833,51.50134],[-0.00878,51.50134],[-0.00929,51.50137],[-0.01014,51.50144],[-0.01099,51.50148],[-0.01145,51.50152],[-0.01188,51.50156],[-0.01172,51.50201],[-0.01247,51.5021],[-0.01277,51.50212],[-0.01301,51.50227],[-0.01284,51.50287],[-0.01275,51.50329],[-0.01266,51.50368],[-0.01283,51.50401],[-0.01315,51.50401],[-0.01337,51.50415],[-0.01334,51.50429],[-0.01315,51.50436],[-0.013,51.50442],[-0.01275,51.50446],[-0.01262,51.50456],[-0.01226,51.50478],[-0.01128,51.50548],[-0.01099,51.50576],[-0.01079,51.50601],[-0.01068,51.50628],[-0.01069,51.50655],[-0.0109,51.50677],[-0.01081,51.50699],[-0.01054,51.50706],[-0.01024,51.50698],[-0.00985,51.50689],[-0.00946,51.50689],[-0.0091,51.5069],[-0.00886,51.50695],[-0.00867,51.50709],[-0.00897,51.50725],[-0.00912,51.50753],[-0.00901,51.50772],[-0.00883,51.50788],[-0.00881,51.50809],[-0.00884,51.50833],[-0.00891,51.50851],[-0.00916,51.50874],[-0.0085,51.50873],[-0.00815,51.50878],[-0.00774,51.50884],[-0.00734,51.50887],[-0.00722,51.50888],[-0.00706,51.50894],[-0.00695,51.50894],[-0.00686,51.50891],[-0.00689,51.50897],[-0.00659,51.50913],[-0.00669,51.50938],[-0.00677,51.50952],[-0.0068,51.50972],[-0.00687,51.51028],[-0.00696,51.51061],[-0.00713,51.51121],[-0.00759,51.51262],[-0.00792,51.51344],[-0.00806,51.51406],[-0.00835,51.51493],[-0.00871,51.51603],[-0.00927,51.51741],[-0.00981,51.5181],[-0.01002,51.51901],[-0.0103,51.52031],[-0.01024,51.5218],[-0.01041,51.5229],[-0.01051,51.52351],[-0.01008,51.52356]]]}},{"type":"Feature","properties":{"source_code":"E87768","codes":["E87768"],"label":"KINGS COLLEGE HEALTH CENTRE"},"geometry":{"type":"MultiPolygon","coordinates":[[[[-0.1132,51.4228],[-0.15381,51.41634],[-0.18402,51.41291],[-0.1132,51.4228]]],[[[0.10635,51.44679],[0.10712,51.44716],[0.10986,51.43475],[0.10635,51.44679]]],[[[0.09359,51.49051],[0.09338,51.49122],[0.10712,51.4754],[0.09359,51.49051]]],[[[-0.09974,51.57739],[-0.04807,51.55829],[-0.00343,51.5553],[0.02403,51.54548],[0.05424,51.53438],[0.09359,51.49051],[0.10635,51.44679],[0.06592,51.42747],[0.00824,51.4309],[-0.05493,51.4309],[-0.1132,51.4228],[-0.08377,51.42747],[-0.1854,51.4142],[-0.26505,51.4386],[-0.21973,51.4386],[-0.18402,51.41463],[-0.2211,51.44031],[-0.26642,51.44374],[-0.30075,51.45401],[-0.27054,51.47711],[-0.23346,51.49079],[-0.21973,51.50874],[-0.23621,51.54206],[-0.20187,51.55231],[-0.16359,51.55754],[-0.15518,51.56213],[-0.13278,51.55953],[-0.09974,51.57739]]]]}},{"type":"Feature","properties":{"source_code":"F84039","codes":["F84039"],"label":"GOODMAN'S FIELD HEALTH CENTRE"},"geometry":{"type":"Polygon","coordinates":[[[-0.04957,51.52554],[-0.04601,51.52191],[-0.043,51.51881],[-0.043,51.51761],[-0.0427,51.51694],[-0.04141,51.51571],[-0.0406,51.51561],[-0.04081,51.51334],[-0.04133,51.51275],[-0.04223,51.51053],[-0.04167,51.50962],[-0.04601,51.50925],[-0.04798,51.50829],[-0.04948,51.50794],[-0.05137,51.50832],[-0.05051,51.5081],[-0.05098,51.5073],[-0.05407,51.50604],[-0.05489,51.50524],[-0.0563,51.50417],[-0.05952,51.503],[-0.06789,51.50487],[-0.06836,51.50527],[-0.07017,51.50551],[-0.07111,51.50615],[-0.07266,51.50674],[-0.07296,51.50626],[-0.0742,51.50655],[-0.07948,51.50791],[-0.07871,51.50896],[-0.07957,51.50946],[-0.07476,51.5097],[-0.07566,51.51045],[-0.07605,51.51267],[-0.07665,51.51376],[-0.07175,51.51529],[-0.07437,51.51467],[-0.07639,51.5163],[-0.07733,51.51718],[-0.07854,51.51796],[-0.07965,51.51833],[-0.07892,51.52119],[-0.07768,51.52322],[-0.0769,51.52372],[-0.07798,51.52252],[-0.07781,51.52212],[-0.07231,51.5221],[-0.06347,51.52375],[-0.05901,51.52383],[-0.0521,51.52501],[-0.04957,51.52554]]]}},{"type":"Feature","properties":{"source_code":"F84031","codes":["F84031"],"label":"THE JUBILEE STREET PRACTICE LTD"},"geometry":{"type":"Polygon","coordinates":[[[-0.05688,51.50976],[-0.05677,51.5111],[-0.0563,51.51105],[-0.05685,51.51299],[-0.0577,51.51309],[-0.05769,51.51404],[-0.05765,51.51463],[-0.05704,51.51459],[-0.0571,51.51517],[-0.05731,51.51692],[-0.05742,51.5182],[-0.05772,51.51925],[-0.05804,51.51953],[-0.05537,51.52011],[-0.05414,51.52033],[-0.05324,51.52048],[-0.05261,51.52058],[-0.05223,51.52059],[-0.05182,51.52069],[-0.05254,51.51985],[-0.05297,51.51953],[-0.05296,51.51953],[-0.05296,51.51953],[-0.05295,51.51953],[-0.05295,51.51953],[-0.05295,51.51953],[-0.05295,51.51953],[-0.05294,51.51953],[-0.05293,51.51953],[-0.05291,51.51953],[-0.0529,51.51953],[-0.05289,51.51953],[-0.05289,51.51953],[-0.05287,51.51953],[-0.05286,51.51953],[-0.05285,51.51953],[-0.05285,51.51953],[-0.05285,51.51953],[-0.05283,51.51953],[-0.05282,51.51953],[-0.05281,51.51953],[-0.05281,51.51953],[-0.05281,51.51953],[-0.05281,51.51953],[-0.05281,51.51953],[-0.05254,51.51985],[-0.05127,51.52077],[-0.05017,51.52109],[-0.04751,51.52163],[-0.0443,51.52222],[-0.04251,51.52239],[-0.04086,51.52266],[-0.03998,51.52298],[-0.03944,51.52237],[-0.03918,51.52171],[-0.03907,51.52118],[-0.03681,51.52148],[-0.03582,51.52109],[-0.03572,51.52006],[-0.03556,51.5195],[-0.03528,51.51796],[-0.03506,51.51788],[-0.03492,51.51777],[-0.03458,51.51749],[-0.03406,51.51696],[-0.03411,51.5157],[-0.03418,51.51429],[-0.0338,51.51391],[-0.03338,51.51354],[-0.03157,51.51223],[-0.0305,51.51236],[-0.03014,51.51239],[-0.0286,51.51183],[-0.02756,51.51116],[-0.02572,51.50964],[-0.02622,51.50918],[-0.02725,51.50777],[-0.02712,51.50629],[-0.02796,51.50778],[-0.03034,51.5074],[-0.03231,51.50858],[-0.03868,51.5097],[-0.0453,51.51002],[-0.04682,51.5099],[-0.04845,51.50973],[-0.05101,51.5097],[-0.05688,51.50976]]]}},{"type":"Feature","properties":{"source_code":"F84062","codes":["F84062"],"label":"THE CHRISP STREET HTH CTR"},"geometry":{"type":"Polygon","coordinates":[[[-0.01596,51.51886],[-0.01094,51.52092],[-0.0085,51.5135],[-0.00845,51.51197],[-0.00878,51.51164],[-0.0103,51.51147],[-0.0206,51.51088],[-0.02789,51.51197],[-0.02753,51.51303],[-0.02796,51.51386],[-0.02705,51.51426],[-0.02497,51.51504],[-0.02174,51.51658],[-0.02162,51.51685],[-0.0213,51.51682],[-0.01721,51.5183],[-0.01663,51.51901],[-0.01596,51.51886]]]}},{"type":"Feature","properties":{"source_code":"E87069","codes":["E87069"],"label":"SOHO CENTRE FOR HEALTH AND CARE"},"geometry":{"type":"Polygon","coordinates":[[[-0.13188,51.50735],[-0.13982,51.50415],[-0.14289,51.50715],[-0.15087,51.5103],[-0.14677,51.52076],[-0.13669,51.52299],[-0.13076,51.52352],[-0.12458,51.51961],[-0.12008,51.51355],[-0.12591,51.50949],[-0.13188,51.50735]]]}},{"type":"Feature","properties":{"source_code":"E87714","codes":["E87714"],"label":"SOHO SQUARE GENERAL PRACTICE"},"geometry":{"type":"Polygon","coordinates":[[[-0.19715,51.51638],[-0.1908,51.53091],[-0.17432,51.54415],[-0.16398,51.52655],[-0.15503,51.52342],[-0.14505,51.52498],[-0.14231,51.53918],[-0.12033,51.53721],[-0.09727,51.52848],[-0.07171,51.51526],[-0.0854,51.51008],[-0.11248,51.51139],[-0.11853,51.51013],[-0.1263,51.50559],[-0.13362,51.49899],[-0.14162,51.49881],[-0.15887,51.51358],[-0.18694,51.51044],[-0.19715,51.51638]]]}},{"type":"Feature","properties":{"source_code":"E87772","codes":["E87772"],"label":"GREAT CHAPEL STREET MEDICAL CENTRE"},"geometry":{"type":"Polygon","coordinates":[[[-0.15965,51.50019],[-0.16308,51.49955],[-0.16857,51.49955],[-0.17475,51.49955],[-0.18162,51.49955],[-0.18814,51.50126],[-0.19123,51.5034],[-0.19363,51.50447],[-0.19741,51.51088],[-0.19844,51.51387],[-0.19913,51.51857],[-0.20016,51.52327],[-0.21114,51.52712],[-0.21904,51.52882],[-0.22144,51.53075],[-0.21492,51.53352],[-0.20737,51.5348],[-0.2005,51.53544],[-0.1926,51.53843],[-0.18402,51.53993],[-0.18196,51.54142],[-0.17681,51.54249],[-0.17269,51.54249],[-0.17097,51.54014],[-0.16788,51.53779],[-0.16479,51.53502],[-0.16054,51.53564],[-0.16411,51.53374],[-0.15896,51.53587],[-0.16054,51.53564],[-0.1593,51.5363],[-0.15381,51.53651],[-0.14832,51.53651],[-0.14385,51.53395],[-0.13733,51.53096],[-0.13355,51.52989],[-0.12943,51.52647],[-0.12222,51.52092],[-0.12051,51.51686],[-0.11433,51.51387],[-0.10643,51.5143],[-0.10437,51.51088],[-0.11192,51.5096],[-0.12051,51.50725],[-0.12257,51.50169],[-0.12394,51.49079],[-0.13252,51.48609],[-0.14076,51.48523],[-0.14935,51.48566],[-0.15553,51.48887],[-0.15827,51.49528],[-0.15965,51.50019]]]}},{"type":"Feature","properties":{"source_code":"E87045","codes":["E87045"],"label":"COVENT GARDEN MEDICAL CENTRE"},"geometry":{"type":"Polygon","coordinates":[[[-0.1349,51.50964],[-0.13951,51.50812],[-0.14319,51.50648],[-0.15003,51.50297],[-0.15166,51.50261],[-0.15237,51.5028],[-0.15308,51.50354],[-0.15471,51.50352],[-0.16252,51.5037],[-0.17205,51.50388],[-0.17446,51.50373],[-0.18434,51.50194],[-0.18836,51.5101],[-0.19228,51.50972],[-0.19237,51.5099],[-0.19681,51.50912],[-0.19734,51.51065],[-0.1976,51.51143],[-0.19756,51.51222],[-0.19731,51.51297],[-0.19676,51.51359],[-0.19619,51.5142],[-0.19532,51.51471],[-0.19566,51.51495],[-0.19532,51.51527],[-0.19544,51.51562],[-0.19738,51.51545],[-0.19937,51.51546],[-0.19971,51.51669],[-0.20042,51.51781],[-0.19821,51.51837],[-0.19999,51.52033],[-0.19115,51.52296],[-0.19012,51.52316],[-0.1891,51.52305],[-0.18391,51.52135],[-0.18304,51.52139],[-0.18208,51.52188],[-0.18021,51.52294],[-0.1769,51.52466],[-0.17162,51.52127],[-0.16897,51.5226],[-0.1686,51.52238],[-0.1661,51.52298],[-0.16759,51.52407],[-0.16609,51.5248],[-0.16365,51.52539],[-0.16489,51.52702],[-0.1643,51.5274],[-0.16561,51.52852],[-0.16403,51.52882],[-0.16462,51.52917],[-0.16492,51.52964],[-0.16657,51.52916],[-0.16733,51.52973],[-0.16757,51.53025],[-0.16665,51.53209],[-0.16512,51.5339],[-0.16451,51.53447],[-0.1636,51.53498],[-0.1616,51.53578],[-0.15926,51.53639],[-0.15492,51.53731],[-0.15735,51.5394],[-0.15762,51.54037],[-0.15859,51.54028],[-0.15957,51.54036],[-0.15776,51.54198],[-0.15703,51.54175],[-0.15501,51.54341],[-0.1541,51.54355],[-0.15274,51.54403],[-0.15564,51.54568],[-0.15388,51.54576],[-0.15383,51.54551],[-0.15266,51.54548],[-0.15273,51.54584],[-0.148,51.546],[-0.1458,51.54644],[-0.144,51.54657],[-0.14179,51.54647],[-0.14159,51.5457],[-0.14074,51.54571],[-0.14033,51.546],[-0.1356,51.54563],[-0.1346,51.54513],[-0.13302,51.5463],[-0.13334,51.54807],[-0.13206,51.5481],[-0.13133,51.54833],[-0.13063,51.54792],[-0.12918,51.54877],[-0.12796,51.54835],[-0.12716,51.5476],[-0.12672,51.54625],[-0.1258,51.54194],[-0.13141,51.54107],[-0.13125,51.5426],[-0.13187,51.54258],[-0.1321,51.54053],[-0.13092,51.53802],[-0.13003,51.53683],[-0.13018,51.5362],[-0.12936,51.53554],[-0.12853,51.53557],[-0.12796,51.53262],[-0.12677,51.53102],[-0.12634,51.52925],[-0.12591,51.52972],[-0.1239,51.5304],[-0.12281,51.53071],[-0.12256,51.53047],[-0.12199,51.53069],[-0.12079,51.53049],[-0.12081,51.53079],[-0.11879,51.53091],[-0.11137,51.53155],[-0.11063,51.52979],[-0.10995,51.52802],[-0.10944,51.52751],[-0.10875,51.52695],[-0.10891,51.52677],[-0.10957,51.52677],[-0.10998,51.52646],[-0.11082,51.52596],[-0.1102,51.52557],[-0.11039,51.52546],[-0.11076,51.52565],[-0.11113,51.52553],[-0.11268,51.52644],[-0.11405,51.52575],[-0.11345,51.5245],[-0.11238,51.52379],[-0.11143,51.52442],[-0.11128,51.52415],[-0.11284,51.52306],[-0.11272,51.52273],[-0.11264,51.52207],[-0.11283,51.52181],[-0.11323,51.52169],[-0.11242,51.52036],[-0.11154,51.52051],[-0.11142,51.52036],[-0.11233,51.52016],[-0.11117,51.51827],[-0.11162,51.51741],[-0.11166,51.51654],[-0.11211,51.51641],[-0.11163,51.51585],[-0.11033,51.51596],[-0.10976,51.51467],[-0.11107,51.51449],[-0.11088,51.51399],[-0.1132,51.51351],[-0.11314,51.51323],[-0.11361,51.51286],[-0.11318,51.51232],[-0.11252,51.51194],[-0.11208,51.51146],[-0.11178,51.51078],[-0.11561,51.51037],[-0.11888,51.50934],[-0.12084,51.50801],[-0.12226,51.50637],[-0.12362,51.50665],[-0.12407,51.50647],[-0.12521,51.50612],[-0.12541,51.50635],[-0.1251,51.5065],[-0.12483,51.50683],[-0.12531,51.50695],[-0.12698,51.50693],[-0.1272,51.5075],[-0.12799,51.50767],[-0.12892,51.50768],[-0.12933,51.50838],[-0.13049,51.50806],[-0.13119,51.50893],[-0.13186,51.50875],[-0.13229,51.5092],[-0.13097,51.50968],[-0.13121,51.50992],[-0.13169,51.50972],[-0.13221,51.51022],[-0.13342,51.50996],[-0.1349,51.50964]]]}},{"type":"Feature","properties":{"source_code":"F84093","codes":["F84093"],"label":"TOLLGATE MEDICAL CENTRE"},"geometry":{"type":"Polygon","coordinates":[[[0.06935,51.50725],[0.03845,51.50885],[0.03502,51.50928],[0.03141,51.51291],[0.03244,51.51718],[0.03656,51.51825],[0.04377,51.52007],[0.04429,51.52231],[0.05905,51.51996],[0.06017,51.5175],[0.0636,51.51681],[0.06708,51.5166],[0.07201,51.51627],[0.07321,51.51825],[0.07742,51.51798],[0.0803,51.51756],[0.083,51.51691],[0.08158,51.51275],[0.07871,51.50821],[0.07716,51.50359],[0.07107,51.50431],[0.07072,51.50276],[0.07519,51.50169],[0.06995,51.50094],[0.06935,51.50725]]]}},{"type":"Feature","properties":{"source_code":"H81030","codes":["H81030"],"label":"THE HOUSE PARTNERSHIP"},"geometry":{"type":"Polygon","coordinates":[[[-0.18807,51.23906],[-0.188,51.24028],[-0.1881,51.24096],[-0.18862,51.24149],[-0.18951,51.24435],[-0.18497,51.24799],[-0.18488,51.24795],[-0.18033,51.24832],[-0.17904,51.2494],[-0.17587,51.24999],[-0.17218,51.24838],[-0.17055,51.24763],[-0.16668,51.24714],[-0.16668,51.24623],[-0.16488,51.24639],[-0.16297,51.24699],[-0.16162,51.24548],[-0.1569,51.24413],[-0.16102,51.23941],[-0.15939,51.23779],[-0.1599,51.23586],[-0.16299,51.23516],[-0.16385,51.23242],[-0.16634,51.23217],[-0.16949,51.23242],[-0.17269,51.23247],[-0.17475,51.23312],[-0.17664,51.23548],[-0.18033,51.23645],[-0.18282,51.23607],[-0.18239,51.23677],[-0.18299,51.23747],[-0.18482,51.2377],[-0.18582,51.23868],[-0.18688,51.23895],[-0.18807,51.23906]]]}},{"type":"Feature","properties":{"source_code":"F84081","codes":["F84081"],"label":"THE SPITALFIELDS PRACTICE"},"geometry":{"type":"Polygon","coordinates":[[[-0.06729,51.52231],[-0.06715,51.52173],[-0.06441,51.52159],[-0.06304,51.51865],[-0.06272,51.51771],[-0.0624,51.51677],[-0.06203,51.51474],[-0.06652,51.51486],[-0.0665,51.51419],[-0.06718,51.51317],[-0.0669,51.51171],[-0.06892,51.51185],[-0.07011,51.51336],[-0.06892,51.51184],[-0.07092,51.51153],[-0.07278,51.51127],[-0.07307,51.51126],[-0.07305,51.51137],[-0.07308,51.51146],[-0.07309,51.51156],[-0.0731,51.51177],[-0.07344,51.51174],[-0.07436,51.51167],[-0.07483,51.51162],[-0.07507,51.51161],[-0.07523,51.51159],[-0.07538,51.51158],[-0.07573,51.51277],[-0.07587,51.51333],[-0.07616,51.51372],[-0.07492,51.51413],[-0.07385,51.51453],[-0.07595,51.51595],[-0.07666,51.51649],[-0.0776,51.51763],[-0.07854,51.51801],[-0.07957,51.51833],[-0.079,51.5194],[-0.07886,51.52047],[-0.07806,51.52186],[-0.07665,51.52171],[-0.07641,51.52218],[-0.07417,51.5221],[-0.07361,51.52211],[-0.07306,51.52205],[-0.07178,51.52194],[-0.07167,51.52279],[-0.06722,51.52283],[-0.06726,51.52251],[-0.06729,51.52231]],[[-0.06796,51.5149],[-0.06791,51.5149],[-0.06797,51.5149],[-0.06796,51.5149]],[[-0.07051,51.51387],[-0.07051,51.51387],[-0.07036,51.51394],[-0.07051,51.51387]]]}},{"type":"Feature","properties":{"source_code":"F84087","codes":["F84087"],"label":"HARFORD HEALTH CENTRE"},"geometry":{"type":"Polygon","coordinates":[[[-0.03519,51.52461],[-0.03407,51.52129],[-0.03167,51.5198],[-0.03004,51.51681],[-0.02858,51.51473],[-0.02987,51.51456],[-0.0297,51.51387],[-0.03262,51.51323],[-0.03159,51.51254],[-0.03759,51.5128],[-0.03888,51.51248],[-0.04867,51.51371],[-0.04901,51.51558],[-0.05004,51.51537],[-0.04978,51.51921],[-0.05038,51.51921],[-0.05004,51.52076],[-0.05055,51.52119],[-0.0448,51.52242],[-0.04171,51.52258],[-0.03828,51.52386],[-0.03519,51.52514],[-0.03519,51.52461]]]}},{"type":"Feature","properties":{"source_code":"F83061","codes":["F83061"],"label":"MUSEUM PRACTICE"},"geometry":{"type":"Polygon","coordinates":[[[-0.12437,51.50719],[-0.12771,51.50937],[-0.13121,51.51203],[-0.13549,51.51447],[-0.1384,51.51766],[-0.13975,51.52143],[-0.13922,51.52284],[-0.13863,51.52407],[-0.13581,51.52482],[-0.13038,51.52669],[-0.12003,51.52981],[-0.11454,51.5225],[-0.11141,51.51881],[-0.10763,51.51534],[-0.12437,51.50719]]]}},{"type":"Feature","properties":{"source_code":"F84640","codes":["F84640"],"label":"THE NEAMAN PRACTICE"},"geometry":{"type":"Polygon","coordinates":[[[-0.08433,51.52621],[-0.08348,51.52578],[-0.08287,51.52581],[-0.0832,51.52564],[-0.07772,51.5229],[-0.07883,51.52038],[-0.07866,51.52041],[-0.07974,51.51825],[-0.07823,51.51846],[-0.07343,51.51414],[-0.07283,51.51048],[-0.07484,51.50658],[-0.08261,51.5084],[-0.08888,51.50901],[-0.09931,51.51075],[-0.10828,51.51112],[-0.11167,51.5112],[-0.11138,51.51134],[-0.11218,51.51374],[-0.11094,51.51379],[-0.1139,51.5183],[-0.11154,51.51836],[-0.11321,51.5214],[-0.10729,51.5221],[-0.09866,51.52327],[-0.08815,51.52559],[-0.08792,51.5256],[-0.08433,51.52621]],[[-0.08578,51.52433],[-0.09174,51.5213],[-0.08574,51.52431],[-0.08578,51.52433]],[[-0.08554,51.5242],[-0.07893,51.52036],[-0.07886,51.52037],[-0.08554,51.5242]],[[-0.10114,51.51652],[-0.10138,51.5164],[-0.09745,51.51709],[-0.10114,51.51652]],[[-0.10368,51.51522],[-0.10505,51.51453],[-0.10381,51.51515],[-0.10368,51.51522]]]}},{"type":"Feature","properties":{"source_code":"F84017","codes":["F84017"],"label":"STAR LANE MEDICAL CENTRE"},"geometry":{"type":"MultiPolygon","coordinates":[[[[0.01462,51.50658],[0.01453,51.50662],[0.01385,51.50727],[0.01454,51.50664],[0.01462,51.50658]]],[[[0.0347,51.5342],[0.0347,51.5342],[0.03477,51.53421],[0.0347,51.5342]]],[[[0.00765,51.51628],[0.00734,51.51683],[0.0068,51.51722],[0.00575,51.51768],[0.00521,51.51809],[0.00491,51.51852],[0.0046,51.51947],[0.00453,51.5204],[0.00437,51.52154],[0.00439,51.52184],[0.0046,51.52251],[0.00471,51.523],[0.00467,51.52381],[0.00479,51.52479],[0.00482,51.52649],[0.00477,51.52858],[0.00483,51.52907],[0.0048,51.52941],[0.00463,51.52987],[0.00261,51.53398],[0.0021,51.53508],[0.00097,51.53673],[0.00245,51.5371],[0.00494,51.53781],[0.00465,51.53823],[0.0052,51.53839],[0.00637,51.53687],[0.00771,51.53738],[0.008,51.53737],[0.009,51.53714],[0.01151,51.53719],[0.01516,51.53704],[0.01673,51.53689],[0.01767,51.53702],[0.01807,51.53702],[0.02165,51.53683],[0.0231,51.53697],[0.02885,51.53747],[0.0298,51.53758],[0.03107,51.53749],[0.03226,51.53519],[0.03232,51.5351],[0.03301,51.5346],[0.03342,51.53391],[0.0347,51.5342],[0.03601,51.53207],[0.03684,51.53015],[0.03809,51.53025],[0.0415,51.53083],[0.04749,51.53185],[0.04867,51.52971],[0.0479,51.52953],[0.04955,51.52816],[0.0508,51.52825],[0.05075,51.52752],[0.0508,51.52688],[0.04876,51.52661],[0.04921,51.52547],[0.04542,51.52489],[0.04474,51.52301],[0.04791,51.52258],[0.04741,51.52169],[0.04617,51.52183],[0.04586,51.52111],[0.04715,51.52103],[0.04707,51.52027],[0.04701,51.52003],[0.04486,51.52011],[0.04307,51.51991],[0.04115,51.51959],[0.03964,51.51914],[0.038,51.51852],[0.03819,51.51843],[0.03839,51.5182],[0.03842,51.51802],[0.03867,51.51743],[0.03874,51.5171],[0.03875,51.51678],[0.04053,51.51673],[0.04123,51.51665],[0.04168,51.51651],[0.04192,51.51637],[0.04219,51.51582],[0.04205,51.5146],[0.04224,51.51416],[0.04253,51.51342],[0.04303,51.51286],[0.04368,51.5125],[0.04441,51.51227],[0.04551,51.51201],[0.04625,51.51173],[0.04679,51.51137],[0.04719,51.51086],[0.04739,51.51042],[0.04742,51.5101],[0.0474,51.5096],[0.04722,51.50929],[0.04705,51.50915],[0.04697,51.50912],[0.04691,51.50893],[0.04616,51.50896],[0.04369,51.50904],[0.04318,51.509],[0.04151,51.50907],[0.04054,51.50903],[0.04065,51.50927],[0.04045,51.50952],[0.04002,51.5095],[0.0399,51.50932],[0.03991,51.50906],[0.0402,51.50887],[0.04005,51.50761],[0.03972,51.50515],[0.03963,51.50476],[0.0399,51.5046],[0.03966,51.50444],[0.03934,51.50304],[0.03885,51.50281],[0.03666,51.50269],[0.03314,51.50255],[0.03079,51.50232],[0.02906,51.50226],[0.02742,51.50223],[0.02601,51.50234],[0.02493,51.50249],[0.02193,51.50331],[0.02168,51.50295],[0.02146,51.50291],[0.02122,51.50298],[0.02103,51.50318],[0.02078,51.50343],[0.02055,51.50356],[0.01822,51.50448],[0.01669,51.50526],[0.01561,51.50582],[0.01462,51.50658],[0.01603,51.50595],[0.01625,51.50572],[0.01753,51.50505],[0.01891,51.5044],[0.02001,51.50392],[0.02192,51.5033],[0.01603,51.50595],[0.01383,51.50819],[0.01357,51.5082],[0.01321,51.50846],[0.01334,51.5087],[0.01364,51.50882],[0.0132,51.50927],[0.01253,51.51008],[0.01168,51.51109],[0.0113,51.51154],[0.01004,51.51299],[0.00857,51.51485],[0.00811,51.51515],[0.00782,51.51528],[0.0075,51.51565],[0.00765,51.51628]]]]}},{"type":"Feature","properties":{"source_code":"F84012","codes":["F84012"],"label":"ALBION HEALTH CENTRE"},"geometry":{"type":"Polygon","coordinates":[[[-0.05751,51.51462],[-0.06193,51.51482],[-0.06253,51.51748],[-0.06309,51.51911],[-0.06399,51.52055],[-0.06439,51.52195],[-0.06405,51.52332],[-0.06206,51.52332],[-0.06002,51.52342],[-0.05843,51.52366],[-0.05699,51.52387],[-0.05433,51.52437],[-0.05272,51.52462],[-0.0495,51.52543],[-0.04716,51.52219],[-0.05002,51.52121],[-0.04991,51.52035],[-0.04989,51.52025],[-0.04995,51.52],[-0.04995,51.51959],[-0.0495,51.51909],[-0.04963,51.51919],[-0.05001,51.51547],[-0.05302,51.51561],[-0.05313,51.51475],[-0.0533,51.51423],[-0.05751,51.51462]]]}},{"type":"Feature","properties":{"source_code":"F83005","codes":["F83005"],"label":"GOWER STREET PRACTICE"},"geometry":{"type":"Polygon","coordinates":[[[-0.13718,51.51983],[-0.13649,51.52011],[-0.13777,51.52141],[-0.13803,51.52168],[-0.13924,51.52288],[-0.1349,51.52458],[-0.13542,51.52518],[-0.13044,51.52693],[-0.12981,51.52644],[-0.12867,51.52694],[-0.1281,51.52771],[-0.1275,51.52794],[-0.12592,51.52622],[-0.12513,51.52503],[-0.12334,51.52542],[-0.12233,51.52371],[-0.12107,51.52403],[-0.12063,51.52326],[-0.12279,51.5228],[-0.1218,51.52138],[-0.12333,51.52087],[-0.1211,51.51904],[-0.12125,51.51895],[-0.12118,51.51899],[-0.12145,51.51882],[-0.12203,51.51856],[-0.12233,51.51842],[-0.1228,51.51826],[-0.12382,51.51783],[-0.12305,51.51713],[-0.12444,51.51631],[-0.12603,51.51587],[-0.12808,51.51554],[-0.12886,51.51569],[-0.12939,51.51598],[-0.12956,51.51577],[-0.13013,51.51539],[-0.13021,51.51589],[-0.13104,51.51562],[-0.13164,51.51544],[-0.13145,51.51507],[-0.13244,51.51481],[-0.13302,51.51548],[-0.13245,51.51563],[-0.13294,51.51624],[-0.1345,51.51605],[-0.13519,51.51597],[-0.13715,51.51882],[-0.13625,51.51918],[-0.13622,51.5192],[-0.13622,51.5192],[-0.13621,51.51921],[-0.13622,51.5192],[-0.13667,51.51938],[-0.13718,51.51983]]]}},{"type":"Feature","properties":{"source_code":"F83058","codes":["F83058"],"label":"HOLBORN MEDICAL CENTRE"},"geometry":{"type":"Polygon","coordinates":[[[-0.11139,51.51842],[-0.11124,51.51815],[-0.11175,51.51822],[-0.11244,51.51832],[-0.11275,51.5183],[-0.11376,51.51819],[-0.1138,51.51818],[-0.11269,51.51693],[-0.11244,51.51665],[-0.11186,51.51595],[-0.11154,51.51543],[-0.11141,51.51526],[-0.1139,51.51474],[-0.11428,51.5154],[-0.11466,51.51594],[-0.11849,51.51495],[-0.11851,51.51498],[-0.11855,51.51497],[-0.12,51.51706],[-0.12044,51.5176],[-0.12258,51.51724],[-0.12493,51.51713],[-0.12656,51.51697],[-0.1286,51.5167],[-0.13036,51.51643],[-0.13445,51.52069],[-0.13646,51.52282],[-0.13732,51.52375],[-0.13797,51.52487],[-0.13732,51.52529],[-0.13625,51.52557],[-0.13435,51.52608],[-0.13089,51.52732],[-0.1269,51.52883],[-0.12488,51.52963],[-0.12398,51.53005],[-0.12308,51.53049],[-0.12245,51.53059],[-0.12182,51.53058],[-0.12059,51.53027],[-0.1186,51.52753],[-0.11701,51.52534],[-0.1154,51.52391],[-0.11519,51.52369],[-0.11458,51.52315],[-0.11362,51.52195],[-0.11323,51.52148],[-0.11319,51.52142],[-0.11304,51.52123],[-0.11252,51.52034],[-0.11213,51.51971],[-0.11169,51.51893],[-0.11152,51.51868],[-0.11139,51.51842]]]}},{"type":"Feature","properties":{"source_code":"F84092","codes":["F84092"],"label":"GLEN ROAD MEDICAL CENTRE"},"geometry":{"type":"Polygon","coordinates":[[[0.0341,51.53761],[0.0348,51.53675],[0.03562,51.53476],[0.0358,51.53431],[0.03592,51.53422],[0.03605,51.53396],[0.03648,51.5337],[0.03626,51.53376],[0.03637,51.53344],[0.03638,51.53342],[0.03708,51.53352],[0.04034,51.53044],[0.04132,51.53064],[0.04126,51.53072],[0.04281,51.53099],[0.04427,51.53124],[0.04729,51.5318],[0.04841,51.53011],[0.0486,51.52975],[0.04791,51.52959],[0.04738,51.52941],[0.04755,51.52877],[0.04796,51.52814],[0.04834,51.5272],[0.04935,51.52547],[0.04948,51.5236],[0.04811,51.52352],[0.04794,51.52324],[0.04892,51.52231],[0.03352,51.51121],[0.02266,51.52242],[0.02253,51.52275],[0.02236,51.52244],[0.02229,51.52338],[0.02218,51.52365],[0.01901,51.52463],[0.01931,51.52545],[0.01807,51.52567],[0.02149,51.52545],[0.02097,51.52677],[0.02146,51.52546],[0.01807,51.5257],[0.01901,51.52578],[0.01871,51.52602],[0.01876,51.52607],[0.01807,51.52575],[0.01768,51.52725],[0.01828,51.5269],[0.01781,51.52773],[0.01858,51.52813],[0.0191,51.52842],[0.01953,51.52842],[0.02,51.52888],[0.01978,51.52957],[0.01931,51.53045],[0.01944,51.53074],[0.01933,51.53101],[0.02607,51.53196],[0.02206,51.53144],[0.02212,51.53181],[0.02199,51.53172],[0.02247,51.53303],[0.02229,51.53516],[0.02212,51.53686],[0.02457,51.5371],[0.02674,51.53726],[0.02897,51.5375],[0.02882,51.53676],[0.02901,51.53689],[0.02905,51.53755],[0.03058,51.53739],[0.0303,51.53751],[0.0321,51.53755],[0.0341,51.53761]],[[0.03326,51.53622],[0.03425,51.53547],[0.03326,51.53625],[0.03243,51.5366],[0.03326,51.53622]],[[0.04165,51.53015],[0.04317,51.52775],[0.04339,51.52755],[0.04165,51.53015]],[[0.0205,51.528],[0.02045,51.52812],[0.02048,51.52798],[0.0205,51.528]],[[0.04249,51.5285],[0.04094,51.52986],[0.04291,51.528],[0.04249,51.5285]]]}},{"type":"Feature","properties":{"source_code":"E87066","codes":["E87066"],"label":"FITZROVIA MEDICAL CENTRE"},"geometry":{"type":"Polygon","coordinates":[[[-0.13871,51.52862],[-0.13881,51.5291],[-0.13854,51.52917],[-0.13831,51.52914],[-0.13803,51.52923],[-0.13784,51.52934],[-0.13737,51.52943],[-0.13711,51.52943],[-0.13685,51.52939],[-0.13659,51.52921],[-0.1358,51.52845],[-0.13509,51.52789],[-0.13479,51.52758],[-0.13413,51.52688],[-0.1335,51.52629],[-0.13211,51.52673],[-0.13069,51.52723],[-0.13057,51.52714],[-0.13055,51.52712],[-0.13047,51.52708],[-0.13041,51.52702],[-0.1302,51.52686],[-0.13018,51.52685],[-0.12988,51.52657],[-0.12959,51.52631],[-0.12947,51.52619],[-0.12938,51.5261],[-0.12931,51.52603],[-0.12924,51.52596],[-0.12872,51.52551],[-0.12813,51.52498],[-0.12771,51.5246],[-0.1268,51.52372],[-0.12616,51.52316],[-0.12582,51.52283],[-0.12564,51.52271],[-0.12471,51.52198],[-0.12449,51.52181],[-0.12428,51.52164],[-0.12415,51.52154],[-0.12289,51.52054],[-0.12168,51.5195],[-0.12138,51.51924],[-0.12129,51.51923],[-0.12113,51.51916],[-0.1209,51.51903],[-0.12079,51.51881],[-0.1206,51.51836],[-0.12054,51.5181],[-0.12017,51.51731],[-0.12005,51.51717],[-0.11987,51.51692],[-0.11818,51.51466],[-0.11755,51.51363],[-0.11729,51.51319],[-0.11811,51.51289],[-0.11861,51.51254],[-0.11891,51.51204],[-0.11898,51.51124],[-0.11978,51.51099],[-0.12208,51.51003],[-0.12395,51.50918],[-0.12635,51.50797],[-0.12702,51.50756],[-0.1283,51.50677],[-0.12873,51.50658],[-0.13001,51.50608],[-0.13339,51.50471],[-0.13995,51.50203],[-0.14142,51.50213],[-0.14985,51.50234],[-0.15163,51.50168],[-0.15229,51.50216],[-0.15252,51.50269],[-0.15268,51.50282],[-0.15297,51.50282],[-0.15307,51.50317],[-0.15209,51.50405],[-0.15237,51.50433],[-0.15222,51.50482],[-0.15209,51.50509],[-0.15202,51.50557],[-0.15209,51.5058],[-0.15229,51.50616],[-0.15476,51.50819],[-0.15743,51.51006],[-0.15814,51.51119],[-0.15885,51.51242],[-0.15831,51.51288],[-0.15824,51.51358],[-0.1574,51.51393],[-0.15621,51.51411],[-0.15825,51.5183],[-0.16014,51.52248],[-0.16099,51.52431],[-0.16137,51.52515],[-0.16166,51.52577],[-0.16172,51.52604],[-0.16168,51.52689],[-0.16119,51.52733],[-0.15956,51.52624],[-0.15913,51.52562],[-0.15889,51.52519],[-0.15855,51.52491],[-0.15896,51.52449],[-0.15774,51.52455],[-0.15654,51.52411],[-0.15542,51.52367],[-0.14585,51.52535],[-0.146,51.52946],[-0.14426,51.52948],[-0.14423,51.52864],[-0.14302,51.52862],[-0.14145,51.52861],[-0.13871,51.52862]]]}},{"type":"Feature","properties":{"source_code":"F83042","codes":["F83042"],"label":"GRAY'S INN MEDICAL GROUP CHANCERY LANE"},"geometry":{"type":"Polygon","coordinates":[[[-0.08806,51.51734],[-0.08806,51.51732],[-0.08806,51.51734],[-0.09201,51.51729],[-0.09604,51.51724],[-0.09707,51.51724],[-0.0975,51.51489],[-0.10094,51.51563],[-0.1051,51.51703],[-0.10489,51.51694],[-0.10416,51.51427],[-0.10458,51.51406],[-0.10755,51.51408],[-0.10896,51.51403],[-0.11029,51.51376],[-0.11205,51.51352],[-0.11312,51.51315],[-0.1147,51.51286],[-0.1145,51.51274],[-0.1148,51.5128],[-0.11531,51.51304],[-0.11596,51.51315],[-0.11664,51.51318],[-0.11737,51.51315],[-0.1181,51.5129],[-0.11847,51.51298],[-0.11907,51.51324],[-0.12081,51.5139],[-0.12202,51.51442],[-0.12216,51.51437],[-0.123,51.5139],[-0.12345,51.51363],[-0.12426,51.51308],[-0.1251,51.51259],[-0.12624,51.51211],[-0.12759,51.51157],[-0.1286,51.51124],[-0.12857,51.51137],[-0.12857,51.51183],[-0.12867,51.51206],[-0.12868,51.51205],[-0.12973,51.51404],[-0.13089,51.51732],[-0.13083,51.5173],[-0.1339,51.52039],[-0.1381,51.5253],[-0.13304,51.52669],[-0.12866,51.52818],[-0.12488,51.52995],[-0.12325,51.53091],[-0.12033,51.53117],[-0.11596,51.5316],[-0.11115,51.53181],[-0.10652,51.53224],[-0.09562,51.52936],[-0.08918,51.52765],[-0.08775,51.52628],[-0.0869,51.52594],[-0.08665,51.52562],[-0.08742,51.52506],[-0.08733,51.52388],[-0.08708,51.52282],[-0.08682,51.52188],[-0.08695,51.52097],[-0.08729,51.51988],[-0.0878,51.5187],[-0.0879,51.51817],[-0.08789,51.51734],[-0.08806,51.51734]],[[-0.1224,51.51457],[-0.12639,51.51568],[-0.12639,51.51568],[-0.12209,51.51447],[-0.1224,51.51457],[-0.12214,51.5145],[-0.12207,51.51451],[-0.12207,51.51724],[-0.12209,51.51726],[-0.12599,51.51576],[-0.1224,51.51457]],[[-0.12855,51.51225],[-0.12858,51.51221],[-0.12849,51.51224],[-0.12855,51.51225]]]}},{"type":"Feature","properties":{"source_code":"F84718","codes":["F84718"],"label":"THE BLITHEHALE MED.CTR."},"geometry":{"type":"Polygon","coordinates":[[[-0.0739,51.51456],[-0.07648,51.51618],[-0.07901,51.51918],[-0.07744,51.52296],[-0.07719,51.52431],[-0.07795,51.5264],[-0.07729,51.52738],[-0.07578,51.52813],[-0.07461,51.52968],[-0.07275,51.53072],[-0.06944,51.53112],[-0.06641,51.53112],[-0.06553,51.53299],[-0.06263,51.53534],[-0.0602,51.53419],[-0.05738,51.53443],[-0.05838,51.53351],[-0.05682,51.53253],[-0.05686,51.5286],[-0.05647,51.52951],[-0.05612,51.52994],[-0.05592,51.52737],[-0.05609,51.52998],[-0.05612,51.52994],[-0.05626,51.53165],[-0.05556,51.52605],[-0.05495,51.52391],[-0.056,51.5199],[-0.06014,51.5191],[-0.06672,51.51745],[-0.0739,51.51456]]]}},{"type":"Feature","properties":{"source_code":"Y03023","codes":["Y03023"],"label":"ST ANDREWS HEALTH CENTRE"},"geometry":{"type":"Polygon","coordinates":[[[-0.01234,51.52829],[-0.01203,51.52791],[-0.01142,51.52914],[-0.00901,51.52728],[-0.00738,51.52583],[-0.0085,51.52412],[-0.00978,51.52199],[-0.01176,51.5206],[-0.01528,51.51932],[-0.01665,51.51873],[-0.01966,51.51756],[-0.02352,51.51601],[-0.02652,51.51446],[-0.02772,51.51424],[-0.02884,51.5151],[-0.0291,51.51601],[-0.0297,51.51718],[-0.03004,51.51814],[-0.03047,51.51894],[-0.03081,51.51943],[-0.02726,51.51869],[-0.03068,51.51948],[-0.02845,51.51951],[-0.0279,51.5195],[-0.03111,51.51959],[-0.03403,51.52231],[-0.03472,51.52495],[-0.02425,51.52728],[-0.01841,51.52821],[-0.01841,51.5282],[-0.01397,51.52941],[-0.01234,51.52829]],[[-0.01682,51.52126],[-0.01639,51.52066],[-0.01678,51.52128],[-0.01685,51.52139],[-0.01682,51.52126]],[[-0.01648,51.51973],[-0.01643,51.51952],[-0.01622,51.51953],[-0.01609,51.51978],[-0.01631,51.51975],[-0.01648,51.51973]],[[-0.02376,51.51929],[-0.02391,51.51928],[-0.0238,51.51928],[-0.02376,51.51929],[-0.02342,51.5193],[-0.02287,51.51935],[-0.02303,51.51931],[-0.02212,51.51934],[-0.02344,51.51938],[-0.02376,51.51929]]]}},{"type":"Feature","properties":{"source_code":"F84122","codes":["F84122"],"label":"XX PLACE HEALTH CENTRE"},"geometry":{"type":"MultiPolygon","coordinates":[[[[-0.03862,51.51812],[-0.0427,51.5178],[-0.04605,51.51838],[-0.05013,51.51916],[-0.05588,51.51927],[-0.05652,51.52007],[-0.05545,51.52204],[-0.05532,51.52717],[-0.05081,51.52754],[-0.04238,51.53029],[-0.04071,51.52822],[-0.03825,51.52516],[-0.03675,51.52364],[-0.03663,51.52175],[-0.03647,51.51969],[-0.03613,51.51848],[-0.03862,51.51812]]],[[[-0.01784,51.53086],[-0.01129,51.52714],[-0.01069,51.52159],[-0.01663,51.5189],[-0.01832,51.5218],[-0.02197,51.52155],[-0.02521,51.52201],[-0.02816,51.52096],[-0.03086,51.52354],[-0.03034,51.52586],[-0.0291,51.52629],[-0.02128,51.52813],[-0.0192,51.53147],[-0.01784,51.53086]]],[[[-0.01784,51.53086],[-0.0191,51.53157],[-0.01349,51.52889],[-0.01784,51.53086]]]]}},{"type":"Feature","properties":{"source_code":"F83048","codes":["F83048"],"label":"BRUNSWICK MEDICAL CENTRE UHPC"},"geometry":{"type":"Polygon","coordinates":[[[-0.14308,51.53272],[-0.1272,51.53432],[-0.12426,51.53516],[-0.1225,51.53694],[-0.11596,51.53691],[-0.11302,51.53662],[-0.11064,51.53572],[-0.10933,51.53551],[-0.10721,51.53578],[-0.10723,51.53425],[-0.10629,51.53316],[-0.10633,51.53269],[-0.10621,51.53196],[-0.10591,51.53187],[-0.10433,51.53104],[-0.10215,51.52951],[-0.10067,51.52787],[-0.09924,51.52417],[-0.09868,51.52336],[-0.09997,51.52293],[-0.10115,51.52262],[-0.10237,51.52266],[-0.10631,51.52209],[-0.10543,51.51964],[-0.10514,51.51729],[-0.10481,51.51594],[-0.10465,51.51438],[-0.10999,51.51408],[-0.11111,51.51388],[-0.11154,51.51518],[-0.11384,51.51495],[-0.11463,51.51597],[-0.11868,51.51501],[-0.12159,51.51493],[-0.12338,51.5155],[-0.12903,51.51514],[-0.13021,51.51648],[-0.13285,51.51631],[-0.13394,51.51748],[-0.1358,51.51934],[-0.13697,51.51886],[-0.13976,51.52149],[-0.14404,51.52385],[-0.14308,51.53272]]]}},{"type":"Feature","properties":{"source_code":"F83624","codes":["F83624"],"label":"CLERKENWELL MEDICAL PRACTICE"},"geometry":{"type":"Polygon","coordinates":[[[-0.12248,51.5308],[-0.12076,51.53107],[-0.10446,51.5316],[-0.103,51.53294],[-0.10016,51.53278],[-0.09596,51.5316],[-0.09527,51.52952],[-0.08883,51.52781],[-0.08763,51.5261],[-0.08669,51.52167],[-0.08866,51.51734],[-0.08978,51.51777],[-0.09656,51.51745],[-0.0975,51.51505],[-0.10506,51.5175],[-0.11141,51.51809],[-0.1133,51.52156],[-0.11956,51.52866],[-0.12059,51.53027],[-0.12248,51.5308]]]}},{"type":"Feature","properties":{"source_code":"F83678","codes":["F83678"],"label":"DR SEGARAJASINGHE"},"geometry":{"type":"Polygon","coordinates":[[[-0.10509,51.5172],[-0.10527,51.51781],[-0.10514,51.51722],[-0.10509,51.5172],[-0.10508,51.51718],[-0.10675,51.51765],[-0.109,51.51781],[-0.11104,51.51814],[-0.11141,51.51842],[-0.11186,51.51929],[-0.11222,51.51972],[-0.11336,51.52153],[-0.1133,51.52153],[-0.11385,51.52226],[-0.11463,51.52316],[-0.11463,51.52316],[-0.11587,51.52426],[-0.11536,51.52396],[-0.1157,51.52434],[-0.11549,51.52444],[-0.11484,51.52423],[-0.11518,51.52458],[-0.11549,51.52444],[-0.11553,51.52445],[-0.11521,51.52468],[-0.11598,51.52437],[-0.11647,51.52486],[-0.11736,51.52581],[-0.11777,51.52631],[-0.11839,51.52724],[-0.11862,51.52764],[-0.11922,51.5283],[-0.12052,51.52991],[-0.12088,51.53031],[-0.12248,51.53065],[-0.12245,51.53252],[-0.12234,51.53366],[-0.12228,51.53446],[-0.12234,51.53657],[-0.12239,51.53701],[-0.12277,51.53804],[-0.1233,51.5386],[-0.12394,51.539],[-0.12451,51.53934],[-0.125,51.54062],[-0.12512,51.54113],[-0.12116,51.54188],[-0.11752,51.54283],[-0.11741,51.54286],[-0.11734,51.54259],[-0.11734,51.5421],[-0.11544,51.54265],[-0.11341,51.54314],[-0.1106,51.54378],[-0.10874,51.54428],[-0.10748,51.54453],[-0.10769,51.54507],[-0.10643,51.54533],[-0.10522,51.54563],[-0.10397,51.54594],[-0.10316,51.54592],[-0.1022,51.54613],[-0.10002,51.54642],[-0.09862,51.54678],[-0.09687,51.54726],[-0.09535,51.54724],[-0.09348,51.5472],[-0.09182,51.54712],[-0.08939,51.54692],[-0.08817,51.54679],[-0.08712,51.54667],[-0.08712,51.54668],[-0.0863,51.5466],[-0.08493,51.54658],[-0.08377,51.5466],[-0.08364,51.54505],[-0.08403,51.54391],[-0.08437,51.543],[-0.08476,51.54198],[-0.08523,51.54081],[-0.08583,51.53956],[-0.08613,51.53859],[-0.0866,51.53742],[-0.08763,51.53715],[-0.08811,51.53686],[-0.08965,51.53605],[-0.08669,51.53246],[-0.08692,51.53161],[-0.08689,51.53164],[-0.08677,51.53207],[-0.08632,51.53115],[-0.0863,51.53099],[-0.08626,51.53091],[-0.08628,51.53084],[-0.08626,51.53063],[-0.08641,51.5302],[-0.08682,51.52984],[-0.08725,51.52934],[-0.0875,51.52901],[-0.088,51.52772],[-0.08785,51.52611],[-0.0869,51.52577],[-0.08742,51.52525],[-0.08744,51.52526],[-0.08757,51.52501],[-0.08748,51.52435],[-0.0874,51.52348],[-0.0872,51.52244],[-0.08701,51.52184],[-0.08729,51.52059],[-0.08768,51.51951],[-0.08793,51.51861],[-0.08838,51.518],[-0.08879,51.51724],[-0.0901,51.51746],[-0.09276,51.5174],[-0.09529,51.51744],[-0.09652,51.51742],[-0.09695,51.51721],[-0.09699,51.51649],[-0.09714,51.51571],[-0.09737,51.51513],[-0.0981,51.51515],[-0.09907,51.51545],[-0.10237,51.51629],[-0.10413,51.5169],[-0.10509,51.5172]],[[-0.11316,51.52154],[-0.11322,51.52161],[-0.1133,51.52153],[-0.11316,51.52154]],[[-0.11106,51.52167],[-0.10934,51.5219],[-0.11146,51.52165],[-0.11106,51.52167]],[[-0.1027,51.52252],[-0.1032,51.52254],[-0.10438,51.52249],[-0.10548,51.52231],[-0.10658,51.5222],[-0.10702,51.52217],[-0.10703,51.52218],[-0.10793,51.52207],[-0.10574,51.52227],[-0.10431,51.52247],[-0.1027,51.52252]],[[-0.10724,51.52246],[-0.10737,51.52262],[-0.10778,51.52296],[-0.10811,51.52326],[-0.10986,51.52444],[-0.11075,51.52514],[-0.11226,51.52605],[-0.113,51.52634],[-0.11365,51.52591],[-0.11372,51.52585],[-0.1135,51.52594],[-0.113,51.52631],[-0.11231,51.52585],[-0.11094,51.52509],[-0.11052,51.52465],[-0.10724,51.52246]],[[-0.11437,51.5253],[-0.11431,51.52538],[-0.11449,51.52522],[-0.11437,51.5253]],[[-0.10567,51.53187],[-0.10305,51.53316],[-0.10355,51.53346],[-0.10567,51.53187],[-0.1063,51.53156],[-0.11188,51.52721],[-0.10707,51.52559],[-0.10763,51.52583],[-0.10875,51.52626],[-0.10875,51.52626],[-0.11184,51.52722],[-0.1099,51.52869],[-0.10991,51.52869],[-0.10825,51.52993],[-0.10626,51.53144],[-0.10626,51.53143],[-0.10567,51.53187]],[[-0.08706,51.5311],[-0.08736,51.52998],[-0.08735,51.52999],[-0.08712,51.53083],[-0.08707,51.53101],[-0.08706,51.5311]],[[-0.08841,51.52712],[-0.08831,51.5264],[-0.08832,51.52661],[-0.08838,51.52717],[-0.08798,51.52821],[-0.0875,51.52945],[-0.08746,51.5296],[-0.08748,51.52963],[-0.08841,51.52712]],[[-0.08995,51.52551],[-0.09373,51.52487],[-0.09699,51.52412],[-0.09862,51.52352],[-0.09862,51.52343],[-0.09974,51.52316],[-0.1006,51.5234],[-0.09967,51.52308],[-0.09899,51.52325],[-0.09879,51.52331],[-0.09857,51.52334],[-0.09819,51.5234],[-0.09745,51.52368],[-0.09659,51.52401],[-0.09565,51.52422],[-0.0946,51.52457],[-0.09357,51.52475],[-0.09221,51.52502],[-0.09136,51.52518],[-0.09036,51.52531],[-0.08942,51.52541],[-0.08874,51.5255],[-0.08808,51.52548],[-0.08813,51.5255],[-0.08828,51.52582],[-0.08995,51.52551]],[[-0.08811,51.52546],[-0.08781,51.52539],[-0.08805,51.52547],[-0.08811,51.52546]],[[-0.08905,51.52523],[-0.08832,51.52541],[-0.09597,51.5238],[-0.09531,51.52392],[-0.09371,51.52423],[-0.09231,51.52454],[-0.09092,51.52483],[-0.08905,51.52523]],[[-0.10186,51.52255],[-0.10197,51.52254],[-0.1019,51.52254],[-0.10186,51.52255]],[[-0.10198,51.5337],[-0.09974,51.5348],[-0.10314,51.53363],[-0.10198,51.5337]],[[-0.09725,51.53419],[-0.09727,51.53394],[-0.09716,51.53395],[-0.09597,51.5344],[-0.09725,51.53419]],[[-0.09021,51.53659],[-0.09029,51.53667],[-0.09027,51.53657],[-0.09026,51.53657],[-0.09021,51.53659]],[[-0.09031,51.53682],[-0.09005,51.53775],[-0.09033,51.5369],[-0.09031,51.53682]],[[-0.08922,51.54022],[-0.0889,51.54132],[-0.08955,51.53928],[-0.08922,51.54022]],[[-0.08789,51.54425],[-0.08718,51.5465],[-0.08724,51.5464],[-0.09286,51.54203],[-0.0927,51.5421],[-0.09167,51.54273],[-0.08997,51.54396],[-0.08929,51.54447],[-0.08865,51.54493],[-0.08811,51.54531],[-0.08729,51.54627],[-0.08888,51.54138],[-0.08823,51.54263],[-0.08789,51.54425]]]}},{"type":"Feature","properties":{"source_code":"F84053","codes":["F84053"],"label":"GREENGATE MEDICAL CENTRE"},"geometry":{"type":"MultiPolygon","coordinates":[[[[0.01762,51.52561],[0.0135,51.5182],[0.03463,51.51753],[0.0303,51.51689],[0.02481,51.5174],[0.0179,51.5171],[0.01614,51.51737],[0.01468,51.51753],[0.01349,51.51819],[0.01348,51.51817],[0.01257,51.51902],[0.0121,51.51969],[0.01223,51.52015],[0.01227,51.52079],[0.01232,51.52263],[0.01227,51.52364],[0.01275,51.52434],[0.01352,51.52487],[0.01442,51.52511],[0.01762,51.52561]]],[[[0.01762,51.52561],[0.01794,51.52618],[0.01802,51.52567],[0.01762,51.52561]]],[[[0.04557,51.52664],[0.04133,51.51964],[0.0413,51.51971],[0.03871,51.51897],[0.03648,51.51798],[0.03433,51.51756],[0.04093,51.52054],[0.0406,51.52129],[0.04047,51.52191],[0.04004,51.5221],[0.03944,51.52434],[0.04086,51.52346],[0.04249,51.52324],[0.04317,51.52581],[0.04309,51.52621],[0.04557,51.52664]]],[[[0.02041,51.53092],[0.01889,51.53026],[0.01929,51.53105],[0.0199,51.53102],[0.0204,51.53092],[0.02041,51.53092]]],[[[0.02041,51.53092],[0.0219,51.53157],[0.02185,51.53143],[0.0213,51.53055],[0.02041,51.53092]]],[[[0.04254,51.53102],[0.04171,51.53088],[0.03802,51.53021],[0.03785,51.53061],[0.03724,51.53187],[0.04254,51.53102]]],[[[0.04557,51.52664],[0.04726,51.52944],[0.04547,51.53055],[0.04254,51.53102],[0.04714,51.53178],[0.04833,51.53199],[0.0495,51.52991],[0.04731,51.52944],[0.04832,51.52712],[0.04557,51.52664]]],[[[0.03724,51.53187],[0.0294,51.53312],[0.02377,51.53237],[0.0219,51.53157],[0.022,51.53181],[0.02204,51.53201],[0.02383,51.5324],[0.02381,51.53239],[0.0264,51.53296],[0.02799,51.53329],[0.02815,51.53324],[0.02832,51.53307],[0.02841,51.53304],[0.02851,51.53304],[0.02935,51.53313],[0.02923,51.53315],[0.03116,51.53328],[0.03189,51.53363],[0.03249,51.53379],[0.03476,51.53424],[0.03498,51.53363],[0.03579,51.53382],[0.03618,51.53376],[0.03712,51.53211],[0.03724,51.53187]]]]}},{"type":"Feature","properties":{"source_code":"F83044","codes":["F83044"],"label":"THE BLOOMSBURY SURGERY"},"geometry":{"type":"Polygon","coordinates":[[[-0.11433,51.53171],[-0.10978,51.52423],[-0.10523,51.51718],[-0.13149,51.5144],[-0.14214,51.52583],[-0.11433,51.53171]]]}},{"type":"Feature","properties":{"source_code":"F84681","codes":["F84681"],"label":"BALAAM STREET PRACTICE"},"geometry":{"type":"Polygon","coordinates":[[[-0.00652,51.50938],[0.00721,51.53502],[0.00352,51.54105],[0.0245,51.54684],[0.0325,51.54733],[0.03225,51.53992],[0.03707,51.53075],[0.07845,51.50319],[0.072,51.49943],[0.05869,51.49791],[0.04545,51.49915],[0.02463,51.49651],[0.01672,51.50005],[0.01216,51.50449],[0.00794,51.50679],[-0.00652,51.50938]]]}},{"type":"Feature","properties":{"source_code":"F84118","codes":["F84118"],"label":"WELLINGTON WAY HEALTH CENTRE"},"geometry":{"type":"MultiPolygon","coordinates":[[[[-0.0318,51.52925],[-0.03716,51.52765],[-0.03759,51.5281],[-0.03249,51.52981],[-0.0318,51.52925]]],[[[-0.01695,51.53072],[-0.01545,51.53009],[-0.01532,51.53005],[-0.01525,51.53001],[-0.01511,51.52995],[-0.01521,51.52998],[-0.0127,51.52848],[-0.01137,51.52704],[-0.01159,51.52615],[-0.01154,51.52618],[-0.01163,51.52477],[-0.01747,51.52276],[-0.01893,51.52156],[-0.01983,51.52033],[-0.02081,51.51969],[-0.02236,51.5187],[-0.02369,51.51838],[-0.02557,51.51824],[-0.02564,51.5182],[-0.02983,51.51726],[-0.03138,51.52003],[-0.03146,51.51972],[-0.03395,51.52208],[-0.03407,51.5221],[-0.03474,51.52503],[-0.03708,51.52765],[-0.03159,51.52922],[-0.02996,51.52864],[-0.0315,51.52937],[-0.02386,51.5328],[-0.01721,51.53066],[-0.02403,51.53296],[-0.02335,51.53323],[-0.02244,51.53336],[-0.02,51.53235],[-0.01695,51.53072]]],[[[-0.01179,51.52604],[-0.01768,51.52284],[-0.01776,51.52288],[-0.01769,51.52276],[-0.01179,51.52604]]],[[[-0.03451,51.52477],[-0.03457,51.52487],[-0.03458,51.52487],[-0.03451,51.52477]]],[[[-0.0325,51.52186],[-0.03172,51.52174],[-0.03254,51.52192],[-0.0325,51.52186]]],[[[-0.02299,51.51984],[-0.02317,51.51973],[-0.02297,51.51983],[-0.02299,51.51984]]]]}},{"type":"Feature","properties":{"source_code":"F84083","codes":["F84083"],"label":"BETHNAL GREEN HEALTH CTR."},"geometry":{"type":"Polygon","coordinates":[[[-0.06206,51.53181],[-0.05759,51.53267],[-0.05708,51.53264],[-0.05699,51.53224],[-0.05579,51.52898],[-0.05545,51.52738],[-0.05716,51.52733],[-0.06326,51.52653],[-0.06618,51.52626],[-0.06892,51.52583],[-0.07064,51.52541],[-0.07193,51.52471],[-0.073,51.52421],[-0.07375,51.52403],[-0.07433,51.5237],[-0.07575,51.5236],[-0.07725,51.52367],[-0.07733,51.52482],[-0.07819,51.52685],[-0.07673,51.5277],[-0.07542,51.5286],[-0.07489,51.52957],[-0.07432,51.53011],[-0.07358,51.53036],[-0.07236,51.53096],[-0.06635,51.53123],[-0.06206,51.53181]]]}},{"type":"Feature","properties":{"source_code":"F84052","codes":["F84052"],"label":"ESSEX LODGE"},"geometry":{"type":"Polygon","coordinates":[[[0.07072,51.50746],[0.04223,51.50746],[0.0294,51.50795],[0.00848,51.50815],[-0.00318,51.52038],[-0.01923,51.53438],[0.00644,51.53705],[0.05673,51.53892],[0.05961,51.52319],[0.07072,51.50746]]]}},{"type":"Feature","properties":{"source_code":"Y01719","codes":["Y01719"],"label":"PRIME PRACTICE PARTNERSHIP"},"geometry":{"type":"Polygon","coordinates":[[[0.12613,51.54444],[0.12397,51.54577],[0.12542,51.54708],[0.13024,51.55131],[0.13044,51.55181],[0.13162,51.55199],[0.13416,51.55242],[0.13596,51.55252],[0.137,51.55289],[0.14034,51.55384],[0.14367,51.55465],[0.1466,51.55679],[0.14724,51.55777],[0.14766,51.55874],[0.14793,51.56112],[0.14902,51.56126],[0.14983,51.56137],[0.15054,51.56132],[0.15137,51.56109],[0.15289,51.56086],[0.15391,51.56129],[0.1569,51.56222],[0.16061,51.56284],[0.16128,51.56202],[0.16237,51.56216],[0.16863,51.56384],[0.17405,51.56471],[0.17782,51.56495],[0.1848,51.56457],[0.18398,51.56387],[0.18383,51.5637],[0.1837,51.56323],[0.18331,51.56259],[0.18263,51.56145],[0.18259,51.56116],[0.1832,51.56084],[0.18352,51.56058],[0.18453,51.56023],[0.18472,51.56003],[0.18461,51.55945],[0.18482,51.559],[0.18454,51.55758],[0.18468,51.55702],[0.18444,51.55667],[0.18507,51.55643],[0.18591,51.55623],[0.18698,51.5555],[0.18733,51.55533],[0.18758,51.55498],[0.18732,51.55455],[0.18801,51.55433],[0.18818,51.55399],[0.19006,51.55258],[0.1894,51.55137],[0.18749,51.5502],[0.18702,51.54944],[0.18598,51.54761],[0.18484,51.54702],[0.1818,51.54546],[0.1801,51.54406],[0.17952,51.54242],[0.17966,51.54145],[0.17916,51.54025],[0.17807,51.53955],[0.17693,51.53939],[0.17441,51.53824],[0.17306,51.53656],[0.17071,51.53263],[0.16587,51.5287],[0.15887,51.51374],[0.1593,51.51296],[0.15638,51.50906],[0.12731,51.51606],[0.12731,51.51666],[0.12725,51.51791],[0.12722,51.51976],[0.12733,51.5233],[0.12742,51.53165],[0.12705,51.53281],[0.12703,51.53402],[0.12698,51.53538],[0.12718,51.53675],[0.12725,51.53758],[0.12772,51.53869],[0.12757,51.54044],[0.12711,51.54244],[0.12613,51.54444]]]}},{"type":"Feature","properties":{"source_code":"F84044","codes":["F84044"],"label":"HARLEY GROVE MEDICAL CTR."},"geometry":{"type":"Polygon","coordinates":[[[-0.03943,51.53087],[-0.03451,51.53215],[-0.0319,51.5329],[-0.02708,51.53475],[-0.02225,51.5334],[-0.01485,51.52983],[-0.02076,51.52631],[-0.01956,51.5245],[-0.02685,51.52092],[-0.02711,51.52055],[-0.03411,51.52202],[-0.03454,51.52502],[-0.03943,51.53087]]]}},{"type":"Feature","properties":{"source_code":"F83064","codes":["F83064"],"label":"CITY ROAD MEDICAL CENTRE"},"geometry":{"type":"Polygon","coordinates":[[[-0.09759,51.52981],[-0.0918,51.5283],[-0.09207,51.52909],[-0.09028,51.52929],[-0.08945,51.52915],[-0.08866,51.52928],[-0.08863,51.52842],[-0.08877,51.5275],[-0.08725,51.52589],[-0.0851,51.52626],[-0.08452,51.52606],[-0.08399,51.52597],[-0.08541,51.52467],[-0.08412,51.52463],[-0.08474,51.52138],[-0.08537,51.52007],[-0.08622,51.51876],[-0.08999,51.51997],[-0.09027,51.51955],[-0.0912,51.51975],[-0.09083,51.52026],[-0.09064,51.52077],[-0.09236,51.52106],[-0.09311,51.52088],[-0.09401,51.52081],[-0.09452,51.52201],[-0.09451,51.52201],[-0.09452,51.52202],[-0.09452,51.52201],[-0.09519,51.52183],[-0.09594,51.52164],[-0.09742,51.52159],[-0.09765,51.52069],[-0.10169,51.51976],[-0.10154,51.52119],[-0.10203,51.52256],[-0.10108,51.52266],[-0.10013,51.52291],[-0.0986,51.52339],[-0.09785,51.52287],[-0.0954,51.52384],[-0.09625,51.52537],[-0.09675,51.527],[-0.09761,51.52981],[-0.09759,51.52981]]]}},{"type":"Feature","properties":{"source_code":"Y02674","codes":["Y02674"],"label":"CAMDEN HEALTH IMPROVEMENT PRACTICE"},"geometry":{"type":"Polygon","coordinates":[[[-0.15261,51.53641],[-0.16428,51.53577],[-0.17544,51.53993],[-0.18969,51.53566],[-0.19535,51.54014],[-0.21578,51.55669],[-0.20445,51.56128],[-0.19655,51.56555],[-0.16909,51.57312],[-0.15175,51.57152],[-0.14248,51.56949],[-0.13853,51.55712],[-0.1284,51.549],[-0.12257,51.53897],[-0.12377,51.53085],[-0.11639,51.52946],[-0.10592,51.52145],[-0.10403,51.51419],[-0.11106,51.51419],[-0.126,51.50832],[-0.13098,51.51633],[-0.14231,51.5237],[-0.1466,51.52455],[-0.15261,51.53641]]]}},{"type":"Feature","properties":{"source_code":"F83652","codes":["F83652"],"label":"AMWELL GROUP PRACTICE"},"geometry":{"type":"Polygon","coordinates":[[[-0.13081,51.52733],[-0.13063,51.52765],[-0.12639,51.52893],[-0.12413,51.52987],[-0.12275,51.53052],[-0.12248,51.53139],[-0.12231,51.53464],[-0.12231,51.53627],[-0.12274,51.53795],[-0.12338,51.53867],[-0.12437,51.53918],[-0.12492,51.53978],[-0.12503,51.54053],[-0.12506,51.54097],[-0.12525,51.54136],[-0.12565,51.54212],[-0.12611,51.54365],[-0.12625,51.54449],[-0.12629,51.54462],[-0.12629,51.54478],[-0.12634,51.54506],[-0.12585,51.54517],[-0.1253,51.54532],[-0.12423,51.54563],[-0.12209,51.5462],[-0.12023,51.54672],[-0.11917,51.54681],[-0.11815,51.5468],[-0.11751,51.54681],[-0.11692,51.54711],[-0.11596,51.54757],[-0.11396,51.54858],[-0.11189,51.54924],[-0.11079,51.54956],[-0.10938,51.5504],[-0.10937,51.55042],[-0.1064,51.54808],[-0.106,51.5478],[-0.10561,51.54752],[-0.10541,51.54737],[-0.10519,51.54724],[-0.10475,51.54699],[-0.1041,51.54666],[-0.10343,51.54633],[-0.10331,51.5462],[-0.10315,51.54606],[-0.10315,51.54563],[-0.10236,51.54551],[-0.10217,51.54542],[-0.10207,51.54532],[-0.10199,51.54519],[-0.10186,51.54508],[-0.10136,51.54468],[-0.10123,51.54458],[-0.10111,51.54447],[-0.10098,51.54432],[-0.10076,51.54391],[-0.10065,51.54374],[-0.10039,51.54343],[-0.10023,51.54315],[-0.1001,51.54294],[-0.10004,51.54283],[-0.09992,51.54274],[-0.09924,51.5424],[-0.09871,51.54212],[-0.09817,51.54183],[-0.09695,51.54123],[-0.09637,51.54092],[-0.09583,51.54059],[-0.09539,51.54036],[-0.09505,51.54015],[-0.09425,51.53965],[-0.09263,51.53868],[-0.09194,51.53804],[-0.09122,51.5374],[-0.09053,51.53676],[-0.09,51.5363],[-0.08988,51.53621],[-0.08979,51.53613],[-0.08991,51.53607],[-0.09334,51.53436],[-0.09431,51.53395],[-0.09435,51.5339],[-0.09459,51.53381],[-0.09497,51.53367],[-0.09532,51.53353],[-0.09552,51.53346],[-0.09569,51.53339],[-0.09638,51.53316],[-0.09672,51.53306],[-0.0969,51.53301],[-0.09703,51.53298],[-0.09577,51.5312],[-0.09524,51.53027],[-0.09506,51.52983],[-0.09544,51.5292],[-0.0916,51.52821],[-0.08968,51.52769],[-0.08872,51.52742],[-0.08844,51.52713],[-0.0882,51.52684],[-0.08802,51.52667],[-0.08789,51.52633],[-0.08693,51.52581],[-0.08505,51.52629],[-0.08482,51.52558],[-0.08504,51.52521],[-0.08532,51.52485],[-0.08543,51.52462],[-0.0852,51.52439],[-0.08514,51.52393],[-0.0841,51.52399],[-0.08435,51.52347],[-0.08442,51.52286],[-0.08461,51.52183],[-0.08502,51.52088],[-0.08621,51.51878],[-0.08998,51.52],[-0.09064,51.52015],[-0.09161,51.52039],[-0.09227,51.52068],[-0.09238,51.52106],[-0.0945,51.52202],[-0.0945,51.522],[-0.09453,51.52203],[-0.09562,51.52166],[-0.09739,51.52159],[-0.0975,51.52019],[-0.09947,51.51964],[-0.09975,51.51995],[-0.1,51.52025],[-0.10279,51.51949],[-0.10483,51.51884],[-0.10532,51.51857],[-0.10779,51.51779],[-0.10824,51.51784],[-0.10875,51.5179],[-0.10924,51.51797],[-0.1098,51.51804],[-0.11031,51.5181],[-0.11087,51.51818],[-0.11141,51.51823],[-0.11192,51.51822],[-0.11286,51.51827],[-0.11334,51.51828],[-0.1138,51.51825],[-0.11569,51.51808],[-0.11801,51.51782],[-0.11885,51.51772],[-0.11927,51.51769],[-0.12032,51.51766],[-0.12027,51.51767],[-0.12038,51.51775],[-0.12044,51.51787],[-0.12053,51.518],[-0.12055,51.51811],[-0.12062,51.51826],[-0.1207,51.5185],[-0.12075,51.51865],[-0.12086,51.51887],[-0.12099,51.51901],[-0.1213,51.51916],[-0.12278,51.52033],[-0.12577,51.52279],[-0.13081,51.52733]]]}},{"type":"Feature","properties":{"source_code":"F84123","codes":["F84123"],"label":"SUTTONS WHARF HEALTH CENTRE"},"geometry":{"type":"Polygon","coordinates":[[[-0.06276,51.51857],[-0.06322,51.51944],[-0.06373,51.52028],[-0.06434,51.52199],[-0.06405,51.5231],[-0.06379,51.5238],[-0.06405,51.52458],[-0.06454,51.52644],[-0.06507,51.52825],[-0.06221,51.52888],[-0.06353,51.53146],[-0.05691,51.53257],[-0.05343,51.53303],[-0.04997,51.53342],[-0.04696,51.53236],[-0.04467,51.53168],[-0.04446,51.53188],[-0.04409,51.53221],[-0.04339,51.53249],[-0.04256,51.53275],[-0.04178,51.53306],[-0.04109,51.53332],[-0.04034,51.5336],[-0.03939,51.53397],[-0.03881,51.53413],[-0.03849,51.53419],[-0.03723,51.5342],[-0.03223,51.53537],[-0.03046,51.53563],[-0.02885,51.53579],[-0.0279,51.53588],[-0.02777,51.53544],[-0.02717,51.53462],[-0.02648,51.53381],[-0.02492,51.53246],[-0.02399,51.53292],[-0.02218,51.53088],[-0.02102,51.52977],[-0.01913,51.52821],[-0.02186,51.52781],[-0.02459,51.52732],[-0.0279,51.52663],[-0.0314,51.52587],[-0.03261,51.52566],[-0.03368,51.52541],[-0.03414,51.52529],[-0.03472,51.52513],[-0.03498,51.52509],[-0.03499,51.52508],[-0.03499,51.52508],[-0.03498,51.52509],[-0.0358,51.5248],[-0.03723,51.52423],[-0.03849,51.52356],[-0.04,51.523],[-0.04265,51.5224],[-0.04463,51.52221],[-0.04652,51.52191],[-0.04842,51.52147],[-0.05559,51.52006],[-0.05701,51.51983],[-0.05911,51.51937],[-0.06276,51.51857]]]}},{"type":"Feature","properties":{"source_code":"F84051","codes":["F84051"],"label":"STROUTS PLACE MEDICAL CENTRE"},"geometry":{"type":"Polygon","coordinates":[[[-0.07815,51.52728],[-0.07995,51.52729],[-0.08019,51.5272],[-0.08022,51.53422],[-0.07704,51.53462],[-0.077,51.53521],[-0.0701,51.53552],[-0.07001,51.53502],[-0.06289,51.53499],[-0.06152,51.53245],[-0.05946,51.53267],[-0.05864,51.53406],[-0.05508,51.53507],[-0.05345,51.53505],[-0.04453,51.53184],[-0.04312,51.5312],[-0.0399,51.52714],[-0.03698,51.52423],[-0.03998,51.52298],[-0.04607,51.52183],[-0.06276,51.51841],[-0.06714,51.51716],[-0.07186,51.51521],[-0.07447,51.51852],[-0.07447,51.5202],[-0.07765,51.52287],[-0.07722,51.5245],[-0.07778,51.52567],[-0.07808,51.52629],[-0.07815,51.52728]]]}},{"type":"Feature","properties":{"source_code":"F84055","codes":["F84055"],"label":"THE GROVE ROAD SURGERY"},"geometry":{"type":"Polygon","coordinates":[[[-0.05721,51.5355],[-0.05532,51.53614],[-0.0448,51.53809],[-0.04429,51.53675],[-0.043,51.53627],[-0.0415,51.5332],[-0.04154,51.53318],[-0.04146,51.53312],[-0.0415,51.5332],[-0.03858,51.53424],[-0.03661,51.53432],[-0.03407,51.53496],[-0.03219,51.53235],[-0.02794,51.52645],[-0.03485,51.52506],[-0.03918,51.52316],[-0.04227,51.52244],[-0.04407,51.52223],[-0.04626,51.52191],[-0.0497,51.52557],[-0.05111,51.52789],[-0.05553,51.52733],[-0.05562,51.52877],[-0.05652,51.53117],[-0.05708,51.53272],[-0.05738,51.53435],[-0.05712,51.53553],[-0.05721,51.5355]]]}},{"type":"Feature","properties":{"source_code":"F83635","codes":["F83635"],"label":"KINGS CROSS SURGERY"},"geometry":{"type":"Polygon","coordinates":[[[-0.29921,51.58016],[-0.27349,51.60458],[-0.25189,51.62004],[-0.238,51.63821],[-0.22205,51.64572],[-0.18535,51.65903],[-0.14165,51.63343],[-0.10865,51.61172],[-0.09006,51.5819],[-0.11149,51.52418],[-0.12171,51.49811],[-0.16248,51.49806],[-0.23651,51.52909],[-0.28056,51.55036],[-0.29921,51.58016]]]}},{"type":"Feature","properties":{"source_code":"F84004","codes":["F84004"],"label":"MARKET STREET HEALTH GROUP"},"geometry":{"type":"MultiPolygon","coordinates":[[[[0.04569,51.51904],[0.04566,51.51889],[0.03193,51.5175],[0.04569,51.51904]]],[[[0.07296,51.52466],[0.07321,51.51985],[0.07141,51.51505],[0.06025,51.51579],[0.05871,51.52049],[0.04569,51.51904],[0.04652,51.52274],[0.03983,51.5238],[0.03279,51.52498],[0.03107,51.5269],[0.03639,51.53032],[0.04223,51.53096],[0.04017,51.53342],[0.04017,51.53651],[0.05064,51.53886],[0.06042,51.54271],[0.06377,51.54479],[0.06815,51.54431],[0.07296,51.52466]]]]}},{"type":"Feature","properties":{"source_code":"F84016","codes":["F84016"],"label":"THE MISSION PRACTICE"},"geometry":{"type":"Polygon","coordinates":[[[-0.05721,51.53442],[-0.05583,51.53492],[-0.05448,51.53522],[-0.05283,51.53491],[-0.04982,51.53346],[-0.04807,51.53287],[-0.04487,51.53173],[-0.04459,51.53187],[-0.04324,51.53127],[-0.04227,51.5304],[-0.03993,51.52733],[-0.04141,51.52714],[-0.04525,51.52657],[-0.04839,51.52594],[-0.05043,51.52538],[-0.05367,51.52463],[-0.05879,51.52403],[-0.06564,51.52352],[-0.06869,51.52336],[-0.07163,51.52279],[-0.07152,51.52331],[-0.07169,51.52489],[-0.07416,51.52449],[-0.07654,51.52435],[-0.07671,51.52625],[-0.07718,51.52732],[-0.0756,51.52849],[-0.07476,51.52972],[-0.07411,51.53021],[-0.07212,51.53089],[-0.0698,51.53101],[-0.06772,51.53116],[-0.06463,51.53147],[-0.06506,51.53291],[-0.06214,51.53326],[-0.0627,51.53392],[-0.063,51.53498],[-0.06244,51.53557],[-0.06148,51.53519],[-0.06092,51.53467],[-0.06036,51.53424],[-0.05942,51.53411],[-0.05852,51.53416],[-0.05721,51.53442]]]}},{"type":"Feature","properties":{"source_code":"F84050","codes":["F84050"],"label":"BOLEYN MEDICAL CENTRE"},"geometry":{"type":"Polygon","coordinates":[[[0.03253,51.53969],[0.03837,51.54104],[0.03755,51.54206],[0.04371,51.5435],[0.04494,51.54342],[0.04678,51.54337],[0.0473,51.54293],[0.0498,51.54317],[0.05458,51.54375],[0.05495,51.54225],[0.05922,51.54295],[0.06143,51.53971],[0.06241,51.53988],[0.06519,51.53653],[0.06298,51.53612],[0.06353,51.53479],[0.0637,51.53335],[0.06609,51.53336],[0.06661,51.53235],[0.06601,51.53115],[0.06403,51.53044],[0.06437,51.52913],[0.06583,51.52771],[0.06682,51.5268],[0.05749,51.52258],[0.05426,51.52171],[0.05051,51.52223],[0.03965,51.52364],[0.03691,51.53254],[0.03253,51.53969]]]}},{"type":"Feature","properties":{"source_code":"F84124","codes":["F84124"],"label":"THE PROJECT SURGERY"},"geometry":{"type":"Polygon","coordinates":[[[0.00489,51.53027],[0.00747,51.53144],[0.00918,51.53486],[0.00592,51.53721],[0.03407,51.53753],[0.03828,51.53021],[0.03631,51.53032],[0.02635,51.5237],[0.01219,51.53059],[0.00489,51.53027]]]}},{"type":"Feature","properties":{"source_code":"F84010","codes":["F84010"],"label":"ASPIRE MEDICAL CENTRE"},"geometry":{"type":"Polygon","coordinates":[[[0.03636,51.53581],[0.03711,51.53601],[0.0374,51.53639],[0.03758,51.53664],[0.03763,51.53672],[0.0377,51.5368],[0.03771,51.53684],[0.0378,51.53685],[0.03798,51.53688],[0.03852,51.53709],[0.03907,51.53729],[0.04037,51.53751],[0.04201,51.53835],[0.04353,51.5376],[0.04491,51.53692],[0.04617,51.53721],[0.04826,51.5377],[0.04859,51.53777],[0.04904,51.53787],[0.04916,51.5379],[0.04939,51.53795],[0.04978,51.53804],[0.05032,51.53816],[0.05073,51.53824],[0.05076,51.53825],[0.0508,51.53826],[0.05083,51.53827],[0.05101,51.53832],[0.05117,51.53836],[0.05127,51.53838],[0.05129,51.53838],[0.05132,51.53839],[0.05135,51.5384],[0.05141,51.53841],[0.05148,51.53841],[0.05156,51.53843],[0.0517,51.53844],[0.05201,51.53849],[0.05229,51.53852],[0.05256,51.53857],[0.06238,51.53989],[0.06471,51.53736],[0.06527,51.53687],[0.06553,51.53672],[0.06591,51.5364],[0.06727,51.53542],[0.06633,51.5341],[0.06646,51.53392],[0.0666,51.53371],[0.06696,51.53316],[0.06739,51.53254],[0.06656,51.53195],[0.06598,51.53128],[0.06589,51.53118],[0.06574,51.53101],[0.06548,51.53086],[0.06485,51.53061],[0.06387,51.53054],[0.06507,51.52993],[0.06523,51.52951],[0.06468,51.52888],[0.06896,51.52558],[0.06852,51.52484],[0.06663,51.52487],[0.0661,51.5251],[0.06288,51.52349],[0.06391,51.5223],[0.05897,51.5208],[0.04077,51.52341],[0.03946,51.52431],[0.03851,51.52378],[0.03559,51.52417],[0.03265,51.52457],[0.03271,51.52482],[0.03281,51.52513],[0.03269,51.52546],[0.03257,51.52558],[0.03223,51.52579],[0.03202,51.52592],[0.03158,51.52619],[0.03105,51.52626],[0.03073,51.52631],[0.03058,51.52632],[0.03029,51.52629],[0.03015,51.52627],[0.02998,51.52629],[0.02998,51.52628],[0.02997,51.52628],[0.02988,51.5263],[0.0308,51.52697],[0.03292,51.52833],[0.03105,51.5295],[0.03036,51.52997],[0.0289,51.53027],[0.02808,51.53325],[0.02423,51.53246],[0.02322,51.53224],[0.02214,51.53201],[0.02221,51.53262],[0.02266,51.53303],[0.02892,51.53439],[0.0352,51.53583],[0.0353,51.53585],[0.03531,51.53581],[0.03535,51.53572],[0.03541,51.53558],[0.03569,51.53566],[0.03636,51.53581]]]}},{"type":"Feature","properties":{"source_code":"F84669","codes":["F84669"],"label":"CENTRAL PARK SURGERY"},"geometry":{"type":"Polygon","coordinates":[[[0.02768,51.53248],[0.02987,51.53387],[0.04429,51.53742],[0.04781,51.53195],[0.05424,51.53299],[0.05613,51.52642],[0.04575,51.52493],[0.0448,51.52306],[0.03545,51.52383],[0.0303,51.52441],[0.02961,51.52557],[0.02768,51.53248]]]}},{"type":"Feature","properties":{"source_code":"F84635","codes":["F84635"],"label":"SHOREDITCH PARK SURGERY"},"geometry":{"type":"Polygon","coordinates":[[[-0.07854,51.5276],[-0.08429,51.52653],[-0.08712,51.52631],[-0.08796,51.52715],[-0.08793,51.52714],[-0.08892,51.52813],[-0.08796,51.52715],[-0.08896,51.52773],[-0.09064,51.52812],[-0.09197,51.52856],[-0.09334,51.53318],[-0.08922,51.53526],[-0.08652,51.53611],[-0.08579,51.5395],[-0.07682,51.53905],[-0.07742,51.53275],[-0.07738,51.53072],[-0.07854,51.5276]]]}},{"type":"Feature","properties":{"source_code":"F84692","codes":["F84692"],"label":"THE HOXTON SURGERY"},"geometry":{"type":"MultiPolygon","coordinates":[[[[-0.07685,51.52754],[-0.07632,51.52791],[-0.07669,51.52762],[-0.07685,51.52754]]],[[[-0.07632,51.52791],[-0.07626,51.52796],[-0.07624,51.52797],[-0.07622,51.52799],[-0.076,51.52816],[-0.07619,51.528],[-0.07632,51.52791]]],[[[-0.076,51.52816],[-0.07572,51.52839],[-0.07577,51.52834],[-0.076,51.52816]]],[[[-0.07572,51.52839],[-0.07554,51.5286],[-0.07553,51.52861],[-0.07551,51.52864],[-0.07504,51.52917],[-0.07556,51.52853],[-0.07572,51.52839]]],[[[-0.07259,51.54625],[-0.07318,51.54627],[-0.07257,51.54631],[-0.07259,51.54625]]],[[[-0.07551,51.52864],[-0.07554,51.5286],[-0.07622,51.52799],[-0.07626,51.52796],[-0.07697,51.5275],[-0.07785,51.52706],[-0.07785,51.52706],[-0.07685,51.52754],[-0.07769,51.52696],[-0.07771,51.52697],[-0.07791,51.52687],[-0.0781,51.5262],[-0.07785,51.52582],[-0.07745,51.52517],[-0.07734,51.52486],[-0.07728,51.52401],[-0.07757,51.52326],[-0.07826,51.52188],[-0.07859,51.52145],[-0.07895,51.52047],[-0.07972,51.52053],[-0.08168,51.52089],[-0.08265,51.52013],[-0.08297,51.51997],[-0.0827,51.52013],[-0.08326,51.51982],[-0.08351,51.51983],[-0.08523,51.52031],[-0.08484,51.52133],[-0.08436,51.52333],[-0.08425,51.52392],[-0.08416,51.52451],[-0.08382,51.52621],[-0.08406,51.52632],[-0.08465,51.52637],[-0.08564,51.52614],[-0.08688,51.52579],[-0.08718,51.52547],[-0.08765,51.52533],[-0.08826,51.52557],[-0.08778,51.5261],[-0.08868,51.52749],[-0.09019,51.52785],[-0.09538,51.5292],[-0.0951,51.52995],[-0.09547,51.53072],[-0.09703,51.53294],[-0.09516,51.53351],[-0.09227,51.53471],[-0.08982,51.53585],[-0.08652,51.53743],[-0.08577,51.53953],[-0.08484,51.54194],[-0.0839,51.54429],[-0.0836,51.54525],[-0.08384,51.54655],[-0.08075,51.54644],[-0.07793,51.54615],[-0.07628,51.54611],[-0.0748,51.54627],[-0.07349,51.54628],[-0.07318,51.54627],[-0.07351,51.54625],[-0.07259,51.54623],[-0.07266,51.546],[-0.07236,51.54623],[-0.07259,51.54623],[-0.07259,51.54625],[-0.07233,51.54625],[-0.07233,51.54625],[-0.07083,51.54624],[-0.07057,51.54622],[-0.06974,51.54628],[-0.06806,51.54615],[-0.06461,51.54584],[-0.06339,51.54576],[-0.0598,51.54648],[-0.05772,51.54654],[-0.05512,51.54674],[-0.05517,51.54632],[-0.05543,51.54428],[-0.0553,51.54343],[-0.05537,51.54344],[-0.05533,51.54338],[-0.05525,51.54347],[-0.05521,51.54094],[-0.05543,51.54041],[-0.05671,51.53901],[-0.0571,51.53841],[-0.05708,51.53797],[-0.05691,51.5371],[-0.05712,51.53639],[-0.05716,51.53512],[-0.05731,51.5336],[-0.05703,51.5327],[-0.05815,51.53241],[-0.05955,51.53227],[-0.06124,51.53196],[-0.06328,51.53163],[-0.06502,51.53136],[-0.06678,51.53124],[-0.06682,51.53119],[-0.06967,51.53103],[-0.07102,51.53097],[-0.07214,51.53085],[-0.07313,51.53056],[-0.07414,51.5302],[-0.07463,51.52984],[-0.07499,51.52929],[-0.07551,51.52864]]],[[[-0.06639,51.53178],[-0.06624,51.53193],[-0.06635,51.53183],[-0.06639,51.53178]]],[[[-0.0778,51.52707],[-0.07763,51.52714],[-0.07782,51.52706],[-0.0778,51.52707]]]]}},{"type":"Feature","properties":{"source_code":"F84096","codes":["F84096"],"label":"THE LAWSON PRACTICE"},"geometry":{"type":"Polygon","coordinates":[[[-0.0866,51.53729],[-0.0836,51.54521],[-0.08377,51.54663],[-0.07583,51.54612],[-0.06987,51.54628],[-0.06369,51.5458],[-0.05858,51.54658],[-0.0551,51.54663],[-0.05523,51.54102],[-0.05566,51.53988],[-0.05716,51.53833],[-0.05716,51.53264],[-0.06334,51.5316],[-0.07107,51.53099],[-0.07261,51.53075],[-0.07467,51.52984],[-0.07579,51.52826],[-0.07785,51.52698],[-0.07714,51.5274],[-0.0766,51.52582],[-0.07652,51.52425],[-0.07519,51.52439],[-0.07556,51.52167],[-0.07878,51.52151],[-0.08106,51.52194],[-0.08178,51.52079],[-0.08273,51.52011],[-0.08328,51.51982],[-0.08524,51.52031],[-0.08454,51.52209],[-0.08416,51.52459],[-0.08455,51.52467],[-0.08539,51.52465],[-0.08505,51.52526],[-0.0847,51.52547],[-0.08507,51.52623],[-0.087,51.52574],[-0.0878,51.52616],[-0.08847,51.52725],[-0.08893,51.52751],[-0.09064,51.52796],[-0.09328,51.52865],[-0.09539,51.5292],[-0.09509,51.52981],[-0.09552,51.53078],[-0.09692,51.53286],[-0.08958,51.53591],[-0.08911,51.53534],[-0.08655,51.53614],[-0.0866,51.53729]]]}},{"type":"Feature","properties":{"source_code":"F83006","codes":["F83006"],"label":"AMPTHILL & REGENTS PARK PRACTICE"},"geometry":{"type":"Polygon","coordinates":[[[-0.12849,51.52856],[-0.13913,51.52503],[-0.14862,51.53913],[-0.14483,51.53974],[-0.14083,51.54024],[-0.13265,51.54102],[-0.12849,51.52856]]]}},{"type":"Feature","properties":{"source_code":"F84111","codes":["F84111"],"label":"ABBEY ROAD MEDICAL PRACTICE"},"geometry":{"type":"Polygon","coordinates":[[[0.01161,51.52614],[-0.00667,51.52713],[-0.01348,51.53397],[-0.00663,51.53957],[-0.00294,51.5416],[0.01355,51.54074],[0.02161,51.53868],[0.02167,51.53109],[0.01791,51.53115],[0.01161,51.52614]]]}},{"type":"Feature","properties":{"source_code":"F83021","codes":["F83021"],"label":"RITCHIE STREET GROUP PRACTICE"},"geometry":{"type":"MultiPolygon","coordinates":[[[[-0.1098,51.55117],[-0.11012,51.55133],[-0.10961,51.55119],[-0.1098,51.55117]]],[[[-0.12882,51.53352],[-0.13257,51.53544],[-0.13325,51.53798],[-0.13557,51.53961],[-0.13591,51.54204],[-0.13304,51.54281],[-0.12984,51.5432],[-0.12613,51.54348],[-0.12632,51.54505],[-0.1257,51.54521],[-0.12514,51.54527],[-0.12463,51.54551],[-0.12445,51.54548],[-0.12437,51.54551],[-0.12415,51.54556],[-0.12413,51.54569],[-0.12364,51.5458],[-0.123,51.54596],[-0.12218,51.5462],[-0.12115,51.54652],[-0.11986,51.54682],[-0.11815,51.54679],[-0.1166,51.54727],[-0.11536,51.54791],[-0.11446,51.54826],[-0.11368,51.54863],[-0.11265,51.54898],[-0.11175,51.54927],[-0.11106,51.54964],[-0.11003,51.55114],[-0.1098,51.55117],[-0.10969,51.55111],[-0.10913,51.55143],[-0.10815,51.55165],[-0.10712,51.55194],[-0.10626,51.55205],[-0.10551,51.5523],[-0.1048,51.55279],[-0.1066,51.558],[-0.0986,51.56094],[-0.09598,51.56122],[-0.09366,51.5606],[-0.09171,51.56025],[-0.08534,51.55206],[-0.0848,51.55097],[-0.0836,51.54583],[-0.08347,51.54513],[-0.08519,51.54061],[-0.08557,51.53966],[-0.08652,51.53738],[-0.09418,51.53392],[-0.09695,51.53303],[-0.0963,51.53209],[-0.09495,51.52993],[-0.09533,51.52918],[-0.08845,51.52744],[-0.08763,51.52598],[-0.08819,51.52554],[-0.09356,51.52466],[-0.09596,51.52412],[-0.09645,51.52391],[-0.09707,51.5237],[-0.0975,51.52359],[-0.09922,51.52311],[-0.10119,51.5225],[-0.10355,51.52247],[-0.10673,51.52231],[-0.11149,51.52546],[-0.11321,51.52634],[-0.11411,51.52661],[-0.11553,51.52754],[-0.11583,51.52789],[-0.11613,51.52995],[-0.11737,51.53029],[-0.11982,51.53085],[-0.12175,51.53072],[-0.12591,51.52904],[-0.12882,51.53352]]]]}},{"type":"Feature","properties":{"source_code":"F83032","codes":["F83032"],"label":"ST PETER'S STREET MEDICAL PRACTICE"},"geometry":{"type":"MultiPolygon","coordinates":[[[[-0.11066,51.54919],[-0.10924,51.54746],[-0.10767,51.54505],[-0.10563,51.54556],[-0.10441,51.5458],[-0.10397,51.54595],[-0.1036,51.54597],[-0.10319,51.54605],[-0.10267,51.54619],[-0.10212,51.5462],[-0.10053,51.54632],[-0.09813,51.54691],[-0.09776,51.54672],[-0.0973,51.54593],[-0.0968,51.54497],[-0.09643,51.54418],[-0.09554,51.54317],[-0.09431,51.54142],[-0.09258,51.54227],[-0.09168,51.54273],[-0.09099,51.54327],[-0.08879,51.54487],[-0.08788,51.54552],[-0.0874,51.54604],[-0.08714,51.54667],[-0.08633,51.54657],[-0.08548,51.54657],[-0.08463,51.54661],[-0.08379,51.54659],[-0.08362,51.5451],[-0.08418,51.54376],[-0.08456,51.54256],[-0.08488,51.54177],[-0.08502,51.5413],[-0.08555,51.53993],[-0.08578,51.53932],[-0.08608,51.5387],[-0.08626,51.53798],[-0.08652,51.53738],[-0.08658,51.53614],[-0.0879,51.5357],[-0.08916,51.53534],[-0.08775,51.53337],[-0.08697,51.53234],[-0.08632,51.53129],[-0.0863,51.53064],[-0.08653,51.53006],[-0.08719,51.52954],[-0.08775,51.52831],[-0.08801,51.52717],[-0.08803,51.52661],[-0.0877,51.52606],[-0.08817,51.52568],[-0.08871,51.52552],[-0.0897,51.52542],[-0.0916,51.52515],[-0.09346,51.52482],[-0.09523,51.52433],[-0.09613,51.52409],[-0.09695,51.52383],[-0.09774,51.52354],[-0.09858,51.52333],[-0.10035,51.52288],[-0.10076,51.52273],[-0.10122,51.52265],[-0.1021,51.52254],[-0.10221,51.52304],[-0.10253,51.52353],[-0.10327,51.52437],[-0.10389,51.52503],[-0.10414,51.52551],[-0.10405,51.52585],[-0.10545,51.52557],[-0.10607,51.52578],[-0.10659,51.52606],[-0.10761,51.52627],[-0.10853,51.52696],[-0.10983,51.52799],[-0.11028,51.529],[-0.11047,51.52979],[-0.11123,51.53166],[-0.11147,51.5326],[-0.1145,51.53232],[-0.11499,51.53413],[-0.11438,51.53678],[-0.11375,51.5387],[-0.11334,51.54319],[-0.11046,51.54381],[-0.10755,51.54465],[-0.10911,51.54718],[-0.11011,51.5484],[-0.11059,51.54899],[-0.11066,51.54919]]],[[[-0.11066,51.54919],[-0.11096,51.54956],[-0.11083,51.54985],[-0.1107,51.54997],[-0.11083,51.54971],[-0.11066,51.54919]]],[[[-0.11023,51.55087],[-0.11013,51.55078],[-0.1103,51.55051],[-0.1105,51.55014],[-0.1107,51.54997],[-0.11023,51.55087]]]]}},{"type":"Feature","properties":{"source_code":"F84030","codes":["F84030"],"label":"RUSTON STREET CLINIC"},"geometry":{"type":"Polygon","coordinates":[[[-0.02604,51.54025],[-0.02159,51.53443],[-0.02222,51.53497],[-0.0191,51.53173],[-0.03017,51.52946],[-0.03468,51.53571],[-0.02723,51.5393],[-0.02725,51.53932],[-0.02914,51.54225],[-0.02764,51.54263],[-0.02604,51.54025]]]}},{"type":"Feature","properties":{"source_code":"F84642","codes":["F84642"],"label":"LUCAS AVENUE PRACTICE"},"geometry":{"type":"Polygon","coordinates":[[[-0.00721,51.51173],[-0.00961,51.5222],[-0.01133,51.52754],[-0.02575,51.53502],[-0.02747,51.54228],[-0.0333,51.54719],[-0.01957,51.5521],[-0.00996,51.55295],[-0.00549,51.55722],[0.00446,51.56405],[0.01339,51.5728],[0.01717,51.57195],[0.03468,51.57728],[0.04395,51.576],[0.05047,51.57216],[0.05527,51.56277],[0.06557,51.55551],[0.06798,51.55039],[0.06626,51.54078],[0.0721,51.53352],[0.07347,51.52455],[0.05562,51.51921],[0.04292,51.52028],[0.03193,51.51686],[0.0206,51.51729],[0.00961,51.51579],[0.0,51.5128],[-0.00721,51.51173]]]}},{"type":"Feature","properties":{"source_code":"F84749","codes":["F84749"],"label":"CARPENTERS PRACTICE"},"geometry":{"type":"MultiPolygon","coordinates":[[[[0.01495,51.52278],[0.01367,51.52101],[0.01495,51.52272],[0.01545,51.52241],[0.0169,51.52236],[0.01888,51.52214],[0.02109,51.52172],[0.02249,51.52229],[0.02371,51.52116],[0.02457,51.51994],[0.02403,51.5189],[0.02354,51.51809],[0.02372,51.51755],[0.02498,51.51747],[0.02512,51.51592],[0.02539,51.51474],[0.02507,51.51233],[0.02534,51.51143],[0.02589,51.51065],[0.02634,51.50992],[0.02621,51.50729],[0.02666,51.50546],[0.0281,51.50532],[0.02789,51.50218],[0.02473,51.50257],[0.02179,51.50339],[0.01886,51.50423],[0.01669,51.50552],[0.01461,51.50659],[0.0133,51.5078],[0.01298,51.50825],[0.01203,51.50901],[0.00964,51.50969],[0.00838,51.50994],[0.00643,51.51025],[0.00557,51.51016],[0.00561,51.51021],[0.00492,51.51013],[0.00311,51.51025],[0.00239,51.51137],[0.00293,51.51255],[0.00393,51.51407],[0.00465,51.5148],[0.00862,51.5157],[0.00813,51.51609],[0.00736,51.51676],[0.00641,51.51746],[0.00533,51.518],[0.00465,51.51921],[0.00451,51.52073],[0.00704,51.52064],[0.00768,51.52137],[0.00704,51.52219],[0.01107,51.52278],[0.01256,51.52264],[0.01495,51.52278]]],[[[-0.00623,51.52609],[-0.00664,51.52589],[-0.00718,51.52629],[-0.00799,51.52685],[-0.00947,51.52803],[-0.01033,51.52862],[-0.01069,51.52944],[-0.0125,51.52955],[-0.01317,51.52992],[-0.01304,51.53025],[-0.01331,51.53094],[-0.01444,51.53119],[-0.01589,51.53181],[-0.01607,51.53229],[-0.01367,51.53338],[-0.01304,51.53375],[-0.01327,51.53425],[-0.01358,51.53436],[-0.01376,51.5347],[-0.01169,51.53552],[-0.00825,51.53785],[-0.00508,51.54102],[-0.00417,51.54147],[-0.00241,51.54023],[-0.00192,51.53928],[-0.00097,51.53821],[0.00168,51.53515],[0.00344,51.53248],[0.00434,51.53161],[0.00339,51.53124],[0.00267,51.5311],[0.00177,51.53107],[0.001,51.53076],[0.00055,51.53028],[0.00087,51.52986],[0.00046,51.52972],[0.0,51.52882],[-0.00049,51.5282],[-0.00072,51.52797],[-0.00171,51.52733],[-0.00393,51.52665],[-0.00519,51.52632],[-0.00623,51.52609]]],[[[0.06359,51.54958],[0.06483,51.54756],[0.067,51.54804],[0.06795,51.54585],[0.06623,51.54473],[0.06307,51.54456],[0.05941,51.54386],[0.05909,51.54281],[0.05719,51.54149],[0.05633,51.54096],[0.05466,51.54045],[0.05231,51.53972],[0.05172,51.53938],[0.05132,51.53933],[0.05055,51.53924],[0.04888,51.53916],[0.04734,51.53879],[0.0468,51.53975],[0.04477,51.53916],[0.04296,51.54197],[0.0421,51.54335],[0.04147,51.54475],[0.04111,51.54604],[0.04004,51.54834],[0.04515,51.54974],[0.04375,51.54983],[0.03982,51.55053],[0.03846,51.55084],[0.04601,51.55196],[0.04682,51.55233],[0.05187,51.55363],[0.05571,51.55461],[0.05887,51.55588],[0.06405,51.5568],[0.06454,51.5557],[0.06558,51.55323],[0.0663,51.5502],[0.06359,51.54958]]]]}},{"type":"Feature","properties":{"source_code":"F84677","codes":["F84677"],"label":"EAST END MEDICAL CENTRE"},"geometry":{"type":"Polygon","coordinates":[[[0.02153,51.54308],[0.02202,51.53675],[0.0221,51.5367],[0.02153,51.54308],[0.02129,51.5462],[0.03609,51.54763],[0.03653,51.54629],[0.03765,51.54175],[0.04058,51.53743],[0.03368,51.53477],[0.00807,51.5355],[0.00883,51.5388],[0.00942,51.54264],[0.02125,51.54623],[0.02153,51.54308]]]}},{"type":"Feature","properties":{"source_code":"F84088","codes":["F84088"],"label":"PLASHET ROAD MEDICAL CENTRE"},"geometry":{"type":"MultiPolygon","coordinates":[[[[0.00952,51.53729],[0.00953,51.53715],[0.00951,51.5373],[0.00952,51.53729]]],[[[0.03995,51.54831],[0.04094,51.54655],[0.04154,51.54447],[0.04274,51.54239],[0.0448,51.53924],[0.04266,51.53827],[0.04463,51.53715],[0.04618,51.53598],[0.04678,51.53416],[0.04768,51.53187],[0.04399,51.53125],[0.04049,51.53063],[0.03699,51.53016],[0.03579,51.53005],[0.0303,51.52669],[0.02995,51.5263],[0.02927,51.52597],[0.02704,51.52776],[0.02541,51.52909],[0.02197,51.53037],[0.02008,51.53101],[0.01717,51.53149],[0.01596,51.53219],[0.0133,51.53358],[0.01092,51.5344],[0.01129,51.53561],[0.01163,51.53561],[0.01197,51.53646],[0.01195,51.5371],[0.01022,51.53714],[0.00982,51.53713],[0.00952,51.53729],[0.0095,51.53769],[0.00961,51.53798],[0.00981,51.53818],[0.01073,51.53918],[0.01039,51.5411],[0.00925,51.54276],[0.01287,51.54388],[0.02172,51.54607],[0.0285,51.54682],[0.03476,51.54746],[0.03995,51.54831]]]]}},{"type":"Feature","properties":{"source_code":"F84070","codes":["F84070"],"label":"LATHOM ROAD MEDICAL CENTRE"},"geometry":{"type":"MultiPolygon","coordinates":[[[[0.02722,51.54991],[0.04274,51.55181],[0.04103,51.55135],[0.03656,51.55103],[0.03365,51.5506],[0.0309,51.55007],[0.0285,51.54986],[0.02722,51.54991]]],[[[0.04274,51.55181],[0.04343,51.55199],[0.04515,51.5521],[0.04274,51.55181]]],[[[0.02722,51.54991],[0.02502,51.54964],[0.02549,51.54964],[0.02687,51.5498],[0.02875,51.5498],[0.03047,51.54996],[0.0327,51.55023],[0.03468,51.5506],[0.03553,51.55077],[0.03708,51.55093],[0.03948,51.55109],[0.04154,51.55141],[0.04645,51.55213],[0.04635,51.55237],[0.04652,51.55214],[0.04661,51.55215],[0.04667,51.55192],[0.04669,51.55189],[0.04746,51.55109],[0.04789,51.55023],[0.04841,51.54911],[0.04845,51.54849],[0.04901,51.5482],[0.05013,51.54804],[0.0527,51.54751],[0.05553,51.5466],[0.05862,51.54601],[0.06145,51.54548],[0.06334,51.54505],[0.06566,51.54479],[0.06781,51.54415],[0.06738,51.54292],[0.06643,51.54116],[0.06678,51.53972],[0.06738,51.53849],[0.06824,51.53715],[0.06935,51.53571],[0.07115,51.534],[0.07167,51.53267],[0.07236,51.53107],[0.07253,51.52963],[0.07244,51.52813],[0.07296,51.52706],[0.07313,51.5261],[0.07278,51.52551],[0.0721,51.52487],[0.07064,51.52455],[0.06892,51.52396],[0.06678,51.52295],[0.06437,51.52226],[0.06283,51.52162],[0.0612,51.52087],[0.05991,51.52044],[0.05699,51.51991],[0.05596,51.51953],[0.0533,51.51964],[0.05141,51.5198],[0.0491,51.51991],[0.04704,51.52012],[0.04506,51.52012],[0.04283,51.52039],[0.04111,51.51991],[0.0394,51.51932],[0.03648,51.51782],[0.03356,51.5174],[0.03262,51.51734],[0.03227,51.51809],[0.03227,51.51927],[0.03176,51.52055],[0.03176,51.52108],[0.03116,51.52226],[0.0309,51.52348],[0.03038,51.52445],[0.03013,51.52525],[0.02901,51.52562],[0.02832,51.52717],[0.02721,51.52792],[0.02652,51.52877],[0.02515,51.52957],[0.02343,51.53011],[0.02197,51.53053],[0.0212,51.53091],[0.02206,51.53144],[0.0224,51.53251],[0.02266,51.53347],[0.02257,51.53438],[0.02257,51.53566],[0.02249,51.53678],[0.023,51.53827],[0.02292,51.53929],[0.02309,51.54046],[0.02326,51.54132],[0.02343,51.54201],[0.02369,51.54308],[0.02378,51.5442],[0.02403,51.54575],[0.02403,51.54714],[0.0242,51.54804],[0.02403,51.54852],[0.02435,51.54956],[0.0242,51.54954],[0.02436,51.54958],[0.02438,51.54964],[0.02461,51.54964],[0.02592,51.54996],[0.02722,51.54991]]],[[[0.04707,51.55054],[0.04682,51.55119],[0.04686,51.55087],[0.04707,51.55054]]]]}},{"type":"Feature","properties":{"source_code":"F84072","codes":["F84072"],"label":"DE BEAUVOIR SURGERY"},"geometry":{"type":"MultiPolygon","coordinates":[[[[-0.06844,51.55121],[-0.06844,51.55123],[-0.06829,51.55125],[-0.06844,51.55121]]],[[[-0.0854,51.55205],[-0.08536,51.55209],[-0.08538,51.55205],[-0.0854,51.55205]]],[[[-0.06844,51.55121],[-0.06835,51.54992],[-0.06809,51.54831],[-0.06391,51.54836],[-0.06389,51.54803],[-0.06295,51.54666],[-0.06241,51.54599],[-0.06153,51.54447],[-0.06112,51.54354],[-0.06258,51.54331],[-0.06221,51.54297],[-0.06181,51.54166],[-0.06378,51.54146],[-0.06261,51.53954],[-0.06196,51.53841],[-0.06152,51.53835],[-0.06077,51.53777],[-0.06113,51.5375],[-0.0616,51.53694],[-0.06204,51.53617],[-0.06207,51.53598],[-0.06364,51.53438],[-0.06496,51.53334],[-0.06636,51.53125],[-0.06965,51.53101],[-0.07159,51.53096],[-0.0731,51.53057],[-0.07393,51.53025],[-0.07437,51.53047],[-0.07589,51.53062],[-0.07913,51.5308],[-0.08017,51.53085],[-0.08022,51.53106],[-0.08293,51.53103],[-0.0859,51.53102],[-0.08635,51.53122],[-0.08712,51.53254],[-0.0889,51.53505],[-0.08965,51.53603],[-0.09102,51.53723],[-0.0926,51.5387],[-0.09461,51.53984],[-0.09581,51.54065],[-0.09386,51.54164],[-0.09251,51.54225],[-0.09103,51.54317],[-0.08896,51.54473],[-0.08769,51.54565],[-0.0869,51.54691],[-0.08653,51.54746],[-0.08662,51.54776],[-0.08761,51.54833],[-0.08705,51.54965],[-0.08593,51.55106],[-0.08538,51.55205],[-0.08346,51.55217],[-0.07932,51.55166],[-0.07826,51.55212],[-0.07728,51.55216],[-0.07507,51.55228],[-0.07497,51.55198],[-0.07186,51.5519],[-0.07248,51.55108],[-0.07168,51.55077],[-0.06965,51.55087],[-0.06844,51.55121]]]]}},{"type":"Feature","properties":{"source_code":"F83012","codes":["F83012"],"label":"ELIZABETH AVENUE GROUP PRACTICE"},"geometry":{"type":"Polygon","coordinates":[[[-0.10283,51.54591],[-0.09716,51.54708],[-0.09094,51.54732],[-0.09304,51.54719],[-0.08703,51.54666],[-0.0812,51.54634],[-0.07673,51.54591],[-0.07497,51.54612],[-0.08132,51.53964],[-0.08656,51.53611],[-0.08883,51.53534],[-0.08665,51.53115],[-0.09019,51.53084],[-0.09251,51.53039],[-0.09403,51.52896],[-0.1004,51.53052],[-0.10634,51.53208],[-0.10274,51.53758],[-0.10225,51.53873],[-0.10244,51.54009],[-0.10317,51.54239],[-0.10325,51.54607],[-0.09974,51.54655],[-0.10283,51.54591]]]}},{"type":"Feature","properties":{"source_code":"F84632","codes":["F84632"],"label":"THE GREENHOUSE WALK-IN"},"geometry":{"type":"MultiPolygon","coordinates":[[[[-0.05086,51.54104],[-0.04858,51.54335],[-0.05119,51.54946],[-0.04429,51.5489],[-0.03502,51.54804],[-0.03433,51.54377],[-0.03948,51.54164],[-0.04154,51.53993],[-0.04532,51.53843],[-0.04944,51.53758],[-0.05086,51.54104]]],[[[-0.05201,51.54953],[-0.05013,51.54484],[-0.05306,51.54641],[-0.05441,51.54972],[-0.05201,51.54953]]],[[[-0.05119,51.54946],[-0.05201,51.54953],[-0.0539,51.55423],[-0.05427,51.5557],[-0.0515,51.55018],[-0.05119,51.54946]]],[[[-0.05689,51.56165],[-0.05596,51.56064],[-0.05424,51.55786],[-0.05689,51.56165]]],[[[-0.1086,51.56352],[-0.11604,51.55957],[-0.11192,51.56235],[-0.1086,51.56352]]],[[[-0.05689,51.56165],[-0.05759,51.5624],[-0.05665,51.56064],[-0.05459,51.55701],[-0.05427,51.5557],[-0.05765,51.56246],[-0.06111,51.56619],[-0.06214,51.56875],[-0.06345,51.56945],[-0.06077,51.56523],[-0.05441,51.54972],[-0.06008,51.55018],[-0.05306,51.54641],[-0.05086,51.54104],[-0.05699,51.5348],[-0.05793,51.53543],[-0.05699,51.53438],[-0.0563,51.52968],[-0.05493,51.52498],[-0.05562,51.52199],[-0.0721,51.51622],[-0.0951,51.54078],[-0.10438,51.565],[-0.1086,51.56352],[-0.10462,51.56562],[-0.10746,51.57302],[-0.10222,51.56908],[-0.09888,51.56981],[-0.09476,51.57216],[-0.09029,51.57515],[-0.08583,51.5775],[-0.08034,51.58048],[-0.07945,51.58073],[-0.07828,51.58176],[-0.07811,51.58111],[-0.07656,51.58155],[-0.07175,51.58304],[-0.07777,51.57985],[-0.07758,51.57915],[-0.07217,51.58193],[-0.07175,51.58283],[-0.05689,51.56165]]],[[[-0.08643,51.57459],[-0.0845,51.57629],[-0.10052,51.5678],[-0.09819,51.56604],[-0.09819,51.56853],[-0.08643,51.57459]]]]}},{"type":"Feature","properties":{"source_code":"F84069","codes":["F84069"],"label":"WELL STREET SURGERY"},"geometry":{"type":"Polygon","coordinates":[[[-0.04878,51.53584],[-0.04702,51.53595],[-0.04892,51.53593],[-0.04901,51.53592],[-0.04878,51.53584],[-0.0512,51.53568],[-0.05117,51.53571],[-0.05198,51.53563],[-0.0512,51.53568],[-0.05208,51.53476],[-0.05436,51.5354],[-0.05493,51.53534],[-0.05691,51.53566],[-0.05519,51.54089],[-0.05527,51.54393],[-0.05158,51.54756],[-0.04553,51.54787],[-0.04562,51.54791],[-0.04547,51.54794],[-0.05158,51.54759],[-0.05309,51.55018],[-0.05137,51.55044],[-0.0507,51.54875],[-0.04888,51.54808],[-0.04544,51.54794],[-0.04124,51.54866],[-0.03777,51.54906],[-0.03656,51.54628],[-0.03545,51.54535],[-0.03313,51.54495],[-0.03313,51.5446],[-0.03549,51.54308],[-0.03906,51.54478],[-0.03562,51.54308],[-0.03569,51.54301],[-0.03556,51.54309],[-0.04101,51.53778],[-0.03788,51.5409],[-0.04094,51.53795],[-0.04428,51.53613],[-0.04427,51.53613],[-0.04485,51.53581],[-0.04611,51.5355],[-0.04755,51.53539],[-0.04878,51.53584]]]}},{"type":"Feature","properties":{"source_code":"F84741","codes":["F84741"],"label":"PLASHET HARMONY PRACTICE"},"geometry":{"type":"Polygon","coordinates":[[[0.04764,51.55074],[0.04446,51.54924],[0.04755,51.55069],[0.04837,51.54825],[0.05484,51.54641],[0.05799,51.54567],[0.05943,51.54355],[0.05805,51.54208],[0.05538,51.54089],[0.0515,51.53948],[0.05053,51.54179],[0.05161,51.53893],[0.05128,51.53894],[0.05166,51.53724],[0.05092,51.5366],[0.05105,51.53586],[0.0521,51.53272],[0.03804,51.53021],[0.03716,51.53208],[0.03544,51.53531],[0.03386,51.53787],[0.03298,51.53898],[0.03262,51.54052],[0.0324,51.54305],[0.0315,51.54559],[0.0309,51.54719],[0.03935,51.54826],[0.04324,51.549],[0.04764,51.55074]]]}},{"type":"Feature","properties":{"source_code":"F84660","codes":["F84660"],"label":"DR CM PATEL'S SURGERY"},"geometry":{"type":"Polygon","coordinates":[[[0.04678,51.55263],[0.05073,51.5402],[0.04712,51.53993],[0.03768,51.53689],[0.03442,51.53747],[0.02197,51.53694],[0.02275,51.5418],[0.02618,51.54196],[0.02472,51.55012],[0.03596,51.55178],[0.03854,51.55285],[0.04678,51.55263]]]}},{"type":"Feature","properties":{"source_code":"F84739","codes":["F84739"],"label":"E12 MEDICAL CENTRE"},"geometry":{"type":"Polygon","coordinates":[[[0.04532,51.55061],[0.04951,51.55159],[0.05706,51.55402],[0.06475,51.55692],[0.0677,51.55129],[0.06811,51.54574],[0.06592,51.53912],[0.07086,51.53331],[0.07127,51.52438],[0.05418,51.5193],[0.04464,51.52024],[0.03715,51.51793],[0.02563,51.51703],[0.02157,51.52301],[0.02424,51.52908],[0.02218,51.53126],[0.0217,51.53566],[0.02397,51.54023],[0.02542,51.54548],[0.02479,51.54839],[0.03365,51.54843],[0.03715,51.54928],[0.0412,51.54958],[0.04532,51.55061]]]}},{"type":"Feature","properties":{"source_code":"F83002","codes":["F83002"],"label":"RIVER PLACE HEALTH CENTRE"},"geometry":{"type":"MultiPolygon","coordinates":[[[[-0.09581,51.52942],[-0.09603,51.52942],[-0.10615,51.5318],[-0.10598,51.53305],[-0.09697,51.53287],[-0.09809,51.53271],[-0.09581,51.52942]]],[[[-0.09817,51.54961],[-0.09818,51.54964],[-0.09817,51.54964],[-0.09817,51.54961]]],[[[-0.09818,51.54964],[-0.09828,51.54968],[-0.0984,51.54982],[-0.09862,51.54988],[-0.09863,51.54988],[-0.09824,51.54979],[-0.09818,51.54964]]],[[[-0.09863,51.54988],[-0.09883,51.54993],[-0.09951,51.55012],[-0.09944,51.55011],[-0.09918,51.55003],[-0.09863,51.54988]]],[[[-0.09951,51.55012],[-0.0996,51.55014],[-0.09971,51.55018],[-0.09951,51.55012]]],[[[-0.0996,51.55014],[-0.09828,51.54968],[-0.09817,51.54955],[-0.09816,51.54903],[-0.09814,51.54863],[-0.09808,51.54924],[-0.09813,51.54951],[-0.09817,51.54955],[-0.09817,51.54961],[-0.09807,51.54936],[-0.09804,51.54839],[-0.0978,51.54772],[-0.09755,51.547],[-0.09681,51.54724],[-0.09639,51.54733],[-0.09551,51.54728],[-0.09472,51.54722],[-0.09425,51.54721],[-0.09375,51.54723],[-0.0933,51.54718],[-0.09265,51.54716],[-0.09189,51.54714],[-0.09126,51.54713],[-0.09073,51.54709],[-0.08987,51.54701],[-0.08952,51.547],[-0.09025,51.54701],[-0.08892,51.54695],[-0.08843,51.54684],[-0.08789,51.54677],[-0.08718,51.54659],[-0.08572,51.54647],[-0.08624,51.54533],[-0.0836,51.54463],[-0.0865,51.53743],[-0.09176,51.53502],[-0.09418,51.53393],[-0.0955,51.53343],[-0.09617,51.5332],[-0.09697,51.53304],[-0.09767,51.53374],[-0.09791,51.53391],[-0.09813,51.53413],[-0.09867,51.53475],[-0.10149,51.5361],[-0.09702,51.53297],[-0.10594,51.53308],[-0.10188,51.53629],[-0.10194,51.53632],[-0.10389,51.53555],[-0.10611,51.53298],[-0.1069,51.53386],[-0.10714,51.53645],[-0.10703,51.53569],[-0.10709,51.53689],[-0.10695,51.53747],[-0.10684,51.53875],[-0.10634,51.5404],[-0.1062,51.54152],[-0.10671,51.54265],[-0.10723,51.54431],[-0.10732,51.54477],[-0.10784,51.54544],[-0.10811,51.54585],[-0.10838,51.54619],[-0.10863,51.54656],[-0.10974,51.54816],[-0.10759,51.54909],[-0.10664,51.54953],[-0.10501,51.54922],[-0.10383,51.54986],[-0.10265,51.55023],[-0.10206,51.55038],[-0.10143,51.55031],[-0.10141,51.55022],[-0.10103,51.55017],[-0.10079,51.55039],[-0.10022,51.55026],[-0.09996,51.55021],[-0.0996,51.55014]]]]}},{"type":"Feature","properties":{"source_code":"F84074","codes":["F84074"],"label":"WORDSWORTH HEALTH CENTRE"},"geometry":{"type":"Polygon","coordinates":[[[0.04086,51.53075],[0.03931,51.53043],[0.04057,51.53062],[0.03965,51.53021],[0.03759,51.53149],[0.03656,51.53363],[0.03468,51.53673],[0.03296,51.5394],[0.03279,51.54303],[0.03141,51.54687],[0.03725,51.54772],[0.04858,51.55103],[0.06557,51.55648],[0.06815,51.54954],[0.06901,51.54527],[0.06695,51.54174],[0.06678,51.53961],[0.06815,51.53779],[0.06815,51.53609],[0.06403,51.53363],[0.05493,51.53278],[0.04057,51.53062],[0.04086,51.53075]]]}},{"type":"Feature","properties":{"source_code":"F84117","codes":["F84117"],"label":"QUEENSBRIDGE GROUP PRACTICE"},"geometry":{"type":"Polygon","coordinates":[[[-0.07579,51.54623],[-0.06489,51.54601],[-0.06416,51.54309],[-0.06311,51.54024],[-0.06103,51.54017],[-0.06182,51.53827],[-0.06356,51.53775],[-0.06214,51.53614],[-0.07613,51.53715],[-0.07579,51.54623]]]}},{"type":"Feature","properties":{"source_code":"F84077","codes":["F84077"],"label":"NEWHAM VICARAGE PRACTICE"},"geometry":{"type":"Polygon","coordinates":[[[0.00451,51.52784],[0.00445,51.52997],[0.00358,51.53183],[0.00242,51.53382],[0.00199,51.53475],[0.00151,51.53565],[0.0007,51.53681],[-0.00092,51.53827],[-0.00164,51.53864],[-0.0012,51.53905],[-0.00096,51.53925],[-0.00093,51.5396],[-0.00111,51.53991],[-0.00182,51.54076],[-0.00186,51.54097],[-0.00202,51.54118],[-0.00215,51.54162],[-0.0019,51.54239],[-0.00127,51.54274],[0.0001,51.54312],[-0.00086,51.54419],[-0.00024,51.54459],[-0.00098,51.54595],[-0.00152,51.54699],[-0.00185,51.54728],[-0.00279,51.54815],[-0.0036,51.5491],[-0.00275,51.54938],[-0.00433,51.55082],[-0.00388,51.55098],[-0.00071,51.55182],[0.00139,51.55205],[0.00584,51.55249],[0.00603,51.55145],[0.00588,51.55085],[0.0086,51.55125],[0.00853,51.55153],[0.00871,51.55167],[0.00962,51.55177],[0.01075,51.55217],[0.00938,51.55339],[0.01116,51.55458],[0.01167,51.55403],[0.01459,51.55513],[0.01567,51.55415],[0.01668,51.55327],[0.01893,51.55417],[0.02124,51.55507],[0.02072,51.55567],[0.02026,51.55607],[0.02064,51.55626],[0.0212,51.55632],[0.02247,51.55624],[0.02253,51.55656],[0.02362,51.5565],[0.02365,51.55597],[0.02386,51.55559],[0.02549,51.55562],[0.02553,51.55266],[0.02519,51.54972],[0.02511,51.5492],[0.02547,51.54777],[0.02565,51.54704],[0.02607,51.5463],[0.02632,51.54415],[0.02642,51.54304],[0.02645,51.5425],[0.02656,51.54196],[0.02629,51.54173],[0.02471,51.54175],[0.02381,51.54173],[0.02309,51.54162],[0.02305,51.54003],[0.02298,51.53843],[0.02262,51.53779],[0.02244,51.53728],[0.02225,51.53686],[0.02252,51.53483],[0.02277,51.53292],[0.02227,51.53258],[0.02227,51.53176],[0.02144,51.53032],[0.02056,51.53064],[0.02002,51.53084],[0.01887,51.53094],[0.01792,51.53123],[0.01123,51.52971],[0.00787,51.5289],[0.00599,51.52848],[0.00508,51.52822],[0.00451,51.52784]]]}},{"type":"Feature","properties":{"source_code":"F84730","codes":["F84730"],"label":"THE VICARAGE LANE SURGERY"},"geometry":{"type":"Polygon","coordinates":[[[0.04688,51.55218],[0.04878,51.54726],[0.04947,51.54492],[0.05102,51.5391],[0.04622,51.5393],[0.04489,51.53894],[0.0432,51.53863],[0.04129,51.53897],[0.04219,51.53824],[0.03998,51.53734],[0.03835,51.53702],[0.03721,51.53602],[0.03549,51.53517],[0.02266,51.53301],[0.02202,51.53231],[0.02056,51.53189],[0.0175,51.53143],[0.01409,51.53327],[0.00998,51.53451],[0.00768,51.53544],[0.00636,51.53688],[0.00756,51.53733],[0.00631,51.53724],[0.00544,51.53783],[0.00396,51.53923],[-0.001,51.54386],[0.0069,51.54636],[0.0164,51.5481],[0.02462,51.54964],[0.03471,51.55041],[0.04688,51.55218]]]}},{"type":"Feature","properties":{"source_code":"F84009","codes":["F84009"],"label":"STRATFORD VILLAGE SURGERY"},"geometry":{"type":"MultiPolygon","coordinates":[[[[0.02522,51.54932],[0.02523,51.54938],[0.02523,51.54932],[0.02522,51.54932]]],[[[0.00274,51.54516],[0.00206,51.5505],[0.00481,51.54932],[0.00601,51.5489],[0.00807,51.54954],[0.00858,51.54708],[0.0127,51.54751],[0.01665,51.54826],[0.02163,51.54794],[0.02334,51.549],[0.02522,51.54932],[0.02438,51.54559],[0.02438,51.54345],[0.02369,51.54217],[0.02352,51.54207],[0.02403,51.54174],[0.02232,51.54217],[0.02283,51.54174],[0.02275,51.53811],[0.02206,51.53763],[0.01889,51.53374],[0.02197,51.53352],[0.01751,51.53128],[0.01064,51.53],[0.00635,51.53],[0.00326,51.5316],[0.0012,51.53534],[0.00051,51.53715],[-0.00258,51.54142],[-0.00155,51.54345],[0.00274,51.54516]]]]}},{"type":"Feature","properties":{"source_code":"F84035","codes":["F84035"],"label":"RICHMOND ROAD MEDICAL CENTRE"},"geometry":{"type":"Polygon","coordinates":[[[-0.07493,51.54895],[-0.06343,51.55557],[-0.05545,51.55616],[-0.05154,51.55101],[-0.05034,51.54858],[-0.03781,51.5489],[-0.03588,51.54561],[-0.04017,51.53969],[-0.05691,51.53811],[-0.05716,51.53262],[-0.06416,51.53141],[-0.07167,51.53091],[-0.07497,51.53382],[-0.07699,51.53203],[-0.07703,51.53496],[-0.0769,51.53771],[-0.07678,51.53966],[-0.07643,51.5426],[-0.07545,51.54625],[-0.07493,51.54895]]]}},{"type":"Feature","properties":{"source_code":"F84601","codes":["F84601"],"label":"ELSDALE STREET SURGERY"},"geometry":{"type":"Polygon","coordinates":[[[-0.04974,51.54425],[-0.05485,51.54553],[-0.05493,51.5474],[-0.05965,51.54996],[-0.05485,51.54964],[-0.05356,51.55077],[-0.04952,51.55162],[-0.04103,51.55258],[-0.03948,51.5513],[-0.04008,51.55311],[-0.03785,51.55333],[-0.03751,51.55215],[-0.03553,51.55247],[-0.03519,51.5529],[-0.03442,51.55317],[-0.03407,51.5545],[-0.0333,51.55455],[-0.03013,51.55135],[-0.02695,51.54772],[-0.02918,51.54676],[-0.02961,51.54548],[-0.03038,51.54468],[-0.03227,51.545],[-0.03416,51.54367],[-0.03682,51.54239],[-0.03802,51.54057],[-0.04077,51.53811],[-0.04377,51.53635],[-0.04609,51.5355],[-0.04815,51.53566],[-0.04978,51.53641],[-0.05124,51.53657],[-0.05313,51.53523],[-0.0545,51.53528],[-0.05716,51.53454],[-0.05673,51.53619],[-0.05691,51.53849],[-0.05502,51.54102],[-0.05515,51.54548],[-0.04974,51.54425]]]}},{"type":"Feature","properties":{"source_code":"F84014","codes":["F84014"],"label":"UPTON LANE MEDICAL CENTRE"},"geometry":{"type":"Polygon","coordinates":[[[0.04326,51.57526],[0.0432,51.57505],[0.04532,51.57515],[0.04371,51.57325],[0.04442,51.57202],[0.04669,51.5743],[0.0745,51.55637],[0.06835,51.53555],[0.06935,51.53416],[0.0488,51.52745],[0.04017,51.52391],[0.03341,51.5223],[0.03433,51.519],[0.03334,51.52228],[0.03212,51.52199],[0.01579,51.51665],[0.01525,51.51797],[0.0079,51.51622],[0.00378,51.52284],[-0.00494,51.53651],[-0.00584,51.53587],[-0.00484,51.54115],[-0.00172,51.55914],[0.01373,51.57366],[0.04315,51.57505],[0.04326,51.57526]],[[0.04177,51.56973],[0.04164,51.56923],[0.04303,51.57062],[0.04177,51.56973]],[[0.03888,51.56768],[0.02884,51.55637],[0.03825,51.56583],[0.03945,51.56808],[0.03888,51.56768]]]}},{"type":"Feature","properties":{"source_code":"F83007","codes":["F83007"],"label":"ROMAN WAY MEDICAL CENTRE"},"geometry":{"type":"MultiPolygon","coordinates":[[[[-0.10264,51.53993],[-0.10264,51.53994],[-0.10214,51.53993],[-0.10264,51.53993]]],[[[-0.12918,51.54884],[-0.1278,51.54964],[-0.12686,51.55039],[-0.12548,51.55157],[-0.12377,51.55327],[-0.12154,51.55573],[-0.12102,51.5568],[-0.11965,51.55776],[-0.11896,51.55819],[-0.11823,51.55854],[-0.118,51.55866],[-0.11778,51.55878],[-0.11732,51.55905],[-0.11641,51.55952],[-0.11593,51.55981],[-0.11546,51.56004],[-0.11457,51.56056],[-0.11311,51.5613],[-0.1128,51.56144],[-0.11242,51.56155],[-0.11186,51.56174],[-0.11076,51.56209],[-0.10862,51.56288],[-0.10443,51.56473],[-0.10295,51.5638],[-0.10221,51.56335],[-0.10146,51.56283],[-0.10002,51.5619],[-0.0993,51.56139],[-0.09892,51.56114],[-0.09862,51.5609],[-0.09859,51.56076],[-0.09858,51.55985],[-0.09853,51.55884],[-0.09833,51.55762],[-0.09799,51.55699],[-0.09795,51.55638],[-0.0981,51.55509],[-0.09806,51.55455],[-0.09804,51.55429],[-0.09828,51.55397],[-0.09823,51.55111],[-0.09798,51.54955],[-0.09815,51.54855],[-0.09853,51.54703],[-0.09864,51.54676],[-0.09952,51.54655],[-0.10089,51.54623],[-0.10257,51.54617],[-0.10308,51.54608],[-0.10325,51.54553],[-0.10343,51.54457],[-0.103,51.54217],[-0.10265,51.53993],[-0.10264,51.53993],[-0.10237,51.5387],[-0.10295,51.53753],[-0.10465,51.53753],[-0.1046,51.5365],[-0.10712,51.53584],[-0.10816,51.53574],[-0.10943,51.53549],[-0.11025,51.5357],[-0.11225,51.53637],[-0.11335,51.53667],[-0.11546,51.53686],[-0.11823,51.53691],[-0.12244,51.53691],[-0.12287,51.53831],[-0.1242,51.53881],[-0.12471,51.53977],[-0.126,51.54271],[-0.12609,51.5442],[-0.12634,51.54585],[-0.12686,51.54692],[-0.12746,51.54746],[-0.12849,51.54836],[-0.12918,51.54884]]]]}},{"type":"Feature","properties":{"source_code":"F83010","codes":["F83010"],"label":"ISLINGTON CENTRAL MEDICAL CENTRE"},"geometry":{"type":"MultiPolygon","coordinates":[[[[-0.1092,51.53442],[-0.10918,51.53439],[-0.10926,51.53442],[-0.1092,51.53442]]],[[[-0.1045,51.56475],[-0.09866,51.56096],[-0.09602,51.5613],[-0.09188,51.5605],[-0.09165,51.55996],[-0.09218,51.55976],[-0.09257,51.55602],[-0.09047,51.55608],[-0.08798,51.55298],[-0.08579,51.55222],[-0.08474,51.55083],[-0.08288,51.55035],[-0.08142,51.54998],[-0.07979,51.54957],[-0.07888,51.54928],[-0.0795,51.54899],[-0.079,51.54746],[-0.07967,51.54488],[-0.08007,51.54376],[-0.08018,51.54311],[-0.08116,51.54197],[-0.08133,51.54193],[-0.08172,51.54188],[-0.08151,51.54049],[-0.08195,51.54051],[-0.08231,51.54058],[-0.08318,51.54058],[-0.08518,51.53939],[-0.08649,51.53761],[-0.08307,51.54434],[-0.08657,51.5375],[-0.08649,51.53761],[-0.08656,51.53747],[-0.09227,51.53838],[-0.09017,51.53608],[-0.09296,51.5348],[-0.09853,51.53475],[-0.09647,51.53299],[-0.10004,51.53307],[-0.10283,51.53355],[-0.1042,51.53163],[-0.10643,51.53209],[-0.10643,51.53244],[-0.10634,51.53306],[-0.10643,51.53315],[-0.10737,51.53448],[-0.1092,51.53442],[-0.10952,51.53506],[-0.11122,51.53583],[-0.11279,51.53637],[-0.1141,51.53669],[-0.11624,51.53671],[-0.11643,51.53941],[-0.11986,51.53869],[-0.12076,51.54158],[-0.11697,51.54287],[-0.11734,51.54966],[-0.11757,51.55566],[-0.117,51.5563],[-0.11918,51.55781],[-0.1045,51.56475]]]]}},{"type":"Feature","properties":{"source_code":"F83056","codes":["F83056"],"label":"THE MITCHISON ROAD SURGERY"},"geometry":{"type":"Polygon","coordinates":[[[-0.14042,51.55893],[-0.13424,51.58134],[-0.0666,51.58112],[-0.03056,51.56235],[-0.01511,51.51323],[-0.1442,51.51494],[-0.14042,51.55893]]]}},{"type":"Feature","properties":{"source_code":"F84670","codes":["F84670"],"label":"WESTBURY ROAD MEDICAL PRACTICE"},"geometry":{"type":"Polygon","coordinates":[[[0.01064,51.54049],[0.00536,51.54871],[0.02461,51.54963],[0.02519,51.55394],[0.03537,51.55518],[0.04045,51.55491],[0.04631,51.55494],[0.04437,51.55778],[0.05244,51.55423],[0.05407,51.55293],[0.06506,51.55632],[0.06699,51.55402],[0.06806,51.55098],[0.06806,51.5442],[0.06583,51.5415],[0.06678,51.53913],[0.07236,51.53149],[0.07356,51.5261],[0.07407,51.52514],[0.07197,51.52447],[0.06051,51.52085],[0.05442,51.51908],[0.04446,51.52001],[0.03948,51.51932],[0.03725,51.51793],[0.03164,51.51686],[0.02741,51.51707],[0.02341,51.51717],[0.01953,51.51694],[0.01571,51.51681],[0.01167,51.51579],[0.00721,51.51537],[0.00704,51.51654],[0.00566,51.51729],[0.00382,51.5194],[0.00429,51.52156],[0.00462,51.53015],[0.00719,51.53169],[0.00871,51.53519],[0.00721,51.5361],[0.00661,51.53687],[0.00936,51.53699],[0.01081,51.53917],[0.01064,51.54049]]]}},{"type":"Feature","properties":{"source_code":"Y00403","codes":["Y00403"],"label":"TROWBRIDGE PRACTICE"},"geometry":{"type":"Polygon","coordinates":[[[-0.06004,51.57507],[-0.04635,51.5648],[-0.03777,51.56085],[-0.03382,51.5601],[-0.02953,51.56106],[-0.02455,51.55701],[-0.02626,51.55573],[-0.02542,51.55414],[-0.02532,51.55415],[-0.0206,51.5521],[-0.01927,51.55055],[-0.02579,51.5481],[-0.0236,51.54599],[-0.0218,51.54206],[-0.02678,51.54036],[-0.02774,51.53976],[-0.02695,51.53996],[-0.02446,51.53606],[-0.01993,51.53318],[-0.01438,51.52901],[-0.01523,51.52797],[-0.02199,51.52658],[-0.03356,51.52407],[-0.03549,51.52685],[-0.03742,51.52909],[-0.04867,51.5335],[-0.04842,51.53356],[-0.0498,51.53374],[-0.04721,51.53288],[-0.04437,51.53165],[-0.04266,51.53059],[-0.04033,51.52754],[-0.04025,51.52752],[-0.0403,51.52751],[-0.04025,51.52744],[-0.04045,51.52749],[-0.04548,51.52669],[-0.04034,51.52744],[-0.04815,51.52626],[-0.05021,51.52562],[-0.05489,51.52458],[-0.05764,51.52421],[-0.06187,51.52408],[-0.06333,51.52394],[-0.06353,51.52403],[-0.06382,51.52402],[-0.06358,51.52405],[-0.06364,51.52408],[-0.07609,51.52461],[-0.07738,51.52583],[-0.07763,51.5276],[-0.07742,51.52917],[-0.0766,51.53125],[-0.07635,51.53632],[-0.07673,51.53641],[-0.07038,51.53574],[-0.06729,51.53553],[-0.0627,51.53544],[-0.06017,51.5339],[-0.05768,51.53416],[-0.0564,51.5346],[-0.05728,51.53472],[-0.06008,51.53448],[-0.06214,51.53609],[-0.07718,51.53678],[-0.07587,51.55413],[-0.06952,51.55327],[-0.06163,51.5506],[-0.05854,51.5495],[-0.05768,51.5506],[-0.03423,51.55317],[-0.04412,51.5521],[-0.06008,51.55071],[-0.0645,51.55202],[-0.06695,51.55549],[-0.06691,51.56229],[-0.06231,51.56736],[-0.06575,51.57067],[-0.07141,51.57163],[-0.0712,51.57358],[-0.06712,51.5728],[-0.06004,51.57507]],[[-0.02865,51.5392],[-0.02828,51.53918],[-0.0282,51.53947],[-0.02865,51.5392]],[[-0.04312,51.53289],[-0.04292,51.53272],[-0.04175,51.53315],[-0.04312,51.53289]]]}},{"type":"Feature","properties":{"source_code":"F84038","codes":["F84038"],"label":"BEECHWOOD MEDICAL CENTRE"},"geometry":{"type":"Polygon","coordinates":[[[-0.08718,51.52589],[-0.08785,51.52639],[-0.08838,51.5271],[-0.08932,51.52765],[-0.09027,51.52788],[-0.09448,51.52897],[-0.10434,51.53147],[-0.10397,51.53203],[-0.10339,51.53262],[-0.1031,51.53293],[-0.10291,51.53333],[-0.10272,51.53369],[-0.10238,51.53362],[-0.10212,51.53355],[-0.10131,51.53345],[-0.10024,51.5332],[-0.09925,51.53312],[-0.09873,51.53262],[-0.09713,51.53294],[-0.09413,51.53396],[-0.09136,51.5352],[-0.08967,51.53601],[-0.09223,51.53838],[-0.09566,51.54069],[-0.09158,51.54271],[-0.08916,51.54453],[-0.08826,51.54512],[-0.08749,51.54577],[-0.08716,51.54668],[-0.07997,51.5464],[-0.07734,51.54609],[-0.07645,51.54606],[-0.07573,51.54615],[-0.07548,51.54834],[-0.07537,51.54946],[-0.07522,51.55069],[-0.07458,51.55676],[-0.0736,51.55664],[-0.07262,51.5564],[-0.0709,51.556],[-0.0693,51.55541],[-0.06804,51.55444],[-0.06631,51.55215],[-0.06486,51.55094],[-0.06309,51.55006],[-0.06138,51.54968],[-0.06047,51.54961],[-0.05925,51.54956],[-0.05796,51.54952],[-0.05691,51.54951],[-0.055,51.54952],[-0.05505,51.54834],[-0.05484,51.54737],[-0.05506,51.54687],[-0.05537,51.54484],[-0.05533,51.54281],[-0.05524,51.5418],[-0.05522,51.54084],[-0.05626,51.5395],[-0.05689,51.53876],[-0.05697,51.53775],[-0.0569,51.53715],[-0.05698,51.53658],[-0.05721,51.53539],[-0.0573,51.53401],[-0.05709,51.53262],[-0.05926,51.53227],[-0.06137,51.53191],[-0.06351,51.53153],[-0.06567,51.53128],[-0.07137,51.53095],[-0.07409,51.53015],[-0.07496,51.52935],[-0.07575,51.52839],[-0.07804,51.52718],[-0.07985,51.52722],[-0.08097,51.52679],[-0.08366,51.52643],[-0.08718,51.52589]]]}},{"type":"Feature","properties":{"source_code":"F83023","codes":["F83023"],"label":"JAMES WIGG PRACTICE"},"geometry":{"type":"MultiPolygon","coordinates":[[[[-0.14462,51.54094],[-0.14457,51.5409],[-0.14519,51.54134],[-0.14509,51.54128],[-0.14462,51.54094]]],[[[-0.14546,51.5415],[-0.14544,51.54149],[-0.14537,51.54146],[-0.14534,51.54144],[-0.14533,51.54143],[-0.14519,51.54134],[-0.14569,51.54163],[-0.14569,51.54163],[-0.14546,51.5415]]],[[[-0.15432,51.55563],[-0.15297,51.55524],[-0.1524,51.55465],[-0.14969,51.55542],[-0.14663,51.55662],[-0.14973,51.55987],[-0.15078,51.56144],[-0.1501,51.56175],[-0.14922,51.5619],[-0.14733,51.56233],[-0.14668,51.56338],[-0.14567,51.56317],[-0.14517,51.56373],[-0.14444,51.56396],[-0.14104,51.565],[-0.14065,51.56445],[-0.14082,51.56344],[-0.14051,51.56252],[-0.14092,51.56164],[-0.14109,51.56062],[-0.14042,51.55964],[-0.13859,51.55705],[-0.13749,51.55596],[-0.13694,51.55536],[-0.13618,51.55505],[-0.13541,51.55487],[-0.13503,51.55456],[-0.13486,51.55432],[-0.1349,51.55406],[-0.13459,51.55387],[-0.13381,51.5533],[-0.1314,51.55184],[-0.13095,51.55163],[-0.13062,51.55131],[-0.13061,51.55063],[-0.12999,51.5496],[-0.12913,51.54894],[-0.12716,51.54775],[-0.12661,51.54613],[-0.12631,51.54501],[-0.12605,51.54319],[-0.12533,51.54135],[-0.12473,51.53959],[-0.12269,51.5381],[-0.12235,51.53657],[-0.1223,51.53508],[-0.12378,51.53493],[-0.12509,51.53456],[-0.12861,51.53352],[-0.12937,51.53411],[-0.13081,51.5347],[-0.13235,51.53542],[-0.13329,51.53551],[-0.13467,51.53534],[-0.1384,51.53457],[-0.1432,51.53961],[-0.14381,51.54028],[-0.14443,51.5408],[-0.14462,51.54094],[-0.14517,51.54136],[-0.14526,51.5414],[-0.14497,51.54127],[-0.14548,51.54156],[-0.1455,51.54157],[-0.14537,51.54147],[-0.14559,51.54162],[-0.14535,51.54145],[-0.14537,51.54146],[-0.14546,51.5415],[-0.1457,51.54171],[-0.14569,51.54163],[-0.14585,51.54172],[-0.14569,51.54163],[-0.14569,51.5416],[-0.14743,51.54246],[-0.14912,51.5429],[-0.15093,51.54327],[-0.15271,51.54383],[-0.15439,51.54464],[-0.15675,51.54618],[-0.15947,51.54728],[-0.15883,51.54788],[-0.15843,51.54981],[-0.15957,51.55209],[-0.15954,51.55287],[-0.16066,51.55325],[-0.16298,51.55361],[-0.16452,51.55389],[-0.16499,51.55424],[-0.16134,51.55527],[-0.15903,51.55561],[-0.15658,51.55577],[-0.15432,51.55563]]],[[[-0.14533,51.54144],[-0.14526,51.5414],[-0.14533,51.54143],[-0.14533,51.54144]]],[[[-0.14535,51.54144],[-0.14534,51.54144],[-0.14535,51.54145],[-0.14535,51.54144]]],[[[-0.14533,51.54144],[-0.14535,51.54144],[-0.14537,51.54147],[-0.14533,51.54144]]]]}},{"type":"Feature","properties":{"source_code":"F84719","codes":["F84719"],"label":"LATIMER HEALTH CENTRE"},"geometry":{"type":"Polygon","coordinates":[[[-0.02802,51.53582],[-0.03442,51.53478],[-0.04038,51.53358],[-0.04455,51.53195],[-0.05188,51.53686],[-0.05309,51.5351],[-0.05854,51.53534],[-0.06437,51.54102],[-0.07025,51.54097],[-0.07377,51.54108],[-0.07339,51.54625],[-0.07587,51.55552],[-0.07172,51.55883],[-0.06824,51.55557],[-0.07167,51.56721],[-0.05783,51.56538],[-0.04597,51.56787],[-0.03665,51.56494],[-0.03845,51.56503],[-0.04009,51.56548],[-0.05371,51.56583],[-0.03845,51.56503],[-0.02773,51.56213],[-0.03665,51.56494],[-0.03197,51.56469],[-0.02312,51.55938],[-0.01881,51.55457],[-0.02051,51.55175],[-0.02729,51.5485],[-0.01598,51.53972],[-0.0218,51.54372],[-0.02081,51.53795],[-0.02802,51.53582]]]}},{"type":"Feature","properties":{"source_code":"F84620","codes":["F84620"],"label":"THE WICK HEALTH CENTRE"},"geometry":{"type":"Polygon","coordinates":[[[-0.05515,51.55832],[-0.05043,51.56001],[-0.04912,51.56062],[-0.04712,51.55902],[-0.04618,51.55722],[-0.04303,51.55755],[-0.03989,51.55817],[-0.03851,51.55591],[-0.03666,51.55487],[-0.03775,51.5539],[-0.03743,51.55233],[-0.03526,51.5525],[-0.035,51.55006],[-0.03371,51.55024],[-0.03256,51.55061],[-0.03097,51.55121],[-0.02809,51.54851],[-0.0239,51.54557],[-0.02203,51.54274],[-0.02711,51.54276],[-0.03412,51.54385],[-0.03772,51.54164],[-0.03832,51.54078],[-0.04042,51.53933],[-0.04271,51.53836],[-0.04483,51.53785],[-0.04683,51.53756],[-0.04921,51.5373],[-0.05136,51.5404],[-0.05364,51.54015],[-0.05527,51.54057],[-0.05519,51.54687],[-0.05525,51.5494],[-0.05638,51.55302],[-0.05615,51.55537],[-0.05507,51.55657],[-0.05515,51.55832]]]}},{"type":"Feature","properties":{"source_code":"F84641","codes":["F84641"],"label":"BIRCHDALE ROAD MEDICAL CENTRE"},"geometry":{"type":"Polygon","coordinates":[[[-0.03296,51.54569],[-0.02644,51.54868],[-0.02094,51.55167],[-0.01408,51.55189],[-0.00893,51.55423],[-0.0024,51.55914],[0.00515,51.56491],[0.00824,51.56981],[0.01476,51.5728],[0.01717,51.5711],[0.02369,51.57408],[0.03468,51.57728],[0.04429,51.576],[0.04841,51.57131],[0.05356,51.5664],[0.05974,51.56042],[0.06729,51.55445],[0.06901,51.54719],[0.06592,51.54057],[0.07141,51.53288],[0.07278,51.52455],[0.05493,51.51921],[0.0436,51.52007],[0.0309,51.51708],[0.01751,51.51708],[0.00824,51.51558],[0.0,51.51323],[-0.00824,51.51152],[-0.00858,51.51601],[-0.01064,51.52049],[-0.01064,51.52626],[-0.01373,51.52925],[-0.02026,51.53288],[-0.02472,51.53502],[-0.02644,51.53801],[-0.02815,51.54185],[-0.03296,51.54569]]]}},{"type":"Feature","properties":{"source_code":"F84097","codes":["F84097"],"label":"CLAREMONT CLINIC"},"geometry":{"type":"MultiPolygon","coordinates":[[[[0.01015,51.5385],[0.00983,51.53483],[0.00738,51.53571],[0.00669,51.53635],[0.00644,51.53691],[0.00777,51.53739],[0.00884,51.53721],[0.0094,51.53726],[0.0094,51.53777],[0.01015,51.5385]]],[[[0.01015,51.5385],[0.01037,51.54099],[0.00858,51.54388],[0.00841,51.54455],[0.00687,51.5465],[0.02094,51.549],[0.01054,51.54079],[0.01086,51.5399],[0.01086,51.5395],[0.01064,51.53897],[0.01015,51.5385]]],[[[0.06841,51.54545],[0.06793,51.54436],[0.0666,51.54452],[0.06506,51.54468],[0.0636,51.54465],[0.06218,51.54431],[0.06133,51.54391],[0.06068,51.54353],[0.05965,51.54264],[0.0597,51.54265],[0.05956,51.54255],[0.05952,51.54252],[0.05953,51.54254],[0.05751,51.54116],[0.05446,51.54004],[0.0518,51.53918],[0.05038,51.53875],[0.03558,51.53539],[0.03571,51.53539],[0.01721,51.53117],[0.01712,51.5316],[0.01498,51.53264],[0.01408,51.53315],[0.00961,51.5348],[0.0354,51.53538],[0.05959,51.54262],[0.06742,51.55309],[0.06841,51.54647],[0.06841,51.54545]]],[[[0.03532,51.55527],[0.04163,51.55491],[0.04219,51.55498],[0.04626,51.55485],[0.02746,51.55408],[0.02528,51.5523],[0.02498,51.54998],[0.02418,51.54959],[0.02086,51.54899],[0.02526,51.55231],[0.02517,51.55402],[0.02545,51.55401],[0.02841,51.55437],[0.02923,51.55429],[0.03116,51.55442],[0.03304,51.55479],[0.03532,51.55527]]],[[[0.06708,51.55505],[0.06751,51.55311],[0.05555,51.55467],[0.06583,51.55669],[0.06708,51.55505]]]]}},{"type":"Feature","properties":{"source_code":"F84063","codes":["F84063"],"label":"DALSTON PRACTICE"},"geometry":{"type":"Polygon","coordinates":[[[-0.06819,51.55561],[-0.05659,51.55583],[-0.05682,51.55354],[-0.05858,51.55106],[-0.05914,51.5497],[-0.05495,51.5497],[-0.05474,51.54748],[-0.05527,51.54473],[-0.05909,51.54351],[-0.06006,51.54362],[-0.0625,51.54329],[-0.06152,51.54076],[-0.06463,51.53906],[-0.06596,51.53873],[-0.07354,51.53879],[-0.0768,51.54108],[-0.07523,51.55067],[-0.07218,51.55138],[-0.07051,51.55306],[-0.06856,51.5545],[-0.06819,51.55561]]]}},{"type":"Feature","properties":{"source_code":"F84621","codes":["F84621"],"label":"SANDRINGHAM PRACTICE"},"geometry":{"type":"MultiPolygon","coordinates":[[[[-0.07548,51.54581],[-0.0754,51.54612],[-0.07532,51.54593],[-0.0759,51.54352],[-0.07548,51.54581]]],[[[-0.07548,51.54581],[-0.07609,51.54337],[-0.07555,51.5462],[-0.0754,51.54623],[-0.07548,51.54581]]],[[[-0.07241,51.54489],[-0.07527,51.54624],[-0.07433,51.54625],[-0.07241,51.54489]]],[[[-0.07241,51.54489],[-0.07238,51.54488],[-0.06995,51.54316],[-0.07223,51.54535],[-0.07356,51.54623],[-0.07025,51.5462],[-0.06987,51.5431],[-0.06987,51.5431],[-0.06991,51.54642],[-0.07545,51.54628],[-0.0745,51.55405],[-0.07407,51.55744],[-0.05562,51.55754],[-0.05382,51.55365],[-0.05128,51.55085],[-0.0548,51.54708],[-0.05532,51.54361],[-0.06987,51.543],[-0.06987,51.54308],[-0.06995,51.54316],[-0.07241,51.54489]]],[[[-0.06987,51.5431],[-0.06987,51.54309],[-0.06987,51.5431],[-0.06987,51.5431]]]]}},{"type":"Feature","properties":{"source_code":"F83008","codes":["F83008"],"label":"THE GOODINGE GROUP PRACTICE"},"geometry":{"type":"MultiPolygon","coordinates":[[[[-0.13345,51.55455],[-0.13343,51.55456],[-0.13343,51.55456],[-0.13345,51.55455]]],[[[-0.13343,51.55456],[-0.13338,51.5546],[-0.13332,51.55461],[-0.13335,51.5546],[-0.13332,51.5546],[-0.13343,51.55456]]],[[[-0.13332,51.55461],[-0.13332,51.55461],[-0.13332,51.55461],[-0.13332,51.55461]]],[[[-0.13343,51.55456],[-0.13331,51.5546],[-0.13332,51.55461],[-0.13323,51.55462],[-0.13345,51.55454],[-0.13343,51.55456]]],[[[-0.13323,51.55462],[-0.13305,51.55469],[-0.13332,51.55461],[-0.13332,51.55461],[-0.1328,51.55479],[-0.13252,51.55483],[-0.13167,51.55494],[-0.1307,51.55382],[-0.1285,51.55436],[-0.12829,51.55418],[-0.1275,51.55452],[-0.12716,51.55436],[-0.1275,51.55382],[-0.1248,51.55231],[-0.12309,51.55332],[-0.12092,51.55429],[-0.11928,51.55509],[-0.11913,51.55485],[-0.11529,51.55227],[-0.11712,51.5505],[-0.11602,51.54948],[-0.11684,51.54919],[-0.11646,51.54879],[-0.11719,51.54852],[-0.11796,51.54885],[-0.11809,51.54767],[-0.11797,51.54647],[-0.11785,51.54525],[-0.11767,51.54404],[-0.11755,51.543],[-0.11793,51.54289],[-0.11851,51.54276],[-0.11943,51.54248],[-0.12064,51.54215],[-0.12242,51.54177],[-0.12134,51.54372],[-0.1211,51.54446],[-0.12183,51.54428],[-0.12314,51.54389],[-0.12359,51.5439],[-0.12506,51.54332],[-0.12604,51.54299],[-0.12619,51.54345],[-0.12625,51.54372],[-0.12675,51.54567],[-0.12765,51.54618],[-0.12834,51.54653],[-0.12906,51.54694],[-0.1301,51.54751],[-0.13084,51.54789],[-0.13126,51.54811],[-0.13149,51.54839],[-0.13247,51.54973],[-0.13268,51.55003],[-0.13292,51.55034],[-0.13321,51.55079],[-0.1332,51.5511],[-0.13319,51.55135],[-0.13316,51.55159],[-0.13299,51.55186],[-0.13284,51.55199],[-0.13251,51.55227],[-0.13435,51.55358],[-0.13478,51.55407],[-0.13434,51.55421],[-0.13411,51.5543],[-0.13389,51.55437],[-0.13372,51.55443],[-0.13356,51.55449],[-0.13318,51.55463],[-0.13323,51.55462]]]]}},{"type":"Feature","properties":{"source_code":"F84105","codes":["F84105"],"label":"THE LEA SURGERY"},"geometry":{"type":"Polygon","coordinates":[[[-0.03785,51.54932],[-0.03596,51.54513],[-0.04176,51.54527],[-0.04609,51.54497],[-0.04725,51.54369],[-0.04695,51.54217],[-0.05025,51.54377],[-0.05068,51.54503],[-0.05128,51.547],[-0.05013,51.54719],[-0.05064,51.54879],[-0.05266,51.55242],[-0.05004,51.55325],[-0.04656,51.55698],[-0.04253,51.55752],[-0.04047,51.55383],[-0.03815,51.55434],[-0.03686,51.54964],[-0.03785,51.54932]]]}},{"type":"Feature","properties":{"source_code":"Y04273","codes":["Y04273"],"label":"LIBERTY BRIDGE ROAD PRACTICE"},"geometry":{"type":"Polygon","coordinates":[[[-0.00687,51.57078],[0.03245,51.54719],[0.05543,51.53768],[0.07305,51.52375],[0.07244,51.5091],[0.06373,51.51246],[0.07376,51.50706],[0.00695,51.51549],[-0.0029,51.52869],[-0.03063,51.54873],[-0.04007,51.55235],[-0.03137,51.56155],[-0.00965,51.56974],[-0.00806,51.57079],[-0.00804,51.57034],[-0.00687,51.57078]]]}},{"type":"Feature","properties":{"source_code":"F84724","codes":["F84724"],"label":"WOODGRANGE MEDICAL PRACTICE"},"geometry":{"type":"MultiPolygon","coordinates":[[[[0.04388,51.54055],[0.04389,51.54055],[0.04389,51.54054],[0.04388,51.54055]]],[[[0.02365,51.55488],[0.02369,51.55489],[0.02381,51.5549],[0.02365,51.55488]]],[[[0.04388,51.54055],[0.04377,51.54053],[0.0431,51.5404],[0.04261,51.54029],[0.04214,51.54017],[0.04112,51.53992],[0.04014,51.53967],[0.03913,51.53942],[0.03716,51.539],[0.03672,51.5389],[0.03624,51.53878],[0.03533,51.53855],[0.03525,51.53857],[0.03517,51.53865],[0.03511,51.53875],[0.03506,51.53885],[0.03503,51.53893],[0.03497,51.53901],[0.03489,51.53914],[0.03478,51.53931],[0.03464,51.53945],[0.03316,51.53913],[0.03313,51.53907],[0.03301,51.53909],[0.03357,51.53837],[0.03387,51.53801],[0.03402,51.53783],[0.03405,51.53779],[0.03416,51.53769],[0.03295,51.53758],[0.03228,51.53754],[0.03162,51.53749],[0.03117,51.53746],[0.03073,51.53747],[0.02982,51.53753],[0.02949,51.5375],[0.02915,51.53746],[0.02847,51.53742],[0.02533,51.53711],[0.02214,51.53681],[0.02221,51.53708],[0.02229,51.53738],[0.02231,51.53748],[0.02235,51.53761],[0.02238,51.53771],[0.02241,51.5378],[0.02246,51.5379],[0.02255,51.53804],[0.02289,51.53861],[0.02291,51.53938],[0.02293,51.54111],[0.02291,51.54125],[0.02289,51.54134],[0.02289,51.54153],[0.02202,51.54175],[0.02164,51.54174],[0.02126,51.54174],[0.02052,51.5417],[0.01821,51.54165],[0.01785,51.54184],[0.01732,51.54194],[0.01697,51.54232],[0.01678,51.54273],[0.01633,51.54357],[0.0161,51.54399],[0.01524,51.54588],[0.01485,51.5467],[0.01458,51.54699],[0.01432,51.54697],[0.01363,51.54705],[0.01326,51.54699],[0.01292,51.54693],[0.01269,51.54742],[0.01377,51.54762],[0.01516,51.54789],[0.01416,51.5495],[0.01364,51.55033],[0.01354,51.55056],[0.01355,51.55069],[0.01356,51.55078],[0.01374,51.55082],[0.01462,51.5512],[0.01446,51.55112],[0.01386,51.55087],[0.01419,51.55099],[0.01446,51.55112],[0.01486,51.55129],[0.01526,51.55147],[0.01746,51.55244],[0.01705,51.55294],[0.01675,51.55322],[0.01661,51.55337],[0.0169,51.55349],[0.01791,51.55393],[0.01894,51.55437],[0.01915,51.55445],[0.0193,51.5545],[0.02038,51.55414],[0.02073,51.55435],[0.02125,51.55452],[0.02152,51.5546],[0.02179,51.55472],[0.0226,51.55468],[0.02305,51.55479],[0.02365,51.55488],[0.02345,51.55481],[0.02404,51.55494],[0.02447,51.55497],[0.02477,51.55493],[0.02505,51.55455],[0.02547,51.55454],[0.02545,51.55431],[0.02544,51.55406],[0.02587,51.55411],[0.02587,51.55411],[0.02548,51.55407],[0.02605,51.55414],[0.02611,51.55415],[0.02632,51.55419],[0.02653,51.5542],[0.02666,51.55421],[0.02676,51.55423],[0.02679,51.55423],[0.02841,51.55443],[0.02863,51.55443],[0.02854,51.55441],[0.02869,51.55443],[0.02863,51.55443],[0.02888,51.55446],[0.02899,51.55445],[0.029,51.55445],[0.02902,51.55445],[0.02938,51.55441],[0.02921,51.55442],[0.02943,51.55438],[0.02965,51.55439],[0.02941,51.55441],[0.02938,51.55441],[0.02995,51.5544],[0.03218,51.55471],[0.03255,51.55477],[0.03369,51.55495],[0.03434,51.55509],[0.0346,51.55515],[0.03442,51.55511],[0.03462,51.55515],[0.03479,51.55471],[0.03498,51.55424],[0.03519,51.5537],[0.03524,51.55334],[0.0352,51.55276],[0.0352,51.55217],[0.03529,51.55188],[0.03531,51.55171],[0.03489,51.5516],[0.03459,51.5515],[0.03467,51.55128],[0.0347,51.55109],[0.03483,51.55053],[0.03626,51.55059],[0.03688,51.55049],[0.03838,51.55016],[0.0389,51.55004],[0.03985,51.54984],[0.04055,51.54972],[0.04106,51.54953],[0.04153,51.54933],[0.04196,51.54912],[0.04226,51.54901],[0.04252,51.54892],[0.04231,51.54886],[0.04222,51.54884],[0.04214,51.5488],[0.04192,51.54875],[0.04175,51.54871],[0.0416,51.54868],[0.04148,51.54864],[0.04135,51.54861],[0.04118,51.54857],[0.04103,51.54852],[0.04094,51.54851],[0.04077,51.54847],[0.0406,51.54843],[0.0404,51.54839],[0.04031,51.54838],[0.04013,51.54834],[0.04098,51.54671],[0.04113,51.5463],[0.0412,51.54603],[0.04132,51.5456],[0.0414,51.54523],[0.04156,51.54476],[0.04161,51.54445],[0.04169,51.54421],[0.04181,51.54389],[0.04198,51.54364],[0.04228,51.54319],[0.04252,51.54275],[0.04285,51.54229],[0.04293,51.54208],[0.04304,51.5419],[0.04318,51.54173],[0.0433,51.54153],[0.04338,51.54142],[0.04344,51.54129],[0.04353,51.54113],[0.04372,51.54083],[0.04388,51.54055]]]]}},{"type":"Feature","properties":{"source_code":"F83022","codes":["F83022"],"label":"CAVERSHAM GROUP PRACTICE"},"geometry":{"type":"Polygon","coordinates":[[[-0.14913,51.55002],[-0.15085,51.55245],[-0.15192,51.55261],[-0.15149,51.55325],[-0.15085,51.55303],[-0.14969,51.55343],[-0.15106,51.55501],[-0.14681,51.55648],[-0.14673,51.55672],[-0.14454,51.55778],[-0.14029,51.55938],[-0.13754,51.55578],[-0.13681,51.55519],[-0.13544,51.55482],[-0.13518,51.55453],[-0.13402,51.55335],[-0.13089,51.55154],[-0.13072,51.5505],[-0.12969,51.54919],[-0.12797,51.54828],[-0.12694,51.5474],[-0.126,51.54335],[-0.1281,51.54335],[-0.13063,51.54313],[-0.13407,51.54257],[-0.13784,51.54132],[-0.13866,51.54164],[-0.13965,51.54177],[-0.14068,51.5415],[-0.14192,51.54185],[-0.14141,51.54476],[-0.14179,51.54564],[-0.14282,51.54553],[-0.1439,51.54599],[-0.14398,51.54658],[-0.1445,51.54719],[-0.1457,51.54807],[-0.14806,51.54916],[-0.14913,51.55002]]]}},{"type":"Feature","properties":{"source_code":"F83045","codes":["F83045"],"label":"THE MILLER PRACTICE"},"geometry":{"type":"MultiPolygon","coordinates":[[[[-0.10526,51.55502],[-0.10549,51.5549],[-0.10549,51.5553],[-0.1053,51.55515],[-0.10526,51.55502]]],[[[-0.10025,51.55554],[-0.09883,51.55568],[-0.0975,51.55544],[-0.09634,51.55538],[-0.09544,51.55576],[-0.09411,51.55605],[-0.09283,51.55677],[-0.09257,51.55647],[-0.09187,51.56017],[-0.09116,51.55882],[-0.09047,51.55743],[-0.09055,51.557],[-0.09059,51.5568],[-0.09062,51.5566],[-0.09019,51.55578],[-0.08903,51.55409],[-0.08848,51.55347],[-0.08793,51.55291],[-0.08705,51.55255],[-0.08602,51.55223],[-0.08578,51.55201],[-0.08578,51.55173],[-0.08603,51.55126],[-0.08638,51.55081],[-0.08709,51.54993],[-0.08752,51.54897],[-0.08794,51.54831],[-0.08886,51.54828],[-0.08986,51.54816],[-0.09075,51.54792],[-0.09182,51.54761],[-0.09203,51.5473],[-0.09347,51.54735],[-0.09706,51.5474],[-0.10111,51.54633],[-0.10205,51.54629],[-0.10302,51.54647],[-0.10314,51.54661],[-0.1034,51.54683],[-0.10394,51.54728],[-0.10444,51.54782],[-0.10482,51.54853],[-0.1048,51.54878],[-0.10486,51.54911],[-0.10434,51.54944],[-0.10391,51.54967],[-0.10307,51.55004],[-0.10223,51.5503],[-0.10284,51.55056],[-0.10345,51.55064],[-0.10398,51.55082],[-0.10468,51.55086],[-0.10498,51.55134],[-0.10511,51.55174],[-0.10531,51.55217],[-0.10474,51.55289],[-0.10486,51.5536],[-0.10526,51.55502],[-0.10454,51.55538],[-0.10291,51.55552],[-0.10128,51.55546],[-0.10025,51.55554]]]]}},{"type":"Feature","properties":{"source_code":"F84086","codes":["F84086"],"label":"THE FOREST PRACTICE"},"geometry":{"type":"Polygon","coordinates":[[[0.02455,51.56608],[0.02538,51.56544],[0.02622,51.56545],[0.0278,51.56567],[0.03063,51.56552],[0.0325,51.56501],[0.03273,51.56528],[0.03431,51.56518],[0.03557,51.56556],[0.03828,51.56568],[0.04149,51.565],[0.04351,51.5648],[0.04513,51.56288],[0.04137,51.56175],[0.04241,51.55882],[0.04416,51.55759],[0.04465,51.55604],[0.04583,51.55491],[0.04613,51.55277],[0.04729,51.55074],[0.04362,51.54947],[0.03953,51.54835],[0.03538,51.54761],[0.03098,51.54709],[0.02815,51.54683],[0.02292,51.54642],[0.00931,51.54287],[0.00852,51.54457],[0.00657,51.54676],[0.00519,51.54927],[0.00558,51.55018],[0.00609,51.55107],[0.00575,51.55263],[0.0073,51.55331],[0.00841,51.55421],[0.0103,51.55535],[0.01134,51.55558],[0.01238,51.55592],[0.01412,51.55658],[0.01624,51.55725],[0.01802,51.55813],[0.01987,51.5612],[0.02094,51.5617],[0.0212,51.56173],[0.02121,51.56225],[0.02104,51.56332],[0.0213,51.56439],[0.02165,51.56488],[0.02253,51.56581],[0.02287,51.56601],[0.02365,51.56605],[0.02455,51.56608]]]}},{"type":"Feature","properties":{"source_code":"F84672","codes":["F84672"],"label":"FIRST 4 HEALTH GROUP - E7 HEALTH"},"geometry":{"type":"Polygon","coordinates":[[[-0.00541,51.55456],[0.00124,51.55714],[0.00558,51.55984],[0.00824,51.55973],[0.01039,51.55925],[0.01159,51.55936],[0.01322,51.55957],[0.01562,51.5593],[0.02575,51.56373],[0.03467,51.55445],[0.03467,51.55093],[0.03382,51.54826],[0.02558,51.54644],[0.01768,51.54511],[0.00807,51.54255],[0.00421,51.54206],[0.00386,51.54265],[0.00378,51.54361],[0.00257,51.54356],[0.00034,51.54303],[-0.00034,51.54393],[0.0,51.54452],[-0.00154,51.5474],[-0.00318,51.5489],[-0.0024,51.54922],[-0.00412,51.55066],[-0.00524,51.55285],[-0.00541,51.55456]]]}},{"type":"Feature","properties":{"source_code":"F84015","codes":["F84015"],"label":"KINGSMEAD HEALTHCARE"},"geometry":{"type":"Polygon","coordinates":[[[-0.04335,51.54905],[-0.0401,51.54894],[-0.03974,51.54669],[-0.04335,51.54703],[-0.04335,51.54905]]]}},{"type":"Feature","properties":{"source_code":"F84636","codes":["F84636"],"label":"THE SURGERY (BARRETTS GROVE)"},"geometry":{"type":"Polygon","coordinates":[[[-0.09235,51.56397],[-0.09141,51.56424],[-0.09034,51.56451],[-0.08892,51.56472],[-0.08673,51.56533],[-0.08544,51.56557],[-0.08454,51.56581],[-0.08326,51.56616],[-0.08193,51.56653],[-0.08111,51.56672],[-0.08029,51.56701],[-0.07905,51.5672],[-0.07819,51.56717],[-0.07738,51.56704],[-0.07617,51.56664],[-0.07536,51.56613],[-0.07459,51.56557],[-0.073,51.56531],[-0.07317,51.56499],[-0.07317,51.56384],[-0.07283,51.5632],[-0.07163,51.56275],[-0.07004,51.56267],[-0.06802,51.56237],[-0.06626,51.56229],[-0.0651,51.56285],[-0.06403,51.56288],[-0.06291,51.56283],[-0.06188,51.5628],[-0.06068,51.56245],[-0.05961,51.56256],[-0.05832,51.56309],[-0.05785,51.56296],[-0.05746,51.56229],[-0.05721,51.56128],[-0.05656,51.55994],[-0.05609,51.55904],[-0.05648,51.55858],[-0.05588,51.55802],[-0.05549,51.55621],[-0.05691,51.55557],[-0.05682,51.55466],[-0.05755,51.55322],[-0.05858,51.55125],[-0.05948,51.54959],[-0.06025,51.54954],[-0.06197,51.5486],[-0.06364,51.54831],[-0.06793,51.54831],[-0.06892,51.5478],[-0.06999,51.5462],[-0.07386,51.54625],[-0.07643,51.54607],[-0.07982,51.54636],[-0.0842,51.54652],[-0.08905,51.54687],[-0.09235,51.54735],[-0.09034,51.55287],[-0.09025,51.55589],[-0.09029,51.55749],[-0.09171,51.56008],[-0.09171,51.56176],[-0.09235,51.56397]]]}},{"type":"Feature","properties":{"source_code":"F83053","codes":["F83053"],"label":"MILDMAY MEDICAL PRACTICE"},"geometry":{"type":"Polygon","coordinates":[[[-0.09248,51.55677],[-0.09054,51.55751],[-0.08932,51.55801],[-0.08887,51.55779],[-0.08821,51.55793],[-0.08627,51.55698],[-0.08381,51.55693],[-0.08147,51.55673],[-0.08153,51.55517],[-0.08202,51.55361],[-0.08114,51.55358],[-0.08132,51.55271],[-0.08135,51.55198],[-0.0794,51.55172],[-0.07728,51.54916],[-0.07579,51.54668],[-0.07613,51.54494],[-0.07802,51.54387],[-0.08034,51.54268],[-0.08431,51.5431],[-0.09,51.54392],[-0.08705,51.54658],[-0.09223,51.54714],[-0.09158,51.54927],[-0.09665,51.54852],[-0.09601,51.54946],[-0.09211,51.5506],[-0.09153,51.55145],[-0.09242,51.55422],[-0.09248,51.55677]]]}},{"type":"Feature","properties":{"source_code":"F84729","codes":["F84729"],"label":"THE MANOR PARK PRACTICE"},"geometry":{"type":"Polygon","coordinates":[[[0.06826,51.55141],[0.06763,51.54857],[0.06632,51.54543],[0.06209,51.54443],[0.05723,51.54144],[0.05296,51.53998],[0.05123,51.53979],[0.05124,51.53966],[0.04995,51.53918],[0.04712,51.53876],[0.04377,51.53774],[0.03845,51.53657],[0.03648,51.53619],[0.03511,51.53598],[0.03425,51.53715],[0.03271,51.54164],[0.03262,51.54436],[0.03107,51.54692],[0.04174,51.55011],[0.04037,51.55115],[0.04148,51.55493],[0.03059,51.56103],[0.03194,51.56491],[0.03704,51.56599],[0.04262,51.56478],[0.05098,51.56591],[0.05278,51.56189],[0.05443,51.56054],[0.05703,51.56025],[0.06085,51.5588],[0.06433,51.55673],[0.06812,51.55264],[0.06826,51.55141]]]}},{"type":"Feature","properties":{"source_code":"F84003","codes":["F84003"],"label":"LOWER CLAPTON GENERAL PRACTICE"},"geometry":{"type":"Polygon","coordinates":[[[-0.05956,51.54927],[-0.0595,51.54923],[-0.05967,51.54934],[-0.05976,51.54949],[-0.05969,51.54961],[-0.05966,51.54964],[-0.05946,51.54979],[-0.05933,51.54993],[-0.05927,51.55005],[-0.05924,51.55017],[-0.05892,51.55089],[-0.05856,51.55168],[-0.05815,51.55258],[-0.05802,51.55276],[-0.05791,51.55285],[-0.05781,51.55295],[-0.05753,51.5532],[-0.05737,51.55336],[-0.05722,51.55352],[-0.05718,51.5536],[-0.05713,51.55368],[-0.05715,51.55396],[-0.05713,51.55441],[-0.05699,51.55486],[-0.05708,51.55517],[-0.05705,51.55555],[-0.05686,51.55568],[-0.05681,51.55574],[-0.05674,51.55576],[-0.0567,51.5558],[-0.05659,51.55584],[-0.05634,51.55594],[-0.05604,51.55599],[-0.05553,51.55617],[-0.05571,51.5565],[-0.05582,51.55668],[-0.05587,51.5569],[-0.05593,51.55718],[-0.05597,51.55732],[-0.056,51.55747],[-0.05596,51.55766],[-0.05595,51.55779],[-0.05599,51.55793],[-0.05607,51.55803],[-0.05611,51.55812],[-0.056,51.55811],[-0.05593,51.5581],[-0.0558,51.5581],[-0.05561,51.55814],[-0.0556,51.55814],[-0.05559,51.55815],[-0.05558,51.55815],[-0.05553,51.55818],[-0.05551,51.55819],[-0.05544,51.55823],[-0.05539,51.55828],[-0.05536,51.55832],[-0.05534,51.55835],[-0.05527,51.55838],[-0.05513,51.55844],[-0.05506,51.55847],[-0.05492,51.55851],[-0.05479,51.55856],[-0.05465,51.5586],[-0.05459,51.55862],[-0.05429,51.5587],[-0.05405,51.55876],[-0.0535,51.55889],[-0.05322,51.55896],[-0.05301,51.55902],[-0.05269,51.55916],[-0.05236,51.55931],[-0.05172,51.5596],[-0.05127,51.5598],[-0.05113,51.55986],[-0.05052,51.56012],[-0.05021,51.56025],[-0.04989,51.56039],[-0.04943,51.56058],[-0.04906,51.56074],[-0.04901,51.56077],[-0.04897,51.56078],[-0.04871,51.56059],[-0.04857,51.5605],[-0.04847,51.56041],[-0.04833,51.56028],[-0.04839,51.56036],[-0.04816,51.56018],[-0.04808,51.5601],[-0.04801,51.56007],[-0.04786,51.55994],[-0.0478,51.5599],[-0.04776,51.55985],[-0.04766,51.55973],[-0.04755,51.55959],[-0.04751,51.55949],[-0.04747,51.55942],[-0.04743,51.55936],[-0.04738,51.55927],[-0.0473,51.55913],[-0.0472,51.55894],[-0.04706,51.55869],[-0.04697,51.55854],[-0.04693,51.55844],[-0.04683,51.55825],[-0.04674,51.55807],[-0.04664,51.5579],[-0.04658,51.55775],[-0.04655,51.55767],[-0.04648,51.55746],[-0.04648,51.55743],[-0.04648,51.55741],[-0.04647,51.55737],[-0.04646,51.55733],[-0.04645,51.55729],[-0.04644,51.55718],[-0.04647,51.55709],[-0.04649,51.55709],[-0.0465,51.55706],[-0.0465,51.55702],[-0.04589,51.55707],[-0.0457,51.55709],[-0.0456,51.5571],[-0.04548,51.55713],[-0.04503,51.55717],[-0.04459,51.55722],[-0.04428,51.55725],[-0.04421,51.55725],[-0.04412,51.55728],[-0.04405,51.55727],[-0.04384,51.5573],[-0.04369,51.55733],[-0.04358,51.55735],[-0.04338,51.5574],[-0.04319,51.55744],[-0.04281,51.55751],[-0.04261,51.55755],[-0.04242,51.55758],[-0.04204,51.55764],[-0.04162,51.55771],[-0.04135,51.55775],[-0.0406,51.55793],[-0.0403,51.558],[-0.04023,51.55801],[-0.04015,51.55804],[-0.04007,51.55806],[-0.04002,51.55808],[-0.03998,51.55808],[-0.03991,51.55808],[-0.03992,51.55807],[-0.03995,51.55807],[-0.04001,51.55805],[-0.04027,51.55798],[-0.04063,51.55789],[-0.04103,51.5578],[-0.04117,51.55776],[-0.04132,51.55773],[-0.04147,51.5577],[-0.04162,51.55768],[-0.04191,51.55764],[-0.04209,51.55761],[-0.04226,51.55758],[-0.04237,51.55756],[-0.04247,51.55755],[-0.04265,51.55751],[-0.04308,51.55743],[-0.04331,51.55739],[-0.04354,51.55732],[-0.04343,51.55713],[-0.0431,51.55649],[-0.04278,51.55591],[-0.04196,51.55432],[-0.04143,51.55441],[-0.0414,51.55435],[-0.04189,51.55427],[-0.04171,51.55385],[-0.04148,51.55342],[-0.04101,51.55255],[-0.04074,51.55186],[-0.04045,51.55062],[-0.04013,51.54977],[-0.03975,51.5489],[-0.03803,51.54922],[-0.03799,51.54916],[-0.03991,51.5488],[-0.04067,51.5487],[-0.04112,51.54871],[-0.0417,51.54867],[-0.04204,51.54864],[-0.04331,51.54838],[-0.04528,51.54801],[-0.0462,51.54797],[-0.04714,51.548],[-0.0493,51.54823],[-0.04929,51.5473],[-0.05173,51.54731],[-0.05506,51.54713],[-0.05507,51.54718],[-0.0564,51.54775],[-0.05775,51.54836],[-0.05956,51.54927]]]}},{"type":"Feature","properties":{"source_code":"F84033","codes":["F84033"],"label":"SOMERFORD GROVE PRACTICE"},"geometry":{"type":"Polygon","coordinates":[[[-0.06379,51.55861],[-0.06415,51.55816],[-0.06442,51.55763],[-0.06459,51.55728],[-0.06519,51.5565],[-0.06549,51.55606],[-0.06561,51.55568],[-0.06559,51.55547],[-0.06607,51.55546],[-0.06668,51.55549],[-0.06807,51.55558],[-0.06855,51.55555],[-0.06906,51.55529],[-0.06886,51.55512],[-0.06848,51.55479],[-0.06832,51.55466],[-0.06791,51.55416],[-0.0677,51.55392],[-0.0675,51.55366],[-0.06723,51.55335],[-0.06699,51.55307],[-0.06674,51.55278],[-0.06645,51.55246],[-0.0662,51.55217],[-0.06597,51.55192],[-0.06577,51.55169],[-0.0653,51.55176],[-0.06462,51.55184],[-0.06409,51.55193],[-0.06375,51.55168],[-0.0635,51.55154],[-0.0632,51.55137],[-0.06293,51.55122],[-0.06259,51.55101],[-0.06229,51.55083],[-0.06203,51.55064],[-0.06189,51.55051],[-0.06173,51.55034],[-0.06167,51.55023],[-0.06157,51.55004],[-0.0615,51.54987],[-0.06143,51.54967],[-0.06121,51.54963],[-0.06086,51.54961],[-0.06058,51.54958],[-0.06033,51.54952],[-0.06009,51.54947],[-0.06035,51.54934],[-0.06061,51.5492],[-0.06105,51.549],[-0.06143,51.54888],[-0.06186,51.54875],[-0.06241,51.54857],[-0.06295,51.5484],[-0.06321,51.54834],[-0.06353,51.5483],[-0.06376,51.54832],[-0.06398,51.54836],[-0.06423,51.54838],[-0.06464,51.54836],[-0.06502,51.54834],[-0.06571,51.54831],[-0.06612,51.54831],[-0.06663,51.54832],[-0.06707,51.54832],[-0.06746,51.5483],[-0.06794,51.54826],[-0.06855,51.54818],[-0.06869,51.54809],[-0.06882,51.54812],[-0.06899,51.54812],[-0.06981,51.54809],[-0.07085,51.54805],[-0.07122,51.54805],[-0.07137,51.54805],[-0.07159,51.54806],[-0.0719,51.54808],[-0.07202,51.54809],[-0.07218,51.5481],[-0.07259,51.54813],[-0.07303,51.54816],[-0.07349,51.5482],[-0.07393,51.54824],[-0.07415,51.54826],[-0.07431,51.54823],[-0.07458,51.54819],[-0.07495,51.54815],[-0.07508,51.54815],[-0.07542,51.54819],[-0.07548,51.54792],[-0.07556,51.54755],[-0.07562,51.54708],[-0.07568,51.54709],[-0.07612,51.54716],[-0.07638,51.54719],[-0.07644,51.54743],[-0.07649,51.54759],[-0.07662,51.54788],[-0.07671,51.54809],[-0.07678,51.5482],[-0.07701,51.54861],[-0.0771,51.54872],[-0.07772,51.54954],[-0.0783,51.55032],[-0.07864,51.55095],[-0.07939,51.5517],[-0.07989,51.55186],[-0.08102,51.55201],[-0.08345,51.55215],[-0.08471,51.55205],[-0.0854,51.55214],[-0.08508,51.55278],[-0.08459,51.55425],[-0.08422,51.55537],[-0.08392,51.55665],[-0.08366,51.5569],[-0.08298,51.55729],[-0.08242,51.55784],[-0.08238,51.55858],[-0.08257,51.55926],[-0.08328,51.56038],[-0.08351,51.56117],[-0.08289,51.56122],[-0.08212,51.56145],[-0.08036,51.56208],[-0.07991,51.56212],[-0.07802,51.56225],[-0.07592,51.56219],[-0.07366,51.56197],[-0.07354,51.56245],[-0.07186,51.56253],[-0.07167,51.56207],[-0.06832,51.56216],[-0.06788,51.56228],[-0.06773,51.56235],[-0.06728,51.56233],[-0.06621,51.56073],[-0.06524,51.55933],[-0.06488,51.55904],[-0.06379,51.55861]]]}},{"type":"Feature","properties":{"source_code":"F86045","codes":["F86045"],"label":"HIGH ROAD SURGERY"},"geometry":{"type":"Polygon","coordinates":[[[0.00352,51.55989],[0.01674,51.55922],[0.02034,51.55642],[0.02249,51.55141],[0.0012,51.54863],[0.00352,51.55989]]]}},{"type":"Feature","properties":{"source_code":"F84658","codes":["F84658"],"label":"SANGAM PRACTICE"},"geometry":{"type":"Polygon","coordinates":[[[0.04661,51.55343],[0.05124,51.55813],[0.06103,51.5608],[0.06523,51.55653],[0.06759,51.55215],[0.06811,51.54916],[0.06763,51.54359],[0.06626,51.54012],[0.06841,51.53689],[0.06592,51.53478],[0.05927,51.53371],[0.05206,51.53283],[0.04772,51.53184],[0.04648,51.53478],[0.04622,51.53601],[0.04227,51.5383],[0.03884,51.5403],[0.03635,51.54332],[0.03592,51.54754],[0.04304,51.5493],[0.04661,51.55343]]]}},{"type":"Feature","properties":{"source_code":"F83680","codes":["F83680"],"label":"SOBELL MEDICAL CENTRE"},"geometry":{"type":"Polygon","coordinates":[[[-0.11827,51.5469],[-0.11819,51.5493],[-0.11815,51.54994],[-0.12068,51.55135],[-0.12355,51.55317],[-0.12355,51.55349],[-0.12081,51.55479],[-0.1175,51.55618],[-0.11497,51.5572],[-0.11291,51.55789],[-0.11197,51.55821],[-0.11149,51.55848],[-0.11149,51.55928],[-0.11111,51.5596],[-0.11021,51.56002],[-0.10961,51.56066],[-0.10853,51.56184],[-0.10815,51.56227],[-0.10793,51.56259],[-0.10776,51.56328],[-0.10598,51.56412],[-0.10528,51.56361],[-0.10536,51.56254],[-0.10497,51.56148],[-0.10441,51.56066],[-0.10351,51.55902],[-0.10631,51.55808],[-0.10537,51.55498],[-0.10486,51.55302],[-0.10553,51.55219],[-0.10789,51.55157],[-0.10866,51.55105],[-0.10926,51.5505],[-0.11082,51.54953],[-0.11383,51.54854],[-0.11584,51.54754],[-0.11721,51.54686],[-0.11783,51.54677],[-0.11827,51.5469]]]}},{"type":"Feature","properties":{"source_code":"F83681","codes":["F83681"],"label":"PARTNERSHIP PRIMARY CARE CENTRE"},"geometry":{"type":"Polygon","coordinates":[[[-0.1207,51.55841],[-0.11952,51.55768],[-0.12027,51.55712],[-0.11833,51.55581],[-0.11782,51.55604],[-0.11723,51.55611],[-0.11556,51.55498],[-0.11503,51.55447],[-0.11528,51.55418],[-0.11503,51.55364],[-0.11604,51.55299],[-0.11656,51.55269],[-0.11717,51.55313],[-0.11746,51.55331],[-0.11798,51.55343],[-0.11806,51.55181],[-0.1181,51.55003],[-0.11876,51.55027],[-0.11943,51.55071],[-0.12142,51.54986],[-0.12335,51.55134],[-0.12765,51.54819],[-0.12782,51.54862],[-0.12857,51.5489],[-0.12932,51.54924],[-0.13013,51.54991],[-0.13055,51.55064],[-0.13054,51.55125],[-0.13083,51.55157],[-0.13124,51.55187],[-0.13223,51.55232],[-0.13303,51.55284],[-0.13107,51.55382],[-0.13138,51.55431],[-0.13177,51.55478],[-0.13263,51.55475],[-0.13316,51.5546],[-0.13471,51.55407],[-0.13482,51.55443],[-0.13537,51.55489],[-0.13645,51.55522],[-0.13613,51.55628],[-0.13567,51.55712],[-0.13468,51.55735],[-0.13595,51.55903],[-0.1359,51.55911],[-0.13422,51.55728],[-0.12763,51.55789],[-0.1249,51.55813],[-0.12454,51.5584],[-0.12404,51.5586],[-0.1238,51.55856],[-0.12442,51.55821],[-0.12365,51.55822],[-0.1207,51.55841]]]}},{"type":"Feature","properties":{"source_code":"F86650","codes":["F86650"],"label":"LIME TREE SURGERY"},"geometry":{"type":"Polygon","coordinates":[[[-0.00163,51.55994],[-0.01047,51.56672],[-0.00884,51.56795],[-0.00841,51.57045],[-0.00875,51.57323],[-0.0091,51.57376],[-0.00833,51.57552],[-0.00772,51.57584],[-0.00781,51.57803],[-0.00197,51.58091],[0.00609,51.58427],[0.00884,51.58523],[0.01107,51.58566],[0.01253,51.58347],[0.02008,51.58336],[0.02369,51.58478],[0.02549,51.58554],[0.02663,51.58576],[0.02768,51.58548],[0.02985,51.58508],[0.03011,51.58462],[0.03459,51.58587],[0.0412,51.58792],[0.04094,51.58347],[0.04326,51.57864],[0.04219,51.57734],[0.04064,51.57672],[0.03987,51.5748],[0.04553,51.57142],[0.04759,51.56944],[0.05055,51.56608],[0.05098,51.55434],[0.04635,51.55279],[0.04343,51.55258],[0.0388,51.55274],[0.03571,51.55111],[0.02498,51.54962],[0.00717,51.54625],[0.00363,51.54553],[-0.00036,51.54407],[-0.0033,51.54497],[-0.01343,51.54508],[-0.01502,51.54764],[-0.01854,51.55111],[-0.00987,51.55338],[-0.01523,51.55648],[-0.01416,51.55722],[-0.01189,51.5573],[-0.01064,51.55704],[-0.00875,51.55776],[-0.00803,51.55741],[-0.00343,51.55933],[-0.00163,51.55994]]]}},{"type":"Feature","properties":{"source_code":"F84060","codes":["F84060"],"label":"ATHENA MEDICAL CENTRE"},"geometry":{"type":"MultiPolygon","coordinates":[[[[-0.04308,51.56053],[-0.04305,51.56056],[-0.04297,51.56052],[-0.04308,51.56052],[-0.04308,51.56053]]],[[[-0.04305,51.56056],[-0.0431,51.56057],[-0.04305,51.56056],[-0.04305,51.56056]]],[[[-0.0431,51.56057],[-0.04312,51.56058],[-0.04312,51.56058],[-0.0431,51.56057]]],[[[-0.04312,51.56058],[-0.04315,51.5606],[-0.04316,51.56065],[-0.04303,51.5606],[-0.04312,51.56058]]],[[[-0.04316,51.56065],[-0.04328,51.56069],[-0.04323,51.56068],[-0.04328,51.56069],[-0.04328,51.56069],[-0.04377,51.56078],[-0.04384,51.5608],[-0.04337,51.56075],[-0.04331,51.5607],[-0.04317,51.56067],[-0.04316,51.56065]]],[[[-0.06345,51.5585],[-0.06371,51.56062],[-0.06032,51.56243],[-0.05942,51.56312],[-0.05878,51.5636],[-0.0575,51.56389],[-0.05563,51.56395],[-0.05234,51.56394],[-0.05032,51.56405],[-0.04869,51.56394],[-0.04706,51.56348],[-0.04534,51.5627],[-0.04492,51.56247],[-0.04589,51.56197],[-0.04512,51.56138],[-0.04437,51.56099],[-0.04425,51.56094],[-0.04417,51.56087],[-0.04401,51.56088],[-0.04395,51.56083],[-0.04384,51.5608],[-0.04391,51.56081],[-0.04377,51.56078],[-0.04333,51.56067],[-0.04315,51.5606],[-0.04313,51.5605],[-0.0431,51.56057],[-0.04308,51.56053],[-0.04317,51.56043],[-0.04285,51.56044],[-0.04264,51.56037],[-0.04238,51.56027],[-0.04186,51.56028],[-0.04039,51.55967],[-0.03972,51.55921],[-0.03967,51.5589],[-0.0394,51.55854],[-0.0391,51.55834],[-0.03882,51.5581],[-0.03877,51.55769],[-0.03856,51.5573],[-0.03798,51.55685],[-0.03749,51.55661],[-0.03686,51.55626],[-0.0359,51.55576],[-0.03808,51.55412],[-0.03789,51.55341],[-0.03763,51.55223],[-0.03515,51.55241],[-0.03489,51.54985],[-0.03896,51.5489],[-0.04209,51.54857],[-0.04577,51.54791],[-0.04882,51.54807],[-0.05032,51.5485],[-0.05103,51.54931],[-0.05123,51.54991],[-0.0516,51.55133],[-0.05152,51.55091],[-0.05329,51.55057],[-0.05389,51.55002],[-0.05434,51.54973],[-0.05459,51.54957],[-0.05484,51.54947],[-0.05944,51.54964],[-0.05953,51.54964],[-0.05955,51.54964],[-0.05957,51.54964],[-0.05955,51.54964],[-0.05957,51.54964],[-0.05959,51.54964],[-0.0596,51.54964],[-0.05962,51.54964],[-0.05795,51.55288],[-0.05821,51.55397],[-0.05865,51.55554],[-0.06499,51.55549],[-0.06369,51.55674],[-0.06345,51.5585]]]]}},{"type":"Feature","properties":{"source_code":"F86701","codes":["F86701"],"label":"KIYANI MEDICAL PRACTICE"},"geometry":{"type":"Polygon","coordinates":[[[-0.01305,51.57558],[-0.00378,51.58091],[0.00858,51.57782],[0.0206,51.56693],[0.01837,51.55477],[-0.00154,51.54858],[-0.01459,51.55626],[-0.02506,51.56981],[-0.01305,51.57558]]]}},{"type":"Feature","properties":{"source_code":"F86705","codes":["F86705"],"label":"LANGTHORNE SHARMA FAMILY PRACTICE"},"geometry":{"type":"Polygon","coordinates":[[[0.00601,51.54634],[0.00142,51.54682],[-0.00841,51.54623],[-0.0109,51.54864],[-0.00755,51.55565],[-0.01648,51.56283],[-0.01543,51.56784],[-0.00906,51.56805],[0.00506,51.56448],[0.00489,51.56469],[0.00773,51.56863],[0.01031,51.56733],[0.01477,51.56603],[0.01442,51.56451],[0.01414,51.56368],[0.01386,51.56101],[0.01419,51.56352],[0.01442,51.56451],[0.01493,51.56603],[0.01447,51.5595],[0.01784,51.55874],[0.01812,51.55756],[0.01934,51.56056],[0.02046,51.565],[0.02257,51.56703],[0.02365,51.56656],[0.02516,51.56357],[0.02538,51.56282],[0.02517,51.56174],[0.02565,51.55899],[0.02502,51.55554],[0.023,51.55343],[0.00601,51.54634]]]}},{"type":"Feature","properties":{"source_code":"F86625","codes":["F86625"],"label":"LL MEDICAL CARE LTD"},"geometry":{"type":"Polygon","coordinates":[[[-0.02935,51.57077],[-0.02411,51.57515],[-0.02195,51.57291],[-0.00459,51.57366],[0.02403,51.57379],[0.03573,51.55774],[0.04794,51.54086],[0.03214,51.53657],[0.02193,51.53348],[0.01064,51.53008],[-0.01699,51.53075],[-0.03708,51.53886],[-0.02463,51.55717],[-0.02935,51.57077]]]}},{"type":"Feature","properties":{"source_code":"F83674","codes":["F83674"],"label":"THE JUNCTION MEDICAL PRACTICE"},"geometry":{"type":"Polygon","coordinates":[[[-0.14162,51.55221],[-0.14626,51.55669],[-0.12875,51.57019],[-0.11441,51.5601],[-0.14162,51.55221]]]}},{"type":"Feature","properties":{"source_code":"F84115","codes":["F84115"],"label":"THE STATHAM GROVE SURGERY"},"geometry":{"type":"MultiPolygon","coordinates":[[[[-0.09828,51.55756],[-0.09815,51.55704],[-0.09836,51.55757],[-0.09828,51.55756]]],[[[-0.09943,51.56152],[-0.09875,51.56181],[-0.09746,51.56227],[-0.09398,51.56336],[-0.09244,51.56392],[-0.09171,51.56419],[-0.09132,51.56437],[-0.09184,51.56509],[-0.09085,51.56541],[-0.09021,51.56571],[-0.08866,51.56627],[-0.08785,51.5668],[-0.08729,51.56784],[-0.08652,51.56827],[-0.0854,51.56728],[-0.08489,51.56581],[-0.08394,51.56464],[-0.08265,51.56347],[-0.08051,51.56211],[-0.07952,51.56221],[-0.07682,51.56221],[-0.0736,51.56195],[-0.07484,51.55221],[-0.07626,51.55223],[-0.07849,51.55183],[-0.08154,51.55194],[-0.08317,51.55202],[-0.08562,51.55223],[-0.08776,51.55293],[-0.09025,51.55589],[-0.09021,51.55698],[-0.09828,51.55756],[-0.09862,51.55893],[-0.09871,51.56064],[-0.09943,51.56152]]]]}},{"type":"Feature","properties":{"source_code":"F84018","codes":["F84018"],"label":"THE NIGHTINGALE PRACTICE"},"geometry":{"type":"Polygon","coordinates":[[[-0.0731,51.56387],[-0.06821,51.56541],[-0.06848,51.56621],[-0.06473,51.56659],[-0.06111,51.56761],[-0.06141,51.56789],[-0.05999,51.56831],[-0.05652,51.56841],[-0.05647,51.56842],[-0.05596,51.56826],[-0.05559,51.56866],[-0.05508,51.56833],[-0.05399,51.56902],[-0.05122,51.56766],[-0.05133,51.56766],[-0.04678,51.5643],[-0.04744,51.56326],[-0.04738,51.56326],[-0.04605,51.56214],[-0.05115,51.55998],[-0.04931,51.5581],[-0.05012,51.55781],[-0.04946,51.55663],[-0.05433,51.55464],[-0.05444,51.55467],[-0.05287,51.55279],[-0.05585,51.5522],[-0.05476,51.54948],[-0.05963,51.54948],[-0.05821,51.55257],[-0.05879,51.55556],[-0.06816,51.55555],[-0.06818,51.55555],[-0.06906,51.55535],[-0.07434,51.55668],[-0.07623,51.55652],[-0.07425,51.55919],[-0.0731,51.56387]]]}},{"type":"Feature","properties":{"source_code":"F86666","codes":["F86666"],"label":"HARROW ROAD GP CENTRE"},"geometry":{"type":"Polygon","coordinates":[[[-0.00781,51.57254],[0.00584,51.57047],[0.02034,51.56797],[0.02309,51.56299],[0.02596,51.56028],[0.02575,51.55678],[0.02541,51.55373],[0.01077,51.55239],[-0.00403,51.55147],[-0.00775,51.55899],[-0.01112,51.56401],[-0.00781,51.57254]]]}},{"type":"Feature","properties":{"source_code":"F86657","codes":["F86657"],"label":"YORK ROAD SURGERY"},"geometry":{"type":"Polygon","coordinates":[[[0.04613,51.57454],[0.04849,51.5747],[0.04839,51.57531],[0.04845,51.57591],[0.04868,51.57522],[0.05068,51.57528],[0.05311,51.57531],[0.05583,51.57544],[0.05893,51.57553],[0.06053,51.5758],[0.0604,51.57628],[0.06159,51.57523],[0.06312,51.5754],[0.0637,51.57477],[0.0655,51.57362],[0.06622,51.57503],[0.06557,51.57643],[0.06641,51.57594],[0.06673,51.57417],[0.06446,51.57202],[0.06384,51.57099],[0.06424,51.56986],[0.06575,51.56749],[0.0666,51.56611],[0.06592,51.56505],[0.06738,51.56393],[0.06798,51.56308],[0.07021,51.55856],[0.06912,51.55922],[0.06725,51.55866],[0.06377,51.55845],[0.0612,51.55928],[0.06026,51.55982],[0.06026,51.56063],[0.05893,51.5613],[0.05812,51.56207],[0.05435,51.56655],[0.05102,51.57054],[0.04613,51.57454]]]}},{"type":"Feature","properties":{"source_code":"F83664","codes":["F83664"],"label":"THE VILLAGE PRACTICE"},"geometry":{"type":"MultiPolygon","coordinates":[[[[-0.09779,51.54819],[-0.09757,51.54825],[-0.09694,51.5484],[-0.0969,51.54841],[-0.09681,51.54843],[-0.09686,51.5484],[-0.09743,51.54828],[-0.09779,51.54819]]],[[[-0.09681,51.54843],[-0.0968,51.54844],[-0.09644,51.54853],[-0.09645,51.54851],[-0.09681,51.54843]]],[[[-0.09644,51.54853],[-0.09642,51.54859],[-0.09642,51.54854],[-0.09644,51.54853]]],[[[-0.09642,51.54859],[-0.09643,51.54872],[-0.09634,51.5488],[-0.09642,51.54859]]],[[[-0.09823,51.54808],[-0.09779,51.54819],[-0.09823,51.54807],[-0.09822,51.54793],[-0.09828,51.54774],[-0.09894,51.54769],[-0.09968,51.5476],[-0.10102,51.54778],[-0.10167,51.54687],[-0.10309,51.54656],[-0.10352,51.5464],[-0.10534,51.54728],[-0.10651,51.5481],[-0.10711,51.54855],[-0.10759,51.549],[-0.10825,51.54948],[-0.10926,51.55026],[-0.11026,51.55099],[-0.11197,51.55224],[-0.1134,51.55351],[-0.11512,51.5547],[-0.11687,51.55593],[-0.11864,51.55709],[-0.11957,51.55768],[-0.12073,51.55846],[-0.12135,51.55885],[-0.1216,51.5591],[-0.12163,51.55933],[-0.12162,51.55934],[-0.12163,51.55934],[-0.12163,51.55933],[-0.12173,51.55916],[-0.12333,51.56033],[-0.12414,51.56101],[-0.12485,51.56168],[-0.12682,51.56257],[-0.12765,51.56304],[-0.12838,51.56349],[-0.12683,51.56476],[-0.12689,51.56497],[-0.12683,51.56514],[-0.12573,51.56604],[-0.1244,51.56696],[-0.12401,51.56667],[-0.12358,51.5663],[-0.12198,51.56707],[-0.11659,51.56982],[-0.11411,51.57113],[-0.11323,51.57188],[-0.11262,51.57281],[-0.11132,51.57234],[-0.11015,51.57186],[-0.10911,51.57127],[-0.10815,51.57068],[-0.10776,51.57045],[-0.10747,51.57017],[-0.10744,51.56986],[-0.10745,51.56957],[-0.10722,51.56929],[-0.10681,51.56911],[-0.1068,51.5683],[-0.10679,51.56781],[-0.1068,51.56751],[-0.1069,51.56734],[-0.10714,51.56715],[-0.10749,51.56701],[-0.10776,51.56682],[-0.1078,51.56686],[-0.1078,51.56681],[-0.10776,51.56682],[-0.10776,51.56682],[-0.10749,51.56657],[-0.10719,51.56626],[-0.10621,51.5656],[-0.10559,51.56518],[-0.10499,51.56475],[-0.10468,51.56455],[-0.10474,51.56459],[-0.10261,51.56586],[-0.10061,51.56717],[-0.09826,51.56895],[-0.09597,51.57069],[-0.0957,51.57045],[-0.09441,51.56867],[-0.09419,51.56809],[-0.0941,51.567],[-0.0939,51.56634],[-0.09358,51.56565],[-0.09293,51.56473],[-0.09234,51.56372],[-0.09183,51.56258],[-0.0917,51.56178],[-0.09173,51.56128],[-0.09173,51.56045],[-0.09162,51.55999],[-0.09133,51.55954],[-0.09079,51.55861],[-0.09054,51.5581],[-0.09037,51.55758],[-0.09146,51.55718],[-0.09121,51.5569],[-0.09122,51.55655],[-0.09133,51.55511],[-0.09185,51.55512],[-0.09242,51.5552],[-0.09227,51.55371],[-0.09182,51.55208],[-0.09172,51.55169],[-0.0917,51.55136],[-0.09179,51.55104],[-0.09201,51.55075],[-0.09266,51.55037],[-0.09361,51.5501],[-0.09557,51.54954],[-0.09634,51.5488],[-0.09631,51.54889],[-0.09643,51.54873],[-0.09643,51.54872],[-0.09655,51.5486],[-0.0968,51.54844],[-0.0969,51.54841],[-0.09713,51.54836],[-0.09768,51.54823],[-0.09823,51.54808]]]]}},{"type":"Feature","properties":{"source_code":"F86074","codes":["F86074"],"label":"LEYTON HEALTHCARE 4TH FLOOR"},"geometry":{"type":"Polygon","coordinates":[[[-0.01665,51.60064],[-0.00051,51.60011],[0.00996,51.5951],[0.00532,51.584],[0.01854,51.57163],[0.01923,51.55701],[-0.00257,51.54943],[-0.01545,51.55594],[-0.03656,51.56619],[-0.04532,51.57056],[-0.04154,51.57632],[-0.04566,51.58688],[-0.0436,51.58998],[-0.04429,51.59669],[-0.04292,51.59861],[-0.01665,51.60064]]]}},{"type":"Feature","properties":{"source_code":"F84694","codes":["F84694"],"label":"THE SURGERY (BROOKE ROAD)"},"geometry":{"type":"Polygon","coordinates":[[[-0.05527,51.5585],[-0.06394,51.5585],[-0.06532,51.55551],[-0.06832,51.55567],[-0.06841,51.55493],[-0.06918,51.55498],[-0.07484,51.55493],[-0.07939,51.55557],[-0.07931,51.55765],[-0.07879,51.56203],[-0.08223,51.5664],[-0.07965,51.56683],[-0.08102,51.57077],[-0.07811,51.57504],[-0.07278,51.57355],[-0.06437,51.57088],[-0.06042,51.56597],[-0.05527,51.5585]]]}},{"type":"Feature","properties":{"source_code":"F84008","codes":["F84008"],"label":"BARTON HOUSE GROUP PRACTICE"},"geometry":{"type":"Polygon","coordinates":[[[-0.06887,51.554],[-0.06938,51.55309],[-0.07071,51.55255],[-0.07186,51.55181],[-0.07234,51.5511],[-0.07362,51.55077],[-0.07524,51.5506],[-0.07668,51.54991],[-0.07763,51.54956],[-0.07887,51.54932],[-0.08016,51.54968],[-0.08335,51.55054],[-0.08488,51.55104],[-0.08593,51.55101],[-0.08554,51.55211],[-0.08783,51.55312],[-0.0734,51.55388],[-0.0748,51.55384],[-0.08786,51.55313],[-0.09025,51.556],[-0.09025,51.55763],[-0.09182,51.56015],[-0.09234,51.56384],[-0.09255,51.56387],[-0.09121,51.56425],[-0.0915,51.56499],[-0.08802,51.56674],[-0.08735,51.56793],[-0.08659,51.56819],[-0.08697,51.5687],[-0.08063,51.5703],[-0.07786,51.57059],[-0.07572,51.57048],[-0.073,51.57039],[-0.0729,51.56796],[-0.06952,51.56787],[-0.06942,51.56425],[-0.07033,51.56268],[-0.07128,51.56268],[-0.07074,51.56115],[-0.06874,51.55751],[-0.06826,51.55674],[-0.06822,51.55499],[-0.06869,51.55401],[-0.06887,51.554]]]}},{"type":"Feature","properties":{"source_code":"F83060","codes":["F83060"],"label":"THE NORTHERN MEDICAL CENTRE"},"geometry":{"type":"Polygon","coordinates":[[[-0.1387,51.55653],[-0.14291,51.56907],[-0.12789,51.5744],[-0.11072,51.55674],[-0.1387,51.55653]]]}},{"type":"Feature","properties":{"source_code":"F86731","codes":["F86731"],"label":"ALDERSBROOK MEDICAL CENTRE"},"geometry":{"type":"Polygon","coordinates":[[[0.0321,51.57547],[0.03553,51.57707],[0.03463,51.57433],[0.03914,51.57494],[0.04034,51.57504],[0.04068,51.5743],[0.0424,51.57451],[0.04017,51.57376],[0.04131,51.57314],[0.04237,51.57328],[0.04341,51.57362],[0.0445,51.57395],[0.04534,51.57431],[0.04622,51.57337],[0.04712,51.57266],[0.04813,51.57194],[0.04901,51.57107],[0.05343,51.56608],[0.05161,51.56533],[0.0418,51.56074],[0.04242,51.55912],[0.04425,51.55786],[0.03661,51.56106],[0.03309,51.56293],[0.02783,51.56269],[0.02507,51.56421],[0.02471,51.56377],[0.02434,51.56344],[0.0232,51.56276],[0.02209,51.56203],[0.02149,51.56187],[0.02088,51.56209],[0.02072,51.5639],[0.02085,51.56439],[0.02107,51.5649],[0.02131,51.56583],[0.02375,51.56885],[0.02362,51.5717],[0.02369,51.5736],[0.02476,51.574],[0.02794,51.57523],[0.0321,51.57547]]]}},{"type":"Feature","properties":{"source_code":"F83666","codes":["F83666"],"label":"ANDOVER MEDICAL CENTRE"},"geometry":{"type":"Polygon","coordinates":[[[-0.12913,51.56393],[-0.12651,51.5659],[-0.12518,51.5669],[-0.12464,51.56729],[-0.12405,51.56767],[-0.1228,51.56841],[-0.11746,51.57118],[-0.11658,51.57076],[-0.11512,51.57055],[-0.11383,51.56992],[-0.11213,51.56917],[-0.11058,51.56845],[-0.10868,51.56732],[-0.10783,51.56669],[-0.10678,51.56579],[-0.10578,51.56514],[-0.10476,51.56449],[-0.10752,51.56314],[-0.10771,51.56218],[-0.10854,51.5614],[-0.10993,51.55994],[-0.11046,51.55962],[-0.11101,51.55934],[-0.11098,51.55864],[-0.10963,51.55701],[-0.11086,51.55545],[-0.11105,51.55518],[-0.1113,51.55493],[-0.11182,51.55442],[-0.11304,51.55344],[-0.12069,51.55881],[-0.12271,51.56007],[-0.12361,51.56079],[-0.124,51.56116],[-0.12457,51.56163],[-0.12494,51.5619],[-0.12555,51.56225],[-0.12665,51.56266],[-0.12767,51.56326],[-0.12846,51.5637],[-0.12913,51.56393]]]}},{"type":"Feature","properties":{"source_code":"F86696","codes":["F86696"],"label":"FRANCIS ROAD MEDICAL CENTRE"},"geometry":{"type":"Polygon","coordinates":[[[-0.01099,51.57672],[-0.0072,51.57812],[-0.00539,51.57814],[-0.00399,51.57683],[-0.00149,51.57446],[-0.00011,51.57323],[0.00178,51.57164],[0.00099,51.57136],[0.00236,51.57041],[0.00781,51.56811],[0.01352,51.56306],[0.01339,51.55956],[0.01167,51.55954],[0.00995,51.55905],[0.00642,51.55773],[0.00592,51.55648],[0.00506,51.55474],[0.00506,51.55339],[0.00532,51.55247],[0.00058,51.55202],[-0.00194,51.55158],[-0.00429,51.55098],[-0.00532,51.5529],[-0.00725,51.55213],[-0.00987,51.55383],[-0.0118,51.55518],[-0.01386,51.55605],[-0.01526,51.5566],[-0.0146,51.55707],[-0.0136,51.55739],[-0.011,51.55722],[-0.01395,51.56016],[-0.01611,51.56296],[-0.01713,51.56407],[-0.01832,51.5646],[-0.01913,51.56463],[-0.0196,51.56493],[-0.02111,51.56643],[-0.0245,51.57045],[-0.01914,51.57225],[-0.01648,51.57288],[-0.01451,51.57402],[-0.01099,51.57672]]]}},{"type":"Feature","properties":{"source_code":"F83004","codes":["F83004"],"label":"ARCHWAY MEDICAL CENTRE"},"geometry":{"type":"MultiPolygon","coordinates":[[[[-0.11508,51.56021],[-0.11939,51.55765],[-0.12033,51.55821],[-0.13844,51.55682],[-0.1369,51.5614],[-0.13433,51.56576],[-0.13264,51.56707],[-0.1313,51.56841],[-0.12772,51.57072],[-0.12411,51.56965],[-0.11508,51.56021]]],[[[-0.12433,51.57097],[-0.12379,51.56956],[-0.12705,51.57053],[-0.12675,51.57134],[-0.12433,51.57097]]]]}},{"type":"Feature","properties":{"source_code":"F84716","codes":["F84716"],"label":"THE ALLERTON ROAD SURGERY"},"geometry":{"type":"Polygon","coordinates":[[[-0.09759,51.57366],[-0.09652,51.57379],[-0.09497,51.57355],[-0.09364,51.57392],[-0.09175,51.57392],[-0.09047,51.57422],[-0.08956,51.5744],[-0.08858,51.57424],[-0.08802,51.5744],[-0.08703,51.57435],[-0.08617,51.57451],[-0.08381,51.57478],[-0.08197,51.57491],[-0.07982,51.57491],[-0.07806,51.57459],[-0.07669,51.57435],[-0.07549,51.57407],[-0.07429,51.57383],[-0.07276,51.57366],[-0.07186,51.57334],[-0.0713,51.57306],[-0.07002,51.57267],[-0.06809,51.57247],[-0.06714,51.5721],[-0.06856,51.57126],[-0.06854,51.56987],[-0.06845,51.56676],[-0.06845,51.56607],[-0.06804,51.56532],[-0.068,51.56467],[-0.06869,51.56377],[-0.06914,51.56312],[-0.06922,51.5626],[-0.07141,51.56284],[-0.07281,51.56336],[-0.07308,51.56345],[-0.07356,51.56185],[-0.07403,51.55981],[-0.07512,51.55973],[-0.07519,51.55952],[-0.07673,51.55893],[-0.078,51.55848],[-0.07826,51.55837],[-0.0783,51.55806],[-0.07864,51.55784],[-0.07899,51.55765],[-0.08124,51.55776],[-0.08238,51.5579],[-0.08287,51.55734],[-0.08377,51.55686],[-0.08467,51.55658],[-0.0859,51.55658],[-0.08712,51.55677],[-0.08778,51.55694],[-0.0886,51.55733],[-0.08916,51.55785],[-0.08946,51.55816],[-0.09004,51.5578],[-0.09062,51.55757],[-0.0907,51.55745],[-0.09132,51.55794],[-0.09154,51.5583],[-0.09162,51.55869],[-0.09216,51.55902],[-0.09205,51.55976],[-0.0919,51.55992],[-0.09195,51.56032],[-0.09268,51.56041],[-0.09364,51.5605],[-0.09437,51.56086],[-0.09538,51.56108],[-0.09587,51.56118],[-0.09637,51.56114],[-0.09866,51.56082],[-0.10132,51.56276],[-0.10347,51.56421],[-0.10446,51.5648],[-0.10038,51.56744],[-0.09682,51.57013],[-0.09613,51.57083],[-0.09759,51.57366]]]}},{"type":"Feature","properties":{"source_code":"F84668","codes":["F84668"],"label":"THE CLAPTON SURGERY"},"geometry":{"type":"MultiPolygon","coordinates":[[[[-0.06935,51.57574],[-0.066,51.57682],[-0.06164,51.57807],[-0.06156,51.57787],[-0.06139,51.57772],[-0.0612,51.57734],[-0.06094,51.57683],[-0.06075,51.57631],[-0.06049,51.57584],[-0.06019,51.57534],[-0.05991,51.57483],[-0.0595,51.57428],[-0.05912,51.57376],[-0.05899,51.57322],[-0.0589,51.57304],[-0.05886,51.57279],[-0.05875,51.57248],[-0.05834,51.57224],[-0.058,51.572],[-0.05761,51.57174],[-0.05725,51.57146],[-0.05695,51.57114],[-0.05661,51.57056],[-0.05596,51.57043],[-0.05534,51.57039],[-0.05497,51.57036],[-0.05452,51.57017],[-0.05424,51.56984],[-0.05405,51.56941],[-0.05377,51.5688],[-0.05328,51.56847],[-0.05234,51.56796],[-0.05163,51.56775],[-0.05105,51.56749],[-0.05034,51.56692],[-0.0497,51.5666],[-0.04897,51.56589],[-0.04843,51.56559],[-0.04783,51.56528],[-0.04734,51.5648],[-0.04725,51.56456],[-0.04989,51.56169],[-0.05377,51.5604],[-0.0536,51.56017],[-0.05313,51.5589],[-0.05264,51.5582],[-0.05575,51.55721],[-0.05545,51.55652],[-0.05502,51.55584],[-0.05448,51.55502],[-0.05382,51.55425],[-0.05274,51.5527],[-0.05206,51.55205],[-0.05111,51.55054],[-0.05066,51.54916],[-0.0503,51.54875],[-0.04937,51.5484],[-0.04791,51.54814],[-0.04592,51.54812],[-0.04452,51.54828],[-0.04437,51.54811],[-0.048,51.54688],[-0.05032,51.54723],[-0.05167,51.54695],[-0.05334,51.54648],[-0.05519,51.54658],[-0.05652,51.54658],[-0.05815,51.54643],[-0.05937,51.54647],[-0.06038,51.54627],[-0.06242,51.54591],[-0.06366,51.54569],[-0.06504,51.54581],[-0.0674,51.546],[-0.06892,51.54615],[-0.07075,51.54615],[-0.07278,51.5462],[-0.07497,51.54613],[-0.07575,51.54613],[-0.07562,51.54735],[-0.07523,51.55039],[-0.0751,51.55269],[-0.07472,51.55453],[-0.07463,51.55685],[-0.07381,51.56122],[-0.07326,51.56355],[-0.073,51.56715],[-0.07296,51.56947],[-0.07261,51.57267],[-0.0724,51.57536],[-0.06935,51.57574]]],[[[-0.06164,51.57807],[-0.06173,51.57827],[-0.06163,51.57807],[-0.06164,51.57807]]]]}},{"type":"Feature","properties":{"source_code":"F84619","codes":["F84619"],"label":"THE RIVERSIDE PRACTICE"},"geometry":{"type":"MultiPolygon","coordinates":[[[[-0.05526,51.55872],[-0.05527,51.55872],[-0.05528,51.55873],[-0.05526,51.55872]]],[[[-0.06099,51.55972],[-0.06291,51.55989],[-0.06312,51.56],[-0.06099,51.55972]]],[[[-0.06312,51.56],[-0.06324,51.56002],[-0.0634,51.56012],[-0.06321,51.56005],[-0.06312,51.56]]],[[[-0.06496,51.5607],[-0.06503,51.56071],[-0.06608,51.56173],[-0.06628,51.56186],[-0.06611,51.56176],[-0.06502,51.56072],[-0.06496,51.5607]]],[[[-0.04788,51.55987],[-0.04787,51.55987],[-0.04828,51.56015],[-0.04788,51.55987],[-0.04794,51.55984],[-0.04865,51.5604],[-0.05176,51.55944],[-0.05193,51.55938],[-0.05193,51.55938],[-0.05193,51.55938],[-0.05245,51.5592],[-0.05296,51.55896],[-0.05251,51.55918],[-0.0539,51.55869],[-0.05478,51.55874],[-0.05498,51.55869],[-0.05489,51.55864],[-0.05503,51.55868],[-0.05505,51.55867],[-0.05526,51.55872],[-0.05523,51.55873],[-0.05532,51.55875],[-0.05528,51.55873],[-0.05727,51.55922],[-0.06099,51.55972],[-0.06053,51.55967],[-0.06256,51.55998],[-0.06315,51.56004],[-0.06316,51.56006],[-0.06326,51.56008],[-0.06316,51.56007],[-0.06316,51.56008],[-0.06372,51.56034],[-0.06379,51.56036],[-0.0634,51.56012],[-0.06496,51.5607],[-0.06464,51.56064],[-0.06502,51.56077],[-0.06609,51.56178],[-0.06645,51.56198],[-0.06628,51.56186],[-0.06662,51.56207],[-0.06742,51.56251],[-0.06716,51.56269],[-0.06706,51.56275],[-0.06566,51.5644],[-0.06554,51.56468],[-0.0648,51.56707],[-0.06478,51.56708],[-0.06477,51.56711],[-0.06409,51.56756],[-0.06416,51.56755],[-0.06405,51.56759],[-0.06397,51.56764],[-0.06405,51.56759],[-0.06158,51.5684],[-0.06124,51.56821],[-0.06051,51.56827],[-0.05859,51.56894],[-0.06004,51.5684],[-0.06043,51.56828],[-0.06026,51.56829],[-0.06075,51.56818],[-0.06101,51.5681],[-0.05996,51.56832],[-0.06026,51.56829],[-0.05995,51.56837],[-0.05995,51.56837],[-0.05993,51.56837],[-0.05951,51.56847],[-0.05764,51.56853],[-0.05502,51.57015],[-0.05523,51.57008],[-0.05521,51.57011],[-0.05859,51.56894],[-0.05802,51.56915],[-0.05521,51.57011],[-0.05506,51.57029],[-0.05486,51.57026],[-0.05478,51.57032],[-0.05477,51.57031],[-0.05484,51.57026],[-0.05479,51.57025],[-0.05477,51.57027],[-0.0548,51.57029],[-0.05477,51.57027],[-0.05475,51.57028],[-0.05477,51.57027],[-0.05473,51.57024],[-0.05472,51.57024],[-0.05475,51.57028],[-0.05477,51.57031],[-0.05476,51.57032],[-0.05433,51.56995],[-0.05391,51.56925],[-0.05306,51.56843],[-0.05202,51.56795],[-0.05139,51.56771],[-0.0494,51.56632],[-0.04902,51.56606],[-0.04892,51.566],[-0.04755,51.56515],[-0.04682,51.56419],[-0.04697,51.56379],[-0.04699,51.56378],[-0.04699,51.56373],[-0.04755,51.56323],[-0.04755,51.56276],[-0.04752,51.56268],[-0.04699,51.56242],[-0.04612,51.56218],[-0.04601,51.5621],[-0.0457,51.562],[-0.04538,51.56168],[-0.04487,51.56134],[-0.04498,51.56129],[-0.04489,51.5612],[-0.04774,51.55991],[-0.04786,51.55985],[-0.04788,51.55987]]],[[[-0.06703,51.56277],[-0.06566,51.56429],[-0.06564,51.56434],[-0.06705,51.56276],[-0.06703,51.56277]]],[[[-0.04695,51.56413],[-0.04698,51.56382],[-0.04689,51.56417],[-0.04761,51.56517],[-0.04852,51.56571],[-0.04764,51.56511],[-0.04751,51.56496],[-0.04695,51.56413]]],[[[-0.04963,51.56513],[-0.05026,51.5658],[-0.05085,51.56631],[-0.04963,51.56513]]],[[[-0.04769,51.56308],[-0.04762,51.56291],[-0.04761,51.56299],[-0.04769,51.56308]]],[[[-0.06037,51.56686],[-0.05768,51.56851],[-0.05776,51.56851],[-0.05776,51.56851],[-0.06037,51.56686]]],[[[-0.06399,51.56757],[-0.06391,51.56759],[-0.06408,51.56756],[-0.06474,51.56711],[-0.06474,51.56711],[-0.06399,51.56757]]],[[[-0.06103,51.56809],[-0.06085,51.56815],[-0.06113,51.56809],[-0.06126,51.56807],[-0.06124,51.56805],[-0.06103,51.56809]]],[[[-0.05292,51.5683],[-0.05266,51.5682],[-0.05302,51.56839],[-0.05292,51.5683]]],[[[-0.05767,51.56852],[-0.05767,51.56852],[-0.05769,51.56851],[-0.05767,51.56852]]],[[[-0.05469,51.57019],[-0.05469,51.57019],[-0.05432,51.56965],[-0.05422,51.56954],[-0.05469,51.57019]]],[[[-0.05448,51.56979],[-0.05477,51.57022],[-0.05488,51.57019],[-0.05488,51.57018],[-0.05448,51.56979]]],[[[-0.05475,51.57024],[-0.05477,51.57026],[-0.05479,51.57025],[-0.05475,51.57024]]],[[[-0.06228,51.55995],[-0.05984,51.55961],[-0.0597,51.5596],[-0.05788,51.55936],[-0.05985,51.55969],[-0.05982,51.55968],[-0.06228,51.55995]]],[[[-0.05617,51.55911],[-0.05617,51.55911],[-0.05617,51.55911],[-0.05616,51.5591],[-0.05594,51.55907],[-0.05608,51.55915],[-0.05617,51.55911],[-0.05617,51.55911],[-0.05615,51.55915],[-0.05667,51.5598],[-0.05617,51.55911]]],[[[-0.05705,51.55922],[-0.05729,51.55926],[-0.05721,51.55924],[-0.05705,51.55922]]],[[[-0.05513,51.55877],[-0.0551,51.55875],[-0.05505,51.55876],[-0.05513,51.55877]]]]}},{"type":"Feature","properties":{"source_code":"F84080","codes":["F84080"],"label":"FOUNTAYNE ROAD MEDICAL PRACTICE"},"geometry":{"type":"Polygon","coordinates":[[[-0.07782,51.57451],[-0.06676,51.57224],[-0.06359,51.57407],[-0.06089,51.5721],[-0.06379,51.57058],[-0.06112,51.56804],[-0.05882,51.56851],[-0.0567,51.56839],[-0.05326,51.56661],[-0.05068,51.56657],[-0.05371,51.55995],[-0.05602,51.55891],[-0.05879,51.55834],[-0.06645,51.55892],[-0.07458,51.55746],[-0.07409,51.56005],[-0.07886,51.55765],[-0.0823,51.55789],[-0.08319,51.55717],[-0.08576,51.56035],[-0.08486,51.56107],[-0.08245,51.56129],[-0.08279,51.56218],[-0.08379,51.56198],[-0.08656,51.56388],[-0.08764,51.56507],[-0.08846,51.56632],[-0.08765,51.56745],[-0.08654,51.56821],[-0.08861,51.57031],[-0.0907,51.57255],[-0.08607,51.57446],[-0.08184,51.57484],[-0.07982,51.5748],[-0.07782,51.57451]]]}},{"type":"Feature","properties":{"source_code":"Y03049","codes":["Y03049"],"label":"SPRING HILL PRACTICE"},"geometry":{"type":"Polygon","coordinates":[[[-0.06118,51.57736],[-0.05617,51.57053],[-0.05603,51.57042],[-0.0551,51.57037],[-0.05471,51.57031],[-0.05426,51.56981],[-0.05368,51.56874],[-0.0531,51.56835],[-0.05197,51.56789],[-0.05122,51.56758],[-0.05026,51.56698],[-0.04917,51.56617],[-0.04845,51.56567],[-0.04756,51.5651],[-0.04716,51.56464],[-0.04678,51.56418],[-0.0472,51.5636],[-0.04687,51.56327],[-0.0455,51.56283],[-0.04485,51.56251],[-0.04538,51.56229],[-0.0469,51.56166],[-0.04886,51.56082],[-0.04884,51.5608],[-0.04894,51.56078],[-0.049,51.56076],[-0.04901,51.56077],[-0.08407,51.55554],[-0.08411,51.5555],[-0.04903,51.56077],[-0.04871,51.5606],[-0.04779,51.55977],[-0.04708,51.55872],[-0.04654,51.55757],[-0.04661,51.55674],[-0.0483,51.55493],[-0.04948,51.55359],[-0.05043,51.5531],[-0.05261,51.55233],[-0.05298,51.55294],[-0.05427,51.55462],[-0.05538,51.55616],[-0.05686,51.5558],[-0.05869,51.55565],[-0.06128,51.55553],[-0.06665,51.55547],[-0.06834,51.55559],[-0.0689,51.55533],[-0.0698,51.55486],[-0.07306,51.55495],[-0.07472,51.55499],[-0.07579,51.55503],[-0.07903,51.55549],[-0.07907,51.5551],[-0.07933,51.5551],[-0.08242,51.55546],[-0.08412,51.5555],[-0.08421,51.55541],[-0.08418,51.55553],[-0.08429,51.55551],[-0.08416,51.55563],[-0.08402,51.55622],[-0.08384,51.55678],[-0.08317,51.55718],[-0.08254,51.55769],[-0.08239,51.55811],[-0.08244,51.55892],[-0.08312,51.56014],[-0.0836,51.56106],[-0.08424,51.56176],[-0.08376,51.56199],[-0.08461,51.56255],[-0.08567,51.56334],[-0.08673,51.56411],[-0.08763,51.56501],[-0.08801,51.56561],[-0.08847,51.56635],[-0.08793,51.56692],[-0.08757,51.56748],[-0.08721,51.56794],[-0.08653,51.56821],[-0.08694,51.56855],[-0.08815,51.56979],[-0.08896,51.57071],[-0.08985,51.57166],[-0.09074,51.57248],[-0.08923,51.57299],[-0.08738,51.57367],[-0.08635,51.57442],[-0.08591,51.57447],[-0.08417,51.57468],[-0.08233,51.57482],[-0.08052,51.57486],[-0.07916,51.57472],[-0.07705,51.57441],[-0.07637,51.57429],[-0.07598,51.57486],[-0.07546,51.57502],[-0.07524,51.57548],[-0.07501,51.5761],[-0.07355,51.57613],[-0.07259,51.57616],[-0.07243,51.57568],[-0.07135,51.57584],[-0.06869,51.57638],[-0.06669,51.57672],[-0.06465,51.57712],[-0.0633,51.57743],[-0.06149,51.57781],[-0.06118,51.57736],[-0.06118,51.57736]],[[-0.06119,51.57735],[-0.06238,51.57622],[-0.0612,51.57723],[-0.06103,51.57702],[-0.06119,51.57735]],[[-0.05888,51.57259],[-0.05687,51.57106],[-0.05692,51.57116],[-0.0577,51.57184],[-0.05875,51.57256],[-0.05879,51.57284],[-0.05888,51.57259]],[[-0.07186,51.56719],[-0.07984,51.55958],[-0.07811,51.56117],[-0.07304,51.56597],[-0.07186,51.56719]]]}},{"type":"Feature","properties":{"source_code":"F86044","codes":["F86044"],"label":"CRAWLEY ROAD MEDICAL CENTRE"},"geometry":{"type":"Polygon","coordinates":[[[0.08995,51.54355],[-0.1054,51.5316],[-0.0158,51.63401],[0.01674,51.62362],[0.0479,51.6226],[0.04978,51.57408],[0.14643,51.57974],[0.08995,51.54355]]]}},{"type":"Feature","properties":{"source_code":"F86712","codes":["F86712"],"label":"HAMPTON MEDICAL CENTRE"},"geometry":{"type":"MultiPolygon","coordinates":[[[[0.01751,51.57171],[0.0133,51.56989],[0.01086,51.57118],[0.00768,51.56941],[0.00631,51.56715],[0.00232,51.56621],[0.00335,51.56416],[0.00288,51.56371],[0.00339,51.56411],[-0.00064,51.56056],[-0.00408,51.55109],[-0.00682,51.55834],[-0.00476,51.55938],[-0.00897,51.55986],[-0.01103,51.56475],[-0.01609,51.56339],[-0.01966,51.56459],[-0.02498,51.57048],[-0.01523,51.57366],[-0.01073,51.57696],[-0.00708,51.57806],[-0.00403,51.57979],[0.0,51.58152],[0.01167,51.57699],[0.01536,51.5735],[0.01751,51.57171]]],[[[0.03506,51.58003],[0.01768,51.57408],[0.02888,51.58878],[0.03309,51.59067],[0.0351,51.58614],[0.03506,51.58003]]]]}},{"type":"Feature","properties":{"source_code":"F84720","codes":["F84720"],"label":"HEALY MEDICAL CENTRE"},"geometry":{"type":"MultiPolygon","coordinates":[[[[-0.05502,51.5584],[-0.05207,51.55961],[-0.04574,51.56211],[-0.05502,51.5584]]],[[[-0.05207,51.55961],[-0.05506,51.55842],[-0.05665,51.5584],[-0.0654,51.5592],[-0.06922,51.55813],[-0.06933,51.5581],[-0.07157,51.55712],[-0.07476,51.55714],[-0.07304,51.56528],[-0.07304,51.56833],[-0.072,51.57319],[-0.07207,51.5732],[-0.07198,51.5732],[-0.07205,51.57331],[-0.07246,51.57563],[-0.06149,51.57778],[-0.05725,51.5715],[-0.04772,51.56547],[-0.04575,51.56216],[-0.04583,51.56215],[-0.05207,51.55961]]]]}},{"type":"Feature","properties":{"source_code":"F86652","codes":["F86652"],"label":"THE DRIVE SURGERY"},"geometry":{"type":"Polygon","coordinates":[[[0.06609,51.57654],[0.06579,51.57286],[0.06768,51.56963],[0.06635,51.56568],[0.05961,51.56024],[0.04446,51.5759],[0.06609,51.57654]]]}},{"type":"Feature","properties":{"source_code":"F83015","codes":["F83015"],"label":"ST JOHNS WAY MEDICAL CENTRE"},"geometry":{"type":"Polygon","coordinates":[[[-0.13806,51.57053],[-0.1333,51.57283],[-0.13085,51.57355],[-0.12733,51.57411],[-0.12102,51.57358],[-0.12012,51.57248],[-0.11832,51.57152],[-0.11694,51.57083],[-0.11536,51.57053],[-0.12008,51.56832],[-0.12188,51.56733],[-0.12235,51.56701],[-0.12188,51.56731],[-0.12042,51.56552],[-0.11815,51.56331],[-0.11849,51.5636],[-0.12458,51.56122],[-0.12372,51.56034],[-0.12188,51.55904],[-0.12111,51.55848],[-0.12351,51.55829],[-0.12398,51.5589],[-0.12506,51.55853],[-0.12523,51.55813],[-0.13411,51.55744],[-0.13638,51.55714],[-0.1384,51.55704],[-0.13956,51.5588],[-0.14033,51.55989],[-0.14085,51.56053],[-0.14063,51.56168],[-0.14046,51.56192],[-0.14081,51.56253],[-0.14209,51.56309],[-0.14287,51.56243],[-0.14381,51.56285],[-0.14317,51.56357],[-0.1445,51.56395],[-0.14578,51.56301],[-0.14651,51.56317],[-0.14265,51.56917],[-0.14149,51.56912],[-0.13965,51.5696],[-0.13806,51.57053]]]}},{"type":"Feature","properties":{"source_code":"F84119","codes":["F84119"],"label":"THE HERON PRACTICE"},"geometry":{"type":"Polygon","coordinates":[[[-0.09828,51.58214],[-0.0974,51.58155],[-0.09699,51.5816],[-0.0933,51.58102],[-0.09115,51.5816],[-0.08626,51.58102],[-0.08145,51.57952],[-0.07785,51.57798],[-0.07442,51.57723],[-0.07313,51.57707],[-0.07227,51.57718],[-0.07202,51.57334],[-0.07201,51.57334],[-0.07202,51.57326],[-0.07201,51.57312],[-0.07204,51.57312],[-0.07253,51.56907],[-0.07278,51.5632],[-0.07424,51.55733],[-0.07442,51.55311],[-0.07455,51.55312],[-0.07454,51.55306],[-0.07489,51.55165],[-0.07605,51.5517],[-0.07888,51.55138],[-0.07918,51.55133],[-0.07969,51.55167],[-0.08132,51.55189],[-0.08257,51.55202],[-0.08364,51.55205],[-0.08459,51.55194],[-0.08557,51.55197],[-0.08613,51.55229],[-0.0875,51.55263],[-0.08815,51.55306],[-0.0886,51.55348],[-0.08892,51.55349],[-0.09047,51.55626],[-0.09098,51.5585],[-0.09227,51.56],[-0.0921,51.56106],[-0.09939,51.56117],[-0.10386,51.56405],[-0.10549,51.56475],[-0.1024,51.56624],[-0.09665,51.57083],[-0.09636,51.5706],[-0.09665,51.57099],[-0.09896,51.57536],[-0.10403,51.57403],[-0.10489,51.57558],[-0.10411,51.5768],[-0.10471,51.57904],[-0.10583,51.58048],[-0.10576,51.58049],[-0.10647,51.58176],[-0.09986,51.58222],[-0.09935,51.58238],[-0.09828,51.58214]]]}},{"type":"Feature","properties":{"source_code":"F84036","codes":["F84036"],"label":"THE CEDAR PRACTICE"},"geometry":{"type":"Polygon","coordinates":[[[-0.1151,51.58539],[-0.10059,51.59018],[-0.09868,51.59008],[-0.09677,51.58977],[-0.09255,51.59046],[-0.09099,51.59066],[-0.08914,51.59073],[-0.08757,51.59082],[-0.08664,51.59013],[-0.08235,51.58858],[-0.07566,51.58703],[-0.06993,51.58496],[-0.06412,51.58206],[-0.06188,51.57794],[-0.06017,51.57467],[-0.0599,51.56243],[-0.06152,51.56074],[-0.06376,51.55832],[-0.06506,51.55597],[-0.07114,51.55199],[-0.07172,51.55157],[-0.07169,51.55083],[-0.07298,51.55003],[-0.07501,51.55013],[-0.07836,51.54879],[-0.08561,51.54898],[-0.08672,51.54904],[-0.08757,51.54808],[-0.10171,51.55066],[-0.10931,51.5501],[-0.11381,51.55333],[-0.1216,51.55892],[-0.12554,51.56188],[-0.12772,51.56304],[-0.12877,51.56348],[-0.12746,51.574],[-0.12351,51.58006],[-0.1151,51.58539]]]}},{"type":"Feature","properties":{"source_code":"F86006","codes":["F86006"],"label":"SEYMOUR MEDICAL CENTRE"},"geometry":{"type":"Polygon","coordinates":[[[-0.01253,51.56256],[-0.03669,51.56293],[-0.03661,51.57923],[-0.01236,51.57934],[-0.01253,51.56256]]]}},{"type":"Feature","properties":{"source_code":"Y01066","codes":["Y01066"],"label":"HANLEY PRIMARY CARE CENTRE"},"geometry":{"type":"Polygon","coordinates":[[[-0.10441,51.56472],[-0.11952,51.55773],[-0.12079,51.55839],[-0.13844,51.55682],[-0.13767,51.55872],[-0.13019,51.56331],[-0.13467,51.56565],[-0.13819,51.57061],[-0.13269,51.57323],[-0.1272,51.57432],[-0.12081,51.57382],[-0.10441,51.56472]]]}},{"type":"Feature","properties":{"source_code":"F86036","codes":["F86036"],"label":"THE ALLUM MEDICAL CENTRE"},"geometry":{"type":"Polygon","coordinates":[[[-0.02472,51.57056],[-0.01579,51.57323],[-0.01287,51.57547],[-0.01579,51.57664],[-0.01768,51.57867],[-0.0182,51.57984],[-0.00257,51.58667],[0.00395,51.58827],[0.00601,51.5872],[0.00635,51.58411],[0.00669,51.58336],[0.02026,51.58336],[0.02026,51.58328],[0.02047,51.58315],[0.02129,51.5823],[0.02043,51.58315],[0.02317,51.58038],[0.02369,51.57195],[0.02523,51.56373],[0.0182,51.55797],[0.00669,51.55776],[-0.00652,51.55797],[-0.0103,51.55722],[-0.01631,51.56331],[-0.01854,51.56448],[-0.02043,51.56501],[-0.02438,51.5696],[-0.02472,51.57056]]]}},{"type":"Feature","properties":{"source_code":"F83686","codes":["F83686"],"label":"STROUD GREEN MEDICAL CENTRE"},"geometry":{"type":"Polygon","coordinates":[[[-0.1066,51.56651],[-0.1066,51.56427],[-0.1133,51.56245],[-0.11896,51.55829],[-0.12325,51.56149],[-0.13287,51.56597],[-0.13922,51.57088],[-0.12772,51.5743],[-0.12411,51.57952],[-0.11227,51.58688],[-0.1054,51.57664],[-0.1066,51.56651]]]}},{"type":"Feature","properties":{"source_code":"F83671","codes":["F83671"],"label":"THE BEAUMONT PRACTICE"},"geometry":{"type":"Polygon","coordinates":[[[-0.12394,51.58006],[-0.12053,51.57967],[-0.11962,51.57851],[-0.119,51.57658],[-0.11716,51.57508],[-0.11575,51.57368],[-0.11733,51.5712],[-0.11424,51.57004],[-0.11158,51.56901],[-0.10883,51.56744],[-0.10695,51.56571],[-0.10895,51.56449],[-0.11176,51.56349],[-0.11079,51.56232],[-0.11314,51.5615],[-0.11549,51.56021],[-0.11924,51.55812],[-0.12154,51.55945],[-0.12442,51.56173],[-0.12915,51.56395],[-0.13204,51.56487],[-0.13348,51.56533],[-0.13364,51.56621],[-0.13538,51.56734],[-0.13643,51.56889],[-0.13752,51.57079],[-0.13999,51.57272],[-0.14096,51.57615],[-0.13789,51.57819],[-0.13209,51.58003],[-0.12643,51.58179],[-0.12394,51.58006]]]}},{"type":"Feature","properties":{"source_code":"F83039","codes":["F83039"],"label":"THE RISE GROUP PRACTICE"},"geometry":{"type":"Polygon","coordinates":[[[-0.14428,51.57664],[-0.1266,51.58171],[-0.12428,51.5808],[-0.12377,51.57835],[-0.12042,51.57291],[-0.11072,51.56859],[-0.1187,51.56384],[-0.11836,51.56336],[-0.1236,51.56106],[-0.13338,51.56528],[-0.1339,51.56619],[-0.14428,51.57664]]]}},{"type":"Feature","properties":{"source_code":"F86038","codes":["F86038"],"label":"SMA MEDICAL PRACTICE"},"geometry":{"type":"Polygon","coordinates":[[[0.01133,51.57686],[0.01339,51.56971],[0.01288,51.56044],[0.01365,51.56016],[0.02378,51.55141],[0.0012,51.54553],[-0.00371,51.55545],[-0.00755,51.55794],[-0.01359,51.56141],[-0.01399,51.56144],[-0.02601,51.57072],[-0.02549,51.5704],[-0.02546,51.57038],[-0.03193,51.58118],[-0.01905,51.5831],[-0.00026,51.58134],[0.01133,51.57686]],[[-0.0139,51.56149],[-0.01284,51.56139],[-0.02461,51.56972],[-0.0139,51.56149]],[[-0.01296,51.56135],[-0.01275,51.56133],[-0.01277,51.56134],[-0.01296,51.56135]]]}},{"type":"Feature","properties":{"source_code":"F86621","codes":["F86621"],"label":"DR MOHAMMED GREEN MAN MEDICAL CENTRE"},"geometry":{"type":"MultiPolygon","coordinates":[[[[0.01657,51.57271],[0.01648,51.57274],[0.01645,51.5728],[0.0164,51.57282],[0.01665,51.57277],[0.0167,51.57272],[0.01657,51.57271]]],[[[0.0164,51.57288],[0.01678,51.57275],[0.01646,51.57283],[0.0164,51.57288]]],[[[0.0164,51.57288],[0.01631,51.57291],[0.01636,51.57291],[0.0164,51.57288]]],[[[0.01433,51.57438],[0.01541,51.57346],[0.01599,51.57302],[0.01631,51.57291],[0.01623,51.57291],[0.01616,51.57291],[0.0164,51.57282],[0.01599,51.5729],[0.01648,51.57274],[0.0165,51.5727],[0.01657,51.57271],[0.01728,51.57247],[0.0174,51.57217],[0.01731,51.57248],[0.0177,51.57206],[0.0176,51.57152],[0.02043,51.56832],[0.01851,51.56583],[0.01416,51.56391],[0.01369,51.56271],[0.0122,51.56275],[0.01087,51.56279],[0.00981,51.56359],[0.00503,51.56371],[0.00043,51.5656],[-0.00644,51.56891],[-0.00721,51.57792],[-0.00562,51.57904],[-0.0036,51.57972],[0.00043,51.58142],[0.00345,51.57988],[0.00682,51.57843],[0.00919,51.5778],[0.01165,51.57679],[0.01306,51.57554],[0.01433,51.57438]]]]}},{"type":"Feature","properties":{"source_code":"F86011","codes":["F86011"],"label":"THE MANOR PRACTICE"},"geometry":{"type":"Polygon","coordinates":[[[-0.03826,51.58646],[-0.03871,51.59753],[-0.01717,51.60085],[-0.00498,51.5919],[0.01511,51.57355],[-0.00532,51.55658],[-0.01151,51.55709],[-0.01538,51.55983],[-0.01867,51.56238],[-0.02798,51.5686],[-0.02937,51.5724],[-0.03598,51.57559],[-0.03802,51.58112],[-0.03826,51.58646]]]}},{"type":"Feature","properties":{"source_code":"F86088","codes":["F86088"],"label":"THE LYNDHURST SURGERY"},"geometry":{"type":"MultiPolygon","coordinates":[[[[0.01839,51.55796],[0.01882,51.55769],[0.01843,51.55768],[0.01831,51.55781],[0.01839,51.55796]]],[[[-0.01227,51.55846],[-0.01231,51.55853],[-0.01168,51.55804],[-0.01227,51.55846]]],[[[-0.01343,51.55934],[-0.01276,51.55881],[-0.01227,51.55846],[-0.01222,51.55837],[-0.01268,51.55864],[-0.01345,51.55935],[-0.01343,51.55934]]],[[[0.01235,51.59534],[0.01236,51.59509],[0.0104,51.59582],[0.0114,51.5956],[0.01235,51.59534]]],[[[0.0104,51.59582],[0.01023,51.59586],[0.00952,51.59614],[0.00951,51.59615],[0.0104,51.59582]]],[[[0.00943,51.59618],[0.00943,51.59618],[0.00939,51.59619],[0.00943,51.59618]]],[[[0.00951,51.59615],[0.00948,51.59616],[0.00943,51.59618],[0.00923,51.59643],[0.00951,51.59615]]],[[[0.00939,51.59619],[0.00724,51.59702],[0.0071,51.59712],[0.00939,51.59619]]],[[[0.0071,51.59712],[0.0046,51.59813],[0.00426,51.59828],[0.0067,51.59741],[0.0071,51.59712]]],[[[0.00426,51.59828],[0.00333,51.59861],[0.00126,51.59952],[0.00154,51.5995],[0.00426,51.59828]]],[[[0.00126,51.59952],[0.00068,51.59956],[0.00063,51.59958],[-0.00015,51.59967],[0.00087,51.59969],[0.00126,51.59952]]],[[[-0.013,51.60024],[-0.01344,51.60024],[-0.01614,51.60035],[-0.01617,51.60035],[-0.01648,51.60043],[-0.013,51.60024]]],[[[-0.00015,51.59967],[-0.00066,51.59966],[-0.00255,51.59979],[-0.01158,51.60016],[-0.013,51.60024],[-0.00545,51.60026],[-0.00015,51.59967]]],[[[-0.04128,51.59877],[-0.03505,51.59923],[-0.02899,51.59964],[-0.02521,51.59958],[-0.02237,51.60002],[-0.02099,51.60041],[-0.01936,51.60053],[-0.01617,51.60035],[-0.01608,51.60033],[-0.01617,51.60035],[-0.01684,51.60034],[-0.01665,51.60023],[-0.01344,51.60024],[-0.01158,51.60016],[-0.00185,51.59963],[-0.00066,51.59966],[0.00068,51.59956],[0.00333,51.59861],[0.00341,51.59858],[0.00654,51.59722],[0.00454,51.59805],[0.0067,51.59715],[0.0097,51.59584],[0.00961,51.59595],[0.00961,51.59599],[0.01023,51.59586],[0.01294,51.59476],[0.01294,51.59518],[0.01235,51.59534],[0.01216,51.59904],[0.02148,51.60864],[0.02454,51.607],[0.02639,51.60514],[0.03079,51.60383],[0.03669,51.60235],[0.043,51.60085],[0.04007,51.59847],[0.03783,51.59491],[0.03813,51.59459],[0.03732,51.59348],[0.03639,51.59275],[0.03375,51.59085],[0.02984,51.58962],[0.02802,51.5879],[0.02498,51.58379],[0.02411,51.58196],[0.02453,51.57939],[0.02632,51.57756],[0.02871,51.57574],[0.0238,51.5739],[0.02331,51.57015],[0.02496,51.56619],[0.02501,51.56326],[0.02006,51.56123],[0.01839,51.55796],[0.01837,51.55797],[0.01176,51.55551],[0.00983,51.55487],[0.00757,51.55335],[0.00576,51.55257],[0.0,51.55193],[-0.00107,51.55186],[-0.00418,51.55107],[-0.00497,51.55239],[-0.00527,51.55451],[-0.00783,51.55509],[-0.01021,51.5569],[-0.01081,51.55743],[-0.01165,51.55813],[-0.0125,51.5589],[-0.01231,51.55853],[-0.01291,51.55901],[-0.01343,51.55934],[-0.01346,51.55936],[-0.01345,51.55935],[-0.01388,51.55962],[-0.01557,51.56149],[-0.01636,51.56314],[-0.01852,51.56404],[-0.02201,51.56726],[-0.02472,51.57039],[-0.02718,51.57191],[-0.02823,51.57394],[-0.0301,51.5748],[-0.03034,51.57715],[-0.03228,51.57989],[-0.03397,51.58171],[-0.03669,51.58331],[-0.03972,51.58727],[-0.04015,51.59025],[-0.04007,51.59302],[-0.03997,51.59396],[-0.04077,51.59506],[-0.04143,51.59699],[-0.04128,51.59877]]],[[[0.00957,51.596],[0.00943,51.59618],[0.00952,51.59614],[0.00961,51.59605],[0.00961,51.59599],[0.00957,51.596]]],[[[0.00957,51.596],[0.00961,51.59595],[0.00961,51.59593],[0.0067,51.59715],[0.00654,51.59722],[0.00934,51.59605],[0.00957,51.596]]]]}},{"type":"Feature","properties":{"source_code":"F84686","codes":["F84686"],"label":"THE SURGERY (CRANWICH ROAD)"},"geometry":{"type":"MultiPolygon","coordinates":[[[[-0.0826,51.5747],[-0.08261,51.57469],[-0.08263,51.5747],[-0.0826,51.5747]]],[[[-0.0826,51.5747],[-0.0826,51.5747],[-0.08256,51.57478],[-0.08245,51.57479],[-0.0822,51.57481],[-0.08171,51.57485],[-0.08007,51.57481],[-0.07922,51.57473],[-0.07852,51.57464],[-0.07903,51.57366],[-0.07934,51.57288],[-0.07982,51.57182],[-0.07986,51.5716],[-0.07981,51.57148],[-0.07977,51.57139],[-0.07979,51.57138],[-0.07971,51.57093],[-0.07963,51.57051],[-0.07982,51.57048],[-0.07992,51.57047],[-0.08023,51.57171],[-0.08091,51.5725],[-0.08173,51.57327],[-0.08204,51.57368],[-0.08248,51.57408],[-0.0826,51.5747]]]]}},{"type":"Feature","properties":{"source_code":"F84013","codes":["F84013"],"label":"STAMFORD HILL GROUP PRACTICE"},"geometry":{"type":"Polygon","coordinates":[[[-0.06535,51.58108],[-0.06459,51.57948],[-0.06238,51.57985],[-0.05882,51.57318],[-0.06274,51.57123],[-0.06187,51.57074],[-0.0613,51.57045],[-0.06071,51.56973],[-0.06034,51.56959],[-0.06004,51.56919],[-0.06,51.56886],[-0.05978,51.56837],[-0.0576,51.5685],[-0.05654,51.56847],[-0.05613,51.56836],[-0.05556,51.56809],[-0.05512,51.56797],[-0.05505,51.56829],[-0.05459,51.56861],[-0.05379,51.56899],[-0.0536,51.56865],[-0.05308,51.56832],[-0.05196,51.56786],[-0.05225,51.56743],[-0.05269,51.56717],[-0.05409,51.5667],[-0.05397,51.56621],[-0.05422,51.56611],[-0.06018,51.56573],[-0.05996,51.56488],[-0.05993,51.56477],[-0.0587,51.56367],[-0.05808,51.56307],[-0.06031,51.56251],[-0.06088,51.56256],[-0.06149,51.56271],[-0.06192,51.56287],[-0.06344,51.56284],[-0.06345,51.56285],[-0.06399,51.56293],[-0.06446,51.563],[-0.06474,51.56301],[-0.06515,51.56289],[-0.06588,51.56245],[-0.06652,51.56236],[-0.06768,51.56239],[-0.07035,51.56275],[-0.06991,51.56369],[-0.06951,51.56419],[-0.06939,51.56459],[-0.0695,51.56504],[-0.07078,51.56469],[-0.07175,51.56435],[-0.07273,51.56392],[-0.07307,51.56384],[-0.07322,51.56381],[-0.07318,51.56555],[-0.07529,51.56619],[-0.07634,51.56688],[-0.07829,51.56731],[-0.07936,51.56726],[-0.08036,51.56705],[-0.0847,51.56589],[-0.08537,51.56713],[-0.0864,51.56821],[-0.087,51.56878],[-0.08614,51.56908],[-0.08459,51.56943],[-0.08076,51.57035],[-0.08325,51.57323],[-0.08376,51.57464],[-0.08639,51.57427],[-0.0849,51.57577],[-0.08418,51.57547],[-0.08176,51.5758],[-0.08175,51.57624],[-0.08134,51.57739],[-0.08123,51.57778],[-0.07776,51.57674],[-0.07734,51.57794],[-0.0742,51.5772],[-0.07366,51.57712],[-0.07311,51.57716],[-0.07283,51.57721],[-0.07308,51.57795],[-0.073,51.57856],[-0.07288,51.57917],[-0.07273,51.57994],[-0.07227,51.57909],[-0.07268,51.57996],[-0.06535,51.58108]]]}}]}