{"type":"FeatureCollection","metadata":{"bundle_id":"bundle-024","practice_count":47,"feature_count":47},"features":[{"type":"Feature","properties":{"source_code":"G81061","codes":["G81061"],"label":"CHAPEL STREET SURGERY"},"geometry":{"type":"Polygon","coordinates":[[[0.0127,50.83603],[0.02251,50.83134],[0.02249,50.83164],[0.02536,50.83015],[0.02528,50.82939],[0.02463,50.82948],[0.10232,50.80355],[0.09203,50.7953],[0.08311,50.79161],[0.07314,50.78792],[0.0649,50.78358],[0.05528,50.78337],[0.04875,50.77989],[0.03983,50.78076],[0.02541,50.7825],[0.00412,50.7864],[-0.03227,50.79986],[-0.03021,50.80724],[-0.0151,50.81678],[0.00481,50.83608],[0.00505,50.836],[0.0127,50.83603]],[[0.01811,50.83165],[0.0227,50.83012],[0.02265,50.83021],[0.01811,50.83165]]]}},{"type":"Feature","properties":{"source_code":"G81016","codes":["G81016"],"label":"QUAYSIDE MEDICAL PRACTICE"},"geometry":{"type":"Polygon","coordinates":[[[-0.02614,50.79622],[-0.02408,50.79801],[-0.02129,50.80039],[-0.01648,50.79924],[-0.01496,50.79884],[-0.01419,50.7998],[-0.0118,50.80278],[-0.01115,50.8035],[-0.00963,50.80294],[-0.00685,50.80684],[-0.00484,50.8064],[-0.00338,50.80627],[-0.0024,50.8061],[-0.00204,50.80598],[-0.00142,50.80607],[0.0132,50.80617],[0.01489,50.80618],[0.01725,50.80637],[0.01837,50.80645],[0.01893,50.80637],[0.01961,50.80667],[0.01988,50.80672],[0.02019,50.80675],[0.02004,50.80686],[0.02378,50.80827],[0.02708,50.80957],[0.02761,50.81042],[0.02899,50.81084],[0.03107,50.81092],[0.03596,50.81345],[0.0391,50.81628],[0.04463,50.81814],[0.05317,50.81601],[0.07081,50.80602],[0.06985,50.80394],[0.07061,50.803],[0.07178,50.8009],[0.06811,50.798],[0.07072,50.79514],[0.07231,50.79261],[0.07184,50.78894],[0.07317,50.78755],[0.07536,50.78616],[0.06798,50.78277],[0.06236,50.78317],[0.05639,50.78227],[0.04549,50.78128],[0.02781,50.7832],[0.02219,50.7851],[0.01588,50.78526],[0.00137,50.7883],[0.00025,50.78834],[-0.0026,50.7892],[-0.00639,50.79026],[-0.02614,50.79622]]]}},{"type":"Feature","properties":{"source_code":"G81100","codes":["G81100"],"label":"HAVENSHEALTH"},"geometry":{"type":"Polygon","coordinates":[[[-0.02669,50.7959],[-0.02549,50.79758],[-0.02137,50.7966],[-0.01905,50.80035],[-0.01476,50.79964],[-0.0121,50.80306],[-0.0103,50.80241],[-0.00755,50.80697],[-0.00438,50.8068],[0.00223,50.81277],[0.01562,50.81223],[0.01442,50.80583],[0.01227,50.80366],[0.01674,50.80225],[0.01571,50.80002],[0.023,50.79834],[0.02,50.79416],[0.02481,50.79395],[0.02412,50.79156],[0.02481,50.78928],[0.02154,50.78494],[0.01081,50.78624],[0.00635,50.78716],[0.00326,50.78809],[-0.00429,50.78993],[-0.0091,50.79107],[-0.01202,50.79199],[-0.01442,50.79243],[-0.01725,50.79324],[-0.02395,50.79481],[-0.02669,50.7959]]]}},{"type":"Feature","properties":{"source_code":"G81076","codes":["G81076"],"label":"SALTDEAN AND ROTTINGDEAN MED PRACTICE"},"geometry":{"type":"Polygon","coordinates":[[[-0.03201,50.79796],[-0.03705,50.79928],[-0.04218,50.80022],[-0.05251,50.8015],[-0.06931,50.80564],[-0.07188,50.8067],[-0.07141,50.81143],[-0.06725,50.81248],[-0.07141,50.81147],[-0.08287,50.81913],[-0.07564,50.82109],[-0.07047,50.82296],[-0.07622,50.8337],[-0.08624,50.83344],[-0.09117,50.83332],[-0.0945,50.83522],[-0.07701,50.83997],[-0.07303,50.84204],[-0.0666,50.84107],[-0.06468,50.84034],[-0.06288,50.83927],[-0.06115,50.83827],[-0.05972,50.837],[-0.05825,50.8345],[-0.05733,50.83175],[-0.05888,50.82922],[-0.06154,50.82696],[-0.06388,50.82447],[-0.06763,50.82242],[-0.06593,50.82123],[-0.06465,50.81977],[-0.0624,50.81674],[-0.05871,50.81071],[-0.05081,50.81262],[-0.04751,50.81216],[-0.04635,50.81006],[-0.04154,50.81147],[-0.03673,50.81266],[-0.0314,50.81717],[-0.02431,50.81387],[-0.0212,50.80829],[-0.02086,50.80703],[-0.0212,50.80634],[-0.023,50.80377],[-0.02326,50.80292],[-0.0242,50.80208],[-0.02609,50.80084],[-0.03201,50.79796]]]}},{"type":"Feature","properties":{"source_code":"G81006","codes":["G81006"],"label":"ARDINGLY COURT SURGERY"},"geometry":{"type":"MultiPolygon","coordinates":[[[[-0.06779,50.82389],[-0.06823,50.82462],[-0.06781,50.82421],[-0.06779,50.82389]]],[[[-0.07931,50.83595],[-0.08884,50.8339],[-0.07784,50.83604],[-0.07931,50.83595],[-0.0757,50.83673],[-0.07548,50.8365],[-0.07536,50.83652],[-0.07434,50.83476],[-0.06823,50.82462],[-0.0688,50.82519],[-0.06775,50.82337],[-0.06779,50.82389],[-0.06522,50.81964],[-0.06523,50.81966],[-0.06521,50.81962],[-0.06497,50.81922],[-0.06506,50.8193],[-0.06329,50.81567],[-0.06029,50.81049],[-0.06025,50.81044],[-0.05871,50.80774],[-0.05785,50.80626],[-0.05782,50.8061],[-0.05776,50.80599],[-0.05779,50.80595],[-0.05735,50.80356],[-0.05725,50.80336],[-0.05888,50.80311],[-0.06187,50.8039],[-0.10652,50.80843],[-0.13473,50.81978],[-0.13544,50.81985],[-0.13638,50.81955],[-0.13762,50.81945],[-0.13853,50.81928],[-0.14377,50.82048],[-0.1448,50.82069],[-0.1442,50.82242],[-0.14287,50.8254],[-0.14272,50.82533],[-0.14027,50.83106],[-0.14235,50.83316],[-0.14212,50.83324],[-0.14214,50.83326],[-0.142,50.83434],[-0.14201,50.83435],[-0.142,50.83436],[-0.14196,50.83467],[-0.14167,50.83473],[-0.14141,50.83503],[-0.13394,50.83653],[-0.13352,50.83692],[-0.13355,50.83749],[-0.13282,50.83763],[-0.13252,50.83787],[-0.13251,50.83788],[-0.13231,50.83849],[-0.13192,50.83871],[-0.13151,50.83866],[-0.12797,50.83831],[-0.12754,50.83855],[-0.12591,50.83833],[-0.12609,50.83811],[-0.12428,50.83793],[-0.12315,50.83779],[-0.12135,50.83766],[-0.12149,50.83768],[-0.12124,50.83765],[-0.12119,50.83765],[-0.12121,50.83765],[-0.10566,50.836],[-0.10373,50.83551],[-0.10227,50.83535],[-0.10045,50.83502],[-0.09893,50.83483],[-0.09467,50.83516],[-0.09463,50.83515],[-0.0939,50.83522],[-0.09373,50.83512],[-0.07931,50.83595]]],[[[-0.09692,50.83493],[-0.09886,50.83482],[-0.09853,50.83478],[-0.09692,50.83493]]],[[[-0.09329,50.83486],[-0.09098,50.83348],[-0.09062,50.83355],[-0.09321,50.83484],[-0.09329,50.83486]]],[[[-0.11011,50.8362],[-0.12127,50.83765],[-0.12212,50.83767],[-0.11011,50.8362]]],[[[-0.06582,50.82003],[-0.06466,50.81803],[-0.06513,50.81937],[-0.06582,50.82003]]]]}},{"type":"Feature","properties":{"source_code":"G81656","codes":["G81656"],"label":"REGENCY SURGERY"},"geometry":{"type":"Polygon","coordinates":[[[-0.1696,50.8234],[-0.166,50.83738],[-0.15003,50.8337],[-0.14317,50.83294],[-0.13922,50.83402],[-0.1339,50.83283],[-0.12463,50.83793],[-0.10403,50.83576],[-0.0951,50.83478],[-0.09081,50.83337],[-0.0709,50.80702],[-0.09253,50.81103],[-0.0963,50.80854],[-0.10677,50.80832],[-0.10832,50.81038],[-0.10849,50.81299],[-0.1363,50.8183],[-0.1696,50.8234]]]}},{"type":"Feature","properties":{"source_code":"G81054","codes":["G81054"],"label":"PAVILION SURGERY"},"geometry":{"type":"Polygon","coordinates":[[[-0.16949,50.82434],[-0.16874,50.82744],[-0.16791,50.83041],[-0.16601,50.8374],[-0.16039,50.8357],[-0.15809,50.83502],[-0.15614,50.8346],[-0.15387,50.83427],[-0.15159,50.83387],[-0.15024,50.83377],[-0.14731,50.83343],[-0.1433,50.83311],[-0.14076,50.83361],[-0.1399,50.83367],[-0.13935,50.83367],[-0.13894,50.83366],[-0.13841,50.83359],[-0.13698,50.83334],[-0.13542,50.83309],[-0.13475,50.83295],[-0.13419,50.83291],[-0.13359,50.83292],[-0.13331,50.83298],[-0.13295,50.83308],[-0.1312,50.83397],[-0.12944,50.83483],[-0.12757,50.83582],[-0.12629,50.83637],[-0.12508,50.83675],[-0.1242,50.83786],[-0.12378,50.83783],[-0.12342,50.8378],[-0.12265,50.83781],[-0.1097,50.83648],[-0.10964,50.83622],[-0.10965,50.83603],[-0.10966,50.83588],[-0.10966,50.83562],[-0.10977,50.83536],[-0.10989,50.83493],[-0.11004,50.83458],[-0.11036,50.83407],[-0.11069,50.83359],[-0.11095,50.83322],[-0.11124,50.83289],[-0.11163,50.83251],[-0.11209,50.83221],[-0.11219,50.83209],[-0.1122,50.832],[-0.11254,50.8319],[-0.11249,50.83176],[-0.11322,50.83048],[-0.11445,50.82834],[-0.11441,50.8283],[-0.11389,50.82809],[-0.11363,50.828],[-0.11337,50.82789],[-0.11312,50.82779],[-0.11289,50.8277],[-0.11258,50.82752],[-0.1118,50.82681],[-0.11146,50.82642],[-0.1111,50.82603],[-0.10975,50.82454],[-0.109,50.82376],[-0.10828,50.82296],[-0.108,50.82261],[-0.10777,50.82226],[-0.10762,50.82198],[-0.10752,50.82177],[-0.1075,50.82164],[-0.10762,50.82143],[-0.10769,50.82133],[-0.10772,50.82129],[-0.10769,50.82121],[-0.10763,50.82116],[-0.10727,50.82101],[-0.10708,50.82092],[-0.10685,50.82074],[-0.10671,50.82053],[-0.10652,50.82034],[-0.10636,50.8202],[-0.10617,50.82014],[-0.10597,50.82006],[-0.10578,50.82],[-0.10521,50.81984],[-0.1054,50.81954],[-0.10555,50.81935],[-0.10587,50.8188],[-0.10631,50.81809],[-0.10653,50.81769],[-0.10659,50.8175],[-0.1065,50.81739],[-0.10667,50.81732],[-0.10715,50.81636],[-0.10769,50.81538],[-0.10815,50.81459],[-0.10832,50.8144],[-0.10853,50.81434],[-0.16949,50.82434]]]}},{"type":"Feature","properties":{"source_code":"G81669","codes":["G81669"],"label":"BROADWAY SURGERY"},"geometry":{"type":"MultiPolygon","coordinates":[[[[-0.11441,50.82849],[-0.11939,50.81949],[-0.12617,50.82139],[-0.1181,50.82773],[-0.11441,50.82849]]],[[[-0.10527,50.83568],[-0.10016,50.83492],[-0.10016,50.83456],[-0.10017,50.83437],[-0.10008,50.83435],[-0.10038,50.83136],[-0.101,50.82246],[-0.1007,50.82826],[-0.10128,50.82248],[-0.1047,50.82205],[-0.10094,50.82239],[-0.10386,50.81692],[-0.09656,50.81521],[-0.09562,50.81613],[-0.09347,50.81608],[-0.09205,50.81551],[-0.08772,50.81464],[-0.09356,50.81038],[-0.1075,50.81296],[-0.10695,50.8144],[-0.12098,50.81724],[-0.11918,50.81952],[-0.11882,50.82026],[-0.11888,50.82025],[-0.11415,50.82882],[-0.10514,50.83554],[-0.10321,50.83509],[-0.10527,50.83568]]]]}},{"type":"Feature","properties":{"source_code":"Y06007","codes":["Y06007"],"label":"WELLSBOURNE HEALTHCARE CIC"},"geometry":{"type":"MultiPolygon","coordinates":[[[[-0.05681,50.82409],[-0.0563,50.82421],[-0.05724,50.80335],[-0.06183,50.80187],[-0.06399,50.80301],[-0.07386,50.80572],[-0.11501,50.80702],[-0.11553,50.81017],[-0.05683,50.82394],[-0.05681,50.82409]]],[[[-0.11552,50.81027],[-0.13153,50.81394],[-0.12776,50.81765],[-0.1251,50.82174],[-0.12162,50.82519],[-0.11913,50.82717],[-0.11682,50.82817],[-0.11433,50.82849],[-0.11252,50.83202],[-0.10446,50.83625],[-0.09956,50.83494],[-0.09399,50.835],[-0.07846,50.8402],[-0.06988,50.84205],[-0.06214,50.83869],[-0.05512,50.83467],[-0.05681,50.82409],[-0.11552,50.81027]]]]}},{"type":"Feature","properties":{"source_code":"G81689","codes":["G81689"],"label":"ARCH HEALTHCARE"},"geometry":{"type":"Polygon","coordinates":[[[-0.0934,50.79834],[-0.21698,50.82687],[-0.22135,50.82866],[-0.21942,50.83758],[-0.23397,50.85603],[-0.21732,50.85397],[-0.2084,50.85408],[-0.19947,50.85678],[-0.18754,50.85613],[-0.17784,50.85884],[-0.16102,50.86762],[-0.15862,50.87293],[-0.13819,50.87044],[-0.13175,50.87266],[-0.12394,50.87293],[-0.11699,50.87092],[-0.11072,50.86654],[-0.09429,50.87447],[-0.07304,50.87244],[-0.07587,50.86079],[-0.09596,50.85353],[-0.0984,50.84906],[-0.1036,50.84676],[-0.10288,50.84544],[-0.09941,50.84607],[-0.09695,50.84744],[-0.08463,50.84432],[-0.08806,50.84031],[-0.09356,50.84009],[-0.0981,50.83928],[-0.1057,50.84104],[-0.10712,50.83934],[-0.10231,50.83652],[-0.09613,50.83543],[-0.08446,50.8389],[-0.06969,50.84194],[-0.05716,50.83711],[-0.05699,50.83185],[-0.06248,50.82497],[-0.0563,50.82069],[-0.02764,50.81518],[-0.02472,50.81438],[-0.02369,50.81299],[-0.02529,50.81349],[-0.03055,50.80637],[-0.0358,50.79839],[-0.03875,50.79891],[-0.0934,50.79834]]]}},{"type":"Feature","properties":{"source_code":"G81011","codes":["G81011"],"label":"ST. PETER'S MEDICAL CENTRE"},"geometry":{"type":"Polygon","coordinates":[[[-0.14499,50.82042],[-0.14428,50.82212],[-0.14355,50.82381],[-0.14192,50.8272],[-0.1424,50.82738],[-0.14161,50.82924],[-0.14193,50.82989],[-0.14234,50.8304],[-0.14282,50.83078],[-0.14398,50.83146],[-0.14569,50.83197],[-0.14453,50.83259],[-0.14298,50.83311],[-0.14116,50.83355],[-0.14015,50.83372],[-0.13909,50.8336],[-0.14259,50.83576],[-0.148,50.83887],[-0.14933,50.83954],[-0.15045,50.84042],[-0.15125,50.84162],[-0.15133,50.84275],[-0.1516,50.84386],[-0.15149,50.84497],[-0.15152,50.84592],[-0.15205,50.84684],[-0.15289,50.84871],[-0.15297,50.84985],[-0.15302,50.85081],[-0.15355,50.85163],[-0.15444,50.85246],[-0.15526,50.85343],[-0.15282,50.85371],[-0.15084,50.85363],[-0.14926,50.85372],[-0.14768,50.85366],[-0.14594,50.85368],[-0.14505,50.85369],[-0.14424,50.85346],[-0.14061,50.85346],[-0.14019,50.85369],[-0.13997,50.85372],[-0.13957,50.85383],[-0.13904,50.85375],[-0.13689,50.85357],[-0.13572,50.85341],[-0.13465,50.85313],[-0.13503,50.84954],[-0.1325,50.85005],[-0.12913,50.84955],[-0.12534,50.84825],[-0.12353,50.84786],[-0.1219,50.84938],[-0.11914,50.84902],[-0.11832,50.8489],[-0.11769,50.84885],[-0.11686,50.84871],[-0.11666,50.84881],[-0.11646,50.84892],[-0.11622,50.84905],[-0.11575,50.84915],[-0.11533,50.84931],[-0.11465,50.84967],[-0.11398,50.85008],[-0.11307,50.85059],[-0.11245,50.85094],[-0.11193,50.85122],[-0.11142,50.85163],[-0.11112,50.85196],[-0.11086,50.85256],[-0.11021,50.85273],[-0.11002,50.85339],[-0.10857,50.85557],[-0.10761,50.85643],[-0.10618,50.85716],[-0.10029,50.85769],[-0.09903,50.858],[-0.09772,50.85866],[-0.09752,50.85882],[-0.09747,50.85883],[-0.09726,50.85885],[-0.09712,50.85882],[-0.09703,50.85881],[-0.09691,50.85875],[-0.09695,50.85872],[-0.09671,50.8586],[-0.09639,50.85847],[-0.09613,50.85825],[-0.09592,50.85798],[-0.09571,50.85774],[-0.09513,50.85685],[-0.0943,50.85541],[-0.09517,50.85455],[-0.09603,50.85484],[-0.09644,50.85467],[-0.09822,50.85346],[-0.09974,50.85223],[-0.10131,50.85125],[-0.10249,50.85021],[-0.10235,50.84985],[-0.10229,50.84944],[-0.10266,50.84904],[-0.10302,50.84864],[-0.10365,50.84821],[-0.10441,50.84793],[-0.10539,50.84719],[-0.10681,50.84567],[-0.10806,50.84448],[-0.10935,50.84313],[-0.10965,50.84191],[-0.11,50.84131],[-0.11129,50.84031],[-0.1112,50.83998],[-0.11208,50.83979],[-0.11307,50.83883],[-0.1146,50.83705],[-0.1098,50.83647],[-0.09999,50.83496],[-0.10016,50.83454],[-0.10021,50.83425],[-0.10009,50.83373],[-0.0997,50.83307],[-0.09937,50.83256],[-0.09937,50.83242],[-0.09941,50.8322],[-0.09984,50.83113],[-0.10035,50.83005],[-0.10066,50.82935],[-0.10086,50.8289],[-0.101,50.82863],[-0.1011,50.82842],[-0.10117,50.82821],[-0.1013,50.82789],[-0.10137,50.82776],[-0.1014,50.82752],[-0.10135,50.82731],[-0.10134,50.82714],[-0.10134,50.82692],[-0.10109,50.82494],[-0.10106,50.82473],[-0.10102,50.82454],[-0.101,50.82432],[-0.10098,50.8241],[-0.10096,50.82404],[-0.10097,50.82398],[-0.10096,50.82392],[-0.10094,50.82386],[-0.10094,50.82374],[-0.10092,50.82361],[-0.10091,50.82354],[-0.10088,50.82341],[-0.10084,50.82325],[-0.10083,50.82311],[-0.10081,50.823],[-0.1008,50.82293],[-0.10077,50.82288],[-0.10077,50.82272],[-0.10084,50.82243],[-0.10095,50.82222],[-0.10109,50.82202],[-0.10138,50.82147],[-0.10181,50.82069],[-0.10215,50.82009],[-0.10256,50.81937],[-0.10283,50.81891],[-0.10312,50.81836],[-0.10352,50.81766],[-0.10372,50.81716],[-0.10294,50.81703],[-0.10217,50.81688],[-0.10148,50.81679],[-0.10001,50.81627],[-0.0982,50.81579],[-0.0975,50.81632],[-0.09608,50.81671],[-0.09412,50.81685],[-0.08718,50.81527],[-0.08815,50.81307],[-0.08894,50.81129],[-0.09191,50.81201],[-0.09419,50.80865],[-0.09862,50.80929],[-0.10405,50.81036],[-0.10666,50.81081],[-0.10799,50.81161],[-0.10751,50.81258],[-0.14499,50.82042]]]}},{"type":"Feature","properties":{"source_code":"G81028","codes":["G81028"],"label":"PARK CRESCENT HEALTH CENTRE"},"geometry":{"type":"MultiPolygon","coordinates":[[[[-0.09738,50.8347],[-0.09789,50.83462],[-0.10008,50.83491],[-0.10004,50.83497],[-0.09789,50.83465],[-0.09738,50.8347]]],[[[-0.09738,50.8347],[-0.09482,50.83507],[-0.0954,50.83492],[-0.09643,50.83478],[-0.09738,50.8347]]],[[[-0.09437,50.83514],[-0.09482,50.83507],[-0.0945,50.83516],[-0.09437,50.83514]]],[[[-0.07772,50.83606],[-0.07738,50.83611],[-0.07738,50.83608],[-0.07772,50.83606]]],[[[-0.077,50.83617],[-0.07746,50.83375],[-0.07703,50.83616],[-0.077,50.83617]]],[[[-0.07772,50.83606],[-0.07875,50.83589],[-0.07982,50.83565],[-0.0815,50.83543],[-0.08261,50.83527],[-0.08433,50.83494],[-0.08549,50.8347],[-0.08656,50.83451],[-0.08742,50.83451],[-0.08665,50.83356],[-0.08742,50.83435],[-0.08823,50.83413],[-0.08935,50.83364],[-0.09038,50.83345],[-0.09214,50.83427],[-0.09261,50.83465],[-0.0936,50.83503],[-0.09437,50.83514],[-0.09424,50.83516],[-0.08939,50.83619],[-0.08617,50.83717],[-0.08141,50.83841],[-0.08107,50.83673],[-0.08115,50.83619],[-0.07961,50.83641],[-0.07987,50.83728],[-0.08008,50.83817],[-0.07926,50.83844],[-0.07879,50.83841],[-0.07879,50.83898],[-0.07849,50.836],[-0.07772,50.83606]]],[[[-0.077,50.83617],[-0.07699,50.83625],[-0.07738,50.83611],[-0.07738,50.83611],[-0.07776,50.83879],[-0.0772,50.83934],[-0.07617,50.83934],[-0.07562,50.83939],[-0.07527,50.8399],[-0.07532,50.84023],[-0.07081,50.84039],[-0.06755,50.84026],[-0.06536,50.8395],[-0.06197,50.8376],[-0.0612,50.83709],[-0.06068,50.83725],[-0.06021,50.83714],[-0.06012,50.83679],[-0.06068,50.83641],[-0.06012,50.83587],[-0.05978,50.83589],[-0.05935,50.83597],[-0.05897,50.83557],[-0.05952,50.83519],[-0.05897,50.83362],[-0.05901,50.83267],[-0.05918,50.83169],[-0.05905,50.83045],[-0.05939,50.82939],[-0.05957,50.82879],[-0.06038,50.82811],[-0.06115,50.82784],[-0.06154,50.82733],[-0.0621,50.8266],[-0.06283,50.82557],[-0.06377,50.82529],[-0.06412,50.82489],[-0.06562,50.82413],[-0.06781,50.82391],[-0.06798,50.82473],[-0.06914,50.82559],[-0.06991,50.82603],[-0.07278,50.82871],[-0.07317,50.83123],[-0.07497,50.83283],[-0.0754,50.83649],[-0.0757,50.83657],[-0.07622,50.83649],[-0.07665,50.83635],[-0.077,50.83617]]],[[[-0.10008,50.83491],[-0.10038,50.83446],[-0.10021,50.83364],[-0.09952,50.83278],[-0.09952,50.83218],[-0.10158,50.82779],[-0.10072,50.82285],[-0.10403,50.817],[-0.10493,50.81716],[-0.10566,50.81716],[-0.10609,50.8173],[-0.10673,50.81738],[-0.10682,50.81713],[-0.10707,50.8167],[-0.10729,50.81637],[-0.10793,50.81646],[-0.10909,50.81678],[-0.10986,50.81697],[-0.11085,50.81713],[-0.11175,50.81727],[-0.11179,50.81705],[-0.11205,50.8167],[-0.11244,50.81673],[-0.1163,50.81749],[-0.12059,50.8183],[-0.12205,50.81863],[-0.1236,50.81917],[-0.12463,50.81949],[-0.12574,50.81917],[-0.12823,50.81966],[-0.12978,50.82014],[-0.13244,50.82063],[-0.13627,50.82112],[-0.1363,50.82109],[-0.13654,50.82109],[-0.13649,50.82136],[-0.13641,50.82226],[-0.13621,50.8231],[-0.13574,50.8237],[-0.13542,50.825],[-0.13501,50.82578],[-0.13463,50.82718],[-0.13426,50.82867],[-0.1337,50.82899],[-0.1345,50.82948],[-0.13411,50.83204],[-0.13375,50.83447],[-0.1334,50.83734],[-0.13385,50.84092],[-0.13441,50.84328],[-0.13377,50.84404],[-0.13433,50.84685],[-0.13304,50.8491],[-0.13231,50.8508],[-0.1289,50.84986],[-0.1219,50.84867],[-0.11973,50.84844],[-0.11679,50.8483],[-0.11413,50.84979],[-0.11079,50.85242],[-0.10969,50.85236],[-0.10922,50.85343],[-0.10755,50.85573],[-0.10649,50.85653],[-0.10458,50.85708],[-0.10203,50.8572],[-0.10461,50.85449],[-0.10214,50.85703],[-0.10256,50.85603],[-0.10201,50.85723],[-0.1007,50.85742],[-0.09195,50.85869],[-0.09521,50.85469],[-0.10154,50.85143],[-0.10289,50.84891],[-0.10409,50.84371],[-0.101,50.84299],[-0.10025,50.84551],[-0.09939,50.84602],[-0.09838,50.84625],[-0.09495,50.84474],[-0.09188,50.84421],[-0.08836,50.84363],[-0.09109,50.83963],[-0.09353,50.84043],[-0.09695,50.84064],[-0.0995,50.83741],[-0.11038,50.83893],[-0.10913,50.84165],[-0.10931,50.84129],[-0.1115,50.83679],[-0.11164,50.8367],[-0.1092,50.83622],[-0.10471,50.83554],[-0.10218,50.83543],[-0.10012,50.83492],[-0.10008,50.83491]]],[[[-0.1254,50.83258],[-0.11488,50.84364],[-0.1114,50.84733],[-0.1254,50.83258]]],[[[-0.10677,50.8469],[-0.10712,50.84607],[-0.10649,50.84743],[-0.10677,50.8469]]]]}},{"type":"Feature","properties":{"source_code":"G81065","codes":["G81065"],"label":"WOODINGDEAN MEDICAL CENTRE"},"geometry":{"type":"Polygon","coordinates":[[[-0.07163,50.84172],[-0.06713,50.84121],[-0.0638,50.8399],[-0.06194,50.83818],[-0.0535,50.83167],[-0.05976,50.81542],[-0.07112,50.81144],[-0.09682,50.83507],[-0.07513,50.84255],[-0.07163,50.84172]]]}},{"type":"Feature","properties":{"source_code":"G81613","codes":["G81613"],"label":"SCHOOL HOUSE SURGERY"},"geometry":{"type":"MultiPolygon","coordinates":[[[[-0.12531,50.82129],[-0.12637,50.82054],[-0.12623,50.82139],[-0.12531,50.82129]]],[[[-0.12699,50.82148],[-0.12813,50.8209],[-0.12816,50.8209],[-0.12731,50.82152],[-0.12699,50.82148]]],[[[-0.12731,50.82152],[-0.12749,50.82154],[-0.12747,50.82155],[-0.12719,50.82161],[-0.12731,50.82152]]],[[[-0.12623,50.82139],[-0.12627,50.8214],[-0.12624,50.82158],[-0.12658,50.82143],[-0.12699,50.82148],[-0.12643,50.82176],[-0.12616,50.82182],[-0.12623,50.82139]]],[[[-0.12191,50.82578],[-0.12189,50.82581],[-0.12141,50.82595],[-0.12141,50.82592],[-0.12191,50.82578]]],[[[-0.12132,50.82683],[-0.12139,50.82687],[-0.1213,50.82706],[-0.12132,50.82683]]],[[[-0.1213,50.82706],[-0.12127,50.82729],[-0.1212,50.82726],[-0.1213,50.82706]]],[[[-0.12011,50.83881],[-0.12156,50.83946],[-0.12159,50.83984],[-0.11995,50.84041],[-0.12011,50.83881]]],[[[-0.1199,50.84043],[-0.11995,50.84041],[-0.11995,50.84043],[-0.1199,50.84044],[-0.1199,50.84043]]],[[[-0.11991,50.84079],[-0.11995,50.84043],[-0.1216,50.84005],[-0.1217,50.84135],[-0.11995,50.84164],[-0.11991,50.84079]]],[[[-0.11981,50.84185],[-0.11982,50.84167],[-0.11995,50.84164],[-0.11996,50.84186],[-0.11981,50.84185]]],[[[-0.10218,50.86779],[-0.10326,50.86147],[-0.10393,50.85839],[-0.10469,50.85803],[-0.11429,50.85383],[-0.1146,50.8537],[-0.11813,50.85214],[-0.12749,50.84804],[-0.11267,50.84311],[-0.11043,50.84206],[-0.11355,50.84168],[-0.11387,50.84169],[-0.11821,50.84194],[-0.11888,50.84183],[-0.11981,50.84185],[-0.11976,50.8423],[-0.12,50.84277],[-0.11996,50.84186],[-0.12175,50.84191],[-0.12182,50.84282],[-0.12808,50.84208],[-0.12175,50.84191],[-0.1217,50.84135],[-0.12651,50.84053],[-0.12259,50.84068],[-0.12398,50.83952],[-0.1216,50.84005],[-0.12159,50.83984],[-0.12204,50.83968],[-0.12156,50.83946],[-0.1209,50.83103],[-0.12127,50.82729],[-0.12554,50.82902],[-0.13136,50.83203],[-0.12619,50.82928],[-0.12554,50.82902],[-0.12139,50.82687],[-0.12189,50.82581],[-0.12887,50.82388],[-0.12883,50.8251],[-0.12896,50.82584],[-0.12891,50.82385],[-0.13626,50.82565],[-0.13347,50.82489],[-0.13063,50.82418],[-0.12894,50.82382],[-0.12891,50.82377],[-0.12887,50.82231],[-0.12892,50.82201],[-0.12887,50.8222],[-0.12887,50.82231],[-0.1287,50.8234],[-0.12891,50.82377],[-0.12891,50.82385],[-0.12883,50.82383],[-0.12191,50.82578],[-0.12213,50.82531],[-0.12747,50.82155],[-0.12752,50.82154],[-0.12749,50.82154],[-0.12763,50.82144],[-0.12879,50.82095],[-0.12816,50.8209],[-0.12825,50.82084],[-0.12813,50.8209],[-0.12786,50.82088],[-0.12658,50.82143],[-0.12627,50.8214],[-0.12646,50.82032],[-0.12523,50.82128],[-0.12531,50.82129],[-0.12517,50.82139],[-0.126,50.82185],[-0.12616,50.82182],[-0.12614,50.82191],[-0.12643,50.82176],[-0.12719,50.82161],[-0.12217,50.82523],[-0.12222,50.82513],[-0.12215,50.82497],[-0.12283,50.82404],[-0.12324,50.82367],[-0.12418,50.82258],[-0.1241,50.82233],[-0.12441,50.82192],[-0.12461,50.82177],[-0.12551,50.82044],[-0.12441,50.82192],[-0.12406,50.82219],[-0.12381,50.82138],[-0.12396,50.82226],[-0.12406,50.82219],[-0.1241,50.82233],[-0.12283,50.82404],[-0.1225,50.82435],[-0.12179,50.8242],[-0.12215,50.82497],[-0.1217,50.82557],[-0.12217,50.82523],[-0.12213,50.82531],[-0.12111,50.82603],[-0.12141,50.82595],[-0.12132,50.82683],[-0.12126,50.8268],[-0.12068,50.82829],[-0.1209,50.83103],[-0.12011,50.83881],[-0.11982,50.83868],[-0.1199,50.84043],[-0.1198,50.84046],[-0.1199,50.84044],[-0.11991,50.84079],[-0.11982,50.84167],[-0.11888,50.84183],[-0.11387,50.84169],[-0.10905,50.84141],[-0.11043,50.84206],[-0.10975,50.84214],[-0.11267,50.84311],[-0.12523,50.84901],[-0.11813,50.85214],[-0.11429,50.85383],[-0.10942,50.8558],[-0.10469,50.85803],[-0.10378,50.85843],[-0.10326,50.86147],[-0.10259,50.86457],[-0.1021,50.86771],[-0.10218,50.86779],[-0.10188,50.86958],[-0.09029,50.86873],[-0.0684,50.86452],[-0.09071,50.83676],[-0.11327,50.82994],[-0.11453,50.82827],[-0.11922,50.82507],[-0.1208,50.81765],[-0.12093,50.81734],[-0.12272,50.81769],[-0.12339,50.81782],[-0.12516,50.81811],[-0.12635,50.81831],[-0.12717,50.81847],[-0.12783,50.81862],[-0.12904,50.81887],[-0.13031,50.81906],[-0.13295,50.81947],[-0.13372,50.81957],[-0.13518,50.81985],[-0.136,50.81985],[-0.13664,50.8196],[-0.13729,50.8196],[-0.1378,50.81951],[-0.13831,50.81948],[-0.13884,50.81942],[-0.13935,50.81952],[-0.14003,50.81973],[-0.14073,50.81998],[-0.14157,50.82012],[-0.14195,50.82016],[-0.14271,50.82029],[-0.14341,50.82045],[-0.14341,50.82047],[-0.14346,50.82034],[-0.14342,50.82048],[-0.14339,50.82053],[-0.14334,50.82075],[-0.14332,50.82093],[-0.14325,50.82127],[-0.14319,50.82147],[-0.14295,50.82218],[-0.14283,50.82235],[-0.14248,50.82394],[-0.14239,50.82443],[-0.14454,50.82386],[-0.14994,50.83357],[-0.15842,50.84154],[-0.16039,50.84653],[-0.16442,50.85044],[-0.17505,50.85836],[-0.15732,50.8684],[-0.14865,50.86905],[-0.13517,50.86947],[-0.12746,50.87104],[-0.12087,50.87012],[-0.11605,50.86934],[-0.10521,50.87069],[-0.10218,50.86779]]]]}},{"type":"Feature","properties":{"source_code":"G81075","codes":["G81075"],"label":"THE AVENUE SURGERY"},"geometry":{"type":"Polygon","coordinates":[[[-0.11845,50.86914],[-0.10145,50.87098],[-0.09047,50.87195],[-0.08411,50.87336],[-0.07811,50.87141],[-0.07502,50.86892],[-0.0745,50.86513],[-0.07622,50.86069],[-0.07896,50.86025],[-0.08429,50.85939],[-0.08394,50.85722],[-0.08978,50.85603],[-0.0927,50.85527],[-0.09459,50.85429],[-0.09613,50.85516],[-0.09733,50.85397],[-0.09956,50.85212],[-0.09905,50.85028],[-0.10025,50.84822],[-0.10283,50.84768],[-0.10506,50.84465],[-0.10008,50.84465],[-0.09768,50.84714],[-0.09115,50.84573],[-0.08497,50.84378],[-0.08823,50.83977],[-0.09338,50.84064],[-0.09922,50.83923],[-0.10059,50.83511],[-0.10506,50.83597],[-0.10883,50.83348],[-0.11433,50.83153],[-0.12136,50.83131],[-0.12892,50.83229],[-0.13372,50.83337],[-0.13372,50.83879],[-0.13527,50.84584],[-0.13561,50.85223],[-0.12943,50.85754],[-0.12171,50.8596],[-0.11845,50.86914]]]}},{"type":"Feature","properties":{"source_code":"G81014","codes":["G81014"],"label":"CARDEN SURGERY"},"geometry":{"type":"Polygon","coordinates":[[[-0.12651,50.87087],[-0.10111,50.87352],[-0.09219,50.86253],[-0.09531,50.85968],[-0.10086,50.85747],[-0.10354,50.85756],[-0.10763,50.85626],[-0.10923,50.85416],[-0.11109,50.84958],[-0.11574,50.84649],[-0.11733,50.84546],[-0.12414,50.83793],[-0.12489,50.83676],[-0.12599,50.83636],[-0.12838,50.83703],[-0.13326,50.83656],[-0.14128,50.835],[-0.14424,50.83553],[-0.15278,50.83931],[-0.15536,50.83864],[-0.15677,50.84001],[-0.16046,50.84679],[-0.16368,50.85077],[-0.17561,50.85787],[-0.15621,50.86838],[-0.12651,50.87087]]]}},{"type":"Feature","properties":{"source_code":"G81036","codes":["G81036"],"label":"WARMDENE SURGERY"},"geometry":{"type":"Polygon","coordinates":[[[-0.1508,50.86881],[-0.12995,50.87098],[-0.12634,50.87092],[-0.12308,50.87027],[-0.11759,50.8687],[-0.11132,50.86732],[-0.10858,50.86614],[-0.10695,50.86469],[-0.10549,50.86305],[-0.10712,50.86184],[-0.10441,50.86117],[-0.10317,50.85947],[-0.10278,50.85765],[-0.10662,50.85722],[-0.10973,50.85765],[-0.12188,50.85939],[-0.12253,50.85881],[-0.12362,50.85864],[-0.12557,50.8583],[-0.12935,50.85754],[-0.13407,50.85429],[-0.1352,50.85015],[-0.13531,50.846],[-0.13494,50.84471],[-0.13453,50.84338],[-0.13688,50.84368],[-0.1402,50.84418],[-0.1431,50.84424],[-0.146,50.84398],[-0.14767,50.84397],[-0.14912,50.84349],[-0.15021,50.84341],[-0.15104,50.84311],[-0.15137,50.84241],[-0.15197,50.84232],[-0.15308,50.8424],[-0.15606,50.84222],[-0.15757,50.84222],[-0.15831,50.84204],[-0.15883,50.84196],[-0.16029,50.84561],[-0.16308,50.84538],[-0.16587,50.84458],[-0.16726,50.84453],[-0.16844,50.84467],[-0.16949,50.84448],[-0.17029,50.84408],[-0.17073,50.84402],[-0.1719,50.84493],[-0.17467,50.84643],[-0.17566,50.84533],[-0.17691,50.84433],[-0.17975,50.8458],[-0.18209,50.8469],[-0.18385,50.84985],[-0.1831,50.85101],[-0.18132,50.85175],[-0.17793,50.85321],[-0.17492,50.85798],[-0.17402,50.85966],[-0.1714,50.86123],[-0.16582,50.86394],[-0.15956,50.86708],[-0.15617,50.86827],[-0.1508,50.86881]]]}},{"type":"Feature","properties":{"source_code":"G81071","codes":["G81071"],"label":"UNIVERSITY OF SUSSEX HEALTH CENTRE"},"geometry":{"type":"Polygon","coordinates":[[[-0.20865,50.82955],[-0.20784,50.8324],[-0.20595,50.83576],[-0.20466,50.83773],[-0.20269,50.84104],[-0.20192,50.84272],[-0.20127,50.84321],[-0.20042,50.84356],[-0.19874,50.84394],[-0.19355,50.8447],[-0.1908,50.84608],[-0.18973,50.84668],[-0.18797,50.84722],[-0.18673,50.84755],[-0.18518,50.84765],[-0.18415,50.84811],[-0.18372,50.84871],[-0.18338,50.84961],[-0.18321,50.85052],[-0.18278,50.85099],[-0.18209,50.85131],[-0.18106,50.8515],[-0.17986,50.85191],[-0.1784,50.85297],[-0.17724,50.85426],[-0.1763,50.8557],[-0.17514,50.85727],[-0.17501,50.85776],[-0.17475,50.85792],[-0.17441,50.85819],[-0.17411,50.85836],[-0.17415,50.85906],[-0.17372,50.85947],[-0.17128,50.86134],[-0.1672,50.86299],[-0.16368,50.86467],[-0.16299,50.86494],[-0.16188,50.86567],[-0.1599,50.86651],[-0.15917,50.86689],[-0.15823,50.86729],[-0.15698,50.86748],[-0.15591,50.86748],[-0.15553,50.86781],[-0.15261,50.86797],[-0.15214,50.86824],[-0.15218,50.86862],[-0.15171,50.86884],[-0.1508,50.86906],[-0.14883,50.86914],[-0.14857,50.86933],[-0.14467,50.86914],[-0.13905,50.86938],[-0.13432,50.87011],[-0.13008,50.87106],[-0.12789,50.87125],[-0.12591,50.87117],[-0.12342,50.87065],[-0.11926,50.86951],[-0.11544,50.86848],[-0.11351,50.86803],[-0.11154,50.86589],[-0.10978,50.86367],[-0.10858,50.8622],[-0.10802,50.86142],[-0.10725,50.86126],[-0.10566,50.86109],[-0.10437,50.86077],[-0.10377,50.85974],[-0.10291,50.85757],[-0.09991,50.8577],[-0.09832,50.85822],[-0.09695,50.85917],[-0.09652,50.85968],[-0.09574,50.86009],[-0.09493,50.86055],[-0.09381,50.86112],[-0.09257,50.86155],[-0.09119,50.86202],[-0.09012,50.86231],[-0.09008,50.86264],[-0.09124,50.8657],[-0.09154,50.86916],[-0.0918,50.87138],[-0.09166,50.87198],[-0.09076,50.87234],[-0.09055,50.873],[-0.08966,50.87345],[-0.08859,50.87365],[-0.08743,50.87341],[-0.08441,50.86943],[-0.08343,50.8674],[-0.0806,50.86445],[-0.08523,50.86283],[-0.08935,50.86229],[-0.09051,50.86202],[-0.09175,50.86155],[-0.09291,50.86106],[-0.09411,50.8606],[-0.0951,50.86006],[-0.09579,50.8596],[-0.09647,50.85906],[-0.09733,50.85846],[-0.09866,50.85779],[-0.09943,50.85749],[-0.10124,50.85733],[-0.10347,50.85722],[-0.1048,50.85711],[-0.10613,50.85678],[-0.10737,50.85624],[-0.10892,50.85418],[-0.10986,50.85245],[-0.11055,50.85017],[-0.11141,50.84904],[-0.11287,50.84792],[-0.11493,50.8469],[-0.11682,50.84546],[-0.11973,50.84318],[-0.11647,50.8415],[-0.11201,50.83988],[-0.11124,50.8401],[-0.10875,50.83885],[-0.10669,50.83619],[-0.10952,50.83635],[-0.11081,50.83343],[-0.11252,50.83186],[-0.11467,50.82822],[-0.11209,50.82719],[-0.10883,50.82361],[-0.10755,50.8215],[-0.10892,50.8196],[-0.10986,50.81824],[-0.11124,50.8183],[-0.11175,50.81738],[-0.11107,50.81694],[-0.11158,50.81624],[-0.1133,50.81564],[-0.13424,50.81976],[-0.13613,50.8196],[-0.13733,50.81922],[-0.14308,50.8202],[-0.15613,50.82253],[-0.1684,50.82421],[-0.17896,50.8254],[-0.18505,50.826],[-0.19192,50.82643],[-0.19621,50.82735],[-0.20033,50.82855],[-0.20256,50.82882],[-0.20462,50.82893],[-0.20865,50.82955]]]}},{"type":"Feature","properties":{"source_code":"G81021","codes":["G81021"],"label":"FOUNDRY HEALTHCARE LEWES"},"geometry":{"type":"Polygon","coordinates":[[[0.15999,50.82719],[0.05287,50.85494],[0.03708,50.80593],[-0.08308,50.86318],[-0.09956,50.90693],[-0.05424,50.91472],[-0.06248,50.9342],[-0.01991,50.95972],[0.13527,50.93074],[0.15999,50.82719]]]}},{"type":"Feature","properties":{"source_code":"H82072","codes":["H82072"],"label":"SILVERDALE PRACTICE"},"geometry":{"type":"Polygon","coordinates":[[[-0.14334,50.94074],[-0.14153,50.94686],[-0.14488,50.94718],[-0.14883,50.9481],[-0.15012,50.94902],[-0.15218,50.94924],[-0.15441,50.95059],[-0.15681,50.95259],[-0.15741,50.95426],[-0.1581,50.95507],[-0.15853,50.95632],[-0.1581,50.95783],[-0.15913,50.96005],[-0.15922,50.96178],[-0.15827,50.96291],[-0.15724,50.96405],[-0.15553,50.96518],[-0.1545,50.96556],[-0.15338,50.96605],[-0.15149,50.96664],[-0.14943,50.96681],[-0.14823,50.96632],[-0.14703,50.96681],[-0.14531,50.96697],[-0.14231,50.96735],[-0.14008,50.96762],[-0.14591,50.97389],[-0.14411,50.97426],[-0.13862,50.96956],[-0.11793,50.96956],[-0.11381,50.97064],[-0.10978,50.97037],[-0.11029,50.96508],[-0.10858,50.9634],[-0.10643,50.96291],[-0.10265,50.96194],[-0.10085,50.95983],[-0.09956,50.9587],[-0.10283,50.95524],[-0.10343,50.95226],[-0.10368,50.94626],[-0.12729,50.93912],[-0.14334,50.94074]]]}},{"type":"Feature","properties":{"source_code":"H82084","codes":["H82084"],"label":"BROW MEDICAL CENTRE"},"geometry":{"type":"Polygon","coordinates":[[[-0.16136,50.99431],[-0.16037,50.99015],[-0.15321,50.99031],[-0.15123,50.98502],[-0.11433,50.98437],[-0.09407,50.97713],[-0.10471,50.97248],[-0.08961,50.96535],[-0.10059,50.95778],[-0.10368,50.94805],[-0.14214,50.94285],[-0.1581,50.95551],[-0.15853,50.96162],[-0.15553,50.96599],[-0.1708,50.96999],[-0.19243,50.96794],[-0.19732,50.9774],[-0.19672,50.98686],[-0.16136,50.99431]]]}},{"type":"Feature","properties":{"source_code":"G81088","codes":["G81088"],"label":"WEALDEN RIDGE MEDICAL PARTNERSHIP"},"geometry":{"type":"Polygon","coordinates":[[[0.22058,51.00846],[0.31105,51.01764],[0.32598,51.02131],[0.34864,51.01375],[0.36787,50.99258],[0.39053,50.97756],[0.37062,50.94999],[0.36615,50.94058],[0.34092,50.93355],[0.3047,50.92738],[0.26762,50.92706],[0.24067,50.9302],[0.23449,50.92847],[0.18539,50.94253],[0.17269,50.94805],[0.16171,50.95789],[0.15364,50.96308],[0.18127,50.99107],[0.17097,51.0076],[0.22058,51.00846]]]}},{"type":"Feature","properties":{"source_code":"H82100","codes":["H82100"],"label":"NORTHLANDS WOOD SURGERY"},"geometry":{"type":"Polygon","coordinates":[[[-0.06478,50.99669],[-0.07207,50.99539],[-0.07996,50.99231],[-0.07988,50.98772],[-0.08194,50.98669],[-0.08983,50.98653],[-0.0888,50.98426],[-0.09644,50.98097],[-0.09927,50.98432],[-0.1009,50.98664],[-0.10115,50.98772],[-0.10098,50.98875],[-0.10002,50.99153],[-0.10023,50.99353],[-0.10049,50.99545],[-0.10195,50.99674],[-0.10414,50.99796],[-0.10688,50.99934],[-0.10649,50.99912],[-0.10791,50.99944],[-0.1107,50.9995],[-0.11173,50.99961],[-0.11143,51.00047],[-0.1089,51.0026],[-0.10722,51.00406],[-0.10718,51.0052],[-0.10752,51.00601],[-0.10924,51.00698],[-0.11173,51.00754],[-0.11323,51.008],[-0.11271,51.00881],[-0.11053,51.00984],[-0.1092,51.01073],[-0.10907,51.01219],[-0.10984,51.01316],[-0.11147,51.01451],[-0.11061,51.01494],[-0.11284,51.016],[-0.10435,51.01913],[-0.10002,51.01821],[-0.09834,51.01878],[-0.09358,51.01772],[-0.09213,51.01845],[-0.08789,51.01755],[-0.08626,51.01655],[-0.08604,51.01608],[-0.08724,51.01546],[-0.08808,51.01457],[-0.08823,51.01374],[-0.08778,51.01296],[-0.08757,51.01178],[-0.08634,51.01184],[-0.08514,51.01116],[-0.08405,51.01053],[-0.08319,51.01015],[-0.08214,51.01041],[-0.08143,51.01138],[-0.08158,51.01207],[-0.07965,51.01076],[-0.07792,51.00902],[-0.07421,51.00623],[-0.07307,51.00553],[-0.073,51.00552],[-0.06878,51.00415],[-0.06625,51.00212],[-0.0658,51.00019],[-0.06524,50.99913],[-0.064,50.99816],[-0.06419,50.9968],[-0.06478,50.99669]]]}},{"type":"Feature","properties":{"source_code":"H82044","codes":["H82044"],"label":"DOLPHINS PRACTICE"},"geometry":{"type":"Polygon","coordinates":[[[-0.13664,51.05521],[-0.07965,51.0565],[-0.04875,51.02542],[-0.04395,50.97529],[-0.05905,50.94675],[-0.14214,50.94329],[-0.21835,50.98869],[-0.14351,51.05434],[-0.13664,51.05521]]]}},{"type":"Feature","properties":{"source_code":"H82056","codes":["H82056"],"label":"NEWTONS PRACTICE"},"geometry":{"type":"Polygon","coordinates":[[[-0.09956,51.04355],[-0.0975,51.05014],[-0.08514,51.05434],[-0.0618,51.03405],[-0.05738,51.01946],[-0.04609,51.00703],[-0.0333,50.98329],[-0.03485,50.97421],[-0.04566,50.97097],[-0.06987,50.96837],[-0.09974,50.97248],[-0.113,50.98151],[-0.12557,50.98318],[-0.1466,50.98567],[-0.1684,51.00749],[-0.16308,51.0293],[-0.14359,51.0405],[-0.12308,51.05256],[-0.11312,51.05089],[-0.11029,51.0497],[-0.10866,51.04809],[-0.10497,51.04506],[-0.09956,51.04355]]]}},{"type":"Feature","properties":{"source_code":"H81638","codes":["H81638"],"label":"MODALITY EAST SURREY MEDICAL PRACTICE"},"geometry":{"type":"MultiPolygon","coordinates":[[[[-0.12918,51.1395],[-0.12923,51.1395],[-0.12925,51.1395],[-0.12922,51.1395],[-0.12918,51.1395]]],[[[-0.12904,51.1395],[-0.12916,51.1395],[-0.12918,51.1395],[-0.12912,51.13951],[-0.12908,51.13951],[-0.12904,51.1395],[-0.12904,51.1395],[-0.12904,51.1395]]],[[[-0.12904,51.1395],[-0.12899,51.1395],[-0.12895,51.13951],[-0.12886,51.13951],[-0.12901,51.1395],[-0.12904,51.1395]]],[[[-0.12925,51.1395],[-0.12928,51.1395],[-0.12931,51.13952],[-0.12927,51.13951],[-0.12927,51.13951],[-0.12927,51.13951],[-0.12925,51.1395]]],[[[-0.12931,51.13952],[-0.12932,51.13952],[-0.12932,51.13952],[-0.12932,51.13952],[-0.12931,51.13952]]],[[[-0.12886,51.13951],[-0.12884,51.13951],[-0.12879,51.13951],[-0.12872,51.13951],[-0.12867,51.13951],[-0.12862,51.13951],[-0.12883,51.13951],[-0.1288,51.13951],[-0.12886,51.13951]]],[[[-0.13092,51.13955],[-0.13089,51.13955],[-0.13092,51.13955],[-0.13092,51.13955]]],[[[-0.12932,51.13952],[-0.12949,51.13954],[-0.1294,51.13953],[-0.12932,51.13952],[-0.12932,51.13952]]],[[[-0.12862,51.13951],[-0.12859,51.13951],[-0.12857,51.13951],[-0.12836,51.13951],[-0.1283,51.13952],[-0.12831,51.13951],[-0.12862,51.13951]]],[[[-0.10151,51.13909],[-0.10143,51.13908],[-0.1014,51.13908],[-0.10108,51.13907],[-0.09936,51.13898],[-0.10182,51.1391],[-0.10151,51.13909]]],[[[-0.1308,51.13956],[-0.13089,51.13955],[-0.1308,51.13956],[-0.1308,51.13956]]],[[[-0.1308,51.13956],[-0.13078,51.13956],[-0.13077,51.13956],[-0.13071,51.13956],[-0.13078,51.13955],[-0.1308,51.13956]]],[[[-0.13071,51.13956],[-0.13068,51.13957],[-0.13066,51.13956],[-0.13071,51.13956]]],[[[-0.12949,51.13954],[-0.13008,51.13956],[-0.1297,51.13955],[-0.12949,51.13954]]],[[[-0.10083,51.13907],[-0.10108,51.13907],[-0.10137,51.13909],[-0.10134,51.1391],[-0.10083,51.13907]]],[[[-0.12826,51.13952],[-0.1283,51.13952],[-0.12828,51.13953],[-0.12825,51.13953],[-0.12823,51.13953],[-0.12826,51.13952]]],[[[-0.10093,51.1391],[-0.10001,51.13905],[-0.09791,51.13891],[-0.0967,51.13883],[-0.095,51.13881],[-0.09418,51.13877],[-0.09586,51.13872],[-0.09856,51.13893],[-0.09979,51.13901],[-0.10083,51.13907],[-0.10002,51.13905],[-0.10096,51.1391],[-0.10093,51.1391]]],[[[-0.13008,51.13956],[-0.13066,51.13956],[-0.13056,51.13957],[-0.13043,51.13957],[-0.13008,51.13956]]],[[[-0.10137,51.13909],[-0.1014,51.13908],[-0.10151,51.13909],[-0.10186,51.13912],[-0.10137,51.13909]]],[[[-0.12802,51.13954],[-0.12828,51.13952],[-0.12826,51.13952],[-0.12807,51.13954],[-0.12808,51.13955],[-0.12807,51.13954],[-0.12802,51.13954]]],[[[-0.12802,51.13954],[-0.12794,51.13954],[-0.12792,51.13954],[-0.12802,51.13954],[-0.12802,51.13954]]],[[[-0.13092,51.13955],[-0.13096,51.13955],[-0.13099,51.13962],[-0.13097,51.13962],[-0.13095,51.13961],[-0.13092,51.13955]]],[[[-0.10186,51.13912],[-0.10271,51.13917],[-0.10264,51.13917],[-0.10204,51.13914],[-0.10186,51.13912]]],[[[-0.10271,51.13917],[-0.10309,51.13916],[-0.10359,51.13922],[-0.10271,51.13917]]],[[[-0.13099,51.13962],[-0.13103,51.13962],[-0.13105,51.13968],[-0.13104,51.13966],[-0.13104,51.13965],[-0.13103,51.13965],[-0.13102,51.13963],[-0.13099,51.13962],[-0.13099,51.13962]]],[[[-0.10359,51.13922],[-0.10429,51.13926],[-0.10368,51.13923],[-0.10359,51.13922]]],[[[-0.12794,51.13954],[-0.12794,51.13955],[-0.12791,51.13956],[-0.12791,51.13956],[-0.1279,51.13956],[-0.1279,51.13956],[-0.12782,51.13956],[-0.1279,51.13956],[-0.1279,51.13956],[-0.12762,51.13964],[-0.12763,51.13959],[-0.12773,51.13956],[-0.12794,51.13954]]],[[[-0.13105,51.13968],[-0.13106,51.1397],[-0.13105,51.13969],[-0.13105,51.13968]]],[[[-0.10429,51.13926],[-0.1059,51.13934],[-0.10604,51.13936],[-0.10597,51.13936],[-0.10553,51.13934],[-0.10556,51.13933],[-0.10377,51.13924],[-0.1037,51.13923],[-0.10518,51.13931],[-0.10429,51.13926]]],[[[-0.10604,51.13936],[-0.10607,51.13936],[-0.1061,51.13937],[-0.10605,51.13936],[-0.10604,51.13936]]],[[[-0.13106,51.1397],[-0.13109,51.13971],[-0.13113,51.13984],[-0.13112,51.13982],[-0.13112,51.1398],[-0.13106,51.1397]]],[[[-0.13113,51.13984],[-0.13114,51.13984],[-0.13114,51.13984],[-0.13113,51.13984]]],[[[-0.1061,51.13937],[-0.10645,51.13939],[-0.10718,51.13946],[-0.10711,51.13946],[-0.10691,51.13944],[-0.10682,51.13943],[-0.10646,51.13939],[-0.10631,51.13939],[-0.1061,51.13937]]],[[[-0.10718,51.13946],[-0.10721,51.13947],[-0.10723,51.13947],[-0.10718,51.13946]]],[[[-0.10723,51.13947],[-0.1075,51.1395],[-0.1076,51.13951],[-0.10728,51.13948],[-0.10723,51.13947]]],[[[-0.12762,51.13964],[-0.1276,51.1397],[-0.12761,51.13976],[-0.1276,51.13977],[-0.12761,51.13985],[-0.12759,51.13982],[-0.12757,51.13969],[-0.12757,51.13965],[-0.12762,51.13964]]],[[[-0.1076,51.13951],[-0.10885,51.13964],[-0.10907,51.1397],[-0.1076,51.13951]]],[[[-0.10907,51.1397],[-0.10939,51.13975],[-0.1097,51.13987],[-0.10907,51.1397]]],[[[-0.1097,51.13987],[-0.10985,51.13991],[-0.10976,51.1399],[-0.1097,51.13987]]],[[[-0.10985,51.13991],[-0.10987,51.13992],[-0.10991,51.13993],[-0.10985,51.13991]]],[[[-0.12761,51.13985],[-0.12762,51.13988],[-0.12763,51.13994],[-0.12765,51.14006],[-0.12766,51.1401],[-0.12768,51.14018],[-0.12767,51.14025],[-0.12761,51.13985]]],[[[-0.12767,51.14025],[-0.12769,51.14033],[-0.12767,51.14033],[-0.12767,51.14025]]],[[[-0.09356,51.1394],[-0.09342,51.13982],[-0.09363,51.13881],[-0.09356,51.1394]]],[[[-0.12418,51.14035],[-0.12419,51.14035],[-0.12422,51.14036],[-0.12418,51.14035]]],[[[-0.12422,51.14036],[-0.12427,51.14036],[-0.12425,51.14036],[-0.12425,51.14036],[-0.12422,51.14036]]],[[[-0.12767,51.14033],[-0.12767,51.14037],[-0.12765,51.14039],[-0.12747,51.14042],[-0.12767,51.14033]]],[[[-0.12427,51.14036],[-0.12433,51.14036],[-0.12441,51.14038],[-0.12438,51.14038],[-0.12438,51.14038],[-0.12438,51.14037],[-0.12436,51.14037],[-0.12437,51.14037],[-0.12427,51.14036]]],[[[-0.12445,51.1404],[-0.12441,51.14038],[-0.12451,51.14041],[-0.12445,51.1404]]],[[[-0.11073,51.14017],[-0.11065,51.14015],[-0.11056,51.14013],[-0.11038,51.1401],[-0.10991,51.13993],[-0.11093,51.14021],[-0.11073,51.14017]]],[[[-0.12747,51.14042],[-0.12743,51.14044],[-0.1274,51.14045],[-0.12713,51.14048],[-0.1271,51.14048],[-0.12747,51.14042]]],[[[-0.12418,51.14035],[-0.12415,51.14036],[-0.12411,51.14036],[-0.12411,51.14036],[-0.12404,51.14037],[-0.12404,51.14037],[-0.12404,51.14037],[-0.12346,51.14043],[-0.12354,51.14041],[-0.12392,51.14035],[-0.12416,51.14035],[-0.12418,51.14035]]],[[[-0.11056,51.14013],[-0.11073,51.14017],[-0.11092,51.14023],[-0.11026,51.14011],[-0.11021,51.14009],[-0.11056,51.14013]]],[[[-0.12346,51.14043],[-0.12333,51.14045],[-0.12334,51.14044],[-0.12346,51.14043]]],[[[-0.1271,51.14048],[-0.1269,51.14051],[-0.12678,51.14053],[-0.1268,51.14052],[-0.12694,51.1405],[-0.1271,51.14048]]],[[[-0.12678,51.14053],[-0.12676,51.14054],[-0.1267,51.14055],[-0.1267,51.14054],[-0.12678,51.14053]]],[[[-0.11092,51.14023],[-0.11134,51.1403],[-0.11166,51.14045],[-0.11092,51.14023]]],[[[-0.12445,51.1404],[-0.12457,51.14044],[-0.12476,51.14064],[-0.12478,51.14067],[-0.12473,51.14062],[-0.12472,51.14061],[-0.12471,51.1406],[-0.12454,51.14045],[-0.12447,51.14043],[-0.12445,51.14041],[-0.1244,51.14039],[-0.12445,51.1404]]],[[[-0.12333,51.14045],[-0.12332,51.14046],[-0.12315,51.14049],[-0.12311,51.14049],[-0.12307,51.1405],[-0.12258,51.14059],[-0.12258,51.14059],[-0.12258,51.14059],[-0.12224,51.14065],[-0.12222,51.14065],[-0.12333,51.14045]]],[[[-0.12222,51.14065],[-0.12204,51.14068],[-0.12204,51.14068],[-0.12215,51.14065],[-0.12222,51.14065]]],[[[-0.122,51.14068],[-0.122,51.14068],[-0.122,51.14068],[-0.122,51.14068]]],[[[-0.122,51.14068],[-0.12204,51.14068],[-0.12203,51.14068],[-0.12201,51.14069],[-0.122,51.14068]]],[[[-0.11831,51.1407],[-0.11822,51.14072],[-0.11829,51.14068],[-0.11831,51.1407]]],[[[-0.11876,51.14074],[-0.11876,51.14074],[-0.11929,51.14076],[-0.11926,51.14077],[-0.11876,51.14074]]],[[[-0.12478,51.14067],[-0.12483,51.14071],[-0.12505,51.14089],[-0.12501,51.14089],[-0.12488,51.14077],[-0.12478,51.14067]]],[[[-0.11929,51.14076],[-0.122,51.14068],[-0.12192,51.1407],[-0.1214,51.1408],[-0.12071,51.14083],[-0.11929,51.14076]]],[[[-0.11831,51.1407],[-0.11863,51.14066],[-0.11876,51.14074],[-0.1187,51.14074],[-0.11876,51.14074],[-0.11882,51.14078],[-0.11837,51.14079],[-0.11831,51.1407]]],[[[-0.12545,51.14092],[-0.1254,51.14092],[-0.12611,51.14082],[-0.12657,51.14057],[-0.1267,51.14055],[-0.12668,51.14057],[-0.12667,51.14058],[-0.12659,51.1406],[-0.12659,51.14061],[-0.12618,51.14081],[-0.12604,51.14085],[-0.12604,51.14085],[-0.12584,51.14089],[-0.12584,51.14089],[-0.12574,51.14089],[-0.12564,51.14092],[-0.12555,51.14093],[-0.12569,51.1409],[-0.12545,51.14092]]],[[[-0.11822,51.14072],[-0.11806,51.1408],[-0.11789,51.14081],[-0.11791,51.14076],[-0.11822,51.14072]]],[[[-0.12505,51.14089],[-0.1254,51.14092],[-0.12523,51.14094],[-0.12542,51.14092],[-0.12545,51.14092],[-0.12555,51.14093],[-0.12526,51.14095],[-0.12524,51.14095],[-0.12522,51.14094],[-0.12519,51.14095],[-0.12512,51.14095],[-0.12505,51.14089]]],[[[-0.11166,51.14045],[-0.11306,51.14088],[-0.11225,51.14073],[-0.11166,51.14045]]],[[[-0.13114,51.13984],[-0.13163,51.14127],[-0.13162,51.14126],[-0.13154,51.14103],[-0.13149,51.14091],[-0.13149,51.14089],[-0.13146,51.14085],[-0.13145,51.1408],[-0.13115,51.13996],[-0.13113,51.1399],[-0.13114,51.13984]]],[[[-0.11789,51.14081],[-0.11782,51.14096],[-0.11775,51.14109],[-0.11787,51.14081],[-0.11789,51.14081]]],[[[-0.13163,51.14127],[-0.13163,51.14128],[-0.13171,51.14144],[-0.13167,51.14139],[-0.13165,51.14133],[-0.13163,51.14127]]],[[[-0.13171,51.14144],[-0.13176,51.1415],[-0.13174,51.14149],[-0.13171,51.14144]]],[[[-0.11306,51.14088],[-0.11323,51.14091],[-0.11393,51.14095],[-0.11414,51.14081],[-0.11461,51.14084],[-0.11439,51.14123],[-0.11397,51.14116],[-0.11306,51.14088]]],[[[-0.11775,51.14109],[-0.11769,51.14123],[-0.11764,51.1413],[-0.11775,51.14109]]],[[[-0.13176,51.1415],[-0.13196,51.14155],[-0.13196,51.14155],[-0.13189,51.14155],[-0.13187,51.14155],[-0.13178,51.14153],[-0.13176,51.1415]]],[[[-0.13196,51.14155],[-0.13198,51.14155],[-0.13197,51.14155],[-0.13196,51.14155]]],[[[-0.13198,51.14155],[-0.13198,51.14155],[-0.13198,51.14155],[-0.13198,51.14155]]],[[[-0.13198,51.14155],[-0.13208,51.14157],[-0.1321,51.14157],[-0.13202,51.14156],[-0.13198,51.14155]]],[[[-0.1321,51.14157],[-0.13214,51.14158],[-0.13212,51.14158],[-0.13212,51.14158],[-0.1321,51.14157]]],[[[-0.13214,51.14158],[-0.13215,51.14158],[-0.13222,51.14159],[-0.13214,51.14158]]],[[[-0.13323,51.1417],[-0.13319,51.1417],[-0.13319,51.14169],[-0.13323,51.1417]]],[[[-0.13222,51.14159],[-0.13298,51.14171],[-0.13296,51.14171],[-0.13279,51.1417],[-0.13278,51.1417],[-0.13272,51.14169],[-0.13272,51.14169],[-0.13253,51.14165],[-0.13239,51.14163],[-0.13232,51.14162],[-0.13223,51.1416],[-0.13222,51.14159]]],[[[-0.13298,51.14171],[-0.13319,51.1417],[-0.13319,51.14172],[-0.13299,51.14171],[-0.13298,51.14171]]],[[[-0.11764,51.1413],[-0.11753,51.14149],[-0.11754,51.14143],[-0.11764,51.1413]]],[[[-0.13336,51.14171],[-0.13335,51.14171],[-0.13329,51.1417],[-0.13336,51.14171],[-0.13337,51.14172],[-0.13333,51.14171],[-0.1333,51.14171],[-0.13328,51.14171],[-0.13323,51.1417],[-0.13325,51.1417],[-0.1336,51.14173],[-0.13373,51.14178],[-0.13366,51.14176],[-0.13364,51.14175],[-0.13356,51.14174],[-0.1335,51.14173],[-0.13349,51.14173],[-0.13336,51.14171]]],[[[-0.13373,51.14178],[-0.13398,51.14183],[-0.13398,51.14183],[-0.13373,51.14178],[-0.13373,51.14178]]],[[[-0.13567,51.14188],[-0.13564,51.14189],[-0.13567,51.14188],[-0.13567,51.14188]]],[[[-0.13567,51.14188],[-0.13576,51.14188],[-0.13573,51.14192],[-0.13571,51.14192],[-0.13567,51.14188]]],[[[-0.13573,51.14192],[-0.13576,51.14192],[-0.13574,51.14192],[-0.13573,51.14192],[-0.13573,51.14192]]],[[[-0.13576,51.14192],[-0.13585,51.14191],[-0.13594,51.14192],[-0.1358,51.14192],[-0.13576,51.14192]]],[[[-0.13594,51.14192],[-0.13634,51.14192],[-0.13642,51.14194],[-0.13626,51.14194],[-0.13607,51.14194],[-0.13594,51.14192]]],[[[-0.13484,51.14193],[-0.13564,51.14189],[-0.13537,51.14193],[-0.13525,51.14193],[-0.13533,51.14193],[-0.13529,51.14194],[-0.13489,51.14193],[-0.13484,51.14193]]],[[[-0.13398,51.14183],[-0.13484,51.14193],[-0.13476,51.14193],[-0.13457,51.14193],[-0.13404,51.14184],[-0.13398,51.14183]]],[[[-0.13642,51.14194],[-0.13657,51.14194],[-0.13686,51.14203],[-0.13684,51.14203],[-0.13672,51.14201],[-0.13668,51.142],[-0.13668,51.142],[-0.13668,51.142],[-0.13658,51.14198],[-0.13642,51.14194]]],[[[-0.13686,51.14203],[-0.13688,51.14203],[-0.13689,51.14204],[-0.13686,51.14203],[-0.13686,51.14203]]],[[[-0.11741,51.14172],[-0.11753,51.14149],[-0.11753,51.14163],[-0.1175,51.14169],[-0.11746,51.14173],[-0.11741,51.14172]]],[[[-0.1369,51.14204],[-0.13689,51.14204],[-0.13701,51.14205],[-0.1369,51.14204]]],[[[-0.13701,51.14208],[-0.13702,51.14208],[-0.13695,51.14206],[-0.13701,51.14208]]],[[[-0.13701,51.14208],[-0.13687,51.14204],[-0.1369,51.14204],[-0.1371,51.1421],[-0.13701,51.14208]]],[[[-0.11689,51.1418],[-0.11629,51.14173],[-0.11444,51.1413],[-0.11436,51.14128],[-0.11439,51.14123],[-0.11741,51.14172],[-0.11739,51.14176],[-0.1174,51.14179],[-0.11736,51.14183],[-0.11689,51.1418]]],[[[-0.13724,51.14215],[-0.13722,51.14214],[-0.13702,51.14208],[-0.1372,51.14212],[-0.13718,51.14212],[-0.13744,51.14218],[-0.13746,51.14218],[-0.13724,51.14215]]],[[[-0.13746,51.14218],[-0.13746,51.14218],[-0.13744,51.14218],[-0.1372,51.14212],[-0.13728,51.14212],[-0.13756,51.1422],[-0.13746,51.14218]]],[[[-0.13724,51.14215],[-0.13748,51.14221],[-0.13752,51.14223],[-0.13743,51.14221],[-0.13743,51.14221],[-0.13737,51.14219],[-0.13724,51.14215],[-0.13724,51.14215]]],[[[-0.09342,51.13982],[-0.0932,51.14085],[-0.09287,51.14146],[-0.09284,51.14151],[-0.09282,51.14155],[-0.09342,51.13982]]],[[[-0.13752,51.14223],[-0.13766,51.14228],[-0.13766,51.14228],[-0.13755,51.14226],[-0.13752,51.14223]]],[[[-0.13766,51.14228],[-0.13768,51.14229],[-0.13762,51.14242],[-0.13763,51.14238],[-0.13766,51.14233],[-0.13765,51.14233],[-0.13765,51.14232],[-0.13764,51.14232],[-0.13765,51.1423],[-0.13765,51.1423],[-0.13766,51.14228]]],[[[-0.13762,51.14242],[-0.13761,51.14246],[-0.1375,51.14269],[-0.13759,51.14249],[-0.13759,51.14249],[-0.13759,51.14249],[-0.13762,51.14242]]],[[[-0.1375,51.14269],[-0.13746,51.14276],[-0.13747,51.14275],[-0.13748,51.14273],[-0.13748,51.14273],[-0.1375,51.14269]]],[[[-0.09282,51.14155],[-0.09279,51.14163],[-0.09253,51.14215],[-0.0927,51.1417],[-0.09282,51.14155]]],[[[-0.09253,51.14215],[-0.09247,51.14233],[-0.09238,51.14248],[-0.0924,51.14243],[-0.09253,51.14215]]],[[[-0.13746,51.14276],[-0.13743,51.14286],[-0.13737,51.14311],[-0.13671,51.14535],[-0.13689,51.14455],[-0.13691,51.14452],[-0.13708,51.14391],[-0.13736,51.14312],[-0.13742,51.14286],[-0.13746,51.14276]]],[[[-0.13666,51.1455],[-0.13666,51.14549],[-0.13671,51.14535],[-0.13666,51.14554],[-0.13666,51.1455]]],[[[-0.09238,51.14248],[-0.09219,51.14303],[-0.0919,51.14365],[-0.09168,51.14389],[-0.09164,51.14412],[-0.09137,51.1445],[-0.09095,51.14486],[-0.09238,51.14248]]],[[[-0.13666,51.14554],[-0.13666,51.14567],[-0.1366,51.14584],[-0.13665,51.14558],[-0.13666,51.14554]]],[[[-0.1366,51.14584],[-0.13658,51.14596],[-0.13658,51.14597],[-0.13659,51.14587],[-0.1366,51.14584]]],[[[-0.13658,51.14597],[-0.13651,51.1464],[-0.13651,51.14635],[-0.13652,51.14625],[-0.13653,51.14621],[-0.13658,51.14597]]],[[[-0.09095,51.14486],[-0.09078,51.14515],[-0.09038,51.14566],[-0.0908,51.145],[-0.09095,51.14486]]],[[[-0.13651,51.1464],[-0.1365,51.14646],[-0.13647,51.14663],[-0.13647,51.14661],[-0.13651,51.1464]]],[[[-0.09038,51.14566],[-0.09023,51.14588],[-0.09014,51.14595],[-0.09038,51.14566]]],[[[-0.13647,51.14663],[-0.13644,51.14686],[-0.13641,51.14696],[-0.13644,51.14677],[-0.13645,51.14676],[-0.13647,51.14665],[-0.13647,51.14663]]],[[[-0.13641,51.14696],[-0.13641,51.14697],[-0.13641,51.14697],[-0.13641,51.14696]]],[[[-0.09014,51.14595],[-0.08956,51.14667],[-0.08976,51.14623],[-0.09014,51.14595]]],[[[-0.13641,51.14697],[-0.13632,51.14851],[-0.1363,51.14835],[-0.13629,51.14804],[-0.13629,51.14802],[-0.13629,51.14805],[-0.13629,51.14805],[-0.1363,51.14819],[-0.1363,51.14813],[-0.13631,51.14818],[-0.1363,51.14784],[-0.1363,51.14777],[-0.13637,51.14726],[-0.13641,51.14697]]],[[[-0.13632,51.14855],[-0.13632,51.14852],[-0.13632,51.14855],[-0.13632,51.14855]]],[[[-0.08956,51.14667],[-0.08936,51.14712],[-0.08867,51.14779],[-0.08956,51.14667]]],[[[-0.13632,51.14851],[-0.13632,51.14855],[-0.13629,51.1489],[-0.13629,51.14887],[-0.13632,51.14851]]],[[[-0.13635,51.14907],[-0.13634,51.14908],[-0.13635,51.14904],[-0.13635,51.14907]]],[[[-0.13635,51.14907],[-0.13635,51.14907],[-0.13634,51.14914],[-0.13635,51.14907]]],[[[-0.13632,51.14855],[-0.13633,51.14863],[-0.13629,51.14914],[-0.13628,51.14915],[-0.13628,51.14908],[-0.13629,51.14907],[-0.13629,51.14905],[-0.1363,51.14892],[-0.13629,51.14899],[-0.13629,51.14894],[-0.13632,51.14855]]],[[[-0.13636,51.14915],[-0.13635,51.14919],[-0.13637,51.14908],[-0.13636,51.14915]]],[[[-0.13629,51.14914],[-0.13634,51.14908],[-0.1363,51.14926],[-0.1363,51.14922],[-0.13629,51.14926],[-0.13628,51.14933],[-0.13629,51.14914]]],[[[-0.13634,51.14914],[-0.13633,51.14934],[-0.13632,51.14937],[-0.13634,51.14921],[-0.13634,51.14914]]],[[[-0.13633,51.14934],[-0.13635,51.14919],[-0.13632,51.14941],[-0.13633,51.14934]]],[[[-0.13636,51.14915],[-0.1364,51.14886],[-0.13635,51.14933],[-0.13632,51.14949],[-0.13636,51.14915]]],[[[-0.13635,51.14933],[-0.13638,51.14916],[-0.13633,51.14952],[-0.13635,51.14933]]],[[[-0.13633,51.14952],[-0.13625,51.15011],[-0.13625,51.15012],[-0.13628,51.1499],[-0.13627,51.14986],[-0.13628,51.14983],[-0.1363,51.14971],[-0.1363,51.14972],[-0.1363,51.14967],[-0.13633,51.14952]]],[[[-0.13625,51.15011],[-0.13626,51.15011],[-0.13625,51.15014],[-0.13625,51.15011]]],[[[-0.13625,51.15014],[-0.13617,51.15077],[-0.13616,51.1508],[-0.1362,51.15052],[-0.13619,51.15055],[-0.1362,51.15046],[-0.13621,51.15042],[-0.13622,51.15034],[-0.13622,51.15033],[-0.13622,51.15032],[-0.13624,51.15021],[-0.13625,51.15014]]],[[[-0.13616,51.1508],[-0.13616,51.15086],[-0.13616,51.15081],[-0.13616,51.1508]]],[[[-0.13616,51.15086],[-0.13615,51.15115],[-0.13606,51.15158],[-0.13609,51.15131],[-0.13609,51.15134],[-0.13613,51.15104],[-0.13614,51.15096],[-0.13614,51.15093],[-0.13614,51.15093],[-0.13614,51.151],[-0.13616,51.15086]]],[[[-0.13606,51.15158],[-0.13597,51.15247],[-0.13596,51.15253],[-0.13595,51.1525],[-0.13596,51.15246],[-0.13598,51.15227],[-0.13596,51.15237],[-0.13598,51.15222],[-0.136,51.15215],[-0.13606,51.15159],[-0.13606,51.15158]]],[[[-0.13596,51.15253],[-0.13596,51.15256],[-0.13594,51.15266],[-0.13594,51.15261],[-0.13596,51.15253]]],[[[-0.13594,51.15266],[-0.13594,51.15267],[-0.13592,51.15278],[-0.13592,51.15272],[-0.13594,51.15266]]],[[[-0.13591,51.15287],[-0.13592,51.15284],[-0.13591,51.15288],[-0.13591,51.15287]]],[[[-0.13592,51.15278],[-0.13591,51.15287],[-0.13588,51.15299],[-0.13589,51.15295],[-0.13592,51.15278]]],[[[-0.13591,51.15288],[-0.1359,51.15292],[-0.13584,51.15332],[-0.13587,51.15309],[-0.13591,51.15288]]],[[[-0.13584,51.15332],[-0.13582,51.15348],[-0.13583,51.15339],[-0.13584,51.15332]]],[[[-0.13582,51.15348],[-0.1358,51.15364],[-0.13579,51.15367],[-0.13582,51.15348]]],[[[-0.13579,51.15367],[-0.13579,51.15371],[-0.13578,51.1538],[-0.13577,51.15384],[-0.13579,51.15369],[-0.13579,51.15367]]],[[[-0.13578,51.1538],[-0.13579,51.15378],[-0.13579,51.15384],[-0.13576,51.15398],[-0.13578,51.15384],[-0.13578,51.1538]]],[[[-0.13579,51.15384],[-0.13578,51.15395],[-0.13575,51.15402],[-0.13575,51.15402],[-0.13576,51.15398],[-0.13579,51.15384]]],[[[-0.13575,51.15402],[-0.13573,51.15408],[-0.13575,51.15403],[-0.13575,51.15402]]],[[[-0.13573,51.15408],[-0.13568,51.15432],[-0.13568,51.15432],[-0.13573,51.15408],[-0.13573,51.15408]]],[[[-0.13568,51.15432],[-0.13566,51.15445],[-0.13567,51.15438],[-0.13568,51.15432]]],[[[-0.15779,51.15961],[-0.15893,51.15963],[-0.15858,51.15963],[-0.15845,51.15963],[-0.15798,51.15963],[-0.15779,51.15961]]],[[[-0.15779,51.15961],[-0.1572,51.15961],[-0.1562,51.15964],[-0.15622,51.15964],[-0.1566,51.15962],[-0.15752,51.1596],[-0.15779,51.15961]]],[[[-0.13566,51.15445],[-0.135,51.15937],[-0.13498,51.15934],[-0.13483,51.1589],[-0.13481,51.1586],[-0.13491,51.15794],[-0.13506,51.15751],[-0.13493,51.15777],[-0.13493,51.15777],[-0.13494,51.15773],[-0.13496,51.15768],[-0.13503,51.15742],[-0.13505,51.15738],[-0.13505,51.15736],[-0.13508,51.15724],[-0.13509,51.1572],[-0.1351,51.15716],[-0.13527,51.15639],[-0.13535,51.15617],[-0.13528,51.15633],[-0.13529,51.15627],[-0.13535,51.15606],[-0.1353,51.15622],[-0.13532,51.15613],[-0.13535,51.15599],[-0.13539,51.1558],[-0.1354,51.15576],[-0.13552,51.15538],[-0.13543,51.15555],[-0.13543,51.15551],[-0.13547,51.15532],[-0.13547,51.15544],[-0.13552,51.15511],[-0.13555,51.15496],[-0.13556,51.15489],[-0.13556,51.15492],[-0.13558,51.15482],[-0.13558,51.15479],[-0.13559,51.15476],[-0.13562,51.15466],[-0.13562,51.15463],[-0.13564,51.15452],[-0.13561,51.15475],[-0.13566,51.15445]]],[[[-0.135,51.15937],[-0.13505,51.15945],[-0.135,51.15941],[-0.13499,51.15939],[-0.135,51.15937]]],[[[-0.13505,51.15945],[-0.13506,51.15947],[-0.13505,51.15946],[-0.13505,51.15945]]],[[[-0.13506,51.15947],[-0.13525,51.15953],[-0.13517,51.15952],[-0.1351,51.1595],[-0.13506,51.15947]]],[[[-0.13525,51.15953],[-0.13635,51.15963],[-0.13666,51.15968],[-0.13622,51.15966],[-0.13582,51.15961],[-0.13576,51.1596],[-0.13565,51.15959],[-0.13533,51.15956],[-0.13525,51.15953]]],[[[-0.13666,51.15968],[-0.13683,51.15969],[-0.13715,51.15976],[-0.13699,51.15974],[-0.13666,51.15968]]],[[[-0.13715,51.15976],[-0.1376,51.15981],[-0.13724,51.15978],[-0.13715,51.15976]]],[[[-0.13769,51.15982],[-0.1376,51.15981],[-0.13771,51.15982],[-0.13769,51.15982]]],[[[-0.13771,51.15982],[-0.13804,51.15982],[-0.13865,51.1599],[-0.13771,51.15982]]],[[[-0.14078,51.16016],[-0.14038,51.16012],[-0.13978,51.16005],[-0.13865,51.1599],[-0.13875,51.15991],[-0.14096,51.16018],[-0.14078,51.16016]]],[[[-0.16067,51.16884],[-0.16068,51.16838],[-0.1607,51.16953],[-0.1607,51.16958],[-0.1607,51.1693],[-0.16067,51.16884]]],[[[-0.16064,51.17065],[-0.1607,51.16958],[-0.1607,51.17023],[-0.16067,51.17125],[-0.16065,51.17103],[-0.16064,51.17065]]],[[[-0.16067,51.17128],[-0.16067,51.17122],[-0.16068,51.17135],[-0.16067,51.17128]]],[[[-0.16067,51.17125],[-0.16067,51.17128],[-0.16066,51.17138],[-0.16067,51.17125]]],[[[-0.16056,51.17282],[-0.16058,51.17251],[-0.16065,51.17219],[-0.16066,51.17241],[-0.16058,51.17305],[-0.16056,51.17282]]],[[[-0.16058,51.17305],[-0.16058,51.17311],[-0.16058,51.17307],[-0.16058,51.17305]]],[[[-0.16066,51.17241],[-0.16067,51.17231],[-0.16067,51.17213],[-0.16068,51.17207],[-0.16068,51.17135],[-0.16071,51.17179],[-0.16071,51.17401],[-0.16066,51.17241]]],[[[-0.16071,51.17413],[-0.16071,51.17401],[-0.16072,51.17416],[-0.16071,51.17413]]],[[[-0.16056,51.17355],[-0.16056,51.17345],[-0.16066,51.17479],[-0.16058,51.17371],[-0.16056,51.17355]]],[[[-0.16058,51.17311],[-0.16071,51.17413],[-0.16071,51.17528],[-0.16058,51.17311]]],[[[-0.1528,51.19376],[-0.15279,51.19366],[-0.15279,51.19369],[-0.1528,51.19377],[-0.1528,51.19376]]],[[[-0.15283,51.19478],[-0.15281,51.19472],[-0.15283,51.19448],[-0.1528,51.1938],[-0.1528,51.19377],[-0.15287,51.19501],[-0.15283,51.19478]]],[[[-0.15304,51.19584],[-0.15301,51.19578],[-0.15293,51.19536],[-0.1529,51.19517],[-0.15289,51.1951],[-0.15287,51.19502],[-0.15287,51.19501],[-0.15294,51.19532],[-0.15301,51.19578],[-0.15307,51.1959],[-0.15304,51.19584]]],[[[-0.15337,51.19647],[-0.15336,51.19644],[-0.15336,51.19644],[-0.15337,51.19647]]],[[[-0.15328,51.19634],[-0.15328,51.19633],[-0.15315,51.19607],[-0.15314,51.19605],[-0.15307,51.1959],[-0.15336,51.19644],[-0.15337,51.19647],[-0.15339,51.19652],[-0.15336,51.19644],[-0.15328,51.19634]]],[[[-0.15337,51.19647],[-0.15356,51.1969],[-0.15355,51.19689],[-0.15353,51.19685],[-0.15342,51.1966],[-0.15339,51.19653],[-0.15337,51.19647]]],[[[-0.15356,51.1969],[-0.15356,51.1969],[-0.15357,51.19693],[-0.15356,51.1969]]],[[[-0.15357,51.19693],[-0.15359,51.19697],[-0.15358,51.19695],[-0.15357,51.19693]]],[[[-0.15359,51.19697],[-0.15373,51.19726],[-0.1537,51.19719],[-0.15368,51.19717],[-0.15365,51.19711],[-0.15361,51.19703],[-0.15361,51.19702],[-0.15359,51.19697]]],[[[-0.15373,51.19726],[-0.15393,51.19763],[-0.15389,51.19756],[-0.15377,51.19734],[-0.15373,51.19726]]],[[[-0.15393,51.19763],[-0.15394,51.19764],[-0.15394,51.19764],[-0.15393,51.19763]]],[[[-0.15394,51.19764],[-0.15394,51.19764],[-0.15394,51.19765],[-0.15394,51.19764]]],[[[-0.15394,51.19765],[-0.15402,51.19789],[-0.15397,51.19776],[-0.15394,51.19765]]],[[[-0.15402,51.19789],[-0.15407,51.19804],[-0.15407,51.19806],[-0.15402,51.19792],[-0.15402,51.19789]]],[[[-0.15407,51.19806],[-0.1541,51.19815],[-0.15412,51.19827],[-0.15413,51.19839],[-0.15409,51.19822],[-0.15407,51.19806]]],[[[-0.15413,51.19839],[-0.15413,51.1984],[-0.15414,51.19842],[-0.15413,51.19839]]],[[[-0.15414,51.19842],[-0.15415,51.19851],[-0.15414,51.19848],[-0.15414,51.19842]]],[[[-0.15415,51.19851],[-0.15417,51.19865],[-0.1542,51.19895],[-0.15422,51.19914],[-0.1542,51.19903],[-0.15418,51.19879],[-0.15415,51.19851]]],[[[-0.15422,51.19914],[-0.15424,51.19925],[-0.15424,51.19931],[-0.15422,51.19914]]],[[[-0.15424,51.19931],[-0.15425,51.1994],[-0.15425,51.19955],[-0.15424,51.19947],[-0.15424,51.19931]]],[[[-0.15425,51.19955],[-0.15426,51.19962],[-0.15426,51.19966],[-0.15425,51.19959],[-0.15425,51.19955]]],[[[-0.15426,51.19966],[-0.15427,51.19974],[-0.15425,51.19988],[-0.15424,51.19998],[-0.15424,51.19993],[-0.15426,51.19966]]],[[[-0.15418,51.20093],[-0.15419,51.20081],[-0.15423,51.20021],[-0.15424,51.20013],[-0.15424,51.20011],[-0.15424,51.2001],[-0.15424,51.20005],[-0.15424,51.19998],[-0.15424,51.20038],[-0.1542,51.20096],[-0.15417,51.20158],[-0.15412,51.20182],[-0.15418,51.20093]]],[[[-0.15418,51.20093],[-0.15408,51.20195],[-0.154,51.20222],[-0.15399,51.20229],[-0.15423,51.20022],[-0.15418,51.20093]]],[[[-0.15412,51.20182],[-0.15411,51.20189],[-0.15399,51.20235],[-0.15412,51.20182]]],[[[-0.15396,51.20257],[-0.15398,51.20234],[-0.15399,51.20229],[-0.15396,51.20258],[-0.15396,51.20257]]],[[[-0.09129,51.20723],[-0.09149,51.2073],[-0.09325,51.20828],[-0.09385,51.20892],[-0.09129,51.20723]]],[[[-0.09435,51.20922],[-0.09439,51.20927],[-0.09467,51.20986],[-0.09487,51.21007],[-0.09506,51.21045],[-0.09467,51.2102],[-0.09435,51.20922]]],[[[-0.09506,51.21045],[-0.09546,51.21071],[-0.0955,51.21073],[-0.09568,51.21092],[-0.09508,51.2105],[-0.09506,51.21045]]],[[[-0.09568,51.21092],[-0.09592,51.2111],[-0.09623,51.21129],[-0.09589,51.21115],[-0.09568,51.21092]]],[[[-0.09623,51.21129],[-0.09744,51.21181],[-0.09827,51.2122],[-0.09832,51.21222],[-0.09637,51.21138],[-0.09623,51.21129]]],[[[-0.10251,51.21519],[-0.10342,51.21583],[-0.10353,51.21592],[-0.10374,51.21607],[-0.10462,51.21672],[-0.10402,51.21636],[-0.10251,51.21519]]],[[[-0.1606,51.17442],[-0.16074,51.17549],[-0.16067,51.17614],[-0.16071,51.17642],[-0.16046,51.17671],[-0.16048,51.17689],[-0.16059,51.17705],[-0.16102,51.17735],[-0.16129,51.17768],[-0.16245,51.17953],[-0.163,51.18047],[-0.16328,51.18094],[-0.16351,51.18141],[-0.16379,51.18326],[-0.16389,51.18623],[-0.16368,51.19107],[-0.16207,51.19131],[-0.16054,51.19147],[-0.15913,51.19156],[-0.15786,51.19145],[-0.15731,51.19131],[-0.15703,51.19108],[-0.15653,51.19132],[-0.15595,51.19138],[-0.15497,51.19145],[-0.15379,51.19148],[-0.15269,51.19161],[-0.15279,51.19366],[-0.15278,51.19347],[-0.15275,51.19305],[-0.15275,51.19304],[-0.15278,51.19347],[-0.1528,51.19376],[-0.1528,51.1938],[-0.15282,51.19425],[-0.15283,51.19448],[-0.15281,51.19471],[-0.15283,51.19478],[-0.15289,51.1951],[-0.15293,51.19536],[-0.15301,51.19578],[-0.15304,51.19584],[-0.15315,51.19607],[-0.15322,51.19621],[-0.1532,51.19623],[-0.15322,51.19625],[-0.15322,51.19625],[-0.15322,51.19625],[-0.15328,51.19634],[-0.15343,51.19664],[-0.15344,51.19668],[-0.15345,51.19669],[-0.15348,51.19678],[-0.15361,51.19702],[-0.15361,51.19704],[-0.15361,51.19705],[-0.15365,51.19711],[-0.15369,51.1972],[-0.15369,51.1972],[-0.15377,51.19739],[-0.15386,51.19751],[-0.15386,51.19752],[-0.15423,51.20002],[-0.15398,51.20234],[-0.15395,51.2025],[-0.15396,51.20257],[-0.15393,51.20282],[-0.15396,51.20258],[-0.15397,51.20269],[-0.1539,51.20297],[-0.15385,51.20314],[-0.15377,51.20329],[-0.1536,51.2038],[-0.1536,51.20412],[-0.15375,51.20484],[-0.15342,51.20533],[-0.15352,51.20616],[-0.15357,51.20681],[-0.15365,51.20744],[-0.1534,51.20811],[-0.15413,51.21117],[-0.15446,51.21193],[-0.15463,51.2125],[-0.15528,51.21469],[-0.15556,51.21821],[-0.15704,51.22259],[-0.15758,51.22437],[-0.15934,51.22546],[-0.16064,51.22687],[-0.15915,51.22821],[-0.15938,51.22847],[-0.15952,51.22874],[-0.15951,51.22905],[-0.1593,51.23001],[-0.15942,51.2304],[-0.15968,51.23065],[-0.15983,51.23069],[-0.15994,51.23077],[-0.16015,51.23094],[-0.16036,51.23109],[-0.16058,51.23132],[-0.16052,51.23141],[-0.16025,51.23162],[-0.16011,51.23178],[-0.16177,51.23222],[-0.16325,51.23284],[-0.16326,51.23324],[-0.16098,51.23395],[-0.15964,51.23354],[-0.15912,51.23248],[-0.15809,51.23245],[-0.15582,51.23226],[-0.15197,51.23149],[-0.15022,51.22831],[-0.14707,51.22798],[-0.14675,51.22758],[-0.14638,51.22727],[-0.14489,51.22695],[-0.14325,51.22671],[-0.14158,51.2264],[-0.14009,51.22587],[-0.13891,51.22546],[-0.13792,51.22503],[-0.13613,51.22363],[-0.13552,51.22315],[-0.13533,51.22188],[-0.13456,51.22149],[-0.13331,51.22118],[-0.13233,51.22094],[-0.12874,51.22185],[-0.12363,51.22269],[-0.12141,51.22325],[-0.11944,51.2242],[-0.11822,51.22507],[-0.11675,51.22536],[-0.11609,51.22609],[-0.11616,51.22598],[-0.11528,51.22697],[-0.11609,51.22609],[-0.11523,51.22735],[-0.11482,51.22783],[-0.11437,51.22913],[-0.1141,51.22787],[-0.11408,51.22745],[-0.1142,51.22668],[-0.11433,51.2258],[-0.11408,51.22515],[-0.11343,51.22452],[-0.11292,51.22396],[-0.11166,51.22295],[-0.11003,51.22153],[-0.1086,51.22036],[-0.10776,51.21923],[-0.10676,51.21856],[-0.1061,51.21797],[-0.1055,51.21738],[-0.10462,51.21672],[-0.10509,51.21701],[-0.10408,51.2163],[-0.10457,51.21664],[-0.10248,51.21509],[-0.10181,51.21457],[-0.10109,51.21398],[-0.09984,51.21312],[-0.10046,51.2136],[-0.1004,51.21356],[-0.10049,51.21362],[-0.10251,51.21519],[-0.1024,51.21511],[-0.0991,51.21263],[-0.09832,51.21222],[-0.09839,51.21225],[-0.09827,51.2122],[-0.09788,51.21199],[-0.09744,51.21181],[-0.09739,51.21178],[-0.0955,51.21073],[-0.09487,51.21007],[-0.09455,51.20944],[-0.09439,51.20927],[-0.0943,51.20908],[-0.09435,51.20922],[-0.09369,51.20853],[-0.09325,51.20828],[-0.09273,51.20773],[-0.09149,51.2073],[-0.0909,51.20697],[-0.09129,51.20723],[-0.08986,51.20673],[-0.09077,51.20736],[-0.08861,51.20652],[-0.08775,51.20635],[-0.08626,51.20588],[-0.08508,51.20523],[-0.08432,51.20456],[-0.08348,51.20353],[-0.08339,51.20189],[-0.08271,51.20015],[-0.0818,51.19812],[-0.07984,51.19565],[-0.07429,51.19236],[-0.06987,51.19118],[-0.06815,51.1901],[-0.068,51.18958],[-0.06806,51.18838],[-0.06806,51.18735],[-0.06824,51.18643],[-0.06843,51.1858],[-0.06896,51.18494],[-0.06905,51.18464],[-0.06873,51.18375],[-0.06813,51.18291],[-0.06782,51.18243],[-0.06768,51.18198],[-0.06761,51.18109],[-0.06714,51.18037],[-0.06579,51.17886],[-0.06564,51.1786],[-0.06594,51.17774],[-0.06525,51.17646],[-0.06446,51.17466],[-0.06402,51.17351],[-0.06375,51.17236],[-0.06382,51.17167],[-0.06332,51.17098],[-0.06304,51.17015],[-0.06229,51.1688],[-0.06217,51.16863],[-0.06217,51.16843],[-0.0625,51.16818],[-0.06354,51.16767],[-0.06369,51.16743],[-0.06386,51.16694],[-0.06424,51.16678],[-0.06467,51.16664],[-0.06542,51.16651],[-0.06575,51.16651],[-0.06594,51.16647],[-0.0663,51.16643],[-0.0666,51.16643],[-0.0673,51.16642],[-0.06703,51.16573],[-0.06596,51.16522],[-0.06596,51.16493],[-0.06627,51.16416],[-0.06643,51.16347],[-0.06695,51.16197],[-0.06731,51.16095],[-0.0674,51.16021],[-0.06769,51.15956],[-0.06816,51.15901],[-0.06665,51.15836],[-0.06977,51.15681],[-0.0732,51.15511],[-0.0765,51.15367],[-0.07939,51.15249],[-0.07971,51.15239],[-0.08022,51.15227],[-0.08132,51.1521],[-0.08213,51.15189],[-0.08307,51.15153],[-0.08477,51.15078],[-0.0863,51.14994],[-0.08738,51.14912],[-0.08837,51.1481],[-0.08905,51.14761],[-0.08929,51.14728],[-0.08936,51.14712],[-0.0897,51.14679],[-0.09011,51.14606],[-0.09023,51.14588],[-0.09053,51.14566],[-0.09137,51.1445],[-0.0916,51.1443],[-0.0919,51.14365],[-0.09192,51.14362],[-0.09214,51.14316],[-0.09219,51.14303],[-0.09232,51.14274],[-0.09247,51.14233],[-0.09265,51.14204],[-0.09279,51.14163],[-0.0928,51.1416],[-0.09284,51.14151],[-0.09314,51.14113],[-0.0932,51.14085],[-0.09322,51.14082],[-0.0935,51.14034],[-0.09354,51.13963],[-0.09356,51.1394],[-0.09378,51.13879],[-0.095,51.13881],[-0.10001,51.13905],[-0.10052,51.13908],[-0.10093,51.1391],[-0.10115,51.13911],[-0.10245,51.13917],[-0.10246,51.13918],[-0.10246,51.13917],[-0.10318,51.13921],[-0.11,51.14006],[-0.11,51.14006],[-0.11147,51.14067],[-0.11177,51.14068],[-0.11185,51.14069],[-0.11195,51.14074],[-0.11234,51.14088],[-0.1122,51.14079],[-0.1126,51.14093],[-0.11284,51.14097],[-0.11433,51.14142],[-0.11462,51.14146],[-0.11495,51.14151],[-0.11516,51.14156],[-0.11545,51.14161],[-0.11561,51.14166],[-0.11578,51.14168],[-0.11597,51.14173],[-0.11664,51.14181],[-0.11642,51.14176],[-0.11689,51.1418],[-0.11741,51.14185],[-0.1174,51.14179],[-0.11746,51.14173],[-0.11748,51.14173],[-0.1175,51.14169],[-0.11752,51.14166],[-0.11753,51.14163],[-0.11769,51.14123],[-0.11779,51.14111],[-0.11798,51.14085],[-0.11806,51.1408],[-0.11837,51.14079],[-0.11839,51.14082],[-0.11893,51.14085],[-0.11894,51.14085],[-0.11902,51.14085],[-0.11925,51.14087],[-0.11968,51.14089],[-0.11988,51.14087],[-0.11999,51.14087],[-0.12089,51.14085],[-0.1209,51.14085],[-0.1209,51.14085],[-0.1213,51.14084],[-0.12154,51.14079],[-0.12157,51.14079],[-0.12191,51.14071],[-0.122,51.14069],[-0.12202,51.14069],[-0.12218,51.14073],[-0.12234,51.14067],[-0.1224,51.14067],[-0.12261,51.14062],[-0.12283,51.14059],[-0.123,51.14054],[-0.12321,51.14055],[-0.1233,51.14048],[-0.12389,51.14043],[-0.12402,51.14039],[-0.12416,51.14037],[-0.12449,51.14047],[-0.12484,51.14079],[-0.12498,51.14093],[-0.12501,51.14093],[-0.12501,51.14093],[-0.12504,51.14096],[-0.12508,51.14096],[-0.12509,51.14097],[-0.12517,51.14095],[-0.12533,51.14094],[-0.12555,51.14094],[-0.12563,51.14093],[-0.12564,51.14093],[-0.12565,51.14093],[-0.12584,51.14093],[-0.12584,51.14091],[-0.12584,51.14091],[-0.12604,51.14085],[-0.12596,51.14091],[-0.12618,51.14081],[-0.12621,51.1408],[-0.12637,51.14079],[-0.12646,51.14077],[-0.1266,51.1407],[-0.12659,51.14061],[-0.12667,51.14058],[-0.12668,51.14058],[-0.12668,51.14057],[-0.12676,51.14054],[-0.1269,51.14051],[-0.12709,51.14049],[-0.12729,51.14047],[-0.12742,51.14044],[-0.12743,51.14044],[-0.12752,51.14043],[-0.12762,51.14043],[-0.12765,51.14039],[-0.12769,51.14038],[-0.12769,51.14033],[-0.12772,51.14031],[-0.12768,51.14023],[-0.12768,51.14018],[-0.12768,51.14014],[-0.12766,51.1401],[-0.12761,51.13976],[-0.12783,51.13961],[-0.12849,51.13955],[-0.12933,51.13955],[-0.12938,51.13955],[-0.12938,51.13956],[-0.12946,51.13957],[-0.12958,51.13957],[-0.1299,51.13962],[-0.13006,51.1396],[-0.13023,51.1396],[-0.13028,51.1396],[-0.1309,51.13961],[-0.13096,51.13965],[-0.13108,51.13993],[-0.13108,51.13997],[-0.13129,51.14049],[-0.13129,51.14052],[-0.13128,51.1405],[-0.13134,51.14063],[-0.13139,51.14072],[-0.13151,51.14105],[-0.13155,51.14115],[-0.13157,51.14122],[-0.13158,51.14124],[-0.13168,51.14149],[-0.13168,51.1415],[-0.13168,51.1415],[-0.13169,51.14151],[-0.13177,51.14156],[-0.13177,51.14156],[-0.13177,51.14156],[-0.13179,51.14157],[-0.13205,51.14159],[-0.13209,51.14158],[-0.1322,51.14161],[-0.13224,51.14163],[-0.13248,51.14166],[-0.1325,51.14167],[-0.13254,51.14167],[-0.13274,51.1417],[-0.13276,51.1417],[-0.13282,51.14171],[-0.13287,51.14172],[-0.13287,51.14172],[-0.13287,51.14172],[-0.13294,51.14172],[-0.13296,51.14173],[-0.13299,51.14173],[-0.13303,51.14173],[-0.13311,51.14173],[-0.13323,51.14175],[-0.13439,51.14193],[-0.13443,51.14193],[-0.13452,51.14194],[-0.13453,51.14194],[-0.13454,51.14194],[-0.13474,51.14195],[-0.1348,51.14195],[-0.1348,51.14195],[-0.13489,51.14196],[-0.13492,51.14196],[-0.13497,51.14196],[-0.13504,51.14196],[-0.13507,51.14196],[-0.13506,51.14196],[-0.13512,51.14196],[-0.13515,51.14196],[-0.13524,51.14196],[-0.13543,51.14196],[-0.13544,51.14196],[-0.13541,51.14198],[-0.13545,51.14196],[-0.13591,51.14197],[-0.13664,51.14202],[-0.13689,51.14207],[-0.1374,51.14221],[-0.1375,51.14225],[-0.13764,51.14232],[-0.1376,51.1424],[-0.1376,51.14243],[-0.1376,51.14244],[-0.13752,51.14257],[-0.1375,51.14259],[-0.1375,51.1426],[-0.13747,51.14267],[-0.13742,51.14284],[-0.13742,51.14285],[-0.13741,51.14287],[-0.13735,51.143],[-0.13734,51.14304],[-0.13729,51.14315],[-0.13726,51.14326],[-0.13722,51.14332],[-0.13721,51.14342],[-0.13721,51.14343],[-0.13715,51.14365],[-0.13708,51.14389],[-0.13704,51.14402],[-0.13699,51.14413],[-0.13696,51.14427],[-0.13684,51.14463],[-0.13683,51.14465],[-0.13683,51.14468],[-0.1368,51.14474],[-0.1368,51.14477],[-0.13676,51.14495],[-0.13668,51.14518],[-0.13673,51.14507],[-0.13676,51.14495],[-0.1368,51.14482],[-0.13679,51.14484],[-0.13667,51.14527],[-0.13667,51.14533],[-0.13666,51.14534],[-0.13667,51.14533],[-0.13666,51.1455],[-0.13656,51.14599],[-0.13665,51.14543],[-0.13655,51.14602],[-0.13654,51.14609],[-0.13653,51.14616],[-0.13643,51.14686],[-0.13636,51.1472],[-0.13631,51.14744],[-0.13631,51.14764],[-0.13628,51.14786],[-0.13628,51.14795],[-0.13628,51.14811],[-0.13628,51.14812],[-0.13628,51.14811],[-0.13629,51.149],[-0.13628,51.14903],[-0.13626,51.14917],[-0.13626,51.14917],[-0.13628,51.1489],[-0.13625,51.14918],[-0.13625,51.14918],[-0.13625,51.14921],[-0.13624,51.14934],[-0.13623,51.14923],[-0.13619,51.14962],[-0.1362,51.14927],[-0.13619,51.14966],[-0.13605,51.1512],[-0.13602,51.15132],[-0.13603,51.15134],[-0.13602,51.15146],[-0.13604,51.15136],[-0.13605,51.15138],[-0.13604,51.15153],[-0.13602,51.15173],[-0.13602,51.15177],[-0.136,51.15185],[-0.136,51.15189],[-0.136,51.15188],[-0.13595,51.15221],[-0.13595,51.15219],[-0.13594,51.1523],[-0.13593,51.15239],[-0.1359,51.15246],[-0.13585,51.15289],[-0.13583,51.15308],[-0.13574,51.15354],[-0.13592,51.15206],[-0.13565,51.15399],[-0.13506,51.15701],[-0.13502,51.15718],[-0.13501,51.15721],[-0.1348,51.15802],[-0.13477,51.15823],[-0.13466,51.15856],[-0.13469,51.15868],[-0.1347,51.15871],[-0.13468,51.15885],[-0.13469,51.15887],[-0.13467,51.15892],[-0.13471,51.15899],[-0.13471,51.15902],[-0.13474,51.1591],[-0.13474,51.15912],[-0.13477,51.15916],[-0.1348,51.15922],[-0.13482,51.1594],[-0.13484,51.15941],[-0.13484,51.15942],[-0.13486,51.15942],[-0.13486,51.15943],[-0.13487,51.15943],[-0.13487,51.15951],[-0.13488,51.15944],[-0.13497,51.15948],[-0.13498,51.15949],[-0.13497,51.15954],[-0.13534,51.15958],[-0.1354,51.1596],[-0.13548,51.15961],[-0.13556,51.15964],[-0.13622,51.15968],[-0.13669,51.15977],[-0.13923,51.16004],[-0.13748,51.15981],[-0.13769,51.15982],[-0.14038,51.16012],[-0.14072,51.16015],[-0.14078,51.16016],[-0.14135,51.16022],[-0.14096,51.16018],[-0.14189,51.16026],[-0.14258,51.16025],[-0.14342,51.1602],[-0.14379,51.16022],[-0.14445,51.16021],[-0.14525,51.16024],[-0.14591,51.16025],[-0.14671,51.16023],[-0.1474,51.16021],[-0.14822,51.16015],[-0.14886,51.16011],[-0.14966,51.16006],[-0.15005,51.16005],[-0.15032,51.16003],[-0.15078,51.15996],[-0.15165,51.15988],[-0.15197,51.15984],[-0.15266,51.15979],[-0.15318,51.15979],[-0.15589,51.15965],[-0.1562,51.15964],[-0.15551,51.15968],[-0.15361,51.15977],[-0.15678,51.15965],[-0.15791,51.15963],[-0.15798,51.15963],[-0.15824,51.15965],[-0.15845,51.15963],[-0.15928,51.15965],[-0.15961,51.15964],[-0.16024,51.1597],[-0.16061,51.15972],[-0.16067,51.16014],[-0.16067,51.16037],[-0.16066,51.16091],[-0.16068,51.16177],[-0.16067,51.16292],[-0.16072,51.16425],[-0.16071,51.16668],[-0.16065,51.16828],[-0.16067,51.16884],[-0.16067,51.16978],[-0.16064,51.17065],[-0.16064,51.17065],[-0.16063,51.17088],[-0.16065,51.17155],[-0.16056,51.17274],[-0.16056,51.17282],[-0.16056,51.17288],[-0.16054,51.17325],[-0.16056,51.17355],[-0.1606,51.17442]]],[[[-0.12915,51.13951],[-0.12913,51.13951],[-0.12912,51.13951],[-0.12914,51.13951],[-0.12915,51.13951]]],[[[-0.12912,51.13951],[-0.12912,51.13951],[-0.12912,51.13951],[-0.12912,51.13951]]],[[[-0.12912,51.13951],[-0.12911,51.13951],[-0.1291,51.13951],[-0.12912,51.13951]]],[[[-0.12908,51.13951],[-0.12908,51.13951],[-0.12909,51.13951],[-0.12909,51.13951],[-0.12908,51.13951]]],[[[-0.12909,51.13951],[-0.1291,51.13951],[-0.12909,51.13951],[-0.12909,51.13951]]],[[[-0.12908,51.13951],[-0.12896,51.13951],[-0.12904,51.1395],[-0.12908,51.13951]]],[[[-0.12896,51.13951],[-0.12894,51.13951],[-0.12895,51.13951],[-0.12896,51.13951]]],[[[-0.12894,51.13951],[-0.12893,51.13951],[-0.12892,51.13951],[-0.12894,51.13951]]],[[[-0.12915,51.13951],[-0.12922,51.1395],[-0.12927,51.13951],[-0.12927,51.13951],[-0.12929,51.13952],[-0.12921,51.13951],[-0.12915,51.13951],[-0.12915,51.13951]]],[[[-0.12929,51.13952],[-0.12931,51.13952],[-0.12929,51.13952],[-0.12929,51.13952]]],[[[-0.12892,51.13951],[-0.12885,51.13951],[-0.12877,51.13951],[-0.12884,51.13951],[-0.12892,51.13951]]],[[[-0.12931,51.13952],[-0.12932,51.13952],[-0.12932,51.13952],[-0.12931,51.13952]]],[[[-0.12932,51.13952],[-0.12932,51.13952],[-0.12932,51.13952],[-0.12932,51.13952]]],[[[-0.12859,51.13952],[-0.12867,51.13951],[-0.12877,51.13951],[-0.12871,51.13952],[-0.1287,51.13952],[-0.12859,51.13952]]],[[[-0.12932,51.13952],[-0.12933,51.13953],[-0.12932,51.13953],[-0.12932,51.13952]]],[[[-0.12889,51.13952],[-0.12898,51.13952],[-0.12913,51.13953],[-0.12889,51.13952]]],[[[-0.12859,51.13952],[-0.12857,51.13952],[-0.12851,51.13952],[-0.12842,51.13953],[-0.12857,51.13951],[-0.12859,51.13952]]],[[[-0.13079,51.13956],[-0.1308,51.13956],[-0.13081,51.13957],[-0.1308,51.13957],[-0.13079,51.13956]]],[[[-0.13069,51.13957],[-0.13078,51.13956],[-0.13079,51.13956],[-0.13076,51.13957],[-0.13076,51.13957],[-0.13069,51.13957]]],[[[-0.13069,51.13957],[-0.13067,51.13957],[-0.13068,51.13957],[-0.13069,51.13957]]],[[[-0.13076,51.13957],[-0.13077,51.13957],[-0.13075,51.13957],[-0.13076,51.13957]]],[[[-0.12933,51.13953],[-0.1294,51.13953],[-0.12954,51.13955],[-0.12945,51.13955],[-0.12944,51.13955],[-0.12936,51.13954],[-0.12933,51.13953]]],[[[-0.12913,51.13953],[-0.12935,51.13954],[-0.12936,51.13955],[-0.12933,51.13955],[-0.12913,51.13953]]],[[[-0.13051,51.13957],[-0.13056,51.13957],[-0.13058,51.13957],[-0.13067,51.13957],[-0.13057,51.13958],[-0.13051,51.13957]]],[[[-0.13059,51.13958],[-0.1307,51.13957],[-0.13075,51.13957],[-0.13064,51.13958],[-0.13059,51.13958]]],[[[-0.12821,51.13954],[-0.12825,51.13953],[-0.12842,51.13953],[-0.12822,51.13954],[-0.1282,51.13954],[-0.12821,51.13954]]],[[[-0.13057,51.13958],[-0.13059,51.13958],[-0.13053,51.13958],[-0.13057,51.13958]]],[[[-0.12954,51.13955],[-0.1297,51.13955],[-0.12992,51.13957],[-0.12984,51.13957],[-0.1296,51.13956],[-0.12954,51.13955]]],[[[-0.12936,51.13955],[-0.1294,51.13955],[-0.12954,51.13957],[-0.12938,51.13955],[-0.12936,51.13955]]],[[[-0.12821,51.13954],[-0.12818,51.13954],[-0.12809,51.13955],[-0.12816,51.13954],[-0.12823,51.13953],[-0.12821,51.13954]]],[[[-0.12954,51.13957],[-0.12959,51.13957],[-0.12958,51.13957],[-0.12954,51.13957]]],[[[-0.12992,51.13957],[-0.13017,51.13957],[-0.13043,51.13957],[-0.13051,51.13957],[-0.13045,51.13958],[-0.13039,51.13957],[-0.13023,51.13959],[-0.12998,51.13958],[-0.12992,51.13957]]],[[[-0.13077,51.13957],[-0.1308,51.13957],[-0.13082,51.13957],[-0.13087,51.1396],[-0.13077,51.13957]]],[[[-0.12826,51.13955],[-0.12888,51.13952],[-0.12889,51.13952],[-0.12849,51.13955],[-0.12814,51.13956],[-0.12826,51.13955]]],[[[-0.12806,51.13955],[-0.12822,51.13954],[-0.12843,51.13953],[-0.12851,51.13952],[-0.1287,51.13952],[-0.12878,51.13952],[-0.12826,51.13955],[-0.12804,51.13956],[-0.12806,51.13955]]],[[[-0.13082,51.13957],[-0.13081,51.13957],[-0.1309,51.13956],[-0.13094,51.13961],[-0.13082,51.13957]]],[[[-0.12791,51.13956],[-0.12791,51.13956],[-0.1279,51.13956],[-0.1279,51.13956],[-0.12791,51.13956],[-0.12791,51.13956]]],[[[-0.13016,51.13959],[-0.13018,51.13959],[-0.13023,51.13959],[-0.13029,51.13959],[-0.13045,51.13958],[-0.13053,51.13958],[-0.13053,51.13958],[-0.13048,51.13959],[-0.13023,51.1396],[-0.13016,51.13959]]],[[[-0.13087,51.1396],[-0.13093,51.13961],[-0.1309,51.13961],[-0.13087,51.1396]]],[[[-0.13095,51.13961],[-0.13094,51.13961],[-0.13095,51.13961],[-0.13095,51.13962],[-0.13095,51.13961]]],[[[-0.13016,51.13959],[-0.13006,51.1396],[-0.12996,51.1396],[-0.12974,51.13958],[-0.13001,51.13958],[-0.13016,51.13959]]],[[[-0.12959,51.13957],[-0.12966,51.13957],[-0.12995,51.1396],[-0.12995,51.13961],[-0.12959,51.13957]]],[[[-0.13093,51.13961],[-0.13095,51.13961],[-0.13095,51.13962],[-0.13095,51.13962],[-0.13093,51.13961]]],[[[-0.12995,51.1396],[-0.12996,51.1396],[-0.12998,51.13961],[-0.12995,51.1396]]],[[[-0.10233,51.13916],[-0.10115,51.13911],[-0.10096,51.1391],[-0.1013,51.13911],[-0.10134,51.1391],[-0.10204,51.13914],[-0.10233,51.13916]]],[[[-0.10262,51.13917],[-0.10261,51.13917],[-0.10243,51.13916],[-0.10262,51.13917]]],[[[-0.10233,51.13916],[-0.10253,51.13917],[-0.10246,51.13917],[-0.10245,51.13917],[-0.10233,51.13916]]],[[[-0.13095,51.13962],[-0.13095,51.13962],[-0.13095,51.13962],[-0.13097,51.13962],[-0.13099,51.13962],[-0.131,51.13964],[-0.13095,51.13962]]],[[[-0.12791,51.13956],[-0.12801,51.13955],[-0.12791,51.13956],[-0.12791,51.13956],[-0.12809,51.13955],[-0.12806,51.13955],[-0.12796,51.13956],[-0.12804,51.13956],[-0.12785,51.13959],[-0.1279,51.13956],[-0.12791,51.13956]]],[[[-0.10253,51.13917],[-0.10261,51.13917],[-0.10296,51.13919],[-0.10253,51.13917]]],[[[-0.10296,51.13919],[-0.10307,51.1392],[-0.1031,51.1392],[-0.10296,51.13919]]],[[[-0.13095,51.13962],[-0.13095,51.13962],[-0.13098,51.13966],[-0.13096,51.13965],[-0.13095,51.13962]]],[[[-0.10262,51.13917],[-0.10264,51.13917],[-0.10312,51.1392],[-0.10331,51.13921],[-0.10305,51.1392],[-0.10306,51.1392],[-0.10262,51.13917]]],[[[-0.10332,51.13921],[-0.10331,51.13921],[-0.10336,51.13921],[-0.10332,51.13921]]],[[[-0.10336,51.13921],[-0.10368,51.13923],[-0.1037,51.13923],[-0.10336,51.13921]]],[[[-0.12785,51.13959],[-0.12783,51.13961],[-0.1277,51.13962],[-0.12785,51.13959]]],[[[-0.1031,51.1392],[-0.10353,51.13923],[-0.10318,51.13921],[-0.1031,51.1392]]],[[[-0.10332,51.13921],[-0.10366,51.13924],[-0.10309,51.1392],[-0.10332,51.13921]]],[[[-0.13101,51.13967],[-0.131,51.13964],[-0.13103,51.13965],[-0.13104,51.13966],[-0.13104,51.13969],[-0.13101,51.13967]]],[[[-0.10379,51.13925],[-0.10366,51.13924],[-0.10392,51.13925],[-0.10379,51.13925]]],[[[-0.13098,51.13966],[-0.13101,51.13967],[-0.13102,51.1397],[-0.13098,51.13966]]],[[[-0.10353,51.13923],[-0.10379,51.13925],[-0.1044,51.13929],[-0.10353,51.13923]]],[[[-0.10523,51.13933],[-0.10392,51.13925],[-0.10553,51.13934],[-0.1055,51.13934],[-0.10523,51.13933]]],[[[-0.13105,51.13974],[-0.13104,51.13969],[-0.13105,51.13969],[-0.13108,51.13977],[-0.13105,51.13974]]],[[[-0.10523,51.13933],[-0.10547,51.13935],[-0.1054,51.13936],[-0.10441,51.13931],[-0.10523,51.13933]]],[[[-0.10547,51.13935],[-0.1055,51.13934],[-0.10597,51.13936],[-0.10605,51.13936],[-0.1062,51.13939],[-0.10612,51.13939],[-0.10547,51.13935]]],[[[-0.1054,51.13936],[-0.10586,51.13939],[-0.10526,51.13939],[-0.1054,51.13936]]],[[[-0.13102,51.1397],[-0.13105,51.13974],[-0.13106,51.13981],[-0.13102,51.1397]]],[[[-0.10623,51.1394],[-0.1062,51.13939],[-0.10631,51.13939],[-0.10655,51.13942],[-0.10623,51.1394]]],[[[-0.10586,51.13939],[-0.10612,51.13939],[-0.10623,51.1394],[-0.10634,51.13942],[-0.10586,51.13939]]],[[[-0.10678,51.13944],[-0.10655,51.13942],[-0.10682,51.13943],[-0.10698,51.13945],[-0.10678,51.13944]]],[[[-0.13108,51.13977],[-0.13112,51.13982],[-0.13112,51.13988],[-0.13108,51.13977]]],[[[-0.10698,51.13945],[-0.10711,51.13946],[-0.10728,51.13948],[-0.10744,51.13951],[-0.10698,51.13945]]],[[[-0.13112,51.13988],[-0.13113,51.1399],[-0.13112,51.13993],[-0.13112,51.13992],[-0.13112,51.13988]]],[[[-0.10753,51.13952],[-0.10744,51.13951],[-0.10804,51.13958],[-0.10753,51.13952]]],[[[-0.13106,51.13981],[-0.13112,51.13997],[-0.13112,51.13998],[-0.13113,51.14004],[-0.13108,51.13993],[-0.13106,51.13981]]],[[[-0.13112,51.13997],[-0.13112,51.13993],[-0.13116,51.14006],[-0.13116,51.14008],[-0.13112,51.13997]]],[[[-0.13113,51.14004],[-0.13118,51.14016],[-0.13118,51.14019],[-0.13113,51.14008],[-0.13113,51.14004]]],[[[-0.13118,51.14019],[-0.13121,51.14026],[-0.13119,51.14023],[-0.13118,51.14019]]],[[[-0.13127,51.14037],[-0.13127,51.14036],[-0.13127,51.14037],[-0.13127,51.14037]]],[[[-0.13125,51.14034],[-0.13124,51.14031],[-0.13123,51.14029],[-0.13118,51.14016],[-0.13116,51.14008],[-0.13127,51.14037],[-0.13127,51.14038],[-0.13125,51.14034]]],[[[-0.13121,51.14026],[-0.13123,51.14029],[-0.13125,51.14034],[-0.13127,51.14041],[-0.13121,51.14026]]],[[[-0.13127,51.14041],[-0.13127,51.14041],[-0.13127,51.14041],[-0.13127,51.14041]]],[[[-0.11,51.14006],[-0.1101,51.14008],[-0.11013,51.14009],[-0.11,51.14006],[-0.11,51.14006]]],[[[-0.1101,51.14008],[-0.1097,51.13994],[-0.11,51.14006],[-0.11,51.14006],[-0.10634,51.13942],[-0.10678,51.13944],[-0.10753,51.13952],[-0.10877,51.13975],[-0.10976,51.1399],[-0.11021,51.14009],[-0.1101,51.14008]]],[[[-0.13127,51.14041],[-0.13127,51.14038],[-0.13127,51.14039],[-0.13128,51.14043],[-0.13128,51.14043],[-0.13127,51.14041]]],[[[-0.13127,51.14039],[-0.13127,51.14037],[-0.1313,51.14046],[-0.13127,51.14039]]],[[[-0.12412,51.14036],[-0.12415,51.14036],[-0.1242,51.14036],[-0.12425,51.14036],[-0.12425,51.14036],[-0.12416,51.14037],[-0.12412,51.14036]]],[[[-0.1244,51.14039],[-0.12437,51.14037],[-0.12438,51.14037],[-0.12438,51.14038],[-0.1244,51.14039]]],[[[-0.1244,51.14039],[-0.1244,51.14039],[-0.1244,51.14039],[-0.1244,51.14039]]],[[[-0.12412,51.14036],[-0.12402,51.14039],[-0.12393,51.1404],[-0.12404,51.14037],[-0.12404,51.14037],[-0.12411,51.14036],[-0.12412,51.14036]]],[[[-0.12425,51.14036],[-0.12425,51.14036],[-0.1244,51.14039],[-0.12443,51.14042],[-0.12425,51.14036]]],[[[-0.12388,51.14041],[-0.12393,51.1404],[-0.1239,51.14041],[-0.12388,51.14041]]],[[[-0.12388,51.14041],[-0.12377,51.14042],[-0.12384,51.14039],[-0.12388,51.14041]]],[[[-0.11013,51.14009],[-0.11026,51.14011],[-0.11053,51.14022],[-0.11013,51.14009]]],[[[-0.12377,51.14042],[-0.12373,51.14044],[-0.12363,51.14044],[-0.12377,51.14042]]],[[[-0.12443,51.14042],[-0.12447,51.14043],[-0.12455,51.14049],[-0.12449,51.14047],[-0.12443,51.14042]]],[[[-0.12363,51.14044],[-0.12361,51.14044],[-0.1233,51.14047],[-0.12332,51.14046],[-0.12345,51.14044],[-0.12363,51.14044]]],[[[-0.1233,51.14047],[-0.1233,51.14048],[-0.1232,51.14048],[-0.12321,51.14048],[-0.1233,51.14047]]],[[[-0.13128,51.14043],[-0.13133,51.14055],[-0.13137,51.14065],[-0.1313,51.14051],[-0.13129,51.14049],[-0.13128,51.14043]]],[[[-0.12455,51.14049],[-0.12459,51.1405],[-0.12466,51.14057],[-0.12463,51.14055],[-0.12455,51.14049]]],[[[-0.12291,51.14054],[-0.12307,51.1405],[-0.12315,51.14049],[-0.1232,51.14048],[-0.123,51.14054],[-0.12291,51.14054]]],[[[-0.13137,51.14065],[-0.13138,51.14068],[-0.1314,51.14073],[-0.13141,51.14075],[-0.13139,51.14072],[-0.13137,51.14065]]],[[[-0.12291,51.14054],[-0.12261,51.14062],[-0.12245,51.14063],[-0.12258,51.14059],[-0.12258,51.14059],[-0.12271,51.14059],[-0.12289,51.14054],[-0.12291,51.14054]]],[[[-0.13138,51.14068],[-0.1313,51.14046],[-0.13145,51.1408],[-0.13145,51.14081],[-0.13138,51.14068]]],[[[-0.12478,51.14069],[-0.12466,51.14057],[-0.12471,51.1406],[-0.12473,51.14062],[-0.12481,51.14072],[-0.12478,51.14069]]],[[[-0.12245,51.14063],[-0.12234,51.14067],[-0.12206,51.14068],[-0.12224,51.14065],[-0.12233,51.14065],[-0.12245,51.14063]]],[[[-0.12202,51.14069],[-0.12203,51.14068],[-0.12204,51.14068],[-0.12206,51.14068],[-0.12202,51.14069],[-0.12202,51.14069]]],[[[-0.12202,51.14069],[-0.122,51.14069],[-0.12189,51.14071],[-0.12192,51.1407],[-0.12201,51.14069],[-0.12202,51.14069]]],[[[-0.12483,51.14074],[-0.12481,51.14072],[-0.12488,51.14077],[-0.12489,51.14079],[-0.12483,51.14074]]],[[[-0.12492,51.14082],[-0.12489,51.14079],[-0.12496,51.14085],[-0.12492,51.14082]]],[[[-0.12496,51.14085],[-0.12496,51.14085],[-0.12496,51.14085],[-0.12496,51.14085]]],[[[-0.12189,51.14071],[-0.12176,51.14074],[-0.12154,51.14079],[-0.1214,51.1408],[-0.12189,51.14071]]],[[[-0.13141,51.14075],[-0.13146,51.14085],[-0.13149,51.14091],[-0.13149,51.14096],[-0.13146,51.14089],[-0.13141,51.14075]]],[[[-0.1214,51.1408],[-0.12134,51.14081],[-0.1214,51.1408],[-0.1214,51.1408]]],[[[-0.12478,51.14069],[-0.12481,51.14072],[-0.12483,51.14074],[-0.12487,51.14078],[-0.12492,51.14082],[-0.12497,51.14089],[-0.12495,51.14088],[-0.12484,51.14079],[-0.12462,51.14055],[-0.12478,51.14069]]],[[[-0.12499,51.14089],[-0.12496,51.14085],[-0.125,51.14089],[-0.12499,51.14089]]],[[[-0.12571,51.14092],[-0.12584,51.14089],[-0.12584,51.14091],[-0.12571,51.14092]]],[[[-0.12555,51.14093],[-0.12555,51.14093],[-0.12555,51.14093],[-0.12555,51.14093]]],[[[-0.12555,51.14093],[-0.12557,51.14093],[-0.12554,51.14093],[-0.12555,51.14093]]],[[[-0.12557,51.14093],[-0.12571,51.14092],[-0.12565,51.14093],[-0.12563,51.14093],[-0.12557,51.14093]]],[[[-0.12497,51.14089],[-0.12499,51.14089],[-0.12502,51.14093],[-0.12501,51.14093],[-0.12497,51.14089]]],[[[-0.12554,51.14093],[-0.12552,51.14093],[-0.12541,51.14094],[-0.12547,51.14094],[-0.12554,51.14093]]],[[[-0.12541,51.14094],[-0.12533,51.14094],[-0.12529,51.14094],[-0.12541,51.14094]]],[[[-0.12525,51.14095],[-0.12526,51.14095],[-0.12526,51.14095],[-0.12529,51.14094],[-0.12525,51.14095],[-0.12525,51.14095]]],[[[-0.12525,51.14095],[-0.12517,51.14095],[-0.12519,51.14095],[-0.12524,51.14095],[-0.12525,51.14095]]],[[[-0.11053,51.14022],[-0.11204,51.14074],[-0.11185,51.14069],[-0.11181,51.14068],[-0.11177,51.14068],[-0.11141,51.14059],[-0.11053,51.14022]]],[[[-0.11893,51.14085],[-0.11882,51.14078],[-0.11926,51.14077],[-0.12036,51.14082],[-0.12105,51.14084],[-0.12109,51.14084],[-0.1209,51.14085],[-0.12089,51.14085],[-0.12038,51.14082],[-0.11988,51.14087],[-0.11902,51.14085],[-0.11893,51.14085]]],[[[-0.12517,51.14095],[-0.12517,51.14095],[-0.1251,51.14095],[-0.12517,51.14095]]],[[[-0.12509,51.14095],[-0.1251,51.14095],[-0.12509,51.14096],[-0.12509,51.14095]]],[[[-0.125,51.14089],[-0.12501,51.14089],[-0.12509,51.14095],[-0.12508,51.14096],[-0.125,51.14089]]],[[[-0.11204,51.14074],[-0.11215,51.14077],[-0.1122,51.14079],[-0.11204,51.14074]]],[[[-0.11215,51.14077],[-0.11201,51.14068],[-0.11225,51.14073],[-0.1125,51.14085],[-0.11215,51.14077]]],[[[-0.13149,51.14096],[-0.13157,51.14115],[-0.13161,51.14126],[-0.13158,51.14124],[-0.13155,51.14115],[-0.13154,51.14112],[-0.13149,51.14099],[-0.13149,51.14096]]],[[[-0.13161,51.14126],[-0.13162,51.14126],[-0.13165,51.14137],[-0.13165,51.14137],[-0.13161,51.14126]]],[[[-0.1125,51.14085],[-0.11347,51.14107],[-0.11284,51.14097],[-0.11264,51.14091],[-0.1125,51.14085]]],[[[-0.13165,51.14137],[-0.13167,51.14139],[-0.13167,51.1414],[-0.13167,51.14145],[-0.13165,51.14137]]],[[[-0.13167,51.14145],[-0.13169,51.14148],[-0.13174,51.14149],[-0.13175,51.14152],[-0.13168,51.1415],[-0.13168,51.14149],[-0.13167,51.14145]]],[[[-0.13194,51.14155],[-0.13197,51.14155],[-0.132,51.14156],[-0.13202,51.14156],[-0.13203,51.14156],[-0.13199,51.14156],[-0.13194,51.14155]]],[[[-0.11347,51.14107],[-0.11397,51.14116],[-0.11436,51.14128],[-0.11436,51.14128],[-0.11347,51.14107]]],[[[-0.13175,51.14152],[-0.13178,51.14153],[-0.1318,51.14155],[-0.13189,51.14155],[-0.13194,51.14155],[-0.13177,51.14156],[-0.13177,51.14156],[-0.13175,51.14152]]],[[[-0.13203,51.14156],[-0.13212,51.14158],[-0.13212,51.14158],[-0.13209,51.14158],[-0.13203,51.14156]]],[[[-0.13212,51.14158],[-0.13212,51.14158],[-0.13224,51.1416],[-0.13232,51.14162],[-0.13235,51.14163],[-0.13231,51.14162],[-0.13242,51.14165],[-0.13222,51.14162],[-0.1322,51.14161],[-0.13212,51.14158]]],[[[-0.13235,51.14163],[-0.13239,51.14163],[-0.13262,51.14167],[-0.13254,51.14167],[-0.13248,51.14166],[-0.13235,51.14163]]],[[[-0.13262,51.14167],[-0.13263,51.14167],[-0.13272,51.14169],[-0.13275,51.1417],[-0.13274,51.1417],[-0.13262,51.14167]]],[[[-0.13275,51.1417],[-0.13278,51.1417],[-0.13285,51.14171],[-0.13285,51.14172],[-0.13276,51.1417],[-0.13275,51.1417]]],[[[-0.13322,51.14172],[-0.1333,51.14171],[-0.13336,51.14173],[-0.13322,51.14172]]],[[[-0.1331,51.14173],[-0.13318,51.14172],[-0.13319,51.14172],[-0.13322,51.14172],[-0.13311,51.14173],[-0.1331,51.14173]]],[[[-0.13285,51.14171],[-0.13296,51.14171],[-0.13299,51.14171],[-0.1331,51.14173],[-0.13309,51.14173],[-0.13303,51.14173],[-0.13294,51.14172],[-0.13289,51.14171],[-0.13287,51.14172],[-0.13287,51.14172],[-0.13285,51.14171]]],[[[-0.13311,51.14173],[-0.13317,51.14174],[-0.13311,51.14173],[-0.13308,51.14173],[-0.13311,51.14173]]],[[[-0.13366,51.14176],[-0.13356,51.14174],[-0.13366,51.14176],[-0.13366,51.14176]]],[[[-0.13359,51.14177],[-0.13336,51.14173],[-0.13341,51.14173],[-0.13337,51.14172],[-0.13349,51.14173],[-0.13349,51.14173],[-0.1335,51.14173],[-0.13358,51.14174],[-0.13367,51.14176],[-0.13367,51.14177],[-0.13371,51.14178],[-0.13372,51.14178],[-0.13367,51.14177],[-0.13359,51.14177]]],[[[-0.13367,51.14176],[-0.13366,51.14176],[-0.13373,51.14178],[-0.13375,51.14178],[-0.13367,51.14176]]],[[[-0.13317,51.14174],[-0.13359,51.14177],[-0.13374,51.1418],[-0.13375,51.14181],[-0.13323,51.14175],[-0.13317,51.14174]]],[[[-0.13375,51.14178],[-0.13394,51.14183],[-0.13393,51.14183],[-0.13378,51.1418],[-0.13375,51.14178]]],[[[-0.13394,51.14183],[-0.13398,51.14183],[-0.13404,51.14184],[-0.13398,51.14183],[-0.13397,51.14183],[-0.13394,51.14183],[-0.13394,51.14183]]],[[[-0.13404,51.14184],[-0.13404,51.14184],[-0.13407,51.14185],[-0.13406,51.14185],[-0.13404,51.14184]]],[[[-0.11436,51.14128],[-0.11444,51.1413],[-0.11531,51.14157],[-0.11495,51.14151],[-0.11432,51.14136],[-0.11436,51.14128]]],[[[-0.13576,51.14192],[-0.13574,51.14192],[-0.13574,51.14192],[-0.13576,51.14192]]],[[[-0.13576,51.14192],[-0.1358,51.14192],[-0.13593,51.14194],[-0.13576,51.14192]]],[[[-0.13593,51.14194],[-0.13608,51.14195],[-0.13605,51.14195],[-0.13593,51.14194]]],[[[-0.13375,51.14181],[-0.13384,51.14182],[-0.13384,51.14182],[-0.13386,51.14183],[-0.13391,51.14183],[-0.13413,51.14187],[-0.13415,51.14187],[-0.13419,51.14188],[-0.13424,51.14189],[-0.13427,51.1419],[-0.13436,51.14191],[-0.13442,51.14192],[-0.13377,51.14182],[-0.13375,51.14181]]],[[[-0.13574,51.14192],[-0.13568,51.14193],[-0.13561,51.14193],[-0.13552,51.14194],[-0.13548,51.14194],[-0.13533,51.14193],[-0.13537,51.14193],[-0.13574,51.14192]]],[[[-0.13407,51.14185],[-0.13455,51.14193],[-0.13449,51.14193],[-0.13446,51.14192],[-0.13431,51.1419],[-0.13429,51.1419],[-0.13407,51.14185]]],[[[-0.13442,51.14192],[-0.13443,51.14193],[-0.13443,51.14193],[-0.13442,51.14192]]],[[[-0.13548,51.14194],[-0.13551,51.14194],[-0.13551,51.14194],[-0.13527,51.14194],[-0.13529,51.14194],[-0.13548,51.14194]]],[[[-0.13493,51.14194],[-0.13468,51.14193],[-0.13476,51.14193],[-0.13489,51.14193],[-0.13493,51.14194]]],[[[-0.13455,51.14193],[-0.13457,51.14193],[-0.13461,51.14193],[-0.13459,51.14193],[-0.13455,51.14193]]],[[[-0.13443,51.14193],[-0.13444,51.14193],[-0.13446,51.14193],[-0.13447,51.14193],[-0.13448,51.14193],[-0.13448,51.14193],[-0.13443,51.14193]]],[[[-0.13461,51.14193],[-0.13468,51.14193],[-0.13463,51.14194],[-0.13461,51.14193]]],[[[-0.13448,51.14193],[-0.13451,51.14193],[-0.13457,51.14194],[-0.13459,51.14194],[-0.13453,51.14194],[-0.13448,51.14193]]],[[[-0.13493,51.14194],[-0.13524,51.14194],[-0.13527,51.14194],[-0.1352,51.14195],[-0.13507,51.14195],[-0.13493,51.14194]]],[[[-0.11531,51.14157],[-0.11546,51.14159],[-0.11566,51.14164],[-0.11545,51.14161],[-0.11531,51.14157]]],[[[-0.13576,51.14196],[-0.13546,51.14196],[-0.13546,51.14196],[-0.13553,51.14195],[-0.13561,51.14195],[-0.13576,51.14196]]],[[[-0.13459,51.14194],[-0.13459,51.14194],[-0.13468,51.14195],[-0.13469,51.14195],[-0.13471,51.14195],[-0.13473,51.14195],[-0.13463,51.14195],[-0.13459,51.14194]]],[[[-0.13541,51.14196],[-0.13544,51.14196],[-0.13544,51.14196],[-0.13541,51.14196]]],[[[-0.13545,51.14196],[-0.13545,51.14196],[-0.13546,51.14196],[-0.13545,51.14196],[-0.13545,51.14196]]],[[[-0.13529,51.14196],[-0.1353,51.14196],[-0.13541,51.14196],[-0.1354,51.14196],[-0.13529,51.14196]]],[[[-0.13516,51.14196],[-0.13516,51.14196],[-0.13505,51.14195],[-0.13504,51.14195],[-0.13513,51.14196],[-0.13516,51.14196]]],[[[-0.13516,51.14196],[-0.13516,51.14196],[-0.13529,51.14196],[-0.13524,51.14196],[-0.13516,51.14196]]],[[[-0.13544,51.14196],[-0.13545,51.14196],[-0.13544,51.14196],[-0.13544,51.14196]]],[[[-0.13473,51.14195],[-0.13481,51.14195],[-0.1348,51.14195],[-0.13474,51.14195],[-0.13474,51.14195],[-0.13473,51.14195]]],[[[-0.13576,51.14196],[-0.13604,51.14196],[-0.1363,51.14198],[-0.13591,51.14197],[-0.13576,51.14196]]],[[[-0.13481,51.14195],[-0.13481,51.14195],[-0.13492,51.14195],[-0.13498,51.14195],[-0.13496,51.14195],[-0.13492,51.14196],[-0.13481,51.14195]]],[[[-0.13498,51.14195],[-0.13505,51.14195],[-0.13506,51.14196],[-0.13504,51.14196],[-0.13498,51.14195]]],[[[-0.1363,51.14198],[-0.13636,51.14198],[-0.13644,51.14199],[-0.1363,51.14198]]],[[[-0.13644,51.14199],[-0.13653,51.14199],[-0.13656,51.142],[-0.13644,51.14199]]],[[[-0.13608,51.14195],[-0.13641,51.14195],[-0.13658,51.14198],[-0.13666,51.142],[-0.13665,51.142],[-0.13664,51.142],[-0.13657,51.14198],[-0.13655,51.14198],[-0.13644,51.14196],[-0.13619,51.14195],[-0.13608,51.14195]]],[[[-0.13666,51.142],[-0.13666,51.142],[-0.13668,51.142],[-0.13668,51.142],[-0.13666,51.142]]],[[[-0.13666,51.142],[-0.13669,51.14201],[-0.13668,51.14201],[-0.13665,51.142],[-0.13666,51.142]]],[[[-0.13673,51.14202],[-0.13671,51.14201],[-0.13669,51.14201],[-0.13672,51.14201],[-0.13676,51.14202],[-0.13673,51.14202]]],[[[-0.13656,51.142],[-0.13669,51.14202],[-0.13672,51.14202],[-0.13671,51.14202],[-0.13664,51.14202],[-0.13656,51.142]]],[[[-0.13675,51.14202],[-0.13673,51.14202],[-0.13673,51.14202],[-0.13676,51.14202],[-0.13675,51.14202]]],[[[-0.13677,51.14203],[-0.13676,51.14202],[-0.1368,51.14203],[-0.13677,51.14203]]],[[[-0.11566,51.14164],[-0.11572,51.14165],[-0.11594,51.14169],[-0.11578,51.14168],[-0.11566,51.14164]]],[[[-0.1368,51.14203],[-0.13684,51.14203],[-0.13686,51.14203],[-0.13687,51.14204],[-0.1368,51.14203]]],[[[-0.13676,51.14202],[-0.13677,51.14203],[-0.13695,51.14206],[-0.13676,51.14202]]],[[[-0.11594,51.14169],[-0.11629,51.14173],[-0.11642,51.14176],[-0.11625,51.14175],[-0.11594,51.14169]]],[[[-0.13672,51.14202],[-0.13675,51.14202],[-0.13722,51.14214],[-0.13724,51.14215],[-0.13722,51.14215],[-0.13737,51.14219],[-0.13743,51.14221],[-0.13748,51.14224],[-0.1374,51.14221],[-0.13712,51.14212],[-0.13689,51.14207],[-0.13672,51.14202]]],[[[-0.13748,51.14224],[-0.13755,51.14226],[-0.13758,51.14227],[-0.1375,51.14225],[-0.13748,51.14224]]],[[[-0.13758,51.14227],[-0.13765,51.1423],[-0.13764,51.14232],[-0.13758,51.14227]]],[[[-0.13764,51.14232],[-0.13764,51.14232],[-0.13764,51.14233],[-0.13764,51.14232],[-0.13764,51.14232]]],[[[-0.13764,51.14233],[-0.13765,51.14233],[-0.13763,51.14238],[-0.1376,51.14244],[-0.1376,51.14243],[-0.13764,51.14233]]],[[[-0.1376,51.14244],[-0.13759,51.14249],[-0.13759,51.14249],[-0.13756,51.14252],[-0.1376,51.14244],[-0.1376,51.14244]]],[[[-0.13756,51.14252],[-0.13748,51.14273],[-0.1375,51.1426],[-0.13752,51.14257],[-0.13756,51.14252]]],[[[-0.13748,51.14273],[-0.13748,51.14273],[-0.13748,51.14273],[-0.13748,51.14273]]],[[[-0.13748,51.14273],[-0.13747,51.14275],[-0.13742,51.14285],[-0.13742,51.14284],[-0.13748,51.14273]]],[[[-0.13742,51.14285],[-0.13742,51.14286],[-0.1374,51.14291],[-0.13741,51.14287],[-0.13742,51.14285]]],[[[-0.1374,51.14291],[-0.13723,51.14335],[-0.13726,51.14326],[-0.13726,51.14326],[-0.13731,51.14314],[-0.13734,51.14304],[-0.1374,51.14291]]],[[[-0.13723,51.14335],[-0.13721,51.14346],[-0.13721,51.14342],[-0.13723,51.14335]]],[[[-0.13721,51.14346],[-0.1372,51.14353],[-0.13713,51.14375],[-0.13721,51.14346]]],[[[-0.13713,51.14375],[-0.13708,51.14391],[-0.13697,51.14422],[-0.13704,51.14402],[-0.13705,51.144],[-0.13708,51.14389],[-0.13708,51.14388],[-0.13712,51.14377],[-0.13713,51.14375]]],[[[-0.13697,51.14422],[-0.13696,51.14426],[-0.13696,51.14425],[-0.13697,51.14422]]],[[[-0.13696,51.14426],[-0.13695,51.1443],[-0.13696,51.14427],[-0.13696,51.14426]]],[[[-0.13695,51.1443],[-0.13694,51.14437],[-0.13693,51.14438],[-0.13695,51.1443]]],[[[-0.13692,51.14444],[-0.13692,51.14444],[-0.13692,51.14444],[-0.13693,51.14438],[-0.13689,51.14455],[-0.13688,51.14457],[-0.13692,51.14444]]],[[[-0.13692,51.14444],[-0.13692,51.14444],[-0.13688,51.14457],[-0.13687,51.14457],[-0.13692,51.14444]]],[[[-0.13687,51.14457],[-0.1368,51.14482],[-0.1368,51.14477],[-0.13683,51.14468],[-0.13684,51.14463],[-0.13686,51.14459],[-0.13687,51.14457]]],[[[-0.13688,51.14457],[-0.13688,51.14457],[-0.13679,51.14489],[-0.13679,51.14484],[-0.13688,51.14457]]],[[[-0.13679,51.14489],[-0.13678,51.14496],[-0.13667,51.14533],[-0.13667,51.14533],[-0.13679,51.14489]]],[[[-0.13653,51.14622],[-0.13653,51.14616],[-0.13655,51.14602],[-0.13656,51.14599],[-0.13653,51.14622]]],[[[-0.13653,51.14622],[-0.13652,51.14625],[-0.13647,51.14661],[-0.13647,51.14665],[-0.13645,51.14674],[-0.13653,51.14622]]],[[[-0.13645,51.14674],[-0.13645,51.14676],[-0.13642,51.14689],[-0.13643,51.14686],[-0.13645,51.14674]]],[[[-0.13642,51.14689],[-0.13639,51.14708],[-0.13637,51.14726],[-0.13633,51.1475],[-0.13634,51.14731],[-0.13642,51.14689]]],[[[-0.13633,51.1475],[-0.13633,51.14755],[-0.13631,51.14774],[-0.13631,51.14765],[-0.13631,51.14764],[-0.13633,51.1475]]],[[[-0.1363,51.1478],[-0.1363,51.14777],[-0.13631,51.14774],[-0.1363,51.14777],[-0.1363,51.1478],[-0.1363,51.1478]]],[[[-0.1363,51.1478],[-0.1363,51.14781],[-0.1363,51.14781],[-0.1363,51.14776],[-0.1363,51.1478]]],[[[-0.1363,51.14781],[-0.1363,51.14781],[-0.1363,51.1478],[-0.1363,51.14784],[-0.1363,51.14787],[-0.1363,51.14781]]],[[[-0.1363,51.14781],[-0.1363,51.14781],[-0.13629,51.14804],[-0.13628,51.14795],[-0.13628,51.14794],[-0.1363,51.14781]]],[[[-0.13629,51.14804],[-0.13629,51.14804],[-0.13628,51.14811],[-0.13628,51.14811],[-0.13629,51.14804]]],[[[-0.1363,51.14787],[-0.1363,51.14813],[-0.1363,51.14812],[-0.13629,51.14805],[-0.1363,51.14787]]],[[[-0.13629,51.14901],[-0.13629,51.14901],[-0.13629,51.149],[-0.13629,51.1489],[-0.13629,51.14894],[-0.13629,51.14901]]],[[[-0.13629,51.14901],[-0.13629,51.14901],[-0.13629,51.14901],[-0.13629,51.14899],[-0.13629,51.14905],[-0.13629,51.14905],[-0.13629,51.14905],[-0.13628,51.14908],[-0.13628,51.14915],[-0.13628,51.14916],[-0.13627,51.14916],[-0.13627,51.14916],[-0.13628,51.14903],[-0.13629,51.14901]]],[[[-0.13625,51.14925],[-0.13625,51.14921],[-0.13625,51.14918],[-0.13626,51.14917],[-0.13625,51.14925]]],[[[-0.13628,51.14915],[-0.13628,51.14915],[-0.13627,51.1493],[-0.13627,51.14923],[-0.13627,51.14921],[-0.13628,51.14915]]],[[[-0.13625,51.14934],[-0.13626,51.14931],[-0.13626,51.14931],[-0.13625,51.14934],[-0.13625,51.14934]]],[[[-0.13628,51.14934],[-0.13628,51.14933],[-0.13628,51.14935],[-0.13628,51.14934]]],[[[-0.13626,51.14931],[-0.13626,51.14922],[-0.13626,51.14931],[-0.13625,51.14923],[-0.13626,51.14917],[-0.13627,51.14916],[-0.13626,51.14927],[-0.13626,51.1493],[-0.13626,51.14935],[-0.13626,51.14931]]],[[[-0.13627,51.1493],[-0.13628,51.14934],[-0.13627,51.14936],[-0.13627,51.1493]]],[[[-0.13628,51.14935],[-0.13628,51.1494],[-0.13627,51.14938],[-0.13628,51.14935]]],[[[-0.13628,51.1494],[-0.13628,51.1494],[-0.13628,51.1494],[-0.13628,51.1494]]],[[[-0.13628,51.1494],[-0.13629,51.14926],[-0.1363,51.14926],[-0.13628,51.14941],[-0.13628,51.1494]]],[[[-0.13624,51.14938],[-0.13625,51.14925],[-0.13625,51.14934],[-0.13624,51.14943],[-0.13624,51.14938]]],[[[-0.13624,51.14938],[-0.13623,51.1495],[-0.13622,51.14948],[-0.13624,51.14934],[-0.13624,51.14938]]],[[[-0.13628,51.14941],[-0.13629,51.14945],[-0.13628,51.14952],[-0.13628,51.1495],[-0.13628,51.14944],[-0.13628,51.14943],[-0.13628,51.14941]]],[[[-0.13632,51.14944],[-0.13632,51.14941],[-0.13632,51.1495],[-0.13631,51.14952],[-0.13632,51.14944]]],[[[-0.13632,51.1495],[-0.13632,51.14949],[-0.13631,51.14952],[-0.13632,51.1495]]],[[[-0.13629,51.14945],[-0.13634,51.14908],[-0.13634,51.14921],[-0.13631,51.14944],[-0.13629,51.14956],[-0.13629,51.14956],[-0.1363,51.14947],[-0.13629,51.14945]]],[[[-0.13631,51.14944],[-0.13632,51.14937],[-0.13632,51.14944],[-0.1363,51.14959],[-0.13629,51.14957],[-0.13631,51.14949],[-0.13631,51.14944]]],[[[-0.13631,51.14963],[-0.13631,51.14956],[-0.13631,51.14952],[-0.13631,51.14963],[-0.13631,51.14963]]],[[[-0.13629,51.1497],[-0.1363,51.14962],[-0.13631,51.14963],[-0.1363,51.14967],[-0.1363,51.14971],[-0.13629,51.1497]]],[[[-0.13629,51.1497],[-0.13628,51.14983],[-0.13627,51.14986],[-0.13627,51.1498],[-0.13629,51.14968],[-0.13629,51.1497]]],[[[-0.13623,51.1495],[-0.13624,51.14951],[-0.1362,51.14991],[-0.13623,51.1495]]],[[[-0.13627,51.14986],[-0.13627,51.14986],[-0.13625,51.1501],[-0.13625,51.15006],[-0.13626,51.14998],[-0.13627,51.14986]]],[[[-0.13618,51.15009],[-0.1362,51.14991],[-0.13619,51.15004],[-0.13618,51.15012],[-0.13618,51.15009]]],[[[-0.13625,51.1501],[-0.13624,51.15012],[-0.13624,51.15012],[-0.13624,51.1501],[-0.13625,51.1501]]],[[[-0.13618,51.15009],[-0.13617,51.15019],[-0.13619,51.14966],[-0.13619,51.14962],[-0.13618,51.15009]]],[[[-0.13624,51.15012],[-0.13625,51.15012],[-0.13624,51.15021],[-0.13623,51.15025],[-0.13624,51.15012]]],[[[-0.13623,51.15025],[-0.13622,51.15031],[-0.13622,51.15028],[-0.13622,51.15027],[-0.13623,51.15025]]],[[[-0.13622,51.15031],[-0.13622,51.15032],[-0.13622,51.15034],[-0.13622,51.15035],[-0.13622,51.15031]]],[[[-0.13622,51.15035],[-0.13621,51.15042],[-0.13621,51.15044],[-0.13621,51.15036],[-0.13622,51.15035]]],[[[-0.1362,51.1505],[-0.13621,51.15044],[-0.1362,51.15046],[-0.1362,51.15052],[-0.1362,51.1505]]],[[[-0.1362,51.1505],[-0.13616,51.15081],[-0.13616,51.15062],[-0.13621,51.15041],[-0.1362,51.1505]]],[[[-0.13616,51.15081],[-0.13616,51.15081],[-0.13616,51.15081],[-0.13616,51.15081]]],[[[-0.13617,51.15019],[-0.13617,51.15022],[-0.13615,51.15042],[-0.13615,51.15043],[-0.13615,51.15044],[-0.13611,51.15085],[-0.1361,51.15089],[-0.13617,51.15019]]],[[[-0.13614,51.15091],[-0.13615,51.15083],[-0.13616,51.15081],[-0.13614,51.15093],[-0.13614,51.15091]]],[[[-0.1361,51.15089],[-0.1361,51.1509],[-0.13611,51.15087],[-0.13611,51.15088],[-0.13609,51.15096],[-0.1361,51.15096],[-0.13609,51.15097],[-0.13609,51.15099],[-0.13609,51.15096],[-0.1361,51.15089]]],[[[-0.13609,51.15099],[-0.13609,51.151],[-0.13607,51.15107],[-0.13608,51.15104],[-0.13609,51.15099]]],[[[-0.13614,51.15091],[-0.13614,51.15093],[-0.13613,51.15104],[-0.13609,51.15128],[-0.13612,51.15103],[-0.13614,51.15086],[-0.13615,51.15084],[-0.13614,51.15091]]],[[[-0.13609,51.1513],[-0.13609,51.15128],[-0.13609,51.15131],[-0.13609,51.1513]]],[[[-0.13607,51.15107],[-0.13607,51.15119],[-0.13604,51.15136],[-0.13603,51.15134],[-0.13605,51.1512],[-0.13607,51.15107]]],[[[-0.13607,51.15119],[-0.13609,51.15104],[-0.13609,51.15108],[-0.13608,51.15112],[-0.13606,51.15139],[-0.13605,51.15138],[-0.13607,51.15119]]],[[[-0.13607,51.15141],[-0.13609,51.15125],[-0.13609,51.1513],[-0.13607,51.15142],[-0.13607,51.15141]]],[[[-0.13606,51.15139],[-0.13606,51.15141],[-0.13604,51.1516],[-0.13604,51.15154],[-0.13604,51.15153],[-0.13606,51.15139]]],[[[-0.13602,51.15174],[-0.13602,51.15173],[-0.13602,51.1517],[-0.13604,51.1516],[-0.13604,51.15162],[-0.13606,51.15141],[-0.13607,51.15141],[-0.13605,51.15157],[-0.13602,51.15175],[-0.13602,51.15174],[-0.13602,51.15174]]],[[[-0.13605,51.15157],[-0.13607,51.15142],[-0.13607,51.15143],[-0.13606,51.15159],[-0.13603,51.15173],[-0.13604,51.15166],[-0.13602,51.15177],[-0.13602,51.15178],[-0.13605,51.15157]]],[[[-0.13602,51.15174],[-0.13602,51.15176],[-0.13601,51.15179],[-0.13602,51.15177],[-0.13602,51.15174]]],[[[-0.13601,51.15179],[-0.136,51.15186],[-0.136,51.15188],[-0.136,51.15185],[-0.13601,51.15179]]],[[[-0.13602,51.15177],[-0.13603,51.15173],[-0.13598,51.15221],[-0.13601,51.15187],[-0.13602,51.15177]]],[[[-0.13598,51.15221],[-0.13598,51.15222],[-0.13598,51.15222],[-0.13598,51.15221]]],[[[-0.13595,51.15225],[-0.136,51.15186],[-0.13601,51.15182],[-0.136,51.15195],[-0.136,51.15196],[-0.13595,51.15227],[-0.13595,51.15225]]],[[[-0.13595,51.15225],[-0.13594,51.15233],[-0.13593,51.15237],[-0.13594,51.1523],[-0.13595,51.15221],[-0.13595,51.15225]]],[[[-0.13598,51.15222],[-0.13596,51.1524],[-0.13595,51.15246],[-0.13594,51.15242],[-0.13595,51.1523],[-0.13596,51.15229],[-0.13596,51.15231],[-0.13596,51.15228],[-0.13598,51.15222]]],[[[-0.13596,51.1524],[-0.13596,51.15237],[-0.13596,51.15246],[-0.13595,51.15249],[-0.13595,51.15248],[-0.13596,51.1524]]],[[[-0.13595,51.15249],[-0.13595,51.1525],[-0.13594,51.15261],[-0.13593,51.15269],[-0.13594,51.15257],[-0.13595,51.15249]]],[[[-0.13593,51.15269],[-0.13592,51.15272],[-0.13591,51.15277],[-0.13593,51.15269]]],[[[-0.13591,51.15277],[-0.13591,51.15278],[-0.13591,51.15278],[-0.13591,51.15277]]],[[[-0.13593,51.15237],[-0.13589,51.15273],[-0.13589,51.15276],[-0.13584,51.15301],[-0.13585,51.15289],[-0.13593,51.15239],[-0.13593,51.15237]]],[[[-0.13591,51.15278],[-0.13587,51.15302],[-0.13586,51.15309],[-0.13586,51.15305],[-0.13587,51.15297],[-0.13591,51.15278]]],[[[-0.13584,51.15301],[-0.13583,51.15311],[-0.13581,51.15316],[-0.13581,51.15319],[-0.13583,51.15308],[-0.13584,51.15301]]],[[[-0.13587,51.15302],[-0.13588,51.15299],[-0.13587,51.15309],[-0.13585,51.15319],[-0.13587,51.15302]]],[[[-0.13585,51.15319],[-0.13585,51.1532],[-0.13585,51.15319],[-0.13585,51.15319]]],[[[-0.13579,51.15329],[-0.13581,51.15319],[-0.13579,51.15331],[-0.13579,51.15329]]],[[[-0.13585,51.1532],[-0.13583,51.15339],[-0.13581,51.1535],[-0.13582,51.15337],[-0.13585,51.1532]]],[[[-0.13581,51.1535],[-0.13581,51.15354],[-0.1358,51.15353],[-0.13581,51.1535]]],[[[-0.13581,51.15354],[-0.13581,51.15354],[-0.13581,51.15354],[-0.13581,51.15354]]],[[[-0.13579,51.15329],[-0.13579,51.15333],[-0.13579,51.15332],[-0.13577,51.15348],[-0.13573,51.15373],[-0.1358,51.15326],[-0.13579,51.15329]]],[[[-0.13581,51.15354],[-0.13579,51.15369],[-0.13578,51.15375],[-0.13578,51.15367],[-0.13578,51.15367],[-0.13581,51.15354]]],[[[-0.13577,51.15386],[-0.13577,51.15384],[-0.13576,51.15394],[-0.13577,51.15386]]],[[[-0.13575,51.15403],[-0.13576,51.15398],[-0.13576,51.15398],[-0.13575,51.15403],[-0.13575,51.15403]]],[[[-0.13578,51.15375],[-0.13577,51.15386],[-0.13573,51.15403],[-0.13575,51.15386],[-0.13578,51.15375]]],[[[-0.13573,51.15403],[-0.13572,51.15408],[-0.13572,51.15409],[-0.13572,51.15406],[-0.13573,51.15403]]],[[[-0.13572,51.15408],[-0.13575,51.15403],[-0.13573,51.15408],[-0.1357,51.15424],[-0.1357,51.1542],[-0.13572,51.15408]]],[[[-0.13568,51.154],[-0.13573,51.15373],[-0.13564,51.15426],[-0.13564,51.15427],[-0.13568,51.154]]],[[[-0.1357,51.15424],[-0.13568,51.15432],[-0.13567,51.15438],[-0.13568,51.15431],[-0.1357,51.15424]]],[[[-0.13567,51.15438],[-0.13567,51.15438],[-0.13564,51.15451],[-0.13564,51.1545],[-0.13567,51.15438]]],[[[-0.13564,51.15451],[-0.13564,51.15452],[-0.13563,51.15455],[-0.13564,51.15451]]],[[[-0.13563,51.15455],[-0.13562,51.15462],[-0.13562,51.15462],[-0.13563,51.15455],[-0.13563,51.15455]]],[[[-0.13562,51.15462],[-0.13562,51.15463],[-0.1356,51.1547],[-0.13562,51.15462]]],[[[-0.1356,51.1547],[-0.13559,51.15476],[-0.13559,51.15476],[-0.1356,51.15471],[-0.1356,51.1547]]],[[[-0.13559,51.15476],[-0.13558,51.15478],[-0.13559,51.15477],[-0.13559,51.15476]]],[[[-0.13558,51.15478],[-0.13558,51.15479],[-0.13555,51.15494],[-0.13555,51.15494],[-0.13558,51.15478]]],[[[-0.13551,51.15492],[-0.13565,51.15399],[-0.13574,51.15354],[-0.13568,51.154],[-0.13562,51.15431],[-0.13562,51.15432],[-0.13562,51.15433],[-0.13552,51.15493],[-0.13551,51.15495],[-0.13551,51.15492]]],[[[-0.13551,51.15492],[-0.13551,51.15495],[-0.13549,51.15502],[-0.13551,51.15491],[-0.13561,51.15423],[-0.13551,51.15492]]],[[[-0.13555,51.15494],[-0.13556,51.15492],[-0.13555,51.15496],[-0.13553,51.15504],[-0.13554,51.15499],[-0.13555,51.15494]]],[[[-0.13553,51.15504],[-0.13552,51.15507],[-0.13552,51.15506],[-0.13553,51.15504]]],[[[-0.13547,51.15531],[-0.13552,51.15507],[-0.13552,51.15511],[-0.13547,51.15532],[-0.13547,51.15531]]],[[[-0.13549,51.15502],[-0.13545,51.15525],[-0.13543,51.15533],[-0.13544,51.15518],[-0.13549,51.15502]]],[[[-0.13547,51.15531],[-0.13546,51.1554],[-0.13546,51.15536],[-0.13547,51.1553],[-0.13548,51.15528],[-0.13547,51.15531]]],[[[-0.13546,51.1554],[-0.13545,51.15541],[-0.13545,51.15544],[-0.13546,51.1554]]],[[[-0.13545,51.15544],[-0.13544,51.15548],[-0.13544,51.15546],[-0.13545,51.15544]]],[[[-0.13544,51.15548],[-0.13543,51.15551],[-0.13543,51.15552],[-0.13543,51.15552],[-0.13544,51.15548]]],[[[-0.13543,51.15553],[-0.13543,51.15552],[-0.13543,51.15553],[-0.13543,51.15553]]],[[[-0.13543,51.15553],[-0.13542,51.15555],[-0.13543,51.15553],[-0.13543,51.15553]]],[[[-0.13542,51.15555],[-0.13542,51.15556],[-0.13542,51.15557],[-0.13542,51.15557],[-0.13542,51.15555]]],[[[-0.13543,51.15533],[-0.13543,51.15537],[-0.13542,51.15542],[-0.1354,51.1555],[-0.13537,51.15558],[-0.13543,51.15533]]],[[[-0.13542,51.15556],[-0.13543,51.15555],[-0.1354,51.1557],[-0.1354,51.15566],[-0.13541,51.1556],[-0.13542,51.15556]]],[[[-0.13536,51.15568],[-0.13536,51.15567],[-0.13535,51.15573],[-0.13536,51.15568]]],[[[-0.13537,51.15558],[-0.13536,51.15564],[-0.13539,51.15554],[-0.13536,51.15568],[-0.13532,51.15575],[-0.13537,51.15558]]],[[[-0.1354,51.1557],[-0.1354,51.15576],[-0.13538,51.15583],[-0.1354,51.1557]]],[[[-0.13538,51.15583],[-0.13535,51.15599],[-0.13534,51.15602],[-0.13534,51.15596],[-0.13534,51.15596],[-0.13536,51.15588],[-0.13538,51.15583]]],[[[-0.13535,51.15573],[-0.13529,51.15598],[-0.13527,51.15603],[-0.13535,51.15573]]],[[[-0.13523,51.15624],[-0.13523,51.15625],[-0.13524,51.15618],[-0.13523,51.15624]]],[[[-0.13523,51.15624],[-0.13529,51.15598],[-0.1353,51.15595],[-0.13523,51.15628],[-0.13523,51.15624]]],[[[-0.13527,51.15634],[-0.13526,51.15638],[-0.1353,51.15622],[-0.13529,51.15627],[-0.13527,51.15634]]],[[[-0.13523,51.15625],[-0.13522,51.15629],[-0.13522,51.15631],[-0.1352,51.15639],[-0.13523,51.15625]]],[[[-0.13534,51.15602],[-0.13533,51.15604],[-0.13527,51.15631],[-0.13525,51.15639],[-0.13524,51.15641],[-0.13526,51.15632],[-0.13534,51.15602]]],[[[-0.13525,51.15639],[-0.13526,51.15638],[-0.13525,51.15641],[-0.13525,51.15639]]],[[[-0.1352,51.15639],[-0.13519,51.15644],[-0.13519,51.15643],[-0.1352,51.15639]]],[[[-0.13527,51.15634],[-0.13528,51.15633],[-0.13527,51.15639],[-0.13524,51.15645],[-0.13527,51.15634]]],[[[-0.13524,51.15645],[-0.13521,51.15659],[-0.13521,51.15656],[-0.13523,51.15649],[-0.13524,51.15645]]],[[[-0.13521,51.15659],[-0.13519,51.15666],[-0.13519,51.15665],[-0.1352,51.15662],[-0.13521,51.15659]]],[[[-0.13519,51.15666],[-0.13519,51.15674],[-0.13516,51.15682],[-0.13517,51.15678],[-0.13519,51.15666]]],[[[-0.13516,51.15682],[-0.13516,51.15682],[-0.13516,51.15683],[-0.13516,51.15682]]],[[[-0.13516,51.15682],[-0.13515,51.15685],[-0.13516,51.1568],[-0.13516,51.15682]]],[[[-0.13515,51.15685],[-0.13513,51.15694],[-0.13515,51.15687],[-0.13515,51.15685]]],[[[-0.13519,51.15644],[-0.13518,51.15647],[-0.13515,51.15664],[-0.13505,51.15705],[-0.13506,51.15701],[-0.13519,51.15644]]],[[[-0.13505,51.15705],[-0.13504,51.15712],[-0.13501,51.1572],[-0.13502,51.15718],[-0.13505,51.15705]]],[[[-0.13513,51.15694],[-0.13509,51.1572],[-0.13506,51.1573],[-0.13513,51.15694]]],[[[-0.13501,51.1572],[-0.13499,51.15731],[-0.13498,51.15734],[-0.13501,51.15721],[-0.13501,51.1572]]],[[[-0.13498,51.15734],[-0.13497,51.15741],[-0.13496,51.15743],[-0.13498,51.15734]]],[[[-0.13496,51.15743],[-0.13495,51.15745],[-0.13495,51.15743],[-0.13496,51.15743]]],[[[-0.13506,51.1573],[-0.13505,51.15736],[-0.13503,51.15742],[-0.13499,51.15756],[-0.13506,51.1573]]],[[[-0.13495,51.15745],[-0.13494,51.15751],[-0.13491,51.15761],[-0.13495,51.15745]]],[[[-0.13494,51.15751],[-0.13495,51.15748],[-0.13492,51.15762],[-0.13494,51.15751]]],[[[-0.13499,51.15756],[-0.13496,51.15764],[-0.13497,51.15762],[-0.13499,51.15756]]],[[[-0.13496,51.15764],[-0.13496,51.15768],[-0.13494,51.15774],[-0.13494,51.15774],[-0.13495,51.15769],[-0.13496,51.15764]]],[[[-0.13494,51.15774],[-0.13493,51.15777],[-0.13493,51.15778],[-0.13492,51.1578],[-0.13494,51.15774]]],[[[-0.13492,51.15762],[-0.13485,51.15793],[-0.13484,51.15796],[-0.13483,51.15799],[-0.13492,51.15762]]],[[[-0.13483,51.15799],[-0.13482,51.15803],[-0.1348,51.15805],[-0.13483,51.15799]]],[[[-0.13493,51.15778],[-0.13493,51.15777],[-0.13491,51.15794],[-0.13484,51.15814],[-0.13489,51.15791],[-0.13489,51.15789],[-0.13493,51.15778]]],[[[-0.13482,51.15803],[-0.13483,51.15802],[-0.1348,51.15812],[-0.13479,51.15815],[-0.13482,51.15803]]],[[[-0.13479,51.15815],[-0.13477,51.15823],[-0.13476,51.15829],[-0.13477,51.15823],[-0.13479,51.15815]]],[[[-0.13484,51.15814],[-0.1348,51.15834],[-0.1348,51.15833],[-0.13481,51.15823],[-0.13482,51.1582],[-0.13484,51.15814]]],[[[-0.13476,51.15829],[-0.13476,51.15831],[-0.13473,51.15839],[-0.13475,51.15833],[-0.13473,51.15848],[-0.1347,51.15861],[-0.13469,51.15856],[-0.13476,51.15829]]],[[[-0.1347,51.15861],[-0.13471,51.15863],[-0.1347,51.15871],[-0.13469,51.15868],[-0.13469,51.15867],[-0.1347,51.15861]]],[[[-0.1347,51.15871],[-0.13471,51.15875],[-0.13471,51.15876],[-0.1347,51.15871],[-0.1347,51.15871]]],[[[-0.1348,51.15834],[-0.13481,51.1586],[-0.13479,51.15877],[-0.13478,51.15849],[-0.13479,51.15835],[-0.1348,51.15834]]],[[[-0.13479,51.15877],[-0.13479,51.15877],[-0.13479,51.15877],[-0.13479,51.15877]]],[[[-0.13471,51.15876],[-0.13471,51.15876],[-0.13471,51.15875],[-0.13473,51.15884],[-0.13472,51.15892],[-0.13469,51.15887],[-0.13471,51.15876]]],[[[-0.13479,51.15877],[-0.13483,51.1589],[-0.13484,51.15906],[-0.1348,51.15891],[-0.1348,51.15889],[-0.13479,51.15877]]],[[[-0.13472,51.15892],[-0.13475,51.15897],[-0.13475,51.15906],[-0.13471,51.15899],[-0.13472,51.15892]]],[[[-0.13484,51.15906],[-0.13488,51.15919],[-0.13485,51.15913],[-0.13484,51.15906]]],[[[-0.13475,51.15906],[-0.1348,51.15916],[-0.1348,51.15919],[-0.13477,51.15916],[-0.13474,51.1591],[-0.13475,51.15906]]],[[[-0.1348,51.15919],[-0.13481,51.15921],[-0.13481,51.15924],[-0.1348,51.15922],[-0.1348,51.15919]]],[[[-0.13481,51.15924],[-0.13481,51.15924],[-0.13482,51.15925],[-0.13483,51.15928],[-0.13484,51.15939],[-0.13482,51.15939],[-0.13481,51.15924]]],[[[-0.13488,51.15919],[-0.13498,51.15934],[-0.13499,51.15939],[-0.13499,51.1594],[-0.13493,51.15935],[-0.13488,51.15919]]],[[[-0.13484,51.15939],[-0.13485,51.1594],[-0.13485,51.15941],[-0.13484,51.15941],[-0.13484,51.15939]]],[[[-0.13485,51.15941],[-0.13487,51.15942],[-0.13487,51.15942],[-0.13486,51.15942],[-0.13485,51.15941]]],[[[-0.13487,51.15942],[-0.13489,51.15943],[-0.13488,51.15944],[-0.13487,51.15943],[-0.13487,51.15942]]],[[[-0.13489,51.15943],[-0.13489,51.15942],[-0.13495,51.15945],[-0.13489,51.15943]]],[[[-0.13499,51.1594],[-0.135,51.15941],[-0.13501,51.15945],[-0.135,51.15944],[-0.13499,51.15943],[-0.13499,51.1594]]],[[[-0.13495,51.15945],[-0.13497,51.15945],[-0.13497,51.15945],[-0.13495,51.15945]]],[[[-0.13497,51.15945],[-0.13498,51.15946],[-0.13498,51.15948],[-0.13497,51.15948],[-0.13497,51.15945]]],[[[-0.13501,51.15945],[-0.13505,51.15946],[-0.13507,51.15949],[-0.13502,51.15947],[-0.13501,51.15947],[-0.13501,51.15946],[-0.13502,51.15947],[-0.13501,51.15945]]],[[[-0.13498,51.15948],[-0.13505,51.15951],[-0.13505,51.15951],[-0.13498,51.1595],[-0.13498,51.15949],[-0.13498,51.15948]]],[[[-0.13507,51.15949],[-0.1351,51.1595],[-0.13512,51.15952],[-0.13509,51.15951],[-0.13508,51.1595],[-0.13507,51.15949]]],[[[-0.13512,51.15952],[-0.13514,51.15952],[-0.13512,51.15952],[-0.13512,51.15952]]],[[[-0.13505,51.15951],[-0.13506,51.15951],[-0.13508,51.15952],[-0.13505,51.15952],[-0.13505,51.15951]]],[[[-0.13508,51.15952],[-0.13509,51.15953],[-0.13509,51.15953],[-0.13508,51.15952]]],[[[-0.13514,51.15952],[-0.13517,51.15952],[-0.13519,51.15953],[-0.13514,51.15952]]],[[[-0.13522,51.15954],[-0.13519,51.15953],[-0.1353,51.15955],[-0.13529,51.15955],[-0.13522,51.15954]]],[[[-0.13509,51.15953],[-0.13509,51.15952],[-0.13522,51.15954],[-0.13527,51.15956],[-0.13524,51.15955],[-0.13509,51.15953]]],[[[-0.1353,51.15955],[-0.13533,51.15956],[-0.13535,51.15956],[-0.1353,51.15955]]],[[[-0.13538,51.15957],[-0.13535,51.15956],[-0.1354,51.15958],[-0.13538,51.15957]]],[[[-0.13527,51.15956],[-0.13537,51.15957],[-0.13538,51.15957],[-0.13543,51.15959],[-0.13534,51.15958],[-0.13527,51.15956]]],[[[-0.13543,51.15959],[-0.13554,51.1596],[-0.1356,51.15962],[-0.13548,51.15961],[-0.13543,51.15959]]],[[[-0.13577,51.15963],[-0.13554,51.1596],[-0.1354,51.15958],[-0.13565,51.15959],[-0.13582,51.15961],[-0.13598,51.15964],[-0.13577,51.15963]]],[[[-0.1356,51.15962],[-0.13577,51.15963],[-0.13608,51.15966],[-0.13621,51.15968],[-0.13572,51.15964],[-0.1356,51.15962]]],[[[-0.13621,51.15968],[-0.13629,51.15969],[-0.13622,51.15968],[-0.13621,51.15968]]],[[[-0.13608,51.15966],[-0.13598,51.15964],[-0.13622,51.15966],[-0.13699,51.15974],[-0.13715,51.15977],[-0.13696,51.15975],[-0.13608,51.15966]]],[[[-0.13715,51.15977],[-0.13724,51.15978],[-0.13733,51.15979],[-0.13721,51.15978],[-0.13715,51.15977]]],[[[-0.13733,51.15979],[-0.13748,51.15981],[-0.13743,51.15981],[-0.13733,51.15979]]],[[[-0.16065,51.17165],[-0.16065,51.17155],[-0.16066,51.17138],[-0.16065,51.17165]]],[[[-0.16065,51.17165],[-0.16067,51.17213],[-0.16065,51.17219],[-0.16064,51.17188],[-0.16065,51.17165]]],[[[-0.15322,51.19622],[-0.15322,51.19621],[-0.15322,51.19621],[-0.15322,51.19622]]],[[[-0.15322,51.19622],[-0.15322,51.19623],[-0.15322,51.19625],[-0.15322,51.19625],[-0.15322,51.19622]]],[[[-0.15343,51.19665],[-0.15343,51.19664],[-0.15342,51.1966],[-0.15339,51.19652],[-0.15339,51.19653],[-0.15342,51.19659],[-0.15343,51.19665]]],[[[-0.15343,51.19665],[-0.15353,51.19685],[-0.15355,51.19689],[-0.15355,51.19689],[-0.15354,51.19689],[-0.15345,51.19669],[-0.15343,51.19665]]],[[[-0.15355,51.19689],[-0.15355,51.19689],[-0.15358,51.19695],[-0.15361,51.19702],[-0.15355,51.19689]]],[[[-0.15361,51.19702],[-0.15361,51.19703],[-0.15361,51.19704],[-0.15361,51.19702]]],[[[-0.15361,51.19704],[-0.15361,51.19704],[-0.15361,51.19704],[-0.15361,51.19704]]],[[[-0.15361,51.19704],[-0.15365,51.19711],[-0.15367,51.19715],[-0.15365,51.19711],[-0.15362,51.19705],[-0.15361,51.19704]]],[[[-0.15367,51.19715],[-0.15368,51.19717],[-0.1537,51.1972],[-0.15377,51.19734],[-0.15385,51.19749],[-0.15378,51.19738],[-0.15367,51.19715]]],[[[-0.15385,51.19749],[-0.15387,51.19753],[-0.15386,51.19751],[-0.15385,51.19749]]],[[[-0.15387,51.19753],[-0.15389,51.19756],[-0.15393,51.19764],[-0.15397,51.19776],[-0.15401,51.19791],[-0.15393,51.19763],[-0.15387,51.19753]]],[[[-0.15401,51.19791],[-0.15401,51.19792],[-0.15402,51.19795],[-0.15401,51.19791]]],[[[-0.15402,51.19795],[-0.15409,51.19822],[-0.1541,51.19828],[-0.15402,51.19795]]],[[[-0.1541,51.19828],[-0.15412,51.1984],[-0.15414,51.19848],[-0.15417,51.19885],[-0.1541,51.19828]]],[[[-0.15417,51.19885],[-0.15424,51.19947],[-0.15424,51.1995],[-0.15425,51.19959],[-0.15424,51.19993],[-0.15424,51.20003],[-0.15424,51.20005],[-0.15424,51.20009],[-0.15423,51.20002],[-0.15424,51.19989],[-0.15417,51.19885]]],[[[-0.15424,51.20009],[-0.15424,51.2001],[-0.15424,51.20013],[-0.15423,51.20022],[-0.15424,51.20009]]],[[[-0.10316,51.21563],[-0.10302,51.21552],[-0.10049,51.21362],[-0.10046,51.2136],[-0.10248,51.21509],[-0.10316,51.21563]]],[[[-0.10316,51.21563],[-0.10362,51.21597],[-0.10342,51.21583],[-0.10316,51.21563]]],[[[-0.10362,51.21597],[-0.10408,51.2163],[-0.10374,51.21607],[-0.10362,51.21597]]],[[[-0.12909,51.13951],[-0.12909,51.13951],[-0.1291,51.13951],[-0.12909,51.13951],[-0.12909,51.13951]]],[[[-0.12909,51.13951],[-0.12904,51.13951],[-0.12902,51.13951],[-0.12909,51.13951],[-0.12909,51.13951]]],[[[-0.12902,51.13951],[-0.12892,51.13951],[-0.12889,51.13951],[-0.12893,51.13951],[-0.12902,51.13951]]],[[[-0.12892,51.13951],[-0.12895,51.13952],[-0.12888,51.13952],[-0.12881,51.13952],[-0.12878,51.13952],[-0.12885,51.13951],[-0.12892,51.13952],[-0.12892,51.13951]]],[[[-0.12895,51.13952],[-0.12904,51.13951],[-0.12907,51.13951],[-0.12909,51.13951],[-0.12912,51.13951],[-0.12922,51.13953],[-0.12895,51.13952]]],[[[-0.12922,51.13953],[-0.12912,51.13951],[-0.1291,51.13951],[-0.12911,51.13951],[-0.12913,51.13951],[-0.12915,51.13951],[-0.12929,51.13952],[-0.1293,51.13953],[-0.12922,51.13953]]],[[[-0.1293,51.13953],[-0.12932,51.13953],[-0.12932,51.13954],[-0.12933,51.13954],[-0.12932,51.13954],[-0.1293,51.13953]]],[[[-0.12922,51.13953],[-0.12922,51.13953],[-0.12934,51.13954],[-0.12934,51.13954],[-0.12922,51.13953]]],[[[-0.12934,51.13954],[-0.12937,51.13955],[-0.12935,51.13954],[-0.12934,51.13954]]],[[[-0.12938,51.13955],[-0.12934,51.13954],[-0.12933,51.13954],[-0.12936,51.13954],[-0.12936,51.13954],[-0.1294,51.13955],[-0.12938,51.13955]]],[[[-0.1294,51.13955],[-0.12944,51.13955],[-0.12944,51.13955],[-0.12943,51.13955],[-0.1294,51.13955]]],[[[-0.12937,51.13955],[-0.12938,51.13955],[-0.12941,51.13955],[-0.1294,51.13955],[-0.1294,51.13955],[-0.12937,51.13955]]],[[[-0.12941,51.13955],[-0.12943,51.13955],[-0.12958,51.13957],[-0.12951,51.13956],[-0.12941,51.13955]]],[[[-0.12958,51.13957],[-0.12944,51.13955],[-0.12945,51.13955],[-0.1296,51.13956],[-0.12967,51.13957],[-0.12958,51.13957]]],[[[-0.12982,51.13957],[-0.12984,51.13957],[-0.12987,51.13957],[-0.12982,51.13957]]],[[[-0.12967,51.13957],[-0.12982,51.13957],[-0.12971,51.13957],[-0.12967,51.13957]]],[[[-0.12958,51.13957],[-0.12966,51.13957],[-0.12966,51.13957],[-0.12958,51.13957]]],[[[-0.12966,51.13957],[-0.12971,51.13957],[-0.12974,51.13958],[-0.12968,51.13958],[-0.12966,51.13957]]],[[[-0.12987,51.13957],[-0.12998,51.13958],[-0.13008,51.13959],[-0.12987,51.13957]]],[[[-0.10307,51.1392],[-0.10306,51.1392],[-0.10309,51.1392],[-0.10307,51.1392]]],[[[-0.13384,51.14182],[-0.13384,51.14182],[-0.13374,51.1418],[-0.13372,51.14178],[-0.13378,51.1418],[-0.13384,51.14182]]],[[[-0.13384,51.14182],[-0.13393,51.14183],[-0.13394,51.14183],[-0.13396,51.14183],[-0.13391,51.14183],[-0.13384,51.14182],[-0.13384,51.14182]]],[[[-0.13396,51.14183],[-0.13397,51.14183],[-0.13429,51.1419],[-0.1343,51.1419],[-0.13427,51.1419],[-0.13419,51.14188],[-0.13413,51.14187],[-0.13407,51.14186],[-0.13396,51.14183]]],[[[-0.1343,51.1419],[-0.13431,51.1419],[-0.13435,51.14191],[-0.13432,51.14191],[-0.1343,51.1419]]],[[[-0.13559,51.14194],[-0.13568,51.14193],[-0.1359,51.14195],[-0.13585,51.14195],[-0.13559,51.14194]]],[[[-0.13435,51.14191],[-0.13444,51.14193],[-0.13444,51.14193],[-0.13436,51.14191],[-0.13435,51.14191]]],[[[-0.13592,51.14195],[-0.1359,51.14195],[-0.13605,51.14195],[-0.13612,51.14195],[-0.13592,51.14195]]],[[[-0.13612,51.14195],[-0.13619,51.14195],[-0.1362,51.14195],[-0.13612,51.14195]]],[[[-0.13585,51.14195],[-0.13592,51.14195],[-0.13594,51.14195],[-0.13579,51.14195],[-0.13585,51.14195]]],[[[-0.13559,51.14194],[-0.13557,51.14195],[-0.13553,51.14194],[-0.13551,51.14194],[-0.13552,51.14194],[-0.13554,51.14194],[-0.13559,51.14194]]],[[[-0.13556,51.14195],[-0.13557,51.14195],[-0.13579,51.14195],[-0.13561,51.14195],[-0.13556,51.14195]]],[[[-0.13444,51.14193],[-0.13449,51.14193],[-0.13454,51.14193],[-0.13451,51.14193],[-0.13447,51.14193],[-0.13444,51.14193]]],[[[-0.13594,51.14195],[-0.13612,51.14195],[-0.13617,51.14196],[-0.13604,51.14196],[-0.13594,51.14195]]],[[[-0.13553,51.14194],[-0.13556,51.14195],[-0.13553,51.14195],[-0.13548,51.14195],[-0.13549,51.14195],[-0.13551,51.14194],[-0.13553,51.14194]]],[[[-0.1362,51.14195],[-0.13626,51.14196],[-0.13632,51.14196],[-0.1362,51.14195]]],[[[-0.13617,51.14196],[-0.13618,51.14196],[-0.13621,51.14196],[-0.13617,51.14196]]],[[[-0.13454,51.14193],[-0.13459,51.14193],[-0.13461,51.14194],[-0.13459,51.14194],[-0.13457,51.14194],[-0.13454,51.14193]]],[[[-0.13529,51.14195],[-0.13521,51.14195],[-0.13521,51.14195],[-0.13526,51.14194],[-0.13529,51.14195]]],[[[-0.13461,51.14194],[-0.13463,51.14194],[-0.13466,51.14194],[-0.13464,51.14194],[-0.13461,51.14194]]],[[[-0.13482,51.14195],[-0.13482,51.14195],[-0.13486,51.14195],[-0.13482,51.14195]]],[[[-0.13521,51.14195],[-0.13518,51.14195],[-0.1352,51.14195],[-0.13521,51.14195]]],[[[-0.13466,51.14194],[-0.13482,51.14195],[-0.13481,51.14195],[-0.13471,51.14195],[-0.13468,51.14195],[-0.13466,51.14194]]],[[[-0.13486,51.14195],[-0.13508,51.14195],[-0.13504,51.14195],[-0.13504,51.14195],[-0.13492,51.14195],[-0.13486,51.14195]]],[[[-0.13533,51.14196],[-0.13533,51.14196],[-0.13527,51.14196],[-0.13529,51.14195],[-0.13529,51.14195],[-0.13548,51.14195],[-0.13546,51.14196],[-0.13545,51.14196],[-0.13544,51.14196],[-0.13545,51.14195],[-0.13533,51.14196]]],[[[-0.13508,51.14195],[-0.13517,51.14196],[-0.13516,51.14196],[-0.13513,51.14196],[-0.13508,51.14195]]],[[[-0.13517,51.14196],[-0.13518,51.14195],[-0.13517,51.14196],[-0.13527,51.14196],[-0.13526,51.14196],[-0.13533,51.14196],[-0.13538,51.14196],[-0.1353,51.14196],[-0.13517,51.14196]]],[[[-0.13621,51.14196],[-0.1364,51.14198],[-0.13636,51.14198],[-0.13621,51.14196]]],[[[-0.13645,51.14198],[-0.13632,51.14196],[-0.13641,51.14197],[-0.13646,51.14198],[-0.13645,51.14198]]],[[[-0.1364,51.14198],[-0.13645,51.14198],[-0.13648,51.14198],[-0.1365,51.14199],[-0.1364,51.14198]]],[[[-0.1365,51.14199],[-0.13656,51.14199],[-0.1366,51.142],[-0.13653,51.14199],[-0.1365,51.14199]]],[[[-0.13656,51.14199],[-0.13648,51.14198],[-0.13646,51.14198],[-0.13655,51.14198],[-0.13664,51.142],[-0.13664,51.142],[-0.13656,51.14199]]],[[[-0.13665,51.142],[-0.13664,51.142],[-0.13665,51.142],[-0.13665,51.142],[-0.13665,51.142]]],[[[-0.1366,51.142],[-0.13665,51.142],[-0.13666,51.14201],[-0.1366,51.142]]],[[[-0.13666,51.14201],[-0.13668,51.14201],[-0.13671,51.14201],[-0.13673,51.14202],[-0.13669,51.14202],[-0.13666,51.14201]]],[[[-0.13626,51.14928],[-0.13626,51.14927],[-0.13627,51.14918],[-0.13627,51.14921],[-0.13626,51.14928]]],[[[-0.13627,51.14937],[-0.13627,51.14936],[-0.13627,51.14936],[-0.13627,51.14937]]],[[[-0.13626,51.14936],[-0.13626,51.14936],[-0.13626,51.1493],[-0.13626,51.14928],[-0.13626,51.14937],[-0.13626,51.14936]]],[[[-0.13625,51.14938],[-0.13626,51.14935],[-0.13626,51.14936],[-0.13625,51.14936],[-0.13626,51.14936],[-0.13626,51.14938],[-0.13625,51.14941],[-0.13625,51.14938]]],[[[-0.13627,51.14942],[-0.13627,51.14937],[-0.13627,51.14938],[-0.13627,51.14944],[-0.13627,51.14942]]],[[[-0.13624,51.14943],[-0.13625,51.14934],[-0.13625,51.14938],[-0.13625,51.14939],[-0.13625,51.14942],[-0.13625,51.14948],[-0.13624,51.14943]]],[[[-0.13627,51.14946],[-0.13628,51.1494],[-0.13628,51.14943],[-0.13628,51.14948],[-0.13627,51.14946]]],[[[-0.13624,51.14943],[-0.13624,51.14951],[-0.13624,51.14951],[-0.13624,51.14943],[-0.13624,51.14943]]],[[[-0.13626,51.14938],[-0.13626,51.14937],[-0.13627,51.14942],[-0.13626,51.14958],[-0.13626,51.14959],[-0.13626,51.14958],[-0.13626,51.14938]]],[[[-0.13626,51.14958],[-0.13627,51.14944],[-0.13627,51.14946],[-0.13626,51.14959],[-0.13626,51.14959],[-0.13626,51.14958]]],[[[-0.13629,51.14958],[-0.13629,51.14956],[-0.13629,51.14957],[-0.13629,51.1496],[-0.13629,51.14958]]],[[[-0.1363,51.14959],[-0.1363,51.14962],[-0.1363,51.14959],[-0.1363,51.14959]]],[[[-0.1363,51.14959],[-0.13631,51.14952],[-0.13631,51.14956],[-0.1363,51.14962],[-0.1363,51.14959]]],[[[-0.13628,51.14948],[-0.13628,51.1495],[-0.13628,51.14954],[-0.13627,51.14962],[-0.13627,51.14962],[-0.13628,51.14948]]],[[[-0.13628,51.14954],[-0.13628,51.14952],[-0.13629,51.14956],[-0.13629,51.14958],[-0.13628,51.14963],[-0.13628,51.14954]]],[[[-0.13628,51.14966],[-0.13628,51.14964],[-0.13629,51.1496],[-0.13628,51.14967],[-0.13628,51.14966]]],[[[-0.13628,51.14967],[-0.1363,51.14962],[-0.13629,51.14968],[-0.13628,51.14967]]],[[[-0.13628,51.14967],[-0.13628,51.14967],[-0.13628,51.14969],[-0.13628,51.14967]]],[[[-0.13628,51.14969],[-0.13628,51.14969],[-0.13628,51.14969],[-0.13628,51.14969]]],[[[-0.13628,51.14966],[-0.13628,51.14969],[-0.13627,51.14977],[-0.13627,51.14975],[-0.13627,51.1497],[-0.13628,51.14966],[-0.13628,51.14966]]],[[[-0.13627,51.14977],[-0.13627,51.1498],[-0.13625,51.14998],[-0.13625,51.1499],[-0.13626,51.14983],[-0.13627,51.14977]]],[[[-0.13623,51.15008],[-0.13625,51.14998],[-0.13625,51.15006],[-0.13624,51.1501],[-0.13623,51.1501],[-0.13623,51.15008]]],[[[-0.13623,51.15008],[-0.13623,51.15011],[-0.13623,51.1501],[-0.13623,51.15013],[-0.13623,51.15013],[-0.13624,51.14999],[-0.13623,51.15008]]],[[[-0.13618,51.15014],[-0.13619,51.15004],[-0.13624,51.14951],[-0.13624,51.14953],[-0.13623,51.14963],[-0.13624,51.14953],[-0.13617,51.15025],[-0.13618,51.15014]]],[[[-0.13618,51.15014],[-0.13617,51.15027],[-0.13617,51.15022],[-0.13618,51.15012],[-0.13618,51.15014]]],[[[-0.13623,51.15013],[-0.13624,51.15012],[-0.13622,51.15027],[-0.13622,51.15027],[-0.13623,51.15013]]],[[[-0.13617,51.15027],[-0.13616,51.15033],[-0.13616,51.15037],[-0.13617,51.15027]]],[[[-0.13621,51.15037],[-0.13622,51.15033],[-0.13622,51.15031],[-0.13622,51.15027],[-0.13622,51.15028],[-0.13621,51.15036],[-0.13621,51.15041],[-0.13621,51.15037]]],[[[-0.13616,51.15037],[-0.13615,51.1505],[-0.13615,51.15044],[-0.13615,51.15042],[-0.13616,51.15037]]],[[[-0.13615,51.1505],[-0.13615,51.1505],[-0.13615,51.15051],[-0.13615,51.1505]]],[[[-0.13621,51.15037],[-0.13617,51.15058],[-0.13617,51.15056],[-0.13621,51.15034],[-0.13621,51.15037]]],[[[-0.13617,51.15058],[-0.13616,51.15062],[-0.13616,51.1506],[-0.13617,51.15058],[-0.13617,51.15058]]],[[[-0.13616,51.15062],[-0.13616,51.15062],[-0.13616,51.15062],[-0.13616,51.15062]]],[[[-0.13615,51.15051],[-0.13615,51.15052],[-0.13613,51.15063],[-0.13615,51.15051]]],[[[-0.13615,51.15052],[-0.13615,51.15051],[-0.13615,51.15055],[-0.13613,51.15072],[-0.13613,51.15076],[-0.13615,51.15052]]],[[[-0.13613,51.15076],[-0.13613,51.15077],[-0.13612,51.15079],[-0.13613,51.15076]]],[[[-0.13615,51.15078],[-0.13616,51.15071],[-0.13615,51.15077],[-0.13615,51.15076],[-0.13616,51.1507],[-0.13616,51.15063],[-0.13616,51.15062],[-0.13615,51.15083],[-0.13615,51.15084],[-0.13615,51.15078]]],[[[-0.13615,51.15078],[-0.13614,51.15086],[-0.13614,51.15086],[-0.13615,51.15077],[-0.13615,51.15077],[-0.13615,51.15078]]],[[[-0.13612,51.15079],[-0.13611,51.15085],[-0.13611,51.15087],[-0.13611,51.15085],[-0.13612,51.15079]]],[[[-0.13611,51.15085],[-0.13612,51.15079],[-0.13612,51.15084],[-0.13612,51.15084],[-0.1361,51.15093],[-0.13611,51.15088],[-0.13611,51.15085]]],[[[-0.1361,51.15093],[-0.1361,51.15095],[-0.1361,51.15095],[-0.1361,51.15096],[-0.1361,51.15093]]],[[[-0.13612,51.15096],[-0.13614,51.15087],[-0.13614,51.15086],[-0.13612,51.15097],[-0.13612,51.15096]]],[[[-0.1361,51.15095],[-0.1361,51.15095],[-0.1361,51.15099],[-0.13609,51.15104],[-0.13609,51.151],[-0.13609,51.15097],[-0.1361,51.15095]]],[[[-0.1361,51.15099],[-0.1361,51.15094],[-0.13611,51.15092],[-0.13609,51.15122],[-0.13609,51.15108],[-0.1361,51.15099]]],[[[-0.13609,51.15122],[-0.13612,51.15091],[-0.13613,51.15087],[-0.13613,51.15093],[-0.13612,51.15096],[-0.13611,51.1511],[-0.13609,51.15122],[-0.13609,51.15122]]],[[[-0.13609,51.15123],[-0.13611,51.1511],[-0.13612,51.15097],[-0.13612,51.15103],[-0.13609,51.15125],[-0.13609,51.15123]]],[[[-0.13609,51.15122],[-0.13609,51.15123],[-0.13606,51.15141],[-0.13606,51.15141],[-0.13609,51.15122]]],[[[-0.13601,51.15181],[-0.13601,51.15182],[-0.13602,51.15176],[-0.13602,51.15175],[-0.13601,51.15181]]],[[[-0.13601,51.15181],[-0.13602,51.15178],[-0.13601,51.15187],[-0.13601,51.15181]]],[[[-0.13601,51.15187],[-0.13601,51.15187],[-0.136,51.15193],[-0.13601,51.15187]]],[[[-0.136,51.15193],[-0.136,51.15197],[-0.136,51.15196],[-0.136,51.15193]]],[[[-0.13596,51.15229],[-0.136,51.15197],[-0.13596,51.15228],[-0.13596,51.15229],[-0.13596,51.15229]]],[[[-0.13596,51.15229],[-0.13595,51.1523],[-0.13595,51.15231],[-0.13595,51.15227],[-0.13596,51.15229]]],[[[-0.13594,51.1524],[-0.13594,51.15233],[-0.13595,51.15231],[-0.13594,51.15241],[-0.13594,51.1524]]],[[[-0.13594,51.1524],[-0.1359,51.15266],[-0.13593,51.15239],[-0.13594,51.1524]]],[[[-0.1359,51.15266],[-0.1359,51.15267],[-0.1359,51.15269],[-0.1359,51.15266]]],[[[-0.1359,51.15267],[-0.13594,51.15241],[-0.13594,51.15242],[-0.13591,51.15267],[-0.13589,51.15274],[-0.1359,51.15267]]],[[[-0.1359,51.15269],[-0.13589,51.15274],[-0.13589,51.15273],[-0.1359,51.15269]]],[[[-0.13589,51.15274],[-0.13589,51.15275],[-0.13589,51.15275],[-0.13589,51.15274]]],[[[-0.13591,51.15267],[-0.13595,51.15246],[-0.13595,51.15248],[-0.13595,51.15251],[-0.13594,51.15257],[-0.13591,51.15278],[-0.13589,51.15288],[-0.1359,51.15274],[-0.13588,51.15291],[-0.13587,51.15293],[-0.13591,51.15267]]],[[[-0.13589,51.15275],[-0.13586,51.15297],[-0.13586,51.15299],[-0.13589,51.15276],[-0.13589,51.15275]]],[[[-0.13588,51.15291],[-0.13589,51.15288],[-0.13587,51.15297],[-0.13586,51.15303],[-0.13586,51.15299],[-0.13587,51.15297],[-0.13588,51.15291]]],[[[-0.13585,51.15309],[-0.13585,51.15309],[-0.13585,51.1531],[-0.13585,51.15309]]],[[[-0.13586,51.15303],[-0.13585,51.15309],[-0.13585,51.15313],[-0.13585,51.1531],[-0.13586,51.15305],[-0.13586,51.15304],[-0.13586,51.15303]]],[[[-0.13585,51.1531],[-0.13585,51.15314],[-0.13584,51.15318],[-0.13584,51.15314],[-0.13585,51.1531]]],[[[-0.13586,51.15299],[-0.13583,51.15316],[-0.13583,51.15319],[-0.13581,51.15324],[-0.13582,51.15317],[-0.13583,51.15311],[-0.13586,51.15299]]],[[[-0.13585,51.15314],[-0.13586,51.15309],[-0.13586,51.15311],[-0.13585,51.15319],[-0.13583,51.15328],[-0.13585,51.15314]]],[[[-0.13581,51.15324],[-0.13581,51.15327],[-0.13581,51.1533],[-0.13581,51.15326],[-0.13581,51.15324]]],[[[-0.13579,51.15332],[-0.13579,51.15332],[-0.13579,51.15331],[-0.13579,51.15332]]],[[[-0.13579,51.15332],[-0.1358,51.15331],[-0.13579,51.15336],[-0.13579,51.15332]]],[[[-0.13578,51.15341],[-0.13579,51.15336],[-0.13579,51.1534],[-0.13578,51.15342],[-0.13578,51.15341]]],[[[-0.13579,51.1534],[-0.13581,51.1533],[-0.1358,51.15335],[-0.13579,51.15342],[-0.13579,51.1534]]],[[[-0.13583,51.15328],[-0.13582,51.15337],[-0.1358,51.15352],[-0.1358,51.15351],[-0.13581,51.15338],[-0.13583,51.15328]]],[[[-0.13579,51.15363],[-0.1358,51.15352],[-0.1358,51.15353],[-0.13578,51.15367],[-0.13579,51.15363]]],[[[-0.13579,51.15363],[-0.13577,51.15375],[-0.13576,51.15381],[-0.13579,51.15362],[-0.13579,51.1536],[-0.13579,51.15363]]],[[[-0.13577,51.15375],[-0.13578,51.15367],[-0.13577,51.15372],[-0.13575,51.15385],[-0.13577,51.15375]]],[[[-0.13575,51.15385],[-0.13575,51.15386],[-0.13575,51.15386],[-0.13575,51.15385]]],[[[-0.13575,51.15386],[-0.13572,51.15405],[-0.13575,51.15389],[-0.13575,51.15386]]],[[[-0.13572,51.15405],[-0.13572,51.15406],[-0.13572,51.15406],[-0.13572,51.15405]]],[[[-0.13572,51.15406],[-0.13571,51.1541],[-0.13571,51.15411],[-0.13572,51.15406]]],[[[-0.13578,51.15341],[-0.13578,51.15344],[-0.13576,51.15353],[-0.13578,51.15346],[-0.13574,51.15371],[-0.13568,51.15411],[-0.13577,51.15348],[-0.13578,51.1534],[-0.13578,51.15341]]],[[[-0.13571,51.1541],[-0.13572,51.15409],[-0.13571,51.15411],[-0.13571,51.15411],[-0.13571,51.1541]]],[[[-0.13571,51.15411],[-0.13571,51.15412],[-0.1357,51.15416],[-0.1357,51.15413],[-0.13571,51.15411]]],[[[-0.13568,51.15411],[-0.13567,51.15417],[-0.13566,51.15424],[-0.13565,51.15424],[-0.13568,51.15411]]],[[[-0.13564,51.15427],[-0.13564,51.15426],[-0.13565,51.15424],[-0.13565,51.15428],[-0.13563,51.15438],[-0.13564,51.15427]]],[[[-0.13564,51.15427],[-0.13563,51.15437],[-0.13562,51.15441],[-0.13562,51.15433],[-0.13562,51.15431],[-0.13564,51.15427],[-0.13564,51.15427]]],[[[-0.1357,51.15416],[-0.13568,51.15431],[-0.13565,51.15446],[-0.13565,51.15443],[-0.13569,51.15421],[-0.1357,51.15416]]],[[[-0.13565,51.15446],[-0.13564,51.1545],[-0.13563,51.15455],[-0.13562,51.15458],[-0.13562,51.15456],[-0.13563,51.15452],[-0.13565,51.15446]]],[[[-0.13562,51.15458],[-0.13562,51.15458],[-0.13562,51.1546],[-0.13562,51.1546],[-0.13562,51.15458]]],[[[-0.13562,51.15441],[-0.13562,51.15442],[-0.13562,51.15445],[-0.1356,51.15452],[-0.13557,51.15464],[-0.13562,51.15441]]],[[[-0.1356,51.15452],[-0.13561,51.1545],[-0.13559,51.1546],[-0.13556,51.15473],[-0.1356,51.15452]]],[[[-0.13562,51.1546],[-0.13562,51.15462],[-0.1356,51.15471],[-0.13559,51.15475],[-0.13561,51.15462],[-0.13562,51.1546]]],[[[-0.13559,51.15475],[-0.13559,51.15477],[-0.13558,51.1548],[-0.13559,51.15475]]],[[[-0.13556,51.15473],[-0.13554,51.15485],[-0.13553,51.1549],[-0.13556,51.15473]]],[[[-0.13553,51.1549],[-0.13551,51.15498],[-0.13552,51.15493],[-0.13553,51.1549]]],[[[-0.13558,51.1548],[-0.13558,51.15481],[-0.13554,51.15498],[-0.13553,51.15499],[-0.13554,51.15494],[-0.13558,51.1548]]],[[[-0.1355,51.155],[-0.1355,51.15501],[-0.13551,51.15495],[-0.13551,51.15495],[-0.1355,51.155]]],[[[-0.1355,51.155],[-0.13551,51.15498],[-0.1355,51.15502],[-0.1355,51.155]]],[[[-0.13554,51.15498],[-0.13555,51.15494],[-0.13553,51.15505],[-0.13553,51.155],[-0.13554,51.15498]]],[[[-0.13553,51.15505],[-0.13552,51.15506],[-0.13552,51.15508],[-0.13553,51.15505]]],[[[-0.13548,51.15528],[-0.13549,51.15521],[-0.13552,51.15508],[-0.13548,51.15528],[-0.13548,51.15528]]],[[[-0.13548,51.15528],[-0.13547,51.1553],[-0.13546,51.15534],[-0.13547,51.15529],[-0.13547,51.15527],[-0.13548,51.15526],[-0.13548,51.15528]]],[[[-0.1355,51.15501],[-0.1355,51.15505],[-0.1355,51.15502],[-0.1355,51.15506],[-0.13542,51.15538],[-0.13542,51.15538],[-0.13543,51.15537],[-0.13545,51.15525],[-0.1355,51.15501]]],[[[-0.13542,51.15538],[-0.13542,51.15542],[-0.13542,51.15542],[-0.13542,51.15538]]],[[[-0.13542,51.15542],[-0.13541,51.15547],[-0.1354,51.1555],[-0.13542,51.15542]]],[[[-0.13543,51.15551],[-0.13543,51.15549],[-0.13546,51.15534],[-0.13546,51.15536],[-0.13544,51.15546],[-0.13543,51.15553],[-0.13543,51.15551]]],[[[-0.1354,51.1555],[-0.13539,51.15553],[-0.13539,51.15554],[-0.1354,51.1555],[-0.1354,51.1555]]],[[[-0.13543,51.15551],[-0.13542,51.15557],[-0.13542,51.15557],[-0.13541,51.15557],[-0.13542,51.15554],[-0.13543,51.15551],[-0.13543,51.15551]]],[[[-0.13542,51.15557],[-0.13542,51.15557],[-0.13541,51.1556],[-0.1354,51.15565],[-0.1354,51.15564],[-0.13541,51.15561],[-0.13541,51.15559],[-0.13542,51.15557]]],[[[-0.13539,51.15553],[-0.1354,51.1555],[-0.1354,51.15552],[-0.13537,51.15561],[-0.13537,51.15565],[-0.13539,51.15553]]],[[[-0.13537,51.15565],[-0.13536,51.15567],[-0.13536,51.15567],[-0.13537,51.15565]]],[[[-0.1354,51.15565],[-0.1354,51.15566],[-0.13536,51.15588],[-0.13535,51.15591],[-0.13536,51.15586],[-0.13536,51.15582],[-0.13536,51.15583],[-0.13539,51.15568],[-0.1354,51.15565]]],[[[-0.13536,51.15567],[-0.13537,51.15566],[-0.13536,51.15567],[-0.13536,51.15568],[-0.13532,51.15587],[-0.1353,51.15595],[-0.13536,51.15567]]],[[[-0.13532,51.15587],[-0.13534,51.15582],[-0.13528,51.15608],[-0.13532,51.15587]]],[[[-0.13535,51.15591],[-0.13534,51.15596],[-0.1353,51.15612],[-0.13534,51.15595],[-0.13535,51.15591]]],[[[-0.13528,51.15608],[-0.13526,51.15616],[-0.13525,51.1562],[-0.13528,51.15608]]],[[[-0.13523,51.15629],[-0.13522,51.15629],[-0.13522,51.15629],[-0.13523,51.15628],[-0.13523,51.15629]]],[[[-0.13523,51.15629],[-0.13525,51.1562],[-0.13522,51.15631],[-0.13523,51.15629]]],[[[-0.1353,51.15612],[-0.13526,51.15632],[-0.13523,51.15643],[-0.13523,51.15645],[-0.13525,51.15634],[-0.13526,51.15629],[-0.1353,51.15612]]],[[[-0.13522,51.15629],[-0.13522,51.15633],[-0.1352,51.1564],[-0.1352,51.15638],[-0.1352,51.1564],[-0.13518,51.15648],[-0.13518,51.15647],[-0.13522,51.15631],[-0.13522,51.15629]]],[[[-0.13523,51.15646],[-0.13525,51.15641],[-0.13523,51.15649],[-0.13522,51.1565],[-0.13523,51.15646]]],[[[-0.13523,51.15643],[-0.13524,51.15641],[-0.13523,51.15646],[-0.13521,51.15654],[-0.13521,51.15655],[-0.13522,51.15648],[-0.13523,51.15646],[-0.13523,51.15643]]],[[[-0.13521,51.15654],[-0.13522,51.1565],[-0.13521,51.15656],[-0.1352,51.15662],[-0.13519,51.15665],[-0.13519,51.15661],[-0.13519,51.1566],[-0.13521,51.15654]]],[[[-0.13519,51.15665],[-0.13519,51.15665],[-0.13517,51.15672],[-0.13518,51.1567],[-0.13519,51.15665]]],[[[-0.13517,51.15676],[-0.13516,51.15677],[-0.13517,51.15675],[-0.13517,51.15676]]],[[[-0.13517,51.15676],[-0.13517,51.15672],[-0.13517,51.15678],[-0.13516,51.1568],[-0.13517,51.15676]]],[[[-0.13516,51.15677],[-0.13515,51.15687],[-0.13512,51.15694],[-0.13513,51.15693],[-0.13514,51.15687],[-0.13515,51.15683],[-0.13516,51.15677]]],[[[-0.13518,51.15648],[-0.13518,51.15653],[-0.13513,51.15674],[-0.13511,51.15685],[-0.13506,51.15705],[-0.13507,51.15698],[-0.13515,51.15664],[-0.13518,51.15648]]],[[[-0.13512,51.15694],[-0.13509,51.15707],[-0.13508,51.1571],[-0.13509,51.15704],[-0.13512,51.15694]]],[[[-0.13506,51.15705],[-0.13502,51.1572],[-0.13504,51.15712],[-0.13506,51.15705]]],[[[-0.13502,51.1572],[-0.13502,51.1572],[-0.13502,51.1572],[-0.13502,51.1572]]],[[[-0.13502,51.1572],[-0.13501,51.15724],[-0.13501,51.15725],[-0.13502,51.1572]]],[[[-0.13501,51.15725],[-0.135,51.15727],[-0.13501,51.15725],[-0.13501,51.15725]]],[[[-0.135,51.15727],[-0.13497,51.15739],[-0.13497,51.1574],[-0.13499,51.15731],[-0.135,51.15727]]],[[[-0.13497,51.1574],[-0.13496,51.15745],[-0.13495,51.15748],[-0.13497,51.15741],[-0.13497,51.1574]]],[[[-0.13508,51.1571],[-0.13499,51.15749],[-0.13506,51.15716],[-0.13506,51.15713],[-0.13508,51.1571]]],[[[-0.13499,51.15749],[-0.13497,51.15762],[-0.13496,51.15765],[-0.13499,51.15749]]],[[[-0.13496,51.15745],[-0.13497,51.15743],[-0.1349,51.15773],[-0.13491,51.15767],[-0.13496,51.15745]]],[[[-0.13496,51.15765],[-0.13495,51.15769],[-0.13491,51.15782],[-0.1349,51.15783],[-0.13492,51.15777],[-0.13496,51.15765]]],[[[-0.1349,51.15773],[-0.13489,51.15775],[-0.13487,51.15785],[-0.1349,51.15773]]],[[[-0.13491,51.15782],[-0.13492,51.1578],[-0.13489,51.15789],[-0.13489,51.1579],[-0.1349,51.15783],[-0.13491,51.15782],[-0.13491,51.15782]]],[[[-0.13487,51.15785],[-0.13486,51.15791],[-0.13486,51.15792],[-0.13487,51.15785]]],[[[-0.13486,51.15792],[-0.13485,51.15795],[-0.13485,51.15793],[-0.13486,51.15792]]],[[[-0.13485,51.15795],[-0.13485,51.15795],[-0.13485,51.15795],[-0.13485,51.15795]]],[[[-0.13485,51.15795],[-0.13483,51.15801],[-0.13483,51.15802],[-0.13484,51.15796],[-0.13485,51.15795]]],[[[-0.13489,51.1579],[-0.13489,51.15791],[-0.13485,51.15802],[-0.13486,51.15801],[-0.13487,51.15795],[-0.13488,51.15793],[-0.13489,51.1579]]],[[[-0.13483,51.15801],[-0.13483,51.15801],[-0.13483,51.15804],[-0.13483,51.15805],[-0.13483,51.15801]]],[[[-0.13485,51.15802],[-0.13483,51.15814],[-0.13482,51.1582],[-0.13481,51.15821],[-0.13481,51.15821],[-0.13485,51.15802],[-0.13485,51.15802]]],[[[-0.13481,51.15821],[-0.13481,51.15823],[-0.13479,51.1583],[-0.13479,51.15829],[-0.1348,51.15824],[-0.1348,51.15823],[-0.13481,51.15821]]],[[[-0.13481,51.15811],[-0.13482,51.15808],[-0.13477,51.15831],[-0.13477,51.1583],[-0.13481,51.15811]]],[[[-0.13483,51.15805],[-0.13481,51.15811],[-0.13475,51.15833],[-0.13476,51.15831],[-0.13477,51.15823],[-0.1348,51.15812],[-0.13483,51.15805]]],[[[-0.13479,51.1583],[-0.1348,51.15833],[-0.13479,51.15835],[-0.13477,51.15844],[-0.13477,51.15842],[-0.13477,51.1584],[-0.13479,51.1583],[-0.13479,51.1583]]],[[[-0.13477,51.15844],[-0.13478,51.15849],[-0.13477,51.15856],[-0.13477,51.15856],[-0.13477,51.15845],[-0.13477,51.15844]]],[[[-0.13477,51.15831],[-0.13477,51.15834],[-0.13475,51.15841],[-0.13476,51.15844],[-0.13474,51.15852],[-0.13474,51.15853],[-0.13471,51.15865],[-0.13471,51.15863],[-0.13473,51.15848],[-0.13477,51.15831]]],[[[-0.13471,51.15865],[-0.13472,51.15867],[-0.13472,51.1587],[-0.13471,51.15867],[-0.13471,51.15865]]],[[[-0.13472,51.1587],[-0.13472,51.15871],[-0.13471,51.15875],[-0.13471,51.15875],[-0.13472,51.1587]]],[[[-0.13472,51.15871],[-0.13472,51.15868],[-0.13474,51.15874],[-0.13474,51.1588],[-0.13472,51.15871]]],[[[-0.13477,51.15856],[-0.1348,51.15889],[-0.1348,51.15891],[-0.13476,51.15881],[-0.13476,51.15876],[-0.13477,51.15856],[-0.13477,51.15856]]],[[[-0.13474,51.1588],[-0.13475,51.15889],[-0.13475,51.15893],[-0.13473,51.15884],[-0.13474,51.1588]]],[[[-0.13475,51.15893],[-0.13477,51.15901],[-0.13475,51.15897],[-0.13475,51.15893]]],[[[-0.13477,51.15901],[-0.13478,51.15901],[-0.13478,51.15905],[-0.13477,51.15901]]],[[[-0.1348,51.15891],[-0.1348,51.15891],[-0.13481,51.15907],[-0.1348,51.15906],[-0.1348,51.15891]]],[[[-0.13478,51.15905],[-0.13479,51.15907],[-0.13479,51.15907],[-0.13478,51.15905]]],[[[-0.13479,51.15907],[-0.13481,51.15918],[-0.13481,51.15918],[-0.1348,51.15916],[-0.13479,51.15907]]],[[[-0.13481,51.15918],[-0.13481,51.15919],[-0.13482,51.15921],[-0.13481,51.15921],[-0.13481,51.15918]]],[[[-0.13482,51.15921],[-0.13482,51.15922],[-0.13483,51.15925],[-0.13482,51.15925],[-0.13482,51.15921]]],[[[-0.13481,51.15907],[-0.13485,51.15913],[-0.13486,51.15927],[-0.13484,51.15924],[-0.13483,51.15922],[-0.13482,51.1592],[-0.13481,51.15907]]],[[[-0.13486,51.15927],[-0.13489,51.15931],[-0.13486,51.15928],[-0.13486,51.15928],[-0.13486,51.15927]]],[[[-0.13489,51.15931],[-0.13493,51.15935],[-0.13494,51.15938],[-0.13489,51.15931]]],[[[-0.13483,51.15925],[-0.13484,51.15926],[-0.13486,51.15936],[-0.13487,51.1594],[-0.13485,51.1594],[-0.13483,51.15928],[-0.13483,51.15925]]],[[[-0.13487,51.1594],[-0.13489,51.15941],[-0.13489,51.15942],[-0.13487,51.15942],[-0.13487,51.1594]]],[[[-0.13489,51.15941],[-0.13489,51.1594],[-0.13494,51.15943],[-0.13489,51.15941]]],[[[-0.13494,51.15943],[-0.13496,51.15943],[-0.13496,51.15944],[-0.13494,51.15943]]],[[[-0.13496,51.15943],[-0.13494,51.15938],[-0.13499,51.15943],[-0.13499,51.15944],[-0.13496,51.15943]]],[[[-0.13496,51.15944],[-0.13499,51.15945],[-0.13498,51.15946],[-0.13497,51.15945],[-0.13496,51.15944]]],[[[-0.135,51.15946],[-0.13499,51.15945],[-0.13499,51.15944],[-0.135,51.15944],[-0.13501,51.15946],[-0.135,51.15946]]],[[[-0.13498,51.15946],[-0.135,51.15946],[-0.13501,51.15947],[-0.13502,51.15947],[-0.13498,51.15946],[-0.13498,51.15946]]],[[[-0.13502,51.15947],[-0.13502,51.15947],[-0.13508,51.1595],[-0.13509,51.15952],[-0.13506,51.15951],[-0.13505,51.15951],[-0.13502,51.15947]]],[[[-0.13625,51.14949],[-0.13624,51.14954],[-0.13624,51.14953],[-0.13625,51.14948],[-0.13625,51.14949]]],[[[-0.13625,51.14955],[-0.13625,51.14949],[-0.13625,51.14948],[-0.13625,51.14954],[-0.13625,51.14957],[-0.13625,51.14955]]],[[[-0.13625,51.14954],[-0.13625,51.14942],[-0.13625,51.14941],[-0.13626,51.14958],[-0.13625,51.14957],[-0.13625,51.14954]]],[[[-0.13626,51.14958],[-0.13626,51.14958],[-0.13626,51.1496],[-0.13626,51.14959],[-0.13626,51.14958]]],[[[-0.13626,51.14961],[-0.13626,51.14959],[-0.13626,51.14959],[-0.13626,51.14962],[-0.13626,51.14961]]],[[[-0.13626,51.1496],[-0.13626,51.14961],[-0.13626,51.14962],[-0.13626,51.14962],[-0.13626,51.1496]]],[[[-0.13626,51.14962],[-0.13626,51.14962],[-0.13626,51.14964],[-0.13626,51.14962]]],[[[-0.13628,51.14965],[-0.13628,51.14963],[-0.13628,51.14964],[-0.13628,51.14966],[-0.13628,51.14965]]],[[[-0.13626,51.14962],[-0.13626,51.14959],[-0.13627,51.14962],[-0.13626,51.14968],[-0.13626,51.14968],[-0.13626,51.14962]]],[[[-0.13627,51.14968],[-0.13627,51.14968],[-0.13627,51.1497],[-0.13627,51.1497],[-0.13627,51.14968]]],[[[-0.13626,51.14968],[-0.13627,51.14962],[-0.13628,51.14965],[-0.13627,51.14968],[-0.13628,51.14966],[-0.13627,51.14968],[-0.13627,51.14973],[-0.13626,51.14968],[-0.13626,51.14968]]],[[[-0.13627,51.1497],[-0.13627,51.14975],[-0.13627,51.14974],[-0.13627,51.1497]]],[[[-0.13627,51.14975],[-0.13627,51.14975],[-0.13626,51.14983],[-0.13625,51.14984],[-0.13627,51.14975]]],[[[-0.13625,51.14985],[-0.13625,51.14984],[-0.13625,51.14986],[-0.13625,51.14985]]],[[[-0.13625,51.14985],[-0.13625,51.14988],[-0.13625,51.14988],[-0.13625,51.14982],[-0.13625,51.14982],[-0.13625,51.14985]]],[[[-0.13621,51.14991],[-0.13621,51.14983],[-0.13623,51.14963],[-0.13621,51.14991]]],[[[-0.13625,51.14988],[-0.13625,51.1499],[-0.13624,51.14994],[-0.13625,51.14988],[-0.13625,51.14988]]],[[[-0.13624,51.14996],[-0.13624,51.14994],[-0.13624,51.14999],[-0.13624,51.14996]]],[[[-0.13621,51.14995],[-0.13622,51.14986],[-0.13624,51.14954],[-0.13625,51.14955],[-0.13625,51.14971],[-0.13622,51.14998],[-0.13621,51.15002],[-0.13621,51.14995]]],[[[-0.13624,51.14996],[-0.13622,51.15014],[-0.13621,51.15014],[-0.13621,51.15013],[-0.13621,51.15007],[-0.13622,51.15005],[-0.13624,51.1499],[-0.13624,51.14996]]],[[[-0.13621,51.14991],[-0.13621,51.14993],[-0.13621,51.14995],[-0.13621,51.15006],[-0.1362,51.15014],[-0.13621,51.14991]]],[[[-0.1362,51.15014],[-0.1362,51.15015],[-0.1362,51.15015],[-0.1362,51.15014]]],[[[-0.13623,51.15016],[-0.13623,51.15015],[-0.13623,51.15016],[-0.13623,51.15016]]],[[[-0.13622,51.15014],[-0.13623,51.15013],[-0.13623,51.15016],[-0.13621,51.15022],[-0.13621,51.15017],[-0.13622,51.15014]]],[[[-0.13621,51.15022],[-0.13623,51.15016],[-0.13622,51.15028],[-0.13621,51.15022]]],[[[-0.13617,51.15028],[-0.13617,51.1503],[-0.13617,51.15025],[-0.13617,51.15028]]],[[[-0.13617,51.15028],[-0.1362,51.15015],[-0.13617,51.15032],[-0.13617,51.15028]]],[[[-0.13622,51.15028],[-0.13622,51.15031],[-0.13621,51.15034],[-0.13622,51.15028]]],[[[-0.13617,51.1503],[-0.13616,51.15038],[-0.13616,51.15033],[-0.13617,51.1503]]],[[[-0.13616,51.15038],[-0.13616,51.1504],[-0.13616,51.15041],[-0.13616,51.15038]]],[[[-0.13621,51.15022],[-0.13621,51.15022],[-0.13618,51.15047],[-0.13619,51.1504],[-0.13621,51.15022]]],[[[-0.13616,51.15041],[-0.13616,51.15043],[-0.13615,51.15051],[-0.13615,51.1505],[-0.13616,51.15041]]],[[[-0.13618,51.15047],[-0.13617,51.15052],[-0.13617,51.1505],[-0.13618,51.15047]]],[[[-0.13617,51.15052],[-0.13617,51.15056],[-0.13617,51.15056],[-0.13617,51.15052],[-0.13617,51.15052]]],[[[-0.13617,51.15056],[-0.13617,51.15058],[-0.13616,51.15059],[-0.13617,51.15057],[-0.13617,51.15056]]],[[[-0.13616,51.15043],[-0.13616,51.15041],[-0.13616,51.15058],[-0.13615,51.15063],[-0.13615,51.15055],[-0.13616,51.15043]]],[[[-0.13616,51.15059],[-0.13616,51.1506],[-0.13616,51.15063],[-0.13615,51.15068],[-0.13615,51.15067],[-0.13616,51.15063],[-0.13616,51.15059]]],[[[-0.13615,51.15063],[-0.13615,51.15065],[-0.13615,51.15066],[-0.13613,51.15074],[-0.13613,51.15072],[-0.13615,51.15063]]],[[[-0.13615,51.1507],[-0.13615,51.15068],[-0.13615,51.15068],[-0.13615,51.15076],[-0.13615,51.1507]]],[[[-0.13615,51.15077],[-0.13615,51.15077],[-0.13615,51.15077],[-0.13615,51.15077],[-0.13615,51.15077]]],[[[-0.13615,51.15076],[-0.13615,51.15077],[-0.13615,51.15077],[-0.13615,51.15078],[-0.13615,51.15076]]],[[[-0.13613,51.15074],[-0.13613,51.15076],[-0.13612,51.15079],[-0.13613,51.15077],[-0.13613,51.15074]]],[[[-0.13613,51.15076],[-0.13614,51.15071],[-0.13613,51.1508],[-0.13613,51.15076]]],[[[-0.13613,51.1508],[-0.13612,51.15082],[-0.13612,51.15084],[-0.13612,51.15084],[-0.13613,51.1508]]],[[[-0.13614,51.15081],[-0.13615,51.15078],[-0.13614,51.15087],[-0.13613,51.15087],[-0.13614,51.15081]]],[[[-0.13612,51.15082],[-0.13615,51.15069],[-0.13615,51.1507],[-0.13614,51.15081],[-0.13612,51.15088],[-0.13612,51.15082]]],[[[-0.13612,51.15089],[-0.13612,51.15088],[-0.13612,51.15091],[-0.13611,51.15092],[-0.13612,51.15089]]],[[[-0.13612,51.15084],[-0.13612,51.15089],[-0.13611,51.15092],[-0.13612,51.15084],[-0.13612,51.15084]]],[[[-0.13611,51.15092],[-0.1361,51.15094],[-0.1361,51.15095],[-0.1361,51.15095],[-0.13611,51.15092]]],[[[-0.13589,51.15279],[-0.13589,51.15275],[-0.13589,51.15274],[-0.13589,51.15279]]],[[[-0.13589,51.15279],[-0.13587,51.15294],[-0.13587,51.15295],[-0.13589,51.15279]]],[[[-0.13587,51.15294],[-0.13587,51.15293],[-0.13587,51.15297],[-0.13587,51.15298],[-0.13587,51.15294]]],[[[-0.13586,51.15304],[-0.13587,51.15298],[-0.13586,51.15299],[-0.13586,51.15304],[-0.13585,51.15307],[-0.13586,51.15304]]],[[[-0.13587,51.15295],[-0.13586,51.15304],[-0.13584,51.15311],[-0.13584,51.15311],[-0.13586,51.15297],[-0.13587,51.15295]]],[[[-0.13584,51.15312],[-0.13584,51.15311],[-0.13585,51.15307],[-0.13585,51.1531],[-0.13584,51.15314],[-0.13584,51.15315],[-0.13584,51.15312]]],[[[-0.13584,51.15317],[-0.13584,51.15314],[-0.13585,51.15313],[-0.13584,51.15314],[-0.13584,51.15318],[-0.13584,51.15317]]],[[[-0.13584,51.15311],[-0.13584,51.15312],[-0.13584,51.15316],[-0.13583,51.15318],[-0.13583,51.15316],[-0.13584,51.15311]]],[[[-0.13582,51.15324],[-0.13584,51.15316],[-0.13584,51.15315],[-0.13584,51.15317],[-0.13582,51.15326],[-0.13582,51.15327],[-0.13582,51.15324]]],[[[-0.13583,51.15318],[-0.13582,51.15324],[-0.13582,51.15328],[-0.13581,51.15331],[-0.13581,51.15327],[-0.13583,51.15319],[-0.13583,51.15318]]],[[[-0.13581,51.15331],[-0.13581,51.15334],[-0.13581,51.15335],[-0.1358,51.15341],[-0.1358,51.15335],[-0.13581,51.15331]]],[[[-0.13578,51.15343],[-0.13579,51.15342],[-0.13579,51.15343],[-0.13578,51.15343]]],[[[-0.13579,51.15345],[-0.1358,51.15341],[-0.1358,51.15342],[-0.13579,51.15345],[-0.13579,51.15345]]],[[[-0.13578,51.15343],[-0.13578,51.15346],[-0.13578,51.15344],[-0.13578,51.15342],[-0.13578,51.15343]]],[[[-0.13582,51.15326],[-0.13584,51.15318],[-0.13581,51.15338],[-0.1358,51.15347],[-0.1358,51.15338],[-0.13582,51.15327],[-0.13582,51.15326]]],[[[-0.1358,51.15348],[-0.1358,51.15347],[-0.1358,51.15349],[-0.1358,51.15348]]],[[[-0.13579,51.15343],[-0.13579,51.15345],[-0.13578,51.15349],[-0.13579,51.15343]]],[[[-0.1358,51.15348],[-0.13578,51.15356],[-0.13578,51.15354],[-0.13579,51.15347],[-0.1358,51.15348]]],[[[-0.1358,51.15349],[-0.1358,51.15351],[-0.13579,51.1536],[-0.1358,51.15349]]],[[[-0.13578,51.1536],[-0.13578,51.15358],[-0.13578,51.15356],[-0.13577,51.15364],[-0.13578,51.1536]]],[[[-0.13578,51.15349],[-0.13578,51.1535],[-0.13573,51.15381],[-0.13574,51.15371],[-0.13578,51.15349]]],[[[-0.13573,51.15381],[-0.13573,51.15386],[-0.13571,51.15393],[-0.13573,51.15381]]],[[[-0.13573,51.15396],[-0.13576,51.15381],[-0.13575,51.15389],[-0.13573,51.15396]]],[[[-0.13572,51.15401],[-0.13573,51.15396],[-0.13571,51.15405],[-0.13572,51.15401]]],[[[-0.13571,51.15405],[-0.13571,51.15411],[-0.1357,51.15412],[-0.13571,51.15405]]],[[[-0.13571,51.15411],[-0.13571,51.15411],[-0.1357,51.15413],[-0.13571,51.15411]]],[[[-0.1357,51.15413],[-0.1357,51.15413],[-0.1357,51.15413],[-0.1357,51.15413]]],[[[-0.13573,51.15386],[-0.13578,51.15359],[-0.13578,51.1536],[-0.13572,51.15401],[-0.13569,51.15415],[-0.13569,51.15415],[-0.13573,51.15386]]],[[[-0.1357,51.15413],[-0.13569,51.15418],[-0.1357,51.15414],[-0.1357,51.15413]]],[[[-0.13571,51.15393],[-0.13567,51.15421],[-0.13566,51.15423],[-0.13567,51.15417],[-0.13571,51.15393]]],[[[-0.13569,51.15418],[-0.13569,51.15421],[-0.13568,51.15425],[-0.13568,51.15424],[-0.13569,51.15418]]],[[[-0.13563,51.15438],[-0.13563,51.15438],[-0.13563,51.15438],[-0.13563,51.15438]]],[[[-0.13568,51.15425],[-0.13567,51.15431],[-0.13565,51.15441],[-0.13565,51.15435],[-0.13566,51.1543],[-0.13568,51.15425]]],[[[-0.13563,51.15438],[-0.13563,51.15439],[-0.13562,51.15442],[-0.13563,51.15438]]],[[[-0.13563,51.15438],[-0.13562,51.15443],[-0.13562,51.15442],[-0.13563,51.15437],[-0.13563,51.15437],[-0.13563,51.15438]]],[[[-0.13563,51.15439],[-0.13565,51.15428],[-0.13566,51.15424],[-0.13566,51.15423],[-0.13563,51.1544],[-0.13563,51.15443],[-0.13563,51.15439]]],[[[-0.13562,51.15446],[-0.13563,51.15443],[-0.13563,51.15445],[-0.13562,51.15448],[-0.13562,51.15446]]],[[[-0.13562,51.15443],[-0.13562,51.15446],[-0.13561,51.1545],[-0.13562,51.15445],[-0.13562,51.15443]]],[[[-0.13562,51.15448],[-0.13562,51.15448],[-0.13561,51.15452],[-0.13562,51.15448]]],[[[-0.13565,51.15441],[-0.13565,51.15443],[-0.13563,51.15452],[-0.13562,51.15455],[-0.13562,51.15452],[-0.13565,51.15441]]],[[[-0.13562,51.15455],[-0.13562,51.15456],[-0.13562,51.15458],[-0.13562,51.15457],[-0.13562,51.15455]]],[[[-0.13562,51.15458],[-0.13562,51.1546],[-0.13561,51.15462],[-0.13562,51.15458]]],[[[-0.13561,51.15452],[-0.13559,51.15463],[-0.13559,51.1546],[-0.13561,51.15452]]],[[[-0.13561,51.15462],[-0.13561,51.15462],[-0.13559,51.15468],[-0.13559,51.15467],[-0.13561,51.15462]]],[[[-0.13559,51.15463],[-0.13557,51.15476],[-0.13554,51.15484],[-0.13557,51.15473],[-0.13559,51.15463]]],[[[-0.13554,51.15484],[-0.13554,51.15485],[-0.13554,51.15485],[-0.13554,51.15484]]],[[[-0.13559,51.15468],[-0.13558,51.1548],[-0.13555,51.15489],[-0.13559,51.1547],[-0.13559,51.15468]]],[[[-0.13554,51.15485],[-0.13554,51.15488],[-0.13553,51.15489],[-0.13554,51.15485]]],[[[-0.13555,51.15489],[-0.13555,51.1549],[-0.13555,51.15489],[-0.13555,51.15489]]],[[[-0.13555,51.1549],[-0.13554,51.15494],[-0.13553,51.15499],[-0.13555,51.1549]]],[[[-0.13553,51.15489],[-0.13551,51.15502],[-0.13551,51.15496],[-0.13553,51.15489]]],[[[-0.13553,51.15499],[-0.13552,51.15504],[-0.13552,51.15504],[-0.13552,51.15502],[-0.13553,51.15499]]],[[[-0.13551,51.15502],[-0.1355,51.15503],[-0.1355,51.15504],[-0.13549,51.1551],[-0.13549,51.15508],[-0.1355,51.15506],[-0.13551,51.15502]]],[[[-0.13552,51.15504],[-0.13553,51.15499],[-0.13553,51.155],[-0.13549,51.15518],[-0.13551,51.15508],[-0.13552,51.15504]]],[[[-0.13548,51.15526],[-0.13549,51.15518],[-0.13549,51.15521],[-0.13548,51.15526],[-0.13548,51.15526]]],[[[-0.13548,51.15526],[-0.13547,51.15527],[-0.13547,51.15528],[-0.13548,51.15525],[-0.13548,51.15526]]],[[[-0.13547,51.15528],[-0.13547,51.15529],[-0.13547,51.15529],[-0.13547,51.15528]]],[[[-0.13547,51.15529],[-0.13547,51.15529],[-0.13547,51.1553],[-0.13547,51.15529]]],[[[-0.13549,51.1551],[-0.13549,51.1551],[-0.13546,51.15526],[-0.13542,51.15542],[-0.13542,51.15543],[-0.13541,51.15545],[-0.13542,51.15541],[-0.13549,51.1551]]],[[[-0.13541,51.15547],[-0.13541,51.15547],[-0.13541,51.15548],[-0.13541,51.15547]]],[[[-0.13541,51.15545],[-0.13541,51.15547],[-0.1354,51.1555],[-0.13541,51.15547],[-0.13541,51.15545]]],[[[-0.13543,51.1555],[-0.13545,51.15538],[-0.13547,51.1553],[-0.13545,51.15539],[-0.13543,51.15549],[-0.13543,51.15551],[-0.13543,51.1555]]],[[[-0.13541,51.15548],[-0.13539,51.15555],[-0.1354,51.15552],[-0.13541,51.15548]]],[[[-0.13539,51.15555],[-0.13539,51.15557],[-0.13538,51.15558],[-0.13539,51.15555]]],[[[-0.13543,51.1555],[-0.13541,51.15557],[-0.13541,51.15559],[-0.13541,51.15554],[-0.13543,51.15549],[-0.13543,51.1555]]],[[[-0.13541,51.15557],[-0.13541,51.15557],[-0.13541,51.15559],[-0.13541,51.15559],[-0.13541,51.15557]]],[[[-0.13541,51.15559],[-0.13541,51.15561],[-0.1354,51.15564],[-0.1354,51.15562],[-0.1354,51.15562],[-0.13541,51.15559]]],[[[-0.13538,51.15558],[-0.13537,51.15565],[-0.13537,51.15566],[-0.13538,51.15558]]],[[[-0.13537,51.15565],[-0.13538,51.15564],[-0.13538,51.15565],[-0.13537,51.15568],[-0.13536,51.15572],[-0.13536,51.15568],[-0.13537,51.15565]]],[[[-0.1354,51.15564],[-0.1354,51.15564],[-0.13539,51.15568],[-0.13538,51.15572],[-0.1354,51.15564]]],[[[-0.13536,51.15581],[-0.13536,51.1558],[-0.13538,51.15572],[-0.13536,51.15582],[-0.13536,51.15581]]],[[[-0.13536,51.15572],[-0.13536,51.15572],[-0.13534,51.15581],[-0.13534,51.15582],[-0.13536,51.15572]]],[[[-0.13536,51.15581],[-0.13536,51.15583],[-0.13536,51.15583],[-0.13536,51.15581],[-0.13536,51.15581]]],[[[-0.13536,51.15583],[-0.13536,51.15586],[-0.13534,51.15595],[-0.13532,51.156],[-0.13536,51.15583]]],[[[-0.13534,51.15581],[-0.13534,51.1558],[-0.13528,51.15608],[-0.13528,51.15611],[-0.13526,51.15614],[-0.13534,51.15581]]],[[[-0.13526,51.15614],[-0.13525,51.15623],[-0.13526,51.15616],[-0.13526,51.15614]]],[[[-0.13532,51.156],[-0.13526,51.15629],[-0.13525,51.15631],[-0.13528,51.15614],[-0.13527,51.1562],[-0.13532,51.15601],[-0.13532,51.156]]],[[[-0.13525,51.15623],[-0.13524,51.15627],[-0.13522,51.15634],[-0.13525,51.15623]]],[[[-0.13522,51.15635],[-0.13524,51.15627],[-0.13528,51.15611],[-0.13528,51.1561],[-0.13522,51.15636],[-0.13522,51.15635]]],[[[-0.13522,51.15635],[-0.13521,51.15637],[-0.13522,51.15633],[-0.13522,51.15631],[-0.13522,51.15635]]],[[[-0.1352,51.15644],[-0.13521,51.15637],[-0.13521,51.15638],[-0.1352,51.15645],[-0.1352,51.15644]]],[[[-0.1352,51.15644],[-0.13519,51.15647],[-0.1352,51.1564],[-0.1352,51.1564],[-0.1352,51.15644]]],[[[-0.13519,51.15647],[-0.13519,51.15647],[-0.13519,51.15649],[-0.13519,51.15647]]],[[[-0.13525,51.15631],[-0.13525,51.15634],[-0.13522,51.15647],[-0.1352,51.1565],[-0.1352,51.15649],[-0.13521,51.15647],[-0.13525,51.15631]]],[[[-0.13519,51.15649],[-0.13518,51.15653],[-0.13518,51.15653],[-0.13519,51.15649]]],[[[-0.13522,51.15647],[-0.13523,51.15645],[-0.13522,51.15648],[-0.1352,51.15656],[-0.1352,51.15656],[-0.13522,51.15647]]],[[[-0.1352,51.15656],[-0.13519,51.1566],[-0.13519,51.15661],[-0.13519,51.15659],[-0.1352,51.15657],[-0.1352,51.15656]]],[[[-0.13519,51.15661],[-0.13519,51.15661],[-0.13519,51.15664],[-0.13518,51.15667],[-0.13519,51.15663],[-0.13519,51.15661]]],[[[-0.13518,51.15667],[-0.13518,51.1567],[-0.13517,51.15672],[-0.13518,51.15668],[-0.13518,51.15668],[-0.13518,51.15667]]],[[[-0.13517,51.15674],[-0.13517,51.15672],[-0.13517,51.15675],[-0.13517,51.15674]]],[[[-0.13517,51.15674],[-0.13516,51.15678],[-0.13516,51.15675],[-0.13517,51.15671],[-0.13517,51.15674]]],[[[-0.13518,51.15653],[-0.13518,51.15657],[-0.13516,51.15667],[-0.13512,51.15679],[-0.13518,51.15653]]],[[[-0.13512,51.15679],[-0.13509,51.15696],[-0.13507,51.15701],[-0.13511,51.15685],[-0.13512,51.15679]]],[[[-0.13516,51.15678],[-0.13515,51.15683],[-0.13513,51.15693],[-0.13509,51.15704],[-0.13511,51.15695],[-0.13516,51.15678]]],[[[-0.13509,51.15704],[-0.13509,51.15704],[-0.13507,51.1571],[-0.13507,51.1571],[-0.13509,51.15704]]],[[[-0.13507,51.1571],[-0.13506,51.15713],[-0.13506,51.15714],[-0.13506,51.15713],[-0.13507,51.1571]]],[[[-0.13507,51.15701],[-0.13503,51.1572],[-0.13501,51.15723],[-0.13502,51.1572],[-0.13507,51.15701]]],[[[-0.13506,51.15714],[-0.13506,51.15716],[-0.13502,51.15729],[-0.13503,51.15725],[-0.13505,51.15716],[-0.13506,51.15714],[-0.13506,51.15714]]],[[[-0.13502,51.15729],[-0.13502,51.1573],[-0.13502,51.1573],[-0.13502,51.15729]]],[[[-0.13501,51.15723],[-0.13499,51.15735],[-0.13498,51.15737],[-0.13498,51.15738],[-0.13501,51.15724],[-0.13501,51.15723]]],[[[-0.13498,51.15738],[-0.13497,51.1574],[-0.13497,51.15743],[-0.13497,51.15739],[-0.13498,51.15738]]],[[[-0.13502,51.1573],[-0.13492,51.15774],[-0.13492,51.15777],[-0.1349,51.15781],[-0.13492,51.15771],[-0.13502,51.1573]]],[[[-0.13497,51.1574],[-0.13498,51.15737],[-0.13499,51.15736],[-0.13497,51.15747],[-0.13495,51.15755],[-0.13493,51.15764],[-0.13488,51.15782],[-0.13489,51.15775],[-0.13497,51.1574]]],[[[-0.1349,51.15781],[-0.1349,51.15785],[-0.13489,51.15785],[-0.1349,51.15784],[-0.1349,51.15783],[-0.1349,51.15781]]],[[[-0.1349,51.15785],[-0.1349,51.15783],[-0.1349,51.15783],[-0.13489,51.15785],[-0.1349,51.15785]]],[[[-0.13489,51.15785],[-0.13489,51.15786],[-0.13489,51.15786],[-0.13489,51.15785],[-0.13489,51.15785]]],[[[-0.13489,51.15786],[-0.13489,51.15785],[-0.13488,51.15791],[-0.13489,51.15786]]],[[[-0.13488,51.15782],[-0.13486,51.15792],[-0.13486,51.15792],[-0.13485,51.15795],[-0.13486,51.15791],[-0.13488,51.15782]]],[[[-0.13489,51.15786],[-0.13487,51.15795],[-0.13487,51.15796],[-0.13488,51.15788],[-0.13489,51.15786]]],[[[-0.13485,51.15795],[-0.13484,51.15797],[-0.13485,51.15795],[-0.13485,51.15795]]],[[[-0.13484,51.15797],[-0.13484,51.15801],[-0.13483,51.15801],[-0.13484,51.15797]]],[[[-0.13484,51.15801],[-0.13484,51.15801],[-0.13484,51.15801],[-0.13483,51.15803],[-0.13484,51.15801]]],[[[-0.13487,51.15796],[-0.13486,51.15801],[-0.13485,51.15802],[-0.13484,51.15806],[-0.13486,51.15797],[-0.13487,51.15796]]],[[[-0.13483,51.15803],[-0.13483,51.15805],[-0.13482,51.15808],[-0.13483,51.15804],[-0.13483,51.15803]]],[[[-0.13483,51.15812],[-0.13484,51.15806],[-0.1348,51.15823],[-0.1348,51.15823],[-0.13483,51.15812]]],[[[-0.13483,51.15805],[-0.13484,51.15801],[-0.13484,51.15801],[-0.13485,51.15799],[-0.13483,51.15812],[-0.13479,51.15825],[-0.13483,51.15805]]],[[[-0.1348,51.15823],[-0.1348,51.15824],[-0.13479,51.15829],[-0.13479,51.15827],[-0.1348,51.15823]]],[[[-0.13479,51.15825],[-0.13478,51.15829],[-0.13478,51.15828],[-0.13479,51.15825]]],[[[-0.13477,51.15837],[-0.13479,51.15829],[-0.13479,51.15829],[-0.13479,51.1583],[-0.13477,51.15837],[-0.13477,51.15837]]],[[[-0.13478,51.15829],[-0.13477,51.15837],[-0.13477,51.15838],[-0.13477,51.15838],[-0.13477,51.15834],[-0.13478,51.15829]]],[[[-0.13477,51.15839],[-0.13477,51.15838],[-0.13477,51.15837],[-0.13477,51.1584],[-0.13477,51.15841],[-0.13477,51.15839]]],[[[-0.13477,51.15838],[-0.13477,51.15839],[-0.13476,51.15845],[-0.13476,51.15844],[-0.13477,51.15838]]],[[[-0.13476,51.15847],[-0.13477,51.15841],[-0.13477,51.15842],[-0.13477,51.15845],[-0.13476,51.1585],[-0.13476,51.15847]]],[[[-0.13476,51.15845],[-0.13476,51.15847],[-0.13474,51.15857],[-0.13474,51.15853],[-0.13476,51.15845]]],[[[-0.13474,51.15859],[-0.13476,51.1585],[-0.13477,51.15856],[-0.13477,51.15856],[-0.13475,51.15868],[-0.13474,51.15859]]],[[[-0.13474,51.15857],[-0.13474,51.15859],[-0.13472,51.15868],[-0.13472,51.15867],[-0.13474,51.15857]]],[[[-0.13475,51.15868],[-0.13476,51.15876],[-0.13476,51.15879],[-0.13474,51.15874],[-0.13475,51.15868]]],[[[-0.13476,51.15879],[-0.13476,51.15881],[-0.13478,51.15902],[-0.13478,51.15901],[-0.13475,51.15889],[-0.13476,51.15879]]],[[[-0.13478,51.15902],[-0.1348,51.15906],[-0.13481,51.15914],[-0.13479,51.15907],[-0.13478,51.15902]]],[[[-0.13481,51.15914],[-0.13482,51.1592],[-0.13482,51.15921],[-0.13481,51.15919],[-0.13481,51.15918],[-0.13481,51.15914]]],[[[-0.13482,51.15921],[-0.13483,51.15922],[-0.13483,51.15923],[-0.13482,51.15922],[-0.13482,51.15921]]],[[[-0.13483,51.15923],[-0.13484,51.15924],[-0.13486,51.15928],[-0.13486,51.15928],[-0.13484,51.15926],[-0.13483,51.15923]]],[[[-0.13486,51.15928],[-0.13486,51.15928],[-0.1349,51.15935],[-0.13489,51.1594],[-0.13487,51.15939],[-0.13486,51.15936],[-0.13486,51.15928]]],[[[-0.13626,51.14962],[-0.13626,51.14962],[-0.13626,51.14964],[-0.13626,51.14964],[-0.13626,51.14962]]],[[[-0.13626,51.14964],[-0.13626,51.14964],[-0.13626,51.14964],[-0.13626,51.14964]]],[[[-0.13626,51.14964],[-0.13626,51.14964],[-0.13626,51.14965],[-0.13626,51.14964]]],[[[-0.13626,51.14962],[-0.13625,51.14966],[-0.13625,51.14957],[-0.13625,51.14957],[-0.13626,51.14959],[-0.13626,51.14962]]],[[[-0.13625,51.14968],[-0.13626,51.14964],[-0.13626,51.14964],[-0.13625,51.14972],[-0.13625,51.14968]]],[[[-0.13625,51.14966],[-0.13625,51.14968],[-0.13625,51.14973],[-0.13625,51.14971],[-0.13625,51.14966]]],[[[-0.13625,51.14972],[-0.13625,51.14973],[-0.13625,51.14974],[-0.13625,51.14972]]],[[[-0.13625,51.14973],[-0.13626,51.14967],[-0.13625,51.14974],[-0.13625,51.14973]]],[[[-0.13625,51.14974],[-0.13625,51.14975],[-0.13625,51.14977],[-0.13625,51.14976],[-0.13625,51.14974]]],[[[-0.13626,51.1498],[-0.13627,51.14973],[-0.13627,51.14974],[-0.13626,51.1498]]],[[[-0.13625,51.14975],[-0.13626,51.14968],[-0.13626,51.14968],[-0.13625,51.14981],[-0.13625,51.14975]]],[[[-0.13625,51.14982],[-0.13626,51.1498],[-0.13625,51.14982],[-0.13625,51.14982]]],[[[-0.13625,51.14981],[-0.13625,51.14982],[-0.13625,51.14982],[-0.13625,51.14981]]],[[[-0.13625,51.14982],[-0.13625,51.14982],[-0.13625,51.14985],[-0.13625,51.14985],[-0.13625,51.14982]]],[[[-0.13625,51.14973],[-0.13625,51.14977],[-0.13623,51.14989],[-0.13625,51.14973]]],[[[-0.13624,51.14986],[-0.13625,51.14985],[-0.13625,51.14988],[-0.13625,51.14988],[-0.13624,51.1499],[-0.13624,51.14986]]],[[[-0.13621,51.15004],[-0.13622,51.14998],[-0.13623,51.14989],[-0.13622,51.14996],[-0.13621,51.15004],[-0.13621,51.15004]]],[[[-0.13624,51.14986],[-0.13622,51.15004],[-0.13622,51.15],[-0.13624,51.14986],[-0.13624,51.14986]]],[[[-0.13622,51.15004],[-0.13622,51.15005],[-0.13621,51.15006],[-0.13621,51.15006],[-0.13622,51.15004]]],[[[-0.13621,51.15006],[-0.13621,51.15007],[-0.13621,51.15006],[-0.13621,51.15006]]],[[[-0.13621,51.15004],[-0.13621,51.15004],[-0.13621,51.15008],[-0.13621,51.15006],[-0.13621,51.15002],[-0.13621,51.15004]]],[[[-0.13621,51.15007],[-0.13621,51.15007],[-0.13621,51.15009],[-0.13621,51.15007]]],[[[-0.13621,51.15008],[-0.13621,51.15008],[-0.1362,51.1501],[-0.13621,51.15008]]],[[[-0.13621,51.15009],[-0.1362,51.15015],[-0.1362,51.15015],[-0.1362,51.15014],[-0.13621,51.15009]]],[[[-0.1362,51.1501],[-0.13619,51.15017],[-0.1362,51.15015],[-0.1362,51.1501]]],[[[-0.13617,51.15033],[-0.13616,51.15041],[-0.13616,51.1504],[-0.13617,51.15032],[-0.13617,51.15033]]],[[[-0.13618,51.15042],[-0.1362,51.15015],[-0.13621,51.15014],[-0.13621,51.15017],[-0.13619,51.1504],[-0.13617,51.15047],[-0.13618,51.15042]]],[[[-0.13617,51.15033],[-0.13619,51.15017],[-0.13619,51.15029],[-0.13618,51.15032],[-0.13619,51.1503],[-0.13618,51.15042],[-0.13617,51.1505],[-0.13617,51.15051],[-0.13617,51.15033]]],[[[-0.13617,51.15053],[-0.13617,51.1505],[-0.13617,51.15047],[-0.13617,51.1505],[-0.13617,51.15054],[-0.13617,51.15053]]],[[[-0.13616,51.15055],[-0.13617,51.15054],[-0.13617,51.15057],[-0.13616,51.1506],[-0.13616,51.15055]]],[[[-0.13617,51.15051],[-0.13617,51.15053],[-0.13616,51.15055],[-0.13615,51.15062],[-0.13616,51.15058],[-0.13617,51.15051]]],[[[-0.13615,51.15063],[-0.13616,51.1506],[-0.13616,51.15063],[-0.13615,51.15064],[-0.13615,51.15063]]],[[[-0.13615,51.15062],[-0.13615,51.15063],[-0.13615,51.15065],[-0.13615,51.15065],[-0.13615,51.15062]]],[[[-0.13615,51.15067],[-0.13615,51.15064],[-0.13615,51.15067],[-0.13615,51.15068],[-0.13615,51.15069],[-0.13615,51.15067]]],[[[-0.13615,51.15065],[-0.13615,51.15067],[-0.13614,51.15071],[-0.13615,51.15066],[-0.13615,51.15065]]],[[[-0.13581,51.15334],[-0.13581,51.15334],[-0.13582,51.15328],[-0.13582,51.15327],[-0.13582,51.15327],[-0.13581,51.15334]]],[[[-0.13579,51.15346],[-0.1358,51.15342],[-0.13581,51.15335],[-0.13581,51.15334],[-0.1358,51.15338],[-0.13579,51.15347],[-0.13579,51.15346]]],[[[-0.13579,51.15346],[-0.13578,51.15354],[-0.13578,51.15358],[-0.13578,51.15359],[-0.13578,51.1535],[-0.13579,51.15345],[-0.13579,51.15346]]],[[[-0.13569,51.15416],[-0.13569,51.15415],[-0.1357,51.15412],[-0.1357,51.15414],[-0.13569,51.15417],[-0.13569,51.15416]]],[[[-0.13569,51.15416],[-0.13568,51.15418],[-0.13567,51.1542],[-0.13568,51.15418],[-0.13569,51.15415],[-0.13569,51.15416]]],[[[-0.13567,51.1542],[-0.13565,51.15434],[-0.13567,51.15421],[-0.13567,51.1542]]],[[[-0.13568,51.15418],[-0.13569,51.15417],[-0.13568,51.15424],[-0.13566,51.1543],[-0.13564,51.15438],[-0.13567,51.15424],[-0.13568,51.15418]]],[[[-0.13564,51.15438],[-0.13564,51.15438],[-0.13564,51.15438],[-0.13564,51.15438]]],[[[-0.13565,51.15434],[-0.13564,51.15438],[-0.13564,51.15439],[-0.13565,51.15434]]],[[[-0.13564,51.15439],[-0.13563,51.15442],[-0.13563,51.15443],[-0.13563,51.1544],[-0.13564,51.15439]]],[[[-0.13563,51.15443],[-0.13563,51.15442],[-0.13563,51.15444],[-0.13563,51.15443]]],[[[-0.13563,51.15443],[-0.13563,51.15442],[-0.13564,51.15438],[-0.13563,51.15443],[-0.13563,51.15445],[-0.13563,51.15443]]],[[[-0.13563,51.15443],[-0.13563,51.15443],[-0.13563,51.15445],[-0.13563,51.15445],[-0.13563,51.15443]]],[[[-0.13563,51.15444],[-0.13563,51.15447],[-0.13563,51.15446],[-0.13563,51.15444]]],[[[-0.13563,51.15445],[-0.13563,51.15445],[-0.13562,51.15447],[-0.13563,51.15445]]],[[[-0.13562,51.15447],[-0.13562,51.15449],[-0.13562,51.15448],[-0.13562,51.15447]]],[[[-0.13563,51.15447],[-0.13562,51.15452],[-0.13562,51.15455],[-0.13562,51.15451],[-0.13563,51.15447]]],[[[-0.13562,51.15455],[-0.13562,51.15457],[-0.1356,51.15466],[-0.1356,51.15465],[-0.13562,51.15455]]],[[[-0.1356,51.15466],[-0.13559,51.15467],[-0.13559,51.15469],[-0.13559,51.15467],[-0.1356,51.15466]]],[[[-0.13562,51.15449],[-0.13562,51.1545],[-0.13558,51.15474],[-0.13557,51.15475],[-0.13562,51.15449]]],[[[-0.13558,51.15474],[-0.13559,51.15469],[-0.13559,51.1547],[-0.13557,51.15476],[-0.13558,51.15474]]],[[[-0.13557,51.15475],[-0.13557,51.15477],[-0.13557,51.15478],[-0.13557,51.15476],[-0.13557,51.15475]]],[[[-0.13556,51.15479],[-0.13557,51.15477],[-0.13557,51.15476],[-0.13556,51.15483],[-0.13556,51.15479]]],[[[-0.13556,51.15483],[-0.13555,51.15489],[-0.13554,51.15491],[-0.13556,51.15483]]],[[[-0.13557,51.15478],[-0.13556,51.15479],[-0.13552,51.15502],[-0.13551,51.15507],[-0.13551,51.15508],[-0.13549,51.15514],[-0.13548,51.15516],[-0.13549,51.15512],[-0.1355,51.15504],[-0.13553,51.1549],[-0.13553,51.1549],[-0.13554,51.15488],[-0.13557,51.15478]]],[[[-0.13548,51.15516],[-0.13548,51.15517],[-0.13548,51.15517],[-0.13548,51.15516]]],[[[-0.13548,51.15517],[-0.13548,51.15519],[-0.13547,51.15521],[-0.13548,51.15517]]],[[[-0.13548,51.15523],[-0.13551,51.15509],[-0.13551,51.15507],[-0.13552,51.15504],[-0.13551,51.15508],[-0.13548,51.15525],[-0.13548,51.15523]]],[[[-0.13548,51.15523],[-0.13547,51.15525],[-0.13548,51.15521],[-0.13548,51.15523]]],[[[-0.13547,51.15525],[-0.13547,51.15526],[-0.13547,51.15526],[-0.13547,51.15525]]],[[[-0.13547,51.15521],[-0.13547,51.15523],[-0.13546,51.15528],[-0.13546,51.15526],[-0.13547,51.15521]]],[[[-0.13547,51.15526],[-0.13547,51.15529],[-0.13546,51.15533],[-0.13547,51.15526],[-0.13547,51.15526]]],[[[-0.13546,51.15528],[-0.13545,51.15534],[-0.13543,51.15539],[-0.13546,51.15528]]],[[[-0.13543,51.15539],[-0.13543,51.15542],[-0.13542,51.15543],[-0.13542,51.15543],[-0.13541,51.15547],[-0.13542,51.15543],[-0.13542,51.15542],[-0.13543,51.15539]]],[[[-0.13542,51.15548],[-0.13543,51.15547],[-0.13546,51.15533],[-0.13545,51.15538],[-0.13543,51.15549],[-0.13542,51.15548]]],[[[-0.13542,51.15548],[-0.13541,51.15554],[-0.1354,51.15559],[-0.1354,51.15559],[-0.1354,51.15557],[-0.13542,51.15548],[-0.13542,51.15548]]],[[[-0.1354,51.15559],[-0.13541,51.15559],[-0.1354,51.15562],[-0.1354,51.15562],[-0.1354,51.1556],[-0.1354,51.15559]]],[[[-0.13542,51.15543],[-0.13542,51.15546],[-0.1354,51.15554],[-0.1354,51.15553],[-0.13538,51.15563],[-0.13538,51.15564],[-0.13538,51.15559],[-0.13539,51.15557],[-0.13542,51.15543]]],[[[-0.13538,51.15563],[-0.13538,51.15563],[-0.13538,51.15565],[-0.13538,51.15565],[-0.13538,51.15563]]],[[[-0.13538,51.15565],[-0.13538,51.15565],[-0.13538,51.15566],[-0.13538,51.15565]]],[[[-0.13538,51.15566],[-0.13537,51.15569],[-0.13537,51.15568],[-0.13538,51.15566]]],[[[-0.13537,51.15569],[-0.13536,51.15572],[-0.13536,51.15572],[-0.13537,51.15569]]],[[[-0.13536,51.15572],[-0.13536,51.15572],[-0.13536,51.15573],[-0.13536,51.15572]]],[[[-0.13536,51.15573],[-0.13535,51.15579],[-0.13534,51.1558],[-0.13536,51.15573]]],[[[-0.13536,51.15579],[-0.13537,51.15576],[-0.13539,51.15566],[-0.1354,51.15562],[-0.1354,51.15562],[-0.13539,51.1557],[-0.13536,51.1558],[-0.13536,51.15581],[-0.13536,51.15579]]],[[[-0.13535,51.15579],[-0.13536,51.15575],[-0.13532,51.15594],[-0.13535,51.15579]]],[[[-0.13536,51.15579],[-0.13536,51.15583],[-0.13532,51.15601],[-0.1353,51.15607],[-0.13536,51.15577],[-0.13536,51.15579]]],[[[-0.13532,51.15594],[-0.13529,51.15605],[-0.13528,51.1561],[-0.13528,51.15608],[-0.13532,51.15594]]],[[[-0.1353,51.15607],[-0.13528,51.15614],[-0.13529,51.15609],[-0.1353,51.15607]]],[[[-0.13528,51.15614],[-0.13528,51.15614],[-0.13528,51.15614],[-0.13528,51.15614]]],[[[-0.13521,51.15641],[-0.13521,51.15643],[-0.13521,51.15638],[-0.13522,51.15636],[-0.13521,51.15641]]],[[[-0.13521,51.15641],[-0.13529,51.15605],[-0.1353,51.15602],[-0.13528,51.15614],[-0.13524,51.15634],[-0.13521,51.15647],[-0.13521,51.15648],[-0.13521,51.15641]]],[[[-0.1352,51.15651],[-0.13521,51.15648],[-0.1352,51.15649],[-0.1352,51.15651],[-0.1352,51.15651],[-0.1352,51.15651]]],[[[-0.1352,51.15649],[-0.13521,51.15643],[-0.1352,51.15651],[-0.1352,51.15651],[-0.13519,51.15653],[-0.1352,51.15649]]],[[[-0.1352,51.15649],[-0.13519,51.15653],[-0.13519,51.15647],[-0.1352,51.15645],[-0.1352,51.15649]]],[[[-0.1352,51.15651],[-0.1352,51.1565],[-0.1352,51.15656],[-0.1352,51.15657],[-0.13519,51.15658],[-0.13519,51.15657],[-0.1352,51.15652],[-0.1352,51.15651]]],[[[-0.13519,51.15653],[-0.13518,51.15658],[-0.13518,51.15659],[-0.13518,51.15657],[-0.13519,51.15653]]],[[[-0.13519,51.15658],[-0.13519,51.15659],[-0.13519,51.1566],[-0.13519,51.15659],[-0.13519,51.15658]]],[[[-0.13519,51.1566],[-0.13519,51.15663],[-0.13518,51.15664],[-0.13518,51.15662],[-0.13519,51.1566]]],[[[-0.13517,51.15668],[-0.13516,51.15671],[-0.13517,51.1567],[-0.13517,51.1567],[-0.13517,51.15668],[-0.13517,51.15668]]],[[[-0.13517,51.15668],[-0.13517,51.15668],[-0.13518,51.15664],[-0.13518,51.15668],[-0.13517,51.15671],[-0.13517,51.15668]]],[[[-0.13516,51.15671],[-0.13516,51.15675],[-0.13513,51.15684],[-0.13516,51.15671]]],[[[-0.13518,51.15659],[-0.13518,51.15662],[-0.13514,51.15676],[-0.13511,51.15686],[-0.13516,51.15667],[-0.13518,51.15659]]],[[[-0.13513,51.15684],[-0.13511,51.15695],[-0.13507,51.1571],[-0.13506,51.15714],[-0.13506,51.15715],[-0.13507,51.15707],[-0.13513,51.15684]]],[[[-0.13506,51.15715],[-0.13505,51.15716],[-0.13505,51.15717],[-0.13505,51.15715],[-0.13506,51.15715]]],[[[-0.13511,51.15686],[-0.13505,51.15716],[-0.13504,51.15718],[-0.13509,51.15696],[-0.13511,51.15686]]],[[[-0.13505,51.15717],[-0.13503,51.15725],[-0.13503,51.15727],[-0.13504,51.15719],[-0.13505,51.15717]]],[[[-0.13504,51.15718],[-0.13503,51.15724],[-0.13501,51.15728],[-0.13503,51.1572],[-0.13504,51.15718]]],[[[-0.13501,51.15728],[-0.135,51.15734],[-0.13499,51.15736],[-0.13499,51.15735],[-0.13501,51.15728]]],[[[-0.135,51.15734],[-0.13501,51.15732],[-0.13499,51.15739],[-0.135,51.15734]]],[[[-0.13503,51.15727],[-0.13502,51.1573],[-0.13499,51.15741],[-0.13501,51.15732],[-0.13502,51.1573],[-0.13503,51.15727]]],[[[-0.13499,51.15739],[-0.13496,51.15752],[-0.13495,51.15756],[-0.13497,51.15747],[-0.13499,51.15739]]],[[[-0.13494,51.15764],[-0.13496,51.15752],[-0.13499,51.15741],[-0.13492,51.15771],[-0.1349,51.15783],[-0.1349,51.15783],[-0.13494,51.15764]]],[[[-0.1349,51.15783],[-0.1349,51.15784],[-0.13489,51.15785],[-0.13488,51.15787],[-0.1349,51.15783]]],[[[-0.13495,51.15756],[-0.13494,51.15764],[-0.13488,51.15787],[-0.13488,51.15787],[-0.13493,51.15764],[-0.13495,51.15756]]],[[[-0.13488,51.15787],[-0.13488,51.15787],[-0.13488,51.15787],[-0.13488,51.15787]]],[[[-0.13486,51.15796],[-0.13488,51.15789],[-0.13486,51.15792],[-0.13486,51.15792],[-0.13487,51.15791],[-0.13488,51.15787],[-0.13488,51.15787],[-0.13488,51.15787],[-0.13488,51.15788],[-0.13488,51.15788],[-0.13486,51.15797],[-0.13485,51.15799],[-0.13485,51.15799],[-0.13486,51.15796]]],[[[-0.13486,51.15792],[-0.13486,51.15796],[-0.13484,51.15801],[-0.13484,51.15801],[-0.13486,51.15792],[-0.13486,51.15792]]],[[[-0.13625,51.14978],[-0.13625,51.14977],[-0.13625,51.14974],[-0.13625,51.14976],[-0.13625,51.14978]]],[[[-0.13625,51.14979],[-0.13625,51.14977],[-0.13625,51.14982],[-0.13625,51.14979]]],[[[-0.13625,51.14978],[-0.13625,51.14979],[-0.13624,51.14984],[-0.13625,51.14978]]],[[[-0.13625,51.14982],[-0.13625,51.14985],[-0.13624,51.14986],[-0.13625,51.14982]]],[[[-0.13624,51.14984],[-0.13622,51.15],[-0.13622,51.15002],[-0.13622,51.14996],[-0.13624,51.14984]]],[[[-0.13621,51.15005],[-0.13622,51.15002],[-0.13621,51.15006],[-0.13621,51.15006],[-0.13621,51.15005]]],[[[-0.13621,51.15005],[-0.13621,51.15007],[-0.13621,51.15004],[-0.13621,51.15004],[-0.13621,51.15005]]],[[[-0.13621,51.15006],[-0.13621,51.15006],[-0.13621,51.15007],[-0.13621,51.15006]]],[[[-0.13621,51.15007],[-0.13621,51.1501],[-0.13621,51.15008],[-0.13621,51.15007]]],[[[-0.13621,51.1501],[-0.1362,51.15014],[-0.13619,51.1503],[-0.13619,51.15029],[-0.13621,51.1501]]],[[[-0.13563,51.15446],[-0.13563,51.15445],[-0.13563,51.15445],[-0.13563,51.15446]]],[[[-0.13563,51.15446],[-0.13563,51.15446],[-0.13562,51.15448],[-0.13563,51.15446]]],[[[-0.13562,51.15448],[-0.13562,51.15451],[-0.13562,51.1545],[-0.13562,51.15448]]],[[[-0.13562,51.15451],[-0.13562,51.15451],[-0.13561,51.15454],[-0.13562,51.15451]]],[[[-0.13561,51.15454],[-0.1356,51.15465],[-0.13559,51.15467],[-0.13559,51.15469],[-0.13561,51.15454]]],[[[-0.13549,51.15517],[-0.13551,51.15508],[-0.13551,51.15509],[-0.13548,51.15518],[-0.13548,51.15521],[-0.13548,51.15519],[-0.13548,51.15519],[-0.13549,51.15517]]],[[[-0.13544,51.15538],[-0.13545,51.15534],[-0.13545,51.15534],[-0.13545,51.15532],[-0.13547,51.15526],[-0.13547,51.15526],[-0.13545,51.15533],[-0.13545,51.15535],[-0.13544,51.15538]]],[[[-0.13544,51.15538],[-0.13543,51.15547],[-0.13542,51.15548],[-0.13542,51.15546],[-0.13544,51.15538]]],[[[-0.13539,51.15561],[-0.13538,51.15563],[-0.1354,51.15554],[-0.1354,51.15557],[-0.13539,51.15561]]],[[[-0.13538,51.15563],[-0.13538,51.15563],[-0.13539,51.15559],[-0.13538,51.15563]]],[[[-0.13538,51.15563],[-0.13538,51.15563],[-0.13538,51.15563],[-0.13538,51.15563]]],[[[-0.13538,51.15563],[-0.13538,51.15565],[-0.13538,51.15565],[-0.13538,51.15563]]],[[[-0.13537,51.15569],[-0.13539,51.15561],[-0.1354,51.15559],[-0.1354,51.1556],[-0.13539,51.15566],[-0.13537,51.15571],[-0.13537,51.15569]]],[[[-0.13538,51.15565],[-0.13537,51.15569],[-0.13536,51.15574],[-0.13536,51.15572],[-0.13538,51.15565]]],[[[-0.13536,51.15574],[-0.13536,51.15574],[-0.13536,51.15575],[-0.13536,51.15574]]],[[[-0.13536,51.15574],[-0.13537,51.15571],[-0.13537,51.15576],[-0.13536,51.15577],[-0.13536,51.15574]]],[[[-0.13519,51.15653],[-0.13519,51.15653],[-0.13519,51.15653],[-0.13519,51.15653]]],[[[-0.13519,51.15653],[-0.13519,51.15653],[-0.13519,51.15654],[-0.13519,51.15653]]],[[[-0.13519,51.15653],[-0.1352,51.15651],[-0.1352,51.15651],[-0.1352,51.15652],[-0.13519,51.15654],[-0.13519,51.15653]]],[[[-0.13519,51.15656],[-0.13519,51.15654],[-0.13519,51.15657],[-0.13519,51.15659],[-0.13519,51.15661],[-0.13519,51.15656]]],[[[-0.13519,51.15654],[-0.13519,51.15656],[-0.13518,51.15662],[-0.13518,51.15658],[-0.13519,51.15654]]],[[[-0.13518,51.15662],[-0.13517,51.15662],[-0.13518,51.15662],[-0.13518,51.15662]]],[[[-0.13517,51.15662],[-0.13517,51.15665],[-0.13517,51.15666],[-0.13517,51.15662]]],[[[-0.13517,51.15665],[-0.13519,51.15661],[-0.13518,51.15662],[-0.13517,51.15668],[-0.13517,51.15668],[-0.13517,51.15665]]],[[[-0.13517,51.15666],[-0.13517,51.1567],[-0.13507,51.15707],[-0.13505,51.15715],[-0.13514,51.15676],[-0.13517,51.15666]]],[[[-0.13505,51.15715],[-0.13505,51.15715],[-0.13505,51.15716],[-0.13505,51.15715]]],[[[-0.13505,51.15716],[-0.13504,51.15718],[-0.13505,51.15716],[-0.13505,51.15716]]],[[[-0.13504,51.15718],[-0.13504,51.15719],[-0.13504,51.15719],[-0.13504,51.15718]]],[[[-0.13504,51.15719],[-0.13502,51.15729],[-0.13503,51.15724],[-0.13504,51.15719]]],[[[-0.13502,51.15729],[-0.13501,51.15732],[-0.13501,51.15732],[-0.13502,51.15729]]]]}},{"type":"Feature","properties":{"source_code":"H82040","codes":["H82040"],"label":"MODALITY MID SUSSEX"},"geometry":{"type":"Polygon","coordinates":[[[-0.12982,51.13154],[-0.10645,51.13687],[-0.0927,51.13919],[-0.06935,51.14409],[-0.03983,51.13929],[-0.04935,51.12427],[-0.04875,51.10859],[-0.05373,51.09193],[-0.03536,51.07339],[-0.05806,51.07379],[-0.07836,51.077],[-0.12239,51.08002],[-0.12916,51.08733],[-0.13043,51.09691],[-0.13332,51.11627],[-0.13176,51.11729],[-0.13004,51.11904],[-0.12929,51.12029],[-0.12876,51.12101],[-0.12859,51.12219],[-0.12968,51.12378],[-0.13043,51.12468],[-0.1302,51.12568],[-0.12973,51.12763],[-0.12982,51.13154]]]}},{"type":"Feature","properties":{"source_code":"H82005","codes":["H82005"],"label":"CUCKFIELD MEDICAL CENTRE"},"geometry":{"type":"Polygon","coordinates":[[[-0.09346,50.97227],[-0.09312,50.97075],[-0.09381,50.96989],[-0.09381,50.96794],[-0.09586,50.96621],[-0.09724,50.96427],[-0.10032,50.96275],[-0.10238,50.96124],[-0.10719,50.96016],[-0.10925,50.96124],[-0.11131,50.9621],[-0.11302,50.96297],[-0.11439,50.96362],[-0.11645,50.96491],[-0.11748,50.96535],[-0.11988,50.96686],[-0.12229,50.96773],[-0.12606,50.96794],[-0.12915,50.96794],[-0.13121,50.96556],[-0.13464,50.96405],[-0.13567,50.9647],[-0.13636,50.96578],[-0.13807,50.96664],[-0.1391,50.96859],[-0.14116,50.9701],[-0.14185,50.9714],[-0.14425,50.97205],[-0.14459,50.97248],[-0.14699,50.97248],[-0.14905,50.97248],[-0.1518,50.97248],[-0.15488,50.97248],[-0.15729,50.9727],[-0.16003,50.97313],[-0.16346,50.97335],[-0.16724,50.97335],[-0.1693,50.97335],[-0.17204,50.97335],[-0.17582,50.97356],[-0.17925,50.97399],[-0.18371,50.97443],[-0.18714,50.97594],[-0.1892,50.97724],[-0.1916,50.97767],[-0.19263,50.97918],[-0.19332,50.98048],[-0.19538,50.98156],[-0.19812,50.98199],[-0.20052,50.98221],[-0.2019,50.98286],[-0.2043,50.98307],[-0.20636,50.98372],[-0.20807,50.98415],[-0.2115,50.98502],[-0.21356,50.9861],[-0.21631,50.9874],[-0.21871,50.98956],[-0.21905,50.98977],[-0.22145,50.99172],[-0.22214,50.9928],[-0.22317,50.99345],[-0.22351,50.99561],[-0.22351,50.99712],[-0.22454,50.99863],[-0.2266,51.00036],[-0.22797,51.00187],[-0.23072,51.0036],[-0.23209,51.00533],[-0.23449,51.00684],[-0.23621,51.00792],[-0.23758,51.009],[-0.23793,51.01095],[-0.23896,51.01332],[-0.24033,51.01483],[-0.24033,51.01635],[-0.23861,51.01786],[-0.23518,51.01915],[-0.23175,51.02045],[-0.229,51.02175],[-0.2266,51.02283],[-0.22489,51.02326],[-0.22145,51.02455],[-0.21905,51.02455],[-0.21631,51.02585],[-0.21219,51.02736],[-0.20807,51.02909],[-0.20498,51.0306],[-0.19949,51.03297],[-0.19503,51.03384],[-0.19297,51.03384],[-0.18817,51.03492],[-0.18405,51.036],[-0.18131,51.036],[-0.17823,51.03664],[-0.17719,51.03772],[-0.17445,51.03945],[-0.1693,51.04096],[-0.16655,51.04312],[-0.16415,51.0442],[-0.15935,51.04506],[-0.15626,51.04506],[-0.15214,51.04506],[-0.1494,51.04528],[-0.14047,51.04593],[-0.13498,51.04593],[-0.13052,51.04593],[-0.12503,51.04528],[-0.1216,51.04398],[-0.11817,51.04334],[-0.10925,51.04291],[-0.10547,51.04247],[-0.10376,51.04204],[-0.10067,51.04183],[-0.09518,51.04075],[-0.09072,51.03924],[-0.09003,51.03686],[-0.09003,51.03427],[-0.09003,51.03125],[-0.09038,51.02887],[-0.0914,51.02585],[-0.09243,51.02347],[-0.09381,51.01851],[-0.09449,51.01376],[-0.09587,51.00965],[-0.09861,51.00684],[-0.09758,51.00641],[-0.09587,51.00403],[-0.09312,51.00317],[-0.08866,51.00187],[-0.08763,51.00036],[-0.08077,50.99885],[-0.08077,50.99669],[-0.08214,50.99518],[-0.0842,50.99345],[-0.08523,50.99172],[-0.08591,50.99129],[-0.0866,50.98934],[-0.08729,50.98891],[-0.08694,50.98718],[-0.08797,50.9861],[-0.089,50.98351],[-0.08935,50.97962],[-0.09072,50.9781],[-0.09106,50.97486],[-0.09346,50.97399],[-0.09346,50.97227]]]}},{"type":"Feature","properties":{"source_code":"H82035","codes":["H82035"],"label":"LINDFIELD MEDICAL CENTRE"},"geometry":{"type":"Polygon","coordinates":[[[-0.07793,51.04916],[-0.0285,51.036],[-0.07725,51.00879],[-0.09476,51.0144],[-0.08892,51.04247],[-0.07793,51.04916]]]}},{"type":"Feature","properties":{"source_code":"G81024","codes":["G81024"],"label":"ASHDOWN FOREST HEALTH CENTRE"},"geometry":{"type":"MultiPolygon","coordinates":[[[[0.01205,51.11737],[0.01122,51.11661],[0.01142,51.1168],[0.01213,51.1175],[0.01205,51.11737]]],[[[0.013,51.11811],[0.01284,51.11796],[0.013,51.11818],[0.01324,51.11839],[0.013,51.11811]]],[[[0.01257,51.11809],[0.01256,51.11811],[0.01246,51.11798],[0.01257,51.11809],[0.01258,51.11809],[0.01253,51.11804],[0.01224,51.11761],[0.01213,51.1175],[0.01253,51.11813],[0.01294,51.11845],[0.01257,51.11809]]],[[[0.013,51.11818],[0.01214,51.11746],[0.01224,51.11761],[0.01338,51.11873],[0.013,51.11818]]],[[[0.01349,51.11888],[0.01325,51.11869],[0.01357,51.119],[0.01349,51.11888]]],[[[0.01338,51.11873],[0.01349,51.11888],[0.01373,51.11907],[0.01338,51.11873]]],[[[0.0136,51.11904],[0.01313,51.1186],[0.01294,51.11845],[0.01373,51.11923],[0.0136,51.11904]]],[[[0.01373,51.11907],[0.01441,51.11975],[0.01405,51.11932],[0.01373,51.11907]]],[[[0.01357,51.119],[0.0136,51.11904],[0.01459,51.11997],[0.01357,51.119]]],[[[0.01441,51.11975],[0.0147,51.12008],[0.01513,51.12031],[0.01468,51.12001],[0.01441,51.11975]]],[[[0.01513,51.12031],[0.01583,51.12078],[0.01561,51.12057],[0.01513,51.12031]]],[[[0.01791,51.12211],[0.01788,51.12205],[0.01788,51.12205],[0.01789,51.12217],[0.01791,51.12218],[0.01791,51.12211]]],[[[0.01781,51.12225],[0.01759,51.12207],[0.01758,51.1221],[0.01763,51.12227],[0.01788,51.12234],[0.01781,51.12225]]],[[[0.01755,51.12224],[0.01755,51.12208],[0.01632,51.12111],[0.01583,51.12078],[0.01753,51.12239],[0.01738,51.12219],[0.01755,51.12224]]],[[[0.01755,51.1224],[0.01753,51.12239],[0.01755,51.12241],[0.01755,51.1224]]],[[[0.01763,51.12227],[0.01755,51.12224],[0.01755,51.1224],[0.01776,51.1226],[0.01779,51.12257],[0.01777,51.12258],[0.01764,51.1223],[0.01763,51.12227]]],[[[0.01776,51.1226],[0.01763,51.12273],[0.01781,51.12265],[0.01776,51.1226]]],[[[0.01791,51.12218],[0.0179,51.12226],[0.01789,51.12217],[0.01778,51.1221],[0.01773,51.12215],[0.01781,51.12225],[0.01794,51.12236],[0.01788,51.12234],[0.01792,51.12239],[0.0181,51.12256],[0.02042,51.12622],[0.01794,51.1222],[0.01791,51.12218]]],[[[0.02042,51.12622],[0.0242,51.13233],[0.02137,51.12771],[0.02042,51.12622]]],[[[0.013,51.11811],[0.01377,51.11883],[0.01621,51.12089],[0.01749,51.12159],[0.01752,51.12179],[0.01757,51.12174],[0.01772,51.12162],[0.01782,51.12187],[0.01784,51.12187],[0.01789,51.12192],[0.01787,51.12197],[0.01789,51.122],[0.01797,51.12193],[0.0179,51.12202],[0.01792,51.12206],[0.01791,51.12211],[0.02446,51.13236],[0.02533,51.13444],[0.02638,51.13635],[0.05517,51.12587],[0.06635,51.11958],[0.07238,51.10962],[0.11738,51.10447],[0.11637,51.08783],[0.10334,51.07247],[0.0975,51.06686],[0.09682,51.06276],[0.0975,51.05974],[0.10025,51.05629],[0.10403,51.05089],[0.10265,51.04614],[0.09991,51.04226],[0.09682,51.03945],[0.09613,51.0347],[0.09338,51.03125],[0.09201,51.02585],[0.09167,51.01959],[0.08926,51.01397],[0.09295,50.99642],[0.07347,50.99599],[0.01665,51.00925],[0.00908,51.00889],[-0.00056,51.01891],[-0.01708,51.02164],[-0.01708,51.03176],[-0.02343,51.0303],[-0.03699,51.03165],[-0.03802,51.03319],[-0.03837,51.034],[-0.04326,51.04058],[-0.04729,51.05451],[-0.04712,51.0681],[-0.06248,51.06815],[-0.063,51.07096],[-0.05785,51.08196],[-0.0321,51.09317],[-0.0274,51.09359],[-0.02287,51.0953],[-0.01279,51.09722],[-0.00533,51.0986],[-0.00543,51.10204],[-0.00253,51.10902],[-0.0021,51.10964],[-0.00146,51.11008],[0.00013,51.11126],[0.00247,51.11196],[0.00399,51.11252],[0.00457,51.1127],[0.00624,51.11386],[0.00707,51.11466],[0.00749,51.11506],[0.00812,51.11526],[0.00819,51.11525],[0.00865,51.11541],[0.00913,51.11543],[0.00903,51.11555],[0.00967,51.11545],[0.0099,51.11551],[0.01019,51.11559],[0.01008,51.11563],[0.01028,51.11565],[0.01082,51.11584],[0.01218,51.11716],[0.013,51.11811]]],[[[0.01325,51.11869],[0.01259,51.11807],[0.01258,51.11809],[0.01313,51.1186],[0.01325,51.11869]]],[[[0.01548,51.12045],[0.01377,51.11883],[0.01324,51.11839],[0.01405,51.11932],[0.01548,51.12045]]],[[[0.01548,51.12045],[0.01561,51.12057],[0.01569,51.12061],[0.01548,51.12045]]],[[[0.01569,51.12061],[0.01632,51.12111],[0.01702,51.12158],[0.01621,51.12089],[0.01569,51.12061]]],[[[0.01752,51.12181],[0.01752,51.12179],[0.0175,51.1218],[0.01752,51.12181]]],[[[0.01776,51.12188],[0.01776,51.12187],[0.01774,51.12188],[0.01776,51.12188]]],[[[0.01776,51.12188],[0.01781,51.12195],[0.01786,51.122],[0.01787,51.12197],[0.01784,51.12191],[0.01782,51.12187],[0.01776,51.12188]]],[[[0.01787,51.12201],[0.01786,51.122],[0.01786,51.12202],[0.01787,51.12201]]],[[[0.01786,51.12202],[0.01786,51.12202],[0.01786,51.12202],[0.01786,51.12202]]],[[[0.01754,51.12193],[0.01702,51.12158],[0.01755,51.12203],[0.01754,51.12193]]],[[[0.01761,51.12198],[0.01761,51.12198],[0.0176,51.12202],[0.01769,51.12203],[0.01761,51.12198]]],[[[0.01787,51.12201],[0.01787,51.12205],[0.01788,51.12205],[0.0179,51.12202],[0.01789,51.122],[0.01787,51.12201]]],[[[0.0176,51.12202],[0.01756,51.12201],[0.01757,51.12205],[0.01759,51.12207],[0.0176,51.12202]]],[[[0.01786,51.12202],[0.01781,51.12195],[0.0178,51.12194],[0.01752,51.12181],[0.01754,51.12193],[0.01761,51.12198],[0.01782,51.12205],[0.01769,51.12203],[0.01778,51.1221],[0.01786,51.12202]]],[[[0.01787,51.12205],[0.01786,51.12202],[0.01783,51.12211],[0.01788,51.12205],[0.01787,51.12205]]],[[[0.01757,51.12205],[0.01755,51.12203],[0.01757,51.12217],[0.01758,51.1221],[0.01757,51.12205]]]]}},{"type":"Feature","properties":{"source_code":"H82063","codes":["H82063"],"label":"MOATFIELD SURGERY"},"geometry":{"type":"Polygon","coordinates":[[[0.02626,51.13684],[0.02626,51.13671],[0.02687,51.13412],[0.02519,51.13264],[0.02661,51.13052],[0.02506,51.12801],[0.02644,51.12594],[0.02635,51.12464],[0.02566,51.12281],[0.02738,51.12163],[0.02841,51.1185],[0.03073,51.11759],[0.03212,51.11697],[0.03352,51.11581],[0.03611,51.11551],[0.03605,51.11365],[0.03726,51.11329],[0.03832,51.11229],[0.04002,51.1124],[0.04139,51.11224],[0.04101,51.11023],[0.0427,51.11014],[0.04487,51.10993],[0.04498,51.10914],[0.03974,51.10923],[0.03201,51.10896],[0.02901,51.10907],[0.02712,51.10918],[0.02472,51.10821],[0.01923,51.10568],[0.01373,51.10751],[0.00961,51.1102],[0.00635,51.10665],[0.00798,51.10433],[0.01099,51.10258],[0.01129,51.10201],[0.01107,51.10161],[0.01077,51.10131],[0.00978,51.10164],[0.0076,51.10166],[0.00485,51.10166],[0.00309,51.1011],[0.00099,51.10123],[-0.00077,51.0998],[-0.00322,51.09902],[-0.00575,51.09851],[-0.00738,51.0977],[-0.01215,51.09579],[-0.01622,51.09603],[-0.02172,51.09544],[-0.02412,51.09498],[-0.02584,51.0936],[-0.02562,51.09231],[-0.02661,51.09166],[-0.02824,51.09342],[-0.03073,51.09431],[-0.03227,51.09439],[-0.03279,51.09377],[-0.03759,51.09269],[-0.04317,51.09161],[-0.06248,51.08908],[-0.07982,51.08649],[-0.08205,51.08843],[-0.08849,51.09258],[-0.09338,51.09652],[-0.09677,51.09875],[-0.09931,51.10131],[-0.10188,51.10349],[-0.10386,51.106],[-0.10986,51.11117],[-0.11274,51.11519],[-0.10737,51.12669],[-0.10437,51.13504],[-0.10295,51.13892],[-0.10171,51.13886],[-0.09991,51.1387],[-0.09544,51.13854],[-0.0933,51.13849],[-0.09029,51.1401],[-0.08695,51.14172],[-0.08617,51.14247],[-0.08274,51.14253],[-0.07751,51.14204],[-0.0703,51.14425],[-0.06738,51.14721],[-0.06497,51.14759],[-0.06154,51.14823],[-0.05914,51.14759],[-0.05794,51.14651],[-0.0563,51.14527],[-0.05322,51.1429],[-0.04935,51.14091],[-0.04403,51.13983],[-0.04051,51.13956],[-0.03571,51.13978],[-0.02841,51.14059],[-0.02283,51.14112],[-0.0203,51.14131],[-0.02008,51.14263],[-0.01584,51.14164],[-0.01468,51.14077],[-0.01212,51.1403],[-0.01051,51.13991],[-0.00785,51.14013],[-0.00509,51.14045],[-0.00429,51.13964],[-0.00137,51.14086],[0.00292,51.1408],[0.00652,51.14032],[0.00884,51.13905],[0.01227,51.13889],[0.01678,51.1387],[0.02094,51.13862],[0.02382,51.1387],[0.02592,51.13877],[0.02695,51.13861],[0.0268,51.13771],[0.02605,51.13697],[0.02626,51.13684]]]}},{"type":"Feature","properties":{"source_code":"H81023","codes":["H81023"],"label":"LINGFIELD SURGERY"},"geometry":{"type":"MultiPolygon","coordinates":[[[[-0.00616,51.13716],[-0.00771,51.13687],[-0.00833,51.13686],[-0.0086,51.1374],[-0.00616,51.13716]]],[[[-0.02099,51.13777],[-0.0189,51.13778],[-0.02062,51.1375],[-0.02099,51.13777]]],[[[-0.0086,51.1374],[-0.0103,51.13757],[-0.01553,51.13773],[-0.01591,51.13779],[-0.00879,51.13779],[-0.0086,51.1374]]],[[[-0.01591,51.13779],[-0.01648,51.13779],[-0.01709,51.13778],[-0.01717,51.13779],[-0.01715,51.13778],[-0.0189,51.13778],[-0.01751,51.138],[-0.01591,51.13779]]],[[[-0.00879,51.13779],[-0.0089,51.13802],[-0.00859,51.13779],[-0.00879,51.13779]]],[[[0.02894,51.19833],[0.02852,51.19846],[0.02853,51.19835],[0.02848,51.19837],[0.02849,51.19826],[0.02854,51.19824],[0.02853,51.19835],[0.02896,51.19818],[0.02894,51.19833],[0.04039,51.19467],[0.04003,51.19455],[0.04039,51.19444],[0.04013,51.19433],[0.04149,51.19331],[0.0418,51.19237],[0.04383,51.18947],[0.04563,51.18743],[0.04541,51.1851],[0.04532,51.18414],[0.04487,51.18176],[0.04487,51.18171],[0.04484,51.18164],[0.04476,51.18119],[0.04472,51.18006],[0.04351,51.17773],[0.0433,51.17713],[0.04315,51.17508],[0.04264,51.17448],[0.04234,51.17016],[0.03658,51.16332],[0.03619,51.16213],[0.03468,51.16086],[0.03288,51.15826],[0.03276,51.15726],[0.03291,51.15537],[0.03692,51.14998],[0.0427,51.14341],[0.04263,51.14331],[0.0432,51.14271],[0.04239,51.14183],[0.04233,51.14216],[0.04246,51.14042],[0.04057,51.14029],[0.04053,51.14023],[0.03403,51.13978],[0.02821,51.13804],[0.02714,51.13794],[0.02338,51.1368],[0.01213,51.13778],[0.00688,51.13758],[-0.00034,51.13645],[-0.00154,51.13681],[-0.00389,51.13631],[-0.00927,51.13671],[-0.01715,51.13778],[-0.01709,51.13778],[-0.01553,51.13773],[-0.00897,51.13685],[-0.00833,51.13686],[-0.00828,51.13676],[-0.00771,51.13687],[-0.00378,51.13692],[-0.00616,51.13716],[-0.00405,51.13756],[-0.00481,51.13779],[-0.00506,51.13785],[-0.00618,51.138],[-0.00892,51.13805],[-0.0089,51.13802],[-0.00895,51.13805],[-0.0182,51.13822],[-0.02147,51.13833],[-0.02168,51.13826],[-0.02099,51.13777],[-0.02335,51.13776],[-0.02541,51.13714],[-0.02534,51.13775],[-0.03533,51.13771],[-0.03761,51.13886],[-0.03854,51.13889],[-0.0409,51.13946],[-0.04841,51.14053],[-0.04978,51.14098],[-0.05553,51.14161],[-0.06228,51.14212],[-0.06901,51.14212],[-0.07804,51.14166],[-0.0781,51.14167],[-0.07832,51.1416],[-0.08263,51.14274],[-0.08382,51.14302],[-0.08961,51.14393],[-0.09013,51.14437],[-0.09131,51.14455],[-0.09316,51.14697],[-0.09418,51.14807],[-0.09637,51.14991],[-0.08996,51.15393],[-0.06867,51.16435],[-0.06944,51.16649],[-0.07221,51.1736],[-0.07249,51.1746],[-0.07327,51.17631],[-0.07453,51.18063],[-0.07536,51.18296],[-0.07654,51.18493],[-0.07719,51.18804],[-0.08032,51.19673],[-0.0816,51.19874],[-0.08233,51.20146],[-0.08377,51.2044],[-0.08328,51.20497],[-0.08366,51.20601],[-0.07918,51.20944],[-0.08008,51.20894],[-0.07833,51.21009],[-0.07464,51.2129],[-0.07328,51.21419],[-0.07322,51.21438],[-0.07141,51.21664],[-0.06928,51.21737],[-0.0668,51.21937],[-0.06355,51.22141],[-0.06066,51.22299],[-0.05885,51.22503],[-0.05796,51.22474],[-0.05734,51.22489],[-0.05726,51.22493],[-0.05687,51.2251],[-0.05637,51.22514],[-0.05611,51.22517],[-0.05579,51.22524],[-0.05647,51.22546],[-0.05105,51.22591],[-0.04794,51.22546],[-0.04382,51.22546],[-0.03921,51.22546],[-0.03804,51.22568],[-0.03491,51.22533],[-0.03372,51.22554],[-0.03205,51.22502],[-0.03189,51.225],[-0.0317,51.22491],[-0.03153,51.22486],[-0.029,51.22433],[-0.02871,51.22397],[-0.02794,51.22373],[-0.02759,51.22256],[-0.02683,51.22161],[-0.0239,51.21977],[-0.02272,51.21967],[-0.02289,51.21914],[-0.02286,51.21912],[-0.01744,51.21618],[-0.01312,51.21493],[-0.01312,51.21493],[-0.0103,51.21447],[-0.01015,51.21432],[-0.00804,51.21391],[-0.00515,51.21074],[-0.00193,51.20904],[0.00461,51.20644],[0.00695,51.20535],[0.012,51.20374],[0.00889,51.20599],[0.01918,51.20199],[0.02015,51.20214],[0.02448,51.20259],[0.02656,51.20107],[0.02701,51.20101],[0.02711,51.20067],[0.02882,51.19942],[0.02894,51.19833]]],[[[0.01561,51.2013],[0.01051,51.20248],[0.01422,51.20127],[0.01561,51.2013]]],[[[0.00174,51.20683],[0.01592,51.2013],[0.01867,51.20132],[0.01892,51.20133],[0.01762,51.20174],[0.01581,51.20146],[0.01478,51.20191],[0.01437,51.20191],[0.00836,51.2047],[0.00352,51.20622],[0.0033,51.20633],[0.00174,51.20683]]],[[[0.01668,51.20225],[0.01773,51.20191],[0.01868,51.20191],[0.01912,51.20198],[0.01668,51.20225]]]]}},{"type":"Feature","properties":{"source_code":"H81005","codes":["H81005"],"label":"POND TAIL SURGERY"},"geometry":{"type":"MultiPolygon","coordinates":[[[[-0.06592,51.20215],[-0.07004,51.20172],[-0.07553,51.20194],[-0.07999,51.20258],[-0.08377,51.20366],[-0.08652,51.20581],[-0.08789,51.20731],[-0.05699,51.20344],[-0.06283,51.20301],[-0.06592,51.20215]]],[[[-0.09853,51.21377],[-0.09167,51.20774],[-0.09373,51.20946],[-0.09613,51.21054],[-0.09785,51.21205],[-0.09853,51.21377]]],[[[-0.11124,51.22215],[-0.10437,51.21678],[-0.10712,51.21807],[-0.10986,51.22065],[-0.11124,51.22215]]],[[[-0.11433,51.23161],[-0.11124,51.22151],[-0.11433,51.22409],[-0.11433,51.22667],[-0.11467,51.22946],[-0.11433,51.23161]]],[[[-0.11552,51.23169],[-0.11536,51.2314],[-0.11536,51.2286],[-0.11552,51.23169]]],[[[-0.11552,51.23169],[-0.11604,51.23269],[-0.11639,51.23591],[-0.11707,51.23806],[-0.11639,51.24021],[-0.11604,51.24215],[-0.11552,51.23169]]],[[[-0.11667,51.25308],[-0.10986,51.24816],[-0.10918,51.24644],[-0.11467,51.24408],[-0.11501,51.24773],[-0.1157,51.25182],[-0.11667,51.25308]]],[[[-0.12394,51.26084],[-0.11536,51.24236],[-0.11707,51.24451],[-0.11776,51.24687],[-0.11845,51.24881],[-0.11982,51.25139],[-0.12154,51.25311],[-0.12188,51.25482],[-0.12257,51.25676],[-0.12394,51.25912],[-0.12394,51.26084]]],[[[-0.11667,51.25308],[-0.11879,51.25461],[-0.12001,51.2573],[-0.12325,51.25998],[-0.12119,51.2617],[-0.11879,51.26063],[-0.11536,51.25998],[-0.11124,51.25869],[-0.10712,51.25826],[-0.10231,51.25783],[-0.09853,51.25719],[-0.09579,51.25697],[-0.09235,51.25697],[-0.08961,51.25697],[-0.08205,51.25719],[-0.07965,51.25719],[-0.07484,51.25826],[-0.06969,51.25826],[-0.06557,51.25848],[-0.0618,51.25848],[-0.05733,51.25783],[-0.0515,51.2574],[-0.04738,51.25547],[-0.04463,51.25439],[-0.0412,51.25225],[-0.03811,51.25096],[-0.03468,51.24945],[-0.03262,51.24752],[-0.03227,51.24515],[-0.0309,51.24322],[-0.03365,51.24215],[-0.03433,51.23978],[-0.03365,51.23763],[-0.0333,51.2357],[-0.03021,51.23355],[-0.03021,51.23118],[-0.02884,51.22774],[-0.0285,51.22495],[-0.02712,51.22194],[-0.02541,51.21957],[-0.02438,51.21699],[-0.02472,51.21355],[-0.02644,51.21097],[-0.0285,51.20796],[-0.03227,51.20645],[-0.03502,51.20559],[-0.03742,51.20516],[-0.0412,51.2043],[-0.04429,51.20409],[-0.04669,51.20366],[-0.04978,51.20344],[-0.05459,51.20301],[-0.11974,51.25707],[-0.11667,51.25308]]]]}},{"type":"Feature","properties":{"source_code":"H81056","codes":["H81056"],"label":"OXTED HEALTH CENTRE"},"geometry":{"type":"Polygon","coordinates":[[[-0.05553,51.25364],[-0.0551,51.25469],[-0.05489,51.25563],[-0.05433,51.25619],[-0.053,51.25649],[-0.05171,51.25681],[-0.05085,51.25746],[-0.05055,51.25829],[-0.05017,51.25931],[-0.05051,51.26063],[-0.05107,51.26146],[-0.05111,51.26186],[-0.05034,51.26183],[-0.04961,51.26151],[-0.04854,51.26124],[-0.04768,51.26114],[-0.04682,51.26124],[-0.04665,51.26189],[-0.04631,51.26243],[-0.04489,51.26275],[-0.04425,51.26296],[-0.04043,51.26503],[-0.03802,51.26573],[-0.03536,51.26694],[-0.03463,51.26725],[-0.03405,51.26743],[-0.03226,51.26956],[-0.0327,51.27006],[-0.03171,51.27203],[-0.02701,51.27309],[-0.02527,51.27328],[-0.02396,51.27345],[-0.02202,51.27421],[-0.02071,51.27469],[-0.01885,51.27486],[-0.01762,51.27494],[-0.01675,51.2746],[-0.01563,51.27435],[-0.01511,51.2742],[-0.01421,51.27407],[-0.01255,51.27455],[-0.00954,51.27537],[-0.0079,51.27565],[-0.00644,51.27606],[-0.00511,51.27685],[-0.00273,51.2779],[-0.00093,51.27911],[0.0,51.27991],[0.00148,51.28047],[0.00207,51.2809],[0.00283,51.28146],[0.00382,51.28149],[0.00487,51.28178],[0.00633,51.28233],[0.00866,51.28279],[0.01355,51.28341],[0.0174,51.28416],[0.02014,51.28442],[0.0243,51.28509],[0.02681,51.28529],[0.03013,51.28529],[0.03148,51.28499],[0.03242,51.28482],[0.03332,51.28495],[0.03455,51.28502],[0.03576,51.28467],[0.03709,51.28415],[0.0381,51.28381],[0.03908,51.28364],[0.04081,51.28347],[0.04254,51.28374],[0.0437,51.28387],[0.0445,51.28378],[0.0458,51.28362],[0.04662,51.28371],[0.04716,51.28295],[0.03859,51.28101],[0.0392,51.27955],[0.04083,51.27785],[0.04138,51.27714],[0.04185,51.27506],[0.04149,51.27413],[0.04101,51.2738],[0.04076,51.2731],[0.04082,51.27175],[0.04127,51.271],[0.0418,51.27062],[0.04228,51.26987],[0.04282,51.26915],[0.04281,51.26842],[0.04302,51.26792],[0.04377,51.26727],[0.045,51.2666],[0.04583,51.26605],[0.04594,51.26557],[0.04636,51.26523],[0.04824,51.26472],[0.04901,51.26435],[0.04902,51.26325],[0.04896,51.26274],[0.04914,51.2623],[0.0485,51.26215],[0.04777,51.262],[0.04778,51.26122],[0.04721,51.26096],[0.04722,51.26056],[0.04847,51.26044],[0.04897,51.25995],[0.049,51.25903],[0.04898,51.25739],[0.04948,51.25663],[0.04939,51.25579],[0.04814,51.25502],[0.04717,51.25428],[0.04446,51.25303],[0.04331,51.25224],[0.04278,51.2515],[0.04265,51.25032],[0.04237,51.24925],[0.0421,51.24796],[0.04265,51.247],[0.0441,51.24588],[0.04616,51.24446],[0.04715,51.24335],[0.0473,51.24272],[0.04772,51.24194],[0.04844,51.24129],[0.0488,51.24004],[0.04877,51.23972],[0.04845,51.23931],[0.04683,51.23844],[0.04714,51.23619],[0.04545,51.23549],[0.0446,51.23528],[0.04358,51.23526],[0.0423,51.23546],[0.04165,51.2356],[0.04138,51.23586],[0.04111,51.23593],[0.04084,51.23541],[0.04101,51.23501],[0.04071,51.23435],[0.03915,51.23247],[0.03853,51.23128],[0.03816,51.22987],[0.03785,51.22841],[0.03821,51.22653],[0.03864,51.22561],[0.03912,51.22523],[0.04103,51.22228],[0.04027,51.2219],[0.04015,51.22187],[0.04142,51.22003],[0.04205,51.21978],[0.04181,51.21907],[0.04126,51.21825],[0.04136,51.21799],[0.04171,51.21765],[0.0412,51.21632],[0.0412,51.21563],[0.04137,51.21521],[0.0418,51.21446],[0.0424,51.2143],[0.04236,51.21376],[0.04187,51.21295],[0.04132,51.21228],[0.04117,51.21135],[0.04067,51.21127],[0.04051,51.21103],[0.04038,51.21057],[0.02843,51.21208],[0.02143,51.21292],[-0.01068,51.21446],[-0.0279,51.21587],[-0.02853,51.21775],[-0.02886,51.21952],[-0.02906,51.22045],[-0.02917,51.22084],[-0.03154,51.22138],[-0.03276,51.22222],[-0.03359,51.22293],[-0.03487,51.2238],[-0.03668,51.22515],[-0.03793,51.22595],[-0.03967,51.22738],[-0.04067,51.22766],[-0.04225,51.22743],[-0.04404,51.22726],[-0.04563,51.22725],[-0.04723,51.22722],[-0.04744,51.22833],[-0.04801,51.22946],[-0.0483,51.23015],[-0.0484,51.2309],[-0.0481,51.23198],[-0.04877,51.23418],[-0.04932,51.23571],[-0.04891,51.23648],[-0.04769,51.23792],[-0.04726,51.2387],[-0.04704,51.23941],[-0.04698,51.24008],[-0.04707,51.24007],[-0.04699,51.24026],[-0.0471,51.24055],[-0.04708,51.24082],[-0.0471,51.24118],[-0.04712,51.2414],[-0.0473,51.24164],[-0.04746,51.24191],[-0.04753,51.24232],[-0.0478,51.24259],[-0.0482,51.243],[-0.04893,51.24379],[-0.04926,51.24425],[-0.04969,51.24465],[-0.04999,51.24497],[-0.05043,51.24537],[-0.05073,51.24572],[-0.0512,51.24626],[-0.05173,51.24682],[-0.05206,51.2473],[-0.05225,51.24787],[-0.0531,51.24888],[-0.05304,51.2493],[-0.05284,51.24981],[-0.05291,51.25046],[-0.05302,51.25098],[-0.05347,51.25192],[-0.05476,51.25305],[-0.05553,51.25364]]]}},{"type":"Feature","properties":{"source_code":"H81045","codes":["H81045"],"label":"CATERHAM VALLEY MEDICAL PRACTICE"},"geometry":{"type":"Polygon","coordinates":[[[-0.08143,51.31284],[-0.07952,51.31017],[-0.0786,51.31017],[-0.07781,51.31013],[-0.0771,51.31016],[-0.07427,51.31113],[-0.07293,51.31106],[-0.07218,51.31091],[-0.06467,51.30636],[-0.06409,51.30634],[-0.06347,51.30646],[-0.06259,51.30705],[-0.06077,51.30772],[-0.06002,51.30783],[-0.05935,51.3074],[-0.05907,51.3069],[-0.05847,51.30655],[-0.058,51.3069],[-0.05607,51.30944],[-0.05491,51.30962],[-0.05424,51.30941],[-0.05313,51.30929],[-0.05167,51.30913],[-0.05023,51.3093],[-0.04959,51.31012],[-0.04925,51.31072],[-0.04843,51.31125],[-0.04744,51.31152],[-0.0454,51.31166],[-0.0447,51.31131],[-0.04109,51.3118],[-0.03817,51.31109],[-0.03154,51.30722],[-0.0318,51.30408],[-0.03133,51.30321],[-0.01674,51.29739],[-0.01326,51.29308],[-0.01056,51.29041],[-0.00691,51.28742],[-0.00554,51.28568],[-0.00395,51.28436],[-0.00279,51.28353],[0.00339,51.28138],[0.00288,51.28146],[0.00206,51.28092],[0.00176,51.28055],[0.0,51.27985],[-0.0018,51.27848],[-0.00275,51.27792],[-0.00571,51.27671],[-0.00648,51.27609],[-0.00725,51.27588],[-0.00987,51.27531],[-0.01339,51.27437],[-0.0136,51.27338],[-0.01455,51.2729],[-0.01549,51.27271],[-0.0182,51.27335],[-0.0185,51.27317],[-0.01811,51.27266],[-0.01682,51.27172],[-0.01609,51.27027],[-0.01661,51.26887],[-0.02064,51.26804],[-0.02425,51.26683],[-0.02978,51.26377],[-0.03257,51.26221],[-0.03476,51.26111],[-0.03815,51.2599],[-0.04163,51.25891],[-0.04635,51.25832],[-0.05077,51.25816],[-0.05116,51.25716],[-0.05279,51.25641],[-0.05433,51.25628],[-0.0551,51.25568],[-0.0554,51.25383],[-0.05588,51.25327],[-0.05579,51.2526],[-0.05553,51.25203],[-0.05506,51.25171],[-0.05532,51.25109],[-0.0557,51.25042],[-0.05639,51.24851],[-0.05682,51.24741],[-0.05768,51.24677],[-0.05764,51.24564],[-0.05729,51.24421],[-0.05712,51.24309],[-0.05708,51.24215],[-0.05652,51.24104],[-0.05746,51.24102],[-0.05849,51.24056],[-0.05914,51.23965],[-0.05974,51.23903],[-0.06047,51.23736],[-0.06343,51.2357],[-0.06317,51.23537],[-0.06987,51.23384],[-0.0748,51.23438],[-0.07708,51.23524],[-0.0824,51.23575],[-0.10064,51.23728],[-0.10677,51.24053],[-0.10669,51.24244],[-0.10888,51.24429],[-0.11051,51.24486],[-0.11171,51.24489],[-0.11476,51.24851],[-0.11677,51.2501],[-0.1169,51.25227],[-0.1181,51.25243],[-0.11986,51.25225],[-0.12158,51.25225],[-0.12175,51.25356],[-0.12162,51.25499],[-0.12261,51.25644],[-0.12364,51.25791],[-0.12381,51.25875],[-0.12278,51.25987],[-0.12287,51.26162],[-0.12158,51.26323],[-0.119,51.26691],[-0.119,51.26782],[-0.12033,51.26833],[-0.12119,51.26978],[-0.12124,51.2708],[-0.12158,51.27142],[-0.12239,51.27185],[-0.12145,51.27287],[-0.12106,51.27462],[-0.12055,51.27864],[-0.12377,51.27851],[-0.12574,51.27894],[-0.12806,51.27923],[-0.12651,51.2861],[-0.12398,51.28651],[-0.10016,51.29603],[-0.09437,51.29947],[-0.0957,51.29952],[-0.09759,51.30046],[-0.09592,51.30132],[-0.0951,51.30025],[-0.09463,51.29976],[-0.09411,51.29995],[-0.08143,51.31284]]]}},{"type":"Feature","properties":{"source_code":"H83013","codes":["H83013"],"label":"OLD COULSDON MEDICAL PRACTICE"},"geometry":{"type":"Polygon","coordinates":[[[-0.1169,51.33815],[-0.11674,51.33812],[-0.11509,51.33703],[-0.11394,51.33624],[-0.11317,51.33545],[-0.11238,51.33451],[-0.11152,51.33361],[-0.10994,51.33162],[-0.10816,51.32972],[-0.10688,51.32852],[-0.10527,51.32761],[-0.10358,51.32685],[-0.10177,51.32623],[-0.09991,51.32561],[-0.09827,51.32489],[-0.09495,51.32357],[-0.09163,51.32201],[-0.08883,51.32022],[-0.08755,51.31943],[-0.08652,51.3186],[-0.08439,51.31738],[-0.08368,51.31636],[-0.08306,51.31443],[-0.08254,51.31361],[-0.0818,51.31296],[-0.08073,51.31186],[-0.07993,51.31074],[-0.07975,51.31011],[-0.08028,51.30981],[-0.08092,51.30932],[-0.08227,51.30846],[-0.08532,51.30765],[-0.08858,51.30078],[-0.08703,51.29338],[-0.08581,51.28979],[-0.08558,51.2877],[-0.08605,51.28561],[-0.08659,51.28424],[-0.08546,51.28161],[-0.08651,51.28108],[-0.0877,51.28046],[-0.08986,51.27925],[-0.09081,51.27853],[-0.09158,51.27773],[-0.0921,51.27715],[-0.09265,51.27608],[-0.09316,51.27512],[-0.09578,51.27344],[-0.09689,51.27267],[-0.0974,51.27225],[-0.09783,51.27177],[-0.09898,51.27025],[-0.09971,51.26922],[-0.10018,51.2681],[-0.10082,51.26758],[-0.10128,51.26689],[-0.10146,51.26645],[-0.10146,51.26599],[-0.10052,51.26498],[-0.10033,51.26394],[-0.10053,51.26306],[-0.10242,51.26386],[-0.10405,51.26493],[-0.10737,51.26601],[-0.10884,51.26615],[-0.11031,51.26613],[-0.11144,51.26615],[-0.11248,51.26604],[-0.11456,51.26612],[-0.11659,51.26655],[-0.11858,51.26688],[-0.11906,51.26697],[-0.11891,51.26765],[-0.11928,51.26803],[-0.12004,51.26832],[-0.12064,51.26864],[-0.12109,51.26961],[-0.12119,51.27075],[-0.12226,51.27183],[-0.12183,51.27225],[-0.12144,51.27302],[-0.12083,51.275],[-0.12046,51.27853],[-0.12454,51.27863],[-0.13402,51.28012],[-0.13791,51.28033],[-0.14162,51.28092],[-0.14291,51.28108],[-0.14357,51.28122],[-0.14415,51.28154],[-0.14531,51.28215],[-0.14564,51.28251],[-0.14576,51.28296],[-0.14608,51.28381],[-0.14668,51.28459],[-0.1477,51.2851],[-0.15044,51.28621],[-0.1515,51.2868],[-0.15272,51.28711],[-0.15522,51.28694],[-0.15547,51.28771],[-0.15536,51.28858],[-0.15713,51.28932],[-0.1584,51.29041],[-0.15992,51.29143],[-0.1606,51.29191],[-0.16153,51.29217],[-0.16036,51.29307],[-0.15855,51.29367],[-0.15803,51.29446],[-0.15698,51.2951],[-0.15421,51.29485],[-0.15423,51.29431],[-0.15486,51.29387],[-0.15587,51.2934],[-0.15402,51.29311],[-0.15244,51.29681],[-0.15089,51.30065],[-0.15,51.302],[-0.14889,51.30332],[-0.14753,51.30526],[-0.1463,51.30736],[-0.14381,51.312],[-0.14098,51.3141],[-0.13917,51.31596],[-0.13872,51.31695],[-0.13895,51.31794],[-0.13913,51.31933],[-0.13884,51.32004],[-0.13862,51.32042],[-0.13829,51.32076],[-0.13757,51.32135],[-0.13676,51.3219],[-0.13379,51.32418],[-0.13181,51.32557],[-0.13079,51.32627],[-0.1297,51.32687],[-0.12806,51.32788],[-0.12773,51.32821],[-0.1273,51.32859],[-0.12618,51.32983],[-0.12525,51.33096],[-0.12482,51.33154],[-0.12421,51.33211],[-0.12167,51.3342],[-0.12058,51.33508],[-0.11951,51.336],[-0.11759,51.33785],[-0.11724,51.33807],[-0.1169,51.33815]]]}},{"type":"Feature","properties":{"source_code":"H81116","codes":["H81116"],"label":"ELIZABETH HOUSE MEDICAL PRACTICE"},"geometry":{"type":"MultiPolygon","coordinates":[[[[-0.05798,51.26955],[-0.05467,51.26965],[-0.03957,51.26857],[-0.04266,51.26879],[-0.04609,51.26868],[-0.05013,51.2689],[-0.05416,51.26906],[-0.05798,51.26955]]],[[[-0.05798,51.26955],[-0.06532,51.26933],[-0.06634,51.27142],[-0.06523,51.27078],[-0.06214,51.27029],[-0.05828,51.26959],[-0.05798,51.26955]]],[[[-0.06634,51.27142],[-0.06643,51.27147],[-0.06644,51.27163],[-0.06634,51.27142]]],[[[-0.06644,51.27163],[-0.0679,51.2746],[-0.06772,51.27448],[-0.06712,51.27346],[-0.06652,51.27244],[-0.06644,51.27163]]],[[[-0.0679,51.2746],[-0.06892,51.27529],[-0.06935,51.27604],[-0.06987,51.27706],[-0.06978,51.27845],[-0.0679,51.2746]]],[[[-0.00878,51.29011],[-0.00781,51.2893],[-0.00721,51.28812],[-0.0074,51.28836],[-0.00572,51.28605],[-0.00606,51.28218],[-0.00778,51.28003],[-0.01053,51.27531],[-0.01293,51.27402],[-0.01911,51.27123],[-0.02391,51.2708],[-0.03078,51.26973],[-0.03421,51.26908],[-0.04038,51.26951],[-0.00744,51.28841],[-0.00878,51.29011]]],[[[-0.07541,51.2966],[-0.07493,51.29649],[-0.07416,51.29681],[-0.07321,51.29713],[-0.07227,51.29751],[-0.07484,51.29622],[-0.07541,51.2966]]],[[[-0.07541,51.2966],[-0.07587,51.29671],[-0.07665,51.29713],[-0.07725,51.29783],[-0.07541,51.2966]]],[[[-0.06612,51.28369],[-0.06647,51.28003],[-0.0675,51.2985],[-0.06509,51.29485],[-0.06338,51.29206],[-0.06303,51.2897],[-0.06475,51.28669],[-0.06612,51.28369]]],[[[-0.06957,51.30186],[-0.06819,51.30108],[-0.06579,51.29893],[-0.06751,51.29893],[-0.06957,51.30186]]],[[[-0.08014,51.30346],[-0.07914,51.30191],[-0.07982,51.30282],[-0.08014,51.30346]]],[[[-0.08014,51.30346],[-0.08112,51.30498],[-0.0806,51.30443],[-0.08017,51.30352],[-0.08014,51.30346]]],[[[-0.00878,51.29011],[-0.00987,51.29102],[-0.01142,51.29241],[-0.01236,51.29375],[-0.01313,51.29493],[-0.01425,51.29628],[-0.01425,51.29719],[-0.01322,51.2981],[-0.0127,51.29896],[-0.01193,51.30041],[-0.01176,51.30137],[-0.01124,51.30325],[-0.01039,51.30459],[-0.00987,51.3054],[-0.01335,51.2959],[-0.00878,51.29011]]],[[[-0.08112,51.30498],[-0.08137,51.30524],[-0.08171,51.30588],[-0.08205,51.30674],[-0.08223,51.30738],[-0.08248,51.30803],[-0.08257,51.30899],[-0.08291,51.30996],[-0.08291,51.3105],[-0.08257,51.31076],[-0.08111,51.31103],[-0.08167,51.30583],[-0.08112,51.30498]]],[[[-0.00372,51.30979],[-0.00446,51.30824],[-0.00747,51.30669],[-0.00875,51.30561],[-0.00978,51.30492],[-0.00372,51.30979]]],[[[-0.08045,51.31118],[-0.0807,51.31109],[-0.081,51.31105],[-0.08045,51.31118]]],[[[-0.08045,51.31118],[-0.08025,51.31125],[-0.07998,51.31129],[-0.08045,51.31118]]],[[[-0.00372,51.30979],[-0.00343,51.31039],[-0.00249,51.31152],[-0.00232,51.31216],[-0.00034,51.31302],[0.00251,51.31362],[-0.00116,51.31184],[-0.00372,51.30979]]],[[[-0.06957,51.30186],[-0.07197,51.30322],[-0.07368,51.30494],[-0.0754,51.30752],[-0.07677,51.3103],[-0.07768,51.31314],[-0.07783,51.31217],[-0.07819,51.31171],[-0.07815,51.31172],[-0.07819,51.31171],[-0.07821,51.31168],[-0.0786,51.31153],[-0.07859,51.31156],[-0.07875,51.31146],[-0.07899,51.31142],[-0.07924,51.31131],[-0.07984,51.31131],[-0.07998,51.31129],[-0.07857,51.31162],[-0.07735,51.31506],[-0.0774,51.31445],[-0.07765,51.31331],[-0.06957,51.30186]]],[[[0.00251,51.31362],[0.00692,51.31575],[0.00695,51.31473],[0.00609,51.31393],[0.003,51.31372],[0.00251,51.31362]]],[[[0.00692,51.31575],[0.00687,51.31715],[0.00669,51.31897],[0.00592,51.32176],[0.00515,51.32321],[0.00472,51.32434],[0.00865,51.31659],[0.00692,51.31575]]],[[[-0.05553,51.32687],[-0.05546,51.32689],[-0.05549,51.32688],[-0.05553,51.32687]]],[[[-0.05546,51.32689],[-0.05437,51.32737],[-0.05369,51.3274],[-0.05546,51.32689]]],[[[-0.05369,51.3274],[-0.04467,51.32999],[-0.04549,51.3294],[-0.04631,51.32911],[-0.04781,51.32863],[-0.04961,51.32801],[-0.05146,51.32777],[-0.05326,51.32742],[-0.05369,51.3274]]],[[[-0.04409,51.33059],[-0.04412,51.33045],[-0.04472,51.33008],[-0.04409,51.33059]]],[[[-0.08574,51.33143],[-0.08574,51.33142],[-0.0859,51.33123],[-0.0862,51.33108],[-0.08574,51.33143]]],[[[-0.01529,51.33045],[-0.01502,51.32991],[-0.01451,51.32895],[-0.01322,51.32906],[-0.0115,51.32922],[-0.00978,51.32922],[-0.00852,51.32943],[-0.00858,51.32943],[-0.00781,51.32975],[-0.00721,51.32975],[-0.00541,51.32975],[-0.00326,51.32981],[-0.00137,51.32965],[0.00017,51.32954],[0.00172,51.32954],[0.00309,51.32922],[0.00369,51.32884],[0.00378,51.32788],[0.00395,51.32707],[0.00472,51.32584],[0.00489,51.32412],[0.00124,51.32892],[-0.00851,51.32943],[-0.01476,51.32777],[-0.01529,51.33045]]],[[[-0.05553,51.32687],[-0.05594,51.32676],[-0.05585,51.32661],[-0.07575,51.31546],[-0.08124,51.31846],[-0.08502,51.32275],[-0.08571,51.32576],[-0.08502,51.32919],[-0.07988,51.33241],[-0.07404,51.33176],[-0.06992,51.33069],[-0.0634,51.3309],[-0.05723,51.32897],[-0.05596,51.3268],[-0.05553,51.32687]]],[[[-0.04409,51.33059],[-0.04395,51.33126],[-0.04292,51.33168],[-0.04254,51.33185],[-0.04409,51.33059]]],[[[-0.04254,51.33185],[-0.04023,51.33371],[-0.04051,51.33297],[-0.0412,51.33243],[-0.04254,51.33185]]],[[[-0.08574,51.33143],[-0.08559,51.33171],[-0.08542,51.33211],[-0.08527,51.33237],[-0.08478,51.33285],[-0.08407,51.33325],[-0.08287,51.33391],[-0.08214,51.33445],[-0.0815,51.33479],[-0.0809,51.33506],[-0.08574,51.33143]]],[[[-0.01529,51.33045],[-0.01562,51.33109],[-0.01708,51.33233],[-0.01794,51.33313],[-0.01923,51.33383],[-0.02094,51.33512],[-0.02232,51.33587],[-0.02265,51.33642],[-0.01554,51.33168],[-0.01529,51.33045]]],[[[-0.02265,51.33642],[-0.02436,51.33756],[-0.02386,51.33731],[-0.02283,51.33672],[-0.02265,51.33642]]],[[[-0.03485,51.33807],[-0.04023,51.33371],[-0.04017,51.33388],[-0.03922,51.33512],[-0.03854,51.33614],[-0.03802,51.3371],[-0.03777,51.33796],[-0.03691,51.33812],[-0.03622,51.33812],[-0.03485,51.33807]]],[[[-0.02436,51.33756],[-0.02472,51.33774],[-0.02534,51.33818],[-0.02862,51.33844],[-0.02772,51.33871],[-0.02575,51.33866],[-0.02515,51.33817],[-0.02529,51.33818],[-0.02436,51.33756]]],[[[-0.02862,51.33844],[-0.03107,51.33769],[-0.03279,51.33774],[-0.03476,51.33807],[-0.03485,51.33807],[-0.0339,51.33884],[-0.02862,51.33844]]]]}},{"type":"Feature","properties":{"source_code":"G84004","codes":["G84004"],"label":"STOCK HILL SURGERY"},"geometry":{"type":"Polygon","coordinates":[[[0.03674,51.34713],[0.04395,51.34734],[0.0491,51.34455],[0.0539,51.34069],[0.05493,51.3379],[0.05733,51.33383],[0.05905,51.33083],[0.06798,51.3201],[0.07072,51.31752],[0.07416,51.31473],[0.07725,51.3083],[0.08514,51.29864],[0.08171,51.29606],[0.0745,51.29542],[0.06489,51.29456],[0.05905,51.29391],[0.05424,51.2937],[0.05081,51.2922],[0.0388,51.28704],[0.03502,51.28576],[0.02953,51.28619],[0.02403,51.28533],[0.01751,51.28468],[0.01717,51.28769],[0.01785,51.29091],[0.01854,51.29628],[0.01888,51.30207],[0.01785,51.31173],[0.01682,51.31581],[0.01717,51.3201],[0.01751,51.3246],[0.01923,51.32804],[0.02472,51.33126],[0.02747,51.3349],[0.0285,51.33855],[0.0309,51.34262],[0.03571,51.34541],[0.03674,51.34713]]]}},{"type":"Feature","properties":{"source_code":"H81119","codes":["H81119"],"label":"WARLINGHAM GREEN MED PRAC"},"geometry":{"type":"Polygon","coordinates":[[[-0.04223,51.33383],[-0.01511,51.32525],[0.00103,51.31495],[0.01476,51.30357],[0.01991,51.29241],[0.01785,51.27738],[-0.01854,51.27029],[-0.04772,51.27996],[-0.06243,51.28809],[-0.06237,51.28801],[-0.06197,51.2878],[-0.07364,51.28661],[-0.06592,51.28737],[-0.0709,51.28683],[-0.07536,51.28543],[-0.07543,51.2861],[-0.07604,51.28307],[-0.07862,51.28194],[-0.07999,51.28076],[-0.08574,51.27891],[-0.08733,51.27472],[-0.08823,51.27051],[-0.09098,51.26471],[-0.11089,51.26299],[-0.12737,51.26965],[-0.1466,51.27437],[-0.15072,51.28726],[-0.14557,51.30207],[-0.13424,51.31667],[-0.11536,51.32139],[-0.11441,51.32127],[-0.11486,51.32139],[-0.08329,51.33404],[-0.08334,51.3309],[-0.0824,51.33426],[-0.06454,51.34477],[-0.05596,51.3379],[-0.04223,51.33383]],[[-0.08362,51.31381],[-0.08363,51.31323],[-0.08376,51.31327],[-0.08235,51.31264],[-0.08362,51.31381]],[[-0.07779,51.30845],[-0.07775,51.30838],[-0.07776,51.30842],[-0.07779,51.30845]],[[-0.07262,51.3037],[-0.06277,51.28862],[-0.07038,51.30164],[-0.07262,51.3037]]]}},{"type":"Feature","properties":{"source_code":"G84039","codes":["G84039"],"label":"NORHEADS LANE SURGERY"},"geometry":{"type":"Polygon","coordinates":[[[0.00335,51.33833],[0.03262,51.34509],[0.06763,51.33394],[0.05879,51.30009],[0.03249,51.29013],[0.01536,51.293],[0.01832,51.29903],[0.01485,51.30339],[-0.0027,51.30474],[-0.00051,51.30846],[-0.00158,51.30882],[-0.00676,51.31219],[-0.01858,51.32128],[0.00223,51.3267],[0.00335,51.33833]]]}},{"type":"Feature","properties":{"source_code":"H83016","codes":["H83016"],"label":"KESTON MEDICAL PRACTICE"},"geometry":{"type":"MultiPolygon","coordinates":[[[[-0.12978,51.32643],[-0.09396,51.33007],[-0.09396,51.33007],[-0.09424,51.32974],[-0.09438,51.32936],[-0.09291,51.32889],[-0.09223,51.32867],[-0.09198,51.32855],[-0.09189,51.32827],[-0.09228,51.32775],[-0.09179,51.32757],[-0.09106,51.32716],[-0.08918,51.32536],[-0.08985,51.32469],[-0.0948,51.32673],[-0.09531,51.32639],[-0.0991,51.32829],[-0.10124,51.32594],[-0.10153,51.32538],[-0.10171,51.32519],[-0.10196,51.32487],[-0.10222,51.32452],[-0.10193,51.32392],[-0.10196,51.32268],[-0.10267,51.31966],[-0.10299,51.31905],[-0.10297,51.3184],[-0.10259,51.31773],[-0.10161,51.31668],[-0.10122,51.31624],[-0.10237,51.31569],[-0.09899,51.31283],[-0.09967,51.31281],[-0.10102,51.30981],[-0.10085,51.30966],[-0.09961,51.30764],[-0.1007,51.30714],[-0.10534,51.30717],[-0.10643,51.30793],[-0.10847,51.30981],[-0.1124,51.31216],[-0.11278,51.31353],[-0.11435,51.31496],[-0.11527,51.31495],[-0.11669,51.3161],[-0.11643,51.31924],[-0.11836,51.32165],[-0.12102,51.32289],[-0.12385,51.32179],[-0.12793,51.32152],[-0.12806,51.32219],[-0.12913,51.32442],[-0.12793,51.32549],[-0.12978,51.32643]]],[[[-0.09254,51.33022],[-0.08986,51.33049],[-0.09005,51.33043],[-0.09246,51.33022],[-0.09254,51.33022]]],[[[-0.09254,51.33022],[-0.09396,51.33007],[-0.09394,51.3301],[-0.12951,51.32658],[-0.12978,51.32643],[-0.12985,51.32687],[-0.13184,51.32559],[-0.13395,51.32405],[-0.13467,51.3235],[-0.13498,51.32317],[-0.13517,51.323],[-0.13533,51.32298],[-0.1348,51.32294],[-0.13471,51.32222],[-0.1351,51.32267],[-0.13445,51.32182],[-0.13518,51.3212],[-0.13514,51.32037],[-0.13609,51.31959],[-0.13712,51.31881],[-0.13759,51.31833],[-0.13948,51.31581],[-0.14651,51.31039],[-0.15277,51.31205],[-0.15775,51.31533],[-0.16041,51.3179],[-0.16135,51.31951],[-0.15595,51.3212],[-0.16114,51.32613],[-0.15655,51.32785],[-0.15368,51.32667],[-0.15256,51.32517],[-0.14911,51.3225],[-0.1458,51.32296],[-0.14482,51.32426],[-0.14472,51.32506],[-0.14417,51.32584],[-0.14355,51.3268],[-0.14359,51.33058],[-0.1438,51.33058],[-0.14833,51.3289],[-0.15156,51.3276],[-0.15345,51.33],[-0.15371,51.33117],[-0.15126,51.33123],[-0.1441,51.33072],[-0.14481,51.3311],[-0.14554,51.33209],[-0.14587,51.33385],[-0.14631,51.33445],[-0.14701,51.33736],[-0.1442,51.33945],[-0.14421,51.33975],[-0.14441,51.34021],[-0.1456,51.34163],[-0.1463,51.34329],[-0.14687,51.34525],[-0.14699,51.34594],[-0.14717,51.34681],[-0.14699,51.34684],[-0.14697,51.34691],[-0.1453,51.34987],[-0.14226,51.35093],[-0.14216,51.35096],[-0.13895,51.35173],[-0.13731,51.35198],[-0.13625,51.34938],[-0.13458,51.34855],[-0.13393,51.34841],[-0.13101,51.34789],[-0.12959,51.34784],[-0.12743,51.34802],[-0.12773,51.34933],[-0.12758,51.34952],[-0.12552,51.34634],[-0.1218,51.3466],[-0.11828,51.34691],[-0.11731,51.34516],[-0.11172,51.34626],[-0.1112,51.34849],[-0.10917,51.3512],[-0.10868,51.35221],[-0.10846,51.35335],[-0.10737,51.35381],[-0.10766,51.35578],[-0.10601,51.35782],[-0.10046,51.35753],[-0.0994,51.35767],[-0.09768,51.3577],[-0.09768,51.35743],[-0.09717,51.35745],[-0.09624,51.35739],[-0.09457,51.35716],[-0.09436,51.35695],[-0.09427,51.35672],[-0.09007,51.3551],[-0.08976,51.35492],[-0.08911,51.35429],[-0.08871,51.3538],[-0.08778,51.35281],[-0.08619,51.35229],[-0.08503,51.35198],[-0.08422,51.35151],[-0.08331,51.35098],[-0.08249,51.35052],[-0.08259,51.35046],[-0.08309,51.35004],[-0.08343,51.34965],[-0.08351,51.34935],[-0.08325,51.34932],[-0.08263,51.34907],[-0.08223,51.34862],[-0.082,51.34784],[-0.08166,51.34735],[-0.08107,51.34694],[-0.08059,51.34651],[-0.07968,51.3454],[-0.07943,51.34507],[-0.07958,51.34498],[-0.07973,51.3449],[-0.07887,51.34382],[-0.07857,51.34316],[-0.07871,51.34238],[-0.07737,51.34153],[-0.07684,51.34058],[-0.0764,51.33984],[-0.07657,51.3388],[-0.07612,51.33801],[-0.07606,51.33758],[-0.07625,51.33697],[-0.07757,51.33657],[-0.07818,51.33595],[-0.07911,51.33559],[-0.08123,51.33486],[-0.08191,51.33452],[-0.08252,51.33397],[-0.08402,51.33313],[-0.08445,51.33294],[-0.08512,51.33238],[-0.08536,51.33189],[-0.08579,51.33117],[-0.08678,51.33097],[-0.08985,51.3305],[-0.09278,51.33021],[-0.09254,51.33022]]]]}},{"type":"Feature","properties":{"source_code":"H83024","codes":["H83024"],"label":"WOODCOTE MEDICAL"},"geometry":{"type":"MultiPolygon","coordinates":[[[[-0.14715,51.30177],[-0.14712,51.30176],[-0.14708,51.30172],[-0.14717,51.30177],[-0.14715,51.30177]]],[[[-0.14713,51.30177],[-0.14715,51.30177],[-0.16198,51.3065],[-0.14716,51.3018],[-0.14713,51.30177]]],[[[-0.16198,51.3065],[-0.16389,51.30711],[-0.1639,51.30712],[-0.16198,51.3065]]],[[[-0.1639,51.30712],[-0.16391,51.30712],[-0.16391,51.30713],[-0.1639,51.30712]]],[[[-0.16493,51.30807],[-0.16391,51.30713],[-0.16391,51.30713],[-0.16675,51.30972],[-0.16493,51.30807]]],[[[-0.16675,51.30972],[-0.17079,51.31337],[-0.1708,51.31341],[-0.16675,51.30972]]],[[[-0.16089,51.34798],[-0.15875,51.35323],[-0.15442,51.35595],[-0.15163,51.35639],[-0.1491,51.35721],[-0.14362,51.35854],[-0.13975,51.3591],[-0.13839,51.35636],[-0.13845,51.35635],[-0.1384,51.35634],[-0.13744,51.35359],[-0.137,51.35082],[-0.13581,51.34899],[-0.13376,51.35081],[-0.12938,51.35132],[-0.12668,51.35179],[-0.12278,51.35172],[-0.11941,51.35191],[-0.1156,51.35221],[-0.10667,51.35723],[-0.10515,51.35782],[-0.10256,51.3581],[-0.10005,51.35806],[-0.09798,51.35804],[-0.09408,51.35685],[-0.08662,51.35139],[-0.09125,51.34529],[-0.09226,51.34519],[-0.09096,51.34401],[-0.08938,51.34257],[-0.08562,51.34001],[-0.0788,51.33565],[-0.08161,51.33127],[-0.08941,51.33103],[-0.09956,51.32523],[-0.10431,51.31926],[-0.10618,51.3151],[-0.10596,51.31449],[-0.10482,51.31344],[-0.10172,51.31066],[-0.09913,51.30771],[-0.10519,51.30606],[-0.10812,51.30581],[-0.10946,51.30583],[-0.11155,51.30557],[-0.11273,51.3053],[-0.11399,51.3058],[-0.11557,51.30592],[-0.11646,51.30582],[-0.11745,51.30609],[-0.11913,51.30644],[-0.12209,51.30527],[-0.12388,51.30482],[-0.12849,51.30318],[-0.13393,51.30235],[-0.13864,51.30192],[-0.14706,51.30174],[-0.14712,51.30176],[-0.14713,51.30177],[-0.14705,51.30176],[-0.1471,51.30179],[-0.1639,51.30712],[-0.16391,51.30713],[-0.16391,51.30715],[-0.16493,51.30807],[-0.17065,51.31336],[-0.17732,51.31719],[-0.17561,51.32],[-0.17208,51.32503],[-0.16918,51.3277],[-0.16569,51.32829],[-0.164,51.32855],[-0.16002,51.32943],[-0.15782,51.33078],[-0.15692,51.33127],[-0.15653,51.33213],[-0.15636,51.3336],[-0.15495,51.33799],[-0.15991,51.3387],[-0.16046,51.34001],[-0.16041,51.34108],[-0.16048,51.34277],[-0.16161,51.34495],[-0.16089,51.34798]]],[[[-0.13975,51.3591],[-0.13975,51.3591],[-0.13975,51.3591],[-0.13975,51.3591]]],[[[-0.13975,51.3591],[-0.13968,51.35911],[-0.13968,51.35912],[-0.13967,51.35909],[-0.13969,51.35907],[-0.13975,51.3591]]]]}},{"type":"Feature","properties":{"source_code":"H83018","codes":["H83018"],"label":"SELSDON PARK MEDICAL PRACTICE"},"geometry":{"type":"Polygon","coordinates":[[[-0.09038,51.36578],[-0.06935,51.36364],[-0.05253,51.35849],[-0.03708,51.3557],[-0.03536,51.3467],[-0.01923,51.33619],[-0.00961,51.32718],[-0.0079,51.31946],[-0.02335,51.31924],[-0.04566,51.31967],[-0.06077,51.31645],[-0.07725,51.32096],[-0.09064,51.32954],[-0.09819,51.33104],[-0.10025,51.33769],[-0.09579,51.34348],[-0.09184,51.35029],[-0.09184,51.3557],[-0.09244,51.36149],[-0.09038,51.36578]]]}},{"type":"Feature","properties":{"source_code":"H83006","codes":["H83006"],"label":"NEW ADDINGTON GROUP PRACTICE"},"geometry":{"type":"Polygon","coordinates":[[[-0.01408,51.3795],[0.04944,51.30658],[-0.02781,51.33367],[-0.06944,51.34517],[-0.10368,51.36021],[-0.05577,51.3725],[-0.03651,51.37678],[-0.01408,51.3795]]]}},{"type":"Feature","properties":{"source_code":"H83028","codes":["H83028"],"label":"ADDINGTON MEDICAL PRACTICE"},"geometry":{"type":"Polygon","coordinates":[[[-0.04978,51.37564],[-0.02253,51.36235],[-0.02266,51.36256],[-0.02226,51.36221],[-0.01682,51.35956],[-0.01705,51.35773],[-0.0167,51.35743],[-0.01648,51.35892],[0.01072,51.3338],[0.03605,51.31194],[0.02435,51.31206],[-0.01751,51.30679],[0.02383,51.31207],[0.01476,51.31216],[0.01348,51.31228],[0.00618,51.31194],[-0.0182,51.30722],[-0.02163,51.30905],[-0.08823,51.36551],[-0.04978,51.37564]],[[-0.01752,51.35394],[-0.01923,51.34026],[-0.01728,51.35352],[-0.01752,51.35394]]]}},{"type":"Feature","properties":{"source_code":"H83014","codes":["H83014"],"label":"QUEENHILL MEDICAL PRACTICE"},"geometry":{"type":"MultiPolygon","coordinates":[[[[-0.10085,51.36977],[-0.09923,51.37286],[-0.08791,51.37496],[-0.07216,51.37536],[-0.07345,51.36351],[-0.06869,51.363],[-0.06452,51.36197],[-0.06355,51.36074],[-0.06065,51.35989],[-0.05562,51.35861],[-0.04745,51.36158],[-0.02991,51.36152],[-0.02816,51.36102],[-0.02776,51.36055],[-0.02648,51.36059],[-0.02299,51.35933],[-0.02213,51.35858],[-0.0206,51.35908],[-0.01812,51.35921],[-0.0179,51.3587],[-0.01736,51.35823],[-0.01637,51.35729],[-0.01606,51.35687],[-0.01531,51.35651],[-0.01379,51.35654],[-0.01388,51.35598],[-0.01303,51.35565],[-0.01161,51.35558],[-0.01053,51.35542],[-0.01004,51.35531],[-0.00973,51.35514],[-0.00967,51.35453],[-0.0097,51.35416],[-0.00976,51.35392],[-0.00969,51.35382],[-0.00933,51.35385],[-0.0083,51.35266],[-0.0045,51.34057],[-0.00161,51.338],[0.00067,51.33403],[-0.00927,51.3316],[-0.03699,51.33801],[-0.03742,51.32868],[-0.03785,51.32026],[-0.03819,51.31076],[-0.04133,51.30792],[-0.04242,51.30675],[-0.0454,51.30714],[-0.05133,51.30789],[-0.05572,51.30901],[-0.05823,51.3112],[-0.06166,51.31419],[-0.06303,51.31761],[-0.07156,51.31199],[-0.0748,51.31278],[-0.07848,51.31453],[-0.08821,51.32117],[-0.09543,51.32598],[-0.09358,51.32771],[-0.08761,51.33111],[-0.0893,51.33143],[-0.08964,51.33194],[-0.08789,51.33761],[-0.09023,51.33803],[-0.0902,51.33783],[-0.09011,51.33766],[-0.09014,51.33719],[-0.09106,51.33599],[-0.09407,51.33707],[-0.09151,51.3355],[-0.08996,51.33109],[-0.09358,51.32771],[-0.09584,51.32642],[-0.09918,51.32782],[-0.10334,51.33023],[-0.10707,51.33186],[-0.11084,51.33346],[-0.11442,51.33706],[-0.11611,51.33939],[-0.09901,51.35166],[-0.09822,51.353],[-0.09794,51.35458],[-0.09783,51.35737],[-0.09648,51.36309],[-0.09636,51.36356],[-0.09703,51.36409],[-0.0964,51.36535],[-0.09634,51.36739],[-0.10085,51.36977]]],[[[-0.08987,51.33117],[-0.08993,51.33099],[-0.08996,51.33109],[-0.08987,51.33117]]],[[[-0.08987,51.33117],[-0.08971,51.33171],[-0.0896,51.33143],[-0.08987,51.33117]]],[[[-0.08971,51.33171],[-0.09002,51.33253],[-0.08964,51.33194],[-0.08971,51.33171]]],[[[-0.09002,51.33253],[-0.09014,51.33271],[-0.0902,51.33301],[-0.09002,51.33253]]],[[[-0.0902,51.33301],[-0.09068,51.33425],[-0.09036,51.33373],[-0.0902,51.33301]]],[[[-0.09082,51.33462],[-0.09068,51.33425],[-0.09158,51.33572],[-0.09082,51.33462]]],[[[-0.09082,51.33462],[-0.09125,51.33574],[-0.09106,51.33599],[-0.09056,51.33581],[-0.09006,51.33352],[-0.09082,51.33462]]]]}},{"type":"Feature","properties":{"source_code":"H83004","codes":["H83004"],"label":"FARLEY ROAD MEDICAL PRACTICE"},"geometry":{"type":"Polygon","coordinates":[[[-0.07356,51.36299],[-0.03734,51.35376],[-0.02712,51.34292],[-0.03914,51.31613],[-0.07068,51.2984],[-0.07719,51.30507],[-0.0813,51.3118],[-0.09291,51.32195],[-0.12102,51.34005],[-0.10188,51.34857],[-0.10094,51.36492],[-0.07356,51.36299]]]}}]}