{"type":"FeatureCollection","metadata":{"bundle_id":"bundle-014","practice_count":216,"feature_count":188},"features":[{"type":"Feature","properties":{"source_code":"P91011","codes":["P91011"],"label":"Shay Lane Medical Centre (Patel)"},"geometry":{"type":"Polygon","coordinates":[[[-2.34541,53.38993],[-2.34517,53.39045],[-2.34389,53.39087],[-2.34285,53.39102],[-2.3418,53.39086],[-2.338,53.39166],[-2.33358,53.39204],[-2.32934,53.3916],[-2.31746,53.39271],[-2.31651,53.39072],[-2.31719,53.38874],[-2.3113,53.3859],[-2.30447,53.38374],[-2.30511,53.38297],[-2.30256,53.38189],[-2.29974,53.38159],[-2.2976,53.382],[-2.29582,53.37967],[-2.29481,53.37739],[-2.29483,53.37645],[-2.29561,53.37592],[-2.29573,53.3747],[-2.29496,53.37434],[-2.29332,53.37474],[-2.2913,53.37391],[-2.29063,53.37291],[-2.29026,53.37235],[-2.29343,53.36836],[-2.29452,53.36588],[-2.29638,53.36616],[-2.29837,53.36609],[-2.30018,53.3649],[-2.30233,53.35938],[-2.30368,53.35903],[-2.3055,53.35859],[-2.31112,53.3579],[-2.31661,53.3576],[-2.3285,53.36011],[-2.33041,53.3608],[-2.33151,53.36165],[-2.33101,53.3633],[-2.33334,53.36415],[-2.33515,53.365],[-2.33781,53.3661],[-2.34072,53.36731],[-2.34371,53.36657],[-2.34634,53.36753],[-2.34821,53.36855],[-2.34854,53.37038],[-2.3478,53.37106],[-2.34586,53.37163],[-2.34528,53.3736],[-2.34707,53.37613],[-2.34749,53.37867],[-2.3475,53.38064],[-2.34738,53.38165],[-2.34665,53.38266],[-2.34554,53.38655],[-2.34479,53.38822],[-2.34541,53.38993]]]}},{"type":"Feature","properties":{"source_code":"P84672","codes":["P84672"],"label":"Woodlands Medical Practice"},"geometry":{"type":"Polygon","coordinates":[[[-2.3094,53.40012],[-2.31015,53.4006],[-2.31084,53.40137],[-2.31202,53.40277],[-2.31479,53.40578],[-2.31659,53.40786],[-2.31721,53.40859],[-2.31799,53.40949],[-2.31653,53.41013],[-2.31526,53.41058],[-2.31432,53.41035],[-2.31348,53.40997],[-2.31209,53.40975],[-2.31067,53.40975],[-2.30885,53.40981],[-2.30728,53.40974],[-2.30636,53.40995],[-2.30528,53.40992],[-2.30382,53.4096],[-2.30226,53.40965],[-2.30155,53.40976],[-2.30082,53.40972],[-2.29962,53.40908],[-2.2984,53.40853],[-2.29631,53.40915],[-2.2949,53.41022],[-2.29395,53.41079],[-2.29129,53.41181],[-2.29108,53.41155],[-2.29018,53.41038],[-2.29232,53.40958],[-2.29408,53.40815],[-2.29404,53.40766],[-2.29584,53.40726],[-2.29524,53.40503],[-2.29494,53.40347],[-2.29443,53.40191],[-2.29408,53.40091],[-2.30013,53.40096],[-2.30357,53.40083],[-2.30885,53.39986],[-2.3094,53.40012]]]}},{"type":"Feature","properties":{"source_code":"P87040","codes":["P87040","P87040001"],"label":"Sorrel Bank Medical Practice"},"geometry":{"type":"Polygon","coordinates":[[[-2.30966,53.50893],[-2.30799,53.50916],[-2.30314,53.51027],[-2.29262,53.51403],[-2.28395,53.50823],[-2.27941,53.50303],[-2.27805,53.5008],[-2.27816,53.49998],[-2.27683,53.49726],[-2.28134,53.49477],[-2.28307,53.49322],[-2.2852,53.49167],[-2.2785,53.49609],[-2.27498,53.49794],[-2.27301,53.49882],[-2.27095,53.49938],[-2.26775,53.49951],[-2.2621,53.50104],[-2.25988,53.49957],[-2.25936,53.49578],[-2.25949,53.49302],[-2.25957,53.49071],[-2.26404,53.48847],[-2.2656,53.48755],[-2.26622,53.48612],[-2.26592,53.48518],[-2.26472,53.48342],[-2.26682,53.48011],[-2.26927,53.47701],[-2.27652,53.4787],[-2.27802,53.47917],[-2.27935,53.47799],[-2.28091,53.48032],[-2.28265,53.48035],[-2.28311,53.47857],[-2.28426,53.46576],[-2.29927,53.47017],[-2.3101,53.47577],[-2.29413,53.48069],[-2.31032,53.47588],[-2.3101,53.47577],[-2.31052,53.47564],[-2.31216,53.47782],[-2.31474,53.47871],[-2.31552,53.47875],[-2.32375,53.48106],[-2.32982,53.48139],[-2.33039,53.48437],[-2.34594,53.48705],[-2.35349,53.48866],[-2.35101,53.49081],[-2.35375,53.4924],[-2.34964,53.49431],[-2.3493,53.50003],[-2.34434,53.50452],[-2.33394,53.50852],[-2.3414,53.51313],[-2.33047,53.5176],[-2.3255,53.51454],[-2.32294,53.51272],[-2.32169,53.51166],[-2.31992,53.51112],[-2.31632,53.50965],[-2.3145,53.50882],[-2.31303,53.50788],[-2.30966,53.50893]]]}},{"type":"Feature","properties":{"source_code":"P87658","codes":["P87658"],"label":"The Willows Medical Practice"},"geometry":{"type":"MultiPolygon","coordinates":[[[[-2.30306,53.49433],[-2.30241,53.49412],[-2.29511,53.4858],[-2.30306,53.49433]]],[[[-2.30306,53.49433],[-2.30319,53.49437],[-2.29589,53.48662],[-2.29451,53.48156],[-2.28361,53.48013],[-2.28335,53.47528],[-2.29863,53.47175],[-2.33039,53.48243],[-2.32721,53.50183],[-2.32658,53.50188],[-2.32756,53.50219],[-2.32267,53.50216],[-2.30902,53.50316],[-2.30408,53.49543],[-2.30306,53.49433]]]]}},{"type":"Feature","properties":{"source_code":"P83017","codes":["P83017"],"label":"Woodbank Surgery"},"geometry":{"type":"Polygon","coordinates":[[[-2.32245,53.64291],[-2.31302,53.63812],[-2.31174,53.63231],[-2.29863,53.63123],[-2.28915,53.63199],[-2.27535,53.62153],[-2.2667,53.6102],[-2.24743,53.60386],[-2.24662,53.59941],[-2.25065,53.59928],[-2.25391,53.5977],[-2.25756,53.59554],[-2.25915,53.59215],[-2.26494,53.5924],[-2.2658,53.59151],[-2.26945,53.592],[-2.26936,53.58991],[-2.27022,53.58909],[-2.27434,53.59108],[-2.27602,53.59156],[-2.2773,53.59047],[-2.27872,53.58871],[-2.27782,53.58677],[-2.27842,53.58555],[-2.28035,53.58598],[-2.28164,53.5868],[-2.28245,53.58417],[-2.28172,53.58239],[-2.27202,53.5814],[-2.28533,53.57205],[-2.28601,53.57072],[-2.29181,53.56611],[-2.29327,53.56557],[-2.29743,53.5632],[-2.30889,53.56511],[-2.31078,53.56504],[-2.31245,53.56639],[-2.31743,53.56389],[-2.32039,53.5632],[-2.34296,53.5813],[-2.34271,53.58512],[-2.34159,53.5896],[-2.34305,53.59207],[-2.34069,53.5934],[-2.3397,53.59533],[-2.33996,53.59765],[-2.33949,53.60114],[-2.34017,53.60249],[-2.34176,53.60333],[-2.34352,53.6044],[-2.34142,53.60666],[-2.34125,53.60806],[-2.33674,53.60776],[-2.33696,53.6087],[-2.33803,53.60934],[-2.33841,53.61087],[-2.34017,53.61219],[-2.34086,53.61382],[-2.34168,53.61502],[-2.34146,53.61644],[-2.34223,53.61899],[-2.34198,53.6209],[-2.33786,53.62497],[-2.33811,53.62741],[-2.33867,53.63176],[-2.33515,53.63314],[-2.33412,53.63372],[-2.33294,53.63697],[-2.33068,53.63836],[-2.32893,53.63983],[-2.32554,53.64232],[-2.32245,53.64291]]]}},{"type":"Feature","properties":{"source_code":"Y02767","codes":["Y02767"],"label":"The Height General Practice"},"geometry":{"type":"Polygon","coordinates":[[[-2.34009,53.48335],[-2.35142,53.51255],[-2.29159,53.51276],[-2.27863,53.48294],[-2.34009,53.48335]]]}},{"type":"Feature","properties":{"source_code":"P91018","codes":["P91018"],"label":"Delamere Medical Practice"},"geometry":{"type":"Polygon","coordinates":[[[-2.28865,53.46052],[-2.29065,53.46148],[-2.29151,53.46122],[-2.28703,53.45964],[-2.28865,53.46052],[-2.28622,53.45935],[-2.28619,53.45934],[-2.28619,53.45934],[-2.28604,53.45926],[-2.28584,53.45934],[-2.28591,53.4592],[-2.28548,53.459],[-2.28516,53.45913],[-2.28519,53.45886],[-2.27983,53.45693],[-2.28522,53.45868],[-2.28567,53.45499],[-2.2892,53.45251],[-2.29168,53.44748],[-2.30149,53.43579],[-2.30095,53.43511],[-2.31404,53.43682],[-2.31972,53.43292],[-2.3309,53.43434],[-2.33133,53.45143],[-2.3315,53.45126],[-2.3394,53.44993],[-2.33768,53.45882],[-2.33699,53.45885],[-2.33717,53.45908],[-2.33065,53.46567],[-2.31889,53.45893],[-2.30833,53.45606],[-2.30324,53.45762],[-2.29314,53.46179],[-2.29157,53.46124],[-2.29056,53.46156],[-2.28865,53.46052]],[[-2.28634,53.45926],[-2.287,53.4589],[-2.28622,53.45919],[-2.28634,53.45926]],[[-2.28598,53.45906],[-2.28614,53.45872],[-2.2857,53.45891],[-2.28598,53.45906]],[[-2.30432,53.45718],[-2.30782,53.45606],[-2.30749,53.45587],[-2.30432,53.45718]],[[-2.3042,53.45391],[-2.30339,53.45265],[-2.30108,53.45353],[-2.30623,53.45512],[-2.3042,53.45391]]]}},{"type":"Feature","properties":{"source_code":"Y02755","codes":["Y02755","Y02755001"],"label":"Rock Healthcare Limited"},"geometry":{"type":"Polygon","coordinates":[[[-2.31391,53.66361],[-2.30189,53.66722],[-2.28662,53.65212],[-2.27258,53.62031],[-2.26966,53.61568],[-2.24688,53.59956],[-2.27112,53.57189],[-2.23917,53.56352],[-2.25939,53.54943],[-2.27787,53.54327],[-2.32308,53.52892],[-2.36279,53.55537],[-2.38876,53.58098],[-2.39929,53.61656],[-2.37445,53.66675],[-2.31391,53.66361]]]}},{"type":"Feature","properties":{"source_code":"P84061","codes":["P84061"],"label":"Brooklands Medical Practice"},"geometry":{"type":"Polygon","coordinates":[[[-2.31442,53.40585],[-2.3079,53.40743],[-2.30734,53.40733],[-2.30672,53.40777],[-2.3059,53.40877],[-2.30404,53.40865],[-2.30304,53.40852],[-2.30208,53.40949],[-2.30117,53.40968],[-2.30035,53.4094],[-2.29871,53.40845],[-2.29833,53.40808],[-2.29642,53.40887],[-2.29416,53.40811],[-2.29277,53.40911],[-2.29121,53.41001],[-2.28912,53.41052],[-2.28766,53.41067],[-2.28594,53.41045],[-2.28263,53.40993],[-2.28047,53.41221],[-2.27724,53.41108],[-2.27479,53.40988],[-2.26816,53.40701],[-2.26825,53.40333],[-2.26988,53.39935],[-2.27327,53.4005],[-2.27769,53.40068],[-2.27769,53.39907],[-2.27808,53.39771],[-2.27863,53.39536],[-2.29258,53.3954],[-2.30653,53.39565],[-2.30732,53.39705],[-2.30896,53.39912],[-2.30956,53.40006],[-2.31084,53.40125],[-2.31442,53.40585]]]}},{"type":"Feature","properties":{"source_code":"P91035","codes":["P91035"],"label":"Conway Road Medical Practice"},"geometry":{"type":"MultiPolygon","coordinates":[[[[-2.29961,53.43027],[-2.30354,53.43157],[-2.30114,53.4309],[-2.29961,53.43027]]],[[[-2.30951,53.43389],[-2.30954,53.4339],[-2.30999,53.42902],[-2.30997,53.42903],[-2.30951,53.43389],[-2.3064,53.43253],[-2.30638,53.43257],[-2.30518,53.43211],[-2.30634,53.4325],[-2.30634,53.4325],[-2.3051,53.43209],[-2.30518,53.43211],[-2.30354,53.43157],[-2.30369,53.43161],[-2.30323,53.43146],[-2.2985,53.42981],[-2.29961,53.43027],[-2.2988,53.43],[-2.29846,53.4298],[-2.29675,53.4292],[-2.29648,53.42897],[-2.29644,53.42896],[-2.294,53.42694],[-2.29401,53.42693],[-2.29456,53.42734],[-2.29411,53.42684],[-2.29401,53.42693],[-2.29399,53.42692],[-2.29408,53.42681],[-2.29319,53.4258],[-2.29213,53.42392],[-2.29067,53.42234],[-2.28779,53.41912],[-2.28404,53.41651],[-2.2872,53.41523],[-2.28843,53.41549],[-2.29065,53.41449],[-2.29329,53.4137],[-2.29403,53.41364],[-2.29657,53.41185],[-2.29864,53.40914],[-2.29959,53.40934],[-2.30054,53.40979],[-2.30151,53.40984],[-2.30254,53.40969],[-2.30341,53.40963],[-2.30407,53.40981],[-2.3046,53.41001],[-2.30522,53.40999],[-2.30573,53.41006],[-2.30642,53.41003],[-2.30673,53.40996],[-2.30687,53.40991],[-2.30703,53.4098],[-2.30728,53.40979],[-2.3075,53.40987],[-2.30778,53.4099],[-2.31206,53.40995],[-2.32046,53.41232],[-2.31656,53.4078],[-2.31777,53.40711],[-2.31921,53.40768],[-2.31986,53.40792],[-2.32083,53.40811],[-2.32208,53.40858],[-2.32266,53.40876],[-2.32341,53.40848],[-2.32466,53.40865],[-2.32513,53.40891],[-2.32591,53.40894],[-2.32647,53.40921],[-2.32762,53.40928],[-2.32947,53.40944],[-2.33077,53.4089],[-2.33214,53.40863],[-2.33357,53.40823],[-2.33422,53.408],[-2.33491,53.40805],[-2.33478,53.40833],[-2.33451,53.40861],[-2.33407,53.40914],[-2.33326,53.40995],[-2.33161,53.4116],[-2.32827,53.41502],[-2.32175,53.42179],[-2.32029,53.42335],[-2.3188,53.42496],[-2.31574,53.4281],[-2.31514,53.42874],[-2.31471,53.42926],[-2.31406,53.42974],[-2.31286,53.43039],[-2.31232,53.43067],[-2.31161,53.43085],[-2.31084,53.43135],[-2.31041,53.43215],[-2.31005,53.43304],[-2.30987,53.43354],[-2.30975,53.4339],[-2.30951,53.43394],[-2.30951,53.43389]]],[[[-2.31032,53.42537],[-2.31031,53.42536],[-2.30997,53.42903],[-2.30999,53.42902],[-2.31032,53.42537]]],[[[-2.31033,53.42532],[-2.31046,53.42387],[-2.31045,53.42388],[-2.31032,53.42531],[-2.31033,53.42532]]],[[[-2.31046,53.42385],[-2.31099,53.41813],[-2.31045,53.42386],[-2.31046,53.42385]]]]}},{"type":"Feature","properties":{"source_code":"P83024","codes":["P83024"],"label":"Knowsley Medical Centre"},"geometry":{"type":"Polygon","coordinates":[[[-2.29177,53.60463],[-2.29134,53.60279],[-2.28962,53.60162],[-2.28833,53.6004],[-2.2873,53.59923],[-2.28644,53.59719],[-2.28421,53.59729],[-2.27898,53.5978],[-2.27554,53.59806],[-2.27237,53.59867],[-2.2716,53.59852],[-2.27082,53.59689],[-2.27057,53.5951],[-2.27108,53.59271],[-2.27194,53.59057],[-2.27288,53.58899],[-2.27305,53.58685],[-2.27245,53.58267],[-2.27357,53.58206],[-2.28086,53.58191],[-2.28481,53.58196],[-2.28696,53.58175],[-2.29013,53.58165],[-2.29219,53.58124],[-2.29571,53.58099],[-2.29769,53.58068],[-2.29897,53.5813],[-2.30061,53.58188],[-2.30859,53.58155],[-2.31606,53.58063],[-2.32387,53.58053],[-2.33859,53.58165],[-2.34035,53.58153],[-2.34322,53.58094],[-2.34344,53.58305],[-2.34301,53.58601],[-2.34241,53.58991],[-2.34399,53.59115],[-2.34524,53.59294],[-2.34622,53.59602],[-2.34562,53.59829],[-2.34326,53.60025],[-2.33992,53.60198],[-2.3376,53.60213],[-2.33689,53.60219],[-2.32936,53.6031],[-2.32814,53.60299],[-2.32799,53.603],[-2.31494,53.6031],[-2.31211,53.60315],[-2.31056,53.60356],[-2.30799,53.60376],[-2.3061,53.60402],[-2.30249,53.60427],[-2.29906,53.60453],[-2.29717,53.60463],[-2.29597,53.60488],[-2.29254,53.60529],[-2.29177,53.60463]]]}},{"type":"Feature","properties":{"source_code":"P84021","codes":["P84021","P84021002"],"label":"THE LAKES MEDICAL CENTRE,TIMPERLEY"},"geometry":{"type":"Polygon","coordinates":[[[-2.28494,53.37698],[-2.28825,53.37647],[-2.29038,53.37697],[-2.29252,53.3789],[-2.29507,53.38256],[-2.30709,53.38374],[-2.31704,53.3884],[-2.3176,53.39275],[-2.31395,53.39377],[-2.30919,53.40019],[-2.30309,53.40109],[-2.29455,53.40119],[-2.29146,53.39536],[-2.28859,53.39231],[-2.28136,53.39289],[-2.27413,53.39019],[-2.27417,53.38988],[-2.27872,53.38161],[-2.28166,53.37858],[-2.28494,53.37698]]]}},{"type":"Feature","properties":{"source_code":"P83005","codes":["P83005"],"label":"Townside Surgery"},"geometry":{"type":"Polygon","coordinates":[[[-2.3085,53.65115],[-2.24121,53.59291],[-2.26662,53.55744],[-2.29408,53.5603],[-2.31125,53.56886],[-2.35039,53.58191],[-2.33871,53.61573],[-2.34009,53.63853],[-2.3085,53.65115]]]}},{"type":"Feature","properties":{"source_code":"P83015","codes":["P83015"],"label":"Ribblesdale Medical Practice"},"geometry":{"type":"Polygon","coordinates":[[[-2.3164,53.65278],[-2.2532,53.61023],[-2.24773,53.60717],[-2.26302,53.57405],[-2.26284,53.57396],[-2.26347,53.57306],[-2.26456,53.5707],[-2.26354,53.57296],[-2.27486,53.55683],[-2.28011,53.55758],[-2.35451,53.56315],[-2.38617,53.57275],[-2.38747,53.57294],[-2.35176,53.61675],[-2.34963,53.61573],[-2.3521,53.61695],[-2.3164,53.65278]],[[-2.26371,53.57438],[-2.26305,53.57406],[-2.25117,53.60038],[-2.26371,53.57438]],[[-2.3846,53.57253],[-2.35313,53.56662],[-2.37889,53.57172],[-2.3846,53.57253]]]}},{"type":"Feature","properties":{"source_code":"P83021","codes":["P83021"],"label":"Peel GPs"},"geometry":{"type":"Polygon","coordinates":[[[-2.3399,53.60004],[-2.33988,53.59676],[-2.33989,53.59927],[-2.33987,53.60007],[-2.3399,53.60004],[-2.33992,53.60206],[-2.33982,53.60213],[-2.33982,53.60213],[-2.33982,53.60213],[-2.33468,53.60572],[-2.33612,53.60415],[-2.29374,53.62774],[-2.27829,53.61064],[-2.25778,53.6033],[-2.27434,53.60127],[-2.24867,53.60341],[-2.2464,53.60404],[-2.23919,53.60473],[-2.24417,53.60378],[-2.2401,53.60412],[-2.26215,53.59515],[-2.26696,53.5923],[-2.27177,53.59108],[-2.29203,53.56446],[-2.29108,53.54194],[-2.30456,53.56315],[-2.3079,53.5681],[-2.31304,53.5746],[-2.32686,53.58211],[-2.34086,53.57821],[-2.34296,53.58137],[-2.34266,53.5856],[-2.3421,53.58756],[-2.34163,53.58973],[-2.34029,53.59257],[-2.33987,53.59518],[-2.33988,53.59622],[-2.33992,53.60002],[-2.3399,53.60004]]]}},{"type":"Feature","properties":{"source_code":"P87639","codes":["P87639"],"label":"Cornerstone Medical Practice"},"geometry":{"type":"Polygon","coordinates":[[[-2.2852,53.46628],[-2.30584,53.4735],[-2.31393,53.47874],[-2.32477,53.48113],[-2.32129,53.48981],[-2.32193,53.50257],[-2.30998,53.50157],[-2.30492,53.49874],[-2.29872,53.49683],[-2.29189,53.49323],[-2.28534,53.49188],[-2.28239,53.49406],[-2.29,53.49758],[-2.29313,53.50119],[-2.28966,53.5032],[-2.28151,53.5002],[-2.27147,53.49951],[-2.27619,53.48706],[-2.27619,53.48655],[-2.27578,53.48513],[-2.27069,53.48366],[-2.26752,53.48208],[-2.26243,53.48111],[-2.26428,53.47396],[-2.26536,53.47298],[-2.27045,53.47126],[-2.27502,53.46877],[-2.27773,53.46656],[-2.28082,53.46512],[-2.28301,53.46545],[-2.2852,53.46628]]]}},{"type":"Feature","properties":{"source_code":"P83004","codes":["P83004"],"label":"The Uplands Medical Practice"},"geometry":{"type":"MultiPolygon","coordinates":[[[[-2.29014,53.51633],[-2.28904,53.51715],[-2.28902,53.51684],[-2.28996,53.51638],[-2.29014,53.51633]]],[[[-2.28904,53.51715],[-2.28906,53.51744],[-2.29124,53.51642],[-2.29152,53.51589],[-2.29104,53.5161],[-2.29014,53.51633],[-2.29207,53.5149],[-2.29209,53.51501],[-2.29335,53.5151],[-2.29451,53.51566],[-2.2961,53.51595],[-2.29726,53.51584],[-2.29846,53.51595],[-2.29958,53.51635],[-2.30086,53.51669],[-2.30202,53.51717],[-2.30241,53.51788],[-2.30228,53.51868],[-2.30194,53.51954],[-2.30194,53.52008],[-2.30198,53.52087],[-2.30267,53.52174],[-2.30309,53.52235],[-2.30352,53.52266],[-2.30352,53.52266],[-2.30416,53.52309],[-2.30464,53.52337],[-2.30461,53.52339],[-2.31812,53.53245],[-2.31417,53.53541],[-2.31623,53.53776],[-2.31812,53.53898],[-2.3176,53.53995],[-2.31623,53.54092],[-2.31571,53.54225],[-2.31669,53.54409],[-2.31674,53.54408],[-2.32378,53.54826],[-2.32584,53.55561],[-2.30756,53.56264],[-2.29106,53.56813],[-2.29102,53.56816],[-2.29151,53.56876],[-2.29005,53.56889],[-2.28962,53.56922],[-2.26954,53.56988],[-2.25958,53.55183],[-2.25237,53.55489],[-2.24773,53.5503],[-2.25975,53.54714],[-2.25977,53.54722],[-2.26052,53.5451],[-2.26069,53.54332],[-2.25529,53.54036],[-2.25803,53.53878],[-2.26636,53.53893],[-2.27005,53.53648],[-2.27269,53.53697],[-2.27241,53.53602],[-2.26918,53.53518],[-2.26732,53.53148],[-2.2643,53.52429],[-2.27022,53.52434],[-2.2722,53.52485],[-2.27426,53.52459],[-2.27593,53.52355],[-2.27632,53.52337],[-2.27584,53.52357],[-2.2782,53.52133],[-2.28018,53.52087],[-2.28327,53.51967],[-2.28444,53.51959],[-2.28797,53.51795],[-2.28904,53.51715]]],[[[-2.2774,53.54626],[-2.27741,53.5463],[-2.27815,53.54563],[-2.2774,53.54626]]],[[[-2.2602,53.54897],[-2.2607,53.551],[-2.26531,53.55032],[-2.26117,53.55088],[-2.2602,53.54897]]]]}},{"type":"Feature","properties":{"source_code":"P83608","codes":["P83608"],"label":"The Elms Medical Centre"},"geometry":{"type":"Polygon","coordinates":[[[-2.29371,53.57264],[-2.27188,53.5759],[-2.27098,53.56704],[-2.2686,53.55956],[-2.26743,53.55695],[-2.26557,53.55446],[-2.26384,53.5521],[-2.26246,53.5501],[-2.26361,53.54934],[-2.26544,53.54848],[-2.26911,53.54727],[-2.27426,53.54583],[-2.27684,53.54491],[-2.28019,53.54352],[-2.2841,53.54205],[-2.2871,53.5402],[-2.29011,53.53881],[-2.29354,53.53794],[-2.29757,53.53758],[-2.30497,53.53676],[-2.3141,53.54492],[-2.31492,53.55254],[-2.31535,53.55873],[-2.31088,53.56376],[-2.30641,53.56839],[-2.29371,53.57264]]]}},{"type":"Feature","properties":{"source_code":"P87004","codes":["P87004"],"label":"1/Salford Medical Practice"},"geometry":{"type":"Polygon","coordinates":[[[-2.33102,53.50282],[-2.32587,53.50242],[-2.32106,53.50303],[-2.31729,53.50323],[-2.31351,53.50323],[-2.31044,53.50451],[-2.30589,53.50471],[-2.3016,53.50394],[-2.29877,53.50338],[-2.29551,53.50364],[-2.29071,53.50445],[-2.28836,53.5036],[-2.28528,53.50228],[-2.28081,53.50105],[-2.27721,53.50034],[-2.27006,53.49795],[-2.2688,53.49227],[-2.26605,53.48859],[-2.26451,53.48594],[-2.26485,53.48379],[-2.26434,53.48144],[-2.26485,53.47909],[-2.26554,53.47705],[-2.26554,53.4745],[-2.26789,53.47116],[-2.27235,53.4683],[-2.27853,53.46666],[-2.28608,53.46626],[-2.29226,53.4683],[-2.29775,53.46973],[-2.30324,53.47239],[-2.30805,53.47566],[-2.31457,53.4777],[-2.31903,53.48077],[-2.32452,53.48199],[-2.33001,53.48322],[-2.3307,53.48587],[-2.33041,53.48829],[-2.33144,53.49421],[-2.33041,53.49676],[-2.33127,53.50013],[-2.33102,53.50282]]]}},{"type":"Feature","properties":{"source_code":"P83611","codes":["P83611"],"label":"Walmersley Road Medical Practice"},"geometry":{"type":"Polygon","coordinates":[[[-2.30644,53.55153],[-2.32601,53.63263],[-2.2879,53.62326],[-2.26147,53.60249],[-2.30644,53.55153]]]}},{"type":"Feature","properties":{"source_code":"Y02625","codes":["Y02625"],"label":"Care Homes Medical Practice"},"geometry":{"type":"Polygon","coordinates":[[[-2.32481,53.47947],[-2.36927,53.46925],[-2.41287,53.43879],[-2.42332,53.43015],[-2.4315,53.42196],[-2.45072,53.41424],[-2.45227,53.41854],[-2.4515,53.42237],[-2.45193,53.42447],[-2.45553,53.45558],[-2.45429,53.46412],[-2.45201,53.47061],[-2.4533,53.48575],[-2.4521,53.48585],[-2.42832,53.48896],[-2.42849,53.49519],[-2.43004,53.49734],[-2.42798,53.49887],[-2.43124,53.50469],[-2.41871,53.50673],[-2.42249,53.50898],[-2.41819,53.51061],[-2.42025,53.51235],[-2.41442,53.51245],[-2.41579,53.51714],[-2.43073,53.52306],[-2.45459,53.52592],[-2.44274,53.53837],[-2.43313,53.5397],[-2.41236,53.53755],[-2.40051,53.53704],[-2.39656,53.53725],[-2.39433,53.53582],[-2.38884,53.53225],[-2.37785,53.5299],[-2.35519,53.52786],[-2.3521,53.53276],[-2.35451,53.53408],[-2.35022,53.53633],[-2.34901,53.53653],[-2.34833,53.53796],[-2.33974,53.53623],[-2.33751,53.53276],[-2.32653,53.52888],[-2.32206,53.52674],[-2.31194,53.52755],[-2.30198,53.52133],[-2.30267,53.51725],[-2.29837,53.51541],[-2.29357,53.51541],[-2.29322,53.51469],[-2.29048,53.51153],[-2.27194,53.51765],[-2.26078,53.5201],[-2.25821,53.51755],[-2.25048,53.51572],[-2.24447,53.51082],[-2.24825,53.50816],[-2.24842,53.50612],[-2.24499,53.50592],[-2.24688,53.50306],[-2.25237,53.50438],[-2.25512,53.5005],[-2.25666,53.49826],[-2.25409,53.49652],[-2.2546,53.49438],[-2.25117,53.49213],[-2.24619,53.48631],[-2.26095,53.4764],[-2.26507,53.47671],[-2.26645,53.47303],[-2.28035,53.46567],[-2.29923,53.47088],[-2.31417,53.47814],[-2.32481,53.47947]]]}},{"type":"Feature","properties":{"source_code":"P91013","codes":["P91013"],"label":"Boundary House Medical Centre"},"geometry":{"type":"Polygon","coordinates":[[[-2.31507,53.4288],[-2.31366,53.42948],[-2.31172,53.4304],[-2.30994,53.4321],[-2.30939,53.43387],[-2.30775,53.43639],[-2.30315,53.43755],[-2.3005,53.43793],[-2.30021,53.43597],[-2.29975,53.43411],[-2.29906,53.43355],[-2.29998,53.43367],[-2.29661,53.43263],[-2.29299,53.43269],[-2.28825,53.43196],[-2.2867,53.42999],[-2.28589,53.42912],[-2.28554,53.428],[-2.28292,53.42478],[-2.28035,53.42416],[-2.27786,53.4236],[-2.27529,53.42324],[-2.27192,53.42149],[-2.26959,53.42141],[-2.26726,53.42086],[-2.26565,53.42016],[-2.26576,53.41833],[-2.26383,53.41598],[-2.26576,53.41378],[-2.26717,53.40992],[-2.26803,53.40695],[-2.27039,53.40718],[-2.27481,53.4072],[-2.2788,53.40769],[-2.28301,53.40769],[-2.28799,53.40815],[-2.2914,53.40813],[-2.29481,53.4076],[-2.29674,53.40828],[-2.29921,53.40861],[-2.30022,53.4095],[-2.30123,53.40973],[-2.30241,53.40949],[-2.30494,53.40997],[-2.30747,53.40994],[-2.30786,53.40999],[-2.31083,53.40999],[-2.31396,53.4101],[-2.31818,53.41112],[-2.32034,53.4127],[-2.32275,53.41504],[-2.32516,53.41739],[-2.3245,53.41849],[-2.32346,53.4199],[-2.32206,53.42081],[-2.32124,53.42188],[-2.31983,53.424],[-2.31653,53.42684],[-2.31507,53.4288]]]}},{"type":"Feature","properties":{"source_code":"P84045","codes":["P84045"],"label":"The Park Medical Centre"},"geometry":{"type":"Polygon","coordinates":[[[-2.29112,53.4072],[-2.28919,53.40372],[-2.29116,53.4039],[-2.29254,53.40339],[-2.29177,53.40173],[-2.28812,53.40183],[-2.28803,53.40071],[-2.29412,53.40087],[-2.28803,53.4004],[-2.27245,53.40024],[-2.26902,53.39643],[-2.2746,53.39044],[-2.28095,53.39183],[-2.28069,53.38788],[-2.28413,53.38666],[-2.28996,53.39316],[-2.30043,53.39249],[-2.30335,53.40094],[-2.30258,53.40283],[-2.29477,53.40261],[-2.29486,53.4036],[-2.29524,53.40472],[-2.29571,53.40702],[-2.29112,53.4072]],[[-2.2969,53.40108],[-2.29678,53.40107],[-2.2967,53.40114],[-2.2969,53.40108]]]}},{"type":"Feature","properties":{"source_code":"P91629","codes":["P91629","P91629001"],"label":"North Trafford Group Practice"},"geometry":{"type":"Polygon","coordinates":[[[-2.31365,53.43879],[-2.30644,53.45964],[-2.24653,53.46996],[-2.24705,53.44329],[-2.31365,53.43879]]]}},{"type":"Feature","properties":{"source_code":"P84024","codes":["P84024"],"label":"Bowland Medical Practice"},"geometry":{"type":"Polygon","coordinates":[[[-2.29477,53.40175],[-2.29511,53.40779],[-2.26851,53.40687],[-2.2716,53.39377],[-2.27589,53.38671],[-2.28584,53.37616],[-2.30541,53.38271],[-2.29477,53.40175]]]}},{"type":"Feature","properties":{"source_code":"P84651","codes":["P84651"],"label":"Northern Moor Medical Practice"},"geometry":{"type":"Polygon","coordinates":[[[-2.30988,53.43408],[-2.30309,53.43141],[-2.29983,53.43039],[-2.29661,53.42906],[-2.29473,53.42755],[-2.29284,53.42474],[-2.29209,53.424],[-2.28885,53.4203],[-2.28666,53.41837],[-2.28318,53.41627],[-2.27943,53.4149],[-2.27074,53.41401],[-2.2658,53.41379],[-2.25866,53.41336],[-2.25565,53.41233],[-2.2513,53.40926],[-2.2481,53.40555],[-2.2467,53.40402],[-2.24306,53.4011],[-2.24065,53.40005],[-2.23784,53.39914],[-2.24089,53.39848],[-2.2446,53.39698],[-2.24904,53.39578],[-2.25295,53.39566],[-2.25784,53.3965],[-2.26183,53.39757],[-2.26516,53.3978],[-2.26799,53.39676],[-2.26977,53.39564],[-2.27228,53.39221],[-2.27374,53.3898],[-2.27445,53.39],[-2.27582,53.39032],[-2.27784,53.3909],[-2.28054,53.39183],[-2.28228,53.39216],[-2.28436,53.39227],[-2.2858,53.39222],[-2.28771,53.39181],[-2.28859,53.39162],[-2.29001,53.39307],[-2.29228,53.39554],[-2.2935,53.39625],[-2.29449,53.39762],[-2.2935,53.39817],[-2.31028,53.39898],[-2.3129,53.39462],[-2.31357,53.39362],[-2.3149,53.39294],[-2.3164,53.39263],[-2.31779,53.39252],[-2.31766,53.39336],[-2.31726,53.39518],[-2.3176,53.39592],[-2.31852,53.39774],[-2.31891,53.39858],[-2.32018,53.39913],[-2.3246,53.4009],[-2.32449,53.40105],[-2.32281,53.40351],[-2.32206,53.40447],[-2.32196,53.40497],[-2.3217,53.40568],[-2.32151,53.40623],[-2.32176,53.40646],[-2.32382,53.40734],[-2.32563,53.40818],[-2.32648,53.40839],[-2.32743,53.40856],[-2.32887,53.40862],[-2.33024,53.40876],[-2.33047,53.40839],[-2.332,53.40806],[-2.33515,53.40802],[-2.31434,53.42963],[-2.31211,53.43061],[-2.31073,53.43173],[-2.31022,53.43286],[-2.30988,53.43408]]]}},{"type":"Feature","properties":{"source_code":"P87015","codes":["P87015"],"label":"Pendleton Medical Centre"},"geometry":{"type":"Polygon","coordinates":[[[-2.25769,53.48324],[-2.2584,53.47994],[-2.2622,53.47726],[-2.26143,53.47573],[-2.26445,53.47329],[-2.2679,53.47188],[-2.27516,53.46809],[-2.27853,53.46568],[-2.28124,53.46478],[-2.28395,53.46562],[-2.30807,53.47471],[-2.31949,53.4801],[-2.33069,53.48402],[-2.33097,53.48517],[-2.33022,53.48621],[-2.33408,53.50253],[-2.34335,53.50492],[-2.3406,53.51225],[-2.33305,53.51893],[-2.29262,53.51459],[-2.28011,53.51355],[-2.27756,53.5076],[-2.27063,53.49925],[-2.26198,53.50112],[-2.25954,53.49925],[-2.25949,53.49392],[-2.25928,53.48991],[-2.25391,53.48662],[-2.25769,53.48324]]]}},{"type":"Feature","properties":{"source_code":"P83001","codes":["P83001"],"label":"Fairfax Group Practice"},"geometry":{"type":"Polygon","coordinates":[[[-2.3002,53.51823],[-2.30246,53.51839],[-2.30096,53.51821],[-2.30788,53.51806],[-2.30267,53.54888],[-2.29786,53.55377],[-2.26902,53.55765],[-2.24705,53.55765],[-2.23606,53.54174],[-2.2831,53.51606],[-2.30096,53.51821],[-2.3002,53.51823]]]}},{"type":"Feature","properties":{"source_code":"P83623","codes":["P83623"],"label":"Longfield Medical Practice"},"geometry":{"type":"Polygon","coordinates":[[[-2.24052,53.53989],[-2.23984,53.53908],[-2.24034,53.53874],[-2.24001,53.53888],[-2.24463,53.53244],[-2.24018,53.53174],[-2.24468,53.53237],[-2.24848,53.52707],[-2.25119,53.52203],[-2.25078,53.52192],[-2.25124,53.52194],[-2.25151,53.52143],[-2.25302,53.52202],[-2.25339,53.52203],[-2.27314,53.52051],[-2.27584,53.52417],[-2.27606,53.52408],[-2.2768,53.52545],[-2.28785,53.53842],[-2.28824,53.53847],[-2.28788,53.53848],[-2.28678,53.53895],[-2.28687,53.53908],[-2.28658,53.53904],[-2.28389,53.54019],[-2.28494,53.54079],[-2.28198,53.54237],[-2.27314,53.54554],[-2.2682,53.54693],[-2.26318,53.54908],[-2.25082,53.54541],[-2.24293,53.54276],[-2.24053,53.5399],[-2.24052,53.5399],[-2.24052,53.53989]],[[-2.24527,53.53254],[-2.2453,53.53255],[-2.24535,53.53246],[-2.24532,53.53246],[-2.24576,53.53176],[-2.2464,53.53056],[-2.24521,53.53245],[-2.24532,53.53246],[-2.24527,53.53254],[-2.24517,53.53252],[-2.24191,53.53769],[-2.24208,53.53758],[-2.24527,53.53254]],[[-2.24778,53.53294],[-2.24877,53.53309],[-2.24895,53.53297],[-2.24802,53.53284],[-2.24778,53.53294]],[[-2.24733,53.52929],[-2.24786,53.52846],[-2.24773,53.52847],[-2.2478,53.52835],[-2.24719,53.52931],[-2.24733,53.52929]]]}},{"type":"Feature","properties":{"source_code":"P83009","codes":["P83009"],"label":"Blackford House Medical Centre"},"geometry":{"type":"Polygon","coordinates":[[[-2.29855,53.58884],[-2.29142,53.58124],[-2.27228,53.57895],[-2.26353,53.54888],[-2.27438,53.53766],[-2.28885,53.53868],[-2.31005,53.53531],[-2.32567,53.54826],[-2.30927,53.56494],[-2.30713,53.58884],[-2.29855,53.58884]]]}},{"type":"Feature","properties":{"source_code":"P87027","codes":["P87027","P87027001"],"label":"Langworthy Medical Practice"},"geometry":{"type":"Polygon","coordinates":[[[-2.32896,53.48835],[-2.31557,53.49039],[-2.30785,53.49285],[-2.2948,53.49244],[-2.28244,53.49234],[-2.27489,53.48519],[-2.27987,53.47926],[-2.26493,53.47589],[-2.26837,53.4715],[-2.28261,53.46537],[-2.32021,53.48049],[-2.33017,53.48069],[-2.33137,53.48325],[-2.32896,53.48835]]]}},{"type":"Feature","properties":{"source_code":"P87035","codes":["P87035"],"label":"Ordsall Health Surgery"},"geometry":{"type":"Polygon","coordinates":[[[-2.30155,53.48156],[-2.30129,53.48268],[-2.28524,53.48054],[-2.28301,53.47977],[-2.28198,53.4789],[-2.26336,53.47563],[-2.26421,53.47339],[-2.26722,53.47196],[-2.27202,53.46996],[-2.27683,53.46659],[-2.28031,53.46488],[-2.28327,53.46511],[-2.28713,53.46659],[-2.30455,53.47339],[-2.30309,53.4751],[-2.30061,53.47599],[-2.29949,53.48115],[-2.30155,53.48156]]]}},{"type":"Feature","properties":{"source_code":"P84068","codes":["P84068"],"label":"Chorlton Family Practice"},"geometry":{"type":"Polygon","coordinates":[[[-2.27777,53.43009],[-2.30644,53.44615],[-2.2994,53.45269],[-2.27898,53.46189],[-2.27623,53.4622],[-2.27297,53.45044],[-2.25735,53.45024],[-2.25769,53.43828],[-2.27777,53.43009]]]}},{"type":"Feature","properties":{"source_code":"P83621","codes":["P83621"],"label":"Huntley Mount Medical Centre"},"geometry":{"type":"Polygon","coordinates":[[[-2.29133,53.61417],[-2.28902,53.61148],[-2.289,53.61146],[-2.28799,53.60812],[-2.28078,53.60622],[-2.27981,53.60379],[-2.27472,53.60514],[-2.26829,53.60398],[-2.26431,53.60202],[-2.26273,53.60361],[-2.25465,53.6037],[-2.2473,53.60376],[-2.27533,53.5923],[-2.27945,53.59219],[-2.28227,53.59267],[-2.28092,53.59065],[-2.28419,53.58893],[-2.28425,53.58807],[-2.28519,53.58813],[-2.28598,53.58248],[-2.29085,53.5827],[-2.29786,53.58125],[-2.29873,53.58298],[-2.30687,53.59138],[-2.31966,53.58868],[-2.32536,53.59201],[-2.32402,53.60464],[-2.33439,53.60929],[-2.31797,53.61154],[-2.3179,53.61153],[-2.2943,53.61586],[-2.29133,53.61417]]]}},{"type":"Feature","properties":{"source_code":"P87022","codes":["P87022"],"label":"Mocha Parade Medical Practice"},"geometry":{"type":"Polygon","coordinates":[[[-2.27623,53.49662],[-2.27331,53.49856],[-2.27091,53.49897],[-2.25821,53.50183],[-2.24619,53.48886],[-2.25185,53.48835],[-2.25769,53.48386],[-2.26524,53.48355],[-2.27331,53.48508],[-2.27623,53.49662]]]}},{"type":"Feature","properties":{"source_code":"P83027","codes":["P83027"],"label":"Greyland Medical Centre"},"geometry":{"type":"MultiPolygon","coordinates":[[[[-2.25327,53.5175],[-2.27692,53.50888],[-2.27846,53.50898],[-2.28138,53.5102],[-2.28327,53.51143],[-2.28378,53.51245],[-2.28584,53.51347],[-2.28825,53.51418],[-2.29065,53.51521],[-2.29305,53.51674],[-2.29408,53.51847],[-2.25327,53.5175]]],[[[-2.30696,53.53317],[-2.29666,53.52102],[-2.29872,53.52245],[-2.30112,53.52337],[-2.30232,53.52521],[-2.30335,53.52643],[-2.30473,53.52837],[-2.3061,53.5299],[-2.30661,53.53235],[-2.30696,53.53317]]],[[[-2.25291,53.5175],[-2.25147,53.51746],[-2.24911,53.51837],[-2.24911,53.51901],[-2.25291,53.5175],[-2.25327,53.5175],[-2.24911,53.51902],[-2.24911,53.52041],[-2.24911,53.52245],[-2.24842,53.52511],[-2.24739,53.52704],[-2.24619,53.52919],[-2.2455,53.53194],[-2.24447,53.53347],[-2.24344,53.53551],[-2.2419,53.53684],[-2.24866,53.51854],[-2.24859,53.51857],[-2.24884,53.5174],[-2.21684,53.51663],[-2.27194,53.5099],[-2.25291,53.5175]]],[[[-2.30867,53.53459],[-2.30799,53.53296],[-2.32052,53.5397],[-2.31812,53.53949],[-2.31571,53.53908],[-2.31382,53.53806],[-2.31056,53.53694],[-2.30902,53.53592],[-2.30867,53.53459]]],[[[-2.24095,53.54105],[-2.23967,53.5401],[-2.2407,53.53837],[-2.24173,53.53755],[-2.24095,53.54105]]],[[[-2.23887,53.55034],[-2.23795,53.55448],[-2.23778,53.55357],[-2.23812,53.55173],[-2.23881,53.55041],[-2.23887,53.55034]]],[[[-2.26041,53.56186],[-2.26233,53.56213],[-2.26473,53.56295],[-2.26748,53.56407],[-2.26041,53.56186]]],[[[-2.26041,53.56186],[-2.25512,53.56111],[-2.2522,53.55999],[-2.24653,53.55887],[-2.24383,53.55726],[-2.24242,53.55692],[-2.24344,53.55846],[-2.24224,53.55754],[-2.24018,53.55601],[-2.23949,53.55489],[-2.23941,53.55422],[-2.23846,53.55285],[-2.23907,53.55013],[-2.23887,53.55034],[-2.23909,53.5494],[-2.23864,53.54918],[-2.23943,53.54785],[-2.24095,53.54105],[-2.24241,53.54214],[-2.24499,53.54316],[-2.24791,53.54398],[-2.24825,53.5449],[-2.24773,53.54622],[-2.2467,53.54694],[-2.24516,53.54724],[-2.24361,53.54755],[-2.2407,53.54837],[-2.23954,53.54962],[-2.26954,53.56417],[-2.26696,53.56346],[-2.26507,53.56285],[-2.26078,53.56162],[-2.2588,53.56135],[-2.26041,53.56186]]],[[[-2.25374,53.55969],[-2.25256,53.5594],[-2.25684,53.56074],[-2.25374,53.55969]]],[[[-2.34901,53.56886],[-2.32258,53.54112],[-2.32704,53.54255],[-2.33185,53.5452],[-2.33494,53.54684],[-2.33768,53.54867],[-2.34077,53.55092],[-2.34455,53.55377],[-2.34833,53.55663],[-2.35004,53.5603],[-2.35004,53.56417],[-2.35039,53.56682],[-2.34901,53.56886]]],[[[-2.35416,53.59067],[-2.34798,53.56866],[-2.35142,53.57049],[-2.35485,53.57396],[-2.35691,53.57579],[-2.35931,53.57946],[-2.35931,53.5817],[-2.36069,53.58578],[-2.36034,53.58761],[-2.35863,53.58924],[-2.35416,53.59067]]],[[[-2.30198,53.60004],[-2.29906,53.59953],[-2.29305,53.59872],[-2.2879,53.59729],[-2.28361,53.59444],[-2.27846,53.59261],[-2.27194,53.59006],[-2.27314,53.58446],[-2.27228,53.58211],[-2.27142,53.57916],[-2.27125,53.57763],[-2.27177,53.57222],[-2.27074,53.56774],[-2.27039,53.56509],[-2.26954,53.56325],[-2.30799,53.59994],[-2.3061,53.59984],[-2.30198,53.60004]]],[[[-2.30885,53.60025],[-2.3521,53.59108],[-2.34524,53.59373],[-2.3394,53.59577],[-2.33322,53.5974],[-2.3267,53.59841],[-2.32155,53.59964],[-2.30885,53.60025]]]]}},{"type":"Feature","properties":{"source_code":"P87634","codes":["P87634","P87634001"],"label":"Clarendon Surgery"},"geometry":{"type":"MultiPolygon","coordinates":[[[[-2.33035,53.48717],[-2.33047,53.48667],[-2.33047,53.48697],[-2.33035,53.48717]]],[[[-2.33035,53.48717],[-2.33022,53.48769],[-2.32989,53.48788],[-2.32996,53.48779],[-2.33035,53.48717]]],[[[-2.32989,53.48788],[-2.32944,53.48845],[-2.32799,53.48886],[-2.32627,53.48896],[-2.32472,53.48912],[-2.32357,53.48917],[-2.32833,53.48876],[-2.32989,53.48788]]],[[[-2.32357,53.48917],[-2.32292,53.48922],[-2.32159,53.48926],[-2.32155,53.48968],[-2.31983,53.48958],[-2.32241,53.50244],[-2.31554,53.50357],[-2.31073,53.50224],[-2.30679,53.5005],[-2.30267,53.50377],[-2.29477,53.50071],[-2.28979,53.5027],[-2.28653,53.50285],[-2.27923,53.50375],[-2.27679,53.49713],[-2.27423,53.49854],[-2.27074,53.49948],[-2.26198,53.50112],[-2.25906,53.49785],[-2.25958,53.49417],[-2.25941,53.49055],[-2.25649,53.49064],[-2.25306,53.49057],[-2.25001,53.48995],[-2.24876,53.48838],[-2.24559,53.48838],[-2.24464,53.486],[-2.24825,53.48028],[-2.25048,53.47671],[-2.25357,53.47323],[-2.25752,53.4717],[-2.26421,53.47017],[-2.26816,53.46874],[-2.27091,53.47058],[-2.27915,53.46516],[-2.28378,53.46506],[-2.29082,53.46792],[-2.29872,53.47088],[-2.30524,53.47374],[-2.31125,53.4764],[-2.31537,53.47855],[-2.31588,53.48365],[-2.32206,53.48427],[-2.32159,53.48922],[-2.32232,53.48922],[-2.32344,53.48917],[-2.32357,53.48917]]]]}},{"type":"Feature","properties":{"source_code":"P83011","codes":["P83011"],"label":"Unsworth Medical Centre"},"geometry":{"type":"Polygon","coordinates":[[[-2.26833,53.57437],[-2.26815,53.57293],[-2.26799,53.57426],[-2.257,53.56703],[-2.26387,53.5503],[-2.26552,53.55209],[-2.26524,53.5499],[-2.29717,53.5397],[-2.32155,53.56254],[-2.31983,53.56417],[-2.30558,53.56988],[-2.2958,53.57783],[-2.26833,53.57437]]]}},{"type":"Feature","properties":{"source_code":"P84071","codes":["P84071"],"label":"Wilbraham Surgery"},"geometry":{"type":"MultiPolygon","coordinates":[[[[-2.25777,53.44747],[-2.25779,53.44754],[-2.25748,53.44766],[-2.25777,53.44747]]],[[[-2.25779,53.44754],[-2.25788,53.44751],[-2.25782,53.44766],[-2.25779,53.44754]]],[[[-2.28974,53.44459],[-2.2882,53.44633],[-2.28738,53.44727],[-2.28584,53.44822],[-2.28421,53.44924],[-2.2776,53.44845],[-2.27155,53.44789],[-2.26816,53.44758],[-2.26589,53.44771],[-2.26387,53.44784],[-2.26267,53.44761],[-2.2616,53.44766],[-2.26039,53.44773],[-2.25949,53.44771],[-2.25924,53.44781],[-2.25833,53.44763],[-2.25739,53.44607],[-2.25816,53.4474],[-2.25788,53.44751],[-2.25795,53.44735],[-2.25777,53.44747],[-2.25743,53.44617],[-2.25705,53.44702],[-2.25713,53.44643],[-2.25719,53.44609],[-2.2572,53.44516],[-2.25711,53.44327],[-2.2578,53.4384],[-2.25866,53.43808],[-2.25982,53.43781],[-2.2615,53.43703],[-2.26391,53.43568],[-2.26546,53.43433],[-2.2676,53.43324],[-2.26838,53.43295],[-2.26885,53.43278],[-2.26923,53.43269],[-2.27045,53.4325],[-2.27691,53.43186],[-2.27953,53.43367],[-2.28339,53.43508],[-2.28678,53.43713],[-2.29056,53.43943],[-2.2903,53.44142],[-2.29094,53.44311],[-2.28974,53.44459]]]]}},{"type":"Feature","properties":{"source_code":"P87654","codes":["P87654","P87654001"],"label":"Dr A Chaudhry & Dr I Jeet"},"geometry":{"type":"Polygon","coordinates":[[[-2.31417,53.50786],[-2.27666,53.52337],[-2.25855,53.50326],[-2.24567,53.48815],[-2.25735,53.481],[-2.29048,53.49223],[-2.3049,53.49994],[-2.31417,53.50786]]]}},{"type":"Feature","properties":{"source_code":"P83609","codes":["P83609"],"label":"The Birches Medical Centre"},"geometry":{"type":"Polygon","coordinates":[[[-2.27825,53.54541],[-2.24943,53.54997],[-2.26691,53.53865],[-2.26732,53.52489],[-2.28241,53.53187],[-2.284,53.53421],[-2.28498,53.5369],[-2.28121,53.54003],[-2.28709,53.54245],[-2.27825,53.54541]]]}},{"type":"Feature","properties":{"source_code":"P83605","codes":["P83605"],"label":"Whittaker Lane Med Centre"},"geometry":{"type":"Polygon","coordinates":[[[-2.28945,53.53868],[-2.28413,53.54163],[-2.27966,53.54378],[-2.26627,53.545],[-2.25134,53.54439],[-2.23898,53.53959],[-2.24327,53.53602],[-2.24585,53.53123],[-2.24859,53.52521],[-2.24842,53.52041],[-2.26061,53.52041],[-2.2716,53.51878],[-2.27623,53.52327],[-2.28893,53.51725],[-2.29666,53.52704],[-2.29546,53.53755],[-2.28945,53.53868]]]}},{"type":"Feature","properties":{"source_code":"P84038","codes":["P84038"],"label":"Ashville Surgery"},"geometry":{"type":"Polygon","coordinates":[[[-2.27046,53.43263],[-2.2715,53.43221],[-2.27425,53.43168],[-2.27833,53.43076],[-2.28391,53.43692],[-2.28959,53.43906],[-2.2893,53.44152],[-2.29398,53.44453],[-2.30606,53.44586],[-2.29988,53.45231],[-2.2876,53.45789],[-2.27955,53.46167],[-2.27213,53.4629],[-2.25781,53.46567],[-2.25803,53.45867],[-2.2583,53.45573],[-2.25723,53.45317],[-2.25737,53.44934],[-2.2567,53.44379],[-2.25798,53.43818],[-2.26036,53.43734],[-2.26316,53.43624],[-2.2643,53.43504],[-2.27046,53.43263]]]}},{"type":"Feature","properties":{"source_code":"P84066","codes":["P84066","P84066001"],"label":"David Medical Centre"},"geometry":{"type":"Polygon","coordinates":[[[-2.20112,53.46565],[-2.20001,53.46516],[-2.20105,53.46548],[-2.19761,53.45678],[-2.14474,53.4216],[-2.12173,53.39367],[-2.20242,53.41199],[-2.19692,53.42815],[-2.20327,53.41117],[-2.21066,53.41015],[-2.21786,53.40994],[-2.26662,53.39746],[-2.29134,53.42631],[-2.30061,53.4349],[-2.31091,53.43592],[-2.3106,53.4394],[-2.32395,53.4394],[-2.33459,53.44482],[-2.33631,53.4576],[-2.29546,53.48764],[-2.28601,53.49135],[-2.28722,53.49172],[-2.28058,53.49744],[-2.28044,53.50076],[-2.27499,53.50227],[-2.27348,53.50357],[-2.2625,53.5101],[-2.25014,53.51296],[-2.22542,53.51541],[-2.2207,53.50675],[-2.2007,53.49131],[-2.17615,53.46945],[-2.20173,53.4672],[-2.20112,53.46565]]]}},{"type":"Feature","properties":{"source_code":"P83025","codes":["P83025"],"label":"St Gabriel's Medical Centre"},"geometry":{"type":"Polygon","coordinates":[[[-2.30095,53.54888],[-2.29941,53.54864],[-2.29572,53.55008],[-2.29378,53.55041],[-2.29111,53.54852],[-2.28999,53.54789],[-2.28956,53.54741],[-2.28668,53.54844],[-2.28218,53.54729],[-2.28038,53.54481],[-2.27738,53.54566],[-2.27687,53.54577],[-2.27661,53.54611],[-2.27589,53.54666],[-2.27435,53.54684],[-2.2734,53.54682],[-2.27258,53.54691],[-2.27093,53.54738],[-2.26649,53.5474],[-2.26371,53.54819],[-2.26101,53.54881],[-2.25868,53.54768],[-2.26561,53.54493],[-2.26785,53.54324],[-2.26932,53.54095],[-2.26653,53.53876],[-2.26936,53.53704],[-2.26649,53.53097],[-2.26634,53.52786],[-2.2649,53.52459],[-2.26049,53.52566],[-2.25642,53.52703],[-2.25176,53.52805],[-2.247,53.52891],[-2.24776,53.52569],[-2.24846,53.52455],[-2.24907,53.52329],[-2.24882,53.52213],[-2.24368,53.52182],[-2.24073,53.52205],[-2.242,53.52188],[-2.24061,53.5219],[-2.24034,53.521],[-2.24004,53.52002],[-2.23982,53.51904],[-2.23945,53.51788],[-2.24123,53.51788],[-2.24449,53.51805],[-2.24631,53.51825],[-2.24822,53.51815],[-2.24873,53.51639],[-2.24923,53.51532],[-2.24977,53.51431],[-2.25137,53.51215],[-2.25245,53.51045],[-2.24898,53.50951],[-2.25257,53.50712],[-2.25641,53.50664],[-2.26368,53.50446],[-2.27657,53.50809],[-2.28022,53.50872],[-2.2831,53.5074],[-2.28481,53.50883],[-2.28848,53.51222],[-2.29241,53.51528],[-2.29552,53.52221],[-2.30271,53.53074],[-2.31515,53.54028],[-2.31516,53.54168],[-2.31537,53.54209],[-2.31625,53.5439],[-2.31561,53.54461],[-2.31364,53.54474],[-2.31203,53.54513],[-2.3105,53.54583],[-2.3076,53.54727],[-2.30095,53.54888]]]}},{"type":"Feature","properties":{"source_code":"P84020","codes":["P84020"],"label":"Peel Hall Medical Centre"},"geometry":{"type":"MultiPolygon","coordinates":[[[[-2.26344,53.40651],[-2.26069,53.40503],[-2.25675,53.40362],[-2.25306,53.40152],[-2.25065,53.40045],[-2.24954,53.39763],[-2.24473,53.39423],[-2.24095,53.39108],[-2.24263,53.38801],[-2.2428,53.38594],[-2.24095,53.38402],[-2.23868,53.38118],[-2.23838,53.3778],[-2.23988,53.37616],[-2.23876,53.37296],[-2.24014,53.37119],[-2.24224,53.36866],[-2.24198,53.36712],[-2.24207,53.36428],[-2.24559,53.36456],[-2.254,53.36507],[-2.26533,53.36886],[-2.2722,53.37148],[-2.27777,53.37378],[-2.28378,53.37644],[-2.29168,53.38105],[-2.28983,53.3823],[-2.29091,53.38405],[-2.28846,53.38512],[-2.2876,53.38678],[-2.28687,53.38973],[-2.28799,53.39106],[-2.29013,53.39351],[-2.29314,53.3973],[-2.29481,53.40022],[-2.29421,53.40088],[-2.29507,53.40395],[-2.28962,53.40429],[-2.29219,53.4036],[-2.29194,53.40175],[-2.2882,53.40186],[-2.2879,53.40074],[-2.28232,53.40094],[-2.27408,53.40037],[-2.26988,53.39986],[-2.26778,53.40317],[-2.26782,53.40685],[-2.26937,53.40693],[-2.26687,53.40682],[-2.26344,53.40651]]],[[[-2.26937,53.40693],[-2.27335,53.4071],[-2.27696,53.40731],[-2.26937,53.40693]]]]}},{"type":"Feature","properties":{"source_code":"P84043","codes":["P84043"],"label":"Cornishway Group Practice"},"geometry":{"type":"Polygon","coordinates":[[[-2.29477,53.40094],[-2.29168,53.40058],[-2.28541,53.40073],[-2.27816,53.40068],[-2.27511,53.40053],[-2.27501,53.4005],[-2.27344,53.40032],[-2.27142,53.39978],[-2.27009,53.39922],[-2.27004,53.3992],[-2.26874,53.39887],[-2.26735,53.39897],[-2.26516,53.39853],[-2.26336,53.39807],[-2.2634,53.39743],[-2.26215,53.39747],[-2.26151,53.39705],[-2.25984,53.39648],[-2.25713,53.39597],[-2.25708,53.39506],[-2.25091,53.3929],[-2.24705,53.39377],[-2.2431,53.39264],[-2.2407,53.3907],[-2.24276,53.38742],[-2.24121,53.38405],[-2.23812,53.38036],[-2.24001,53.37616],[-2.23881,53.37258],[-2.24224,53.3694],[-2.24207,53.36448],[-2.25681,53.3653],[-2.27722,53.36883],[-2.28705,53.3794],[-2.28783,53.37806],[-2.28815,53.38],[-2.28912,53.38121],[-2.28873,53.38255],[-2.28668,53.38441],[-2.28378,53.38692],[-2.28665,53.3919],[-2.28784,53.39351],[-2.27901,53.39661],[-2.29095,53.39428],[-2.29232,53.39572],[-2.2931,53.39712],[-2.29335,53.39858],[-2.29473,53.40004],[-2.29477,53.40094]]]}},{"type":"Feature","properties":{"source_code":"P91020","codes":["P91020"],"label":"Limelight Health and Wellbeing Hub"},"geometry":{"type":"Polygon","coordinates":[[[-2.23434,53.45801],[-2.23924,53.45034],[-2.24997,53.44431],[-2.26962,53.4429],[-2.28516,53.44226],[-2.29408,53.44459],[-2.30764,53.44625],[-2.30687,53.45637],[-2.29777,53.46284],[-2.27228,53.46485],[-2.25851,53.47091],[-2.24645,53.46756],[-2.23434,53.45801]]]}},{"type":"Feature","properties":{"source_code":"P87648","codes":["P87648"],"label":"Reut Medical Practice"},"geometry":{"type":"Polygon","coordinates":[[[-2.25975,53.50306],[-2.28035,53.52388],[-2.27812,53.52562],[-2.24464,53.53072],[-2.24516,53.52602],[-2.24881,53.51469],[-2.25228,53.50285],[-2.25821,53.50137],[-2.25975,53.50306]]]}},{"type":"Feature","properties":{"source_code":"P87026","codes":["P87026"],"label":"Newbury Green Medical Practice"},"geometry":{"type":"Polygon","coordinates":[[[-2.27975,53.51142],[-2.27962,53.51357],[-2.27795,53.51765],[-2.27614,53.52393],[-2.26524,53.52878],[-2.24396,53.53383],[-2.2261,53.52306],[-2.22353,53.52016],[-2.22267,53.51541],[-2.22816,53.50561],[-2.23168,53.50362],[-2.2364,53.50398],[-2.24078,53.49966],[-2.24499,53.50147],[-2.25082,53.49519],[-2.26215,53.49632],[-2.27022,53.50362],[-2.27778,53.51011],[-2.27975,53.51142]]]}},{"type":"Feature","properties":{"source_code":"P87651","codes":["P87651"],"label":"LIMEFIELD ROAD MEDICAL PRACTICE"},"geometry":{"type":"Polygon","coordinates":[[[-2.26443,53.52453],[-2.26359,53.52366],[-2.2634,53.52276],[-2.26181,53.52143],[-2.26061,53.52041],[-2.25975,53.51981],[-2.25924,53.51908],[-2.25718,53.51796],[-2.25554,53.51748],[-2.25417,53.51708],[-2.2528,53.51671],[-2.2511,53.51624],[-2.25013,53.51577],[-2.24984,53.51521],[-2.25027,53.51441],[-2.25048,53.5136],[-2.25097,53.51292],[-2.24958,53.51245],[-2.24964,53.51173],[-2.25018,53.51107],[-2.25057,53.5099],[-2.24967,53.50934],[-2.25082,53.50735],[-2.25185,53.50612],[-2.25374,53.50571],[-2.25496,53.50525],[-2.25622,53.50495],[-2.25752,53.50469],[-2.25802,53.50488],[-2.25815,53.50535],[-2.25835,53.50575],[-2.2588,53.50618],[-2.26094,53.50603],[-2.26175,53.50571],[-2.26213,53.50523],[-2.26314,53.50428],[-2.26492,53.50287],[-2.26557,53.50333],[-2.26559,53.50392],[-2.26598,53.5041],[-2.2666,53.50438],[-2.26795,53.50401],[-2.26743,53.50481],[-2.26681,53.50541],[-2.2665,53.5059],[-2.26587,53.50634],[-2.26514,53.50692],[-2.26421,53.50732],[-2.2636,53.50747],[-2.26285,53.50775],[-2.26218,53.50774],[-2.26182,53.50784],[-2.26179,53.50818],[-2.26233,53.50909],[-2.26288,53.51013],[-2.26312,53.5112],[-2.26417,53.51253],[-2.26614,53.5135],[-2.26818,53.51457],[-2.26877,53.51496],[-2.26954,53.51561],[-2.27091,53.51684],[-2.27122,53.51727],[-2.2714,53.51773],[-2.2716,53.51861],[-2.27245,53.52021],[-2.27359,53.52129],[-2.2744,53.52183],[-2.27492,53.52244],[-2.27597,53.52366],[-2.27539,53.52426],[-2.27485,53.52457],[-2.27434,53.52471],[-2.27366,53.52484],[-2.27259,53.52503],[-2.27106,53.5248],[-2.27002,53.52458],[-2.26891,53.5247],[-2.26679,53.52461],[-2.26576,53.52458],[-2.26443,53.52453]]]}},{"type":"Feature","properties":{"source_code":"P84039","codes":["P84039"],"label":"The Range Medical Centre"},"geometry":{"type":"Polygon","coordinates":[[[-2.27494,53.45734],[-2.25812,53.46031],[-2.25821,53.45885],[-2.25228,53.46015],[-2.25057,53.46051],[-2.24516,53.45928],[-2.2407,53.45775],[-2.23606,53.45806],[-2.23572,53.45612],[-2.23718,53.45325],[-2.23949,53.4483],[-2.23915,53.44339],[-2.24447,53.44313],[-2.24387,53.43976],[-2.25153,53.43953],[-2.25748,53.43848],[-2.26239,53.43651],[-2.26338,53.43605],[-2.26437,53.43512],[-2.2644,53.43509],[-2.26401,53.43552],[-2.26507,53.43462],[-2.26629,53.43524],[-2.26726,53.43607],[-2.2672,53.43685],[-2.26665,53.43749],[-2.2668,53.43904],[-2.26692,53.43998],[-2.26732,53.44291],[-2.2691,53.44274],[-2.26908,53.44272],[-2.27089,53.44254],[-2.27109,53.44582],[-2.27125,53.44778],[-2.27151,53.45065],[-2.27305,53.45075],[-2.27365,53.45379],[-2.27494,53.45734]]]}},{"type":"Feature","properties":{"source_code":"P84048","codes":["P84048"],"label":"Tregenna Group Practice"},"geometry":{"type":"Polygon","coordinates":[[[-2.27024,53.40055],[-2.27039,53.40032],[-2.26921,53.40088],[-2.26884,53.40254],[-2.27005,53.40053],[-2.27024,53.40055],[-2.26881,53.40267],[-2.2686,53.40366],[-2.26936,53.4036],[-2.26807,53.40606],[-2.26795,53.40662],[-2.26798,53.40623],[-2.26765,53.40687],[-2.24979,53.40789],[-2.24602,53.40401],[-2.24073,53.40015],[-2.24012,53.39991],[-2.239,53.39952],[-2.23857,53.39939],[-2.22904,53.39853],[-2.22797,53.39865],[-2.2263,53.39882],[-2.22632,53.39829],[-2.22658,53.39705],[-2.22656,53.39579],[-2.22658,53.3952],[-2.2261,53.39438],[-2.22557,53.38928],[-2.22557,53.38928],[-2.22531,53.38875],[-2.22514,53.38842],[-2.22497,53.38814],[-2.2246,53.38745],[-2.22435,53.3871],[-2.2243,53.38677],[-2.22402,53.3864],[-2.22402,53.38623],[-2.2213,53.38312],[-2.21681,53.3791],[-2.21679,53.37909],[-2.21619,53.37859],[-2.2151,53.37809],[-2.2145,53.37762],[-2.21141,53.37485],[-2.2114,53.37478],[-2.21134,53.37473],[-2.20887,53.36982],[-2.20581,53.36664],[-2.2031,53.36448],[-2.19933,53.36059],[-2.19967,53.36053],[-2.19967,53.36026],[-2.19915,53.35972],[-2.19967,53.3597],[-2.19967,53.35916],[-2.20465,53.35916],[-2.20752,53.35902],[-2.20791,53.35895],[-2.22404,53.35813],[-2.22989,53.3584],[-2.23658,53.35811],[-2.2373,53.35841],[-2.23932,53.35834],[-2.24098,53.35841],[-2.24499,53.35834],[-2.24506,53.35834],[-2.24602,53.35808],[-2.24825,53.35767],[-2.25151,53.35767],[-2.25364,53.35797],[-2.2546,53.35793],[-2.2554,53.35793],[-2.25752,53.35726],[-2.25692,53.359],[-2.25632,53.35977],[-2.25244,53.36361],[-2.25518,53.36524],[-2.25752,53.36556],[-2.26083,53.36611],[-2.27074,53.36694],[-2.27121,53.36731],[-2.27134,53.36735],[-2.27207,53.36779],[-2.27267,53.36781],[-2.27361,53.36822],[-2.27365,53.36863],[-2.27392,53.36943],[-2.2752,53.37043],[-2.27832,53.37083],[-2.27902,53.37073],[-2.28065,53.37076],[-2.28147,53.37142],[-2.28275,53.3724],[-2.28353,53.37337],[-2.28368,53.37396],[-2.28413,53.37432],[-2.28447,53.37718],[-2.285,53.37742],[-2.28554,53.37741],[-2.28666,53.37793],[-2.28782,53.37854],[-2.2888,53.37908],[-2.2894,53.37939],[-2.28951,53.37947],[-2.29168,53.38046],[-2.29168,53.38101],[-2.29185,53.38108],[-2.29168,53.38173],[-2.29168,53.38538],[-2.29105,53.38601],[-2.29061,53.38663],[-2.28958,53.38771],[-2.28868,53.38842],[-2.28858,53.3885],[-2.28744,53.38966],[-2.28867,53.39147],[-2.2934,53.39664],[-2.29489,53.40038],[-2.29494,53.40045],[-2.29493,53.40048],[-2.29511,53.40094],[-2.29473,53.40095],[-2.29473,53.40096],[-2.29436,53.40096],[-2.28756,53.40114],[-2.27932,53.40134],[-2.27024,53.40055]],[[-2.26773,53.40372],[-2.26772,53.40374],[-2.2682,53.4037],[-2.26837,53.40177],[-2.26825,53.40219],[-2.26795,53.40301],[-2.26773,53.40372]]]}},{"type":"Feature","properties":{"source_code":"P84650","codes":["P84650"],"label":"The Alexandra Practice"},"geometry":{"type":"Polygon","coordinates":[[[-2.26499,53.43475],[-2.26629,53.43537],[-2.26726,53.43631],[-2.26647,53.43801],[-2.26696,53.44001],[-2.26936,53.44096],[-2.27087,53.44161],[-2.27091,53.44262],[-2.27082,53.44281],[-2.27082,53.44556],[-2.27121,53.44862],[-2.27153,53.45078],[-2.27039,53.45131],[-2.26147,53.45701],[-2.25657,53.4595],[-2.25082,53.46046],[-2.24482,53.45934],[-2.24379,53.44012],[-2.25029,53.43962],[-2.2561,53.43866],[-2.26166,53.43716],[-2.26499,53.43475]]]}},{"type":"Feature","properties":{"source_code":"P84029","codes":["P84029"],"label":"Benchill Medical Practice"},"geometry":{"type":"MultiPolygon","coordinates":[[[[-2.24616,53.3639],[-2.24567,53.36387],[-2.24705,53.36366],[-2.24616,53.3639]]],[[[-2.24565,53.36403],[-2.24485,53.36424],[-2.24482,53.36367],[-2.24565,53.36403]]],[[[-2.27292,53.38968],[-2.27293,53.38973],[-2.2722,53.39075],[-2.27292,53.38968]]],[[[-2.25932,53.39623],[-2.25932,53.39623],[-2.25929,53.39624],[-2.25932,53.39623]]],[[[-2.25903,53.39635],[-2.25929,53.39624],[-2.25903,53.39639],[-2.25903,53.39635]]],[[[-2.25904,53.39644],[-2.25906,53.39643],[-2.25904,53.39645],[-2.25904,53.39644]]],[[[-2.25903,53.39639],[-2.25904,53.39644],[-2.25891,53.39646],[-2.25903,53.39639]]],[[[-2.25873,53.39643],[-2.25901,53.39628],[-2.25903,53.39635],[-2.25873,53.39647],[-2.25871,53.39648],[-2.25872,53.39643],[-2.25873,53.39643]]],[[[-2.25871,53.39648],[-2.25871,53.39649],[-2.25868,53.3965],[-2.25871,53.39648]]],[[[-2.25891,53.39646],[-2.25876,53.39655],[-2.25874,53.39649],[-2.25891,53.39646]]],[[[-2.25855,53.39652],[-2.25868,53.3965],[-2.25856,53.39655],[-2.25855,53.39653],[-2.25836,53.39661],[-2.25855,53.39652]]],[[[-2.25819,53.39669],[-2.25836,53.39661],[-2.25823,53.39668],[-2.25816,53.39671],[-2.25819,53.39669]]],[[[-2.25761,53.39668],[-2.25736,53.39672],[-2.25769,53.39623],[-2.25761,53.39668]]],[[[-2.2586,53.39664],[-2.25869,53.39659],[-2.25876,53.39655],[-2.2588,53.39669],[-2.25869,53.39681],[-2.25865,53.39674],[-2.2586,53.39664]]],[[[-2.25736,53.39672],[-2.25734,53.39674],[-2.25751,53.39691],[-2.25665,53.39684],[-2.25736,53.39672]]],[[[-2.25757,53.39692],[-2.25761,53.39668],[-2.25836,53.39655],[-2.25819,53.39669],[-2.25763,53.39692],[-2.25757,53.39692]]],[[[-2.25764,53.39693],[-2.25816,53.39671],[-2.25813,53.39673],[-2.25774,53.39693],[-2.25764,53.39693]]],[[[-2.25757,53.39695],[-2.25763,53.39692],[-2.25764,53.39693],[-2.25757,53.39696],[-2.25757,53.39695]]],[[[-2.25751,53.39691],[-2.25757,53.39692],[-2.25757,53.39695],[-2.25755,53.39696],[-2.25751,53.39691]]],[[[-2.25755,53.39696],[-2.25757,53.39696],[-2.25756,53.39697],[-2.25755,53.39696]]],[[[-2.25756,53.39697],[-2.25759,53.39701],[-2.25755,53.39703],[-2.25756,53.39697]]],[[[-2.25755,53.39696],[-2.25755,53.39696],[-2.25735,53.39705],[-2.25755,53.39696]]],[[[-2.25755,53.39703],[-2.25755,53.39707],[-2.25752,53.39705],[-2.25755,53.39703]]],[[[-2.25759,53.39701],[-2.25774,53.39693],[-2.25786,53.39694],[-2.25813,53.39673],[-2.25823,53.39668],[-2.25856,53.39655],[-2.2586,53.39664],[-2.25772,53.39714],[-2.25759,53.39701]]],[[[-2.2588,53.39669],[-2.25904,53.39645],[-2.2591,53.39676],[-2.25894,53.39714],[-2.2588,53.39669]]],[[[-2.25755,53.39707],[-2.25767,53.39717],[-2.25752,53.39725],[-2.25755,53.39707]]],[[[-2.2589,53.39723],[-2.25894,53.39714],[-2.25899,53.39733],[-2.25897,53.39737],[-2.2589,53.39723]]],[[[-2.25767,53.39717],[-2.25772,53.39714],[-2.25796,53.3974],[-2.25767,53.39717]]],[[[-2.25919,53.39733],[-2.25931,53.39695],[-2.25958,53.39664],[-2.25922,53.39749],[-2.25919,53.39733]]],[[[-2.25922,53.39749],[-2.25923,53.39756],[-2.25919,53.39756],[-2.25922,53.39749]]],[[[-2.25931,53.39695],[-2.25916,53.39713],[-2.2591,53.39676],[-2.25932,53.39623],[-2.2594,53.3962],[-2.25938,53.3962],[-2.25932,53.39623],[-2.25934,53.39619],[-2.25925,53.39616],[-2.25901,53.39628],[-2.25901,53.39626],[-2.25919,53.39615],[-2.25898,53.3961],[-2.25901,53.39626],[-2.25873,53.39643],[-2.25855,53.39652],[-2.25836,53.39655],[-2.25895,53.39609],[-2.24653,53.39295],[-2.24645,53.39259],[-2.24625,53.39254],[-2.24555,53.38993],[-2.24586,53.39004],[-2.24564,53.38906],[-2.24482,53.39121],[-2.24438,53.38634],[-2.24482,53.38707],[-2.24544,53.38817],[-2.24395,53.38168],[-2.24438,53.38634],[-2.24379,53.38538],[-2.24052,53.38666],[-2.23907,53.38527],[-2.24224,53.38415],[-2.24035,53.38246],[-2.23932,53.38077],[-2.2401,53.37964],[-2.23932,53.37821],[-2.24061,53.37713],[-2.24104,53.37544],[-2.23949,53.37355],[-2.24113,53.37119],[-2.24284,53.36966],[-2.24285,53.36959],[-2.24308,53.37215],[-2.24301,53.36815],[-2.24285,53.36959],[-2.2425,53.36581],[-2.24155,53.3651],[-2.24242,53.36487],[-2.24241,53.36479],[-2.24224,53.36469],[-2.24241,53.36469],[-2.24265,53.36481],[-2.24251,53.36485],[-2.24241,53.36479],[-2.24243,53.36487],[-2.24251,53.36485],[-2.24296,53.36512],[-2.24295,53.36497],[-2.24265,53.36481],[-2.24295,53.36473],[-2.24293,53.36356],[-2.24438,53.36436],[-2.24485,53.36424],[-2.24488,53.36463],[-2.24634,53.36544],[-2.24807,53.3651],[-2.24565,53.36403],[-2.24616,53.3639],[-2.25323,53.36428],[-2.25254,53.36633],[-2.25323,53.36489],[-2.26404,53.36879],[-2.27005,53.37073],[-2.27297,53.37094],[-2.27348,53.37176],[-2.27881,53.37422],[-2.27606,53.38097],[-2.27743,53.38287],[-2.27678,53.38253],[-2.27632,53.38332],[-2.27743,53.38292],[-2.27292,53.38968],[-2.2728,53.38928],[-2.2718,53.39097],[-2.27207,53.3907],[-2.27202,53.3916],[-2.27129,53.39185],[-2.27057,53.39293],[-2.26932,53.39369],[-2.26881,53.39449],[-2.26786,53.39495],[-2.27134,53.39144],[-2.2625,53.39582],[-2.26124,53.39657],[-2.26456,53.39756],[-2.26115,53.39662],[-2.26112,53.39664],[-2.25954,53.39624],[-2.25931,53.39695]]],[[[-2.27443,53.38678],[-2.27437,53.38662],[-2.27353,53.38804],[-2.27387,53.38781],[-2.27443,53.38678]]],[[[-2.24299,53.36694],[-2.24297,53.36611],[-2.24293,53.36612],[-2.24273,53.36598],[-2.24299,53.36694]]],[[[-2.25897,53.39737],[-2.25906,53.39756],[-2.25899,53.39733],[-2.25916,53.39713],[-2.25919,53.39733],[-2.25912,53.39757],[-2.25877,53.3976],[-2.25897,53.39737]]],[[[-2.25796,53.3974],[-2.25803,53.39746],[-2.25863,53.39687],[-2.25869,53.39681],[-2.2589,53.39723],[-2.25874,53.39761],[-2.25846,53.39763],[-2.2582,53.39766],[-2.25796,53.3974]]],[[[-2.25874,53.39761],[-2.25877,53.3976],[-2.25872,53.39766],[-2.25874,53.39761]]],[[[-2.26508,53.39767],[-2.2649,53.39643],[-2.26782,53.39492],[-2.26524,53.39766],[-2.26508,53.39767]]],[[[-2.25912,53.39757],[-2.25919,53.39756],[-2.25889,53.39828],[-2.25912,53.39757]]],[[[-2.26508,53.39767],[-2.26524,53.39889],[-2.26387,53.39776],[-2.26508,53.39767]]]]}},{"type":"Feature","properties":{"source_code":"Y02622","codes":["Y02622"],"label":"Blackfriars"},"geometry":{"type":"Polygon","coordinates":[[[-2.23675,53.42611],[-2.24144,53.42977],[-2.24888,53.43242],[-2.24419,53.44343],[-2.26159,53.44316],[-2.28849,53.44243],[-2.30076,53.45221],[-2.30306,53.4492],[-2.31434,53.45036],[-2.31861,53.45094],[-2.32178,53.45296],[-2.33657,53.45623],[-2.33831,53.45694],[-2.33816,53.45857],[-2.33454,53.46206],[-2.34166,53.46564],[-2.34522,53.46712],[-2.34786,53.46787],[-2.34986,53.46998],[-2.35172,53.47174],[-2.35214,53.47283],[-2.35372,53.47481],[-2.35485,53.47559],[-2.35525,53.47721],[-2.36025,53.48078],[-2.36155,53.48184],[-2.35899,53.48802],[-2.3586,53.48926],[-2.35788,53.49059],[-2.35564,53.49208],[-2.35014,53.49379],[-2.34249,53.49582],[-2.32241,53.50244],[-2.31604,53.50323],[-2.31001,53.50259],[-2.30234,53.49825],[-2.29484,53.49391],[-2.28562,53.49161],[-2.28091,53.49558],[-2.27209,53.49915],[-2.26571,53.49991],[-2.25341,53.50376],[-2.25395,53.5043],[-2.25441,53.50538],[-2.2531,53.50979],[-2.25218,53.51197],[-2.2507,53.51326],[-2.24928,53.51565],[-2.24622,53.51374],[-2.24317,53.5101],[-2.24135,53.51089],[-2.23919,53.51055],[-2.23192,53.50839],[-2.22941,53.50529],[-2.22506,53.50235],[-2.22289,53.50219],[-2.21745,53.50193],[-2.21431,53.49848],[-2.2115,53.49615],[-2.20956,53.49563],[-2.20692,53.49222],[-2.20085,53.48984],[-2.20003,53.48834],[-2.19496,53.48145],[-2.1934,53.47729],[-2.1944,53.47447],[-2.19403,53.47094],[-2.19435,53.46822],[-2.19671,53.46586],[-2.19798,53.46297],[-2.19709,53.46128],[-2.19891,53.4599],[-2.20348,53.45893],[-2.19586,53.45387],[-2.1927,53.45004],[-2.19134,53.4474],[-2.19153,53.44609],[-2.19165,53.44423],[-2.19293,53.44204],[-2.19291,53.44046],[-2.19697,53.42864],[-2.19981,53.42685],[-2.2024,53.4252],[-2.20243,53.42488],[-2.20055,53.42432],[-2.20002,53.42402],[-2.19904,53.42375],[-2.19841,53.42333],[-2.20079,53.42272],[-2.20239,53.42194],[-2.20315,53.42117],[-2.20434,53.42034],[-2.20935,53.4202],[-2.21118,53.42067],[-2.21353,53.42074],[-2.21675,53.41516],[-2.22065,53.41585],[-2.23151,53.41767],[-2.23675,53.42611]]]}},{"type":"Feature","properties":{"source_code":"P84635","codes":["P84635"],"label":"The Whitswood Practice"},"geometry":{"type":"Polygon","coordinates":[[[-2.25735,53.47193],[-2.2555,53.47129],[-2.25366,53.47093],[-2.25215,53.47081],[-2.25044,53.4707],[-2.24675,53.47037],[-2.24482,53.46577],[-2.24456,53.46447],[-2.24503,53.4624],[-2.24503,53.46033],[-2.23928,53.45895],[-2.23928,53.45806],[-2.23773,53.45808],[-2.2358,53.45806],[-2.23585,53.45619],[-2.23602,53.45535],[-2.23726,53.4533],[-2.23947,53.44874],[-2.23956,53.44847],[-2.23954,53.44826],[-2.23939,53.44638],[-2.23924,53.44332],[-2.24181,53.44321],[-2.24306,53.44318],[-2.24428,53.44316],[-2.24546,53.44313],[-2.24692,53.44315],[-2.24883,53.44321],[-2.25162,53.44336],[-2.25488,53.44343],[-2.25705,53.44341],[-2.26048,53.44332],[-2.26222,53.44323],[-2.26569,53.44302],[-2.26964,53.44267],[-2.27082,53.44258],[-2.27108,53.44582],[-2.27125,53.44781],[-2.27149,53.45071],[-2.2725,53.45062],[-2.27323,53.45061],[-2.27305,53.45094],[-2.2734,53.45325],[-2.27488,53.45734],[-2.27668,53.46212],[-2.27567,53.4623],[-2.27372,53.46273],[-2.27325,53.46278],[-2.2711,53.46317],[-2.26951,53.46344],[-2.2679,53.46378],[-2.25782,53.46572],[-2.2576,53.46764],[-2.25818,53.46971],[-2.2581,53.47059],[-2.25735,53.47193]]]}},{"type":"Feature","properties":{"source_code":"P84012","codes":["P84012","P84012001"],"label":"Northenden Group Practice"},"geometry":{"type":"Polygon","coordinates":[[[-2.25546,53.42511],[-2.24463,53.42173],[-2.24599,53.42072],[-2.24132,53.41915],[-2.23842,53.41673],[-2.23514,53.41473],[-2.23803,53.41302],[-2.24218,53.40882],[-2.24652,53.40387],[-2.24312,53.40126],[-2.23584,53.39896],[-2.22804,53.3983],[-2.2294,53.39523],[-2.23106,53.39203],[-2.22722,53.3919],[-2.22678,53.39054],[-2.22523,53.38718],[-2.22321,53.38362],[-2.2233,53.37804],[-2.22262,53.37376],[-2.21928,53.37385],[-2.21821,53.37247],[-2.22352,53.37152],[-2.22918,53.37011],[-2.23009,53.36969],[-2.23117,53.36969],[-2.23308,53.36994],[-2.23499,53.37016],[-2.23682,53.37013],[-2.24005,53.37119],[-2.24193,53.37168],[-2.24389,53.37181],[-2.24487,53.37187],[-2.24581,53.37206],[-2.24808,53.3727],[-2.25001,53.3736],[-2.24803,53.37473],[-2.24778,53.37667],[-2.24752,53.38018],[-2.24988,53.38358],[-2.24692,53.38552],[-2.24482,53.38755],[-2.25035,53.38795],[-2.25597,53.38835],[-2.25687,53.39652],[-2.25838,53.39667],[-2.26086,53.39711],[-2.26498,53.39871],[-2.26746,53.39884],[-2.26909,53.39958],[-2.2714,53.39961],[-2.27286,53.40016],[-2.27671,53.4005],[-2.27997,53.40062],[-2.28005,53.40048],[-2.28156,53.40082],[-2.29304,53.40094],[-2.29966,53.40085],[-2.29951,53.39352],[-2.30095,53.3931],[-2.30378,53.3959],[-2.30639,53.39818],[-2.30865,53.39978],[-2.30862,53.4001],[-2.30895,53.39996],[-2.30951,53.3999],[-2.32056,53.41227],[-2.31873,53.41286],[-2.31689,53.41242],[-2.31399,53.41252],[-2.31045,53.41295],[-2.30793,53.41404],[-2.30668,53.41436],[-2.30552,53.41443],[-2.29424,53.4152],[-2.28655,53.41758],[-2.2861,53.41793],[-2.28213,53.41578],[-2.27681,53.41443],[-2.26498,53.41401],[-2.25874,53.42171],[-2.2574,53.42366],[-2.25546,53.42511]]]}},{"type":"Feature","properties":{"source_code":"P84669","codes":["P84669","P84669001"],"label":"Cornbrook Medical Practice"},"geometry":{"type":"Polygon","coordinates":[[[-2.26559,53.46925],[-2.25357,53.47354],[-2.24773,53.47456],[-2.24361,53.47681],[-2.23949,53.47926],[-2.23057,53.4762],[-2.22679,53.47088],[-2.21924,53.467],[-2.21203,53.46414],[-2.2134,53.46169],[-2.21546,53.45964],[-2.21821,53.45862],[-2.22164,53.4576],[-2.22507,53.4576],[-2.22439,53.45412],[-2.22095,53.45106],[-2.21855,53.44758],[-2.21821,53.44288],[-2.22885,53.44349],[-2.23572,53.44329],[-2.24293,53.44288],[-2.2522,53.44349],[-2.25735,53.44329],[-2.25666,53.4486],[-2.257,53.45249],[-2.25769,53.45637],[-2.25735,53.45985],[-2.25735,53.46312],[-2.25735,53.46537],[-2.26387,53.46455],[-2.27039,53.46332],[-2.27451,53.46209],[-2.26559,53.46925]]]}},{"type":"Feature","properties":{"source_code":"P84630","codes":["P84630"],"label":"The Arch Medical Practice"},"geometry":{"type":"MultiPolygon","coordinates":[[[[-2.20416,53.44234],[-2.21786,53.47497],[-2.20345,53.44145],[-2.20416,53.44234]]],[[[-2.23614,53.48633],[-2.23619,53.48633],[-2.2351,53.48536],[-2.23614,53.48633],[-2.23598,53.48635],[-2.23359,53.48503],[-2.23194,53.48427],[-2.22909,53.4827],[-2.22673,53.48146],[-2.22456,53.48087],[-2.22445,53.48054],[-2.22198,53.47911],[-2.22025,53.47828],[-2.21819,53.47779],[-2.21808,53.4776],[-2.2178,53.4765],[-2.2175,53.47604],[-2.21962,53.47531],[-2.22134,53.4738],[-2.22284,53.47344],[-2.22445,53.4734],[-2.2295,53.47393],[-2.21486,53.45568],[-2.21265,53.45444],[-2.21063,53.453],[-2.20898,53.45093],[-2.20705,53.44787],[-2.20664,53.4473],[-2.20593,53.44455],[-2.20416,53.44234],[-2.20413,53.44226],[-2.20529,53.44226],[-2.2052,53.44202],[-2.21372,53.442],[-2.21581,53.44212],[-2.21667,53.44226],[-2.27417,53.44226],[-2.27616,53.44249],[-2.27636,53.44249],[-2.27649,53.44253],[-2.30232,53.44554],[-2.24654,53.48297],[-2.24627,53.4834],[-2.24596,53.48336],[-2.24076,53.48684],[-2.24031,53.48741],[-2.23977,53.48779],[-2.23617,53.48636],[-2.23614,53.48633]]]]}},{"type":"Feature","properties":{"source_code":"P84056","codes":["P84056"],"label":"Princess Road Surgery"},"geometry":{"type":"MultiPolygon","coordinates":[[[[-2.22515,53.43618],[-2.22505,53.43622],[-2.22602,53.43556],[-2.22515,53.43618]]],[[[-2.22505,53.43622],[-2.22492,53.43631],[-2.22489,53.43632],[-2.225,53.43624],[-2.22505,53.43622]]],[[[-2.22403,53.43675],[-2.22398,53.43678],[-2.22439,53.43643],[-2.22403,53.43675]]],[[[-2.22403,53.43675],[-2.22489,53.43632],[-2.22476,53.43641],[-2.22413,53.43684],[-2.22314,53.43759],[-2.22294,53.43773],[-2.22403,53.43675]]],[[[-2.22398,53.43678],[-2.22238,53.43813],[-2.22165,53.43866],[-2.22085,53.43903],[-2.22304,53.43725],[-2.22398,53.43678]]],[[[-2.22085,53.43903],[-2.2204,53.43939],[-2.21961,53.44064],[-2.22036,53.43925],[-2.22085,53.43903]]],[[[-2.21961,53.44064],[-2.2195,53.44083],[-2.21925,53.44119],[-2.21961,53.44064]]],[[[-2.21925,53.44119],[-2.21857,53.44226],[-2.21838,53.44363],[-2.21855,53.44221],[-2.21925,53.44119]]],[[[-2.21838,53.44363],[-2.21829,53.44434],[-2.21808,53.44651],[-2.21819,53.44663],[-2.21798,53.44644],[-2.21838,53.44363]]],[[[-2.21819,53.44663],[-2.21832,53.44675],[-2.21936,53.44783],[-2.21906,53.44758],[-2.21819,53.44663]]],[[[-2.21936,53.44783],[-2.21992,53.4483],[-2.22013,53.44861],[-2.22043,53.4492],[-2.22006,53.44856],[-2.21936,53.44783]]],[[[-2.24533,53.45913],[-2.24308,53.45859],[-2.241,53.45774],[-2.23833,53.45827],[-2.23582,53.45788],[-2.22666,53.45785],[-2.22487,53.45434],[-2.22153,53.45133],[-2.22043,53.4492],[-2.22164,53.45126],[-2.22087,53.4497],[-2.22013,53.44861],[-2.21991,53.44818],[-2.21832,53.44675],[-2.21816,53.44658],[-2.21884,53.44225],[-2.22063,53.4394],[-2.22165,53.43866],[-2.22216,53.43843],[-2.22291,53.43776],[-2.22314,53.43759],[-2.22476,53.43641],[-2.22492,53.43631],[-2.22507,53.43623],[-2.22515,53.43618],[-2.22753,53.43513],[-2.22904,53.43321],[-2.22776,53.42997],[-2.22806,53.42821],[-2.22923,53.42635],[-2.23241,53.42232],[-2.23978,53.42784],[-2.24928,53.43187],[-2.25233,53.42856],[-2.26517,53.43462],[-2.26686,53.4356],[-2.26724,53.43666],[-2.2665,53.43741],[-2.26723,53.44045],[-2.26775,53.44685],[-2.27121,53.44679],[-2.27159,53.45096],[-2.25717,53.45949],[-2.25031,53.46054],[-2.24533,53.45913]]],[[[-2.22238,53.43813],[-2.22294,53.43773],[-2.22291,53.43776],[-2.22215,53.43833],[-2.22238,53.43813]]]]}},{"type":"Feature","properties":{"source_code":"Y02849","codes":["Y02849"],"label":"City Health Centre"},"geometry":{"type":"Polygon","coordinates":[[[-2.24945,53.51255],[-2.20825,53.5003],[-2.17941,53.47742],[-2.24945,53.4623],[-2.29546,53.49131],[-2.24945,53.51255]]]}},{"type":"Feature","properties":{"source_code":"P84074","codes":["P84074"],"label":"Wellfield Medical Centre"},"geometry":{"type":"Polygon","coordinates":[[[-2.25117,53.50153],[-2.25954,53.50168],[-2.26402,53.51149],[-2.2752,53.5101],[-2.28035,53.5097],[-2.28551,53.50842],[-2.2929,53.51466],[-2.29557,53.51809],[-2.3017,53.52495],[-2.3,53.53056],[-2.2991,53.53403],[-2.29207,53.53906],[-2.28149,53.54343],[-2.26743,53.54793],[-2.25803,53.55178],[-2.25001,53.55635],[-2.23658,53.55362],[-2.23383,53.54837],[-2.23286,53.54513],[-2.23293,53.54148],[-2.20799,53.5398],[-2.19229,53.53174],[-2.17537,53.52529],[-2.18188,53.51542],[-2.19542,53.50363],[-2.21538,53.49966],[-2.22285,53.50202],[-2.23076,53.50038],[-2.23464,53.49964],[-2.24022,53.49882],[-2.24544,53.50135],[-2.25117,53.50153]]]}},{"type":"Feature","properties":{"source_code":"P86602","codes":["P86602"],"label":"Heady Hill Surgery"},"geometry":{"type":"Polygon","coordinates":[[[-2.26868,53.59138],[-2.24608,53.59414],[-2.24357,53.59897],[-2.23623,53.59887],[-2.23216,53.5989],[-2.23005,53.60368],[-2.22126,53.6015],[-2.2201,53.59829],[-2.22023,53.59485],[-2.22198,53.58705],[-2.22696,53.5868],[-2.23091,53.58558],[-2.23864,53.58486],[-2.24671,53.58476],[-2.25734,53.58547],[-2.26885,53.58262],[-2.26868,53.59138]]]}},{"type":"Feature","properties":{"source_code":"P86016","codes":["P86016"],"label":"Heywood Health"},"geometry":{"type":"Polygon","coordinates":[[[-2.234,53.60503],[-2.18405,53.61522],[-2.18851,53.59138],[-2.1916,53.5764],[-2.19297,53.56336],[-2.26524,53.56387],[-2.26696,53.5709],[-2.26713,53.57702],[-2.27057,53.59087],[-2.26473,53.5976],[-2.234,53.60503]]]}},{"type":"Feature","properties":{"source_code":"P84683","codes":["P84683"],"label":"THE Doc's Surgery"},"geometry":{"type":"Polygon","coordinates":[[[-2.24585,53.48866],[-2.24209,53.48933],[-2.24057,53.48817],[-2.23701,53.48667],[-2.23385,53.48536],[-2.23121,53.484],[-2.22874,53.48249],[-2.22628,53.48158],[-2.22355,53.4803],[-2.2227,53.47951],[-2.22186,53.47902],[-2.21862,53.47809],[-2.2176,53.47717],[-2.21812,53.47625],[-2.21784,53.47553],[-2.21979,53.47492],[-2.22196,53.47359],[-2.23061,53.47369],[-2.2431,53.47001],[-2.25451,53.47099],[-2.25782,53.47208],[-2.26027,53.47369],[-2.26135,53.47496],[-2.26189,53.47559],[-2.26123,53.47622],[-2.26137,53.47769],[-2.26014,53.47844],[-2.2581,53.48067],[-2.25725,53.48173],[-2.25726,53.48309],[-2.25595,53.48497],[-2.25361,53.48674],[-2.2499,53.48816],[-2.24585,53.48866]]]}},{"type":"Feature","properties":{"source_code":"P84010","codes":["P84010"],"label":"The Borchardt Medical Centre"},"geometry":{"type":"Polygon","coordinates":[[[-2.24404,53.43996],[-2.23804,53.44001],[-2.22482,53.43613],[-2.22027,53.43526],[-2.2152,53.43526],[-2.21443,53.43342],[-2.21752,53.42472],[-2.21889,53.42447],[-2.22284,53.42539],[-2.22842,53.42774],[-2.23237,53.42309],[-2.23143,53.41761],[-2.25537,53.42503],[-2.25134,53.4303],[-2.24559,53.43551],[-2.2467,53.43582],[-2.2455,53.43766],[-2.2455,53.43981],[-2.24404,53.43996]]]}},{"type":"Feature","properties":{"source_code":"P84030","codes":["P84030"],"label":"New Collegiate Medical Centre"},"geometry":{"type":"Polygon","coordinates":[[[-2.31709,53.54005],[-2.31665,53.54424],[-2.31579,53.54505],[-2.31342,53.54478],[-2.31254,53.54535],[-2.30776,53.5476],[-2.30319,53.54896],[-2.29714,53.55173],[-2.29298,53.55271],[-2.2892,53.55326],[-2.28569,53.55256],[-2.28434,53.55415],[-2.27981,53.55263],[-2.27476,53.55208],[-2.26926,53.5509],[-2.26573,53.54867],[-2.27095,53.54685],[-2.27503,53.54555],[-2.27331,53.54497],[-2.26542,53.54617],[-2.25812,53.54622],[-2.24786,53.54329],[-2.24138,53.54031],[-2.23555,53.5429],[-2.23426,53.54279],[-2.23461,53.54129],[-2.23624,53.5392],[-2.23162,53.53917],[-2.22168,53.54079],[-2.21644,53.54022],[-2.21288,53.5389],[-2.21055,53.53669],[-2.20787,53.53286],[-2.21011,53.53014],[-2.20863,53.52843],[-2.20923,53.52793],[-2.20673,53.5278],[-2.20441,53.52661],[-2.20787,53.52378],[-2.20188,53.51917],[-2.20297,53.51676],[-2.20327,53.51526],[-2.20352,53.51378],[-2.203,53.5123],[-2.20273,53.51153],[-2.20111,53.51028],[-2.1989,53.50934],[-2.19661,53.5087],[-2.19617,53.50792],[-2.19757,53.50482],[-2.20079,53.50597],[-2.20843,53.50729],[-2.20964,53.50602],[-2.20665,53.50426],[-2.20357,53.5001],[-2.21279,53.49734],[-2.21441,53.49877],[-2.21576,53.5001],[-2.21641,53.50113],[-2.21855,53.50176],[-2.21907,53.49953],[-2.2219,53.49619],[-2.22679,53.49157],[-2.23418,53.48996],[-2.23882,53.4886],[-2.24088,53.48773],[-2.2445,53.48752],[-2.24437,53.48669],[-2.24494,53.48442],[-2.24587,53.48306],[-2.24847,53.47833],[-2.24983,53.47679],[-2.25157,53.4739],[-2.25782,53.47221],[-2.26092,53.47416],[-2.26115,53.47631],[-2.25936,53.47729],[-2.25554,53.48008],[-2.25765,53.48271],[-2.25503,53.48575],[-2.253,53.4873],[-2.24911,53.48825],[-2.2471,53.48879],[-2.24888,53.49056],[-2.25243,53.49512],[-2.25978,53.49608],[-2.26452,53.49696],[-2.2693,53.49494],[-2.26965,53.49758],[-2.27095,53.50086],[-2.26964,53.50326],[-2.26829,53.50556],[-2.26639,53.50661],[-2.26482,53.50752],[-2.26356,53.50972],[-2.2719,53.51156],[-2.27743,53.51159],[-2.27905,53.51244],[-2.27767,53.51539],[-2.27757,53.51961],[-2.28398,53.51928],[-2.28716,53.51787],[-2.28811,53.51712],[-2.29052,53.51738],[-2.2964,53.52195],[-2.29636,53.52766],[-2.29597,53.53161],[-2.2955,53.53329],[-2.29486,53.53795],[-2.30043,53.53737],[-2.30807,53.53842],[-2.31709,53.54005]]]}},{"type":"Feature","properties":{"source_code":"P88024","codes":["P88024"],"label":"Gatley Medical Centre"},"geometry":{"type":"MultiPolygon","coordinates":[[[[-2.19877,53.37952],[-2.19752,53.3788],[-2.19624,53.37795],[-2.19491,53.37708],[-2.19418,53.37642],[-2.19877,53.37952]]],[[[-2.21601,53.39087],[-2.2152,53.38927],[-2.21585,53.39032],[-2.21601,53.39087]]],[[[-2.22744,53.39756],[-2.22769,53.39784],[-2.22722,53.39746],[-2.22744,53.39756]]],[[[-2.2199,53.39974],[-2.22044,53.39927],[-2.21997,53.39973],[-2.2199,53.39974]]],[[[-2.2199,53.39974],[-2.2199,53.39974],[-2.21988,53.39976],[-2.2199,53.39974]]],[[[-2.21559,53.40005],[-2.21589,53.4006],[-2.21812,53.40002],[-2.21585,53.40042],[-2.21547,53.3998],[-2.21559,53.40005],[-2.21519,53.39933],[-2.2128,53.39536],[-2.21755,53.39388],[-2.21606,53.39106],[-2.21601,53.39087],[-2.21645,53.39175],[-2.21755,53.39388],[-2.21758,53.39387],[-2.21759,53.39387],[-2.21513,53.38881],[-2.21529,53.38927],[-2.21499,53.38853],[-2.21485,53.38824],[-2.21084,53.38596],[-2.21074,53.38596],[-2.20984,53.38599],[-2.20817,53.3853],[-2.20654,53.38448],[-2.20452,53.38346],[-2.20267,53.38297],[-2.20194,53.38256],[-2.20126,53.38156],[-2.20069,53.38094],[-2.20066,53.38093],[-2.19943,53.37997],[-2.19928,53.37987],[-2.19877,53.37952],[-2.19884,53.37956],[-2.19419,53.37635],[-2.19409,53.37637],[-2.19418,53.37635],[-2.19413,53.37631],[-2.19583,53.37571],[-2.19799,53.37553],[-2.19898,53.37534],[-2.19912,53.37538],[-2.19864,53.37547],[-2.19915,53.37543],[-2.19923,53.37541],[-2.19912,53.37538],[-2.20027,53.37515],[-2.20183,53.37476],[-2.20568,53.37329],[-2.21632,53.37314],[-2.23022,53.37002],[-2.23632,53.37017],[-2.24027,53.3713],[-2.23898,53.37268],[-2.23898,53.37324],[-2.24001,53.37631],[-2.23821,53.37775],[-2.23872,53.38123],[-2.24258,53.38589],[-2.24267,53.38768],[-2.24262,53.38767],[-2.24411,53.38813],[-2.24968,53.38871],[-2.25085,53.38998],[-2.25619,53.39024],[-2.25627,53.39197],[-2.25628,53.39202],[-2.25713,53.39428],[-2.25688,53.39615],[-2.25671,53.39602],[-2.25643,53.39602],[-2.25644,53.39603],[-2.25662,53.39605],[-2.25644,53.39603],[-2.25653,53.39613],[-2.25551,53.39602],[-2.25546,53.39602],[-2.25545,53.39601],[-2.25224,53.39567],[-2.24986,53.39579],[-2.24794,53.39608],[-2.24552,53.39681],[-2.24464,53.39708],[-2.24602,53.39651],[-2.24722,53.39619],[-2.2461,53.39636],[-2.24304,53.39756],[-2.24464,53.39708],[-2.24271,53.39787],[-2.24056,53.39849],[-2.24065,53.3985],[-2.24019,53.3986],[-2.23945,53.39881],[-2.23921,53.3988],[-2.23894,53.39886],[-2.23709,53.39858],[-2.23415,53.39815],[-2.23392,53.39812],[-2.23164,53.39807],[-2.23107,53.39784],[-2.23075,53.39775],[-2.2295,53.39794],[-2.22838,53.39797],[-2.22744,53.39756],[-2.22701,53.39707],[-2.22709,53.39708],[-2.22675,53.39625],[-2.22474,53.39573],[-2.22251,53.39638],[-2.22161,53.39716],[-2.22121,53.39772],[-2.22104,53.3983],[-2.22103,53.39832],[-2.22091,53.39871],[-2.22031,53.39922],[-2.2199,53.39974],[-2.21889,53.39989],[-2.21876,53.39991],[-2.21744,53.40032],[-2.21585,53.40063],[-2.21559,53.40005]]],[[[-2.22128,53.39751],[-2.22141,53.39734],[-2.2213,53.39743],[-2.22128,53.39751]]],[[[-2.22255,53.39635],[-2.22293,53.39619],[-2.22263,53.39628],[-2.22255,53.39635]]],[[[-2.25206,53.39565],[-2.25132,53.39557],[-2.251,53.39562],[-2.25206,53.39565]]],[[[-2.20606,53.38324],[-2.20548,53.38299],[-2.20616,53.3833],[-2.20606,53.38324]]]]}},{"type":"Feature","properties":{"source_code":"P84645","codes":["P84645"],"label":"Park View Medical Centre"},"geometry":{"type":"MultiPolygon","coordinates":[[[[-2.21896,53.52128],[-2.21889,53.52092],[-2.21896,53.52106],[-2.21896,53.52128]]],[[[-2.21896,53.52128],[-2.21898,53.52139],[-2.21896,53.52134],[-2.21896,53.52128]]],[[[-2.22663,53.52304],[-2.23009,53.52373],[-2.23067,53.52398],[-2.22924,53.52357],[-2.22868,53.52346],[-2.22801,53.52338],[-2.22741,53.52328],[-2.22681,53.52312],[-2.22663,53.52304]]],[[[-2.23067,53.52398],[-2.23132,53.52416],[-2.23611,53.5244],[-2.23267,53.52411],[-2.22623,53.52286],[-2.2263,53.5229],[-2.22663,53.52304],[-2.22412,53.52254],[-2.22478,53.52257],[-2.22399,53.52242],[-2.2237,53.52246],[-2.22412,53.52254],[-2.22404,53.52254],[-2.22342,53.52254],[-2.2225,53.52273],[-2.22111,53.52295],[-2.22008,53.52308],[-2.21965,53.52312],[-2.21937,53.52308],[-2.21935,53.52292],[-2.2193,53.52304],[-2.21906,53.52181],[-2.21902,53.52171],[-2.219,53.5215],[-2.21898,53.52139],[-2.21899,53.52142],[-2.21894,53.52079],[-2.21889,53.51919],[-2.21907,53.51883],[-2.21907,53.51864],[-2.21944,53.518],[-2.21981,53.51714],[-2.22003,53.51689],[-2.21965,53.51766],[-2.21994,53.51716],[-2.22041,53.51666],[-2.22076,53.51646],[-2.22027,53.51661],[-2.22003,53.51689],[-2.22018,53.51658],[-2.22181,53.51592],[-2.22283,53.51485],[-2.22348,53.51383],[-2.22413,53.51138],[-2.22437,53.51114],[-2.22418,53.51135],[-2.22351,53.51379],[-2.22379,53.51335],[-2.22411,53.51171],[-2.22466,53.51085],[-2.22437,53.51114],[-2.22601,53.50932],[-2.22885,53.50541],[-2.23211,53.50872],[-2.23434,53.50928],[-2.23683,53.50995],[-2.23889,53.51071],[-2.24044,53.51092],[-2.24241,53.51051],[-2.24387,53.5101],[-2.24473,53.51133],[-2.2473,53.51459],[-2.25108,53.51643],[-2.2546,53.51735],[-2.25786,53.51806],[-2.26121,53.52072],[-2.26336,53.52306],[-2.26413,53.52459],[-2.26198,53.52511],[-2.25821,53.52664],[-2.25574,53.52734],[-2.2543,53.52754],[-2.25485,53.52742],[-2.25361,53.52763],[-2.2543,53.52754],[-2.24624,53.52924],[-2.24363,53.52875],[-2.24528,53.52536],[-2.24248,53.52494],[-2.23622,53.52441],[-2.23313,53.52428],[-2.23165,53.52439],[-2.23067,53.52398]]],[[[-2.21905,53.52083],[-2.21906,53.51934],[-2.21893,53.5199],[-2.2191,53.52165],[-2.21919,53.52204],[-2.21927,53.52214],[-2.21905,53.52083]]],[[[-2.21912,53.52195],[-2.21911,53.52192],[-2.21911,53.52193],[-2.21912,53.52195]]],[[[-2.22222,53.5158],[-2.22237,53.51556],[-2.22178,53.51597],[-2.22222,53.5158]]],[[[-2.22205,53.52268],[-2.21943,53.52303],[-2.21944,53.52306],[-2.22115,53.52284],[-2.22205,53.52268]]],[[[-2.21939,53.52286],[-2.21937,53.52273],[-2.21937,53.52277],[-2.21939,53.52286]]]]}},{"type":"Feature","properties":{"source_code":"P84678","codes":["P84678"],"label":"Didsbury Medical Centre - Dr Whitaker"},"geometry":{"type":"Polygon","coordinates":[[[-2.24327,53.44277],[-2.23336,53.44362],[-2.22293,53.44303],[-2.20345,53.44155],[-2.191,53.42703],[-2.19229,53.41127],[-2.21224,53.40145],[-2.24044,53.3994],[-2.26417,53.41516],[-2.24327,53.44277]]]}},{"type":"Feature","properties":{"source_code":"P84034","codes":["P84034"],"label":"Barlow Medical Centre"},"geometry":{"type":"Polygon","coordinates":[[[-2.22628,53.39889],[-2.23662,53.39874],[-2.24256,53.40101],[-2.24696,53.40442],[-2.25327,53.41132],[-2.26336,53.41536],[-2.26018,53.41966],[-2.25756,53.42304],[-2.25477,53.42539],[-2.25245,53.42876],[-2.25018,53.42728],[-2.24705,53.42651],[-2.2437,53.42575],[-2.23572,53.43209],[-2.23168,53.43309],[-2.22902,53.43316],[-2.22542,53.4338],[-2.22181,53.43373],[-2.2146,53.43357],[-2.21512,53.43173],[-2.21881,53.42155],[-2.2134,53.42068],[-2.21855,53.41255],[-2.22027,53.40892],[-2.21623,53.40058],[-2.22628,53.39889]]]}},{"type":"Feature","properties":{"source_code":"P84046","codes":["P84046","P84046001"],"label":"Cheetham Hill Medical Centre"},"geometry":{"type":"Polygon","coordinates":[[[-2.19933,53.505],[-2.21478,53.47415],[-2.29168,53.49091],[-2.28722,53.49091],[-2.29408,53.53888],[-2.17323,53.52684],[-2.19933,53.505]]]}},{"type":"Feature","properties":{"source_code":"P84684","codes":["P84684"],"label":"Crumpsall Medical Practice"},"geometry":{"type":"Polygon","coordinates":[[[-2.2843,53.54123],[-2.27503,53.54622],[-2.26979,53.54678],[-2.26421,53.54449],[-2.24816,53.52546],[-2.23763,53.52301],[-2.22357,53.52245],[-2.22415,53.51209],[-2.228,53.50727],[-2.22808,53.50445],[-2.23666,53.50061],[-2.23949,53.49933],[-2.24353,53.50045],[-2.24808,53.50311],[-2.24781,53.50902],[-2.2502,53.5161],[-2.26168,53.52118],[-2.26672,53.53151],[-2.27448,53.53739],[-2.28179,53.53951],[-2.2843,53.54123]]]}},{"type":"Feature","properties":{"source_code":"P88023","codes":["P88023"],"label":"Heald Green Health Centre 2"},"geometry":{"type":"Polygon","coordinates":[[[-2.25494,53.37811],[-2.24722,53.37713],[-2.23949,53.3773],[-2.24361,53.38748],[-2.22868,53.38807],[-2.21761,53.3731],[-2.20435,53.37609],[-2.20047,53.37697],[-2.20007,53.37707],[-2.19479,53.37645],[-2.20385,53.36981],[-2.20478,53.36524],[-2.20675,53.35896],[-2.21736,53.35898],[-2.24396,53.35849],[-2.24108,53.34822],[-2.24052,53.34702],[-2.24524,53.34689],[-2.24537,53.34686],[-2.25288,53.36529],[-2.24378,53.372],[-2.24927,53.37402],[-2.2546,53.37593],[-2.25494,53.37811]]]}},{"type":"Feature","properties":{"source_code":"P88042","codes":["P88042"],"label":"Finney Lane Surgery"},"geometry":{"type":"Polygon","coordinates":[[[-2.2443,53.38794],[-2.22576,53.38794],[-2.21587,53.37407],[-2.20773,53.37754],[-2.20382,53.37834],[-2.20124,53.37899],[-2.19465,53.37642],[-2.20392,53.37007],[-2.20387,53.37024],[-2.204,53.37002],[-2.20392,53.37007],[-2.20721,53.35916],[-2.24265,53.35849],[-2.24064,53.3474],[-2.24314,53.34726],[-2.25295,53.3652],[-2.2461,53.37206],[-2.24866,53.37377],[-2.25507,53.3761],[-2.25486,53.37808],[-2.24052,53.37785],[-2.2443,53.38794]]]}},{"type":"Feature","properties":{"source_code":"P84665","codes":["P84665"],"label":"Withington Medical Practice"},"geometry":{"type":"Polygon","coordinates":[[[-2.25568,53.45031],[-2.25546,53.45211],[-2.24787,53.45373],[-2.23721,53.45298],[-2.22096,53.4505],[-2.21644,53.44792],[-2.1991,53.44221],[-2.19495,53.43307],[-2.19209,53.42674],[-2.19425,53.41996],[-2.19931,53.4177],[-2.20888,53.41759],[-2.22102,53.41683],[-2.22877,53.4167],[-2.2369,53.41649],[-2.24809,53.41703],[-2.25911,53.41681],[-2.26868,53.41972],[-2.27031,53.42209],[-2.27501,53.42726],[-2.27717,53.43641],[-2.2676,53.44426],[-2.26182,53.449],[-2.25568,53.45031]]]}},{"type":"Feature","properties":{"source_code":"Y02718","codes":["Y02718"],"label":"Birtle View Medical Practice"},"geometry":{"type":"Polygon","coordinates":[[[-2.22542,53.58639],[-2.19246,53.58068],[-2.22816,53.60962],[-2.17392,53.60065],[-2.1801,53.58843],[-2.19727,53.56356],[-2.23228,53.58232],[-2.2316,53.60962],[-2.22542,53.58639]]]}},{"type":"Feature","properties":{"source_code":"P84072","codes":["P84072"],"label":"The Robert Darbishire Practice"},"geometry":{"type":"Polygon","coordinates":[[[-2.23722,53.4533],[-2.23593,53.45548],[-2.23567,53.46031],[-2.23542,53.46296],[-2.23576,53.46381],[-2.23623,53.4645],[-2.23735,53.46524],[-2.24456,53.47344],[-2.24413,53.47392],[-2.24353,53.47395],[-2.24125,53.47471],[-2.23799,53.47569],[-2.23593,53.47617],[-2.23409,53.47683],[-2.2313,53.47643],[-2.23022,53.47535],[-2.22997,53.47395],[-2.23409,53.47236],[-2.23537,53.47203],[-2.23392,53.47086],[-2.22731,53.46531],[-2.21842,53.45778],[-2.21718,53.45698],[-2.21186,53.45415],[-2.21143,53.45379],[-2.20997,53.44692],[-2.21233,53.44196],[-2.21443,53.44203],[-2.21533,53.44208],[-2.21623,53.44226],[-2.21735,53.44244],[-2.21851,53.4426],[-2.22276,53.44295],[-2.22653,53.44326],[-2.22683,53.44352],[-2.23958,53.44847],[-2.23722,53.4533]]]}},{"type":"Feature","properties":{"source_code":"P84005","codes":["P84005"],"label":"Vallance Medical"},"geometry":{"type":"Polygon","coordinates":[[[-2.23462,53.48081],[-2.23321,53.47957],[-2.23241,53.47814],[-2.23134,53.47649],[-2.23121,53.47644],[-2.22829,53.4762],[-2.21662,53.47524],[-2.21619,53.47217],[-2.21591,53.47182],[-2.2157,53.47041],[-2.21578,53.46895],[-2.21302,53.46837],[-2.20149,53.46628],[-2.19643,53.46539],[-2.19707,53.46448],[-2.19787,53.46284],[-2.19722,53.46132],[-2.19827,53.4602],[-2.20166,53.45948],[-2.20287,53.45904],[-2.20454,53.45983],[-2.20596,53.45971],[-2.20776,53.45982],[-2.21295,53.46151],[-2.21445,53.46],[-2.21681,53.45968],[-2.22132,53.45907],[-2.2231,53.45911],[-2.22759,53.45926],[-2.22765,53.45936],[-2.22847,53.46092],[-2.23102,53.4604],[-2.23589,53.46037],[-2.2413,53.46089],[-2.24263,53.46037],[-2.24104,53.46114],[-2.24044,53.46195],[-2.2405,53.46221],[-2.24104,53.46213],[-2.24479,53.46254],[-2.24434,53.46422],[-2.24452,53.46545],[-2.24497,53.46653],[-2.24636,53.46993],[-2.24679,53.46994],[-2.24769,53.47049],[-2.24767,53.47068],[-2.2469,53.4711],[-2.2478,53.47216],[-2.24833,53.47386],[-2.2478,53.47498],[-2.24394,53.47747],[-2.24552,53.47781],[-2.24518,53.47888],[-2.24591,53.47917],[-2.24507,53.48013],[-2.24021,53.47757],[-2.24022,53.47756],[-2.24239,53.47635],[-2.24018,53.47755],[-2.24021,53.47757],[-2.23462,53.48081]]]}},{"type":"Feature","properties":{"source_code":"P84037","codes":["P84037"],"label":"Ardwick Medical Practice"},"geometry":{"type":"MultiPolygon","coordinates":[[[[-2.23559,53.46049],[-2.23561,53.46049],[-2.2357,53.46367],[-2.23565,53.46372],[-2.23537,53.46342],[-2.23555,53.46158],[-2.23559,53.46049]]],[[[-2.23507,53.46424],[-2.23565,53.46372],[-2.23701,53.46516],[-2.23507,53.46424]]],[[[-2.23958,53.4679],[-2.23958,53.4679],[-2.23957,53.46789],[-2.23958,53.4679]]],[[[-2.23958,53.4679],[-2.23959,53.46789],[-2.2397,53.46801],[-2.23958,53.4679]]],[[[-2.2397,53.46801],[-2.23977,53.46807],[-2.23977,53.46808],[-2.2397,53.46801]]],[[[-2.23977,53.46809],[-2.23977,53.46808],[-2.23992,53.46824],[-2.23977,53.46809]]],[[[-2.23559,53.46049],[-2.23543,53.4605],[-2.23511,53.46057],[-2.23505,53.46087],[-2.23512,53.46153],[-2.23477,53.46261],[-2.23455,53.46333],[-2.23446,53.46376],[-2.23496,53.46418],[-2.23507,53.46424],[-2.23505,53.46426],[-2.2352,53.46439],[-2.23677,53.46538],[-2.23709,53.46534],[-2.23682,53.46541],[-2.23682,53.46542],[-2.23731,53.4653],[-2.23763,53.46563],[-2.2387,53.46685],[-2.23956,53.46788],[-2.23903,53.46808],[-2.23919,53.46803],[-2.23958,53.4679],[-2.23977,53.46809],[-2.23975,53.46829],[-2.23994,53.4683],[-2.24029,53.46874],[-2.2403,53.4687],[-2.23978,53.46811],[-2.23994,53.46826],[-2.24036,53.46869],[-2.24067,53.46909],[-2.24109,53.46954],[-2.24133,53.46977],[-2.24139,53.46985],[-2.24143,53.4699],[-2.24148,53.46994],[-2.24149,53.47003],[-2.24151,53.47005],[-2.2416,53.47008],[-2.24157,53.47013],[-2.2416,53.47017],[-2.24157,53.47013],[-2.24123,53.47067],[-2.24037,53.47104],[-2.23889,53.47134],[-2.23859,53.47155],[-2.23722,53.47033],[-2.23644,53.46956],[-2.23639,53.46958],[-2.23834,53.47147],[-2.23548,53.47196],[-2.23541,53.47192],[-2.23469,53.47208],[-2.23374,53.47237],[-2.23323,53.47258],[-2.23256,53.4729],[-2.23198,53.47312],[-2.23154,53.47331],[-2.23125,53.47343],[-2.23112,53.47341],[-2.22988,53.47391],[-2.22872,53.47385],[-2.22771,53.47363],[-2.22587,53.47337],[-2.22396,53.47334],[-2.22256,53.47336],[-2.22136,53.47365],[-2.22033,53.47446],[-2.21902,53.47534],[-2.21817,53.47533],[-2.21819,53.4754],[-2.21812,53.47533],[-2.21808,53.47533],[-2.21808,53.47533],[-2.21771,53.47529],[-2.21701,53.47526],[-2.21671,53.4751],[-2.21666,53.47479],[-2.21647,53.47427],[-2.21643,53.47376],[-2.2163,53.47304],[-2.21623,53.47239],[-2.21604,53.47192],[-2.21572,53.47127],[-2.21576,53.47058],[-2.21555,53.47058],[-2.21563,53.46984],[-2.21589,53.46938],[-2.21589,53.46907],[-2.21555,53.46887],[-2.21439,53.46866],[-2.21297,53.46841],[-2.21177,53.46812],[-2.20941,53.46769],[-2.20679,53.46723],[-2.20409,53.46677],[-2.20156,53.46636],[-2.20177,53.46594],[-2.20139,53.46636],[-2.19613,53.46543],[-2.19585,53.46565],[-2.19649,53.46498],[-2.19761,53.4637],[-2.19765,53.46276],[-2.19714,53.46153],[-2.19765,53.46054],[-2.1995,53.45985],[-2.20096,53.45951],[-2.20242,53.45928],[-2.20293,53.45916],[-2.20323,53.45921],[-2.20387,53.45954],[-2.20465,53.4599],[-2.20533,53.45977],[-2.20628,53.45964],[-2.20744,53.4598],[-2.2048,53.46267],[-2.20503,53.46243],[-2.20555,53.46194],[-2.20568,53.46194],[-2.20722,53.46005],[-2.20724,53.46008],[-2.20752,53.4598],[-2.20799,53.45928],[-2.20945,53.45882],[-2.21121,53.4587],[-2.21237,53.45859],[-2.21366,53.45847],[-2.2149,53.45826],[-2.21611,53.45824],[-2.21735,53.45819],[-2.21825,53.45788],[-2.21894,53.45844],[-2.21992,53.45928],[-2.22002,53.45936],[-2.21829,53.45785],[-2.22018,53.4575],[-2.22216,53.45775],[-2.2243,53.45821],[-2.22542,53.45785],[-2.22671,53.4576],[-2.22739,53.45785],[-2.22928,53.45765],[-2.23263,53.4577],[-2.23572,53.45816],[-2.23572,53.45819],[-2.23572,53.45819],[-2.23561,53.45961],[-2.23559,53.46049]]],[[[-2.20696,53.46133],[-2.20779,53.46192],[-2.20808,53.46192],[-2.20804,53.46178],[-2.20797,53.46175],[-2.20696,53.46133]]],[[[-2.20808,53.46181],[-2.20811,53.46192],[-2.20825,53.46192],[-2.20988,53.46281],[-2.20992,53.46281],[-2.20808,53.46181]]],[[[-2.21156,53.46296],[-2.21525,53.46319],[-2.21478,53.46312],[-2.21424,53.46305],[-2.21154,53.46296],[-2.21156,53.46296]]],[[[-2.22383,53.46317],[-2.22446,53.46321],[-2.22438,53.46313],[-2.22173,53.46307],[-2.22084,53.46308],[-2.22383,53.46317]]],[[[-2.22573,53.46443],[-2.2255,53.46432],[-2.22692,53.4656],[-2.22573,53.46443],[-2.22602,53.46456],[-2.22511,53.46377],[-2.22559,53.46429],[-2.22573,53.46443]]],[[[-2.2034,53.46419],[-2.20359,53.46398],[-2.20331,53.46428],[-2.2034,53.46419]]],[[[-2.2346,53.46501],[-2.23589,53.46524],[-2.23589,53.46524],[-2.2343,53.46493],[-2.23428,53.46495],[-2.2346,53.46501]]],[[[-2.23232,53.46661],[-2.23198,53.46672],[-2.23265,53.46634],[-2.23101,53.46705],[-2.23229,53.46663],[-2.23226,53.46666],[-2.23274,53.46653],[-2.23326,53.46632],[-2.23229,53.46663],[-2.23232,53.46661],[-2.23328,53.46631],[-2.23353,53.46621],[-2.23364,53.46618],[-2.23383,53.46611],[-2.23469,53.46585],[-2.23559,53.4656],[-2.23588,53.46554],[-2.23542,53.46547],[-2.23469,53.46526],[-2.23404,53.46517],[-2.23402,53.46518],[-2.23434,53.46531],[-2.23398,53.46522],[-2.23286,53.46623],[-2.23289,53.46621],[-2.23283,53.46625],[-2.2328,53.46628],[-2.23278,53.46629],[-2.23232,53.46661]]],[[[-2.22817,53.46616],[-2.22734,53.4656],[-2.22755,53.46582],[-2.22771,53.46593],[-2.22817,53.46616]]],[[[-2.22761,53.46588],[-2.22761,53.46588],[-2.22761,53.46588],[-2.22761,53.46588]]],[[[-2.22701,53.46537],[-2.22671,53.46516],[-2.22668,53.46513],[-2.22683,53.46542],[-2.22701,53.46553],[-2.22701,53.46537]]],[[[-2.23609,53.46548],[-2.23611,53.46549],[-2.23636,53.46544],[-2.23669,53.46539],[-2.23651,53.46536],[-2.23609,53.46548]]],[[[-2.23681,53.46542],[-2.23668,53.46545],[-2.23682,53.46542],[-2.23681,53.46542]]],[[[-2.23605,53.46549],[-2.23592,53.46553],[-2.23608,53.4655],[-2.23605,53.46549]]],[[[-2.23114,53.46709],[-2.23112,53.46709],[-2.231,53.46713],[-2.2304,53.46731],[-2.23102,53.46709],[-2.23093,53.46708],[-2.23005,53.46746],[-2.22943,53.46703],[-2.22954,53.46713],[-2.23028,53.46793],[-2.23041,53.46792],[-2.23003,53.46761],[-2.23121,53.46714],[-2.23044,53.46736],[-2.23114,53.46709],[-2.23131,53.4671],[-2.23263,53.46657],[-2.23263,53.46657],[-2.23194,53.4668],[-2.23148,53.46696],[-2.23114,53.46709]]],[[[-2.23456,53.46773],[-2.23597,53.46907],[-2.23603,53.46906],[-2.23456,53.46773]]],[[[-2.23853,53.46827],[-2.23788,53.46848],[-2.23824,53.46838],[-2.23853,53.46827]]],[[[-2.23973,53.46845],[-2.23971,53.46866],[-2.24046,53.46894],[-2.24035,53.46894],[-2.24082,53.46947],[-2.24139,53.47002],[-2.24149,53.47005],[-2.24039,53.4688],[-2.24047,53.46892],[-2.23972,53.46866],[-2.23973,53.46845]]],[[[-2.24078,53.46984],[-2.24047,53.46976],[-2.24106,53.46992],[-2.24078,53.46984]]],[[[-2.23855,53.46961],[-2.23714,53.46885],[-2.23706,53.46884],[-2.23855,53.46961]]],[[[-2.2316,53.47054],[-2.23052,53.46802],[-2.23043,53.46795],[-2.2316,53.47054]]],[[[-2.22237,53.47055],[-2.22235,53.47021],[-2.22231,53.47055],[-2.22237,53.47055]]],[[[-2.2206,53.47054],[-2.21937,53.47047],[-2.21789,53.47055],[-2.2206,53.47054]]],[[[-2.22676,53.46843],[-2.22702,53.46834],[-2.22683,53.46838],[-2.22679,53.46813],[-2.22676,53.46843]]],[[[-2.22681,53.468],[-2.22701,53.4671],[-2.22701,53.46645],[-2.22681,53.468]]],[[[-2.22894,53.46797],[-2.22886,53.46798],[-2.22912,53.46797],[-2.22894,53.46797]]],[[[-2.23296,53.47005],[-2.23396,53.4709],[-2.23338,53.47101],[-2.23404,53.47093],[-2.23353,53.47048],[-2.23349,53.47049],[-2.23296,53.47005]]],[[[-2.22238,53.47074],[-2.22237,53.47056],[-2.2223,53.4706],[-2.22229,53.4707],[-2.22217,53.47069],[-2.22209,53.47073],[-2.22238,53.47074]]],[[[-2.23731,53.46885],[-2.23744,53.46889],[-2.23737,53.46887],[-2.23846,53.4689],[-2.23853,53.4689],[-2.23731,53.46885]]],[[[-2.22055,53.4717],[-2.21975,53.4718],[-2.21994,53.4718],[-2.2205,53.47178],[-2.22134,53.47119],[-2.22055,53.4717]]],[[[-2.22362,53.47167],[-2.22475,53.47202],[-2.22516,53.47213],[-2.22325,53.47153],[-2.22362,53.47167]]],[[[-2.22878,53.47192],[-2.22856,53.47197],[-2.22877,53.47193],[-2.22939,53.47258],[-2.23001,53.47323],[-2.23005,53.47324],[-2.22878,53.47192]]],[[[-2.21791,53.47341],[-2.21778,53.47193],[-2.21774,53.47193],[-2.2178,53.47243],[-2.21786,53.473],[-2.21791,53.47341]]],[[[-2.22647,53.47238],[-2.22651,53.47238],[-2.22741,53.47222],[-2.2285,53.47198],[-2.22647,53.47238]]],[[[-2.21992,53.47181],[-2.21967,53.4718],[-2.21821,53.47188],[-2.21819,53.47188],[-2.21992,53.47181]]],[[[-2.21802,53.47478],[-2.21804,53.47484],[-2.21798,53.47424],[-2.21802,53.47478]]]]}},{"type":"Feature","properties":{"source_code":"P84611","codes":["P84611"],"label":"Brunswick Medical Practice"},"geometry":{"type":"MultiPolygon","coordinates":[[[[-2.24741,53.47175],[-2.2485,53.47316],[-2.24784,53.47456],[-2.24829,53.47312],[-2.24741,53.47175]]],[[[-2.24782,53.47461],[-2.24784,53.47456],[-2.24767,53.4751],[-2.24782,53.47461]]],[[[-2.23454,53.48083],[-2.23312,53.47943],[-2.23231,53.478],[-2.23145,53.47646],[-2.2275,53.47608],[-2.22424,53.47588],[-2.21802,53.4754],[-2.21666,53.47519],[-2.21611,53.47207],[-2.2157,53.47116],[-2.21555,53.4688],[-2.2119,53.46819],[-2.20053,53.46614],[-2.1969,53.46549],[-2.19669,53.46494],[-2.19793,53.46314],[-2.19724,53.46151],[-2.19776,53.46056],[-2.19894,53.46001],[-2.20304,53.45903],[-2.2045,53.4598],[-2.20742,53.45974],[-2.20883,53.46008],[-2.21304,53.46149],[-2.21452,53.46003],[-2.22008,53.45923],[-2.22256,53.45907],[-2.22763,53.45927],[-2.22851,53.46089],[-2.2308,53.4604],[-2.2375,53.46046],[-2.24128,53.46089],[-2.24278,53.46036],[-2.24087,53.46125],[-2.24048,53.4622],[-2.24016,53.4623],[-2.241,53.46216],[-2.24473,53.46248],[-2.24449,53.46539],[-2.24509,53.46722],[-2.24645,53.46995],[-2.24687,53.4699],[-2.24777,53.47056],[-2.24703,53.47116],[-2.24741,53.47175],[-2.247,53.47122],[-2.24825,53.47316],[-2.24782,53.47461],[-2.24758,53.47511],[-2.24394,53.4775],[-2.24537,53.47775],[-2.24518,53.47881],[-2.24587,53.47912],[-2.24507,53.48009],[-2.24012,53.47755],[-2.23454,53.48083]]]]}},{"type":"Feature","properties":{"source_code":"P84673","codes":["P84673"],"label":"Ancoats Urban Village Medical Practice"},"geometry":{"type":"MultiPolygon","coordinates":[[[[-2.22538,53.47349],[-2.22509,53.47349],[-2.2243,53.47341],[-2.22538,53.47349]]],[[[-2.22538,53.47349],[-2.22542,53.47349],[-2.22632,53.47353],[-2.22589,53.47352],[-2.22594,53.47353],[-2.22538,53.47349]]],[[[-2.22633,53.47362],[-2.22594,53.47353],[-2.22631,53.47356],[-2.22705,53.4737],[-2.22633,53.47362]]],[[[-2.2307,53.47399],[-2.23074,53.47397],[-2.23087,53.47382],[-2.23083,53.47392],[-2.23064,53.47421],[-2.2307,53.47399]]],[[[-2.23053,53.47438],[-2.23064,53.47421],[-2.23063,53.47425],[-2.23054,53.47444],[-2.23053,53.47438]]],[[[-2.23341,53.48487],[-2.23344,53.48486],[-2.23343,53.48488],[-2.23341,53.48487]]],[[[-2.20239,53.49082],[-2.20229,53.49087],[-2.2022,53.49068],[-2.20239,53.49082]]],[[[-2.20229,53.49087],[-2.2023,53.4909],[-2.20186,53.49106],[-2.20229,53.49087]]],[[[-2.2023,53.4909],[-2.20242,53.49085],[-2.20246,53.49094],[-2.20254,53.49093],[-2.20268,53.49103],[-2.20279,53.49104],[-2.20276,53.49106],[-2.20246,53.49124],[-2.2023,53.4909]]],[[[-2.21746,53.47629],[-2.21875,53.47576],[-2.21928,53.47525],[-2.21931,53.47532],[-2.21932,53.47528],[-2.21932,53.4753],[-2.22016,53.47433],[-2.22211,53.47351],[-2.22509,53.47349],[-2.22633,53.47362],[-2.22679,53.47373],[-2.22728,53.47374],[-2.22705,53.4737],[-2.22765,53.47376],[-2.22833,53.4739],[-2.23078,53.47372],[-2.2307,53.47399],[-2.23053,53.4741],[-2.23053,53.47407],[-2.23048,53.47413],[-2.23053,53.4741],[-2.23053,53.47438],[-2.23053,53.47446],[-2.23054,53.47444],[-2.23068,53.47537],[-2.23186,53.47686],[-2.2326,53.47767],[-2.23316,53.47868],[-2.23447,53.48051],[-2.23463,53.48083],[-2.23567,53.48109],[-2.23696,53.48151],[-2.23482,53.48312],[-2.2329,53.48457],[-2.23341,53.48487],[-2.2329,53.48507],[-2.23256,53.48521],[-2.2322,53.48534],[-2.2322,53.48559],[-2.23212,53.4857],[-2.23173,53.48567],[-2.22654,53.48738],[-2.22413,53.48822],[-2.22241,53.48928],[-2.22074,53.49037],[-2.21966,53.49162],[-2.21679,53.49392],[-2.21653,53.49408],[-2.21507,53.49447],[-2.21257,53.49524],[-2.21036,53.49598],[-2.20979,53.49573],[-2.20954,53.49517],[-2.20825,53.49389],[-2.20748,53.49315],[-2.20688,53.49284],[-2.20566,53.49187],[-2.20448,53.49141],[-2.20362,53.49111],[-2.20279,53.49104],[-2.20297,53.49093],[-2.20282,53.49088],[-2.20254,53.49093],[-2.20239,53.49082],[-2.2127,53.4862],[-2.21273,53.48618],[-2.20889,53.48394],[-2.20855,53.48331],[-2.20853,53.4833],[-2.20904,53.48246],[-2.20952,53.48115],[-2.21269,53.47981],[-2.21775,53.47701],[-2.21746,53.47629]]]]}},{"type":"Feature","properties":{"source_code":"P84626","codes":["P84626"],"label":"Wilmslow Road Surgery"},"geometry":{"type":"MultiPolygon","coordinates":[[[[-2.20711,53.37059],[-2.2069,53.3706],[-2.20688,53.37022],[-2.20711,53.37059]]],[[[-2.2069,53.3706],[-2.20949,53.43636],[-2.20946,53.43643],[-2.20619,53.37063],[-2.2069,53.3706]]],[[[-2.20946,53.43643],[-2.20963,53.43981],[-2.20949,53.43636],[-2.22542,53.40094],[-2.20711,53.37059],[-2.39021,53.36326],[-2.3291,53.42304],[-2.37923,53.4439],[-2.32155,53.48151],[-2.24602,53.46884],[-2.19452,53.48314],[-2.1595,53.45944],[-2.20757,53.44063],[-2.20946,53.43643]]]]}},{"type":"Feature","properties":{"source_code":"P84054","codes":["P84054"],"label":"Whitley Road Medical Centre"},"geometry":{"type":"Polygon","coordinates":[[[-2.20827,53.53267],[-2.20606,53.53188],[-2.2038,53.53137],[-2.19954,53.53081],[-2.18843,53.52928],[-2.17826,53.52616],[-2.16514,53.52246],[-2.16841,53.51754],[-2.16949,53.51453],[-2.16934,53.51169],[-2.17023,53.50579],[-2.17529,53.50431],[-2.18017,53.50293],[-2.18439,53.50239],[-2.18221,53.50142],[-2.1781,53.49988],[-2.18729,53.49601],[-2.19249,53.49382],[-2.20134,53.48986],[-2.20302,53.49037],[-2.20761,53.48834],[-2.2138,53.48554],[-2.2242,53.48075],[-2.23228,53.47771],[-2.23407,53.48035],[-2.23465,53.48064],[-2.23657,53.4812],[-2.2392,53.482],[-2.24376,53.48301],[-2.24207,53.48529],[-2.24201,53.48527],[-2.2409,53.48684],[-2.24025,53.48783],[-2.24198,53.48927],[-2.24069,53.49229],[-2.23785,53.4972],[-2.23715,53.49815],[-2.23666,53.49925],[-2.23611,53.50142],[-2.23578,53.50371],[-2.23587,53.50451],[-2.23317,53.50404],[-2.23186,53.50385],[-2.23063,53.5039],[-2.22994,53.50401],[-2.22938,53.50432],[-2.22869,53.50495],[-2.22913,53.50543],[-2.22871,53.50652],[-2.22752,53.50807],[-2.22467,53.51089],[-2.22422,53.51164],[-2.22402,53.51246],[-2.22363,53.51406],[-2.22342,53.51462],[-2.22309,53.51517],[-2.22238,53.51569],[-2.22144,53.51608],[-2.22003,53.51696],[-2.21939,53.51839],[-2.21903,53.51949],[-2.21915,53.52071],[-2.21901,53.52124],[-2.21922,53.52182],[-2.21964,53.52309],[-2.21933,53.52316],[-2.21882,53.52312],[-2.218,53.52299],[-2.21636,53.52269],[-2.21641,53.52327],[-2.21608,53.5239],[-2.21531,53.52458],[-2.21442,53.52522],[-2.21346,53.52575],[-2.21293,53.52644],[-2.21203,53.52781],[-2.21059,53.52994],[-2.20881,53.53206],[-2.20827,53.53267]]]}},{"type":"Feature","properties":{"source_code":"P84064","codes":["P84064"],"label":"New Islington Medical Centre"},"geometry":{"type":"Polygon","coordinates":[[[-2.22173,53.47294],[-2.22899,53.47326],[-2.23866,53.47082],[-2.2465,53.47024],[-2.25599,53.4709],[-2.26164,53.47543],[-2.26035,53.47844],[-2.25752,53.48161],[-2.25615,53.4858],[-2.25057,53.48835],[-2.24207,53.48937],[-2.23958,53.48764],[-2.2322,53.48493],[-2.22491,53.4883],[-2.21771,53.49322],[-2.21061,53.49578],[-2.20892,53.49439],[-2.20191,53.48986],[-2.1967,53.48497],[-2.19271,53.47914],[-2.19439,53.47413],[-2.21432,53.47451],[-2.21854,53.47516],[-2.22173,53.47294]]]}},{"type":"Feature","properties":{"source_code":"P84033","codes":["P84033"],"label":"Beacon Medical Centre"},"geometry":{"type":"MultiPolygon","coordinates":[[[[-2.17323,53.54133],[-2.1735,53.54144],[-2.1734,53.54225],[-2.17323,53.54133]]],[[[-2.1735,53.54144],[-2.17546,53.52572],[-2.17924,53.51878],[-2.18164,53.5198],[-2.19332,53.51388],[-2.20396,53.51337],[-2.21272,53.51398],[-2.21546,53.51092],[-2.2237,53.51194],[-2.22902,53.51255],[-2.23709,53.51265],[-2.2443,53.51214],[-2.24636,53.51347],[-2.24928,53.51531],[-2.24945,53.52317],[-2.24258,53.53663],[-2.23743,53.54072],[-2.21992,53.5452],[-2.21666,53.54459],[-2.20396,53.54765],[-2.1995,53.54694],[-2.19263,53.54888],[-2.1735,53.54144]]]]}},{"type":"Feature","properties":{"source_code":"P86011","codes":["P86011"],"label":"Longford Street Medical Centre"},"geometry":{"type":"Polygon","coordinates":[[[-2.20593,53.61698],[-2.20308,53.6158],[-2.19958,53.61458],[-2.19916,53.61066],[-2.20333,53.6091],[-2.20188,53.60792],[-2.20018,53.60717],[-2.19472,53.60607],[-2.1922,53.60576],[-2.18779,53.6065],[-2.18631,53.6069],[-2.18411,53.60714],[-2.1816,53.60234],[-2.19132,53.59999],[-2.19439,53.59875],[-2.19747,53.59701],[-2.2037,53.59321],[-2.20292,53.58775],[-2.20196,53.58235],[-2.2028,53.57149],[-2.21093,53.5701],[-2.21915,53.57054],[-2.22232,53.57109],[-2.23123,53.57322],[-2.23473,53.5817],[-2.23517,53.58305],[-2.23315,53.58616],[-2.24123,53.58516],[-2.26898,53.58866],[-2.26971,53.59189],[-2.26507,53.59169],[-2.26043,53.5922],[-2.25473,53.59366],[-2.24904,53.5939],[-2.24281,53.59802],[-2.23357,53.59924],[-2.23181,53.60157],[-2.22867,53.60252],[-2.22326,53.60448],[-2.21699,53.60575],[-2.21152,53.61138],[-2.20593,53.61698]]]}},{"type":"Feature","properties":{"source_code":"P84663","codes":["P84663"],"label":"The Neville Family Centre"},"geometry":{"type":"Polygon","coordinates":[[[-2.21237,53.51393],[-2.21576,53.51408],[-2.21722,53.51472],[-2.21975,53.51521],[-2.22091,53.51616],[-2.21959,53.51708],[-2.21877,53.51975],[-2.21932,53.52312],[-2.21885,53.51975],[-2.2198,53.51707],[-2.221,53.51623],[-2.22091,53.51616],[-2.22093,53.51615],[-2.22786,53.5211],[-2.22615,53.52294],[-2.23155,53.52424],[-2.23885,53.52444],[-2.24803,53.52577],[-2.24473,53.53301],[-2.24228,53.53289],[-2.23529,53.53434],[-2.22748,53.53294],[-2.22048,53.53431],[-2.21241,53.53352],[-2.20928,53.53268],[-2.20272,53.53102],[-2.1898,53.52949],[-2.17615,53.52523],[-2.18259,53.5226],[-2.18173,53.51982],[-2.19357,53.51388],[-2.21237,53.51393]]]}},{"type":"Feature","properties":{"source_code":"P84023","codes":["P84023"],"label":"Surrey Lodge Practice"},"geometry":{"type":"Polygon","coordinates":[[[-2.23645,53.4645],[-2.22825,53.46761],[-2.22327,53.47022],[-2.22241,53.46994],[-2.18152,53.46253],[-2.18216,53.46207],[-2.18096,53.4602],[-2.18087,53.45369],[-2.17907,53.44878],[-2.17971,53.44592],[-2.181,53.44551],[-2.18154,53.44436],[-2.18229,53.44318],[-2.18379,53.44244],[-2.18503,53.44188],[-2.18538,53.44055],[-2.18744,53.43994],[-2.18718,53.43973],[-2.1913,53.43874],[-2.19302,53.43897],[-2.19426,53.43549],[-2.19654,53.43587],[-2.19825,53.43595],[-2.19945,53.43615],[-2.20048,53.43603],[-2.20379,53.43608],[-2.20649,53.43651],[-2.20907,53.43567],[-2.21169,53.43408],[-2.21426,53.43534],[-2.21705,53.43518],[-2.22044,53.43528],[-2.22327,53.43572],[-2.22516,53.4362],[-2.22507,53.43618],[-2.22683,53.43674],[-2.2316,53.43817],[-2.23194,53.44357],[-2.23192,53.44455],[-2.23173,53.44533],[-2.23027,53.44686],[-2.22992,53.44784],[-2.23151,53.45008],[-2.23168,53.45083],[-2.23224,53.45256],[-2.23411,53.4526],[-2.23735,53.45325],[-2.23606,53.45568],[-2.23589,53.45806],[-2.23563,53.46337],[-2.23645,53.4645]]]}},{"type":"Feature","properties":{"source_code":"P84605","codes":["P84605"],"label":"Fernclough Surgery"},"geometry":{"type":"Polygon","coordinates":[[[-2.20791,53.53235],[-2.18628,53.52888],[-2.16637,53.52276],[-2.16087,53.52174],[-2.15504,53.52276],[-2.14439,53.5197],[-2.11727,53.48968],[-2.11555,53.48253],[-2.13066,53.47803],[-2.14989,53.47272],[-2.17873,53.47395],[-2.19418,53.47436],[-2.21752,53.47558],[-2.21855,53.47783],[-2.23297,53.48478],[-2.24018,53.48723],[-2.2419,53.48968],[-2.24567,53.48866],[-2.25769,53.50255],[-2.25357,53.50336],[-2.24945,53.51582],[-2.24396,53.53623],[-2.23778,53.53929],[-2.20791,53.53235]]]}},{"type":"Feature","properties":{"source_code":"P84035","codes":["P84035"],"label":"Bodey Medical Centre"},"geometry":{"type":"Polygon","coordinates":[[[-2.21203,53.45361],[-2.20845,53.45062],[-2.20692,53.44784],[-2.20654,53.44564],[-2.20495,53.44185],[-2.20832,53.43449],[-2.2119,53.428],[-2.2165,53.41961],[-2.21879,53.41542],[-2.22726,53.4171],[-2.23103,53.41751],[-2.23472,53.41848],[-2.24218,53.42104],[-2.22902,53.43319],[-2.23252,53.4327],[-2.24499,53.43577],[-2.24645,53.43439],[-2.24344,53.43759],[-2.24344,53.44047],[-2.24391,53.44638],[-2.24224,53.44637],[-2.23945,53.44633],[-2.23143,53.44909],[-2.22186,53.45164],[-2.21203,53.45361]]]}},{"type":"Feature","properties":{"source_code":"N81070","codes":["N81070"],"label":"Handforth Health Centre"},"geometry":{"type":"MultiPolygon","coordinates":[[[[-2.2533,53.35803],[-2.2555,53.35749],[-2.25533,53.35793],[-2.25387,53.35806],[-2.2533,53.35803]]],[[[-2.21653,53.37273],[-2.21658,53.37273],[-2.21662,53.3706],[-2.21653,53.37273],[-2.21263,53.37273],[-2.2116,53.37022],[-2.21284,53.36966],[-2.21216,53.36853],[-2.21263,53.36702],[-2.21589,53.36651],[-2.21568,53.36395],[-2.2357,53.36993],[-2.23579,53.36993],[-2.21592,53.3639],[-2.21585,53.36397],[-2.21585,53.36388],[-2.21581,53.36387],[-2.21584,53.36383],[-2.21581,53.363],[-2.21728,53.36225],[-2.21258,53.35737],[-2.21226,53.35724],[-2.211,53.35752],[-2.21023,53.35731],[-2.20988,53.35455],[-2.21086,53.35557],[-2.21031,53.35404],[-2.21266,53.34765],[-2.21097,53.34678],[-2.21112,53.34678],[-2.20998,53.34628],[-2.21097,53.34678],[-2.20739,53.34689],[-2.20615,53.34645],[-2.20448,53.34643],[-2.20482,53.34576],[-2.20409,53.34535],[-2.20392,53.34435],[-2.20289,53.34438],[-2.20139,53.34312],[-2.20207,53.34243],[-2.19658,53.33395],[-2.19699,53.33376],[-2.19315,53.33092],[-2.19263,53.33123],[-2.18868,53.33087],[-2.18456,53.3281],[-2.17855,53.3257],[-2.17418,53.32913],[-2.16971,53.32795],[-2.17461,53.32467],[-2.16371,53.32134],[-2.16431,53.32026],[-2.1686,53.32088],[-2.17109,53.32236],[-2.17469,53.32421],[-2.17581,53.3218],[-2.18139,53.32241],[-2.18422,53.32672],[-2.18782,53.32877],[-2.19229,53.33],[-2.19321,53.33064],[-2.19645,53.32977],[-2.19993,53.32967],[-2.20336,53.32852],[-2.20761,53.32805],[-2.20862,53.32808],[-2.20584,53.32973],[-2.20941,53.3281],[-2.20862,53.32808],[-2.21267,53.32567],[-2.21229,53.3258],[-2.21353,53.32488],[-2.21332,53.32285],[-2.21413,53.3209],[-2.22675,53.32088],[-2.21267,53.32567],[-2.21109,53.32735],[-2.21375,53.32616],[-2.24184,53.31668],[-2.22641,53.32083],[-2.22653,53.31798],[-2.22859,53.31529],[-2.23246,53.31354],[-2.23722,53.31306],[-2.23761,53.31442],[-2.24271,53.31638],[-2.24293,53.31631],[-2.24332,53.3168],[-2.24396,53.31711],[-2.24537,53.31836],[-2.24475,53.31859],[-2.24936,53.32436],[-2.24949,53.32441],[-2.25241,53.32459],[-2.25383,53.32605],[-2.25284,53.32836],[-2.25254,53.32921],[-2.25188,53.32945],[-2.25168,53.32947],[-2.25168,53.32948],[-2.25185,53.32946],[-2.25188,53.32945],[-2.2525,53.32939],[-2.25258,53.33108],[-2.25253,53.33101],[-2.25134,53.33254],[-2.24887,53.33411],[-2.25253,53.33101],[-2.25194,53.33017],[-2.2522,53.33087],[-2.24636,53.33559],[-2.24361,53.33538],[-2.24339,53.33599],[-2.24567,53.33569],[-2.2467,53.33561],[-2.24791,53.33472],[-2.24887,53.33411],[-2.24335,53.33879],[-2.24052,53.34447],[-2.24182,53.3451],[-2.24121,53.34515],[-2.24051,53.34448],[-2.24044,53.34463],[-2.24049,53.34446],[-2.24048,53.34445],[-2.24049,53.34445],[-2.24074,53.34356],[-2.24071,53.34353],[-2.24018,53.34502],[-2.24294,53.34565],[-2.24182,53.3451],[-2.24563,53.34481],[-2.24748,53.34522],[-2.24627,53.34558],[-2.24725,53.34774],[-2.25795,53.35168],[-2.25688,53.35147],[-2.2546,53.35071],[-2.25336,53.35037],[-2.25297,53.35033],[-2.25772,53.35208],[-2.25786,53.35173],[-2.25859,53.35273],[-2.26001,53.35337],[-2.26112,53.35514],[-2.2613,53.35598],[-2.26009,53.35644],[-2.25554,53.35757],[-2.257,53.3539],[-2.25494,53.35731],[-2.25025,53.3577],[-2.25181,53.35795],[-2.2533,53.35803],[-2.24415,53.36027],[-2.2423,53.36769],[-2.24224,53.36899],[-2.24211,53.36904],[-2.24192,53.36938],[-2.24194,53.36938],[-2.24187,53.36946],[-2.24185,53.3695],[-2.24185,53.36948],[-2.24031,53.3713],[-2.23718,53.37032],[-2.23691,53.37026],[-2.23984,53.37117],[-2.23659,53.3702],[-2.23566,53.37001],[-2.23409,53.37009],[-2.23044,53.36973],[-2.22791,53.37058],[-2.22229,53.37191],[-2.21812,53.37263],[-2.21653,53.37276],[-2.21653,53.37273]]],[[[-2.24188,53.36939],[-2.24195,53.3691],[-2.24097,53.36947],[-2.24188,53.36939]]],[[[-2.24248,53.36393],[-2.24414,53.36028],[-2.24413,53.36028],[-2.24428,53.35922],[-2.24258,53.36182],[-2.24248,53.36393]]],[[[-2.24488,53.35831],[-2.24669,53.35799],[-2.24499,53.35813],[-2.24488,53.35831]]],[[[-2.24717,53.34772],[-2.24539,53.34685],[-2.24636,53.34789],[-2.2469,53.34809],[-2.24717,53.34772]]],[[[-2.21272,53.34748],[-2.2125,53.34738],[-2.21269,53.34756],[-2.21272,53.34748]]],[[[-2.24184,53.34034],[-2.24349,53.33851],[-2.2434,53.33868],[-2.24379,53.33828],[-2.24357,53.33748],[-2.243,53.3371],[-2.24184,53.34034]]]]}},{"type":"Feature","properties":{"source_code":"Y01695","codes":["Y01695"],"label":"MP Victoria Mill"},"geometry":{"type":"Polygon","coordinates":[[[-2.19456,53.48133],[-2.1973,53.48125],[-2.20012,53.48169],[-2.20427,53.48159],[-2.20828,53.4823],[-2.21037,53.48269],[-2.2123,53.48271],[-2.21651,53.48214],[-2.21857,53.48101],[-2.22269,53.47934],[-2.22484,53.48053],[-2.22854,53.47904],[-2.23232,53.47775],[-2.23321,53.47929],[-2.2347,53.48067],[-2.23683,53.48144],[-2.23803,53.48173],[-2.23913,53.48211],[-2.24144,53.4826],[-2.24374,53.48294],[-2.24172,53.48573],[-2.24097,53.48677],[-2.2403,53.48783],[-2.24205,53.48956],[-2.23895,53.49537],[-2.23698,53.49858],[-2.23635,53.50016],[-2.23616,53.50179],[-2.23586,53.50323],[-2.23591,53.50466],[-2.23175,53.50383],[-2.2306,53.50384],[-2.22945,53.50416],[-2.22865,53.50486],[-2.22904,53.50551],[-2.22832,53.50693],[-2.22725,53.5083],[-2.22451,53.51099],[-2.22368,53.51299],[-2.22307,53.51515],[-2.22204,53.51577],[-2.221,53.51623],[-2.2198,53.51536],[-2.21836,53.51505],[-2.21718,53.5149],[-2.21663,53.51439],[-2.21549,53.51418],[-2.21234,53.51381],[-2.20707,53.51344],[-2.20593,53.5133],[-2.2048,53.51341],[-2.20253,53.51384],[-2.20143,53.51372],[-2.20034,53.51391],[-2.19644,53.51393],[-2.19646,53.51238],[-2.19589,53.51083],[-2.19494,53.51044],[-2.1939,53.5103],[-2.19165,53.50997],[-2.18964,53.50933],[-2.18893,53.50891],[-2.18762,53.50894],[-2.18334,53.50842],[-2.184,53.50607],[-2.18469,53.50501],[-2.18475,53.50408],[-2.18415,53.50276],[-2.18244,53.5017],[-2.17825,53.49999],[-2.18864,53.49545],[-2.19521,53.49276],[-2.19849,53.49152],[-2.20022,53.49096],[-2.20126,53.48999],[-2.19939,53.48805],[-2.19731,53.4858],[-2.19617,53.48376],[-2.19456,53.48133]]]}},{"type":"Feature","properties":{"source_code":"P84017","codes":["P84017"],"label":"LADYBARN GROUP PRACTICE"},"geometry":{"type":"Polygon","coordinates":[[[-2.25133,53.4304],[-2.24189,53.44001],[-2.24181,53.44635],[-2.22963,53.44661],[-2.22413,53.44855],[-2.21383,53.44942],[-2.20808,53.44957],[-2.20551,53.45024],[-2.2031,53.44548],[-2.19753,53.44589],[-2.19469,53.44681],[-2.19203,53.44666],[-2.1886,53.44681],[-2.18791,53.444],[-2.19092,53.44344],[-2.18388,53.43183],[-2.19512,53.41818],[-2.20448,53.4215],[-2.21237,53.41629],[-2.21194,53.41368],[-2.21323,53.41168],[-2.2213,53.4104],[-2.23066,53.4105],[-2.23117,53.41347],[-2.23246,53.41465],[-2.23143,53.41756],[-2.25571,53.42539],[-2.25133,53.4304]]]}},{"type":"Feature","properties":{"source_code":"P84065","codes":["P84065"],"label":"Church View Medical Centre"},"geometry":{"type":"Polygon","coordinates":[[[-2.20808,53.53255],[-2.18619,53.52878],[-2.16465,53.52276],[-2.17066,53.50571],[-2.19375,53.50229],[-2.20718,53.49813],[-2.21752,53.50214],[-2.21829,53.51658],[-2.21782,53.52401],[-2.20877,53.53164],[-2.20808,53.53255]]]}},{"type":"Feature","properties":{"source_code":"P88020","codes":["P88020"],"label":"Cheadle Medical Practice"},"geometry":{"type":"MultiPolygon","coordinates":[[[[-2.18042,53.37608],[-2.18109,53.37467],[-2.18242,53.3719],[-2.18042,53.37608]]],[[[-2.17976,53.37744],[-2.17864,53.3766],[-2.1824,53.37192],[-2.17937,53.37355],[-2.18242,53.37188],[-2.17976,53.37744]]],[[[-2.24374,53.38683],[-2.24419,53.38684],[-2.24467,53.3896],[-2.24374,53.38683]]],[[[-2.24524,53.39133],[-2.24565,53.39135],[-2.24573,53.39279],[-2.24524,53.39133]]],[[[-2.17325,53.39628],[-2.17323,53.39638],[-2.1713,53.39623],[-2.17325,53.39628]]],[[[-2.17076,53.39673],[-2.17074,53.39661],[-2.17085,53.39651],[-2.17076,53.39673]]],[[[-2.17076,53.39673],[-2.17087,53.39743],[-2.17082,53.39806],[-2.17249,53.39894],[-2.17657,53.38821],[-2.17611,53.38911],[-2.17389,53.395],[-2.17388,53.39505],[-2.17384,53.39513],[-2.1734,53.3963],[-2.17351,53.39581],[-2.17328,53.39628],[-2.17325,53.39628],[-2.17525,53.38783],[-2.17494,53.38946],[-2.17529,53.38791],[-2.17718,53.3866],[-2.17726,53.38641],[-2.17673,53.38376],[-2.17976,53.37744],[-2.17977,53.37744],[-2.18042,53.37608],[-2.17977,53.37745],[-2.17977,53.37745],[-2.1798,53.37743],[-2.17979,53.37744],[-2.17978,53.37745],[-2.17979,53.37746],[-2.17979,53.37744],[-2.18014,53.37717],[-2.18041,53.37696],[-2.18104,53.37645],[-2.18104,53.37645],[-2.18014,53.37717],[-2.1798,53.37743],[-2.1824,53.37195],[-2.18289,53.37159],[-2.18328,53.37055],[-2.18681,53.36826],[-2.18544,53.36912],[-2.18707,53.36753],[-2.18818,53.36644],[-2.19034,53.36597],[-2.19551,53.36262],[-2.21531,53.36],[-2.23499,53.36174],[-2.23878,53.3723],[-2.23861,53.37148],[-2.24029,53.37652],[-2.24117,53.37896],[-2.24139,53.3798],[-2.24374,53.38683],[-2.24359,53.38683],[-2.24472,53.39021],[-2.24477,53.3902],[-2.24467,53.3896],[-2.24524,53.39133],[-2.24509,53.39132],[-2.24577,53.39333],[-2.24576,53.39323],[-2.24573,53.39279],[-2.2467,53.39568],[-2.24711,53.396],[-2.24645,53.39563],[-2.24559,53.3958],[-2.24563,53.39597],[-2.19506,53.39825],[-2.20688,53.39779],[-2.247,53.39595],[-2.24143,53.39966],[-2.23512,53.40022],[-2.22696,53.40124],[-2.2246,53.40493],[-2.22332,53.40705],[-2.2198,53.40705],[-2.21679,53.40198],[-2.21576,53.40045],[-2.20812,53.40198],[-2.20096,53.40219],[-2.19533,53.40352],[-2.19186,53.40536],[-2.18928,53.40672],[-2.18619,53.40326],[-2.18358,53.40518],[-2.18122,53.40621],[-2.17791,53.40644],[-2.17654,53.40603],[-2.17534,53.40618],[-2.1734,53.40708],[-2.17173,53.40518],[-2.1695,53.40119],[-2.16927,53.40061],[-2.16913,53.40079],[-2.16924,53.40052],[-2.16761,53.39636],[-2.17033,53.3978],[-2.17076,53.39673]]],[[[-2.18144,53.3754],[-2.18239,53.37289],[-2.18172,53.3746],[-2.18144,53.3754]]]]}},{"type":"Feature","properties":{"source_code":"P84639","codes":["P84639"],"label":"Fallowfield Medical Centre"},"geometry":{"type":"Polygon","coordinates":[[[-2.21825,53.44252],[-2.204,53.44201],[-2.20532,53.43778],[-2.19978,53.43877],[-2.20031,53.43415],[-2.20103,53.42982],[-2.20104,53.42934],[-2.20144,53.42892],[-2.20215,53.4281],[-2.20331,53.42629],[-2.2029,53.42521],[-2.20311,53.42473],[-2.20372,53.42438],[-2.20658,53.42322],[-2.20735,53.42292],[-2.20843,53.42313],[-2.21028,53.42358],[-2.21269,53.42405],[-2.21523,53.42457],[-2.2182,53.42432],[-2.22122,53.42484],[-2.22479,53.42595],[-2.22641,53.42684],[-2.22728,53.42737],[-2.22867,53.4276],[-2.22795,53.42894],[-2.22795,53.42965],[-2.22864,53.43061],[-2.22875,53.43124],[-2.22852,53.43193],[-2.22917,53.43324],[-2.22805,53.43431],[-2.22745,53.43502],[-2.22672,53.43541],[-2.22264,53.43757],[-2.21976,53.43999],[-2.21825,53.44252]]]}},{"type":"Feature","properties":{"source_code":"P84018","codes":["P84018"],"label":"Mauldeth Medical Centre"},"geometry":{"type":"Polygon","coordinates":[[[-2.23151,53.44508],[-2.194,53.4441],[-2.19443,53.43488],[-2.19538,53.42616],[-2.23117,53.42605],[-2.23151,53.44508]]]}},{"type":"Feature","properties":{"source_code":"P86012","codes":["P86012"],"label":"Woodside Medical Centre"},"geometry":{"type":"Polygon","coordinates":[[[-2.2007,53.52766],[-2.25494,53.51959],[-2.30782,53.53194],[-2.27211,53.59087],[-2.21649,53.59434],[-2.13272,53.56621],[-2.12723,53.54724],[-2.2007,53.52766]]]}},{"type":"Feature","properties":{"source_code":"P84019","codes":["P84019"],"label":"Valentine Medical Centre"},"geometry":{"type":"Polygon","coordinates":[[[-2.19937,53.54696],[-2.19812,53.54721],[-2.19701,53.54765],[-2.19563,53.54801],[-2.19473,53.54805],[-2.194,53.54859],[-2.19233,53.54913],[-2.19214,53.54847],[-2.19075,53.54699],[-2.18834,53.54745],[-2.18534,53.54658],[-2.18319,53.54576],[-2.18194,53.54472],[-2.18034,53.54394],[-2.17824,53.54332],[-2.17642,53.54281],[-2.17332,53.54153],[-2.17486,53.53964],[-2.17535,53.5386],[-2.1754,53.53766],[-2.17525,53.53567],[-2.17501,53.53396],[-2.17494,53.53183],[-2.17546,53.52977],[-2.17619,53.52745],[-2.17509,53.52748],[-2.17386,53.52745],[-2.17165,53.52745],[-2.16903,53.52781],[-2.16396,53.52786],[-2.16053,53.52681],[-2.16302,53.52489],[-2.16508,53.5226],[-2.16877,53.5175],[-2.16993,53.51461],[-2.16971,53.51171],[-2.16969,53.51026],[-2.16993,53.50881],[-2.17016,53.50731],[-2.17041,53.50598],[-2.171,53.50571],[-2.17722,53.5038],[-2.18192,53.50281],[-2.19118,53.50179],[-2.19452,53.5012],[-2.21134,53.49558],[-2.21486,53.49904],[-2.21623,53.50079],[-2.21709,53.50182],[-2.21855,53.50244],[-2.22452,53.5023],[-2.23619,53.50012],[-2.23565,53.50438],[-2.24152,53.50811],[-2.24359,53.50998],[-2.24501,53.51188],[-2.24631,53.51374],[-2.24743,53.51476],[-2.24928,53.51569],[-2.24916,53.51645],[-2.24869,53.51719],[-2.24871,53.51874],[-2.24896,53.52178],[-2.24918,53.52341],[-2.24713,53.5279],[-2.2449,53.53231],[-2.24323,53.53568],[-2.23964,53.53835],[-2.23842,53.53911],[-2.23757,53.5393],[-2.23667,53.53947],[-2.23611,53.53983],[-2.23612,53.54027],[-2.23664,53.54056],[-2.23436,53.54185],[-2.22847,53.543],[-2.22381,53.54395],[-2.22144,53.54434],[-2.21915,53.54486],[-2.21605,53.54461],[-2.21393,53.54529],[-2.21012,53.54564],[-2.20858,53.54595],[-2.20705,53.54648],[-2.20568,53.54725],[-2.20387,53.54772],[-2.20173,53.54745],[-2.19937,53.54696]]]}},{"type":"Feature","properties":{"source_code":"P84022","codes":["P84022"],"label":"Kingsway Medical Practice"},"geometry":{"type":"Polygon","coordinates":[[[-2.21859,53.44254],[-2.21699,53.44247],[-2.21538,53.44211],[-2.21217,53.44203],[-2.20574,53.44192],[-2.19884,53.44334],[-2.19718,53.44387],[-2.19609,53.44418],[-2.19535,53.44398],[-2.19348,53.44402],[-2.19177,53.44439],[-2.19147,53.44347],[-2.19073,53.44281],[-2.18963,53.44201],[-2.18909,53.44126],[-2.18649,53.4387],[-2.18481,53.43659],[-2.18364,53.43458],[-2.17994,53.43055],[-2.17928,53.43021],[-2.17897,53.42972],[-2.17835,53.42899],[-2.17751,53.42783],[-2.17701,53.42674],[-2.17847,53.42572],[-2.17972,53.42463],[-2.18355,53.42317],[-2.18554,53.42193],[-2.18735,53.42054],[-2.18969,53.41705],[-2.18981,53.4147],[-2.19001,53.41015],[-2.19015,53.40808],[-2.19082,53.40698],[-2.19132,53.40596],[-2.19276,53.40582],[-2.19436,53.40589],[-2.19676,53.40605],[-2.19832,53.40627],[-2.19975,53.40657],[-2.2009,53.40645],[-2.20204,53.40586],[-2.2037,53.40541],[-2.20484,53.40506],[-2.20631,53.40496],[-2.20774,53.40549],[-2.20858,53.40627],[-2.20958,53.40682],[-2.21043,53.40705],[-2.21127,53.40712],[-2.21279,53.40693],[-2.21448,53.40643],[-2.21643,53.40581],[-2.21907,53.40539],[-2.21945,53.40333],[-2.21991,53.40239],[-2.22158,53.40177],[-2.2226,53.40116],[-2.22363,53.40128],[-2.22457,53.40138],[-2.22538,53.40149],[-2.22636,53.40113],[-2.22745,53.40085],[-2.22845,53.40083],[-2.23046,53.40084],[-2.23447,53.40095],[-2.23374,53.4039],[-2.22913,53.40552],[-2.22873,53.40573],[-2.22874,53.40605],[-2.22864,53.40635],[-2.22897,53.40664],[-2.22919,53.40697],[-2.22926,53.40742],[-2.22927,53.40803],[-2.22913,53.40858],[-2.22913,53.40909],[-2.22931,53.40955],[-2.22951,53.41026],[-2.23033,53.41053],[-2.23069,53.41084],[-2.23096,53.4115],[-2.23085,53.41212],[-2.231,53.41263],[-2.23128,53.41374],[-2.23224,53.41479],[-2.23171,53.41612],[-2.2316,53.4176],[-2.23211,53.42027],[-2.23233,53.42183],[-2.23235,53.42257],[-2.23181,53.42365],[-2.23037,53.42483],[-2.22936,53.42621],[-2.22847,53.42787],[-2.22794,53.42865],[-2.22784,53.42948],[-2.22882,53.4311],[-2.22863,53.43194],[-2.22903,53.43314],[-2.22756,53.43483],[-2.22718,53.43528],[-2.22655,53.43548],[-2.22532,53.43611],[-2.22441,53.43652],[-2.22359,53.43708],[-2.22212,53.43816],[-2.21988,53.44012],[-2.21903,53.44126],[-2.21868,53.44185],[-2.21859,53.44254]]]}},{"type":"Feature","properties":{"source_code":"P84690","codes":["P84690"],"label":"Dam Head Medical Centre"},"geometry":{"type":"Polygon","coordinates":[[[-2.21572,53.54021],[-2.21189,53.53603],[-2.20821,53.53374],[-2.19605,53.53066],[-2.1887,53.52922],[-2.17615,53.525],[-2.20053,53.51745],[-2.20092,53.51773],[-2.20139,53.51745],[-2.23761,53.52368],[-2.23318,53.53582],[-2.23778,53.52378],[-2.24739,53.52531],[-2.2434,53.53398],[-2.23735,53.53898],[-2.23417,53.53878],[-2.23192,53.53928],[-2.23177,53.5397],[-2.23113,53.53954],[-2.22154,53.54114],[-2.21896,53.54097],[-2.21572,53.54021]]]}},{"type":"Feature","properties":{"source_code":"P86023","codes":["P86023"],"label":"Hopwood Medical Centre"},"geometry":{"type":"Polygon","coordinates":[[[-2.2147,53.60695],[-2.18441,53.58366],[-2.19976,53.5799],[-2.20462,53.56454],[-2.21085,53.56661],[-2.23427,53.55905],[-2.23425,53.56674],[-2.25684,53.58633],[-2.25965,53.59162],[-2.26539,53.60003],[-2.2596,53.59987],[-2.25942,53.60048],[-2.25875,53.60087],[-2.25532,53.60181],[-2.25159,53.60249],[-2.24649,53.60338],[-2.24374,53.6041],[-2.22897,53.60522],[-2.22485,53.60452],[-2.22335,53.60493],[-2.22227,53.60431],[-2.2208,53.60429],[-2.2147,53.60695]]]}},{"type":"Feature","properties":{"source_code":"P84049","codes":["P84049"],"label":"The Avenue Medical Centre"},"geometry":{"type":"Polygon","coordinates":[[[-2.23617,53.55114],[-2.23469,53.54997],[-2.23211,53.54893],[-2.20619,53.55288],[-2.20582,53.55308],[-2.20538,53.55325],[-2.20422,53.55339],[-2.20334,53.55317],[-2.20328,53.55295],[-2.20358,53.55278],[-2.20307,53.55268],[-2.20247,53.55267],[-2.2013,53.55266],[-2.20024,53.55266],[-2.199,53.55267],[-2.19903,53.55295],[-2.19793,53.55294],[-2.19788,53.55266],[-2.19669,53.55266],[-2.19662,53.55211],[-2.19639,53.55218],[-2.19617,53.55231],[-2.19585,53.55264],[-2.19533,53.55278],[-2.19502,53.55285],[-2.1947,53.55285],[-2.19378,53.55283],[-2.19279,53.55296],[-2.1928,53.55354],[-2.19249,53.55352],[-2.19208,53.5534],[-2.19156,53.55387],[-2.18988,53.55543],[-2.18939,53.5559],[-2.18876,53.55634],[-2.186,53.55683],[-2.18465,53.55707],[-2.18337,53.5575],[-2.18085,53.55838],[-2.17965,53.55885],[-2.1782,53.55925],[-2.17781,53.55935],[-2.17744,53.55939],[-2.17706,53.55945],[-2.17655,53.55949],[-2.17546,53.55974],[-2.17431,53.55893],[-2.17364,53.55802],[-2.17331,53.55717],[-2.17293,53.55649],[-2.17233,53.55612],[-2.17023,53.55259],[-2.16984,53.55155],[-2.16965,53.54794],[-2.16951,53.54635],[-2.16958,53.54602],[-2.1698,53.54573],[-2.1703,53.54511],[-2.1708,53.54452],[-2.1708,53.54383],[-2.17146,53.54382],[-2.17204,53.54302],[-2.17253,53.54209],[-2.17336,53.54123],[-2.17396,53.54076],[-2.17448,53.54023],[-2.17499,53.53953],[-2.17531,53.53878],[-2.17526,53.53636],[-2.17504,53.53396],[-2.17491,53.53203],[-2.17504,53.53103],[-2.17534,53.53009],[-2.17581,53.52884],[-2.17605,53.52756],[-2.17616,53.52628],[-2.17599,53.52501],[-2.17894,53.52019],[-2.17941,53.52026],[-2.17983,53.52039],[-2.18035,53.51978],[-2.18155,53.51925],[-2.18221,53.51946],[-2.18367,53.51899],[-2.18438,53.51881],[-2.18512,53.51871],[-2.18593,53.51802],[-2.18679,53.51764],[-2.18774,53.5174],[-2.18862,53.51678],[-2.18934,53.51647],[-2.19027,53.51608],[-2.19246,53.51449],[-2.19127,53.51376],[-2.19009,53.51257],[-2.19155,53.5119],[-2.19145,53.51086],[-2.19044,53.51023],[-2.19108,53.50983],[-2.19176,53.51001],[-2.19302,53.51014],[-2.19434,53.5101],[-2.19528,53.5104],[-2.19679,53.51054],[-2.19847,53.5102],[-2.20207,53.5103],[-2.2134,53.51116],[-2.22179,53.51263],[-2.22219,53.51236],[-2.22246,53.51224],[-2.22277,53.51221],[-2.22391,53.51225],[-2.22404,53.51179],[-2.22524,53.51192],[-2.22638,53.512],[-2.22734,53.51208],[-2.22859,53.51243],[-2.22983,53.51266],[-2.2308,53.5125],[-2.23132,53.51242],[-2.23184,53.51245],[-2.23246,53.5125],[-2.23313,53.51254],[-2.23447,53.51264],[-2.23474,53.51483],[-2.23485,53.51504],[-2.23515,53.51546],[-2.2352,53.51553],[-2.2353,53.51568],[-2.23549,53.51597],[-2.2357,53.51628],[-2.23591,53.51658],[-2.23605,53.51678],[-2.23626,53.51694],[-2.23646,53.51707],[-2.23669,53.51714],[-2.23684,53.51718],[-2.237,53.51721],[-2.23726,53.51726],[-2.2374,53.51728],[-2.23757,53.51732],[-2.23788,53.51739],[-2.2385,53.51754],[-2.23911,53.51767],[-2.23943,53.51773],[-2.23974,53.51778],[-2.23999,53.51781],[-2.24024,53.51783],[-2.24076,53.51784],[-2.24176,53.51788],[-2.24228,53.51791],[-2.24279,53.51795],[-2.24331,53.51799],[-2.24356,53.51802],[-2.24382,53.51804],[-2.24462,53.51812],[-2.24556,53.51821],[-2.24662,53.51832],[-2.2469,53.51726],[-2.24933,53.51579],[-2.24867,53.51838],[-2.24884,53.51986],[-2.24892,53.52079],[-2.24899,53.52171],[-2.24898,53.52195],[-2.24903,53.52218],[-2.24911,53.52263],[-2.24921,53.52352],[-2.24861,53.52472],[-2.24675,53.52863],[-2.24345,53.53549],[-2.2418,53.53705],[-2.23989,53.53838],[-2.24014,53.53857],[-2.24002,53.53874],[-2.2395,53.53912],[-2.24019,53.53955],[-2.24039,53.54004],[-2.24074,53.54033],[-2.237,53.54224],[-2.23481,53.54358],[-2.23414,53.54369],[-2.23432,53.5445],[-2.23477,53.54569],[-2.2355,53.54745],[-2.23617,53.55114]]]}},{"type":"Feature","properties":{"source_code":"P84040","codes":["P84040"],"label":"Conran Medical Centre"},"geometry":{"type":"Polygon","coordinates":[[[-2.23658,53.53898],[-2.22988,53.53898],[-2.22422,53.54031],[-2.21924,53.54041],[-2.21392,53.53868],[-2.20911,53.5348],[-2.20533,53.53204],[-2.20087,53.53133],[-2.19486,53.53102],[-2.18954,53.52929],[-2.18096,53.52745],[-2.17701,53.52643],[-2.18044,53.51827],[-2.18679,53.51357],[-2.19349,53.50847],[-2.20036,53.49989],[-2.21083,53.49662],[-2.22576,53.49254],[-2.22748,53.50285],[-2.24001,53.5002],[-2.24619,53.50265],[-2.25271,53.50428],[-2.25151,53.51061],[-2.24894,53.51663],[-2.24842,53.52255],[-2.24567,53.52898],[-2.24361,53.53245],[-2.23949,53.53735],[-2.23778,53.53857],[-2.23658,53.53898]]]}},{"type":"Feature","properties":{"source_code":"P84679","codes":["P84679"],"label":"Willowbank Surgery"},"geometry":{"type":"Polygon","coordinates":[[[-2.23263,53.48478],[-2.24155,53.48948],[-2.24567,53.48866],[-2.25769,53.50214],[-2.2546,53.5052],[-2.25254,53.50765],[-2.25117,53.50949],[-2.24979,53.51235],[-2.24842,53.51561],[-2.24705,53.51888],[-2.24636,53.52653],[-2.2419,53.53623],[-2.23709,53.53847],[-2.22405,53.5401],[-2.21512,53.53765],[-2.20962,53.53459],[-2.20379,53.53255],[-2.19898,53.53215],[-2.19418,53.53031],[-2.18903,53.5299],[-2.18113,53.52724],[-2.17598,53.52806],[-2.15984,53.52755],[-2.15349,53.52296],[-2.14439,53.52],[-2.13787,53.51633],[-2.13186,53.50561],[-2.14079,53.50204],[-2.14251,53.49867],[-2.14766,53.49754],[-2.15384,53.49458],[-2.15693,53.49571],[-2.16276,53.49438],[-2.16568,53.49193],[-2.2007,53.49029],[-2.21048,53.49519],[-2.20739,53.49213],[-2.20087,53.48958],[-2.19572,53.48171],[-2.20396,53.48141],[-2.21066,53.48284],[-2.21684,53.48202],[-2.2225,53.47957],[-2.23263,53.48478]]]}},{"type":"Feature","properties":{"source_code":"P84009","codes":["P84009"],"label":"Ailsa Craig Medical Centre"},"geometry":{"type":"Polygon","coordinates":[[[-2.22782,53.47211],[-2.22644,53.47181],[-2.22502,53.47136],[-2.22338,53.47075],[-2.22244,53.47012],[-2.20971,53.46787],[-2.18164,53.46268],[-2.1822,53.46197],[-2.181,53.46005],[-2.18087,53.45387],[-2.17911,53.44874],[-2.17969,53.44713],[-2.17967,53.44597],[-2.18237,53.44534],[-2.18424,53.44523],[-2.18611,53.44542],[-2.18817,53.44507],[-2.19164,53.44497],[-2.19169,53.44421],[-2.19707,53.44382],[-2.19833,53.44338],[-2.20037,53.44289],[-2.204,53.44211],[-2.20664,53.44177],[-2.21494,53.44184],[-2.21857,53.44252],[-2.22212,53.44281],[-2.22926,53.44346],[-2.23172,53.44359],[-2.23419,53.44356],[-2.23929,53.44327],[-2.23937,53.44454],[-2.23941,53.44581],[-2.23967,53.44835],[-2.23799,53.45186],[-2.23615,53.45532],[-2.23594,53.45593],[-2.23583,53.45741],[-2.23572,53.45952],[-2.2355,53.46316],[-2.23623,53.4644],[-2.23718,53.46512],[-2.23785,53.4659],[-2.23914,53.46729],[-2.24061,53.46894],[-2.23679,53.47027],[-2.23462,53.47099],[-2.22889,53.47275],[-2.22782,53.47211]]]}},{"type":"Feature","properties":{"source_code":"P86004","codes":["P86004"],"label":"Peterloo Medical Centre"},"geometry":{"type":"MultiPolygon","coordinates":[[[[-2.16012,53.52459],[-2.15572,53.52398],[-2.16774,53.52357],[-2.16293,53.52378],[-2.15984,53.52419],[-2.16012,53.52459]]],[[[-2.15769,53.52855],[-2.15675,53.52725],[-2.15641,53.5248],[-2.1595,53.52602],[-2.15769,53.52855]]],[[[-2.15744,53.58578],[-2.15813,53.58211],[-2.16019,53.57865],[-2.16019,53.57375],[-2.15641,53.56682],[-2.15263,53.56254],[-2.14405,53.55989],[-2.13993,53.55703],[-2.14199,53.55255],[-2.14508,53.54704],[-2.14851,53.54133],[-2.15769,53.52855],[-2.15778,53.52868],[-2.1595,53.52664],[-2.16156,53.52664],[-2.16012,53.52459],[-2.18079,53.52745],[-2.18971,53.53011],[-2.19864,53.53174],[-2.20619,53.53357],[-2.21031,53.53684],[-2.21581,53.54051],[-2.22233,53.54133],[-2.23366,53.53949],[-2.23846,53.5401],[-2.24224,53.54745],[-2.24121,53.55357],[-2.23812,53.55907],[-2.23057,53.56825],[-2.2213,53.5707],[-2.20997,53.57518],[-2.19212,53.58313],[-2.17323,53.58598],[-2.16156,53.58639],[-2.15744,53.58578]]]]}},{"type":"Feature","properties":{"source_code":"P86620","codes":["P86620"],"label":"Windermere Surgery"},"geometry":{"type":"Polygon","coordinates":[[[-2.22181,53.56998],[-2.20705,53.57702],[-2.19572,53.55816],[-2.19589,53.54837],[-2.23349,53.54194],[-2.23692,53.55489],[-2.22181,53.56998]]]}},{"type":"Feature","properties":{"source_code":"P88008","codes":["P88008"],"label":"Heaton Mersey Med.Pract."},"geometry":{"type":"Polygon","coordinates":[[[-2.23228,53.42253],[-2.2261,53.42079],[-2.22078,53.42171],[-2.2146,53.4212],[-2.21066,53.42068],[-2.20688,53.42314],[-2.20327,53.42201],[-2.19812,53.42314],[-2.19503,53.42212],[-2.19023,53.42406],[-2.19177,53.4257],[-2.18903,53.42631],[-2.18576,53.42621],[-2.17873,53.42907],[-2.17787,53.4259],[-2.17598,53.4258],[-2.16757,53.41281],[-2.17203,53.40994],[-2.2007,53.40667],[-2.22507,53.40083],[-2.23898,53.4039],[-2.2328,53.41424],[-2.23228,53.42253]]]}},{"type":"Feature","properties":{"source_code":"Y02890","codes":["Y02890"],"label":"Hawthorn MC"},"geometry":{"type":"Polygon","coordinates":[[[-2.19262,53.44979],[-2.19235,53.44939],[-2.19232,53.44936],[-2.19262,53.44979],[-2.19289,53.45019],[-2.1923,53.44934],[-2.19186,53.44893],[-2.17967,53.45019],[-2.17984,53.44605],[-2.17255,53.44569],[-2.17482,53.43393],[-2.18443,53.43534],[-2.18903,53.43482],[-2.20636,53.43661],[-2.21143,53.43419],[-2.21443,53.43357],[-2.21512,53.43534],[-2.22477,53.43615],[-2.21838,53.44267],[-2.22205,53.45167],[-2.22233,53.45172],[-2.22136,53.45188],[-2.20006,53.45663],[-2.19999,53.45657],[-2.19993,53.45658],[-2.19469,53.45274],[-2.19262,53.44979]]]}},{"type":"Feature","properties":{"source_code":"Y02960","codes":["Y02960"],"label":"New Bank Health"},"geometry":{"type":"Polygon","coordinates":[[[-2.20757,53.45973],[-2.19231,53.46049],[-2.1872,53.45435],[-2.1877,53.45012],[-2.19265,53.45019],[-2.19008,53.44237],[-2.19804,53.44191],[-2.19948,53.44254],[-2.20499,53.45532],[-2.21147,53.45388],[-2.21853,53.45783],[-2.20757,53.45973]]]}},{"type":"Feature","properties":{"source_code":"P84052","codes":["P84052"],"label":"West Gorton Medical Practice"},"geometry":{"type":"Polygon","coordinates":[[[-2.21666,53.47517],[-2.17383,53.47308],[-2.17023,53.46641],[-2.16843,53.46015],[-2.16311,53.45946],[-2.16019,53.45806],[-2.15161,53.4576],[-2.15641,53.45525],[-2.16087,53.45683],[-2.16859,53.46013],[-2.17091,53.46065],[-2.17537,53.46155],[-2.18141,53.46269],[-2.18583,53.46173],[-2.1932,53.46027],[-2.19595,53.45949],[-2.19844,53.4603],[-2.2011,53.45952],[-2.20188,53.46033],[-2.20314,53.46221],[-2.20718,53.46611],[-2.20909,53.4672],[-2.21151,53.46767],[-2.21415,53.46823],[-2.21543,53.46889],[-2.21593,53.46934],[-2.21612,53.47215],[-2.21666,53.47517]]]}},{"type":"Feature","properties":{"source_code":"P88025","codes":["P88025","P88025001"],"label":"Hulme Hall Medical Group"},"geometry":{"type":"Polygon","coordinates":[[[-2.21237,53.38865],[-2.20911,53.38794],[-2.20293,53.38886],[-2.19984,53.38835],[-2.19727,53.38794],[-2.19263,53.38507],[-2.18628,53.38241],[-2.18182,53.38046],[-2.17735,53.37841],[-2.1686,53.37544],[-2.16345,53.37411],[-2.15796,53.37442],[-2.15298,53.37391],[-2.15452,53.37145],[-2.15298,53.36961],[-2.14937,53.3695],[-2.14594,53.36889],[-2.13959,53.36756],[-2.13839,53.36571],[-2.13942,53.3611],[-2.13753,53.35772],[-2.14233,53.35393],[-2.14611,53.35117],[-2.14748,53.35014],[-2.15281,53.34727],[-2.15607,53.34522],[-2.1595,53.34348],[-2.16225,53.34235],[-2.16705,53.34092],[-2.17993,53.3361],[-2.18628,53.33333],[-2.19069,53.33728],[-2.18628,53.33303],[-2.19091,53.33046],[-2.19538,53.33026],[-2.2007,53.32954],[-2.20207,53.33067],[-2.20585,53.33251],[-2.21083,53.33128],[-2.21169,53.32841],[-2.21581,53.32964],[-2.22044,53.32934],[-2.22507,53.32995],[-2.22679,53.32995],[-2.24035,53.33344],[-2.24035,53.33251],[-2.24241,53.33405],[-2.2431,53.33579],[-2.24413,53.33692],[-2.23709,53.33815],[-2.23503,53.34153],[-2.23246,53.3442],[-2.22731,53.34502],[-2.22662,53.34686],[-2.22439,53.34912],[-2.2225,53.35024],[-2.22542,53.35127],[-2.22542,53.35342],[-2.22576,53.35465],[-2.22027,53.35526],[-2.21392,53.35342],[-2.2135,53.35336],[-2.21752,53.35485],[-2.21889,53.35762],[-2.21941,53.35844],[-2.21924,53.3609],[-2.21666,53.36346],[-2.21632,53.36623],[-2.21615,53.36786],[-2.21718,53.37135],[-2.21735,53.3736],[-2.21769,53.37821],[-2.21769,53.37974],[-2.21598,53.38333],[-2.21375,53.38415],[-2.21838,53.38978],[-2.21563,53.38968],[-2.21237,53.38865]],[[-2.20365,53.35342],[-2.18883,53.35333],[-2.19023,53.35383],[-2.19847,53.35352],[-2.20362,53.35342],[-2.20365,53.35342]],[[-2.20972,53.35278],[-2.20791,53.3525],[-2.20494,53.35326],[-2.20774,53.35291],[-2.20972,53.35278]],[[-2.18661,53.35239],[-2.18346,53.34822],[-2.18405,53.34942],[-2.18661,53.35239]],[[-2.18237,53.34527],[-2.18276,53.34474],[-2.18237,53.34525],[-2.18237,53.34527]],[[-2.18286,53.34461],[-2.18314,53.34453],[-2.18287,53.34459],[-2.18286,53.34461]],[[-2.18343,53.34444],[-2.18419,53.34422],[-2.18389,53.34428],[-2.18343,53.34444]],[[-2.19297,53.33948],[-2.19178,53.33833],[-2.19193,53.34061],[-2.19297,53.33948]]]}},{"type":"Feature","properties":{"source_code":"P84026","codes":["P84026"],"label":"Dickenson Road Medical Centre"},"geometry":{"type":"Polygon","coordinates":[[[-2.20104,53.42232],[-2.22113,53.42222],[-2.24413,53.43736],[-2.24361,53.44697],[-2.22456,53.47436],[-2.16019,53.45811],[-2.15212,53.45709],[-2.16843,53.43756],[-2.20104,53.42232]]]}},{"type":"Feature","properties":{"source_code":"P84689","codes":["P84689"],"label":"Manchester Integrative Medical Practice"},"geometry":{"type":"Polygon","coordinates":[[[-2.22274,53.47045],[-2.22201,53.4701],[-2.22135,53.46997],[-2.22002,53.46978],[-2.21759,53.46928],[-2.21497,53.46884],[-2.21243,53.46849],[-2.20265,53.46682],[-2.18128,53.46263],[-2.18187,53.46232],[-2.18207,53.46227],[-2.18221,53.46206],[-2.18172,53.46126],[-2.18105,53.46014],[-2.18102,53.45966],[-2.18104,53.45919],[-2.181,53.45838],[-2.18105,53.45746],[-2.18098,53.45573],[-2.18085,53.45402],[-2.18032,53.45231],[-2.17916,53.4489],[-2.17915,53.44811],[-2.17949,53.44753],[-2.1797,53.44601],[-2.18022,53.44573],[-2.18082,53.44561],[-2.18133,53.44489],[-2.18175,53.44408],[-2.18235,53.44311],[-2.18318,53.44326],[-2.18405,53.44319],[-2.18551,53.44343],[-2.18697,53.44369],[-2.18843,53.44406],[-2.19112,53.4445],[-2.19181,53.44419],[-2.19336,53.44399],[-2.19625,53.44395],[-2.1973,53.44373],[-2.19827,53.44331],[-2.2009,53.44285],[-2.20226,53.44257],[-2.2029,53.44238],[-2.20336,53.44198],[-2.20718,53.44177],[-2.211,53.44178],[-2.21482,53.44187],[-2.21864,53.44247],[-2.21866,53.44348],[-2.21842,53.44454],[-2.21806,53.44562],[-2.21847,53.44671],[-2.21993,53.44778],[-2.2207,53.44931],[-2.2225,53.45184],[-2.22298,53.45241],[-2.22341,53.45306],[-2.2247,53.45395],[-2.22598,53.45633],[-2.22686,53.45763],[-2.22766,53.45869],[-2.22839,53.46064],[-2.23071,53.46329],[-2.23215,53.46444],[-2.23333,53.46564],[-2.23225,53.46603],[-2.23198,53.46613],[-2.23175,53.46622],[-2.23157,53.46628],[-2.23029,53.46684],[-2.22767,53.46791],[-2.22531,53.46918],[-2.22407,53.46986],[-2.22274,53.47045]]]}},{"type":"Feature","properties":{"source_code":"Y02795","codes":["Y02795"],"label":"Middleton Health Centre"},"geometry":{"type":"Polygon","coordinates":[[[-2.14697,53.58772],[-2.14242,53.57187],[-2.16156,53.56376],[-2.16912,53.55153],[-2.16828,53.54225],[-2.15594,53.54165],[-2.15701,53.5337],[-2.16671,53.53536],[-2.17375,53.52847],[-2.17765,53.5281],[-2.1891,53.5312],[-2.20308,53.53433],[-2.20938,53.53956],[-2.21569,53.54031],[-2.22486,53.5414],[-2.24507,53.53536],[-2.25323,53.55693],[-2.26439,53.56764],[-2.26301,53.59179],[-2.26439,53.60728],[-2.26233,53.62062],[-2.29048,53.62845],[-2.29357,53.63914],[-2.2728,53.64555],[-2.26387,53.64382],[-2.25889,53.64006],[-2.24516,53.63619],[-2.2364,53.63151],[-2.22954,53.62957],[-2.20877,53.62642],[-2.19795,53.62224],[-2.19349,53.62265],[-2.18353,53.62174],[-2.17924,53.62265],[-2.17478,53.62102],[-2.17272,53.61756],[-2.16345,53.6141],[-2.16173,53.61756],[-2.15864,53.6195],[-2.15555,53.62123],[-2.15506,53.62126],[-2.15504,53.62051],[-2.15438,53.6213],[-2.15384,53.62133],[-2.15487,53.62163],[-2.15435,53.62133],[-2.15438,53.6213],[-2.15506,53.62126],[-2.15521,53.6256],[-2.15384,53.62917],[-2.15263,53.64352],[-2.14508,53.66641],[-2.13375,53.66326],[-2.12191,53.66692],[-2.09255,53.65695],[-2.08912,53.66051],[-2.05908,53.66437],[-2.03831,53.66346],[-2.02063,53.65318],[-2.01187,53.64576],[-2.01204,53.63029],[-2.02148,53.62917],[-2.02749,53.62896],[-2.04414,53.61664],[-2.04088,53.60422],[-2.05427,53.59037],[-2.08775,53.59424],[-2.09461,53.59189],[-2.10766,53.58975],[-2.11847,53.59057],[-2.1195,53.5866],[-2.14697,53.58772]]]}},{"type":"Feature","properties":{"source_code":"Y02520","codes":["Y02520"],"label":"Simpson Medical Practice"},"geometry":{"type":"Polygon","coordinates":[[[-2.20821,53.51291],[-2.19874,53.51546],[-2.18986,53.51934],[-2.18311,53.52269],[-2.17624,53.52567],[-2.168,53.52301],[-2.16677,53.51341],[-2.17808,53.50548],[-2.20036,53.50638],[-2.20821,53.51291]]]}},{"type":"Feature","properties":{"source_code":"P84027","codes":["P84027"],"label":"West Point Medical Centre"},"geometry":{"type":"MultiPolygon","coordinates":[[[[-2.18876,53.4125],[-2.18947,53.41254],[-2.19178,53.4128],[-2.19332,53.41298],[-2.19441,53.4132],[-2.19485,53.41329],[-2.18876,53.4125]]],[[[-2.19485,53.41329],[-2.19648,53.4135],[-2.19584,53.41348],[-2.19485,53.41329]]],[[[-2.18508,53.41202],[-2.17416,53.41061],[-2.18541,53.41212],[-2.18508,53.41202],[-2.18876,53.4125],[-2.18778,53.41244],[-2.23168,53.41833],[-2.2316,53.41803],[-2.19648,53.4135],[-2.19663,53.4135],[-2.19811,53.41346],[-2.19945,53.41341],[-2.20132,53.41287],[-2.20296,53.4126],[-2.20459,53.41234],[-2.20525,53.41221],[-2.20696,53.41157],[-2.20769,53.41141],[-2.20838,53.4114],[-2.20981,53.41153],[-2.21238,53.41162],[-2.21369,53.41165],[-2.21476,53.41154],[-2.21569,53.41139],[-2.21705,53.4112],[-2.21803,53.41105],[-2.21915,53.41086],[-2.21968,53.41076],[-2.22043,53.41059],[-2.22087,53.41036],[-2.22146,53.41038],[-2.22274,53.41039],[-2.22451,53.41037],[-2.22593,53.41036],[-2.22719,53.4103],[-2.22828,53.4102],[-2.2294,53.41029],[-2.23009,53.4104],[-2.2307,53.41074],[-2.2309,53.41164],[-2.23104,53.41308],[-2.23182,53.41417],[-2.23199,53.41445],[-2.23217,53.41483],[-2.23213,53.41512],[-2.23182,53.41612],[-2.23159,53.41759],[-2.23161,53.41803],[-2.23161,53.41803],[-2.23178,53.41865],[-2.23186,53.41898],[-2.23192,53.41927],[-2.23207,53.41988],[-2.23216,53.42041],[-2.2322,53.42063],[-2.23227,53.42103],[-2.23228,53.4212],[-2.23236,53.42173],[-2.23238,53.4219],[-2.23243,53.42248],[-2.23237,53.4229],[-2.23215,53.42338],[-2.23178,53.42377],[-2.23145,53.42405],[-2.23091,53.42449],[-2.23018,53.4251],[-2.22978,53.42559],[-2.22959,53.42585],[-2.22911,53.42651],[-2.22896,53.42676],[-2.22874,53.42717],[-2.22849,53.42762],[-2.22832,53.42793],[-2.22798,53.42869],[-2.22785,53.42902],[-2.22783,53.42957],[-2.22795,53.42983],[-2.22842,53.43037],[-2.2286,53.43066],[-2.22873,53.43094],[-2.22869,53.4315],[-2.22863,53.43205],[-2.22875,53.43264],[-2.22886,53.43302],[-2.22899,53.43311],[-2.22874,53.43339],[-2.22873,53.43347],[-2.22838,53.43387],[-2.22799,53.43442],[-2.22772,53.43475],[-2.2274,53.4351],[-2.22695,53.43536],[-2.2262,53.43568],[-2.22533,53.43601],[-2.22492,53.43618],[-2.22433,53.43654],[-2.22386,53.43686],[-2.22342,53.43716],[-2.22249,53.43776],[-2.22201,53.43807],[-2.22138,53.4385],[-2.22089,53.43899],[-2.22028,53.43965],[-2.21978,53.44022],[-2.21935,53.44073],[-2.21895,53.44128],[-2.21865,53.44177],[-2.21855,53.44214],[-2.21851,53.44255],[-2.21852,53.44263],[-2.21855,53.44311],[-2.21851,53.4432],[-2.21845,53.44361],[-2.21837,53.44409],[-2.21822,53.44455],[-2.21808,53.44499],[-2.21797,53.44561],[-2.21795,53.4459],[-2.21807,53.44627],[-2.21826,53.44669],[-2.21858,53.44704],[-2.21892,53.44729],[-2.21967,53.44788],[-2.2201,53.44857],[-2.22035,53.44913],[-2.22051,53.44946],[-2.22079,53.44983],[-2.22145,53.4506],[-2.222,53.4513],[-2.22235,53.45189],[-2.22177,53.452],[-2.2208,53.45218],[-2.22022,53.45226],[-2.21971,53.45227],[-2.21905,53.45238],[-2.21803,53.4526],[-2.21727,53.45268],[-2.21656,53.45271],[-2.21537,53.45297],[-2.21395,53.4533],[-2.21259,53.4536],[-2.21146,53.45384],[-2.2101,53.45416],[-2.20846,53.45451],[-2.20706,53.45481],[-2.20516,53.45524],[-2.20357,53.45558],[-2.2018,53.45599],[-2.20041,53.45632],[-2.19994,53.45651],[-2.19908,53.45694],[-2.19821,53.45719],[-2.19658,53.45754],[-2.19528,53.45781],[-2.19398,53.45809],[-2.19301,53.4583],[-2.19259,53.45833],[-2.19151,53.45835],[-2.19108,53.45841],[-2.19078,53.45791],[-2.19052,53.45742],[-2.1902,53.45636],[-2.18926,53.45473],[-2.18745,53.45367],[-2.18665,53.45338],[-2.18643,53.45301],[-2.18618,53.45266],[-2.18617,53.45186],[-2.18617,53.45105],[-2.18625,53.45018],[-2.18621,53.44966],[-2.18594,53.44954],[-2.18237,53.44998],[-2.17972,53.45034],[-2.17934,53.44909],[-2.17917,53.44873],[-2.17922,53.44811],[-2.17723,53.44848],[-2.17278,53.44799],[-2.17221,53.44762],[-2.17207,53.44723],[-2.17286,53.44617],[-2.17309,53.44576],[-2.17298,53.44554],[-2.17241,53.44448],[-2.17334,53.44397],[-2.17241,53.44444],[-2.17272,53.44426],[-2.17301,53.44412],[-2.17329,53.44396],[-2.17348,53.44389],[-2.1737,53.44377],[-2.17374,53.44374],[-2.17377,53.44373],[-2.17393,53.44364],[-2.17417,53.44217],[-2.17425,53.4412],[-2.17431,53.4395],[-2.17478,53.43739],[-2.17524,53.43463],[-2.17539,53.43416],[-2.17481,53.43388],[-2.17476,53.43323],[-2.17421,53.43284],[-2.17463,53.43259],[-2.17467,53.43158],[-2.17436,53.43041],[-2.17409,53.42945],[-2.17482,53.42904],[-2.17536,53.4285],[-2.17624,53.42763],[-2.17686,53.42707],[-2.1766,53.42669],[-2.17618,53.42608],[-2.17643,53.42647],[-2.17623,53.42616],[-2.17542,53.42497],[-2.1752,53.42466],[-2.17493,53.42433],[-2.17487,53.42419],[-2.17478,53.42407],[-2.17306,53.42182],[-2.17157,53.41955],[-2.17037,53.41763],[-2.16957,53.41643],[-2.16873,53.41506],[-2.16761,53.41317],[-2.16854,53.41261],[-2.17027,53.41171],[-2.17029,53.41154],[-2.17059,53.41144],[-2.17183,53.41071],[-2.17193,53.41032],[-2.17192,53.41032],[-2.17193,53.41032],[-2.17193,53.41031],[-2.17196,53.41031],[-2.1732,53.41016],[-2.17389,53.41004],[-2.17427,53.40983],[-2.17479,53.4098],[-2.17563,53.40985],[-2.17629,53.40974],[-2.17704,53.4097],[-2.1778,53.4097],[-2.17853,53.40979],[-2.17928,53.40997],[-2.18039,53.41027],[-2.18105,53.41045],[-2.18184,53.41066],[-2.18245,53.41089],[-2.18304,53.41115],[-2.18353,53.41139],[-2.18415,53.41169],[-2.18481,53.41194],[-2.18508,53.41202]]],[[[-2.17665,53.42674],[-2.17686,53.42707],[-2.17687,53.42706],[-2.17665,53.42674]]]]}},{"type":"Feature","properties":{"source_code":"P86019","codes":["P86019"],"label":"Durnford Medical Centre"},"geometry":{"type":"Polygon","coordinates":[[[-2.24704,53.52704],[-2.23434,53.56703],[-2.16087,53.5866],[-2.15778,53.52092],[-2.24704,53.52704]]]}},{"type":"Feature","properties":{"source_code":"P86015","codes":["P86015"],"label":"ROCHDALE ROAD MEDICAL CENTRE"},"geometry":{"type":"Polygon","coordinates":[[[-2.17272,53.59291],[-2.13591,53.55776],[-2.1159,53.56336],[-2.13485,53.55675],[-2.13077,53.55285],[-2.13032,53.55265],[-2.12976,53.55189],[-2.11761,53.54026],[-2.21555,53.51587],[-2.23334,53.52777],[-2.2425,53.52485],[-2.24396,53.52556],[-2.24559,53.52602],[-2.24274,53.53406],[-2.29292,53.56756],[-2.2567,53.58789],[-2.24027,53.5938],[-2.2143,53.59974],[-2.20805,53.61132],[-2.20025,53.61832],[-2.18729,53.61788],[-2.18395,53.61356],[-2.18036,53.60982],[-2.17272,53.59291]]]}},{"type":"Feature","properties":{"source_code":"P84041","codes":["P84041"],"label":"Cornerstone Family Practice"},"geometry":{"type":"MultiPolygon","coordinates":[[[[-2.2067,53.48585],[-2.20671,53.48582],[-2.20923,53.48628],[-2.2098,53.48641],[-2.20989,53.48644],[-2.2067,53.48585]]],[[[-2.20989,53.48644],[-2.21083,53.48662],[-2.21061,53.48673],[-2.20989,53.48644]]],[[[-2.21061,53.48673],[-2.21134,53.48702],[-2.209,53.48758],[-2.21061,53.48673]]],[[[-2.20645,53.48819],[-2.209,53.48758],[-2.20636,53.48896],[-2.20645,53.48819]]],[[[-2.21323,53.49244],[-2.2019,53.4908],[-2.18113,53.49907],[-2.17855,53.5003],[-2.16911,53.49724],[-2.16551,53.49703],[-2.15899,53.4956],[-2.15349,53.49479],[-2.13873,53.47569],[-2.15641,53.46608],[-2.19383,53.46588],[-2.1983,53.46577],[-2.22284,53.47047],[-2.21992,53.47528],[-2.21924,53.47875],[-2.22044,53.48202],[-2.21048,53.48651],[-2.20923,53.48628],[-2.20568,53.48549],[-2.20671,53.4858],[-2.20671,53.48582],[-2.20036,53.48467],[-2.2067,53.48585],[-2.20645,53.48819],[-2.20276,53.48907],[-2.21323,53.49244]]]]}},{"type":"Feature","properties":{"source_code":"P88013","codes":["P88013","P88013001"],"label":"Caritas General Practice Partnership"},"geometry":{"type":"Polygon","coordinates":[[[-2.16508,53.41112],[-2.16345,53.41035],[-2.16276,53.40948],[-2.15057,53.41403],[-2.14748,53.41485],[-2.13856,53.41547],[-2.0953,53.39541],[-2.09744,53.38988],[-2.09959,53.38271],[-2.09942,53.38108],[-2.10045,53.36756],[-2.11487,53.3651],[-2.12379,53.36623],[-2.13272,53.36612],[-2.1571,53.37206],[-2.17255,53.37104],[-2.1825,53.37206],[-2.19074,53.3778],[-2.19383,53.37647],[-2.20533,53.37416],[-2.21684,53.37186],[-2.21889,53.37985],[-2.22645,53.39193],[-2.22679,53.39827],[-2.2086,53.40175],[-2.19692,53.40319],[-2.19091,53.40636],[-2.18559,53.40749],[-2.17289,53.40912],[-2.16508,53.41112]]]}},{"type":"Feature","properties":{"source_code":"P84004","codes":["P84004"],"label":"Five Oaks Family Practice"},"geometry":{"type":"Polygon","coordinates":[[[-2.20997,53.47497],[-2.22507,53.48498],[-2.20757,53.49274],[-2.20345,53.49111],[-2.18388,53.49805],[-2.16637,53.48784],[-2.14199,53.48457],[-2.14165,53.47967],[-2.15504,53.47293],[-2.1571,53.46598],[-2.16946,53.46455],[-2.19418,53.46904],[-2.20997,53.47497]]]}},{"type":"Feature","properties":{"source_code":"P84053","codes":["P84053"],"label":"Ashcroft Surgery"},"geometry":{"type":"MultiPolygon","coordinates":[[[[-2.21395,53.41946],[-2.21701,53.41457],[-2.214,53.41948],[-2.21395,53.41946]]],[[[-2.19821,53.45502],[-2.19589,53.45392],[-2.19531,53.45328],[-2.18743,53.45514],[-2.18584,53.45485],[-2.18429,53.45302],[-2.18159,53.45268],[-2.18112,53.45263],[-2.18064,53.45248],[-2.17946,53.44913],[-2.17937,53.44807],[-2.17928,53.44808],[-2.17823,53.44821],[-2.17731,53.44837],[-2.17644,53.4478],[-2.17544,53.44768],[-2.17443,53.44772],[-2.17297,53.44786],[-2.17195,53.44758],[-2.17269,53.44562],[-2.17368,53.44406],[-2.1742,53.44195],[-2.17424,53.43946],[-2.17384,53.43799],[-2.17215,53.43663],[-2.17233,53.43576],[-2.17264,53.43539],[-2.17303,53.43515],[-2.17426,53.43424],[-2.17483,53.43377],[-2.17482,53.4335],[-2.17459,53.43322],[-2.1752,53.43291],[-2.17684,53.43332],[-2.17753,53.43392],[-2.17875,53.43441],[-2.18223,53.43543],[-2.18859,53.43475],[-2.19158,53.43502],[-2.19192,53.43306],[-2.19245,53.4308],[-2.19324,53.4286],[-2.19395,53.42756],[-2.1967,53.42869],[-2.20017,53.42655],[-2.20042,53.42564],[-2.20221,53.42338],[-2.20444,53.4217],[-2.20656,53.42047],[-2.20692,53.41864],[-2.20709,53.41824],[-2.20744,53.41788],[-2.2089,53.41765],[-2.21395,53.41946],[-2.21381,53.41969],[-2.20907,53.42953],[-2.20731,53.43295],[-2.20641,53.43636],[-2.20345,53.44308],[-2.1981,53.44582],[-2.19749,53.44741],[-2.19782,53.44901],[-2.19673,53.45185],[-2.19821,53.45502]]]]}},{"type":"Feature","properties":{"source_code":"P88014","codes":["P88014"],"label":"Adshall Road Medical Prac"},"geometry":{"type":"Polygon","coordinates":[[[-2.21059,53.37328],[-2.21176,53.37605],[-2.21749,53.38025],[-2.21869,53.38066],[-2.22066,53.38197],[-2.22237,53.38401],[-2.22357,53.3862],[-2.2251,53.38888],[-2.22564,53.39023],[-2.22607,53.39114],[-2.22598,53.39175],[-2.22253,53.39244],[-2.22054,53.3925],[-2.2193,53.39304],[-2.21788,53.39343],[-2.21647,53.39393],[-2.2149,53.39433],[-2.21406,53.39449],[-2.21293,53.39483],[-2.21136,53.39459],[-2.20803,53.39493],[-2.2067,53.39492],[-2.20484,53.39481],[-2.20383,53.39528],[-2.20266,53.39604],[-2.2014,53.39669],[-2.19247,53.40104],[-2.18744,53.39983],[-2.18692,53.39927],[-2.17462,53.38843],[-2.17754,53.38581],[-2.18045,53.38361],[-2.18441,53.38085],[-2.18634,53.38039],[-2.18804,53.38006],[-2.19034,53.37859],[-2.19519,53.37604],[-2.19898,53.37548],[-2.20264,53.37471],[-2.20469,53.37382],[-2.20648,53.37324],[-2.21059,53.37328]]]}},{"type":"Feature","properties":{"source_code":"P84644","codes":["P84644"],"label":"Parkside Surgery"},"geometry":{"type":"Polygon","coordinates":[[[-2.19113,53.45844],[-2.1911,53.45838],[-2.19091,53.45842],[-2.19016,53.45656],[-2.18986,53.45567],[-2.18746,53.45511],[-2.18684,53.45474],[-2.18657,53.45437],[-2.18654,53.45384],[-2.18641,53.45295],[-2.18635,53.45268],[-2.18623,53.45234],[-2.1858,53.45066],[-2.18589,53.45095],[-2.18556,53.44882],[-2.18553,53.44879],[-2.18555,53.44875],[-2.18534,53.44738],[-2.18673,53.44709],[-2.18876,53.44664],[-2.18992,53.44634],[-2.19085,53.44607],[-2.19146,53.44586],[-2.19143,53.44527],[-2.19143,53.44482],[-2.19151,53.44436],[-2.1916,53.44435],[-2.1916,53.44426],[-2.19369,53.44402],[-2.19507,53.44404],[-2.19572,53.44398],[-2.19751,53.4437],[-2.19772,53.4436],[-2.19833,53.4434],[-2.19898,53.44326],[-2.20542,53.4418],[-2.20605,53.44361],[-2.20626,53.44515],[-2.20709,53.44742],[-2.20731,53.44794],[-2.20753,53.44837],[-2.21194,53.45402],[-2.20232,53.45603],[-2.20006,53.45658],[-2.19938,53.45696],[-2.1987,53.45714],[-2.19764,53.45744],[-2.19735,53.4575],[-2.19647,53.45767],[-2.19547,53.45789],[-2.19448,53.45806],[-2.19363,53.4583],[-2.19295,53.45839],[-2.19113,53.45844]]]}},{"type":"Feature","properties":{"source_code":"P88007","codes":["P88007","P88007001"],"label":"Cheadle Hulme Medical Group"},"geometry":{"type":"Polygon","coordinates":[[[-2.211,53.37319],[-2.2098,53.37442],[-2.20757,53.37708],[-2.20413,53.37862],[-2.2019,53.3789],[-2.2018,53.37893],[-2.20179,53.37889],[-2.20178,53.37894],[-2.2018,53.37893],[-2.20188,53.37944],[-2.20277,53.38071],[-2.20387,53.38169],[-2.20615,53.38213],[-2.21068,53.38265],[-2.2031,53.38763],[-2.20287,53.38814],[-2.20212,53.38925],[-2.19993,53.38944],[-2.19435,53.38618],[-2.19302,53.38797],[-2.19289,53.38887],[-2.19224,53.38953],[-2.18825,53.38791],[-2.18415,53.38737],[-2.18538,53.38617],[-2.18023,53.38581],[-2.18031,53.38684],[-2.17546,53.3866],[-2.16615,53.38962],[-2.16205,53.39103],[-2.15761,53.39213],[-2.15508,53.39167],[-2.15315,53.3909],[-2.15315,53.38364],[-2.15715,53.38093],[-2.16047,53.37919],[-2.16195,53.37552],[-2.15971,53.37383],[-2.16184,53.36958],[-2.16212,53.36407],[-2.16221,53.36304],[-2.16247,53.36206],[-2.1654,53.3582],[-2.16482,53.35196],[-2.15744,53.34512],[-2.15916,53.34256],[-2.16413,53.34205],[-2.16701,53.34071],[-2.17403,53.33793],[-2.19813,53.34179],[-2.18124,53.35142],[-2.1867,53.35232],[-2.18939,53.35295],[-2.19173,53.35368],[-2.19915,53.35926],[-2.20259,53.36315],[-2.20894,53.36561],[-2.2104,53.3693],[-2.211,53.37319]]]}},{"type":"Feature","properties":{"source_code":"P84025","codes":["P84025"],"label":"St George's Medical Centre"},"geometry":{"type":"Polygon","coordinates":[[[-2.20928,53.53623],[-2.19555,53.545],[-2.13753,53.5452],[-2.17667,53.49989],[-2.21134,53.50561],[-2.25014,53.52235],[-2.2419,53.54133],[-2.19692,53.54643],[-2.20928,53.53623]]]}},{"type":"Feature","properties":{"source_code":"P84016","codes":["P84016"],"label":"Levenshulme Medical Practice"},"geometry":{"type":"MultiPolygon","coordinates":[[[[-2.20851,53.451],[-2.20876,53.45071],[-2.2086,53.45091],[-2.20851,53.451]]],[[[-2.20851,53.451],[-2.20843,53.4511],[-2.20868,53.45106],[-2.20842,53.45135],[-2.20842,53.45136],[-2.20834,53.45148],[-2.20842,53.45167],[-2.20752,53.45268],[-2.20688,53.45361],[-2.20251,53.45435],[-2.20093,53.45476],[-2.19885,53.45537],[-2.1975,53.45457],[-2.19521,53.45351],[-2.19525,53.45343],[-2.19521,53.45341],[-2.19523,53.45337],[-2.19473,53.45345],[-2.19469,53.45351],[-2.19085,53.45423],[-2.1889,53.45474],[-2.18874,53.45462],[-2.18868,53.45463],[-2.18867,53.45456],[-2.18735,53.45356],[-2.18763,53.44963],[-2.18027,53.45003],[-2.18044,53.44594],[-2.17953,53.44585],[-2.17958,53.44597],[-2.17336,53.44546],[-2.17405,53.44139],[-2.17426,53.43828],[-2.17476,53.43629],[-2.17478,53.43603],[-2.17486,53.43585],[-2.17495,53.43551],[-2.17499,53.4356],[-2.17821,53.42887],[-2.1928,53.42304],[-2.21048,53.42692],[-2.20581,53.43855],[-2.20448,53.44247],[-2.20831,53.45112],[-2.20843,53.4511],[-2.20846,53.45106],[-2.20851,53.451]]],[[[-2.1953,53.45325],[-2.19702,53.45014],[-2.1949,53.4532],[-2.19512,53.45315],[-2.1953,53.45325]]],[[[-2.18363,53.46005],[-2.188,53.45914],[-2.18363,53.46007],[-2.18363,53.46005]]],[[[-2.18363,53.46005],[-2.18164,53.46046],[-2.18362,53.46],[-2.18363,53.46005]]]]}},{"type":"Feature","properties":{"source_code":"Y00726","codes":["Y00726"],"label":"The Hive Health Centre"},"geometry":{"type":"Polygon","coordinates":[[[-2.14542,53.55561],[-2.16019,53.52806],[-2.20688,53.53827],[-2.25357,53.54847],[-2.19144,53.5817],[-2.16293,53.58293],[-2.15641,53.56356],[-2.14542,53.55561]]]}},{"type":"Feature","properties":{"source_code":"Y02325","codes":["Y02325"],"label":"Charlestown MD"},"geometry":{"type":"Polygon","coordinates":[[[-2.20842,53.53357],[-2.17993,53.52651],[-2.18083,53.52666],[-2.17637,53.52544],[-2.17602,53.52518],[-2.17632,53.52516],[-2.18207,53.52271],[-2.18246,53.5225],[-2.21198,53.52175],[-2.2143,53.52141],[-2.21214,53.52175],[-2.21561,53.52166],[-2.20842,53.53357]]]}},{"type":"Feature","properties":{"source_code":"P86606","codes":["P86606","P86606001"],"label":"Family Practice"},"geometry":{"type":"Polygon","coordinates":[[[-2.09178,53.59558],[-2.09255,53.5923],[-2.09032,53.5974],[-2.0886,53.58772],[-2.09822,53.57457],[-2.11693,53.56376],[-2.11377,53.56802],[-2.1183,53.56234],[-2.13856,53.55744],[-2.15881,53.52888],[-2.17426,53.52827],[-2.19418,53.53062],[-2.20585,53.53363],[-2.21203,53.54072],[-2.24533,53.54276],[-2.25632,53.55051],[-2.23761,53.56417],[-2.21409,53.57294],[-2.18834,53.58333],[-2.16053,53.58558],[-2.11006,53.60208],[-2.09049,53.59719],[-2.09178,53.59558]]]}},{"type":"Feature","properties":{"source_code":"P84032","codes":["P84032"],"label":"Drs Hanif & Bannuru"},"geometry":{"type":"Polygon","coordinates":[[[-2.21572,53.49382],[-2.19486,53.50081],[-2.17564,53.50357],[-2.17255,53.50479],[-2.16843,53.50602],[-2.16122,53.50888],[-2.15487,53.51153],[-2.14439,53.5199],[-2.13684,53.5148],[-2.13478,53.50969],[-2.13392,53.50786],[-2.13083,53.50377],[-2.12654,53.49846],[-2.12208,53.49499],[-2.11899,53.49142],[-2.11624,53.48662],[-2.11693,53.48151],[-2.11899,53.47911],[-2.12345,53.47691],[-2.13976,53.46904],[-2.14053,53.46547],[-2.1389,53.46199],[-2.13753,53.4578],[-2.15126,53.45801],[-2.15864,53.45811],[-2.16774,53.46026],[-2.17461,53.46148],[-2.18508,53.46373],[-2.19624,53.46537],[-2.19567,53.46579],[-2.19521,53.46547],[-2.19555,53.46588],[-2.19567,53.46579],[-2.19581,53.46588],[-2.19722,53.46588],[-2.20018,53.46639],[-2.21538,53.46899],[-2.21684,53.47625],[-2.21795,53.47819],[-2.22027,53.47855],[-2.22198,53.47959],[-2.22353,53.48069],[-2.22902,53.48309],[-2.23186,53.48488],[-2.22271,53.4882],[-2.21789,53.49231],[-2.21715,53.49296],[-2.21572,53.49382]]]}},{"type":"Feature","properties":{"source_code":"P84051","codes":["P84051"],"label":"Eastlands Medical Centre"},"geometry":{"type":"Polygon","coordinates":[[[-2.13015,53.47824],[-2.14002,53.4754],[-2.14633,53.47583],[-2.15461,53.47482],[-2.17074,53.4728],[-2.19469,53.47425],[-2.20568,53.48896],[-2.17718,53.5004],[-2.16516,53.4917],[-2.13461,53.49116],[-2.13015,53.47824]]]}},{"type":"Feature","properties":{"source_code":"P84637","codes":["P84637"],"label":"Dr Khan's Practice"},"geometry":{"type":"Polygon","coordinates":[[[-2.16671,53.49601],[-2.11693,53.48253],[-2.16087,53.46925],[-2.19521,53.46639],[-2.22061,53.47947],[-2.22057,53.47948],[-2.22198,53.48008],[-2.21604,53.48198],[-2.22404,53.48008],[-2.2316,53.48539],[-2.20619,53.49887],[-2.17873,53.50255],[-2.16671,53.49601]],[[-2.19559,53.48723],[-2.19616,53.48702],[-2.19538,53.48709],[-2.19559,53.48723]],[[-2.19641,53.48702],[-2.19648,53.487],[-2.19627,53.48701],[-2.19641,53.48702]],[[-2.19463,53.48656],[-2.19439,53.4864],[-2.19419,53.48671],[-2.19463,53.48656]]]}},{"type":"Feature","properties":{"source_code":"P84070","codes":["P84070"],"label":"Newton Heath Medical Centre"},"geometry":{"type":"Polygon","coordinates":[[[-2.19658,53.50056],[-2.19357,53.50668],[-2.19126,53.50969],[-2.18774,53.51255],[-2.1837,53.5149],[-2.17993,53.51857],[-2.1771,53.52276],[-2.17632,53.52551],[-2.17598,53.52755],[-2.1716,53.5275],[-2.16448,53.52812],[-2.15967,53.52699],[-2.15435,53.52332],[-2.14774,53.52158],[-2.13933,53.5174],[-2.13675,53.51475],[-2.12766,53.5001],[-2.13624,53.49499],[-2.16422,53.49295],[-2.18782,53.49244],[-2.191,53.49453],[-2.19658,53.50056]]]}},{"type":"Feature","properties":{"source_code":"P86010","codes":["P86010","P86010001"],"label":"Alkrington Junction Practice"},"geometry":{"type":"Polygon","coordinates":[[[-2.14113,53.5554],[-2.14628,53.54582],[-2.14886,53.54357],[-2.15332,53.53276],[-2.17461,53.53317],[-2.17632,53.52562],[-2.1904,53.52959],[-2.20808,53.53204],[-2.20636,53.53419],[-2.20087,53.54112],[-2.20036,53.54663],[-2.19452,53.54857],[-2.19658,53.55163],[-2.19641,53.55438],[-2.19555,53.55785],[-2.19332,53.55816],[-2.1892,53.56091],[-2.18388,53.56397],[-2.17993,53.56743],[-2.17924,53.56978],[-2.17478,53.57131],[-2.15178,53.55734],[-2.14113,53.5554]]]}},{"type":"Feature","properties":{"source_code":"P86009","codes":["P86009"],"label":"Castleton Health Centre"},"geometry":{"type":"Polygon","coordinates":[[[-2.21508,53.60621],[-2.21327,53.60919],[-2.20877,53.61306],[-2.20787,53.61479],[-2.20538,53.61726],[-2.18825,53.61621],[-2.18194,53.61316],[-2.18233,53.60995],[-2.16345,53.60891],[-2.15693,53.61018],[-2.15482,53.60885],[-2.15474,53.60771],[-2.15323,53.60722],[-2.1519,53.60689],[-2.15044,53.60557],[-2.14731,53.60402],[-2.14654,53.60409],[-2.14568,53.60081],[-2.14581,53.59915],[-2.14401,53.59421],[-2.14173,53.59151],[-2.15328,53.58774],[-2.15954,53.57796],[-2.17512,53.57217],[-2.17577,53.57487],[-2.17937,53.5884],[-2.1898,53.58942],[-2.20619,53.59475],[-2.20566,53.60099],[-2.20685,53.60517],[-2.2077,53.60737],[-2.21508,53.60621]]]}},{"type":"Feature","properties":{"source_code":"P84050","codes":["P84050"],"label":"Mount Road Surgery"},"geometry":{"type":"MultiPolygon","coordinates":[[[[-2.16673,53.45416],[-2.16662,53.45416],[-2.16743,53.45411],[-2.16673,53.45416]]],[[[-2.16662,53.45416],[-2.16412,53.45431],[-2.16613,53.45417],[-2.16662,53.45416]]],[[[-2.18143,53.46262],[-2.16202,53.45902],[-2.15975,53.458],[-2.15862,53.45766],[-2.15861,53.45776],[-2.15144,53.45766],[-2.15397,53.4565],[-2.15843,53.45465],[-2.16412,53.45431],[-2.15859,53.45469],[-2.16673,53.45416],[-2.16784,53.45413],[-2.1689,53.45302],[-2.16873,53.45282],[-2.17244,53.45191],[-2.1739,53.45135],[-2.1798,53.45033],[-2.18081,53.45319],[-2.18102,53.45379],[-2.18351,53.45376],[-2.18424,53.45389],[-2.1863,53.45411],[-2.18757,53.45366],[-2.1884,53.45411],[-2.1884,53.45435],[-2.1893,53.4547],[-2.1901,53.45594],[-2.19053,53.45742],[-2.19235,53.46046],[-2.19016,53.46096],[-2.1886,53.46111],[-2.18615,53.46158],[-2.18439,53.46215],[-2.18308,53.46249],[-2.18229,53.46226],[-2.18143,53.46262]]]]}},{"type":"Feature","properties":{"source_code":"P84047","codes":["P84047","P84047001"],"label":"All Saints Medical Centre"},"geometry":{"type":"Polygon","coordinates":[[[-2.13186,53.50643],[-2.13083,53.48917],[-2.1456,53.48958],[-2.21821,53.4859],[-2.21718,53.50683],[-2.1789,53.52296],[-2.16259,53.52827],[-2.15328,53.5223],[-2.14156,53.51837],[-2.13186,53.50643]]]}},{"type":"Feature","properties":{"source_code":"P84028","codes":["P84028"],"label":"Gorton Medical Centre"},"geometry":{"type":"MultiPolygon","coordinates":[[[[-2.16872,53.46035],[-2.16682,53.45996],[-2.16776,53.46011],[-2.16872,53.46035]]],[[[-2.16872,53.46035],[-2.16996,53.46061],[-2.16894,53.46041],[-2.16872,53.46035]]],[[[-2.16996,53.46061],[-2.17036,53.46069],[-2.17069,53.46076],[-2.16996,53.46061]]],[[[-2.15684,53.46403],[-2.15495,53.46473],[-2.15547,53.46434],[-2.15684,53.46403]]],[[[-2.15684,53.46403],[-2.16212,53.46209],[-2.162,53.46218],[-2.16233,53.46207],[-2.16258,53.46196],[-2.16208,53.46201],[-2.16259,53.46186],[-2.16298,53.46158],[-2.16417,53.46124],[-2.16443,53.46112],[-2.16453,53.46101],[-2.16462,53.46057],[-2.16452,53.46013],[-2.1644,53.45986],[-2.16418,53.45957],[-2.16428,53.45958],[-2.16426,53.45953],[-2.16447,53.4596],[-2.16516,53.45967],[-2.1654,53.45973],[-2.1657,53.45973],[-2.16853,53.46038],[-2.16858,53.46039],[-2.16903,53.46046],[-2.17019,53.46066],[-2.17105,53.46089],[-2.17107,53.46089],[-2.17197,53.46107],[-2.17195,53.46107],[-2.17228,53.46111],[-2.17177,53.461],[-2.17069,53.46076],[-2.17346,53.46134],[-2.173,53.46127],[-2.17349,53.4614],[-2.17454,53.46156],[-2.17346,53.46134],[-2.17452,53.46149],[-2.17604,53.46172],[-2.17955,53.46241],[-2.17963,53.46233],[-2.17988,53.46248],[-2.18025,53.46255],[-2.18064,53.46262],[-2.18076,53.46285],[-2.18037,53.46277],[-2.18057,53.46289],[-2.18071,53.46293],[-2.18087,53.46286],[-2.18115,53.46306],[-2.18134,53.46312],[-2.18167,53.46344],[-2.1837,53.46493],[-2.18525,53.46759],[-2.18319,53.46759],[-2.18181,53.4675],[-2.18162,53.46752],[-2.18044,53.46963],[-2.17695,53.46907],[-2.17401,53.46881],[-2.17193,53.4687],[-2.17014,53.46871],[-2.16735,53.46889],[-2.16716,53.46894],[-2.16688,53.46902],[-2.16684,53.46902],[-2.16658,53.46909],[-2.16672,53.46903],[-2.16592,53.46907],[-2.16547,53.46917],[-2.16658,53.46904],[-2.16242,53.46971],[-2.16027,53.47007],[-2.15887,53.4702],[-2.15817,53.47032],[-2.15762,53.47032],[-2.15757,53.47032],[-2.15585,53.47042],[-2.15469,53.47058],[-2.15259,53.47058],[-2.15188,53.47005],[-2.1516,53.46991],[-2.15158,53.46974],[-2.15145,53.46972],[-2.15125,53.46973],[-2.15157,53.46958],[-2.15156,53.46948],[-2.15178,53.46876],[-2.15218,53.46773],[-2.15268,53.46593],[-2.15274,53.46589],[-2.15274,53.46586],[-2.15276,53.46588],[-2.15291,53.46579],[-2.15298,53.46567],[-2.15418,53.46496],[-2.15446,53.46489],[-2.15478,53.4647],[-2.15496,53.46476],[-2.15508,53.46473],[-2.15611,53.46437],[-2.15718,53.46401],[-2.15822,53.46373],[-2.15753,53.46388],[-2.15684,53.46403]]],[[[-2.17811,53.4623],[-2.17664,53.462],[-2.17735,53.4623],[-2.17811,53.4623]]]]}},{"type":"Feature","properties":{"source_code":"P88011","codes":["P88011"],"label":"Heaton Norris Medical Practice"},"geometry":{"type":"Polygon","coordinates":[[[-2.14248,53.41406],[-2.14248,53.41406],[-2.14226,53.41397],[-2.14236,53.41394],[-2.14246,53.41398],[-2.14241,53.41392],[-2.14236,53.41394],[-2.14161,53.41363],[-2.14178,53.41363],[-2.14326,53.41248],[-2.14188,53.41129],[-2.13957,53.41027],[-2.13937,53.40977],[-2.13833,53.40973],[-2.13586,53.4067],[-2.13221,53.40751],[-2.12785,53.40605],[-2.12884,53.40451],[-2.12806,53.40374],[-2.12981,53.39766],[-2.13166,53.39632],[-2.12465,53.39123],[-2.12473,53.38416],[-2.126,53.38382],[-2.12753,53.38405],[-2.13081,53.38178],[-2.13693,53.38444],[-2.14228,53.38481],[-2.14475,53.38088],[-2.15201,53.38167],[-2.15482,53.38224],[-2.15644,53.3843],[-2.16104,53.38654],[-2.16381,53.38626],[-2.17199,53.38719],[-2.17523,53.38669],[-2.18072,53.38691],[-2.18367,53.39005],[-2.1861,53.39651],[-2.18755,53.39945],[-2.18145,53.39895],[-2.1805,53.40136],[-2.18235,53.40938],[-2.19899,53.40669],[-2.20048,53.40683],[-2.20118,53.40757],[-2.20157,53.40841],[-2.20501,53.40737],[-2.20663,53.40676],[-2.20778,53.40951],[-2.20865,53.40989],[-2.21038,53.41003],[-2.21178,53.41024],[-2.21237,53.41034],[-2.21489,53.40978],[-2.21488,53.41135],[-2.21131,53.42081],[-2.20727,53.42013],[-2.20523,53.4216],[-2.19872,53.42435],[-2.19027,53.42871],[-2.17182,53.44725],[-2.16807,53.44934],[-2.16356,53.45062],[-2.16117,53.45103],[-2.16058,53.45226],[-2.15785,53.45228],[-2.15547,53.45251],[-2.15456,53.45053],[-2.1525,53.44987],[-2.1516,53.44983],[-2.15195,53.4474],[-2.15238,53.44525],[-2.14482,53.44362],[-2.1477,53.44173],[-2.14755,53.44159],[-2.13986,53.43773],[-2.13909,53.43661],[-2.13787,53.43485],[-2.13571,53.43465],[-2.12237,53.42901],[-2.12977,53.42567],[-2.13095,53.42402],[-2.13073,53.42274],[-2.13922,53.41519],[-2.14122,53.41478],[-2.14273,53.41448],[-2.14248,53.41406],[-2.1425,53.41407],[-2.14249,53.414],[-2.14245,53.41401],[-2.14249,53.41405],[-2.14248,53.41406]]]}},{"type":"Feature","properties":{"source_code":"P88041","codes":["P88041"],"label":"THE VILLAGE SURGERY"},"geometry":{"type":"Polygon","coordinates":[[[-2.13156,53.38192],[-2.14637,53.37232],[-2.13426,53.36889],[-2.12882,53.36874],[-2.12457,53.36746],[-2.1289,53.36295],[-2.13478,53.35946],[-2.13687,53.35776],[-2.13898,53.35623],[-2.13942,53.35587],[-2.13983,53.35541],[-2.14088,53.35476],[-2.14199,53.35413],[-2.14387,53.35304],[-2.14573,53.35161],[-2.14606,53.35105],[-2.14627,53.35078],[-2.1468,53.35049],[-2.14836,53.34988],[-2.14902,53.34975],[-2.14968,53.34954],[-2.15098,53.34844],[-2.15132,53.34814],[-2.14951,53.34657],[-2.14797,53.34493],[-2.14677,53.34401],[-2.14497,53.34309],[-2.14411,53.34283],[-2.14574,53.34135],[-2.14708,53.34013],[-2.14914,53.3387],[-2.1512,53.33655],[-2.1512,53.33409],[-2.15189,53.33224],[-2.15223,53.3305],[-2.15223,53.32906],[-2.15378,53.32794],[-2.15841,53.32937],[-2.1603,53.32804],[-2.16304,53.32824],[-2.16579,53.32948],[-2.16836,53.33029],[-2.16956,53.33142],[-2.17145,53.33173],[-2.1742,53.33132],[-2.17711,53.33132],[-2.17917,53.33081],[-2.18192,53.33194],[-2.18363,53.33286],[-2.18604,53.33368],[-2.18827,53.3345],[-2.18964,53.33634],[-2.19084,53.33757],[-2.19256,53.3385],[-2.19462,53.33901],[-2.19307,53.34013],[-2.19204,53.34126],[-2.19101,53.3426],[-2.19108,53.34348],[-2.1904,53.3443],[-2.19143,53.34533],[-2.19125,53.34543],[-2.19022,53.34604],[-2.19074,53.34676],[-2.18799,53.34809],[-2.1881,53.34895],[-2.18707,53.35018],[-2.18604,53.35182],[-2.18569,53.35315],[-2.1852,53.35528],[-2.19193,53.35846],[-2.18998,53.35834],[-2.18856,53.35771],[-2.18518,53.35539],[-2.18502,53.35606],[-2.1931,53.36121],[-2.19226,53.36313],[-2.19125,53.36444],[-2.19013,53.36661],[-2.1914,53.36874],[-2.19197,53.36976],[-2.19191,53.37086],[-2.19235,53.3714],[-2.19252,53.37194],[-2.19207,53.37234],[-2.19134,53.3728],[-2.19143,53.37349],[-2.18285,53.38096],[-2.17332,53.37961],[-2.17056,53.37907],[-2.16961,53.37821],[-2.1695,53.37758],[-2.16173,53.37677],[-2.15737,53.38108],[-2.15113,53.38436],[-2.14199,53.3865],[-2.13156,53.38192]]]}},{"type":"Feature","properties":{"source_code":"P84059","codes":["P84059"],"label":"Lime Square Medical Centre"},"geometry":{"type":"MultiPolygon","coordinates":[[[[-2.19585,53.46561],[-2.19573,53.46554],[-2.19574,53.46554],[-2.19589,53.46562],[-2.19585,53.46561]]],[[[-2.19572,53.46557],[-2.19585,53.46561],[-2.19587,53.46562],[-2.19365,53.46987],[-2.19366,53.4703],[-2.19392,53.47457],[-2.19306,53.47884],[-2.1948,53.48195],[-2.19774,53.48616],[-2.19634,53.487],[-2.19056,53.48714],[-2.19027,53.4881],[-2.18962,53.4886],[-2.18804,53.48912],[-2.18737,53.48932],[-2.18666,53.48914],[-2.18541,53.48926],[-2.18203,53.48922],[-2.18097,53.48907],[-2.1799,53.48912],[-2.17888,53.48931],[-2.17843,53.48937],[-2.17631,53.48971],[-2.17134,53.4888],[-2.16639,53.48939],[-2.16643,53.48984],[-2.16578,53.49016],[-2.16609,53.49044],[-2.16623,53.49078],[-2.16626,53.49097],[-2.16612,53.49125],[-2.16626,53.49181],[-2.16601,53.49227],[-2.16478,53.49256],[-2.16283,53.49192],[-2.16002,53.49173],[-2.15268,53.4918],[-2.14921,53.49189],[-2.14673,53.49167],[-2.14331,53.48966],[-2.1398,53.48911],[-2.13048,53.49244],[-2.12531,53.48997],[-2.12491,53.48691],[-2.12862,53.48498],[-2.12743,53.48197],[-2.12347,53.48149],[-2.12502,53.47958],[-2.12591,53.47916],[-2.12711,53.47886],[-2.13055,53.47763],[-2.1299,53.47699],[-2.12876,53.476],[-2.12329,53.47522],[-2.12011,53.47633],[-2.11857,53.4744],[-2.11841,53.47282],[-2.11839,53.47283],[-2.11966,53.47117],[-2.12054,53.4701],[-2.1212,53.46927],[-2.12608,53.47119],[-2.13185,53.47263],[-2.13538,53.47127],[-2.1382,53.46979],[-2.14,53.46763],[-2.14037,53.46528],[-2.13972,53.46294],[-2.14287,53.46065],[-2.14681,53.45974],[-2.14886,53.46092],[-2.15051,53.46171],[-2.15139,53.46235],[-2.15444,53.4644],[-2.1575,53.46289],[-2.15852,53.46223],[-2.16025,53.46077],[-2.16044,53.45852],[-2.16321,53.4594],[-2.16624,53.45982],[-2.17268,53.46114],[-2.18405,53.46323],[-2.18988,53.46426],[-2.19289,53.46483],[-2.19435,53.46508],[-2.19536,53.46533],[-2.19574,53.46553],[-2.19574,53.46554],[-2.19568,53.46551],[-2.19573,53.46554],[-2.19572,53.46557]]]]}},{"type":"Feature","properties":{"source_code":"P88015","codes":["P88015"],"label":"BRAMHALL HEALTH CENTRE"},"geometry":{"type":"Polygon","coordinates":[[[-2.12671,53.34363],[-2.12937,53.34333],[-2.13375,53.34968],[-2.13796,53.34942],[-2.14087,53.34461],[-2.15289,53.33256],[-2.15847,53.32882],[-2.17306,53.33805],[-2.18963,53.33077],[-2.19332,53.33103],[-2.19555,53.33323],[-2.20181,53.34005],[-2.19898,53.34338],[-2.19924,53.34635],[-2.20113,53.34871],[-2.20096,53.35219],[-2.19984,53.35491],[-2.19864,53.35926],[-2.19984,53.36197],[-2.20336,53.36423],[-2.20739,53.36607],[-2.20525,53.37334],[-2.20199,53.37468],[-2.19847,53.37539],[-2.19546,53.37601],[-2.19375,53.37667],[-2.19057,53.37841],[-2.1886,53.37616],[-2.18366,53.37759],[-2.18473,53.37913],[-2.17701,53.38072],[-2.16465,53.38538],[-2.15993,53.38369],[-2.15727,53.38517],[-2.15796,53.38614],[-2.15838,53.38737],[-2.15899,53.38758],[-2.16096,53.39131],[-2.15761,53.39203],[-2.15671,53.39211],[-2.15452,53.39154],[-2.15302,53.39096],[-2.14469,53.38753],[-2.14272,53.38878],[-2.14152,53.38937],[-2.14096,53.38975],[-2.1386,53.38922],[-2.13551,53.38835],[-2.13246,53.38707],[-2.12611,53.38369],[-2.12379,53.38151],[-2.12165,53.37982],[-2.12015,53.37946],[-2.11847,53.3789],[-2.11757,53.37813],[-2.11646,53.37734],[-2.11547,53.37667],[-2.1138,53.37555],[-2.11349,53.37491],[-2.11302,53.37119],[-2.11332,53.3692],[-2.11345,53.36776],[-2.11375,53.36646],[-2.11414,53.36546],[-2.12568,53.36577],[-2.12706,53.3651],[-2.12744,53.36474],[-2.12809,53.36397],[-2.12856,53.36328],[-2.12907,53.36285],[-2.13002,53.36226],[-2.13088,53.36149],[-2.13173,53.36057],[-2.13255,53.3599],[-2.13654,53.35457],[-2.12894,53.35135],[-2.12658,53.35109],[-2.12225,53.35127],[-2.12049,53.3514],[-2.12199,53.34924],[-2.12337,53.34714],[-2.12388,53.34597],[-2.12457,53.34517],[-2.1256,53.34453],[-2.12671,53.34363]]]}},{"type":"Feature","properties":{"source_code":"P84042","codes":["P84042"],"label":"Florence House Medical Practice"},"geometry":{"type":"Polygon","coordinates":[[[-2.12929,53.47826],[-2.1256,53.47613],[-2.13285,53.47341],[-2.13727,53.47184],[-2.14401,53.46816],[-2.15727,53.45819],[-2.15201,53.45794],[-2.1584,53.45824],[-2.15857,53.45825],[-2.15727,53.45817],[-2.15911,53.45822],[-2.162,53.45919],[-2.16497,53.4597],[-2.17126,53.46105],[-2.17159,53.46149],[-2.17172,53.46219],[-2.17204,53.46399],[-2.17261,53.46663],[-2.17564,53.47303],[-2.19072,53.4739],[-2.18374,53.48115],[-2.17184,53.47982],[-2.17079,53.4819],[-2.12929,53.47826]]]}},{"type":"Feature","properties":{"source_code":"P88016","codes":["P88016","P88016001"],"label":"Bramhall & Shaw Heath Medical Group"},"geometry":{"type":"Polygon","coordinates":[[[-2.20396,53.39566],[-2.16765,53.41117],[-2.16233,53.40268],[-2.15873,53.40523],[-2.11315,53.37493],[-2.11315,53.36797],[-2.16019,53.37391],[-2.16534,53.35834],[-2.18559,53.36797],[-2.18182,53.37206],[-2.18937,53.378],[-2.17976,53.38681],[-2.20396,53.39566]]]}},{"type":"Feature","properties":{"source_code":"P84067","codes":["P84067"],"label":"Hazeldene Medical Centre"},"geometry":{"type":"Polygon","coordinates":[[[-2.18697,53.50244],[-2.19109,53.51454],[-2.19722,53.52336],[-2.20508,53.52416],[-2.21203,53.53041],[-2.21649,53.53745],[-2.17701,53.52827],[-2.17358,53.54235],[-2.16997,53.54],[-2.16113,53.53985],[-2.15705,53.53681],[-2.15261,53.53443],[-2.15072,53.53325],[-2.14953,53.53158],[-2.1465,53.53118],[-2.14617,53.53074],[-2.14209,53.52923],[-2.14015,53.5283],[-2.13877,53.52766],[-2.13391,53.52092],[-2.13732,53.52012],[-2.14254,53.51883],[-2.1388,53.50879],[-2.1562,53.50428],[-2.15816,53.50422],[-2.15996,53.50493],[-2.16132,53.50696],[-2.16556,53.50422],[-2.17305,53.50384],[-2.18597,53.50215],[-2.18697,53.50244]]]}},{"type":"Feature","properties":{"source_code":"P88018","codes":["P88018"],"label":"Park View Group Practice"},"geometry":{"type":"Polygon","coordinates":[[[-2.13766,53.45683],[-2.13582,53.45258],[-2.145,53.4436],[-2.14448,53.44365],[-2.14478,53.44359],[-2.14489,53.44361],[-2.14489,53.43828],[-2.1459,53.43103],[-2.14489,53.42405],[-2.15153,53.4186],[-2.15217,53.41913],[-2.15519,53.41962],[-2.15851,53.41907],[-2.16347,53.41878],[-2.16541,53.41742],[-2.16675,53.41571],[-2.16873,53.41491],[-2.1697,53.4166],[-2.171,53.4188],[-2.17708,53.42698],[-2.17425,53.42932],[-2.175,53.43038],[-2.17529,53.43448],[-2.17429,53.43997],[-2.17425,53.4417],[-2.17321,53.44948],[-2.17936,53.44888],[-2.181,53.4537],[-2.17514,53.45399],[-2.17567,53.45559],[-2.17552,53.45872],[-2.17682,53.46123],[-2.17679,53.46175],[-2.1763,53.46172],[-2.16593,53.45968],[-2.16272,53.45919],[-2.16146,53.45821],[-2.1575,53.45777],[-2.13766,53.45683]]]}},{"type":"Feature","properties":{"source_code":"P85026","codes":["P85026"],"label":"Quayside Medical Practice"},"geometry":{"type":"Polygon","coordinates":[[[-2.15023,53.51765],[-2.14319,53.51418],[-2.13615,53.51684],[-2.12877,53.50735],[-2.12534,53.50673],[-2.12379,53.50367],[-2.12706,53.50265],[-2.12551,53.50101],[-2.12912,53.5005],[-2.13221,53.5005],[-2.1377,53.49969],[-2.1389,53.49652],[-2.15126,53.49336],[-2.17409,53.50571],[-2.15023,53.51765]]]}},{"type":"Feature","properties":{"source_code":"P88005","codes":["P88005","P88005001"],"label":"Family Surgery"},"geometry":{"type":"Polygon","coordinates":[[[-2.17334,53.44539],[-2.17046,53.44875],[-2.16821,53.44931],[-2.16614,53.44961],[-2.16347,53.45091],[-2.16078,53.45217],[-2.16177,53.45401],[-2.16195,53.4561],[-2.16015,53.45717],[-2.15978,53.45774],[-2.15907,53.45779],[-2.15733,53.45767],[-2.15637,53.45766],[-2.15542,53.4576],[-2.15293,53.45759],[-2.15047,53.4575],[-2.14844,53.45749],[-2.14576,53.4573],[-2.14803,53.45738],[-2.14579,53.4573],[-2.14184,53.45707],[-2.13742,53.45702],[-2.13696,53.45533],[-2.13677,53.45388],[-2.13643,53.45338],[-2.1378,53.45078],[-2.1387,53.44989],[-2.14464,53.44365],[-2.14422,53.43683],[-2.15074,53.43088],[-2.14927,53.42387],[-2.15346,53.42238],[-2.15631,53.42132],[-2.15655,53.41936],[-2.15913,53.41903],[-2.16059,53.41921],[-2.16793,53.42267],[-2.17521,53.42864],[-2.17618,53.43354],[-2.17444,53.43934],[-2.17447,53.44234],[-2.17334,53.44539]]]}},{"type":"Feature","properties":{"source_code":"Y02721","codes":["Y02721"],"label":"Kirkholt Medical Practice"},"geometry":{"type":"Polygon","coordinates":[[[-2.16328,53.60351],[-2.15435,53.62245],[-2.13238,53.61491],[-2.13135,53.59984],[-2.16019,53.5925],[-2.20894,53.59108],[-2.20825,53.60799],[-2.18903,53.62245],[-2.15504,53.62286],[-2.16328,53.60351]]]}},{"type":"Feature","properties":{"source_code":"P88632","codes":["P88632","P88632001","P88632002"],"label":"Stockport Medical Group"},"geometry":{"type":"MultiPolygon","coordinates":[[[[-2.12937,53.40125],[-2.13461,53.40288],[-2.14148,53.40575],[-2.13959,53.40503],[-2.12937,53.40125]]],[[[-2.12937,53.40125],[-2.12636,53.40031],[-2.12551,53.40012],[-2.12479,53.39983],[-2.11879,53.39796],[-2.12156,53.39851],[-2.11899,53.39746],[-2.11576,53.39686],[-2.11487,53.39674],[-2.11879,53.39796],[-2.10637,53.39549],[-2.09976,53.3952],[-2.09882,53.39399],[-2.0977,53.39377],[-2.09878,53.39394],[-2.09736,53.39213],[-2.10045,53.38865],[-2.10114,53.38599],[-2.10423,53.38169],[-2.11246,53.37841],[-2.11555,53.37657],[-2.11315,53.36756],[-2.12997,53.36817],[-2.14405,53.37206],[-2.16053,53.37411],[-2.21718,53.39316],[-2.20413,53.39582],[-2.19555,53.39971],[-2.18697,53.40462],[-2.17186,53.40912],[-2.16396,53.41015],[-2.1492,53.40851],[-2.13444,53.40216],[-2.12761,53.4006],[-2.12937,53.40125]]]]}},{"type":"Feature","properties":{"source_code":"P88026","codes":["P88026","P88026002","P88026003","P88026004","P88026005","P88026006"],"label":"Adswood Road Surgery"},"geometry":{"type":"Polygon","coordinates":[[[-2.20276,53.44042],[-2.15092,53.44594],[-2.09007,53.42924],[-2.0465,53.43237],[-2.00452,53.41216],[-2.02473,53.35723],[-2.10143,53.31853],[-2.21893,53.35691],[-2.24678,53.39536],[-2.20181,53.4053],[-2.21581,53.40994],[-2.20276,53.44042]]]}},{"type":"Feature","properties":{"source_code":"P86007","codes":["P86007"],"label":"Wellfield Health Centre"},"geometry":{"type":"Polygon","coordinates":[[[-2.10008,53.60554],[-2.09056,53.58087],[-2.11811,53.56107],[-2.17338,53.57327],[-2.20993,53.58492],[-2.21618,53.59543],[-2.22038,53.6039],[-2.19321,53.62718],[-2.1798,53.65103],[-2.08914,53.64721],[-2.10008,53.60554]]]}},{"type":"Feature","properties":{"source_code":"P88031","codes":["P88031"],"label":"Bracondale Medical Centre"},"geometry":{"type":"Polygon","coordinates":[[[-2.1607,53.39362],[-2.15753,53.39641],[-2.15255,53.39863],[-2.14448,53.40069],[-2.14431,53.40181],[-2.14148,53.4014],[-2.13851,53.40165],[-2.13693,53.40155],[-2.13279,53.39492],[-2.13093,53.39166],[-2.12967,53.38835],[-2.12562,53.38586],[-2.12355,53.38434],[-2.12367,53.3834],[-2.12512,53.38251],[-2.12631,53.38216],[-2.12797,53.38192],[-2.13004,53.38164],[-2.13276,53.38113],[-2.14444,53.38008],[-2.14999,53.38129],[-2.15538,53.38236],[-2.16137,53.38596],[-2.16354,53.38777],[-2.16521,53.38978],[-2.1607,53.39362]]]}},{"type":"Feature","properties":{"source_code":"Y02663","codes":["Y02663"],"label":"Droylsden Medical Practice"},"geometry":{"type":"Polygon","coordinates":[[[-2.14611,53.49111],[-2.15984,53.49724],[-2.13169,53.50622],[-2.12482,53.49642],[-2.11796,53.48682],[-2.12517,53.47967],[-2.14542,53.48049],[-2.16602,53.4809],[-2.16774,53.48723],[-2.15984,53.49519],[-2.14611,53.49111]]]}},{"type":"Feature","properties":{"source_code":"P89029","codes":["P89029"],"label":"Market Street Medical Practice"},"geometry":{"type":"Polygon","coordinates":[[[-2.1741,53.49284],[-2.17443,53.49305],[-2.12912,53.5002],[-2.11693,53.48702],[-2.11624,53.47691],[-2.12465,53.45974],[-2.16328,53.4578],[-2.17907,53.48519],[-2.17512,53.49264],[-2.1741,53.49284]]]}},{"type":"Feature","properties":{"source_code":"P88003","codes":["P88003","P88003001"],"label":"Manor Medical Practice"},"geometry":{"type":"MultiPolygon","coordinates":[[[[-2.12541,53.40603],[-2.12714,53.40608],[-2.13276,53.40764],[-2.13461,53.40825],[-2.1359,53.40672],[-2.13753,53.40843],[-2.13912,53.41025],[-2.14143,53.41132],[-2.14289,53.41247],[-2.14158,53.41304],[-2.12541,53.40603]]],[[[-2.12541,53.40603],[-2.12448,53.406],[-2.11852,53.40408],[-2.11311,53.40421],[-2.11208,53.40024],[-2.11215,53.40027],[-2.11174,53.39633],[-2.10779,53.39554],[-2.10122,53.39541],[-2.09976,53.39574],[-2.0977,53.3941],[-2.0968,53.394],[-2.0965,53.39267],[-2.10041,53.39016],[-2.10092,53.38543],[-2.11491,53.38801],[-2.11736,53.38607],[-2.11804,53.3841],[-2.12414,53.38166],[-2.12727,53.38433],[-2.12882,53.38384],[-2.13148,53.38172],[-2.13397,53.37957],[-2.13512,53.37639],[-2.13834,53.37409],[-2.14203,53.37322],[-2.14508,53.37319],[-2.14667,53.37242],[-2.14657,53.3725],[-2.1592,53.37396],[-2.1619,53.37557],[-2.16109,53.37844],[-2.16019,53.37967],[-2.15727,53.38092],[-2.15349,53.3841],[-2.15334,53.38585],[-2.178,53.39618],[-2.17784,53.39616],[-2.178,53.39633],[-2.17894,53.39792],[-2.18246,53.39856],[-2.18791,53.39973],[-2.19349,53.40063],[-2.19134,53.40186],[-2.18692,53.40314],[-2.18551,53.40352],[-2.18216,53.40605],[-2.1789,53.40639],[-2.17718,53.40633],[-2.17598,53.40605],[-2.17388,53.40695],[-2.16937,53.40841],[-2.1668,53.40994],[-2.16083,53.41265],[-2.15817,53.4138],[-2.15667,53.41398],[-2.15512,53.41311],[-2.15238,53.41434],[-2.14778,53.41572],[-2.1777,53.39615],[-2.17319,53.39572],[-2.16675,53.39646],[-2.16358,53.39876],[-2.16478,53.39753],[-2.16439,53.39518],[-2.16285,53.39403],[-2.15761,53.3927],[-2.15311,53.3909],[-2.15331,53.38601],[-2.14655,53.37252],[-2.11222,53.4003],[-2.12541,53.40603]]],[[[-2.14158,53.41304],[-2.14787,53.41577],[-2.14405,53.41626],[-2.13937,53.41524],[-2.13903,53.4146],[-2.14019,53.41365],[-2.14158,53.41304]]]]}},{"type":"Feature","properties":{"source_code":"P85011","codes":["P85011"],"label":"Ch Medical Practice"},"geometry":{"type":"Polygon","coordinates":[[[-2.17049,53.55153],[-2.17134,53.55744],[-2.15126,53.56132],[-2.14517,53.56035],[-2.1404,53.56257],[-2.13682,53.56311],[-2.13305,53.56262],[-2.13014,53.5637],[-2.12165,53.56542],[-2.11834,53.56704],[-2.11452,53.56815],[-2.11246,53.56827],[-2.10955,53.56748],[-2.1046,53.56661],[-2.10103,53.56503],[-2.10332,53.56319],[-2.10354,53.56099],[-2.10742,53.56098],[-2.11138,53.55988],[-2.11555,53.55517],[-2.11896,53.55313],[-2.12028,53.55318],[-2.12028,53.55185],[-2.12,53.54557],[-2.11847,53.54214],[-2.11641,53.53883],[-2.11555,53.5351],[-2.11315,53.5306],[-2.11182,53.5283],[-2.11135,53.52615],[-2.10989,53.52157],[-2.10809,53.51623],[-2.10925,53.51671],[-2.11425,53.51639],[-2.11933,53.51623],[-2.12577,53.51288],[-2.12839,53.51073],[-2.13073,53.50876],[-2.13169,53.509],[-2.13633,53.50866],[-2.1398,53.50902],[-2.14154,53.50895],[-2.14292,53.50843],[-2.14474,53.50847],[-2.14942,53.51036],[-2.15145,53.51074],[-2.15389,53.51024],[-2.15768,53.50805],[-2.16044,53.50719],[-2.16173,53.50722],[-2.16366,53.50828],[-2.16295,53.50873],[-2.16243,53.50987],[-2.16384,53.51063],[-2.16341,53.5136],[-2.16141,53.51435],[-2.1611,53.51662],[-2.16142,53.51777],[-2.16308,53.51873],[-2.16476,53.52001],[-2.16628,53.5212],[-2.16898,53.52336],[-2.17632,53.52541],[-2.17512,53.53255],[-2.17555,53.53959],[-2.17049,53.55153]]]}},{"type":"Feature","properties":{"source_code":"P88615","codes":["P88615"],"label":"Vernon Park Surgery"},"geometry":{"type":"Polygon","coordinates":[[[-2.21924,53.46066],[-2.07504,53.53378],[-1.89034,53.43654],[-2.17804,53.35711],[-2.24121,53.39725],[-2.21924,53.46066]]]}},{"type":"Feature","properties":{"source_code":"P89010","codes":["P89010"],"label":"Medlock Vale Medical Practice"},"geometry":{"type":"Polygon","coordinates":[[[-2.12465,53.47201],[-2.13015,53.47068],[-2.13547,53.47334],[-2.13049,53.47436],[-2.14886,53.47078],[-2.14954,53.47242],[-2.15641,53.47548],[-2.16122,53.47507],[-2.16156,53.4764],[-2.16534,53.47671],[-2.16946,53.48662],[-2.16671,53.48733],[-2.16654,53.49111],[-2.16345,53.49254],[-2.15744,53.49428],[-2.15469,53.49305],[-2.14748,53.49387],[-2.14285,53.49234],[-2.13238,53.48815],[-2.13512,53.4905],[-2.13135,53.49264],[-2.13066,53.49407],[-2.12397,53.49693],[-2.11779,53.49182],[-2.11487,53.48243],[-2.12105,53.47814],[-2.11899,53.47548],[-2.11504,53.47548],[-2.11161,53.4716],[-2.11487,53.4669],[-2.12139,53.46925],[-2.12465,53.47201]]]}},{"type":"Feature","properties":{"source_code":"P85004","codes":["P85004"],"label":"Chadderton Medical Practice"},"geometry":{"type":"MultiPolygon","coordinates":[[[[-2.13424,53.54334],[-2.13419,53.54335],[-2.13427,53.54322],[-2.13424,53.54334]]],[[[-2.13424,53.54334],[-2.13424,53.54334],[-2.13423,53.5434],[-2.13424,53.54334]]],[[[-2.13424,53.54334],[-2.13433,53.54297],[-2.13439,53.54305],[-2.13436,53.54299],[-2.13476,53.54127],[-2.13507,53.53992],[-2.13536,53.53932],[-2.13666,53.53892],[-2.13821,53.53889],[-2.14089,53.53876],[-2.14192,53.53855],[-2.14249,53.5382],[-2.14285,53.53774],[-2.14303,53.53744],[-2.14539,53.53704],[-2.14701,53.53662],[-2.14954,53.53591],[-2.15176,53.53524],[-2.15212,53.53509],[-2.15183,53.53579],[-2.15178,53.5361],[-2.15134,53.53707],[-2.15079,53.53849],[-2.15004,53.54001],[-2.14962,53.54113],[-2.14925,53.54201],[-2.14827,53.54343],[-2.14737,53.5442],[-2.14665,53.54503],[-2.14622,53.54543],[-2.14595,53.54576],[-2.14598,53.5462],[-2.1448,53.54796],[-2.14401,53.54933],[-2.14261,53.55153],[-2.14152,53.55319],[-2.141,53.55391],[-2.14053,53.55449],[-2.14003,53.55501],[-2.13967,53.55415],[-2.13931,53.5534],[-2.13883,53.55457],[-2.1385,53.55327],[-2.13789,53.55273],[-2.13649,53.55217],[-2.1338,53.55126],[-2.13222,53.55127],[-2.13574,53.5459],[-2.13462,53.54353],[-2.13423,53.54344],[-2.1346,53.5435],[-2.13448,53.54324],[-2.13447,53.54328],[-2.13424,53.54334]]]]}},{"type":"Feature","properties":{"source_code":"P85010","codes":["P85010"],"label":"Woodlands Medical Practice"},"geometry":{"type":"Polygon","coordinates":[[[-2.1435,53.52016],[-2.14843,53.52195],[-2.15105,53.52247],[-2.15349,53.52329],[-2.15628,53.52496],[-2.15903,53.52745],[-2.15422,53.53069],[-2.15244,53.53411],[-2.15522,53.53598],[-2.15682,53.5366],[-2.15793,53.53703],[-2.15896,53.53783],[-2.15936,53.53859],[-2.15978,53.53931],[-2.16097,53.53972],[-2.16212,53.54014],[-2.16295,53.54045],[-2.16567,53.53982],[-2.16716,53.53995],[-2.16864,53.54014],[-2.16864,53.54078],[-2.1688,53.54141],[-2.16892,53.5418],[-2.16905,53.54207],[-2.16913,53.54236],[-2.16915,53.54266],[-2.16928,53.54318],[-2.16934,53.54412],[-2.16909,53.54468],[-2.16891,53.54525],[-2.1683,53.54787],[-2.16864,53.5494],[-2.16916,53.55098],[-2.16899,53.55168],[-2.16594,53.56193],[-2.15079,53.56626],[-2.14652,53.56621],[-2.14311,53.56111],[-2.14175,53.56197],[-2.13829,53.5628],[-2.13238,53.56279],[-2.12191,53.56534],[-2.1204,53.56279],[-2.12062,53.56025],[-2.12053,53.55428],[-2.13229,53.55366],[-2.13143,53.55265],[-2.13128,53.55154],[-2.13288,53.55033],[-2.13433,53.54798],[-2.13532,53.54647],[-2.13594,53.54554],[-2.13408,53.54499],[-2.134,53.54437],[-2.13438,53.54378],[-2.1338,53.54364],[-2.13381,53.54344],[-2.13358,53.5434],[-2.12889,53.54282],[-2.1294,53.53987],[-2.12971,53.53841],[-2.13007,53.53689],[-2.13039,53.53619],[-2.13115,53.5355],[-2.13185,53.53418],[-2.13356,53.53142],[-2.13393,53.53076],[-2.13431,53.53011],[-2.13505,53.52884],[-2.13606,53.52706],[-2.13691,53.52629],[-2.14059,53.52342],[-2.14198,53.52234],[-2.1435,53.52016]]]}},{"type":"Feature","properties":{"source_code":"P85605","codes":["P85605"],"label":"Littletown Family Med Pract"},"geometry":{"type":"Polygon","coordinates":[[[-2.12517,53.54204],[-2.12366,53.54004],[-2.12182,53.53985],[-2.11118,53.52357],[-2.10886,53.52051],[-2.14336,53.52051],[-2.15195,53.53373],[-2.13891,53.53778],[-2.13384,53.54112],[-2.12959,53.54067],[-2.12517,53.54204]]]}},{"type":"Feature","properties":{"source_code":"P88043","codes":["P88043"],"label":"Brinnington Surgery"},"geometry":{"type":"Polygon","coordinates":[[[-2.1159,53.43613],[-2.11092,53.43562],[-2.10774,53.42687],[-2.11448,53.42465],[-2.12088,53.42703],[-2.12379,53.42437],[-2.12955,53.4214],[-2.13564,53.42068],[-2.1353,53.41618],[-2.14817,53.41577],[-2.1516,53.41884],[-2.14182,53.42426],[-2.14594,53.43296],[-2.14268,53.43623],[-2.12946,53.43705],[-2.1159,53.43613]]]}},{"type":"Feature","properties":{"source_code":"P85018","codes":["P85018"],"label":"MD Family Practice"},"geometry":{"type":"MultiPolygon","coordinates":[[[[-2.12809,53.54265],[-2.12807,53.54269],[-2.12749,53.5426],[-2.12809,53.54265]]],[[[-2.12807,53.54269],[-2.12844,53.54275],[-2.128,53.54291],[-2.12807,53.54269]]],[[[-2.14234,53.51909],[-2.14555,53.52033],[-2.14877,53.52122],[-2.15495,53.52273],[-2.15766,53.52522],[-2.15991,53.52636],[-2.16014,53.5269],[-2.1601,53.52724],[-2.15362,53.53155],[-2.15161,53.53648],[-2.14963,53.54149],[-2.14611,53.54609],[-2.14143,53.54517],[-2.13905,53.5447],[-2.13693,53.54413],[-2.12844,53.54275],[-2.1286,53.5427],[-2.12809,53.54265],[-2.12954,53.5384],[-2.13023,53.53644],[-2.13134,53.53526],[-2.13134,53.53524],[-2.12833,53.53266],[-2.12677,53.53151],[-2.12522,53.53211],[-2.12165,53.53363],[-2.11959,53.53437],[-2.11779,53.53343],[-2.11411,53.532],[-2.11277,53.53017],[-2.11173,53.52823],[-2.11073,53.52393],[-2.11187,53.52412],[-2.11304,53.52444],[-2.1153,53.52514],[-2.11948,53.5253],[-2.12081,53.52395],[-2.12231,53.5232],[-2.1343,53.52115],[-2.14234,53.51909]]]]}},{"type":"Feature","properties":{"source_code":"P85612","codes":["P85612"],"label":"Werneth Medical Practice"},"geometry":{"type":"Polygon","coordinates":[[[-2.13851,53.55612],[-2.13379,53.5539],[-2.13169,53.55313],[-2.13096,53.55114],[-2.1289,53.54974],[-2.12688,53.54849],[-2.12564,53.5474],[-2.12461,53.54503],[-2.12328,53.5412],[-2.12152,53.53921],[-2.11976,53.53819],[-2.11783,53.53783],[-2.1162,53.53796],[-2.11225,53.53804],[-2.10813,53.53906],[-2.10547,53.54015],[-2.10208,53.54186],[-2.10122,53.54258],[-2.09985,53.54258],[-2.09835,53.54291],[-2.09697,53.54273],[-2.09556,53.54248],[-2.09354,53.54179],[-2.09161,53.5414],[-2.08946,53.54051],[-2.0877,53.53944],[-2.08564,53.53845],[-2.08367,53.53788],[-2.08191,53.53791],[-2.07933,53.53727],[-2.07762,53.53717],[-2.08114,53.53135],[-2.08024,53.53031],[-2.08045,53.52952],[-2.08105,53.52855],[-2.08221,53.52837],[-2.08732,53.52967],[-2.09354,53.53286],[-2.09547,53.53383],[-2.09766,53.53439],[-2.09865,53.53337],[-2.09865,53.53278],[-2.10006,53.53138],[-2.10015,53.53097],[-2.10281,53.53026],[-2.10839,53.52799],[-2.10989,53.52748],[-2.11143,53.52676],[-2.11092,53.52467],[-2.11066,53.52375],[-2.11371,53.5247],[-2.11555,53.52516],[-2.11873,53.52544],[-2.11937,53.52533],[-2.12474,53.5298],[-2.12813,53.5325],[-2.13135,53.5351],[-2.13298,53.53485],[-2.13718,53.53355],[-2.13886,53.53312],[-2.13881,53.53434],[-2.13787,53.53612],[-2.13817,53.53786],[-2.13778,53.5389],[-2.13912,53.53885],[-2.13903,53.53941],[-2.13869,53.54013],[-2.1392,53.54064],[-2.14049,53.54094],[-2.14182,53.54283],[-2.14315,53.54314],[-2.14401,53.54467],[-2.14465,53.54528],[-2.14439,53.54582],[-2.14598,53.54622],[-2.14435,53.54867],[-2.14036,53.55515],[-2.13993,53.55612],[-2.13851,53.55612]]]}},{"type":"Feature","properties":{"source_code":"P85615","codes":["P85615"],"label":"Kapur Family Care"},"geometry":{"type":"Polygon","coordinates":[[[-2.1401,53.55535],[-2.13814,53.55683],[-2.13549,53.55693],[-2.1328,53.55701],[-2.13027,53.55749],[-2.12575,53.55953],[-2.12353,53.56058],[-2.12096,53.56081],[-2.12055,53.55239],[-2.12035,53.54814],[-2.11999,53.5458],[-2.11895,53.54439],[-2.11871,53.54179],[-2.11685,53.53924],[-2.11499,53.53794],[-2.10987,53.53878],[-2.10507,53.54023],[-2.10095,53.54291],[-2.09684,53.54283],[-2.09675,53.54197],[-2.09721,53.54115],[-2.0969,53.53983],[-2.09616,53.53925],[-2.09554,53.53853],[-2.09553,53.53757],[-2.09702,53.5343],[-2.09835,53.5282],[-2.09504,53.52179],[-2.10049,53.51409],[-2.10646,53.50729],[-2.10843,53.51615],[-2.1149,53.51626],[-2.12103,53.51545],[-2.12784,53.51123],[-2.13294,53.50863],[-2.1415,53.51963],[-2.1427,53.52041],[-2.14287,53.5214],[-2.1408,53.5242],[-2.1456,53.52435],[-2.14821,53.52614],[-2.14838,53.52724],[-2.14667,53.52845],[-2.14426,53.53014],[-2.14636,53.53124],[-2.15001,53.53168],[-2.15056,53.53312],[-2.15284,53.53414],[-2.14991,53.54082],[-2.1401,53.55535]]]}},{"type":"Feature","properties":{"source_code":"Y02933","codes":["Y02933"],"label":"Hollinwood Medical Practice"},"geometry":{"type":"Polygon","coordinates":[[[-2.14233,53.51949],[-2.14202,53.52247],[-2.13759,53.52509],[-2.12021,53.52759],[-2.11116,53.52377],[-2.12156,53.51602],[-2.12648,53.51253],[-2.1288,53.5105],[-2.13242,53.50944],[-2.14233,53.51949]]]}},{"type":"Feature","properties":{"source_code":"P85019","codes":["P85019"],"label":"Royton Medical Centre"},"geometry":{"type":"Polygon","coordinates":[[[-2.11502,53.60051],[-2.1195,53.59933],[-2.12963,53.59434],[-2.13031,53.59412],[-2.13118,53.59393],[-2.13198,53.5936],[-2.13566,53.59243],[-2.13804,53.592],[-2.14251,53.59138],[-2.13701,53.592],[-2.13566,53.59243],[-2.13409,53.59271],[-2.13198,53.5936],[-2.13031,53.59412],[-2.12706,53.59485],[-2.12311,53.59668],[-2.12156,53.5977],[-2.1195,53.59892],[-2.11487,53.60035],[-2.11502,53.60051],[-2.11212,53.60127],[-2.1092,53.60269],[-2.1068,53.60351],[-2.10491,53.60249],[-2.10114,53.60127],[-2.09908,53.60004],[-2.0965,53.59933],[-2.09255,53.59801],[-2.08981,53.59689],[-2.08809,53.59444],[-2.08826,53.5922],[-2.08809,53.58955],[-2.08775,53.58823],[-2.08895,53.58578],[-2.09049,53.58354],[-2.09135,53.58109],[-2.09358,53.57977],[-2.09564,53.57803],[-2.09684,53.57579],[-2.09873,53.57375],[-2.09822,53.5707],[-2.09822,53.56856],[-2.10028,53.56652],[-2.10199,53.56448],[-2.1044,53.56152],[-2.10405,53.55867],[-2.10526,53.55652],[-2.10474,53.55387],[-2.10423,53.55163],[-2.10285,53.5499],[-2.10217,53.54684],[-2.09873,53.54551],[-2.10182,53.5452],[-2.10114,53.54296],[-2.10251,53.54123],[-2.10388,53.54031],[-2.10611,53.53949],[-2.108,53.53908],[-2.11143,53.53817],[-2.11573,53.53776],[-2.12019,53.53857],[-2.12208,53.5398],[-2.125,53.53888],[-2.12688,53.53745],[-2.12963,53.53633],[-2.13152,53.53521],[-2.13186,53.53327],[-2.13272,53.53245],[-2.13409,53.53062],[-2.13478,53.52939],[-2.13598,53.52806],[-2.13615,53.52684],[-2.13787,53.52572],[-2.13856,53.52419],[-2.14096,53.52317],[-2.14285,53.52235],[-2.14326,53.52157],[-2.14302,53.52051],[-2.14594,53.52072],[-2.14834,53.52153],[-2.15126,53.52266],[-2.15349,53.52317],[-2.15572,53.5248],[-2.15778,53.52582],[-2.16019,53.52704],[-2.15881,53.52786],[-2.15693,53.52939],[-2.15435,53.53102],[-2.15263,53.53255],[-2.15246,53.53368],[-2.15263,53.5351],[-2.15521,53.53612],[-2.15761,53.53725],[-2.16002,53.53857],[-2.16242,53.5399],[-2.16516,53.5399],[-2.16946,53.54031],[-2.17152,53.54092],[-2.17358,53.54163],[-2.17564,53.54265],[-2.17855,53.54357],[-2.1801,53.54418],[-2.18216,53.54531],[-2.18491,53.54653],[-2.18679,53.54724],[-2.18868,53.54786],[-2.19109,53.54786],[-2.19194,53.54898],[-2.19366,53.54898],[-2.19486,53.54918],[-2.19606,53.55051],[-2.19624,53.55224],[-2.19692,53.55387],[-2.19675,53.5553],[-2.19589,53.55632],[-2.19503,53.55785],[-2.19332,53.55877],[-2.19091,53.5604],[-2.18868,53.56162],[-2.18645,53.56295],[-2.18456,53.56438],[-2.18302,53.5656],[-2.18113,53.56692],[-2.18027,53.56825],[-2.17941,53.56927],[-2.17701,53.57008],[-2.17512,53.571],[-2.17392,53.57243],[-2.17237,53.57294],[-2.171,53.57386],[-2.16808,53.57406],[-2.16602,53.57406],[-2.16431,53.57396],[-2.16225,53.57375],[-2.1607,53.576],[-2.16002,53.57732],[-2.15984,53.57905],[-2.15864,53.5813],[-2.1583,53.58252],[-2.15764,53.58362],[-2.1589,53.58932],[-2.1619,53.59189],[-2.16362,53.59413],[-2.16602,53.59638],[-2.16637,53.59801],[-2.16499,53.59943],[-2.1674,53.60147],[-2.17049,53.60228],[-2.17392,53.6029],[-2.17117,53.60453],[-2.16843,53.60616],[-2.16602,53.60758],[-2.16431,53.60941],[-2.16361,53.61052],[-2.16379,53.61135],[-2.16105,53.61155],[-2.15933,53.61227],[-2.15675,53.61247],[-2.15418,53.6139],[-2.15109,53.6139],[-2.14834,53.61328],[-2.14422,53.61298],[-2.13993,53.61369],[-2.13598,53.61552],[-2.13238,53.61603],[-2.12963,53.61634],[-2.13152,53.6141],[-2.13306,53.61186],[-2.13478,53.61023],[-2.13564,53.60911],[-2.13598,53.60717],[-2.13427,53.60646],[-2.13186,53.60524],[-2.12843,53.60432],[-2.12688,53.6031],[-2.12276,53.60147],[-2.11882,53.60147],[-2.11573,53.60127],[-2.11502,53.60051]]]}},{"type":"Feature","properties":{"source_code":"P88606","codes":["P88606"],"label":"Springfield Surgery"},"geometry":{"type":"Polygon","coordinates":[[[-2.14766,53.3949],[-2.12585,53.39848],[-2.0977,53.39326],[-2.10182,53.39039],[-2.10268,53.38681],[-2.10251,53.38394],[-2.06491,53.37923],[-2.06749,53.37944],[-2.068,53.37503],[-2.07161,53.36438],[-2.08843,53.36356],[-2.09736,53.36725],[-2.11779,53.3652],[-2.13615,53.36674],[-2.15315,53.37176],[-2.15916,53.37534],[-2.15212,53.38384],[-2.15057,53.39285],[-2.14766,53.3949]]]}},{"type":"Feature","properties":{"source_code":"P85013","codes":["P85013"],"label":"The Royton & Crompton Family Practice"},"geometry":{"type":"Polygon","coordinates":[[[-2.13736,53.55673],[-2.14326,53.5598],[-2.14621,53.56087],[-2.14815,53.56159],[-2.14817,53.56261],[-2.14971,53.56303],[-2.15093,53.5637],[-2.1508,53.56409],[-2.15035,53.56507],[-2.15063,53.56577],[-2.15262,53.56928],[-2.15085,53.57012],[-2.14902,53.57084],[-2.14561,53.57027],[-2.14376,53.5706],[-2.14143,53.57081],[-2.13935,53.57116],[-2.1386,53.57137],[-2.13832,53.57137],[-2.13686,53.57183],[-2.13721,53.57229],[-2.13787,53.57298],[-2.13882,53.57425],[-2.13991,53.57485],[-2.1418,53.57517],[-2.13871,53.57663],[-2.13407,53.57879],[-2.13433,53.579],[-2.13517,53.57983],[-2.13723,53.58285],[-2.13716,53.58313],[-2.13806,53.5862],[-2.13611,53.58702],[-2.13401,53.58571],[-2.13109,53.5839],[-2.13092,53.58333],[-2.13027,53.58281],[-2.12894,53.58244],[-2.12551,53.5822],[-2.12431,53.5817],[-2.12092,53.58226],[-2.11954,53.5825],[-2.11637,53.58556],[-2.11506,53.58596],[-2.11388,53.58645],[-2.11201,53.5869],[-2.11064,53.5869],[-2.10961,53.58727],[-2.10938,53.58755],[-2.10886,53.58775],[-2.10827,53.58804],[-2.10762,53.58825],[-2.10669,53.58835],[-2.10575,53.58848],[-2.10245,53.58946],[-2.10075,53.59042],[-2.09978,53.59061],[-2.09901,53.59088],[-2.09826,53.5911],[-2.0956,53.59126],[-2.09479,53.59122],[-2.09433,53.59121],[-2.09217,53.59197],[-2.0906,53.59076],[-2.08972,53.59022],[-2.08894,53.58998],[-2.08843,53.58988],[-2.08766,53.58978],[-2.08521,53.58856],[-2.08573,53.58756],[-2.08577,53.58581],[-2.08521,53.58173],[-2.08556,53.57681],[-2.0847,53.57625],[-2.08577,53.57398],[-2.09813,53.57182],[-2.09856,53.57098],[-2.09783,53.56963],[-2.09847,53.5685],[-2.10186,53.56415],[-2.10277,53.56381],[-2.10311,53.56343],[-2.10371,53.5619],[-2.1035,53.56096],[-2.10766,53.56086],[-2.10976,53.56019],[-2.11126,53.55986],[-2.11251,53.55982],[-2.11358,53.56014],[-2.115,53.5565],[-2.11538,53.55589],[-2.11641,53.55584],[-2.11701,53.55612],[-2.11706,53.5566],[-2.12032,53.55663],[-2.12066,53.55428],[-2.12302,53.55431],[-2.12298,53.55489],[-2.12427,53.55494],[-2.12435,53.55614],[-2.12577,53.55673],[-2.12877,53.55678],[-2.12903,53.5573],[-2.13306,53.55688],[-2.13736,53.55673]]]}},{"type":"Feature","properties":{"source_code":"P89015","codes":["P89015","P89015002"],"label":"Millgate Healthcare Partnership"},"geometry":{"type":"Polygon","coordinates":[[[-2.15448,53.45627],[-2.15188,53.45744],[-2.14903,53.45774],[-2.13603,53.45764],[-2.12646,53.46399],[-2.12553,53.47156],[-2.12411,53.47554],[-2.12062,53.47768],[-2.11834,53.47552],[-2.11521,53.47525],[-2.1104,53.4715],[-2.10936,53.46767],[-2.10634,53.4654],[-2.10064,53.46078],[-2.09731,53.4553],[-2.09637,53.45049],[-2.09262,53.44966],[-2.09133,53.44215],[-2.09241,53.44035],[-2.09812,53.4364],[-2.09684,53.43383],[-2.10458,53.43502],[-2.11609,53.44056],[-2.12134,53.44293],[-2.13843,53.44081],[-2.14427,53.44427],[-2.14944,53.44654],[-2.15279,53.44512],[-2.15693,53.44426],[-2.15834,53.45474],[-2.15448,53.45627]]]}},{"type":"Feature","properties":{"source_code":"Y02827","codes":["Y02827"],"label":"John Street Medical Practice"},"geometry":{"type":"Polygon","coordinates":[[[-2.11231,53.5069],[-2.13515,53.50448],[-2.15348,53.50097],[-2.16439,53.51214],[-2.16118,53.52155],[-2.16057,53.53147],[-2.17438,53.53425],[-2.17606,53.54839],[-2.17123,53.55355],[-2.16735,53.5583],[-2.14422,53.57409],[-2.12727,53.57949],[-2.11079,53.5827],[-2.0879,53.5817],[-2.07097,53.57121],[-2.06034,53.5577],[-2.05449,53.55114],[-2.04592,53.53755],[-2.04963,53.52806],[-2.05813,53.52468],[-2.06842,53.51896],[-2.07906,53.51467],[-2.0965,53.51015],[-2.11231,53.5069]]]}},{"type":"Feature","properties":{"source_code":"P88012","codes":["P88012"],"label":"Beech House Medical Pract"},"geometry":{"type":"Polygon","coordinates":[[[-2.09693,53.39403],[-2.09648,53.3935],[-2.09646,53.39288],[-2.09691,53.39233],[-2.09771,53.39189],[-2.1003,53.39022],[-2.10058,53.38847],[-2.10086,53.38571],[-2.1013,53.38444],[-2.10234,53.38316],[-2.10006,53.38106],[-2.09815,53.38054],[-2.09668,53.38044],[-2.09599,53.37982],[-2.08963,53.37996],[-2.08247,53.37969],[-2.07513,53.37246],[-2.07172,53.371],[-2.06848,53.36938],[-2.0682,53.36866],[-2.06792,53.36687],[-2.06779,53.364],[-2.06534,53.36377],[-2.06528,53.36205],[-2.06487,53.3608],[-2.06499,53.36034],[-2.06562,53.36003],[-2.0668,53.35957],[-2.06569,53.35752],[-2.06646,53.35808],[-2.06783,53.35818],[-2.07041,53.35866],[-2.07149,53.35871],[-2.07256,53.35891],[-2.07351,53.35904],[-2.07407,53.35903],[-2.07446,53.35927],[-2.07507,53.36143],[-2.07594,53.36349],[-2.07634,53.36424],[-2.0758,53.3651],[-2.07672,53.36535],[-2.07857,53.3658],[-2.08123,53.3662],[-2.08373,53.3666],[-2.08605,53.36705],[-2.08794,53.36749],[-2.08984,53.36749],[-2.09414,53.36761],[-2.10886,53.35594],[-2.11392,53.3514],[-2.1149,53.35183],[-2.11556,53.35208],[-2.11725,53.35196],[-2.12032,53.35176],[-2.12761,53.35145],[-2.12905,53.35128],[-2.13514,53.35939],[-2.13209,53.36852],[-2.13345,53.36886],[-2.13568,53.36965],[-2.138,53.37065],[-2.13888,53.37102],[-2.14036,53.37138],[-2.14298,53.37187],[-2.14648,53.37253],[-2.14835,53.37272],[-2.15014,53.37295],[-2.15169,53.37311],[-2.15306,53.37327],[-2.15598,53.37354],[-2.15868,53.37384],[-2.1601,53.37416],[-2.16096,53.3747],[-2.16173,53.37515],[-2.16198,53.37585],[-2.16145,53.37736],[-2.1608,53.37875],[-2.16043,53.37937],[-2.15954,53.37999],[-2.15871,53.38039],[-2.15771,53.38064],[-2.1563,53.38175],[-2.15566,53.38224],[-2.15477,53.38273],[-2.15349,53.38392],[-2.15031,53.3847],[-2.1467,53.38522],[-2.14577,53.38612],[-2.14535,53.38639],[-2.14535,53.38677],[-2.14515,53.38731],[-2.1446,53.38791],[-2.14273,53.38879],[-2.14132,53.38949],[-2.14086,53.39003],[-2.14051,53.38985],[-2.13819,53.39095],[-2.13583,53.39228],[-2.13109,53.39223],[-2.12969,53.39243],[-2.12824,53.39024],[-2.12799,53.3895],[-2.12886,53.38825],[-2.12767,53.38837],[-2.12648,53.38838],[-2.12189,53.38439],[-2.12114,53.38506],[-2.12005,53.38562],[-2.11909,53.38593],[-2.11761,53.38578],[-2.11646,53.38679],[-2.1158,53.38735],[-2.11501,53.38785],[-2.11417,53.38866],[-2.11294,53.39011],[-2.11207,53.39082],[-2.1118,53.39162],[-2.11071,53.39444],[-2.11168,53.39447],[-2.11086,53.39533],[-2.11006,53.39504],[-2.10985,53.39569],[-2.10772,53.39554],[-2.10559,53.39517],[-2.10424,53.39505],[-2.1029,53.39534],[-2.10081,53.39551],[-2.09965,53.39574],[-2.09902,53.39542],[-2.09866,53.39495],[-2.09796,53.39428],[-2.09749,53.39408],[-2.09693,53.39403]]]}},{"type":"Feature","properties":{"source_code":"P85003","codes":["P85003"],"label":"The Chowdhury Practice"},"geometry":{"type":"MultiPolygon","coordinates":[[[[-2.14108,53.54266],[-2.14108,53.54265],[-2.14112,53.54266],[-2.14108,53.54266]]],[[[-2.11418,53.54764],[-2.11268,53.54768],[-2.1141,53.54753],[-2.11418,53.54764]]],[[[-2.1331,53.54958],[-2.11664,53.55425],[-2.10401,53.5543],[-2.10431,53.55192],[-2.10414,53.55125],[-2.10398,53.55079],[-2.1038,53.55032],[-2.10365,53.54915],[-2.11008,53.54905],[-2.11238,53.54769],[-2.11342,53.54787],[-2.11383,53.5479],[-2.11419,53.54788],[-2.11425,53.54775],[-2.11418,53.54764],[-2.1142,53.54764],[-2.11619,53.54648],[-2.11622,53.54649],[-2.1162,53.54648],[-2.11622,53.54647],[-2.11619,53.54648],[-2.10676,53.54389],[-2.10649,53.54048],[-2.09907,53.53698],[-2.1005,53.53627],[-2.10184,53.53583],[-2.10323,53.5357],[-2.10481,53.53536],[-2.10792,53.53572],[-2.11888,53.54218],[-2.12573,53.54145],[-2.12355,53.53994],[-2.12533,53.53893],[-2.12776,53.53874],[-2.12967,53.53979],[-2.13158,53.54056],[-2.13335,53.54117],[-2.13465,53.54205],[-2.13619,53.54231],[-2.14108,53.54266],[-2.1411,53.54272],[-2.14104,53.54274],[-2.1386,53.54636],[-2.1331,53.54958]]],[[[-2.10401,53.5543],[-2.10401,53.55432],[-2.10396,53.5543],[-2.10401,53.5543]]],[[[-2.10401,53.55432],[-2.10413,53.55436],[-2.1043,53.55441],[-2.104,53.55442],[-2.10401,53.55432]]]]}},{"type":"Feature","properties":{"source_code":"P85007","codes":["P85007"],"label":"Oldham Family Practice"},"geometry":{"type":"Polygon","coordinates":[[[-2.1686,53.55],[-2.15778,53.56397],[-2.14293,53.57549],[-2.11231,53.58777],[-2.08121,53.5803],[-2.06376,53.57758],[-2.02712,53.56794],[-2.01734,53.56178],[-2.00567,53.55499],[-2.00336,53.54727],[-2.00791,53.53832],[-2.0498,53.53306],[-2.07752,53.52516],[-2.09757,53.51944],[-2.10692,53.50861],[-2.12863,53.50952],[-2.13832,53.51677],[-2.14964,53.52518],[-2.14293,53.53207],[-2.1686,53.55]]]}},{"type":"Feature","properties":{"source_code":"P85601","codes":["P85601"],"label":"Jalal Practice"},"geometry":{"type":"MultiPolygon","coordinates":[[[[-2.11033,53.54547],[-2.10979,53.5457],[-2.11075,53.54485],[-2.11033,53.54547]]],[[[-2.10818,53.54643],[-2.10816,53.54644],[-2.10817,53.54643],[-2.10818,53.54643]]],[[[-2.108,53.54654],[-2.10816,53.54644],[-2.10805,53.54655],[-2.10799,53.54657],[-2.108,53.54654]]],[[[-2.108,53.54654],[-2.10789,53.54661],[-2.10809,53.54622],[-2.108,53.54654]]],[[[-2.10789,53.54661],[-2.10789,53.54661],[-2.10788,53.54661],[-2.10789,53.54661]]],[[[-2.10788,53.54661],[-2.10785,53.54663],[-2.10783,53.54663],[-2.10788,53.54661]]],[[[-2.10783,53.54673],[-2.10787,53.54671],[-2.1078,53.54678],[-2.10783,53.54673]]],[[[-2.10818,53.54643],[-2.10834,53.54633],[-2.10979,53.5457],[-2.1085,53.54685],[-2.10826,53.54654],[-2.10937,53.54602],[-2.10821,53.54648],[-2.10818,53.54643]]],[[[-2.10785,53.54663],[-2.10788,53.54663],[-2.10783,53.54673],[-2.10727,53.54699],[-2.10781,53.54666],[-2.10785,53.54663]]],[[[-2.10837,53.54696],[-2.1085,53.54685],[-2.10893,53.54742],[-2.10891,53.54744],[-2.10837,53.54696]]],[[[-2.10837,53.54696],[-2.10773,53.54754],[-2.10797,53.54667],[-2.10802,53.54665],[-2.10837,53.54696]]],[[[-2.1078,53.54678],[-2.10714,53.54806],[-2.10773,53.54754],[-2.10757,53.54811],[-2.10646,53.54837],[-2.10671,53.5478],[-2.1078,53.54678]]],[[[-2.10705,53.54889],[-2.10626,53.54896],[-2.10676,53.54875],[-2.10766,53.54836],[-2.10705,53.54889]]],[[[-2.10586,53.54899],[-2.10584,53.54899],[-2.10586,53.54882],[-2.10586,53.54893],[-2.10586,53.54899]]],[[[-2.10586,53.54899],[-2.10626,53.54896],[-2.10589,53.54912],[-2.10586,53.54903],[-2.10586,53.54899]]],[[[-2.10705,53.54889],[-2.10713,53.54889],[-2.10667,53.54926],[-2.10651,53.54976],[-2.10636,53.54978],[-2.10622,53.54961],[-2.10705,53.54889]]],[[[-2.10584,53.54899],[-2.10579,53.5498],[-2.10543,53.54903],[-2.10584,53.54899]]],[[[-2.10579,53.5498],[-2.10603,53.5503],[-2.10598,53.54984],[-2.10636,53.54978],[-2.10647,53.54991],[-2.10623,53.55066],[-2.10573,53.55074],[-2.10579,53.5498]]],[[[-2.10623,53.55066],[-2.10657,53.5506],[-2.10619,53.55078],[-2.10623,53.55066]]],[[[-2.10619,53.55078],[-2.10617,53.55084],[-2.10611,53.55081],[-2.10619,53.55078]]],[[[-2.10617,53.55084],[-2.10706,53.5512],[-2.1056,53.55265],[-2.10617,53.55084]]],[[[-2.12508,53.55005],[-2.12328,53.55071],[-2.12036,53.55092],[-2.11779,53.55224],[-2.11727,53.55153],[-2.11315,53.55224],[-2.11315,53.55214],[-2.11246,53.55357],[-2.11178,53.55377],[-2.11143,53.55377],[-2.10989,53.55285],[-2.10792,53.55347],[-2.1089,53.5529],[-2.1094,53.55262],[-2.10989,53.55234],[-2.10706,53.5512],[-2.10714,53.55112],[-2.10714,53.55071],[-2.10749,53.55112],[-2.10719,53.55031],[-2.11092,53.54857],[-2.10713,53.54889],[-2.10891,53.54744],[-2.10903,53.54755],[-2.10893,53.54742],[-2.10912,53.54727],[-2.10993,53.54606],[-2.11033,53.54547],[-2.11212,53.54469],[-2.11624,53.54235],[-2.1189,53.54225],[-2.12654,53.54561],[-2.12731,53.54638],[-2.1271,53.54788],[-2.12699,53.54863],[-2.12688,53.54939],[-2.12508,53.55005]]],[[[-2.10798,53.54661],[-2.10796,53.54663],[-2.10788,53.54663],[-2.10789,53.54661],[-2.10799,53.54657],[-2.10798,53.54661]]],[[[-2.10798,53.54663],[-2.10798,53.54661],[-2.10805,53.54655],[-2.10821,53.54648],[-2.10826,53.54654],[-2.10802,53.54665],[-2.108,53.54663],[-2.10798,53.54663]]],[[[-2.10796,53.54663],[-2.10798,53.54663],[-2.10797,53.54667],[-2.10787,53.54671],[-2.10796,53.54663]]],[[[-2.10586,53.54913],[-2.10586,53.54913],[-2.10586,53.54908],[-2.10586,53.54913]]],[[[-2.10586,53.54913],[-2.10589,53.54912],[-2.10594,53.54928],[-2.10622,53.54961],[-2.10597,53.54982],[-2.10594,53.54954],[-2.10586,53.54913]]],[[[-2.10586,53.54913],[-2.10595,53.54983],[-2.10595,53.54984],[-2.10586,53.54913],[-2.10586,53.54913]]],[[[-2.10595,53.54983],[-2.10597,53.54982],[-2.10598,53.54984],[-2.10595,53.54984],[-2.10595,53.54983]]],[[[-2.10595,53.54984],[-2.10595,53.54984],[-2.10594,53.54984],[-2.10595,53.54984]]],[[[-2.10595,53.54984],[-2.10595,53.54984],[-2.10598,53.55007],[-2.10595,53.54984]]],[[[-2.10691,53.55044],[-2.10647,53.54991],[-2.10651,53.54976],[-2.10697,53.54969],[-2.10719,53.55031],[-2.10691,53.55044]]],[[[-2.10691,53.55044],[-2.10699,53.55053],[-2.10657,53.5506],[-2.10691,53.55044]]],[[[-2.10699,53.55053],[-2.10714,53.55051],[-2.10714,53.55071],[-2.10699,53.55053]]]]}},{"type":"Feature","properties":{"source_code":"P85608","codes":["P85608"],"label":"Perkins Practice"},"geometry":{"type":"Polygon","coordinates":[[[-2.12036,53.55446],[-2.10356,53.56104],[-2.10343,53.56035],[-2.10359,53.55965],[-2.10422,53.55827],[-2.10445,53.5576],[-2.10458,53.5569],[-2.10458,53.55551],[-2.1043,53.55365],[-2.10393,53.55177],[-2.10313,53.54986],[-2.10083,53.55037],[-2.10003,53.55055],[-2.10027,53.55089],[-2.10046,53.55124],[-2.10104,53.55202],[-2.1014,53.55295],[-2.09994,53.55458],[-2.09805,53.55604],[-2.0951,53.55573],[-2.09371,53.55539],[-2.09231,53.55498],[-2.09134,53.55449],[-2.08979,53.5541],[-2.08833,53.55345],[-2.08532,53.55251],[-2.08595,53.55197],[-2.0865,53.55136],[-2.08733,53.55022],[-2.08928,53.54744],[-2.08711,53.54787],[-2.08599,53.54804],[-2.08556,53.54695],[-2.08505,53.54636],[-2.08522,53.54578],[-2.08496,53.54508],[-2.08627,53.54487],[-2.09114,53.54432],[-2.09342,53.54422],[-2.09588,53.54416],[-2.09791,53.54388],[-2.10062,53.54309],[-2.10311,53.54116],[-2.10629,53.53984],[-2.11092,53.53811],[-2.11555,53.53791],[-2.11616,53.53895],[-2.11719,53.54009],[-2.11873,53.54207],[-2.11993,53.54612],[-2.12028,53.54821],[-2.12036,53.55029],[-2.12049,53.55237],[-2.12036,53.55446]]]}},{"type":"Feature","properties":{"source_code":"Y02875","codes":["Y02875"],"label":"Lindley House Health Centre"},"geometry":{"type":"MultiPolygon","coordinates":[[[[-2.16483,53.50788],[-2.1648,53.50788],[-2.16465,53.50786],[-2.16483,53.50788]]],[[[-2.16483,53.50788],[-2.16637,53.50765],[-2.16549,53.50795],[-2.16483,53.50788]]],[[[-2.16539,53.50798],[-2.16549,53.50795],[-2.16843,53.50826],[-2.16717,53.50832],[-2.16705,53.50826],[-2.16539,53.50798]]],[[[-2.17598,53.51255],[-2.17159,53.51044],[-2.17014,53.50908],[-2.1698,53.50765],[-2.17598,53.51255]]],[[[-2.1648,53.50788],[-2.16539,53.50798],[-2.16396,53.50847],[-2.16717,53.50832],[-2.17159,53.51044],[-2.20997,53.54643],[-2.12448,53.56764],[-2.0929,53.57946],[-2.02148,53.56805],[-1.99436,53.57049],[-1.99677,53.53276],[-2.1648,53.50788]]]]}},{"type":"Feature","properties":{"source_code":"P89018","codes":["P89018"],"label":"Denton Medical Practice"},"geometry":{"type":"Polygon","coordinates":[[[-2.15847,53.45801],[-2.13615,53.45698],[-2.1389,53.46452],[-2.13272,53.47165],[-2.10869,53.48222],[-2.08654,53.48151],[-2.0747,53.47017],[-2.09702,53.43449],[-2.13358,53.44277],[-2.15847,53.45801]]]}},{"type":"Feature","properties":{"source_code":"P88044","codes":["P88044"],"label":"Bredbury Medical Centre"},"geometry":{"type":"Polygon","coordinates":[[[-2.08706,53.4529],[-2.05273,53.45514],[-2.06165,53.41772],[-2.07127,53.40892],[-2.09667,53.40134],[-2.12517,53.40053],[-2.15538,53.41281],[-2.12276,53.42856],[-2.0953,53.43408],[-2.08706,53.4529]]]}},{"type":"Feature","properties":{"source_code":"Y02713","codes":["Y02713"],"label":"Guide Bridge Medical Practice"},"geometry":{"type":"Polygon","coordinates":[[[-2.11624,53.49979],[-2.07848,53.48794],[-2.09959,53.46301],[-2.1068,53.45729],[-2.13667,53.45893],[-2.13581,53.49356],[-2.11624,53.49979]]]}},{"type":"Feature","properties":{"source_code":"P85012","codes":["P85012"],"label":"Oldham Medical Services"},"geometry":{"type":"Polygon","coordinates":[[[-2.1304,53.53495],[-2.12678,53.53721],[-2.12384,53.53732],[-2.12004,53.53644],[-2.11315,53.53725],[-2.10041,53.53536],[-2.0986,53.53368],[-2.09538,53.52393],[-2.09732,53.51424],[-2.10594,53.51122],[-2.12045,53.51572],[-2.12384,53.51417],[-2.12767,53.51145],[-2.13283,53.50927],[-2.13539,53.51323],[-2.14255,53.52059],[-2.14039,53.5232],[-2.13721,53.52536],[-2.1304,53.53495]]]}},{"type":"Feature","properties":{"source_code":"P89020","codes":["P89020"],"label":"HT Practice"},"geometry":{"type":"Polygon","coordinates":[[[-2.15847,53.4809],[-2.10714,53.5052],[-2.05307,53.52541],[-2.00912,53.47742],[-2.13066,53.4529],[-2.15847,53.4809]]]}}]}