{"type":"FeatureCollection","metadata":{"bundle_id":"bundle-003","practice_count":91,"feature_count":91},"features":[{"type":"Feature","properties":{"source_code":"L83054","codes":["L83054"],"label":"TOWNSEND HOUSE MEDICAL CENTRE"},"geometry":{"type":"MultiPolygon","coordinates":[[[[-2.97729,50.74818],[-2.97729,50.74819],[-2.96597,50.74623],[-2.97729,50.74818]]],[[[-3.17196,50.68493],[-3.18089,50.70711],[-3.17883,50.74428],[-3.162,50.75427],[-3.12372,50.78868],[-3.0621,50.77186],[-3.03703,50.76904],[-3.03909,50.75883],[-2.97729,50.74818],[-2.96253,50.7132],[-2.98347,50.70429],[-3.02742,50.69733],[-3.07961,50.70298],[-3.09471,50.68471],[-3.17196,50.68493]]]]}},{"type":"Feature","properties":{"source_code":"L83007","codes":["L83007"],"label":"SEATON & COLYTON MEDICAL PRACTICE"},"geometry":{"type":"Polygon","coordinates":[[[-2.99515,50.7069],[-3.0033,50.70206],[-3.01489,50.69983],[-3.02854,50.69934],[-3.04287,50.70059],[-3.07154,50.70439],[-3.08209,50.70195],[-3.09059,50.69515],[-3.10329,50.7082],[-3.12424,50.71255],[-3.15788,50.71646],[-3.17136,50.72287],[-3.1723,50.72461],[-3.17539,50.72882],[-3.17608,50.73325],[-3.17745,50.74189],[-3.18758,50.75161],[-3.18973,50.75614],[-3.1905,50.76089],[-3.18707,50.76206],[-3.18329,50.76192],[-3.17505,50.76144],[-3.12183,50.76437],[-3.09196,50.78033],[-3.07119,50.7787],[-3.06072,50.78619],[-3.05351,50.77772],[-3.02467,50.75297],[-2.99515,50.7069]]]}},{"type":"Feature","properties":{"source_code":"J81647","codes":["J81647"],"label":"LYME BAY MEDICAL PRACTICE"},"geometry":{"type":"Polygon","coordinates":[[[-2.93472,50.72364],[-2.99377,50.70266],[-3.07205,50.69733],[-3.09952,50.74688],[-2.97592,50.81895],[-2.84409,50.7408],[-2.93472,50.72364]]]}},{"type":"Feature","properties":{"source_code":"J81076","codes":["J81076"],"label":"AMMONITE HEALTH PARTNERSHIP"},"geometry":{"type":"Polygon","coordinates":[[[-2.53175,50.81049],[-2.5275,50.8071],[-2.52394,50.80284],[-2.52141,50.79424],[-2.51304,50.77696],[-2.51068,50.75275],[-2.51024,50.74967],[-2.5086,50.74751],[-2.50738,50.74581],[-2.50751,50.74354],[-2.54022,50.73705],[-2.59209,50.7345],[-2.64262,50.73685],[-2.68801,50.73769],[-2.69335,50.73779],[-2.6981,50.7393],[-2.70113,50.74011],[-2.70441,50.74109],[-2.7121,50.74206],[-2.71545,50.74311],[-2.72121,50.74417],[-2.72805,50.7444],[-2.73334,50.74398],[-2.73637,50.74217],[-2.74008,50.741],[-2.7906,50.75744],[-2.82693,50.77942],[-2.83305,50.80887],[-2.83916,50.84524],[-2.78039,50.86468],[-2.65496,50.86976],[-2.59764,50.84271],[-2.56436,50.82497],[-2.54514,50.81947],[-2.53175,50.81049]]]}},{"type":"Feature","properties":{"source_code":"L83020","codes":["L83020"],"label":"AXMINSTER MEDICAL PRACTICE"},"geometry":{"type":"Polygon","coordinates":[[[-3.11359,50.85104],[-3.1076,50.85777],[-3.10297,50.8632],[-3.10025,50.8641],[-3.07797,50.86264],[-3.04888,50.86036],[-3.04306,50.86001],[-3.03604,50.85972],[-3.03175,50.86247],[-3.02371,50.86169],[-3.01566,50.8609],[-3.00589,50.85802],[-2.99062,50.85708],[-2.98275,50.84611],[-2.97504,50.8399],[-2.97009,50.8363],[-2.96142,50.83137],[-2.94519,50.83229],[-2.9058,50.82052],[-2.90103,50.80499],[-2.90382,50.79812],[-2.89953,50.79199],[-2.90211,50.78716],[-2.93592,50.7806],[-2.94348,50.76483],[-2.95137,50.76068],[-2.98305,50.75774],[-2.99639,50.74764],[-3.01663,50.74792],[-3.03095,50.74213],[-3.04939,50.74857],[-3.06549,50.76287],[-3.08364,50.76893],[-3.08832,50.78871],[-3.10501,50.80132],[-3.10741,50.8302],[-3.11359,50.85104]]]}},{"type":"Feature","properties":{"source_code":"J81074","codes":["J81074"],"label":"BARTON HOUSE MED PRACTICE"},"geometry":{"type":"Polygon","coordinates":[[[-2.78709,50.87271],[-2.64084,50.86578],[-2.59277,50.80767],[-2.73697,50.75383],[-2.88666,50.78771],[-2.8997,50.82025],[-2.8949,50.85624],[-2.78709,50.87271]]]}},{"type":"Feature","properties":{"source_code":"L85030","codes":["L85030"],"label":"ARIEL HEALTHCARE"},"geometry":{"type":"Polygon","coordinates":[[[-2.94914,50.92944],[-2.9306,50.91819],[-2.92442,50.91602],[-2.86949,50.89351],[-2.84821,50.88008],[-2.85027,50.85483],[-2.87292,50.82459],[-2.92923,50.81331],[-2.97043,50.82242],[-2.97935,50.82502],[-2.98553,50.83153],[-3.04115,50.84107],[-3.07961,50.86881],[-3.05214,50.91645],[-2.94914,50.92944]]]}},{"type":"Feature","properties":{"source_code":"L85004","codes":["L85004"],"label":"CREWKERNE HEALTH CENTRE, CREWKERNE"},"geometry":{"type":"Polygon","coordinates":[[[-2.77575,50.83885],[-2.7852,50.83962],[-2.79245,50.83409],[-2.80639,50.83632],[-2.81501,50.8346],[-2.82177,50.83123],[-2.82964,50.83101],[-2.83384,50.83148],[-2.85507,50.83099],[-2.86689,50.83174],[-2.87145,50.8376],[-2.87991,50.84102],[-2.8858,50.84745],[-2.89506,50.85154],[-2.89463,50.85669],[-2.88437,50.86872],[-2.87549,50.87095],[-2.86901,50.87531],[-2.87356,50.88026],[-2.87519,50.88316],[-2.87053,50.88684],[-2.87174,50.8953],[-2.85674,50.9077],[-2.8537,50.91371],[-2.85878,50.9331],[-2.85383,50.93431],[-2.84896,50.93626],[-2.84476,50.93689],[-2.82843,50.93789],[-2.81141,50.93963],[-2.8056,50.94144],[-2.8014,50.94147],[-2.79443,50.94403],[-2.78791,50.94511],[-2.77861,50.94768],[-2.76997,50.94788],[-2.75498,50.94577],[-2.73899,50.93923],[-2.72703,50.9365],[-2.71757,50.92844],[-2.70488,50.92335],[-2.69272,50.92254],[-2.68151,50.92246],[-2.67444,50.91763],[-2.67418,50.91571],[-2.67649,50.91407],[-2.67798,50.90432],[-2.68376,50.90045],[-2.69307,50.89877],[-2.69369,50.89301],[-2.70035,50.88648],[-2.69935,50.88176],[-2.71744,50.87479],[-2.71874,50.85279],[-2.72283,50.84612],[-2.72955,50.84372],[-2.74047,50.841],[-2.75454,50.84115],[-2.77575,50.83885]]]}},{"type":"Feature","properties":{"source_code":"J81017","codes":["J81017"],"label":"YETMINSTER HEALTH CENTRE"},"geometry":{"type":"Polygon","coordinates":[[[-2.52398,50.94957],[-2.52305,50.94973],[-2.52153,50.9502],[-2.52112,50.95038],[-2.52076,50.95047],[-2.52044,50.95043],[-2.51987,50.95027],[-2.51906,50.95032],[-2.51831,50.95043],[-2.51772,50.95026],[-2.51721,50.95015],[-2.51688,50.94997],[-2.51604,50.95013],[-2.51561,50.95023],[-2.51451,50.95024],[-2.51263,50.95005],[-2.51141,50.94997],[-2.51065,50.94988],[-2.50991,50.94978],[-2.50926,50.94962],[-2.50853,50.94948],[-2.50793,50.94933],[-2.50758,50.94919],[-2.50711,50.94876],[-2.5067,50.94831],[-2.50671,50.94754],[-2.50683,50.94679],[-2.50694,50.94596],[-2.50714,50.94517],[-2.5075,50.94474],[-2.50809,50.94441],[-2.50895,50.94425],[-2.51105,50.94362],[-2.51175,50.94333],[-2.51282,50.94275],[-2.51505,50.94143],[-2.51712,50.94004],[-2.51834,50.9391],[-2.51835,50.9388],[-2.5181,50.93861],[-2.51777,50.93847],[-2.51676,50.93826],[-2.51573,50.93828],[-2.51467,50.93832],[-2.51365,50.93836],[-2.51272,50.93822],[-2.51208,50.93784],[-2.5116,50.93726],[-2.51148,50.93685],[-2.5116,50.93647],[-2.51183,50.93582],[-2.51198,50.9353],[-2.51194,50.93475],[-2.5116,50.93371],[-2.51147,50.9324],[-2.51113,50.93183],[-2.51059,50.93105],[-2.51046,50.93044],[-2.51001,50.9292],[-2.50999,50.92744],[-2.50965,50.92561],[-2.5087,50.92375],[-2.50759,50.92208],[-2.50666,50.92042],[-2.50596,50.91958],[-2.50503,50.91874],[-2.50325,50.91754],[-2.50211,50.91624],[-2.50123,50.91478],[-2.50119,50.91364],[-2.50123,50.91221],[-2.50126,50.91173],[-2.50096,50.91131],[-2.50068,50.91046],[-2.50066,50.90947],[-2.50042,50.90854],[-2.50005,50.90817],[-2.49948,50.90782],[-2.499,50.90747],[-2.49836,50.90715],[-2.49776,50.90654],[-2.49739,50.90585],[-2.49705,50.90489],[-2.49688,50.90395],[-2.49572,50.902],[-2.49357,50.89784],[-2.49289,50.89545],[-2.49203,50.89213],[-2.49136,50.89027],[-2.49078,50.88947],[-2.48903,50.88694],[-2.4851,50.88089],[-2.48293,50.87742],[-2.48151,50.87501],[-2.47971,50.87195],[-2.47774,50.86843],[-2.47718,50.86771],[-2.47615,50.86717],[-2.4754,50.8667],[-2.47439,50.86636],[-2.47173,50.86541],[-2.47083,50.86449],[-2.46911,50.86341],[-2.4686,50.86314],[-2.46813,50.86281],[-2.46793,50.86231],[-2.46772,50.86178],[-2.46777,50.86152],[-2.46789,50.86105],[-2.46855,50.8605],[-2.47019,50.85924],[-2.47212,50.85765],[-2.47379,50.85685],[-2.47529,50.85562],[-2.47699,50.85447],[-2.47928,50.85329],[-2.48156,50.85283],[-2.48334,50.852],[-2.48465,50.85093],[-2.48724,50.84879],[-2.48791,50.8474],[-2.48891,50.84667],[-2.48939,50.84619],[-2.48978,50.84572],[-2.48956,50.84495],[-2.49012,50.84393],[-2.49115,50.84321],[-2.49169,50.84336],[-2.49263,50.84367],[-2.49357,50.84356],[-2.49454,50.84316],[-2.49718,50.84276],[-2.49812,50.84245],[-2.49885,50.84226],[-2.50031,50.84217],[-2.50177,50.84241],[-2.50274,50.84275],[-2.50314,50.84329],[-2.50347,50.84389],[-2.50557,50.84267],[-2.50683,50.84249],[-2.50825,50.84187],[-2.50965,50.84098],[-2.51047,50.83991],[-2.51166,50.83859],[-2.51439,50.83611],[-2.51595,50.83409],[-2.51928,50.83278],[-2.52007,50.83259],[-2.52093,50.83245],[-2.52192,50.83244],[-2.52295,50.83252],[-2.52462,50.83217],[-2.52746,50.83202],[-2.5317,50.83219],[-2.53398,50.83191],[-2.5387,50.83044],[-2.54703,50.82784],[-2.55273,50.82597],[-2.55651,50.82435],[-2.559,50.82315],[-2.55797,50.82161],[-2.55565,50.81453],[-2.55458,50.81174],[-2.61139,50.81044],[-2.61372,50.81231],[-2.61612,50.81357],[-2.61822,50.81515],[-2.61993,50.81595],[-2.62041,50.81629],[-2.62062,50.81664],[-2.6213,50.81766],[-2.62218,50.81833],[-2.62383,50.81863],[-2.62404,50.81905],[-2.62431,50.81928],[-2.62477,50.81952],[-2.62565,50.81985],[-2.62683,50.82067],[-2.62805,50.821],[-2.62882,50.82132],[-2.62938,50.82147],[-2.63047,50.82134],[-2.63159,50.8213],[-2.63221,50.82161],[-2.63281,50.82204],[-2.63341,50.82283],[-2.63425,50.82338],[-2.63477,50.82425],[-2.6353,50.82532],[-2.6353,50.82586],[-2.63513,50.82689],[-2.63532,50.82771],[-2.63564,50.82828],[-2.63655,50.82928],[-2.63693,50.83069],[-2.63768,50.83135],[-2.63839,50.83172],[-2.63925,50.83253],[-2.64112,50.83293],[-2.64225,50.83349],[-2.64378,50.83383],[-2.64442,50.83383],[-2.64509,50.83389],[-2.64633,50.83401],[-2.64732,50.83398],[-2.64854,50.83367],[-2.64905,50.83364],[-2.65039,50.83318],[-2.65276,50.83232],[-2.65398,50.83174],[-2.65529,50.83117],[-2.65684,50.8307],[-2.65893,50.83003],[-2.66046,50.82993],[-2.66242,50.8299],[-2.66269,50.83],[-2.66274,50.83011],[-2.66312,50.83026],[-2.66427,50.83035],[-2.66531,50.83057],[-2.66598,50.83102],[-2.66722,50.83213],[-2.66754,50.83252],[-2.66831,50.8332],[-2.66999,50.83393],[-2.67054,50.83394],[-2.67252,50.83479],[-2.67313,50.83497],[-2.67317,50.83507],[-2.67339,50.83531],[-2.67373,50.83568],[-2.67401,50.83651],[-2.67381,50.83688],[-2.67356,50.83717],[-2.67354,50.83773],[-2.67368,50.83861],[-2.67335,50.83905],[-2.67324,50.83956],[-2.67354,50.84114],[-2.67376,50.84137],[-2.67407,50.84139],[-2.67429,50.8415],[-2.67441,50.84173],[-2.67445,50.84204],[-2.67474,50.84247],[-2.67481,50.8432],[-2.67501,50.845],[-2.67488,50.84531],[-2.67452,50.84555],[-2.67411,50.84591],[-2.6739,50.84641],[-2.67387,50.84676],[-2.67392,50.84713],[-2.67459,50.84849],[-2.67474,50.84935],[-2.67547,50.85055],[-2.67457,50.85073],[-2.67358,50.85103],[-2.67335,50.85122],[-2.67341,50.85214],[-2.67335,50.85244],[-2.67309,50.85256],[-2.66927,50.85253],[-2.66845,50.85311],[-2.66796,50.85345],[-2.66732,50.85379],[-2.66687,50.85463],[-2.66642,50.85474],[-2.66599,50.85475],[-2.66384,50.85465],[-2.66345,50.85521],[-2.66311,50.85741],[-2.6626,50.86624],[-2.67307,50.88016],[-2.67191,50.88063],[-2.67173,50.88061],[-2.67149,50.88072],[-2.67058,50.88131],[-2.66891,50.88243],[-2.66824,50.88274],[-2.66743,50.88303],[-2.66664,50.88342],[-2.66609,50.88372],[-2.6656,50.88422],[-2.66456,50.88505],[-2.66434,50.88509],[-2.66293,50.88567],[-2.66217,50.886],[-2.66145,50.88638],[-2.66113,50.88661],[-2.66058,50.88711],[-2.66023,50.88702],[-2.65978,50.88701],[-2.65925,50.88687],[-2.6588,50.88674],[-2.65807,50.88649],[-2.65764,50.88629],[-2.65709,50.88612],[-2.65603,50.88558],[-2.65527,50.88535],[-2.65489,50.88528],[-2.65467,50.88518],[-2.65446,50.88507],[-2.65411,50.88482],[-2.65371,50.88461],[-2.65242,50.88417],[-2.6509,50.88347],[-2.65049,50.88402],[-2.65013,50.88461],[-2.64944,50.88515],[-2.64899,50.88576],[-2.64835,50.88739],[-2.64828,50.88793],[-2.64798,50.88859],[-2.6473,50.88936],[-2.6468,50.88985],[-2.64648,50.89045],[-2.6465,50.89106],[-2.64637,50.89156],[-2.64502,50.89432],[-2.64494,50.89486],[-2.6453,50.89533],[-2.64586,50.89597],[-2.64618,50.89643],[-2.6461,50.89754],[-2.64597,50.89849],[-2.64592,50.89939],[-2.64584,50.89992],[-2.64543,50.90037],[-2.64474,50.90062],[-2.64446,50.90091],[-2.64404,50.90115],[-2.6435,50.90144],[-2.64097,50.90273],[-2.63876,50.90429],[-2.64142,50.90533],[-2.64496,50.90643],[-2.64629,50.90654],[-2.64828,50.90685],[-2.64959,50.90675],[-2.65047,50.90694],[-2.65313,50.90781],[-2.65429,50.9083],[-2.65571,50.90868],[-2.65603,50.90908],[-2.65532,50.91071],[-2.65535,50.91111],[-2.65704,50.91173],[-2.65745,50.91204],[-2.65762,50.9124],[-2.65775,50.91284],[-2.65747,50.91338],[-2.65781,50.91411],[-2.65805,50.91466],[-2.65856,50.91505],[-2.65642,50.91735],[-2.6544,50.91919],[-2.64985,50.92054],[-2.64685,50.92395],[-2.64552,50.92311],[-2.64286,50.92276],[-2.64075,50.92162],[-2.63831,50.92192],[-2.635,50.92273],[-2.63594,50.92395],[-2.60109,50.9332],[-2.58874,50.93374],[-2.585,50.93358],[-2.57445,50.93401],[-2.57299,50.93439],[-2.56467,50.93596],[-2.56213,50.93688],[-2.56003,50.93801],[-2.55677,50.9392],[-2.55252,50.93937],[-2.54797,50.94118],[-2.54548,50.94202],[-2.54419,50.94234],[-2.54209,50.94296],[-2.53756,50.9448],[-2.53235,50.94694],[-2.5296,50.94787],[-2.52701,50.94892],[-2.52651,50.94909],[-2.52591,50.94925],[-2.52482,50.94951],[-2.52398,50.94957]]]}},{"type":"Feature","properties":{"source_code":"Y01163","codes":["Y01163"],"label":"WEST COKER SURGERY"},"geometry":{"type":"Polygon","coordinates":[[[-2.73259,50.96427],[-2.71784,50.95725],[-2.69639,50.94935],[-2.68952,50.946],[-2.67342,50.93945],[-2.6693,50.93859],[-2.66862,50.93626],[-2.66647,50.93399],[-2.66381,50.93318],[-2.66407,50.93128],[-2.66372,50.92923],[-2.66107,50.92993],[-2.65883,50.93004],[-2.65703,50.92917],[-2.65523,50.9282],[-2.65111,50.92907],[-2.64768,50.93031],[-2.6432,50.93194],[-2.64268,50.93161],[-2.63959,50.92891],[-2.62449,50.93161],[-2.61866,50.93075],[-2.6063,50.92967],[-2.58914,50.93172],[-2.58159,50.93226],[-2.5814,50.93162],[-2.57934,50.9247],[-2.61057,50.91734],[-2.61743,50.91431],[-2.62395,50.90976],[-2.62189,50.90608],[-2.61709,50.90045],[-2.61537,50.89461],[-2.60988,50.89201],[-2.60988,50.88746],[-2.62567,50.87728],[-2.65415,50.86904],[-2.65415,50.86861],[-2.68058,50.86796],[-2.71833,50.87013],[-2.74818,50.88204],[-2.77015,50.89547],[-2.77015,50.89504],[-2.80069,50.90933],[-2.79926,50.91549],[-2.79572,50.93183],[-2.79866,50.94128],[-2.79932,50.94287],[-2.79917,50.94291],[-2.79932,50.9434],[-2.78268,50.94741],[-2.76964,50.95184],[-2.75557,50.96027],[-2.75611,50.95905],[-2.74235,50.96731],[-2.73259,50.96427]]]}},{"type":"Feature","properties":{"source_code":"L85054","codes":["L85054"],"label":"SUMMERVALE SURGERY"},"geometry":{"type":"Polygon","coordinates":[[[-2.97639,50.87972],[-2.97342,50.87976],[-2.98252,50.88076],[-2.97639,50.87972],[-2.98279,50.87964],[-2.98534,50.88099],[-2.9918,50.88129],[-2.99583,50.88138],[-2.99389,50.8815],[-2.99528,50.8829],[-2.99652,50.88311],[-2.9954,50.88302],[-2.99563,50.88326],[-3.00201,50.88398],[-2.99583,50.88346],[-2.99592,50.88355],[-3.01712,50.88571],[-3.02399,50.91256],[-3.04835,50.95972],[-3.00682,50.97789],[-2.98828,50.97789],[-2.92271,51.00663],[-2.85475,50.98718],[-2.83039,50.94956],[-2.82695,50.93095],[-2.81906,50.92944],[-2.81115,50.92749],[-2.80773,50.91018],[-2.91138,50.87488],[-2.92922,50.87671],[-2.9306,50.87661],[-2.94022,50.87748],[-2.94058,50.8773],[-2.9258,50.87618],[-2.92175,50.87543],[-2.91893,50.87531],[-2.92144,50.87537],[-2.91412,50.87401],[-2.91962,50.87401],[-2.93178,50.87562],[-2.94344,50.8759],[-2.9464,50.87444],[-2.95306,50.87612],[-2.95532,50.87618],[-2.97639,50.87972]],[[-2.96755,50.87999],[-2.97208,50.88036],[-2.977,50.88059],[-2.97232,50.87978],[-2.96771,50.87984],[-2.96755,50.87999]],[[-2.9653,50.8804],[-2.965,50.88038],[-2.96552,50.88044],[-2.9653,50.8804]],[[-2.97107,50.88032],[-2.96768,50.88008],[-2.96883,50.88021],[-2.97107,50.88032]]]}},{"type":"Feature","properties":{"source_code":"L85061","codes":["L85061"],"label":"THE MEADOWS SURGERY"},"geometry":{"type":"MultiPolygon","coordinates":[[[[-2.8664,50.98901],[-2.8688,50.98956],[-2.86934,50.98974],[-2.86743,50.98956],[-2.8664,50.98901]]],[[[-2.86934,50.98974],[-2.87177,50.98997],[-2.87086,50.98956],[-2.86558,50.98858],[-2.8664,50.98901],[-2.85973,50.98748],[-2.85254,50.98614],[-2.84889,50.98696],[-2.84615,50.98221],[-2.84134,50.97832],[-2.83653,50.9727],[-2.83241,50.96837],[-2.83104,50.96232],[-2.83104,50.9567],[-2.83104,50.95064],[-2.82898,50.94199],[-2.82967,50.93463],[-2.83447,50.93204],[-2.83448,50.93198],[-2.83379,50.93117],[-2.83497,50.92833],[-2.83653,50.91689],[-2.83997,50.91039],[-2.84381,50.90717],[-2.84992,50.89252],[-2.85027,50.88874],[-2.85112,50.89007],[-2.85757,50.89106],[-2.84958,50.88658],[-2.86743,50.88571],[-2.88734,50.88138],[-2.90794,50.87574],[-2.92854,50.87358],[-2.95052,50.87401],[-2.95807,50.87704],[-2.95464,50.88484],[-2.96082,50.89004],[-2.97249,50.8948],[-2.99961,50.89437],[-3.00888,50.89827],[-3.01849,50.9013],[-3.03154,50.9052],[-3.03566,50.91083],[-3.03909,50.91645],[-3.03223,50.92511],[-3.02605,50.92901],[-3.02399,50.93507],[-3.0233,50.94112],[-3.0233,50.94545],[-3.02193,50.95453],[-3.01643,50.96318],[-3.01506,50.97226],[-3.01437,50.97875],[-3.00262,50.9722],[-3.00613,50.97486],[-3.00613,50.98351],[-3.00133,50.9874],[-3.00029,50.98891],[-3.01025,50.98005],[-3.00476,50.98696],[-2.99721,50.99431],[-2.99515,51.00079],[-2.99377,51.00641],[-2.99171,51.01246],[-2.98416,51.01678],[-2.97867,51.02023],[-2.97386,51.02283],[-2.96356,51.02153],[-2.95258,51.0211],[-2.94022,51.01851],[-2.93541,51.01894],[-2.93393,51.01858],[-2.93472,51.0198],[-2.93155,51.01801],[-2.92648,51.01678],[-2.9203,51.01375],[-2.91138,51.01159],[-2.90382,51.00598],[-2.8949,50.99993],[-2.8894,50.99647],[-2.88048,50.99388],[-2.87664,50.99216],[-2.86934,50.98974]]],[[[-2.92567,50.92921],[-2.91964,50.92584],[-2.92168,50.92771],[-2.92567,50.92921]]]]}},{"type":"Feature","properties":{"source_code":"L85624","codes":["L85624"],"label":"CHURCH VIEW MEDICAL CENTRE"},"geometry":{"type":"Polygon","coordinates":[[[-3.01369,50.99345],[-2.90039,51.00684],[-2.82692,50.9714],[-2.82829,50.89524],[-2.94983,50.85451],[-3.08441,50.87661],[-3.09883,50.9329],[-3.01369,50.99345]]]}},{"type":"Feature","properties":{"source_code":"L85022","codes":["L85022"],"label":"DIAMOND HEALTH GROUP"},"geometry":{"type":"Polygon","coordinates":[[[-2.57368,50.95202],[-2.59037,50.89112],[-2.71397,50.89437],[-2.71019,50.97378],[-2.64874,50.98912],[-2.62899,50.99172],[-2.61337,50.99993],[-2.57904,50.99042],[-2.57368,50.95202]]]}},{"type":"Feature","properties":{"source_code":"L85017","codes":["L85017"],"label":"PENN HILL SURGERY, YEOVIL"},"geometry":{"type":"Polygon","coordinates":[[[-2.55148,50.93976],[-2.55204,50.93341],[-2.55385,50.92716],[-2.56239,50.92499],[-2.56834,50.91986],[-2.56941,50.9171],[-2.56809,50.91478],[-2.56647,50.90992],[-2.57284,50.90498],[-2.58014,50.90059],[-2.58825,50.89681],[-2.59705,50.8937],[-2.6064,50.89131],[-2.61614,50.88968],[-2.62614,50.88883],[-2.63622,50.88878],[-2.64555,50.88908],[-2.65603,50.89104],[-2.66544,50.89333],[-2.67432,50.89635],[-2.68253,50.90004],[-2.68995,50.90435],[-2.69645,50.90921],[-2.70194,50.91455],[-2.70632,50.92028],[-2.70953,50.92631],[-2.71152,50.93255],[-2.71225,50.93889],[-2.71198,50.94207],[-2.70965,50.94568],[-2.70665,50.9514],[-2.70689,50.95758],[-2.70267,50.96336],[-2.69734,50.96876],[-2.69098,50.9737],[-2.68368,50.9781],[-2.67556,50.98188],[-2.66675,50.985],[-2.65738,50.98739],[-2.64762,50.98903],[-2.64261,50.99086],[-2.63709,50.99161],[-2.62612,50.99188],[-2.61471,50.99092],[-2.60638,50.99048],[-2.60216,50.98799],[-2.59823,50.98537],[-2.58933,50.98235],[-2.58111,50.97865],[-2.57369,50.97434],[-2.56719,50.96946],[-2.56172,50.96412],[-2.55735,50.95838],[-2.55415,50.95235],[-2.55219,50.94611],[-2.55148,50.93976]]]}},{"type":"Feature","properties":{"source_code":"L85015","codes":["L85015"],"label":"PRESTON GROVE MEDICAL CENTRE, YEOVIL"},"geometry":{"type":"Polygon","coordinates":[[[-2.60952,50.88797],[-2.65754,50.86246],[-2.68811,50.87015],[-2.70271,50.88126],[-2.71422,50.89215],[-2.72268,50.91129],[-2.77474,50.9395],[-2.76693,50.9547],[-2.75779,50.98533],[-2.68741,51.01109],[-2.64333,50.99324],[-2.61862,50.99673],[-2.59646,51.00594],[-2.5688,51.00651],[-2.57856,50.97683],[-2.56359,50.95179],[-2.57063,50.92362],[-2.59906,50.89571],[-2.60952,50.88797]]]}},{"type":"Feature","properties":{"source_code":"L85026","codes":["L85026"],"label":"HAMDON MEDICAL CENTRE, STOKE-SUB-HAMDON"},"geometry":{"type":"Polygon","coordinates":[[[-2.59813,50.96855],[-2.59823,50.96813],[-2.59825,50.96803],[-2.59824,50.96786],[-2.59825,50.96775],[-2.5983,50.9676],[-2.59856,50.96704],[-2.59858,50.96696],[-2.59858,50.96687],[-2.59856,50.9668],[-2.59852,50.96672],[-2.59847,50.96664],[-2.59841,50.96656],[-2.59833,50.96649],[-2.59814,50.96634],[-2.59778,50.96611],[-2.59747,50.96593],[-2.59705,50.96568],[-2.59675,50.96554],[-2.5966,50.9655],[-2.59608,50.96531],[-2.59599,50.96526],[-2.59595,50.96522],[-2.59592,50.96518],[-2.59591,50.96514],[-2.59591,50.96508],[-2.596,50.96487],[-2.59616,50.96462],[-2.59619,50.96456],[-2.59619,50.9645],[-2.59618,50.96443],[-2.59614,50.96437],[-2.5961,50.96432],[-2.59605,50.96428],[-2.596,50.96426],[-2.59588,50.96421],[-2.59564,50.96414],[-2.59546,50.9641],[-2.59537,50.9641],[-2.59528,50.96409],[-2.59522,50.96409],[-2.59362,50.96148],[-2.59365,50.96138],[-2.59367,50.96132],[-2.59372,50.9612],[-2.59381,50.9611],[-2.59398,50.96093],[-2.594,50.9609],[-2.59403,50.96084],[-2.59404,50.96078],[-2.59407,50.96041],[-2.59409,50.96038],[-2.59411,50.96036],[-2.59416,50.96034],[-2.59419,50.96033],[-2.59426,50.96033],[-2.59434,50.96034],[-2.59442,50.96036],[-2.59452,50.9604],[-2.59464,50.96046],[-2.59479,50.96056],[-2.59487,50.9606],[-2.59492,50.96063],[-2.59504,50.96065],[-2.59516,50.96066],[-2.59533,50.96068],[-2.59542,50.96068],[-2.59552,50.96067],[-2.59564,50.96065],[-2.59577,50.96062],[-2.59589,50.96059],[-2.59615,50.96048],[-2.59651,50.9603],[-2.59664,50.96022],[-2.59674,50.96014],[-2.59678,50.9601],[-2.59682,50.96004],[-2.59687,50.95992],[-2.59693,50.95975],[-2.59703,50.95961],[-2.59704,50.95957],[-2.59704,50.95951],[-2.59702,50.95926],[-2.59702,50.95918],[-2.59707,50.95898],[-2.59734,50.95856],[-2.59735,50.95853],[-2.59739,50.95841],[-2.59742,50.95819],[-2.59743,50.95804],[-2.59741,50.95797],[-2.59739,50.95788],[-2.59735,50.9578],[-2.59731,50.95774],[-2.59722,50.95766],[-2.59686,50.9574],[-2.59684,50.95734],[-2.59684,50.95722],[-2.59689,50.95706],[-2.59704,50.95675],[-2.59707,50.95666],[-2.59714,50.95641],[-2.59719,50.95627],[-2.59724,50.95618],[-2.59742,50.95595],[-2.59746,50.95589],[-2.59749,50.95582],[-2.59751,50.95574],[-2.59752,50.95563],[-2.59751,50.95552],[-2.59745,50.95534],[-2.59744,50.95523],[-2.59745,50.95517],[-2.59746,50.95508],[-2.5975,50.955],[-2.5976,50.95485],[-2.59788,50.95452],[-2.59816,50.95412],[-2.5982,50.95401],[-2.59822,50.95394],[-2.59825,50.95382],[-2.59824,50.95368],[-2.59822,50.95355],[-2.59815,50.9533],[-2.59813,50.95325],[-2.59809,50.9532],[-2.59802,50.95315],[-2.59798,50.95312],[-2.59745,50.95286],[-2.59735,50.95277],[-2.59732,50.95272],[-2.59729,50.95266],[-2.59726,50.95257],[-2.59725,50.95248],[-2.59726,50.95241],[-2.59727,50.95237],[-2.59729,50.95234],[-2.59733,50.9523],[-2.59738,50.95227],[-2.59745,50.95225],[-2.5979,50.95217],[-2.59795,50.95215],[-2.59799,50.95212],[-2.59803,50.95209],[-2.59805,50.95203],[-2.59806,50.95174],[-2.59805,50.9517],[-2.59803,50.95166],[-2.59799,50.95161],[-2.59795,50.95156],[-2.59789,50.95153],[-2.59782,50.9515],[-2.59766,50.95146],[-2.59729,50.95142],[-2.59725,50.9514],[-2.59718,50.95135],[-2.59708,50.95116],[-2.59706,50.95104],[-2.59706,50.95097],[-2.5971,50.95088],[-2.59737,50.95042],[-2.59738,50.95038],[-2.59739,50.95035],[-2.59735,50.95006],[-2.59733,50.95001],[-2.59727,50.94995],[-2.59723,50.94993],[-2.59673,50.94969],[-2.59668,50.94963],[-2.59668,50.94962],[-2.59734,50.9492],[-2.59733,50.94915],[-2.5979,50.94873],[-2.59777,50.94857],[-2.59769,50.94852],[-2.5976,50.94848],[-2.59754,50.94846],[-2.59744,50.94844],[-2.59726,50.94842],[-2.59717,50.94842],[-2.59703,50.94843],[-2.59686,50.94845],[-2.59688,50.94834],[-2.5969,50.94804],[-2.59695,50.94795],[-2.59698,50.94792],[-2.59708,50.94786],[-2.59732,50.94773],[-2.59739,50.94768],[-2.59742,50.94764],[-2.59744,50.94757],[-2.59744,50.9474],[-2.59747,50.94736],[-2.59753,50.94732],[-2.59789,50.94715],[-2.59796,50.94712],[-2.59856,50.947],[-2.60023,50.94692],[-2.60033,50.9469],[-2.60038,50.94687],[-2.60041,50.94685],[-2.60043,50.94682],[-2.60044,50.94679],[-2.60044,50.94677],[-2.60034,50.94644],[-2.60034,50.94639],[-2.60036,50.94636],[-2.60038,50.94633],[-2.60045,50.94627],[-2.6005,50.94624],[-2.60059,50.9462],[-2.60143,50.94596],[-2.60173,50.94586],[-2.60224,50.94563],[-2.6023,50.94561],[-2.60254,50.94554],[-2.60263,50.94552],[-2.60307,50.94547],[-2.60317,50.94544],[-2.60322,50.94541],[-2.60326,50.94538],[-2.6033,50.94535],[-2.60332,50.94532],[-2.60334,50.94525],[-2.60331,50.94507],[-2.60332,50.94504],[-2.60337,50.94499],[-2.60343,50.94494],[-2.60349,50.9449],[-2.60355,50.94487],[-2.60366,50.94485],[-2.60414,50.94478],[-2.60422,50.94479],[-2.60427,50.9448],[-2.60433,50.94483],[-2.60447,50.94497],[-2.6045,50.945],[-2.60458,50.94506],[-2.60465,50.9451],[-2.60472,50.94514],[-2.60479,50.94517],[-2.60545,50.94536],[-2.60553,50.94536],[-2.60563,50.94534],[-2.60574,50.9453],[-2.60587,50.94522],[-2.60595,50.94516],[-2.60598,50.94512],[-2.60612,50.9448],[-2.60619,50.94464],[-2.6062,50.9446],[-2.6062,50.94453],[-2.60616,50.94442],[-2.60604,50.94422],[-2.60599,50.94411],[-2.60596,50.944],[-2.60593,50.94388],[-2.60593,50.94379],[-2.60594,50.94373],[-2.60595,50.94363],[-2.60598,50.94354],[-2.606,50.9435],[-2.60608,50.94339],[-2.60612,50.94337],[-2.60615,50.94335],[-2.6062,50.94334],[-2.6063,50.94333],[-2.6064,50.94334],[-2.60648,50.94336],[-2.60651,50.94337],[-2.60666,50.94348],[-2.60669,50.94349],[-2.60675,50.9435],[-2.60684,50.94349],[-2.60689,50.94348],[-2.60696,50.94344],[-2.60705,50.94339],[-2.60711,50.94334],[-2.60724,50.94322],[-2.60729,50.94316],[-2.60732,50.94312],[-2.60734,50.94306],[-2.60736,50.94298],[-2.60737,50.94287],[-2.60737,50.94275],[-2.60736,50.94267],[-2.60735,50.94261],[-2.60723,50.94232],[-2.6072,50.94216],[-2.6072,50.94204],[-2.60721,50.94192],[-2.60724,50.94181],[-2.60728,50.94172],[-2.60731,50.94168],[-2.60735,50.94162],[-2.60743,50.94155],[-2.6075,50.9415],[-2.60768,50.9414],[-2.60805,50.94116],[-2.60851,50.94087],[-2.60857,50.94082],[-2.60865,50.94074],[-2.60874,50.94064],[-2.60884,50.94051],[-2.60917,50.94033],[-2.60945,50.94012],[-2.6096,50.94002],[-2.60976,50.93994],[-2.61004,50.93981],[-2.61008,50.93979],[-2.6102,50.93971],[-2.61028,50.93966],[-2.61041,50.93962],[-2.61078,50.93954],[-2.61083,50.93954],[-2.61094,50.93954],[-2.61111,50.93956],[-2.61213,50.93971],[-2.61238,50.93973],[-2.61253,50.93973],[-2.61257,50.93974],[-2.61262,50.93975],[-2.61267,50.93978],[-2.6127,50.9398],[-2.61271,50.93984],[-2.6127,50.93989],[-2.61255,50.9401],[-2.61253,50.94018],[-2.61253,50.94023],[-2.61254,50.94026],[-2.61264,50.94042],[-2.61265,50.94047],[-2.61266,50.9405],[-2.61264,50.94065],[-2.61265,50.94072],[-2.61266,50.94076],[-2.61268,50.94078],[-2.6127,50.9408],[-2.61275,50.94083],[-2.61282,50.94085],[-2.6129,50.94087],[-2.61303,50.94087],[-2.61403,50.94074],[-2.61435,50.94067],[-2.61443,50.94067],[-2.61451,50.94069],[-2.61456,50.94072],[-2.61473,50.94092],[-2.61476,50.94073],[-2.61478,50.9404],[-2.61479,50.94005],[-2.61479,50.93996],[-2.61477,50.93979],[-2.61474,50.93962],[-2.61469,50.93942],[-2.61462,50.93922],[-2.61456,50.93906],[-2.61451,50.93896],[-2.61441,50.93877],[-2.61422,50.93851],[-2.61409,50.93834],[-2.61393,50.93817],[-2.61376,50.938],[-2.61359,50.93784],[-2.61343,50.93772],[-2.61329,50.93762],[-2.61316,50.93753],[-2.61298,50.93743],[-2.61272,50.93729],[-2.61245,50.93714],[-2.61201,50.93693],[-2.61171,50.9368],[-2.61148,50.93672],[-2.61121,50.93664],[-2.61099,50.93658],[-2.61073,50.93651],[-2.60963,50.93628],[-2.60906,50.93617],[-2.60922,50.93598],[-2.60837,50.93576],[-2.6081,50.93568],[-2.60736,50.93541],[-2.60656,50.93509],[-2.60643,50.93503],[-2.60627,50.93494],[-2.60613,50.93489],[-2.60595,50.93483],[-2.60586,50.93479],[-2.60541,50.93449],[-2.6052,50.93434],[-2.60508,50.93426],[-2.60496,50.93414],[-2.6049,50.93406],[-2.60457,50.93344],[-2.60358,50.93234],[-2.60343,50.93218],[-2.60333,50.93202],[-2.60322,50.93183],[-2.60319,50.93175],[-2.60315,50.93158],[-2.60313,50.93147],[-2.60312,50.93134],[-2.60313,50.93128],[-2.60317,50.93119],[-2.60312,50.931],[-2.60273,50.93044],[-2.60285,50.93015],[-2.60286,50.93009],[-2.60287,50.93004],[-2.60285,50.92944],[-2.60287,50.92892],[-2.60288,50.92874],[-2.60298,50.92861],[-2.60304,50.9283],[-2.60303,50.92823],[-2.60302,50.92819],[-2.60298,50.92811],[-2.60306,50.92768],[-2.60317,50.92719],[-2.60311,50.92711],[-2.60274,50.92619],[-2.60325,50.92611],[-2.6039,50.92607],[-2.60397,50.92595],[-2.604,50.92591],[-2.60406,50.92587],[-2.6041,50.92584],[-2.60433,50.9257],[-2.60445,50.92564],[-2.60458,50.92559],[-2.60472,50.92554],[-2.60499,50.92546],[-2.6053,50.9254],[-2.60529,50.9253],[-2.60629,50.92521],[-2.60675,50.92512],[-2.60684,50.92517],[-2.60691,50.92512],[-2.60685,50.92499],[-2.60807,50.92471],[-2.60821,50.92482],[-2.60848,50.92477],[-2.6087,50.92468],[-2.60863,50.92456],[-2.60885,50.92447],[-2.60916,50.92432],[-2.60943,50.92418],[-2.60969,50.92402],[-2.60985,50.92407],[-2.61086,50.92362],[-2.61214,50.92316],[-2.61211,50.92302],[-2.61268,50.923],[-2.61285,50.92309],[-2.61309,50.92294],[-2.61305,50.92284],[-2.61338,50.92271],[-2.6135,50.92272],[-2.61351,50.92266],[-2.61351,50.92262],[-2.61353,50.92258],[-2.61359,50.92252],[-2.61376,50.9224],[-2.61379,50.92236],[-2.61381,50.9223],[-2.6138,50.92226],[-2.61381,50.92221],[-2.61385,50.92202],[-2.61388,50.92198],[-2.61389,50.92194],[-2.61389,50.9219],[-2.61387,50.92187],[-2.61385,50.92184],[-2.61382,50.92182],[-2.61377,50.9218],[-2.61337,50.92168],[-2.61333,50.92165],[-2.61332,50.92163],[-2.61333,50.92161],[-2.61334,50.92159],[-2.61338,50.92157],[-2.61357,50.92144],[-2.6136,50.92139],[-2.6136,50.92136],[-2.61357,50.92133],[-2.61354,50.9213],[-2.61336,50.92124],[-2.61332,50.9212],[-2.61331,50.92118],[-2.61331,50.92116],[-2.61332,50.92114],[-2.61335,50.92111],[-2.61339,50.92098],[-2.61334,50.9209],[-2.61323,50.92077],[-2.61321,50.92071],[-2.61322,50.92065],[-2.61323,50.9206],[-2.61324,50.92058],[-2.61347,50.92052],[-2.6135,50.9205],[-2.61354,50.92047],[-2.61357,50.92044],[-2.61358,50.92042],[-2.61357,50.9203],[-2.61359,50.9202],[-2.61365,50.9201],[-2.61378,50.91992],[-2.61381,50.91985],[-2.61381,50.9198],[-2.6138,50.91975],[-2.61377,50.91968],[-2.61378,50.91962],[-2.61379,50.9196],[-2.61383,50.91956],[-2.61401,50.91946],[-2.61404,50.9194],[-2.61404,50.91936],[-2.61402,50.91932],[-2.61398,50.91928],[-2.61387,50.91906],[-2.61387,50.91901],[-2.61389,50.91895],[-2.61392,50.91891],[-2.61396,50.91888],[-2.61401,50.91885],[-2.61407,50.91883],[-2.61417,50.91882],[-2.61458,50.91882],[-2.61466,50.9188],[-2.6147,50.91878],[-2.61473,50.91875],[-2.61474,50.91871],[-2.61471,50.91861],[-2.61472,50.91824],[-2.61461,50.91815],[-2.61456,50.91809],[-2.61451,50.91803],[-2.61448,50.91797],[-2.61447,50.91793],[-2.61444,50.91773],[-2.61445,50.9177],[-2.61444,50.91766],[-2.61442,50.91765],[-2.61439,50.91763],[-2.61408,50.91757],[-2.61403,50.91752],[-2.614,50.91749],[-2.61399,50.91745],[-2.61399,50.91741],[-2.614,50.91736],[-2.614,50.91711],[-2.61403,50.91707],[-2.61407,50.91705],[-2.61411,50.91704],[-2.61414,50.91704],[-2.61417,50.91704],[-2.61432,50.91709],[-2.61441,50.9171],[-2.61449,50.9171],[-2.61455,50.91709],[-2.61462,50.91707],[-2.61469,50.91704],[-2.61477,50.917],[-2.61483,50.91687],[-2.61482,50.91682],[-2.61479,50.91677],[-2.61476,50.91674],[-2.61472,50.91672],[-2.61469,50.91671],[-2.61464,50.91671],[-2.61453,50.91671],[-2.61449,50.9167],[-2.61443,50.91669],[-2.61438,50.91668],[-2.61431,50.91663],[-2.61429,50.9166],[-2.61427,50.91657],[-2.61426,50.91654],[-2.61426,50.91648],[-2.61426,50.91629],[-2.61429,50.91619],[-2.61432,50.91612],[-2.61436,50.91606],[-2.61441,50.91601],[-2.61458,50.91586],[-2.61468,50.91572],[-2.61477,50.91557],[-2.61478,50.91552],[-2.6148,50.91549],[-2.61483,50.91546],[-2.61488,50.91542],[-2.61495,50.9154],[-2.61501,50.91538],[-2.61536,50.91535],[-2.61546,50.91532],[-2.61554,50.91529],[-2.61559,50.91526],[-2.61562,50.91523],[-2.61566,50.91519],[-2.61569,50.91514],[-2.6157,50.91509],[-2.6157,50.91504],[-2.61568,50.915],[-2.61563,50.91494],[-2.61523,50.91463],[-2.61517,50.91461],[-2.61515,50.91459],[-2.61513,50.91457],[-2.61513,50.91455],[-2.61514,50.91452],[-2.61515,50.91451],[-2.61522,50.91445],[-2.61528,50.9144],[-2.61543,50.91433],[-2.61544,50.91406],[-2.6157,50.91388],[-2.61572,50.91386],[-2.61574,50.91382],[-2.61574,50.91378],[-2.61574,50.91375],[-2.61561,50.91352],[-2.61556,50.91332],[-2.61537,50.913],[-2.61531,50.91288],[-2.61531,50.91284],[-2.61532,50.91282],[-2.61534,50.91279],[-2.61538,50.91277],[-2.61542,50.91276],[-2.61548,50.91275],[-2.61583,50.91281],[-2.61589,50.91281],[-2.61594,50.9128],[-2.61598,50.91279],[-2.61601,50.91276],[-2.61603,50.91273],[-2.61604,50.91271],[-2.61605,50.91267],[-2.61604,50.91263],[-2.616,50.91258],[-2.61593,50.91242],[-2.61593,50.91238],[-2.61594,50.91234],[-2.61597,50.91231],[-2.61601,50.91228],[-2.61608,50.91225],[-2.61623,50.91215],[-2.61626,50.91212],[-2.61628,50.91208],[-2.61628,50.91205],[-2.61626,50.91202],[-2.61624,50.91199],[-2.61618,50.91196],[-2.61603,50.91183],[-2.61615,50.91176],[-2.61655,50.91156],[-2.61662,50.91155],[-2.61667,50.91154],[-2.61679,50.91154],[-2.61685,50.91153],[-2.61691,50.91152],[-2.61696,50.91149],[-2.61703,50.91144],[-2.6173,50.91129],[-2.61747,50.91113],[-2.61753,50.9111],[-2.61757,50.91109],[-2.61766,50.91108],[-2.61774,50.91109],[-2.6178,50.91112],[-2.61811,50.91122],[-2.61825,50.9112],[-2.61833,50.91117],[-2.61848,50.91112],[-2.61856,50.91108],[-2.61864,50.91103],[-2.61872,50.91096],[-2.61882,50.91084],[-2.61895,50.91062],[-2.61897,50.91054],[-2.61897,50.91049],[-2.61895,50.91044],[-2.61893,50.91038],[-2.61886,50.91031],[-2.61869,50.91005],[-2.61869,50.91002],[-2.61875,50.90983],[-2.61883,50.90982],[-2.61889,50.9098],[-2.61894,50.90978],[-2.61897,50.90975],[-2.61899,50.90973],[-2.61905,50.90958],[-2.61913,50.90948],[-2.6192,50.90949],[-2.61926,50.90948],[-2.61938,50.90948],[-2.62027,50.90945],[-2.62043,50.90958],[-2.62048,50.9096],[-2.62054,50.90962],[-2.62062,50.90962],[-2.62069,50.90962],[-2.62075,50.9096],[-2.6208,50.90957],[-2.62084,50.90953],[-2.62085,50.90948],[-2.62082,50.90942],[-2.62081,50.90939],[-2.62082,50.90934],[-2.62096,50.90919],[-2.62102,50.90916],[-2.62106,50.90912],[-2.6211,50.90908],[-2.62112,50.90905],[-2.62113,50.90902],[-2.62113,50.90897],[-2.62111,50.90894],[-2.62108,50.9089],[-2.62102,50.90886],[-2.621,50.90885],[-2.62082,50.90884],[-2.62076,50.90882],[-2.62074,50.90881],[-2.62072,50.90879],[-2.62072,50.90877],[-2.62072,50.90875],[-2.62076,50.90871],[-2.6211,50.90822],[-2.62112,50.9082],[-2.62116,50.90818],[-2.62121,50.90817],[-2.62133,50.90816],[-2.6214,50.90815],[-2.62147,50.90814],[-2.62153,50.90811],[-2.62193,50.90791],[-2.622,50.90782],[-2.62204,50.90772],[-2.62205,50.90767],[-2.62206,50.90765],[-2.62207,50.90763],[-2.62211,50.90761],[-2.62215,50.90759],[-2.62222,50.90758],[-2.6224,50.90764],[-2.62244,50.90764],[-2.62252,50.90764],[-2.62257,50.90763],[-2.6226,50.90761],[-2.62265,50.90756],[-2.62269,50.90751],[-2.62273,50.90746],[-2.62276,50.90733],[-2.62276,50.90723],[-2.62259,50.90712],[-2.62252,50.9071],[-2.62249,50.90707],[-2.62247,50.90704],[-2.62246,50.90701],[-2.62246,50.90679],[-2.62249,50.90676],[-2.62251,50.90672],[-2.62251,50.90669],[-2.6225,50.90666],[-2.62248,50.90663],[-2.62243,50.9066],[-2.62239,50.90659],[-2.62231,50.90658],[-2.62194,50.9065],[-2.62177,50.90629],[-2.62162,50.90617],[-2.6216,50.90609],[-2.62157,50.90603],[-2.62153,50.90596],[-2.62142,50.90585],[-2.62141,50.90582],[-2.62142,50.90576],[-2.6214,50.90572],[-2.62139,50.9057],[-2.62135,50.90568],[-2.62132,50.90567],[-2.62127,50.90566],[-2.62111,50.90561],[-2.62108,50.9056],[-2.62105,50.90558],[-2.62104,50.90556],[-2.62103,50.90553],[-2.62104,50.90551],[-2.62108,50.90546],[-2.62109,50.90543],[-2.62109,50.90537],[-2.62106,50.90532],[-2.62102,50.90528],[-2.62095,50.90518],[-2.62098,50.90514],[-2.621,50.90509],[-2.62099,50.90505],[-2.62091,50.9049],[-2.62049,50.90458],[-2.62046,50.90457],[-2.62041,50.90456],[-2.62034,50.90456],[-2.62029,50.90457],[-2.62022,50.9046],[-2.62012,50.90462],[-2.61999,50.90458],[-2.61983,50.9046],[-2.61964,50.90449],[-2.6196,50.90448],[-2.61956,50.90448],[-2.61952,50.90449],[-2.61948,50.90452],[-2.61946,50.9045],[-2.61942,50.90448],[-2.6194,50.90444],[-2.61939,50.90441],[-2.61941,50.90434],[-2.61941,50.90432],[-2.61937,50.90428],[-2.61935,50.90426],[-2.61931,50.90424],[-2.61923,50.90423],[-2.619,50.90416],[-2.61893,50.90416],[-2.61875,50.90416],[-2.61871,50.90416],[-2.61868,50.90414],[-2.61861,50.90411],[-2.61856,50.90406],[-2.61855,50.90404],[-2.61857,50.90397],[-2.61848,50.9039],[-2.61844,50.9037],[-2.61832,50.90352],[-2.61803,50.90351],[-2.61801,50.90348],[-2.61801,50.90342],[-2.61801,50.90337],[-2.61802,50.90335],[-2.61806,50.90331],[-2.61806,50.90329],[-2.61805,50.90327],[-2.61799,50.9032],[-2.61797,50.90316],[-2.61797,50.90312],[-2.61797,50.90309],[-2.61799,50.90304],[-2.61804,50.903],[-2.61806,50.90298],[-2.61809,50.90292],[-2.61809,50.90291],[-2.61808,50.9029],[-2.61805,50.90289],[-2.61802,50.90289],[-2.61798,50.90291],[-2.61784,50.9029],[-2.61773,50.90284],[-2.61767,50.9028],[-2.6176,50.90275],[-2.61757,50.90271],[-2.61788,50.90229],[-2.61785,50.90226],[-2.61768,50.90215],[-2.61765,50.90212],[-2.61765,50.90208],[-2.61766,50.90203],[-2.61768,50.90199],[-2.61773,50.90196],[-2.61777,50.90193],[-2.61781,50.90192],[-2.61786,50.90191],[-2.61796,50.9019],[-2.61821,50.90194],[-2.61828,50.90194],[-2.61831,50.90193],[-2.61833,50.90192],[-2.61836,50.9019],[-2.61837,50.90187],[-2.61838,50.90185],[-2.61836,50.9018],[-2.61821,50.90167],[-2.61783,50.9016],[-2.61769,50.90122],[-2.6174,50.90082],[-2.61652,50.90098],[-2.61633,50.90102],[-2.6164,50.9007],[-2.6164,50.90046],[-2.61639,50.90043],[-2.61639,50.90041],[-2.61641,50.90039],[-2.61643,50.90038],[-2.61648,50.90036],[-2.61649,50.90034],[-2.61649,50.90032],[-2.61647,50.90029],[-2.61643,50.90028],[-2.61631,50.90026],[-2.61627,50.90025],[-2.61625,50.90024],[-2.61623,50.90022],[-2.61622,50.90019],[-2.61623,50.90015],[-2.61638,50.90002],[-2.6164,50.89999],[-2.61641,50.89996],[-2.61641,50.89992],[-2.6164,50.89988],[-2.61637,50.89985],[-2.61626,50.89976],[-2.61622,50.8997],[-2.6162,50.89964],[-2.61622,50.8996],[-2.61623,50.89957],[-2.61622,50.89954],[-2.6162,50.89952],[-2.61616,50.89949],[-2.61613,50.89948],[-2.61591,50.89945],[-2.61586,50.89935],[-2.62016,50.89509],[-2.6247,50.89326],[-2.63113,50.89272],[-2.63595,50.89244],[-2.64399,50.89214],[-2.64923,50.89288],[-2.65448,50.89361],[-2.66215,50.89586],[-2.67024,50.89887],[-2.67512,50.90215],[-2.67993,50.90085],[-2.68797,50.90004],[-2.69518,50.89796],[-2.70568,50.90044],[-2.7068,50.89483],[-2.71325,50.89505],[-2.72129,50.89474],[-2.73335,50.89391],[-2.74295,50.89079],[-2.74167,50.88571],[-2.74197,50.87935],[-2.74876,50.8765],[-2.75555,50.87366],[-2.76231,50.86904],[-2.76914,50.86823],[-2.7748,50.86997],[-2.78244,50.86992],[-2.78728,50.87065],[-2.79334,50.87265],[-2.80224,50.87538],[-2.80833,50.87865],[-2.80838,50.8817],[-2.802,50.8848],[-2.80044,50.88761],[-2.8013,50.89091],[-2.80779,50.89418],[-2.81507,50.89642],[-2.82316,50.89865],[-2.83005,50.90115],[-2.83572,50.9034],[-2.84221,50.9059],[-2.84869,50.90839],[-2.85315,50.90989],[-2.85761,50.91189],[-2.86452,50.9154],[-2.87543,50.91736],[-2.87511,50.92194],[-2.86915,50.92631],[-2.86398,50.92966],[-2.86002,50.93325],[-2.85808,50.93759],[-2.85693,50.94065],[-2.85416,50.94322],[-2.85263,50.94781],[-2.85067,50.95062],[-2.84837,50.95726],[-2.84521,50.96059],[-2.84243,50.9629],[-2.83888,50.96725],[-2.83856,50.97158],[-2.8414,50.97283],[-2.84627,50.97458],[-2.85156,50.97734],[-2.85766,50.98009],[-2.86337,50.98387],[-2.86911,50.98866],[-2.87322,50.99321],[-2.87737,50.99903],[-2.87944,51.00232],[-2.88153,51.00613],[-2.88322,51.01018],[-2.88039,51.01419],[-2.86751,51.02399],[-2.85279,51.0327],[-2.83645,51.04018],[-2.81875,51.04631],[-2.79997,51.05099],[-2.78041,51.05415],[-2.76037,51.05575],[-2.74017,51.05575],[-2.72014,51.05415],[-2.70057,51.05099],[-2.68179,51.04631],[-2.6641,51.04018],[-2.64776,51.0327],[-2.64347,51.02956],[-2.64868,51.02623],[-2.65305,51.02162],[-2.65702,51.01676],[-2.65897,51.01217],[-2.66168,51.00452],[-2.66279,50.99714],[-2.66387,50.98822],[-2.66252,50.97856],[-2.66001,50.97222],[-2.65714,50.96816],[-2.65113,50.97125],[-2.64431,50.97307],[-2.63585,50.97388],[-2.63061,50.9739],[-2.61811,50.97295],[-2.6072,50.97123],[-2.59813,50.96855]]]}},{"type":"Feature","properties":{"source_code":"L85048","codes":["L85048"],"label":"RYALLS PARK MEDICAL CENTRE, YEOVIL"},"geometry":{"type":"Polygon","coordinates":[[[-2.52439,50.95201],[-2.5252,50.94294],[-2.5278,50.934],[-2.53215,50.92534],[-2.5382,50.91709],[-2.54583,50.90938],[-2.55494,50.90233],[-2.56536,50.89606],[-2.57696,50.89066],[-2.58952,50.88622],[-2.60288,50.88281],[-2.6168,50.88047],[-2.63107,50.87926],[-2.64547,50.87918],[-2.65978,50.88024],[-2.67376,50.88242],[-2.6872,50.88569],[-2.69989,50.88999],[-2.71163,50.89526],[-2.72223,50.90142],[-2.73152,50.90836],[-2.73937,50.91598],[-2.74563,50.92417],[-2.75023,50.93278],[-2.75307,50.94169],[-2.75413,50.95076],[-2.75337,50.95983],[-2.75081,50.96877],[-2.74649,50.97744],[-2.74047,50.98571],[-2.73286,50.99343],[-2.72376,51.00049],[-2.71333,51.00677],[-2.70173,51.01218],[-2.68914,51.01664],[-2.67575,51.02006],[-2.66179,51.0224],[-2.64748,51.02362],[-2.63303,51.0237],[-2.61868,51.02264],[-2.60466,51.02045],[-2.59118,51.01717],[-2.57847,51.01286],[-2.56672,51.00758],[-2.55612,51.0014],[-2.54683,50.99445],[-2.539,50.98681],[-2.53276,50.97862],[-2.52821,50.96999],[-2.5254,50.96108],[-2.52439,50.95201]]]}},{"type":"Feature","properties":{"source_code":"L85064","codes":["L85064"],"label":"OAKLANDS SURGERY"},"geometry":{"type":"Polygon","coordinates":[[[-2.62531,50.95771],[-2.62377,50.95781],[-2.62149,50.95888],[-2.6203,50.95951],[-2.61962,50.96039],[-2.61883,50.96085],[-2.61743,50.96128],[-2.61595,50.96151],[-2.61441,50.96166],[-2.61104,50.96131],[-2.60476,50.9601],[-2.5987,50.95896],[-2.59724,50.95871],[-2.59734,50.95856],[-2.59735,50.95853],[-2.59739,50.95841],[-2.59742,50.95819],[-2.59743,50.95804],[-2.59741,50.95797],[-2.59739,50.95788],[-2.59735,50.9578],[-2.59731,50.95774],[-2.59722,50.95766],[-2.59686,50.9574],[-2.59684,50.95734],[-2.59684,50.95722],[-2.59689,50.95706],[-2.59704,50.95675],[-2.59707,50.95666],[-2.59714,50.95641],[-2.59719,50.95627],[-2.59724,50.95618],[-2.59742,50.95595],[-2.59746,50.95589],[-2.59749,50.95582],[-2.59751,50.95574],[-2.59752,50.95563],[-2.59751,50.95552],[-2.59745,50.95534],[-2.59744,50.95523],[-2.59745,50.95517],[-2.59746,50.95508],[-2.5975,50.955],[-2.5976,50.95485],[-2.59788,50.95452],[-2.59816,50.95412],[-2.5982,50.95401],[-2.59822,50.95394],[-2.59825,50.95382],[-2.59824,50.95368],[-2.59822,50.95355],[-2.59815,50.9533],[-2.59813,50.95325],[-2.59809,50.9532],[-2.59802,50.95315],[-2.59798,50.95312],[-2.59745,50.95286],[-2.59735,50.95277],[-2.59732,50.95272],[-2.59729,50.95266],[-2.59726,50.95257],[-2.59725,50.95248],[-2.59726,50.95241],[-2.59727,50.95237],[-2.59729,50.95234],[-2.59733,50.9523],[-2.59738,50.95227],[-2.59745,50.95225],[-2.5979,50.95217],[-2.59795,50.95215],[-2.59799,50.95212],[-2.59803,50.95209],[-2.59805,50.95203],[-2.59806,50.95174],[-2.59805,50.9517],[-2.59803,50.95166],[-2.59799,50.95161],[-2.59795,50.95156],[-2.59789,50.95153],[-2.59782,50.9515],[-2.59766,50.95146],[-2.59729,50.95142],[-2.59725,50.9514],[-2.59718,50.95135],[-2.59708,50.95116],[-2.59706,50.95104],[-2.59706,50.95097],[-2.5971,50.95088],[-2.59737,50.95042],[-2.59738,50.95038],[-2.59739,50.95035],[-2.59735,50.95006],[-2.59733,50.95001],[-2.59727,50.94995],[-2.59723,50.94993],[-2.59673,50.94969],[-2.59668,50.94963],[-2.59668,50.94962],[-2.59734,50.9492],[-2.59733,50.94915],[-2.5979,50.94873],[-2.59777,50.94857],[-2.59769,50.94852],[-2.5976,50.94848],[-2.59754,50.94846],[-2.59744,50.94844],[-2.59726,50.94842],[-2.59717,50.94842],[-2.59703,50.94843],[-2.59686,50.94845],[-2.59688,50.94834],[-2.5969,50.94804],[-2.59695,50.94795],[-2.59698,50.94792],[-2.59708,50.94786],[-2.59732,50.94773],[-2.59739,50.94768],[-2.59742,50.94764],[-2.59744,50.94757],[-2.59744,50.9474],[-2.59747,50.94736],[-2.59753,50.94732],[-2.59789,50.94715],[-2.59796,50.94712],[-2.59856,50.947],[-2.60023,50.94692],[-2.60033,50.9469],[-2.60038,50.94687],[-2.60041,50.94685],[-2.60043,50.94682],[-2.60044,50.94679],[-2.60044,50.94677],[-2.60034,50.94644],[-2.60034,50.94639],[-2.60036,50.94636],[-2.60038,50.94633],[-2.60045,50.94627],[-2.6005,50.94624],[-2.60059,50.9462],[-2.60143,50.94596],[-2.60173,50.94586],[-2.60224,50.94563],[-2.6023,50.94561],[-2.60254,50.94554],[-2.60263,50.94552],[-2.60307,50.94547],[-2.60317,50.94544],[-2.60322,50.94541],[-2.60326,50.94538],[-2.6033,50.94535],[-2.60332,50.94532],[-2.60334,50.94525],[-2.60331,50.94507],[-2.60332,50.94504],[-2.60337,50.94499],[-2.60343,50.94494],[-2.60349,50.9449],[-2.60355,50.94487],[-2.60366,50.94485],[-2.60414,50.94478],[-2.60422,50.94479],[-2.60427,50.9448],[-2.60433,50.94483],[-2.60447,50.94497],[-2.6045,50.945],[-2.60458,50.94506],[-2.60465,50.9451],[-2.60472,50.94514],[-2.60479,50.94517],[-2.60545,50.94536],[-2.60553,50.94536],[-2.60563,50.94534],[-2.60574,50.9453],[-2.60587,50.94522],[-2.60595,50.94516],[-2.60598,50.94512],[-2.60612,50.9448],[-2.60619,50.94464],[-2.6062,50.9446],[-2.6062,50.94453],[-2.60616,50.94442],[-2.60604,50.94422],[-2.60599,50.94411],[-2.60596,50.944],[-2.60593,50.94388],[-2.60593,50.94379],[-2.60594,50.94373],[-2.60595,50.94363],[-2.60598,50.94354],[-2.606,50.9435],[-2.60608,50.94339],[-2.60612,50.94337],[-2.60615,50.94335],[-2.6062,50.94334],[-2.6063,50.94333],[-2.6064,50.94334],[-2.60648,50.94336],[-2.60651,50.94337],[-2.60666,50.94348],[-2.60669,50.94349],[-2.60675,50.9435],[-2.60684,50.94349],[-2.60689,50.94348],[-2.60696,50.94344],[-2.60705,50.94339],[-2.60711,50.94334],[-2.60724,50.94322],[-2.60729,50.94316],[-2.60732,50.94312],[-2.60734,50.94306],[-2.60736,50.94298],[-2.60737,50.94287],[-2.60737,50.94275],[-2.60736,50.94267],[-2.60735,50.94261],[-2.60723,50.94232],[-2.6072,50.94216],[-2.6072,50.94204],[-2.60721,50.94192],[-2.60724,50.94181],[-2.60728,50.94172],[-2.60731,50.94168],[-2.60735,50.94162],[-2.60743,50.94155],[-2.6075,50.9415],[-2.60761,50.94144],[-2.61091,50.9424],[-2.61278,50.94312],[-2.61438,50.94395],[-2.61531,50.94438],[-2.61667,50.94447],[-2.61836,50.94441],[-2.61958,50.94413],[-2.62204,50.94294],[-2.62416,50.94259],[-2.62842,50.94347],[-2.63014,50.94351],[-2.63309,50.94336],[-2.63392,50.94383],[-2.63531,50.94495],[-2.63545,50.94558],[-2.6343,50.95122],[-2.63397,50.95279],[-2.63283,50.95479],[-2.6327,50.95531],[-2.63257,50.95587],[-2.63217,50.95618],[-2.63128,50.9564],[-2.62929,50.95694],[-2.62733,50.95744],[-2.62621,50.95762],[-2.62531,50.95771]]]}},{"type":"Feature","properties":{"source_code":"L85052","codes":["L85052"],"label":"WARWICK HOUSE MEDICAL PRACTICE"},"geometry":{"type":"MultiPolygon","coordinates":[[[[-3.01673,50.95051],[-3.01699,50.95031],[-3.01703,50.95041],[-3.01675,50.95055],[-3.01673,50.95051]]],[[[-3.04828,51.02337],[-3.0451,51.02317],[-3.04102,51.02325],[-3.03642,51.02301],[-3.03565,51.02244],[-3.03374,51.02146],[-3.03005,51.02164],[-3.0293,51.02169],[-3.02251,51.0218],[-3.02063,51.02215],[-3.01845,51.02241],[-3.0177,51.02236],[-3.01634,51.02223],[-3.01498,51.02253],[-3.01323,51.02188],[-3.01279,51.02226],[-3.01296,51.02317],[-3.01305,51.02369],[-3.01223,51.02427],[-3.01239,51.02469],[-3.01233,51.02522],[-3.01181,51.0256],[-3.01182,51.02636],[-3.01153,51.02656],[-3.01071,51.02723],[-3.0108,51.02799],[-3.01089,51.02866],[-3.01007,51.02914],[-3.0088,51.02944],[-3.00858,51.02996],[-3.00837,51.03053],[-3.00739,51.03064],[-3.00657,51.03112],[-3.00545,51.0318],[-3.00486,51.03213],[-3.00356,51.03124],[-3.00256,51.03077],[-3.00081,51.02988],[-2.9986,51.02886],[-2.99686,51.02873],[-2.99446,51.02918],[-2.99266,51.02967],[-2.99188,51.02877],[-2.99195,51.02825],[-2.99215,51.0272],[-2.99243,51.02596],[-2.99211,51.02506],[-2.99165,51.02492],[-2.99081,51.02464],[-2.99035,51.02417],[-2.99003,51.02313],[-2.98963,51.02237],[-2.98925,51.02185],[-2.978,50.96546],[-2.99372,50.96242],[-3.02295,50.95636],[-3.02401,50.95483],[-3.0266,50.95314],[-3.02664,50.94928],[-3.02613,50.94662],[-3.02591,50.94358],[-3.02907,50.94308],[-3.03034,50.93926],[-3.03207,50.93572],[-3.03536,50.93474],[-3.03762,50.93472],[-3.04255,50.93335],[-3.0484,50.93234],[-3.05292,50.9324],[-3.05638,50.93237],[-3.06168,50.93365],[-3.06335,50.93402],[-3.0658,50.93571],[-3.06793,50.93664],[-3.07488,50.93791],[-3.07837,50.93911],[-3.08034,50.93947],[-3.0823,50.93946],[-3.08608,50.94009],[-3.0888,50.94054],[-3.09406,50.94011],[-3.09706,50.9397],[-3.09961,50.9392],[-3.10247,50.93908],[-3.10589,50.93743],[-3.11229,50.9406],[-3.11473,50.94162],[-3.1182,50.94207],[-3.12425,50.94306],[-3.12607,50.94351],[-3.09206,50.95763],[-3.09754,50.96015],[-3.10486,50.9636],[-3.10884,50.96613],[-3.11194,50.9701],[-3.11415,50.98036],[-3.11521,50.98672],[-3.11536,50.99319],[-3.11485,50.99691],[-3.11114,51.00924],[-3.11082,51.00922],[-3.10842,51.01188],[-3.10739,51.01313],[-3.10593,51.015],[-3.10469,51.01677],[-3.10327,51.01759],[-3.10451,51.01867],[-3.10444,51.01925],[-3.10386,51.01982],[-3.10228,51.02031],[-3.10207,51.02079],[-3.10224,51.02174],[-3.10249,51.02288],[-3.10076,51.0229],[-3.09774,51.02273],[-3.0942,51.02282],[-3.09006,51.02333],[-3.08758,51.02402],[-3.08188,51.02507],[-3.07631,51.02574],[-3.07,51.0258],[-3.06996,51.03348],[-3.06828,51.03429],[-3.06708,51.03482],[-3.06588,51.03493],[-3.06408,51.03568],[-3.06235,51.03649],[-3.06007,51.03751],[-3.058,51.03843],[-3.05648,51.03924],[-3.0536,51.03785],[-3.05271,51.03744],[-3.05169,51.02372],[-3.04828,51.02337]]]]}},{"type":"Feature","properties":{"source_code":"L85044","codes":["L85044"],"label":"QUEEN CAMEL MEDICAL CENTRE"},"geometry":{"type":"Polygon","coordinates":[[[-2.61063,50.97237],[-2.65148,50.97864],[-2.66109,50.99118],[-2.66779,51.01678],[-2.66024,51.04031],[-2.66358,51.06041],[-2.65869,51.07921],[-2.62144,51.07667],[-2.59543,51.08374],[-2.56943,51.08864],[-2.53183,51.10072],[-2.50849,51.09263],[-2.48137,51.07592],[-2.43484,51.04695],[-2.4418,51.02059],[-2.48029,51.00221],[-2.49748,50.99777],[-2.51364,50.99161],[-2.53235,50.97907],[-2.55793,50.9727],[-2.58685,50.96216],[-2.61063,50.97237]]]}},{"type":"Feature","properties":{"source_code":"L85609","codes":["L85609"],"label":"CREECH"},"geometry":{"type":"Polygon","coordinates":[[[-2.91639,51.02924],[-2.91693,51.02247],[-2.91881,51.0158],[-2.922,51.00933],[-2.92645,51.00316],[-2.93209,50.9974],[-2.93883,50.99212],[-2.94656,50.98742],[-2.95516,50.98337],[-2.9645,50.98003],[-2.97443,50.97745],[-2.98479,50.97568],[-2.99542,50.97474],[-3.00615,50.97465],[-3.01681,50.9754],[-3.02725,50.977],[-3.03728,50.9794],[-3.04676,50.98258],[-3.05553,50.98649],[-3.06346,50.99105],[-3.07043,50.99621],[-3.07631,51.00188],[-3.08103,51.00797],[-3.0845,51.01438],[-3.08666,51.02102],[-3.0875,51.02777],[-3.08698,51.03454],[-3.08512,51.04121],[-3.08195,51.04769],[-3.07752,51.05386],[-3.07189,51.05963],[-3.06516,51.06492],[-3.05742,51.06963],[-3.04881,51.07369],[-3.03946,51.07704],[-3.02952,51.07962],[-3.01914,51.08139],[-3.00848,51.08234],[-2.99773,51.08243],[-2.98704,51.08167],[-2.97658,51.08007],[-2.96653,51.07766],[-2.95704,51.07447],[-2.94826,51.07056],[-2.94032,51.06599],[-2.93336,51.06082],[-2.92749,51.05515],[-2.92279,51.04905],[-2.91934,51.04264],[-2.91719,51.036],[-2.91639,51.02924]]]}},{"type":"Feature","properties":{"source_code":"L85033","codes":["L85033"],"label":"LANGPORT SURGERY"},"geometry":{"type":"MultiPolygon","coordinates":[[[[-2.80812,51.08599],[-2.81446,51.08926],[-2.8054,51.08894],[-2.80489,51.08877],[-2.80812,51.08599]]],[[[-2.81446,51.08926],[-2.81536,51.08929],[-2.81525,51.08967],[-2.81446,51.08926]]],[[[-2.82829,51.04377],[-2.81896,51.07663],[-2.80812,51.08599],[-2.77911,51.07099],[-2.73079,51.05973],[-2.7168,51.05629],[-2.68856,51.03449],[-2.82992,50.9714],[-2.96631,50.97713],[-2.96751,50.97875],[-2.96854,50.9868],[-2.99287,50.99669],[-2.96247,51.00528],[-2.94408,51.00306],[-2.90721,51.04825],[-2.92135,51.07066],[-2.91112,51.09263],[-2.81536,51.08929],[-2.81896,51.07663],[-2.81984,51.07587],[-2.82829,51.04377]]]]}},{"type":"Feature","properties":{"source_code":"L85066","codes":["L85066"],"label":"BUTTERCROSS HEALTH CENTRE"},"geometry":{"type":"Polygon","coordinates":[[[-2.62728,51.02185],[-2.62075,51.02131],[-2.61646,51.02283],[-2.62058,51.0211],[-2.61663,51.01321],[-2.61801,51.00792],[-2.62899,51.00014],[-2.63835,50.99107],[-2.65114,50.9587],[-2.68766,50.97115],[-2.68272,50.99355],[-2.69182,50.99453],[-2.69361,50.99791],[-2.69405,50.99777],[-2.69384,50.99817],[-2.69388,50.9982],[-2.69371,50.99842],[-2.69217,51.00333],[-2.69132,51.0047],[-2.69096,51.00598],[-2.68787,51.01008],[-2.68427,51.01343],[-2.68327,51.01406],[-2.68169,51.01554],[-2.67208,51.02045],[-2.69957,51.0247],[-2.6989,51.03457],[-2.67011,51.06055],[-2.6561,51.06072],[-2.6462,51.02463],[-2.64356,51.02402],[-2.64324,51.02401],[-2.64224,51.02372],[-2.63792,51.02272],[-2.62988,51.02197],[-2.62728,51.02185]]]}},{"type":"Feature","properties":{"source_code":"L85056","codes":["L85056"],"label":"NORTH PETHERTON SURGERY"},"geometry":{"type":"Polygon","coordinates":[[[-2.91893,51.06902],[-2.93232,51.0619],[-2.94399,51.05909],[-2.9567,51.05434],[-2.96734,51.05024],[-2.97592,51.04787],[-2.98725,51.04722],[-2.99789,51.04852],[-3.00888,51.04787],[-3.02193,51.04744],[-3.02982,51.04334],[-3.02879,51.04787],[-3.03171,51.03783],[-3.03257,51.03233],[-3.03738,51.03168],[-3.03892,51.02704],[-3.04107,51.02407],[-3.05145,51.03319],[-3.05969,51.03287],[-3.06313,51.03751],[-3.0645,51.04075],[-3.06484,51.04593],[-3.0669,51.05456],[-3.07034,51.05995],[-3.07377,51.06578],[-3.07789,51.06988],[-3.08338,51.07031],[-3.08441,51.07355],[-3.0899,51.07614],[-3.1002,51.07419],[-3.10707,51.07657],[-3.11256,51.07894],[-3.11514,51.08239],[-3.11909,51.08304],[-3.12252,51.08433],[-3.12698,51.08681],[-3.13059,51.08908],[-3.13248,51.09037],[-3.13162,51.09199],[-3.12939,51.09414],[-3.13059,51.09716],[-3.13265,51.1005],[-3.13076,51.10449],[-3.1299,51.10805],[-3.12801,51.11117],[-3.12698,51.11355],[-3.12595,51.1157],[-3.12389,51.11861],[-3.12166,51.1199],[-3.11634,51.12238],[-3.11256,51.12314],[-3.10776,51.12475],[-3.10244,51.12691],[-3.09832,51.12766],[-3.09334,51.12809],[-3.08733,51.12766],[-3.08081,51.12755],[-3.07789,51.13326],[-3.06673,51.13315],[-3.06141,51.13208],[-3.05523,51.13089],[-3.04733,51.12863],[-3.04441,51.12691],[-3.03961,51.12454],[-3.03583,51.12378],[-3.0336,51.124],[-3.02862,51.12292],[-3.02536,51.1227],[-3.01867,51.11376],[-3.0142,51.11559],[-3.00991,51.11699],[-3.00648,51.11796],[-3.00081,51.11904],[-2.99875,51.1199],[-2.99515,51.11839],[-2.99137,51.11624],[-2.98759,51.11613],[-2.98399,51.11645],[-2.98124,51.11538],[-2.9785,51.11398],[-2.97455,51.11182],[-2.97318,51.1101],[-2.97232,51.10697],[-2.97077,51.106],[-2.96974,51.10385],[-2.96665,51.10331],[-2.96545,51.10147],[-2.96597,51.09953],[-2.96099,51.09695],[-2.9591,51.09544],[-2.95584,51.09317],[-2.95137,51.09177],[-2.94949,51.09048],[-2.94691,51.09102],[-2.94468,51.09091],[-2.94348,51.08864],[-2.94073,51.08638],[-2.93867,51.08401],[-2.93455,51.08358],[-2.93369,51.07991],[-2.93129,51.07829],[-2.92803,51.07614],[-2.92665,51.0743],[-2.92322,51.07301],[-2.91996,51.07085],[-2.91893,51.06902]]]}},{"type":"Feature","properties":{"source_code":"L85607","codes":["L85607"],"label":"SOMERSET BRIDGE MEDICAL CENTRE"},"geometry":{"type":"Polygon","coordinates":[[[-2.97317,51.14576],[-2.96614,51.13844],[-2.96365,51.12934],[-2.96201,51.12217],[-2.96631,51.10913],[-2.9679,51.1073],[-2.97016,51.10568],[-2.97618,51.10299],[-2.98796,51.09816],[-2.99656,51.09958],[-3.02759,51.10956],[-3.0385,51.1184],[-3.04287,51.13412],[-3.02527,51.14456],[-3.0039,51.14898],[-2.98699,51.15125],[-2.97317,51.14576]]]}},{"type":"Feature","properties":{"source_code":"L85042","codes":["L85042"],"label":"TAUNTON ROAD MEDICAL CENTRE"},"geometry":{"type":"Polygon","coordinates":[[[-2.85702,51.12843],[-2.8594,51.11418],[-2.86141,51.10087],[-2.86532,51.08826],[-2.87007,51.0804],[-2.87596,51.07299],[-2.88596,51.0639],[-2.89493,51.06051],[-2.90617,51.0571],[-2.92118,51.05461],[-2.93546,51.05307],[-2.95426,51.0515],[-2.97083,51.0516],[-2.98627,51.05194],[-3.00325,51.0537],[-3.02479,51.05707],[-3.03425,51.05888],[-3.04333,51.0607],[-3.05205,51.06324],[-3.06007,51.06618],[-3.06616,51.07094],[-3.06332,51.07832],[-3.06267,51.08284],[-3.06282,51.08948],[-3.06927,51.09132],[-3.0825,51.0931],[-3.0946,51.09488],[-3.10635,51.09762],[-3.11062,51.10257],[-3.11564,51.1075],[-3.11922,51.1153],[-3.12281,51.12357],[-3.12456,51.13329],[-3.121,51.1421],[-3.11666,51.14974],[-3.11006,51.15787],[-3.10377,51.16339],[-3.09603,51.17106],[-3.08751,51.17802],[-3.07447,51.1855],[-3.05871,51.19015],[-3.04405,51.19289],[-3.02931,51.19279],[-3.01385,51.19363],[-2.99869,51.19163],[-2.98319,51.19081],[-2.97296,51.18923],[-2.95289,51.18655],[-2.9366,51.18431],[-2.91881,51.18184],[-2.90251,51.17912],[-2.88887,51.17614],[-2.87785,51.17266],[-2.86756,51.16752],[-2.86144,51.15997],[-2.8566,51.14671],[-2.85641,51.13651],[-2.85702,51.12843]]]}},{"type":"Feature","properties":{"source_code":"L85029","codes":["L85029"],"label":"VINE SURGERY PARTNERSHIP"},"geometry":{"type":"Polygon","coordinates":[[[-2.60338,51.15008],[-2.59933,51.1381],[-2.60271,51.13208],[-2.6031,51.12826],[-2.60132,51.125],[-2.59347,51.12122],[-2.58689,51.11498],[-2.58072,51.10655],[-2.62302,51.06201],[-2.63372,51.05322],[-2.64079,51.04834],[-2.6533,51.04527],[-2.68271,51.04429],[-2.7078,51.04359],[-2.72293,51.04268],[-2.73266,51.04214],[-2.74174,51.04208],[-2.74482,51.04507],[-2.74836,51.05023],[-2.75657,51.05412],[-2.77057,51.05628],[-2.78403,51.05954],[-2.79674,51.06383],[-2.8085,51.06909],[-2.81912,51.07524],[-2.82844,51.08218],[-2.83631,51.08979],[-2.8426,51.09797],[-2.84722,51.10658],[-2.85009,51.11549],[-2.85116,51.12455],[-2.85042,51.13362],[-2.84788,51.14257],[-2.84357,51.15124],[-2.83757,51.15951],[-2.82997,51.16724],[-2.82088,51.1743],[-2.81045,51.1806],[-2.79885,51.18602],[-2.78625,51.19048],[-2.77286,51.19392],[-2.75889,51.19627],[-2.74456,51.1975],[-2.7301,51.19759],[-2.71573,51.19654],[-2.70169,51.19437],[-2.68819,51.1911],[-2.67546,51.1868],[-2.66368,51.18152],[-2.65305,51.17536],[-2.64374,51.16841],[-2.63589,51.16078],[-2.62963,51.15259],[-2.6182,51.15519],[-2.60698,51.15961],[-2.60338,51.15008]]]}},{"type":"Feature","properties":{"source_code":"L85051","codes":["L85051"],"label":"REDGATE MEDICAL CENTRE"},"geometry":{"type":"MultiPolygon","coordinates":[[[[-3.00715,51.10331],[-3.00761,51.1033],[-3.00772,51.1033],[-3.00808,51.10334],[-3.00703,51.10339],[-3.00715,51.10331]]],[[[-3.00038,51.10357],[-3.00302,51.10271],[-3.00725,51.10324],[-3.00715,51.10331],[-3.00565,51.10333],[-3.00364,51.10329],[-3.00221,51.10361],[-3.00108,51.10366],[-3.00038,51.10357]]],[[[-3.00038,51.10357],[-2.99996,51.10371],[-3.00108,51.10366],[-3.00166,51.10373],[-3.00094,51.10389],[-2.99985,51.1039],[-2.99925,51.10343],[-3.00038,51.10357]]],[[[-3.00299,51.1039],[-3.00166,51.10373],[-3.00221,51.10361],[-3.00703,51.10339],[-3.00626,51.10392],[-3.00438,51.10354],[-3.00299,51.1039]]],[[[-3.00808,51.10334],[-3.00928,51.10329],[-3.00772,51.1033],[-3.00725,51.10324],[-3.00755,51.10303],[-3.01776,51.10429],[-3.01108,51.10372],[-3.00808,51.10334]]],[[[-3.0522,51.11467],[-3.05159,51.11393],[-3.05138,51.11187],[-3.05408,51.11391],[-3.05509,51.11631],[-3.0522,51.11467]]],[[[-3.05509,51.11631],[-3.05591,51.11678],[-3.05756,51.12018],[-3.05756,51.12021],[-3.05611,51.11875],[-3.05509,51.11631]]],[[[-3.05756,51.12018],[-3.05789,51.11728],[-3.0584,51.11708],[-3.0584,51.12106],[-3.05759,51.12025],[-3.05756,51.12018]]],[[[-3.05925,51.12416],[-3.0584,51.12278],[-3.0584,51.12213],[-3.05867,51.12246],[-3.0584,51.1219],[-3.0584,51.12106],[-3.06047,51.12314],[-3.05944,51.12276],[-3.06024,51.125],[-3.05925,51.12416]]],[[[-3.0609,51.12684],[-3.06024,51.125],[-3.06184,51.12636],[-3.06124,51.1274],[-3.0609,51.12684]]],[[[-2.9242,51.15079],[-2.92425,51.15084],[-2.92408,51.15082],[-2.9242,51.15079]]],[[[-2.92425,51.15084],[-2.92435,51.15085],[-2.92436,51.15094],[-2.92425,51.15084]]],[[[-2.92436,51.15094],[-2.9249,51.15143],[-2.92442,51.15136],[-2.92436,51.15094]]],[[[-2.9249,51.15143],[-2.92551,51.15153],[-2.92534,51.15183],[-2.9249,51.15143]]],[[[-2.96889,51.16124],[-2.96922,51.16151],[-2.96614,51.1604],[-2.96889,51.16124]]],[[[-2.96922,51.16151],[-2.97051,51.16197],[-2.96958,51.1618],[-2.96922,51.16151]]],[[[-2.97051,51.16197],[-2.97246,51.16233],[-2.97249,51.16234],[-2.97747,51.16384],[-2.97455,51.1632],[-2.97678,51.16384],[-2.9797,51.16438],[-2.98279,51.16428],[-2.98533,51.16521],[-2.98502,51.16535],[-2.97781,51.1646],[-2.97051,51.16197]]],[[[-2.92342,51.13423],[-2.92445,51.12885],[-2.9248,51.1282],[-2.92628,51.12302],[-2.92708,51.1187],[-2.93254,51.11408],[-2.93701,51.11234],[-2.97408,51.10714],[-2.97331,51.10756],[-2.96399,51.10938],[-2.97041,51.10912],[-2.97331,51.10756],[-2.97768,51.1067],[-2.98103,51.10565],[-2.98381,51.10484],[-2.98741,51.10449],[-2.98998,51.10392],[-2.99242,51.10386],[-2.99417,51.10446],[-2.99653,51.10417],[-2.99839,51.10392],[-2.99985,51.1039],[-3.00061,51.10451],[-3.00299,51.1039],[-3.00613,51.10429],[-3.02399,51.10429],[-3.03087,51.10559],[-3.0353,51.10551],[-3.03699,51.10543],[-3.03989,51.10591],[-3.03797,51.10596],[-3.04436,51.10677],[-3.048,51.10974],[-3.04971,51.11325],[-3.0522,51.11467],[-3.05663,51.12001],[-3.05738,51.12179],[-3.05744,51.12122],[-3.0584,51.12278],[-3.0584,51.12344],[-3.05925,51.12416],[-3.0609,51.12684],[-3.06115,51.12755],[-3.06124,51.1274],[-3.06134,51.12756],[-3.06198,51.13005],[-3.05944,51.13403],[-3.05805,51.13664],[-3.05738,51.13943],[-3.05711,51.1444],[-3.04653,51.15061],[-3.03473,51.15546],[-3.03138,51.15641],[-3.02722,51.15809],[-3.02191,51.15903],[-3.01794,51.15965],[-3.01501,51.15941],[-3.0125,51.1596],[-3.00999,51.15958],[-3.00676,51.16119],[-3.00557,51.16254],[-3.00335,51.16324],[-3.00134,51.16405],[-3.00059,51.16341],[-2.99786,51.16571],[-2.99703,51.16589],[-2.99446,51.16546],[-2.9912,51.166],[-2.98931,51.16535],[-2.98571,51.16535],[-2.98533,51.16521],[-2.98674,51.1646],[-2.98485,51.1646],[-2.97246,51.16233],[-2.96889,51.16124],[-2.96735,51.15997],[-2.96202,51.15922],[-2.96443,51.15879],[-2.95962,51.15609],[-2.95516,51.15555],[-2.95207,51.1548],[-2.94915,51.15426],[-2.94691,51.15448],[-2.94554,51.15394],[-2.94211,51.15502],[-2.9373,51.15469],[-2.93404,51.15566],[-2.93202,51.15467],[-2.93369,51.15491],[-2.93163,51.15448],[-2.93202,51.15467],[-2.93146,51.15459],[-2.9318,51.15362],[-2.92923,51.15351],[-2.92837,51.15286],[-2.92648,51.15168],[-2.92551,51.15153],[-2.92579,51.15102],[-2.92651,51.1511],[-2.92654,51.15114],[-2.92648,51.15114],[-2.92734,51.15211],[-2.92654,51.15114],[-2.92682,51.15114],[-2.92651,51.1511],[-2.92605,51.15055],[-2.92614,51.15039],[-2.92595,51.15043],[-2.92494,51.1492],[-2.92408,51.14899],[-2.92434,51.15076],[-2.9242,51.15079],[-2.92293,51.14964],[-2.92431,51.14677],[-2.92638,51.1426],[-2.92639,51.14201],[-2.92422,51.13769],[-2.92342,51.13423]]],[[[-3.0565,51.11968],[-3.05563,51.11827],[-3.05611,51.11875],[-3.0565,51.11968]]],[[[-3.0565,51.11968],[-3.05688,51.1203],[-3.05663,51.12001],[-3.0565,51.11968]]],[[[-3.05688,51.1203],[-3.05747,51.12101],[-3.05744,51.12122],[-3.05688,51.1203]]],[[[-3.05747,51.12101],[-3.05756,51.12021],[-3.05759,51.12025],[-3.0584,51.1219],[-3.0584,51.12213],[-3.05747,51.12101]]],[[[-2.92434,51.15076],[-2.92595,51.15043],[-2.92605,51.15055],[-2.92579,51.15102],[-2.92435,51.15085],[-2.92434,51.15076]]]]}},{"type":"Feature","properties":{"source_code":"L85025","codes":["L85025"],"label":"CRANLEIGH GARDENS MEDICAL CENTRE"},"geometry":{"type":"Polygon","coordinates":[[[-3.05008,51.17159],[-3.00133,51.18193],[-2.93335,51.17719],[-2.87773,51.16169],[-2.87704,51.12076],[-2.86057,51.09145],[-2.91,51.06772],[-3.00957,51.07204],[-3.07068,51.09015],[-3.1311,51.12551],[-3.05008,51.17159]]]}},{"type":"Feature","properties":{"source_code":"L85035","codes":["L85035"],"label":"EAST QUAY MEDICAL CENTRE"},"geometry":{"type":"Polygon","coordinates":[[[-3.01669,51.18665],[-2.99956,51.18716],[-2.98037,51.18696],[-2.96072,51.18539],[-2.94544,51.18396],[-2.93566,51.18176],[-2.92776,51.17908],[-2.92158,51.17538],[-2.91568,51.171],[-2.91185,51.16793],[-2.90886,51.16375],[-2.90745,51.15842],[-2.9092,51.15151],[-2.91055,51.14634],[-2.91261,51.14048],[-2.91388,51.13111],[-2.91201,51.11716],[-2.91278,51.10482],[-2.92905,51.10597],[-2.98182,51.11157],[-2.98807,51.10549],[-2.99334,51.1006],[-2.99675,51.09738],[-3.00014,51.09342],[-3.0024,51.0903],[-3.00514,51.08315],[-3.00751,51.07852],[-3.0481,51.07871],[-3.06684,51.07398],[-3.08288,51.08318],[-3.10389,51.09726],[-3.11771,51.10967],[-3.12457,51.11824],[-3.12955,51.1304],[-3.1262,51.14013],[-3.11988,51.14614],[-3.10222,51.15676],[-3.08511,51.16149],[-3.07264,51.16448],[-3.06219,51.16858],[-3.05396,51.17442],[-3.04587,51.17956],[-3.04201,51.18177],[-3.03566,51.18374],[-3.01669,51.18665]]]}},{"type":"Feature","properties":{"source_code":"L85039","codes":["L85039"],"label":"GLASTONBURY SURGERY"},"geometry":{"type":"Polygon","coordinates":[[[-2.7712,51.20961],[-2.76274,51.20945],[-2.757,51.2097],[-2.74583,51.20892],[-2.72146,51.20823],[-2.70286,51.20813],[-2.68798,51.20822],[-2.67277,51.20873],[-2.65285,51.21097],[-2.6471,51.211],[-2.63895,51.20871],[-2.63247,51.20449],[-2.62462,51.19944],[-2.61579,51.1963],[-2.60865,51.19357],[-2.59712,51.19087],[-2.58424,51.18796],[-2.56897,51.18357],[-2.55608,51.1796],[-2.54453,51.17434],[-2.53772,51.17055],[-2.5343,51.16674],[-2.5346,51.16356],[-2.53657,51.15908],[-2.53921,51.15312],[-2.54216,51.14568],[-2.54648,51.13928],[-2.5488,51.13566],[-2.55448,51.13096],[-2.56488,51.1256],[-2.56923,51.12239],[-2.57557,51.11641],[-2.58292,51.11043],[-2.5919,51.09997],[-2.60387,51.08632],[-2.61588,51.07648],[-2.61954,51.07285],[-2.62955,51.06515],[-2.63256,51.0628],[-2.63823,51.05852],[-2.64358,51.05509],[-2.64893,51.05251],[-2.65228,51.051],[-2.65597,51.04992],[-2.66034,51.04904],[-2.6637,51.04839],[-2.67111,51.04813],[-2.67853,51.0483],[-2.68596,51.0489],[-2.69035,51.04993],[-2.69509,51.05097],[-2.70288,51.0539],[-2.70833,51.05705],[-2.71343,51.0602],[-2.71821,51.06379],[-2.7213,51.06738],[-2.7264,51.07075],[-2.73151,51.07369],[-2.73762,51.0762],[-2.7454,51.07785],[-2.75183,51.07908],[-2.75859,51.07968],[-2.763,51.08156],[-2.76677,51.08494],[-2.76781,51.08705],[-2.76922,51.09044],[-2.77061,51.0932],[-2.77606,51.09592],[-2.78655,51.09776],[-2.79129,51.09858],[-2.79738,51.09981],[-2.80551,51.10188],[-2.81908,51.10561],[-2.83096,51.10956],[-2.85508,51.1181],[-2.85901,51.12997],[-2.85676,51.13593],[-2.85214,51.14213],[-2.84658,51.15194],[-2.84232,51.15898],[-2.83904,51.16453],[-2.83576,51.16986],[-2.83146,51.17542],[-2.82848,51.17884],[-2.8255,51.18205],[-2.82218,51.18547],[-2.81852,51.18889],[-2.81453,51.19253],[-2.81054,51.19638],[-2.80555,51.20109],[-2.79988,51.20538],[-2.79454,51.20945],[-2.78946,51.20949],[-2.78033,51.20955],[-2.7712,51.20961]]]}},{"type":"Feature","properties":{"source_code":"L85047","codes":["L85047"],"label":"GLASTONBURY HEALTH CENTRE"},"geometry":{"type":"Polygon","coordinates":[[[-2.80082,51.19032],[-2.80036,51.18951],[-2.78134,51.19968],[-2.70583,51.2018],[-2.68233,51.19953],[-2.66431,51.19941],[-2.62176,51.19034],[-2.61336,51.18194],[-2.60461,51.17417],[-2.59832,51.16276],[-2.58859,51.15241],[-2.58012,51.13859],[-2.5817,51.13036],[-2.62328,51.08924],[-2.69136,51.08041],[-2.72339,51.08021],[-2.7549,51.08896],[-2.78366,51.10115],[-2.80941,51.10578],[-2.81388,51.1199],[-2.81182,51.1303],[-2.8149,51.13832],[-2.81525,51.17052],[-2.80082,51.19032]]]}},{"type":"Feature","properties":{"source_code":"L85024","codes":["L85024"],"label":"POLDEN MEDICAL PRACTICE"},"geometry":{"type":"MultiPolygon","coordinates":[[[[-2.98719,51.1077],[-2.98736,51.10756],[-2.98729,51.10772],[-2.98719,51.1077]]],[[[-2.87993,51.19052],[-2.87187,51.18925],[-2.86052,51.18739],[-2.8531,51.18617],[-2.82618,51.18107],[-2.80913,51.17755],[-2.79705,51.17468],[-2.77912,51.17098],[-2.76445,51.16729],[-2.7703,51.16197],[-2.77601,51.15367],[-2.77759,51.14831],[-2.78047,51.14321],[-2.78205,51.13807],[-2.78329,51.13551],[-2.78524,51.13104],[-2.78782,51.11982],[-2.78537,51.10919],[-2.77874,51.0991],[-2.7732,51.09003],[-2.77855,51.09019],[-2.8024,51.09053],[-2.82308,51.09114],[-2.83791,51.09186],[-2.87304,51.09453],[-2.90052,51.0972],[-2.91884,51.09868],[-2.94354,51.10124],[-2.96465,51.10307],[-2.98719,51.1077],[-2.98365,51.1107],[-2.98259,51.11238],[-2.98084,51.11427],[-2.97536,51.12027],[-2.96939,51.12758],[-2.96738,51.13246],[-2.9705,51.13726],[-2.97774,51.14852],[-2.98207,51.15369],[-2.99302,51.1627],[-3.02767,51.17438],[-3.01993,51.18446],[-3.00118,51.20165],[-2.98564,51.21539],[-2.96906,51.21359],[-2.94961,51.20799],[-2.93146,51.20293],[-2.91394,51.19847],[-2.89853,51.19508],[-2.88662,51.1917],[-2.87993,51.19052]]]]}},{"type":"Feature","properties":{"source_code":"L85018","codes":["L85018"],"label":"CANNINGTON HEALTH CENTRE"},"geometry":{"type":"Polygon","coordinates":[[[-3.02811,51.20215],[-3.02982,51.19785],[-3.03497,51.19376],[-3.04081,51.19484],[-3.04493,51.19398],[-3.05317,51.19053],[-3.05866,51.18386],[-3.05966,51.17782],[-3.03794,51.16234],[-3.03326,51.16277],[-3.03034,51.16524],[-3.02828,51.16804],[-3.02914,51.17116],[-3.02965,51.17353],[-3.02811,51.17515],[-3.02416,51.1759],[-3.01918,51.17601],[-3.01558,51.17482],[-3.01163,51.17396],[-3.00699,51.17181],[-3.00493,51.16826],[-3.00304,51.166],[-3.00613,51.16406],[-3.00365,51.16105],[-3.00064,51.16094],[-2.99807,51.16094],[-2.99532,51.16083],[-2.99292,51.16158],[-2.9912,51.1618],[-2.99,51.16061],[-2.99206,51.15803],[-2.9924,51.15534],[-2.99171,51.15351],[-2.99824,51.15297],[-2.99927,51.15103],[-2.99618,51.14802],[-2.99944,51.14522],[-2.99738,51.14425],[-2.9948,51.14511],[-2.99257,51.14468],[-2.9924,51.14242],[-2.99463,51.14123],[-2.99841,51.14005],[-3.0027,51.13671],[-3.00304,51.13315],[-3.00987,51.12586],[-3.02424,51.122],[-3.05986,51.11516],[-3.00386,51.16095],[-3.00444,51.16096],[-3.05969,51.11538],[-3.18604,51.11214],[-3.21754,51.17891],[-3.21642,51.17892],[-3.20578,51.20247],[-3.20286,51.20312],[-3.19942,51.20441],[-3.19668,51.20495],[-3.19445,51.20516],[-3.19084,51.20452],[-3.18844,51.20366],[-3.18552,51.2028],[-3.18393,51.20237],[-3.18398,51.20258],[-3.1778,51.20258],[-3.17368,51.20473],[-3.17024,51.20538],[-3.16647,51.20301],[-3.16612,51.20538],[-3.16338,51.20624],[-3.15891,51.21032],[-3.15582,51.21054],[-3.14793,51.21054],[-3.13934,51.20968],[-3.13213,51.21119],[-3.12527,51.21119],[-3.12046,51.20925],[-3.11531,51.20774],[-3.10879,51.20774],[-3.10295,51.20903],[-3.09711,51.20774],[-3.09093,51.20667],[-3.08167,51.20258],[-3.0724,51.20151],[-3.05935,51.20387],[-3.03188,51.21828],[-3.02399,51.21957],[-3.01952,51.21764],[-3.02055,51.21506],[-3.02536,51.21226],[-3.02776,51.20667],[-3.02811,51.20215]]]}},{"type":"Feature","properties":{"source_code":"L85043","codes":["L85043"],"label":"PARK MEDICAL PRACTICE"},"geometry":{"type":"Polygon","coordinates":[[[-2.39086,51.14967],[-2.3909,51.14739],[-2.39105,51.14512],[-2.39132,51.14286],[-2.3917,51.14059],[-2.39219,51.13834],[-2.39279,51.1361],[-2.39351,51.13387],[-2.39433,51.13166],[-2.39527,51.12946],[-2.39632,51.12729],[-2.39747,51.12513],[-2.39873,51.123],[-2.4001,51.1209],[-2.40157,51.11882],[-2.40315,51.11677],[-2.40483,51.11476],[-2.40661,51.11278],[-2.40848,51.11083],[-2.41045,51.10892],[-2.41252,51.10706],[-2.41467,51.10523],[-2.41692,51.10345],[-2.41926,51.10171],[-2.42168,51.10002],[-2.42418,51.09838],[-2.42677,51.09679],[-2.42943,51.09525],[-2.43217,51.09376],[-2.43498,51.09233],[-2.43786,51.09095],[-2.44081,51.08964],[-2.44383,51.08838],[-2.4469,51.08718],[-2.45003,51.08604],[-2.45322,51.08496],[-2.45646,51.08395],[-2.45975,51.083],[-2.46308,51.08212],[-2.46646,51.0813],[-2.46988,51.08055],[-2.47333,51.07987],[-2.47681,51.07926],[-2.48033,51.07871],[-2.48387,51.07823],[-2.48743,51.07783],[-2.491,51.07749],[-2.4946,51.07723],[-2.4982,51.07704],[-2.50182,51.07691],[-2.50543,51.07686],[-2.50905,51.07688],[-2.51267,51.07697],[-2.51628,51.07713],[-2.51988,51.07737],[-2.52346,51.07767],[-2.52703,51.07805],[-2.53058,51.07849],[-2.5341,51.07901],[-2.5376,51.07959],[-2.54107,51.08024],[-2.5445,51.08096],[-2.5479,51.08175],[-2.55125,51.08261],[-2.55456,51.08353],[-2.55782,51.08451],[-2.56103,51.08556],[-2.56419,51.08667],[-2.56729,51.08784],[-2.57033,51.08908],[-2.57331,51.09037],[-2.57622,51.09172],[-2.57906,51.09313],[-2.58183,51.09459],[-2.58453,51.09611],[-2.58715,51.09768],[-2.58969,51.0993],[-2.59214,51.10096],[-2.59452,51.10268],[-2.5968,51.10444],[-2.599,51.10625],[-2.60111,51.1081],[-2.60312,51.10999],[-2.60504,51.11192],[-2.60686,51.11388],[-2.60858,51.11588],[-2.6102,51.11792],[-2.61172,51.11998],[-2.61313,51.12207],[-2.61444,51.12419],[-2.61564,51.12634],[-2.61673,51.1285],[-2.61682,51.1287],[-2.61825,51.1294],[-2.62102,51.13086],[-2.62372,51.13238],[-2.62634,51.13395],[-2.62889,51.13557],[-2.63135,51.13724],[-2.63372,51.13895],[-2.63601,51.14071],[-2.63821,51.14252],[-2.64032,51.14437],[-2.64234,51.14626],[-2.64426,51.14818],[-2.64608,51.15015],[-2.64781,51.15215],[-2.64943,51.15418],[-2.65095,51.15624],[-2.65237,51.15834],[-2.65368,51.16046],[-2.65488,51.1626],[-2.65598,51.16477],[-2.65697,51.16695],[-2.65784,51.16916],[-2.65861,51.17138],[-2.65927,51.17362],[-2.65981,51.17586],[-2.66024,51.17812],[-2.66056,51.18039],[-2.66076,51.18266],[-2.66085,51.18493],[-2.66082,51.1872],[-2.66069,51.18948],[-2.66044,51.19174],[-2.66007,51.194],[-2.65959,51.19626],[-2.659,51.1985],[-2.65829,51.20073],[-2.65748,51.20295],[-2.65655,51.20514],[-2.65552,51.20732],[-2.65437,51.20948],[-2.65312,51.21161],[-2.65176,51.21372],[-2.6503,51.2158],[-2.64873,51.21785],[-2.64706,51.21987],[-2.64529,51.22186],[-2.64342,51.2238],[-2.64145,51.22571],[-2.63939,51.22758],[-2.63724,51.22942],[-2.63499,51.2312],[-2.63266,51.23294],[-2.63024,51.23464],[-2.62773,51.23628],[-2.62515,51.23788],[-2.62248,51.23942],[-2.61974,51.24092],[-2.61693,51.24235],[-2.61404,51.24373],[-2.61109,51.24505],[-2.60807,51.24632],[-2.60499,51.24752],[-2.60185,51.24866],[-2.59865,51.24974],[-2.5954,51.25076],[-2.5921,51.25171],[-2.58876,51.2526],[-2.58537,51.25342],[-2.58194,51.25417],[-2.57848,51.25486],[-2.57498,51.25548],[-2.57146,51.25602],[-2.56791,51.2565],[-2.56434,51.25691],[-2.56074,51.25725],[-2.55714,51.25752],[-2.55352,51.25771],[-2.54989,51.25784],[-2.54626,51.25789],[-2.54263,51.25787],[-2.539,51.25778],[-2.53537,51.25762],[-2.53176,51.25738],[-2.52816,51.25708],[-2.52458,51.2567],[-2.52101,51.25626],[-2.51747,51.25574],[-2.51396,51.25516],[-2.51049,51.25451],[-2.50704,51.25379],[-2.50364,51.253],[-2.50027,51.25214],[-2.49695,51.25122],[-2.49368,51.25023],[-2.49046,51.24918],[-2.48729,51.24807],[-2.48418,51.2469],[-2.48113,51.24566],[-2.47815,51.24436],[-2.47523,51.24301],[-2.47238,51.2416],[-2.4696,51.24014],[-2.4669,51.23862],[-2.46428,51.23705],[-2.46174,51.23542],[-2.45928,51.23375],[-2.4569,51.23203],[-2.45461,51.23027],[-2.45242,51.22846],[-2.45031,51.22661],[-2.4483,51.22471],[-2.44638,51.22278],[-2.44457,51.22081],[-2.44285,51.21881],[-2.44123,51.21678],[-2.43972,51.21471],[-2.43831,51.21262],[-2.43701,51.21049],[-2.43581,51.20835],[-2.43472,51.20618],[-2.43464,51.20598],[-2.43321,51.20528],[-2.43044,51.20381],[-2.42774,51.20229],[-2.42512,51.20072],[-2.42258,51.1991],[-2.42013,51.19742],[-2.41775,51.1957],[-2.41547,51.19394],[-2.41327,51.19213],[-2.41117,51.19027],[-2.40917,51.18838],[-2.40725,51.18645],[-2.40544,51.18448],[-2.40372,51.18248],[-2.40211,51.18044],[-2.4006,51.17838],[-2.39919,51.17628],[-2.39789,51.17416],[-2.3967,51.17201],[-2.39562,51.16984],[-2.39464,51.16765],[-2.39378,51.16544],[-2.39302,51.16322],[-2.39238,51.16098],[-2.39185,51.15873],[-2.39143,51.15648],[-2.39113,51.15421],[-2.39094,51.15194],[-2.39086,51.14967]]]}},{"type":"Feature","properties":{"source_code":"L85053","codes":["L85053"],"label":"GROVE HOUSE SURGERY"},"geometry":{"type":"Polygon","coordinates":[[[-2.62058,51.19946],[-2.56702,51.23462],[-2.55372,51.24284],[-2.53664,51.24311],[-2.50523,51.24258],[-2.47398,51.24451],[-2.46313,51.24076],[-2.45467,51.23443],[-2.44429,51.21963],[-2.40652,51.20021],[-2.39691,51.19172],[-2.41287,51.18246],[-2.41871,51.16417],[-2.44098,51.1499],[-2.44884,51.13423],[-2.50849,51.11721],[-2.51548,51.10875],[-2.52831,51.10363],[-2.58797,51.10331],[-2.61945,51.11239],[-2.63864,51.11557],[-2.64789,51.12802],[-2.65092,51.14279],[-2.65288,51.15693],[-2.62702,51.17181],[-2.62058,51.19946]]]}},{"type":"Feature","properties":{"source_code":"L85002","codes":["L85002"],"label":"WELLS HEALTH CENTRE"},"geometry":{"type":"Polygon","coordinates":[[[-2.76387,51.21937],[-2.76391,51.22178],[-2.76395,51.22447],[-2.76312,51.229],[-2.76182,51.23184],[-2.76029,51.23483],[-2.75741,51.23782],[-2.7543,51.24124],[-2.75098,51.24451],[-2.74274,51.25108],[-2.73948,51.25316],[-2.73603,51.2548],[-2.73194,51.2566],[-2.72818,51.25796],[-2.7219,51.25998],[-2.71538,51.26172],[-2.70909,51.26346],[-2.70527,51.26462],[-2.69808,51.26636],[-2.68471,51.26902],[-2.6751,51.27062],[-2.65477,51.27508],[-2.65277,51.27543],[-2.6173,51.28074],[-2.59782,51.28169],[-2.58646,51.28113],[-2.57407,51.27604],[-2.56411,51.27095],[-2.55291,51.2618],[-2.551,51.25924],[-2.55179,51.25442],[-2.55422,51.24709],[-2.55655,51.24319],[-2.55965,51.23879],[-2.56365,51.2341],[-2.56788,51.22983],[-2.57648,51.22349],[-2.57767,51.21647],[-2.57845,51.21074],[-2.58006,51.19612],[-2.59039,51.18537],[-2.59706,51.18036],[-2.60898,51.17372],[-2.62041,51.16953],[-2.64018,51.17082],[-2.66578,51.17522],[-2.69086,51.17856],[-2.70827,51.18086],[-2.72082,51.18314],[-2.72598,51.18648],[-2.72935,51.18962],[-2.73682,51.19358],[-2.7419,51.19692],[-2.74621,51.20009],[-2.74967,51.20249],[-2.75532,51.20486],[-2.75802,51.20667],[-2.75986,51.20892],[-2.76218,51.21301],[-2.76336,51.21598],[-2.76387,51.21937]]]}},{"type":"Feature","properties":{"source_code":"L85034","codes":["L85034"],"label":"WELLS CITY PRACTICE"},"geometry":{"type":"Polygon","coordinates":[[[-2.53402,51.21043],[-2.53504,51.20395],[-2.53471,51.20014],[-2.53379,51.1956],[-2.53288,51.19179],[-2.53283,51.18725],[-2.53658,51.18687],[-2.53967,51.18764],[-2.54296,51.18884],[-2.5456,51.19137],[-2.54847,51.18972],[-2.54596,51.18777],[-2.54466,51.18538],[-2.5452,51.18247],[-2.54736,51.17867],[-2.54885,51.17692],[-2.55124,51.17691],[-2.5549,51.17784],[-2.55958,51.17996],[-2.56776,51.17004],[-2.57404,51.16977],[-2.5828,51.16648],[-2.58775,51.16447],[-2.59349,51.16171],[-2.59952,51.15932],[-2.60556,51.15693],[-2.61074,51.15527],[-2.61558,51.15351],[-2.61983,51.1523],[-2.62385,51.15164],[-2.62886,51.15051],[-2.63199,51.14947],[-2.63613,51.14881],[-2.64254,51.14917],[-2.64695,51.14946],[-2.65224,51.15046],[-2.65614,51.1506],[-2.6642,51.15126],[-2.67148,51.15122],[-2.68646,51.15264],[-2.69436,51.15101],[-2.70013,51.15026],[-2.7035,51.14882],[-2.70777,51.14824],[-2.71114,51.14696],[-2.71679,51.14668],[-2.72087,51.1503],[-2.72316,51.1517],[-2.72822,51.15365],[-2.73479,51.15622],[-2.74333,51.15921],[-2.75446,51.16317],[-2.76344,51.16651],[-2.76552,51.17077],[-2.76699,51.1759],[-2.76897,51.18126],[-2.76908,51.1879],[-2.76995,51.19517],[-2.76884,51.20403],[-2.76749,51.21336],[-2.76529,51.22117],[-2.76296,51.2249],[-2.75887,51.22896],[-2.7537,51.23626],[-2.75052,51.24229],[-2.74905,51.24491],[-2.74709,51.24785],[-2.74172,51.25128],[-2.73749,51.25423],[-2.73411,51.25592],[-2.72943,51.25811],[-2.71834,51.26258],[-2.71131,51.26388],[-2.7059,51.26431],[-2.70224,51.26449],[-2.69768,51.26302],[-2.69391,51.26335],[-2.69065,51.26432],[-2.68828,51.26608],[-2.6864,51.26688],[-2.68427,51.26792],[-2.68177,51.26872],[-2.67976,51.26929],[-2.67787,51.26985],[-2.67611,51.26986],[-2.67384,51.2698],[-2.67119,51.26965],[-2.66854,51.26888],[-2.66564,51.26897],[-2.66286,51.26844],[-2.65996,51.26822],[-2.65705,51.26799],[-2.65416,51.26801],[-2.65087,51.2674],[-2.64758,51.26662],[-2.64304,51.26578],[-2.63899,51.26462],[-2.63647,51.26463],[-2.63256,51.26434],[-2.62991,51.26411],[-2.62689,51.26444],[-2.62336,51.26454],[-2.62072,51.26503],[-2.61719,51.26505],[-2.61416,51.26451],[-2.611,51.2639],[-2.60887,51.26462],[-2.60561,51.26582],[-2.60361,51.26733],[-2.59985,51.26854],[-2.59595,51.26919],[-2.59255,51.26992],[-2.58953,51.26978],[-2.58624,51.26861],[-2.58269,51.26736],[-2.5794,51.26603],[-2.57245,51.26441],[-2.56397,51.26144],[-2.55954,51.25973],[-2.55475,51.25999],[-2.55261,51.25968],[-2.55258,51.25723],[-2.54729,51.25765],[-2.54252,51.2587],[-2.53937,51.25903],[-2.53363,51.25682],[-2.53245,51.25482],[-2.5327,51.25137],[-2.53468,51.247],[-2.53665,51.24282],[-2.53605,51.24082],[-2.53658,51.23664],[-2.53915,51.23354],[-2.53969,51.22991],[-2.53848,51.22555],[-2.53323,51.22231],[-2.52944,51.21924],[-2.52767,51.21652],[-2.52998,51.21423],[-2.53402,51.21043]]]}},{"type":"Feature","properties":{"source_code":"L85010","codes":["L85010"],"label":"HIGHBRIDGE MEDICAL CENTRE"},"geometry":{"type":"Polygon","coordinates":[[[-3.01087,51.25598],[-2.96593,51.27626],[-2.92179,51.27788],[-2.85972,51.2446],[-2.84565,51.22152],[-2.86408,51.17706],[-2.93538,51.15611],[-2.99797,51.16063],[-3.00079,51.16136],[-3.00297,51.16965],[-3.00707,51.17365],[-3.0115,51.17487],[-3.02236,51.17654],[-3.02666,51.17171],[-3.03004,51.16161],[-3.04259,51.16729],[-3.05036,51.17453],[-3.05332,51.1813],[-3.04788,51.18891],[-3.02354,51.19391],[-3.0182,51.20604],[-3.00652,51.22202],[-3.00209,51.23994],[-3.00906,51.24668],[-3.01087,51.25598]]]}},{"type":"Feature","properties":{"source_code":"L85016","codes":["L85016"],"label":"SYMPHONY NORTH HEALTHCARE"},"geometry":{"type":"Polygon","coordinates":[[[-3.01626,51.28326],[-3.01324,51.29356],[-3.01215,51.29853],[-3.011,51.30595],[-3.01082,51.30969],[-3.01097,51.32223],[-3.0287,51.32415],[-3.0343,51.32608],[-3.03647,51.3294],[-3.00669,51.32584],[-3.00207,51.32538],[-3.00141,51.32167],[-2.99833,51.32169],[-2.99697,51.32107],[-2.99459,51.3194],[-2.98692,51.31502],[-2.98893,51.3094],[-2.99505,51.30635],[-2.99503,51.30399],[-2.9949,51.3031],[-2.99442,51.30232],[-2.99311,51.30059],[-2.99335,51.29976],[-2.99352,51.29702],[-2.99299,51.29482],[-2.99447,51.29242],[-2.99435,51.28993],[-2.99583,51.28958],[-2.99728,51.28885],[-2.99733,51.28793],[-2.99761,51.28637],[-2.99818,51.28335],[-2.99825,51.28228],[-2.99883,51.28132],[-3.00026,51.27936],[-2.9949,51.27737],[-2.99108,51.27511],[-2.9889,51.27365],[-2.98831,51.27243],[-2.98686,51.27208],[-2.98444,51.27073],[-2.98169,51.2697],[-2.97631,51.26777],[-2.97071,51.26612],[-2.96975,51.26602],[-2.96906,51.26565],[-2.96878,51.26484],[-2.96798,51.26359],[-2.96696,51.26195],[-2.96591,51.26176],[-2.96478,51.26136],[-2.96376,51.26275],[-2.95902,51.26583],[-2.94733,51.26939],[-2.94052,51.26967],[-2.93465,51.26905],[-2.92275,51.26586],[-2.92251,51.26384],[-2.92168,51.26145],[-2.92106,51.25895],[-2.92104,51.25645],[-2.92131,51.25529],[-2.92188,51.25411],[-2.92362,51.2518],[-2.92639,51.24981],[-2.92798,51.24902],[-2.92993,51.24824],[-2.93473,51.24644],[-2.93897,51.24408],[-2.94209,51.24172],[-2.94461,51.23914],[-2.95428,51.22605],[-2.95899,51.21996],[-2.96138,51.21657],[-2.96254,51.21487],[-2.96326,51.21317],[-2.98807,51.2143],[-3.01008,51.21769],[-3.00356,51.22707],[-2.99987,51.23474],[-2.99944,51.24263],[-3.00309,51.24673],[-3.00491,51.24872],[-3.00991,51.25217],[-3.01403,51.2588],[-3.01585,51.26009],[-3.01733,51.26191],[-3.01909,51.26557],[-3.01987,51.27276],[-3.01849,51.27617],[-3.01764,51.27862],[-3.01708,51.28103],[-3.01626,51.28326]]]}},{"type":"Feature","properties":{"source_code":"L85601","codes":["L85601"],"label":"BRENT AREA MEDICAL CENTRE"},"geometry":{"type":"MultiPolygon","coordinates":[[[[-2.87997,51.26991],[-2.88001,51.26986],[-2.878,51.27303],[-2.87783,51.27327],[-2.87782,51.27327],[-2.87997,51.26991]]],[[[-2.88001,51.26986],[-2.88046,51.26915],[-2.87997,51.26991],[-2.87755,51.27318],[-2.87752,51.27317],[-2.87754,51.27318],[-2.87744,51.27332],[-2.8773,51.27325],[-2.88511,51.26299],[-2.88001,51.26986]]],[[[-2.87744,51.27332],[-2.87767,51.27343],[-2.87769,51.27352],[-2.87773,51.27346],[-2.88599,51.27754],[-2.8776,51.27357],[-2.8773,51.27351],[-2.87744,51.27332]]],[[[-2.91721,51.29037],[-2.89726,51.2831],[-2.88599,51.27754],[-2.89741,51.28294],[-2.91721,51.29037]]],[[[-2.91721,51.29037],[-2.89732,51.28282],[-2.89769,51.28288],[-2.89739,51.2828],[-2.87786,51.27333],[-2.87796,51.27331],[-2.87785,51.27327],[-2.878,51.27303],[-2.88975,51.25654],[-2.90846,51.24408],[-2.92537,51.23779],[-2.95275,51.2401],[-2.98047,51.25187],[-3.00425,51.2588],[-2.97747,51.28833],[-2.97236,51.29338],[-2.96485,51.29649],[-2.94743,51.30164],[-2.93146,51.29504],[-2.91721,51.29037]]],[[[-2.8778,51.2733],[-2.87754,51.27318],[-2.87755,51.27318],[-2.87782,51.27327],[-2.8778,51.2733]]],[[[-2.8778,51.27331],[-2.87783,51.27327],[-2.87785,51.27327],[-2.87782,51.27332],[-2.8778,51.27331]]],[[[-2.87782,51.27332],[-2.87786,51.27333],[-2.8778,51.27335],[-2.87782,51.27332]]],[[[-2.8778,51.2733],[-2.8778,51.27331],[-2.87777,51.27335],[-2.87776,51.27336],[-2.8778,51.2733]]],[[[-2.87776,51.27336],[-2.87773,51.27341],[-2.87777,51.27335],[-2.8778,51.27335],[-2.87773,51.27346],[-2.87767,51.27343],[-2.87766,51.27338],[-2.87776,51.27336]]]]}},{"type":"Feature","properties":{"source_code":"L85011","codes":["L85011"],"label":"CHEDDAR MEDICAL CENTRE"},"geometry":{"type":"Polygon","coordinates":[[[-2.67208,51.25828],[-2.69628,51.22339],[-2.74876,51.21509],[-2.74807,51.21191],[-2.74674,51.20693],[-2.7469,51.20378],[-2.75696,51.20568],[-2.76887,51.20567],[-2.78057,51.20507],[-2.79328,51.20301],[-2.8008,51.20257],[-2.81335,51.20353],[-2.82863,51.20454],[-2.84706,51.20651],[-2.85629,51.20845],[-2.88848,51.27935],[-2.88994,51.28162],[-2.81823,51.32419],[-2.81394,51.32464],[-2.80506,51.32509],[-2.79709,51.32514],[-2.79341,51.32498],[-2.78943,51.3252],[-2.78514,51.32523],[-2.77331,51.32326],[-2.75874,51.32196],[-2.7521,51.3207],[-2.74612,51.31957],[-2.7355,51.31886],[-2.72882,51.31798],[-2.71716,51.31372],[-2.70874,51.3113],[-2.70427,51.30916],[-2.69779,51.30456],[-2.69453,51.30134],[-2.69193,51.29957],[-2.68789,51.2975],[-2.68532,51.29536],[-2.67861,51.292],[-2.67489,51.29017],[-2.67164,51.28741],[-2.66466,51.28204],[-2.65994,51.27912],[-2.65225,51.27561],[-2.68491,51.2677],[-2.67208,51.25828]]]}},{"type":"Feature","properties":{"source_code":"L81030","codes":["L81030"],"label":"HARPTREE SURGERY"},"geometry":{"type":"Polygon","coordinates":[[[-2.66624,51.38164],[-2.60994,51.36621],[-2.55595,51.37758],[-2.55226,51.38035],[-2.53372,51.35549],[-2.53121,51.31418],[-2.5296,51.30915],[-2.5336,51.30593],[-2.52789,51.29585],[-2.54299,51.28275],[-2.55973,51.28484],[-2.57208,51.27488],[-2.61131,51.24086],[-2.67311,51.28941],[-2.67261,51.28979],[-2.74384,51.33361],[-2.66624,51.38164]]]}},{"type":"Feature","properties":{"source_code":"L81021","codes":["L81021"],"label":"WINSCOMBE SURGERY"},"geometry":{"type":"MultiPolygon","coordinates":[[[[-2.7834,51.33951],[-2.78675,51.33828],[-2.79636,51.33978],[-2.77551,51.34262],[-2.78169,51.34042],[-2.7834,51.33951]]],[[[-2.84537,51.37617],[-2.83863,51.36369],[-2.80548,51.36182],[-2.80538,51.36192],[-2.80478,51.36128],[-2.80426,51.36031],[-2.80357,51.35935],[-2.80323,51.35854],[-2.80272,51.35731],[-2.8022,51.35683],[-2.80134,51.35635],[-2.79954,51.35602],[-2.79748,51.3557],[-2.79636,51.3556],[-2.79473,51.35549],[-2.79181,51.35576],[-2.78804,51.35549],[-2.78701,51.35474],[-2.78641,51.35377],[-2.78546,51.3534],[-2.78512,51.35249],[-2.78503,51.35147],[-2.78495,51.34697],[-2.7865,51.34685],[-2.80101,51.3405],[-2.78229,51.33748],[-2.79394,51.29526],[-2.78881,51.29552],[-2.78804,51.29472],[-2.78847,51.29397],[-2.78958,51.29295],[-2.78958,51.29209],[-2.79036,51.29091],[-2.79053,51.28967],[-2.79038,51.28827],[-2.79002,51.28755],[-2.78812,51.28661],[-2.78555,51.2857],[-2.78229,51.28431],[-2.78203,51.28355],[-2.78031,51.28302],[-2.77946,51.28211],[-2.77731,51.28194],[-2.77456,51.28205],[-2.7731,51.28151],[-2.77207,51.28092],[-2.77164,51.27904],[-2.77164,51.27727],[-2.78529,51.2776],[-2.78614,51.27934],[-2.78794,51.28198],[-2.78524,51.27749],[-2.77456,51.27722],[-2.77448,51.27615],[-2.77448,51.27496],[-2.77473,51.27427],[-2.77525,51.27335],[-2.77585,51.27223],[-2.778,51.27201],[-2.77937,51.27174],[-2.78066,51.27158],[-2.78143,51.27169],[-2.78417,51.27571],[-2.78091,51.27029],[-2.91515,51.26256],[-2.91618,51.29585],[-2.83892,51.29559],[-2.92433,51.29628],[-2.92442,51.29585],[-2.92463,51.29628],[-2.92477,51.29628],[-2.92479,51.29661],[-2.93649,51.32099],[-2.94004,51.32342],[-2.93067,51.33848],[-2.93026,51.33962],[-2.92974,51.33946],[-2.93009,51.33962],[-2.90915,51.34509],[-2.90876,51.34415],[-2.89833,51.35613],[-2.89818,51.35611],[-2.87284,51.36631],[-2.87408,51.36561],[-2.87395,51.36567],[-2.87358,51.36565],[-2.87292,51.3661],[-2.87147,51.36749],[-2.87069,51.36894],[-2.87035,51.37028],[-2.86966,51.37178],[-2.86829,51.37269],[-2.86683,51.37344],[-2.86477,51.37435],[-2.86314,51.37516],[-2.86142,51.37558],[-2.85911,51.37585],[-2.85756,51.37585],[-2.85473,51.37537],[-2.85293,51.37542],[-2.85087,51.37553],[-2.84915,51.37585],[-2.847,51.37617],[-2.84537,51.37617]]],[[[-2.88923,51.35935],[-2.89112,51.35501],[-2.89465,51.35554],[-2.89076,51.35492],[-2.8894,51.3587],[-2.87872,51.36352],[-2.88923,51.35935]]],[[[-2.79395,51.29524],[-2.79396,51.2952],[-2.7959,51.29522],[-2.79586,51.29515],[-2.79585,51.29515],[-2.79391,51.29515],[-2.79395,51.29524]]]]}},{"type":"Feature","properties":{"source_code":"L81670","codes":["L81670"],"label":"HORIZON HEALTH CENTRE"},"geometry":{"type":"Polygon","coordinates":[[[-2.96831,51.34166],[-2.96766,51.34365],[-2.96405,51.34444],[-2.96042,51.34472],[-2.96146,51.34063],[-2.95788,51.33891],[-2.95641,51.33809],[-2.95611,51.33763],[-2.95565,51.33538],[-2.95526,51.33414],[-2.95525,51.33316],[-2.95476,51.32957],[-2.95464,51.32866],[-2.95456,51.32531],[-2.95462,51.32217],[-2.96427,51.32161],[-2.96848,51.32129],[-2.96915,51.32247],[-2.96997,51.32342],[-2.97166,51.32588],[-2.97269,51.3274],[-2.9732,51.32773],[-2.97064,51.32997],[-2.96982,51.33003],[-2.9696,51.32935],[-2.96683,51.33029],[-2.96695,51.33048],[-2.96861,51.33314],[-2.97064,51.33648],[-2.96831,51.34166]]]}},{"type":"Feature","properties":{"source_code":"L81044","codes":["L81044"],"label":"TUDOR LODGE SURGERY"},"geometry":{"type":"Polygon","coordinates":[[[-2.99137,51.32031],[-2.98433,51.33694],[-2.98253,51.34761],[-2.98558,51.35133],[-2.99002,51.35116],[-2.99137,51.35377],[-2.99448,51.35489],[-2.99416,51.35643],[-2.98562,51.35651],[-2.97699,51.35648],[-2.97249,51.35602],[-2.96116,51.35592],[-2.93798,51.35946],[-2.91412,51.35913],[-2.91035,51.35292],[-2.9306,51.34477],[-2.91995,51.3334],[-2.91961,51.32804],[-2.91344,51.29735],[-2.95498,51.30679],[-2.99137,51.32031]]]}},{"type":"Feature","properties":{"source_code":"L81016","codes":["L81016"],"label":"GRAHAM ROAD SURGERY"},"geometry":{"type":"Polygon","coordinates":[[[-2.96619,51.34605],[-2.96646,51.34544],[-2.96687,51.34504],[-2.96711,51.34448],[-2.96774,51.34287],[-2.97074,51.33636],[-2.97288,51.3399],[-2.98186,51.34079],[-2.98131,51.34272],[-2.98153,51.34766],[-2.97871,51.34764],[-2.97739,51.3482],[-2.97597,51.34866],[-2.97391,51.34893],[-2.97247,51.34909],[-2.97015,51.34932],[-2.97038,51.3462],[-2.96646,51.34604],[-2.96619,51.34605]]]}},{"type":"Feature","properties":{"source_code":"L81051","codes":["L81051"],"label":"168 MEDICAL GROUP"},"geometry":{"type":"Polygon","coordinates":[[[-2.97454,51.32802],[-2.97455,51.32798],[-2.97489,51.32798],[-2.98262,51.32707],[-2.98193,51.3601],[-2.93386,51.36739],[-2.91996,51.35442],[-2.96133,51.34477],[-2.97438,51.32804],[-2.97454,51.32802]]]}},{"type":"Feature","properties":{"source_code":"L81066","codes":["L81066"],"label":"STAFFORD MEDICAL GROUP"},"geometry":{"type":"MultiPolygon","coordinates":[[[[-2.96203,51.35063],[-2.9643,51.35036],[-2.96474,51.35026],[-2.96504,51.35017],[-2.96566,51.34997],[-2.96643,51.34981],[-2.96882,51.34933],[-2.9685,51.34796],[-2.96822,51.34796],[-2.96804,51.34797],[-2.96791,51.34792],[-2.96785,51.34787],[-2.96784,51.34775],[-2.96794,51.3461],[-2.97042,51.34629],[-2.97012,51.34914],[-2.97046,51.34906],[-2.97143,51.34896],[-2.97248,51.34892],[-2.97266,51.34892],[-2.97282,51.35029],[-2.9741,51.35023],[-2.97399,51.35067],[-2.97378,51.35106],[-2.97328,51.35154],[-2.97265,51.35209],[-2.97245,51.35256],[-2.97238,51.35308],[-2.97237,51.35361],[-2.97187,51.35448],[-2.97189,51.35515],[-2.97154,51.35717],[-2.96992,51.35703],[-2.96669,51.3561],[-2.96431,51.35537],[-2.96381,51.35455],[-2.96319,51.35358],[-2.96261,51.35298],[-2.96261,51.35291],[-2.96249,51.35205],[-2.96251,51.35147],[-2.96203,51.35063]]],[[[-2.89411,51.36008],[-2.89467,51.35974],[-2.89504,51.35943],[-2.89527,51.35924],[-2.89847,51.35884],[-2.90039,51.35833],[-2.90148,51.35827],[-2.90095,51.35697],[-2.90085,51.35583],[-2.90132,51.35541],[-2.9035,51.3541],[-2.90434,51.35379],[-2.90519,51.35367],[-2.90672,51.35331],[-2.90746,51.35197],[-2.90861,51.3509],[-2.91124,51.34709],[-2.91396,51.34501],[-2.91659,51.34376],[-2.91698,51.34347],[-2.91757,51.34242],[-2.91833,51.34208],[-2.91957,51.34141],[-2.92091,51.33979],[-2.92215,51.33924],[-2.92385,51.33818],[-2.92639,51.33862],[-2.92815,51.33905],[-2.92956,51.33998],[-2.93118,51.3414],[-2.93182,51.34266],[-2.93213,51.34438],[-2.94216,51.34607],[-2.94372,51.34657],[-2.94438,51.34725],[-2.94432,51.34806],[-2.92235,51.3525],[-2.91378,51.35604],[-2.91276,51.35657],[-2.91341,51.35736],[-2.91331,51.35791],[-2.91112,51.35943],[-2.90941,51.36015],[-2.90797,51.36023],[-2.90664,51.3604],[-2.90503,51.36024],[-2.90414,51.35996],[-2.89179,51.36516],[-2.89266,51.36328],[-2.89321,51.36247],[-2.89372,51.36145],[-2.89379,51.36105],[-2.89393,51.36046],[-2.89411,51.36008]]]]}},{"type":"Feature","properties":{"source_code":"L81058","codes":["L81058"],"label":"THE MILTON SURGERY"},"geometry":{"type":"Polygon","coordinates":[[[-2.96884,51.3486],[-2.96893,51.34938],[-2.96882,51.34979],[-2.96958,51.35005],[-2.97043,51.35115],[-2.97065,51.35253],[-2.97039,51.35418],[-2.97174,51.35443],[-2.97173,51.35542],[-2.95582,51.35745],[-2.95628,51.35983],[-2.95758,51.3599],[-2.95991,51.35964],[-2.96094,51.36253],[-2.95755,51.36369],[-2.95416,51.36441],[-2.95274,51.36184],[-2.94907,51.36259],[-2.94492,51.36364],[-2.94446,51.3633],[-2.94016,51.36398],[-2.93572,51.36495],[-2.93384,51.36383],[-2.93174,51.36437],[-2.93096,51.36479],[-2.92958,51.36412],[-2.92829,51.364],[-2.92726,51.36273],[-2.92734,51.3621],[-2.92627,51.36146],[-2.92545,51.36066],[-2.92322,51.35794],[-2.92198,51.35639],[-2.92102,51.35421],[-2.92093,51.35331],[-2.91859,51.35007],[-2.92867,51.34715],[-2.93123,51.34601],[-2.93164,51.34469],[-2.93422,51.34478],[-2.93679,51.34524],[-2.9424,51.34632],[-2.94749,51.34386],[-2.94458,51.34104],[-2.94364,51.33985],[-2.94777,51.33946],[-2.95052,51.3379],[-2.95219,51.33761],[-2.95326,51.33766],[-2.9547,51.33801],[-2.95503,51.33845],[-2.95631,51.33809],[-2.9577,51.33875],[-2.96089,51.33849],[-2.9633,51.33905],[-2.96425,51.34069],[-2.96459,51.34195],[-2.96601,51.34277],[-2.96775,51.3431],[-2.96638,51.34594],[-2.96571,51.34841],[-2.96597,51.34849],[-2.96644,51.34852],[-2.96753,51.34861],[-2.96884,51.3486]]]}},{"type":"Feature","properties":{"source_code":"L81072","codes":["L81072"],"label":"CHEW MEDICAL PRACTICE"},"geometry":{"type":"Polygon","coordinates":[[[-2.62985,51.41891],[-2.62917,51.40477],[-2.56599,51.40563],[-2.55913,51.41248],[-2.53647,51.39064],[-2.52892,51.35377],[-2.5296,51.32375],[-2.54608,51.32289],[-2.56531,51.32932],[-2.5811,51.3216],[-2.57011,51.31345],[-2.60376,51.28726],[-2.73697,51.32975],[-2.75894,51.3349],[-2.75963,51.33962],[-2.73903,51.34734],[-2.72667,51.36149],[-2.69508,51.39321],[-2.62985,51.41891]]]}},{"type":"Feature","properties":{"source_code":"L81643","codes":["L81643"],"label":"THE CEDARS SURGERY"},"geometry":{"type":"Polygon","coordinates":[[[-2.90925,51.3603],[-2.90938,51.35994],[-2.91074,51.35956],[-2.91084,51.35927],[-2.90992,51.35877],[-2.91057,51.35787],[-2.91222,51.35646],[-2.92152,51.35269],[-2.94137,51.34868],[-2.94265,51.35076],[-2.94079,51.35264],[-2.94156,51.35391],[-2.94226,51.35458],[-2.94354,51.35597],[-2.94478,51.35694],[-2.94682,51.35784],[-2.94693,51.35901],[-2.94652,51.35929],[-2.94603,51.35938],[-2.94572,51.35965],[-2.94532,51.35989],[-2.94481,51.36002],[-2.94413,51.36018],[-2.94364,51.36027],[-2.94332,51.3603],[-2.94136,51.36023],[-2.9403,51.36021],[-2.9397,51.36028],[-2.93924,51.36047],[-2.93868,51.36083],[-2.93808,51.36108],[-2.93716,51.3612],[-2.93672,51.36112],[-2.93628,51.36089],[-2.93593,51.36063],[-2.93546,51.3606],[-2.93665,51.36167],[-2.93631,51.36199],[-2.9343,51.36311],[-2.93132,51.36552],[-2.92353,51.36589],[-2.92429,51.36764],[-2.92359,51.36854],[-2.92218,51.3696],[-2.92033,51.37005],[-2.91958,51.37058],[-2.91855,51.37165],[-2.9155,51.37368],[-2.91208,51.37526],[-2.91015,51.37409],[-2.90472,51.37097],[-2.90168,51.36809],[-2.91146,51.36365],[-2.91119,51.36356],[-2.91041,51.36324],[-2.90972,51.36269],[-2.90923,51.36221],[-2.90925,51.3603]]]}},{"type":"Feature","properties":{"source_code":"L81086","codes":["L81086"],"label":"MENDIP VALE MEDICAL PRACTICE"},"geometry":{"type":"MultiPolygon","coordinates":[[[[-2.81447,51.33386],[-2.8145,51.33387],[-2.81448,51.33387],[-2.81447,51.33386]]],[[[-2.81481,51.33398],[-2.81456,51.334],[-2.8145,51.3339],[-2.81471,51.33395],[-2.8145,51.33387],[-2.81567,51.33409],[-2.82055,51.33441],[-2.82093,51.33476],[-2.81604,51.33439],[-2.81481,51.33398]]],[[[-2.82093,51.33476],[-2.82127,51.33478],[-2.82101,51.33483],[-2.82093,51.33476]]],[[[-2.8278,51.33528],[-2.82127,51.33478],[-2.82322,51.33444],[-2.82611,51.33452],[-2.82882,51.33527],[-2.8278,51.33528]]],[[[-2.81447,51.33386],[-2.81371,51.33357],[-2.80657,51.33462],[-2.81456,51.334],[-2.81482,51.33443],[-2.81838,51.33534],[-2.8278,51.33528],[-2.82837,51.33532],[-2.86091,51.33591],[-2.88166,51.34042],[-2.89243,51.32928],[-2.91841,51.33893],[-2.91349,51.35287],[-2.92385,51.35363],[-2.93559,51.34837],[-2.93874,51.36499],[-2.93365,51.38246],[-2.90985,51.38766],[-2.90725,51.38978],[-2.90881,51.39617],[-2.90039,51.40692],[-2.89283,51.41206],[-2.89421,51.41248],[-2.89833,51.41377],[-2.89558,51.41634],[-2.89077,51.41848],[-2.88391,51.42447],[-2.8743,51.4356],[-2.86056,51.44203],[-2.84134,51.44245],[-2.83962,51.44245],[-2.82211,51.43132],[-2.76809,51.42138],[-2.73125,51.39677],[-2.72644,51.39425],[-2.71638,51.39154],[-2.70405,51.39256],[-2.69632,51.38999],[-2.69492,51.38205],[-2.70253,51.36933],[-2.70686,51.36326],[-2.70762,51.35946],[-2.7,51.35601],[-2.70066,51.35346],[-2.70929,51.34765],[-2.72569,51.34704],[-2.72494,51.34355],[-2.71914,51.34511],[-2.71453,51.34033],[-2.71811,51.33827],[-2.69368,51.33033],[-2.68911,51.32839],[-2.69366,51.32151],[-2.69537,51.3191],[-2.71304,51.31899],[-2.71889,51.32136],[-2.72211,51.32116],[-2.72974,51.3181],[-2.7335,51.31934],[-2.73535,51.31997],[-2.74278,51.32056],[-2.74652,51.32034],[-2.74881,51.32096],[-2.75225,51.32193],[-2.7531,51.32492],[-2.75734,51.32622],[-2.78772,51.3277],[-2.81099,51.32812],[-2.81447,51.33386]]],[[[-2.8145,51.3339],[-2.81392,51.33376],[-2.81448,51.33387],[-2.8145,51.3339]]]]}},{"type":"Feature","properties":{"source_code":"L81041","codes":["L81041"],"label":"HILLVIEW FAMILY PRACTICE"},"geometry":{"type":"Polygon","coordinates":[[[-2.6307,51.41872],[-2.63155,51.41968],[-2.63279,51.42048],[-2.62863,51.42213],[-2.61867,51.42652],[-2.61458,51.42911],[-2.6116,51.43265],[-2.60886,51.43379],[-2.60797,51.43354],[-2.60514,51.43159],[-2.60458,51.43062],[-2.60413,51.42927],[-2.60387,51.4268],[-2.60408,51.42242],[-2.60362,51.42152],[-2.60253,51.42044],[-2.60079,51.41928],[-2.59827,51.42149],[-2.59726,51.4218],[-2.59415,51.42035],[-2.58889,51.4176],[-2.5895,51.41551],[-2.58988,51.41202],[-2.58449,51.41019],[-2.57832,51.40786],[-2.57652,51.40787],[-2.57223,51.40757],[-2.5702,51.40709],[-2.57075,51.40553],[-2.57115,51.4048],[-2.57228,51.40359],[-2.57412,51.40244],[-2.57617,51.40106],[-2.57717,51.40036],[-2.57811,51.39934],[-2.57954,51.39978],[-2.57938,51.39998],[-2.58087,51.40057],[-2.58208,51.40091],[-2.58233,51.40051],[-2.58254,51.40048],[-2.58296,51.39969],[-2.58382,51.39975],[-2.58386,51.40039],[-2.58438,51.40041],[-2.58445,51.40002],[-2.58517,51.40013],[-2.58531,51.39987],[-2.58494,51.39965],[-2.58528,51.39942],[-2.58557,51.39955],[-2.58598,51.39935],[-2.58613,51.39942],[-2.58728,51.39888],[-2.58775,51.3986],[-2.58857,51.39855],[-2.58936,51.39833],[-2.58971,51.39808],[-2.59009,51.3978],[-2.59012,51.39756],[-2.59046,51.39753],[-2.59136,51.39777],[-2.5922,51.39821],[-2.59236,51.398],[-2.59191,51.39769],[-2.59256,51.39729],[-2.59343,51.39794],[-2.59402,51.39766],[-2.59422,51.3978],[-2.59567,51.39791],[-2.59621,51.39831],[-2.59735,51.39866],[-2.59761,51.39915],[-2.59704,51.40013],[-2.59793,51.39993],[-2.59933,51.40023],[-2.60003,51.40008],[-2.60103,51.40023],[-2.60111,51.3995],[-2.60286,51.3988],[-2.60312,51.39903],[-2.60417,51.39928],[-2.60473,51.39984],[-2.60495,51.40044],[-2.60556,51.40094],[-2.60649,51.40135],[-2.60729,51.40097],[-2.60786,51.40124],[-2.60833,51.40135],[-2.60894,51.40112],[-2.61035,51.40124],[-2.6111,51.4011],[-2.61257,51.40134],[-2.61234,51.40221],[-2.61376,51.40272],[-2.61383,51.40238],[-2.61751,51.4024],[-2.6174,51.40176],[-2.61922,51.40196],[-2.61911,51.40382],[-2.61964,51.40436],[-2.62172,51.40419],[-2.62223,51.4037],[-2.62306,51.4038],[-2.62308,51.40401],[-2.6259,51.40378],[-2.6257,51.40324],[-2.62727,51.40254],[-2.6279,51.40186],[-2.62963,51.40235],[-2.63047,51.40215],[-2.63333,51.40343],[-2.63346,51.4044],[-2.63319,51.40525],[-2.6349,51.40597],[-2.6355,51.40696],[-2.63401,51.40721],[-2.6325,51.40783],[-2.63166,51.40854],[-2.63095,51.41008],[-2.63241,51.41028],[-2.63161,51.41113],[-2.63091,51.41221],[-2.63076,51.41297],[-2.62984,51.41478],[-2.62917,51.41474],[-2.62876,51.41598],[-2.6299,51.41606],[-2.63127,51.41596],[-2.63152,51.41649],[-2.63256,51.41757],[-2.6307,51.41872]]]}},{"type":"Feature","properties":{"source_code":"L81083","codes":["L81083"],"label":"HARTWOOD HEALTHCARE"},"geometry":{"type":"Polygon","coordinates":[[[-2.5946,51.41473],[-2.58753,51.41881],[-2.58445,51.42009],[-2.57982,51.42164],[-2.57925,51.42072],[-2.57736,51.41883],[-2.57642,51.41748],[-2.57595,51.41651],[-2.57517,51.41473],[-2.57393,51.41325],[-2.57384,51.41232],[-2.57456,51.41153],[-2.57644,51.41049],[-2.57843,51.40779],[-2.57327,51.40745],[-2.57073,51.40698],[-2.5712,51.40543],[-2.57167,51.40443],[-2.57233,51.40362],[-2.57382,51.40249],[-2.57465,51.40239],[-2.57938,51.4025],[-2.57936,51.40213],[-2.57847,51.39975],[-2.58206,51.40088],[-2.58293,51.39973],[-2.5838,51.39984],[-2.58396,51.40039],[-2.58445,51.40039],[-2.58448,51.40008],[-2.58531,51.40017],[-2.58505,51.39955],[-2.58567,51.39954],[-2.58653,51.39923],[-2.58769,51.39864],[-2.5902,51.39799],[-2.59017,51.39759],[-2.59075,51.39757],[-2.59227,51.39829],[-2.59242,51.39789],[-2.59201,51.39764],[-2.59265,51.39731],[-2.59353,51.398],[-2.59408,51.39774],[-2.5958,51.39795],[-2.59689,51.39859],[-2.59729,51.39864],[-2.5977,51.3991],[-2.59704,51.40021],[-2.60104,51.40023],[-2.60103,51.39952],[-2.60277,51.3989],[-2.60316,51.39912],[-2.60425,51.3993],[-2.60504,51.40042],[-2.60644,51.40146],[-2.60726,51.40098],[-2.60847,51.40132],[-2.60896,51.40108],[-2.61256,51.40135],[-2.61239,51.40235],[-2.61381,51.40268],[-2.61387,51.4024],[-2.61756,51.40245],[-2.6174,51.40179],[-2.61922,51.40195],[-2.61916,51.40409],[-2.61981,51.40441],[-2.62164,51.40426],[-2.62218,51.40374],[-2.62334,51.40403],[-2.62588,51.40377],[-2.62562,51.40328],[-2.62741,51.40253],[-2.62799,51.40188],[-2.62963,51.40231],[-2.63052,51.40215],[-2.63303,51.40344],[-2.63354,51.40462],[-2.63315,51.40527],[-2.63417,51.40584],[-2.63504,51.406],[-2.63542,51.40701],[-2.63269,51.4077],[-2.63174,51.40849],[-2.63092,51.41017],[-2.62995,51.41113],[-2.6259,51.41226],[-2.62788,51.41357],[-2.62883,51.41512],[-2.62885,51.41655],[-2.62787,51.41938],[-2.62782,51.42102],[-2.62918,51.42121],[-2.62955,51.42166],[-2.6185,51.42657],[-2.61395,51.42919],[-2.6113,51.43261],[-2.60822,51.43376],[-2.60603,51.43217],[-2.60481,51.4308],[-2.60422,51.42888],[-2.60416,51.42277],[-2.60378,51.42165],[-2.6022,51.42019],[-2.59561,51.41608],[-2.5946,51.41473]]]}},{"type":"Feature","properties":{"source_code":"L81009","codes":["L81009"],"label":"STOCKWOOD MEDICAL CENTRE"},"geometry":{"type":"Polygon","coordinates":[[[-2.55492,51.42988],[-2.55515,51.42981],[-2.55346,51.42988],[-2.55286,51.42966],[-2.53407,51.418],[-2.53237,51.41521],[-2.55162,51.40001],[-2.55824,51.40609],[-2.55971,51.41366],[-2.56436,51.42752],[-2.56102,51.42881],[-2.55715,51.42972],[-2.55541,51.4298],[-2.55492,51.42988]]]}},{"type":"Feature","properties":{"source_code":"L81054","codes":["L81054"],"label":"GRANGE ROAD SURGERY"},"geometry":{"type":"Polygon","coordinates":[[[-2.6117,51.43196],[-2.61061,51.43231],[-2.609,51.43274],[-2.60783,51.4333],[-2.60775,51.43333],[-2.60625,51.4322],[-2.60504,51.43089],[-2.60435,51.42861],[-2.60441,51.42545],[-2.60449,51.42403],[-2.6044,51.42232],[-2.60385,51.42113],[-2.60221,51.41995],[-2.59672,51.41666],[-2.59559,51.41578],[-2.59495,51.41495],[-2.59436,51.4137],[-2.5948,51.41251],[-2.59482,51.41114],[-2.59451,51.41001],[-2.59393,51.40899],[-2.59334,51.40814],[-2.59333,51.40777],[-2.59345,51.40733],[-2.59322,51.40689],[-2.59225,51.40641],[-2.59177,51.40603],[-2.59146,51.40553],[-2.59147,51.40493],[-2.59194,51.40419],[-2.5927,51.4038],[-2.59392,51.40359],[-2.59512,51.40185],[-2.59709,51.39985],[-2.60128,51.39463],[-2.60941,51.39213],[-2.61329,51.39215],[-2.61688,51.39291],[-2.62046,51.39559],[-2.62752,51.39709],[-2.63356,51.39689],[-2.63566,51.39647],[-2.63892,51.39456],[-2.64155,51.39467],[-2.64259,51.39658],[-2.6418,51.39878],[-2.6414,51.40253],[-2.63515,51.4027],[-2.63635,51.40391],[-2.63615,51.4057],[-2.63587,51.40681],[-2.63408,51.40709],[-2.63215,51.4096],[-2.63256,51.4103],[-2.63093,51.41348],[-2.63075,51.4147],[-2.63079,51.41599],[-2.63122,51.41598],[-2.63258,51.41759],[-2.63082,51.41874],[-2.63162,51.41963],[-2.63258,51.4204],[-2.63158,51.42086],[-2.62853,51.42184],[-2.62509,51.42335],[-2.62167,51.4249],[-2.61968,51.42583],[-2.61737,51.42704],[-2.61384,51.42915],[-2.6117,51.43196]]]}},{"type":"Feature","properties":{"source_code":"L81031","codes":["L81031"],"label":"THE ARMADA FAMILY PRACTICE"},"geometry":{"type":"Polygon","coordinates":[[[-2.59355,51.41446],[-2.58273,51.42046],[-2.57689,51.42244],[-2.57166,51.42624],[-2.56385,51.42688],[-2.56351,51.42619],[-2.55758,51.42624],[-2.55432,51.42025],[-2.55346,51.41066],[-2.54771,51.41034],[-2.54788,51.40927],[-2.5502,51.40579],[-2.55501,51.40585],[-2.55827,51.40622],[-2.55904,51.40777],[-2.56848,51.40676],[-2.57818,51.40756],[-2.59071,51.41173],[-2.59355,51.41446]]]}},{"type":"Feature","properties":{"source_code":"L81053","codes":["L81053"],"label":"THE LENNARD SURGERY"},"geometry":{"type":"Polygon","coordinates":[[[-2.63489,51.40597],[-2.63546,51.40698],[-2.63417,51.40716],[-2.63291,51.40765],[-2.63182,51.40833],[-2.63122,51.40924],[-2.63091,51.41004],[-2.63243,51.4103],[-2.63147,51.41128],[-2.63047,51.41363],[-2.6298,51.41474],[-2.62926,51.41474],[-2.6288,51.41597],[-2.6298,51.41607],[-2.63122,51.41591],[-2.63262,51.41766],[-2.63081,51.41875],[-2.63271,51.42046],[-2.63149,51.42102],[-2.62926,51.42191],[-2.62666,51.42287],[-2.62435,51.42383],[-2.62056,51.42544],[-2.61638,51.42772],[-2.61488,51.42906],[-2.61315,51.43086],[-2.61277,51.43144],[-2.61118,51.43255],[-2.60838,51.43365],[-2.60735,51.43326],[-2.60576,51.43223],[-2.60455,51.43085],[-2.60401,51.42915],[-2.60362,51.42773],[-2.60358,51.4245],[-2.60353,51.42197],[-2.60296,51.42109],[-2.60158,51.42004],[-2.59958,51.41872],[-2.5961,51.41643],[-2.59551,51.41593],[-2.59484,51.41515],[-2.59492,51.41466],[-2.59523,51.41407],[-2.59742,51.41358],[-2.59968,51.41332],[-2.60245,51.41336],[-2.60685,51.41391],[-2.60855,51.41393],[-2.60982,51.41373],[-2.61109,51.41315],[-2.60999,51.41158],[-2.6088,51.41036],[-2.60885,51.40989],[-2.60854,51.40866],[-2.60841,51.40545],[-2.60831,51.40477],[-2.60947,51.40385],[-2.61024,51.40312],[-2.6103,51.40255],[-2.61002,51.40158],[-2.61037,51.40127],[-2.61108,51.40112],[-2.61251,51.40136],[-2.61239,51.40223],[-2.61374,51.4027],[-2.61386,51.40237],[-2.61631,51.40234],[-2.61748,51.40237],[-2.61735,51.40171],[-2.61914,51.40196],[-2.61914,51.40378],[-2.6196,51.40437],[-2.6218,51.40414],[-2.62225,51.40368],[-2.62304,51.40383],[-2.62317,51.40402],[-2.62591,51.4038],[-2.62564,51.40326],[-2.62741,51.40249],[-2.62759,51.40203],[-2.62802,51.40188],[-2.62961,51.40228],[-2.6304,51.40208],[-2.63137,51.4025],[-2.63332,51.40348],[-2.63335,51.40447],[-2.63316,51.40525],[-2.63381,51.40568],[-2.63489,51.40597]]]}},{"type":"Feature","properties":{"source_code":"L81034","codes":["L81034"],"label":"TYNTESFIELD MEDICAL GROUP"},"geometry":{"type":"Polygon","coordinates":[[[-2.69645,51.3825],[-2.70298,51.38442],[-2.72152,51.38635],[-2.7428,51.3855],[-2.76581,51.38485],[-2.78091,51.38592],[-2.78606,51.38614],[-2.78126,51.38914],[-2.78332,51.39342],[-2.78503,51.39985],[-2.79568,51.4097],[-2.80426,51.41291],[-2.80563,51.42062],[-2.81628,51.42704],[-2.82829,51.43625],[-2.81868,51.4416],[-2.79911,51.44866],[-2.77336,51.45315],[-2.75379,51.45871],[-2.73765,51.45272],[-2.70744,51.44887],[-2.6913,51.44438],[-2.67654,51.45294],[-2.66452,51.46534],[-2.64632,51.47924],[-2.63671,51.46877],[-2.63019,51.46064],[-2.62298,51.45016],[-2.62058,51.44245],[-2.62435,51.43903],[-2.63809,51.43411],[-2.63362,51.42405],[-2.62916,51.41762],[-2.64495,51.4082],[-2.67654,51.39535],[-2.69645,51.3825]]]}},{"type":"Feature","properties":{"source_code":"L81084","codes":["L81084"],"label":"PRIORY SURGERY"},"geometry":{"type":"Polygon","coordinates":[[[-2.57964,51.446],[-2.57701,51.44387],[-2.57349,51.44307],[-2.57086,51.44276],[-2.56755,51.44279],[-2.56015,51.44176],[-2.55945,51.44041],[-2.55784,51.43841],[-2.5562,51.43685],[-2.55412,51.43608],[-2.55266,51.43559],[-2.55223,51.43513],[-2.55197,51.43431],[-2.54994,51.43434],[-2.54912,51.43425],[-2.54797,51.43385],[-2.54634,51.43267],[-2.54526,51.43178],[-2.54623,51.43137],[-2.54543,51.43041],[-2.54429,51.4289],[-2.54377,51.42668],[-2.54441,51.42564],[-2.5457,51.42537],[-2.54646,51.42687],[-2.54793,51.42744],[-2.54954,51.4267],[-2.55052,51.42576],[-2.55157,51.42524],[-2.55269,51.42532],[-2.55558,51.42535],[-2.55583,51.42462],[-2.55569,51.42403],[-2.55487,51.42304],[-2.5516,51.42282],[-2.55172,51.42198],[-2.55149,51.42127],[-2.55126,51.41897],[-2.55168,51.41865],[-2.55385,51.41789],[-2.555,51.4177],[-2.55563,51.415],[-2.55591,51.41317],[-2.55637,51.41132],[-2.55811,51.41123],[-2.55932,51.41117],[-2.56096,51.41144],[-2.56135,51.41015],[-2.56224,51.40831],[-2.56292,51.40754],[-2.56418,51.40708],[-2.56755,51.40637],[-2.56869,51.40642],[-2.57175,51.40679],[-2.57325,51.40727],[-2.57499,51.40727],[-2.57564,51.40737],[-2.57782,51.40742],[-2.57906,51.40764],[-2.58077,51.40821],[-2.58129,51.40862],[-2.58113,51.40882],[-2.5784,51.40794],[-2.5775,51.40937],[-2.57651,51.41042],[-2.57472,51.41143],[-2.57399,51.4122],[-2.57378,51.41276],[-2.57399,51.41333],[-2.57466,51.41402],[-2.57529,51.4148],[-2.57667,51.41783],[-2.57777,51.41896],[-2.57912,51.42011],[-2.57941,51.42066],[-2.57956,51.42125],[-2.57957,51.42181],[-2.57871,51.42242],[-2.57521,51.42399],[-2.57484,51.42473],[-2.57532,51.42478],[-2.57765,51.42416],[-2.57931,51.42513],[-2.57942,51.42552],[-2.57937,51.42819],[-2.57952,51.42918],[-2.58036,51.4304],[-2.58094,51.43045],[-2.58339,51.42922],[-2.58419,51.42922],[-2.58486,51.42987],[-2.58534,51.43119],[-2.58604,51.43229],[-2.5875,51.43329],[-2.58851,51.43412],[-2.58902,51.4351],[-2.58966,51.4364],[-2.58833,51.43665],[-2.58753,51.43689],[-2.58692,51.4372],[-2.58577,51.43787],[-2.58485,51.43867],[-2.58355,51.44039],[-2.58352,51.44172],[-2.58502,51.44346],[-2.58282,51.44428],[-2.57964,51.446]]]}},{"type":"Feature","properties":{"source_code":"L81040","codes":["L81040"],"label":"CLEVEDON MEDICAL CENTRE"},"geometry":{"type":"Polygon","coordinates":[[[-2.89667,51.40624],[-2.89024,51.41347],[-2.88749,51.41702],[-2.88406,51.42329],[-2.88219,51.4262],[-2.88007,51.42778],[-2.8779,51.42877],[-2.87699,51.43054],[-2.87973,51.43202],[-2.87694,51.43355],[-2.87073,51.43653],[-2.86599,51.43996],[-2.86467,51.44173],[-2.86211,51.4445],[-2.8549,51.45023],[-2.85305,51.45187],[-2.85266,51.45312],[-2.8476,51.45629],[-2.84056,51.45986],[-2.83781,51.46141],[-2.83341,51.4637],[-2.82783,51.46608],[-2.82407,51.46704],[-2.82202,51.4688],[-2.81935,51.47067],[-2.81776,51.47215],[-2.81671,51.47336],[-2.81402,51.47554],[-2.81136,51.47745],[-2.80964,51.47789],[-2.80994,51.47885],[-2.80877,51.47943],[-2.80814,51.47969],[-2.80774,51.48031],[-2.8065,51.48081],[-2.80607,51.48146],[-2.80508,51.48147],[-2.79167,51.48662],[-2.79034,51.48421],[-2.78318,51.48553],[-2.77555,51.487],[-2.77144,51.48706],[-2.76821,51.48601],[-2.76809,51.47605],[-2.76957,51.47407],[-2.75418,51.4634],[-2.74565,51.44053],[-2.7465,51.44001],[-2.74747,51.43799],[-2.7503,51.43661],[-2.75169,51.43596],[-2.75382,51.43508],[-2.76295,51.43363],[-2.76452,51.43363],[-2.77127,51.43271],[-2.77388,51.43207],[-2.77505,51.43147],[-2.77867,51.42907],[-2.78027,51.42759],[-2.7779,51.41647],[-2.78241,51.41025],[-2.78481,51.40832],[-2.7965,51.40397],[-2.83751,51.38726],[-2.84418,51.38469],[-2.86067,51.38111],[-2.86396,51.38152],[-2.86639,51.38229],[-2.86792,51.38269],[-2.87001,51.38281],[-2.87159,51.38296],[-2.87351,51.38261],[-2.87568,51.38273],[-2.87935,51.38453],[-2.88463,51.38697],[-2.88849,51.38826],[-2.89175,51.38778],[-2.89398,51.38815],[-2.89578,51.38853],[-2.8969,51.38901],[-2.89784,51.38976],[-2.89758,51.39029],[-2.89787,51.39024],[-2.89891,51.39143],[-2.89948,51.39208],[-2.89935,51.39235],[-2.89997,51.39201],[-2.90407,51.39211],[-2.90648,51.39294],[-2.90829,51.39393],[-2.91078,51.3951],[-2.91276,51.39628],[-2.89667,51.40624]]]}},{"type":"Feature","properties":{"source_code":"L81125","codes":["L81125"],"label":"WELLS ROAD SURGERY"},"geometry":{"type":"Polygon","coordinates":[[[-2.56139,51.42601],[-2.56252,51.42304],[-2.56483,51.42236],[-2.56804,51.42359],[-2.56947,51.42437],[-2.57017,51.4241],[-2.5716,51.42539],[-2.57331,51.42649],[-2.57422,51.4267],[-2.57961,51.42647],[-2.58135,51.42666],[-2.58614,51.42829],[-2.58211,51.43033],[-2.58412,51.4325],[-2.58544,51.43415],[-2.58373,51.43513],[-2.58194,51.43599],[-2.58368,51.43677],[-2.5846,51.43736],[-2.58565,51.43806],[-2.58401,51.43995],[-2.5834,51.44173],[-2.58448,51.44272],[-2.58506,51.44353],[-2.58101,51.44494],[-2.57902,51.44532],[-2.57794,51.44415],[-2.57665,51.44332],[-2.57519,51.44283],[-2.5731,51.44256],[-2.56741,51.44281],[-2.56016,51.44168],[-2.55879,51.43945],[-2.55695,51.43734],[-2.55585,51.43663],[-2.55269,51.43541],[-2.55239,51.4344],[-2.54911,51.43429],[-2.54804,51.43406],[-2.5462,51.43265],[-2.54533,51.4318],[-2.54618,51.43138],[-2.54903,51.43008],[-2.54889,51.42947],[-2.54855,51.42783],[-2.5495,51.42601],[-2.55113,51.42517],[-2.55338,51.42568],[-2.55407,51.42727],[-2.55717,51.42621],[-2.55965,51.42593],[-2.56139,51.42601]]]}},{"type":"Feature","properties":{"source_code":"L81082","codes":["L81082"],"label":"BEDMINSTER FAMILY PRACTICE"},"geometry":{"type":"MultiPolygon","coordinates":[[[[-2.56393,51.42774],[-2.5682,51.42647],[-2.57144,51.42616],[-2.57737,51.42231],[-2.58039,51.42139],[-2.58337,51.42018],[-2.58874,51.41776],[-2.59539,51.41409],[-2.60187,51.41547],[-2.60625,51.41648],[-2.60543,51.41663],[-2.60586,51.41639],[-2.60332,51.41685],[-2.60318,51.4173],[-2.60409,51.4173],[-2.6038,51.41753],[-2.60421,51.4173],[-2.60994,51.41733],[-2.60625,51.41648],[-2.60679,51.41638],[-2.61286,51.41752],[-2.61608,51.41805],[-2.61891,51.41896],[-2.62101,51.41955],[-2.62505,51.42062],[-2.62904,51.42118],[-2.62942,51.42164],[-2.63226,51.42035],[-2.63356,51.42067],[-2.63465,51.42126],[-2.63428,51.42174],[-2.63698,51.42426],[-2.64874,51.42447],[-2.64537,51.42736],[-2.64328,51.42827],[-2.6417,51.43009],[-2.64067,51.43132],[-2.64032,51.43255],[-2.63809,51.43203],[-2.63955,51.43385],[-2.64187,51.43531],[-2.6435,51.43769],[-2.64183,51.43877],[-2.64075,51.44002],[-2.63844,51.44101],[-2.63747,51.44238],[-2.63616,51.44332],[-2.63234,51.44336],[-2.63354,51.44375],[-2.63243,51.44342],[-2.62983,51.44461],[-2.62844,51.44622],[-2.62642,51.4477],[-2.62337,51.4474],[-2.62247,51.44877],[-2.62011,51.45058],[-2.61578,51.44989],[-2.6126,51.44958],[-2.60994,51.45024],[-2.60854,51.45057],[-2.60715,51.45056],[-2.60436,51.45048],[-2.60161,51.45069],[-2.59887,51.45128],[-2.59775,51.45251],[-2.5926,51.44925],[-2.59222,51.4512],[-2.59213,51.45255],[-2.59192,51.45366],[-2.58891,51.45497],[-2.58698,51.45406],[-2.58419,51.45283],[-2.57994,51.45096],[-2.58101,51.44883],[-2.5826,51.44783],[-2.58267,51.44086],[-2.5843,51.44265],[-2.58471,51.44384],[-2.58458,51.44296],[-2.5843,51.44265],[-2.58361,51.44066],[-2.57797,51.44176],[-2.57423,51.44031],[-2.57299,51.43928],[-2.57209,51.43836],[-2.57029,51.43773],[-2.56943,51.437],[-2.56711,51.43483],[-2.56514,51.43261],[-2.56456,51.43047],[-2.56389,51.42934],[-2.56393,51.42774]]],[[[-2.60483,51.41674],[-2.60543,51.41663],[-2.60421,51.4173],[-2.60409,51.4173],[-2.60483,51.41674]]]]}},{"type":"Feature","properties":{"source_code":"L81120","codes":["L81120"],"label":"BIRCHWOOD MEDICAL PRACTICE"},"geometry":{"type":"Polygon","coordinates":[[[-2.55737,51.44991],[-2.55314,51.45136],[-2.54926,51.45395],[-2.54658,51.4547],[-2.54499,51.45557],[-2.54327,51.45567],[-2.54007,51.45526],[-2.53848,51.45453],[-2.53817,51.45381],[-2.53657,51.45161],[-2.53448,51.4495],[-2.53413,51.44872],[-2.5345,51.44798],[-2.53563,51.44743],[-2.53788,51.44691],[-2.53914,51.44625],[-2.53939,51.44575],[-2.53809,51.44472],[-2.53718,51.44458],[-2.53086,51.44555],[-2.52864,51.44506],[-2.52663,51.44366],[-2.52661,51.44202],[-2.52697,51.43814],[-2.52722,51.43637],[-2.52326,51.43226],[-2.52486,51.43032],[-2.52859,51.42702],[-2.53448,51.4238],[-2.53932,51.42192],[-2.54449,51.4206],[-2.54601,51.4197],[-2.54869,51.42031],[-2.5514,51.41968],[-2.55137,51.41876],[-2.55247,51.41833],[-2.55345,51.41628],[-2.55397,51.41559],[-2.55541,51.41564],[-2.55523,51.41798],[-2.55545,51.41898],[-2.55969,51.41882],[-2.56063,51.41871],[-2.56114,51.42033],[-2.56256,51.42312],[-2.5638,51.42705],[-2.56405,51.42796],[-2.56396,51.42967],[-2.56479,51.4312],[-2.56542,51.43281],[-2.5668,51.43457],[-2.57008,51.43745],[-2.57209,51.43834],[-2.57349,51.43956],[-2.5742,51.4403],[-2.57611,51.4411],[-2.57798,51.44187],[-2.57834,51.44348],[-2.5785,51.44442],[-2.57637,51.44305],[-2.57483,51.44265],[-2.57341,51.44254],[-2.57322,51.44338],[-2.57091,51.44309],[-2.56775,51.44409],[-2.56573,51.44456],[-2.56405,51.44479],[-2.56245,51.44476],[-2.56,51.44552],[-2.55795,51.44658],[-2.55811,51.4474],[-2.55898,51.44852],[-2.55876,51.4491],[-2.55737,51.44991]]]}},{"type":"Feature","properties":{"source_code":"L81033","codes":["L81033"],"label":"NIGHTINGALE VALLEY PRACTICE"},"geometry":{"type":"Polygon","coordinates":[[[-2.54876,51.45411],[-2.54658,51.45472],[-2.54503,51.45556],[-2.54066,51.45538],[-2.53847,51.4546],[-2.53671,51.45196],[-2.53478,51.44984],[-2.53424,51.44889],[-2.53432,51.44808],[-2.53479,51.44772],[-2.53772,51.44701],[-2.53912,51.44637],[-2.53935,51.44567],[-2.53836,51.44489],[-2.53685,51.44454],[-2.53211,51.44545],[-2.53055,51.44558],[-2.52836,51.44498],[-2.52655,51.4436],[-2.52686,51.44082],[-2.52677,51.43912],[-2.53012,51.43796],[-2.5296,51.43679],[-2.5282,51.43492],[-2.52737,51.43401],[-2.52669,51.43302],[-2.52933,51.43293],[-2.53147,51.43317],[-2.53559,51.43097],[-2.53817,51.4292],[-2.53845,51.42703],[-2.54332,51.4248],[-2.54513,51.4252],[-2.54629,51.4265],[-2.54783,51.42735],[-2.54981,51.42645],[-2.55069,51.42558],[-2.55149,51.42518],[-2.55322,51.42568],[-2.55382,51.42659],[-2.55698,51.42636],[-2.55897,51.4266],[-2.55797,51.42838],[-2.55605,51.43081],[-2.5546,51.43117],[-2.5537,51.43157],[-2.55342,51.4327],[-2.55499,51.43283],[-2.55564,51.43313],[-2.55751,51.43451],[-2.55837,51.43447],[-2.55854,51.43495],[-2.56026,51.43432],[-2.56334,51.43714],[-2.56395,51.43804],[-2.56261,51.43886],[-2.5602,51.43996],[-2.56081,51.44138],[-2.56501,51.44239],[-2.56359,51.44372],[-2.5632,51.44542],[-2.5605,51.44585],[-2.55761,51.44721],[-2.55867,51.44962],[-2.55358,51.45113],[-2.54876,51.45411]]]}},{"type":"Feature","properties":{"source_code":"L81007","codes":["L81007"],"label":"BRIDGE VIEW MEDICAL"},"geometry":{"type":"Polygon","coordinates":[[[-2.62449,51.44099],[-2.62236,51.44123],[-2.6213,51.44139],[-2.61852,51.44238],[-2.61765,51.44299],[-2.61677,51.44437],[-2.61574,51.44527],[-2.61513,51.44563],[-2.61297,51.44594],[-2.60725,51.4465],[-2.60481,51.44656],[-2.60198,51.44627],[-2.59875,51.44581],[-2.59445,51.44601],[-2.59312,51.44604],[-2.59116,51.44568],[-2.59182,51.44492],[-2.59285,51.44435],[-2.59569,51.44229],[-2.59763,51.44166],[-2.59842,51.44129],[-2.60064,51.44067],[-2.60064,51.43972],[-2.60215,51.43878],[-2.60326,51.43787],[-2.60489,51.43663],[-2.60721,51.43524],[-2.60787,51.43367],[-2.61012,51.43284],[-2.61218,51.43322],[-2.61374,51.43399],[-2.61685,51.43456],[-2.6195,51.43519],[-2.62173,51.43784],[-2.62317,51.43865],[-2.62443,51.44035],[-2.62449,51.44099]]]}},{"type":"Feature","properties":{"source_code":"L81061","codes":["L81061"],"label":"THE WELLSPRING SURGERY"},"geometry":{"type":"Polygon","coordinates":[[[-2.55398,51.45184],[-2.557,51.45194],[-2.56003,51.45156],[-2.56599,51.45074],[-2.57063,51.44978],[-2.57539,51.44887],[-2.57658,51.45025],[-2.5782,51.45136],[-2.58107,51.45247],[-2.58415,51.45345],[-2.58344,51.45538],[-2.58462,51.45714],[-2.58389,51.45843],[-2.58385,51.45984],[-2.58097,51.46096],[-2.57842,51.46318],[-2.57697,51.4644],[-2.57539,51.46577],[-2.5728,51.46492],[-2.57097,51.46326],[-2.56921,51.46585],[-2.56533,51.46672],[-2.56462,51.46731],[-2.56447,51.4678],[-2.56442,51.46817],[-2.56169,51.46855],[-2.56148,51.46783],[-2.55438,51.46827],[-2.55242,51.46793],[-2.55137,51.46841],[-2.55007,51.46926],[-2.54966,51.46888],[-2.54911,51.46924],[-2.54821,51.46944],[-2.54719,51.46942],[-2.54634,51.46931],[-2.54505,51.46872],[-2.54396,51.46854],[-2.54325,51.46812],[-2.54239,51.46792],[-2.53973,51.46847],[-2.53889,51.46847],[-2.53797,51.46825],[-2.53636,51.46768],[-2.53508,51.46766],[-2.53385,51.46819],[-2.53215,51.46735],[-2.53046,51.46695],[-2.52907,51.46683],[-2.52673,51.46703],[-2.52502,51.46687],[-2.5255,51.46653],[-2.52402,51.46604],[-2.52431,51.46507],[-2.52437,51.46451],[-2.52393,51.46366],[-2.52383,51.4626],[-2.52367,51.46186],[-2.52273,51.4612],[-2.52263,51.46078],[-2.52001,51.46079],[-2.52015,51.46],[-2.52084,51.45875],[-2.52173,51.45677],[-2.52596,51.45413],[-2.5283,51.45335],[-2.52818,51.45247],[-2.52859,51.45166],[-2.52831,51.45069],[-2.53007,51.45109],[-2.53158,51.45164],[-2.53424,51.45214],[-2.53574,51.45221],[-2.53636,51.45432],[-2.5366,51.45476],[-2.5372,51.45504],[-2.53784,51.45505],[-2.53839,51.45511],[-2.54008,51.45559],[-2.54034,51.45508],[-2.542,51.45532],[-2.54326,51.45551],[-2.54437,51.4555],[-2.54494,51.45538],[-2.54659,51.45448],[-2.54581,51.45389],[-2.54433,51.45356],[-2.54286,51.45337],[-2.54243,51.45329],[-2.54265,51.45298],[-2.54212,51.45289],[-2.54198,51.45232],[-2.54506,51.45224],[-2.54632,51.45386],[-2.5517,51.45112],[-2.5525,51.45114],[-2.55322,51.45168],[-2.55398,51.45184]]]}},{"type":"Feature","properties":{"source_code":"Y02578","codes":["Y02578"],"label":"BROADMEAD MEDICAL CENTRE"},"geometry":{"type":"Polygon","coordinates":[[[-2.63348,51.43081],[-2.63347,51.43126],[-2.63349,51.43149],[-2.63346,51.43167],[-2.63346,51.43174],[-2.63347,51.43203],[-2.63346,51.4322],[-2.63348,51.43243],[-2.63345,51.43284],[-2.63342,51.43303],[-2.63347,51.43345],[-2.63347,51.43357],[-2.63348,51.43369],[-2.63345,51.43388],[-2.63345,51.43406],[-2.63348,51.43464],[-2.63345,51.43485],[-2.63346,51.43543],[-2.63351,51.43567],[-2.6335,51.43581],[-2.63343,51.43588],[-2.63328,51.43594],[-2.63318,51.43598],[-2.63283,51.4361],[-2.63225,51.43626],[-2.63177,51.43644],[-2.63166,51.43648],[-2.63114,51.43671],[-2.62988,51.43721],[-2.62953,51.43737],[-2.62963,51.43749],[-2.62995,51.43775],[-2.62989,51.43781],[-2.62997,51.43786],[-2.63001,51.43784],[-2.63052,51.43823],[-2.63001,51.43849],[-2.63017,51.43879],[-2.63017,51.4389],[-2.63017,51.43896],[-2.63012,51.43919],[-2.63015,51.43927],[-2.63029,51.43948],[-2.63038,51.43961],[-2.63111,51.43941],[-2.63134,51.43937],[-2.63159,51.43935],[-2.63188,51.43936],[-2.63203,51.43937],[-2.63292,51.43934],[-2.63324,51.43934],[-2.63363,51.43932],[-2.63423,51.43928],[-2.63441,51.4393],[-2.63458,51.43933],[-2.63492,51.43938],[-2.63566,51.43944],[-2.63597,51.43948],[-2.63613,51.4395],[-2.63635,51.43955],[-2.63772,51.4399],[-2.63795,51.43995],[-2.6386,51.44009],[-2.63968,51.44037],[-2.64009,51.44044],[-2.64008,51.44046],[-2.64,51.44066],[-2.63998,51.44073],[-2.63997,51.44086],[-2.63994,51.44102],[-2.63994,51.44121],[-2.6399,51.44136],[-2.63984,51.4414],[-2.63972,51.44148],[-2.63964,51.44152],[-2.63943,51.44161],[-2.63933,51.44166],[-2.63897,51.44187],[-2.63882,51.44184],[-2.6387,51.44181],[-2.63858,51.44183],[-2.63832,51.44186],[-2.6382,51.44189],[-2.63797,51.44198],[-2.63768,51.44225],[-2.63759,51.44238],[-2.63756,51.44245],[-2.63747,51.44265],[-2.63741,51.44269],[-2.63693,51.44295],[-2.63676,51.44308],[-2.63663,51.44322],[-2.63659,51.44335],[-2.63677,51.44349],[-2.63664,51.44358],[-2.63667,51.44371],[-2.63675,51.44405],[-2.63677,51.44421],[-2.63684,51.44427],[-2.63607,51.44481],[-2.63589,51.44492],[-2.63573,51.44494],[-2.63559,51.44492],[-2.63547,51.44505],[-2.63553,51.4451],[-2.63562,51.4453],[-2.63552,51.44537],[-2.63521,51.44558],[-2.63512,51.44565],[-2.63503,51.44572],[-2.63487,51.44586],[-2.63442,51.44621],[-2.63412,51.44645],[-2.63309,51.44724],[-2.63213,51.44694],[-2.63072,51.44649],[-2.63037,51.4464],[-2.63022,51.44635],[-2.62982,51.44622],[-2.62966,51.44614],[-2.62929,51.44625],[-2.62895,51.44638],[-2.62886,51.4464],[-2.62875,51.44642],[-2.62832,51.44648],[-2.62765,51.4466],[-2.62753,51.44663],[-2.62729,51.44672],[-2.62705,51.44665],[-2.627,51.44667],[-2.62667,51.44742],[-2.62658,51.44759],[-2.6265,51.44781],[-2.62646,51.44803],[-2.62641,51.44818],[-2.62643,51.44829],[-2.62643,51.44833],[-2.62643,51.44835],[-2.62641,51.44837],[-2.6262,51.44849],[-2.62586,51.44868],[-2.6258,51.44875],[-2.62581,51.44884],[-2.62584,51.44897],[-2.62589,51.44906],[-2.62593,51.44921],[-2.62602,51.44945],[-2.62611,51.44964],[-2.62627,51.44994],[-2.62421,51.44997],[-2.62224,51.44888],[-2.62113,51.44872],[-2.61917,51.44844],[-2.61864,51.44833],[-2.61607,51.44823],[-2.61518,51.44859],[-2.61305,51.44923],[-2.61066,51.44989],[-2.60783,51.45078],[-2.60835,51.45193],[-2.60999,51.45308],[-2.60976,51.45498],[-2.60802,51.45597],[-2.60775,51.45683],[-2.60844,51.4574],[-2.60879,51.45759],[-2.60905,51.45778],[-2.60871,51.45979],[-2.60852,51.46133],[-2.60861,51.46175],[-2.60619,51.46267],[-2.60555,51.46243],[-2.60496,51.46243],[-2.60442,51.46246],[-2.60343,51.4623],[-2.6019,51.46237],[-2.60044,51.46254],[-2.5994,51.46275],[-2.59841,51.46303],[-2.59709,51.46351],[-2.59664,51.46404],[-2.59638,51.46444],[-2.5958,51.46417],[-2.5951,51.46381],[-2.59491,51.46385],[-2.59461,51.46406],[-2.59178,51.46626],[-2.59048,51.46568],[-2.58971,51.46423],[-2.58977,51.46396],[-2.58975,51.46377],[-2.58986,51.46323],[-2.58995,51.46278],[-2.59029,51.46207],[-2.5904,51.46188],[-2.5909,51.46111],[-2.59102,51.46078],[-2.59096,51.46038],[-2.59068,51.45988],[-2.59037,51.45981],[-2.58987,51.45942],[-2.58803,51.4594],[-2.58725,51.45938],[-2.58597,51.45927],[-2.58543,51.45927],[-2.58388,51.45977],[-2.58162,51.46078],[-2.58059,51.46132],[-2.57719,51.46416],[-2.57519,51.46578],[-2.5742,51.4655],[-2.57396,51.46532],[-2.57234,51.46452],[-2.5714,51.46386],[-2.57097,51.46328],[-2.57065,51.46242],[-2.57052,51.4615],[-2.57073,51.46019],[-2.5708,51.45945],[-2.57277,51.45875],[-2.57369,51.45824],[-2.57617,51.45774],[-2.57517,51.456],[-2.57459,51.45583],[-2.5739,51.45592],[-2.57312,51.45603],[-2.5725,51.45558],[-2.57048,51.45647],[-2.57019,51.45605],[-2.57011,51.45518],[-2.57013,51.45487],[-2.57,51.45448],[-2.56968,51.45407],[-2.56877,51.45303],[-2.5672,51.45361],[-2.56604,51.45262],[-2.56518,51.45313],[-2.56471,51.4535],[-2.56445,51.45372],[-2.56433,51.45406],[-2.56406,51.45408],[-2.56343,51.4543],[-2.5628,51.45452],[-2.56175,51.45475],[-2.56077,51.45492],[-2.55935,51.45502],[-2.55858,51.45513],[-2.55713,51.45578],[-2.55649,51.45604],[-2.55565,51.45626],[-2.55466,51.45527],[-2.55331,51.45556],[-2.55139,51.45523],[-2.55071,51.45508],[-2.54967,51.45507],[-2.54882,51.45503],[-2.54825,51.45496],[-2.54767,51.4549],[-2.5471,51.45498],[-2.54845,51.45425],[-2.54975,51.45353],[-2.55118,51.45254],[-2.55282,51.45134],[-2.55243,51.45111],[-2.55198,51.45109],[-2.55149,51.45114],[-2.55109,51.4508],[-2.55097,51.45057],[-2.55096,51.44994],[-2.54993,51.44926],[-2.55002,51.44881],[-2.5504,51.4479],[-2.55273,51.44731],[-2.55312,51.44716],[-2.55434,51.44622],[-2.55528,51.4458],[-2.55528,51.4456],[-2.55522,51.44543],[-2.55488,51.44512],[-2.55572,51.44481],[-2.55615,51.44464],[-2.55734,51.44431],[-2.5583,51.44402],[-2.5586,51.44391],[-2.55814,51.44322],[-2.55853,51.44316],[-2.55987,51.44222],[-2.56059,51.44181],[-2.55999,51.44116],[-2.5594,51.44006],[-2.56062,51.43928],[-2.56093,51.43921],[-2.56189,51.43897],[-2.562,51.43827],[-2.56265,51.4377],[-2.56324,51.43715],[-2.56382,51.4377],[-2.56458,51.43805],[-2.56555,51.43848],[-2.56626,51.43883],[-2.57103,51.43844],[-2.57145,51.4381],[-2.57223,51.43857],[-2.57235,51.43866],[-2.5728,51.43907],[-2.5729,51.43917],[-2.57309,51.43938],[-2.57334,51.43964],[-2.57405,51.44026],[-2.57481,51.44064],[-2.5754,51.44088],[-2.57612,51.44117],[-2.5769,51.44147],[-2.578,51.44186],[-2.57817,51.44228],[-2.5785,51.44394],[-2.57857,51.44469],[-2.57872,51.44498],[-2.57889,51.44528],[-2.58027,51.44516],[-2.58172,51.44457],[-2.58333,51.44395],[-2.58488,51.44349],[-2.58636,51.44315],[-2.5892,51.44228],[-2.59083,51.44165],[-2.59344,51.4406],[-2.59493,51.44003],[-2.59612,51.43949],[-2.5998,51.43743],[-2.60009,51.43772],[-2.60023,51.43807],[-2.60031,51.43871],[-2.60044,51.43899],[-2.60073,51.4395],[-2.60081,51.43998],[-2.60089,51.4405],[-2.60079,51.44069],[-2.60063,51.44078],[-2.59852,51.44133],[-2.59779,51.44175],[-2.59646,51.44213],[-2.59576,51.44241],[-2.59442,51.44339],[-2.59381,51.44385],[-2.59267,51.44479],[-2.59178,51.44524],[-2.59189,51.44553],[-2.59273,51.44564],[-2.59359,51.44568],[-2.59583,51.44553],[-2.59808,51.44539],[-2.59896,51.44545],[-2.59996,51.44562],[-2.60195,51.44597],[-2.60376,51.44619],[-2.60474,51.44626],[-2.60594,51.44628],[-2.60842,51.44611],[-2.61007,51.44597],[-2.61171,51.44583],[-2.61363,51.44565],[-2.61431,51.44552],[-2.61507,51.4453],[-2.6157,51.44499],[-2.61607,51.44472],[-2.61654,51.44437],[-2.61683,51.44436],[-2.61826,51.44432],[-2.61875,51.44433],[-2.61993,51.44429],[-2.62276,51.4444],[-2.6226,51.44403],[-2.62264,51.44357],[-2.6227,51.44337],[-2.6238,51.44193],[-2.62451,51.44059],[-2.62384,51.43984],[-2.62364,51.43962],[-2.62317,51.43909],[-2.62245,51.4386],[-2.62145,51.43804],[-2.62102,51.43742],[-2.62049,51.43663],[-2.6201,51.43604],[-2.61925,51.43542],[-2.61869,51.43507],[-2.61906,51.43493],[-2.62107,51.43409],[-2.62165,51.43385],[-2.62236,51.43354],[-2.62348,51.43306],[-2.62359,51.43326],[-2.62369,51.43343],[-2.62528,51.43437],[-2.62619,51.4348],[-2.62694,51.43516],[-2.62749,51.43515],[-2.62796,51.4351],[-2.62835,51.43492],[-2.62859,51.4347],[-2.63348,51.43081]]]}},{"type":"Feature","properties":{"source_code":"L81089","codes":["L81089"],"label":"LAWRENCE HILL HEALTH CENTRE"},"geometry":{"type":"Polygon","coordinates":[[[-2.5651,51.45101],[-2.56877,51.45136],[-2.56973,51.45099],[-2.57173,51.45061],[-2.57342,51.45056],[-2.57677,51.45121],[-2.5771,51.45152],[-2.57873,51.45115],[-2.58397,51.45285],[-2.58327,51.45479],[-2.58349,51.45567],[-2.58383,51.45787],[-2.58159,51.45905],[-2.58096,51.45984],[-2.57952,51.46048],[-2.57927,51.46141],[-2.57669,51.46323],[-2.57652,51.46393],[-2.57576,51.46425],[-2.57386,51.46651],[-2.57275,51.46714],[-2.56919,51.46808],[-2.56646,51.46954],[-2.56284,51.47185],[-2.56194,51.47262],[-2.56035,51.47479],[-2.55945,51.47478],[-2.55637,51.47395],[-2.55535,51.47411],[-2.5541,51.47406],[-2.55332,51.47378],[-2.55175,51.47309],[-2.5509,51.47307],[-2.54896,51.47355],[-2.54541,51.47478],[-2.54416,51.47315],[-2.53675,51.47292],[-2.53128,51.47487],[-2.52477,51.47232],[-2.52032,51.47065],[-2.52096,51.46938],[-2.52121,51.4665],[-2.52125,51.46414],[-2.51986,51.46062],[-2.52125,51.45791],[-2.52162,51.45669],[-2.5209,51.45581],[-2.52218,51.45408],[-2.52182,51.45355],[-2.52122,51.45311],[-2.52138,51.45235],[-2.52117,51.45184],[-2.5214,51.45143],[-2.5208,51.45112],[-2.52192,51.45049],[-2.52209,51.45041],[-2.52219,51.44945],[-2.52226,51.44908],[-2.52221,51.44879],[-2.52612,51.44817],[-2.5286,51.44794],[-2.52917,51.44779],[-2.5302,51.44694],[-2.53119,51.44629],[-2.53179,51.44615],[-2.53341,51.4462],[-2.53442,51.44632],[-2.53495,51.4465],[-2.53437,51.44775],[-2.53437,51.44946],[-2.53585,51.45068],[-2.53794,51.45354],[-2.53834,51.45443],[-2.53997,51.4552],[-2.54306,51.45562],[-2.54496,51.45555],[-2.54653,51.45471],[-2.54913,51.45399],[-2.55207,51.45203],[-2.55371,51.45185],[-2.55731,51.45193],[-2.5651,51.45101]]]}},{"type":"Feature","properties":{"source_code":"L81038","codes":["L81038"],"label":"AIR BALLOON SURGERY"},"geometry":{"type":"Polygon","coordinates":[[[-2.52407,51.48174],[-2.51849,51.48159],[-2.51339,51.48138],[-2.50792,51.48117],[-2.50402,51.48097],[-2.50029,51.48085],[-2.49975,51.47951],[-2.49964,51.47871],[-2.49799,51.47872],[-2.49668,51.47826],[-2.49605,51.47787],[-2.49572,51.47702],[-2.49489,51.47652],[-2.49355,51.47595],[-2.49305,51.47515],[-2.49215,51.47467],[-2.4915,51.4741],[-2.49096,51.47341],[-2.48913,51.47169],[-2.48768,51.47076],[-2.48777,51.46974],[-2.48841,51.46929],[-2.48884,51.46873],[-2.48912,51.46761],[-2.48854,51.46603],[-2.48804,51.46535],[-2.48601,51.46365],[-2.48583,51.46289],[-2.48607,51.46199],[-2.48686,51.46041],[-2.48764,51.45994],[-2.48736,51.45911],[-2.48747,51.45818],[-2.48686,51.45697],[-2.48778,51.45581],[-2.48816,51.45501],[-2.49126,51.45364],[-2.496,51.45212],[-2.50091,51.45086],[-2.50199,51.44877],[-2.50322,51.44839],[-2.50547,51.44703],[-2.5055,51.44597],[-2.50718,51.44503],[-2.50918,51.44615],[-2.51204,51.44392],[-2.51312,51.44308],[-2.51444,51.44145],[-2.51502,51.44105],[-2.51911,51.43929],[-2.52148,51.43779],[-2.52452,51.43608],[-2.52642,51.43538],[-2.52714,51.43641],[-2.52677,51.43952],[-2.52688,51.44097],[-2.52687,51.44347],[-2.52759,51.44419],[-2.52917,51.445],[-2.53093,51.44535],[-2.53537,51.44464],[-2.53589,51.44743],[-2.53464,51.44782],[-2.53415,51.4486],[-2.53444,51.44952],[-2.53533,51.45027],[-2.53556,51.45183],[-2.53665,51.45476],[-2.53856,51.45491],[-2.54029,51.45531],[-2.54415,51.45566],[-2.54715,51.4548],[-2.55176,51.45518],[-2.55505,51.45513],[-2.5561,51.45616],[-2.55743,51.45668],[-2.55884,51.45642],[-2.55998,51.45639],[-2.56185,51.45617],[-2.56227,51.45678],[-2.56297,51.45781],[-2.56246,51.45791],[-2.56269,51.45894],[-2.56342,51.46066],[-2.55952,51.46309],[-2.54994,51.46905],[-2.55074,51.46999],[-2.55168,51.4707],[-2.55189,51.472],[-2.55173,51.47306],[-2.55003,51.47322],[-2.54674,51.47434],[-2.54486,51.47494],[-2.54001,51.47609],[-2.53674,51.47731],[-2.53315,51.47881],[-2.53025,51.47973],[-2.52935,51.48017],[-2.52835,51.48118],[-2.52771,51.48153],[-2.52407,51.48174]]]}},{"type":"Feature","properties":{"source_code":"L81062","codes":["L81062"],"label":"FIRECLAY HEALTH"},"geometry":{"type":"Polygon","coordinates":[[[-2.50214,51.48138],[-2.48669,51.4709],[-2.48875,51.46706],[-2.48634,51.46406],[-2.48703,51.46],[-2.48222,51.45957],[-2.47673,51.45957],[-2.47536,51.45358],[-2.47639,51.45101],[-2.47845,51.44866],[-2.47604,51.44523],[-2.47398,51.44267],[-2.47295,51.43967],[-2.47673,51.43881],[-2.48154,51.43796],[-2.48806,51.43689],[-2.49046,51.43689],[-2.49664,51.44031],[-2.49756,51.44117],[-2.49853,51.44117],[-2.49699,51.44031],[-2.50311,51.44117],[-2.50788,51.44117],[-2.51141,51.43817],[-2.51415,51.43625],[-2.51716,51.4379],[-2.51827,51.43817],[-2.53578,51.44588],[-2.53578,51.44695],[-2.54093,51.44695],[-2.5399,51.4523],[-2.54539,51.45401],[-2.55192,51.45572],[-2.55569,51.45593],[-2.56428,51.45358],[-2.57112,51.45825],[-2.57149,51.45829],[-2.57148,51.45849],[-2.57149,51.4585],[-2.57148,51.4585],[-2.57114,51.46385],[-2.56771,51.46834],[-2.55466,51.4739],[-2.55089,51.47304],[-2.53784,51.47689],[-2.52445,51.48202],[-2.50214,51.48138]],[[-2.55808,51.45678],[-2.55176,51.45597],[-2.55295,51.45615],[-2.54881,51.45574],[-2.55808,51.45678]],[[-2.52338,51.45174],[-2.51896,51.44994],[-2.51877,51.45001],[-2.52326,51.45201],[-2.52338,51.45174]]]}},{"type":"Feature","properties":{"source_code":"L81133","codes":["L81133"],"label":"STUDENT HEALTH SERVICE"},"geometry":{"type":"Polygon","coordinates":[[[-2.64813,51.48058],[-2.64482,51.4835],[-2.64282,51.48507],[-2.64236,51.48663],[-2.63384,51.48392],[-2.63246,51.48515],[-2.62971,51.48478],[-2.62627,51.48736],[-2.625,51.48864],[-2.62399,51.48879],[-2.62342,51.48958],[-2.62184,51.49068],[-2.62203,51.49279],[-2.62025,51.49275],[-2.61857,51.49298],[-2.60168,51.49247],[-2.59819,51.49224],[-2.59674,51.49188],[-2.59555,51.49142],[-2.5951,51.49052],[-2.59439,51.48963],[-2.59247,51.48914],[-2.59039,51.48918],[-2.5893,51.48889],[-2.58787,51.48966],[-2.58509,51.49095],[-2.58468,51.48958],[-2.5816,51.48839],[-2.5804,51.48742],[-2.5798,51.4865],[-2.57917,51.48302],[-2.57843,51.48179],[-2.57662,51.48058],[-2.56985,51.47649],[-2.56513,51.47546],[-2.5605,51.47497],[-2.56329,51.47179],[-2.56745,51.46909],[-2.57078,51.46772],[-2.57436,51.46679],[-2.57853,51.46321],[-2.58003,51.46159],[-2.58239,51.4604],[-2.5837,51.45994],[-2.58415,51.45905],[-2.58408,51.45805],[-2.58505,51.45727],[-2.59295,51.45505],[-2.592,51.45373],[-2.59174,51.44887],[-2.59764,51.44903],[-2.59742,51.45246],[-2.60191,51.45165],[-2.60782,51.45077],[-2.61286,51.44935],[-2.61553,51.44848],[-2.61859,51.4486],[-2.6238,51.45005],[-2.62831,51.45427],[-2.63153,51.45295],[-2.63457,51.45227],[-2.63874,51.45207],[-2.64118,51.45379],[-2.63968,51.4546],[-2.63612,51.45518],[-2.62899,51.4554],[-2.63032,51.46211],[-2.63176,51.46546],[-2.63278,51.46698],[-2.63308,51.46785],[-2.63492,51.46882],[-2.63817,51.47],[-2.64176,51.47065],[-2.64783,51.47296],[-2.64914,51.47696],[-2.64958,51.4784],[-2.65032,51.48002],[-2.64813,51.48058]]]}},{"type":"Feature","properties":{"source_code":"L81090","codes":["L81090"],"label":"THE FAMILY PRACTICE"},"geometry":{"type":"Polygon","coordinates":[[[-2.65281,51.48782],[-2.65033,51.49043],[-2.64883,51.49154],[-2.64727,51.49212],[-2.64556,51.49239],[-2.64357,51.4925],[-2.64111,51.49175],[-2.63866,51.49233],[-2.63823,51.49346],[-2.6327,51.49534],[-2.62498,51.49526],[-2.62157,51.49578],[-2.62357,51.49859],[-2.62458,51.50033],[-2.62193,51.50135],[-2.61586,51.50219],[-2.61608,51.50178],[-2.61637,51.50115],[-2.6167,51.50043],[-2.61671,51.5001],[-2.61632,51.4986],[-2.61624,51.4982],[-2.61589,51.49772],[-2.61571,51.49732],[-2.61534,51.49674],[-2.61502,51.49599],[-2.61187,51.49402],[-2.60983,51.49319],[-2.60714,51.49232],[-2.60661,51.4923],[-2.60386,51.49238],[-2.6,51.49225],[-2.59701,51.492],[-2.59559,51.49152],[-2.59388,51.48985],[-2.59106,51.4879],[-2.58852,51.48728],[-2.5859,51.4869],[-2.58553,51.48681],[-2.5855,51.48646],[-2.58642,51.48401],[-2.58619,51.48339],[-2.58519,51.48269],[-2.58198,51.48055],[-2.58087,51.48036],[-2.58001,51.48036],[-2.57851,51.47835],[-2.57921,51.47541],[-2.58078,51.47305],[-2.5818,51.47227],[-2.58434,51.47096],[-2.58465,51.46996],[-2.58565,51.46888],[-2.58726,51.46841],[-2.58857,51.46831],[-2.59081,51.46803],[-2.58952,51.46578],[-2.58931,51.46385],[-2.58992,51.46255],[-2.59197,51.46099],[-2.59403,51.45948],[-2.59582,51.45741],[-2.59721,51.45413],[-2.59763,51.45268],[-2.59792,51.45215],[-2.59809,51.45158],[-2.59818,51.45106],[-2.59893,51.44861],[-2.59961,51.44814],[-2.60053,51.44779],[-2.60172,51.44789],[-2.60449,51.44852],[-2.60645,51.44959],[-2.60748,51.44997],[-2.60912,51.45012],[-2.6133,51.44918],[-2.6162,51.44943],[-2.61943,51.44937],[-2.62219,51.44817],[-2.62511,51.44896],[-2.62618,51.45078],[-2.62753,51.45345],[-2.62796,51.45524],[-2.62974,51.45685],[-2.63058,51.45847],[-2.63109,51.46167],[-2.63234,51.4643],[-2.63337,51.46674],[-2.6368,51.46877],[-2.64002,51.4695],[-2.64384,51.47008],[-2.64787,51.4724],[-2.65045,51.47454],[-2.65046,51.47807],[-2.65204,51.48044],[-2.6516,51.48237],[-2.64989,51.48362],[-2.65039,51.48547],[-2.65281,51.48782]]]}},{"type":"Feature","properties":{"source_code":"L81081","codes":["L81081"],"label":"PEMBROKE ROAD SURGERY"},"geometry":{"type":"Polygon","coordinates":[[[-2.64812,51.48118],[-2.64465,51.48407],[-2.64326,51.48567],[-2.64372,51.48621],[-2.64357,51.48733],[-2.64259,51.48795],[-2.6425,51.48856],[-2.64335,51.48921],[-2.64243,51.49069],[-2.64189,51.49199],[-2.63978,51.492],[-2.63892,51.4924],[-2.63712,51.4951],[-2.63283,51.49568],[-2.6302,51.4955],[-2.62499,51.49563],[-2.62321,51.49603],[-2.62124,51.49592],[-2.6201,51.49676],[-2.61676,51.49814],[-2.61577,51.49802],[-2.61453,51.49604],[-2.61339,51.49553],[-2.61331,51.49505],[-2.61124,51.49433],[-2.60645,51.49371],[-2.60563,51.49352],[-2.60359,51.49294],[-2.6027,51.49381],[-2.60082,51.49306],[-2.60108,51.49261],[-2.59913,51.49244],[-2.5974,51.4923],[-2.59555,51.49165],[-2.59492,51.491],[-2.59365,51.48974],[-2.59295,51.48915],[-2.59219,51.48884],[-2.59043,51.48785],[-2.59205,51.48657],[-2.59448,51.48557],[-2.59629,51.48456],[-2.59741,51.484],[-2.5987,51.48336],[-2.60031,51.48257],[-2.59894,51.48123],[-2.59898,51.48002],[-2.59898,51.47819],[-2.59851,51.47732],[-2.5984,51.47672],[-2.59664,51.47655],[-2.59528,51.47636],[-2.59428,51.47523],[-2.59411,51.47309],[-2.59399,51.47143],[-2.59357,51.46991],[-2.59307,51.46899],[-2.5917,51.46792],[-2.59096,51.46653],[-2.59031,51.46531],[-2.58994,51.46462],[-2.59047,51.4645],[-2.59087,51.46429],[-2.59127,51.46409],[-2.59192,51.46401],[-2.59355,51.46389],[-2.59397,51.46372],[-2.59405,51.46373],[-2.59404,51.46305],[-2.59499,51.46258],[-2.59657,51.46157],[-2.59805,51.4607],[-2.59889,51.4603],[-2.59942,51.4603],[-2.5996,51.46057],[-2.59954,51.46076],[-2.5988,51.46123],[-2.59796,51.46163],[-2.59764,51.46183],[-2.59764,51.46197],[-2.59785,51.4621],[-2.59828,51.46223],[-2.60009,51.46215],[-2.60147,51.46215],[-2.60221,51.46208],[-2.60284,51.46187],[-2.60347,51.46141],[-2.60347,51.46131],[-2.60397,51.46096],[-2.60357,51.46041],[-2.60376,51.45888],[-2.60311,51.45829],[-2.60237,51.45816],[-2.6015,51.45704],[-2.60048,51.45572],[-2.60149,51.45571],[-2.60212,51.45571],[-2.60308,51.45577],[-2.60446,51.4557],[-2.6052,51.45543],[-2.60541,51.45496],[-2.60572,51.45476],[-2.60636,51.45456],[-2.60656,51.45416],[-2.60667,51.45383],[-2.60687,51.45336],[-2.6073,51.45329],[-2.60783,51.45322],[-2.60835,51.45289],[-2.60867,51.45249],[-2.60866,51.45203],[-2.60855,51.45149],[-2.60833,51.45123],[-2.60801,51.45083],[-2.60798,51.45032],[-2.60783,51.44977],[-2.60907,51.44993],[-2.61257,51.44913],[-2.61762,51.44966],[-2.61837,51.44777],[-2.62234,51.44872],[-2.62492,51.44998],[-2.62617,51.45134],[-2.62741,51.45458],[-2.62929,51.45388],[-2.62933,51.45266],[-2.62852,51.45073],[-2.62974,51.44993],[-2.6317,51.44922],[-2.63359,51.4507],[-2.63853,51.45099],[-2.6499,51.45411],[-2.66029,51.45683],[-2.6637,51.45838],[-2.66339,51.46129],[-2.66264,51.46274],[-2.65801,51.46475],[-2.65416,51.46496],[-2.65274,51.46489],[-2.64577,51.46194],[-2.64269,51.46071],[-2.63908,51.4588],[-2.63669,51.45657],[-2.63071,51.456],[-2.62893,51.45488],[-2.62754,51.45536],[-2.62896,51.45673],[-2.63004,51.458],[-2.63022,51.45914],[-2.63015,51.46107],[-2.63176,51.46465],[-2.63253,51.4669],[-2.63414,51.46809],[-2.6372,51.4694],[-2.64222,51.47052],[-2.64461,51.47129],[-2.648,51.47336],[-2.64932,51.47489],[-2.64926,51.47755],[-2.65024,51.48031],[-2.64812,51.48118]]]}},{"type":"Feature","properties":{"source_code":"L81091","codes":["L81091"],"label":"WHITELADIES MEDICAL GROUP"},"geometry":{"type":"MultiPolygon","coordinates":[[[[-2.59983,51.44597],[-2.59911,51.44587],[-2.59983,51.44597],[-2.59983,51.44597]]],[[[-2.62615,51.44815],[-2.62631,51.44758],[-2.62625,51.44788],[-2.62617,51.44816],[-2.62615,51.44815]]],[[[-2.65576,51.48665],[-2.65512,51.4869],[-2.65451,51.48708],[-2.65371,51.48731],[-2.65244,51.48774],[-2.65202,51.48816],[-2.65123,51.48903],[-2.65208,51.48933],[-2.65309,51.48967],[-2.65415,51.49022],[-2.65511,51.49086],[-2.65586,51.49158],[-2.65627,51.49197],[-2.65655,51.49206],[-2.65704,51.49212],[-2.6574,51.49229],[-2.65753,51.49261],[-2.65748,51.49279],[-2.65723,51.49297],[-2.65688,51.49323],[-2.65638,51.49371],[-2.65613,51.49439],[-2.65596,51.49543],[-2.65581,51.49572],[-2.65539,51.49631],[-2.65443,51.4982],[-2.65412,51.49844],[-2.65332,51.49901],[-2.65218,51.4996],[-2.65115,51.49991],[-2.65008,51.50049],[-2.64907,51.50147],[-2.64784,51.50218],[-2.64632,51.50291],[-2.64286,51.50385],[-2.64019,51.5047],[-2.63351,51.50639],[-2.6325,51.50677],[-2.63222,51.50722],[-2.63178,51.50737],[-2.63094,51.5074],[-2.62961,51.50749],[-2.62904,51.50731],[-2.62833,51.50693],[-2.62794,51.50652],[-2.627,51.50655],[-2.62585,51.50703],[-2.62436,51.50794],[-2.62347,51.50848],[-2.62288,51.50874],[-2.62181,51.509],[-2.62021,51.50936],[-2.61955,51.5095],[-2.61785,51.50996],[-2.61751,51.50944],[-2.61675,51.50841],[-2.61588,51.50635],[-2.61527,51.50515],[-2.61494,51.50432],[-2.61518,51.50348],[-2.61614,51.5015],[-2.61662,51.50037],[-2.6166,51.50002],[-2.61622,51.49843],[-2.61631,51.49824],[-2.61552,51.49788],[-2.615,51.49796],[-2.61349,51.49878],[-2.61215,51.49949],[-2.61153,51.49978],[-2.61103,51.49995],[-2.60833,51.50088],[-2.60666,51.50146],[-2.60367,51.50252],[-2.59919,51.50406],[-2.59694,51.50484],[-2.59448,51.50571],[-2.59425,51.50534],[-2.59332,51.50373],[-2.59255,51.50249],[-2.59174,51.5013],[-2.59157,51.50095],[-2.59099,51.49981],[-2.59069,51.49938],[-2.59014,51.49892],[-2.58914,51.49858],[-2.58804,51.4984],[-2.58654,51.49818],[-2.58508,51.4979],[-2.58082,51.49697],[-2.58197,51.4948],[-2.58261,51.49354],[-2.58344,51.49255],[-2.58369,51.49221],[-2.58425,51.49168],[-2.58482,51.49114],[-2.58496,51.49073],[-2.58502,51.49042],[-2.5848,51.48953],[-2.58422,51.48945],[-2.58349,51.48915],[-2.58188,51.48836],[-2.58118,51.48804],[-2.58022,51.48728],[-2.57969,51.48647],[-2.57951,51.48569],[-2.57948,51.48528],[-2.57942,51.48438],[-2.57936,51.48323],[-2.57904,51.48253],[-2.57831,51.48176],[-2.57747,51.48125],[-2.57569,51.48009],[-2.57472,51.47946],[-2.57598,51.47918],[-2.57588,51.47865],[-2.57715,51.47884],[-2.57762,51.47916],[-2.5796,51.47832],[-2.58002,51.47719],[-2.58011,51.47669],[-2.58108,51.47487],[-2.58152,51.47407],[-2.58182,51.47358],[-2.58194,51.47328],[-2.58192,51.47306],[-2.58452,51.47157],[-2.58527,51.47103],[-2.58492,51.47018],[-2.58524,51.4698],[-2.58597,51.46931],[-2.58739,51.46897],[-2.58817,51.46912],[-2.59286,51.46897],[-2.59149,51.46778],[-2.59107,51.46698],[-2.59045,51.46573],[-2.58998,51.46492],[-2.58966,51.46429],[-2.58966,51.46401],[-2.59115,51.46416],[-2.59261,51.46307],[-2.59503,51.46135],[-2.59534,51.46105],[-2.59528,51.46085],[-2.59408,51.45989],[-2.59451,51.45975],[-2.59542,51.45915],[-2.59568,51.45892],[-2.59714,51.45752],[-2.59717,51.45725],[-2.5972,51.45716],[-2.59759,51.45672],[-2.59766,51.45642],[-2.59763,51.45611],[-2.59776,51.45487],[-2.59811,51.45429],[-2.59768,51.45399],[-2.59786,51.45306],[-2.59813,51.4526],[-2.59845,51.45241],[-2.59852,51.45213],[-2.59983,51.44597],[-2.60277,51.44639],[-2.6052,51.44665],[-2.6138,51.44614],[-2.61784,51.44563],[-2.62143,51.44603],[-2.62351,51.44673],[-2.6247,51.44707],[-2.62615,51.44815],[-2.62615,51.44815],[-2.6263,51.44847],[-2.62719,51.44937],[-2.62756,51.4498],[-2.62795,51.45066],[-2.62936,51.45111],[-2.63057,51.45127],[-2.63231,51.45143],[-2.63573,51.45167],[-2.63675,51.45174],[-2.63729,51.45181],[-2.63801,51.45201],[-2.64061,51.45312],[-2.64368,51.45438],[-2.64412,51.45443],[-2.64333,51.45453],[-2.64245,51.45449],[-2.64173,51.45431],[-2.64068,51.45425],[-2.63987,51.4544],[-2.63903,51.45462],[-2.6385,51.45461],[-2.63756,51.45466],[-2.63633,51.45482],[-2.63605,51.45478],[-2.63492,51.45459],[-2.6336,51.45455],[-2.6317,51.45482],[-2.63115,51.45486],[-2.6308,51.45475],[-2.63066,51.45444],[-2.63088,51.45416],[-2.63123,51.45377],[-2.63134,51.45344],[-2.63114,51.4533],[-2.6307,51.45391],[-2.63003,51.45415],[-2.62896,51.45464],[-2.62717,51.45532],[-2.6275,51.45572],[-2.62799,51.45611],[-2.62895,51.45676],[-2.63005,51.45796],[-2.63021,51.45885],[-2.63002,51.45946],[-2.62988,51.46032],[-2.62994,51.46098],[-2.63089,51.4632],[-2.63159,51.46476],[-2.63189,51.46589],[-2.63323,51.4678],[-2.63402,51.46832],[-2.63584,51.46912],[-2.63694,51.46958],[-2.63781,51.4698],[-2.64097,51.47034],[-2.64273,51.47088],[-2.64493,51.47178],[-2.64603,51.4724],[-2.64659,51.47269],[-2.64764,51.47346],[-2.64825,51.47406],[-2.64875,51.47497],[-2.64898,51.47588],[-2.64894,51.4764],[-2.64858,51.4774],[-2.64808,51.47862],[-2.64796,51.47944],[-2.64835,51.48046],[-2.6487,51.48085],[-2.65043,51.48245],[-2.65179,51.4837],[-2.65395,51.48552],[-2.65576,51.48665]]]]}},{"type":"Feature","properties":{"source_code":"L81015","codes":["L81015"],"label":"CHARLOTTE KEEL MEDICAL PRACTICE"},"geometry":{"type":"Polygon","coordinates":[[[-2.51528,51.48118],[-2.51608,51.47961],[-2.51698,51.47774],[-2.51802,51.4757],[-2.519,51.47392],[-2.51945,51.47299],[-2.51958,51.4722],[-2.51997,51.47069],[-2.52051,51.46977],[-2.5207,51.46932],[-2.52081,51.4684],[-2.52089,51.46647],[-2.5209,51.46543],[-2.52113,51.46522],[-2.52109,51.46485],[-2.52097,51.46445],[-2.52092,51.46401],[-2.52079,51.46379],[-2.52054,51.46293],[-2.52041,51.4624],[-2.51996,51.46134],[-2.51951,51.46036],[-2.51958,51.4602],[-2.52019,51.45916],[-2.52069,51.45911],[-2.52106,51.45919],[-2.52195,51.45939],[-2.52398,51.45904],[-2.52555,51.45867],[-2.52762,51.45872],[-2.52841,51.45873],[-2.53028,51.45856],[-2.53202,51.45861],[-2.53353,51.45872],[-2.5355,51.45915],[-2.53683,51.45972],[-2.53794,51.4601],[-2.5397,51.46037],[-2.53999,51.45948],[-2.54017,51.45927],[-2.54217,51.45869],[-2.54321,51.45831],[-2.54543,51.458],[-2.54865,51.45763],[-2.55016,51.45751],[-2.55055,51.45746],[-2.55203,51.45779],[-2.5546,51.45764],[-2.55494,51.45722],[-2.55567,51.45626],[-2.55693,51.45595],[-2.55821,51.4553],[-2.55886,51.45509],[-2.5605,51.45492],[-2.56138,51.45486],[-2.56267,51.45451],[-2.56382,51.45407],[-2.56462,51.45365],[-2.56542,51.4531],[-2.56584,51.45278],[-2.56747,51.45215],[-2.56883,51.4516],[-2.56926,51.45124],[-2.57021,51.45085],[-2.57131,51.45066],[-2.57289,51.45057],[-2.57328,51.45054],[-2.57376,51.45003],[-2.57474,51.44986],[-2.57615,51.44969],[-2.57725,51.45062],[-2.57823,51.45138],[-2.58014,51.45219],[-2.58153,51.45267],[-2.58404,51.45328],[-2.58466,51.45094],[-2.5854,51.44957],[-2.5862,51.44908],[-2.58928,51.44879],[-2.59063,51.44915],[-2.59358,51.44976],[-2.59591,51.4514],[-2.59761,51.45284],[-2.59817,51.45095],[-2.59915,51.44827],[-2.60063,51.44774],[-2.60175,51.44783],[-2.60431,51.44841],[-2.60653,51.44943],[-2.60935,51.44995],[-2.61321,51.44922],[-2.61808,51.44989],[-2.61886,51.44818],[-2.62242,51.44874],[-2.62576,51.45067],[-2.62731,51.45355],[-2.6258,51.45522],[-2.62377,51.4562],[-2.62434,51.45719],[-2.62632,51.45782],[-2.62739,51.45979],[-2.62644,51.46268],[-2.62481,51.46344],[-2.62084,51.46562],[-2.6203,51.46659],[-2.62069,51.46841],[-2.61717,51.47031],[-2.61567,51.47173],[-2.61682,51.47694],[-2.61675,51.47961],[-2.61659,51.48309],[-2.6131,51.48318],[-2.61252,51.48309],[-2.61218,51.48163],[-2.61179,51.48093],[-2.61111,51.48032],[-2.60857,51.48112],[-2.60729,51.48254],[-2.60664,51.48353],[-2.6062,51.48443],[-2.6061,51.48531],[-2.60576,51.48551],[-2.60278,51.48472],[-2.60129,51.4843],[-2.60053,51.48527],[-2.59978,51.48646],[-2.59907,51.48744],[-2.59808,51.4887],[-2.5957,51.48782],[-2.5947,51.48808],[-2.59249,51.48693],[-2.58944,51.4892],[-2.5877,51.49032],[-2.58605,51.49204],[-2.58509,51.49225],[-2.58392,51.49208],[-2.58356,51.49245],[-2.58266,51.49373],[-2.58179,51.49524],[-2.58098,51.49677],[-2.58047,51.49773],[-2.57997,51.49833],[-2.57933,51.49894],[-2.5789,51.49952],[-2.57873,51.49985],[-2.5791,51.50081],[-2.57803,51.50097],[-2.57751,51.50076],[-2.57644,51.50074],[-2.5755,51.50075],[-2.57399,51.50044],[-2.57308,51.5004],[-2.57186,51.49984],[-2.57103,51.49953],[-2.57061,51.49947],[-2.56995,51.49922],[-2.5691,51.49954],[-2.56844,51.49911],[-2.56734,51.4987],[-2.56648,51.4985],[-2.56575,51.49804],[-2.56513,51.4971],[-2.5653,51.4962],[-2.56474,51.4961],[-2.56472,51.49554],[-2.56227,51.49528],[-2.56162,51.49581],[-2.56132,51.49557],[-2.56038,51.49593],[-2.56006,51.49641],[-2.55809,51.49654],[-2.55668,51.49657],[-2.55468,51.49633],[-2.5555,51.49489],[-2.55615,51.49407],[-2.5558,51.49355],[-2.5554,51.49267],[-2.55337,51.49243],[-2.55156,51.49222],[-2.54924,51.49243],[-2.54568,51.49277],[-2.54512,51.49262],[-2.54401,51.49264],[-2.54303,51.49285],[-2.54269,51.49292],[-2.54221,51.49293],[-2.54223,51.49348],[-2.54255,51.49455],[-2.54223,51.49506],[-2.54177,51.49577],[-2.53904,51.49497],[-2.53831,51.49565],[-2.53779,51.49664],[-2.5376,51.49713],[-2.53645,51.49664],[-2.53569,51.49628],[-2.53489,51.49583],[-2.53244,51.49431],[-2.52779,51.48721],[-2.52763,51.48685],[-2.52744,51.48619],[-2.52726,51.48544],[-2.52753,51.48435],[-2.52781,51.48322],[-2.52754,51.48301],[-2.52727,51.48276],[-2.52705,51.48247],[-2.52705,51.4822],[-2.52719,51.48183],[-2.52731,51.48156],[-2.52409,51.48174],[-2.52206,51.48169],[-2.51936,51.48159],[-2.51527,51.48148],[-2.51528,51.48118]]]}},{"type":"Feature","properties":{"source_code":"L81012","codes":["L81012"],"label":"MONTPELIER HEALTH CENTRE"},"geometry":{"type":"Polygon","coordinates":[[[-2.57411,51.46667],[-2.57801,51.46352],[-2.58089,51.46117],[-2.58298,51.46016],[-2.58608,51.45908],[-2.58723,51.45936],[-2.59024,51.45935],[-2.59209,51.45978],[-2.5943,51.45979],[-2.59542,51.45908],[-2.59711,51.45743],[-2.59769,51.45631],[-2.59909,51.45588],[-2.59835,51.45732],[-2.59907,51.45782],[-2.59952,51.45838],[-2.60078,51.45942],[-2.6013,51.46037],[-2.6021,51.46103],[-2.60347,51.46234],[-2.60472,51.46394],[-2.60668,51.4658],[-2.60771,51.46707],[-2.60902,51.46903],[-2.6098,51.47056],[-2.60897,51.4708],[-2.60929,51.47158],[-2.60866,51.47193],[-2.60823,51.4718],[-2.6067,51.47279],[-2.60399,51.47324],[-2.60175,51.47206],[-2.599,51.47342],[-2.60112,51.47514],[-2.59741,51.47789],[-2.59173,51.47705],[-2.58963,51.47683],[-2.58789,51.47718],[-2.58643,51.47787],[-2.57962,51.48121],[-2.57668,51.47918],[-2.5766,51.47714],[-2.57626,51.47584],[-2.57522,51.47435],[-2.57443,51.47335],[-2.57299,51.47222],[-2.57047,51.47071],[-2.56782,51.46897],[-2.56967,51.46813],[-2.57257,51.46734],[-2.57411,51.46667]]]}},{"type":"Feature","properties":{"source_code":"L81013","codes":["L81013"],"label":"FISHPONDS FAMILY PRACTICE"},"geometry":{"type":"Polygon","coordinates":[[[-2.55225,51.47345],[-2.55357,51.47405],[-2.55499,51.47426],[-2.5562,51.47414],[-2.55744,51.47442],[-2.55944,51.47495],[-2.5603,51.47532],[-2.56027,51.47663],[-2.5605,51.47962],[-2.56035,51.48137],[-2.55933,51.48349],[-2.55801,51.48468],[-2.55549,51.48635],[-2.54937,51.48918],[-2.55173,51.49694],[-2.55051,51.49697],[-2.54959,51.4971],[-2.5489,51.49697],[-2.54837,51.49697],[-2.54773,51.49705],[-2.54686,51.49732],[-2.54595,51.49748],[-2.54508,51.49754],[-2.54431,51.49761],[-2.54369,51.49783],[-2.54275,51.49645],[-2.54254,51.49555],[-2.54233,51.49419],[-2.54181,51.49263],[-2.53664,51.49512],[-2.53376,51.49713],[-2.53093,51.49986],[-2.52906,51.50238],[-2.52732,51.50531],[-2.52562,51.50806],[-2.52338,51.51019],[-2.52106,51.51153],[-2.51816,51.51265],[-2.51628,51.51017],[-2.51485,51.50852],[-2.51322,51.50726],[-2.51079,51.50614],[-2.50852,51.50535],[-2.50521,51.50481],[-2.50137,51.50465],[-2.49758,51.50512],[-2.49614,51.50398],[-2.49469,51.50286],[-2.4941,51.5016],[-2.49247,51.5006],[-2.49385,51.49971],[-2.49508,51.49929],[-2.49699,51.4985],[-2.49857,51.49745],[-2.50024,51.49552],[-2.50083,51.49424],[-2.50264,51.49353],[-2.50304,51.49297],[-2.50258,51.49208],[-2.503,51.48952],[-2.50377,51.48807],[-2.50659,51.48319],[-2.50684,51.48041],[-2.5077,51.47858],[-2.50792,51.47765],[-2.50814,51.47464],[-2.50817,51.47299],[-2.50977,51.47148],[-2.51158,51.47096],[-2.51567,51.46987],[-2.51802,51.4694],[-2.51984,51.46939],[-2.52115,51.46931],[-2.52754,51.46999],[-2.53105,51.4709],[-2.54046,51.47253],[-2.54389,51.47237],[-2.54865,51.47199],[-2.55155,51.4718],[-2.55144,51.47324],[-2.55225,51.47345]]]}},{"type":"Feature","properties":{"source_code":"L81085","codes":["L81085"],"label":"HEYWOOD FAMILY PRACTICE"},"geometry":{"type":"Polygon","coordinates":[[[-2.78914,51.45354],[-2.78738,51.45392],[-2.78357,51.45449],[-2.78151,51.45438],[-2.77994,51.45433],[-2.77625,51.45619],[-2.77431,51.45688],[-2.77274,51.45695],[-2.7704,51.45776],[-2.76845,51.45845],[-2.7669,51.45919],[-2.76447,51.46074],[-2.7634,51.46099],[-2.76134,51.46094],[-2.7592,51.46163],[-2.75784,51.46237],[-2.75559,51.46275],[-2.75384,51.46338],[-2.7518,51.46431],[-2.74947,51.46567],[-2.749,51.46702],[-2.74676,51.46777],[-2.74296,51.4692],[-2.74445,51.47023],[-2.74634,51.47218],[-2.74833,51.47419],[-2.75079,51.4749],[-2.75076,51.47564],[-2.75008,51.47901],[-2.74647,51.47995],[-2.74295,51.48071],[-2.73876,51.48232],[-2.73621,51.4824],[-2.73288,51.48218],[-2.73139,51.48121],[-2.72913,51.48043],[-2.72593,51.4769],[-2.71685,51.47879],[-2.71508,51.47892],[-2.71381,51.47887],[-2.71273,51.47857],[-2.71155,51.47876],[-2.71228,51.48133],[-2.71259,51.48212],[-2.71378,51.48297],[-2.71993,51.48171],[-2.72081,51.48152],[-2.7215,51.48164],[-2.7221,51.48261],[-2.72298,51.48242],[-2.72822,51.49151],[-2.72892,51.49193],[-2.7298,51.49211],[-2.7338,51.49181],[-2.73521,51.49287],[-2.73458,51.49367],[-2.73169,51.49627],[-2.72767,51.49957],[-2.72386,51.50121],[-2.7211,51.50168],[-2.71799,51.50115],[-2.71584,51.49944],[-2.71435,51.49844],[-2.70984,51.49555],[-2.70288,51.49191],[-2.69128,51.48633],[-2.68318,51.48186],[-2.67733,51.47973],[-2.67454,51.48002],[-2.67124,51.4809],[-2.66894,51.48178],[-2.66734,51.4827],[-2.66627,51.48329],[-2.66551,51.48382],[-2.66528,51.48518],[-2.66431,51.48648],[-2.66309,51.48696],[-2.66162,51.48668],[-2.66014,51.48597],[-2.65879,51.48422],[-2.6571,51.48315],[-2.6532,51.48038],[-2.65211,51.47928],[-2.65146,51.47731],[-2.65113,51.47543],[-2.65095,51.47361],[-2.64604,51.47046],[-2.6377,51.46829],[-2.63519,51.4678],[-2.63425,51.46678],[-2.63315,51.4655],[-2.63274,51.46324],[-2.63148,51.46176],[-2.63123,51.45998],[-2.63192,51.45798],[-2.62838,51.45483],[-2.62752,51.4516],[-2.62805,51.45078],[-2.62973,51.45138],[-2.63424,51.45172],[-2.63748,51.45207],[-2.64151,51.45364],[-2.64575,51.45546],[-2.64662,51.45478],[-2.65256,51.45205],[-2.65654,51.44952],[-2.66236,51.44581],[-2.66597,51.44475],[-2.67008,51.44412],[-2.67673,51.44371],[-2.67898,51.44352],[-2.6853,51.4406],[-2.69351,51.43669],[-2.69509,51.4403],[-2.6975,51.44414],[-2.70448,51.44557],[-2.70644,51.44574],[-2.70782,51.44647],[-2.71548,51.44789],[-2.73159,51.45073],[-2.73483,51.45089],[-2.73823,51.45081],[-2.7409,51.4511],[-2.74917,51.45362],[-2.75073,51.45324],[-2.75279,51.45347],[-2.75612,51.45333],[-2.75867,51.45331],[-2.76189,51.45255],[-2.76365,51.45242],[-2.76561,51.45216],[-2.76805,51.45215],[-2.77021,51.45174],[-2.77333,51.45162],[-2.77569,51.45167],[-2.77764,51.45159],[-2.78029,51.45139],[-2.78264,51.45156],[-2.7851,51.45209],[-2.78675,51.45147],[-2.78832,51.45164],[-2.78912,51.45237],[-2.78914,51.45354]]]}},{"type":"Feature","properties":{"source_code":"L81075","codes":["L81075"],"label":"THE OLD SCHOOL SURGERY"},"geometry":{"type":"Polygon","coordinates":[[[-2.55507,51.50673],[-2.55084,51.50521],[-2.54755,51.50464],[-2.54395,51.50495],[-2.54027,51.50559],[-2.53697,51.50617],[-2.53325,51.50629],[-2.53012,51.50591],[-2.52746,51.50534],[-2.52572,51.50488],[-2.51691,51.50343],[-2.51339,51.5028],[-2.51005,51.50181],[-2.50721,51.50297],[-2.50504,51.5035],[-2.49029,51.50538],[-2.49033,51.50408],[-2.49012,51.50279],[-2.4909,51.50191],[-2.49203,51.50103],[-2.49324,51.50004],[-2.49475,51.49933],[-2.49571,51.49913],[-2.49803,51.49794],[-2.49856,51.4975],[-2.49952,51.49649],[-2.50035,51.49541],[-2.50052,51.4951],[-2.50069,51.49448],[-2.50088,51.49423],[-2.50121,51.49406],[-2.50179,51.49388],[-2.50286,51.49343],[-2.50306,51.49324],[-2.50305,51.49296],[-2.50261,51.49191],[-2.50332,51.48853],[-2.50382,51.48807],[-2.50403,51.48755],[-2.50556,51.48495],[-2.50629,51.48365],[-2.50645,51.48327],[-2.50686,51.48037],[-2.50697,51.47998],[-2.5072,51.47953],[-2.50779,51.47826],[-2.50799,51.47561],[-2.50816,51.47443],[-2.50812,51.47324],[-2.50835,51.47292],[-2.50964,51.47181],[-2.50981,51.47147],[-2.50984,51.47104],[-2.51006,51.47019],[-2.51042,51.46926],[-2.51051,51.46909],[-2.5112,51.46819],[-2.51237,51.46732],[-2.5132,51.46707],[-2.51506,51.46685],[-2.51575,51.46678],[-2.51623,51.46676],[-2.52068,51.46661],[-2.52115,51.46661],[-2.52336,51.4668],[-2.52415,51.46688],[-2.525,51.46685],[-2.5265,51.467],[-2.52764,51.46699],[-2.52911,51.46686],[-2.5311,51.46692],[-2.53191,51.4668],[-2.53307,51.46653],[-2.5337,51.46645],[-2.53612,51.46644],[-2.53718,51.46626],[-2.53806,51.4662],[-2.53912,51.46618],[-2.5398,51.46615],[-2.54087,51.46597],[-2.54147,51.46583],[-2.5424,51.46579],[-2.54225,51.46608],[-2.5416,51.46641],[-2.5422,51.46713],[-2.54243,51.46795],[-2.54281,51.46794],[-2.54308,51.46797],[-2.54346,51.46821],[-2.54401,51.46858],[-2.54513,51.46877],[-2.54581,51.46898],[-2.54635,51.46935],[-2.5467,51.46942],[-2.54712,51.46945],[-2.54857,51.4694],[-2.54914,51.46924],[-2.54977,51.46893],[-2.55049,51.46977],[-2.55163,51.47066],[-2.55189,51.47201],[-2.55166,51.47308],[-2.55092,51.47309],[-2.552,51.48234],[-2.55267,51.48177],[-2.55287,51.48156],[-2.55323,51.48146],[-2.55415,51.4814],[-2.55446,51.48138],[-2.55442,51.48124],[-2.55497,51.48129],[-2.55537,51.48127],[-2.55556,51.48137],[-2.55573,51.48131],[-2.55629,51.48126],[-2.55724,51.48111],[-2.5583,51.4809],[-2.55881,51.48076],[-2.55926,51.48053],[-2.56049,51.48048],[-2.56024,51.48178],[-2.55961,51.48308],[-2.55801,51.48467],[-2.55622,51.48589],[-2.55353,51.48713],[-2.5485,51.48948],[-2.54179,51.4925],[-2.55031,51.49438],[-2.55838,51.50136],[-2.55832,51.50252],[-2.55564,51.50432],[-2.55507,51.50673]]]}},{"type":"Feature","properties":{"source_code":"L81004","codes":["L81004"],"label":"PORTISHEAD MEDICAL GROUP"},"geometry":{"type":"Polygon","coordinates":[[[-2.77499,51.48972],[-2.77178,51.49362],[-2.76983,51.49425],[-2.7574,51.49515],[-2.74017,51.5025],[-2.72545,51.50607],[-2.71231,51.4995],[-2.7091,51.49734],[-2.70399,51.49549],[-2.69775,51.49275],[-2.69213,51.48901],[-2.69542,51.48592],[-2.69793,51.48392],[-2.70012,51.48182],[-2.70831,51.47731],[-2.7106,51.4746],[-2.74327,51.45151],[-2.74755,51.45291],[-2.7508,51.45187],[-2.75667,51.45101],[-2.76092,51.45078],[-2.76255,51.45036],[-2.76385,51.44994],[-2.76548,51.44993],[-2.76974,51.45011],[-2.77269,51.4507],[-2.77563,51.45027],[-2.78572,51.44775],[-2.79257,51.44628],[-2.79845,51.44624],[-2.80236,51.44519],[-2.80498,51.44558],[-2.8115,51.44431],[-2.81415,51.44633],[-2.81614,51.44775],[-2.81814,51.44999],[-2.82079,51.45201],[-2.82541,51.45382],[-2.83053,51.45478],[-2.83211,51.46301],[-2.82855,51.46463],[-2.82497,51.46608],[-2.82206,51.46774],[-2.81948,51.47],[-2.81854,51.47226],[-2.81532,51.47494],[-2.81111,51.47762],[-2.80821,51.4803],[-2.80399,51.48237],[-2.80141,51.48464],[-2.79686,51.4863],[-2.79163,51.48675],[-2.78378,51.48721],[-2.77988,51.48846],[-2.77499,51.48972]]]}},{"type":"Feature","properties":{"source_code":"L81131","codes":["L81131"],"label":"FALLODON WAY MEDICAL CENTRE"},"geometry":{"type":"Polygon","coordinates":[[[-2.61576,51.49786],[-2.61514,51.49784],[-2.61349,51.49876],[-2.61125,51.49981],[-2.60864,51.50072],[-2.60822,51.50033],[-2.60483,51.49978],[-2.60339,51.49956],[-2.60194,51.49921],[-2.60043,51.4988],[-2.59912,51.49822],[-2.59818,51.49771],[-2.59743,51.49719],[-2.5967,51.49678],[-2.59595,51.49619],[-2.5957,51.49578],[-2.59518,51.49492],[-2.59536,51.49441],[-2.59717,51.49187],[-2.59641,51.49167],[-2.59592,51.49142],[-2.59561,51.49114],[-2.59528,51.49061],[-2.59492,51.49004],[-2.5946,51.48968],[-2.59377,51.48929],[-2.59058,51.48795],[-2.58973,51.48756],[-2.58875,51.48747],[-2.58762,51.48754],[-2.58631,51.48754],[-2.58539,51.48698],[-2.58656,51.48418],[-2.58756,51.48248],[-2.58805,51.48118],[-2.58908,51.48024],[-2.58962,51.4786],[-2.59068,51.47574],[-2.59139,51.47479],[-2.59155,51.47415],[-2.59104,51.47314],[-2.59114,51.47268],[-2.5919,51.47218],[-2.59381,51.47031],[-2.59787,51.46913],[-2.59892,51.46961],[-2.60053,51.46996],[-2.60135,51.46994],[-2.6029,51.47007],[-2.6048,51.47018],[-2.60604,51.47046],[-2.6066,51.47043],[-2.60895,51.47075],[-2.60966,51.47057],[-2.61165,51.46936],[-2.61397,51.46886],[-2.61444,51.46966],[-2.61505,51.47027],[-2.6153,51.4709],[-2.61538,51.47123],[-2.61538,51.4716],[-2.61644,51.47082],[-2.61833,51.4717],[-2.62424,51.47433],[-2.6254,51.47306],[-2.62688,51.47234],[-2.63152,51.471],[-2.63293,51.47068],[-2.63407,51.47041],[-2.63487,51.47002],[-2.63553,51.46917],[-2.63728,51.46971],[-2.64011,51.47022],[-2.64293,51.47101],[-2.64597,51.47235],[-2.64798,51.47379],[-2.64868,51.4754],[-2.64858,51.47668],[-2.64809,51.47821],[-2.64789,51.47943],[-2.6483,51.48055],[-2.64517,51.48277],[-2.64481,51.48337],[-2.6426,51.48515],[-2.64246,51.48623],[-2.6422,51.4866],[-2.64091,51.48836],[-2.64022,51.48891],[-2.63918,51.48938],[-2.63798,51.49015],[-2.63698,51.49093],[-2.63741,51.49187],[-2.63792,51.4924],[-2.63769,51.49315],[-2.63245,51.49477],[-2.62999,51.49476],[-2.62577,51.49476],[-2.62313,51.49493],[-2.62169,51.49529],[-2.62101,51.49612],[-2.62022,51.49682],[-2.61806,51.49764],[-2.61635,51.49821],[-2.61576,51.49786]]]}},{"type":"Feature","properties":{"source_code":"L81600","codes":["L81600"],"label":"HARBOURSIDE FAMILY PRACTICE"},"geometry":{"type":"Polygon","coordinates":[[[-2.77315,51.4945],[-2.76727,51.49466],[-2.76237,51.49536],[-2.75838,51.49536],[-2.75126,51.49271],[-2.7289,51.49189],[-2.72075,51.47914],[-2.71455,51.47911],[-2.71333,51.47867],[-2.71264,51.47823],[-2.71305,51.47772],[-2.71257,51.47668],[-2.71178,51.4763],[-2.71079,51.47508],[-2.71942,51.47074],[-2.72223,51.47024],[-2.72508,51.47211],[-2.72658,51.4727],[-2.72759,51.4723],[-2.73194,51.47149],[-2.73628,51.47048],[-2.7404,51.46845],[-2.74135,51.46716],[-2.74298,51.46593],[-2.74366,51.46444],[-2.74804,51.46128],[-2.74941,51.45866],[-2.74899,51.45353],[-2.75113,51.45326],[-2.75345,51.45353],[-2.75937,51.45337],[-2.76306,51.45246],[-2.76461,51.45246],[-2.76692,51.45213],[-2.76821,51.45213],[-2.77019,51.45171],[-2.77293,51.45171],[-2.77379,51.45155],[-2.77585,51.45176],[-2.77679,51.45171],[-2.77851,51.45149],[-2.78212,51.45155],[-2.78452,51.45155],[-2.78563,51.45064],[-2.78864,51.44973],[-2.79078,51.44882],[-2.79619,51.44791],[-2.79705,51.44737],[-2.80272,51.44689],[-2.80452,51.44657],[-2.80744,51.44641],[-2.8107,51.44588],[-2.81203,51.44531],[-2.81452,51.44743],[-2.81619,51.4477],[-2.8161,51.44786],[-2.81739,51.44951],[-2.82151,51.45339],[-2.82456,51.45353],[-2.82799,51.45353],[-2.82975,51.45438],[-2.83108,51.45583],[-2.83181,51.4585],[-2.83233,51.46088],[-2.8346,51.46278],[-2.82816,51.46593],[-2.82331,51.46719],[-2.81842,51.47149],[-2.8143,51.47516],[-2.80993,51.4778],[-2.80945,51.4789],[-2.80787,51.47981],[-2.80559,51.48136],[-2.80417,51.48154],[-2.80121,51.48384],[-2.80078,51.4848],[-2.79679,51.48595],[-2.79521,51.48555],[-2.79263,51.48617],[-2.78896,51.48595],[-2.7804,51.4881],[-2.77725,51.48913],[-2.77589,51.48949],[-2.77323,51.49176],[-2.77255,51.49329],[-2.77315,51.4945]]]}},{"type":"Feature","properties":{"source_code":"L81078","codes":["L81078"],"label":"GLOUCESTER ROAD MEDICAL CENTRE"},"geometry":{"type":"Polygon","coordinates":[[[-2.60972,51.46466],[-2.61169,51.46674],[-2.61271,51.46773],[-2.61388,51.46883],[-2.61518,51.47039],[-2.61638,51.47086],[-2.62675,51.47513],[-2.63096,51.47587],[-2.63242,51.47708],[-2.63303,51.47824],[-2.63405,51.47901],[-2.63443,51.47972],[-2.63459,51.48067],[-2.63419,51.48128],[-2.63284,51.48174],[-2.63152,51.4821],[-2.6298,51.48208],[-2.62886,51.48239],[-2.6277,51.48337],[-2.62863,51.48367],[-2.62947,51.48431],[-2.63049,51.48517],[-2.63181,51.48716],[-2.63421,51.48883],[-2.63517,51.48972],[-2.63688,51.49098],[-2.63756,51.49197],[-2.63806,51.49232],[-2.63783,51.49311],[-2.63627,51.49362],[-2.63507,51.49398],[-2.6323,51.49478],[-2.63099,51.49481],[-2.62946,51.49475],[-2.62515,51.49475],[-2.62309,51.49496],[-2.62157,51.49531],[-2.62092,51.49619],[-2.62009,51.49677],[-2.61796,51.49769],[-2.61633,51.49826],[-2.61581,51.49789],[-2.61502,51.49795],[-2.61194,51.49953],[-2.6072,51.5012],[-2.60589,51.50182],[-2.60143,51.50332],[-2.59455,51.50556],[-2.59158,51.50067],[-2.59079,51.49931],[-2.58979,51.49867],[-2.58601,51.49799],[-2.58091,51.49692],[-2.5805,51.49757],[-2.58027,51.49795],[-2.57981,51.49843],[-2.57944,51.49877],[-2.57916,51.49911],[-2.57893,51.49939],[-2.5788,51.49961],[-2.57877,51.49981],[-2.57881,51.50003],[-2.57886,51.50024],[-2.57945,51.50158],[-2.57923,51.50212],[-2.57906,51.50254],[-2.57884,51.50278],[-2.57846,51.50316],[-2.57821,51.50345],[-2.57788,51.50396],[-2.5776,51.50455],[-2.57734,51.5051],[-2.57701,51.50582],[-2.57689,51.50629],[-2.57676,51.50668],[-2.57653,51.50738],[-2.57622,51.50802],[-2.57612,51.50827],[-2.57568,51.50815],[-2.57528,51.50806],[-2.57484,51.50799],[-2.5741,51.50798],[-2.5737,51.50808],[-2.57325,51.50823],[-2.5724,51.50867],[-2.57201,51.50888],[-2.57148,51.50902],[-2.57096,51.50911],[-2.57051,51.50915],[-2.56965,51.50918],[-2.56881,51.50915],[-2.5677,51.50903],[-2.56667,51.50888],[-2.56573,51.50867],[-2.56489,51.5084],[-2.5642,51.50818],[-2.56355,51.50797],[-2.56275,51.50774],[-2.56202,51.50763],[-2.56133,51.50754],[-2.56159,51.50658],[-2.56205,51.50558],[-2.56277,51.50446],[-2.564,51.50304],[-2.56566,51.50159],[-2.56665,51.50051],[-2.56726,51.49958],[-2.56777,51.49864],[-2.56824,51.49736],[-2.56855,51.49634],[-2.56882,51.49511],[-2.56799,51.49502],[-2.56626,51.49468],[-2.56513,51.49408],[-2.56463,51.49361],[-2.56454,51.49334],[-2.56377,51.49099],[-2.56241,51.4906],[-2.56253,51.49037],[-2.56146,51.49014],[-2.56183,51.48916],[-2.56233,51.48843],[-2.563,51.4878],[-2.56429,51.48697],[-2.56617,51.4859],[-2.56805,51.4848],[-2.56967,51.48364],[-2.57182,51.48176],[-2.57447,51.47974],[-2.57715,51.47886],[-2.57968,51.47783],[-2.58013,51.47639],[-2.5817,51.47354],[-2.5818,51.47296],[-2.58516,51.47114],[-2.58477,51.47016],[-2.58565,51.46947],[-2.58634,51.4692],[-2.58742,51.46894],[-2.5885,51.46873],[-2.58933,51.46879],[-2.59117,51.46933],[-2.59263,51.46957],[-2.59308,51.46906],[-2.59362,51.46875],[-2.59398,51.46844],[-2.59443,51.46776],[-2.59496,51.46689],[-2.59556,51.46623],[-2.5961,51.46527],[-2.59649,51.46429],[-2.5972,51.46341],[-2.59922,51.46279],[-2.60129,51.46243],[-2.60312,51.46232],[-2.60438,51.46244],[-2.60553,51.46246],[-2.60663,51.46288],[-2.60758,51.46364],[-2.60845,51.4642],[-2.60972,51.46466]]]}},{"type":"Feature","properties":{"source_code":"L81008","codes":["L81008"],"label":"SHIREHAMPTON GROUP PRACTICE"},"geometry":{"type":"Polygon","coordinates":[[[-2.64213,51.50603],[-2.64154,51.50414],[-2.64786,51.50167],[-2.65024,51.49998],[-2.65382,51.49832],[-2.65504,51.49634],[-2.65594,51.49357],[-2.65486,51.49271],[-2.65369,51.4934],[-2.6511,51.49696],[-2.64959,51.49735],[-2.64669,51.49828],[-2.64478,51.49867],[-2.64115,51.49949],[-2.64003,51.49899],[-2.6405,51.49792],[-2.63765,51.49604],[-2.63726,51.4955],[-2.6384,51.49401],[-2.63789,51.49404],[-2.63762,51.49294],[-2.63668,51.49134],[-2.63586,51.49079],[-2.63432,51.49165],[-2.63353,51.49131],[-2.63444,51.48991],[-2.6339,51.48919],[-2.63226,51.48812],[-2.63178,51.48721],[-2.63143,51.4866],[-2.6316,51.4861],[-2.63229,51.48528],[-2.63325,51.484],[-2.63308,51.48342],[-2.63212,51.48204],[-2.63149,51.48215],[-2.63118,51.48179],[-2.63384,51.48099],[-2.63614,51.47995],[-2.63936,51.47887],[-2.6398,51.47908],[-2.64183,51.4795],[-2.64445,51.47974],[-2.64588,51.47878],[-2.64617,51.47771],[-2.64741,51.47673],[-2.64956,51.47704],[-2.65086,51.47971],[-2.65869,51.48618],[-2.66176,51.48743],[-2.6646,51.48714],[-2.66796,51.4832],[-2.67416,51.48057],[-2.67819,51.48043],[-2.68301,51.48219],[-2.69202,51.4895],[-2.69332,51.4907],[-2.69892,51.49427],[-2.70131,51.49546],[-2.70667,51.49719],[-2.70853,51.49773],[-2.70921,51.4987],[-2.70968,51.49989],[-2.70955,51.501],[-2.70919,51.50198],[-2.70079,51.50471],[-2.69752,51.50399],[-2.69247,51.50309],[-2.6915,51.50278],[-2.69105,51.50218],[-2.68903,51.50103],[-2.68717,51.50072],[-2.68509,51.50032],[-2.68309,51.49996],[-2.68101,51.49988],[-2.6776,51.49981],[-2.66089,51.50828],[-2.64213,51.50603]]]}},{"type":"Feature","properties":{"source_code":"L81022","codes":["L81022"],"label":"HORFIELD HC"},"geometry":{"type":"Polygon","coordinates":[[[-2.57715,51.5097],[-2.5605,51.50789],[-2.56522,51.50084],[-2.54848,51.4987],[-2.56953,51.481],[-2.57136,51.47438],[-2.58303,51.47213],[-2.58758,51.47481],[-2.59882,51.47641],[-2.60054,51.47505],[-2.61148,51.47983],[-2.6144,51.48315],[-2.6017,51.49854],[-2.59835,51.4972],[-2.57715,51.5097]]]}},{"type":"Feature","properties":{"source_code":"L81017","codes":["L81017"],"label":"WESTBURY ON TRYM PRIMARY CARE CENTRE"},"geometry":{"type":"Polygon","coordinates":[[[-2.62745,51.50698],[-2.61644,51.5078],[-2.6044,51.50039],[-2.60112,51.48668],[-2.61449,51.47232],[-2.62687,51.46162],[-2.64715,51.47209],[-2.65657,51.48751],[-2.65088,51.49822],[-2.64547,51.50137],[-2.63955,51.50522],[-2.63226,51.50618],[-2.62745,51.50698]]]}},{"type":"Feature","properties":{"source_code":"L81669","codes":["L81669"],"label":"MVMG - MONKS PARK"},"geometry":{"type":"Polygon","coordinates":[[[-2.57251,51.4852],[-2.57356,51.48387],[-2.57542,51.48202],[-2.57628,51.4804],[-2.57802,51.48151],[-2.57877,51.48201],[-2.57921,51.48257],[-2.57943,51.48332],[-2.57993,51.48372],[-2.58277,51.48516],[-2.58556,51.48672],[-2.58812,51.48738],[-2.58898,51.48718],[-2.59146,51.4881],[-2.59253,51.48821],[-2.595,51.48941],[-2.59564,51.49018],[-2.59635,51.49122],[-2.59823,51.49185],[-2.59967,51.49205],[-2.60234,51.49219],[-2.60398,51.4924],[-2.60376,51.49293],[-2.60388,51.49326],[-2.60337,51.49392],[-2.60045,51.49579],[-2.59757,51.49744],[-2.5944,51.49992],[-2.59252,51.50138],[-2.59406,51.504],[-2.59498,51.50559],[-2.59616,51.50707],[-2.59932,51.50917],[-2.60134,51.51076],[-2.60156,51.51122],[-2.59961,51.51221],[-2.59731,51.5142],[-2.59547,51.51608],[-2.59135,51.5167],[-2.58795,51.5172],[-2.58363,51.51748],[-2.58091,51.51744],[-2.5813,51.51571],[-2.58168,51.51522],[-2.58237,51.5141],[-2.58261,51.51328],[-2.58312,51.51287],[-2.58414,51.51275],[-2.58505,51.51243],[-2.58578,51.51261],[-2.58923,51.51152],[-2.59041,51.51054],[-2.59086,51.50993],[-2.59128,51.50965],[-2.5906,51.50842],[-2.58968,51.50823],[-2.58863,51.50766],[-2.58804,51.50767],[-2.58839,51.5073],[-2.58852,51.5055],[-2.58835,51.5051],[-2.58787,51.50497],[-2.58769,51.50441],[-2.58781,51.50358],[-2.58239,51.50684],[-2.5805,51.50772],[-2.57851,51.50868],[-2.57749,51.50884],[-2.57669,51.50875],[-2.57609,51.50862],[-2.57481,51.50814],[-2.57333,51.50843],[-2.57191,51.50897],[-2.57047,51.50923],[-2.56862,51.50922],[-2.56713,51.50902],[-2.56509,51.50861],[-2.56127,51.50776],[-2.56212,51.50548],[-2.5634,51.50358],[-2.56558,51.50165],[-2.56719,51.4997],[-2.56808,51.49774],[-2.57016,51.49067],[-2.5713,51.48723],[-2.57251,51.4852]]]}},{"type":"Feature","properties":{"source_code":"L81098","codes":["L81098"],"label":"GREENWAY COMMUNITY PRACTICE"},"geometry":{"type":"Polygon","coordinates":[[[-2.60716,51.47872],[-2.60738,51.47851],[-2.60755,51.47823],[-2.60789,51.47785],[-2.60877,51.47735],[-2.61041,51.47579],[-2.6107,51.47426],[-2.61136,51.47318],[-2.61054,51.47252],[-2.61114,51.47213],[-2.61216,51.47174],[-2.61351,51.47159],[-2.61453,51.47156],[-2.61555,51.47156],[-2.61674,51.47651],[-2.62194,51.47982],[-2.62625,51.48255],[-2.62902,51.48365],[-2.63079,51.48528],[-2.63217,51.48706],[-2.63418,51.48854],[-2.63695,51.49076],[-2.63761,51.49163],[-2.63832,51.49313],[-2.63724,51.49357],[-2.63244,51.49512],[-2.63044,51.49499],[-2.62437,51.49507],[-2.62448,51.49587],[-2.62398,51.49692],[-2.62344,51.49827],[-2.62421,51.49927],[-2.62567,51.50204],[-2.62753,51.50376],[-2.62848,51.50627],[-2.62943,51.50704],[-2.63165,51.5076],[-2.63039,51.50981],[-2.62949,51.51223],[-2.62804,51.51328],[-2.62491,51.51618],[-2.63032,51.51849],[-2.62946,51.5197],[-2.63128,51.5203],[-2.63086,51.52112],[-2.62523,51.52304],[-2.62058,51.52483],[-2.61608,51.52634],[-2.61402,51.525],[-2.61221,51.52459],[-2.60997,51.52441],[-2.60677,51.52443],[-2.60483,51.52484],[-2.60172,51.52469],[-2.59696,51.5226],[-2.59414,51.52214],[-2.59123,51.52232],[-2.58935,51.52209],[-2.587,51.52293],[-2.58306,51.52312],[-2.58092,51.52287],[-2.57944,51.5229],[-2.57878,51.52279],[-2.57804,51.52285],[-2.57595,51.52262],[-2.57255,51.52177],[-2.57126,51.52137],[-2.57115,51.52121],[-2.57075,51.521],[-2.57042,51.52055],[-2.57043,51.51968],[-2.57049,51.51782],[-2.57128,51.51658],[-2.56926,51.5166],[-2.56682,51.51607],[-2.56558,51.51557],[-2.56408,51.51475],[-2.56303,51.51392],[-2.56203,51.5127],[-2.56175,51.51197],[-2.5615,51.51127],[-2.56139,51.50941],[-2.56148,51.50866],[-2.56217,51.50862],[-2.56282,51.50861],[-2.56297,51.50815],[-2.56426,51.5067],[-2.56589,51.50562],[-2.56633,51.50444],[-2.56717,51.50343],[-2.56917,51.50182],[-2.57017,51.50086],[-2.57108,51.49963],[-2.57241,51.49738],[-2.57388,51.49508],[-2.57469,51.49393],[-2.57562,51.4928],[-2.57878,51.49009],[-2.58018,51.48937],[-2.58152,51.48862],[-2.58225,51.48835],[-2.58327,51.48782],[-2.58514,51.48676],[-2.58656,51.48715],[-2.58803,51.48737],[-2.58834,51.4874],[-2.58874,51.48742],[-2.58974,51.48752],[-2.59056,51.48779],[-2.59257,51.48641],[-2.5942,51.48596],[-2.59634,51.48492],[-2.59976,51.48306],[-2.60364,51.48159],[-2.60486,51.48084],[-2.60606,51.47989],[-2.60716,51.47872]]]}}]}