{"type":"FeatureCollection","metadata":{"bundle_id":"bundle-032","practice_count":183,"feature_count":183},"features":[{"type":"Feature","properties":{"source_code":"E83050","codes":["E83050"],"label":"EAST FINCHLEY MEDICAL CENTRE"},"geometry":{"type":"Polygon","coordinates":[[[-0.17673,51.59952],[-0.17387,51.60128],[-0.17303,51.6013],[-0.17205,51.60127],[-0.1696,51.59597],[-0.16521,51.59665],[-0.1619,51.59725],[-0.16076,51.5949],[-0.15867,51.59519],[-0.15773,51.59524],[-0.15394,51.59539],[-0.1538,51.5909],[-0.15372,51.58853],[-0.15279,51.58529],[-0.15632,51.58155],[-0.16183,51.58192],[-0.16546,51.58285],[-0.16943,51.58389],[-0.17284,51.58468],[-0.17798,51.58513],[-0.1809,51.58564],[-0.18063,51.58756],[-0.18044,51.58882],[-0.18009,51.5901],[-0.17959,51.59123],[-0.17927,51.5918],[-0.18147,51.59266],[-0.18262,51.59323],[-0.18406,51.59404],[-0.18488,51.59446],[-0.18029,51.59682],[-0.17829,51.59814],[-0.17673,51.59952]]]}},{"type":"Feature","properties":{"source_code":"E83003","codes":["E83003"],"label":"OAKLEIGH ROAD HEALTH CENTRE"},"geometry":{"type":"Polygon","coordinates":[[[-0.15242,51.6171],[-0.15329,51.61658],[-0.1532,51.61665],[-0.15335,51.61655],[-0.15329,51.61658],[-0.15334,51.61655],[-0.15332,51.61653],[-0.15682,51.61604],[-0.15694,51.61626],[-0.15721,51.61647],[-0.15825,51.61623],[-0.15913,51.61614],[-0.1593,51.61687],[-0.15957,51.6175],[-0.16006,51.6185],[-0.16016,51.61893],[-0.16076,51.61991],[-0.16224,51.62035],[-0.16278,51.62078],[-0.16334,51.62125],[-0.16511,51.62163],[-0.16685,51.62325],[-0.16847,51.62479],[-0.16924,51.62502],[-0.16979,51.62519],[-0.17009,51.62521],[-0.17034,51.62533],[-0.17067,51.62545],[-0.17095,51.62546],[-0.17118,51.62556],[-0.17182,51.62572],[-0.17217,51.62584],[-0.17311,51.62613],[-0.17386,51.62664],[-0.17481,51.6276],[-0.17478,51.62899],[-0.17609,51.63444],[-0.17843,51.63743],[-0.1796,51.63891],[-0.18042,51.64045],[-0.17501,51.63914],[-0.17243,51.63931],[-0.16994,51.64001],[-0.16636,51.63935],[-0.16248,51.64106],[-0.16067,51.63905],[-0.15826,51.63726],[-0.15444,51.63509],[-0.15319,51.63415],[-0.15113,51.63334],[-0.15046,51.63237],[-0.14983,51.63037],[-0.14836,51.6267],[-0.14719,51.62389],[-0.14736,51.62328],[-0.14697,51.6227],[-0.14525,51.62159],[-0.14382,51.62042],[-0.14593,51.61948],[-0.14871,51.61839],[-0.15036,51.61794],[-0.15242,51.6171]]]}},{"type":"Feature","properties":{"source_code":"E83045","codes":["E83045"],"label":"FRIERN BARNET MEDICAL CENTRE"},"geometry":{"type":"Polygon","coordinates":[[[-0.17269,51.62974],[-0.1696,51.62867],[-0.16548,51.62718],[-0.16205,51.62484],[-0.15724,51.62271],[-0.15141,51.62271],[-0.14488,51.62398],[-0.13905,51.62143],[-0.14179,51.61716],[-0.14248,51.61397],[-0.14248,51.61162],[-0.14832,51.61183],[-0.15518,51.60736],[-0.16342,51.60864],[-0.16891,51.60501],[-0.17338,51.60778],[-0.17647,51.61269],[-0.17647,51.61674],[-0.17544,51.62249],[-0.17269,51.62974]]]}},{"type":"Feature","properties":{"source_code":"D81047","codes":["D81047"],"label":"ASHWELL SURGERY"},"geometry":{"type":"MultiPolygon","coordinates":[[[[-0.07622,52.04398],[-0.11467,51.98699],[-0.16685,52.00264],[-0.07622,52.04398]]],[[[-0.06866,52.04742],[-0.07622,52.04398],[-0.07616,52.04407],[-0.06866,52.04742]]],[[[-0.07616,52.04407],[-0.16685,52.00348],[-0.23071,52.06684],[-0.14145,52.10946],[-0.08995,52.10735],[-0.05219,52.07951],[-0.07616,52.04407]]]]}},{"type":"Feature","properties":{"source_code":"F85014","codes":["F85014"],"label":"HIGHGATE GROUP PRACTICE"},"geometry":{"type":"Polygon","coordinates":[[[-0.14913,51.58723],[-0.14053,51.5865],[-0.13287,51.58486],[-0.12797,51.58091],[-0.13081,51.57334],[-0.13802,51.57077],[-0.14437,51.56592],[-0.14746,51.56211],[-0.15098,51.56141],[-0.16887,51.57296],[-0.16838,51.58056],[-0.16066,51.58519],[-0.14913,51.58723]]]}},{"type":"Feature","properties":{"source_code":"E83621","codes":["E83621"],"label":"BRUNSWICK PARK MEDICAL PRACTICE"},"geometry":{"type":"Polygon","coordinates":[[[-0.18082,51.6421],[-0.17807,51.64423],[-0.16229,51.64274],[-0.15988,51.64487],[-0.15542,51.64529],[-0.1465,51.64572],[-0.14307,51.64103],[-0.13689,51.63592],[-0.12694,51.63208],[-0.1266,51.62803],[-0.12317,51.62441],[-0.12831,51.62484],[-0.13278,51.6242],[-0.13586,51.62121],[-0.14067,51.6178],[-0.14479,51.61546],[-0.15062,51.61397],[-0.15508,51.61354],[-0.15885,51.61311],[-0.16297,51.61183],[-0.16812,51.61077],[-0.17567,51.61247],[-0.1777,51.61234],[-0.18555,51.60698],[-0.17753,51.61266],[-0.17667,51.61485],[-0.17667,51.6149],[-0.17662,51.62292],[-0.17508,51.62265],[-0.17436,51.62921],[-0.17641,51.63443],[-0.18082,51.6421]]]}},{"type":"Feature","properties":{"source_code":"F85016","codes":["F85016"],"label":"COCKFOSTERS MEDICAL CTRE"},"geometry":{"type":"MultiPolygon","coordinates":[[[[-0.10986,51.65509],[-0.10921,51.65261],[-0.109,51.65264],[-0.10885,51.65123],[-0.10763,51.64657],[-0.11904,51.63896],[-0.12617,51.63411],[-0.14025,51.64892],[-0.12789,51.65039],[-0.12789,51.65041],[-0.10986,51.65509]]],[[[-0.12497,51.63208],[-0.1545,51.6291],[-0.16402,51.63608],[-0.16977,51.64455],[-0.17853,51.66276],[-0.15797,51.66752],[-0.12497,51.63208]]]]}},{"type":"Feature","properties":{"source_code":"E83034","codes":["E83034"],"label":"COLNEY HATCH LANE SURGERY"},"geometry":{"type":"Polygon","coordinates":[[[-0.14233,51.60898],[-0.14241,51.60867],[-0.1431,51.60809],[-0.14259,51.60666],[-0.14191,51.6046],[-0.14201,51.60383],[-0.14239,51.60298],[-0.14295,51.60262],[-0.14424,51.60076],[-0.14226,51.60058],[-0.14038,51.60065],[-0.13913,51.59983],[-0.1378,51.59904],[-0.14272,51.59735],[-0.14437,51.59627],[-0.14496,51.59552],[-0.147,51.59712],[-0.1477,51.59628],[-0.14848,51.59565],[-0.15186,51.59565],[-0.15482,51.59531],[-0.15423,51.59609],[-0.15445,51.59656],[-0.15686,51.59777],[-0.15763,51.59979],[-0.15753,51.60056],[-0.15661,51.60056],[-0.15672,51.60149],[-0.15613,51.6025],[-0.15553,51.60297],[-0.15429,51.60306],[-0.15265,51.60311],[-0.153,51.60354],[-0.15404,51.60374],[-0.15541,51.60307],[-0.15553,51.60297],[-0.15556,51.60297],[-0.15571,51.60333],[-0.15644,51.60393],[-0.1564,51.60529],[-0.15143,51.60608],[-0.14957,51.60697],[-0.14737,51.60764],[-0.1482,51.60809],[-0.14961,51.60791],[-0.15135,51.60747],[-0.15292,51.60676],[-0.15299,51.60821],[-0.15317,51.60862],[-0.15325,51.60901],[-0.1521,51.60826],[-0.15377,51.61077],[-0.15264,51.61113],[-0.15208,51.61177],[-0.15126,51.61203],[-0.14939,51.61134],[-0.1471,51.61179],[-0.14916,51.60963],[-0.14668,51.6105],[-0.14595,51.60957],[-0.14626,51.60909],[-0.14709,51.60847],[-0.14593,51.6084],[-0.14233,51.60898]]]}},{"type":"Feature","properties":{"source_code":"F85688","codes":["F85688"],"label":"RUTLAND HOUSE SURGERY"},"geometry":{"type":"Polygon","coordinates":[[[-0.12605,51.60567],[-0.12879,51.604],[-0.12875,51.60397],[-0.12605,51.60567],[-0.12463,51.60653],[-0.12875,51.60397],[-0.12583,51.60195],[-0.1251,51.60149],[-0.129,51.60371],[-0.12523,51.60155],[-0.12042,51.59752],[-0.13085,51.59821],[-0.13411,51.5964],[-0.13209,51.59533],[-0.14205,51.59107],[-0.14432,51.59179],[-0.15231,51.59099],[-0.15797,51.59046],[-0.16355,51.58952],[-0.16514,51.59144],[-0.16763,51.59358],[-0.15531,51.59595],[-0.15143,51.59726],[-0.15144,51.59727],[-0.15304,51.59675],[-0.15145,51.59727],[-0.15145,51.59727],[-0.15512,51.59612],[-0.15146,51.59729],[-0.15312,51.5992],[-0.15364,51.60123],[-0.15342,51.60285],[-0.15647,51.60538],[-0.14342,51.60848],[-0.14248,51.60709],[-0.14248,51.60576],[-0.14145,51.60458],[-0.14239,51.60304],[-0.14385,51.60149],[-0.14462,51.60005],[-0.15055,51.59759],[-0.14738,51.5986],[-0.14432,51.60005],[-0.13909,51.59995],[-0.13772,51.60093],[-0.1354,51.59981],[-0.13231,51.60133],[-0.12914,51.60379],[-0.13016,51.60317],[-0.13531,51.60272],[-0.13578,51.60323],[-0.13523,51.60546],[-0.12986,51.60944],[-0.12437,51.60672],[-0.12605,51.60567]],[[-0.1474,51.59859],[-0.15081,51.59748],[-0.15108,51.59737],[-0.14832,51.59816],[-0.1474,51.59859]]]}},{"type":"Feature","properties":{"source_code":"F85063","codes":["F85063"],"label":"THE MUSWELL HILL PRACTICE"},"geometry":{"type":"Polygon","coordinates":[[[-0.13658,51.59877],[-0.13157,51.59795],[-0.13233,51.59694],[-0.13355,51.59634],[-0.13168,51.59494],[-0.13081,51.59464],[-0.13544,51.59264],[-0.13325,51.59142],[-0.13411,51.58966],[-0.13394,51.58912],[-0.13424,51.58718],[-0.13364,51.58623],[-0.13814,51.58518],[-0.1396,51.58355],[-0.14203,51.58371],[-0.14718,51.5839],[-0.14729,51.58688],[-0.15259,51.5855],[-0.15431,51.5839],[-0.15567,51.58463],[-0.15684,51.58537],[-0.15662,51.58581],[-0.15716,51.58624],[-0.15382,51.58623],[-0.15186,51.5867],[-0.15146,51.58702],[-0.15231,51.58814],[-0.15716,51.5883],[-0.15698,51.59107],[-0.15668,51.59232],[-0.1566,51.59414],[-0.15625,51.59518],[-0.15784,51.60093],[-0.15608,51.60043],[-0.15355,51.60019],[-0.15295,51.59821],[-0.15226,51.59819],[-0.15192,51.59765],[-0.14591,51.59995],[-0.14544,51.60008],[-0.14512,51.60024],[-0.14479,51.60027],[-0.14456,51.60029],[-0.14467,51.60043],[-0.13986,51.60056],[-0.13737,51.60099],[-0.13557,51.59981],[-0.13598,51.59924],[-0.13658,51.59877]]]}},{"type":"Feature","properties":{"source_code":"F85675","codes":["F85675"],"label":"THE ALEXANDRA SURGERY"},"geometry":{"type":"Polygon","coordinates":[[[-0.13699,51.5984],[-0.17578,51.61077],[-0.10059,51.62398],[-0.05862,51.60992],[-0.10454,51.58944],[-0.13699,51.5984]]]}},{"type":"Feature","properties":{"source_code":"F85687","codes":["F85687"],"label":"OAKWOOD MEDICAL CENTRE"},"geometry":{"type":"Polygon","coordinates":[[[-0.05699,51.68192],[-0.07622,51.67085],[-0.07828,51.65381],[-0.08377,51.63677],[-0.08102,51.62356],[-0.09338,51.61077],[-0.10849,51.61716],[-0.11742,51.60395],[-0.14626,51.61461],[-0.15862,51.62953],[-0.18059,51.65893],[-0.18471,51.66276],[-0.19981,51.66148],[-0.18677,51.6815],[-0.16411,51.67468],[-0.149,51.69044],[-0.10574,51.69384],[-0.08789,51.69171],[-0.05699,51.68192]]]}},{"type":"Feature","properties":{"source_code":"F85700","codes":["F85700"],"label":"ARNOS GROVE MEDICAL CENTR"},"geometry":{"type":"MultiPolygon","coordinates":[[[[-0.174,51.62636],[-0.17428,51.6263],[-0.17411,51.62645],[-0.174,51.62636]]],[[[-0.17411,51.62645],[-0.17424,51.62656],[-0.17389,51.62665],[-0.17411,51.62645]]],[[[-0.17338,51.62649],[-0.15261,51.65477],[-0.12445,51.65126],[-0.10729,51.64851],[-0.0836,51.63965],[-0.0872,51.61428],[-0.09,51.60949],[-0.10385,51.60496],[-0.14977,51.6057],[-0.174,51.62636],[-0.17338,51.62649]]]]}},{"type":"Feature","properties":{"source_code":"F85066","codes":["F85066"],"label":"BOUNDS GREEN GROUP PRACTICE"},"geometry":{"type":"MultiPolygon","coordinates":[[[[-0.12745,51.59881],[-0.12753,51.59896],[-0.1275,51.59897],[-0.12745,51.59881]]],[[[-0.1275,51.59897],[-0.1275,51.59898],[-0.12738,51.599],[-0.1275,51.59897]]],[[[-0.12738,51.599],[-0.12703,51.59908],[-0.1265,51.59915],[-0.12738,51.599]]],[[[-0.1265,51.59915],[-0.12638,51.59917],[-0.12649,51.59915],[-0.1265,51.59915]]],[[[-0.12485,51.59944],[-0.12488,51.59943],[-0.12638,51.59917],[-0.12565,51.5993],[-0.1249,51.59946],[-0.12485,51.59944]]],[[[-0.16049,51.62253],[-0.16078,51.62371],[-0.1609,51.62535],[-0.16078,51.62675],[-0.16049,51.62253]]],[[[-0.16078,51.62676],[-0.16078,51.62675],[-0.16079,51.62694],[-0.16078,51.62676]]],[[[-0.16076,51.62694],[-0.15051,51.62256],[-0.14616,51.61969],[-0.14156,51.617],[-0.13714,51.62055],[-0.13546,51.62219],[-0.13519,51.62222],[-0.1347,51.62309],[-0.13435,51.62388],[-0.1337,51.62468],[-0.13063,51.62441],[-0.12703,51.62473],[-0.12438,51.6248],[-0.12299,51.62377],[-0.12187,51.62233],[-0.12119,51.62084],[-0.11913,51.62052],[-0.11827,51.62047],[-0.11629,51.61978],[-0.11364,51.6193],[-0.11106,51.61834],[-0.11115,51.61775],[-0.11106,51.61818],[-0.11003,51.6178],[-0.11024,51.61773],[-0.11055,51.6178],[-0.11046,51.61764],[-0.11024,51.61773],[-0.10895,51.6174],[-0.10955,51.61533],[-0.10937,51.61209],[-0.10945,51.61025],[-0.11004,51.60858],[-0.11148,51.6057],[-0.11165,51.60387],[-0.11215,51.60209],[-0.11133,51.60032],[-0.11068,51.59879],[-0.1107,51.59877],[-0.11047,51.59778],[-0.11071,51.59876],[-0.11129,51.59892],[-0.11559,51.60039],[-0.11633,51.59843],[-0.11667,51.59816],[-0.11696,51.59796],[-0.11733,51.59776],[-0.11773,51.59764],[-0.11892,51.59745],[-0.12001,51.59824],[-0.12097,51.59914],[-0.12328,51.59885],[-0.12485,51.59944],[-0.12043,51.60087],[-0.1275,51.59898],[-0.1275,51.59898],[-0.12753,51.59897],[-0.12753,51.59896],[-0.12753,51.59896],[-0.12726,51.59822],[-0.12745,51.59881],[-0.12714,51.59823],[-0.12753,51.59815],[-0.1284,51.59826],[-0.12971,51.59845],[-0.13118,51.59871],[-0.13218,51.59888],[-0.13127,51.59783],[-0.1334,51.59623],[-0.13229,51.59526],[-0.13374,51.59446],[-0.13448,51.59406],[-0.13527,51.59376],[-0.13661,51.59344],[-0.13794,51.59319],[-0.13916,51.59237],[-0.13944,51.59237],[-0.13956,51.59232],[-0.13976,51.59226],[-0.14273,51.5912],[-0.14343,51.59252],[-0.14447,51.59378],[-0.14501,51.59484],[-0.14484,51.59565],[-0.14254,51.60997],[-0.14719,51.60828],[-0.15218,51.60705],[-0.15644,51.61166],[-0.15815,51.61274],[-0.15861,51.61419],[-0.15911,51.61698],[-0.15907,51.61701],[-0.16036,51.62068],[-0.16049,51.62253],[-0.16044,51.62234],[-0.16078,51.62676],[-0.16076,51.62694]]]]}},{"type":"Feature","properties":{"source_code":"F85069","codes":["F85069"],"label":"CROUCH HALL ROAD SURGERY"},"geometry":{"type":"MultiPolygon","coordinates":[[[[-0.11324,51.57625],[-0.11331,51.57624],[-0.1133,51.57632],[-0.11324,51.57625]]],[[[-0.11324,51.57625],[-0.11218,51.57651],[-0.11227,51.57512],[-0.11324,51.57625]]],[[[-0.14451,51.60012],[-0.14445,51.60012],[-0.14458,51.60011],[-0.14451,51.60012]]],[[[-0.14451,51.60012],[-0.14454,51.60012],[-0.14446,51.60013],[-0.14451,51.60012]]],[[[-0.14443,51.60013],[-0.14446,51.60013],[-0.14443,51.60013],[-0.14443,51.60013]]],[[[-0.13783,51.60077],[-0.13765,51.60088],[-0.1375,51.6008],[-0.13783,51.60077]]],[[[-0.11902,51.59555],[-0.1139,51.589],[-0.11302,51.58792],[-0.11304,51.58806],[-0.10905,51.58022],[-0.10806,51.57867],[-0.10853,51.57792],[-0.11077,51.58043],[-0.10964,51.5775],[-0.10952,51.5775],[-0.10963,51.57747],[-0.10952,51.57718],[-0.11022,51.57728],[-0.11433,51.576],[-0.11501,51.57591],[-0.11471,51.5759],[-0.11331,51.57624],[-0.11334,51.5759],[-0.11616,51.57576],[-0.11637,51.57567],[-0.11456,51.57504],[-0.11771,51.57506],[-0.1178,51.57502],[-0.11862,51.57478],[-0.12068,51.57366],[-0.12106,51.57406],[-0.12151,51.57396],[-0.12167,51.5739],[-0.12175,51.5739],[-0.12235,51.57376],[-0.12292,51.57385],[-0.13041,51.57287],[-0.1381,51.5704],[-0.14231,51.57494],[-0.1442,51.57654],[-0.14364,51.57674],[-0.14475,51.57662],[-0.14544,51.57688],[-0.14664,51.57739],[-0.14763,51.57792],[-0.14699,51.58056],[-0.14626,51.58256],[-0.14681,51.58366],[-0.14699,51.58515],[-0.14711,51.58539],[-0.14708,51.58587],[-0.14711,51.58608],[-0.14704,51.58664],[-0.14694,51.58859],[-0.14454,51.59008],[-0.1454,51.59563],[-0.14694,51.59904],[-0.14681,51.59907],[-0.14681,51.59908],[-0.14681,51.59907],[-0.14179,51.60032],[-0.1414,51.60034],[-0.14151,51.60036],[-0.14255,51.60026],[-0.14683,51.59913],[-0.14443,51.60003],[-0.14443,51.60013],[-0.14327,51.60021],[-0.13783,51.60077],[-0.13821,51.60053],[-0.1372,51.60059],[-0.13754,51.60077],[-0.132,51.60253],[-0.12926,51.60373],[-0.12887,51.60352],[-0.12895,51.60349],[-0.12025,51.59685],[-0.11351,51.58755],[-0.11254,51.58503],[-0.113,51.58781],[-0.11424,51.58907],[-0.11518,51.59038],[-0.11579,51.59123],[-0.11588,51.59135],[-0.11639,51.59198],[-0.11724,51.59307],[-0.11676,51.59248],[-0.11746,51.59339],[-0.11849,51.5948],[-0.11902,51.59555]]],[[[-0.11348,51.58846],[-0.11301,51.58785],[-0.11302,51.58791],[-0.11348,51.58846]]],[[[-0.12694,51.57947],[-0.12155,51.57883],[-0.12129,51.57891],[-0.12731,51.5798],[-0.12694,51.57947]]],[[[-0.11554,51.57764],[-0.11212,51.57756],[-0.11464,51.57793],[-0.11554,51.57764]]],[[[-0.12631,51.57419],[-0.12563,51.57412],[-0.12078,51.57508],[-0.12139,51.57508],[-0.12498,51.57461],[-0.12631,51.57419]]],[[[-0.12531,51.57409],[-0.12326,51.5739],[-0.1239,51.574],[-0.12531,51.57409]]],[[[-0.11902,51.59555],[-0.11997,51.59675],[-0.12909,51.60387],[-0.12656,51.60221],[-0.12484,51.60115],[-0.12265,51.59941],[-0.12076,51.59795],[-0.12004,51.59692],[-0.11986,51.59672],[-0.11902,51.59555]]]]}},{"type":"Feature","properties":{"source_code":"Y01655","codes":["Y01655"],"label":"THE VALE PRACTICE"},"geometry":{"type":"Polygon","coordinates":[[[-0.1046,51.5898],[-0.1049,51.58979],[-0.1046,51.5898],[-0.1041,51.58926],[-0.1046,51.5898],[-0.10291,51.58987],[-0.10195,51.58731],[-0.10171,51.58736],[-0.09871,51.57515],[-0.10506,51.57392],[-0.10789,51.56715],[-0.11304,51.56992],[-0.11587,51.57296],[-0.11862,51.57227],[-0.11853,51.57355],[-0.12051,51.57414],[-0.12737,51.57467],[-0.13784,51.57093],[-0.14739,51.57803],[-0.1478,51.57819],[-0.14651,51.58406],[-0.14694,51.58795],[-0.1448,51.58934],[-0.14231,51.59142],[-0.13982,51.59056],[-0.13802,51.59051],[-0.13716,51.59051],[-0.13501,51.592],[-0.13287,51.59179],[-0.13372,51.58886],[-0.13269,51.58891],[-0.13046,51.5895],[-0.12804,51.5897],[-0.12751,51.59007],[-0.12806,51.59083],[-0.12544,51.59149],[-0.12531,51.59158],[-0.12513,51.59157],[-0.12488,51.59163],[-0.12495,51.59155],[-0.11742,51.59099],[-0.10806,51.59355],[-0.1046,51.5898]],[[-0.10532,51.58977],[-0.10654,51.58972],[-0.10635,51.58973],[-0.10576,51.58975],[-0.10532,51.58977]],[[-0.10666,51.58972],[-0.10687,51.58971],[-0.10686,51.58971],[-0.10678,51.58971],[-0.10666,51.58972]],[[-0.10759,51.58968],[-0.10843,51.58965],[-0.10807,51.58966],[-0.10759,51.58968]],[[-0.11154,51.58952],[-0.11918,51.58921],[-0.11612,51.58933],[-0.11154,51.58952]],[[-0.12772,51.58869],[-0.12846,51.58792],[-0.12799,51.58837],[-0.12772,51.58869]],[[-0.10435,51.58683],[-0.10592,51.58651],[-0.10309,51.58708],[-0.1033,51.58704],[-0.10435,51.58683]],[[-0.11065,51.58555],[-0.11145,51.58539],[-0.10853,51.58598],[-0.11065,51.58555]],[[-0.13565,51.58048],[-0.13565,51.58048],[-0.13534,51.58054],[-0.13565,51.58048]]]}},{"type":"Feature","properties":{"source_code":"F85061","codes":["F85061"],"label":"CHRISTCHURCH HALL SURGERY"},"geometry":{"type":"MultiPolygon","coordinates":[[[[-0.11381,51.58852],[-0.11325,51.58787],[-0.11343,51.58806],[-0.11381,51.58852]]],[[[-0.11381,51.58852],[-0.11439,51.58918],[-0.11338,51.58795],[-0.11339,51.58793],[-0.11252,51.58688],[-0.11265,51.58584],[-0.11398,51.58542],[-0.11535,51.58668],[-0.11647,51.58766],[-0.11715,51.58825],[-0.1081,51.58011],[-0.10592,51.57766],[-0.10536,51.57528],[-0.10527,51.57531],[-0.10613,51.56912],[-0.10673,51.56728],[-0.11716,51.56229],[-0.1239,51.56939],[-0.11702,51.57158],[-0.12394,51.56939],[-0.13248,51.56949],[-0.13381,51.5727],[-0.13832,51.57075],[-0.14141,51.574],[-0.14326,51.5762],[-0.14325,51.57611],[-0.14415,51.57646],[-0.14565,51.5776],[-0.14565,51.57766],[-0.14741,51.57798],[-0.14677,51.58046],[-0.14591,51.58238],[-0.14569,51.58187],[-0.1457,51.58201],[-0.14673,51.58398],[-0.14703,51.58635],[-0.1469,51.58811],[-0.1432,51.59041],[-0.14317,51.59136],[-0.1336,51.58811],[-0.12703,51.59088],[-0.12413,51.59152],[-0.12119,51.59184],[-0.12119,51.59184],[-0.12117,51.59184],[-0.12115,51.59184],[-0.12115,51.59184],[-0.12101,51.59183],[-0.12106,51.59187],[-0.12101,51.59183],[-0.11875,51.59166],[-0.11835,51.59163],[-0.11643,51.59155],[-0.11701,51.59153],[-0.11628,51.59147],[-0.1163,51.5915],[-0.11628,51.59147],[-0.11626,51.59147],[-0.1155,51.59054],[-0.11381,51.58852]]]]}},{"type":"Feature","properties":{"source_code":"D81085","codes":["D81085"],"label":"PAPWORTH SURGERY"},"geometry":{"type":"Polygon","coordinates":[[[-0.21526,52.18488],[-0.22144,52.18498],[-0.21835,52.19056],[-0.21389,52.19519],[-0.20823,52.2014],[-0.19226,52.20214],[-0.18883,52.22654],[-0.19449,52.22486],[-0.19913,52.22486],[-0.19552,52.24304],[-0.20642,52.24331],[-0.20634,52.24651],[-0.20428,52.24892],[-0.19398,52.2488],[-0.19604,52.25625],[-0.1823,52.25739],[-0.1799,52.26133],[-0.172,52.26558],[-0.16479,52.2669],[-0.13939,52.27604],[-0.14969,52.28874],[-0.14488,52.29],[-0.10025,52.29126],[-0.09201,52.29084],[-0.08051,52.29966],[-0.07639,52.29814],[-0.0721,52.29559],[-0.06643,52.29368],[-0.05845,52.29205],[-0.05047,52.28874],[-0.00326,52.26858],[0.003,52.26627],[0.00807,52.26343],[0.00721,52.25555],[-0.01476,52.24399],[-0.04326,52.22054],[-0.05948,52.22401],[-0.0757,52.2258],[-0.08944,52.22959],[-0.10506,52.22948],[-0.10677,52.22717],[-0.10583,52.22443],[-0.10111,52.22065],[-0.10059,52.21644],[-0.15106,52.2135],[-0.15793,52.20834],[-0.15982,52.20556],[-0.16273,52.20277],[-0.1672,52.1974],[-0.17055,52.19535],[-0.1708,52.19204],[-0.18479,52.18972],[-0.19587,52.18751],[-0.20711,52.18693],[-0.21526,52.18488]]]}},{"type":"Feature","properties":{"source_code":"E82121","codes":["E82121"],"label":"WATTON PLACE CLINIC"},"geometry":{"type":"Polygon","coordinates":[[[-0.14222,51.9177],[-0.13656,51.92209],[-0.13362,51.92402],[-0.13151,51.92548],[-0.12967,51.92671],[-0.12788,51.92738],[-0.1264,51.92743],[-0.12484,51.92748],[-0.12329,51.92724],[-0.12222,51.92698],[-0.12135,51.92647],[-0.12065,51.92607],[-0.12004,51.92576],[-0.11979,51.92555],[-0.11894,51.92521],[-0.11859,51.92502],[-0.11813,51.9248],[-0.1178,51.92462],[-0.11764,51.92454],[-0.11594,51.92377],[-0.11119,51.92164],[-0.0984,51.91437],[-0.08572,51.90606],[-0.06819,51.89755],[-0.06232,51.89543],[-0.05912,51.89395],[-0.05627,51.89229],[-0.05319,51.88908],[-0.05019,51.88599],[-0.04922,51.88418],[-0.04817,51.88274],[-0.04727,51.88045],[-0.04608,51.87643],[-0.04621,51.87357],[-0.04643,51.86462],[-0.04759,51.85476],[-0.05294,51.8449],[-0.06094,51.83164],[-0.07339,51.82018],[-0.08828,51.81228],[-0.09555,51.80994],[-0.10145,51.80888],[-0.11184,51.80932],[-0.13433,51.81305],[-0.15664,51.82257],[-0.1628,51.82577],[-0.16861,51.83013],[-0.17615,51.839],[-0.18304,51.84871],[-0.18497,51.85513],[-0.18715,51.86581],[-0.19005,51.87412],[-0.19009,51.87553],[-0.18925,51.87606],[-0.18841,51.87626],[-0.18539,51.8757],[-0.17449,51.87323],[-0.16677,51.87203],[-0.16007,51.87273],[-0.15919,51.87441],[-0.16115,51.88007],[-0.15816,51.88766],[-0.15639,51.88987],[-0.15581,51.89304],[-0.1551,51.89874],[-0.14793,51.90817],[-0.14222,51.9177]]]}},{"type":"Feature","properties":{"source_code":"F85640","codes":["F85640"],"label":"CHESHIRE ROAD SURGERY"},"geometry":{"type":"MultiPolygon","coordinates":[[[[-0.0914,51.59807],[-0.08897,51.60125],[-0.08909,51.60011],[-0.09012,51.59925],[-0.09012,51.59872],[-0.0914,51.59807]]],[[[-0.08884,51.60244],[-0.08995,51.60107],[-0.08882,51.60265],[-0.08884,51.60244]]],[[[-0.08869,51.60282],[-0.08882,51.60265],[-0.08881,51.60273],[-0.08868,51.60287],[-0.08869,51.60282]]],[[[-0.08881,51.60273],[-0.08926,51.60224],[-0.08875,51.6033],[-0.08881,51.60273]]],[[[-0.08823,51.60399],[-0.08849,51.60188],[-0.08897,51.60125],[-0.08884,51.60244],[-0.08875,51.60256],[-0.08869,51.60282],[-0.08858,51.60299],[-0.08868,51.60287],[-0.08844,51.60404],[-0.08823,51.60399]]],[[[-0.08823,51.60399],[-0.08822,51.60409],[-0.08806,51.60395],[-0.08823,51.60399]]],[[[-0.0884,51.60426],[-0.08844,51.60404],[-0.08904,51.60418],[-0.08875,51.60459],[-0.0884,51.60426]]],[[[-0.08849,51.60188],[-0.08591,51.60525],[-0.08892,51.5984],[-0.08849,51.60188]]],[[[-0.08822,51.60409],[-0.0884,51.60426],[-0.08789,51.60672],[-0.08822,51.60409]]],[[[-0.08904,51.60418],[-0.09475,51.59638],[-0.0914,51.59807],[-0.09154,51.59789],[-0.09579,51.5951],[-0.09793,51.59381],[-0.09926,51.59262],[-0.10231,51.59097],[-0.10416,51.58997],[-0.10625,51.58992],[-0.10952,51.58907],[-0.11291,51.58814],[-0.11673,51.59264],[-0.12136,51.59755],[-0.12531,51.60107],[-0.1251,51.60149],[-0.12605,51.60195],[-0.12548,51.60226],[-0.12548,51.60352],[-0.12492,51.60377],[-0.12536,51.60232],[-0.12274,51.60373],[-0.12304,51.60459],[-0.12492,51.60377],[-0.12324,51.60928],[-0.12274,51.60926],[-0.12278,51.60912],[-0.12315,51.60656],[-0.12314,51.60654],[-0.12137,51.60789],[-0.12198,51.60923],[-0.12274,51.60926],[-0.12242,51.61022],[-0.12257,51.61055],[-0.1222,51.61093],[-0.12154,51.61295],[-0.11156,51.61068],[-0.1097,51.61205],[-0.11119,51.61059],[-0.10214,51.60853],[-0.10899,51.60877],[-0.10797,51.60853],[-0.10437,51.60832],[-0.10094,51.60821],[-0.10042,51.60917],[-0.09819,51.60704],[-0.09647,51.60608],[-0.09252,51.60618],[-0.09115,51.60469],[-0.08904,51.60418]]],[[[-0.12171,51.60576],[-0.12269,51.60598],[-0.12235,51.60554],[-0.12171,51.60576]]]]}},{"type":"Feature","properties":{"source_code":"F85072","codes":["F85072"],"label":"GROVELANDS MEDICAL CENTRE"},"geometry":{"type":"Polygon","coordinates":[[[-0.17853,51.67298],[-0.08892,51.65318],[-0.06042,51.59797],[-0.11261,51.59584],[-0.17853,51.67298]]]}},{"type":"Feature","properties":{"source_code":"E82081","codes":["E82081"],"label":"CUFFLEY AND GOFFS OAK MEDICAL PRACTICE"},"geometry":{"type":"Polygon","coordinates":[[[-0.0927,51.68788],[-0.12209,51.6931],[-0.13362,51.69193],[-0.14497,51.6915],[-0.15312,51.69384],[-0.14863,51.70059],[-0.15786,51.70745],[-0.15059,51.71881],[-0.12615,51.72539],[-0.13862,51.73697],[-0.13857,51.73715],[-0.13592,51.73854],[-0.13276,51.73919],[-0.12265,51.73931],[-0.11917,51.7388],[-0.11903,51.74005],[-0.11926,51.73979],[-0.12124,51.74284],[-0.11802,51.74457],[-0.1213,51.74292],[-0.12124,51.74284],[-0.12367,51.74153],[-0.12726,51.74858],[-0.12912,51.75493],[-0.12632,51.75619],[-0.12506,51.75512],[-0.12048,51.75318],[-0.11142,51.75219],[-0.11162,51.74717],[-0.10728,51.74752],[-0.10534,51.74707],[-0.10111,51.74499],[-0.08574,51.74244],[-0.07802,51.74117],[-0.07047,51.74138],[-0.06656,51.72107],[-0.06248,51.70687],[-0.0927,51.68788]]]}},{"type":"Feature","properties":{"source_code":"F85008","codes":["F85008"],"label":"STAUNTON GROUP PRACTICE"},"geometry":{"type":"MultiPolygon","coordinates":[[[[-0.1131,51.58804],[-0.12152,51.59791],[-0.12239,51.59787],[-0.12512,51.59802],[-0.12699,51.59826],[-0.12782,51.59823],[-0.1319,51.59893],[-0.13332,51.59905],[-0.13482,51.59904],[-0.13632,51.59916],[-0.13718,51.59888],[-0.14256,51.59732],[-0.14368,51.59632],[-0.14394,51.59671],[-0.14392,51.59728],[-0.14432,51.59803],[-0.14385,51.59851],[-0.14381,51.59881],[-0.14402,51.59931],[-0.14454,51.60005],[-0.1445,51.60064],[-0.1442,51.6011],[-0.14308,51.60244],[-0.14276,51.60344],[-0.1425,51.60522],[-0.14312,51.60652],[-0.14314,51.6071],[-0.14349,51.60841],[-0.14368,51.6089],[-0.13568,51.61116],[-0.13269,51.61303],[-0.13036,51.61414],[-0.1277,51.61499],[-0.12516,51.61626],[-0.12302,51.61807],[-0.11742,51.62009],[-0.11677,51.62098],[-0.11802,51.62133],[-0.11939,51.62152],[-0.11943,51.62185],[-0.11812,51.62328],[-0.11332,51.62436],[-0.11323,51.62457],[-0.11295,51.6245],[-0.11162,51.62323],[-0.11025,51.62213],[-0.10624,51.62074],[-0.1066,51.62016],[-0.10351,51.61898],[-0.10233,51.61816],[-0.10004,51.61708],[-0.09759,51.6166],[-0.09795,51.61605],[-0.09757,51.61576],[-0.09534,51.61612],[-0.08772,51.61636],[-0.08673,51.61583],[-0.08682,51.6133],[-0.08622,51.61146],[-0.08562,51.60992],[-0.0857,51.60609],[-0.08602,51.60498],[-0.08701,51.60396],[-0.08697,51.60292],[-0.08868,51.60271],[-0.09105,51.60177],[-0.09186,51.60031],[-0.09192,51.59802],[-0.09302,51.59815],[-0.09368,51.59741],[-0.09351,51.59662],[-0.09235,51.59539],[-0.09257,51.5946],[-0.0934,51.59412],[-0.09443,51.5938],[-0.0983,51.59164],[-0.09916,51.591],[-0.10055,51.59108],[-0.10119,51.59087],[-0.10325,51.5905],[-0.1045,51.58999],[-0.10619,51.58963],[-0.10804,51.58939],[-0.10961,51.58899],[-0.11132,51.5887],[-0.1131,51.58804]]],[[[-0.11323,51.62457],[-0.11441,51.62476],[-0.11453,51.62486],[-0.11383,51.62472],[-0.11323,51.62457]]],[[[-0.11453,51.62486],[-0.11471,51.6249],[-0.1151,51.62555],[-0.11484,51.62514],[-0.11453,51.62486]]],[[[-0.1151,51.62555],[-0.11524,51.62577],[-0.11521,51.62574],[-0.1151,51.62555]]],[[[-0.11524,51.62577],[-0.11609,51.62682],[-0.11609,51.62694],[-0.11531,51.62589],[-0.11524,51.62577]]],[[[-0.11609,51.62694],[-0.11613,51.627],[-0.11615,51.62763],[-0.11606,51.62754],[-0.11609,51.62694]]],[[[-0.11615,51.62763],[-0.11679,51.62827],[-0.11615,51.62773],[-0.11615,51.62763]]]]}},{"type":"Feature","properties":{"source_code":"F85642","codes":["F85642"],"label":"THE NORTH LONDON HEALTH CENTRE"},"geometry":{"type":"Polygon","coordinates":[[[-0.13394,51.61129],[-0.13373,51.6112],[-0.13317,51.6112],[-0.13394,51.61129],[-0.13454,51.61157],[-0.13398,51.61162],[-0.13767,51.61258],[-0.13849,51.61295],[-0.14111,51.61402],[-0.14252,51.61543],[-0.14634,51.61903],[-0.14866,51.62441],[-0.15029,51.62761],[-0.15226,51.63059],[-0.15424,51.63235],[-0.1581,51.63475],[-0.15871,51.63683],[-0.15815,51.63775],[-0.15742,51.63923],[-0.15791,51.63946],[-0.15677,51.64009],[-0.15728,51.63905],[-0.15595,51.63916],[-0.15432,51.64071],[-0.14857,51.64172],[-0.14557,51.64327],[-0.14179,51.64578],[-0.13665,51.64711],[-0.13398,51.64806],[-0.12454,51.64822],[-0.11681,51.64748],[-0.11167,51.64673],[-0.10849,51.64567],[-0.10686,51.64444],[-0.10471,51.64322],[-0.09759,51.64263],[-0.08952,51.64066],[-0.0866,51.63816],[-0.08463,51.63693],[-0.08368,51.63507],[-0.08334,51.63389],[-0.08223,51.63198],[-0.08034,51.62894],[-0.07836,51.62601],[-0.0784,51.62305],[-0.08042,51.62138],[-0.08583,51.61828],[-0.09269,51.61287],[-0.09433,51.6117],[-0.1015,51.60826],[-0.10965,51.60706],[-0.11422,51.60693],[-0.11656,51.60696],[-0.12166,51.60768],[-0.12502,51.60909],[-0.12881,51.60967],[-0.13038,51.60989],[-0.13356,51.61109],[-0.13356,51.61104],[-0.13415,51.61061],[-0.13398,51.6112],[-0.13398,51.6113],[-0.13394,51.61129]]]}},{"type":"Feature","properties":{"source_code":"F85034","codes":["F85034"],"label":"ARCADIAN GARDENS SURGERY"},"geometry":{"type":"Polygon","coordinates":[[[-0.11587,51.60813],[-0.09617,51.60818],[-0.09531,51.59808],[-0.11699,51.59833],[-0.11587,51.60813]]]}},{"type":"Feature","properties":{"source_code":"F85035","codes":["F85035"],"label":"HIGHLANDS PRACTICE"},"geometry":{"type":"MultiPolygon","coordinates":[[[[-0.13338,51.64945],[-0.13098,51.65509],[-0.1062,51.65952],[-0.10729,51.64726],[-0.10077,51.64753],[-0.09562,51.64402],[-0.09381,51.64652],[-0.09184,51.64625],[-0.09381,51.64205],[-0.09493,51.63917],[-0.09081,51.63661],[-0.09253,51.63555],[-0.09398,51.63459],[-0.09398,51.63379],[-0.09527,51.63198],[-0.09725,51.62985],[-0.09888,51.62644],[-0.10325,51.62771],[-0.10523,51.62468],[-0.10617,51.62532],[-0.11312,51.62718],[-0.11424,51.62457],[-0.11888,51.62335],[-0.12136,51.62132],[-0.12274,51.621],[-0.12394,51.61876],[-0.126,51.61802],[-0.13098,51.61962],[-0.13458,51.62089],[-0.13527,51.62217],[-0.13407,51.62398],[-0.13046,51.62473],[-0.12445,51.62462],[-0.12497,51.6259],[-0.12634,51.6275],[-0.12754,51.62835],[-0.13063,51.62835],[-0.13115,51.62953],[-0.12789,51.63102],[-0.12789,51.63219],[-0.13166,51.63368],[-0.13561,51.63539],[-0.14008,51.63794],[-0.1442,51.64135],[-0.14643,51.64487],[-0.14746,51.64732],[-0.14969,51.65232],[-0.13338,51.64945]]],[[[-0.10618,51.65952],[-0.10592,51.65957],[-0.10351,51.65941],[-0.09991,51.65941],[-0.0975,51.65403],[-0.09819,51.65094],[-0.1066,51.6544],[-0.10618,51.65952]]],[[[-0.10618,51.65952],[-0.1062,51.65952],[-0.106,51.66175],[-0.10618,51.65952]]]]}},{"type":"Feature","properties":{"source_code":"F85064","codes":["F85064"],"label":"HIGH ROAD SURGERY (STUART CRESCENT HC)"},"geometry":{"type":"MultiPolygon","coordinates":[[[[-0.12869,51.615],[-0.13132,51.61377],[-0.12892,51.61506],[-0.12869,51.615]]],[[[-0.12868,51.61499],[-0.12869,51.615],[-0.12849,51.61509],[-0.12868,51.61499]]],[[[-0.12892,51.61506],[-0.1296,51.61525],[-0.12857,51.61525],[-0.12892,51.61506]]],[[[-0.12463,51.61386],[-0.1169,51.61301],[-0.10815,51.61343],[-0.09562,51.61551],[-0.08686,51.61716],[-0.08695,51.60283],[-0.09227,51.59797],[-0.09836,51.59302],[-0.10308,51.5904],[-0.11312,51.588],[-0.12042,51.59787],[-0.13759,51.61087],[-0.13398,51.61253],[-0.13132,51.61377],[-0.1363,51.61109],[-0.12868,51.61499],[-0.12463,51.61386]]]]}},{"type":"Feature","properties":{"source_code":"F85065","codes":["F85065"],"label":"STUART CRESCENT MEDICAL PRACTICE"},"geometry":{"type":"Polygon","coordinates":[[[-0.11806,51.60829],[-0.10589,51.60804],[-0.1035,51.60804],[-0.10376,51.60342],[-0.09145,51.60666],[-0.08627,51.60546],[-0.08746,51.603],[-0.09075,51.6023],[-0.09199,51.60064],[-0.09202,51.598],[-0.09342,51.59815],[-0.09405,51.59713],[-0.09514,51.59541],[-0.09872,51.59388],[-0.10102,51.59295],[-0.10881,51.59167],[-0.11114,51.59145],[-0.11299,51.59374],[-0.1145,51.59616],[-0.11829,51.59681],[-0.12131,51.59936],[-0.12274,51.60313],[-0.1216,51.60504],[-0.11806,51.60829]]]}},{"type":"Feature","properties":{"source_code":"F85625","codes":["F85625"],"label":"BINCOTE SURGERY"},"geometry":{"type":"MultiPolygon","coordinates":[[[[-0.2497,51.64795],[-0.26084,51.62001],[-0.25063,51.64955],[-0.2497,51.64795]]],[[[-0.02757,51.70283],[-0.02753,51.70784],[-0.02712,51.70874],[-0.0244,51.71331],[-0.02369,51.70597],[-0.02757,51.70283]]],[[[-0.0244,51.71331],[-0.02491,51.71856],[-0.02269,51.74124],[-0.02008,51.74776],[-0.02174,51.75099],[-0.02163,51.75211],[-0.02414,51.76583],[-0.02154,51.768],[-0.02497,51.80548],[0.00137,51.75658],[-0.0244,51.71331]]],[[[-0.03708,51.63805],[-0.03948,51.63251],[-0.03897,51.63017],[-0.04257,51.6274],[-0.043,51.62292],[-0.04961,51.61119],[-0.06832,51.59883],[-0.172,51.60864],[-0.23329,51.61972],[-0.2497,51.64795],[-0.22161,51.71826],[-0.23526,51.73774],[-0.24226,51.75247],[-0.23649,51.76026],[-0.23346,51.76933],[-0.02558,51.81212],[-0.02497,51.80548],[-0.02678,51.80883],[-0.02698,51.78133],[-0.02712,51.78207],[-0.02745,51.76306],[-0.0278,51.76277],[-0.02953,51.76614],[-0.0291,51.76169],[-0.02914,51.76165],[-0.02781,51.74255],[-0.02772,51.74753],[-0.02727,51.74287],[-0.02753,51.70784],[-0.02953,51.70342],[-0.04561,51.68821],[-0.04601,51.68788],[-0.06626,51.68214],[-0.05905,51.68341],[-0.0491,51.6849],[-0.04561,51.68821],[-0.02757,51.70283],[-0.02781,51.66957],[-0.03708,51.63805]]],[[[-0.02605,51.7303],[-0.02491,51.71856],[-0.02506,51.71703],[-0.02712,51.71852],[-0.02605,51.7303]]],[[[-0.02605,51.7303],[-0.02727,51.74287],[-0.02713,51.76148],[-0.02174,51.75099],[-0.02269,51.74124],[-0.02575,51.73362],[-0.02605,51.7303]]],[[[-0.02747,51.76213],[-0.02772,51.74753],[-0.0291,51.76169],[-0.0278,51.76277],[-0.02747,51.76213]]],[[[-0.02713,51.76148],[-0.02747,51.76213],[-0.02745,51.76306],[-0.02712,51.76334],[-0.02713,51.76148]]],[[[-0.02712,51.76334],[-0.02698,51.78133],[-0.02414,51.76583],[-0.02712,51.76334]]]]}},{"type":"Feature","properties":{"source_code":"F85701","codes":["F85701"],"label":"GILLAN HOUSE SURGERY"},"geometry":{"type":"Polygon","coordinates":[[[-0.14299,51.63216],[-0.14261,51.63158],[-0.14729,51.6368],[-0.14175,51.63914],[-0.14638,51.64529],[-0.14132,51.64535],[-0.13257,51.64764],[-0.1254,51.65147],[-0.11398,51.6536],[-0.11059,51.65453],[-0.10798,51.65208],[-0.10935,51.64825],[-0.10961,51.64415],[-0.10772,51.64308],[-0.10544,51.64402],[-0.10643,51.64548],[-0.10068,51.64705],[-0.09875,51.645],[-0.09566,51.6458],[-0.09047,51.65358],[-0.08811,51.65347],[-0.08682,51.65232],[-0.08055,51.65211],[-0.07699,51.65251],[-0.07201,51.652],[-0.06,51.64939],[-0.06085,51.64186],[-0.06961,51.63432],[-0.07806,51.63001],[-0.07823,51.62971],[-0.07257,51.62763],[-0.07038,51.6271],[-0.07077,51.62486],[-0.07096,51.62185],[-0.07167,51.61474],[-0.07111,51.61962],[-0.07096,51.62185],[-0.07068,51.62473],[-0.07021,51.62724],[-0.07025,51.62732],[-0.07012,51.62724],[-0.0695,51.62704],[-0.06971,51.62662],[-0.07163,51.61469],[-0.07111,51.61197],[-0.07922,51.6117],[-0.08281,51.61266],[-0.08455,51.61314],[-0.08647,51.61293],[-0.09734,51.60887],[-0.10316,51.60885],[-0.1056,51.60852],[-0.11017,51.60879],[-0.10958,51.6115],[-0.11487,51.61181],[-0.1198,51.61246],[-0.12506,51.61365],[-0.12972,51.61564],[-0.13936,51.61618],[-0.14127,51.61714],[-0.13589,51.62138],[-0.14299,51.63216]]]}},{"type":"Feature","properties":{"source_code":"F85060","codes":["F85060"],"label":"HAVERGAL SURGERY"},"geometry":{"type":"Polygon","coordinates":[[[-0.12815,51.604],[-0.12385,51.60672],[-0.12119,51.61226],[-0.11765,51.61199],[-0.11446,51.61199],[-0.10943,51.61189],[-0.1073,51.61201],[-0.10569,51.61246],[-0.1028,51.61357],[-0.09669,51.61557],[-0.08695,51.61588],[-0.08686,51.60304],[-0.0866,51.61599],[-0.07703,51.61373],[-0.06686,51.61477],[-0.06569,51.61333],[-0.06555,51.61189],[-0.06662,51.61066],[-0.06689,51.61],[-0.06793,51.60954],[-0.06884,51.60485],[-0.06856,51.59945],[-0.0691,51.59659],[-0.07085,51.59406],[-0.07091,51.59142],[-0.07148,51.58879],[-0.07313,51.58331],[-0.08085,51.57983],[-0.08506,51.57662],[-0.08673,51.57501],[-0.08909,51.57362],[-0.09622,51.57126],[-0.10489,51.56523],[-0.10883,51.56835],[-0.11364,51.57073],[-0.11879,51.57232],[-0.12154,51.57603],[-0.12304,51.57929],[-0.12609,51.58212],[-0.1299,51.58442],[-0.1319,51.58557],[-0.13321,51.58704],[-0.11699,51.59328],[-0.12076,51.59907],[-0.12815,51.604]]]}},{"type":"Feature","properties":{"source_code":"F85669","codes":["F85669"],"label":"WEST GREEN SURGERY"},"geometry":{"type":"Polygon","coordinates":[[[-0.09235,51.5784],[-0.09495,51.5779],[-0.09889,51.577],[-0.10206,51.57616],[-0.10472,51.57549],[-0.11497,51.59336],[-0.11287,51.59413],[-0.11209,51.59495],[-0.11396,51.59562],[-0.11406,51.59628],[-0.11035,51.597],[-0.10834,51.59714],[-0.10003,51.59947],[-0.0969,51.59843],[-0.09578,51.59813],[-0.09525,51.59798],[-0.09467,51.59796],[-0.09235,51.59787],[-0.08726,51.59768],[-0.08536,51.5977],[-0.08347,51.59767],[-0.08149,51.5978],[-0.08051,51.59785],[-0.07959,51.59803],[-0.07739,51.59818],[-0.07635,51.59825],[-0.07523,51.59832],[-0.0725,51.59609],[-0.06978,51.59391],[-0.07011,51.59149],[-0.07066,51.58891],[-0.07257,51.5832],[-0.07351,51.58259],[-0.0757,51.58176],[-0.07777,51.58077],[-0.07843,51.58048],[-0.07935,51.58012],[-0.08018,51.5798],[-0.08065,51.57962],[-0.08089,51.57964],[-0.08191,51.58004],[-0.08303,51.58039],[-0.08492,51.58098],[-0.08637,51.58104],[-0.09081,51.58132],[-0.09362,51.58108],[-0.09235,51.5784]]]}},{"type":"Feature","properties":{"source_code":"F85697","codes":["F85697"],"label":"THE OLD SURGERY"},"geometry":{"type":"Polygon","coordinates":[[[-0.10471,51.56608],[-0.10832,51.58614],[-0.10386,51.58934],[-0.08652,51.58016],[-0.10471,51.56608]]]}},{"type":"Feature","properties":{"source_code":"Y03135","codes":["Y03135"],"label":"BRIDGE HOUSE MEDICAL PRACTICE"},"geometry":{"type":"Polygon","coordinates":[[[-0.09883,51.57547],[-0.10149,51.57514],[-0.10277,51.57459],[-0.10396,51.57426],[-0.10447,51.57414],[-0.10467,51.57388],[-0.10466,51.57324],[-0.10448,51.57235],[-0.10592,51.57243],[-0.10609,51.57266],[-0.10626,51.57291],[-0.10671,51.57348],[-0.10692,51.5738],[-0.10729,51.57424],[-0.10806,51.5755],[-0.11019,51.57792],[-0.109,51.5785],[-0.10834,51.57863],[-0.10733,51.57822],[-0.10678,51.57766],[-0.10471,51.57583],[-0.10422,51.57638],[-0.10426,51.57722],[-0.1043,51.57785],[-0.10446,51.57859],[-0.10501,51.57931],[-0.10538,51.58003],[-0.10601,51.58115],[-0.10617,51.58141],[-0.10632,51.58186],[-0.10632,51.58216],[-0.1062,51.58246],[-0.106,51.58283],[-0.106,51.5831],[-0.10617,51.58331],[-0.1101,51.58895],[-0.10887,51.58922],[-0.10769,51.58948],[-0.10642,51.58965],[-0.10531,51.58984],[-0.10421,51.5901],[-0.10346,51.59049],[-0.10248,51.58929],[-0.10215,51.58878],[-0.10185,51.58882],[-0.10125,51.58846],[-0.09893,51.58763],[-0.09658,51.58684],[-0.09566,51.5866],[-0.09464,51.58624],[-0.09358,51.58607],[-0.09155,51.58612],[-0.08937,51.58634],[-0.08927,51.58578],[-0.08929,51.58534],[-0.08937,51.58515],[-0.08948,51.58497],[-0.08963,51.5847],[-0.08978,51.58457],[-0.08992,51.58447],[-0.09001,51.58435],[-0.09006,51.5842],[-0.09026,51.5839],[-0.09077,51.58368],[-0.09109,51.58358],[-0.0912,51.5833],[-0.09141,51.5827],[-0.0916,51.58204],[-0.09157,51.58161],[-0.09034,51.58162],[-0.08897,51.58145],[-0.08803,51.58136],[-0.08708,51.58125],[-0.08615,51.58107],[-0.08627,51.5808],[-0.08657,51.58016],[-0.08697,51.5791],[-0.08718,51.57831],[-0.08791,51.5777],[-0.08853,51.5773],[-0.0885,51.57699],[-0.08883,51.57622],[-0.08889,51.57474],[-0.08847,51.57476],[-0.08807,51.57477],[-0.08602,51.57484],[-0.08607,51.5748],[-0.0876,51.57473],[-0.08915,51.57465],[-0.08981,51.57461],[-0.09051,51.5745],[-0.09195,51.57432],[-0.09374,51.57425],[-0.09602,51.57407],[-0.09622,51.57413],[-0.09639,51.5744],[-0.09687,51.57495],[-0.09717,51.57488],[-0.09827,51.57468],[-0.09847,51.57508],[-0.09853,51.57548],[-0.09883,51.57547]]]}},{"type":"Feature","properties":{"source_code":"F85020","codes":["F85020"],"label":"THE WOODBERRY PRACTICE"},"geometry":{"type":"Polygon","coordinates":[[[-0.10094,51.64695],[-0.09682,51.64415],[-0.09725,51.64227],[-0.09547,51.64172],[-0.09368,51.64639],[-0.09202,51.64561],[-0.09349,51.6439],[-0.09394,51.64176],[-0.08924,51.63785],[-0.08582,51.63992],[-0.08274,51.63835],[-0.08136,51.63596],[-0.08248,51.63466],[-0.08038,51.63332],[-0.08027,51.63169],[-0.07828,51.63102],[-0.08231,51.62409],[-0.08433,51.62073],[-0.0872,51.61727],[-0.10772,51.62564],[-0.1284,51.6324],[-0.11656,51.63704],[-0.11111,51.63838],[-0.11207,51.64172],[-0.11197,51.64257],[-0.11565,51.64245],[-0.1164,51.64304],[-0.11613,51.64362],[-0.11199,51.64362],[-0.11095,51.64272],[-0.10983,51.64456],[-0.10772,51.64298],[-0.10555,51.64384],[-0.1069,51.64533],[-0.10094,51.64695]]]}},{"type":"Feature","properties":{"source_code":"F85033","codes":["F85033"],"label":"WINCHMORE HILL PRACTICE"},"geometry":{"type":"Polygon","coordinates":[[[-0.1272,51.63304],[-0.12604,51.63341],[-0.12514,51.63447],[-0.12475,51.63635],[-0.12407,51.63826],[-0.11778,51.64351],[-0.11702,51.64373],[-0.11499,51.64373],[-0.11313,51.64352],[-0.10949,51.64406],[-0.10945,51.64542],[-0.10899,51.64683],[-0.10908,51.6486],[-0.1087,51.65064],[-0.10791,51.6522],[-0.10618,51.65322],[-0.10609,51.65318],[-0.09599,51.64914],[-0.09176,51.64667],[-0.089,51.64445],[-0.08504,51.64302],[-0.08164,51.64511],[-0.07933,51.64715],[-0.07411,51.6473],[-0.06945,51.64183],[-0.06765,51.63961],[-0.06606,51.63782],[-0.07168,51.63321],[-0.07398,51.63203],[-0.07646,51.63113],[-0.07861,51.62989],[-0.08057,51.63073],[-0.08457,51.63098],[-0.08572,51.62944],[-0.08698,51.62915],[-0.08852,51.62898],[-0.08901,51.6287],[-0.08886,51.62767],[-0.08873,51.62518],[-0.09039,51.62208],[-0.09128,51.61988],[-0.09435,51.62085],[-0.10278,51.62343],[-0.10461,51.62418],[-0.10669,51.62569],[-0.10844,51.62601],[-0.11207,51.62702],[-0.11694,51.62866],[-0.12136,51.63028],[-0.12368,51.63163],[-0.12694,51.63234],[-0.1272,51.63304]]]}},{"type":"Feature","properties":{"source_code":"F85031","codes":["F85031"],"label":"WESTBURY MEDICAL CENTRE"},"geometry":{"type":"Polygon","coordinates":[[[-0.10291,51.58992],[-0.1036,51.59046],[-0.10403,51.59094],[-0.10514,51.59222],[-0.1066,51.5928],[-0.10789,51.59392],[-0.10892,51.5952],[-0.10952,51.59717],[-0.11115,51.59877],[-0.11252,51.59947],[-0.11596,51.60064],[-0.11819,51.60139],[-0.12059,51.60272],[-0.12162,51.60458],[-0.12239,51.60586],[-0.12239,51.60682],[-0.12325,51.60725],[-0.12351,51.60778],[-0.123,51.60885],[-0.12248,51.61024],[-0.12205,51.61125],[-0.12094,51.61221],[-0.1187,51.61194],[-0.11673,51.61199],[-0.11381,51.61194],[-0.11012,51.61178],[-0.1084,51.61173],[-0.10592,51.61194],[-0.10171,51.61183],[-0.09793,51.61199],[-0.0945,51.61215],[-0.09175,51.61215],[-0.08652,51.61333],[-0.0842,51.61311],[-0.08145,51.61253],[-0.08008,51.61215],[-0.07793,51.61231],[-0.07648,51.61269],[-0.07622,51.6121],[-0.07587,51.6105],[-0.07553,51.60917],[-0.07459,51.60837],[-0.0721,51.60789],[-0.07115,51.60725],[-0.07133,51.6057],[-0.07278,51.60517],[-0.07356,51.60405],[-0.07442,51.6032],[-0.07527,51.60219],[-0.0757,51.60107],[-0.0769,51.60059],[-0.07639,51.59947],[-0.07665,51.59872],[-0.07622,51.59776],[-0.07605,51.59685],[-0.07613,51.59467],[-0.07613,51.59323],[-0.07656,51.59163],[-0.07682,51.59014],[-0.07716,51.58966],[-0.07879,51.58923],[-0.08197,51.58864],[-0.08429,51.58811],[-0.086,51.58694],[-0.08849,51.58656],[-0.09029,51.58608],[-0.0939,51.58592],[-0.09604,51.5863],[-0.09922,51.58774],[-0.10119,51.58838],[-0.10291,51.58992]]]}},{"type":"Feature","properties":{"source_code":"F85025","codes":["F85025"],"label":"WHITE LODGE MEDICAL PRACTICE"},"geometry":{"type":"Polygon","coordinates":[[[-0.1054,51.65525],[-0.1066,51.6602],[-0.1124,51.66723],[-0.10957,51.66811],[-0.10238,51.66566],[-0.09811,51.66583],[-0.08979,51.66707],[-0.08288,51.66845],[-0.07748,51.66741],[-0.07425,51.66789],[-0.07221,51.66717],[-0.06973,51.66464],[-0.0662,51.6632],[-0.06189,51.66054],[-0.05888,51.65986],[-0.06036,51.64848],[-0.06132,51.6451],[-0.06694,51.64136],[-0.07259,51.63992],[-0.08107,51.63821],[-0.08289,51.63808],[-0.08626,51.63746],[-0.08918,51.63772],[-0.09433,51.64191],[-0.09759,51.64227],[-0.10012,51.64292],[-0.10225,51.64643],[-0.10248,51.64756],[-0.1054,51.65525]]]}},{"type":"Feature","properties":{"source_code":"Y02117","codes":["Y02117"],"label":"ST ANN'S ROAD SURGERY"},"geometry":{"type":"Polygon","coordinates":[[[-0.05733,51.58792],[-0.05643,51.58422],[-0.06025,51.58162],[-0.06299,51.57977],[-0.0617,51.57777],[-0.0604,51.57517],[-0.0632,51.57429],[-0.06375,51.57412],[-0.06433,51.57454],[-0.06604,51.57324],[-0.06869,51.57252],[-0.07061,51.57277],[-0.07261,51.5735],[-0.07679,51.57444],[-0.08156,51.5749],[-0.08638,51.57445],[-0.0872,51.57367],[-0.09042,51.57262],[-0.09297,51.57162],[-0.09594,51.57073],[-0.10208,51.56611],[-0.1048,51.56459],[-0.10999,51.56831],[-0.11533,51.57068],[-0.11647,51.57087],[-0.12023,51.57261],[-0.12209,51.57564],[-0.12394,51.57833],[-0.12377,51.57976],[-0.12938,51.58347],[-0.13216,51.58491],[-0.13356,51.5865],[-0.13387,51.58756],[-0.13695,51.58924],[-0.14038,51.59066],[-0.14256,51.59126],[-0.14367,51.59312],[-0.14462,51.59436],[-0.14504,51.5956],[-0.1441,51.59596],[-0.14255,51.59734],[-0.13701,51.59891],[-0.1339,51.60074],[-0.13122,51.60203],[-0.13009,51.6031],[-0.128,51.60449],[-0.12443,51.60701],[-0.1229,51.60602],[-0.12161,51.60457],[-0.12063,51.60251],[-0.11535,51.60046],[-0.11091,51.59913],[-0.11218,51.60225],[-0.11181,51.60369],[-0.11175,51.6055],[-0.11112,51.60689],[-0.10974,51.60985],[-0.10973,51.61237],[-0.10954,51.61625],[-0.10917,51.61783],[-0.10791,51.61832],[-0.10693,51.6195],[-0.10582,51.62145],[-0.10396,51.62343],[-0.09985,51.62527],[-0.09757,51.6293],[-0.0965,51.63088],[-0.0943,51.63268],[-0.09348,51.63511],[-0.09234,51.6355],[-0.09127,51.63618],[-0.09016,51.63657],[-0.08694,51.63581],[-0.08396,51.63586],[-0.08149,51.63687],[-0.08018,51.63824],[-0.07887,51.64111],[-0.0802,51.64334],[-0.08175,51.64499],[-0.07978,51.64711],[-0.08072,51.65222],[-0.08379,51.65217],[-0.08652,51.65243],[-0.08836,51.6536],[-0.0979,51.65402],[-0.09944,51.65889],[-0.10374,51.6628],[-0.10764,51.66612],[-0.11413,51.66944],[-0.11662,51.6715],[-0.12005,51.67317],[-0.12539,51.67592],[-0.11377,51.68553],[-0.11132,51.68443],[-0.10784,51.68391],[-0.1014,51.68357],[-0.09907,51.68341],[-0.09819,51.68166],[-0.09308,51.68226],[-0.08789,51.68271],[-0.08201,51.68209],[-0.07664,51.68143],[-0.07364,51.68069],[-0.07176,51.68086],[-0.07015,51.68135],[-0.0694,51.68149],[-0.06783,51.68129],[-0.06354,51.68098],[-0.06233,51.6805],[-0.06087,51.67992],[-0.05948,51.67989],[-0.05894,51.67971],[-0.05906,51.67841],[-0.05706,51.67839],[-0.05506,51.67906],[-0.05337,51.6794],[-0.05168,51.6801],[-0.05121,51.67985],[-0.04538,51.68096],[-0.03922,51.68104],[-0.03377,51.67994],[-0.02905,51.67921],[-0.02064,51.67946],[-0.01823,51.67869],[-0.01821,51.67651],[-0.01921,51.6696],[-0.0219,51.66811],[-0.02316,51.66514],[-0.02878,51.66218],[-0.0297,51.65944],[-0.02846,51.6542],[-0.03011,51.64881],[-0.0327,51.64463],[-0.03479,51.64222],[-0.04082,51.62894],[-0.04981,51.60961],[-0.04906,51.60655],[-0.05014,51.60428],[-0.04955,51.60047],[-0.05103,51.59882],[-0.05502,51.59692],[-0.05665,51.59425],[-0.05871,51.59329],[-0.05922,51.59201],[-0.06094,51.58826],[-0.05733,51.58792]]]}},{"type":"Feature","properties":{"source_code":"F85678","codes":["F85678"],"label":"THE TOWN SURGERY LTD"},"geometry":{"type":"Polygon","coordinates":[[[-0.10169,51.65985],[-0.10573,51.66416],[-0.09766,51.66329],[-0.08154,51.65822],[-0.07849,51.66341],[-0.07246,51.66714],[-0.06605,51.66027],[-0.06073,51.64964],[-0.06091,51.64482],[-0.06327,51.64074],[-0.0671,51.63919],[-0.07279,51.6393],[-0.0806,51.63953],[-0.08872,51.63965],[-0.09822,51.63896],[-0.10169,51.65985]]]}},{"type":"Feature","properties":{"source_code":"F85650","codes":["F85650"],"label":"MORECAMBE SURGERY"},"geometry":{"type":"Polygon","coordinates":[[[-0.14093,51.6177],[-0.13578,51.62228],[-0.13441,51.63443],[-0.12703,51.63251],[-0.11055,51.63805],[-0.09493,51.63166],[-0.08995,51.63635],[-0.08171,51.63613],[-0.06918,51.64157],[-0.05442,51.63144],[-0.04858,51.61141],[-0.06523,51.61119],[-0.08463,51.60565],[-0.11055,51.61215],[-0.14111,51.61706],[-0.14093,51.6177]]]}},{"type":"Feature","properties":{"source_code":"E82007","codes":["E82007"],"label":"HANSCOMBE HOUSE SURGERY"},"geometry":{"type":"Polygon","coordinates":[[[-0.03485,51.86271],[-0.02287,51.84178],[-0.02421,51.83453],[-0.02848,51.83069],[-0.03538,51.82703],[-0.04786,51.81965],[-0.05159,51.81569],[-0.05201,51.81297],[-0.05243,51.81026],[-0.04613,51.80288],[-0.03676,51.79693],[-0.03253,51.79583],[-0.02815,51.79293],[-0.025,51.78865],[-0.02275,51.78422],[-0.02194,51.77915],[-0.02322,51.77412],[-0.02373,51.77146],[-0.02594,51.76896],[-0.03176,51.76508],[-0.05446,51.75796],[-0.0653,51.75286],[-0.09596,51.75086],[-0.10573,51.74756],[-0.11501,51.7471],[-0.12713,51.74888],[-0.13874,51.75128],[-0.14347,51.75566],[-0.14348,51.76568],[-0.14355,51.77235],[-0.14329,51.77724],[-0.13785,51.78195],[-0.14395,51.78759],[-0.15107,51.79316],[-0.15055,51.79732],[-0.14402,51.8032],[-0.1502,51.80489],[-0.15673,51.80593],[-0.16891,51.80962],[-0.17441,51.81038],[-0.1787,51.81273],[-0.19089,51.81891],[-0.20037,51.82326],[-0.19825,51.82772],[-0.18823,51.83387],[-0.18321,51.84225],[-0.18241,51.84739],[-0.18373,51.8488],[-0.18353,51.85183],[-0.18059,51.8572],[-0.15329,51.86208],[-0.14038,51.8634],[-0.12815,51.86409],[-0.11868,51.86412],[-0.03485,51.86271]]]}},{"type":"Feature","properties":{"source_code":"F85623","codes":["F85623"],"label":"GROVE ROAD SURGERY"},"geometry":{"type":"Polygon","coordinates":[[[-0.11081,51.58827],[-0.10265,51.58995],[-0.11085,51.60083],[-0.08188,51.60277],[-0.06819,51.60413],[-0.0609,51.60387],[-0.05759,51.60144],[-0.06236,51.59328],[-0.05506,51.59048],[-0.05841,51.58723],[-0.05527,51.58502],[-0.07549,51.5776],[-0.07751,51.57534],[-0.09742,51.57464],[-0.10489,51.57448],[-0.11081,51.58827]]]}},{"type":"Feature","properties":{"source_code":"F85029","codes":["F85029"],"label":"ABERNETHY HOUSE SURGERY"},"geometry":{"type":"Polygon","coordinates":[[[-0.08317,51.67085],[-0.0724,51.66675],[-0.06785,51.66787],[-0.06208,51.66058],[-0.05875,51.65989],[-0.05939,51.65765],[-0.06111,51.64354],[-0.06214,51.6417],[-0.06343,51.63991],[-0.06703,51.63677],[-0.06999,51.6344],[-0.08313,51.63607],[-0.08424,51.63584],[-0.08849,51.63608],[-0.09235,51.63721],[-0.0951,51.63898],[-0.09986,51.64039],[-0.10534,51.64231],[-0.10926,51.64268],[-0.10909,51.6487],[-0.1084,51.65264],[-0.11072,51.65461],[-0.11158,51.65435],[-0.11321,51.65552],[-0.11312,51.65642],[-0.11261,51.65717],[-0.11235,51.65781],[-0.11939,51.65674],[-0.12514,51.65728],[-0.13001,51.65954],[-0.13493,51.66297],[-0.13364,51.66718],[-0.1242,51.66904],[-0.12167,51.67439],[-0.12372,51.67554],[-0.1189,51.67293],[-0.11205,51.67282],[-0.10085,51.67056],[-0.09188,51.6725],[-0.08643,51.672],[-0.08317,51.67085]]]}},{"type":"Feature","properties":{"source_code":"F85019","codes":["F85019"],"label":"MORRIS HOUSE GROUP PRACTICE"},"geometry":{"type":"Polygon","coordinates":[[[-0.10922,51.6121],[-0.10499,51.61313],[-0.10081,51.61453],[-0.0988,51.61523],[-0.09662,51.61571],[-0.09397,51.61598],[-0.09192,51.61607],[-0.08768,51.61616],[-0.08551,51.61602],[-0.08334,51.61567],[-0.08038,51.6149],[-0.07856,51.61427],[-0.07678,51.61407],[-0.07379,51.61418],[-0.0709,51.61482],[-0.06291,51.61437],[-0.05995,51.61393],[-0.05733,51.61357],[-0.05532,51.61317],[-0.0545,51.61298],[-0.05437,51.61241],[-0.05435,51.61065],[-0.05443,51.60879],[-0.05429,51.60821],[-0.05429,51.60645],[-0.05437,51.60392],[-0.05476,51.60232],[-0.05626,51.59904],[-0.05695,51.59743],[-0.05796,51.59565],[-0.0583,51.59442],[-0.05323,51.59428],[-0.05343,51.59317],[-0.05397,51.59212],[-0.05549,51.59027],[-0.05643,51.58917],[-0.05716,51.58802],[-0.06021,51.58808],[-0.06158,51.58836],[-0.06143,51.58867],[-0.0622,51.58893],[-0.063,51.5892],[-0.06418,51.58942],[-0.0658,51.58919],[-0.06742,51.58899],[-0.06873,51.58884],[-0.07068,51.58907],[-0.07156,51.58664],[-0.07209,51.58543],[-0.07231,51.58427],[-0.07341,51.58411],[-0.07557,51.58447],[-0.07773,51.58504],[-0.07989,51.58535],[-0.08097,51.58532],[-0.08205,51.5855],[-0.0851,51.58596],[-0.0878,51.58664],[-0.09128,51.58628],[-0.09392,51.58616],[-0.09476,51.58646],[-0.09978,51.588],[-0.10116,51.58864],[-0.10203,51.58928],[-0.10368,51.59091],[-0.10819,51.59428],[-0.10872,51.59536],[-0.10898,51.59639],[-0.10998,51.59742],[-0.11055,51.59851],[-0.11188,51.60181],[-0.11218,51.60223],[-0.11196,51.60269],[-0.1116,51.60357],[-0.11158,51.60533],[-0.11012,51.60861],[-0.10948,51.61033],[-0.10922,51.6121]]]}},{"type":"Feature","properties":{"source_code":"F85007","codes":["F85007"],"label":"LAWRENCE HOUSE SURGERY"},"geometry":{"type":"Polygon","coordinates":[[[-0.08583,51.57894],[-0.08815,51.57898],[-0.09029,51.5787],[-0.09407,51.57824],[-0.09845,51.57724],[-0.10506,51.576],[-0.10529,51.57856],[-0.10656,51.58102],[-0.11184,51.58688],[-0.11394,51.59046],[-0.1163,51.59488],[-0.10888,51.59724],[-0.10257,51.59891],[-0.09778,51.60206],[-0.09205,51.60153],[-0.08958,51.60255],[-0.08686,51.60341],[-0.08467,51.60312],[-0.08334,51.60213],[-0.08163,51.60036],[-0.07716,51.59922],[-0.07377,51.59882],[-0.07055,51.59877],[-0.06633,51.5987],[-0.05952,51.59942],[-0.05674,51.59974],[-0.05759,51.59373],[-0.05947,51.58987],[-0.05981,51.58895],[-0.06014,51.58803],[-0.0604,51.58629],[-0.06177,51.58487],[-0.06459,51.58491],[-0.07175,51.58368],[-0.07965,51.58016],[-0.08137,51.57944],[-0.08583,51.57894]]]}},{"type":"Feature","properties":{"source_code":"D81049","codes":["D81049"],"label":"SPINNEY SURGERY"},"geometry":{"type":"Polygon","coordinates":[[[0.02026,52.36617],[0.02197,52.35715],[0.02266,52.35002],[-0.05322,52.29168],[-0.06145,52.29336],[-0.07004,52.29525],[-0.07759,52.29882],[-0.08789,52.30176],[-0.09716,52.30365],[-0.10746,52.3068],[-0.11673,52.30869],[-0.12325,52.31037],[-0.1333,52.31262],[-0.13956,52.31404],[-0.14342,52.3152],[-0.14561,52.31556],[-0.14763,52.31619],[-0.14789,52.3169],[-0.14699,52.31804],[-0.14557,52.31945],[-0.1452,52.32135],[-0.14553,52.3233],[-0.14591,52.3259],[-0.14617,52.32792],[-0.14651,52.32967],[-0.15209,52.33345],[-0.1578,52.33773],[-0.15965,52.34499],[-0.15312,52.3473],[-0.14694,52.34918],[-0.14145,52.35149],[-0.13424,52.35422],[-0.12394,52.35589],[-0.11467,52.35778],[-0.10849,52.35862],[-0.10162,52.36009],[-0.09304,52.36155],[-0.07862,52.36218],[0.02026,52.36617]]]}},{"type":"Feature","properties":{"source_code":"E82024","codes":["E82024"],"label":"LEA WHARF MEDICAL"},"geometry":{"type":"Polygon","coordinates":[[[-0.01339,51.86791],[0.02026,51.8196],[0.03502,51.78207],[-0.05013,51.77209],[-0.08686,51.74446],[-0.0921,51.7324],[-0.09283,51.72573],[-0.10471,51.72682],[-0.13475,51.75052],[-0.15836,51.76131],[-0.17033,51.78996],[-0.18608,51.81371],[-0.19844,51.82984],[-0.19219,51.84024],[-0.19913,51.82984],[-0.19208,51.84043],[-0.16273,51.88921],[-0.01339,51.86791]]]}},{"type":"Feature","properties":{"source_code":"F85010","codes":["F85010"],"label":"KEATS SURGERY"},"geometry":{"type":"Polygon","coordinates":[[[-0.0491,51.61343],[-0.08755,51.61855],[-0.09338,51.65105],[-0.03365,51.64476],[-0.0491,51.61343]]]}},{"type":"Feature","properties":{"source_code":"D81606","codes":["D81606"],"label":"RIVERPORT MEDICAL PRACTICE"},"geometry":{"type":"Polygon","coordinates":[[[-0.07553,52.34771],[-0.0721,52.36847],[0.01236,52.36659],[0.03674,52.35422],[-0.07175,52.2984],[-0.10746,52.31058],[-0.14008,52.33786],[-0.07553,52.34771]]]}},{"type":"Feature","properties":{"source_code":"Y00612","codes":["Y00612"],"label":"GREEN CEDARS MEDICAL CENTRE"},"geometry":{"type":"Polygon","coordinates":[[[-0.07862,51.62985],[-0.06085,51.62478],[-0.06446,51.61461],[-0.07722,51.61026],[-0.08574,51.61072],[-0.0872,51.61636],[-0.08317,51.62137],[-0.08085,51.6258],[-0.07862,51.62985]]]}},{"type":"Feature","properties":{"source_code":"F85030","codes":["F85030"],"label":"SOMERSET GARDENS FAMILY HEALTH CENTRE"},"geometry":{"type":"Polygon","coordinates":[[[-0.04652,51.6065],[-0.05506,51.59272],[-0.06969,51.59371],[-0.07484,51.59335],[-0.0913,51.59319],[-0.09815,51.59323],[-0.10498,51.59982],[-0.10375,51.60705],[-0.08763,51.61698],[-0.07764,51.61486],[-0.06723,51.61498],[-0.05988,51.61485],[-0.0492,51.61366],[-0.04652,51.6065]]]}},{"type":"Feature","properties":{"source_code":"F85071","codes":["F85071"],"label":"FERNLEA SURGERY"},"geometry":{"type":"Polygon","coordinates":[[[-0.05854,51.59336],[-0.06068,51.58936],[-0.06158,51.58814],[-0.06326,51.5883],[-0.06394,51.58942],[-0.06398,51.58941],[-0.0633,51.58835],[-0.06412,51.58486],[-0.06416,51.58312],[-0.06321,51.58224],[-0.06171,51.58262],[-0.05978,51.58176],[-0.06244,51.57987],[-0.06165,51.57774],[-0.06474,51.57711],[-0.07237,51.57567],[-0.07262,51.57621],[-0.07455,51.57614],[-0.07631,51.57525],[-0.08055,51.57597],[-0.08403,51.57543],[-0.08355,51.57609],[-0.08407,51.57542],[-0.0851,51.57639],[-0.08759,51.57648],[-0.08715,51.57883],[-0.0863,51.5811],[-0.09054,51.58154],[-0.09237,51.58148],[-0.09406,51.58123],[-0.09463,51.58121],[-0.09563,51.58137],[-0.0974,51.58167],[-0.09834,51.58232],[-0.09718,51.58453],[-0.09654,51.58564],[-0.09572,51.58668],[-0.09421,51.58796],[-0.09257,51.58915],[-0.09257,51.59075],[-0.08789,51.59104],[-0.08806,51.59211],[-0.08416,51.59219],[-0.08518,51.59848],[-0.07506,51.59861],[-0.06793,51.59859],[-0.05725,51.59944],[-0.05592,51.59992],[-0.0551,51.59683],[-0.05643,51.5944],[-0.05854,51.59336]],[[-0.07729,51.58952],[-0.07381,51.58907],[-0.0739,51.5891],[-0.07729,51.58952]],[[-0.06676,51.58896],[-0.06785,51.58878],[-0.07042,51.58886],[-0.07042,51.58886],[-0.06781,51.58875],[-0.06676,51.58896]],[[-0.07231,51.58856],[-0.07379,51.58906],[-0.07236,51.58854],[-0.07064,51.58856],[-0.07054,51.58873],[-0.07068,51.58859],[-0.07231,51.58856]],[[-0.08673,51.58704],[-0.08675,51.587],[-0.08392,51.58834],[-0.08403,51.58832],[-0.08673,51.58704]],[[-0.08769,51.58224],[-0.08802,51.58139],[-0.08799,51.58139],[-0.08769,51.58224]],[[-0.0809,51.57952],[-0.08165,51.57855],[-0.08085,51.57952],[-0.08165,51.57983],[-0.0809,51.57952]]]}},{"type":"Feature","properties":{"source_code":"D81030","codes":["D81030"],"label":"GROVE MEDICAL PRACTICE"},"geometry":{"type":"Polygon","coordinates":[[[-0.0416,52.36003],[-0.04197,52.36003],[-0.04197,52.35988],[-0.0416,52.36003],[-0.02858,52.36009],[-0.02,52.3582],[0.01468,52.36837],[0.01974,52.36868],[0.02309,52.36701],[0.02626,52.36569],[0.02978,52.36391],[0.0327,52.36265],[0.03382,52.36129],[0.03807,52.35435],[0.03716,52.35364],[0.03287,52.35306],[0.03017,52.35222],[0.02755,52.35159],[0.02403,52.34971],[0.01991,52.34756],[0.01451,52.3441],[0.0103,52.34163],[0.00893,52.33828],[0.00918,52.33586],[0.00712,52.33345],[0.00352,52.32983],[0.0006,52.32828],[-0.0018,52.32611],[-0.00322,52.32453],[-0.00515,52.32317],[-0.00652,52.31729],[-0.01099,52.31541],[-0.01459,52.31268],[-0.01699,52.31252],[-0.01957,52.31373],[-0.02352,52.31556],[-0.02815,52.31635],[-0.03184,52.31672],[-0.03416,52.31562],[-0.03725,52.31415],[-0.04249,52.31509],[-0.0448,52.31446],[-0.05399,52.31264],[-0.06008,52.30767],[-0.05553,52.30395],[-0.04751,52.30199],[-0.04686,52.3026],[-0.04395,52.3026],[-0.03983,52.30229],[-0.03656,52.3025],[-0.03382,52.30176],[-0.03382,52.29872],[-0.0345,52.29525],[-0.03794,52.29347],[-0.04017,52.29],[-0.04326,52.28811],[-0.04549,52.28601],[-0.04858,52.28433],[-0.04927,52.28139],[-0.05562,52.27835],[-0.05939,52.27604],[-0.06506,52.27572],[-0.0709,52.27562],[-0.07484,52.27803],[-0.0769,52.28097],[-0.07759,52.2837],[-0.07853,52.28543],[-0.08171,52.28496],[-0.08858,52.28517],[-0.09819,52.2858],[-0.11278,52.27562],[-0.12051,52.28591],[-0.11381,52.29588],[-0.12458,52.29824],[-0.12978,52.29882],[-0.13741,52.29958],[-0.13544,52.30759],[-0.13381,52.3122],[-0.13042,52.31811],[-0.12892,52.32254],[-0.13347,52.32548],[-0.13836,52.32611],[-0.14008,52.328],[-0.13733,52.33219],[-0.13561,52.33576],[-0.13149,52.33849],[-0.12463,52.33843],[-0.12265,52.34027],[-0.12257,52.343],[-0.12068,52.34572],[-0.12566,52.34834],[-0.12806,52.35207],[-0.12342,52.35416],[-0.12051,52.35526],[-0.11742,52.35673],[-0.11415,52.35416],[-0.10926,52.3517],[-0.10463,52.34887],[-0.09819,52.34656],[-0.09424,52.34682],[-0.09098,52.34782],[-0.08686,52.34855],[-0.08248,52.34971],[-0.07828,52.34897],[-0.07244,52.34709],[-0.06832,52.34604],[-0.06248,52.34771],[-0.06008,52.3496],[-0.05493,52.35254],[-0.05081,52.3561],[-0.04798,52.35715],[-0.04558,52.35862],[-0.04475,52.35921],[-0.04755,52.35778],[-0.04892,52.3582],[-0.06351,52.36155],[-0.06712,52.36208],[-0.07141,52.3625],[-0.07639,52.36334],[-0.07708,52.36585],[-0.07519,52.36805],[-0.0709,52.36973],[-0.06695,52.37036],[-0.06369,52.37088],[-0.05785,52.36826],[-0.05356,52.36596],[-0.05098,52.36355],[-0.04721,52.3625],[-0.04583,52.36072],[-0.04368,52.35997],[-0.04343,52.36014],[-0.04146,52.36009],[-0.0416,52.36003]],[[-0.04857,52.30099],[-0.04942,52.30041],[-0.04875,52.30082],[-0.04857,52.30099]],[[-0.0542,52.29806],[-0.05457,52.29743],[-0.05424,52.29788],[-0.05284,52.29851],[-0.0542,52.29806]],[[-0.05593,52.2957],[-0.05715,52.29462],[-0.05665,52.29494],[-0.05593,52.2957]],[[-0.06291,52.29142],[-0.06468,52.28972],[-0.06317,52.29095],[-0.06115,52.29211],[-0.06291,52.29142]],[[-0.07215,52.28638],[-0.07537,52.2859],[-0.07313,52.28612],[-0.07215,52.28638]]]}},{"type":"Feature","properties":{"source_code":"F85028","codes":["F85028"],"label":"BRUCE GROVE PRIMARY HEALTH CARE CTR"},"geometry":{"type":"Polygon","coordinates":[[[-0.07004,51.59222],[-0.06999,51.59126],[-0.07008,51.59046],[-0.07021,51.58939],[-0.07055,51.5887],[-0.07098,51.58851],[-0.07205,51.58851],[-0.07313,51.5887],[-0.0739,51.58896],[-0.07506,51.58918],[-0.07626,51.58939],[-0.0772,51.58947],[-0.07849,51.58931],[-0.07965,51.58904],[-0.08068,51.58883],[-0.0821,51.58864],[-0.083,51.58851],[-0.08411,51.58831],[-0.08484,51.58787],[-0.08551,51.58758],[-0.08615,51.58724],[-0.08662,51.58706],[-0.08701,51.58686],[-0.08677,51.5864],[-0.08675,51.58626],[-0.08748,51.58636],[-0.08838,51.58647],[-0.08939,51.58636],[-0.09044,51.58624],[-0.0915,51.5861],[-0.09276,51.58606],[-0.09377,51.58602],[-0.09471,51.5862],[-0.09568,51.58652],[-0.09701,51.5869],[-0.09903,51.58756],[-0.1019,51.58876],[-0.10231,51.58916],[-0.1028,51.5899],[-0.10386,51.59087],[-0.10514,51.59207],[-0.10624,51.59279],[-0.10755,51.59368],[-0.10834,51.5943],[-0.10894,51.5949],[-0.10905,51.59581],[-0.10937,51.59665],[-0.10995,51.59716],[-0.10896,51.59725],[-0.10763,51.59753],[-0.10619,51.59793],[-0.10422,51.59852],[-0.10222,51.59916],[-0.1007,51.59953],[-0.09986,51.59967],[-0.09916,51.59945],[-0.09823,51.59912],[-0.09592,51.59829],[-0.09531,51.59812],[-0.09463,51.59819],[-0.09403,51.5982],[-0.09323,51.59811],[-0.09205,51.59808],[-0.09186,51.60017],[-0.09156,51.60116],[-0.09094,51.60175],[-0.09008,51.60227],[-0.08924,51.60259],[-0.08832,51.60276],[-0.0875,51.60283],[-0.08671,51.60287],[-0.08577,51.60275],[-0.08478,51.60237],[-0.08418,51.60207],[-0.08366,51.60167],[-0.08306,51.60121],[-0.08231,51.6008],[-0.08147,51.60045],[-0.08038,51.60005],[-0.0792,51.59969],[-0.07845,51.59967],[-0.07746,51.59967],[-0.07716,51.59923],[-0.07695,51.59871],[-0.07686,51.59831],[-0.07581,51.59847],[-0.07594,51.59917],[-0.07613,51.60009],[-0.07609,51.60073],[-0.07607,51.60085],[-0.07568,51.60084],[-0.07529,51.60091],[-0.07536,51.6012],[-0.07542,51.60151],[-0.07547,51.60167],[-0.07474,51.60177],[-0.07364,51.60188],[-0.07302,51.60199],[-0.07212,51.60205],[-0.07096,51.60216],[-0.06987,51.60225],[-0.06886,51.60228],[-0.06776,51.60237],[-0.06774,51.60167],[-0.06787,51.60071],[-0.06793,51.59968],[-0.06804,51.59847],[-0.06804,51.59777],[-0.06826,51.59688],[-0.06866,51.59583],[-0.06914,51.59495],[-0.0695,51.594],[-0.0698,51.59218],[-0.07004,51.59222]]]}},{"type":"Feature","properties":{"source_code":"F85615","codes":["F85615"],"label":"TOTTENHAM HEALTH CENTRE"},"geometry":{"type":"Polygon","coordinates":[[[-0.09853,51.61567],[-0.06094,51.60778],[-0.03433,51.59605],[-0.06042,51.5919],[-0.09064,51.5839],[-0.09544,51.58688],[-0.09853,51.61567]]]}},{"type":"Feature","properties":{"source_code":"F85013","codes":["F85013"],"label":"TYNEMOUTH MEDICAL PRACTICE"},"geometry":{"type":"Polygon","coordinates":[[[-0.05459,51.596],[-0.05682,51.59259],[-0.05502,51.59398],[-0.05296,51.5935],[-0.05661,51.58659],[-0.05613,51.58448],[-0.06884,51.58395],[-0.07536,51.58336],[-0.08566,51.58496],[-0.08772,51.58603],[-0.09184,51.5855],[-0.09407,51.5855],[-0.09699,51.58635],[-0.09356,51.5887],[-0.09235,51.59222],[-0.09098,51.59424],[-0.09064,51.59829],[-0.0753,51.59866],[-0.07339,51.59885],[-0.07085,51.59883],[-0.06805,51.59883],[-0.06721,51.59885],[-0.06051,51.59923],[-0.05733,51.59952],[-0.05613,51.60021],[-0.04944,51.60037],[-0.04961,51.59899],[-0.05459,51.596]]]}},{"type":"Feature","properties":{"source_code":"F85663","codes":["F85663"],"label":"LATYMER ROAD SURGERY"},"geometry":{"type":"Polygon","coordinates":[[[-0.07845,51.64744],[-0.07786,51.64739],[-0.07334,51.64728],[-0.07208,51.64721],[-0.07019,51.64716],[-0.06594,51.64686],[-0.05935,51.64648],[-0.05285,51.64524],[-0.04723,51.64395],[-0.04667,51.64387],[-0.04669,51.64384],[-0.04665,51.64383],[-0.04791,51.63987],[-0.04828,51.63856],[-0.04759,51.63717],[-0.0472,51.63647],[-0.0438,51.62981],[-0.0439,51.62977],[-0.04386,51.62969],[-0.04881,51.62757],[-0.05776,51.62356],[-0.05981,51.62126],[-0.06322,51.61668],[-0.06424,51.61485],[-0.0681,51.61512],[-0.07266,51.61537],[-0.08154,51.61588],[-0.08167,51.61594],[-0.0817,51.61595],[-0.08254,51.616],[-0.08294,51.61623],[-0.08617,51.61695],[-0.09314,51.62083],[-0.10324,51.62347],[-0.10364,51.62357],[-0.0807,51.64531],[-0.07856,51.64741],[-0.07848,51.64741],[-0.07845,51.64744]],[[-0.06712,51.61507],[-0.06429,51.6149],[-0.06554,51.61499],[-0.06712,51.61507]],[[-0.06639,51.61504],[-0.06633,51.61504],[-0.06635,51.61504],[-0.06639,51.61504]]]}},{"type":"Feature","properties":{"source_code":"D81637","codes":["D81637"],"label":"MONKFIELD MEDICAL PRACTICE"},"geometry":{"type":"MultiPolygon","coordinates":[[[[-0.06678,52.21118],[-0.0703,52.20987],[-0.07493,52.21013],[-0.08326,52.21344],[-0.06678,52.21118]]],[[[-0.07716,52.22496],[-0.0721,52.2238],[-0.07038,52.22407],[-0.06317,52.2237],[-0.05691,52.22265],[-0.04695,52.22028],[-0.05158,52.20913],[-0.08368,52.2135],[-0.08763,52.21755],[-0.07716,52.22496]]]]}},{"type":"Feature","properties":{"source_code":"Y00057","codes":["Y00057"],"label":"ANGEL SURGERY"},"geometry":{"type":"Polygon","coordinates":[[[-0.06809,51.60581],[-0.06809,51.60584],[-0.0681,51.60581],[-0.06809,51.60581],[-0.06811,51.60562],[-0.06944,51.6052],[-0.0705,51.6053],[-0.07213,51.60483],[-0.0721,51.60482],[-0.07214,51.60483],[-0.07245,51.60474],[-0.07268,51.60485],[-0.07313,51.60474],[-0.07411,51.60522],[-0.07424,51.60525],[-0.07832,51.60509],[-0.08214,51.60509],[-0.08394,51.60496],[-0.08592,51.60536],[-0.08549,51.60821],[-0.08632,51.61123],[-0.08635,51.61125],[-0.08632,51.61126],[-0.08635,51.61135],[-0.08631,51.61133],[-0.08716,51.61631],[-0.08261,51.62167],[-0.08124,51.62505],[-0.07828,51.62963],[-0.07296,51.62771],[-0.06725,51.62657],[-0.06424,51.62572],[-0.06081,51.62502],[-0.05562,51.62545],[-0.05171,51.62492],[-0.04802,51.62369],[-0.04425,51.62204],[-0.04832,51.621],[-0.04429,51.62196],[-0.04824,51.61391],[-0.04897,51.61183],[-0.04973,51.6093],[-0.04961,51.6093],[-0.04973,51.60928],[-0.04974,51.60925],[-0.0499,51.60925],[-0.06809,51.60581]],[[-0.06704,51.60885],[-0.06685,51.60907],[-0.0669,51.60907],[-0.06704,51.60885]],[[-0.06712,51.60889],[-0.06692,51.60909],[-0.06684,51.60909],[-0.06617,51.60992],[-0.06712,51.6089],[-0.06712,51.60889]],[[-0.08621,51.61129],[-0.08375,51.61195],[-0.08626,51.61131],[-0.08621,51.61129]],[[-0.07118,51.60523],[-0.07118,51.60523],[-0.07118,51.60523],[-0.07118,51.60523]]]}},{"type":"Feature","properties":{"source_code":"F85628","codes":["F85628"],"label":"WELBOURNE GP SURGERY, WELBOURNE H C"},"geometry":{"type":"Polygon","coordinates":[[[-0.05124,51.59872],[-0.05236,51.59824],[-0.0551,51.59613],[-0.05665,51.59436],[-0.05858,51.59323],[-0.05909,51.59204],[-0.05974,51.59086],[-0.05965,51.58962],[-0.05999,51.58856],[-0.05998,51.58802],[-0.06034,51.586],[-0.06177,51.58495],[-0.06403,51.58507],[-0.06478,51.5849],[-0.06583,51.58459],[-0.06706,51.58458],[-0.06948,51.58408],[-0.07193,51.5839],[-0.07276,51.58299],[-0.07428,51.58225],[-0.07757,51.58076],[-0.0837,51.58073],[-0.08889,51.58178],[-0.09398,51.58136],[-0.106,51.58092],[-0.10623,51.58208],[-0.10595,51.58314],[-0.10727,51.58493],[-0.11042,51.58894],[-0.11149,51.59262],[-0.10894,51.59464],[-0.10965,51.59709],[-0.10023,51.59956],[-0.09343,51.60104],[-0.09223,51.60115],[-0.09188,51.60123],[-0.09175,51.60123],[-0.08716,51.60299],[-0.08651,51.60301],[-0.0853,51.60265],[-0.0827,51.60123],[-0.07774,51.59978],[-0.0763,51.60069],[-0.07343,51.60202],[-0.07113,51.60253],[-0.06802,51.60258],[-0.06424,51.60232],[-0.06034,51.60255],[-0.05598,51.60236],[-0.05369,51.602],[-0.05124,51.59872]]]}},{"type":"Feature","properties":{"source_code":"F85666","codes":["F85666"],"label":"DR ME SILVER'S PRACTICE"},"geometry":{"type":"Polygon","coordinates":[[[-0.07107,51.61823],[-0.08514,51.6193],[-0.08068,51.62153],[-0.04,51.6177],[-0.04669,51.60672],[-0.06781,51.60789],[-0.08377,51.61114],[-0.08519,51.61924],[-0.07815,51.61871],[-0.07107,51.61823]]]}},{"type":"Feature","properties":{"source_code":"D81041","codes":["D81041"],"label":"BOURN SURGERY"},"geometry":{"type":"Polygon","coordinates":[[[0.02747,52.22149],[0.03639,52.21602],[0.03708,52.20803],[0.03845,52.19751],[0.03296,52.18488],[0.02747,52.17141],[0.02953,52.16551],[0.01167,52.15371],[0.00206,52.14318],[-0.02266,52.13349],[-0.04738,52.12253],[-0.0563,52.12253],[-0.06386,52.12801],[-0.06866,52.1356],[-0.07553,52.14655],[-0.0824,52.15161],[-0.09338,52.15624],[-0.1133,52.16172],[-0.14008,52.17309],[-0.14832,52.17772],[-0.15656,52.18783],[-0.13596,52.20803],[-0.12291,52.21434],[-0.1078,52.21939],[-0.09819,52.2177],[-0.09064,52.2135],[-0.07965,52.21097],[-0.0666,52.21013],[-0.05836,52.20971],[-0.05219,52.21097],[-0.04875,52.20761],[-0.04051,52.20677],[-0.03159,52.20719],[-0.02584,52.20965],[-0.02455,52.21202],[-0.02367,52.21324],[-0.02644,52.20982],[-0.02455,52.21297],[-0.02317,52.2156],[-0.02033,52.21792],[-0.02026,52.21802],[-0.02015,52.21807],[-0.01905,52.21897],[-0.01956,52.21834],[-0.01888,52.21865],[-0.01888,52.21928],[-0.01511,52.22191],[-0.00501,52.22372],[-0.00137,52.22528],[0.00824,52.2299],[0.01511,52.2299],[0.01991,52.22486],[0.02747,52.22149]]]}},{"type":"Feature","properties":{"source_code":"F85039","codes":["F85039"],"label":"RAINBOW PRACTICE"},"geometry":{"type":"Polygon","coordinates":[[[-0.03678,51.63808],[-0.04511,51.61989],[-0.04498,51.61983],[-0.04377,51.61631],[-0.04189,51.61525],[-0.03725,51.61333],[-0.03433,51.61066],[-0.0345,51.60661],[-0.04961,51.60917],[-0.05253,51.60949],[-0.05545,51.61002],[-0.05751,51.60885],[-0.06077,51.6097],[-0.06403,51.60896],[-0.06884,51.60853],[-0.06935,51.61056],[-0.08463,51.60832],[-0.09235,51.60917],[-0.09682,51.61002],[-0.09579,51.61279],[-0.09459,51.61109],[-0.09132,51.61087],[-0.09218,51.61226],[-0.08944,51.61439],[-0.08137,51.62462],[-0.08583,51.62676],[-0.07862,51.62995],[-0.08051,51.63049],[-0.08068,51.63283],[-0.0824,51.63453],[-0.08154,51.63603],[-0.07965,51.63709],[-0.07219,51.63236],[-0.05768,51.64117],[-0.04776,51.64023],[-0.03678,51.63808]]]}},{"type":"Feature","properties":{"source_code":"F85682","codes":["F85682"],"label":"CHALFONT SURGERY"},"geometry":{"type":"Polygon","coordinates":[[[-0.07381,51.63179],[-0.07376,51.63171],[-0.06639,51.62945],[-0.06154,51.6287],[-0.05618,51.62873],[-0.05682,51.62681],[-0.06036,51.62473],[-0.06237,51.61973],[-0.0644,51.61468],[-0.06507,51.61587],[-0.0644,51.61466],[-0.06727,51.61483],[-0.06886,51.61482],[-0.07045,51.61475],[-0.07225,51.61465],[-0.07389,51.61437],[-0.07558,51.61413],[-0.07739,51.61421],[-0.08004,51.61489],[-0.08272,51.61575],[-0.08454,51.61609],[-0.08641,51.61629],[-0.08598,51.61792],[-0.0845,51.61969],[-0.08184,51.62323],[-0.08134,51.62508],[-0.08014,51.62691],[-0.079,51.62874],[-0.07849,51.62965],[-0.07755,51.63049],[-0.0759,51.63124],[-0.07394,51.63176],[-0.07394,51.63176],[-0.07393,51.63176],[-0.07381,51.63179]]]}},{"type":"Feature","properties":{"source_code":"Y03402","codes":["Y03402"],"label":"EVERGREEN PRIMARY CARE CENTRE"},"geometry":{"type":"Polygon","coordinates":[[[-0.07107,51.63326],[-0.07128,51.63331],[-0.07107,51.63331],[-0.07102,51.63328],[-0.06594,51.63257],[-0.06603,51.63274],[-0.06572,51.63291],[-0.06435,51.6327],[-0.06396,51.63278],[-0.06346,51.63265],[-0.06291,51.63238],[-0.0615,51.63145],[-0.05985,51.6307],[-0.05777,51.63047],[-0.05587,51.63047],[-0.05615,51.6289],[-0.05199,51.62838],[-0.04911,51.62804],[-0.04564,51.62751],[-0.04577,51.62732],[-0.04244,51.62652],[-0.04897,51.61175],[-0.05095,51.6127],[-0.05314,51.61325],[-0.05533,51.61346],[-0.05787,51.61382],[-0.06213,51.61439],[-0.06447,51.61471],[-0.06699,51.61488],[-0.07194,51.61471],[-0.07443,51.61432],[-0.07565,51.6142],[-0.07692,51.61425],[-0.07822,51.61437],[-0.0795,51.61472],[-0.08187,51.61551],[-0.08409,51.61604],[-0.08673,51.61636],[-0.08633,51.61721],[-0.08584,51.61806],[-0.08433,51.61978],[-0.08285,51.62142],[-0.0818,51.6232],[-0.08113,51.62499],[-0.08082,51.62589],[-0.08021,51.6268],[-0.07918,51.62854],[-0.07781,51.63022],[-0.07617,51.63104],[-0.07433,51.63171],[-0.07259,51.63242],[-0.07107,51.63326]]]}},{"type":"Feature","properties":{"source_code":"E82115","codes":["E82115"],"label":"STOCKWELL LODGE MED.CTR."},"geometry":{"type":"Polygon","coordinates":[[[-0.0345,51.72703],[-0.03279,51.72246],[-0.0345,51.71693],[-0.03588,51.71416],[-0.04068,51.70935],[-0.04343,51.70552],[-0.04317,51.7023],[-0.04463,51.69842],[-0.04523,51.69315],[-0.11467,51.69554],[-0.10969,51.72724],[-0.10557,51.73086],[-0.09956,51.73213],[-0.0345,51.72703]]]}},{"type":"Feature","properties":{"source_code":"F85002","codes":["F85002"],"label":"MEDICUS HEALTH PARTNERS"},"geometry":{"type":"MultiPolygon","coordinates":[[[[-0.08254,51.62201],[-0.08255,51.62197],[-0.08257,51.62204],[-0.08254,51.62201]]],[[[-0.08251,51.62204],[-0.08253,51.622],[-0.08254,51.62201],[-0.08253,51.62204],[-0.08251,51.62204]]],[[[-0.03227,51.64497],[-0.03418,51.64341],[-0.03557,51.64089],[-0.03749,51.63589],[-0.04201,51.62633],[-0.04436,51.62179],[-0.04843,51.62269],[-0.05081,51.6181],[-0.05339,51.61894],[-0.05527,51.61775],[-0.05755,51.61799],[-0.06035,51.61806],[-0.06175,51.61804],[-0.06315,51.61828],[-0.06253,51.61975],[-0.06701,51.6204],[-0.06939,51.62033],[-0.07224,51.62021],[-0.07383,51.61992],[-0.07543,51.62028],[-0.07531,51.62101],[-0.07894,51.62145],[-0.08251,51.62204],[-0.08205,51.62297],[-0.08077,51.62641],[-0.07858,51.62974],[-0.07777,51.63049],[-0.07671,51.63103],[-0.07352,51.63198],[-0.07085,51.63368],[-0.07373,51.63359],[-0.07549,51.63413],[-0.07755,51.63483],[-0.07914,51.63571],[-0.08132,51.63616],[-0.08135,51.63615],[-0.08184,51.63706],[-0.08272,51.63825],[-0.08429,51.63933],[-0.08596,51.63997],[-0.0866,51.64114],[-0.08667,51.64215],[-0.08623,51.64319],[-0.08498,51.64307],[-0.08411,51.64351],[-0.08277,51.64442],[-0.08147,51.64529],[-0.08063,51.64625],[-0.07952,51.64721],[-0.07907,51.64731],[-0.07788,51.64747],[-0.07654,51.64757],[-0.07541,51.64758],[-0.07429,51.64734],[-0.07079,51.64706],[-0.06841,51.64684],[-0.06687,51.64658],[-0.06524,51.64665],[-0.06169,51.64613],[-0.06125,51.64543],[-0.06103,51.64498],[-0.06038,51.645],[-0.0606,51.64945],[-0.04643,51.64849],[-0.03918,51.64748],[-0.03227,51.64497]]]]}},{"type":"Feature","properties":{"source_code":"F85044","codes":["F85044"],"label":"BOUNCES ROAD SURGERY LTD"},"geometry":{"type":"Polygon","coordinates":[[[-0.03725,51.63826],[-0.03948,51.634],[-0.04148,51.62902],[-0.0432,51.629],[-0.04397,51.62902],[-0.04509,51.62817],[-0.04547,51.62731],[-0.04398,51.62695],[-0.04245,51.62656],[-0.04374,51.62399],[-0.04532,51.62143],[-0.05013,51.62193],[-0.05545,51.62207],[-0.0586,51.62264],[-0.05842,51.62207],[-0.05802,51.62183],[-0.05755,51.62129],[-0.05693,51.62086],[-0.05652,51.62054],[-0.05472,51.61865],[-0.05562,51.61801],[-0.0575,51.61809],[-0.05947,51.61838],[-0.05997,51.61928],[-0.0608,51.61932],[-0.06117,51.61866],[-0.06192,51.61802],[-0.06418,51.61835],[-0.06467,51.61762],[-0.06669,51.61802],[-0.06676,51.62031],[-0.0666,51.62031],[-0.06678,51.62088],[-0.06676,51.62031],[-0.07562,51.62009],[-0.07562,51.62081],[-0.08218,51.62185],[-0.07957,51.6271],[-0.07828,51.62899],[-0.07781,51.62972],[-0.07708,51.63013],[-0.07527,51.63094],[-0.07263,51.6319],[-0.07111,51.63296],[-0.06995,51.63365],[-0.06987,51.63372],[-0.06927,51.63361],[-0.06675,51.63335],[-0.06412,51.63248],[-0.06333,51.63242],[-0.0633,51.63252],[-0.06325,51.63264],[-0.06323,51.63264],[-0.06321,51.6327],[-0.06318,51.63286],[-0.06319,51.63295],[-0.06323,51.63332],[-0.06358,51.63335],[-0.06358,51.63344],[-0.06359,51.635],[-0.06349,51.6364],[-0.06263,51.638],[-0.05982,51.63954],[-0.0586,51.64007],[-0.05735,51.64103],[-0.05682,51.64127],[-0.05626,51.64163],[-0.05476,51.64236],[-0.05437,51.64101],[-0.05317,51.64075],[-0.05269,51.64067],[-0.05216,51.64063],[-0.05106,51.64055],[-0.05025,51.64037],[-0.04975,51.64023],[-0.04925,51.64012],[-0.04881,51.64023],[-0.04821,51.64026],[-0.04744,51.64019],[-0.0467,51.64009],[-0.04634,51.63998],[-0.04562,51.6399],[-0.04495,51.63983],[-0.04422,51.63951],[-0.04298,51.63941],[-0.04182,51.63917],[-0.04081,51.63896],[-0.03998,51.63882],[-0.03905,51.63868],[-0.03725,51.63826]]]}},{"type":"Feature","properties":{"source_code":"F85676","codes":["F85676"],"label":"BOUNDARY HOUSE SURGERY"},"geometry":{"type":"MultiPolygon","coordinates":[[[[-0.06959,51.63435],[-0.06083,51.64165],[-0.05961,51.65106],[-0.05951,51.65378],[-0.05932,51.65664],[-0.05843,51.66015],[-0.04764,51.66036],[-0.03708,51.65994],[-0.03687,51.65925],[-0.03563,51.65889],[-0.0347,51.65885],[-0.03402,51.65871],[-0.0328,51.65841],[-0.03115,51.65793],[-0.03287,51.65645],[-0.03367,51.65563],[-0.03447,51.65485],[-0.03531,51.65094],[-0.03394,51.64837],[-0.03446,51.64641],[-0.03377,51.64503],[-0.04214,51.6271],[-0.05265,51.62829],[-0.05494,51.62861],[-0.0571,51.62876],[-0.06169,51.62855],[-0.06286,51.63066],[-0.06433,51.63264],[-0.0656,51.63269],[-0.06674,51.63397],[-0.06959,51.63435]]],[[[-0.05843,51.66015],[-0.05845,51.66015],[-0.05791,51.66219],[-0.05843,51.66015]]]]}},{"type":"Feature","properties":{"source_code":"E82079","codes":["E82079"],"label":"CROMWELL MEDICAL CENTRE"},"geometry":{"type":"MultiPolygon","coordinates":[[[[-0.02102,51.72431],[-0.02096,51.72474],[-0.02095,51.72431],[-0.02102,51.72431]]],[[[-0.02108,51.72431],[-0.02132,51.72431],[-0.02649,51.72476],[-0.02169,51.72431],[-0.02132,51.72431],[-0.02109,51.72429],[-0.02108,51.72431],[-0.02102,51.72431],[-0.02227,51.71511],[-0.02396,51.71528],[-0.02567,51.71554],[-0.02823,51.71601],[-0.02777,51.71691],[-0.02891,51.71522],[-0.029,51.71512],[-0.03149,51.71354],[-0.03764,51.70786],[-0.03441,51.70517],[-0.0347,51.70217],[-0.03907,51.70282],[-0.04316,51.70262],[-0.04391,51.70038],[-0.04961,51.69903],[-0.05066,51.69777],[-0.05764,51.69566],[-0.06214,51.69842],[-0.06354,51.69942],[-0.06383,51.70059],[-0.06336,51.70266],[-0.06124,51.70685],[-0.05821,51.71597],[-0.04389,51.71554],[-0.03187,51.71959],[-0.03298,51.71937],[-0.03369,51.719],[-0.03262,51.74361],[-0.03056,51.74401],[-0.02914,51.74377],[-0.02553,51.74279],[-0.02101,51.74106],[-0.01817,51.74048],[-0.01577,51.73981],[-0.01792,51.73572],[-0.01911,51.73251],[-0.02008,51.72872],[-0.02045,51.72691],[-0.02073,51.72569],[-0.02108,51.72431]]],[[[-0.03027,51.71987],[-0.02896,51.71961],[-0.03019,51.71988],[-0.03027,51.71987]]],[[[-0.02755,51.7191],[-0.02752,51.71739],[-0.02736,51.71771],[-0.02735,51.71898],[-0.02755,51.7191]]]]}},{"type":"Feature","properties":{"source_code":"F85058","codes":["F85058"],"label":"NIGHTINGALE HOUSE SURGERY"},"geometry":{"type":"MultiPolygon","coordinates":[[[[-0.05699,51.64721],[-0.05357,51.64884],[-0.05253,51.6487],[-0.03914,51.64785],[-0.02541,51.64125],[-0.03708,51.61311],[-0.08377,51.61674],[-0.05699,51.64721]]],[[[-0.05357,51.64884],[-0.05562,51.64913],[-0.05253,51.64934],[-0.05357,51.64884]]]]}},{"type":"Feature","properties":{"source_code":"F85634","codes":["F85634"],"label":"EAST ENFIELD MEDICAL CENTRE"},"geometry":{"type":"MultiPolygon","coordinates":[[[[-0.09341,51.66522],[-0.09544,51.66446],[-0.08435,51.67107],[-0.09341,51.66522]]],[[[-0.07771,51.6749],[-0.0824,51.67383],[-0.07999,51.67575],[-0.07771,51.6749]]],[[[-0.09341,51.66522],[-0.07223,51.67312],[-0.0759,51.67336],[-0.07361,51.67338],[-0.07771,51.6749],[-0.07622,51.67524],[-0.06767,51.67482],[-0.05924,51.67796],[-0.04712,51.67251],[-0.03853,51.67601],[-0.03089,51.67313],[-0.02766,51.66784],[-0.03065,51.66723],[-0.02593,51.6658],[-0.02807,51.6603],[-0.02952,51.65432],[-0.02973,51.64859],[-0.02678,51.64305],[-0.03227,51.62889],[-0.03674,51.62207],[-0.04051,51.62143],[-0.05287,51.62335],[-0.07999,51.62356],[-0.08364,51.63392],[-0.0895,51.63443],[-0.09175,51.63707],[-0.09682,51.63741],[-0.10334,51.64103],[-0.10368,51.65019],[-0.09853,51.66191],[-0.09341,51.66522]]]]}},{"type":"Feature","properties":{"source_code":"F85004","codes":["F85004"],"label":"EAGLE HOUSE SURGERY"},"geometry":{"type":"Polygon","coordinates":[[[-0.04632,51.67209],[-0.04083,51.67092],[-0.04066,51.67092],[-0.04043,51.67093],[-0.03983,51.67192],[-0.03922,51.67176],[-0.02787,51.67122],[-0.02787,51.67101],[-0.0285,51.66784],[-0.03197,51.64721],[-0.03352,51.64508],[-0.03319,51.64457],[-0.03814,51.63594],[-0.03869,51.63472],[-0.03937,51.63189],[-0.03971,51.6321],[-0.04108,51.62699],[-0.04224,51.62699],[-0.04249,51.62644],[-0.04478,51.62699],[-0.04615,51.62699],[-0.04597,51.62763],[-0.05339,51.62838],[-0.0548,51.62851],[-0.05501,51.62855],[-0.05644,51.62869],[-0.05643,51.6288],[-0.05648,51.62881],[-0.05634,51.62948],[-0.05627,51.63003],[-0.05696,51.63024],[-0.05798,51.63022],[-0.06047,51.63069],[-0.06184,51.6314],[-0.06268,51.632],[-0.0645,51.63256],[-0.06489,51.63251],[-0.06592,51.63288],[-0.06595,51.63301],[-0.06983,51.63421],[-0.0704,51.63425],[-0.07126,51.63359],[-0.07394,51.63352],[-0.07671,51.63437],[-0.07811,51.63493],[-0.07881,51.6355],[-0.07957,51.63574],[-0.08128,51.63604],[-0.08134,51.63669],[-0.08054,51.63811],[-0.0802,51.63892],[-0.07998,51.63968],[-0.07924,51.64105],[-0.07772,51.64205],[-0.07635,51.64311],[-0.076,51.64396],[-0.07605,51.64446],[-0.0763,51.64492],[-0.07683,51.64549],[-0.07783,51.64605],[-0.07952,51.64695],[-0.07864,51.64856],[-0.07758,51.65037],[-0.07474,51.65187],[-0.07221,51.65322],[-0.07091,51.6541],[-0.06991,51.65525],[-0.06744,51.65861],[-0.06593,51.66023],[-0.06452,51.66174],[-0.06554,51.66273],[-0.06684,51.66348],[-0.06884,51.66406],[-0.07038,51.66481],[-0.07089,51.6652],[-0.0716,51.66551],[-0.07248,51.66637],[-0.07094,51.66691],[-0.06781,51.66811],[-0.06609,51.66928],[-0.06459,51.67064],[-0.0638,51.67132],[-0.06294,51.67158],[-0.06159,51.67163],[-0.06029,51.67152],[-0.05992,51.67224],[-0.06016,51.67305],[-0.06014,51.67388],[-0.06004,51.67454],[-0.05813,51.67464],[-0.05665,51.67484],[-0.05463,51.67401],[-0.05407,51.67373],[-0.0489,51.67263],[-0.04699,51.67229],[-0.04632,51.67209]]]}},{"type":"Feature","properties":{"source_code":"Y01839","codes":["Y01839"],"label":"SINNOTT MEDICAL CENTRE"},"geometry":{"type":"Polygon","coordinates":[[[-0.02744,51.59949],[-0.03017,51.59951],[-0.033,51.59928],[-0.03279,51.59891],[-0.03182,51.59845],[-0.03051,51.59824],[-0.02948,51.59797],[-0.0288,51.59773],[-0.02783,51.59701],[-0.02721,51.59624],[-0.02721,51.59565],[-0.02611,51.59549],[-0.02568,51.59399],[-0.02592,51.59339],[-0.02567,51.59289],[-0.02611,51.59252],[-0.0292,51.59148],[-0.0309,51.59121],[-0.03259,51.59076],[-0.03414,51.59013],[-0.03525,51.59038],[-0.03637,51.59048],[-0.03792,51.59072],[-0.03831,51.59086],[-0.03837,51.59104],[-0.03871,51.59199],[-0.03907,51.59298],[-0.03985,51.59292],[-0.04021,51.59294],[-0.04028,51.59374],[-0.04334,51.59291],[-0.04376,51.5933],[-0.04378,51.59369],[-0.04362,51.59447],[-0.04343,51.596],[-0.04354,51.59675],[-0.04279,51.59749],[-0.04231,51.59787],[-0.04146,51.59813],[-0.04146,51.59915],[-0.04077,51.60075],[-0.04051,51.60133],[-0.03983,51.60165],[-0.03802,51.60224],[-0.03641,51.6022],[-0.03485,51.60203],[-0.03395,51.60191],[-0.03328,51.60159],[-0.02961,51.60241],[-0.0294,51.60184],[-0.02763,51.60105],[-0.02744,51.59949]]]}},{"type":"Feature","properties":{"source_code":"E82133","codes":["E82133"],"label":"HIGH STREET SURGERY"},"geometry":{"type":"Polygon","coordinates":[[[-0.02592,51.72999],[-0.02023,51.7288],[-0.02693,51.68215],[-0.05137,51.68357],[-0.05047,51.68386],[-0.04935,51.68421],[-0.04882,51.68458],[-0.04815,51.68526],[-0.04671,51.68687],[-0.04592,51.68884],[-0.04558,51.69014],[-0.04581,51.6907],[-0.04607,51.69094],[-0.0468,51.69142],[-0.05309,51.69292],[-0.05733,51.69495],[-0.05817,51.69513],[-0.05839,51.69558],[-0.06246,51.69788],[-0.06431,51.69972],[-0.06446,51.70173],[-0.06401,51.70283],[-0.06203,51.70592],[-0.0621,51.70642],[-0.06244,51.70653],[-0.06394,51.70625],[-0.06572,51.70598],[-0.0698,51.70622],[-0.07517,51.70662],[-0.0771,51.70742],[-0.07935,51.70819],[-0.08244,51.70917],[-0.08424,51.70945],[-0.08557,51.70963],[-0.08699,51.70983],[-0.109,51.70796],[-0.10896,51.71034],[-0.1098,51.71459],[-0.11027,51.72319],[-0.09647,51.72495],[-0.09248,51.72656],[-0.08624,51.72591],[-0.08178,51.72558],[-0.076,51.7238],[-0.07051,51.72243],[-0.06789,51.72214],[-0.06635,51.72174],[-0.06283,51.72168],[-0.06118,51.72171],[-0.0598,51.72139],[-0.05749,51.72063],[-0.05605,51.71877],[-0.05341,51.71679],[-0.05289,51.716],[-0.05141,51.71529],[-0.04879,51.71404],[-0.04727,51.71412],[-0.04171,51.71552],[-0.0401,51.71626],[-0.03884,51.71779],[-0.03811,51.71933],[-0.03525,51.72058],[-0.03416,51.72122],[-0.03373,51.72442],[-0.03206,51.72587],[-0.03038,51.72574],[-0.02869,51.72505],[-0.0286,51.72519],[-0.02887,51.72583],[-0.0285,51.7265],[-0.02742,51.72832],[-0.02592,51.72999]]]}},{"type":"Feature","properties":{"source_code":"E82123","codes":["E82123"],"label":"WARDEN LODGE MEDICAL PRACTICE"},"geometry":{"type":"Polygon","coordinates":[[[-0.02178,51.71972],[-0.02181,51.71799],[-0.02212,51.71623],[-0.02682,51.69713],[-0.03806,51.69723],[-0.05087,51.6975],[-0.06075,51.69721],[-0.06274,51.69845],[-0.06403,51.70049],[-0.06111,51.70701],[-0.05801,51.70724],[-0.0501,51.70699],[-0.05043,51.71299],[-0.04448,51.71384],[-0.03948,51.71554],[-0.03779,51.71886],[-0.03733,51.7194],[-0.03583,51.72026],[-0.03129,51.71984],[-0.0263,51.71901],[-0.02476,51.72025],[-0.0238,51.72024],[-0.02178,51.71972]]]}},{"type":"Feature","properties":{"source_code":"F86001","codes":["F86001"],"label":"THE FIRS"},"geometry":{"type":"Polygon","coordinates":[[[0.00094,51.5992],[0.00372,51.59793],[0.00491,51.59552],[0.00618,51.5923],[0.00717,51.58913],[0.00575,51.58394],[-0.00554,51.57915],[-0.01021,51.5616],[-0.01841,51.5592],[-0.04161,51.56933],[-0.04429,51.60173],[-0.02532,51.60526],[-0.02041,51.60259],[-0.01769,51.60101],[-0.0172,51.60068],[-0.01674,51.60034],[-0.01635,51.6002],[-0.01631,51.59999],[-0.01552,51.60037],[-0.01322,51.60018],[-0.00757,51.60038],[-0.0054,51.60033],[-0.00323,51.60015],[-0.00119,51.59981],[0.00094,51.5992]]]}},{"type":"Feature","properties":{"source_code":"F86679","codes":["F86679"],"label":"HIGHAM HILL MEDICAL CENTRE"},"geometry":{"type":"Polygon","coordinates":[[[-0.04412,51.5871],[-0.03914,51.60192],[-0.01768,51.60064],[-0.0079,51.59989],[-0.00395,51.592],[-0.04412,51.5871]]]}},{"type":"Feature","properties":{"source_code":"E82092","codes":["E82092"],"label":"DOLPHIN HOUSE SURGERY"},"geometry":{"type":"Polygon","coordinates":[[[-0.0297,51.84214],[-0.02309,51.84278],[-0.01665,51.84267],[-0.01199,51.83957],[-0.00712,51.83692],[0.0035,51.83612],[0.00875,51.83636],[0.02734,51.8353],[0.03291,51.83526],[0.04097,51.82918],[0.04114,51.82819],[0.04302,51.82524],[0.04377,51.81827],[0.04244,51.80065],[0.04245,51.7967],[0.04349,51.79306],[0.04403,51.78696],[0.03978,51.78534],[0.02935,51.78499],[0.0246,51.78327],[0.01985,51.78059],[0.01686,51.77922],[0.01378,51.77889],[0.00881,51.77968],[0.00483,51.78093],[0.00229,51.78164],[0.00227,51.78269],[0.00231,51.78437],[0.00144,51.78762],[-0.00062,51.78765],[-0.00111,51.79067],[-0.00246,51.7905],[-0.00481,51.79067],[-0.00648,51.79046],[-0.00834,51.78919],[-0.00969,51.78858],[-0.01088,51.78807],[-0.01198,51.78779],[-0.01274,51.7873],[-0.01399,51.78584],[-0.01485,51.78563],[-0.01567,51.78568],[-0.0165,51.78531],[-0.01867,51.78579],[-0.02129,51.78568],[-0.02176,51.78624],[-0.0224,51.78765],[-0.02412,51.78925],[-0.02545,51.79082],[-0.02721,51.79391],[-0.03601,51.79765],[-0.04274,51.8014],[-0.04738,51.80543],[-0.04995,51.80861],[-0.05613,51.81477],[-0.06276,51.82451],[-0.06047,51.82915],[-0.05199,51.8323],[-0.04764,51.83461],[-0.03922,51.84066],[-0.03004,51.84219],[-0.0297,51.84214]]]}},{"type":"Feature","properties":{"source_code":"E82102","codes":["E82102"],"label":"NEW RIVER HEALTH"},"geometry":{"type":"Polygon","coordinates":[[[-0.07278,51.87819],[0.00137,51.84257],[0.03159,51.84172],[0.02403,51.80437],[-0.02129,51.78398],[-0.03777,51.80012],[-0.0769,51.81923],[-0.07278,51.87819]]]}},{"type":"Feature","properties":{"source_code":"F86708","codes":["F86708"],"label":"CLAREMONT MEDICAL CENTRE"},"geometry":{"type":"Polygon","coordinates":[[[-0.03189,51.591],[-0.03291,51.59077],[-0.03324,51.59106],[-0.03402,51.5908],[-0.03434,51.59092],[-0.03524,51.59058],[-0.03598,51.59051],[-0.03798,51.59082],[-0.03905,51.59303],[-0.04002,51.59294],[-0.04006,51.59395],[-0.04088,51.59498],[-0.04143,51.59708],[-0.04107,51.59816],[-0.04079,51.59861],[-0.04032,51.5988],[-0.03843,51.59881],[-0.03583,51.59903],[-0.03523,51.59924],[-0.03004,51.59964],[-0.03015,51.59773],[-0.02888,51.59531],[-0.03249,51.59467],[-0.03217,51.59422],[-0.03201,51.5938],[-0.03206,51.59346],[-0.03109,51.59247],[-0.03292,51.5919],[-0.03189,51.591]]]}},{"type":"Feature","properties":{"source_code":"E82638","codes":["E82638"],"label":"STANHOPE SURGERY"},"geometry":{"type":"Polygon","coordinates":[[[-0.0606,51.70671],[-0.05665,51.70735],[-0.05373,51.70682],[-0.04978,51.70703],[-0.04772,51.70193],[-0.0424,51.70289],[-0.03485,51.70246],[-0.02369,51.70289],[-0.02592,51.68735],[-0.00927,51.68714],[-0.01064,51.68405],[-0.01099,51.68075],[-0.01837,51.68118],[-0.02575,51.68245],[-0.03296,51.68267],[-0.03399,51.68022],[-0.03845,51.68107],[-0.04274,51.68182],[-0.04807,51.68065],[-0.05167,51.68065],[-0.0515,51.68341],[-0.04824,51.68554],[-0.04635,51.6882],[-0.04601,51.69139],[-0.05201,51.69267],[-0.05819,51.69576],[-0.06351,51.69884],[-0.06454,51.70257],[-0.0606,51.70671]]]}},{"type":"Feature","properties":{"source_code":"E82042","codes":["E82042"],"label":"ABBEY ROAD SURGERY"},"geometry":{"type":"Polygon","coordinates":[[[-0.03227,51.73394],[-0.02935,51.73319],[-0.02609,51.73277],[-0.02438,51.73229],[-0.01948,51.73139],[-0.02051,51.72506],[-0.02197,51.71528],[-0.02343,51.70592],[-0.02386,51.70326],[-0.01957,51.70044],[-0.01167,51.69804],[0.0018,51.69608],[0.0303,51.69342],[0.0345,51.69044],[0.03502,51.68857],[0.03227,51.6841],[0.02824,51.67884],[0.02326,51.67766],[0.01828,51.67809],[0.01081,51.67942],[0.00378,51.6807],[0.00163,51.6808],[-0.00232,51.68049],[-0.0085,51.68022],[-0.01468,51.68033],[-0.01725,51.68043],[-0.01751,51.67905],[-0.01794,51.675],[-0.01914,51.67064],[-0.01905,51.66952],[-0.02,51.66851],[-0.02103,51.66771],[-0.02167,51.6676],[-0.02262,51.66598],[-0.02287,51.66542],[-0.02659,51.66583],[-0.03,51.66663],[-0.03706,51.66914],[-0.04083,51.67072],[-0.0433,51.67104],[-0.04495,51.6714],[-0.04738,51.67209],[-0.05079,51.67291],[-0.05287,51.67302],[-0.05573,51.6744],[-0.05699,51.67471],[-0.05849,51.67442],[-0.06111,51.67456],[-0.06304,51.67571],[-0.06553,51.67808],[-0.06849,51.68139],[-0.07628,51.68836],[-0.07697,51.68905],[-0.08272,51.68986],[-0.08961,51.69082],[-0.0995,51.69272],[-0.11064,51.69526],[-0.12269,51.70017],[-0.12746,51.70495],[-0.12845,51.70634],[-0.1304,51.70937],[-0.13263,51.71344],[-0.12954,51.71602],[-0.12546,51.71897],[-0.11832,51.72171],[-0.11503,51.72281],[-0.10862,51.72425],[-0.10182,51.72522],[-0.09293,51.72664],[-0.08356,51.72686],[-0.07918,51.72696],[-0.07298,51.72736],[-0.06171,51.7282],[-0.05229,51.72914],[-0.04169,51.73124],[-0.03227,51.73394]]]}},{"type":"Feature","properties":{"source_code":"E82063","codes":["E82063"],"label":"THE MAPLES"},"geometry":{"type":"Polygon","coordinates":[[[-0.01724,51.74322],[-0.01725,51.74324],[-0.02249,51.73995],[-0.01724,51.74322],[-0.01588,51.73941],[-0.01828,51.73511],[-0.02017,51.72724],[-0.0242,51.69937],[-0.02567,51.71593],[-0.03235,51.71551],[-0.03795,51.7109],[-0.02609,51.71001],[-0.04228,51.70539],[-0.02506,51.70065],[-0.03811,51.69044],[-0.04836,51.69183],[-0.04807,51.69161],[-0.04866,51.69187],[-0.0491,51.69193],[-0.04949,51.69217],[-0.05459,51.69288],[-0.05648,51.69437],[-0.06128,51.69735],[-0.06319,51.70091],[-0.07202,51.70689],[-0.07536,51.70703],[-0.08154,51.70895],[-0.09272,51.70958],[-0.09613,51.70948],[-0.10008,51.70874],[-0.10626,51.70842],[-0.11021,51.70831],[-0.11021,51.71884],[-0.10918,51.72373],[-0.10403,51.72575],[-0.09991,51.72501],[-0.09699,51.72511],[-0.09605,51.72578],[-0.09459,51.72767],[-0.08995,51.72852],[-0.09476,51.72724],[-0.0944,51.72697],[-0.09373,51.72745],[-0.0872,51.72884],[-0.0482,51.72831],[-0.03887,51.72806],[-0.03878,51.72818],[-0.0482,51.72831],[-0.05974,51.72862],[-0.03875,51.72822],[-0.03296,51.73569],[-0.03296,51.74776],[-0.0336,51.75315],[-0.02317,51.75429],[-0.01815,51.75544],[-0.01699,51.75671],[-0.01326,51.75647],[-0.00807,51.75525],[-0.00978,51.75387],[-0.0115,51.75111],[-0.01159,51.74675],[-0.01724,51.74322]],[[-0.03229,51.72809],[-0.03229,51.72809],[-0.03363,51.72811],[-0.03373,51.72792],[-0.03227,51.72788],[-0.03229,51.72809],[-0.03227,51.72809],[-0.03229,51.72809],[-0.03253,51.73027],[-0.03363,51.72812],[-0.03229,51.72809]],[[-0.02609,51.72065],[-0.03101,51.71661],[-0.02568,51.71604],[-0.02609,51.72065]],[[-0.04152,51.71493],[-0.04242,51.71124],[-0.04678,51.71156],[-0.04528,51.70621],[-0.04483,51.70609],[-0.04261,51.71046],[-0.04242,51.71124],[-0.04222,51.71122],[-0.0403,51.715],[-0.04152,51.71493],[-0.04086,51.71767],[-0.03904,51.71747],[-0.03847,51.71859],[-0.04735,51.71712],[-0.04807,51.71618],[-0.04761,51.71454],[-0.04152,51.71493]],[[-0.04363,51.70623],[-0.04406,51.70588],[-0.04374,51.70579],[-0.04363,51.70623]],[[-0.08617,51.7098],[-0.0872,51.71048],[-0.0917,51.70973],[-0.08617,51.7098]],[[-0.06646,51.71203],[-0.07032,51.71329],[-0.07078,51.71321],[-0.06646,51.71203]]]}},{"type":"Feature","properties":{"source_code":"F86626","codes":["F86626"],"label":"DR SHANTIR PRACTICE"},"geometry":{"type":"Polygon","coordinates":[[[-0.0418,51.59883],[-0.01064,51.60277],[-0.00137,51.60192],[-0.00082,51.59267],[0.0024,51.58155],[-0.02541,51.5696],[-0.04274,51.58678],[-0.0418,51.59883]]]}},{"type":"Feature","properties":{"source_code":"F86005","codes":["F86005"],"label":"THE PENRHYN SURGERY"},"geometry":{"type":"Polygon","coordinates":[[[-0.02832,51.60693],[-0.01699,51.60064],[-0.01459,51.59808],[-0.01562,51.59467],[-0.01837,51.5935],[-0.01751,51.59072],[-0.02043,51.59062],[-0.0285,51.58966],[-0.0412,51.58678],[-0.04583,51.58688],[-0.04343,51.59595],[-0.04223,51.59861],[-0.04051,51.60224],[-0.03313,51.60213],[-0.02953,51.60245],[-0.02832,51.60693]]]}},{"type":"Feature","properties":{"source_code":"Y01291","codes":["Y01291"],"label":"CHINGFORD MEDICAL PRACTICE"},"geometry":{"type":"MultiPolygon","coordinates":[[[[-0.00279,51.61171],[-0.00193,51.60992],[-0.00223,51.61037],[-0.0027,51.61133],[-0.00279,51.61171]]],[[[-0.01833,51.62922],[-0.02094,51.62692],[-0.01991,51.62793],[-0.01871,51.62894],[-0.01833,51.62922]]],[[[-0.00279,51.61171],[-0.00327,51.61271],[-0.00335,51.61253],[-0.00474,51.61357],[-0.00343,51.61255],[-0.00421,51.61234],[-0.00472,51.61242],[-0.00498,51.61266],[-0.00592,51.61245],[-0.00691,51.61207],[-0.00781,51.6121],[-0.0085,51.61221],[-0.0097,51.61231],[-0.01189,51.61221],[-0.01429,51.61194],[-0.01635,51.61191],[-0.01931,51.61159],[-0.02227,51.61133],[-0.02502,51.61149],[-0.02798,51.61178],[-0.03,51.61202],[-0.0312,51.6121],[-0.03051,51.61274],[-0.02948,51.61357],[-0.02901,51.61455],[-0.02832,51.61623],[-0.02772,51.61727],[-0.02695,51.6185],[-0.02575,51.61967],[-0.02489,51.621],[-0.02326,51.62356],[-0.02137,51.62652],[-0.02098,51.62622],[-0.01482,51.63176],[-0.01506,51.6316],[-0.01622,51.63075],[-0.01738,51.62993],[-0.01833,51.62922],[-0.01339,51.63358],[-0.01362,51.63284],[-0.01322,51.6332],[-0.01193,51.63074],[-0.01335,51.63371],[-0.00936,51.63342],[-0.00824,51.6331],[-0.00721,51.63262],[-0.00502,51.63214],[-0.00245,51.63176],[-0.00146,51.63166],[-0.00013,51.63136],[0.00112,51.63025],[0.00215,51.62923],[0.00348,51.62843],[0.00532,51.62761],[0.00627,51.62718],[0.00734,51.62697],[0.00777,51.62553],[0.00828,51.62388],[0.00815,51.62265],[0.0085,51.62159],[0.00875,51.62017],[0.00875,51.61935],[0.00858,51.61882],[0.00691,51.61876],[0.00442,51.61884],[0.00262,51.61908],[0.00094,51.61914],[0.0,51.61911],[0.00043,51.61842],[0.00064,51.61804],[0.00039,51.61751],[0.0,51.61706],[-0.00034,51.61652],[-0.00017,51.61564],[0.00013,51.61487],[0.0,51.61418],[-0.00094,51.61365],[-0.00159,51.61325],[-0.00253,51.61271],[-0.00292,51.61226],[-0.00279,51.61171]]],[[[-0.00744,51.62141],[-0.01116,51.62914],[-0.00824,51.62292],[-0.00744,51.62141]]]]}},{"type":"Feature","properties":{"source_code":"F86030","codes":["F86030"],"label":"QUEENS ROAD MEDICAL CENTRE"},"geometry":{"type":"Polygon","coordinates":[[[-0.01725,51.58536],[-0.01459,51.58154],[-0.01275,51.57912],[-0.01674,51.57828],[-0.02556,51.5827],[-0.01695,51.5783],[-0.01558,51.57662],[-0.0203,51.57472],[-0.02678,51.57832],[-0.02861,51.58423],[-0.02884,51.58435],[-0.01725,51.58536]]]}},{"type":"Feature","properties":{"source_code":"E82090","codes":["E82090"],"label":"PARK LANE SURGERY"},"geometry":{"type":"Polygon","coordinates":[[[-0.02541,51.72533],[-0.07278,51.7383],[-0.0769,51.74871],[-0.02747,51.76232],[0.00412,51.75892],[-0.00652,51.75318],[0.0618,51.74255],[0.05905,51.73723],[0.03502,51.7349],[0.03845,51.72618],[0.0206,51.72682],[0.01442,51.71746],[-0.02541,51.72533]]]}},{"type":"Feature","properties":{"source_code":"E82132","codes":["E82132"],"label":"ROYSIA SURGERY"},"geometry":{"type":"Polygon","coordinates":[[[-0.10918,52.02799],[-0.11647,52.05703],[-0.13179,52.06869],[-0.14299,52.08183],[-0.13962,52.08344],[-0.13573,52.08421],[-0.12847,52.0849],[-0.11755,52.09156],[-0.09707,52.10508],[-0.09409,52.11744],[-0.09557,52.12522],[-0.0999,52.1322],[-0.09135,52.13591],[-0.08823,52.13781],[-0.08057,52.14367],[-0.08012,52.14627],[-0.07046,52.1504],[-0.06865,52.15149],[-0.06281,52.15088],[-0.04442,52.15048],[-0.01699,52.14524],[0.01974,52.13625],[0.02567,52.12689],[0.02984,52.12848],[0.03448,52.12972],[0.03957,52.13246],[0.04849,52.13159],[0.04978,52.13086],[0.04918,52.1297],[0.04459,52.12881],[0.04693,52.1261],[0.05116,52.12465],[0.05862,52.1224],[0.06523,52.11671],[0.07227,52.10813],[0.08154,52.09528],[0.07951,52.09313],[0.07919,52.08994],[0.07976,52.08397],[0.08742,52.07667],[0.07871,52.07347],[0.07914,52.06531],[0.07836,52.05853],[0.08326,52.05275],[0.08755,52.04828],[0.08636,52.04492],[0.09014,52.03924],[0.08801,52.03953],[0.0857,52.03792],[0.08334,52.03475],[0.07742,52.03114],[0.07605,52.02815],[0.07083,52.0269],[0.06642,52.02521],[0.05755,52.02343],[0.04658,52.01998],[0.03955,52.01722],[0.03835,52.01636],[0.03745,52.0152],[0.03527,52.01392],[0.03428,52.01287],[0.03098,52.01187],[0.02738,52.01093],[0.01139,52.0086],[-0.00064,52.00985],[-0.01064,52.00824],[-0.01416,52.00491],[-0.01884,52.00228],[-0.0249,52.00067],[-0.03689,52.00398],[-0.03991,52.00034],[-0.04463,51.99899],[-0.05945,52.00552],[-0.07392,52.00825],[-0.07755,52.01254],[-0.10918,52.02799]]]}},{"type":"Feature","properties":{"source_code":"F86627","codes":["F86627"],"label":"CHURCHILL MEDICAL CENTRE"},"geometry":{"type":"Polygon","coordinates":[[[-0.00961,51.64657],[0.02918,51.62185],[0.00961,51.59307],[-0.01751,51.59008],[-0.01614,51.60053],[-0.03502,51.60928],[-0.00961,51.64657]]]}},{"type":"Feature","properties":{"source_code":"E82088","codes":["E82088"],"label":"HAILEY VIEW SURGERY"},"geometry":{"type":"Polygon","coordinates":[[[-0.04892,51.76133],[-0.04422,51.79807],[-0.01167,51.80466],[0.0027,51.79618],[0.00575,51.79371],[0.01033,51.79065],[0.01727,51.78506],[0.01938,51.78404],[0.02139,51.7829],[0.02513,51.78052],[0.0291,51.78053],[0.03081,51.77898],[0.03468,51.77921],[0.03493,51.77708],[0.03674,51.77543],[0.04549,51.77464],[0.0495,51.77485],[0.05313,51.77546],[0.0539,51.7723],[0.04678,51.77182],[0.04525,51.77113],[0.04382,51.77031],[0.04004,51.76978],[0.03856,51.769],[0.03755,51.76779],[0.0383,51.76664],[0.03927,51.76558],[0.04047,51.76338],[0.04062,51.76214],[0.03978,51.76109],[0.04091,51.76025],[0.04122,51.75927],[0.04141,51.75748],[0.04302,51.75686],[0.04463,51.75647],[0.0462,51.75622],[0.04776,51.75637],[0.04879,51.75573],[0.04935,51.75382],[0.04843,51.75277],[0.04704,51.7521],[0.04626,51.75063],[0.03528,51.74943],[0.03465,51.74963],[0.03402,51.75025],[0.03289,51.75168],[0.03068,51.75235],[0.02774,51.75242],[0.02468,51.75257],[0.02243,51.75176],[0.02036,51.75126],[0.01888,51.74994],[0.00421,51.75336],[-0.00536,51.74717],[-0.01605,51.75172],[-0.01927,51.75934],[-0.04892,51.76133]]]}},{"type":"Feature","properties":{"source_code":"E82061","codes":["E82061"],"label":"AMWELL SURGERY"},"geometry":{"type":"Polygon","coordinates":[[[-0.02948,51.79803],[-0.01631,51.80092],[-0.01146,51.79978],[-0.00034,51.79155],[0.00124,51.79006],[0.00863,51.7889],[0.00657,51.78416],[0.0068,51.78044],[0.0127,51.76734],[0.01423,51.76228],[0.01159,51.75348],[0.01294,51.74438],[0.01114,51.74111],[0.01251,51.73539],[0.00841,51.73378],[-0.01232,51.7368],[-0.01665,51.74029],[-0.01822,51.74125],[-0.0197,51.74118],[-0.02251,51.74028],[-0.02459,51.74137],[-0.03178,51.74319],[-0.03296,51.74316],[-0.0344,51.74259],[-0.03541,51.74214],[-0.03631,51.7421],[-0.0395,51.74248],[-0.04573,51.74376],[-0.04749,51.74377],[-0.04867,51.74361],[-0.04978,51.74341],[-0.05055,51.74335],[-0.051,51.74363],[-0.05098,51.74731],[-0.04922,51.76221],[-0.04729,51.77647],[-0.04618,51.78741],[-0.04515,51.78945],[-0.03914,51.79521],[-0.02948,51.79803]]]}},{"type":"Feature","properties":{"source_code":"F86078","codes":["F86078"],"label":"THE RIDGEWAY SURGERY"},"geometry":{"type":"Polygon","coordinates":[[[0.00869,51.64384],[0.01249,51.63389],[0.02103,51.63572],[0.03365,51.63858],[0.02581,51.61837],[0.02438,51.61354],[0.02232,51.60757],[0.01476,51.59989],[0.01511,51.6007],[0.01502,51.60062],[0.01202,51.59605],[0.01495,51.60054],[0.01099,51.59669],[0.01004,51.59684],[0.00794,51.59658],[0.01099,51.59541],[0.00615,51.59637],[-0.00892,51.59454],[-0.01445,51.59371],[-0.01459,51.5932],[-0.01996,51.59328],[-0.02051,51.59283],[-0.02014,51.59392],[-0.0206,51.59392],[-0.02303,51.59983],[-0.03399,51.61247],[-0.03397,51.61249],[-0.03433,51.6129],[-0.0107,51.64858],[-0.01064,51.64889],[-0.01056,51.64913],[-0.0102,51.64933],[-0.00412,51.6585],[0.00204,51.65472],[0.00545,51.65334],[0.00508,51.65286],[0.00591,51.65235],[0.00869,51.64384]],[[-0.02076,51.59624],[-0.01958,51.59562],[-0.01952,51.59579],[-0.01968,51.59598],[-0.02076,51.59624]]]}},{"type":"Feature","properties":{"source_code":"F86700","codes":["F86700"],"label":"KINGS HEAD MEDICAL PRACTICE"},"geometry":{"type":"MultiPolygon","coordinates":[[[[-0.00531,51.62566],[-0.00582,51.6257],[-0.0062,51.62587],[-0.00531,51.62566]]],[[[0.01212,51.63414],[0.01208,51.63413],[0.01208,51.63413],[0.01213,51.63414],[0.01212,51.63414]]],[[[0.01215,51.63415],[0.01215,51.63415],[0.01213,51.63414],[0.01219,51.63439],[0.01219,51.63416],[0.01215,51.63415]]],[[[0.0093,51.64593],[0.00867,51.64676],[0.00822,51.64778],[0.00815,51.64801],[0.0093,51.64593]]],[[[0.00822,51.64778],[0.00873,51.64596],[0.01221,51.63593],[0.01227,51.64055],[0.0093,51.64593],[0.01004,51.64495],[0.01116,51.64356],[0.01163,51.64207],[0.01232,51.64047],[0.01279,51.63866],[0.0127,51.63627],[0.01244,51.63529],[0.0127,51.63453],[0.0123,51.63478],[0.01219,51.63439],[0.0122,51.63484],[0.01181,51.63508],[0.01208,51.63413],[0.00884,51.63323],[0.01208,51.63413],[0.0121,51.63405],[0.01212,51.63414],[0.01215,51.63415],[0.01442,51.63395],[0.01564,51.63092],[0.01738,51.62755],[0.01064,51.62734],[0.00657,51.62702],[0.00403,51.62817],[0.00189,51.62385],[8e-05,51.6243],[-0.00054,51.6244],[-0.00071,51.62449],[-0.00395,51.62529],[-0.00492,51.62556],[-0.00531,51.62566],[-0.00521,51.62565],[-0.00662,51.62605],[-0.0062,51.62587],[-0.01189,51.6272],[-0.01049,51.62705],[-0.0121,51.62737],[-0.01321,51.63068],[-0.01322,51.63025],[-0.01468,51.64157],[-0.0125,51.63767],[-0.01167,51.64026],[-0.0112,51.64404],[-0.01047,51.64684],[-0.01073,51.64876],[-0.01058,51.64888],[-0.01064,51.64892],[-0.00678,51.65303],[-0.00614,51.65416],[-0.00558,51.65579],[-0.00464,51.6553],[-0.00463,51.65531],[0.0013,51.65372],[0.00318,51.65374],[0.00506,51.65272],[0.00511,51.6527],[0.00652,51.65232],[0.00766,51.64903],[0.00772,51.64889],[0.00822,51.64778]]]]}},{"type":"Feature","properties":{"source_code":"E82006","codes":["E82006"],"label":"THE LIMES SURGERY"},"geometry":{"type":"Polygon","coordinates":[[[0.04257,51.80861],[0.02798,51.79993],[0.02806,51.79924],[0.04326,51.80777],[0.06935,51.76572],[0.0618,51.7266],[0.05967,51.72674],[0.06103,51.7248],[-0.0951,51.73553],[-0.09448,51.73712],[-0.09613,51.73723],[-0.11467,51.78016],[-0.08104,51.8086],[-0.08102,51.80946],[-0.07467,51.80899],[0.01854,51.81456],[0.04257,51.80861]]]}},{"type":"Feature","properties":{"source_code":"F86689","codes":["F86689"],"label":"THE BAILEY PRACTICE"},"geometry":{"type":"MultiPolygon","coordinates":[[[[-0.00321,51.57971],[-0.00313,51.57965],[-0.00343,51.57963],[-0.00321,51.57971]]],[[[-0.00379,51.58132],[-0.00377,51.58127],[-0.00379,51.58126],[-0.00379,51.58132]]],[[[-0.00828,51.58696],[-0.00833,51.58707],[-0.00839,51.5872],[-0.00832,51.5888],[-0.00862,51.59051],[-0.003,51.59168],[0.00961,51.59392],[0.00498,51.58283],[-0.00321,51.57971],[-0.00347,51.57992],[-0.00347,51.58072],[-0.00381,51.58168],[-0.00379,51.58132],[-0.00406,51.58192],[-0.00567,51.58259],[-0.00675,51.58277],[-0.00737,51.58314],[-0.00746,51.58445],[-0.00774,51.5848],[-0.00802,51.58527],[-0.00822,51.58573],[-0.00826,51.58615],[-0.00818,51.58646],[-0.00832,51.58664],[-0.0082,51.58672],[-0.00828,51.58696]]]]}},{"type":"Feature","properties":{"source_code":"F86607","codes":["F86607"],"label":"ADDISON ROAD MEDICAL PRACTICE"},"geometry":{"type":"Polygon","coordinates":[[[-0.01751,51.59008],[-0.01829,51.59365],[-0.0163,51.59404],[-0.01478,51.59035],[-0.00875,51.59113],[-0.00974,51.5936],[-0.0059,51.59456],[-0.00406,51.59212],[0.00996,51.59403],[0.00709,51.58704],[0.01267,51.58355],[0.00872,51.57763],[-0.00039,51.57346],[-0.00633,51.57806],[-0.01305,51.57568],[-0.01751,51.57847],[-0.01854,51.58155],[-0.02094,51.58784],[-0.01751,51.59008]]]}},{"type":"Feature","properties":{"source_code":"F86026","codes":["F86026"],"label":"THE FOREST SURGERY"},"geometry":{"type":"MultiPolygon","coordinates":[[[[0.00566,51.58814],[0.00567,51.58813],[0.00545,51.58811],[0.00554,51.58815],[0.00566,51.58814]]],[[[0.00566,51.58814],[0.00564,51.58819],[0.00579,51.58825],[0.00582,51.58826],[0.00587,51.58823],[0.00577,51.58821],[0.00568,51.58814],[0.00566,51.58814]]],[[[0.00685,51.58879],[0.00686,51.5888],[0.00687,51.58881],[0.00687,51.5888],[0.00689,51.58884],[0.00687,51.58881],[0.00686,51.58883],[0.00687,51.58887],[0.0069,51.58888],[0.00652,51.58726],[0.00685,51.58879]]],[[[-0.01751,51.6177],[0.00283,51.61882],[0.00906,51.61831],[0.01528,51.61567],[0.01884,51.61018],[0.01908,51.60733],[0.01725,51.60448],[0.00961,51.59392],[0.00721,51.59046],[0.00687,51.58887],[0.00684,51.58887],[0.00686,51.58883],[0.00685,51.58879],[0.00617,51.58832],[0.00582,51.58826],[0.00581,51.58826],[0.00579,51.58825],[0.00562,51.58822],[0.00564,51.58819],[0.00554,51.58815],[0.00548,51.58815],[0.00495,51.58786],[0.00147,51.58656],[0.00041,51.5864],[-0.00122,51.58638],[-0.00175,51.58663],[-0.00263,51.58639],[-0.00339,51.5871],[-0.00398,51.58836],[-0.00431,51.58974],[-0.00524,51.5912],[-0.01112,51.59022],[-0.01699,51.58987],[-0.01764,51.5934],[-0.01605,51.59587],[-0.01734,51.60336],[-0.01751,51.6177]]]]}},{"type":"Feature","properties":{"source_code":"D81607","codes":["D81607"],"label":"SWAVESEY SURGERY"},"geometry":{"type":"Polygon","coordinates":[[[0.06866,52.31582],[0.0436,52.25051],[0.02472,52.24441],[-0.03227,52.25198],[-0.11227,52.30617],[-0.11192,52.3152],[-0.01236,52.3068],[-0.0006,52.31593],[-0.00034,52.31645],[6e-05,52.31645],[0.00034,52.31666],[0.00023,52.31644],[0.06866,52.31582]]]}},{"type":"Feature","properties":{"source_code":"F86086","codes":["F86086"],"label":"DR DHITAL PRACTICE"},"geometry":{"type":"Polygon","coordinates":[[[-0.01682,51.60064],[-0.00266,51.60005],[0.00097,51.59929],[0.00425,51.59789],[0.01116,51.5952],[0.00669,51.58779],[0.00635,51.58467],[0.00154,51.58203],[-0.00524,51.57963],[-0.01287,51.57536],[-0.01691,51.57875],[-0.01796,51.57962],[-0.01798,51.58071],[-0.01794,51.58256],[-0.0188,51.58426],[-0.01957,51.58616],[-0.02038,51.58791],[-0.01912,51.58902],[-0.01699,51.59014],[-0.01676,51.59147],[-0.01772,51.59334],[-0.01519,51.5951],[-0.01438,51.59835],[-0.01682,51.60064]]]}},{"type":"Feature","properties":{"source_code":"F86644","codes":["F86644"],"label":"WALTHAM FOREST COMM & FAM HTH SERV LTD"},"geometry":{"type":"Polygon","coordinates":[[[0.0,51.58155],[-0.00283,51.58656],[-0.00798,51.58571],[-0.01365,51.58406],[-0.01897,51.58331],[-0.03322,51.58112],[-0.03691,51.58336],[-0.04051,51.58715],[-0.04008,51.59126],[-0.0412,51.59547],[-0.04193,51.59712],[-0.04043,51.59877],[-0.03064,51.59957],[-0.02,51.60059],[-0.01631,51.60069],[-0.01004,51.60037],[-0.00283,51.60059],[0.00257,51.59904],[0.0076,51.59691],[0.01006,51.59587],[0.0103,51.59451],[0.00575,51.58384],[0.0,51.58155]]]}},{"type":"Feature","properties":{"source_code":"F86018","codes":["F86018"],"label":"THE ECCLESBOURNE PRACTICE"},"geometry":{"type":"MultiPolygon","coordinates":[[[[0.01219,51.5759],[0.0,51.57216],[-0.01287,51.57536],[-0.02506,51.57035],[-0.03056,51.58006],[-0.03622,51.5839],[-0.04,51.58699],[-0.01923,51.5904],[0.00996,51.59392],[0.00515,51.58411],[0.00755,51.58112],[0.00292,51.57963],[0.01219,51.5759]]],[[[0.03665,51.61748],[0.03983,51.6161],[0.04369,51.61719],[0.06145,51.6105],[0.06163,51.6069],[0.05609,51.60059],[0.04369,51.60099],[0.04043,51.59837],[0.03815,51.5944],[0.03622,51.5944],[0.03189,51.59573],[0.02609,51.59669],[0.02214,51.59624],[0.01974,51.60099],[0.01875,51.60576],[0.02099,51.60861],[0.02403,51.61277],[0.02781,51.61389],[0.03313,51.61525],[0.03665,51.61748]]]]}},{"type":"Feature","properties":{"source_code":"F86616","codes":["F86616"],"label":"THE OLD CHURCH SURGERY"},"geometry":{"type":"Polygon","coordinates":[[[-0.02371,51.62468],[-0.02262,51.6259],[-0.02137,51.62753],[-0.01991,51.62925],[-0.01751,51.63027],[-0.01494,51.63144],[-0.01322,51.63294],[-0.01305,51.63464],[-0.01287,51.63624],[-0.01184,51.63954],[-0.0109,51.64668],[-0.01129,51.64868],[-0.01026,51.64942],[-0.00923,51.64979],[-0.00721,51.65179],[-0.00631,51.65379],[-0.00605,51.65435],[-0.00588,51.65472],[-0.00532,51.65536],[-0.00481,51.65541],[-0.00322,51.65448],[-0.0018,51.65411],[0.00017,51.65382],[0.00094,51.65358],[0.00099,51.65357],[0.00159,51.65373],[0.00236,51.65379],[0.00326,51.65368],[0.00481,51.65275],[0.00583,51.65169],[0.00652,51.65073],[0.00695,51.65011],[0.00755,51.64892],[0.00815,51.64828],[0.00837,51.64766],[0.00996,51.64466],[0.01481,51.64208],[0.01883,51.6416],[0.02187,51.64176],[0.02491,51.64165],[0.03261,51.63858],[0.03116,51.63762],[0.02918,51.63704],[0.02687,51.63581],[0.02609,51.63507],[0.02536,51.63363],[0.0242,51.63175],[0.02287,51.62801],[0.02223,51.62436],[0.02249,51.62382],[0.02249,51.62319],[0.02274,51.62228],[0.0236,51.62148],[0.02395,51.62068],[0.02463,51.61988],[0.02557,51.61935],[0.02635,51.61839],[0.02523,51.6178],[0.02566,51.61748],[0.02532,51.61695],[0.02515,51.61567],[0.02472,51.61525],[0.02489,51.61461],[0.02455,51.61375],[0.02369,51.61295],[0.02343,51.61205],[0.0224,51.61077],[0.02069,51.60949],[0.01953,51.60709],[0.01822,51.60572],[0.01708,51.60448],[0.01598,51.60327],[0.01483,51.60193],[0.01275,51.59968],[0.01106,51.59665],[0.01059,51.5964],[0.00994,51.59625],[0.00921,51.59649],[0.00543,51.59795],[0.0025,51.59913],[0.00041,51.59981],[-0.00318,51.60052],[-0.00695,51.60069],[-0.01013,51.60061],[-0.0133,51.60061],[-0.01511,51.60083],[-0.01691,51.60127],[-0.02163,51.60383],[-0.02618,51.6063],[-0.02796,51.60713],[-0.02957,51.60826],[-0.03006,51.60908],[-0.0302,51.60969],[-0.03032,51.61023],[-0.03052,51.61084],[-0.03103,51.61145],[-0.0314,51.6119],[-0.03208,51.61225],[-0.03347,51.61291],[-0.03249,51.6145],[-0.03141,51.61612],[-0.03097,51.61714],[-0.03028,51.61752],[-0.02884,51.61842],[-0.02798,51.61923],[-0.02716,51.61986],[-0.02666,51.62037],[-0.02644,51.62058],[-0.02605,51.62107],[-0.02551,51.62131],[-0.02519,51.62186],[-0.02493,51.62251],[-0.0245,51.62362],[-0.0242,51.62417],[-0.02371,51.62468]]]}},{"type":"Feature","properties":{"source_code":"F86004","codes":["F86004"],"label":"HANDSWORTH MEDICAL PRACTICE"},"geometry":{"type":"Polygon","coordinates":[[[0.0242,51.61898],[0.00463,51.59893],[-0.01511,51.60117],[-0.01476,51.62505],[0.00687,51.62676],[0.01631,51.62665],[0.0242,51.61898]]]}},{"type":"Feature","properties":{"source_code":"F81749","codes":["F81749"],"label":"MARKET SQUARE SURGERY"},"geometry":{"type":"Polygon","coordinates":[[[-0.01099,51.6487],[-0.06008,51.71086],[-0.04309,51.74743],[-0.04009,51.77506],[0.01373,51.78313],[0.13046,51.76784],[0.13664,51.69256],[0.10643,51.66702],[0.07553,51.64103],[-0.01099,51.6487]]]}},{"type":"Feature","properties":{"source_code":"F86664","codes":["F86664"],"label":"LARKSHALL MEDICAL CENTRE"},"geometry":{"type":"Polygon","coordinates":[[[0.1054,51.65807],[0.06901,51.61354],[0.05785,51.61002],[0.0515,51.60608],[0.04635,51.60011],[0.03742,51.59328],[0.02747,51.59627],[0.01373,51.59541],[-0.00206,51.60011],[-0.01339,51.59989],[-0.02953,51.60906],[-0.03708,51.61354],[-0.04841,51.61247],[-0.02953,51.65786],[0.1054,51.65807]]]}},{"type":"Feature","properties":{"source_code":"D81033","codes":["D81033"],"label":"OVER SURGERY"},"geometry":{"type":"Polygon","coordinates":[[[0.07347,52.31142],[0.07536,52.29746],[0.06454,52.27488],[0.04798,52.27063],[0.03176,52.27435],[0.01639,52.27777],[0.00103,52.2837],[-0.01339,52.28895],[-0.01579,52.29998],[-0.0127,52.311],[-0.0006,52.32175],[0.01631,52.32726],[0.0515,52.32506],[0.06763,52.31887],[0.07347,52.31142]]]}},{"type":"Feature","properties":{"source_code":"D81078","codes":["D81078"],"label":"MAPLE SURGERY BAR HILL HEALTH CENTRE"},"geometry":{"type":"Polygon","coordinates":[[[0.00309,52.22107],[-0.03468,52.23769],[-0.04361,52.2566],[-0.02095,52.29231],[-0.01717,52.3154],[0.06111,52.32422],[0.07742,52.28675],[0.10678,52.25429],[0.10008,52.23926],[0.06935,52.2299],[0.04051,52.21918],[0.00309,52.22107]]]}},{"type":"Feature","properties":{"source_code":"D81035","codes":["D81035"],"label":"COMBERTON SURGERY"},"geometry":{"type":"Polygon","coordinates":[[[0.02884,52.24294],[0.0824,52.21897],[0.07965,52.20172],[0.07486,52.17983],[0.06935,52.17141],[0.05424,52.12337],[0.01236,52.12632],[-0.06729,52.11536],[-0.10437,52.12421],[-0.07072,52.16888],[-0.07484,52.19751],[-0.04051,52.19204],[-0.02884,52.21939],[0.02884,52.24294]]]}},{"type":"Feature","properties":{"source_code":"D81018","codes":["D81018"],"label":"ORCHARD SURGERY,MELBOURN"},"geometry":{"type":"MultiPolygon","coordinates":[[[[-0.04395,52.07761],[-0.05665,52.07149],[-0.0769,52.07761],[-0.05562,52.08204],[-0.04395,52.07761]]],[[[-0.02824,52.1307],[-0.03244,52.12964],[-0.03648,52.1308],[-0.0327,52.13185],[-0.02824,52.1307]]],[[[0.06866,52.12548],[0.08992,52.09938],[0.09579,52.10313],[0.10351,52.09981],[0.0975,52.09596],[0.09,52.09928],[0.103,52.0833],[0.04206,52.06405],[0.04017,52.06353],[0.01202,52.05033],[-0.00463,52.05001],[-0.01427,52.0484],[-0.01339,52.04806],[-0.02712,52.04426],[-0.03708,52.0489],[-0.02266,52.05165],[-0.02173,52.05129],[-0.03639,52.08035],[-0.05184,52.11536],[0.03296,52.13433],[0.06866,52.12548]]],[[[0.02343,52.0589],[0.0059,52.05405],[0.00987,52.05508],[0.01523,52.05658],[0.02077,52.05808],[0.02343,52.0589]]],[[[-0.00463,52.13596],[-0.01073,52.13254],[-0.01725,52.13544],[-0.01124,52.13744],[-0.00463,52.13596]]],[[[-0.05596,52.13512],[-0.06437,52.13233],[-0.07364,52.13507],[-0.06557,52.13876],[-0.05596,52.13512]]]]}},{"type":"Feature","properties":{"source_code":"F86012","codes":["F86012"],"label":"RYDAL"},"geometry":{"type":"MultiPolygon","coordinates":[[[[0.02154,51.59664],[0.02189,51.596],[0.02154,51.59653],[0.02154,51.59664]]],[[[0.02146,51.59678],[0.0215,51.59589],[0.02137,51.5964],[0.02137,51.59694],[0.02146,51.59678]]],[[[0.02154,51.59664],[0.02146,51.59678],[0.02142,51.59759],[0.0215,51.59752],[0.02154,51.59664]]],[[[0.02142,51.59759],[0.02137,51.59763],[0.02137,51.59783],[0.02141,51.59783],[0.02142,51.59759]]],[[[0.02141,51.59783],[0.02141,51.59787],[0.02129,51.59789],[0.02505,51.59822],[0.0242,51.59812],[0.02141,51.59783]]],[[[0.03287,51.59904],[0.02103,51.59792],[0.02137,51.59763],[0.02137,51.59694],[0.02111,51.59741],[0.02137,51.5964],[0.02137,51.59589],[0.01236,51.59541],[0.00987,51.6178],[0.01429,51.61815],[0.02107,51.62855],[0.02135,51.62909],[0.04845,51.62993],[0.04725,51.62514],[0.05111,51.62472],[0.04843,51.61868],[0.04043,51.60544],[0.03862,51.60428],[0.03493,51.60315],[0.0339,51.59873],[0.03253,51.59889],[0.02505,51.59822],[0.02712,51.59848],[0.03287,51.59904]]]]}},{"type":"Feature","properties":{"source_code":"F81725","codes":["F81725"],"label":"MAYNARD COURT SURGERY"},"geometry":{"type":"Polygon","coordinates":[[[0.0539,51.77145],[0.10283,51.7706],[0.14008,51.72129],[0.11673,51.66702],[0.02747,51.61823],[-0.00103,51.68171],[-0.05802,51.68618],[0.0539,51.77145]]]}},{"type":"Feature","properties":{"source_code":"F86064","codes":["F86064"],"label":"THE ELMHURST PRACTICE"},"geometry":{"type":"MultiPolygon","coordinates":[[[[0.04101,51.63025],[0.04112,51.63021],[0.04097,51.63027],[0.04101,51.63025]]],[[[0.04061,51.63042],[0.04109,51.63023],[0.04101,51.63025],[0.04057,51.63043],[0.04061,51.63042]]],[[[0.04097,51.63027],[0.04028,51.63048],[0.04017,51.63053],[0.04038,51.63048],[0.04044,51.63046],[0.04097,51.63027]]],[[[0.03706,51.63068],[0.03787,51.63035],[0.03784,51.63026],[0.03706,51.63068]]],[[[0.04061,51.63042],[0.03911,51.63102],[0.03896,51.6311],[0.04098,51.63033],[0.04061,51.63042]]],[[[0.03829,51.63135],[0.03829,51.63135],[0.03839,51.63131],[0.03829,51.63135]]],[[[0.03896,51.6311],[0.03847,51.63128],[0.03828,51.63136],[0.03816,51.63147],[0.03896,51.6311]]],[[[0.03828,51.63136],[0.03829,51.63135],[0.0376,51.63163],[0.03828,51.63136]]],[[[0.03098,51.63147],[0.0371,51.6318],[0.03829,51.63135],[0.03843,51.63122],[0.03975,51.63072],[0.04017,51.63053],[0.03994,51.63058],[0.04028,51.63048],[0.04089,51.63019],[0.03676,51.6317],[0.03649,51.63172],[0.03609,51.6312],[0.03706,51.63068],[0.03612,51.63106],[0.03534,51.63024],[0.03439,51.62915],[0.03361,51.6282],[0.03314,51.6271],[0.03699,51.62718],[0.03866,51.6273],[0.04032,51.62726],[0.04146,51.62731],[0.04217,51.62714],[0.04359,51.62693],[0.04527,51.62715],[0.04695,51.6271],[0.0468,51.62626],[0.04648,51.62526],[0.04592,51.62353],[0.04508,51.62199],[0.04416,51.62033],[0.04261,51.61818],[0.04008,51.61493],[0.03772,51.61205],[0.03541,51.60925],[0.03403,51.60706],[0.03223,51.60377],[0.03414,51.60329],[0.03613,51.60276],[0.03884,51.60203],[0.04206,51.60127],[0.04294,51.60089],[0.04279,51.60072],[0.0403,51.5992],[0.03875,51.59619],[0.03639,51.59254],[0.03762,51.59087],[0.0381,51.59009],[0.03875,51.58918],[0.03912,51.58864],[0.03934,51.58814],[0.03949,51.58776],[0.03965,51.58712],[0.03976,51.58636],[0.03974,51.58568],[0.03968,51.58461],[0.03945,51.58384],[0.03976,51.58203],[0.03993,51.58168],[0.03927,51.58172],[0.03846,51.58172],[0.03562,51.5817],[0.03564,51.57988],[0.03574,51.57868],[0.03577,51.57747],[0.03444,51.5773],[0.03347,51.57693],[0.03291,51.5768],[0.03226,51.57667],[0.03113,51.57654],[0.03042,51.57647],[0.0299,51.57633],[0.02887,51.57617],[0.02734,51.57546],[0.02508,51.57465],[0.02328,51.57375],[0.0204,51.57262],[0.0176,51.57174],[0.01622,51.57302],[0.01749,51.57431],[0.01737,51.57646],[0.01739,51.57751],[0.01749,51.5779],[0.01773,51.5783],[0.01762,51.579],[0.01756,51.57922],[0.01781,51.57954],[0.01808,51.57988],[0.01839,51.58012],[0.01874,51.58038],[0.01931,51.58081],[0.01979,51.58135],[0.02019,51.582],[0.02014,51.58255],[0.02013,51.58312],[0.01337,51.58327],[0.01003,51.5833],[0.00665,51.58347],[0.00629,51.58354],[0.006,51.58368],[0.00593,51.58373],[0.00603,51.58397],[0.00626,51.58456],[0.00629,51.58484],[0.00641,51.58557],[0.00639,51.58592],[0.00649,51.58635],[0.00657,51.58691],[0.00738,51.58884],[0.00843,51.5908],[0.00919,51.5925],[0.00973,51.59353],[0.00986,51.59389],[0.01009,51.59423],[0.01154,51.59731],[0.01225,51.59867],[0.01261,51.59929],[0.01293,51.59975],[0.01352,51.60037],[0.01605,51.6032],[0.01777,51.60521],[0.01867,51.60624],[0.01991,51.60728],[0.02116,51.60906],[0.02408,51.61285],[0.02478,51.61481],[0.02527,51.616],[0.02571,51.61703],[0.02704,51.61928],[0.02785,51.62159],[0.02875,51.62513],[0.03038,51.62982],[0.03098,51.63147]]],[[[0.03917,51.631],[0.04057,51.63043],[0.04044,51.63046],[0.03975,51.63072],[0.03917,51.631]]],[[[0.03917,51.631],[0.03839,51.63131],[0.03847,51.63128],[0.03911,51.63102],[0.03917,51.631]]]]}},{"type":"Feature","properties":{"source_code":"F86658","codes":["F86658"],"label":"QUEEN MARY PRACTICE"},"geometry":{"type":"Polygon","coordinates":[[[0.03244,51.60381],[0.02841,51.59632],[0.03347,51.59536],[0.03605,51.59419],[0.03725,51.59259],[0.03794,51.59179],[0.03862,51.59024],[0.03759,51.58907],[0.03751,51.58736],[0.03571,51.58603],[0.03399,51.58566],[0.03116,51.5848],[0.02626,51.5855],[0.02017,51.58342],[0.01519,51.58347],[0.01313,51.5839],[0.01159,51.58672],[0.00953,51.58987],[0.00966,51.59184],[0.01047,51.59392],[0.0097,51.59494],[0.0103,51.59595],[0.01159,51.59824],[0.01542,51.60248],[0.01532,51.60253],[0.01893,51.60632],[0.02159,51.60885],[0.02425,51.60754],[0.02661,51.60522],[0.03244,51.60381]],[[0.02154,51.59941],[0.02533,51.5977],[0.02179,51.59941],[0.02154,51.59941]]]}},{"type":"Feature","properties":{"source_code":"E82038","codes":["E82038"],"label":"THE BUNTINGFORD & PUCKERIDGE MED PRAC."},"geometry":{"type":"Polygon","coordinates":[[[-0.08326,51.94046],[-0.08326,51.95019],[-0.08274,51.95971],[-0.08042,51.97113],[-0.07004,51.98234],[-0.05579,51.98953],[-0.02678,51.99376],[0.01408,51.99302],[0.02832,51.99196],[0.03768,51.99006],[0.04532,51.98742],[0.08377,51.97029],[0.09892,51.96281],[0.10823,51.95384],[0.11518,51.93188],[0.11664,51.90758],[0.11347,51.88274],[0.10973,51.87032],[0.10411,51.85932],[0.09742,51.85386],[0.0927,51.85139],[0.07347,51.85874],[0.07806,51.84776],[0.06901,51.84744],[0.03725,51.84331],[0.02626,51.83978],[0.01373,51.83625],[0.00202,51.83144],[-0.01279,51.82589],[-0.02781,51.82411],[-0.03588,51.82608],[-0.04343,51.82795],[-0.05287,51.83307],[-0.06763,51.84331],[-0.07905,51.8546],[-0.08051,51.86738],[-0.08197,51.88391],[-0.08205,51.90044],[-0.08296,51.91042],[-0.08368,51.92082],[-0.08407,51.92995],[-0.08326,51.94046]]]}},{"type":"Feature","properties":{"source_code":"F86641","codes":["F86641"],"label":"THE SHRUBBERIES MEDICAL CENTRE"},"geometry":{"type":"Polygon","coordinates":[[[0.01953,51.62658],[0.02292,51.62221],[0.03189,51.62295],[0.04343,51.61281],[0.06266,51.61102],[0.06843,51.60834],[0.06317,51.60717],[0.073,51.60425],[0.06978,51.59812],[0.05826,51.60023],[0.04646,51.59136],[0.05028,51.58978],[0.04317,51.5885],[0.03749,51.59403],[0.04101,51.5869],[0.03062,51.58364],[0.02635,51.58559],[0.02036,51.5832],[0.01558,51.58324],[0.0112,51.5856],[0.01094,51.59557],[0.01257,51.59901],[-0.00139,51.60073],[0.00687,51.60466],[0.00841,51.60905],[0.00852,51.61878],[0.01607,51.6218],[0.01953,51.62658]]]}},{"type":"Feature","properties":{"source_code":"F86032","codes":["F86032"],"label":"WANSTEAD PLACE SURGERY"},"geometry":{"type":"MultiPolygon","coordinates":[[[[0.02258,51.56618],[0.02214,51.566],[0.02174,51.56628],[0.02193,51.56659],[0.0227,51.56631],[0.02258,51.56618]]],[[[0.01765,51.57213],[0.01777,51.5727],[0.01897,51.57246],[0.01768,51.57211],[0.01765,51.57213]]],[[[0.01765,51.57213],[0.01764,51.57211],[0.01657,51.57291],[0.01765,51.57213]]],[[[0.01263,51.59822],[0.01283,51.59837],[0.01253,51.59811],[0.01227,51.59783],[0.01263,51.59822]]],[[[0.0317,51.62285],[0.03182,51.62284],[0.03162,51.62285],[0.0317,51.62285]]],[[[0.0317,51.62285],[0.03104,51.62293],[0.03143,51.62272],[0.03144,51.62269],[0.03154,51.62265],[0.03217,51.62287],[0.03272,51.62241],[0.03245,51.62226],[0.03274,51.6224],[0.03289,51.6223],[0.03276,51.6224],[0.03248,51.62262],[0.03299,51.62224],[0.03304,51.6222],[0.03333,51.62197],[0.0336,51.62177],[0.03385,51.62157],[0.0342,51.6213],[0.05657,51.61028],[0.0641,51.60734],[0.06562,51.60773],[0.06411,51.60734],[0.06784,51.60588],[0.07193,51.60472],[0.07265,51.60401],[0.0728,51.60395],[0.07264,51.60384],[0.0726,51.60379],[0.07245,51.60367],[0.07244,51.60371],[0.06994,51.60204],[0.06793,51.60187],[0.06686,51.60168],[0.05716,51.60201],[0.05721,51.602],[0.05032,51.59492],[0.04793,51.59551],[0.04568,51.59626],[0.04391,51.59503],[0.04139,51.59306],[0.04152,51.59299],[0.04295,51.59256],[0.04176,51.59286],[0.04716,51.58999],[0.04794,51.58945],[0.04828,51.59022],[0.05193,51.58771],[0.05198,51.58766],[0.05208,51.58766],[0.05405,51.58574],[0.05551,51.58401],[0.05553,51.58402],[0.05714,51.5822],[0.05813,51.58115],[0.05856,51.57999],[0.05914,51.57807],[0.05997,51.57675],[0.05088,51.5764],[0.04689,51.57619],[0.04558,51.57619],[0.0454,51.57603],[0.04495,51.57459],[0.03877,51.57061],[0.04132,51.57274],[0.03996,51.57171],[0.03881,51.57076],[0.03856,51.57047],[0.03839,51.57036],[0.0386,51.57059],[0.03837,51.5704],[0.03845,51.56192],[0.03852,51.56153],[0.03845,51.57034],[0.03843,51.57032],[0.03845,51.57034],[0.03845,51.57037],[0.03846,51.57036],[0.03856,51.57047],[0.03877,51.57061],[0.03847,51.57035],[0.03972,51.56912],[0.04214,51.56819],[0.04214,51.56808],[0.0421,51.5648],[0.0433,51.56477],[0.04309,51.56491],[0.04332,51.56476],[0.04242,51.56465],[0.04326,51.56247],[0.04498,51.56296],[0.04498,51.56283],[0.03862,51.56092],[0.03862,51.5609],[0.0386,51.56091],[0.03852,51.56089],[0.03852,51.56094],[0.03789,51.5607],[0.03579,51.56181],[0.0335,51.56295],[0.03259,51.56309],[0.02787,51.56289],[0.02592,51.56391],[0.02174,51.56174],[0.02103,51.56213],[0.02079,51.56228],[0.02092,51.5644],[0.02258,51.56618],[0.0229,51.56631],[0.02423,51.56621],[0.02465,51.56636],[0.02418,51.56744],[0.02388,51.56812],[0.02365,51.56861],[0.02324,51.56981],[0.03654,51.56212],[0.0236,51.56976],[0.03101,51.57017],[0.02326,51.56992],[0.01905,51.57251],[0.0213,51.57342],[0.01914,51.57259],[0.01605,51.57312],[0.01711,51.57411],[0.01714,51.5751],[0.01721,51.57712],[0.01734,51.57915],[0.01811,51.58059],[0.01927,51.57899],[0.01854,51.58016],[0.01815,51.58067],[0.01811,51.58059],[0.01662,51.58264],[0.01592,51.58355],[0.00944,51.58361],[0.00961,51.58509],[0.00947,51.58534],[0.00947,51.5852],[0.00942,51.58542],[0.0094,51.58546],[0.00945,51.5852],[0.00919,51.58583],[0.0076,51.58863],[0.00944,51.59254],[0.00975,51.59211],[0.01517,51.59984],[0.01321,51.59892],[0.01469,51.60074],[0.01577,51.60069],[0.01728,51.60285],[0.01642,51.60288],[0.01469,51.60074],[0.01447,51.60075],[0.01252,51.59859],[0.01321,51.59892],[0.01279,51.5984],[0.01263,51.59822],[0.01238,51.59804],[0.01199,51.59739],[0.01178,51.59649],[0.01159,51.59664],[0.01174,51.59703],[0.01238,51.59853],[0.0125,51.59859],[0.01411,51.60077],[0.0141,51.60077],[0.01489,51.60168],[0.01532,51.60197],[0.01566,51.60239],[0.01609,51.60301],[0.01854,51.6055],[0.01837,51.60529],[0.02097,51.60833],[0.02129,51.60885],[0.02232,51.61014],[0.02257,51.61049],[0.02197,51.60976],[0.02271,51.61069],[0.02462,51.61338],[0.02466,51.61345],[0.02528,51.61445],[0.0258,51.61534],[0.02606,51.61596],[0.02506,51.61434],[0.0278,51.62004],[0.02789,51.62025],[0.02792,51.62028],[0.02807,51.6206],[0.02945,51.62202],[0.03041,51.62311],[0.03041,51.62317],[0.03037,51.62319],[0.03041,51.62318],[0.0304,51.62327],[0.03057,51.62318],[0.0306,51.62321],[0.03057,51.62318],[0.03103,51.62294],[0.0311,51.62296],[0.03114,51.62298],[0.03168,51.62301],[0.03215,51.62287],[0.0317,51.62285]]],[[[0.03235,51.62221],[0.03256,51.6221],[0.03237,51.62222],[0.03235,51.62221]]],[[[0.07257,51.6038],[0.07258,51.60379],[0.07261,51.60382],[0.07257,51.6038]]],[[[0.02287,51.60268],[0.02386,51.59318],[0.02299,51.60268],[0.02287,51.60268]]],[[[0.03656,51.59478],[0.03679,51.594],[0.03856,51.5949],[0.03708,51.59435],[0.03437,51.59687],[0.03656,51.59478]]],[[[0.04131,51.5931],[0.04133,51.59309],[0.04132,51.59313],[0.04131,51.5931]]],[[[0.04575,51.58576],[0.04555,51.58548],[0.04641,51.58593],[0.04648,51.5861],[0.04575,51.58576]]],[[[0.05532,51.584],[0.05239,51.58159],[0.0555,51.584],[0.05501,51.58434],[0.05532,51.584]]],[[[0.0451,51.58294],[0.04529,51.58338],[0.04496,51.58298],[0.04643,51.58242],[0.0451,51.58294]]],[[[0.05079,51.58037],[0.04738,51.57782],[0.04672,51.57722],[0.05079,51.58037]]],[[[0.03931,51.57622],[0.03839,51.5705],[0.03866,51.57072],[0.03845,51.57056],[0.0394,51.57633],[0.03931,51.57622]]],[[[0.02637,51.57547],[0.02636,51.57551],[0.02604,51.57534],[0.02607,51.57535],[0.02637,51.57547]]],[[[0.03801,51.57039],[0.03682,51.56923],[0.03826,51.5704],[0.03801,51.57039]]]]}},{"type":"Feature","properties":{"source_code":"F86020","codes":["F86020"],"label":"GLEBELANDS PRACTICE"},"geometry":{"type":"Polygon","coordinates":[[[0.02034,51.58411],[0.02017,51.58499],[0.01764,51.58502],[0.01699,51.58667],[0.01712,51.58784],[0.01768,51.58907],[0.01523,51.58904],[0.01358,51.58922],[0.01287,51.58971],[0.01253,51.59414],[0.01356,51.59915],[0.02034,51.59899],[0.01923,51.60315],[0.02579,51.6049],[0.0321,51.60357],[0.0288,51.59789],[0.02798,51.59206],[0.02858,51.59589],[0.03674,51.59387],[0.03674,51.58496],[0.03725,51.584],[0.02807,51.58144],[0.02712,51.58262],[0.02034,51.58411]]]}},{"type":"Feature","properties":{"source_code":"F86066","codes":["F86066"],"label":"SOUTHDENE SURGERY"},"geometry":{"type":"Polygon","coordinates":[[[0.01257,51.59917],[0.0206,51.5988],[0.02571,51.59851],[0.03163,51.59781],[0.03935,51.59709],[0.03742,51.59435],[0.03596,51.59435],[0.03586,51.59404],[0.03575,51.59368],[0.03578,51.59281],[0.03598,51.59247],[0.03549,51.59142],[0.03326,51.59048],[0.03397,51.58923],[0.0346,51.58841],[0.03543,51.58722],[0.0351,51.58618],[0.03395,51.58563],[0.03171,51.58493],[0.0301,51.58457],[0.02942,51.58508],[0.02857,51.58532],[0.02637,51.58567],[0.02254,51.58397],[0.01953,51.58323],[0.01433,51.58328],[0.01249,51.58951],[0.01279,51.59579],[0.01257,51.59917]]]}},{"type":"Feature","properties":{"source_code":"F86023","codes":["F86023"],"label":"THE EVERGREEN SURGERY"},"geometry":{"type":"Polygon","coordinates":[[[0.02111,51.60861],[0.0433,51.60075],[0.03742,51.59424],[0.04652,51.59118],[0.05785,51.58174],[0.0551,51.58056],[0.05708,51.57667],[0.05231,51.5763],[0.05888,51.568],[0.05764,51.56776],[0.05549,51.56587],[0.043,51.56483],[0.03613,51.56549],[0.02511,51.56536],[0.02408,51.56816],[0.02343,51.56973],[0.01897,51.56992],[0.01725,51.57077],[0.01558,51.5711],[0.01742,51.57174],[0.01648,51.57302],[0.0176,51.57454],[0.0176,51.57456],[0.0176,51.57456],[0.0154,51.58332],[0.01021,51.58347],[0.01009,51.58552],[0.01245,51.59248],[0.01245,51.59505],[0.01236,51.59541],[0.01245,51.59538],[0.01266,51.59909],[0.02043,51.59872],[0.01987,51.60096],[0.01953,51.60093],[0.01984,51.60109],[0.01919,51.60372],[0.01893,51.60392],[0.01915,51.60388],[0.01867,51.60581],[0.02111,51.60861]]]}},{"type":"Feature","properties":{"source_code":"F86013","codes":["F86013"],"label":"THE BROADWAY SURGERY"},"geometry":{"type":"Polygon","coordinates":[[[0.01991,51.60043],[0.01947,51.60159],[0.01944,51.60233],[0.01914,51.60387],[0.01952,51.60407],[0.01981,51.60442],[0.02137,51.6063],[0.0224,51.6074],[0.02253,51.60796],[0.02175,51.60822],[0.02109,51.60845],[0.02476,51.61383],[0.02545,51.61533],[0.02606,51.61681],[0.02764,51.61959],[0.03023,51.61904],[0.03097,51.61846],[0.03112,51.61817],[0.03131,51.61792],[0.03228,51.61751],[0.03299,51.61706],[0.03392,51.6167],[0.0347,51.6164],[0.03521,51.6169],[0.03592,51.6171],[0.03651,51.6175],[0.03762,51.61812],[0.03848,51.61815],[0.0392,51.61778],[0.03995,51.61734],[0.04131,51.61707],[0.04228,51.61617],[0.04171,51.61589],[0.04173,51.61544],[0.04204,51.61528],[0.04265,51.61472],[0.04343,51.61425],[0.04056,51.61121],[0.03933,51.60955],[0.03887,51.60892],[0.03785,51.60921],[0.03639,51.60965],[0.03431,51.60904],[0.03385,51.60841],[0.03372,51.60822],[0.0338,51.60782],[0.03381,51.60747],[0.03087,51.60478],[0.03133,51.60467],[0.03189,51.60454],[0.03201,51.60438],[0.03191,51.60423],[0.0317,51.60389],[0.03228,51.60376],[0.03053,51.60041],[0.01991,51.60043]]]}},{"type":"Feature","properties":{"source_code":"F81169","codes":["F81169"],"label":"KINGS MEDICAL CENTRE"},"geometry":{"type":"Polygon","coordinates":[[[0.033,51.63762],[0.03905,51.63589],[0.04422,51.64073],[0.0518,51.6446],[0.05429,51.64242],[0.05643,51.64276],[0.05944,51.63864],[0.063,51.63607],[0.08098,51.62458],[0.0766,51.62087],[0.07453,51.61805],[0.07336,51.61688],[0.07232,51.61598],[0.06771,51.61252],[0.0629,51.61112],[0.06074,51.61028],[0.059,51.60929],[0.05524,51.60625],[0.05188,51.6057],[0.04847,51.60484],[0.0383,51.60792],[0.03122,51.60746],[0.02745,51.60819],[0.02166,51.60956],[0.02476,51.61421],[0.02661,51.61827],[0.0239,51.62031],[0.02283,51.62309],[0.02161,51.62676],[0.02433,51.63419],[0.03211,51.63473],[0.033,51.63762]]]}},{"type":"Feature","properties":{"source_code":"F81165","codes":["F81165"],"label":"PALMERSTON ROAD SURGERY"},"geometry":{"type":"Polygon","coordinates":[[[0.04028,51.61624],[0.03755,51.61802],[0.03749,51.61851],[0.03197,51.623],[0.03034,51.62324],[0.0339,51.62859],[0.03927,51.63533],[0.04077,51.63485],[0.04382,51.63469],[0.04686,51.63424],[0.05154,51.63395],[0.05394,51.63347],[0.0563,51.63211],[0.06107,51.63003],[0.06047,51.62939],[0.06021,51.62883],[0.05922,51.62793],[0.05914,51.627],[0.05931,51.62614],[0.05931,51.6255],[0.05944,51.62452],[0.05854,51.62441],[0.05721,51.62367],[0.05643,51.62327],[0.05506,51.62319],[0.05412,51.62316],[0.05356,51.62364],[0.05296,51.62353],[0.05223,51.62383],[0.05167,51.62375],[0.05154,51.62324],[0.05111,51.62303],[0.05141,51.62255],[0.0509,51.62215],[0.05094,51.62183],[0.05188,51.62161],[0.05193,51.62119],[0.05137,51.62108],[0.05146,51.62073],[0.05146,51.62028],[0.05141,51.61983],[0.05219,51.61951],[0.05343,51.61871],[0.04261,51.61682],[0.04028,51.61624]]]}},{"type":"Feature","properties":{"source_code":"F86691","codes":["F86691"],"label":"CLAYHALL CLINIC"},"geometry":{"type":"MultiPolygon","coordinates":[[[[0.02822,51.59734],[0.02803,51.59716],[0.02783,51.59694],[0.02873,51.59819],[0.02822,51.59734]]],[[[0.02873,51.59819],[0.02884,51.59838],[0.02901,51.59858],[0.02873,51.59819]]],[[[0.02965,51.59934],[0.02935,51.59887],[0.02953,51.5992],[0.02901,51.59858],[0.02967,51.5995],[0.02965,51.59934]]],[[[0.06437,51.60831],[0.06402,51.60858],[0.0657,51.60794],[0.06938,51.60624],[0.07787,51.60773],[0.08661,51.60848],[0.09033,51.60334],[0.08987,51.60182],[0.08922,51.59987],[0.08729,51.59419],[0.08647,51.58912],[0.08315,51.58478],[0.07926,51.57524],[0.07474,51.57581],[0.07159,51.5768],[0.07009,51.57688],[0.06972,51.57695],[0.06851,51.57709],[0.06678,51.57712],[0.05819,51.58203],[0.05339,51.58747],[0.04686,51.59162],[0.04238,51.59309],[0.03283,51.59579],[0.02795,51.59687],[0.02822,51.59734],[0.02855,51.59763],[0.02807,51.59688],[0.02858,51.59766],[0.02876,51.59782],[0.02917,51.59855],[0.02964,51.59927],[0.02965,51.59934],[0.03863,51.61335],[0.05433,51.61152],[0.06248,51.60922],[0.0636,51.60874],[0.06437,51.60831]]],[[[0.02858,51.59766],[0.02855,51.59763],[0.02935,51.59887],[0.02917,51.59855],[0.02858,51.59766]]]]}},{"type":"Feature","properties":{"source_code":"F81216","codes":["F81216"],"label":"THE RIVER SURGERY"},"geometry":{"type":"Polygon","coordinates":[[[0.08297,51.64408],[0.0831,51.64364],[0.08326,51.64324],[0.08355,51.64236],[0.08369,51.64196],[0.08381,51.64149],[0.08525,51.6381],[0.08565,51.63728],[0.0859,51.63649],[0.08649,51.63548],[0.08681,51.63501],[0.08647,51.63479],[0.08185,51.63507],[0.08643,51.63477],[0.08602,51.63292],[0.08552,51.63164],[0.08449,51.63074],[0.083,51.62733],[0.08253,51.62584],[0.0786,51.62257],[0.07627,51.62026],[0.07419,51.61784],[0.07184,51.61562],[0.06772,51.61661],[0.06572,51.61773],[0.06459,51.61918],[0.06309,51.62123],[0.06199,51.62216],[0.0603,51.62317],[0.05749,51.62407],[0.05569,51.62423],[0.0539,51.62439],[0.05265,51.62433],[0.0516,51.62422],[0.05104,51.62407],[0.05064,51.62385],[0.0502,51.62261],[0.05011,51.62126],[0.04969,51.61991],[0.04893,51.61873],[0.04691,51.61785],[0.04621,51.61761],[0.04526,51.61745],[0.0437,51.61724],[0.04256,51.61699],[0.04207,51.61694],[0.04158,51.617],[0.04127,51.61698],[0.04091,51.61701],[0.04037,51.61714],[0.03995,51.61726],[0.03952,51.61743],[0.03899,51.61778],[0.03871,51.61796],[0.03834,51.61807],[0.03791,51.61806],[0.03771,51.61798],[0.03751,51.61795],[0.03746,51.61804],[0.03744,51.61818],[0.03746,51.61837],[0.03742,51.61844],[0.03706,51.61881],[0.03669,51.61915],[0.03622,51.61954],[0.03573,51.61995],[0.03491,51.62066],[0.0345,51.62101],[0.034,51.62146],[0.03313,51.62212],[0.03248,51.62262],[0.03229,51.62276],[0.03212,51.62289],[0.03183,51.623],[0.03109,51.62312],[0.03069,51.62318],[0.03036,51.62324],[0.03034,51.62329],[0.03037,51.62334],[0.03094,51.62424],[0.03124,51.62471],[0.0314,51.62494],[0.03156,51.62517],[0.03222,51.6261],[0.0326,51.62656],[0.03296,51.62702],[0.03364,51.62823],[0.03383,51.62854],[0.03406,51.62884],[0.03428,51.62915],[0.03453,51.62947],[0.03541,51.63055],[0.03588,51.63114],[0.03613,51.63142],[0.03638,51.63171],[0.03852,51.63449],[0.03927,51.63546],[0.04013,51.63652],[0.04061,51.63709],[0.04086,51.63737],[0.04113,51.63765],[0.04167,51.6382],[0.04179,51.63834],[0.04194,51.63849],[0.04209,51.63863],[0.04224,51.63877],[0.04279,51.63925],[0.04308,51.63949],[0.04321,51.6396],[0.04339,51.63972],[0.04359,51.63985],[0.04383,51.63997],[0.04406,51.64009],[0.04431,51.6402],[0.04483,51.6404],[0.04537,51.64057],[0.04591,51.64075],[0.04647,51.6409],[0.04704,51.64112],[0.0476,51.64135],[0.04812,51.64159],[0.04859,51.64184],[0.04903,51.64216],[0.04923,51.64234],[0.04943,51.64251],[0.05016,51.64314],[0.05039,51.64329],[0.05064,51.64345],[0.05088,51.64359],[0.05115,51.64374],[0.05162,51.64405],[0.05185,51.64422],[0.05197,51.64431],[0.05217,51.6443],[0.05221,51.64429],[0.05208,51.64436],[0.05351,51.64586],[0.05408,51.64645],[0.05449,51.64685],[0.05481,51.64709],[0.05648,51.64895],[0.05731,51.64992],[0.05763,51.6502],[0.05796,51.65041],[0.05864,51.65078],[0.06054,51.65211],[0.06127,51.65262],[0.06176,51.65295],[0.06226,51.65318],[0.06465,51.65435],[0.06686,51.6561],[0.06887,51.65577],[0.06956,51.65552],[0.07014,51.65525],[0.07067,51.655],[0.07107,51.65468],[0.07505,51.65277],[0.07558,51.65257],[0.07606,51.65232],[0.07646,51.65208],[0.07674,51.65182],[0.07823,51.65037],[0.07886,51.64978],[0.07941,51.64912],[0.08029,51.6478],[0.08152,51.64627],[0.08201,51.64567],[0.08252,51.64484],[0.08297,51.64408]],[[0.05339,51.64362],[0.05347,51.64356],[0.05341,51.64361],[0.05339,51.64362]],[[0.05438,51.64268],[0.05455,51.64262],[0.05426,51.64276],[0.05386,51.64323],[0.05354,51.6435],[0.05365,51.64339],[0.05386,51.64318],[0.05399,51.64304],[0.05406,51.64297],[0.05418,51.64281],[0.05438,51.64268]],[[0.05822,51.64118],[0.0583,51.64112],[0.05786,51.64153],[0.05782,51.64154],[0.05822,51.64118]],[[0.05869,51.64084],[0.05878,51.64079],[0.05863,51.64088],[0.05869,51.64084]],[[0.06044,51.63957],[0.06081,51.6393],[0.06025,51.63973],[0.05923,51.64051],[0.0591,51.64059],[0.05916,51.64055],[0.05959,51.64021],[0.06044,51.63957]],[[0.06273,51.63815],[0.06365,51.6381],[0.06473,51.63794],[0.06664,51.63607],[0.06925,51.6359],[0.06805,51.636],[0.06668,51.63608],[0.06593,51.6368],[0.06475,51.63795],[0.06365,51.63814],[0.06273,51.63815],[0.0621,51.63847],[0.0613,51.63895],[0.06145,51.63884],[0.06205,51.63847],[0.06236,51.63828],[0.06273,51.63815]],[[0.07065,51.63581],[0.08013,51.63518],[0.0766,51.63542],[0.07194,51.63573],[0.07065,51.63581]]]}},{"type":"Feature","properties":{"source_code":"F81048","codes":["F81048"],"label":"LOUGHTON HEALTH CENTRE"},"geometry":{"type":"Polygon","coordinates":[[[0.12411,51.67511],[0.11501,51.65701],[0.09896,51.6471],[0.08549,51.64103],[0.06081,51.63463],[0.05004,51.62556],[0.04738,51.61306],[0.04922,51.60804],[0.05939,51.60773],[0.05699,51.6026],[0.05236,51.59843],[0.04841,51.59104],[0.00197,51.60152],[0.00712,51.61449],[0.00897,51.62057],[0.01459,51.62692],[0.01056,51.64222],[0.00747,51.65536],[0.01266,51.66548],[0.00197,51.66461],[0.00687,51.66799],[0.00489,51.66967],[0.00987,51.67346],[0.06691,51.6745],[0.07893,51.68184],[0.09268,51.688],[0.12325,51.68022],[0.12411,51.67511]]]}},{"type":"Feature","properties":{"source_code":"D81084","codes":["D81084"],"label":"WILLINGHAM MEDICAL PRACTICE"},"geometry":{"type":"Polygon","coordinates":[[[0.06341,52.34157],[0.06835,52.33627],[0.07623,52.33506],[0.07827,52.33595],[0.07982,52.33521],[0.08296,52.33123],[0.09674,52.33075],[0.11196,52.31915],[0.11112,52.31219],[0.10135,52.30173],[0.09531,52.29526],[0.0978,52.29097],[0.10248,52.28874],[0.09943,52.28636],[0.08307,52.28124],[0.05474,52.26922],[0.02974,52.26062],[-0.00425,52.27948],[-0.03395,52.29095],[-0.01888,52.29956],[-0.01734,52.30795],[-0.0079,52.31394],[-0.0022,52.32387],[0.06341,52.34157]]]}},{"type":"Feature","properties":{"source_code":"F81136","codes":["F81136"],"label":"THE LOUGHTON SURGERY"},"geometry":{"type":"Polygon","coordinates":[[[0.0421,51.66641],[0.05146,51.67921],[0.05965,51.67852],[0.07931,51.65791],[0.08437,51.64242],[0.06802,51.63057],[0.0551,51.61738],[0.04128,51.6161],[0.02837,51.61876],[0.02747,51.62185],[0.02412,51.63565],[0.0421,51.66641]]]}},{"type":"Feature","properties":{"source_code":"E82021","codes":["E82021"],"label":"MUCH HADHAM HEALTH CENTRE"},"geometry":{"type":"Polygon","coordinates":[[[0.10059,51.92902],[0.13382,51.87703],[0.13458,51.87691],[0.14557,51.84638],[0.14209,51.84455],[0.11398,51.78993],[0.02777,51.78414],[0.02747,51.78398],[0.0273,51.78411],[0.02541,51.78398],[0.02665,51.7846],[-0.03571,51.83196],[0.01167,51.89641],[0.01471,51.89593],[0.02541,51.91463],[0.10059,51.92902]]]}},{"type":"Feature","properties":{"source_code":"F86612","codes":["F86612"],"label":"THE FULLWELL AVENUE SURGERY"},"geometry":{"type":"Polygon","coordinates":[[[0.07214,51.5964],[0.07261,51.59829],[0.0726,51.59829],[0.07261,51.59835],[0.07643,51.59741],[0.07545,51.59573],[0.07866,51.59427],[0.07841,51.59406],[0.07446,51.59126],[0.06236,51.59176],[0.0627,51.59361],[0.06231,51.59383],[0.06176,51.59419],[0.06111,51.59452],[0.06066,51.59468],[0.06,51.59471],[0.05927,51.59584],[0.05734,51.59766],[0.06497,51.59899],[0.0726,51.59829],[0.07214,51.5964]]]}},{"type":"Feature","properties":{"source_code":"F86624","codes":["F86624"],"label":"THE HEATHCOTE PRIMARY CARE CENTRE"},"geometry":{"type":"MultiPolygon","coordinates":[[[[0.0772,51.58468],[0.07724,51.58471],[0.07751,51.58459],[0.07888,51.5847],[0.07832,51.58459],[0.07772,51.58443],[0.0772,51.58468]]],[[[0.07724,51.58471],[0.07398,51.58618],[0.07369,51.58632],[0.07523,51.58758],[0.07888,51.58603],[0.07725,51.58472],[0.07724,51.58471]]],[[[0.04996,51.59008],[0.05356,51.59147],[0.06309,51.5911],[0.07398,51.58618],[0.0772,51.58468],[0.06866,51.5776],[0.05819,51.58232],[0.05571,51.58516],[0.05322,51.58764],[0.04996,51.59008]]]]}},{"type":"Feature","properties":{"source_code":"F86081","codes":["F86081"],"label":"KENWOOD MEDICAL"},"geometry":{"type":"Polygon","coordinates":[[[0.06763,51.57419],[0.05493,51.56864],[0.04257,51.59307],[0.07561,51.59824],[0.09218,51.58955],[0.08085,51.58118],[0.06763,51.57419]]]}},{"type":"Feature","properties":{"source_code":"F86083","codes":["F86083"],"label":"THE EASTERN AVENUE MEDICAL CENTRE"},"geometry":{"type":"MultiPolygon","coordinates":[[[[0.06426,51.57193],[0.06459,51.5723],[0.06463,51.57225],[0.06426,51.57193]]],[[[0.06459,51.5723],[0.06459,51.5723],[0.0646,51.57231],[0.06459,51.5723]]],[[[0.0433,51.57808],[0.04374,51.5796],[0.04148,51.58447],[0.04334,51.58547],[0.04427,51.58634],[0.04477,51.58726],[0.04618,51.58711],[0.04732,51.58706],[0.04845,51.5869],[0.04876,51.58673],[0.04894,51.58648],[0.0492,51.58593],[0.04996,51.58538],[0.05114,51.58525],[0.05235,51.58551],[0.05351,51.58568],[0.05415,51.58577],[0.0544,51.58531],[0.05478,51.58487],[0.05548,51.58404],[0.0563,51.5832],[0.05755,51.58191],[0.05817,51.58121],[0.05845,51.58076],[0.05846,51.58023],[0.06064,51.57572],[0.06362,51.57313],[0.06435,51.57255],[0.06459,51.5723],[0.06409,51.57179],[0.06426,51.57193],[0.06341,51.571],[0.06442,51.56925],[0.06185,51.56856],[0.06057,51.56821],[0.05995,51.56804],[0.05931,51.56785],[0.05669,51.5676],[0.05536,51.56741],[0.05472,51.56734],[0.05407,51.56708],[0.04841,51.57253],[0.04667,51.57373],[0.04515,51.57501],[0.04503,51.57542],[0.04503,51.57581],[0.04437,51.57655],[0.04361,51.57725],[0.0433,51.57808]]]]}},{"type":"Feature","properties":{"source_code":"F86698","codes":["F86698"],"label":"CRANBROOK SURGERY"},"geometry":{"type":"Polygon","coordinates":[[[0.06347,51.57128],[0.06171,51.5719],[0.05948,51.5743],[0.06137,51.57502],[0.06038,51.57646],[0.0663,51.57638],[0.0663,51.57528],[0.06609,51.57408],[0.06527,51.57304],[0.06459,51.57206],[0.06347,51.57128]]]}},{"type":"Feature","properties":{"source_code":"D81058","codes":["D81058"],"label":"HARSTON SURGERY"},"geometry":{"type":"Polygon","coordinates":[[[0.16754,52.1103],[0.09454,52.0863],[0.10094,52.0871],[0.06935,52.08119],[-0.01511,52.07993],[0.05699,52.08162],[0.09403,52.08624],[-0.01717,52.08014],[-0.05081,52.11789],[0.05253,52.17456],[0.06763,52.17698],[0.13424,52.14613],[0.16754,52.1103]]]}},{"type":"Feature","properties":{"source_code":"F81152","codes":["F81152"],"label":"FOREST PRACTICE"},"geometry":{"type":"Polygon","coordinates":[[[0.05116,51.67181],[0.0763,51.67586],[0.08956,51.66673],[0.08411,51.64103],[0.05643,51.63049],[0.00099,51.6647],[0.02418,51.67289],[0.05116,51.67181]]]}},{"type":"Feature","properties":{"source_code":"F81062","codes":["F81062"],"label":"CHIGWELL MEDICAL CENTRE"},"geometry":{"type":"Polygon","coordinates":[[[0.06798,51.65637],[0.08377,51.64114],[0.09493,51.64615],[0.11759,51.65073],[0.12445,51.64061],[0.13424,51.62921],[0.11278,51.62015],[0.13424,51.60565],[0.14059,51.60032],[0.12841,51.58997],[0.11742,51.58838],[0.08635,51.58653],[0.08621,51.58658],[0.08338,51.57866],[0.0807,51.58034],[0.0751,51.58236],[0.06714,51.58608],[0.07723,51.59085],[0.07708,51.59094],[0.02163,51.60906],[0.02815,51.62516],[0.06798,51.65637]]]}},{"type":"Feature","properties":{"source_code":"F86707","codes":["F86707"],"label":"FENCE PIECE ROAD MEDICAL CENTRE"},"geometry":{"type":"Polygon","coordinates":[[[0.06111,51.62548],[0.11261,51.6568],[0.19157,51.63038],[0.19089,51.57451],[0.04257,51.57536],[0.06111,51.62548]]]}},{"type":"Feature","properties":{"source_code":"F86010","codes":["F86010"],"label":"FULLWELL CROSS MED. CTR."},"geometry":{"type":"Polygon","coordinates":[[[0.07175,51.57963],[0.0515,51.59435],[0.06592,51.60864],[0.10815,51.61823],[0.12222,51.60522],[0.12875,51.58688],[0.11673,51.5856],[0.09785,51.57963],[0.07931,51.57814],[0.07175,51.57963]]]}},{"type":"Feature","properties":{"source_code":"F86060","codes":["F86060"],"label":"NEWBURY GROUP PRACTICE"},"geometry":{"type":"Polygon","coordinates":[[[0.08583,51.59392],[0.09012,51.57654],[0.09167,51.58155],[0.10231,51.58358],[0.10798,51.5824],[0.1018,51.57846],[0.10197,51.57707],[0.10059,51.57696],[0.09785,51.57344],[0.10471,51.57259],[0.10592,51.56597],[0.08738,51.56331],[0.07776,51.5616],[0.06541,51.56528],[0.06557,51.56512],[0.05897,51.56805],[0.05399,51.5736],[0.05176,51.57766],[0.04995,51.57952],[0.04825,51.58208],[0.04807,51.5823],[0.0481,51.58231],[0.04807,51.58235],[0.04811,51.58231],[0.0551,51.58443],[0.05785,51.58198],[0.06403,51.58486],[0.06231,51.5871],[0.06506,51.58848],[0.06197,51.59168],[0.06643,51.59552],[0.07519,51.5968],[0.08583,51.59392]]]}},{"type":"Feature","properties":{"source_code":"F86085","codes":["F86085"],"label":"HAINAULT SURGERY"},"geometry":{"type":"Polygon","coordinates":[[[0.19518,51.63038],[0.19415,51.59424],[0.1442,51.59382],[0.16909,51.62793],[0.13458,51.62878],[0.11621,51.61695],[0.10677,51.61258],[0.0791,51.61679],[0.09184,51.61343],[0.08326,51.61255],[0.10789,51.61247],[0.11596,51.61658],[0.12763,51.60944],[0.12197,51.60725],[0.12282,51.60581],[0.12042,51.60496],[0.11716,51.60805],[0.11235,51.60592],[0.09467,51.60219],[0.09141,51.59701],[0.07708,51.59755],[0.07536,51.59963],[0.07665,51.60069],[0.07579,51.60235],[0.06703,51.60229],[0.06085,51.61024],[0.06621,51.61244],[0.0606,51.61034],[0.0091,51.59744],[0.01202,51.63389],[0.07742,51.63411],[0.07802,51.61707],[0.07833,51.61699],[0.07836,51.617],[0.07759,51.63411],[0.19518,51.63038]]]}},{"type":"Feature","properties":{"source_code":"F86009","codes":["F86009"],"label":"THE PALMS MEDICAL CENTRE"},"geometry":{"type":"MultiPolygon","coordinates":[[[[0.09984,51.58287],[0.09783,51.58286],[0.09982,51.58296],[0.09984,51.58287]]],[[[0.08487,51.5937],[0.0862,51.59395],[0.08652,51.59356],[0.0872,51.59262],[0.086,51.59188],[0.086,51.5912],[0.08647,51.59119],[0.08598,51.59114],[0.08609,51.59043],[0.08705,51.59039],[0.08735,51.58847],[0.08632,51.58842],[0.08669,51.58774],[0.08744,51.58774],[0.08791,51.58744],[0.08725,51.58704],[0.08877,51.58664],[0.08836,51.58424],[0.08828,51.58196],[0.0886,51.58032],[0.09175,51.58139],[0.09326,51.58176],[0.09489,51.58226],[0.09553,51.58136],[0.0948,51.58112],[0.09688,51.58156],[0.09995,51.58218],[0.09984,51.58287],[0.10119,51.58287],[0.10141,51.5834],[0.1036,51.5831],[0.1054,51.58204],[0.10664,51.58294],[0.1071,51.58287],[0.10825,51.58243],[0.1084,51.58204],[0.10943,51.58208],[0.11126,51.58239],[0.1142,51.58251],[0.11735,51.58242],[0.11731,51.58176],[0.11918,51.58091],[0.12072,51.58002],[0.12126,51.57774],[0.12216,51.5767],[0.12094,51.57471],[0.12038,51.57278],[0.12048,51.57103],[0.11988,51.57039],[0.11898,51.56925],[0.11939,51.56856],[0.11647,51.56787],[0.11398,51.56744],[0.11053,51.56679],[0.11034,51.56501],[0.11016,51.56315],[0.10832,51.56284],[0.10592,51.56241],[0.10265,51.56176],[0.09956,51.56108],[0.09551,51.56028],[0.09394,51.55978],[0.0919,51.55929],[0.09029,51.5589],[0.08815,51.55894],[0.08587,51.55901],[0.08246,51.5591],[0.0818,51.56001],[0.07961,51.55942],[0.07866,51.55904],[0.07628,51.55828],[0.07497,51.55761],[0.07126,51.55649],[0.0701,51.55733],[0.07015,51.5581],[0.07027,51.55894],[0.0698,51.55994],[0.06688,51.55918],[0.06536,51.56096],[0.06401,51.56257],[0.06343,51.56153],[0.06253,51.56169],[0.06128,51.56072],[0.0604,51.56081],[0.0595,51.56116],[0.05867,51.56173],[0.0598,51.56277],[0.06068,51.56357],[0.06176,51.56461],[0.06345,51.56593],[0.0624,51.56637],[0.06103,51.56703],[0.05946,51.56775],[0.05834,51.56835],[0.05779,51.56931],[0.05665,51.57069],[0.05892,51.5712],[0.06118,51.57167],[0.06173,51.57206],[0.06053,51.57328],[0.0595,51.57438],[0.0615,51.57504],[0.0601,51.57652],[0.05967,51.57736],[0.05918,51.57827],[0.0589,51.5793],[0.05858,51.5806],[0.058,51.58179],[0.05875,51.58222],[0.05991,51.58267],[0.06197,51.58366],[0.06324,51.5842],[0.0648,51.58498],[0.06605,51.58551],[0.06809,51.58656],[0.06922,51.58704],[0.07027,51.58748],[0.07182,51.58834],[0.07293,51.58879],[0.07394,51.58923],[0.07491,51.58968],[0.07585,51.59015],[0.07755,51.59084],[0.0798,51.59171],[0.08107,51.59215],[0.08306,51.59296],[0.08487,51.5937]]]]}},{"type":"Feature","properties":{"source_code":"F81181","codes":["F81181"],"label":"ADDISON HOUSE - HAQUE PRACTICE"},"geometry":{"type":"Polygon","coordinates":[[[0.04824,51.73777],[0.01322,51.78675],[0.05442,51.80745],[0.15827,51.80787],[0.1502,51.76465],[0.13218,51.74266],[0.05519,51.7383],[0.04824,51.73777]]]}},{"type":"Feature","properties":{"source_code":"F81027","codes":["F81027"],"label":"LISTER MEDICAL CENTRE"},"geometry":{"type":"Polygon","coordinates":[[[0.12797,51.77942],[0.12855,51.7772],[0.12845,51.77498],[0.12714,51.77192],[0.12634,51.76885],[0.13407,51.76925],[0.14136,51.76927],[0.15063,51.76882],[0.15304,51.76795],[0.15422,51.76688],[0.15076,51.76338],[0.14784,51.75878],[0.14394,51.75881],[0.14235,51.75998],[0.13887,51.75923],[0.13995,51.75682],[0.13561,51.75554],[0.12918,51.75443],[0.12055,51.75275],[0.12042,51.74911],[0.11742,51.74871],[0.11729,51.74794],[0.11184,51.74731],[0.10978,51.74967],[0.10712,51.74901],[0.10845,51.74659],[0.11021,51.74664],[0.11012,51.74584],[0.1066,51.74553],[0.10611,51.74672],[0.10192,51.74555],[0.10004,51.74376],[0.09819,51.74323],[0.10059,51.73899],[0.09948,51.73875],[0.09409,51.74515],[0.07849,51.7407],[0.06787,51.74749],[0.0648,51.75193],[0.06487,51.7583],[0.06776,51.76516],[0.06789,51.76755],[0.07075,51.76743],[0.07377,51.76769],[0.07632,51.76867],[0.07914,51.76933],[0.08229,51.76939],[0.08536,51.76923],[0.08727,51.76972],[0.08909,51.77042],[0.09051,51.7712],[0.09184,51.77182],[0.09343,51.77242],[0.09536,51.77286],[0.09932,51.77341],[0.10121,51.7739],[0.10413,51.77502],[0.10588,51.7757],[0.10771,51.77611],[0.11188,51.7766],[0.11644,51.77676],[0.11966,51.77692],[0.12246,51.77719],[0.12797,51.77942]]]}},{"type":"Feature","properties":{"source_code":"F86007","codes":["F86007"],"label":"THE FOREST EDGE PRACTICE"},"geometry":{"type":"Polygon","coordinates":[[[0.12514,51.62353],[0.13068,51.60949],[0.11686,51.59163],[0.08557,51.59379],[0.08497,51.5943],[0.08424,51.59464],[0.0848,51.59904],[0.08424,51.60155],[0.08433,51.60341],[0.08347,51.60568],[0.08175,51.61093],[0.07815,51.61636],[0.09725,51.61778],[0.11158,51.62183],[0.12184,51.62473],[0.12514,51.62353]]]}},{"type":"Feature","properties":{"source_code":"F86057","codes":["F86057"],"label":"THE WILLOWS PRACTICE"},"geometry":{"type":"MultiPolygon","coordinates":[[[[0.11643,51.60285],[0.11501,51.5984],[0.11437,51.60093],[0.11407,51.60165],[0.1145,51.59829],[0.11493,51.59837],[0.11613,51.59384],[0.11759,51.58872],[0.11759,51.58758],[0.11733,51.5844],[0.11755,51.58264],[0.11673,51.58267],[0.11497,51.5827],[0.11261,51.5827],[0.10978,51.58235],[0.10617,51.5815],[0.10304,51.58006],[0.09965,51.57832],[0.0975,51.57726],[0.0948,51.57608],[0.08999,51.57518],[0.08999,51.57566],[0.08879,51.58558],[0.08587,51.59374],[0.08197,51.59664],[0.05708,51.60013],[0.05733,51.60586],[0.05781,51.61413],[0.0603,51.61559],[0.06171,51.61666],[0.06343,51.61906],[0.0639,51.62135],[0.06952,51.62225],[0.07012,51.62199],[0.07287,51.62153],[0.07617,51.62092],[0.08785,51.61828],[0.09544,51.61847],[0.11145,51.62223],[0.11404,51.60189],[0.11643,51.60285]]],[[[0.11643,51.60285],[0.1228,51.6228],[0.11124,51.62228],[0.11106,51.62276],[0.11149,51.62375],[0.11158,51.62524],[0.12124,51.62638],[0.12201,51.6246],[0.12295,51.62281],[0.12295,51.62281],[0.13158,51.61882],[0.12128,51.61378],[0.12656,51.61066],[0.12943,51.60858],[0.129,51.60832],[0.12372,51.606],[0.11991,51.60445],[0.11643,51.60285],[0.11643,51.60285]]]]}},{"type":"Feature","properties":{"source_code":"D81028","codes":["D81028"],"label":"FIRS HOUSE SURGERY"},"geometry":{"type":"Polygon","coordinates":[[[0.16299,52.27661],[0.16359,52.26424],[0.16424,52.25735],[0.15902,52.25485],[0.15375,52.25254],[0.14865,52.25103],[0.14799,52.25053],[0.14759,52.25016],[0.14603,52.24885],[0.14396,52.24688],[0.14142,52.24487],[0.1381,52.24225],[0.13645,52.24097],[0.13188,52.23994],[0.12757,52.23909],[0.1242,52.2385],[0.12258,52.23823],[0.11705,52.23747],[0.10952,52.23608],[0.09313,52.23411],[0.07656,52.23243],[0.05699,52.24252],[0.04661,52.24798],[0.04056,52.25781],[0.04148,52.26761],[0.04317,52.27404],[0.04515,52.27711],[0.04714,52.28139],[0.04761,52.28264],[0.05104,52.28522],[0.05337,52.2871],[0.05529,52.28776],[0.05854,52.28903],[0.07115,52.29361],[0.07551,52.29872],[0.0785,52.30193],[0.07996,52.30338],[0.09609,52.31984],[0.09983,52.32427],[0.10237,52.32691],[0.1078,52.32621],[0.12248,52.32438],[0.13089,52.32307],[0.14497,52.32112],[0.15183,52.32028],[0.15728,52.3106],[0.16136,52.30501],[0.16213,52.28746],[0.16299,52.27661]]]}},{"type":"Feature","properties":{"source_code":"D81002","codes":["D81002"],"label":"HUNTINGDON ROAD SURGERY"},"geometry":{"type":"Polygon","coordinates":[[[0.11046,52.21394],[0.11281,52.21259],[0.1137,52.21174],[0.11505,52.21072],[0.11446,52.21058],[0.11376,52.21057],[0.11354,52.21051],[0.1128,52.21025],[0.11181,52.21007],[0.11106,52.21037],[0.11026,52.21058],[0.1094,52.21073],[0.10784,52.21092],[0.107,52.21105],[0.10628,52.2112],[0.10517,52.21135],[0.10278,52.21135],[0.10217,52.21139],[0.09946,52.21193],[0.09754,52.21192],[0.09667,52.21198],[0.09488,52.21241],[0.09158,52.21275],[0.0883,52.21337],[0.08249,52.21352],[0.07996,52.214],[0.07819,52.21433],[0.07873,52.21718],[0.07885,52.21867],[0.07871,52.22023],[0.07671,52.22455],[0.07395,52.22766],[0.07081,52.23043],[0.06768,52.23362],[0.06684,52.2333],[0.06409,52.23133],[0.05898,52.23363],[0.05809,52.23322],[0.05428,52.23509],[0.05134,52.23425],[0.04955,52.23529],[0.04742,52.23487],[0.04534,52.23628],[0.0443,52.23743],[0.04609,52.23742],[0.04485,52.23936],[0.04414,52.24157],[0.04529,52.2412],[0.04732,52.24307],[0.04877,52.24253],[0.05111,52.24407],[0.03946,52.24997],[0.02837,52.25523],[0.05682,52.26981],[0.05858,52.26956],[0.05903,52.26965],[0.06449,52.27309],[0.06714,52.27479],[0.06829,52.27663],[0.06957,52.27735],[0.07328,52.27877],[0.07639,52.27793],[0.07922,52.2799],[0.08111,52.28091],[0.0827,52.28179],[0.08392,52.28023],[0.08479,52.27957],[0.08541,52.27836],[0.08624,52.27713],[0.08638,52.2743],[0.08763,52.2727],[0.08785,52.27099],[0.08864,52.26871],[0.09055,52.26729],[0.08261,52.26185],[0.07974,52.26269],[0.07843,52.26138],[0.07937,52.26004],[0.07944,52.25752],[0.08165,52.25483],[0.08403,52.2525],[0.0845,52.25178],[0.08626,52.2504],[0.08605,52.24847],[0.08463,52.24769],[0.08697,52.24668],[0.08793,52.24667],[0.09125,52.24545],[0.08831,52.24261],[0.09375,52.23992],[0.08981,52.23701],[0.0948,52.23519],[0.09461,52.23498],[0.09567,52.23416],[0.09641,52.23432],[0.09677,52.23358],[0.10712,52.23463],[0.11295,52.23537],[0.11284,52.2339],[0.11183,52.2324],[0.11117,52.23085],[0.11179,52.22859],[0.11184,52.22691],[0.11201,52.22196],[0.11679,52.22136],[0.11858,52.22102],[0.11656,52.21634],[0.11561,52.21571],[0.11411,52.21571],[0.11287,52.21544],[0.11162,52.21483],[0.11046,52.21394]]]}},{"type":"Feature","properties":{"source_code":"D81005","codes":["D81005"],"label":"NEWNHAM WALK SURGERY"},"geometry":{"type":"Polygon","coordinates":[[[0.11192,52.1733],[0.08274,52.17519],[0.07725,52.23053],[0.11501,52.23201],[0.13252,52.21939],[0.12463,52.21434],[0.12737,52.20782],[0.13733,52.20866],[0.13493,52.19982],[0.13493,52.1914],[0.13149,52.18467],[0.11707,52.18088],[0.11192,52.1733]]]}},{"type":"Feature","properties":{"source_code":"F81619","codes":["F81619"],"label":"SYDENHAM HOUSE SURGERY"},"geometry":{"type":"Polygon","coordinates":[[[0.13046,51.78802],[0.14557,51.77676],[0.14694,51.77124],[0.15072,51.76232],[0.15381,51.75658],[0.1569,51.75233],[0.15621,51.7485],[0.14832,51.74574],[0.14145,51.74212],[0.13355,51.73915],[0.12703,51.73447],[0.12222,51.73149],[0.11845,51.73192],[0.11295,51.73426],[0.10849,51.73596],[0.10403,51.73766],[0.09716,51.74212],[0.09373,51.74574],[0.09132,51.75254],[0.08377,51.75254],[0.07793,51.75254],[0.07175,51.75445],[0.06523,51.75467],[0.05905,51.75573],[0.05219,51.75573],[0.04601,51.75637],[0.04189,51.75892],[0.03777,51.76465],[0.0333,51.76996],[0.02953,51.77464],[0.03159,51.78059],[0.04086,51.78547],[0.05322,51.78547],[0.06592,51.78547],[0.07828,51.78526],[0.09167,51.7859],[0.10403,51.78653],[0.1157,51.78675],[0.13046,51.78802]]]}},{"type":"Feature","properties":{"source_code":"F81106","codes":["F81106"],"label":"THE ROSS PRACTICE"},"geometry":{"type":"Polygon","coordinates":[[[0.07914,51.76136],[0.09733,51.76741],[0.10248,51.76848],[0.11501,51.77081],[0.12583,51.7637],[0.13321,51.75084],[0.09871,51.74468],[0.09338,51.75382],[0.07364,51.75307],[0.07914,51.76136]]]}},{"type":"Feature","properties":{"source_code":"F81047","codes":["F81047"],"label":"THE HAMILTON PRACTICE"},"geometry":{"type":"MultiPolygon","coordinates":[[[[0.10205,51.76678],[0.08617,51.76221],[0.09802,51.76747],[0.10205,51.76678]]],[[[0.10205,51.76678],[0.1072,51.76826],[0.10709,51.76812],[0.12729,51.77304],[0.11621,51.76929],[0.12548,51.77098],[0.12936,51.77308],[0.1333,51.77341],[0.13273,51.77715],[0.14457,51.77928],[0.14611,51.77407],[0.14473,51.77398],[0.14943,51.77384],[0.15012,51.77028],[0.15398,51.76747],[0.1418,51.77186],[0.1457,51.77026],[0.15491,51.76701],[0.14765,51.75888],[0.14571,51.75733],[0.14568,51.75732],[0.14643,51.75753],[0.13536,51.75319],[0.12694,51.74983],[0.1084,51.7459],[0.10755,51.74717],[0.10008,51.74505],[0.09819,51.74707],[0.09742,51.74829],[0.09347,51.7519],[0.09373,51.75371],[0.09132,51.75397],[0.0872,51.76136],[0.08868,51.76287],[0.10045,51.76608],[0.1045,51.76589],[0.10518,51.76624],[0.10205,51.76678]]],[[[0.11557,51.76917],[0.1157,51.76949],[0.10708,51.76812],[0.10581,51.76657],[0.10821,51.76783],[0.11557,51.76917]]],[[[0.1386,51.77301],[0.13728,51.77349],[0.13688,51.77346],[0.1386,51.77301]]]]}},{"type":"Feature","properties":{"source_code":"F81120","codes":["F81120"],"label":"NUFFIELD HOUSE HEALTH CENTRE"},"geometry":{"type":"MultiPolygon","coordinates":[[[[0.12944,51.75487],[0.12944,51.75487],[0.12946,51.75486],[0.12944,51.75487]]],[[[0.12944,51.75487],[0.12943,51.75487],[0.12944,51.75487],[0.12944,51.75487]]],[[[0.12944,51.75487],[0.12944,51.75487],[0.1294,51.75489],[0.12941,51.75489],[0.12944,51.75487]]],[[[0.12944,51.75487],[0.12944,51.75487],[0.13051,51.75487],[0.13074,51.75487],[0.12944,51.75487]]],[[[0.13074,51.75487],[0.13254,51.75487],[0.13254,51.75487],[0.133,51.75487],[0.1336,51.75486],[0.13334,51.75485],[0.13074,51.75487]]],[[[0.13385,51.75485],[0.1336,51.75486],[0.13375,51.75486],[0.13385,51.75485]]],[[[0.13385,51.75485],[0.13402,51.75485],[0.13424,51.75486],[0.13401,51.75484],[0.13385,51.75485]]],[[[0.13438,51.75485],[0.13454,51.75485],[0.13439,51.75485],[0.13438,51.75485]]],[[[0.13424,51.75486],[0.1343,51.75486],[0.1344,51.75486],[0.13424,51.75486]]],[[[0.13438,51.75485],[0.13405,51.75484],[0.13462,51.75486],[0.13464,51.75486],[0.13438,51.75485],[0.13438,51.75485]]],[[[0.13462,51.75486],[0.1344,51.75486],[0.1345,51.75486],[0.13465,51.75486],[0.13462,51.75486]]],[[[0.13454,51.75485],[0.13471,51.75486],[0.13472,51.75486],[0.13454,51.75485]]],[[[0.13472,51.75486],[0.13473,51.75486],[0.13477,51.75486],[0.13472,51.75486]]],[[[0.13477,51.75486],[0.13505,51.75487],[0.13539,51.75488],[0.13544,51.75488],[0.13554,51.75488],[0.13522,51.75486],[0.13477,51.75486]]],[[[0.13554,51.75488],[0.13559,51.75489],[0.13585,51.75489],[0.13597,51.7549],[0.13585,51.75489],[0.13554,51.75488]]],[[[0.13597,51.7549],[0.136,51.7549],[0.13618,51.7549],[0.1361,51.7549],[0.13597,51.7549]]],[[[0.13618,51.7549],[0.13631,51.75491],[0.13666,51.75492],[0.13639,51.75491],[0.13682,51.75493],[0.13695,51.75494],[0.13733,51.75495],[0.13742,51.75496],[0.13742,51.75496],[0.13711,51.75493],[0.13699,51.75493],[0.13673,51.75492],[0.13618,51.7549]]],[[[0.1294,51.75489],[0.12889,51.75501],[0.12858,51.75534],[0.1294,51.75489]]],[[[0.12858,51.75534],[0.12854,51.75536],[0.1284,51.75547],[0.12854,51.75538],[0.12858,51.75534]]],[[[0.12811,51.75571],[0.12816,51.75567],[0.12822,51.75563],[0.1284,51.75547],[0.12793,51.7558],[0.12804,51.75574],[0.12811,51.75571]]],[[[0.13742,51.75496],[0.13744,51.75496],[0.13746,51.75496],[0.13748,51.75497],[0.1366,51.75494],[0.13441,51.75488],[0.13345,51.75488],[0.13308,51.75489],[0.13279,51.75488],[0.1317,51.75489],[0.12946,51.75488],[0.1282,51.75564],[0.12816,51.75568],[0.12811,51.75571],[0.12797,51.7558],[0.12772,51.75595],[0.12793,51.7558],[0.12747,51.75607],[0.12765,51.75608],[0.12747,51.75647],[0.12726,51.75684],[0.12711,51.75731],[0.12702,51.75778],[0.12684,51.7592],[0.12648,51.76113],[0.12594,51.76212],[0.1256,51.76342],[0.12347,51.76394],[0.11764,51.76459],[0.11216,51.76498],[0.10755,51.76555],[0.10433,51.76604],[0.10295,51.76613],[0.10012,51.7668],[0.09729,51.7676],[0.0972,51.76893],[0.09609,51.77084],[0.0948,51.77278],[0.09536,51.77474],[0.09191,51.77638],[0.0922,51.77932],[0.10111,51.7809],[0.11892,51.78574],[0.13216,51.78799],[0.13421,51.79419],[0.14063,51.79001],[0.14454,51.78383],[0.14132,51.7727],[0.15364,51.76678],[0.15038,51.76356],[0.1478,51.76003],[0.14497,51.75817],[0.14162,51.75676],[0.14023,51.75552],[0.13827,51.75498],[0.13742,51.75496]]],[[[0.1339,51.79439],[0.13441,51.79481],[0.13421,51.79419],[0.1339,51.79439]]],[[[0.12943,51.75488],[0.12945,51.75488],[0.12946,51.75488],[0.12946,51.75488],[0.13214,51.75487],[0.13051,51.75487],[0.12944,51.75488],[0.12943,51.75488]]],[[[0.13264,51.75487],[0.13214,51.75487],[0.13269,51.75488],[0.13264,51.75487]]],[[[0.13374,51.75486],[0.133,51.75487],[0.13282,51.75487],[0.13373,51.75486],[0.13374,51.75486]]],[[[0.13374,51.75486],[0.13379,51.75486],[0.13375,51.75486],[0.13374,51.75486]]],[[[0.13269,51.75488],[0.13279,51.75488],[0.13312,51.75488],[0.13269,51.75488]]],[[[0.13379,51.75486],[0.1338,51.75486],[0.13405,51.75486],[0.13379,51.75486]]],[[[0.13364,51.75487],[0.13254,51.75487],[0.13264,51.75487],[0.13359,51.75487],[0.1336,51.75487],[0.13364,51.75487]]],[[[0.1336,51.75487],[0.13359,51.75487],[0.13312,51.75488],[0.13345,51.75488],[0.1336,51.75487]]],[[[0.1338,51.75486],[0.13373,51.75486],[0.13364,51.75487],[0.13375,51.75487],[0.134,51.75487],[0.1338,51.75486]]],[[[0.1341,51.75487],[0.13375,51.75487],[0.1336,51.75487],[0.1336,51.75487],[0.13412,51.75487],[0.1341,51.75487]]],[[[0.13466,51.75486],[0.13473,51.75486],[0.13471,51.75486],[0.13464,51.75486],[0.13466,51.75486]]],[[[0.13466,51.75486],[0.13465,51.75486],[0.13488,51.75487],[0.13466,51.75486]]],[[[0.13473,51.75486],[0.13517,51.75487],[0.13505,51.75487],[0.13473,51.75486],[0.13473,51.75486]]],[[[0.134,51.75487],[0.1341,51.75487],[0.13435,51.75487],[0.13412,51.75487],[0.13441,51.75488],[0.13513,51.75488],[0.1345,51.75486],[0.134,51.75487]]],[[[0.13488,51.75487],[0.13514,51.75488],[0.13517,51.75488],[0.13488,51.75487]]],[[[0.13514,51.75488],[0.13513,51.75488],[0.13516,51.75488],[0.13514,51.75488]]],[[[0.13517,51.75487],[0.13533,51.75488],[0.13536,51.75488],[0.13517,51.75487]]],[[[0.13536,51.75488],[0.13562,51.75489],[0.13559,51.75489],[0.13539,51.75488],[0.13536,51.75488]]],[[[0.13576,51.75489],[0.13605,51.7549],[0.136,51.7549],[0.13585,51.75489],[0.1357,51.75489],[0.13576,51.75489]]],[[[0.13576,51.75489],[0.13562,51.75489],[0.13565,51.75489],[0.1357,51.75489],[0.13591,51.7549],[0.13612,51.75491],[0.13576,51.75489]]],[[[0.13614,51.75491],[0.13612,51.75491],[0.13616,51.75491],[0.13614,51.75491]]],[[[0.13605,51.7549],[0.13614,51.75491],[0.13639,51.75491],[0.13631,51.75491],[0.13605,51.7549]]],[[[0.13616,51.75491],[0.13621,51.75491],[0.13685,51.75493],[0.13682,51.75493],[0.13616,51.75491]]],[[[0.13685,51.75493],[0.13704,51.75494],[0.13695,51.75494],[0.13685,51.75493]]],[[[0.13685,51.75493],[0.13591,51.7549],[0.13577,51.7549],[0.13603,51.75491],[0.13527,51.75488],[0.13516,51.75488],[0.1366,51.75494],[0.13738,51.75496],[0.13685,51.75493]]],[[[0.13738,51.75496],[0.13744,51.75496],[0.13742,51.75496],[0.13738,51.75496]]],[[[0.13744,51.75496],[0.13745,51.75496],[0.13744,51.75496],[0.13744,51.75496]]],[[[0.12943,51.75488],[0.12941,51.75489],[0.12876,51.75526],[0.12822,51.75563],[0.1282,51.75564],[0.12943,51.75488]]],[[[0.1282,51.75564],[0.12816,51.75567],[0.1282,51.75564],[0.1282,51.75564]]],[[[0.13533,51.75488],[0.13517,51.75488],[0.13527,51.75488],[0.13577,51.7549],[0.1357,51.75489],[0.13533,51.75488]]]]}},{"type":"Feature","properties":{"source_code":"F81072","codes":["F81072"],"label":"HIGH STREET SURGERY, EPPING"},"geometry":{"type":"MultiPolygon","coordinates":[[[[0.0903,51.66883],[0.1339,51.66723],[0.08858,51.6683],[0.0903,51.66883]]],[[[0.14414,51.7015],[0.14526,51.70418],[0.13005,51.70218],[0.14214,51.70235],[0.14187,51.7015],[0.14414,51.7015],[0.14277,51.69824],[0.1442,51.70065],[0.14523,51.68937],[0.11505,51.67928],[0.11433,51.67788],[0.09872,51.67296],[0.11227,51.67554],[0.0903,51.66883],[0.08902,51.66887],[0.08823,51.66787],[0.04498,51.67894],[0.07416,51.73915],[0.19844,51.74106],[0.20084,51.7115],[0.16016,51.70615],[0.16042,51.70584],[0.1664,51.70649],[0.19844,51.71086],[0.19344,51.70943],[0.19878,51.71001],[0.18384,51.70671],[0.17302,51.70382],[0.19638,51.70895],[0.17166,51.6998],[0.16846,51.7026],[0.16754,51.70235],[0.16719,51.70253],[0.16445,51.70193],[0.16225,51.70368],[0.16411,51.7015],[0.14414,51.7015]]],[[[0.12658,51.70172],[0.12275,51.69426],[0.12717,51.7018],[0.12658,51.70172]]],[[[0.10252,51.68595],[0.08998,51.67009],[0.09208,51.67095],[0.10252,51.68595]]]]}},{"type":"Feature","properties":{"source_code":"D81013","codes":["D81013"],"label":"TRUMPINGTON STREET MEDICAL PRACTICE"},"geometry":{"type":"Polygon","coordinates":[[[0.07887,52.21407],[0.08146,52.21354],[0.08291,52.21333],[0.08343,52.21332],[0.08406,52.21331],[0.08485,52.21333],[0.0858,52.21333],[0.0878,52.21323],[0.08953,52.21301],[0.09165,52.21254],[0.09387,52.21242],[0.09603,52.21198],[0.09923,52.21178],[0.10184,52.2113],[0.10447,52.21117],[0.10534,52.2112],[0.10858,52.21067],[0.1101,52.21046],[0.11097,52.21024],[0.11138,52.21002],[0.11202,52.20994],[0.11367,52.21033],[0.11533,52.21073],[0.11437,52.21141],[0.1136,52.21201],[0.11282,52.21291],[0.11299,52.2128],[0.11249,52.21329],[0.11282,52.21291],[0.11168,52.21365],[0.11094,52.21402],[0.11141,52.21442],[0.11156,52.21459],[0.11187,52.21478],[0.11237,52.21504],[0.11323,52.21536],[0.11404,52.21552],[0.1145,52.21557],[0.11489,52.21553],[0.11545,52.21555],[0.11601,52.21551],[0.11664,52.2154],[0.11722,52.2153],[0.12095,52.21473],[0.12284,52.21442],[0.12427,52.21419],[0.12459,52.21396],[0.12703,52.21453],[0.12947,52.21502],[0.13212,52.2156],[0.13372,52.21589],[0.1342,52.2161],[0.13458,52.21623],[0.13491,52.21615],[0.13494,52.21595],[0.13527,52.21545],[0.13587,52.21489],[0.13635,52.2142],[0.13635,52.21374],[0.13631,52.21357],[0.13631,52.21341],[0.13623,52.21281],[0.1362,52.21354],[0.13619,52.21348],[0.13613,52.21348],[0.1362,52.21261],[0.13623,52.21281],[0.13624,52.21249],[0.13632,52.21152],[0.137,52.20978],[0.13728,52.20895],[0.13714,52.20829],[0.13868,52.20839],[0.14021,52.20864],[0.1416,52.20888],[0.14262,52.20902],[0.1429,52.20856],[0.14346,52.20802],[0.14418,52.20779],[0.14473,52.20748],[0.14518,52.2074],[0.14533,52.20751],[0.14571,52.2074],[0.14699,52.207],[0.1482,52.20666],[0.14939,52.2065],[0.15008,52.20576],[0.15054,52.20483],[0.1513,52.20391],[0.15194,52.2035],[0.15267,52.20296],[0.15493,52.20153],[0.15698,52.20053],[0.15576,52.19608],[0.15439,52.19275],[0.15341,52.18987],[0.15117,52.18462],[0.14991,52.18202],[0.14859,52.17958],[0.14879,52.17229],[0.14403,52.16813],[0.13728,52.16455],[0.12492,52.16074],[0.1056,52.1617],[0.10419,52.16124],[0.10325,52.16129],[0.1011,52.16226],[0.09686,52.16431],[0.08991,52.16879],[0.08402,52.17381],[0.07944,52.1792],[0.07542,52.18654],[0.07475,52.19056],[0.07457,52.19478],[0.07573,52.19966],[0.07887,52.21407]]]}},{"type":"Feature","properties":{"source_code":"D81037","codes":["D81037"],"label":"BRIDGE STREET MEDICAL CENTRE"},"geometry":{"type":"Polygon","coordinates":[[[0.05733,52.24084],[0.05854,52.24073],[0.06025,52.23989],[0.0618,52.23863],[0.06437,52.23758],[0.06729,52.23611],[0.06987,52.23463],[0.07261,52.23358],[0.07605,52.23253],[0.07965,52.23285],[0.08308,52.23274],[0.08669,52.23327],[0.09064,52.23369],[0.09338,52.23369],[0.09682,52.23421],[0.10197,52.23432],[0.10729,52.23474],[0.11141,52.23558],[0.11587,52.23589],[0.11913,52.236],[0.1236,52.23621],[0.12875,52.23716],[0.13407,52.23747],[0.13819,52.23789],[0.1466,52.238],[0.15175,52.23758],[0.15621,52.23674],[0.16102,52.23526],[0.16634,52.23358],[0.17166,52.23264],[0.1775,52.23032],[0.1811,52.22769],[0.18368,52.22549],[0.1866,52.22265],[0.18986,52.21939],[0.19432,52.21739],[0.19981,52.2156],[0.20445,52.21476],[0.20874,52.21465],[0.21183,52.21423],[0.20926,52.21297],[0.20531,52.21255],[0.2029,52.21234],[0.20102,52.21087],[0.19947,52.20855],[0.19672,52.20645],[0.19398,52.20424],[0.19278,52.20256],[0.19037,52.19803],[0.18986,52.19572],[0.18797,52.19277],[0.1878,52.19056],[0.18608,52.18825],[0.18505,52.18393],[0.18333,52.18309],[0.17939,52.18309],[0.17389,52.18362],[0.17029,52.18341],[0.16788,52.17962],[0.16411,52.17562],[0.16308,52.17035],[0.15999,52.16593],[0.15793,52.1674],[0.15347,52.16951],[0.15003,52.17246],[0.14626,52.17541],[0.14351,52.17814],[0.14042,52.17877],[0.13321,52.17941],[0.12531,52.17962],[0.12016,52.18046],[0.11776,52.17814],[0.1157,52.17519],[0.11192,52.17204],[0.10918,52.16761],[0.10677,52.16382],[0.103,52.16088],[0.0975,52.16403],[0.09201,52.16698],[0.08686,52.17077],[0.08137,52.17604],[0.07725,52.18193],[0.07416,52.18846],[0.0745,52.19414],[0.07484,52.20214],[0.07793,52.20992],[0.07828,52.21581],[0.07828,52.22044],[0.0769,52.22359],[0.07347,52.22696],[0.06969,52.23116],[0.06386,52.23642],[0.05733,52.24084]]]}},{"type":"Feature","properties":{"source_code":"F86062","codes":["F86062"],"label":"GROVE SURGERY"},"geometry":{"type":"Polygon","coordinates":[[[-0.01609,51.60032],[-0.00813,51.60024],[-0.00619,51.60032],[-0.00411,51.60024],[-0.00212,51.59995],[-0.00039,51.59957],[0.00248,51.59873],[0.005,51.59773],[0.00812,51.59639],[0.00934,51.59566],[0.00995,51.59522],[0.01021,51.59459],[0.00907,51.59189],[0.00779,51.58935],[0.00664,51.58678],[0.00614,51.58392],[0.00344,51.58229],[0.00296,51.58193],[0.00265,51.58135],[0.00268,51.58062],[0.00332,51.58015],[0.00652,51.57878],[0.00963,51.57779],[0.01025,51.57747],[0.0109,51.57724],[0.01196,51.5765],[0.01271,51.5759],[0.01329,51.57527],[0.01554,51.5731],[0.01509,51.57259],[0.01525,51.57198],[0.01567,51.57155],[0.01604,51.5711],[0.01419,51.57036],[0.0126,51.56957],[0.01121,51.56856],[0.01043,51.56724],[0.01011,51.56558],[0.00953,51.56315],[0.00793,51.56063],[0.00667,51.55784],[0.00546,51.55539],[0.0052,51.55411],[0.00545,51.55273],[0.0004,51.55214],[-0.00497,51.55078],[-0.00602,51.55051],[-0.00686,51.55128],[-0.0083,51.55203],[-0.01018,51.553],[-0.0116,51.55366],[-0.01263,51.55394],[-0.01373,51.55439],[-0.01394,51.55451],[-0.01419,51.55465],[-0.01441,51.5548],[-0.01471,51.55494],[-0.01493,51.55512],[-0.01531,51.55533],[-0.0161,51.55558],[-0.01472,51.5571],[-0.01493,51.55731],[-0.01554,51.55753],[-0.01717,51.55768],[-0.0212,51.56059],[-0.02266,51.56119],[-0.02342,51.56142],[-0.02744,51.56236],[-0.03462,51.56584],[-0.03509,51.56665],[-0.03522,51.56756],[-0.0366,51.56897],[-0.0329,51.57017],[-0.03002,51.57083],[-0.031,51.57208],[-0.03177,51.57335],[-0.03665,51.57596],[-0.03633,51.57669],[-0.03686,51.57727],[-0.03784,51.57809],[-0.03922,51.57781],[-0.04086,51.57704],[-0.04212,51.5778],[-0.04283,51.57931],[-0.03939,51.58055],[-0.03989,51.58211],[-0.04082,51.5836],[-0.04119,51.58446],[-0.04122,51.58532],[-0.03962,51.58607],[-0.04027,51.58662],[-0.04055,51.58727],[-0.04044,51.58759],[-0.04021,51.58789],[-0.03983,51.58855],[-0.03965,51.58892],[-0.03974,51.58932],[-0.04014,51.59015],[-0.04013,51.5909],[-0.03994,51.59246],[-0.04093,51.59536],[-0.04142,51.59675],[-0.04106,51.59825],[-0.0409,51.59849],[-0.04073,51.59861],[-0.0405,51.59868],[-0.04032,51.59877],[-0.04002,51.59878],[-0.03955,51.59875],[-0.03771,51.59882],[-0.03593,51.59899],[-0.03512,51.59921],[-0.03431,51.59927],[-0.03085,51.5995],[-0.02903,51.59951],[-0.02747,51.59947],[-0.02217,51.60013],[-0.02137,51.60023],[-0.02066,51.60025],[-0.01995,51.60037],[-0.01915,51.60023],[-0.01842,51.60028],[-0.01769,51.60017],[-0.01609,51.60032]]]}},{"type":"Feature","properties":{"source_code":"Y00155","codes":["Y00155"],"label":"GROVE SURGERY"},"geometry":{"type":"Polygon","coordinates":[[[0.04944,51.60032],[0.2314,51.60501],[0.22179,51.53523],[0.08102,51.53395],[0.04944,51.60032]]]}},{"type":"Feature","properties":{"source_code":"F81184","codes":["F81184"],"label":"ABRIDGE SURGERY"},"geometry":{"type":"MultiPolygon","coordinates":[[[[0.08975,51.63609],[0.08635,51.63464],[0.08429,51.63997],[0.08975,51.63609]]],[[[0.08975,51.63609],[0.09407,51.63794],[0.10763,51.62482],[0.09459,51.63784],[0.08549,51.63997],[0.11295,51.63613],[0.11295,51.61967],[0.11312,51.61951],[0.11295,51.61963],[0.11295,51.61951],[0.11253,51.61993],[0.08975,51.63609]]],[[[0.09647,51.68881],[0.15754,51.66734],[0.15724,51.67279],[0.21222,51.6757],[0.22955,51.65981],[0.23539,51.64396],[0.20436,51.6319],[0.19299,51.61639],[0.18346,51.61588],[0.16763,51.62771],[0.0848,51.64061],[0.11021,51.66084],[0.06575,51.66936],[0.09647,51.68881]]]]}},{"type":"Feature","properties":{"source_code":"F81043","codes":["F81043"],"label":"THE LIMES MEDICAL CENTRE"},"geometry":{"type":"Polygon","coordinates":[[[0.13493,51.7451],[0.13939,51.74468],[0.14317,51.74489],[0.15278,51.74871],[0.15656,51.75063],[0.17063,51.75148],[0.18265,51.7451],[0.19672,51.74553],[0.18608,51.7349],[0.18642,51.72745],[0.18059,51.72235],[0.17681,51.71895],[0.15965,51.66191],[0.11673,51.65467],[0.10197,51.66787],[0.10025,51.66425],[0.04498,51.6783],[0.02987,51.66936],[0.02438,51.66638],[0.01717,51.66212],[0.00961,51.66212],[0.00927,51.65552],[0.00549,51.65211],[0.00549,51.64742],[-0.00309,51.64657],[-0.01064,51.63485],[-0.02575,51.64018],[-0.01408,51.66489],[-0.01133,51.66489],[-0.01305,51.67064],[-0.01854,51.67383],[-0.02129,51.67937],[-0.03056,51.67958],[-0.00515,51.72979],[0.00549,51.7468],[0.0,51.7502],[0.00343,51.75211],[0.01339,51.75254],[0.01202,51.74829],[0.0182,51.74829],[0.02403,51.75275],[0.02987,51.75254],[0.03674,51.74999],[0.04704,51.75169],[0.0515,51.74829],[0.0563,51.74999],[0.07072,51.75382],[0.08652,51.75148],[0.10712,51.74893],[0.13493,51.7451]]]}},{"type":"Feature","properties":{"source_code":"D81001","codes":["D81001"],"label":"LENSFIELD MEDICAL PRACTICE"},"geometry":{"type":"Polygon","coordinates":[[[0.07841,52.19169],[0.09179,52.21252],[0.09877,52.22016],[0.10476,52.22317],[0.11233,52.22226],[0.11721,52.22167],[0.12235,52.21954],[0.12493,52.21797],[0.12621,52.21699],[0.12943,52.21828],[0.13218,52.21962],[0.13428,52.21784],[0.13793,52.21676],[0.14501,52.21444],[0.14965,52.21163],[0.14832,52.20879],[0.15244,52.20797],[0.15913,52.20114],[0.18512,52.19632],[0.18836,52.19321],[0.18723,52.18729],[0.18547,52.18264],[0.17089,52.1833],[0.16529,52.17452],[0.15724,52.16762],[0.13733,52.17035],[0.10718,52.16376],[0.09213,52.16853],[0.0839,52.17738],[0.07772,52.1839],[0.07841,52.19169]]]}},{"type":"Feature","properties":{"source_code":"D81070","codes":["D81070"],"label":"WOODLANDS SURGERY"},"geometry":{"type":"Polygon","coordinates":[[[0.17813,52.22938],[0.18157,52.22671],[0.18668,52.22151],[0.201,52.2148],[0.18537,52.20453],[0.18878,52.19177],[0.18462,52.18288],[0.17181,52.18385],[0.16672,52.17832],[0.1647,52.17592],[0.16369,52.17271],[0.16315,52.1707],[0.16077,52.16571],[0.16068,52.16577],[0.16068,52.16577],[0.15478,52.17001],[0.1539,52.17069],[0.14698,52.17569],[0.14244,52.17877],[0.13875,52.17903],[0.12862,52.17959],[0.12761,52.17673],[0.13167,52.17151],[0.11549,52.16951],[0.11297,52.17151],[0.10097,52.17466],[0.08358,52.17871],[0.08562,52.18348],[0.07907,52.19135],[0.0754,52.19698],[0.07699,52.20634],[0.07944,52.21718],[0.07287,52.2294],[0.07316,52.2304],[0.07439,52.23097],[0.07763,52.23156],[0.08238,52.23216],[0.09254,52.23306],[0.10412,52.23406],[0.11027,52.23459],[0.11244,52.23433],[0.11204,52.23272],[0.11545,52.23186],[0.1187,52.23126],[0.12204,52.23265],[0.12382,52.23352],[0.12591,52.23414],[0.13032,52.23463],[0.13416,52.23417],[0.14026,52.23088],[0.14542,52.2276],[0.15006,52.2316],[0.15231,52.23697],[0.1573,52.23597],[0.16221,52.23468],[0.17177,52.23196],[0.17813,52.22938]]]}},{"type":"Feature","properties":{"source_code":"D81016","codes":["D81016"],"label":"ARBURY ROAD SURGERY"},"geometry":{"type":"Polygon","coordinates":[[[0.11218,52.23274],[0.11809,52.2317],[0.1228,52.23328],[0.1243,52.23407],[0.12665,52.23455],[0.13171,52.23508],[0.13612,52.23364],[0.13806,52.23261],[0.13984,52.23168],[0.14288,52.22966],[0.1454,52.22743],[0.13574,52.22199],[0.13246,52.21901],[0.12643,52.21655],[0.11201,52.22207],[0.11175,52.22741],[0.11162,52.23013],[0.11156,52.23149],[0.11218,52.23274]]]}},{"type":"Feature","properties":{"source_code":"D81054","codes":["D81054"],"label":"RED HOUSE SURGERY"},"geometry":{"type":"Polygon","coordinates":[[[0.1545,52.24378],[0.17578,52.19077],[0.07072,52.24084],[0.10574,52.25723],[0.1545,52.24378]]]}},{"type":"Feature","properties":{"source_code":"F81078","codes":["F81078"],"label":"CHURCH LANGLEY MEDICAL PRACTICE"},"geometry":{"type":"Polygon","coordinates":[[[0.13596,51.74276],[0.13424,51.74975],[0.13252,51.75247],[0.12832,51.75534],[0.12767,51.75733],[0.12703,51.76011],[0.12626,51.76374],[0.12677,51.76732],[0.12703,51.77037],[0.1278,51.7731],[0.12892,51.77621],[0.12857,51.77942],[0.13973,51.78064],[0.14797,51.78559],[0.15638,51.78778],[0.15725,51.7885],[0.158,51.78921],[0.15867,51.79015],[0.15926,51.79109],[0.15881,51.79206],[0.1587,51.79316],[0.16233,51.79414],[0.16519,51.79578],[0.16629,51.79693],[0.16711,51.79799],[0.16831,51.79996],[0.17029,51.80106],[0.17241,51.80191],[0.17351,51.80224],[0.17454,51.8024],[0.17622,51.80236],[0.17693,51.80234],[0.17765,51.80233],[0.17895,51.80264],[0.18196,51.79596],[0.18078,51.77917],[0.17975,51.77078],[0.17493,51.76134],[0.17077,51.75086],[0.16091,51.75042],[0.15518,51.74935],[0.15007,51.74481],[0.14467,51.74235],[0.14033,51.74204],[0.13596,51.74276]]]}},{"type":"Feature","properties":{"source_code":"D81056","codes":["D81056"],"label":"PETERSFIELD MEDICAL PRACTICE"},"geometry":{"type":"Polygon","coordinates":[[[0.07896,52.21371],[0.08961,52.21287],[0.09647,52.21181],[0.10042,52.21181],[0.10489,52.21124],[0.10961,52.21055],[0.11334,52.21039],[0.11656,52.2116],[0.12377,52.21392],[0.12544,52.21492],[0.12609,52.21634],[0.1281,52.21734],[0.13166,52.21891],[0.13664,52.22249],[0.14737,52.22875],[0.15115,52.22533],[0.15656,52.22028],[0.15793,52.21255],[0.16368,52.2126],[0.16685,52.21202],[0.17286,52.21103],[0.17853,52.21087],[0.18745,52.2116],[0.19175,52.21118],[0.19398,52.20682],[0.19835,52.19882],[0.20926,52.19104],[0.21625,52.1883],[0.22591,52.18883],[0.23071,52.18698],[0.2338,52.18414],[0.23415,52.18304],[0.23402,52.18233],[0.232,52.17883],[0.22934,52.17509],[0.21758,52.1644],[0.21252,52.15856],[0.2029,52.15245],[0.19947,52.1495],[0.19432,52.14808],[0.19054,52.14466],[0.18711,52.14107],[0.18196,52.14171],[0.17218,52.13992],[0.16308,52.13707],[0.15003,52.13728],[0.12325,52.13538],[0.11742,52.13623],[0.11227,52.13654],[0.10918,52.14128],[0.10849,52.15666],[0.09235,52.16719],[0.08102,52.17646],[0.07484,52.18783],[0.0745,52.20045],[0.07896,52.21371]]]}},{"type":"Feature","properties":{"source_code":"D81043","codes":["D81043"],"label":"GRANTA MEDICAL PRACTICES"},"geometry":{"type":"Polygon","coordinates":[[[-0.10471,52.02884],[-0.04703,52.05059],[-0.03519,52.06051],[-0.02721,52.06441],[-0.01786,52.06283],[0.0127,52.04679],[0.04412,52.06515],[0.08652,52.07507],[0.07313,52.08795],[0.06935,52.09132],[0.04292,52.10777],[0.0563,52.11958],[0.06695,52.12906],[0.07484,52.13728],[0.07896,52.13728],[0.09064,52.14592],[0.09167,52.1554],[0.10368,52.16109],[0.11261,52.17267],[0.11604,52.18046],[0.14145,52.17898],[0.14626,52.17604],[0.18471,52.1554],[0.21149,52.13517],[0.30693,52.1874],[0.38161,52.16782],[0.40134,52.15055],[0.39414,52.1417],[0.40152,52.13707],[0.39233,52.1161],[0.40135,52.1006],[0.38847,52.06537],[0.40066,52.05587],[0.31294,52.05418],[0.2544,52.04742],[0.2513,52.08225],[0.21404,52.11358],[0.17413,52.06596],[0.16168,52.07234],[0.13009,52.00847],[0.10948,51.9904],[0.04173,51.97381],[0.03081,51.99106],[-0.02639,51.99711],[-0.07124,52.01077],[-0.10471,52.02884]]]}},{"type":"Feature","properties":{"source_code":"F81056","codes":["F81056"],"label":"OLD HARLOW HEALTH CENTRE"},"geometry":{"type":"Polygon","coordinates":[[[0.11759,51.7959],[0.12198,51.80008],[0.12723,51.80353],[0.13387,51.80402],[0.14527,51.80182],[0.16042,51.80351],[0.16382,51.80351],[0.17258,51.80482],[0.18186,51.80643],[0.19114,51.80729],[0.19677,51.80146],[0.20153,51.79134],[0.20256,51.77522],[0.16325,51.77002],[0.13291,51.77002],[0.12905,51.77252],[0.12802,51.77294],[0.12803,51.77319],[0.12819,51.77341],[0.12833,51.7737],[0.12843,51.7739],[0.1285,51.77414],[0.12858,51.77443],[0.12861,51.77471],[0.12872,51.77499],[0.12877,51.77527],[0.12877,51.77539],[0.12878,51.77548],[0.12879,51.77557],[0.1288,51.77565],[0.12881,51.7759],[0.12885,51.77623],[0.12879,51.77678],[0.12863,51.77731],[0.1285,51.77806],[0.12837,51.7789],[0.12809,51.77996],[0.12773,51.78119],[0.1275,51.78248],[0.12728,51.7832],[0.12639,51.78317],[0.12468,51.78307],[0.1235,51.78292],[0.12266,51.78281],[0.12207,51.78272],[0.12158,51.78263],[0.12095,51.78255],[0.11907,51.78583],[0.11715,51.79076],[0.11759,51.7959]]]}},{"type":"Feature","properties":{"source_code":"F82604","codes":["F82604"],"label":"MARKS GATE HEALTH CENTRE"},"geometry":{"type":"Polygon","coordinates":[[[0.11755,51.58286],[0.11755,51.5831],[0.1175,51.58336],[0.1175,51.58366],[0.11742,51.58395],[0.1175,51.58448],[0.11793,51.58472],[0.11845,51.58507],[0.11905,51.58552],[0.12042,51.58579],[0.12398,51.5864],[0.12789,51.58696],[0.13111,51.58758],[0.13304,51.58795],[0.13475,51.58827],[0.13561,51.58872],[0.13656,51.58926],[0.13707,51.58971],[0.1378,51.58998],[0.13939,51.59048],[0.14128,51.59083],[0.14179,51.5908],[0.14205,51.58942],[0.14149,51.58771],[0.14158,51.58664],[0.14184,51.58526],[0.14179,51.58403],[0.14149,51.58238],[0.14153,51.58136],[0.14089,51.57918],[0.14089,51.57784],[0.14089,51.57547],[0.13849,51.57518],[0.13681,51.57464],[0.1363,51.57643],[0.13587,51.57971],[0.13553,51.58091],[0.1278,51.58158],[0.12154,51.58203],[0.11767,51.58248],[0.11755,51.58286]]]}},{"type":"Feature","properties":{"source_code":"Y00056","codes":["Y00056"],"label":"CAMBRIDGE ACCESS SURGERY"},"geometry":{"type":"Polygon","coordinates":[[[0.10334,52.16151],[0.09201,52.16825],[0.0975,52.17667],[0.0951,52.18162],[0.09682,52.18825],[0.09784,52.19183],[0.07828,52.21392],[0.08806,52.2258],[0.10059,52.22969],[0.11089,52.22948],[0.11295,52.23411],[0.14454,52.23726],[0.172,52.23158],[0.16068,52.22286],[0.17338,52.22149],[0.18745,52.21644],[0.18436,52.2116],[0.22007,52.18087],[0.19964,52.17119],[0.18402,52.17077],[0.16308,52.17246],[0.15415,52.15793],[0.13355,52.17098],[0.10334,52.16151]]]}},{"type":"Feature","properties":{"source_code":"D81003","codes":["D81003"],"label":"YORK STREET MEDICAL PRACTICE"},"geometry":{"type":"Polygon","coordinates":[[[0.1107,52.21396],[0.11214,52.21511],[0.11312,52.21547],[0.11424,52.21565],[0.11576,52.21567],[0.11883,52.21515],[0.12473,52.2143],[0.12634,52.21649],[0.12735,52.21706],[0.1299,52.21815],[0.13334,52.21993],[0.13551,52.22185],[0.14053,52.22462],[0.14542,52.22738],[0.14694,52.22639],[0.1496,52.22856],[0.15093,52.22793],[0.15265,52.22702],[0.15269,52.22659],[0.14887,52.22438],[0.1522,52.22162],[0.15312,52.22196],[0.15383,52.22162],[0.15578,52.22065],[0.1605,52.21714],[0.16175,52.21661],[0.16246,52.21548],[0.16286,52.21216],[0.16291,52.21155],[0.16366,52.20692],[0.16357,52.20563],[0.16233,52.20332],[0.1614,52.20236],[0.15896,52.20104],[0.15812,52.20058],[0.15746,52.20056],[0.15748,52.20016],[0.15651,52.19891],[0.15643,52.19768],[0.15606,52.19609],[0.15338,52.19648],[0.15016,52.19711],[0.14688,52.19715],[0.14553,52.1974],[0.14096,52.19862],[0.1384,52.19953],[0.13531,52.20078],[0.13113,52.20245],[0.12739,52.2041],[0.12445,52.20498],[0.11939,52.20774],[0.11765,52.20912],[0.11499,52.21075],[0.1134,52.21183],[0.113,52.21256],[0.1107,52.21396]]]}},{"type":"Feature","properties":{"source_code":"E82100","codes":["E82100"],"label":"CENTRAL SURGERY"},"geometry":{"type":"Polygon","coordinates":[[[0.12978,51.79205],[0.08514,51.78653],[0.09613,51.84893],[0.17441,51.84554],[0.20187,51.798],[0.12978,51.79205]]]}},{"type":"Feature","properties":{"source_code":"D81017","codes":["D81017"],"label":"MILL ROAD SURGERY"},"geometry":{"type":"Polygon","coordinates":[[[0.14677,52.20729],[0.14854,52.2069],[0.15014,52.20567],[0.15385,52.20232],[0.16368,52.19872],[0.17145,52.19638],[0.18574,52.20519],[0.19265,52.20211],[0.19784,52.19798],[0.20947,52.18533],[0.19881,52.18226],[0.18539,52.18277],[0.16042,52.18583],[0.13561,52.1894],[0.14677,52.20729]]]}},{"type":"Feature","properties":{"source_code":"D81044","codes":["D81044"],"label":"NUFFIELD ROAD MEDICAL CENTRE"},"geometry":{"type":"Polygon","coordinates":[[[0.15347,52.24168],[0.14895,52.24703],[0.16342,52.24441],[0.17235,52.24105],[0.17475,52.23621],[0.17063,52.23348],[0.1696,52.2278],[0.16651,52.22633],[0.16651,52.22296],[0.15587,52.22002],[0.15003,52.21876],[0.1466,52.21623],[0.14317,52.21245],[0.13493,52.21013],[0.13012,52.21202],[0.11776,52.21602],[0.10643,52.21602],[0.08892,52.22359],[0.08652,52.23011],[0.0848,52.23579],[0.0824,52.24588],[0.08446,52.2524],[0.09819,52.25387],[0.11261,52.25156],[0.12188,52.25051],[0.13355,52.25114],[0.14832,52.24777],[0.14895,52.24703],[0.14832,52.24714],[0.15347,52.24168]]]}},{"type":"Feature","properties":{"source_code":"D81066","codes":["D81066"],"label":"QUEEN EDITH MEDICAL PRACTICE"},"geometry":{"type":"Polygon","coordinates":[[[0.15587,52.19709],[0.2635,52.19909],[0.22247,52.18025],[0.14935,52.14423],[0.08926,52.1515],[0.05991,52.16356],[0.06145,52.18151],[0.11175,52.19014],[0.15587,52.19709]]]}},{"type":"Feature","properties":{"source_code":"D81012","codes":["D81012"],"label":"CORNFORD HOUSE SURGERY"},"geometry":{"type":"Polygon","coordinates":[[[0.16291,52.21213],[0.17578,52.2106],[0.18376,52.21118],[0.192,52.21113],[0.18728,52.20776],[0.19381,52.20492],[0.18677,52.19924],[0.26573,52.20077],[0.26285,52.19902],[0.26462,52.19672],[0.2665,52.19582],[0.26616,52.19467],[0.25419,52.19376],[0.22522,52.17614],[0.19887,52.18195],[0.17166,52.18376],[0.17012,52.18285],[0.1672,52.17829],[0.16497,52.17654],[0.16411,52.17219],[0.14857,52.17409],[0.14274,52.17877],[0.13518,52.19067],[0.14729,52.20713],[0.14995,52.2064],[0.15201,52.2035],[0.15801,52.2004],[0.16162,52.20256],[0.16385,52.20603],[0.16291,52.21213]]]}},{"type":"Feature","properties":{"source_code":"E82067","codes":["E82067"],"label":"CHURCH STREET PARTNERSHIP"},"geometry":{"type":"Polygon","coordinates":[[[0.21744,51.87017],[0.24677,51.86856],[0.25475,51.86865],[0.26135,51.86844],[0.26676,51.86801],[0.26683,51.86745],[0.26684,51.86745],[0.26683,51.8674],[0.26711,51.86504],[0.26745,51.86271],[0.26118,51.86027],[0.25801,51.85884],[0.25475,51.85762],[0.24822,51.85529],[0.24391,51.85384],[0.2287,51.84762],[0.22453,51.84554],[0.21904,51.84235],[0.21235,51.83869],[0.20878,51.83655],[0.20488,51.83488],[0.20196,51.83408],[0.19878,51.83323],[0.19761,51.83228],[0.19684,51.82418],[0.17316,51.82312],[0.16423,51.8244],[0.15291,51.8331],[0.14948,51.84158],[0.12786,51.85282],[0.12031,51.86766],[0.14845,51.89204],[0.15428,51.8914],[0.16584,51.88947],[0.16891,51.88926],[0.17269,51.88836],[0.17296,51.88827],[0.20233,51.88335],[0.21236,51.87115],[0.21744,51.87017]]]}},{"type":"Feature","properties":{"source_code":"E82074","codes":["E82074"],"label":"SOUTH STREET SURGERY"},"geometry":{"type":"MultiPolygon","coordinates":[[[[0.19166,51.84103],[0.19269,51.83949],[0.1932,51.8379],[0.19166,51.84103]]],[[[0.19166,51.84103],[0.19166,51.84103],[0.19037,51.84235],[0.19,51.84274],[0.1908,51.84278],[0.19166,51.84103]]],[[[0.17962,51.88558],[0.17938,51.88551],[0.17938,51.88572],[0.17962,51.88558]]],[[[0.19166,51.89371],[0.192,51.89334],[0.19209,51.8931],[0.19166,51.89371],[0.19166,51.89371]]],[[[0.19166,51.89371],[0.19166,51.89371],[0.19166,51.89371],[0.19157,51.89376],[0.19164,51.89387],[0.19162,51.89381],[0.19173,51.89402],[0.19166,51.89371]]],[[[0.19164,51.89387],[0.1917,51.89403],[0.19176,51.89416],[0.19176,51.89414],[0.19173,51.89403],[0.19164,51.89387]]],[[[0.19179,51.89434],[0.1918,51.89429],[0.19178,51.89423],[0.19176,51.89416],[0.19173,51.89441],[0.19174,51.89438],[0.19179,51.89434]]],[[[0.19173,51.89441],[0.19172,51.89445],[0.19172,51.89452],[0.19172,51.89459],[0.19171,51.89465],[0.19171,51.89468],[0.19173,51.89441]]],[[[0.19172,51.89475],[0.19171,51.89473],[0.19171,51.89468],[0.1917,51.89479],[0.19171,51.89479],[0.19172,51.89475]]],[[[0.19178,51.89486],[0.19171,51.89479],[0.19171,51.89479],[0.19178,51.89487],[0.19178,51.89486]]],[[[0.19178,51.89487],[0.19181,51.89492],[0.1919,51.895],[0.19178,51.89487]]],[[[0.19191,51.895],[0.1919,51.895],[0.19263,51.89578],[0.19191,51.895]]],[[[0.20479,51.88253],[0.20265,51.87755],[0.19741,51.87262],[0.19398,51.86473],[0.19132,51.86197],[0.18797,51.85868],[0.18539,51.85593],[0.18454,51.85328],[0.18454,51.85116],[0.18505,51.84872],[0.18574,51.84691],[0.18797,51.8449],[0.19,51.84274],[0.16801,51.84172],[0.15739,51.84135],[0.15204,51.84201],[0.14664,51.84272],[0.09819,51.86928],[0.09768,51.88317],[0.10729,51.89863],[0.11403,51.90157],[0.12076,51.90303],[0.13287,51.90446],[0.14188,51.90181],[0.1545,51.89811],[0.16042,51.89588],[0.16668,51.8891],[0.1711,51.88873],[0.17484,51.88772],[0.18299,51.88359],[0.17962,51.88558],[0.18374,51.8868],[0.18827,51.88837],[0.19089,51.88974],[0.19252,51.89058],[0.19269,51.89138],[0.19209,51.8931],[0.19278,51.89212],[0.19235,51.89276],[0.19209,51.89318],[0.192,51.89355],[0.19166,51.89371],[0.19166,51.89371],[0.19181,51.89425],[0.1918,51.89429],[0.1918,51.89432],[0.19181,51.89432],[0.19182,51.89431],[0.19182,51.89432],[0.19181,51.89432],[0.19181,51.89432],[0.1918,51.89432],[0.1918,51.89432],[0.19181,51.89432],[0.19179,51.89434],[0.19172,51.89475],[0.19178,51.89486],[0.19191,51.895],[0.192,51.89509],[0.1929,51.89596],[0.19303,51.8962],[0.19381,51.89784],[0.19518,51.89964],[0.20067,51.90102],[0.2017,51.89991],[0.20222,51.89848],[0.20333,51.89572],[0.20376,51.89472],[0.20269,51.88959],[0.19961,51.88761],[0.19653,51.88615],[0.20479,51.88253]]],[[[0.19174,51.89404],[0.19173,51.89402],[0.19173,51.89403],[0.19174,51.89404]]]]}},{"type":"Feature","properties":{"source_code":"D81612","codes":["D81612"],"label":"MILTON SURGERY"},"geometry":{"type":"Polygon","coordinates":[[[0.17673,52.27325],[0.17372,52.25818],[0.18769,52.25376],[0.18209,52.2485],[0.16799,52.23397],[0.15252,52.2383],[0.14248,52.24932],[0.16256,52.27042],[0.16763,52.27756],[0.17673,52.27325]]]}},{"type":"Feature","properties":{"source_code":"F82030","codes":["F82030"],"label":"LYNWOOD MEDICAL CENTRE"},"geometry":{"type":"Polygon","coordinates":[[[0.15565,51.6117],[0.18551,51.61042],[0.18517,51.59421],[0.18002,51.59229],[0.191,51.58376],[0.18448,51.58056],[0.17968,51.58141],[0.17727,51.578],[0.1711,51.57907],[0.16252,51.58099],[0.15188,51.58077],[0.15531,51.59826],[0.1481,51.60018],[0.15565,51.6117]]]}},{"type":"Feature","properties":{"source_code":"F82630","codes":["F82630"],"label":"CHASE CROSS MEDICAL CENTRE"},"geometry":{"type":"Polygon","coordinates":[[[0.17303,51.62057],[0.2011,51.61077],[0.20724,51.6097],[0.2132,51.59627],[0.19535,51.59541],[0.18188,51.59206],[0.17561,51.58795],[0.17226,51.58566],[0.17225,51.58571],[0.16701,51.58251],[0.16467,51.58187],[0.14926,51.58635],[0.14969,51.59925],[0.15278,51.61226],[0.17303,51.62057]]]}}]}