{"type":"FeatureCollection","metadata":{"bundle_id":"bundle-029","practice_count":183,"feature_count":183},"features":[{"type":"Feature","properties":{"source_code":"G82170","codes":["G82170"],"label":"LAMBERHURST"},"geometry":{"type":"Polygon","coordinates":[[[0.42224,51.04469],[0.36467,51.04368],[0.26554,51.09724],[0.36619,51.15401],[0.41973,51.14813],[0.45674,51.1115],[0.4547,51.05497],[0.42224,51.04469]]]}},{"type":"Feature","properties":{"source_code":"G82648","codes":["G82648"],"label":"ROCHESTER ROAD SURGERY"},"geometry":{"type":"Polygon","coordinates":[[[0.32079,51.45555],[0.34159,51.44726],[0.3494,51.44662],[0.38021,51.44361],[0.38881,51.44355],[0.41003,51.44348],[0.4164,51.44466],[0.42313,51.44536],[0.42749,51.44467],[0.4326,51.44385],[0.43232,51.4386],[0.43544,51.43614],[0.43484,51.43556],[0.43536,51.43101],[0.43306,51.42735],[0.42959,51.42312],[0.42656,51.42008],[0.42225,51.41802],[0.40739,51.41522],[0.39934,51.41467],[0.39638,51.41282],[0.39354,51.40977],[0.39061,51.40852],[0.38809,51.40773],[0.3851,51.40899],[0.38014,51.40909],[0.37568,51.40775],[0.37343,51.40504],[0.37383,51.40157],[0.37414,51.40025],[0.37871,51.40004],[0.38061,51.39988],[0.38396,51.39814],[0.3833,51.39636],[0.38359,51.39456],[0.37719,51.39266],[0.37128,51.39302],[0.36883,51.39355],[0.36581,51.39421],[0.36409,51.39412],[0.35872,51.39375],[0.35197,51.39245],[0.34491,51.3926],[0.33625,51.39122],[0.32727,51.39116],[0.32051,51.39332],[0.31199,51.3948],[0.29976,51.39851],[0.29303,51.40127],[0.28441,51.40466],[0.28683,51.40724],[0.29198,51.41085],[0.29256,51.42254],[0.28826,51.42812],[0.28033,51.43007],[0.27005,51.43469],[0.25705,51.43852],[0.25301,51.44577],[0.25477,51.45039],[0.26617,51.45292],[0.27573,51.45285],[0.28175,51.45477],[0.28943,51.45533],[0.29112,51.4547],[0.29737,51.45745],[0.30483,51.46507],[0.31277,51.46706],[0.31588,51.46413],[0.32079,51.45555]]]}},{"type":"Feature","properties":{"source_code":"G82158","codes":["G82158"],"label":"HOWELL SURGERY"},"geometry":{"type":"Polygon","coordinates":[[[0.48729,51.1295],[0.46747,51.08837],[0.42336,51.07256],[0.42338,51.07293],[0.41995,51.07582],[0.4178,51.08038],[0.41412,51.0844],[0.40971,51.08562],[0.40559,51.08684],[0.39911,51.08847],[0.39479,51.09157],[0.39049,51.09504],[0.38806,51.09415],[0.35995,51.12274],[0.36033,51.12424],[0.35897,51.12666],[0.35651,51.13011],[0.35159,51.13379],[0.35155,51.13381],[0.34658,51.13598],[0.34157,51.13721],[0.32937,51.13839],[0.32713,51.14145],[0.34215,51.1842],[0.44256,51.18215],[0.48219,51.14014],[0.48729,51.1295]]]}},{"type":"Feature","properties":{"source_code":"G82135","codes":["G82135"],"label":"WEST MALLING GROUP PRACTICE"},"geometry":{"type":"Polygon","coordinates":[[[0.435,51.2763],[0.43661,51.27833],[0.4365,51.27978],[0.43728,51.28364],[0.43496,51.27631],[0.435,51.2763],[0.4331,51.27393],[0.43043,51.27084],[0.42914,51.26821],[0.43018,51.26601],[0.43182,51.26416],[0.43171,51.26211],[0.43143,51.26042],[0.42941,51.25865],[0.42701,51.25701],[0.42403,51.25538],[0.41968,51.25329],[0.41131,51.25165],[0.40259,51.25074],[0.39625,51.25111],[0.39444,51.2497],[0.39301,51.24803],[0.39016,51.24519],[0.38713,51.2461],[0.38554,51.24516],[0.38355,51.24399],[0.38009,51.24419],[0.37151,51.24581],[0.36519,51.24666],[0.35853,51.24813],[0.35225,51.25358],[0.34838,51.25692],[0.34531,51.26484],[0.34026,51.27546],[0.33571,51.2845],[0.33448,51.28682],[0.33398,51.28852],[0.33571,51.29224],[0.33601,51.29417],[0.33812,51.29787],[0.34084,51.2983],[0.34413,51.29848],[0.34475,51.29931],[0.34514,51.30305],[0.34546,51.30559],[0.34729,51.30748],[0.34724,51.31027],[0.34708,51.31462],[0.34726,51.3145],[0.34662,51.32068],[0.34665,51.32515],[0.3471,51.32413],[0.3475,51.32296],[0.3489,51.32003],[0.3471,51.32413],[0.34666,51.32539],[0.34842,51.32572],[0.35268,51.326],[0.35888,51.3266],[0.36455,51.32794],[0.37372,51.32993],[0.37827,51.33201],[0.383,51.33385],[0.38712,51.33522],[0.39432,51.33628],[0.39937,51.3369],[0.40666,51.3359],[0.41083,51.33449],[0.41091,51.33231],[0.40904,51.32981],[0.41108,51.3282],[0.41235,51.32672],[0.41412,51.32366],[0.41411,51.32354],[0.41837,51.32381],[0.4226,51.32348],[0.42754,51.32193],[0.43152,51.32052],[0.43469,51.31852],[0.43804,51.31627],[0.44654,51.31283],[0.45647,51.31081],[0.45637,51.30887],[0.45547,51.30285],[0.45143,51.2958],[0.45025,51.29183],[0.44801,51.28245],[0.44832,51.28099],[0.44959,51.27939],[0.4476,51.27822],[0.44575,51.27608],[0.43878,51.2755],[0.435,51.2763]]]}},{"type":"Feature","properties":{"source_code":"F81198","codes":["F81198"],"label":"HORNDON-ON-THE-HILL SURGERY"},"geometry":{"type":"Polygon","coordinates":[[[0.37182,51.55028],[0.36271,51.5594],[0.35669,51.57065],[0.39169,51.56754],[0.40752,51.56053],[0.45113,51.57067],[0.44508,51.56223],[0.4495,51.55517],[0.47276,51.54281],[0.4731,51.51772],[0.41696,51.50917],[0.41748,51.4878],[0.43259,51.46342],[0.38247,51.50233],[0.34401,51.516],[0.35345,51.54638],[0.37182,51.55028]]]}},{"type":"Feature","properties":{"source_code":"Y03052","codes":["Y03052"],"label":"DR SALAKO AND PARTNERS"},"geometry":{"type":"Polygon","coordinates":[[[0.45636,51.59398],[0.4558,51.59068],[0.45731,51.5876],[0.45284,51.58662],[0.44083,51.58475],[0.44271,51.58107],[0.44353,51.57896],[0.44555,51.57931],[0.45233,51.57088],[0.45207,51.56789],[0.4649,51.56872],[0.4651,51.5682],[0.47356,51.56869],[0.47917,51.56816],[0.48444,51.56693],[0.50074,51.56224],[0.50666,51.56016],[0.51876,51.5585],[0.51773,51.55455],[0.53713,51.55311],[0.53927,51.55135],[0.5403,51.54868],[0.54279,51.54692],[0.54477,51.54508],[0.54666,51.54367],[0.54636,51.54057],[0.54505,51.53713],[0.54168,51.53411],[0.52443,51.53192],[0.50623,51.53694],[0.49374,51.53952],[0.48211,51.55206],[0.47958,51.55297],[0.48122,51.5534],[0.48063,51.55415],[0.47198,51.55223],[0.46753,51.55196],[0.46668,51.55255],[0.46173,51.5511],[0.44821,51.55626],[0.44615,51.54986],[0.44495,51.54078],[0.4398,51.53747],[0.40521,51.53736],[0.4037,51.54045],[0.41079,51.5413],[0.40894,51.54322],[0.4119,51.54471],[0.40066,51.55133],[0.39722,51.55397],[0.39559,51.55916],[0.39396,51.56324],[0.39388,51.56529],[0.39383,51.5674],[0.39989,51.56925],[0.3998,51.57071],[0.39495,51.57246],[0.39405,51.57539],[0.39259,51.58059],[0.3931,51.58422],[0.41679,51.59392],[0.43087,51.59872],[0.44769,51.60053],[0.45713,51.5984],[0.46074,51.59541],[0.45636,51.59398]]]}},{"type":"Feature","properties":{"source_code":"F81082","codes":["F81082"],"label":"THE RIGG-MILNER MEDICAL CENTRE"},"geometry":{"type":"MultiPolygon","coordinates":[[[[0.43756,51.4832],[0.43533,51.46331],[0.37954,51.47058],[0.38607,51.48865],[0.40701,51.49474],[0.43756,51.4832]]],[[[0.44632,51.50511],[0.42006,51.50351],[0.41242,51.5127],[0.41791,51.51665],[0.42379,51.51943],[0.42216,51.52055],[0.42452,51.52388],[0.43018,51.52837],[0.43799,51.53374],[0.44563,51.53774],[0.44975,51.54367],[0.45984,51.54842],[0.46726,51.55082],[0.49026,51.53053],[0.44632,51.50511]]]]}},{"type":"Feature","properties":{"source_code":"F81108","codes":["F81108"],"label":"LAINDON MEDICAL GROUP"},"geometry":{"type":"Polygon","coordinates":[[[0.40117,51.58795],[0.4398,51.58902],[0.4628,51.55487],[0.40718,51.52754],[0.39723,51.55552],[0.4119,51.56939],[0.39173,51.56843],[0.38777,51.58283],[0.40117,51.58795]]]}},{"type":"Feature","properties":{"source_code":"F81177","codes":["F81177"],"label":"NEERA MEDICAL CENTRE"},"geometry":{"type":"Polygon","coordinates":[[[0.40375,51.53779],[0.46074,51.53224],[0.48065,51.52156],[0.44718,51.49966],[0.43731,51.48443],[0.39997,51.49571],[0.355,51.50212],[0.36907,51.54569],[0.40375,51.53779]]]}},{"type":"Feature","properties":{"source_code":"F81153","codes":["F81153"],"label":"HASSENGATE MEDICAL CENTRE"},"geometry":{"type":"MultiPolygon","coordinates":[[[[0.44913,51.54394],[0.45029,51.54282],[0.45129,51.54174],[0.45239,51.5403],[0.4533,51.53916],[0.45469,51.53716],[0.45544,51.53608],[0.45653,51.53463],[0.45777,51.53252],[0.45733,51.53162],[0.4565,51.53005],[0.46155,51.52482],[0.46243,51.52399],[0.46271,51.523],[0.46291,51.52209],[0.46293,51.52207],[0.46293,51.52201],[0.46246,51.52116],[0.46173,51.5209],[0.44617,51.51343],[0.43371,51.51122],[0.43397,51.50881],[0.42886,51.50907],[0.42433,51.50778],[0.41998,51.50745],[0.41981,51.50844],[0.41905,51.50977],[0.41793,51.51058],[0.41741,51.51147],[0.41677,51.51232],[0.41659,51.51226],[0.41627,51.51219],[0.41606,51.51208],[0.41569,51.512],[0.41528,51.51187],[0.41424,51.5116],[0.4137,51.51146],[0.41306,51.51138],[0.41217,51.51168],[0.41182,51.51195],[0.41249,51.51214],[0.41373,51.51272],[0.41444,51.51343],[0.41452,51.51346],[0.4167,51.51589],[0.42212,51.52111],[0.43173,51.5308],[0.4458,51.54121],[0.44913,51.54394]]],[[[0.44911,51.54396],[0.44914,51.54395],[0.44913,51.54394],[0.44911,51.54396]]],[[[0.44914,51.54395],[0.44915,51.54396],[0.44919,51.54394],[0.44914,51.54395]]]]}},{"type":"Feature","properties":{"source_code":"G81039","codes":["G81039"],"label":"LITTLE COMMON SURGERY"},"geometry":{"type":"Polygon","coordinates":[[[0.51378,50.84503],[0.46932,50.83597],[0.43465,50.83288],[0.41345,50.83055],[0.39804,50.83793],[0.39465,50.84551],[0.40001,50.85128],[0.41602,50.85792],[0.41954,50.86686],[0.41911,50.87298],[0.42666,50.87948],[0.4307,50.87872],[0.43821,50.87853],[0.44572,50.87661],[0.46168,50.87986],[0.47215,50.88051],[0.47645,50.87991],[0.47962,50.87926],[0.48177,50.87818],[0.48211,50.87537],[0.48378,50.87304],[0.48443,50.87071],[0.48675,50.86876],[0.48786,50.86345],[0.49584,50.86399],[0.50666,50.8635],[0.50966,50.86329],[0.51078,50.86193],[0.51147,50.85966],[0.51421,50.85592],[0.51318,50.85229],[0.51361,50.85082],[0.51172,50.84996],[0.51181,50.84893],[0.51378,50.84503]]]}},{"type":"Feature","properties":{"source_code":"G82083","codes":["G82083"],"label":"THORNHILLS MEDICAL PRACTICE"},"geometry":{"type":"MultiPolygon","coordinates":[[[[0.45355,51.31549],[0.45355,51.31549],[0.45355,51.31549],[0.45355,51.31549]]],[[[0.45354,51.3155],[0.45355,51.31549],[0.45354,51.3155],[0.45354,51.3155]]],[[[0.45358,51.31548],[0.45354,51.3155],[0.45353,51.31552],[0.45358,51.31548]]],[[[0.45355,51.31549],[0.45442,51.31414],[0.45638,51.31074],[0.46073,51.30481],[0.46204,51.30287],[0.4704,51.2999],[0.47466,51.29936],[0.47294,51.29668],[0.47215,51.29498],[0.47193,51.29386],[0.4743,51.29202],[0.47299,51.28969],[0.47076,51.2895],[0.46972,51.28967],[0.46795,51.28964],[0.46529,51.2889],[0.45993,51.28982],[0.45859,51.28756],[0.45824,51.2849],[0.45779,51.28389],[0.4565,51.28252],[0.45684,51.28137],[0.45549,51.28016],[0.45335,51.27981],[0.45164,51.27881],[0.44865,51.27849],[0.44693,51.27731],[0.44538,51.27594],[0.44214,51.27539],[0.43981,51.27544],[0.43851,51.27557],[0.43687,51.27578],[0.43502,51.27624],[0.43182,51.27714],[0.42905,51.27815],[0.42783,51.27938],[0.42596,51.28037],[0.42668,51.28225],[0.42701,51.28466],[0.4208,51.28593],[0.42037,51.28589],[0.42021,51.28597],[0.42141,51.28999],[0.42027,51.29141],[0.42095,51.2928],[0.42096,51.29444],[0.42036,51.29569],[0.41872,51.29767],[0.4182,51.29825],[0.4179,51.29872],[0.41965,51.30274],[0.42175,51.30409],[0.42249,51.30649],[0.42358,51.308],[0.42423,51.30887],[0.42649,51.31012],[0.4268,51.31064],[0.42712,51.31161],[0.42774,51.31276],[0.42836,51.31364],[0.42884,51.3141],[0.43322,51.3139],[0.43846,51.31315],[0.44386,51.31558],[0.44978,51.31564],[0.4517,51.31618],[0.45355,51.31549]]]]}},{"type":"Feature","properties":{"source_code":"F81150","codes":["F81150"],"label":"BALLARDS WALK SURGERY"},"geometry":{"type":"MultiPolygon","coordinates":[[[[0.41366,51.55763],[0.41339,51.5576],[0.41352,51.5577],[0.41366,51.55763]]],[[[0.41394,51.55766],[0.41394,51.55775],[0.41361,51.55777],[0.41358,51.55775],[0.41384,51.55765],[0.41394,51.55766],[0.41394,51.55748],[0.41366,51.55763],[0.41382,51.55764],[0.41352,51.5577],[0.41352,51.5577],[0.4135,51.55771],[0.41226,51.55797],[0.40912,51.55893],[0.40854,51.56002],[0.40536,51.56129],[0.39967,51.56164],[0.39479,51.57143],[0.39128,51.58334],[0.41147,51.5859],[0.42466,51.5836],[0.43921,51.58437],[0.44333,51.5789],[0.45185,51.57037],[0.44608,51.56789],[0.44004,51.56772],[0.43578,51.56448],[0.43008,51.55966],[0.42301,51.55705],[0.41944,51.55231],[0.4171,51.55517],[0.41456,51.55769],[0.41425,51.55772],[0.41427,51.55769],[0.41394,51.55766]]],[[[0.41333,51.5578],[0.41321,51.55781],[0.41335,51.55779],[0.41333,51.5578]]]]}},{"type":"Feature","properties":{"source_code":"G82085","codes":["G82085"],"label":"SNODLAND MEDICAL PRACTICE"},"geometry":{"type":"MultiPolygon","coordinates":[[[[0.45209,51.34997],[0.45213,51.34998],[0.45228,51.34998],[0.45209,51.34997],[0.45209,51.34997]]],[[[0.43965,51.33748],[0.44296,51.33695],[0.44423,51.34249],[0.44489,51.345],[0.44451,51.34761],[0.44271,51.35058],[0.44127,51.35059],[0.43781,51.35205],[0.44243,51.35352],[0.44233,51.35587],[0.44254,51.35726],[0.4451,51.3568],[0.44559,51.35484],[0.44797,51.35263],[0.45096,51.35138],[0.4514,51.35111],[0.45193,51.35046],[0.45205,51.35007],[0.45209,51.34997],[0.45022,51.3496],[0.44897,51.34894],[0.44836,51.34763],[0.44886,51.34664],[0.45106,51.34636],[0.4522,51.34494],[0.45019,51.34415],[0.44583,51.34416],[0.44633,51.33982],[0.44606,51.33798],[0.44563,51.33591],[0.44624,51.33361],[0.44691,51.33255],[0.44706,51.33137],[0.447,51.33019],[0.44668,51.32816],[0.44618,51.32667],[0.44628,51.32464],[0.44589,51.3232],[0.44542,51.32181],[0.44396,51.3203],[0.44297,51.31927],[0.44106,51.31885],[0.43967,51.31823],[0.4362,51.31791],[0.43356,51.31737],[0.43295,51.31716],[0.43093,51.31557],[0.42973,51.31471],[0.42914,51.31428],[0.42891,51.31379],[0.43046,51.31304],[0.43231,51.31291],[0.43615,51.31251],[0.44146,51.31196],[0.44161,51.31225],[0.44105,51.31306],[0.44096,51.31372],[0.4413,51.31427],[0.4425,51.31473],[0.44351,51.31448],[0.44468,51.31408],[0.44565,51.31338],[0.44536,51.31274],[0.44649,51.31211],[0.44772,51.31085],[0.44739,51.30985],[0.44518,51.30822],[0.44485,51.30838],[0.44701,51.31019],[0.44412,51.3111],[0.4424,51.30895],[0.44514,51.3082],[0.44285,51.3047],[0.43998,51.30527],[0.43696,51.30584],[0.43413,51.30642],[0.43141,51.30719],[0.42899,51.3081],[0.42773,51.30864],[0.42713,51.30893],[0.4267,51.30908],[0.42661,51.30932],[0.42599,51.31062],[0.42753,51.31323],[0.42841,51.31444],[0.42972,51.31559],[0.42758,51.31691],[0.42523,51.31787],[0.42334,51.31974],[0.42123,51.32123],[0.42023,51.3221],[0.4185,51.32312],[0.4176,51.32373],[0.41556,51.32482],[0.41354,51.32617],[0.41109,51.32916],[0.41086,51.33087],[0.41027,51.3316],[0.41055,51.33284],[0.41046,51.33324],[0.41172,51.33321],[0.41208,51.33406],[0.41154,51.33584],[0.41162,51.3374],[0.41366,51.33828],[0.41676,51.33959],[0.4198,51.34182],[0.42164,51.34296],[0.42164,51.3429],[0.42252,51.34183],[0.42757,51.34042],[0.43313,51.33879],[0.43965,51.33748]]]]}},{"type":"Feature","properties":{"source_code":"F81697","codes":["F81697"],"label":"DR DEVARAJA VC PRACTICE"},"geometry":{"type":"MultiPolygon","coordinates":[[[[0.45175,51.52179],[0.45156,51.5216],[0.45127,51.52175],[0.45175,51.52179]]],[[[0.45175,51.52179],[0.45175,51.5218],[0.45271,51.52187],[0.45175,51.52179]]],[[[0.44389,51.5188],[0.44535,51.51872],[0.44336,51.51848],[0.43588,51.51827],[0.42957,51.52011],[0.4356,51.52376],[0.43711,51.52504],[0.43979,51.52613],[0.44433,51.52667],[0.4478,51.52552],[0.44866,51.52544],[0.45102,51.52387],[0.45247,51.5225],[0.45175,51.5218],[0.45121,51.52175],[0.45065,51.52133],[0.44903,51.52058],[0.4478,51.51978],[0.44608,51.51893],[0.44389,51.5188]]]]}},{"type":"Feature","properties":{"source_code":"F81029","codes":["F81029"],"label":"THE KNARES MEDICAL PRACTICE"},"geometry":{"type":"Polygon","coordinates":[[[0.43281,51.57074],[0.45151,51.57549],[0.45597,51.56786],[0.44387,51.5589],[0.43203,51.57037],[0.43281,51.57074]]]}},{"type":"Feature","properties":{"source_code":"F81088","codes":["F81088"],"label":"SOUTHEND ROAD SURGERY"},"geometry":{"type":"Polygon","coordinates":[[[0.48366,51.52017],[0.46027,51.50765],[0.44233,51.49541],[0.41199,51.51187],[0.4204,51.52103],[0.44786,51.54324],[0.46915,51.53662],[0.47593,51.53048],[0.48366,51.52017]]]}},{"type":"Feature","properties":{"source_code":"G82224","codes":["G82224"],"label":"OLD PARSONAGE SURGERY"},"geometry":{"type":"Polygon","coordinates":[[[0.4642,51.06551],[0.44711,51.05846],[0.4427,51.06285],[0.43673,51.06707],[0.43059,51.07013],[0.4298,51.07069],[0.42881,51.07121],[0.42723,51.07176],[0.42653,51.07203],[0.42567,51.07224],[0.42463,51.07248],[0.42396,51.07272],[0.42312,51.07315],[0.42239,51.07364],[0.42044,51.07521],[0.41803,51.08014],[0.41427,51.08392],[0.4119,51.08533],[0.40885,51.0861],[0.40371,51.08706],[0.4187,51.1095],[0.44236,51.13278],[0.45884,51.13965],[0.48964,51.14154],[0.50091,51.13251],[0.52785,51.11395],[0.51367,51.08728],[0.4642,51.06551]]]}},{"type":"Feature","properties":{"source_code":"G81077","codes":["G81077"],"label":"COLLINGTON SURGERY"},"geometry":{"type":"Polygon","coordinates":[[[0.47173,50.83565],[0.41794,50.83116],[0.3445,50.88322],[0.38736,50.89212],[0.40189,50.90322],[0.4245,50.91295],[0.45593,50.9019],[0.45379,50.89843],[0.46623,50.88587],[0.46606,50.86442],[0.50331,50.85776],[0.51086,50.84345],[0.47173,50.83565]]]}},{"type":"Feature","properties":{"source_code":"F81025","codes":["F81025"],"label":"DR GC CHAJED'S PRACTICE"},"geometry":{"type":"Polygon","coordinates":[[[0.48698,51.56],[0.48475,51.5587],[0.48131,51.55712],[0.47729,51.55573],[0.47251,51.55471],[0.46759,51.55304],[0.46535,51.55193],[0.46505,51.55314],[0.46207,51.55573],[0.45744,51.5574],[0.4549,51.55926],[0.45311,51.56149],[0.45311,51.56334],[0.45162,51.56724],[0.45192,51.56928],[0.45535,51.56863],[0.45998,51.56863],[0.4652,51.56891],[0.4652,51.57077],[0.46251,51.57244],[0.46729,51.57318],[0.47729,51.57401],[0.48579,51.5742],[0.48445,51.56585],[0.48698,51.56]]]}},{"type":"Feature","properties":{"source_code":"G81041","codes":["G81041"],"label":"SIDLEY MEDICAL PRACTICE"},"geometry":{"type":"Polygon","coordinates":[[[0.41667,50.8447],[0.41235,50.84509],[0.41036,50.84549],[0.41001,50.84969],[0.40976,50.85987],[0.40997,50.87133],[0.41807,50.87681],[0.42512,50.88117],[0.42686,50.88564],[0.4396,50.89048],[0.46391,50.88564],[0.46096,50.88203],[0.46411,50.87822],[0.46372,50.87242],[0.4659,50.86937],[0.46654,50.86668],[0.46627,50.86398],[0.47549,50.86149],[0.48291,50.859],[0.49886,50.85567],[0.50585,50.85395],[0.50643,50.85033],[0.50294,50.84559],[0.50119,50.84203],[0.47723,50.83705],[0.45217,50.83463],[0.428,50.83209],[0.4271,50.8334],[0.42431,50.83689],[0.42233,50.84329],[0.41667,50.8447]]]}},{"type":"Feature","properties":{"source_code":"G82708","codes":["G82708"],"label":"MARLOWE PARK MEDICAL CTR."},"geometry":{"type":"Polygon","coordinates":[[[0.45198,51.39878],[0.46967,51.39835],[0.48391,51.39664],[0.49267,51.39567],[0.47155,51.38132],[0.46177,51.39149],[0.45731,51.39439],[0.45198,51.39878]]]}},{"type":"Feature","properties":{"source_code":"G81082","codes":["G81082"],"label":"OLDWOOD SURGERY"},"geometry":{"type":"Polygon","coordinates":[[[0.38143,50.97129],[0.38881,50.9741],[0.39139,50.97799],[0.41525,50.98794],[0.43807,50.99917],[0.43464,51.00781],[0.44958,51.01289],[0.45851,51.01376],[0.46211,51.01689],[0.47087,51.01872],[0.46881,51.02466],[0.47624,51.02657],[0.49181,51.02758],[0.50694,51.02729],[0.51655,51.00937],[0.53851,51.00353],[0.54039,50.99788],[0.54039,50.99226],[0.54434,50.99042],[0.54657,50.98837],[0.54468,50.98685],[0.53731,50.98463],[0.53662,50.9736],[0.53508,50.96582],[0.52839,50.96182],[0.52839,50.951],[0.52942,50.94495],[0.5265,50.94192],[0.53611,50.93132],[0.53302,50.92493],[0.54281,50.91155],[0.51707,50.90116],[0.50403,50.89856],[0.50197,50.89445],[0.50368,50.89099],[0.49648,50.88839],[0.49545,50.88514],[0.49682,50.87994],[0.48687,50.88037],[0.47795,50.88427],[0.46902,50.88557],[0.46388,50.88665],[0.45907,50.89228],[0.45358,50.8964],[0.44878,50.89705],[0.43814,50.89553],[0.42407,50.8938],[0.41652,50.89272],[0.41185,50.89571],[0.40876,50.89679],[0.40499,50.90047],[0.39709,50.89755],[0.39469,50.90069],[0.39195,50.90383],[0.39246,50.90729],[0.3904,50.91054],[0.39006,50.91422],[0.38143,50.92143],[0.38023,50.9263],[0.37543,50.93182],[0.37199,50.93539],[0.36942,50.93755],[0.3665,50.94145],[0.36547,50.94523],[0.37079,50.95064],[0.37749,50.96308],[0.38143,50.97129]]]}},{"type":"Feature","properties":{"source_code":"G82058","codes":["G82058"],"label":"AYLESFORD MEDICAL CENTRE"},"geometry":{"type":"MultiPolygon","coordinates":[[[[0.50567,51.2824],[0.50354,51.2801],[0.5006,51.27843],[0.49811,51.27596],[0.49576,51.27341],[0.49097,51.27195],[0.48769,51.27355],[0.4858,51.27614],[0.48442,51.27869],[0.48146,51.2804],[0.47768,51.28213],[0.47675,51.28284],[0.47303,51.28318],[0.4624,51.28384],[0.45786,51.28428],[0.45831,51.28505],[0.45842,51.28705],[0.45637,51.28761],[0.45168,51.2878],[0.44672,51.28834],[0.44146,51.28827],[0.43727,51.28775],[0.43439,51.28816],[0.43125,51.28901],[0.43057,51.28928],[0.42996,51.29077],[0.42892,51.29218],[0.42758,51.29299],[0.4261,51.29371],[0.42625,51.29368],[0.42856,51.29583],[0.42902,51.29661],[0.43046,51.2977],[0.43091,51.2983],[0.42732,51.29846],[0.42299,51.29777],[0.42133,51.29798],[0.41997,51.29844],[0.41832,51.29856],[0.41722,51.29867],[0.41683,51.2992],[0.41663,51.30068],[0.41546,51.30242],[0.41541,51.30392],[0.41504,51.30471],[0.41541,51.30644],[0.4156,51.30748],[0.41607,51.30842],[0.41775,51.30882],[0.42022,51.30842],[0.42203,51.30847],[0.42437,51.30834],[0.42594,51.30909],[0.42596,51.30961],[0.42615,51.31056],[0.42678,51.31202],[0.42737,51.31262],[0.42741,51.31331],[0.42809,51.31321],[0.42865,51.3132],[0.43195,51.31269],[0.43497,51.31228],[0.43911,51.31194],[0.44172,51.31154],[0.44377,51.31106],[0.44598,51.31084],[0.44946,51.31111],[0.45088,51.31186],[0.45371,51.31293],[0.45567,51.31341],[0.45738,51.31416],[0.45871,51.31309],[0.45977,51.31229],[0.46028,51.31141],[0.46109,51.31113],[0.46399,51.3109],[0.46757,51.31047],[0.47143,51.31004],[0.47432,51.30972],[0.47916,51.30953],[0.48208,51.30982],[0.485,51.31002],[0.48987,51.31043],[0.49158,51.31135],[0.4943,51.31286],[0.49701,51.31436],[0.49859,51.31537],[0.50115,51.31653],[0.50258,51.31737],[0.50593,51.31782],[0.50718,51.31797],[0.5086,51.31807],[0.51114,51.31675],[0.512,51.31482],[0.51424,51.31269],[0.51538,51.31084],[0.51557,51.30919],[0.51438,51.30765],[0.51429,51.30609],[0.5159,51.30258],[0.51731,51.30038],[0.51777,51.29881],[0.51771,51.2976],[0.51661,51.29536],[0.51557,51.294],[0.5151,51.29296],[0.51385,51.2903],[0.51271,51.28972],[0.5107,51.28854],[0.51046,51.28655],[0.5094,51.28501],[0.50567,51.2824]]],[[[0.5086,51.31807],[0.50685,51.31898],[0.50899,51.3181],[0.5086,51.31807]]]]}},{"type":"Feature","properties":{"source_code":"F81006","codes":["F81006"],"label":"CLAYHILL MEDICAL PRACTICE"},"geometry":{"type":"MultiPolygon","coordinates":[[[[0.49683,51.56285],[0.49799,51.56312],[0.49769,51.56315],[0.49782,51.56324],[0.49951,51.56339],[0.49683,51.56285]]],[[[0.50277,51.56367],[0.49951,51.56339],[0.50157,51.5638],[0.50277,51.56367]]],[[[0.50277,51.56367],[0.50438,51.56381],[0.50359,51.56358],[0.50277,51.56367]]],[[[0.49683,51.56285],[0.4908,51.56144],[0.49314,51.55897],[0.48908,51.55732],[0.48723,51.55666],[0.48529,51.55573],[0.48147,51.55462],[0.47593,51.55319],[0.4735,51.55262],[0.47085,51.55234],[0.46589,51.55189],[0.46437,51.55411],[0.46198,51.55605],[0.45821,51.55742],[0.45653,51.55834],[0.45503,51.55933],[0.45469,51.55982],[0.45427,51.56021],[0.4537,51.56071],[0.45327,51.56102],[0.45368,51.5616],[0.45349,51.56216],[0.45321,51.56352],[0.45316,51.56358],[0.45299,51.56447],[0.45227,51.5667],[0.45213,51.56782],[0.45228,51.56912],[0.46115,51.56845],[0.46197,51.5697],[0.46242,51.57024],[0.46318,51.57042],[0.46359,51.5705],[0.4642,51.57084],[0.46322,51.57196],[0.46292,51.57249],[0.46967,51.57334],[0.48074,51.57392],[0.49129,51.57387],[0.49481,51.57134],[0.49531,51.56919],[0.49546,51.56693],[0.49548,51.56862],[0.49573,51.56594],[0.4961,51.56538],[0.49664,51.56495],[0.49909,51.56382],[0.49554,51.56259],[0.49683,51.56285]]],[[[0.45343,51.56328],[0.4537,51.56262],[0.45367,51.56302],[0.45343,51.56328]]]]}},{"type":"Feature","properties":{"source_code":"G82234","codes":["G82234"],"label":"PHOENIX MEDICAL PRACTICE"},"geometry":{"type":"Polygon","coordinates":[[[0.50494,51.30415],[0.50493,51.30417],[0.50432,51.3062],[0.50277,51.31048],[0.50194,51.31161],[0.49954,51.31334],[0.49673,51.31407],[0.49281,51.31415],[0.49013,51.31398],[0.48817,51.31391],[0.48229,51.31393],[0.47674,51.31349],[0.47301,51.31379],[0.46941,51.31319],[0.4662,51.31304],[0.46246,51.31312],[0.45926,51.3133],[0.45876,51.31398],[0.45828,51.31499],[0.45797,51.31589],[0.45803,51.31701],[0.45702,51.31804],[0.45691,51.31938],[0.45766,51.32003],[0.45826,51.32125],[0.45923,51.32279],[0.45927,51.32357],[0.45968,51.32457],[0.45761,51.32584],[0.45659,51.32676],[0.45646,51.32765],[0.45704,51.32854],[0.45782,51.32964],[0.4595,51.33116],[0.45778,51.33073],[0.45625,51.33089],[0.45501,51.33072],[0.45363,51.32997],[0.45095,51.32983],[0.45058,51.33102],[0.45047,51.33225],[0.45123,51.33324],[0.45272,51.33432],[0.45399,51.33474],[0.45563,51.33538],[0.45602,51.33615],[0.45575,51.33761],[0.45531,51.33952],[0.45361,51.34101],[0.45346,51.34157],[0.45337,51.34313],[0.45331,51.34548],[0.45339,51.34693],[0.45327,51.34794],[0.45333,51.34906],[0.45447,51.35048],[0.45504,51.35103],[0.45526,51.35181],[0.45599,51.35213],[0.45779,51.35254],[0.46029,51.35248],[0.46295,51.35232],[0.46616,51.35225],[0.46865,51.35208],[0.46989,51.35195],[0.47116,51.35237],[0.47262,51.35289],[0.47392,51.35387],[0.47539,51.35462],[0.47661,51.35411],[0.47668,51.35334],[0.47684,51.35209],[0.47687,51.35071],[0.4771,51.34876],[0.47725,51.34609],[0.47891,51.34394],[0.48099,51.34278],[0.48253,51.34151],[0.48403,51.33958],[0.48557,51.33843],[0.48675,51.33718],[0.48848,51.33625],[0.49079,51.33609],[0.49398,51.33569],[0.4982,51.33459],[0.50105,51.33442],[0.50531,51.3341],[0.50709,51.33406],[0.51136,51.33386],[0.51186,51.33329],[0.51216,51.33228],[0.51471,51.32988],[0.51729,51.32815],[0.51878,51.32611],[0.52233,51.32257],[0.52455,51.32084],[0.52585,51.31858],[0.52748,51.31575],[0.52818,51.31228],[0.52804,51.30971],[0.52762,51.30598],[0.52709,51.3044],[0.5265,51.30358],[0.52536,51.30298],[0.52343,51.30205],[0.52229,51.30145],[0.52042,51.30071],[0.51875,51.29952],[0.51553,51.29925],[0.51141,51.2989],[0.50802,51.29886],[0.50559,51.30003],[0.50496,51.3016],[0.50494,51.30415]]]}},{"type":"Feature","properties":{"source_code":"G81023","codes":["G81023"],"label":"MARTINS OAK SURGERY"},"geometry":{"type":"Polygon","coordinates":[[[0.52219,50.90173],[0.52288,50.89935],[0.49713,50.88029],[0.44769,50.88376],[0.43808,50.89329],[0.42006,50.89383],[0.40821,50.89654],[0.36015,50.90866],[0.36324,50.91602],[0.36289,50.91754],[0.36289,50.91948],[0.36289,50.92468],[0.34813,50.92706],[0.35362,50.95389],[0.38212,50.96145],[0.40375,50.96351],[0.4137,50.97054],[0.44752,50.9727],[0.47413,50.97335],[0.47808,50.96832],[0.48168,50.96481],[0.48752,50.95951],[0.4961,50.95929],[0.4961,50.9541],[0.49953,50.95042],[0.50262,50.94696],[0.50606,50.94264],[0.50983,50.94026],[0.51395,50.93701],[0.5167,50.93485],[0.51979,50.93009],[0.5246,50.92576],[0.52563,50.92273],[0.52563,50.91602],[0.52494,50.91018],[0.52425,50.90585],[0.52219,50.90173]]]}},{"type":"Feature","properties":{"source_code":"G82203","codes":["G82203"],"label":"COURT VIEW SURGERY"},"geometry":{"type":"Polygon","coordinates":[[[0.46602,51.39888],[0.47261,51.39834],[0.47745,51.39755],[0.48168,51.39727],[0.48529,51.39699],[0.4892,51.39652],[0.49596,51.39627],[0.49672,51.39576],[0.49778,51.39505],[0.49973,51.39314],[0.49874,51.39227],[0.4981,51.39209],[0.4965,51.39173],[0.49523,51.39156],[0.49395,51.39109],[0.49297,51.39052],[0.49248,51.39014],[0.49116,51.38908],[0.4908,51.38821],[0.49025,51.38684],[0.48968,51.38498],[0.48945,51.3836],[0.48908,51.38272],[0.48715,51.38188],[0.48573,51.38191],[0.48273,51.38168],[0.48116,51.38171],[0.48018,51.38114],[0.47744,51.37992],[0.47615,51.37935],[0.47467,51.3782],[0.47416,51.37752],[0.47126,51.3763],[0.46903,51.37576],[0.46777,51.37579],[0.46442,51.37487],[0.46343,51.37411],[0.46131,51.37277],[0.45711,51.37079],[0.44878,51.37096],[0.44925,51.40002],[0.45236,51.40032],[0.4571,51.40035],[0.46602,51.39888]]]}},{"type":"Feature","properties":{"source_code":"G82098","codes":["G82098"],"label":"BLACKTHORN"},"geometry":{"type":"Polygon","coordinates":[[[0.49788,51.29627],[0.4984,51.29665],[0.49867,51.29645],[0.49945,51.29624],[0.50068,51.29584],[0.50342,51.29536],[0.5044,51.29537],[0.50524,51.29532],[0.50826,51.29515],[0.51054,51.29457],[0.51186,51.29401],[0.51242,51.29373],[0.51287,51.29335],[0.51233,51.29295],[0.51199,51.29185],[0.51194,51.29157],[0.51173,51.29134],[0.51105,51.29099],[0.50923,51.28971],[0.50825,51.28867],[0.50794,51.28811],[0.5074,51.28777],[0.50846,51.28633],[0.50871,51.28611],[0.50905,51.28595],[0.50981,51.2856],[0.51143,51.28477],[0.51225,51.28436],[0.51279,51.28413],[0.51295,51.2839],[0.51305,51.284],[0.51332,51.28397],[0.51367,51.28386],[0.51386,51.28375],[0.51405,51.28363],[0.51424,51.28349],[0.51423,51.28333],[0.51463,51.28221],[0.51476,51.28135],[0.51454,51.28057],[0.51447,51.27991],[0.51471,51.2793],[0.51574,51.27851],[0.51665,51.27782],[0.5172,51.27709],[0.51771,51.27619],[0.51775,51.27541],[0.51758,51.27469],[0.51743,51.27423],[0.51727,51.27377],[0.5168,51.27267],[0.51776,51.27193],[0.51873,51.27137],[0.51981,51.27079],[0.52026,51.27054],[0.5204,51.27024],[0.52057,51.27005],[0.52032,51.26978],[0.5198,51.26934],[0.51872,51.26858],[0.51779,51.26747],[0.51713,51.26714],[0.51632,51.26701],[0.514,51.26688],[0.51249,51.26676],[0.51165,51.26633],[0.5107,51.26613],[0.50918,51.26598],[0.50805,51.26599],[0.50692,51.2661],[0.50506,51.26563],[0.50412,51.26534],[0.50329,51.26494],[0.50261,51.26449],[0.50186,51.26394],[0.50165,51.26333],[0.50092,51.26287],[0.50041,51.262],[0.50029,51.26093],[0.49981,51.26016],[0.49924,51.25953],[0.49814,51.25881],[0.49748,51.25858],[0.49692,51.2584],[0.49572,51.25828],[0.49343,51.25787],[0.49223,51.25751],[0.49092,51.2571],[0.48908,51.25631],[0.48763,51.25587],[0.48639,51.25571],[0.48473,51.25491],[0.48264,51.25446],[0.48118,51.25477],[0.47956,51.25532],[0.47893,51.2559],[0.47804,51.2565],[0.4763,51.25707],[0.47435,51.25793],[0.47183,51.25803],[0.47021,51.25837],[0.46822,51.25851],[0.46663,51.25862],[0.46503,51.2589],[0.46432,51.25906],[0.46354,51.25919],[0.46171,51.25926],[0.45944,51.25898],[0.45719,51.25851],[0.45531,51.25779],[0.45462,51.25736],[0.45413,51.25688],[0.4523,51.25583],[0.45028,51.25518],[0.44903,51.25476],[0.4477,51.25392],[0.44712,51.25303],[0.44666,51.25184],[0.44666,51.25136],[0.4465,51.25086],[0.4459,51.25022],[0.4452,51.25008],[0.44301,51.25098],[0.43998,51.25126],[0.43771,51.25676],[0.43612,51.26721],[0.45534,51.27275],[0.47216,51.29312],[0.47376,51.29298],[0.4832,51.29148],[0.48667,51.29492],[0.49133,51.29469],[0.49495,51.2957],[0.49789,51.29638],[0.49788,51.29627]]]}},{"type":"Feature","properties":{"source_code":"G82215","codes":["G82215"],"label":"MARDEN MEDICAL CENTRE"},"geometry":{"type":"MultiPolygon","coordinates":[[[[0.46116,51.13058],[0.45942,51.13061],[0.46162,51.13111],[0.46116,51.13058]]],[[[0.5523,51.15188],[0.55214,51.14484],[0.55193,51.15201],[0.5523,51.15188]]],[[[0.5523,51.15188],[0.55232,51.15302],[0.55241,51.15184],[0.5523,51.15188]]],[[[0.52962,51.15326],[0.5286,51.15327],[0.52532,51.15364],[0.52962,51.15326]]],[[[0.54447,51.15237],[0.53833,51.15229],[0.53722,51.15239],[0.53722,51.15259],[0.52962,51.15326],[0.54929,51.15315],[0.54447,51.15237]]],[[[0.52453,51.15371],[0.52415,51.15329],[0.52413,51.15329],[0.52444,51.15372],[0.52453,51.15371]]],[[[0.52532,51.15364],[0.52453,51.15371],[0.52454,51.15373],[0.52532,51.15364]]],[[[0.52445,51.15374],[0.52444,51.15372],[0.52438,51.15372],[0.5244,51.15374],[0.52445,51.15374]]],[[[0.52452,51.15389],[0.5244,51.15374],[0.52437,51.15375],[0.52452,51.15392],[0.52452,51.15389]]],[[[0.55193,51.15201],[0.55162,51.15213],[0.55163,51.15313],[0.54929,51.15315],[0.55189,51.15356],[0.55193,51.15201]]],[[[0.53017,51.16],[0.53018,51.16001],[0.52547,51.15378],[0.53017,51.16]]],[[[0.53017,51.16],[0.52454,51.15373],[0.52445,51.15374],[0.52452,51.15383],[0.52452,51.15389],[0.52513,51.15459],[0.53009,51.16013],[0.53118,51.16133],[0.53017,51.16]]],[[[0.53119,51.16134],[0.53118,51.16133],[0.5329,51.16361],[0.53292,51.16363],[0.53119,51.16134]]],[[[0.5329,51.16361],[0.52513,51.15459],[0.52452,51.15392],[0.52452,51.15399],[0.53427,51.16543],[0.5329,51.16361]]],[[[0.5343,51.16546],[0.53427,51.16543],[0.53448,51.1657],[0.53451,51.16573],[0.5343,51.16546]]],[[[0.53753,51.16899],[0.53292,51.16363],[0.5343,51.16546],[0.53573,51.16714],[0.53815,51.16991],[0.53753,51.16899]]],[[[0.53018,51.16001],[0.53119,51.16134],[0.53601,51.1667],[0.53753,51.16899],[0.53961,51.17139],[0.53628,51.1668],[0.53018,51.16001]]],[[[0.5409,51.17317],[0.54044,51.17254],[0.53815,51.16991],[0.53833,51.17018],[0.54089,51.17319],[0.5409,51.17317]]],[[[0.54063,51.17364],[0.53833,51.17018],[0.53573,51.16714],[0.53451,51.16573],[0.54057,51.17374],[0.54063,51.17364]]],[[[0.54103,51.17334],[0.54089,51.17319],[0.54063,51.17364],[0.54074,51.1738],[0.54254,51.17544],[0.54271,51.17552],[0.54276,51.17556],[0.54116,51.17353],[0.54103,51.17334]]],[[[0.5409,51.17317],[0.54103,51.17334],[0.54319,51.17588],[0.54324,51.17591],[0.54091,51.17316],[0.5409,51.17317]]],[[[0.54319,51.17588],[0.54276,51.17556],[0.543,51.17586],[0.54379,51.17658],[0.54319,51.17588]]],[[[0.53961,51.17139],[0.54044,51.17254],[0.54365,51.17622],[0.54366,51.17622],[0.54458,51.17715],[0.53961,51.17139]]],[[[0.54365,51.17622],[0.54324,51.17591],[0.54384,51.17662],[0.54465,51.17736],[0.54365,51.17622]]],[[[0.54384,51.17662],[0.54379,51.17658],[0.54477,51.17773],[0.54384,51.17662]]],[[[0.54517,51.17783],[0.54465,51.17736],[0.54537,51.17819],[0.54555,51.17828],[0.54517,51.17783]]],[[[0.54458,51.17715],[0.54517,51.17783],[0.54577,51.17838],[0.54583,51.17841],[0.54458,51.17715]]],[[[0.54583,51.17841],[0.54609,51.17867],[0.54821,51.18061],[0.5482,51.18037],[0.54666,51.17881],[0.54583,51.17841]]],[[[0.54822,51.18082],[0.54609,51.17867],[0.54577,51.17838],[0.54555,51.17828],[0.54825,51.1814],[0.54822,51.18082]]],[[[0.54912,51.18173],[0.54912,51.18173],[0.54894,51.1822],[0.54897,51.18225],[0.54912,51.18173]]],[[[0.54894,51.1822],[0.54825,51.1814],[0.54825,51.18149],[0.54892,51.18225],[0.54894,51.1822]]],[[[0.54954,51.18216],[0.54945,51.18174],[0.54821,51.18061],[0.54822,51.18082],[0.54912,51.18173],[0.54915,51.18166],[0.54912,51.18173],[0.54932,51.18193],[0.54947,51.18189],[0.54945,51.18232],[0.54954,51.18216]]],[[[0.54945,51.18232],[0.54926,51.18268],[0.54943,51.18293],[0.54945,51.18232]]],[[[0.54926,51.18268],[0.54898,51.18225],[0.54897,51.18225],[0.54896,51.1823],[0.54915,51.18252],[0.54908,51.18303],[0.54926,51.18268]]],[[[0.54947,51.18299],[0.54943,51.18293],[0.54943,51.18305],[0.54947,51.18299]]],[[[0.54941,51.18357],[0.54943,51.18305],[0.54901,51.18362],[0.54894,51.18414],[0.54941,51.18357]]],[[[0.54896,51.1823],[0.54892,51.18225],[0.54835,51.18373],[0.54837,51.18429],[0.54896,51.1823]]],[[[0.54901,51.18362],[0.54908,51.18303],[0.54815,51.1848],[0.54901,51.18362]]],[[[0.54945,51.18174],[0.54966,51.18193],[0.54954,51.18216],[0.54966,51.18273],[0.54947,51.18299],[0.54966,51.18327],[0.54941,51.18357],[0.5494,51.18376],[0.54891,51.18438],[0.54885,51.1849],[0.55017,51.18263],[0.5494,51.18149],[0.54945,51.18174]]],[[[0.5477,51.18564],[0.54815,51.1848],[0.5477,51.18541],[0.54753,51.18586],[0.5477,51.18564]]],[[[0.54891,51.18438],[0.54894,51.18414],[0.5477,51.18564],[0.54736,51.1863],[0.54732,51.1864],[0.54891,51.18438]]],[[[0.54885,51.1849],[0.54759,51.18707],[0.54872,51.18596],[0.54885,51.1849]]],[[[0.54732,51.1864],[0.54728,51.18645],[0.54708,51.18682],[0.54684,51.18701],[0.54614,51.1879],[0.54589,51.18795],[0.54534,51.18863],[0.54683,51.18768],[0.54732,51.1864]]],[[[0.54714,51.18751],[0.54715,51.18749],[0.54516,51.18884],[0.545,51.18904],[0.5452,51.18887],[0.54714,51.18751]]],[[[0.54759,51.18707],[0.54715,51.18749],[0.54743,51.18731],[0.54714,51.18751],[0.54418,51.19041],[0.54582,51.1901],[0.54759,51.18707]]],[[[0.54384,51.19048],[0.545,51.18904],[0.54404,51.18991],[0.54331,51.19058],[0.54384,51.19048]]],[[[0.54234,51.19076],[0.54516,51.18884],[0.54534,51.18863],[0.54184,51.19086],[0.54234,51.19076]]],[[[0.54182,51.19086],[0.54684,51.18701],[0.54728,51.18645],[0.54736,51.1863],[0.54753,51.18586],[0.547,51.1865],[0.5463,51.18705],[0.54169,51.19088],[0.54182,51.19086]]],[[[0.54184,51.19086],[0.54182,51.19086],[0.54173,51.19092],[0.54184,51.19086]]],[[[0.54173,51.19092],[0.54135,51.19117],[0.54061,51.19179],[0.54173,51.19092]]],[[[0.54418,51.19041],[0.54384,51.19048],[0.5428,51.19177],[0.54418,51.19041]]],[[[0.54331,51.19058],[0.54234,51.19076],[0.54032,51.19213],[0.54288,51.19096],[0.54331,51.19058]]],[[[0.54135,51.19117],[0.54169,51.19088],[0.54129,51.19096],[0.53959,51.19229],[0.54135,51.19117]]],[[[0.54032,51.19213],[0.54005,51.19226],[0.54061,51.19179],[0.53895,51.19306],[0.54032,51.19213]]],[[[0.54129,51.19096],[0.5463,51.18705],[0.54683,51.18661],[0.5477,51.18541],[0.54835,51.18373],[0.54825,51.18149],[0.54537,51.17819],[0.54451,51.17778],[0.543,51.17586],[0.54254,51.17544],[0.54168,51.17504],[0.54065,51.17385],[0.54057,51.17374],[0.54057,51.17375],[0.53448,51.1657],[0.52409,51.15378],[0.52437,51.15375],[0.52435,51.15372],[0.52438,51.15372],[0.52401,51.15329],[0.52413,51.15329],[0.52401,51.15313],[0.52415,51.15329],[0.5286,51.15327],[0.53122,51.15297],[0.53722,51.15239],[0.53722,51.15227],[0.53833,51.15229],[0.54185,51.15195],[0.54447,51.15237],[0.54503,51.15238],[0.54898,51.15308],[0.55162,51.15213],[0.55146,51.14382],[0.56084,51.1309],[0.5623,51.12594],[0.55953,51.12299],[0.55629,51.1195],[0.55518,51.11514],[0.55464,51.11376],[0.5533,51.11272],[0.54876,51.10926],[0.54563,51.10826],[0.53886,51.11112],[0.53245,51.11317],[0.52725,51.11356],[0.51977,51.11208],[0.51012,51.11064],[0.50314,51.11053],[0.49269,51.10992],[0.48539,51.11172],[0.47679,51.11376],[0.47159,51.11393],[0.46912,51.11672],[0.46608,51.11678],[0.46477,51.11866],[0.46191,51.12016],[0.46298,51.12397],[0.46188,51.12782],[0.46207,51.13138],[0.45294,51.13189],[0.45493,51.13618],[0.46336,51.13929],[0.46692,51.14123],[0.46992,51.14495],[0.46984,51.14982],[0.46906,51.15259],[0.46825,51.15405],[0.46726,51.15518],[0.46726,51.15555],[0.46456,51.15873],[0.46246,51.16002],[0.45954,51.1625],[0.45623,51.16479],[0.45233,51.16767],[0.44881,51.17006],[0.44765,51.1709],[0.44525,51.17138],[0.44002,51.17538],[0.43154,51.17966],[0.43129,51.18323],[0.42821,51.19247],[0.42297,51.19581],[0.4141,51.19618],[0.40953,51.20038],[0.41273,51.20333],[0.41698,51.20954],[0.41856,51.21471],[0.42062,51.22069],[0.42064,51.22124],[0.42152,51.22122],[0.42461,51.22198],[0.42908,51.22407],[0.43185,51.22703],[0.43504,51.2297],[0.43565,51.23297],[0.4353,51.23462],[0.45442,51.23313],[0.46616,51.23261],[0.47128,51.23031],[0.47506,51.22776],[0.47608,51.23048],[0.47999,51.23012],[0.48881,51.2272],[0.48718,51.2279],[0.4889,51.2279],[0.49052,51.22726],[0.49318,51.22688],[0.49559,51.22661],[0.49816,51.22592],[0.50091,51.22511],[0.50417,51.22532],[0.507,51.2257],[0.50915,51.22484],[0.51069,51.22536],[0.51142,51.22261],[0.51167,51.21932],[0.51274,51.21491],[0.51759,51.20796],[0.5174,51.20441],[0.5176,51.20002],[0.52147,51.19912],[0.52792,51.19761],[0.53619,51.19193],[0.54129,51.19096]]]]}},{"type":"Feature","properties":{"source_code":"G82679","codes":["G82679"],"label":"APEX MEDICAL CENTRE"},"geometry":{"type":"Polygon","coordinates":[[[0.5252,51.40202],[0.52243,51.40012],[0.51594,51.40086],[0.50459,51.39672],[0.49906,51.39275],[0.49291,51.39092],[0.49061,51.3887],[0.49004,51.38704],[0.48989,51.38432],[0.48882,51.38238],[0.48468,51.38186],[0.48274,51.38175],[0.48031,51.3815],[0.47708,51.37976],[0.47538,51.37964],[0.47435,51.37845],[0.47258,51.37713],[0.46866,51.37615],[0.46425,51.37503],[0.45605,51.37082],[0.45004,51.3714],[0.44631,51.37405],[0.44386,51.37788],[0.44398,51.38015],[0.4508,51.38122],[0.45968,51.37997],[0.46601,51.38075],[0.46705,51.38208],[0.46185,51.38885],[0.45625,51.3926],[0.45304,51.39584],[0.45207,51.4004],[0.45712,51.40877],[0.46267,51.41304],[0.4709,51.41771],[0.477,51.42302],[0.48438,51.42983],[0.48955,51.43592],[0.49253,51.43753],[0.49648,51.43864],[0.50295,51.43745],[0.51193,51.43347],[0.53192,51.42729],[0.53177,51.42019],[0.53296,51.41547],[0.53331,51.41304],[0.53005,51.411],[0.52832,51.41043],[0.52728,51.40909],[0.52542,51.4061],[0.52578,51.40383],[0.5252,51.40202]]]}},{"type":"Feature","properties":{"source_code":"G82100","codes":["G82100"],"label":"HIGHPARKS MEDICAL PRACTICE"},"geometry":{"type":"Polygon","coordinates":[[[0.46144,51.468],[0.46272,51.47051],[0.46453,51.47298],[0.4686,51.47802],[0.47411,51.48292],[0.48396,51.48628],[0.50481,51.48435],[0.52414,51.4839],[0.52676,51.47578],[0.53514,51.45755],[0.54006,51.45613],[0.54029,51.44926],[0.54202,51.44925],[0.54202,51.44903],[0.54133,51.44828],[0.54012,51.44657],[0.54288,51.44689],[0.54622,51.44534],[0.5499,51.4439],[0.55403,51.43716],[0.55205,51.43213],[0.53678,51.4249],[0.53301,51.421],[0.53383,51.42092],[0.53466,51.42083],[0.53451,51.42078],[0.53449,51.42073],[0.53481,51.42083],[0.53462,51.42073],[0.53466,51.42074],[0.53468,51.42067],[0.5347,51.42067],[0.53511,51.42062],[0.5356,51.42045],[0.53608,51.42025],[0.53591,51.42023],[0.53633,51.42021],[0.53676,51.4201],[0.53724,51.41983],[0.53747,51.41915],[0.53914,51.41752],[0.53936,51.41463],[0.53189,51.41377],[0.5321,51.41227],[0.5291,51.41048],[0.52687,51.40836],[0.52605,51.40627],[0.52609,51.40271],[0.52258,51.40143],[0.51636,51.40183],[0.51374,51.40328],[0.50901,51.40741],[0.50799,51.40695],[0.5065,51.40625],[0.50604,51.40581],[0.50487,51.40461],[0.50433,51.40414],[0.50306,51.40362],[0.50076,51.40408],[0.50044,51.40394],[0.50033,51.40366],[0.49972,51.40407],[0.49945,51.40388],[0.49918,51.4037],[0.49626,51.408],[0.49627,51.40804],[0.49622,51.40806],[0.49616,51.40813],[0.4958,51.40819],[0.49622,51.40806],[0.49626,51.408],[0.4962,51.40783],[0.49632,51.40736],[0.49666,51.40664],[0.49398,51.40645],[0.4934,51.40629],[0.49245,51.40618],[0.49295,51.40509],[0.49318,51.40473],[0.49364,51.40413],[0.49414,51.40366],[0.49183,51.40267],[0.48642,51.39969],[0.48432,51.3969],[0.47999,51.40279],[0.47849,51.4026],[0.47712,51.4023],[0.47542,51.40196],[0.47447,51.40178],[0.47385,51.40136],[0.47286,51.40053],[0.47247,51.40013],[0.47085,51.39927],[0.46904,51.3988],[0.45091,51.39912],[0.43633,51.39354],[0.42269,51.38477],[0.41805,51.38615],[0.4123,51.38609],[0.41076,51.38635],[0.4082,51.3874],[0.40064,51.3899],[0.39423,51.3918],[0.40554,51.40344],[0.4058,51.40833],[0.4037,51.411],[0.4038,51.41292],[0.40199,51.41576],[0.40004,51.41848],[0.39856,51.42148],[0.40029,51.42594],[0.40235,51.42906],[0.406,51.43894],[0.40792,51.44344],[0.42196,51.44438],[0.4285,51.44617],[0.43412,51.44675],[0.4381,51.44789],[0.44124,51.44905],[0.45218,51.45984],[0.45637,51.46483],[0.46035,51.46645],[0.46144,51.468]]]}},{"type":"Feature","properties":{"source_code":"G82095","codes":["G82095"],"label":"THORNDIKE PARTNERSHIP"},"geometry":{"type":"Polygon","coordinates":[[[0.50922,51.34022],[0.50853,51.33771],[0.50481,51.34333],[0.503,51.34661],[0.50021,51.35015],[0.49849,51.35334],[0.49687,51.35476],[0.49677,51.35612],[0.49637,51.3575],[0.49635,51.35969],[0.49506,51.36228],[0.49352,51.36538],[0.4921,51.36743],[0.4916,51.36837],[0.49066,51.37008],[0.48916,51.37241],[0.48853,51.37453],[0.48836,51.37501],[0.48843,51.37603],[0.48947,51.37725],[0.48984,51.37779],[0.48882,51.37863],[0.49172,51.3806],[0.49276,51.38145],[0.49436,51.38225],[0.49544,51.38322],[0.49593,51.38366],[0.49686,51.38476],[0.49677,51.38546],[0.49684,51.38714],[0.49846,51.38688],[0.49919,51.38801],[0.50001,51.38914],[0.50058,51.39036],[0.50125,51.39105],[0.50209,51.39151],[0.50213,51.39152],[0.50261,51.39137],[0.50365,51.39108],[0.50415,51.39087],[0.50445,51.39067],[0.5047,51.3904],[0.50534,51.38991],[0.50637,51.3888],[0.50743,51.38722],[0.50829,51.38562],[0.5118,51.38396],[0.51428,51.38343],[0.51674,51.38314],[0.51728,51.38276],[0.51714,51.38223],[0.51728,51.38211],[0.51735,51.38199],[0.51746,51.38165],[0.51844,51.38087],[0.51495,51.37745],[0.51348,51.37604],[0.51234,51.37466],[0.51224,51.37453],[0.51213,51.37439],[0.51248,51.374],[0.51347,51.37251],[0.51293,51.37106],[0.51437,51.36964],[0.51672,51.36642],[0.5186,51.36479],[0.51835,51.36222],[0.51596,51.35947],[0.51749,51.35443],[0.51746,51.35356],[0.51739,51.35281],[0.51708,51.35224],[0.51704,51.35174],[0.51626,51.35109],[0.5161,51.35077],[0.51662,51.35041],[0.51445,51.34759],[0.51189,51.34488],[0.51132,51.34436],[0.51126,51.34404],[0.51082,51.34326],[0.51025,51.3425],[0.50989,51.34157],[0.50922,51.34022]]]}},{"type":"Feature","properties":{"source_code":"F81158","codes":["F81158"],"label":"DR NASAH & PARTNERS"},"geometry":{"type":"MultiPolygon","coordinates":[[[[0.53295,51.55958],[0.54726,51.55936],[0.53249,51.55893],[0.53295,51.55958]]],[[[0.49404,51.59072],[0.55206,51.58688],[0.53295,51.55958],[0.47791,51.56042],[0.49404,51.59072]]]]}},{"type":"Feature","properties":{"source_code":"F81666","codes":["F81666"],"label":"DR SHARMA & PARTNERS"},"geometry":{"type":"Polygon","coordinates":[[[0.44909,51.59246],[0.45246,51.59218],[0.45499,51.58696],[0.4376,51.58419],[0.4302,51.58398],[0.42281,51.58409],[0.41872,51.5855],[0.41644,51.58739],[0.41805,51.58825],[0.42846,51.58862],[0.44909,51.59246]]]}},{"type":"Feature","properties":{"source_code":"Y00758","codes":["Y00758"],"label":"DR JO ARAYOMI'S PRACTICE"},"geometry":{"type":"Polygon","coordinates":[[[0.4444,51.57971],[0.49828,51.58653],[0.49725,51.56285],[0.4663,51.55342],[0.44554,51.5786],[0.48689,51.5849],[0.4444,51.57971]]]}},{"type":"Feature","properties":{"source_code":"Y00469","codes":["Y00469"],"label":"DR SIMS AND PARTNERS"},"geometry":{"type":"Polygon","coordinates":[[[0.54176,51.58923],[0.53799,51.56597],[0.53352,51.56512],[0.52219,51.56491],[0.51292,51.56469],[0.50743,51.56427],[0.50365,51.5617],[0.49335,51.5585],[0.48546,51.55551],[0.47585,51.55274],[0.46589,51.55146],[0.46417,51.55445],[0.46005,51.55658],[0.45593,51.55808],[0.45319,51.5617],[0.45147,51.56469],[0.4525,51.57024],[0.44804,51.57302],[0.44357,51.5792],[0.44014,51.58411],[0.47413,51.59158],[0.49816,51.59264],[0.54176,51.58923]]]}},{"type":"Feature","properties":{"source_code":"F81645","codes":["F81645"],"label":"ROSE VILLA SURGERY"},"geometry":{"type":"Polygon","coordinates":[[[0.50829,51.56042],[0.50005,51.56213],[0.49885,51.56459],[0.49559,51.56619],[0.49524,51.56907],[0.4949,51.57131],[0.49353,51.57323],[0.49438,51.57536],[0.49559,51.58006],[0.49868,51.58411],[0.49949,51.59238],[0.51112,51.59147],[0.52365,51.5904],[0.53747,51.58955],[0.54331,51.58464],[0.54863,51.57814],[0.54159,51.5727],[0.54108,51.56448],[0.53782,51.55402],[0.50829,51.56042]]]}},{"type":"Feature","properties":{"source_code":"G82031","codes":["G82031"],"label":"BOWER MOUNT MEDICAL PRACTICE"},"geometry":{"type":"Polygon","coordinates":[[[0.56986,51.29443],[0.56875,51.29285],[0.56833,51.29146],[0.56792,51.29019],[0.56681,51.28861],[0.56586,51.28692],[0.56472,51.2848],[0.56639,51.28423],[0.56652,51.28348],[0.56631,51.28273],[0.56488,51.28148],[0.5634,51.27959],[0.56442,51.27935],[0.56505,51.27848],[0.56552,51.27783],[0.56703,51.27726],[0.57007,51.27677],[0.56831,51.27584],[0.56636,51.27449],[0.56426,51.27347],[0.56058,51.27173],[0.55912,51.27005],[0.55776,51.27008],[0.55672,51.26989],[0.55434,51.26994],[0.55094,51.27023],[0.54825,51.27082],[0.54671,51.27075],[0.54382,51.27103],[0.54112,51.27162],[0.53758,51.27223],[0.53607,51.2728],[0.53322,51.27372],[0.53283,51.27287],[0.53178,51.27236],[0.53262,51.27202],[0.53397,51.27177],[0.53564,51.2711],[0.53541,51.27014],[0.53552,51.26896],[0.53462,51.26812],[0.53488,51.26672],[0.53636,51.26562],[0.53649,51.26498],[0.53637,51.26273],[0.53582,51.262],[0.53576,51.26093],[0.53659,51.26059],[0.53744,51.26046],[0.53931,51.26031],[0.54099,51.25996],[0.54234,51.25971],[0.54232,51.25929],[0.54176,51.25834],[0.54092,51.25867],[0.53957,51.25881],[0.53753,51.25907],[0.53766,51.25821],[0.53849,51.25787],[0.53777,51.25714],[0.53741,51.25682],[0.53623,51.25717],[0.53606,51.25717],[0.53366,51.2568],[0.53158,51.25631],[0.53164,51.25727],[0.53133,51.25792],[0.53055,51.25933],[0.52932,51.26171],[0.52839,51.26333],[0.52745,51.26485],[0.52642,51.26477],[0.5247,51.26448],[0.52406,51.26525],[0.52344,51.26644],[0.52272,51.26891],[0.52313,51.27019],[0.52182,51.27107],[0.52049,51.27174],[0.519,51.27263],[0.51847,51.27222],[0.51706,51.2715],[0.51533,51.271],[0.51273,51.2702],[0.51119,51.27023],[0.50796,51.27041],[0.50641,51.27001],[0.50346,51.26911],[0.50189,51.2685],[0.4988,51.26825],[0.49743,51.26817],[0.49539,51.26822],[0.48957,51.2678],[0.48751,51.26763],[0.48577,51.26692],[0.48298,51.26591],[0.4831,51.26484],[0.4824,51.26774],[0.48254,51.27031],[0.4825,51.27277],[0.4821,51.27492],[0.48163,51.27557],[0.48103,51.27708],[0.48004,51.27785],[0.47945,51.27947],[0.47864,51.28034],[0.47838,51.28174],[0.47842,51.28249],[0.47801,51.28442],[0.47739,51.28561],[0.47676,51.28659],[0.47618,51.28842],[0.47607,51.2896],[0.47604,51.29217],[0.47655,51.29227],[0.47741,51.29225],[0.47978,51.29198],[0.48304,51.29234],[0.48392,51.29275],[0.48415,51.29382],[0.48445,51.29616],[0.48681,51.29579],[0.4899,51.29594],[0.49348,51.29587],[0.49832,51.29715],[0.50144,51.29794],[0.5059,51.29838],[0.51087,51.2987],[0.5148,51.29883],[0.51439,51.30066],[0.51343,51.30175],[0.51347,51.30261],[0.51237,51.30434],[0.51195,51.30606],[0.51202,51.30735],[0.51263,51.30905],[0.51252,51.31012],[0.51277,51.31161],[0.51266,51.31279],[0.51173,51.31452],[0.54329,51.31384],[0.54363,51.31383],[0.54357,51.31287],[0.54417,51.31136],[0.54634,51.31046],[0.5441,51.31008],[0.53998,51.30963],[0.53825,51.30924],[0.53786,51.3084],[0.54073,51.30769],[0.54291,51.30711],[0.5439,51.30644],[0.54625,51.30575],[0.54841,51.30453],[0.55162,51.30392],[0.55366,51.30377],[0.55751,51.3024],[0.56084,51.30094],[0.56264,51.29962],[0.56579,51.29794],[0.56796,51.29693],[0.57083,51.29644],[0.57045,51.29581],[0.56986,51.29443]]]}},{"type":"Feature","properties":{"source_code":"G82113","codes":["G82113"],"label":"STONECROSS AND WEST DRIVE SURGERY"},"geometry":{"type":"Polygon","coordinates":[[[0.51063,51.38263],[0.51671,51.38201],[0.52065,51.38193],[0.52373,51.38075],[0.52526,51.37973],[0.52797,51.37893],[0.53446,51.37854],[0.5393,51.37696],[0.54238,51.37566],[0.55191,51.37335],[0.55122,51.37152],[0.55223,51.36853],[0.55395,51.36751],[0.55461,51.36515],[0.55465,51.36231],[0.55642,51.3587],[0.55983,51.35628],[0.56388,51.35113],[0.56451,51.34828],[0.56454,51.34532],[0.56377,51.34213],[0.56357,51.33855],[0.56511,51.3379],[0.56622,51.33664],[0.5659,51.33443],[0.56664,51.33355],[0.56517,51.33198],[0.56415,51.33138],[0.56246,51.3292],[0.56214,51.32699],[0.55932,51.32594],[0.55535,51.32528],[0.55023,51.3254],[0.54494,51.32588],[0.53846,51.32627],[0.52904,51.32684],[0.52024,51.3279],[0.51719,51.32969],[0.51687,51.33105],[0.51544,51.3338],[0.51096,51.33833],[0.51083,51.33945],[0.51016,51.34156],[0.50782,51.3421],[0.50853,51.34789],[0.50891,51.35479],[0.51039,51.36018],[0.5097,51.36563],[0.50965,51.36834],[0.51107,51.36918],[0.51125,51.37238],[0.51145,51.37595],[0.51139,51.37855],[0.50889,51.38329],[0.51063,51.38263]]]}},{"type":"Feature","properties":{"source_code":"G82055","codes":["G82055"],"label":"WEALD VIEW MEDICAL PRACTICE - HAWKHURST"},"geometry":{"type":"Polygon","coordinates":[[[0.62449,50.98144],[0.5925,50.96831],[0.53629,50.97335],[0.52798,50.96176],[0.47297,50.97886],[0.43609,51.00768],[0.41476,51.03028],[0.40507,51.03395],[0.3911,51.0505],[0.44073,51.06471],[0.46207,51.11481],[0.51192,51.12102],[0.5547,51.11871],[0.57054,51.11663],[0.58013,51.10119],[0.58146,51.08558],[0.64802,51.05743],[0.65822,51.05339],[0.66459,51.03039],[0.61361,51.00246],[0.6105,50.99595],[0.62431,50.98802],[0.62449,50.98144]]]}},{"type":"Feature","properties":{"source_code":"G82139","codes":["G82139"],"label":"MAIDSTONE ROAD SURGERY"},"geometry":{"type":"Polygon","coordinates":[[[0.52168,51.38005],[0.52201,51.37952],[0.5225,51.37958],[0.52546,51.37892],[0.52616,51.37852],[0.52744,51.37775],[0.52945,51.3771],[0.53037,51.3764],[0.53164,51.37765],[0.53271,51.37748],[0.53458,51.37661],[0.53433,51.37639],[0.53419,51.37595],[0.53477,51.37571],[0.535,51.3754],[0.53487,51.37518],[0.53448,51.37466],[0.53372,51.374],[0.53344,51.37326],[0.53255,51.37245],[0.53237,51.37125],[0.53256,51.37034],[0.53252,51.36959],[0.532,51.36893],[0.53125,51.36849],[0.52964,51.36755],[0.52947,51.36665],[0.52859,51.36592],[0.52734,51.36505],[0.52539,51.36456],[0.52355,51.36385],[0.52306,51.36356],[0.52171,51.36299],[0.52166,51.36216],[0.52136,51.36104],[0.52058,51.35993],[0.52045,51.35978],[0.52043,51.35941],[0.52131,51.35788],[0.5215,51.35698],[0.52091,51.35496],[0.52182,51.35412],[0.52363,51.35212],[0.52344,51.35092],[0.52373,51.34964],[0.52473,51.34812],[0.52562,51.34689],[0.52585,51.34441],[0.52209,51.34374],[0.517,51.34287],[0.51421,51.34233],[0.51357,51.34385],[0.51364,51.34497],[0.51402,51.34549],[0.5152,51.34719],[0.51669,51.34821],[0.51515,51.34847],[0.51401,51.34744],[0.51346,51.34618],[0.51223,51.34568],[0.51153,51.34599],[0.51167,51.34629],[0.51124,51.34728],[0.51109,51.34886],[0.50834,51.34907],[0.50803,51.35216],[0.50921,51.35845],[0.50825,51.35847],[0.50765,51.35848],[0.50702,51.35782],[0.50461,51.35764],[0.50091,51.3581],[0.49937,51.35851],[0.49769,51.3608],[0.50012,51.36352],[0.50647,51.36324],[0.50635,51.36535],[0.50695,51.36541],[0.50932,51.36476],[0.50901,51.36799],[0.50877,51.37018],[0.50855,51.37492],[0.50859,51.37777],[0.50831,51.37936],[0.50956,51.38023],[0.51041,51.38029],[0.51104,51.3787],[0.51087,51.37562],[0.51143,51.37493],[0.51229,51.37522],[0.51329,51.37595],[0.51582,51.3783],[0.51836,51.38072],[0.52168,51.38005]]]}},{"type":"Feature","properties":{"source_code":"G82108","codes":["G82108"],"label":"KING GEORGE ROAD SURGERY"},"geometry":{"type":"Polygon","coordinates":[[[0.54859,51.36447],[0.54655,51.36018],[0.54452,51.35589],[0.54385,51.3514],[0.54365,51.34777],[0.54336,51.34241],[0.54371,51.34136],[0.54463,51.34047],[0.54612,51.33983],[0.54965,51.33863],[0.55195,51.3378],[0.55312,51.33639],[0.55356,51.33448],[0.55347,51.33274],[0.55257,51.32913],[0.55252,51.32809],[0.55248,51.32748],[0.54631,51.32588],[0.54576,51.32598],[0.54316,51.32639],[0.53915,51.3263],[0.532,51.32706],[0.52182,51.32797],[0.51965,51.32871],[0.51751,51.33015],[0.51635,51.33164],[0.51587,51.33287],[0.51549,51.33357],[0.51404,51.3349],[0.51207,51.33685],[0.51053,51.33904],[0.51059,51.34],[0.51039,51.34147],[0.50931,51.34193],[0.50725,51.34215],[0.50766,51.34473],[0.50829,51.34862],[0.50909,51.3557],[0.50971,51.3569],[0.51017,51.35776],[0.51202,51.35859],[0.51623,51.35962],[0.5171,51.36047],[0.51845,51.36226],[0.51912,51.36692],[0.52407,51.36647],[0.52465,51.36949],[0.5283,51.36794],[0.53601,51.36457],[0.53627,51.36439],[0.53655,51.36447],[0.54013,51.36656],[0.54226,51.36763],[0.54635,51.36902],[0.54768,51.36795],[0.54939,51.36635],[0.54864,51.36542],[0.54859,51.36447]]]}},{"type":"Feature","properties":{"source_code":"G82099","codes":["G82099"],"label":"THE COLLEGE PRACTICE"},"geometry":{"type":"Polygon","coordinates":[[[0.51068,51.27449],[0.51204,51.27301],[0.51375,51.27233],[0.5155,51.27126],[0.51773,51.27188],[0.51984,51.27328],[0.52192,51.27424],[0.52499,51.27473],[0.52735,51.27457],[0.53138,51.27404],[0.53157,51.27437],[0.5346,51.27408],[0.53942,51.27264],[0.54309,51.27167],[0.54661,51.27103],[0.54897,51.27087],[0.55299,51.27022],[0.55652,51.26981],[0.55838,51.26977],[0.55895,51.26786],[0.55952,51.26596],[0.55941,51.26395],[0.55897,51.26218],[0.55845,51.26196],[0.55705,51.2611],[0.55581,51.26013],[0.55542,51.25913],[0.55451,51.25804],[0.55387,51.2556],[0.55413,51.25414],[0.55542,51.25311],[0.55969,51.25267],[0.56023,51.25142],[0.56043,51.24952],[0.56033,51.24771],[0.5598,51.24639],[0.55616,51.24647],[0.55496,51.24476],[0.5547,51.2432],[0.55371,51.24356],[0.55204,51.24393],[0.5513,51.24272],[0.55187,51.24081],[0.55241,51.23834],[0.55248,51.23667],[0.55058,51.23593],[0.54876,51.23664],[0.54728,51.23734],[0.54582,51.23838],[0.54385,51.23953],[0.54256,51.24068],[0.54143,51.24159],[0.54041,51.24139],[0.5397,51.24085],[0.53944,51.23929],[0.53937,51.23785],[0.5395,51.23717],[0.53813,51.23698],[0.53315,51.23854],[0.53132,51.23902],[0.53047,51.23904],[0.52862,51.23908],[0.52325,51.23987],[0.52054,51.23981],[0.51869,51.23985],[0.51652,51.24046],[0.51568,51.24106],[0.51515,51.2425],[0.51651,51.24514],[0.51863,51.24795],[0.51932,51.24946],[0.52082,51.2518],[0.52133,51.25284],[0.5206,51.25333],[0.51853,51.25433],[0.51632,51.25552],[0.51505,51.25459],[0.51334,51.25377],[0.51236,51.25716],[0.51227,51.25862],[0.51285,51.25994],[0.51257,51.26106],[0.5121,51.26174],[0.51055,51.26122],[0.50917,51.26058],[0.50623,51.25941],[0.50468,51.259],[0.50325,51.25747],[0.50289,51.25714],[0.50151,51.25662],[0.49994,51.25576],[0.49719,51.25492],[0.49343,51.25411],[0.4907,51.25361],[0.48744,51.25279],[0.48518,51.25161],[0.48298,51.25155],[0.48111,51.25147],[0.47892,51.25163],[0.47674,51.2519],[0.47557,51.25204],[0.47375,51.25286],[0.47024,51.2536],[0.46873,51.25374],[0.46742,51.25466],[0.46871,51.25653],[0.46878,51.25787],[0.46866,51.25887],[0.46858,51.26044],[0.46929,51.26109],[0.46935,51.26232],[0.46975,51.26331],[0.47035,51.2652],[0.47095,51.26686],[0.47121,51.26863],[0.46974,51.26956],[0.46895,51.27058],[0.46831,51.27126],[0.46934,51.27157],[0.47414,51.27281],[0.47894,51.27352],[0.48094,51.27345],[0.48299,51.27374],[0.48505,51.27436],[0.48878,51.27451],[0.49097,51.27435],[0.49351,51.27429],[0.50085,51.27559],[0.50277,51.27666],[0.50502,51.27762],[0.50709,51.27835],[0.50727,51.27846],[0.5085,51.27632],[0.51068,51.27449]]]}},{"type":"Feature","properties":{"source_code":"G82089","codes":["G82089"],"label":"BREWER STREET"},"geometry":{"type":"MultiPolygon","coordinates":[[[[0.555,51.25769],[0.55502,51.25767],[0.55514,51.25769],[0.5552,51.25765],[0.5549,51.25759],[0.555,51.25769]]],[[[0.55508,51.25775],[0.555,51.25769],[0.55492,51.25776],[0.55494,51.25775],[0.55503,51.25779],[0.55508,51.25775]]],[[[0.55479,51.25786],[0.55473,51.25779],[0.55478,51.25787],[0.55479,51.25786]]],[[[0.55492,51.25776],[0.55479,51.25786],[0.5548,51.25787],[0.55492,51.25776]]],[[[0.55481,51.25788],[0.5548,51.25787],[0.55479,51.25788],[0.55479,51.25789],[0.55481,51.25788]]],[[[0.55479,51.25788],[0.55478,51.25787],[0.55477,51.25789],[0.55478,51.25789],[0.55479,51.25789],[0.55479,51.25788]]],[[[0.55481,51.25788],[0.55483,51.2579],[0.55485,51.25783],[0.55481,51.25788]]],[[[0.5548,51.2579],[0.55479,51.25789],[0.55478,51.2579],[0.5548,51.25791],[0.5548,51.2579]]],[[[0.5548,51.2579],[0.55481,51.25791],[0.55481,51.25789],[0.5548,51.2579]]],[[[0.55481,51.25791],[0.55481,51.25792],[0.55482,51.25793],[0.55481,51.25791]]],[[[0.55482,51.25793],[0.55482,51.25793],[0.55482,51.25793],[0.55482,51.25793]]],[[[0.55481,51.25792],[0.5548,51.25791],[0.55479,51.25792],[0.55481,51.25794],[0.55481,51.25792]]],[[[0.55481,51.25794],[0.55481,51.25794],[0.55481,51.25795],[0.55481,51.25794]]],[[[0.55486,51.25794],[0.55483,51.2579],[0.55482,51.25793],[0.55485,51.25795],[0.55486,51.25794]]],[[[0.55465,51.25797],[0.55466,51.25795],[0.55464,51.25795],[0.55465,51.25797]]],[[[0.55484,51.25796],[0.55482,51.25793],[0.55481,51.25794],[0.55483,51.25797],[0.55484,51.25796]]],[[[0.55479,51.25792],[0.55479,51.25791],[0.55474,51.25794],[0.55471,51.25797],[0.55475,51.25798],[0.55479,51.25792]]],[[[0.55471,51.25797],[0.5547,51.25797],[0.55474,51.25794],[0.55478,51.2579],[0.55478,51.25789],[0.55466,51.25798],[0.55468,51.25799],[0.5547,51.25798],[0.55471,51.25797]]],[[[0.55476,51.25799],[0.55476,51.25799],[0.55477,51.25798],[0.55476,51.25799]]],[[[0.55482,51.25799],[0.55481,51.25799],[0.55481,51.25799],[0.55482,51.25799]]],[[[0.55476,51.25799],[0.55475,51.25798],[0.55475,51.258],[0.55476,51.25799]]],[[[0.55481,51.25799],[0.55481,51.25795],[0.55479,51.258],[0.55479,51.258],[0.55481,51.25799]]],[[[0.55463,51.258],[0.55466,51.25798],[0.55465,51.25797],[0.55462,51.25801],[0.55463,51.258]]],[[[0.55483,51.25797],[0.55482,51.25799],[0.55483,51.25798],[0.55486,51.25801],[0.55486,51.25801],[0.55483,51.25797]]],[[[0.55475,51.25802],[0.55479,51.258],[0.55479,51.258],[0.55476,51.25799],[0.55473,51.25802],[0.55475,51.25802]]],[[[0.55473,51.25802],[0.55475,51.258],[0.55471,51.25802],[0.55472,51.25803],[0.55473,51.25802]]],[[[0.55492,51.25801],[0.55485,51.25795],[0.55484,51.25796],[0.55487,51.25801],[0.55493,51.25802],[0.55492,51.25801]]],[[[0.55473,51.25803],[0.55473,51.25802],[0.55473,51.25802],[0.55473,51.25803],[0.55473,51.25803]]],[[[0.55487,51.25801],[0.55486,51.25801],[0.55487,51.25802],[0.55486,51.25801],[0.55481,51.25799],[0.55481,51.258],[0.55488,51.25803],[0.55487,51.25801]]],[[[0.55473,51.25803],[0.55472,51.25803],[0.55472,51.25803],[0.55473,51.25803]]],[[[0.55471,51.25805],[0.55469,51.25805],[0.55469,51.25805],[0.55471,51.25805],[0.55471,51.25805]]],[[[0.55469,51.25805],[0.55468,51.25805],[0.55469,51.25805],[0.55472,51.25803],[0.55472,51.25803],[0.5547,51.25803],[0.55466,51.25806],[0.55469,51.25805]]],[[[0.55481,51.258],[0.55479,51.258],[0.55479,51.258],[0.55479,51.25801],[0.55475,51.25802],[0.55473,51.25803],[0.55472,51.25803],[0.55471,51.25805],[0.55481,51.25806],[0.55481,51.258]]],[[[0.55502,51.25804],[0.55493,51.25802],[0.55496,51.25805],[0.55502,51.25807],[0.55502,51.25804]]],[[[0.55496,51.25805],[0.55488,51.25803],[0.55492,51.25809],[0.555,51.2581],[0.55496,51.25805]]],[[[0.55514,51.25769],[0.55508,51.25775],[0.5552,51.25786],[0.55503,51.25779],[0.55486,51.25794],[0.55492,51.25801],[0.55494,51.25802],[0.555,51.25799],[0.55502,51.25804],[0.55537,51.25813],[0.5555,51.25775],[0.55514,51.25769]]],[[[0.54333,51.25899],[0.54348,51.25888],[0.54322,51.25885],[0.54322,51.25888],[0.54333,51.25899]]],[[[0.54333,51.25899],[0.54318,51.2591],[0.54326,51.2592],[0.54344,51.2591],[0.54333,51.25899]]],[[[0.5756,51.27535],[0.5758,51.27542],[0.57601,51.27523],[0.5756,51.27535]]],[[[0.5756,51.27535],[0.57434,51.27486],[0.57345,51.27445],[0.57228,51.27309],[0.56938,51.2687],[0.56876,51.2675],[0.56859,51.26613],[0.56846,51.26479],[0.56837,51.26361],[0.56717,51.26159],[0.57073,51.26008],[0.5703,51.25819],[0.568,51.25756],[0.55576,51.2594],[0.55492,51.25809],[0.55471,51.25805],[0.55464,51.25818],[0.55464,51.25805],[0.5547,51.25803],[0.55471,51.25802],[0.55468,51.25799],[0.55463,51.258],[0.55442,51.25816],[0.55438,51.25813],[0.55103,51.25858],[0.54352,51.25934],[0.54142,51.25987],[0.53863,51.2603],[0.53593,51.26052],[0.53417,51.26087],[0.53232,51.26092],[0.53069,51.26138],[0.52945,51.26157],[0.52818,51.26379],[0.52731,51.2649],[0.52703,51.26489],[0.52671,51.26482],[0.5262,51.26472],[0.52574,51.26464],[0.52502,51.26459],[0.52446,51.26467],[0.52422,51.26477],[0.52402,51.26496],[0.52395,51.26498],[0.5239,51.26503],[0.52379,51.26519],[0.52369,51.26564],[0.52074,51.26469],[0.51737,51.26474],[0.51627,51.26637],[0.51774,51.26784],[0.5189,51.26894],[0.51973,51.26966],[0.5197,51.27037],[0.51844,51.27127],[0.51614,51.27195],[0.51645,51.27278],[0.51703,51.27417],[0.5176,51.27599],[0.51627,51.27771],[0.51444,51.27902],[0.51444,51.28203],[0.51334,51.28377],[0.51045,51.28495],[0.50789,51.28603],[0.5076,51.28789],[0.51039,51.29098],[0.51031,51.29102],[0.51186,51.29066],[0.51625,51.29787],[0.52363,51.30486],[0.53112,51.30921],[0.53374,51.30919],[0.5366,51.30857],[0.5446,51.30674],[0.54452,51.30438],[0.54348,51.30143],[0.53851,51.29821],[0.53971,51.29633],[0.538,51.29171],[0.54666,51.2893],[0.55395,51.28817],[0.54873,51.28441],[0.55139,51.28318],[0.55555,51.28243],[0.55829,51.28149],[0.56507,51.27853],[0.57237,51.27623],[0.5758,51.27569],[0.57532,51.27542],[0.5756,51.27535]]]]}},{"type":"Feature","properties":{"source_code":"G82161","codes":["G82161"],"label":"REACH HEALTHCARE"},"geometry":{"type":"Polygon","coordinates":[[[0.54541,51.32373],[0.52952,51.32137],[0.50892,51.31853],[0.50497,51.31907],[0.49964,51.32321],[0.50457,51.34447],[0.50676,51.35468],[0.51661,51.35965],[0.52783,51.35743],[0.53973,51.37195],[0.54654,51.38248],[0.55335,51.39547],[0.5656,51.39327],[0.57922,51.38915],[0.57085,51.37509],[0.56431,51.37042],[0.5545,51.36339],[0.55914,51.32668],[0.54541,51.32373]]]}},{"type":"Feature","properties":{"source_code":"G81089","codes":["G81089"],"label":"SOUTH SAXON HOUSE SURGERY"},"geometry":{"type":"Polygon","coordinates":[[[0.52919,50.84977],[0.52337,50.84908],[0.51807,50.84952],[0.5199,50.85496],[0.51906,50.86039],[0.52507,50.86822],[0.52486,50.87057],[0.53109,50.87233],[0.54013,50.87022],[0.54695,50.86892],[0.54974,50.86632],[0.55002,50.86534],[0.55175,50.86457],[0.55028,50.86338],[0.55025,50.86161],[0.55043,50.85966],[0.55339,50.85524],[0.55578,50.85282],[0.55661,50.85082],[0.55332,50.85078],[0.54977,50.85063],[0.54301,50.85055],[0.54038,50.8503],[0.53909,50.8503],[0.53629,50.85017],[0.53328,50.85003],[0.52919,50.84977]]]}},{"type":"Feature","properties":{"source_code":"G82631","codes":["G82631"],"label":"BRYANT STREET MEDICAL PRACTICE"},"geometry":{"type":"Polygon","coordinates":[[[0.54063,51.36701],[0.52635,51.36445],[0.52175,51.36344],[0.51862,51.36517],[0.51588,51.36718],[0.51094,51.37551],[0.51236,51.38394],[0.52559,51.38387],[0.53718,51.38062],[0.54163,51.37625],[0.54353,51.3754],[0.54589,51.37457],[0.54707,51.37039],[0.54063,51.36701]]]}},{"type":"Feature","properties":{"source_code":"G81048","codes":["G81048"],"label":"CARISBROOKE SURGERY"},"geometry":{"type":"Polygon","coordinates":[[[0.56041,50.85226],[0.56073,50.8516],[0.55957,50.85137],[0.5579,50.8511],[0.55326,50.85066],[0.55005,50.85057],[0.54666,50.85053],[0.53979,50.85039],[0.52794,50.84952],[0.52078,50.84836],[0.51752,50.84759],[0.5164,50.84849],[0.51507,50.84836],[0.5197,50.85017],[0.52408,50.85131],[0.52649,50.85093],[0.52649,50.85169],[0.52696,50.85306],[0.52735,50.85356],[0.52814,50.8544],[0.52947,50.85568],[0.53099,50.85693],[0.529,50.85795],[0.52863,50.8583],[0.52902,50.86047],[0.53013,50.86063],[0.53076,50.86081],[0.53216,50.86072],[0.5347,50.86073],[0.53503,50.86148],[0.53541,50.86196],[0.53562,50.86245],[0.53583,50.86323],[0.53603,50.86356],[0.53644,50.86389],[0.53699,50.86431],[0.53719,50.86435],[0.53772,50.86455],[0.53858,50.86498],[0.53925,50.86549],[0.53975,50.8656],[0.5415,50.8651],[0.54313,50.86474],[0.54634,50.86448],[0.54649,50.86435],[0.54713,50.86403],[0.54808,50.86375],[0.54921,50.86371],[0.55095,50.86345],[0.55243,50.86448],[0.55366,50.86551],[0.55474,50.86667],[0.55569,50.86785],[0.55612,50.86673],[0.55636,50.86566],[0.55648,50.86532],[0.55669,50.86504],[0.55707,50.86456],[0.5573,50.86348],[0.55725,50.86171],[0.55699,50.85991],[0.55761,50.85892],[0.5583,50.85804],[0.55899,50.85625],[0.56041,50.85226]]]}},{"type":"Feature","properties":{"source_code":"G82697","codes":["G82697"],"label":"THE CHURCHILL CLINIC"},"geometry":{"type":"Polygon","coordinates":[[[0.5243,51.34086],[0.51492,51.34106],[0.51433,51.34118],[0.51419,51.34166],[0.51428,51.34332],[0.51521,51.35559],[0.51547,51.36044],[0.51728,51.36377],[0.51824,51.36578],[0.5205,51.36809],[0.52115,51.36903],[0.52213,51.36981],[0.52378,51.37026],[0.55047,51.36968],[0.55054,51.36947],[0.55069,51.36904],[0.55078,51.36764],[0.54971,51.36526],[0.54631,51.35775],[0.54558,51.35536],[0.5448,51.34137],[0.54451,51.34063],[0.5439,51.34043],[0.5243,51.34086]]]}},{"type":"Feature","properties":{"source_code":"G82753","codes":["G82753"],"label":"THE KINGS FAMILY PRACTICE"},"geometry":{"type":"MultiPolygon","coordinates":[[[[0.5527,51.39519],[0.55299,51.39518],[0.55354,51.39518],[0.55404,51.39517],[0.55439,51.39517],[0.55518,51.39508],[0.55636,51.39487],[0.55705,51.39473],[0.55768,51.39461],[0.5583,51.39449],[0.55953,51.39426],[0.56033,51.39397],[0.56113,51.39367],[0.562,51.39345],[0.56279,51.39328],[0.56433,51.39314],[0.56574,51.39302],[0.56658,51.39285],[0.56729,51.3926],[0.56771,51.39236],[0.56835,51.39212],[0.56892,51.39193],[0.56932,51.39183],[0.56998,51.39166],[0.57046,51.39153],[0.57095,51.39141],[0.57185,51.39124],[0.57239,51.39116],[0.57295,51.39107],[0.5735,51.39098],[0.5757,51.39058],[0.57714,51.39009],[0.57811,51.38938],[0.57852,51.38918],[0.57856,51.38913],[0.57858,51.389],[0.5785,51.38887],[0.5785,51.38873],[0.57856,51.3881],[0.57867,51.38702],[0.57872,51.38634],[0.57854,51.3856],[0.5777,51.38421],[0.57646,51.3824],[0.5751,51.38028],[0.57447,51.37931],[0.57237,51.37711],[0.57055,51.37527],[0.57003,51.37442],[0.56976,51.37352],[0.56951,51.37234],[0.56936,51.37158],[0.56936,51.37115],[0.56905,51.37098],[0.56871,51.37086],[0.56868,51.37043],[0.56884,51.36906],[0.56806,51.36756],[0.56655,51.36744],[0.56325,51.36817],[0.56364,51.367],[0.56434,51.36504],[0.56455,51.36467],[0.56454,51.36453],[0.5634,51.36462],[0.56204,51.36516],[0.55956,51.3663],[0.55532,51.36885],[0.55126,51.37214],[0.55223,51.37354],[0.54984,51.37409],[0.54676,51.37474],[0.54504,51.37492],[0.54357,51.37546],[0.54018,51.37691],[0.54147,51.37724],[0.54255,51.37801],[0.54399,51.37885],[0.5451,51.38027],[0.5442,51.38058],[0.53988,51.38183],[0.54078,51.38354],[0.54071,51.38426],[0.54067,51.38564],[0.54096,51.38671],[0.5416,51.38786],[0.54212,51.38886],[0.54227,51.3895],[0.54259,51.39109],[0.54342,51.39367],[0.5439,51.39388],[0.54519,51.39435],[0.54649,51.3949],[0.54882,51.39521],[0.54951,51.39626],[0.54994,51.39667],[0.55043,51.3963],[0.55052,51.39604],[0.55097,51.39579],[0.55143,51.39555],[0.55179,51.3954],[0.55241,51.39524],[0.5527,51.39519]]],[[[0.53529,51.40277],[0.53723,51.40251],[0.53786,51.4025],[0.53839,51.40234],[0.53891,51.40206],[0.53945,51.40156],[0.54158,51.40053],[0.544,51.39944],[0.54601,51.39879],[0.5478,51.39813],[0.54929,51.39732],[0.54989,51.39686],[0.5493,51.39634],[0.54887,51.39568],[0.54871,51.39529],[0.54803,51.39521],[0.54634,51.39493],[0.5434,51.39377],[0.54291,51.39257],[0.54229,51.39044],[0.54221,51.38967],[0.54204,51.389],[0.54164,51.3881],[0.54107,51.38717],[0.54063,51.386],[0.54051,51.38513],[0.54059,51.38438],[0.54062,51.38389],[0.54066,51.38355],[0.5403,51.38285],[0.53967,51.38169],[0.53874,51.38087],[0.53798,51.37974],[0.5374,51.37888],[0.5401,51.37741],[0.54008,51.37705],[0.53983,51.37684],[0.54276,51.37548],[0.54549,51.3747],[0.54755,51.37443],[0.55176,51.3734],[0.55111,51.37204],[0.55144,51.37175],[0.55185,51.37087],[0.55203,51.36993],[0.55297,51.36803],[0.55475,51.36691],[0.55537,51.36559],[0.55497,51.36466],[0.55473,51.36438],[0.55494,51.36409],[0.55481,51.36387],[0.55107,51.36504],[0.54937,51.36624],[0.54853,51.36681],[0.54686,51.36831],[0.54459,51.37096],[0.54312,51.36947],[0.53512,51.36668],[0.52717,51.36483],[0.52457,51.36388],[0.52185,51.36264],[0.52065,51.36172],[0.51802,51.36019],[0.51684,51.35964],[0.51545,51.35952],[0.51242,51.35901],[0.51125,51.35874],[0.51005,51.3579],[0.50926,51.35814],[0.50977,51.36116],[0.50951,51.36268],[0.5093,51.36529],[0.50894,51.3671],[0.50946,51.3681],[0.51046,51.36953],[0.51074,51.37039],[0.51077,51.37104],[0.51056,51.3735],[0.51063,51.37689],[0.51081,51.37804],[0.51053,51.37928],[0.50949,51.38132],[0.50844,51.38323],[0.50753,51.38538],[0.50824,51.386],[0.50887,51.38598],[0.51096,51.38491],[0.5124,51.38394],[0.51561,51.38343],[0.51803,51.38338],[0.5207,51.38368],[0.52071,51.3839],[0.52177,51.38424],[0.52373,51.38427],[0.5235,51.38509],[0.52344,51.38654],[0.5234,51.38775],[0.52383,51.38903],[0.52471,51.39138],[0.52517,51.39303],[0.52622,51.39499],[0.5271,51.39643],[0.52788,51.39742],[0.52852,51.39818],[0.52951,51.39926],[0.53023,51.39984],[0.53051,51.40092],[0.53148,51.40283],[0.53166,51.4033],[0.53228,51.40329],[0.53529,51.40277]]]]}},{"type":"Feature","properties":{"source_code":"G82741","codes":["G82741"],"label":"PRINCES PARK MEDICAL CTR"},"geometry":{"type":"Polygon","coordinates":[[[0.54616,51.36358],[0.54664,51.36346],[0.54663,51.36336],[0.54695,51.36326],[0.54727,51.36325],[0.5479,51.36293],[0.54754,51.36233],[0.54612,51.35993],[0.5438,51.3532],[0.54385,51.35118],[0.54371,51.34571],[0.54352,51.34217],[0.5438,51.34146],[0.54503,51.34032],[0.54995,51.33879],[0.54959,51.33809],[0.54856,51.3369],[0.54787,51.33611],[0.54639,51.33573],[0.54477,51.33557],[0.54316,51.33527],[0.54089,51.33555],[0.53702,51.33574],[0.53314,51.33657],[0.5324,51.33705],[0.53096,51.33782],[0.53137,51.33879],[0.53011,51.33943],[0.52883,51.33956],[0.52708,51.3401],[0.52629,51.34042],[0.52582,51.34074],[0.52633,51.34113],[0.52752,51.34222],[0.52662,51.34345],[0.52712,51.34374],[0.52811,51.34423],[0.52991,51.34494],[0.53061,51.34549],[0.53129,51.34608],[0.531,51.34634],[0.53115,51.34661],[0.53112,51.34686],[0.53071,51.34731],[0.5304,51.34762],[0.52894,51.34745],[0.52815,51.34777],[0.52635,51.34884],[0.52714,51.35002],[0.52812,51.3503],[0.52851,51.35141],[0.53159,51.35448],[0.53033,51.35511],[0.52811,51.35587],[0.52897,51.35686],[0.53085,51.35711],[0.53221,51.35766],[0.53308,51.35823],[0.53379,51.35929],[0.53409,51.3598],[0.53533,51.36077],[0.53597,51.36056],[0.53646,51.36075],[0.53762,51.36123],[0.54067,51.36258],[0.54371,51.36322],[0.54335,51.36252],[0.54415,51.3623],[0.54448,51.3625],[0.54481,51.36259],[0.54514,51.36279],[0.54548,51.36298],[0.54616,51.36358]]]}},{"type":"Feature","properties":{"source_code":"G81057","codes":["G81057"],"label":"SEDLESCOMBE & WESTFIELD SURGERIES"},"geometry":{"type":"Polygon","coordinates":[[[0.53859,51.0029],[0.53997,51.00234],[0.54099,51.00233],[0.5406,50.99993],[0.54103,50.99804],[0.5403,50.99558],[0.54001,50.99452],[0.55799,50.99315],[0.5564,50.98842],[0.5585,50.98731],[0.55957,50.98513],[0.56133,50.98318],[0.56404,50.98148],[0.56447,50.98118],[0.56417,50.98115],[0.56419,50.98112],[0.5697,50.97726],[0.56649,50.9716],[0.567,50.97151],[0.58023,50.97023],[0.59635,50.97208],[0.59449,50.97067],[0.59464,50.9707],[0.59395,50.96945],[0.59318,50.96805],[0.59352,50.96621],[0.59378,50.96362],[0.59446,50.96183],[0.59627,50.95999],[0.59704,50.95864],[0.59755,50.95708],[0.59741,50.95707],[0.59772,50.95708],[0.5982,50.95629],[0.5982,50.9557],[0.59785,50.95459],[0.59863,50.95389],[0.60013,50.95334],[0.60039,50.95288],[0.60039,50.9517],[0.5997,50.95118],[0.59918,50.95026],[0.59871,50.94937],[0.59807,50.94891],[0.59811,50.94886],[0.5994,50.94886],[0.60215,50.94894],[0.60506,50.94834],[0.60704,50.94707],[0.60704,50.94703],[0.60717,50.94707],[0.60854,50.94564],[0.61017,50.94534],[0.61438,50.94426],[0.62086,50.94434],[0.62266,50.94388],[0.62785,50.94084],[0.62854,50.94096],[0.62875,50.93228],[0.61184,50.93205],[0.62672,50.91381],[0.62837,50.91245],[0.62901,50.91099],[0.6285,50.91058],[0.62901,50.90888],[0.62978,50.90739],[0.62948,50.90696],[0.62953,50.90696],[0.62892,50.90479],[0.62953,50.90382],[0.6294,50.90314],[0.62905,50.90209],[0.6303,50.90181],[0.63064,50.90043],[0.63025,50.89886],[0.62974,50.89805],[0.6312,50.89705],[0.6315,50.89705],[0.63197,50.89548],[0.63154,50.89402],[0.63017,50.8925],[0.62824,50.89129],[0.62785,50.89053],[0.62721,50.88969],[0.62719,50.88968],[0.62553,50.8872],[0.62137,50.88368],[0.6182,50.88292],[0.61615,50.88232],[0.61618,50.88232],[0.61498,50.88138],[0.6139,50.87945],[0.61283,50.87848],[0.61094,50.87661],[0.60957,50.87509],[0.60948,50.87436],[0.60854,50.87453],[0.60738,50.87458],[0.60648,50.87488],[0.60511,50.87539],[0.60309,50.87596],[0.60009,50.87688],[0.6,50.87685],[0.59794,50.87732],[0.59498,50.8784],[0.59395,50.87897],[0.59043,50.88035],[0.58812,50.88157],[0.58818,50.88162],[0.58762,50.88161],[0.58839,50.88208],[0.58794,50.88335],[0.58634,50.88346],[0.58629,50.88345],[0.58617,50.88347],[0.58609,50.88348],[0.58503,50.88349],[0.58399,50.88339],[0.58277,50.88324],[0.58075,50.88301],[0.57914,50.88293],[0.57841,50.88315],[0.57758,50.8836],[0.57758,50.88353],[0.57601,50.88456],[0.57279,50.88528],[0.57116,50.88579],[0.56947,50.88644],[0.5665,50.88694],[0.56614,50.8871],[0.56597,50.88712],[0.56596,50.88717],[0.56566,50.8873],[0.56562,50.88725],[0.56485,50.8876],[0.56365,50.88793],[0.56189,50.88805],[0.56075,50.88842],[0.55966,50.88881],[0.55865,50.88909],[0.55749,50.88936],[0.55678,50.88965],[0.55676,50.88986],[0.5564,50.8899],[0.55593,50.89037],[0.55537,50.89074],[0.55485,50.89093],[0.55391,50.8912],[0.55292,50.8915],[0.55172,50.89164],[0.54919,50.89137],[0.54904,50.8914],[0.54878,50.89137],[0.54593,50.89129],[0.54266,50.89207],[0.53908,50.89298],[0.53696,50.89387],[0.53423,50.89458],[0.53404,50.89456],[0.5285,50.89683],[0.52666,50.89786],[0.53009,50.89995],[0.53013,50.90046],[0.5243,50.89908],[0.52151,50.90022],[0.5233,50.90034],[0.52151,50.9003],[0.52752,50.9059],[0.51863,50.90793],[0.52396,50.90991],[0.52374,50.91111],[0.51977,50.91011],[0.51973,50.91019],[0.51973,50.91004],[0.50928,50.91316],[0.50928,50.91315],[0.49572,50.91372],[0.49681,50.91551],[0.49677,50.91551],[0.49936,50.92093],[0.49928,50.92093],[0.49975,50.92195],[0.49906,50.92207],[0.49728,50.92249],[0.49464,50.92304],[0.4929,50.92352],[0.49213,50.92358],[0.49087,50.92404],[0.4904,50.92411],[0.4904,50.92411],[0.49033,50.92411],[0.49017,50.92412],[0.49,50.92413],[0.48983,50.92413],[0.4897,50.92413],[0.48957,50.92412],[0.48944,50.92411],[0.48929,50.9241],[0.48917,50.92409],[0.48901,50.92406],[0.4889,50.92405],[0.48875,50.92404],[0.48862,50.92405],[0.48854,50.92411],[0.48851,50.92416],[0.48849,50.92419],[0.48849,50.92423],[0.48848,50.92426],[0.48846,50.92428],[0.48843,50.92432],[0.48835,50.92436],[0.4883,50.92438],[0.4882,50.92439],[0.4882,50.92439],[0.4883,50.92437],[0.48818,50.92439],[0.48792,50.92441],[0.48766,50.92444],[0.48731,50.92446],[0.48706,50.92449],[0.48686,50.92451],[0.48654,50.92453],[0.48634,50.92455],[0.48616,50.92456],[0.48598,50.92458],[0.48578,50.9246],[0.48557,50.92461],[0.48538,50.92462],[0.48517,50.92463],[0.48503,50.92464],[0.48506,50.92463],[0.48483,50.92464],[0.48456,50.92467],[0.48436,50.9247],[0.48418,50.92472],[0.48401,50.92475],[0.48389,50.92477],[0.48371,50.92479],[0.4836,50.92481],[0.48348,50.92482],[0.48336,50.92483],[0.48325,50.92483],[0.48316,50.92483],[0.4831,50.92482],[0.48298,50.92482],[0.48287,50.92482],[0.4827,50.92483],[0.4824,50.92483],[0.4822,50.92483],[0.48194,50.92483],[0.4818,50.92484],[0.48169,50.92484],[0.48157,50.92484],[0.48157,50.92488],[0.48157,50.92492],[0.48157,50.92499],[0.48157,50.92505],[0.48158,50.92512],[0.48158,50.92518],[0.48159,50.92523],[0.4816,50.92529],[0.4816,50.92536],[0.4816,50.92543],[0.4816,50.92549],[0.48161,50.92554],[0.48161,50.92559],[0.48162,50.92559],[0.48162,50.92566],[0.48163,50.92566],[0.48163,50.92566],[0.48173,50.92565],[0.48181,50.92844],[0.48207,50.93112],[0.48194,50.93352],[0.48259,50.93356],[0.48203,50.9355],[0.4822,50.94166],[0.48357,50.94664],[0.48426,50.95248],[0.48443,50.96037],[0.48374,50.96199],[0.47876,50.96762],[0.47722,50.96999],[0.47731,50.96999],[0.47602,50.97345],[0.47437,50.97699],[0.47428,50.97701],[0.47421,50.97773],[0.47409,50.97789],[0.4746,50.97964],[0.49348,50.98059],[0.50614,50.98418],[0.51507,50.98407],[0.51782,50.9891],[0.52301,50.99102],[0.52546,50.99242],[0.53685,50.99633],[0.53525,51.00157],[0.53494,51.00152],[0.53331,51.00487],[0.53356,51.00557],[0.53468,51.006],[0.53573,51.00625],[0.53677,51.00642],[0.53779,51.0063],[0.53816,51.00409],[0.53859,51.0029]],[[0.52954,50.90681],[0.53056,50.90616],[0.52991,50.9068],[0.52954,50.90681]],[[0.53472,50.89463],[0.53446,50.8946],[0.53478,50.89461],[0.53472,50.89463]],[[0.56591,50.88758],[0.56573,50.88738],[0.56593,50.88739],[0.56591,50.88758]],[[0.57761,50.88431],[0.57759,50.88368],[0.57777,50.88371],[0.57761,50.88431]]]}},{"type":"Feature","properties":{"source_code":"G82235","codes":["G82235"],"label":"OLD SCHOOL SURGERY"},"geometry":{"type":"Polygon","coordinates":[[[0.64548,51.11448],[0.58968,51.02117],[0.56992,51.02398],[0.49905,51.04842],[0.4916,51.11023],[0.55429,51.13913],[0.64548,51.11448]]]}},{"type":"Feature","properties":{"source_code":"G82733","codes":["G82733"],"label":"ORCHARD END"},"geometry":{"type":"Polygon","coordinates":[[[0.57773,51.15503],[0.58161,51.15198],[0.58428,51.15149],[0.59032,51.15093],[0.59425,51.14873],[0.59382,51.1411],[0.59709,51.13933],[0.60244,51.13836],[0.60987,51.13862],[0.61387,51.13768],[0.61651,51.13677],[0.62176,51.13411],[0.62633,51.13146],[0.63266,51.13598],[0.6361,51.13718],[0.64154,51.13791],[0.64334,51.13405],[0.64892,51.12543],[0.64447,51.11832],[0.64285,51.11369],[0.64384,51.1073],[0.64372,51.10518],[0.64071,51.09973],[0.63436,51.09478],[0.64277,51.08865],[0.63712,51.08411],[0.6278,51.08601],[0.62681,51.08052],[0.63741,51.07731],[0.63835,51.07007],[0.63729,51.06331],[0.63361,51.05787],[0.63075,51.05497],[0.6291,51.04949],[0.62345,51.04495],[0.61644,51.04001],[0.61083,51.03589],[0.60922,51.03126],[0.60752,51.02493],[0.60793,51.02025],[0.59785,51.02048],[0.58455,51.02332],[0.57317,51.02442],[0.55857,51.02814],[0.54877,51.03344],[0.54434,51.03863],[0.53898,51.03917],[0.53168,51.04103],[0.52384,51.04544],[0.51709,51.04516],[0.51122,51.04868],[0.50183,51.04931],[0.49237,51.04866],[0.48228,51.04888],[0.46955,51.05],[0.4609,51.05188],[0.45552,51.05199],[0.44955,51.05381],[0.44547,51.05305],[0.44765,51.05598],[0.44583,51.05983],[0.44074,51.06546],[0.44392,51.07473],[0.44695,51.08103],[0.45,51.08776],[0.45157,51.09197],[0.45792,51.09735],[0.4561,51.10121],[0.457,51.10543],[0.45929,51.11048],[0.45875,51.11303],[0.46172,51.11807],[0.46215,51.12612],[0.46165,51.12952],[0.46244,51.13163],[0.47073,51.13527],[0.48241,51.13927],[0.48248,51.14054],[0.48001,51.14484],[0.48089,51.14864],[0.48249,51.15327],[0.49116,51.15139],[0.49987,51.15036],[0.5087,51.15144],[0.52574,51.15447],[0.53648,51.15339],[0.54252,51.15283],[0.55147,51.15603],[0.55691,51.15676],[0.56358,51.15534],[0.56704,51.15697],[0.57171,51.15601],[0.57773,51.15503]]]}},{"type":"Feature","properties":{"source_code":"G82076","codes":["G82076"],"label":"MOTE"},"geometry":{"type":"Polygon","coordinates":[[[0.53478,51.27199],[0.53885,51.2719],[0.54267,51.27105],[0.54632,51.27097],[0.55117,51.27036],[0.55743,51.26946],[0.56171,51.26949],[0.56391,51.2688],[0.57057,51.26776],[0.58091,51.26715],[0.58683,51.26741],[0.5907,51.26758],[0.5941,51.26648],[0.60051,51.26468],[0.6056,51.26469],[0.60853,51.26258],[0.62091,51.25848],[0.62172,51.25833],[0.62164,51.25693],[0.61951,51.25532],[0.61819,51.25343],[0.61829,51.25177],[0.61826,51.25113],[0.61456,51.25058],[0.61268,51.2496],[0.61036,51.24812],[0.60787,51.24728],[0.60702,51.24666],[0.60546,51.24427],[0.60437,51.24302],[0.60241,51.24063],[0.60068,51.23876],[0.59896,51.23726],[0.59845,51.23536],[0.59636,51.23439],[0.59424,51.2329],[0.59356,51.23151],[0.59117,51.22888],[0.58891,51.22842],[0.58436,51.22699],[0.57779,51.22586],[0.57431,51.22555],[0.57246,51.22508],[0.56859,51.22504],[0.56496,51.22563],[0.55952,51.22652],[0.55651,51.22709],[0.55434,51.22842],[0.55028,51.22838],[0.54053,51.22872],[0.52998,51.22907],[0.51801,51.22959],[0.51317,51.2302],[0.50361,51.23028],[0.49822,51.23205],[0.4902,51.23414],[0.48459,51.23566],[0.48298,51.23608],[0.4847,51.2377],[0.48786,51.23981],[0.49039,51.24141],[0.49245,51.24188],[0.49254,51.24366],[0.49557,51.24705],[0.49793,51.24929],[0.49924,51.25093],[0.5035,51.25441],[0.50219,51.25648],[0.50133,51.26314],[0.50368,51.26513],[0.50532,51.26548],[0.51189,51.26649],[0.51392,51.26631],[0.5179,51.2684],[0.51964,51.27053],[0.51871,51.27208],[0.52263,51.27302],[0.52912,51.27275],[0.53478,51.27199]]]}},{"type":"Feature","properties":{"source_code":"F81001","codes":["F81001"],"label":"DR KHAN & PARTNERS"},"geometry":{"type":"Polygon","coordinates":[[[0.54399,51.56725],[0.54264,51.56763],[0.54215,51.56859],[0.54279,51.57163],[0.54485,51.57456],[0.54799,51.5768],[0.56292,51.58296],[0.56737,51.58545],[0.56882,51.58688],[0.57148,51.58616],[0.57525,51.58496],[0.58466,51.58055],[0.59055,51.57669],[0.5971,51.57678],[0.59335,51.56984],[0.5993,51.56147],[0.59999,51.55645],[0.59343,51.55378],[0.58652,51.5517],[0.57753,51.54876],[0.57364,51.54636],[0.57249,51.54364],[0.54929,51.543],[0.54201,51.5497],[0.53981,51.55519],[0.54399,51.56725]]]}},{"type":"Feature","properties":{"source_code":"F81142","codes":["F81142"],"label":"ST GEORGES MEDICAL PRACTICE"},"geometry":{"type":"Polygon","coordinates":[[[0.54339,51.568],[0.54247,51.56907],[0.54292,51.57184],[0.54513,51.57467],[0.54769,51.57664],[0.55331,51.57872],[0.56187,51.58288],[0.56684,51.58512],[0.56833,51.58718],[0.57043,51.58667],[0.57365,51.58582],[0.58073,51.58331],[0.58453,51.58112],[0.5867,51.5791],[0.58968,51.57774],[0.59379,51.57732],[0.59799,51.57693],[0.59412,51.57077],[0.5973,51.56347],[0.59957,51.56141],[0.59953,51.55717],[0.59924,51.55598],[0.595,51.55469],[0.59196,51.55315],[0.58107,51.55079],[0.57543,51.54779],[0.57321,51.54599],[0.57253,51.54371],[0.56526,51.54207],[0.55197,51.546],[0.54528,51.54673],[0.54116,51.55089],[0.54005,51.55527],[0.54202,51.56008],[0.54339,51.568]]]}},{"type":"Feature","properties":{"source_code":"G82719","codes":["G82719"],"label":"MATRIX MEDICAL PRACTICE"},"geometry":{"type":"Polygon","coordinates":[[[0.5949,51.35834],[0.59427,51.35798],[0.59372,51.35757],[0.59263,51.35677],[0.59169,51.35575],[0.5916,51.35421],[0.59109,51.35356],[0.5907,51.35283],[0.5904,51.35173],[0.5891,51.34962],[0.5886,51.34827],[0.58858,51.34765],[0.5886,51.34697],[0.58876,51.34199],[0.58718,51.34044],[0.58643,51.33961],[0.58533,51.33901],[0.58395,51.3377],[0.58335,51.33776],[0.58229,51.3375],[0.58129,51.3371],[0.58081,51.33654],[0.58055,51.33584],[0.56549,51.33797],[0.56344,51.33877],[0.56237,51.33857],[0.5601,51.33881],[0.55783,51.33884],[0.55492,51.34042],[0.55367,51.34089],[0.55225,51.34121],[0.55069,51.34265],[0.54971,51.34414],[0.54976,51.3451],[0.54939,51.3468],[0.5489,51.34866],[0.54826,51.34978],[0.5481,51.35125],[0.54743,51.35193],[0.54729,51.35356],[0.54795,51.35494],[0.54869,51.35552],[0.54816,51.35649],[0.54798,51.3576],[0.54743,51.3582],[0.54545,51.35854],[0.54521,51.35847],[0.54601,51.36022],[0.54691,51.3616],[0.54784,51.36336],[0.54808,51.36398],[0.54827,51.36482],[0.5486,51.36658],[0.54908,51.36658],[0.54887,51.36716],[0.54668,51.36895],[0.54735,51.36935],[0.54776,51.36949],[0.54859,51.36986],[0.54929,51.37022],[0.55013,51.37075],[0.55148,51.37183],[0.55151,51.37234],[0.5523,51.37343],[0.56279,51.3718],[0.57993,51.3687],[0.59371,51.36655],[0.6028,51.36487],[0.6021,51.36378],[0.5997,51.36214],[0.59751,51.36086],[0.59653,51.36007],[0.59468,51.35839],[0.5949,51.35834]]]}},{"type":"Feature","properties":{"source_code":"G81096","codes":["G81096"],"label":"SEDLESCOMBE HOUSE"},"geometry":{"type":"Polygon","coordinates":[[[0.57308,50.86538],[0.5729,50.86517],[0.57266,50.8649],[0.57236,50.86463],[0.57211,50.86421],[0.57199,50.864],[0.57151,50.86413],[0.5711,50.86427],[0.57027,50.8643],[0.56925,50.86423],[0.56845,50.8642],[0.56768,50.86404],[0.56714,50.86396],[0.56661,50.86395],[0.56609,50.86393],[0.56548,50.86381],[0.56539,50.86354],[0.56538,50.86317],[0.56486,50.86304],[0.56444,50.86297],[0.56409,50.86281],[0.56362,50.86266],[0.56339,50.86243],[0.56316,50.86224],[0.56296,50.86206],[0.56254,50.86188],[0.56227,50.86173],[0.56179,50.86155],[0.5615,50.86131],[0.56164,50.861],[0.5613,50.861],[0.56077,50.86114],[0.56016,50.8612],[0.5597,50.86153],[0.5593,50.86178],[0.55884,50.8621],[0.5586,50.86227],[0.55823,50.86245],[0.55801,50.86234],[0.55765,50.86217],[0.55765,50.86214],[0.55717,50.86209],[0.55714,50.86242],[0.55715,50.86262],[0.55698,50.86302],[0.55678,50.86303],[0.55629,50.86307],[0.55552,50.86314],[0.55469,50.86323],[0.55386,50.8633],[0.55298,50.86338],[0.55204,50.86338],[0.55126,50.86348],[0.55092,50.86341],[0.55049,50.86307],[0.55021,50.86278],[0.54986,50.86231],[0.54986,50.8619],[0.54984,50.86141],[0.54969,50.86078],[0.54893,50.8605],[0.54865,50.8603],[0.54836,50.86012],[0.54782,50.86019],[0.54759,50.86018],[0.54704,50.86025],[0.54624,50.86036],[0.5451,50.86063],[0.5443,50.86072],[0.54367,50.86064],[0.54287,50.86057],[0.54224,50.86057],[0.54178,50.86045],[0.54147,50.86103],[0.54133,50.86134],[0.54121,50.86185],[0.54055,50.86186],[0.53955,50.8619],[0.53801,50.86185],[0.53726,50.86188],[0.53744,50.86208],[0.53746,50.86226],[0.53784,50.86277],[0.53869,50.86335],[0.53947,50.86369],[0.53998,50.86423],[0.5411,50.86459],[0.54148,50.86499],[0.54094,50.86517],[0.54008,50.8654],[0.53957,50.86573],[0.54014,50.86604],[0.5408,50.86642],[0.54128,50.86712],[0.54137,50.86755],[0.5416,50.86831],[0.54211,50.86883],[0.54254,50.86947],[0.54377,50.86916],[0.5482,50.86974],[0.54935,50.86983],[0.55115,50.87006],[0.55206,50.8706],[0.55304,50.87109],[0.55401,50.87133],[0.55461,50.87143],[0.55441,50.87172],[0.55407,50.87239],[0.55387,50.87277],[0.55387,50.87272],[0.55341,50.87332],[0.55295,50.87451],[0.55238,50.8753],[0.55358,50.87541],[0.55512,50.87606],[0.5565,50.87667],[0.5577,50.8762],[0.55855,50.87552],[0.56021,50.87548],[0.56302,50.87494],[0.56508,50.87324],[0.56565,50.87137],[0.56622,50.86963],[0.56719,50.86772],[0.56908,50.86638],[0.57079,50.86552],[0.57308,50.86538]]]}},{"type":"Feature","properties":{"source_code":"G82641","codes":["G82641"],"label":"WALLIS AVENUE"},"geometry":{"type":"Polygon","coordinates":[[[0.57389,51.2674],[0.5762,51.26708],[0.57733,51.26716],[0.58234,51.26716],[0.58259,51.26699],[0.58195,51.26641],[0.58157,51.26577],[0.58133,51.26458],[0.58121,51.26394],[0.5804,51.26331],[0.57976,51.26278],[0.57937,51.26187],[0.57858,51.26015],[0.57742,51.25958],[0.5768,51.25916],[0.57649,51.2583],[0.57601,51.25739],[0.57553,51.25664],[0.5755,51.2561],[0.57564,51.25545],[0.57533,51.25453],[0.57546,51.25377],[0.57543,51.25323],[0.57458,51.252],[0.57446,51.25141],[0.57418,51.25088],[0.57396,51.25007],[0.57383,51.24931],[0.57341,51.24791],[0.57327,51.24705],[0.57328,51.24564],[0.57291,51.24516],[0.57352,51.24385],[0.57363,51.2426],[0.57294,51.24115],[0.57307,51.24028],[0.57292,51.2392],[0.57304,51.23828],[0.57391,51.2368],[0.57434,51.23522],[0.57488,51.23412],[0.5756,51.23313],[0.575,51.23168],[0.57478,51.23087],[0.57495,51.22919],[0.57529,51.22761],[0.5755,51.22669],[0.57544,51.22555],[0.5742,51.22509],[0.57307,51.22484],[0.57245,51.22459],[0.57064,51.22457],[0.56988,51.22497],[0.5687,51.22543],[0.56562,51.22587],[0.56141,51.22618],[0.55987,51.22643],[0.55792,51.22696],[0.55596,51.22744],[0.55454,51.22834],[0.55289,51.22816],[0.55065,51.22821],[0.5486,51.22858],[0.54696,51.22861],[0.54414,51.229],[0.54267,51.22903],[0.54129,51.2289],[0.53835,51.22891],[0.53637,51.22884],[0.53274,51.22887],[0.53242,51.22925],[0.5323,51.23018],[0.53197,51.23208],[0.53146,51.23371],[0.53127,51.23496],[0.53173,51.2356],[0.53207,51.23706],[0.5318,51.23837],[0.53235,51.2389],[0.532,51.24047],[0.53152,51.24113],[0.53141,51.24222],[0.5313,51.24347],[0.53136,51.24455],[0.53139,51.24509],[0.53091,51.2457],[0.53167,51.24709],[0.53127,51.24753],[0.53086,51.24792],[0.53057,51.24901],[0.53061,51.24982],[0.53093,51.25084],[0.53148,51.25137],[0.53152,51.25224],[0.53123,51.25317],[0.53136,51.25398],[0.53086,51.25431],[0.53098,51.25485],[0.53157,51.25619],[0.53138,51.2575],[0.5311,51.25864],[0.53063,51.25952],[0.52986,51.26127],[0.52913,51.2621],[0.52844,51.26368],[0.52821,51.26428],[0.52717,51.26571],[0.52711,51.26609],[0.52714,51.26663],[0.52717,51.26734],[0.52692,51.26751],[0.52813,51.26743],[0.52995,51.26749],[0.5314,51.26725],[0.5345,51.26712],[0.5346,51.26729],[0.53471,51.26772],[0.5347,51.26761],[0.53662,51.26789],[0.53949,51.26826],[0.54286,51.26841],[0.54805,51.26862],[0.55118,51.26888],[0.5564,51.26968],[0.55804,51.26959],[0.55924,51.26946],[0.56105,51.26936],[0.56421,51.26875],[0.56567,51.26856],[0.56779,51.26797],[0.57055,51.2678],[0.57166,51.26761],[0.57389,51.2674]]]}},{"type":"Feature","properties":{"source_code":"G82077","codes":["G82077"],"label":"THE ELMS MEDICAL CENTRE"},"geometry":{"type":"Polygon","coordinates":[[[0.5913,51.48293],[0.59878,51.48039],[0.60132,51.48053],[0.61006,51.47796],[0.61275,51.47492],[0.61592,51.47485],[0.61877,51.47479],[0.62494,51.47723],[0.63003,51.47731],[0.63223,51.47706],[0.64151,51.47824],[0.64529,51.47776],[0.6487,51.4763],[0.65791,51.47648],[0.66071,51.47543],[0.66226,51.4748],[0.667,51.47449],[0.66915,51.47326],[0.67128,51.47162],[0.67581,51.4731],[0.67717,51.47466],[0.68448,51.47489],[0.69541,51.47186],[0.69828,51.47199],[0.70018,51.47195],[0.71238,51.46354],[0.71881,51.45963],[0.72121,51.45739],[0.72084,51.45641],[0.7229,51.44308],[0.71428,51.43674],[0.70391,51.43301],[0.6912,51.43271],[0.6779,51.43301],[0.67223,51.43354],[0.67399,51.43667],[0.67321,51.43946],[0.67065,51.43913],[0.66798,51.44236],[0.6591,51.44236],[0.66282,51.43534],[0.65292,51.43418],[0.64966,51.43267],[0.64301,51.43282],[0.63906,51.43588],[0.6372,51.43651],[0.6371,51.43493],[0.63753,51.43135],[0.63362,51.42946],[0.62507,51.42965],[0.61888,51.43237],[0.61844,51.4302],[0.62183,51.42853],[0.63528,51.42526],[0.6404,51.42058],[0.63878,51.41448],[0.62923,51.41925],[0.62616,51.4211],[0.62211,51.42238],[0.61343,51.4202],[0.61076,51.41788],[0.60593,51.4166],[0.59732,51.4156],[0.59603,51.41523],[0.59413,51.41528],[0.59156,51.41474],[0.58684,51.41524],[0.58369,51.4157],[0.58079,51.41478],[0.57889,51.41482],[0.57798,51.41563],[0.57606,51.41528],[0.57275,51.41277],[0.57114,51.41241],[0.56988,51.41244],[0.56832,51.41287],[0.56608,51.41252],[0.56315,51.4112],[0.55272,51.41163],[0.54767,51.41213],[0.5445,51.412],[0.5423,51.41245],[0.53755,51.41255],[0.53726,51.41295],[0.53185,51.41267],[0.52856,51.41037],[0.52585,51.40725],[0.52576,51.40567],[0.50387,51.42259],[0.57598,51.47019],[0.5913,51.48293]]]}},{"type":"Feature","properties":{"source_code":"F81713","codes":["F81713"],"label":"BENFLEET SURGERY"},"geometry":{"type":"Polygon","coordinates":[[[0.55998,51.55363],[0.55967,51.55374],[0.55818,51.55413],[0.55781,51.55423],[0.55668,51.55456],[0.55605,51.55474],[0.55522,51.55497],[0.55472,51.55504],[0.55344,51.55519],[0.55132,51.55536],[0.55108,51.55547],[0.55095,51.55541],[0.55089,51.55536],[0.55068,51.55536],[0.55008,51.55537],[0.54915,51.55544],[0.5481,51.5555],[0.54736,51.55556],[0.54678,51.55563],[0.5462,51.55571],[0.54616,51.55629],[0.546,51.5586],[0.54534,51.55921],[0.54637,51.56012],[0.54679,51.56088],[0.5466,51.56243],[0.54681,51.563],[0.54506,51.56374],[0.5447,51.56504],[0.5447,51.56515],[0.54461,51.56528],[0.54443,51.56541],[0.54425,51.56729],[0.54439,51.5673],[0.54487,51.56734],[0.54669,51.56738],[0.54944,51.56737],[0.54956,51.5673],[0.55143,51.56728],[0.55161,51.56731],[0.55177,51.56729],[0.55363,51.56718],[0.55527,51.56703],[0.55764,51.56681],[0.55879,51.56672],[0.56008,51.56658],[0.56081,51.56651],[0.56183,51.5664],[0.56239,51.56631],[0.56289,51.56621],[0.56357,51.56606],[0.56425,51.56587],[0.56516,51.56554],[0.56555,51.56542],[0.56663,51.56494],[0.56651,51.56476],[0.56626,51.56437],[0.56585,51.56374],[0.56558,51.56332],[0.56512,51.56257],[0.56499,51.56236],[0.56469,51.5618],[0.56444,51.56125],[0.56421,51.56081],[0.56406,51.56042],[0.56405,51.55987],[0.56395,51.55944],[0.56397,51.55921],[0.56477,51.55893],[0.56492,51.55886],[0.56508,51.55876],[0.56518,51.55859],[0.56495,51.55746],[0.56458,51.55615],[0.56444,51.55616],[0.56394,51.5562],[0.56259,51.55628],[0.56224,51.5558],[0.56294,51.5557],[0.56304,51.55558],[0.56295,51.55533],[0.5628,51.55536],[0.56282,51.5556],[0.56213,51.55572],[0.56136,51.55524],[0.56167,51.55506],[0.56156,51.55498],[0.56122,51.55518],[0.56071,51.55476],[0.56041,51.5544],[0.56038,51.55404],[0.55998,51.55363]]]}},{"type":"Feature","properties":{"source_code":"F81618","codes":["F81618"],"label":"HIGH ROAD FAMILY DOCTORS"},"geometry":{"type":"MultiPolygon","coordinates":[[[[0.62706,51.56752],[0.63343,51.56597],[0.62794,51.56725],[0.62706,51.56752]]],[[[0.60592,51.57444],[0.60837,51.57408],[0.61832,51.57216],[0.62622,51.57003],[0.63137,51.56832],[0.63721,51.56661],[0.63858,51.56469],[0.60592,51.57444]]],[[[0.60592,51.57444],[0.60116,51.57515],[0.59395,51.57622],[0.58987,51.57692],[0.60013,51.5743],[0.60425,51.57366],[0.6094,51.57259],[0.61352,51.5711],[0.6197,51.5696],[0.6245,51.56832],[0.62706,51.56752],[0.58683,51.57733],[0.58743,51.57707],[0.63515,51.56491],[0.63412,51.56277],[0.63377,51.56],[0.63343,51.55808],[0.63206,51.55594],[0.63309,51.55359],[0.63343,51.55146],[0.6324,51.54932],[0.63206,51.5474],[0.63068,51.54463],[0.62931,51.54142],[0.62794,51.53886],[0.62656,51.53566],[0.62553,51.53246],[0.61489,51.53374],[0.60631,51.53523],[0.59944,51.53651],[0.5888,51.53758],[0.57987,51.53908],[0.57301,51.54036],[0.5658,51.54249],[0.55756,51.54484],[0.55206,51.54698],[0.54829,51.54868],[0.54588,51.54975],[0.54672,51.55101],[0.5452,51.55018],[0.56683,51.58219],[0.56742,51.58205],[0.56887,51.58421],[0.56889,51.58432],[0.56893,51.5843],[0.56923,51.58475],[0.5781,51.58101],[0.58609,51.57813],[0.58399,51.5792],[0.58056,51.58091],[0.57369,51.58368],[0.56992,51.58518],[0.60592,51.57444]]],[[[0.56923,51.58603],[0.54382,51.54954],[0.54176,51.55189],[0.54073,51.55423],[0.54142,51.55744],[0.54176,51.55936],[0.54314,51.56192],[0.54417,51.56448],[0.54451,51.56811],[0.54348,51.5696],[0.54588,51.57152],[0.54726,51.57344],[0.54966,51.57494],[0.55138,51.57707],[0.55447,51.57814],[0.55687,51.5792],[0.55927,51.58048],[0.56168,51.58176],[0.56477,51.58262],[0.56786,51.58411],[0.56923,51.58603]]]]}},{"type":"Feature","properties":{"source_code":"G82233","codes":["G82233"],"label":"ST. WERBURGH MED.PRACTICE"},"geometry":{"type":"Polygon","coordinates":[[[0.54962,51.39628],[0.55124,51.39519],[0.55513,51.3951],[0.55667,51.39482],[0.55963,51.39427],[0.56178,51.39333],[0.56578,51.39284],[0.56693,51.39257],[0.57114,51.39134],[0.57577,51.39043],[0.5783,51.38932],[0.57863,51.38598],[0.57565,51.3815],[0.57397,51.37918],[0.56952,51.374],[0.56908,51.37076],[0.55559,51.37301],[0.54595,51.3746],[0.54062,51.37682],[0.54273,51.37743],[0.54509,51.38022],[0.54012,51.38179],[0.54076,51.38405],[0.54049,51.38608],[0.54147,51.38736],[0.5426,51.38904],[0.53708,51.39022],[0.53596,51.39097],[0.53432,51.3919],[0.5292,51.39323],[0.53331,51.39704],[0.53645,51.39989],[0.54962,51.39628]]]}},{"type":"Feature","properties":{"source_code":"F81101","codes":["F81101"],"label":"ESSEX WAY SURGERY"},"geometry":{"type":"MultiPolygon","coordinates":[[[[0.56401,51.5352],[0.56339,51.5331],[0.5603,51.52861],[0.55824,51.52498],[0.56401,51.5352]]],[[[0.59841,51.5775],[0.59807,51.57515],[0.59532,51.57259],[0.59532,51.57067],[0.59635,51.56597],[0.60047,51.56149],[0.60013,51.55722],[0.59635,51.55445],[0.5888,51.55253],[0.58193,51.5506],[0.57953,51.54868],[0.57507,51.54719],[0.5706,51.54505],[0.56545,51.541],[0.56511,51.53715],[0.56401,51.5352],[0.56408,51.53544],[0.55824,51.53908],[0.55172,51.54078],[0.54794,51.54271],[0.5452,51.54527],[0.54245,51.54804],[0.53936,51.55125],[0.53936,51.55551],[0.54073,51.56021],[0.54142,51.56491],[0.54142,51.56896],[0.54314,51.57302],[0.54623,51.57579],[0.55138,51.57814],[0.55756,51.5807],[0.56065,51.58326],[0.55893,51.58795],[0.56271,51.58816],[0.57026,51.58731],[0.5785,51.5839],[0.58365,51.58176],[0.58914,51.57814],[0.59841,51.5775]]]]}},{"type":"Feature","properties":{"source_code":"F81700","codes":["F81700"],"label":"CANVEY VILLAGE SURGERY"},"geometry":{"type":"Polygon","coordinates":[[[0.5647,51.54881],[0.62313,51.52546],[0.6245,51.51638],[0.6003,51.51227],[0.57361,51.50805],[0.5549,51.51061],[0.54743,51.52423],[0.53216,51.52387],[0.53368,51.53685],[0.5647,51.54881]]]}},{"type":"Feature","properties":{"source_code":"G82014","codes":["G82014"],"label":"WOODLANDS FAMILY PRACTICE"},"geometry":{"type":"Polygon","coordinates":[[[0.58084,51.39003],[0.5866,51.38813],[0.59237,51.38661],[0.59351,51.38533],[0.59767,51.38384],[0.60277,51.38107],[0.60787,51.3783],[0.61561,51.37586],[0.61994,51.37386],[0.62333,51.37303],[0.63461,51.37606],[0.64298,51.37752],[0.65276,51.3754],[0.65393,51.37474],[0.65458,51.37548],[0.65664,51.37607],[0.65926,51.37601],[0.66225,51.37531],[0.66461,51.37412],[0.66774,51.37582],[0.67294,51.37494],[0.67224,51.3699],[0.67333,51.36747],[0.67364,51.36582],[0.67247,51.36306],[0.67151,51.36056],[0.67259,51.35826],[0.6709,51.35703],[0.67159,51.35486],[0.67127,51.34969],[0.66373,51.34834],[0.66053,51.34209],[0.64301,51.34616],[0.64745,51.3496],[0.65057,51.35496],[0.6314,51.35881],[0.62581,51.35995],[0.62041,51.36083],[0.61768,51.35558],[0.61657,51.35383],[0.61428,51.35249],[0.61074,51.35067],[0.61202,51.34837],[0.60987,51.34601],[0.60583,51.34244],[0.60451,51.34044],[0.58919,51.33737],[0.5855,51.33631],[0.5849,51.33645],[0.58022,51.33946],[0.57979,51.33897],[0.57569,51.33779],[0.57061,51.34081],[0.56584,51.34939],[0.56497,51.3556],[0.56207,51.35794],[0.56116,51.35961],[0.55858,51.36042],[0.55624,51.36199],[0.55487,51.36278],[0.55431,51.36355],[0.55495,51.36417],[0.55503,51.36569],[0.55369,51.36698],[0.55236,51.3684],[0.55172,51.37145],[0.55138,51.37272],[0.55219,51.3727],[0.55265,51.3737],[0.55236,51.37573],[0.55004,51.38122],[0.55014,51.38312],[0.55018,51.38375],[0.55284,51.38445],[0.55527,51.38452],[0.55761,51.38662],[0.55935,51.38873],[0.56002,51.38986],[0.56201,51.38931],[0.56342,51.38928],[0.56367,51.39016],[0.56547,51.38986],[0.56723,51.39235],[0.56808,51.39309],[0.57705,51.39087],[0.58084,51.39003]]]}},{"type":"Feature","properties":{"source_code":"F81051","codes":["F81051"],"label":"THIRD AVENUE HEALTH CENTRE"},"geometry":{"type":"Polygon","coordinates":[[[0.63171,51.52242],[0.62296,51.51531],[0.61626,51.51462],[0.58949,51.51077],[0.58575,51.51316],[0.58408,51.51043],[0.57318,51.50773],[0.55412,51.51024],[0.52151,51.53128],[0.54142,51.53416],[0.54417,51.54676],[0.63171,51.52242]]]}},{"type":"Feature","properties":{"source_code":"F81205","codes":["F81205"],"label":"GHAURI PRACTICE"},"geometry":{"type":"Polygon","coordinates":[[[0.56374,51.5363],[0.56906,51.53982],[0.58228,51.53779],[0.59738,51.5363],[0.61172,51.53021],[0.6082,51.53032],[0.60476,51.53126],[0.60476,51.53256],[0.59652,51.53352],[0.60476,51.53126],[0.60476,51.53],[0.61266,51.52904],[0.62965,51.52669],[0.64201,51.52199],[0.64545,51.51964],[0.60957,51.5128],[0.60365,51.51192],[0.59086,51.51104],[0.58416,51.51163],[0.58071,51.50922],[0.57279,51.50767],[0.56159,51.50949],[0.55341,51.51013],[0.55147,51.5112],[0.55056,51.51312],[0.54451,51.51846],[0.5488,51.52482],[0.56374,51.5363]]]}},{"type":"Feature","properties":{"source_code":"G81658","codes":["G81658"],"label":"THE STATION PRACTICE"},"geometry":{"type":"Polygon","coordinates":[[[0.59747,50.85765],[0.52485,50.8511],[0.52421,50.87612],[0.53361,50.89483],[0.58708,50.88414],[0.62262,50.88411],[0.61365,50.87358],[0.60785,50.86036],[0.59747,50.85765]]]}},{"type":"Feature","properties":{"source_code":"G82600","codes":["G82600"],"label":"EASTCOURT LANE SURGERY"},"geometry":{"type":"Polygon","coordinates":[[[0.59438,51.37617],[0.58953,51.36707],[0.58416,51.36856],[0.57841,51.36958],[0.57223,51.37114],[0.57061,51.37095],[0.57077,51.37092],[0.57028,51.37091],[0.56984,51.37086],[0.57,51.37082],[0.56963,51.37083],[0.56949,51.37082],[0.56945,51.37084],[0.56889,51.37087],[0.5694,51.37088],[0.56923,51.37101],[0.56768,51.37141],[0.56898,51.3712],[0.56794,51.37199],[0.56794,51.37371],[0.5682,51.37671],[0.56722,51.3827],[0.59438,51.37617]]]}},{"type":"Feature","properties":{"source_code":"G82184","codes":["G82184"],"label":"WALTHAM ROAD MEDICAL CENTRE"},"geometry":{"type":"Polygon","coordinates":[[[0.59748,51.38231],[0.59656,51.36615],[0.56716,51.36948],[0.56792,51.38296],[0.57717,51.38276],[0.59748,51.38231]]]}},{"type":"Feature","properties":{"source_code":"G81641","codes":["G81641"],"label":"PRIORY ROAD SURGERY"},"geometry":{"type":"MultiPolygon","coordinates":[[[[0.58308,50.85661],[0.58394,50.85687],[0.5839,50.8571],[0.58522,50.85696],[0.58308,50.85661]]],[[[0.58522,50.85696],[0.58928,50.85762],[0.58898,50.85724],[0.58686,50.85679],[0.58522,50.85696]]],[[[0.58928,50.85762],[0.5894,50.85777],[0.59018,50.85777],[0.58928,50.85762]]],[[[0.5905,50.85777],[0.59018,50.85777],[0.59031,50.85779],[0.5905,50.85777]]],[[[0.5905,50.85777],[0.59488,50.85775],[0.59168,50.85763],[0.5905,50.85777]]],[[[0.5894,50.85777],[0.58827,50.85778],[0.59027,50.86063],[0.59269,50.86196],[0.5894,50.85777]]],[[[0.59733,50.8621],[0.59745,50.86168],[0.59739,50.8619],[0.59733,50.8621]]],[[[0.59733,50.8621],[0.59716,50.86269],[0.59717,50.86267],[0.59733,50.8621]]],[[[0.59716,50.86269],[0.59706,50.86287],[0.59711,50.86287],[0.59716,50.86269]]],[[[0.59706,50.86287],[0.59606,50.86276],[0.59323,50.86236],[0.59303,50.8623],[0.59267,50.86215],[0.59267,50.86213],[0.59055,50.86102],[0.59027,50.86063],[0.58407,50.8572],[0.5882,50.86171],[0.58956,50.86207],[0.58825,50.86176],[0.5882,50.86171],[0.5881,50.86168],[0.58735,50.86084],[0.58518,50.86268],[0.58645,50.86448],[0.58855,50.86406],[0.58729,50.86528],[0.58654,50.86524],[0.58677,50.86578],[0.58673,50.86615],[0.5872,50.86664],[0.58823,50.86688],[0.58902,50.86696],[0.59027,50.86673],[0.59188,50.86641],[0.59237,50.86624],[0.5928,50.86604],[0.5932,50.86586],[0.59209,50.86543],[0.59415,50.86589],[0.5955,50.86558],[0.59574,50.86538],[0.59608,50.86512],[0.59619,50.86356],[0.59705,50.86289],[0.59706,50.86287]]]]}},{"type":"Feature","properties":{"source_code":"G82226","codes":["G82226"],"label":"WIGMORE MEDICAL CENTRE"},"geometry":{"type":"MultiPolygon","coordinates":[[[[0.56327,51.35702],[0.56316,51.35705],[0.563,51.3573],[0.56327,51.35702]]],[[[0.563,51.3573],[0.56197,51.35841],[0.55871,51.36058],[0.55515,51.36272],[0.55675,51.36179],[0.55917,51.36038],[0.5613,51.3596],[0.56209,51.35875],[0.563,51.3573]]],[[[0.61,51.36299],[0.61146,51.36267],[0.61232,51.36246],[0.61223,51.36267],[0.61352,51.36208],[0.61487,51.36197],[0.61225,51.36004],[0.6082,51.35627],[0.60667,51.35588],[0.60646,51.35516],[0.60507,51.35414],[0.60213,51.3494],[0.60234,51.3473],[0.60285,51.3474],[0.60323,51.3453],[0.6057,51.34461],[0.60611,51.34304],[0.60488,51.34202],[0.60448,51.34088],[0.60127,51.34011],[0.59332,51.3383],[0.58488,51.33661],[0.58082,51.33555],[0.57607,51.33419],[0.57126,51.33179],[0.56933,51.33298],[0.56621,51.33399],[0.56669,51.33649],[0.56527,51.33798],[0.56575,51.33887],[0.56618,51.33992],[0.56725,51.3408],[0.5682,51.34319],[0.56807,51.34667],[0.5661,51.34873],[0.56631,51.35195],[0.56519,51.35383],[0.56386,51.35637],[0.56327,51.35702],[0.56644,51.35604],[0.56976,51.35565],[0.57063,51.35626],[0.57245,51.35601],[0.57407,51.35514],[0.57435,51.35419],[0.57671,51.35456],[0.57775,51.35516],[0.57779,51.356],[0.5774,51.35789],[0.57796,51.35903],[0.57896,51.359],[0.57882,51.36246],[0.58,51.36849],[0.59277,51.36685],[0.60313,51.3646],[0.60459,51.36423],[0.6021,51.36481],[0.60511,51.36369],[0.60605,51.36369],[0.60811,51.36342],[0.61163,51.36267],[0.61,51.36299]]]]}},{"type":"Feature","properties":{"source_code":"G82635","codes":["G82635"],"label":"PUMP LANE SURGERY"},"geometry":{"type":"Polygon","coordinates":[[[0.59488,51.37369],[0.595,51.37361],[0.5959,51.37359],[0.59693,51.37357],[0.59856,51.37297],[0.59969,51.37238],[0.59992,51.37189],[0.59999,51.37101],[0.59852,51.36991],[0.59717,51.36874],[0.59587,51.36627],[0.59434,51.36638],[0.58746,51.3675],[0.58622,51.36367],[0.58719,51.36043],[0.58991,51.36077],[0.59126,51.35962],[0.5928,51.35974],[0.59494,51.35881],[0.59491,51.35841],[0.59356,51.35723],[0.59248,51.35621],[0.59191,51.35534],[0.59172,51.35414],[0.59103,51.35335],[0.59071,51.35231],[0.58988,51.35112],[0.58871,51.34857],[0.58868,51.34584],[0.586,51.34622],[0.58286,51.34741],[0.57742,51.34882],[0.57862,51.35193],[0.57899,51.36085],[0.57948,51.3672],[0.58046,51.3687],[0.58658,51.36776],[0.58766,51.3687],[0.58901,51.36996],[0.59302,51.37269],[0.59488,51.37369]]]}},{"type":"Feature","properties":{"source_code":"F81740","codes":["F81740"],"label":"THE COMMUNITY PRACTICE"},"geometry":{"type":"Polygon","coordinates":[[[0.63034,51.52071],[0.62828,51.51953],[0.62571,51.51772],[0.6221,51.51622],[0.61678,51.51366],[0.61094,51.51366],[0.60425,51.51141],[0.59858,51.51216],[0.58931,51.51035],[0.58777,51.5127],[0.58537,51.51237],[0.58193,51.50938],[0.57352,51.50789],[0.55378,51.51024],[0.51979,51.52765],[0.56545,51.54142],[0.5773,51.53801],[0.58159,51.53843],[0.5912,51.53694],[0.60219,51.53587],[0.60871,51.52882],[0.62485,51.53032],[0.63446,51.52519],[0.63223,51.52402],[0.63446,51.52135],[0.63034,51.52071]]]}},{"type":"Feature","properties":{"source_code":"F81739","codes":["F81739"],"label":"THE ISLAND SURGERY"},"geometry":{"type":"Polygon","coordinates":[[[0.55018,51.53056],[0.56219,51.5382],[0.56526,51.54025],[0.56546,51.54057],[0.56639,51.5408],[0.58192,51.53705],[0.62729,51.52529],[0.62716,51.52054],[0.62675,51.51668],[0.6001,51.51088],[0.58457,51.51071],[0.58431,51.51074],[0.57943,51.50901],[0.57804,51.50896],[0.57759,51.50895],[0.57337,51.5079],[0.56899,51.50755],[0.5527,51.51039],[0.54948,51.51499],[0.54528,51.51834],[0.54259,51.51959],[0.53974,51.5204],[0.53729,51.52109],[0.5358,51.52178],[0.53434,51.52218],[0.53367,51.52248],[0.53263,51.52258],[0.53013,51.52245],[0.52801,51.52353],[0.52689,51.52451],[0.53193,51.52727],[0.55018,51.53056]]]}},{"type":"Feature","properties":{"source_code":"F81096","codes":["F81096"],"label":"OAKLANDS SURGERY"},"geometry":{"type":"Polygon","coordinates":[[[0.56614,51.53523],[0.60219,51.5284],[0.62347,51.51665],[0.57163,51.5096],[0.55756,51.52178],[0.56614,51.53523]]]}},{"type":"Feature","properties":{"source_code":"G82721","codes":["G82721"],"label":"PARKWOOD FAMILY PRACTICE"},"geometry":{"type":"Polygon","coordinates":[[[0.61276,51.33556],[0.56293,51.33667],[0.5644,51.36285],[0.57912,51.36253],[0.61425,51.36175],[0.61287,51.33759],[0.61276,51.33556]]]}},{"type":"Feature","properties":{"source_code":"G82229","codes":["G82229"],"label":"SUTTON VALENCE GROUP PRACTICE"},"geometry":{"type":"MultiPolygon","coordinates":[[[[0.61077,51.24878],[0.61073,51.24867],[0.61054,51.24852],[0.60766,51.24698],[0.60765,51.247],[0.60932,51.24808],[0.61054,51.2488],[0.61077,51.24878]]],[[[0.611,51.24877],[0.61077,51.24878],[0.61096,51.24928],[0.61214,51.24937],[0.611,51.24877]]],[[[0.60765,51.247],[0.60749,51.24689],[0.60766,51.24698],[0.60787,51.24664],[0.6095,51.24771],[0.61054,51.24852],[0.611,51.24877],[0.61386,51.2486],[0.61539,51.24795],[0.61734,51.24766],[0.61788,51.24691],[0.61797,51.24506],[0.61769,51.24347],[0.61762,51.24224],[0.61715,51.2409],[0.61671,51.24017],[0.61922,51.2395],[0.62252,51.23881],[0.62502,51.23801],[0.62712,51.23698],[0.62907,51.23682],[0.63193,51.23552],[0.63599,51.23444],[0.64003,51.23325],[0.64235,51.23258],[0.64387,51.23181],[0.64546,51.22882],[0.64711,51.22681],[0.64717,51.22435],[0.64626,51.22216],[0.64519,51.22058],[0.64384,51.21766],[0.64347,51.21459],[0.64416,51.21297],[0.64485,51.21124],[0.64536,51.20987],[0.6449,51.20865],[0.64424,51.20756],[0.64401,51.20695],[0.64257,51.20575],[0.64229,51.20428],[0.64185,51.20331],[0.64258,51.20243],[0.6429,51.20119],[0.64161,51.19925],[0.63997,51.19781],[0.63871,51.19636],[0.63632,51.19568],[0.63639,51.19346],[0.63547,51.19102],[0.63462,51.18994],[0.63394,51.18835],[0.63211,51.18704],[0.63238,51.18494],[0.63111,51.18337],[0.62866,51.18158],[0.62722,51.18038],[0.62498,51.17883],[0.62382,51.17911],[0.62112,51.17978],[0.61841,51.18021],[0.61646,51.18038],[0.61465,51.17956],[0.61326,51.17922],[0.61184,51.17839],[0.61022,51.17744],[0.60922,51.17697],[0.60744,51.17676],[0.6059,51.17717],[0.60417,51.1777],[0.60379,51.17795],[0.60384,51.17881],[0.60373,51.18029],[0.6032,51.18141],[0.60078,51.18011],[0.59796,51.1787],[0.59484,51.17889],[0.59251,51.17919],[0.58997,51.17924],[0.58689,51.1803],[0.58557,51.18119],[0.58559,51.18156],[0.58609,51.18339],[0.58656,51.18486],[0.5864,51.18548],[0.58503,51.18538],[0.57838,51.18565],[0.57507,51.18585],[0.57399,51.1866],[0.56505,51.18878],[0.56078,51.18948],[0.55774,51.19115],[0.55506,51.19232],[0.55198,51.19324],[0.55163,51.19399],[0.55134,51.19584],[0.55185,51.19792],[0.55215,51.19988],[0.55149,51.20199],[0.55115,51.20298],[0.55122,51.20421],[0.55017,51.20645],[0.55006,51.20805],[0.55061,51.21087],[0.55011,51.2126],[0.55183,51.21527],[0.55211,51.21674],[0.55335,51.21795],[0.55338,51.21844],[0.55343,51.21942],[0.55348,51.22028],[0.55338,51.22213],[0.55375,51.2252],[0.55365,51.22692],[0.5537,51.2279],[0.55393,51.22851],[0.55431,51.22826],[0.55544,51.2275],[0.55661,51.22722],[0.55757,51.22696],[0.56011,51.22678],[0.56002,51.22875],[0.56155,51.23155],[0.56047,51.23329],[0.56088,51.23365],[0.56175,51.23511],[0.56263,51.23681],[0.56506,51.23824],[0.56535,51.24008],[0.56679,51.24115],[0.5697,51.24059],[0.572,51.23981],[0.57433,51.23939],[0.57844,51.2393],[0.57965,51.23988],[0.57897,51.24174],[0.57808,51.24324],[0.57789,51.24337],[0.57793,51.2441],[0.57835,51.24471],[0.58052,51.24491],[0.58289,51.24523],[0.58584,51.24528],[0.58796,51.24474],[0.59065,51.24382],[0.5914,51.24319],[0.59177,51.24269],[0.59276,51.24292],[0.59492,51.24299],[0.59419,51.24399],[0.5943,51.24596],[0.59418,51.24719],[0.59559,51.2479],[0.59664,51.2491],[0.59652,51.25046],[0.59771,51.25068],[0.5985,51.25091],[0.60059,51.24976],[0.60294,51.24958],[0.60508,51.24941],[0.6062,51.2484],[0.60733,51.24751],[0.60765,51.247]]]]}},{"type":"Feature","properties":{"source_code":"G81095","codes":["G81095"],"label":"HASTINGS OLD TOWN SURGERY"},"geometry":{"type":"Polygon","coordinates":[[[0.6958,50.89351],[0.67144,50.8738],[0.59323,50.85494],[0.59306,50.85564],[0.59275,50.85516],[0.58588,50.85489],[0.58049,50.8546],[0.58002,50.85552],[0.58124,50.85635],[0.58452,50.86109],[0.58428,50.86186],[0.58313,50.86241],[0.58109,50.86314],[0.57992,50.8645],[0.57826,50.86515],[0.57652,50.86543],[0.57057,50.86558],[0.5677,50.86737],[0.5659,50.86967],[0.56513,50.87342],[0.56673,50.87511],[0.56726,50.87685],[0.57086,50.88036],[0.5722,50.88073],[0.57348,50.8805],[0.57747,50.88354],[0.57915,50.88296],[0.58354,50.88331],[0.58607,50.88349],[0.5865,50.8831],[0.61104,50.91472],[0.72394,50.92944],[0.7332,50.91559],[0.6958,50.89351]]]}},{"type":"Feature","properties":{"source_code":"G82737","codes":["G82737"],"label":"LONG CATLIS ROAD SURGERY"},"geometry":{"type":"Polygon","coordinates":[[[0.6254,51.36586],[0.6222,51.36235],[0.61828,51.35618],[0.61529,51.35133],[0.60884,51.34084],[0.60491,51.3369],[0.59601,51.33344],[0.5876,51.33103],[0.57314,51.33019],[0.56492,51.33376],[0.56399,51.3581],[0.58269,51.36806],[0.58552,51.36764],[0.59684,51.36578],[0.60384,51.37081],[0.61268,51.37562],[0.62097,51.37328],[0.62489,51.37186],[0.62487,51.37159],[0.6254,51.36586]]]}},{"type":"Feature","properties":{"source_code":"G82180","codes":["G82180"],"label":"MAIDSTONE RD RAINHAM SURGERY"},"geometry":{"type":"Polygon","coordinates":[[[0.65709,51.37937],[0.6564,51.37611],[0.65976,51.37593],[0.66142,51.37537],[0.66369,51.37384],[0.6652,51.3738],[0.66736,51.37608],[0.66885,51.37562],[0.66793,51.37427],[0.66912,51.37445],[0.66995,51.37422],[0.67097,51.37441],[0.67198,51.37428],[0.67276,51.37321],[0.67197,51.37122],[0.67246,51.36804],[0.6742,51.3661],[0.67324,51.36412],[0.67352,51.36316],[0.67235,51.36329],[0.6721,51.36193],[0.67172,51.3612],[0.67169,51.36056],[0.67299,51.35979],[0.67307,51.35831],[0.67187,51.35792],[0.66898,51.35176],[0.65064,51.35523],[0.64964,51.35262],[0.64835,51.35075],[0.64677,51.34962],[0.64245,51.35077],[0.63993,51.34798],[0.63937,51.34704],[0.63825,51.34506],[0.63665,51.34373],[0.63596,51.34342],[0.63492,51.34577],[0.63331,51.34718],[0.63131,51.34754],[0.62979,51.34747],[0.62596,51.3484],[0.6278,51.351],[0.62954,51.35191],[0.63193,51.35534],[0.63285,51.3568],[0.63296,51.35859],[0.62061,51.36098],[0.61544,51.36194],[0.61126,51.3596],[0.6091,51.35722],[0.6082,51.35629],[0.60684,51.35601],[0.60138,51.34895],[0.60248,51.3446],[0.60202,51.34239],[0.59875,51.34426],[0.59643,51.34188],[0.59313,51.34016],[0.59086,51.33873],[0.58945,51.33771],[0.58519,51.33685],[0.58291,51.33827],[0.57963,51.34299],[0.57802,51.34419],[0.57968,51.34975],[0.58043,51.35121],[0.58035,51.35279],[0.57947,51.35513],[0.58005,51.35935],[0.58066,51.36725],[0.58073,51.36852],[0.58052,51.37074],[0.58095,51.37231],[0.58259,51.3746],[0.58524,51.37369],[0.58629,51.37441],[0.5868,51.3744],[0.5878,51.37417],[0.58795,51.37395],[0.58833,51.37458],[0.58972,51.37529],[0.59105,51.37504],[0.59354,51.37436],[0.59472,51.37422],[0.5963,51.37546],[0.59687,51.3765],[0.59896,51.37761],[0.60138,51.37872],[0.60262,51.37975],[0.6077,51.3771],[0.61137,51.37639],[0.61354,51.37592],[0.61618,51.37491],[0.62084,51.37385],[0.62315,51.37285],[0.62593,51.37142],[0.62806,51.37021],[0.62935,51.37218],[0.62939,51.37292],[0.6301,51.37354],[0.6328,51.37359],[0.63316,51.374],[0.6336,51.37578],[0.63549,51.37627],[0.63803,51.37653],[0.64058,51.37679],[0.64179,51.37729],[0.64315,51.37747],[0.64581,51.37678],[0.64631,51.37666],[0.64815,51.37651],[0.65184,51.37896],[0.6538,51.38071],[0.65471,51.38185],[0.65611,51.38277],[0.65861,51.38229],[0.65709,51.37937]]]}},{"type":"Feature","properties":{"source_code":"G82154","codes":["G82154"],"label":"THAMES AVE SURGERY"},"geometry":{"type":"Polygon","coordinates":[[[0.6591,51.38516],[0.66106,51.3829],[0.66301,51.38305],[0.66651,51.38217],[0.66519,51.38179],[0.66547,51.37815],[0.66849,51.37738],[0.67001,51.37593],[0.67095,51.3753],[0.67437,51.37603],[0.67453,51.3731],[0.6744,51.37088],[0.67147,51.37055],[0.66858,51.37061],[0.66553,51.37088],[0.66308,51.37033],[0.66321,51.36983],[0.66075,51.36908],[0.65733,51.36582],[0.65423,51.36236],[0.65264,51.35987],[0.65013,51.35549],[0.65428,51.35479],[0.66065,51.35343],[0.66307,51.35358],[0.6676,51.35378],[0.66658,51.35562],[0.67069,51.35704],[0.6732,51.35587],[0.67435,51.35352],[0.67421,51.35101],[0.66978,51.34979],[0.6634,51.34812],[0.66084,51.34566],[0.65981,51.34457],[0.65974,51.34336],[0.66064,51.34223],[0.65697,51.34009],[0.65499,51.33923],[0.65237,51.33848],[0.64832,51.33817],[0.64648,51.337],[0.64597,51.33651],[0.63554,51.34017],[0.62823,51.34185],[0.62102,51.34262],[0.61537,51.34244],[0.60696,51.34192],[0.60342,51.33918],[0.6025,51.33718],[0.60198,51.33658],[0.59936,51.33573],[0.59675,51.33519],[0.59352,51.33506],[0.59165,51.33328],[0.58791,51.33276],[0.58722,51.33187],[0.58443,51.33102],[0.58035,51.33303],[0.58409,51.33638],[0.58056,51.33948],[0.57972,51.33899],[0.57646,51.33836],[0.57342,51.33873],[0.57076,51.34],[0.57085,51.34161],[0.56973,51.34477],[0.57037,51.34758],[0.57114,51.34978],[0.57113,51.35251],[0.57214,51.35329],[0.5751,51.35424],[0.57724,51.355],[0.57775,51.35549],[0.57755,51.35771],[0.57745,51.35873],[0.57836,51.36062],[0.58027,51.36886],[0.58299,51.36849],[0.58987,51.36743],[0.59031,51.36965],[0.59331,51.37129],[0.59432,51.37208],[0.59545,51.37498],[0.59601,51.37628],[0.59851,51.37764],[0.60249,51.37957],[0.60991,51.37678],[0.6226,51.37589],[0.62336,51.37507],[0.62675,51.37519],[0.62684,51.3767],[0.62582,51.37864],[0.62697,51.37902],[0.6293,51.38018],[0.62976,51.38269],[0.63734,51.38545],[0.6591,51.38516]]]}},{"type":"Feature","properties":{"source_code":"G81031","codes":["G81031"],"label":"THE HILL SURGERY"},"geometry":{"type":"Polygon","coordinates":[[[0.67809,50.88087],[0.67552,50.87907],[0.66676,50.87179],[0.6501,50.86712],[0.62347,50.8609],[0.59086,50.85353],[0.58159,50.85408],[0.58125,50.85646],[0.58451,50.86058],[0.5821,50.86253],[0.57661,50.86534],[0.56906,50.86545],[0.56631,50.87],[0.56459,50.87444],[0.56682,50.87599],[0.56761,50.8774],[0.57071,50.88052],[0.57241,50.8808],[0.57359,50.88054],[0.57748,50.88381],[0.58333,50.88306],[0.58671,50.88286],[0.59009,50.88418],[0.59531,50.8893],[0.59752,50.89165],[0.59704,50.89606],[0.60371,50.89918],[0.61024,50.90009],[0.61334,50.90174],[0.61678,50.90295],[0.62306,50.90739],[0.62753,50.90904],[0.6282,50.91087],[0.63007,50.91173],[0.63314,50.91318],[0.65463,50.91588],[0.67078,50.91837],[0.71976,50.91004],[0.71875,50.90934],[0.71922,50.90918],[0.71742,50.90712],[0.71609,50.90617],[0.71471,50.90533],[0.71188,50.90355],[0.7093,50.90203],[0.7063,50.90033],[0.70325,50.89832],[0.7023,50.89782],[0.67916,50.88162],[0.67888,50.88127],[0.67809,50.88087]]]}},{"type":"Feature","properties":{"source_code":"G82162","codes":["G82162"],"label":"ORCHARD FAMILY PRACTICE"},"geometry":{"type":"Polygon","coordinates":[[[0.62791,51.37048],[0.62823,51.37045],[0.62853,51.37038],[0.63022,51.36993],[0.62931,51.36811],[0.6285,51.36717],[0.62618,51.36755],[0.62545,51.36664],[0.62554,51.36589],[0.6249,51.36543],[0.62447,51.36449],[0.62378,51.36361],[0.62369,51.36334],[0.62232,51.36256],[0.62129,51.36125],[0.62103,51.36066],[0.61486,51.36193],[0.61352,51.36083],[0.61124,51.35912],[0.60934,51.35956],[0.60831,51.35942],[0.60619,51.35819],[0.60338,51.35624],[0.60058,51.35438],[0.59168,51.35554],[0.59264,51.35672],[0.59291,51.35688],[0.59423,51.35757],[0.59438,51.35797],[0.59547,51.35915],[0.59655,51.36017],[0.59935,51.36203],[0.59593,51.36275],[0.59725,51.36561],[0.59001,51.36689],[0.59006,51.36778],[0.59012,51.36882],[0.59042,51.36953],[0.59175,51.37047],[0.59372,51.37131],[0.59481,51.37249],[0.59487,51.37353],[0.59494,51.37465],[0.59652,51.37542],[0.59723,51.37661],[0.59816,51.37723],[0.60053,51.37838],[0.60305,51.37985],[0.6083,51.37741],[0.61286,51.37642],[0.61665,51.37529],[0.62107,51.37407],[0.62545,51.37229],[0.62581,51.37161],[0.62634,51.37125],[0.62686,51.3709],[0.62678,51.371],[0.62721,51.37084],[0.62731,51.3708],[0.6274,51.37075],[0.6277,51.37063],[0.62761,51.37065],[0.62767,51.37051],[0.62791,51.37048]]]}},{"type":"Feature","properties":{"source_code":"F81075","codes":["F81075"],"label":"THE HOLLIES"},"geometry":{"type":"Polygon","coordinates":[[[0.58811,51.57856],[0.6609,51.56149],[0.66536,51.54271],[0.54176,51.5489],[0.58811,51.57856]]]}},{"type":"Feature","properties":{"source_code":"F81112","codes":["F81112"],"label":"HIGHLANDS SURGERY"},"geometry":{"type":"Polygon","coordinates":[[[0.59421,51.55063],[0.59519,51.55407],[0.5976,51.55541],[0.59871,51.55776],[0.5997,51.55938],[0.60326,51.55885],[0.61317,51.55858],[0.61588,51.55933],[0.61871,51.5572],[0.62983,51.5572],[0.63004,51.55792],[0.63128,51.55797],[0.63579,51.56211],[0.64283,51.56275],[0.64394,51.56024],[0.64734,51.55901],[0.65064,51.55997],[0.65523,51.56053],[0.65819,51.56066],[0.66459,51.55826],[0.66781,51.55616],[0.66746,51.5541],[0.67381,51.55431],[0.67802,51.55413],[0.67879,51.55397],[0.67806,51.54591],[0.67991,51.54591],[0.67995,51.54265],[0.67909,51.54038],[0.67841,51.5395],[0.67798,51.53657],[0.67072,51.53833],[0.66583,51.5391],[0.65768,51.53908],[0.65115,51.53958],[0.64734,51.54097],[0.64214,51.54105],[0.64,51.54025],[0.63356,51.5394],[0.60275,51.54372],[0.59421,51.55063]]]}},{"type":"Feature","properties":{"source_code":"F81128","codes":["F81128"],"label":"EASTWOOD GROUP PRACTICE"},"geometry":{"type":"Polygon","coordinates":[[[0.64141,51.54839],[0.63806,51.5478],[0.62826,51.5488],[0.62945,51.5632],[0.63039,51.56665],[0.63301,51.57052],[0.63604,51.57724],[0.64058,51.57855],[0.64462,51.5773],[0.64944,51.5735],[0.65086,51.5731],[0.65248,51.57296],[0.65547,51.57275],[0.65774,51.57288],[0.66023,51.5727],[0.66188,51.57238],[0.66217,51.57224],[0.66227,51.57206],[0.66239,51.57167],[0.66319,51.57155],[0.66399,51.57162],[0.66467,51.5717],[0.66539,51.57175],[0.6654,51.57174],[0.66614,51.57178],[0.66839,51.57131],[0.66993,51.57129],[0.67115,51.57152],[0.67204,51.57212],[0.67549,51.57251],[0.68032,51.57031],[0.67761,51.54572],[0.6731,51.54577],[0.67121,51.54659],[0.66665,51.54718],[0.65964,51.54768],[0.65053,51.54852],[0.64404,51.5482],[0.64141,51.54839]]]}},{"type":"Feature","properties":{"source_code":"F81695","codes":["F81695"],"label":"ELMSLEIGH DRIVE SURGERY"},"geometry":{"type":"Polygon","coordinates":[[[0.65884,51.55962],[0.6669,51.55594],[0.67823,51.55397],[0.69072,51.53707],[0.68293,51.53862],[0.67544,51.54076],[0.67463,51.54169],[0.67244,51.54239],[0.67171,51.54121],[0.66914,51.54353],[0.6651,51.5446],[0.65952,51.54497],[0.65613,51.54553],[0.65536,51.54831],[0.64927,51.54887],[0.64768,51.54887],[0.64909,51.55437],[0.64974,51.55682],[0.64806,51.55834],[0.65652,51.55888],[0.65884,51.55962]]]}},{"type":"Feature","properties":{"source_code":"F81696","codes":["F81696"],"label":"THE LEIGH SURGERY"},"geometry":{"type":"Polygon","coordinates":[[[0.67908,51.55697],[0.67764,51.54574],[0.67347,51.54572],[0.6711,51.54651],[0.66249,51.5476],[0.65776,51.54773],[0.65217,51.54839],[0.64673,51.54844],[0.64756,51.55027],[0.64762,51.55211],[0.64799,51.55483],[0.64533,51.55524],[0.64459,51.55687],[0.64489,51.55766],[0.64574,51.55818],[0.64896,51.5593],[0.65552,51.56028],[0.65696,51.56034],[0.6581,51.56063],[0.66401,51.56242],[0.66581,51.56261],[0.66586,51.56275],[0.66651,51.56137],[0.66689,51.56083],[0.6679,51.56004],[0.67132,51.55881],[0.67255,51.55839],[0.67413,51.55772],[0.67437,51.55758],[0.67908,51.55697]]]}},{"type":"Feature","properties":{"source_code":"F81144","codes":["F81144"],"label":"THE PALL MALL SURGERY"},"geometry":{"type":"Polygon","coordinates":[[[0.65619,51.563],[0.66186,51.56244],[0.66741,51.56301],[0.67172,51.56306],[0.67525,51.56232],[0.6824,51.56021],[0.68128,51.55701],[0.68556,51.55654],[0.68574,51.55653],[0.68547,51.55551],[0.68546,51.55551],[0.68489,51.55311],[0.68647,51.55274],[0.68592,51.54922],[0.68506,51.54569],[0.68823,51.54492],[0.68773,51.54326],[0.68645,51.5416],[0.68304,51.53854],[0.67858,51.53843],[0.67789,51.53683],[0.62519,51.54292],[0.62575,51.54903],[0.62227,51.54975],[0.62373,51.55247],[0.62493,51.55562],[0.62957,51.55617],[0.63034,51.55752],[0.63603,51.56016],[0.63502,51.56336],[0.63463,51.56949],[0.64481,51.56491],[0.65033,51.56348],[0.65619,51.563]]]}},{"type":"Feature","properties":{"source_code":"F81223","codes":["F81223"],"label":"DR MALIK - KENT ELMS HC"},"geometry":{"type":"MultiPolygon","coordinates":[[[[0.64849,51.56381],[0.66244,51.56243],[0.67077,51.56315],[0.67343,51.56269],[0.67463,51.56229],[0.67605,51.56162],[0.6772,51.56096],[0.67871,51.56064],[0.67991,51.56053],[0.68141,51.56024],[0.68184,51.56016],[0.6815,51.55778],[0.68038,51.55365],[0.67373,51.55429],[0.67085,51.55354],[0.67107,51.55298],[0.67154,51.55194],[0.67205,51.5509],[0.67214,51.55042],[0.67102,51.55023],[0.66905,51.55031],[0.66759,51.55074],[0.66613,51.55111],[0.66489,51.55093],[0.66437,51.55074],[0.6636,51.55082],[0.66287,51.55082],[0.66171,51.55085],[0.65995,51.55069],[0.65532,51.55082],[0.65549,51.54812],[0.65399,51.54836],[0.65304,51.54852],[0.65137,51.54866],[0.64909,51.5486],[0.64815,51.54866],[0.64652,51.54863],[0.64755,51.5509],[0.64776,51.55325],[0.64789,51.55474],[0.64622,51.55511],[0.64497,51.55567],[0.64459,51.55712],[0.64528,51.55813],[0.64678,51.55845],[0.64339,51.56002],[0.64223,51.55952],[0.6406,51.55922],[0.63927,51.55978],[0.63695,51.56058],[0.63566,51.56128],[0.63562,51.56277],[0.63472,51.56552],[0.63399,51.56595],[0.63459,51.56672],[0.63519,51.56725],[0.63489,51.56877],[0.63429,51.56957],[0.63274,51.56976],[0.63077,51.57003],[0.63008,51.57021],[0.63025,51.57045],[0.63077,51.57077],[0.63292,51.57032],[0.63708,51.56843],[0.64849,51.56381]]],[[[0.64377,51.57491],[0.64532,51.57406],[0.64613,51.5748],[0.64669,51.57438],[0.64622,51.57382],[0.64716,51.57331],[0.64867,51.57299],[0.64935,51.57342],[0.65253,51.57299],[0.6542,51.57283],[0.65708,51.57286],[0.65897,51.57275],[0.66077,51.57256],[0.6621,51.57232],[0.66253,51.57168],[0.66442,51.57166],[0.66562,51.57182],[0.66592,51.57142],[0.66772,51.57104],[0.67085,51.57134],[0.67227,51.57152],[0.67416,51.57088],[0.67527,51.56995],[0.67592,51.56848],[0.67613,51.56784],[0.67609,51.56755],[0.67635,51.56672],[0.67506,51.56659],[0.67441,51.56648],[0.67454,51.56544],[0.67403,51.56504],[0.67304,51.56456],[0.67218,51.56421],[0.6718,51.56381],[0.67128,51.56355],[0.67042,51.56339],[0.66828,51.56336],[0.66579,51.56309],[0.66381,51.56288],[0.66103,51.56296],[0.65905,51.56296],[0.65699,51.56317],[0.6521,51.56355],[0.64961,51.56405],[0.64858,51.56421],[0.64867,51.56477],[0.64845,51.56597],[0.64703,51.56731],[0.64626,51.56829],[0.6457,51.56803],[0.64545,51.56771],[0.64519,51.56739],[0.64497,51.56704],[0.64489,51.56677],[0.64476,51.56624],[0.64437,51.56608],[0.64377,51.56613],[0.64279,51.56643],[0.64141,51.56683],[0.63995,51.56752],[0.63841,51.56827],[0.63656,51.56923],[0.63472,51.57005],[0.63322,51.57064],[0.63532,51.57456],[0.63532,51.57499],[0.63669,51.57611],[0.63918,51.57704],[0.64051,51.57862],[0.64322,51.57755],[0.6445,51.5772],[0.6448,51.5759],[0.64377,51.57491]]]]}},{"type":"Feature","properties":{"source_code":"F81046","codes":["F81046"],"label":"DR KRISHNAN & PTNR - KENT ELMS HC"},"geometry":{"type":"Polygon","coordinates":[[[0.65628,51.57314],[0.66963,51.57195],[0.67523,51.57255],[0.67544,51.57025],[0.67575,51.56936],[0.68068,51.56933],[0.68152,51.56693],[0.67873,51.56675],[0.68373,51.55965],[0.68265,51.55357],[0.66695,51.55397],[0.66686,51.55638],[0.6569,51.56035],[0.64892,51.55909],[0.65087,51.56291],[0.64444,51.56569],[0.6418,51.56664],[0.64268,51.56793],[0.64399,51.57093],[0.64231,51.57143],[0.64551,51.5745],[0.64581,51.57424],[0.65628,51.57314]]]}},{"type":"Feature","properties":{"source_code":"F81744","codes":["F81744"],"label":"SCOTT PARK SURGERY"},"geometry":{"type":"MultiPolygon","coordinates":[[[[0.63779,51.57671],[0.6378,51.57672],[0.63779,51.57671],[0.63779,51.57671]]],[[[0.63779,51.57671],[0.63778,51.57671],[0.63774,51.57672],[0.63779,51.57671]]],[[[0.64173,51.57637],[0.64343,51.57574],[0.64392,51.57558],[0.64426,51.57545],[0.6448,51.5752],[0.64511,51.57513],[0.64542,51.57502],[0.64604,51.57487],[0.6463,51.57455],[0.64663,51.57428],[0.64829,51.57388],[0.64831,51.57387],[0.64834,51.57386],[0.64836,51.57386],[0.64837,51.57386],[0.64838,51.57385],[0.64992,51.57346],[0.65065,51.57326],[0.65101,51.57319],[0.65155,51.57311],[0.65156,51.57311],[0.65157,51.57311],[0.6516,51.57311],[0.65164,51.57311],[0.65166,51.5731],[0.65169,51.5731],[0.65173,51.5731],[0.65183,51.5731],[0.65182,51.5731],[0.65182,51.57309],[0.65185,51.5731],[0.65187,51.5731],[0.65192,51.57311],[0.65202,51.57311],[0.65206,51.57311],[0.65207,51.57311],[0.65208,51.57311],[0.65209,51.57311],[0.65211,51.57311],[0.65356,51.57303],[0.65494,51.57291],[0.65639,51.573],[0.65749,51.57307],[0.65858,51.57304],[0.6607,51.57286],[0.66203,51.57251],[0.66266,51.57183],[0.66506,51.57196],[0.66645,51.572],[0.66767,51.57196],[0.66879,51.57214],[0.67137,51.57235],[0.6733,51.57238],[0.67523,51.57246],[0.67537,51.56994],[0.67778,51.56976],[0.6802,51.56942],[0.68087,51.5693],[0.68149,51.56901],[0.68317,51.56861],[0.68333,51.56824],[0.68336,51.56779],[0.6824,51.56752],[0.6809,51.56725],[0.68022,51.56709],[0.67951,51.56694],[0.67863,51.56683],[0.67775,51.56667],[0.6772,51.56664],[0.67667,51.56661],[0.67614,51.56661],[0.67563,51.56661],[0.6752,51.56659],[0.67422,51.56658],[0.67421,51.56576],[0.67328,51.56525],[0.67282,51.56457],[0.67254,51.56385],[0.67156,51.56345],[0.67069,51.56339],[0.66819,51.56337],[0.66699,51.56328],[0.66586,51.56312],[0.66483,51.56297],[0.66382,51.5629],[0.66294,51.56286],[0.66193,51.56299],[0.65969,51.56317],[0.6586,51.56319],[0.65755,51.56328],[0.65553,51.56349],[0.65334,51.56364],[0.65059,51.56392],[0.64921,51.56414],[0.64779,51.5645],[0.64463,51.56567],[0.64386,51.56587],[0.64312,51.56618],[0.64248,51.56651],[0.64166,51.56705],[0.63695,51.56917],[0.6363,51.56952],[0.63601,51.56964],[0.63664,51.57046],[0.63689,51.57102],[0.63722,51.57157],[0.63819,51.5734],[0.63693,51.57406],[0.63636,51.57433],[0.63557,51.57472],[0.63521,51.57487],[0.63528,51.57496],[0.6354,51.57508],[0.63634,51.57588],[0.63656,51.57608],[0.63694,51.57638],[0.63733,51.57656],[0.63778,51.57671],[0.63779,51.57671],[0.63782,51.57671],[0.63782,51.57671],[0.63782,51.57671],[0.63783,51.57671],[0.63784,51.57671],[0.63797,51.5768],[0.63812,51.57684],[0.63834,51.57688],[0.63883,51.57704],[0.6391,51.5771],[0.63924,51.57717],[0.63933,51.57715],[0.63958,51.5771],[0.64026,51.57686],[0.64077,51.5767],[0.64125,51.57655],[0.64173,51.57637]]]]}},{"type":"Feature","properties":{"source_code":"G82114","codes":["G82114"],"label":"IVY COURT SURGERY"},"geometry":{"type":"Polygon","coordinates":[[[0.64344,51.10686],[0.64369,51.10678],[0.64372,51.10735],[0.64344,51.10686],[0.63698,51.10894],[0.63213,51.11163],[0.6286,51.11371],[0.63052,51.11539],[0.63518,51.11729],[0.64022,51.11775],[0.64342,51.11797],[0.64352,51.11968],[0.64643,51.12277],[0.64794,51.12532],[0.65286,51.12377],[0.65878,51.12364],[0.66252,51.12527],[0.66609,51.12405],[0.66929,51.12426],[0.66934,51.12512],[0.67202,51.1242],[0.67431,51.12443],[0.67686,51.12122],[0.67767,51.11948],[0.67942,51.11829],[0.68069,51.11654],[0.68108,51.11539],[0.68374,51.11418],[0.68615,51.11642],[0.68945,51.11835],[0.69546,51.11993],[0.7004,51.11867],[0.70357,51.11831],[0.70679,51.11881],[0.71061,51.12188],[0.71757,51.12401],[0.72406,51.12586],[0.72775,51.12664],[0.73139,51.12655],[0.73506,51.12704],[0.74052,51.12691],[0.7474,51.12761],[0.75152,51.12809],[0.75618,51.1297],[0.75933,51.12905],[0.78006,51.12045],[0.75299,51.12203],[0.7499,51.11608],[0.74697,51.11271],[0.74302,51.10764],[0.74043,51.10226],[0.74166,51.09994],[0.74733,51.09579],[0.75491,51.09303],[0.76523,51.09049],[0.77388,51.09057],[0.77521,51.08997],[0.77457,51.08683],[0.7735,51.08427],[0.77118,51.08347],[0.77108,51.08175],[0.77375,51.08083],[0.77365,51.07911],[0.7722,51.07771],[0.77526,51.07563],[0.77869,51.07211],[0.78348,51.06856],[0.78964,51.06497],[0.79268,51.0626],[0.7952,51.0591],[0.79543,51.05537],[0.7907,51.05233],[0.78598,51.04957],[0.78265,51.04707],[0.78526,51.045],[0.78512,51.04271],[0.78711,51.03808],[0.78834,51.03576],[0.78983,51.03027],[0.79102,51.02738],[0.78498,51.02523],[0.78144,51.01929],[0.7774,51.01251],[0.77376,51.00485],[0.77083,51.00148],[0.75492,51.00128],[0.73588,51.00202],[0.71319,51.00255],[0.69638,51.00265],[0.6928,51.00359],[0.68009,51.00388],[0.65883,51.00552],[0.63126,51.00815],[0.61824,51.01102],[0.61601,51.01165],[0.61147,51.01175],[0.60017,51.01286],[0.59311,51.01674],[0.58567,51.02178],[0.58528,51.02294],[0.58245,51.02931],[0.58305,51.03187],[0.58407,51.03386],[0.58695,51.03666],[0.58753,51.03894],[0.58398,51.04045],[0.58083,51.0411],[0.57953,51.04227],[0.5792,51.04457],[0.57936,51.04744],[0.57637,51.05094],[0.5729,51.05389],[0.5721,51.05591],[0.57539,51.05785],[0.57645,51.0604],[0.57427,51.06217],[0.57446,51.06561],[0.57642,51.06814],[0.57846,51.07211],[0.57959,51.0761],[0.57746,51.07873],[0.58159,51.07921],[0.58758,51.08051],[0.59124,51.081],[0.59681,51.08289],[0.60048,51.08338],[0.60277,51.08362],[0.60465,51.08472],[0.61024,51.08689],[0.61805,51.08815],[0.62641,51.09111],[0.63341,51.09411],[0.63722,51.09718],[0.63917,51.09943],[0.64344,51.10686]]]}},{"type":"Feature","properties":{"source_code":"F81207","codes":["F81207"],"label":"WESTCLIFF MEDICAL CENTRE"},"geometry":{"type":"Polygon","coordinates":[[[0.71686,51.5331],[0.70501,51.5332],[0.69231,51.53512],[0.68253,51.53598],[0.6772,51.53715],[0.67583,51.53822],[0.67635,51.54004],[0.67789,51.54249],[0.67892,51.54516],[0.67909,51.54794],[0.67892,51.55018],[0.68132,51.54922],[0.68476,51.54868],[0.68819,51.54815],[0.69145,51.54794],[0.69471,51.54762],[0.69746,51.5474],[0.70021,51.54719],[0.70278,51.54698],[0.70433,51.54591],[0.70536,51.54463],[0.70656,51.54345],[0.70776,51.54196],[0.70913,51.54004],[0.71033,51.53843],[0.71239,51.53662],[0.71428,51.53523],[0.71617,51.53406],[0.71686,51.5331]]]}},{"type":"Feature","properties":{"source_code":"F81097","codes":["F81097"],"label":"THE VALKYRIE SURGERY"},"geometry":{"type":"Polygon","coordinates":[[[0.70108,51.54701],[0.70107,51.54703],[0.70095,51.54696],[0.70038,51.54676],[0.69746,51.54511],[0.69669,51.54185],[0.69763,51.54511],[0.70095,51.54696],[0.70108,51.54701],[0.70252,51.54313],[0.70244,51.54121],[0.70124,51.54009],[0.69798,51.53539],[0.69686,51.53436],[0.69695,51.53432],[0.69684,51.53433],[0.69677,51.53427],[0.69533,51.53452],[0.67763,51.53673],[0.66124,51.53982],[0.65472,51.5395],[0.65,51.54084],[0.64528,51.54148],[0.64631,51.54756],[0.64682,51.5547],[0.64665,51.55477],[0.65678,51.55978],[0.6657,51.56299],[0.68356,51.56021],[0.70107,51.5568],[0.70244,51.55082],[0.70518,51.54847],[0.70108,51.54701]]]}},{"type":"Feature","properties":{"source_code":"F81092","codes":["F81092"],"label":"DR SOORIAKUMARAN"},"geometry":{"type":"Polygon","coordinates":[[[0.70767,51.55658],[0.70913,51.55413],[0.69879,51.55413],[0.69465,51.55549],[0.68879,51.55621],[0.69025,51.55936],[0.68064,51.5608],[0.68072,51.57115],[0.70518,51.56981],[0.70544,51.56288],[0.70617,51.55968],[0.70767,51.55658]]]}},{"type":"Feature","properties":{"source_code":"F81164","codes":["F81164"],"label":"WEST ROAD SURGERY"},"geometry":{"type":"MultiPolygon","coordinates":[[[[0.68693,51.53563],[0.68691,51.53562],[0.68691,51.53563],[0.68693,51.53563]]],[[[0.68417,51.55961],[0.68419,51.55962],[0.68423,51.55961],[0.6842,51.5596],[0.68417,51.55961]]],[[[0.68417,51.55961],[0.68415,51.55959],[0.68413,51.55955],[0.68701,51.55968],[0.68934,51.55941],[0.69023,51.55926],[0.69171,51.55905],[0.69458,51.55861],[0.69574,51.55837],[0.69572,51.55835],[0.6957,51.55831],[0.6958,51.55829],[0.69577,51.55827],[0.69542,51.55722],[0.69494,51.55612],[0.69395,51.55423],[0.6936,51.55267],[0.69691,51.55267],[0.69797,51.55203],[0.69834,51.55123],[0.6985,51.55003],[0.69974,51.54986],[0.6998,51.54986],[0.69978,51.5498],[0.70124,51.54704],[0.70203,51.54737],[0.7024,51.54689],[0.70285,51.54604],[0.70201,51.54575],[0.7024,51.54427],[0.70235,51.54353],[0.7024,51.54277],[0.70265,51.54006],[0.70537,51.54046],[0.70594,51.53889],[0.70596,51.53659],[0.70345,51.53472],[0.70047,51.53488],[0.70049,51.53488],[0.70054,51.53491],[0.69896,51.53515],[0.69819,51.53504],[0.6942,51.53495],[0.69025,51.53541],[0.68813,51.53558],[0.68693,51.53563],[0.68695,51.53564],[0.68696,51.53564],[0.68697,51.53565],[0.68695,51.53564],[0.68668,51.53568],[0.68631,51.53569],[0.6859,51.53567],[0.68554,51.53557],[0.6856,51.53559],[0.68565,51.53562],[0.68556,51.5356],[0.68551,51.53557],[0.6853,51.53557],[0.68512,51.53558],[0.68233,51.53577],[0.68227,51.53564],[0.68217,51.5356],[0.68214,51.53572],[0.68054,51.53586],[0.68051,51.53587],[0.67169,51.53794],[0.67275,51.53998],[0.67075,51.54236],[0.67024,51.54344],[0.67399,51.54305],[0.67275,51.54586],[0.67263,51.5484],[0.67194,51.55123],[0.67075,51.55356],[0.67432,51.55414],[0.67439,51.55408],[0.67435,51.55588],[0.67102,51.5568],[0.67126,51.55889],[0.66818,51.55985],[0.66836,51.56143],[0.66836,51.5614],[0.66836,51.56145],[0.66836,51.56143],[0.66823,51.56316],[0.67132,51.56334],[0.67424,51.56245],[0.67609,51.56189],[0.67836,51.5613],[0.68417,51.55961]]]]}},{"type":"Feature","properties":{"source_code":"F81147","codes":["F81147"],"label":"DR NAVIN KUMAR"},"geometry":{"type":"MultiPolygon","coordinates":[[[[0.76782,51.52673],[0.76788,51.52669],[0.7677,51.52672],[0.76772,51.52679],[0.76784,51.52671],[0.76782,51.52673]]],[[[0.76782,51.52673],[0.76772,51.52679],[0.76773,51.52682],[0.76782,51.52673]]],[[[0.76772,51.52679],[0.76772,51.52679],[0.76766,51.52683],[0.76772,51.52679]]],[[[0.75593,51.53438],[0.74072,51.53097],[0.74072,51.53097],[0.75592,51.53439],[0.75593,51.53438]]],[[[0.75632,51.53448],[0.75592,51.53439],[0.75582,51.53445],[0.75623,51.53454],[0.75632,51.53448]]],[[[0.76006,51.53531],[0.75633,51.53447],[0.75632,51.53448],[0.76005,51.53532],[0.76006,51.53531]]],[[[0.7768,51.53641],[0.77694,51.53636],[0.77625,51.53641],[0.7768,51.53641]]],[[[0.7768,51.53641],[0.76808,51.53963],[0.77178,51.53801],[0.77213,51.53795],[0.77209,51.53788],[0.77238,51.53775],[0.77199,51.53771],[0.77073,51.5355],[0.76773,51.52682],[0.76754,51.52701],[0.76651,51.52815],[0.76629,51.52776],[0.76766,51.52683],[0.76627,51.52773],[0.76604,51.52733],[0.76619,51.52778],[0.75593,51.53438],[0.75633,51.53447],[0.76621,51.52781],[0.76637,51.5283],[0.76006,51.53531],[0.76939,51.5374],[0.76939,51.53742],[0.76005,51.53532],[0.76,51.53537],[0.76933,51.53742],[0.76859,51.53741],[0.75964,51.53592],[0.75865,51.53731],[0.75859,51.53731],[0.75977,51.53563],[0.76,51.53537],[0.75623,51.53454],[0.74556,51.54174],[0.74571,51.54212],[0.74529,51.54123],[0.75582,51.53445],[0.74048,51.53108],[0.74045,51.53101],[0.74072,51.53097],[0.74039,51.5309],[0.74039,51.5309],[0.74072,51.53097],[0.7677,51.52672],[0.76758,51.52637],[0.74037,51.53085],[0.74012,51.53032],[0.73997,51.5308],[0.7396,51.53072],[0.73997,51.5308],[0.73993,51.53092],[0.7399,51.53093],[0.73991,51.53098],[0.73977,51.53144],[0.73969,51.53267],[0.73986,51.53347],[0.74038,51.53416],[0.74063,51.53486],[0.74003,51.53849],[0.7396,51.53934],[0.73909,51.5402],[0.73857,51.54105],[0.73823,51.54142],[0.73797,51.54292],[0.73729,51.54431],[0.73711,51.54516],[0.739,51.54516],[0.73913,51.54519],[0.73905,51.54524],[0.7384,51.54524],[0.74029,51.54545],[0.74089,51.54559],[0.74149,51.54559],[0.74291,51.54575],[0.74334,51.54583],[0.74331,51.54569],[0.7445,51.54591],[0.74587,51.54634],[0.74776,51.54644],[0.7477,51.54631],[0.75175,51.54671],[0.75115,51.54695],[0.75063,51.54724],[0.75681,51.54455],[0.75709,51.54457],[0.75737,51.54447],[0.75788,51.54435],[0.75902,51.54431],[0.75937,51.54415],[0.75979,51.54409],[0.76085,51.54401],[0.76286,51.54367],[0.76372,51.54377],[0.76449,51.54377],[0.76638,51.54356],[0.76836,51.54335],[0.76973,51.54372],[0.77179,51.54425],[0.77273,51.54431],[0.77419,51.54457],[0.77505,51.54463],[0.77651,51.54468],[0.7778,51.54479],[0.77823,51.54436],[0.77874,51.54345],[0.77891,51.54271],[0.77909,51.54212],[0.77917,51.54158],[0.77926,51.54068],[0.77943,51.5402],[0.7796,51.5395],[0.77994,51.53875],[0.78012,51.53785],[0.78012,51.5371],[0.78012,51.53614],[0.77994,51.53555],[0.77926,51.53593],[0.77874,51.53625],[0.7778,51.53641],[0.77711,51.53641],[0.7768,51.53641]]],[[[0.75865,51.53732],[0.75209,51.54652],[0.75858,51.53731],[0.75865,51.53732]]],[[[0.71445,51.55077],[0.71634,51.54634],[0.7184,51.541],[0.7172,51.53843],[0.71257,51.53801],[0.70381,51.53705],[0.69918,51.53651],[0.696,51.53758],[0.69441,51.5379],[0.69334,51.53865],[0.69059,51.53993],[0.69162,51.54142],[0.69231,51.5426],[0.69317,51.54335],[0.69265,51.54431],[0.69266,51.54436],[0.69218,51.54409],[0.69227,51.54463],[0.69227,51.54535],[0.6924,51.54583],[0.69222,51.54631],[0.6924,51.5466],[0.69248,51.54714],[0.69257,51.54767],[0.6924,51.54831],[0.69257,51.54874],[0.69265,51.54916],[0.69265,51.54959],[0.69274,51.55002],[0.69377,51.54991],[0.69463,51.5497],[0.69549,51.5498],[0.69567,51.54975],[0.70081,51.55014],[0.70107,51.55023],[0.70184,51.55039],[0.70252,51.55055],[0.70364,51.55093],[0.70484,51.55135],[0.70356,51.55061],[0.70536,51.55125],[0.70724,51.5521],[0.70836,51.55359],[0.71548,51.55375],[0.71445,51.55077]]]]}},{"type":"Feature","properties":{"source_code":"F81159","codes":["F81159"],"label":"SOUTHEND MEDICAL CENTRE"},"geometry":{"type":"MultiPolygon","coordinates":[[[[0.72861,51.53102],[0.72917,51.53093],[0.7287,51.53099],[0.72861,51.53102]]],[[[0.73248,51.53069],[0.73218,51.53045],[0.73188,51.53048],[0.73016,51.53085],[0.72939,51.53091],[0.72604,51.54014],[0.7275,51.54022],[0.72797,51.54025],[0.729,51.54025],[0.73076,51.54046],[0.73123,51.54057],[0.73162,51.54065],[0.73166,51.54036],[0.73184,51.53921],[0.73201,51.53835],[0.73201,51.53809],[0.73192,51.53713],[0.73218,51.53619],[0.73244,51.53475],[0.73256,51.53278],[0.73256,51.53219],[0.73261,51.53144],[0.73248,51.53069]]],[[[0.68029,51.54978],[0.69283,51.54385],[0.69197,51.54401],[0.69051,51.54447],[0.68707,51.54513],[0.68514,51.5454],[0.68321,51.54564],[0.67969,51.5458],[0.68029,51.54978]]],[[[0.72861,51.53102],[0.72655,51.53135],[0.67978,51.53619],[0.6925,51.53734],[0.6925,51.53735],[0.6924,51.53745],[0.69248,51.53771],[0.69283,51.53841],[0.69297,51.53858],[0.69296,51.53804],[0.6942,51.5399],[0.69483,51.54049],[0.69463,51.54033],[0.69416,51.53988],[0.69381,51.53956],[0.69351,51.53932],[0.69317,51.53881],[0.69297,51.53858],[0.69304,51.54398],[0.68321,51.55936],[0.72081,51.55487],[0.72922,51.53107],[0.72807,51.53119],[0.72814,51.53117],[0.72861,51.53102]]]]}},{"type":"Feature","properties":{"source_code":"F81081","codes":["F81081"],"label":"THE QUEENSWAY SURGERY"},"geometry":{"type":"Polygon","coordinates":[[[0.77561,51.57851],[0.85402,51.5553],[0.78696,51.52049],[0.76865,51.52498],[0.76885,51.53376],[0.76808,51.53069],[0.76853,51.52586],[0.67652,51.53598],[0.6775,51.53918],[0.67798,51.5411],[0.67892,51.54321],[0.68038,51.54511],[0.67893,51.5515],[0.67635,51.53609],[0.63995,51.54014],[0.64545,51.58454],[0.66356,51.59232],[0.77561,51.57851]],[[0.69229,51.56804],[0.69805,51.5679],[0.70032,51.56787],[0.68218,51.57088],[0.68201,51.56989],[0.69229,51.56804]],[[0.70518,51.56479],[0.70521,51.56457],[0.70596,51.56693],[0.70508,51.56708],[0.70501,51.5663],[0.70518,51.56479]],[[0.72138,51.55774],[0.71218,51.55438],[0.71314,51.55445],[0.71685,51.55434],[0.71984,51.55485],[0.72225,51.55484],[0.72474,51.55461],[0.72597,51.55443],[0.72661,51.55376],[0.72759,51.55337],[0.72865,51.55323],[0.73827,51.55245],[0.74114,51.55222],[0.74368,51.55176],[0.74035,51.55356],[0.72762,51.55438],[0.72138,51.55774]],[[0.71123,51.55431],[0.70833,51.55513],[0.70865,51.5548],[0.70874,51.55377],[0.71123,51.55431]],[[0.70529,51.55599],[0.70171,51.557],[0.70179,51.55672],[0.70287,51.55625],[0.70446,51.55606],[0.70529,51.55599]],[[0.76331,51.54401],[0.76727,51.54368],[0.76908,51.54391],[0.76912,51.5459],[0.75972,51.54448],[0.76331,51.54401]]]}},{"type":"Feature","properties":{"source_code":"F81656","codes":["F81656"],"label":"WARRIOR SQUARE SURGERY"},"geometry":{"type":"MultiPolygon","coordinates":[[[[0.75386,51.53006],[0.75374,51.52985],[0.75387,51.53013],[0.75386,51.53006]]],[[[0.75386,51.53005],[0.75386,51.53006],[0.75401,51.53031],[0.75406,51.53031],[0.75386,51.53005]]],[[[0.70219,51.54742],[0.70216,51.54739],[0.70219,51.54746],[0.70219,51.54742]]],[[[0.75401,51.53031],[0.75396,51.53032],[0.75409,51.5306],[0.75392,51.53033],[0.75396,51.53032],[0.75387,51.53013],[0.75387,51.53016],[0.75359,51.52964],[0.75338,51.52933],[0.75284,51.52942],[0.75143,51.52962],[0.74507,51.5303],[0.73876,51.53],[0.73724,51.52993],[0.73572,51.5299],[0.734,51.53006],[0.73228,51.53027],[0.7303,51.53056],[0.7292,51.53089],[0.72662,51.53178],[0.72382,51.53258],[0.72267,51.53281],[0.72031,51.53298],[0.71851,51.5331],[0.71779,51.53312],[0.7171,51.53306],[0.71687,51.53325],[0.71653,51.53337],[0.71591,51.53353],[0.71483,51.53385],[0.71449,51.534],[0.71406,51.53404],[0.71344,51.53402],[0.71285,51.53402],[0.71226,51.53399],[0.71165,51.53402],[0.7103,51.53424],[0.70853,51.53435],[0.70707,51.53441],[0.70558,51.5345],[0.70398,51.53459],[0.70241,51.53467],[0.70075,51.5348],[0.69994,51.53499],[0.69923,51.53519],[0.69821,51.53512],[0.69798,51.53526],[0.69836,51.53574],[0.69854,51.53596],[0.69864,51.53609],[0.69877,51.53615],[0.6987,51.53617],[0.69882,51.53621],[0.69877,51.53627],[0.69901,51.53656],[0.69948,51.53705],[0.69979,51.53748],[0.70017,51.538],[0.70041,51.53845],[0.70053,51.5387],[0.70063,51.53886],[0.70072,51.53903],[0.70078,51.53925],[0.70083,51.5394],[0.70087,51.53948],[0.70098,51.53962],[0.70116,51.54],[0.70133,51.54015],[0.70142,51.54028],[0.70156,51.5404],[0.70175,51.54057],[0.70225,51.54101],[0.70235,51.54138],[0.70229,51.54172],[0.70242,51.54219],[0.70233,51.54265],[0.70229,51.5428],[0.70235,51.54288],[0.7024,51.54292],[0.70231,51.54295],[0.7024,51.54312],[0.70229,51.54324],[0.70229,51.5436],[0.70237,51.54391],[0.70229,51.54448],[0.70214,51.54488],[0.70216,51.5452],[0.70203,51.54528],[0.70195,51.54541],[0.70201,51.54556],[0.70202,51.54574],[0.70208,51.54588],[0.70237,51.54594],[0.7026,51.54598],[0.70292,51.54603],[0.70278,51.54623],[0.70266,51.54646],[0.70223,51.54709],[0.70217,51.5472],[0.70219,51.54742],[0.70225,51.54748],[0.70231,51.5475],[0.70301,51.54768],[0.70379,51.54794],[0.705,51.54838],[0.70332,51.55072],[0.70241,51.55197],[0.70137,51.5532],[0.70111,51.55447],[0.70117,51.55539],[0.70129,51.55595],[0.70136,51.55636],[0.70236,51.55616],[0.70352,51.55604],[0.70561,51.55582],[0.70722,51.55562],[0.70821,51.55529],[0.70834,51.55445],[0.70829,51.55393],[0.70849,51.55373],[0.70876,51.55361],[0.70972,51.55372],[0.71043,51.55389],[0.71117,51.55407],[0.71194,51.55421],[0.71289,51.55421],[0.71367,51.55415],[0.71429,51.55415],[0.71506,51.55405],[0.71599,51.55405],[0.71726,51.55405],[0.71983,51.55455],[0.72247,51.55462],[0.7245,51.55435],[0.72626,51.55379],[0.72686,51.55329],[0.72823,51.55298],[0.73038,51.55283],[0.73287,51.55259],[0.73741,51.55221],[0.74071,51.55206],[0.74251,51.55185],[0.74384,51.55139],[0.74611,51.55009],[0.74835,51.54884],[0.75071,51.5475],[0.75251,51.54651],[0.75368,51.54584],[0.75459,51.54518],[0.75501,51.5442],[0.75543,51.54341],[0.75587,51.54277],[0.75618,51.54224],[0.75643,51.54168],[0.75685,51.54096],[0.75701,51.54058],[0.75744,51.5398],[0.75763,51.53944],[0.75769,51.53912],[0.7577,51.53886],[0.75755,51.53858],[0.75724,51.53826],[0.75687,51.53802],[0.75661,51.53771],[0.75628,51.5371],[0.75593,51.53638],[0.75597,51.53565],[0.75607,51.53473],[0.75609,51.53386],[0.75546,51.53304],[0.75513,51.53224],[0.7546,51.53153],[0.75439,51.53111],[0.75428,51.5308],[0.75424,51.53072],[0.75401,51.53031]]]]}},{"type":"Feature","properties":{"source_code":"G82634","codes":["G82634"],"label":"THE MEADS MEDICAL PRACTICE"},"geometry":{"type":"MultiPolygon","coordinates":[[[[0.71585,51.36159],[0.71572,51.36165],[0.71595,51.36158],[0.71585,51.36159]]],[[[0.71484,51.36161],[0.71424,51.36188],[0.71474,51.36178],[0.71484,51.36161]]],[[[0.7269,51.32583],[0.72417,51.32543],[0.72281,51.32587],[0.72543,51.32588],[0.72272,51.3259],[0.72249,51.32597],[0.72125,51.3261],[0.71958,51.32594],[0.71795,51.32604],[0.71687,51.32593],[0.72272,51.3259],[0.72281,51.32587],[0.7145,51.32583],[0.71269,51.32576],[0.70971,51.3269],[0.70731,51.32767],[0.70549,51.3263],[0.70483,51.32656],[0.70468,51.32627],[0.70297,51.32709],[0.70311,51.3269],[0.70338,51.32658],[0.70263,51.32658],[0.70158,51.32648],[0.70131,51.3263],[0.69863,51.32769],[0.69536,51.32785],[0.69358,51.32956],[0.69106,51.33099],[0.68638,51.33126],[0.68764,51.33224],[0.68613,51.33378],[0.68708,51.33644],[0.68745,51.34046],[0.68789,51.34338],[0.69005,51.34593],[0.69073,51.34834],[0.69146,51.3495],[0.69465,51.35135],[0.6951,51.3521],[0.69614,51.354],[0.69601,51.35667],[0.69714,51.35837],[0.69652,51.36006],[0.69939,51.36236],[0.70301,51.36372],[0.70574,51.36472],[0.70925,51.36423],[0.71152,51.36297],[0.71311,51.36214],[0.71402,51.36186],[0.71491,51.36149],[0.71484,51.36161],[0.71511,51.36149],[0.71491,51.36174],[0.71532,51.36162],[0.71585,51.36159],[0.71718,51.36094],[0.71893,51.36282],[0.72338,51.36444],[0.72423,51.36746],[0.72666,51.36915],[0.72375,51.37157],[0.7227,51.37344],[0.7173,51.37636],[0.72098,51.37852],[0.72321,51.38028],[0.72576,51.38384],[0.74572,51.38168],[0.74866,51.38153],[0.75343,51.38066],[0.75565,51.37977],[0.75761,51.37897],[0.75615,51.37465],[0.75441,51.37033],[0.75344,51.36977],[0.75196,51.36955],[0.75296,51.36844],[0.75207,51.36703],[0.75042,51.36623],[0.75135,51.36387],[0.75183,51.36075],[0.74934,51.35712],[0.74794,51.35397],[0.74678,51.35241],[0.74456,51.35103],[0.74182,51.35001],[0.73904,51.34831],[0.73643,51.34712],[0.73484,51.34514],[0.73485,51.34305],[0.7372,51.34215],[0.74058,51.34082],[0.74049,51.33966],[0.73926,51.33729],[0.73789,51.33568],[0.73557,51.33498],[0.73353,51.33227],[0.73119,51.33027],[0.73015,51.33003],[0.72954,51.32906],[0.72857,51.32722],[0.72737,51.32591],[0.7269,51.32583]]]]}},{"type":"Feature","properties":{"source_code":"G82093","codes":["G82093"],"label":"LEN VALLEY PRACTICE"},"geometry":{"type":"Polygon","coordinates":[[[0.76201,51.29236],[0.795,51.29126],[0.81566,51.29328],[0.82726,51.29457],[0.8447,51.29321],[0.85459,51.29108],[0.86158,51.28274],[0.89647,51.27881],[0.89186,51.27249],[0.89136,51.26617],[0.89141,51.25622],[0.89039,51.25157],[0.88838,51.24764],[0.88844,51.2394],[0.88648,51.23633],[0.88847,51.22882],[0.89686,51.22489],[0.89448,51.21866],[0.88906,51.21589],[0.88138,51.2145],[0.87007,51.2126],[0.85721,51.21014],[0.85603,51.20123],[0.85345,51.19187],[0.85118,51.18753],[0.84888,51.18256],[0.8432,51.17956],[0.83849,51.17621],[0.83289,51.17447],[0.8283,51.17301],[0.81649,51.16764],[0.80379,51.16418],[0.78854,51.15983],[0.77153,51.15929],[0.76499,51.15851],[0.74857,51.15952],[0.7376,51.15978],[0.72986,51.16404],[0.71162,51.16823],[0.70734,51.17179],[0.68819,51.17757],[0.65113,51.1847],[0.64382,51.188],[0.62018,51.19419],[0.60023,51.20374],[0.59163,51.21084],[0.59202,51.21774],[0.58919,51.22974],[0.58603,51.23577],[0.58224,51.23962],[0.57278,51.24046],[0.57079,51.2405],[0.56489,51.24252],[0.56281,51.2501],[0.56216,51.2564],[0.56225,51.25796],[0.56051,51.26271],[0.55919,51.26588],[0.55933,51.26839],[0.55743,51.27032],[0.55916,51.27436],[0.55895,51.2797],[0.56515,51.28302],[0.57032,51.28605],[0.57238,51.28695],[0.5744,51.28722],[0.58286,51.2864],[0.58379,51.28512],[0.59362,51.28177],[0.60087,51.27721],[0.60632,51.27615],[0.61954,51.27083],[0.62986,51.26745],[0.63716,51.26384],[0.64169,51.26436],[0.64137,51.26751],[0.65213,51.27166],[0.65832,51.27498],[0.66517,51.28079],[0.66589,51.28454],[0.67264,51.28878],[0.67985,51.29207],[0.68462,51.29667],[0.68673,51.29851],[0.68616,51.29727],[0.7131,51.29539],[0.73659,51.29453],[0.76201,51.29236]]]}},{"type":"Feature","properties":{"source_code":"G81085","codes":["G81085"],"label":"FERRY ROAD HEALTH CENTRE"},"geometry":{"type":"Polygon","coordinates":[[[0.85831,51.00684],[0.79376,50.93377],[0.69969,50.8948],[0.67909,50.88874],[0.65231,50.91732],[0.59807,50.95064],[0.65369,50.98307],[0.85831,51.00684]]]}},{"type":"Feature","properties":{"source_code":"G81051","codes":["G81051"],"label":"RYE MEDICAL CENTRE"},"geometry":{"type":"Polygon","coordinates":[[[0.78861,51.02952],[0.84492,51.00209],[0.85264,50.93528],[0.82904,50.92717],[0.7891,50.93346],[0.7725,50.92849],[0.7187,50.90845],[0.68936,50.91224],[0.68939,50.91158],[0.71875,50.90839],[0.62897,50.90855],[0.59635,50.93344],[0.57541,50.95475],[0.59721,50.95908],[0.63043,50.98334],[0.63858,50.9874],[0.64819,50.98939],[0.65343,50.99361],[0.65738,50.99798],[0.66356,50.99966],[0.68467,51.01462],[0.6847,51.01402],[0.68802,51.03146],[0.78861,51.02952]]]}},{"type":"Feature","properties":{"source_code":"Y02177","codes":["Y02177"],"label":"THE PRACTICE NORTHUMBERLAND AVENUE"},"geometry":{"type":"MultiPolygon","coordinates":[[[[0.77016,51.5528],[0.76817,51.55295],[0.77831,51.55295],[0.77016,51.5528]]],[[[0.76817,51.55295],[0.76664,51.55295],[0.76252,51.55338],[0.76817,51.55295]]],[[[0.68055,51.53622],[0.68566,51.54118],[0.68828,51.54457],[0.69077,51.54433],[0.69205,51.55023],[0.70287,51.55087],[0.70192,51.55637],[0.7021,51.56619],[0.72235,51.56533],[0.75497,51.55829],[0.76115,51.55317],[0.76698,51.55274],[0.77016,51.5528],[0.77934,51.5521],[0.77866,51.54463],[0.78106,51.53053],[0.77763,51.52327],[0.75531,51.52968],[0.73505,51.52989],[0.72201,51.53203],[0.71274,51.53288],[0.68871,51.5348],[0.68055,51.53622]]]]}},{"type":"Feature","properties":{"source_code":"G82026","codes":["G82026"],"label":"GROVEHURST SURGERY"},"geometry":{"type":"Polygon","coordinates":[[[0.66861,51.35342],[0.72935,51.38086],[0.76023,51.35149],[0.74548,51.34034],[0.66861,51.35342]]]}},{"type":"Feature","properties":{"source_code":"F81176","codes":["F81176"],"label":"NORTH AVENUE SURGERY"},"geometry":{"type":"Polygon","coordinates":[[[0.716,51.55402],[0.71995,51.5545],[0.72321,51.5545],[0.7257,51.55407],[0.72802,51.5529],[0.73411,51.55258],[0.74192,51.55194],[0.74458,51.55119],[0.75368,51.5458],[0.75531,51.54393],[0.73926,51.5418],[0.73299,51.54068],[0.72544,51.54009],[0.72235,51.54009],[0.71875,51.54025],[0.71866,51.5419],[0.71815,51.54388],[0.71815,51.54511],[0.7184,51.54601],[0.71643,51.5466],[0.71506,51.54863],[0.71428,51.55082],[0.71531,51.55231],[0.716,51.55402]]]}},{"type":"Feature","properties":{"source_code":"G82698","codes":["G82698"],"label":"THE MEDIC CARE SURGERY"},"geometry":{"type":"Polygon","coordinates":[[[0.79331,51.29045],[0.78508,51.2812],[0.76927,51.27792],[0.7582,51.28118],[0.74089,51.29154],[0.73248,51.30801],[0.72903,51.3248],[0.73392,51.33517],[0.73971,51.34339],[0.74705,51.34799],[0.76236,51.3568],[0.7958,51.35948],[0.80716,51.3592],[0.82164,51.35654],[0.82902,51.35396],[0.84387,51.35039],[0.84396,51.34496],[0.83928,51.32905],[0.83604,51.32485],[0.82733,51.31723],[0.81515,51.31093],[0.81171,51.30817],[0.80107,51.30139],[0.79331,51.29045]]]}},{"type":"Feature","properties":{"source_code":"G82693","codes":["G82693"],"label":"MEMORIAL MEDICAL CENTRE"},"geometry":{"type":"Polygon","coordinates":[[[0.78805,51.34985],[0.78228,51.33137],[0.78042,51.32357],[0.77763,51.31578],[0.76924,51.30754],[0.74775,51.29729],[0.73587,51.29262],[0.71533,51.29048],[0.68291,51.29123],[0.66952,51.29241],[0.66693,51.29567],[0.66805,51.30698],[0.66129,51.31848],[0.65852,51.32669],[0.66298,51.33153],[0.66727,51.33347],[0.67265,51.33829],[0.6812,51.34158],[0.68967,51.34343],[0.69867,51.34642],[0.70144,51.34606],[0.70881,51.34502],[0.72445,51.34262],[0.73319,51.34126],[0.74018,51.34167],[0.74182,51.34571],[0.74945,51.34902],[0.75617,51.35264],[0.76442,51.35855],[0.78055,51.35643],[0.78805,51.34985]]]}},{"type":"Feature","properties":{"source_code":"G82702","codes":["G82702"],"label":"GREEN PORCH MEDICAL PARTNERSHIP"},"geometry":{"type":"Polygon","coordinates":[[[0.91941,51.31527],[0.91347,51.30718],[0.83784,51.30393],[0.83775,51.30844],[0.8389,51.3087],[0.83774,51.30885],[0.83711,51.34093],[0.82023,51.34618],[0.82029,51.3472],[0.81468,51.35023],[0.80959,51.35217],[0.81446,51.35605],[0.80994,51.35797],[0.80829,51.35946],[0.79641,51.35358],[0.77268,51.36094],[0.77246,51.36104],[0.77231,51.36105],[0.76222,51.36418],[0.76496,51.36158],[0.77231,51.36105],[0.77268,51.36094],[0.79256,51.35167],[0.79641,51.35358],[0.82023,51.34618],[0.82005,51.34321],[0.8228,51.34097],[0.81925,51.33017],[0.81567,51.31901],[0.82069,51.31598],[0.8158,51.31175],[0.83774,51.30885],[0.83775,51.30844],[0.80942,51.3021],[0.81333,51.29983],[0.81947,51.29606],[0.81242,51.29441],[0.79978,51.29581],[0.78075,51.29698],[0.75699,51.29646],[0.74143,51.29755],[0.72726,51.3026],[0.71478,51.30688],[0.70358,51.31331],[0.69343,51.31789],[0.66787,51.32646],[0.64751,51.3349],[0.63386,51.3392],[0.64243,51.34736],[0.64727,51.35087],[0.6493,51.35591],[0.65197,51.36202],[0.65698,51.36843],[0.66364,51.37336],[0.67245,51.37534],[0.6779,51.3792],[0.68139,51.37949],[0.68117,51.38566],[0.68503,51.3921],[0.69084,51.39233],[0.69616,51.39402],[0.70184,51.39208],[0.69711,51.38058],[0.7124,51.38421],[0.71733,51.38918],[0.73687,51.39598],[0.73667,51.43998],[0.76383,51.45805],[0.78825,51.44189],[0.89332,51.42159],[0.94962,51.38625],[0.94928,51.36348],[0.91048,51.34841],[0.91941,51.31527]]]}},{"type":"Feature","properties":{"source_code":"F81086","codes":["F81086"],"label":"CENTRAL SURGERY - SOUTHCHURCH BLVD"},"geometry":{"type":"Polygon","coordinates":[[[0.72407,51.53363],[0.7148,51.55402],[0.74467,51.55135],[0.75668,51.54388],[0.77145,51.54399],[0.7681,51.53542],[0.7669,51.5269],[0.72407,51.53363]]]}},{"type":"Feature","properties":{"source_code":"G82035","codes":["G82035"],"label":"THE CHESTNUTS SURGERY"},"geometry":{"type":"Polygon","coordinates":[[[0.77666,51.33122],[0.77522,51.32924],[0.76942,51.33002],[0.76676,51.32706],[0.76526,51.32407],[0.76304,51.32119],[0.75688,51.31831],[0.75573,51.31633],[0.75541,51.31587],[0.75532,51.31432],[0.75302,51.31254],[0.75027,51.3105],[0.7455,51.31144],[0.7419,51.30978],[0.73819,51.30895],[0.73505,51.31022],[0.72921,51.30779],[0.72557,51.30796],[0.72219,51.31015],[0.71849,51.30932],[0.71555,51.30902],[0.71328,51.30532],[0.7118,51.30489],[0.70437,51.30543],[0.69759,51.30687],[0.68824,51.30938],[0.68983,51.31154],[0.68392,51.31552],[0.68548,51.31723],[0.68792,51.319],[0.69004,51.32262],[0.69259,51.32622],[0.69467,51.32929],[0.69692,51.33281],[0.69897,51.34577],[0.70187,51.34744],[0.7036,51.34858],[0.70501,51.34934],[0.7165,51.35549],[0.71859,51.35454],[0.72029,51.35399],[0.73832,51.3666],[0.7422,51.36583],[0.74615,51.36546],[0.74962,51.36077],[0.75642,51.3532],[0.76575,51.34657],[0.76614,51.34514],[0.76631,51.34382],[0.76666,51.34241],[0.76717,51.34079],[0.76915,51.34033],[0.77515,51.33993],[0.77824,51.33789],[0.77425,51.33394],[0.77793,51.33284],[0.77666,51.33122]]]}},{"type":"Feature","properties":{"source_code":"F81121","codes":["F81121"],"label":"SOUTHEND COASTAL SURGERIES - THORPE BAY"},"geometry":{"type":"Polygon","coordinates":[[[0.71832,51.5324],[0.7127,51.54348],[0.71531,51.55413],[0.8111,51.55317],[0.81179,51.54436],[0.79943,51.52957],[0.78329,51.52092],[0.75342,51.52893],[0.71832,51.5324]]]}},{"type":"Feature","properties":{"source_code":"G82682","codes":["G82682"],"label":"THE OM MEDICAL CENTRE"},"geometry":{"type":"Polygon","coordinates":[[[0.74501,51.44716],[0.80853,51.43667],[0.8396,51.42287],[0.85419,51.40649],[0.80475,51.39342],[0.75256,51.39406],[0.73008,51.4022],[0.73368,51.42062],[0.74501,51.44716]]]}},{"type":"Feature","properties":{"source_code":"G82057","codes":["G82057"],"label":"ST GEORGES MEDICAL CENTRE"},"geometry":{"type":"Polygon","coordinates":[[[0.7457,51.44716],[0.76698,51.43689],[0.7917,51.43988],[0.8226,51.42533],[0.87067,51.42019],[0.8844,51.42148],[0.90019,51.41677],[0.93246,51.39321],[0.95375,51.37178],[0.94208,51.36749],[0.93246,51.36063],[0.92285,51.36063],[0.89813,51.3542],[0.86311,51.36149],[0.84183,51.36235],[0.82054,51.37007],[0.82672,51.36192],[0.81917,51.36449],[0.7711,51.36878],[0.7663,51.37692],[0.76973,51.38764],[0.75668,51.39064],[0.74226,51.39921],[0.72578,51.40563],[0.74844,51.41505],[0.73402,51.42319],[0.7457,51.44331],[0.7457,51.44716]]]}},{"type":"Feature","properties":{"source_code":"G82799","codes":["G82799"],"label":"SHEPPEY HEALTHY LIVING CENTRE"},"geometry":{"type":"Polygon","coordinates":[[[0.75133,51.44644],[0.765,51.44201],[0.78321,51.44206],[0.79967,51.43901],[0.80364,51.44061],[0.82479,51.43211],[0.82964,51.42909],[0.87495,51.42339],[0.89723,51.42067],[0.91502,51.41442],[0.94489,51.39746],[0.94493,51.39818],[0.95413,51.39093],[0.95404,51.38948],[0.9597,51.38136],[0.96207,51.38202],[0.96176,51.37719],[0.94886,51.3751],[0.95136,51.37189],[0.94372,51.36724],[0.94105,51.36779],[0.94079,51.36973],[0.93419,51.36942],[0.92418,51.36386],[0.92555,51.36116],[0.92117,51.3591],[0.91842,51.35844],[0.90573,51.35343],[0.8976,51.35315],[0.89625,51.35004],[0.89085,51.35017],[0.87799,51.36089],[0.86362,51.36584],[0.85711,51.36697],[0.85578,51.3641],[0.85085,51.36567],[0.84947,51.36836],[0.84993,51.36327],[0.84326,51.36174],[0.82524,51.36411],[0.82,51.3669],[0.81537,51.36701],[0.80505,51.36895],[0.80148,51.36734],[0.79995,51.36762],[0.79257,51.36707],[0.79227,51.36853],[0.78851,51.37031],[0.78783,51.37178],[0.78056,51.36663],[0.77513,51.36628],[0.76747,51.36743],[0.76222,51.37021],[0.76248,51.37456],[0.76482,51.38128],[0.76237,51.38545],[0.75436,51.38733],[0.7506,51.38912],[0.74435,51.39459],[0.73331,51.39751],[0.7265,51.40008],[0.71948,51.4121],[0.72082,51.41522],[0.73022,51.41064],[0.73485,51.41029],[0.74037,51.4121],[0.73681,51.41726],[0.73289,51.42292],[0.73932,51.42688],[0.74303,51.43067],[0.74614,51.43737],[0.74665,51.43929],[0.74324,51.44058],[0.74288,51.44761],[0.75133,51.44644]]]}},{"type":"Feature","properties":{"source_code":"G82023","codes":["G82023"],"label":"SHEERNESS HEALTH CENTRE"},"geometry":{"type":"Polygon","coordinates":[[[0.90511,51.41759],[0.91895,51.41071],[0.92219,51.40463],[0.91853,51.39739],[0.91234,51.39395],[0.90249,51.39313],[0.89498,51.39225],[0.88107,51.39126],[0.84923,51.38631],[0.8168,51.38882],[0.79443,51.39229],[0.76857,51.3981],[0.75328,51.39886],[0.74146,51.40074],[0.73174,51.40563],[0.73236,51.40895],[0.73998,51.4117],[0.74127,51.41541],[0.74028,51.41663],[0.73759,51.41802],[0.73539,51.42047],[0.73379,51.42224],[0.73634,51.42565],[0.74047,51.42702],[0.74216,51.43031],[0.74624,51.43435],[0.74721,51.43619],[0.74677,51.43953],[0.74554,51.44036],[0.74302,51.44109],[0.74265,51.44549],[0.74277,51.44749],[0.74427,51.44772],[0.74912,51.44668],[0.75812,51.44393],[0.76294,51.44249],[0.77415,51.44089],[0.77907,51.44117],[0.7861,51.44114],[0.78806,51.44176],[0.79329,51.44003],[0.80344,51.43872],[0.80996,51.43724],[0.81499,51.43578],[0.82137,51.43203],[0.8278,51.42908],[0.83157,51.42805],[0.84407,51.42668],[0.85722,51.42556],[0.87008,51.42325],[0.88365,51.42212],[0.89736,51.41978],[0.90511,51.41759]]]}},{"type":"Feature","properties":{"source_code":"G82053","codes":["G82053"],"label":"WOODCHURCH SURGERY"},"geometry":{"type":"Polygon","coordinates":[[[0.86768,51.04344],[0.86949,51.03446],[0.87122,51.02437],[0.86854,51.01923],[0.85697,51.02286],[0.85058,51.0245],[0.84145,51.02956],[0.83302,51.02679],[0.82148,51.03116],[0.81155,51.03289],[0.80267,51.03236],[0.79664,51.03027],[0.79054,51.02707],[0.78512,51.03501],[0.7758,51.0371],[0.76746,51.03581],[0.76,51.03933],[0.75065,51.04104],[0.74002,51.04092],[0.7335,51.05038],[0.72688,51.05834],[0.71808,51.05929],[0.71072,51.06467],[0.70091,51.06862],[0.69599,51.07544],[0.68953,51.08638],[0.68773,51.09609],[0.68055,51.10482],[0.68035,51.11152],[0.67612,51.12018],[0.67307,51.1288],[0.67801,51.13241],[0.6896,51.13847],[0.70006,51.1453],[0.71087,51.14803],[0.74531,51.1502],[0.77369,51.1499],[0.80928,51.15129],[0.82284,51.15059],[0.83268,51.147],[0.83641,51.14021],[0.83945,51.13195],[0.85128,51.12236],[0.85759,51.11923],[0.85663,51.1133],[0.85374,51.10481],[0.84437,51.09648],[0.8423,51.09169],[0.84529,51.08269],[0.84504,51.0786],[0.83946,51.07427],[0.84978,51.06918],[0.84944,51.06361],[0.85082,51.05725],[0.86052,51.0518],[0.86768,51.04344]]]}},{"type":"Feature","properties":{"source_code":"F81613","codes":["F81613"],"label":"DR KUMAR & PTNR - SHOEBURY HC"},"geometry":{"type":"Polygon","coordinates":[[[0.7596,51.52813],[0.74931,51.53016],[0.73971,51.53021],[0.74015,51.53606],[0.73862,51.54185],[0.7561,51.54567],[0.77119,51.54425],[0.78793,51.54668],[0.79814,51.54548],[0.80569,51.54589],[0.81187,51.54556],[0.8132,51.54587],[0.8146,51.54587],[0.8154,51.54568],[0.81569,51.54548],[0.8155,51.54525],[0.80788,51.54212],[0.80436,51.53855],[0.80398,51.53371],[0.79745,51.5285],[0.78902,51.52403],[0.78024,51.5217],[0.7596,51.52813]]]}},{"type":"Feature","properties":{"source_code":"F81649","codes":["F81649"],"label":"SHOEBURY PRACTICE"},"geometry":{"type":"MultiPolygon","coordinates":[[[[0.74091,51.53724],[0.74123,51.53651],[0.74055,51.53224],[0.74091,51.53724]]],[[[0.74091,51.53724],[0.73952,51.54036],[0.73849,51.54441],[0.73814,51.54804],[0.73849,51.55082],[0.74192,51.55146],[0.7419,51.55116],[0.7457,51.5521],[0.75325,51.55402],[0.76527,51.55359],[0.77454,51.55423],[0.78552,51.55359],[0.79582,51.55359],[0.80784,51.55338],[0.82569,51.55231],[0.83702,51.55103],[0.84011,51.54996],[0.8226,51.54185],[0.8099,51.5363],[0.802,51.53181],[0.79548,51.52882],[0.7917,51.52562],[0.78655,51.52434],[0.77179,51.52498],[0.76801,51.52647],[0.76492,51.52776],[0.75771,51.5284],[0.75359,51.52904],[0.74947,51.52989],[0.74501,51.53075],[0.74158,51.53117],[0.74192,51.53843],[0.74118,51.54109],[0.74091,51.53724]]]]}},{"type":"Feature","properties":{"source_code":"G82094","codes":["G82094"],"label":"CHARING SURGERY"},"geometry":{"type":"MultiPolygon","coordinates":[[[[0.82487,51.13843],[0.82487,51.13843],[0.82487,51.13844],[0.82487,51.13843]]],[[[0.82529,51.13864],[0.82529,51.13863],[0.82528,51.13864],[0.82529,51.13864]]],[[[0.87549,51.25884],[0.87549,51.25885],[0.87551,51.25883],[0.87549,51.25884]]],[[[0.87477,51.25922],[0.87483,51.2592],[0.87553,51.25884],[0.87477,51.25922]]],[[[0.87477,51.25922],[0.87462,51.25929],[0.87411,51.25956],[0.87477,51.25922]]],[[[0.87333,51.25996],[0.87401,51.25974],[0.87188,51.26047],[0.87147,51.26062],[0.87309,51.26007],[0.87322,51.26008],[0.87403,51.25983],[0.87409,51.25951],[0.87462,51.25929],[0.87544,51.25885],[0.87549,51.25884],[0.87565,51.25734],[0.87648,51.2539],[0.8774,51.25185],[0.87636,51.24657],[0.87668,51.24461],[0.87751,51.24248],[0.87621,51.23888],[0.87363,51.23591],[0.87212,51.23439],[0.87183,51.23307],[0.8718,51.23177],[0.87149,51.22965],[0.87249,51.22821],[0.87305,51.22757],[0.87387,51.22715],[0.87615,51.2258],[0.87749,51.22397],[0.87998,51.21939],[0.88592,51.21686],[0.89196,51.21508],[0.89691,51.20772],[0.90406,51.2009],[0.90377,51.19994],[0.90317,51.1994],[0.90147,51.19828],[0.89942,51.1978],[0.89754,51.19662],[0.89301,51.19276],[0.89144,51.19029],[0.89128,51.18809],[0.88733,51.18257],[0.88472,51.17913],[0.88243,51.17786],[0.88112,51.1771],[0.88083,51.17611],[0.87997,51.17445],[0.87775,51.17332],[0.87123,51.17084],[0.86938,51.16917],[0.87018,51.16543],[0.86911,51.16323],[0.86961,51.1609],[0.86814,51.1598],[0.86541,51.15913],[0.86131,51.15711],[0.85969,51.15661],[0.85875,51.15569],[0.85871,51.15318],[0.85798,51.1525],[0.85706,51.15221],[0.856,51.15197],[0.85335,51.15152],[0.85231,51.15133],[0.85131,51.15098],[0.85041,51.1503],[0.8494,51.14953],[0.84785,51.1484],[0.84703,51.14773],[0.8466,51.14712],[0.846,51.14695],[0.84295,51.14668],[0.8414,51.1462],[0.84037,51.14564],[0.83878,51.14427],[0.83846,51.14319],[0.83788,51.14201],[0.83701,51.14172],[0.835,51.14131],[0.83499,51.14134],[0.83494,51.1413],[0.835,51.14131],[0.83501,51.14129],[0.83363,51.14095],[0.83211,51.1407],[0.83371,51.14096],[0.8309,51.1405],[0.82951,51.14005],[0.82941,51.14002],[0.82933,51.13999],[0.82902,51.13992],[0.82708,51.13934],[0.82529,51.13864],[0.82529,51.13864],[0.82528,51.13865],[0.82487,51.13843],[0.82488,51.13844],[0.82487,51.13844],[0.82487,51.13844],[0.82486,51.13844],[0.82487,51.13843],[0.82415,51.13809],[0.82325,51.13768],[0.82195,51.13703],[0.82034,51.136],[0.81872,51.13629],[0.81735,51.13636],[0.81598,51.13664],[0.81479,51.13691],[0.8136,51.13707],[0.80931,51.13768],[0.8036,51.13827],[0.79255,51.13895],[0.78596,51.13984],[0.77828,51.14098],[0.76777,51.14184],[0.7589,51.14247],[0.74841,51.14326],[0.73844,51.1448],[0.72932,51.14666],[0.71688,51.15111],[0.70985,51.15806],[0.70358,51.17269],[0.70114,51.18422],[0.70144,51.1895],[0.70123,51.19126],[0.70205,51.19408],[0.70334,51.20232],[0.70729,51.21301],[0.71134,51.22261],[0.73325,51.23565],[0.73676,51.23873],[0.74096,51.24354],[0.74584,51.24556],[0.74986,51.24632],[0.75589,51.24961],[0.76295,51.25162],[0.77251,51.25466],[0.7807,51.25749],[0.78707,51.25867],[0.79172,51.26131],[0.79732,51.26152],[0.79864,51.26311],[0.80134,51.26272],[0.79959,51.2631],[0.80814,51.26283],[0.81465,51.26436],[0.82596,51.26461],[0.83401,51.26377],[0.84412,51.26464],[0.85513,51.26389],[0.86237,51.26272],[0.86562,51.26225],[0.86887,51.26152],[0.87024,51.26104],[0.87188,51.26047],[0.87333,51.25996]]]]}},{"type":"Feature","properties":{"source_code":"F81089","codes":["F81089"],"label":"WAKERING MEDICAL CTR."},"geometry":{"type":"MultiPolygon","coordinates":[[[[0.74459,51.54692],[0.74335,51.54534],[0.74326,51.54528],[0.74638,51.54932],[0.74459,51.54692]]],[[[0.78243,51.52178],[0.75016,51.52925],[0.73952,51.5426],[0.74326,51.54528],[0.7408,51.54209],[0.74335,51.54534],[0.74347,51.54543],[0.74459,51.54692],[0.76509,51.57307],[0.78793,51.57419],[0.83805,51.59392],[0.91805,51.58496],[0.78243,51.52178]]]]}},{"type":"Feature","properties":{"source_code":"G82186","codes":["G82186"],"label":"HAMSTREET SURGERY"},"geometry":{"type":"Polygon","coordinates":[[[0.85167,50.98856],[0.81391,50.98947],[0.77737,50.99919],[0.76192,51.01016],[0.75469,51.01829],[0.75185,51.04134],[0.75505,51.05983],[0.75776,51.06993],[0.76628,51.08343],[0.77233,51.0908],[0.77899,51.09638],[0.79359,51.10576],[0.80664,51.11252],[0.81731,51.11491],[0.83209,51.11544],[0.85636,51.11043],[0.86954,51.1079],[0.88049,51.10321],[0.89446,51.10092],[0.89996,51.09844],[0.90572,51.09605],[0.92527,51.09447],[0.93882,51.09499],[0.94116,51.09486],[0.94151,51.09485],[0.94177,51.09478],[0.94214,51.09471],[0.94257,51.09456],[0.94329,51.09402],[0.9452,51.09322],[0.95314,51.08904],[0.95747,51.08602],[0.96413,51.08232],[0.96267,51.06005],[0.93601,51.02669],[0.92779,51.0185],[0.90569,51.00137],[0.88758,50.99165],[0.85167,50.98856]]]}},{"type":"Feature","properties":{"source_code":"G82730","codes":["G82730"],"label":"KINGSNORTH MEDICAL PRACTICE"},"geometry":{"type":"MultiPolygon","coordinates":[[[[0.84732,51.13049],[0.84728,51.13044],[0.847,51.13092],[0.84727,51.13092],[0.84732,51.13049]]],[[[0.84566,51.12571],[0.8457,51.12689],[0.84624,51.12855],[0.84685,51.12917],[0.8466,51.12968],[0.84728,51.13044],[0.84733,51.13036],[0.84735,51.13021],[0.84732,51.13049],[0.84734,51.13051],[0.84737,51.1306],[0.84825,51.13102],[0.84747,51.13081],[0.84755,51.13092],[0.84727,51.13092],[0.8472,51.13155],[0.84792,51.13197],[0.84943,51.1313],[0.85055,51.13204],[0.85243,51.13184],[0.85374,51.13171],[0.85543,51.13183],[0.85871,51.13156],[0.86026,51.13065],[0.86109,51.12918],[0.86268,51.12885],[0.86429,51.12882],[0.86644,51.12645],[0.86782,51.12641],[0.87146,51.12574],[0.87375,51.12554],[0.87466,51.12538],[0.87462,51.1248],[0.87572,51.1239],[0.87776,51.12342],[0.87917,51.12396],[0.88007,51.12365],[0.88032,51.12031],[0.88079,51.11307],[0.87955,51.10789],[0.87756,51.10171],[0.8755,51.09452],[0.82088,51.096],[0.78392,51.09689],[0.79735,51.10435],[0.81181,51.10712],[0.81406,51.10779],[0.82201,51.10807],[0.82523,51.11071],[0.82619,51.11133],[0.82674,51.11187],[0.82744,51.11222],[0.82754,51.11254],[0.82799,51.11282],[0.82853,51.11268],[0.82991,51.11323],[0.82968,51.11373],[0.83041,51.11418],[0.83078,51.11431],[0.83132,51.11478],[0.8318,51.11547],[0.83478,51.11623],[0.8352,51.11784],[0.83745,51.11882],[0.83952,51.11984],[0.84078,51.1212],[0.84089,51.12191],[0.84219,51.12224],[0.84221,51.12294],[0.84318,51.12392],[0.8448,51.12517],[0.84566,51.12571]]]]}},{"type":"Feature","properties":{"source_code":"G82087","codes":["G82087"],"label":"NEW HAYESBANK SURGERY"},"geometry":{"type":"MultiPolygon","coordinates":[[[[0.86232,51.14856],[0.86224,51.14852],[0.8623,51.14857],[0.86232,51.14856]]],[[[0.86234,51.14861],[0.86236,51.14861],[0.8623,51.14857],[0.86218,51.14862],[0.86234,51.14861]]],[[[0.86743,51.17544],[0.86735,51.17546],[0.86741,51.17549],[0.86742,51.17549],[0.86743,51.17544]]],[[[0.86742,51.17549],[0.86742,51.17549],[0.86743,51.1755],[0.86744,51.17549],[0.86742,51.17549]]],[[[0.86743,51.1755],[0.86742,51.1755],[0.86742,51.17549],[0.86741,51.17549],[0.86712,51.17548],[0.86725,51.17553],[0.86775,51.1756],[0.86761,51.17558],[0.86743,51.1755]]],[[[0.88291,51.17462],[0.88473,51.17307],[0.8849,51.17201],[0.88678,51.17136],[0.8889,51.17055],[0.89231,51.17137],[0.89521,51.17175],[0.89862,51.17242],[0.90173,51.17234],[0.90383,51.17203],[0.90583,51.1715],[0.90391,51.16822],[0.90185,51.16661],[0.89888,51.16517],[0.89613,51.16343],[0.89698,51.16159],[0.91053,51.14252],[0.90307,51.14096],[0.89717,51.14338],[0.89101,51.14563],[0.88854,51.14099],[0.88525,51.1398],[0.88196,51.14006],[0.86232,51.14856],[0.86243,51.14861],[0.86234,51.14861],[0.86213,51.14864],[0.86218,51.14862],[0.83983,51.14928],[0.84093,51.15567],[0.8458,51.16151],[0.84911,51.17325],[0.86213,51.1762],[0.86735,51.17543],[0.86743,51.17539],[0.86743,51.17544],[0.87113,51.17446],[0.87427,51.17468],[0.87501,51.17512],[0.87542,51.17921],[0.87934,51.17738],[0.88112,51.17699],[0.88108,51.17617],[0.88291,51.17462]]]]}},{"type":"Feature","properties":{"source_code":"G82050","codes":["G82050"],"label":"SYDENHAM HOUSE MEDICAL CENTRE"},"geometry":{"type":"Polygon","coordinates":[[[0.89252,51.17531],[0.89604,51.1737],[0.90405,51.173],[0.90264,51.16974],[0.90177,51.16875],[0.8997,51.16779],[0.89718,51.16608],[0.89665,51.16407],[0.89765,51.16076],[0.90061,51.15663],[0.90053,51.15537],[0.90201,51.15331],[0.90543,51.15019],[0.90534,51.14867],[0.90754,51.14533],[0.91057,51.14221],[0.91119,51.13941],[0.91354,51.13834],[0.91141,51.13637],[0.91057,51.13589],[0.91044,51.13386],[0.90943,51.1306],[0.90649,51.12865],[0.90319,51.12721],[0.89866,51.12555],[0.89382,51.12542],[0.88899,51.12529],[0.88456,51.12514],[0.88051,51.12474],[0.88069,51.12119],[0.88083,51.11688],[0.88094,51.11232],[0.88074,51.10904],[0.87791,51.10886],[0.87563,51.11094],[0.87122,51.11105],[0.86656,51.11369],[0.86432,51.11653],[0.86318,51.11757],[0.86159,51.11786],[0.85878,51.11793],[0.85249,51.12036],[0.84786,51.12351],[0.84198,51.12593],[0.83963,51.127],[0.83432,51.13219],[0.83098,51.13683],[0.82879,51.14043],[0.83613,51.14202],[0.83307,51.14462],[0.82845,51.14803],[0.82452,51.14964],[0.81652,51.15034],[0.81251,51.15069],[0.81559,51.15492],[0.81811,51.15663],[0.82058,51.15758],[0.82307,51.15878],[0.82315,51.16005],[0.82607,51.16175],[0.82778,51.16348],[0.83145,51.16415],[0.83828,51.16398],[0.84438,51.1651],[0.84779,51.16806],[0.85244,51.17174],[0.85738,51.17339],[0.85988,51.17485],[0.86075,51.17584],[0.8644,51.17625],[0.86721,51.17618],[0.86834,51.17489],[0.87154,51.17456],[0.87479,51.17499],[0.87652,51.17697],[0.88104,51.17838],[0.88557,51.18004],[0.88596,51.17977],[0.89252,51.17531]]]}},{"type":"Feature","properties":{"source_code":"G82027","codes":["G82027"],"label":"FAVERSHAM MEDICAL PRACTICE"},"geometry":{"type":"Polygon","coordinates":[[[0.83994,51.32042],[0.8414,51.32525],[0.84333,51.32852],[0.84526,51.33115],[0.84826,51.33399],[0.85196,51.33619],[0.85668,51.33892],[0.86037,51.34037],[0.86399,51.34219],[0.86796,51.34357],[0.87202,51.34502],[0.8759,51.34603],[0.88069,51.34676],[0.8853,51.34706],[0.88931,51.34731],[0.89307,51.34745],[0.89702,51.34731],[0.90071,51.34686],[0.90448,51.34635],[0.90757,51.34541],[0.91066,51.34453],[0.91358,51.34353],[0.91633,51.34254],[0.9189,51.34128],[0.92195,51.33981],[0.92465,51.33796],[0.9271,51.33595],[0.92912,51.33367],[0.93169,51.33024],[0.93435,51.32643],[0.93684,51.32203],[0.93761,51.31699],[0.93804,51.31162],[0.9371,51.30561],[0.93478,51.3018],[0.93143,51.29799],[0.92337,51.2923],[0.91393,51.2878],[0.90637,51.28522],[0.89848,51.2835],[0.8935,51.28296],[0.88792,51.28264],[0.88182,51.28318],[0.8771,51.28404],[0.87371,51.285],[0.87015,51.28629],[0.86208,51.28919],[0.85539,51.29209],[0.85007,51.29617],[0.84698,51.30046],[0.84337,51.30561],[0.84045,51.31205],[0.83942,51.31645],[0.83994,51.32042]]]}},{"type":"Feature","properties":{"source_code":"G82039","codes":["G82039"],"label":"NEWTON PLACE SURGERY"},"geometry":{"type":"Polygon","coordinates":[[[0.83683,51.35773],[0.84164,51.35808],[0.8513,51.35906],[0.86289,51.35884],[0.87086,51.35655],[0.88397,51.35092],[0.89217,51.3479],[0.89625,51.3436],[0.89147,51.34186],[0.88821,51.33763],[0.90208,51.33872],[0.91106,51.33844],[0.93218,51.33806],[0.9533,51.33662],[1.00104,51.33436],[1.00169,51.33144],[1.00141,51.32584],[0.99779,51.30962],[0.98444,51.29735],[0.97979,51.29133],[0.95937,51.27823],[0.94895,51.2687],[0.91844,51.25598],[0.8773,51.24239],[0.79649,51.25966],[0.76203,51.27907],[0.76689,51.29679],[0.78881,51.32928],[0.81683,51.36046],[0.82141,51.36021],[0.82598,51.35954],[0.83271,51.35816],[0.83683,51.35773]]]}},{"type":"Feature","properties":{"source_code":"G82142","codes":["G82142"],"label":"WYE SURGERY"},"geometry":{"type":"Polygon","coordinates":[[[1.02816,51.24596],[1.044,51.24012],[1.05343,51.23546],[1.05642,51.23165],[1.06334,51.23011],[1.05977,51.20882],[1.0555,51.18518],[1.05263,51.1581],[1.0512,51.14456],[1.05241,51.13842],[1.05102,51.1337],[1.04806,51.1297],[1.05102,51.12555],[1.05127,51.12113],[1.04681,51.11887],[1.03562,51.11272],[1.0264,51.11194],[1.01987,51.11109],[1.0125,51.10551],[1.00595,51.10432],[1.00452,51.09893],[0.99002,51.09964],[0.95835,51.1018],[0.92497,51.11113],[0.88282,51.13559],[0.87199,51.14367],[0.87453,51.14971],[0.86808,51.15021],[0.86543,51.15096],[0.85795,51.15216],[0.84647,51.15855],[0.85105,51.16285],[0.84434,51.16776],[0.8274,51.17326],[0.81906,51.17822],[0.81259,51.1872],[0.80593,51.19313],[0.80147,51.19968],[0.80821,51.20394],[0.80152,51.20953],[0.79478,51.2141],[0.80079,51.21531],[0.80955,51.21714],[0.81351,51.2201],[0.81775,51.21864],[0.835,51.21788],[0.85173,51.21748],[0.86964,51.21874],[0.87795,51.22193],[0.88522,51.22582],[0.89508,51.22795],[0.89944,51.22852],[0.90678,51.23343],[0.9177,51.2352],[0.9236,51.23437],[0.92971,51.23693],[0.93521,51.23849],[0.9396,51.2394],[0.94184,51.2407],[0.9467,51.24058],[0.95396,51.24413],[0.95998,51.24533],[0.96441,51.24692],[0.97029,51.24575],[0.9735,51.24533],[0.98873,51.24664],[0.99624,51.24577],[1.00009,51.24669],[1.00925,51.24611],[1.01413,51.24633],[1.02816,51.24596]]]}},{"type":"Feature","properties":{"source_code":"G82147","codes":["G82147"],"label":"OAK HALL"},"geometry":{"type":"Polygon","coordinates":[[[0.86672,51.02523],[0.87276,51.02286],[0.88189,51.02069],[0.8953,51.01646],[0.90965,51.01304],[0.92439,51.00905],[0.93919,51.0059],[0.94814,51.00094],[0.96015,50.99563],[0.96739,50.99155],[0.97251,50.98891],[0.97203,50.98141],[0.96995,50.9695],[0.96984,50.96087],[0.97087,50.94944],[0.96069,50.94858],[0.9607,50.94886],[0.95967,50.95334],[0.95896,50.9631],[0.95288,50.97132],[0.94242,50.98021],[0.93203,50.98326],[0.92152,50.98436],[0.91671,50.98503],[0.90479,50.98477],[0.89463,50.98447],[0.89285,50.98424],[0.88446,50.98389],[0.87694,50.98352],[0.86238,50.98332],[0.84392,50.98433],[0.83249,50.98488],[0.82069,50.98656],[0.81639,50.98833],[0.81219,50.99177],[0.81019,50.99516],[0.8087,50.99965],[0.81069,51.0035],[0.81272,51.0079],[0.81779,51.0114],[0.82189,51.01352],[0.8247,51.01624],[0.83158,51.02052],[0.83571,51.02321],[0.83805,51.02538],[0.84347,51.02747],[0.8479,51.02764],[0.85579,51.02689],[0.86672,51.02523]]]}},{"type":"Feature","properties":{"source_code":"G82007","codes":["G82007"],"label":"CHURCH LANE HEALTH CENTRE"},"geometry":{"type":"Polygon","coordinates":[[[0.98422,50.9274],[0.98368,50.92742],[0.84661,51.00745],[0.90321,51.04677],[0.94952,51.07771],[1.04082,51.04983],[1.02545,51.04091],[1.01349,51.03363],[1.00314,51.02596],[0.99441,51.0179],[0.98682,51.0105],[0.97906,51.00035],[0.97399,50.98944],[0.97313,50.98463],[0.9757,50.96489],[0.98164,50.93817],[0.98433,50.92913],[0.98422,50.9274]]]}},{"type":"Feature","properties":{"source_code":"G82665","codes":["G82665"],"label":"MARTELLO HEALTH CENTRE"},"geometry":{"type":"Polygon","coordinates":[[[1.03166,51.07332],[1.07983,51.08432],[1.09319,51.07872],[1.09642,51.07475],[1.09535,51.06835],[1.08793,51.06594],[1.0745,51.06283],[1.0588,51.05873],[1.04517,51.05249],[1.03315,51.04551],[1.01486,51.03522],[1.00614,51.02815],[0.99331,51.01703],[0.9833,51.00687],[0.97543,50.99561],[0.97298,50.98318],[0.97613,50.96366],[0.97861,50.95075],[0.96057,50.95225],[0.93697,50.95285],[0.91849,50.94741],[0.90133,50.94541],[0.89593,50.94693],[0.89344,50.95983],[0.8793,50.97129],[0.87354,50.97595],[0.85942,50.97873],[0.85052,50.97721],[0.84368,50.98223],[0.84446,50.98603],[0.8364,50.98901],[0.83004,50.99298],[0.84085,50.99897],[0.8496,50.99806],[0.86148,51.00332],[0.87127,51.01037],[0.87835,51.01818],[0.89727,51.03021],[0.90318,51.03666],[0.9112,51.04167],[0.92406,51.04482],[0.92265,51.04867],[0.91715,51.05749],[0.93794,51.06391],[0.96866,51.07043],[1.00459,51.07228],[1.03166,51.07332]]]}},{"type":"Feature","properties":{"source_code":"G82658","codes":["G82658"],"label":"SELLINDGE SURGERY"},"geometry":{"type":"Polygon","coordinates":[[[1.053,51.12283],[1.05171,51.12097],[1.04789,51.11931],[1.04711,51.11802],[1.04509,51.11559],[1.04414,51.11167],[1.04268,51.10704],[1.04416,51.10495],[1.03835,51.08714],[1.03631,51.08428],[1.03188,51.08395],[1.02606,51.08352],[1.01986,51.0809],[1.01552,51.07839],[1.01165,51.07586],[1.00822,51.07653],[1.00035,51.07673],[0.99618,51.07684],[0.98786,51.0772],[0.98121,51.07825],[0.97597,51.07969],[0.96653,51.08081],[0.96189,51.08064],[0.95348,51.07968],[0.94783,51.07836],[0.94702,51.08014],[0.94532,51.08266],[0.94252,51.08595],[0.93981,51.08718],[0.93843,51.08736],[0.9317,51.08724],[0.9248,51.08814],[0.92206,51.0888],[0.92013,51.09133],[0.91542,51.09378],[0.91292,51.09457],[0.91342,51.09514],[0.91687,51.09842],[0.92004,51.10082],[0.92227,51.1031],[0.92308,51.10498],[0.92273,51.10674],[0.92051,51.1084],[0.91921,51.10975],[0.91904,51.11078],[0.9196,51.11237],[0.9236,51.11679],[0.92552,51.11791],[0.92576,51.12171],[0.92554,51.12551],[0.92531,51.12551],[0.92317,51.12849],[0.92363,51.13198],[0.92373,51.13724],[0.92242,51.14223],[0.92245,51.14647],[1.05202,51.14316],[1.05199,51.14272],[1.05202,51.13965],[1.05162,51.13718],[1.05101,51.135],[1.04847,51.13157],[1.04761,51.12911],[1.04868,51.12776],[1.05154,51.12535],[1.053,51.12283]]]}},{"type":"Feature","properties":{"source_code":"G82790","codes":["G82790"],"label":"OLD SCHOOL SURGERY"},"geometry":{"type":"MultiPolygon","coordinates":[[[[1.15092,51.24743],[1.15056,51.24794],[1.15149,51.24803],[1.15092,51.24743]]],[[[1.15056,51.24794],[1.15044,51.24793],[1.15041,51.24816],[1.15056,51.24794]]],[[[1.15041,51.24816],[1.1504,51.24817],[1.15041,51.24818],[1.15041,51.24816]]],[[[1.15164,51.24804],[1.15149,51.24803],[1.15162,51.24816],[1.15164,51.24804]]],[[[1.05767,51.20359],[1.05491,51.19556],[1.05032,51.18674],[1.03166,51.18023],[1.01916,51.17944],[1.00643,51.182],[1.00276,51.17343],[0.98175,51.16475],[0.94959,51.16221],[0.92424,51.16201],[0.91059,51.16403],[0.91012,51.17075],[0.90549,51.17477],[0.8927,51.17649],[0.88554,51.17583],[0.87584,51.16992],[0.8658,51.16569],[0.85899,51.17061],[0.85257,51.17468],[0.84407,51.18103],[0.83692,51.18764],[0.82467,51.19101],[0.81361,51.19183],[0.81555,51.19458],[0.81894,51.19897],[0.82751,51.20827],[0.83404,51.21314],[0.84566,51.22124],[0.8522,51.23338],[0.861,51.23177],[0.86153,51.23315],[0.86956,51.2405],[0.87754,51.24002],[0.87984,51.24835],[0.88158,51.25473],[0.87705,51.26071],[0.88349,51.26391],[0.88462,51.26779],[0.88311,51.27202],[0.88655,51.27725],[0.89194,51.27795],[0.90225,51.27882],[0.90595,51.28096],[0.91018,51.28449],[0.91226,51.28919],[0.91062,51.29146],[0.91037,51.29454],[0.91008,51.29707],[0.91961,51.29962],[0.92596,51.30142],[0.93209,51.30658],[0.93276,51.31019],[0.93665,51.31513],[0.94377,51.32194],[0.94632,51.3269],[0.95692,51.33921],[0.96164,51.3363],[0.96651,51.33561],[0.97155,51.33772],[0.97323,51.336],[0.97704,51.33283],[0.98476,51.32816],[0.98946,51.32497],[0.9942,51.32233],[1.00192,51.31766],[1.00689,51.31865],[1.01175,51.31797],[1.01647,51.31505],[1.02021,51.31775],[1.0142,51.28809],[1.03508,51.2841],[1.04294,51.28326],[1.04552,51.27984],[1.04533,51.28028],[1.05537,51.27934],[1.06325,51.28028],[1.07447,51.27713],[1.08595,51.27987],[1.08136,51.24519],[1.10396,51.24596],[1.12994,51.2615],[1.13341,51.25694],[1.13335,51.25584],[1.1371,51.25538],[1.14492,51.24946],[1.14807,51.2488],[1.15039,51.24819],[1.1504,51.24817],[1.15018,51.24791],[1.15044,51.24793],[1.15053,51.24702],[1.15092,51.24743],[1.15203,51.24586],[1.15164,51.24804],[1.15382,51.24823],[1.15287,51.2463],[1.15487,51.24331],[1.15801,51.24431],[1.15664,51.24309],[1.15371,51.23542],[1.15588,51.22809],[1.13055,51.21564],[1.09855,51.2095],[1.06218,51.20459],[1.05767,51.20359]]]]}},{"type":"Feature","properties":{"source_code":"G82071","codes":["G82071"],"label":"WHITSTABLE MEDICAL PRACTICE"},"geometry":{"type":"Polygon","coordinates":[[[1.12262,51.37267],[1.12269,51.36975],[1.11827,51.36507],[1.11169,51.3649],[1.10887,51.36378],[1.1046,51.36132],[1.10147,51.35952],[1.10111,51.35833],[1.0954,51.35882],[1.09122,51.35773],[1.08706,51.34482],[1.08432,51.32432],[1.07302,51.3068],[1.07301,51.30662],[1.02804,51.30471],[0.98938,51.30296],[0.9831,51.30312],[0.96976,51.30826],[0.95905,51.31179],[0.93947,51.31777],[0.94104,51.32098],[0.9435,51.32521],[0.94705,51.3294],[0.94805,51.33212],[0.95178,51.33494],[0.95166,51.33734],[0.95393,51.33848],[0.95488,51.34052],[0.95632,51.34168],[0.95843,51.34471],[0.96232,51.34564],[0.96207,51.34599],[0.96458,51.34661],[0.97369,51.34792],[0.98353,51.34767],[1.0061,51.34967],[1.01253,51.35173],[1.01524,51.35543],[1.02247,51.36141],[1.02851,51.36571],[1.03512,51.3664],[1.04467,51.36581],[1.0617,51.36674],[1.06757,51.36847],[1.07041,51.36994],[1.0928,51.369],[1.0975,51.36974],[1.09879,51.37262],[1.1034,51.37198],[1.11082,51.3723],[1.11772,51.37314],[1.12262,51.37267]]]}},{"type":"Feature","properties":{"source_code":"G82140","codes":["G82140"],"label":"UNIVERSITY MEDICAL CENTRE"},"geometry":{"type":"Polygon","coordinates":[[[1.12535,51.29373],[1.12531,51.29319],[1.12526,51.29265],[1.12519,51.29211],[1.12511,51.29157],[1.12502,51.29103],[1.12493,51.29049],[1.12481,51.28996],[1.12469,51.28942],[1.12456,51.28889],[1.12441,51.28835],[1.12426,51.28782],[1.12409,51.28729],[1.12391,51.28676],[1.12372,51.28623],[1.12352,51.2857],[1.12331,51.28518],[1.12309,51.28466],[1.12285,51.28414],[1.12261,51.28362],[1.12235,51.2831],[1.12209,51.28259],[1.12181,51.28207],[1.12152,51.28156],[1.12122,51.28105],[1.12091,51.28055],[1.12059,51.28005],[1.12026,51.27955],[1.11992,51.27905],[1.11956,51.27856],[1.1192,51.27806],[1.11883,51.27758],[1.11845,51.27709],[1.11805,51.27661],[1.11765,51.27613],[1.11724,51.27566],[1.11681,51.27518],[1.11638,51.27472],[1.11593,51.27425],[1.11548,51.27379],[1.11502,51.27333],[1.11455,51.27288],[1.11406,51.27243],[1.11357,51.27199],[1.11307,51.27155],[1.11256,51.27111],[1.11204,51.27068],[1.11151,51.27025],[1.11098,51.26983],[1.11043,51.26941],[1.10988,51.26899],[1.10931,51.26858],[1.10874,51.26818],[1.10816,51.26778],[1.10757,51.26738],[1.10697,51.26699],[1.10637,51.2666],[1.10575,51.26622],[1.10513,51.26585],[1.1045,51.26548],[1.10387,51.26511],[1.10322,51.26475],[1.10257,51.2644],[1.10191,51.26405],[1.10124,51.26371],[1.10057,51.26337],[1.09989,51.26304],[1.0992,51.26271],[1.0985,51.26239],[1.0978,51.26208],[1.09709,51.26177],[1.09638,51.26146],[1.09565,51.26117],[1.09493,51.26088],[1.09419,51.26059],[1.09345,51.26031],[1.09271,51.26004],[1.09196,51.25977],[1.0912,51.25951],[1.09044,51.25926],[1.08967,51.25901],[1.0889,51.25877],[1.08812,51.25854],[1.08734,51.25831],[1.08655,51.25809],[1.08576,51.25787],[1.08496,51.25766],[1.08416,51.25746],[1.08336,51.25727],[1.08255,51.25708],[1.08174,51.25689],[1.08092,51.25672],[1.0801,51.25655],[1.07928,51.25639],[1.07845,51.25624],[1.07762,51.25609],[1.07679,51.25595],[1.07595,51.25581],[1.07511,51.25569],[1.07427,51.25557],[1.07343,51.25545],[1.07258,51.25535],[1.07173,51.25525],[1.07088,51.25516],[1.07003,51.25507],[1.06918,51.255],[1.06832,51.25492],[1.06747,51.25486],[1.06661,51.25481],[1.06575,51.25476],[1.06489,51.25471],[1.06403,51.25468],[1.06317,51.25465],[1.0623,51.25463],[1.06144,51.25462],[1.06058,51.25461],[1.05972,51.25461],[1.05885,51.25462],[1.05799,51.25464],[1.05713,51.25466],[1.05627,51.25469],[1.05541,51.25473],[1.05455,51.25477],[1.05369,51.25482],[1.05283,51.25488],[1.05198,51.25494],[1.05112,51.25502],[1.05027,51.2551],[1.04942,51.25518],[1.04857,51.25528],[1.04772,51.25538],[1.04687,51.25549],[1.04603,51.2556],[1.04519,51.25572],[1.04435,51.25585],[1.04352,51.25599],[1.04268,51.25613],[1.04186,51.25628],[1.04103,51.25644],[1.04021,51.2566],[1.03939,51.25677],[1.03857,51.25695],[1.03776,51.25713],[1.03695,51.25732],[1.03615,51.25752],[1.03535,51.25772],[1.03456,51.25793],[1.03377,51.25815],[1.03298,51.25837],[1.0322,51.2586],[1.03142,51.25884],[1.03065,51.25908],[1.02989,51.25933],[1.02913,51.25959],[1.02837,51.25985],[1.02762,51.26012],[1.02688,51.26039],[1.02614,51.26067],[1.02541,51.26096],[1.02468,51.26125],[1.02396,51.26155],[1.02325,51.26186],[1.02254,51.26217],[1.02184,51.26248],[1.02115,51.2628],[1.02046,51.26313],[1.01978,51.26347],[1.01911,51.26381],[1.01845,51.26415],[1.01779,51.2645],[1.01714,51.26486],[1.0165,51.26522],[1.01586,51.26558],[1.01523,51.26596],[1.01461,51.26633],[1.014,51.26672],[1.0134,51.2671],[1.0128,51.26749],[1.01222,51.26789],[1.01164,51.26829],[1.01107,51.2687],[1.01051,51.26911],[1.00995,51.26953],[1.00941,51.26995],[1.00888,51.27037],[1.00835,51.2708],[1.00783,51.27123],[1.00733,51.27167],[1.00683,51.27211],[1.00634,51.27256],[1.00586,51.27301],[1.00539,51.27347],[1.00493,51.27392],[1.00448,51.27439],[1.00404,51.27485],[1.00361,51.27532],[1.00319,51.27579],[1.00278,51.27627],[1.00238,51.27675],[1.00199,51.27723],[1.00161,51.27772],[1.00124,51.27821],[1.00088,51.2787],[1.00053,51.27919],[1.00019,51.27969],[0.99986,51.28019],[0.99954,51.2807],[0.99924,51.2812],[0.99894,51.28171],[0.99866,51.28222],[0.99838,51.28273],[0.99812,51.28325],[0.99786,51.28377],[0.99762,51.28429],[0.99739,51.28481],[0.99717,51.28533],[0.99696,51.28586],[0.99677,51.28638],[0.99658,51.28691],[0.9964,51.28744],[0.99624,51.28797],[0.99609,51.28851],[0.99595,51.28904],[0.99582,51.28958],[0.9957,51.29011],[0.99559,51.29065],[0.99549,51.29119],[0.99541,51.29173],[0.99533,51.29227],[0.99527,51.29281],[0.99522,51.29335],[0.99518,51.29389],[0.99516,51.29443],[0.99514,51.29497],[0.99513,51.29551],[0.99514,51.29605],[0.99516,51.29659],[0.99519,51.29713],[0.99523,51.29768],[0.99528,51.29822],[0.99535,51.29876],[0.99542,51.29929],[0.99551,51.29983],[0.99561,51.30037],[0.99571,51.30091],[0.99584,51.30144],[0.99597,51.30198],[0.99611,51.30251],[0.99627,51.30305],[0.99643,51.30358],[0.99661,51.30411],[0.9968,51.30463],[0.997,51.30516],[0.99721,51.30569],[0.99743,51.30621],[0.99766,51.30673],[0.9979,51.30725],[0.99816,51.30777],[0.99843,51.30828],[0.9987,51.3088],[0.99899,51.30931],[0.99929,51.30981],[0.9996,51.31032],[0.99992,51.31082],[1.00025,51.31132],[1.00059,51.31182],[1.00094,51.31232],[1.0013,51.31281],[1.00167,51.3133],[1.00205,51.31378],[1.00245,51.31426],[1.00285,51.31474],[1.00326,51.31522],[1.00368,51.31569],[1.00412,51.31616],[1.00456,51.31662],[1.00501,51.31708],[1.00547,51.31754],[1.00595,51.31799],[1.00643,51.31844],[1.00692,51.31889],[1.00742,51.31933],[1.00793,51.31977],[1.00845,51.3202],[1.00897,51.32063],[1.00951,51.32105],[1.01006,51.32147],[1.01061,51.32189],[1.01118,51.3223],[1.01175,51.3227],[1.01233,51.32311],[1.01292,51.3235],[1.01352,51.32389],[1.01412,51.32428],[1.01473,51.32466],[1.01536,51.32504],[1.01599,51.32541],[1.01662,51.32577],[1.01727,51.32613],[1.01792,51.32649],[1.01858,51.32684],[1.01925,51.32718],[1.01992,51.32752],[1.02061,51.32785],[1.02129,51.32818],[1.02199,51.3285],[1.02269,51.32881],[1.0234,51.32912],[1.02412,51.32943],[1.02484,51.32972],[1.02557,51.33001],[1.0263,51.3303],[1.02704,51.33058],[1.02779,51.33085],[1.02854,51.33112],[1.0293,51.33138],[1.03006,51.33163],[1.03083,51.33188],[1.0316,51.33212],[1.03238,51.33236],[1.03316,51.33259],[1.03395,51.33281],[1.03474,51.33302],[1.03554,51.33323],[1.03634,51.33344],[1.03715,51.33363],[1.03796,51.33382],[1.03877,51.334],[1.03959,51.33418],[1.04041,51.33435],[1.04124,51.33451],[1.04206,51.33466],[1.0429,51.33481],[1.04373,51.33495],[1.04457,51.33508],[1.04541,51.33521],[1.04625,51.33533],[1.0471,51.33544],[1.04794,51.33555],[1.04879,51.33565],[1.04964,51.33574],[1.0505,51.33583],[1.05135,51.3359],[1.05221,51.33597],[1.05307,51.33604],[1.05393,51.33609],[1.05479,51.33614],[1.05565,51.33619],[1.05651,51.33622],[1.05738,51.33625],[1.05824,51.33627],[1.0591,51.33628],[1.05997,51.33629],[1.06083,51.33629],[1.0617,51.33628],[1.06256,51.33626],[1.06342,51.33624],[1.06429,51.33621],[1.06515,51.33617],[1.06601,51.33613],[1.06687,51.33608],[1.06773,51.33602],[1.06859,51.33595],[1.06944,51.33588],[1.0703,51.3358],[1.07115,51.33572],[1.072,51.33562],[1.07285,51.33552],[1.0737,51.33541],[1.07454,51.3353],[1.07538,51.33518],[1.07622,51.33505],[1.07706,51.33491],[1.07789,51.33477],[1.07872,51.33462],[1.07955,51.33446],[1.08037,51.3343],[1.08119,51.33413],[1.08201,51.33395],[1.08282,51.33377],[1.08363,51.33357],[1.08444,51.33338],[1.08524,51.33317],[1.08603,51.33296],[1.08682,51.33274],[1.08761,51.33252],[1.08839,51.33229],[1.08917,51.33205],[1.08994,51.33181],[1.09071,51.33156],[1.09147,51.3313],[1.09223,51.33104],[1.09298,51.33077],[1.09372,51.3305],[1.09446,51.33022],[1.09519,51.32993],[1.09592,51.32964],[1.09664,51.32934],[1.09735,51.32903],[1.09806,51.32872],[1.09876,51.3284],[1.09945,51.32808],[1.10014,51.32775],[1.10082,51.32742],[1.10149,51.32708],[1.10216,51.32673],[1.10282,51.32638],[1.10347,51.32603],[1.10411,51.32566],[1.10474,51.3253],[1.10537,51.32493],[1.10599,51.32455],[1.1066,51.32417],[1.10721,51.32378],[1.1078,51.32339],[1.10839,51.32299],[1.10897,51.32259],[1.10953,51.32218],[1.1101,51.32177],[1.11065,51.32135],[1.11119,51.32093],[1.11173,51.3205],[1.11225,51.32007],[1.11277,51.31964],[1.11327,51.3192],[1.11377,51.31876],[1.11426,51.31831],[1.11474,51.31786],[1.11521,51.31741],[1.11567,51.31695],[1.11612,51.31649],[1.11656,51.31602],[1.11699,51.31555],[1.11741,51.31508],[1.11782,51.3146],[1.11821,51.31412],[1.1186,51.31364],[1.11898,51.31315],[1.11935,51.31266],[1.11971,51.31217],[1.12006,51.31168],[1.1204,51.31118],[1.12072,51.31068],[1.12104,51.31017],[1.12135,51.30967],[1.12164,51.30916],[1.12192,51.30865],[1.1222,51.30813],[1.12246,51.30762],[1.12271,51.3071],[1.12295,51.30658],[1.12318,51.30606],[1.1234,51.30553],[1.12361,51.30501],[1.1238,51.30448],[1.12399,51.30395],[1.12416,51.30342],[1.12433,51.30289],[1.12448,51.30236],[1.12462,51.30182],[1.12475,51.30129],[1.12486,51.30075],[1.12497,51.30021],[1.12506,51.29968],[1.12515,51.29914],[1.12522,51.2986],[1.12528,51.29806],[1.12533,51.29752],[1.12537,51.29698],[1.12539,51.29644],[1.12541,51.29589],[1.12541,51.29535],[1.1254,51.29481],[1.12538,51.29427],[1.12535,51.29373]]]}},{"type":"Feature","properties":{"source_code":"G82160","codes":["G82160"],"label":"OAKLANDS HEALTH CENTRE"},"geometry":{"type":"Polygon","coordinates":[[[1.07861,51.09423],[1.08264,51.09357],[1.08825,51.0947],[1.09521,51.09434],[1.09959,51.09459],[1.10345,51.09577],[1.10515,51.09499],[1.10897,51.09562],[1.10891,51.09471],[1.11666,51.09303],[1.11573,51.08793],[1.11505,51.08648],[1.12324,51.08278],[1.12282,51.07656],[1.1313,51.07725],[1.14148,51.07716],[1.14199,51.07605],[1.1446,51.07598],[1.14652,51.07427],[1.14788,51.07295],[1.1394,51.07227],[1.13179,51.07155],[1.12068,51.07075],[1.10984,51.06958],[1.0981,51.06787],[1.08514,51.06547],[1.07479,51.06299],[1.0653,51.06012],[1.05519,51.05672],[1.04713,51.05364],[1.03959,51.04944],[1.03084,51.04453],[1.02778,51.04663],[1.02913,51.04952],[1.03039,51.05096],[1.03204,51.05403],[1.02845,51.05687],[1.02463,51.06082],[1.02346,51.06067],[1.022,51.06052],[1.02024,51.06038],[1.01809,51.05861],[1.01403,51.05871],[1.00776,51.0607],[1.00073,51.06437],[0.99523,51.06487],[0.98196,51.08006],[0.98401,51.08019],[0.98775,51.07954],[0.99294,51.07886],[1.00106,51.07847],[1.003,51.08153],[1.00972,51.08191],[1.01025,51.08556],[1.01143,51.0903],[1.00957,51.09309],[1.00844,51.09807],[1.00713,51.1003],[1.01656,51.09768],[1.02751,51.09593],[1.03211,51.09508],[1.02845,51.097],[1.03059,51.10299],[1.03315,51.10659],[1.03832,51.10994],[1.0424,51.11002],[1.04579,51.10846],[1.04961,51.10452],[1.06902,51.09869],[1.07467,51.09616],[1.07861,51.09423]]]}},{"type":"Feature","properties":{"source_code":"G82802","codes":["G82802"],"label":"CANTERBURY HEALTH CENTRE"},"geometry":{"type":"Polygon","coordinates":[[[1.11401,51.31555],[1.13443,51.30658],[1.14753,51.29277],[1.15044,51.28454],[1.14523,51.27612],[1.1286,51.26107],[1.11712,51.25459],[1.11021,51.25165],[1.09482,51.25137],[1.07641,51.25458],[1.03674,51.26377],[1.00878,51.27169],[0.99664,51.27825],[0.99247,51.28706],[0.9998,51.29652],[1.03493,51.31314],[1.04944,51.31616],[1.07232,51.31461],[1.11401,51.31555]]]}},{"type":"Feature","properties":{"source_code":"G82228","codes":["G82228"],"label":"CANTERBURY MEDICAL PRACTICE"},"geometry":{"type":"Polygon","coordinates":[[[1.04782,51.1759],[0.97641,51.28984],[1.03271,51.31345],[1.11717,51.31173],[1.27647,51.27824],[1.27647,51.20989],[1.20163,51.17805],[1.04782,51.1759]]]}},{"type":"Feature","properties":{"source_code":"G82060","codes":["G82060"],"label":"NORTHGATE MEDICAL PRACTICE"},"geometry":{"type":"Polygon","coordinates":[[[1.20411,51.28024],[1.20405,51.27951],[1.20399,51.27878],[1.20391,51.27805],[1.20382,51.27733],[1.20371,51.2766],[1.2036,51.27588],[1.20348,51.27515],[1.20334,51.27443],[1.20319,51.27371],[1.20303,51.27299],[1.20286,51.27226],[1.20268,51.27155],[1.20249,51.27083],[1.20228,51.27011],[1.20207,51.26939],[1.20184,51.26868],[1.2016,51.26797],[1.20135,51.26725],[1.20109,51.26654],[1.20082,51.26584],[1.20054,51.26513],[1.20025,51.26442],[1.19994,51.26372],[1.19963,51.26302],[1.1993,51.26232],[1.19896,51.26162],[1.19861,51.26093],[1.19825,51.26024],[1.19788,51.25955],[1.1975,51.25886],[1.19711,51.25817],[1.19671,51.25749],[1.19629,51.25681],[1.19587,51.25613],[1.19543,51.25545],[1.19499,51.25478],[1.19453,51.25411],[1.19407,51.25344],[1.19359,51.25278],[1.1931,51.25212],[1.19261,51.25146],[1.1921,51.2508],[1.19158,51.25015],[1.19105,51.2495],[1.19051,51.24886],[1.18996,51.24822],[1.1894,51.24758],[1.18884,51.24694],[1.18826,51.24631],[1.18767,51.24568],[1.18707,51.24506],[1.18646,51.24444],[1.18585,51.24382],[1.18522,51.24321],[1.18458,51.2426],[1.18393,51.24199],[1.18328,51.24139],[1.18261,51.2408],[1.18194,51.2402],[1.18125,51.23962],[1.18056,51.23903],[1.17986,51.23845],[1.17915,51.23787],[1.17843,51.2373],[1.1777,51.23674],[1.17696,51.23617],[1.17621,51.23562],[1.17546,51.23506],[1.17469,51.23452],[1.17392,51.23397],[1.17314,51.23343],[1.17235,51.2329],[1.17155,51.23237],[1.17074,51.23185],[1.16993,51.23133],[1.16911,51.23081],[1.16828,51.23031],[1.16744,51.2298],[1.16659,51.2293],[1.16574,51.22881],[1.16488,51.22832],[1.16401,51.22784],[1.16313,51.22736],[1.16224,51.22689],[1.16135,51.22642],[1.16045,51.22596],[1.15955,51.22551],[1.15863,51.22506],[1.15771,51.22462],[1.15679,51.22418],[1.15585,51.22375],[1.15491,51.22332],[1.15396,51.2229],[1.15301,51.22248],[1.15205,51.22207],[1.15108,51.22167],[1.15011,51.22127],[1.14913,51.22088],[1.14815,51.2205],[1.14716,51.22012],[1.14616,51.21975],[1.14516,51.21938],[1.14415,51.21902],[1.14313,51.21867],[1.14211,51.21832],[1.14109,51.21798],[1.14006,51.21764],[1.13902,51.21732],[1.13798,51.21699],[1.13694,51.21668],[1.13589,51.21637],[1.13483,51.21607],[1.13377,51.21577],[1.13271,51.21548],[1.13164,51.2152],[1.13056,51.21492],[1.12949,51.21465],[1.1284,51.21439],[1.12732,51.21413],[1.12623,51.21388],[1.12513,51.21364],[1.12404,51.2134],[1.12294,51.21318],[1.12183,51.21295],[1.12072,51.21274],[1.11961,51.21253],[1.1185,51.21233],[1.11738,51.21213],[1.11626,51.21194],[1.11513,51.21176],[1.11401,51.21159],[1.11288,51.21142],[1.11175,51.21126],[1.11061,51.21111],[1.10948,51.21096],[1.10834,51.21082],[1.1072,51.21069],[1.10605,51.21057],[1.10491,51.21045],[1.10376,51.21034],[1.10262,51.21024],[1.10147,51.21014],[1.10031,51.21005],[1.09916,51.20997],[1.09801,51.20989],[1.09685,51.20982],[1.0957,51.20976],[1.09454,51.20971],[1.09338,51.20966],[1.09222,51.20962],[1.09107,51.20959],[1.08991,51.20957],[1.08875,51.20955],[1.08759,51.20954],[1.08643,51.20953],[1.08527,51.20954],[1.08411,51.20955],[1.08295,51.20957],[1.08179,51.20959],[1.08063,51.20962],[1.07947,51.20966],[1.07831,51.20971],[1.07716,51.20976],[1.076,51.20982],[1.07485,51.20989],[1.07369,51.20997],[1.07254,51.21005],[1.07139,51.21014],[1.07024,51.21024],[1.06909,51.21034],[1.06794,51.21045],[1.0668,51.21057],[1.06566,51.21069],[1.06452,51.21083],[1.06338,51.21097],[1.06224,51.21111],[1.06111,51.21126],[1.05998,51.21142],[1.05885,51.21159],[1.05772,51.21177],[1.0566,51.21195],[1.05548,51.21214],[1.05436,51.21233],[1.05324,51.21253],[1.05213,51.21274],[1.05102,51.21296],[1.04992,51.21318],[1.04882,51.21341],[1.04772,51.21364],[1.04663,51.21389],[1.04554,51.21414],[1.04445,51.21439],[1.04337,51.21466],[1.04229,51.21493],[1.04122,51.2152],[1.04015,51.21549],[1.03908,51.21578],[1.03802,51.21607],[1.03697,51.21637],[1.03592,51.21668],[1.03487,51.217],[1.03383,51.21732],[1.0328,51.21765],[1.03177,51.21798],[1.03074,51.21833],[1.02972,51.21867],[1.02871,51.21903],[1.0277,51.21939],[1.0267,51.21975],[1.0257,51.22013],[1.02471,51.22051],[1.02372,51.22089],[1.02274,51.22128],[1.02177,51.22168],[1.02081,51.22208],[1.01984,51.22249],[1.01889,51.22291],[1.01794,51.22333],[1.017,51.22375],[1.01607,51.22419],[1.01514,51.22462],[1.01422,51.22507],[1.01331,51.22552],[1.0124,51.22597],[1.0115,51.22643],[1.01061,51.2269],[1.00973,51.22737],[1.00885,51.22785],[1.00798,51.22833],[1.00712,51.22882],[1.00627,51.22931],[1.00542,51.22981],[1.00458,51.23031],[1.00375,51.23082],[1.00293,51.23134],[1.00211,51.23186],[1.00131,51.23238],[1.00051,51.23291],[0.99972,51.23344],[0.99894,51.23398],[0.99817,51.23453],[0.9974,51.23507],[0.99665,51.23563],[0.9959,51.23619],[0.99516,51.23675],[0.99443,51.23731],[0.99371,51.23789],[0.993,51.23846],[0.9923,51.23904],[0.99161,51.23963],[0.99092,51.24022],[0.99025,51.24081],[0.98958,51.24141],[0.98893,51.24201],[0.98828,51.24261],[0.98764,51.24322],[0.98702,51.24383],[0.9864,51.24445],[0.98579,51.24507],[0.98519,51.2457],[0.9846,51.24632],[0.98402,51.24696],[0.98346,51.24759],[0.9829,51.24823],[0.98235,51.24887],[0.98181,51.24952],[0.98128,51.25017],[0.98076,51.25082],[0.98026,51.25147],[0.97976,51.25213],[0.97927,51.25279],[0.9788,51.25346],[0.97833,51.25413],[0.97787,51.2548],[0.97743,51.25547],[0.97699,51.25614],[0.97657,51.25682],[0.97616,51.2575],[0.97575,51.25819],[0.97536,51.25887],[0.97498,51.25956],[0.97461,51.26025],[0.97425,51.26094],[0.9739,51.26164],[0.97357,51.26234],[0.97324,51.26304],[0.97292,51.26374],[0.97262,51.26444],[0.97233,51.26515],[0.97204,51.26585],[0.97177,51.26656],[0.97151,51.26727],[0.97126,51.26798],[0.97103,51.2687],[0.9708,51.26941],[0.97058,51.27013],[0.97038,51.27084],[0.97019,51.27156],[0.97001,51.27228],[0.96984,51.273],[0.96968,51.27372],[0.96953,51.27445],[0.96939,51.27517],[0.96927,51.27589],[0.96916,51.27662],[0.96905,51.27735],[0.96896,51.27807],[0.96888,51.2788],[0.96882,51.27953],[0.96876,51.28025],[0.96872,51.28098],[0.96868,51.28171],[0.96866,51.28244],[0.96865,51.28317],[0.96865,51.2839],[0.96866,51.28463],[0.96869,51.28535],[0.96872,51.28608],[0.96877,51.28681],[0.96883,51.28754],[0.9689,51.28826],[0.96898,51.28899],[0.96907,51.28972],[0.96918,51.29044],[0.96929,51.29117],[0.96942,51.29189],[0.96956,51.29262],[0.96971,51.29334],[0.96987,51.29406],[0.97004,51.29478],[0.97023,51.2955],[0.97042,51.29622],[0.97063,51.29694],[0.97084,51.29765],[0.97107,51.29837],[0.97131,51.29908],[0.97157,51.29979],[0.97183,51.3005],[0.9721,51.30121],[0.97239,51.30191],[0.97268,51.30262],[0.97299,51.30332],[0.97331,51.30402],[0.97364,51.30472],[0.97398,51.30542],[0.97433,51.30611],[0.97469,51.30681],[0.97506,51.3075],[0.97545,51.30818],[0.97584,51.30887],[0.97625,51.30955],[0.97666,51.31023],[0.97709,51.31091],[0.97753,51.31158],[0.97798,51.31226],[0.97843,51.31293],[0.9789,51.31359],[0.97938,51.31426],[0.97987,51.31492],[0.98037,51.31557],[0.98088,51.31623],[0.98141,51.31688],[0.98194,51.31753],[0.98248,51.31817],[0.98303,51.31881],[0.98359,51.31945],[0.98416,51.32009],[0.98475,51.32072],[0.98534,51.32135],[0.98594,51.32197],[0.98655,51.32259],[0.98717,51.3232],[0.9878,51.32382],[0.98844,51.32442],[0.98909,51.32503],[0.98975,51.32563],[0.99042,51.32623],[0.9911,51.32682],[0.99179,51.3274],[0.99248,51.32799],[0.99319,51.32857],[0.9939,51.32914],[0.99463,51.32971],[0.99536,51.33028],[0.9961,51.33084],[0.99685,51.3314],[0.99761,51.33195],[0.99838,51.33249],[0.99916,51.33304],[0.99994,51.33357],[1.00074,51.33411],[1.00154,51.33463],[1.00235,51.33516],[1.00317,51.33567],[1.004,51.33619],[1.00483,51.33669],[1.00567,51.3372],[1.00652,51.33769],[1.00738,51.33818],[1.00825,51.33867],[1.00912,51.33915],[1.01,51.33963],[1.01089,51.3401],[1.01179,51.34056],[1.01269,51.34102],[1.0136,51.34147],[1.01452,51.34192],[1.01545,51.34236],[1.01638,51.3428],[1.01732,51.34323],[1.01826,51.34366],[1.01921,51.34407],[1.02017,51.34449],[1.02114,51.34489],[1.02211,51.3453],[1.02309,51.34569],[1.02407,51.34608],[1.02506,51.34646],[1.02606,51.34684],[1.02706,51.34721],[1.02807,51.34757],[1.02908,51.34793],[1.0301,51.34828],[1.03112,51.34863],[1.03215,51.34897],[1.03319,51.3493],[1.03423,51.34963],[1.03527,51.34995],[1.03632,51.35026],[1.03738,51.35057],[1.03844,51.35087],[1.0395,51.35116],[1.04057,51.35145],[1.04165,51.35173],[1.04273,51.352],[1.04381,51.35227],[1.0449,51.35253],[1.04599,51.35278],[1.04708,51.35303],[1.04818,51.35327],[1.04928,51.3535],[1.05039,51.35373],[1.0515,51.35395],[1.05261,51.35416],[1.05373,51.35437],[1.05485,51.35456],[1.05597,51.35476],[1.05709,51.35494],[1.05822,51.35512],[1.05935,51.35529],[1.06049,51.35545],[1.06162,51.35561],[1.06276,51.35576],[1.0639,51.3559],[1.06505,51.35604],[1.06619,51.35617],[1.06734,51.35629],[1.06849,51.35641],[1.06964,51.35651],[1.07079,51.35661],[1.07195,51.35671],[1.0731,51.35679],[1.07426,51.35687],[1.07542,51.35694],[1.07658,51.35701],[1.07774,51.35706],[1.0789,51.35711],[1.08006,51.35716],[1.08122,51.35719],[1.08238,51.35722],[1.08355,51.35724],[1.08471,51.35726],[1.08587,51.35727],[1.08704,51.35727],[1.0882,51.35726],[1.08936,51.35724],[1.09053,51.35722],[1.09169,51.35719],[1.09285,51.35716],[1.09401,51.35711],[1.09518,51.35706],[1.09634,51.35701],[1.09749,51.35694],[1.09865,51.35687],[1.09981,51.35679],[1.10096,51.3567],[1.10212,51.35661],[1.10327,51.35651],[1.10442,51.3564],[1.10557,51.35629],[1.10672,51.35616],[1.10786,51.35604],[1.10901,51.3559],[1.11015,51.35576],[1.11129,51.35561],[1.11242,51.35545],[1.11356,51.35528],[1.11469,51.35511],[1.11582,51.35494],[1.11694,51.35475],[1.11806,51.35456],[1.11918,51.35436],[1.1203,51.35415],[1.12141,51.35394],[1.12252,51.35372],[1.12363,51.35349],[1.12473,51.35326],[1.12583,51.35302],[1.12692,51.35277],[1.12801,51.35252],[1.1291,51.35226],[1.13018,51.35199],[1.13126,51.35172],[1.13233,51.35144],[1.1334,51.35115],[1.13447,51.35086],[1.13553,51.35056],[1.13658,51.35025],[1.13763,51.34993],[1.13868,51.34961],[1.13972,51.34929],[1.14075,51.34896],[1.14178,51.34862],[1.14281,51.34827],[1.14383,51.34792],[1.14484,51.34756],[1.14585,51.3472],[1.14685,51.34683],[1.14784,51.34645],[1.14883,51.34607],[1.14982,51.34568],[1.1508,51.34528],[1.15177,51.34488],[1.15273,51.34447],[1.15369,51.34406],[1.15464,51.34364],[1.15559,51.34322],[1.15652,51.34279],[1.15746,51.34235],[1.15838,51.34191],[1.1593,51.34146],[1.16021,51.34101],[1.16111,51.34055],[1.16201,51.34008],[1.1629,51.33961],[1.16378,51.33914],[1.16465,51.33866],[1.16552,51.33817],[1.16638,51.33768],[1.16723,51.33718],[1.16807,51.33668],[1.1689,51.33617],[1.16973,51.33566],[1.17055,51.33514],[1.17136,51.33462],[1.17216,51.33409],[1.17295,51.33356],[1.17374,51.33302],[1.17451,51.33248],[1.17528,51.33193],[1.17604,51.33138],[1.17679,51.33082],[1.17753,51.33026],[1.17827,51.32969],[1.17899,51.32912],[1.1797,51.32855],[1.18041,51.32797],[1.18111,51.32739],[1.18179,51.3268],[1.18247,51.32621],[1.18314,51.32561],[1.1838,51.32501],[1.18445,51.32441],[1.18509,51.3238],[1.18572,51.32319],[1.18634,51.32257],[1.18695,51.32195],[1.18755,51.32133],[1.18814,51.3207],[1.18873,51.32007],[1.1893,51.31943],[1.18986,51.3188],[1.19041,51.31816],[1.19095,51.31751],[1.19148,51.31686],[1.192,51.31621],[1.19251,51.31556],[1.19301,51.3149],[1.1935,51.31424],[1.19398,51.31357],[1.19445,51.31291],[1.19491,51.31224],[1.19536,51.31157],[1.19579,51.31089],[1.19622,51.31021],[1.19664,51.30953],[1.19704,51.30885],[1.19744,51.30816],[1.19782,51.30748],[1.19819,51.30679],[1.19855,51.30609],[1.19891,51.3054],[1.19924,51.3047],[1.19957,51.304],[1.19989,51.3033],[1.2002,51.3026],[1.20049,51.3019],[1.20078,51.30119],[1.20105,51.30048],[1.20131,51.29977],[1.20157,51.29906],[1.20181,51.29835],[1.20203,51.29763],[1.20225,51.29692],[1.20246,51.2962],[1.20265,51.29548],[1.20284,51.29476],[1.20301,51.29404],[1.20317,51.29332],[1.20332,51.2926],[1.20346,51.29187],[1.20358,51.29115],[1.2037,51.29043],[1.2038,51.2897],[1.20389,51.28897],[1.20398,51.28825],[1.20405,51.28752],[1.2041,51.28679],[1.20415,51.28606],[1.20419,51.28534],[1.20421,51.28461],[1.20422,51.28388],[1.20422,51.28315],[1.20421,51.28242],[1.20419,51.28169],[1.20416,51.28096],[1.20411,51.28024]]]}},{"type":"Feature","properties":{"source_code":"G82018","codes":["G82018"],"label":"SUN LANE"},"geometry":{"type":"Polygon","coordinates":[[[1.07221,51.09715],[1.08121,51.09426],[1.08848,51.09431],[1.09157,51.09471],[1.09652,51.09434],[1.10277,51.0961],[1.10996,51.09494],[1.1182,51.09231],[1.1239,51.09168],[1.1328,51.09313],[1.13374,51.08997],[1.13743,51.08794],[1.14244,51.08853],[1.14474,51.08847],[1.14386,51.0868],[1.14112,51.08591],[1.13911,51.08452],[1.1386,51.08261],[1.14226,51.0801],[1.14251,51.07816],[1.14243,51.07696],[1.14435,51.07715],[1.14694,51.07587],[1.14871,51.07366],[1.14791,51.0732],[1.14407,51.07306],[1.13674,51.07205],[1.13058,51.07149],[1.12443,51.07118],[1.11557,51.07021],[1.10941,51.06965],[1.10091,51.06843],[1.092,51.06674],[1.08231,51.06482],[1.07259,51.06243],[1.06282,51.05931],[1.05499,51.05662],[1.04712,51.05321],[1.04001,51.04978],[1.02885,51.04284],[1.02888,51.04332],[1.02217,51.04591],[1.01563,51.05114],[1.01543,51.05403],[1.01331,51.05674],[1.0085,51.05927],[1.00628,51.0603],[1.00144,51.06235],[0.99852,51.06459],[0.99808,51.06967],[0.99737,51.07643],[0.99825,51.08412],[1.00088,51.09514],[1.00326,51.10231],[1.00611,51.10489],[1.01198,51.10691],[1.01591,51.1085],[1.02015,51.10887],[1.02709,51.10965],[1.03177,51.11098],[1.04029,51.11244],[1.04413,51.11258],[1.04894,51.11005],[1.05442,51.10605],[1.06213,51.10103],[1.0685,51.09893],[1.07221,51.09715]]]}},{"type":"Feature","properties":{"source_code":"G82652","codes":["G82652"],"label":"CHURCH ROAD"},"geometry":{"type":"Polygon","coordinates":[[[1.12761,51.08788],[1.10185,51.0878],[1.07967,51.08643],[1.06463,51.09034],[1.06034,51.09379],[1.05644,51.09298],[1.04998,51.09352],[1.04871,51.09529],[1.04494,51.09892],[1.03973,51.10041],[1.03932,51.10061],[1.03465,51.1016],[1.0298,51.10287],[1.03234,51.1076],[1.0318,51.10891],[1.0299,51.11021],[1.02574,51.11206],[1.03031,51.11328],[1.02516,51.11606],[1.02181,51.11938],[1.01536,51.12331],[1.02195,51.13402],[1.03023,51.13484],[1.03619,51.13594],[1.03715,51.13846],[1.03194,51.14259],[1.03232,51.14568],[1.03558,51.1576],[1.0452,51.19701],[1.04576,51.19771],[1.04675,51.19824],[1.04669,51.19896],[1.04723,51.19942],[1.04921,51.19975],[1.0516,51.19969],[1.05277,51.19997],[1.05395,51.20679],[1.05526,51.2113],[1.05642,51.21662],[1.06022,51.21663],[1.06486,51.21621],[1.06633,51.21615],[1.06651,51.21692],[1.06766,51.21644],[1.06894,51.21646],[1.07175,51.21672],[1.07242,51.21641],[1.07383,51.2164],[1.07765,51.21564],[1.08182,51.21556],[1.09491,51.2171],[1.09798,51.21671],[1.10128,51.21621],[1.10335,51.21598],[1.10466,51.21634],[1.10746,51.21738],[1.11484,51.22033],[1.11484,51.21606],[1.1152,51.21473],[1.11608,51.21406],[1.1189,51.21279],[1.12031,51.21221],[1.12186,51.21237],[1.12344,51.21239],[1.12529,51.21168],[1.12793,51.21333],[1.13553,51.21413],[1.13637,51.21429],[1.13698,51.21414],[1.13782,51.21434],[1.13847,51.21485],[1.14045,51.21581],[1.14112,51.21627],[1.14185,51.21683],[1.14545,51.21913],[1.14686,51.21944],[1.14792,51.21998],[1.15026,51.22105],[1.15452,51.22054],[1.15675,51.2203],[1.16189,51.21674],[1.16673,51.21282],[1.17031,51.20964],[1.17199,51.20797],[1.17331,51.20628],[1.18541,51.19424],[1.18981,51.18759],[1.19899,51.18262],[1.19704,51.17444],[1.19705,51.16949],[1.19761,51.15614],[1.19486,51.15283],[1.19813,51.1507],[1.20174,51.14574],[1.19909,51.14495],[1.19704,51.14308],[1.19736,51.14083],[1.20215,51.13869],[1.20288,51.13804],[1.20285,51.13729],[1.202,51.13552],[1.19374,51.13346],[1.19169,51.12615],[1.18945,51.11934],[1.18486,51.11489],[1.1831,51.11443],[1.18185,51.1125],[1.1824,51.11071],[1.18157,51.10961],[1.17616,51.10652],[1.17209,51.10421],[1.17282,51.10248],[1.1707,51.10199],[1.16823,51.10257],[1.16402,51.10026],[1.15945,51.09978],[1.15806,51.09839],[1.15722,51.0968],[1.15522,51.09605],[1.15812,51.09489],[1.15771,51.09132],[1.15674,51.08905],[1.15541,51.08595],[1.15167,51.08637],[1.14778,51.08715],[1.14243,51.08817],[1.14195,51.088],[1.1416,51.08767],[1.14151,51.08695],[1.14064,51.08632],[1.13845,51.08536],[1.13476,51.08584],[1.12761,51.0879],[1.12761,51.08788]]]}},{"type":"Feature","properties":{"source_code":"G82115","codes":["G82115"],"label":"NEW DOVER ROAD SURGERY"},"geometry":{"type":"Polygon","coordinates":[[[1.14331,51.3364],[1.15726,51.3343],[1.16417,51.33476],[1.17542,51.33337],[1.18263,51.33318],[1.19211,51.33098],[1.19679,51.32418],[1.2067,51.32326],[1.2138,51.32156],[1.21348,51.31704],[1.21327,51.31403],[1.21867,51.31259],[1.21989,51.3104],[1.22195,51.31035],[1.22352,51.30815],[1.22654,51.3072],[1.22707,51.30633],[1.2279,51.3035],[1.22485,51.29928],[1.22212,51.29462],[1.22419,51.28982],[1.22399,51.28702],[1.22277,51.28426],[1.21938,51.28004],[1.21637,51.27625],[1.21452,51.27436],[1.21388,51.27007],[1.21331,51.26685],[1.21198,51.26258],[1.2155,51.25882],[1.21532,51.25624],[1.21083,51.25098],[1.20564,51.24552],[1.20269,51.24259],[1.20037,51.23877],[1.19749,51.23691],[1.19663,51.23435],[1.19909,51.23019],[1.20378,51.2236],[1.19769,51.21989],[1.18338,51.2164],[1.17793,51.21203],[1.17453,51.20738],[1.16859,51.20582],[1.16267,51.19952],[1.15732,51.19643],[1.15301,51.19353],[1.14865,51.18998],[1.14534,51.18663],[1.13887,51.18228],[1.13029,51.17712],[1.12714,51.17613],[1.12262,51.17517],[1.11343,51.17606],[1.08214,51.17452],[1.07586,51.17275],[1.05338,51.17485],[1.02286,51.17973],[1.00915,51.1956],[0.96675,51.2053],[0.95258,51.21427],[0.93764,51.23813],[0.92707,51.25002],[0.91298,51.2661],[0.89909,51.2854],[0.90379,51.29455],[0.9258,51.30025],[0.94858,51.30721],[1.00375,51.32057],[1.0265,51.32246],[1.07018,51.328],[1.12266,51.33113],[1.14331,51.3364]]]}},{"type":"Feature","properties":{"source_code":"G82165","codes":["G82165"],"label":"HAWKINGE AND ELHAM"},"geometry":{"type":"Polygon","coordinates":[[[1.1695,51.10034],[1.15644,51.09998],[1.14175,51.10074],[1.13611,51.10124],[1.12977,51.09963],[1.12521,51.09939],[1.11892,51.09849],[1.11523,51.09431],[1.11224,51.09189],[1.10608,51.09312],[1.09234,51.09099],[1.07644,51.09069],[1.0568,51.09371],[1.04442,51.0951],[1.03883,51.09632],[1.0394,51.0963],[1.04003,51.10593],[1.04491,51.11972],[1.04899,51.1214],[1.0497,51.12352],[1.04604,51.12826],[1.04625,51.13147],[1.05005,51.13744],[1.04896,51.14675],[1.05042,51.16027],[1.05214,51.17772],[1.05358,51.19089],[1.05726,51.20365],[1.05913,51.21466],[1.07069,51.21757],[1.07698,51.21812],[1.08965,51.22064],[1.09424,51.22124],[1.09233,51.22664],[1.09536,51.22942],[1.11135,51.23042],[1.12445,51.23078],[1.13841,51.23541],[1.14821,51.22908],[1.1595,51.21949],[1.16816,51.21319],[1.17882,51.2029],[1.18412,51.1974],[1.18989,51.19046],[1.19857,51.18451],[1.203,51.17475],[1.20337,51.16368],[1.2079,51.14713],[1.21169,51.13632],[1.20947,51.12888],[1.20299,51.12549],[1.20297,51.12513],[1.20324,51.12084],[1.1996,51.11737],[1.19354,51.11183],[1.18318,51.10961],[1.17383,51.10558],[1.1695,51.10034]]]}},{"type":"Feature","properties":{"source_code":"G82090","codes":["G82090"],"label":"THE HERON MEDICAL PRACTICE"},"geometry":{"type":"Polygon","coordinates":[[[1.20393,51.38004],[1.20442,51.37495],[1.20383,51.36428],[1.20407,51.35385],[1.20403,51.34855],[1.20415,51.33875],[1.20311,51.32831],[1.18013,51.32825],[1.13112,51.32909],[1.11235,51.3293],[1.07793,51.33001],[1.07832,51.33997],[1.0786,51.3441],[1.07945,51.35198],[1.08013,51.36212],[1.08117,51.36802],[1.08119,51.36829],[1.08457,51.36811],[1.08926,51.36808],[1.0943,51.36839],[1.09754,51.36977],[1.09838,51.37305],[1.10239,51.37256],[1.10746,51.37164],[1.11398,51.37167],[1.12116,51.37216],[1.12743,51.37286],[1.138,51.37297],[1.1539,51.37361],[1.16499,51.37438],[1.17221,51.37545],[1.17647,51.37641],[1.18057,51.37717],[1.1859,51.3778],[1.19311,51.37868],[1.19925,51.37987],[1.20393,51.38004]]]}},{"type":"Feature","properties":{"source_code":"G82119","codes":["G82119"],"label":"PARK SURGERY"},"geometry":{"type":"Polygon","coordinates":[[[1.23924,51.34778],[1.21733,51.33735],[1.21458,51.33221],[1.20657,51.32729],[1.18639,51.32141],[1.15667,51.32297],[1.14135,51.32127],[1.12121,51.32797],[1.12078,51.32793],[1.11388,51.33495],[1.10992,51.33894],[1.10721,51.34982],[1.10691,51.35093],[1.09631,51.35145],[1.08826,51.35047],[1.0795,51.36166],[1.06669,51.37485],[1.22602,51.38283],[1.23239,51.37547],[1.23334,51.37048],[1.23773,51.36248],[1.23924,51.34778]]]}},{"type":"Feature","properties":{"source_code":"G82082","codes":["G82082"],"label":"STURRY SURGERY"},"geometry":{"type":"Polygon","coordinates":[[[1.13541,51.23986],[1.09917,51.237],[1.07037,51.23904],[1.05658,51.2378],[1.05109,51.23922],[1.046,51.23904],[1.04002,51.24079],[1.00279,51.24589],[0.99069,51.25512],[0.98072,51.26589],[0.98062,51.28789],[1.00903,51.31042],[1.02307,51.31516],[1.03206,51.32035],[1.07258,51.33299],[1.11904,51.34292],[1.16567,51.34772],[1.19259,51.34699],[1.21939,51.33],[1.22581,51.31995],[1.225,51.30849],[1.21761,51.29723],[1.20582,51.2813],[1.19638,51.26976],[1.1921,51.26669],[1.18249,51.25994],[1.17046,51.25485],[1.16517,51.25181],[1.1531,51.24608],[1.13959,51.24166],[1.13541,51.23986]]]}},{"type":"Feature","properties":{"source_code":"G82121","codes":["G82121"],"label":"SANDGATE ROAD"},"geometry":{"type":"MultiPolygon","coordinates":[[[[1.16952,51.08119],[1.16984,51.08141],[1.16982,51.08141],[1.16985,51.08141],[1.16993,51.08134],[1.17007,51.08142],[1.17008,51.08136],[1.16952,51.08119]]],[[[1.17005,51.08149],[1.16985,51.08141],[1.16983,51.08143],[1.17005,51.08149],[1.17005,51.08149]]],[[[1.17021,51.08155],[1.17015,51.08153],[1.17005,51.08149],[1.17002,51.08162],[1.17021,51.08155]]],[[[1.17007,51.08142],[1.17005,51.08149],[1.17015,51.08153],[1.17022,51.08155],[1.17021,51.08155],[1.17045,51.08164],[1.17007,51.08142]]],[[[1.17002,51.08162],[1.16998,51.08163],[1.17001,51.08166],[1.17002,51.08162]]],[[[1.17082,51.08229],[1.1712,51.08249],[1.1706,51.0819],[1.17082,51.08229]]],[[[1.12112,51.07225],[1.11891,51.07271],[1.12031,51.07293],[1.12302,51.07319],[1.12466,51.07301],[1.12809,51.074],[1.12918,51.07436],[1.13092,51.07492],[1.1308,51.07621],[1.12854,51.07649],[1.12936,51.07874],[1.12968,51.08062],[1.13,51.08075],[1.1333,51.08016],[1.13618,51.08],[1.1392,51.07972],[1.1402,51.0802],[1.13697,51.08252],[1.13764,51.08413],[1.13886,51.08556],[1.13966,51.08614],[1.14086,51.08647],[1.14579,51.08507],[1.15016,51.0842],[1.15148,51.08432],[1.15557,51.08425],[1.15596,51.08711],[1.15704,51.0897],[1.15824,51.09231],[1.15852,51.09374],[1.15799,51.09514],[1.16614,51.0972],[1.17027,51.09655],[1.17176,51.09256],[1.17389,51.09014],[1.17517,51.08717],[1.17232,51.0849],[1.17038,51.08318],[1.17059,51.0828],[1.17086,51.08259],[1.17108,51.08262],[1.17099,51.0825],[1.17084,51.08232],[1.17082,51.08229],[1.17017,51.08194],[1.17009,51.08188],[1.16952,51.08169],[1.1697,51.08154],[1.16983,51.08143],[1.16913,51.0812],[1.16982,51.08141],[1.16981,51.0814],[1.16897,51.08105],[1.16928,51.08111],[1.16952,51.08119],[1.16936,51.08107],[1.1697,51.08102],[1.17092,51.07928],[1.17232,51.07686],[1.17223,51.07689],[1.17324,51.07511],[1.17089,51.0744],[1.16974,51.07404],[1.16854,51.07372],[1.16654,51.07355],[1.1631,51.07317],[1.1568,51.07349],[1.14487,51.07311],[1.1332,51.0719],[1.12716,51.07154],[1.12388,51.07149],[1.12112,51.07225]]]]}},{"type":"Feature","properties":{"source_code":"G82232","codes":["G82232"],"label":"MANOR CLINIC"},"geometry":{"type":"MultiPolygon","coordinates":[[[[1.12736,51.0711],[1.1286,51.06875],[1.11999,51.07185],[1.12434,51.07141],[1.12736,51.0711]]],[[[1.12608,51.07352],[1.12523,51.07317],[1.12579,51.07407],[1.12608,51.07352]]],[[[1.12215,51.07462],[1.12486,51.07549],[1.12266,51.07324],[1.12215,51.07462]]],[[[1.12501,51.07554],[1.12486,51.07549],[1.12497,51.07561],[1.12501,51.07554]]],[[[1.12579,51.07407],[1.12501,51.07554],[1.12713,51.07623],[1.12579,51.07407]]],[[[1.18655,51.07912],[1.16989,51.0721],[1.17287,51.0764],[1.17359,51.07673],[1.17448,51.07849],[1.17628,51.07844],[1.17685,51.07924],[1.1787,51.08],[1.18655,51.07912]]],[[[1.18655,51.07912],[1.19261,51.08167],[1.19392,51.08156],[1.18725,51.07904],[1.18655,51.07912]]],[[[1.12215,51.07462],[1.09025,51.06434],[1.10593,51.0884],[1.11549,51.08567],[1.11866,51.08408],[1.12215,51.07462]]],[[[1.10613,51.08871],[1.10593,51.0884],[1.09479,51.09158],[1.10613,51.08871]]],[[[1.11796,51.09593],[1.11456,51.09604],[1.11768,51.09605],[1.11796,51.09593]]],[[[1.14756,51.09499],[1.14704,51.09501],[1.14605,51.09617],[1.14654,51.09617],[1.14756,51.09499]]],[[[1.15035,51.0949],[1.149,51.09618],[1.15766,51.09621],[1.15706,51.09469],[1.15035,51.0949]]],[[[1.15826,51.09657],[1.15817,51.09621],[1.15766,51.09621],[1.15784,51.09665],[1.15826,51.09657]]],[[[1.149,51.09618],[1.14654,51.09617],[1.13547,51.1089],[1.149,51.09618]]],[[[1.14605,51.09617],[1.11768,51.09605],[1.11564,51.09692],[1.12039,51.10012],[1.13451,51.10964],[1.14605,51.09617]]],[[[1.17134,51.09657],[1.17614,51.09514],[1.17948,51.09505],[1.176,51.09866],[1.17855,51.0998],[1.16249,51.11312],[1.16204,51.11313],[1.15853,51.11677],[1.2373,51.10046],[1.19261,51.08167],[1.17915,51.08274],[1.17924,51.08403],[1.17863,51.08471],[1.18193,51.08947],[1.18051,51.08757],[1.18025,51.08757],[1.1794,51.08646],[1.17804,51.08536],[1.17863,51.08471],[1.17287,51.0764],[1.17226,51.07612],[1.16746,51.0714],[1.16763,51.07608],[1.16349,51.07587],[1.16016,51.07596],[1.15682,51.07605],[1.15396,51.07564],[1.15234,51.07455],[1.16767,51.0708],[1.14867,51.07351],[1.14608,51.07326],[1.14142,51.0729],[1.13854,51.07217],[1.13439,51.07163],[1.12868,51.07097],[1.12736,51.0711],[1.12608,51.07352],[1.12708,51.07393],[1.12892,51.07453],[1.12996,51.07467],[1.13054,51.07562],[1.1303,51.07595],[1.1285,51.076],[1.12838,51.07663],[1.1396,51.08024],[1.11988,51.08523],[1.11443,51.09554],[1.11807,51.08569],[1.10613,51.08871],[1.1116,51.09709],[1.13731,51.08436],[1.13845,51.08611],[1.14003,51.08655],[1.11796,51.09593],[1.14704,51.09501],[1.15419,51.08666],[1.15495,51.08648],[1.14756,51.09499],[1.15035,51.0949],[1.15642,51.08919],[1.15682,51.09129],[1.15817,51.09621],[1.16025,51.09622],[1.15826,51.09657],[1.15928,51.10029],[1.15784,51.09665],[1.14741,51.0985],[1.13593,51.10897],[1.14748,51.11356],[1.16204,51.11313],[1.176,51.09866],[1.17134,51.09657]]],[[[1.12884,51.07897],[1.12896,51.07891],[1.12831,51.07698],[1.12838,51.07663],[1.12713,51.07623],[1.12884,51.07897]]],[[[1.12884,51.07897],[1.12844,51.07917],[1.12989,51.08065],[1.12884,51.07897]]],[[[1.12844,51.07917],[1.12497,51.07561],[1.12116,51.08283],[1.12844,51.07917]]],[[[1.12039,51.08427],[1.12025,51.08454],[1.13395,51.0804],[1.12039,51.08427]]],[[[1.12039,51.08427],[1.12116,51.08283],[1.11866,51.08408],[1.11838,51.08485],[1.12039,51.08427]]],[[[1.12025,51.08454],[1.11827,51.08513],[1.11807,51.08569],[1.11988,51.08523],[1.12025,51.08454]]],[[[1.11827,51.08513],[1.11838,51.08485],[1.11549,51.08567],[1.11398,51.08643],[1.11827,51.08513]]]]}},{"type":"Feature","properties":{"source_code":"G82091","codes":["G82091"],"label":"GUILDHALL STREET SURGERY"},"geometry":{"type":"Polygon","coordinates":[[[1.17412,51.10115],[1.17954,51.09932],[1.18117,51.0995],[1.18878,51.09839],[1.19604,51.09729],[1.19926,51.09731],[1.20423,51.09932],[1.20696,51.10003],[1.20999,51.09984],[1.21359,51.0976],[1.21433,51.09544],[1.2127,51.09514],[1.21104,51.0944],[1.20934,51.09298],[1.20861,51.09278],[1.20635,51.09115],[1.20483,51.08995],[1.20509,51.08848],[1.20482,51.08714],[1.20513,51.08645],[1.20381,51.08548],[1.20487,51.08533],[1.20517,51.08443],[1.20263,51.08393],[1.2026,51.08348],[1.20418,51.0831],[1.20636,51.0836],[1.2067,51.08337],[1.20577,51.08283],[1.20593,51.08249],[1.20538,51.08228],[1.20341,51.08233],[1.20253,51.08247],[1.20374,51.08187],[1.20302,51.08189],[1.20125,51.08206],[1.19984,51.08243],[1.19734,51.08239],[1.19427,51.08202],[1.1913,51.08041],[1.18904,51.07878],[1.18995,51.07899],[1.1899,51.0782],[1.19262,51.07621],[1.19277,51.07587],[1.19,51.07718],[1.18782,51.07657],[1.18366,51.07589],[1.18114,51.07562],[1.17755,51.07549],[1.17464,51.07478],[1.171,51.07387],[1.16937,51.07346],[1.16862,51.07303],[1.16948,51.07245],[1.16907,51.07178],[1.16836,51.0718],[1.16734,51.07251],[1.16666,51.07309],[1.16627,51.07265],[1.16591,51.07254],[1.16483,51.07246],[1.16284,51.07218],[1.15984,51.07271],[1.15396,51.07298],[1.14626,51.07285],[1.13799,51.07206],[1.12989,51.07126],[1.12631,51.07125],[1.12642,51.07552],[1.12709,51.08271],[1.12819,51.08854],[1.12813,51.09552],[1.12877,51.09979],[1.13092,51.09984],[1.13341,51.09955],[1.13616,51.10049],[1.13751,51.10192],[1.13892,51.10165],[1.14018,51.10173],[1.14247,51.10133],[1.14459,51.10083],[1.14459,51.10094],[1.1456,51.1026],[1.14536,51.1043],[1.14512,51.10599],[1.14452,51.10781],[1.14532,51.10903],[1.14829,51.11053],[1.15041,51.11283],[1.15265,51.11424],[1.1556,51.1154],[1.15944,51.11664],[1.1634,51.11699],[1.16484,51.11717],[1.16685,51.11509],[1.16868,51.11302],[1.17125,51.11137],[1.17144,51.10641],[1.17241,51.10492],[1.17412,51.10115]]]}},{"type":"Feature","properties":{"source_code":"G82086","codes":["G82086"],"label":"THE NEW SURGERY"},"geometry":{"type":"Polygon","coordinates":[[[1.24438,51.10023],[1.24431,51.09923],[1.24412,51.09924],[1.2433,51.09888],[1.24293,51.09927],[1.24254,51.09941],[1.24173,51.09918],[1.24099,51.09995],[1.23961,51.10011],[1.23743,51.10017],[1.23444,51.09988],[1.2332,51.09929],[1.23325,51.09991],[1.23265,51.09993],[1.23241,51.09931],[1.22901,51.09891],[1.22842,51.09905],[1.22602,51.09874],[1.22539,51.09826],[1.22437,51.09778],[1.22257,51.09758],[1.22218,51.09772],[1.22036,51.09727],[1.21916,51.09705],[1.21794,51.09671],[1.2151,51.09579],[1.21307,51.0951],[1.21247,51.09511],[1.21061,51.09404],[1.20874,51.09284],[1.20835,51.09285],[1.20708,51.09176],[1.20563,51.09093],[1.20477,51.08995],[1.20418,51.08997],[1.20494,51.08957],[1.2047,51.08895],[1.20468,51.08858],[1.20463,51.08783],[1.2042,51.08747],[1.20416,51.08684],[1.20454,51.08658],[1.20432,51.08621],[1.20429,51.08584],[1.20346,51.08536],[1.20426,51.08534],[1.20524,51.08519],[1.20522,51.08494],[1.20518,51.08432],[1.20438,51.08421],[1.20338,51.08412],[1.20218,51.08402],[1.20173,51.08329],[1.20234,51.0834],[1.20333,51.08337],[1.2041,51.0831],[1.20489,51.08308],[1.20672,51.08365],[1.20566,51.08268],[1.20562,51.08218],[1.20306,51.08238],[1.20267,51.08251],[1.20185,51.08216],[1.20105,51.08206],[1.19969,51.08247],[1.19791,51.08252],[1.19608,51.08469],[1.19311,51.08477],[1.19021,51.08598],[1.18752,51.08717],[1.1863,51.08683],[1.18286,51.0858],[1.1788,51.08441],[1.17536,51.08351],[1.16958,51.08304],[1.16484,51.08342],[1.15914,51.0842],[1.1558,51.08466],[1.15584,51.08529],[1.15659,51.08751],[1.15754,51.08986],[1.15828,51.09197],[1.15886,51.0947],[1.1599,51.0953],[1.16272,51.09597],[1.16575,51.09676],[1.16759,51.09759],[1.17382,51.10154],[1.17807,51.09993],[1.18023,51.09949],[1.1828,51.09942],[1.18379,51.09927],[1.1871,51.09843],[1.19099,51.09733],[1.19352,51.09651],[1.19651,51.09668],[1.20042,51.09869],[1.20394,51.10085],[1.20527,51.10293],[1.20578,51.10454],[1.20596,51.10704],[1.20623,51.10816],[1.20708,51.10901],[1.2066,51.11064],[1.20614,51.11253],[1.20753,51.11262],[1.2123,51.11261],[1.22094,51.11125],[1.22701,51.11008],[1.22935,51.10952],[1.23202,51.10794],[1.23448,51.10625],[1.23794,51.10453],[1.24198,51.1028],[1.24438,51.10023]]]}},{"type":"Feature","properties":{"source_code":"G82211","codes":["G82211"],"label":"AYLESHAM MEDICAL PRACTICE"},"geometry":{"type":"Polygon","coordinates":[[[1.29803,51.20315],[1.24297,51.17359],[1.2195,51.17396],[1.20637,51.18011],[1.19501,51.1847],[1.18196,51.1979],[1.17173,51.20727],[1.16056,51.21804],[1.14727,51.22637],[1.15404,51.22955],[1.15416,51.23142],[1.15331,51.2363],[1.14476,51.25933],[1.16476,51.273],[1.19133,51.32948],[1.25665,51.32506],[1.29282,51.32181],[1.30562,51.31733],[1.31008,51.3118],[1.31085,51.31091],[1.31541,51.29181],[1.31621,51.27913],[1.31782,51.25898],[1.31548,51.25055],[1.31416,51.24233],[1.3081,51.23456],[1.30316,51.23024],[1.30098,51.22341],[1.29957,51.21333],[1.2993,51.20703],[1.29666,51.20315],[1.29803,51.20315]]]}},{"type":"Feature","properties":{"source_code":"G82227","codes":["G82227"],"label":"LYDDEN SURGERY"},"geometry":{"type":"MultiPolygon","coordinates":[[[[1.30512,51.14776],[1.33384,51.15123],[1.30859,51.14673],[1.30512,51.14776]]],[[[1.33384,51.15123],[1.34411,51.15305],[1.34437,51.15327],[1.34531,51.15413],[1.34596,51.15455],[1.34412,51.15306],[1.34415,51.15306],[1.3435,51.15239],[1.33384,51.15123]]],[[[1.34596,51.15455],[1.35033,51.15811],[1.34849,51.15647],[1.3475,51.15555],[1.34596,51.15455]]],[[[1.30512,51.14776],[1.30206,51.14739],[1.29909,51.14657],[1.27753,51.14463],[1.25872,51.10671],[1.21355,51.11534],[1.20856,51.13287],[1.17543,51.1534],[1.25953,51.21423],[1.2808,51.15498],[1.30512,51.14776]]]]}},{"type":"Feature","properties":{"source_code":"G82138","codes":["G82138"],"label":"ASH SURGERY"},"geometry":{"type":"MultiPolygon","coordinates":[[[[1.33229,51.2937],[1.33219,51.29368],[1.33187,51.29363],[1.33185,51.29366],[1.33232,51.29372],[1.33229,51.2937]]],[[[1.33229,51.2937],[1.33246,51.29375],[1.33229,51.29369],[1.33226,51.29369],[1.33229,51.2937]]],[[[1.33246,51.29375],[1.33394,51.29423],[1.33289,51.29386],[1.33246,51.29375]]],[[[1.33598,51.29489],[1.33835,51.29567],[1.33264,51.29366],[1.3323,51.29356],[1.33228,51.29357],[1.33598,51.29489]]],[[[1.34056,51.29619],[1.33936,51.2958],[1.33927,51.2958],[1.34189,51.29675],[1.34056,51.29619]]],[[[1.35058,51.29643],[1.35016,51.29662],[1.35019,51.29649],[1.34824,51.29681],[1.34674,51.29713],[1.35058,51.29662],[1.35075,51.2964],[1.35058,51.29643]]],[[[1.34056,51.29619],[1.34398,51.2973],[1.34371,51.29719],[1.34934,51.29655],[1.34999,51.2964],[1.34107,51.29627],[1.33986,51.2959],[1.34056,51.29619]]],[[[1.34398,51.2973],[1.34399,51.2973],[1.34399,51.2973],[1.34398,51.2973]]],[[[1.34189,51.29675],[1.34257,51.29704],[1.34358,51.29737],[1.34189,51.29675]]],[[[1.34433,51.29744],[1.34427,51.29742],[1.34428,51.29745],[1.34433,51.29744]]],[[[1.34661,51.29715],[1.34793,51.29686],[1.34433,51.29744],[1.34435,51.29745],[1.34661,51.29715]]],[[[1.34425,51.29745],[1.3442,51.29739],[1.34399,51.2973],[1.34396,51.2974],[1.34397,51.2975],[1.34425,51.29745]]],[[[1.3443,51.29751],[1.34428,51.29745],[1.34425,51.29745],[1.3443,51.29751]]],[[[1.34396,51.2974],[1.34395,51.2973],[1.34369,51.29735],[1.34391,51.29759],[1.34396,51.2974]]],[[[1.34674,51.29713],[1.34661,51.29715],[1.34443,51.29763],[1.34674,51.29713]]],[[[1.34257,51.29704],[1.33835,51.29567],[1.34401,51.29765],[1.34257,51.29704]]],[[[1.33598,51.29489],[1.33394,51.29423],[1.3441,51.29781],[1.33598,51.29489]]],[[[1.33185,51.29366],[1.33158,51.29362],[1.33139,51.29373],[1.33157,51.29362],[1.33134,51.29359],[1.33162,51.29348],[1.33171,51.29341],[1.3314,51.29325],[1.33177,51.29338],[1.3318,51.29337],[1.33137,51.29322],[1.3318,51.29337],[1.33183,51.29336],[1.33196,51.29323],[1.33214,51.29328],[1.33214,51.29328],[1.33217,51.29327],[1.33213,51.29329],[1.33209,51.29334],[1.33224,51.29326],[1.33203,51.29345],[1.33207,51.29346],[1.33228,51.29325],[1.33312,51.29356],[1.33443,51.2936],[1.33968,51.29582],[1.35012,51.29637],[1.35023,51.29635],[1.35036,51.29641],[1.35053,51.29641],[1.35039,51.29643],[1.35045,51.29645],[1.35058,51.29643],[1.37997,51.28294],[1.38697,51.27157],[1.37672,51.26399],[1.37477,51.26284],[1.37164,51.26122],[1.3538,51.2509],[1.3364,51.24085],[1.32254,51.2332],[1.31095,51.2227],[1.31189,51.20494],[1.302,51.2051],[1.29101,51.20645],[1.28992,51.20755],[1.28535,51.20792],[1.28079,51.207],[1.2787,51.20526],[1.27627,51.20422],[1.26182,51.20188],[1.25115,51.20479],[1.24374,51.20705],[1.23912,51.2085],[1.23449,51.21038],[1.23164,51.21332],[1.22639,51.21497],[1.21478,51.2163],[1.2133,51.22085],[1.20626,51.2286],[1.20564,51.23383],[1.19634,51.23123],[1.19219,51.23207],[1.17639,51.24563],[1.15856,51.25661],[1.16121,51.26644],[1.16362,51.27287],[1.16521,51.27438],[1.16778,51.27585],[1.1703,51.27671],[1.17197,51.27945],[1.17396,51.27971],[1.17965,51.28358],[1.18218,51.28444],[1.18182,51.2863],[1.18764,51.29202],[1.19087,51.29596],[1.19327,51.30208],[1.19698,51.30569],[1.20465,51.3095],[1.2078,51.3122],[1.20934,51.31309],[1.21337,51.31421],[1.22224,51.31397],[1.23061,51.31374],[1.23563,51.31484],[1.23854,51.31414],[1.24105,51.31469],[1.24253,51.31465],[1.24548,51.31456],[1.24754,51.31574],[1.25009,51.31691],[1.25123,51.31904],[1.25085,51.3206],[1.25093,51.32184],[1.25458,51.32155],[1.25788,51.32226],[1.26225,51.32121],[1.26424,51.32147],[1.26818,51.32136],[1.27248,51.31938],[1.27591,51.31897],[1.28135,51.31913],[1.28489,51.32027],[1.28836,51.32048],[1.29179,51.32008],[1.29468,51.31907],[1.29757,51.31806],[1.30095,51.31703],[1.30487,51.31661],[1.30931,51.31649],[1.31428,51.31697],[1.33185,51.29366]]],[[[1.33186,51.29339],[1.3318,51.29337],[1.3318,51.29337],[1.33186,51.29339],[1.33186,51.29339]]],[[[1.33186,51.29339],[1.33193,51.29341],[1.33213,51.29329],[1.33214,51.29328],[1.33186,51.29339]]],[[[1.33195,51.29342],[1.33193,51.29341],[1.33192,51.29341],[1.33195,51.29342],[1.33195,51.29342]]],[[[1.33183,51.2934],[1.33177,51.29338],[1.33172,51.2934],[1.33171,51.29341],[1.33175,51.29343],[1.33183,51.2934]]],[[[1.33192,51.29341],[1.33186,51.29339],[1.33183,51.2934],[1.3319,51.29343],[1.33192,51.29341]]],[[[1.33195,51.29342],[1.33202,51.29344],[1.33209,51.29334],[1.33195,51.29342]]],[[[1.33202,51.29344],[1.33201,51.29345],[1.33203,51.29345],[1.33203,51.29345],[1.33202,51.29344]]],[[[1.33201,51.29347],[1.332,51.29347],[1.33199,51.29348],[1.33201,51.29347]]],[[[1.33207,51.29347],[1.33203,51.29345],[1.33201,51.29347],[1.33205,51.29349],[1.33207,51.29347]]],[[[1.33199,51.29348],[1.33194,51.29353],[1.33195,51.29353],[1.33199,51.29348]]],[[[1.33175,51.29343],[1.33162,51.29348],[1.3315,51.29358],[1.33155,51.29359],[1.33173,51.29351],[1.33175,51.29352],[1.33183,51.29347],[1.33175,51.29343]]],[[[1.33155,51.29359],[1.33155,51.29359],[1.33156,51.29359],[1.33155,51.29359]]],[[[1.33156,51.29359],[1.33161,51.2936],[1.33161,51.2936],[1.33156,51.29359]]],[[[1.33162,51.2936],[1.33161,51.2936],[1.33157,51.29362],[1.33158,51.29362],[1.33162,51.2936]]],[[[1.33205,51.29349],[1.33205,51.29349],[1.33211,51.29361],[1.33228,51.29357],[1.33205,51.29349]]],[[[1.33192,51.29357],[1.3319,51.29356],[1.33182,51.29363],[1.33187,51.29363],[1.33192,51.29357]]],[[[1.33182,51.29363],[1.33162,51.2936],[1.33162,51.2936],[1.33181,51.29364],[1.33182,51.29363]]],[[[1.33195,51.29353],[1.33192,51.29357],[1.33222,51.29367],[1.33195,51.29353]]],[[[1.33225,51.29368],[1.33216,51.29367],[1.33219,51.29368],[1.33226,51.29369],[1.33225,51.29368]]],[[[1.33222,51.29367],[1.33225,51.29368],[1.33228,51.29369],[1.33222,51.29367]]],[[[1.33228,51.29369],[1.33229,51.29369],[1.33242,51.29371],[1.33228,51.29369]]],[[[1.33207,51.29347],[1.33264,51.29366],[1.33277,51.29371],[1.33207,51.29346],[1.33207,51.29347]]],[[[1.33519,51.29445],[1.33774,51.29524],[1.33312,51.29356],[1.33234,51.29353],[1.33519,51.29445]]],[[[1.33867,51.29558],[1.33519,51.29445],[1.33277,51.29371],[1.33873,51.29577],[1.33927,51.2958],[1.33867,51.29558]]],[[[1.33774,51.29524],[1.33867,51.29558],[1.33936,51.2958],[1.3396,51.29582],[1.33774,51.29524]]],[[[1.3396,51.29582],[1.33986,51.2959],[1.33968,51.29582],[1.3396,51.29582]]],[[[1.35011,51.2964],[1.35022,51.29638],[1.35012,51.29637],[1.34999,51.2964],[1.35011,51.2964]]],[[[1.35035,51.29646],[1.35047,51.29646],[1.35045,51.29645],[1.35035,51.29646]]],[[[1.35035,51.29646],[1.3502,51.29647],[1.35019,51.29649],[1.35035,51.29646]]],[[[1.35011,51.2964],[1.34958,51.29652],[1.35039,51.29643],[1.35036,51.29641],[1.35011,51.2964]]],[[[1.34958,51.29652],[1.34934,51.29655],[1.34793,51.29686],[1.34824,51.29681],[1.34958,51.29652]]],[[[1.34418,51.29736],[1.34402,51.29717],[1.34399,51.2973],[1.34418,51.29736]]],[[[1.34418,51.29736],[1.3442,51.29739],[1.34427,51.29742],[1.34426,51.29739],[1.34418,51.29736]]],[[[1.33192,51.29344],[1.332,51.29347],[1.33201,51.29345],[1.33195,51.29342],[1.33192,51.29344]]],[[[1.33192,51.29344],[1.3319,51.29343],[1.33183,51.29347],[1.33185,51.29348],[1.33192,51.29344]]],[[[1.33185,51.29348],[1.33177,51.29352],[1.3319,51.29356],[1.33194,51.29353],[1.33185,51.29348]]],[[[1.33177,51.29352],[1.33175,51.29352],[1.33161,51.2936],[1.33162,51.2936],[1.33177,51.29352]]]]}},{"type":"Feature","properties":{"source_code":"G82700","codes":["G82700"],"label":"BUCKLAND MEDICAL PRACTICE"},"geometry":{"type":"Polygon","coordinates":[[[1.36228,51.13434],[1.35766,51.13333],[1.35621,51.13413],[1.35585,51.13338],[1.35098,51.13295],[1.34826,51.13302],[1.34632,51.13137],[1.34354,51.13049],[1.34291,51.13013],[1.34299,51.12708],[1.3375,51.12648],[1.33502,51.1256],[1.33061,51.12325],[1.32819,51.12332],[1.32681,51.12507],[1.32254,51.12462],[1.31888,51.12415],[1.31538,51.12178],[1.31397,51.11896],[1.31509,51.11779],[1.31747,51.11715],[1.3177,51.11619],[1.31644,51.11546],[1.31435,51.1159],[1.31393,51.1142],[1.31088,51.11391],[1.30417,51.11314],[1.29683,51.11202],[1.29696,51.10954],[1.29479,51.10884],[1.29266,51.10871],[1.28834,51.1075],[1.28471,51.10741],[1.26191,51.11433],[1.24029,51.12103],[1.22276,51.12989],[1.2231,51.13483],[1.22892,51.14438],[1.23534,51.16267],[1.25428,51.18214],[1.26598,51.19342],[1.28938,51.1901],[1.30681,51.1839],[1.32331,51.18172],[1.34265,51.18098],[1.35838,51.17653],[1.3878,51.16882],[1.39864,51.15975],[1.39598,51.1564],[1.39463,51.15453],[1.3896,51.15201],[1.38678,51.15076],[1.38515,51.1491],[1.38492,51.14606],[1.3826,51.14327],[1.37907,51.14051],[1.37561,51.13871],[1.37314,51.13802],[1.36903,51.13566],[1.36228,51.13434]]]}},{"type":"Feature","properties":{"source_code":"G82666","codes":["G82666"],"label":"BIRCHINGTON MEDICAL CENTRE"},"geometry":{"type":"Polygon","coordinates":[[[1.33756,51.38809],[1.33733,51.38496],[1.33671,51.38269],[1.33745,51.38038],[1.33919,51.37919],[1.34082,51.37643],[1.34079,51.37286],[1.34124,51.36971],[1.33447,51.36762],[1.33282,51.36681],[1.32743,51.36482],[1.32271,51.36267],[1.31914,51.36063],[1.3142,51.35863],[1.31267,51.35638],[1.31391,51.35449],[1.31112,51.35386],[1.30724,51.35383],[1.29841,51.3515],[1.28985,51.34975],[1.28755,51.34953],[1.283,51.34651],[1.28123,51.34399],[1.28047,51.34301],[1.27382,51.34248],[1.26385,51.34005],[1.25533,51.33886],[1.25078,51.33899],[1.24713,51.33894],[1.24482,51.33858],[1.23979,51.33843],[1.23918,51.33945],[1.23533,51.34627],[1.22786,51.35676],[1.22733,51.3622],[1.22842,51.37116],[1.23006,51.37826],[1.23139,51.38093],[1.23681,51.38021],[1.24044,51.37983],[1.2438,51.37902],[1.2476,51.37791],[1.25102,51.37782],[1.25237,51.37764],[1.25472,51.37857],[1.2591,51.37917],[1.26092,51.37911],[1.2621,51.37965],[1.26324,51.37962],[1.26623,51.37997],[1.27056,51.37985],[1.27376,51.3799],[1.27676,51.38039],[1.27813,51.38049],[1.27906,51.38075],[1.27888,51.38133],[1.28193,51.38253],[1.28659,51.38382],[1.28872,51.38491],[1.29284,51.38508],[1.29403,51.38576],[1.29489,51.38502],[1.29832,51.38521],[1.30148,51.38469],[1.30306,51.38436],[1.30504,51.38345],[1.30684,51.38297],[1.30911,51.3829],[1.31187,51.38311],[1.31342,51.3825],[1.3155,51.38286],[1.31735,51.38324],[1.31942,51.38347],[1.32032,51.3833],[1.32194,51.38354],[1.32353,51.38349],[1.32606,51.38371],[1.32611,51.38442],[1.32771,51.38452],[1.33125,51.38613],[1.33156,51.38726],[1.333,51.38822],[1.33505,51.38816],[1.33732,51.38796],[1.33665,51.38812],[1.33666,51.38826],[1.33756,51.38809]]]}},{"type":"Feature","properties":{"source_code":"G82729","codes":["G82729"],"label":"WHITE CLIFFS MEDICAL CENTRE"},"geometry":{"type":"Polygon","coordinates":[[[1.19305,51.0949],[1.20781,51.10956],[1.23081,51.16341],[1.23047,51.16427],[1.20163,51.18085],[1.21495,51.19072],[1.22828,51.19629],[1.25768,51.21183],[1.26472,51.21248],[1.27562,51.20893],[1.28772,51.21011],[1.31218,51.17246],[1.34694,51.17515],[1.35746,51.17159],[1.36797,51.16503],[1.36994,51.16341],[1.37535,51.15803],[1.38256,51.14511],[1.33415,51.1268],[1.32111,51.12443],[1.31046,51.12012],[1.30566,51.11387],[1.27304,51.10632],[1.25064,51.10174],[1.2466,51.1011],[1.24008,51.1005],[1.22463,51.10029],[1.21193,51.09727],[1.20472,51.09641],[1.19914,51.0942],[1.19305,51.0949]]]}},{"type":"Feature","properties":{"source_code":"G82117","codes":["G82117"],"label":"HIGH STREET SURGERY"},"geometry":{"type":"Polygon","coordinates":[[[1.33751,51.12576],[1.33598,51.12466],[1.33491,51.12492],[1.33307,51.12451],[1.32899,51.12326],[1.32734,51.12559],[1.32512,51.12497],[1.32038,51.12465],[1.31701,51.12315],[1.31503,51.12092],[1.31342,51.11868],[1.31555,51.11794],[1.31696,51.11744],[1.31762,51.11651],[1.31645,51.1154],[1.31398,51.11638],[1.31354,51.11525],[1.31489,51.11385],[1.31983,51.11188],[1.31798,51.11148],[1.31586,51.11222],[1.31163,51.11394],[1.30653,51.11363],[1.30211,51.11261],[1.29663,51.11208],[1.28985,51.11866],[1.27028,51.12926],[1.25325,51.13475],[1.23779,51.13678],[1.22376,51.13854],[1.21566,51.14196],[1.21534,51.1479],[1.21807,51.15057],[1.22321,51.15659],[1.2242,51.16044],[1.22457,51.16568],[1.22617,51.17294],[1.23053,51.1783],[1.23842,51.18721],[1.24363,51.19415],[1.24591,51.2007],[1.25058,51.20514],[1.26289,51.20959],[1.26947,51.21009],[1.27522,51.20925],[1.27928,51.20502],[1.28323,51.19921],[1.2939,51.19092],[1.29927,51.17958],[1.31133,51.17056],[1.31719,51.16104],[1.3288,51.15089],[1.33422,51.14548],[1.34103,51.13935],[1.34256,51.13041],[1.34266,51.12675],[1.33721,51.12668],[1.33754,51.12621],[1.33751,51.12576]]]}},{"type":"Feature","properties":{"source_code":"G82015","codes":["G82015"],"label":"PENCESTER SURGERY"},"geometry":{"type":"Polygon","coordinates":[[[1.34754,51.13197],[1.35029,51.13046],[1.27373,51.10395],[1.27029,51.11193],[1.26549,51.12637],[1.25725,51.13822],[1.24798,51.15006],[1.24454,51.15609],[1.25793,51.16083],[1.27064,51.16406],[1.30531,51.16557],[1.32454,51.15932],[1.33106,51.15265],[1.33862,51.14425],[1.34754,51.13197]]]}},{"type":"Feature","properties":{"source_code":"G82107","codes":["G82107"],"label":"MINSTER SURGERY"},"geometry":{"type":"Polygon","coordinates":[[[1.37547,51.35021],[1.38085,51.33849],[1.38017,51.33664],[1.3812,51.33219],[1.37693,51.32942],[1.36745,51.32612],[1.35979,51.32157],[1.35364,51.31546],[1.35172,51.31143],[1.34855,51.30897],[1.34338,51.30877],[1.34033,51.31158],[1.33662,51.31288],[1.33528,51.31309],[1.33115,51.31236],[1.32624,51.31573],[1.32063,51.31691],[1.31415,51.31743],[1.30919,51.31638],[1.30329,51.3174],[1.2982,51.31839],[1.29532,51.31983],[1.29023,51.32083],[1.28482,51.32115],[1.28037,51.31957],[1.27629,51.31952],[1.27229,51.32048],[1.26857,51.32161],[1.26288,51.32176],[1.25621,51.32348],[1.24887,51.30756],[1.22917,51.30532],[1.22264,51.30974],[1.21293,51.31441],[1.21461,51.31772],[1.21271,51.32045],[1.20124,51.32602],[1.22871,51.35708],[1.22627,51.36106],[1.23411,51.37957],[1.25078,51.3802],[1.27329,51.37922],[1.2932,51.38597],[1.30881,51.38198],[1.31673,51.38121],[1.32423,51.36291],[1.33048,51.35916],[1.34066,51.35342],[1.3457,51.35175],[1.35268,51.35444],[1.35847,51.35921],[1.36738,51.36593],[1.38264,51.35902],[1.37547,51.35021]]]}},{"type":"Feature","properties":{"source_code":"G82002","codes":["G82002"],"label":"ST JAMES' SURGERY"},"geometry":{"type":"Polygon","coordinates":[[[1.36191,51.13419],[1.35882,51.13346],[1.35624,51.13381],[1.35447,51.13331],[1.34877,51.13238],[1.34651,51.13109],[1.34212,51.13039],[1.34273,51.12683],[1.33839,51.12668],[1.32948,51.12339],[1.3286,51.12314],[1.32659,51.12538],[1.32,51.1242],[1.31554,51.12242],[1.31401,51.11919],[1.31859,51.11661],[1.31676,51.11529],[1.31425,51.11646],[1.31413,51.11482],[1.31997,51.11166],[1.31779,51.11145],[1.31313,51.11294],[1.31238,51.1146],[1.30627,51.11395],[1.29834,51.11227],[1.29658,51.11177],[1.29687,51.10986],[1.29243,51.10834],[1.29113,51.10838],[1.29068,51.10812],[1.26576,51.14183],[1.27335,51.14489],[1.26657,51.15326],[1.29079,51.17659],[1.36725,51.19569],[1.4053,51.19349],[1.40576,51.18802],[1.40575,51.18202],[1.40608,51.17465],[1.40526,51.16949],[1.40233,51.16494],[1.3969,51.15609],[1.39102,51.15272],[1.38651,51.15039],[1.38515,51.14961],[1.38491,51.14635],[1.38432,51.14418],[1.3793,51.14078],[1.37477,51.13818],[1.37033,51.13668],[1.36191,51.13419]]]}},{"type":"Feature","properties":{"source_code":"G82079","codes":["G82079"],"label":"WESTGATE SURGERY"},"geometry":{"type":"Polygon","coordinates":[[[1.33504,51.38834],[1.33563,51.38784],[1.33673,51.388],[1.33781,51.38797],[1.33887,51.38755],[1.33979,51.38743],[1.3407,51.38711],[1.34224,51.38707],[1.34272,51.38715],[1.34305,51.38753],[1.34369,51.38771],[1.34477,51.38758],[1.34493,51.38777],[1.34632,51.38763],[1.346,51.38104],[1.34399,51.38119],[1.34181,51.38116],[1.34208,51.38057],[1.34407,51.38022],[1.34594,51.37172],[1.32186,51.37133],[1.31853,51.38328],[1.31884,51.38327],[1.31979,51.38353],[1.32041,51.38342],[1.32087,51.3834],[1.32165,51.38348],[1.32198,51.38366],[1.32277,51.38393],[1.32337,51.38363],[1.32462,51.38369],[1.32508,51.38367],[1.32587,51.38385],[1.32572,51.38395],[1.327,51.38449],[1.32778,51.38457],[1.32938,51.3852],[1.33083,51.38594],[1.3313,51.38602],[1.33164,51.3864],[1.33218,51.38736],[1.33251,51.38774],[1.33238,51.38803],[1.33318,51.3883],[1.33348,51.38819],[1.33395,51.38828],[1.33455,51.38797],[1.33504,51.38834]]]}},{"type":"Feature","properties":{"source_code":"G82063","codes":["G82063"],"label":"SANDWICH MEDICAL PRACTICE"},"geometry":{"type":"MultiPolygon","coordinates":[[[[1.31686,51.19363],[1.31706,51.19363],[1.31742,51.19363],[1.31905,51.19365],[1.31656,51.1936],[1.3166,51.19363],[1.31686,51.19363]]],[[[1.31706,51.19363],[1.3161,51.19365],[1.3175,51.19387],[1.31712,51.19387],[1.31579,51.19365],[1.3161,51.19365],[1.31338,51.19322],[1.30428,51.19247],[1.29518,51.19204],[1.2866,51.19193],[1.28351,51.19139],[1.28077,51.19075],[1.28386,51.19172],[1.28214,51.19129],[1.27546,51.19094],[1.27476,51.19107],[1.27373,51.19086],[1.27546,51.19094],[1.27596,51.19086],[1.27184,51.19064],[1.26961,51.19043],[1.26669,51.19032],[1.26514,51.19064],[1.26085,51.19043],[1.25296,51.1915],[1.24746,51.19226],[1.23939,51.19484],[1.22763,51.20073],[1.22356,51.20685],[1.21929,51.21829],[1.22081,51.23204],[1.21785,51.24016],[1.21451,51.25601],[1.21305,51.26594],[1.21357,51.27556],[1.21468,51.27803],[1.21571,51.28082],[1.21742,51.28254],[1.21845,51.28361],[1.21927,51.28441],[1.22021,51.28509],[1.22073,51.28509],[1.2203,51.28533],[1.22056,51.28541],[1.22064,51.28578],[1.22051,51.2867],[1.22081,51.28696],[1.22077,51.28747],[1.22128,51.28788],[1.2212,51.28823],[1.22163,51.28855],[1.22189,51.28879],[1.2224,51.28903],[1.22163,51.28895],[1.22206,51.28906],[1.22189,51.2897],[1.22189,51.29147],[1.22163,51.29236],[1.22197,51.29311],[1.22184,51.29311],[1.22193,51.29332],[1.2221,51.29322],[1.22184,51.29357],[1.22184,51.29394],[1.22184,51.29507],[1.22189,51.29837],[1.2242,51.30245],[1.22704,51.3061],[1.24772,51.3076],[1.26779,51.30676],[1.28429,51.30877],[1.29169,51.30962],[1.32959,51.31103],[1.34812,51.30979],[1.36194,51.30586],[1.37697,51.29552],[1.3841,51.28506],[1.38826,51.27257],[1.39353,51.26004],[1.39738,51.25109],[1.40227,51.24104],[1.3867,51.22841],[1.37072,51.21957],[1.36523,51.21635],[1.36231,51.21463],[1.35956,51.21312],[1.35664,51.21119],[1.35167,51.2071],[1.34721,51.20398],[1.34257,51.20183],[1.33673,51.19903],[1.32591,51.19494],[1.3187,51.19368],[1.31706,51.19363]]]]}},{"type":"Feature","properties":{"source_code":"G82038","codes":["G82038"],"label":"ST RICHARDS ROAD SURGERY"},"geometry":{"type":"MultiPolygon","coordinates":[[[[1.34508,51.19387],[1.34523,51.19368],[1.34383,51.19368],[1.33912,51.19988],[1.34508,51.19387]]],[[[1.33912,51.19988],[1.33817,51.20084],[1.33622,51.20368],[1.33912,51.19988]]],[[[1.33622,51.20368],[1.33298,51.20795],[1.33281,51.20867],[1.33622,51.20368]]],[[[1.33157,51.21049],[1.33193,51.20817],[1.33153,51.21056],[1.33157,51.21049]]],[[[1.33133,51.21085],[1.33196,51.20686],[1.33061,51.21033],[1.3311,51.21118],[1.33133,51.21085]]],[[[1.33153,51.21056],[1.33133,51.21085],[1.33123,51.21142],[1.33135,51.21162],[1.33153,51.21056]]],[[[1.33275,51.20896],[1.33281,51.20867],[1.33157,51.21049],[1.33139,51.21169],[1.33161,51.21208],[1.33199,51.20989],[1.33275,51.20896]]],[[[1.33123,51.21142],[1.3311,51.21118],[1.33051,51.21205],[1.32842,51.21248],[1.33102,51.21278],[1.33123,51.21142]]],[[[1.32892,51.22616],[1.33115,51.2128],[1.33102,51.21278],[1.32877,51.22682],[1.32892,51.22616]]],[[[1.40546,51.22327],[1.40616,51.17586],[1.34635,51.19258],[1.34508,51.19387],[1.33275,51.20896],[1.33193,51.21263],[1.33209,51.21291],[1.33188,51.21288],[1.33013,51.22071],[1.32912,51.2266],[1.32977,51.22235],[1.32892,51.22616],[1.32877,51.22704],[1.33053,51.23516],[1.33963,51.24393],[1.35293,51.24831],[1.3736,51.25095],[1.40546,51.22327]]],[[[1.33122,51.21281],[1.33139,51.21169],[1.33135,51.21162],[1.33115,51.2128],[1.33122,51.21281]]],[[[1.33148,51.21284],[1.33188,51.21288],[1.33193,51.21263],[1.33161,51.21208],[1.33148,51.21284]]],[[[1.33148,51.21284],[1.33122,51.21281],[1.32977,51.22235],[1.33013,51.22071],[1.33148,51.21284]]]]}},{"type":"Feature","properties":{"source_code":"G82052","codes":["G82052"],"label":"THE LIMES MEDICAL CENTRE"},"geometry":{"type":"MultiPolygon","coordinates":[[[[1.36299,51.36854],[1.36025,51.36835],[1.36162,51.36792],[1.36025,51.36771],[1.36001,51.3687],[1.36299,51.36854]]],[[[1.36001,51.3687],[1.35853,51.36878],[1.35999,51.36876],[1.36001,51.3687]]],[[[1.36299,51.36854],[1.36499,51.36867],[1.36541,51.36867],[1.36642,51.36835],[1.36299,51.36854]]],[[[1.36866,51.36899],[1.36644,51.36878],[1.36471,51.36899],[1.36866,51.36899]]],[[[1.36541,51.36867],[1.36532,51.3687],[1.36948,51.36898],[1.37157,51.36857],[1.36541,51.36867]]],[[[1.36948,51.36898],[1.3694,51.36899],[1.36971,51.36899],[1.36948,51.36898]]],[[[1.3694,51.36899],[1.36866,51.36899],[1.36916,51.36904],[1.3694,51.36899]]],[[[1.36971,51.36899],[1.37603,51.36942],[1.37158,51.36899],[1.36971,51.36899]]],[[[1.36532,51.3687],[1.36499,51.36867],[1.35999,51.36876],[1.35956,51.37049],[1.36532,51.3687]]],[[[1.38677,51.37056],[1.38677,51.37056],[1.38737,51.37049],[1.38677,51.37056]]],[[[1.38677,51.37056],[1.38634,51.36921],[1.37674,51.36964],[1.38407,51.37084],[1.38531,51.37071],[1.3836,51.37007],[1.38531,51.37071],[1.38677,51.37056]]],[[[1.39999,51.37038],[1.40012,51.37039],[1.40007,51.37028],[1.39999,51.37038]]],[[[1.40071,51.37044],[1.40145,51.37049],[1.40282,51.36985],[1.40071,51.37044]]],[[[1.40071,51.37044],[1.40012,51.37039],[1.40021,51.37058],[1.40071,51.37044]]],[[[1.38677,51.37056],[1.38531,51.37071],[1.38688,51.3713],[1.38702,51.37132],[1.38677,51.37056]]],[[[1.33761,51.38327],[1.33773,51.38315],[1.33766,51.38316],[1.33751,51.38329],[1.33761,51.38327]]],[[[1.33751,51.38329],[1.33724,51.38335],[1.33724,51.38335],[1.33689,51.38386],[1.33751,51.38329]]],[[[1.42819,51.39092],[1.42995,51.39064],[1.42926,51.38978],[1.42819,51.39092]]],[[[1.43191,51.39153],[1.43132,51.39042],[1.43132,51.39157],[1.43191,51.39153]]],[[[1.43322,51.39274],[1.43338,51.39257],[1.43337,51.3927],[1.43507,51.39232],[1.43477,51.39133],[1.43191,51.39153],[1.43262,51.39287],[1.43322,51.39274]]],[[[1.43132,51.39314],[1.43132,51.39157],[1.42926,51.39171],[1.43093,51.39315],[1.43132,51.39314]]],[[[1.43337,51.3927],[1.43322,51.39274],[1.43288,51.39311],[1.43338,51.39342],[1.43337,51.3927]]],[[[1.43132,51.39348],[1.43093,51.39315],[1.43081,51.39315],[1.43055,51.39342],[1.43132,51.39364],[1.43132,51.39348]]],[[[1.43288,51.39311],[1.43269,51.39299],[1.43262,51.39287],[1.43149,51.39313],[1.43132,51.39314],[1.43132,51.39348],[1.432,51.39407],[1.43288,51.39311]]],[[[1.43256,51.39823],[1.43205,51.39754],[1.43003,51.39802],[1.42886,51.39749],[1.4287,51.39535],[1.43055,51.39342],[1.42686,51.39235],[1.42819,51.39092],[1.42205,51.39192],[1.42789,51.38999],[1.42756,51.38969],[1.4272,51.38999],[1.4272,51.38935],[1.42756,51.38969],[1.42823,51.38914],[1.42651,51.3885],[1.42651,51.38678],[1.42514,51.387],[1.42308,51.38464],[1.42239,51.38421],[1.42033,51.38399],[1.41896,51.38421],[1.42033,51.38399],[1.41827,51.38335],[1.41964,51.38335],[1.41621,51.38207],[1.41552,51.37992],[1.41429,51.37925],[1.41038,51.37879],[1.40658,51.37976],[1.4016,51.38005],[1.39686,51.38061],[1.38997,51.37981],[1.39496,51.37653],[1.39924,51.37285],[1.40076,51.37178],[1.40021,51.37058],[1.39973,51.37071],[1.39999,51.37038],[1.39871,51.37028],[1.39287,51.37007],[1.39046,51.37071],[1.39115,51.37199],[1.38702,51.37132],[1.38703,51.37135],[1.38688,51.3713],[1.38407,51.37084],[1.38119,51.37114],[1.37845,51.37135],[1.37536,51.36964],[1.36916,51.36904],[1.35837,51.37118],[1.35563,51.37097],[1.34963,51.36986],[1.34646,51.37009],[1.34095,51.36954],[1.34513,51.37092],[1.34033,51.37371],[1.33964,51.37842],[1.33896,51.38035],[1.33621,51.38357],[1.33766,51.38316],[1.33787,51.38297],[1.33724,51.38271],[1.3393,51.38271],[1.33806,51.38305],[1.33827,51.38314],[1.33761,51.38327],[1.33621,51.38485],[1.33689,51.38386],[1.33484,51.38571],[1.33758,51.38571],[1.33552,51.387],[1.33298,51.38829],[1.33777,51.38829],[1.33952,51.38739],[1.34177,51.38704],[1.34274,51.38772],[1.34796,51.38758],[1.34918,51.38868],[1.35149,51.38918],[1.35464,51.38867],[1.35888,51.3874],[1.3653,51.38808],[1.36726,51.38987],[1.36942,51.39138],[1.37994,51.39506],[1.38516,51.39491],[1.38815,51.39525],[1.39066,51.39532],[1.39292,51.39511],[1.39309,51.39425],[1.39538,51.39447],[1.39674,51.39443],[1.39763,51.39412],[1.39904,51.39465],[1.40035,51.3939],[1.40061,51.39432],[1.40154,51.39458],[1.40249,51.39512],[1.40377,51.39394],[1.40472,51.39449],[1.40619,51.39587],[1.40752,51.3954],[1.40822,51.39567],[1.41069,51.39517],[1.40904,51.39436],[1.41172,51.39371],[1.41468,51.39377],[1.41923,51.39364],[1.42133,51.39429],[1.42208,51.39526],[1.42193,51.39626],[1.42514,51.3966],[1.42546,51.39773],[1.42731,51.3981],[1.42894,51.39862],[1.43123,51.39884],[1.43256,51.39823]]],[[[1.38531,51.37071],[1.38531,51.37071],[1.38531,51.37071],[1.38531,51.37071],[1.38531,51.37071]]],[[[1.33788,51.38298],[1.33792,51.38292],[1.33787,51.38297],[1.33788,51.38298]]],[[[1.33788,51.38298],[1.33773,51.38315],[1.33806,51.38305],[1.33788,51.38298]]]]}},{"type":"Feature","properties":{"source_code":"G82150","codes":["G82150"],"label":"NEWINGTON ROAD SURGERY"},"geometry":{"type":"Polygon","coordinates":[[[1.41724,51.37119],[1.41715,51.37012],[1.41715,51.3676],[1.4163,51.35463],[1.41545,51.34793],[1.4236,51.34809],[1.43509,51.34804],[1.43973,51.3482],[1.43981,51.34809],[1.44035,51.34776],[1.44009,51.34533],[1.43988,51.34481],[1.43881,51.34399],[1.43788,51.34276],[1.43789,51.343],[1.43853,51.34369],[1.43799,51.34423],[1.43816,51.34379],[1.43791,51.34377],[1.43789,51.343],[1.43751,51.3426],[1.43657,51.34196],[1.43486,51.33966],[1.43056,51.33614],[1.42698,51.33331],[1.42651,51.3322],[1.42585,51.33101],[1.42509,51.32837],[1.42544,51.32445],[1.42449,51.32376],[1.4176,51.32344],[1.41439,51.32342],[1.41161,51.32375],[1.41029,51.3245],[1.40559,51.32464],[1.40023,51.3249],[1.39553,51.32503],[1.39055,51.32592],[1.38393,51.32737],[1.38161,51.32775],[1.37898,51.32857],[1.3778,51.3286],[1.37695,51.32842],[1.3772,51.32945],[1.37874,51.33534],[1.37908,51.33715],[1.37922,51.34112],[1.37913,51.34316],[1.37913,51.34552],[1.3793,51.34873],[1.3855,51.34898],[1.38548,51.35174],[1.38556,51.35318],[1.38548,51.35485],[1.38582,51.35597],[1.38548,51.35828],[1.38488,51.36412],[1.3841,51.37012],[1.38402,51.37012],[1.38454,51.37033],[1.39099,51.37054],[1.39818,51.37071],[1.40831,51.37108],[1.41724,51.37119]]]}},{"type":"Feature","properties":{"source_code":"G82036","codes":["G82036"],"label":"BALMORAL SURGERY"},"geometry":{"type":"Polygon","coordinates":[[[1.39448,51.24596],[1.4002,51.24489],[1.40092,51.24487],[1.40205,51.24051],[1.40572,51.23131],[1.40521,51.2245],[1.40591,51.21925],[1.40454,51.21043],[1.40539,51.20244],[1.40566,51.19629],[1.4062,51.18878],[1.4065,51.18308],[1.4061,51.17764],[1.40609,51.17263],[1.40351,51.16702],[1.39467,51.16978],[1.38255,51.17718],[1.37346,51.18154],[1.35868,51.18719],[1.35057,51.19016],[1.34939,51.19383],[1.35085,51.19902],[1.34918,51.20589],[1.34411,51.21081],[1.33925,51.21367],[1.33181,51.21593],[1.32547,51.21839],[1.32315,51.22141],[1.32571,51.22679],[1.3401,51.23548],[1.34848,51.24115],[1.3582,51.24519],[1.37609,51.24718],[1.38439,51.24671],[1.39448,51.24596]]]}},{"type":"Feature","properties":{"source_code":"G82696","codes":["G82696"],"label":"THE NEW GOLF ROAD SURGERY"},"geometry":{"type":"Polygon","coordinates":[[[1.40425,51.16899],[1.40169,51.16888],[1.39246,51.17076],[1.37996,51.17451],[1.36756,51.17969],[1.35741,51.18462],[1.3508,51.19142],[1.34835,51.19684],[1.3472,51.20437],[1.34863,51.21236],[1.35492,51.22075],[1.36319,51.2289],[1.36947,51.23319],[1.38393,51.24027],[1.40042,51.24407],[1.39986,51.24427],[1.40073,51.24442],[1.40547,51.23161],[1.40544,51.22358],[1.40507,51.21466],[1.40445,51.21397],[1.40481,51.20735],[1.4052,51.20109],[1.40611,51.19035],[1.40606,51.18572],[1.4063,51.1775],[1.40562,51.17216],[1.40425,51.16899]]]}},{"type":"Feature","properties":{"source_code":"G82111","codes":["G82111"],"label":"THE CEDARS SURGERY"},"geometry":{"type":"MultiPolygon","coordinates":[[[[1.40211,51.16607],[1.40223,51.16603],[1.40235,51.16611],[1.40155,51.16548],[1.40211,51.16607]]],[[[1.4059,51.18772],[1.40646,51.17433],[1.40533,51.1695],[1.40211,51.16607],[1.34259,51.18729],[1.3422,51.18756],[1.34175,51.18751],[1.33589,51.19754],[1.33325,51.2022],[1.32738,51.21438],[1.32769,51.22051],[1.32768,51.22996],[1.33779,51.24371],[1.36237,51.25115],[1.39682,51.25096],[1.39942,51.24674],[1.40106,51.24281],[1.40258,51.23717],[1.4041,51.23153],[1.40529,51.22664],[1.40486,51.22082],[1.40421,51.21299],[1.40478,51.20404],[1.40523,51.19431],[1.4059,51.18772]]],[[[1.39682,51.25096],[1.39679,51.25101],[1.39683,51.25096],[1.39682,51.25096]]]]}},{"type":"Feature","properties":{"source_code":"G82064","codes":["G82064"],"label":"DASHWOOD MEDICAL CENTRE"},"geometry":{"type":"Polygon","coordinates":[[[1.43147,51.32884],[1.43018,51.32645],[1.42756,51.32462],[1.4258,51.32329],[1.42358,51.32318],[1.41779,51.32352],[1.41151,51.32457],[1.40376,51.32462],[1.39989,51.32456],[1.39221,51.32548],[1.38593,51.3267],[1.38025,51.32842],[1.37721,51.32851],[1.37354,51.32741],[1.37182,51.32659],[1.36961,51.32665],[1.36793,51.32635],[1.36563,51.32521],[1.36523,51.32348],[1.36287,51.32147],[1.36157,51.31891],[1.36137,51.31614],[1.36182,51.31474],[1.35861,51.31241],[1.35836,51.31276],[1.3012,51.32566],[1.31608,51.34395],[1.32858,51.35989],[1.34477,51.36169],[1.36732,51.36329],[1.39531,51.3637],[1.43049,51.36388],[1.44704,51.36305],[1.44741,51.36061],[1.44731,51.35923],[1.44495,51.35739],[1.44571,51.35633],[1.44427,51.35568],[1.44552,51.35391],[1.44485,51.35237],[1.44453,51.35168],[1.44478,51.35133],[1.44386,51.35014],[1.44321,51.34895],[1.44177,51.34813],[1.44112,51.34693],[1.44102,51.34555],[1.43926,51.34421],[1.43801,51.34234],[1.43824,51.34164],[1.44113,51.33965],[1.43982,51.33692],[1.43719,51.33509],[1.43312,51.33243],[1.43107,51.33093],[1.43147,51.32884]]]}},{"type":"Feature","properties":{"source_code":"G82105","codes":["G82105"],"label":"BETHESDA MEDICAL CENTRE"},"geometry":{"type":"Polygon","coordinates":[[[1.4326,51.39842],[1.43245,51.39812],[1.43208,51.39813],[1.43243,51.39781],[1.43205,51.39782],[1.42985,51.39835],[1.42907,51.3979],[1.4293,51.39766],[1.42824,51.39684],[1.42871,51.39643],[1.42866,51.39581],[1.43119,51.39301],[1.43219,51.39298],[1.43389,51.39246],[1.4351,51.39188],[1.43505,51.39126],[1.43555,51.39125],[1.43526,51.39079],[1.43635,51.39037],[1.4369,51.39097],[1.43801,51.39086],[1.43855,51.39139],[1.43912,51.39067],[1.43854,51.3896],[1.4398,51.38987],[1.44086,51.38906],[1.44106,51.38843],[1.44195,51.38856],[1.44288,51.38939],[1.44446,51.38888],[1.44502,51.38808],[1.445,51.38777],[1.44522,51.38738],[1.44446,51.38724],[1.44379,51.38664],[1.44292,51.38659],[1.44288,51.38612],[1.44261,51.38582],[1.44336,51.3858],[1.44322,51.38557],[1.4433,51.38502],[1.44404,51.385],[1.44491,51.38489],[1.44628,51.38485],[1.44713,51.38459],[1.44697,51.38421],[1.44794,51.38387],[1.44813,51.38308],[1.44861,51.38276],[1.44832,51.38222],[1.44866,51.38174],[1.44762,51.38115],[1.44779,51.38021],[1.44863,51.3798],[1.45,51.37968],[1.45053,51.38013],[1.45156,51.37893],[1.45148,51.37792],[1.45152,51.37675],[1.45192,51.37541],[1.45092,51.37373],[1.45005,51.3722],[1.45056,51.37234],[1.45069,51.3707],[1.4496,51.36948],[1.4498,51.36877],[1.44947,51.36777],[1.44809,51.36758],[1.44779,51.36696],[1.44701,51.36652],[1.4473,51.36542],[1.44775,51.36478],[1.44729,51.36355],[1.4465,51.36303],[1.44718,51.36215],[1.44769,51.36221],[1.44746,51.36082],[1.44728,51.36012],[1.44204,51.3616],[1.44043,51.36172],[1.4335,51.36388],[1.42784,51.36654],[1.42494,51.36763],[1.4237,51.36775],[1.42477,51.36873],[1.42576,51.37034],[1.42737,51.37185],[1.42769,51.37277],[1.42751,51.37371],[1.42936,51.37522],[1.42448,51.37817],[1.42029,51.38039],[1.4198,51.38049],[1.41773,51.37782],[1.41746,51.37752],[1.41519,51.37883],[1.41298,51.37593],[1.41026,51.37453],[1.40732,51.37345],[1.40576,51.37419],[1.40075,51.37551],[1.39586,51.37674],[1.39423,51.37827],[1.39095,51.37946],[1.38865,51.38022],[1.38186,51.38276],[1.38397,51.3827],[1.385,51.38485],[1.38754,51.38711],[1.38842,51.38896],[1.38948,51.38986],[1.38798,51.38975],[1.38743,51.39405],[1.38813,51.39512],[1.38863,51.39519],[1.38911,51.39486],[1.38974,51.39508],[1.39047,51.39482],[1.39018,51.39421],[1.39092,51.39418],[1.39086,51.39497],[1.3916,51.39494],[1.39235,51.39492],[1.39272,51.39483],[1.39291,51.39405],[1.39368,51.39434],[1.39451,51.39377],[1.39491,51.39422],[1.39568,51.39451],[1.396,51.3938],[1.39655,51.39441],[1.39691,51.39432],[1.39726,51.39392],[1.39748,51.3936],[1.39843,51.39467],[1.3994,51.39433],[1.39986,51.39377],[1.40061,51.39375],[1.40054,51.39453],[1.40141,51.3945],[1.40183,51.39511],[1.40341,51.39452],[1.40338,51.39413],[1.40398,51.39388],[1.40477,51.39441],[1.40481,51.39503],[1.40597,51.39546],[1.40624,51.39577],[1.40723,51.39574],[1.40708,51.39535],[1.40808,51.3954],[1.40823,51.39579],[1.40907,51.39537],[1.41057,51.39533],[1.40963,51.39442],[1.41083,51.39384],[1.41143,51.39351],[1.41332,51.39384],[1.41379,51.39352],[1.41519,51.39387],[1.4168,51.39374],[1.41828,51.39354],[1.41979,51.39373],[1.42183,51.39438],[1.4225,51.39498],[1.42257,51.39599],[1.42387,51.39665],[1.42486,51.39662],[1.4255,51.39684],[1.42505,51.39748],[1.42596,51.39792],[1.4277,51.39787],[1.42786,51.39841],[1.43026,51.3988],[1.432,51.39875],[1.4326,51.39842]]]}},{"type":"Feature","properties":{"source_code":"G82066","codes":["G82066"],"label":"NORTHDOWN & DASHWOOD SURGERY"},"geometry":{"type":"Polygon","coordinates":[[[1.43239,51.3982],[1.43198,51.39809],[1.43236,51.3977],[1.43116,51.39799],[1.43037,51.39826],[1.42912,51.39779],[1.4293,51.39741],[1.42824,51.39681],[1.42881,51.39628],[1.42874,51.3954],[1.42988,51.39435],[1.43099,51.39292],[1.43219,51.39276],[1.43358,51.39247],[1.43458,51.39219],[1.43516,51.39192],[1.43493,51.39154],[1.43551,51.39115],[1.43528,51.39077],[1.43666,51.39023],[1.43731,51.39084],[1.43792,51.39095],[1.43836,51.39132],[1.43873,51.39092],[1.43868,51.39017],[1.43825,51.38993],[1.43902,51.3894],[1.43946,51.38976],[1.44006,51.38975],[1.4408,51.38884],[1.44139,51.38857],[1.44221,51.38867],[1.44224,51.38905],[1.44288,51.38954],[1.44464,51.38872],[1.4448,51.38809],[1.44517,51.38769],[1.4435,51.38698],[1.44305,51.38636],[1.44257,51.38536],[1.44353,51.3847],[1.44475,51.38479],[1.44637,51.38475],[1.44694,51.38435],[1.4479,51.38356],[1.44865,51.38278],[1.44813,51.38127],[1.44792,51.38115],[1.44782,51.37989],[1.44903,51.37985],[1.45006,51.38008],[1.45159,51.37889],[1.45154,51.37813],[1.45185,51.37698],[1.45152,51.37522],[1.45032,51.37272],[1.45043,51.37145],[1.45032,51.37006],[1.44987,51.36944],[1.45002,51.36868],[1.44914,51.36782],[1.4481,51.36747],[1.44807,51.36696],[1.44723,51.36661],[1.44736,51.36559],[1.4479,51.36481],[1.44762,51.36368],[1.44656,51.36308],[1.4475,51.36217],[1.4474,51.36078],[1.44239,51.36143],[1.4414,51.36171],[1.43989,51.36315],[1.43837,51.36446],[1.43662,51.3654],[1.43363,51.36599],[1.43082,51.36633],[1.42979,51.36611],[1.42973,51.36535],[1.43126,51.36416],[1.43197,51.36275],[1.43205,51.3611],[1.43277,51.35994],[1.42957,51.36041],[1.42715,51.36061],[1.42415,51.36108],[1.42034,51.36144],[1.4195,51.36109],[1.41752,51.36165],[1.41597,51.36258],[1.4124,51.36079],[1.40829,51.36002],[1.40525,51.35986],[1.40384,51.36002],[1.40326,51.36029],[1.40183,51.36021],[1.40025,51.36064],[1.39861,51.36043],[1.39638,51.36037],[1.3944,51.36093],[1.3942,51.36094],[1.39211,51.35999],[1.39023,51.35928],[1.39,51.35891],[1.38601,51.35965],[1.37928,51.35896],[1.37725,51.35877],[1.37595,51.36045],[1.37461,51.36138],[1.37245,51.36511],[1.37126,51.36819],[1.37236,51.3693],[1.37343,51.37015],[1.37348,51.37078],[1.37592,51.37375],[1.37819,51.37711],[1.38362,51.37895],[1.38379,51.3807],[1.38397,51.38207],[1.38445,51.38282],[1.38407,51.3834],[1.38355,51.38426],[1.38349,51.38486],[1.38323,51.38535],[1.38275,51.38618],[1.38259,51.38711],[1.38266,51.3883],[1.38297,51.38901],[1.38336,51.38955],[1.38448,51.39016],[1.38941,51.38995],[1.39048,51.39334],[1.39784,51.39364],[1.39829,51.39426],[1.39872,51.39463],[1.39932,51.39448],[1.39967,51.39384],[1.40026,51.39357],[1.40051,51.39419],[1.40134,51.39442],[1.40219,51.39503],[1.40277,51.39464],[1.40357,51.39449],[1.40374,51.3941],[1.40477,51.39432],[1.40524,51.3952],[1.40587,51.39543],[1.4061,51.39581],[1.40731,51.39577],[1.40748,51.39538],[1.40809,51.39537],[1.40851,51.39561],[1.4105,51.39517],[1.40945,51.39457],[1.41021,51.39391],[1.41159,51.39349],[1.41322,51.39357],[1.41422,51.39342],[1.41545,51.39363],[1.41625,51.39348],[1.41827,51.39342],[1.42137,51.39422],[1.42245,51.3952],[1.42252,51.39609],[1.42398,51.39668],[1.42538,51.39651],[1.42503,51.39715],[1.42589,51.39789],[1.42772,51.39796],[1.42898,51.39856],[1.43083,51.39888],[1.43242,51.39858],[1.43239,51.3982]]]}},{"type":"Feature","properties":{"source_code":"G82046","codes":["G82046"],"label":"SUMMERHILL SURGERY"},"geometry":{"type":"Polygon","coordinates":[[[1.39525,51.3617],[1.39853,51.36125],[1.40002,51.36144],[1.40236,51.3608],[1.40422,51.36097],[1.40901,51.36095],[1.41487,51.36297],[1.41583,51.36352],[1.41743,51.36267],[1.41939,51.3618],[1.42088,51.36199],[1.42689,51.36112],[1.42948,51.36116],[1.43111,51.36088],[1.43044,51.35686],[1.42932,51.35413],[1.43049,51.35006],[1.43304,51.34975],[1.43778,51.34904],[1.44106,51.34606],[1.43883,51.34335],[1.43781,51.34211],[1.43761,51.34189],[1.44043,51.34019],[1.44093,51.33948],[1.43806,51.33553],[1.43613,51.33443],[1.43143,51.33065],[1.43123,51.328],[1.4298,51.32608],[1.42631,51.32365],[1.42478,51.32289],[1.41926,51.32293],[1.41472,51.32387],[1.40429,51.32464],[1.39711,51.32462],[1.39,51.32563],[1.37932,51.32813],[1.3788,51.32849],[1.37338,51.32738],[1.37298,51.32704],[1.36924,51.32623],[1.36484,51.32647],[1.36015,51.32776],[1.35526,51.32882],[1.35681,51.32993],[1.35943,51.33055],[1.36059,51.33121],[1.36471,51.33224],[1.36554,51.33602],[1.36122,51.3373],[1.35579,51.33861],[1.34887,51.33973],[1.34175,51.34051],[1.34007,51.34033],[1.34151,51.34998],[1.34366,51.35165],[1.34703,51.34982],[1.35161,51.34957],[1.36109,51.34815],[1.36215,51.35008],[1.3664,51.35526],[1.36889,51.35658],[1.37345,51.3584],[1.37368,51.36163],[1.37571,51.36168],[1.37792,51.35908],[1.38202,51.35977],[1.38534,51.35979],[1.39067,51.36206],[1.38367,51.36711],[1.38354,51.36792],[1.38514,51.37202],[1.38135,51.37571],[1.38243,51.37775],[1.3845,51.37839],[1.38785,51.37633],[1.38994,51.37212],[1.3924,51.37055],[1.39605,51.36513],[1.39593,51.36352],[1.39525,51.3617]]]}},{"type":"Feature","properties":{"source_code":"G82219","codes":["G82219"],"label":"ST PETER'S SURGERY"},"geometry":{"type":"Polygon","coordinates":[[[1.43401,51.34642],[1.4313,51.34544],[1.42775,51.34615],[1.42171,51.34888],[1.4142,51.35452],[1.4115,51.357],[1.41033,51.35734],[1.40767,51.36042],[1.40437,51.36443],[1.40295,51.36793],[1.40263,51.37019],[1.40368,51.37136],[1.40374,51.37211],[1.40697,51.37352],[1.40993,51.37464],[1.41292,51.37606],[1.41533,51.3793],[1.41562,51.38004],[1.41784,51.38073],[1.42338,51.38102],[1.42606,51.38139],[1.42895,51.38476],[1.433,51.3875],[1.43381,51.38868],[1.43591,51.38787],[1.43876,51.38733],[1.44215,51.38453],[1.44366,51.38223],[1.44607,51.37915],[1.44772,51.37549],[1.44689,51.37085],[1.44573,51.36502],[1.44396,51.36056],[1.44309,51.35863],[1.44114,51.35508],[1.44001,51.35271],[1.43756,51.34887],[1.43401,51.34642]]]}},{"type":"Feature","properties":{"source_code":"G82650","codes":["G82650"],"label":"MOCKETTS WOOD SURGERY"},"geometry":{"type":"Polygon","coordinates":[[[1.40556,51.37114],[1.41481,51.37778],[1.41187,51.38185],[1.4187,51.39187],[1.41917,51.3916],[1.41885,51.39187],[1.4229,51.39364],[1.42848,51.39246],[1.43646,51.38849],[1.44078,51.3872],[1.44372,51.38311],[1.44959,51.37666],[1.44556,51.36867],[1.43955,51.34584],[1.42342,51.34498],[1.40814,51.35238],[1.39689,51.36122],[1.40556,51.37114]]]}},{"type":"Feature","properties":{"source_code":"G82020","codes":["G82020"],"label":"THE GRANGE PRACTICE"},"geometry":{"type":"MultiPolygon","coordinates":[[[[1.36658,51.32579],[1.3666,51.32579],[1.36654,51.32576],[1.36658,51.32579]]],[[[1.41804,51.36176],[1.41806,51.36165],[1.41837,51.36157],[1.41921,51.36138],[1.4195,51.36134],[1.41973,51.3613],[1.41998,51.36133],[1.42017,51.3614],[1.42031,51.36141],[1.42087,51.36145],[1.42171,51.36145],[1.42219,51.36141],[1.42247,51.36128],[1.42281,51.36138],[1.42445,51.3611],[1.426,51.36078],[1.42812,51.36049],[1.42985,51.3608],[1.43161,51.36043],[1.43337,51.3602],[1.43549,51.3598],[1.43774,51.35939],[1.44127,51.35854],[1.44335,51.35814],[1.44407,51.3572],[1.4442,51.35687],[1.44417,51.35613],[1.44364,51.35522],[1.44423,51.35442],[1.44424,51.35389],[1.44406,51.35325],[1.44364,51.35253],[1.44344,51.35202],[1.4434,51.35147],[1.44332,51.35089],[1.44302,51.3503],[1.44235,51.34858],[1.44112,51.3475],[1.441,51.34697],[1.44099,51.34642],[1.43861,51.34418],[1.43825,51.34235],[1.43799,51.34193],[1.43771,51.33986],[1.43532,51.33857],[1.43575,51.33678],[1.43574,51.33628],[1.43583,51.33549],[1.43566,51.33489],[1.43434,51.33347],[1.43295,51.33248],[1.43179,51.3315],[1.43103,51.33039],[1.43039,51.32925],[1.4296,51.32808],[1.42961,51.32721],[1.42762,51.32546],[1.42547,51.32417],[1.42302,51.32343],[1.4192,51.32324],[1.41464,51.32353],[1.41207,51.32352],[1.41084,51.32365],[1.41026,51.32449],[1.40419,51.32481],[1.39947,51.32509],[1.39609,51.32519],[1.39184,51.32573],[1.38516,51.32706],[1.38094,51.32803],[1.37963,51.32864],[1.37805,51.32868],[1.37711,51.32814],[1.37598,51.32817],[1.3739,51.32753],[1.37294,51.32671],[1.37044,51.32649],[1.36797,51.32671],[1.36658,51.32579],[1.3614,51.32647],[1.35881,51.3281],[1.3551,51.32879],[1.35587,51.32943],[1.35578,51.32986],[1.3563,51.32997],[1.35561,51.33008],[1.35656,51.33034],[1.35673,51.33083],[1.35724,51.33115],[1.35767,51.33142],[1.35733,51.33249],[1.35733,51.33362],[1.35716,51.33823],[1.35996,51.34066],[1.36066,51.34418],[1.3616,51.34769],[1.3644,51.352],[1.36713,51.35531],[1.37067,51.35733],[1.37551,51.35861],[1.38053,51.35931],[1.38574,51.35962],[1.38745,51.35956],[1.3884,51.35951],[1.38878,51.35938],[1.38917,51.35924],[1.39054,51.35967],[1.39195,51.36016],[1.39232,51.36031],[1.39264,51.36036],[1.3929,51.36039],[1.39282,51.36041],[1.39297,51.36045],[1.39319,51.36045],[1.39356,51.36056],[1.39415,51.36074],[1.39472,51.36095],[1.39492,51.36109],[1.39533,51.36094],[1.39547,51.36086],[1.39561,51.36079],[1.3958,51.36076],[1.39596,51.36071],[1.39621,51.36067],[1.39647,51.36067],[1.39677,51.36059],[1.39815,51.36059],[1.39846,51.36053],[1.39898,51.36063],[1.39965,51.36078],[1.39997,51.36088],[1.40016,51.36087],[1.40034,51.36083],[1.40033,51.3609],[1.40041,51.36089],[1.40051,51.36086],[1.40067,51.3608],[1.40089,51.36081],[1.40094,51.36065],[1.40111,51.36069],[1.40136,51.36053],[1.40154,51.36051],[1.40164,51.36046],[1.4018,51.36046],[1.40201,51.36043],[1.40217,51.3604],[1.40257,51.36041],[1.403,51.36044],[1.40307,51.3604],[1.40317,51.36046],[1.40336,51.36048],[1.40403,51.36041],[1.40418,51.36036],[1.40439,51.36033],[1.4045,51.36035],[1.40461,51.36031],[1.40479,51.36026],[1.40496,51.3602],[1.40533,51.3601],[1.40561,51.36008],[1.40589,51.36012],[1.40762,51.36004],[1.4084,51.36036],[1.4088,51.36044],[1.40923,51.36053],[1.41091,51.36092],[1.41179,51.36101],[1.41225,51.36102],[1.41261,51.36126],[1.41417,51.36193],[1.41487,51.36233],[1.41567,51.36273],[1.4159,51.36286],[1.41629,51.36283],[1.41708,51.36223],[1.41759,51.36193],[1.41782,51.36182],[1.41801,51.36171],[1.41804,51.36176]]]]}},{"type":"Feature","properties":{"source_code":"G82126","codes":["G82126"],"label":"EAST CLIFF MEDICAL PRACTICE"},"geometry":{"type":"Polygon","coordinates":[[[1.4163,51.3629],[1.4169,51.36249],[1.41732,51.36217],[1.41768,51.36193],[1.41817,51.36172],[1.41882,51.36152],[1.41941,51.36141],[1.41994,51.36144],[1.42055,51.36153],[1.42114,51.36154],[1.42241,51.36147],[1.4238,51.36127],[1.42682,51.36072],[1.42773,51.36063],[1.4286,51.36066],[1.42914,51.36074],[1.4297,51.36088],[1.43081,51.36069],[1.43266,51.36039],[1.43346,51.36031],[1.4342,51.36014],[1.43566,51.35988],[1.43751,51.35953],[1.43926,51.35908],[1.44185,51.35846],[1.44572,51.35825],[1.44526,51.35812],[1.4448,51.35803],[1.44409,51.35796],[1.44388,51.35753],[1.44388,51.3571],[1.44387,51.35671],[1.44375,51.3562],[1.44329,51.35575],[1.44349,51.35528],[1.44392,51.35432],[1.44359,51.35362],[1.44297,51.35229],[1.44293,51.35133],[1.4427,51.35026],[1.44207,51.34948],[1.44149,51.34872],[1.43988,51.34828],[1.43957,51.34746],[1.43941,51.34642],[1.43899,51.34568],[1.43798,51.34471],[1.43743,51.34371],[1.43705,51.34334],[1.43674,51.34287],[1.43659,51.34249],[1.43594,51.34171],[1.43545,51.34094],[1.43451,51.34021],[1.43386,51.339],[1.43247,51.33792],[1.43168,51.33709],[1.4295,51.33575],[1.42757,51.33423],[1.42662,51.33285],[1.4255,51.33127],[1.42527,51.32955],[1.42479,51.32883],[1.42365,51.32814],[1.42336,51.32718],[1.42479,51.32624],[1.42419,51.32479],[1.4234,51.32406],[1.42144,51.32346],[1.41995,51.32363],[1.41792,51.32365],[1.41493,51.32366],[1.41279,51.32375],[1.41105,51.32385],[1.40933,51.32623],[1.39934,51.3255],[1.39606,51.32565],[1.39205,51.32586],[1.38997,51.32657],[1.38822,51.32673],[1.38413,51.32826],[1.38251,51.32885],[1.38158,51.3292],[1.38046,51.32929],[1.3792,51.32952],[1.3777,51.32961],[1.37589,51.32865],[1.37222,51.32898],[1.37093,51.32826],[1.36988,51.32776],[1.36899,51.3274],[1.36799,51.32681],[1.36681,51.32612],[1.3654,51.32549],[1.36374,51.32452],[1.36258,51.32398],[1.36187,51.32363],[1.35905,51.32737],[1.36394,51.33694],[1.3663,51.33654],[1.37158,51.33639],[1.3747,51.33664],[1.37876,51.33721],[1.3796,51.33692],[1.38376,51.33798],[1.38629,51.33836],[1.39003,51.33894],[1.39522,51.33959],[1.39823,51.34003],[1.40124,51.34031],[1.40806,51.34213],[1.41,51.34281],[1.40952,51.34315],[1.40898,51.34379],[1.40875,51.34413],[1.40859,51.34449],[1.40826,51.34522],[1.40748,51.34631],[1.40642,51.34764],[1.40419,51.35023],[1.40217,51.35244],[1.4032,51.35365],[1.40339,51.35398],[1.40352,51.35433],[1.40356,51.35466],[1.40355,51.35498],[1.40341,51.35558],[1.40365,51.35596],[1.40414,51.35631],[1.40503,51.35705],[1.40594,51.35798],[1.40668,51.35893],[1.40724,51.35964],[1.40773,51.36038],[1.40895,51.36058],[1.41036,51.36094],[1.41072,51.36104],[1.41108,51.36107],[1.4116,51.36113],[1.41184,51.36122],[1.41268,51.36144],[1.41351,51.36176],[1.41546,51.3628],[1.41582,51.36297],[1.41617,51.36299],[1.4163,51.3629]]]}},{"type":"Feature","properties":{"source_code":"G82796","codes":["G82796"],"label":"BROADSTAIRS MEDICAL PRACTICE"},"geometry":{"type":"Polygon","coordinates":[[[1.43612,51.36979],[1.43973,51.36924],[1.44124,51.3692],[1.44241,51.36927],[1.44335,51.3688],[1.44349,51.36824],[1.44344,51.36757],[1.4451,51.36719],[1.44466,51.36614],[1.44512,51.36513],[1.44496,51.36413],[1.44454,51.3633],[1.44489,51.36207],[1.44535,51.36111],[1.44527,51.35994],[1.44565,51.35915],[1.44358,51.35882],[1.4421,51.35814],[1.4419,51.35781],[1.44079,51.3584],[1.43949,51.35883],[1.43817,51.35914],[1.43502,51.35974],[1.43229,51.36021],[1.43,51.36055],[1.42848,51.36049],[1.42706,51.36042],[1.42477,51.36082],[1.42241,51.36133],[1.4208,51.36127],[1.41911,51.36126],[1.41772,51.36175],[1.41603,51.36297],[1.41612,51.36302],[1.41816,51.36413],[1.4195,51.36532],[1.42038,51.36641],[1.42252,51.36757],[1.42413,51.36892],[1.42547,51.37016],[1.42557,51.37038],[1.42661,51.3699],[1.42891,51.36973],[1.4312,51.36944],[1.43199,51.3693],[1.43243,51.3704],[1.4333,51.37015],[1.43612,51.36979]]]}}]}