{"type":"FeatureCollection","metadata":{"bundle_id":"bundle-009","practice_count":183,"feature_count":183},"features":[{"type":"Feature","properties":{"source_code":"M85146","codes":["M85146"],"label":"THE KHATTAK MEMORIAL SURGERY"},"geometry":{"type":"MultiPolygon","coordinates":[[[[-1.9075,52.44429],[-1.90738,52.44452],[-1.90748,52.44432],[-1.9075,52.44429]]],[[[-1.90738,52.44452],[-1.89926,52.46145],[-1.89554,52.46717],[-1.90738,52.44452]]],[[[-1.89554,52.46717],[-1.88759,52.48236],[-1.88564,52.48238],[-1.89554,52.46717]]],[[[-1.90748,52.44432],[-1.8972,52.45706],[-1.8663,52.4694],[-1.86287,52.46856],[-1.87956,52.48246],[-1.79695,52.48341],[-1.84502,52.42734],[-1.87162,52.43754],[-1.90784,52.44356],[-1.90748,52.44432]]],[[[-1.87956,52.48246],[-1.88564,52.48238],[-1.88347,52.48571],[-1.87956,52.48246]]]]}},{"type":"Feature","properties":{"source_code":"M85005","codes":["M85005"],"label":"THE PARK MEDICAL CENTRE"},"geometry":{"type":"Polygon","coordinates":[[[-1.84896,52.4603],[-1.85896,52.46453],[-1.85592,52.47222],[-1.86441,52.47525],[-1.85429,52.47672],[-1.83386,52.48017],[-1.82648,52.48027],[-1.81257,52.47755],[-1.82107,52.47881],[-1.81832,52.4717],[-1.80995,52.46914],[-1.81137,52.46553],[-1.81395,52.46145],[-1.82682,52.46249],[-1.84896,52.4603]]]}},{"type":"Feature","properties":{"source_code":"M85024","codes":["M85024"],"label":"THE LIMES MEDICAL CENTRE"},"geometry":{"type":"Polygon","coordinates":[[[-1.87042,52.46584],[-1.87866,52.47619],[-1.80983,52.47797],[-1.83936,52.46604],[-1.87008,52.45538],[-1.87042,52.46584]]]}},{"type":"Feature","properties":{"source_code":"M87020","codes":["M87020"],"label":"FELDON LANE PRACTICE"},"geometry":{"type":"Polygon","coordinates":[[[-2.07882,52.43644],[-2.08204,52.43553],[-2.08577,52.43546],[-2.08564,52.4368],[-2.08517,52.43856],[-2.08697,52.44162],[-2.08657,52.44362],[-2.08908,52.44468],[-2.09307,52.44649],[-2.10259,52.44733],[-2.10607,52.44811],[-2.1068,52.45088],[-2.09573,52.45329],[-2.08899,52.45496],[-2.08689,52.46066],[-2.08234,52.47381],[-2.06818,52.47808],[-2.0656,52.47762],[-2.06165,52.4781],[-2.05633,52.48001],[-2.05354,52.47859],[-2.05058,52.47622],[-2.04449,52.47578],[-2.0402,52.47655],[-2.03556,52.47763],[-2.03127,52.47614],[-2.02698,52.47821],[-2.02337,52.4798],[-2.01535,52.47049],[-2.01417,52.46728],[-2.01367,52.46359],[-2.0126,52.45619],[-2.01267,52.45223],[-2.0153,52.44952],[-2.02331,52.44791],[-2.03131,52.44704],[-2.03949,52.4458],[-2.04698,52.4433],[-2.07882,52.43644]]]}},{"type":"Feature","properties":{"source_code":"M88003","codes":["M88003"],"label":"WARLEY MEDICAL CENTRE"},"geometry":{"type":"MultiPolygon","coordinates":[[[[-1.98255,52.46018],[-1.98257,52.46015],[-1.98262,52.46023],[-1.98255,52.46018]]],[[[-1.98247,52.46011],[-1.98255,52.46018],[-1.98241,52.46039],[-1.98225,52.46013],[-1.98247,52.46011]]],[[[-2.03732,52.47653],[-2.0354,52.4781],[-2.03309,52.47959],[-2.03088,52.48283],[-2.0292,52.48521],[-2.02781,52.48748],[-2.02564,52.48675],[-2.02318,52.48602],[-2.0215,52.48707],[-2.01912,52.48822],[-2.02034,52.49058],[-2.01877,52.49222],[-2.01648,52.49534],[-2.0147,52.49717],[-2.01248,52.49884],[-2.011,52.50018],[-2.00874,52.49854],[-2.00642,52.49667],[-2.00531,52.4957],[-2.00385,52.4953],[-2.00161,52.49484],[-1.99938,52.49416],[-1.99599,52.49237],[-1.9935,52.48968],[-1.99192,52.48824],[-1.99008,52.48728],[-1.98733,52.48571],[-1.98537,52.48448],[-1.98434,52.48368],[-1.98305,52.48346],[-1.97972,52.48273],[-1.97715,52.48153],[-1.97548,52.48065],[-1.97467,52.47956],[-1.97471,52.47749],[-1.97291,52.47738],[-1.97018,52.47689],[-1.96986,52.47632],[-1.96837,52.47223],[-1.97121,52.47067],[-1.97509,52.46834],[-1.9779,52.46705],[-1.98123,52.46602],[-1.9777,52.46298],[-1.97494,52.46128],[-1.9761,52.46062],[-1.97759,52.46054],[-1.98084,52.46059],[-1.98282,52.46058],[-1.98262,52.46023],[-1.98269,52.46029],[-1.98269,52.46019],[-1.9826,52.46009],[-1.98247,52.46011],[-1.98113,52.45899],[-1.98021,52.45766],[-1.98115,52.45629],[-1.98078,52.45457],[-1.97981,52.45225],[-1.9843,52.45246],[-1.99111,52.45314],[-1.999,52.45458],[-2.00059,52.45552],[-2.00171,52.45663],[-2.00248,52.45793],[-2.00374,52.4589],[-2.00423,52.45895],[-2.00488,52.45885],[-2.00668,52.45898],[-2.00857,52.45986],[-2.00874,52.45862],[-2.00878,52.45789],[-2.00872,52.45678],[-2.00801,52.45395],[-2.00775,52.45218],[-2.00891,52.45049],[-2.01084,52.44954],[-2.01324,52.44907],[-2.01499,52.45011],[-2.0172,52.4493],[-2.02254,52.44786],[-2.02688,52.44737],[-2.02944,52.44712],[-2.0323,52.44682],[-2.03598,52.44628],[-2.03675,52.44751],[-2.03726,52.44739],[-2.03972,52.4479],[-2.04089,52.44872],[-2.04035,52.45099],[-2.03912,52.45469],[-2.03777,52.45607],[-2.03599,52.45714],[-2.03363,52.45918],[-2.03314,52.46061],[-2.03075,52.4609],[-2.02779,52.46159],[-2.02904,52.46409],[-2.03148,52.46856],[-2.03522,52.47188],[-2.03796,52.47442],[-2.03707,52.4748],[-2.03678,52.4754],[-2.03732,52.47653]]]]}},{"type":"Feature","properties":{"source_code":"M85694","codes":["M85694"],"label":"GARRETTS GREEN LANE SURGERY"},"geometry":{"type":"Polygon","coordinates":[[[-1.85669,52.47651],[-1.80588,52.48529],[-1.73893,52.46689],[-1.78322,52.45036],[-1.85669,52.47651]]]}},{"type":"Feature","properties":{"source_code":"M85699","codes":["M85699"],"label":"COVENTRY ROAD MEDICAL CENTRE"},"geometry":{"type":"Polygon","coordinates":[[[-1.88553,52.49365],[-1.8645,52.50379],[-1.81755,52.50515],[-1.77687,52.50969],[-1.75618,52.5105],[-1.7479,52.50213],[-1.74236,52.49125],[-1.7506,52.4797],[-1.76708,52.45768],[-1.85909,52.43508],[-1.89034,52.4559],[-1.88553,52.49365]]]}},{"type":"Feature","properties":{"source_code":"M85770","codes":["M85770"],"label":"THE SHELDON MEDICAL CENTRE"},"geometry":{"type":"Polygon","coordinates":[[[-1.62872,52.45434],[-1.59096,52.39907],[-1.63089,52.39998],[-1.63147,52.39572],[-1.63147,52.3865],[-1.67404,52.38314],[-1.70425,52.38231],[-1.72073,52.37811],[-1.75369,52.37811],[-1.77292,52.37811],[-1.79489,52.38566],[-1.81686,52.39236],[-1.83884,52.39823],[-1.85105,52.40475],[-1.90063,52.40577],[-1.93016,52.51789],[-1.78185,52.51664],[-1.62872,52.45434]]]}},{"type":"Feature","properties":{"source_code":"M85178","codes":["M85178"],"label":"MODALITY BIRMINGHAM"},"geometry":{"type":"Polygon","coordinates":[[[-1.93771,52.54797],[-1.89411,52.53523],[-1.856,52.51831],[-1.87729,52.50473],[-1.88896,52.48905],[-1.93771,52.48654],[-1.97479,52.49177],[-2.00157,52.50703],[-1.93771,52.54797]]]}},{"type":"Feature","properties":{"source_code":"M85108","codes":["M85108"],"label":"SMALL HEATH MEDICAL PRACTICE"},"geometry":{"type":"Polygon","coordinates":[[[-1.8534,52.47697],[-1.85296,52.47574],[-1.85215,52.47395],[-1.85337,52.47341],[-1.85433,52.47319],[-1.85483,52.47255],[-1.85633,52.47093],[-1.8567,52.47061],[-1.85706,52.47023],[-1.85765,52.4705],[-1.85766,52.4705],[-1.85744,52.47039],[-1.85638,52.46993],[-1.85598,52.46978],[-1.85536,52.46951],[-1.85491,52.46932],[-1.85466,52.46924],[-1.85549,52.46847],[-1.85764,52.46929],[-1.85866,52.46972],[-1.85927,52.46997],[-1.85985,52.46978],[-1.86164,52.46761],[-1.86369,52.46859],[-1.86647,52.46765],[-1.87099,52.46947],[-1.87353,52.4719],[-1.87405,52.47325],[-1.87122,52.4741],[-1.86883,52.47447],[-1.86566,52.47616],[-1.86565,52.47482],[-1.86503,52.47498],[-1.86323,52.47549],[-1.86109,52.47609],[-1.86047,52.47599],[-1.85919,52.47624],[-1.85784,52.47642],[-1.85664,52.47658],[-1.85597,52.48],[-1.85393,52.48025],[-1.8534,52.47697]]]}},{"type":"Feature","properties":{"source_code":"M87034","codes":["M87034"],"label":"CLEMENT ROAD MEDICAL PRACTICE"},"geometry":{"type":"Polygon","coordinates":[[[-2.05084,52.4995],[-2.02397,52.50005],[-2.00252,52.48916],[-1.99569,52.48051],[-1.99385,52.46406],[-1.99574,52.45925],[-2.01685,52.44882],[-2.03118,52.44703],[-2.0405,52.44801],[-2.04288,52.44976],[-2.05839,52.45397],[-2.06371,52.46911],[-2.06453,52.48422],[-2.05084,52.4995]]]}},{"type":"Feature","properties":{"source_code":"M85679","codes":["M85679"],"label":"CHARLES ROAD SURGERY"},"geometry":{"type":"Polygon","coordinates":[[[-1.87248,52.48153],[-1.8203,52.48236],[-1.82716,52.46459],[-1.86905,52.4671],[-1.87248,52.48153]]]}},{"type":"Feature","properties":{"source_code":"M85025","codes":["M85025"],"label":"BATH ROW MEDICAL PRACTICE"},"geometry":{"type":"MultiPolygon","coordinates":[[[[-1.8833,52.45363],[-1.8851,52.45461],[-1.88481,52.45451],[-1.88402,52.45444],[-1.8833,52.45363]]],[[[-1.8851,52.45461],[-1.88585,52.45415],[-1.88632,52.45408],[-1.88635,52.45405],[-1.8874,52.4537],[-1.88793,52.45372],[-1.88802,52.45367],[-1.88948,52.4538],[-1.88989,52.45342],[-1.89135,52.45395],[-1.89142,52.45392],[-1.89187,52.45344],[-1.89228,52.45326],[-1.89288,52.45331],[-1.89364,52.45267],[-1.89495,52.45317],[-1.89605,52.45296],[-1.89612,52.45298],[-1.89661,52.45351],[-1.89678,52.45363],[-1.90075,52.45377],[-1.90127,52.45369],[-1.89814,52.45897],[-1.8851,52.45461]]],[[[-1.94555,52.44647],[-1.94569,52.44794],[-1.9462,52.44836],[-1.94629,52.44839],[-1.94637,52.44848],[-1.94647,52.44882],[-1.94509,52.44938],[-1.94542,52.44992],[-1.94549,52.44995],[-1.94554,52.45012],[-1.94362,52.45192],[-1.94365,52.45195],[-1.94366,52.45207],[-1.94632,52.45304],[-1.94634,52.45383],[-1.94494,52.45449],[-1.94382,52.4547],[-1.94388,52.45493],[-1.94411,52.45519],[-1.94383,52.45696],[-1.94315,52.45745],[-1.94364,52.45824],[-1.94368,52.45828],[-1.94364,52.45832],[-1.94183,52.45903],[-1.94258,52.45978],[-1.94262,52.45989],[-1.94003,52.46055],[-1.94555,52.44647]]],[[[-1.8833,52.45363],[-1.88144,52.46172],[-1.8806,52.46164],[-1.87933,52.46089],[-1.87798,52.46152],[-1.8779,52.46148],[-1.87725,52.46017],[-1.87734,52.4599],[-1.87706,52.45977],[-1.8761,52.45976],[-1.87549,52.45962],[-1.87523,52.45962],[-1.87453,52.45976],[-1.87343,52.45978],[-1.87336,52.45924],[-1.87289,52.45911],[-1.87188,52.4593],[-1.87112,52.45894],[-1.87136,52.45858],[-1.87165,52.4584],[-1.87171,52.45804],[-1.87168,52.45778],[-1.87256,52.45754],[-1.87261,52.45725],[-1.8722,52.45686],[-1.87258,52.45662],[-1.87261,52.45619],[-1.87386,52.45601],[-1.87271,52.45541],[-1.87282,52.455],[-1.87273,52.45474],[-1.87256,52.45467],[-1.87289,52.45389],[-1.87275,52.45365],[-1.87284,52.45339],[-1.8728,52.45322],[-1.87248,52.4528],[-1.87218,52.45268],[-1.8721,52.45258],[-1.87195,52.45219],[-1.87215,52.45188],[-1.87198,52.45161],[-1.87191,52.45129],[-1.8722,52.45091],[-1.87231,52.45082],[-1.87243,52.45027],[-1.87315,52.45022],[-1.87386,52.45056],[-1.87452,52.45051],[-1.87463,52.45057],[-1.87556,52.45072],[-1.87594,52.45024],[-1.87599,52.45022],[-1.87717,52.45074],[-1.8771,52.45112],[-1.87881,52.4512],[-1.87921,52.45148],[-1.87956,52.45145],[-1.87986,52.4515],[-1.87991,52.45154],[-1.88129,52.45215],[-1.88208,52.45218],[-1.88213,52.4522],[-1.8816,52.45276],[-1.88196,52.45379],[-1.88202,52.45381],[-1.88204,52.45381],[-1.88239,52.45388],[-1.8833,52.45363]]],[[[-1.90127,52.45369],[-1.90152,52.45284],[-1.90401,52.45124],[-1.90566,52.45083],[-1.90602,52.44998],[-1.90758,52.44907],[-1.91059,52.44937],[-1.91315,52.45008],[-1.91324,52.45012],[-1.91546,52.4495],[-1.91626,52.44949],[-1.91641,52.44955],[-1.92066,52.44923],[-1.92035,52.44768],[-1.92304,52.44677],[-1.9237,52.44707],[-1.92494,52.44704],[-1.92601,52.44646],[-1.92761,52.44711],[-1.92875,52.44799],[-1.92881,52.44806],[-1.93053,52.44757],[-1.93117,52.44759],[-1.93206,52.44773],[-1.93619,52.4496],[-1.93642,52.4491],[-1.93661,52.44882],[-1.93712,52.44813],[-1.93988,52.44566],[-1.94135,52.44624],[-1.94398,52.4463],[-1.94488,52.4465],[-1.94555,52.44647],[-1.92828,52.45793],[-1.92788,52.45786],[-1.92714,52.45819],[-1.92695,52.45842],[-1.92709,52.45872],[-1.92378,52.46091],[-1.92135,52.45897],[-1.9203,52.45853],[-1.91932,52.46011],[-1.91541,52.46132],[-1.91643,52.4618],[-1.91919,52.46129],[-1.91933,52.46182],[-1.91877,52.46273],[-1.91961,52.46332],[-1.92002,52.4634],[-1.91713,52.46532],[-1.90664,52.46181],[-1.89945,52.45941],[-1.89949,52.45928],[-1.89977,52.45883],[-1.89951,52.45835],[-1.89957,52.4582],[-1.8996,52.45817],[-1.90195,52.45671],[-1.90206,52.45653],[-1.90242,52.45635],[-1.90218,52.45476],[-1.90178,52.45441],[-1.90127,52.45369]]],[[[-1.94003,52.46055],[-1.94091,52.46123],[-1.94274,52.46131],[-1.94281,52.46136],[-1.94318,52.46139],[-1.94415,52.46176],[-1.94409,52.46246],[-1.94378,52.4626],[-1.94362,52.4632],[-1.94552,52.46365],[-1.94582,52.46412],[-1.94757,52.46438],[-1.94862,52.46515],[-1.94888,52.46548],[-1.94951,52.46555],[-1.95081,52.46602],[-1.95171,52.46677],[-1.95188,52.46725],[-1.95151,52.46823],[-1.9528,52.46878],[-1.9538,52.46982],[-1.95377,52.47002],[-1.95437,52.47104],[-1.95437,52.47111],[-1.95411,52.47121],[-1.95288,52.47229],[-1.95234,52.47233],[-1.95221,52.47228],[-1.95203,52.47209],[-1.95105,52.47173],[-1.95044,52.47229],[-1.95016,52.47229],[-1.94936,52.47177],[-1.94883,52.47186],[-1.94834,52.47179],[-1.94821,52.47172],[-1.94799,52.47109],[-1.94681,52.4708],[-1.94656,52.4708],[-1.94603,52.47118],[-1.9446,52.47076],[-1.94353,52.47098],[-1.94352,52.47115],[-1.94241,52.472],[-1.94147,52.47203],[-1.94179,52.47078],[-1.94083,52.47064],[-1.93952,52.47099],[-1.93938,52.47114],[-1.93902,52.47124],[-1.93827,52.47129],[-1.93751,52.47091],[-1.93581,52.47093],[-1.93508,52.47132],[-1.93462,52.47117],[-1.93416,52.47096],[-1.93381,52.47068],[-1.93328,52.47072],[-1.92027,52.46637],[-1.94003,52.46055]]],[[[-1.95234,52.47233],[-1.95194,52.47308],[-1.95225,52.47359],[-1.95326,52.4735],[-1.95387,52.47372],[-1.95388,52.47376],[-1.95546,52.47479],[-1.95471,52.47552],[-1.95488,52.47613],[-1.95413,52.47689],[-1.95438,52.47742],[-1.95437,52.47776],[-1.93851,52.47247],[-1.95025,52.47235],[-1.95033,52.4724],[-1.95038,52.47235],[-1.95234,52.47233]]],[[[-1.88144,52.46172],[-1.88268,52.46188],[-1.88343,52.46212],[-1.88384,52.46244],[-1.88488,52.46257],[-1.88571,52.4632],[-1.88588,52.46325],[-1.88637,52.46333],[-1.88758,52.46302],[-1.88786,52.46288],[-1.88803,52.46292],[-1.88955,52.4635],[-1.89011,52.46357],[-1.89032,52.46367],[-1.89041,52.46369],[-1.89167,52.46461],[-1.89253,52.46454],[-1.89259,52.46454],[-1.89294,52.4648],[-1.89227,52.46569],[-1.89164,52.46572],[-1.89176,52.46693],[-1.89127,52.46725],[-1.89305,52.46756],[-1.89255,52.46842],[-1.89163,52.46855],[-1.89207,52.46918],[-1.89204,52.46927],[-1.88989,52.47017],[-1.88991,52.47024],[-1.88987,52.47039],[-1.8901,52.47088],[-1.88948,52.47176],[-1.88927,52.47184],[-1.88759,52.4716],[-1.88743,52.4725],[-1.88802,52.4729],[-1.88769,52.47368],[-1.88721,52.47388],[-1.88726,52.47441],[-1.88672,52.47494],[-1.88682,52.47522],[-1.8868,52.47525],[-1.88697,52.47568],[-1.88862,52.47612],[-1.88869,52.47633],[-1.88866,52.47641],[-1.88917,52.47664],[-1.89084,52.47657],[-1.89105,52.47673],[-1.89106,52.47681],[-1.89197,52.47753],[-1.89209,52.47748],[-1.8923,52.47728],[-1.89256,52.47709],[-1.89261,52.47707],[-1.89409,52.47717],[-1.89426,52.47701],[-1.89423,52.47673],[-1.89337,52.47648],[-1.89859,52.47255],[-1.8987,52.47321],[-1.89923,52.4734],[-1.89846,52.47396],[-1.89912,52.47421],[-1.89902,52.47456],[-1.89909,52.47462],[-1.89909,52.47474],[-1.89907,52.47484],[-1.89968,52.47516],[-1.89984,52.47516],[-1.9,52.47571],[-1.90097,52.47557],[-1.90063,52.47624],[-1.90047,52.47628],[-1.89998,52.47688],[-1.89993,52.47712],[-1.90095,52.477],[-1.90096,52.477],[-1.90183,52.47755],[-1.90229,52.47698],[-1.90229,52.47697],[-1.90268,52.47688],[-1.90316,52.47695],[-1.90358,52.47735],[-1.90366,52.4777],[-1.90367,52.47771],[-1.90226,52.47863],[-1.90226,52.47864],[-1.90059,52.47949],[-1.89745,52.48108],[-1.89713,52.48124],[-1.89713,52.48111],[-1.89696,52.48118],[-1.8954,52.48125],[-1.89533,52.48122],[-1.8953,52.48116],[-1.89503,52.48104],[-1.89499,52.4807],[-1.89559,52.48035],[-1.89549,52.48018],[-1.8957,52.47991],[-1.89561,52.47967],[-1.89579,52.47945],[-1.89568,52.47927],[-1.89573,52.47916],[-1.8955,52.47894],[-1.89476,52.47877],[-1.89479,52.47826],[-1.89326,52.47844],[-1.8932,52.47846],[-1.89172,52.47789],[-1.89139,52.47801],[-1.89128,52.47852],[-1.89183,52.4793],[-1.89145,52.47979],[-1.89143,52.4798],[-1.89094,52.48034],[-1.89169,52.48095],[-1.89094,52.48206],[-1.88979,52.482],[-1.88903,52.48274],[-1.88901,52.48343],[-1.88705,52.48256],[-1.88701,52.48243],[-1.88601,52.48216],[-1.88734,52.48097],[-1.8871,52.4809],[-1.88692,52.4809],[-1.88567,52.48107],[-1.88427,52.48191],[-1.88362,52.48203],[-1.88305,52.48189],[-1.8822,52.48104],[-1.88222,52.48065],[-1.88099,52.47953],[-1.88104,52.47929],[-1.88051,52.47836],[-1.88076,52.47785],[-1.88071,52.47774],[-1.8816,52.47689],[-1.88195,52.4769],[-1.88296,52.47729],[-1.88303,52.47727],[-1.88343,52.47698],[-1.88352,52.47673],[-1.88315,52.47594],[-1.88321,52.47591],[-1.88374,52.47545],[-1.88512,52.47567],[-1.88529,52.47491],[-1.88505,52.4748],[-1.88394,52.47487],[-1.88355,52.47464],[-1.88243,52.47506],[-1.88128,52.47444],[-1.88077,52.47445],[-1.88043,52.47401],[-1.87849,52.4737],[-1.87828,52.47298],[-1.87898,52.47253],[-1.87908,52.47211],[-1.87832,52.47111],[-1.87678,52.47111],[-1.87648,52.47051],[-1.87749,52.46955],[-1.8775,52.46945],[-1.87778,52.46927],[-1.8787,52.46904],[-1.87894,52.46851],[-1.8789,52.46834],[-1.87944,52.46767],[-1.87942,52.46743],[-1.87965,52.46726],[-1.87924,52.46612],[-1.87989,52.46568],[-1.88033,52.46571],[-1.88141,52.46468],[-1.88141,52.46463],[-1.88159,52.46457],[-1.88198,52.46384],[-1.88238,52.46358],[-1.8824,52.46356],[-1.88254,52.46344],[-1.8826,52.46332],[-1.88256,52.46329],[-1.8816,52.46299],[-1.88124,52.46227],[-1.88166,52.46187],[-1.88164,52.46185],[-1.88144,52.46172]]],[[[-1.90943,52.48682],[-1.90899,52.4842],[-1.90957,52.48406],[-1.90963,52.48408],[-1.91053,52.48391],[-1.91052,52.48379],[-1.91027,52.48356],[-1.91015,52.48352],[-1.90989,52.48313],[-1.91114,52.48304],[-1.91117,52.48303],[-1.91118,52.48302],[-1.9106,52.48226],[-1.91059,52.48226],[-1.90949,52.48292],[-1.90914,52.48291],[-1.90904,52.48283],[-1.90891,52.48197],[-1.90903,52.4818],[-1.90903,52.4815],[-1.90901,52.48149],[-1.90851,52.48138],[-1.90775,52.47691],[-1.90779,52.47674],[-1.90791,52.47652],[-1.90794,52.47652],[-1.90846,52.47597],[-1.90869,52.4759],[-1.90893,52.47557],[-1.90927,52.47555],[-1.90927,52.47554],[-1.91011,52.47559],[-1.91023,52.4754],[-1.91114,52.47529],[-1.91131,52.47568],[-1.91219,52.47588],[-1.91265,52.47579],[-1.91268,52.4758],[-1.91322,52.47629],[-1.91355,52.47635],[-1.9143,52.47628],[-1.91486,52.47578],[-1.91489,52.47578],[-1.91553,52.47548],[-1.91577,52.47469],[-1.91642,52.4749],[-1.91755,52.47471],[-1.91765,52.47461],[-1.91893,52.4745],[-1.91899,52.47379],[-1.91822,52.47327],[-1.91832,52.47292],[-1.91877,52.47266],[-1.92688,52.47258],[-1.93031,52.47309],[-1.92987,52.47339],[-1.93045,52.47365],[-1.93097,52.4734],[-1.93179,52.47366],[-1.93183,52.47376],[-1.93137,52.4742],[-1.93116,52.47428],[-1.93021,52.47444],[-1.93018,52.47512],[-1.93012,52.47519],[-1.92975,52.47623],[-1.92934,52.47632],[-1.92928,52.47675],[-1.92856,52.47768],[-1.92859,52.47776],[-1.92898,52.47778],[-1.93038,52.47888],[-1.92994,52.47926],[-1.9322,52.48007],[-1.93263,52.48032],[-1.93315,52.4802],[-1.93595,52.48041],[-1.93749,52.47972],[-1.93841,52.4795],[-1.9388,52.47925],[-1.93884,52.47918],[-1.93935,52.47891],[-1.94113,52.47667],[-1.94208,52.47643],[-1.94264,52.47602],[-1.9429,52.47552],[-1.94605,52.47614],[-1.94605,52.47617],[-1.94721,52.47653],[-1.94775,52.47647],[-1.94989,52.47689],[-1.95024,52.47725],[-1.95153,52.47745],[-1.9516,52.47776],[-1.95248,52.4782],[-1.9536,52.47826],[-1.95437,52.47776],[-1.95554,52.47852],[-1.95551,52.47855],[-1.95395,52.47931],[-1.95372,52.48025],[-1.9542,52.48055],[-1.95485,52.48072],[-1.95517,52.48085],[-1.9552,52.48106],[-1.95537,52.48129],[-1.95497,52.48287],[-1.95325,52.48265],[-1.95308,52.48273],[-1.95297,52.48282],[-1.95259,52.48335],[-1.95265,52.48344],[-1.9526,52.48365],[-1.9509,52.48425],[-1.95088,52.48437],[-1.95077,52.48449],[-1.95115,52.48502],[-1.95081,52.48563],[-1.95081,52.48573],[-1.95075,52.48574],[-1.95013,52.48664],[-1.95033,52.48689],[-1.9504,52.48695],[-1.95041,52.48701],[-1.95006,52.48739],[-1.9501,52.4878],[-1.94998,52.48801],[-1.94887,52.4886],[-1.94843,52.48826],[-1.94827,52.4875],[-1.94829,52.48743],[-1.94778,52.48714],[-1.94685,52.4869],[-1.94684,52.48685],[-1.94619,52.4865],[-1.94607,52.48648],[-1.94581,52.4865],[-1.94511,52.48676],[-1.94439,52.4863],[-1.94415,52.48626],[-1.94351,52.48634],[-1.9431,52.48627],[-1.9429,52.48593],[-1.94128,52.48593],[-1.94114,52.48595],[-1.94085,52.48591],[-1.9397,52.48444],[-1.93905,52.48454],[-1.93846,52.48542],[-1.9368,52.48594],[-1.93672,52.48592],[-1.93627,52.48594],[-1.93564,52.48637],[-1.93454,52.48606],[-1.93358,52.48727],[-1.93246,52.48595],[-1.93241,52.48594],[-1.93228,52.48584],[-1.92993,52.48537],[-1.92965,52.48474],[-1.92945,52.48448],[-1.92942,52.48445],[-1.92929,52.48385],[-1.92895,52.48321],[-1.92733,52.48299],[-1.92681,52.48304],[-1.92614,52.48275],[-1.92437,52.4817],[-1.92369,52.48175],[-1.92368,52.48176],[-1.92243,52.48281],[-1.92338,52.48331],[-1.92318,52.48393],[-1.9231,52.48397],[-1.92278,52.48397],[-1.92174,52.48369],[-1.9216,52.48378],[-1.92086,52.48453],[-1.92074,52.48476],[-1.92019,52.48461],[-1.91854,52.48451],[-1.91848,52.48452],[-1.91772,52.48516],[-1.918,52.48564],[-1.91695,52.48615],[-1.91626,52.48622],[-1.91573,52.48672],[-1.91502,52.48685],[-1.91445,52.48628],[-1.91408,52.48631],[-1.913,52.48687],[-1.91279,52.48679],[-1.91266,52.4868],[-1.91175,52.48664],[-1.91122,52.48682],[-1.91056,52.48658],[-1.91054,52.48656],[-1.91004,52.4865],[-1.90943,52.48682]]],[[[-1.89713,52.48124],[-1.89773,52.48108],[-1.8981,52.48109],[-1.8983,52.48093],[-1.89903,52.48074],[-1.89926,52.48078],[-1.89962,52.48095],[-1.89976,52.48106],[-1.90027,52.48083],[-1.9003,52.48076],[-1.90077,52.48064],[-1.90106,52.48088],[-1.90091,52.48127],[-1.90098,52.48141],[-1.90085,52.48161],[-1.90101,52.48166],[-1.9014,52.48187],[-1.90162,52.48181],[-1.90177,52.48149],[-1.90211,52.48178],[-1.90183,52.48185],[-1.9022,52.48218],[-1.90221,52.48218],[-1.90241,52.4821],[-1.90253,52.48213],[-1.90279,52.48236],[-1.90277,52.48249],[-1.90317,52.48268],[-1.90356,52.48242],[-1.90419,52.48256],[-1.90467,52.48219],[-1.90486,52.48219],[-1.90548,52.48231],[-1.90901,52.48634],[-1.9089,52.48661],[-1.90943,52.48682],[-1.90931,52.48713],[-1.90908,52.48716],[-1.9089,52.48728],[-1.90879,52.48763],[-1.908,52.4876],[-1.90785,52.48748],[-1.90778,52.48746],[-1.90721,52.4869],[-1.90711,52.48691],[-1.90651,52.48771],[-1.90698,52.48783],[-1.90758,52.48843],[-1.90757,52.48844],[-1.90659,52.4887],[-1.90638,52.48865],[-1.90598,52.48824],[-1.90636,52.48774],[-1.90614,52.48763],[-1.90555,52.48751],[-1.9053,52.48731],[-1.90434,52.4873],[-1.90426,52.48679],[-1.90315,52.48638],[-1.90303,52.48643],[-1.9016,52.48609],[-1.90145,52.48611],[-1.90067,52.48592],[-1.90038,52.48512],[-1.89987,52.48484],[-1.89984,52.4847],[-1.89986,52.48448],[-1.8994,52.48405],[-1.8994,52.48376],[-1.89891,52.48327],[-1.8972,52.4832],[-1.89733,52.4828],[-1.89692,52.48237],[-1.89687,52.48206],[-1.89686,52.48206],[-1.89713,52.48124]]],[[[-1.89735,52.4603],[-1.89814,52.45897],[-1.89915,52.45931],[-1.89945,52.45941],[-1.89926,52.46008],[-1.89885,52.46012],[-1.89884,52.46014],[-1.89761,52.46027],[-1.89729,52.4604],[-1.89735,52.4603]]],[[[-1.91947,52.46661],[-1.91946,52.4666],[-1.91936,52.46658],[-1.91772,52.46692],[-1.91734,52.46718],[-1.91608,52.46732],[-1.91585,52.46751],[-1.91585,52.46752],[-1.91567,52.46772],[-1.91402,52.46821],[-1.91399,52.4682],[-1.91394,52.4682],[-1.91391,52.46824],[-1.91179,52.46887],[-1.91713,52.46532],[-1.91991,52.46625],[-1.92027,52.46637],[-1.91947,52.46661]]],[[[-1.92126,52.47174],[-1.92177,52.47175],[-1.92262,52.47165],[-1.92316,52.47117],[-1.92498,52.47144],[-1.92548,52.47104],[-1.92703,52.47163],[-1.92793,52.47084],[-1.92869,52.47072],[-1.92917,52.47098],[-1.93054,52.47088],[-1.93122,52.47166],[-1.93217,52.47114],[-1.93222,52.4708],[-1.93328,52.47072],[-1.93462,52.47117],[-1.93503,52.47135],[-1.93508,52.47132],[-1.93725,52.47204],[-1.93851,52.47247],[-1.93162,52.47253],[-1.92688,52.47258],[-1.92152,52.47178],[-1.92151,52.47178],[-1.92126,52.47174]]],[[[-1.91391,52.46824],[-1.91402,52.46821],[-1.91499,52.4685],[-1.91567,52.46772],[-1.91947,52.46661],[-1.92044,52.46731],[-1.92041,52.46776],[-1.92241,52.46857],[-1.92199,52.46944],[-1.92086,52.46959],[-1.92066,52.46979],[-1.92091,52.47028],[-1.92144,52.47056],[-1.92122,52.47168],[-1.92126,52.47174],[-1.92007,52.47232],[-1.91943,52.47231],[-1.91909,52.47247],[-1.91877,52.47266],[-1.91157,52.47273],[-1.91172,52.47262],[-1.9115,52.47167],[-1.91218,52.4715],[-1.91226,52.47092],[-1.91318,52.47055],[-1.91329,52.47046],[-1.91331,52.47036],[-1.91399,52.47002],[-1.91392,52.46931],[-1.91327,52.46912],[-1.91391,52.46824]]],[[[-1.9107,52.47273],[-1.91034,52.47274],[-1.91053,52.47267],[-1.9107,52.47273]]],[[[-1.90588,52.47278],[-1.90679,52.47217],[-1.90697,52.47213],[-1.90738,52.47216],[-1.90799,52.47252],[-1.9088,52.47218],[-1.90914,52.47226],[-1.90912,52.47275],[-1.90809,52.47276],[-1.90802,52.4727],[-1.9078,52.47276],[-1.90588,52.47278]]],[[[-1.9107,52.47273],[-1.91157,52.47273],[-1.91129,52.47292],[-1.91123,52.47294],[-1.9107,52.47273]]],[[[-1.93031,52.47309],[-1.93046,52.47299],[-1.93085,52.47317],[-1.93031,52.47309]]],[[[-1.90912,52.47275],[-1.91034,52.47274],[-1.90911,52.47317],[-1.90912,52.47275]]],[[[-1.89261,52.47585],[-1.89204,52.46927],[-1.89234,52.46997],[-1.893,52.47009],[-1.89347,52.47039],[-1.89407,52.47044],[-1.89429,52.47035],[-1.8947,52.47039],[-1.89507,52.4703],[-1.89609,52.47045],[-1.89615,52.47108],[-1.89672,52.47108],[-1.89714,52.47057],[-1.898,52.47023],[-1.89817,52.47026],[-1.89834,52.47046],[-1.89933,52.47087],[-1.89847,52.47159],[-1.9001,52.47227],[-1.89859,52.47255],[-1.89836,52.47249],[-1.89738,52.47295],[-1.8971,52.47286],[-1.89658,52.47287],[-1.89649,52.47351],[-1.89666,52.47367],[-1.89636,52.47409],[-1.89556,52.47429],[-1.89517,52.47452],[-1.89441,52.47475],[-1.89443,52.47499],[-1.89261,52.47585]]],[[[-1.89261,52.47585],[-1.89314,52.47641],[-1.89288,52.47621],[-1.89219,52.47674],[-1.89162,52.4766],[-1.89253,52.47584],[-1.89261,52.47585]]],[[[-1.89314,52.47641],[-1.89337,52.47648],[-1.89265,52.47702],[-1.89256,52.47709],[-1.89247,52.47712],[-1.8923,52.47728],[-1.89197,52.47753],[-1.89314,52.47641]]],[[[-1.90588,52.47278],[-1.90693,52.473],[-1.9078,52.47276],[-1.90809,52.47276],[-1.9085,52.4731],[-1.90895,52.47329],[-1.90906,52.47382],[-1.90923,52.47402],[-1.90927,52.47404],[-1.90832,52.47466],[-1.909,52.47434],[-1.90927,52.47404],[-1.90791,52.47652],[-1.90784,52.47653],[-1.90779,52.47674],[-1.90774,52.47684],[-1.90766,52.47638],[-1.90752,52.47584],[-1.9074,52.47577],[-1.90682,52.47565],[-1.90665,52.47561],[-1.90652,52.47568],[-1.90652,52.47571],[-1.90649,52.47586],[-1.90384,52.4776],[-1.90358,52.47735],[-1.9035,52.477],[-1.90316,52.47695],[-1.89942,52.47334],[-1.90018,52.47258],[-1.90027,52.47228],[-1.90052,52.47218],[-1.91179,52.46887],[-1.90679,52.47217],[-1.90657,52.47223],[-1.90588,52.47278]]],[[[-1.90384,52.4776],[-1.90403,52.47779],[-1.90352,52.47799],[-1.90368,52.47773],[-1.90367,52.47771],[-1.90384,52.4776]]],[[[-1.90336,52.47808],[-1.90352,52.47799],[-1.90358,52.47808],[-1.90351,52.47811],[-1.90352,52.478],[-1.90336,52.47808]]],[[[-1.90336,52.47808],[-1.90277,52.47842],[-1.90236,52.47859],[-1.90336,52.47808]]],[[[-1.90236,52.47859],[-1.9023,52.47862],[-1.90226,52.47863],[-1.90236,52.47859]]],[[[-1.90226,52.47863],[-1.90227,52.47864],[-1.90227,52.47864],[-1.90226,52.47863]]],[[[-1.90774,52.47684],[-1.90775,52.47691],[-1.90755,52.47778],[-1.90721,52.47788],[-1.90735,52.47913],[-1.90632,52.47943],[-1.90774,52.47684]]],[[[-1.90338,52.47991],[-1.90338,52.47984],[-1.90358,52.47978],[-1.90366,52.47977],[-1.90367,52.47976],[-1.9055,52.4792],[-1.90632,52.47943],[-1.90629,52.47979],[-1.90565,52.48058],[-1.90669,52.48117],[-1.9065,52.48155],[-1.90594,52.48179],[-1.90568,52.48235],[-1.90548,52.48231],[-1.90338,52.47991]]],[[[-1.90227,52.47864],[-1.90331,52.47983],[-1.90334,52.47986],[-1.90338,52.47991],[-1.90317,52.48268],[-1.90279,52.48236],[-1.90282,52.48222],[-1.90253,52.48213],[-1.90211,52.48178],[-1.90272,52.48162],[-1.90275,52.48147],[-1.90181,52.48141],[-1.90177,52.48149],[-1.90106,52.48088],[-1.90106,52.48088],[-1.90107,52.48087],[-1.90077,52.48064],[-1.90072,52.48054],[-1.90108,52.48034],[-1.9011,52.48024],[-1.9016,52.48024],[-1.90162,52.48007],[-1.90163,52.47999],[-1.90171,52.47995],[-1.90261,52.47981],[-1.90226,52.47864],[-1.90227,52.47864]]],[[[-1.90766,52.47638],[-1.90647,52.47601],[-1.90649,52.47586],[-1.90663,52.47577],[-1.90766,52.47638]]],[[[-1.90766,52.47638],[-1.90411,52.47786],[-1.90403,52.47779],[-1.90766,52.47638]]],[[[-1.90411,52.47786],[-1.90487,52.47859],[-1.90525,52.4786],[-1.9054,52.47896],[-1.9055,52.4792],[-1.90507,52.47879],[-1.90469,52.47859],[-1.90408,52.47858],[-1.90383,52.47848],[-1.90358,52.47808],[-1.90364,52.47805],[-1.90411,52.47786]]],[[[-1.90277,52.47842],[-1.90351,52.47811],[-1.90346,52.47885],[-1.90356,52.47888],[-1.90398,52.47955],[-1.90368,52.47975],[-1.90367,52.47976],[-1.90358,52.47978],[-1.90338,52.47982],[-1.90341,52.47953],[-1.90227,52.47864],[-1.9023,52.47862],[-1.90252,52.47856],[-1.90277,52.47842]]]]}},{"type":"Feature","properties":{"source_code":"M88020","codes":["M88020"],"label":"SHERWOOD HOUSE MEDICAL PRACTICE"},"geometry":{"type":"Polygon","coordinates":[[[-1.95956,52.47348],[-1.95957,52.47302],[-1.95714,52.47304],[-1.95471,52.47285],[-1.95033,52.47214],[-1.94595,52.4715],[-1.94228,52.47161],[-1.93861,52.4718],[-1.93495,52.47187],[-1.93136,52.4717],[-1.93238,52.47079],[-1.93226,52.46893],[-1.9332,52.46781],[-1.93446,52.46684],[-1.93563,52.46505],[-1.93645,52.46419],[-1.93703,52.46368],[-1.93838,52.46312],[-1.94107,52.46216],[-1.94238,52.46159],[-1.94364,52.46095],[-1.94559,52.46003],[-1.94762,52.45923],[-1.94975,52.45851],[-1.95105,52.45832],[-1.95256,52.45815],[-1.95411,52.45804],[-1.9555,52.45815],[-1.95624,52.45811],[-1.95763,52.45797],[-1.95933,52.45881],[-1.9606,52.4593],[-1.96153,52.45969],[-1.96956,52.45983],[-1.97373,52.46076],[-1.97529,52.46055],[-1.9766,52.46035],[-1.97811,52.46054],[-1.98084,52.46071],[-1.98309,52.46051],[-1.98534,52.45526],[-1.9877,52.45533],[-1.99018,52.45627],[-1.9909,52.45701],[-1.99425,52.45741],[-1.99695,52.45943],[-2.00518,52.45873],[-2.00739,52.45961],[-2.00808,52.46015],[-2.00794,52.46176],[-2.01503,52.46227],[-2.0185,52.46257],[-2.02028,52.46271],[-2.02211,52.46256],[-2.02349,52.4645],[-2.02452,52.46695],[-2.02691,52.46892],[-2.02698,52.47107],[-2.02552,52.47201],[-2.02372,52.47184],[-2.02224,52.47131],[-2.01692,52.47118],[-2.01391,52.4711],[-2.01143,52.47097],[-2.01013,52.47191],[-2.00866,52.47251],[-2.00685,52.47387],[-2.00579,52.47516],[-2.00371,52.47732],[-2.00214,52.47848],[-1.99936,52.47943],[-1.99691,52.4798],[-1.99324,52.48234],[-1.99157,52.48795],[-1.9887,52.4869],[-1.98456,52.48704],[-1.98162,52.48696],[-1.97977,52.48861],[-1.97692,52.49011],[-1.96089,52.48644],[-1.95874,52.48218],[-1.95695,52.48025],[-1.95482,52.47855],[-1.96187,52.47438],[-1.96138,52.47433],[-1.96097,52.47413],[-1.96004,52.474],[-1.95988,52.47445],[-1.95913,52.47507],[-1.95641,52.47463],[-1.95591,52.47413],[-1.95774,52.474],[-1.95956,52.47348]]]}},{"type":"Feature","properties":{"source_code":"M85088","codes":["M85088"],"label":"KARIS MEDICAL CENTRE"},"geometry":{"type":"Polygon","coordinates":[[[-1.93767,52.44232],[-1.93842,52.44086],[-1.94158,52.44197],[-1.94321,52.4443],[-1.9454,52.44662],[-1.94669,52.44852],[-1.94776,52.44861],[-1.94863,52.44903],[-1.94945,52.44991],[-1.95145,52.45076],[-1.95386,52.45189],[-1.95477,52.45287],[-1.95634,52.4528],[-1.95752,52.45293],[-1.95968,52.45369],[-1.96099,52.45383],[-1.96148,52.45415],[-1.96715,52.45545],[-1.97027,52.45651],[-1.97122,52.45708],[-1.97562,52.45868],[-1.97809,52.45915],[-1.97975,52.45962],[-1.98076,52.46056],[-1.98358,52.46112],[-1.98395,52.462],[-1.98453,52.46396],[-1.9843,52.46592],[-1.97759,52.46709],[-1.97224,52.47001],[-1.96946,52.47189],[-1.96582,52.47329],[-1.96572,52.47435],[-1.96485,52.47519],[-1.96178,52.47434],[-1.95624,52.47756],[-1.94781,52.48212],[-1.94041,52.48628],[-1.93718,52.48658],[-1.93789,52.48768],[-1.93817,52.4892],[-1.93857,52.49169],[-1.93995,52.49381],[-1.93953,52.49458],[-1.93685,52.49422],[-1.93468,52.49465],[-1.93335,52.49439],[-1.93043,52.49373],[-1.92566,52.49302],[-1.92239,52.49263],[-1.91995,52.49381],[-1.91917,52.49449],[-1.91626,52.49497],[-1.91535,52.49446],[-1.91513,52.49359],[-1.91526,52.49234],[-1.91245,52.49021],[-1.91264,52.48848],[-1.91246,52.48683],[-1.91063,52.48225],[-1.9087,52.48152],[-1.90801,52.4813],[-1.90774,52.48087],[-1.90437,52.47801],[-1.90038,52.47512],[-1.89943,52.47332],[-1.90132,52.46772],[-1.90274,52.46406],[-1.90621,52.4604],[-1.91231,52.45329],[-1.92204,52.44856],[-1.92835,52.44702],[-1.93383,52.44566],[-1.93767,52.44232]]]}},{"type":"Feature","properties":{"source_code":"M88004","codes":["M88004"],"label":"REGIS MEDICAL CENTRE"},"geometry":{"type":"Polygon","coordinates":[[[-1.9557,52.57123],[-1.94574,52.56429],[-1.94162,52.56113],[-1.93716,52.55892],[-1.93338,52.55375],[-1.9351,52.55064],[-1.93218,52.54533],[-1.95098,52.54246],[-1.95986,52.54082],[-1.97149,52.53438],[-1.9717,52.52095],[-1.97898,52.50799],[-1.98301,52.50726],[-1.99292,52.50773],[-2.00936,52.50256],[-2.02556,52.48622],[-2.02424,52.48034],[-2.02017,52.47404],[-2.01958,52.47333],[-2.01739,52.47194],[-2.01543,52.46956],[-2.01432,52.46698],[-2.01534,52.46702],[-2.0141,52.46187],[-2.02262,52.46208],[-2.03226,52.46014],[-2.03376,52.45868],[-2.03505,52.45706],[-2.0373,52.45539],[-2.03989,52.45328],[-2.04552,52.4523],[-2.04561,52.45241],[-2.04792,52.45198],[-2.05341,52.45067],[-2.0565,52.45214],[-2.06285,52.45287],[-2.068,52.45454],[-2.07401,52.45413],[-2.07822,52.45652],[-2.08221,52.45699],[-2.08558,52.459],[-2.08761,52.45948],[-2.09085,52.45878],[-2.09316,52.45796],[-2.10118,52.45729],[-2.10639,52.458],[-2.11157,52.45647],[-2.11863,52.45811],[-2.11649,52.46406],[-2.1101,52.4732],[-2.1069,52.4808],[-2.1084,52.48554],[-2.10725,52.49115],[-2.10617,52.49459],[-2.1106,52.49986],[-2.10578,52.5028],[-2.10235,52.50213],[-2.09719,52.50208],[-2.09204,52.50068],[-2.09135,52.50666],[-2.08775,52.50871],[-2.08663,52.51319],[-2.08826,52.51787],[-2.08793,52.52568],[-2.08613,52.52775],[-2.08454,52.52796],[-2.08358,52.5256],[-2.08213,52.5247],[-2.08004,52.5243],[-2.07623,52.52443],[-2.07041,52.52159],[-2.06681,52.51856],[-2.0633,52.51416],[-2.05988,52.51738],[-2.05714,52.51904],[-2.05465,52.52091],[-2.04929,52.52394],[-2.04532,52.52686],[-2.03801,52.52963],[-2.03619,52.53117],[-2.03519,52.53119],[-2.03385,52.53132],[-2.03234,52.53141],[-2.03147,52.53158],[-2.03132,52.53205],[-2.03319,52.53356],[-2.03437,52.53577],[-2.03436,52.53815],[-2.03517,52.54054],[-2.03467,52.54218],[-2.03163,52.54439],[-2.03011,52.54591],[-2.02983,52.54706],[-2.03038,52.548],[-2.02975,52.55035],[-2.03021,52.55068],[-2.02941,52.55109],[-2.02892,52.551],[-2.02713,52.55109],[-2.02516,52.55185],[-2.0247,52.55217],[-2.02309,52.553],[-2.02267,52.55368],[-2.02246,52.55426],[-2.01841,52.55363],[-2.01656,52.55372],[-2.01514,52.55407],[-2.00917,52.55882],[-2.00441,52.56481],[-2.00211,52.56859],[-2.00156,52.57011],[-1.99708,52.57061],[-1.98978,52.56914],[-1.98115,52.5682],[-1.97151,52.56846],[-1.96601,52.57052],[-1.96326,52.57384],[-1.96016,52.57264],[-1.9557,52.57123]]]}},{"type":"Feature","properties":{"source_code":"M85034","codes":["M85034"],"label":"OMNIA PRACTICE"},"geometry":{"type":"Polygon","coordinates":[[[-1.82184,52.47609],[-1.82133,52.47473],[-1.82219,52.47306],[-1.82442,52.47212],[-1.82631,52.47044],[-1.82802,52.47013],[-1.82898,52.47047],[-1.82759,52.46976],[-1.82862,52.4683],[-1.83034,52.46767],[-1.8336,52.46636],[-1.83506,52.46548],[-1.83703,52.46453],[-1.83969,52.46427],[-1.8469,52.46066],[-1.84974,52.46014],[-1.86004,52.46459],[-1.87068,52.46903],[-1.87437,52.47311],[-1.87424,52.47314],[-1.87489,52.47661],[-1.87763,52.48121],[-1.85652,52.48299],[-1.83626,52.48487],[-1.81755,52.4856],[-1.81824,52.48477],[-1.81824,52.48341],[-1.81841,52.48194],[-1.81944,52.48069],[-1.82133,52.4787],[-1.82184,52.47755],[-1.82184,52.47609]],[[-1.84118,52.4755],[-1.84081,52.47504],[-1.83731,52.47356],[-1.84118,52.4755]],[[-1.86596,52.47295],[-1.86847,52.47405],[-1.86596,52.4728],[-1.86083,52.47323],[-1.86596,52.47295]],[[-1.87062,52.4739],[-1.86892,52.47425],[-1.86905,52.47431],[-1.87062,52.4739]],[[-1.84393,52.4754],[-1.85215,52.47398],[-1.85137,52.47405],[-1.84393,52.4754]]]}},{"type":"Feature","properties":{"source_code":"M85061","codes":["M85061"],"label":"YARDLEY GREEN MEDICAL CENTRE"},"geometry":{"type":"Polygon","coordinates":[[[-1.79945,52.45885],[-1.79776,52.45802],[-1.78889,52.46115],[-1.79801,52.45833],[-1.80331,52.4609],[-1.79945,52.45885],[-1.80397,52.46107],[-1.80359,52.46103],[-1.81645,52.46726],[-1.82105,52.46945],[-1.80397,52.46107],[-1.83995,52.46443],[-1.8418,52.46493],[-1.85446,52.46819],[-1.85081,52.47222],[-1.85133,52.474],[-1.85313,52.47721],[-1.84854,52.47789],[-1.84991,52.48315],[-1.84952,52.48309],[-1.8309,52.48474],[-1.82141,52.48513],[-1.81094,52.48482],[-1.80116,52.48354],[-1.7821,52.47868],[-1.7821,52.47873],[-1.76567,52.46966],[-1.77552,52.46588],[-1.76704,52.46887],[-1.77657,52.46432],[-1.78854,52.45985],[-1.79775,52.45801],[-1.7976,52.45794],[-1.79017,52.45392],[-1.79945,52.45885]]]}},{"type":"Feature","properties":{"source_code":"M84618","codes":["M84618"],"label":"RUGBY ROAD SURGERY"},"geometry":{"type":"Polygon","coordinates":[[[-1.46084,52.51246],[-1.35715,52.4901],[-1.35029,52.44262],[-1.49517,52.45266],[-1.51405,52.48006],[-1.46084,52.51246]]]}},{"type":"Feature","properties":{"source_code":"M85781","codes":["M85781"],"label":"BORDESLEY GREEN SURGERY"},"geometry":{"type":"Polygon","coordinates":[[[-1.86596,52.50912],[-1.81995,52.49637],[-1.7997,52.49553],[-1.77944,52.4786],[-1.78837,52.46019],[-1.81892,52.44722],[-1.85532,52.44325],[-1.88759,52.44701],[-1.88793,52.46312],[-1.88244,52.48592],[-1.88759,52.49564],[-1.87986,52.5053],[-1.86596,52.50912]]]}},{"type":"Feature","properties":{"source_code":"M88645","codes":["M88645"],"label":"HILL TOP MEDICAL CENTRE"},"geometry":{"type":"Polygon","coordinates":[[[-2.02818,52.49945],[-2.02028,52.49271],[-2.01376,52.49788],[-2.01058,52.50047],[-2.00882,52.50192],[-2.00638,52.50285],[-2.00282,52.50218],[-1.99925,52.50246],[-1.99612,52.5031],[-1.99265,52.5028],[-1.98312,52.50204],[-1.9811,52.50176],[-1.97908,52.50097],[-1.97561,52.49864],[-1.97016,52.49585],[-1.9681,52.49203],[-1.96698,52.48897],[-1.96621,52.48675],[-1.9693,52.48027],[-1.96964,52.47619],[-1.96827,52.47232],[-1.96655,52.46793],[-1.96484,52.46438],[-1.96999,52.46229],[-1.97548,52.46103],[-1.98063,52.45622],[-1.98029,52.45245],[-1.98488,52.45256],[-1.98619,52.45254],[-1.98724,52.45274],[-1.99041,52.45287],[-1.9921,52.45329],[-1.99384,52.45357],[-1.99726,52.45409],[-1.99954,52.45485],[-2.00049,52.45539],[-2.00138,52.45597],[-2.00363,52.45643],[-2.00558,52.45651],[-2.00742,52.45634],[-2.00891,52.45617],[-2.00998,52.45617],[-2.01277,52.45617],[-2.01653,52.45598],[-2.02183,52.45601],[-2.02389,52.45862],[-2.02766,52.46124],[-2.03178,52.46919],[-2.03831,52.474],[-2.04552,52.48487],[-2.04715,52.48471],[-2.04844,52.4856],[-2.04998,52.48696],[-2.04861,52.48926],[-2.04741,52.49062],[-2.04586,52.49156],[-2.03925,52.49464],[-2.0335,52.49553],[-2.03204,52.49658],[-2.03041,52.49731],[-2.02818,52.49945]]]}},{"type":"Feature","properties":{"source_code":"M85711","codes":["M85711"],"label":"CITY HEALTH CENTRE"},"geometry":{"type":"Polygon","coordinates":[[[-2.0141,52.48173],[-1.96896,52.49532],[-1.93291,52.48194],[-1.93754,52.47149],[-1.96655,52.46553],[-2.00191,52.45862],[-2.0141,52.48173]]]}},{"type":"Feature","properties":{"source_code":"M84061","codes":["M84061"],"label":"BULKINGTON SURGERY"},"geometry":{"type":"Polygon","coordinates":[[[-1.43663,52.51091],[-1.43611,52.51065],[-1.43608,52.51067],[-1.4335,52.50933],[-1.42419,52.50464],[-1.42261,52.50369],[-1.4193,52.50197],[-1.39226,52.48786],[-1.36638,52.48611],[-1.3563,52.46679],[-1.34188,52.44812],[-1.42462,52.44849],[-1.44118,52.47819],[-1.44256,52.50537],[-1.43614,52.51062],[-1.43629,52.5107],[-1.43614,52.51062],[-1.43612,52.51064],[-1.43663,52.51091]]]}},{"type":"Feature","properties":{"source_code":"M84627","codes":["M84627"],"label":"THE OLD COLE HOUSE PRACTICE"},"geometry":{"type":"MultiPolygon","coordinates":[[[[-1.4401,52.47767],[-1.43964,52.47772],[-1.43958,52.4777],[-1.43948,52.47774],[-1.43947,52.47774],[-1.43938,52.47775],[-1.43936,52.47775],[-1.43857,52.47742],[-1.4401,52.47767]]],[[[-1.43822,52.47801],[-1.43936,52.47775],[-1.4394,52.47777],[-1.43871,52.47804],[-1.43819,52.47812],[-1.43822,52.47801]]],[[[-1.44385,52.47852],[-1.44529,52.47854],[-1.44555,52.47858],[-1.44385,52.47852]]],[[[-1.43822,52.47801],[-1.43781,52.4781],[-1.43825,52.47822],[-1.43871,52.47804],[-1.43968,52.47789],[-1.44035,52.47817],[-1.44107,52.47827],[-1.44126,52.47834],[-1.44214,52.47841],[-1.44258,52.47847],[-1.44385,52.47852],[-1.43942,52.47845],[-1.44067,52.48061],[-1.43745,52.48296],[-1.4317,52.48346],[-1.42642,52.48411],[-1.42351,52.48313],[-1.42154,52.48291],[-1.42065,52.48109],[-1.4138,52.47964],[-1.4132,52.47352],[-1.42317,52.47255],[-1.427,52.47304],[-1.42873,52.47429],[-1.42784,52.47595],[-1.42912,52.47491],[-1.4299,52.47694],[-1.43299,52.47469],[-1.4341,52.47501],[-1.43616,52.47562],[-1.43839,52.47738],[-1.43822,52.47801]]],[[[-1.47376,52.49091],[-1.4667,52.49021],[-1.46283,52.49],[-1.45999,52.49014],[-1.45876,52.48959],[-1.45826,52.4888],[-1.45916,52.487],[-1.46028,52.48534],[-1.4553,52.48155],[-1.45197,52.47869],[-1.44721,52.47886],[-1.44555,52.47858],[-1.44704,52.47864],[-1.44728,52.47862],[-1.44704,52.47857],[-1.44719,52.47857],[-1.44691,52.47854],[-1.44704,52.47857],[-1.44529,52.47854],[-1.4401,52.47767],[-1.44206,52.47747],[-1.44475,52.47747],[-1.44677,52.47757],[-1.44883,52.47761],[-1.45059,52.47747],[-1.45303,52.47744],[-1.45457,52.47746],[-1.4567,52.47635],[-1.45883,52.47513],[-1.4617,52.47347],[-1.46267,52.47309],[-1.46406,52.47232],[-1.46557,52.47147],[-1.46739,52.47167],[-1.46771,52.4708],[-1.46763,52.4685],[-1.46875,52.46636],[-1.4694,52.46538],[-1.47045,52.4644],[-1.472,52.4651],[-1.47476,52.46401],[-1.47744,52.46349],[-1.48089,52.4634],[-1.48334,52.46314],[-1.4858,52.46378],[-1.49171,52.46525],[-1.49303,52.46458],[-1.49436,52.4637],[-1.50189,52.46561],[-1.50942,52.46695],[-1.5147,52.46766],[-1.51369,52.47025],[-1.51499,52.47113],[-1.5168,52.47205],[-1.51697,52.47528],[-1.5169,52.47765],[-1.51691,52.47946],[-1.50927,52.48052],[-1.50999,52.48285],[-1.48654,52.48459],[-1.48343,52.48914],[-1.48278,52.48984],[-1.48208,52.49085],[-1.48201,52.49084],[-1.47846,52.49082],[-1.47376,52.49091]]],[[[-1.43996,52.47785],[-1.43968,52.47789],[-1.4394,52.47777],[-1.43948,52.47774],[-1.43964,52.47772],[-1.43996,52.47785]]],[[[-1.43996,52.47785],[-1.44032,52.47779],[-1.44275,52.47846],[-1.44214,52.47841],[-1.44107,52.47827],[-1.43996,52.47785]]]]}},{"type":"Feature","properties":{"source_code":"M88019","codes":["M88019"],"label":"BEARWOOD ROAD SURGERY"},"geometry":{"type":"Polygon","coordinates":[[[-1.98217,52.50269],[-1.96501,52.49509],[-1.93634,52.48811],[-1.9843,52.46051],[-2.02475,52.48058],[-2.00211,52.49564],[-1.98217,52.50269]]]}},{"type":"Feature","properties":{"source_code":"M88042","codes":["M88042"],"label":"BEARWOOD MEDICAL CENTRE"},"geometry":{"type":"Polygon","coordinates":[[[-1.96848,52.49305],[-1.96048,52.48679],[-1.96844,52.47238],[-1.98237,52.46691],[-2.00614,52.47591],[-1.99983,52.4819],[-1.99052,52.48369],[-1.9917,52.48814],[-1.96848,52.49305]]]}},{"type":"Feature","properties":{"source_code":"Y02893","codes":["Y02893"],"label":"IRIDIUM MEDICAL PRACTICE"},"geometry":{"type":"Polygon","coordinates":[[[-1.8203,52.46605],[-1.83463,52.47807],[-1.83223,52.48617],[-1.81154,52.49009],[-1.76021,52.4855],[-1.75678,52.47066],[-1.77154,52.46626],[-1.78786,52.4604],[-1.8203,52.46605]]]}},{"type":"Feature","properties":{"source_code":"M89012","codes":["M89012"],"label":"CROFT MEDICAL CENTRE"},"geometry":{"type":"Polygon","coordinates":[[[-1.73172,52.49198],[-1.71112,52.47839],[-1.72932,52.46166],[-1.75644,52.47442],[-1.73172,52.49198]]]}},{"type":"Feature","properties":{"source_code":"M84011","codes":["M84011"],"label":"BEDWORTH HEALTH CENTRE"},"geometry":{"type":"MultiPolygon","coordinates":[[[[-1.45028,52.5016],[-1.45027,52.50159],[-1.45058,52.5018],[-1.45064,52.50184],[-1.4506,52.50185],[-1.45028,52.5016]]],[[[-1.45064,52.50184],[-1.45088,52.5018],[-1.4508,52.50191],[-1.45097,52.50188],[-1.45097,52.50185],[-1.45157,52.5018],[-1.45097,52.50191],[-1.45097,52.50206],[-1.45064,52.50184]]],[[[-1.44247,52.51309],[-1.43886,52.51211],[-1.43732,52.51095],[-1.43569,52.51063],[-1.43226,52.50951],[-1.42595,52.50792],[-1.42389,52.50521],[-1.42367,52.50269],[-1.42462,52.50232],[-1.4259,52.5018],[-1.42869,52.50063],[-1.43178,52.49961],[-1.4344,52.49816],[-1.43142,52.49464],[-1.4312,52.49429],[-1.43054,52.49349],[-1.42994,52.49308],[-1.41869,52.48916],[-1.40896,52.48066],[-1.40737,52.47904],[-1.409,52.47358],[-1.4141,52.46759],[-1.4259,52.46919],[-1.4314,52.46906],[-1.43629,52.47002],[-1.44135,52.47776],[-1.44773,52.47781],[-1.45439,52.47764],[-1.45964,52.47427],[-1.46502,52.47134],[-1.46464,52.46925],[-1.46477,52.46673],[-1.46363,52.46561],[-1.46328,52.46498],[-1.46358,52.46422],[-1.46265,52.46375],[-1.46411,52.46328],[-1.46393,52.46244],[-1.4647,52.46177],[-1.46464,52.45889],[-1.47349,52.45634],[-1.47918,52.45679],[-1.4865,52.46046],[-1.49476,52.46429],[-1.4998,52.45625],[-1.50067,52.44921],[-1.51165,52.45279],[-1.51397,52.46082],[-1.51474,52.46176],[-1.51551,52.46278],[-1.51603,52.46338],[-1.51812,52.46402],[-1.51826,52.46621],[-1.51911,52.46887],[-1.51766,52.47237],[-1.51701,52.47405],[-1.51673,52.4751],[-1.51652,52.47583],[-1.51623,52.47716],[-1.51461,52.47951],[-1.5116,52.48268],[-1.50483,52.48534],[-1.4989,52.48662],[-1.49684,52.48913],[-1.4929,52.49052],[-1.49122,52.48887],[-1.48635,52.48648],[-1.48191,52.49287],[-1.48084,52.49339],[-1.48092,52.4937],[-1.48007,52.49441],[-1.47747,52.49624],[-1.47494,52.49745],[-1.47448,52.49679],[-1.47431,52.49658],[-1.47423,52.49679],[-1.47388,52.49663],[-1.47337,52.4959],[-1.4726,52.49663],[-1.46839,52.49721],[-1.4635,52.49815],[-1.46367,52.49794],[-1.4623,52.49815],[-1.46152,52.49893],[-1.46049,52.49888],[-1.46024,52.49928],[-1.45981,52.49846],[-1.45981,52.49882],[-1.45946,52.49862],[-1.45946,52.49877],[-1.45895,52.49877],[-1.45861,52.4995],[-1.45634,52.49984],[-1.45569,52.49956],[-1.45514,52.49979],[-1.45414,52.49979],[-1.45303,52.49971],[-1.45251,52.49997],[-1.45174,52.50008],[-1.45088,52.50029],[-1.45097,52.50102],[-1.45019,52.50086],[-1.45002,52.50107],[-1.45027,52.50159],[-1.4502,52.50154],[-1.45028,52.5016],[-1.45062,52.50232],[-1.45054,52.50185],[-1.4506,52.50185],[-1.45123,52.50233],[-1.45122,52.50264],[-1.45191,52.50269],[-1.45191,52.503],[-1.45183,52.50327],[-1.45183,52.50337],[-1.45217,52.50342],[-1.45311,52.50536],[-1.4526,52.50551],[-1.45328,52.50593],[-1.45075,52.50643],[-1.45024,52.50695],[-1.44846,52.50748],[-1.44771,52.50793],[-1.44723,52.50876],[-1.44616,52.50953],[-1.44573,52.50959],[-1.44565,52.51011],[-1.44496,52.51027],[-1.44444,52.51021],[-1.44453,52.51063],[-1.44356,52.5124],[-1.44247,52.51309]]]]}},{"type":"Feature","properties":{"source_code":"M84609","codes":["M84609"],"label":"WOODLANDS SURGERY"},"geometry":{"type":"MultiPolygon","coordinates":[[[[-1.49689,52.54797],[-1.57585,52.50786],[-1.56143,52.51539],[-1.5731,52.51204],[-1.49689,52.54797]]],[[[-1.29845,52.4995],[-1.44127,52.42252],[-1.54324,52.44073],[-1.62323,52.47818],[-1.45706,52.56633],[-1.29845,52.4995]]]]}},{"type":"Feature","properties":{"source_code":"M91015","codes":["M91015"],"label":"UMBRELLA MEDICAL"},"geometry":{"type":"Polygon","coordinates":[[[-1.96715,52.55954],[-1.9689,52.55948],[-1.97175,52.55937],[-1.97304,52.55921],[-1.97412,52.55916],[-1.97394,52.55814],[-1.97422,52.5571],[-1.97461,52.55619],[-1.97591,52.55712],[-1.97721,52.55798],[-1.98051,52.56005],[-1.98427,52.56188],[-1.9885,52.56335],[-1.98942,52.56362],[-1.99042,52.56381],[-1.99162,52.56435],[-1.99283,52.56499],[-1.99381,52.56563],[-1.99879,52.56698],[-1.99976,52.56683],[-2.00077,52.5674],[-2.00174,52.56813],[-2.00163,52.5684],[-2.0016,52.56868],[-2.00164,52.56918],[-2.00164,52.56934],[-2.00156,52.56948],[-2.00139,52.56965],[-2.00169,52.56983],[-2.00179,52.57008],[-2.00169,52.57026],[-2.00104,52.57117],[-2.00091,52.57153],[-2.00056,52.57308],[-2.00058,52.57365],[-2.00145,52.57394],[-2.002,52.5741],[-2.00253,52.57426],[-2.00499,52.57508],[-2.00535,52.57516],[-2.00767,52.57559],[-2.0081,52.57562],[-2.00891,52.57913],[-2.00913,52.58072],[-2.00891,52.58163],[-2.009,52.58193],[-2.00912,52.58214],[-2.00927,52.58276],[-2.00942,52.58332],[-2.00918,52.58554],[-2.00923,52.58627],[-2.0091,52.58654],[-2.00881,52.58739],[-2.00871,52.58753],[-2.00863,52.58779],[-2.00848,52.58816],[-2.00765,52.58903],[-2.0055,52.59032],[-2.00501,52.59063],[-2.00484,52.59142],[-2.00472,52.5914],[-2.00081,52.59233],[-1.9984,52.59329],[-1.99172,52.59303],[-1.99156,52.59313],[-1.99136,52.59463],[-1.99215,52.59495],[-1.99236,52.59561],[-1.98823,52.59634],[-1.98576,52.59602],[-1.98243,52.59601],[-1.98182,52.59569],[-1.98032,52.5964],[-1.97951,52.5967],[-1.97955,52.5968],[-1.9794,52.59698],[-1.9789,52.59715],[-1.97798,52.59661],[-1.97755,52.59632],[-1.97733,52.59612],[-1.97724,52.59588],[-1.97735,52.59551],[-1.97739,52.59519],[-1.9772,52.59509],[-1.97702,52.59499],[-1.97684,52.5949],[-1.9767,52.5948],[-1.96956,52.59859],[-1.96106,52.59794],[-1.95368,52.59093],[-1.95273,52.59087],[-1.95166,52.59035],[-1.9469,52.59067],[-1.94334,52.5909],[-1.94072,52.59142],[-1.94003,52.59166],[-1.9399,52.59142],[-1.93999,52.59124],[-1.94007,52.59098],[-1.94093,52.58866],[-1.94089,52.58811],[-1.939,52.58532],[-1.93866,52.58297],[-1.93426,52.57868],[-1.93592,52.56403],[-1.96715,52.55954]]]}},{"type":"Feature","properties":{"source_code":"M89008","codes":["M89008"],"label":"BOSWORTH MEDICAL GROUP"},"geometry":{"type":"Polygon","coordinates":[[[-1.73977,52.49042],[-1.73904,52.49026],[-1.73721,52.48728],[-1.73498,52.48451],[-1.73554,52.48202],[-1.73496,52.48015],[-1.7255,52.47272],[-1.72786,52.47038],[-1.73082,52.47003],[-1.73507,52.47035],[-1.73953,52.47312],[-1.74219,52.47455],[-1.74408,52.47337],[-1.74734,52.4717],[-1.75429,52.46894],[-1.75768,52.47208],[-1.76331,52.47402],[-1.76331,52.47649],[-1.7609,52.4786],[-1.76129,52.48239],[-1.75979,52.48346],[-1.75924,52.48448],[-1.75808,52.4839],[-1.74918,52.48861],[-1.74661,52.48856],[-1.74585,52.48814],[-1.74708,52.48774],[-1.74726,52.48769],[-1.74741,52.48763],[-1.74908,52.48708],[-1.74855,52.48721],[-1.74809,52.48735],[-1.74741,52.48763],[-1.74708,52.48774],[-1.74575,52.48809],[-1.74567,52.48804],[-1.7457,52.4881],[-1.74575,52.48809],[-1.74585,52.48814],[-1.74482,52.48848],[-1.73977,52.49042]]]}},{"type":"Feature","properties":{"source_code":"M85778","codes":["M85778"],"label":"HALCYON MEDICAL"},"geometry":{"type":"Polygon","coordinates":[[[-1.91497,52.49501],[-1.89496,52.49223],[-1.89062,52.48953],[-1.88811,52.48797],[-1.88559,52.48652],[-1.88453,52.4859],[-1.88313,52.48414],[-1.87733,52.46974],[-1.89555,52.46436],[-1.92012,52.47348],[-1.92016,52.48466],[-1.91497,52.49501]]]}},{"type":"Feature","properties":{"source_code":"M85098","codes":["M85098"],"label":"ROTTON PARK MEDICAL CENTRE"},"geometry":{"type":"Polygon","coordinates":[[[-1.9324,52.48141],[-1.93052,52.48],[-1.93023,52.47983],[-1.92997,52.47967],[-1.93015,52.47933],[-1.93058,52.47907],[-1.9311,52.47867],[-1.93171,52.47794],[-1.93208,52.47754],[-1.93237,52.47719],[-1.93291,52.47643],[-1.93253,52.47625],[-1.93208,52.47616],[-1.93243,52.47554],[-1.93302,52.47506],[-1.93511,52.47499],[-1.93762,52.47501],[-1.93862,52.47499],[-1.93924,52.47511],[-1.94069,52.47528],[-1.94215,52.47527],[-1.94371,52.47509],[-1.94478,52.47485],[-1.94486,52.47489],[-1.94497,52.47491],[-1.94507,52.47495],[-1.94534,52.47505],[-1.94549,52.4751],[-1.94554,52.47512],[-1.94568,52.47517],[-1.94643,52.47536],[-1.94953,52.47638],[-1.95013,52.47658],[-1.95033,52.47666],[-1.95076,52.47682],[-1.95147,52.47703],[-1.95202,52.47728],[-1.95271,52.47757],[-1.95292,52.47771],[-1.95301,52.47775],[-1.95313,52.47783],[-1.95318,52.47787],[-1.95331,52.47793],[-1.95344,52.47803],[-1.95365,52.47815],[-1.95408,52.47838],[-1.95493,52.4789],[-1.95508,52.47902],[-1.95523,52.47914],[-1.95552,52.47931],[-1.95637,52.48005],[-1.957,52.48056],[-1.95794,52.48163],[-1.95822,52.48198],[-1.9586,52.48253],[-1.95895,52.48305],[-1.95931,52.48379],[-1.95945,52.48413],[-1.95978,52.48497],[-1.9599,52.48529],[-1.95999,52.48557],[-1.96022,52.48613],[-1.96029,52.48636],[-1.96041,52.48665],[-1.95976,52.48671],[-1.95863,52.48667],[-1.95646,52.48655],[-1.95559,52.48674],[-1.95332,52.48714],[-1.95172,52.48744],[-1.95063,52.48763],[-1.94933,52.48777],[-1.94511,52.48698],[-1.94379,52.48667],[-1.94209,52.4864],[-1.94065,52.48633],[-1.94011,52.48635],[-1.93907,52.48636],[-1.93724,52.48653],[-1.93697,52.48592],[-1.93671,52.48552],[-1.93581,52.48413],[-1.93409,52.48275],[-1.9324,52.48141]]]}},{"type":"Feature","properties":{"source_code":"Y00471","codes":["Y00471"],"label":"BROADWAY HEALTH CENTRE"},"geometry":{"type":"MultiPolygon","coordinates":[[[[-1.92437,52.46466],[-1.92435,52.46474],[-1.92432,52.46473],[-1.92437,52.46466]]],[[[-1.92435,52.46474],[-1.94982,52.47086],[-1.99471,52.48071],[-1.99745,52.50315],[-1.92364,52.50076],[-1.89648,52.50052],[-1.89467,52.48207],[-1.89457,52.46138],[-1.92399,52.46595],[-1.92435,52.46474]]]]}},{"type":"Feature","properties":{"source_code":"M85746","codes":["M85746"],"label":"MIRFIELD SURGERY"},"geometry":{"type":"Polygon","coordinates":[[[-1.80725,52.48383],[-1.77601,52.47609],[-1.77944,52.45099],[-1.80691,52.46982],[-1.82545,52.49261],[-1.75472,52.49135],[-1.72073,52.47525],[-1.80382,52.48445],[-1.80725,52.48383]]]}},{"type":"Feature","properties":{"source_code":"M88620","codes":["M88620"],"label":"CAUSEWAY GREEN ROAD SURGERY"},"geometry":{"type":"Polygon","coordinates":[[[-2.01805,52.50546],[-1.99282,52.48937],[-1.99333,52.47028],[-1.98578,52.46584],[-2.01376,52.46239],[-2.02766,52.46187],[-2.05015,52.49261],[-2.04552,52.49532],[-2.0436,52.49532],[-2.04466,52.49585],[-2.01805,52.50546]]]}},{"type":"Feature","properties":{"source_code":"M85680","codes":["M85680"],"label":"COTTERILS LANE SURGERY"},"geometry":{"type":"Polygon","coordinates":[[[-1.86459,52.50849],[-1.86665,52.5064],[-1.83884,52.52353],[-1.79832,52.51935],[-1.79214,52.50765],[-1.73412,52.49323],[-1.76502,52.47463],[-1.80828,52.46145],[-1.86699,52.44492],[-1.88038,52.45622],[-1.89068,52.46689],[-1.89411,52.49783],[-1.86459,52.50849]]]}},{"type":"Feature","properties":{"source_code":"M85684","codes":["M85684"],"label":"CITY ROAD MEDICAL CENTRE"},"geometry":{"type":"MultiPolygon","coordinates":[[[[-1.88507,52.47421],[-1.88501,52.47423],[-1.88519,52.474],[-1.88507,52.47421]]],[[[-1.88507,52.47421],[-1.88588,52.474],[-1.88489,52.47451],[-1.88507,52.47421]]],[[[-1.88468,52.47462],[-1.88489,52.47451],[-1.88473,52.47479],[-1.88445,52.47491],[-1.88468,52.47462]]],[[[-1.88473,52.47479],[-1.88759,52.47358],[-1.88715,52.47404],[-1.88458,52.47503],[-1.88473,52.47479]]],[[[-1.88715,52.47404],[-1.88725,52.474],[-1.8863,52.47525],[-1.88597,52.47525],[-1.88715,52.47404]]],[[[-1.88656,52.47525],[-1.88738,52.47525],[-1.88733,52.47529],[-1.88656,52.47531],[-1.88656,52.47525]]],[[[-1.88501,52.47423],[-1.88468,52.47462],[-1.88328,52.47536],[-1.88118,52.47539],[-1.88107,52.47525],[-1.88501,52.47423]]],[[[-1.88118,52.47539],[-1.88148,52.47575],[-1.87626,52.47546],[-1.88118,52.47539]]],[[[-1.88148,52.47575],[-1.88242,52.4758],[-1.88179,52.47613],[-1.88148,52.47575]]],[[[-1.88157,52.47624],[-1.88179,52.47613],[-1.88192,52.47629],[-1.88157,52.47624]]],[[[-1.88157,52.47624],[-1.88122,52.47643],[-1.88038,52.47609],[-1.88157,52.47624]]],[[[-1.88178,52.47813],[-1.88107,52.47651],[-1.88122,52.47643],[-1.88244,52.47693],[-1.88192,52.47629],[-1.88318,52.47645],[-1.88244,52.47734],[-1.88327,52.47647],[-1.88339,52.47648],[-1.88349,52.47688],[-1.88229,52.47891],[-1.8821,52.47797],[-1.88178,52.47813]]],[[[-2.01238,52.48194],[-2.01565,52.4844],[-2.01805,52.48843],[-2.01965,52.49079],[-2.0178,52.49355],[-2.01463,52.4967],[-2.01807,52.50345],[-2.01361,52.50675],[-2.00894,52.50899],[-2.0048,52.51081],[-1.99598,52.51277],[-1.99088,52.51348],[-1.98441,52.51577],[-1.97893,52.51615],[-1.97713,52.51598],[-1.97503,52.51579],[-1.97516,52.51476],[-1.97474,52.51592],[-1.9726,52.51406],[-1.96803,52.51401],[-1.96346,52.51417],[-1.9585,52.51456],[-1.93858,52.51249],[-1.9175,52.50731],[-1.90938,52.49964],[-1.90029,52.49637],[-1.89651,52.49491],[-1.89034,52.49323],[-1.88828,52.48926],[-1.88999,52.48654],[-1.88724,52.48508],[-1.88519,52.48404],[-1.88244,52.48174],[-1.88347,52.47985],[-1.87832,52.47985],[-1.88178,52.47813],[-1.88219,52.47908],[-1.8821,52.47923],[-1.88221,52.47912],[-1.88244,52.47964],[-1.88231,52.47901],[-1.88367,52.47761],[-1.88381,52.47818],[-1.88451,52.47776],[-1.88585,52.47659],[-1.88656,52.47693],[-1.88656,52.47596],[-1.88733,52.47529],[-1.89,52.47525],[-1.88738,52.47525],[-1.8924,52.47086],[-1.89858,52.47128],[-1.90476,52.47128],[-1.90922,52.47002],[-1.91413,52.47056],[-1.92067,52.47063],[-1.93067,52.47033],[-1.94771,52.47031],[-1.96338,52.47218],[-1.97125,52.47005],[-1.97792,52.46793],[-1.98314,52.46699],[-1.99193,52.47008],[-1.99935,52.47348],[-2.0062,52.47676],[-2.01238,52.48194]]],[[[-1.88423,52.47517],[-1.88458,52.47503],[-1.8844,52.47534],[-1.88409,52.47534],[-1.88423,52.47517]]],[[[-1.88423,52.47517],[-1.88377,52.47535],[-1.88338,52.47535],[-1.88445,52.47491],[-1.88423,52.47517]]],[[[-1.88338,52.47535],[-1.88313,52.47546],[-1.88323,52.47585],[-1.88242,52.4758],[-1.88328,52.47536],[-1.88338,52.47535]]],[[[-1.88323,52.47585],[-1.88365,52.47587],[-1.88333,52.47626],[-1.88323,52.47585]]],[[[-1.88333,52.47626],[-1.88336,52.47637],[-1.88327,52.47647],[-1.88318,52.47645],[-1.88333,52.47626]]],[[[-1.88336,52.47637],[-1.88382,52.47588],[-1.88365,52.47587],[-1.88385,52.47564],[-1.88414,52.47578],[-1.8837,52.47652],[-1.88339,52.47648],[-1.88336,52.47637]]],[[[-1.88462,52.47664],[-1.88504,52.4762],[-1.88414,52.47578],[-1.8844,52.47534],[-1.88591,52.47532],[-1.88626,52.47531],[-1.88656,52.47531],[-1.88656,52.47596],[-1.88585,52.47659],[-1.88544,52.47639],[-1.88519,52.47672],[-1.88462,52.47664]]],[[[-1.8837,52.47652],[-1.88462,52.47664],[-1.88367,52.47761],[-1.88349,52.47688],[-1.8837,52.47652]]],[[[-1.88219,52.47908],[-1.88229,52.47891],[-1.88231,52.47901],[-1.88221,52.47912],[-1.88219,52.47908]]],[[[-1.88377,52.47535],[-1.88409,52.47534],[-1.88385,52.47564],[-1.88348,52.47546],[-1.88377,52.47535]]]]}},{"type":"Feature","properties":{"source_code":"M85706","codes":["M85706"],"label":"DRUID GROUP - EMC SURGERY"},"geometry":{"type":"MultiPolygon","coordinates":[[[[-1.78319,52.45828],[-1.78219,52.45778],[-1.78481,52.45866],[-1.78319,52.45828]]],[[[-1.79871,52.46006],[-1.79867,52.46011],[-1.79867,52.45998],[-1.79871,52.46006]]],[[[-1.79871,52.46006],[-1.79927,52.45936],[-1.79931,52.46132],[-1.79871,52.46006]]],[[[-1.78319,52.45828],[-1.78934,52.46133],[-1.7815,52.45831],[-1.77979,52.45747],[-1.78319,52.45828]]],[[[-1.78934,52.46133],[-1.79858,52.46489],[-1.79856,52.46591],[-1.78934,52.46133]]],[[[-1.79942,52.46634],[-1.79946,52.46636],[-1.79974,52.46822],[-1.79947,52.4685],[-1.79942,52.46634]]],[[[-1.79856,52.46591],[-1.79914,52.4662],[-1.79933,52.46864],[-1.7985,52.4695],[-1.79856,52.46591]]],[[[-1.79933,52.46864],[-1.79947,52.4685],[-1.79953,52.47128],[-1.79933,52.46864]]],[[[-1.84174,52.4716],[-1.84177,52.47155],[-1.84193,52.47162],[-1.84174,52.4716]]],[[[-1.79974,52.46822],[-1.80087,52.46706],[-1.80107,52.46716],[-1.80104,52.46688],[-1.80087,52.46706],[-1.79946,52.46636],[-1.79942,52.46603],[-1.7994,52.46546],[-1.79931,52.46534],[-1.79942,52.46603],[-1.79942,52.46634],[-1.79914,52.4662],[-1.79906,52.46507],[-1.79914,52.46511],[-1.79905,52.46498],[-1.79906,52.46507],[-1.79858,52.46489],[-1.79859,52.46451],[-1.79712,52.46344],[-1.79455,52.46281],[-1.79266,52.46187],[-1.79125,52.46101],[-1.79246,52.46124],[-1.78837,52.45986],[-1.79111,52.46093],[-1.79125,52.46101],[-1.78854,52.46051],[-1.78579,52.45925],[-1.78707,52.45942],[-1.78481,52.45866],[-1.79743,52.46166],[-1.79867,52.46011],[-1.79863,52.46239],[-1.79886,52.46243],[-1.79883,52.46208],[-1.79888,52.46243],[-1.79918,52.46249],[-1.79934,52.46256],[-1.79931,52.46132],[-1.80006,52.46287],[-1.80821,52.46635],[-1.80862,52.46626],[-1.81446,52.46772],[-1.8179,52.4683],[-1.82622,52.46801],[-1.83712,52.46801],[-1.84257,52.47026],[-1.84177,52.47155],[-1.83815,52.47002],[-1.8227,52.46899],[-1.83729,52.47054],[-1.83827,52.47069],[-1.83901,52.47065],[-1.83831,52.47069],[-1.83867,52.47075],[-1.83592,52.47113],[-1.84174,52.4716],[-1.84051,52.47361],[-1.83152,52.47174],[-1.83152,52.47174],[-1.84519,52.47465],[-1.82466,52.47881],[-1.82304,52.47943],[-1.82277,52.47919],[-1.82193,52.47936],[-1.80953,52.47319],[-1.80846,52.47283],[-1.80521,52.47271],[-1.80197,52.47421],[-1.80176,52.47258],[-1.80038,52.47253],[-1.79974,52.46822]]],[[[-1.80322,52.46597],[-1.8033,52.46595],[-1.80219,52.46569],[-1.80217,52.46571],[-1.80322,52.46597],[-1.80161,52.46629],[-1.80138,52.46653],[-1.80751,52.46717],[-1.80742,52.46699],[-1.80646,52.46676],[-1.80588,52.46689],[-1.80532,52.46648],[-1.80322,52.46597]]],[[[-1.80132,52.46549],[-1.7997,52.46511],[-1.80133,52.46551],[-1.80132,52.46549]]]]}},{"type":"Feature","properties":{"source_code":"M85797","codes":["M85797"],"label":"HOCKLEY MEDICAL PRACTICE"},"geometry":{"type":"Polygon","coordinates":[[[-1.97548,52.50347],[-1.99093,52.5158],[-1.98956,52.5849],[-1.83506,52.55151],[-1.82888,52.51685],[-1.84811,52.47546],[-1.98441,52.48132],[-1.97548,52.50347]]]}},{"type":"Feature","properties":{"source_code":"M85013","codes":["M85013"],"label":"CHURCH LANE - KHAN"},"geometry":{"type":"Polygon","coordinates":[[[-1.79283,52.48759],[-1.78907,52.50794],[-1.74957,52.511],[-1.71215,52.46731],[-1.75781,52.47274],[-1.7997,52.46542],[-1.82991,52.50494],[-1.78905,52.50807],[-1.78907,52.50794],[-1.79008,52.50786],[-1.79283,52.48759]]]}},{"type":"Feature","properties":{"source_code":"Y03597","codes":["Y03597"],"label":"HAMD MEDICAL PRACTICE"},"geometry":{"type":"Polygon","coordinates":[[[-1.86493,52.50368],[-1.80107,52.50327],[-1.77516,52.46898],[-1.78837,52.43047],[-1.83733,52.42326],[-1.90621,52.43027],[-1.92381,52.46228],[-1.91325,52.49072],[-1.89012,52.50118],[-1.86493,52.50368]]]}},{"type":"Feature","properties":{"source_code":"Y02794","codes":["Y02794"],"label":"OAKLEAF"},"geometry":{"type":"Polygon","coordinates":[[[-1.83025,52.53314],[-1.79077,52.50682],[-1.79558,52.45768],[-1.86871,52.45454],[-1.89308,52.4947],[-1.83025,52.53314]]]}},{"type":"Feature","properties":{"source_code":"Y00492","codes":["Y00492"],"label":"SUMMERFIELD GROUP PRACTICE"},"geometry":{"type":"Polygon","coordinates":[[[-1.93668,52.50379],[-1.9305,52.50316],[-1.92432,52.50191],[-1.92141,52.50055],[-1.91969,52.4995],[-1.91574,52.49475],[-1.91626,52.49041],[-1.9269,52.47808],[-1.91952,52.47274],[-1.93651,52.47222],[-1.94724,52.47185],[-1.95449,52.47293],[-1.96175,52.47295],[-1.96509,52.47348],[-1.96878,52.47253],[-1.96981,52.4775],[-1.96947,52.48247],[-1.96681,52.48607],[-1.96724,52.48968],[-1.97033,52.49595],[-1.95677,52.49595],[-1.9517,52.50133],[-1.94321,52.50483],[-1.93668,52.50379]]]}},{"type":"Feature","properties":{"source_code":"Y06378","codes":["Y06378"],"label":"HEATH STREET HEALTH CENTRE"},"geometry":{"type":"MultiPolygon","coordinates":[[[[-1.9498,52.49392],[-1.93554,52.49593],[-1.93523,52.49564],[-1.92313,52.4925],[-1.92307,52.48209],[-1.94183,52.48029],[-1.9498,52.49392]]],[[[-1.93554,52.49593],[-1.93603,52.49639],[-1.93434,52.4961],[-1.93554,52.49593]]],[[[-1.93603,52.49639],[-1.93998,52.49706],[-1.93676,52.49707],[-1.93603,52.49639]]],[[[-1.93676,52.49707],[-1.93688,52.49718],[-1.9307,52.4971],[-1.93676,52.49707]]]]}},{"type":"Feature","properties":{"source_code":"M85642","codes":["M85642"],"label":"CAVENDISH MEDICAL PRACTICE"},"geometry":{"type":"Polygon","coordinates":[[[-1.93359,52.46856],[-1.97462,52.46898],[-1.99986,52.49031],[-1.97548,52.51121],[-1.9384,52.50619],[-1.92364,52.50159],[-1.91231,52.49449],[-1.93359,52.46856]]]}},{"type":"Feature","properties":{"source_code":"M88006","codes":["M88006"],"label":"CAPE HILL MEDICAL CENTRE"},"geometry":{"type":"Polygon","coordinates":[[[-1.91591,52.4954],[-1.91642,52.49415],[-1.91633,52.4929],[-1.91572,52.49184],[-1.91673,52.48955],[-1.91765,52.48742],[-1.91883,52.48555],[-1.92308,52.48247],[-1.92508,52.48074],[-1.9269,52.47876],[-1.92669,52.47719],[-1.92802,52.47667],[-1.92983,52.47479],[-1.93232,52.47062],[-1.9324,52.46894],[-1.93325,52.46767],[-1.93453,52.46685],[-1.93555,52.46503],[-1.93768,52.46334],[-1.94041,52.46222],[-1.94644,52.45972],[-1.94981,52.45842],[-1.95274,52.45816],[-1.95921,52.45793],[-1.96507,52.45546],[-1.97634,52.44896],[-1.98772,52.4503],[-1.99758,52.45076],[-2.00696,52.45218],[-2.00815,52.4556],[-2.01189,52.45456],[-2.01216,52.4568],[-2.01293,52.4591],[-2.01352,52.46258],[-2.01388,52.46601],[-2.01475,52.46965],[-2.01219,52.47087],[-2.00955,52.47207],[-2.00753,52.47376],[-2.00642,52.4746],[-2.0053,52.47527],[-2.01032,52.47854],[-2.01461,52.48231],[-2.01577,52.48384],[-2.0143,52.48531],[-2.01248,52.48644],[-2.01186,52.48712],[-2.01102,52.48762],[-2.00892,52.48841],[-2.00785,52.48897],[-2.00677,52.48909],[-2.00453,52.48886],[-2.00243,52.48919],[-2.00087,52.49036],[-1.99982,52.49385],[-2.00004,52.49466],[-1.99961,52.49571],[-1.99897,52.49699],[-1.99769,52.4976],[-1.99902,52.49998],[-2.00083,52.50204],[-1.9983,52.50287],[-1.99456,52.50307],[-1.99091,52.50253],[-1.99149,52.50426],[-1.98338,52.50374],[-1.98071,52.50267],[-1.97839,52.5014],[-1.97649,52.50502],[-1.97484,52.50896],[-1.974,52.51108],[-1.97136,52.51095],[-1.95642,52.50924],[-1.94921,52.5068],[-1.94201,52.50461],[-1.92638,52.50181],[-1.92263,52.50064],[-1.91947,52.49905],[-1.91591,52.4954]]]}},{"type":"Feature","properties":{"source_code":"M85722","codes":["M85722"],"label":"NASEBY MEDICAL CENTRE"},"geometry":{"type":"Polygon","coordinates":[[[-1.87506,52.47086],[-1.76468,52.50128],[-1.76974,52.47489],[-1.83249,52.45224],[-1.83643,52.44345],[-1.88458,52.44879],[-1.87506,52.47086]]]}},{"type":"Feature","properties":{"source_code":"M88009","codes":["M88009"],"label":"NORVIC FAMILY PRACTICE"},"geometry":{"type":"Polygon","coordinates":[[[-1.93638,52.47551],[-1.9363,52.47215],[-1.9363,52.46968],[-1.93763,52.46872],[-1.94739,52.46316],[-1.94925,52.46347],[-1.95116,52.46275],[-1.9538,52.46229],[-1.95491,52.46049],[-1.95603,52.45834],[-1.95721,52.45813],[-1.95831,52.4581],[-1.96162,52.45949],[-1.96504,52.45961],[-1.96838,52.45983],[-1.96958,52.45989],[-1.97096,52.4601],[-1.97333,52.4606],[-1.97584,52.46024],[-1.98046,52.46056],[-1.98784,52.46032],[-1.99167,52.46021],[-1.99367,52.45981],[-1.99518,52.45942],[-1.99732,52.45923],[-1.99976,52.45897],[-2.00083,52.45905],[-2.00332,52.45876],[-2.01005,52.45995],[-2.01211,52.46072],[-2.01391,52.47107],[-2.00613,52.47532],[-2.00945,52.47819],[-2.01342,52.48154],[-2.01473,52.4826],[-2.01548,52.48379],[-2.01464,52.48486],[-2.01363,52.48543],[-2.0112,52.48749],[-2.00996,52.48778],[-2.00598,52.48802],[-2.00289,52.489],[-2.00116,52.4902],[-2.0002,52.4925],[-1.9997,52.49399],[-1.99841,52.4956],[-1.99907,52.49866],[-2.00067,52.50172],[-1.99939,52.50249],[-1.9976,52.50283],[-1.9942,52.50294],[-1.99079,52.50248],[-1.98571,52.50219],[-1.98274,52.50189],[-1.98046,52.50128],[-1.97458,52.49815],[-1.96999,52.49592],[-1.95848,52.49587],[-1.95595,52.49553],[-1.95351,52.49403],[-1.95106,52.49097],[-1.94999,52.48801],[-1.94904,52.48777],[-1.94818,52.48726],[-1.94388,52.48445],[-1.94454,52.48417],[-1.94443,52.48368],[-1.94413,52.48251],[-1.94376,52.48134],[-1.94304,52.47853],[-1.94385,52.476],[-1.94153,52.47554],[-1.93638,52.47551]]]}},{"type":"Feature","properties":{"source_code":"M85149","codes":["M85149"],"label":"ALUM ROCK MEDICAL CENTRE"},"geometry":{"type":"Polygon","coordinates":[[[-1.88519,52.49616],[-1.86047,52.50306],[-1.79901,52.50138],[-1.80347,52.48403],[-1.80759,52.47023],[-1.87351,52.47337],[-1.88519,52.49616]]]}},{"type":"Feature","properties":{"source_code":"M88640","codes":["M88640"],"label":"WARLEY ROAD SURGERY"},"geometry":{"type":"MultiPolygon","coordinates":[[[[-1.99532,52.46194],[-1.99574,52.46669],[-1.92913,52.47],[-1.94041,52.45637],[-1.91158,52.47087],[-1.92913,52.47],[-1.90677,52.49701],[-1.89328,52.4954],[-1.90152,52.45999],[-2.06624,52.436],[-2.07402,52.48119],[-2.02369,52.46529],[-2.00963,52.466],[-1.99532,52.46194]]],[[[-1.90677,52.49701],[-1.99945,52.50801],[-1.99574,52.46669],[-2.00963,52.466],[-2.07814,52.48537],[-2.01088,52.53189],[-1.88824,52.51936],[-1.90677,52.49701]]]]}},{"type":"Feature","properties":{"source_code":"M88635","codes":["M88635"],"label":"DOG KENNEL LANE SURGERY"},"geometry":{"type":"Polygon","coordinates":[[[-2.00706,52.50159],[-1.99943,52.50044],[-1.99342,52.50118],[-1.98784,52.50154],[-1.98303,52.49846],[-1.98303,52.49491],[-1.9772,52.49072],[-1.97926,52.48707],[-1.9832,52.48351],[-1.97711,52.48221],[-1.97514,52.48058],[-1.97728,52.48126],[-1.97908,52.48074],[-1.98595,52.47896],[-1.99368,52.47546],[-1.99822,52.47426],[-2.00462,52.47517],[-2.01058,52.47896],[-2.01569,52.48406],[-2.01822,52.48905],[-2.01436,52.49138],[-2.00827,52.49318],[-2.00706,52.50159]]]}},{"type":"Feature","properties":{"source_code":"M88610","codes":["M88610"],"label":"SAREPHED MEDICAL CENTRE"},"geometry":{"type":"Polygon","coordinates":[[[-1.95385,52.49741],[-1.936,52.48477],[-1.9669,52.47117],[-2.00346,52.48999],[-1.9935,52.50368],[-1.95385,52.49741]]]}},{"type":"Feature","properties":{"source_code":"M85739","codes":["M85739"],"label":"PAK HEALTH CENTRE"},"geometry":{"type":"Polygon","coordinates":[[[-1.79489,52.52165],[-1.78665,52.47985],[-1.82167,52.45726],[-1.87317,52.43885],[-1.93085,52.4468],[-1.9717,52.45998],[-1.9487,52.49909],[-1.94595,52.51706],[-1.91162,52.53084],[-1.84502,52.53001],[-1.79489,52.52165]]]}},{"type":"Feature","properties":{"source_code":"Y01068","codes":["Y01068"],"label":"AMAANAH MEDICAL PRACTICE"},"geometry":{"type":"Polygon","coordinates":[[[-1.80897,52.47128],[-1.8251,52.45873],[-1.86871,52.47191],[-1.86459,52.50598],[-1.8009,52.49992],[-1.80897,52.47128]]]}},{"type":"Feature","properties":{"source_code":"M85139","codes":["M85139"],"label":"ALPHA MEDICAL PRACTICE"},"geometry":{"type":"MultiPolygon","coordinates":[[[[-1.83678,52.46019],[-1.86459,52.45664],[-1.90063,52.45726],[-1.91711,52.47023],[-1.91471,52.49052],[-1.90613,52.50703],[-1.88587,52.51873],[-1.84639,52.5204],[-1.78905,52.50912],[-1.7767,52.47923],[-1.80691,52.46919],[-1.83678,52.46019]]],[[[-1.94458,52.53314],[-1.93874,52.51413],[-1.94321,52.52604],[-1.94458,52.53022],[-1.94458,52.53314]]]]}},{"type":"Feature","properties":{"source_code":"M85110","codes":["M85110"],"label":"SALTLEY AND FERNBANK MEDICAL PRACTICE"},"geometry":{"type":"Polygon","coordinates":[[[-1.80811,52.50071],[-1.8009,52.49929],[-1.80176,52.4891],[-1.80832,52.47687],[-1.80852,52.47274],[-1.82454,52.47499],[-1.84259,52.47154],[-1.85361,52.47153],[-1.87184,52.47815],[-1.86673,52.48937],[-1.86158,52.49804],[-1.82811,52.50274],[-1.80811,52.50071]]]}},{"type":"Feature","properties":{"source_code":"M85670","codes":["M85670"],"label":"GREENFIELD MEDICAL CENTRE"},"geometry":{"type":"Polygon","coordinates":[[[-1.8857,52.49606],[-1.8627,52.50253],[-1.83969,52.49741],[-1.83472,52.48654],[-1.84639,52.47473],[-1.87403,52.47588],[-1.8857,52.49606]]]}},{"type":"Feature","properties":{"source_code":"M85759","codes":["M85759"],"label":"NECHELLS PRACTICE"},"geometry":{"type":"Polygon","coordinates":[[[-1.86493,52.51063],[-1.85708,52.50758],[-1.84828,52.50504],[-1.8441,52.50459],[-1.83993,52.50482],[-1.83531,52.50487],[-1.83394,52.50476],[-1.83308,52.5045],[-1.8312,52.50465],[-1.82938,52.50233],[-1.8289,52.49971],[-1.83227,52.49548],[-1.83397,52.491],[-1.83253,52.48825],[-1.83152,52.4875],[-1.83059,52.48648],[-1.8309,52.48511],[-1.86257,52.48252],[-1.87943,52.48153],[-1.88686,52.48038],[-1.89557,52.47818],[-1.90483,52.4787],[-1.90426,52.47919],[-1.90428,52.47962],[-1.90578,52.4809],[-1.91053,52.48221],[-1.91333,52.48223],[-1.91477,52.48245],[-1.91621,52.48294],[-1.91952,52.48466],[-1.91724,52.48832],[-1.91677,52.4901],[-1.91587,52.49187],[-1.91423,52.49262],[-1.9125,52.49315],[-1.9087,52.49438],[-1.91166,52.49444],[-1.91454,52.49491],[-1.91716,52.49671],[-1.91935,52.49888],[-1.91866,52.50253],[-1.91392,52.50306],[-1.90917,52.503],[-1.90678,52.50295],[-1.90448,52.50269],[-1.8996,52.50264],[-1.90218,52.50494],[-1.90304,52.50695],[-1.90372,52.50891],[-1.90184,52.51549],[-1.89362,52.51446],[-1.89126,52.51378],[-1.88985,52.51332],[-1.88609,52.51212],[-1.88555,52.51131],[-1.88377,52.50953],[-1.88124,52.50734],[-1.87982,52.5065],[-1.86493,52.51063]]]}},{"type":"Feature","properties":{"source_code":"M85066","codes":["M85066"],"label":"WARD END MEDICAL CENTRE"},"geometry":{"type":"MultiPolygon","coordinates":[[[[-1.82905,52.50277],[-1.81867,52.49862],[-1.80279,52.49229],[-1.81892,52.48801],[-1.82905,52.49168],[-1.81914,52.48759],[-1.83141,52.48584],[-1.83459,52.4862],[-1.83141,52.48756],[-1.8339,52.49096],[-1.83321,52.49339],[-1.83265,52.49316],[-1.83566,52.49767],[-1.83304,52.49336],[-1.83944,52.49642],[-1.83751,52.49864],[-1.83661,52.49924],[-1.83658,52.49919],[-1.82905,52.50277]]],[[[-1.81807,52.50003],[-1.8081,52.49995],[-1.81789,52.50005],[-1.81725,52.50029],[-1.81006,52.50088],[-1.80369,52.49992],[-1.80365,52.49992],[-1.80365,52.49991],[-1.80362,52.49991],[-1.80365,52.49991],[-1.80375,52.49919],[-1.79747,52.49621],[-1.80296,52.49245],[-1.82922,52.50285],[-1.81807,52.50003]]]]}},{"type":"Feature","properties":{"source_code":"M85600","codes":["M85600"],"label":"REA VALLEY HEALTH PARTNERSHIP"},"geometry":{"type":"Polygon","coordinates":[[[-1.91299,52.41624],[-1.89426,52.40204],[-1.91231,52.39477],[-1.90956,52.38325],[-1.92046,52.38008],[-1.95711,52.379],[-1.99642,52.3822],[-1.97707,52.40022],[-1.959,52.42064],[-1.9393,52.43124],[-1.93977,52.43812],[-1.93282,52.43964],[-1.91454,52.4462],[-1.89137,52.44403],[-1.8827,52.4217],[-1.89411,52.40192],[-1.89426,52.40204],[-1.89411,52.4021],[-1.91299,52.41624]]]}},{"type":"Feature","properties":{"source_code":"M85732","codes":["M85732"],"label":"BLOOMSBURY SURGERY"},"geometry":{"type":"Polygon","coordinates":[[[-1.86386,52.50747],[-1.85562,52.50246],[-1.85961,52.49916],[-1.8524,52.4971],[-1.84815,52.49762],[-1.84785,52.49647],[-1.85115,52.48892],[-1.85484,52.48526],[-1.85914,52.48798],[-1.87162,52.4889],[-1.88016,52.48299],[-1.88557,52.48916],[-1.88064,52.4902],[-1.8792,52.49167],[-1.87742,52.49318],[-1.88134,52.49489],[-1.88519,52.4966],[-1.8849,52.49728],[-1.88445,52.49781],[-1.88338,52.49901],[-1.88071,52.50042],[-1.87504,52.50266],[-1.87228,52.5038],[-1.86953,52.50536],[-1.86669,52.50699],[-1.86528,52.50754],[-1.86386,52.50747]]]}},{"type":"Feature","properties":{"source_code":"M85803","codes":["M85803"],"label":"PEARL MEDICAL CENTRE"},"geometry":{"type":"Polygon","coordinates":[[[-1.79781,52.48597],[-1.80965,52.48529],[-1.83437,52.48508],[-1.8627,52.48315],[-1.86493,52.49261],[-1.85652,52.49856],[-1.85051,52.50055],[-1.84467,52.50076],[-1.83077,52.50159],[-1.81506,52.50107],[-1.77601,52.49856],[-1.76839,52.49607],[-1.77004,52.49127],[-1.77088,52.48862],[-1.78107,52.48921],[-1.79781,52.48597]]]}},{"type":"Feature","properties":{"source_code":"M89002","codes":["M89002"],"label":"KINGSHURST MEDICAL PRACTICE"},"geometry":{"type":"Polygon","coordinates":[[[-1.76331,52.51434],[-1.74545,52.50661],[-1.73687,52.49386],[-1.72623,52.4763],[-1.74648,52.47337],[-1.78185,52.4995],[-1.76331,52.51434]]]}},{"type":"Feature","properties":{"source_code":"M88647","codes":["M88647"],"label":"ROOD END MEDICAL PRACTICE"},"geometry":{"type":"MultiPolygon","coordinates":[[[[-1.97536,52.51185],[-1.97539,52.51194],[-1.97531,52.51183],[-1.97536,52.51185]]],[[[-1.97582,52.51215],[-1.97565,52.51194],[-1.97536,52.51185],[-1.97445,52.50901],[-1.97571,52.51138],[-1.97582,52.51215]]],[[[-1.97571,52.51138],[-1.97501,52.50656],[-1.97683,52.50282],[-1.97774,52.50116],[-1.97556,52.4995],[-1.9705,52.49645],[-1.96355,52.4982],[-1.95642,52.49658],[-1.95342,52.4948],[-1.94535,52.4925],[-1.94973,52.48822],[-1.94063,52.48644],[-1.94128,52.48571],[-1.9481,52.48393],[-1.95642,52.47766],[-1.96046,52.47549],[-1.96239,52.47456],[-1.96449,52.47395],[-1.97265,52.47039],[-1.97539,52.4684],[-1.97913,52.46694],[-1.98372,52.46631],[-1.9929,52.46887],[-2.00432,52.474],[-2.01942,52.474],[-2.02372,52.48006],[-2.02423,52.48675],[-2.02724,52.48695],[-2.03144,52.48213],[-2.03367,52.47908],[-2.03796,52.47645],[-2.04517,52.48456],[-2.04964,52.48534],[-2.05135,52.48759],[-2.04002,52.49417],[-2.05822,52.50285],[-2.05625,52.51147],[-2.06303,52.51413],[-2.04517,52.52708],[-2.03659,52.53053],[-2.0311,52.53189],[-2.0196,52.53011],[-2.00912,52.52604],[-1.99196,52.52332],[-1.97617,52.51225],[-1.97571,52.51138]]]]}},{"type":"Feature","properties":{"source_code":"M85170","codes":["M85170"],"label":"GATE MEDICAL CENTRE"},"geometry":{"type":"Polygon","coordinates":[[[-1.76331,52.44931],[-1.81,52.42294],[-1.88828,52.42378],[-1.95213,52.44094],[-1.98372,52.48613],[-1.96243,52.50828],[-1.91711,52.54212],[-1.84914,52.54442],[-1.79077,52.53418],[-1.7664,52.49449],[-1.76331,52.44931]]]}},{"type":"Feature","properties":{"source_code":"M88002","codes":["M88002"],"label":"THE SMETHWICK MEDICAL CENTRE"},"geometry":{"type":"MultiPolygon","coordinates":[[[[-1.92527,52.44793],[-1.92887,52.44704],[-1.92956,52.44699],[-1.93033,52.44709],[-1.93209,52.4472],[-1.93355,52.44748],[-1.93488,52.44767],[-1.94003,52.44706],[-1.94342,52.44675],[-1.94531,52.44646],[-1.94664,52.44604],[-1.94763,52.44623],[-1.94969,52.44623],[-1.95059,52.4461],[-1.95312,52.44602],[-1.956,52.44625],[-1.95715,52.44589],[-1.95857,52.44604],[-1.96067,52.44594],[-1.96428,52.44644],[-1.96883,52.44615],[-1.97016,52.44615],[-1.97097,52.44649],[-1.97209,52.44662],[-1.97338,52.44686],[-1.97574,52.44788],[-1.97814,52.44845],[-1.9139,52.45279],[-1.91827,52.45057],[-1.92175,52.44895],[-1.92527,52.44793]]],[[[-2.04442,52.48557],[-1.97908,52.44841],[-1.98003,52.44831],[-1.98033,52.44818],[-1.98134,52.44815],[-1.98286,52.44797],[-1.98391,52.44806],[-1.98473,52.44791],[-1.98537,52.4485],[-1.98578,52.4487],[-1.98674,52.44859],[-1.98739,52.44823],[-1.98865,52.44844],[-1.98998,52.44835],[-1.99151,52.44884],[-1.99262,52.44896],[-1.99475,52.44879],[-1.99655,52.44862],[-1.9978,52.44884],[-1.99874,52.44869],[-1.99943,52.44863],[-2.00009,52.44867],[-2.00089,52.44869],[-2.00149,52.44878],[-2.00209,52.44867],[-2.00241,52.44878],[-2.00277,52.44883],[-2.00299,52.44887],[-2.00417,52.4489],[-2.00492,52.44904],[-2.00535,52.44935],[-2.00586,52.44963],[-2.00616,52.44956],[-2.00715,52.44941],[-2.0096,52.4491],[-2.01073,52.44896],[-2.01221,52.44878],[-2.01309,52.4487],[-2.01505,52.44891],[-2.01646,52.44909],[-2.01741,52.44901],[-2.0179,52.44888],[-2.0194,52.44837],[-2.02142,52.44794],[-2.02322,52.44765],[-2.02582,52.44737],[-2.02799,52.44713],[-2.032,52.44678],[-2.03642,52.44625],[-2.03929,52.44586],[-2.04099,52.44546],[-2.04236,52.44474],[-2.04419,52.44427],[-2.04483,52.44404],[-2.045,52.44454],[-2.04517,52.44569],[-2.04539,52.44637],[-2.04547,52.44752],[-2.04541,52.44827],[-2.04526,52.44909],[-2.04502,52.44972],[-2.04423,52.45044],[-2.04374,52.45104],[-2.04397,52.45162],[-2.0444,52.45211],[-2.04468,52.45232],[-2.04569,52.45315],[-2.04659,52.45419],[-2.04702,52.45471],[-2.04717,52.45581],[-2.04764,52.45738],[-2.04786,52.45792],[-2.04867,52.45856],[-2.04992,52.45929],[-2.04989,52.46049],[-2.04977,52.46073],[-2.04931,52.4613],[-2.04831,52.46213],[-2.0473,52.46277],[-2.04706,52.4651],[-2.04704,52.46583],[-2.04726,52.46655],[-2.04756,52.46708],[-2.04749,52.46864],[-2.04743,52.46987],[-2.04704,52.47023],[-2.04638,52.47048],[-2.04509,52.47072],[-2.04438,52.47111],[-2.04363,52.47159],[-2.04275,52.47243],[-2.04202,52.47336],[-2.04165,52.47371],[-2.04077,52.47464],[-2.03908,52.47562],[-2.0388,52.47604],[-2.03908,52.47643],[-2.03942,52.47689],[-2.03947,52.47688],[-2.0394,52.47696],[-2.03955,52.47723],[-2.03977,52.47748],[-2.03999,52.47776],[-2.04017,52.47804],[-2.04055,52.47855],[-2.04066,52.47873],[-2.04116,52.4796],[-2.04139,52.47984],[-2.04173,52.48038],[-2.04199,52.48081],[-2.04234,52.48144],[-2.04249,52.48172],[-2.04273,52.48196],[-2.04303,52.48225],[-2.04352,52.48264],[-2.04373,52.48282],[-2.0438,52.48284],[-2.04389,52.48289],[-2.04386,52.48297],[-2.04393,52.48306],[-2.04406,52.4832],[-2.04421,52.48358],[-2.0443,52.48352],[-2.0444,52.48364],[-2.04447,52.48371],[-2.04462,52.48386],[-2.04479,52.484],[-2.04488,52.48405],[-2.04505,52.48413],[-2.04511,52.48418],[-2.0447,52.48449],[-2.04452,52.48486],[-2.04442,52.48557]]],[[[-2.02504,52.49966],[-2.04432,52.48601],[-2.04422,52.48635],[-2.04411,52.48677],[-2.04396,52.48718],[-2.04379,52.48745],[-2.0434,52.48825],[-2.04324,52.48853],[-2.04302,52.48889],[-2.04284,52.48925],[-2.04266,52.48956],[-2.04256,52.48974],[-2.04241,52.49006],[-2.04238,52.49032],[-2.04229,52.49071],[-2.04221,52.49155],[-2.04226,52.49189],[-2.04256,52.49216],[-2.04297,52.49251],[-2.04319,52.49265],[-2.04326,52.49276],[-2.04213,52.49333],[-2.04121,52.49376],[-2.03996,52.49437],[-2.03951,52.49468],[-2.03921,52.49482],[-2.03834,52.49477],[-2.03719,52.49471],[-2.03633,52.49479],[-2.03554,52.49494],[-2.03454,52.49515],[-2.03404,52.49537],[-2.03351,52.49581],[-2.03247,52.4966],[-2.03187,52.49692],[-2.0314,52.497],[-2.03085,52.49715],[-2.03022,52.49747],[-2.02978,52.49775],[-2.02947,52.49805],[-2.02917,52.49848],[-2.02895,52.49892],[-2.02874,52.49916],[-2.02857,52.4994],[-2.02836,52.49956],[-2.02798,52.49967],[-2.02763,52.49965],[-2.02717,52.49959],[-2.02633,52.49967],[-2.02504,52.49966]]],[[[-2.02504,52.49966],[-2.01999,52.50324],[-2.01998,52.50312],[-2.01971,52.50302],[-2.01936,52.50273],[-2.01864,52.50219],[-2.01815,52.50182],[-2.01805,52.50167],[-2.01843,52.5012],[-2.0188,52.50064],[-2.01922,52.50053],[-2.01964,52.50048],[-2.02075,52.50038],[-2.0221,52.50018],[-2.02346,52.4999],[-2.02417,52.49981],[-2.0246,52.49985],[-2.02463,52.49973],[-2.02493,52.49966],[-2.02504,52.49966]]],[[[-2.01999,52.50324],[-2.01999,52.5033],[-2.02014,52.50368],[-2.02013,52.50429],[-2.01972,52.50495],[-2.01942,52.50519],[-2.01898,52.50549],[-2.01778,52.50573],[-2.01716,52.5059],[-2.0167,52.50598],[-2.01624,52.50611],[-2.01518,52.50671],[-2.01518,52.50676],[-2.01455,52.50735],[-2.01377,52.50793],[-2.01305,52.50836],[-2.01238,52.50874],[-2.01154,52.50921],[-2.01999,52.50324]]],[[[-1.96813,52.51066],[-1.96651,52.51042],[-1.96321,52.51014],[-1.96089,52.50987],[-1.95677,52.50961],[-1.95479,52.5088],[-1.95059,52.50726],[-1.94252,52.50483],[-1.93754,52.504],[-1.93793,52.50227],[-1.93767,52.49971],[-1.93767,52.49841],[-1.93909,52.49673],[-1.93952,52.4947],[-1.93866,52.4924],[-1.93797,52.49041],[-1.93776,52.48762],[-1.93681,52.48657],[-1.93649,52.48554],[-1.93598,52.48448],[-1.93447,52.48313],[-1.93377,52.48278],[-1.93239,52.48163],[-1.92922,52.47941],[-1.92765,52.47822],[-1.92623,52.47715],[-1.92377,52.47587],[-1.92104,52.47443],[-1.91896,52.47366],[-1.91862,52.47355],[-1.91748,52.47272],[-1.91499,52.47222],[-1.91231,52.47145],[-1.90926,52.47021],[-1.90681,52.46902],[-1.90514,52.46822],[-1.90372,52.46787],[-1.90188,52.46753],[-1.90162,52.46723],[-1.90248,52.46498],[-1.90269,52.46438],[-1.90458,52.46236],[-1.90862,52.45766],[-1.91106,52.45507],[-1.91385,52.4529],[-1.96813,52.51066]]],[[[-1.98978,52.51306],[-1.98822,52.51333],[-1.98888,52.51237],[-1.98978,52.51306]]],[[[-1.96813,52.51066],[-1.97063,52.51102],[-1.97381,52.51144],[-1.97402,52.5123],[-1.97308,52.51591],[-1.96813,52.51066]]],[[[-1.98978,52.51306],[-2.01161,52.50923],[-2.01007,52.51011],[-2.00908,52.51045],[-2.00833,52.51062],[-2.00694,52.51117],[-2.0055,52.51217],[-2.00432,52.51326],[-2.00181,52.51439],[-2.00005,52.5152],[-1.99889,52.51609],[-1.99807,52.51682],[-1.99752,52.51724],[-1.99724,52.51746],[-1.99649,52.51781],[-1.99619,52.51802],[-1.99509,52.51728],[-1.99292,52.51612],[-1.99138,52.51537],[-1.99093,52.51507],[-1.99113,52.51444],[-1.9912,52.51409],[-1.99036,52.5135],[-1.98978,52.51306]]],[[[-1.98822,52.51333],[-1.98788,52.51382],[-1.98708,52.51439],[-1.98503,52.51534],[-1.98371,52.5161],[-1.9829,52.51665],[-1.98196,52.51635],[-1.97153,52.51951],[-1.9729,52.51601],[-1.98822,52.51333]]]]}},{"type":"Feature","properties":{"source_code":"M85031","codes":["M85031"],"label":"THE HARLEQUIN SURGERY"},"geometry":{"type":"Polygon","coordinates":[[[-1.7559,52.5126],[-1.75026,52.51058],[-1.74631,52.50807],[-1.74643,52.50801],[-1.74597,52.50776],[-1.74219,52.50264],[-1.73496,52.4927],[-1.73481,52.49276],[-1.73491,52.49263],[-1.73481,52.4925],[-1.73493,52.49261],[-1.7358,52.49148],[-1.73923,52.49023],[-1.74103,52.4895],[-1.74201,52.48918],[-1.74219,52.48895],[-1.74906,52.48633],[-1.74906,52.48623],[-1.75644,52.4833],[-1.76003,52.48255],[-1.76034,52.48244],[-1.7602,52.48251],[-1.77086,52.48027],[-1.76193,52.48236],[-1.76419,52.48222],[-1.77996,52.48006],[-1.77236,52.48173],[-1.77395,52.48163],[-1.77635,52.48247],[-1.78373,52.48487],[-1.78854,52.48738],[-1.7874,52.48747],[-1.78757,52.48829],[-1.78873,52.48951],[-1.78854,52.48905],[-1.78871,52.48707],[-1.78922,52.49003],[-1.79039,52.49127],[-1.79094,52.49177],[-1.79335,52.49386],[-1.79626,52.49543],[-1.80433,52.49271],[-1.80777,52.49396],[-1.80553,52.4995],[-1.80399,52.50515],[-1.79832,52.50619],[-1.79404,52.5067],[-1.79187,52.50712],[-1.79386,52.50682],[-1.78596,52.50849],[-1.78253,52.50953],[-1.77601,52.511],[-1.77258,52.51267],[-1.76605,52.5135],[-1.75404,52.51288],[-1.7559,52.5126]],[[-1.78256,52.50854],[-1.78232,52.50846],[-1.76838,52.5107],[-1.78256,52.50854]],[[-1.79111,52.50713],[-1.79066,52.50686],[-1.78956,52.5071],[-1.7906,52.50713],[-1.78607,52.50786],[-1.78378,52.50836],[-1.79088,52.50727],[-1.79111,52.50713]],[[-1.77718,52.50674],[-1.77258,52.50661],[-1.77713,52.50673],[-1.73841,52.49376],[-1.73872,52.49336],[-1.73738,52.49302],[-1.73873,52.49335],[-1.73878,52.49328],[-1.73635,52.49266],[-1.73859,52.49323],[-1.73879,52.49328],[-1.73887,52.49317],[-1.73621,52.49249],[-1.73558,52.49271],[-1.73608,52.49246],[-1.73584,52.4924],[-1.73721,52.4919],[-1.73747,52.49177],[-1.7378,52.49168],[-1.74095,52.49053],[-1.74104,52.49041],[-1.735,52.49269],[-1.74945,52.50662],[-1.75455,52.50671],[-1.7676,52.50661],[-1.77652,52.50682],[-1.77741,52.50682],[-1.77718,52.50674]],[[-1.75722,52.48998],[-1.76194,52.48954],[-1.75712,52.48993],[-1.75722,52.48998]]]}},{"type":"Feature","properties":{"source_code":"M84042","codes":["M84042"],"label":"HAZELWOOD GROUP PRACTICE"},"geometry":{"type":"MultiPolygon","coordinates":[[[[-1.68172,52.46417],[-1.68365,52.4598],[-1.68953,52.47014],[-1.68915,52.47],[-1.68172,52.46417]]],[[[-1.6961,52.55355],[-1.69318,52.54987],[-1.69198,52.54836],[-1.68284,52.54455],[-1.68314,52.5423],[-1.66168,52.53711],[-1.6246,52.5346],[-1.60538,52.52583],[-1.60681,52.52119],[-1.60529,52.52599],[-1.60941,52.50865],[-1.59937,52.49862],[-1.60138,52.49668],[-1.60126,52.49658],[-1.62254,52.46898],[-1.69464,52.47902],[-1.68365,52.45978],[-1.70631,52.44806],[-1.71181,52.47902],[-1.71936,52.4832],[-1.75301,52.51622],[-1.74271,52.53335],[-1.72829,52.54003],[-1.71867,52.55089],[-1.71511,52.55003],[-1.71108,52.55402],[-1.6961,52.55355]]],[[[-1.71506,52.55002],[-1.68314,52.5423],[-1.68318,52.54249],[-1.71506,52.55002]]],[[[-1.61156,52.50577],[-1.60688,52.5016],[-1.61154,52.50584],[-1.61156,52.50577]]]]}},{"type":"Feature","properties":{"source_code":"M85053","codes":["M85053"],"label":"THE ST.CLEMENTS SURGERY"},"geometry":{"type":"Polygon","coordinates":[[[-1.84467,52.52437],[-1.78047,52.50055],[-1.85875,52.465],[-1.90063,52.50264],[-1.84467,52.52437]]]}},{"type":"Feature","properties":{"source_code":"M85141","codes":["M85141"],"label":"SCHOOLACRE ROAD SURGERY"},"geometry":{"type":"Polygon","coordinates":[[[-1.79575,52.50661],[-1.79232,52.50765],[-1.78854,52.50839],[-1.78425,52.50922],[-1.78082,52.51037],[-1.77755,52.51121],[-1.77515,52.51225],[-1.77137,52.51319],[-1.76725,52.5135],[-1.76365,52.51392],[-1.76125,52.51371],[-1.75678,52.51319],[-1.75369,52.51225],[-1.75026,52.51068],[-1.74734,52.50922],[-1.74528,52.50724],[-1.74339,52.50462],[-1.74168,52.5018],[-1.73996,52.4995],[-1.73807,52.49783],[-1.73756,52.49616],[-1.73567,52.49459],[-1.73515,52.49282],[-1.73653,52.49177],[-1.73893,52.49114],[-1.74065,52.4902],[-1.74305,52.48916],[-1.74511,52.48937],[-1.74854,52.48947],[-1.75146,52.48905],[-1.75438,52.48801],[-1.75747,52.4879],[-1.76073,52.48843],[-1.76451,52.48895],[-1.76846,52.48832],[-1.77155,52.48905],[-1.77429,52.48947],[-1.77755,52.48957],[-1.77893,52.48822],[-1.77944,52.48644],[-1.77858,52.48466],[-1.77773,52.48362],[-1.77893,52.48288],[-1.78082,52.48299],[-1.78425,52.48487],[-1.78699,52.48581],[-1.78923,52.48686],[-1.79163,52.48707],[-1.79489,52.48738],[-1.79918,52.48759],[-1.80227,52.48769],[-1.80536,52.48801],[-1.80742,52.48769],[-1.80931,52.48769],[-1.8112,52.4878],[-1.81343,52.48905],[-1.8148,52.48989],[-1.81549,52.49072],[-1.81669,52.49229],[-1.81738,52.49386],[-1.81549,52.49511],[-1.81377,52.49585],[-1.81051,52.49647],[-1.80708,52.49741],[-1.80433,52.49877],[-1.80227,52.49961],[-1.79935,52.50086],[-1.79729,52.50212],[-1.79661,52.50306],[-1.79523,52.50389],[-1.79352,52.50442],[-1.79455,52.50525],[-1.79575,52.50661]]]}},{"type":"Feature","properties":{"source_code":"M88026","codes":["M88026"],"label":"PORTWAY FAMILY PRACTICE"},"geometry":{"type":"Polygon","coordinates":[[[-2.06307,52.51371],[-2.05998,52.51698],[-2.05466,52.52071],[-2.0411,52.51455],[-2.03912,52.51633],[-2.03715,52.51687],[-2.03453,52.51638],[-2.03256,52.51523],[-2.03277,52.51431],[-2.03483,52.51238],[-2.03028,52.51053],[-2.02805,52.51246],[-2.0259,52.51249],[-2.02522,52.51136],[-2.02771,52.50946],[-2.01912,52.50515],[-2.02007,52.50447],[-2.01994,52.5034],[-2.01878,52.50251],[-2.01771,52.50185],[-2.01874,52.50057],[-2.02312,52.50003],[-2.02487,52.49966],[-2.02651,52.49969],[-2.02741,52.49953],[-2.02826,52.49963],[-2.02578,52.49778],[-2.02363,52.49501],[-2.02131,52.49229],[-2.01595,52.48383],[-2.01801,52.48223],[-2.01964,52.48249],[-2.02088,52.48231],[-2.02299,52.48074],[-2.02354,52.47967],[-2.02977,52.47698],[-2.03552,52.47776],[-2.03771,52.47653],[-2.03887,52.47554],[-2.04981,52.47606],[-2.05251,52.4774],[-2.05354,52.47847],[-2.05547,52.47949],[-2.05723,52.48017],[-2.05951,52.48053],[-2.06238,52.48181],[-2.06436,52.48401],[-2.0629,52.48602],[-2.06204,52.48764],[-2.06135,52.48814],[-2.06028,52.48824],[-2.05942,52.48806],[-2.05509,52.4891],[-2.05191,52.48803],[-2.05007,52.48725],[-2.04869,52.48937],[-2.04642,52.49117],[-2.04303,52.49271],[-2.04075,52.49394],[-2.04208,52.49519],[-2.0444,52.49598],[-2.04603,52.49694],[-2.04809,52.49838],[-2.04985,52.49929],[-2.05084,52.49976],[-2.05268,52.50031],[-2.05526,52.50118],[-2.05667,52.50167],[-2.05723,52.50303],[-2.05801,52.50347],[-2.05856,52.50491],[-2.05775,52.50731],[-2.05612,52.51027],[-2.05539,52.51196],[-2.06307,52.51371]]]}},{"type":"Feature","properties":{"source_code":"M85113","codes":["M85113"],"label":"BUCKLANDS END LANE SURGERY"},"geometry":{"type":"Polygon","coordinates":[[[-1.72966,52.51935],[-1.73687,52.48048],[-1.80965,52.48215],[-1.84193,52.49783],[-1.72966,52.51935]]]}},{"type":"Feature","properties":{"source_code":"M85020","codes":["M85020"],"label":"RAYDOCS NEWTOWN"},"geometry":{"type":"Polygon","coordinates":[[[-1.86459,52.50765],[-1.91402,52.474],[-1.93085,52.48633],[-1.9408,52.48633],[-1.93909,52.49909],[-1.96758,52.5064],[-1.96106,52.53231],[-1.94681,52.53387],[-1.93394,52.5369],[-1.89617,52.54087],[-1.87437,52.53575],[-1.88179,52.53257],[-1.87755,52.52353],[-1.88107,52.52061],[-1.86459,52.50765]]]}},{"type":"Feature","properties":{"source_code":"M88040","codes":["M88040"],"label":"ST PAUL'S MEDICAL PRACTICE"},"geometry":{"type":"Polygon","coordinates":[[[-1.78152,52.57875],[-2.29766,52.5921],[-2.34159,52.59878],[-1.78152,52.57875]]]}},{"type":"Feature","properties":{"source_code":"M89026","codes":["M89026"],"label":"THE CASTLE PRACTICE"},"geometry":{"type":"Polygon","coordinates":[[[-1.77798,52.51079],[-1.76923,52.51345],[-1.76167,52.51382],[-1.75283,52.51178],[-1.74614,52.50792],[-1.73507,52.49125],[-1.73472,52.48701],[-1.73536,52.48655],[-1.73608,52.48633],[-1.73671,52.48623],[-1.73741,52.48581],[-1.73873,52.48532],[-1.74012,52.48592],[-1.74093,52.48622],[-1.74157,52.48664],[-1.74271,52.48754],[-1.7433,52.48817],[-1.74371,52.48886],[-1.74631,52.48796],[-1.74892,52.48711],[-1.75107,52.48596],[-1.75326,52.48511],[-1.75427,52.48701],[-1.76523,52.48818],[-1.77788,52.48989],[-1.77996,52.49104],[-1.78064,52.49185],[-1.78192,52.49279],[-1.78567,52.49577],[-1.78796,52.496],[-1.79093,52.49504],[-1.7918,52.49595],[-1.79137,52.49689],[-1.79784,52.49642],[-1.80082,52.49834],[-1.80355,52.49927],[-1.79444,52.50287],[-1.79641,52.5063],[-1.77798,52.51079]]]}},{"type":"Feature","properties":{"source_code":"M88041","codes":["M88041"],"label":"HAWTHORNS MEDICAL CENTRE"},"geometry":{"type":"Polygon","coordinates":[[[-1.99402,52.52437],[-1.98251,52.5167],[-1.98235,52.51685],[-1.97033,52.51977],[-1.97479,52.51183],[-1.96896,52.51058],[-1.95419,52.50912],[-1.95007,52.51058],[-1.94527,52.51559],[-1.94012,52.51497],[-1.94012,52.51246],[-1.94252,52.50536],[-1.9384,52.50494],[-1.92844,52.50389],[-1.91986,52.49888],[-1.91334,52.49386],[-1.91883,52.48341],[-1.91299,52.48215],[-1.92089,52.48215],[-1.92604,52.47943],[-1.91299,52.47504],[-1.91763,52.47463],[-1.92055,52.47316],[-1.9384,52.47232],[-1.95076,52.47232],[-1.96415,52.47651],[-1.96621,52.47274],[-1.97548,52.46919],[-1.98509,52.46626],[-1.9923,52.46605],[-1.99505,52.4648],[-2.0002,52.46354],[-2.005,52.46375],[-2.00775,52.46291],[-2.01324,52.46291],[-2.01565,52.47253],[-2.02251,52.47985],[-2.02354,52.48529],[-2.02251,52.48905],[-2.0153,52.49595],[-2.00809,52.50222],[-1.9923,52.50765],[-1.99047,52.50934],[-1.99265,52.50891],[-2.00672,52.50995],[-2.01736,52.5204],[-2.01118,52.52687],[-1.99402,52.52437]]]}},{"type":"Feature","properties":{"source_code":"M84034","codes":["M84034"],"label":"WHITESTONE SURGERY"},"geometry":{"type":"Polygon","coordinates":[[[-1.41346,52.5298],[-1.40205,52.52926],[-1.40179,52.52938],[-1.40126,52.52923],[-1.40007,52.52917],[-1.40046,52.52899],[-1.39252,52.52667],[-1.41449,52.47504],[-1.50684,52.48236],[-1.48668,52.4914],[-1.50204,52.48529],[-1.48508,52.49211],[-1.4757,52.49632],[-1.49242,52.4901],[-1.50169,52.48801],[-1.49998,52.49365],[-1.47285,52.52917],[-1.41346,52.5298]]]}},{"type":"Feature","properties":{"source_code":"M85676","codes":["M85676"],"label":"VICTORIA ROAD MEDICAL CTR"},"geometry":{"type":"Polygon","coordinates":[[[-1.99333,52.48863],[-1.96518,52.55966],[-1.84158,52.55131],[-1.90544,52.45768],[-1.96381,52.45726],[-1.99333,52.48863]]]}},{"type":"Feature","properties":{"source_code":"M85715","codes":["M85715"],"label":"SOHO ROAD PRIMARY CARE CENTRE"},"geometry":{"type":"Polygon","coordinates":[[[-1.93926,52.51497],[-1.92063,52.51267],[-1.9166,52.4948],[-1.93282,52.49198],[-1.94243,52.49052],[-1.95677,52.49632],[-1.95703,52.50933],[-1.95509,52.51019],[-1.95325,52.51017],[-1.94973,52.5116],[-1.9463,52.5157],[-1.93926,52.51497]]]}},{"type":"Feature","properties":{"source_code":"M85701","codes":["M85701"],"label":"BURBURY MEDICAL CENTRE"},"geometry":{"type":"Polygon","coordinates":[[[-1.88999,52.53053],[-1.87798,52.52896],[-1.86459,52.51831],[-1.86287,52.50306],[-1.87283,52.48278],[-1.90922,52.47463],[-1.93548,52.48027],[-1.94939,52.48874],[-1.95471,52.50201],[-1.95248,52.51497],[-1.94286,52.52625],[-1.92844,52.53043],[-1.92829,52.53048],[-1.92883,52.53045],[-1.92823,52.5305],[-1.92209,52.53251],[-1.91574,52.53335],[-1.90733,52.53345],[-1.90201,52.53356],[-1.89497,52.53288],[-1.88999,52.53053]]]}},{"type":"Feature","properties":{"source_code":"M85757","codes":["M85757"],"label":"SOHO ROAD HEALTH CENTRE"},"geometry":{"type":"MultiPolygon","coordinates":[[[[-1.94824,52.528],[-1.95667,52.52454],[-1.9465,52.52875],[-1.94824,52.528]]],[[[-1.94471,52.52949],[-1.9465,52.52875],[-1.94476,52.5295],[-1.94471,52.52949]]],[[[-1.94824,52.528],[-1.93097,52.53508],[-1.9231,52.52722],[-1.90562,52.52281],[-1.90544,52.50369],[-1.936,52.49888],[-1.94741,52.50478],[-1.96243,52.50839],[-1.96414,52.51539],[-1.96483,52.52291],[-1.95952,52.52313],[-1.94824,52.528]]]]}},{"type":"Feature","properties":{"source_code":"Y00412","codes":["Y00412"],"label":"SOHO HEALTH CENTRE"},"geometry":{"type":"MultiPolygon","coordinates":[[[[-1.89306,52.50765],[-1.89205,52.5087],[-1.89308,52.50745],[-1.89306,52.50765]]],[[[-1.96861,52.51622],[-1.96621,52.5204],[-1.9669,52.52291],[-1.96724,52.52416],[-1.96209,52.52876],[-1.95935,52.5321],[-1.95865,52.53481],[-1.93943,52.53377],[-1.89996,52.53335],[-1.89274,52.52374],[-1.89411,52.51831],[-1.89239,52.51413],[-1.89306,52.50765],[-1.89686,52.50368],[-1.89377,52.49825],[-1.89961,52.49261],[-1.89755,52.49282],[-1.90235,52.48968],[-1.89926,52.48341],[-1.90201,52.48278],[-1.90345,52.48172],[-1.90887,52.4855],[-1.90798,52.48266],[-1.90921,52.48299],[-1.90716,52.48006],[-1.90798,52.48266],[-1.90372,52.48153],[-1.90345,52.48172],[-1.90167,52.48048],[-1.91368,52.47839],[-1.9178,52.48006],[-1.92261,52.47881],[-1.9281,52.47985],[-1.936,52.47818],[-1.95591,52.4832],[-1.96965,52.48968],[-1.97582,52.49511],[-1.98165,52.50264],[-1.97788,52.50745],[-1.97325,52.51183],[-1.96861,52.51622]]]]}},{"type":"Feature","properties":{"source_code":"Y02567","codes":["Y02567"],"label":"HODGE HILL FAMILY PRACTICE"},"geometry":{"type":"Polygon","coordinates":[[[-1.83025,52.49302],[-1.82202,52.51455],[-1.7801,52.52771],[-1.78113,52.49449],[-1.83025,52.49302]]]}},{"type":"Feature","properties":{"source_code":"M85176","codes":["M85176"],"label":"KIRPAL MEDICAL PRACTICE"},"geometry":{"type":"Polygon","coordinates":[[[-2.08375,52.61873],[-2.07943,52.61216],[-2.04245,52.61216],[-2.08375,52.61873],[-2.11016,52.65879],[-1.8203,52.61213],[-1.73678,52.61212],[-1.61598,52.5921],[-1.6266,52.5805],[-1.61598,52.57875],[-1.62745,52.57957],[-1.67089,52.532],[-1.8466,52.55204],[-1.95456,52.55206],[-1.82463,52.50525],[-1.92347,52.49857],[-2.03329,52.51194],[-2.1009,52.54488],[-2.18703,52.53868],[-2.29685,52.61212],[-2.20715,52.61214],[-2.25292,52.64546],[-2.08375,52.61873]]]}},{"type":"Feature","properties":{"source_code":"M85154","codes":["M85154"],"label":"FINCH ROAD PRIMARY CARE CENTRE"},"geometry":{"type":"Polygon","coordinates":[[[-1.90681,52.52625],[-1.88107,52.51434],[-1.88484,52.49511],[-1.91608,52.49574],[-1.91437,52.4995],[-1.93291,52.50327],[-1.93874,52.50933],[-1.91128,52.51476],[-1.90681,52.52625]]]}},{"type":"Feature","properties":{"source_code":"M89013","codes":["M89013"],"label":"ARRAN MEDICAL CENTRE"},"geometry":{"type":"Polygon","coordinates":[[[-1.68297,52.47693],[-1.69533,52.45141],[-1.71029,52.45402],[-1.71318,52.4355],[-1.74614,52.40451],[-1.79214,52.42294],[-1.83884,52.45224],[-1.86287,52.47316],[-1.82304,52.497],[-1.80168,52.50213],[-1.81274,52.51246],[-1.76193,52.51915],[-1.72279,52.52875],[-1.68365,52.51121],[-1.68297,52.47693]]]}},{"type":"Feature","properties":{"source_code":"M89027","codes":["M89027"],"label":"GREEN LANE SURGERY"},"geometry":{"type":"Polygon","coordinates":[[[-1.793,52.50755],[-1.77996,52.51068],[-1.77,52.51371],[-1.76331,52.51397],[-1.75627,52.5134],[-1.74734,52.51006],[-1.74271,52.50556],[-1.7379,52.49825],[-1.73361,52.49292],[-1.73481,52.48466],[-1.7403,52.47598],[-1.75215,52.46961],[-1.75489,52.4672],[-1.75644,52.47138],[-1.75919,52.47243],[-1.77258,52.46626],[-1.78528,52.46124],[-1.79352,52.45894],[-1.79764,52.4581],[-1.80296,52.4603],[-1.80794,52.46521],[-1.81017,52.46691],[-1.81008,52.4692],[-1.80626,52.47421],[-1.80931,52.48257],[-1.8093,52.4855],[-1.81925,52.49387],[-1.81167,52.4966],[-1.80476,52.49872],[-1.79751,52.50178],[-1.80006,52.50383],[-1.79722,52.50621],[-1.793,52.50755]]]}},{"type":"Feature","properties":{"source_code":"M88018","codes":["M88018"],"label":"OLDBURY HEALTH CENTRE"},"geometry":{"type":"Polygon","coordinates":[[[-1.98921,52.51195],[-1.98953,52.51109],[-1.98975,52.51038],[-1.98996,52.50985],[-1.99031,52.50925],[-1.99099,52.50879],[-1.99147,52.50847],[-1.99173,52.50752],[-1.99191,52.50721],[-1.99191,52.50688],[-1.99157,52.50627],[-1.98956,52.50452],[-1.98413,52.50383],[-1.97999,52.50199],[-1.97752,52.50001],[-1.97372,52.49781],[-1.97196,52.497],[-1.97024,52.49589],[-1.96956,52.49488],[-1.96823,52.49214],[-1.96795,52.49099],[-1.96784,52.49003],[-1.96812,52.48912],[-1.96831,52.48835],[-1.96906,52.48695],[-1.96979,52.48572],[-1.97102,52.48424],[-1.97209,52.48339],[-1.97627,52.48222],[-1.97818,52.48082],[-1.98144,52.48004],[-1.98702,52.47873],[-1.98842,52.47835],[-1.99192,52.47635],[-1.99494,52.47481],[-1.99758,52.47439],[-2.00116,52.47446],[-2.00281,52.47417],[-2.00285,52.47419],[-2.00359,52.47417],[-2.00689,52.47602],[-2.00889,52.47735],[-2.01087,52.47729],[-2.01254,52.47657],[-2.01339,52.47627],[-2.01575,52.47601],[-2.01796,52.47577],[-2.01818,52.47481],[-2.01871,52.47373],[-2.01966,52.47475],[-2.02069,52.47575],[-2.02317,52.4798],[-2.02642,52.47829],[-2.02992,52.47664],[-2.03976,52.47689],[-2.04086,52.47868],[-2.04163,52.48036],[-2.04401,52.48319],[-2.04515,52.4842],[-2.04551,52.48437],[-2.04606,52.48451],[-2.0469,52.48475],[-2.04827,52.48523],[-2.04886,52.48545],[-2.0491,52.48557],[-2.04915,52.4858],[-2.05015,52.48707],[-2.05015,52.48763],[-2.04843,52.48966],[-2.04771,52.49038],[-2.04623,52.49121],[-2.04548,52.49164],[-2.0446,52.49197],[-2.04323,52.49278],[-2.04098,52.49405],[-2.0418,52.49479],[-2.04329,52.49526],[-2.04513,52.49608],[-2.04728,52.49754],[-2.04906,52.49871],[-2.05025,52.49939],[-2.05162,52.49976],[-2.05303,52.50021],[-2.05507,52.50098],[-2.0556,52.50118],[-2.05721,52.50193],[-2.05742,52.50312],[-2.05851,52.50362],[-2.05918,52.50431],[-2.06072,52.50494],[-2.06091,52.50555],[-2.06124,52.50617],[-2.06129,52.50696],[-2.0612,52.50753],[-2.06119,52.50817],[-2.06104,52.50878],[-2.06084,52.50964],[-2.05972,52.51087],[-2.05922,52.51128],[-2.05885,52.51166],[-2.06048,52.51258],[-2.06275,52.51378],[-2.06126,52.51568],[-2.0593,52.51738],[-2.05489,52.52026],[-2.05346,52.51883],[-2.05267,52.51803],[-2.05189,52.51753],[-2.05,52.51739],[-2.04769,52.51744],[-2.04715,52.51743],[-2.04649,52.5172],[-2.04366,52.5159],[-2.04312,52.5164],[-2.04243,52.51673],[-2.04135,52.51683],[-2.03617,52.51636],[-2.03515,52.51737],[-2.03381,52.51725],[-2.03374,52.51721],[-2.02976,52.51672],[-2.02762,52.51686],[-2.02251,52.51722],[-2.02013,52.51606],[-2.01775,52.51462],[-2.0135,52.51595],[-2.01236,52.51638],[-2.01077,52.51662],[-2.00803,52.51577],[-2.00567,52.516],[-2.00363,52.51636],[-2.00112,52.51465],[-1.99845,52.51351],[-1.99696,52.513],[-1.99503,52.51258],[-1.99356,52.51222],[-1.99213,52.5122],[-1.99028,52.51212],[-1.98921,52.51195]]]}},{"type":"Feature","properties":{"source_code":"M85069","codes":["M85069"],"label":"LAURIE PIKE HEALTH CENTRE"},"geometry":{"type":"Polygon","coordinates":[[[-1.94067,52.50444],[-1.94029,52.5059],[-1.94042,52.50807],[-1.94063,52.50948],[-1.93952,52.51115],[-1.93922,52.51246],[-1.9393,52.51413],[-1.93922,52.51447],[-1.94149,52.51492],[-1.93986,52.51609],[-1.93754,52.51727],[-1.93724,52.51753],[-1.93913,52.51862],[-1.93943,52.51993],[-1.93823,52.52144],[-1.93844,52.52291],[-1.93874,52.52387],[-1.94115,52.52622],[-1.94175,52.52781],[-1.94196,52.52975],[-1.9387,52.53108],[-1.9305,52.53424],[-1.93016,52.53648],[-1.92982,52.54019],[-1.92939,52.54275],[-1.93269,52.54551],[-1.93454,52.54731],[-1.93604,52.55],[-1.93522,52.55206],[-1.9354,52.55285],[-1.93544,52.55334],[-1.93424,52.55389],[-1.93647,52.55686],[-1.93789,52.55861],[-1.94188,52.56049],[-1.93012,52.56023],[-1.92136,52.55692],[-1.91969,52.55645],[-1.91814,52.55699],[-1.91724,52.55671],[-1.91471,52.55525],[-1.91411,52.55039],[-1.91209,52.55185],[-1.90926,52.55285],[-1.90922,52.55321],[-1.90797,52.55326],[-1.90089,52.55465],[-1.89888,52.55579],[-1.89896,52.55632],[-1.89815,52.55608],[-1.88682,52.55347],[-1.86549,52.54927],[-1.85948,52.54825],[-1.85137,52.54408],[-1.84416,52.54074],[-1.83622,52.53672],[-1.83802,52.53452],[-1.84103,52.53165],[-1.84158,52.52823],[-1.84566,52.52766],[-1.85407,52.52714],[-1.85858,52.52546],[-1.85944,52.5246],[-1.85733,52.5205],[-1.85592,52.51591],[-1.85944,52.51016],[-1.85836,52.50948],[-1.85892,52.50896],[-1.86025,52.50896],[-1.86489,52.50731],[-1.8742,52.50285],[-1.88227,52.49937],[-1.88815,52.49268],[-1.8872,52.49146],[-1.88596,52.48991],[-1.88231,52.48626],[-1.88248,52.48571],[-1.87806,52.4816],[-1.8754,52.4769],[-1.87467,52.47355],[-1.87416,52.4728],[-1.87519,52.47225],[-1.87849,52.46825],[-1.87969,52.46835],[-1.87862,52.4711],[-1.87965,52.47287],[-1.88308,52.47455],[-1.88866,52.47572],[-1.89149,52.47645],[-1.89261,52.47713],[-1.89188,52.47813],[-1.89347,52.4786],[-1.90042,52.47468],[-1.90591,52.47298],[-1.91282,52.47227],[-1.91381,52.47175],[-1.91767,52.47259],[-1.91802,52.47342],[-1.91287,52.47622],[-1.91051,52.4781],[-1.90729,52.47996],[-1.90823,52.4816],[-1.91063,52.48226],[-1.91531,52.4826],[-1.91909,52.48464],[-1.9193,52.48508],[-1.9172,52.4879],[-1.91587,52.4918],[-1.91651,52.49321],[-1.91587,52.49514],[-1.91638,52.49587],[-1.91952,52.49901],[-1.92304,52.50084],[-1.92741,52.50191],[-1.93355,52.50314],[-1.94067,52.50444]]]}},{"type":"Feature","properties":{"source_code":"M85082","codes":["M85082"],"label":"HANDSWORTH MEDICAL PRACT."},"geometry":{"type":"Polygon","coordinates":[[[-1.95601,52.50989],[-1.95138,52.50978],[-1.94812,52.51365],[-1.94829,52.5149],[-1.94125,52.51469],[-1.93336,52.51354],[-1.93182,52.51187],[-1.93079,52.50926],[-1.93285,52.50529],[-1.93285,52.5032],[-1.9325,52.49912],[-1.93302,52.49766],[-1.94091,52.49912],[-1.95086,52.50132],[-1.9627,52.50529],[-1.95601,52.50989]]]}},{"type":"Feature","properties":{"source_code":"M85123","codes":["M85123"],"label":"AL-SHAFA MEDICAL CENTRE"},"geometry":{"type":"Polygon","coordinates":[[[-1.93154,52.53147],[-1.83506,52.51518],[-1.8124,52.48382],[-1.856,52.46521],[-1.93153,52.45392],[-1.98647,52.45559],[-1.99814,52.49449],[-1.96449,52.51246],[-1.93154,52.53147]]]}},{"type":"Feature","properties":{"source_code":"M85721","codes":["M85721"],"label":"HOLYHEAD PRIMARY HEALTH CARE CENTRE"},"geometry":{"type":"Polygon","coordinates":[[[-1.99488,52.51841],[-1.97011,52.54048],[-1.93437,52.55376],[-1.90269,52.52667],[-1.84553,52.52207],[-1.80965,52.48529],[-1.80717,52.47049],[-1.83764,52.45988],[-1.86287,52.45078],[-1.94681,52.43561],[-1.97814,52.45146],[-2.01221,52.46229],[-2.01797,52.50478],[-1.99488,52.51841]]]}},{"type":"Feature","properties":{"source_code":"M85634","codes":["M85634"],"label":"HEATHFIELD FAMILY CENTRE"},"geometry":{"type":"Polygon","coordinates":[[[-1.92467,52.54003],[-1.89703,52.5417],[-1.87214,52.53961],[-1.84502,52.51998],[-1.85085,52.49971],[-1.89171,52.49302],[-1.94664,52.50054],[-1.95351,52.50786],[-1.92467,52.54003]]]}},{"type":"Feature","properties":{"source_code":"M85107","codes":["M85107"],"label":"FIRS SURGERY"},"geometry":{"type":"Polygon","coordinates":[[[-1.79214,52.51476],[-1.76639,52.50682],[-1.76604,52.497],[-1.76878,52.49428],[-1.80622,52.48383],[-1.8203,52.48759],[-1.83506,52.49177],[-1.84433,52.49679],[-1.84502,52.50159],[-1.84519,52.50483],[-1.82975,52.51152],[-1.81566,52.51633],[-1.79214,52.51476]]]}},{"type":"Feature","properties":{"source_code":"M89001","codes":["M89001"],"label":"PARKFIELD MEDICAL CENTRE"},"geometry":{"type":"Polygon","coordinates":[[[-1.7367,52.53272],[-1.73086,52.50943],[-1.6937,52.50029],[-1.71215,52.47107],[-1.75627,52.43911],[-1.80862,52.48079],[-1.84811,52.5227],[-1.82811,52.57718],[-1.7367,52.53272]]]}},{"type":"Feature","properties":{"source_code":"M84008","codes":["M84008"],"label":"SPRING HILL MEDICAL CENTRE"},"geometry":{"type":"Polygon","coordinates":[[[-1.66203,52.53335],[-1.53757,52.55851],[-1.45226,52.52938],[-1.46221,52.48215],[-1.5556,52.46354],[-1.62426,52.47609],[-1.66203,52.53335]]]}},{"type":"Feature","properties":{"source_code":"M88626","codes":["M88626"],"label":"DR UI HAQUE N"},"geometry":{"type":"Polygon","coordinates":[[[-2.07504,52.53398],[-2.04208,52.57155],[-1.9669,52.59867],[-1.92638,52.55151],[-1.89617,52.52792],[-1.86733,52.48424],[-1.9463,52.47881],[-2.04483,52.48236],[-2.09393,52.5135],[-2.07504,52.53398]]]}},{"type":"Feature","properties":{"source_code":"M88639","codes":["M88639"],"label":"ST PAULS PARTNERS"},"geometry":{"type":"Polygon","coordinates":[[[-2.0341,52.53747],[-2.01028,52.54575],[-1.99335,52.54811],[-1.98433,52.54303],[-1.98188,52.55865],[-1.96329,52.56362],[-1.9387,52.56573],[-1.92683,52.54542],[-1.96935,52.53486],[-1.971,52.51726],[-1.97484,52.51135],[-1.94831,52.49101],[-1.96743,52.48629],[-1.97951,52.49308],[-2.02148,52.50222],[-2.03874,52.50781],[-2.04912,52.51915],[-2.0341,52.53747]]]}},{"type":"Feature","properties":{"source_code":"M85002","codes":["M85002"],"label":"HANDSWORTH WOOD MED.CTR."},"geometry":{"type":"Polygon","coordinates":[[[-1.90724,52.52667],[-1.90387,52.52468],[-1.90119,52.52238],[-1.89808,52.5146],[-1.90411,52.5092],[-1.91166,52.50532],[-1.91724,52.50253],[-1.92784,52.50212],[-1.93724,52.50324],[-1.94206,52.50387],[-1.94526,52.50563],[-1.95357,52.50828],[-1.96063,52.5111],[-1.95429,52.51422],[-1.95325,52.51849],[-1.94982,52.52985],[-1.94994,52.53661],[-1.9494,52.54329],[-1.94108,52.54474],[-1.9333,52.54554],[-1.92852,52.54561],[-1.9228,52.54577],[-1.91716,52.54525],[-1.90709,52.53707],[-1.90724,52.52667]]]}},{"type":"Feature","properties":{"source_code":"M88618","codes":["M88618"],"label":"WALFORD STREET, TIVIDALE"},"geometry":{"type":"Polygon","coordinates":[[[-2.03975,52.514],[-2.03309,52.51147],[-2.03335,52.51155],[-2.03457,52.51076],[-2.03554,52.5101],[-2.03698,52.50922],[-2.03833,52.50856],[-2.03951,52.50793],[-2.04009,52.50658],[-2.04008,52.50705],[-2.04035,52.5065],[-2.04009,52.50654],[-2.04047,52.50597],[-2.0426,52.50573],[-2.04427,52.50506],[-2.04511,52.50402],[-2.04554,52.50257],[-2.04723,52.50073],[-2.0485,52.50008],[-2.04959,52.50084],[-2.05185,52.50236],[-2.05382,52.50332],[-2.05569,52.50359],[-2.05732,52.5034],[-2.05972,52.50307],[-2.06173,52.50314],[-2.06176,52.50312],[-2.06395,52.50312],[-2.06616,52.50293],[-2.0682,52.50256],[-2.07092,52.50314],[-2.07292,52.50353],[-2.07427,52.50402],[-2.07459,52.50482],[-2.07464,52.50576],[-2.07539,52.50696],[-2.07676,52.5076],[-2.07736,52.50811],[-2.07624,52.50969],[-2.07408,52.5126],[-2.07491,52.51378],[-2.07474,52.51751],[-2.0747,52.51921],[-2.07457,52.52074],[-2.07455,52.52425],[-2.07461,52.52577],[-2.07466,52.526],[-2.07236,52.52781],[-2.06968,52.52634],[-2.06762,52.52455],[-2.06468,52.52395],[-2.06187,52.52298],[-2.05721,52.52191],[-2.05343,52.52056],[-2.05037,52.51905],[-2.04786,52.51796],[-2.0458,52.51699],[-2.04292,52.5157],[-2.04077,52.51471],[-2.03934,52.5142],[-2.03975,52.514]],[[-2.04538,52.50714],[-2.04852,52.50718],[-2.04656,52.50708],[-2.04904,52.50697],[-2.0462,52.50703],[-2.04161,52.50684],[-2.04656,52.50708],[-2.04538,52.50714],[-2.04483,52.50713],[-2.04221,52.50724],[-2.04007,52.50733],[-2.04007,52.50738],[-2.04538,52.50714]],[[-2.06131,52.50334],[-2.06165,52.50317],[-2.0602,52.5034],[-2.06131,52.50334]]]}},{"type":"Feature","properties":{"source_code":"M88628","codes":["M88628"],"label":"DR SINGH M"},"geometry":{"type":"Polygon","coordinates":[[[-1.98132,52.52155],[-1.9693,52.50071],[-1.9829,52.50619],[-2.01324,52.51178],[-2.03075,52.52928],[-2.01859,52.54276],[-1.98522,52.54293],[-1.98749,52.55773],[-1.96139,52.55884],[-1.96649,52.54148],[-1.96996,52.53926],[-1.97106,52.53327],[-1.98127,52.52633],[-1.98132,52.52155]]]}},{"type":"Feature","properties":{"source_code":"Y04882","codes":["Y04882"],"label":"CHAUCER SURGERY"},"geometry":{"type":"Polygon","coordinates":[[[-1.40333,52.50765],[-1.40363,52.5035],[-1.40217,52.49655],[-1.43333,52.49624],[-1.4732,52.49741],[-1.46899,52.50755],[-1.46989,52.51977],[-1.47337,52.52348],[-1.46273,52.52656],[-1.42015,52.5369],[-1.40333,52.50765]]]}},{"type":"Feature","properties":{"source_code":"M85014","codes":["M85014"],"label":"KINGSBURY ROAD MEDICAL CENTRE"},"geometry":{"type":"Polygon","coordinates":[[[-1.86029,52.50953],[-1.82888,52.53356],[-1.79987,52.51946],[-1.83403,52.51006],[-1.86029,52.50953]]]}},{"type":"Feature","properties":{"source_code":"M88625","codes":["M88625"],"label":"ST PAUL'S PARTNERSHIP - LYNG MEDICAL"},"geometry":{"type":"MultiPolygon","coordinates":[[[[-1.98913,52.54157],[-1.98827,52.54209],[-1.9868,52.54228],[-1.98913,52.54157]]],[[[-1.99426,52.54222],[-1.99749,52.54169],[-1.99895,52.5414],[-1.99877,52.54148],[-2.00273,52.54084],[-1.99981,52.54139],[-1.99849,52.54161],[-1.99754,52.54204],[-1.99697,52.54186],[-1.99668,52.54191],[-1.99599,52.54217],[-1.99539,52.54235],[-1.99463,52.54226],[-1.99453,52.54228],[-1.99462,52.54226],[-1.99426,52.54222]]],[[[-1.98353,52.54264],[-1.98397,52.54267],[-1.98393,52.54272],[-1.98353,52.54264]]],[[[-1.98397,52.54267],[-1.98428,52.54228],[-1.98582,52.54241],[-1.9868,52.54228],[-1.98531,52.54274],[-1.98397,52.54267]]],[[[-1.96872,52.54875],[-1.96814,52.54773],[-1.97243,52.54675],[-1.96839,52.5474],[-1.96787,52.54296],[-1.96797,52.54784],[-1.96711,52.54611],[-1.96715,52.54324],[-1.96784,52.54131],[-1.96785,52.54183],[-1.97063,52.53959],[-1.97072,52.52097],[-1.97239,52.51724],[-1.97173,52.52131],[-1.97303,52.51499],[-1.97638,52.5127],[-1.98265,52.5158],[-1.9811,52.51528],[-1.98279,52.51618],[-1.98269,52.51622],[-1.9828,52.51619],[-1.98279,52.51618],[-1.98293,52.51613],[-1.98873,52.51186],[-1.98923,52.51109],[-1.98918,52.51123],[-1.98957,52.51056],[-1.98923,52.51109],[-1.98943,52.5105],[-1.99024,52.50943],[-1.99054,52.50891],[-1.99062,52.50891],[-1.99076,52.50873],[-1.99064,52.50892],[-1.99355,52.50909],[-1.99852,52.50888],[-2.00355,52.50904],[-2.00642,52.51011],[-2.0078,52.51114],[-2.00779,52.51113],[-2.00781,52.51115],[-2.00792,52.51123],[-2.00791,52.51124],[-2.00964,52.5128],[-2.01239,52.51497],[-2.01541,52.51715],[-2.01556,52.51724],[-2.01556,52.51725],[-2.02088,52.52108],[-2.02457,52.5216],[-2.02256,52.52413],[-2.01955,52.52583],[-2.01687,52.5269],[-2.01565,52.52755],[-2.01685,52.52792],[-2.01633,52.52817],[-2.0156,52.52753],[-2.01674,52.52695],[-2.0117,52.52896],[-2.01526,52.52795],[-2.0011,52.53562],[-2.01633,52.52817],[-2.01766,52.52933],[-2.01797,52.53094],[-2.01908,52.53011],[-2.01895,52.53116],[-2.02063,52.53022],[-2.02256,52.53063],[-2.0217,52.53215],[-2.02106,52.53278],[-2.01861,52.53432],[-2.0186,52.53426],[-2.01775,52.53552],[-2.01702,52.53745],[-2.01256,52.53711],[-2.01083,52.53701],[-2.01114,52.5369],[-2.00998,52.5369],[-2.01381,52.53404],[-2.00788,52.53737],[-2.00973,52.53653],[-2.00847,52.53727],[-2.0102,52.53698],[-2.01083,52.53701],[-2.00902,52.53767],[-2.00357,52.54015],[-2.00269,52.54066],[-1.99895,52.5414],[-2.00214,52.53996],[-1.99606,52.54187],[-1.99147,52.54075],[-1.99103,52.54083],[-1.99316,52.54209],[-1.99426,52.54222],[-1.9932,52.54239],[-1.99097,52.541],[-1.98913,52.54157],[-1.9896,52.54128],[-1.99071,52.54088],[-1.9823,52.54235],[-1.98226,52.5424],[-1.98353,52.54264],[-1.9829,52.54261],[-1.98096,52.54479],[-1.98102,52.54478],[-1.97994,52.54622],[-1.97874,52.54687],[-1.97526,52.54739],[-1.97303,52.54831],[-1.96979,52.54957],[-1.96872,52.54875]]],[[[-1.98095,52.5448],[-1.98136,52.54403],[-1.98129,52.54359],[-1.98015,52.54498],[-1.98095,52.5448]]],[[[-1.97081,52.53945],[-1.97109,52.52524],[-1.97076,52.52729],[-1.97063,52.53959],[-1.97081,52.53945]]],[[[-2.01857,52.53418],[-2.01803,52.5344],[-2.01859,52.5342],[-2.01858,52.53414],[-2.01857,52.53418]]],[[[-2.00938,52.5128],[-2.0079,52.51125],[-2.00757,52.5115],[-2.00938,52.5128]]],[[[-1.96872,52.54875],[-1.96896,52.54917],[-1.96943,52.54974],[-1.96784,52.54807],[-1.96872,52.54875]]]]}},{"type":"Feature","properties":{"source_code":"M84003","codes":["M84003"],"label":"ARBURY MEDICAL CENTRE"},"geometry":{"type":"MultiPolygon","coordinates":[[[[-1.57012,52.50429],[-1.57021,52.50423],[-1.57012,52.50429],[-1.57012,52.50429]]],[[[-1.57012,52.50429],[-1.57038,52.50433],[-1.57227,52.50563],[-1.56695,52.50663],[-1.57012,52.50429]]],[[[-1.55769,52.50785],[-1.56051,52.50738],[-1.56042,52.50753],[-1.55747,52.5088],[-1.55559,52.50924],[-1.55769,52.50785]]],[[[-1.55465,52.50947],[-1.54936,52.51072],[-1.55657,52.50846],[-1.55465,52.50947]]],[[[-1.55465,52.50947],[-1.55559,52.50924],[-1.55406,52.51026],[-1.54916,52.51236],[-1.55465,52.50947]]],[[[-1.53102,52.51508],[-1.54936,52.51072],[-1.53426,52.51547],[-1.53102,52.51508]]],[[[-1.54022,52.51619],[-1.54916,52.51236],[-1.54157,52.51635],[-1.54022,52.51619]]],[[[-1.54436,52.51669],[-1.55406,52.51026],[-1.55747,52.5088],[-1.56,52.5082],[-1.55398,52.51519],[-1.54554,52.51683],[-1.54436,52.51669]]],[[[-1.53426,52.51547],[-1.54022,52.51619],[-1.53706,52.51754],[-1.53658,52.51687],[-1.53246,52.51603],[-1.53426,52.51547]]],[[[-1.55191,52.5176],[-1.55398,52.51519],[-1.55619,52.51476],[-1.5561,52.51493],[-1.55216,52.51762],[-1.55191,52.5176]]],[[[-1.55216,52.51762],[-1.5523,52.51764],[-1.55199,52.51774],[-1.55216,52.51762]]],[[[-1.55172,52.51783],[-1.55199,52.51774],[-1.5519,52.5178],[-1.55168,52.51787],[-1.55172,52.51783]]],[[[-1.52817,52.51647],[-1.52756,52.5159],[-1.52856,52.51566],[-1.53606,52.51796],[-1.53706,52.51754],[-1.53726,52.51781],[-1.53358,52.5189],[-1.52817,52.51647]]],[[[-1.53726,52.51781],[-1.54078,52.51676],[-1.54157,52.51635],[-1.54436,52.51669],[-1.54357,52.51721],[-1.54318,52.51728],[-1.5388,52.51993],[-1.53726,52.51781]]],[[[-1.5388,52.51993],[-1.53881,52.51995],[-1.53469,52.5224],[-1.5388,52.51993]]],[[[-1.53497,52.52291],[-1.54357,52.51721],[-1.54554,52.51683],[-1.55191,52.5176],[-1.55172,52.51783],[-1.53847,52.52204],[-1.53864,52.52204],[-1.53521,52.52313],[-1.53497,52.52291]]],[[[-1.55769,52.50785],[-1.51813,52.51441],[-1.52533,52.51579],[-1.52569,52.5158],[-1.52594,52.51446],[-1.53102,52.51508],[-1.52856,52.51566],[-1.52671,52.51509],[-1.52756,52.5159],[-1.5268,52.51608],[-1.52659,52.51604],[-1.52675,52.51609],[-1.5268,52.51608],[-1.52766,52.51624],[-1.52817,52.51647],[-1.52834,52.51663],[-1.52912,52.5169],[-1.53083,52.51828],[-1.53354,52.51956],[-1.53345,52.52148],[-1.53497,52.52291],[-1.53392,52.5236],[-1.53898,52.52204],[-1.53864,52.52204],[-1.55168,52.51787],[-1.55151,52.51807],[-1.5519,52.5178],[-1.55236,52.51765],[-1.5523,52.51764],[-1.55408,52.51707],[-1.55502,52.51676],[-1.5561,52.51493],[-1.5564,52.51473],[-1.55619,52.51476],[-1.56042,52.50753],[-1.56094,52.50731],[-1.56051,52.50738],[-1.56266,52.5037],[-1.56661,52.50376],[-1.57012,52.50429],[-1.56523,52.50767],[-1.55846,52.51279],[-1.55502,52.51781],[-1.54962,52.5224],[-1.54121,52.5246],[-1.53727,52.52454],[-1.53383,52.527],[-1.528,52.53154],[-1.52766,52.53347],[-1.52688,52.53504],[-1.52543,52.53692],[-1.5111,52.5365],[-1.50724,52.53608],[-1.4996,52.53546],[-1.49763,52.53452],[-1.4887,52.53086],[-1.4809,52.52924],[-1.48579,52.5258],[-1.49068,52.52464],[-1.49002,52.52439],[-1.48732,52.52537],[-1.48575,52.52565],[-1.48367,52.52405],[-1.48204,52.52254],[-1.48303,52.52194],[-1.48421,52.52127],[-1.47964,52.51813],[-1.47732,52.5164],[-1.4762,52.5157],[-1.475,52.51494],[-1.47444,52.5145],[-1.47474,52.51379],[-1.47556,52.5135],[-1.47637,52.51319],[-1.47916,52.51288],[-1.47877,52.51108],[-1.48013,52.51096],[-1.48111,52.51029],[-1.48277,52.51019],[-1.48427,52.51168],[-1.48732,52.5111],[-1.48893,52.51243],[-1.4923,52.51246],[-1.49247,52.51255],[-1.48587,52.50668],[-1.49831,52.50475],[-1.51573,52.50799],[-1.52294,52.50773],[-1.54113,52.50752],[-1.55811,52.50757],[-1.55769,52.50785]]],[[[-1.49505,52.51256],[-1.49672,52.51267],[-1.49813,52.51309],[-1.49913,52.51309],[-1.49891,52.51305],[-1.49583,52.51248],[-1.49505,52.51256]]],[[[-1.49324,52.51297],[-1.49371,52.51269],[-1.49288,52.51278],[-1.49324,52.51297]]],[[[-1.50448,52.51494],[-1.5049,52.51513],[-1.50732,52.51507],[-1.50733,52.51502],[-1.50715,52.51499],[-1.50448,52.51494],[-1.50132,52.51347],[-1.50057,52.51334],[-1.50114,52.51353],[-1.50109,52.51507],[-1.50418,52.51515],[-1.50481,52.51513],[-1.50157,52.51488],[-1.50448,52.51494]]],[[[-1.51628,52.5157],[-1.52483,52.51579],[-1.51762,52.51551],[-1.50941,52.51535],[-1.50942,52.51544],[-1.51628,52.5157]]]]}},{"type":"Feature","properties":{"source_code":"M88619","codes":["M88619"],"label":"DR ARORA RK"},"geometry":{"type":"Polygon","coordinates":[[[-2.03223,52.53162],[-2.03231,52.53122],[-2.03024,52.53147],[-2.03036,52.53203],[-2.03223,52.53162],[-2.03144,52.53552],[-2.03065,52.5334],[-2.0311,52.53554],[-2.00844,52.55799],[-2.00734,52.55536],[-2.00706,52.55799],[-1.97981,52.55144],[-1.97983,52.55142],[-1.97741,52.55183],[-1.97162,52.55279],[-1.97075,52.53864],[-1.97016,52.5392],[-1.97119,52.5345],[-1.97067,52.52217],[-1.97565,52.51277],[-1.97411,52.51486],[-1.97594,52.51142],[-1.97398,52.51238],[-1.97692,52.50904],[-1.97737,52.50786],[-1.97815,52.50764],[-1.97853,52.50721],[-1.98166,52.50606],[-1.98518,52.5058],[-1.98669,52.50594],[-1.98649,52.50546],[-1.98886,52.50642],[-1.99076,52.5065],[-1.99131,52.50741],[-2.00947,52.51476],[-2.03299,52.52771],[-2.03298,52.52794],[-2.03303,52.52768],[-2.03552,52.53092],[-2.03223,52.53162]],[[-1.99218,52.51909],[-1.99027,52.51453],[-1.9881,52.51901],[-1.99218,52.51909]],[[-1.98685,52.50634],[-1.98677,52.50614],[-1.98642,52.50632],[-1.98685,52.50634]],[[-1.97144,52.538],[-1.97247,52.53892],[-1.97263,52.53688],[-1.97144,52.538]],[[-2.00191,52.54337],[-2.00237,52.54347],[-2.00105,52.54031],[-2.00191,52.54337]],[[-1.98559,52.54577],[-1.98425,52.54708],[-1.98186,52.54729],[-1.983,52.54831],[-1.98425,52.54708],[-1.98852,52.54671],[-1.98559,52.54577],[-1.98612,52.54525],[-1.98398,52.54525],[-1.98559,52.54577]]]}},{"type":"Feature","properties":{"source_code":"M88038","codes":["M88038"],"label":"LINKWAY MEDICAL PRACTICE"},"geometry":{"type":"Polygon","coordinates":[[[-2.0156,52.53743],[-2.01857,52.54284],[-2.0127,52.54474],[-2.00666,52.5459],[-1.99427,52.54794],[-1.97162,52.55188],[-1.96766,52.54744],[-1.96705,52.54489],[-1.96756,52.54233],[-1.97097,52.53173],[-1.97095,52.52147],[-1.97385,52.51121],[-1.97835,52.49997],[-1.97261,52.49696],[-1.97995,52.49155],[-1.98177,52.49018],[-1.98754,52.49122],[-1.99627,52.49737],[-2.00077,52.50199],[-2.00664,52.5028],[-2.01324,52.50839],[-2.01771,52.50888],[-2.01788,52.51441],[-2.02112,52.51657],[-2.02367,52.51878],[-2.03279,52.52205],[-2.03258,52.52459],[-2.03443,52.52728],[-2.04097,52.52824],[-2.03139,52.5317],[-2.02999,52.53591],[-2.02395,52.53845],[-2.01995,52.53781],[-2.0156,52.53743]]]}},{"type":"Feature","properties":{"source_code":"M88646","codes":["M88646"],"label":"DR DEWAN VK"},"geometry":{"type":"Polygon","coordinates":[[[-1.97445,52.50752],[-1.98415,52.50687],[-1.99204,52.50833],[-2.00337,52.50878],[-2.00698,52.51],[-2.01144,52.51397],[-2.02067,52.52087],[-2.02273,52.52411],[-2.01932,52.52613],[-2.01496,52.52776],[-2.01037,52.52985],[-2.01106,52.53332],[-2.01024,52.53502],[-2.00904,52.53719],[-2.00273,52.54016],[-1.99934,52.53969],[-1.99586,52.53891],[-1.99299,52.5381],[-1.9908,52.53719],[-1.98479,52.53458],[-1.97801,52.53422],[-1.9711,52.53479],[-1.97284,52.51668],[-1.97441,52.51317],[-1.97445,52.50752]]]}},{"type":"Feature","properties":{"source_code":"M85001","codes":["M85001"],"label":"SHAH ZAMAN SURGERY"},"geometry":{"type":"MultiPolygon","coordinates":[[[[-1.78404,52.54498],[-1.78414,52.54567],[-1.78356,52.54567],[-1.78404,52.54498]]],[[[-1.78414,52.54567],[-1.78437,52.54567],[-1.78425,52.5465],[-1.78414,52.54567]]],[[[-1.78437,52.54567],[-1.78459,52.54421],[-1.78404,52.54498],[-1.78391,52.544],[-1.77334,52.54436],[-1.77223,52.54517],[-1.77199,52.54441],[-1.77155,52.54442],[-1.76983,52.54108],[-1.76637,52.53843],[-1.75919,52.53711],[-1.75781,52.53168],[-1.75644,52.52416],[-1.75663,52.52264],[-1.75644,52.52186],[-1.75713,52.51831],[-1.75678,52.51288],[-1.7609,52.50661],[-1.76331,52.50389],[-1.76846,52.50055],[-1.77326,52.50055],[-1.7791,52.49846],[-1.78596,52.49804],[-1.79008,52.49783],[-1.79386,52.49658],[-1.80073,52.49658],[-1.80588,52.49658],[-1.81618,52.49783],[-1.82064,52.49888],[-1.82819,52.50222],[-1.83128,52.50536],[-1.83362,52.51091],[-1.83815,52.51539],[-1.83884,52.52082],[-1.83894,52.52153],[-1.84021,52.52395],[-1.83987,52.52792],[-1.83918,52.53168],[-1.83884,52.53377],[-1.83712,52.53732],[-1.83094,52.54003],[-1.82988,52.54081],[-1.83678,52.53878],[-1.83197,52.54212],[-1.82339,52.54588],[-1.81583,52.5488],[-1.79695,52.55047],[-1.80467,52.5482],[-1.80279,52.54671],[-1.79832,52.54671],[-1.79455,52.5465],[-1.79111,52.54567],[-1.78437,52.54567]]]]}},{"type":"Feature","properties":{"source_code":"M85079","codes":["M85079"],"label":"EDEN COURT MEDICAL PRACTICE"},"geometry":{"type":"Polygon","coordinates":[[[-1.77412,52.518],[-1.77549,52.51768],[-1.79678,52.51173],[-1.79352,52.50347],[-1.81875,52.49355],[-1.82871,52.4994],[-1.83043,52.50567],[-1.80244,52.50943],[-1.80639,52.51716],[-1.81978,52.51664],[-1.80725,52.52291],[-1.80124,52.52646],[-1.80038,52.537],[-1.77687,52.53095],[-1.76846,52.52813],[-1.7676,52.52447],[-1.77567,52.5228],[-1.77412,52.518]]]}},{"type":"Feature","properties":{"source_code":"Y04884","codes":["Y04884"],"label":"SATIS HOUSE"},"geometry":{"type":"Polygon","coordinates":[[[-1.74165,52.51915],[-1.70296,52.49783],[-1.70222,52.49809],[-1.70195,52.49795],[-1.73568,52.49168],[-1.79849,52.51369],[-1.77688,52.53298],[-1.72598,52.53986],[-1.67287,52.53777],[-1.65934,52.51344],[-1.70222,52.49809],[-1.74165,52.51915]]]}},{"type":"Feature","properties":{"source_code":"M84051","codes":["M84051"],"label":"OLD MILL SURGERY"},"geometry":{"type":"MultiPolygon","coordinates":[[[[-1.49328,52.50073],[-1.49404,52.50071],[-1.49439,52.50083],[-1.49328,52.50073]]],[[[-1.49441,52.50084],[-1.49439,52.50083],[-1.49448,52.50084],[-1.49441,52.50084]]],[[[-1.53489,52.52155],[-1.53378,52.51989],[-1.53554,52.52197],[-1.53489,52.52155]]],[[[-1.42745,52.52416],[-1.42719,52.52155],[-1.4268,52.52063],[-1.427,52.51926],[-1.42624,52.51845],[-1.42682,52.5178],[-1.42726,52.5172],[-1.42685,52.51682],[-1.42689,52.51641],[-1.42674,52.51613],[-1.42679,52.51571],[-1.42695,52.51526],[-1.42673,52.51501],[-1.42721,52.5148],[-1.42712,52.51418],[-1.42712,52.51366],[-1.42767,52.51298],[-1.4277,52.51292],[-1.42768,52.51295],[-1.42786,52.51265],[-1.42796,52.51252],[-1.42802,52.51243],[-1.42821,52.50918],[-1.42347,52.50662],[-1.42276,52.50322],[-1.42492,52.50255],[-1.43043,52.49996],[-1.43441,52.49826],[-1.43788,52.49959],[-1.44091,52.50155],[-1.43717,52.50267],[-1.43506,52.50587],[-1.44146,52.50777],[-1.44555,52.50537],[-1.44454,52.50152],[-1.44954,52.5007],[-1.45305,52.49994],[-1.45261,52.50205],[-1.45412,52.50437],[-1.45867,52.50396],[-1.46435,52.50351],[-1.46826,52.50015],[-1.47315,52.49761],[-1.47445,52.49743],[-1.47746,52.4958],[-1.4797,52.49438],[-1.48017,52.49482],[-1.48053,52.49609],[-1.48303,52.49591],[-1.48362,52.49631],[-1.48458,52.49656],[-1.48574,52.4993],[-1.48892,52.50011],[-1.49197,52.5006],[-1.49328,52.50073],[-1.49256,52.50074],[-1.49441,52.50084],[-1.49535,52.50116],[-1.49525,52.50106],[-1.49587,52.50133],[-1.4963,52.5017],[-1.49671,52.50211],[-1.49737,52.50268],[-1.49795,52.50288],[-1.49882,52.50316],[-1.4992,52.50378],[-1.50011,52.50431],[-1.50087,52.50504],[-1.50222,52.50582],[-1.50506,52.50686],[-1.50615,52.51504],[-1.51748,52.51592],[-1.51804,52.51585],[-1.51838,52.51598],[-1.5189,52.51596],[-1.51918,52.51605],[-1.51933,52.51596],[-1.51987,52.51599],[-1.52032,52.51605],[-1.52071,52.51614],[-1.52233,52.51623],[-1.52347,52.51646],[-1.52483,52.51648],[-1.52539,52.51637],[-1.52755,52.51663],[-1.5292,52.5165],[-1.53019,52.5166],[-1.53166,52.51631],[-1.53251,52.51744],[-1.53236,52.51808],[-1.53297,52.51904],[-1.53377,52.51991],[-1.53266,52.5201],[-1.53489,52.52155],[-1.53701,52.52471],[-1.53357,52.52672],[-1.53081,52.52895],[-1.52879,52.53057],[-1.52848,52.53162],[-1.52719,52.53413],[-1.52665,52.53518],[-1.52526,52.53602],[-1.52468,52.53715],[-1.52325,52.53723],[-1.523,52.53839],[-1.52233,52.53998],[-1.51985,52.54205],[-1.51927,52.54484],[-1.51813,52.54516],[-1.51998,52.5455],[-1.51732,52.54565],[-1.51662,52.54735],[-1.51645,52.54805],[-1.51062,52.54844],[-1.50895,52.54887],[-1.50727,52.54856],[-1.50203,52.5486],[-1.4847,52.54525],[-1.47474,52.53831],[-1.44758,52.54361],[-1.42033,52.53674],[-1.42745,52.52416]]]]}},{"type":"Feature","properties":{"source_code":"M84001","codes":["M84001"],"label":"RED ROOFS SURGERY"},"geometry":{"type":"MultiPolygon","coordinates":[[[[-1.48743,52.51033],[-1.48745,52.51034],[-1.48754,52.51055],[-1.48743,52.51033]]],[[[-1.48754,52.51055],[-1.48777,52.51105],[-1.48771,52.51097],[-1.48754,52.51055]]],[[[-1.48777,52.51105],[-1.48798,52.51134],[-1.48799,52.51158],[-1.48789,52.51131],[-1.48777,52.51105]]],[[[-1.48799,52.51158],[-1.48802,52.51168],[-1.48799,52.51166],[-1.48799,52.51158]]],[[[-1.42067,52.53664],[-1.42303,52.53425],[-1.42551,52.53186],[-1.42922,52.52997],[-1.43691,52.52816],[-1.43684,52.52464],[-1.43773,52.52278],[-1.43875,52.52146],[-1.44088,52.52029],[-1.44232,52.51799],[-1.44382,52.51812],[-1.44441,52.51678],[-1.44463,52.51502],[-1.44048,52.51504],[-1.4372,52.51484],[-1.43736,52.51403],[-1.43759,52.51355],[-1.43763,52.51267],[-1.43749,52.5118],[-1.43618,52.51122],[-1.43368,52.51075],[-1.43096,52.51086],[-1.43047,52.51169],[-1.43053,52.51256],[-1.43043,52.51322],[-1.42956,52.51343],[-1.42616,52.51292],[-1.42265,52.51229],[-1.41879,52.51103],[-1.42047,52.50901],[-1.42157,52.50796],[-1.42306,52.5072],[-1.42254,52.50535],[-1.42222,52.50336],[-1.42272,52.50182],[-1.42646,52.50229],[-1.42729,52.50118],[-1.42883,52.50017],[-1.43077,52.49945],[-1.43403,52.4983],[-1.44513,52.49933],[-1.45047,52.50021],[-1.4514,52.50206],[-1.45299,52.50514],[-1.4614,52.50372],[-1.46729,52.50351],[-1.46759,52.50055],[-1.47069,52.4985],[-1.47659,52.49519],[-1.48172,52.49632],[-1.48218,52.49737],[-1.483,52.5011],[-1.48586,52.50248],[-1.48637,52.50356],[-1.48587,52.50458],[-1.48577,52.50561],[-1.4868,52.50658],[-1.48482,52.50772],[-1.48514,52.50809],[-1.4852,52.50917],[-1.48671,52.50972],[-1.48743,52.51032],[-1.48743,52.51033],[-1.48692,52.50991],[-1.48752,52.51059],[-1.48753,52.51087],[-1.48809,52.51187],[-1.48802,52.51168],[-1.48846,52.51191],[-1.48884,52.51254],[-1.49018,52.51241],[-1.49308,52.5126],[-1.49809,52.51283],[-1.50294,52.51294],[-1.50294,52.51429],[-1.50296,52.51549],[-1.50114,52.5155],[-1.50114,52.51724],[-1.50119,52.5176],[-1.50126,52.51798],[-1.50107,52.51836],[-1.50115,52.51981],[-1.50133,52.5211],[-1.50127,52.52154],[-1.5004,52.52155],[-1.49969,52.52162],[-1.49955,52.5219],[-1.49939,52.52223],[-1.49923,52.5226],[-1.498,52.52301],[-1.49789,52.52326],[-1.49846,52.52344],[-1.49912,52.5237],[-1.49931,52.52411],[-1.49993,52.52435],[-1.49983,52.52489],[-1.49808,52.52534],[-1.49555,52.52496],[-1.49409,52.52508],[-1.49289,52.52521],[-1.49026,52.52499],[-1.48914,52.52549],[-1.48707,52.5259],[-1.48673,52.52703],[-1.4835,52.52814],[-1.48204,52.52854],[-1.48071,52.52928],[-1.47842,52.52871],[-1.47594,52.52963],[-1.47408,52.53017],[-1.47249,52.53001],[-1.47372,52.5295],[-1.47102,52.52901],[-1.47061,52.53021],[-1.46927,52.52943],[-1.46601,52.52872],[-1.46306,52.52792],[-1.46302,52.52978],[-1.46419,52.53136],[-1.46543,52.53224],[-1.46651,52.53234],[-1.46852,52.53225],[-1.46981,52.53245],[-1.47078,52.53279],[-1.46917,52.53375],[-1.46896,52.53514],[-1.4691,52.53668],[-1.47021,52.53713],[-1.47016,52.53773],[-1.47109,52.53856],[-1.47022,52.53882],[-1.46672,52.53966],[-1.46595,52.53982],[-1.46557,52.53892],[-1.46464,52.53901],[-1.4634,52.53924],[-1.46245,52.53934],[-1.46054,52.53958],[-1.45954,52.53927],[-1.46061,52.53919],[-1.46042,52.53822],[-1.4605,52.53746],[-1.4598,52.53694],[-1.46057,52.53687],[-1.46068,52.53605],[-1.45999,52.5353],[-1.45938,52.53437],[-1.45806,52.53459],[-1.45716,52.53475],[-1.45649,52.53489],[-1.45605,52.53458],[-1.45508,52.53477],[-1.45426,52.53492],[-1.45354,52.53493],[-1.45272,52.53481],[-1.45261,52.53469],[-1.45205,52.53525],[-1.45172,52.53583],[-1.45145,52.53637],[-1.45097,52.53774],[-1.45058,52.53877],[-1.45025,52.53935],[-1.44986,52.53993],[-1.44962,52.54048],[-1.4494,52.54099],[-1.4491,52.5415],[-1.44828,52.54258],[-1.44809,52.54271],[-1.44796,52.54284],[-1.44771,52.54314],[-1.4473,52.54367],[-1.44703,52.544],[-1.44672,52.54439],[-1.44652,52.54473],[-1.44636,52.54493],[-1.44616,52.54532],[-1.44592,52.54534],[-1.44657,52.54436],[-1.44737,52.54336],[-1.44784,52.54263],[-1.44544,52.54155],[-1.44395,52.5408],[-1.44234,52.54015],[-1.44089,52.53989],[-1.43958,52.54001],[-1.43776,52.5394],[-1.43671,52.53919],[-1.43691,52.53844],[-1.43811,52.5368],[-1.4386,52.53622],[-1.43903,52.53559],[-1.43953,52.53448],[-1.43776,52.53406],[-1.43638,52.53401],[-1.43602,52.5337],[-1.43523,52.5334],[-1.43366,52.53313],[-1.43245,52.53138],[-1.43196,52.53225],[-1.43112,52.53069],[-1.42941,52.53133],[-1.42887,52.53143],[-1.42802,52.53162],[-1.42683,52.53147],[-1.42624,52.53171],[-1.42511,52.53274],[-1.4246,52.5332],[-1.4241,52.53369],[-1.42362,52.53409],[-1.42315,52.53452],[-1.42282,52.53491],[-1.42247,52.53524],[-1.42218,52.53548],[-1.42194,52.53574],[-1.42163,52.53601],[-1.42139,52.53626],[-1.42122,52.53639],[-1.42067,52.53664]]]]}},{"type":"Feature","properties":{"source_code":"M84041","codes":["M84041"],"label":"RIVERSLEY ROAD SURGERY"},"geometry":{"type":"MultiPolygon","coordinates":[[[[-1.45031,52.50047],[-1.45032,52.50047],[-1.45163,52.50273],[-1.45031,52.50047]]],[[[-1.45031,52.50047],[-1.44683,52.49996],[-1.45015,52.50052],[-1.45185,52.5032],[-1.45318,52.50467],[-1.45297,52.50509],[-1.45362,52.50551],[-1.45493,52.50635],[-1.45576,52.50635],[-1.4566,52.50567],[-1.45775,52.50472],[-1.45875,52.5055],[-1.46061,52.50487],[-1.46623,52.5036],[-1.47931,52.50478],[-1.49821,52.51303],[-1.50871,52.51429],[-1.50969,52.51585],[-1.51001,52.51765],[-1.50957,52.51924],[-1.50852,52.52242],[-1.50813,52.52303],[-1.50765,52.5235],[-1.50408,52.52426],[-1.50051,52.52492],[-1.4987,52.52517],[-1.49701,52.5253],[-1.49362,52.52513],[-1.49207,52.52496],[-1.491,52.52472],[-1.49044,52.52439],[-1.48971,52.52432],[-1.48868,52.52481],[-1.48494,52.5275],[-1.48233,52.52828],[-1.48092,52.52929],[-1.47844,52.53083],[-1.47438,52.53637],[-1.47701,52.54094],[-1.47175,52.54536],[-1.46727,52.54748],[-1.46378,52.5472],[-1.46073,52.54684],[-1.45781,52.54703],[-1.45191,52.54854],[-1.4505,52.54797],[-1.44674,52.54663],[-1.44286,52.54513],[-1.43921,52.5438],[-1.43526,52.54235],[-1.43112,52.54082],[-1.42732,52.53947],[-1.42327,52.53802],[-1.42175,52.53741],[-1.41998,52.53685],[-1.42672,52.53084],[-1.43655,52.52781],[-1.43696,52.52462],[-1.43857,52.52173],[-1.44185,52.51958],[-1.44347,52.51901],[-1.44454,52.51806],[-1.44488,52.51733],[-1.44488,52.51651],[-1.44483,52.51578],[-1.44506,52.51508],[-1.44389,52.51441],[-1.44201,52.51475],[-1.43889,52.51495],[-1.43811,52.51477],[-1.43759,52.51452],[-1.42992,52.51202],[-1.43003,52.51085],[-1.43041,52.51033],[-1.43056,52.50975],[-1.42883,52.50872],[-1.42721,52.50812],[-1.42634,52.50763],[-1.42567,52.50752],[-1.4245,52.50719],[-1.42368,52.50679],[-1.42219,52.50291],[-1.42283,52.50248],[-1.42352,52.50206],[-1.42678,52.50251],[-1.42689,52.50227],[-1.42703,52.50179],[-1.42736,52.50128],[-1.43406,52.49783],[-1.4464,52.49989],[-1.45029,52.50044],[-1.45031,52.50047]]]]}},{"type":"Feature","properties":{"source_code":"M85145","codes":["M85145"],"label":"THE SLIEVE SURGERY"},"geometry":{"type":"Polygon","coordinates":[[[-1.9405,52.53233],[-1.92998,52.53225],[-1.92583,52.53317],[-1.92134,52.53289],[-1.9168,52.52879],[-1.91831,52.52854],[-1.92136,52.52494],[-1.91171,52.51572],[-1.92368,52.51246],[-1.92911,52.51292],[-1.9336,52.51379],[-1.94316,52.51486],[-1.9427,52.51716],[-1.94168,52.52398],[-1.94238,52.52912],[-1.9405,52.53233]]]}},{"type":"Feature","properties":{"source_code":"M85063","codes":["M85063"],"label":"MIDLANDS MEDICAL PARTNERSHIP"},"geometry":{"type":"MultiPolygon","coordinates":[[[[-1.79764,52.45308],[-1.80313,52.4422],[-1.81618,52.44304],[-1.81137,52.42964],[-1.80725,52.41875],[-1.81686,52.42043],[-1.83197,52.42085],[-1.83403,52.42336],[-1.84021,52.43299],[-1.83746,52.44806],[-1.82922,52.45266],[-1.82854,52.4627],[-1.8045,52.46061],[-1.80176,52.45768],[-1.79764,52.45308]]],[[[-1.90681,52.4108],[-1.93016,52.40535],[-1.93497,52.40786],[-1.92673,52.41122],[-1.92535,52.43425],[-1.91917,52.43634],[-1.9178,52.44178],[-1.90887,52.4422],[-1.90269,52.44387],[-1.88698,52.46715],[-1.86038,52.46145],[-1.84039,52.44806],[-1.8458,52.43629],[-1.88484,52.4288],[-1.89377,52.4288],[-1.89583,52.42043],[-1.90681,52.4108]]],[[[-1.89308,52.58011],[-1.88735,52.57737],[-1.88416,52.57802],[-1.88004,52.56911],[-1.87143,52.56184],[-1.86845,52.56056],[-1.8361,52.5578],[-1.81206,52.563],[-1.80399,52.56215],[-1.78869,52.56425],[-1.76868,52.54198],[-1.76811,52.54212],[-1.76811,52.54134],[-1.7482,52.51915],[-1.76193,52.51915],[-1.79085,52.51402],[-1.7894,52.51162],[-1.83884,52.50285],[-1.87111,52.51789],[-1.8766,52.53251],[-1.88484,52.53126],[-1.90132,52.54045],[-1.91643,52.55423],[-1.91917,52.56007],[-1.91299,52.56425],[-1.91299,52.57218],[-1.88936,52.57697],[-1.89308,52.58011]]]]}},{"type":"Feature","properties":{"source_code":"M84055","codes":["M84055"],"label":"STOCKINGFORD MEDICAL CENTRE"},"geometry":{"type":"Polygon","coordinates":[[[-1.49564,52.52168],[-1.49221,52.5216],[-1.48719,52.52155],[-1.48487,52.52084],[-1.47897,52.51691],[-1.4747,52.51408],[-1.47865,52.51296],[-1.48723,52.51288],[-1.48908,52.51301],[-1.4929,52.51272],[-1.50071,52.51553],[-1.50174,52.52105],[-1.49659,52.52123],[-1.49564,52.52168]]]}},{"type":"Feature","properties":{"source_code":"M84621","codes":["M84621"],"label":"QUEENS ROAD SURGERY"},"geometry":{"type":"Polygon","coordinates":[[[-1.47268,52.52708],[-1.47087,52.52531],[-1.47086,52.52531],[-1.47088,52.52533],[-1.46517,52.52513],[-1.46367,52.52432],[-1.4626,52.52199],[-1.46455,52.52116],[-1.4668,52.5208],[-1.46682,52.52082],[-1.46732,52.52081],[-1.46708,52.5161],[-1.47157,52.51191],[-1.48452,52.52103],[-1.48459,52.52099],[-1.48444,52.52095],[-1.4847,52.52097],[-1.48457,52.52107],[-1.48466,52.52113],[-1.48449,52.52113],[-1.48236,52.52276],[-1.47851,52.52498],[-1.47863,52.52497],[-1.47569,52.5277],[-1.47268,52.52708]],[[-1.4785,52.52498],[-1.47871,52.52484],[-1.47847,52.52498],[-1.4785,52.52498]],[[-1.48401,52.52137],[-1.48438,52.52113],[-1.48434,52.52112],[-1.48401,52.52137]]]}},{"type":"Feature","properties":{"source_code":"M88600","codes":["M88600"],"label":"THE VICTORIA SURGERY"},"geometry":{"type":"Polygon","coordinates":[[[-2.0087,52.53023],[-2.01874,52.51476],[-2.05689,52.50284],[-2.05873,52.5018],[-2.10903,52.53627],[-2.06732,52.54264],[-2.00689,52.53126],[-2.0087,52.53023]],[[-2.02773,52.51943],[-2.01942,52.51497],[-2.00873,52.53021],[-2.02773,52.51943]]]}},{"type":"Feature","properties":{"source_code":"M85716","codes":["M85716"],"label":"DR KHUROO'S PRACTICE"},"geometry":{"type":"Polygon","coordinates":[[[-1.86012,52.50933],[-1.87334,52.53763],[-1.83609,52.537],[-1.82974,52.53283],[-1.80073,52.51883],[-1.81927,52.51664],[-1.84158,52.50818],[-1.86012,52.50933]]]}},{"type":"Feature","properties":{"source_code":"M85070","codes":["M85070"],"label":"RESERVOIR ROAD SURGERY"},"geometry":{"type":"Polygon","coordinates":[[[-1.88107,52.53351],[-1.87819,52.53424],[-1.87596,52.53507],[-1.8742,52.53627],[-1.8727,52.53758],[-1.87085,52.53946],[-1.86961,52.54079],[-1.86828,52.54215],[-1.86635,52.54319],[-1.86399,52.54387],[-1.86137,52.54434],[-1.85884,52.54502],[-1.85742,52.54567],[-1.85695,52.54486],[-1.85605,52.54395],[-1.85489,52.54322],[-1.85326,52.54175],[-1.85227,52.54186],[-1.85072,52.54238],[-1.8503,52.54371],[-1.84901,52.54311],[-1.84622,52.54178],[-1.84326,52.54035],[-1.83987,52.53854],[-1.83708,52.53719],[-1.83356,52.53562],[-1.83137,52.53458],[-1.83034,52.53549],[-1.82746,52.53442],[-1.8303,52.53178],[-1.82858,52.53082],[-1.83017,52.52972],[-1.83188,52.53048],[-1.8339,52.52915],[-1.83545,52.52813],[-1.8363,52.52693],[-1.83562,52.52395],[-1.83665,52.52343],[-1.83772,52.52311],[-1.83914,52.52348],[-1.84034,52.52283],[-1.84231,52.52217],[-1.84433,52.52155],[-1.84545,52.52056],[-1.84742,52.51813],[-1.84703,52.51729],[-1.84776,52.51583],[-1.8503,52.51442],[-1.85227,52.51199],[-1.85536,52.51042],[-1.85806,52.5094],[-1.85918,52.51011],[-1.86029,52.51011],[-1.86253,52.51074],[-1.86326,52.51121],[-1.86377,52.5123],[-1.8654,52.51324],[-1.86647,52.51405],[-1.86768,52.51369],[-1.86901,52.51533],[-1.8718,52.51758],[-1.87394,52.51886],[-1.87733,52.52037],[-1.87583,52.52147],[-1.87424,52.52181],[-1.87497,52.52298],[-1.87647,52.52476],[-1.87849,52.52706],[-1.87926,52.52899],[-1.88107,52.53351]]]}},{"type":"Feature","properties":{"source_code":"M85669","codes":["M85669"],"label":"TUDOR PRACTICE STOCKLAND GREEN"},"geometry":{"type":"MultiPolygon","coordinates":[[[[-1.86829,52.5155],[-1.86828,52.5155],[-1.86832,52.51552],[-1.86832,52.51552],[-1.86829,52.5155]]],[[[-1.85564,52.53811],[-1.85569,52.53811],[-1.85687,52.5381],[-1.85927,52.53813],[-1.86031,52.53793],[-1.86622,52.53696],[-1.87364,52.53566],[-1.8751,52.53542],[-1.87675,52.53478],[-1.87799,52.53433],[-1.87928,52.53347],[-1.88041,52.53276],[-1.8853,52.52946],[-1.87928,52.53347],[-1.87793,52.53432],[-1.87675,52.53478],[-1.87495,52.53543],[-1.87364,52.53566],[-1.86614,52.53689],[-1.86282,52.53744],[-1.86031,52.53793],[-1.85932,52.53809],[-1.85687,52.5381],[-1.85564,52.53809],[-1.85564,52.53811],[-1.85105,52.53787],[-1.84111,52.53648],[-1.84074,52.53532],[-1.84045,52.53427],[-1.8399,52.53303],[-1.84048,52.53221],[-1.84104,52.53151],[-1.84118,52.53074],[-1.84136,52.52995],[-1.84167,52.5283],[-1.84333,52.52812],[-1.84336,52.52723],[-1.84288,52.52583],[-1.84339,52.52342],[-1.84405,52.52268],[-1.84509,52.52134],[-1.84545,52.52105],[-1.85051,52.51488],[-1.85229,52.51268],[-1.85348,52.51191],[-1.85493,52.51113],[-1.8592,52.50997],[-1.8595,52.50995],[-1.85909,52.51021],[-1.8596,52.50996],[-1.86221,52.50973],[-1.86433,52.51178],[-1.86508,52.51263],[-1.86438,52.51202],[-1.86528,52.51286],[-1.86508,52.51263],[-1.86749,52.51474],[-1.86828,52.5155],[-1.86823,52.51546],[-1.86128,52.51111],[-1.85993,52.51015],[-1.85998,52.51012],[-1.85992,52.51014],[-1.85989,52.51012],[-1.86082,52.50994],[-1.85981,52.51006],[-1.85989,52.51012],[-1.8596,52.51017],[-1.85975,52.51019],[-1.85992,52.51014],[-1.85993,52.51015],[-1.85982,52.5102],[-1.86128,52.51111],[-1.86239,52.51191],[-1.86823,52.51546],[-1.86829,52.5155],[-1.8684,52.51561],[-1.87418,52.52203],[-1.8686,52.5158],[-1.8684,52.51561],[-1.86832,52.51552],[-1.86971,52.51639],[-1.87495,52.51997],[-1.87622,52.52052],[-1.87658,52.52069],[-1.87677,52.52081],[-1.87729,52.52103],[-1.87658,52.52069],[-1.86971,52.51639],[-1.8682,52.51536],[-1.86749,52.51474],[-1.86225,52.50973],[-1.86221,52.50973],[-1.86215,52.50968],[-1.86125,52.5098],[-1.8595,52.50995],[-1.89136,52.4892],[-1.89139,52.48908],[-1.89467,52.50891],[-1.89167,52.48924],[-1.89441,52.49133],[-1.89561,52.5024],[-1.89836,52.50277],[-1.90227,52.50857],[-1.89504,52.51011],[-1.89101,52.50938],[-1.89079,52.52118],[-1.89149,52.52136],[-1.90013,52.52907],[-1.89904,52.53471],[-1.90718,52.54983],[-1.8964,52.55709],[-1.89437,52.55999],[-1.88366,52.56153],[-1.85697,52.54583],[-1.85564,52.53811]]]]}},{"type":"Feature","properties":{"source_code":"M88616","codes":["M88616"],"label":"GREAT BRIDGE PSHIP FOR HEALTH"},"geometry":{"type":"Polygon","coordinates":[[[-2.04414,52.568],[-2.02904,52.56967],[-2.02148,52.56967],[-2.01118,52.56967],[-2.00157,52.56926],[-1.98784,52.56884],[-1.97205,52.56466],[-1.95557,52.55966],[-1.94801,52.55172],[-1.94939,52.5392],[-1.95419,52.52708],[-1.95831,52.51706],[-1.95969,52.50828],[-1.97685,52.50118],[-1.99608,52.49658],[-2.01324,52.49658],[-2.03178,52.49741],[-2.04895,52.49909],[-2.06543,52.50201],[-2.09152,52.50452],[-2.13066,52.50703],[-2.15263,52.50995],[-2.16705,52.51121],[-2.17461,52.51371],[-2.17735,52.52123],[-2.17804,52.53126],[-2.17735,52.53794],[-2.16225,52.5417],[-2.15126,52.5463],[-2.13409,52.54964],[-2.11967,52.55339],[-2.10663,52.55465],[-2.09358,52.563],[-2.07642,52.568],[-2.06131,52.568],[-2.04414,52.568]]]}},{"type":"Feature","properties":{"source_code":"M85624","codes":["M85624"],"label":"PERRY PARK SURGERY"},"geometry":{"type":"MultiPolygon","coordinates":[[[[-1.91859,52.54677],[-1.91093,52.53951],[-1.90796,52.5398],[-1.90576,52.53958],[-1.90548,52.54126],[-1.90454,52.54335],[-1.90377,52.54449],[-1.8942,52.52896],[-1.89737,52.52729],[-1.90201,52.51653],[-1.90836,52.51763],[-1.90716,52.51935],[-1.90845,52.52432],[-1.91649,52.52783],[-1.9187,52.52925],[-1.92003,52.52729],[-1.92192,52.52578],[-1.9293,52.53137],[-1.92916,52.53205],[-1.9273,52.53222],[-1.92683,52.53254],[-1.92547,52.53278],[-1.92411,52.53309],[-1.92431,52.53333],[-1.92457,52.53348],[-1.9249,52.53362],[-1.92446,52.53419],[-1.92596,52.53451],[-1.9266,52.53499],[-1.92613,52.53547],[-1.92561,52.53591],[-1.93735,52.53961],[-1.94272,52.54125],[-1.94784,52.54384],[-1.94212,52.54483],[-1.9364,52.5454],[-1.93356,52.54574],[-1.93072,52.54587],[-1.92504,52.54592],[-1.921,52.546],[-1.91859,52.54677]]],[[[-1.8874,52.53177],[-1.89411,52.52917],[-1.90868,52.55322],[-1.90758,52.5534],[-1.90495,52.55391],[-1.90068,52.55458],[-1.89947,52.55522],[-1.89883,52.55624],[-1.89638,52.55911],[-1.89173,52.56234],[-1.88807,52.56416],[-1.87986,52.56905],[-1.87854,52.56521],[-1.8777,52.56416],[-1.87278,52.55994],[-1.86915,52.55697],[-1.86521,52.55316],[-1.86101,52.54962],[-1.85885,52.54804],[-1.85768,52.54727],[-1.85635,52.54661],[-1.85871,52.5449],[-1.86553,52.5435],[-1.86813,52.54223],[-1.87004,52.54049],[-1.87394,52.53643],[-1.8768,52.53482],[-1.88051,52.53374],[-1.8874,52.53177]]]]}},{"type":"Feature","properties":{"source_code":"M84037","codes":["M84037"],"label":"THE GRANGE MEDICAL CENTRE"},"geometry":{"type":"Polygon","coordinates":[[[-1.41895,52.53711],[-1.42573,52.53095],[-1.43337,52.52458],[-1.44196,52.52306],[-1.45037,52.52144],[-1.45311,52.52134],[-1.45569,52.52165],[-1.45878,52.5228],[-1.47388,52.53264],[-1.47506,52.53379],[-1.47589,52.53493],[-1.47616,52.53597],[-1.476,52.53727],[-1.47519,52.53849],[-1.47465,52.53935],[-1.47378,52.54022],[-1.47197,52.54199],[-1.47035,52.54335],[-1.47122,52.54489],[-1.47261,52.54667],[-1.47375,52.54827],[-1.47394,52.54865],[-1.47558,52.54961],[-1.47748,52.54847],[-1.48217,52.54776],[-1.48869,52.55028],[-1.48942,52.55342],[-1.48307,52.55924],[-1.46539,52.55392],[-1.44942,52.54838],[-1.43419,52.54269],[-1.41895,52.53711]]]}},{"type":"Feature","properties":{"source_code":"M84022","codes":["M84022"],"label":"MANOR COURT SURGERY"},"geometry":{"type":"Polygon","coordinates":[[[-1.47749,52.55809],[-1.4411,52.5465],[-1.44137,52.54627],[-1.41809,52.537],[-1.42633,52.5299],[-1.43201,52.52895],[-1.43191,52.52865],[-1.43569,52.52844],[-1.43672,52.52228],[-1.44316,52.51847],[-1.44398,52.51618],[-1.41586,52.50953],[-1.41243,52.49945],[-1.43406,52.49773],[-1.45057,52.50016],[-1.45054,52.50008],[-1.47251,52.49647],[-1.48899,52.49611],[-1.48779,52.50771],[-1.48762,52.50784],[-1.52848,52.51675],[-1.52847,52.51633],[-1.53508,52.51507],[-1.55645,52.51653],[-1.55173,52.52379],[-1.54212,52.52969],[-1.53429,52.53296],[-1.53127,52.54005],[-1.5368,52.54254],[-1.54469,52.54666],[-1.53508,52.54724],[-1.52581,52.55355],[-1.52576,52.553],[-1.52573,52.55308],[-1.51371,52.556],[-1.48161,52.55726],[-1.47749,52.55809]],[[-1.44141,52.54624],[-1.44228,52.54549],[-1.44134,52.54609],[-1.44141,52.54624]],[[-1.46236,52.5283],[-1.46384,52.52703],[-1.46231,52.52826],[-1.46236,52.5283]]]}},{"type":"Feature","properties":{"source_code":"Y02701","codes":["Y02701"],"label":"GREAT BRIDGE HEALTH CENTRE"},"geometry":{"type":"Polygon","coordinates":[[[-2.04226,52.56018],[-1.98818,52.55402],[-1.98647,52.55089],[-1.98629,52.55068],[-1.98663,52.55048],[-1.98664,52.55089],[-1.98664,52.55047],[-1.98663,52.55048],[-1.98629,52.54076],[-2.01573,52.52432],[-2.05015,52.52395],[-2.04226,52.56018]]]}},{"type":"Feature","properties":{"source_code":"M85065","codes":["M85065"],"label":"POPLARS SURGERY"},"geometry":{"type":"Polygon","coordinates":[[[-1.85605,52.54645],[-1.85053,52.54927],[-1.83613,52.55111],[-1.83533,52.5512],[-1.83196,52.55257],[-1.83041,52.55334],[-1.82834,52.55395],[-1.82796,52.55406],[-1.8278,52.55404],[-1.82684,52.5528],[-1.82509,52.55061],[-1.8242,52.54836],[-1.82075,52.54782],[-1.81825,52.54695],[-1.81691,52.54673],[-1.81418,52.54698],[-1.81188,52.54661],[-1.80991,52.54703],[-1.80879,52.54721],[-1.80738,52.54692],[-1.80474,52.54523],[-1.80213,52.54255],[-1.80014,52.54187],[-1.80013,52.53857],[-1.80036,52.53855],[-1.80158,52.53797],[-1.80305,52.53723],[-1.8053,52.53618],[-1.80609,52.53593],[-1.80693,52.53575],[-1.80857,52.5355],[-1.81185,52.53515],[-1.81464,52.53483],[-1.81537,52.53484],[-1.81556,52.53368],[-1.81567,52.53298],[-1.81518,52.53232],[-1.81545,52.53174],[-1.81401,52.53164],[-1.81405,52.53162],[-1.81432,52.53073],[-1.81475,52.52984],[-1.81476,52.52985],[-1.81584,52.52854],[-1.81412,52.52813],[-1.81259,52.52774],[-1.8116,52.52729],[-1.80965,52.52534],[-1.80807,52.5238],[-1.80669,52.52285],[-1.80865,52.52189],[-1.81021,52.52083],[-1.8121,52.51979],[-1.81471,52.51867],[-1.81747,52.51752],[-1.81883,52.51691],[-1.82107,52.51581],[-1.82478,52.51407],[-1.8308,52.5123],[-1.83142,52.51304],[-1.83297,52.51296],[-1.83336,52.51316],[-1.83374,52.51318],[-1.83452,52.51294],[-1.83537,52.51416],[-1.83593,52.51511],[-1.8359,52.51517],[-1.83699,52.51612],[-1.8409,52.51844],[-1.84216,52.52028],[-1.84437,52.52204],[-1.84807,52.52279],[-1.84826,52.52265],[-1.85017,52.52288],[-1.85342,52.52371],[-1.85165,52.52721],[-1.84898,52.52722],[-1.84615,52.52738],[-1.84331,52.52801],[-1.84341,52.52854],[-1.84402,52.52897],[-1.84581,52.52927],[-1.84672,52.5303],[-1.84781,52.53264],[-1.84808,52.53425],[-1.84865,52.5358],[-1.84919,52.53739],[-1.84978,52.53896],[-1.85014,52.54012],[-1.84998,52.54128],[-1.85096,52.54229],[-1.85052,52.54364],[-1.85592,52.54619],[-1.85605,52.54645]]]}},{"type":"Feature","properties":{"source_code":"M85019","codes":["M85019"],"label":"TOWER HILL PARTNERSHIP"},"geometry":{"type":"MultiPolygon","coordinates":[[[[-1.90177,52.51507],[-1.90184,52.51506],[-1.90177,52.51507],[-1.90177,52.51507]]],[[[-1.90177,52.51507],[-1.90175,52.51508],[-1.90175,52.51507],[-1.90177,52.51507]]],[[[-1.90175,52.51508],[-1.90175,52.51508],[-1.90115,52.5152],[-1.89956,52.51551],[-1.90175,52.51508]]],[[[-1.89956,52.51551],[-1.89876,52.51567],[-1.89871,52.51567],[-1.89956,52.51551]]],[[[-1.89871,52.51567],[-1.89869,52.51568],[-1.89859,52.51569],[-1.89871,52.51567]]],[[[-1.89859,52.51569],[-1.89851,52.51571],[-1.89561,52.51617],[-1.89859,52.51569]]],[[[-1.89851,52.51571],[-1.89868,52.51568],[-1.89869,52.51568],[-1.89874,52.51567],[-1.89876,52.51567],[-1.89916,52.5156],[-1.90115,52.5152],[-1.90171,52.51509],[-1.90187,52.51622],[-1.90231,52.52051],[-1.90247,52.5205],[-1.90187,52.51622],[-1.90175,52.51508],[-1.90177,52.51507],[-1.9066,52.51616],[-1.91196,52.51536],[-1.91707,52.51394],[-1.91967,52.51335],[-1.92196,52.51311],[-1.9219,52.51315],[-1.93196,52.51369],[-1.92917,52.51845],[-1.96981,52.53606],[-1.96278,52.54055],[-1.95788,52.54264],[-1.95342,52.54311],[-1.95213,52.56466],[-1.95728,52.56863],[-1.96046,52.56834],[-1.96419,52.57152],[-1.96398,52.57161],[-1.96398,52.5716],[-1.96115,52.5728],[-1.96398,52.57161],[-1.96333,52.57353],[-1.88004,52.56821],[-1.86898,52.55668],[-1.86149,52.55029],[-1.8597,52.54846],[-1.85636,52.54871],[-1.85072,52.54922],[-1.85573,52.54685],[-1.85795,52.54558],[-1.86018,52.54474],[-1.86375,52.5438],[-1.86779,52.54256],[-1.86978,52.54058],[-1.87478,52.53584],[-1.88364,52.53301],[-1.89158,52.53019],[-1.89274,52.52933],[-1.89205,52.52887],[-1.89282,52.52927],[-1.8966,52.52648],[-1.89669,52.5239],[-1.89621,52.52088],[-1.89626,52.52088],[-1.89558,52.51619],[-1.89851,52.51571]]],[[[-1.89914,52.51957],[-1.89949,52.52068],[-1.89953,52.52068],[-1.89914,52.51957]]],[[[-1.90065,52.52036],[-1.9007,52.52061],[-1.90078,52.5206],[-1.90065,52.52036],[-1.90055,52.51988],[-1.90038,52.51988],[-1.90065,52.52036]]],[[[-1.91729,52.51609],[-1.91742,52.516],[-1.9169,52.51634],[-1.91729,52.51609]]]]}},{"type":"Feature","properties":{"source_code":"C82054","codes":["C82054"],"label":"THE BURBAGE SURGERY"},"geometry":{"type":"Polygon","coordinates":[[[-1.2685,52.55841],[-1.26855,52.5585],[-1.26443,52.55891],[-1.26076,52.56016],[-1.25874,52.56224],[-1.25815,52.56453],[-1.2557,52.56559],[-1.25149,52.5657],[-1.25003,52.56734],[-1.24903,52.5674],[-1.24691,52.56867],[-1.24428,52.5702],[-1.241,52.57122],[-1.239,52.57206],[-1.23696,52.57164],[-1.23404,52.57091],[-1.23123,52.57056],[-1.22824,52.57054],[-1.22498,52.57088],[-1.22401,52.56953],[-1.22267,52.56983],[-1.22097,52.56918],[-1.21921,52.56872],[-1.21876,52.56899],[-1.21815,52.56899],[-1.21805,52.56865],[-1.21684,52.56837],[-1.22072,52.56456],[-1.23642,52.55169],[-1.24954,52.54076],[-1.24228,52.53879],[-1.23952,52.53867],[-1.23168,52.53859],[-1.22833,52.53725],[-1.22516,52.53551],[-1.22215,52.53371],[-1.22354,52.53304],[-1.22622,52.53134],[-1.22803,52.5295],[-1.23039,52.52696],[-1.23318,52.52529],[-1.23586,52.52376],[-1.23457,52.52169],[-1.23344,52.52],[-1.23296,52.51875],[-1.23104,52.51803],[-1.23158,52.51571],[-1.22834,52.51451],[-1.22843,52.51262],[-1.22835,52.51114],[-1.23009,52.5096],[-1.23034,52.50758],[-1.23126,52.50543],[-1.23864,52.50653],[-1.2458,52.50772],[-1.25126,52.50802],[-1.25466,52.50916],[-1.25557,52.50758],[-1.25681,52.50644],[-1.25784,52.50429],[-1.25756,52.50105],[-1.2621,52.50014],[-1.26409,52.50005],[-1.26531,52.49972],[-1.26702,52.49956],[-1.26798,52.49879],[-1.26904,52.49782],[-1.27343,52.49586],[-1.2757,52.49554],[-1.27846,52.49586],[-1.27963,52.49533],[-1.28117,52.49551],[-1.28724,52.49517],[-1.29409,52.49494],[-1.30244,52.49395],[-1.30411,52.49332],[-1.30554,52.4937],[-1.30666,52.49246],[-1.30842,52.48913],[-1.31259,52.48373],[-1.31662,52.47658],[-1.31876,52.4739],[-1.31888,52.47299],[-1.33383,52.44794],[-1.33558,52.44852],[-1.34192,52.44852],[-1.34566,52.44929],[-1.34983,52.45076],[-1.35446,52.45078],[-1.35769,52.45252],[-1.35924,52.45226],[-1.36077,52.45284],[-1.36426,52.45218],[-1.36709,52.45078],[-1.36854,52.44941],[-1.37002,52.45009],[-1.37267,52.45021],[-1.3746,52.45012],[-1.3753,52.4509],[-1.37573,52.45188],[-1.376,52.45265],[-1.37875,52.45257],[-1.38249,52.46144],[-1.38238,52.46138],[-1.3845,52.46328],[-1.3868,52.46494],[-1.3881,52.46619],[-1.38942,52.4665],[-1.39185,52.46695],[-1.38463,52.46995],[-1.37833,52.47262],[-1.38749,52.47294],[-1.39576,52.47339],[-1.40324,52.47491],[-1.39942,52.48008],[-1.39417,52.48463],[-1.38903,52.48905],[-1.38611,52.49281],[-1.3848,52.49577],[-1.38642,52.49824],[-1.38871,52.50007],[-1.39173,52.50113],[-1.39652,52.50186],[-1.39981,52.50373],[-1.40183,52.50583],[-1.40273,52.50853],[-1.40308,52.51092],[-1.40467,52.51221],[-1.40722,52.51515],[-1.41208,52.51952],[-1.41512,52.52368],[-1.41847,52.52862],[-1.41912,52.52997],[-1.41811,52.53101],[-1.41249,52.53458],[-1.41273,52.53657],[-1.41194,52.53839],[-1.40882,52.54009],[-1.40443,52.54169],[-1.40185,52.54304],[-1.39965,52.54603],[-1.39805,52.55009],[-1.39664,52.55207],[-1.39424,52.55375],[-1.39002,52.55484],[-1.3845,52.55488],[-1.38079,52.5554],[-1.37567,52.55722],[-1.37207,52.55778],[-1.36605,52.55754],[-1.36167,52.55866],[-1.35724,52.55901],[-1.3485,52.5597],[-1.33942,52.56086],[-1.33658,52.56169],[-1.33385,52.56296],[-1.33179,52.56419],[-1.32781,52.5643],[-1.32537,52.56493],[-1.32247,52.56623],[-1.31955,52.56591],[-1.31773,52.56516],[-1.31608,52.56454],[-1.31383,52.56385],[-1.31274,52.563],[-1.31197,52.56246],[-1.31025,52.56272],[-1.30915,52.56282],[-1.30809,52.56288],[-1.30688,52.56267],[-1.3059,52.56182],[-1.3043,52.56184],[-1.30358,52.56157],[-1.30226,52.56143],[-1.3007,52.56186],[-1.29915,52.56245],[-1.29869,52.56299],[-1.29835,52.56356],[-1.29731,52.56352],[-1.29448,52.56357],[-1.29171,52.56406],[-1.28933,52.56455],[-1.28862,52.56387],[-1.28586,52.56332],[-1.28376,52.5633],[-1.28211,52.56336],[-1.28066,52.56406],[-1.27999,52.5645],[-1.27948,52.56486],[-1.27815,52.56485],[-1.27639,52.56474],[-1.27583,52.56481],[-1.27534,52.5646],[-1.27472,52.5651],[-1.27416,52.56564],[-1.27355,52.56604],[-1.27272,52.56586],[-1.26985,52.56214],[-1.27019,52.56167],[-1.26855,52.5585],[-1.26897,52.55846],[-1.2685,52.55841]]]}},{"type":"Feature","properties":{"source_code":"Y04969","codes":["Y04969"],"label":"CAMP HILL GP LED HEALTH CENTRE"},"geometry":{"type":"Polygon","coordinates":[[[-1.55219,52.53147],[-1.51439,52.55068],[-1.49856,52.54296],[-1.48074,52.53084],[-1.50306,52.52458],[-1.55219,52.53147]]]}},{"type":"Feature","properties":{"source_code":"M85115","codes":["M85115"],"label":"SUTTON ROAD SURGERY"},"geometry":{"type":"Polygon","coordinates":[[[-1.82888,52.53398],[-1.82785,52.53627],[-1.82516,52.54608],[-1.82339,52.55005],[-1.80073,52.53815],[-1.7997,52.52917],[-1.80691,52.52311],[-1.833,52.511],[-1.84124,52.52103],[-1.85051,52.51476],[-1.84948,52.544],[-1.8433,52.54964],[-1.83025,52.55318],[-1.82407,52.55005],[-1.82516,52.54608],[-1.82888,52.53773],[-1.82888,52.53398]]]}},{"type":"Feature","properties":{"source_code":"M85081","codes":["M85081"],"label":"THE DOVE MEDICAL PRACTICE"},"geometry":{"type":"MultiPolygon","coordinates":[[[[-1.88452,52.54051],[-1.88433,52.54014],[-1.88561,52.54113],[-1.88452,52.54051]]],[[[-1.88048,52.53606],[-1.88037,52.53594],[-1.88029,52.53784],[-1.88032,52.53786],[-1.88048,52.53606],[-1.88445,52.54047],[-1.88452,52.54051],[-1.88456,52.5406],[-1.88544,52.54157],[-1.88508,52.54127],[-1.88482,52.5411],[-1.88509,52.54162],[-1.88519,52.5417],[-1.85892,52.54812],[-1.84459,52.54071],[-1.8354,52.53653],[-1.83555,52.53634],[-1.83555,52.53625],[-1.83558,52.5363],[-1.84158,52.52867],[-1.84158,52.52827],[-1.84188,52.5283],[-1.8424,52.52822],[-1.84313,52.52815],[-1.84399,52.52795],[-1.84467,52.52778],[-1.84545,52.52779],[-1.84791,52.52757],[-1.84907,52.52751],[-1.84994,52.52754],[-1.85253,52.52729],[-1.85685,52.52616],[-1.85732,52.52593],[-1.85729,52.52593],[-1.85884,52.52531],[-1.85905,52.5252],[-1.85916,52.52518],[-1.85922,52.52516],[-1.86085,52.52486],[-1.8615,52.52483],[-1.8624,52.52469],[-1.8651,52.52443],[-1.86673,52.5245],[-1.86755,52.52457],[-1.86813,52.52455],[-1.86988,52.52447],[-1.87051,52.52419],[-1.87148,52.52357],[-1.87152,52.52351],[-1.87227,52.52281],[-1.87372,52.52246],[-1.87416,52.52225],[-1.87423,52.52234],[-1.87426,52.52233],[-1.87436,52.52246],[-1.87476,52.52228],[-1.87706,52.52583],[-1.87748,52.52635],[-1.87739,52.52635],[-1.87845,52.52798],[-1.87866,52.52826],[-1.87871,52.52838],[-1.87875,52.52844],[-1.87876,52.52849],[-1.88001,52.53142],[-1.8807,52.53364],[-1.88059,52.53473],[-1.88048,52.53606]]],[[[-1.88025,52.5358],[-1.87981,52.53532],[-1.88011,52.53727],[-1.88025,52.5358]]],[[[-1.88204,52.53932],[-1.88462,52.54127],[-1.88267,52.53973],[-1.88204,52.53932]]]]}},{"type":"Feature","properties":{"source_code":"C82043","codes":["C82043"],"label":"STATION VIEW HEALTH CENTRE"},"geometry":{"type":"MultiPolygon","coordinates":[[[[-1.36095,52.51546],[-1.36079,52.51541],[-1.36147,52.51541],[-1.36095,52.51546]]],[[[-1.35984,52.51556],[-1.36095,52.51546],[-1.36833,52.5177],[-1.37262,52.51654],[-1.37345,52.51968],[-1.38755,52.52497],[-1.4004,52.52965],[-1.41239,52.53422],[-1.43259,52.54166],[-1.44613,52.5464],[-1.45938,52.55138],[-1.43317,52.56626],[-1.4264,52.57132],[-1.41998,52.57863],[-1.41673,52.58211],[-1.41516,52.58299],[-1.38477,52.5871],[-1.37196,52.59195],[-1.362,52.596],[-1.35916,52.596],[-1.35785,52.59576],[-1.35556,52.59577],[-1.35381,52.59591],[-1.35227,52.59621],[-1.34538,52.59499],[-1.33821,52.59282],[-1.33215,52.58846],[-1.32902,52.58352],[-1.33198,52.57448],[-1.33164,52.57116],[-1.32974,52.5683],[-1.32997,52.56588],[-1.3298,52.5641],[-1.33268,52.55877],[-1.33548,52.55322],[-1.33661,52.54896],[-1.33561,52.54481],[-1.33416,52.54391],[-1.33469,52.54154],[-1.33298,52.53887],[-1.3337,52.53591],[-1.32597,52.53326],[-1.32365,52.53254],[-1.31871,52.53162],[-1.31454,52.53136],[-1.31046,52.53152],[-1.30864,52.5299],[-1.30809,52.52795],[-1.31156,52.52341],[-1.3174,52.52255],[-1.32293,52.52264],[-1.32698,52.52444],[-1.33014,52.52719],[-1.34159,52.52174],[-1.35984,52.51556]]]]}},{"type":"Feature","properties":{"source_code":"M85087","codes":["M85087"],"label":"COLLEGE ROAD SURGERY"},"geometry":{"type":"Polygon","coordinates":[[[-1.88493,52.54138],[-1.88464,52.54159],[-1.88427,52.54173],[-1.88291,52.54196],[-1.88075,52.54236],[-1.8764,52.54314],[-1.87379,52.54357],[-1.8713,52.54403],[-1.87049,52.54415],[-1.86977,52.54415],[-1.86911,52.544],[-1.86857,52.54379],[-1.8674,52.54294],[-1.86643,52.54334],[-1.86532,52.54359],[-1.86519,52.54342],[-1.86508,52.54323],[-1.86485,52.54285],[-1.8645,52.54202],[-1.86423,52.54121],[-1.86409,52.54081],[-1.86392,52.54041],[-1.86367,52.54007],[-1.86335,52.53978],[-1.86298,52.53948],[-1.8626,52.53917],[-1.86186,52.53858],[-1.86167,52.53842],[-1.86157,52.53825],[-1.8614,52.53796],[-1.86132,52.53781],[-1.86005,52.538],[-1.85912,52.53812],[-1.8591,52.5373],[-1.8591,52.53689],[-1.8591,52.53669],[-1.85912,52.53648],[-1.85923,52.53566],[-1.85928,52.5352],[-1.85927,52.53494],[-1.85921,52.53475],[-1.85907,52.53439],[-1.8591,52.5342],[-1.85919,52.53403],[-1.85938,52.53361],[-1.85945,52.53342],[-1.85953,52.53321],[-1.8597,52.53281],[-1.85981,52.53261],[-1.85996,52.53243],[-1.86013,52.53225],[-1.86023,52.53217],[-1.86036,52.53208],[-1.86087,52.53179],[-1.86106,52.53161],[-1.86137,52.53159],[-1.86159,52.53137],[-1.86171,52.53125],[-1.86178,52.53112],[-1.86184,52.53101],[-1.86186,52.53087],[-1.86192,52.53069],[-1.862,52.53016],[-1.86206,52.53001],[-1.86209,52.52985],[-1.86213,52.52964],[-1.86223,52.52912],[-1.86233,52.5286],[-1.86237,52.52833],[-1.8624,52.52806],[-1.86245,52.5277],[-1.86249,52.52742],[-1.86253,52.52715],[-1.8626,52.52661],[-1.86264,52.52635],[-1.86265,52.52608],[-1.86264,52.5258],[-1.86264,52.52566],[-1.8626,52.5255],[-1.8625,52.52502],[-1.86243,52.5246],[-1.86302,52.52457],[-1.86361,52.52452],[-1.86418,52.52448],[-1.86466,52.52444],[-1.86529,52.5244],[-1.86593,52.52438],[-1.86656,52.52442],[-1.86718,52.52448],[-1.86753,52.52452],[-1.86788,52.52456],[-1.86808,52.52458],[-1.86828,52.52459],[-1.86849,52.52461],[-1.86866,52.5246],[-1.8688,52.5246],[-1.86893,52.5246],[-1.86905,52.52459],[-1.86916,52.52457],[-1.86933,52.52454],[-1.86957,52.5245],[-1.86994,52.52442],[-1.87028,52.52432],[-1.87053,52.52423],[-1.87076,52.52414],[-1.87097,52.52402],[-1.87115,52.52387],[-1.8714,52.52356],[-1.8715,52.5234],[-1.87157,52.52324],[-1.87166,52.52309],[-1.87178,52.52292],[-1.8719,52.52281],[-1.87205,52.5227],[-1.87226,52.52259],[-1.8725,52.52251],[-1.87309,52.52234],[-1.87447,52.52199],[-1.87522,52.52181],[-1.8754,52.52177],[-1.87556,52.52172],[-1.87588,52.52162],[-1.87626,52.52153],[-1.87642,52.5215],[-1.87649,52.52145],[-1.87667,52.52133],[-1.877,52.52112],[-1.87729,52.52093],[-1.87755,52.52086],[-1.87772,52.5208],[-1.87838,52.52109],[-1.87901,52.5214],[-1.87964,52.52171],[-1.88019,52.52208],[-1.88023,52.52224],[-1.88022,52.52239],[-1.88051,52.52294],[-1.88076,52.5234],[-1.88088,52.52359],[-1.88103,52.52381],[-1.88119,52.52404],[-1.88138,52.52426],[-1.88175,52.52464],[-1.88197,52.52485],[-1.88221,52.52507],[-1.88268,52.52548],[-1.88292,52.52568],[-1.88304,52.5258],[-1.88318,52.5259],[-1.88342,52.52613],[-1.88357,52.5264],[-1.88364,52.5269],[-1.88363,52.52716],[-1.88353,52.52736],[-1.8834,52.52754],[-1.88314,52.52776],[-1.88285,52.52797],[-1.88255,52.52819],[-1.88246,52.52831],[-1.88242,52.52844],[-1.88243,52.52856],[-1.88249,52.52868],[-1.8826,52.52881],[-1.88276,52.52896],[-1.88298,52.52915],[-1.88324,52.52934],[-1.88363,52.52964],[-1.88402,52.5299],[-1.88443,52.53018],[-1.88484,52.53046],[-1.88592,52.53116],[-1.88649,52.53153],[-1.88685,52.53177],[-1.88707,52.53184],[-1.88723,52.53183],[-1.88739,52.53178],[-1.88767,52.53168],[-1.88803,52.53155],[-1.88833,52.53142],[-1.88963,52.53079],[-1.89062,52.53036],[-1.891,52.53018],[-1.89138,52.53006],[-1.89054,52.53231],[-1.88845,52.53758],[-1.88828,52.5379],[-1.88816,52.53812],[-1.88782,52.53853],[-1.88742,52.53899],[-1.88701,52.53945],[-1.88612,52.54056],[-1.88588,52.54097],[-1.88493,52.54138]]]}},{"type":"Feature","properties":{"source_code":"M88014","codes":["M88014"],"label":"DR GUDI PV & PARTNER"},"geometry":{"type":"Polygon","coordinates":[[[-2.03075,52.5488],[-2.03118,52.55522],[-2.02234,52.56247],[-2.00397,52.56709],[-1.98913,52.56391],[-1.97565,52.55823],[-1.97488,52.5608],[-1.97067,52.5642],[-1.9596,52.56241],[-1.95299,52.56271],[-1.95213,52.55155],[-1.93325,52.55214],[-1.92939,52.53262],[-1.94806,52.53455],[-1.9567,52.53562],[-1.96295,52.5321],[-1.97024,52.51894],[-1.98166,52.50619],[-1.99634,52.51695],[-2.0244,52.52144],[-2.03479,52.53439],[-2.03483,52.54139],[-2.03075,52.5488]]]}},{"type":"Feature","properties":{"source_code":"M88035","codes":["M88035"],"label":"NEW STREET SURGERY"},"geometry":{"type":"Polygon","coordinates":[[[-2.01685,52.52881],[-2.02157,52.53011],[-2.0256,52.53027],[-2.02912,52.53116],[-2.02998,52.53591],[-2.02423,52.53847],[-2.015,52.53734],[-2.01891,52.54301],[-2.01715,52.54319],[-2.01608,52.54369],[-2.01335,52.54465],[-2.00968,52.54541],[-2.00183,52.54682],[-2.00037,52.5453],[-1.99921,52.54455],[-2.00149,52.54337],[-1.99925,52.54168],[-1.99938,52.53967],[-1.99488,52.53831],[-1.98767,52.53518],[-1.99067,52.53298],[-1.99556,52.53184],[-2.00157,52.531],[-2.0099,52.52933],[-2.01286,52.52954],[-2.01685,52.52881]]]}},{"type":"Feature","properties":{"source_code":"M84005","codes":["M84005"],"label":"CHAPEL END SURGERY"},"geometry":{"type":"MultiPolygon","coordinates":[[[[-1.53769,52.52591],[-1.52195,52.52155],[-1.55851,52.51988],[-1.56384,52.53262],[-1.53769,52.52591]]],[[[-1.53769,52.52591],[-1.53929,52.52635],[-1.56401,52.53283],[-1.55319,52.53815],[-1.54993,52.54097],[-1.53963,52.54243],[-1.51628,52.54431],[-1.50818,52.54461],[-1.5053,52.54379],[-1.48075,52.53063],[-1.48436,52.51935],[-1.47972,52.511],[-1.53769,52.52591]]],[[[-1.50818,52.54461],[-1.50907,52.54487],[-1.5077,52.54463],[-1.50818,52.54461]]],[[[-1.51611,52.54609],[-1.51114,52.54546],[-1.50907,52.54487],[-1.51611,52.54609]]]]}},{"type":"Feature","properties":{"source_code":"C82047","codes":["C82047"],"label":"MAPLES FAMILY MED.PRACT."},"geometry":{"type":"Polygon","coordinates":[[[-1.44538,52.5461],[-1.44539,52.54623],[-1.44363,52.55056],[-1.44267,52.55465],[-1.44266,52.55569],[-1.43664,52.55627],[-1.43442,52.55657],[-1.43392,52.55681],[-1.43529,52.55951],[-1.43408,52.56005],[-1.43307,52.56072],[-1.42971,52.56406],[-1.42901,52.56437],[-1.42414,52.56862],[-1.4229,52.57088],[-1.41248,52.58476],[-1.40942,52.58102],[-1.40723,52.57966],[-1.40573,52.57966],[-1.40321,52.58032],[-1.39633,52.58462],[-1.39958,52.58898],[-1.39567,52.59087],[-1.39347,52.59012],[-1.39062,52.58895],[-1.38712,52.58853],[-1.38474,52.58999],[-1.38133,52.59312],[-1.3776,52.59423],[-1.37526,52.59324],[-1.37038,52.59096],[-1.36672,52.594],[-1.3647,52.59521],[-1.36268,52.59581],[-1.35847,52.59184],[-1.35809,52.59086],[-1.33388,52.58905],[-1.32406,52.58752],[-1.31726,52.58577],[-1.31552,52.58482],[-1.31316,52.58492],[-1.31005,52.58203],[-1.30962,52.58029],[-1.30556,52.58014],[-1.29903,52.57735],[-1.29415,52.57519],[-1.28796,52.57322],[-1.27933,52.57008],[-1.2786,52.56892],[-1.27356,52.5706],[-1.27229,52.56854],[-1.27229,52.56824],[-1.27719,52.5665],[-1.28227,52.56512],[-1.28665,52.56414],[-1.29402,52.56152],[-1.29589,52.5604],[-1.29883,52.5584],[-1.30234,52.55515],[-1.30672,52.55102],[-1.30963,52.54804],[-1.31535,52.54105],[-1.31536,52.54047],[-1.3114,52.54029],[-1.30449,52.53961],[-1.29975,52.53888],[-1.30938,52.52876],[-1.303,52.52664],[-1.29799,52.52646],[-1.29736,52.5248],[-1.29594,52.52256],[-1.29557,52.52097],[-1.29563,52.52036],[-1.29973,52.51482],[-1.30223,52.51199],[-1.30692,52.51],[-1.31135,52.50853],[-1.31412,52.50757],[-1.31751,52.5053],[-1.31945,52.50271],[-1.32248,52.50141],[-1.32418,52.5013],[-1.32473,52.50127],[-1.33624,52.50562],[-1.34759,52.51014],[-1.35691,52.5134],[-1.37107,52.51831],[-1.38886,52.52525],[-1.39714,52.52838],[-1.41963,52.53665],[-1.44538,52.5461]]]}},{"type":"Feature","properties":{"source_code":"M85026","codes":["M85026"],"label":"ASHFIELD SURGERY"},"geometry":{"type":"Polygon","coordinates":[[[-1.76828,52.55386],[-1.76897,52.55673],[-1.7679,52.55877],[-1.76734,52.56146],[-1.76258,52.56286],[-1.75747,52.56456],[-1.75138,52.56477],[-1.74678,52.5642],[-1.74159,52.5614],[-1.74133,52.56075],[-1.74305,52.55819],[-1.74198,52.55493],[-1.73258,52.55136],[-1.7306,52.55063],[-1.72726,52.54207],[-1.72764,52.54014],[-1.72824,52.53886],[-1.73013,52.53865],[-1.73219,52.53685],[-1.73992,52.5345],[-1.74562,52.53184],[-1.74773,52.53137],[-1.75189,52.53191],[-1.7561,52.53032],[-1.7673,52.52909],[-1.77133,52.5287],[-1.77464,52.5304],[-1.77571,52.53043],[-1.7803,52.52797],[-1.78747,52.52593],[-1.8006,52.52763],[-1.80995,52.5358],[-1.81171,52.5465],[-1.81463,52.55292],[-1.81184,52.5601],[-1.79983,52.56067],[-1.7936,52.56135],[-1.79176,52.56119],[-1.7894,52.56075],[-1.78167,52.55736],[-1.77751,52.55496],[-1.77468,52.55384],[-1.76828,52.55386]]]}},{"type":"Feature","properties":{"source_code":"M85175","codes":["M85175"],"label":"THE HAWTHORNS SURGERY"},"geometry":{"type":"Polygon","coordinates":[[[-1.82854,52.55402],[-1.82731,52.55416],[-1.82549,52.55363],[-1.82504,52.55321],[-1.82472,52.55271],[-1.82408,52.55208],[-1.8234,52.55151],[-1.82213,52.55139],[-1.82095,52.55122],[-1.82029,52.551],[-1.81963,52.55056],[-1.81725,52.54877],[-1.81583,52.54866],[-1.8153,52.54775],[-1.8151,52.54684],[-1.81443,52.54691],[-1.81362,52.54679],[-1.81236,52.54656],[-1.81193,52.54661],[-1.81154,52.54625],[-1.8111,52.54568],[-1.81006,52.54449],[-1.80772,52.54221],[-1.80912,52.54145],[-1.80974,52.54074],[-1.81006,52.53894],[-1.81005,52.53767],[-1.80996,52.53678],[-1.81004,52.53609],[-1.80993,52.53545],[-1.81017,52.53544],[-1.81028,52.53475],[-1.81116,52.53353],[-1.8136,52.53225],[-1.81682,52.53272],[-1.81858,52.53314],[-1.8197,52.53242],[-1.82081,52.53134],[-1.82532,52.53214],[-1.82892,52.53366],[-1.83588,52.53661],[-1.83593,52.53714],[-1.83621,52.5378],[-1.83684,52.53908],[-1.83792,52.54157],[-1.83942,52.54341],[-1.84025,52.54505],[-1.84074,52.5469],[-1.8418,52.55045],[-1.8354,52.55141],[-1.82854,52.55402]]]}},{"type":"Feature","properties":{"source_code":"C82075","codes":["C82075"],"label":"CASTLE MEAD MEDICAL CENTRE"},"geometry":{"type":"Polygon","coordinates":[[[-1.45963,52.55147],[-1.4596,52.55146],[-1.45476,52.55389],[-1.4472,52.5575],[-1.44065,52.56019],[-1.4327,52.56312],[-1.42904,52.56442],[-1.43212,52.56585],[-1.43387,52.56666],[-1.43596,52.56772],[-1.43816,52.5685],[-1.4414,52.5703],[-1.43979,52.57127],[-1.43866,52.57258],[-1.43706,52.57284],[-1.4349,52.573],[-1.43276,52.57195],[-1.43038,52.5716],[-1.42801,52.57105],[-1.42248,52.57136],[-1.419,52.57107],[-1.41687,52.57356],[-1.41547,52.57493],[-1.41325,52.57488],[-1.41148,52.57488],[-1.41125,52.57582],[-1.40986,52.57618],[-1.40881,52.57614],[-1.41043,52.57966],[-1.41268,52.58479],[-1.4098,52.58518],[-1.40336,52.58656],[-1.40153,52.58689],[-1.39769,52.58906],[-1.39613,52.58571],[-1.39614,52.58454],[-1.39787,52.5834],[-1.40228,52.5812],[-1.40389,52.58033],[-1.40285,52.57985],[-1.40153,52.5787],[-1.40122,52.57759],[-1.3984,52.57754],[-1.39579,52.57837],[-1.39356,52.57977],[-1.39039,52.581],[-1.38396,52.58178],[-1.38075,52.58173],[-1.37721,52.58228],[-1.37382,52.58331],[-1.37093,52.58427],[-1.36822,52.58385],[-1.36623,52.58374],[-1.36424,52.58434],[-1.36017,52.5864],[-1.35872,52.58673],[-1.35804,52.58434],[-1.35906,52.58296],[-1.35935,52.58178],[-1.35864,52.5812],[-1.35793,52.58022],[-1.35923,52.57895],[-1.36106,52.57819],[-1.36297,52.57651],[-1.36387,52.57517],[-1.36368,52.57274],[-1.36409,52.57153],[-1.3638,52.5682],[-1.36496,52.56507],[-1.36714,52.56336],[-1.36732,52.56239],[-1.36607,52.56056],[-1.36582,52.55904],[-1.36573,52.55742],[-1.36331,52.55851],[-1.35689,52.55908],[-1.35003,52.55948],[-1.3425,52.56042],[-1.33701,52.56119],[-1.33748,52.55965],[-1.33905,52.55821],[-1.34234,52.55587],[-1.34335,52.55503],[-1.34253,52.55449],[-1.34055,52.55377],[-1.33901,52.55335],[-1.33858,52.55238],[-1.33756,52.55075],[-1.33675,52.54923],[-1.33601,52.54687],[-1.33462,52.54376],[-1.33508,52.54259],[-1.33429,52.54032],[-1.33298,52.53927],[-1.33265,52.5388],[-1.33335,52.53634],[-1.33403,52.5355],[-1.32974,52.53413],[-1.32632,52.53361],[-1.32369,52.53252],[-1.32227,52.53146],[-1.31957,52.53098],[-1.31913,52.5306],[-1.31943,52.52899],[-1.32006,52.52748],[-1.32343,52.52776],[-1.32636,52.52775],[-1.32858,52.52705],[-1.33034,52.5272],[-1.33536,52.52396],[-1.34191,52.52167],[-1.35285,52.51765],[-1.36228,52.51504],[-1.36513,52.51671],[-1.36974,52.51825],[-1.37118,52.51853],[-1.37243,52.51978],[-1.3754,52.52047],[-1.38018,52.52214],[-1.3865,52.52464],[-1.39024,52.5259],[-1.39639,52.52833],[-1.41057,52.53365],[-1.42339,52.53806],[-1.44549,52.54632],[-1.45331,52.54908],[-1.45963,52.55147]]]}},{"type":"Feature","properties":{"source_code":"C82082","codes":["C82082"],"label":"THE CENTRE SURGERY"},"geometry":{"type":"MultiPolygon","coordinates":[[[[-1.36066,52.51613],[-1.36222,52.5161],[-1.36253,52.51631],[-1.36137,52.51615],[-1.36066,52.51613]]],[[[-1.36261,52.51632],[-1.36257,52.51631],[-1.36263,52.51633],[-1.36261,52.51632]]],[[[-1.36066,52.51613],[-1.3606,52.51613],[-1.35982,52.51641],[-1.36001,52.51611],[-1.36066,52.51613]]],[[[-1.36263,52.51633],[-1.36308,52.51639],[-1.36359,52.51661],[-1.36263,52.51633]]],[[[-1.36253,52.51631],[-1.36261,52.51632],[-1.36403,52.5168],[-1.36417,52.51686],[-1.36355,52.51677],[-1.3626,52.51636],[-1.36253,52.51631]]],[[[-1.36424,52.51687],[-1.36403,52.5168],[-1.36359,52.51661],[-1.36469,52.51693],[-1.36424,52.51687]]],[[[-1.35727,52.51691],[-1.35738,52.51687],[-1.35727,52.51691],[-1.3566,52.51689],[-1.35799,52.51666],[-1.35848,52.51693],[-1.35843,52.51694],[-1.35755,52.51692],[-1.3576,52.5169],[-1.35761,52.51682],[-1.35731,52.51691],[-1.35727,52.51691]]],[[[-1.35848,52.51693],[-1.35903,52.51676],[-1.35967,52.51647],[-1.35982,52.51641],[-1.35948,52.51697],[-1.35867,52.51695],[-1.35919,52.51679],[-1.35866,52.51695],[-1.35851,52.51694],[-1.35848,52.51693]]],[[[-1.35727,52.51691],[-1.35727,52.51691],[-1.35698,52.51701],[-1.35697,52.51701],[-1.35727,52.51691]]],[[[-1.36477,52.51711],[-1.36417,52.51686],[-1.36424,52.51687],[-1.365,52.51712],[-1.36477,52.51711]]],[[[-1.35697,52.51701],[-1.35349,52.51819],[-1.35357,52.51815],[-1.35293,52.51836],[-1.35322,52.51829],[-1.35001,52.51938],[-1.34972,52.51949],[-1.34852,52.5199],[-1.34512,52.52088],[-1.34656,52.52038],[-1.34732,52.52011],[-1.34928,52.51957],[-1.35069,52.51914],[-1.3541,52.51786],[-1.35697,52.51701]]],[[[-1.34512,52.52088],[-1.34507,52.5209],[-1.34506,52.5209],[-1.34512,52.52088]]],[[[-1.34248,52.5218],[-1.34206,52.52195],[-1.3426,52.52175],[-1.34248,52.5218]]],[[[-1.34193,52.58311],[-1.3418,52.58324],[-1.34133,52.58318],[-1.33931,52.58368],[-1.32821,52.58313],[-1.32228,52.58313],[-1.31092,52.58069],[-1.31011,52.58032],[-1.30956,52.5801],[-1.30364,52.58002],[-1.29509,52.57761],[-1.29553,52.57318],[-1.29988,52.56999],[-1.31253,52.56631],[-1.32178,52.56519],[-1.32169,52.56485],[-1.32365,52.56447],[-1.31879,52.56358],[-1.31754,52.56311],[-1.31304,52.56185],[-1.30914,52.56007],[-1.30715,52.55833],[-1.30472,52.55692],[-1.30208,52.55559],[-1.30793,52.55003],[-1.32381,52.54295],[-1.32507,52.54189],[-1.32554,52.54122],[-1.32561,52.54056],[-1.33998,52.53546],[-1.34014,52.53234],[-1.34023,52.52888],[-1.34039,52.52688],[-1.34079,52.52619],[-1.34089,52.52693],[-1.34107,52.5257],[-1.34079,52.52619],[-1.34055,52.52449],[-1.34063,52.5242],[-1.3403,52.52471],[-1.34067,52.523],[-1.34052,52.52423],[-1.34084,52.52397],[-1.34166,52.52217],[-1.34248,52.5218],[-1.34507,52.5209],[-1.34539,52.52095],[-1.3449,52.52112],[-1.34611,52.52073],[-1.34732,52.52039],[-1.34608,52.52086],[-1.35076,52.51943],[-1.35271,52.51888],[-1.35307,52.51863],[-1.3559,52.51778],[-1.3591,52.51726],[-1.35925,52.51734],[-1.35932,52.51722],[-1.36069,52.517],[-1.36477,52.51711],[-1.36897,52.51891],[-1.37388,52.52117],[-1.38022,52.52379],[-1.38617,52.52571],[-1.40361,52.53105],[-1.40973,52.53328],[-1.41055,52.53388],[-1.41082,52.53398],[-1.41195,52.53506],[-1.41156,52.53426],[-1.41082,52.53398],[-1.41067,52.53384],[-1.41102,52.5336],[-1.42112,52.53787],[-1.42234,52.53816],[-1.43067,52.54166],[-1.43683,52.5437],[-1.43741,52.54357],[-1.43838,52.54455],[-1.4365,52.54414],[-1.43577,52.54395],[-1.43951,52.54513],[-1.44119,52.54642],[-1.44538,52.54624],[-1.44194,52.55027],[-1.44125,52.55276],[-1.4403,52.55461],[-1.44007,52.55554],[-1.438,52.55577],[-1.43565,52.55566],[-1.43406,52.55615],[-1.43373,52.55668],[-1.41714,52.55695],[-1.41622,52.56022],[-1.41692,52.56308],[-1.41611,52.5649],[-1.41627,52.56558],[-1.42386,52.56534],[-1.42206,52.56543],[-1.42192,52.56785],[-1.41958,52.57113],[-1.41763,52.57174],[-1.41357,52.58034],[-1.41105,52.58192],[-1.40562,52.57983],[-1.39975,52.57824],[-1.39632,52.57783],[-1.39441,52.57647],[-1.39178,52.57592],[-1.39491,52.57217],[-1.39393,52.57241],[-1.39222,52.57277],[-1.38438,52.57639],[-1.38419,52.57754],[-1.38422,52.57903],[-1.38231,52.57977],[-1.38282,52.57953],[-1.37741,52.57833],[-1.3669,52.57852],[-1.3596,52.58113],[-1.35193,52.58162],[-1.35014,52.582],[-1.34615,52.58123],[-1.34274,52.58278],[-1.34228,52.58301],[-1.34193,52.58311]]],[[[-1.35857,52.51697],[-1.35866,52.51695],[-1.35867,52.51695],[-1.35857,52.51698],[-1.35857,52.51697]]],[[[-1.36065,52.517],[-1.36132,52.5169],[-1.36069,52.517],[-1.36065,52.517]]],[[[-1.36065,52.517],[-1.35934,52.5172],[-1.35948,52.51697],[-1.36065,52.517]]],[[[-1.35907,52.51724],[-1.35934,52.5172],[-1.35932,52.51722],[-1.3591,52.51726],[-1.35907,52.51724]]],[[[-1.35857,52.51698],[-1.35907,52.51724],[-1.35628,52.51767],[-1.35857,52.51698]]],[[[-1.35857,52.51697],[-1.35685,52.51749],[-1.35602,52.51767],[-1.35843,52.51694],[-1.35851,52.51694],[-1.35857,52.51697]]],[[[-1.35602,52.51767],[-1.35577,52.51774],[-1.35545,52.51779],[-1.35602,52.51767]]],[[[-1.35628,52.51767],[-1.3559,52.51778],[-1.35581,52.51779],[-1.35621,52.51768],[-1.35628,52.51767]]],[[[-1.35485,52.51788],[-1.35545,52.51779],[-1.35468,52.51796],[-1.35457,52.51799],[-1.3545,52.51801],[-1.35485,52.51788]]],[[[-1.35347,52.51821],[-1.35698,52.51701],[-1.35731,52.51691],[-1.35755,52.51692],[-1.35485,52.51788],[-1.3548,52.51789],[-1.35408,52.51807],[-1.35402,52.51803],[-1.35383,52.51812],[-1.3538,52.51812],[-1.35377,52.51814],[-1.35373,52.51816],[-1.35341,52.51824],[-1.35347,52.51821]]],[[[-1.35347,52.51821],[-1.35328,52.51827],[-1.35322,52.51829],[-1.35349,52.51819],[-1.35347,52.51821]]],[[[-1.35581,52.51779],[-1.35312,52.51859],[-1.35318,52.51855],[-1.35579,52.5178],[-1.35581,52.51779]]],[[[-1.35312,52.51859],[-1.35307,52.51863],[-1.35232,52.51885],[-1.35241,52.5188],[-1.35312,52.51859]]],[[[-1.35328,52.51827],[-1.35341,52.51824],[-1.3529,52.51853],[-1.35285,52.51855],[-1.35005,52.51946],[-1.349,52.51976],[-1.34972,52.51949],[-1.35328,52.51827]]],[[[-1.34778,52.52022],[-1.35232,52.51885],[-1.35196,52.51906],[-1.35076,52.51943],[-1.34732,52.52039],[-1.34778,52.52022]]],[[[-1.34778,52.52022],[-1.34668,52.52055],[-1.34816,52.52008],[-1.34778,52.52022]]],[[[-1.349,52.51976],[-1.34832,52.52002],[-1.34651,52.5206],[-1.34615,52.52071],[-1.34852,52.5199],[-1.349,52.51976]]],[[[-1.34651,52.5206],[-1.34668,52.52055],[-1.34611,52.52073],[-1.34606,52.52075],[-1.34651,52.5206]]],[[[-1.34595,52.52078],[-1.34606,52.52075],[-1.34571,52.52086],[-1.34595,52.52078]]],[[[-1.34615,52.52071],[-1.34595,52.52078],[-1.34555,52.52089],[-1.34615,52.52071]]],[[[-1.35623,52.51767],[-1.35685,52.51749],[-1.35692,52.51747],[-1.35623,52.51767]]],[[[-1.35623,52.51767],[-1.35621,52.51768],[-1.35621,52.51768],[-1.35623,52.51767]]],[[[-1.35621,52.51768],[-1.35579,52.5178],[-1.35535,52.51787],[-1.35577,52.51774],[-1.35621,52.51768]]],[[[-1.35408,52.51807],[-1.35404,52.51808],[-1.35408,52.51807],[-1.35408,52.51807]]],[[[-1.35408,52.51807],[-1.3545,52.51801],[-1.35416,52.51813],[-1.35415,52.51813],[-1.35408,52.51807]]],[[[-1.35404,52.51808],[-1.35375,52.51815],[-1.35377,52.51814],[-1.35383,52.51812],[-1.35404,52.51808]]],[[[-1.35416,52.51813],[-1.35457,52.51799],[-1.35535,52.51787],[-1.35325,52.5185],[-1.3534,52.5184],[-1.35418,52.51815],[-1.35415,52.51813],[-1.35416,52.51813]]],[[[-1.35375,52.51815],[-1.35347,52.51835],[-1.35287,52.51854],[-1.3529,52.51853],[-1.35373,52.51816],[-1.35375,52.51815]]],[[[-1.35287,52.51854],[-1.35277,52.5186],[-1.35266,52.51864],[-1.35285,52.51855],[-1.35287,52.51854]]],[[[-1.35325,52.5185],[-1.35318,52.51855],[-1.35252,52.51874],[-1.3526,52.5187],[-1.35325,52.5185]]],[[[-1.35209,52.51887],[-1.35252,52.51874],[-1.35241,52.5188],[-1.35155,52.51906],[-1.35209,52.51887]]],[[[-1.35266,52.51864],[-1.35236,52.51877],[-1.35238,52.51877],[-1.35209,52.51887],[-1.35053,52.51932],[-1.35266,52.51864]]],[[[-1.35053,52.51932],[-1.34816,52.52008],[-1.34832,52.52002],[-1.35005,52.51946],[-1.35053,52.51932]]],[[[-1.3534,52.5184],[-1.35347,52.51835],[-1.35415,52.51813],[-1.35415,52.51813],[-1.3534,52.5184]]],[[[-1.3534,52.5184],[-1.3534,52.5184],[-1.3534,52.5184],[-1.3534,52.5184]]],[[[-1.3534,52.5184],[-1.35266,52.51866],[-1.35277,52.5186],[-1.3534,52.5184]]],[[[-1.35266,52.51866],[-1.3526,52.5187],[-1.35238,52.51877],[-1.35266,52.51866]]]]}},{"type":"Feature","properties":{"source_code":"M88010","codes":["M88010"],"label":"SWANPOOL MEDICAL CENTRE"},"geometry":{"type":"Polygon","coordinates":[[[-2.07429,52.56456],[-2.0735,52.56469],[-2.07266,52.56469],[-2.07181,52.56466],[-2.07101,52.56456],[-2.06997,52.5644],[-2.06966,52.56427],[-2.06866,52.56384],[-2.0676,52.56328],[-2.0662,52.56267],[-2.06498,52.56225],[-2.06391,52.56185],[-2.06125,52.56084],[-2.05856,52.56039],[-2.05485,52.56044],[-2.05282,52.56044],[-2.05092,52.56033],[-2.05006,52.56028],[-2.04931,52.56036],[-2.04851,52.56024],[-2.04771,52.56029],[-2.04485,52.55994],[-2.04336,52.55941],[-2.042,52.5589],[-2.04035,52.5583],[-2.03874,52.55765],[-2.03693,52.55699],[-2.03575,52.55651],[-2.03516,52.55624],[-2.03464,52.55598],[-2.03398,52.55541],[-2.03394,52.55513],[-2.03331,52.55484],[-2.03291,52.5543],[-2.03241,52.55364],[-2.03045,52.55165],[-2.03013,52.55112],[-2.03025,52.55077],[-2.03033,52.55052],[-2.02977,52.55021],[-2.0299,52.54901],[-2.03006,52.54832],[-2.03041,52.54777],[-2.02992,52.54735],[-2.02982,52.54691],[-2.02994,52.54648],[-2.03038,52.54565],[-2.03073,52.5453],[-2.03108,52.54493],[-2.03284,52.54358],[-2.03351,52.54305],[-2.03421,52.54258],[-2.03458,52.54213],[-2.03496,52.54147],[-2.03517,52.54036],[-2.03462,52.53896],[-2.03438,52.53825],[-2.03432,52.53755],[-2.03438,52.53597],[-2.03376,52.53434],[-2.03294,52.53328],[-2.0317,52.53223],[-2.02994,52.53151],[-2.02852,52.53125],[-2.02651,52.53066],[-2.02383,52.53027],[-2.0211,52.53022],[-2.01836,52.52975],[-2.01649,52.52869],[-2.02584,52.52607],[-2.02872,52.52834],[-2.03204,52.52784],[-2.03304,52.52779],[-2.03555,52.52759],[-2.03606,52.5274],[-2.03863,52.52663],[-2.03955,52.52548],[-2.04327,52.52232],[-2.04723,52.51787],[-2.04837,52.51656],[-2.04947,52.51528],[-2.05009,52.51471],[-2.05137,52.51452],[-2.05331,52.51492],[-2.05524,52.51522],[-2.0566,52.51517],[-2.05777,52.51478],[-2.05925,52.51433],[-2.06035,52.51404],[-2.06132,52.51379],[-2.06199,52.51352],[-2.06266,52.51378],[-2.06382,52.51424],[-2.06489,52.5157],[-2.0657,52.51708],[-2.06681,52.51832],[-2.06803,52.51955],[-2.07025,52.52127],[-2.07264,52.52278],[-2.07479,52.52389],[-2.07627,52.52437],[-2.07948,52.52421],[-2.08073,52.52428],[-2.08198,52.52454],[-2.08312,52.52507],[-2.08387,52.52583],[-2.08466,52.52813],[-2.08566,52.53091],[-2.08674,52.53369],[-2.0883,52.53861],[-2.08942,52.5411],[-2.09109,52.54363],[-2.09296,52.54627],[-2.09466,52.54884],[-2.09684,52.55225],[-2.09482,52.55305],[-2.09357,52.55319],[-2.09313,52.55341],[-2.09236,52.55362],[-2.08995,52.55429],[-2.08856,52.55506],[-2.08745,52.55671],[-2.08701,52.55765],[-2.08635,52.55833],[-2.08595,52.55856],[-2.08568,52.55893],[-2.08459,52.55938],[-2.08343,52.56056],[-2.08289,52.56158],[-2.08233,52.56197],[-2.08204,52.5625],[-2.08029,52.56298],[-2.0783,52.56332],[-2.0763,52.5639],[-2.07429,52.56456]]]}},{"type":"Feature","properties":{"source_code":"M84615","codes":["M84615"],"label":"HARTSHILL HEALTH CENTRE"},"geometry":{"type":"Polygon","coordinates":[[[-1.51724,52.55388],[-1.50162,52.53845],[-1.50086,52.53758],[-1.49095,52.5319],[-1.4898,52.52883],[-1.49624,52.52631],[-1.50716,52.52355],[-1.54027,52.51643],[-1.54594,52.52281],[-1.55643,52.54621],[-1.54218,52.54782],[-1.53293,52.54979],[-1.51724,52.55388]]]}},{"type":"Feature","properties":{"source_code":"M88612","codes":["M88612"],"label":"GLEBEFIELDS SURGERY"},"geometry":{"type":"Polygon","coordinates":[[[-2.05989,52.54358],[-2.05914,52.54473],[-2.05745,52.54567],[-2.05376,52.54609],[-2.04998,52.5464],[-2.04904,52.54572],[-2.0462,52.54452],[-2.04363,52.54416],[-2.04002,52.5429],[-2.03951,52.54181],[-2.03977,52.54108],[-2.03985,52.54042],[-2.0402,52.53961],[-2.04039,52.53861],[-2.03964,52.5376],[-2.03852,52.53663],[-2.03869,52.53565],[-2.03899,52.53413],[-2.04165,52.53392],[-2.04386,52.53323],[-2.04556,52.53212],[-2.05084,52.53126],[-2.05341,52.53121],[-2.0565,52.53304],[-2.05788,52.53497],[-2.05959,52.53664],[-2.06045,52.53847],[-2.06131,52.5404],[-2.06243,52.54264],[-2.05989,52.54358]]]}},{"type":"Feature","properties":{"source_code":"M85792","codes":["M85792"],"label":"COTMORE SURGERY"},"geometry":{"type":"Polygon","coordinates":[[[-1.89565,52.52892],[-1.89587,52.52952],[-1.89582,52.53011],[-1.89663,52.53178],[-1.8967,52.53417],[-1.8978,52.53657],[-1.89616,52.53897],[-1.90138,52.54116],[-1.90352,52.54522],[-1.90813,52.55315],[-1.89828,52.55592],[-1.88467,52.55263],[-1.88407,52.55014],[-1.88415,52.54785],[-1.88569,52.54473],[-1.88569,52.54161],[-1.88912,52.53516],[-1.89084,52.53079],[-1.89565,52.52892]]]}},{"type":"Feature","properties":{"source_code":"M85016","codes":["M85016"],"label":"HILLCREST SURGERY"},"geometry":{"type":"Polygon","coordinates":[[[-1.88107,52.56738],[-1.82888,52.53231],[-1.86424,52.51121],[-1.86596,52.51246],[-1.92038,52.53502],[-1.91986,52.54797],[-1.88107,52.56738]]]}},{"type":"Feature","properties":{"source_code":"M88008","codes":["M88008"],"label":"STONE CROSS MEDICAL CENTRE"},"geometry":{"type":"MultiPolygon","coordinates":[[[[-2.00342,52.54766],[-2.00342,52.54765],[-2.00345,52.54767],[-2.00342,52.54766]]],[[[-2.0044,52.5477],[-2.00123,52.5457],[-2.00187,52.54603],[-2.00217,52.54627],[-2.00277,52.54658],[-2.00337,52.54695],[-2.00376,52.54727],[-2.0044,52.5477]]],[[[-2.00476,52.54828],[-2.004,52.54794],[-2.00401,52.54794],[-2.00484,52.54831],[-2.00476,52.54828]]],[[[-2.00421,52.54807],[-2.00476,52.54828],[-2.00526,52.5485],[-2.00421,52.54807]]],[[[-2.00526,52.5485],[-2.00549,52.5486],[-2.00615,52.54889],[-2.00627,52.54896],[-2.00526,52.5485]]],[[[-2.00615,52.54889],[-2.00599,52.5488],[-2.00549,52.5486],[-2.00484,52.54831],[-2.00603,52.54875],[-2.00676,52.54914],[-2.00696,52.54925],[-2.00615,52.54889]]],[[[-2.00627,52.54896],[-2.00693,52.54925],[-2.00646,52.54906],[-2.00627,52.54896]]],[[[-2.00693,52.54925],[-2.00708,52.54931],[-2.00715,52.54935],[-2.00693,52.54925]]],[[[-2.00708,52.54931],[-2.00696,52.54925],[-2.00737,52.54943],[-2.00708,52.54931]]],[[[-2.00625,52.55011],[-2.00655,52.55003],[-2.00852,52.54958],[-2.00625,52.55011]]],[[[-2.00625,52.55011],[-2.0047,52.55055],[-2.00342,52.55078],[-2.00625,52.55011]]],[[[-2.00342,52.54766],[-2.00343,52.54767],[-2.00354,52.54774],[-2.00358,52.54774],[-2.00345,52.54767],[-2.00372,52.54776],[-2.00372,52.54777],[-2.00406,52.54784],[-2.00462,52.54804],[-2.00401,52.54794],[-2.00372,52.54781],[-2.004,52.54794],[-2.00385,52.54791],[-2.00383,52.54792],[-2.00421,52.54807],[-2.00381,52.54792],[-2.00346,52.54806],[-2.0027,52.54875],[-2.00238,52.54934],[-2.00212,52.54991],[-2.00166,52.55107],[-2.00169,52.55091],[-2.00157,52.5512],[-2.00157,52.5512],[-2.00149,52.55141],[-2.00149,52.55365],[-2.0008,52.55702],[-2.00012,52.55749],[-2.00007,52.55754],[-1.99973,52.55796],[-1.99878,52.55793],[-1.99638,52.55774],[-1.99518,52.55775],[-1.99237,52.55779],[-1.99044,52.5578],[-1.98865,52.55779],[-1.98738,52.55773],[-1.98048,52.55775],[-1.98535,52.55769],[-1.98361,52.5577],[-1.9817,52.5577],[-1.9781,52.55771],[-1.97778,52.55716],[-1.97859,52.55715],[-1.97548,52.55715],[-1.9761,52.55553],[-1.97531,52.55465],[-1.97119,52.55261],[-1.9693,52.55039],[-1.96672,52.54739],[-1.96655,52.54538],[-1.96638,52.54386],[-1.96518,52.54259],[-1.96518,52.54162],[-1.96389,52.54014],[-1.96642,52.53789],[-1.96896,52.53586],[-1.97016,52.53544],[-1.9711,52.53523],[-1.97187,52.53514],[-1.97211,52.53513],[-1.97213,52.5351],[-1.97388,52.53502],[-1.97452,52.53498],[-1.97664,52.5346],[-1.9773,52.53459],[-1.97788,52.5345],[-1.97914,52.53451],[-1.97973,52.53445],[-1.98021,52.53452],[-1.98046,52.53452],[-1.98269,52.53481],[-1.98391,52.53492],[-1.9857,52.5348],[-1.98578,52.53479],[-1.98581,52.5348],[-1.98589,52.53479],[-1.98586,52.53476],[-1.98654,52.535],[-1.98749,52.53525],[-1.98792,52.53533],[-1.98833,52.53548],[-1.98889,52.53563],[-1.98973,52.5358],[-1.99003,52.53609],[-1.99046,52.53656],[-1.99071,52.53703],[-1.99096,52.53725],[-1.99143,52.53758],[-1.99213,52.53779],[-1.99376,52.53805],[-1.99479,52.53826],[-1.99449,52.53881],[-1.99402,52.53954],[-1.99303,52.54024],[-1.99263,52.54036],[-1.99316,52.54149],[-1.99617,52.54358],[-1.99714,52.54413],[-2.00041,52.54528],[-2.00138,52.54639],[-2.00175,52.54673],[-2.00337,52.54764],[-2.00342,52.54766]]],[[[-1.98462,52.53499],[-1.98484,52.53495],[-1.98434,52.53496],[-1.98462,52.53499]]],[[[-1.98594,52.53483],[-1.9859,52.53479],[-1.98584,52.53481],[-1.98594,52.53483]]],[[[-2.00269,52.54741],[-2.00336,52.54777],[-2.00329,52.5477],[-2.00325,52.54768],[-2.00328,52.54769],[-2.00318,52.54758],[-2.00316,52.54757],[-2.00269,52.54741]]],[[[-2.00344,52.54772],[-2.00347,52.54772],[-2.00344,52.54771],[-2.00344,52.54772]]],[[[-2.00346,52.54776],[-2.00347,52.54783],[-2.00355,52.54787],[-2.00362,52.54783],[-2.00346,52.54776]]],[[[-2.00354,52.54787],[-2.00348,52.54785],[-2.0035,52.5479],[-2.00354,52.54787]]],[[[-2.00349,52.5479],[-2.00342,52.54783],[-2.00335,52.5478],[-2.0033,52.54799],[-2.00349,52.5479]]],[[[-1.99212,52.55344],[-1.99213,52.55345],[-1.99217,52.55343],[-1.99212,52.55344]]],[[[-1.98681,52.55705],[-1.98659,52.55706],[-1.98743,52.55705],[-1.98857,52.55703],[-1.99166,52.55697],[-1.99329,52.55697],[-1.99316,52.55694],[-1.98681,52.55705]]],[[[-1.99337,52.55699],[-1.98987,52.55703],[-1.99288,52.55701],[-1.99345,52.557],[-1.99337,52.55699]]]]}},{"type":"Feature","properties":{"source_code":"M88021","codes":["M88021"],"label":"SCOTT ARMS MEDICAL CENTRE"},"geometry":{"type":"MultiPolygon","coordinates":[[[[-1.94325,52.53451],[-1.94673,52.5345],[-1.94673,52.5345],[-1.9468,52.5345],[-1.94776,52.5345],[-1.94727,52.53451],[-1.95076,52.5346],[-1.95342,52.53497],[-1.95582,52.53559],[-1.95814,52.53633],[-1.9602,52.53726],[-1.96218,52.5382],[-1.96278,52.53899],[-1.96398,52.53982],[-1.96509,52.54092],[-1.96578,52.54202],[-1.9468,52.53453],[-1.94407,52.5346],[-1.94325,52.53451]]],[[[-1.91068,52.55846],[-1.91197,52.55913],[-1.91068,52.55666],[-1.91068,52.55846],[-1.91068,52.55856],[-1.90853,52.55298],[-1.90882,52.5531],[-1.9087,52.55287],[-1.90916,52.55196],[-1.90948,52.53899],[-1.91566,52.53633],[-1.91703,52.53533],[-1.91857,52.53465],[-1.91823,52.53532],[-1.93825,52.54468],[-1.91883,52.53523],[-1.9195,52.53522],[-1.91866,52.53523],[-1.91866,52.53455],[-1.91849,52.53455],[-1.92003,52.53351],[-1.92072,52.53262],[-1.92218,52.53178],[-1.92355,52.53163],[-1.92527,52.53137],[-1.92656,52.53137],[-1.92733,52.53137],[-1.92844,52.53147],[-1.92913,52.53147],[-1.92982,52.53147],[-1.93102,52.53199],[-1.93299,52.53278],[-1.93505,52.53345],[-1.93728,52.53371],[-1.93952,52.53418],[-1.94175,52.53434],[-1.94325,52.53451],[-1.94104,52.53451],[-1.94576,52.53474],[-1.94715,52.53471],[-1.96537,52.5423],[-1.96569,52.54202],[-1.96655,52.54426],[-1.96527,52.5453],[-1.96389,52.54624],[-1.96243,52.5475],[-1.96149,52.54817],[-1.96029,52.54901],[-1.95866,52.54938],[-1.95763,52.55016],[-1.95668,52.55052],[-1.95582,52.55089],[-1.95535,52.55122],[-1.95529,52.55127],[-1.95184,52.56403],[-1.95163,52.56495],[-1.9523,52.56466],[-1.95854,52.56793],[-1.95909,52.56816],[-1.96123,52.56889],[-1.9626,52.56988],[-1.95942,52.5684],[-1.96235,52.56993],[-1.96295,52.5715],[-1.96312,52.57291],[-1.9627,52.57337],[-1.96286,52.57338],[-1.96089,52.57818],[-1.95153,52.57911],[-1.94733,52.57833],[-1.94192,52.57619],[-1.94046,52.57651],[-1.93857,52.57604],[-1.93711,52.57343],[-1.93609,52.57147],[-1.93072,52.56886],[-1.936,52.5716],[-1.93016,52.56859],[-1.92164,52.56444],[-1.91385,52.56315],[-1.91291,52.56044],[-1.91068,52.55846]]]]}},{"type":"Feature","properties":{"source_code":"M88015","codes":["M88015"],"label":"GREAT BARR PRACTICE"},"geometry":{"type":"Polygon","coordinates":[[[-1.86974,52.58824],[-1.87626,52.58031],[-1.88004,52.56967],[-1.88004,52.56529],[-1.85566,52.5463],[-1.86768,52.54275],[-1.87489,52.53565],[-1.89548,52.52834],[-1.89823,52.52583],[-1.89651,52.52019],[-1.90063,52.51789],[-1.92329,52.51246],[-1.94321,52.51476],[-1.94801,52.51392],[-1.95042,52.50933],[-1.97445,52.51142],[-1.96827,52.5417],[-1.95625,52.55047],[-1.93428,52.55277],[-1.94115,52.56028],[-1.92982,52.56028],[-1.92261,52.56571],[-1.91608,52.56571],[-1.91711,52.563],[-1.91402,52.5632],[-1.91368,52.58323],[-1.91711,52.59095],[-1.90887,52.58761],[-1.86974,52.58824]]]}},{"type":"Feature","properties":{"source_code":"M85060","codes":["M85060"],"label":"THE OAKS MEDICAL CENTRE"},"geometry":{"type":"Polygon","coordinates":[[[-1.85768,52.59604],[-1.84794,52.59015],[-1.84258,52.58735],[-1.83787,52.5846],[-1.84277,52.5822],[-1.84432,52.58118],[-1.84544,52.5798],[-1.84553,52.57841],[-1.84471,52.57708],[-1.84386,52.57609],[-1.84174,52.575],[-1.8401,52.57404],[-1.83653,52.57351],[-1.83582,52.57119],[-1.83448,52.56942],[-1.83416,52.56784],[-1.83383,52.5677],[-1.83324,52.56745],[-1.83142,52.56608],[-1.83017,52.56513],[-1.83132,52.56454],[-1.83489,52.56292],[-1.83647,52.5607],[-1.83496,52.56019],[-1.83419,52.55994],[-1.83359,52.55987],[-1.83248,52.55987],[-1.83277,52.5592],[-1.83298,52.55848],[-1.83302,52.55732],[-1.83293,52.55689],[-1.83259,52.55512],[-1.83242,52.55433],[-1.83213,52.55386],[-1.83153,52.5531],[-1.82975,52.55382],[-1.82929,52.55302],[-1.82959,52.55182],[-1.82972,52.55113],[-1.82977,52.55069],[-1.82996,52.54986],[-1.83035,52.54911],[-1.83026,52.54872],[-1.83423,52.54754],[-1.83529,52.54719],[-1.83656,52.54701],[-1.83746,52.54693],[-1.83829,52.54686],[-1.83946,52.54675],[-1.8409,52.54662],[-1.84262,52.54642],[-1.84372,52.54623],[-1.84504,52.54584],[-1.84712,52.54518],[-1.84827,52.54486],[-1.84878,52.54461],[-1.84929,52.54429],[-1.85024,52.54351],[-1.85609,52.54628],[-1.85819,52.545],[-1.85959,52.54453],[-1.86111,52.54419],[-1.86237,52.544],[-1.86383,52.54365],[-1.86524,52.5433],[-1.8666,52.54282],[-1.86799,52.54208],[-1.86899,52.5412],[-1.87037,52.53951],[-1.87368,52.53639],[-1.87498,52.53544],[-1.87644,52.53473],[-1.8798,52.53367],[-1.88044,52.53339],[-1.88132,52.5333],[-1.88244,52.53302],[-1.88432,52.53243],[-1.88628,52.53194],[-1.88713,52.53177],[-1.88824,52.53142],[-1.89224,52.52964],[-1.89449,52.52891],[-1.89529,52.52868],[-1.89586,52.52829],[-1.8974,52.52928],[-1.89882,52.53053],[-1.90117,52.53408],[-1.90185,52.53481],[-1.90275,52.53555],[-1.90353,52.53607],[-1.90501,52.53686],[-1.90771,52.53789],[-1.90997,52.53886],[-1.91194,52.54016],[-1.91681,52.54517],[-1.91863,52.54681],[-1.91881,52.54701],[-1.9195,52.54751],[-1.91993,52.54791],[-1.92001,52.54803],[-1.9205,52.54844],[-1.92176,52.54937],[-1.9212,52.54988],[-1.92105,52.55084],[-1.92107,52.55133],[-1.92139,52.5518],[-1.9216,52.55225],[-1.92202,52.55268],[-1.92286,52.55349],[-1.92002,52.55722],[-1.91981,52.55887],[-1.91839,52.56051],[-1.91389,52.56286],[-1.91404,52.5632],[-1.91408,52.56362],[-1.91394,52.56405],[-1.91354,52.56487],[-1.91316,52.56563],[-1.91283,52.56669],[-1.91268,52.56741],[-1.91257,52.56858],[-1.913,52.57082],[-1.91299,52.57317],[-1.9131,52.57477],[-1.91333,52.5766],[-1.91337,52.57713],[-1.91349,52.57765],[-1.91344,52.5787],[-1.91334,52.57986],[-1.91317,52.58117],[-1.91262,52.58201],[-1.91349,52.58366],[-1.91355,52.58417],[-1.91379,52.58456],[-1.91426,52.58541],[-1.91509,52.58632],[-1.91592,52.58741],[-1.91695,52.58948],[-1.91698,52.59028],[-1.91645,52.59111],[-1.91584,52.59189],[-1.91505,52.59259],[-1.91344,52.59397],[-1.91387,52.59483],[-1.91405,52.59582],[-1.914,52.59668],[-1.91382,52.59756],[-1.91336,52.59881],[-1.91339,52.60059],[-1.91025,52.59387],[-1.91292,52.60211],[-1.91293,52.60287],[-1.9128,52.60361],[-1.91146,52.60337],[-1.91008,52.60317],[-1.90723,52.6028],[-1.90593,52.6026],[-1.90304,52.59783],[-1.90462,52.60253],[-1.89926,52.59679],[-1.89686,52.59679],[-1.89588,52.60277],[-1.89394,52.60276],[-1.89188,52.60277],[-1.89136,52.59721],[-1.89058,52.60268],[-1.88984,52.60293],[-1.88902,52.6027],[-1.88819,52.60274],[-1.88622,52.59846],[-1.88542,52.60224],[-1.88426,52.60223],[-1.88244,52.60075],[-1.88312,52.59742],[-1.88143,52.60232],[-1.88175,52.59638],[-1.87969,52.59763],[-1.87898,52.60302],[-1.87565,52.60413],[-1.87214,52.59721],[-1.87076,52.59783],[-1.86876,52.60269],[-1.86768,52.59867],[-1.86727,52.60277],[-1.86585,52.60281],[-1.86286,52.60277],[-1.86104,52.6012],[-1.86017,52.59784],[-1.85918,52.59686],[-1.85768,52.59604]]]}},{"type":"Feature","properties":{"source_code":"M88022","codes":["M88022"],"label":"JUBILEE HEALTH CENTRE"},"geometry":{"type":"Polygon","coordinates":[[[-2.01608,52.54348],[-2.03427,52.53888],[-2.05582,52.53246],[-2.06088,52.54066],[-2.0656,52.54186],[-2.05685,52.54572],[-2.05041,52.5465],[-2.05187,52.55423],[-2.0432,52.5596],[-2.04981,52.55939],[-2.04706,52.56091],[-2.042,52.56315],[-2.03153,52.5668],[-2.01951,52.5715],[-2.01488,52.57583],[-2.01453,52.56952],[-2.00329,52.56571],[-1.98844,52.56174],[-1.97762,52.55668],[-1.97634,52.55318],[-1.98458,52.54202],[-1.99642,52.54243],[-2.01041,52.53403],[-2.01608,52.54348]]]}},{"type":"Feature","properties":{"source_code":"M88001","codes":["M88001"],"label":"THE VILLAGE MEDICAL CENTRE"},"geometry":{"type":"Polygon","coordinates":[[[-2.03144,52.54859],[-1.99831,52.5728],[-1.97102,52.55705],[-2.00672,52.52959],[-2.03144,52.54859]]]}},{"type":"Feature","properties":{"source_code":"M88643","codes":["M88643"],"label":"THE SPIRES HEALTH CENTRE"},"geometry":{"type":"Polygon","coordinates":[[[-2.00277,52.56712],[-2.00046,52.55615],[-1.99419,52.54935],[-1.99179,52.54525],[-2.01029,52.53856],[-2.0329,52.54315],[-2.02985,52.54623],[-2.03058,52.54742],[-2.02955,52.54982],[-2.03174,52.55237],[-2.03423,52.55538],[-2.03912,52.55755],[-2.04831,52.56088],[-2.03678,52.5664],[-2.03007,52.56806],[-2.02466,52.56939],[-2.0196,52.57145],[-2.00277,52.56712]]]}},{"type":"Feature","properties":{"source_code":"M85155","codes":["M85155"],"label":"KINGSTANDING CIRCLE SURGERY"},"geometry":{"type":"Polygon","coordinates":[[[-1.85299,52.54808],[-1.85285,52.54815],[-1.85611,52.54657],[-1.85609,52.54655],[-1.85299,52.54808],[-1.85356,52.54778],[-1.85609,52.54655],[-1.85463,52.54525],[-1.85481,52.54518],[-1.85463,52.54504],[-1.85509,52.54507],[-1.87094,52.53883],[-1.87128,52.53847],[-1.87095,52.53882],[-1.87179,52.53849],[-1.87368,52.53669],[-1.87536,52.53546],[-1.87703,52.53458],[-1.88072,52.53358],[-1.88261,52.53317],[-1.88519,52.53236],[-1.88776,52.53186],[-1.89059,52.53045],[-1.89287,52.52962],[-1.89548,52.52883],[-1.89647,52.5281],[-1.89712,52.52721],[-1.89793,52.52695],[-1.89943,52.52682],[-1.90063,52.52635],[-1.90179,52.52591],[-1.90321,52.52604],[-1.90484,52.52656],[-1.90613,52.52721],[-1.90673,52.52706],[-1.91102,52.52972],[-1.9142,52.53181],[-1.91716,52.53361],[-1.92364,52.53834],[-1.9257,52.54014],[-1.92827,52.54243],[-1.93085,52.54413],[-1.93308,52.54585],[-1.93123,52.5459],[-1.92849,52.54585],[-1.92643,52.54614],[-1.9242,52.54609],[-1.92128,52.5459],[-1.91909,52.5465],[-1.91795,52.5478],[-1.91814,52.54797],[-1.91556,52.54942],[-1.91535,52.54956],[-1.91368,52.55076],[-1.91196,52.55191],[-1.90905,52.55311],[-1.90903,52.5531],[-1.90884,52.55321],[-1.90913,52.55316],[-1.91012,52.55381],[-1.91051,52.5547],[-1.91111,52.55822],[-1.91196,52.5601],[-1.91317,52.56119],[-1.9136,52.56193],[-1.9139,52.56313],[-1.91372,52.56409],[-1.91265,52.56641],[-1.91239,52.5686],[-1.91274,52.57079],[-1.91282,52.57356],[-1.91334,52.57708],[-1.91304,52.58089],[-1.9099,52.58159],[-1.90574,52.58177],[-1.89617,52.58271],[-1.8866,52.58365],[-1.88579,52.58133],[-1.88471,52.57859],[-1.88235,52.57372],[-1.88141,52.57218],[-1.88016,52.56965],[-1.8791,52.56708],[-1.86763,52.55685],[-1.86592,52.5571],[-1.86416,52.55752],[-1.86244,52.55754],[-1.86064,52.55723],[-1.85871,52.55661],[-1.85879,52.55668],[-1.85652,52.55559],[-1.8536,52.55439],[-1.8515,52.55365],[-1.84896,52.55334],[-1.84626,52.55363],[-1.84339,52.55428],[-1.83759,52.55551],[-1.83321,52.55702],[-1.8315,52.553],[-1.8418,52.55031],[-1.85067,52.5493],[-1.85061,52.54925],[-1.85047,52.54932],[-1.85061,52.54925],[-1.8506,52.54924],[-1.8524,52.54837],[-1.85299,52.54808]],[[-1.85995,52.55],[-1.86119,52.55111],[-1.85993,52.54999],[-1.85995,52.55]],[[-1.85787,52.55585],[-1.85787,52.55585],[-1.86536,52.55488],[-1.86743,52.55683],[-1.86761,52.55684],[-1.86539,52.55485],[-1.85787,52.55585]],[[-1.85871,52.5565],[-1.85801,52.55597],[-1.85865,52.55655],[-1.86452,52.55674],[-1.85871,52.5565]]]}},{"type":"Feature","properties":{"source_code":"M88023","codes":["M88023"],"label":"TAME VALLEY MEDICAL CENTRE"},"geometry":{"type":"Polygon","coordinates":[[[-1.99436,52.52938],[-2.00535,52.52646],[-2.01496,52.54212],[-2.01942,52.54859],[-2.02457,52.55172],[-2.02354,52.55527],[-2.03496,52.56675],[-2.01908,52.57155],[-2.01839,52.57259],[-2.01393,52.57259],[-2.00363,52.56592],[-1.9796,52.55986],[-1.97479,52.55611],[-1.96793,52.5463],[-1.97033,52.53606],[-1.97445,52.53439],[-1.98544,52.53398],[-1.99436,52.52938]]]}},{"type":"Feature","properties":{"source_code":"M88007","codes":["M88007"],"label":"OAKESWELL HEALTH CENTRE"},"geometry":{"type":"Polygon","coordinates":[[[-2.05097,52.54867],[-2.05076,52.55241],[-2.05214,52.55523],[-2.04652,52.55742],[-2.04388,52.55912],[-2.0434,52.55977],[-2.04786,52.56084],[-2.02925,52.57074],[-2.02035,52.57334],[-2.01746,52.57525],[-2.01458,52.57549],[-2.00747,52.5755],[-2.00089,52.57405],[-2.00166,52.56999],[-1.99728,52.5703],[-1.999,52.56654],[-2.00329,52.56696],[-1.98054,52.55986],[-1.97578,52.55538],[-1.97926,52.55172],[-1.98406,52.54337],[-1.98417,52.54212],[-1.98132,52.54181],[-1.98198,52.53959],[-1.98209,52.53841],[-1.98333,52.53612],[-1.98393,52.53494],[-1.98445,52.53489],[-1.9853,52.53454],[-1.99112,52.53575],[-1.99186,52.53622],[-1.9927,52.53726],[-1.99406,52.5369],[-1.99475,52.53618],[-1.99531,52.53527],[-2.00124,52.53685],[-2.00434,52.53819],[-2.00643,52.53837],[-2.00921,52.53713],[-2.0152,52.53713],[-2.01715,52.53878],[-2.02535,52.54267],[-2.03166,52.54108],[-2.03685,52.54173],[-2.04148,52.54342],[-2.04753,52.54481],[-2.04875,52.54554],[-2.05013,52.54669],[-2.05097,52.54867]]]}},{"type":"Feature","properties":{"source_code":"M85158","codes":["M85158"],"label":"APOLLO SURGERY"},"geometry":{"type":"Polygon","coordinates":[[[-1.87875,52.56247],[-1.87257,52.5511],[-1.8985,52.53439],[-1.91257,52.5536],[-1.91017,52.56842],[-1.89798,52.57322],[-1.87875,52.56247]]]}},{"type":"Feature","properties":{"source_code":"M91642","codes":["M91642"],"label":"QUESLETT MEDICAL CENTRE"},"geometry":{"type":"Polygon","coordinates":[[[-1.89875,52.55647],[-1.86383,52.56487],[-1.85377,52.56706],[-1.85398,52.56723],[-1.85374,52.56729],[-1.84993,52.55598],[-1.85192,52.54754],[-1.86482,52.53486],[-1.89407,52.52827],[-1.9227,52.5341],[-1.94151,52.54535],[-1.93861,52.56555],[-1.91463,52.5863],[-1.88725,52.58503],[-1.86879,52.57939],[-1.85398,52.56723],[-1.86383,52.56487],[-1.8766,52.56208],[-1.89875,52.55647]]]}},{"type":"Feature","properties":{"source_code":"M85033","codes":["M85033"],"label":"THE MANOR PRACTICE"},"geometry":{"type":"MultiPolygon","coordinates":[[[[-1.83163,52.53586],[-1.83403,52.53648],[-1.83255,52.53644],[-1.83163,52.53586]]],[[[-1.83255,52.53644],[-1.84678,52.54543],[-1.84978,52.54938],[-1.84802,52.55089],[-1.86441,52.55616],[-1.85502,52.5568],[-1.83841,52.5565],[-1.84399,52.56383],[-1.83437,52.56738],[-1.83952,52.57259],[-1.84575,52.57838],[-1.84064,52.58344],[-1.85446,52.59106],[-1.85394,52.60065],[-1.84227,52.60133],[-1.83506,52.60659],[-1.81583,52.60524],[-1.79901,52.59992],[-1.78056,52.58516],[-1.76897,52.56706],[-1.75219,52.56031],[-1.73953,52.54938],[-1.77185,52.54554],[-1.78802,52.53878],[-1.80605,52.53909],[-1.82038,52.53612],[-1.83255,52.53644]]]]}},{"type":"Feature","properties":{"source_code":"M84006","codes":["M84006"],"label":"PEAR TREE SURGERY"},"geometry":{"type":"Polygon","coordinates":[[[-1.65001,52.60565],[-1.64383,52.60232],[-1.65739,52.60284],[-1.65906,52.60289],[-1.63971,52.602],[-1.65585,52.58741],[-1.6349,52.57906],[-1.6404,52.55924],[-1.67474,52.5496],[-1.67439,52.54953],[-1.65344,52.55538],[-1.64057,52.55903],[-1.63621,52.55319],[-1.63988,52.55945],[-1.62632,52.56258],[-1.61276,52.55517],[-1.60589,52.54254],[-1.6188,52.53881],[-1.61808,52.53878],[-1.62495,52.53105],[-1.62563,52.52917],[-1.63559,52.51998],[-1.64537,52.52479],[-1.65619,52.5252],[-1.67765,52.52593],[-1.69653,52.53627],[-1.70528,52.54692],[-1.6931,52.5535],[-1.68742,52.5523],[-1.71146,52.55882],[-1.72279,52.56446],[-1.72279,52.58323],[-1.71229,52.59517],[-1.70048,52.61472],[-1.68486,52.61243],[-1.67627,52.61034],[-1.66477,52.60805],[-1.65001,52.60565]],[[-1.68473,52.60408],[-1.6833,52.60401],[-1.68468,52.60409],[-1.68473,52.60408]],[[-1.69052,52.60232],[-1.69086,52.60221],[-1.69039,52.60236],[-1.69052,52.60232]]]}},{"type":"Feature","properties":{"source_code":"M91026","codes":["M91026"],"label":"DARLASTON FAMILY PRACTICE"},"geometry":{"type":"Polygon","coordinates":[[[-2.04775,52.5751],[-2.04723,52.57598],[-2.04723,52.57698],[-2.04629,52.57844],[-2.04449,52.57896],[-2.04672,52.58094],[-2.042,52.58402],[-2.0402,52.58522],[-2.03625,52.58647],[-2.03247,52.5873],[-2.03024,52.5872],[-2.02475,52.58553],[-2.02011,52.58469],[-2.01668,52.58574],[-2.01376,52.58542],[-2.00775,52.58741],[-1.99368,52.58626],[-2.00157,52.57593],[-2.0002,52.57343],[-2.0014,52.56957],[-2.00466,52.56404],[-2.00809,52.55976],[-2.0105,52.55778],[-2.01445,52.55412],[-2.01822,52.55371],[-2.02217,52.55392],[-2.02457,52.55183],[-2.0299,52.55047],[-2.03316,52.55548],[-2.04586,52.56018],[-2.04981,52.56091],[-2.05444,52.56581],[-2.05479,52.56957],[-2.04775,52.5751]]]}},{"type":"Feature","properties":{"source_code":"M91028","codes":["M91028"],"label":"MODALITY KINGFISHER DARLASTON PRACTICE"},"geometry":{"type":"Polygon","coordinates":[[[-2.03676,52.60232],[-2.03174,52.60109],[-2.03135,52.60096],[-2.02367,52.60015],[-2.02084,52.59816],[-2.01713,52.5969],[-2.00101,52.5974],[-2.01427,52.59558],[-2.00138,52.59643],[-2.00882,52.59512],[-2.00819,52.59153],[-2.01529,52.59378],[-2.01601,52.59299],[-2.01599,52.59288],[-2.01522,52.59343],[-2.01496,52.59093],[-2.01493,52.59046],[-2.0152,52.59007],[-2.01505,52.5893],[-2.01515,52.58767],[-2.01517,52.58663],[-2.01595,52.58575],[-2.01592,52.58456],[-2.01751,52.5824],[-2.02226,52.57911],[-2.02786,52.57922],[-2.03775,52.58115],[-2.0392,52.58339],[-2.04005,52.58574],[-2.04912,52.58522],[-2.04062,52.59288],[-2.04168,52.5952],[-2.05148,52.59601],[-2.04947,52.60002],[-2.0456,52.60284],[-2.03676,52.60232]]]}},{"type":"Feature","properties":{"source_code":"M91660","codes":["M91660"],"label":"MODALITY DARLASTON PRACTICE"},"geometry":{"type":"Polygon","coordinates":[[[-2.01603,52.58374],[-2.0175,52.58344],[-2.01747,52.58344],[-2.01606,52.58364],[-2.01603,52.58374],[-2.01591,52.58376],[-2.01591,52.58323],[-2.0153,52.58323],[-2.01496,52.57927],[-2.01528,52.57909],[-2.01496,52.57739],[-2.01463,52.57478],[-2.01458,52.57471],[-2.01419,52.574],[-2.01363,52.57291],[-2.01329,52.57147],[-2.01462,52.57071],[-2.01462,52.57051],[-2.01711,52.56853],[-2.01685,52.56816],[-2.01801,52.56756],[-2.0185,52.56709],[-2.01858,52.56639],[-2.01818,52.5655],[-2.01771,52.56524],[-2.01792,52.56443],[-2.01994,52.56425],[-2.02001,52.56425],[-2.02011,52.56404],[-2.02168,52.56374],[-2.02286,52.5632],[-2.02732,52.56216],[-2.03178,52.56028],[-2.03403,52.55971],[-2.0341,52.55968],[-2.03625,52.55861],[-2.03745,52.55812],[-2.03764,52.55811],[-2.03831,52.55778],[-2.04371,52.55959],[-2.04529,52.56007],[-2.05067,52.56007],[-2.05136,52.56011],[-2.05229,52.55993],[-2.04801,52.55992],[-2.05002,52.55989],[-2.05252,52.55989],[-2.05376,52.55966],[-2.05386,52.55989],[-2.05449,52.55989],[-2.05479,52.55986],[-2.05586,52.56086],[-2.05676,52.56187],[-2.05676,52.56323],[-2.05663,52.56371],[-2.05685,52.56529],[-2.05646,52.56614],[-2.05646,52.56641],[-2.05599,52.56764],[-2.05544,52.56838],[-2.05533,52.56861],[-2.05582,52.56842],[-2.05528,52.56872],[-2.05513,52.56905],[-2.05341,52.57093],[-2.04963,52.57323],[-2.04914,52.57355],[-2.04869,52.574],[-2.04834,52.57416],[-2.04483,52.57718],[-2.03831,52.58011],[-2.03571,52.58063],[-2.03547,52.58073],[-2.03246,52.58134],[-2.02904,52.58219],[-2.02354,52.58323],[-2.0204,52.58334],[-2.02037,52.58334],[-2.01942,52.58339],[-2.01936,52.58337],[-2.01894,52.58339],[-2.01814,52.58355],[-2.01719,52.58365],[-2.01599,52.58386],[-2.01603,52.58374]],[[-2.05479,52.56028],[-2.05483,52.56028],[-2.05522,52.56028],[-2.05449,52.55994],[-2.05388,52.55994],[-2.05402,52.56024],[-2.05479,52.56028],[-2.05479,52.56028]]]}},{"type":"Feature","properties":{"source_code":"C82061","codes":["C82061"],"label":"BARWELL & HOLLYCROFT MEDICAL CENTRES"},"geometry":{"type":"Polygon","coordinates":[[[-1.29364,52.57958],[-1.27862,52.56766],[-1.29244,52.56409],[-1.30222,52.55694],[-1.31836,52.53993],[-1.32046,52.53686],[-1.32497,52.53217],[-1.32686,52.53056],[-1.32857,52.52902],[-1.33209,52.52625],[-1.33633,52.52407],[-1.341,52.52248],[-1.3499,52.51902],[-1.35345,52.51779],[-1.35662,52.51691],[-1.35961,52.51629],[-1.36261,52.51625],[-1.38207,52.52357],[-1.3938,52.52761],[-1.41153,52.53442],[-1.41488,52.53549],[-1.42015,52.53742],[-1.43796,52.54361],[-1.44895,52.54935],[-1.4459,52.54841],[-1.45123,52.55068],[-1.44925,52.55256],[-1.44728,52.55632],[-1.44331,52.55762],[-1.42251,52.56477],[-1.42225,52.56714],[-1.42095,52.56931],[-1.41879,52.57314],[-1.4132,52.58303],[-1.40149,52.58438],[-1.3831,52.6007],[-1.37258,52.60661],[-1.37201,52.59812],[-1.37054,52.59825],[-1.36531,52.5953],[-1.36213,52.59589],[-1.35647,52.60375],[-1.34617,52.60483],[-1.33707,52.60527],[-1.3266,52.6055],[-1.29364,52.57958]]]}},{"type":"Feature","properties":{"source_code":"M91641","codes":["M91641"],"label":"DARLASTON MEDICAL CENTRE"},"geometry":{"type":"MultiPolygon","coordinates":[[[[-2.04128,52.57831],[-2.04264,52.57781],[-2.04088,52.57848],[-2.04128,52.57831]]],[[[-2.02791,52.58224],[-2.03354,52.58115],[-2.03451,52.58079],[-2.03526,52.58063],[-2.04088,52.57848],[-2.03955,52.57906],[-2.03685,52.58021],[-2.03341,52.5812],[-2.02711,52.58243],[-2.02633,52.58258],[-2.02775,52.58227],[-2.02791,52.58224]]],[[[-2.00827,52.55997],[-2.01024,52.56002],[-2.01269,52.55989],[-2.01458,52.56002],[-2.01668,52.56036],[-2.01762,52.55979],[-2.01852,52.55877],[-2.01985,52.5583],[-2.02131,52.55796],[-2.02226,52.55744],[-2.0232,52.55673],[-2.0241,52.55574],[-2.02522,52.55613],[-2.02419,52.55569],[-2.02595,52.55577],[-2.02728,52.55577],[-2.02925,52.55569],[-2.03037,52.55592],[-2.03148,52.55616],[-2.03286,52.55595],[-2.03294,52.55559],[-2.03766,52.55739],[-2.04367,52.55963],[-2.04526,52.56018],[-2.04813,52.56052],[-2.05037,52.56049],[-2.05474,52.56054],[-2.05474,52.56117],[-2.05595,52.56195],[-2.05655,52.56292],[-2.05543,52.56365],[-2.05363,52.56477],[-2.0541,52.56639],[-2.05414,52.5679],[-2.0547,52.56907],[-2.05281,52.57051],[-2.05105,52.5721],[-2.04934,52.57351],[-2.04741,52.57486],[-2.04526,52.57612],[-2.04213,52.57794],[-2.04128,52.57831],[-2.03451,52.58079],[-2.02791,52.58224],[-2.02612,52.58258],[-2.0243,52.58297],[-2.02153,52.5835],[-2.01824,52.58429],[-2.01573,52.58485],[-2.01445,52.58363],[-2.01415,52.57896],[-2.01324,52.57562],[-2.01247,52.57314],[-2.01114,52.57006],[-2.00852,52.56834],[-2.00406,52.56649],[-2.00406,52.56498],[-2.00531,52.56313],[-2.00664,52.56177],[-2.00827,52.55997]]],[[[-2.01824,52.58429],[-2.02097,52.58368],[-2.0243,52.58297],[-2.02633,52.58258],[-2.01578,52.58488],[-2.01824,52.58429]]]]}},{"type":"Feature","properties":{"source_code":"Y00278","codes":["Y00278"],"label":"DARLASTON HEALTH CENTRE"},"geometry":{"type":"Polygon","coordinates":[[[-2.05616,52.59001],[-2.05316,52.59153],[-2.04217,52.59351],[-2.03659,52.59575],[-2.01496,52.59742],[-2.00685,52.59177],[-1.99762,52.59341],[-1.992,52.59303],[-1.99056,52.59198],[-1.98954,52.59087],[-1.98803,52.58872],[-1.99094,52.58724],[-1.99171,52.58687],[-1.99385,52.58602],[-1.99443,52.5844],[-1.99544,52.58306],[-1.99763,52.58054],[-2.00003,52.5778],[-2.00119,52.57652],[-2.00139,52.57585],[-2.0009,52.57523],[-2.00065,52.57363],[-2.00065,52.57327],[-2.00071,52.57289],[-2.00077,52.57266],[-2.00087,52.57202],[-2.001,52.57151],[-2.00114,52.57122],[-2.00117,52.57112],[-2.0019,52.57008],[-2.0018,52.56964],[-2.00187,52.56925],[-2.00182,52.56884],[-2.0019,52.56842],[-2.00198,52.56764],[-2.00286,52.56633],[-2.00814,52.55979],[-2.01136,52.55676],[-2.01496,52.55402],[-2.01716,52.55371],[-2.01809,52.55365],[-2.01949,52.55371],[-2.0223,52.55407],[-2.02293,52.55292],[-2.02364,52.55256],[-2.02423,52.55219],[-2.02481,52.55235],[-2.02553,52.55162],[-2.02745,52.55068],[-2.02598,52.55141],[-2.02717,52.55107],[-2.02869,52.55099],[-2.06011,52.56086],[-2.0662,52.56302],[-2.07127,52.5656],[-2.0732,52.57805],[-2.05616,52.59001]]]}},{"type":"Feature","properties":{"source_code":"M91619","codes":["M91619"],"label":"BROADWAY MEDICAL CENTRE"},"geometry":{"type":"Polygon","coordinates":[[[-1.93293,52.58098],[-1.93188,52.58071],[-1.93065,52.58042],[-1.93098,52.58012],[-1.93203,52.57977],[-1.93252,52.57965],[-1.93312,52.57917],[-1.93398,52.5787],[-1.93544,52.57831],[-1.93591,52.57785],[-1.9375,52.57709],[-1.93861,52.57618],[-1.93806,52.57588],[-1.93825,52.57519],[-1.9381,52.57472],[-1.93711,52.57364],[-1.93698,52.573],[-1.93651,52.57253],[-1.93604,52.57158],[-1.93643,52.57076],[-1.9369,52.57016],[-1.9375,52.56991],[-1.93887,52.56969],[-1.93892,52.56929],[-1.93992,52.56809],[-1.9407,52.5674],[-1.94089,52.56688],[-1.94104,52.56532],[-1.94093,52.56491],[-1.93919,52.565],[-1.93739,52.56521],[-1.93589,52.56546],[-1.93488,52.56435],[-1.94437,52.56273],[-1.94909,52.56596],[-1.95179,52.56485],[-1.95194,52.56349],[-1.95237,52.56065],[-1.95271,52.55809],[-1.95303,52.55549],[-1.95321,52.55472],[-1.95361,52.55322],[-1.9546,52.55168],[-1.95589,52.55088],[-1.9619,52.55135],[-1.96402,52.5515],[-1.96881,52.55223],[-1.97263,52.55373],[-1.97421,52.55501],[-1.97606,52.55675],[-1.97941,52.55911],[-1.98586,52.56232],[-1.99108,52.56379],[-2.00001,52.56572],[-2.00312,52.56656],[-2.00191,52.56808],[-2.00181,52.57003],[-2.00093,52.57154],[-2.00058,52.57369],[-1.9994,52.57343],[-1.99717,52.57332],[-1.99563,52.57417],[-1.99445,52.5745],[-1.99234,52.57477],[-1.99099,52.57549],[-1.98838,52.57712],[-1.98677,52.57814],[-1.98539,52.58039],[-1.98453,52.58059],[-1.98217,52.58094],[-1.98134,52.58141],[-1.97992,52.58151],[-1.97992,52.58127],[-1.98063,52.58064],[-1.98082,52.57977],[-1.98044,52.57864],[-1.97797,52.57879],[-1.97535,52.57911],[-1.97361,52.5794],[-1.97368,52.57979],[-1.97172,52.57944],[-1.97001,52.57919],[-1.96916,52.57918],[-1.96917,52.57918],[-1.96888,52.57918],[-1.96831,52.57918],[-1.96615,52.57861],[-1.96831,52.57919],[-1.96888,52.57918],[-1.96916,52.57918],[-1.96769,52.57982],[-1.96569,52.57997],[-1.9643,52.58],[-1.96312,52.58003],[-1.96039,52.57966],[-1.95827,52.57921],[-1.95666,52.57888],[-1.95647,52.57874],[-1.95291,52.57888],[-1.95127,52.57885],[-1.94808,52.5784],[-1.94679,52.57828],[-1.94574,52.57837],[-1.94336,52.57962],[-1.94158,52.58056],[-1.9402,52.58111],[-1.93887,52.58136],[-1.93613,52.58132],[-1.93293,52.58098]]]}},{"type":"Feature","properties":{"source_code":"M91640","codes":["M91640"],"label":"ROUGH HAY SURGERY"},"geometry":{"type":"Polygon","coordinates":[[[-2.05221,52.5554],[-2.05775,52.55997],[-2.05813,52.56195],[-2.05333,52.56939],[-2.04775,52.57437],[-2.03668,52.5806],[-2.04028,52.58472],[-2.03998,52.59043],[-2.01539,52.59129],[-2.01839,52.59012],[-2.0156,52.58449],[-2.01282,52.57544],[-2.0002,52.57353],[-1.99655,52.57377],[-1.99509,52.5728],[-1.99865,52.56678],[-2.0035,52.5662],[-2.01483,52.55389],[-2.02247,52.55394],[-2.02415,52.55564],[-2.02294,52.55676],[-2.02589,52.55694],[-2.02747,52.55806],[-2.02985,52.56046],[-2.03749,52.55775],[-2.03947,52.5553],[-2.04496,52.55825],[-2.05221,52.5554]]]}},{"type":"Feature","properties":{"source_code":"M91616","codes":["M91616"],"label":"PLECK HEALTH CENTRE"},"geometry":{"type":"MultiPolygon","coordinates":[[[[-2.03582,52.58373],[-2.03638,52.58362],[-2.0359,52.5836],[-2.03705,52.58348],[-2.03874,52.58313],[-2.03839,52.58323],[-2.03819,52.58335],[-2.03861,52.58331],[-2.03822,52.58336],[-2.03813,52.58339],[-2.03809,52.58342],[-2.03803,52.58343],[-2.03771,52.58355],[-2.03741,52.58365],[-2.03652,52.58362],[-2.03582,52.58373]]],[[[-2.03535,52.5882],[-2.03535,52.5882],[-2.03535,52.58821],[-2.03535,52.5882]]],[[[-2.03535,52.5882],[-2.03474,52.58462],[-2.0358,52.58366],[-2.03571,52.58824],[-2.03535,52.5882]]],[[[-2.04183,52.58866],[-2.04195,52.5879],[-2.04191,52.58862],[-2.04183,52.58866]]],[[[-2.04183,52.58866],[-2.04183,52.58868],[-2.04169,52.58872],[-2.04183,52.58866]]],[[[-2.04117,52.58888],[-2.04169,52.58872],[-2.04127,52.58892],[-2.04117,52.58888]]],[[[-2.04117,52.58888],[-2.04071,52.58902],[-2.03616,52.58821],[-2.03599,52.58806],[-2.03985,52.58874],[-2.04028,52.58861],[-2.04058,52.58863],[-2.04117,52.58888]]],[[[-1.94363,52.56821],[-1.94364,52.56824],[-1.9446,52.56849],[-1.94603,52.5689],[-1.94842,52.5695],[-1.95335,52.57077],[-1.95464,52.57109],[-1.9591,52.57221],[-1.95984,52.57245],[-1.96063,52.5726],[-1.96376,52.57338],[-1.96224,52.57278],[-1.96346,52.57113],[-1.96218,52.57284],[-1.96115,52.57269],[-1.96063,52.5726],[-1.9591,52.57221],[-1.95845,52.572],[-1.95592,52.57141],[-1.95464,52.57109],[-1.9534,52.57078],[-1.9446,52.56849],[-1.94363,52.56821],[-1.93943,52.55966],[-1.93462,52.55485],[-1.94046,52.55131],[-1.96346,52.55235],[-1.97089,52.55251],[-1.97617,52.5584],[-1.99677,52.56613],[-2.00226,52.56759],[-2.01153,52.55632],[-2.01942,52.55318],[-2.02904,52.55131],[-2.03474,52.58462],[-2.03457,52.58477],[-2.03535,52.5882],[-2.01393,52.58595],[-2.00191,52.5872],[-1.99312,52.58842],[-1.99162,52.59043],[-1.98647,52.58824],[-1.98137,52.58752],[-1.97606,52.589],[-1.97067,52.59273],[-1.9581,52.59224],[-1.96209,52.58344],[-1.94771,52.57822],[-1.94529,52.57846],[-1.94457,52.57843],[-1.94389,52.57843],[-1.94251,52.57818],[-1.93968,52.57554],[-1.93645,52.57213],[-1.93627,52.57104],[-1.93695,52.56995],[-1.94226,52.57001],[-1.94359,52.5682],[-1.94363,52.56821]]]]}},{"type":"Feature","properties":{"source_code":"M91621","codes":["M91621"],"label":"PALFREY HEALTH CENTRE"},"geometry":{"type":"Polygon","coordinates":[[[-2.00071,52.57335],[-2.00076,52.57432],[-2.00107,52.57528],[-2.00151,52.57571],[-2.0017,52.57609],[-2.0016,52.57645],[-1.99947,52.57862],[-1.99768,52.58099],[-1.99484,52.58016],[-1.99318,52.57997],[-1.99276,52.57996],[-1.99226,52.57986],[-1.99215,52.57961],[-1.99195,52.57945],[-1.98993,52.57882],[-1.98935,52.57994],[-1.98573,52.57916],[-1.98373,52.57943],[-1.98159,52.57957],[-1.98141,52.57856],[-1.98089,52.57869],[-1.98014,52.57874],[-1.9769,52.57892],[-1.97346,52.57953],[-1.96289,52.57333],[-1.96375,52.572],[-1.96429,52.57126],[-1.96517,52.57063],[-1.9645,52.57022],[-1.96384,52.57053],[-1.9632,52.57033],[-1.96308,52.56967],[-1.9622,52.56891],[-1.96135,52.56809],[-1.96016,52.5678],[-1.95871,52.56812],[-1.95708,52.56711],[-1.95545,52.5661],[-1.95369,52.56545],[-1.95232,52.56468],[-1.95339,52.56351],[-1.95472,52.56244],[-1.95529,52.56228],[-1.95624,52.56236],[-1.95697,52.5623],[-1.95784,52.5623],[-1.95894,52.56219],[-1.96037,52.5623],[-1.96144,52.56264],[-1.96237,52.56305],[-1.9646,52.56375],[-1.96617,52.56318],[-1.96834,52.56288],[-1.97054,52.56203],[-1.97352,52.56144],[-1.9743,52.5613],[-1.97487,52.56129],[-1.97538,52.56136],[-1.97649,52.56129],[-1.98002,52.56125],[-1.9814,52.56154],[-1.98243,52.56183],[-1.98771,52.5638],[-1.9908,52.56417],[-2.00252,52.56733],[-2.00372,52.56783],[-2.00329,52.5686],[-2.00303,52.56948],[-2.00382,52.56956],[-2.00447,52.56963],[-2.00466,52.56978],[-2.00329,52.56984],[-2.00256,52.56976],[-2.00209,52.56987],[-2.00108,52.57157],[-2.00071,52.57335]]]}},{"type":"Feature","properties":{"source_code":"C82121","codes":["C82121"],"label":"HEATH LANE SURGERY"},"geometry":{"type":"MultiPolygon","coordinates":[[[[-1.36483,52.55401],[-1.36467,52.55404],[-1.36467,52.55404],[-1.36468,52.55403],[-1.36483,52.55401]]],[[[-1.36467,52.55404],[-1.36466,52.55411],[-1.36464,52.55405],[-1.36467,52.55404]]],[[[-1.36498,52.55726],[-1.36487,52.55722],[-1.36496,52.55712],[-1.3654,52.55714],[-1.36509,52.55728],[-1.36498,52.55726]]],[[[-1.36492,52.55735],[-1.36484,52.55726],[-1.36486,52.55724],[-1.36498,52.55726],[-1.36524,52.55736],[-1.36492,52.55735]]],[[[-1.36468,52.55403],[-1.36463,52.55404],[-1.36457,52.55382],[-1.36457,52.55405],[-1.36454,52.55405],[-1.36464,52.55441],[-1.36465,52.55415],[-1.36466,52.55411],[-1.36482,52.55467],[-1.36475,52.55497],[-1.36491,52.55513],[-1.36484,52.55534],[-1.36491,52.55565],[-1.36494,52.5559],[-1.36514,52.55649],[-1.36533,52.55694],[-1.36508,52.55698],[-1.36496,52.55712],[-1.36459,52.55711],[-1.36487,52.55722],[-1.36486,52.55724],[-1.36482,52.55723],[-1.36484,52.55726],[-1.36477,52.55734],[-1.36492,52.55735],[-1.3653,52.55777],[-1.36507,52.55843],[-1.36512,52.55891],[-1.36521,52.55904],[-1.36575,52.55952],[-1.36676,52.56161],[-1.36708,52.56267],[-1.36663,52.56324],[-1.36634,52.56401],[-1.36509,52.56515],[-1.3736,52.56629],[-1.37561,52.57031],[-1.37255,52.57154],[-1.37163,52.58128],[-1.37227,52.58333],[-1.37271,52.58357],[-1.38029,52.59282],[-1.37271,52.60852],[-1.37035,52.60739],[-1.3683,52.60718],[-1.36664,52.60731],[-1.35909,52.60925],[-1.35043,52.6145],[-1.34975,52.61594],[-1.34891,52.6161],[-1.34765,52.61573],[-1.34296,52.61435],[-1.33947,52.61501],[-1.335,52.61771],[-1.33357,52.61664],[-1.33259,52.61539],[-1.33187,52.61565],[-1.33225,52.61623],[-1.33124,52.61642],[-1.33058,52.61622],[-1.31947,52.6082],[-1.31702,52.6095],[-1.31516,52.60774],[-1.31353,52.60605],[-1.31106,52.60489],[-1.3105,52.60512],[-1.31093,52.60606],[-1.30888,52.60629],[-1.30739,52.60621],[-1.306,52.60634],[-1.30538,52.60694],[-1.30443,52.60768],[-1.30239,52.60733],[-1.30056,52.60749],[-1.29929,52.60711],[-1.29585,52.60753],[-1.29364,52.60765],[-1.29099,52.60726],[-1.28899,52.60762],[-1.28632,52.60824],[-1.28432,52.60918],[-1.28337,52.60978],[-1.28211,52.60886],[-1.28057,52.60801],[-1.27922,52.60621],[-1.27814,52.60452],[-1.27616,52.6035],[-1.27408,52.60248],[-1.27471,52.60123],[-1.27297,52.59907],[-1.26997,52.59646],[-1.26949,52.59564],[-1.2667,52.59374],[-1.26562,52.59228],[-1.2663,52.59108],[-1.26634,52.58909],[-1.26473,52.58921],[-1.26284,52.58991],[-1.26075,52.58905],[-1.25804,52.5888],[-1.25622,52.58838],[-1.25675,52.58694],[-1.25738,52.58553],[-1.25832,52.5853],[-1.25953,52.58564],[-1.25998,52.58565],[-1.26089,52.5839],[-1.26057,52.58329],[-1.25987,52.58234],[-1.26033,52.581],[-1.26159,52.57845],[-1.26147,52.57575],[-1.26051,52.57335],[-1.26016,52.57156],[-1.25879,52.57044],[-1.25638,52.56938],[-1.2534,52.56879],[-1.25082,52.5678],[-1.24989,52.56726],[-1.25067,52.56682],[-1.25119,52.56592],[-1.25462,52.56567],[-1.25773,52.56471],[-1.25905,52.56162],[-1.26062,52.56028],[-1.26385,52.55929],[-1.26568,52.55866],[-1.2685,52.55844],[-1.2673,52.55086],[-1.27323,52.54995],[-1.27338,52.54759],[-1.2739,52.54615],[-1.2758,52.54512],[-1.27779,52.54496],[-1.27954,52.54581],[-1.28048,52.54582],[-1.28199,52.54495],[-1.28511,52.54362],[-1.28677,52.5434],[-1.28825,52.54398],[-1.28874,52.54425],[-1.29209,52.54222],[-1.29438,52.54105],[-1.29605,52.54012],[-1.29696,52.53834],[-1.30286,52.53914],[-1.30776,52.53998],[-1.31295,52.54032],[-1.31539,52.54003],[-1.32019,52.54046],[-1.322,52.54097],[-1.32383,52.54088],[-1.325,52.54025],[-1.32755,52.53956],[-1.33215,52.53878],[-1.33375,52.53872],[-1.3367,52.53766],[-1.33886,52.53669],[-1.34041,52.53673],[-1.34302,52.53624],[-1.34822,52.5371],[-1.3511,52.53681],[-1.35488,52.53902],[-1.36021,52.54114],[-1.36329,52.54247],[-1.36525,52.54416],[-1.3689,52.54432],[-1.37123,52.54362],[-1.37223,52.54305],[-1.37383,52.54343],[-1.37415,52.54418],[-1.37356,52.54503],[-1.37263,52.54588],[-1.37131,52.54648],[-1.37116,52.54698],[-1.37049,52.54713],[-1.37007,52.54733],[-1.36968,52.54763],[-1.3692,52.54803],[-1.36862,52.54852],[-1.36842,52.54908],[-1.36805,52.54953],[-1.3676,52.55023],[-1.36743,52.55045],[-1.36715,52.55084],[-1.36666,52.5513],[-1.36659,52.55163],[-1.36647,52.55195],[-1.36598,52.55227],[-1.36565,52.55259],[-1.36514,52.55316],[-1.3648,52.55361],[-1.36488,52.55383],[-1.36468,52.55403]]],[[[-1.36457,52.55405],[-1.36463,52.55404],[-1.36464,52.55405],[-1.36457,52.55406],[-1.36457,52.55405]]]]}},{"type":"Feature","properties":{"source_code":"M84612","codes":["M84612"],"label":"STATION STREET SURGERY"},"geometry":{"type":"Polygon","coordinates":[[[-1.69464,52.60722],[-1.52435,52.713],[-1.35956,52.54463],[-1.55731,52.52374],[-1.67404,52.51288],[-1.69464,52.60722]]]}},{"type":"Feature","properties":{"source_code":"M91014","codes":["M91014"],"label":"BRACE STREET HEALTH CENTRE"},"geometry":{"type":"Polygon","coordinates":[[[-2.01221,52.58313],[-1.97943,52.59179],[-1.93737,52.59054],[-1.92604,52.58115],[-1.94355,52.5631],[-1.96552,52.56028],[-2.00071,52.56905],[-2.01221,52.58313]]]}},{"type":"Feature","properties":{"source_code":"M91628","codes":["M91628"],"label":"BRACE STREET HC- KUMAR"},"geometry":{"type":"Polygon","coordinates":[[[-1.96054,52.58271],[-1.9602,52.58094],[-1.93377,52.58104],[-1.94836,52.56581],[-1.95351,52.55684],[-1.9669,52.55277],[-1.97462,52.55642],[-1.99143,52.56426],[-1.99144,52.56414],[-2.00277,52.56706],[-2.00312,52.56905],[-1.99917,52.58084],[-1.98835,52.58949],[-1.98986,52.57713],[-1.98818,52.58928],[-1.97359,52.5896],[-1.96054,52.58271]]]}},{"type":"Feature","properties":{"source_code":"M91659","codes":["M91659"],"label":"BRACE STREET HC- MAHBUB (M91659)"},"geometry":{"type":"MultiPolygon","coordinates":[[[[-1.94061,52.56343],[-1.94061,52.56341],[-1.94065,52.56338],[-1.94098,52.5634],[-1.94061,52.56343]]],[[[-1.94059,52.56343],[-1.94061,52.56343],[-1.9406,52.56344],[-1.94059,52.56343]]],[[[-1.9406,52.56344],[-1.9406,52.56344],[-1.94061,52.56344],[-1.9406,52.56344]]],[[[-1.94059,52.56343],[-1.94057,52.56343],[-1.9406,52.56344],[-1.94056,52.56364],[-1.94044,52.56335],[-1.94059,52.56343]]],[[[-1.94334,52.58001],[-1.94346,52.57995],[-1.94364,52.57927],[-1.94458,52.57906],[-1.94304,52.57906],[-1.94197,52.57943],[-1.94235,52.57938],[-1.9405,52.58015],[-1.94334,52.58001],[-1.94286,52.58026],[-1.94201,52.58047],[-1.94123,52.58089],[-1.9402,52.5812],[-1.93883,52.58136],[-1.93488,52.58141],[-1.93368,52.58099],[-1.93231,52.58084],[-1.93076,52.58063],[-1.9373,52.58031],[-1.93509,52.58031],[-1.93325,52.58042],[-1.93406,52.57889],[-1.93085,52.58052],[-1.93123,52.58016],[-1.93141,52.57992],[-1.93183,52.57987],[-1.93239,52.57969],[-1.93278,52.57932],[-1.93299,52.57914],[-1.93347,52.57893],[-1.93402,52.5788],[-1.93412,52.57876],[-1.93706,52.57318],[-1.93591,52.57149],[-1.93676,52.57085],[-1.93702,52.57055],[-1.93696,52.57001],[-1.93867,52.56931],[-1.93928,52.56878],[-1.9395,52.5684],[-1.93909,52.56889],[-1.9397,52.56791],[-1.94056,52.56364],[-1.94063,52.5638],[-1.94101,52.56568],[-1.94115,52.56543],[-1.94115,52.56503],[-1.9408,52.5644],[-1.9408,52.56378],[-1.94086,52.5637],[-1.9408,52.56362],[-1.94087,52.56369],[-1.94115,52.56331],[-1.94201,52.56326],[-1.94261,52.56326],[-1.94238,52.56363],[-1.94248,52.56364],[-1.94492,52.56174],[-1.94441,52.55903],[-1.94046,52.55569],[-1.9372,52.55162],[-1.94458,52.55016],[-1.95951,52.54995],[-1.96676,52.55311],[-1.96653,52.5529],[-1.96458,52.55204],[-1.96643,52.55281],[-1.96634,52.55273],[-1.96346,52.55151],[-1.96638,52.55188],[-1.96956,52.55214],[-1.97187,52.55376],[-1.97436,52.55485],[-1.97565,52.55611],[-1.97617,52.55689],[-1.97124,52.5548],[-1.97146,52.55496],[-1.97256,52.55538],[-1.97462,52.55647],[-1.97191,52.55527],[-1.97213,52.55543],[-1.97126,52.55508],[-1.97411,52.55632],[-1.97891,52.5584],[-1.98767,52.56268],[-1.99488,52.56425],[-2.00535,52.56654],[-2.01273,52.57082],[-2.01427,52.57687],[-2.01427,52.58303],[-2.01213,52.58256],[-2.01354,52.58311],[-2.01427,52.58303],[-2.01204,52.58574],[-2.00741,52.58741],[-2.00294,52.58647],[-1.99968,52.5872],[-1.99419,52.58595],[-1.99179,52.58678],[-1.98887,52.58803],[-1.98698,52.58866],[-1.98235,52.58866],[-1.97565,52.58866],[-1.96999,52.58793],[-2.0071,52.58382],[-2.0038,52.58376],[-1.99402,52.58511],[-1.98921,52.58532],[-1.9796,52.58647],[-1.97428,52.58647],[-1.97205,52.58751],[-1.96535,52.58177],[-1.96353,52.58152],[-1.97033,52.5872],[-1.96501,52.58532],[-1.96089,52.58271],[-1.95991,52.58102],[-1.9578,52.58073],[-1.95853,52.57927],[-1.94334,52.58001]]],[[[-1.99762,52.57938],[-1.99781,52.57942],[-1.9919,52.57812],[-1.99286,52.57846],[-1.99762,52.57938]]],[[[-1.95625,52.5787],[-1.95649,52.57867],[-1.95136,52.57896],[-1.95239,52.57896],[-1.95436,52.5788],[-1.95625,52.5787]]],[[[-1.95895,52.57842],[-1.95979,52.57672],[-1.95814,52.57844],[-1.95759,52.5779],[-1.95711,52.57864],[-1.95714,52.57864],[-1.9578,52.57859],[-1.95799,52.57859],[-1.95895,52.57842]]],[[[-1.98849,52.57738],[-1.99114,52.57799],[-1.99138,52.578],[-1.98839,52.57735],[-1.98849,52.57738]]],[[[-1.99071,52.57796],[-1.99108,52.57799],[-1.99025,52.57784],[-1.99071,52.57796],[-1.99009,52.57792],[-1.99184,52.57826],[-1.99071,52.57796]]],[[[-1.98184,52.57591],[-1.97984,52.57547],[-1.97994,52.57552],[-1.98211,52.5762],[-1.98184,52.57591]]],[[[-1.96189,52.57152],[-1.96175,52.57149],[-1.95969,52.57468],[-1.96183,52.57207],[-1.96189,52.57152]]],[[[-1.95271,52.5695],[-1.94583,52.56799],[-1.94733,52.56926],[-1.95127,52.56926],[-1.95271,52.5695]]],[[[-1.93907,52.56915],[-1.93919,52.56894],[-1.93892,52.56915],[-1.93894,52.5692],[-1.93907,52.56915]]],[[[-1.94059,52.56649],[-1.94076,52.56617],[-1.94045,52.56671],[-1.94059,52.56649]]],[[[-1.94347,52.56599],[-1.94391,52.56637],[-1.94197,52.56429],[-1.9418,52.56456],[-1.94195,52.5647],[-1.94338,52.56591],[-1.94321,52.56571],[-1.94347,52.56599]]],[[[-1.94243,52.56368],[-1.94235,52.56367],[-1.94228,52.56379],[-1.94243,52.56368]]],[[[-1.96941,52.55409],[-1.9692,52.55405],[-1.96946,52.55417],[-1.97007,52.55443],[-1.97007,52.55443],[-1.9707,52.55458],[-1.96981,52.5542],[-1.96941,52.55409]]],[[[-1.96945,52.55423],[-1.96907,52.55403],[-1.96906,52.55402],[-1.96943,52.55422],[-1.96945,52.55423],[-1.96965,52.55433],[-1.9698,52.55437],[-1.96945,52.55423]]],[[[-1.96798,52.55345],[-1.96779,52.55341],[-1.96786,52.55344],[-1.96798,52.55345]]],[[[-1.96774,52.55344],[-1.9676,52.55337],[-1.96716,52.55329],[-1.96747,52.55342],[-1.96774,52.55344]]]]}},{"type":"Feature","properties":{"source_code":"M85046","codes":["M85046"],"label":"SUTTON COLDFIELD GROUP PRACTICE"},"geometry":{"type":"Polygon","coordinates":[[[-1.80873,52.59376],[-1.80754,52.5936],[-1.80651,52.59375],[-1.80608,52.59402],[-1.80536,52.59416],[-1.80122,52.59336],[-1.80248,52.59112],[-1.798,52.5921],[-1.79451,52.59333],[-1.79178,52.59391],[-1.78853,52.59368],[-1.78474,52.59139],[-1.78138,52.58751],[-1.78768,52.58798],[-1.79528,52.58275],[-1.79959,52.58045],[-1.80204,52.57935],[-1.80467,52.57852],[-1.804,52.5774],[-1.80377,52.57627],[-1.79723,52.57343],[-1.79344,52.57005],[-1.78968,52.56857],[-1.78785,52.56807],[-1.78584,52.56772],[-1.78127,52.567],[-1.77721,52.56586],[-1.78682,52.55946],[-1.79386,52.55253],[-1.79699,52.55028],[-1.79855,52.54622],[-1.80147,52.54648],[-1.80332,52.5459],[-1.80435,52.54464],[-1.80666,52.54639],[-1.80814,52.54705],[-1.81001,52.54696],[-1.81201,52.54645],[-1.81386,52.54682],[-1.81665,52.54665],[-1.81878,52.54695],[-1.82071,52.54766],[-1.8244,52.54831],[-1.8256,52.55083],[-1.82783,52.55409],[-1.83174,52.55301],[-1.83318,52.55618],[-1.83278,52.55973],[-1.83478,52.55994],[-1.83697,52.56075],[-1.8349,52.56303],[-1.83535,52.56415],[-1.83315,52.56471],[-1.83283,52.5652],[-1.83373,52.56583],[-1.83447,52.56634],[-1.83635,52.56723],[-1.83907,52.56758],[-1.84009,52.56813],[-1.8406,52.56916],[-1.84046,52.57128],[-1.8396,52.57315],[-1.84215,52.57452],[-1.84407,52.57649],[-1.84533,52.57818],[-1.84495,52.58034],[-1.84291,52.58205],[-1.84132,52.58376],[-1.83917,52.58524],[-1.8408,52.58623],[-1.84587,52.58717],[-1.84961,52.58795],[-1.85317,52.58827],[-1.85736,52.58874],[-1.86154,52.58854],[-1.86819,52.58835],[-1.86519,52.59014],[-1.86279,52.59214],[-1.85867,52.5964],[-1.84871,52.59024],[-1.84713,52.59064],[-1.84593,52.59103],[-1.84237,52.59229],[-1.84119,52.59101],[-1.84002,52.59159],[-1.83852,52.59213],[-1.83686,52.59252],[-1.83301,52.59319],[-1.8318,52.59174],[-1.83122,52.59107],[-1.82864,52.5921],[-1.83001,52.59546],[-1.82962,52.59621],[-1.8265,52.59696],[-1.82355,52.59798],[-1.82082,52.59916],[-1.81826,52.60054],[-1.81177,52.5983],[-1.81219,52.59675],[-1.81163,52.5953],[-1.80997,52.59474],[-1.80873,52.59376]],[[-1.83122,52.59107],[-1.83154,52.59142],[-1.83124,52.59106],[-1.83122,52.59107]]]}},{"type":"Feature","properties":{"source_code":"M84019","codes":["M84019"],"label":"THE ATHERSTONE SURGERY"},"geometry":{"type":"MultiPolygon","coordinates":[[[[-1.59926,52.59272],[-1.59921,52.59269],[-1.59919,52.59268],[-1.59936,52.59272],[-1.59926,52.59272]]],[[[-1.59924,52.59271],[-1.59926,52.59272],[-1.5993,52.59273],[-1.59928,52.59274],[-1.59924,52.59271]]],[[[-1.59926,52.59276],[-1.59928,52.59274],[-1.59933,52.59278],[-1.59926,52.59276]]],[[[-1.59915,52.59274],[-1.59926,52.59276],[-1.59917,52.59283],[-1.59915,52.59274]]],[[[-1.5715,52.64935],[-1.55702,52.65229],[-1.53124,52.6528],[-1.50989,52.64718],[-1.50445,52.6424],[-1.49523,52.63772],[-1.48379,52.62591],[-1.4744,52.61681],[-1.47912,52.58532],[-1.47985,52.57077],[-1.48101,52.56221],[-1.48281,52.5583],[-1.5029,52.56417],[-1.51371,52.55583],[-1.51937,52.55093],[-1.52693,52.55122],[-1.52818,52.55378],[-1.53046,52.55628],[-1.53519,52.56061],[-1.53874,52.56064],[-1.54099,52.5588],[-1.54757,52.55749],[-1.56313,52.5499],[-1.57048,52.5515],[-1.57793,52.54074],[-1.58186,52.5376],[-1.58628,52.54148],[-1.59516,52.54919],[-1.58974,52.5548],[-1.58427,52.55919],[-1.58361,52.5594],[-1.58368,52.55946],[-1.58857,52.55932],[-1.59252,52.56101],[-1.59609,52.56255],[-1.59794,52.56482],[-1.60018,52.56753],[-1.59895,52.57216],[-1.60151,52.57649],[-1.61008,52.57945],[-1.60744,52.58626],[-1.59915,52.59267],[-1.59921,52.59269],[-1.59924,52.59271],[-1.59914,52.59271],[-1.59915,52.59274],[-1.59748,52.59236],[-1.5871,52.59685],[-1.58199,52.59897],[-1.57853,52.60122],[-1.57697,52.60285],[-1.5813,52.60614],[-1.57722,52.60813],[-1.5659,52.60419],[-1.58362,52.63033],[-1.58149,52.64508],[-1.5715,52.64935]]]]}},{"type":"Feature","properties":{"source_code":"M91637","codes":["M91637"],"label":"BLACKWOOD HEALTH CENTRE"},"geometry":{"type":"Polygon","coordinates":[[[-1.89102,52.58031],[-1.87317,52.58469],[-1.87969,52.56717],[-1.86974,52.55715],[-1.86081,52.55757],[-1.84879,52.55318],[-1.84227,52.55444],[-1.84227,52.55068],[-1.85772,52.54755],[-1.91231,52.55861],[-1.91299,52.60346],[-1.8615,52.60221],[-1.85772,52.59637],[-1.87214,52.58532],[-1.88587,52.58344],[-1.89102,52.58031]]]}},{"type":"Feature","properties":{"source_code":"M91033","codes":["M91033"],"label":"WILLENHALL MEDICAL CENTRE"},"geometry":{"type":"Polygon","coordinates":[[[-2.07573,52.56613],[-2.10251,52.5849],[-2.08981,52.59471],[-2.08912,52.61514],[-2.06852,52.61368],[-2.05479,52.63202],[-2.03007,52.6141],[-2.01839,52.58595],[-2.04792,52.57572],[-2.07573,52.56613]]]}}]}