{"type":"FeatureCollection","metadata":{"bundle_id":"bundle-016","practice_count":191,"feature_count":189},"features":[{"type":"Feature","properties":{"source_code":"P86614","codes":["P86614"],"label":"Dr A Hamid"},"geometry":{"type":"Polygon","coordinates":[[[-2.10663,53.60921],[-2.16843,53.58986],[-2.24705,53.63833],[-2.16293,53.62571],[-2.12414,53.65522],[-2.08912,53.59556],[-2.10663,53.60921]]]}},{"type":"Feature","properties":{"source_code":"P86619","codes":["P86619"],"label":"Dr MB Ghafoor & Partners"},"geometry":{"type":"MultiPolygon","coordinates":[[[[-2.2007,53.61572],[-2.20422,53.61541],[-2.20653,53.61532],[-2.2007,53.61572]]],[[[-2.20422,53.61541],[-2.15366,53.61736],[-2.14525,53.61206],[-2.14577,53.57854],[-2.16868,53.5793],[-2.20087,53.57987],[-2.20637,53.61522],[-2.20422,53.61541]]]]}},{"type":"Feature","properties":{"source_code":"Y02720","codes":["Y02720"],"label":"The Kingsway Practice"},"geometry":{"type":"Polygon","coordinates":[[[-2.17735,53.65766],[-2.03865,53.66051],[-2.08054,53.60269],[-2.11967,53.57049],[-2.20894,53.57498],[-2.26387,53.64464],[-2.17735,53.65766]]]}},{"type":"Feature","properties":{"source_code":"P81154","codes":["P81154"],"label":"GRANVILLE HOUSE MED CTRE"},"geometry":{"type":"Polygon","coordinates":[[[-2.6132,53.63293],[-2.59758,53.63141],[-2.5581,53.63548],[-2.55844,53.62805],[-2.55363,53.61247],[-2.5629,53.60646],[-2.5787,53.60789],[-2.59363,53.60228],[-2.60239,53.6084],[-2.60513,53.60646],[-2.61698,53.60809],[-2.6132,53.63293]]]}},{"type":"Feature","properties":{"source_code":"P82643","codes":["P82643"],"label":"BROMLEY MEADOWS SURGERY"},"geometry":{"type":"MultiPolygon","coordinates":[[[[-2.37652,53.64112],[-2.37653,53.64113],[-2.37597,53.64128],[-2.37652,53.64112]]],[[[-2.37653,53.64113],[-2.37897,53.64047],[-2.37899,53.64043],[-2.37985,53.64018],[-2.37924,53.64311],[-2.38025,53.64007],[-2.37985,53.64018],[-2.3806,53.6366],[-2.37899,53.64043],[-2.37652,53.64112],[-2.37399,53.63482],[-2.38349,53.63038],[-2.38352,53.63029],[-2.38214,53.61537],[-2.38129,53.60827],[-2.37391,53.60055],[-2.36957,53.60017],[-2.3697,53.59826],[-2.37442,53.59363],[-2.38343,53.5934],[-2.38725,53.59338],[-2.39107,53.59561],[-2.40772,53.59964],[-2.41116,53.603],[-2.41699,53.60534],[-2.43313,53.60127],[-2.43512,53.60488],[-2.43935,53.60829],[-2.44643,53.61278],[-2.44983,53.61499],[-2.45375,53.61578],[-2.45815,53.61868],[-2.46163,53.62156],[-2.46444,53.62403],[-2.46918,53.62632],[-2.46883,53.63874],[-2.46866,53.65125],[-2.4684,53.66051],[-2.4678,53.66529],[-2.44605,53.66537],[-2.42326,53.66544],[-2.37837,53.66519],[-2.37442,53.65751],[-2.37837,53.64571],[-2.37653,53.64113]]],[[[-2.38088,53.63821],[-2.38304,53.63171],[-2.3812,53.63578],[-2.38088,53.63821]]]]}},{"type":"Feature","properties":{"source_code":"P81740","codes":["P81740"],"label":"ADLINGTON MEDICAL CENTRE"},"geometry":{"type":"Polygon","coordinates":[[[-2.69028,53.68837],[-2.57423,53.66153],[-2.53716,53.60035],[-2.61211,53.60386],[-2.6738,53.60636],[-2.69028,53.68837]]]}},{"type":"Feature","properties":{"source_code":"P86026","codes":["P86026"],"label":"The Dawes Family Practice"},"geometry":{"type":"Polygon","coordinates":[[[-2.22851,53.61349],[-2.21259,53.64423],[-2.18019,53.6485],[-2.14165,53.6543],[-2.12809,53.65247],[-2.1244,53.64723],[-2.11899,53.63812],[-2.10637,53.63166],[-2.11972,53.62527],[-2.12251,53.61532],[-2.125,53.60136],[-2.13203,53.59368],[-2.14165,53.592],[-2.15057,53.58919],[-2.15675,53.58822],[-2.1753,53.58568],[-2.18903,53.59057],[-2.19503,53.59953],[-2.21786,53.60493],[-2.22851,53.61349]]]}},{"type":"Feature","properties":{"source_code":"P81033","codes":["P81033"],"label":"COPPULL MEDICAL PRACTICE"},"geometry":{"type":"MultiPolygon","coordinates":[[[[-2.6612,53.605],[-2.64897,53.60432],[-2.64884,53.60447],[-2.64881,53.60444],[-2.64882,53.60428],[-2.6612,53.605]]],[[[-2.68616,53.61832],[-2.68616,53.61675],[-2.69148,53.6339],[-2.68624,53.62092],[-2.68616,53.61832]]],[[[-2.64521,53.63767],[-2.64174,53.63805],[-2.63736,53.63812],[-2.63577,53.63543],[-2.64521,53.63767]]],[[[-2.64521,53.63767],[-2.64565,53.63762],[-2.64848,53.63777],[-2.64899,53.63828],[-2.65118,53.63907],[-2.65247,53.63927],[-2.65217,53.63932],[-2.64521,53.63767]]],[[[-2.6786,53.6398],[-2.69156,53.63413],[-2.69182,53.63446],[-2.69238,53.63573],[-2.69268,53.63891],[-2.6786,53.6398]]],[[[-2.65934,53.64097],[-2.67358,53.63965],[-2.67358,53.63983],[-2.66809,53.64095],[-2.65934,53.64097]]]]}},{"type":"Feature","properties":{"source_code":"P86005","codes":["P86005"],"label":"Yorkshire St Surgery"},"geometry":{"type":"MultiPolygon","coordinates":[[[[-2.1477,53.60354],[-2.09908,53.60065],[-2.14096,53.58965],[-2.1477,53.60354]]],[[[-2.1477,53.60354],[-2.14848,53.60358],[-2.14783,53.60381],[-2.1477,53.60354]]],[[[-2.14848,53.60358],[-2.16825,53.59668],[-2.16534,53.5867],[-2.18353,53.58517],[-2.19109,53.60259],[-2.21546,53.60269],[-2.22336,53.60799],[-2.14848,53.60358]]],[[[-2.18459,53.64511],[-2.18086,53.6469],[-2.18205,53.64756],[-2.18459,53.64511],[-2.21134,53.63222],[-2.18452,53.64892],[-2.18525,53.64932],[-2.18408,53.6492],[-2.18388,53.64932],[-2.18389,53.64918],[-2.1698,53.64769],[-2.13924,53.6542],[-2.10835,53.6481],[-2.09496,53.63222],[-2.10766,53.6253],[-2.09599,53.61104],[-2.09633,53.60025],[-2.10011,53.60234],[-2.22267,53.60819],[-2.18459,53.64511]]],[[[-2.18209,53.64758],[-2.18392,53.64859],[-2.18405,53.64586],[-2.18209,53.64758]]]]}},{"type":"Feature","properties":{"source_code":"P86014","codes":["P86014"],"label":"Croft Shifa Health Centre"},"geometry":{"type":"MultiPolygon","coordinates":[[[[-2.10866,53.61052],[-2.10518,53.60574],[-2.10848,53.6069],[-2.08843,53.5817],[-2.13993,53.59271],[-2.16523,53.59736],[-2.08701,53.58074],[-2.10518,53.60574],[-2.09358,53.60167],[-2.08534,53.57844],[-2.08685,53.58052],[-2.11349,53.54602],[-2.12963,53.56845],[-2.18559,53.60167],[-2.18336,53.6012],[-2.18388,53.6029],[-2.17255,53.61552],[-2.15039,53.64438],[-2.18525,53.60188],[-2.21684,53.60799],[-2.23331,53.63141],[-2.15675,53.63853],[-2.14514,53.65121],[-2.14268,53.65441],[-2.14247,53.65412],[-2.14165,53.65502],[-2.14243,53.65407],[-2.11178,53.61104],[-2.10869,53.60716],[-2.10866,53.61052]]],[[[-2.10866,53.61052],[-2.14165,53.65583],[-2.108,53.65502],[-2.10835,53.64403],[-2.10866,53.61052]]]]}},{"type":"Feature","properties":{"source_code":"P86017","codes":["P86017"],"label":"Inspire Medical Centre"},"geometry":{"type":"Polygon","coordinates":[[[-2.20276,53.71622],[-2.06131,53.68451],[-2.06093,53.68566],[-1.9281,53.65685],[-2.09564,53.56315],[-2.06543,53.52806],[-2.24945,53.53541],[-2.31949,53.5868],[-2.34146,53.6031],[-2.24533,53.72028],[-2.04483,53.7349],[-2.06093,53.68566],[-2.20276,53.71622]]]}},{"type":"Feature","properties":{"source_code":"B85054","codes":["B85054"],"label":"COLNE VALLEY GROUP PRACTICE"},"geometry":{"type":"Polygon","coordinates":[[[-1.87677,53.65624],[-1.86588,53.63922],[-1.86181,53.6383],[-1.85808,53.63849],[-1.85364,53.63428],[-1.8542,53.63135],[-1.85153,53.63007],[-1.84774,53.63219],[-1.84378,53.63439],[-1.84031,53.63574],[-1.83766,53.63692],[-1.83374,53.63837],[-1.83053,53.63953],[-1.82513,53.63757],[-1.84645,53.62693],[-1.84153,53.62704],[-1.85041,53.61391],[-1.86181,53.6127],[-1.87191,53.60428],[-1.87803,53.6079],[-1.88491,53.60466],[-1.88347,53.60249],[-1.88124,53.5923],[-1.90166,53.57294],[-1.97119,53.58333],[-1.99908,53.59505],[-2.00844,53.60575],[-2.01584,53.60968],[-2.02187,53.61362],[-2.02226,53.61863],[-2.01969,53.62396],[-2.01782,53.62806],[-2.00513,53.63057],[-1.98732,53.63354],[-1.9311,53.64672],[-1.92442,53.6469],[-1.91774,53.64585],[-1.9114,53.6451],[-1.91115,53.64502],[-1.89703,53.64393],[-1.87677,53.65624]],[[-1.88793,53.60921],[-1.88555,53.60563],[-1.88764,53.6109],[-1.88969,53.61179],[-1.88793,53.60921]]]}},{"type":"Feature","properties":{"source_code":"P86006","codes":["P86006","P86006001"],"label":"Ashworth Street Surgery"},"geometry":{"type":"Polygon","coordinates":[[[-2.12311,53.63416],[-2.13727,53.61715],[-2.12809,53.60646],[-2.17049,53.58833],[-2.20533,53.59261],[-2.2225,53.63222],[-2.19297,53.65532],[-2.1728,53.66854],[-2.1698,53.6687],[-2.12311,53.63416]]]}},{"type":"Feature","properties":{"source_code":"B85059","codes":["B85059"],"label":"SLAITHWAITE HEALTH CENTRE"},"geometry":{"type":"Polygon","coordinates":[[[-1.94183,53.6031],[-1.94733,53.62632],[-1.87523,53.64423],[-1.84914,53.64647],[-1.82304,53.6365],[-1.84055,53.61797],[-1.83317,53.60463],[-1.8409,53.59291],[-1.94183,53.6031]]]}},{"type":"Feature","properties":{"source_code":"P86008","codes":["P86008"],"label":"Mark Street Surgery"},"geometry":{"type":"Polygon","coordinates":[[[-2.17748,53.65161],[-2.17461,53.65095],[-2.17353,53.64059],[-2.16143,53.64085],[-2.16074,53.64642],[-2.13869,53.64665],[-2.14143,53.65456],[-2.12834,53.65499],[-2.10809,53.65176],[-2.0847,53.65593],[-2.08723,53.64881],[-2.09019,53.64151],[-2.09534,53.6338],[-2.10324,53.63059],[-2.09547,53.6127],[-2.10637,53.60369],[-2.17495,53.57485],[-2.19366,53.60093],[-2.18748,53.60295],[-2.18757,53.60491],[-2.1919,53.60677],[-2.21671,53.60147],[-2.21748,53.60503],[-2.22705,53.62973],[-2.20915,53.63304],[-2.18954,53.64311],[-2.19006,53.65527],[-2.18156,53.65746],[-2.17705,53.65626],[-2.17654,53.65265],[-2.17748,53.65161]]]}},{"type":"Feature","properties":{"source_code":"P86003","codes":["P86003","P86003002"],"label":"Edenfield Road Surgery"},"geometry":{"type":"Polygon","coordinates":[[[-2.22645,53.65847],[-2.18216,53.64993],[-2.16156,53.61736],[-2.23074,53.60198],[-2.26353,53.6538],[-2.22645,53.65847]]]}},{"type":"Feature","properties":{"source_code":"N84625","codes":["N84625"],"label":"THE FAMILY SURGERY"},"geometry":{"type":"MultiPolygon","coordinates":[[[[-3.02882,53.60464],[-3.02838,53.6046],[-3.02809,53.60467],[-3.02855,53.60454],[-3.02879,53.60462],[-3.02882,53.60464]]],[[[-3.02882,53.60464],[-3.02883,53.60464],[-3.02902,53.60477],[-3.02882,53.60464]]],[[[-3.02809,53.60467],[-3.02791,53.60472],[-3.02682,53.60494],[-3.02792,53.60471],[-3.02809,53.60467]]],[[[-3.02682,53.60494],[-3.02669,53.60497],[-3.02669,53.60497],[-3.02682,53.60494]]],[[[-3.02902,53.60477],[-3.02932,53.60496],[-3.02968,53.60521],[-3.02902,53.60477]]],[[[-3.02669,53.60497],[-3.0259,53.60547],[-3.02529,53.60595],[-3.02464,53.60632],[-3.0266,53.60499],[-3.02669,53.60497]]],[[[-3.0278,53.6068],[-3.02859,53.60616],[-3.02934,53.60573],[-3.02988,53.60535],[-3.02965,53.6052],[-3.02995,53.60535],[-3.02836,53.60637],[-3.0278,53.6068]]],[[[-3.023,53.60702],[-3.02474,53.60625],[-3.02429,53.60647],[-3.02378,53.60669],[-3.02305,53.607],[-3.023,53.60702]]],[[[-3.023,53.60702],[-3.02291,53.60706],[-3.02221,53.60736],[-3.0225,53.60722],[-3.023,53.60702]]],[[[-3.02221,53.60736],[-3.02202,53.60746],[-3.02203,53.60744],[-3.02221,53.60736]]],[[[-3.0278,53.6068],[-3.0274,53.60712],[-3.02654,53.60777],[-3.02701,53.6074],[-3.0278,53.6068]]],[[[-3.02654,53.60777],[-3.02615,53.60808],[-3.02459,53.6087],[-3.02612,53.60809],[-3.02654,53.60777]]],[[[-3.02305,53.60949],[-3.02341,53.60924],[-3.02474,53.60866],[-3.02305,53.60949]]],[[[-3.02202,53.60746],[-3.02153,53.60804],[-3.02158,53.60799],[-3.02103,53.60868],[-3.02055,53.60927],[-3.02012,53.60953],[-3.01963,53.60977],[-3.01888,53.61006],[-3.01806,53.61041],[-3.01733,53.61061],[-3.01828,53.61022],[-3.02027,53.6094],[-3.02151,53.60806],[-3.02176,53.60771],[-3.02201,53.60746],[-3.02202,53.60746]]],[[[-3.02305,53.60949],[-3.023,53.60952],[-3.02236,53.61079],[-3.02228,53.61088],[-3.02298,53.60952],[-3.02305,53.60949]]],[[[-3.01733,53.61061],[-3.01547,53.61139],[-3.01553,53.61121],[-3.01615,53.61101],[-3.01688,53.61074],[-3.01733,53.61061]]],[[[-3.01547,53.61139],[-3.01543,53.61151],[-3.01475,53.61171],[-3.01314,53.61276],[-3.01347,53.61246],[-3.01379,53.61221],[-3.01416,53.61201],[-3.01444,53.61183],[-3.01467,53.61174],[-3.01455,53.61177],[-3.01547,53.61139]]],[[[-3.01314,53.61276],[-3.013,53.61289],[-3.01291,53.61301],[-3.01296,53.61288],[-3.01314,53.61276]]],[[[-3.02228,53.61088],[-3.02221,53.61101],[-3.0201,53.61355],[-3.02012,53.61321],[-3.0204,53.61288],[-3.021,53.61229],[-3.02228,53.61088]]],[[[-3.01291,53.61301],[-3.01264,53.61366],[-3.01272,53.61325],[-3.01291,53.61301]]],[[[-3.01264,53.61366],[-3.01261,53.61382],[-3.01249,53.61418],[-3.01242,53.61444],[-3.01227,53.61462],[-3.01214,53.61489],[-3.01186,53.61516],[-3.0115,53.6154],[-3.01113,53.61566],[-3.01068,53.61592],[-3.01013,53.61624],[-3.01224,53.61463],[-3.01264,53.61366]]],[[[-3.02156,53.61746],[-3.02148,53.61733],[-3.02088,53.61639],[-3.02036,53.61486],[-3.0201,53.61383],[-3.02021,53.61349],[-3.02039,53.61474],[-3.02078,53.61604],[-3.02156,53.61746]]],[[[-3.00785,53.61784],[-3.00785,53.61783],[-3.01023,53.61614],[-3.00785,53.61784]]],[[[-3.02156,53.61746],[-3.02199,53.61822],[-3.02216,53.61857],[-3.02156,53.61746]]],[[[-3.02272,53.61964],[-3.02268,53.61957],[-3.02216,53.61854],[-3.02272,53.61964]]],[[[-3.00785,53.61784],[-3.00681,53.61978],[-3.00661,53.62018],[-3.00571,53.62093],[-3.00682,53.61975],[-3.00759,53.61802],[-3.00785,53.61784]]],[[[-3.02272,53.61964],[-3.02341,53.62072],[-3.02355,53.6209],[-3.02313,53.62043],[-3.02272,53.61964]]],[[[-3.00571,53.62093],[-3.00484,53.62185],[-3.00521,53.62135],[-3.00571,53.62093]]],[[[-2.9966,53.62368],[-2.99678,53.62366],[-2.9973,53.62374],[-2.9974,53.62379],[-2.99692,53.6237],[-2.9966,53.62368]]],[[[-2.9966,53.62368],[-2.99443,53.62392],[-2.99642,53.62367],[-2.9966,53.62368]]],[[[-2.9974,53.62379],[-2.99741,53.62379],[-2.99838,53.62425],[-2.9974,53.62379]]],[[[-2.99443,53.62392],[-2.99436,53.62393],[-2.9903,53.62438],[-2.99443,53.62392]]],[[[-3.00105,53.62435],[-3.00079,53.62436],[-3.00018,53.62434],[-2.99926,53.6243],[-2.99839,53.62426],[-3.00105,53.62435]]],[[[-3.00484,53.62185],[-3.00399,53.62303],[-3.00195,53.62437],[-3.00159,53.62436],[-3.00334,53.62343],[-3.0045,53.62222],[-3.00484,53.62185]]],[[[-3.00105,53.62435],[-3.00109,53.62435],[-3.00189,53.62438],[-3.00105,53.62435]]],[[[-3.02355,53.6209],[-3.02476,53.62222],[-3.02598,53.62308],[-3.02721,53.62413],[-3.02748,53.62449],[-3.02477,53.62223],[-3.02478,53.62224],[-3.02429,53.62179],[-3.02355,53.6209]]],[[[-3.02748,53.62449],[-3.02763,53.62462],[-3.02767,53.62475],[-3.02748,53.62449]]],[[[-2.98394,53.62618],[-2.98489,53.62582],[-2.98488,53.62583],[-2.98734,53.62466],[-2.99036,53.62438],[-2.98735,53.62467],[-2.98487,53.62583],[-2.98481,53.62587],[-2.98394,53.62618]]],[[[-2.98394,53.62618],[-2.98366,53.62628],[-2.98263,53.62664],[-2.98394,53.62618]]],[[[-2.98263,53.62664],[-2.98186,53.6269],[-2.98192,53.62688],[-2.98263,53.62664]]],[[[-2.98186,53.6269],[-2.98164,53.627],[-2.98131,53.6271],[-2.98074,53.62735],[-2.98053,53.62737],[-2.98186,53.6269]]],[[[-2.98053,53.62737],[-2.98004,53.62754],[-2.98038,53.62739],[-2.98053,53.62737]]],[[[-2.98004,53.62754],[-2.97972,53.62769],[-2.97923,53.62786],[-2.97914,53.62786],[-2.98004,53.62754]]],[[[-2.97923,53.62786],[-2.97831,53.62798],[-2.97758,53.62827],[-2.97621,53.62895],[-2.97595,53.62909],[-2.97652,53.62876],[-2.9774,53.62833],[-2.97814,53.628],[-2.97923,53.62786]]],[[[-2.97595,53.62909],[-2.97537,53.62942],[-2.97453,53.62982],[-2.97341,53.63026],[-2.97492,53.62963],[-2.97595,53.62909]]],[[[-3.02767,53.62475],[-3.02804,53.62525],[-3.02809,53.62655],[-3.02781,53.62762],[-3.02783,53.6275],[-3.02684,53.62909],[-3.02623,53.62982],[-3.02783,53.6275],[-3.02806,53.62602],[-3.02767,53.62475]]],[[[-2.97262,53.63082],[-2.97272,53.63067],[-2.97345,53.63021],[-2.97262,53.63082]]],[[[-2.97262,53.63082],[-2.97245,53.63109],[-2.97241,53.63098],[-2.97262,53.63082]]],[[[-3.02623,53.62982],[-3.02594,53.63024],[-3.02534,53.63135],[-3.02572,53.63043],[-3.02623,53.62982]]],[[[-2.97245,53.63109],[-2.97257,53.63138],[-2.97304,53.63175],[-2.97305,53.63185],[-2.97298,53.63173],[-2.97236,53.63124],[-2.97245,53.63109]]],[[[-2.97305,53.63185],[-2.97328,53.6322],[-2.97315,53.63247],[-2.97305,53.63185]]],[[[-2.97767,53.63258],[-2.97979,53.63209],[-2.98472,53.63103],[-2.985,53.63108],[-2.98538,53.63241],[-2.98478,53.63105],[-2.98212,53.63159],[-2.97971,53.63217],[-2.97767,53.63258]]],[[[-2.97315,53.63247],[-2.97322,53.63298],[-2.97302,53.63273],[-2.97315,53.63247]]],[[[-2.97767,53.63258],[-2.97521,53.63315],[-2.97326,53.633],[-2.97492,53.63312],[-2.97653,53.63281],[-2.97767,53.63258]]],[[[-3.02534,53.63135],[-3.02508,53.63199],[-3.02448,53.63295],[-3.02534,53.63135]]],[[[-2.98762,53.63434],[-2.98545,53.63236],[-2.98629,53.63309],[-2.98732,53.63402],[-2.98762,53.63434]]],[[[-3.0221,53.63548],[-3.02457,53.63286],[-3.02384,53.63385],[-3.02276,53.63497],[-3.02139,53.63614],[-3.0201,53.63722],[-3.01894,53.63812],[-3.0221,53.63548]]],[[[-2.98762,53.63434],[-2.99053,53.63699],[-2.99479,53.63852],[-2.99714,53.63701],[-3.00045,53.63503],[-3.00046,53.63504],[-2.99479,53.63853],[-2.99489,53.63856],[-2.99479,53.63853],[-2.99472,53.63857],[-2.99479,53.63853],[-2.99197,53.63756],[-2.99077,53.63721],[-2.99051,53.63698],[-2.99052,53.63699],[-2.98766,53.63438],[-2.98762,53.63434]]],[[[-3.00046,53.63504],[-3.0005,53.63501],[-3.00564,53.6389],[-3.00174,53.63595],[-3.00046,53.63504]]],[[[-3.00616,53.63924],[-3.00549,53.63882],[-3.00611,53.63921],[-3.00616,53.63924]]],[[[-3.00616,53.63924],[-3.00626,53.63931],[-3.00686,53.63976],[-3.00616,53.63924]]],[[[-3.01671,53.64061],[-3.01697,53.6401],[-3.01802,53.63894],[-3.01897,53.63815],[-3.01671,53.64061]]],[[[-3.01671,53.64061],[-3.01624,53.6415],[-3.01566,53.64222],[-3.01532,53.64247],[-3.01472,53.64282],[-3.01422,53.64298],[-3.01472,53.64276],[-3.01671,53.64061]]],[[[-3.00686,53.63976],[-3.01002,53.64208],[-3.01274,53.64417],[-3.01329,53.64334],[-3.01422,53.64301],[-3.01339,53.64338],[-3.01274,53.64418],[-3.01276,53.64419],[-3.01274,53.64418],[-3.0127,53.64423],[-3.01274,53.64417],[-3.00686,53.63976]]]]}},{"type":"Feature","properties":{"source_code":"B85037","codes":["B85037"],"label":"NEWSOME SURGERY LIMITED"},"geometry":{"type":"Polygon","coordinates":[[[-1.77403,53.64377],[-1.76995,53.64282],[-1.76295,53.64324],[-1.76079,53.64498],[-1.75761,53.6457],[-1.75322,53.64525],[-1.74952,53.6445],[-1.73574,53.64514],[-1.72672,53.63605],[-1.7469,53.63137],[-1.75596,53.62944],[-1.76519,53.62853],[-1.77671,53.62071],[-1.77868,53.61773],[-1.78315,53.61607],[-1.78968,53.61525],[-1.79125,53.61625],[-1.79119,53.61395],[-1.78712,53.61045],[-1.79331,53.60943],[-1.7951,53.60863],[-1.79638,53.60723],[-1.80014,53.60624],[-1.80645,53.6054],[-1.81083,53.60698],[-1.81221,53.60906],[-1.81479,53.61063],[-1.81448,53.61397],[-1.82485,53.60945],[-1.83003,53.61267],[-1.82778,53.61491],[-1.82844,53.61832],[-1.8253,53.62378],[-1.82691,53.62675],[-1.81086,53.63716],[-1.79614,53.64113],[-1.78674,53.63935],[-1.78566,53.64039],[-1.78198,53.63915],[-1.77848,53.64055],[-1.77403,53.64377]]]}},{"type":"Feature","properties":{"source_code":"P83620","codes":["P83620"],"label":"GARDEN CITY MEDICAL CENTRE"},"geometry":{"type":"Polygon","coordinates":[[[-2.29889,53.68146],[-2.26799,53.61593],[-2.28001,53.59087],[-2.37133,53.57803],[-2.39536,53.60799],[-2.36206,53.67597],[-2.29889,53.68146]]]}},{"type":"Feature","properties":{"source_code":"N84617","codes":["N84617"],"label":"KEW SURGERY"},"geometry":{"type":"Polygon","coordinates":[[[-2.99412,53.64118],[-2.9894,53.64423],[-2.98107,53.64306],[-2.9718,53.64087],[-2.9591,53.62871],[-2.97506,53.62286],[-2.97755,53.62398],[-2.98416,53.62112],[-2.98828,53.62367],[-3.0015,53.62255],[-3.01163,53.63039],[-3.00167,53.63578],[-2.99759,53.63815],[-2.99412,53.64118]]]}},{"type":"Feature","properties":{"source_code":"B85016","codes":["B85016"],"label":"MELTHAM ROAD SURGERY"},"geometry":{"type":"Polygon","coordinates":[[[-1.81601,53.63751],[-1.81546,53.63621],[-1.81583,53.63599],[-1.81429,53.63344],[-1.81546,53.63621],[-1.81189,53.63828],[-1.81111,53.64487],[-1.80313,53.64779],[-1.76039,53.64321],[-1.75146,53.6256],[-1.78957,53.61267],[-1.81686,53.61125],[-1.81927,53.6198],[-1.82802,53.62586],[-1.81601,53.63751]]]}},{"type":"Feature","properties":{"source_code":"B85023","codes":["B85023"],"label":"THE ALMONDBURY SURGERY"},"geometry":{"type":"MultiPolygon","coordinates":[[[[-1.77533,53.61481],[-1.77558,53.61349],[-1.77661,53.61446],[-1.77691,53.61509],[-1.77533,53.61481]]],[[[-1.7248,53.61308],[-1.7155,53.61675],[-1.71627,53.61619],[-1.7179,53.61547],[-1.71919,53.61446],[-1.72108,53.61354],[-1.72305,53.61328],[-1.7248,53.61308]]],[[[-1.72779,53.65711],[-1.72777,53.65705],[-1.72837,53.65614],[-1.72812,53.65507],[-1.72794,53.654],[-1.72863,53.65298],[-1.73009,53.65227],[-1.73101,53.65198],[-1.73107,53.65177],[-1.73035,53.6512],[-1.73037,53.65119],[-1.73107,53.65177],[-1.7311,53.65164],[-1.73051,53.65108],[-1.73037,53.65119],[-1.71946,53.64211],[-1.7173,53.64049],[-1.7167,53.64021],[-1.71524,53.63955],[-1.7143,53.63909],[-1.71361,53.63828],[-1.71301,53.63756],[-1.71146,53.63767],[-1.71026,53.63741],[-1.70915,53.63711],[-1.70786,53.63711],[-1.70623,53.63665],[-1.70503,53.63645],[-1.70374,53.63619],[-1.7028,53.63578],[-1.70159,53.63553],[-1.70048,53.63538],[-1.69928,53.63487],[-1.69928,53.63421],[-1.69885,53.63365],[-1.69902,53.63298],[-1.69971,53.63253],[-1.70202,53.63242],[-1.70331,53.63202],[-1.70468,53.63151],[-1.70741,53.63209],[-1.70828,53.63282],[-1.7076,53.63213],[-1.70741,53.63209],[-1.70623,53.6311],[-1.70734,53.63187],[-1.70735,53.63187],[-1.70624,53.63075],[-1.7074,53.63003],[-1.71618,53.61726],[-1.71692,53.618],[-1.71734,53.6164],[-1.72475,53.6138],[-1.72669,53.6128],[-1.7252,53.61303],[-1.7248,53.61308],[-1.73048,53.61083],[-1.73215,53.60997],[-1.73292,53.60896],[-1.73395,53.60799],[-1.73481,53.60692],[-1.73601,53.606],[-1.73713,53.60544],[-1.73893,53.60529],[-1.74039,53.6057],[-1.74245,53.60565],[-1.74477,53.6058],[-1.74683,53.60666],[-1.7482,53.60748],[-1.74957,53.60824],[-1.75077,53.60763],[-1.75206,53.60722],[-1.75318,53.60661],[-1.75412,53.6059],[-1.75507,53.60692],[-1.7561,53.60809],[-1.7567,53.60891],[-1.75567,53.60957],[-1.75489,53.61003],[-1.75395,53.61043],[-1.7556,53.61079],[-1.75695,53.61079],[-1.7591,53.61099],[-1.76073,53.6112],[-1.76262,53.6115],[-1.76425,53.61216],[-1.767,53.61247],[-1.76923,53.61227],[-1.77283,53.61227],[-1.76428,53.61269],[-1.76811,53.61352],[-1.77533,53.61481],[-1.77528,53.61509],[-1.77709,53.61548],[-1.77691,53.61509],[-1.78331,53.61623],[-1.7833,53.61624],[-1.78296,53.61633],[-1.78673,53.61684],[-1.78331,53.61623],[-1.78459,53.61568],[-1.78562,53.61517],[-1.78682,53.61558],[-1.78845,53.61542],[-1.79,53.61522],[-1.7912,53.61552],[-1.79111,53.61634],[-1.79104,53.61743],[-1.79167,53.61752],[-1.7918,53.6168],[-1.79275,53.61583],[-1.79343,53.61512],[-1.8015,53.62525],[-1.80073,53.62464],[-1.79995,53.624],[-1.80114,53.62549],[-1.79948,53.62713],[-1.80159,53.62571],[-1.80124,53.62647],[-1.80013,53.62718],[-1.79944,53.62779],[-1.79858,53.62871],[-1.79747,53.62942],[-1.79618,53.63029],[-1.79498,53.63115],[-1.79412,53.63197],[-1.79335,53.63202],[-1.79227,53.63198],[-1.7925,53.63182],[-1.79218,53.63197],[-1.79227,53.63198],[-1.79054,53.63314],[-1.79077,53.63283],[-1.79173,53.63219],[-1.78468,53.63558],[-1.78553,53.63651],[-1.79054,53.63314],[-1.79008,53.63375],[-1.78923,53.63482],[-1.78811,53.63527],[-1.78648,53.63609],[-1.78554,53.6369],[-1.78433,53.63767],[-1.78296,53.63823],[-1.78461,53.63712],[-1.78109,53.63835],[-1.78202,53.63828],[-1.78356,53.63828],[-1.78476,53.63802],[-1.77554,53.64056],[-1.77558,53.64052],[-1.77565,53.64046],[-1.77533,53.64062],[-1.77554,53.64056],[-1.77498,53.64113],[-1.77369,53.64179],[-1.77266,53.6424],[-1.77223,53.64342],[-1.7712,53.64326],[-1.76991,53.64306],[-1.7682,53.64286],[-1.76706,53.64289],[-1.77253,53.64139],[-1.77078,53.6409],[-1.76732,53.64222],[-1.76633,53.64291],[-1.76706,53.64289],[-1.76589,53.64321],[-1.76179,53.64607],[-1.76185,53.64637],[-1.76116,53.64744],[-1.75944,53.648],[-1.7598,53.64745],[-1.75858,53.6483],[-1.7567,53.6485],[-1.75455,53.64896],[-1.75241,53.64967],[-1.74966,53.65013],[-1.74768,53.65105],[-1.74537,53.65161],[-1.74322,53.65237],[-1.74116,53.65293],[-1.74,53.65238],[-1.73888,53.65279],[-1.73918,53.65339],[-1.73851,53.65293],[-1.73819,53.65305],[-1.73953,53.6538],[-1.73644,53.65481],[-1.73344,53.65547],[-1.73232,53.65603],[-1.73103,53.65659],[-1.73009,53.65741],[-1.72932,53.65812],[-1.73033,53.65443],[-1.72779,53.65711]]],[[[-1.72779,53.65711],[-1.72812,53.65802],[-1.72872,53.65873],[-1.72957,53.65919],[-1.73035,53.66026],[-1.73112,53.66148],[-1.73155,53.66254],[-1.73223,53.66351],[-1.73266,53.66443],[-1.73326,53.66509],[-1.73369,53.66585],[-1.73326,53.66676],[-1.73232,53.66743],[-1.73146,53.66687],[-1.73086,53.66636],[-1.72966,53.666],[-1.72863,53.6657],[-1.72794,53.66514],[-1.72674,53.66473],[-1.72545,53.66443],[-1.72374,53.66412],[-1.72245,53.66412],[-1.72099,53.66412],[-1.72185,53.66336],[-1.72779,53.65711]]]]}},{"type":"Feature","properties":{"source_code":"B85641","codes":["B85641"],"label":"LOCKWOOD SURGERY"},"geometry":{"type":"Polygon","coordinates":[[[-1.78614,53.63899],[-1.78382,53.64235],[-1.7815,53.6425],[-1.78013,53.64398],[-1.77712,53.64535],[-1.77403,53.64393],[-1.77086,53.64321],[-1.77009,53.64189],[-1.76279,53.64184],[-1.7609,53.64108],[-1.75996,53.63889],[-1.75241,53.63639],[-1.74871,53.63436],[-1.74605,53.63136],[-1.7415,53.63288],[-1.73043,53.63502],[-1.73584,53.6338],[-1.73902,53.63334],[-1.73816,53.63237],[-1.73644,53.63054],[-1.74562,53.62652],[-1.76682,53.61899],[-1.77876,53.61695],[-1.78691,53.61109],[-1.80579,53.60503],[-1.81146,53.60605],[-1.81498,53.60651],[-1.81901,53.60427],[-1.82322,53.60509],[-1.82605,53.60595],[-1.82854,53.60621],[-1.85403,53.61451],[-1.85884,53.6199],[-1.85892,53.62474],[-1.84879,53.63029],[-1.83755,53.63665],[-1.83137,53.63746],[-1.82304,53.63741],[-1.84553,53.64917],[-1.84313,53.651],[-1.8294,53.65481],[-1.80854,53.65125],[-1.80167,53.65146],[-1.8015,53.6513],[-1.79729,53.64291],[-1.79566,53.64123],[-1.78614,53.63899]]]}},{"type":"Feature","properties":{"source_code":"P86013","codes":["P86013"],"label":"HEALEY SURGERY"},"geometry":{"type":"Polygon","coordinates":[[[-2.21735,53.60534],[-2.21486,53.62031],[-2.2098,53.62667],[-2.20722,53.63454],[-2.18147,53.67129],[-2.1668,53.67925],[-2.15667,53.67724],[-2.1522,53.63899],[-2.14967,53.63192],[-2.14049,53.62896],[-2.13066,53.62693],[-2.12628,53.61927],[-2.12744,53.61634],[-2.12942,53.61626],[-2.13465,53.60975],[-2.1365,53.60684],[-2.13912,53.60547],[-2.14251,53.60506],[-2.14663,53.60389],[-2.15285,53.60231],[-2.16323,53.59882],[-2.16946,53.60216],[-2.17332,53.60341],[-2.17362,53.60526],[-2.18207,53.60582],[-2.18752,53.60957],[-2.1895,53.60954],[-2.20334,53.60624],[-2.21735,53.60534]]]}},{"type":"Feature","properties":{"source_code":"N84024","codes":["N84024"],"label":"GRANGE SURGERY"},"geometry":{"type":"Polygon","coordinates":[[[-3.01442,53.6453],[-3.01266,53.64408],[-3.01334,53.64344],[-3.01416,53.64291],[-3.01126,53.64069],[-3.00819,53.63843],[-3.00244,53.6341],[-2.99934,53.63172],[-2.99944,53.63174],[-2.99956,53.63172],[-2.99982,53.63164],[-3.00044,53.63146],[-3.00082,53.63123],[-3.00133,53.63107],[-3.00201,53.63092],[-3.00229,53.63082],[-3.00248,53.63073],[-3.00261,53.63066],[-3.00244,53.63056],[-3.00268,53.63031],[-3.00278,53.62994],[-3.00334,53.6295],[-3.00371,53.62895],[-3.00405,53.62873],[-3.00421,53.62858],[-3.00425,53.62842],[-3.00453,53.62818],[-3.0049,53.62798],[-3.00295,53.62643],[-3.00305,53.62634],[-3.00284,53.62619],[-3.00261,53.62601],[-3.00198,53.62566],[-3.0009,53.62494],[-3.00409,53.62293],[-3.0042,53.62251],[-3.00426,53.62242],[-3.00391,53.62233],[-3.00348,53.62216],[-3.00368,53.62213],[-3.00438,53.62225],[-3.00466,53.62189],[-3.00405,53.62162],[-3.00474,53.62174],[-3.00493,53.62153],[-3.00508,53.62138],[-3.00485,53.62116],[-3.00529,53.62122],[-3.00581,53.62077],[-3.00639,53.62026],[-3.00629,53.61965],[-3.00663,53.61892],[-3.00762,53.61788],[-3.00845,53.61708],[-3.0112,53.6156],[-3.01186,53.61501],[-3.01236,53.61435],[-3.01242,53.6139],[-3.01326,53.6125],[-3.01405,53.612],[-3.01493,53.61158],[-3.0156,53.61152],[-3.01811,53.6121],[-3.0206,53.61265],[-3.0248,53.61275],[-3.02901,53.61657],[-3.02712,53.61768],[-3.02617,53.61894],[-3.0257,53.61983],[-3.0287,53.62027],[-3.02711,53.62109],[-3.02659,53.62174],[-3.02585,53.62262],[-3.02596,53.62269],[-3.02615,53.6229],[-3.02651,53.62324],[-3.0271,53.62385],[-3.02815,53.62517],[-3.02808,53.62674],[-3.02763,53.6282],[-3.02927,53.62853],[-3.02969,53.62845],[-3.03017,53.62853],[-3.03115,53.62881],[-3.03223,53.62965],[-3.03652,53.63138],[-3.03493,53.6326],[-3.03197,53.63416],[-3.03047,53.6351],[-3.02974,53.63673],[-3.02784,53.63825],[-3.02704,53.63872],[-3.02581,53.63884],[-3.0224,53.64092],[-3.02066,53.64208],[-3.0168,53.64432],[-3.01521,53.6452],[-3.01442,53.6453]]]}},{"type":"Feature","properties":{"source_code":"B85036","codes":["B85036"],"label":"NEW STREET & NETHERTON GROUP PRACTICE"},"geometry":{"type":"Polygon","coordinates":[[[-1.8439,53.65659],[-1.83864,53.65577],[-1.83338,53.65504],[-1.82285,53.6538],[-1.81744,53.65294],[-1.81228,53.65189],[-1.80962,53.65136],[-1.80696,53.65144],[-1.80404,53.6516],[-1.80292,53.65163],[-1.80171,53.65146],[-1.80119,53.64976],[-1.80076,53.64876],[-1.80007,53.64783],[-1.79959,53.64628],[-1.79934,53.64532],[-1.79884,53.64456],[-1.79873,53.64253],[-1.79622,53.64108],[-1.79139,53.64011],[-1.78841,53.63945],[-1.78647,53.63935],[-1.78717,53.63887],[-1.78857,53.63834],[-1.78981,53.63768],[-1.79033,53.63701],[-1.79125,53.63606],[-1.79308,53.63457],[-1.79564,53.63313],[-1.79425,53.63199],[-1.79619,53.63023],[-1.79865,53.62867],[-1.80067,53.62706],[-1.80167,53.62545],[-1.79889,53.62334],[-1.79784,53.62228],[-1.79782,53.62102],[-1.79603,53.61972],[-1.79354,53.61893],[-1.79157,53.61798],[-1.79166,53.61714],[-1.79386,53.61487],[-1.79418,53.61404],[-1.79364,53.6132],[-1.79237,53.61277],[-1.7911,53.61249],[-1.78786,53.6118],[-1.78693,53.61137],[-1.78681,53.6108],[-1.78781,53.60962],[-1.78834,53.60909],[-1.78921,53.60781],[-1.78828,53.60544],[-1.78863,53.60404],[-1.78786,53.60286],[-1.78675,53.60194],[-1.78466,53.60039],[-1.78248,53.59842],[-1.78121,53.59611],[-1.78054,53.5938],[-1.78147,53.59401],[-1.78249,53.59402],[-1.78352,53.59392],[-1.78339,53.59406],[-1.784,53.59474],[-1.78469,53.59506],[-1.7857,53.59574],[-1.78787,53.59593],[-1.79184,53.59716],[-1.79944,53.5963],[-1.80199,53.59753],[-1.80382,53.59899],[-1.80762,53.59782],[-1.80958,53.59733],[-1.81154,53.59711],[-1.81661,53.59647],[-1.81935,53.59606],[-1.82133,53.59546],[-1.84184,53.60923],[-1.84158,53.60975],[-1.84141,53.61078],[-1.84141,53.6116],[-1.84123,53.61242],[-1.8411,53.61282],[-1.84132,53.61317],[-1.8402,53.61527],[-1.84543,53.61478],[-1.848,53.6148],[-1.84907,53.61477],[-1.85007,53.61506],[-1.85056,53.6154],[-1.85189,53.61488],[-1.85671,53.61786],[-1.85848,53.62005],[-1.85825,53.62068],[-1.85828,53.62167],[-1.85794,53.62208],[-1.85721,53.62239],[-1.8572,53.6227],[-1.85702,53.62315],[-1.85671,53.6236],[-1.85776,53.62515],[-1.85489,53.62658],[-1.8545,53.62727],[-1.85506,53.62792],[-1.8566,53.62831],[-1.83969,53.64013],[-1.84272,53.6452],[-1.84363,53.6452],[-1.84449,53.64527],[-1.84627,53.64505],[-1.84982,53.64435],[-1.8496,53.64601],[-1.84852,53.64751],[-1.84594,53.64842],[-1.84517,53.64836],[-1.845,53.64881],[-1.84729,53.65461],[-1.8439,53.65659]]]}},{"type":"Feature","properties":{"source_code":"Y04266","codes":["Y04266"],"label":"CROSLAND MOOR SURGERY"},"geometry":{"type":"MultiPolygon","coordinates":[[[[-1.82554,53.62236],[-1.83685,53.62871],[-1.83867,53.63355],[-1.83201,53.63745],[-1.82645,53.63679],[-1.8212,53.63763],[-1.81686,53.63799],[-1.80676,53.63936],[-1.80677,53.63936],[-1.80878,53.63894],[-1.80227,53.63996],[-1.80377,53.636],[-1.79768,53.6332],[-1.79878,53.63092],[-1.80787,53.62625],[-1.81181,53.62416],[-1.82554,53.62236]]],[[[-1.80227,53.63996],[-1.80227,53.63997],[-1.80191,53.64002],[-1.80227,53.63996]]],[[[-1.80227,53.63997],[-1.80676,53.63936],[-1.80217,53.64023],[-1.80227,53.63997]]]]}},{"type":"Feature","properties":{"source_code":"B85044","codes":["B85044"],"label":"THORNTON LODGE SURGERY"},"geometry":{"type":"Polygon","coordinates":[[[-1.74545,53.67251],[-1.74528,53.67207],[-1.74477,53.6721],[-1.74276,53.66565],[-1.72279,53.61471],[-1.84811,53.61145],[-1.83437,53.65583],[-1.82437,53.65771],[-1.79077,53.66905],[-1.74921,53.67181],[-1.74545,53.67251]]]}},{"type":"Feature","properties":{"source_code":"N84005","codes":["N84005"],"label":"CUMBERLAND HOUSE SURGERY"},"geometry":{"type":"Polygon","coordinates":[[[-2.99266,53.66694],[-2.98927,53.66435],[-2.98631,53.66198],[-2.98532,53.66142],[-2.98425,53.66087],[-2.97966,53.66],[-2.97863,53.65964],[-2.97781,53.65919],[-2.97734,53.65853],[-2.97734,53.65827],[-2.97669,53.65761],[-2.97594,53.65713],[-2.97545,53.65676],[-2.97438,53.65537],[-2.97386,53.65405],[-2.97425,53.65318],[-2.97433,53.65296],[-2.97399,53.65173],[-2.97318,53.65008],[-2.97081,53.64601],[-2.96957,53.6437],[-2.9694,53.64304],[-2.96914,53.64141],[-2.96901,53.64077],[-2.96867,53.63988],[-2.96818,53.63904],[-2.96792,53.63899],[-2.9679,53.63884],[-2.96807,53.6388],[-2.96792,53.63848],[-2.968,53.6379],[-2.96839,53.63703],[-2.96798,53.63596],[-2.96783,53.63491],[-2.96813,53.6344],[-2.9688,53.63398],[-2.96942,53.63362],[-2.96955,53.63338],[-2.96974,53.63283],[-2.97069,53.63319],[-2.97129,53.63288],[-2.97221,53.63287],[-2.97266,53.63292],[-2.97279,53.63276],[-2.9732,53.63279],[-2.9733,53.63297],[-2.97395,53.63306],[-2.97515,53.63305],[-2.98476,53.6309],[-2.98493,53.63072],[-2.98532,53.63087],[-2.98744,53.6303],[-2.98742,53.6301],[-2.98781,53.63002],[-2.988,53.6302],[-2.9886,53.63016],[-2.98989,53.62988],[-2.99566,53.62762],[-2.99931,53.62594],[-3.00073,53.62494],[-3.00425,53.62265],[-3.00467,53.62181],[-3.00609,53.62054],[-3.00661,53.6198],[-3.00742,53.61799],[-3.00849,53.617],[-3.01055,53.61583],[-3.01206,53.61484],[-3.01227,53.6143],[-3.01287,53.6129],[-3.01377,53.61206],[-3.01502,53.61148],[-3.01551,53.61149],[-3.01671,53.61173],[-3.01939,53.61238],[-3.02064,53.6126],[-3.02309,53.61272],[-3.02474,53.6127],[-3.05446,53.61367],[-3.04965,53.62006],[-3.04746,53.62219],[-3.04497,53.62451],[-3.04399,53.62535],[-3.04021,53.62942],[-3.03746,53.63253],[-3.03411,53.63477],[-3.03188,53.63604],[-3.02991,53.63741],[-3.02862,53.63935],[-3.02862,53.63991],[-3.02802,53.64087],[-3.02648,53.64423],[-3.02485,53.64622],[-3.02218,53.64825],[-3.02184,53.64871],[-3.02107,53.64886],[-3.01712,53.65176],[-3.0145,53.65344],[-3.01343,53.65415],[-2.99983,53.66237],[-2.9988,53.66282],[-2.99841,53.66328],[-2.99266,53.66694]]]}},{"type":"Feature","properties":{"source_code":"N84013","codes":["N84013"],"label":"CHRISTIANA HARTLEY MEDICAL PRACTICE"},"geometry":{"type":"MultiPolygon","coordinates":[[[[-2.95831,53.66942],[-2.95549,53.67226],[-2.95815,53.66956],[-2.95831,53.66942]]],[[[-2.9482,53.67622],[-2.95184,53.67538],[-2.94825,53.67609],[-2.94824,53.67617],[-2.94717,53.67565],[-2.94753,53.67592],[-2.94378,53.67446],[-2.94488,53.67415],[-2.94397,53.67321],[-2.94374,53.67304],[-2.94378,53.67302],[-2.94378,53.67302],[-2.94514,53.67084],[-2.94459,53.66982],[-2.94563,53.67005],[-2.94605,53.66938],[-2.9473,53.66753],[-2.95125,53.65184],[-2.95103,53.65176],[-2.9579,53.64148],[-2.96734,53.63141],[-2.97575,53.62601],[-2.98914,53.63019],[-3.00116,53.62469],[-2.99412,53.6312],[-2.99701,53.62886],[-2.99927,53.62672],[-3.0007,53.6256],[-3.00047,53.6254],[-3.00802,53.61858],[-3.01249,53.61278],[-3.01824,53.61148],[-3.01849,53.61104],[-3.04665,53.62306],[-3.04115,53.62815],[-3.02193,53.64789],[-2.98244,53.67536],[-2.98474,53.67126],[-2.97884,53.6718],[-2.97868,53.67162],[-2.97893,53.67226],[-2.97961,53.67231],[-2.98004,53.67261],[-2.97944,53.67299],[-2.97528,53.66832],[-2.97469,53.66768],[-2.98129,53.67542],[-2.98262,53.67556],[-2.98236,53.67637],[-2.97953,53.67856],[-2.97575,53.68029],[-2.97163,53.68202],[-2.967,53.68298],[-2.95996,53.68298],[-2.95421,53.6812],[-2.95223,53.67978],[-2.9482,53.67622]]],[[[-2.95403,53.67373],[-2.95493,53.67283],[-2.95211,53.67532],[-2.95215,53.67531],[-2.95403,53.67373]]],[[[-2.95497,53.67279],[-2.95429,53.67348],[-2.95501,53.67275],[-2.95497,53.67279]]],[[[-2.96391,53.67246],[-2.96625,53.67283],[-2.96247,53.67215],[-2.96391,53.67246]]],[[[-2.95835,53.66939],[-2.96178,53.66648],[-2.96216,53.66603],[-2.96094,53.66715],[-2.95888,53.66886],[-2.95835,53.66939],[-2.95831,53.66942],[-2.95885,53.66888],[-2.95785,53.66971],[-2.95529,53.67246],[-2.95549,53.67226],[-2.95526,53.6725],[-2.95514,53.67262],[-2.95835,53.66939]]],[[[-2.96828,53.66006],[-2.96719,53.65889],[-2.97269,53.66534],[-2.97197,53.6644],[-2.96828,53.66006]]],[[[-2.96368,53.66423],[-2.96426,53.66355],[-2.96395,53.66384],[-2.96368,53.66423]]],[[[-2.96548,53.65982],[-2.96536,53.65788],[-2.96536,53.65921],[-2.96548,53.65982]]],[[[-2.96613,53.65705],[-2.96541,53.6568],[-2.96585,53.65731],[-2.96613,53.65705]]],[[[-2.96529,53.65675],[-2.96464,53.65652],[-2.96529,53.65679],[-2.96529,53.65675]]],[[[-2.96086,53.6552],[-2.95638,53.65363],[-2.95648,53.65367],[-2.95974,53.65486],[-2.96086,53.6552]]],[[[-2.97729,53.64677],[-2.97769,53.64639],[-2.97087,53.65268],[-2.97729,53.64677]]],[[[-2.95137,53.65188],[-2.95127,53.65184],[-2.95117,53.65261],[-2.95137,53.65188]]],[[[-3.00106,53.64217],[-3.00327,53.63822],[-3.00059,53.64203],[-3.00106,53.64217]]],[[[-3.00734,53.63096],[-3.00695,53.63094],[-3.00722,53.63117],[-3.00734,53.63096]]],[[[-3.01585,53.61577],[-3.01789,53.61211],[-3.0176,53.61234],[-3.01585,53.61577]]]]}},{"type":"Feature","properties":{"source_code":"B85051","codes":["B85051"],"label":"FIELDHEAD SURGERY"},"geometry":{"type":"Polygon","coordinates":[[[-1.81928,53.64365],[-1.81595,53.64324],[-1.81346,53.64346],[-1.81482,53.64255],[-1.82021,53.64265],[-1.81992,53.64153],[-1.81896,53.64052],[-1.81702,53.6398],[-1.81525,53.63975],[-1.81622,53.6382],[-1.81944,53.63772],[-1.82167,53.63756],[-1.82759,53.63701],[-1.83197,53.63741],[-1.83738,53.63645],[-1.84261,53.63324],[-1.84613,53.63166],[-1.85437,53.62713],[-1.85489,53.62805],[-1.85686,53.6284],[-1.85652,53.63013],[-1.85557,53.63207],[-1.85669,53.63314],[-1.85746,53.63192],[-1.86261,53.62922],[-1.86853,53.62754],[-1.87411,53.62662],[-1.87604,53.62692],[-1.87789,53.62685],[-1.87995,53.62912],[-1.87875,53.63115],[-1.87806,53.63075],[-1.87643,53.634],[-1.8766,53.63568],[-1.87673,53.63652],[-1.87746,53.63711],[-1.87853,53.63797],[-1.8789,53.63848],[-1.87866,53.63899],[-1.87995,53.6394],[-1.88175,53.63858],[-1.8851,53.63904],[-1.88828,53.64026],[-1.89523,53.64337],[-1.88656,53.64886],[-1.88476,53.65009],[-1.88252,53.65138],[-1.8778,53.65353],[-1.87265,53.65558],[-1.86193,53.65928],[-1.85912,53.65902],[-1.85675,53.65862],[-1.85413,53.6583],[-1.85292,53.6581],[-1.8518,53.6578],[-1.84443,53.65664],[-1.83714,53.6554],[-1.83275,53.6549],[-1.83014,53.65462],[-1.82918,53.65452],[-1.82835,53.65431],[-1.82857,53.65359],[-1.82849,53.65292],[-1.82674,53.65145],[-1.82769,53.65098],[-1.82718,53.65008],[-1.82658,53.64905],[-1.82518,53.64713],[-1.82387,53.64518],[-1.82248,53.64455],[-1.81928,53.64365]]]}},{"type":"Feature","properties":{"source_code":"B85042","codes":["B85042"],"label":"PADDOCK AND LONGWOOD FAMILY PRACTICE"},"geometry":{"type":"Polygon","coordinates":[[[-1.77704,53.64566],[-1.82785,53.6367],[-1.84467,53.62408],[-1.89995,53.64362],[-1.80897,53.678],[-1.77704,53.64566]]]}},{"type":"Feature","properties":{"source_code":"P86624","codes":["P86624"],"label":"Trinity Medical Centre"},"geometry":{"type":"Polygon","coordinates":[[[-2.08334,53.66889],[-2.06062,53.66346],[-2.05118,53.6599],[-2.04654,53.65797],[-2.04569,53.65578],[-2.06766,53.63996],[-2.07435,53.63253],[-2.08088,53.62815],[-2.11152,53.61904],[-2.13391,53.63358],[-2.13341,53.63517],[-2.13272,53.63589],[-2.13341,53.6366],[-2.13409,53.63741],[-2.13392,53.63823],[-2.13512,53.64036],[-2.13375,53.64912],[-2.10843,53.65837],[-2.08334,53.66889]]]}},{"type":"Feature","properties":{"source_code":"P86608","codes":["P86608"],"label":"The Village Medical Ctr."},"geometry":{"type":"MultiPolygon","coordinates":[[[[-2.11796,53.63731],[-2.10357,53.64219],[-2.10354,53.64158],[-2.07367,53.63466],[-2.11796,53.63731]]],[[[-2.10357,53.64219],[-2.10358,53.64234],[-2.10354,53.6422],[-2.10357,53.64219]]],[[[-2.10358,53.64234],[-2.10398,53.64378],[-2.10365,53.64383],[-2.10358,53.64234]]],[[[-2.10365,53.64383],[-2.10585,53.68764],[-2.10521,53.68913],[-2.09496,53.68553],[-1.99883,53.69345],[-2.00638,53.65624],[-2.10365,53.64383]]],[[[-2.10521,53.68913],[-2.10594,53.68939],[-2.10585,53.68764],[-2.11212,53.67292],[-2.10398,53.64378],[-2.13856,53.63935],[-2.1032,53.69386],[-2.10521,53.68913]]]]}},{"type":"Feature","properties":{"source_code":"P86018","codes":["P86018"],"label":"Littleborough Group Practice"},"geometry":{"type":"Polygon","coordinates":[[[-2.14182,53.62764],[-2.14302,53.65471],[-2.08586,53.67709],[-2.0771,53.64596],[-2.07951,53.63385],[-2.09152,53.62306],[-2.14182,53.62764]]]}},{"type":"Feature","properties":{"source_code":"P86021","codes":["P86021"],"label":"Pennine Surgery"},"geometry":{"type":"Polygon","coordinates":[[[-2.09015,53.6841],[-2.04655,53.65278],[-2.10629,53.61267],[-2.14233,53.62774],[-2.15761,53.64962],[-2.14542,53.66722],[-2.12757,53.68156],[-2.09015,53.6841]]]}},{"type":"Feature","properties":{"source_code":"B85062","codes":["B85062"],"label":"UNIVERSITY HEALTH CENTRE"},"geometry":{"type":"MultiPolygon","coordinates":[[[[-1.7173,53.59913],[-1.7288,53.59913],[-1.73464,53.61369],[-1.71541,53.61155],[-1.7173,53.59913]]],[[[-1.71432,53.63312],[-1.69395,53.61451],[-1.79214,53.61848],[-1.84111,53.62924],[-1.84233,53.64447],[-1.85463,53.66127],[-1.83459,53.66894],[-1.82131,53.67125],[-1.81741,53.67326],[-1.81551,53.67493],[-1.81146,53.67752],[-1.7782,53.68323],[-1.76389,53.68593],[-1.74751,53.68598],[-1.74007,53.67374],[-1.7388,53.65092],[-1.71432,53.63312]]]]}},{"type":"Feature","properties":{"source_code":"B85660","codes":["B85660"],"label":"THE JUNCTION SURGERY"},"geometry":{"type":"Polygon","coordinates":[[[-1.73378,53.67767],[-1.73296,53.67744],[-1.73256,53.67753],[-1.73155,53.6777],[-1.73056,53.67744],[-1.72994,53.67693],[-1.7299,53.67696],[-1.72863,53.67495],[-1.72805,53.67371],[-1.72865,53.67312],[-1.72927,53.67245],[-1.72998,53.67146],[-1.7309,53.67062],[-1.73155,53.67025],[-1.73234,53.66961],[-1.73264,53.66912],[-1.73279,53.66818],[-1.73258,53.66749],[-1.7317,53.66693],[-1.7308,53.66621],[-1.73022,53.66596],[-1.72876,53.66573],[-1.72816,53.66525],[-1.72749,53.66488],[-1.72625,53.66462],[-1.72402,53.66409],[-1.72088,53.66416],[-1.72073,53.66403],[-1.71878,53.66223],[-1.71792,53.66195],[-1.71616,53.66137],[-1.7144,53.65989],[-1.71352,53.65891],[-1.71297,53.65884],[-1.71159,53.65868],[-1.71063,53.65863],[-1.70925,53.65825],[-1.70792,53.65779],[-1.70644,53.65692],[-1.7043,53.65556],[-1.70318,53.6554],[-1.70159,53.65561],[-1.69986,53.65569],[-1.69848,53.65546],[-1.69728,53.65502],[-1.69662,53.65442],[-1.69627,53.65366],[-1.69589,53.65345],[-1.69434,53.65282],[-1.6923,53.65187],[-1.68973,53.65121],[-1.6873,53.65067],[-1.68584,53.65032],[-1.68481,53.64966],[-1.6811,53.64606],[-1.67908,53.64422],[-1.6775,53.64315],[-1.67614,53.64185],[-1.67544,53.64143],[-1.67363,53.64081],[-1.67183,53.6401],[-1.6711,53.64005],[-1.66921,53.63985],[-1.66928,53.64035],[-1.66917,53.64085],[-1.66893,53.64119],[-1.66844,53.64208],[-1.66799,53.6425],[-1.66743,53.64316],[-1.66711,53.64292],[-1.66647,53.64253],[-1.66606,53.64117],[-1.66617,53.64087],[-1.66642,53.64052],[-1.6663,53.64011],[-1.6663,53.63963],[-1.66775,53.6387],[-1.66741,53.63784],[-1.6669,53.63651],[-1.66604,53.63563],[-1.66627,53.6354],[-1.66694,53.63533],[-1.66984,53.63493],[-1.67346,53.63438],[-1.67685,53.63395],[-1.67694,53.63367],[-1.677,53.63246],[-1.67692,53.63036],[-1.67715,53.63003],[-1.6776,53.62963],[-1.6776,53.62922],[-1.6776,53.62857],[-1.67745,53.62797],[-1.677,53.62754],[-1.67617,53.62665],[-1.67597,53.62625],[-1.67687,53.62586],[-1.67818,53.6253],[-1.67951,53.62482],[-1.68084,53.62406],[-1.68112,53.62375],[-1.68149,53.62361],[-1.6831,53.62329],[-1.68432,53.62292],[-1.68507,53.62274],[-1.68548,53.62226],[-1.6864,53.6217],[-1.68857,53.62148],[-1.69044,53.62129],[-1.69097,53.62111],[-1.69228,53.62048],[-1.69378,53.61989],[-1.69479,53.61925],[-1.69597,53.61834],[-1.69655,53.61737],[-1.69668,53.61686],[-1.69616,53.61616],[-1.69565,53.61518],[-1.69647,53.61535],[-1.6973,53.61538],[-1.70099,53.61509],[-1.70348,53.61498],[-1.70505,53.6153],[-1.7085,53.6163],[-1.70964,53.6181],[-1.71005,53.61793],[-1.71114,53.61803],[-1.71277,53.61834],[-1.7135,53.61838],[-1.71552,53.61924],[-1.71786,53.61971],[-1.71784,53.61995],[-1.71812,53.62056],[-1.71812,53.62172],[-1.71807,53.62339],[-1.71923,53.626],[-1.71947,53.62595],[-1.72007,53.62572],[-1.72095,53.62555],[-1.72151,53.62588],[-1.72385,53.62753],[-1.72451,53.6281],[-1.72582,53.62866],[-1.72689,53.62899],[-1.7282,53.62913],[-1.72992,53.62923],[-1.73155,53.62926],[-1.73331,53.62904],[-1.73582,53.62937],[-1.73762,53.63017],[-1.73648,53.63072],[-1.73856,53.63218],[-1.73805,53.63246],[-1.73835,53.63254],[-1.73897,53.6331],[-1.73923,53.63357],[-1.74073,53.63319],[-1.74305,53.63217],[-1.74485,53.63148],[-1.74575,53.63136],[-1.74623,53.63159],[-1.74644,53.63148],[-1.75052,53.6302],[-1.75247,53.62987],[-1.75642,53.62914],[-1.75955,53.62901],[-1.76286,53.62867],[-1.76513,53.62859],[-1.76676,53.6277],[-1.76824,53.62689],[-1.76968,53.62546],[-1.77004,53.62544],[-1.77077,53.62536],[-1.77122,53.62545],[-1.7718,53.6255],[-1.7726,53.6255],[-1.77337,53.62583],[-1.77449,53.62656],[-1.77449,53.62709],[-1.7762,53.62815],[-1.7771,53.62845],[-1.77742,53.62849],[-1.77858,53.62814],[-1.78015,53.62788],[-1.78112,53.62783],[-1.78354,53.62852],[-1.77822,53.63156],[-1.77908,53.63843],[-1.78004,53.63987],[-1.77994,53.63997],[-1.7783,53.64072],[-1.77571,53.64291],[-1.77388,53.64413],[-1.77348,53.64435],[-1.7734,53.64576],[-1.77343,53.6461],[-1.77354,53.64683],[-1.77361,53.64834],[-1.77363,53.65016],[-1.77371,53.65208],[-1.77363,53.65448],[-1.77313,53.65631],[-1.77221,53.65668],[-1.76991,53.65744],[-1.76848,53.65831],[-1.76672,53.65891],[-1.76262,53.66004],[-1.75852,53.66172],[-1.75365,53.66389],[-1.75236,53.66492],[-1.74972,53.66726],[-1.74801,53.66879],[-1.74773,53.66947],[-1.74751,53.67085],[-1.74745,53.67126],[-1.74644,53.6724],[-1.74573,53.67425],[-1.74515,53.67479],[-1.74371,53.67625],[-1.74318,53.67735],[-1.74138,53.67884],[-1.73944,53.67963],[-1.73773,53.68049],[-1.73698,53.68053],[-1.73498,53.67846],[-1.73378,53.67767]]]}},{"type":"Feature","properties":{"source_code":"B85010","codes":["B85010"],"label":"DALTON SURGERY"},"geometry":{"type":"Polygon","coordinates":[[[-1.6961,53.65476],[-1.70013,53.64718],[-1.70297,53.64566],[-1.70743,53.64331],[-1.70477,53.63975],[-1.70168,53.63985],[-1.69885,53.63818],[-1.69267,53.63273],[-1.6767,53.63416],[-1.6767,53.62978],[-1.6755,53.62601],[-1.68674,53.62118],[-1.69104,53.62051],[-1.69593,53.61731],[-1.70056,53.617],[-1.70382,53.6115],[-1.71558,53.61517],[-1.7203,53.61298],[-1.7288,53.61201],[-1.73584,53.60529],[-1.73816,53.60453],[-1.7403,53.60524],[-1.74434,53.60539],[-1.74966,53.60773],[-1.75438,53.6057],[-1.75713,53.60906],[-1.75515,53.61028],[-1.76167,53.61084],[-1.76622,53.61201],[-1.77343,53.61165],[-1.77721,53.6144],[-1.77893,53.61685],[-1.7791,53.61899],[-1.77223,53.62489],[-1.77429,53.62571],[-1.77489,53.62647],[-1.77489,53.62688],[-1.77704,53.62805],[-1.78039,53.62744],[-1.78373,53.62835],[-1.78305,53.62917],[-1.77867,53.63161],[-1.77953,53.63848],[-1.78039,53.64016],[-1.77395,53.64438],[-1.77346,53.65119],[-1.77343,53.65201],[-1.7734,53.65196],[-1.77335,53.65268],[-1.77328,53.65177],[-1.77328,53.65176],[-1.77343,53.6541],[-1.77326,53.65593],[-1.76983,53.65736],[-1.76545,53.65573],[-1.76099,53.6573],[-1.75661,53.65797],[-1.75172,53.65522],[-1.74597,53.65151],[-1.7415,53.65471],[-1.74365,53.65756],[-1.73223,53.66366],[-1.73412,53.66621],[-1.73241,53.66732],[-1.72005,53.66427],[-1.70443,53.65664],[-1.69885,53.65573],[-1.6961,53.65476]]]}},{"type":"Feature","properties":{"source_code":"B85024","codes":["B85024"],"label":"THE WATERLOO PRACTICE"},"geometry":{"type":"Polygon","coordinates":[[[-1.77361,53.6456],[-1.77378,53.65608],[-1.7703,53.65746],[-1.7662,53.65593],[-1.76553,53.6557],[-1.76051,53.65775],[-1.75693,53.65804],[-1.75587,53.65798],[-1.75421,53.657],[-1.75013,53.65362],[-1.74835,53.65173],[-1.74717,53.65209],[-1.74601,53.65157],[-1.7441,53.65217],[-1.74147,53.65446],[-1.74172,53.65568],[-1.74378,53.65776],[-1.73732,53.65868],[-1.7389,53.65972],[-1.73737,53.66014],[-1.73639,53.65885],[-1.73624,53.65637],[-1.73407,53.65541],[-1.73116,53.65679],[-1.73242,53.65768],[-1.73206,53.65832],[-1.73005,53.65766],[-1.73019,53.65863],[-1.7287,53.65849],[-1.73056,53.65872],[-1.73328,53.66038],[-1.73341,53.66331],[-1.7325,53.66355],[-1.73387,53.66626],[-1.73244,53.66753],[-1.73049,53.66604],[-1.72838,53.66562],[-1.72549,53.66444],[-1.72363,53.66404],[-1.72121,53.66422],[-1.72015,53.66361],[-1.71859,53.66229],[-1.71561,53.66117],[-1.71348,53.65893],[-1.71085,53.65881],[-1.70882,53.65824],[-1.70571,53.65668],[-1.70385,53.65553],[-1.69987,53.65574],[-1.698,53.65541],[-1.6964,53.65441],[-1.69791,53.65444],[-1.69925,53.65235],[-1.69952,53.65063],[-1.70099,53.64876],[-1.70082,53.64728],[-1.70363,53.64541],[-1.70756,53.64354],[-1.70508,53.63986],[-1.70251,53.6399],[-1.70127,53.63949],[-1.70046,53.63888],[-1.69682,53.63611],[-1.695,53.63467],[-1.69383,53.63372],[-1.69327,53.63263],[-1.69395,53.63253],[-1.69402,53.63096],[-1.69322,53.63117],[-1.69302,53.63071],[-1.69364,53.63095],[-1.694,53.63041],[-1.69552,53.6291],[-1.6973,53.628],[-1.69655,53.62756],[-1.69948,53.62473],[-1.6994,53.62303],[-1.69863,53.62199],[-1.69771,53.61771],[-1.7013,53.61751],[-1.70275,53.61486],[-1.70749,53.61592],[-1.71004,53.61654],[-1.71334,53.61741],[-1.71399,53.61679],[-1.71519,53.61768],[-1.71416,53.61842],[-1.71579,53.61928],[-1.71597,53.61774],[-1.71675,53.61946],[-1.71779,53.6198],[-1.71915,53.62581],[-1.7208,53.6255],[-1.72596,53.62879],[-1.73138,53.62917],[-1.73537,53.62851],[-1.73962,53.62616],[-1.74065,53.62683],[-1.74099,53.6283],[-1.74459,53.6265],[-1.74929,53.62669],[-1.74922,53.62742],[-1.74867,53.628],[-1.74698,53.62872],[-1.74868,53.63073],[-1.74921,53.62986],[-1.7503,53.63025],[-1.75103,53.62983],[-1.75655,53.62903],[-1.75483,53.62757],[-1.75594,53.62717],[-1.75637,53.62794],[-1.75715,53.62844],[-1.75754,53.62908],[-1.7622,53.62864],[-1.76517,53.62859],[-1.76591,53.62975],[-1.76726,53.62946],[-1.76785,53.63091],[-1.76748,53.63266],[-1.76752,53.63393],[-1.7681,53.63488],[-1.76726,53.63518],[-1.7679,53.63561],[-1.76789,53.63607],[-1.76651,53.63844],[-1.7673,53.63896],[-1.76795,53.63951],[-1.76813,53.64011],[-1.76912,53.64172],[-1.77017,53.642],[-1.77144,53.64221],[-1.77258,53.64256],[-1.7724,53.64333],[-1.77416,53.64407],[-1.77348,53.64508],[-1.77361,53.6456]]]}},{"type":"Feature","properties":{"source_code":"B85659","codes":["B85659"],"label":"THE WHITEHOUSE CENTRE"},"geometry":{"type":"Polygon","coordinates":[[[-1.77155,53.56601],[-1.92604,53.57579],[-1.99402,53.6031],[-1.95831,53.63487],[-1.92741,53.64423],[-1.88965,53.64057],[-1.85806,53.6597],[-1.79283,53.678],[-1.75095,53.68532],[-1.69292,53.66397],[-1.64177,53.63853],[-1.61224,53.62998],[-1.58478,53.59373],[-1.62666,53.5709],[-1.77155,53.56601]]]}},{"type":"Feature","properties":{"source_code":"P82034","codes":["P82034"],"label":"EDGWORTH MEDICAL CENTRE"},"geometry":{"type":"Polygon","coordinates":[[[-2.38609,53.67983],[-2.37695,53.65958],[-2.37476,53.6597],[-2.38506,53.62448],[-2.40498,53.5925],[-2.43279,53.60127],[-2.47797,53.63548],[-2.45338,53.65542],[-2.42605,53.65691],[-2.41081,53.66753],[-2.38609,53.67983]]]}},{"type":"Feature","properties":{"source_code":"P81655","codes":["P81655"],"label":"THE VILLAGE SURGERIES CROSTON&ECCLESTON"},"geometry":{"type":"Polygon","coordinates":[[[-2.81481,53.69998],[-2.69105,53.68042],[-2.69396,53.60633],[-2.7852,53.60547],[-2.78551,53.60565],[-2.86033,53.64449],[-2.86189,53.64467],[-2.81481,53.69998]]]}},{"type":"Feature","properties":{"source_code":"N84021","codes":["N84021"],"label":"ST MARKS MEDICAL CENTRE (TCG MEDICAL)"},"geometry":{"type":"Polygon","coordinates":[[[-2.98244,53.67658],[-2.97592,53.67264],[-2.96562,53.66229],[-2.95232,53.67513],[-2.94777,53.67556],[-2.94365,53.67434],[-2.94708,53.66732],[-2.94369,53.66537],[-2.94202,53.66341],[-2.94039,53.65827],[-2.94234,53.65643],[-2.94455,53.65514],[-2.94861,53.65368],[-2.94991,53.65222],[-2.9582,53.64298],[-2.97337,53.63987],[-2.97156,53.63691],[-2.97048,53.63544],[-2.97027,53.63319],[-2.97462,53.63309],[-2.97915,53.63228],[-2.98803,53.63029],[-2.99534,53.62783],[-3.00223,53.62431],[-3.00462,53.62573],[-3.00599,53.62725],[-3.00854,53.63039],[-3.01128,53.63418],[-3.01269,53.6341],[-3.01371,53.63395],[-3.01772,53.63538],[-3.02347,53.63784],[-3.02575,53.63882],[-3.02718,53.63937],[-3.02836,53.6396],[-3.02725,53.64278],[-3.02527,53.64555],[-3.02282,53.64762],[-3.02019,53.64953],[-3.01442,53.65345],[-3.00886,53.65687],[-3.00304,53.66026],[-2.99266,53.66683],[-2.98244,53.67658]]]}},{"type":"Feature","properties":{"source_code":"P83006","codes":["P83006"],"label":"RAMSBOTTOM MEDICAL PRACTICE"},"geometry":{"type":"Polygon","coordinates":[[[-2.31348,53.6656],[-2.2776,53.66641],[-2.27658,53.62418],[-2.35829,53.62377],[-2.35709,53.6658],[-2.31348,53.6656]]]}},{"type":"Feature","properties":{"source_code":"B85058","codes":["B85058"],"label":"ROSE MEDICAL PRACTICE"},"geometry":{"type":"Polygon","coordinates":[[[-1.77605,53.64746],[-1.77522,53.64732],[-1.77479,53.64723],[-1.77446,53.64713],[-1.77367,53.64698],[-1.77298,53.64681],[-1.77217,53.6467],[-1.77126,53.64657],[-1.77047,53.64651],[-1.76999,53.64647],[-1.76916,53.64635],[-1.76882,53.64632],[-1.76842,53.64629],[-1.7683,53.64627],[-1.76817,53.64625],[-1.76798,53.64624],[-1.76784,53.64623],[-1.76771,53.64622],[-1.76763,53.64621],[-1.76757,53.6462],[-1.76754,53.6462],[-1.76748,53.6462],[-1.76741,53.64618],[-1.76736,53.64617],[-1.76725,53.64615],[-1.7672,53.64614],[-1.76714,53.64613],[-1.76708,53.64612],[-1.76702,53.6461],[-1.76677,53.64606],[-1.76659,53.64606],[-1.76628,53.64603],[-1.76595,53.64602],[-1.76567,53.64602],[-1.76548,53.64603],[-1.76529,53.64603],[-1.76512,53.64603],[-1.76493,53.64602],[-1.7647,53.646],[-1.76454,53.64603],[-1.76435,53.646],[-1.76417,53.64606],[-1.76399,53.64603],[-1.76393,53.64599],[-1.76369,53.646],[-1.7635,53.64601],[-1.76336,53.64601],[-1.76314,53.64598],[-1.763,53.64603],[-1.76272,53.646],[-1.76247,53.64598],[-1.76218,53.64599],[-1.76189,53.646],[-1.76167,53.64597],[-1.76159,53.64585],[-1.76161,53.64576],[-1.76166,53.64569],[-1.76162,53.64554],[-1.76162,53.64547],[-1.76161,53.64542],[-1.7616,53.64533],[-1.76159,53.6452],[-1.76158,53.64511],[-1.7616,53.64502],[-1.76154,53.64457],[-1.76176,53.64426],[-1.76196,53.64409],[-1.76212,53.6439],[-1.76237,53.64359],[-1.76279,53.64328],[-1.76301,53.64318],[-1.76349,53.64304],[-1.76381,53.64298],[-1.76441,53.64286],[-1.76539,53.64284],[-1.76587,53.64281],[-1.7663,53.64278],[-1.76664,53.64272],[-1.76749,53.64272],[-1.76886,53.6428],[-1.77013,53.64297],[-1.77137,53.64313],[-1.77229,53.64335],[-1.77339,53.64355],[-1.77465,53.6441],[-1.77621,53.6448],[-1.77692,53.6452],[-1.77751,53.64479],[-1.78033,53.64373],[-1.78092,53.64271],[-1.78186,53.64241],[-1.78341,53.64245],[-1.78756,53.64166],[-1.78984,53.64196],[-1.79235,53.64213],[-1.79418,53.64205],[-1.79594,53.64161],[-1.79818,53.64164],[-1.79876,53.64194],[-1.79956,53.64219],[-1.80025,53.64213],[-1.80095,53.64199],[-1.80255,53.64219],[-1.80365,53.642],[-1.80442,53.64168],[-1.80695,53.64107],[-1.8087,53.64091],[-1.81042,53.64078],[-1.81176,53.64082],[-1.81305,53.64099],[-1.81372,53.64163],[-1.81347,53.64214],[-1.81332,53.64255],[-1.81347,53.64316],[-1.81343,53.64351],[-1.81373,53.64357],[-1.81451,53.64335],[-1.81516,53.64329],[-1.81785,53.64339],[-1.8207,53.64411],[-1.82277,53.64453],[-1.82348,53.64494],[-1.82469,53.6465],[-1.82282,53.6482],[-1.82173,53.64822],[-1.82077,53.64835],[-1.82028,53.64885],[-1.81967,53.64981],[-1.81876,53.65047],[-1.81761,53.65112],[-1.81697,53.65197],[-1.81683,53.65241],[-1.81675,53.65271],[-1.81707,53.65282],[-1.81781,53.65296],[-1.81905,53.65321],[-1.81968,53.65336],[-1.8204,53.65347],[-1.82167,53.65359],[-1.82395,53.65386],[-1.82457,53.65401],[-1.82528,53.65411],[-1.82595,53.65418],[-1.82924,53.65464],[-1.8316,53.65488],[-1.8374,53.65556],[-1.84208,53.65636],[-1.84841,53.65743],[-1.85446,53.65848],[-1.85871,53.65907],[-1.8584,53.66017],[-1.8558,53.66112],[-1.8535,53.66181],[-1.85073,53.66259],[-1.84788,53.66358],[-1.84472,53.66468],[-1.84288,53.66545],[-1.84084,53.66622],[-1.83981,53.66666],[-1.83737,53.66788],[-1.83364,53.66935],[-1.83237,53.66969],[-1.83192,53.66952],[-1.831,53.66903],[-1.82979,53.66874],[-1.8283,53.66853],[-1.82713,53.66849],[-1.82609,53.66873],[-1.82571,53.66904],[-1.82559,53.66935],[-1.82557,53.66996],[-1.82509,53.67017],[-1.82455,53.6705],[-1.8234,53.67092],[-1.82074,53.67163],[-1.81931,53.67224],[-1.81831,53.67288],[-1.8166,53.67436],[-1.81441,53.67616],[-1.81137,53.67759],[-1.80942,53.67819],[-1.80815,53.67837],[-1.80711,53.67854],[-1.8037,53.67893],[-1.79353,53.68023],[-1.79286,53.68023],[-1.79185,53.68001],[-1.79067,53.67943],[-1.78958,53.67892],[-1.78892,53.67869],[-1.78754,53.67865],[-1.78452,53.67857],[-1.78065,53.67841],[-1.77867,53.6784],[-1.77681,53.67863],[-1.77341,53.67899],[-1.76979,53.67936],[-1.76767,53.67973],[-1.76555,53.68025],[-1.76188,53.68113],[-1.75808,53.68181],[-1.75333,53.68249],[-1.75055,53.68278],[-1.74935,53.68277],[-1.74811,53.68257],[-1.74581,53.68224],[-1.74501,53.68178],[-1.74418,53.68133],[-1.74249,53.68046],[-1.74157,53.68028],[-1.74177,53.68002],[-1.74174,53.67946],[-1.74115,53.67841],[-1.74494,53.67464],[-1.74711,53.67081],[-1.75368,53.66763],[-1.75781,53.66694],[-1.76194,53.66576],[-1.76738,53.66368],[-1.76956,53.66277],[-1.77132,53.66176],[-1.77449,53.65973],[-1.77756,53.65736],[-1.7797,53.65444],[-1.77952,53.65254],[-1.77864,53.65157],[-1.77759,53.6505],[-1.77675,53.64973],[-1.77644,53.64919],[-1.77682,53.64869],[-1.77716,53.64813],[-1.77689,53.6476],[-1.77656,53.64755],[-1.77642,53.64761],[-1.77605,53.64746]]]}},{"type":"Feature","properties":{"source_code":"B85060","codes":["B85060"],"label":"GREENHEAD FAMILY DOCTORS"},"geometry":{"type":"MultiPolygon","coordinates":[[[[-1.78418,53.65244],[-1.78408,53.65247],[-1.78416,53.65242],[-1.78418,53.65244]]],[[[-1.82682,53.67129],[-1.80674,53.66987],[-1.79691,53.66435],[-1.79172,53.65873],[-1.78656,53.65563],[-1.78418,53.65244],[-1.78425,53.65242],[-1.78974,53.65237],[-1.78948,53.64443],[-1.80811,53.64331],[-1.82716,53.6424],[-1.86047,53.6601],[-1.82682,53.67129]]]]}},{"type":"Feature","properties":{"source_code":"P81062","codes":["P81062"],"label":"REGENT HOUSE SURGERY"},"geometry":{"type":"Polygon","coordinates":[[[-2.67599,53.65306],[-2.6741,53.65853],[-2.67474,53.66094],[-2.67461,53.66237],[-2.67942,53.66252],[-2.68367,53.66491],[-2.68367,53.66974],[-2.67916,53.67831],[-2.67749,53.67831],[-2.67431,53.67571],[-2.67002,53.67442],[-2.64895,53.66966],[-2.63509,53.66768],[-2.6341,53.66913],[-2.63333,53.67091],[-2.63496,53.67294],[-2.63586,53.67437],[-2.63916,53.67482],[-2.63912,53.6777],[-2.62033,53.67772],[-2.60046,53.67782],[-2.59642,53.67579],[-2.59067,53.67457],[-2.58762,53.67299],[-2.57724,53.67035],[-2.57732,53.6672],[-2.58891,53.65947],[-2.59552,53.64627],[-2.60084,53.64242],[-2.60895,53.62767],[-2.64629,53.62993],[-2.65157,53.63204],[-2.67599,53.65306]]]}},{"type":"Feature","properties":{"source_code":"P81044","codes":["P81044"],"label":"LIBRARY HOUSE SURGERY"},"geometry":{"type":"Polygon","coordinates":[[[-2.63264,53.66669],[-2.6323,53.67022],[-2.63247,53.67157],[-2.63423,53.67343],[-2.63517,53.67622],[-2.63281,53.67686],[-2.63054,53.67617],[-2.62831,53.67604],[-2.62603,53.67604],[-2.62367,53.6763],[-2.62196,53.67704],[-2.6211,53.67841],[-2.62097,53.67869],[-2.61899,53.67871],[-2.61569,53.67869],[-2.61556,53.67536],[-2.6156,53.67294],[-2.61432,53.67327],[-2.61166,53.67287],[-2.61037,53.67223],[-2.60947,53.67111],[-2.61003,53.67022],[-2.60925,53.66071],[-2.60728,53.6572],[-2.60942,53.65517],[-2.609,53.65255],[-2.60994,53.65238],[-2.60942,53.64614],[-2.61054,53.64527],[-2.61101,53.64426],[-2.61198,53.64311],[-2.61389,53.64174],[-2.61548,53.63723],[-2.6144,53.63522],[-2.61312,53.63347],[-2.61539,53.63169],[-2.61668,53.63227],[-2.61676,53.63329],[-2.61848,53.63372],[-2.6205,53.63362],[-2.6217,53.63398],[-2.62208,53.63502],[-2.62269,53.63507],[-2.62453,53.63525],[-2.6265,53.63533],[-2.62801,53.63525],[-2.62929,53.63487],[-2.63084,53.63449],[-2.63277,53.6339],[-2.63432,53.63171],[-2.6353,53.6309],[-2.63698,53.63036],[-2.63899,53.63011],[-2.64174,53.63008],[-2.64479,53.63039],[-2.6471,53.63075],[-2.64916,53.63125],[-2.65091,53.63176],[-2.65145,53.63201],[-2.65162,53.6322],[-2.65217,53.63334],[-2.65247,53.63454],[-2.65255,53.6353],[-2.6532,53.63634],[-2.65311,53.63716],[-2.65303,53.63769],[-2.65406,53.63759],[-2.655,53.63754],[-2.65601,53.63751],[-2.65665,53.63718],[-2.65779,53.63555],[-2.65955,53.63525],[-2.66182,53.63512],[-2.66376,53.63459],[-2.66461,53.63377],[-2.66573,53.63314],[-2.6668,53.63138],[-2.66818,53.63067],[-2.66989,53.63011],[-2.67174,53.63209],[-2.6729,53.63365],[-2.67418,53.63555],[-2.67474,53.63606],[-2.67787,53.63606],[-2.68006,53.63632],[-2.68135,53.6365],[-2.68324,53.63639],[-2.68393,53.63645],[-2.68483,53.63614],[-2.68847,53.63614],[-2.69135,53.63619],[-2.69208,53.63627],[-2.69225,53.64067],[-2.69208,53.64443],[-2.69139,53.64805],[-2.69062,53.65257],[-2.69028,53.65593],[-2.69079,53.66061],[-2.68856,53.66727],[-2.68624,53.67038],[-2.68513,53.67378],[-2.68418,53.67709],[-2.6835,53.67861],[-2.68058,53.67846],[-2.67809,53.67826],[-2.67483,53.67597],[-2.66959,53.67434],[-2.66264,53.67353],[-2.65655,53.67271],[-2.64908,53.6718],[-2.64298,53.67083],[-2.63775,53.66936],[-2.63466,53.66793],[-2.63264,53.66669]]]}},{"type":"Feature","properties":{"source_code":"N84008","codes":["N84008"],"label":"NORWOOD SURGERY"},"geometry":{"type":"Polygon","coordinates":[[[-2.98618,53.65036],[-2.99949,53.65882],[-2.998,53.65942],[-2.99905,53.66295],[-2.97695,53.68451],[-2.95017,53.68431],[-2.94507,53.67833],[-2.94483,53.67514],[-2.94365,53.6719],[-2.95704,53.64403],[-2.96798,53.63108],[-2.96986,53.63267],[-2.97101,53.63363],[-2.97468,53.64211],[-2.98777,53.64558],[-2.98427,53.64819],[-2.98618,53.65036]]]}},{"type":"Feature","properties":{"source_code":"B85636","codes":["B85636"],"label":"WESTBOURNE SURGERY"},"geometry":{"type":"Polygon","coordinates":[[[-1.81867,53.67312],[-1.81807,53.67276],[-1.81807,53.67236],[-1.81858,53.67213],[-1.81897,53.67162],[-1.81905,53.67114],[-1.81875,53.67058],[-1.81781,53.67032],[-1.81665,53.67004],[-1.81433,53.66943],[-1.8127,53.66918],[-1.8115,53.66895],[-1.81017,53.66885],[-1.8091,53.66908],[-1.80824,53.66961],[-1.80725,53.67015],[-1.80652,53.67022],[-1.80601,53.6701],[-1.80575,53.66969],[-1.80592,53.66938],[-1.80605,53.66814],[-1.80498,53.66786],[-1.80425,53.6673],[-1.80369,53.66684],[-1.80326,53.66646],[-1.80189,53.66605],[-1.80103,53.66585],[-1.80031,53.66555],[-1.79888,53.66516],[-1.79742,53.66491],[-1.79562,53.6646],[-1.79425,53.66443],[-1.79313,53.66407],[-1.7921,53.66382],[-1.79142,53.66364],[-1.79154,53.66336],[-1.79202,53.66333],[-1.793,53.66333],[-1.7936,53.66331],[-1.79412,53.66313],[-1.79399,53.6627],[-1.79245,53.65952],[-1.79202,53.65891],[-1.79137,53.65858],[-1.79086,53.65808],[-1.79043,53.65779],[-1.79051,53.65776],[-1.7903,53.65766],[-1.82428,53.65795],[-1.84095,53.65845],[-1.83989,53.65841],[-1.83021,53.65812],[-1.82979,53.65799],[-1.82212,53.65768],[-1.79034,53.65766],[-1.79133,53.65697],[-1.7921,53.65654],[-1.79322,53.65621],[-1.79515,53.65486],[-1.79652,53.65395],[-1.79708,53.65344],[-1.79614,53.65321],[-1.79502,53.65288],[-1.79373,53.65214],[-1.79253,53.65148],[-1.79189,53.65112],[-1.79107,53.65059],[-1.7909,53.65054],[-1.79094,53.65051],[-1.7903,53.65034],[-1.78931,53.6498],[-1.78768,53.64853],[-1.78807,53.64533],[-1.78802,53.64532],[-1.78777,53.64418],[-1.78695,53.64344],[-1.78661,53.64309],[-1.78532,53.64263],[-1.78485,53.6425],[-1.78536,53.64227],[-1.78682,53.64202],[-1.78914,53.64204],[-1.79142,53.64225],[-1.79408,53.6422],[-1.79515,53.64207],[-1.79579,53.64179],[-1.79824,53.64164],[-1.79901,53.64202],[-1.79996,53.64204],[-1.80111,53.64194],[-1.80232,53.64217],[-1.80506,53.64255],[-1.80772,53.64283],[-1.81171,53.64324],[-1.81231,53.64339],[-1.81317,53.64359],[-1.81382,53.64349],[-1.8145,53.64324],[-1.81652,53.64321],[-1.81862,53.64349],[-1.82128,53.64413],[-1.823,53.64456],[-1.82347,53.64484],[-1.82566,53.64761],[-1.82789,53.65079],[-1.82991,53.65138],[-1.83004,53.65064],[-1.83034,53.65016],[-1.83133,53.64975],[-1.83261,53.64995],[-1.83455,53.65018],[-1.83583,53.65031],[-1.83699,53.65018],[-1.83742,53.64965],[-1.83725,53.64927],[-1.83836,53.64924],[-1.84047,53.6496],[-1.84081,53.64952],[-1.84115,53.64939],[-1.84343,53.65074],[-1.84407,53.65133],[-1.84566,53.65194],[-1.84733,53.65285],[-1.84939,53.6541],[-1.85223,53.65598],[-1.85317,53.65685],[-1.85433,53.65733],[-1.85605,53.65779],[-1.85643,53.65835],[-1.85729,53.6586],[-1.85849,53.65878],[-1.85944,53.65898],[-1.85177,53.65875],[-1.85186,53.65877],[-1.8598,53.65901],[-1.86201,53.65898],[-1.86404,53.65824],[-1.87687,53.6534],[-1.87938,53.65448],[-1.87982,53.65435],[-1.88042,53.65489],[-1.87973,53.65636],[-1.87973,53.65736],[-1.87926,53.65758],[-1.87866,53.65748],[-1.87772,53.65715],[-1.87729,53.657],[-1.87669,53.65697],[-1.87617,53.65705],[-1.87536,53.65708],[-1.87497,53.65705],[-1.87446,53.65751],[-1.8739,53.65792],[-1.87291,53.6583],[-1.87171,53.65865],[-1.87064,53.65893],[-1.87008,53.65914],[-1.86974,53.65929],[-1.86947,53.65925],[-1.86836,53.66031],[-1.8678,53.6612],[-1.86725,53.66209],[-1.86617,53.66237],[-1.86514,53.66272],[-1.86517,53.6627],[-1.86394,53.66328],[-1.86227,53.66361],[-1.85291,53.66514],[-1.85098,53.66598],[-1.84935,53.66633],[-1.84802,53.66656],[-1.84755,53.66649],[-1.84682,53.66621],[-1.84635,53.66587],[-1.84552,53.66521],[-1.84524,53.6653],[-1.84516,53.66532],[-1.84239,53.6664],[-1.83467,53.66964],[-1.83356,53.67002],[-1.83283,53.6702],[-1.83352,53.67088],[-1.83184,53.67149],[-1.8303,53.67195],[-1.82888,53.67236],[-1.82794,53.67261],[-1.82768,53.67198],[-1.82769,53.67197],[-1.82752,53.67199],[-1.82768,53.67203],[-1.82686,53.67233],[-1.82626,53.67259],[-1.82532,53.67261],[-1.82446,53.67274],[-1.82377,53.67284],[-1.82266,53.67287],[-1.82193,53.67289],[-1.8212,53.67302],[-1.82077,53.67289],[-1.82008,53.67307],[-1.81922,53.67325],[-1.81867,53.67312]],[[-1.8661,53.66195],[-1.86947,53.65925],[-1.86939,53.65924],[-1.87012,53.65856],[-1.8661,53.66195]]]}},{"type":"Feature","properties":{"source_code":"P81038","codes":["P81038"],"label":"THE CHORLEY SURGERY"},"geometry":{"type":"MultiPolygon","coordinates":[[[[-2.61639,53.67947],[-2.61646,53.67983],[-2.61645,53.67984],[-2.61616,53.67988],[-2.61639,53.67947]]],[[[-2.61645,53.67984],[-2.61655,53.67983],[-2.6163,53.68014],[-2.61645,53.67984]]],[[[-2.61616,53.67988],[-2.61595,53.68024],[-2.61608,53.67989],[-2.61616,53.67988]]],[[[-2.67483,53.65746],[-2.68255,53.67078],[-2.67672,53.67953],[-2.67535,53.68807],[-2.65458,53.68716],[-2.65492,53.68517],[-2.64805,53.68359],[-2.64479,53.68593],[-2.62298,53.68623],[-2.62625,53.68004],[-2.61732,53.67983],[-2.61681,53.67963],[-2.61664,53.67963],[-2.61663,53.67953],[-2.61647,53.67933],[-2.61639,53.67947],[-2.61509,53.67261],[-2.61544,53.67058],[-2.61457,53.66936],[-2.61509,53.66783],[-2.5938,53.66366],[-2.59174,53.65756],[-2.59501,53.65339],[-2.60994,53.6543],[-2.60007,53.64204],[-2.59492,53.63649],[-2.5914,53.6331],[-2.58754,53.6293],[-2.60504,53.62484],[-2.60594,53.62477],[-2.60578,53.62484],[-2.60556,53.62484],[-2.60557,53.62494],[-2.60578,53.62484],[-2.65096,53.6253],[-2.67208,53.61812],[-2.6871,53.62881],[-2.67826,53.63863],[-2.67912,53.64199],[-2.67732,53.64591],[-2.67483,53.65746]]]]}},{"type":"Feature","properties":{"source_code":"B85623","codes":["B85623"],"label":"MARSH SURGERY"},"geometry":{"type":"Polygon","coordinates":[[[-1.80244,53.66376],[-1.75439,53.63526],[-1.79523,53.62998],[-1.82854,53.63711],[-1.85532,53.66173],[-1.83884,53.66987],[-1.7726,53.67455],[-1.75371,53.67511],[-1.754,53.63503],[-1.75439,53.63526],[-1.75438,53.63526],[-1.76502,53.64199],[-1.80244,53.66376]]]}},{"type":"Feature","properties":{"source_code":"Y00347","codes":["Y00347"],"label":"DR JACOBS SURGERY"},"geometry":{"type":"Polygon","coordinates":[[[-2.68513,53.62937],[-2.68547,53.63304],[-2.68032,53.63344],[-2.67792,53.64464],[-2.67414,53.65766],[-2.67826,53.67759],[-2.67689,53.67943],[-2.6762,53.68837],[-2.658,53.68857],[-2.6453,53.68715],[-2.63775,53.68492],[-2.63363,53.67678],[-2.6247,53.67637],[-2.62058,53.67841],[-2.612,53.67861],[-2.59964,53.65034],[-2.62367,53.63019],[-2.68513,53.62937]]]}},{"type":"Feature","properties":{"source_code":"B85027","codes":["B85027"],"label":"LINDLEY GROUP PRACTICE LTD"},"geometry":{"type":"Polygon","coordinates":[[[-1.85705,53.66106],[-1.85332,53.66219],[-1.84982,53.66342],[-1.84656,53.6645],[-1.84186,53.66626],[-1.83555,53.66905],[-1.83279,53.67007],[-1.83302,53.66998],[-1.83152,53.67016],[-1.82985,53.67016],[-1.82826,53.66985],[-1.82766,53.66985],[-1.82697,53.67007],[-1.82643,53.67034],[-1.82603,53.67017],[-1.82519,53.67045],[-1.82375,53.67114],[-1.82259,53.67146],[-1.82244,53.67114],[-1.81976,53.67062],[-1.81631,53.66983],[-1.81493,53.66945],[-1.81382,53.66918],[-1.81066,53.66872],[-1.80961,53.66871],[-1.808,53.66956],[-1.80689,53.6701],[-1.80629,53.67008],[-1.80605,53.66989],[-1.80618,53.66917],[-1.80624,53.66812],[-1.80577,53.66791],[-1.80491,53.66768],[-1.8038,53.6666],[-1.80159,53.66575],[-1.80105,53.66573],[-1.80045,53.66544],[-1.79777,53.66478],[-1.7962,53.66453],[-1.79753,53.66266],[-1.79957,53.65959],[-1.80347,53.65519],[-1.80118,53.65467],[-1.79871,53.65382],[-1.79736,53.65331],[-1.79908,53.65231],[-1.80056,53.65146],[-1.80058,53.6511],[-1.80111,53.65069],[-1.80124,53.65029],[-1.80073,53.64894],[-1.80004,53.64784],[-1.80002,53.64775],[-1.80051,53.64761],[-1.80148,53.64755],[-1.8021,53.64761],[-1.80285,53.64759],[-1.8036,53.64737],[-1.80429,53.64686],[-1.80457,53.6461],[-1.80502,53.64578],[-1.80609,53.64574],[-1.80699,53.64568],[-1.80747,53.64553],[-1.80824,53.64503],[-1.80895,53.64446],[-1.8094,53.64371],[-1.80959,53.6431],[-1.80968,53.64302],[-1.81247,53.64343],[-1.81322,53.64365],[-1.81365,53.64361],[-1.81412,53.64334],[-1.81502,53.64324],[-1.81652,53.6432],[-1.81892,53.64325],[-1.82079,53.64357],[-1.8221,53.64363],[-1.82332,53.64354],[-1.82452,53.64362],[-1.825,53.64384],[-1.82596,53.64427],[-1.82663,53.6448],[-1.82721,53.64541],[-1.82796,53.64634],[-1.82832,53.64629],[-1.82877,53.6459],[-1.82933,53.6455],[-1.83017,53.64531],[-1.83085,53.64552],[-1.83221,53.64602],[-1.83326,53.64644],[-1.83467,53.64697],[-1.83761,53.64793],[-1.83877,53.64831],[-1.84036,53.64903],[-1.84188,53.64988],[-1.84321,53.65062],[-1.84377,53.65119],[-1.84463,53.65157],[-1.84607,53.65219],[-1.84716,53.65279],[-1.84892,53.65383],[-1.84995,53.65455],[-1.85055,53.65504],[-1.85205,53.65596],[-1.85233,53.65638],[-1.85328,53.65704],[-1.85416,53.65737],[-1.85512,53.6576],[-1.85613,53.65784],[-1.85626,53.65799],[-1.85487,53.65823],[-1.85403,53.6583],[-1.85577,53.65853],[-1.85804,53.65875],[-1.85914,53.65902],[-1.86017,53.65906],[-1.8607,53.65949],[-1.86021,53.66001],[-1.85937,53.66029],[-1.85853,53.66066],[-1.85705,53.66106]]]}},{"type":"Feature","properties":{"source_code":"B85614","codes":["B85614"],"label":"CROFT MEDICAL CENTRE"},"geometry":{"type":"Polygon","coordinates":[[[-1.78133,53.66854],[-1.76073,53.65817],[-1.79163,53.63436],[-1.80862,53.64718],[-1.78133,53.66854]]]}},{"type":"Feature","properties":{"source_code":"B85033","codes":["B85033"],"label":"THE LINDLEY VILLAGE SURG."},"geometry":{"type":"Polygon","coordinates":[[[-1.84055,53.65522],[-1.86459,53.65807],[-1.82613,53.67353],[-1.79489,53.66193],[-1.8203,53.65807],[-1.82373,53.65196],[-1.81789,53.6485],[-1.83849,53.64158],[-1.87077,53.65847],[-1.84055,53.65522]]]}},{"type":"Feature","properties":{"source_code":"P81088","codes":["P81088"],"label":"Whitworth Medical Centre"},"geometry":{"type":"Polygon","coordinates":[[[-2.14955,53.66048],[-2.14946,53.66026],[-2.14961,53.66027],[-2.15452,53.6423],[-2.15203,53.628],[-2.15538,53.62321],[-2.16491,53.61995],[-2.19349,53.63441],[-2.18106,53.66424],[-2.26413,53.69478],[-2.19795,53.72343],[-2.17246,53.71738],[-2.14956,53.66051],[-2.14954,53.66051],[-2.14955,53.66048]]]}},{"type":"Feature","properties":{"source_code":"N84017","codes":["N84017"],"label":"CHURCHTOWN MEDICAL CENTRE"},"geometry":{"type":"Polygon","coordinates":[[[-2.97009,53.68329],[-2.92957,53.67475],[-2.96665,53.63548],[-2.98159,53.64596],[-2.99523,53.651],[-3.00579,53.65359],[-2.97009,53.68329]]]}},{"type":"Feature","properties":{"source_code":"B85028","codes":["B85028"],"label":"THE GRANGE MEDICAL PRACTICE"},"geometry":{"type":"MultiPolygon","coordinates":[[[[-1.78798,53.68922],[-1.78802,53.68918],[-1.7882,53.68944],[-1.78798,53.68922]]],[[[-1.81112,53.65151],[-1.81069,53.65278],[-1.81112,53.65425],[-1.81092,53.65602],[-1.81004,53.65718],[-1.80914,53.65766],[-1.81625,53.66301],[-1.82045,53.6646],[-1.82592,53.66971],[-1.82313,53.67119],[-1.82064,53.67185],[-1.81892,53.67226],[-1.81704,53.67383],[-1.81553,53.67556],[-1.81334,53.67688],[-1.81236,53.67729],[-1.80993,53.67823],[-1.80425,53.67897],[-1.80056,53.68242],[-1.79515,53.68151],[-1.79434,53.6812],[-1.78826,53.68207],[-1.78703,53.68407],[-1.78589,53.68629],[-1.78588,53.68627],[-1.78614,53.68567],[-1.78605,53.68578],[-1.78596,53.68599],[-1.78562,53.68578],[-1.78588,53.68627],[-1.78581,53.68645],[-1.78589,53.68629],[-1.7863,53.68705],[-1.78631,53.68771],[-1.78756,53.6888],[-1.78798,53.68922],[-1.78794,53.68926],[-1.78845,53.68975],[-1.78875,53.69025],[-1.78875,53.69056],[-1.7864,53.68952],[-1.78433,53.69066],[-1.78341,53.69096],[-1.78318,53.69181],[-1.78202,53.69341],[-1.78263,53.69367],[-1.7823,53.6945],[-1.78129,53.69442],[-1.78013,53.6967],[-1.7812,53.69709],[-1.77909,53.69788],[-1.77901,53.69813],[-1.77721,53.69777],[-1.77511,53.69726],[-1.77172,53.69569],[-1.76897,53.69483],[-1.76563,53.69381],[-1.76048,53.69213],[-1.75649,53.69137],[-1.75284,53.69132],[-1.74906,53.69076],[-1.74601,53.68998],[-1.74297,53.68909],[-1.74073,53.68837],[-1.73961,53.68791],[-1.7379,53.68786],[-1.73129,53.68573],[-1.73335,53.68303],[-1.73635,53.68105],[-1.74236,53.67836],[-1.74451,53.67536],[-1.7476,53.67144],[-1.74786,53.66926],[-1.75275,53.66473],[-1.7597,53.66127],[-1.77311,53.65639],[-1.77371,53.65433],[-1.77365,53.65196],[-1.77352,53.65023],[-1.77361,53.64815],[-1.77695,53.64774],[-1.77773,53.64917],[-1.77996,53.64932],[-1.78094,53.65074],[-1.78348,53.65146],[-1.78657,53.65118],[-1.78777,53.64727],[-1.7888,53.64717],[-1.79888,53.65122],[-1.80351,53.65158],[-1.80753,53.65123],[-1.81112,53.65151]]]]}},{"type":"Feature","properties":{"source_code":"B85611","codes":["B85611"],"label":"DR HANDA & PARTNER"},"geometry":{"type":"Polygon","coordinates":[[[-1.80691,53.678],[-1.80416,53.67902],[-1.80107,53.67943],[-1.79558,53.68065],[-1.7918,53.67943],[-1.78802,53.67841],[-1.77876,53.67841],[-1.77464,53.67882],[-1.76708,53.67943],[-1.76365,53.6808],[-1.75953,53.68136],[-1.75404,53.68248],[-1.74854,53.68227],[-1.74013,53.67973],[-1.74339,53.67821],[-1.747,53.67251],[-1.74863,53.66966],[-1.75009,53.66743],[-1.75507,53.66346],[-1.76399,53.6602],[-1.77137,53.65756],[-1.7767,53.65441],[-1.77858,53.65491],[-1.7803,53.65502],[-1.78288,53.65502],[-1.78665,53.65547],[-1.7906,53.65502],[-1.79729,53.6542],[-1.80227,53.65502],[-1.80691,53.65685],[-1.81618,53.66315],[-1.8203,53.66529],[-1.82304,53.66783],[-1.82528,53.66946],[-1.82304,53.67068],[-1.81686,53.67495],[-1.8124,53.67688],[-1.80965,53.6781],[-1.80691,53.678]]]}},{"type":"Feature","properties":{"source_code":"B85634","codes":["B85634"],"label":"BIRKBY HEALTH CENTRE"},"geometry":{"type":"Polygon","coordinates":[[[-1.80004,53.66501],[-1.79146,53.66334],[-1.78807,53.66175],[-1.78785,53.6597],[-1.79476,53.65743],[-1.80459,53.65909],[-1.80798,53.6632],[-1.80004,53.66501]]]}},{"type":"Feature","properties":{"source_code":"B85048","codes":["B85048"],"label":"WOODHOUSE HILL SURGERY"},"geometry":{"type":"Polygon","coordinates":[[[-1.73678,53.68079],[-1.74081,53.67759],[-1.74335,53.67482],[-1.74485,53.67195],[-1.74606,53.66951],[-1.7458,53.66743],[-1.74649,53.66513],[-1.74829,53.66381],[-1.75052,53.6628],[-1.75489,53.66092],[-1.76056,53.65863],[-1.76639,53.65675],[-1.76914,53.65528],[-1.77154,53.65463],[-1.77523,53.65278],[-1.77605,53.65174],[-1.77785,53.65002],[-1.77982,53.64921],[-1.78136,53.651],[-1.78377,53.65147],[-1.78581,53.65119],[-1.78698,53.65051],[-1.78764,53.64812],[-1.79116,53.65048],[-1.79425,53.65213],[-1.79776,53.65337],[-1.80253,53.65479],[-1.80638,53.65599],[-1.80792,53.65688],[-1.80868,53.65748],[-1.81004,53.65843],[-1.81138,53.65942],[-1.81349,53.66088],[-1.81477,53.6618],[-1.81674,53.66323],[-1.82133,53.66504],[-1.82403,53.66781],[-1.82306,53.67092],[-1.82184,53.67144],[-1.8144,53.67113],[-1.81244,53.67256],[-1.8051,53.67657],[-1.79892,53.67907],[-1.79635,53.67999],[-1.79454,53.6811],[-1.79203,53.68102],[-1.78849,53.68154],[-1.78381,53.68166],[-1.78036,53.68156],[-1.77584,53.68181],[-1.7735,53.68143],[-1.76962,53.68181],[-1.76219,53.6836],[-1.74957,53.68609],[-1.74528,53.68451],[-1.7409,53.68309],[-1.73953,53.681],[-1.73678,53.68079]]]}},{"type":"Feature","properties":{"source_code":"P81171","codes":["P81171"],"label":"THE EUXTON MEDICAL CENTRE"},"geometry":{"type":"Polygon","coordinates":[[[-2.67782,53.67872],[-2.6719,53.67521],[-2.66526,53.673],[-2.66178,53.67166],[-2.65895,53.66441],[-2.66039,53.65957],[-2.66213,53.65608],[-2.66392,53.64993],[-2.66321,53.64664],[-2.66807,53.64143],[-2.65606,53.63767],[-2.65603,53.6334],[-2.67098,53.62979],[-2.67998,53.62543],[-2.68629,53.62918],[-2.68575,53.63408],[-2.69898,53.65832],[-2.70673,53.65917],[-2.71659,53.66246],[-2.71362,53.66952],[-2.70419,53.67142],[-2.69564,53.67371],[-2.68694,53.66908],[-2.67782,53.67872]]]}},{"type":"Feature","properties":{"source_code":"N84614","codes":["N84614"],"label":"THE MARSHSIDE SURGERY"},"geometry":{"type":"Polygon","coordinates":[[[-2.94339,53.67943],[-2.93816,53.67129],[-2.94112,53.66636],[-2.9426,53.66399],[-2.94391,53.66148],[-2.9491,53.65212],[-2.95369,53.65284],[-2.95773,53.6532],[-2.95961,53.65391],[-2.96052,53.6543],[-2.96142,53.65427],[-2.96528,53.65428],[-2.96996,53.65359],[-2.97472,53.65302],[-2.97927,53.6522],[-2.98339,53.65112],[-2.98612,53.652],[-2.98782,53.65364],[-2.99004,53.65507],[-2.99225,53.6564],[-2.99492,53.65796],[-2.99612,53.65873],[-2.99758,53.65921],[-2.99806,53.66089],[-2.99826,53.66173],[-2.99914,53.66257],[-2.9942,53.66598],[-2.99277,53.66686],[-2.99227,53.66764],[-2.99047,53.66918],[-2.98881,53.67083],[-2.98659,53.6728],[-2.98223,53.67645],[-2.97614,53.68042],[-2.96948,53.6825],[-2.96811,53.68271],[-2.96716,53.68305],[-2.96285,53.68326],[-2.95924,53.68288],[-2.9564,53.68214],[-2.95247,53.68004],[-2.94339,53.67943]]]}},{"type":"Feature","properties":{"source_code":"N84613","codes":["N84613"],"label":"THE CORNER SURGERY (DR MULLA)"},"geometry":{"type":"MultiPolygon","coordinates":[[[[-2.94883,53.67663],[-2.94622,53.678],[-2.94737,53.67658],[-2.94262,53.67673],[-2.9464,53.66641],[-2.94262,53.66132],[-2.94296,53.65705],[-2.94674,53.65502],[-2.95052,53.65257],[-2.9567,53.65257],[-2.9615,53.654],[-2.96494,53.65522],[-2.96974,53.6542],[-2.97592,53.65278],[-2.98656,53.65095],[-2.98965,53.65481],[-2.94827,53.67615],[-2.94883,53.67663]]],[[[-2.94883,53.67663],[-2.99017,53.65481],[-2.99103,53.65583],[-2.9924,53.65664],[-2.99463,53.65807],[-2.99738,53.6599],[-2.99858,53.66315],[-2.99686,53.66427],[-2.9924,53.66753],[-2.98965,53.66966],[-2.98759,53.67119],[-2.98485,53.67454],[-2.98124,53.67658],[-2.98004,53.678],[-2.97764,53.67953],[-2.97403,53.68105],[-2.97077,53.68227],[-2.96476,53.68309],[-2.9591,53.68298],[-2.95378,53.68085],[-2.94883,53.67663]]]]}},{"type":"Feature","properties":{"source_code":"B84007","codes":["B84007"],"label":"BRIG ROYD SURGERY"},"geometry":{"type":"MultiPolygon","coordinates":[[[[-2.02581,53.63649],[-2.03161,53.64122],[-2.02972,53.64817],[-2.02715,53.65874],[-2.02581,53.63649]]],[[[-2.02692,53.65966],[-2.02715,53.65874],[-2.02766,53.66722],[-2.02692,53.65966]]],[[[-2.02457,53.63548],[-2.02692,53.65966],[-2.02663,53.66087],[-2.02732,53.66955],[-2.01702,53.6766],[-2.00397,53.68217],[-1.98269,53.69813],[-1.97102,53.69821],[-1.96501,53.70169],[-1.96049,53.70136],[-1.95675,53.70291],[-1.95038,53.70378],[-1.94865,53.70167],[-1.94691,53.7021],[-1.94455,53.70123],[-1.94215,53.70157],[-1.93829,53.6995],[-1.93633,53.70061],[-1.93586,53.70204],[-1.93626,53.70358],[-1.93612,53.70704],[-1.93242,53.70989],[-1.92889,53.70933],[-1.92196,53.71098],[-1.91661,53.7097],[-1.91314,53.7072],[-1.91114,53.70546],[-1.90244,53.70641],[-1.89714,53.70635],[-1.89321,53.70425],[-1.88673,53.70138],[-1.85506,53.69005],[-1.85557,53.68761],[-1.85763,53.68626],[-1.86047,53.68553],[-1.87851,53.68214],[-1.88779,53.68147],[-1.89117,53.68065],[-1.89394,53.67882],[-1.90008,53.67691],[-1.90196,53.67373],[-1.90107,53.67221],[-1.89915,53.67106],[-1.89651,53.66798],[-1.93394,53.6369],[-2.02526,53.62734],[-2.02581,53.63649],[-2.02457,53.63548]]]]}},{"type":"Feature","properties":{"source_code":"Y02466","codes":["Y02466"],"label":"BUCKSHAW VILLAGE HEALTH CENTRE"},"geometry":{"type":"Polygon","coordinates":[[[-2.65148,53.70077],[-2.63089,53.69772],[-2.62333,53.66153],[-2.65046,53.65552],[-2.67174,53.65901],[-2.68852,53.66646],[-2.67723,53.6962],[-2.65148,53.70077]]]}},{"type":"Feature","properties":{"source_code":"P81710","codes":["P81710"],"label":"TARLETON GROUP PRACTICE"},"geometry":{"type":"Polygon","coordinates":[[[-2.87945,53.71713],[-2.84735,53.71017],[-2.83782,53.70893],[-2.83458,53.70872],[-2.83288,53.70373],[-2.83813,53.70007],[-2.83423,53.69585],[-2.83144,53.69365],[-2.82904,53.6897],[-2.82541,53.68614],[-2.82501,53.68449],[-2.82548,53.68263],[-2.8256,53.67986],[-2.82763,53.67898],[-2.82333,53.67529],[-2.82984,53.67329],[-2.82607,53.66437],[-2.82203,53.66263],[-2.82559,53.66053],[-2.8248,53.65365],[-2.82119,53.64978],[-2.81783,53.64495],[-2.81199,53.6367],[-2.81377,53.63423],[-2.81438,53.63454],[-2.81516,53.63393],[-2.81664,53.63065],[-2.81796,53.62951],[-2.82142,53.62919],[-2.8311,53.62927],[-2.87194,53.64178],[-2.87149,53.64494],[-2.89919,53.65634],[-2.89121,53.66173],[-2.89674,53.66443],[-2.90003,53.6732],[-2.89497,53.67341],[-2.90348,53.69279],[-2.88863,53.69658],[-2.89082,53.70132],[-2.87604,53.70694],[-2.87945,53.71713]]]}},{"type":"Feature","properties":{"source_code":"B84009","codes":["B84009"],"label":"STAINLAND ROAD MEDICAL CENTRE"},"geometry":{"type":"Polygon","coordinates":[[[-1.84922,53.69083],[-1.84852,53.68998],[-1.84762,53.68827],[-1.84519,53.68775],[-1.84341,53.688],[-1.8417,53.68842],[-1.8402,53.68904],[-1.83916,53.68969],[-1.83789,53.69005],[-1.83591,53.68995],[-1.83085,53.68863],[-1.82969,53.68799],[-1.82879,53.68714],[-1.82799,53.68645],[-1.82729,53.68571],[-1.827,53.68448],[-1.82626,53.68342],[-1.82513,53.68151],[-1.82352,53.67986],[-1.82256,53.67779],[-1.82328,53.67651],[-1.82508,53.67567],[-1.82709,53.67503],[-1.82872,53.6738],[-1.82881,53.67234],[-1.82805,53.67134],[-1.82748,53.67035],[-1.82774,53.66931],[-1.82911,53.66981],[-1.83,53.66996],[-1.83177,53.67002],[-1.83292,53.66964],[-1.83449,53.66913],[-1.83611,53.66842],[-1.83921,53.66708],[-1.83838,53.66426],[-1.83774,53.66229],[-1.83754,53.66128],[-1.83714,53.66071],[-1.83652,53.66036],[-1.83662,53.66034],[-1.83671,53.66032],[-1.83681,53.66031],[-1.83686,53.6603],[-1.83691,53.66029],[-1.83806,53.65965],[-1.83931,53.65891],[-1.84048,53.65809],[-1.84249,53.65738],[-1.84309,53.65632],[-1.84399,53.65636],[-1.84882,53.6538],[-1.85112,53.65553],[-1.85225,53.65618],[-1.85286,53.6568],[-1.85393,53.6572],[-1.85515,53.65771],[-1.85624,53.65809],[-1.85918,53.65861],[-1.86102,53.65881],[-1.86246,53.65898],[-1.86417,53.65839],[-1.86628,53.65779],[-1.86956,53.65631],[-1.87633,53.65366],[-1.8841,53.65043],[-1.88853,53.64737],[-1.88952,53.6468],[-1.89235,53.6452],[-1.8975,53.64435],[-1.90187,53.64402],[-1.90414,53.64442],[-1.90896,53.6448],[-1.91323,53.6457],[-1.92019,53.64648],[-1.92653,53.64726],[-1.92924,53.64733],[-1.92811,53.64933],[-1.92747,53.65049],[-1.92723,53.65181],[-1.92649,53.65295],[-1.9253,53.65383],[-1.92335,53.65498],[-1.9214,53.65563],[-1.92059,53.65613],[-1.9198,53.65685],[-1.91892,53.65764],[-1.91782,53.65827],[-1.91713,53.65908],[-1.91698,53.65946],[-1.91725,53.65989],[-1.91832,53.66265],[-1.9169,53.66376],[-1.91566,53.666],[-1.91518,53.66793],[-1.91626,53.66956],[-1.9172,53.67091],[-1.91849,53.67126],[-1.91883,53.67269],[-1.91922,53.67345],[-1.92059,53.67759],[-1.92025,53.67904],[-1.91432,53.68159],[-1.91123,53.68311],[-1.909,53.68385],[-1.90201,53.68631],[-1.89995,53.68713],[-1.8966,53.68957],[-1.89613,53.69117],[-1.8963,53.69437],[-1.893,53.69531],[-1.88574,53.69612],[-1.88328,53.69643],[-1.87937,53.69621],[-1.87652,53.69516],[-1.86188,53.69376],[-1.85995,53.69357],[-1.85815,53.69314],[-1.85647,53.69218],[-1.85531,53.69112],[-1.85556,53.69054],[-1.85445,53.68992],[-1.85369,53.69004],[-1.85355,53.69053],[-1.85268,53.69052],[-1.85417,53.69308],[-1.85585,53.69638],[-1.856,53.69764],[-1.8538,53.69563],[-1.85084,53.69355],[-1.84974,53.69172],[-1.84922,53.69083]]]}},{"type":"Feature","properties":{"source_code":"B84016","codes":["B84016"],"label":"BANKFIELD SURGERY"},"geometry":{"type":"Polygon","coordinates":[[[-1.84643,53.68986],[-1.84543,53.69322],[-1.84276,53.69338],[-1.84007,53.69323],[-1.83281,53.69446],[-1.83063,53.69583],[-1.82764,53.69697],[-1.82605,53.69748],[-1.82443,53.69761],[-1.8228,53.69795],[-1.82079,53.69831],[-1.81668,53.69831],[-1.81253,53.69897],[-1.80899,53.68922],[-1.8083,53.68699],[-1.80975,53.68488],[-1.81126,53.68211],[-1.81575,53.67686],[-1.81885,53.673],[-1.82066,53.67201],[-1.82395,53.6711],[-1.82516,53.67053],[-1.82578,53.67025],[-1.82654,53.67025],[-1.82766,53.6699],[-1.82931,53.66984],[-1.83052,53.66993],[-1.83148,53.66867],[-1.83346,53.66865],[-1.83553,53.66886],[-1.83802,53.66777],[-1.84024,53.66917],[-1.84225,53.66951],[-1.84083,53.67068],[-1.84056,53.67127],[-1.84122,53.67175],[-1.842,53.67323],[-1.84363,53.67411],[-1.84545,53.67515],[-1.84645,53.6757],[-1.84793,53.67602],[-1.85085,53.67631],[-1.85173,53.67627],[-1.85195,53.67651],[-1.85197,53.67681],[-1.85141,53.6774],[-1.85111,53.67876],[-1.8524,53.68059],[-1.85537,53.68206],[-1.85618,53.68228],[-1.85665,53.68271],[-1.85717,53.68327],[-1.85836,53.68268],[-1.86017,53.68023],[-1.86204,53.68076],[-1.86253,53.68154],[-1.86292,53.68286],[-1.86538,53.68137],[-1.86696,53.68256],[-1.86779,53.68343],[-1.86862,53.68389],[-1.87358,53.68318],[-1.87491,53.68306],[-1.87621,53.68308],[-1.8774,53.68312],[-1.87791,53.68345],[-1.87841,53.68506],[-1.88459,53.68505],[-1.88465,53.68642],[-1.88385,53.68759],[-1.88289,53.68829],[-1.88071,53.68848],[-1.87854,53.68832],[-1.87819,53.68899],[-1.87799,53.69002],[-1.87811,53.69117],[-1.87802,53.6919],[-1.87109,53.69172],[-1.86887,53.69163],[-1.86665,53.69134],[-1.8645,53.69073],[-1.86252,53.69064],[-1.8602,53.6909],[-1.85787,53.69107],[-1.85555,53.69112],[-1.85323,53.69092],[-1.85099,53.69055],[-1.84643,53.68986]]]}},{"type":"Feature","properties":{"source_code":"B84014","codes":["B84014"],"label":"RASTRICK HEALTH CENTRE"},"geometry":{"type":"MultiPolygon","coordinates":[[[[-1.79946,53.67338],[-1.80009,53.67339],[-1.80341,53.67434],[-1.80101,53.67368],[-1.80007,53.6734],[-1.79946,53.67338]]],[[[-1.80771,53.67559],[-1.81519,53.67777],[-1.80938,53.67608],[-1.80771,53.67559]]],[[[-1.77916,53.67253],[-1.77916,53.67263],[-1.77935,53.67174],[-1.77916,53.67253],[-1.77915,53.67232],[-1.77934,53.6715],[-1.78047,53.67052],[-1.77978,53.67117],[-1.78179,53.6694],[-1.78173,53.66941],[-1.7813,53.66977],[-1.78068,53.67033],[-1.78047,53.67052],[-1.78064,53.67035],[-1.78189,53.66923],[-1.78245,53.66921],[-1.78524,53.67086],[-1.7905,53.67321],[-1.79052,53.67322],[-1.79561,53.67331],[-1.79734,53.67332],[-1.79946,53.67338],[-1.79817,53.67337],[-1.79887,53.6734],[-1.79603,53.67334],[-1.79386,53.67331],[-1.79923,53.67342],[-1.79887,53.6734],[-1.79991,53.67342],[-1.79994,53.67343],[-1.80001,53.67343],[-1.80078,53.67365],[-1.80101,53.67371],[-1.80358,53.67439],[-1.80341,53.67434],[-1.80442,53.67462],[-1.80477,53.67472],[-1.81511,53.67764],[-1.8151,53.67762],[-1.81511,53.67764],[-1.81523,53.67767],[-1.81511,53.67764],[-1.81828,53.6824],[-1.81827,53.6824],[-1.81674,53.68015],[-1.81511,53.67764],[-1.8063,53.67517],[-1.80771,53.67559],[-1.806,53.67509],[-1.80382,53.67448],[-1.80105,53.67373],[-1.81514,53.67778],[-1.81822,53.68239],[-1.81582,53.68349],[-1.81575,53.68357],[-1.81827,53.6824],[-1.81828,53.68241],[-1.81575,53.68357],[-1.81225,53.68766],[-1.80794,53.69279],[-1.80284,53.69592],[-1.79337,53.69958],[-1.79376,53.70516],[-1.79388,53.70947],[-1.79287,53.71003],[-1.79189,53.70999],[-1.7873,53.71136],[-1.78166,53.7111],[-1.77614,53.71096],[-1.77532,53.70768],[-1.77425,53.70529],[-1.77163,53.70524],[-1.76318,53.70794],[-1.75292,53.70301],[-1.7494,53.70158],[-1.74837,53.69915],[-1.76029,53.69176],[-1.75856,53.68681],[-1.75614,53.68184],[-1.75386,53.67706],[-1.76219,53.67518],[-1.76373,53.67709],[-1.76616,53.67995],[-1.77104,53.67922],[-1.77597,53.67855],[-1.7759,53.67747],[-1.77579,53.67767],[-1.7759,53.67747],[-1.7759,53.67742],[-1.77644,53.6765],[-1.77671,53.67634],[-1.77815,53.67536],[-1.77904,53.67423],[-1.7791,53.67415],[-1.77906,53.67292],[-1.77916,53.67253]]],[[[-1.78513,53.67086],[-1.79026,53.67311],[-1.78511,53.67083],[-1.78445,53.67046],[-1.78513,53.67086]]],[[[-1.79236,53.67328],[-1.79387,53.67329],[-1.79052,53.67323],[-1.79058,53.67325],[-1.79236,53.67328]]],[[[-1.77819,53.67543],[-1.77708,53.67613],[-1.77811,53.67554],[-1.77819,53.67543]]]]}},{"type":"Feature","properties":{"source_code":"P81186","codes":["P81186"],"label":"MOSS SIDE MEDICAL CENTRE"},"geometry":{"type":"Polygon","coordinates":[[[-2.73285,53.7215],[-2.64702,53.68634],[-2.67414,53.66458],[-2.77748,53.67576],[-2.73285,53.7215]]]}},{"type":"Feature","properties":{"source_code":"P81076","codes":["P81076"],"label":"SANDY LANE SURGERY"},"geometry":{"type":"Polygon","coordinates":[[[-2.71474,53.71383],[-2.68264,53.7151],[-2.68264,53.71081],[-2.67882,53.70832],[-2.67564,53.70628],[-2.67122,53.70588],[-2.67011,53.71086],[-2.66736,53.71042],[-2.66551,53.70877],[-2.66414,53.70705],[-2.66204,53.70567],[-2.66058,53.70339],[-2.66002,53.69902],[-2.65607,53.70011],[-2.65946,53.69046],[-2.66101,53.69046],[-2.65951,53.6904],[-2.67521,53.68751],[-2.65125,53.68651],[-2.65015,53.67919],[-2.64548,53.67228],[-2.66175,53.67431],[-2.67524,53.67716],[-2.67672,53.68469],[-2.67629,53.68059],[-2.67654,53.67864],[-2.69616,53.67294],[-2.69959,53.67177],[-2.70362,53.67017],[-2.72083,53.67102],[-2.72508,53.67132],[-2.72416,53.67425],[-2.72693,53.6792],[-2.72457,53.68382],[-2.72894,53.68354],[-2.73748,53.68741],[-2.7374,53.68489],[-2.73766,53.67937],[-2.74521,53.67602],[-2.74598,53.68082],[-2.75074,53.6809],[-2.7507,53.68428],[-2.75105,53.69348],[-2.74984,53.69531],[-2.74087,53.69317],[-2.74208,53.69701],[-2.74293,53.69958],[-2.741,53.70092],[-2.73641,53.70273],[-2.72877,53.70313],[-2.72491,53.70298],[-2.72161,53.70225],[-2.71856,53.7011],[-2.71714,53.70298],[-2.71688,53.70489],[-2.71646,53.70821],[-2.71577,53.7135],[-2.71474,53.71383]]]}},{"type":"Feature","properties":{"source_code":"P81741","codes":["P81741"],"label":"STATION SURGERY"},"geometry":{"type":"MultiPolygon","coordinates":[[[[-2.77444,53.72924],[-2.60101,53.73328],[-2.77016,53.73569],[-2.60101,53.73409],[-2.59827,53.66417],[-2.79327,53.6601],[-2.77444,53.72924]]],[[[-2.77016,53.73569],[-2.77267,53.73571],[-2.77267,53.73572],[-2.77016,53.73569]]],[[[-2.77542,53.72922],[-2.77405,53.73572],[-2.77267,53.73571],[-2.77444,53.72924],[-2.77542,53.72922]]]]}},{"type":"Feature","properties":{"source_code":"P81127","codes":["P81127"],"label":"GAB HEALTHCARE"},"geometry":{"type":"Polygon","coordinates":[[[-2.64396,53.68288],[-2.63839,53.6825],[-2.62554,53.68295],[-2.60951,53.67943],[-2.60947,53.67929],[-2.60881,53.67944],[-2.60073,53.67701],[-2.59084,53.6688],[-2.58908,53.65502],[-2.5938,53.63059],[-2.59534,53.63373],[-2.59449,53.631],[-2.5958,53.63131],[-2.62616,53.62158],[-2.65502,53.62297],[-2.65509,53.62286],[-2.65542,53.62299],[-2.6568,53.62306],[-2.65654,53.62344],[-2.68114,53.63326],[-2.68968,53.65313],[-2.68821,53.65311],[-2.68942,53.65339],[-2.68972,53.66206],[-2.6847,53.67104],[-2.67918,53.6739],[-2.67307,53.67716],[-2.66768,53.67972],[-2.66178,53.68222],[-2.65004,53.68269],[-2.64396,53.68288]]]}},{"type":"Feature","properties":{"source_code":"P81057","codes":["P81057"],"label":"WORDEN MEDICAL CENTRE"},"geometry":{"type":"Polygon","coordinates":[[[-2.71603,53.71378],[-2.67208,53.72211],[-2.64187,53.71134],[-2.63741,53.68756],[-2.63226,53.66682],[-2.6762,53.67109],[-2.67448,53.65786],[-2.74178,53.66356],[-2.71603,53.71378]]]}},{"type":"Feature","properties":{"source_code":"P81132","codes":["P81132"],"label":"WATERFOOT MEDICAL PRACTICE"},"geometry":{"type":"Polygon","coordinates":[[[-2.16431,53.67434],[-2.31228,53.66783],[-2.31308,53.67344],[-2.314,53.67271],[-2.3164,53.69447],[-2.31359,53.69883],[-2.29752,53.7284],[-2.274,53.73371],[-2.22198,53.74587],[-2.22327,53.74485],[-2.1698,53.71987],[-2.16431,53.67434]]]}},{"type":"Feature","properties":{"source_code":"P81633","codes":["P81633"],"label":"SPRING-FENISCO HEALTHLINK"},"geometry":{"type":"Polygon","coordinates":[[[-2.43384,53.71021],[-2.44421,53.71159],[-2.45363,53.71292],[-2.47716,53.71587],[-2.45373,53.71286],[-2.44421,53.71159],[-2.43379,53.71012],[-2.43384,53.71021],[-2.41416,53.70758],[-2.36446,53.65512],[-2.39356,53.6484],[-2.44223,53.65227],[-2.45132,53.64301],[-2.49124,53.6557],[-2.47689,53.67015],[-2.50468,53.68169],[-2.50758,53.6908],[-2.50688,53.70418],[-2.50536,53.70848],[-2.51329,53.7041],[-2.56351,53.70723],[-2.59655,53.70103],[-2.61654,53.70274],[-2.62076,53.71786],[-2.58179,53.74323],[-2.55364,53.76698],[-2.44514,53.7617],[-2.44857,53.75074],[-2.45613,53.73532],[-2.4733,53.72414],[-2.47337,53.72409],[-2.46391,53.7238],[-2.4323,53.7324],[-2.42914,53.73111],[-2.44142,53.72301],[-2.43384,53.71021]],[[-2.48922,53.71656],[-2.48903,53.71656],[-2.48876,53.71662],[-2.48861,53.71669],[-2.48922,53.71656],[-2.48929,53.71656],[-2.48932,53.71654],[-2.48922,53.71656]],[[-2.49066,53.71659],[-2.49219,53.71662],[-2.4922,53.71661],[-2.49069,53.71657],[-2.49066,53.71659]],[[-2.47684,53.72419],[-2.45681,53.73816],[-2.47055,53.72871],[-2.47795,53.72423],[-2.47684,53.72419]],[[-2.47805,53.72423],[-2.47639,53.72536],[-2.47841,53.72424],[-2.47805,53.72423]],[[-2.50499,53.70953],[-2.50832,53.70768],[-2.50512,53.70914],[-2.50499,53.70953]]]}},{"type":"Feature","properties":{"source_code":"P81143","codes":["P81143"],"label":"WHITTLE SURGERY"},"geometry":{"type":"Polygon","coordinates":[[[-2.59921,53.70809],[-2.59981,53.7055],[-2.60017,53.70551],[-2.6011,53.70291],[-2.60479,53.69594],[-2.60591,53.6931],[-2.60599,53.69157],[-2.6063,53.69174],[-2.6065,53.69175],[-2.6017,53.68492],[-2.5878,53.67597],[-2.58793,53.67596],[-2.57595,53.66697],[-2.57698,53.66544],[-2.58093,53.66544],[-2.58891,53.6632],[-2.58951,53.66239],[-2.59123,53.66163],[-2.59458,53.66265],[-2.59629,53.66387],[-2.59642,53.66422],[-2.59784,53.66458],[-2.59998,53.66509],[-2.60153,53.66539],[-2.60299,53.66539],[-2.60565,53.66549],[-2.60668,53.66468],[-2.60702,53.66361],[-2.60805,53.66239],[-2.60942,53.66051],[-2.61071,53.66015],[-2.61226,53.66015],[-2.61469,53.66455],[-2.61475,53.66427],[-2.61749,53.66284],[-2.61736,53.66282],[-2.61788,53.66198],[-2.61895,53.66178],[-2.61899,53.66206],[-2.61899,53.66207],[-2.61904,53.66204],[-2.62861,53.66214],[-2.6323,53.66224],[-2.63397,53.66122],[-2.63449,53.65985],[-2.63517,53.65776],[-2.63483,53.65647],[-2.6365,53.65611],[-2.63981,53.65672],[-2.64217,53.65741],[-2.64466,53.65718],[-2.64642,53.65794],[-2.64938,53.65797],[-2.65105,53.65789],[-2.6523,53.65804],[-2.6529,53.65743],[-2.6538,53.65713],[-2.6553,53.65738],[-2.65594,53.65776],[-2.65818,53.65878],[-2.66075,53.66],[-2.66298,53.66122],[-2.66796,53.66142],[-2.66856,53.66144],[-2.66109,53.6599],[-2.66556,53.66081],[-2.66916,53.66081],[-2.67225,53.66081],[-2.67414,53.66112],[-2.67431,53.6602],[-2.67431,53.65878],[-2.67603,53.65898],[-2.67826,53.65878],[-2.68015,53.65858],[-2.68238,53.65797],[-2.68393,53.65827],[-2.68599,53.65837],[-2.68856,53.65898],[-2.6877,53.66498],[-2.6865,53.66824],[-2.6829,53.67515],[-2.68272,53.67851],[-2.67946,53.68156],[-2.67885,53.68152],[-2.67963,53.68166],[-2.6726,53.69752],[-2.67238,53.69749],[-2.66916,53.69777],[-2.66712,53.69796],[-2.66558,53.69835],[-2.66667,53.69897],[-2.66757,53.69996],[-2.66483,53.70104],[-2.66384,53.70189],[-2.66118,53.70265],[-2.65852,53.7026],[-2.65449,53.70153],[-2.65223,53.70181],[-2.64977,53.70387],[-2.64633,53.7056],[-2.64556,53.70728],[-2.64436,53.70824],[-2.64247,53.70839],[-2.64058,53.70849],[-2.63869,53.70722],[-2.63569,53.70738],[-2.6332,53.70692],[-2.63254,53.70618],[-2.63221,53.70626],[-2.60685,53.71566],[-2.60522,53.71571],[-2.59955,53.71307],[-2.59887,53.71098],[-2.59921,53.70809]],[[-2.62862,53.70593],[-2.61721,53.70588],[-2.62894,53.70614],[-2.62862,53.70593]],[[-2.64373,53.70363],[-2.65207,53.70183],[-2.65157,53.70189],[-2.65647,53.69886],[-2.65148,53.70184],[-2.64373,53.70363]],[[-2.63243,53.69335],[-2.62583,53.69315],[-2.65041,53.69493],[-2.64427,53.69437],[-2.63243,53.69335]],[[-2.62573,53.69315],[-2.62614,53.6928],[-2.62487,53.69305],[-2.62082,53.69279],[-2.62573,53.69315]],[[-2.65971,53.6801],[-2.64164,53.67876],[-2.64462,53.67902],[-2.65697,53.67993],[-2.65971,53.6801]],[[-2.60942,53.67637],[-2.67294,53.66234],[-2.60907,53.67639],[-2.61071,53.67653],[-2.61087,53.67668],[-2.62155,53.67727],[-2.60942,53.67637]],[[-2.60373,53.67594],[-2.60045,53.67548],[-2.6005,53.67561],[-2.60001,53.67563],[-2.60373,53.67594]]]}},{"type":"Feature","properties":{"source_code":"P81010","codes":["P81010"],"label":"WITHNELL HEALTH CENTRE"},"geometry":{"type":"Polygon","coordinates":[[[-2.61717,53.6642],[-2.61653,53.67107],[-2.61987,53.67083],[-2.62618,53.67604],[-2.62603,53.68127],[-2.62449,53.68528],[-2.61977,53.68883],[-2.60118,53.70103],[-2.58917,53.71754],[-2.58226,53.7249],[-2.55595,53.72119],[-2.549,53.71256],[-2.53286,53.69452],[-2.55372,53.68466],[-2.56634,53.67627],[-2.57569,53.66961],[-2.61717,53.6642]]]}},{"type":"Feature","properties":{"source_code":"B84623","codes":["B84623"],"label":"LONGROYDE SURGERY"},"geometry":{"type":"Polygon","coordinates":[[[-1.8137,53.67814],[-1.81374,53.68332],[-1.80945,53.68909],[-1.80534,53.69646],[-1.80259,53.69778],[-1.79954,53.69979],[-1.79693,53.70129],[-1.79416,53.70557],[-1.79127,53.70406],[-1.78994,53.70297],[-1.78805,53.70248],[-1.7862,53.7022],[-1.78507,53.70249],[-1.78428,53.70273],[-1.78327,53.70286],[-1.78203,53.70283],[-1.78098,53.70291],[-1.78003,53.70303],[-1.77913,53.70311],[-1.77812,53.70352],[-1.77879,53.70398],[-1.77892,53.70423],[-1.77883,53.70492],[-1.77909,53.70576],[-1.77935,53.70638],[-1.77973,53.70708],[-1.77993,53.70748],[-1.78014,53.70785],[-1.78038,53.70839],[-1.77947,53.70861],[-1.77857,53.70879],[-1.7783,53.70925],[-1.77758,53.7096],[-1.77599,53.71021],[-1.77457,53.71097],[-1.77294,53.71175],[-1.77157,53.71264],[-1.77011,53.7131],[-1.77015,53.71229],[-1.77067,53.71168],[-1.77106,53.71112],[-1.77093,53.71054],[-1.77063,53.70995],[-1.76994,53.70932],[-1.77157,53.70838],[-1.77033,53.70713],[-1.76895,53.7064],[-1.76591,53.70485],[-1.762,53.70764],[-1.7607,53.70689],[-1.7559,53.7046],[-1.75255,53.70272],[-1.74637,53.69947],[-1.74792,53.69855],[-1.75204,53.69708],[-1.75535,53.69481],[-1.7605,53.68912],[-1.76462,53.68637],[-1.78916,53.68241],[-1.8137,53.67814]]]}},{"type":"Feature","properties":{"source_code":"P81051","codes":["P81051"],"label":"DARWEN HEALTHCARE"},"geometry":{"type":"Polygon","coordinates":[[[-2.49312,53.7275],[-2.49063,53.72501],[-2.48877,53.7254],[-2.48857,53.72546],[-2.48854,53.72545],[-2.48845,53.72547],[-2.48852,53.72545],[-2.48385,53.72432],[-2.47935,53.72269],[-2.4778,53.72325],[-2.47587,53.72234],[-2.47441,53.72264],[-2.47248,53.72251],[-2.47162,53.72328],[-2.46832,53.72322],[-2.46677,53.72348],[-2.46167,53.72396],[-2.4566,53.71637],[-2.45231,53.71187],[-2.45017,53.71261],[-2.44656,53.712],[-2.44622,53.71347],[-2.4448,53.71352],[-2.44446,53.71182],[-2.44154,53.70819],[-2.43643,53.70626],[-2.43382,53.70486],[-2.43343,53.7012],[-2.43193,53.69935],[-2.42455,53.69513],[-2.4139,53.66577],[-2.44811,53.66206],[-2.49059,53.68939],[-2.48385,53.69221],[-2.48682,53.69686],[-2.49115,53.70047],[-2.48853,53.70326],[-2.49091,53.7123],[-2.49244,53.72114],[-2.49566,53.72341],[-2.49321,53.72412],[-2.49574,53.7234],[-2.49679,53.72508],[-2.49482,53.72739],[-2.49312,53.7275]]]}},{"type":"Feature","properties":{"source_code":"P81140","codes":["P81140"],"label":"DARWEN HEALTHLINK"},"geometry":{"type":"Polygon","coordinates":[[[-2.47279,53.72343],[-2.4292,53.70054],[-2.45373,53.6866],[-2.49796,53.68685],[-2.50169,53.70633],[-2.50841,53.71732],[-2.49371,53.72851],[-2.47279,53.72343]]]}},{"type":"Feature","properties":{"source_code":"P81117","codes":["P81117"],"label":"CENTRAL PARK SURGERY"},"geometry":{"type":"MultiPolygon","coordinates":[[[[-2.64342,53.70585],[-2.67105,53.67576],[-2.73045,53.67739],[-2.71782,53.71354],[-2.71843,53.71398],[-2.67551,53.72048],[-2.7174,53.71378],[-2.71735,53.71374],[-2.64342,53.70585]]],[[[-2.67397,53.72109],[-2.6429,53.70646],[-2.67397,53.72079],[-2.67723,53.71683],[-2.67397,53.72109]]]]}},{"type":"Feature","properties":{"source_code":"P81118","codes":["P81118"],"label":"ILEX VIEW MEDICAL PRACTICE"},"geometry":{"type":"Polygon","coordinates":[[[-2.35313,53.7024],[-2.28516,53.74181],[-2.24946,53.71561],[-2.20688,53.69386],[-2.30851,53.67679],[-2.35313,53.7024]]]}},{"type":"Feature","properties":{"source_code":"Y02606","codes":["Y02606"],"label":"FAIRMORE MEDICAL PRACTICE"},"geometry":{"type":"Polygon","coordinates":[[[-2.33253,53.67576],[-2.36069,53.7154],[-2.36172,53.75094],[-2.35931,53.80227],[-2.337,53.83511],[-2.24121,53.85941],[-2.18216,53.86387],[-2.16705,53.85577],[-2.18452,53.83382],[-2.18825,53.81185],[-2.20671,53.79345],[-2.19349,53.73023],[-2.19109,53.70829],[-2.17941,53.69915],[-2.22748,53.67963],[-2.28086,53.6716],[-2.31322,53.66717],[-2.33253,53.67576]]]}},{"type":"Feature","properties":{"source_code":"P81027","codes":["P81027"],"label":"IRWELL MEDICAL PRACTICE"},"geometry":{"type":"Polygon","coordinates":[[[-2.13873,53.71073],[-2.16448,53.67983],[-2.16825,53.67495],[-2.1674,53.67282],[-2.16791,53.66895],[-2.16894,53.66498],[-2.17255,53.66041],[-2.17658,53.65425],[-2.19027,53.65743],[-2.19503,53.66682],[-2.21323,53.684],[-2.22053,53.68629],[-2.23443,53.68685],[-2.24422,53.68974],[-2.25226,53.6917],[-2.25846,53.69279],[-2.26098,53.69362],[-2.2629,53.69495],[-2.26263,53.69983],[-2.25871,53.70117],[-2.25539,53.70261],[-2.24846,53.70487],[-2.24831,53.70463],[-2.24851,53.70499],[-2.23937,53.71048],[-2.23647,53.71456],[-2.23306,53.72023],[-2.22422,53.72515],[-2.21838,53.72922],[-2.20869,53.73455],[-2.20755,53.73518],[-2.20629,53.73473],[-2.19666,53.73566],[-2.19435,53.73404],[-2.18362,53.72835],[-2.17946,53.7246],[-2.17516,53.72211],[-2.17531,53.722],[-2.17534,53.72201],[-2.17761,53.72027],[-2.18469,53.71495],[-2.18469,53.71484],[-2.17761,53.72027],[-2.17531,53.722],[-2.17186,53.72028],[-2.17014,53.71764],[-2.16843,53.71644],[-2.15474,53.7105],[-2.1516,53.70941],[-2.14731,53.7104],[-2.14401,53.71081],[-2.13873,53.71073]]]}},{"type":"Feature","properties":{"source_code":"B84011","codes":["B84011"],"label":"CHURCH LANE SURGERY"},"geometry":{"type":"MultiPolygon","coordinates":[[[[-1.81436,53.69258],[-1.81433,53.69254],[-1.81929,53.6915],[-1.81436,53.69258]]],[[[-1.81436,53.69258],[-1.81875,53.69833],[-1.79759,53.70321],[-1.79641,53.70404],[-1.79522,53.70487],[-1.81362,53.70796],[-1.81815,53.70877],[-1.823,53.70883],[-1.82618,53.70949],[-1.82849,53.70867],[-1.82978,53.70857],[-1.83107,53.70867],[-1.83251,53.71016],[-1.83947,53.71513],[-1.82927,53.72486],[-1.82678,53.72637],[-1.80884,53.73262],[-1.79401,53.74076],[-1.78978,53.74046],[-1.78562,53.73655],[-1.78472,53.73346],[-1.77566,53.73511],[-1.7715,53.72237],[-1.75927,53.71111],[-1.75927,53.71112],[-1.75776,53.71003],[-1.75672,53.70872],[-1.7511,53.70593],[-1.74875,53.69869],[-1.74399,53.69681],[-1.74258,53.69671],[-1.74211,53.69621],[-1.74176,53.69281],[-1.74507,53.68983],[-1.7455,53.68708],[-1.74001,53.6852],[-1.7358,53.68166],[-1.74039,53.68057],[-1.74309,53.68085],[-1.74498,53.68194],[-1.74713,53.68258],[-1.74972,53.6827],[-1.7508,53.68274],[-1.75148,53.68272],[-1.75204,53.68269],[-1.75305,53.68253],[-1.75412,53.68236],[-1.75477,53.68223],[-1.75558,53.68214],[-1.75691,53.68183],[-1.75562,53.67668],[-1.76193,53.67587],[-1.76756,53.67967],[-1.77,53.67926],[-1.77197,53.67906],[-1.77457,53.67878],[-1.77599,53.6771],[-1.77639,53.67653],[-1.77704,53.67599],[-1.77822,53.67532],[-1.77884,53.67435],[-1.77918,53.67348],[-1.77912,53.67301],[-1.77903,53.67249],[-1.77927,53.67176],[-1.77983,53.67125],[-1.78056,53.67032],[-1.78502,53.6676],[-1.79043,53.6676],[-1.79574,53.66732],[-1.79648,53.67012],[-1.78588,53.67155],[-1.78794,53.67344],[-1.79099,53.67542],[-1.79652,53.67696],[-1.7909,53.67793],[-1.79047,53.67949],[-1.79324,53.68029],[-1.79472,53.68076],[-1.79554,53.68133],[-1.80081,53.6823],[-1.80231,53.68082],[-1.81004,53.68328],[-1.81101,53.68329],[-1.81227,53.68319],[-1.81764,53.68226],[-1.80936,53.68888],[-1.80953,53.69363],[-1.81436,53.69258]]],[[[-1.75848,53.68254],[-1.75824,53.68179],[-1.76116,53.68128],[-1.76245,53.68091],[-1.76348,53.68067],[-1.7635,53.68066],[-1.7582,53.68173],[-1.75848,53.68254]]]]}},{"type":"Feature","properties":{"source_code":"B84003","codes":["B84003"],"label":"RYDINGS HALL SURGERY"},"geometry":{"type":"Polygon","coordinates":[[[-1.77268,53.72375],[-1.77269,53.72375],[-1.7727,53.72375],[-1.77266,53.72362],[-1.77269,53.72369],[-1.77266,53.72361],[-1.77229,53.72251],[-1.77263,53.72356],[-1.77266,53.72361],[-1.77266,53.72362],[-1.77262,53.72354],[-1.77268,53.72372],[-1.77264,53.72373],[-1.77268,53.72375],[-1.77028,53.7241],[-1.76634,53.72447],[-1.76849,53.72412],[-1.76891,53.724],[-1.76944,53.72384],[-1.77071,53.72254],[-1.76317,53.72237],[-1.75886,53.72162],[-1.754,53.72146],[-1.75074,53.72096],[-1.74855,53.72026],[-1.75559,53.71214],[-1.75683,53.71078],[-1.75798,53.70942],[-1.76115,53.70707],[-1.75955,53.70597],[-1.76061,53.7047],[-1.7529,53.7005],[-1.75164,53.70148],[-1.75143,53.70175],[-1.7519,53.7027],[-1.75047,53.70323],[-1.74919,53.70364],[-1.74919,53.70503],[-1.75023,53.70611],[-1.74974,53.70624],[-1.74961,53.70592],[-1.74935,53.7057],[-1.74884,53.70504],[-1.74878,53.70359],[-1.75153,53.70259],[-1.75108,53.70177],[-1.75123,53.70147],[-1.75208,53.70085],[-1.75344,53.69989],[-1.74901,53.69905],[-1.74849,53.69924],[-1.74796,53.69974],[-1.74721,53.70058],[-1.74638,53.70127],[-1.74515,53.70178],[-1.74389,53.70198],[-1.74419,53.70136],[-1.74473,53.70064],[-1.74553,53.69984],[-1.74648,53.69911],[-1.74802,53.69823],[-1.75285,53.69631],[-1.75339,53.69631],[-1.75382,53.69638],[-1.75491,53.696],[-1.75507,53.69515],[-1.75462,53.69487],[-1.75403,53.69474],[-1.7534,53.69464],[-1.75295,53.69459],[-1.75204,53.69485],[-1.75175,53.6951],[-1.75129,53.69497],[-1.74731,53.69518],[-1.746,53.69497],[-1.74668,53.69619],[-1.74707,53.69655],[-1.74823,53.69699],[-1.74793,53.69724],[-1.74539,53.69629],[-1.74391,53.69573],[-1.74289,53.6966],[-1.7423,53.69663],[-1.74097,53.6961],[-1.74541,53.69483],[-1.74564,53.69483],[-1.74635,53.69489],[-1.74741,53.69507],[-1.75056,53.69489],[-1.75154,53.69485],[-1.75211,53.69461],[-1.75292,53.69445],[-1.75505,53.69475],[-1.75751,53.69168],[-1.75996,53.68899],[-1.76124,53.68797],[-1.76257,53.68717],[-1.76445,53.68636],[-1.76663,53.68573],[-1.77225,53.68479],[-1.78142,53.68336],[-1.78059,53.68263],[-1.77956,53.68198],[-1.77639,53.68034],[-1.77592,53.67958],[-1.77575,53.6789],[-1.77734,53.67865],[-1.78,53.67851],[-1.78252,53.67852],[-1.7889,53.67892],[-1.79091,53.67993],[-1.79449,53.6809],[-1.79563,53.68167],[-1.79867,53.68229],[-1.8008,53.68243],[-1.80353,53.67982],[-1.80367,53.67985],[-1.80333,53.68022],[-1.80372,53.68031],[-1.80404,53.68111],[-1.80443,53.6818],[-1.80375,53.68267],[-1.80213,53.68245],[-1.80101,53.68238],[-1.8009,53.68246],[-1.80153,53.68253],[-1.80094,53.68421],[-1.80264,53.68733],[-1.80402,53.68842],[-1.80579,53.68897],[-1.80646,53.69003],[-1.80205,53.6929],[-1.80049,53.69419],[-1.79839,53.69535],[-1.79485,53.69675],[-1.79596,53.69881],[-1.79131,53.70054],[-1.7882,53.70233],[-1.7851,53.70211],[-1.78914,53.70259],[-1.79059,53.70328],[-1.79196,53.7044],[-1.79333,53.70532],[-1.79403,53.7056],[-1.79423,53.70551],[-1.79496,53.70482],[-1.79551,53.70395],[-1.79718,53.70321],[-1.80056,53.70218],[-1.80228,53.70175],[-1.80438,53.70127],[-1.80527,53.70106],[-1.80617,53.70083],[-1.80796,53.7002],[-1.80797,53.7004],[-1.80615,53.70104],[-1.80054,53.70232],[-1.79744,53.70327],[-1.79567,53.70413],[-1.79463,53.70552],[-1.79596,53.70721],[-1.79777,53.70889],[-1.80096,53.7108],[-1.80173,53.71123],[-1.80309,53.71179],[-1.80656,53.71492],[-1.80671,53.71507],[-1.80671,53.71502],[-1.80865,53.71582],[-1.81083,53.71642],[-1.8133,53.7177],[-1.81408,53.71848],[-1.81469,53.71875],[-1.81722,53.71992],[-1.81775,53.72075],[-1.81871,53.72151],[-1.81911,53.72344],[-1.8178,53.72536],[-1.81669,53.72551],[-1.81618,53.7255],[-1.81554,53.72551],[-1.81512,53.7256],[-1.81501,53.72573],[-1.81464,53.72568],[-1.81495,53.72491],[-1.81534,53.72416],[-1.8114,53.71962],[-1.81072,53.71896],[-1.81131,53.71954],[-1.81532,53.72416],[-1.81503,53.72469],[-1.81459,53.72569],[-1.8137,53.72552],[-1.81264,53.72542],[-1.81259,53.72598],[-1.81244,53.72671],[-1.81282,53.72734],[-1.81348,53.72804],[-1.81053,53.72864],[-1.80784,53.72914],[-1.80755,53.72917],[-1.80702,53.72921],[-1.8066,53.7292],[-1.80619,53.72916],[-1.80505,53.729],[-1.8042,53.72873],[-1.80367,53.72866],[-1.80307,53.72859],[-1.80205,53.72868],[-1.80102,53.72873],[-1.8,53.72881],[-1.78785,53.72884],[-1.77751,53.73021],[-1.77674,53.73059],[-1.7725,53.73183],[-1.7712,53.73187],[-1.76852,53.73193],[-1.76857,53.73022],[-1.77346,53.72776],[-1.77308,53.72507],[-1.77282,53.72383],[-1.77269,53.72376],[-1.77268,53.72375]]]}},{"type":"Feature","properties":{"source_code":"P81099","codes":["P81099"],"label":"HASLINGDEN HEALTHCARE"},"geometry":{"type":"Polygon","coordinates":[[[-2.30919,53.66132],[-2.3885,53.65929],[-2.38644,53.73551],[-2.28516,53.73226],[-2.28928,53.66132],[-2.30644,53.66193],[-2.30919,53.66132]]]}},{"type":"Feature","properties":{"source_code":"P81686","codes":["P81686"],"label":"ROSSENDALE VALLEY MEDICAL PRACTICE"},"geometry":{"type":"Polygon","coordinates":[[[-2.24602,53.69223],[-2.28756,53.63242],[-2.33494,53.63304],[-2.36687,53.70341],[-2.39296,53.75845],[-2.35554,53.77236],[-2.30988,53.74323],[-2.30816,53.73917],[-2.28481,53.73186],[-2.28275,53.72536],[-2.25975,53.71581],[-2.26215,53.70992],[-2.25391,53.7024],[-2.24602,53.69223]]]}},{"type":"Feature","properties":{"source_code":"P81212","codes":["P81212"],"label":"HAZELVALLEY FAMILY PRACTICE"},"geometry":{"type":"Polygon","coordinates":[[[-2.34798,53.73673],[-2.25426,53.69203],[-2.29065,53.69488],[-2.30095,53.67556],[-2.32327,53.67556],[-2.35691,53.70219],[-2.34798,53.73673]]]}},{"type":"Feature","properties":{"source_code":"P81721","codes":["P81721"],"label":"HOLLINS GROVE SURGERY"},"geometry":{"type":"Polygon","coordinates":[[[-2.43227,53.75399],[-2.4284,53.74673],[-2.42832,53.74688],[-2.42523,53.74181],[-2.41652,53.73417],[-2.41631,53.73429],[-2.38541,53.70301],[-2.38541,53.68244],[-2.38506,53.68217],[-2.38283,53.66946],[-2.38609,53.65929],[-2.39262,53.64718],[-2.45218,53.64433],[-2.49441,53.64057],[-2.53839,53.7212],[-2.54454,53.72312],[-2.54231,53.72838],[-2.54316,53.72993],[-2.54831,53.74759],[-2.52325,53.7615],[-2.47519,53.77388],[-2.43227,53.75399]],[[-2.43244,53.73907],[-2.4324,53.73905],[-2.43133,53.74108],[-2.43244,53.73907]],[[-2.43004,53.73781],[-2.41901,53.73203],[-2.41904,53.73255],[-2.43004,53.73781]],[[-2.54076,53.72526],[-2.53866,53.7217],[-2.5421,53.72798],[-2.54076,53.72526]],[[-2.41861,53.72607],[-2.41819,53.71693],[-2.42695,53.71977],[-2.41647,53.71636],[-2.41802,53.71723],[-2.41861,53.72607]],[[-2.40206,53.69549],[-2.39756,53.69197],[-2.40189,53.69549],[-2.40045,53.69846],[-2.40206,53.69549]]]}},{"type":"Feature","properties":{"source_code":"B84001","codes":["B84001"],"label":"STATION ROAD SURGERY"},"geometry":{"type":"Polygon","coordinates":[[[-1.94183,53.71825],[-1.93956,53.71815],[-1.93698,53.71809],[-1.93422,53.71713],[-1.93299,53.71672],[-1.92913,53.71624],[-1.92849,53.71632],[-1.92741,53.71622],[-1.92484,53.71677],[-1.92295,53.7171],[-1.9193,53.71713],[-1.91868,53.71733],[-1.91776,53.71721],[-1.91651,53.71731],[-1.91573,53.71691],[-1.91533,53.71689],[-1.91519,53.71694],[-1.91312,53.71656],[-1.91229,53.71667],[-1.91127,53.71656],[-1.91167,53.71803],[-1.91034,53.71876],[-1.90833,53.71943],[-1.90633,53.71997],[-1.90347,53.72064],[-1.90085,53.72149],[-1.89847,53.72088],[-1.89733,53.71979],[-1.89442,53.71938],[-1.89374,53.7199],[-1.89368,53.7199],[-1.88845,53.71609],[-1.88416,53.71429],[-1.8824,53.71352],[-1.88034,53.71223],[-1.87789,53.7106],[-1.87377,53.70903],[-1.87059,53.70786],[-1.86326,53.70634],[-1.86373,53.70507],[-1.86338,53.70313],[-1.86253,53.70105],[-1.86454,53.70105],[-1.86742,53.70103],[-1.86926,53.70026],[-1.86793,53.69889],[-1.86733,53.69706],[-1.87729,53.6965],[-1.88085,53.69643],[-1.88407,53.69653],[-1.8869,53.6961],[-1.89591,53.69472],[-1.89656,53.69478],[-1.90819,53.69742],[-1.91497,53.69399],[-1.91956,53.6916],[-1.92046,53.68797],[-1.92239,53.68794],[-1.92814,53.68863],[-1.93115,53.68842],[-1.93565,53.68819],[-1.93458,53.68354],[-1.94286,53.68644],[-1.94947,53.6872],[-1.95256,53.68954],[-1.95724,53.69229],[-1.9637,53.69357],[-1.96295,53.69772],[-1.96383,53.69996],[-1.96393,53.70413],[-1.96445,53.70814],[-1.96325,53.71124],[-1.96269,53.71149],[-1.9617,53.71265],[-1.96359,53.7152],[-1.95728,53.71977],[-1.95123,53.72028],[-1.94183,53.71825]]]}},{"type":"Feature","properties":{"source_code":"P81003","codes":["P81003"],"label":"ST JAMES' MEDICAL CENTRE"},"geometry":{"type":"Polygon","coordinates":[[[-2.26328,53.75247],[-2.27031,53.69894],[-2.3,53.69058],[-2.32112,53.70139],[-2.30138,53.71809],[-2.26328,53.75247]]]}},{"type":"Feature","properties":{"source_code":"P81701","codes":["P81701"],"label":"DR DAWOUD'S SURGERY"},"geometry":{"type":"Polygon","coordinates":[[[-2.63088,53.69935],[-2.6247,53.68959],[-2.67203,53.69476],[-2.67225,53.69356],[-2.67216,53.69478],[-2.67311,53.69488],[-2.67204,53.69645],[-2.67194,53.6978],[-2.67196,53.69657],[-2.66006,53.71398],[-2.63054,53.71439],[-2.60651,53.71723],[-2.60136,53.70382],[-2.63088,53.69935]]]}},{"type":"Feature","properties":{"source_code":"P81180","codes":["P81180"],"label":"CLAYTON BROOK SURGERY"},"geometry":{"type":"Polygon","coordinates":[[[-2.65766,53.71865],[-2.65388,53.72292],[-2.63294,53.72221],[-2.63208,53.68817],[-2.67397,53.69234],[-2.65766,53.71865]]]}},{"type":"Feature","properties":{"source_code":"B84006","codes":["B84006"],"label":"TODMORDEN GROUP PRACTICE"},"geometry":{"type":"Polygon","coordinates":[[[-2.07264,53.74303],[-2.03796,53.71926],[-2.0529,53.69386],[-2.11487,53.68695],[-2.1389,53.71256],[-2.13633,53.73145],[-2.07264,53.74303]]]}},{"type":"Feature","properties":{"source_code":"B84021","codes":["B84021"],"label":"KING CROSS PRACTICE"},"geometry":{"type":"MultiPolygon","coordinates":[[[[-1.92008,53.73928],[-1.92008,53.73926],[-1.9201,53.73904],[-1.9201,53.73904],[-1.92008,53.73928],[-1.92008,53.73928]]],[[[-1.91994,53.73963],[-1.92003,53.73938],[-1.92007,53.73928],[-1.92007,53.73927],[-1.92008,53.73928],[-1.92002,53.73955],[-1.92,53.73954],[-1.9199,53.73976],[-1.91994,53.73963]]],[[[-1.91987,53.73982],[-1.9199,53.73976],[-1.91988,53.73982],[-1.91963,53.74028],[-1.91987,53.73982]]],[[[-1.91963,53.74028],[-1.91952,53.74048],[-1.91951,53.74049],[-1.91963,53.74028]]],[[[-1.86454,53.728],[-1.86292,53.72774],[-1.86173,53.72738],[-1.86096,53.72731],[-1.86037,53.72816],[-1.85832,53.72777],[-1.85451,53.7265],[-1.8525,53.72593],[-1.8513,53.72505],[-1.84948,53.72208],[-1.84909,53.721],[-1.84801,53.71997],[-1.84749,53.71906],[-1.8462,53.71835],[-1.84334,53.71662],[-1.84386,53.71618],[-1.84481,53.71509],[-1.84645,53.71299],[-1.84679,53.70858],[-1.84513,53.70712],[-1.84201,53.70641],[-1.84064,53.70555],[-1.84004,53.70402],[-1.8415,53.70374],[-1.84261,53.70316],[-1.84459,53.70087],[-1.84622,53.69569],[-1.84824,53.69398],[-1.85231,53.69227],[-1.85841,53.69414],[-1.85905,53.69526],[-1.85884,53.69629],[-1.86094,53.6965],[-1.86235,53.69732],[-1.86581,53.69701],[-1.86762,53.69695],[-1.86926,53.6973],[-1.87634,53.69785],[-1.87787,53.69911],[-1.87819,53.70119],[-1.8811,53.70189],[-1.88349,53.70319],[-1.88999,53.70631],[-1.89217,53.70712],[-1.89495,53.70787],[-1.8987,53.70816],[-1.90272,53.7082],[-1.90673,53.70773],[-1.91148,53.70756],[-1.91469,53.70912],[-1.91582,53.7101],[-1.91807,53.71082],[-1.91999,53.71145],[-1.92126,53.71176],[-1.92158,53.71233],[-1.92353,53.71314],[-1.92282,53.7137],[-1.92167,53.71406],[-1.9204,53.71424],[-1.92029,53.71531],[-1.92038,53.71705],[-1.9215,53.72017],[-1.92195,53.72205],[-1.92209,53.72298],[-1.9218,53.72392],[-1.92044,53.72462],[-1.91968,53.72573],[-1.9196,53.72678],[-1.91975,53.72779],[-1.9209,53.72876],[-1.92162,53.72983],[-1.92104,53.73143],[-1.92089,53.73305],[-1.92128,53.73393],[-1.92123,53.73484],[-1.9208,53.73676],[-1.92014,53.73851],[-1.9201,53.73902],[-1.9201,53.73904],[-1.9201,53.73901],[-1.9201,53.73904],[-1.92007,53.73927],[-1.92007,53.73927],[-1.92003,53.73938],[-1.91997,53.73953],[-1.91994,53.73963],[-1.91987,53.73982],[-1.91986,53.73982],[-1.91951,53.74049],[-1.91927,53.74024],[-1.919,53.74003],[-1.91715,53.73877],[-1.91505,53.73764],[-1.91059,53.73531],[-1.90666,53.73421],[-1.9036,53.73312],[-1.90121,53.73203],[-1.89866,53.73169],[-1.89729,53.73185],[-1.89566,53.73162],[-1.89205,53.73066],[-1.88969,53.72987],[-1.88785,53.72938],[-1.88684,53.7294],[-1.88643,53.72977],[-1.88714,53.72986],[-1.88682,53.73026],[-1.88476,53.73104],[-1.88022,53.72971],[-1.87479,53.72885],[-1.8734,53.72875],[-1.86809,53.7287],[-1.86454,53.728]]]]}},{"type":"Feature","properties":{"source_code":"B84019","codes":["B84019"],"label":"THE BOULEVARD MEDICAL PRACTICE"},"geometry":{"type":"Polygon","coordinates":[[[-1.86167,53.72668],[-1.86012,53.72607],[-1.86012,53.72485],[-1.85326,53.72383],[-1.85008,53.72277],[-1.85137,53.71855],[-1.85102,53.71708],[-1.85128,53.71581],[-1.85171,53.71439],[-1.85163,53.71357],[-1.85205,53.7122],[-1.8518,53.71058],[-1.8518,53.70905],[-1.85257,53.70773],[-1.85274,53.70664],[-1.85291,53.70443],[-1.85514,53.69828],[-1.86287,53.69904],[-1.87008,53.69945],[-1.87454,53.70209],[-1.8784,53.70367],[-1.88175,53.70585],[-1.8869,53.70839],[-1.89085,53.70971],[-1.89548,53.71053],[-1.90046,53.71144],[-1.9075,53.70982],[-1.91145,53.71063],[-1.91299,53.71347],[-1.91677,53.71479],[-1.91488,53.71881],[-1.91892,53.72023],[-1.92158,53.72231],[-1.92106,53.72414],[-1.92003,53.72688],[-1.92141,53.72901],[-1.92089,53.73084],[-1.92106,53.7347],[-1.92038,53.73866],[-1.91935,53.7411],[-1.91008,53.73551],[-1.89823,53.73176],[-1.89445,53.73115],[-1.88896,53.72983],[-1.8833,53.72942],[-1.87935,53.7282],[-1.87523,53.72729],[-1.87214,53.72607],[-1.86785,53.72556],[-1.86493,53.72546],[-1.86167,53.72668]]]}},{"type":"Feature","properties":{"source_code":"B84012","codes":["B84012"],"label":"SPRING HALL GROUP PRACTICE"},"geometry":{"type":"Polygon","coordinates":[[[-1.89205,53.72089],[-1.876,53.75003],[-1.8763,53.75003],[-1.87617,53.75028],[-1.83781,53.73368],[-1.82991,53.70687],[-1.87265,53.70392],[-1.91608,53.70992],[-1.92441,53.75039],[-1.8763,53.75003],[-1.89205,53.72089]]]}},{"type":"Feature","properties":{"source_code":"B84612","codes":["B84612"],"label":"LISTER LANE SURGERY"},"geometry":{"type":"Polygon","coordinates":[[[-1.89531,53.7513],[-1.88004,53.75744],[-1.87351,53.7548],[-1.86081,53.75805],[-1.84193,53.74932],[-1.82613,53.74851],[-1.81995,53.74627],[-1.82819,53.73978],[-1.82648,53.73409],[-1.8409,53.72719],[-1.83815,53.7154],[-1.85738,53.69711],[-1.89651,53.70788],[-1.9257,53.70138],[-1.92175,53.72231],[-1.92106,53.7344],[-1.91986,53.74008],[-1.91591,53.74287],[-1.91548,53.74754],[-1.90982,53.74896],[-1.90613,53.74881],[-1.9033,53.74744],[-1.90158,53.74886],[-1.90124,53.75049],[-1.8996,53.75105],[-1.89531,53.7513]]]}},{"type":"Feature","properties":{"source_code":"P81692","codes":["P81692"],"label":"BEECHES MEDICAL CENTRE"},"geometry":{"type":"Polygon","coordinates":[[[-2.85919,53.73653],[-2.79156,53.75236],[-2.75534,53.75764],[-2.72049,53.75764],[-2.71339,53.71502],[-2.71177,53.70409],[-2.71108,53.69915],[-2.70956,53.69183],[-2.70936,53.67676],[-2.83516,53.67312],[-2.85919,53.73653]]]}},{"type":"Feature","properties":{"source_code":"B84008","codes":["B84008"],"label":"THE NORTHOLME PRACTICE"},"geometry":{"type":"Polygon","coordinates":[[[-1.77652,53.72453],[-1.77604,53.72374],[-1.77593,53.7231],[-1.77612,53.72253],[-1.77693,53.72181],[-1.77713,53.72129],[-1.77729,53.72052],[-1.77802,53.71765],[-1.77819,53.71711],[-1.77838,53.71614],[-1.77858,53.71518],[-1.77912,53.71423],[-1.78015,53.71307],[-1.78046,53.71254],[-1.78057,53.71183],[-1.78071,53.71083],[-1.78077,53.70998],[-1.78076,53.70959],[-1.78052,53.70893],[-1.78033,53.70848],[-1.78006,53.70776],[-1.7793,53.70637],[-1.77898,53.70575],[-1.77882,53.70506],[-1.77877,53.70481],[-1.77877,53.70465],[-1.77879,53.70437],[-1.77881,53.70409],[-1.77871,53.70394],[-1.77828,53.70374],[-1.77769,53.7036],[-1.77754,53.70346],[-1.77764,53.70327],[-1.77786,53.7032],[-1.77853,53.70304],[-1.77959,53.70293],[-1.78116,53.70272],[-1.78219,53.7027],[-1.78322,53.70271],[-1.78378,53.70265],[-1.78444,53.70249],[-1.78473,53.70231],[-1.78491,53.70218],[-1.78514,53.70215],[-1.78549,53.70217],[-1.78712,53.70236],[-1.78911,53.70258],[-1.78943,53.70267],[-1.78972,53.70279],[-1.79017,53.70302],[-1.79074,53.7034],[-1.79137,53.70397],[-1.79269,53.70487],[-1.79295,53.70505],[-1.79326,53.70521],[-1.79383,53.70545],[-1.79603,53.70721],[-1.79702,53.70808],[-1.79738,53.70862],[-1.79749,53.70873],[-1.7978,53.70897],[-1.79893,53.70951],[-1.79939,53.70978],[-1.8003,53.71047],[-1.80145,53.71119],[-1.80242,53.71149],[-1.80301,53.71182],[-1.80356,53.71221],[-1.80392,53.71249],[-1.80545,53.71323],[-1.80658,53.71451],[-1.80709,53.71507],[-1.80772,53.71541],[-1.80918,53.71587],[-1.81036,53.71625],[-1.81131,53.71648],[-1.81221,53.71699],[-1.81298,53.7174],[-1.81315,53.71752],[-1.81339,53.71764],[-1.8138,53.71809],[-1.81408,53.71833],[-1.81519,53.71881],[-1.81573,53.71914],[-1.81786,53.71987],[-1.81883,53.72059],[-1.81908,53.72089],[-1.81979,53.72293],[-1.81938,53.72399],[-1.82104,53.72428],[-1.82715,53.72492],[-1.83676,53.726],[-1.83732,53.72658],[-1.84042,53.72683],[-1.84131,53.72722],[-1.8424,53.72783],[-1.84283,53.72827],[-1.8435,53.7291],[-1.84421,53.72989],[-1.84441,53.73018],[-1.84416,53.7315],[-1.84374,53.73338],[-1.84282,53.73529],[-1.84249,53.73676],[-1.84199,53.73836],[-1.84153,53.73987],[-1.84262,53.74143],[-1.84422,53.74312],[-1.84492,53.74374],[-1.84589,53.74474],[-1.85044,53.74814],[-1.84998,53.7493],[-1.84928,53.75008],[-1.84791,53.75122],[-1.84776,53.75241],[-1.84689,53.75322],[-1.84563,53.7539],[-1.84538,53.7545],[-1.8452,53.75461],[-1.84519,53.75463],[-1.84516,53.75464],[-1.84512,53.75465],[-1.8451,53.75465],[-1.84515,53.75467],[-1.84509,53.75468],[-1.84507,53.75471],[-1.84486,53.75484],[-1.84437,53.75504],[-1.84351,53.75522],[-1.84183,53.75537],[-1.84069,53.75551],[-1.84031,53.75571],[-1.83995,53.7561],[-1.83966,53.75653],[-1.83954,53.75691],[-1.83936,53.75738],[-1.83849,53.75794],[-1.83755,53.75885],[-1.8369,53.75975],[-1.82761,53.76102],[-1.82552,53.76194],[-1.82396,53.76212],[-1.82247,53.76229],[-1.81904,53.76275],[-1.81415,53.76317],[-1.81387,53.76303],[-1.81372,53.76285],[-1.81362,53.76276],[-1.81353,53.76276],[-1.81342,53.76274],[-1.81338,53.76273],[-1.81335,53.76272],[-1.81333,53.76272],[-1.81326,53.76272],[-1.81315,53.76269],[-1.81223,53.76231],[-1.81223,53.76206],[-1.81185,53.76175],[-1.81159,53.76151],[-1.81114,53.76144],[-1.81031,53.76135],[-1.80949,53.76113],[-1.80584,53.75875],[-1.80477,53.75449],[-1.80418,53.75327],[-1.80127,53.75361],[-1.80075,53.75216],[-1.79984,53.75043],[-1.79859,53.74849],[-1.79722,53.74614],[-1.79762,53.74449],[-1.79465,53.74276],[-1.79353,53.74187],[-1.79124,53.73989],[-1.7911,53.73967],[-1.79072,53.73948],[-1.78816,53.73816],[-1.78617,53.73708],[-1.78512,53.73662],[-1.78298,53.7363],[-1.78177,53.7361],[-1.78147,53.73614],[-1.78101,53.7363],[-1.78045,53.73664],[-1.77976,53.73703],[-1.77753,53.73839],[-1.7769,53.73836],[-1.77509,53.73679],[-1.77579,53.73629],[-1.77642,53.73559],[-1.77656,53.73478],[-1.77685,53.73279],[-1.77691,53.73172],[-1.7767,53.73112],[-1.77639,53.72993],[-1.77667,53.72895],[-1.77727,53.72822],[-1.77757,53.72782],[-1.7777,53.72738],[-1.77766,53.72689],[-1.77746,53.72636],[-1.77713,53.72573],[-1.77652,53.72453]]]}},{"type":"Feature","properties":{"source_code":"P81179","codes":["P81179"],"label":"LOSTOCK HALL MEDICAL CTR."},"geometry":{"type":"Polygon","coordinates":[[[-2.71759,53.75021],[-2.68739,53.74838],[-2.6747,53.74797],[-2.67058,53.74127],[-2.66268,53.7362],[-2.6596,53.72909],[-2.66509,53.72096],[-2.6692,53.71263],[-2.67847,53.70715],[-2.71656,53.70511],[-2.71416,53.72584],[-2.73201,53.73518],[-2.71759,53.75021]]]}},{"type":"Feature","properties":{"source_code":"P81040","codes":["P81040"],"label":"LONGTON HEALTH CENTRE"},"geometry":{"type":"MultiPolygon","coordinates":[[[[-2.70129,53.73098],[-2.70058,53.73084],[-2.70109,53.73079],[-2.70129,53.73098]]],[[[-2.71688,53.73709],[-2.71311,53.73836],[-2.7071,53.73897],[-2.7047,53.73663],[-2.70221,53.73201],[-2.70178,53.73125],[-2.70178,53.73145],[-2.70129,53.73098],[-2.70161,53.73105],[-2.6956,53.71744],[-2.71959,53.71732],[-2.73125,53.71379],[-2.7334,53.71282],[-2.7353,53.7117],[-2.73666,53.71033],[-2.73823,53.70875],[-2.74367,53.70305],[-2.75148,53.69492],[-2.75362,53.69283],[-2.75539,53.69287],[-2.75765,53.69283],[-2.76016,53.69288],[-2.76128,53.69284],[-2.76282,53.69289],[-2.76563,53.69276],[-2.77055,53.69133],[-2.77485,53.6912],[-2.77539,53.69109],[-2.77595,53.69104],[-2.77707,53.69099],[-2.7789,53.69109],[-2.77928,53.69111],[-2.78522,53.69124],[-2.78689,53.69131],[-2.78776,53.69113],[-2.78863,53.69071],[-2.80802,53.68616],[-2.8162,53.68801],[-2.8218,53.68749],[-2.82325,53.68745],[-2.82469,53.68706],[-2.82732,53.68845],[-2.82936,53.6908],[-2.82961,53.69334],[-2.83036,53.69397],[-2.83274,53.69435],[-2.83399,53.69703],[-2.8336,53.69926],[-2.83176,53.70067],[-2.8306,53.70111],[-2.82892,53.70129],[-2.82501,53.70063],[-2.8238,53.70277],[-2.82489,53.70664],[-2.8252,53.70889],[-2.82528,53.70995],[-2.82546,53.71043],[-2.82537,53.71099],[-2.82584,53.71364],[-2.82795,53.71645],[-2.83327,53.72166],[-2.84151,53.72751],[-2.85112,53.73132],[-2.85662,53.73534],[-2.83303,53.74225],[-2.81888,53.74556],[-2.78887,53.75207],[-2.7534,53.75685],[-2.7526,53.74936],[-2.75183,53.74808],[-2.75167,53.74779],[-2.75166,53.74746],[-2.75182,53.74683],[-2.75196,53.74669],[-2.75189,53.74645],[-2.75044,53.74609],[-2.75041,53.74561],[-2.75014,53.74516],[-2.75056,53.74459],[-2.75068,53.74441],[-2.7502,53.74398],[-2.74783,53.74246],[-2.74691,53.74187],[-2.74698,53.74156],[-2.74577,53.74084],[-2.73692,53.73637],[-2.7354,53.73684],[-2.73506,53.73684],[-2.73466,53.73682],[-2.73386,53.73688],[-2.7327,53.73598],[-2.73229,53.73614],[-2.73168,53.73612],[-2.73138,53.73592],[-2.7314,53.73562],[-2.73167,53.73529],[-2.73117,53.73483],[-2.72968,53.73441],[-2.72829,53.73391],[-2.72564,53.73282],[-2.72135,53.73704],[-2.71688,53.73709]]]]}},{"type":"Feature","properties":{"source_code":"P81687","codes":["P81687"],"label":"NEW LONGTON SURGERY"},"geometry":{"type":"Polygon","coordinates":[[[-2.71843,53.71418],[-2.79567,53.70687],[-2.79551,53.72973],[-2.75414,53.73714],[-2.72427,53.73084],[-2.71843,53.71418]]]}},{"type":"Feature","properties":{"source_code":"P81709","codes":["P81709"],"label":"ROMAN ROAD HEALTH CENTRE"},"geometry":{"type":"Polygon","coordinates":[[[-2.47158,53.77428],[-2.43896,53.77104],[-2.36755,53.72576],[-2.45699,53.66285],[-2.53613,53.71906],[-2.5375,53.76596],[-2.47158,53.77428]]]}},{"type":"Feature","properties":{"source_code":"B84013","codes":["B84013"],"label":"PLANE TREES GROUP PRACTICE"},"geometry":{"type":"Polygon","coordinates":[[[-1.90158,53.74318],[-1.88046,53.74678],[-1.8754,53.74176],[-1.87154,53.7377],[-1.87132,53.73097],[-1.86665,53.72454],[-1.8593,53.71641],[-1.85813,53.70705],[-1.85549,53.70361],[-1.85765,53.70038],[-1.8593,53.69934],[-1.86782,53.70012],[-1.87789,53.70479],[-1.88815,53.71027],[-1.91239,53.71073],[-1.92733,53.71652],[-1.93377,53.73084],[-1.94681,53.74764],[-1.93261,53.75335],[-1.91882,53.74235],[-1.9107,53.73712],[-1.90426,53.73516],[-1.89919,53.73665],[-1.90158,53.74318]]]}},{"type":"Feature","properties":{"source_code":"B84618","codes":["B84618"],"label":"CARITAS GROUP PRACTICE"},"geometry":{"type":"Polygon","coordinates":[[[-1.95016,53.7513],[-1.95754,53.75349],[-1.96216,53.75558],[-1.96679,53.75682],[-1.97193,53.75882],[-1.97226,53.76284],[-1.95024,53.77956],[-1.91179,53.77943],[-1.88282,53.77858],[-1.87428,53.77205],[-1.87148,53.75729],[-1.86392,53.75476],[-1.84429,53.75609],[-1.83706,53.76088],[-1.83232,53.76301],[-1.82467,53.76529],[-1.80828,53.76579],[-1.80345,53.75949],[-1.79669,53.75513],[-1.7928,53.75367],[-1.79354,53.75088],[-1.79408,53.74412],[-1.78485,53.74277],[-1.77785,53.73853],[-1.77736,53.73451],[-1.77807,53.73044],[-1.78835,53.73195],[-1.79366,53.73169],[-1.79657,53.7296],[-1.80564,53.7266],[-1.81203,53.7249],[-1.81419,53.7241],[-1.8142,53.72274],[-1.8236,53.70786],[-1.83779,53.70274],[-1.85884,53.69808],[-1.86918,53.6988],[-1.8748,53.70119],[-1.88828,53.70832],[-1.9451,53.73404],[-1.94986,53.74257],[-1.95016,53.7513]]]}},{"type":"Feature","properties":{"source_code":"P81082","codes":["P81082"],"label":"THE RYAN MEDICAL CENTRE"},"geometry":{"type":"Polygon","coordinates":[[[-2.64346,53.76028],[-2.59902,53.76657],[-2.56688,53.7682],[-2.56574,53.75911],[-2.56597,53.75901],[-2.56639,53.72663],[-2.61985,53.6994],[-2.63187,53.70192],[-2.63162,53.70532],[-2.63137,53.70856],[-2.63086,53.71832],[-2.64421,53.71959],[-2.66263,53.69164],[-2.67456,53.69328],[-2.67431,53.72216],[-2.68264,53.72051],[-2.69302,53.72692],[-2.69732,53.73001],[-2.68971,53.73186],[-2.69002,53.7358],[-2.69697,53.74092],[-2.67888,53.75273],[-2.67382,53.75012],[-2.67022,53.74929],[-2.66842,53.74872],[-2.66662,53.74856],[-2.66439,53.74901],[-2.66199,53.75066],[-2.65993,53.75368],[-2.65907,53.75735],[-2.6565,53.76102],[-2.64346,53.76028]]]}},{"type":"Feature","properties":{"source_code":"Y02657","codes":["Y02657"],"label":"BENTHAM ROAD HEALTH CENTRE"},"geometry":{"type":"Polygon","coordinates":[[[-2.54883,53.72373],[-2.54591,53.72779],[-2.54917,53.7281],[-2.55295,53.72668],[-2.55621,53.7282],[-2.55947,53.73526],[-2.55896,53.74617],[-2.54728,53.74785],[-2.53887,53.74861],[-2.53891,53.73838],[-2.53381,53.73211],[-2.51656,53.73704],[-2.51106,53.74018],[-2.50385,53.74526],[-2.49115,53.74607],[-2.48875,53.74242],[-2.4836,53.74343],[-2.47501,53.73592],[-2.48703,53.73226],[-2.47982,53.72556],[-2.46883,53.72414],[-2.46368,53.71642],[-2.48531,53.71703],[-2.5042,53.71408],[-2.52308,53.71317],[-2.53441,53.71439],[-2.54574,53.71642],[-2.54883,53.72373]]]}},{"type":"Feature","properties":{"source_code":"P81083","codes":["P81083"],"label":"ROSLEA SURGERY"},"geometry":{"type":"Polygon","coordinates":[[[-2.64015,53.7546],[-2.64256,53.75439],[-2.57423,53.7546],[-2.57252,53.7089],[-2.7071,53.70788],[-2.70779,53.75419],[-2.64015,53.7546]]]}},{"type":"Feature","properties":{"source_code":"P81181","codes":["P81181"],"label":"KINGSFOLD MEDICAL CENTRE"},"geometry":{"type":"Polygon","coordinates":[[[-2.72032,53.75602],[-2.71465,53.74846],[-2.70993,53.74742],[-2.70641,53.74942],[-2.70384,53.74211],[-2.68227,53.74188],[-2.67753,53.73475],[-2.67674,53.73092],[-2.67548,53.7292],[-2.67829,53.72784],[-2.68178,53.72749],[-2.69302,53.72668],[-2.71581,53.71916],[-2.73826,53.71688],[-2.79551,53.72465],[-2.8149,53.74688],[-2.79224,53.75074],[-2.78117,53.75287],[-2.76958,53.75429],[-2.75826,53.75635],[-2.74693,53.75759],[-2.73474,53.75782],[-2.72847,53.75763],[-2.72032,53.75602]]]}},{"type":"Feature","properties":{"source_code":"B83009","codes":["B83009"],"label":"SUNNYBANK & COWGILL MEDICAL PRACTICE"},"geometry":{"type":"MultiPolygon","coordinates":[[[[-1.75423,53.7218],[-1.75421,53.7218],[-1.75429,53.72178],[-1.75423,53.7218]]],[[[-1.75627,53.76302],[-1.74974,53.76038],[-1.74528,53.75632],[-1.74279,53.75084],[-1.73586,53.75184],[-1.72867,53.75341],[-1.72681,53.75198],[-1.71782,53.74671],[-1.71629,53.7463],[-1.71683,53.74435],[-1.72777,53.74364],[-1.72781,53.74295],[-1.73417,53.74381],[-1.74408,53.74356],[-1.74352,53.74133],[-1.73837,53.73569],[-1.7415,53.73394],[-1.74502,53.7328],[-1.74502,53.73282],[-1.74511,53.73287],[-1.74511,53.73277],[-1.74502,53.7328],[-1.74507,53.73153],[-1.74505,53.73153],[-1.74515,53.7315],[-1.74432,53.73035],[-1.74078,53.72289],[-1.74468,53.71947],[-1.74925,53.721],[-1.75416,53.72188],[-1.75408,53.72185],[-1.75423,53.7218],[-1.75595,53.72194],[-1.75725,53.72193],[-1.75853,53.72192],[-1.76307,53.72273],[-1.7697,53.72284],[-1.77265,53.72281],[-1.7756,53.72298],[-1.77687,53.72165],[-1.77728,53.72002],[-1.77784,53.71716],[-1.78069,53.71698],[-1.78129,53.72308],[-1.7812,53.7263],[-1.78017,53.72952],[-1.78003,53.73097],[-1.78161,53.7311],[-1.78634,53.73216],[-1.78833,53.73287],[-1.78991,53.73292],[-1.79343,53.73231],[-1.79639,53.7379],[-1.78687,53.74347],[-1.78554,53.74493],[-1.78697,53.74639],[-1.78712,53.74737],[-1.78708,53.74737],[-1.78742,53.75084],[-1.78661,53.75292],[-1.78472,53.75253],[-1.77863,53.75046],[-1.77979,53.75358],[-1.77863,53.75419],[-1.77841,53.75495],[-1.7785,53.75521],[-1.77948,53.75703],[-1.77348,53.75797],[-1.77395,53.75998],[-1.77206,53.75947],[-1.77118,53.75875],[-1.77013,53.75823],[-1.76794,53.75754],[-1.76554,53.75785],[-1.76434,53.75719],[-1.7612,53.75933],[-1.75979,53.76127],[-1.75871,53.76138],[-1.75824,53.76264],[-1.75627,53.76302]]]]}},{"type":"Feature","properties":{"source_code":"P81058","codes":["P81058"],"label":"ST GEORGES SURGERY"},"geometry":{"type":"Polygon","coordinates":[[[-2.56256,53.71764],[-2.53922,53.72637],[-2.57183,53.76941],[-2.54883,53.77773],[-2.47467,53.77327],[-2.42729,53.7613],[-2.44343,53.75622],[-2.44034,53.73673],[-2.45991,53.71743],[-2.48669,53.71683],[-2.56256,53.71764]]]}},{"type":"Feature","properties":{"source_code":"P81157","codes":["P81157"],"label":"FERNBANK SURGERY"},"geometry":{"type":"Polygon","coordinates":[[[-2.97386,53.73409],[-3.01523,53.73876],[-3.02665,53.74531],[-3.0139,53.75396],[-3.02135,53.75636],[-3.01606,53.75939],[-3.01008,53.76165],[-2.99214,53.75688],[-2.95751,53.77441],[-2.93599,53.77947],[-2.92145,53.78088],[-2.91928,53.7801],[-2.9183,53.7791],[-2.9169,53.77816],[-2.90812,53.78072],[-2.90996,53.76925],[-2.89498,53.76639],[-2.87498,53.76535],[-2.85868,53.76221],[-2.85507,53.75764],[-2.86091,53.74861],[-2.90537,53.73272],[-2.97386,53.73409]]]}},{"type":"Feature","properties":{"source_code":"P81734","codes":["P81734"],"label":"THE CORNERSTONE PRACTICE"},"geometry":{"type":"Polygon","coordinates":[[[-2.39193,53.74526],[-2.38506,53.70951],[-2.48703,53.70037],[-2.49218,53.71215],[-2.49802,53.73836],[-2.44652,53.75927],[-2.39193,53.74526]]]}},{"type":"Feature","properties":{"source_code":"P81022","codes":["P81022"],"label":"WITTON MEDICAL CENTRE"},"geometry":{"type":"Polygon","coordinates":[[[-2.49913,53.78767],[-2.47437,53.78879],[-2.46461,53.76946],[-2.42848,53.76163],[-2.43562,53.75257],[-2.45287,53.71886],[-2.56316,53.71622],[-2.57814,53.73262],[-2.58805,53.75445],[-2.57526,53.78321],[-2.49913,53.78767]]]}},{"type":"Feature","properties":{"source_code":"P81699","codes":["P81699"],"label":"HIGHER HEYS SURGERY"},"geometry":{"type":"Polygon","coordinates":[[[-2.41871,53.73084],[-2.44961,53.74262],[-2.42764,53.76901],[-2.32944,53.77408],[-2.32841,53.7154],[-2.41871,53.73084]]]}},{"type":"Feature","properties":{"source_code":"P81724","codes":["P81724"],"label":"PRINGLE STREET SURGERY"},"geometry":{"type":"Polygon","coordinates":[[[-2.47913,53.73876],[-2.46128,53.73531],[-2.47906,53.73887],[-2.45613,53.77428],[-2.47929,53.73892],[-2.47948,53.73896],[-2.48875,53.72475],[-2.54093,53.72556],[-2.5581,53.78463],[-2.39227,53.78422],[-2.39914,53.72719],[-2.48909,53.72394],[-2.47929,53.73892],[-2.47906,53.73887],[-2.47913,53.73876]]]}},{"type":"Feature","properties":{"source_code":"P81160","codes":["P81160"],"label":"OSWALD MEDICAL CENTRE"},"geometry":{"type":"Polygon","coordinates":[[[-2.43484,53.80937],[-2.40807,53.81829],[-2.29031,53.81646],[-2.2619,53.78899],[-2.2637,53.76231],[-2.2982,53.69833],[-2.48291,53.70768],[-2.55604,53.74181],[-2.48463,53.79883],[-2.43484,53.80937]]]}},{"type":"Feature","properties":{"source_code":"P81061","codes":["P81061"],"label":"REDLAM SURGERY"},"geometry":{"type":"MultiPolygon","coordinates":[[[[-2.5296,53.76312],[-2.52754,53.76535],[-2.52816,53.76344],[-2.5296,53.76312]]],[[[-2.52816,53.76344],[-2.47604,53.77509],[-2.46574,53.74871],[-2.48531,53.72109],[-2.54025,53.72637],[-2.52816,53.76344]]]]}},{"type":"Feature","properties":{"source_code":"B84004","codes":["B84004"],"label":"HEBDEN BRIDGE GROUP PRACTICE"},"geometry":{"type":"Polygon","coordinates":[[[-2.07711,53.71621],[-2.14645,53.7897],[-2.06955,53.81849],[-1.95076,53.78037],[-1.94527,53.75521],[-1.94252,53.73328],[-1.92741,53.71296],[-2.00638,53.67109],[-2.04483,53.68451],[-2.03865,53.70037],[-2.07711,53.71621]]]}},{"type":"Feature","properties":{"source_code":"B84613","codes":["B84613"],"label":"BEECHWOOD MEDICAL CENTRE"},"geometry":{"type":"Polygon","coordinates":[[[-1.8972,53.78321],[-1.87042,53.77834],[-1.84914,53.73328],[-1.91711,53.72759],[-1.94664,53.75074],[-1.93291,53.78118],[-1.8972,53.78321]]]}},{"type":"Feature","properties":{"source_code":"P81213","codes":["P81213"],"label":"ST. MARY'S HEALTH CENTRE"},"geometry":{"type":"Polygon","coordinates":[[[-2.7186,53.75409],[-2.71809,53.75135],[-2.7162,53.74932],[-2.71208,53.7477],[-2.70864,53.74759],[-2.70641,53.74973],[-2.70538,53.74556],[-2.70435,53.73937],[-2.70229,53.73226],[-2.71405,53.73079],[-2.72045,53.73013],[-2.72361,53.73145],[-2.72575,53.7331],[-2.72947,53.73452],[-2.73459,53.73586],[-2.73721,53.73643],[-2.74067,53.73825],[-2.74366,53.73976],[-2.74538,53.74069],[-2.74753,53.74157],[-2.74864,53.74526],[-2.75019,53.75084],[-2.75087,53.7545],[-2.75139,53.75693],[-2.74607,53.75744],[-2.7392,53.75754],[-2.73096,53.75764],[-2.72409,53.75724],[-2.7186,53.75409]]]}},{"type":"Feature","properties":{"source_code":"P81167","codes":["P81167"],"label":"STEPPING STONE PRACTICE"},"geometry":{"type":"Polygon","coordinates":[[[-2.41837,53.77834],[-2.40154,53.76231],[-2.4091,53.73856],[-2.4781,53.71987],[-2.5145,53.72901],[-2.53166,53.75033],[-2.52668,53.76373],[-2.51767,53.77489],[-2.50729,53.78037],[-2.45373,53.80917],[-2.41837,53.77834]]]}},{"type":"Feature","properties":{"source_code":"P81185","codes":["P81185"],"label":"RIVERSIDE MEDICAL CENTRE"},"geometry":{"type":"Polygon","coordinates":[[[-2.6889,53.75236],[-2.66315,53.75825],[-2.63216,53.7699],[-2.59877,53.78296],[-2.56563,53.78635],[-2.54741,53.77793],[-2.55767,53.76069],[-2.56685,53.7219],[-2.60957,53.70145],[-2.63015,53.70366],[-2.62668,53.71832],[-2.65659,53.71577],[-2.68307,53.72053],[-2.70006,53.73379],[-2.69697,53.73983],[-2.6962,53.74259],[-2.69616,53.74633],[-2.6889,53.75236]]]}},{"type":"Feature","properties":{"source_code":"P81037","codes":["P81037"],"label":"ANSDELL MEDICAL CENTRE"},"geometry":{"type":"Polygon","coordinates":[[[-3.05377,53.77692],[-3.05059,53.77773],[-3.04656,53.77844],[-3.0415,53.77915],[-3.03746,53.77991],[-3.03214,53.78093],[-3.02879,53.78159],[-3.02579,53.78204],[-3.02356,53.78255],[-3.02201,53.78311],[-3.02158,53.78222],[-3.02085,53.78166],[-3.01965,53.78113],[-3.01884,53.78065],[-3.01819,53.77976],[-3.01789,53.77925],[-3.01759,53.77862],[-3.01729,53.77786],[-3.0157,53.77804],[-3.01459,53.77824],[-3.01313,53.77859],[-3.01223,53.77885],[-3.01103,53.77915],[-3.00944,53.77951],[-3.00862,53.77976],[-3.00673,53.78017],[-3.00154,53.77728],[-2.99953,53.77603],[-2.99644,53.77441],[-2.98944,53.77233],[-2.97425,53.77284],[-2.9573,53.77456],[-2.94262,53.77],[-2.92447,53.7723],[-2.91704,53.76043],[-2.91631,53.74419],[-2.91108,53.73099],[-2.96906,53.73363],[-2.9894,53.73632],[-3.00536,53.73653],[-3.02502,53.74272],[-3.036,53.74876],[-3.05283,53.76678],[-3.05377,53.77692]]]}},{"type":"Feature","properties":{"source_code":"P81214","codes":["P81214"],"label":"LIMEFIELD SURGERY"},"geometry":{"type":"Polygon","coordinates":[[[-2.52553,53.76317],[-2.48118,53.77441],[-2.4804,53.77417],[-2.48038,53.77376],[-2.48143,53.77275],[-2.48292,53.77224],[-2.48468,53.77192],[-2.48484,53.77167],[-2.48499,53.77145],[-2.48545,53.77089],[-2.48613,53.76941],[-2.48639,53.76866],[-2.48644,53.76771],[-2.48485,53.76639],[-2.48445,53.76556],[-2.48424,53.7647],[-2.4844,53.76418],[-2.48455,53.76369],[-2.48474,53.76324],[-2.48509,53.76284],[-2.48585,53.76246],[-2.48666,53.76217],[-2.48788,53.76158],[-2.48796,53.76155],[-2.48781,53.76123],[-2.48772,53.76089],[-2.48752,53.76029],[-2.48735,53.75962],[-2.48727,53.7593],[-2.48726,53.75883],[-2.49144,53.75738],[-2.4913,53.75712],[-2.4912,53.75674],[-2.49055,53.75564],[-2.49032,53.75539],[-2.49033,53.75507],[-2.49037,53.75473],[-2.49032,53.75447],[-2.49025,53.75365],[-2.48999,53.75286],[-2.48982,53.75204],[-2.4886,53.75167],[-2.4878,53.75125],[-2.488,53.75093],[-2.48875,53.75073],[-2.4892,53.75061],[-2.48964,53.75051],[-2.48999,53.75027],[-2.49083,53.74973],[-2.49138,53.74959],[-2.49154,53.74933],[-2.48993,53.7474],[-2.48906,53.74649],[-2.48823,53.74569],[-2.4887,53.74542],[-2.48692,53.74419],[-2.48684,53.74392],[-2.48664,53.74368],[-2.48609,53.74329],[-2.4857,53.74245],[-2.48525,53.74206],[-2.48477,53.7418],[-2.48383,53.74124],[-2.48537,53.74028],[-2.48616,53.73972],[-2.48667,53.73917],[-2.48779,53.73824],[-2.48873,53.73734],[-2.48933,53.7369],[-2.4898,53.73638],[-2.49017,53.73535],[-2.49031,53.73445],[-2.49074,53.73283],[-2.4914,53.73233],[-2.49179,53.73177],[-2.49145,53.73107],[-2.49143,53.73049],[-2.49149,53.72961],[-2.49158,53.72931],[-2.49244,53.72932],[-2.49345,53.72948],[-2.49458,53.72971],[-2.4954,53.7297],[-2.49733,53.72919],[-2.49875,53.72881],[-2.50033,53.7284],[-2.50166,53.728],[-2.50308,53.72792],[-2.50475,53.72812],[-2.50608,53.72823],[-2.50763,53.72785],[-2.50896,53.72746],[-2.51016,53.72711],[-2.51244,53.72683],[-2.51505,53.72675],[-2.51698,53.7266],[-2.51857,53.72653],[-2.51956,53.72642],[-2.52209,53.72599],[-2.52385,53.72556],[-2.5263,53.72503],[-2.52625,53.72474],[-2.52621,53.72457],[-2.52531,53.7232],[-2.52643,53.72076],[-2.52789,53.71964],[-2.53067,53.71855],[-2.53198,53.71787],[-2.53344,53.7184],[-2.53359,53.72002],[-2.53419,53.72081],[-2.5354,53.72112],[-2.53625,53.72208],[-2.53741,53.72165],[-2.54089,53.72113],[-2.54194,53.72131],[-2.54333,53.72157],[-2.54458,53.72175],[-2.54557,53.72234],[-2.54565,53.72302],[-2.54587,53.72396],[-2.54612,53.72505],[-2.54788,53.72599],[-2.54956,53.72673],[-2.55095,53.72689],[-2.55169,53.72689],[-2.55243,53.72721],[-2.55484,53.72891],[-2.55466,53.73005],[-2.55149,53.73257],[-2.55346,53.73754],[-2.55381,53.7412],[-2.54994,53.74729],[-2.52553,53.76317]]]}},{"type":"Feature","properties":{"source_code":"P81694","codes":["P81694"],"label":"FAMILY PRACTICE"},"geometry":{"type":"Polygon","coordinates":[[[-2.46712,53.71581],[-2.50471,53.71749],[-2.53123,53.71883],[-2.54368,53.72647],[-2.53647,53.77307],[-2.52462,53.7757],[-2.47879,53.77631],[-2.45888,53.76312],[-2.43004,53.74688],[-2.46712,53.71581]]]}},{"type":"Feature","properties":{"source_code":"P81125","codes":["P81125"],"label":"OAKENHURST MEDICAL PRACTICE"},"geometry":{"type":"MultiPolygon","coordinates":[[[[-2.47776,53.75115],[-2.49287,53.72983],[-2.47982,53.77286],[-2.47055,53.75805],[-2.47776,53.75115]]],[[[-2.49355,53.73003],[-2.54128,53.72597],[-2.57355,53.75866],[-2.57389,53.77002],[-2.62093,53.77307],[-2.51518,53.81525],[-2.47639,53.78767],[-2.48703,53.74912],[-2.49355,53.73003]]]]}},{"type":"Feature","properties":{"source_code":"P81036","codes":["P81036"],"label":"PEEL HOUSE MEDICAL PRACTICE"},"geometry":{"type":"Polygon","coordinates":[[[-2.43622,53.76109],[-2.423,53.79],[-2.39502,53.80278],[-2.33116,53.8005],[-2.30919,53.77996],[-2.32618,53.72211],[-2.44489,53.72947],[-2.43622,53.76109]]]}},{"type":"Feature","properties":{"source_code":"P81018","codes":["P81018"],"label":"ST FILLAN'S MEDICAL CTRE"},"geometry":{"type":"Polygon","coordinates":[[[-2.73525,53.75054],[-2.75448,53.76211],[-2.72461,53.76333],[-2.70504,53.7349],[-2.75311,53.73815],[-2.7562,53.76211],[-2.73525,53.75054]]]}},{"type":"Feature","properties":{"source_code":"P81683","codes":["P81683"],"label":"OLIVE MEDICAL CENTRE"},"geometry":{"type":"Polygon","coordinates":[[[-2.52205,53.76738],[-2.53235,53.76738],[-2.45544,53.78402],[-2.42386,53.77672],[-2.43553,53.75602],[-2.43073,53.74709],[-2.46368,53.71215],[-2.4115,53.66702],[-2.41528,53.64871],[-2.46025,53.64993],[-2.47879,53.65888],[-2.50694,53.66621],[-2.5502,53.71276],[-2.5502,53.73744],[-2.52205,53.76738]]]}},{"type":"Feature","properties":{"source_code":"P81166","codes":["P81166"],"label":"DR BELLO'S SURGERY"},"geometry":{"type":"Polygon","coordinates":[[[-2.39502,53.84037],[-2.25494,53.79741],[-2.25769,53.70402],[-2.49527,53.67475],[-2.55432,53.78118],[-2.39502,53.84037]]]}},{"type":"Feature","properties":{"source_code":"P81182","codes":["P81182"],"label":"RICHMOND MEDICAL CENTRE"},"geometry":{"type":"Polygon","coordinates":[[[-2.33425,53.72861],[-2.3682,53.72432],[-2.39219,53.72246],[-2.42386,53.73074],[-2.41785,53.75028],[-2.4297,53.76901],[-2.4012,53.78716],[-2.38114,53.78039],[-2.37,53.77159],[-2.33605,53.76941],[-2.34884,53.75734],[-2.33425,53.72861]]]}},{"type":"Feature","properties":{"source_code":"P81077","codes":["P81077"],"label":"HOLLAND HOUSE SURGERY"},"geometry":{"type":"MultiPolygon","coordinates":[[[[-3.02891,53.74337],[-3.0294,53.74323],[-3.02982,53.74339],[-3.02949,53.74353],[-3.02891,53.74337]]],[[[-3.02963,53.74358],[-3.03117,53.74307],[-3.03064,53.74386],[-3.02963,53.74358]]],[[[-3.02949,53.74353],[-3.02963,53.74358],[-3.02862,53.74391],[-3.02949,53.74353]]],[[[-2.91494,53.77649],[-2.85559,53.75868],[-2.85078,53.75032],[-2.85627,53.7486],[-2.86374,53.74775],[-2.87898,53.74732],[-2.89447,53.74343],[-2.90498,53.74176],[-2.9155,53.74221],[-2.95086,53.73429],[-2.96545,53.73318],[-2.98107,53.73429],[-3.00586,53.73685],[-3.02891,53.74337],[-2.91494,53.77649]]]]}},{"type":"Feature","properties":{"source_code":"P81711","codes":["P81711"],"label":"DILL HALL SURGERY"},"geometry":{"type":"Polygon","coordinates":[[[-2.25769,53.79335],[-2.25838,53.69366],[-2.38661,53.72312],[-2.51209,53.71195],[-2.44755,53.74475],[-2.47913,53.79051],[-2.4212,53.79994],[-2.413,53.82422],[-2.4151,53.82943],[-2.38996,53.8424],[-2.38403,53.88289],[-2.36755,53.81352],[-2.25769,53.79335]]]}},{"type":"Feature","properties":{"source_code":"P81771","codes":["P81771"],"label":"PRIMROSE BANK MEDICAL CENTRE"},"geometry":{"type":"Polygon","coordinates":[[[-2.44476,53.79345],[-2.44505,53.79263],[-2.43965,53.79538],[-2.43279,53.79051],[-2.42935,53.78037],[-2.41905,53.77266],[-2.4115,53.7686],[-2.42661,53.7617],[-2.42317,53.75115],[-2.43416,53.73775],[-2.43789,53.74151],[-2.42729,53.7215],[-2.44532,53.69671],[-2.48463,53.69173],[-2.51849,53.70891],[-2.52274,53.70951],[-2.51919,53.70926],[-2.55518,53.72749],[-2.56145,53.75054],[-2.57556,53.75739],[-2.57664,53.7683],[-2.53801,53.77852],[-2.49836,53.7932],[-2.44884,53.80473],[-2.44034,53.79842],[-2.44476,53.79345]]]}},{"type":"Feature","properties":{"source_code":"P81147","codes":["P81147"],"label":"ARG HEALTHCARE"},"geometry":{"type":"Polygon","coordinates":[[[-2.41459,53.72658],[-2.43296,53.7347],[-2.44308,53.73978],[-2.44652,53.74435],[-2.44926,53.75155],[-2.44514,53.76109],[-2.42798,53.78503],[-2.39021,53.80004],[-2.36927,53.80481],[-2.34695,53.80552],[-2.33271,53.80106],[-2.31983,53.79457],[-2.30799,53.78838],[-2.29752,53.77895],[-2.29786,53.76272],[-2.31846,53.72454],[-2.32927,53.7217],[-2.35245,53.72028],[-2.38523,53.7216],[-2.39957,53.72307],[-2.40811,53.7234],[-2.41459,53.72658]]]}},{"type":"Feature","properties":{"source_code":"B83029","codes":["B83029"],"label":"LOW MOOR SURGERY"},"geometry":{"type":"MultiPolygon","coordinates":[[[[-1.79079,53.72923],[-1.79082,53.72926],[-1.79075,53.72935],[-1.79079,53.72923]]],[[[-1.79075,53.72935],[-1.79061,53.7298],[-1.79065,53.72955],[-1.79058,53.72956],[-1.79075,53.72935]]],[[[-1.79061,53.7298],[-1.79058,53.72992],[-1.79057,53.72991],[-1.79061,53.7298]]],[[[-1.79058,53.72992],[-1.79142,53.73105],[-1.79083,53.73064],[-1.79056,53.73004],[-1.79058,53.72992]]],[[[-1.79142,53.73106],[-1.79142,53.73105],[-1.79164,53.73121],[-1.79142,53.73106]]],[[[-1.75026,53.7686],[-1.74545,53.76393],[-1.74305,53.75927],[-1.73859,53.74871],[-1.73344,53.74993],[-1.72245,53.74668],[-1.72279,53.73998],[-1.7252,53.73693],[-1.74339,53.72008],[-1.74447,53.71927],[-1.74708,53.72004],[-1.75138,53.72117],[-1.75936,53.72155],[-1.76243,53.7222],[-1.76661,53.72254],[-1.77122,53.72255],[-1.77519,53.72269],[-1.77844,53.72338],[-1.78066,53.72534],[-1.7815,53.72696],[-1.78235,53.72669],[-1.78362,53.72708],[-1.78471,53.72788],[-1.78582,53.72759],[-1.78778,53.7276],[-1.79103,53.72846],[-1.79079,53.72923],[-1.79071,53.72915],[-1.78979,53.72859],[-1.79067,53.72922],[-1.79045,53.72974],[-1.79028,53.7295],[-1.78966,53.72847],[-1.79002,53.72915],[-1.78956,53.72853],[-1.78959,53.72893],[-1.78967,53.72888],[-1.79002,53.73005],[-1.79022,53.73016],[-1.79019,53.7302],[-1.79019,53.7302],[-1.79006,53.73011],[-1.79005,53.73018],[-1.79017,53.7302],[-1.79006,53.73022],[-1.79026,53.73025],[-1.79142,53.73106],[-1.79952,53.74205],[-1.8027,53.74794],[-1.80159,53.75485],[-1.79915,53.758],[-1.79496,53.75852],[-1.78158,53.76007],[-1.77524,53.76099],[-1.79496,53.75852],[-1.79915,53.75804],[-1.79874,53.75873],[-1.79823,53.7594],[-1.79743,53.75967],[-1.78933,53.76296],[-1.78695,53.76458],[-1.7839,53.7664],[-1.78089,53.76761],[-1.77462,53.76653],[-1.77286,53.76719],[-1.77075,53.76723],[-1.76671,53.76675],[-1.76455,53.76566],[-1.76061,53.76468],[-1.75702,53.76645],[-1.75026,53.7686]]],[[[-1.79021,53.72953],[-1.79032,53.72973],[-1.78991,53.72916],[-1.79021,53.72953]]],[[[-1.79021,53.72953],[-1.79002,53.72915],[-1.79028,53.7295],[-1.79044,53.72977],[-1.79043,53.72979],[-1.79021,53.72953]]],[[[-1.79049,53.72987],[-1.79049,53.72982],[-1.79047,53.72984],[-1.79046,53.72981],[-1.79044,53.72977],[-1.79045,53.72974],[-1.79057,53.72991],[-1.79054,53.73],[-1.79049,53.72987]]],[[[-1.7902,53.73021],[-1.79017,53.7302],[-1.79019,53.7302],[-1.7902,53.73021]]],[[[-1.7902,53.73021],[-1.79033,53.73023],[-1.79022,53.73016],[-1.79047,53.72984],[-1.79049,53.72987],[-1.79047,53.73023],[-1.79054,53.73],[-1.79056,53.73004],[-1.79052,53.73029],[-1.79026,53.73025],[-1.7902,53.73021]]],[[[-1.79084,53.73065],[-1.79033,53.73028],[-1.79083,53.73064],[-1.79084,53.73065]]]]}},{"type":"Feature","properties":{"source_code":"P81726","codes":["P81726"],"label":"KING STREET MEDICAL CTR"},"geometry":{"type":"Polygon","coordinates":[[[-2.29889,53.715],[-2.48119,53.71215],[-2.46849,53.80085],[-2.43347,53.80369],[-2.2934,53.8043],[-2.29889,53.715]]]}},{"type":"Feature","properties":{"source_code":"P81169","codes":["P81169"],"label":"FISHERGATE HILL SURGERY"},"geometry":{"type":"MultiPolygon","coordinates":[[[[-2.77644,53.77271],[-2.77915,53.77144],[-2.77651,53.77288],[-2.77644,53.77271]]],[[[-2.77651,53.77288],[-2.77663,53.77316],[-2.77562,53.77337],[-2.77651,53.77288]]],[[[-2.76706,53.77542],[-2.76706,53.77542],[-2.76697,53.77536],[-2.76706,53.77542]]],[[[-2.7665,53.77559],[-2.76706,53.77542],[-2.76805,53.77613],[-2.7665,53.77559]]],[[[-2.76824,53.77619],[-2.76706,53.77542],[-2.77002,53.77454],[-2.77139,53.77426],[-2.77181,53.77487],[-2.76868,53.77634],[-2.76824,53.77619]]],[[[-2.77181,53.77487],[-2.77454,53.7736],[-2.77562,53.77337],[-2.77272,53.77496],[-2.77521,53.77969],[-2.77535,53.77995],[-2.77531,53.77995],[-2.77181,53.77487]]],[[[-2.77175,53.77848],[-2.76958,53.77601],[-2.77466,53.77998],[-2.77409,53.78001],[-2.77175,53.77848]]],[[[-2.77466,53.77998],[-2.77531,53.77995],[-2.77552,53.78025],[-2.7759,53.78096],[-2.77466,53.77998]]],[[[-2.7761,53.78132],[-2.7759,53.78096],[-2.77612,53.78113],[-2.77638,53.7815],[-2.7761,53.78132]]],[[[-2.77409,53.78001],[-2.7761,53.78132],[-2.77849,53.78568],[-2.77388,53.78002],[-2.77409,53.78001]]],[[[-2.77638,53.7815],[-2.77771,53.78237],[-2.77612,53.78113],[-2.77552,53.78025],[-2.77535,53.77995],[-2.77673,53.77989],[-2.78146,53.78887],[-2.77638,53.7815]]],[[[-2.77644,53.77271],[-2.77454,53.7736],[-2.77139,53.77426],[-2.77132,53.77416],[-2.77002,53.77454],[-2.76594,53.7754],[-2.7665,53.77559],[-2.76427,53.77625],[-2.77139,53.77848],[-2.76805,53.77613],[-2.76824,53.77619],[-2.77175,53.77848],[-2.78231,53.79049],[-2.78146,53.78887],[-2.78456,53.79337],[-2.75883,53.79771],[-2.74935,53.78973],[-2.74888,53.78997],[-2.75043,53.79094],[-2.74609,53.79196],[-2.74437,53.79234],[-2.73974,53.79411],[-2.73778,53.79265],[-2.73769,53.79258],[-2.73776,53.79265],[-2.73703,53.79208],[-2.73622,53.79163],[-2.7356,53.79115],[-2.73502,53.7904],[-2.73471,53.78981],[-2.73385,53.78882],[-2.73349,53.78858],[-2.73251,53.78834],[-2.73154,53.78806],[-2.73023,53.78822],[-2.7303,53.78741],[-2.7312,53.78619],[-2.73111,53.78571],[-2.73089,53.78546],[-2.72942,53.78567],[-2.72903,53.78495],[-2.72821,53.78468],[-2.7274,53.78388],[-2.72699,53.78353],[-2.72656,53.78356],[-2.72683,53.78183],[-2.72603,53.781],[-2.72424,53.7791],[-2.71901,53.78081],[-2.71738,53.77872],[-2.71583,53.77729],[-2.71583,53.77703],[-2.7136,53.77371],[-2.70749,53.77476],[-2.70586,53.77192],[-2.7047,53.76815],[-2.69985,53.7652],[-2.6977,53.76297],[-2.70504,53.75889],[-2.70538,53.75835],[-2.70628,53.75741],[-2.70779,53.75719],[-2.7044,53.74089],[-2.70322,53.74094],[-2.70088,53.74098],[-2.69875,53.74084],[-2.69727,53.74122],[-2.69691,53.74107],[-2.69689,53.74036],[-2.69401,53.73781],[-2.69345,53.73728],[-2.69019,53.73535],[-2.69008,53.73304],[-2.69762,53.73088],[-2.6959,53.7297],[-2.69824,53.72896],[-2.70154,53.72849],[-2.70169,53.72752],[-2.70311,53.72526],[-2.70247,53.72394],[-2.71637,53.72749],[-2.71972,53.72894],[-2.72628,53.73299],[-2.72894,53.73419],[-2.73135,53.73493],[-2.7316,53.73533],[-2.73276,53.73544],[-2.7327,53.73605],[-2.73386,53.73691],[-2.73547,53.73678],[-2.73686,53.73641],[-2.74313,53.73954],[-2.7468,53.74138],[-2.74697,53.74171],[-2.74714,53.74206],[-2.75083,53.74437],[-2.75023,53.74498],[-2.75032,53.7461],[-2.75581,53.75642],[-2.76495,53.7545],[-2.77465,53.75343],[-2.77817,53.76089],[-2.77971,53.76779],[-2.77946,53.76992],[-2.77602,53.77175],[-2.77644,53.77271]]],[[[-2.71611,53.76038],[-2.70939,53.74927],[-2.71755,53.76297],[-2.71611,53.76038]]],[[[-2.70491,53.74173],[-2.70446,53.74089],[-2.70441,53.74089],[-2.70491,53.74173]]]]}},{"type":"Feature","properties":{"source_code":"P81031","codes":["P81031"],"label":"POPLAR HOUSE SURGERY"},"geometry":{"type":"Polygon","coordinates":[[[-2.95657,53.73638],[-2.97635,53.7344],[-3.01004,53.73988],[-3.01425,53.74037],[-3.01812,53.74138],[-3.02508,53.74409],[-3.02852,53.74546],[-3.0311,53.74714],[-3.03398,53.74896],[-3.03583,53.75079],[-3.04716,53.76391],[-3.0518,53.77067],[-3.05643,53.77682],[-3.05815,53.78402],[-3.02596,53.78919],[-3.0154,53.79092],[-3.00523,53.77971],[-2.99094,53.77054],[-2.9627,53.75217],[-2.96076,53.7477],[-2.95797,53.74713],[-2.95672,53.74343],[-2.9549,53.74171],[-2.95445,53.74067],[-2.95435,53.73964],[-2.95489,53.73792],[-2.95657,53.73638]]]}},{"type":"Feature","properties":{"source_code":"P81150","codes":["P81150"],"label":"PARCLIFFE MEDICAL CENTRE"},"geometry":{"type":"Polygon","coordinates":[[[-3.05866,53.78341],[-3.0154,53.79092],[-2.91155,53.748],[-2.91103,53.73054],[-2.94017,53.73145],[-2.96742,53.73368],[-3.02021,53.74039],[-3.03669,53.74998],[-3.04768,53.7616],[-3.05506,53.77241],[-3.05866,53.78341]]]}},{"type":"Feature","properties":{"source_code":"P81046","codes":["P81046"],"label":"PARK VIEW SURGERY"},"geometry":{"type":"Polygon","coordinates":[[[-2.69641,53.77509],[-2.69217,53.77508],[-2.69474,53.76213],[-2.69215,53.77504],[-2.6919,53.77499],[-2.69018,53.77455],[-2.68661,53.77387],[-2.68306,53.77313],[-2.67477,53.77147],[-2.67323,53.77106],[-2.67176,53.77053],[-2.66906,53.76902],[-2.66381,53.76624],[-2.66357,53.76605],[-2.66343,53.76592],[-2.66341,53.76582],[-2.66355,53.7658],[-2.66389,53.76574],[-2.66673,53.76569],[-2.67023,53.76527],[-2.67344,53.76415],[-2.67664,53.76334],[-2.68706,53.7601],[-2.68232,53.75634],[-2.67998,53.75302],[-2.68315,53.75054],[-2.6865,53.74871],[-2.68986,53.74879],[-2.69151,53.75008],[-2.69875,53.75226],[-2.70454,53.75061],[-2.70998,53.74815],[-2.71663,53.74962],[-2.71787,53.7565],[-2.72073,53.76102],[-2.72284,53.76346],[-2.72302,53.7642],[-2.72578,53.76488],[-2.72804,53.76487],[-2.73055,53.76482],[-2.73731,53.76908],[-2.70963,53.77426],[-2.70444,53.77494],[-2.70109,53.7752],[-2.69852,53.77522],[-2.69641,53.77509]]]}},{"type":"Feature","properties":{"source_code":"B84010","codes":["B84010"],"label":"KEIGHLEY ROAD SURGERY"},"geometry":{"type":"Polygon","coordinates":[[[-1.90613,53.77905],[-1.90132,53.78392],[-1.87317,53.78052],[-1.86785,53.75637],[-1.87643,53.74922],[-1.85583,53.73046],[-1.8648,53.72779],[-1.8781,53.72848],[-1.92072,53.74602],[-1.90621,53.76059],[-1.90055,53.77403],[-1.90613,53.77905]]]}},{"type":"Feature","properties":{"source_code":"P81770","codes":["P81770"],"label":"AVENHAM SURGERY"},"geometry":{"type":"MultiPolygon","coordinates":[[[[-2.67733,53.75283],[-2.67457,53.7515],[-2.67165,53.74942],[-2.67733,53.75283]]],[[[-2.67733,53.75283],[-2.67802,53.75316],[-2.67792,53.75318],[-2.67733,53.75283]]],[[[-2.72306,53.76343],[-2.7204,53.7652],[-2.73216,53.77017],[-2.72615,53.77165],[-2.7077,53.77525],[-2.69045,53.77499],[-2.68075,53.78412],[-2.66427,53.78858],[-2.65182,53.78301],[-2.64487,53.77332],[-2.64599,53.765],[-2.66144,53.76236],[-2.66685,53.75911],[-2.67122,53.76074],[-2.67886,53.76048],[-2.68272,53.75719],[-2.67817,53.75323],[-2.67802,53.75316],[-2.67998,53.75267],[-2.68719,53.74973],[-2.69114,53.74973],[-2.69697,53.75247],[-2.7059,53.75074],[-2.70779,53.74932],[-2.71482,53.74922],[-2.71723,53.75389],[-2.72306,53.76343]]]]}},{"type":"Feature","properties":{"source_code":"P81622","codes":["P81622"],"label":"SHIFA SURGERY"},"geometry":{"type":"Polygon","coordinates":[[[-2.47566,53.76155],[-2.4735,53.76173],[-2.47212,53.76165],[-2.46989,53.76116],[-2.46886,53.7605],[-2.46804,53.75938],[-2.46774,53.75791],[-2.46777,53.75725],[-2.46858,53.75649],[-2.47152,53.75545],[-2.47396,53.75488],[-2.47585,53.75471],[-2.47701,53.75467],[-2.47804,53.75485],[-2.47961,53.75517],[-2.481,53.75541],[-2.48204,53.75585],[-2.48287,53.7568],[-2.48336,53.75785],[-2.4831,53.75903],[-2.48177,53.76023],[-2.47881,53.7609],[-2.47566,53.76155]]]}},{"type":"Feature","properties":{"source_code":"P81005","codes":["P81005"],"label":"LITTLE HARWOOD HEALTH CENTRE"},"geometry":{"type":"Polygon","coordinates":[[[-2.48394,53.7284],[-2.51355,53.72942],[-2.54316,53.74344],[-2.56145,53.76049],[-2.53647,53.7682],[-2.45476,53.80349],[-2.41562,53.76901],[-2.41304,53.7551],[-2.41339,53.74642],[-2.44257,53.73693],[-2.45261,53.72698],[-2.48394,53.7284]]]}},{"type":"Feature","properties":{"source_code":"Y02605","codes":["Y02605"],"label":"ACCRINGTON VICTORIA GP PRACTICE"},"geometry":{"type":"Polygon","coordinates":[[[-2.43279,53.79254],[-2.33597,53.79376],[-2.33253,53.72719],[-2.43828,53.7284],[-2.43828,53.79335],[-2.43279,53.79254]]]}},{"type":"Feature","properties":{"source_code":"B83010","codes":["B83010"],"label":"PARKLANDS MEDICAL PRACTICE"},"geometry":{"type":"Polygon","coordinates":[[[-1.76159,53.76447],[-1.76455,53.75807],[-1.76923,53.75757],[-1.77142,53.75757],[-1.77163,53.75815],[-1.77266,53.75868],[-1.77343,53.75896],[-1.7776,53.75843],[-1.777,53.75792],[-1.77687,53.75703],[-1.77751,53.7565],[-1.77798,53.75564],[-1.77918,53.75125],[-1.78708,53.75125],[-1.78966,53.74968],[-1.79206,53.74739],[-1.7924,53.74511],[-1.79515,53.75353],[-1.79927,53.75455],[-1.80133,53.75528],[-1.80189,53.75584],[-1.80257,53.75665],[-1.80171,53.75762],[-1.80236,53.75884],[-1.80219,53.75939],[-1.80339,53.76013],[-1.80605,53.76155],[-1.80721,53.7653],[-1.81008,53.76891],[-1.81047,53.77045],[-1.81,53.77144],[-1.81026,53.77271],[-1.81304,53.77241],[-1.81403,53.7738],[-1.81163,53.77583],[-1.81124,53.77667],[-1.80146,53.78195],[-1.80272,53.78283],[-1.80219,53.78302],[-1.80066,53.78392],[-1.79903,53.78378],[-1.79672,53.78398],[-1.7944,53.78426],[-1.79268,53.78512],[-1.79056,53.78632],[-1.78927,53.78752],[-1.78665,53.78907],[-1.78423,53.79004],[-1.78343,53.79047],[-1.78185,53.79082],[-1.77348,53.79229],[-1.77189,53.79254],[-1.77064,53.7912],[-1.76876,53.78919],[-1.76524,53.79006],[-1.76352,53.79084],[-1.76133,53.79135],[-1.75979,53.79155],[-1.75605,53.79216],[-1.75597,53.79142],[-1.75438,53.79082],[-1.75374,53.78935],[-1.74923,53.79031],[-1.74884,53.79038],[-1.74837,53.788],[-1.74859,53.78197],[-1.74644,53.77667],[-1.74567,53.77411],[-1.74459,53.77421],[-1.74155,53.77428],[-1.74168,53.77269],[-1.74314,53.77228],[-1.74348,53.77185],[-1.74459,53.77152],[-1.74545,53.77119],[-1.74485,53.76832],[-1.74932,53.76847],[-1.75275,53.76802],[-1.75524,53.76726],[-1.75858,53.76579],[-1.76159,53.76447]]]}},{"type":"Feature","properties":{"source_code":"P81071","codes":["P81071"],"label":"THE NEW HALL LANE PRACTICE"},"geometry":{"type":"MultiPolygon","coordinates":[[[[-2.69096,53.76424],[-2.67563,53.77171],[-2.6683,53.7688],[-2.64856,53.76901],[-2.64719,53.76515],[-2.65646,53.7618],[-2.67345,53.74922],[-2.69079,53.75998],[-2.69096,53.76424]]],[[[-2.67563,53.77171],[-2.68084,53.77378],[-2.67534,53.77185],[-2.67563,53.77171]]]]}},{"type":"Feature","properties":{"source_code":"P81704","codes":["P81704"],"label":"BLAKEWATER HEALTHCARE"},"geometry":{"type":"Polygon","coordinates":[[[-2.42854,53.81829],[-2.42296,53.81031],[-2.42493,53.81074],[-2.42472,53.81109],[-2.42678,53.81274],[-2.42716,53.81461],[-2.42789,53.81451],[-2.42764,53.81641],[-2.42854,53.81829]]]}},{"type":"Feature","properties":{"source_code":"B83028","codes":["B83028"],"label":"WIBSEY & QUEENSBURY MED P"},"geometry":{"type":"MultiPolygon","coordinates":[[[[-1.86249,53.77561],[-1.85785,53.77553],[-1.85279,53.77643],[-1.85849,53.77423],[-1.84133,53.77563],[-1.82841,53.77545],[-1.82783,53.77236],[-1.82837,53.77171],[-1.8296,53.77132],[-1.8306,53.77],[-1.82469,53.77093],[-1.82445,53.7699],[-1.82516,53.76846],[-1.82573,53.76619],[-1.8267,53.76459],[-1.82967,53.7626],[-1.83119,53.76168],[-1.83319,53.76032],[-1.83349,53.75966],[-1.82816,53.76085],[-1.8276,53.7606],[-1.82641,53.76026],[-1.82565,53.76103],[-1.82518,53.76154],[-1.82455,53.7616],[-1.82219,53.76079],[-1.82006,53.76145],[-1.81759,53.76185],[-1.81669,53.76089],[-1.81584,53.75988],[-1.81405,53.75922],[-1.81256,53.75862],[-1.81115,53.75863],[-1.8109,53.75815],[-1.81019,53.75639],[-1.81176,53.75564],[-1.81618,53.75328],[-1.81789,53.75013],[-1.82253,53.74658],[-1.83,53.75168],[-1.83382,53.75474],[-1.83555,53.75629],[-1.83762,53.75676],[-1.83909,53.75725],[-1.83974,53.75828],[-1.84145,53.7599],[-1.84253,53.76142],[-1.84526,53.76278],[-1.8468,53.7619],[-1.8503,53.75991],[-1.85257,53.75923],[-1.85459,53.76003],[-1.85368,53.76093],[-1.85407,53.76142],[-1.85601,53.76245],[-1.85699,53.76406],[-1.85805,53.76368],[-1.85894,53.76315],[-1.85968,53.76006],[-1.86375,53.76407],[-1.86747,53.76895],[-1.86656,53.77206],[-1.86773,53.77336],[-1.86839,53.7746],[-1.86747,53.77539],[-1.86742,53.77604],[-1.86822,53.77755],[-1.86391,53.77571],[-1.86249,53.77561]]],[[[-1.77103,53.7752],[-1.76614,53.77345],[-1.76159,53.7717],[-1.76296,53.76809],[-1.76159,53.76495],[-1.76253,53.76435],[-1.76408,53.76355],[-1.76537,53.76301],[-1.76777,53.76231],[-1.77103,53.7616],[-1.77433,53.76137],[-1.78009,53.7604],[-1.78571,53.7597],[-1.78961,53.75922],[-1.79326,53.75886],[-1.79862,53.75805],[-1.8039,53.75746],[-1.80468,53.75743],[-1.80486,53.75776],[-1.80521,53.75838],[-1.80523,53.75911],[-1.80562,53.76089],[-1.80631,53.76277],[-1.80664,53.76362],[-1.8069,53.76447],[-1.80729,53.7655],[-1.8081,53.76659],[-1.80974,53.76855],[-1.81006,53.76927],[-1.8103,53.77003],[-1.81043,53.77111],[-1.81,53.77271],[-1.80843,53.77336],[-1.80669,53.77375],[-1.80322,53.77474],[-1.79983,53.77518],[-1.79738,53.77507],[-1.79455,53.77525],[-1.7833,53.78179],[-1.78154,53.7809],[-1.78019,53.78015],[-1.7797,53.7792],[-1.77592,53.77631],[-1.77322,53.77601],[-1.77103,53.7752]]]]}},{"type":"Feature","properties":{"source_code":"B83020","codes":["B83020"],"label":"THE WILLOWS MEDICAL PRACTICE"},"geometry":{"type":"Polygon","coordinates":[[[-1.87059,53.77844],[-1.86974,53.77857],[-1.86832,53.77839],[-1.86626,53.77847],[-1.86403,53.77865],[-1.85877,53.77826],[-1.85645,53.77796],[-1.85403,53.77786],[-1.85182,53.77785],[-1.84976,53.77787],[-1.84768,53.77834],[-1.84663,53.77852],[-1.84547,53.7781],[-1.84439,53.7773],[-1.8421,53.7762],[-1.8392,53.77548],[-1.83733,53.77532],[-1.83403,53.77501],[-1.83017,53.77428],[-1.82824,53.77421],[-1.82802,53.77375],[-1.82746,53.7722],[-1.82909,53.77129],[-1.83017,53.77025],[-1.83081,53.76987],[-1.82995,53.76883],[-1.82901,53.76818],[-1.82815,53.7682],[-1.82751,53.76736],[-1.82558,53.76629],[-1.82729,53.76472],[-1.82828,53.76335],[-1.8306,53.76208],[-1.83236,53.76094],[-1.83352,53.75967],[-1.8342,53.75927],[-1.83652,53.75965],[-1.83742,53.75899],[-1.83875,53.75769],[-1.83935,53.75642],[-1.8412,53.75538],[-1.84437,53.75505],[-1.84545,53.75396],[-1.84609,53.75358],[-1.84768,53.75351],[-1.84866,53.75338],[-1.8503,53.75325],[-1.85261,53.75308],[-1.85592,53.75262],[-1.85763,53.75233],[-1.85909,53.75201],[-1.86081,53.7515],[-1.86184,53.7513],[-1.86287,53.75168],[-1.86381,53.75112],[-1.86467,53.75198],[-1.86592,53.75234],[-1.86862,53.75389],[-1.87072,53.75526],[-1.87072,53.75635],[-1.86974,53.7584],[-1.86965,53.75975],[-1.87012,53.76142],[-1.87171,53.76312],[-1.87201,53.76472],[-1.87218,53.76655],[-1.87253,53.76802],[-1.87197,53.77017],[-1.87278,53.77134],[-1.87274,53.77243],[-1.87227,53.77342],[-1.87197,53.77492],[-1.87214,53.7758],[-1.8715,53.77707],[-1.87059,53.77844]]]}},{"type":"Feature","properties":{"source_code":"P81664","codes":["P81664"],"label":"THE PARK MEDICAL PRACTICE"},"geometry":{"type":"Polygon","coordinates":[[[-2.78109,53.79117],[-2.77688,53.79353],[-2.77134,53.79462],[-2.76684,53.79642],[-2.76413,53.7969],[-2.76409,53.79827],[-2.75868,53.79774],[-2.75202,53.79373],[-2.75034,53.78932],[-2.75119,53.78856],[-2.751,53.78755],[-2.75101,53.78553],[-2.75114,53.78394],[-2.7517,53.78284],[-2.75195,53.78221],[-2.75156,53.78168],[-2.75151,53.7817],[-2.75153,53.78158],[-2.74932,53.77781],[-2.75046,53.77976],[-2.75103,53.78077],[-2.75126,53.78177],[-2.75151,53.7817],[-2.75118,53.78353],[-2.75114,53.78394],[-2.75077,53.78469],[-2.74835,53.78408],[-2.74494,53.7841],[-2.73685,53.77758],[-2.73503,53.77723],[-2.73406,53.77818],[-2.7327,53.77774],[-2.73059,53.7771],[-2.7267,53.77836],[-2.72415,53.77906],[-2.71909,53.78026],[-2.71555,53.77645],[-2.71004,53.76828],[-2.71317,53.7677],[-2.71636,53.7667],[-2.72056,53.76487],[-2.72288,53.7635],[-2.77347,53.75552],[-2.77481,53.76068],[-2.77796,53.77047],[-2.7744,53.77838],[-2.78109,53.79117]]]}},{"type":"Feature","properties":{"source_code":"P81647","codes":["P81647"],"label":"GUTTERIDGE MEDICAL CENTRE"},"geometry":{"type":"MultiPolygon","coordinates":[[[[-2.73677,53.77772],[-2.73697,53.77773],[-2.73674,53.77776],[-2.73677,53.77772]]],[[[-2.73592,53.77788],[-2.73674,53.77776],[-2.73639,53.77826],[-2.73592,53.77788]]],[[[-2.73638,53.77827],[-2.73639,53.77826],[-2.73641,53.77828],[-2.73638,53.77827]]],[[[-2.73377,53.78181],[-2.73602,53.77813],[-2.73638,53.77827],[-2.73354,53.7823],[-2.73377,53.78181]]],[[[-2.73851,53.77428],[-2.73783,53.77621],[-2.73677,53.77772],[-2.7356,53.77763],[-2.73592,53.77788],[-2.7356,53.77793],[-2.73377,53.78181],[-2.73212,53.78451],[-2.72924,53.79089],[-2.72757,53.79631],[-2.72658,53.79869],[-2.71568,53.79999],[-2.70641,53.80359],[-2.69955,53.80547],[-2.69165,53.80065],[-2.68178,53.79583],[-2.67719,53.79393],[-2.67157,53.79284],[-2.66539,53.79147],[-2.65955,53.78889],[-2.65337,53.78559],[-2.64959,53.78088],[-2.64874,53.77854],[-2.64685,53.77722],[-2.64547,53.7754],[-2.64427,53.77403],[-2.63932,53.77005],[-2.63882,53.76647],[-2.64271,53.7667],[-2.64522,53.76429],[-2.6441,53.76175],[-2.64582,53.76043],[-2.65195,53.76198],[-2.65792,53.76119],[-2.65985,53.75608],[-2.6621,53.7515],[-2.66573,53.74935],[-2.67491,53.7512],[-2.68096,53.75346],[-2.68416,53.75073],[-2.68736,53.74962],[-2.69234,53.7516],[-2.6974,53.75328],[-2.70247,53.75247],[-2.71156,53.74912],[-2.71596,53.75132],[-2.71693,53.75445],[-2.71978,53.75701],[-2.72401,53.75815],[-2.74418,53.75845],[-2.74384,53.7617],[-2.74057,53.76363],[-2.7404,53.76434],[-2.73972,53.76698],[-2.73886,53.7687],[-2.73834,53.77033],[-2.73886,53.77276],[-2.73817,53.77479],[-2.738,53.7752],[-2.73817,53.77378],[-2.73783,53.7756],[-2.73851,53.77428]]]]}},{"type":"Feature","properties":{"source_code":"P81685","codes":["P81685"],"label":"DR ALI GUTTRIDGE MEDICAL CENTRE"},"geometry":{"type":"Polygon","coordinates":[[[-2.73937,53.74506],[-2.75345,53.78787],[-2.67792,53.78585],[-2.66487,53.74932],[-2.73937,53.74506]]]}},{"type":"Feature","properties":{"source_code":"P81748","codes":["P81748"],"label":"BRIARWOOD MEDICAL CENTRE"},"geometry":{"type":"Polygon","coordinates":[[[-2.83138,53.77286],[-2.83035,53.77428],[-2.82486,53.77408],[-2.81834,53.77489],[-2.81181,53.77428],[-2.80701,53.77266],[-2.79739,53.77307],[-2.7943,53.77651],[-2.79053,53.78037],[-2.78538,53.78443],[-2.78091,53.78828],[-2.78297,53.79274],[-2.78435,53.79619],[-2.78503,53.80106],[-2.77885,53.80045],[-2.77164,53.79883],[-2.76134,53.79741],[-2.74899,53.79741],[-2.73972,53.79741],[-2.72873,53.79883],[-2.71809,53.80025],[-2.715,53.797],[-2.71431,53.79193],[-2.71328,53.78706],[-2.71259,53.78159],[-2.71122,53.77733],[-2.70882,53.77449],[-2.7071,53.77185],[-2.70744,53.7688],[-2.71019,53.7686],[-2.71362,53.7682],[-2.71706,53.76698],[-2.72083,53.76576],[-2.72255,53.76414],[-2.72564,53.76333],[-2.7277,53.7617],[-2.7277,53.76008],[-2.73045,53.75886],[-2.73834,53.75866],[-2.74349,53.75906],[-2.74796,53.76008],[-2.74967,53.76251],[-2.75585,53.7615],[-2.76306,53.7619],[-2.77267,53.76333],[-2.77851,53.76454],[-2.78572,53.76272],[-2.7919,53.76069],[-2.80254,53.7613],[-2.8101,53.76211],[-2.81593,53.76596],[-2.82211,53.77023],[-2.83138,53.77286]]]}},{"type":"Feature","properties":{"source_code":"P81196","codes":["P81196"],"label":"ISSA MEDICAL CENTRE - PATEL"},"geometry":{"type":"Polygon","coordinates":[[[-2.70967,53.80288],[-2.6992,53.80704],[-2.65217,53.78564],[-2.63741,53.76982],[-2.66676,53.74861],[-2.7107,53.748],[-2.73491,53.7828],[-2.72667,53.79984],[-2.70967,53.80288]]]}},{"type":"Feature","properties":{"source_code":"P81119","codes":["P81119"],"label":"LANE ENDS SURGERY"},"geometry":{"type":"Polygon","coordinates":[[[-2.69689,53.79852],[-2.68646,53.78957],[-2.68531,53.78523],[-2.6813,53.78405],[-2.67964,53.78343],[-2.67798,53.78241],[-2.67758,53.78074],[-2.67907,53.77917],[-2.68385,53.77775],[-2.68834,53.77787],[-2.69079,53.77096],[-2.69115,53.76927],[-2.69162,53.76767],[-2.6921,53.76648],[-2.69008,53.76184],[-2.69728,53.76348],[-2.70311,53.76249],[-2.71211,53.7621],[-2.72077,53.76374],[-2.72848,53.7631],[-2.73534,53.76349],[-2.73997,53.76297],[-2.74517,53.7631],[-2.75319,53.76242],[-2.75669,53.76177],[-2.7619,53.76164],[-2.76639,53.76202],[-2.7685,53.76234],[-2.77053,53.76281],[-2.77958,53.76383],[-2.78905,53.76164],[-2.80151,53.76174],[-2.7904,53.77634],[-2.77328,53.78052],[-2.7698,53.78441],[-2.76744,53.78779],[-2.75377,53.79298],[-2.75082,53.79178],[-2.7477,53.7912],[-2.72965,53.79583],[-2.72812,53.79616],[-2.72702,53.79703],[-2.72516,53.79865],[-2.718,53.79933],[-2.71143,53.80019],[-2.70493,53.7989],[-2.69936,53.79942],[-2.69689,53.79852]]]}},{"type":"Feature","properties":{"source_code":"P81735","codes":["P81735"],"label":"DR A HUSSAIN"},"geometry":{"type":"Polygon","coordinates":[[[-2.6514,53.78382],[-2.64539,53.77682],[-2.63964,53.77236],[-2.63672,53.7683],[-2.63586,53.7651],[-2.63989,53.76419],[-2.64256,53.765],[-2.64599,53.7651],[-2.64934,53.76551],[-2.65354,53.76576],[-2.65826,53.76581],[-2.6623,53.76586],[-2.6683,53.76551],[-2.67268,53.76449],[-2.67577,53.76338],[-2.68015,53.76221],[-2.68418,53.76104],[-2.68727,53.76033],[-2.69079,53.76145],[-2.69002,53.76196],[-2.69105,53.76419],[-2.69191,53.76667],[-2.69122,53.7688],[-2.69045,53.77134],[-2.69011,53.77489],[-2.68882,53.77662],[-2.68753,53.77793],[-2.6847,53.77788],[-2.68135,53.77844],[-2.67886,53.77905],[-2.67775,53.78007],[-2.67706,53.78078],[-2.67423,53.78133],[-2.65989,53.78377],[-2.65723,53.78204],[-2.65483,53.78291],[-2.6514,53.78382]]]}},{"type":"Feature","properties":{"source_code":"B83042","codes":["B83042"],"label":"ROOLEY LANE MED. CENTRE"},"geometry":{"type":"Polygon","coordinates":[[[-1.74078,53.78718],[-1.73998,53.78755],[-1.73936,53.78757],[-1.73823,53.78735],[-1.73685,53.78714],[-1.73553,53.78697],[-1.73437,53.78703],[-1.7323,53.7872],[-1.72992,53.7868],[-1.72794,53.78682],[-1.72623,53.78701],[-1.72288,53.78741],[-1.71782,53.78904],[-1.71773,53.79041],[-1.71831,53.7917],[-1.71927,53.79305],[-1.71576,53.79421],[-1.71387,53.79563],[-1.70818,53.80094],[-1.70459,53.80031],[-1.70193,53.7991],[-1.69616,53.79644],[-1.69513,53.79522],[-1.69412,53.79413],[-1.69196,53.79199],[-1.6843,53.77494],[-1.68361,53.77388],[-1.68317,53.77267],[-1.68287,53.77207],[-1.68244,53.77152],[-1.68136,53.7705],[-1.68026,53.76958],[-1.67967,53.76914],[-1.67894,53.76871],[-1.67619,53.76709],[-1.67767,53.76566],[-1.67794,53.76511],[-1.67783,53.76418],[-1.67779,53.76341],[-1.6772,53.76264],[-1.67803,53.76188],[-1.67953,53.76119],[-1.68278,53.75998],[-1.68446,53.75938],[-1.68614,53.75891],[-1.68808,53.75651],[-1.68968,53.7549],[-1.69055,53.75405],[-1.69155,53.75333],[-1.69296,53.75286],[-1.69453,53.75242],[-1.71101,53.75072],[-1.71539,53.74978],[-1.72,53.74921],[-1.72915,53.74785],[-1.73241,53.74704],[-1.73372,53.74653],[-1.73532,53.74648],[-1.73717,53.74663],[-1.73856,53.74709],[-1.74365,53.74822],[-1.74676,53.74902],[-1.7506,53.75013],[-1.75376,53.75101],[-1.75577,53.75162],[-1.75651,53.75189],[-1.75713,53.75229],[-1.75864,53.75348],[-1.75987,53.75446],[-1.76092,53.7555],[-1.76264,53.75676],[-1.76416,53.75791],[-1.76594,53.75901],[-1.7688,53.76008],[-1.77324,53.76164],[-1.77515,53.76229],[-1.77601,53.76249],[-1.77682,53.76273],[-1.77852,53.76325],[-1.77974,53.76378],[-1.7804,53.76446],[-1.78054,53.76499],[-1.78055,53.76534],[-1.78078,53.76647],[-1.78101,53.76749],[-1.78098,53.76806],[-1.78055,53.76865],[-1.77984,53.76951],[-1.77895,53.7705],[-1.77837,53.77114],[-1.77753,53.77206],[-1.77677,53.77289],[-1.77616,53.77358],[-1.77556,53.77427],[-1.77502,53.77475],[-1.77417,53.77531],[-1.77362,53.77556],[-1.77304,53.77579],[-1.77263,53.77592],[-1.77234,53.77586],[-1.77166,53.77572],[-1.77101,53.77556],[-1.77035,53.77531],[-1.76901,53.77464],[-1.76765,53.77411],[-1.76623,53.77358],[-1.76577,53.77316],[-1.76501,53.77274],[-1.76418,53.77248],[-1.76328,53.77227],[-1.76298,53.77233],[-1.76244,53.77224],[-1.76154,53.77205],[-1.76062,53.77381],[-1.7601,53.77496],[-1.76001,53.77541],[-1.75996,53.77587],[-1.76004,53.77639],[-1.76016,53.77683],[-1.76045,53.77739],[-1.76079,53.77825],[-1.76081,53.77873],[-1.76069,53.77929],[-1.76035,53.77988],[-1.75941,53.78088],[-1.75873,53.78147],[-1.75791,53.78212],[-1.75634,53.78329],[-1.75485,53.78467],[-1.75406,53.7854],[-1.75344,53.78615],[-1.75295,53.78608],[-1.75183,53.78592],[-1.75031,53.78587],[-1.74941,53.78618],[-1.74848,53.78632],[-1.7456,53.78659],[-1.74303,53.78685],[-1.74078,53.78718]]]}},{"type":"Feature","properties":{"source_code":"P81218","codes":["P81218"],"label":"THE CLAYTON MEDICAL CTR."},"geometry":{"type":"Polygon","coordinates":[[[-2.40395,53.7412],[-2.42605,53.76984],[-2.3994,53.78661],[-2.3518,53.79201],[-2.31142,53.77946],[-2.35622,53.7481],[-2.37494,53.73115],[-2.40395,53.7412]]]}},{"type":"Feature","properties":{"source_code":"P81155","codes":["P81155"],"label":"BROWNHILL SURGERY"},"geometry":{"type":"Polygon","coordinates":[[[-2.60033,53.76738],[-2.56857,53.79158],[-2.53407,53.80927],[-2.45682,53.83409],[-2.41648,53.82102],[-2.39433,53.80744],[-2.41931,53.76571],[-2.43536,53.75967],[-2.47338,53.74521],[-2.47707,53.74445],[-2.56462,53.73805],[-2.58127,53.74724],[-2.60033,53.76738]]]}},{"type":"Feature","properties":{"source_code":"P81067","codes":["P81067"],"label":"THE HEALTHCARE CENTRE"},"geometry":{"type":"Polygon","coordinates":[[[-2.65095,53.78375],[-2.65409,53.78304],[-2.65569,53.78262],[-2.65654,53.78231],[-2.65722,53.78183],[-2.66041,53.77692],[-2.67105,53.77043],[-2.68993,53.77449],[-2.70847,53.77489],[-2.72847,53.77068],[-2.7313,53.77492],[-2.73482,53.77722],[-2.73113,53.78034],[-2.73577,53.7885],[-2.74246,53.79424],[-2.73869,53.79822],[-2.71637,53.80106],[-2.7047,53.80531],[-2.69989,53.80694],[-2.68513,53.79842],[-2.65938,53.79011],[-2.65217,53.78564],[-2.65095,53.78375]]]}},{"type":"Feature","properties":{"source_code":"P81184","codes":["P81184"],"label":"RIBBLETON MEDICAL CENTRE"},"geometry":{"type":"Polygon","coordinates":[[[-2.61784,53.80653],[-2.61681,53.79011],[-2.62882,53.78362],[-2.63569,53.76678],[-2.66453,53.76515],[-2.6889,53.77509],[-2.68444,53.78706],[-2.63329,53.80491],[-2.61784,53.80653]]]}},{"type":"Feature","properties":{"source_code":"B83045","codes":["B83045"],"label":"HOLLYNS HEALTH & WELLBEING"},"geometry":{"type":"Polygon","coordinates":[[[-1.78391,53.78189],[-1.79403,53.77611],[-1.79918,53.77489],[-1.8045,53.77438],[-1.80897,53.77337],[-1.81429,53.77266],[-1.82064,53.77175],[-1.82665,53.77043],[-1.83197,53.76941],[-1.83249,53.76809],[-1.84107,53.76759],[-1.84038,53.76941],[-1.84622,53.76921],[-1.85102,53.77094],[-1.85411,53.77327],[-1.85514,53.77722],[-1.8742,53.7826],[-1.87918,53.78635],[-1.87729,53.7897],[-1.87231,53.79224],[-1.87077,53.79376],[-1.86356,53.79426],[-1.86081,53.79426],[-1.85497,53.79345],[-1.85034,53.79355],[-1.84605,53.79335],[-1.8421,53.79254],[-1.83609,53.79122],[-1.82373,53.79203],[-1.81704,53.79345],[-1.81,53.79477],[-1.80107,53.797],[-1.79266,53.79883],[-1.78391,53.78189]]]}},{"type":"Feature","properties":{"source_code":"B83055","codes":["B83055"],"label":"THE RIDGE MEDICAL PRACT."},"geometry":{"type":"Polygon","coordinates":[[[-1.88175,53.78514],[-1.81352,53.79168],[-1.81553,53.79393],[-1.80974,53.80324],[-1.80875,53.80445],[-1.8248,53.81618],[-1.80815,53.82475],[-1.77648,53.82181],[-1.77017,53.82424],[-1.75897,53.80868],[-1.75661,53.80377],[-1.76189,53.80187],[-1.76043,53.79685],[-1.75635,53.79467],[-1.75592,53.79135],[-1.75438,53.79069],[-1.75335,53.78866],[-1.75348,53.786],[-1.75734,53.7828],[-1.76013,53.78017],[-1.76103,53.7787],[-1.76034,53.7769],[-1.76022,53.77454],[-1.76176,53.77208],[-1.76258,53.76969],[-1.76249,53.76832],[-1.76129,53.76579],[-1.76189,53.76429],[-1.76498,53.75764],[-1.77343,53.75914],[-1.77828,53.75584],[-1.78021,53.75168],[-1.82128,53.74635],[-1.84266,53.74729],[-1.84948,53.75206],[-1.85999,53.75818],[-1.86845,53.76921],[-1.88175,53.78514]]]}},{"type":"Feature","properties":{"source_code":"P81159","codes":["P81159"],"label":"STONYHILL MEDICAL PRACTICE"},"geometry":{"type":"Polygon","coordinates":[[[-3.0142,53.80339],[-3.01068,53.8022],[-2.99665,53.80287],[-2.9874,53.79834],[-2.99291,53.79303],[-2.99275,53.79066],[-2.99094,53.78764],[-2.99116,53.78213],[-2.98983,53.77671],[-2.9896,53.77238],[-2.98202,53.73685],[-3.03109,53.74962],[-3.00923,53.76175],[-3.03287,53.75044],[-3.05851,53.77288],[-3.056,53.79834],[-3.01854,53.80476],[-3.0142,53.80339]]]}},{"type":"Feature","properties":{"source_code":"P81074","codes":["P81074"],"label":"HIGHFIELD SURGERY"},"geometry":{"type":"Polygon","coordinates":[[[-3.0557,53.79845],[-3.04072,53.79984],[-3.03381,53.80027],[-3.03024,53.8023],[-3.02718,53.80293],[-3.02673,53.80389],[-3.02421,53.80453],[-3.02065,53.80465],[-3.01697,53.80409],[-3.0115,53.80245],[-3.01111,53.80045],[-3.00921,53.8001],[-3.00731,53.79935],[-3.00403,53.79774],[-3.00111,53.79708],[-3.00206,53.79429],[-3.00043,53.79411],[-2.99811,53.79416],[-2.99472,53.79388],[-2.98828,53.79386],[-2.98614,53.79406],[-2.9845,53.79239],[-2.98227,53.7897],[-2.98354,53.78904],[-2.98463,53.78858],[-2.98624,53.78752],[-2.98802,53.78686],[-2.98959,53.7861],[-2.9909,53.78498],[-2.99137,53.78331],[-2.99188,53.78273],[-2.99341,53.78246],[-2.99785,53.78212],[-3.00092,53.78173],[-3.0039,53.78098],[-3.01073,53.77923],[-3.0145,53.77825],[-3.01594,53.77793],[-3.01721,53.77781],[-3.01718,53.7761],[-3.01558,53.77449],[-3.01287,53.77342],[-3.0115,53.77308],[-3.01008,53.77258],[-3.00888,53.77173],[-3.00802,53.77083],[-3.00766,53.76987],[-3.00781,53.76896],[-3.00871,53.76743],[-3.01146,53.76535],[-3.01208,53.76496],[-3.01219,53.76442],[-3.01197,53.76358],[-3.00978,53.7619],[-3.01386,53.7604],[-3.01657,53.759],[-3.02302,53.75569],[-3.02865,53.7524],[-3.03017,53.75205],[-3.03168,53.75129],[-3.03446,53.74978],[-3.04107,53.75544],[-3.04459,53.75906],[-3.04306,53.75957],[-3.04613,53.76302],[-3.05403,53.77702],[-3.05737,53.77854],[-3.05823,53.78225],[-3.05815,53.78828],[-3.05802,53.79059],[-3.05686,53.79284],[-3.0557,53.79845]]]}},{"type":"Feature","properties":{"source_code":"P81128","codes":["P81128"],"label":"KIRKHAM HEALTH CENTRE"},"geometry":{"type":"Polygon","coordinates":[[[-2.87669,53.74282],[-2.88125,53.75587],[-2.9032,53.76847],[-2.94897,53.76104],[-2.95369,53.77555],[-2.97841,53.78727],[-2.97961,53.79188],[-2.94537,53.79639],[-2.91482,53.83024],[-2.88323,53.84098],[-2.82932,53.83754],[-2.76875,53.82066],[-2.76788,53.81302],[-2.76581,53.80471],[-2.75569,53.78788],[-2.77268,53.78179],[-2.75945,53.76784],[-2.76538,53.76743],[-2.77534,53.76398],[-2.87669,53.74282]]]}},{"type":"Feature","properties":{"source_code":"B83653","codes":["B83653"],"label":"DR GILKAR"},"geometry":{"type":"Polygon","coordinates":[[[-1.78082,53.78209],[-1.78202,53.7898],[-1.7458,53.7896],[-1.72897,53.77611],[-1.75095,53.77002],[-1.78082,53.78209]]]}},{"type":"Feature","properties":{"source_code":"B83025","codes":["B83025"],"label":"DR I M RAJA & PARTNER"},"geometry":{"type":"Polygon","coordinates":[[[-1.78262,53.79576],[-1.77996,53.79545],[-1.77489,53.79513],[-1.77064,53.79462],[-1.7676,53.79638],[-1.76425,53.79495],[-1.7621,53.79392],[-1.76002,53.79303],[-1.75956,53.7927],[-1.75936,53.79218],[-1.75869,53.79112],[-1.75706,53.79018],[-1.75489,53.78869],[-1.75346,53.78847],[-1.75225,53.78661],[-1.75257,53.78572],[-1.75146,53.78506],[-1.74957,53.78382],[-1.75043,53.78349],[-1.75129,53.7824],[-1.75277,53.78127],[-1.75275,53.77922],[-1.75275,53.77839],[-1.75416,53.77848],[-1.75477,53.77809],[-1.75648,53.77724],[-1.75663,53.77561],[-1.75895,53.77444],[-1.76023,53.77312],[-1.75816,53.77124],[-1.75622,53.77071],[-1.75625,53.77002],[-1.75685,53.76894],[-1.76013,53.76806],[-1.76343,53.76613],[-1.7653,53.76631],[-1.76597,53.76662],[-1.76637,53.76693],[-1.76672,53.76707],[-1.76692,53.76728],[-1.76743,53.76749],[-1.76805,53.76757],[-1.76867,53.76755],[-1.77048,53.768],[-1.77245,53.76792],[-1.77622,53.7683],[-1.78124,53.76899],[-1.78592,53.76864],[-1.79229,53.76987],[-1.7979,53.77109],[-1.8003,53.77125],[-1.8024,53.77134],[-1.80371,53.77144],[-1.80508,53.77189],[-1.80624,53.77225],[-1.80847,53.77274],[-1.80985,53.77274],[-1.81041,53.77345],[-1.80968,53.77431],[-1.80768,53.77483],[-1.80724,53.77613],[-1.80517,53.77739],[-1.79968,53.77914],[-1.7971,53.78099],[-1.79644,53.78216],[-1.79588,53.78344],[-1.79438,53.78439],[-1.7938,53.78484],[-1.79373,53.78585],[-1.79405,53.78629],[-1.79395,53.78688],[-1.79384,53.78744],[-1.79592,53.78766],[-1.79609,53.7903],[-1.79781,53.79244],[-1.79592,53.79421],[-1.79429,53.79553],[-1.79206,53.7968],[-1.79133,53.79619],[-1.79081,53.79599],[-1.78978,53.79594],[-1.7888,53.79586],[-1.78631,53.79606],[-1.78433,53.79581],[-1.78262,53.79576]]]}},{"type":"Feature","properties":{"source_code":"P81129","codes":["P81129"],"label":"ASH TREE HOUSE SURGERY"},"geometry":{"type":"Polygon","coordinates":[[[-2.7943,53.76119],[-2.78984,53.75155],[-2.85095,53.73734],[-2.92854,53.72719],[-2.94346,53.743],[-2.94584,53.7446],[-2.94562,53.74536],[-2.94693,53.75041],[-2.94472,53.75262],[-2.94871,53.75845],[-2.96725,53.7582],[-2.97556,53.77513],[-2.97948,53.78856],[-2.98133,53.78945],[-2.97163,53.79548],[-2.9603,53.7972],[-2.94365,53.80106],[-2.95223,53.8117],[-2.96391,53.82822],[-2.94356,53.83731],[-2.93695,53.83485],[-2.91618,53.83723],[-2.91206,53.83592],[-2.87825,53.83809],[-2.87082,53.83721],[-2.86436,53.83904],[-2.85207,53.83916],[-2.81868,53.81497],[-2.8022,53.80324],[-2.78429,53.79332],[-2.78028,53.78751],[-2.79132,53.78056],[-2.79435,53.77639],[-2.79817,53.76764],[-2.7943,53.76119]]]}},{"type":"Feature","properties":{"source_code":"P81137","codes":["P81137"],"label":"BURNLEY WOOD MEDICAL CENTRE"},"geometry":{"type":"Polygon","coordinates":[[[-2.19585,53.81358],[-2.20575,53.79109],[-2.20268,53.79396],[-2.18523,53.79117],[-2.19769,53.75724],[-2.25752,53.77357],[-2.25761,53.7738],[-2.25724,53.77382],[-2.25766,53.77425],[-2.26275,53.78722],[-2.25761,53.7738],[-2.26472,53.7735],[-2.28224,53.77964],[-2.29088,53.78048],[-2.29901,53.783],[-2.29864,53.7958],[-2.29853,53.79592],[-2.27925,53.80321],[-2.24693,53.81333],[-2.23657,53.81646],[-2.2365,53.8203],[-2.23488,53.82394],[-2.21399,53.82322],[-2.20301,53.82156],[-2.20042,53.81965],[-2.19913,53.81764],[-2.19585,53.81358]]]}},{"type":"Feature","properties":{"source_code":"B83035","codes":["B83035"],"label":"HORTON PARK MEDICAL PRACTICE"},"geometry":{"type":"MultiPolygon","coordinates":[[[[-1.73803,53.78718],[-1.73618,53.78699],[-1.73301,53.78716],[-1.72994,53.78673],[-1.73044,53.78049],[-1.72775,53.77982],[-1.72305,53.77865],[-1.72626,53.77621],[-1.72882,53.77535],[-1.73035,53.77347],[-1.73104,53.77226],[-1.73117,53.77248],[-1.73139,53.7725],[-1.73328,53.77275],[-1.73388,53.77352],[-1.735,53.77421],[-1.73343,53.77532],[-1.73659,53.77691],[-1.7389,53.77812],[-1.74043,53.77922],[-1.7414,53.77996],[-1.74371,53.78424],[-1.74377,53.78432],[-1.74347,53.78432],[-1.74511,53.78866],[-1.74247,53.78823],[-1.73962,53.78747],[-1.73803,53.78718]]],[[[-1.77197,53.79246],[-1.76876,53.78929],[-1.76545,53.79003],[-1.76356,53.79079],[-1.76159,53.79135],[-1.76073,53.79142],[-1.75992,53.79046],[-1.75552,53.78853],[-1.75332,53.78818],[-1.75352,53.7858],[-1.76065,53.78003],[-1.76048,53.77432],[-1.76265,53.77013],[-1.76193,53.76711],[-1.76144,53.76557],[-1.76198,53.7646],[-1.76536,53.76618],[-1.76714,53.76683],[-1.77003,53.76693],[-1.77256,53.7673],[-1.77517,53.76661],[-1.7774,53.7666],[-1.77928,53.7673],[-1.79091,53.76924],[-1.79724,53.77041],[-1.80993,53.7729],[-1.80415,53.77487],[-1.80456,53.77575],[-1.80373,53.77755],[-1.80262,53.77713],[-1.80146,53.77795],[-1.79964,53.77947],[-1.79781,53.78073],[-1.79575,53.78405],[-1.79447,53.78428],[-1.79337,53.78477],[-1.79116,53.78583],[-1.78877,53.78792],[-1.78609,53.78935],[-1.7829,53.79068],[-1.77564,53.79191],[-1.77197,53.79246]]]]}},{"type":"Feature","properties":{"source_code":"P81015","codes":["P81015"],"label":"LYTHAM ROAD SURGERY"},"geometry":{"type":"MultiPolygon","coordinates":[[[[-2.69722,53.77847],[-2.70221,53.77811],[-2.6989,53.77844],[-2.69709,53.77851],[-2.69722,53.77847]]],[[[-2.69006,53.77831],[-2.68925,53.77811],[-2.68719,53.77766],[-2.68968,53.77596],[-2.68989,53.77466],[-2.69345,53.77522],[-2.69701,53.77525],[-2.70032,53.77499],[-2.70345,53.77502],[-2.70761,53.77474],[-2.69722,53.77847],[-2.69589,53.77856],[-2.69568,53.77857],[-2.69566,53.77857],[-2.69148,53.77859],[-2.69006,53.77831]]],[[[-2.73011,53.77618],[-2.72952,53.77526],[-2.73083,53.77726],[-2.73393,53.77813],[-2.73587,53.77923],[-2.73216,53.77771],[-2.73075,53.7773],[-2.73011,53.77618]]],[[[-2.74788,53.78428],[-2.74514,53.78433],[-2.74529,53.78425],[-2.74788,53.78428]]],[[[-2.74788,53.78428],[-2.74894,53.78426],[-2.75248,53.78533],[-2.7488,53.78429],[-2.74788,53.78428]]],[[[-2.68534,53.79938],[-2.68886,53.80042],[-2.69152,53.80279],[-2.68534,53.79938]]],[[[-2.7616,53.80346],[-2.76405,53.79776],[-2.76383,53.80007],[-2.76293,53.80149],[-2.7616,53.80346]]],[[[-2.70349,53.81833],[-2.70375,53.81758],[-2.69577,53.80754],[-2.70446,53.81606],[-2.70349,53.81833]]],[[[-2.75135,53.824],[-2.7522,53.82331],[-2.75113,53.82324],[-2.75526,53.81952],[-2.75249,53.82157],[-2.75225,53.82214],[-2.75209,53.82187],[-2.75173,53.82214],[-2.75192,53.82159],[-2.74576,53.81156],[-2.69907,53.81066],[-2.70863,53.79567],[-2.67649,53.79451],[-2.68534,53.79938],[-2.6738,53.79599],[-2.66479,53.79221],[-2.6656,53.79099],[-2.66496,53.78896],[-2.66564,53.78853],[-2.67088,53.78757],[-2.67251,53.78671],[-2.675,53.78567],[-2.67959,53.78465],[-2.68023,53.78397],[-2.6786,53.78301],[-2.67706,53.78078],[-2.67886,53.77905],[-2.6829,53.77821],[-2.68654,53.77766],[-2.68732,53.77776],[-2.69006,53.77831],[-2.69135,53.77862],[-2.69362,53.77862],[-2.69566,53.77857],[-2.69577,53.77857],[-2.69589,53.77856],[-2.69709,53.77851],[-2.67509,53.7864],[-2.6741,53.79319],[-2.67451,53.79341],[-2.72144,53.77209],[-2.7206,53.77223],[-2.72145,53.77208],[-2.72156,53.77203],[-2.72158,53.77206],[-2.72858,53.77081],[-2.72957,53.77531],[-2.72834,53.7709],[-2.72158,53.77206],[-2.72807,53.78267],[-2.7356,53.77946],[-2.74163,53.78307],[-2.75027,53.78623],[-2.76289,53.79705],[-2.76263,53.79761],[-2.76272,53.79761],[-2.75668,53.81177],[-2.75826,53.8118],[-2.761,53.81525],[-2.75637,53.81869],[-2.75514,53.82121],[-2.75544,53.82251],[-2.75474,53.82422],[-2.75439,53.82416],[-2.75401,53.82394],[-2.75371,53.82368],[-2.75255,53.82333],[-2.75221,53.82331],[-2.75197,53.82354],[-2.75135,53.824]]],[[[-2.70349,53.81833],[-2.7026,53.82088],[-2.70197,53.82389],[-2.70165,53.82867],[-2.7019,53.82379],[-2.70232,53.82106],[-2.70349,53.81833]]],[[[-2.75135,53.824],[-2.75109,53.82421],[-2.75208,53.82356],[-2.74885,53.8259],[-2.74879,53.82596],[-2.74834,53.82631],[-2.74856,53.82611],[-2.73869,53.83328],[-2.70264,53.83045],[-2.73766,53.83308],[-2.74972,53.82512],[-2.74984,53.82501],[-2.7505,53.8246],[-2.75087,53.82436],[-2.75135,53.824]]]]}},{"type":"Feature","properties":{"source_code":"B83051","codes":["B83051"],"label":"BRADFORD STUDENT HEALTH SERVICE"},"geometry":{"type":"Polygon","coordinates":[[[-1.71902,53.79355],[-1.72245,53.79132],[-1.72966,53.79031],[-1.7403,53.78727],[-1.73447,53.7828],[-1.72794,53.77651],[-1.73172,53.77367],[-1.73859,53.76962],[-1.75129,53.7686],[-1.75713,53.76657],[-1.7664,53.76292],[-1.78528,53.75947],[-1.8045,53.75825],[-1.80553,53.76475],[-1.80897,53.77367],[-1.81515,53.78341],[-1.8148,53.78727],[-1.81961,53.79315],[-1.83163,53.80025],[-1.83334,53.80653],[-1.83128,53.81423],[-1.82201,53.82052],[-1.80862,53.82639],[-1.79832,53.82761],[-1.78288,53.82862],[-1.7767,53.83085],[-1.7585,53.81038],[-1.75472,53.81018],[-1.74374,53.8116],[-1.73447,53.81018],[-1.72932,53.80714],[-1.72451,53.80308],[-1.72073,53.79781],[-1.71902,53.79355]]]}},{"type":"Feature","properties":{"source_code":"B83034","codes":["B83034"],"label":"GRANGE MEDICAL CENTRE"},"geometry":{"type":"Polygon","coordinates":[[[-1.77206,53.77601],[-1.80828,53.80673],[-1.77704,53.82417],[-1.74064,53.80369],[-1.77206,53.77601]]]}},{"type":"Feature","properties":{"source_code":"P81730","codes":["P81730"],"label":"GREAT HARWOOD MEDICAL GROUP"},"geometry":{"type":"Polygon","coordinates":[[[-2.39021,53.81241],[-2.38403,53.77104],[-2.44308,53.75805],[-2.44617,53.78067],[-2.39021,53.81241]]]}},{"type":"Feature","properties":{"source_code":"P81755","codes":["P81755"],"label":"THE WEAVERS PRACTICE"},"geometry":{"type":"Polygon","coordinates":[[[-2.39245,53.78098],[-2.39079,53.77131],[-2.39759,53.76363],[-2.40875,53.76221],[-2.42403,53.76262],[-2.44205,53.75673],[-2.44549,53.76657],[-2.45124,53.77151],[-2.4513,53.77719],[-2.44274,53.78492],[-2.42529,53.79159],[-2.41218,53.79435],[-2.40528,53.79709],[-2.39662,53.79268],[-2.38945,53.79363],[-2.38653,53.79231],[-2.38448,53.79152],[-2.38211,53.79173],[-2.38147,53.78943],[-2.38192,53.7875],[-2.3852,53.78623],[-2.39245,53.78098]]]}},{"type":"Feature","properties":{"source_code":"P81714","codes":["P81714"],"label":"ABBEY DALE MEDICAL CENTRE"},"geometry":{"type":"Polygon","coordinates":[[[-3.05774,53.78836],[-3.05772,53.79042],[-3.05616,53.79259],[-3.05629,53.79845],[-3.03801,53.79975],[-3.03222,53.80128],[-3.02643,53.80403],[-3.01996,53.80462],[-3.01246,53.80277],[-2.99697,53.80282],[-2.99079,53.80074],[-2.98702,53.79765],[-2.98163,53.78918],[-2.98997,53.78572],[-2.99126,53.78054],[-2.98974,53.7723],[-2.99625,53.77417],[-3.00637,53.77421],[-3.01536,53.7745],[-3.00957,53.772],[-3.00772,53.76889],[-3.00957,53.76672],[-3.01253,53.76354],[-3.00993,53.7618],[-3.00978,53.76177],[-3.03246,53.75082],[-3.03184,53.75103],[-3.03437,53.74985],[-3.03995,53.75419],[-3.04467,53.75924],[-3.04343,53.75974],[-3.04656,53.76391],[-3.04944,53.76839],[-3.05398,53.77725],[-3.05744,53.77867],[-3.05777,53.78399],[-3.05793,53.78394],[-3.05784,53.78424],[-3.05812,53.78461],[-3.05815,53.78569],[-3.05774,53.78836]]]}},{"type":"Feature","properties":{"source_code":"P81008","codes":["P81008"],"label":"YORKSHIRE STREET MEDICAL CENTRE"},"geometry":{"type":"Polygon","coordinates":[[[-2.25357,53.81849],[-2.19246,53.81525],[-2.17049,53.78727],[-2.19315,53.75521],[-2.29546,53.77915],[-2.29271,53.80714],[-2.25357,53.81849]]]}},{"type":"Feature","properties":{"source_code":"P81197","codes":["P81197"],"label":"ROSEGROVE SURGERY"},"geometry":{"type":"MultiPolygon","coordinates":[[[[-2.22185,53.83036],[-2.20963,53.78605],[-2.19315,53.78767],[-2.31468,53.77144],[-2.36412,53.80511],[-2.26524,53.83713],[-2.22395,53.83753],[-2.21169,53.78645],[-2.22185,53.83036]]],[[[-2.22336,53.83754],[-2.22267,53.83389],[-2.22185,53.83036],[-2.22383,53.83754],[-2.22336,53.83754]]],[[[-2.22383,53.83754],[-2.22395,53.83753],[-2.22473,53.84078],[-2.22383,53.83754]]]]}},{"type":"Feature","properties":{"source_code":"P81081","codes":["P81081"],"label":"ARNOLD MEDICAL CENTRE"},"geometry":{"type":"Polygon","coordinates":[[[-3.02656,53.80389],[-3.01592,53.79183],[-3.01146,53.78463],[-3.00802,53.78047],[-3.01768,53.77828],[-3.01764,53.77824],[-3.01816,53.77818],[-3.01832,53.77814],[-3.01833,53.77816],[-3.02347,53.77753],[-3.02176,53.77378],[-3.02845,53.77246],[-3.03085,53.77662],[-3.03446,53.77591],[-3.03652,53.77966],[-3.04493,53.77854],[-3.04527,53.7753],[-3.04905,53.7755],[-3.04699,53.77154],[-3.05059,53.77073],[-3.05334,53.77692],[-3.05729,53.77865],[-3.05849,53.79041],[-3.05677,53.79213],[-3.05557,53.79862],[-3.03274,53.80025],[-3.03175,53.79865],[-3.03257,53.80014],[-3.03343,53.80075],[-3.03051,53.80197],[-3.02708,53.80278],[-3.02656,53.80389]],[[-3.0221,53.78301],[-3.02142,53.78229],[-3.02273,53.78403],[-3.0221,53.78301]]]}}]}