{"type":"FeatureCollection","metadata":{"bundle_id":"bundle-031","practice_count":188,"feature_count":188},"features":[{"type":"Feature","properties":{"source_code":"E86605","codes":["E86605"],"label":"LADYGATE LANE MEDICAL PRACTICE"},"geometry":{"type":"Polygon","coordinates":[[[-0.44701,51.5617],[-0.45327,51.56816],[-0.45061,51.58251],[-0.46143,51.59733],[-0.41061,51.59478],[-0.39868,51.58608],[-0.40049,51.5791],[-0.39722,51.56256],[-0.4204,51.55882],[-0.44701,51.5617]]]}},{"type":"Feature","properties":{"source_code":"E81018","codes":["E81018"],"label":"WOODLAND AVENUE PRACTICE"},"geometry":{"type":"MultiPolygon","coordinates":[[[[-0.39553,51.89814],[-0.39551,51.89811],[-0.39553,51.89814],[-0.39553,51.89814]]],[[[-0.39553,51.89814],[-0.40314,51.90664],[-0.39516,51.89811],[-0.39553,51.89814]]],[[[-0.43705,51.94448],[-0.40314,51.90664],[-0.41439,51.91865],[-0.39553,51.89814],[-0.39825,51.89832],[-0.43555,51.89281],[-0.47344,51.91441],[-0.43705,51.94448]]]]}},{"type":"Feature","properties":{"source_code":"L81023","codes":["L81023"],"label":"EAST TREES HEALTH CENTRE"},"geometry":{"type":"Polygon","coordinates":[[[-2.57598,51.46633],[-2.57717,51.46645],[-2.58004,51.46665],[-2.57976,51.46865],[-2.5804,51.46996],[-2.58103,51.47095],[-2.57965,51.47158],[-2.57838,51.47194],[-2.57619,51.47195],[-2.57385,51.47279],[-2.57437,51.4733],[-2.57532,51.4744],[-2.57601,51.47556],[-2.57645,51.47662],[-2.5767,51.47807],[-2.57655,51.47958],[-2.57608,51.48081],[-2.57541,51.48191],[-2.57496,51.48175],[-2.57424,51.48154],[-2.57348,51.48151],[-2.57308,51.48169],[-2.57186,51.48132],[-2.57126,51.48101],[-2.57266,51.48001],[-2.57192,51.47944],[-2.57318,51.4785],[-2.57224,51.47795],[-2.57113,51.47736],[-2.56973,51.47674],[-2.56865,51.47647],[-2.56746,51.47704],[-2.565,51.4776],[-2.5645,51.4779],[-2.56529,51.47813],[-2.56586,51.47843],[-2.56595,51.47878],[-2.56537,51.47976],[-2.56484,51.48038],[-2.56365,51.4806],[-2.56189,51.48077],[-2.56013,51.48085],[-2.56008,51.48127],[-2.55986,51.482],[-2.55956,51.48266],[-2.55909,51.48337],[-2.55855,51.48396],[-2.55794,51.48451],[-2.55726,51.48499],[-2.55642,51.48554],[-2.55554,51.48595],[-2.55343,51.48692],[-2.5486,51.4891],[-2.54757,51.48824],[-2.54702,51.48759],[-2.54511,51.48827],[-2.544,51.48896],[-2.54221,51.48936],[-2.54009,51.49012],[-2.53815,51.49061],[-2.53715,51.49095],[-2.5358,51.49194],[-2.5351,51.4926],[-2.53447,51.49301],[-2.5331,51.49382],[-2.53206,51.49465],[-2.53127,51.49518],[-2.52957,51.49605],[-2.52761,51.49487],[-2.52624,51.49489],[-2.52508,51.49481],[-2.52443,51.49485],[-2.52334,51.49407],[-2.52243,51.49334],[-2.52174,51.49303],[-2.52032,51.49294],[-2.52006,51.49282],[-2.51943,51.49203],[-2.519,51.49184],[-2.51816,51.49154],[-2.5173,51.49113],[-2.51685,51.4907],[-2.51644,51.48993],[-2.51495,51.48925],[-2.51228,51.48819],[-2.51643,51.48505],[-2.51834,51.48368],[-2.52038,51.48284],[-2.52351,51.48166],[-2.52402,51.48151],[-2.52675,51.48137],[-2.52764,51.48129],[-2.52815,51.48107],[-2.52864,51.48063],[-2.52906,51.48005],[-2.52895,51.47818],[-2.52756,51.47695],[-2.53127,51.47487],[-2.53177,51.47447],[-2.53383,51.47371],[-2.53659,51.47273],[-2.53697,51.47251],[-2.54098,51.4713],[-2.54116,51.47058],[-2.54144,51.47035],[-2.54133,51.47016],[-2.54157,51.46915],[-2.54191,51.46848],[-2.54191,51.46806],[-2.54246,51.46793],[-2.54216,51.46702],[-2.5417,51.46649],[-2.54232,51.46581],[-2.54235,51.46581],[-2.54229,51.46579],[-2.54232,51.46581],[-2.54229,51.46581],[-2.54143,51.46582],[-2.54125,51.46491],[-2.54163,51.46387],[-2.54207,51.46288],[-2.54191,51.46088],[-2.54353,51.46035],[-2.54861,51.45949],[-2.55101,51.45969],[-2.55387,51.45943],[-2.55687,51.4589],[-2.56138,51.45793],[-2.56349,51.45788],[-2.56768,51.45819],[-2.5695,51.45846],[-2.56989,51.45869],[-2.57044,51.45915],[-2.57075,51.45977],[-2.57047,51.46115],[-2.57048,51.46184],[-2.57064,51.46262],[-2.571,51.46329],[-2.57149,51.46388],[-2.57201,51.46435],[-2.57259,51.46474],[-2.57383,51.4654],[-2.5745,51.46614],[-2.57476,51.4663],[-2.57519,51.46644],[-2.57598,51.46633]]]}},{"type":"Feature","properties":{"source_code":"E86640","codes":["E86640"],"label":"SOUTHCOTE CLINIC"},"geometry":{"type":"Polygon","coordinates":[[[-0.43267,51.61018],[-0.42993,51.60794],[-0.42649,51.60613],[-0.4216,51.6057],[-0.41087,51.60293],[-0.40195,51.60048],[-0.39671,51.59797],[-0.39542,51.59051],[-0.39272,51.58856],[-0.38941,51.57808],[-0.3883,51.57606],[-0.38461,51.57222],[-0.38804,51.56741],[-0.39877,51.56672],[-0.40332,51.56357],[-0.41173,51.5608],[-0.40499,51.55474],[-0.40261,51.55182],[-0.39989,51.54868],[-0.40823,51.54808],[-0.41658,51.54855],[-0.43413,51.5498],[-0.44915,51.55466],[-0.47267,51.55941],[-0.46958,51.56965],[-0.45525,51.57328],[-0.44864,51.57819],[-0.44898,51.57979],[-0.44306,51.58502],[-0.44012,51.58667],[-0.43679,51.588],[-0.43791,51.59056],[-0.44589,51.59893],[-0.44495,51.59925],[-0.43284,51.60203],[-0.43267,51.61018]]]}},{"type":"Feature","properties":{"source_code":"E86024","codes":["E86024"],"label":"KING EDWARDS MEDICAL CENTRE"},"geometry":{"type":"MultiPolygon","coordinates":[[[[-0.43539,51.58276],[-0.43661,51.5828],[-0.43726,51.58298],[-0.43349,51.583],[-0.43539,51.58276]]],[[[-0.43289,51.583],[-0.43349,51.583],[-0.43334,51.58302],[-0.43289,51.583]]],[[[-0.43726,51.58298],[-0.43791,51.58298],[-0.43776,51.58312],[-0.43726,51.58298]]],[[[-0.42129,51.58302],[-0.42272,51.58241],[-0.42465,51.58246],[-0.42714,51.58294],[-0.43104,51.58294],[-0.43289,51.583],[-0.42134,51.58307],[-0.42129,51.58302]]],[[[-0.44769,51.55381],[-0.45894,51.55597],[-0.46941,51.55909],[-0.46734,51.56202],[-0.46201,51.56473],[-0.45683,51.57101],[-0.45511,51.5732],[-0.44892,51.57687],[-0.444,51.58294],[-0.43791,51.58298],[-0.43805,51.58284],[-0.43877,51.58286],[-0.43851,51.5824],[-0.43805,51.58284],[-0.43661,51.5828],[-0.43615,51.58267],[-0.43539,51.58276],[-0.42465,51.58246],[-0.42323,51.58219],[-0.42272,51.58241],[-0.42066,51.58235],[-0.42129,51.58302],[-0.42061,51.58331],[-0.41808,51.5799],[-0.41336,51.57323],[-0.40907,51.568],[-0.40452,51.56341],[-0.41199,51.56122],[-0.41877,51.55928],[-0.41924,51.55852],[-0.42203,51.55925],[-0.4343,51.55594],[-0.44074,51.55455],[-0.44769,51.55381]]]]}},{"type":"Feature","properties":{"source_code":"E81028","codes":["E81028"],"label":"THE BLENHEIM MEDICAL CENTRE"},"geometry":{"type":"Polygon","coordinates":[[[-0.45267,51.94532],[-0.45027,51.94963],[-0.44555,51.95094],[-0.44241,51.94932],[-0.43619,51.95024],[-0.40237,51.94839],[-0.38143,51.95379],[-0.35979,51.93881],[-0.34536,51.92066],[-0.3414,51.91351],[-0.34577,51.90475],[-0.34745,51.90175],[-0.34603,51.8963],[-0.34944,51.88656],[-0.34667,51.87819],[-0.33041,51.87283],[-0.32341,51.87405],[-0.31826,51.86838],[-0.32118,51.86385],[-0.32804,51.85974],[-0.33273,51.84609],[-0.34615,51.84944],[-0.34771,51.84252],[-0.35364,51.83641],[-0.36712,51.83879],[-0.37953,51.83674],[-0.38934,51.84171],[-0.40001,51.84031],[-0.41001,51.84782],[-0.41744,51.84736],[-0.42521,51.84819],[-0.43282,51.83916],[-0.4401,51.8418],[-0.43851,51.84665],[-0.46314,51.8466],[-0.47722,51.86897],[-0.48263,51.8682],[-0.49301,51.86881],[-0.48735,51.87384],[-0.48992,51.87719],[-0.48786,51.88023],[-0.48031,51.88199],[-0.48134,51.88756],[-0.48717,51.89228],[-0.49058,51.89327],[-0.49602,51.89596],[-0.50473,51.89907],[-0.50056,51.90357],[-0.49434,51.907],[-0.489,51.90972],[-0.4934,51.91529],[-0.50941,51.91923],[-0.51121,51.92543],[-0.49975,51.92884],[-0.48898,51.93035],[-0.48185,51.9395],[-0.46692,51.94363],[-0.45267,51.94532]]]}},{"type":"Feature","properties":{"source_code":"E81005","codes":["E81005"],"label":"BELL HOUSE MEDICAL CENTRE"},"geometry":{"type":"MultiPolygon","coordinates":[[[[-0.45533,51.88985],[-0.45491,51.88958],[-0.4549,51.88921],[-0.45559,51.88987],[-0.45533,51.88985]]],[[[-0.45153,51.90202],[-0.45156,51.90204],[-0.45148,51.90201],[-0.45153,51.90202]]],[[[-0.45156,51.90204],[-0.45162,51.90206],[-0.45161,51.90207],[-0.45156,51.90204]]],[[[-0.45162,51.90206],[-0.45172,51.90197],[-0.45166,51.90208],[-0.45162,51.90206]]],[[[-0.45151,51.90216],[-0.45146,51.90221],[-0.45139,51.9021],[-0.45151,51.90216]]],[[[-0.4514,51.90226],[-0.45146,51.90221],[-0.45156,51.90234],[-0.4514,51.90226]]],[[[-0.45194,51.90234],[-0.45151,51.90216],[-0.45161,51.90207],[-0.45166,51.90209],[-0.45164,51.90213],[-0.45172,51.90213],[-0.45166,51.90209],[-0.45166,51.90208],[-0.45231,51.90234],[-0.45205,51.90239],[-0.45185,51.90221],[-0.45194,51.90234]]],[[[-0.45204,51.90239],[-0.45205,51.90239],[-0.45207,51.9024],[-0.45204,51.90239]]],[[[-0.45194,51.90234],[-0.45204,51.90239],[-0.45198,51.9024],[-0.45194,51.90234]]],[[[-0.45928,51.89763],[-0.45155,51.90203],[-0.45153,51.90202],[-0.45079,51.9016],[-0.4513,51.90171],[-0.45078,51.9016],[-0.45079,51.9016],[-0.44975,51.90139],[-0.4504,51.90167],[-0.44997,51.90154],[-0.45096,51.90234],[-0.45113,51.90213],[-0.4514,51.90226],[-0.43791,51.91463],[-0.42898,51.92145],[-0.42812,51.91992],[-0.42079,51.91687],[-0.41806,51.9148],[-0.41764,51.90857],[-0.41692,51.90447],[-0.41594,51.90049],[-0.41628,51.89302],[-0.41817,51.88348],[-0.41971,51.88285],[-0.42349,51.88136],[-0.42263,51.88105],[-0.42452,51.88147],[-0.42572,51.88253],[-0.42538,51.88169],[-0.42572,51.88243],[-0.43979,51.88666],[-0.44872,51.88941],[-0.45421,51.88979],[-0.45533,51.88985],[-0.45627,51.89047],[-0.45576,51.89196],[-0.45885,51.89631],[-0.45936,51.89673],[-0.45928,51.89763]]],[[[-0.45128,51.90195],[-0.45126,51.90192],[-0.45148,51.90201],[-0.45128,51.90195]]],[[[-0.45128,51.90195],[-0.45139,51.9021],[-0.4504,51.90167],[-0.45128,51.90195]]]]}},{"type":"Feature","properties":{"source_code":"E86033","codes":["E86033"],"label":"ST MARTINS MEDICAL CENTRE"},"geometry":{"type":"Polygon","coordinates":[[[-0.43207,51.59531],[-0.42647,51.59648],[-0.42345,51.59685],[-0.42081,51.59596],[-0.41714,51.59443],[-0.41124,51.59697],[-0.41052,51.59694],[-0.4098,51.59581],[-0.40495,51.59147],[-0.39808,51.57742],[-0.39568,51.57306],[-0.40083,51.56613],[-0.3974,51.56053],[-0.39671,51.55669],[-0.41156,51.56072],[-0.41993,51.55752],[-0.42383,51.56427],[-0.43113,51.56757],[-0.4375,51.56493],[-0.43224,51.56041],[-0.43602,51.55513],[-0.44447,51.55682],[-0.44553,51.55577],[-0.44639,51.55516],[-0.44795,51.55442],[-0.45259,51.55559],[-0.45971,51.55722],[-0.46194,51.56152],[-0.46057,51.56581],[-0.45555,51.57232],[-0.44829,51.5786],[-0.44804,51.58424],[-0.44786,51.58498],[-0.43945,51.58806],[-0.43362,51.59051],[-0.43207,51.59531]]]}},{"type":"Feature","properties":{"source_code":"E86012","codes":["E86012"],"label":"WOOD LANE MEDICAL CENTRE"},"geometry":{"type":"Polygon","coordinates":[[[-0.42019,51.56424],[-0.42576,51.56587],[-0.42996,51.56925],[-0.4339,51.57336],[-0.42324,51.57822],[-0.41649,51.57803],[-0.41223,51.57135],[-0.41098,51.56766],[-0.41133,51.56723],[-0.42019,51.56424]]]}},{"type":"Feature","properties":{"source_code":"E81046","codes":["E81046"],"label":"DR A SULAKSHANA & PARTNERS"},"geometry":{"type":"Polygon","coordinates":[[[-0.45937,52.01468],[-0.38212,52.00581],[-0.36289,51.99334],[-0.35791,51.96162],[-0.41267,51.943],[-0.44186,51.9468],[-0.47138,51.9705],[-0.45937,52.01468]]]}},{"type":"Feature","properties":{"source_code":"E86028","codes":["E86028"],"label":"EASTBURY SURGERY"},"geometry":{"type":"Polygon","coordinates":[[[-0.42057,51.63336],[-0.41866,51.6316],[-0.41491,51.63211],[-0.41388,51.62889],[-0.41353,51.62688],[-0.4134,51.62676],[-0.41255,51.62476],[-0.40984,51.62329],[-0.40778,51.62159],[-0.40757,51.61906],[-0.40752,51.61772],[-0.40679,51.61647],[-0.40611,51.61554],[-0.40534,51.61498],[-0.40439,51.61466],[-0.40332,51.61034],[-0.40276,51.60869],[-0.40177,51.60634],[-0.40915,51.60245],[-0.41134,51.60253],[-0.41529,51.59837],[-0.4452,51.59792],[-0.44855,51.59781],[-0.45207,51.6045],[-0.45319,51.61119],[-0.44606,51.61834],[-0.44628,51.62311],[-0.44683,51.62787],[-0.44598,51.63296],[-0.42057,51.63336]]]}},{"type":"Feature","properties":{"source_code":"E81048","codes":["E81048"],"label":"BUTE HOUSE MEDICAL CENTRE"},"geometry":{"type":"Polygon","coordinates":[[[-0.44099,51.88043],[-0.43999,51.8806],[-0.43895,51.88064],[-0.4369,51.88047],[-0.43608,51.8825],[-0.43785,51.88257],[-0.43976,51.8829],[-0.4419,51.88316],[-0.44384,51.8835],[-0.44412,51.8829],[-0.44717,51.88209],[-0.44864,51.88172],[-0.45011,51.88161],[-0.45207,51.88169],[-0.4539,51.88203],[-0.45554,51.88287],[-0.45592,51.88317],[-0.45617,51.8835],[-0.45616,51.88418],[-0.45597,51.88496],[-0.45647,51.88503],[-0.45692,51.88518],[-0.45711,51.88533],[-0.45722,51.88551],[-0.4573,51.88582],[-0.45716,51.88636],[-0.4569,51.88846],[-0.45625,51.88933],[-0.45608,51.88997],[-0.45575,51.89062],[-0.45513,51.89127],[-0.45473,51.89186],[-0.45418,51.89199],[-0.45361,51.89206],[-0.45266,51.89214],[-0.45245,51.89375],[-0.45221,51.89477],[-0.4517,51.89543],[-0.44903,51.89723],[-0.44762,51.89808],[-0.44695,51.89834],[-0.44626,51.8987],[-0.44436,51.89732],[-0.44334,51.89668],[-0.44215,51.89619],[-0.43988,51.89536],[-0.43872,51.89486],[-0.43757,51.8944],[-0.43651,51.8952],[-0.43595,51.89553],[-0.43529,51.89573],[-0.43308,51.89629],[-0.43267,51.89628],[-0.43238,51.89627],[-0.43156,51.89633],[-0.42997,51.89638],[-0.42682,51.89645],[-0.42464,51.89653],[-0.42288,51.89657],[-0.42205,51.89659],[-0.42164,51.8966],[-0.42129,51.89657],[-0.42112,51.89649],[-0.42111,51.89621],[-0.42118,51.89574],[-0.42116,51.89481],[-0.42115,51.89296],[-0.42117,51.89187],[-0.42121,51.89075],[-0.42121,51.89063],[-0.42122,51.89036],[-0.42125,51.89011],[-0.42126,51.88973],[-0.42126,51.8891],[-0.42126,51.88854],[-0.42126,51.88825],[-0.42118,51.8878],[-0.42119,51.88724],[-0.42114,51.887],[-0.42113,51.88677],[-0.42103,51.88623],[-0.42096,51.88587],[-0.4209,51.8856],[-0.42078,51.88509],[-0.4207,51.88489],[-0.42068,51.88481],[-0.42061,51.88469],[-0.42056,51.88458],[-0.42052,51.88449],[-0.42048,51.88416],[-0.42049,51.88402],[-0.42052,51.88392],[-0.42054,51.88385],[-0.42073,51.88361],[-0.42087,51.88353],[-0.42145,51.88321],[-0.42205,51.88288],[-0.42258,51.88261],[-0.42367,51.88205],[-0.424,51.88188],[-0.42391,51.88162],[-0.42358,51.88116],[-0.42326,51.88079],[-0.42279,51.88038],[-0.42244,51.88009],[-0.42218,51.87988],[-0.42164,51.87945],[-0.42126,51.87922],[-0.42079,51.87897],[-0.42033,51.87873],[-0.41975,51.87841],[-0.41928,51.87814],[-0.41904,51.87798],[-0.41888,51.87788],[-0.41874,51.87779],[-0.4185,51.87764],[-0.41838,51.87755],[-0.41831,51.8775],[-0.41824,51.87746],[-0.41815,51.87741],[-0.41809,51.87738],[-0.418,51.87734],[-0.41796,51.8773],[-0.41786,51.87726],[-0.41784,51.87724],[-0.41779,51.87722],[-0.41777,51.87721],[-0.41772,51.87718],[-0.4177,51.87717],[-0.41765,51.87715],[-0.41761,51.87712],[-0.41755,51.8771],[-0.41751,51.87709],[-0.41749,51.87708],[-0.41746,51.87708],[-0.41742,51.87707],[-0.41741,51.87707],[-0.4174,51.87706],[-0.41738,51.87705],[-0.41737,51.87705],[-0.41735,51.87704],[-0.41734,51.87703],[-0.41733,51.87703],[-0.41732,51.87703],[-0.41731,51.87702],[-0.41729,51.87702],[-0.41728,51.87701],[-0.41723,51.877],[-0.41718,51.87697],[-0.41716,51.87696],[-0.41713,51.87695],[-0.41711,51.87695],[-0.4171,51.87694],[-0.41708,51.87693],[-0.41702,51.87691],[-0.417,51.8769],[-0.41697,51.87689],[-0.41694,51.87688],[-0.41692,51.87687],[-0.4169,51.87686],[-0.41687,51.87685],[-0.41686,51.87685],[-0.41685,51.87685],[-0.41684,51.87684],[-0.41683,51.87684],[-0.41681,51.87683],[-0.4168,51.87683],[-0.41679,51.87682],[-0.41678,51.87682],[-0.41677,51.87681],[-0.41676,51.87681],[-0.41675,51.87681],[-0.41675,51.8768],[-0.41674,51.8768],[-0.41673,51.8768],[-0.41672,51.87679],[-0.41681,51.87672],[-0.41683,51.8767],[-0.41695,51.87661],[-0.41704,51.87653],[-0.41709,51.87649],[-0.41713,51.87642],[-0.4172,51.87637],[-0.41729,51.87626],[-0.41733,51.8762],[-0.41738,51.87613],[-0.41744,51.87608],[-0.4175,51.87603],[-0.41752,51.87598],[-0.41774,51.87565],[-0.41825,51.87498],[-0.41847,51.87466],[-0.41881,51.87427],[-0.41946,51.87385],[-0.42033,51.87332],[-0.42127,51.87292],[-0.42233,51.87254],[-0.42295,51.87228],[-0.42366,51.87187],[-0.42407,51.87138],[-0.4243,51.87087],[-0.42482,51.87056],[-0.42542,51.87024],[-0.42628,51.86997],[-0.42703,51.86971],[-0.42787,51.86923],[-0.42847,51.86883],[-0.42945,51.86836],[-0.43001,51.86812],[-0.43082,51.86786],[-0.43186,51.86759],[-0.43275,51.86723],[-0.43349,51.86679],[-0.4341,51.86643],[-0.43454,51.86643],[-0.43512,51.86653],[-0.43615,51.86674],[-0.43673,51.86686],[-0.43675,51.86727],[-0.43743,51.86783],[-0.4381,51.86896],[-0.43867,51.86947],[-0.43928,51.86995],[-0.44054,51.87114],[-0.44127,51.87165],[-0.44185,51.87228],[-0.44211,51.87264],[-0.44267,51.87319],[-0.4433,51.87368],[-0.44394,51.87419],[-0.44469,51.87472],[-0.4452,51.87519],[-0.44768,51.87739],[-0.4477,51.87828],[-0.44787,51.87866],[-0.44787,51.87875],[-0.44784,51.87874],[-0.44787,51.87876],[-0.44787,51.87875],[-0.44788,51.87875],[-0.44807,51.8788],[-0.44796,51.87894],[-0.44801,51.87896],[-0.4481,51.87899],[-0.44817,51.87905],[-0.4482,51.87908],[-0.44822,51.87912],[-0.44825,51.87918],[-0.44824,51.87921],[-0.4482,51.87929],[-0.44814,51.87935],[-0.44805,51.87939],[-0.44793,51.87941],[-0.44743,51.87948],[-0.44696,51.87955],[-0.44678,51.87958],[-0.44653,51.87956],[-0.44543,51.87892],[-0.44527,51.879],[-0.44486,51.87915],[-0.44431,51.87927],[-0.44401,51.87936],[-0.44345,51.87961],[-0.44248,51.88002],[-0.44179,51.88029],[-0.44099,51.88043]]]}},{"type":"Feature","properties":{"source_code":"E81631","codes":["E81631"],"label":"MALZEARD ROAD PRACTICE"},"geometry":{"type":"Polygon","coordinates":[[[-0.42366,51.89005],[-0.401,51.87734],[-0.39688,51.87246],[-0.39495,51.87251],[-0.39347,51.87119],[-0.44941,51.87437],[-0.4858,51.88984],[-0.4695,51.92087],[-0.39911,51.92542],[-0.36153,51.89281],[-0.37904,51.87289],[-0.39495,51.87251],[-0.39964,51.8767],[-0.42366,51.89005]]]}},{"type":"Feature","properties":{"source_code":"E81032","codes":["E81032"],"label":"LEA VALE MEDICAL PRACTICE"},"geometry":{"type":"Polygon","coordinates":[[[-0.51052,51.88688],[-0.47035,51.93178],[-0.36942,51.9214],[-0.35105,51.88825],[-0.36976,51.85211],[-0.50262,51.88285],[-0.51052,51.88688]]]}},{"type":"Feature","properties":{"source_code":"E82013","codes":["E82013"],"label":"BRIDGEWATER SURGERIES"},"geometry":{"type":"Polygon","coordinates":[[[-0.37527,51.67963],[-0.37785,51.66202],[-0.38454,51.64657],[-0.39392,51.63824],[-0.39822,51.63889],[-0.40175,51.6401],[-0.40684,51.638],[-0.40976,51.6373],[-0.42126,51.63869],[-0.42731,51.63971],[-0.42793,51.64155],[-0.43898,51.64521],[-0.44266,51.64554],[-0.4432,51.64639],[-0.44402,51.64751],[-0.44336,51.64769],[-0.44394,51.64769],[-0.44392,51.64763],[-0.44407,51.64757],[-0.44402,51.64751],[-0.44427,51.64744],[-0.44777,51.64878],[-0.45244,51.65028],[-0.45194,51.65356],[-0.45491,51.65273],[-0.4541,51.65468],[-0.4543,51.65639],[-0.45445,51.66043],[-0.45461,51.6665],[-0.45553,51.67449],[-0.4549,51.67865],[-0.4508,51.68088],[-0.44879,51.68399],[-0.4417,51.68814],[-0.43445,51.68891],[-0.43067,51.68803],[-0.42982,51.6878],[-0.42038,51.6895],[-0.41832,51.68864],[-0.41394,51.68833],[-0.41518,51.68675],[-0.41199,51.68831],[-0.41113,51.68996],[-0.40735,51.70326],[-0.39873,51.7036],[-0.39442,51.70287],[-0.38901,51.704],[-0.38411,51.70748],[-0.37908,51.71265],[-0.375,51.71549],[-0.37092,51.71439],[-0.3593,51.71107],[-0.37483,51.69352],[-0.37527,51.67963]]]}},{"type":"Feature","properties":{"source_code":"E82046","codes":["E82046"],"label":"VINE HOUSE HEALTH CENTRE"},"geometry":{"type":"Polygon","coordinates":[[[-0.42598,51.74584],[-0.41285,51.73181],[-0.39276,51.73155],[-0.38349,51.70427],[-0.38512,51.69589],[-0.38536,51.6949],[-0.38594,51.6939],[-0.38841,51.69413],[-0.38825,51.69309],[-0.38903,51.69236],[-0.39017,51.69212],[-0.39132,51.69212],[-0.39323,51.69181],[-0.39783,51.69198],[-0.39962,51.69237],[-0.4018,51.69248],[-0.40257,51.69254],[-0.40295,51.69229],[-0.4032,51.69174],[-0.40363,51.69282],[-0.40427,51.69275],[-0.40525,51.69391],[-0.40397,51.69179],[-0.40522,51.69132],[-0.40669,51.6907],[-0.41156,51.68788],[-0.42062,51.68463],[-0.4304,51.69057],[-0.44194,51.71041],[-0.4531,51.73283],[-0.44551,51.73693],[-0.44572,51.73708],[-0.4455,51.73694],[-0.4355,51.74234],[-0.42598,51.74584]]]}},{"type":"Feature","properties":{"source_code":"E81073","codes":["E81073"],"label":"THE MEDICI MEDICAL PRACTICE"},"geometry":{"type":"Polygon","coordinates":[[[-0.44632,51.92945],[-0.42229,51.93157],[-0.39413,51.93114],[-0.37971,51.92479],[-0.3598,51.91124],[-0.35088,51.90277],[-0.34264,51.88836],[-0.34538,51.8714],[-0.35706,51.85699],[-0.37903,51.85317],[-0.40752,51.85105],[-0.43396,51.84893],[-0.46074,51.85147],[-0.47928,51.86547],[-0.49095,51.87098],[-0.50001,51.87114],[-0.49738,51.87476],[-0.50209,51.87432],[-0.50264,51.87374],[-0.50357,51.87437],[-0.50468,51.87649],[-0.50596,51.8788],[-0.50778,51.88331],[-0.50977,51.88793],[-0.5072,51.89333],[-0.50627,51.89712],[-0.50407,51.89798],[-0.49501,51.91043],[-0.48409,51.91929],[-0.47241,51.92352],[-0.45937,51.92945],[-0.44632,51.92945]]]}},{"type":"Feature","properties":{"source_code":"Y02463","codes":["Y02463"],"label":"THE TOWN CENTRE PRACTICE"},"geometry":{"type":"Polygon","coordinates":[[[-0.43756,51.92797],[-0.40787,51.91209],[-0.41079,51.90605],[-0.39894,51.9033],[-0.38658,51.91187],[-0.35894,51.88762],[-0.39928,51.87119],[-0.41113,51.86738],[-0.42383,51.87034],[-0.43602,51.86557],[-0.49078,51.9214],[-0.43756,51.92797]]]}},{"type":"Feature","properties":{"source_code":"E81013","codes":["E81013"],"label":"CASTLE MEDICAL GROUP PRACTICE"},"geometry":{"type":"Polygon","coordinates":[[[-0.41521,51.85966],[-0.41915,51.85632],[-0.42473,51.85754],[-0.42714,51.85948],[-0.42812,51.86155],[-0.43422,51.86528],[-0.43426,51.86661],[-0.4431,51.87276],[-0.45739,51.8828],[-0.46001,51.88425],[-0.45713,51.88778],[-0.45482,51.89183],[-0.4525,51.89217],[-0.45228,51.89482],[-0.44632,51.89871],[-0.44031,51.90213],[-0.4389,51.90356],[-0.43559,51.90631],[-0.43473,51.90846],[-0.43323,51.91116],[-0.42954,51.91383],[-0.42666,51.91632],[-0.42465,51.90986],[-0.4228,51.90332],[-0.41692,51.90491],[-0.41611,51.90157],[-0.41057,51.9016],[-0.40594,51.90197],[-0.40186,51.90168],[-0.39851,51.90187],[-0.39564,51.90229],[-0.3925,51.90022],[-0.3901,51.89948],[-0.38877,51.89728],[-0.38568,51.89615],[-0.38203,51.89495],[-0.37843,51.89347],[-0.37727,51.89241],[-0.37688,51.89058],[-0.3765,51.88955],[-0.37495,51.88873],[-0.37096,51.88741],[-0.37469,51.88613],[-0.37834,51.88513],[-0.38087,51.88409],[-0.38778,51.88253],[-0.38817,51.87742],[-0.38924,51.87376],[-0.38903,51.87199],[-0.39092,51.87042],[-0.39332,51.86968],[-0.39752,51.86973],[-0.40109,51.86905],[-0.40336,51.86754],[-0.40761,51.863],[-0.41207,51.86051],[-0.41521,51.85966]]]}},{"type":"Feature","properties":{"source_code":"E82096","codes":["E82096"],"label":"SHEEPCOT MEDICAL CENTRE"},"geometry":{"type":"MultiPolygon","coordinates":[[[[-0.35041,51.70238],[-0.35027,51.7024],[-0.35004,51.70232],[-0.34974,51.70235],[-0.34948,51.70241],[-0.34828,51.70259],[-0.34862,51.70245],[-0.35024,51.70228],[-0.35041,51.70238]]],[[[-0.34828,51.70259],[-0.34805,51.70268],[-0.34787,51.7027],[-0.34812,51.70261],[-0.34828,51.70259]]],[[[-0.35222,51.70346],[-0.35205,51.70333],[-0.35194,51.7033],[-0.35153,51.70305],[-0.35151,51.70302],[-0.35079,51.70257],[-0.35065,51.70252],[-0.35041,51.70238],[-0.35066,51.70235],[-0.35175,51.70309],[-0.3524,51.70357],[-0.35222,51.70346]]],[[[-0.34787,51.7027],[-0.34573,51.70347],[-0.3455,51.70354],[-0.34771,51.70272],[-0.34787,51.7027]]],[[[-0.3455,51.70354],[-0.34478,51.70381],[-0.34498,51.7037],[-0.3455,51.70354]]],[[[-0.35269,51.70378],[-0.3524,51.70357],[-0.35307,51.70397],[-0.35306,51.70398],[-0.35269,51.70378]]],[[[-0.35307,51.70397],[-0.35312,51.70388],[-0.35315,51.70398],[-0.35311,51.70399],[-0.35307,51.70397]]],[[[-0.34478,51.70381],[-0.34476,51.70381],[-0.34458,51.70388],[-0.34478,51.70381]]],[[[-0.35317,51.70403],[-0.35315,51.70398],[-0.354,51.70362],[-0.35319,51.70404],[-0.35317,51.70403]]],[[[-0.35397,51.72634],[-0.3489,51.72426],[-0.34684,51.72355],[-0.3453,51.72202],[-0.34354,51.72167],[-0.34201,51.72145],[-0.34465,51.7178],[-0.3536,51.71026],[-0.34878,51.70933],[-0.34404,51.70942],[-0.33984,51.70951],[-0.33667,51.70972],[-0.33676,51.70812],[-0.33599,51.70745],[-0.33781,51.70718],[-0.33972,51.70728],[-0.34271,51.70673],[-0.34286,51.70482],[-0.34476,51.70381],[-0.34573,51.70347],[-0.34727,51.70299],[-0.34805,51.70268],[-0.35027,51.7024],[-0.35065,51.70252],[-0.35153,51.70305],[-0.35161,51.70319],[-0.35194,51.7033],[-0.35222,51.70346],[-0.35252,51.70369],[-0.35269,51.70378],[-0.35303,51.70403],[-0.35311,51.70399],[-0.35317,51.70403],[-0.35318,51.70405],[-0.353,51.70414],[-0.35318,51.70406],[-0.35323,51.7042],[-0.35329,51.7041],[-0.35346,51.7042],[-0.35423,51.70372],[-0.35539,51.70315],[-0.35545,51.70304],[-0.35731,51.70221],[-0.35573,51.70288],[-0.35605,51.7027],[-0.35622,51.70247],[-0.35569,51.70281],[-0.35524,51.70309],[-0.354,51.70362],[-0.35723,51.70193],[-0.36581,51.70068],[-0.3707,51.69612],[-0.37452,51.69298],[-0.37695,51.68429],[-0.37268,51.67559],[-0.37826,51.67128],[-0.38441,51.66932],[-0.38974,51.67107],[-0.39524,51.67223],[-0.39707,51.67262],[-0.39841,51.67267],[-0.39989,51.67285],[-0.40151,51.67328],[-0.4021,51.67356],[-0.40285,51.67381],[-0.40346,51.67399],[-0.40368,51.67426],[-0.40364,51.67451],[-0.40447,51.67534],[-0.40514,51.67573],[-0.40594,51.67604],[-0.40729,51.67648],[-0.40825,51.67707],[-0.40969,51.67638],[-0.41041,51.67591],[-0.40867,51.67452],[-0.40744,51.67314],[-0.39997,51.66702],[-0.40847,51.66356],[-0.41216,51.6618],[-0.41448,51.66205],[-0.41675,51.6633],[-0.42452,51.66114],[-0.42675,51.66245],[-0.42486,51.66398],[-0.42778,51.67011],[-0.43044,51.67766],[-0.43123,51.6791],[-0.4298,51.68011],[-0.43207,51.68203],[-0.43383,51.68527],[-0.43342,51.68714],[-0.43575,51.69256],[-0.43692,51.69443],[-0.43612,51.69765],[-0.43882,51.69973],[-0.44017,51.7011],[-0.4405,51.7022],[-0.44134,51.70241],[-0.43267,51.70855],[-0.42229,51.71384],[-0.40366,51.71395],[-0.38547,51.71592],[-0.38405,51.71887],[-0.38265,51.71736],[-0.37861,51.71693],[-0.37273,51.71618],[-0.37064,51.7156],[-0.36642,51.71982],[-0.36406,51.72127],[-0.3621,51.72257],[-0.35992,51.72408],[-0.35948,51.72582],[-0.36007,51.72778],[-0.35929,51.72884],[-0.35753,51.72823],[-0.35628,51.72737],[-0.35388,51.726],[-0.35397,51.72634]]],[[[-0.35498,51.70326],[-0.35524,51.70309],[-0.35573,51.70288],[-0.35545,51.70304],[-0.35545,51.70304],[-0.35498,51.70326]]],[[[-0.35498,51.70326],[-0.35423,51.70372],[-0.35374,51.70396],[-0.35338,51.70397],[-0.35498,51.70326]]],[[[-0.35338,51.70397],[-0.35337,51.70398],[-0.35337,51.70397],[-0.35338,51.70397]]],[[[-0.35321,51.70405],[-0.35318,51.70406],[-0.35318,51.70405],[-0.35319,51.70404],[-0.35321,51.70405]]],[[[-0.35321,51.70405],[-0.35337,51.70398],[-0.35329,51.7041],[-0.35321,51.70405]]]]}},{"type":"Feature","properties":{"source_code":"E86041","codes":["E86041"],"label":"ACRE SURGERY"},"geometry":{"type":"Polygon","coordinates":[[[-0.44426,51.62015],[-0.38658,51.61951],[-0.37113,51.60075],[-0.40516,51.58691],[-0.4239,51.58404],[-0.43361,51.58261],[-0.43851,51.59184],[-0.44645,51.60104],[-0.44544,51.60617],[-0.43894,51.61066],[-0.44426,51.62015]]]}},{"type":"Feature","properties":{"source_code":"E86618","codes":["E86618"],"label":"CAREPOINT PRACTICE"},"geometry":{"type":"Polygon","coordinates":[[[-0.39173,51.59797],[-0.40821,51.58661],[-0.42898,51.58883],[-0.4379,51.59894],[-0.42615,51.60496],[-0.42323,51.61026],[-0.42143,51.61583],[-0.40701,51.61791],[-0.39877,51.61183],[-0.39688,51.6065],[-0.39173,51.59797]]]}},{"type":"Feature","properties":{"source_code":"E82069","codes":["E82069"],"label":"THE ELMS SURGERY"},"geometry":{"type":"Polygon","coordinates":[[[-0.33852,51.64412],[-0.33551,51.64018],[-0.33998,51.63762],[-0.34508,51.63624],[-0.35564,51.63533],[-0.36159,51.63573],[-0.36776,51.63974],[-0.36903,51.63818],[-0.36952,51.63833],[-0.37036,51.63842],[-0.3756,51.63432],[-0.38654,51.62644],[-0.39614,51.62522],[-0.40201,51.62437],[-0.40358,51.62268],[-0.42263,51.62835],[-0.43568,51.62654],[-0.44494,51.62761],[-0.45284,51.6291],[-0.4458,51.63368],[-0.45387,51.634],[-0.45593,51.63528],[-0.45216,51.64061],[-0.46005,51.64103],[-0.45799,51.64945],[-0.45834,51.65488],[-0.46426,51.65914],[-0.46829,51.66329],[-0.47001,51.66601],[-0.46709,51.66915],[-0.44529,51.6766],[-0.44392,51.68139],[-0.44778,51.68943],[-0.44735,51.69608],[-0.43877,51.70374],[-0.43851,51.70352],[-0.43748,51.70368],[-0.4355,51.70267],[-0.42855,51.70281],[-0.4222,51.70391],[-0.41465,51.70991],[-0.40847,51.69895],[-0.40029,51.7062],[-0.39376,51.7094],[-0.3837,51.70878],[-0.38007,51.70232],[-0.37618,51.69554],[-0.37538,51.68855],[-0.37615,51.68458],[-0.37259,51.67617],[-0.36725,51.67197],[-0.36385,51.66971],[-0.36155,51.66847],[-0.3589,51.66702],[-0.35118,51.663],[-0.34242,51.65794],[-0.33749,51.65381],[-0.33624,51.65142],[-0.33444,51.65041],[-0.33387,51.64917],[-0.33352,51.64801],[-0.33358,51.64774],[-0.33433,51.64753],[-0.33792,51.64628],[-0.33783,51.64551],[-0.33852,51.64412]]]}},{"type":"Feature","properties":{"source_code":"E86014","codes":["E86014"],"label":"CEDARS MEDICAL CENTRE"},"geometry":{"type":"MultiPolygon","coordinates":[[[[-0.4044,51.56158],[-0.40418,51.56197],[-0.40342,51.56251],[-0.4044,51.56158]]],[[[-0.42447,51.56851],[-0.42508,51.56775],[-0.42563,51.56749],[-0.4243,51.56876],[-0.42447,51.56851]]],[[[-0.4242,51.56884],[-0.4243,51.56876],[-0.42385,51.56938],[-0.42373,51.56943],[-0.4242,51.56884]]],[[[-0.4235,51.56951],[-0.42352,51.56949],[-0.42354,51.56951],[-0.42373,51.56943],[-0.4236,51.5696],[-0.4235,51.56951]]],[[[-0.42273,51.57081],[-0.42333,51.5701],[-0.42339,51.56986],[-0.4236,51.5696],[-0.42366,51.56965],[-0.42385,51.56938],[-0.42428,51.56921],[-0.42272,51.57083],[-0.42273,51.57081]]],[[[-0.3902,51.56364],[-0.39014,51.56367],[-0.3908,51.56339],[-0.39135,51.56314],[-0.3902,51.56364],[-0.39235,51.56263],[-0.39278,51.56296],[-0.39331,51.56322],[-0.39608,51.56185],[-0.39891,51.56065],[-0.39979,51.56022],[-0.39971,51.56016],[-0.39979,51.56021],[-0.3998,51.56021],[-0.39986,51.56025],[-0.39993,51.56022],[-0.40042,51.56063],[-0.4009,51.56097],[-0.40092,51.56099],[-0.40188,51.56164],[-0.40198,51.56164],[-0.40198,51.56171],[-0.40219,51.56185],[-0.40264,51.56211],[-0.40285,51.56229],[-0.40319,51.56249],[-0.40337,51.56254],[-0.40342,51.56251],[-0.40342,51.56251],[-0.40342,51.56251],[-0.40377,51.56233],[-0.40404,51.56217],[-0.40443,51.56164],[-0.40452,51.5615],[-0.40457,51.56141],[-0.4044,51.56158],[-0.40452,51.56136],[-0.40465,51.56128],[-0.40489,51.56084],[-0.40526,51.56068],[-0.40533,51.56062],[-0.40917,51.55882],[-0.40918,51.55846],[-0.40935,51.55872],[-0.41182,51.56085],[-0.41928,51.55776],[-0.42072,51.56057],[-0.41965,51.56209],[-0.41876,51.56222],[-0.41829,51.56225],[-0.41731,51.56207],[-0.41552,51.56161],[-0.41266,51.5613],[-0.41338,51.56222],[-0.4138,51.56276],[-0.41431,51.56241],[-0.417,51.5632],[-0.4192,51.5639],[-0.41951,51.56402],[-0.42583,51.5666],[-0.42447,51.56851],[-0.4242,51.56884],[-0.42352,51.56949],[-0.42302,51.56911],[-0.4222,51.5684],[-0.42215,51.5684],[-0.42203,51.56829],[-0.42023,51.56848],[-0.42215,51.5684],[-0.42229,51.56853],[-0.42302,51.56911],[-0.4235,51.56951],[-0.42347,51.56954],[-0.42339,51.56986],[-0.42278,51.57062],[-0.42273,51.57081],[-0.42262,51.57093],[-0.42272,51.57083],[-0.42254,51.57145],[-0.4225,51.57248],[-0.42503,51.57472],[-0.42619,51.57592],[-0.42709,51.57723],[-0.42512,51.57734],[-0.41654,51.57808],[-0.41233,51.5808],[-0.41233,51.58087],[-0.41224,51.58095],[-0.40572,51.58107],[-0.40559,51.58098],[-0.40203,51.58162],[-0.4021,51.5816],[-0.39946,51.57856],[-0.39783,51.57718],[-0.39628,51.57494],[-0.38873,51.56853],[-0.38579,51.56549],[-0.38996,51.56374],[-0.3902,51.56364]]],[[[-0.40471,51.56123],[-0.4049,51.56096],[-0.40511,51.56079],[-0.40491,51.56089],[-0.40471,51.56123]]],[[[-0.40311,51.56247],[-0.40294,51.56236],[-0.40306,51.56246],[-0.40311,51.56247]]],[[[-0.40176,51.56163],[-0.40159,51.56153],[-0.40165,51.56163],[-0.40176,51.56163]]],[[[-0.39984,51.56026],[-0.39983,51.56025],[-0.39957,51.56037],[-0.39984,51.56026]]],[[[-0.39243,51.56279],[-0.39233,51.56272],[-0.39231,51.56273],[-0.39243,51.56279]]]]}},{"type":"Feature","properties":{"source_code":"E82105","codes":["E82105"],"label":"ABBOTSWOOD MEDICAL CENTRE"},"geometry":{"type":"Polygon","coordinates":[[[-0.43018,51.71458],[-0.41285,51.73043],[-0.38692,51.73362],[-0.37302,51.73054],[-0.3574,51.7231],[-0.35019,51.71151],[-0.3574,51.70235],[-0.3713,51.69384],[-0.37165,51.67564],[-0.37731,51.66085],[-0.39585,51.65435],[-0.41902,51.66201],[-0.43345,51.67265],[-0.45043,51.68895],[-0.45165,51.69661],[-0.45077,51.7015],[-0.44666,51.70576],[-0.4453,51.70661],[-0.44178,51.70698],[-0.43929,51.7082],[-0.43843,51.71022],[-0.43018,51.71458]]]}},{"type":"Feature","properties":{"source_code":"E82045","codes":["E82045"],"label":"WATFORD HEALTH CENTRE"},"geometry":{"type":"Polygon","coordinates":[[[-0.43005,51.68333],[-0.42812,51.68432],[-0.42593,51.68424],[-0.4207,51.68514],[-0.41692,51.68543],[-0.40418,51.68336],[-0.3931,51.68168],[-0.39242,51.68099],[-0.38735,51.68025],[-0.38388,51.6791],[-0.37388,51.6724],[-0.37701,51.66997],[-0.37967,51.66939],[-0.38216,51.66755],[-0.38332,51.6642],[-0.38461,51.66199],[-0.38388,51.65885],[-0.38731,51.65592],[-0.38684,51.65251],[-0.38692,51.64945],[-0.38607,51.6478],[-0.38493,51.64695],[-0.38651,51.64598],[-0.38768,51.6454],[-0.38989,51.64493],[-0.39246,51.64391],[-0.39519,51.64236],[-0.39916,51.64061],[-0.40233,51.63805],[-0.40551,51.63613],[-0.41971,51.64362],[-0.42327,51.64396],[-0.42675,51.64804],[-0.42984,51.6515],[-0.42821,51.65994],[-0.43018,51.67708],[-0.43005,51.68333]]]}},{"type":"Feature","properties":{"source_code":"E82015","codes":["E82015"],"label":"SUTHERGREY HOUSE MEDICAL CENTRE"},"geometry":{"type":"Polygon","coordinates":[[[-0.40323,51.64657],[-0.41277,51.64933],[-0.41402,51.64945],[-0.41519,51.65002],[-0.41847,51.65039],[-0.42549,51.652],[-0.42376,51.65636],[-0.42204,51.65933],[-0.42334,51.66586],[-0.4239,51.66888],[-0.42304,51.67207],[-0.42593,51.67789],[-0.42847,51.68036],[-0.42993,51.68309],[-0.42943,51.68449],[-0.4278,51.68407],[-0.42682,51.68384],[-0.42595,51.68383],[-0.42296,51.68432],[-0.42005,51.68493],[-0.41927,51.68489],[-0.41642,51.68523],[-0.41691,51.68398],[-0.41581,51.68482],[-0.41156,51.68414],[-0.40954,51.67994],[-0.40281,51.67601],[-0.39635,51.6724],[-0.39054,51.67128],[-0.38545,51.66959],[-0.38432,51.66921],[-0.38328,51.6709],[-0.38682,51.66471],[-0.3886,51.65879],[-0.38868,51.65702],[-0.3904,51.65688],[-0.39293,51.65298],[-0.39607,51.65115],[-0.40323,51.64657]]]}},{"type":"Feature","properties":{"source_code":"E86006","codes":["E86006"],"label":"THE DEVONSHIRE LODGE PRACTICE"},"geometry":{"type":"MultiPolygon","coordinates":[[[[-0.39006,51.59007],[-0.39008,51.59007],[-0.39003,51.59007],[-0.39006,51.59007]]],[[[-0.38974,51.59007],[-0.39003,51.59007],[-0.3898,51.59008],[-0.38974,51.59007]]],[[[-0.38866,51.58997],[-0.38931,51.59002],[-0.38974,51.59007],[-0.38802,51.59008],[-0.38866,51.58997]]],[[[-0.39006,51.59007],[-0.38931,51.59002],[-0.38879,51.58995],[-0.38866,51.58997],[-0.38849,51.58996],[-0.38757,51.59014],[-0.38692,51.59008],[-0.38692,51.58966],[-0.38707,51.58922],[-0.38707,51.58888],[-0.3871,51.58854],[-0.38695,51.58812],[-0.38675,51.5877],[-0.38652,51.58739],[-0.38519,51.58754],[-0.38435,51.58728],[-0.38377,51.58706],[-0.38272,51.58654],[-0.38296,51.58624],[-0.38319,51.58579],[-0.38326,51.58526],[-0.3833,51.58482],[-0.38341,51.58291],[-0.38268,51.58215],[-0.38199,51.58194],[-0.3813,51.58182],[-0.38098,51.58163],[-0.38115,51.58127],[-0.38135,51.58082],[-0.3815,51.58034],[-0.38156,51.57982],[-0.38169,51.57935],[-0.38197,51.57866],[-0.3822,51.57795],[-0.383,51.57771],[-0.3839,51.57756],[-0.38521,51.57762],[-0.38686,51.57763],[-0.38783,51.57762],[-0.38896,51.57644],[-0.38834,51.57624],[-0.38836,51.57591],[-0.38817,51.57558],[-0.38798,51.57472],[-0.38729,51.57363],[-0.3871,51.57324],[-0.38641,51.57272],[-0.38615,51.57223],[-0.38626,51.57184],[-0.38635,51.57162],[-0.38639,51.57128],[-0.38632,51.57138],[-0.38609,51.57089],[-0.38518,51.56993],[-0.38448,51.56889],[-0.38317,51.56708],[-0.38589,51.56639],[-0.38351,51.56692],[-0.3833,51.56635],[-0.383,51.56563],[-0.3827,51.56505],[-0.38268,51.56452],[-0.38268,51.56381],[-0.38323,51.56348],[-0.38373,51.56383],[-0.38414,51.56429],[-0.38469,51.56477],[-0.38613,51.56612],[-0.38924,51.56887],[-0.38963,51.56859],[-0.39004,51.56821],[-0.39066,51.56785],[-0.39139,51.56777],[-0.39152,51.56789],[-0.39201,51.56764],[-0.39334,51.56741],[-0.3945,51.56736],[-0.39504,51.56737],[-0.39486,51.56728],[-0.39497,51.56699],[-0.39489,51.56668],[-0.39506,51.56645],[-0.39577,51.56633],[-0.39688,51.56621],[-0.39744,51.56617],[-0.39847,51.56595],[-0.39913,51.56551],[-0.39939,51.56527],[-0.39971,51.56505],[-0.40014,51.56468],[-0.4007,51.56423],[-0.40137,51.56384],[-0.40237,51.56333],[-0.40323,51.56287],[-0.40282,51.56263],[-0.4036,51.56231],[-0.40422,51.56189],[-0.40435,51.56144],[-0.40469,51.56092],[-0.40516,51.56054],[-0.40609,51.5601],[-0.40838,51.55902],[-0.40943,51.55858],[-0.40905,51.55902],[-0.4095,51.55934],[-0.41059,51.56018],[-0.41306,51.56229],[-0.41499,51.56469],[-0.41664,51.56569],[-0.41759,51.56651],[-0.41922,51.56791],[-0.4201,51.56852],[-0.42121,51.56857],[-0.42222,51.56863],[-0.42267,51.56921],[-0.42278,51.56956],[-0.42207,51.57088],[-0.42233,51.57262],[-0.42312,51.57352],[-0.42493,51.57475],[-0.42639,51.57634],[-0.42681,51.57684],[-0.42664,51.57706],[-0.42606,51.57724],[-0.42475,51.57736],[-0.41965,51.57775],[-0.4163,51.57807],[-0.41508,51.57836],[-0.41366,51.57944],[-0.4116,51.5813],[-0.41049,51.58206],[-0.40958,51.58238],[-0.4092,51.58328],[-0.40967,51.5834],[-0.41051,51.58423],[-0.41083,51.58526],[-0.41115,51.58606],[-0.41117,51.58674],[-0.41134,51.58718],[-0.4122,51.58816],[-0.41317,51.58903],[-0.41358,51.58963],[-0.41486,51.59202],[-0.41566,51.5931],[-0.41649,51.59376],[-0.41669,51.59435],[-0.41579,51.59498],[-0.41437,51.59596],[-0.41342,51.5962],[-0.4119,51.59649],[-0.41053,51.59673],[-0.4104,51.59724],[-0.41042,51.5978],[-0.40995,51.60021],[-0.40971,51.60051],[-0.40941,51.60045],[-0.4093,51.6004],[-0.40958,51.60056],[-0.40917,51.60034],[-0.40382,51.59781],[-0.40255,51.59744],[-0.40124,51.59705],[-0.40054,51.59689],[-0.39941,51.59675],[-0.39744,51.59629],[-0.39734,51.59617],[-0.39695,51.59608],[-0.39676,51.59542],[-0.39662,51.59525],[-0.39658,51.59483],[-0.39617,51.59342],[-0.39589,51.5931],[-0.39611,51.59322],[-0.39598,51.59278],[-0.39308,51.59287],[-0.39212,51.59198],[-0.39233,51.59162],[-0.39246,51.59094],[-0.39253,51.59043],[-0.39244,51.59088],[-0.3925,51.59042],[-0.39255,51.59022],[-0.39195,51.58998],[-0.3915,51.5899],[-0.39107,51.59],[-0.39027,51.59006],[-0.39006,51.59007]]]]}},{"type":"Feature","properties":{"source_code":"E86022","codes":["E86022"],"label":"THE ABBOTSBURY PRACTICE"},"geometry":{"type":"Polygon","coordinates":[[[-0.40353,51.58851],[-0.39585,51.59096],[-0.39675,51.59451],[-0.39697,51.59547],[-0.39817,51.5968],[-0.3974,51.5976],[-0.39589,51.59792],[-0.39456,51.598],[-0.39298,51.59885],[-0.39113,51.59811],[-0.38439,51.59549],[-0.38195,51.5939],[-0.38195,51.59262],[-0.38032,51.59102],[-0.37963,51.59038],[-0.37817,51.58976],[-0.37684,51.58947],[-0.37632,51.58862],[-0.37495,51.58694],[-0.37439,51.58574],[-0.37358,51.58363],[-0.37748,51.58147],[-0.38023,51.57998],[-0.38208,51.5783],[-0.38379,51.57755],[-0.39727,51.5763],[-0.40499,51.57435],[-0.40765,51.57403],[-0.40242,51.58468],[-0.40519,51.58564],[-0.40353,51.58851]]]}},{"type":"Feature","properties":{"source_code":"E82014","codes":["E82014"],"label":"LODGE,HIGHFIELD & REDBOURN"},"geometry":{"type":"Polygon","coordinates":[[[-0.24479,51.76019],[-0.252,51.73894],[-0.2702,51.73043],[-0.30006,51.71533],[-0.34126,51.72469],[-0.37113,51.7232],[-0.37216,51.7451],[-0.42226,51.76253],[-0.43943,51.78993],[-0.41368,51.80819],[-0.35123,51.80586],[-0.33475,51.78186],[-0.3035,51.78398],[-0.25578,51.7791],[-0.24479,51.76019]]]}},{"type":"Feature","properties":{"source_code":"E81006","codes":["E81006"],"label":"STOPSLEY VILLAGE PRACTICE"},"geometry":{"type":"Polygon","coordinates":[[[-0.32581,51.88253],[-0.35963,51.88709],[-0.36804,51.88762],[-0.37113,51.88751],[-0.38795,51.88264],[-0.39877,51.87819],[-0.40615,51.88115],[-0.4101,51.88253],[-0.41731,51.88348],[-0.42057,51.88412],[-0.4216,51.88921],[-0.42109,51.89652],[-0.42349,51.9069],[-0.42675,51.91653],[-0.42864,51.92183],[-0.43096,51.92696],[-0.39001,51.93675],[-0.33354,51.93421],[-0.32684,51.90277],[-0.32633,51.89726],[-0.32581,51.88253]]]}},{"type":"Feature","properties":{"source_code":"E86011","codes":["E86011"],"label":"OXFORD DRIVE MEDICAL CENTRE"},"geometry":{"type":"Polygon","coordinates":[[[-0.41061,51.56066],[-0.41937,51.55724],[-0.42109,51.56034],[-0.41971,51.56365],[-0.42617,51.56647],[-0.42576,51.56737],[-0.42295,51.56993],[-0.42246,51.57101],[-0.42327,51.57301],[-0.42563,51.57474],[-0.42709,51.57688],[-0.42701,51.5772],[-0.42649,51.57741],[-0.42503,51.57757],[-0.4157,51.57834],[-0.41285,51.58061],[-0.41066,51.58229],[-0.40983,51.58236],[-0.40969,51.58288],[-0.40951,51.58348],[-0.40907,51.58381],[-0.40516,51.58578],[-0.40486,51.58696],[-0.40365,51.58757],[-0.4038,51.58837],[-0.40177,51.58897],[-0.39973,51.58978],[-0.39777,51.59031],[-0.39581,51.5907],[-0.39271,51.58782],[-0.39227,51.58598],[-0.3919,51.58453],[-0.39186,51.58301],[-0.3918,51.58233],[-0.39152,51.5817],[-0.38876,51.5773],[-0.3889,51.57738],[-0.38873,51.57725],[-0.38876,51.5773],[-0.38873,51.57728],[-0.38826,51.5765],[-0.38748,51.57506],[-0.38675,51.57354],[-0.38529,51.5717],[-0.38911,51.56904],[-0.38757,51.56759],[-0.38589,51.56613],[-0.38366,51.56693],[-0.38338,51.56628],[-0.38314,51.56582],[-0.3829,51.56517],[-0.3827,51.56457],[-0.38366,51.5642],[-0.38304,51.56376],[-0.38221,51.56278],[-0.3804,51.56087],[-0.38026,51.5604],[-0.38047,51.55995],[-0.38107,51.55915],[-0.38717,51.55749],[-0.38783,51.55717],[-0.3885,51.55697],[-0.38993,51.55647],[-0.39106,51.55621],[-0.3922,51.55615],[-0.39256,51.55611],[-0.39281,51.55553],[-0.39798,51.55668],[-0.40199,51.55804],[-0.41061,51.56066]]]}},{"type":"Feature","properties":{"source_code":"E81617","codes":["E81617"],"label":"DR PS BATH'S PRACTICE"},"geometry":{"type":"Polygon","coordinates":[[[-0.40765,51.90131],[-0.40285,51.90502],[-0.39935,51.90797],[-0.39611,51.90981],[-0.39315,51.91121],[-0.38916,51.91145],[-0.37285,51.92754],[-0.36564,51.92881],[-0.35718,51.93069],[-0.34135,51.93363],[-0.33071,51.93434],[-0.34083,51.90695],[-0.33397,51.90173],[-0.32581,51.89673],[-0.31888,51.88968],[-0.32774,51.87734],[-0.35225,51.88688],[-0.35877,51.88698],[-0.36463,51.88678],[-0.37049,51.88717],[-0.37193,51.88692],[-0.37337,51.88641],[-0.37647,51.88551],[-0.38233,51.88362],[-0.38536,51.88298],[-0.388,51.88235],[-0.38842,51.88329],[-0.38892,51.88452],[-0.39006,51.88709],[-0.39465,51.89037],[-0.39605,51.89126],[-0.39776,51.89225],[-0.40083,51.89413],[-0.40172,51.8948],[-0.40304,51.89499],[-0.40406,51.8955],[-0.40534,51.89596],[-0.40687,51.89666],[-0.40759,51.89759],[-0.40822,51.89868],[-0.4089,51.8998],[-0.4087,51.90063],[-0.40765,51.90131]]]}},{"type":"Feature","properties":{"source_code":"E82017","codes":["E82017"],"label":"GARSTON MEDICAL CENTRE"},"geometry":{"type":"Polygon","coordinates":[[[-0.44254,51.70054],[-0.44143,51.70161],[-0.43988,51.70352],[-0.43576,51.70549],[-0.42864,51.71044],[-0.42272,51.71241],[-0.41782,51.71358],[-0.40993,51.714],[-0.39851,51.71384],[-0.39319,51.71453],[-0.38924,51.71538],[-0.38504,51.71586],[-0.38272,51.71538],[-0.37757,51.71554],[-0.37285,51.71522],[-0.36942,51.71421],[-0.36521,51.71299],[-0.36118,51.71155],[-0.355,51.71028],[-0.3562,51.70831],[-0.35809,51.70592],[-0.35912,51.70512],[-0.36298,51.70246],[-0.37002,51.69693],[-0.37208,51.69469],[-0.37542,51.69304],[-0.37585,51.6907],[-0.37705,51.68767],[-0.37697,51.68357],[-0.37594,51.68096],[-0.37379,51.67639],[-0.37182,51.67335],[-0.37019,51.67186],[-0.3713,51.67112],[-0.37165,51.67037],[-0.37517,51.67053],[-0.37868,51.67027],[-0.38263,51.66819],[-0.38341,51.66691],[-0.38401,51.66532],[-0.38478,51.66505],[-0.38607,51.66601],[-0.38813,51.66638],[-0.39001,51.66686],[-0.39199,51.6667],[-0.39276,51.6659],[-0.39456,51.6642],[-0.39697,51.66351],[-0.39954,51.66436],[-0.39877,51.66585],[-0.39791,51.66739],[-0.39868,51.66798],[-0.40203,51.67213],[-0.40323,51.6741],[-0.40555,51.67596],[-0.40778,51.67671],[-0.41044,51.67846],[-0.41173,51.67963],[-0.41439,51.68033],[-0.41765,51.68075],[-0.41903,51.68134],[-0.4219,51.68238],[-0.42362,51.68267],[-0.4252,51.68283],[-0.42722,51.68296],[-0.42924,51.68304],[-0.4295,51.68437],[-0.43121,51.68597],[-0.43168,51.68684],[-0.43387,51.68825],[-0.43486,51.68964],[-0.43611,51.6927],[-0.43851,51.69469],[-0.43997,51.6973],[-0.44254,51.70054]]]}},{"type":"Feature","properties":{"source_code":"E82655","codes":["E82655"],"label":"SOUTH OXHEY SURGERY"},"geometry":{"type":"Polygon","coordinates":[[[-0.39714,51.61727],[-0.4004,51.61956],[-0.40752,51.61855],[-0.40778,51.62132],[-0.40915,51.62255],[-0.41267,51.62446],[-0.4143,51.62894],[-0.41533,51.63033],[-0.41551,51.63272],[-0.41499,51.63374],[-0.41121,51.63368],[-0.40675,51.63501],[-0.40452,51.63656],[-0.39894,51.64103],[-0.39516,51.64231],[-0.39087,51.64471],[-0.38675,51.64583],[-0.38512,51.64673],[-0.38349,51.64529],[-0.38306,51.64316],[-0.38169,51.64162],[-0.38349,51.6397],[-0.38358,51.63869],[-0.38177,51.63741],[-0.38049,51.63645],[-0.37894,51.63608],[-0.37482,51.63278],[-0.37345,51.62782],[-0.36933,51.62505],[-0.36881,51.62367],[-0.37354,51.62159],[-0.37903,51.62025],[-0.38521,51.61946],[-0.3877,51.61978],[-0.38993,51.61887],[-0.39216,51.61738],[-0.39491,51.61674],[-0.39714,51.61727]]]}},{"type":"Feature","properties":{"source_code":"E82020","codes":["E82020"],"label":"CONSULTING ROOMS"},"geometry":{"type":"Polygon","coordinates":[[[-0.38727,51.64487],[-0.36907,51.63144],[-0.35774,51.61119],[-0.40478,51.60245],[-0.41302,51.63166],[-0.38727,51.64487]]]}},{"type":"Feature","properties":{"source_code":"E84024","codes":["E84024"],"label":"THE PINN MEDICAL CENTRE"},"geometry":{"type":"Polygon","coordinates":[[[-0.37652,51.61571],[-0.36903,51.60953],[-0.36618,51.6077],[-0.37143,51.60518],[-0.37368,51.60395],[-0.37566,51.60275],[-0.37391,51.60155],[-0.3729,51.60098],[-0.37189,51.60038],[-0.36918,51.59878],[-0.36771,51.59688],[-0.36516,51.59285],[-0.36302,51.58925],[-0.36235,51.58748],[-0.36153,51.58625],[-0.36133,51.58603],[-0.36839,51.57764],[-0.37133,51.57712],[-0.37409,51.57664],[-0.37544,51.57673],[-0.37693,51.57692],[-0.37963,51.5775],[-0.3821,51.57812],[-0.38337,51.57768],[-0.38495,51.57766],[-0.38989,51.57776],[-0.39231,51.58328],[-0.39271,51.58649],[-0.39334,51.58814],[-0.39485,51.58884],[-0.39572,51.58967],[-0.39584,51.59119],[-0.39581,51.59196],[-0.3963,51.59272],[-0.39681,51.59427],[-0.39669,51.5951],[-0.3974,51.59593],[-0.39781,51.59628],[-0.39822,51.59673],[-0.39784,51.59714],[-0.39746,51.5974],[-0.39533,51.59802],[-0.39447,51.59791],[-0.39374,51.59828],[-0.39308,51.59871],[-0.39405,51.59916],[-0.39531,51.60001],[-0.39628,51.60109],[-0.39712,51.60202],[-0.39773,51.60306],[-0.39817,51.60458],[-0.38973,51.60683],[-0.38842,51.61015],[-0.38557,51.61039],[-0.38135,51.60995],[-0.37652,51.61571]]]}},{"type":"Feature","properties":{"source_code":"E84005","codes":["E84005"],"label":"KINGS ROAD SURGERY"},"geometry":{"type":"Polygon","coordinates":[[[-0.35191,51.5646],[-0.35092,51.55956],[-0.37381,51.55543],[-0.38638,51.55435],[-0.39787,51.55621],[-0.4157,51.56253],[-0.41693,51.56366],[-0.41705,51.56521],[-0.41985,51.56783],[-0.42291,51.56845],[-0.42343,51.56936],[-0.42356,51.56989],[-0.42322,51.57038],[-0.42286,51.57077],[-0.42277,51.57127],[-0.42278,51.57175],[-0.42297,51.57225],[-0.42389,51.57324],[-0.42436,51.57374],[-0.42521,51.57418],[-0.42563,51.57456],[-0.4281,51.57715],[-0.43051,51.57824],[-0.4321,51.57946],[-0.43231,51.58257],[-0.42902,51.58326],[-0.42524,51.58321],[-0.42121,51.5842],[-0.41735,51.58538],[-0.41311,51.58888],[-0.41432,51.59036],[-0.41514,51.59198],[-0.41735,51.59362],[-0.41727,51.59422],[-0.41689,51.59476],[-0.41641,51.59599],[-0.4152,51.59663],[-0.41149,51.59861],[-0.40845,51.59927],[-0.405,51.59956],[-0.39801,51.59962],[-0.3944,51.59814],[-0.39145,51.5966],[-0.39065,51.59554],[-0.38894,51.59401],[-0.39055,51.59265],[-0.3904,51.59167],[-0.38939,51.59097],[-0.38763,51.59059],[-0.38534,51.58822],[-0.38145,51.58604],[-0.37409,51.58408],[-0.37013,51.58451],[-0.3655,51.58516],[-0.36261,51.5853],[-0.36037,51.58591],[-0.3599,51.5854],[-0.35884,51.58486],[-0.35659,51.58404],[-0.35227,51.58271],[-0.35191,51.5646]]]}},{"type":"Feature","properties":{"source_code":"E84053","codes":["E84053"],"label":"HATCH END MEDICAL CENTRE"},"geometry":{"type":"Polygon","coordinates":[[[-0.37868,51.6153],[-0.37937,51.61525],[-0.36489,51.61795],[-0.36229,51.61707],[-0.36296,51.61635],[-0.36229,51.61706],[-0.36191,51.61615],[-0.35534,51.60977],[-0.35987,51.60868],[-0.36525,51.60909],[-0.36796,51.6091],[-0.36884,51.60632],[-0.37641,51.60145],[-0.38386,51.59981],[-0.38589,51.59948],[-0.38755,51.60225],[-0.39057,51.60649],[-0.38871,51.61024],[-0.38293,51.61414],[-0.37933,51.61523],[-0.37868,51.6153]]]}},{"type":"Feature","properties":{"source_code":"E82073","codes":["E82073"],"label":"MANOR VIEW PRACTICE"},"geometry":{"type":"Polygon","coordinates":[[[-0.38251,51.63794],[-0.39049,51.63453],[-0.41554,51.63139],[-0.41648,51.63421],[-0.4134,51.63549],[-0.40954,51.64002],[-0.42558,51.64066],[-0.42335,51.64231],[-0.42738,51.64375],[-0.42523,51.64673],[-0.42781,51.65179],[-0.42798,51.66196],[-0.42575,51.67357],[-0.4321,51.68336],[-0.43673,51.69326],[-0.40919,51.69751],[-0.38534,51.6939],[-0.38457,51.69937],[-0.37762,51.6998],[-0.37462,51.69044],[-0.37376,51.67703],[-0.35798,51.67591],[-0.35163,51.66404],[-0.33756,51.65403],[-0.32993,51.64157],[-0.33636,51.63128],[-0.36141,51.62585],[-0.38251,51.63794]]]}},{"type":"Feature","properties":{"source_code":"E82124","codes":["E82124"],"label":"ATTENBOROUGH SURGERY"},"geometry":{"type":"MultiPolygon","coordinates":[[[[-0.40484,51.63552],[-0.40541,51.63551],[-0.40525,51.63563],[-0.40491,51.63557],[-0.40484,51.63552]]],[[[-0.40484,51.63552],[-0.3997,51.63556],[-0.40375,51.63613],[-0.401,51.63613],[-0.3986,51.63571],[-0.3981,51.63558],[-0.3954,51.6356],[-0.39516,51.63677],[-0.39379,51.6389],[-0.39242,51.64061],[-0.39095,51.64206],[-0.39411,51.63722],[-0.37707,51.65959],[-0.37834,51.65871],[-0.37903,51.65722],[-0.38143,51.65509],[-0.3828,51.65296],[-0.38452,51.65126],[-0.38589,51.6487],[-0.38761,51.64636],[-0.38933,51.64423],[-0.3907,51.64231],[-0.39095,51.64206],[-0.37731,51.66297],[-0.37388,51.66553],[-0.37491,51.6634],[-0.37507,51.66221],[-0.37121,51.66727],[-0.37449,51.66522],[-0.39087,51.6528],[-0.39216,51.65103],[-0.39387,51.64784],[-0.39409,51.64801],[-0.39427,51.64811],[-0.39431,51.64806],[-0.3951,51.64836],[-0.39487,51.64863],[-0.39504,51.649],[-0.39512,51.64918],[-0.39534,51.64961],[-0.39529,51.65001],[-0.39521,51.65043],[-0.39504,51.65062],[-0.39452,51.65115],[-0.39408,51.65159],[-0.39474,51.6511],[-0.39542,51.65046],[-0.39542,51.64961],[-0.39516,51.64838],[-0.3951,51.64836],[-0.39686,51.64624],[-0.39414,51.64735],[-0.39387,51.64784],[-0.39371,51.64772],[-0.39375,51.64753],[-0.39388,51.647],[-0.39455,51.64658],[-0.40176,51.64034],[-0.40555,51.63579],[-0.40663,51.63614],[-0.40738,51.63549],[-0.40541,51.63551],[-0.40555,51.63541],[-0.40538,51.63499],[-0.40508,51.63467],[-0.40469,51.63445],[-0.40431,51.63416],[-0.40409,51.63379],[-0.40461,51.63355],[-0.40559,51.63371],[-0.40628,51.634],[-0.40679,51.63448],[-0.40709,51.63496],[-0.40761,51.63549],[-0.40747,51.63549],[-0.40795,51.63643],[-0.40885,51.63682],[-0.40898,51.6369],[-0.44744,51.64934],[-0.38563,51.66172],[-0.38542,51.66209],[-0.38542,51.6626],[-0.3854,51.66267],[-0.38555,51.66329],[-0.38504,51.66478],[-0.38444,51.66521],[-0.38418,51.66569],[-0.38379,51.66611],[-0.38371,51.66665],[-0.38366,51.66699],[-0.38311,51.66766],[-0.38276,51.66819],[-0.38271,51.66824],[-0.38263,51.6684],[-0.3824,51.66856],[-0.38219,51.66877],[-0.38212,51.66904],[-0.38037,51.66987],[-0.38023,51.66995],[-0.37959,51.67019],[-0.37948,51.67021],[-0.3792,51.67032],[-0.37859,51.67039],[-0.37817,51.67048],[-0.3765,51.67069],[-0.37564,51.67069],[-0.37556,51.67069],[-0.37508,51.67075],[-0.37265,51.67045],[-0.37173,51.67048],[-0.37122,51.67048],[-0.37097,51.67043],[-0.37062,51.67043],[-0.37015,51.67037],[-0.36976,51.67053],[-0.36937,51.67038],[-0.3692,51.6704],[-0.36928,51.67034],[-0.36896,51.67022],[-0.36886,51.67035],[-0.36748,51.66939],[-0.36624,51.66859],[-0.36521,51.66782],[-0.36397,51.66715],[-0.36285,51.66627],[-0.36195,51.6659],[-0.36096,51.6651],[-0.3601,51.66446],[-0.35916,51.66396],[-0.35817,51.66321],[-0.35744,51.66281],[-0.35671,51.66228],[-0.35564,51.66156],[-0.35478,51.661],[-0.35379,51.66044],[-0.35294,51.65983],[-0.35195,51.65925],[-0.35139,51.65874],[-0.34985,51.65776],[-0.34822,51.65682],[-0.34637,51.65547],[-0.3444,51.65416],[-0.34212,51.65256],[-0.33993,51.65131],[-0.33822,51.65009],[-0.33684,51.64913],[-0.33556,51.64833],[-0.33431,51.64772],[-0.33272,51.6471],[-0.33216,51.64636],[-0.33208,51.64553],[-0.33131,51.64497],[-0.33053,51.64436],[-0.3298,51.64335],[-0.32933,51.64231],[-0.32925,51.64143],[-0.32955,51.64095],[-0.32968,51.64005],[-0.32955,51.63946],[-0.32972,51.63882],[-0.33041,51.63744],[-0.33071,51.63688],[-0.33088,51.63637],[-0.33088,51.63584],[-0.33148,51.63613],[-0.33199,51.63651],[-0.33264,51.63701],[-0.33298,51.63714],[-0.33337,51.63749],[-0.33418,51.6372],[-0.33487,51.6368],[-0.33564,51.63645],[-0.33663,51.63587],[-0.33744,51.63565],[-0.33826,51.63531],[-0.33937,51.63485],[-0.34006,51.63464],[-0.34062,51.6344],[-0.34083,51.63405],[-0.34023,51.63363],[-0.33959,51.63339],[-0.33903,51.63286],[-0.3383,51.63251],[-0.33731,51.63187],[-0.33654,51.63158],[-0.33594,51.63123],[-0.33525,51.63102],[-0.33586,51.63118],[-0.33603,51.63073],[-0.33646,51.63049],[-0.33714,51.62982],[-0.33792,51.62934],[-0.33856,51.62915],[-0.33955,51.62849],[-0.34028,51.62779],[-0.34096,51.62713],[-0.34225,51.62625],[-0.34298,51.62537],[-0.3441,51.62478],[-0.34513,51.62406],[-0.34624,51.62348],[-0.3477,51.62303],[-0.34877,51.62252],[-0.35053,51.62185],[-0.35131,51.62175],[-0.35289,51.62124],[-0.35405,51.62119],[-0.35581,51.62065],[-0.3571,51.6197],[-0.35809,51.61887],[-0.35912,51.61836],[-0.35976,51.61764],[-0.36075,51.61711],[-0.36109,51.61668],[-0.36233,51.61618],[-0.36281,51.61674],[-0.36341,51.61722],[-0.36448,51.61756],[-0.36534,51.6178],[-0.36594,51.61802],[-0.3668,51.61844],[-0.36736,51.61903],[-0.3677,51.61954],[-0.36736,51.61951],[-0.36817,51.61991],[-0.3686,51.62049],[-0.3689,51.62121],[-0.36899,51.6218],[-0.36911,51.62244],[-0.3692,51.62308],[-0.36989,51.62273],[-0.3707,51.6222],[-0.37323,51.62156],[-0.37435,51.62105],[-0.37542,51.62087],[-0.37675,51.62044],[-0.37791,51.62017],[-0.37976,51.62004],[-0.38096,51.61983],[-0.38062,51.61948],[-0.3801,51.61882],[-0.38135,51.61804],[-0.3822,51.61772],[-0.38302,51.61706],[-0.38353,51.61668],[-0.38461,51.61652],[-0.38637,51.61615],[-0.38744,51.61604],[-0.39001,51.61564],[-0.39096,51.61564],[-0.3931,51.61564],[-0.39478,51.61559],[-0.39684,51.6157],[-0.39813,51.6161],[-0.39825,51.61639],[-0.39808,51.61674],[-0.39795,51.61711],[-0.39757,51.6173],[-0.39808,51.6177],[-0.39851,51.61828],[-0.39894,51.6189],[-0.39958,51.61922],[-0.40053,51.6193],[-0.4019,51.61938],[-0.4031,51.6194],[-0.40388,51.61938],[-0.40465,51.61943],[-0.40456,51.61996],[-0.40452,51.62036],[-0.40465,51.62057],[-0.40525,51.62052],[-0.40628,51.62041],[-0.40688,51.62044],[-0.40624,51.62128],[-0.40624,51.6226],[-0.40641,51.62505],[-0.41426,51.62841],[-0.41426,51.62905],[-0.41353,51.62913],[-0.41229,51.6291],[-0.41147,51.62918],[-0.41079,51.62934],[-0.40855,51.62969],[-0.40757,51.62987],[-0.40697,51.62974],[-0.40594,51.62998],[-0.40521,51.63006],[-0.40413,51.63025],[-0.40366,51.63025],[-0.40306,51.63051],[-0.40233,51.63062],[-0.40173,51.63051],[-0.40096,51.63041],[-0.39984,51.63043],[-0.39926,51.63046],[-0.39701,51.63341],[-0.3977,51.63336],[-0.39868,51.63318],[-0.39984,51.63315],[-0.40083,51.6332],[-0.40169,51.63355],[-0.4022,51.63411],[-0.40298,51.63459],[-0.40332,51.63475],[-0.40418,51.63512],[-0.40461,51.63533],[-0.40484,51.63552]]],[[[-0.39667,51.63429],[-0.39663,51.63391],[-0.39544,51.63547],[-0.39589,51.63539],[-0.39658,51.6352],[-0.39661,51.63518],[-0.39619,51.63507],[-0.39667,51.63514],[-0.39705,51.63485],[-0.39667,51.63429]]],[[[-0.38815,51.65672],[-0.38847,51.65658],[-0.38941,51.65547],[-0.38948,51.65512],[-0.38972,51.65483],[-0.39001,51.65461],[-0.39087,51.65397],[-0.3913,51.6535],[-0.39225,51.65275],[-0.39285,51.65222],[-0.39357,51.65187],[-0.39345,51.6519],[-0.39237,51.65232],[-0.39199,51.6528],[-0.3916,51.6531],[-0.39113,51.65347],[-0.3907,51.65376],[-0.39057,51.65397],[-0.39082,51.6535],[-0.39041,51.654],[-0.3901,51.65448],[-0.38972,51.65482],[-0.38972,51.65483],[-0.38972,51.65483],[-0.38954,51.65499],[-0.38949,51.65503],[-0.38948,51.65512],[-0.38873,51.65601],[-0.38851,51.65637],[-0.38842,51.65639],[-0.38815,51.65672],[-0.38735,51.65706],[-0.38641,51.6576],[-0.38598,51.65807],[-0.38542,51.65855],[-0.38533,51.65876],[-0.38547,51.65909],[-0.38564,51.65973],[-0.38815,51.65672]]],[[[-0.39451,51.64665],[-0.39438,51.6469],[-0.3946,51.64663],[-0.39451,51.64665]]]]}},{"type":"Feature","properties":{"source_code":"E81026","codes":["E81026"],"label":"LARKSIDE PRACTICE"},"geometry":{"type":"MultiPolygon","coordinates":[[[[-0.41961,51.88317],[-0.41965,51.88317],[-0.41961,51.88318],[-0.41961,51.88317]]],[[[-0.41961,51.88319],[-0.41962,51.88319],[-0.41961,51.88319],[-0.41961,51.88319]]],[[[-0.41961,51.88318],[-0.41961,51.88319],[-0.41952,51.88321],[-0.41945,51.88322],[-0.41961,51.88318]]],[[[-0.41959,51.88322],[-0.41958,51.88321],[-0.41961,51.88319],[-0.41963,51.88324],[-0.41959,51.88322]]],[[[-0.43043,51.87813],[-0.43011,51.87889],[-0.42416,51.87851],[-0.4253,51.87938],[-0.42292,51.88047],[-0.4236,51.88179],[-0.42309,51.88203],[-0.42096,51.88192],[-0.41914,51.88188],[-0.41961,51.88317],[-0.41698,51.8834],[-0.41945,51.88322],[-0.41717,51.88378],[-0.41952,51.88321],[-0.41957,51.88321],[-0.41959,51.88322],[-0.42069,51.88469],[-0.42116,51.88801],[-0.4212,51.89141],[-0.42121,51.89443],[-0.42106,51.89654],[-0.41201,51.89656],[-0.41018,51.89932],[-0.40899,51.90218],[-0.39888,51.9117],[-0.3968,51.91129],[-0.38851,51.91392],[-0.38049,51.91497],[-0.37645,51.91455],[-0.37495,51.91434],[-0.37358,51.91367],[-0.36221,51.90715],[-0.35585,51.90232],[-0.34573,51.89763],[-0.34495,51.89151],[-0.34585,51.88784],[-0.34822,51.88333],[-0.35062,51.87628],[-0.36989,51.87325],[-0.38663,51.87016],[-0.39213,51.86985],[-0.39621,51.86975],[-0.40055,51.86918],[-0.40392,51.86672],[-0.40784,51.86201],[-0.41235,51.86281],[-0.414,51.8627],[-0.41633,51.86236],[-0.41544,51.8613],[-0.41656,51.86253],[-0.41769,51.86524],[-0.41826,51.86711],[-0.41862,51.86756],[-0.41863,51.86811],[-0.41825,51.86921],[-0.41779,51.87066],[-0.41836,51.87139],[-0.41849,51.87175],[-0.41847,51.87218],[-0.41783,51.87314],[-0.42032,51.87512],[-0.42118,51.87534],[-0.42061,51.87643],[-0.42262,51.87699],[-0.42355,51.87679],[-0.42358,51.87681],[-0.43043,51.87813]]]]}},{"type":"Feature","properties":{"source_code":"E84068","codes":["E84068"],"label":"THE RIDGEWAY SURGERY"},"geometry":{"type":"Polygon","coordinates":[[[-0.35066,51.59915],[-0.34688,51.59328],[-0.34375,51.58806],[-0.3477,51.58656],[-0.34809,51.58206],[-0.35264,51.58235],[-0.35229,51.57955],[-0.35864,51.57712],[-0.36281,51.57544],[-0.36547,51.57499],[-0.37036,51.57494],[-0.36693,51.57414],[-0.36508,51.57334],[-0.36525,51.57044],[-0.36506,51.56886],[-0.36465,51.56704],[-0.36473,51.56627],[-0.36274,51.56656],[-0.36188,51.56523],[-0.36577,51.56398],[-0.36772,51.56519],[-0.37156,51.56384],[-0.37268,51.56502],[-0.37546,51.56539],[-0.37704,51.56767],[-0.37802,51.56912],[-0.37941,51.56893],[-0.38044,51.56835],[-0.38409,51.56844],[-0.38298,51.56995],[-0.38504,51.56985],[-0.38607,51.57085],[-0.38564,51.57093],[-0.38414,51.5715],[-0.38147,51.57315],[-0.37978,51.57499],[-0.37941,51.57556],[-0.37952,51.5764],[-0.38272,51.57684],[-0.38598,51.57707],[-0.38901,51.57712],[-0.38897,51.57715],[-0.39087,51.57995],[-0.39216,51.5821],[-0.3919,51.58451],[-0.38714,51.58651],[-0.38602,51.58691],[-0.38499,51.588],[-0.38276,51.58883],[-0.37914,51.58511],[-0.3778,51.58616],[-0.37589,51.58769],[-0.37693,51.58922],[-0.37695,51.5895],[-0.37493,51.5898],[-0.37407,51.59039],[-0.37362,51.5911],[-0.37381,51.59159],[-0.37287,51.59172],[-0.37167,51.5917],[-0.37122,51.5917],[-0.37186,51.59223],[-0.37217,51.59268],[-0.37047,51.59264],[-0.37044,51.59209],[-0.36801,51.59404],[-0.36817,51.59407],[-0.36993,51.59455],[-0.37008,51.59487],[-0.37014,51.59528],[-0.36982,51.59539],[-0.36935,51.5956],[-0.36918,51.59597],[-0.36888,51.59639],[-0.36712,51.59668],[-0.36523,51.59649],[-0.36497,51.59649],[-0.35753,51.60248],[-0.35242,51.6],[-0.35066,51.59915]]]}},{"type":"Feature","properties":{"source_code":"E84022","codes":["E84022"],"label":"ROXBOURNE MEDICAL CENTRE"},"geometry":{"type":"Polygon","coordinates":[[[-0.37113,51.57574],[-0.35963,51.57702],[-0.34676,51.56944],[-0.3507,51.56309],[-0.36238,51.55749],[-0.36581,51.56042],[-0.37242,51.57318],[-0.37113,51.57574]]]}},{"type":"Feature","properties":{"source_code":"E84061","codes":["E84061"],"label":"ELLIOTT HALL MEDICAL CTR."},"geometry":{"type":"Polygon","coordinates":[[[-0.36817,51.62079],[-0.36602,51.61823],[-0.36182,51.61674],[-0.35753,51.61237],[-0.35552,51.61025],[-0.35437,51.60802],[-0.35251,51.60367],[-0.35489,51.60374],[-0.35617,51.60371],[-0.35698,51.60376],[-0.35701,51.60281],[-0.35956,51.60402],[-0.3618,51.60526],[-0.36581,51.60744],[-0.36862,51.60957],[-0.37143,51.61181],[-0.37838,51.61751],[-0.36817,51.62079]]]}},{"type":"Feature","properties":{"source_code":"E84058","codes":["E84058"],"label":"GP DIRECT"},"geometry":{"type":"Polygon","coordinates":[[[-0.39401,51.59827],[-0.3931,51.59899],[-0.39199,51.59947],[-0.39147,51.59997],[-0.39092,51.60059],[-0.39019,51.60133],[-0.38834,51.60224],[-0.3868,51.60269],[-0.38564,51.60296],[-0.38426,51.60325],[-0.38465,51.60328],[-0.38409,51.60339],[-0.38388,51.60344],[-0.38392,51.60352],[-0.38383,51.60365],[-0.38332,51.60421],[-0.38255,51.60469],[-0.38109,51.60522],[-0.37984,51.60554],[-0.37894,51.60592],[-0.37795,51.60629],[-0.37697,51.60712],[-0.37517,51.60762],[-0.37173,51.60888],[-0.36864,51.60938],[-0.36572,51.60941],[-0.3604,51.6085],[-0.35941,51.60863],[-0.3592,51.6076],[-0.35886,51.60696],[-0.35856,51.60634],[-0.35779,51.60498],[-0.35692,51.60389],[-0.35315,51.60405],[-0.35246,51.60402],[-0.35156,51.60149],[-0.3507,51.60018],[-0.34765,51.59477],[-0.34611,51.59272],[-0.34293,51.59325],[-0.3398,51.59352],[-0.33787,51.59402],[-0.33611,51.59368],[-0.33405,51.59286],[-0.32989,51.5916],[-0.32783,51.59093],[-0.32564,51.59104],[-0.32366,51.5909],[-0.3186,51.5917],[-0.31057,51.5932],[-0.30628,51.59437],[-0.30315,51.59488],[-0.30298,51.5952],[-0.3019,51.59514],[-0.29723,51.59581],[-0.29495,51.59592],[-0.29221,51.5948],[-0.28933,51.59312],[-0.28581,51.59224],[-0.28358,51.59018],[-0.28307,51.58853],[-0.28272,51.58693],[-0.28165,51.58515],[-0.28251,51.58485],[-0.28307,51.58504],[-0.28611,51.58539],[-0.29289,51.58629],[-0.29611,51.58661],[-0.29834,51.58661],[-0.30036,51.58693],[-0.30212,51.58717],[-0.30414,51.58696],[-0.30538,51.58677],[-0.30705,51.58632],[-0.31006,51.5852],[-0.31289,51.58424],[-0.32032,51.58005],[-0.3241,51.57899],[-0.32547,51.5776],[-0.32461,51.57568],[-0.32453,51.57376],[-0.32152,51.56992],[-0.32014,51.56672],[-0.32263,51.56597],[-0.33079,51.56143],[-0.33207,51.56122],[-0.33474,51.55871],[-0.33697,51.55434],[-0.33774,51.5537],[-0.33868,51.55386],[-0.34589,51.55215],[-0.35121,51.55236],[-0.35589,51.55354],[-0.35963,51.55468],[-0.36113,51.55543],[-0.36237,51.55655],[-0.36284,51.55754],[-0.36323,51.55756],[-0.36834,51.55679],[-0.36988,51.5565],[-0.37795,51.55572],[-0.37847,51.55562],[-0.37932,51.55684],[-0.38025,51.55875],[-0.38053,51.55913],[-0.38018,51.55953],[-0.3889,51.5688],[-0.39499,51.57339],[-0.39963,51.57819],[-0.40126,51.58214],[-0.40117,51.58294],[-0.40087,51.58374],[-0.40165,51.58408],[-0.40246,51.58467],[-0.40405,51.58526],[-0.40516,51.58563],[-0.40486,51.58624],[-0.40418,51.58773],[-0.40426,51.58827],[-0.40255,51.58896],[-0.40014,51.58971],[-0.39834,51.5903],[-0.39645,51.59096],[-0.39607,51.59142],[-0.39594,51.59184],[-0.39671,51.59318],[-0.39684,51.59366],[-0.39692,51.59512],[-0.39778,51.59611],[-0.39843,51.59675],[-0.39787,51.59739],[-0.39628,51.59792],[-0.39401,51.59827]]]}},{"type":"Feature","properties":{"source_code":"E82037","codes":["E82037"],"label":"VILLAGE SURGERY"},"geometry":{"type":"Polygon","coordinates":[[[-0.29097,51.85439],[-0.29053,51.85231],[-0.29045,51.85232],[-0.28767,51.84412],[-0.29094,51.85434],[-0.28831,51.85162],[-0.28783,51.84949],[-0.28721,51.84693],[-0.28442,51.83649],[-0.28356,51.83281],[-0.28336,51.83137],[-0.27478,51.80597],[-0.28909,51.80624],[-0.28903,51.80607],[-0.27517,51.80586],[-0.27545,51.80576],[-0.27517,51.80575],[-0.28736,51.80076],[-0.29906,51.7989],[-0.37521,51.78351],[-0.37393,51.78415],[-0.39681,51.80818],[-0.39701,51.80818],[-0.37439,51.78398],[-0.39734,51.80819],[-0.39757,51.80819],[-0.39773,51.8086],[-0.39774,51.80861],[-0.39774,51.80861],[-0.41113,51.84246],[-0.3507,51.84135],[-0.3146,51.84793],[-0.30921,51.85105],[-0.30909,51.85107],[-0.30899,51.85113],[-0.29097,51.85439]],[[-0.39559,51.80816],[-0.39489,51.80801],[-0.39503,51.80815],[-0.39559,51.80816]],[[-0.38583,51.80798],[-0.38329,51.80787],[-0.38011,51.80788],[-0.38583,51.80798]],[[-0.39478,51.80791],[-0.3956,51.80807],[-0.37393,51.78415],[-0.36796,51.78712],[-0.3586,51.78864],[-0.39242,51.80564],[-0.39478,51.80791]],[[-0.34273,51.79128],[-0.34423,51.79096],[-0.34271,51.79121],[-0.34273,51.79128]]]}},{"type":"Feature","properties":{"source_code":"E84676","codes":["E84676"],"label":"HEADSTONE LANE MEDICAL CENTRE"},"geometry":{"type":"Polygon","coordinates":[[[-0.37182,51.59835],[-0.36847,51.60075],[-0.3665,51.60405],[-0.36328,51.60496],[-0.36109,51.60714],[-0.35912,51.61087],[-0.35276,51.61109],[-0.34229,51.59168],[-0.3586,51.58699],[-0.36512,51.5888],[-0.37182,51.59835]]]}},{"type":"Feature","properties":{"source_code":"E82055","codes":["E82055"],"label":"MIDWAY SURGERY"},"geometry":{"type":"MultiPolygon","coordinates":[[[[-0.32181,51.71813],[-0.32157,51.71828],[-0.32153,51.7181],[-0.32181,51.71813]]],[[[-0.32157,51.71828],[-0.32161,51.71842],[-0.32153,51.71831],[-0.32157,51.71828]]],[[[-0.33429,51.7576],[-0.33484,51.75784],[-0.33432,51.75756],[-0.33429,51.7576],[-0.33425,51.75758],[-0.33429,51.75754],[-0.33334,51.75703],[-0.33737,51.75333],[-0.33804,51.75252],[-0.32373,51.75108],[-0.32412,51.75108],[-0.32842,51.746],[-0.32753,51.74548],[-0.32565,51.74442],[-0.32414,51.74337],[-0.32337,51.743],[-0.32228,51.74263],[-0.32094,51.74183],[-0.31688,51.73971],[-0.31328,51.73771],[-0.30942,51.73548],[-0.30865,51.73426],[-0.30745,51.7332],[-0.30651,51.7325],[-0.30556,51.73176],[-0.30615,51.73158],[-0.30588,51.7314],[-0.30667,51.73092],[-0.32027,51.72624],[-0.32032,51.72591],[-0.32084,51.72389],[-0.32152,51.72251],[-0.32179,51.72044],[-0.32178,51.71932],[-0.3217,51.71879],[-0.32161,51.71842],[-0.32195,51.71889],[-0.3223,51.7182],[-0.32181,51.71813],[-0.32213,51.71794],[-0.32298,51.71613],[-0.32333,51.71453],[-0.32333,51.71347],[-0.32419,51.71209],[-0.31818,51.71124],[-0.31423,51.71097],[-0.3156,51.70879],[-0.31853,51.70714],[-0.32049,51.70576],[-0.32153,51.70512],[-0.32211,51.70448],[-0.3228,51.70289],[-0.32487,51.70246],[-0.32547,51.70214],[-0.32569,51.70206],[-0.3251,51.70077],[-0.33188,51.69977],[-0.33234,51.69937],[-0.33474,51.6981],[-0.33586,51.69783],[-0.34356,51.69788],[-0.34444,51.69792],[-0.34446,51.69792],[-0.34375,51.69789],[-0.34356,51.69788],[-0.34118,51.69778],[-0.34516,51.69776],[-0.36471,51.69007],[-0.3698,51.68855],[-0.37199,51.68762],[-0.37602,51.68655],[-0.37396,51.69541],[-0.37259,51.69687],[-0.37156,51.6981],[-0.37045,51.69964],[-0.37036,51.70076],[-0.37079,51.70124],[-0.37302,51.70177],[-0.37225,51.70118],[-0.37757,51.70092],[-0.3816,51.70698],[-0.38332,51.71358],[-0.38409,51.71671],[-0.38455,51.71791],[-0.38824,51.72375],[-0.39118,51.7331],[-0.39647,51.74076],[-0.39603,51.74083],[-0.39645,51.74133],[-0.39362,51.74165],[-0.39079,51.74191],[-0.38598,51.74282],[-0.38433,51.74276],[-0.37701,51.74396],[-0.37654,51.74414],[-0.37577,51.74425],[-0.37482,51.74446],[-0.37477,51.74449],[-0.40922,51.75111],[-0.41451,51.76371],[-0.39922,51.76347],[-0.37549,51.77148],[-0.34667,51.77439],[-0.34726,51.76444],[-0.33534,51.7581],[-0.33423,51.75767],[-0.33429,51.7576]]]]}},{"type":"Feature","properties":{"source_code":"E82077","codes":["E82077"],"label":"DAVENPORT HOUSE SURGERY"},"geometry":{"type":"Polygon","coordinates":[[[-0.4504,51.83143],[-0.44879,51.83302],[-0.44858,51.83382],[-0.44762,51.83506],[-0.44354,51.83717],[-0.45257,51.84491],[-0.44515,51.84909],[-0.44685,51.85134],[-0.44478,51.85533],[-0.4422,51.85695],[-0.43911,51.85899],[-0.43516,51.86016],[-0.43121,51.86186],[-0.42864,51.86144],[-0.42666,51.85948],[-0.42593,51.8585],[-0.4236,51.85721],[-0.42002,51.85652],[-0.38554,51.86184],[-0.38297,51.85894],[-0.37902,51.85611],[-0.37795,51.85519],[-0.37705,51.85342],[-0.37607,51.8517],[-0.3742,51.85042],[-0.37009,51.85164],[-0.36563,51.85256],[-0.36306,51.85382],[-0.35997,51.8554],[-0.35594,51.85858],[-0.35165,51.86096],[-0.34611,51.85951],[-0.34292,51.85856],[-0.34267,51.85748],[-0.34175,51.85677],[-0.34039,51.85462],[-0.33816,51.85183],[-0.338,51.85063],[-0.33774,51.84932],[-0.33718,51.84838],[-0.33759,51.84738],[-0.33848,51.84635],[-0.33738,51.84552],[-0.33692,51.84457],[-0.33677,51.84399],[-0.3373,51.84339],[-0.33757,51.84271],[-0.33667,51.84221],[-0.3333,51.84255],[-0.33007,51.84197],[-0.32863,51.84169],[-0.32508,51.84181],[-0.32278,51.84256],[-0.32044,51.84442],[-0.31428,51.84689],[-0.31061,51.84759],[-0.3086,51.84831],[-0.30754,51.84857],[-0.30632,51.84828],[-0.30562,51.84745],[-0.30559,51.8466],[-0.30463,51.84586],[-0.30398,51.84426],[-0.30391,51.84225],[-0.30298,51.84066],[-0.30264,51.83912],[-0.30247,51.83747],[-0.29963,51.83477],[-0.29796,51.83289],[-0.29646,51.83111],[-0.29225,51.82528],[-0.29152,51.82384],[-0.29064,51.8226],[-0.29132,51.82017],[-0.29149,51.81837],[-0.29191,51.81742],[-0.29256,51.81678],[-0.29253,51.81599],[-0.29136,51.81572],[-0.29019,51.81588],[-0.28762,51.81652],[-0.28504,51.81652],[-0.28337,51.81559],[-0.28219,51.8146],[-0.2804,51.81208],[-0.27526,51.80904],[-0.27856,51.80952],[-0.28084,51.80946],[-0.28307,51.80984],[-0.28376,51.80907],[-0.28509,51.80855],[-0.28584,51.80765],[-0.28613,51.80705],[-0.28627,51.80632],[-0.28592,51.80521],[-0.28591,51.80413],[-0.28762,51.80279],[-0.28899,51.80185],[-0.29062,51.80112],[-0.29367,51.80086],[-0.29672,51.79986],[-0.31556,51.79914],[-0.31905,51.79868],[-0.32106,51.79754],[-0.32284,51.79729],[-0.32444,51.79726],[-0.32972,51.79529],[-0.33236,51.79463],[-0.33368,51.79478],[-0.335,51.79428],[-0.34555,51.79014],[-0.34813,51.79237],[-0.35036,51.79492],[-0.35839,51.79171],[-0.36718,51.78871],[-0.38332,51.80201],[-0.38761,51.80262],[-0.38933,51.80535],[-0.3913,51.80698],[-0.39555,51.80785],[-0.3998,51.80883],[-0.40263,51.80957],[-0.40448,51.81053],[-0.40815,51.81525],[-0.4111,51.81787],[-0.4148,51.81951],[-0.42052,51.82117],[-0.42329,51.82237],[-0.42485,51.82276],[-0.42606,51.82318],[-0.43656,51.82506],[-0.44181,51.82718],[-0.44613,51.82929],[-0.4485,51.83025],[-0.4504,51.83143]]]}},{"type":"Feature","properties":{"source_code":"E84062","codes":["E84062"],"label":"THE SHAFTESBURY MEDICAL CENTRE"},"geometry":{"type":"Polygon","coordinates":[[[-0.33637,51.55648],[-0.34787,51.55594],[-0.36015,51.55509],[-0.37148,51.57206],[-0.37014,51.57614],[-0.3671,51.57979],[-0.36092,51.5864],[-0.35173,51.58204],[-0.34118,51.58088],[-0.3265,51.5783],[-0.32139,51.56704],[-0.32899,51.56299],[-0.33637,51.55648]]]}},{"type":"Feature","properties":{"source_code":"E84040","codes":["E84040"],"label":"THE PINNER ROAD SURGERY"},"geometry":{"type":"MultiPolygon","coordinates":[[[[-0.39586,51.59175],[-0.37045,51.608],[-0.37422,51.60267],[-0.37971,51.60032],[-0.38006,51.59861],[-0.38521,51.59563],[-0.38795,51.59414],[-0.39379,51.592],[-0.39757,51.59051],[-0.39586,51.59175]]],[[[-0.36841,51.60865],[-0.36953,51.60858],[-0.36821,51.60906],[-0.36841,51.60865]]],[[[-0.39014,51.57017],[-0.38913,51.57035],[-0.39867,51.57876],[-0.39014,51.57017],[-0.39036,51.57013],[-0.39951,51.5795],[-0.40546,51.58475],[-0.4049,51.58503],[-0.40536,51.58549],[-0.40581,51.58518],[-0.40618,51.58602],[-0.40632,51.58592],[-0.40813,51.59046],[-0.4089,51.59222],[-0.40892,51.59244],[-0.41027,51.59584],[-0.40924,51.60033],[-0.40924,51.60245],[-0.40878,51.60235],[-0.40873,51.60256],[-0.40725,51.60202],[-0.39242,51.59883],[-0.38761,51.60181],[-0.38349,51.60332],[-0.37886,51.60576],[-0.38094,51.60426],[-0.38006,51.60458],[-0.37542,51.60645],[-0.37851,51.60533],[-0.37491,51.608],[-0.37045,51.60853],[-0.37022,51.60854],[-0.36839,51.60928],[-0.37022,51.60854],[-0.36953,51.60858],[-0.37436,51.60683],[-0.38891,51.59682],[-0.39586,51.59175],[-0.40153,51.58813],[-0.40535,51.58549],[-0.4049,51.58503],[-0.38074,51.59712],[-0.37124,51.60292],[-0.36841,51.60865],[-0.36495,51.60885],[-0.36181,51.60867],[-0.36152,51.60885],[-0.35082,51.60985],[-0.35259,51.60949],[-0.34192,51.61041],[-0.34888,51.60793],[-0.34798,51.60788],[-0.34023,51.61056],[-0.34192,51.61041],[-0.34092,51.61077],[-0.35082,51.60985],[-0.33783,51.61247],[-0.33043,51.60688],[-0.32942,51.60682],[-0.33079,51.61109],[-0.32187,51.60064],[-0.31757,51.60096],[-0.31363,51.59861],[-0.31002,51.59072],[-0.30745,51.58923],[-0.30676,51.5871],[-0.29852,51.58678],[-0.30635,51.58536],[-0.30109,51.58027],[-0.31929,51.56683],[-0.3653,51.54932],[-0.38785,51.56923],[-0.3883,51.56832],[-0.39014,51.57017]]],[[[-0.37307,51.59921],[-0.37301,51.59933],[-0.3828,51.59584],[-0.37307,51.59921]]]]}},{"type":"Feature","properties":{"source_code":"E82071","codes":["E82071"],"label":"ELMS MEDICAL PRACTICE"},"geometry":{"type":"Polygon","coordinates":[[[-0.4882,51.86377],[-0.25955,51.86504],[-0.25818,51.77761],[-0.41611,51.77634],[-0.41611,51.78738],[-0.48203,51.78781],[-0.4882,51.86377]]]}},{"type":"Feature","properties":{"source_code":"E84693","codes":["E84693"],"label":"ST. PETER'S MEDICAL CENTRE"},"geometry":{"type":"Polygon","coordinates":[[[-0.33461,51.59208],[-0.325,51.58755],[-0.318,51.58274],[-0.31689,51.58262],[-0.31752,51.58241],[-0.31727,51.58224],[-0.31773,51.58234],[-0.32775,51.57903],[-0.32694,51.5783],[-0.32782,51.57654],[-0.32538,51.57499],[-0.32315,51.57051],[-0.32221,51.56896],[-0.32846,51.56686],[-0.32847,51.56672],[-0.32873,51.56677],[-0.32873,51.56677],[-0.32873,51.56677],[-0.33234,51.56749],[-0.33243,51.56731],[-0.3289,51.56661],[-0.3283,51.56603],[-0.32796,51.56517],[-0.32787,51.564],[-0.32762,51.56357],[-0.3289,51.5632],[-0.33053,51.56224],[-0.33148,51.5617],[-0.33405,51.55973],[-0.33465,51.55888],[-0.33508,51.55824],[-0.33663,51.55861],[-0.33677,51.55863],[-0.33731,51.55754],[-0.36203,51.55754],[-0.37062,51.57515],[-0.37646,51.58914],[-0.37731,51.58923],[-0.37319,51.59456],[-0.36259,51.59092],[-0.35833,51.59134],[-0.37302,51.59459],[-0.36778,51.59648],[-0.36109,51.59704],[-0.35924,51.59971],[-0.35736,51.60264],[-0.35066,51.59973],[-0.34294,51.59603],[-0.33461,51.59208]],[[-0.3435,51.58805],[-0.3433,51.5878],[-0.34289,51.58792],[-0.3435,51.58805]],[[-0.33251,51.58433],[-0.32103,51.58307],[-0.33266,51.58565],[-0.33251,51.58433]]]}},{"type":"Feature","properties":{"source_code":"E81031","codes":["E81031"],"label":"GREAT BARFORD SURGERY"},"geometry":{"type":"Polygon","coordinates":[[[-0.30023,52.19742],[-0.30044,52.19274],[-0.29886,52.19277],[-0.30058,52.1898],[-0.30144,52.17075],[-0.30144,52.15882],[-0.31024,52.13387],[-0.30642,52.13486],[-0.30865,52.12632],[-0.3115,52.12656],[-0.34564,52.12717],[-0.34914,52.12699],[-0.39825,52.11873],[-0.45936,52.14065],[-0.43001,52.15845],[-0.40546,52.18024],[-0.40169,52.21392],[-0.34581,52.1987],[-0.30023,52.19742]],[[-0.32991,52.13022],[-0.32666,52.12962],[-0.31417,52.13285],[-0.32991,52.13022]],[[-0.315,52.12746],[-0.30968,52.12695],[-0.31676,52.12779],[-0.315,52.12746]],[[-0.31116,52.12676],[-0.3107,52.12667],[-0.30916,52.12653],[-0.31116,52.12676]]]}},{"type":"Feature","properties":{"source_code":"E84070","codes":["E84070"],"label":"PINNER VIEW MEDICAL CENTRE"},"geometry":{"type":"MultiPolygon","coordinates":[[[[-0.36238,51.59371],[-0.35791,51.5935],[-0.36058,51.59305],[-0.36238,51.59371]]],[[[-0.36058,51.59305],[-0.35946,51.59264],[-0.34272,51.59584],[-0.33045,51.59392],[-0.32581,51.57718],[-0.34324,51.57664],[-0.36684,51.58518],[-0.37311,51.59094],[-0.36058,51.59305]]]]}},{"type":"Feature","properties":{"source_code":"E82657","codes":["E82657"],"label":"LITTLE BUSHEY SURGERY"},"geometry":{"type":"Polygon","coordinates":[[[-0.35894,51.66856],[-0.3587,51.66841],[-0.35508,51.66697],[-0.35294,51.66542],[-0.34032,51.65594],[-0.33822,51.65351],[-0.33525,51.65062],[-0.33353,51.64806],[-0.33216,51.64647],[-0.32684,51.64535],[-0.32255,51.64338],[-0.31483,51.63949],[-0.3047,51.63667],[-0.30573,51.63283],[-0.29251,51.62164],[-0.31036,51.61759],[-0.31792,51.61631],[-0.31912,51.61663],[-0.32264,51.61535],[-0.32633,51.61471],[-0.33234,51.61343],[-0.3362,51.61162],[-0.33937,51.6113],[-0.34693,51.60981],[-0.35534,51.60992],[-0.36289,51.61716],[-0.36581,51.61818],[-0.36804,51.62047],[-0.36933,51.62468],[-0.37371,51.62889],[-0.37439,51.63294],[-0.38435,51.6388],[-0.38298,51.6405],[-0.38263,51.6422],[-0.38418,51.64551],[-0.38263,51.64577],[-0.3816,51.64668],[-0.37894,51.65046],[-0.37525,51.65424],[-0.37169,51.65544],[-0.36916,51.65749],[-0.36444,51.66159],[-0.36358,51.66542],[-0.35894,51.66851],[-0.35883,51.66847],[-0.35894,51.66856]]]}},{"type":"Feature","properties":{"source_code":"E84680","codes":["E84680"],"label":"HEADSTONE ROAD SURGERY"},"geometry":{"type":"Polygon","coordinates":[[[-0.33523,51.59451],[-0.33523,51.59449],[-0.33521,51.59451],[-0.33523,51.59451],[-0.33564,51.59663],[-0.32373,51.59995],[-0.31963,51.60096],[-0.31952,51.59987],[-0.32056,51.59805],[-0.32065,51.59468],[-0.32169,51.59131],[-0.32491,51.58782],[-0.31906,51.58463],[-0.31625,51.58269],[-0.31607,51.58267],[-0.31603,51.58262],[-0.31599,51.58257],[-0.3156,51.58259],[-0.3159,51.58243],[-0.3194,51.58077],[-0.32371,51.57915],[-0.33403,51.5747],[-0.33807,51.57215],[-0.34112,51.57232],[-0.34304,51.5727],[-0.34469,51.57345],[-0.3598,51.57723],[-0.35978,51.57725],[-0.36519,51.58159],[-0.36262,51.58425],[-0.36145,51.58562],[-0.36024,51.58691],[-0.35897,51.5887],[-0.35512,51.59035],[-0.35135,51.59202],[-0.33697,51.59435],[-0.3437,51.5893],[-0.33702,51.5943],[-0.33523,51.59451]]]}},{"type":"Feature","properties":{"source_code":"E84658","codes":["E84658"],"label":"ASPRI MEDICAL CENTRE"},"geometry":{"type":"Polygon","coordinates":[[[-0.34676,51.57878],[-0.37491,51.59541],[-0.3701,51.60992],[-0.32066,51.61716],[-0.32341,51.59968],[-0.28427,51.58176],[-0.34676,51.57878]]]}},{"type":"Feature","properties":{"source_code":"E84009","codes":["E84009"],"label":"ENDERLEY ROAD MEDICAL CENTRE"},"geometry":{"type":"MultiPolygon","coordinates":[[[[-0.33463,51.60785],[-0.33467,51.6079],[-0.33475,51.60809],[-0.33463,51.60785]]],[[[-0.33467,51.6079],[-0.33457,51.60767],[-0.33496,51.60827],[-0.33467,51.6079]]],[[[-0.33457,51.60767],[-0.33445,51.60748],[-0.33463,51.60785],[-0.33432,51.60745],[-0.33535,51.60719],[-0.33208,51.60251],[-0.33167,51.60207],[-0.33165,51.60068],[-0.33165,51.60061],[-0.33165,51.6006],[-0.33165,51.60027],[-0.33238,51.59943],[-0.33242,51.59936],[-0.33281,51.59884],[-0.33281,51.59848],[-0.33418,51.59701],[-0.33414,51.59707],[-0.33422,51.59696],[-0.34152,51.59595],[-0.34607,51.59824],[-0.34794,51.59905],[-0.34929,51.59987],[-0.35105,51.60133],[-0.35146,51.60236],[-0.35195,51.60333],[-0.35276,51.60538],[-0.35264,51.60653],[-0.34928,51.6068],[-0.34921,51.60678],[-0.34899,51.60685],[-0.34919,51.60677],[-0.34755,51.60622],[-0.34281,51.60832],[-0.34004,51.60773],[-0.33626,51.60849],[-0.33536,51.60721],[-0.3352,51.60729],[-0.3345,51.6075],[-0.33457,51.60767]]]]}},{"type":"Feature","properties":{"source_code":"E82084","codes":["E82084"],"label":"HARVEY GROUP PRACTICE"},"geometry":{"type":"Polygon","coordinates":[[[-0.35328,51.75785],[-0.35843,51.76805],[-0.33852,51.77931],[-0.33371,51.78462],[-0.32925,51.78144],[-0.30144,51.78505],[-0.29672,51.78005],[-0.29191,51.77506],[-0.29189,51.775],[-0.29191,51.77501],[-0.29142,51.77376],[-0.2877,51.76402],[-0.28976,51.76959],[-0.29142,51.77376],[-0.29189,51.775],[-0.28642,51.7731],[-0.28461,51.76279],[-0.28024,51.76152],[-0.27474,51.75743],[-0.26959,51.75498],[-0.26161,51.75716],[-0.2599,51.7553],[-0.26187,51.75291],[-0.26539,51.75153],[-0.26393,51.74983],[-0.26505,51.74648],[-0.26015,51.74717],[-0.25955,51.74627],[-0.2756,51.74005],[-0.28925,51.73139],[-0.30169,51.73128],[-0.30916,51.7299],[-0.32144,51.73123],[-0.32907,51.72915],[-0.33671,51.73086],[-0.34083,51.72527],[-0.33362,51.71687],[-0.3344,51.71496],[-0.33208,51.71033],[-0.3501,51.70969],[-0.37113,51.71506],[-0.36684,51.71927],[-0.36667,51.72139],[-0.361,51.72517],[-0.36272,51.72852],[-0.36444,51.7283],[-0.36324,51.7342],[-0.36212,51.73729],[-0.37328,51.73761],[-0.36418,51.74845],[-0.35731,51.75318],[-0.35328,51.75785]]]}},{"type":"Feature","properties":{"source_code":"E82031","codes":["E82031"],"label":"MALTINGS SURGERY"},"geometry":{"type":"Polygon","coordinates":[[[-0.3447,51.73298],[-0.35088,51.72884],[-0.35568,51.72352],[-0.36306,51.72086],[-0.36821,51.7198],[-0.37594,51.7232],[-0.37645,51.72862],[-0.38177,51.73086],[-0.38881,51.73723],[-0.39963,51.7417],[-0.38916,51.74287],[-0.37251,51.74616],[-0.36375,51.74797],[-0.35671,51.7535],[-0.35345,51.75817],[-0.35654,51.76285],[-0.35654,51.77241],[-0.35225,51.77889],[-0.34401,51.78568],[-0.32375,51.78675],[-0.30333,51.78377],[-0.30212,51.78335],[-0.29697,51.78048],[-0.2877,51.7791],[-0.27929,51.77804],[-0.28976,51.77251],[-0.29285,51.76933],[-0.29234,51.76582],[-0.29011,51.76285],[-0.28427,51.76285],[-0.27981,51.76168],[-0.27569,51.75775],[-0.26951,51.75509],[-0.26556,51.7518],[-0.26419,51.74797],[-0.26213,51.74531],[-0.27414,51.74074],[-0.28307,51.73511],[-0.29114,51.73064],[-0.29921,51.7316],[-0.30401,51.73054],[-0.31431,51.73043],[-0.32101,51.73149],[-0.32719,51.72894],[-0.33525,51.73022],[-0.3447,51.73298]]]}},{"type":"Feature","properties":{"source_code":"E84617","codes":["E84617"],"label":"THE CIVIC MEDICAL CENTRE"},"geometry":{"type":"Polygon","coordinates":[[[-0.37834,51.60608],[-0.3083,51.6178],[-0.27878,51.57963],[-0.36461,51.55914],[-0.39757,51.59925],[-0.37834,51.60608]]]}},{"type":"Feature","properties":{"source_code":"E82059","codes":["E82059"],"label":"GRANGE STREET SURGERY"},"geometry":{"type":"Polygon","coordinates":[[[-0.35414,51.75881],[-0.34521,51.77517],[-0.33491,51.77474],[-0.31534,51.77326],[-0.30281,51.77931],[-0.2932,51.77273],[-0.28633,51.76263],[-0.29474,51.75498],[-0.27878,51.75987],[-0.26985,51.75509],[-0.28118,51.74606],[-0.28358,51.74372],[-0.29371,51.73713],[-0.3071,51.73383],[-0.31757,51.73128],[-0.34401,51.73298],[-0.35208,51.73564],[-0.35568,51.75509],[-0.35414,51.75881]]]}},{"type":"Feature","properties":{"source_code":"E82060","codes":["E82060"],"label":"PARKBURY HOUSE SURGERY"},"geometry":{"type":"Polygon","coordinates":[[[-0.34264,51.7842],[-0.298,51.79545],[-0.29594,51.77857],[-0.28865,51.76364],[-0.27792,51.76433],[-0.26522,51.75488],[-0.25904,51.73925],[-0.27809,51.7181],[-0.29955,51.71522],[-0.31878,51.72001],[-0.32341,51.73054],[-0.32942,51.72862],[-0.34401,51.73234],[-0.36203,51.73723],[-0.37268,51.74574],[-0.37062,51.74691],[-0.36221,51.74882],[-0.35294,51.75753],[-0.34967,51.76338],[-0.34899,51.76933],[-0.34264,51.7842]]]}},{"type":"Feature","properties":{"source_code":"E84044","codes":["E84044"],"label":"THE NORTHWICK SURGERY"},"geometry":{"type":"MultiPolygon","coordinates":[[[[-0.32002,51.5677],[-0.32032,51.56725],[-0.3162,51.58144],[-0.32002,51.5677]]],[[[-0.32002,51.5677],[-0.30779,51.58635],[-0.32015,51.56725],[-0.32002,51.5677]]],[[[-0.32503,51.57509],[-0.32491,51.57377],[-0.32446,51.57279],[-0.32419,51.57258],[-0.32261,51.57026],[-0.32123,51.5678],[-0.32096,51.56742],[-0.32094,51.56696],[-0.32161,51.56631],[-0.32357,51.56556],[-0.32625,51.56357],[-0.3288,51.56267],[-0.33127,51.56205],[-0.33326,51.56235],[-0.33466,51.56095],[-0.3374,51.56029],[-0.34006,51.56006],[-0.34073,51.56131],[-0.34111,51.56154],[-0.34126,51.56201],[-0.34239,51.56184],[-0.34349,51.56178],[-0.34476,51.56177],[-0.34627,51.56185],[-0.34783,51.56216],[-0.35282,51.56493],[-0.34388,51.574],[-0.3479,51.57471],[-0.34995,51.57506],[-0.35093,51.57516],[-0.35225,51.57512],[-0.35204,51.57722],[-0.35202,51.57839],[-0.35177,51.57892],[-0.35245,51.57924],[-0.35293,51.5798],[-0.35748,51.58292],[-0.36087,51.58408],[-0.36257,51.5846],[-0.36229,51.58554],[-0.36006,51.58742],[-0.35905,51.58841],[-0.35857,51.58887],[-0.35785,51.58915],[-0.35233,51.59222],[-0.34764,51.59343],[-0.34293,51.5944],[-0.33335,51.59264],[-0.31699,51.58203],[-0.31909,51.58089],[-0.31952,51.58064],[-0.32008,51.58037],[-0.32126,51.57995],[-0.32335,51.57926],[-0.32483,51.57901],[-0.32507,51.57877],[-0.32519,51.57841],[-0.32588,51.57768],[-0.32503,51.57509]]]]}},{"type":"Feature","properties":{"source_code":"E82004","codes":["E82004"],"label":"HATFIELD ROAD SURGERY"},"geometry":{"type":"Polygon","coordinates":[[[-0.33165,51.77973],[-0.32925,51.77995],[-0.2556,51.78632],[-0.22693,51.75764],[-0.22522,51.73469],[-0.28358,51.72086],[-0.33508,51.71916],[-0.355,51.72384],[-0.35225,51.75392],[-0.33165,51.77973]]]}},{"type":"Feature","properties":{"source_code":"E81033","codes":["E81033"],"label":"SHEFFORD HEALTH CENTRE"},"geometry":{"type":"MultiPolygon","coordinates":[[[[-0.26944,52.05319],[-0.25749,52.01384],[-0.31448,51.99851],[-0.38829,51.98995],[-0.33233,52.02017],[-0.26944,52.05319]]],[[[-0.26944,52.05319],[-0.26948,52.05333],[-0.26917,52.05333],[-0.26944,52.05319]]],[[[-0.42263,52.02652],[-0.42932,52.05756],[-0.38792,52.07374],[-0.32976,52.08151],[-0.29075,52.07119],[-0.26959,52.0537],[-0.26948,52.05333],[-0.27122,52.05334],[-0.39104,51.98995],[-0.42263,52.02652]]]]}},{"type":"Feature","properties":{"source_code":"E81061","codes":["E81061"],"label":"DR CARRAGHER AND NEAL AND AKHTAR"},"geometry":{"type":"Polygon","coordinates":[[[-0.2726,52.06051],[-0.26711,51.97811],[-0.27534,51.96585],[-0.40306,51.95231],[-0.41817,52.07486],[-0.2726,52.06051]]]}},{"type":"Feature","properties":{"source_code":"E84004","codes":["E84004"],"label":"THE CIRCLE PRACTICE"},"geometry":{"type":"Polygon","coordinates":[[[-0.29294,51.62167],[-0.27938,51.61075],[-0.28622,51.60847],[-0.29008,51.60775],[-0.2947,51.60741],[-0.30144,51.60725],[-0.29843,51.60397],[-0.29624,51.60468],[-0.29543,51.60471],[-0.29487,51.60411],[-0.293,51.59939],[-0.29164,51.59665],[-0.29199,51.59702],[-0.29293,51.59665],[-0.29414,51.59557],[-0.29715,51.59203],[-0.29921,51.58936],[-0.31054,51.58527],[-0.31223,51.58681],[-0.31252,51.58816],[-0.31332,51.58898],[-0.31664,51.58939],[-0.31927,51.59017],[-0.3205,51.59039],[-0.32137,51.59069],[-0.32181,51.59109],[-0.32556,51.5907],[-0.32865,51.59102],[-0.33122,51.59188],[-0.33324,51.59082],[-0.33862,51.59015],[-0.33973,51.58962],[-0.34067,51.58877],[-0.34315,51.58782],[-0.3465,51.59286],[-0.3495,51.59755],[-0.35302,51.59736],[-0.35497,51.59728],[-0.3568,51.5972],[-0.356,51.59963],[-0.35561,51.60109],[-0.35575,51.60187],[-0.3571,51.60233],[-0.35708,51.60357],[-0.35887,51.60599],[-0.35983,51.60862],[-0.35555,51.6097],[-0.36008,51.61469],[-0.36276,51.61706],[-0.3598,51.61924],[-0.35693,51.62193],[-0.35409,51.62148],[-0.35225,51.62064],[-0.3468,51.62065],[-0.34276,51.62076],[-0.34258,51.6224],[-0.34342,51.62422],[-0.34073,51.6265],[-0.33795,51.62951],[-0.33707,51.63064],[-0.33616,51.63107],[-0.32991,51.62919],[-0.31808,51.62887],[-0.31757,51.62561],[-0.31619,51.62518],[-0.31541,51.62422],[-0.31179,51.62133],[-0.31014,51.62072],[-0.30934,51.61994],[-0.30775,51.61812],[-0.30454,51.61969],[-0.30082,51.62045],[-0.29294,51.62167]]]}},{"type":"Feature","properties":{"source_code":"E84069","codes":["E84069"],"label":"BELMONT HEALTH CENTRE"},"geometry":{"type":"Polygon","coordinates":[[[-0.32212,51.61151],[-0.30826,51.61791],[-0.30152,51.60704],[-0.29762,51.6024],[-0.29517,51.59733],[-0.29461,51.59576],[-0.29723,51.59462],[-0.30384,51.59326],[-0.30886,51.5921],[-0.30787,51.58827],[-0.31144,51.58722],[-0.31371,51.58862],[-0.32204,51.59056],[-0.33199,51.58382],[-0.34882,51.5856],[-0.35512,51.58481],[-0.36142,51.58584],[-0.36406,51.59055],[-0.36008,51.594],[-0.35619,51.59831],[-0.35744,51.60261],[-0.35861,51.60544],[-0.35961,51.60848],[-0.35517,51.60944],[-0.33856,51.61085],[-0.33154,51.61339],[-0.32966,51.61027],[-0.32212,51.61151]]]}},{"type":"Feature","properties":{"source_code":"E82085","codes":["E82085"],"label":"THE RED HOUSE GROUP"},"geometry":{"type":"Polygon","coordinates":[[[-0.38195,51.70671],[-0.3762,51.71187],[-0.37096,51.7148],[-0.36744,51.71932],[-0.36427,51.72086],[-0.36126,51.72097],[-0.35826,51.72171],[-0.3556,51.72373],[-0.35208,51.72809],[-0.34452,51.73277],[-0.33208,51.72947],[-0.32822,51.72926],[-0.32238,51.73112],[-0.31878,51.73139],[-0.31328,51.73032],[-0.30933,51.72979],[-0.30573,51.73043],[-0.30393,51.7308],[-0.30264,51.73022],[-0.30092,51.72857],[-0.29869,51.72684],[-0.29706,51.72529],[-0.2935,51.72164],[-0.29155,51.72003],[-0.28971,51.71943],[-0.28845,51.71696],[-0.28739,51.71505],[-0.28639,51.71397],[-0.28361,51.71521],[-0.28049,51.71586],[-0.27672,51.71613],[-0.27328,51.71597],[-0.26951,51.71488],[-0.26642,51.71342],[-0.26118,51.70985],[-0.2553,51.70693],[-0.25206,51.70524],[-0.24912,51.70376],[-0.24629,51.70246],[-0.24384,51.70076],[-0.24163,51.6983],[-0.24011,51.69541],[-0.23689,51.69214],[-0.23363,51.68907],[-0.22943,51.68647],[-0.23415,51.67937],[-0.23827,51.67383],[-0.23971,51.67177],[-0.24176,51.67056],[-0.24423,51.66995],[-0.24968,51.66875],[-0.25466,51.66691],[-0.2555,51.66822],[-0.25668,51.66963],[-0.26027,51.66843],[-0.26335,51.66678],[-0.26612,51.66537],[-0.26826,51.66841],[-0.27131,51.6722],[-0.27183,51.67339],[-0.27406,51.67594],[-0.28208,51.67316],[-0.28916,51.67079],[-0.29749,51.66811],[-0.29032,51.66214],[-0.28401,51.65672],[-0.2859,51.65611],[-0.28762,51.65548],[-0.28633,51.65278],[-0.28573,51.65186],[-0.2895,51.65029],[-0.29173,51.64985],[-0.29738,51.64913],[-0.3041,51.64581],[-0.30376,51.64541],[-0.30343,51.64468],[-0.30336,51.64416],[-0.30529,51.64415],[-0.30768,51.64392],[-0.30852,51.6435],[-0.30976,51.64314],[-0.31157,51.64276],[-0.31294,51.64284],[-0.31459,51.64323],[-0.31693,51.64298],[-0.32006,51.64268],[-0.32264,51.64252],[-0.32641,51.6446],[-0.33508,51.64657],[-0.33903,51.64785],[-0.34195,51.64998],[-0.34358,51.65304],[-0.34487,51.65419],[-0.35869,51.66335],[-0.3695,51.67016],[-0.36967,51.67213],[-0.37225,51.67431],[-0.37628,51.68107],[-0.3768,51.68448],[-0.37628,51.68767],[-0.3756,51.69086],[-0.37422,51.69384],[-0.37766,51.69937],[-0.3804,51.70406],[-0.38195,51.70671]]]}},{"type":"Feature","properties":{"source_code":"E84601","codes":["E84601"],"label":"KENTON BRIDGE MEDICAL CENTRE DR GOLDEN"},"geometry":{"type":"Polygon","coordinates":[[[-0.2817,51.58486],[-0.28625,51.58107],[-0.28667,51.57894],[-0.29045,51.57808],[-0.29479,51.57611],[-0.29431,51.5743],[-0.29474,51.572],[-0.29487,51.57008],[-0.2965,51.57003],[-0.30534,51.56829],[-0.30818,51.56771],[-0.31431,51.5672],[-0.3186,51.56795],[-0.32131,51.56696],[-0.32144,51.56832],[-0.32478,51.57344],[-0.32667,51.57835],[-0.33234,51.58326],[-0.33216,51.58806],[-0.33337,51.59467],[-0.33628,51.59659],[-0.31843,51.60117],[-0.31225,51.6032],[-0.31191,51.6048],[-0.30127,51.60736],[-0.29749,51.60245],[-0.29509,51.59595],[-0.28496,51.59115],[-0.2817,51.58486]]]}},{"type":"Feature","properties":{"source_code":"E84663","codes":["E84663"],"label":"KENTON BRIDGE MEDICAL CENTRE - DR RAJA"},"geometry":{"type":"Polygon","coordinates":[[[-0.32032,51.6161],[-0.25166,51.61588],[-0.25372,51.58816],[-0.24822,51.55189],[-0.29491,51.53758],[-0.35809,51.55402],[-0.3828,51.57558],[-0.37766,51.61226],[-0.32032,51.6161]]]}},{"type":"Feature","properties":{"source_code":"E84018","codes":["E84018"],"label":"STREATFIELD HEALTH CENTRE"},"geometry":{"type":"Polygon","coordinates":[[[-0.30044,51.58726],[-0.30271,51.58736],[-0.30451,51.5872],[-0.30687,51.58664],[-0.3079,51.58798],[-0.31254,51.58814],[-0.31575,51.58819],[-0.31648,51.58944],[-0.3221,51.59104],[-0.32116,51.59206],[-0.3209,51.59299],[-0.32086,51.59387],[-0.3208,51.59474],[-0.32078,51.5956],[-0.32076,51.59648],[-0.32065,51.59817],[-0.32012,51.59944],[-0.31838,51.60101],[-0.31853,51.60124],[-0.31844,51.60144],[-0.31812,51.60153],[-0.31778,51.60145],[-0.31776,51.60143],[-0.31563,51.60207],[-0.3127,51.60329],[-0.31188,51.60373],[-0.31149,51.60484],[-0.30976,51.60525],[-0.30774,51.60569],[-0.30731,51.60375],[-0.30723,51.60197],[-0.30697,51.60095],[-0.30696,51.60093],[-0.30246,51.5947],[-0.29899,51.5891],[-0.29942,51.58704],[-0.30044,51.58726]]]}},{"type":"Feature","properties":{"source_code":"E84057","codes":["E84057"],"label":"THE STANMORE MEDICAL CENTRE"},"geometry":{"type":"MultiPolygon","coordinates":[[[[-0.27847,51.60839],[-0.2774,51.60832],[-0.27603,51.60736],[-0.27847,51.60839]]],[[[-0.31318,51.63763],[-0.31353,51.63768],[-0.31311,51.63752],[-0.3127,51.63741],[-0.31318,51.63763],[-0.31225,51.63752],[-0.31054,51.63688],[-0.31043,51.63683],[-0.31019,51.63677],[-0.30796,51.63624],[-0.30556,51.63581],[-0.30607,51.63443],[-0.30556,51.63294],[-0.3047,51.63155],[-0.30315,51.63038],[-0.30161,51.6291],[-0.30075,51.62782],[-0.29921,51.62686],[-0.29821,51.62562],[-0.29783,51.62537],[-0.2956,51.62367],[-0.29303,51.62175],[-0.2913,51.62014],[-0.28839,51.61791],[-0.28817,51.6172],[-0.28736,51.61674],[-0.2868,51.61616],[-0.28633,51.6161],[-0.28187,51.6129],[-0.27895,51.61066],[-0.2774,51.60864],[-0.2796,51.60887],[-0.27847,51.60839],[-0.28238,51.60864],[-0.28265,51.60869],[-0.28442,51.60936],[-0.28858,51.60979],[-0.28265,51.60869],[-0.27669,51.60643],[-0.2762,51.6065],[-0.2765,51.60636],[-0.27603,51.60618],[-0.27706,51.60609],[-0.28118,51.60416],[-0.28667,51.60235],[-0.29011,51.59989],[-0.29354,51.59904],[-0.2932,51.59733],[-0.29406,51.59584],[-0.29869,51.59552],[-0.30247,51.59488],[-0.30727,51.59446],[-0.31019,51.59318],[-0.31414,51.59254],[-0.31792,51.59158],[-0.32444,51.59094],[-0.32839,51.59104],[-0.33148,51.5919],[-0.33319,51.59296],[-0.33457,51.5952],[-0.33663,51.59776],[-0.32818,51.59898],[-0.33216,51.59851],[-0.33714,51.59819],[-0.33088,51.60005],[-0.33405,51.59947],[-0.33714,51.59883],[-0.33608,51.59966],[-0.3366,51.5994],[-0.33697,51.59904],[-0.33666,51.59937],[-0.33731,51.59904],[-0.33852,51.60224],[-0.34006,51.60544],[-0.3404,51.60821],[-0.33955,51.61066],[-0.34058,51.61407],[-0.34212,51.61642],[-0.34264,51.61919],[-0.34281,51.62132],[-0.34349,51.62303],[-0.34287,51.62296],[-0.34367,51.62484],[-0.33989,51.62654],[-0.33952,51.62737],[-0.33972,51.62718],[-0.34126,51.62622],[-0.33912,51.62825],[-0.33903,51.62846],[-0.33731,51.63038],[-0.33726,51.63002],[-0.33612,51.6311],[-0.33852,51.63219],[-0.3404,51.63347],[-0.34246,51.63453],[-0.34435,51.63603],[-0.34744,51.6373],[-0.34367,51.63784],[-0.33989,51.63858],[-0.33663,51.63922],[-0.33457,51.64039],[-0.33216,51.64114],[-0.32795,51.64191],[-0.32787,51.64199],[-0.32767,51.64196],[-0.32753,51.64199],[-0.32756,51.64195],[-0.32616,51.64178],[-0.3241,51.64252],[-0.32481,51.64185],[-0.32375,51.64199],[-0.32169,51.64114],[-0.32042,51.64071],[-0.32084,51.64093],[-0.32324,51.6422],[-0.31853,51.64006],[-0.31826,51.63997],[-0.31654,51.63975],[-0.31414,51.63848],[-0.31609,51.63896],[-0.31318,51.63763]]],[[[-0.33416,51.63296],[-0.33388,51.63336],[-0.33311,51.63471],[-0.33522,51.63196],[-0.33416,51.63296],[-0.33525,51.63144],[-0.33719,51.62959],[-0.33609,51.62214],[-0.31593,51.61969],[-0.30504,51.63038],[-0.30487,51.62988],[-0.30487,51.63017],[-0.30289,51.62902],[-0.31473,51.63808],[-0.31672,51.63901],[-0.31747,51.63929],[-0.32546,51.64123],[-0.33416,51.63296]]],[[[-0.33182,51.63624],[-0.33177,51.63646],[-0.3324,51.63563],[-0.33182,51.63624]]],[[[-0.29872,51.62451],[-0.29841,51.62428],[-0.29852,51.62441],[-0.29872,51.62451]]],[[[-0.28959,51.61802],[-0.28929,51.61785],[-0.28967,51.61816],[-0.28959,51.61802]]],[[[-0.28779,51.61628],[-0.28733,51.61622],[-0.28874,51.61699],[-0.28779,51.61628]]],[[[-0.31023,51.61189],[-0.30761,51.61174],[-0.30974,51.61196],[-0.31023,51.61189]]],[[[-0.31277,51.61094],[-0.31277,51.60938],[-0.31092,51.61178],[-0.31122,51.61173],[-0.31277,51.61094]]],[[[-0.31431,51.60746],[-0.31435,51.60734],[-0.31369,51.60819],[-0.31431,51.60746]]],[[[-0.29062,51.60458],[-0.29921,51.60341],[-0.30639,51.60214],[-0.28162,51.60572],[-0.28376,51.60554],[-0.29062,51.60458]]],[[[-0.31672,51.60427],[-0.31642,51.60466],[-0.31708,51.60416],[-0.31672,51.60427]]]]}},{"type":"Feature","properties":{"source_code":"E82107","codes":["E82107"],"label":"SUMMERFIELD HEALTH CENTRE"},"geometry":{"type":"MultiPolygon","coordinates":[[[[-0.29743,51.71646],[-0.29741,51.71647],[-0.29723,51.71645],[-0.29743,51.71646]]],[[[-0.29743,51.71646],[-0.29826,51.7164],[-0.29946,51.71661],[-0.29743,51.71646]]],[[[-0.28995,51.76445],[-0.29002,51.76453],[-0.29008,51.76461],[-0.28976,51.76411],[-0.28995,51.76445],[-0.28914,51.76356],[-0.28868,51.76342],[-0.28654,51.76293],[-0.28474,51.76265],[-0.28316,51.76245],[-0.282,51.76211],[-0.28101,51.76191],[-0.28175,51.76204],[-0.28062,51.76171],[-0.28084,51.76189],[-0.28038,51.76164],[-0.27981,51.76147],[-0.27942,51.76111],[-0.27271,51.7574],[-0.27088,51.75658],[-0.26814,51.75509],[-0.26539,51.75339],[-0.26508,51.75288],[-0.26402,51.75211],[-0.26402,51.7502],[-0.26402,51.74999],[-0.26404,51.74995],[-0.26417,51.74816],[-0.2642,51.74837],[-0.26405,51.74994],[-0.26435,51.7493],[-0.2642,51.74837],[-0.26443,51.74605],[-0.26434,51.74587],[-0.26417,51.74816],[-0.26402,51.74723],[-0.2643,51.74581],[-0.26333,51.74404],[-0.26451,51.74535],[-0.2647,51.7434],[-0.26505,51.74106],[-0.26127,51.73979],[-0.25715,51.73936],[-0.25612,51.73745],[-0.25543,51.73532],[-0.25543,51.73256],[-0.25612,51.72915],[-0.25955,51.72788],[-0.26264,51.72639],[-0.26745,51.72448],[-0.27157,51.72256],[-0.27397,51.71958],[-0.27672,51.71788],[-0.28032,51.71836],[-0.28435,51.71736],[-0.28796,51.7172],[-0.29741,51.71647],[-0.30126,51.71682],[-0.30315,51.71703],[-0.30418,51.71719],[-0.30702,51.71772],[-0.31131,51.72065],[-0.31303,51.72187],[-0.3253,51.72128],[-0.33036,51.72166],[-0.33109,51.72214],[-0.33183,51.72225],[-0.3329,51.7224],[-0.33414,51.72266],[-0.33482,51.72293],[-0.3368,51.72288],[-0.33878,51.72336],[-0.33955,51.72362],[-0.34049,51.72368],[-0.34247,51.72358],[-0.34582,51.72288],[-0.34985,51.72299],[-0.35294,51.72341],[-0.35809,51.7232],[-0.3677,51.72511],[-0.37431,51.72793],[-0.37602,51.72936],[-0.37164,51.73096],[-0.37491,51.73192],[-0.37525,51.73319],[-0.37731,51.73596],[-0.37766,51.73787],[-0.37834,51.73915],[-0.38692,51.74276],[-0.38452,51.74297],[-0.37971,51.74319],[-0.37594,51.74425],[-0.37216,51.74531],[-0.36667,51.7468],[-0.36358,51.74829],[-0.35877,51.75063],[-0.35603,51.75296],[-0.35431,51.7553],[-0.35191,51.75785],[-0.34985,51.7604],[-0.34744,51.76253],[-0.3447,51.76402],[-0.34161,51.76487],[-0.33783,51.7655],[-0.3344,51.76678],[-0.33131,51.76678],[-0.32684,51.76678],[-0.32375,51.7672],[-0.31963,51.76869],[-0.3186,51.7706],[-0.31654,51.7723],[-0.31345,51.774],[-0.31002,51.77634],[-0.30796,51.77804],[-0.3059,51.77952],[-0.30286,51.7801],[-0.30289,51.78014],[-0.30256,51.78005],[-0.30027,51.77947],[-0.30021,51.77939],[-0.29994,51.77931],[-0.29987,51.77887],[-0.29981,51.77878],[-0.29961,51.77865],[-0.29931,51.77842],[-0.29883,51.77779],[-0.2985,51.77752],[-0.29749,51.77682],[-0.29646,51.7761],[-0.29639,51.77598],[-0.29629,51.77591],[-0.29526,51.77421],[-0.29423,51.77273],[-0.29353,51.77158],[-0.29251,51.77018],[-0.29196,51.76781],[-0.29148,51.76678],[-0.29031,51.76496],[-0.29015,51.76481],[-0.28995,51.76445]]],[[[-0.28942,51.76359],[-0.28898,51.76349],[-0.28943,51.76361],[-0.28942,51.76359]]]]}},{"type":"Feature","properties":{"source_code":"E82043","codes":["E82043"],"label":"SCHOPWICK SURGERY"},"geometry":{"type":"Polygon","coordinates":[[[-0.31165,51.61828],[-0.33598,51.63104],[-0.34264,51.62063],[-0.35534,51.62089],[-0.35869,51.62835],[-0.36083,51.63693],[-0.38109,51.64732],[-0.36032,51.66787],[-0.358,51.68394],[-0.34435,51.68426],[-0.32032,51.68873],[-0.29929,51.68863],[-0.27517,51.69001],[-0.25234,51.66659],[-0.24882,51.65483],[-0.25509,51.64295],[-0.27655,51.64391],[-0.29294,51.64002],[-0.29632,51.63932],[-0.29876,51.6375],[-0.29839,51.63403],[-0.29303,51.62217],[-0.31165,51.61828]]]}},{"type":"Feature","properties":{"source_code":"E84039","codes":["E84039"],"label":"HONEYPOT MEDICAL CENTRE"},"geometry":{"type":"MultiPolygon","coordinates":[[[[-0.28583,51.59337],[-0.28582,51.59338],[-0.28577,51.59338],[-0.28577,51.59336],[-0.28583,51.59337]]],[[[-0.28525,51.59425],[-0.28529,51.59435],[-0.28523,51.59428],[-0.28525,51.59425]]],[[[-0.28529,51.59435],[-0.28545,51.59455],[-0.28533,51.59448],[-0.28529,51.59435]]],[[[-0.28545,51.59455],[-0.28548,51.59456],[-0.28554,51.59465],[-0.28565,51.59472],[-0.28575,51.5948],[-0.28555,51.59467],[-0.28545,51.59455]]],[[[-0.28575,51.5948],[-0.28593,51.5949],[-0.28626,51.59512],[-0.28629,51.59516],[-0.28628,51.59517],[-0.28624,51.59514],[-0.28575,51.5948]]],[[[-0.28628,51.59517],[-0.28628,51.59517],[-0.28628,51.59517],[-0.28628,51.59517]]],[[[-0.28628,51.59517],[-0.28629,51.59516],[-0.2863,51.59518],[-0.2863,51.59515],[-0.28629,51.59516],[-0.28629,51.59516],[-0.28629,51.59514],[-0.28656,51.59531],[-0.28739,51.59598],[-0.28744,51.59602],[-0.28628,51.59517]]],[[[-0.28744,51.59602],[-0.28745,51.59603],[-0.28745,51.59603],[-0.28744,51.59602]]],[[[-0.28745,51.59603],[-0.28747,51.59605],[-0.28693,51.59621],[-0.28745,51.59603]]],[[[-0.28693,51.59621],[-0.2869,51.59622],[-0.28673,51.59627],[-0.28674,51.59627],[-0.28693,51.59621]]],[[[-0.30532,51.59839],[-0.30515,51.5981],[-0.30804,51.60273],[-0.30801,51.60275],[-0.30532,51.59839]]],[[[-0.30762,51.60295],[-0.30781,51.60285],[-0.30782,51.60286],[-0.30783,51.60284],[-0.30801,51.60275],[-0.3081,51.60289],[-0.30735,51.6032],[-0.30737,51.60315],[-0.30762,51.60295]]],[[[-0.29687,51.60856],[-0.29687,51.60857],[-0.29674,51.60863],[-0.29687,51.60856]]],[[[-0.28673,51.59627],[-0.28651,51.59636],[-0.2869,51.59622],[-0.28748,51.59605],[-0.28739,51.59598],[-0.28688,51.59552],[-0.28656,51.59531],[-0.28627,51.59508],[-0.28624,51.59509],[-0.28624,51.5951],[-0.28593,51.5949],[-0.28565,51.59472],[-0.28562,51.5947],[-0.28558,51.59462],[-0.28548,51.59456],[-0.28527,51.59427],[-0.28587,51.59336],[-0.28525,51.59425],[-0.28525,51.59424],[-0.28585,51.59338],[-0.28583,51.59337],[-0.28625,51.59314],[-0.2866,51.5929],[-0.28664,51.59253],[-0.28591,51.59209],[-0.28507,51.59112],[-0.28758,51.58975],[-0.2877,51.58595],[-0.29989,51.58696],[-0.29948,51.58912],[-0.30062,51.59051],[-0.30414,51.59032],[-0.30425,51.5924],[-0.3044,51.59424],[-0.30478,51.59744],[-0.30515,51.5981],[-0.30286,51.59443],[-0.30532,51.59839],[-0.30779,51.60281],[-0.30762,51.60295],[-0.30222,51.60578],[-0.29687,51.60856],[-0.29682,51.60747],[-0.29574,51.60754],[-0.29245,51.60761],[-0.29012,51.60779],[-0.28836,51.60822],[-0.28751,51.60852],[-0.28656,51.60875],[-0.2856,51.60881],[-0.28269,51.60966],[-0.2813,51.60952],[-0.28273,51.60818],[-0.28502,51.60726],[-0.28637,51.60379],[-0.28754,51.60191],[-0.28381,51.59691],[-0.28547,51.59665],[-0.28673,51.59627]]],[[[-0.30727,51.60322],[-0.30728,51.60321],[-0.30725,51.60324],[-0.30735,51.6032],[-0.30735,51.60321],[-0.3094,51.60952],[-0.30342,51.61053],[-0.3036,51.61084],[-0.30209,51.61147],[-0.29897,51.61181],[-0.29687,51.60866],[-0.29687,51.60857],[-0.30727,51.60322]]],[[[-0.28626,51.59512],[-0.28624,51.5951],[-0.2863,51.59513],[-0.28629,51.59514],[-0.28626,51.59512]]],[[[-0.30779,51.60281],[-0.30789,51.60274],[-0.30783,51.60284],[-0.30781,51.60285],[-0.30779,51.60281]]],[[[-0.30728,51.60321],[-0.30737,51.60313],[-0.30737,51.60315],[-0.30728,51.60321]]]]}},{"type":"Feature","properties":{"source_code":"E84007","codes":["E84007"],"label":"UXENDON CRESCENT SURGERY"},"geometry":{"type":"Polygon","coordinates":[[[-0.29582,51.58648],[-0.28989,51.58518],[-0.28425,51.58436],[-0.28602,51.58173],[-0.28669,51.58067],[-0.28703,51.58011],[-0.28728,51.5788],[-0.2841,51.57909],[-0.28781,51.57743],[-0.28925,51.57619],[-0.28856,51.57566],[-0.2889,51.5753],[-0.28631,51.57679],[-0.28647,51.57482],[-0.2831,51.57455],[-0.28258,51.57203],[-0.28049,51.57141],[-0.27797,51.5717],[-0.2761,51.56995],[-0.27561,51.56922],[-0.27538,51.56848],[-0.27577,51.56732],[-0.27697,51.56571],[-0.28358,51.56643],[-0.28559,51.56566],[-0.28777,51.56543],[-0.28946,51.56711],[-0.2944,51.56773],[-0.3056,51.56813],[-0.3085,51.57207],[-0.31109,51.57643],[-0.31174,51.58278],[-0.30959,51.58256],[-0.30783,51.58403],[-0.30972,51.58519],[-0.30738,51.58607],[-0.30201,51.58712],[-0.30315,51.58583],[-0.30395,51.58342],[-0.30006,51.58134],[-0.30026,51.58677],[-0.29582,51.58648]]]}},{"type":"Feature","properties":{"source_code":"E84647","codes":["E84647"],"label":"KENTON CLINIC"},"geometry":{"type":"Polygon","coordinates":[[[-0.32341,51.6161],[-0.34161,51.61828],[-0.29114,51.62132],[-0.25337,51.61716],[-0.25337,51.60586],[-0.23895,51.5856],[-0.24788,51.57878],[-0.26608,51.5664],[-0.29491,51.55039],[-0.33216,51.55039],[-0.3653,51.56576],[-0.37148,51.57536],[-0.36186,51.58582],[-0.38177,51.5951],[-0.34092,51.60501],[-0.35929,51.60864],[-0.32341,51.6161]]]}},{"type":"Feature","properties":{"source_code":"E84030","codes":["E84030"],"label":"PRESTON HILL SURGERY"},"geometry":{"type":"Polygon","coordinates":[[[-0.28685,51.59238],[-0.28449,51.59095],[-0.2821,51.58528],[-0.27783,51.57971],[-0.2723,51.57055],[-0.26447,51.56533],[-0.25639,51.56191],[-0.25368,51.56442],[-0.25011,51.56488],[-0.24726,51.56236],[-0.24611,51.56194],[-0.24566,51.56139],[-0.24583,51.56022],[-0.24899,51.55869],[-0.24509,51.5562],[-0.24339,51.55212],[-0.2386,51.5488],[-0.23191,51.54682],[-0.225,51.54776],[-0.22118,51.54699],[-0.22281,51.54418],[-0.22882,51.53918],[-0.23393,51.53254],[-0.24076,51.53294],[-0.24513,51.53651],[-0.25584,51.5369],[-0.26208,51.53344],[-0.27045,51.52909],[-0.27886,51.52808],[-0.28114,51.52874],[-0.28322,51.52929],[-0.2853,51.52824],[-0.29251,51.52979],[-0.29307,51.53155],[-0.29466,51.53192],[-0.29549,51.534],[-0.29667,51.53502],[-0.2988,51.53715],[-0.30032,51.5395],[-0.30436,51.54236],[-0.30796,51.54617],[-0.31225,51.54826],[-0.31341,51.55229],[-0.31577,51.55483],[-0.31912,51.55906],[-0.31946,51.56174],[-0.31294,51.56293],[-0.30298,51.56299],[-0.30292,51.56468],[-0.30543,51.5684],[-0.31463,51.58196],[-0.31646,51.58235],[-0.30647,51.58684],[-0.30335,51.58738],[-0.29968,51.58707],[-0.29955,51.58966],[-0.30238,51.59499],[-0.29534,51.59579],[-0.28685,51.59238]]]}},{"type":"Feature","properties":{"source_code":"E81035","codes":["E81035"],"label":"SANDY HEALTH CENTRE"},"geometry":{"type":"Polygon","coordinates":[[[-0.28736,52.12927],[-0.27672,52.09912],[-0.29594,52.09744],[-0.32753,52.10566],[-0.39173,52.12295],[-0.37903,52.13791],[-0.31483,52.14655],[-0.29766,52.17077],[-0.24719,52.14634],[-0.28736,52.12927]]]}},{"type":"Feature","properties":{"source_code":"E82626","codes":["E82626"],"label":"WHITWELL SURGERY"},"geometry":{"type":"Polygon","coordinates":[[[-0.22316,51.89641],[-0.19089,51.86399],[-0.20119,51.83069],[-0.29801,51.80607],[-0.38246,51.88327],[-0.38241,51.88541],[-0.38521,51.88327],[-0.38418,51.90065],[-0.38246,51.92416],[-0.37088,51.92819],[-0.29718,51.95776],[-0.27466,51.96733],[-0.27943,51.96372],[-0.22316,51.89641]]]}},{"type":"Feature","properties":{"source_code":"E84048","codes":["E84048"],"label":"THE FRYENT WAY SURGERY"},"geometry":{"type":"Polygon","coordinates":[[[-0.26985,51.59106],[-0.26831,51.5925],[-0.26611,51.59218],[-0.26826,51.59077],[-0.26664,51.58927],[-0.26732,51.58769],[-0.26743,51.5842],[-0.27103,51.58442],[-0.27451,51.58176],[-0.27813,51.57896],[-0.2891,51.57539],[-0.29397,51.57523],[-0.29724,51.57936],[-0.29768,51.58463],[-0.29872,51.58908],[-0.29718,51.59101],[-0.29333,51.59462],[-0.29041,51.59362],[-0.28612,51.59305],[-0.28503,51.59309],[-0.28359,51.5925],[-0.28295,51.5943],[-0.2798,51.59249],[-0.27433,51.59369],[-0.27405,51.59282],[-0.27356,51.59228],[-0.26985,51.59106]]]}},{"type":"Feature","properties":{"source_code":"E82117","codes":["E82117"],"label":"THE GROVE MEDICAL CENTRE"},"geometry":{"type":"Polygon","coordinates":[[[-0.29663,51.64913],[-0.31792,51.68235],[-0.30178,51.68746],[-0.28976,51.69682],[-0.26745,51.68331],[-0.25269,51.66595],[-0.2508,51.65424],[-0.2544,51.64359],[-0.2623,51.64508],[-0.27946,51.64434],[-0.28719,51.64268],[-0.29174,51.6425],[-0.29865,51.6439],[-0.29663,51.64913]]]}},{"type":"Feature","properties":{"source_code":"E84075","codes":["E84075"],"label":"MOLLISON WAY SURGERY"},"geometry":{"type":"Polygon","coordinates":[[[-0.35706,51.65168],[-0.32341,51.70406],[-0.31998,51.70874],[-0.11536,51.69895],[-0.24101,51.50832],[-0.42915,51.53694],[-0.35706,51.65168]]]}},{"type":"Feature","properties":{"source_code":"E83038","codes":["E83038"],"label":"JAI MEDICAL CENTRE"},"geometry":{"type":"Polygon","coordinates":[[[-0.29264,51.62175],[-0.28152,51.62816],[-0.27673,51.62973],[-0.2723,51.63153],[-0.26742,51.63249],[-0.2638,51.62823],[-0.26262,51.6269],[-0.26246,51.6267],[-0.26178,51.62609],[-0.25803,51.62186],[-0.25659,51.62024],[-0.24963,51.61367],[-0.25424,51.61485],[-0.2593,51.61698],[-0.26047,51.6167],[-0.26083,51.61547],[-0.26508,51.61395],[-0.26544,51.60947],[-0.27484,51.60683],[-0.28265,51.61379],[-0.28565,51.61527],[-0.28756,51.61726],[-0.29264,51.62175]]]}},{"type":"Feature","properties":{"source_code":"E84049","codes":["E84049"],"label":"BRAMPTON HEALTH CENTRE"},"geometry":{"type":"MultiPolygon","coordinates":[[[[-0.24171,51.58338],[-0.2417,51.58347],[-0.23895,51.58795],[-0.24136,51.58326],[-0.24171,51.58338]]],[[[-0.28118,51.60181],[-0.27981,51.60139],[-0.26779,51.60032],[-0.2599,51.59478],[-0.25234,51.58902],[-0.24994,51.58688],[-0.24616,51.58496],[-0.24171,51.58338],[-0.24239,51.5775],[-0.2544,51.5711],[-0.25852,51.56928],[-0.26093,51.568],[-0.26148,51.5672],[-0.26376,51.56501],[-0.27449,51.56661],[-0.28358,51.56981],[-0.28976,51.57067],[-0.3083,51.57558],[-0.30178,51.58048],[-0.30135,51.58416],[-0.3023,51.5872],[-0.30212,51.59286],[-0.30333,51.59488],[-0.298,51.59989],[-0.29285,51.60309],[-0.28255,51.60224],[-0.28118,51.60181]]]]}},{"type":"Feature","properties":{"source_code":"E82053","codes":["E82053"],"label":"BANCROFT MEDICAL CENTRE"},"geometry":{"type":"Polygon","coordinates":[[[-0.25743,51.99306],[-0.25752,51.99313],[-0.25612,51.99418],[-0.26882,52.00074],[-0.25752,51.99313],[-0.25949,51.99165],[-0.28908,51.97135],[-0.28837,51.96994],[-0.29045,51.96838],[-0.28857,51.96563],[-0.28546,51.96418],[-0.28837,51.96994],[-0.25949,51.99165],[-0.25743,51.99306],[-0.23964,51.98107],[-0.23621,51.97008],[-0.22179,51.93453],[-0.22534,51.93412],[-0.24719,51.88878],[-0.2829,51.87691],[-0.32822,51.8926],[-0.32684,51.90446],[-0.37047,51.92334],[-0.37388,51.92246],[-0.37338,51.92468],[-0.41199,51.9468],[-0.41452,51.94899],[-0.42091,51.94426],[-0.42422,51.95735],[-0.43259,51.96458],[-0.35912,51.99841],[-0.35734,51.99758],[-0.35465,52.01511],[-0.34418,52.0395],[-0.22247,52.01701],[-0.25743,51.99306]]]}},{"type":"Feature","properties":{"source_code":"E82075","codes":["E82075"],"label":"REGAL CHAMBERS SURGERY"},"geometry":{"type":"Polygon","coordinates":[[[-0.22041,51.96035],[-0.22526,51.95463],[-0.22844,51.95135],[-0.23144,51.94802],[-0.23423,51.94553],[-0.23037,51.94101],[-0.2308,51.93723],[-0.22848,51.93704],[-0.23011,51.93203],[-0.22758,51.93063],[-0.23033,51.93003],[-0.23372,51.92654],[-0.23745,51.92709],[-0.24415,51.92979],[-0.2447,51.92506],[-0.24651,51.92408],[-0.24998,51.92495],[-0.2505,51.92225],[-0.24704,51.9151],[-0.24746,51.91389],[-0.25115,51.91026],[-0.25241,51.90872],[-0.25513,51.90634],[-0.2592,51.90331],[-0.26232,51.89997],[-0.26029,51.89718],[-0.26241,51.89547],[-0.26453,51.89376],[-0.26693,51.88545],[-0.26831,51.88171],[-0.27157,51.87872],[-0.2932,51.88465],[-0.29792,51.88619],[-0.3035,51.88719],[-0.30736,51.88913],[-0.31131,51.89005],[-0.31496,51.89064],[-0.3194,51.89056],[-0.32538,51.89546],[-0.338,51.90404],[-0.34148,51.90544],[-0.34633,51.90642],[-0.34946,51.90917],[-0.35156,51.91193],[-0.35577,51.91402],[-0.35912,51.91653],[-0.36667,51.92183],[-0.3671,51.92217],[-0.3716,51.92022],[-0.3736,51.92312],[-0.37474,51.92622],[-0.37808,51.92995],[-0.38135,51.93426],[-0.38225,51.93506],[-0.38587,51.93598],[-0.3895,51.93649],[-0.39439,51.93924],[-0.3883,51.94178],[-0.38921,51.94482],[-0.38909,51.9476],[-0.38783,51.95284],[-0.38907,51.95537],[-0.39113,51.95696],[-0.3913,51.96045],[-0.38083,51.95834],[-0.37727,51.95865],[-0.37371,51.95834],[-0.3677,51.95946],[-0.36564,51.95868],[-0.35929,51.95765],[-0.35165,51.9573],[-0.34513,51.95797],[-0.34118,51.97499],[-0.33586,51.97949],[-0.32444,51.97558],[-0.32199,51.97957],[-0.31148,51.9825],[-0.3068,51.98168],[-0.30521,51.98615],[-0.29054,51.98615],[-0.28934,51.98166],[-0.2871,51.98173],[-0.28118,51.98144],[-0.27002,51.98181],[-0.27009,51.97662],[-0.26483,51.97238],[-0.25078,51.96581],[-0.2496,51.95976],[-0.24485,51.96277],[-0.24037,51.9663],[-0.23584,51.96758],[-0.23157,51.96828],[-0.23033,51.96651],[-0.23149,51.96463],[-0.22829,51.9634],[-0.22678,51.96189],[-0.22533,51.96094],[-0.22406,51.96111],[-0.22041,51.96035]]]}},{"type":"Feature","properties":{"source_code":"E84014","codes":["E84014"],"label":"BACON LANE SURGERY"},"geometry":{"type":"Polygon","coordinates":[[[-0.27925,51.61594],[-0.27959,51.61487],[-0.27886,51.61445],[-0.27869,51.61301],[-0.28045,51.61183],[-0.28254,51.61316],[-0.27769,51.60947],[-0.27556,51.61018],[-0.27346,51.6105],[-0.2714,51.61045],[-0.27071,51.60884],[-0.27071,51.60885],[-0.26779,51.60512],[-0.26814,51.60484],[-0.26989,51.60437],[-0.27133,51.60375],[-0.27172,51.60402],[-0.27113,51.60347],[-0.27114,51.60346],[-0.26861,51.60155],[-0.27286,51.59867],[-0.27346,51.59875],[-0.27603,51.59835],[-0.27603,51.59832],[-0.28032,51.59755],[-0.2879,51.59609],[-0.28989,51.59621],[-0.29303,51.60032],[-0.29301,51.60033],[-0.29397,51.60229],[-0.29444,51.60754],[-0.29122,51.60806],[-0.29461,51.6076],[-0.29491,51.61215],[-0.28851,51.61729],[-0.28869,51.6174],[-0.28277,51.61884],[-0.27925,51.61594]],[[-0.2854,51.61534],[-0.28321,51.61367],[-0.28468,51.61483],[-0.2854,51.61534]],[[-0.27517,51.59948],[-0.27605,51.59861],[-0.27611,51.59887],[-0.27606,51.59848],[-0.27517,51.59948]]]}},{"type":"Feature","properties":{"source_code":"E83053","codes":["E83053"],"label":"LANE END MEDICAL GROUP"},"geometry":{"type":"Polygon","coordinates":[[[-0.26762,51.63198],[-0.25741,51.62127],[-0.25657,51.62032],[-0.25814,51.61895],[-0.26101,51.61562],[-0.26526,51.61373],[-0.26539,51.60906],[-0.27431,51.60725],[-0.28513,51.60318],[-0.29024,51.59997],[-0.2918,51.59746],[-0.2944,51.59601],[-0.30813,51.61802],[-0.30739,51.61829],[-0.30641,51.61885],[-0.30583,51.61904],[-0.30506,51.61933],[-0.30326,51.6199],[-0.29775,51.62081],[-0.29474,51.62134],[-0.29239,51.62176],[-0.29009,51.62279],[-0.2889,51.62324],[-0.28762,51.62344],[-0.28286,51.62795],[-0.27723,51.62894],[-0.2723,51.63126],[-0.26762,51.63198]]]}},{"type":"Feature","properties":{"source_code":"E82044","codes":["E82044"],"label":"THE PORTMILL SURGERY"},"geometry":{"type":"MultiPolygon","coordinates":[[[[-0.24612,51.92272],[-0.24328,51.9206],[-0.24615,51.92272],[-0.24612,51.92272]]],[[[-0.24612,51.92272],[-0.24617,51.92276],[-0.24601,51.92272],[-0.24612,51.92272]]],[[[-0.27431,51.9862],[-0.26985,51.9815],[-0.25887,51.98055],[-0.25337,51.97912],[-0.25166,51.97325],[-0.24239,51.96394],[-0.23535,51.96003],[-0.22385,51.95812],[-0.21973,51.94919],[-0.21561,51.94046],[-0.22803,51.92712],[-0.22735,51.92592],[-0.22734,51.92528],[-0.2284,51.92473],[-0.2303,51.92463],[-0.23206,51.92413],[-0.23817,51.92461],[-0.24157,51.92459],[-0.24479,51.92533],[-0.24669,51.92419],[-0.25009,51.9248],[-0.25044,51.92214],[-0.25495,51.92156],[-0.25442,51.91993],[-0.25721,51.91942],[-0.25927,51.9194],[-0.26043,51.9192],[-0.25629,51.91066],[-0.25249,51.90866],[-0.25651,51.90545],[-0.25966,51.90324],[-0.26221,51.90059],[-0.26102,51.89848],[-0.26038,51.89758],[-0.26086,51.89636],[-0.2643,51.89397],[-0.26535,51.89106],[-0.27047,51.89286],[-0.27363,51.89715],[-0.27942,51.8965],[-0.28384,51.89464],[-0.2932,51.89457],[-0.29295,51.89545],[-0.29356,51.89659],[-0.29487,51.89898],[-0.29588,51.90126],[-0.29843,51.9028],[-0.29868,51.90354],[-0.29815,51.90429],[-0.29719,51.90568],[-0.29671,51.90721],[-0.2976,51.90875],[-0.29929,51.91171],[-0.30443,51.91407],[-0.31352,51.91399],[-0.3268,51.91367],[-0.34822,51.9078],[-0.35221,51.91227],[-0.35912,51.91653],[-0.3653,51.92304],[-0.35869,51.92834],[-0.36238,51.92961],[-0.36744,51.93842],[-0.36903,51.95047],[-0.36454,51.95104],[-0.36146,51.95082],[-0.35996,51.95698],[-0.36053,51.95763],[-0.35941,51.9599],[-0.35787,51.96444],[-0.35688,51.96669],[-0.3556,51.97341],[-0.35615,51.97515],[-0.34684,51.98462],[-0.32307,51.98361],[-0.31277,51.98266],[-0.30693,51.98953],[-0.29534,51.9954],[-0.28577,51.99513],[-0.27867,51.99455],[-0.27431,51.99133],[-0.27431,51.9862]]]]}},{"type":"Feature","properties":{"source_code":"E84653","codes":["E84653"],"label":"ZAIN MEDICAL CENTRE"},"geometry":{"type":"Polygon","coordinates":[[[-0.34985,51.61823],[-0.30968,51.62398],[-0.25509,51.61674],[-0.27054,51.5824],[-0.33337,51.57963],[-0.34985,51.5952],[-0.35225,51.6129],[-0.34985,51.61823]]]}},{"type":"Feature","properties":{"source_code":"E83030","codes":["E83030"],"label":"PENSHURST GARDENS SURGERY"},"geometry":{"type":"Polygon","coordinates":[[[-0.2656,51.60923],[-0.27097,51.60821],[-0.27297,51.60764],[-0.27488,51.60692],[-0.28047,51.60445],[-0.29517,51.59909],[-0.30075,51.6073],[-0.30736,51.61802],[-0.28708,51.62389],[-0.28715,51.63293],[-0.2753,51.63331],[-0.26873,51.63338],[-0.26194,51.63198],[-0.25007,51.63029],[-0.24768,51.6296],[-0.24604,51.62481],[-0.24496,51.62373],[-0.24551,51.62236],[-0.2422,51.62145],[-0.24258,51.62119],[-0.24291,51.6209],[-0.2444,51.61653],[-0.24469,51.61496],[-0.24239,51.6093],[-0.24479,51.60942],[-0.24707,51.60986],[-0.25029,51.60865],[-0.252,51.60995],[-0.25321,51.60996],[-0.25533,51.61021],[-0.25737,51.61034],[-0.2624,51.60962],[-0.26381,51.60945],[-0.2656,51.60923]]]}},{"type":"Feature","properties":{"source_code":"E84002","codes":["E84002"],"label":"FORTY WILLOWS SURGERY"},"geometry":{"type":"Polygon","coordinates":[[[-0.33307,51.59211],[-0.33048,51.59151],[-0.32824,51.59075],[-0.32277,51.59075],[-0.31839,51.59171],[-0.31367,51.59222],[-0.30646,51.59398],[-0.29788,51.59547],[-0.29667,51.59556],[-0.29547,51.59549],[-0.29101,51.59512],[-0.28783,51.59483],[-0.28509,51.59432],[-0.27185,51.59516],[-0.26753,51.59568],[-0.26338,51.59689],[-0.25749,51.59222],[-0.25166,51.5864],[-0.24616,51.58166],[-0.23861,51.57584],[-0.23346,51.57024],[-0.24556,51.56808],[-0.25286,51.56293],[-0.25414,51.55576],[-0.25582,51.55355],[-0.26299,51.55093],[-0.26603,51.54838],[-0.27011,51.54647],[-0.2738,51.54607],[-0.27367,51.54573],[-0.27389,51.54529],[-0.27884,51.54793],[-0.2862,51.55227],[-0.28979,51.55427],[-0.29423,51.55381],[-0.29979,51.55251],[-0.30534,51.55229],[-0.30953,51.55174],[-0.31131,51.55194],[-0.30971,51.55193],[-0.31189,51.55214],[-0.31384,51.55426],[-0.31665,51.55766],[-0.31946,51.5616],[-0.32028,51.56904],[-0.32274,51.57255],[-0.32398,51.57388],[-0.3247,51.57659],[-0.32656,51.57962],[-0.33067,51.5822],[-0.33135,51.58403],[-0.33211,51.58592],[-0.33184,51.5878],[-0.3326,51.58961],[-0.33307,51.59211]]]}},{"type":"Feature","properties":{"source_code":"E83032","codes":["E83032"],"label":"OAK LODGE MEDICAL CENTRE"},"geometry":{"type":"MultiPolygon","coordinates":[[[[-0.25298,51.61739],[-0.25209,51.61644],[-0.25377,51.61803],[-0.25298,51.61739]]],[[[-0.25298,51.61739],[-0.25423,51.61873],[-0.24951,51.61455],[-0.25298,51.61739]]],[[[-0.25423,51.61873],[-0.25779,51.62188],[-0.25706,51.62185],[-0.25715,51.62185],[-0.25423,51.61873]]],[[[-0.25779,51.62188],[-0.25781,51.62188],[-0.25801,51.62207],[-0.25779,51.62188]]],[[[-0.3083,51.61823],[-0.29251,51.62228],[-0.2877,51.6242],[-0.27878,51.62185],[-0.27835,51.62153],[-0.26797,51.62228],[-0.25781,51.62188],[-0.25377,51.61803],[-0.25818,51.62164],[-0.25003,51.61423],[-0.25209,51.61644],[-0.25011,51.61455],[-0.23895,51.60395],[-0.23518,51.59222],[-0.2393,51.58262],[-0.24548,51.58176],[-0.24852,51.58419],[-0.26213,51.58262],[-0.26882,51.58496],[-0.28084,51.58432],[-0.28564,51.59179],[-0.29457,51.59563],[-0.30521,51.61226],[-0.3083,51.61823]]]]}},{"type":"Feature","properties":{"source_code":"E82012","codes":["E82012"],"label":"FAIRBROOK MEDICAL CENTRE"},"geometry":{"type":"Polygon","coordinates":[[[-0.27175,51.68454],[-0.27018,51.68327],[-0.2687,51.68238],[-0.26748,51.68136],[-0.26507,51.67887],[-0.26241,51.67646],[-0.26132,51.67545],[-0.26034,51.67431],[-0.25946,51.67274],[-0.25892,51.67196],[-0.25852,51.67105],[-0.25623,51.66939],[-0.25445,51.6669],[-0.25495,51.66654],[-0.25592,51.66592],[-0.25638,51.66515],[-0.25511,51.66294],[-0.25429,51.66122],[-0.25293,51.65959],[-0.25047,51.65605],[-0.24763,51.65371],[-0.24543,51.65137],[-0.25034,51.65003],[-0.25202,51.64668],[-0.25327,51.64502],[-0.25452,51.64357],[-0.25536,51.64326],[-0.25877,51.64403],[-0.26021,51.64427],[-0.26113,51.64475],[-0.2617,51.64459],[-0.26219,51.64464],[-0.26346,51.64487],[-0.26464,51.64519],[-0.26709,51.64533],[-0.27281,51.64447],[-0.27775,51.64448],[-0.27884,51.64473],[-0.27955,51.64476],[-0.28466,51.6431],[-0.28715,51.64224],[-0.28976,51.64173],[-0.29427,51.64262],[-0.29655,51.64321],[-0.29812,51.64357],[-0.29897,51.64365],[-0.2988,51.64387],[-0.2972,51.64766],[-0.29726,51.64834],[-0.29719,51.64784],[-0.29722,51.64839],[-0.29729,51.649],[-0.29732,51.64941],[-0.29719,51.65018],[-0.29713,51.65103],[-0.29706,51.65158],[-0.29684,51.65255],[-0.29659,51.65422],[-0.29646,51.65499],[-0.29659,51.65568],[-0.29659,51.65608],[-0.29659,51.65571],[-0.29767,51.6569],[-0.29856,51.65855],[-0.29952,51.66025],[-0.29984,51.66163],[-0.30149,51.66392],[-0.30212,51.66526],[-0.30263,51.66699],[-0.30282,51.6681],[-0.30384,51.66956],[-0.30422,51.67157],[-0.30415,51.67161],[-0.30401,51.67211],[-0.30335,51.67269],[-0.30268,51.6734],[-0.30224,51.67383],[-0.30184,51.67412],[-0.30142,51.67469],[-0.30096,51.67513],[-0.3004,51.67567],[-0.30015,51.67597],[-0.2998,51.67619],[-0.29931,51.67643],[-0.29014,51.68237],[-0.289,51.68265],[-0.28741,51.68284],[-0.28499,51.68375],[-0.28328,51.68422],[-0.28156,51.68422],[-0.28074,51.68463],[-0.27835,51.68698],[-0.2774,51.68788],[-0.27554,51.68691],[-0.27367,51.68578],[-0.27175,51.68454]],[[-0.2808,51.68456],[-0.28513,51.68215],[-0.28235,51.68304],[-0.2808,51.68456]],[[-0.28957,51.67597],[-0.28996,51.67555],[-0.28922,51.67628],[-0.28957,51.67597]],[[-0.29707,51.66934],[-0.29717,51.66844],[-0.29372,51.67185],[-0.29707,51.66934]],[[-0.29656,51.66335],[-0.29657,51.66106],[-0.29601,51.66226],[-0.29587,51.6619],[-0.29724,51.66793],[-0.29732,51.66721],[-0.29656,51.66335]],[[-0.2951,51.65765],[-0.2943,51.65464],[-0.2956,51.65168],[-0.29719,51.64783],[-0.29717,51.64772],[-0.29423,51.65467],[-0.29531,51.65942],[-0.2951,51.65765]]]}},{"type":"Feature","properties":{"source_code":"E84699","codes":["E84699"],"label":"KINGS EDGE MEDICAL CENTRE"},"geometry":{"type":"MultiPolygon","coordinates":[[[[-0.27255,51.59682],[-0.27382,51.59699],[-0.2745,51.59713],[-0.27314,51.59762],[-0.27234,51.59787],[-0.27211,51.59741],[-0.27255,51.59682]]],[[[-0.26442,51.60057],[-0.26489,51.60067],[-0.26387,51.60168],[-0.26442,51.60057]]],[[[-0.25954,51.60055],[-0.26285,51.60274],[-0.26045,51.60658],[-0.26815,51.60142],[-0.26489,51.60067],[-0.26676,51.59883],[-0.2697,51.59869],[-0.27234,51.59787],[-0.27262,51.59843],[-0.27454,51.59714],[-0.2745,51.59713],[-0.27461,51.59709],[-0.28241,51.59187],[-0.27384,51.59512],[-0.27255,51.59682],[-0.27018,51.59651],[-0.26845,51.59717],[-0.26676,51.59883],[-0.26524,51.5989],[-0.26442,51.60057],[-0.26181,51.59997],[-0.26385,51.59892],[-0.25954,51.60055],[-0.2577,51.59933],[-0.26045,51.59229],[-0.26834,51.58803],[-0.27314,51.58525],[-0.27486,51.58099],[-0.27795,51.57501],[-0.28138,51.57267],[-0.29476,51.57523],[-0.31055,51.57736],[-0.32359,51.58312],[-0.32771,51.58845],[-0.32737,51.59699],[-0.32737,51.60317],[-0.32462,51.60658],[-0.31947,51.61042],[-0.31879,51.61618],[-0.31913,51.61937],[-0.31364,51.62214],[-0.30781,51.62214],[-0.2831,51.6215],[-0.27177,51.61703],[-0.26079,51.61319],[-0.25942,51.60807],[-0.25907,51.60466],[-0.2577,51.60125],[-0.25954,51.60055]]]]}},{"type":"Feature","properties":{"source_code":"D81057","codes":["D81057"],"label":"LAKESIDE HEALTHCARE ST NEOTS"},"geometry":{"type":"Polygon","coordinates":[[[-0.30556,52.24651],[-0.27294,52.26711],[-0.25801,52.28675],[-0.23209,52.28958],[-0.23174,52.28895],[-0.22711,52.28906],[-0.21973,52.29],[-0.21544,52.28958],[-0.16239,52.26522],[-0.14557,52.24378],[-0.15218,52.22075],[-0.16497,52.20487],[-0.17673,52.19635],[-0.20428,52.18888],[-0.27809,52.19645],[-0.31036,52.19498],[-0.31714,52.19735],[-0.31775,52.20561],[-0.32032,52.21749],[-0.31088,52.23032],[-0.30556,52.24651]]]}},{"type":"Feature","properties":{"source_code":"Y02769","codes":["Y02769"],"label":"ST NEOTS HEALTH CENTRE"},"geometry":{"type":"Polygon","coordinates":[[[-0.28702,52.3111],[-0.14672,52.26928],[-0.10574,52.25807],[-0.19363,52.15835],[-0.32135,52.15751],[-0.3701,52.26606],[-0.28908,52.30806],[-0.28809,52.30779],[-0.28702,52.3111]]]}},{"type":"Feature","properties":{"source_code":"E84015","codes":["E84015"],"label":"WILLOW TREE FAMILY DOCTORS"},"geometry":{"type":"Polygon","coordinates":[[[-0.26728,51.60019],[-0.24895,51.58448],[-0.24766,51.57541],[-0.25288,51.57107],[-0.26341,51.56608],[-0.27805,51.56555],[-0.28429,51.5668],[-0.28915,51.56997],[-0.29162,51.57238],[-0.29547,51.57458],[-0.30625,51.57685],[-0.30751,51.58501],[-0.31049,51.59274],[-0.29724,51.59466],[-0.28708,51.59316],[-0.26728,51.60019]]]}},{"type":"Feature","properties":{"source_code":"E84078","codes":["E84078"],"label":"KINGSBURY HEALTH AND WELLBEING"},"geometry":{"type":"Polygon","coordinates":[[[-0.27144,51.59858],[-0.26736,51.6004],[-0.25277,51.58886],[-0.24359,51.58062],[-0.24856,51.5759],[-0.25303,51.57579],[-0.25571,51.5755],[-0.2744,51.57457],[-0.27799,51.58015],[-0.27771,51.58067],[-0.2786,51.58121],[-0.27925,51.58181],[-0.27989,51.5826],[-0.28092,51.58405],[-0.2817,51.58469],[-0.28234,51.58613],[-0.28326,51.5873],[-0.28299,51.58846],[-0.28478,51.59072],[-0.28814,51.59278],[-0.28354,51.59432],[-0.28264,51.59432],[-0.28234,51.5947],[-0.27513,51.59507],[-0.27466,51.59488],[-0.27423,51.59512],[-0.27618,51.5985],[-0.27144,51.59858]]]}},{"type":"Feature","properties":{"source_code":"E81057","codes":["E81057"],"label":"SAFFRON HEALTH PARTNERSHIP"},"geometry":{"type":"Polygon","coordinates":[[[-0.35585,52.13335],[-0.25839,52.13188],[-0.21995,52.10637],[-0.20314,52.08064],[-0.2936,52.05138],[-0.37473,52.06333],[-0.37438,52.10532],[-0.35585,52.13335]]]}},{"type":"Feature","properties":{"source_code":"E84067","codes":["E84067"],"label":"CHURCH LANE SURGERY"},"geometry":{"type":"Polygon","coordinates":[[[-0.25213,51.58862],[-0.24993,51.5874],[-0.24859,51.58648],[-0.2447,51.58323],[-0.24232,51.58016],[-0.2409,51.57709],[-0.24104,51.57473],[-0.24098,51.57268],[-0.24239,51.57099],[-0.24316,51.56914],[-0.24586,51.56609],[-0.24844,51.56457],[-0.25123,51.56312],[-0.25741,51.56207],[-0.26069,51.56194],[-0.2641,51.56203],[-0.27124,51.56301],[-0.27837,51.56485],[-0.28246,51.56845],[-0.28552,51.5727],[-0.28631,51.57574],[-0.28456,51.58163],[-0.28144,51.5855],[-0.27736,51.58888],[-0.27046,51.59062],[-0.26711,51.59131],[-0.2641,51.59142],[-0.25844,51.59056],[-0.25552,51.59011],[-0.25213,51.58862]]]}},{"type":"Feature","properties":{"source_code":"E83018","codes":["E83018"],"label":"WATLING MEDICAL CENTRE"},"geometry":{"type":"MultiPolygon","coordinates":[[[[-0.24559,51.58655],[-0.24555,51.58659],[-0.24562,51.58648],[-0.24559,51.58655]]],[[[-0.24555,51.58659],[-0.24547,51.58671],[-0.24545,51.58668],[-0.24555,51.58659]]],[[[-0.26573,51.60922],[-0.26558,51.61142],[-0.26474,51.614],[-0.26072,51.61554],[-0.26031,51.61691],[-0.25633,51.6215],[-0.25508,51.62202],[-0.25331,51.62105],[-0.25232,51.62072],[-0.25144,51.62012],[-0.24948,51.619],[-0.24518,51.61682],[-0.2447,51.6168],[-0.24429,51.61669],[-0.24302,51.61594],[-0.24185,51.61508],[-0.24143,51.61305],[-0.24113,51.61099],[-0.24081,51.60925],[-0.23974,51.60547],[-0.23754,51.60332],[-0.23613,51.60226],[-0.2343,51.60143],[-0.23347,51.59972],[-0.23332,51.59802],[-0.23346,51.59446],[-0.23401,51.59272],[-0.23474,51.59061],[-0.23524,51.58944],[-0.23538,51.5884],[-0.23517,51.58821],[-0.23474,51.58832],[-0.23449,51.5883],[-0.23432,51.58818],[-0.23447,51.58788],[-0.23482,51.58779],[-0.23492,51.58754],[-0.23527,51.58752],[-0.23562,51.58766],[-0.23595,51.58769],[-0.23691,51.58777],[-0.23765,51.58786],[-0.23842,51.58802],[-0.23933,51.58844],[-0.24026,51.5892],[-0.24144,51.59016],[-0.24201,51.59058],[-0.24279,51.59089],[-0.24359,51.59105],[-0.24438,51.591],[-0.24419,51.59053],[-0.24408,51.59001],[-0.24426,51.58983],[-0.24427,51.58954],[-0.24438,51.5893],[-0.24428,51.58908],[-0.24437,51.58899],[-0.24441,51.58891],[-0.24453,51.58855],[-0.24463,51.58823],[-0.2449,51.5877],[-0.24535,51.5869],[-0.24547,51.58671],[-0.2455,51.58676],[-0.24559,51.58655],[-0.24568,51.58647],[-0.24588,51.58609],[-0.24599,51.58592],[-0.24649,51.58558],[-0.24712,51.5854],[-0.24811,51.58529],[-0.24887,51.58512],[-0.2486,51.58474],[-0.2482,51.58434],[-0.24848,51.58423],[-0.24944,51.58395],[-0.25075,51.58363],[-0.25315,51.58261],[-0.25382,51.58246],[-0.2574,51.58225],[-0.25842,51.58222],[-0.25928,51.5824],[-0.26079,51.5828],[-0.26116,51.58287],[-0.26154,51.5829],[-0.26228,51.58296],[-0.26283,51.58307],[-0.26336,51.58324],[-0.26403,51.58352],[-0.26467,51.58381],[-0.26527,51.58408],[-0.26598,51.58426],[-0.26883,51.5849],[-0.27162,51.58551],[-0.273,51.58581],[-0.27442,51.58602],[-0.27539,51.58603],[-0.27636,51.58587],[-0.27787,51.58536],[-0.27862,51.58504],[-0.2795,51.58483],[-0.28105,51.58484],[-0.2813,51.58468],[-0.28164,51.58455],[-0.28203,51.58466],[-0.28221,51.58487],[-0.28225,51.58504],[-0.282,51.58521],[-0.2824,51.58592],[-0.28301,51.5874],[-0.28358,51.58939],[-0.2841,51.5903],[-0.28488,51.59121],[-0.28569,51.59187],[-0.28672,51.59227],[-0.28804,51.59261],[-0.28871,51.59275],[-0.28933,51.59293],[-0.28995,51.5932],[-0.29048,51.59348],[-0.29095,51.5938],[-0.29152,51.59413],[-0.29266,51.59465],[-0.29372,51.59514],[-0.29379,51.59518],[-0.29392,51.59523],[-0.29409,51.59529],[-0.29438,51.59536],[-0.29457,51.5956],[-0.29438,51.59579],[-0.29378,51.59605],[-0.2931,51.59668],[-0.29345,51.59753],[-0.2938,51.5982],[-0.2946,51.59921],[-0.29342,51.59923],[-0.29267,51.5994],[-0.29126,51.59948],[-0.2895,51.60039],[-0.28791,51.60169],[-0.28447,51.60293],[-0.2864,51.60356],[-0.28682,51.60432],[-0.28656,51.60478],[-0.28519,51.60712],[-0.28724,51.60659],[-0.28843,51.60646],[-0.28937,51.6066],[-0.29039,51.60712],[-0.29073,51.60774],[-0.29188,51.60752],[-0.2953,51.60752],[-0.30116,51.60717],[-0.30192,51.60862],[-0.30259,51.61018],[-0.30342,51.61075],[-0.30399,51.61138],[-0.30488,51.61265],[-0.30809,51.6178],[-0.30798,51.61813],[-0.30809,51.61857],[-0.3086,51.61928],[-0.30976,51.62023],[-0.31055,51.62084],[-0.31137,51.62116],[-0.31277,51.62185],[-0.31379,51.62263],[-0.31464,51.62357],[-0.31651,51.62531],[-0.31697,51.62547],[-0.31745,51.62561],[-0.31767,51.62573],[-0.3177,51.62596],[-0.3175,51.62662],[-0.31701,51.62686],[-0.31567,51.62757],[-0.31358,51.62835],[-0.30513,51.63144],[-0.28775,51.6177],[-0.27992,51.61061],[-0.28184,51.60901],[-0.28157,51.60859],[-0.28165,51.60813],[-0.28181,51.6079],[-0.2806,51.60708],[-0.28002,51.60592],[-0.27958,51.60497],[-0.27469,51.6071],[-0.27287,51.60783],[-0.27045,51.60841],[-0.268,51.60892],[-0.26573,51.60922]]]]}},{"type":"Feature","properties":{"source_code":"E81022","codes":["E81022"],"label":"LARKSFIELD AND ARLESEY MEDICAL PRACTICE"},"geometry":{"type":"Polygon","coordinates":[[[-0.20565,52.01173],[-0.22745,52.00343],[-0.23449,51.99894],[-0.24427,51.99873],[-0.24462,51.99461],[-0.25256,51.99498],[-0.26093,51.99799],[-0.26333,51.9908],[-0.26745,51.99075],[-0.27225,51.9927],[-0.27378,52.00264],[-0.27316,52.01854],[-0.29243,52.01859],[-0.29483,52.0197],[-0.28702,52.02675],[-0.30354,52.02678],[-0.30668,52.02674],[-0.30808,52.02683],[-0.3088,52.02688],[-0.31659,52.03021],[-0.31644,52.03771],[-0.31231,52.04162],[-0.3056,52.04352],[-0.29457,52.04379],[-0.28556,52.03795],[-0.2763,52.03409],[-0.26961,52.03179],[-0.26509,52.03137],[-0.26083,52.03153],[-0.25452,52.03153],[-0.25333,52.03157],[-0.25215,52.03149],[-0.24986,52.03127],[-0.24783,52.03095],[-0.2458,52.03147],[-0.24446,52.03233],[-0.24294,52.03288],[-0.23368,52.03283],[-0.22511,52.03317],[-0.21707,52.03222],[-0.20908,52.02102],[-0.20711,52.01659],[-0.20565,52.01173]]]}},{"type":"Feature","properties":{"source_code":"D81082","codes":["D81082"],"label":"ALMOND ROAD SURGERY"},"geometry":{"type":"MultiPolygon","coordinates":[[[[-0.25581,52.21034],[-0.25578,52.21034],[-0.2528,52.21212],[-0.25578,52.21013],[-0.25581,52.21034]]],[[[-0.2528,52.21212],[-0.2441,52.21791],[-0.2314,52.22486],[-0.2528,52.21212]]],[[[-0.25581,52.21034],[-0.29423,52.20655],[-0.30006,52.22086],[-0.26593,52.26151],[-0.26505,52.26438],[-0.26321,52.26475],[-0.26264,52.26543],[-0.26257,52.26488],[-0.21698,52.27404],[-0.24136,52.24651],[-0.25659,52.21669],[-0.25581,52.21034]]]]}},{"type":"Feature","properties":{"source_code":"E83668","codes":["E83668"],"label":"DR SP TALPAHEWA"},"geometry":{"type":"Polygon","coordinates":[[[-0.26093,51.57024],[-0.26917,51.53609],[-0.35054,51.54909],[-0.401,51.55658],[-0.42804,51.57437],[-0.52322,51.63507],[-0.52133,51.63558],[-0.52185,51.63592],[-0.47147,51.6489],[-0.37148,51.67554],[-0.34162,51.67305],[-0.21011,51.66319],[-0.19124,51.65405],[-0.16411,51.64231],[-0.18615,51.63286],[-0.24533,51.60606],[-0.23895,51.60139],[-0.23964,51.59158],[-0.24101,51.58048],[-0.26093,51.57024]]]}},{"type":"Feature","properties":{"source_code":"E83046","codes":["E83046"],"label":"MULBERRY MEDICAL PRACTICE"},"geometry":{"type":"Polygon","coordinates":[[[-0.26367,51.62963],[-0.25423,51.62878],[-0.24762,51.63054],[-0.24101,51.62835],[-0.23698,51.6259],[-0.23474,51.62553],[-0.23483,51.62345],[-0.22856,51.61919],[-0.22642,51.61834],[-0.22496,51.61455],[-0.22487,51.61215],[-0.22341,51.60928],[-0.23294,51.60773],[-0.23174,51.60592],[-0.23415,51.60352],[-0.23423,51.60251],[-0.2398,51.60256],[-0.23758,51.59856],[-0.23671,51.5936],[-0.23921,51.58851],[-0.24805,51.58435],[-0.2538,51.58275],[-0.25783,51.58254],[-0.26161,51.58318],[-0.2659,51.5843],[-0.28539,51.59419],[-0.2902,51.59659],[-0.30556,51.59451],[-0.3138,51.60333],[-0.31607,51.60256],[-0.31714,51.60203],[-0.31903,51.60163],[-0.32354,51.60043],[-0.32693,51.60437],[-0.32933,51.6073],[-0.32942,51.61018],[-0.33071,51.61306],[-0.33268,51.61455],[-0.3356,51.61594],[-0.33826,51.6177],[-0.34169,51.62068],[-0.34247,51.62409],[-0.33791,51.62841],[-0.33611,51.63022],[-0.33201,51.63342],[-0.33019,51.6372],[-0.32882,51.64045],[-0.32873,51.64119],[-0.32292,51.64189],[-0.31474,51.63853],[-0.3059,51.63565],[-0.30101,51.63464],[-0.29688,51.63432],[-0.28633,51.63576],[-0.27903,51.63741],[-0.27414,51.63746],[-0.26882,51.63581],[-0.26607,51.63331],[-0.2641,51.63081],[-0.26367,51.62963]]]}},{"type":"Feature","properties":{"source_code":"E81036","codes":["E81036"],"label":"IVEL MEDICAL CENTRE"},"geometry":{"type":"Polygon","coordinates":[[[-0.29388,52.12253],[-0.20651,52.11547],[-0.19024,52.11439],[-0.16986,52.10508],[-0.16476,52.1012],[-0.16207,52.09647],[-0.16904,52.0866],[-0.18402,52.07043],[-0.19947,52.06568],[-0.2138,52.0665],[-0.21814,52.06279],[-0.22093,52.05824],[-0.22488,52.05481],[-0.22973,52.051],[-0.24108,52.04476],[-0.25723,52.04592],[-0.27374,52.04533],[-0.305,52.0514],[-0.3354,52.0544],[-0.34521,52.05624],[-0.34731,52.06024],[-0.34802,52.0615],[-0.34907,52.06402],[-0.34841,52.06539],[-0.34902,52.0667],[-0.35049,52.06865],[-0.35081,52.07091],[-0.35319,52.07434],[-0.35525,52.09045],[-0.35276,52.10571],[-0.32504,52.11855],[-0.30912,52.12265],[-0.29388,52.12253]]]}},{"type":"Feature","properties":{"source_code":"E83028","codes":["E83028"],"label":"PARKVIEW SURGERY"},"geometry":{"type":"Polygon","coordinates":[[[-0.27488,51.60693],[-0.26865,51.60889],[-0.26953,51.60997],[-0.26894,51.61072],[-0.26835,51.61093],[-0.26547,51.61127],[-0.26327,51.61134],[-0.26166,51.61149],[-0.25979,51.61136],[-0.25574,51.61159],[-0.25453,51.61179],[-0.25426,51.61177],[-0.25426,51.61184],[-0.25331,51.61179],[-0.25038,51.61031],[-0.24908,51.61102],[-0.24768,51.61029],[-0.2447,51.60768],[-0.24315,51.60603],[-0.24177,51.60515],[-0.24107,51.60433],[-0.24053,51.6039],[-0.24059,51.60314],[-0.23942,51.60168],[-0.23947,51.59968],[-0.24099,51.59776],[-0.24226,51.59696],[-0.2444,51.59707],[-0.24873,51.59595],[-0.25747,51.59222],[-0.27488,51.60693]]]}},{"type":"Feature","properties":{"source_code":"E83041","codes":["E83041"],"label":"WAKEMANS HILL SURGERY"},"geometry":{"type":"Polygon","coordinates":[[[-0.27809,51.61034],[-0.26436,51.61567],[-0.24891,51.61183],[-0.23621,51.60544],[-0.22385,51.59669],[-0.22247,51.58582],[-0.24239,51.57387],[-0.26676,51.57472],[-0.28015,51.58304],[-0.28839,51.5984],[-0.27809,51.61034]]]}},{"type":"Feature","properties":{"source_code":"E83637","codes":["E83637"],"label":"COLINDALE MEDICAL CENTRE LP"},"geometry":{"type":"Polygon","coordinates":[[[-0.2641,51.59781],[-0.25595,51.60301],[-0.25256,51.60139],[-0.24552,51.60117],[-0.2456,51.59693],[-0.24573,51.59597],[-0.24211,51.59685],[-0.23983,51.59637],[-0.23925,51.59408],[-0.24221,51.59051],[-0.24015,51.58843],[-0.2405,51.58464],[-0.24256,51.58443],[-0.24671,51.58116],[-0.24921,51.58112],[-0.25095,51.57996],[-0.25427,51.57918],[-0.25432,51.58091],[-0.25367,51.58259],[-0.25756,51.58216],[-0.2605,51.58266],[-0.26356,51.58326],[-0.26552,51.58435],[-0.26556,51.58532],[-0.2644,51.58784],[-0.26359,51.59102],[-0.26165,51.59344],[-0.26084,51.59478],[-0.2641,51.59781]]]}},{"type":"Feature","properties":{"source_code":"E83016","codes":["E83016"],"label":"MILLWAY MEDICAL PRACTICE"},"geometry":{"type":"Polygon","coordinates":[[[-0.26056,51.6248],[-0.26012,51.62749],[-0.25816,51.63069],[-0.25483,51.63624],[-0.24275,51.64198],[-0.23696,51.63745],[-0.23679,51.63676],[-0.23585,51.63306],[-0.23568,51.63172],[-0.23582,51.63116],[-0.23571,51.63068],[-0.23561,51.62969],[-0.2348,51.62821],[-0.23496,51.62669],[-0.23522,51.626],[-0.23539,51.62549],[-0.23518,51.62514],[-0.23539,51.62464],[-0.23595,51.62387],[-0.23537,51.6234],[-0.23142,51.62047],[-0.22848,51.61852],[-0.22625,51.61804],[-0.22462,51.61449],[-0.22419,51.61202],[-0.22346,51.60876],[-0.22558,51.60833],[-0.23252,51.60756],[-0.23254,51.6055],[-0.234,51.60421],[-0.2346,51.60189],[-0.23955,51.60165],[-0.23983,51.60229],[-0.24189,51.60468],[-0.24322,51.60593],[-0.24558,51.60837],[-0.24754,51.61],[-0.25015,51.60876],[-0.25183,51.60908],[-0.25142,51.61044],[-0.24964,51.61098],[-0.25017,51.61237],[-0.25674,51.61253],[-0.26485,51.61201],[-0.2658,51.61246],[-0.27039,51.61211],[-0.27069,51.6125],[-0.26959,51.61441],[-0.26738,51.61658],[-0.26567,51.6175],[-0.26462,51.6178],[-0.26311,51.62019],[-0.2609,51.62132],[-0.26262,51.62261],[-0.26277,51.62376],[-0.26056,51.6248]]]}},{"type":"Feature","properties":{"source_code":"E83011","codes":["E83011"],"label":"THE EVERGLADE MEDICAL PRACTICE"},"geometry":{"type":"Polygon","coordinates":[[[-0.24942,51.61311],[-0.24194,51.60521],[-0.23982,51.60297],[-0.23762,51.60083],[-0.23533,51.59447],[-0.23765,51.58985],[-0.23869,51.58701],[-0.24376,51.58689],[-0.25217,51.58784],[-0.27964,51.61066],[-0.2726,51.61796],[-0.26917,51.61844],[-0.26642,51.6178],[-0.2635,51.6177],[-0.26196,51.6177],[-0.26058,51.61695],[-0.25921,51.61674],[-0.25406,51.61514],[-0.24942,51.61311]]]}},{"type":"Feature","properties":{"source_code":"Y03663","codes":["Y03663"],"label":"HENDON WAY SURGERY"},"geometry":{"type":"Polygon","coordinates":[[[-0.19295,51.65722],[-0.19363,51.65871],[-0.14488,51.63251],[-0.20915,51.56567],[-0.25398,51.58774],[-0.26814,51.61482],[-0.19295,51.65722]]]}},{"type":"Feature","properties":{"source_code":"E82008","codes":["E82008"],"label":"THE NEVELLS ROAD SURGERY"},"geometry":{"type":"Polygon","coordinates":[[[-0.23574,51.9991],[-0.22685,51.99873],[-0.22123,52.00047],[-0.2181,52.00089],[-0.21423,52.00137],[-0.20531,51.99756],[-0.20565,51.99609],[-0.1981,51.99334],[-0.19569,51.9724],[-0.20187,51.96542],[-0.2084,51.96479],[-0.21664,51.9614],[-0.22591,51.96077],[-0.23449,51.95929],[-0.24857,51.95717],[-0.25372,51.97875],[-0.24822,51.98509],[-0.24397,51.9991],[-0.24093,51.9991],[-0.23574,51.9991]]]}},{"type":"Feature","properties":{"source_code":"E82018","codes":["E82018"],"label":"LISTER HOUSE SURGERY"},"geometry":{"type":"Polygon","coordinates":[[[-0.2314,51.73192],[-0.28273,51.74234],[-0.33414,51.75477],[-0.31727,51.77065],[-0.29097,51.77018],[-0.26161,51.78802],[-0.24857,51.79726],[-0.22762,51.80118],[-0.18531,51.80225],[-0.14145,51.78223],[-0.13836,51.76019],[-0.2005,51.73681],[-0.2314,51.73192]]]}},{"type":"Feature","properties":{"source_code":"E82023","codes":["E82023"],"label":"BURVILL HOUSE SURGERY"},"geometry":{"type":"Polygon","coordinates":[[[-0.32701,51.75302],[-0.32198,51.76089],[-0.32175,51.7667],[-0.31699,51.77235],[-0.31447,51.77084],[-0.31041,51.77294],[-0.30427,51.77264],[-0.30276,51.77436],[-0.29902,51.77504],[-0.2969,51.77442],[-0.29685,51.77248],[-0.29524,51.77076],[-0.29269,51.76883],[-0.29203,51.76758],[-0.29223,51.76584],[-0.28974,51.76286],[-0.2856,51.76346],[-0.26917,51.77453],[-0.26577,51.77718],[-0.25996,51.77877],[-0.2511,51.77663],[-0.24473,51.78066],[-0.23562,51.78405],[-0.23644,51.79305],[-0.23177,51.79738],[-0.22098,51.79921],[-0.21672,51.79721],[-0.21091,51.79744],[-0.20617,51.79694],[-0.2078,51.79391],[-0.20249,51.8028],[-0.19281,51.79996],[-0.18724,51.79633],[-0.17995,51.79451],[-0.17705,51.79077],[-0.17741,51.78689],[-0.18343,51.78503],[-0.17625,51.78109],[-0.17149,51.76744],[-0.17063,51.75376],[-0.17509,51.71427],[-0.19977,51.71679],[-0.2241,51.71762],[-0.2829,51.72873],[-0.30702,51.74189],[-0.315,51.7482],[-0.32701,51.75302]]]}},{"type":"Feature","properties":{"source_code":"E82002","codes":["E82002"],"label":"WRAFTON HOUSE SURGERY"},"geometry":{"type":"Polygon","coordinates":[[[-0.24207,51.79505],[-0.23221,51.7968],[-0.22946,51.79053],[-0.222,51.78039],[-0.22019,51.77779],[-0.21153,51.78592],[-0.20887,51.78719],[-0.20509,51.78639],[-0.18888,51.78363],[-0.19102,51.77482],[-0.15705,51.77726],[-0.14745,51.76969],[-0.15166,51.75453],[-0.152,51.75559],[-0.17739,51.72264],[-0.20519,51.72434],[-0.24637,51.73157],[-0.26765,51.74369],[-0.27005,51.75517],[-0.25152,51.76473],[-0.25176,51.7767],[-0.22458,51.77813],[-0.22431,51.77786],[-0.22362,51.77818],[-0.22458,51.77813],[-0.24207,51.79505]]]}},{"type":"Feature","properties":{"source_code":"E83020","codes":["E83020"],"label":"ST. GEORGES MEDICAL CENTRE"},"geometry":{"type":"Polygon","coordinates":[[[-0.21535,51.61533],[-0.21428,51.61511],[-0.21355,51.61519],[-0.21273,51.61514],[-0.21217,51.61511],[-0.21136,51.61509],[-0.2099,51.61546],[-0.20874,51.61543],[-0.20788,51.61543],[-0.20668,51.61551],[-0.20586,51.61549],[-0.20548,51.61533],[-0.20549,51.61532],[-0.20505,51.61525],[-0.2038,51.61482],[-0.20333,51.61429],[-0.20342,51.61317],[-0.20393,51.61194],[-0.20445,51.61101],[-0.20509,51.61018],[-0.20565,51.6089],[-0.20629,51.6076],[-0.20689,51.60621],[-0.20771,51.60605],[-0.20762,51.60565],[-0.20659,51.60493],[-0.20505,51.60427],[-0.20402,51.60395],[-0.20539,51.60315],[-0.20788,51.60227],[-0.20883,51.60144],[-0.2093,51.60043],[-0.20964,51.59947],[-0.21011,51.5988],[-0.21097,51.59792],[-0.21166,51.59699],[-0.21223,51.59626],[-0.21089,51.59795],[-0.2114,51.59675],[-0.21166,51.59454],[-0.21106,51.59406],[-0.20926,51.59419],[-0.20754,51.59403],[-0.20707,51.59355],[-0.20715,51.59256],[-0.20767,51.59158],[-0.20771,51.5907],[-0.20775,51.58894],[-0.20702,51.58803],[-0.20878,51.5875],[-0.20938,51.58662],[-0.21024,51.58552],[-0.21119,51.58422],[-0.21157,51.58307],[-0.21179,51.58182],[-0.212,51.58139],[-0.21265,51.58072],[-0.21342,51.57992],[-0.21432,51.57918],[-0.21492,51.57859],[-0.21642,51.57784],[-0.21719,51.57763],[-0.21883,51.5772],[-0.21943,51.57662],[-0.2202,51.57595],[-0.22106,51.5752],[-0.22187,51.57432],[-0.22295,51.57376],[-0.22599,51.57304],[-0.22707,51.5728],[-0.22805,51.57222],[-0.22964,51.57203],[-0.23054,51.57192],[-0.23114,51.57174],[-0.23153,51.57168],[-0.23153,51.5717],[-0.23157,51.57163],[-0.23234,51.57158],[-0.23329,51.57219],[-0.23436,51.57302],[-0.23586,51.57416],[-0.23736,51.5756],[-0.23801,51.5764],[-0.23861,51.57699],[-0.23908,51.57742],[-0.24045,51.57832],[-0.24118,51.57928],[-0.24226,51.58016],[-0.2432,51.58078],[-0.2441,51.58139],[-0.2459,51.58294],[-0.24741,51.58392],[-0.24882,51.58518],[-0.24985,51.58608],[-0.2502,51.58656],[-0.25166,51.58782],[-0.25191,51.58827],[-0.25213,51.58851],[-0.25166,51.58867],[-0.25071,51.58899],[-0.24998,51.58939],[-0.24921,51.58982],[-0.24891,51.59003],[-0.24874,51.59027],[-0.24861,51.59086],[-0.24827,51.59184],[-0.24809,51.59262],[-0.24792,51.59323],[-0.24779,51.59366],[-0.24758,51.5948],[-0.24762,51.59563],[-0.24779,51.59611],[-0.24835,51.59661],[-0.24942,51.59757],[-0.25084,51.59789],[-0.25153,51.59827],[-0.25161,51.59888],[-0.25101,51.59925],[-0.2502,51.59944],[-0.24947,51.59949],[-0.24878,51.59931],[-0.24831,51.59885],[-0.24805,51.59856],[-0.24732,51.59811],[-0.24715,51.59736],[-0.24663,51.59712],[-0.24651,51.59688],[-0.2447,51.59691],[-0.23955,51.59704],[-0.23762,51.59707],[-0.23685,51.59709],[-0.23625,51.5972],[-0.23565,51.60216],[-0.23561,51.60251],[-0.23655,51.60288],[-0.23784,51.6036],[-0.23874,51.60474],[-0.23925,51.60541],[-0.24011,51.60605],[-0.24024,51.60722],[-0.24054,51.60824],[-0.24063,51.60952],[-0.23998,51.61],[-0.23882,51.61079],[-0.23754,51.61151],[-0.23633,51.61183],[-0.23586,51.61159],[-0.23475,51.61093],[-0.23389,51.61056],[-0.23312,51.61056],[-0.23196,51.61061],[-0.23046,51.61071],[-0.2296,51.61101],[-0.22865,51.61133],[-0.22797,51.61151],[-0.22711,51.61167],[-0.22565,51.61189],[-0.22432,51.61218],[-0.22252,51.61314],[-0.22071,51.61381],[-0.21797,51.61479],[-0.21728,51.61554],[-0.21672,51.61588],[-0.21608,51.61554],[-0.21535,51.61533]],[[-0.20572,51.61493],[-0.21015,51.60752],[-0.20582,51.61467],[-0.20572,51.61493]],[[-0.2084,51.60824],[-0.2094,51.60568],[-0.20702,51.61167],[-0.2084,51.60824]],[[-0.21261,51.59747],[-0.21269,51.59725],[-0.21251,51.59751],[-0.21261,51.59747]],[[-0.21612,51.59144],[-0.22077,51.58552],[-0.21502,51.59276],[-0.21612,51.59144]],[[-0.22915,51.57568],[-0.23085,51.57283],[-0.23054,51.57322],[-0.23063,51.57312],[-0.22915,51.57568]]]}},{"type":"Feature","properties":{"source_code":"Y03664","codes":["Y03664"],"label":"DR AZIM & PARTNERS"},"geometry":{"type":"Polygon","coordinates":[[[-0.20621,51.58856],[-0.20926,51.58686],[-0.21159,51.58153],[-0.2118,51.58129],[-0.2119,51.58135],[-0.21456,51.57848],[-0.21265,51.58031],[-0.2118,51.58129],[-0.2101,51.58033],[-0.20727,51.57792],[-0.20401,51.57567],[-0.20973,51.5706],[-0.21678,51.5664],[-0.22495,51.56545],[-0.2325,51.57118],[-0.23229,51.57123],[-0.23166,51.57126],[-0.22921,51.57202],[-0.22573,51.57287],[-0.22371,51.57328],[-0.22159,51.57398],[-0.23229,51.57123],[-0.23262,51.57122],[-0.23355,51.57178],[-0.23444,51.57258],[-0.23546,51.57339],[-0.23657,51.57446],[-0.24221,51.57994],[-0.24803,51.58408],[-0.25333,51.58902],[-0.25747,51.59213],[-0.26436,51.59785],[-0.27504,51.60674],[-0.2731,51.6077],[-0.27073,51.60828],[-0.26573,51.60926],[-0.26533,51.61106],[-0.26536,51.61211],[-0.26515,51.61341],[-0.26354,51.61458],[-0.26132,51.61517],[-0.26031,51.61621],[-0.26011,51.61671],[-0.25837,51.6166],[-0.25707,51.61605],[-0.25603,51.61577],[-0.25454,51.61468],[-0.25339,51.61428],[-0.25153,51.61417],[-0.25002,51.61359],[-0.24936,51.6138],[-0.24823,51.61259],[-0.24503,51.60936],[-0.24089,51.60579],[-0.24045,51.60578],[-0.24013,51.60571],[-0.23949,51.60494],[-0.23832,51.60386],[-0.2368,51.60273],[-0.23524,51.602],[-0.23476,51.6038],[-0.23428,51.60448],[-0.23341,51.60496],[-0.23284,51.60636],[-0.23304,51.60773],[-0.22831,51.60822],[-0.22593,51.60849],[-0.22354,51.60903],[-0.22266,51.60881],[-0.22174,51.60839],[-0.2192,51.60725],[-0.21456,51.60595],[-0.21302,51.60545],[-0.21123,51.60509],[-0.20768,51.60493],[-0.20783,51.60298],[-0.20945,51.60083],[-0.21047,51.59863],[-0.21165,51.59795],[-0.21292,51.59742],[-0.21564,51.59644],[-0.21629,51.59582],[-0.21669,51.59515],[-0.21338,51.59377],[-0.21249,51.59305],[-0.21164,51.59127],[-0.20913,51.58919],[-0.20621,51.58856]]]}},{"type":"Feature","properties":{"source_code":"E82082","codes":["E82082"],"label":"THE BIRCHWOOD AND SOLLERSHOTT SURGERIES"},"geometry":{"type":"Polygon","coordinates":[[[-0.2405,52.00771],[-0.22196,52.01035],[-0.21988,52.0073],[-0.21848,52.00621],[-0.21819,52.00554],[-0.21762,52.0033],[-0.20762,51.99889],[-0.20593,51.9978],[-0.20561,51.99677],[-0.19845,51.99345],[-0.19851,51.99062],[-0.19841,51.98715],[-0.19683,51.98015],[-0.19591,51.97425],[-0.19773,51.96909],[-0.20098,51.96621],[-0.205,51.96429],[-0.20661,51.96507],[-0.20891,51.96384],[-0.21707,51.96154],[-0.22797,51.96029],[-0.23749,51.95926],[-0.24676,51.95745],[-0.24785,51.95803],[-0.24871,51.95867],[-0.24936,51.95933],[-0.2499,51.95969],[-0.25013,51.96012],[-0.25093,51.96577],[-0.25389,51.9778],[-0.24839,51.98475],[-0.24771,51.98535],[-0.24685,51.98596],[-0.24569,51.99101],[-0.24511,51.99339],[-0.24453,51.99563],[-0.24449,51.99863],[-0.24401,51.9997],[-0.24376,52.00078],[-0.24379,52.00134],[-0.24336,52.00202],[-0.24329,52.00227],[-0.2405,52.00771]]]}},{"type":"Feature","properties":{"source_code":"E82661","codes":["E82661"],"label":"THE GARDEN CITY SURGERY"},"geometry":{"type":"Polygon","coordinates":[[[-0.20805,52.00348],[-0.22359,52.00071],[-0.2108,52.00222],[-0.19981,52.00095],[-0.19913,51.98995],[-0.19707,51.98023],[-0.19913,51.97092],[-0.20325,51.96458],[-0.23228,51.96273],[-0.2029,51.96331],[-0.19638,51.9631],[-0.19707,51.96013],[-0.20599,51.94744],[-0.21629,51.94934],[-0.22179,51.94659],[-0.22282,51.94469],[-0.22419,51.94215],[-0.23827,51.94363],[-0.25097,51.94553],[-0.24719,51.94829],[-0.24067,51.95083],[-0.23312,51.95548],[-0.23003,51.95929],[-0.23724,51.95908],[-0.24045,51.96221],[-0.24307,51.96204],[-0.24296,51.96252],[-0.24582,51.96246],[-0.24509,51.96306],[-0.24788,51.96479],[-0.24925,51.96881],[-0.24925,51.97135],[-0.25028,51.9741],[-0.25406,51.97536],[-0.25715,51.97621],[-0.25955,51.97727],[-0.26093,51.97981],[-0.26058,51.98129],[-0.25715,51.98488],[-0.25269,51.98784],[-0.2496,51.99101],[-0.24479,51.99249],[-0.24239,51.99461],[-0.24067,51.9982],[-0.23964,52.0001],[-0.23483,52.0001],[-0.24464,51.96342],[-0.24376,51.96415],[-0.2427,51.96369],[-0.23483,51.99883],[-0.23325,51.99911],[-0.22728,52.00095],[-0.21835,52.00222],[-0.21286,52.00306],[-0.20805,52.00348]]]}},{"type":"Feature","properties":{"source_code":"E82111","codes":["E82111"],"label":"THE SYMONDS GREEN HEALTH CENTRE"},"geometry":{"type":"Polygon","coordinates":[[[-0.21458,51.93876],[-0.16376,51.9358],[-0.13218,51.91801],[-0.14351,51.88793],[-0.16943,51.86907],[-0.18024,51.84914],[-0.24513,51.93114],[-0.21458,51.93876]]]}},{"type":"Feature","properties":{"source_code":"E83653","codes":["E83653"],"label":"THE PHOENIX PRACTICE"},"geometry":{"type":"Polygon","coordinates":[[[-0.18719,51.60905],[-0.18814,51.58666],[-0.20599,51.56832],[-0.22092,51.57441],[-0.22264,51.57325],[-0.22961,51.57144],[-0.2317,51.57114],[-0.23413,51.57265],[-0.23813,51.576],[-0.24596,51.58228],[-0.25067,51.58652],[-0.25073,51.58654],[-0.25072,51.58656],[-0.25624,51.59152],[-0.25268,51.59215],[-0.24705,51.5913],[-0.23792,51.60312],[-0.18719,51.60905]]]}},{"type":"Feature","properties":{"source_code":"E82019","codes":["E82019"],"label":"BRIDGE COTTAGE SURGERY"},"geometry":{"type":"Polygon","coordinates":[[[-0.21217,51.78547],[-0.22625,51.78531],[-0.27191,51.81456],[-0.3458,51.85752],[-0.35431,51.86123],[-0.31895,51.89196],[-0.30384,51.90128],[-0.28701,51.91251],[-0.25801,51.89683],[-0.24513,51.89048],[-0.23947,51.89016],[-0.21149,51.89048],[-0.21209,51.87172],[-0.14214,51.86547],[-0.14591,51.83684],[-0.14591,51.83684],[-0.14591,51.83673],[-0.14591,51.83684],[-0.14574,51.83684],[-0.14677,51.8327],[-0.14711,51.82591],[-0.14677,51.82326],[-0.14711,51.81859],[-0.1478,51.81329],[-0.14969,51.80458],[-0.17338,51.81063],[-0.195,51.81923],[-0.21217,51.78547]]]}},{"type":"Feature","properties":{"source_code":"E81012","codes":["E81012"],"label":"GREENSANDS (POTTON)"},"geometry":{"type":"Polygon","coordinates":[[[-0.13166,52.19424],[-0.14192,52.18803],[-0.13201,52.19393],[-0.07862,52.17046],[-0.06145,52.13707],[-0.05253,52.11547],[-0.15209,52.09543],[-0.20823,52.07518],[-0.22076,52.09723],[-0.23603,52.11831],[-0.24649,52.12454],[-0.24651,52.12453],[-0.2659,52.13623],[-0.27105,52.15519],[-0.20943,52.19972],[-0.19363,52.19456],[-0.16136,52.20382],[-0.13166,52.19424]]]}},{"type":"Feature","properties":{"source_code":"E83049","codes":["E83049"],"label":"LANGSTONE WAY SURGERY"},"geometry":{"type":"Polygon","coordinates":[[[-0.18679,51.61372],[-0.18541,51.61328],[-0.18598,51.6123],[-0.18642,51.6112],[-0.18863,51.60963],[-0.18844,51.60937],[-0.18905,51.60894],[-0.18888,51.60879],[-0.18944,51.60846],[-0.18953,51.60851],[-0.18912,51.6088],[-0.1896,51.60903],[-0.19043,51.60856],[-0.18965,51.60816],[-0.19082,51.60711],[-0.19148,51.60664],[-0.19251,51.60703],[-0.19274,51.60693],[-0.1934,51.60682],[-0.19219,51.6061],[-0.19228,51.60603],[-0.1935,51.60657],[-0.19428,51.60581],[-0.19357,51.60554],[-0.19325,51.60573],[-0.19313,51.60565],[-0.19388,51.60512],[-0.19396,51.60514],[-0.19381,51.60541],[-0.19442,51.60561],[-0.19505,51.60457],[-0.19552,51.6043],[-0.19623,51.60367],[-0.19838,51.6043],[-0.19819,51.60379],[-0.19841,51.6037],[-0.19888,51.60398],[-0.19861,51.60439],[-0.19975,51.60474],[-0.19994,51.6046],[-0.20161,51.60501],[-0.20278,51.60417],[-0.2035,51.60402],[-0.2046,51.60389],[-0.20515,51.60378],[-0.2077,51.60324],[-0.20811,51.60241],[-0.20886,51.60167],[-0.20843,51.60153],[-0.20879,51.60089],[-0.20927,51.60094],[-0.21022,51.59908],[-0.21076,51.59845],[-0.21042,51.59836],[-0.21013,51.59861],[-0.20965,51.59847],[-0.21005,51.5981],[-0.21093,51.59835],[-0.21163,51.59794],[-0.21261,51.59751],[-0.21227,51.59706],[-0.21279,51.59686],[-0.2133,51.59723],[-0.21536,51.59641],[-0.216,51.59593],[-0.21671,51.59515],[-0.21874,51.59643],[-0.22006,51.5971],[-0.22143,51.59771],[-0.22344,51.5984],[-0.22556,51.59895],[-0.23139,51.60063],[-0.23449,51.60155],[-0.23629,51.60245],[-0.23756,51.60326],[-0.2391,51.60476],[-0.23986,51.60573],[-0.24027,51.60682],[-0.24125,51.61133],[-0.2415,51.61351],[-0.24174,51.61478],[-0.24224,51.6154],[-0.24294,51.6159],[-0.24474,51.61691],[-0.24512,51.6172],[-0.24513,51.61746],[-0.24499,51.61842],[-0.24548,51.6186],[-0.24538,51.6187],[-0.24522,51.6186],[-0.24494,51.61855],[-0.24467,51.61921],[-0.24439,51.61983],[-0.24404,51.62033],[-0.24345,51.6208],[-0.24557,51.62227],[-0.2447,51.62312],[-0.24216,51.62155],[-0.24176,51.62191],[-0.24372,51.62332],[-0.24453,51.62388],[-0.24444,51.62396],[-0.24402,51.62379],[-0.24285,51.62403],[-0.24122,51.62401],[-0.2397,51.62298],[-0.23796,51.62441],[-0.2404,51.62573],[-0.24,51.62603],[-0.24013,51.62576],[-0.23783,51.62451],[-0.23694,51.62507],[-0.23665,51.62519],[-0.23567,51.62512],[-0.23548,51.62495],[-0.23564,51.62462],[-0.23624,51.62383],[-0.23585,51.62319],[-0.23388,51.62222],[-0.23396,51.62202],[-0.23315,51.62147],[-0.23169,51.62228],[-0.23153,51.62224],[-0.23306,51.62141],[-0.23287,51.62126],[-0.2325,51.62148],[-0.23211,51.62168],[-0.23153,51.62179],[-0.2315,51.62173],[-0.23215,51.62157],[-0.23277,51.62121],[-0.23063,51.61966],[-0.2285,51.61836],[-0.22604,51.61786],[-0.2255,51.61803],[-0.22482,51.61801],[-0.22336,51.61764],[-0.22322,51.61862],[-0.22394,51.61878],[-0.22393,51.61884],[-0.22311,51.61874],[-0.22267,51.61961],[-0.22249,51.61961],[-0.22297,51.61869],[-0.22314,51.61759],[-0.21962,51.61719],[-0.21801,51.61732],[-0.21706,51.61772],[-0.2165,51.61856],[-0.21555,51.61943],[-0.2142,51.61898],[-0.2138,51.61929],[-0.21314,51.6187],[-0.21508,51.61892],[-0.2161,51.6176],[-0.21721,51.61736],[-0.21803,51.61656],[-0.21613,51.61538],[-0.2112,51.61499],[-0.21026,51.61522],[-0.2088,51.61534],[-0.20652,51.61541],[-0.20502,51.61513],[-0.20373,51.61477],[-0.20363,51.61562],[-0.20471,51.61563],[-0.20519,51.61583],[-0.20556,51.61609],[-0.20547,51.61623],[-0.20475,51.61579],[-0.20362,51.61578],[-0.20334,51.61605],[-0.20313,51.61603],[-0.20339,51.6157],[-0.20348,51.61531],[-0.20343,51.61475],[-0.20188,51.61546],[-0.20007,51.6163],[-0.19937,51.61657],[-0.19796,51.61646],[-0.19766,51.61735],[-0.19754,51.61734],[-0.19778,51.61644],[-0.1966,51.61627],[-0.1931,51.61581],[-0.18937,51.61488],[-0.18842,51.61438],[-0.18679,51.61372]]]}},{"type":"Feature","properties":{"source_code":"E82041","codes":["E82041"],"label":"THE GARDEN CITY PRACTICE"},"geometry":{"type":"Polygon","coordinates":[[[-0.26711,51.84978],[-0.25543,51.84914],[-0.24822,51.8449],[-0.24342,51.84299],[-0.23483,51.84426],[-0.23174,51.84872],[-0.22556,51.85359],[-0.21904,51.85614],[-0.2132,51.85911],[-0.20256,51.85911],[-0.19501,51.85911],[-0.19123,51.85614],[-0.18677,51.85253],[-0.17887,51.84956],[-0.17475,51.84935],[-0.16582,51.84744],[-0.16068,51.84681],[-0.15106,51.84617],[-0.14076,51.84575],[-0.13596,51.84596],[-0.13218,51.84596],[-0.13252,51.84129],[-0.13561,51.84087],[-0.13699,51.83896],[-0.13561,51.83726],[-0.13527,51.83132],[-0.13527,51.82856],[-0.13493,51.82283],[-0.13561,51.81965],[-0.13767,51.81647],[-0.13767,51.81053],[-0.13905,51.80628],[-0.14179,51.80012],[-0.14523,51.79566],[-0.15347,51.78951],[-0.15484,51.78759],[-0.15793,51.78398],[-0.15965,51.7825],[-0.16445,51.7808],[-0.172,51.77867],[-0.18093,51.77761],[-0.18951,51.77761],[-0.20153,51.7791],[-0.2084,51.78313],[-0.21114,51.78441],[-0.21801,51.78292],[-0.22694,51.7825],[-0.23106,51.7825],[-0.23861,51.78887],[-0.24273,51.79078],[-0.25028,51.79227],[-0.25715,51.79312],[-0.26505,51.79566],[-0.26676,51.79927],[-0.26539,51.80288],[-0.26093,51.80437],[-0.25372,51.80798],[-0.25028,51.8118],[-0.24822,51.81413],[-0.24548,51.81732],[-0.24273,51.82114],[-0.25818,51.83238],[-0.26642,51.83557],[-0.27328,51.83599],[-0.27946,51.83811],[-0.28084,51.84341],[-0.2774,51.84978],[-0.27054,51.8502],[-0.26711,51.84978]]]}},{"type":"Feature","properties":{"source_code":"E83025","codes":["E83025"],"label":"PENNINE DRIVE PRACTICE"},"geometry":{"type":"MultiPolygon","coordinates":[[[[-0.19861,51.58024],[-0.19895,51.58008],[-0.19895,51.58008],[-0.19861,51.58024],[-0.19861,51.58024]]],[[[-0.21191,51.58098],[-0.21192,51.58096],[-0.21248,51.58125],[-0.21191,51.58098]]],[[[-0.19852,51.58028],[-0.19858,51.58025],[-0.19902,51.58052],[-0.1993,51.58216],[-0.19852,51.58028]]],[[[-0.21248,51.58125],[-0.21498,51.58242],[-0.21496,51.58251],[-0.21248,51.58125]]],[[[-0.19902,51.58052],[-0.19895,51.58008],[-0.19904,51.58003],[-0.19895,51.58008],[-0.19887,51.57963],[-0.19861,51.58024],[-0.19858,51.58025],[-0.19848,51.58019],[-0.19852,51.58028],[-0.19848,51.5803],[-0.19526,51.57134],[-0.19724,51.56291],[-0.20089,51.56245],[-0.21093,51.55821],[-0.21854,51.56549],[-0.21857,51.56536],[-0.22715,51.57219],[-0.2214,51.57502],[-0.21501,51.5828],[-0.21539,51.58095],[-0.21501,51.58243],[-0.21498,51.58242],[-0.21544,51.58068],[-0.21851,51.56566],[-0.21187,51.58096],[-0.21191,51.58098],[-0.20934,51.58678],[-0.19902,51.58052]]]]}},{"type":"Feature","properties":{"source_code":"E82058","codes":["E82058"],"label":"POTTERELLS MEDICAL CENTRE"},"geometry":{"type":"Polygon","coordinates":[[[-0.25535,51.73335],[-0.25775,51.73612],[-0.26942,51.74212],[-0.24165,51.76135],[-0.206,51.76912],[-0.15403,51.77076],[-0.14222,51.76284],[-0.1478,51.74792],[-0.17823,51.72086],[-0.17348,51.71239],[-0.17696,51.70371],[-0.20328,51.71194],[-0.21338,51.71155],[-0.22211,51.71244],[-0.23419,51.71575],[-0.24353,51.72162],[-0.25665,51.73004],[-0.25535,51.73335]]]}},{"type":"Feature","properties":{"source_code":"E82086","codes":["E82086"],"label":"KING GEORGE & MANOR HOUSE SURGERIES"},"geometry":{"type":"Polygon","coordinates":[[[-0.11192,51.93347],[-0.13321,51.90976],[-0.18981,51.90494],[-0.13312,51.90962],[-0.15907,51.87146],[-0.1589,51.87123],[-0.15916,51.87134],[-0.15918,51.8713],[-0.15908,51.87112],[-0.15929,51.8713],[-0.16007,51.87165],[-0.15988,51.87106],[-0.17567,51.87318],[-0.21548,51.895],[-0.16527,51.87391],[-0.21405,51.8951],[-0.21406,51.89503],[-0.21435,51.89523],[-0.2148,51.89543],[-0.21468,51.89546],[-0.22608,51.9034],[-0.2314,51.91611],[-0.22659,51.92246],[-0.24702,51.92574],[-0.23758,51.93612],[-0.21749,51.93453],[-0.21055,51.95339],[-0.21011,51.95908],[-0.16136,51.95887],[-0.11192,51.93347]],[[-0.20531,51.90361],[-0.20501,51.9024],[-0.20485,51.90365],[-0.20531,51.90361]],[[-0.21393,51.89675],[-0.21401,51.89566],[-0.20731,51.89765],[-0.21393,51.89675]]]}},{"type":"Feature","properties":{"source_code":"E82005","codes":["E82005"],"label":"STANMORE MEDICAL GROUP"},"geometry":{"type":"Polygon","coordinates":[[[-0.21182,51.93467],[-0.16664,51.92723],[-0.16411,51.92797],[-0.16308,51.92627],[-0.16317,51.92627],[-0.15003,51.90382],[-0.14179,51.88454],[-0.14311,51.88487],[-0.19123,51.86939],[-0.24239,51.93072],[-0.24548,51.93665],[-0.21252,51.93516],[-0.21182,51.93467]]]}},{"type":"Feature","properties":{"source_code":"E83027","codes":["E83027"],"label":"THE PRACTICE AT 188"},"geometry":{"type":"Polygon","coordinates":[[[-0.23655,51.60128],[-0.2247,51.59901],[-0.2132,51.60315],[-0.1914,51.60333],[-0.17179,51.60333],[-0.18428,51.56301],[-0.21518,51.5573],[-0.23518,51.58518],[-0.23655,51.60128]]]}},{"type":"Feature","properties":{"source_code":"E83039","codes":["E83039"],"label":"RAVENSCROFT MEDICAL CENTRE"},"geometry":{"type":"MultiPolygon","coordinates":[[[[-0.20601,51.56693],[-0.20514,51.56749],[-0.20591,51.5668],[-0.20601,51.56693]]],[[[-0.21347,51.57537],[-0.21346,51.57675],[-0.21329,51.5792],[-0.21333,51.57686],[-0.21347,51.57537]]],[[[-0.20601,51.56693],[-0.20604,51.56691],[-0.20625,51.56709],[-0.20631,51.56716],[-0.20668,51.56704],[-0.21032,51.5715],[-0.21169,51.57298],[-0.2132,51.57424],[-0.21325,51.57438],[-0.21355,51.57456],[-0.21354,51.57468],[-0.21385,51.57494],[-0.21354,51.57469],[-0.21347,51.57537],[-0.21348,51.57465],[-0.21329,51.5745],[-0.21346,51.57496],[-0.21295,51.57664],[-0.2132,51.5792],[-0.21132,51.58208],[-0.2108,51.58358],[-0.20977,51.58571],[-0.20889,51.58692],[-0.20775,51.58792],[-0.20823,51.58795],[-0.20496,51.58848],[-0.20205,51.58923],[-0.20016,51.58944],[-0.20033,51.58395],[-0.19994,51.58314],[-0.19986,51.58331],[-0.1996,51.5828],[-0.19934,51.58198],[-0.19935,51.58192],[-0.19904,51.58128],[-0.19861,51.58024],[-0.19793,51.57896],[-0.19715,51.57691],[-0.19638,51.57462],[-0.19587,51.57323],[-0.19535,51.57206],[-0.19042,51.57077],[-0.18917,51.57053],[-0.18797,51.57013],[-0.18642,51.56965],[-0.18484,51.56867],[-0.18432,51.56819],[-0.18677,51.56851],[-0.19393,51.56829],[-0.19509,51.56831],[-0.19513,51.56778],[-0.19559,51.56724],[-0.19579,51.56653],[-0.19619,51.56599],[-0.19702,51.56615],[-0.19947,51.56843],[-0.2017,51.56864],[-0.20428,51.56779],[-0.20622,51.56718],[-0.20601,51.56693]]],[[[-0.21328,51.57447],[-0.21348,51.57463],[-0.21348,51.57459],[-0.21326,51.57439],[-0.21328,51.57447]]]]}},{"type":"Feature","properties":{"source_code":"E83012","codes":["E83012"],"label":"THE OLD COURT HOUSE SURGERY"},"geometry":{"type":"Polygon","coordinates":[[[-0.18505,51.67703],[-0.15587,51.66553],[-0.15175,51.65211],[-0.19363,51.63869],[-0.23277,51.63496],[-0.24239,51.64125],[-0.2084,51.66297],[-0.18505,51.67703]]]}},{"type":"Feature","properties":{"source_code":"E83649","codes":["E83649"],"label":"THE HODFORD ROAD PRACTICE"},"geometry":{"type":"Polygon","coordinates":[[[-0.1969,51.55941],[-0.20368,51.56144],[-0.21149,51.5585],[-0.21535,51.5632],[-0.22299,51.56901],[-0.22264,51.57318],[-0.21707,51.57632],[-0.21132,51.5807],[-0.20865,51.5871],[-0.19999,51.58944],[-0.19054,51.58646],[-0.16977,51.58406],[-0.17106,51.58134],[-0.17381,51.57878],[-0.17501,51.57563],[-0.17338,51.57136],[-0.17518,51.56827],[-0.18479,51.5624],[-0.1902,51.56267],[-0.19046,51.5617],[-0.19381,51.5616],[-0.19724,51.56106],[-0.1969,51.55941]]]}},{"type":"Feature","properties":{"source_code":"E82040","codes":["E82040"],"label":"PEARTREE LANE SURGERY"},"geometry":{"type":"Polygon","coordinates":[[[-0.23415,51.80416],[-0.22925,51.8162],[-0.21166,51.82146],[-0.17853,51.82008],[-0.1551,51.81509],[-0.14025,51.80564],[-0.14205,51.79083],[-0.15415,51.77602],[-0.20179,51.77384],[-0.21887,51.77772],[-0.23415,51.80416]]]}},{"type":"Feature","properties":{"source_code":"E83009","codes":["E83009"],"label":"PHGH DOCTORS"},"geometry":{"type":"MultiPolygon","coordinates":[[[[-0.18226,51.56939],[-0.18218,51.5688],[-0.18372,51.568],[-0.18595,51.56939],[-0.19475,51.56837],[-0.19741,51.56291],[-0.19848,51.56301],[-0.20411,51.56797],[-0.1817,51.56976],[-0.18226,51.56939]]],[[[-0.20647,51.5772],[-0.20415,51.56795],[-0.20887,51.57048],[-0.21011,51.57144],[-0.20788,51.57206],[-0.20874,51.57283],[-0.20853,51.57331],[-0.20612,51.57443],[-0.20857,51.576],[-0.20647,51.5772]]],[[[-0.2076,51.58095],[-0.20651,51.57718],[-0.20895,51.57968],[-0.20762,51.58088],[-0.2076,51.58095]]],[[[-0.16856,51.58078],[-0.16823,51.57819],[-0.1701,51.57481],[-0.16999,51.57486],[-0.17372,51.57099],[-0.17381,51.56973],[-0.17484,51.56901],[-0.17806,51.57024],[-0.18183,51.56976],[-0.17011,51.57481],[-0.16856,51.58078]]],[[[-0.16856,51.58078],[-0.16866,51.5816],[-0.16852,51.58195],[-0.16855,51.58202],[-0.16854,51.58204],[-0.16851,51.58197],[-0.16813,51.58293],[-0.16854,51.58204],[-0.16857,51.58211],[-0.168,51.58325],[-0.16777,51.58382],[-0.17262,51.58714],[-0.16874,51.58707],[-0.16896,51.58891],[-0.16853,51.58691],[-0.16819,51.58654],[-0.16634,51.58726],[-0.16505,51.5871],[-0.16424,51.586],[-0.16625,51.58504],[-0.16776,51.58382],[-0.16776,51.58382],[-0.16782,51.58359],[-0.16771,51.58382],[-0.16783,51.58355],[-0.16835,51.58156],[-0.1675,51.57942],[-0.16836,51.58154],[-0.16856,51.58078]]],[[[-0.2076,51.58095],[-0.20916,51.58633],[-0.20917,51.58632],[-0.20916,51.58633],[-0.20917,51.58635],[-0.20915,51.58635],[-0.20728,51.58955],[-0.2072,51.58952],[-0.20518,51.58955],[-0.20466,51.58904],[-0.20702,51.58843],[-0.20915,51.58634],[-0.20702,51.58584],[-0.20707,51.58312],[-0.2076,51.58095]]],[[[-0.17262,51.58714],[-0.17445,51.58718],[-0.17441,51.5876],[-0.17492,51.58798],[-0.17587,51.58803],[-0.17668,51.58851],[-0.17866,51.58912],[-0.17734,51.59037],[-0.17262,51.58714]]],[[[-0.17734,51.59037],[-0.17977,51.59203],[-0.17625,51.59139],[-0.17734,51.59037]]],[[[-0.18659,51.59331],[-0.18518,51.59411],[-0.18394,51.59411],[-0.17964,51.59203],[-0.18659,51.59331]]],[[[-0.18659,51.59331],[-0.18921,51.59182],[-0.19252,51.59427],[-0.19234,51.59437],[-0.18659,51.59331]]],[[[-0.19234,51.59437],[-0.19505,51.59486],[-0.19492,51.59488],[-0.19213,51.59448],[-0.19234,51.59437]]],[[[-0.19505,51.59486],[-0.199,51.5943],[-0.19856,51.59551],[-0.19505,51.59486]]],[[[-0.20728,51.58955],[-0.20968,51.59032],[-0.2096,51.59184],[-0.20788,51.59184],[-0.20741,51.59398],[-0.20488,51.5951],[-0.20329,51.59637],[-0.20728,51.58955]]],[[[-0.19856,51.59551],[-0.20342,51.5964],[-0.19835,51.59608],[-0.19856,51.59551]]]]}},{"type":"Feature","properties":{"source_code":"E83622","codes":["E83622"],"label":"TEMPLE FORTUNE MEDICAL GROUP"},"geometry":{"type":"Polygon","coordinates":[[[-0.21732,51.57664],[-0.2187,51.5839],[-0.21063,51.58795],[-0.21668,51.59557],[-0.20677,51.59979],[-0.19724,51.59712],[-0.18497,51.59456],[-0.17372,51.59062],[-0.16411,51.58934],[-0.1672,51.58326],[-0.17338,51.57088],[-0.18436,51.56853],[-0.19707,51.55914],[-0.21732,51.57664]]]}},{"type":"Feature","properties":{"source_code":"E83600","codes":["E83600"],"label":"DRS ADLER AND ROSENBERG"},"geometry":{"type":"MultiPolygon","coordinates":[[[[-0.19638,51.55949],[-0.19587,51.55882],[-0.20273,51.56074],[-0.2026,51.56113],[-0.19638,51.55936],[-0.19638,51.55949]]],[[[-0.19638,51.55949],[-0.1993,51.56331],[-0.20136,51.56288],[-0.19639,51.56443],[-0.19647,51.56427],[-0.19638,51.55949]]],[[[-0.19639,51.56443],[-0.19633,51.56456],[-0.19638,51.56443],[-0.19639,51.56443]]],[[[-0.19633,51.56456],[-0.19492,51.56811],[-0.19521,51.56953],[-0.19449,51.56832],[-0.19633,51.56456]]],[[[-0.19818,51.57451],[-0.2026,51.56113],[-0.20273,51.56117],[-0.20599,51.56597],[-0.21132,51.5727],[-0.21784,51.57686],[-0.22556,51.58304],[-0.22136,51.58384],[-0.21835,51.58566],[-0.21492,51.58598],[-0.21526,51.58699],[-0.2096,51.5864],[-0.20617,51.58875],[-0.19999,51.58982],[-0.19981,51.58326],[-0.19698,51.57755],[-0.19681,51.576],[-0.19578,51.57232],[-0.19521,51.56953],[-0.19818,51.57451]]]]}},{"type":"Feature","properties":{"source_code":"E83026","codes":["E83026"],"label":"SUPREME MEDICAL CENTRE"},"geometry":{"type":"Polygon","coordinates":[[[-0.18904,51.59613],[-0.2043,51.59052],[-0.20788,51.59984],[-0.2026,51.60267],[-0.189,51.60419],[-0.18342,51.60077],[-0.18904,51.59613]]]}},{"type":"Feature","properties":{"source_code":"E83017","codes":["E83017"],"label":"LONGROVE SURGERY"},"geometry":{"type":"Polygon","coordinates":[[[-0.17532,51.66111],[-0.16414,51.66522],[-0.17576,51.66101],[-0.17532,51.66111],[-0.17606,51.66084],[-0.17234,51.64625],[-0.16889,51.64023],[-0.17428,51.6388],[-0.18042,51.64002],[-0.2429,51.63752],[-0.25543,51.64151],[-0.25523,51.64156],[-0.24928,51.65428],[-0.20593,51.66063],[-0.20239,51.66849],[-0.1796,51.66977],[-0.17727,51.67303],[-0.16121,51.67166],[-0.15759,51.66764],[-0.15858,51.66726],[-0.15724,51.66775],[-0.17021,51.66236],[-0.17532,51.66111]]]}},{"type":"Feature","properties":{"source_code":"E83638","codes":["E83638"],"label":"THE MOUNTFIELD SURGERY"},"geometry":{"type":"Polygon","coordinates":[[[-0.19938,51.59],[-0.20069,51.58992],[-0.20258,51.58956],[-0.20365,51.5893],[-0.20537,51.58887],[-0.20664,51.58884],[-0.20812,51.58912],[-0.20874,51.5893],[-0.20994,51.58995],[-0.21037,51.59026],[-0.2108,51.59062],[-0.21121,51.59092],[-0.21172,51.59138],[-0.21209,51.59164],[-0.21198,51.59194],[-0.21196,51.5922],[-0.21232,51.5926],[-0.21232,51.59307],[-0.21273,51.59359],[-0.2138,51.59415],[-0.21438,51.59434],[-0.2152,51.59451],[-0.21569,51.59472],[-0.2161,51.59486],[-0.21651,51.59511],[-0.21683,51.59539],[-0.21664,51.59557],[-0.21638,51.59577],[-0.21612,51.59612],[-0.21546,51.59647],[-0.21468,51.59703],[-0.21434,51.59727],[-0.214,51.59739],[-0.21378,51.59756],[-0.21353,51.59763],[-0.2132,51.59747],[-0.2128,51.59765],[-0.21237,51.59787],[-0.21183,51.59805],[-0.21129,51.59836],[-0.21084,51.59869],[-0.21046,51.599],[-0.21022,51.59971],[-0.20979,51.60056],[-0.20938,51.60117],[-0.20911,51.60172],[-0.20846,51.60232],[-0.20799,51.60304],[-0.20784,51.60464],[-0.20754,51.60488],[-0.20696,51.60488],[-0.20537,51.60417],[-0.20385,51.60407],[-0.20284,51.60445],[-0.2025,51.6047],[-0.2017,51.60522],[-0.20164,51.60553],[-0.20172,51.60614],[-0.20144,51.60678],[-0.20114,51.60732],[-0.20072,51.60778],[-0.19818,51.60918],[-0.19763,51.60984],[-0.19735,51.61001],[-0.19599,51.61105],[-0.19587,51.61121],[-0.19625,51.61145],[-0.19705,51.61183],[-0.19627,51.61234],[-0.1958,51.61269],[-0.19509,51.61317],[-0.19563,51.61382],[-0.19647,51.61394],[-0.19683,51.61418],[-0.19726,51.61406],[-0.19872,51.61414],[-0.19814,51.61518],[-0.19825,51.61501],[-0.19876,51.6141],[-0.2037,51.61469],[-0.19732,51.6191],[-0.1966,51.61884],[-0.19655,51.61882],[-0.1961,51.61863],[-0.19587,51.61852],[-0.19458,51.61808],[-0.19462,51.61808],[-0.19383,51.61795],[-0.1931,51.61783],[-0.1926,51.61774],[-0.19157,51.61743],[-0.19039,51.61703],[-0.19036,51.61687],[-0.19065,51.61519],[-0.19048,51.6155],[-0.19054,51.61583],[-0.19042,51.61624],[-0.19029,51.61644],[-0.19036,51.61687],[-0.19033,51.61706],[-0.18934,51.61483],[-0.18889,51.6147],[-0.18812,51.61423],[-0.18748,51.61395],[-0.18681,51.61371],[-0.18593,51.61345],[-0.18529,51.6133],[-0.18464,51.61321],[-0.18396,51.61299],[-0.18327,51.61277],[-0.18282,51.61235],[-0.18218,51.61205],[-0.1819,51.61147],[-0.18085,51.61089],[-0.18003,51.61059],[-0.18059,51.6102],[-0.18136,51.60956],[-0.18196,51.60914],[-0.1816,51.60897],[-0.18119,51.60858],[-0.18117,51.60817],[-0.18078,51.6082],[-0.17949,51.60828],[-0.17846,51.6084],[-0.17799,51.6086],[-0.17638,51.60884],[-0.17531,51.60888],[-0.1752,51.60781],[-0.17516,51.60665],[-0.17518,51.60596],[-0.17509,51.60508],[-0.17492,51.6042],[-0.17467,51.60336],[-0.17445,51.60243],[-0.17402,51.60147],[-0.17462,51.60101],[-0.17557,51.60051],[-0.17638,51.60005],[-0.17685,51.59957],[-0.17758,51.59912],[-0.17784,51.59864],[-0.17853,51.59821],[-0.17934,51.59747],[-0.1817,51.59619],[-0.18248,51.59573],[-0.18351,51.59525],[-0.18419,51.5948],[-0.18471,51.59446],[-0.18582,51.59408],[-0.18715,51.59331],[-0.18788,51.59286],[-0.18861,51.59248],[-0.18964,51.59195],[-0.19042,51.5915],[-0.19286,51.59038],[-0.19445,51.58995],[-0.19565,51.58979],[-0.19707,51.58984],[-0.19938,51.59]]]}},{"type":"Feature","properties":{"source_code":"E83005","codes":["E83005"],"label":"LICHFIELD GROVE SURGERY"},"geometry":{"type":"Polygon","coordinates":[[[-0.18539,51.59446],[-0.1866,51.59499],[-0.189,51.59552],[-0.19793,51.59733],[-0.19947,51.59382],[-0.20479,51.59563],[-0.20685,51.59765],[-0.20685,51.60107],[-0.20273,51.60395],[-0.19037,51.60896],[-0.17939,51.61077],[-0.1811,51.60149],[-0.18557,51.5952],[-0.18539,51.59446]]]}},{"type":"Feature","properties":{"source_code":"Y02639","codes":["Y02639"],"label":"SPRING HOUSE HEALTH"},"geometry":{"type":"Polygon","coordinates":[[[0.18402,52.06305],[0.21475,51.96627],[0.22119,51.91569],[0.22097,51.89969],[0.19604,51.86928],[0.18501,51.85269],[0.19183,51.8361],[0.17664,51.80118],[0.13604,51.74159],[0.14664,51.70879],[0.12703,51.67937],[0.08823,51.69107],[0.03365,51.67894],[-0.07004,51.68533],[-0.1284,51.6881],[-0.18951,51.68405],[-0.22934,51.68554],[-0.24513,51.70289],[-0.3035,51.72915],[-0.28642,51.75063],[-0.28582,51.81328],[-0.32993,51.907],[-0.28358,51.95273],[-0.19226,51.98488],[-0.09544,52.0356],[-0.00824,52.05249],[0.18402,52.06305]]]}},{"type":"Feature","properties":{"source_code":"E83035","codes":["E83035"],"label":"WENTWORTH GROUP PRACTICE - FINCHLEY"},"geometry":{"type":"Polygon","coordinates":[[[-0.20548,51.63411],[-0.19724,51.63038],[-0.18557,51.63075],[-0.17527,51.63006],[-0.17007,51.62937],[-0.16488,51.62782],[-0.15553,51.62409],[-0.14231,51.61706],[-0.13784,51.61077],[-0.17321,51.60171],[-0.18642,51.59371],[-0.19175,51.59136],[-0.19183,51.59132],[-0.19106,51.59083],[-0.19535,51.58955],[-0.19545,51.58955],[-0.21904,51.57803],[-0.24728,51.57051],[-0.26832,51.54792],[-0.3024,51.55372],[-0.25908,51.58582],[-0.2695,51.59904],[-0.23586,51.62985],[-0.20548,51.63411]]]}},{"type":"Feature","properties":{"source_code":"E83639","codes":["E83639"],"label":"ROSEMARY SURGERY"},"geometry":{"type":"Polygon","coordinates":[[[-0.20642,51.65304],[-0.19828,51.65264],[-0.19564,51.65053],[-0.1876,51.64695],[-0.17196,51.65029],[-0.16696,51.64686],[-0.16552,51.64538],[-0.16287,51.64464],[-0.16191,51.64414],[-0.16085,51.64393],[-0.163,51.64257],[-0.16266,51.64146],[-0.16179,51.64059],[-0.15055,51.63272],[-0.14892,51.62776],[-0.14795,51.62554],[-0.14733,51.62331],[-0.14814,51.62286],[-0.14967,51.6216],[-0.14624,51.61955],[-0.14254,51.61718],[-0.14373,51.61581],[-0.14285,51.6145],[-0.14069,51.61245],[-0.13764,51.61193],[-0.13594,51.61114],[-0.13973,51.61018],[-0.15477,51.60549],[-0.15822,51.59294],[-0.15771,51.58187],[-0.16962,51.57267],[-0.17948,51.56348],[-0.18141,51.56593],[-0.18419,51.56763],[-0.18804,51.57029],[-0.1946,51.57141],[-0.20014,51.57348],[-0.21883,51.58435],[-0.21964,51.58552],[-0.22105,51.58783],[-0.22156,51.58851],[-0.22165,51.58988],[-0.22114,51.59202],[-0.21694,51.59469],[-0.22039,51.59688],[-0.22715,51.59936],[-0.23666,51.60229],[-0.23909,51.6049],[-0.24067,51.60762],[-0.24106,51.61134],[-0.24164,51.61389],[-0.24334,51.61612],[-0.24471,51.61679],[-0.24518,51.61755],[-0.24428,51.61988],[-0.24036,51.62223],[-0.23704,51.62474],[-0.23734,51.62472],[-0.23845,51.62599],[-0.24161,51.62706],[-0.24067,51.62822],[-0.23845,51.62949],[-0.23593,51.63062],[-0.23616,51.63272],[-0.23767,51.63754],[-0.23655,51.63826],[-0.23846,51.63902],[-0.2396,51.64058],[-0.24176,51.64255],[-0.23888,51.64428],[-0.23733,51.64516],[-0.23569,51.64556],[-0.22797,51.64917],[-0.22513,51.65006],[-0.22273,51.6502],[-0.2205,51.65171],[-0.21857,51.65258],[-0.21372,51.65291],[-0.20642,51.65304]]]}},{"type":"Feature","properties":{"source_code":"E82099","codes":["E82099"],"label":"THE BALDOCK SURGERY"},"geometry":{"type":"Polygon","coordinates":[[[-0.21029,52.02345],[-0.20368,52.02741],[-0.20037,52.02464],[-0.197,52.02294],[-0.1924,52.02409],[-0.18555,52.02451],[-0.18015,52.0252],[-0.17127,52.02364],[-0.1664,52.0236],[-0.16217,52.02331],[-0.16048,52.02264],[-0.15671,52.02125],[-0.15174,52.0195],[-0.14934,52.01831],[-0.14746,52.01776],[-0.14282,52.02008],[-0.13913,52.01971],[-0.13643,52.01778],[-0.13353,52.01707],[-0.12994,52.01625],[-0.12694,52.01684],[-0.11789,52.02173],[-0.10883,52.02757],[-0.08532,52.01743],[-0.08042,52.01582],[-0.06781,52.00554],[-0.0636,51.99582],[-0.06437,51.99083],[-0.06806,51.98668],[-0.0721,51.98435],[-0.07545,51.98187],[-0.0754,51.98002],[-0.07538,51.97846],[-0.07304,51.97774],[-0.07218,51.97187],[-0.07716,51.96585],[-0.08368,51.96474],[-0.08986,51.95802],[-0.09459,51.95448],[-0.11982,51.94712],[-0.14085,51.9394],[-0.14214,51.93887],[-0.16617,51.93331],[-0.17389,51.93691],[-0.18703,51.94993],[-0.19209,51.95511],[-0.19724,51.95955],[-0.1981,51.95987],[-0.19793,51.96061],[-0.19956,51.96151],[-0.20093,51.96236],[-0.20359,51.96384],[-0.20067,51.96542],[-0.19835,51.96764],[-0.19672,51.97002],[-0.19569,51.97246],[-0.19552,51.97431],[-0.19552,51.97642],[-0.19621,51.97827],[-0.19638,51.9816],[-0.19664,51.98335],[-0.1975,51.98652],[-0.19793,51.99085],[-0.19801,51.99249],[-0.19767,51.99624],[-0.19715,52.00074],[-0.19767,52.00222],[-0.19835,52.00354],[-0.20093,52.00396],[-0.2029,52.00359],[-0.20548,52.00285],[-0.2072,52.0028],[-0.21003,52.00258],[-0.21174,52.0029],[-0.21252,52.00285],[-0.21316,52.00332],[-0.21413,52.00338],[-0.21501,52.00343],[-0.21681,52.00391],[-0.21741,52.00517],[-0.21784,52.00671],[-0.21792,52.00797],[-0.21767,52.00924],[-0.21664,52.01046],[-0.21252,52.01093],[-0.20865,52.01114],[-0.20591,52.01114],[-0.20428,52.01136],[-0.20479,52.01294],[-0.20565,52.01453],[-0.20642,52.01574],[-0.21029,52.02345]]]}},{"type":"Feature","properties":{"source_code":"E82093","codes":["E82093"],"label":"BEDWELL MEDICAL CENTRE"},"geometry":{"type":"MultiPolygon","coordinates":[[[[-0.16285,51.92063],[-0.16289,51.92065],[-0.16281,51.92064],[-0.16285,51.92063]]],[[[-0.16285,51.92063],[-0.16266,51.92055],[-0.16233,51.92026],[-0.16149,51.91988],[-0.15997,51.91934],[-0.15853,51.91849],[-0.1577,51.91742],[-0.15688,51.91632],[-0.15661,51.9158],[-0.15645,51.91527],[-0.15633,51.91477],[-0.15628,51.91426],[-0.15638,51.91214],[-0.15638,51.90986],[-0.15656,51.90857],[-0.15697,51.90772],[-0.1569,51.9078],[-0.15726,51.90686],[-0.15789,51.90597],[-0.1596,51.90417],[-0.15986,51.9029],[-0.16007,51.9025],[-0.16014,51.90152],[-0.16037,51.90049],[-0.16029,51.89893],[-0.15926,51.89792],[-0.15844,51.89689],[-0.15746,51.89535],[-0.15664,51.89381],[-0.15665,51.89264],[-0.15692,51.89146],[-0.1574,51.89042],[-0.15806,51.88947],[-0.15945,51.88801],[-0.16111,51.88655],[-0.16361,51.88377],[-0.16388,51.88322],[-0.16439,51.88282],[-0.16439,51.88192],[-0.16413,51.88102],[-0.164,51.88035],[-0.164,51.88026],[-0.16413,51.87997],[-0.1637,51.87906],[-0.16201,51.87659],[-0.16127,51.87585],[-0.16101,51.87559],[-0.16074,51.87547],[-0.16027,51.87521],[-0.15987,51.87493],[-0.15921,51.87462],[-0.15847,51.87433],[-0.15784,51.87418],[-0.15858,51.87401],[-0.15887,51.87326],[-0.15903,51.87296],[-0.15916,51.87265],[-0.1592,51.87214],[-0.15914,51.8719],[-0.15955,51.87191],[-0.16131,51.8724],[-0.16497,51.87319],[-0.16797,51.87389],[-0.17098,51.8745],[-0.17593,51.87559],[-0.18065,51.8767],[-0.18221,51.8772],[-0.18378,51.87786],[-0.18691,51.87938],[-0.18773,51.87988],[-0.18847,51.88035],[-0.18902,51.8807],[-0.19006,51.88131],[-0.1901,51.88133],[-0.1904,51.88222],[-0.1906,51.88296],[-0.19106,51.88366],[-0.1926,51.88464],[-0.19425,51.88575],[-0.19566,51.88697],[-0.19822,51.88972],[-0.20156,51.88863],[-0.20636,51.89327],[-0.21144,51.89827],[-0.21452,51.90109],[-0.21573,51.90253],[-0.21625,51.90381],[-0.2171,51.90599],[-0.2176,51.90812],[-0.21928,51.91132],[-0.21966,51.91225],[-0.21964,51.91322],[-0.21938,51.9139],[-0.21878,51.91472],[-0.21254,51.91784],[-0.21254,51.91787],[-0.211,51.918],[-0.20982,51.91793],[-0.2067,51.91792],[-0.20624,51.91796],[-0.20537,51.91798],[-0.2039,51.91811],[-0.20215,51.91846],[-0.20049,51.91882],[-0.19698,51.91955],[-0.19285,51.92022],[-0.19218,51.92028],[-0.19205,51.92025],[-0.19164,51.92026],[-0.19154,51.92029],[-0.19116,51.92025],[-0.19065,51.92025],[-0.18971,51.9203],[-0.1886,51.92032],[-0.18777,51.92034],[-0.18626,51.92042],[-0.18529,51.92045],[-0.18463,51.92046],[-0.18344,51.92054],[-0.18261,51.92059],[-0.18184,51.9206],[-0.18094,51.92064],[-0.18037,51.9207],[-0.17982,51.92073],[-0.17871,51.92083],[-0.17853,51.92086],[-0.17836,51.92086],[-0.17795,51.92098],[-0.1775,51.92105],[-0.17712,51.9211],[-0.17693,51.92109],[-0.17691,51.9211],[-0.17677,51.92111],[-0.17649,51.92109],[-0.17607,51.92113],[-0.17572,51.92114],[-0.17517,51.92116],[-0.17495,51.92114],[-0.17427,51.92119],[-0.1737,51.92124],[-0.17303,51.92131],[-0.1721,51.9214],[-0.17081,51.92153],[-0.16741,51.92184],[-0.16734,51.92181],[-0.16696,51.92161],[-0.1668,51.92161],[-0.16657,51.92134],[-0.16614,51.92111],[-0.16557,51.92088],[-0.16475,51.92072],[-0.16419,51.92071],[-0.16347,51.92072],[-0.16344,51.92067],[-0.16329,51.92059],[-0.16322,51.92056],[-0.16317,51.92057],[-0.16313,51.92057],[-0.16296,51.92062],[-0.16285,51.92063]]],[[[-0.19203,51.92025],[-0.19183,51.9202],[-0.19178,51.92022],[-0.19203,51.92025]]],[[[-0.19499,51.89096],[-0.19079,51.89004],[-0.19083,51.89007],[-0.19071,51.89011],[-0.19499,51.89096]]]]}},{"type":"Feature","properties":{"source_code":"E82062","codes":["E82062"],"label":"HALL GROVE GROUP PRACTICE"},"geometry":{"type":"Polygon","coordinates":[[[-0.21363,51.82708],[-0.19937,51.82429],[-0.19362,51.82683],[-0.18014,51.82183],[-0.16459,51.82055],[-0.16089,51.82379],[-0.15467,51.82196],[-0.15059,51.81464],[-0.14957,51.8119],[-0.15219,51.8092],[-0.15218,51.80692],[-0.14211,51.80315],[-0.14444,51.8011],[-0.14681,51.79864],[-0.14983,51.79596],[-0.15022,51.79345],[-0.14733,51.79071],[-0.14528,51.78883],[-0.12692,51.79018],[-0.12662,51.78782],[-0.12571,51.78623],[-0.1268,51.78389],[-0.12919,51.78253],[-0.13176,51.78281],[-0.13329,51.7824],[-0.13921,51.78075],[-0.14208,51.78298],[-0.14795,51.78351],[-0.1512,51.77875],[-0.16011,51.77602],[-0.18065,51.7752],[-0.19117,51.77401],[-0.19601,51.7722],[-0.20668,51.77198],[-0.20936,51.76882],[-0.21436,51.76704],[-0.21395,51.76834],[-0.21479,51.76954],[-0.21495,51.77077],[-0.21601,51.77506],[-0.21813,51.77525],[-0.22035,51.77653],[-0.22421,51.77696],[-0.22613,51.77805],[-0.22497,51.78084],[-0.22642,51.78175],[-0.23037,51.78606],[-0.23552,51.79083],[-0.24625,51.79471],[-0.25372,51.8006],[-0.24432,51.80397],[-0.2288,51.7978],[-0.23063,51.80483],[-0.22903,51.8125],[-0.21363,51.82708]]]}},{"type":"Feature","properties":{"source_code":"E82035","codes":["E82035"],"label":"KNEBWORTH & MARYMEAD PRACTICE"},"geometry":{"type":"Polygon","coordinates":[[[-0.20771,51.83344],[-0.24136,51.84893],[-0.23689,51.88857],[-0.2084,51.8873],[-0.18574,51.89853],[-0.16239,51.90319],[-0.14008,51.90361],[-0.14385,51.83408],[-0.20771,51.83344]]]}},{"type":"Feature","properties":{"source_code":"E83008","codes":["E83008"],"label":"HEATHFIELDE MEDICAL CENTRE"},"geometry":{"type":"MultiPolygon","coordinates":[[[[-0.16108,51.58981],[-0.15085,51.59096],[-0.1505,51.58662],[-0.15407,51.58606],[-0.1554,51.58643],[-0.16108,51.58981]]],[[[-0.16108,51.58981],[-0.16259,51.58964],[-0.16139,51.58957],[-0.16153,51.58966],[-0.16136,51.58957],[-0.16102,51.58955],[-0.15566,51.5865],[-0.15431,51.58577],[-0.15398,51.58598],[-0.15418,51.5857],[-0.15381,51.5855],[-0.15459,51.58512],[-0.15695,51.58179],[-0.1569,51.58179],[-0.15921,51.57861],[-0.16072,51.57648],[-0.16062,51.57666],[-0.16085,51.57635],[-0.16604,51.5743],[-0.17037,51.57283],[-0.17535,51.57568],[-0.17447,51.58081],[-0.17544,51.57547],[-0.1708,51.5728],[-0.17227,51.57162],[-0.16986,51.57291],[-0.16316,51.5727],[-0.17337,51.57074],[-0.17372,51.57045],[-0.17406,51.57038],[-0.17479,51.56901],[-0.18213,51.56868],[-0.1823,51.56864],[-0.18232,51.56867],[-0.18466,51.56856],[-0.1828,51.56892],[-0.18443,51.57105],[-0.18406,51.57118],[-0.18377,51.57099],[-0.18829,51.57661],[-0.18848,51.57654],[-0.19029,51.57869],[-0.18443,51.57105],[-0.18724,51.57005],[-0.19539,51.57336],[-0.20016,51.58494],[-0.19938,51.5824],[-0.20685,51.5859],[-0.20947,51.58664],[-0.20702,51.58848],[-0.21204,51.59123],[-0.20514,51.59499],[-0.20441,51.59576],[-0.2081,51.59877],[-0.20772,51.59999],[-0.20784,51.60005],[-0.20475,51.6],[-0.20016,51.59861],[-0.19981,51.59821],[-0.19934,51.59827],[-0.1975,51.59675],[-0.19084,51.59635],[-0.18625,51.59438],[-0.18432,51.59403],[-0.18299,51.59483],[-0.18183,51.59532],[-0.18183,51.59536],[-0.18182,51.59533],[-0.18176,51.59535],[-0.18179,51.59547],[-0.18163,51.59541],[-0.18162,51.59541],[-0.18163,51.59541],[-0.17402,51.59243],[-0.17282,51.59297],[-0.18149,51.59544],[-0.17282,51.59298],[-0.17261,51.59307],[-0.17279,51.59297],[-0.17269,51.59294],[-0.17266,51.59296],[-0.17265,51.59296],[-0.17265,51.59296],[-0.16904,51.59467],[-0.16906,51.59442],[-0.16904,51.59456],[-0.169,51.59452],[-0.16655,51.59306],[-0.16467,51.59406],[-0.16627,51.5929],[-0.16108,51.58981]]],[[[-0.17786,51.59007],[-0.17668,51.59076],[-0.17878,51.58957],[-0.17786,51.59007]]],[[[-0.19061,51.58978],[-0.19349,51.59065],[-0.19541,51.59113],[-0.19061,51.58978],[-0.19061,51.58978]]],[[[-0.18869,51.59046],[-0.18822,51.59031],[-0.1882,51.59033],[-0.19238,51.5924],[-0.18945,51.59085],[-0.18869,51.59046]]],[[[-0.1957,51.59148],[-0.19578,51.59154],[-0.19603,51.59138],[-0.196,51.59135],[-0.19576,51.59144],[-0.1957,51.59148]]],[[[-0.19392,51.59255],[-0.19241,51.59174],[-0.19235,51.59179],[-0.19355,51.59264],[-0.19376,51.59275],[-0.19392,51.59255],[-0.19408,51.59264],[-0.19527,51.59177],[-0.19432,51.59243],[-0.1941,51.59234],[-0.19392,51.59255]]],[[[-0.19396,51.59273],[-0.19385,51.5928],[-0.19386,51.5928],[-0.19396,51.59273]]],[[[-0.1818,51.59527],[-0.18065,51.59162],[-0.18174,51.59531],[-0.1818,51.59527]]],[[[-0.17293,51.59277],[-0.1747,51.59179],[-0.17295,51.59275],[-0.17289,51.59273],[-0.17286,51.59275],[-0.1727,51.59271],[-0.17293,51.59277]]],[[[-0.16836,51.59391],[-0.16729,51.59266],[-0.16725,51.59269],[-0.16793,51.59351],[-0.16836,51.59391]]],[[[-0.17269,51.59294],[-0.17279,51.59297],[-0.17282,51.59295],[-0.17277,51.59289],[-0.17269,51.59294]]],[[[-0.16699,51.59238],[-0.16702,51.59235],[-0.16552,51.5906],[-0.16699,51.59238]]],[[[-0.16909,51.59179],[-0.16901,51.5924],[-0.16911,51.5918],[-0.16909,51.59179]]],[[[-0.16935,51.59199],[-0.17082,51.59241],[-0.16935,51.59196],[-0.16935,51.59199]]],[[[-0.19358,51.593],[-0.20761,51.59994],[-0.20749,51.59982],[-0.20606,51.59906],[-0.20261,51.59735],[-0.20659,51.59941],[-0.19365,51.59295],[-0.19358,51.593]]],[[[-0.20683,51.59929],[-0.20726,51.59961],[-0.20654,51.59895],[-0.20683,51.59929]]],[[[-0.18179,51.59497],[-0.18182,51.59525],[-0.18187,51.59522],[-0.18179,51.59497]]],[[[-0.18822,51.59031],[-0.18852,51.59038],[-0.18837,51.5903],[-0.18826,51.59028],[-0.18822,51.59031]]],[[[-0.16432,51.59015],[-0.16417,51.58973],[-0.16384,51.58971],[-0.16432,51.59015]]],[[[-0.17973,51.5887],[-0.17736,51.5901],[-0.17986,51.58864],[-0.17989,51.58876],[-0.18082,51.5854],[-0.17973,51.5887]]],[[[-0.19464,51.58457],[-0.19657,51.58689],[-0.1947,51.58445],[-0.19464,51.58457]]],[[[-0.18096,51.5852],[-0.19045,51.58459],[-0.18582,51.58483],[-0.18102,51.58516],[-0.18471,51.58488],[-0.1814,51.58505],[-0.181,51.58508],[-0.18109,51.58507],[-0.18102,51.58507],[-0.18109,51.58507],[-0.18118,51.58505],[-0.18093,51.58507],[-0.1809,51.58516],[-0.18096,51.5852]]],[[[-0.18173,51.58503],[-0.18754,51.58467],[-0.18756,51.58467],[-0.19426,51.58421],[-0.19425,51.5842],[-0.19278,51.58422],[-0.19157,51.58431],[-0.18173,51.58503]]],[[[-0.15725,51.58422],[-0.15896,51.58294],[-0.15776,51.58187],[-0.17406,51.58304],[-0.17409,51.58288],[-0.15703,51.5818],[-0.15883,51.58294],[-0.15805,51.58343],[-0.15862,51.58315],[-0.15725,51.58422]]],[[[-0.19437,51.58425],[-0.19455,51.58433],[-0.1946,51.58433],[-0.19454,51.58424],[-0.19437,51.58425],[-0.19433,51.58424],[-0.19199,51.5844],[-0.19437,51.58425]]],[[[-0.16479,51.58976],[-0.16463,51.58975],[-0.16481,51.58978],[-0.16479,51.58976]]],[[[-0.16875,51.59427],[-0.16891,51.59442],[-0.16875,51.59425],[-0.16875,51.59427]]],[[[-0.18254,51.56903],[-0.18262,51.56895],[-0.18251,51.56897],[-0.18254,51.56903]]]]}},{"type":"Feature","properties":{"source_code":"E82027","codes":["E82027"],"label":"PARKFIELD MEDICAL CENTRE"},"geometry":{"type":"Polygon","coordinates":[[[-0.15956,51.74675],[-0.15295,51.7426],[-0.12179,51.74319],[-0.11596,51.74276],[-0.11536,51.72844],[-0.1133,51.7282],[-0.11257,51.72783],[-0.11111,51.72682],[-0.11008,51.72583],[-0.10832,51.72543],[-0.11021,51.71969],[-0.11038,51.71661],[-0.10969,51.7081],[-0.11149,51.69964],[-0.12342,51.69964],[-0.12171,51.69374],[-0.12094,51.69203],[-0.11956,51.69054],[-0.11656,51.68746],[-0.11364,51.68559],[-0.11484,51.68182],[-0.12145,51.6741],[-0.13913,51.67186],[-0.1605,51.67149],[-0.15896,51.66915],[-0.15724,51.66702],[-0.15604,51.66532],[-0.15535,51.66329],[-0.15432,51.66127],[-0.15347,51.6577],[-0.15261,51.65568],[-0.15046,51.65248],[-0.14754,51.64849],[-0.1466,51.6454],[-0.1502,51.64508],[-0.15364,51.64545],[-0.15535,51.64519],[-0.1611,51.64402],[-0.1666,51.64604],[-0.1678,51.64769],[-0.16977,51.64913],[-0.17243,51.65041],[-0.17638,51.64945],[-0.18119,51.64844],[-0.18385,51.64732],[-0.18711,51.64689],[-0.19072,51.6479],[-0.19363,51.64955],[-0.19973,51.6528],[-0.20153,51.65381],[-0.20179,51.65642],[-0.20093,51.65845],[-0.21835,51.65823],[-0.21621,51.65563],[-0.21518,51.6528],[-0.21913,51.65251],[-0.22277,51.65027],[-0.2241,51.65019],[-0.22728,51.64939],[-0.24633,51.66372],[-0.2441,51.66585],[-0.23483,51.6783],[-0.25998,51.69342],[-0.26024,51.69985],[-0.22385,51.72363],[-0.22719,51.72783],[-0.2326,51.73245],[-0.22745,51.73803],[-0.22016,51.74074],[-0.19835,51.74632],[-0.18831,51.74802],[-0.17329,51.74765],[-0.15956,51.74675]]]}},{"type":"Feature","properties":{"source_code":"E83044","codes":["E83044"],"label":"ADDINGTON MEDICAL CENTRE"},"geometry":{"type":"Polygon","coordinates":[[[-0.18792,51.66792],[-0.18303,51.66826],[-0.18692,51.6627],[-0.18357,51.66021],[-0.18156,51.66006],[-0.17928,51.65994],[-0.17707,51.65975],[-0.17508,51.6596],[-0.17277,51.65938],[-0.17055,51.6592],[-0.16805,51.65887],[-0.16548,51.65848],[-0.16315,51.65808],[-0.15793,51.65596],[-0.15717,51.65558],[-0.1568,51.65551],[-0.15565,51.65534],[-0.15425,51.65493],[-0.15365,51.65469],[-0.15354,51.6545],[-0.15353,51.6542],[-0.15345,51.65395],[-0.15336,51.65361],[-0.15338,51.65345],[-0.15329,51.65319],[-0.15421,51.65303],[-0.15412,51.65286],[-0.15322,51.65301],[-0.15276,51.65202],[-0.15231,51.65131],[-0.15235,51.65064],[-0.15212,51.64992],[-0.15111,51.65009],[-0.15065,51.64951],[-0.14983,51.64872],[-0.15011,51.64859],[-0.15206,51.64804],[-0.1523,51.64765],[-0.15094,51.6472],[-0.15199,51.646],[-0.15216,51.64547],[-0.15172,51.6454],[-0.15153,51.64524],[-0.1508,51.6452],[-0.14999,51.6452],[-0.14921,51.64522],[-0.14913,51.64468],[-0.14872,51.64384],[-0.14776,51.64213],[-0.14492,51.64271],[-0.14437,51.64184],[-0.14379,51.64104],[-0.14039,51.63787],[-0.13842,51.63658],[-0.13971,51.63489],[-0.14255,51.63241],[-0.143,51.63218],[-0.14963,51.63064],[-0.15021,51.63123],[-0.15239,51.63107],[-0.1537,51.63093],[-0.15808,51.62939],[-0.15967,51.62878],[-0.16063,51.62822],[-0.16184,51.6276],[-0.16434,51.62877],[-0.16589,51.62935],[-0.16855,51.62972],[-0.16963,51.62993],[-0.17115,51.63033],[-0.17196,51.6304],[-0.17477,51.62987],[-0.17495,51.63038],[-0.1752,51.63086],[-0.17535,51.63155],[-0.17565,51.63254],[-0.17575,51.63314],[-0.17588,51.63367],[-0.17604,51.63436],[-0.17626,51.6349],[-0.17649,51.63545],[-0.1769,51.63592],[-0.17714,51.63627],[-0.17772,51.63668],[-0.1782,51.63708],[-0.17843,51.63735],[-0.17868,51.63755],[-0.17887,51.6378],[-0.17909,51.63808],[-0.17928,51.63837],[-0.17938,51.63846],[-0.17948,51.6386],[-0.17962,51.6388],[-0.20617,51.63865],[-0.20994,51.63865],[-0.21269,51.63866],[-0.21574,51.63874],[-0.22103,51.64186],[-0.22231,51.64263],[-0.22305,51.64313],[-0.22405,51.64387],[-0.22625,51.64538],[-0.22717,51.64689],[-0.22879,51.64888],[-0.22513,51.65011],[-0.23155,51.65861],[-0.22835,51.65909],[-0.22758,51.6582],[-0.22646,51.65716],[-0.22586,51.65744],[-0.22616,51.65766],[-0.2194,51.66074],[-0.2189,51.6599],[-0.21283,51.66243],[-0.21195,51.66153],[-0.20794,51.66289],[-0.20961,51.66515],[-0.21125,51.66709],[-0.19957,51.67015],[-0.19895,51.66827],[-0.19611,51.66862],[-0.19432,51.66834],[-0.19655,51.66513],[-0.19096,51.66409],[-0.18792,51.66792]]]}},{"type":"Feature","properties":{"source_code":"E83010","codes":["E83010"],"label":"THE SPEEDWELL PRACTICE"},"geometry":{"type":"Polygon","coordinates":[[[-0.19464,51.63023],[-0.18992,51.63088],[-0.18731,51.63098],[-0.18385,51.63099],[-0.17889,51.63013],[-0.17604,51.63022],[-0.17497,51.63022],[-0.17471,51.62979],[-0.17325,51.63019],[-0.17185,51.63038],[-0.17041,51.63014],[-0.16775,51.6296],[-0.16599,51.62933],[-0.16506,51.62904],[-0.16186,51.62769],[-0.15948,51.62572],[-0.15764,51.62518],[-0.15592,51.62451],[-0.15261,51.62297],[-0.15098,51.62269],[-0.14991,51.62168],[-0.14791,51.62066],[-0.14699,51.62008],[-0.1446,51.61868],[-0.14334,51.61767],[-0.14173,51.61699],[-0.14156,51.61653],[-0.14126,51.61583],[-0.14083,51.61526],[-0.14295,51.6146],[-0.14413,51.61434],[-0.14324,51.61359],[-0.14908,51.61076],[-0.14943,51.61037],[-0.1519,51.61014],[-0.15364,51.60976],[-0.16403,51.6078],[-0.16468,51.6087],[-0.16571,51.60812],[-0.16667,51.60766],[-0.16869,51.6075],[-0.17239,51.60748],[-0.16822,51.60522],[-0.17198,51.60306],[-0.17342,51.60278],[-0.17381,51.60304],[-0.17445,51.60306],[-0.1741,51.60249],[-0.17706,51.60191],[-0.17812,51.60169],[-0.1801,51.6009],[-0.18339,51.59914],[-0.1862,51.59767],[-0.19039,51.59925],[-0.19385,51.60116],[-0.1932,51.60171],[-0.19524,51.60287],[-0.19621,51.6036],[-0.20126,51.60526],[-0.19572,51.61133],[-0.19676,51.61186],[-0.1952,51.61302],[-0.2035,51.61459],[-0.19954,51.61646],[-0.1977,51.62117],[-0.19464,51.6245],[-0.19492,51.62503],[-0.19426,51.62532],[-0.19468,51.62617],[-0.19509,51.62768],[-0.19451,51.62909],[-0.19438,51.62936],[-0.19464,51.63023]]]}},{"type":"Feature","properties":{"source_code":"E83021","codes":["E83021"],"label":"TORRINGTON PARK GROUP PRACTICE"},"geometry":{"type":"Polygon","coordinates":[[[-0.15956,51.61691],[-0.15889,51.61258],[-0.15595,51.61058],[-0.16037,51.60856],[-0.15866,51.60582],[-0.16014,51.60586],[-0.16083,51.60585],[-0.16201,51.60566],[-0.16295,51.60561],[-0.17173,51.60296],[-0.17462,51.60237],[-0.17836,51.60376],[-0.17836,51.60454],[-0.1823,51.60557],[-0.18065,51.60684],[-0.18363,51.60836],[-0.18198,51.60937],[-0.18649,51.61119],[-0.18863,51.61107],[-0.19046,51.61215],[-0.19421,51.61242],[-0.19589,51.61085],[-0.20612,51.61498],[-0.19752,51.61895],[-0.1972,51.62108],[-0.19396,51.62517],[-0.19084,51.62478],[-0.18402,51.62289],[-0.18355,51.62332],[-0.18247,51.62325],[-0.17836,51.62393],[-0.17377,51.62347],[-0.17376,51.62304],[-0.1744,51.62287],[-0.17458,51.622],[-0.17491,51.62189],[-0.17477,51.62151],[-0.17132,51.62181],[-0.17121,51.62151],[-0.17096,51.62123],[-0.17162,51.62068],[-0.17029,51.62021],[-0.16889,51.61978],[-0.16754,51.61971],[-0.16737,51.61895],[-0.16503,51.61915],[-0.16447,51.6174],[-0.15956,51.61691]]]}},{"type":"Feature","properties":{"source_code":"E83007","codes":["E83007"],"label":"SQUIRES LANE MEDICAL PRACTICE"},"geometry":{"type":"Polygon","coordinates":[[[-0.18964,51.61],[-0.18752,51.61385],[-0.18848,51.61439],[-0.18675,51.61922],[-0.18532,51.62152],[-0.18338,51.62313],[-0.17965,51.62229],[-0.17662,51.6222],[-0.17221,51.62123],[-0.16824,51.61893],[-0.1661,51.61903],[-0.16421,51.61929],[-0.16335,51.61995],[-0.16291,51.62076],[-0.16034,51.61968],[-0.16018,51.61844],[-0.15952,51.6172],[-0.1592,51.61572],[-0.15882,51.61423],[-0.15505,51.61573],[-0.15209,51.61744],[-0.1487,51.61847],[-0.1478,51.61752],[-0.14596,51.61513],[-0.15018,51.61449],[-0.15269,51.61353],[-0.1546,51.61188],[-0.15921,51.60845],[-0.16204,51.609],[-0.16365,51.61017],[-0.16459,51.60964],[-0.16459,51.60874],[-0.1633,51.60727],[-0.16373,51.60611],[-0.16535,51.60585],[-0.16643,51.60671],[-0.16698,51.60762],[-0.17479,51.60738],[-0.17469,51.60503],[-0.17424,51.60262],[-0.1721,51.60173],[-0.16996,51.60272],[-0.16791,51.60318],[-0.16758,51.60043],[-0.17187,51.59776],[-0.1695,51.59547],[-0.16525,51.59621],[-0.1649,51.59568],[-0.16137,51.59632],[-0.16097,51.59552],[-0.16143,51.59467],[-0.15862,51.59019],[-0.15809,51.5902],[-0.15778,51.58691],[-0.16149,51.58666],[-0.16825,51.58655],[-0.1688,51.58714],[-0.17288,51.5878],[-0.17491,51.58821],[-0.18178,51.5881],[-0.18113,51.59169],[-0.18509,51.5938],[-0.18531,51.59385],[-0.18849,51.59206],[-0.18976,51.59214],[-0.19076,51.59301],[-0.1924,51.5943],[-0.19252,51.59458],[-0.19324,51.59475],[-0.19494,51.59489],[-0.19726,51.59463],[-0.197,51.59587],[-0.19693,51.59668],[-0.19797,51.59702],[-0.19857,51.59755],[-0.19971,51.59895],[-0.19359,51.60164],[-0.19437,51.60213],[-0.19644,51.60347],[-0.2006,51.60502],[-0.19941,51.60588],[-0.19768,51.60706],[-0.19575,51.60753],[-0.19328,51.60693],[-0.19196,51.60759],[-0.19072,51.60848],[-0.18964,51.61]]]}},{"type":"Feature","properties":{"source_code":"E83013","codes":["E83013"],"label":"CORNWALL HOUSE SURGERY"},"geometry":{"type":"MultiPolygon","coordinates":[[[[-0.17544,51.60043],[-0.17509,51.63006],[-0.16737,51.62921],[-0.15913,51.62612],[-0.16085,51.62505],[-0.1593,51.62196],[-0.16119,51.61994],[-0.15827,51.6129],[-0.15381,51.61066],[-0.15141,51.60629],[-0.15776,51.60586],[-0.16171,51.60597],[-0.17355,51.6016],[-0.17544,51.60043]]],[[[-0.17544,51.60043],[-0.18763,51.59254],[-0.19569,51.58966],[-0.20462,51.5887],[-0.21097,51.5903],[-0.21423,51.59371],[-0.21784,51.59478],[-0.22179,51.59765],[-0.2211,51.60832],[-0.22419,51.60949],[-0.22505,51.61173],[-0.22505,51.61503],[-0.22865,51.61844],[-0.23638,51.62388],[-0.23586,51.62505],[-0.24204,51.6274],[-0.23689,51.6308],[-0.2314,51.6308],[-0.22179,51.6323],[-0.21149,51.63443],[-0.20256,51.63464],[-0.19898,51.63121],[-0.19672,51.63376],[-0.19213,51.63123],[-0.19252,51.63119],[-0.19089,51.63123],[-0.18265,51.63123],[-0.17509,51.63059],[-0.17544,51.60043]]],[[[-0.19821,51.63104],[-0.19885,51.63108],[-0.19878,51.63102],[-0.19821,51.63104]]]]}},{"type":"Feature","properties":{"source_code":"E82098","codes":["E82098"],"label":"ANNANDALE MEDICAL CENTRE"},"geometry":{"type":"Polygon","coordinates":[[[-0.24033,51.68937],[-0.2411,51.69687],[-0.23363,51.73755],[-0.18368,51.73596],[-0.17544,51.71674],[-0.16943,51.70606],[-0.17372,51.70687],[-0.16445,51.70408],[-0.16342,51.6981],[-0.16411,51.69581],[-0.16376,51.69233],[-0.17818,51.6849],[-0.22144,51.68522],[-0.24033,51.68937]]]}},{"type":"Feature","properties":{"source_code":"E82078","codes":["E82078"],"label":"HIGHVIEW MEDICAL CENTRE"},"geometry":{"type":"MultiPolygon","coordinates":[[[[-0.24564,51.69212],[-0.24565,51.69209],[-0.24568,51.69213],[-0.24565,51.69213],[-0.24564,51.69212]]],[[[-0.24555,51.69213],[-0.2456,51.6921],[-0.24564,51.69212],[-0.24564,51.69213],[-0.24555,51.69213],[-0.24555,51.69213]]],[[[-0.24552,51.69213],[-0.24554,51.69212],[-0.24555,51.69213],[-0.24552,51.69214],[-0.24552,51.69213]]],[[[-0.2457,51.69216],[-0.24568,51.69213],[-0.24572,51.69213],[-0.24577,51.6922],[-0.2457,51.69216]]],[[[-0.24577,51.6922],[-0.24617,51.69244],[-0.24637,51.69291],[-0.24781,51.69507],[-0.24781,51.69507],[-0.24577,51.6922]]],[[[-0.24779,51.69508],[-0.24781,51.69507],[-0.24784,51.69512],[-0.24783,51.69513],[-0.24779,51.69508]]],[[[-0.24783,51.69513],[-0.24783,51.69513],[-0.24776,51.69517],[-0.24783,51.69513]]],[[[-0.22086,51.72016],[-0.22085,51.72015],[-0.22086,51.72014],[-0.22089,51.72017],[-0.22089,51.72018],[-0.22086,51.72016]]],[[[-0.22085,51.72016],[-0.22085,51.72016],[-0.22086,51.72016],[-0.22088,51.72018],[-0.22085,51.72016]]],[[[-0.22089,51.72019],[-0.22089,51.72018],[-0.22089,51.72018],[-0.22089,51.72017],[-0.22088,51.72016],[-0.22091,51.72018],[-0.22089,51.72019]]],[[[-0.22038,51.72051],[-0.22084,51.72015],[-0.22085,51.72016],[-0.22026,51.72061],[-0.22038,51.72051]]],[[[-0.22026,51.72061],[-0.22003,51.72081],[-0.21975,51.721],[-0.22026,51.72061]]],[[[-0.24554,51.69212],[-0.24552,51.69211],[-0.24552,51.69213],[-0.24547,51.69217],[-0.24552,51.69214],[-0.24553,51.69223],[-0.24554,51.6922],[-0.24555,51.69247],[-0.24564,51.69213],[-0.24565,51.69213],[-0.2457,51.69216],[-0.24779,51.69508],[-0.24537,51.69668],[-0.24776,51.69517],[-0.24541,51.69677],[-0.24512,51.69681],[-0.24197,51.69864],[-0.24719,51.70456],[-0.22214,51.7125],[-0.22017,51.7176],[-0.22088,51.72016],[-0.22087,51.72014],[-0.22087,51.72014],[-0.22086,51.72014],[-0.22085,51.72013],[-0.22046,51.72044],[-0.22038,51.72051],[-0.21956,51.72114],[-0.21975,51.721],[-0.21826,51.72216],[-0.2178,51.72244],[-0.21712,51.72281],[-0.21592,51.72317],[-0.21512,51.72324],[-0.21273,51.72365],[-0.20822,51.72359],[-0.20383,51.72361],[-0.20399,51.7253],[-0.20413,51.72653],[-0.20135,51.72668],[-0.18262,51.72977],[-0.18233,51.73035],[-0.18149,51.72989],[-0.15773,51.72565],[-0.16234,51.71226],[-0.15932,51.70872],[-0.15887,51.70839],[-0.15918,51.7079],[-0.16278,51.70257],[-0.16474,51.69974],[-0.16493,51.69878],[-0.16401,51.69803],[-0.16259,51.69477],[-0.16445,51.68783],[-0.16398,51.68509],[-0.16449,51.68336],[-0.16301,51.67636],[-0.16176,51.67289],[-0.15965,51.66979],[-0.15389,51.66127],[-0.15329,51.65706],[-0.15235,51.65504],[-0.15407,51.65461],[-0.18179,51.65871],[-0.18522,51.65807],[-0.19896,51.66292],[-0.19938,51.66835],[-0.19973,51.67051],[-0.2054,51.67461],[-0.20936,51.67914],[-0.21783,51.67674],[-0.2208,51.67967],[-0.22094,51.68013],[-0.22065,51.6808],[-0.22024,51.68363],[-0.2332,51.68098],[-0.24271,51.68948],[-0.24559,51.69208],[-0.24554,51.69212]]],[[[-0.22086,51.72014],[-0.22086,51.72014],[-0.22087,51.72014],[-0.22086,51.72014],[-0.22086,51.72014]]],[[[-0.22084,51.72015],[-0.22084,51.72015],[-0.22084,51.72015],[-0.22084,51.72015]]],[[[-0.22084,51.72015],[-0.22086,51.72014],[-0.22086,51.72014],[-0.22085,51.72015],[-0.22085,51.72015],[-0.22085,51.72016],[-0.22084,51.72015]]]]}},{"type":"Feature","properties":{"source_code":"E83024","codes":["E83024"],"label":"ST ANDREWS MEDICAL PRACTICE."},"geometry":{"type":"Polygon","coordinates":[[[-0.17432,51.62815],[-0.17684,51.62721],[-0.17883,51.62701],[-0.18061,51.62501],[-0.18198,51.62328],[-0.18235,51.6233],[-0.18393,51.62371],[-0.18444,51.6228],[-0.18866,51.62404],[-0.19118,51.62465],[-0.19417,51.6251],[-0.19467,51.62429],[-0.20501,51.62421],[-0.23536,51.63043],[-0.23546,51.63048],[-0.23406,51.6306],[-0.22539,51.63667],[-0.20237,51.63866],[-0.18015,51.63981],[-0.17132,51.63857],[-0.16845,51.63884],[-0.16694,51.63813],[-0.16591,51.6369],[-0.16351,51.63447],[-0.1605,51.63152],[-0.16066,51.6308],[-0.16269,51.63027],[-0.16424,51.63005],[-0.16595,51.62937],[-0.16852,51.62969],[-0.16993,51.63001],[-0.17194,51.63038],[-0.17203,51.62987],[-0.1729,51.62981],[-0.17436,51.62971],[-0.17432,51.62815]]]}},{"type":"Feature","properties":{"source_code":"Y00316","codes":["Y00316"],"label":"WOODLANDS MEDICAL PRACTICE"},"geometry":{"type":"Polygon","coordinates":[[[-0.17982,51.60097],[-0.17986,51.60096],[-0.17984,51.60097],[-0.17993,51.60098],[-0.18015,51.60117],[-0.1803,51.60135],[-0.1806,51.60166],[-0.18219,51.60339],[-0.18262,51.60403],[-0.18273,51.60446],[-0.18271,51.60466],[-0.18255,51.60575],[-0.18152,51.60638],[-0.18079,51.60739],[-0.18195,51.60793],[-0.18286,51.60858],[-0.1811,51.60812],[-0.17885,51.60835],[-0.17538,51.60907],[-0.17584,51.61259],[-0.17277,51.61209],[-0.17109,51.61159],[-0.17009,51.61127],[-0.16908,51.61109],[-0.16829,51.61114],[-0.16708,51.61146],[-0.16577,51.61152],[-0.16351,51.61164],[-0.16129,51.61195],[-0.16305,51.61041],[-0.1641,51.60986],[-0.1644,51.60949],[-0.16555,51.60805],[-0.16532,51.60781],[-0.1649,51.60767],[-0.16547,51.60758],[-0.16535,51.60714],[-0.16509,51.60699],[-0.16448,51.60723],[-0.16365,51.60751],[-0.16388,51.60684],[-0.16509,51.60647],[-0.16549,51.60606],[-0.16855,51.60308],[-0.16811,51.60281],[-0.16785,51.60263],[-0.16754,51.60212],[-0.1683,51.60192],[-0.1694,51.60135],[-0.17078,51.60101],[-0.17155,51.60086],[-0.17187,51.60062],[-0.17134,51.59961],[-0.17115,51.59877],[-0.17241,51.59851],[-0.17082,51.59623],[-0.16206,51.59766],[-0.16153,51.59616],[-0.16126,51.59543],[-0.16022,51.59487],[-0.15812,51.59516],[-0.15605,51.59522],[-0.15574,51.59393],[-0.1549,51.59295],[-0.15449,51.592],[-0.15386,51.59196],[-0.15306,51.59194],[-0.15196,51.59192],[-0.15158,51.59188],[-0.15146,51.5911],[-0.15374,51.59104],[-0.15606,51.59073],[-0.15825,51.59044],[-0.16077,51.59007],[-0.16068,51.58916],[-0.16071,51.58811],[-0.1607,51.58682],[-0.16392,51.58691],[-0.16368,51.58596],[-0.1662,51.58495],[-0.16498,51.58428],[-0.16379,51.58374],[-0.16233,51.58317],[-0.16238,51.58259],[-0.16252,51.58235],[-0.16517,51.58299],[-0.16905,51.57954],[-0.17075,51.58461],[-0.18469,51.58615],[-0.18642,51.58635],[-0.18709,51.58643],[-0.18968,51.58671],[-0.19069,51.5869],[-0.19171,51.58718],[-0.19344,51.58797],[-0.19561,51.5893],[-0.19266,51.5904],[-0.19099,51.591],[-0.18926,51.59202],[-0.19057,51.59297],[-0.18998,51.59339],[-0.18874,51.59415],[-0.18813,51.59444],[-0.18749,51.59474],[-0.189,51.59553],[-0.18642,51.59759],[-0.18385,51.59904],[-0.17982,51.60097]]]}},{"type":"Feature","properties":{"source_code":"E83031","codes":["E83031"],"label":"THE VILLAGE SURGERY"},"geometry":{"type":"Polygon","coordinates":[[[-0.15973,51.66984],[-0.13911,51.63652],[-0.14357,51.63254],[-0.1494,51.63108],[-0.15155,51.63142],[-0.15172,51.63128],[-0.15347,51.63137],[-0.16166,51.62849],[-0.1768,51.63334],[-0.18876,51.6399],[-0.19111,51.64715],[-0.20379,51.64569],[-0.20528,51.65271],[-0.19986,51.6528],[-0.19765,51.65733],[-0.19518,51.66148],[-0.18042,51.6696],[-0.15973,51.66984]]]}},{"type":"Feature","properties":{"source_code":"E82056","codes":["E82056"],"label":"SHEPHALL HEALTH CENTRE"},"geometry":{"type":"MultiPolygon","coordinates":[[[[-0.15661,51.91392],[-0.15665,51.91439],[-0.15666,51.91448],[-0.15667,51.9145],[-0.15683,51.91602],[-0.15683,51.91603],[-0.15649,51.91505],[-0.15661,51.91392]]],[[[-0.15717,51.91621],[-0.157,51.91615],[-0.15692,51.91615],[-0.15685,51.91617],[-0.15686,51.91614],[-0.15684,51.91613],[-0.15683,51.9161],[-0.15683,51.91603],[-0.15683,51.91603],[-0.15683,51.91602],[-0.15682,51.9155],[-0.15677,51.91482],[-0.15667,51.9145],[-0.15665,51.91439],[-0.15664,51.91412],[-0.15665,51.91347],[-0.15671,51.91289],[-0.15673,51.90901],[-0.16033,51.90128],[-0.15673,51.90891],[-0.15665,51.91347],[-0.15661,51.91392],[-0.15643,51.91228],[-0.15647,51.90867],[-0.15701,51.90689],[-0.15757,51.90601],[-0.15746,51.9051],[-0.15327,51.90322],[-0.15159,51.90216],[-0.15025,51.90104],[-0.14962,51.90045],[-0.14968,51.89957],[-0.14855,51.89767],[-0.14956,51.8957],[-0.15098,51.8939],[-0.15125,51.89343],[-0.15161,51.89298],[-0.15188,51.89177],[-0.1481,51.88983],[-0.14873,51.88764],[-0.14954,51.88676],[-0.15074,51.88603],[-0.15117,51.88533],[-0.15207,51.88469],[-0.15383,51.88355],[-0.1551,51.88186],[-0.15533,51.87954],[-0.15623,51.8769],[-0.15777,51.87441],[-0.15924,51.87188],[-0.17166,51.87458],[-0.18265,51.87755],[-0.18681,51.8795],[-0.18857,51.88056],[-0.18962,51.88118],[-0.1902,51.88179],[-0.19078,51.88368],[-0.19162,51.88425],[-0.19355,51.88552],[-0.19526,51.88682],[-0.19548,51.88876],[-0.19492,51.89053],[-0.19775,51.89513],[-0.19816,51.8962],[-0.19826,51.89728],[-0.19838,51.89936],[-0.19835,51.89938],[-0.19278,51.8993],[-0.19332,51.9019],[-0.194,51.90545],[-0.18533,51.90596],[-0.18289,51.90688],[-0.18139,51.90818],[-0.18002,51.91099],[-0.17965,51.91229],[-0.17897,51.91342],[-0.17798,51.91441],[-0.17684,51.91502],[-0.17548,51.91546],[-0.16812,51.91572],[-0.16554,51.91492],[-0.1639,51.91494],[-0.16153,51.91567],[-0.15935,51.91611],[-0.15717,51.91621]]]]}},{"type":"Feature","properties":{"source_code":"E83613","codes":["E83613"],"label":"EAST BARNET HEALTH CENTRE"},"geometry":{"type":"Polygon","coordinates":[[[-0.16982,51.65544],[-0.15849,51.65547],[-0.15454,51.65509],[-0.15025,51.65065],[-0.15239,51.64537],[-0.15123,51.63637],[-0.14982,51.63515],[-0.15029,51.63195],[-0.16029,51.62857],[-0.17394,51.63304],[-0.18312,51.63925],[-0.18458,51.64435],[-0.18314,51.64625],[-0.18501,51.64758],[-0.18454,51.65531],[-0.17475,51.6552],[-0.17308,51.65544],[-0.16982,51.65544]]]}},{"type":"Feature","properties":{"source_code":"E83050","codes":["E83050"],"label":"EAST FINCHLEY MEDICAL CENTRE"},"geometry":{"type":"Polygon","coordinates":[[[-0.17673,51.59952],[-0.17387,51.60128],[-0.17303,51.6013],[-0.17205,51.60127],[-0.1696,51.59597],[-0.16521,51.59665],[-0.1619,51.59725],[-0.16076,51.5949],[-0.15867,51.59519],[-0.15773,51.59524],[-0.15394,51.59539],[-0.1538,51.5909],[-0.15372,51.58853],[-0.15279,51.58529],[-0.15632,51.58155],[-0.16183,51.58192],[-0.16546,51.58285],[-0.16943,51.58389],[-0.17284,51.58468],[-0.17798,51.58513],[-0.1809,51.58564],[-0.18063,51.58756],[-0.18044,51.58882],[-0.18009,51.5901],[-0.17959,51.59123],[-0.17927,51.5918],[-0.18147,51.59266],[-0.18262,51.59323],[-0.18406,51.59404],[-0.18488,51.59446],[-0.18029,51.59682],[-0.17829,51.59814],[-0.17673,51.59952]]]}},{"type":"Feature","properties":{"source_code":"E83003","codes":["E83003"],"label":"OAKLEIGH ROAD HEALTH CENTRE"},"geometry":{"type":"Polygon","coordinates":[[[-0.15242,51.6171],[-0.15329,51.61658],[-0.1532,51.61665],[-0.15335,51.61655],[-0.15329,51.61658],[-0.15334,51.61655],[-0.15332,51.61653],[-0.15682,51.61604],[-0.15694,51.61626],[-0.15721,51.61647],[-0.15825,51.61623],[-0.15913,51.61614],[-0.1593,51.61687],[-0.15957,51.6175],[-0.16006,51.6185],[-0.16016,51.61893],[-0.16076,51.61991],[-0.16224,51.62035],[-0.16278,51.62078],[-0.16334,51.62125],[-0.16511,51.62163],[-0.16685,51.62325],[-0.16847,51.62479],[-0.16924,51.62502],[-0.16979,51.62519],[-0.17009,51.62521],[-0.17034,51.62533],[-0.17067,51.62545],[-0.17095,51.62546],[-0.17118,51.62556],[-0.17182,51.62572],[-0.17217,51.62584],[-0.17311,51.62613],[-0.17386,51.62664],[-0.17481,51.6276],[-0.17478,51.62899],[-0.17609,51.63444],[-0.17843,51.63743],[-0.1796,51.63891],[-0.18042,51.64045],[-0.17501,51.63914],[-0.17243,51.63931],[-0.16994,51.64001],[-0.16636,51.63935],[-0.16248,51.64106],[-0.16067,51.63905],[-0.15826,51.63726],[-0.15444,51.63509],[-0.15319,51.63415],[-0.15113,51.63334],[-0.15046,51.63237],[-0.14983,51.63037],[-0.14836,51.6267],[-0.14719,51.62389],[-0.14736,51.62328],[-0.14697,51.6227],[-0.14525,51.62159],[-0.14382,51.62042],[-0.14593,51.61948],[-0.14871,51.61839],[-0.15036,51.61794],[-0.15242,51.6171]]]}},{"type":"Feature","properties":{"source_code":"E83045","codes":["E83045"],"label":"FRIERN BARNET MEDICAL CENTRE"},"geometry":{"type":"Polygon","coordinates":[[[-0.17269,51.62974],[-0.1696,51.62867],[-0.16548,51.62718],[-0.16205,51.62484],[-0.15724,51.62271],[-0.15141,51.62271],[-0.14488,51.62398],[-0.13905,51.62143],[-0.14179,51.61716],[-0.14248,51.61397],[-0.14248,51.61162],[-0.14832,51.61183],[-0.15518,51.60736],[-0.16342,51.60864],[-0.16891,51.60501],[-0.17338,51.60778],[-0.17647,51.61269],[-0.17647,51.61674],[-0.17544,51.62249],[-0.17269,51.62974]]]}},{"type":"Feature","properties":{"source_code":"D81047","codes":["D81047"],"label":"ASHWELL SURGERY"},"geometry":{"type":"MultiPolygon","coordinates":[[[[-0.07622,52.04398],[-0.11467,51.98699],[-0.16685,52.00264],[-0.07622,52.04398]]],[[[-0.06866,52.04742],[-0.07622,52.04398],[-0.07616,52.04407],[-0.06866,52.04742]]],[[[-0.07616,52.04407],[-0.16685,52.00348],[-0.23071,52.06684],[-0.14145,52.10946],[-0.08995,52.10735],[-0.05219,52.07951],[-0.07616,52.04407]]]]}},{"type":"Feature","properties":{"source_code":"F85014","codes":["F85014"],"label":"HIGHGATE GROUP PRACTICE"},"geometry":{"type":"Polygon","coordinates":[[[-0.14913,51.58723],[-0.14053,51.5865],[-0.13287,51.58486],[-0.12797,51.58091],[-0.13081,51.57334],[-0.13802,51.57077],[-0.14437,51.56592],[-0.14746,51.56211],[-0.15098,51.56141],[-0.16887,51.57296],[-0.16838,51.58056],[-0.16066,51.58519],[-0.14913,51.58723]]]}},{"type":"Feature","properties":{"source_code":"E83621","codes":["E83621"],"label":"BRUNSWICK PARK MEDICAL PRACTICE"},"geometry":{"type":"Polygon","coordinates":[[[-0.18082,51.6421],[-0.17807,51.64423],[-0.16229,51.64274],[-0.15988,51.64487],[-0.15542,51.64529],[-0.1465,51.64572],[-0.14307,51.64103],[-0.13689,51.63592],[-0.12694,51.63208],[-0.1266,51.62803],[-0.12317,51.62441],[-0.12831,51.62484],[-0.13278,51.6242],[-0.13586,51.62121],[-0.14067,51.6178],[-0.14479,51.61546],[-0.15062,51.61397],[-0.15508,51.61354],[-0.15885,51.61311],[-0.16297,51.61183],[-0.16812,51.61077],[-0.17567,51.61247],[-0.1777,51.61234],[-0.18555,51.60698],[-0.17753,51.61266],[-0.17667,51.61485],[-0.17667,51.6149],[-0.17662,51.62292],[-0.17508,51.62265],[-0.17436,51.62921],[-0.17641,51.63443],[-0.18082,51.6421]]]}},{"type":"Feature","properties":{"source_code":"F85016","codes":["F85016"],"label":"COCKFOSTERS MEDICAL CTRE"},"geometry":{"type":"MultiPolygon","coordinates":[[[[-0.10986,51.65509],[-0.10921,51.65261],[-0.109,51.65264],[-0.10885,51.65123],[-0.10763,51.64657],[-0.11904,51.63896],[-0.12617,51.63411],[-0.14025,51.64892],[-0.12789,51.65039],[-0.12789,51.65041],[-0.10986,51.65509]]],[[[-0.12497,51.63208],[-0.1545,51.6291],[-0.16402,51.63608],[-0.16977,51.64455],[-0.17853,51.66276],[-0.15797,51.66752],[-0.12497,51.63208]]]]}},{"type":"Feature","properties":{"source_code":"E83034","codes":["E83034"],"label":"COLNEY HATCH LANE SURGERY"},"geometry":{"type":"Polygon","coordinates":[[[-0.14233,51.60898],[-0.14241,51.60867],[-0.1431,51.60809],[-0.14259,51.60666],[-0.14191,51.6046],[-0.14201,51.60383],[-0.14239,51.60298],[-0.14295,51.60262],[-0.14424,51.60076],[-0.14226,51.60058],[-0.14038,51.60065],[-0.13913,51.59983],[-0.1378,51.59904],[-0.14272,51.59735],[-0.14437,51.59627],[-0.14496,51.59552],[-0.147,51.59712],[-0.1477,51.59628],[-0.14848,51.59565],[-0.15186,51.59565],[-0.15482,51.59531],[-0.15423,51.59609],[-0.15445,51.59656],[-0.15686,51.59777],[-0.15763,51.59979],[-0.15753,51.60056],[-0.15661,51.60056],[-0.15672,51.60149],[-0.15613,51.6025],[-0.15553,51.60297],[-0.15429,51.60306],[-0.15265,51.60311],[-0.153,51.60354],[-0.15404,51.60374],[-0.15541,51.60307],[-0.15553,51.60297],[-0.15556,51.60297],[-0.15571,51.60333],[-0.15644,51.60393],[-0.1564,51.60529],[-0.15143,51.60608],[-0.14957,51.60697],[-0.14737,51.60764],[-0.1482,51.60809],[-0.14961,51.60791],[-0.15135,51.60747],[-0.15292,51.60676],[-0.15299,51.60821],[-0.15317,51.60862],[-0.15325,51.60901],[-0.1521,51.60826],[-0.15377,51.61077],[-0.15264,51.61113],[-0.15208,51.61177],[-0.15126,51.61203],[-0.14939,51.61134],[-0.1471,51.61179],[-0.14916,51.60963],[-0.14668,51.6105],[-0.14595,51.60957],[-0.14626,51.60909],[-0.14709,51.60847],[-0.14593,51.6084],[-0.14233,51.60898]]]}},{"type":"Feature","properties":{"source_code":"F85688","codes":["F85688"],"label":"RUTLAND HOUSE SURGERY"},"geometry":{"type":"Polygon","coordinates":[[[-0.12605,51.60567],[-0.12879,51.604],[-0.12875,51.60397],[-0.12605,51.60567],[-0.12463,51.60653],[-0.12875,51.60397],[-0.12583,51.60195],[-0.1251,51.60149],[-0.129,51.60371],[-0.12523,51.60155],[-0.12042,51.59752],[-0.13085,51.59821],[-0.13411,51.5964],[-0.13209,51.59533],[-0.14205,51.59107],[-0.14432,51.59179],[-0.15231,51.59099],[-0.15797,51.59046],[-0.16355,51.58952],[-0.16514,51.59144],[-0.16763,51.59358],[-0.15531,51.59595],[-0.15143,51.59726],[-0.15144,51.59727],[-0.15304,51.59675],[-0.15145,51.59727],[-0.15145,51.59727],[-0.15512,51.59612],[-0.15146,51.59729],[-0.15312,51.5992],[-0.15364,51.60123],[-0.15342,51.60285],[-0.15647,51.60538],[-0.14342,51.60848],[-0.14248,51.60709],[-0.14248,51.60576],[-0.14145,51.60458],[-0.14239,51.60304],[-0.14385,51.60149],[-0.14462,51.60005],[-0.15055,51.59759],[-0.14738,51.5986],[-0.14432,51.60005],[-0.13909,51.59995],[-0.13772,51.60093],[-0.1354,51.59981],[-0.13231,51.60133],[-0.12914,51.60379],[-0.13016,51.60317],[-0.13531,51.60272],[-0.13578,51.60323],[-0.13523,51.60546],[-0.12986,51.60944],[-0.12437,51.60672],[-0.12605,51.60567]],[[-0.1474,51.59859],[-0.15081,51.59748],[-0.15108,51.59737],[-0.14832,51.59816],[-0.1474,51.59859]]]}},{"type":"Feature","properties":{"source_code":"F85063","codes":["F85063"],"label":"THE MUSWELL HILL PRACTICE"},"geometry":{"type":"Polygon","coordinates":[[[-0.13658,51.59877],[-0.13157,51.59795],[-0.13233,51.59694],[-0.13355,51.59634],[-0.13168,51.59494],[-0.13081,51.59464],[-0.13544,51.59264],[-0.13325,51.59142],[-0.13411,51.58966],[-0.13394,51.58912],[-0.13424,51.58718],[-0.13364,51.58623],[-0.13814,51.58518],[-0.1396,51.58355],[-0.14203,51.58371],[-0.14718,51.5839],[-0.14729,51.58688],[-0.15259,51.5855],[-0.15431,51.5839],[-0.15567,51.58463],[-0.15684,51.58537],[-0.15662,51.58581],[-0.15716,51.58624],[-0.15382,51.58623],[-0.15186,51.5867],[-0.15146,51.58702],[-0.15231,51.58814],[-0.15716,51.5883],[-0.15698,51.59107],[-0.15668,51.59232],[-0.1566,51.59414],[-0.15625,51.59518],[-0.15784,51.60093],[-0.15608,51.60043],[-0.15355,51.60019],[-0.15295,51.59821],[-0.15226,51.59819],[-0.15192,51.59765],[-0.14591,51.59995],[-0.14544,51.60008],[-0.14512,51.60024],[-0.14479,51.60027],[-0.14456,51.60029],[-0.14467,51.60043],[-0.13986,51.60056],[-0.13737,51.60099],[-0.13557,51.59981],[-0.13598,51.59924],[-0.13658,51.59877]]]}},{"type":"Feature","properties":{"source_code":"F85675","codes":["F85675"],"label":"THE ALEXANDRA SURGERY"},"geometry":{"type":"Polygon","coordinates":[[[-0.13699,51.5984],[-0.17578,51.61077],[-0.10059,51.62398],[-0.05862,51.60992],[-0.10454,51.58944],[-0.13699,51.5984]]]}},{"type":"Feature","properties":{"source_code":"F85687","codes":["F85687"],"label":"OAKWOOD MEDICAL CENTRE"},"geometry":{"type":"Polygon","coordinates":[[[-0.05699,51.68192],[-0.07622,51.67085],[-0.07828,51.65381],[-0.08377,51.63677],[-0.08102,51.62356],[-0.09338,51.61077],[-0.10849,51.61716],[-0.11742,51.60395],[-0.14626,51.61461],[-0.15862,51.62953],[-0.18059,51.65893],[-0.18471,51.66276],[-0.19981,51.66148],[-0.18677,51.6815],[-0.16411,51.67468],[-0.149,51.69044],[-0.10574,51.69384],[-0.08789,51.69171],[-0.05699,51.68192]]]}},{"type":"Feature","properties":{"source_code":"F85700","codes":["F85700"],"label":"ARNOS GROVE MEDICAL CENTR"},"geometry":{"type":"MultiPolygon","coordinates":[[[[-0.174,51.62636],[-0.17428,51.6263],[-0.17411,51.62645],[-0.174,51.62636]]],[[[-0.17411,51.62645],[-0.17424,51.62656],[-0.17389,51.62665],[-0.17411,51.62645]]],[[[-0.17338,51.62649],[-0.15261,51.65477],[-0.12445,51.65126],[-0.10729,51.64851],[-0.0836,51.63965],[-0.0872,51.61428],[-0.09,51.60949],[-0.10385,51.60496],[-0.14977,51.6057],[-0.174,51.62636],[-0.17338,51.62649]]]]}},{"type":"Feature","properties":{"source_code":"F83015","codes":["F83015"],"label":"ST JOHNS WAY MEDICAL CENTRE"},"geometry":{"type":"Polygon","coordinates":[[[-0.13806,51.57053],[-0.1333,51.57283],[-0.13085,51.57355],[-0.12733,51.57411],[-0.12102,51.57358],[-0.12012,51.57248],[-0.11832,51.57152],[-0.11694,51.57083],[-0.11536,51.57053],[-0.12008,51.56832],[-0.12188,51.56733],[-0.12235,51.56701],[-0.12188,51.56731],[-0.12042,51.56552],[-0.11815,51.56331],[-0.11849,51.5636],[-0.12458,51.56122],[-0.12372,51.56034],[-0.12188,51.55904],[-0.12111,51.55848],[-0.12351,51.55829],[-0.12398,51.5589],[-0.12506,51.55853],[-0.12523,51.55813],[-0.13411,51.55744],[-0.13638,51.55714],[-0.1384,51.55704],[-0.13956,51.5588],[-0.14033,51.55989],[-0.14085,51.56053],[-0.14063,51.56168],[-0.14046,51.56192],[-0.14081,51.56253],[-0.14209,51.56309],[-0.14287,51.56243],[-0.14381,51.56285],[-0.14317,51.56357],[-0.1445,51.56395],[-0.14578,51.56301],[-0.14651,51.56317],[-0.14265,51.56917],[-0.14149,51.56912],[-0.13965,51.5696],[-0.13806,51.57053]]]}},{"type":"Feature","properties":{"source_code":"F85066","codes":["F85066"],"label":"BOUNDS GREEN GROUP PRACTICE"},"geometry":{"type":"MultiPolygon","coordinates":[[[[-0.12745,51.59881],[-0.12753,51.59896],[-0.1275,51.59897],[-0.12745,51.59881]]],[[[-0.1275,51.59897],[-0.1275,51.59898],[-0.12738,51.599],[-0.1275,51.59897]]],[[[-0.12738,51.599],[-0.12703,51.59908],[-0.1265,51.59915],[-0.12738,51.599]]],[[[-0.1265,51.59915],[-0.12638,51.59917],[-0.12649,51.59915],[-0.1265,51.59915]]],[[[-0.12485,51.59944],[-0.12488,51.59943],[-0.12638,51.59917],[-0.12565,51.5993],[-0.1249,51.59946],[-0.12485,51.59944]]],[[[-0.16049,51.62253],[-0.16078,51.62371],[-0.1609,51.62535],[-0.16078,51.62675],[-0.16049,51.62253]]],[[[-0.16078,51.62676],[-0.16078,51.62675],[-0.16079,51.62694],[-0.16078,51.62676]]],[[[-0.16076,51.62694],[-0.15051,51.62256],[-0.14616,51.61969],[-0.14156,51.617],[-0.13714,51.62055],[-0.13546,51.62219],[-0.13519,51.62222],[-0.1347,51.62309],[-0.13435,51.62388],[-0.1337,51.62468],[-0.13063,51.62441],[-0.12703,51.62473],[-0.12438,51.6248],[-0.12299,51.62377],[-0.12187,51.62233],[-0.12119,51.62084],[-0.11913,51.62052],[-0.11827,51.62047],[-0.11629,51.61978],[-0.11364,51.6193],[-0.11106,51.61834],[-0.11115,51.61775],[-0.11106,51.61818],[-0.11003,51.6178],[-0.11024,51.61773],[-0.11055,51.6178],[-0.11046,51.61764],[-0.11024,51.61773],[-0.10895,51.6174],[-0.10955,51.61533],[-0.10937,51.61209],[-0.10945,51.61025],[-0.11004,51.60858],[-0.11148,51.6057],[-0.11165,51.60387],[-0.11215,51.60209],[-0.11133,51.60032],[-0.11068,51.59879],[-0.1107,51.59877],[-0.11047,51.59778],[-0.11071,51.59876],[-0.11129,51.59892],[-0.11559,51.60039],[-0.11633,51.59843],[-0.11667,51.59816],[-0.11696,51.59796],[-0.11733,51.59776],[-0.11773,51.59764],[-0.11892,51.59745],[-0.12001,51.59824],[-0.12097,51.59914],[-0.12328,51.59885],[-0.12485,51.59944],[-0.12043,51.60087],[-0.1275,51.59898],[-0.1275,51.59898],[-0.12753,51.59897],[-0.12753,51.59896],[-0.12753,51.59896],[-0.12726,51.59822],[-0.12745,51.59881],[-0.12714,51.59823],[-0.12753,51.59815],[-0.1284,51.59826],[-0.12971,51.59845],[-0.13118,51.59871],[-0.13218,51.59888],[-0.13127,51.59783],[-0.1334,51.59623],[-0.13229,51.59526],[-0.13374,51.59446],[-0.13448,51.59406],[-0.13527,51.59376],[-0.13661,51.59344],[-0.13794,51.59319],[-0.13916,51.59237],[-0.13944,51.59237],[-0.13956,51.59232],[-0.13976,51.59226],[-0.14273,51.5912],[-0.14343,51.59252],[-0.14447,51.59378],[-0.14501,51.59484],[-0.14484,51.59565],[-0.14254,51.60997],[-0.14719,51.60828],[-0.15218,51.60705],[-0.15644,51.61166],[-0.15815,51.61274],[-0.15861,51.61419],[-0.15911,51.61698],[-0.15907,51.61701],[-0.16036,51.62068],[-0.16049,51.62253],[-0.16044,51.62234],[-0.16078,51.62676],[-0.16076,51.62694]]]]}},{"type":"Feature","properties":{"source_code":"F85069","codes":["F85069"],"label":"CROUCH HALL ROAD SURGERY"},"geometry":{"type":"MultiPolygon","coordinates":[[[[-0.11324,51.57625],[-0.11331,51.57624],[-0.1133,51.57632],[-0.11324,51.57625]]],[[[-0.11324,51.57625],[-0.11218,51.57651],[-0.11227,51.57512],[-0.11324,51.57625]]],[[[-0.14451,51.60012],[-0.14445,51.60012],[-0.14458,51.60011],[-0.14451,51.60012]]],[[[-0.14451,51.60012],[-0.14454,51.60012],[-0.14446,51.60013],[-0.14451,51.60012]]],[[[-0.14443,51.60013],[-0.14446,51.60013],[-0.14443,51.60013],[-0.14443,51.60013]]],[[[-0.13783,51.60077],[-0.13765,51.60088],[-0.1375,51.6008],[-0.13783,51.60077]]],[[[-0.11902,51.59555],[-0.1139,51.589],[-0.11302,51.58792],[-0.11304,51.58806],[-0.10905,51.58022],[-0.10806,51.57867],[-0.10853,51.57792],[-0.11077,51.58043],[-0.10964,51.5775],[-0.10952,51.5775],[-0.10963,51.57747],[-0.10952,51.57718],[-0.11022,51.57728],[-0.11433,51.576],[-0.11501,51.57591],[-0.11471,51.5759],[-0.11331,51.57624],[-0.11334,51.5759],[-0.11616,51.57576],[-0.11637,51.57567],[-0.11456,51.57504],[-0.11771,51.57506],[-0.1178,51.57502],[-0.11862,51.57478],[-0.12068,51.57366],[-0.12106,51.57406],[-0.12151,51.57396],[-0.12167,51.5739],[-0.12175,51.5739],[-0.12235,51.57376],[-0.12292,51.57385],[-0.13041,51.57287],[-0.1381,51.5704],[-0.14231,51.57494],[-0.1442,51.57654],[-0.14364,51.57674],[-0.14475,51.57662],[-0.14544,51.57688],[-0.14664,51.57739],[-0.14763,51.57792],[-0.14699,51.58056],[-0.14626,51.58256],[-0.14681,51.58366],[-0.14699,51.58515],[-0.14711,51.58539],[-0.14708,51.58587],[-0.14711,51.58608],[-0.14704,51.58664],[-0.14694,51.58859],[-0.14454,51.59008],[-0.1454,51.59563],[-0.14694,51.59904],[-0.14681,51.59907],[-0.14681,51.59908],[-0.14681,51.59907],[-0.14179,51.60032],[-0.1414,51.60034],[-0.14151,51.60036],[-0.14255,51.60026],[-0.14683,51.59913],[-0.14443,51.60003],[-0.14443,51.60013],[-0.14327,51.60021],[-0.13783,51.60077],[-0.13821,51.60053],[-0.1372,51.60059],[-0.13754,51.60077],[-0.132,51.60253],[-0.12926,51.60373],[-0.12887,51.60352],[-0.12895,51.60349],[-0.12025,51.59685],[-0.11351,51.58755],[-0.11254,51.58503],[-0.113,51.58781],[-0.11424,51.58907],[-0.11518,51.59038],[-0.11579,51.59123],[-0.11588,51.59135],[-0.11639,51.59198],[-0.11724,51.59307],[-0.11676,51.59248],[-0.11746,51.59339],[-0.11849,51.5948],[-0.11902,51.59555]]],[[[-0.11348,51.58846],[-0.11301,51.58785],[-0.11302,51.58791],[-0.11348,51.58846]]],[[[-0.12694,51.57947],[-0.12155,51.57883],[-0.12129,51.57891],[-0.12731,51.5798],[-0.12694,51.57947]]],[[[-0.11554,51.57764],[-0.11212,51.57756],[-0.11464,51.57793],[-0.11554,51.57764]]],[[[-0.12631,51.57419],[-0.12563,51.57412],[-0.12078,51.57508],[-0.12139,51.57508],[-0.12498,51.57461],[-0.12631,51.57419]]],[[[-0.12531,51.57409],[-0.12326,51.5739],[-0.1239,51.574],[-0.12531,51.57409]]],[[[-0.11902,51.59555],[-0.11997,51.59675],[-0.12909,51.60387],[-0.12656,51.60221],[-0.12484,51.60115],[-0.12265,51.59941],[-0.12076,51.59795],[-0.12004,51.59692],[-0.11986,51.59672],[-0.11902,51.59555]]]]}},{"type":"Feature","properties":{"source_code":"Y01655","codes":["Y01655"],"label":"THE VALE PRACTICE"},"geometry":{"type":"Polygon","coordinates":[[[-0.1046,51.5898],[-0.1049,51.58979],[-0.1046,51.5898],[-0.1041,51.58926],[-0.1046,51.5898],[-0.10291,51.58987],[-0.10195,51.58731],[-0.10171,51.58736],[-0.09871,51.57515],[-0.10506,51.57392],[-0.10789,51.56715],[-0.11304,51.56992],[-0.11587,51.57296],[-0.11862,51.57227],[-0.11853,51.57355],[-0.12051,51.57414],[-0.12737,51.57467],[-0.13784,51.57093],[-0.14739,51.57803],[-0.1478,51.57819],[-0.14651,51.58406],[-0.14694,51.58795],[-0.1448,51.58934],[-0.14231,51.59142],[-0.13982,51.59056],[-0.13802,51.59051],[-0.13716,51.59051],[-0.13501,51.592],[-0.13287,51.59179],[-0.13372,51.58886],[-0.13269,51.58891],[-0.13046,51.5895],[-0.12804,51.5897],[-0.12751,51.59007],[-0.12806,51.59083],[-0.12544,51.59149],[-0.12531,51.59158],[-0.12513,51.59157],[-0.12488,51.59163],[-0.12495,51.59155],[-0.11742,51.59099],[-0.10806,51.59355],[-0.1046,51.5898]],[[-0.10532,51.58977],[-0.10654,51.58972],[-0.10635,51.58973],[-0.10576,51.58975],[-0.10532,51.58977]],[[-0.10666,51.58972],[-0.10687,51.58971],[-0.10686,51.58971],[-0.10678,51.58971],[-0.10666,51.58972]],[[-0.10759,51.58968],[-0.10843,51.58965],[-0.10807,51.58966],[-0.10759,51.58968]],[[-0.11154,51.58952],[-0.11918,51.58921],[-0.11612,51.58933],[-0.11154,51.58952]],[[-0.12772,51.58869],[-0.12846,51.58792],[-0.12799,51.58837],[-0.12772,51.58869]],[[-0.10435,51.58683],[-0.10592,51.58651],[-0.10309,51.58708],[-0.1033,51.58704],[-0.10435,51.58683]],[[-0.11065,51.58555],[-0.11145,51.58539],[-0.10853,51.58598],[-0.11065,51.58555]],[[-0.13565,51.58048],[-0.13565,51.58048],[-0.13534,51.58054],[-0.13565,51.58048]]]}},{"type":"Feature","properties":{"source_code":"F85061","codes":["F85061"],"label":"CHRISTCHURCH HALL SURGERY"},"geometry":{"type":"MultiPolygon","coordinates":[[[[-0.11381,51.58852],[-0.11325,51.58787],[-0.11343,51.58806],[-0.11381,51.58852]]],[[[-0.11381,51.58852],[-0.11439,51.58918],[-0.11338,51.58795],[-0.11339,51.58793],[-0.11252,51.58688],[-0.11265,51.58584],[-0.11398,51.58542],[-0.11535,51.58668],[-0.11647,51.58766],[-0.11715,51.58825],[-0.1081,51.58011],[-0.10592,51.57766],[-0.10536,51.57528],[-0.10527,51.57531],[-0.10613,51.56912],[-0.10673,51.56728],[-0.11716,51.56229],[-0.1239,51.56939],[-0.11702,51.57158],[-0.12394,51.56939],[-0.13248,51.56949],[-0.13381,51.5727],[-0.13832,51.57075],[-0.14141,51.574],[-0.14326,51.5762],[-0.14325,51.57611],[-0.14415,51.57646],[-0.14565,51.5776],[-0.14565,51.57766],[-0.14741,51.57798],[-0.14677,51.58046],[-0.14591,51.58238],[-0.14569,51.58187],[-0.1457,51.58201],[-0.14673,51.58398],[-0.14703,51.58635],[-0.1469,51.58811],[-0.1432,51.59041],[-0.14317,51.59136],[-0.1336,51.58811],[-0.12703,51.59088],[-0.12413,51.59152],[-0.12119,51.59184],[-0.12119,51.59184],[-0.12117,51.59184],[-0.12115,51.59184],[-0.12115,51.59184],[-0.12101,51.59183],[-0.12106,51.59187],[-0.12101,51.59183],[-0.11875,51.59166],[-0.11835,51.59163],[-0.11643,51.59155],[-0.11701,51.59153],[-0.11628,51.59147],[-0.1163,51.5915],[-0.11628,51.59147],[-0.11626,51.59147],[-0.1155,51.59054],[-0.11381,51.58852]]]]}},{"type":"Feature","properties":{"source_code":"F83039","codes":["F83039"],"label":"THE RISE GROUP PRACTICE"},"geometry":{"type":"Polygon","coordinates":[[[-0.14428,51.57664],[-0.1266,51.58171],[-0.12428,51.5808],[-0.12377,51.57835],[-0.12042,51.57291],[-0.11072,51.56859],[-0.1187,51.56384],[-0.11836,51.56336],[-0.1236,51.56106],[-0.13338,51.56528],[-0.1339,51.56619],[-0.14428,51.57664]]]}}]}