{"type":"FeatureCollection","metadata":{"bundle_id":"bundle-018","practice_count":189,"feature_count":189},"features":[{"type":"Feature","properties":{"source_code":"B87026","codes":["B87026"],"label":"THE GRANGE MEDICAL CENTRE"},"geometry":{"type":"Polygon","coordinates":[[[-1.27845,53.58349],[-1.28182,53.58085],[-1.28393,53.58009],[-1.28898,53.58294],[-1.29112,53.58249],[-1.29308,53.58222],[-1.30816,53.58136],[-1.31757,53.57905],[-1.34,53.56987],[-1.35015,53.56777],[-1.36011,53.56705],[-1.36634,53.56694],[-1.37022,53.56684],[-1.37574,53.56692],[-1.38517,53.56622],[-1.3859,53.57012],[-1.39228,53.57061],[-1.39804,53.57244],[-1.40225,53.57396],[-1.40968,53.57628],[-1.41359,53.57525],[-1.41455,53.57679],[-1.41478,53.57789],[-1.415,53.57834],[-1.42337,53.57959],[-1.42537,53.58126],[-1.42581,53.58314],[-1.42607,53.58476],[-1.42539,53.58754],[-1.41929,53.59486],[-1.41878,53.59679],[-1.41919,53.60154],[-1.41986,53.60329],[-1.41732,53.60505],[-1.41386,53.60726],[-1.41248,53.60938],[-1.41299,53.60998],[-1.4141,53.61125],[-1.41599,53.6126],[-1.41848,53.61362],[-1.4219,53.61684],[-1.42507,53.618],[-1.42927,53.61966],[-1.43012,53.6214],[-1.42962,53.62293],[-1.4265,53.62576],[-1.41949,53.62889],[-1.41617,53.6304],[-1.41319,53.63172],[-1.40732,53.63248],[-1.38258,53.63957],[-1.38154,53.64231],[-1.38199,53.64917],[-1.35441,53.65044],[-1.34608,53.64949],[-1.33814,53.64966],[-1.33606,53.64992],[-1.33364,53.65062],[-1.33193,53.65151],[-1.3223,53.65463],[-1.31324,53.65177],[-1.31662,53.64095],[-1.3057,53.63621],[-1.30088,53.63465],[-1.29351,53.63175],[-1.27675,53.62695],[-1.25339,53.6199],[-1.2519,53.61746],[-1.25297,53.61343],[-1.2608,53.60115],[-1.27845,53.58349]]]}},{"type":"Feature","properties":{"source_code":"B85031","codes":["B85031"],"label":"LEPTON AND KIRKHEATON SURGERIES"},"geometry":{"type":"Polygon","coordinates":[[[-1.73352,53.67729],[-1.73185,53.6778],[-1.73057,53.67763],[-1.72971,53.67695],[-1.72641,53.67829],[-1.72643,53.67925],[-1.72457,53.67953],[-1.72349,53.67918],[-1.72275,53.67938],[-1.7191,53.67923],[-1.71498,53.67828],[-1.71494,53.6777],[-1.71387,53.67714],[-1.71362,53.6755],[-1.71298,53.67447],[-1.71139,53.6736],[-1.70947,53.67276],[-1.70913,53.6721],[-1.7105,53.6715],[-1.71186,53.66978],[-1.71166,53.66903],[-1.71223,53.66779],[-1.71409,53.66676],[-1.71425,53.6661],[-1.71329,53.666],[-1.71173,53.66615],[-1.70901,53.66601],[-1.7074,53.66609],[-1.70492,53.66588],[-1.70381,53.66639],[-1.70242,53.66664],[-1.70221,53.66648],[-1.7023,53.66585],[-1.70222,53.66494],[-1.70218,53.66426],[-1.7018,53.66358],[-1.7008,53.66432],[-1.69985,53.66423],[-1.69949,53.6636],[-1.69888,53.66296],[-1.69797,53.66238],[-1.69706,53.66195],[-1.69735,53.66169],[-1.69918,53.66274],[-1.6999,53.66336],[-1.70035,53.66402],[-1.70155,53.66322],[-1.70158,53.66262],[-1.70276,53.66155],[-1.70288,53.66016],[-1.70223,53.65846],[-1.70512,53.65643],[-1.70313,53.65567],[-1.70051,53.65598],[-1.69819,53.6559],[-1.69612,53.65391],[-1.69328,53.65253],[-1.69078,53.65186],[-1.68509,53.65009],[-1.68062,53.64589],[-1.67881,53.64434],[-1.67575,53.64173],[-1.67204,53.64034],[-1.66958,53.64025],[-1.66871,53.64184],[-1.6675,53.64333],[-1.66626,53.64262],[-1.66583,53.64151],[-1.66137,53.64168],[-1.65898,53.63622],[-1.66906,53.63478],[-1.67662,53.63375],[-1.67652,53.63201],[-1.67651,53.63043],[-1.67744,53.62935],[-1.67717,53.62807],[-1.67575,53.62622],[-1.67882,53.625],[-1.68023,53.6244],[-1.68103,53.62364],[-1.68481,53.62272],[-1.68609,53.62165],[-1.69061,53.62112],[-1.69433,53.61942],[-1.69546,53.6186],[-1.69616,53.61768],[-1.69814,53.61771],[-1.70124,53.61743],[-1.70227,53.6168],[-1.70862,53.61817],[-1.71007,53.61776],[-1.71349,53.61826],[-1.71588,53.61914],[-1.71845,53.61944],[-1.71892,53.62377],[-1.72149,53.63059],[-1.72586,53.63527],[-1.73008,53.63746],[-1.73164,53.64108],[-1.73346,53.64326],[-1.73614,53.64474],[-1.73531,53.64546],[-1.73494,53.64692],[-1.73543,53.64817],[-1.7372,53.65064],[-1.73595,53.6513],[-1.73976,53.65278],[-1.74312,53.65209],[-1.74391,53.65242],[-1.74147,53.65477],[-1.74379,53.65742],[-1.74414,53.66069],[-1.74176,53.66539],[-1.73899,53.67092],[-1.73803,53.67355],[-1.73432,53.67608],[-1.73352,53.67729]]]}},{"type":"Feature","properties":{"source_code":"B87003","codes":["B87003"],"label":"COLLEGE LANE SURGERY"},"geometry":{"type":"Polygon","coordinates":[[[-1.28755,53.60814],[-1.32694,53.61033],[-1.34535,53.60509],[-1.35578,53.60407],[-1.36042,53.60524],[-1.37011,53.60623],[-1.37278,53.60643],[-1.3829,53.60697],[-1.38205,53.61008],[-1.37011,53.6169],[-1.3557,53.61924],[-1.3511,53.62123],[-1.36303,53.62713],[-1.35831,53.62738],[-1.3566,53.62808],[-1.35642,53.62965],[-1.36037,53.63296],[-1.36492,53.63662],[-1.37569,53.64255],[-1.37793,53.6486],[-1.3799,53.64866],[-1.38084,53.64912],[-1.38591,53.64957],[-1.392,53.65095],[-1.39252,53.65166],[-1.39449,53.65329],[-1.39913,53.65481],[-1.39535,53.66214],[-1.39226,53.66326],[-1.35604,53.66316],[-1.35621,53.66366],[-1.35243,53.66753],[-1.35243,53.66661],[-1.35072,53.66549],[-1.34797,53.66417],[-1.34789,53.66264],[-1.33681,53.67058],[-1.32265,53.68402],[-1.32003,53.68512],[-1.31608,53.68654],[-1.31471,53.68634],[-1.31342,53.68665],[-1.31235,53.68552],[-1.31321,53.68324],[-1.3133,53.68085],[-1.31218,53.67983],[-1.31012,53.67607],[-1.30832,53.67287],[-1.30609,53.66895],[-1.30523,53.6661],[-1.30445,53.66214],[-1.29707,53.66473],[-1.29424,53.66661],[-1.29029,53.6689],[-1.28755,53.67027],[-1.28763,53.66793],[-1.28712,53.66447],[-1.2866,53.66346],[-1.28523,53.66234],[-1.28351,53.66137],[-1.28283,53.66021],[-1.2812,53.65939],[-1.27888,53.65822],[-1.27622,53.65664],[-1.2733,53.65486],[-1.25845,53.65451],[-1.24266,53.65461],[-1.19356,53.6483],[-1.19545,53.64616],[-1.19622,53.64454],[-1.19863,53.64301],[-1.19983,53.64148],[-1.22669,53.63884],[-1.23201,53.63711],[-1.23424,53.6367],[-1.23656,53.6369],[-1.24017,53.6364],[-1.24386,53.63411],[-1.2424,53.63298],[-1.2406,53.63039],[-1.23905,53.62774],[-1.23708,53.6252],[-1.23485,53.62306],[-1.23227,53.62001],[-1.23055,53.61797],[-1.22978,53.6171],[-1.23416,53.61665],[-1.23768,53.61715],[-1.24412,53.617],[-1.24729,53.61618],[-1.2503,53.61446],[-1.25373,53.61374],[-1.27012,53.61125],[-1.28755,53.60814]]]}},{"type":"Feature","properties":{"source_code":"B87028","codes":["B87028"],"label":"CROFTON AND SHARLSTON MED PRAC"},"geometry":{"type":"Polygon","coordinates":[[[-1.35546,53.64246],[-1.35681,53.64166],[-1.35748,53.64155],[-1.35962,53.64155],[-1.36097,53.64172],[-1.36123,53.64184],[-1.36233,53.6417],[-1.36404,53.64194],[-1.36531,53.64226],[-1.36576,53.64226],[-1.36679,53.6425],[-1.36767,53.64255],[-1.36833,53.64283],[-1.36909,53.64311],[-1.36945,53.64312],[-1.36984,53.64312],[-1.36996,53.64335],[-1.3707,53.64348],[-1.37177,53.64365],[-1.37297,53.64386],[-1.37848,53.64499],[-1.38187,53.6452],[-1.38651,53.64581],[-1.38865,53.64591],[-1.39102,53.64532],[-1.39325,53.64337],[-1.3932,53.64164],[-1.39247,53.6408],[-1.39205,53.64001],[-1.39226,53.63945],[-1.39329,53.63891],[-1.39449,53.63868],[-1.39608,53.63886],[-1.39749,53.63899],[-1.39874,53.63884],[-1.40011,53.63769],[-1.40239,53.63637],[-1.40419,53.63517],[-1.40522,53.63451],[-1.40887,53.63545],[-1.41033,53.63591],[-1.41166,53.63647],[-1.4153,53.63574],[-1.41814,53.63504],[-1.42041,53.63418],[-1.42475,53.6339],[-1.42475,53.635],[-1.42505,53.6352],[-1.42616,53.63528],[-1.42745,53.63528],[-1.42899,53.63504],[-1.42955,53.63487],[-1.42985,53.63632],[-1.4287,53.63665],[-1.42728,53.63678],[-1.42561,53.63754],[-1.42526,53.63833],[-1.42432,53.63935],[-1.42354,53.64006],[-1.42376,53.6408],[-1.42462,53.64143],[-1.42496,53.64197],[-1.42427,53.64288],[-1.42415,53.64365],[-1.42492,53.6441],[-1.42625,53.64426],[-1.42775,53.64383],[-1.42852,53.64339],[-1.42887,53.6423],[-1.42925,53.64148],[-1.43071,53.64067],[-1.43183,53.64049],[-1.44427,53.63807],[-1.44569,53.63833],[-1.44663,53.63894],[-1.44728,53.63965],[-1.44831,53.64039],[-1.44921,53.64133],[-1.44977,53.64207],[-1.45097,53.6424],[-1.45221,53.64212],[-1.4523,53.64128],[-1.4523,53.64059],[-1.45183,53.63993],[-1.45135,53.63937],[-1.45625,53.63958],[-1.45865,53.63998],[-1.46105,53.64034],[-1.46994,53.64459],[-1.47032,53.64718],[-1.47041,53.64759],[-1.47088,53.64825],[-1.47114,53.64919],[-1.47088,53.64978],[-1.47049,53.65034],[-1.47049,53.65054],[-1.47097,53.65054],[-1.4717,53.6508],[-1.47234,53.65102],[-1.47388,53.65082],[-1.47496,53.65059],[-1.47577,53.65059],[-1.4771,53.65062],[-1.478,53.65072],[-1.47994,53.65118],[-1.48122,53.65138],[-1.48212,53.65153],[-1.48285,53.65161],[-1.48371,53.65181],[-1.48461,53.65196],[-1.48594,53.65161],[-1.48757,53.6513],[-1.48903,53.65089],[-1.48976,53.651],[-1.48964,53.65133],[-1.48886,53.65186],[-1.48865,53.65283],[-1.48848,53.65367],[-1.48745,53.65486],[-1.48663,53.65558],[-1.48388,53.65756],[-1.48264,53.65883],[-1.48272,53.65957],[-1.48354,53.66051],[-1.48423,53.66168],[-1.4841,53.66209],[-1.48307,53.66277],[-1.48187,53.66389],[-1.48079,53.66486],[-1.48088,53.66531],[-1.48015,53.666],[-1.47826,53.66707],[-1.47706,53.66793],[-1.47569,53.66867],[-1.47483,53.66933],[-1.47388,53.66916],[-1.47221,53.66865],[-1.46972,53.66844],[-1.46861,53.66925],[-1.46753,53.6704],[-1.46749,53.67122],[-1.46843,53.67213],[-1.46977,53.67297],[-1.47161,53.67409],[-1.47195,53.67508],[-1.47195,53.67551],[-1.47105,53.67597],[-1.47032,53.67691],[-1.46989,53.67815],[-1.46908,53.67965],[-1.46839,53.68113],[-1.46796,53.6827],[-1.46123,53.6839],[-1.45058,53.68593],[-1.44397,53.68766],[-1.44101,53.68725],[-1.43899,53.68649],[-1.43698,53.68634],[-1.43367,53.68619],[-1.43135,53.6857],[-1.43063,53.68479],[-1.43011,53.68446],[-1.42865,53.6856],[-1.42788,53.68565],[-1.42728,53.68547],[-1.42522,53.68491],[-1.42329,53.68416],[-1.42131,53.68336],[-1.41857,53.68169],[-1.41445,53.67942],[-1.41234,53.67917],[-1.40951,53.67994],[-1.40745,53.681],[-1.40513,53.68227],[-1.40282,53.68304],[-1.40166,53.68309],[-1.40067,53.68265],[-1.39848,53.68174],[-1.39655,53.68031],[-1.39402,53.67887],[-1.38973,53.67663],[-1.38917,53.67574],[-1.3893,53.67403],[-1.392,53.67076],[-1.39591,53.66743],[-1.39754,53.66529],[-1.39801,53.66433],[-1.39724,53.66341],[-1.39509,53.66316],[-1.38874,53.66293],[-1.38363,53.66298],[-1.37475,53.66313],[-1.37016,53.66313],[-1.3663,53.66313],[-1.36282,53.66234],[-1.35557,53.66003],[-1.3472,53.65768],[-1.34239,53.65478],[-1.34196,53.65286],[-1.34304,53.65181],[-1.34604,53.65006],[-1.3496,53.64848],[-1.35286,53.64683],[-1.35385,53.64459],[-1.35467,53.64344],[-1.35546,53.64246]]]}},{"type":"Feature","properties":{"source_code":"B87002","codes":["B87002"],"label":"ORCHARD CROFT"},"geometry":{"type":"MultiPolygon","coordinates":[[[[-1.62929,53.62799],[-1.62955,53.62648],[-1.63134,53.62721],[-1.63217,53.63137],[-1.62929,53.62799]]],[[[-1.54658,53.64403],[-1.54624,53.64431],[-1.54718,53.64321],[-1.54658,53.64403]]],[[[-1.53465,53.65786],[-1.54324,53.64677],[-1.54624,53.64431],[-1.53465,53.65786]]],[[[-1.54658,53.64403],[-1.56178,53.63156],[-1.57175,53.62805],[-1.58121,53.62539],[-1.5886,53.62699],[-1.59644,53.61752],[-1.61595,53.61231],[-1.62929,53.62799],[-1.62857,53.6322],[-1.64344,53.62997],[-1.6555,53.62925],[-1.66184,53.63405],[-1.65489,53.63772],[-1.64391,53.63688],[-1.65323,53.63698],[-1.64044,53.63662],[-1.64391,53.63688],[-1.64083,53.63685],[-1.63044,53.63965],[-1.61452,53.6469],[-1.61905,53.64789],[-1.61692,53.65245],[-1.6207,53.65091],[-1.61721,53.65449],[-1.60107,53.65725],[-1.59655,53.6666],[-1.59184,53.69301],[-1.58453,53.69438],[-1.57586,53.68925],[-1.55679,53.68407],[-1.5451,53.68011],[-1.53581,53.67065],[-1.53011,53.66974],[-1.52921,53.66619],[-1.53394,53.66131],[-1.54658,53.64403]]]]}},{"type":"Feature","properties":{"source_code":"B85038","codes":["B85038"],"label":"THE PADDOCK SURGERY"},"geometry":{"type":"Polygon","coordinates":[[[-1.64495,53.68481],[-1.63734,53.6894],[-1.63224,53.68885],[-1.63093,53.68779],[-1.62512,53.68714],[-1.62189,53.68537],[-1.62184,53.68014],[-1.6194,53.67919],[-1.61637,53.67927],[-1.61627,53.67833],[-1.61507,53.67554],[-1.61437,53.67355],[-1.61159,53.67253],[-1.60986,53.67221],[-1.60797,53.6721],[-1.60293,53.67096],[-1.60045,53.67084],[-1.60016,53.67067],[-1.5982,53.67],[-1.59742,53.6688],[-1.59372,53.668],[-1.59784,53.66746],[-1.59577,53.66594],[-1.59327,53.66476],[-1.58712,53.66276],[-1.57829,53.65727],[-1.58106,53.65576],[-1.58358,53.6532],[-1.58453,53.65273],[-1.58572,53.65231],[-1.58741,53.65194],[-1.58863,53.65166],[-1.58978,53.65126],[-1.59056,53.65099],[-1.59135,53.65098],[-1.59423,53.64996],[-1.59694,53.64869],[-1.59821,53.64827],[-1.59996,53.64803],[-1.60155,53.64775],[-1.60319,53.64783],[-1.6056,53.64751],[-1.608,53.64728],[-1.60901,53.64705],[-1.60992,53.64681],[-1.61063,53.64656],[-1.61126,53.6461],[-1.61258,53.64534],[-1.61366,53.64475],[-1.61435,53.64452],[-1.61503,53.64444],[-1.61697,53.6447],[-1.61822,53.6439],[-1.62098,53.64256],[-1.62254,53.64177],[-1.62432,53.64109],[-1.62772,53.64025],[-1.63128,53.63947],[-1.63468,53.63846],[-1.63626,53.6379],[-1.638,53.63757],[-1.64154,53.63717],[-1.64498,53.63674],[-1.64847,53.63651],[-1.65037,53.63665],[-1.65226,53.6369],[-1.65412,53.63711],[-1.65616,53.63689],[-1.66385,53.63578],[-1.66484,53.63564],[-1.66588,53.63556],[-1.66665,53.63624],[-1.66745,53.63797],[-1.6678,53.63881],[-1.66981,53.63961],[-1.66986,53.64052],[-1.6694,53.6424],[-1.66848,53.6431],[-1.66825,53.64472],[-1.66967,53.64713],[-1.67132,53.65052],[-1.67486,53.65395],[-1.6722,53.65695],[-1.66911,53.65934],[-1.661,53.66437],[-1.65624,53.66854],[-1.65733,53.67443],[-1.66134,53.67958],[-1.65698,53.67983],[-1.6528,53.68059],[-1.6493,53.68288],[-1.64495,53.68481]]]}},{"type":"Feature","properties":{"source_code":"B87012","codes":["B87012"],"label":"MAYBUSH MEDICAL CENTRE"},"geometry":{"type":"Polygon","coordinates":[[[-1.50345,53.69445],[-1.50122,53.69439],[-1.49955,53.69485],[-1.49839,53.69559],[-1.49736,53.69579],[-1.4962,53.69582],[-1.49509,53.69582],[-1.49363,53.69587],[-1.49217,53.69618],[-1.49049,53.69618],[-1.4892,53.69592],[-1.488,53.69592],[-1.48478,53.69564],[-1.47625,53.69534],[-1.47165,53.69384],[-1.4659,53.69214],[-1.44599,53.6886],[-1.43698,53.68535],[-1.43419,53.68296],[-1.43204,53.68245],[-1.42934,53.67881],[-1.425,53.6733],[-1.41913,53.66651],[-1.41814,53.65947],[-1.41501,53.65415],[-1.41239,53.65148],[-1.41204,53.65057],[-1.41269,53.65006],[-1.41389,53.64967],[-1.41556,53.6496],[-1.41801,53.65026],[-1.45642,53.63942],[-1.47328,53.64222],[-1.47526,53.64095],[-1.47959,53.63937],[-1.48165,53.63851],[-1.48303,53.63853],[-1.4853,53.63792],[-1.49041,53.6368],[-1.49217,53.63644],[-1.49418,53.63713],[-1.49659,53.6384],[-1.49792,53.63805],[-1.50096,53.63741],[-1.50139,53.63716],[-1.51341,53.63548],[-1.51487,53.63538],[-1.51599,53.63594],[-1.51714,53.63617],[-1.5183,53.63665],[-1.51907,53.63754],[-1.52457,53.63897],[-1.53049,53.64054],[-1.53199,53.64118],[-1.53392,53.64331],[-1.53431,53.64474],[-1.53688,53.6456],[-1.53843,53.64647],[-1.53924,53.64677],[-1.5404,53.64706],[-1.53877,53.64922],[-1.53534,53.65804],[-1.52929,53.66621],[-1.52933,53.66913],[-1.52839,53.67086],[-1.52796,53.67188],[-1.52955,53.67416],[-1.53027,53.67508],[-1.5301,53.676],[-1.5289,53.67663],[-1.52864,53.67681],[-1.52886,53.67823],[-1.52882,53.68021],[-1.52826,53.68087],[-1.52766,53.68243],[-1.52671,53.68341],[-1.52646,53.68357],[-1.52543,53.68438],[-1.52388,53.68639],[-1.52332,53.68779],[-1.52276,53.68959],[-1.52152,53.69061],[-1.5192,53.69109],[-1.51568,53.69193],[-1.51178,53.69295],[-1.51118,53.69297],[-1.50832,53.69343],[-1.50573,53.69422],[-1.50442,53.69426],[-1.50345,53.69445]]]}},{"type":"Feature","properties":{"source_code":"B87008","codes":["B87008"],"label":"LUPSET HEALTH CENTRE"},"geometry":{"type":"Polygon","coordinates":[[[-1.50336,53.69447],[-1.501,53.69436],[-1.49907,53.69505],[-1.49834,53.69586],[-1.4962,53.69597],[-1.49328,53.69599],[-1.4907,53.69632],[-1.48942,53.69614],[-1.48641,53.69599],[-1.48465,53.69569],[-1.48461,53.69431],[-1.48581,53.6918],[-1.4874,53.68936],[-1.488,53.68781],[-1.48912,53.68684],[-1.48847,53.68638],[-1.4892,53.68565],[-1.48972,53.68438],[-1.49036,53.68184],[-1.49092,53.68092],[-1.4886,53.6799],[-1.48332,53.6784],[-1.48105,53.67744],[-1.47967,53.67561],[-1.47512,53.67136],[-1.47259,53.66864],[-1.47216,53.65865],[-1.47238,53.65415],[-1.47414,53.64962],[-1.478,53.64629],[-1.48032,53.64535],[-1.4883,53.6415],[-1.49538,53.63927],[-1.49826,53.63998],[-1.50019,53.64036],[-1.50461,53.63916],[-1.5068,53.6384],[-1.51049,53.63657],[-1.51641,53.63425],[-1.51946,53.63295],[-1.52452,53.63497],[-1.52718,53.63636],[-1.52757,53.63731],[-1.52946,53.63748],[-1.53023,53.63799],[-1.53207,53.63792],[-1.5334,53.63799],[-1.53426,53.63911],[-1.53469,53.64016],[-1.53473,53.64046],[-1.53684,53.64],[-1.53182,53.64535],[-1.52954,53.64868],[-1.528,53.65272],[-1.52808,53.65499],[-1.52868,53.65613],[-1.531,53.6541],[-1.5325,53.65234],[-1.53362,53.6516],[-1.53551,53.65155],[-1.53954,53.65173],[-1.54057,53.65226],[-1.54246,53.65298],[-1.54409,53.65326],[-1.54469,53.6528],[-1.54473,53.65109],[-1.54508,53.64975],[-1.54718,53.64926],[-1.54933,53.64926],[-1.55036,53.65],[-1.5489,53.6512],[-1.54902,53.65216],[-1.55207,53.65265],[-1.55357,53.65267],[-1.55628,53.65209],[-1.55902,53.65224],[-1.56104,53.65298],[-1.56156,53.65394],[-1.5616,53.65486],[-1.56417,53.65595],[-1.56688,53.65672],[-1.5731,53.65684],[-1.57718,53.65697],[-1.57846,53.65817],[-1.58134,53.65964],[-1.59005,53.66773],[-1.59112,53.66862],[-1.59683,53.67279],[-1.59902,53.67629],[-1.59906,53.68364],[-1.59833,53.68494],[-1.59679,53.68687],[-1.59512,53.68799],[-1.59396,53.68936],[-1.59314,53.69182],[-1.59168,53.69253],[-1.59134,53.69261],[-1.59001,53.69208],[-1.58881,53.69121],[-1.58658,53.69027],[-1.58494,53.68926],[-1.58297,53.68842],[-1.58005,53.68727],[-1.5758,53.68585],[-1.57018,53.68577],[-1.5655,53.68539],[-1.56203,53.68486],[-1.56005,53.68501],[-1.55731,53.68336],[-1.55516,53.68255],[-1.55516,53.68369],[-1.55611,53.68583],[-1.55752,53.69134],[-1.55787,53.69381],[-1.55791,53.69561],[-1.55718,53.69818],[-1.55585,53.70079],[-1.55499,53.70155],[-1.55151,53.70178],[-1.54705,53.70285],[-1.54405,53.70376],[-1.54199,53.70534],[-1.53868,53.70631],[-1.53692,53.70707],[-1.53362,53.70763],[-1.53186,53.70747],[-1.5304,53.7077],[-1.52804,53.70867],[-1.52658,53.7094],[-1.52366,53.70892],[-1.51929,53.70834],[-1.51568,53.70755],[-1.51216,53.70618],[-1.50873,53.7045],[-1.50628,53.70219],[-1.50559,53.69995],[-1.50577,53.69881],[-1.50517,53.69635],[-1.50444,53.69464],[-1.50336,53.69447]]]}},{"type":"Feature","properties":{"source_code":"B85606","codes":["B85606"],"label":"THORNHILL LEES MEDICAL CENTRE"},"geometry":{"type":"MultiPolygon","coordinates":[[[[-1.66159,53.67465],[-1.66151,53.67465],[-1.66149,53.67458],[-1.66159,53.67465]]],[[[-1.66159,53.67465],[-1.6616,53.67465],[-1.6616,53.67466],[-1.66159,53.67465]]],[[[-1.61671,53.6961],[-1.60936,53.68898],[-1.60932,53.68898],[-1.60934,53.68896],[-1.60915,53.68878],[-1.60944,53.68875],[-1.61963,53.66915],[-1.61988,53.66904],[-1.61688,53.66499],[-1.61851,53.66229],[-1.63661,53.66168],[-1.63653,53.66192],[-1.63662,53.66188],[-1.65756,53.67104],[-1.65556,53.68505],[-1.65636,53.68481],[-1.65653,53.68502],[-1.65552,53.68532],[-1.65551,53.68542],[-1.65506,53.68546],[-1.65482,53.68553],[-1.65489,53.68547],[-1.65481,53.68548],[-1.64417,53.69477],[-1.61671,53.6961]]]]}},{"type":"Feature","properties":{"source_code":"B87009","codes":["B87009"],"label":"ST THOMAS ROAD SURGERY"},"geometry":{"type":"Polygon","coordinates":[[[-1.32046,53.69459],[-1.3187,53.69289],[-1.31737,53.69203],[-1.31552,53.69144],[-1.31509,53.69091],[-1.31449,53.68949],[-1.31424,53.68862],[-1.31424,53.68755],[-1.31329,53.68636],[-1.31222,53.68537],[-1.31278,53.68417],[-1.31325,53.68067],[-1.31445,53.67983],[-1.31479,53.6784],[-1.31608,53.67706],[-1.31745,53.67573],[-1.31814,53.67482],[-1.31857,53.67441],[-1.32514,53.67457],[-1.33277,53.66707],[-1.33578,53.66468],[-1.33835,53.66274],[-1.34367,53.66117],[-1.36024,53.65781],[-1.36732,53.65697],[-1.36985,53.65768],[-1.38007,53.65995],[-1.38419,53.66396],[-1.39183,53.66396],[-1.40187,53.66091],[-1.41217,53.66096],[-1.41637,53.66183],[-1.41775,53.66495],[-1.41745,53.666],[-1.41762,53.66768],[-1.41766,53.66943],[-1.41573,53.67304],[-1.41453,53.67566],[-1.41208,53.68031],[-1.40783,53.68552],[-1.40607,53.68827],[-1.4035,53.68913],[-1.40002,53.6904],[-1.3968,53.69124],[-1.38908,53.69279],[-1.3823,53.69505],[-1.37758,53.69599],[-1.37449,53.69673],[-1.37115,53.69843],[-1.36372,53.69962],[-1.3587,53.69976],[-1.35286,53.69849],[-1.34728,53.6963],[-1.34059,53.69447],[-1.33561,53.69452],[-1.32952,53.69472],[-1.3242,53.69472],[-1.32046,53.69459]]]}},{"type":"Feature","properties":{"source_code":"B85019","codes":["B85019"],"label":"MIRFIELD HEALTH CENTRE"},"geometry":{"type":"Polygon","coordinates":[[[-1.67561,53.67504],[-1.67511,53.67444],[-1.67456,53.67421],[-1.67462,53.6726],[-1.67415,53.67198],[-1.67464,53.67259],[-1.67375,53.66901],[-1.67467,53.6672],[-1.67683,53.66475],[-1.6799,53.66268],[-1.68358,53.66085],[-1.68502,53.66064],[-1.68738,53.6603],[-1.6912,53.65989],[-1.69458,53.65942],[-1.7023,53.65858],[-1.71503,53.66101],[-1.71436,53.66596],[-1.71012,53.67294],[-1.71364,53.67486],[-1.71467,53.68074],[-1.72,53.68392],[-1.71017,53.68741],[-1.70366,53.69097],[-1.70095,53.69332],[-1.69948,53.69559],[-1.68202,53.68859],[-1.6806,53.68712],[-1.67938,53.68558],[-1.67692,53.68447],[-1.67561,53.67504]]]}},{"type":"Feature","properties":{"source_code":"B87032","codes":["B87032"],"label":"STATION LANE"},"geometry":{"type":"MultiPolygon","coordinates":[[[[-1.40024,53.69203],[-1.40659,53.69122],[-1.40934,53.69447],[-1.409,53.69508],[-1.40041,53.69915],[-1.39372,53.69549],[-1.39544,53.69376],[-1.39784,53.69254],[-1.40024,53.69203]]],[[[-1.33192,53.7088],[-1.31527,53.68898],[-1.31269,53.68512],[-1.31372,53.68054],[-1.32214,53.672],[-1.33072,53.65715],[-1.33918,53.65859],[-1.34557,53.66328],[-1.35117,53.66665],[-1.3451,53.66879],[-1.33639,53.67104],[-1.33538,53.67328],[-1.33621,53.6716],[-1.35166,53.66682],[-1.38685,53.66601],[-1.38685,53.666],[-1.40762,53.66427],[-1.41432,53.66814],[-1.41466,53.67556],[-1.40247,53.68339],[-1.38737,53.67637],[-1.38735,53.67606],[-1.38548,53.68634],[-1.3817,53.69437],[-1.3702,53.69935],[-1.36682,53.69971],[-1.36891,53.70031],[-1.38205,53.69467],[-1.38977,53.69955],[-1.37312,53.7025],[-1.36917,53.70677],[-1.35303,53.70362],[-1.346,53.70372],[-1.33192,53.7088]]]]}},{"type":"Feature","properties":{"source_code":"B85650","codes":["B85650"],"label":"DR MAHMOOD & PARTNERS"},"geometry":{"type":"Polygon","coordinates":[[[-1.66984,53.68598],[-1.66306,53.68598],[-1.65765,53.68542],[-1.65464,53.68339],[-1.6519,53.68115],[-1.65224,53.67795],[-1.65516,53.67551],[-1.65859,53.67434],[-1.66271,53.67332],[-1.66872,53.67302],[-1.67387,53.67582],[-1.67679,53.67815],[-1.67593,53.68115],[-1.67361,53.68339],[-1.66984,53.68598]]]}},{"type":"Feature","properties":{"source_code":"B85009","codes":["B85009"],"label":"NORTH ROAD SUITE,RAVENSTHORPE HEALTH CTR"},"geometry":{"type":"Polygon","coordinates":[[[-1.68571,53.70921],[-1.67396,53.70674],[-1.66151,53.70834],[-1.64482,53.70117],[-1.63146,53.69391],[-1.63458,53.68767],[-1.62742,53.68625],[-1.62457,53.68388],[-1.6253,53.68159],[-1.62591,53.68082],[-1.62691,53.68005],[-1.62585,53.67481],[-1.62351,53.67203],[-1.6141,53.662],[-1.63147,53.66112],[-1.64108,53.66198],[-1.6507,53.66122],[-1.67061,53.65624],[-1.68348,53.65196],[-1.69095,53.65247],[-1.69636,53.65583],[-1.70382,53.65644],[-1.70992,53.65868],[-1.72211,53.66397],[-1.71387,53.67505],[-1.72073,53.68593],[-1.69876,53.696],[-1.69344,53.7055],[-1.68571,53.70921]]]}},{"type":"Feature","properties":{"source_code":"B87017","codes":["B87017"],"label":"TRINITY MEDICAL CENTRE"},"geometry":{"type":"Polygon","coordinates":[[[-1.49551,53.7278],[-1.48848,53.72739],[-1.47783,53.72759],[-1.46753,53.72769],[-1.45964,53.72759],[-1.45826,53.72637],[-1.45929,53.72322],[-1.46238,53.71896],[-1.46942,53.71398],[-1.47303,53.71144],[-1.47492,53.70798],[-1.47577,53.70484],[-1.47955,53.70158],[-1.48401,53.69884],[-1.48453,53.69864],[-1.48697,53.69964],[-1.48599,53.69884],[-1.48114,53.69714],[-1.475,53.69625],[-1.47234,53.69447],[-1.46938,53.6902],[-1.46822,53.68583],[-1.46959,53.68276],[-1.47444,53.67556],[-1.4738,53.67416],[-1.47178,53.67254],[-1.46685,53.66961],[-1.4623,53.66918],[-1.45247,53.66692],[-1.44359,53.66613],[-1.42985,53.66621],[-1.42702,53.66341],[-1.41895,53.65891],[-1.41629,53.65475],[-1.41206,53.65284],[-1.41091,53.65171],[-1.4117,53.65069],[-1.41619,53.64873],[-1.42942,53.64713],[-1.46058,53.64225],[-1.46886,53.64252],[-1.47448,53.64031],[-1.48204,53.63805],[-1.4962,53.63428],[-1.50895,53.63067],[-1.52285,53.62672],[-1.52607,53.62716],[-1.53045,53.62932],[-1.5365,53.63919],[-1.53628,53.64051],[-1.53345,53.64377],[-1.54045,53.64632],[-1.54036,53.64736],[-1.53697,53.64782],[-1.53594,53.64848],[-1.53199,53.65013],[-1.5286,53.65179],[-1.5283,53.65311],[-1.52852,53.65525],[-1.52963,53.65713],[-1.5313,53.65883],[-1.535,53.66201],[-1.53676,53.66336],[-1.53804,53.66272],[-1.53959,53.66094],[-1.54336,53.65698],[-1.54693,53.657],[-1.55169,53.65667],[-1.5559,53.65667],[-1.55971,53.65743],[-1.56332,53.6583],[-1.5668,53.65898],[-1.56774,53.65906],[-1.57461,53.66473],[-1.58435,53.66979],[-1.59091,53.67401],[-1.59199,53.6765],[-1.59156,53.67843],[-1.59177,53.68184],[-1.59242,53.68588],[-1.59242,53.68781],[-1.59259,53.69244],[-1.59173,53.69328],[-1.5907,53.69363],[-1.58847,53.69437],[-1.58581,53.69447],[-1.58233,53.69389],[-1.5795,53.69246],[-1.57722,53.69099],[-1.57422,53.68906],[-1.5713,53.68817],[-1.56817,53.68784],[-1.56495,53.6874],[-1.55924,53.68708],[-1.55105,53.68608],[-1.54534,53.68613],[-1.54015,53.68893],[-1.54028,53.69066],[-1.54169,53.69223],[-1.54375,53.69384],[-1.54839,53.69518],[-1.55414,53.69838],[-1.55551,53.70108],[-1.55487,53.7024],[-1.55238,53.70557],[-1.55014,53.70786],[-1.54654,53.71086],[-1.54371,53.71238],[-1.54169,53.71314],[-1.53869,53.71426],[-1.53667,53.71495],[-1.53401,53.71611],[-1.53199,53.71734],[-1.5306,53.71745],[-1.53156,53.71784],[-1.52315,53.72109],[-1.51629,53.72526],[-1.51045,53.72972],[-1.49929,53.728],[-1.49551,53.7278]]]}},{"type":"Feature","properties":{"source_code":"B85652","codes":["B85652"],"label":"SIDINGS HEALTHCARE CENTRE"},"geometry":{"type":"Polygon","coordinates":[[[-1.6463,53.66715],[-1.64528,53.66375],[-1.64271,53.65831],[-1.64121,53.65279],[-1.63302,53.6552],[-1.62765,53.65736],[-1.62203,53.65932],[-1.61423,53.66134],[-1.61184,53.66181],[-1.60953,53.66242],[-1.61127,53.66277],[-1.64081,53.65336],[-1.65138,53.681],[-1.65184,53.68088],[-1.65191,53.68105],[-1.64877,53.6831],[-1.64494,53.68475],[-1.63684,53.68972],[-1.63093,53.68929],[-1.62656,53.69051],[-1.62564,53.68995],[-1.62318,53.68441],[-1.62359,53.68153],[-1.62105,53.67906],[-1.62281,53.6769],[-1.62804,53.67576],[-1.62317,53.67104],[-1.62029,53.66953],[-1.62016,53.66868],[-1.6205,53.66791],[-1.62015,53.66755],[-1.61925,53.66724],[-1.61743,53.66678],[-1.61711,53.66661],[-1.61769,53.66596],[-1.59271,53.66136],[-1.58214,53.65605],[-1.59374,53.65094],[-1.59893,53.6504],[-1.60859,53.64914],[-1.61513,53.64665],[-1.61925,53.64295],[-1.62921,53.63964],[-1.63642,53.63779],[-1.6402,53.63716],[-1.64251,53.6369],[-1.64711,53.63626],[-1.64957,53.6365],[-1.65162,53.63657],[-1.65367,53.63705],[-1.66646,53.63548],[-1.66844,53.63973],[-1.66891,53.64074],[-1.66769,53.64277],[-1.67146,53.65172],[-1.67368,53.65284],[-1.67514,53.65635],[-1.67522,53.66342],[-1.65707,53.67477],[-1.662,53.67956],[-1.65879,53.67972],[-1.65509,53.68],[-1.65184,53.68088],[-1.64875,53.67358],[-1.6463,53.66715]]]}},{"type":"Feature","properties":{"source_code":"B87031","codes":["B87031"],"label":"OSSETT SURGERY"},"geometry":{"type":"Polygon","coordinates":[[[-1.59182,53.70596],[-1.58941,53.7025],[-1.58752,53.69996],[-1.58632,53.69935],[-1.58452,53.69848],[-1.58237,53.69772],[-1.57877,53.69807],[-1.57637,53.696],[-1.57465,53.69538],[-1.57173,53.69488],[-1.56813,53.69427],[-1.56624,53.69366],[-1.56538,53.69386],[-1.56332,53.69254],[-1.56109,53.69051],[-1.55954,53.68939],[-1.55851,53.68807],[-1.558,53.68715],[-1.55825,53.68674],[-1.55628,53.68623],[-1.55593,53.68425],[-1.55516,53.68064],[-1.55345,53.67683],[-1.55181,53.67403],[-1.54915,53.67149],[-1.54418,53.66849],[-1.53945,53.66554],[-1.53508,53.66188],[-1.52916,53.65613],[-1.53353,53.65176],[-1.53928,53.65196],[-1.54289,53.65333],[-1.5446,53.65333],[-1.54503,53.65257],[-1.54503,53.65135],[-1.54538,53.65023],[-1.54692,53.64947],[-1.54838,53.64947],[-1.54975,53.64957],[-1.54975,53.65033],[-1.54881,53.65094],[-1.54838,53.65171],[-1.54898,53.65252],[-1.55104,53.65282],[-1.5549,53.65288],[-1.55602,53.65216],[-1.55817,53.65257],[-1.55954,53.65262],[-1.56108,53.65333],[-1.56117,53.6542],[-1.56117,53.65496],[-1.56237,53.65542],[-1.56495,53.65649],[-1.56838,53.65705],[-1.57198,53.65705],[-1.57353,53.6571],[-1.57473,53.65705],[-1.57645,53.6571],[-1.57662,53.65558],[-1.57439,53.65435],[-1.57636,53.65308],[-1.57825,53.65277],[-1.58177,53.65049],[-1.58461,53.65202],[-1.5889,53.65115],[-1.59276,53.65044],[-1.59791,53.6481],[-1.60006,53.64677],[-1.6013,53.64629],[-1.60272,53.64576],[-1.60409,53.64514],[-1.60495,53.64433],[-1.60675,53.64342],[-1.60864,53.64403],[-1.61095,53.64438],[-1.6125,53.6456],[-1.61121,53.64759],[-1.60924,53.64978],[-1.60787,53.65161],[-1.60701,53.65339],[-1.60606,53.65471],[-1.60469,53.6574],[-1.60434,53.65781],[-1.59903,53.65898],[-1.59542,53.6597],[-1.59508,53.66214],[-1.59473,53.66356],[-1.59507,53.66457],[-1.59791,53.6664],[-1.5973,53.66689],[-1.59627,53.66734],[-1.59477,53.66732],[-1.59353,53.66737],[-1.59318,53.66788],[-1.59353,53.66862],[-1.59473,53.66877],[-1.59576,53.66862],[-1.59722,53.66882],[-1.59786,53.66925],[-1.59786,53.66971],[-1.59851,53.6708],[-1.59962,53.67085],[-1.60091,53.6707],[-1.60241,53.67096],[-1.60417,53.67149],[-1.60481,53.67195],[-1.60602,53.67218],[-1.60795,53.67218],[-1.60988,53.67225],[-1.61177,53.67271],[-1.6137,53.67327],[-1.61447,53.67375],[-1.6149,53.67441],[-1.61507,53.67502],[-1.61499,53.6754],[-1.61499,53.67599],[-1.61546,53.67726],[-1.61593,53.67886],[-1.61623,53.67945],[-1.61666,53.67967],[-1.61765,53.6797],[-1.61898,53.67937],[-1.62022,53.67932],[-1.62147,53.6798],[-1.62237,53.68084],[-1.62237,53.6815],[-1.62202,53.68234],[-1.62155,53.68415],[-1.62142,53.68506],[-1.62198,53.68575],[-1.62297,53.68633],[-1.61928,53.6901],[-1.62426,53.69193],[-1.63034,53.69517],[-1.63044,53.69513],[-1.63241,53.6961],[-1.62838,53.70585],[-1.62632,53.70789],[-1.62443,53.70758],[-1.62426,53.70824],[-1.62254,53.70844],[-1.62143,53.70895],[-1.61679,53.70931],[-1.61405,53.70916],[-1.61113,53.70849],[-1.60812,53.70844],[-1.60555,53.70666],[-1.60589,53.70458],[-1.60635,53.7044],[-1.60627,53.70435],[-1.60555,53.70372],[-1.60524,53.70445],[-1.60023,53.70626],[-1.59834,53.7087],[-1.59485,53.71414],[-1.59404,53.71563],[-1.59329,53.71615],[-1.59259,53.71587],[-1.59254,53.71479],[-1.5925,53.71195],[-1.59199,53.709],[-1.59182,53.70596]]]}},{"type":"Feature","properties":{"source_code":"B87022","codes":["B87022"],"label":"HOMESTEAD"},"geometry":{"type":"Polygon","coordinates":[[[-1.50427,53.69485],[-1.50114,53.69447],[-1.49835,53.69572],[-1.49809,53.6961],[-1.4959,53.69615],[-1.49264,53.69625],[-1.49015,53.6964],[-1.48865,53.69622],[-1.48491,53.69592],[-1.4762,53.69544],[-1.46951,53.69437],[-1.46522,53.69386],[-1.46762,53.68604],[-1.47097,53.67762],[-1.47363,53.67538],[-1.47625,53.67185],[-1.47878,53.6706],[-1.4856,53.67299],[-1.48766,53.67348],[-1.48878,53.67411],[-1.48908,53.67411],[-1.48981,53.67363],[-1.49011,53.67266],[-1.50049,53.66732],[-1.50616,53.66763],[-1.51188,53.66814],[-1.51062,53.66773],[-1.51216,53.66621],[-1.51474,53.6656],[-1.51594,53.66458],[-1.51749,53.66458],[-1.51817,53.66651],[-1.51903,53.66824],[-1.5198,53.6687],[-1.52289,53.66885],[-1.52555,53.66895],[-1.52822,53.66931],[-1.52907,53.66931],[-1.52907,53.66778],[-1.52873,53.66671],[-1.52873,53.66605],[-1.53079,53.666],[-1.53259,53.666],[-1.5344,53.66442],[-1.53551,53.66371],[-1.53809,53.66397],[-1.53894,53.66264],[-1.54032,53.66127],[-1.54126,53.66015],[-1.54143,53.65934],[-1.54075,53.65756],[-1.54023,53.65639],[-1.54281,53.65675],[-1.54598,53.65695],[-1.5471,53.65715],[-1.54736,53.65624],[-1.54796,53.65598],[-1.55139,53.65624],[-1.55714,53.65695],[-1.56023,53.65771],[-1.56315,53.65832],[-1.56444,53.65842],[-1.56564,53.65832],[-1.56658,53.65868],[-1.56881,53.66097],[-1.57233,53.66417],[-1.57542,53.66682],[-1.57954,53.66956],[-1.58143,53.67083],[-1.58289,53.67312],[-1.58692,53.67566],[-1.58821,53.67704],[-1.58984,53.68064],[-1.59182,53.68181],[-1.59516,53.68314],[-1.59808,53.68359],[-1.60057,53.68598],[-1.60246,53.68817],[-1.59851,53.69066],[-1.59422,53.6935],[-1.59576,53.69559],[-1.59428,53.69511],[-1.59177,53.69696],[-1.58626,53.69782],[-1.58476,53.69796],[-1.58315,53.69739],[-1.58216,53.69626],[-1.58177,53.6954],[-1.58237,53.69413],[-1.5828,53.69387],[-1.58061,53.69295],[-1.57697,53.69061],[-1.57402,53.68848],[-1.56896,53.68683],[-1.56336,53.68639],[-1.56143,53.68687],[-1.55959,53.69017],[-1.55834,53.69439],[-1.55787,53.6978],[-1.55667,53.70057],[-1.55465,53.70349],[-1.55255,53.70639],[-1.54976,53.70898],[-1.5453,53.71225],[-1.5404,53.71449],[-1.53603,53.71647],[-1.53422,53.71682],[-1.52882,53.71926],[-1.52663,53.71827],[-1.5259,53.718],[-1.52628,53.71677],[-1.52577,53.71482],[-1.52633,53.71264],[-1.52581,53.70974],[-1.52547,53.70936],[-1.52143,53.70895],[-1.51976,53.70875],[-1.51684,53.70821],[-1.51431,53.7073],[-1.51131,53.70628],[-1.5083,53.70423],[-1.50607,53.70217],[-1.50543,53.70001],[-1.50551,53.69927],[-1.50543,53.69803],[-1.50478,53.69564],[-1.50427,53.69485]]]}},{"type":"Feature","properties":{"source_code":"B87004","codes":["B87004"],"label":"WARRENGATE MEDICAL CENTRE"},"geometry":{"type":"Polygon","coordinates":[[[-1.53474,53.71591],[-1.52328,53.72193],[-1.50174,53.71858],[-1.49749,53.71789],[-1.49676,53.71741],[-1.49659,53.71685],[-1.49517,53.7167],[-1.49311,53.71632],[-1.49135,53.71632],[-1.48899,53.71639],[-1.48732,53.71637],[-1.48637,53.71672],[-1.48461,53.71711],[-1.48234,53.71716],[-1.47933,53.717],[-1.47607,53.71675],[-1.45904,53.7233],[-1.44951,53.72046],[-1.44942,53.71878],[-1.44998,53.71779],[-1.46569,53.71182],[-1.46749,53.70136],[-1.46668,53.69335],[-1.46745,53.6888],[-1.46908,53.68293],[-1.47221,53.67843],[-1.47264,53.66959],[-1.47157,53.66659],[-1.47101,53.65906],[-1.47217,53.65548],[-1.4768,53.65013],[-1.47745,53.64598],[-1.47852,53.64392],[-1.48024,53.6427],[-1.48337,53.64042],[-1.48852,53.63843],[-1.49169,53.63853],[-1.49612,53.63937],[-1.49847,53.64016],[-1.50084,53.63993],[-1.50465,53.63917],[-1.50624,53.63845],[-1.50839,53.63772],[-1.50852,53.63728],[-1.50925,53.63708],[-1.51384,53.63545],[-1.51474,53.63563],[-1.51573,53.63609],[-1.51568,53.6369],[-1.51586,53.63772],[-1.51702,53.63868],[-1.51839,53.64008],[-1.52019,53.64115],[-1.52191,53.64293],[-1.5259,53.6423],[-1.52929,53.64164],[-1.53032,53.64087],[-1.53397,53.64031],[-1.53684,53.63978],[-1.5353,53.64153],[-1.53182,53.6451],[-1.52959,53.64876],[-1.52864,53.65059],[-1.52796,53.65354],[-1.52873,53.65598],[-1.53216,53.65995],[-1.5362,53.66346],[-1.54186,53.66743],[-1.54581,53.66976],[-1.55036,53.67292],[-1.55285,53.67673],[-1.55508,53.68268],[-1.55731,53.69147],[-1.55774,53.69452],[-1.5574,53.69727],[-1.5556,53.70113],[-1.55362,53.70392],[-1.5507,53.70778],[-1.54693,53.71063],[-1.54341,53.71256],[-1.5398,53.71373],[-1.53474,53.71591]]]}},{"type":"Feature","properties":{"source_code":"B85645","codes":["B85645"],"label":"SAVILE TOWN MEDICAL CTR."},"geometry":{"type":"Polygon","coordinates":[[[-1.62014,53.68766],[-1.61173,53.6778],[-1.62821,53.67119],[-1.64434,53.68217],[-1.65241,53.6827],[-1.65455,53.68525],[-1.64898,53.68867],[-1.64842,53.69171],[-1.64083,53.69424],[-1.64537,53.70003],[-1.64479,53.70139],[-1.64136,53.70208],[-1.63919,53.70299],[-1.63631,53.70348],[-1.63158,53.69836],[-1.62014,53.68766]]]}},{"type":"Feature","properties":{"source_code":"B85004","codes":["B85004"],"label":"CALDER VIEW SURGERY"},"geometry":{"type":"Polygon","coordinates":[[[-1.6507,53.70971],[-1.65001,53.70565],[-1.58478,53.69589],[-1.61636,53.66295],[-1.66821,53.67332],[-1.6507,53.70971]]]}},{"type":"Feature","properties":{"source_code":"B85020","codes":["B85020"],"label":"EIGHTLANDS SURGERY"},"geometry":{"type":"Polygon","coordinates":[[[-1.63303,53.67018],[-1.63399,53.67042],[-1.63571,53.67081],[-1.63822,53.67136],[-1.64337,53.67232],[-1.64558,53.67329],[-1.64628,53.67354],[-1.64848,53.67377],[-1.65152,53.67407],[-1.65734,53.67468],[-1.65783,53.67528],[-1.6584,53.67604],[-1.65963,53.67735],[-1.66085,53.6788],[-1.66119,53.67918],[-1.66144,53.67948],[-1.66165,53.67947],[-1.66307,53.67953],[-1.66374,53.67912],[-1.67112,53.68288],[-1.67743,53.68683],[-1.67735,53.69655],[-1.67763,53.70189],[-1.67586,53.70288],[-1.67536,53.70375],[-1.67561,53.70434],[-1.67379,53.7053],[-1.67427,53.70599],[-1.67448,53.70663],[-1.67451,53.7072],[-1.67357,53.70722],[-1.67227,53.70736],[-1.67107,53.70783],[-1.67007,53.7081],[-1.6678,53.70856],[-1.66553,53.70899],[-1.66421,53.70909],[-1.66263,53.70931],[-1.66137,53.70933],[-1.65927,53.71101],[-1.65825,53.7114],[-1.65409,53.71209],[-1.65016,53.71273],[-1.64816,53.71265],[-1.64681,53.71228],[-1.64447,53.71211],[-1.64278,53.71224],[-1.64095,53.71258],[-1.6402,53.71369],[-1.63841,53.7149],[-1.63761,53.71521],[-1.63476,53.71709],[-1.6302,53.71523],[-1.62762,53.71362],[-1.62723,53.71307],[-1.62774,53.71364],[-1.62682,53.7125],[-1.62684,53.71196],[-1.62694,53.7109],[-1.62681,53.71006],[-1.62631,53.71002],[-1.62581,53.70989],[-1.62495,53.70925],[-1.62356,53.70848],[-1.62226,53.70844],[-1.62124,53.7089],[-1.6151,53.70926],[-1.61289,53.70872],[-1.61065,53.70842],[-1.6089,53.70837],[-1.60817,53.70826],[-1.60717,53.70793],[-1.60611,53.70725],[-1.60575,53.70658],[-1.60558,53.70586],[-1.60579,53.70445],[-1.6056,53.70391],[-1.60506,53.70315],[-1.60386,53.70188],[-1.60303,53.70142],[-1.60178,53.70081],[-1.60067,53.70011],[-1.59969,53.69933],[-1.5958,53.69614],[-1.5939,53.69475],[-1.59222,53.69328],[-1.59101,53.69264],[-1.58915,53.69151],[-1.59171,53.69147],[-1.5947,53.69138],[-1.59514,53.69092],[-1.59731,53.68956],[-1.59669,53.68927],[-1.5963,53.68925],[-1.59589,53.6894],[-1.59542,53.68969],[-1.59481,53.68977],[-1.594,53.68947],[-1.59405,53.68874],[-1.59492,53.68767],[-1.59563,53.68737],[-1.59646,53.6867],[-1.59774,53.68527],[-1.59866,53.68371],[-1.6085,53.67968],[-1.6092,53.67911],[-1.61036,53.67862],[-1.61201,53.67773],[-1.61563,53.67556],[-1.62289,53.67125],[-1.6232,53.67106],[-1.62371,53.67123],[-1.62443,53.67139],[-1.62535,53.67136],[-1.62596,53.67127],[-1.62736,53.67099],[-1.62865,53.67077],[-1.6295,53.67066],[-1.63303,53.67018]]]}},{"type":"Feature","properties":{"source_code":"B87604","codes":["B87604"],"label":"EASTMOOR HEALTH CENTRE"},"geometry":{"type":"Polygon","coordinates":[[[-1.49401,53.70141],[-1.48397,53.70016],[-1.48062,53.6993],[-1.47393,53.6978],[-1.46964,53.69589],[-1.46732,53.69051],[-1.46702,53.68954],[-1.46908,53.68301],[-1.47079,53.68214],[-1.47612,53.68121],[-1.48144,53.68011],[-1.48976,53.67836],[-1.49208,53.67777],[-1.49272,53.67749],[-1.49388,53.67699],[-1.49543,53.67693],[-1.49779,53.67693],[-1.50041,53.67744],[-1.50217,53.67823],[-1.50367,53.67968],[-1.50478,53.68103],[-1.50667,53.68367],[-1.50882,53.68626],[-1.51049,53.68855],[-1.51156,53.69033],[-1.51259,53.6913],[-1.51362,53.69307],[-1.51294,53.69475],[-1.50976,53.70016],[-1.50457,53.70156],[-1.50105,53.70209],[-1.49401,53.70141]]]}},{"type":"Feature","properties":{"source_code":"B87027","codes":["B87027"],"label":"NEW SOUTHGATE SURGERY"},"geometry":{"type":"Polygon","coordinates":[[[-1.52882,53.65041],[-1.55989,53.65877],[-1.55886,53.6594],[-1.5583,53.65983],[-1.55789,53.66015],[-1.55863,53.66039],[-1.56004,53.66107],[-1.56169,53.66158],[-1.56251,53.66182],[-1.56422,53.66206],[-1.56603,53.66279],[-1.56741,53.66379],[-1.56857,53.6648],[-1.56885,53.66594],[-1.57074,53.66699],[-1.56976,53.66774],[-1.56911,53.66861],[-1.56877,53.66915],[-1.56877,53.66951],[-1.56952,53.67224],[-1.56975,53.67313],[-1.57242,53.6748],[-1.56914,53.67602],[-1.56664,53.67675],[-1.56355,53.67739],[-1.56051,53.67822],[-1.55756,53.67884],[-1.5547,53.67969],[-1.55206,53.68086],[-1.54965,53.68192],[-1.55245,53.6833],[-1.55385,53.68402],[-1.55538,53.68438],[-1.55672,53.68976],[-1.55585,53.68987],[-1.55499,53.69019],[-1.55383,53.69043],[-1.55267,53.69083],[-1.55116,53.69123],[-1.54885,53.69138],[-1.54782,53.69261],[-1.54671,53.69363],[-1.54461,53.69579],[-1.54573,53.69626],[-1.5466,53.69678],[-1.54866,53.69791],[-1.55004,53.69863],[-1.55079,53.69904],[-1.55142,53.6995],[-1.55214,53.70069],[-1.55281,53.70156],[-1.54861,53.7025],[-1.54651,53.70295],[-1.54441,53.70353],[-1.54342,53.70447],[-1.54212,53.70524],[-1.54046,53.70567],[-1.53932,53.70612],[-1.53798,53.70668],[-1.53734,53.70697],[-1.53669,53.70711],[-1.53504,53.7073],[-1.53335,53.70768],[-1.53227,53.70769],[-1.53129,53.70747],[-1.52953,53.70828],[-1.52802,53.70876],[-1.52669,53.70937],[-1.52194,53.7088],[-1.52002,53.70856],[-1.51727,53.70802],[-1.5161,53.70981],[-1.51531,53.71003],[-1.5138,53.70982],[-1.51326,53.71015],[-1.48418,53.69938],[-1.49027,53.69507],[-1.49166,53.69414],[-1.49583,53.69113],[-1.50294,53.6861],[-1.50799,53.67859],[-1.51132,53.67373],[-1.47727,53.664],[-1.48015,53.65934],[-1.48219,53.65627],[-1.48996,53.64904],[-1.49697,53.64262],[-1.51352,53.65179],[-1.51724,53.65385],[-1.52052,53.66055],[-1.52753,53.67052],[-1.5311,53.67562],[-1.53114,53.67576],[-1.5347,53.68873],[-1.53206,53.70063],[-1.53473,53.68866],[-1.53114,53.67576],[-1.5311,53.67562],[-1.5311,53.67562],[-1.53108,53.67555],[-1.52753,53.67052],[-1.52064,53.66064],[-1.5173,53.65388],[-1.51352,53.65179],[-1.49698,53.64261],[-1.49697,53.64262],[-1.4969,53.64258],[-1.48996,53.64904],[-1.48202,53.65631],[-1.48015,53.65934],[-1.47703,53.66403],[-1.51114,53.67391],[-1.50799,53.67859],[-1.50289,53.68604],[-1.49583,53.69113],[-1.49027,53.69507],[-1.48394,53.69929],[-1.48418,53.69938],[-1.48414,53.6994],[-1.48367,53.69923],[-1.48071,53.70183],[-1.48414,53.6994],[-1.49985,53.70526],[-1.51324,53.71016],[-1.51026,53.71192],[-1.5087,53.71279],[-1.50697,53.71357],[-1.49903,53.71725],[-1.49783,53.71721],[-1.49641,53.71725],[-1.49637,53.71687],[-1.49317,53.71627],[-1.49057,53.71638],[-1.48798,53.71633],[-1.48652,53.71663],[-1.48506,53.71707],[-1.48346,53.71713],[-1.48019,53.71708],[-1.47873,53.71693],[-1.47756,53.71684],[-1.47657,53.71687],[-1.476,53.71669],[-1.4765,53.71605],[-1.47644,53.71581],[-1.47698,53.71558],[-1.47865,53.71427],[-1.47834,53.7129],[-1.47886,53.71265],[-1.47913,53.71236],[-1.47882,53.71187],[-1.47806,53.71123],[-1.47757,53.7097],[-1.47686,53.70818],[-1.47553,53.70739],[-1.47587,53.70588],[-1.47666,53.70529],[-1.47758,53.70474],[-1.47781,53.70454],[-1.47797,53.70372],[-1.47844,53.70282],[-1.47695,53.70251],[-1.47543,53.70208],[-1.47301,53.70213],[-1.47206,53.70187],[-1.47098,53.70169],[-1.47015,53.7017],[-1.46931,53.70173],[-1.46769,53.70186],[-1.46661,53.70204],[-1.46562,53.7023],[-1.46436,53.70271],[-1.46387,53.70296],[-1.46235,53.70241],[-1.46415,53.69726],[-1.46813,53.68431],[-1.46875,53.68203],[-1.46953,53.67978],[-1.47078,53.67755],[-1.47133,53.67644],[-1.47243,53.67554],[-1.47493,53.67486],[-1.47743,53.67433],[-1.4805,53.6739],[-1.48113,53.67389],[-1.48176,53.67392],[-1.48245,53.67398],[-1.48321,53.6741],[-1.48402,53.67437],[-1.48484,53.67492],[-1.48657,53.67568],[-1.48842,53.67627],[-1.48935,53.67649],[-1.49027,53.67653],[-1.48973,53.6757],[-1.48906,53.67488],[-1.48833,53.6742],[-1.48727,53.67364],[-1.48474,53.67275],[-1.48164,53.67148],[-1.47827,53.67045],[-1.47506,53.66933],[-1.47326,53.66887],[-1.47151,53.66856],[-1.46878,53.66829],[-1.46605,53.66782],[-1.46647,53.66724],[-1.46658,53.66681],[-1.46608,53.66629],[-1.46483,53.66574],[-1.46515,53.66517],[-1.46462,53.66458],[-1.46546,53.66395],[-1.4656,53.66208],[-1.46625,53.66092],[-1.46615,53.65929],[-1.46738,53.65674],[-1.46783,53.65634],[-1.46862,53.65509],[-1.46911,53.65416],[-1.46939,53.65322],[-1.46973,53.65129],[-1.46851,53.65127],[-1.46729,53.65134],[-1.4665,53.65006],[-1.46517,53.64845],[-1.46737,53.64759],[-1.46878,53.64718],[-1.47024,53.64722],[-1.47002,53.64485],[-1.4709,53.64401],[-1.472,53.6432],[-1.47406,53.64167],[-1.47529,53.64099],[-1.47614,53.64061],[-1.47687,53.6404],[-1.47952,53.63938],[-1.4812,53.63868],[-1.48326,53.63851],[-1.48766,53.63739],[-1.49217,53.63644],[-1.49477,53.63754],[-1.49565,53.63789],[-1.49641,53.63831],[-1.49732,53.63813],[-1.49779,53.6381],[-1.49827,53.63819],[-1.49827,53.63896],[-1.49847,53.6401],[-1.49862,53.64113],[-1.49906,53.64034],[-1.50112,53.63984],[-1.50279,53.63957],[-1.50521,53.63899],[-1.50588,53.63871],[-1.50645,53.63838],[-1.5079,53.6379],[-1.50891,53.63713],[-1.51393,53.6354],[-1.51562,53.63602],[-1.51571,53.63664],[-1.51559,53.63712],[-1.51613,53.63802],[-1.51707,53.63877],[-1.51846,53.63999],[-1.5202,53.64115],[-1.52191,53.64287],[-1.52243,53.64366],[-1.52199,53.64381],[-1.52186,53.64411],[-1.52279,53.64503],[-1.52327,53.64553],[-1.52395,53.64606],[-1.5249,53.64679],[-1.5265,53.64757],[-1.52725,53.64856],[-1.52816,53.64958],[-1.52853,53.65006],[-1.52882,53.65041]]]}},{"type":"Feature","properties":{"source_code":"B87015","codes":["B87015"],"label":"STUART ROAD"},"geometry":{"type":"Polygon","coordinates":[[[-1.37466,53.67678],[-1.29639,53.715],[-1.2442,53.70687],[-1.27785,53.69874],[-1.26205,53.67922],[-1.26823,53.65807],[-1.33484,53.63568],[-1.37466,53.67678]]]}},{"type":"Feature","properties":{"source_code":"B85620","codes":["B85620"],"label":"WINDSOR MEDICAL CENTRE"},"geometry":{"type":"Polygon","coordinates":[[[-1.5786,53.71652],[-1.58735,53.70458],[-1.59156,53.69861],[-1.59199,53.69284],[-1.6083,53.67261],[-1.61988,53.66748],[-1.63147,53.66753],[-1.6437,53.66913],[-1.65593,53.67205],[-1.66512,53.67607],[-1.67044,53.6779],[-1.6761,53.68227],[-1.68048,53.68568],[-1.68022,53.69071],[-1.67507,53.69803],[-1.66546,53.70565],[-1.65396,53.71032],[-1.64143,53.71357],[-1.62563,53.71512],[-1.61036,53.71616],[-1.59542,53.7168],[-1.5786,53.71652]]]}},{"type":"Feature","properties":{"source_code":"B87007","codes":["B87007"],"label":"NORTHGATE SURGERY"},"geometry":{"type":"MultiPolygon","coordinates":[[[[-1.19823,53.66673],[-1.19825,53.66673],[-1.19819,53.66672],[-1.19823,53.66673]]],[[[-1.19823,53.66673],[-1.19276,53.66441],[-1.18938,53.66119],[-1.19098,53.65642],[-1.19281,53.65058],[-1.19476,53.64542],[-1.1959,53.63205],[-1.20969,53.6392],[-1.22071,53.64034],[-1.22383,53.64066],[-1.22836,53.63962],[-1.23599,53.63675],[-1.2425,53.63546],[-1.2485,53.63094],[-1.28686,53.63011],[-1.30261,53.63194],[-1.32112,53.63122],[-1.33107,53.63921],[-1.33673,53.64076],[-1.33681,53.64072],[-1.33685,53.64355],[-1.33241,53.647],[-1.335,53.65585],[-1.34178,53.66068],[-1.35307,53.66614],[-1.35082,53.67152],[-1.3521,53.67421],[-1.35583,53.67921],[-1.35494,53.68232],[-1.35588,53.68713],[-1.35909,53.69218],[-1.36036,53.69394],[-1.35915,53.69267],[-1.19823,53.66673]]],[[[-1.36036,53.69394],[-1.36219,53.69584],[-1.36625,53.70059],[-1.36772,53.70407],[-1.36036,53.69394]]],[[[-1.36819,53.70518],[-1.36772,53.70407],[-1.36859,53.70527],[-1.36819,53.70518]]],[[[-1.31046,53.69793],[-1.27476,53.68886],[-1.22679,53.67601],[-1.20656,53.67025],[-1.19825,53.66673],[-1.36819,53.70518],[-1.36828,53.7054],[-1.36757,53.70761],[-1.35968,53.71155],[-1.31046,53.69793]]],[[[-1.22679,53.67601],[-1.24852,53.68219],[-1.27476,53.68886],[-1.35967,53.71155],[-1.35968,53.71155],[-1.35977,53.71157],[-1.35336,53.71463],[-1.34328,53.71636],[-1.3252,53.71642],[-1.31684,53.71705],[-1.3082,53.71696],[-1.28068,53.71363],[-1.27111,53.71487],[-1.26495,53.72402],[-1.26429,53.73358],[-1.25991,53.74825],[-1.25347,53.75196],[-1.25193,53.75724],[-1.25201,53.76038],[-1.24296,53.76196],[-1.2374,53.76234],[-1.22878,53.7606],[-1.22225,53.76024],[-1.21623,53.76148],[-1.20567,53.76271],[-1.19249,53.76494],[-1.18453,53.76596],[-1.18372,53.76175],[-1.18258,53.75795],[-1.18249,53.7547],[-1.18687,53.7547],[-1.19227,53.7547],[-1.1979,53.7548],[-1.19985,53.74927],[-1.19774,53.74528],[-1.20045,53.74147],[-1.19666,53.73732],[-1.18207,53.7256],[-1.16704,53.71812],[-1.16468,53.71468],[-1.16075,53.70991],[-1.16102,53.70824],[-1.15851,53.70716],[-1.15738,53.70506],[-1.15487,53.70266],[-1.15477,53.69904],[-1.15576,53.69417],[-1.15386,53.6898],[-1.15874,53.68955],[-1.1629,53.68932],[-1.17288,53.69348],[-1.18062,53.69458],[-1.19584,53.69236],[-1.22111,53.6868],[-1.21841,53.68464],[-1.21483,53.68142],[-1.20926,53.67473],[-1.20871,53.67189],[-1.20276,53.66956],[-1.22679,53.67601]]]]}},{"type":"Feature","properties":{"source_code":"B87033","codes":["B87033"],"label":"NEWLAND SURGERY"},"geometry":{"type":"Polygon","coordinates":[[[-1.47243,53.6688],[-1.46818,53.67154],[-1.47028,53.67302],[-1.47213,53.67434],[-1.47217,53.67561],[-1.46067,53.70827],[-1.45826,53.71116],[-1.45333,53.71256],[-1.44041,53.71406],[-1.43509,53.71515],[-1.42599,53.71949],[-1.42488,53.71992],[-1.41367,53.7218],[-1.40595,53.72135],[-1.39981,53.71926],[-1.39805,53.71967],[-1.39642,53.72241],[-1.39526,53.72348],[-1.38067,53.72711],[-1.37973,53.72653],[-1.3787,53.7251],[-1.37599,53.71868],[-1.36411,53.71505],[-1.36428,53.71429],[-1.36703,53.71261],[-1.36745,53.70626],[-1.37003,53.70346],[-1.3696,53.70275],[-1.37484,53.69396],[-1.37415,53.69279],[-1.37518,53.68705],[-1.37655,53.68156],[-1.37801,53.67622],[-1.3829,53.67556],[-1.39355,53.67541],[-1.41149,53.67526],[-1.41432,53.67556],[-1.42273,53.67485],[-1.42925,53.6749],[-1.43354,53.67363],[-1.44307,53.67343],[-1.44419,53.67261],[-1.44668,53.672],[-1.45234,53.6716],[-1.46479,53.66946],[-1.46805,53.66804],[-1.47243,53.6688]]]}},{"type":"Feature","properties":{"source_code":"B85646","codes":["B85646"],"label":"THE ALBION MOUNT MEDICAL PRACTICE"},"geometry":{"type":"Polygon","coordinates":[[[-1.63559,53.71825],[-1.58958,53.69345],[-1.59954,53.66234],[-1.60606,53.65725],[-1.63971,53.65746],[-1.71867,53.68288],[-1.68674,53.71012],[-1.63559,53.71825]]]}},{"type":"Feature","properties":{"source_code":"B85055","codes":["B85055"],"label":"HEALDS ROAD SURGERY"},"geometry":{"type":"Polygon","coordinates":[[[-1.69395,53.71012],[-1.64692,53.73226],[-1.60263,53.72291],[-1.61362,53.67333],[-1.67336,53.68166],[-1.69361,53.69691],[-1.69395,53.71012]]]}},{"type":"Feature","properties":{"source_code":"B87039","codes":["B87039"],"label":"KING'S MEDICAL PRACTICE"},"geometry":{"type":"Polygon","coordinates":[[[-1.37878,53.68227],[-1.39063,53.6812],[-1.39938,53.68532],[-1.41565,53.68202],[-1.43191,53.68156],[-1.44844,53.67134],[-1.48899,53.67983],[-1.47903,53.69742],[-1.45947,53.70484],[-1.44187,53.71256],[-1.42144,53.71616],[-1.40093,53.72023],[-1.39295,53.7171],[-1.37621,53.71855],[-1.3717,53.71561],[-1.37286,53.71266],[-1.35861,53.6933],[-1.37878,53.68227]]]}},{"type":"Feature","properties":{"source_code":"B87602","codes":["B87602"],"label":"PATIENCE LANE SURGERY"},"geometry":{"type":"Polygon","coordinates":[[[-1.40672,53.72165],[-1.4017,53.72134],[-1.38999,53.72145],[-1.38282,53.72048],[-1.37595,53.71873],[-1.37269,53.71624],[-1.36926,53.71441],[-1.36771,53.7138],[-1.36818,53.71291],[-1.36951,53.70796],[-1.37797,53.7053],[-1.38175,53.70433],[-1.38518,53.70196],[-1.38805,53.70026],[-1.39007,53.69932],[-1.39072,53.69439],[-1.39033,53.68939],[-1.39037,53.68581],[-1.39041,53.68296],[-1.3911,53.67516],[-1.39282,53.67551],[-1.39484,53.6747],[-1.39711,53.67371],[-1.4026,53.67238],[-1.40539,53.67126],[-1.40947,53.6689],[-1.41217,53.66816],[-1.41492,53.66758],[-1.41655,53.66687],[-1.43234,53.66689],[-1.44796,53.66689],[-1.45702,53.67053],[-1.46384,53.67284],[-1.47187,53.67546],[-1.46981,53.68512],[-1.46899,53.68809],[-1.46911,53.68925],[-1.47135,53.68852],[-1.47788,53.68832],[-1.48135,53.68812],[-1.48526,53.68781],[-1.48805,53.68855],[-1.48577,53.6918],[-1.48457,53.69556],[-1.48466,53.69655],[-1.48474,53.6992],[-1.48221,53.70029],[-1.48058,53.70158],[-1.47882,53.70283],[-1.47762,53.7027],[-1.47745,53.70244],[-1.4774,53.7027],[-1.4756,53.70199],[-1.47423,53.70212],[-1.47285,53.70207],[-1.47131,53.70171],[-1.46908,53.70163],[-1.4665,53.70204],[-1.46436,53.70278],[-1.46247,53.70397],[-1.46195,53.7041],[-1.4611,53.7075],[-1.45916,53.71025],[-1.45419,53.71236],[-1.44878,53.71302],[-1.44273,53.7138],[-1.43775,53.71446],[-1.43286,53.71606],[-1.42942,53.71782],[-1.42608,53.71952],[-1.41887,53.72124],[-1.41406,53.72178],[-1.41166,53.7217],[-1.40672,53.72165]],[[-1.47057,53.69167],[-1.46912,53.6894],[-1.46916,53.6898],[-1.47057,53.69167]]]}},{"type":"Feature","properties":{"source_code":"B85012","codes":["B85012"],"label":"UNDERCLIFFE SURGERY"},"geometry":{"type":"MultiPolygon","coordinates":[[[[-1.59388,53.7149],[-1.59387,53.71491],[-1.59388,53.71489],[-1.59388,53.7149]]],[[[-1.59388,53.7149],[-1.59601,53.71167],[-1.59788,53.7088],[-1.59999,53.706],[-1.60199,53.70463],[-1.60555,53.70326],[-1.61246,53.69993],[-1.61559,53.69784],[-1.61121,53.6952],[-1.60847,53.6919],[-1.61311,53.69116],[-1.61655,53.6901],[-1.61827,53.68969],[-1.61998,53.69],[-1.62518,53.69181],[-1.62686,53.69072],[-1.62885,53.68997],[-1.63179,53.6892],[-1.63473,53.6893],[-1.63782,53.68952],[-1.64559,53.68462],[-1.65413,53.68004],[-1.66121,53.67978],[-1.67481,53.67536],[-1.67662,53.67481],[-1.67829,53.67512],[-1.67774,53.67605],[-1.67894,53.67724],[-1.68255,53.67994],[-1.68612,53.68266],[-1.68846,53.6838],[-1.68908,53.68549],[-1.69011,53.68694],[-1.69066,53.68771],[-1.69156,53.68808],[-1.69592,53.69022],[-1.69773,53.69163],[-1.69861,53.69304],[-1.69958,53.69617],[-1.70323,53.69341],[-1.70515,53.69226],[-1.70767,53.69121],[-1.71408,53.68992],[-1.71094,53.69161],[-1.71047,53.69334],[-1.71316,53.69612],[-1.71632,53.69756],[-1.72018,53.69833],[-1.72188,53.69958],[-1.71771,53.7025],[-1.71468,53.70205],[-1.71403,53.70516],[-1.71476,53.70647],[-1.71488,53.70762],[-1.71512,53.7094],[-1.71455,53.71081],[-1.71466,53.71202],[-1.72078,53.71241],[-1.7203,53.715],[-1.71498,53.71825],[-1.71483,53.71916],[-1.71546,53.72052],[-1.71687,53.72289],[-1.71215,53.72333],[-1.71215,53.72658],[-1.71756,53.72993],[-1.72022,53.73155],[-1.72417,53.7349],[-1.72395,53.73602],[-1.72279,53.73612],[-1.71318,53.73673],[-1.70722,53.74143],[-1.70335,53.74341],[-1.6991,53.74445],[-1.69616,53.743],[-1.69254,53.74186],[-1.68812,53.7412],[-1.68431,53.74097],[-1.6805,53.74135],[-1.67297,53.74247],[-1.65825,53.7448],[-1.64632,53.74653],[-1.64404,53.74647],[-1.64262,53.74646],[-1.64132,53.74644],[-1.64079,53.74599],[-1.64007,53.7455],[-1.63997,53.7455],[-1.63997,53.74551],[-1.63984,53.74551],[-1.63897,53.74553],[-1.63874,53.74621],[-1.63751,53.7462],[-1.6348,53.74582],[-1.6322,53.7453],[-1.63078,53.74526],[-1.63216,53.74529],[-1.63126,53.74511],[-1.62907,53.74526],[-1.62611,53.74305],[-1.62452,53.74018],[-1.6204,53.73665],[-1.61465,53.73389],[-1.60383,53.73033],[-1.60388,53.73028],[-1.59473,53.72498],[-1.59362,53.72314],[-1.59027,53.72114],[-1.59362,53.71545],[-1.59353,53.71543],[-1.59383,53.71505],[-1.59388,53.7149]]]]}},{"type":"Feature","properties":{"source_code":"B85014","codes":["B85014"],"label":"BROOKROYD HOUSE"},"geometry":{"type":"Polygon","coordinates":[[[-1.71296,53.73088],[-1.71362,53.7305],[-1.71114,53.73095],[-1.71296,53.73088],[-1.71292,53.73091],[-1.71011,53.73163],[-1.70475,53.73182],[-1.70766,53.73129],[-1.69048,53.73228],[-1.67776,53.73503],[-1.66469,53.72985],[-1.64731,53.72185],[-1.63536,53.71642],[-1.64058,53.71241],[-1.63909,53.69693],[-1.64168,53.69603],[-1.63831,53.69673],[-1.63943,53.69564],[-1.63836,53.69671],[-1.64172,53.69602],[-1.67587,53.68419],[-1.68233,53.68381],[-1.68562,53.68255],[-1.69067,53.68765],[-1.69802,53.69288],[-1.70187,53.69447],[-1.702,53.69438],[-1.7038,53.6956],[-1.71432,53.70185],[-1.7151,53.70738],[-1.71403,53.71208],[-1.72103,53.71241],[-1.7282,53.71614],[-1.73098,53.7166],[-1.73505,53.71627],[-1.74069,53.71759],[-1.7299,53.72178],[-1.72609,53.7225],[-1.72709,53.72515],[-1.71687,53.72695],[-1.71671,53.72827],[-1.71695,53.72988],[-1.71371,53.73048],[-1.71309,53.73088],[-1.71296,53.73088]]]}},{"type":"Feature","properties":{"source_code":"B85041","codes":["B85041"],"label":"MOUNT PLEASANT MED CENTRE"},"geometry":{"type":"Polygon","coordinates":[[[-1.63765,53.7089],[-1.63971,53.72434],[-1.55388,53.66254],[-1.69739,53.67271],[-1.70494,53.71987],[-1.6404,53.72353],[-1.63765,53.7089]]]}},{"type":"Feature","properties":{"source_code":"B85619","codes":["B85619"],"label":"COOK LANE SURGERY"},"geometry":{"type":"Polygon","coordinates":[[[-1.69468,53.73316],[-1.58409,53.71215],[-1.61018,53.68288],[-1.67747,53.67353],[-1.73035,53.68979],[-1.75369,53.71256],[-1.74782,53.73225],[-1.75884,53.73206],[-1.74753,53.73322],[-1.74751,53.73328],[-1.74699,53.73328],[-1.71936,53.73612],[-1.6967,53.75521],[-1.63834,53.73409],[-1.69468,53.73316]]]}},{"type":"Feature","properties":{"source_code":"B87013","codes":["B87013"],"label":"OUTWOOD PARK MEDICAL CENTRE"},"geometry":{"type":"Polygon","coordinates":[[[-1.51646,53.72597],[-1.50075,53.7246],[-1.46393,53.72312],[-1.4614,53.72261],[-1.45714,53.7209],[-1.45211,53.71818],[-1.47449,53.71132],[-1.47663,53.70561],[-1.47859,53.70308],[-1.48124,53.70096],[-1.48474,53.69889],[-1.48461,53.69726],[-1.48487,53.69348],[-1.49407,53.69328],[-1.49572,53.69161],[-1.49854,53.69051],[-1.50119,53.68947],[-1.507,53.68814],[-1.51111,53.69152],[-1.53221,53.69171],[-1.53337,53.69033],[-1.53661,53.69211],[-1.53882,53.69297],[-1.54025,53.69444],[-1.54219,53.69525],[-1.54464,53.69576],[-1.55549,53.70078],[-1.55306,53.70476],[-1.54641,53.71078],[-1.53276,53.71611],[-1.51646,53.72597]]]}},{"type":"Feature","properties":{"source_code":"B85018","codes":["B85018"],"label":"GROVE HOUSE SURGERY"},"geometry":{"type":"Polygon","coordinates":[[[-1.62967,53.72267],[-1.56358,53.72962],[-1.56358,53.70926],[-1.60109,53.70037],[-1.65147,53.69843],[-1.66391,53.70915],[-1.68563,53.71063],[-1.62967,53.72267]]]}},{"type":"Feature","properties":{"source_code":"B85612","codes":["B85612"],"label":"LIVERSEDGE MEDICAL CENTRE"},"geometry":{"type":"Polygon","coordinates":[[[-1.7022,53.68004],[-1.74854,53.72657],[-1.67233,53.73348],[-1.62838,53.69081],[-1.7022,53.68004]]]}},{"type":"Feature","properties":{"source_code":"B87019","codes":["B87019"],"label":"STANLEY"},"geometry":{"type":"Polygon","coordinates":[[[-1.50564,53.76046],[-1.49058,53.75868],[-1.47534,53.75922],[-1.44805,53.75957],[-1.44329,53.7566],[-1.44015,53.75465],[-1.44123,53.74569],[-1.44554,53.74304],[-1.44299,53.7284],[-1.43702,53.72669],[-1.4343,53.72543],[-1.43221,53.72391],[-1.41479,53.70997],[-1.42264,53.70688],[-1.42934,53.70613],[-1.43117,53.7074],[-1.43605,53.70714],[-1.43732,53.70722],[-1.4658,53.69669],[-1.47341,53.69272],[-1.47974,53.69263],[-1.48338,53.69144],[-1.4859,53.69132],[-1.48796,53.68852],[-1.49272,53.68958],[-1.49714,53.69136],[-1.5047,53.69475],[-1.50762,53.70401],[-1.5118,53.70643],[-1.51792,53.70786],[-1.51656,53.71011],[-1.51324,53.71102],[-1.51534,53.72274],[-1.51815,53.7282],[-1.51873,53.73122],[-1.50564,53.76046]]]}},{"type":"Feature","properties":{"source_code":"B85015","codes":["B85015"],"label":"WELLINGTON HOUSE"},"geometry":{"type":"Polygon","coordinates":[[[-1.69953,53.74338],[-1.6861,53.74046],[-1.6569,53.74499],[-1.65002,53.74594],[-1.64143,53.74627],[-1.63688,53.73764],[-1.62932,53.725],[-1.62452,53.717],[-1.61096,53.71855],[-1.60486,53.71868],[-1.59379,53.71576],[-1.59368,53.71573],[-1.59379,53.71571],[-1.59409,53.71549],[-1.59353,53.71568],[-1.59368,53.71573],[-1.58456,53.7171],[-1.57793,53.71603],[-1.56492,53.70136],[-1.59875,53.69825],[-1.60048,53.69218],[-1.60984,53.69122],[-1.61851,53.68944],[-1.62452,53.69117],[-1.62857,53.69488],[-1.63246,53.69361],[-1.64898,53.69015],[-1.661,53.70956],[-1.67664,53.70641],[-1.68662,53.71109],[-1.69335,53.71525],[-1.70357,53.72041],[-1.70949,53.72597],[-1.72331,53.7356],[-1.71447,53.73589],[-1.69953,53.74338]]]}},{"type":"Feature","properties":{"source_code":"B85655","codes":["B85655"],"label":"CHERRY TREE SURGERY"},"geometry":{"type":"Polygon","coordinates":[[[-1.70425,53.75663],[-1.63628,53.73917],[-1.61636,53.68857],[-1.6737,53.67393],[-1.6737,53.70626],[-1.72485,53.72211],[-1.70425,53.75663]]]}},{"type":"Feature","properties":{"source_code":"B85008","codes":["B85008"],"label":"BATLEY HEALTH CENTRE SURGERY"},"geometry":{"type":"MultiPolygon","coordinates":[[[[-1.58204,53.73121],[-1.58134,53.73165],[-1.56452,53.7347],[-1.55388,53.7349],[-1.57104,53.72983],[-1.58204,53.73121]]],[[[-1.67902,53.74335],[-1.68331,53.74303],[-1.70082,53.74607],[-1.67902,53.74335]]],[[[-1.61169,53.73493],[-1.61982,53.73595],[-1.6143,53.73287],[-1.60297,53.73023],[-1.60204,53.73014],[-1.61169,53.73493],[-1.58204,53.73121],[-1.58471,53.72954],[-1.57413,53.7284],[-1.57894,53.72637],[-1.58203,53.72394],[-1.58443,53.72211],[-1.58546,53.71987],[-1.58718,53.71642],[-1.59439,53.70829],[-1.604,53.70158],[-1.61018,53.69691],[-1.61362,53.69549],[-1.6198,53.69366],[-1.62392,53.69305],[-1.62804,53.69549],[-1.63353,53.69813],[-1.62529,53.68979],[-1.62907,53.68573],[-1.6349,53.69996],[-1.63765,53.70118],[-1.64211,53.70382],[-1.64623,53.70707],[-1.65241,53.7089],[-1.65688,53.71032],[-1.66443,53.71073],[-1.67095,53.70992],[-1.67439,53.70971],[-1.67816,53.71093],[-1.68159,53.71114],[-1.68846,53.71276],[-1.69498,53.71581],[-1.6991,53.71703],[-1.70666,53.72028],[-1.71421,53.72231],[-1.71421,53.72495],[-1.71593,53.728],[-1.72073,53.73044],[-1.72485,53.73308],[-1.72485,53.73734],[-1.6452,53.71561],[-1.72108,53.73836],[-1.71558,53.74343],[-1.70116,53.74323],[-1.69121,53.741],[-1.67439,53.74079],[-1.66806,53.74199],[-1.67902,53.74335],[-1.66443,53.74445],[-1.65756,53.7479],[-1.64555,53.74871],[-1.6349,53.74871],[-1.6325,53.74526],[-1.63129,53.74466],[-1.63113,53.74465],[-1.63071,53.74437],[-1.61169,53.73493]]]]}},{"type":"Feature","properties":{"source_code":"B87018","codes":["B87018"],"label":"HENRY MOORE CLINIC"},"geometry":{"type":"Polygon","coordinates":[[[-1.33081,53.70819],[-1.31095,53.70043],[-1.311,53.70046],[-1.3068,53.69882],[-1.32319,53.70365],[-1.33441,53.70677],[-1.34119,53.7056],[-1.34703,53.70433],[-1.3514,53.70423],[-1.35836,53.70474],[-1.36909,53.70733],[-1.37518,53.70799],[-1.38848,53.70819],[-1.39355,53.7086],[-1.39423,53.70931],[-1.3938,53.71002],[-1.38754,53.71307],[-1.37569,53.7187],[-1.37681,53.71901],[-1.37698,53.71987],[-1.37741,53.72201],[-1.3817,53.72155],[-1.38608,53.72221],[-1.38702,53.72414],[-1.38496,53.72576],[-1.38119,53.72683],[-1.37415,53.72988],[-1.37063,53.72932],[-1.36806,53.72942],[-1.36514,53.73049],[-1.36205,53.7317],[-1.36016,53.73196],[-1.35904,53.73155],[-1.35767,53.73125],[-1.35544,53.73165],[-1.34153,53.73617],[-1.33767,53.73653],[-1.33269,53.73561],[-1.33098,53.73612],[-1.32849,53.73668],[-1.32634,53.73622],[-1.32497,53.73526],[-1.32385,53.73475],[-1.32274,53.735],[-1.32102,53.73526],[-1.31973,53.73617],[-1.3157,53.74018],[-1.3139,53.7411],[-1.31201,53.74115],[-1.31072,53.74074],[-1.31003,53.73998],[-1.309,53.73922],[-1.30797,53.73922],[-1.30677,53.73957],[-1.30445,53.74084],[-1.30291,53.74166],[-1.30111,53.74186],[-1.29965,53.74171],[-1.29767,53.74079],[-1.29707,53.73988],[-1.2963,53.73957],[-1.2945,53.73957],[-1.29287,53.73927],[-1.29167,53.73866],[-1.29064,53.7377],[-1.28892,53.73658],[-1.28755,53.73587],[-1.286,53.73485],[-1.28626,53.73434],[-1.28746,53.73252],[-1.28858,53.73084],[-1.28918,53.72795],[-1.28909,53.72454],[-1.28952,53.72053],[-1.28961,53.7182],[-1.28952,53.71627],[-1.28986,53.71449],[-1.29141,53.71291],[-1.29295,53.71205],[-1.2969,53.71175],[-1.30119,53.71083],[-1.30609,53.71037],[-1.31088,53.71029],[-1.30709,53.69895],[-1.31501,53.70997],[-1.30938,53.70044],[-1.31948,53.70982],[-1.30917,53.70009],[-1.30938,53.70044],[-1.30831,53.69945],[-1.32299,53.70941],[-1.30987,53.7002],[-1.32583,53.70916],[-1.311,53.70046],[-1.33081,53.70819]]]}},{"type":"Feature","properties":{"source_code":"B85030","codes":["B85030"],"label":"THE GREENWAY MEDICAL PRACTICE"},"geometry":{"type":"Polygon","coordinates":[[[-1.72106,53.68714],[-1.73582,53.7023],[-1.73524,53.70781],[-1.75348,53.71437],[-1.75567,53.71954],[-1.75561,53.72605],[-1.75828,53.73076],[-1.76228,53.73364],[-1.76017,53.73424],[-1.75913,53.73734],[-1.75544,53.74148],[-1.75305,53.74343],[-1.7499,53.74481],[-1.74469,53.74579],[-1.73663,53.74626],[-1.73511,53.74691],[-1.73467,53.7466],[-1.73412,53.74661],[-1.73359,53.74677],[-1.73329,53.74727],[-1.73363,53.74764],[-1.73363,53.74784],[-1.73332,53.74813],[-1.73002,53.74905],[-1.72976,53.74907],[-1.72924,53.74952],[-1.72872,53.74982],[-1.72791,53.75005],[-1.72722,53.75091],[-1.7263,53.75149],[-1.72513,53.7518],[-1.7246,53.75207],[-1.72449,53.75229],[-1.72167,53.75426],[-1.72022,53.75697],[-1.71729,53.75725],[-1.71537,53.7568],[-1.70905,53.75897],[-1.70807,53.75848],[-1.70568,53.75861],[-1.70375,53.75806],[-1.70133,53.7589],[-1.69791,53.76081],[-1.6959,53.75929],[-1.69482,53.75638],[-1.69428,53.75144],[-1.68447,53.75337],[-1.67687,53.75453],[-1.67514,53.75254],[-1.68548,53.74934],[-1.68275,53.74773],[-1.68103,53.74576],[-1.68226,53.74505],[-1.68247,53.74445],[-1.68256,53.74355],[-1.68149,53.74217],[-1.681,53.73881],[-1.6814,53.73787],[-1.68774,53.73649],[-1.68759,53.73571],[-1.68401,53.72984],[-1.68229,53.72751],[-1.68376,53.72469],[-1.68339,53.72098],[-1.67696,53.71265],[-1.67656,53.71111],[-1.67548,53.71022],[-1.67741,53.70952],[-1.67591,53.70745],[-1.67444,53.70714],[-1.67371,53.7052],[-1.67566,53.70457],[-1.67544,53.70346],[-1.67755,53.7019],[-1.68096,53.70214],[-1.68347,53.70002],[-1.68632,53.70021],[-1.68727,53.70096],[-1.69579,53.7004],[-1.69801,53.6975],[-1.70505,53.69224],[-1.71394,53.69013],[-1.72106,53.68714]]]}},{"type":"Feature","properties":{"source_code":"B85021","codes":["B85021"],"label":"CLECKHEATON GROUP PRACTICE"},"geometry":{"type":"Polygon","coordinates":[[[-1.71593,53.74648],[-1.69619,53.76038],[-1.6325,53.74749],[-1.68915,53.70849],[-1.74614,53.71947],[-1.75163,53.73297],[-1.71593,53.74648]]]}},{"type":"Feature","properties":{"source_code":"B87025","codes":["B87025"],"label":"CASTLEFORD MEDICAL PRACTICE"},"geometry":{"type":"Polygon","coordinates":[[[-1.38634,53.73815],[-1.36263,53.73418],[-1.33308,53.7365],[-1.32892,53.73384],[-1.29038,53.73663],[-1.27738,53.72442],[-1.27602,53.72176],[-1.28154,53.71525],[-1.29325,53.71462],[-1.29982,53.70728],[-1.34926,53.70611],[-1.38153,53.70379],[-1.39389,53.70555],[-1.4041,53.7166],[-1.40955,53.72496],[-1.41123,53.73272],[-1.38634,53.73815]]]}},{"type":"Feature","properties":{"source_code":"B87005","codes":["B87005"],"label":"RIVERSIDE MEDICAL CENTRE"},"geometry":{"type":"MultiPolygon","coordinates":[[[[-1.392,53.74153],[-1.38617,53.74099],[-1.38247,53.74072],[-1.37853,53.73942],[-1.37836,53.73856],[-1.38346,53.73767],[-1.38612,53.73691],[-1.38896,53.73592],[-1.38947,53.7348],[-1.3893,53.73305],[-1.38668,53.73125],[-1.37883,53.72706],[-1.37428,53.72846],[-1.36608,53.72947],[-1.36042,53.72977],[-1.35595,53.73214],[-1.34977,53.73348],[-1.3396,53.73414],[-1.33574,53.73305],[-1.3342,53.7328],[-1.32922,53.73323],[-1.31892,53.73442],[-1.3178,53.73572],[-1.31527,53.73891],[-1.313,53.7397],[-1.31132,53.73896],[-1.30858,53.73704],[-1.30772,53.73653],[-1.30085,53.7363],[-1.29579,53.73592],[-1.29742,53.73016],[-1.30038,53.72782],[-1.30102,53.72531],[-1.29892,53.72211],[-1.29926,53.71949],[-1.30029,53.71848],[-1.30209,53.71644],[-1.30094,53.71439],[-1.30287,53.71307],[-1.30527,53.71139],[-1.30707,53.7106],[-1.3087,53.70969],[-1.3069,53.70776],[-1.29931,53.70694],[-1.29501,53.7086],[-1.28926,53.70918],[-1.28531,53.70887],[-1.283,53.70789],[-1.28244,53.70732],[-1.2836,53.7059],[-1.28686,53.70397],[-1.29424,53.70171],[-1.30312,53.69924],[-1.309,53.69869],[-1.31209,53.6992],[-1.31398,53.70186],[-1.31467,53.70334],[-1.31175,53.70524],[-1.31136,53.70746],[-1.31218,53.71014],[-1.3145,53.7102],[-1.32471,53.70961],[-1.32759,53.70893],[-1.3296,53.70804],[-1.33016,53.70687],[-1.32677,53.7024],[-1.32244,53.69709],[-1.32085,53.69511],[-1.32059,53.69465],[-1.32154,53.69439],[-1.33171,53.69236],[-1.34426,53.68423],[-1.34797,53.68273],[-1.35696,53.67941],[-1.35844,53.67921],[-1.36737,53.69023],[-1.37591,53.68809],[-1.37651,53.6888],[-1.38016,53.69076],[-1.38659,53.69155],[-1.39973,53.69206],[-1.40177,53.69104],[-1.40256,53.69157],[-1.40365,53.69208],[-1.40432,53.69204],[-1.40518,53.69197],[-1.40554,53.69196],[-1.40601,53.69231],[-1.40657,53.69373],[-1.40704,53.69408],[-1.40816,53.69439],[-1.40872,53.69468],[-1.41009,53.69591],[-1.41131,53.69723],[-1.41213,53.69778],[-1.41322,53.69815],[-1.4144,53.69838],[-1.41475,53.69879],[-1.41518,53.69934],[-1.41548,53.6998],[-1.41711,53.6994],[-1.41932,53.70002],[-1.42247,53.70064],[-1.42496,53.69983],[-1.4356,53.70146],[-1.44547,53.70534],[-1.4453,53.70732],[-1.44033,53.70992],[-1.43118,53.71324],[-1.42316,53.71497],[-1.41981,53.71469],[-1.39921,53.71647],[-1.39415,53.71682],[-1.3911,53.71784],[-1.38694,53.71761],[-1.38136,53.71761],[-1.37956,53.71929],[-1.38072,53.72119],[-1.38411,53.72188],[-1.38599,53.72393],[-1.38604,53.72579],[-1.38878,53.7282],[-1.39415,53.7283],[-1.39973,53.72645],[-1.40659,53.72652],[-1.40676,53.72805],[-1.40762,53.72972],[-1.4087,53.73252],[-1.4141,53.73559],[-1.41814,53.73968],[-1.41771,53.74044],[-1.4141,53.7414],[-1.40556,53.74117],[-1.40058,53.74163],[-1.39642,53.74244],[-1.392,53.74153]]],[[[-1.35604,53.73521],[-1.35467,53.73257],[-1.37827,53.73856],[-1.37831,53.73858],[-1.36784,53.74094],[-1.36775,53.74229],[-1.3666,53.74272],[-1.36578,53.74343],[-1.36484,53.74404],[-1.36381,53.7446],[-1.36312,53.74521],[-1.36222,53.74544],[-1.3599,53.74485],[-1.3578,53.74417],[-1.35741,53.74384],[-1.35801,53.74323],[-1.35518,53.74272],[-1.35544,53.74049],[-1.35604,53.73521]]]]}},{"type":"Feature","properties":{"source_code":"B86064","codes":["B86064"],"label":"LEIGH VIEW MEDICAL PRACTICE"},"geometry":{"type":"Polygon","coordinates":[[[-1.51423,53.72983],[-1.51285,53.73033],[-1.51731,53.72566],[-1.52658,53.72079],[-1.53362,53.71713],[-1.54324,53.71307],[-1.55182,53.70707],[-1.558,53.69762],[-1.56075,53.69986],[-1.56332,53.70118],[-1.56504,53.7027],[-1.5671,53.70494],[-1.57001,53.70595],[-1.57413,53.7086],[-1.5786,53.71002],[-1.57997,53.71246],[-1.58272,53.71439],[-1.58426,53.71642],[-1.59044,53.71967],[-1.59388,53.71957],[-1.59594,53.72942],[-1.58855,53.73125],[-1.58375,53.73247],[-1.5786,53.73287],[-1.57413,53.73308],[-1.56178,53.73287],[-1.55611,53.73287],[-1.54856,53.73277],[-1.53997,53.73348],[-1.53379,53.73389],[-1.52744,53.73358],[-1.52315,53.73247],[-1.51714,53.73125],[-1.51508,53.73084],[-1.51423,53.72983]]]}},{"type":"Feature","properties":{"source_code":"B86020","codes":["B86020"],"label":"LOFTHOUSE SURGERY"},"geometry":{"type":"MultiPolygon","coordinates":[[[[-1.47847,53.70278],[-1.47826,53.7026],[-1.47848,53.70278],[-1.47847,53.70278]]],[[[-1.47847,53.70278],[-1.47854,53.70283],[-1.4783,53.70278],[-1.47847,53.70278]]],[[[-1.52096,53.72298],[-1.52281,53.72211],[-1.51948,53.72394],[-1.52096,53.72298]]],[[[-1.51798,53.7249],[-1.51891,53.72426],[-1.51948,53.72394],[-1.51799,53.72491],[-1.51798,53.7249]]],[[[-1.52023,53.72333],[-1.51891,53.72426],[-1.51783,53.72485],[-1.51798,53.7249],[-1.51792,53.72495],[-1.51799,53.72491],[-1.53075,53.72942],[-1.53077,53.73414],[-1.52693,53.73663],[-1.51884,53.73742],[-1.51511,53.7383],[-1.51276,53.73949],[-1.51646,53.74465],[-1.51701,53.74792],[-1.5168,53.75125],[-1.51315,53.75582],[-1.50942,53.75998],[-1.50152,53.76165],[-1.49114,53.76178],[-1.47157,53.76131],[-1.45603,53.7614],[-1.44539,53.76069],[-1.44244,53.75962],[-1.43983,53.75814],[-1.43419,53.75478],[-1.43548,53.75389],[-1.43766,53.7531],[-1.44393,53.74885],[-1.44479,53.7465],[-1.44556,53.7445],[-1.44776,53.73865],[-1.45318,53.7398],[-1.45556,53.73775],[-1.45844,53.72851],[-1.45886,53.72536],[-1.45998,53.72221],[-1.45414,53.72036],[-1.45595,53.7182],[-1.45771,53.71647],[-1.45912,53.7154],[-1.46663,53.71649],[-1.46867,53.71516],[-1.47058,53.7136],[-1.47343,53.71178],[-1.47457,53.71063],[-1.47603,53.7057],[-1.47788,53.70433],[-1.47811,53.70331],[-1.47869,53.70296],[-1.47854,53.70283],[-1.47858,53.70284],[-1.49334,53.70035],[-1.5056,53.6977],[-1.50556,53.69774],[-1.50581,53.70082],[-1.50774,53.70369],[-1.51105,53.7059],[-1.51251,53.70646],[-1.51551,53.70766],[-1.51882,53.70842],[-1.5277,53.70971],[-1.53045,53.71096],[-1.53234,53.71256],[-1.53525,53.71535],[-1.52264,53.7219],[-1.52096,53.72298],[-1.52023,53.72333]]]]}},{"type":"Feature","properties":{"source_code":"B85025","codes":["B85025"],"label":"BLACKBURN RD.MEDICAL CTR."},"geometry":{"type":"Polygon","coordinates":[[[-1.70393,53.75637],[-1.70463,53.75722],[-1.70479,53.75784],[-1.70449,53.75835],[-1.70392,53.75877],[-1.7029,53.75895],[-1.70101,53.75913],[-1.69998,53.75967],[-1.69887,53.76038],[-1.69833,53.76101],[-1.69805,53.76189],[-1.69782,53.76223],[-1.69738,53.76229],[-1.69678,53.76224],[-1.69607,53.76165],[-1.69518,53.75998],[-1.69289,53.75946],[-1.69063,53.75874],[-1.68699,53.75794],[-1.68727,53.75742],[-1.68421,53.75702],[-1.68337,53.75687],[-1.68207,53.75627],[-1.68184,53.75604],[-1.68187,53.7558],[-1.68093,53.75533],[-1.68035,53.75507],[-1.67972,53.75514],[-1.6792,53.75505],[-1.67535,53.75298],[-1.67454,53.7528],[-1.67381,53.75292],[-1.67237,53.75327],[-1.66348,53.74819],[-1.66164,53.74749],[-1.65898,53.74706],[-1.65686,53.74702],[-1.65473,53.74726],[-1.65341,53.74691],[-1.65235,53.74616],[-1.65086,53.74453],[-1.64954,53.74445],[-1.64822,53.74463],[-1.64528,53.74488],[-1.64444,53.74448],[-1.64398,53.74418],[-1.6434,53.7441],[-1.64307,53.74386],[-1.64291,53.74364],[-1.64193,53.74373],[-1.641,53.74348],[-1.63818,53.74121],[-1.63682,53.73857],[-1.63586,53.73686],[-1.63631,53.73658],[-1.63795,53.73583],[-1.64009,53.73526],[-1.64054,53.73519],[-1.6409,53.73438],[-1.64091,53.734],[-1.64075,53.7332],[-1.6407,53.73238],[-1.64057,53.73184],[-1.64031,53.73148],[-1.63974,53.73086],[-1.63947,53.73058],[-1.63934,53.7303],[-1.63914,53.73002],[-1.63884,53.72974],[-1.63775,53.72893],[-1.63675,53.72801],[-1.63572,53.72754],[-1.63539,53.72689],[-1.63536,53.72603],[-1.63533,53.72548],[-1.63514,53.7251],[-1.63498,53.72458],[-1.63493,53.72413],[-1.63486,53.72325],[-1.63527,53.72315],[-1.63649,53.72312],[-1.63708,53.7231],[-1.63746,53.72303],[-1.63787,53.72271],[-1.63832,53.72242],[-1.63901,53.72196],[-1.6397,53.72157],[-1.64047,53.72119],[-1.64108,53.72091],[-1.64158,53.72064],[-1.6421,53.72038],[-1.64246,53.72012],[-1.64285,53.71995],[-1.64406,53.71977],[-1.64515,53.71974],[-1.64603,53.71972],[-1.64707,53.71949],[-1.64752,53.71922],[-1.64775,53.71888],[-1.648,53.7181],[-1.65418,53.71672],[-1.65617,53.71594],[-1.65882,53.71508],[-1.65814,53.71261],[-1.66003,53.71237],[-1.66158,53.71234],[-1.66182,53.71261],[-1.66195,53.71309],[-1.66209,53.71384],[-1.66257,53.71502],[-1.66304,53.7158],[-1.6633,53.7165],[-1.66519,53.71601],[-1.66599,53.71562],[-1.6673,53.7152],[-1.66888,53.71474],[-1.67041,53.71416],[-1.67235,53.71374],[-1.67431,53.7133],[-1.67701,53.71307],[-1.67743,53.71295],[-1.67716,53.71255],[-1.67732,53.7123],[-1.6787,53.71236],[-1.67995,53.71255],[-1.68135,53.71343],[-1.68138,53.71372],[-1.68135,53.71405],[-1.68106,53.71437],[-1.68094,53.71476],[-1.67948,53.71589],[-1.68155,53.71855],[-1.68345,53.7211],[-1.68386,53.72319],[-1.68511,53.72319],[-1.68635,53.7229],[-1.68883,53.72219],[-1.68925,53.72215],[-1.68981,53.72217],[-1.69096,53.72229],[-1.69236,53.72255],[-1.69448,53.72297],[-1.69578,53.72363],[-1.69669,53.72585],[-1.6986,53.72832],[-1.69967,53.72996],[-1.70009,53.73163],[-1.7001,53.73344],[-1.69932,53.73732],[-1.70051,53.74431],[-1.70089,53.74663],[-1.70102,53.74882],[-1.70393,53.75637]]]}},{"type":"Feature","properties":{"source_code":"B85640","codes":["B85640"],"label":"KIRKGATE SURGERY"},"geometry":{"type":"Polygon","coordinates":[[[-1.71249,53.74445],[-1.6888,53.76414],[-1.55319,53.7284],[-1.64692,53.67576],[-1.70357,53.67749],[-1.7458,53.71622],[-1.71249,53.74445]]]}},{"type":"Feature","properties":{"source_code":"B87042","codes":["B87042"],"label":"TIEVE TARA"},"geometry":{"type":"Polygon","coordinates":[[[-1.2854,53.7345],[-1.28849,53.73084],[-1.28883,53.72414],[-1.28883,53.71764],[-1.28574,53.71236],[-1.28059,53.70728],[-1.27647,53.70138],[-1.27476,53.69488],[-1.27813,53.69981],[-1.28625,53.69615],[-1.3092,53.69245],[-1.32321,53.68605],[-1.33381,53.68105],[-1.34789,53.69244],[-1.35269,53.69955],[-1.36265,53.70179],[-1.36505,53.70707],[-1.37226,53.70565],[-1.38565,53.70788],[-1.39629,53.71337],[-1.4011,53.72129],[-1.37363,53.73754],[-1.29982,53.74181],[-1.2854,53.7345]]]}},{"type":"Feature","properties":{"source_code":"B86005","codes":["B86005"],"label":"DR N DUMPHY & PARTNERS"},"geometry":{"type":"Polygon","coordinates":[[[-1.62838,53.74546],[-1.62117,53.7479],[-1.61808,53.75054],[-1.61362,53.75521],[-1.60881,53.75805],[-1.60297,53.76048],[-1.59817,53.76312],[-1.59508,53.76576],[-1.59267,53.7684],[-1.58958,53.77043],[-1.59027,53.77307],[-1.58512,53.77712],[-1.58203,53.77956],[-1.5707,53.78078],[-1.56933,53.78402],[-1.56761,53.78706],[-1.56761,53.79132],[-1.56761,53.79477],[-1.56281,53.79639],[-1.54976,53.79477],[-1.54118,53.79355],[-1.53225,53.79315],[-1.5271,53.7897],[-1.52298,53.78422],[-1.51543,53.77936],[-1.51028,53.77591],[-1.50272,53.77591],[-1.49414,53.77286],[-1.49105,53.7684],[-1.49174,53.76495],[-1.49963,53.76515],[-1.50719,53.76738],[-1.51371,53.77002],[-1.51749,53.76941],[-1.51989,53.76535],[-1.51817,53.7613],[-1.51611,53.75663],[-1.51577,53.75277],[-1.52229,53.7483],[-1.52058,53.74506],[-1.52916,53.7416],[-1.5398,53.73917],[-1.55045,53.73673],[-1.55903,53.73572],[-1.56212,53.73368],[-1.57207,53.73348],[-1.58134,53.73348],[-1.58752,53.73186],[-1.59405,53.73023],[-1.60297,53.73023],[-1.61053,53.73267],[-1.61671,53.7349],[-1.62254,53.73836],[-1.6246,53.7412],[-1.62838,53.74546]]]}},{"type":"Feature","properties":{"source_code":"B87030","codes":["B87030"],"label":"HEALTH CARE FIRST PARTNERSHIP"},"geometry":{"type":"Polygon","coordinates":[[[-1.33312,53.73572],[-1.32719,53.73652],[-1.32388,53.7351],[-1.32057,53.7353],[-1.31729,53.73894],[-1.31518,53.74541],[-1.32535,53.75061],[-1.33278,53.75744],[-1.30599,53.75962],[-1.29774,53.76138],[-1.28278,53.76371],[-1.2745,53.76256],[-1.25231,53.76021],[-1.23219,53.7619],[-1.22767,53.75358],[-1.19843,53.75499],[-1.19944,53.74118],[-1.19014,53.72249],[-1.17601,53.71944],[-1.15462,53.71801],[-1.13528,53.71576],[-1.13887,53.71199],[-1.14073,53.7074],[-1.14449,53.70322],[-1.15099,53.70047],[-1.15477,53.69325],[-1.15271,53.68664],[-1.15039,53.68156],[-1.14429,53.67526],[-1.14404,53.66737],[-1.14584,53.6597],[-1.14438,53.65171],[-1.14567,53.64331],[-1.16198,53.64484],[-1.17084,53.63774],[-1.17798,53.64021],[-1.18384,53.64375],[-1.1909,53.64515],[-1.20347,53.64408],[-1.20719,53.64293],[-1.21708,53.64281],[-1.24643,53.64142],[-1.2636,53.64644],[-1.26772,53.66158],[-1.30394,53.66095],[-1.30377,53.65769],[-1.32952,53.65725],[-1.32531,53.66661],[-1.3266,53.68532],[-1.34592,53.69275],[-1.33223,53.6928],[-1.3206,53.69407],[-1.32628,53.69997],[-1.33058,53.7077],[-1.34655,53.70446],[-1.35777,53.70454],[-1.36846,53.70736],[-1.36543,53.71588],[-1.36033,53.72378],[-1.35662,53.72522],[-1.35514,53.72757],[-1.35183,53.7284],[-1.34977,53.73287],[-1.34076,53.73572],[-1.33729,53.73622],[-1.33312,53.73572]]]}},{"type":"Feature","properties":{"source_code":"B86028","codes":["B86028"],"label":"SOUTH QUEEN MEDICAL CENTRE"},"geometry":{"type":"Polygon","coordinates":[[[-1.63465,53.75001],[-1.62799,53.75413],[-1.6199,53.75662],[-1.61396,53.75987],[-1.6107,53.7628],[-1.60941,53.76407],[-1.60731,53.76533],[-1.59948,53.76707],[-1.59345,53.77024],[-1.57019,53.75693],[-1.5683,53.74521],[-1.57173,53.73909],[-1.57465,53.73634],[-1.57688,53.73318],[-1.59525,53.73018],[-1.59971,53.72991],[-1.60418,53.73066],[-1.61362,53.73368],[-1.62074,53.73701],[-1.62477,53.74135],[-1.63465,53.75001]]]}},{"type":"Feature","properties":{"source_code":"B86067","codes":["B86067"],"label":"THE DEKEYSER GROUP PRACTICE"},"geometry":{"type":"MultiPolygon","coordinates":[[[[-1.56431,53.72665],[-1.56405,53.72429],[-1.5668,53.72388],[-1.56856,53.72406],[-1.56933,53.72454],[-1.571,53.72449],[-1.57302,53.7248],[-1.57525,53.72452],[-1.57753,53.72411],[-1.57989,53.72322],[-1.58216,53.72228],[-1.58504,53.72569],[-1.57911,53.72848],[-1.5774,53.73],[-1.57714,53.73165],[-1.57465,53.73186],[-1.5713,53.73061],[-1.56714,53.72988],[-1.56405,53.7296],[-1.56418,53.72823],[-1.56431,53.72665]]],[[[-1.5834,53.76414],[-1.57036,53.74221],[-1.5731,53.73754],[-1.57688,53.7347],[-1.57757,53.73003],[-1.57928,53.72861],[-1.58512,53.72576],[-1.58787,53.73023],[-1.59027,53.73186],[-1.59542,53.73003],[-1.60126,53.72983],[-1.61259,53.73389],[-1.61945,53.73612],[-1.62357,53.73876],[-1.62598,53.74242],[-1.62804,53.74526],[-1.6349,53.74709],[-1.63357,53.74984],[-1.63404,53.74922],[-1.64366,53.7619],[-1.64074,53.76368],[-1.63516,53.76464],[-1.62203,53.76607],[-1.60641,53.75891],[-1.61139,53.75698],[-1.61387,53.75465],[-1.62005,53.75678],[-1.62692,53.75577],[-1.63156,53.75252],[-1.63339,53.75008],[-1.63113,53.75257],[-1.62701,53.75561],[-1.62392,53.75602],[-1.62014,53.75663],[-1.61396,53.75419],[-1.61121,53.75663],[-1.60538,53.75906],[-1.5992,53.76231],[-1.59439,53.76657],[-1.59027,53.77083],[-1.58787,53.76799],[-1.5834,53.76414]]]]}},{"type":"Feature","properties":{"source_code":"B86057","codes":["B86057"],"label":"WINDSOR HOUSE GROUP PRACTICE"},"geometry":{"type":"Polygon","coordinates":[[[-1.61074,53.76309],[-1.61088,53.76294],[-1.61084,53.76293],[-1.6107,53.76307],[-1.61074,53.76309],[-1.61018,53.76363],[-1.59885,53.76244],[-1.60162,53.76064],[-1.59771,53.75977],[-1.59854,53.76232],[-1.59894,53.76251],[-1.59402,53.76637],[-1.59418,53.76642],[-1.5895,53.77071],[-1.58821,53.7684],[-1.58684,53.76693],[-1.58512,53.76568],[-1.58152,53.76515],[-1.57954,53.76333],[-1.58108,53.76274],[-1.581,53.76272],[-1.58315,53.75668],[-1.58363,53.75665],[-1.58332,53.75658],[-1.57079,53.75414],[-1.56804,53.7482],[-1.56796,53.74506],[-1.5689,53.74445],[-1.56894,53.74446],[-1.57096,53.73993],[-1.57259,53.7378],[-1.57491,53.73602],[-1.57671,53.73348],[-1.57697,53.73346],[-1.5768,53.7311],[-1.57774,53.72942],[-1.57868,53.72881],[-1.58049,53.72815],[-1.58203,53.72713],[-1.58366,53.72592],[-1.58478,53.72526],[-1.58976,53.7312],[-1.59164,53.73049],[-1.59448,53.72983],[-1.59817,53.72957],[-1.60169,53.73003],[-1.60469,53.73033],[-1.60675,53.73125],[-1.60933,53.73221],[-1.61139,53.73277],[-1.61259,53.73333],[-1.61258,53.73338],[-1.61267,53.73323],[-1.61429,53.73384],[-1.62177,53.72693],[-1.62332,53.7279],[-1.61585,53.73424],[-1.61506,53.73412],[-1.61902,53.73561],[-1.62237,53.7382],[-1.6246,53.74069],[-1.62623,53.74298],[-1.62821,53.74455],[-1.62941,53.74526],[-1.63267,53.74531],[-1.63653,53.74607],[-1.63686,53.74607],[-1.6404,53.74064],[-1.65121,53.74028],[-1.65301,53.74145],[-1.65045,53.7461],[-1.6507,53.74607],[-1.65069,53.74619],[-1.65069,53.74619],[-1.67027,53.74292],[-1.67868,53.74145],[-1.68237,53.74115],[-1.6864,53.74105],[-1.68906,53.74115],[-1.69121,53.74171],[-1.69198,53.74389],[-1.69301,53.74668],[-1.69404,53.74937],[-1.69438,53.75105],[-1.69438,53.75333],[-1.69473,53.75582],[-1.69459,53.75582],[-1.69515,53.75762],[-1.69528,53.75759],[-1.6958,53.75934],[-1.68524,53.76178],[-1.68288,53.76145],[-1.68285,53.7614],[-1.67988,53.76109],[-1.6719,53.76617],[-1.65962,53.76855],[-1.65507,53.76835],[-1.65009,53.76779],[-1.64589,53.76541],[-1.6459,53.76525],[-1.64168,53.76779],[-1.63568,53.76957],[-1.63576,53.76901],[-1.63756,53.76825],[-1.63894,53.76738],[-1.62389,53.76158],[-1.62031,53.76236],[-1.61615,53.76231],[-1.61658,53.76066],[-1.61516,53.75947],[-1.61096,53.76297],[-1.61089,53.76295],[-1.61078,53.7631],[-1.61074,53.76309]],[[-1.68237,53.76084],[-1.68279,53.7613],[-1.68249,53.76081],[-1.68237,53.76084]],[[-1.61632,53.75866],[-1.61619,53.75861],[-1.61546,53.75922],[-1.61632,53.75866]],[[-1.58409,53.76356],[-1.58538,53.76393],[-1.58436,53.76363],[-1.58435,53.76363],[-1.58409,53.76356]]]}},{"type":"Feature","properties":{"source_code":"B86089","codes":["B86089"],"label":"NOVA SCOTIA MEDICAL CNTR"},"geometry":{"type":"MultiPolygon","coordinates":[[[[-1.35047,53.72901],[-1.34926,53.72719],[-1.35199,53.72961],[-1.35047,53.72901]]],[[[-1.35047,53.72901],[-1.3512,53.73012],[-1.34789,53.728],[-1.35047,53.72901]]],[[[-1.40625,53.78443],[-1.34789,53.7755],[-1.35544,53.73653],[-1.3512,53.73012],[-1.35612,53.73328],[-1.35199,53.72961],[-1.43166,53.76089],[-1.40625,53.78443]]]]}},{"type":"Feature","properties":{"source_code":"B86042","codes":["B86042"],"label":"LINGWELL CROFT SURGERY"},"geometry":{"type":"Polygon","coordinates":[[[-1.51281,53.73957],[-1.51811,53.73922],[-1.5545,53.73862],[-1.55862,53.73905],[-1.5614,53.74185],[-1.56245,53.74498],[-1.56417,53.74786],[-1.56555,53.75042],[-1.56692,53.75291],[-1.56916,53.7565],[-1.56907,53.75864],[-1.56796,53.76079],[-1.56559,53.76208],[-1.56471,53.7624],[-1.56409,53.76254],[-1.56268,53.76273],[-1.56107,53.76271],[-1.56021,53.76275],[-1.55962,53.76281],[-1.55842,53.76287],[-1.5574,53.76294],[-1.55512,53.76296],[-1.55336,53.76303],[-1.55082,53.76291],[-1.54888,53.76295],[-1.54706,53.76309],[-1.54501,53.76314],[-1.54364,53.76308],[-1.54251,53.7631],[-1.54171,53.76302],[-1.53973,53.76294],[-1.53793,53.76294],[-1.53555,53.76293],[-1.53343,53.76305],[-1.53184,53.76351],[-1.52835,53.76468],[-1.52612,53.76512],[-1.52474,53.76538],[-1.52118,53.7648],[-1.51605,53.76352],[-1.5144,53.76201],[-1.51423,53.75901],[-1.51431,53.75752],[-1.51448,53.75551],[-1.51583,53.75219],[-1.51581,53.74998],[-1.51491,53.74833],[-1.51268,53.74536],[-1.50839,53.74348],[-1.50856,53.74115],[-1.51088,53.74046],[-1.51281,53.73957]]]}},{"type":"Feature","properties":{"source_code":"B86006","codes":["B86006"],"label":"OULTON MEDICAL CENTRE"},"geometry":{"type":"MultiPolygon","coordinates":[[[[-1.5085,53.75161],[-1.51225,53.7461],[-1.51165,53.74985],[-1.50702,53.75379],[-1.5085,53.75161]]],[[[-1.41565,53.77324],[-1.4093,53.77017],[-1.41046,53.76716],[-1.41552,53.76193],[-1.43578,53.75376],[-1.42668,53.74879],[-1.43397,53.74257],[-1.44462,53.74295],[-1.45148,53.73577],[-1.45741,53.73432],[-1.50165,53.72922],[-1.50779,53.73247],[-1.51358,53.74407],[-1.51193,53.74654],[-1.5085,53.75161],[-1.50603,53.75523],[-1.50444,53.76023],[-1.47122,53.76251],[-1.45891,53.75906],[-1.44208,53.76107],[-1.44028,53.76518],[-1.43857,53.76809],[-1.43067,53.7631],[-1.43475,53.76568],[-1.42406,53.77304],[-1.41565,53.77324]]]]}},{"type":"Feature","properties":{"source_code":"B86678","codes":["B86678"],"label":"DRIGHLINGTON MEDICAL CENTRE"},"geometry":{"type":"Polygon","coordinates":[[[-1.64692,53.7619],[-1.6416,53.75003],[-1.65173,53.74587],[-1.68503,53.74932],[-1.69258,53.7617],[-1.67027,53.76769],[-1.64692,53.7619]]]}},{"type":"Feature","properties":{"source_code":"B86101","codes":["B86101"],"label":"GILDERSOME HEALTH CENTRE"},"geometry":{"type":"Polygon","coordinates":[[[-1.61971,53.75681],[-1.60744,53.74975],[-1.62241,53.74516],[-1.63443,53.75023],[-1.64984,53.76274],[-1.63683,53.76919],[-1.61971,53.75681]]]}},{"type":"Feature","properties":{"source_code":"B86092","codes":["B86092"],"label":"KIPPAX HALL SURGERY"},"geometry":{"type":"Polygon","coordinates":[[[-1.41792,53.78929],[-1.40445,53.78635],[-1.39928,53.78699],[-1.38964,53.7858],[-1.38533,53.78359],[-1.37936,53.78334],[-1.36961,53.78107],[-1.36244,53.78062],[-1.35284,53.77999],[-1.34547,53.77906],[-1.33887,53.77982],[-1.31565,53.77817],[-1.31263,53.77967],[-1.29927,53.77333],[-1.29328,53.76924],[-1.29046,53.76202],[-1.28029,53.76318],[-1.27761,53.75965],[-1.27747,53.7422],[-1.2798,53.74048],[-1.28363,53.74201],[-1.28726,53.74328],[-1.2914,53.74417],[-1.29243,53.74487],[-1.29724,53.74476],[-1.30162,53.74541],[-1.3087,53.74544],[-1.31302,53.74515],[-1.31663,53.74459],[-1.3211,53.74488],[-1.32557,53.74517],[-1.32823,53.74587],[-1.33162,53.74465],[-1.34636,53.74262],[-1.35485,53.74227],[-1.36441,53.7431],[-1.36968,53.74623],[-1.37632,53.74875],[-1.38621,53.7528],[-1.39008,53.7534],[-1.39561,53.75379],[-1.40007,53.75805],[-1.4029,53.76069],[-1.40574,53.76089],[-1.41226,53.75998],[-1.41586,53.76231],[-1.4253,53.76251],[-1.42582,53.76444],[-1.42599,53.77012],[-1.4217,53.77327],[-1.42479,53.77733],[-1.42187,53.78007],[-1.41792,53.78929]]]}},{"type":"Feature","properties":{"source_code":"B83041","codes":["B83041"],"label":"BOWLING HALL MED PRACTICE"},"geometry":{"type":"Polygon","coordinates":[[[-1.69086,53.7771],[-1.69224,53.77342],[-1.6949,53.76959],[-1.69786,53.76703],[-1.70232,53.76429],[-1.69837,53.76279],[-1.69481,53.76188],[-1.69189,53.7617],[-1.69022,53.76173],[-1.69048,53.76056],[-1.69116,53.76013],[-1.69125,53.75851],[-1.69546,53.75767],[-1.69743,53.75744],[-1.70026,53.75716],[-1.70267,53.75706],[-1.70666,53.75729],[-1.70842,53.75754],[-1.70992,53.75815],[-1.71099,53.75972],[-1.71108,53.7615],[-1.71112,53.76249],[-1.71417,53.76216],[-1.71653,53.76155],[-1.71889,53.76048],[-1.72052,53.75988],[-1.7225,53.75892],[-1.72303,53.75849],[-1.72382,53.75779],[-1.72432,53.75724],[-1.72537,53.75627],[-1.72575,53.75559],[-1.72648,53.75511],[-1.72664,53.75451],[-1.72663,53.75448],[-1.72638,53.75429],[-1.72683,53.75396],[-1.72674,53.75374],[-1.72691,53.75356],[-1.72717,53.75323],[-1.72747,53.75287],[-1.72777,53.75254],[-1.72807,53.75229],[-1.72842,53.75183],[-1.72876,53.75155],[-1.72953,53.75145],[-1.72992,53.75135],[-1.73005,53.75115],[-1.73035,53.75115],[-1.73078,53.75102],[-1.73078,53.75051],[-1.73095,53.74985],[-1.73151,53.74957],[-1.73215,53.74914],[-1.73266,53.74909],[-1.73279,53.74891],[-1.73352,53.7483],[-1.73404,53.74744],[-1.73378,53.74686],[-1.7361,53.74683],[-1.73902,53.75016],[-1.74073,53.75254],[-1.74202,53.75561],[-1.74434,53.76198],[-1.74644,53.76513],[-1.74932,53.76503],[-1.75202,53.76467],[-1.75266,53.76452],[-1.75466,53.76434],[-1.75661,53.76419],[-1.76022,53.76419],[-1.76103,53.76431],[-1.76129,53.76462],[-1.76228,53.76462],[-1.76146,53.76553],[-1.76193,53.76698],[-1.76245,53.76832],[-1.76258,53.76957],[-1.76228,53.77114],[-1.76189,53.77208],[-1.7606,53.7739],[-1.76026,53.77504],[-1.75889,53.77489],[-1.75648,53.77405],[-1.75528,53.77373],[-1.75528,53.77527],[-1.75504,53.77539],[-1.75478,53.77544],[-1.75253,53.77588],[-1.75022,53.77644],[-1.7488,53.77664],[-1.74646,53.77668],[-1.74665,53.77755],[-1.747,53.77842],[-1.74717,53.77881],[-1.74726,53.77921],[-1.74734,53.78037],[-1.74704,53.78083],[-1.74713,53.78176],[-1.74713,53.78265],[-1.74648,53.7828],[-1.74665,53.78425],[-1.7463,53.78467],[-1.74614,53.7849],[-1.74608,53.78514],[-1.7464,53.78645],[-1.74361,53.78676],[-1.74095,53.78716],[-1.74078,53.78755],[-1.74025,53.78755],[-1.73927,53.78818],[-1.7379,53.78884],[-1.73644,53.78919],[-1.73472,53.78924],[-1.73275,53.78929],[-1.72872,53.7899],[-1.72194,53.79092],[-1.71799,53.79137],[-1.71919,53.79315],[-1.71601,53.79391],[-1.71447,53.79523],[-1.71318,53.79599],[-1.71232,53.7971],[-1.70958,53.79969],[-1.70842,53.80078],[-1.70717,53.8009],[-1.70537,53.79974],[-1.7034,53.79827],[-1.70108,53.79639],[-1.69988,53.79558],[-1.6985,53.79419],[-1.69722,53.79335],[-1.69589,53.79274],[-1.6949,53.79239],[-1.69391,53.79175],[-1.6931,53.79102],[-1.69245,53.79031],[-1.69177,53.78937],[-1.69104,53.78793],[-1.69035,53.78607],[-1.69022,53.78542],[-1.69014,53.78306],[-1.69018,53.7808],[-1.69048,53.77903],[-1.69086,53.7771]]]}},{"type":"Feature","properties":{"source_code":"B83015","codes":["B83015"],"label":"TONG MEDICAL PRACTICE"},"geometry":{"type":"Polygon","coordinates":[[[-1.75919,53.77591],[-1.74202,53.78869],[-1.69018,53.79923],[-1.69567,53.78706],[-1.67679,53.7899],[-1.64881,53.77256],[-1.67301,53.76251],[-1.64486,53.74805],[-1.68486,53.74053],[-1.70597,53.74681],[-1.72623,53.73907],[-1.75386,53.76013],[-1.75919,53.77591]]]}},{"type":"Feature","properties":{"source_code":"B86036","codes":["B86036"],"label":"GIBSON LANE PRACTICE"},"geometry":{"type":"Polygon","coordinates":[[[-1.22925,53.78519],[-1.21338,53.78388],[-1.19854,53.78621],[-1.13297,53.77063],[-1.13889,53.75114],[-1.25895,53.74581],[-1.25536,53.74594],[-1.25416,53.73958],[-1.26042,53.73764],[-1.27956,53.74089],[-1.28308,53.7415],[-1.29184,53.74394],[-1.27791,53.74495],[-1.35612,53.7414],[-1.42822,53.76495],[-1.41926,53.7742],[-1.43457,53.7615],[-1.42891,53.77662],[-1.43166,53.79335],[-1.40699,53.78685],[-1.39595,53.79822],[-1.39577,53.79822],[-1.39578,53.79822],[-1.36351,53.8043],[-1.34821,53.79801],[-1.34797,53.79801],[-1.34748,53.79771],[-1.3423,53.79558],[-1.33398,53.7899],[-1.33497,53.79003],[-1.31973,53.78068],[-1.27446,53.79359],[-1.25485,53.80585],[-1.23052,53.79674],[-1.22925,53.78519]]]}},{"type":"Feature","properties":{"source_code":"B86667","codes":["B86667"],"label":"BEESTON VILLAGE SURGERY"},"geometry":{"type":"Polygon","coordinates":[[[-1.54324,53.7828],[-1.535,53.7828],[-1.53191,53.76921],[-1.51096,53.73653],[-1.55182,53.73673],[-1.59679,53.76434],[-1.5889,53.77185],[-1.5556,53.79112],[-1.54324,53.7828]]]}},{"type":"Feature","properties":{"source_code":"B86096","codes":["B86096"],"label":"ARTHINGTON MEDICAL CENTRE"},"geometry":{"type":"Polygon","coordinates":[[[-1.54495,53.79254],[-1.54152,53.79518],[-1.5374,53.79376],[-1.53671,53.79011],[-1.5295,53.78645],[-1.5271,53.78645],[-1.52229,53.78848],[-1.52229,53.7828],[-1.51474,53.77773],[-1.50169,53.77651],[-1.4938,53.77225],[-1.49208,53.76759],[-1.4962,53.76515],[-1.49174,53.76251],[-1.4986,53.76211],[-1.51268,53.75927],[-1.51543,53.75419],[-1.51749,53.74546],[-1.51302,53.74364],[-1.52092,53.74303],[-1.53053,53.741],[-1.52744,53.73917],[-1.55594,53.73632],[-1.56281,53.74039],[-1.56796,53.75155],[-1.57413,53.76454],[-1.58272,53.7753],[-1.57757,53.77834],[-1.56315,53.78037],[-1.54736,53.78422],[-1.54495,53.79254]]]}},{"type":"Feature","properties":{"source_code":"B86012","codes":["B86012"],"label":"LEEDS CITY MEDICAL PRACTICE"},"geometry":{"type":"MultiPolygon","coordinates":[[[[-1.54122,53.74602],[-1.53774,53.74445],[-1.54358,53.74567],[-1.54122,53.74602]]],[[[-1.54925,53.78505],[-1.55186,53.78439],[-1.54959,53.78544],[-1.54925,53.78505]]],[[[-1.54122,53.74602],[-1.54829,53.74921],[-1.54907,53.74912],[-1.55388,53.75054],[-1.55111,53.75049],[-1.56967,53.75886],[-1.54478,53.75438],[-1.59565,53.76402],[-1.59714,53.76333],[-1.59607,53.7641],[-1.59679,53.76424],[-1.59453,53.76521],[-1.57654,53.77814],[-1.55186,53.78439],[-1.57662,53.77288],[-1.57285,53.77449],[-1.54864,53.78435],[-1.54925,53.78505],[-1.5471,53.78559],[-1.53924,53.77355],[-1.53517,53.77043],[-1.52178,53.77053],[-1.52127,53.75014],[-1.51783,53.74952],[-1.54122,53.74602]]],[[[-1.53924,53.77356],[-1.54217,53.77691],[-1.54032,53.77438],[-1.53924,53.77356]]]]}},{"type":"Feature","properties":{"source_code":"B86002","codes":["B86002"],"label":"CITY VIEW MEDICAL PRACTICE"},"geometry":{"type":"Polygon","coordinates":[[[-1.5834,53.76414],[-1.58512,53.76535],[-1.58735,53.76708],[-1.58907,53.77023],[-1.59061,53.77215],[-1.58838,53.77307],[-1.58443,53.77469],[-1.58306,53.77631],[-1.581,53.77651],[-1.57757,53.7758],[-1.57516,53.77611],[-1.57173,53.77712],[-1.56916,53.77895],[-1.56933,53.78098],[-1.5695,53.78189],[-1.57104,53.78169],[-1.57139,53.78311],[-1.5695,53.78382],[-1.56864,53.78514],[-1.56744,53.78686],[-1.56813,53.78848],[-1.56624,53.7897],[-1.56418,53.79051],[-1.56246,53.79122],[-1.56075,53.79011],[-1.55869,53.7899],[-1.55731,53.79092],[-1.55594,53.79203],[-1.55354,53.79315],[-1.5501,53.79315],[-1.54581,53.79254],[-1.54375,53.79264],[-1.54118,53.79011],[-1.54255,53.78787],[-1.54186,53.78443],[-1.53946,53.7828],[-1.53774,53.77793],[-1.53843,53.77124],[-1.54015,53.76759],[-1.54221,53.76353],[-1.54667,53.75886],[-1.55079,53.75642],[-1.55972,53.75521],[-1.56796,53.75521],[-1.5707,53.75724],[-1.57413,53.75521],[-1.581,53.75297],[-1.57963,53.75845],[-1.58272,53.75785],[-1.5834,53.76414]]]}},{"type":"Feature","properties":{"source_code":"B86642","codes":["B86642"],"label":"DR S HUSSAIN"},"geometry":{"type":"Polygon","coordinates":[[[-1.5178,53.74801],[-1.5165,53.74452],[-1.52135,53.74471],[-1.5252,53.74704],[-1.52706,53.75072],[-1.5274,53.75112],[-1.53916,53.74803],[-1.53285,53.73962],[-1.55216,53.73866],[-1.56564,53.76241],[-1.54296,53.7834],[-1.53873,53.78117],[-1.53148,53.784],[-1.51504,53.77553],[-1.5178,53.74801]]]}},{"type":"Feature","properties":{"source_code":"B86035","codes":["B86035"],"label":"SOUTH BANK SURGERY"},"geometry":{"type":"Polygon","coordinates":[[[-1.53191,53.78341],[-1.43028,53.75257],[-1.48315,53.74018],[-1.51405,53.73836],[-1.56143,53.74404],[-1.57928,53.76495],[-1.5786,53.78017],[-1.53191,53.78341]]]}},{"type":"Feature","properties":{"source_code":"B86071","codes":["B86071"],"label":"WHITEHALL SURGERY"},"geometry":{"type":"Polygon","coordinates":[[[-1.6446,53.76352],[-1.65181,53.78237],[-1.65166,53.78869],[-1.65237,53.79247],[-1.65299,53.79732],[-1.65257,53.8008],[-1.65129,53.80323],[-1.64202,53.80521],[-1.62864,53.80564],[-1.61456,53.80364],[-1.60593,53.79825],[-1.58969,53.79347],[-1.58314,53.78276],[-1.58555,53.78159],[-1.59919,53.78047],[-1.62048,53.77126],[-1.63121,53.76498],[-1.63492,53.76338],[-1.63742,53.76294],[-1.64164,53.76311],[-1.6446,53.76352]]]}},{"type":"Feature","properties":{"source_code":"B86672","codes":["B86672"],"label":"HAWTHORN SURGERY"},"geometry":{"type":"Polygon","coordinates":[[[-1.65865,53.75826],[-1.65535,53.7595],[-1.65256,53.7607],[-1.65094,53.76204],[-1.64635,53.76481],[-1.64174,53.76776],[-1.63774,53.76898],[-1.63535,53.76963],[-1.63557,53.77043],[-1.63585,53.77098],[-1.6359,53.77137],[-1.63608,53.7733],[-1.6361,53.77432],[-1.6362,53.77534],[-1.63627,53.77616],[-1.63626,53.77651],[-1.63608,53.77691],[-1.63636,53.77811],[-1.6364,53.77868],[-1.63635,53.7793],[-1.63596,53.77967],[-1.63555,53.7802],[-1.63551,53.78061],[-1.63547,53.78125],[-1.63545,53.78215],[-1.63547,53.78318],[-1.63548,53.78325],[-1.63553,53.7833],[-1.63574,53.78331],[-1.63599,53.78274],[-1.63662,53.78207],[-1.63845,53.78094],[-1.63997,53.77996],[-1.64016,53.78005],[-1.64065,53.78019],[-1.64146,53.78031],[-1.64209,53.7805],[-1.64234,53.78069],[-1.64251,53.78096],[-1.64292,53.78155],[-1.64354,53.78205],[-1.64395,53.78221],[-1.64439,53.78226],[-1.64482,53.78237],[-1.64503,53.78274],[-1.64533,53.78342],[-1.64552,53.78412],[-1.64647,53.78422],[-1.64743,53.78424],[-1.64805,53.78454],[-1.64835,53.78499],[-1.64876,53.78536],[-1.65017,53.7859],[-1.65137,53.78619],[-1.65257,53.78637],[-1.65472,53.78633],[-1.65647,53.78616],[-1.659,53.78565],[-1.66016,53.7856],[-1.66058,53.7854],[-1.66096,53.78514],[-1.66211,53.78501],[-1.66365,53.78504],[-1.66666,53.78541],[-1.66851,53.78629],[-1.66985,53.78718],[-1.66997,53.78747],[-1.66973,53.78883],[-1.66859,53.78863],[-1.66851,53.78917],[-1.66859,53.79008],[-1.66858,53.79129],[-1.66872,53.79255],[-1.66774,53.79287],[-1.6675,53.7938],[-1.66673,53.79435],[-1.66476,53.79535],[-1.66308,53.79661],[-1.66394,53.79778],[-1.66408,53.7998],[-1.66413,53.8006],[-1.66456,53.8014],[-1.65885,53.80201],[-1.6531,53.80289],[-1.64259,53.80502],[-1.6405,53.80476],[-1.63889,53.80411],[-1.63665,53.8026],[-1.63543,53.80192],[-1.63416,53.80158],[-1.63173,53.80154],[-1.63057,53.80149],[-1.62938,53.80165],[-1.62708,53.80202],[-1.62551,53.80268],[-1.62149,53.80453],[-1.62129,53.80452],[-1.62081,53.8042],[-1.62046,53.80388],[-1.62019,53.8036],[-1.62024,53.80336],[-1.62025,53.80297],[-1.62033,53.80258],[-1.62046,53.80209],[-1.62037,53.80178],[-1.62022,53.80154],[-1.61996,53.80124],[-1.61986,53.80094],[-1.61998,53.80049],[-1.62009,53.80016],[-1.6202,53.79987],[-1.62021,53.79965],[-1.61978,53.79947],[-1.619,53.79903],[-1.61867,53.79883],[-1.61837,53.79863],[-1.61825,53.79827],[-1.61841,53.79787],[-1.61777,53.79774],[-1.61745,53.7976],[-1.61723,53.79744],[-1.61713,53.79727],[-1.61693,53.79692],[-1.61676,53.79656],[-1.61641,53.79626],[-1.61607,53.79613],[-1.61573,53.79608],[-1.61503,53.79602],[-1.61454,53.79595],[-1.61411,53.79583],[-1.61378,53.79567],[-1.6121,53.79525],[-1.61145,53.79508],[-1.61093,53.79485],[-1.61049,53.79446],[-1.60999,53.7941],[-1.60949,53.79385],[-1.60909,53.79368],[-1.60861,53.79356],[-1.60778,53.79347],[-1.60695,53.79344],[-1.60511,53.79391],[-1.60242,53.79466],[-1.60025,53.79534],[-1.59914,53.79474],[-1.59869,53.79436],[-1.59814,53.79404],[-1.59711,53.79345],[-1.59523,53.79328],[-1.59411,53.79343],[-1.59321,53.79361],[-1.59229,53.79368],[-1.5901,53.79342],[-1.58649,53.7932],[-1.58464,53.79287],[-1.58322,53.79271],[-1.58238,53.79264],[-1.58168,53.79252],[-1.58028,53.79218],[-1.57871,53.79191],[-1.57814,53.79176],[-1.57737,53.79149],[-1.57581,53.791],[-1.57505,53.79086],[-1.57453,53.79075],[-1.57479,53.79062],[-1.5751,53.79052],[-1.57629,53.79006],[-1.57752,53.78971],[-1.57864,53.78959],[-1.57948,53.78941],[-1.58032,53.78905],[-1.58076,53.78903],[-1.58066,53.78848],[-1.58195,53.7881],[-1.58188,53.78773],[-1.58251,53.78764],[-1.58201,53.78652],[-1.5829,53.7861],[-1.58033,53.78425],[-1.58223,53.78325],[-1.58274,53.78333],[-1.58338,53.78347],[-1.58526,53.78238],[-1.58781,53.78206],[-1.59178,53.78173],[-1.59528,53.78148],[-1.59578,53.78137],[-1.59585,53.78118],[-1.59552,53.78095],[-1.59556,53.78028],[-1.59413,53.77984],[-1.59399,53.77903],[-1.59467,53.77756],[-1.59654,53.77784],[-1.59722,53.77685],[-1.5995,53.77739],[-1.60245,53.77766],[-1.60445,53.77862],[-1.60385,53.78031],[-1.6134,53.77799],[-1.62006,53.77559],[-1.62411,53.7737],[-1.63074,53.77118],[-1.63289,53.77048],[-1.63494,53.76976],[-1.63546,53.76935],[-1.63561,53.76923],[-1.6359,53.769],[-1.63623,53.76883],[-1.63721,53.76853],[-1.63809,53.76816],[-1.63868,53.76786],[-1.63912,53.7675],[-1.63998,53.7666],[-1.64024,53.76615],[-1.64038,53.76565],[-1.63762,53.76524],[-1.63764,53.76467],[-1.63653,53.76411],[-1.63581,53.76404],[-1.63495,53.76417],[-1.63387,53.76407],[-1.63254,53.76393],[-1.63156,53.76385],[-1.63089,53.76365],[-1.63028,53.76332],[-1.63,53.76295],[-1.6294,53.76267],[-1.62938,53.76196],[-1.62735,53.76212],[-1.62517,53.76068],[-1.62194,53.75848],[-1.62065,53.75921],[-1.61694,53.75823],[-1.61982,53.75674],[-1.62154,53.75612],[-1.62344,53.7556],[-1.62688,53.75465],[-1.62761,53.75442],[-1.62817,53.75409],[-1.63079,53.75236],[-1.63172,53.75186],[-1.63299,53.75096],[-1.6347,53.75015],[-1.63551,53.74998],[-1.63741,53.74981],[-1.63918,53.74974],[-1.64049,53.74987],[-1.64238,53.75045],[-1.64342,53.75067],[-1.64542,53.75094],[-1.64769,53.75142],[-1.65065,53.75223],[-1.65134,53.75268],[-1.65214,53.75306],[-1.65317,53.75357],[-1.6542,53.75399],[-1.65454,53.75403],[-1.65502,53.754],[-1.65595,53.75392],[-1.65699,53.75431],[-1.65791,53.75482],[-1.65996,53.75603],[-1.66083,53.75649],[-1.66167,53.75677],[-1.65993,53.75773],[-1.65865,53.75826]]]}},{"type":"Feature","properties":{"source_code":"B86024","codes":["B86024"],"label":"PRIORY VIEW MEDICAL CENTRE"},"geometry":{"type":"MultiPolygon","coordinates":[[[[-1.59066,53.80684],[-1.59101,53.80698],[-1.5914,53.80726],[-1.57654,53.80227],[-1.59066,53.80684]]],[[[-1.59405,53.80815],[-1.59101,53.80698],[-1.59096,53.80694],[-1.59066,53.80684],[-1.57722,53.80166],[-1.57585,53.79801],[-1.558,53.78686],[-1.57963,53.77307],[-1.62357,53.77347],[-1.60641,53.78747],[-1.66168,53.7968],[-1.66855,53.8116],[-1.65241,53.80795],[-1.62769,53.81261],[-1.604,53.81646],[-1.5914,53.80726],[-1.59405,53.80815]]]]}},{"type":"Feature","properties":{"source_code":"B86075","codes":["B86075"],"label":"DR T P FOX & PARTNERS"},"geometry":{"type":"MultiPolygon","coordinates":[[[[-1.47217,53.83754],[-1.478,53.84098],[-1.47491,53.84402],[-1.46569,53.84579],[-1.47217,53.83754]]],[[[-1.4502,53.86589],[-1.43727,53.85598],[-1.42586,53.84643],[-1.42449,53.84408],[-1.42221,53.84103],[-1.41209,53.83511],[-1.41217,53.8349],[-1.41191,53.83501],[-1.42239,53.79741],[-1.42685,53.79193],[-1.40471,53.786],[-1.41176,53.77398],[-1.41041,53.76033],[-1.43646,53.76028],[-1.43226,53.77337],[-1.4514,53.77809],[-1.46564,53.7899],[-1.47045,53.79578],[-1.45775,53.79822],[-1.47114,53.79578],[-1.47749,53.8007],[-1.48109,53.80319],[-1.48084,53.81292],[-1.48139,53.81512],[-1.48047,53.81974],[-1.48041,53.82232],[-1.48084,53.82558],[-1.48234,53.82769],[-1.47697,53.82984],[-1.47217,53.83754],[-1.46564,53.84584],[-1.46191,53.85508],[-1.46039,53.85629],[-1.45835,53.85734],[-1.45625,53.85865],[-1.45466,53.86002],[-1.45153,53.86388],[-1.4502,53.86589]]]]}},{"type":"Feature","properties":{"source_code":"B86060","codes":["B86060"],"label":"THORNTON MEDICAL CENTRE"},"geometry":{"type":"Polygon","coordinates":[[[-1.56572,53.79376],[-1.5598,53.79173],[-1.55663,53.7897],[-1.54924,53.78585],[-1.55336,53.78412],[-1.55886,53.7823],[-1.56332,53.78027],[-1.5671,53.78027],[-1.5683,53.78159],[-1.56933,53.78351],[-1.56971,53.78425],[-1.56976,53.78458],[-1.56976,53.78473],[-1.57036,53.78534],[-1.57465,53.78722],[-1.57954,53.78478],[-1.58718,53.77773],[-1.59001,53.7773],[-1.60632,53.77425],[-1.61572,53.77366],[-1.62894,53.77324],[-1.63013,53.77402],[-1.63089,53.77581],[-1.63254,53.78515],[-1.63224,53.79758],[-1.6538,53.79569],[-1.65604,53.79757],[-1.65606,53.7977],[-1.65581,53.7981],[-1.65545,53.79839],[-1.6536,53.79934],[-1.65423,53.80059],[-1.65529,53.8026],[-1.64658,53.80407],[-1.64908,53.80779],[-1.65681,53.80934],[-1.65763,53.81086],[-1.65914,53.81176],[-1.65915,53.81469],[-1.65381,53.81601],[-1.65138,53.81885],[-1.64198,53.8171],[-1.64074,53.81641],[-1.63447,53.81991],[-1.62819,53.82019],[-1.62521,53.82058],[-1.62207,53.82047],[-1.61501,53.81831],[-1.60915,53.81646],[-1.60782,53.81256],[-1.59963,53.80481],[-1.59244,53.80301],[-1.58182,53.80242],[-1.57634,53.80204],[-1.56674,53.79831],[-1.56366,53.79558],[-1.56572,53.79376]]]}},{"type":"Feature","properties":{"source_code":"B86048","codes":["B86048"],"label":"GARFORTH MEDICAL CENTRE"},"geometry":{"type":"Polygon","coordinates":[[[-1.34823,53.85455],[-1.34016,53.83556],[-1.33681,53.82566],[-1.34102,53.81616],[-1.35029,53.77976],[-1.35101,53.78094],[-1.35029,53.77915],[-1.37329,53.7828],[-1.37569,53.78301],[-1.38599,53.7826],[-1.41586,53.78828],[-1.43852,53.83166],[-1.41432,53.84402],[-1.40445,53.84777],[-1.3805,53.85415],[-1.37953,53.85175],[-1.34823,53.85455]]]}},{"type":"Feature","properties":{"source_code":"B86043","codes":["B86043"],"label":"EAST PARK MEDICAL CENTRE"},"geometry":{"type":"MultiPolygon","coordinates":[[[[-1.45744,53.78838],[-1.45728,53.78833],[-1.46255,53.78836],[-1.45744,53.78838]]],[[[-1.45744,53.78838],[-1.45745,53.78838],[-1.45732,53.78838],[-1.45744,53.78838]]],[[[-1.44199,53.79778],[-1.44203,53.79788],[-1.44202,53.79766],[-1.44199,53.79778],[-1.44159,53.79672],[-1.4418,53.79639],[-1.44222,53.79609],[-1.44298,53.79558],[-1.44357,53.79438],[-1.4445,53.7932],[-1.44459,53.79253],[-1.44542,53.79201],[-1.44529,53.79152],[-1.44468,53.79125],[-1.44418,53.79116],[-1.44369,53.79102],[-1.44402,53.79015],[-1.44478,53.78931],[-1.44534,53.78842],[-1.44711,53.78716],[-1.45877,53.78878],[-1.45745,53.78838],[-1.46788,53.78846],[-1.48234,53.78881],[-1.4971,53.7896],[-1.49976,53.78983],[-1.51285,53.79054],[-1.51324,53.79018],[-1.51465,53.78914],[-1.51637,53.78813],[-1.5186,53.78765],[-1.52109,53.78785],[-1.52255,53.78886],[-1.52452,53.79003],[-1.52667,53.79066],[-1.52787,53.79137],[-1.52925,53.79239],[-1.53062,53.79348],[-1.53143,53.79459],[-1.53152,53.79604],[-1.53038,53.7968],[-1.5297,53.79716],[-1.52901,53.79758],[-1.52874,53.79779],[-1.52849,53.79805],[-1.52792,53.79831],[-1.52467,53.79787],[-1.52761,53.79832],[-1.52418,53.79785],[-1.52297,53.79779],[-1.5204,53.79792],[-1.52019,53.79795],[-1.52008,53.79794],[-1.52008,53.79794],[-1.52005,53.79794],[-1.51775,53.79772],[-1.51619,53.79753],[-1.51524,53.79743],[-1.51423,53.79745],[-1.51269,53.79755],[-1.51169,53.79776],[-1.51038,53.79819],[-1.50994,53.79841],[-1.50894,53.79867],[-1.50837,53.79892],[-1.50789,53.79898],[-1.50752,53.79905],[-1.50646,53.79936],[-1.50596,53.79958],[-1.50499,53.79985],[-1.50292,53.80045],[-1.50134,53.80068],[-1.49795,53.80126],[-1.49414,53.80156],[-1.49208,53.8013],[-1.48869,53.80144],[-1.47981,53.80412],[-1.47659,53.80502],[-1.47571,53.80546],[-1.4749,53.80583],[-1.47406,53.80616],[-1.47313,53.80644],[-1.47143,53.80677],[-1.46967,53.80707],[-1.46637,53.8081],[-1.46598,53.80827],[-1.46554,53.80824],[-1.46497,53.80821],[-1.46429,53.80822],[-1.45851,53.80816],[-1.45558,53.80821],[-1.45408,53.80811],[-1.45266,53.80783],[-1.45249,53.80693],[-1.45256,53.80604],[-1.45242,53.8049],[-1.45223,53.80429],[-1.45174,53.80379],[-1.44612,53.80061],[-1.44306,53.79878],[-1.44243,53.79849],[-1.44193,53.79806],[-1.44199,53.79778]]]]}},{"type":"Feature","properties":{"source_code":"B86018","codes":["B86018"],"label":"MULBERRY STREET MEDICAL PRACTICE"},"geometry":{"type":"Polygon","coordinates":[[[-1.70563,53.82984],[-1.66374,53.82335],[-1.63628,53.81606],[-1.62392,53.78848],[-1.67198,53.76901],[-1.69876,53.80714],[-1.70563,53.82741],[-1.70563,53.82984]]]}},{"type":"Feature","properties":{"source_code":"B86014","codes":["B86014"],"label":"ROBIN LANE HEALTH AND WELLBEING CENTRE"},"geometry":{"type":"Polygon","coordinates":[[[-1.66683,53.82437],[-1.61259,53.82113],[-1.60641,53.81565],[-1.60366,53.80207],[-1.6198,53.80491],[-1.62186,53.79457],[-1.61018,53.79071],[-1.60709,53.78706],[-1.59782,53.78159],[-1.62495,53.7682],[-1.68262,53.76434],[-1.71043,53.79213],[-1.71352,53.79599],[-1.70803,53.80106],[-1.70357,53.80166],[-1.70494,53.81099],[-1.70288,53.82376],[-1.70048,53.83227],[-1.68743,53.83511],[-1.66683,53.82437]]]}},{"type":"Feature","properties":{"source_code":"B86658","codes":["B86658"],"label":"MOORFIELD HOUSE SURGERY"},"geometry":{"type":"Polygon","coordinates":[[[-1.43234,53.82498],[-1.40419,53.83409],[-1.39338,53.83622],[-1.38256,53.84058],[-1.2648,53.8837],[-1.21202,53.85561],[-1.22549,53.82852],[-1.22832,53.82746],[-1.23858,53.82661],[-1.24859,53.82593],[-1.25334,53.82566],[-1.26491,53.82482],[-1.27072,53.82442],[-1.31527,53.82113],[-1.26491,53.82482],[-1.24859,53.82593],[-1.24677,53.82603],[-1.24036,53.82646],[-1.23858,53.82661],[-1.22824,53.82731],[-1.2339,53.79943],[-1.23322,53.79051],[-1.23287,53.77976],[-1.29587,53.75876],[-1.36299,53.73693],[-1.38084,53.74851],[-1.43098,53.71581],[-1.51539,53.74506],[-1.48109,53.76454],[-1.42397,53.77294],[-1.42305,53.77622],[-1.44582,53.78306],[-1.44105,53.78861],[-1.45148,53.80471],[-1.43234,53.82498]]]}},{"type":"Feature","properties":{"source_code":"B86003","codes":["B86003"],"label":"DR G LEES & PARTNERS"},"geometry":{"type":"Polygon","coordinates":[[[-1.63044,53.8114],[-1.57894,53.79883],[-1.56693,53.79376],[-1.62495,53.77286],[-1.65138,53.79477],[-1.63044,53.8114]]]}},{"type":"Feature","properties":{"source_code":"B86655","codes":["B86655"],"label":"BEECH TREE MEDICAL CENTRE"},"geometry":{"type":"Polygon","coordinates":[[[-1.62151,53.80187],[-1.63538,53.81006],[-1.61842,53.80775],[-1.5683,53.79761],[-1.62872,53.77104],[-1.66718,53.78929],[-1.66786,53.8045],[-1.65138,53.8195],[-1.63538,53.81006],[-1.6358,53.81012],[-1.63662,53.81059],[-1.64074,53.81079],[-1.6358,53.81012],[-1.62151,53.80187]]]}},{"type":"Feature","properties":{"source_code":"B86669","codes":["B86669"],"label":"YORK STREET HEALTH PRACTICE"},"geometry":{"type":"MultiPolygon","coordinates":[[[[-1.52159,53.73113],[-1.51817,53.73084],[-1.52504,53.73084],[-1.52539,53.731],[-1.52985,53.73084],[-1.54015,53.73287],[-1.53401,53.73287],[-1.53053,53.73328],[-1.52888,53.73255],[-1.52435,53.73206],[-1.51817,53.73125],[-1.52159,53.73113]]],[[[-1.56925,53.73707],[-1.55457,53.7349],[-1.55512,53.73555],[-1.54152,53.73409],[-1.57104,53.73572],[-1.57007,53.73716],[-1.56925,53.73707]]],[[[-1.57005,53.73719],[-1.57007,53.73716],[-1.58684,53.73896],[-1.57654,53.73815],[-1.57005,53.73719]]],[[[-1.55512,53.73555],[-1.56925,53.73707],[-1.57005,53.73719],[-1.56919,53.73846],[-1.57173,53.73815],[-1.60744,53.7548],[-1.64005,53.76231],[-1.63422,53.78848],[-1.6452,53.80552],[-1.6555,53.82214],[-1.63628,53.83146],[-1.59164,53.8428],[-1.53397,53.85131],[-1.47011,53.83835],[-1.44882,53.8266],[-1.44728,53.82528],[-1.43792,53.81955],[-1.43942,53.81304],[-1.44161,53.80613],[-1.43819,53.80322],[-1.43578,53.80227],[-1.43028,53.80187],[-1.42479,53.79781],[-1.43808,53.80313],[-1.42754,53.79416],[-1.43286,53.77915],[-1.47663,53.77225],[-1.52779,53.74343],[-1.56221,53.7393],[-1.558,53.73896],[-1.55512,53.73555]]]]}},{"type":"Feature","properties":{"source_code":"B83058","codes":["B83058"],"label":"THE AVICENNA MEDICAL PRACTICE"},"geometry":{"type":"Polygon","coordinates":[[[-1.71113,53.7878],[-1.72783,53.79879],[-1.71129,53.78757],[-1.71121,53.7875],[-1.71113,53.7878],[-1.71078,53.78757],[-1.71099,53.78733],[-1.70546,53.7828],[-1.70391,53.77763],[-1.72554,53.77672],[-1.72812,53.78666],[-1.74322,53.79269],[-1.75043,53.80085],[-1.75043,53.80744],[-1.74523,53.81022],[-1.74562,53.81048],[-1.7379,53.81474],[-1.73189,53.81727],[-1.72365,53.81697],[-1.71988,53.81586],[-1.71593,53.81292],[-1.70734,53.80927],[-1.70614,53.8041],[-1.70752,53.80106],[-1.70443,53.79893],[-1.70992,53.79284],[-1.71113,53.7878]]]}},{"type":"Feature","properties":{"source_code":"B83032","codes":["B83032"],"label":"BRADFORD MOOR PRACTICE"},"geometry":{"type":"MultiPolygon","coordinates":[[[[-1.70673,53.78637],[-1.70651,53.78649],[-1.70679,53.78632],[-1.70673,53.78637]]],[[[-1.71493,53.81255],[-1.71633,53.81351],[-1.71186,53.81042],[-1.71493,53.81255],[-1.71185,53.81043],[-1.71063,53.8099],[-1.71131,53.80917],[-1.71655,53.80625],[-1.71867,53.80694],[-1.72657,53.81241],[-1.72476,53.8138],[-1.72381,53.81449],[-1.72294,53.81512],[-1.72666,53.81244],[-1.72324,53.81005],[-1.71874,53.80691],[-1.71734,53.80581],[-1.71655,53.80625],[-1.71342,53.80523],[-1.7073,53.80417],[-1.70166,53.80254],[-1.69224,53.8043],[-1.69026,53.80151],[-1.68885,53.80012],[-1.69615,53.79632],[-1.69307,53.79273],[-1.70008,53.79121],[-1.69976,53.78927],[-1.70591,53.78824],[-1.70616,53.78684],[-1.70673,53.78637],[-1.70756,53.78592],[-1.70756,53.78592],[-1.71256,53.78337],[-1.70703,53.78289],[-1.70325,53.78216],[-1.69998,53.78009],[-1.70015,53.77762],[-1.69816,53.77241],[-1.69925,53.76988],[-1.70018,53.76776],[-1.70119,53.7662],[-1.70212,53.76466],[-1.70494,53.76576],[-1.71764,53.77007],[-1.72357,53.77274],[-1.72644,53.77407],[-1.72726,53.77611],[-1.73326,53.7826],[-1.74279,53.78848],[-1.74592,53.78924],[-1.74648,53.79092],[-1.74279,53.7934],[-1.74442,53.7969],[-1.75017,53.80151],[-1.75271,53.80351],[-1.75404,53.80653],[-1.75301,53.81018],[-1.75009,53.80864],[-1.75335,53.81038],[-1.75425,53.81146],[-1.75464,53.81264],[-1.75266,53.81459],[-1.74803,53.81839],[-1.74365,53.82107],[-1.73687,53.82356],[-1.73168,53.82325],[-1.72674,53.82346],[-1.7244,53.82315],[-1.72133,53.82444],[-1.71831,53.82511],[-1.71671,53.82553],[-1.71563,53.8265],[-1.71509,53.82209],[-1.71837,53.81712],[-1.71947,53.8163],[-1.71756,53.81437],[-1.71493,53.81255]]]]}},{"type":"Feature","properties":{"source_code":"B86648","codes":["B86648"],"label":"FAMILY DOCTORS"},"geometry":{"type":"Polygon","coordinates":[[[-1.45268,53.81489],[-1.43908,53.81558],[-1.41191,53.79984],[-1.42462,53.79158],[-1.43955,53.78027],[-1.46685,53.78625],[-1.48418,53.79913],[-1.45268,53.81489]]]}},{"type":"Feature","properties":{"source_code":"B86054","codes":["B86054"],"label":"THE GARDEN SURGERY"},"geometry":{"type":"MultiPolygon","coordinates":[[[[-1.47955,53.8341],[-1.47974,53.83414],[-1.47959,53.83412],[-1.47955,53.8341]]],[[[-1.53275,53.78871],[-1.52379,53.78364],[-1.52794,53.788],[-1.52787,53.78797],[-1.5259,53.78666],[-1.5247,53.78686],[-1.52787,53.78797],[-1.528,53.78806],[-1.52982,53.78997],[-1.52842,53.78834],[-1.528,53.78806],[-1.52794,53.788],[-1.53573,53.79073],[-1.53275,53.78871],[-1.53594,53.79051],[-1.52435,53.80369],[-1.51646,53.81809],[-1.49337,53.8232],[-1.47801,53.83372],[-1.47953,53.83408],[-1.47955,53.8341],[-1.478,53.83373],[-1.47303,53.83713],[-1.4611,53.83478],[-1.45655,53.82335],[-1.43972,53.80937],[-1.44024,53.7971],[-1.44122,53.79691],[-1.43966,53.7969],[-1.43612,53.79616],[-1.5171,53.78187],[-1.51206,53.78291],[-1.52148,53.78105],[-1.53275,53.78871]]],[[[-1.44406,53.79621],[-1.44293,53.79657],[-1.48231,53.7888],[-1.46873,53.79139],[-1.45217,53.79464],[-1.44406,53.79621]]]]}},{"type":"Feature","properties":{"source_code":"B86016","codes":["B86016"],"label":"SHAFTESBURY MEDICAL CTR."},"geometry":{"type":"Polygon","coordinates":[[[-1.41174,53.82335],[-1.42925,53.79274],[-1.43063,53.78443],[-1.47334,53.78929],[-1.50581,53.78929],[-1.53225,53.79578],[-1.52238,53.79485],[-1.53246,53.79599],[-1.46221,53.85516],[-1.42136,53.85698],[-1.42136,53.84139],[-1.43337,53.83551],[-1.41174,53.82335]],[[-1.47979,53.78992],[-1.47477,53.78945],[-1.49277,53.79149],[-1.48963,53.79104],[-1.47979,53.78992]]]}},{"type":"Feature","properties":{"source_code":"B86011","codes":["B86011"],"label":"HILLFOOT SURGERY"},"geometry":{"type":"Polygon","coordinates":[[[-1.67825,53.79812],[-1.67825,53.79472],[-1.67962,53.79492],[-1.68125,53.79396],[-1.69627,53.79599],[-1.69936,53.80045],[-1.70417,53.80075],[-1.70331,53.80172],[-1.70254,53.80182],[-1.70065,53.80232],[-1.70134,53.80288],[-1.70391,53.80364],[-1.70271,53.80577],[-1.69636,53.81109],[-1.69198,53.81195],[-1.68786,53.81271],[-1.68726,53.812],[-1.6864,53.81059],[-1.68563,53.80942],[-1.68511,53.80871],[-1.68503,53.808],[-1.68468,53.80638],[-1.68417,53.80597],[-1.67825,53.79812]]]}},{"type":"Feature","properties":{"source_code":"B86094","codes":["B86094"],"label":"DR S M CHEN & PARTNER"},"geometry":{"type":"Polygon","coordinates":[[[-1.63512,53.7824],[-1.6883,53.79578],[-1.6732,53.83085],[-1.58776,53.80248],[-1.63512,53.7824]]]}},{"type":"Feature","properties":{"source_code":"Y02494","codes":["Y02494"],"label":"SHAKESPEARE MEDICAL PRACTICE"},"geometry":{"type":"Polygon","coordinates":[[[-1.52435,53.8116],[-1.61048,53.73564],[-1.68228,53.80227],[-1.72073,53.87723],[-1.42685,53.85415],[-1.35612,53.74303],[-1.61499,53.73165],[-1.61048,53.73564],[-1.60881,53.73409],[-1.52435,53.8116]]]}},{"type":"Feature","properties":{"source_code":"B86675","codes":["B86675"],"label":"LINCOLN GREEN MEDICAL CENTRE"},"geometry":{"type":"Polygon","coordinates":[[[-1.51681,53.81627],[-1.50544,53.81006],[-1.499,53.8112],[-1.49257,53.80968],[-1.49085,53.80525],[-1.49686,53.80386],[-1.50801,53.80043],[-1.51423,53.79777],[-1.52174,53.79955],[-1.52539,53.79891],[-1.53933,53.80157],[-1.54169,53.80512],[-1.53525,53.80626],[-1.53311,53.8088],[-1.52281,53.81108],[-1.51681,53.81627]]]}},{"type":"Feature","properties":{"source_code":"B83005","codes":["B83005"],"label":"THORNBURY MEDICAL PRACTICE"},"geometry":{"type":"MultiPolygon","coordinates":[[[[-1.72374,53.77663],[-1.72373,53.77668],[-1.72284,53.7717],[-1.72374,53.77663]]],[[[-1.71152,53.81066],[-1.71151,53.81069],[-1.71151,53.81066],[-1.71152,53.81066]]],[[[-1.71152,53.81066],[-1.71164,53.81041],[-1.71198,53.81066],[-1.71194,53.81064],[-1.71234,53.81093],[-1.71152,53.81066]]],[[[-1.71151,53.81069],[-1.71151,53.81084],[-1.71138,53.81097],[-1.71151,53.81069]]],[[[-1.71235,53.81093],[-1.71198,53.81066],[-1.71267,53.81104],[-1.71235,53.81093]]],[[[-1.71234,53.81093],[-1.71235,53.81093],[-1.71299,53.81141],[-1.71234,53.81093]]],[[[-1.71138,53.81097],[-1.71114,53.81146],[-1.71112,53.81145],[-1.71125,53.81109],[-1.71138,53.81097]]],[[[-1.72373,53.77668],[-1.72405,53.77844],[-1.72408,53.77853],[-1.72374,53.77663],[-1.72374,53.77659],[-1.72683,53.77834],[-1.7279,53.77986],[-1.72442,53.78019],[-1.72442,53.78001],[-1.72442,53.77976],[-1.72425,53.77941],[-1.72423,53.77933],[-1.72414,53.77883],[-1.72412,53.77887],[-1.72417,53.77913],[-1.72423,53.77933],[-1.72957,53.80868],[-1.71948,53.81622],[-1.71957,53.81629],[-1.71946,53.81623],[-1.71946,53.81623],[-1.71957,53.81631],[-1.69324,53.83754],[-1.6931,53.83784],[-1.69297,53.83769],[-1.68142,53.8265],[-1.67576,53.82085],[-1.68636,53.81824],[-1.6837,53.80582],[-1.6737,53.79786],[-1.67683,53.79393],[-1.70734,53.78296],[-1.70153,53.77726],[-1.69807,53.7722],[-1.70893,53.76728],[-1.72279,53.77165],[-1.72202,53.77336],[-1.72365,53.77744],[-1.72373,53.77668]]],[[[-1.71387,53.80714],[-1.71627,53.80896],[-1.718,53.80955],[-1.71799,53.80947],[-1.71387,53.80714],[-1.71644,53.80633],[-1.72022,53.80673],[-1.7197,53.80917],[-1.71988,53.8117],[-1.71848,53.81215],[-1.71841,53.81178],[-1.71733,53.81252],[-1.71848,53.81215],[-1.71918,53.816],[-1.71945,53.8162],[-1.72326,53.78103],[-1.72142,53.78564],[-1.72142,53.78159],[-1.72142,53.77471],[-1.72073,53.77625],[-1.72073,53.78483],[-1.72005,53.80592],[-1.71647,53.80493],[-1.71627,53.80633],[-1.71387,53.80714]]],[[[-1.71043,53.80633],[-1.71137,53.80353],[-1.71095,53.80341],[-1.71095,53.8041],[-1.71043,53.80633]]],[[[-1.70662,53.80773],[-1.70906,53.80298],[-1.71059,53.80331],[-1.70975,53.80308],[-1.71842,53.78259],[-1.71908,53.78062],[-1.71969,53.77857],[-1.70662,53.80773]]],[[[-1.71299,53.81141],[-1.71563,53.81335],[-1.71748,53.81474],[-1.71087,53.80812],[-1.71095,53.80846],[-1.71079,53.80847],[-1.71095,53.8118],[-1.70872,53.81636],[-1.70884,53.81636],[-1.71114,53.81146],[-1.71945,53.81622],[-1.71945,53.81622],[-1.71918,53.81602],[-1.71919,53.81606],[-1.71911,53.81596],[-1.71784,53.81501],[-1.71799,53.81525],[-1.71748,53.81474],[-1.71299,53.81141]]],[[[-1.71784,53.81501],[-1.71907,53.81592],[-1.71661,53.81302],[-1.71661,53.81302],[-1.71784,53.81501]]],[[[-1.70631,53.80876],[-1.70854,53.80856],[-1.7062,53.80866],[-1.70306,53.81567],[-1.70631,53.80876]]],[[[-1.70175,53.81858],[-1.70166,53.81878],[-1.70803,53.81809],[-1.70869,53.81669],[-1.70847,53.81688],[-1.70803,53.81778],[-1.70736,53.81787],[-1.70734,53.81788],[-1.70692,53.81792],[-1.70175,53.81858]]],[[[-1.70111,53.81999],[-1.70039,53.82183],[-1.70074,53.82118],[-1.70108,53.82042],[-1.70117,53.81987],[-1.70111,53.81999]]],[[[-1.69536,53.83281],[-1.69527,53.83301],[-1.69533,53.83293],[-1.69536,53.83281]]]]}},{"type":"Feature","properties":{"source_code":"B86009","codes":["B86009"],"label":"MANSTON SURGERY"},"geometry":{"type":"Polygon","coordinates":[[[-1.48745,53.80189],[-1.48646,53.80217],[-1.48676,53.80357],[-1.48753,53.80486],[-1.48908,53.80952],[-1.48702,53.81056],[-1.4847,53.8114],[-1.48073,53.81269],[-1.48036,53.81388],[-1.48073,53.81586],[-1.47997,53.81727],[-1.47946,53.81819],[-1.48049,53.82101],[-1.48367,53.82454],[-1.48354,53.82681],[-1.48043,53.82845],[-1.47758,53.82969],[-1.47444,53.83371],[-1.47331,53.83583],[-1.46925,53.84078],[-1.46444,53.84934],[-1.44178,53.84848],[-1.42633,53.84422],[-1.42024,53.8421],[-1.41683,53.8408],[-1.41375,53.83991],[-1.41281,53.83961],[-1.41187,53.83936],[-1.41071,53.83885],[-1.40604,53.83716],[-1.39889,53.83613],[-1.3914,53.83612],[-1.38074,53.83374],[-1.37831,53.82771],[-1.3807,53.82424],[-1.3855,53.82371],[-1.39011,53.82335],[-1.39457,53.82284],[-1.39988,53.82216],[-1.40097,53.81555],[-1.40159,53.81097],[-1.40306,53.80487],[-1.4177,53.79977],[-1.42271,53.79793],[-1.42788,53.79254],[-1.43063,53.78884],[-1.4523,53.78369],[-1.46926,53.78683],[-1.47506,53.79113],[-1.47511,53.79157],[-1.47527,53.79227],[-1.47629,53.79425],[-1.47648,53.79508],[-1.47704,53.79593],[-1.47621,53.79638],[-1.47602,53.79711],[-1.47529,53.79738],[-1.47589,53.79764],[-1.48152,53.79963],[-1.48545,53.80098],[-1.48745,53.80189]]]}},{"type":"Feature","properties":{"source_code":"B86025","codes":["B86025"],"label":"HYDE PARK SURGERY"},"geometry":{"type":"Polygon","coordinates":[[[-1.56408,53.81572],[-1.56295,53.81538],[-1.56147,53.81464],[-1.55694,53.811],[-1.55242,53.80888],[-1.55191,53.8075],[-1.54969,53.80619],[-1.54891,53.80517],[-1.55211,53.80421],[-1.55413,53.80211],[-1.55515,53.79999],[-1.55593,53.79932],[-1.55593,53.79925],[-1.55643,53.79888],[-1.55838,53.79858],[-1.56037,53.79852],[-1.5633,53.79902],[-1.56591,53.80008],[-1.57433,53.80388],[-1.58771,53.80808],[-1.5959,53.81089],[-1.59832,53.81202],[-1.59972,53.81356],[-1.60078,53.81434],[-1.6023,53.81584],[-1.60183,53.81602],[-1.59871,53.81662],[-1.59617,53.81706],[-1.59567,53.81704],[-1.59247,53.81678],[-1.5906,53.81688],[-1.589,53.81699],[-1.5895,53.81821],[-1.58884,53.81844],[-1.58888,53.81897],[-1.58701,53.82031],[-1.58467,53.82093],[-1.58065,53.82091],[-1.57952,53.82104],[-1.57765,53.82141],[-1.56973,53.8221],[-1.56618,53.82072],[-1.56279,53.81939],[-1.56408,53.81572]]]}},{"type":"Feature","properties":{"source_code":"B86110","codes":["B86110"],"label":"LEEDS STUDENT MEDICAL PRACTICE"},"geometry":{"type":"Polygon","coordinates":[[[-1.58813,53.84809],[-1.58814,53.8481],[-1.58822,53.84805],[-1.58954,53.84742],[-1.5894,53.84734],[-1.58822,53.84805],[-1.58813,53.84809],[-1.58742,53.84734],[-1.58675,53.84673],[-1.58596,53.84577],[-1.58423,53.84437],[-1.58285,53.84372],[-1.58291,53.84337],[-1.58203,53.84307],[-1.58169,53.84301],[-1.58165,53.84311],[-1.58113,53.84296],[-1.58092,53.84292],[-1.58062,53.84288],[-1.58036,53.84275],[-1.58014,53.84278],[-1.57989,53.84278],[-1.57819,53.84248],[-1.57696,53.8424],[-1.57461,53.84253],[-1.57242,53.84283],[-1.57152,53.84293],[-1.57049,53.84311],[-1.56999,53.8432],[-1.56941,53.84321],[-1.56871,53.84321],[-1.56714,53.84308],[-1.56452,53.84278],[-1.56306,53.84251],[-1.56156,53.84245],[-1.5606,53.84244],[-1.55963,53.84255],[-1.55847,53.84278],[-1.55684,53.84301],[-1.55521,53.84336],[-1.55349,53.84374],[-1.55203,53.84422],[-1.55036,53.84483],[-1.5489,53.84549],[-1.54824,53.84525],[-1.5477,53.84498],[-1.54693,53.84425],[-1.54607,53.84364],[-1.54594,53.84328],[-1.5459,53.84331],[-1.5459,53.84316],[-1.54552,53.84257],[-1.54935,53.84054],[-1.55323,53.83827],[-1.55296,53.8382],[-1.55228,53.83778],[-1.5518,53.8372],[-1.55055,53.83594],[-1.54954,53.83559],[-1.54984,53.83518],[-1.54815,53.8335],[-1.54695,53.83238],[-1.54349,53.83341],[-1.5413,53.83435],[-1.54045,53.83531],[-1.53993,53.83615],[-1.53942,53.83622],[-1.53809,53.83526],[-1.53684,53.83468],[-1.53491,53.83432],[-1.53311,53.83384],[-1.53131,53.83313],[-1.52886,53.83214],[-1.52701,53.831],[-1.52633,53.83047],[-1.52517,53.8287],[-1.52362,53.82665],[-1.52246,53.82614],[-1.52122,53.82574],[-1.51976,53.82472],[-1.5171,53.82275],[-1.51603,53.82181],[-1.5153,53.8208],[-1.51444,53.81993],[-1.51412,53.81974],[-1.51427,53.81961],[-1.51504,53.81874],[-1.51646,53.81831],[-1.51594,53.81783],[-1.51581,53.81748],[-1.51667,53.81687],[-1.51697,53.81625],[-1.51697,53.81563],[-1.51706,53.81439],[-1.51723,53.81249],[-1.51701,53.80904],[-1.5168,53.80851],[-1.51719,53.80803],[-1.51847,53.80711],[-1.52045,53.80574],[-1.52225,53.80435],[-1.52401,53.80253],[-1.52422,53.8021],[-1.52384,53.80161],[-1.52332,53.80113],[-1.523,53.80106],[-1.52317,53.80064],[-1.52261,53.80051],[-1.52281,53.80036],[-1.52255,53.80019],[-1.52349,53.80019],[-1.52427,53.80032],[-1.52491,53.80012],[-1.52538,53.79951],[-1.52487,53.79905],[-1.52405,53.79905],[-1.52319,53.799],[-1.52238,53.7988],[-1.5238,53.79832],[-1.52414,53.79801],[-1.52568,53.79809],[-1.52672,53.79828],[-1.5267,53.79864],[-1.52742,53.7983],[-1.52765,53.79829],[-1.52798,53.79804],[-1.52852,53.7978],[-1.52914,53.79748],[-1.52967,53.79723],[-1.5302,53.79681],[-1.53073,53.79641],[-1.53173,53.79558],[-1.53184,53.79549],[-1.52942,53.79259],[-1.53019,53.79364],[-1.5312,53.7948],[-1.5318,53.79552],[-1.53173,53.79558],[-1.5302,53.79681],[-1.52963,53.79723],[-1.52914,53.79748],[-1.52742,53.7983],[-1.52691,53.79832],[-1.52672,53.79828],[-1.52699,53.79263],[-1.52766,53.79127],[-1.52654,53.79064],[-1.52478,53.79016],[-1.52371,53.78962],[-1.52191,53.78805],[-1.52364,53.78957],[-1.52224,53.78887],[-1.52111,53.78812],[-1.51987,53.78755],[-1.51931,53.78709],[-1.51822,53.78656],[-1.52324,53.78468],[-1.52641,53.78427],[-1.52757,53.7843],[-1.53002,53.78438],[-1.5307,53.78392],[-1.53328,53.78312],[-1.53517,53.78278],[-1.53658,53.78159],[-1.53809,53.78034],[-1.53858,53.781],[-1.53882,53.78166],[-1.54259,53.78339],[-1.54422,53.78443],[-1.54525,53.78699],[-1.54611,53.78838],[-1.546,53.78888],[-1.54624,53.78935],[-1.54753,53.79006],[-1.54753,53.79076],[-1.54742,53.79142],[-1.54737,53.79189],[-1.548,53.79213],[-1.54854,53.79248],[-1.54896,53.79289],[-1.55075,53.79302],[-1.55431,53.79307],[-1.55714,53.79274],[-1.55818,53.7927],[-1.55895,53.79311],[-1.55981,53.79381],[-1.56078,53.79434],[-1.56174,53.79468],[-1.56235,53.79478],[-1.56284,53.79494],[-1.56338,53.79512],[-1.56377,53.79532],[-1.56389,53.79535],[-1.56396,53.79524],[-1.56491,53.79464],[-1.56556,53.79414],[-1.56594,53.79394],[-1.56618,53.79399],[-1.56667,53.79419],[-1.56727,53.79442],[-1.56796,53.79459],[-1.56881,53.79457],[-1.5689,53.79525],[-1.5722,53.79639],[-1.57465,53.79728],[-1.57744,53.79814],[-1.57886,53.79855],[-1.60422,53.81322],[-1.60538,53.81297],[-1.60662,53.81256],[-1.60727,53.81251],[-1.60804,53.81185],[-1.60898,53.81185],[-1.61121,53.81137],[-1.61336,53.81099],[-1.61435,53.81099],[-1.61435,53.81406],[-1.61297,53.81413],[-1.6113,53.81431],[-1.60984,53.81454],[-1.60868,53.81487],[-1.61023,53.81669],[-1.61003,53.81658],[-1.61018,53.81667],[-1.61571,53.81918],[-1.62038,53.82205],[-1.62739,53.82323],[-1.63254,53.82568],[-1.62703,53.83021],[-1.62216,53.8326],[-1.6182,53.83424],[-1.61746,53.83379],[-1.61699,53.83325],[-1.61327,53.83364],[-1.61456,53.83726],[-1.60971,53.83847],[-1.60486,53.83901],[-1.60147,53.83861],[-1.59807,53.83766],[-1.59626,53.83755],[-1.59454,53.83789],[-1.59486,53.84088],[-1.59356,53.84506],[-1.59274,53.84934],[-1.59072,53.84813],[-1.59275,53.84945],[-1.58914,53.84922],[-1.58949,53.84921],[-1.5881,53.84811],[-1.58813,53.84809]]]}},{"type":"Feature","properties":{"source_code":"B86055","codes":["B86055"],"label":"ASHFIELD MEDICAL CENTRE"},"geometry":{"type":"Polygon","coordinates":[[[-1.47543,53.84113],[-1.47334,53.84089],[-1.47209,53.84084],[-1.43887,53.83977],[-1.43889,53.83956],[-1.43887,53.83956],[-1.43886,53.83951],[-1.43878,53.83951],[-1.43886,53.83951],[-1.43883,53.83942],[-1.43861,53.83941],[-1.43851,53.83815],[-1.43749,53.83409],[-1.43509,53.8349],[-1.43495,53.83482],[-1.43475,53.8349],[-1.43372,53.83414],[-1.42971,53.83193],[-1.42796,53.83219],[-1.42239,53.83328],[-1.42067,53.82761],[-1.41586,53.82356],[-1.41895,53.80836],[-1.42296,53.80881],[-1.42367,53.80881],[-1.4235,53.8083],[-1.41851,53.80754],[-1.41611,53.80592],[-1.41199,53.80369],[-1.41233,53.80308],[-1.41885,53.80308],[-1.41886,53.80308],[-1.41555,53.80216],[-1.41199,53.80288],[-1.41488,53.80198],[-1.41302,53.80146],[-1.41734,53.80121],[-1.4178,53.80106],[-1.41645,53.80045],[-1.42023,53.79862],[-1.42067,53.79994],[-1.42503,53.79822],[-1.42425,53.79991],[-1.42501,53.80053],[-1.42537,53.80045],[-1.42533,53.80079],[-1.42646,53.8017],[-1.42608,53.79864],[-1.42513,53.79538],[-1.42559,53.79479],[-1.42556,53.79452],[-1.4261,53.79414],[-1.42719,53.79274],[-1.44505,53.79862],[-1.44882,53.79741],[-1.43715,53.79335],[-1.43887,53.79051],[-1.44917,53.7899],[-1.45844,53.79092],[-1.46873,53.7895],[-1.47251,53.79497],[-1.47663,53.79862],[-1.48281,53.80329],[-1.47578,53.80626],[-1.47599,53.80726],[-1.47732,53.81038],[-1.47835,53.81221],[-1.47938,53.81342],[-1.48023,53.81554],[-1.48075,53.81646],[-1.48065,53.81659],[-1.48109,53.81768],[-1.47981,53.81775],[-1.47972,53.81788],[-1.4842,53.82353],[-1.48564,53.82406],[-1.48481,53.82445],[-1.48365,53.82604],[-1.48358,53.82655],[-1.48301,53.82693],[-1.48281,53.8272],[-1.48234,53.82737],[-1.48152,53.82791],[-1.4768,53.82979],[-1.47493,53.83245],[-1.47251,53.83673],[-1.478,53.83936],[-1.47629,53.84098],[-1.47568,53.84096],[-1.47543,53.84113]],[[-1.44133,53.80483],[-1.4405,53.80405],[-1.42942,53.80409],[-1.43193,53.80612],[-1.43361,53.80592],[-1.43807,53.80592],[-1.43761,53.80646],[-1.44013,53.80653],[-1.43876,53.80754],[-1.43689,53.80975],[-1.43738,53.80998],[-1.43258,53.80998],[-1.43121,53.80957],[-1.42944,53.80957],[-1.43451,53.81072],[-1.43818,53.8114],[-1.43864,53.81004],[-1.43955,53.80714],[-1.44196,53.80636],[-1.44196,53.80633],[-1.44133,53.80483]],[[-1.43581,53.80926],[-1.43529,53.80884],[-1.43502,53.8089],[-1.43581,53.80926]],[[-1.43148,53.80617],[-1.42915,53.80592],[-1.42743,53.80545],[-1.42953,53.8064],[-1.43148,53.80617]]]}},{"type":"Feature","properties":{"source_code":"B86069","codes":["B86069"],"label":"BURLEY PARK MEDICAL CENTRE"},"geometry":{"type":"Polygon","coordinates":[[[-1.58285,53.84286],[-1.58134,53.84165],[-1.58004,53.84079],[-1.5814,53.83737],[-1.58346,53.83456],[-1.58275,53.83293],[-1.58229,53.83129],[-1.57939,53.82956],[-1.57804,53.82823],[-1.57332,53.82684],[-1.57161,53.82423],[-1.56827,53.82102],[-1.5615,53.81821],[-1.56152,53.81472],[-1.55372,53.80924],[-1.5493,53.80592],[-1.54214,53.80442],[-1.54001,53.80158],[-1.53444,53.79995],[-1.53551,53.79831],[-1.53388,53.79462],[-1.53637,53.79236],[-1.53989,53.7909],[-1.54229,53.79116],[-1.54573,53.78885],[-1.5581,53.79172],[-1.56807,53.79462],[-1.57384,53.79735],[-1.58117,53.79907],[-1.58766,53.79835],[-1.60282,53.80195],[-1.60481,53.8044],[-1.60572,53.80598],[-1.60714,53.80755],[-1.60724,53.80878],[-1.60748,53.81197],[-1.61051,53.81145],[-1.61482,53.81084],[-1.61468,53.81399],[-1.60444,53.81594],[-1.60209,53.81582],[-1.60277,53.81828],[-1.60533,53.82125],[-1.61937,53.82452],[-1.62786,53.82923],[-1.62169,53.83222],[-1.61585,53.83521],[-1.61791,53.83642],[-1.60572,53.8388],[-1.60216,53.83879],[-1.59791,53.83756],[-1.59422,53.83754],[-1.58984,53.83954],[-1.58634,53.84206],[-1.58468,53.84279],[-1.58285,53.84286]]]}},{"type":"Feature","properties":{"source_code":"B86104","codes":["B86104"],"label":"BRAMLEY VILLAGE HEALTH & WELLBEING CTR"},"geometry":{"type":"Polygon","coordinates":[[[-1.71112,53.81155],[-1.69136,53.83518],[-1.64532,53.83632],[-1.6087,53.82224],[-1.59466,53.80253],[-1.57069,53.79295],[-1.56025,53.79256],[-1.53338,53.78287],[-1.5183,53.77163],[-1.50371,53.75995],[-1.5134,53.73282],[-1.54287,53.73022],[-1.60365,53.7302],[-1.67687,53.78724],[-1.71112,53.81155]]]}},{"type":"Feature","properties":{"source_code":"B86081","codes":["B86081"],"label":"BELLBROOKE SURGERY"},"geometry":{"type":"Polygon","coordinates":[[[-1.49036,53.81738],[-1.49002,53.81211],[-1.48865,53.80866],[-1.48779,53.80582],[-1.48624,53.80177],[-1.48092,53.79954],[-1.48659,53.797],[-1.49088,53.79295],[-1.49311,53.79],[-1.49757,53.7899],[-1.50101,53.79082],[-1.50461,53.79021],[-1.51079,53.79102],[-1.51937,53.79376],[-1.5204,53.79589],[-1.52367,53.79801],[-1.53311,53.80004],[-1.53208,53.8046],[-1.52212,53.81231],[-1.51491,53.81879],[-1.50856,53.82366],[-1.50667,53.8266],[-1.50478,53.8272],[-1.50135,53.82862],[-1.49757,53.83014],[-1.49414,53.83045],[-1.49105,53.82974],[-1.48556,53.82913],[-1.48624,53.8269],[-1.48539,53.82447],[-1.48092,53.82001],[-1.48144,53.81727],[-1.49036,53.81738]]]}},{"type":"Feature","properties":{"source_code":"B86623","codes":["B86623"],"label":"ASHTON VIEW MEDICAL CTR"},"geometry":{"type":"Polygon","coordinates":[[[-1.51955,53.79649],[-1.53371,53.79999],[-1.53239,53.80445],[-1.53467,53.80688],[-1.53838,53.81261],[-1.54032,53.81839],[-1.50324,53.82609],[-1.48418,53.80248],[-1.49011,53.80139],[-1.49547,53.80145],[-1.50101,53.8009],[-1.50257,53.79702],[-1.50757,53.79588],[-1.51021,53.79847],[-1.51955,53.79649]]]}},{"type":"Feature","properties":{"source_code":"B86106","codes":["B86106"],"label":"FOUNDRY LANE SURGERY"},"geometry":{"type":"MultiPolygon","coordinates":[[[[-1.49514,53.82116],[-1.49517,53.82118],[-1.49448,53.82123],[-1.49514,53.82116]]],[[[-1.46908,53.84098],[-1.46049,53.84017],[-1.44882,53.84017],[-1.43818,53.83977],[-1.43852,53.83389],[-1.44367,53.83065],[-1.4502,53.82802],[-1.44384,53.82518],[-1.44041,53.82325],[-1.43852,53.82113],[-1.43765,53.81923],[-1.43715,53.81745],[-1.43114,53.81778],[-1.43312,53.81479],[-1.42891,53.81281],[-1.42651,53.80977],[-1.42994,53.80856],[-1.43715,53.80957],[-1.44058,53.80815],[-1.44058,53.80511],[-1.4399,53.80045],[-1.43784,53.79862],[-1.44573,53.7972],[-1.44985,53.79741],[-1.45329,53.79761],[-1.45912,53.79781],[-1.47148,53.79589],[-1.47697,53.79822],[-1.48212,53.79964],[-1.48556,53.80329],[-1.48796,53.80694],[-1.50496,53.80597],[-1.51002,53.80919],[-1.51186,53.8108],[-1.51279,53.81242],[-1.51359,53.81464],[-1.51605,53.81798],[-1.50527,53.81798],[-1.49833,53.81996],[-1.49521,53.82115],[-1.49514,53.82116],[-1.49448,53.82062],[-1.48933,53.82254],[-1.49002,53.82234],[-1.49483,53.82092],[-1.48762,53.82396],[-1.47938,53.82903],[-1.47526,53.83328],[-1.47182,53.83693],[-1.46908,53.84098]]]]}},{"type":"Feature","properties":{"source_code":"B86050","codes":["B86050"],"label":"WEST LODGE SURGERY"},"geometry":{"type":"MultiPolygon","coordinates":[[[[-1.64647,53.81839],[-1.64606,53.81826],[-1.64323,53.81885],[-1.64052,53.82016],[-1.63911,53.82328],[-1.62435,53.82328],[-1.624,53.82052],[-1.63387,53.81976],[-1.64057,53.81672],[-1.64525,53.81799],[-1.64083,53.81656],[-1.63314,53.81402],[-1.63079,53.81316],[-1.63606,53.81553],[-1.64044,53.81656],[-1.63413,53.81945],[-1.62396,53.82047],[-1.61971,53.81573],[-1.6281,53.81195],[-1.62849,53.81212],[-1.62781,53.8116],[-1.62696,53.81066],[-1.6228,53.80554],[-1.63567,53.80548],[-1.63484,53.8053],[-1.62289,53.80552],[-1.62143,53.8044],[-1.6328,53.80166],[-1.63938,53.80415],[-1.63983,53.80412],[-1.6352,53.80156],[-1.63089,53.80051],[-1.62804,53.79829],[-1.63112,53.79859],[-1.63454,53.79732],[-1.63746,53.79681],[-1.64177,53.79668],[-1.64834,53.79696],[-1.65868,53.79837],[-1.66649,53.79781],[-1.67263,53.79774],[-1.67464,53.79827],[-1.67829,53.79814],[-1.68159,53.79852],[-1.68855,53.79999],[-1.69299,53.80453],[-1.6931,53.8045],[-1.69773,53.81565],[-1.71198,53.83118],[-1.70621,53.83492],[-1.69649,53.8344],[-1.68625,53.83176],[-1.68065,53.82978],[-1.67318,53.82776],[-1.64529,53.81874],[-1.64647,53.81839]]],[[[-1.65679,53.80855],[-1.65869,53.80829],[-1.65586,53.80846],[-1.65679,53.80855]]],[[[-1.66121,53.80542],[-1.66529,53.80533],[-1.65727,53.80537],[-1.65745,53.80538],[-1.66121,53.80542],[-1.65946,53.80546],[-1.66194,53.80557],[-1.66477,53.80613],[-1.65967,53.80816],[-1.66237,53.8078],[-1.66589,53.80548],[-1.66121,53.80542]]],[[[-1.64396,53.80729],[-1.63788,53.80596],[-1.63301,53.80607],[-1.64396,53.80729]]],[[[-1.69279,53.80459],[-1.69289,53.80456],[-1.69279,53.80457],[-1.69279,53.80459]]],[[[-1.67297,53.80246],[-1.67795,53.80221],[-1.67844,53.80228],[-1.67816,53.80212],[-1.67297,53.80246]]],[[[-1.71513,53.83695],[-1.7197,53.83556],[-1.71327,53.83744],[-1.71513,53.83695],[-1.71335,53.83749],[-1.70709,53.83516],[-1.71215,53.83181],[-1.72039,53.83556],[-1.71513,53.83695]]]]}},{"type":"Feature","properties":{"source_code":"B86103","codes":["B86103"],"label":"CONWAY MEDICAL CENTRE"},"geometry":{"type":"Polygon","coordinates":[[[-1.53036,53.8005],[-1.53154,53.80443],[-1.53238,53.80851],[-1.53062,53.81656],[-1.52607,53.82085],[-1.52023,53.82442],[-1.51176,53.82622],[-1.5038,53.82695],[-1.5028,53.82664],[-1.50248,53.82649],[-1.50197,53.82545],[-1.49747,53.82651],[-1.49092,53.82644],[-1.48524,53.82193],[-1.48397,53.81858],[-1.4847,53.81279],[-1.48487,53.80847],[-1.48058,53.80455],[-1.49071,53.80185],[-1.49723,53.80174],[-1.50805,53.79979],[-1.51392,53.79798],[-1.52015,53.7985],[-1.52646,53.79871],[-1.53036,53.8005]]]}},{"type":"Feature","properties":{"source_code":"B86108","codes":["B86108"],"label":"CHAPELTOWN FAMILY SURGERY"},"geometry":{"type":"Polygon","coordinates":[[[-1.54178,53.84068],[-1.53914,53.83723],[-1.5383,53.83803],[-1.53474,53.83923],[-1.53363,53.84112],[-1.53038,53.84105],[-1.52748,53.84031],[-1.52546,53.83912],[-1.5228,53.83838],[-1.52107,53.8368],[-1.51573,53.83788],[-1.51088,53.83791],[-1.50599,53.83717],[-1.50358,53.83559],[-1.5047,53.83045],[-1.50584,53.82718],[-1.49988,53.82884],[-1.49725,53.82997],[-1.49516,53.83018],[-1.49255,53.82969],[-1.48092,53.82832],[-1.48577,53.82472],[-1.49251,53.82204],[-1.5032,53.8189],[-1.5094,53.81722],[-1.51327,53.81755],[-1.51443,53.8166],[-1.51175,53.81598],[-1.51028,53.81454],[-1.50942,53.81241],[-1.50753,53.81109],[-1.50564,53.80998],[-1.50461,53.80886],[-1.50719,53.8079],[-1.50573,53.80635],[-1.50757,53.80431],[-1.5109,53.80573],[-1.51222,53.80679],[-1.51337,53.80724],[-1.51697,53.80805],[-1.5192,53.80572],[-1.52246,53.804],[-1.52435,53.80187],[-1.5253,53.80212],[-1.52976,53.80349],[-1.53272,53.80359],[-1.53337,53.80648],[-1.53517,53.80828],[-1.53628,53.81008],[-1.5381,53.81269],[-1.53888,53.8154],[-1.54026,53.81801],[-1.54233,53.82042],[-1.54531,53.82346],[-1.54673,53.8265],[-1.54653,53.82964],[-1.54295,53.83379],[-1.54374,53.83597],[-1.54423,53.83717],[-1.5437,53.83837],[-1.54178,53.84068]]]}},{"type":"Feature","properties":{"source_code":"B86049","codes":["B86049"],"label":"WOODHOUSE MEDICAL PRACTICE"},"geometry":{"type":"MultiPolygon","coordinates":[[[[-1.52819,53.79912],[-1.49551,53.82011],[-1.53603,53.79386],[-1.52819,53.79912]]],[[[-1.52819,53.79912],[-1.53637,53.79386],[-1.53656,53.7941],[-1.56715,53.81652],[-1.5695,53.81646],[-1.57242,53.81727],[-1.57396,53.81809],[-1.56974,53.81842],[-1.59559,53.83734],[-1.58633,53.83905],[-1.59336,53.83784],[-1.59044,53.83926],[-1.58649,53.84139],[-1.5834,53.8428],[-1.58169,53.84321],[-1.57774,53.84199],[-1.57259,53.8428],[-1.56813,53.84321],[-1.56525,53.84294],[-1.54702,53.84631],[-1.54066,53.84868],[-1.53664,53.84822],[-1.53414,53.84868],[-1.53242,53.84836],[-1.52058,53.84964],[-1.51465,53.84959],[-1.50753,53.84969],[-1.50281,53.84898],[-1.49972,53.84812],[-1.4974,53.84797],[-1.49543,53.84655],[-1.49234,53.84615],[-1.48873,53.84589],[-1.48015,53.84235],[-1.47852,53.84048],[-1.47723,53.83926],[-1.47552,53.8382],[-1.47449,53.83774],[-1.47294,53.83744],[-1.47346,53.83753],[-1.47354,53.8346],[-1.4751,53.83359],[-1.47388,53.8343],[-1.47663,53.83065],[-1.48092,53.82883],[-1.48436,53.8269],[-1.48556,53.82548],[-1.48723,53.82482],[-1.48521,53.82498],[-1.48779,53.82366],[-1.49107,53.82327],[-1.52222,53.80312],[-1.52819,53.79912]]]]}},{"type":"Feature","properties":{"source_code":"B86062","codes":["B86062"],"label":"THE MEDICAL CENTRE"},"geometry":{"type":"Polygon","coordinates":[[[-1.50538,53.79137],[-1.50806,53.79293],[-1.50851,53.79469],[-1.50924,53.79689],[-1.50914,53.79927],[-1.50671,53.80666],[-1.51438,53.81336],[-1.51443,53.81595],[-1.51652,53.81785],[-1.51473,53.81896],[-1.51156,53.81788],[-1.50907,53.81777],[-1.50588,53.81837],[-1.49814,53.82088],[-1.48575,53.82489],[-1.48589,53.8329],[-1.4842,53.8363],[-1.48345,53.84081],[-1.47964,53.84135],[-1.46873,53.84094],[-1.43801,53.83969],[-1.43801,53.83389],[-1.42745,53.83916],[-1.43063,53.83227],[-1.42599,53.83232],[-1.42436,53.82758],[-1.42509,53.82501],[-1.42159,53.82413],[-1.41762,53.82287],[-1.41771,53.82104],[-1.41778,53.81986],[-1.41713,53.81934],[-1.41623,53.81893],[-1.41377,53.81786],[-1.41243,53.81698],[-1.41074,53.81553],[-1.41141,53.81437],[-1.4123,53.81322],[-1.41125,53.8084],[-1.41225,53.80681],[-1.4129,53.80482],[-1.41412,53.80465],[-1.41543,53.80465],[-1.41627,53.80473],[-1.41736,53.80463],[-1.41982,53.80459],[-1.42065,53.80403],[-1.42144,53.80373],[-1.4232,53.80237],[-1.42328,53.80015],[-1.42465,53.79837],[-1.4255,53.79571],[-1.42851,53.79371],[-1.42972,53.79104],[-1.43011,53.78945],[-1.43103,53.78874],[-1.43221,53.78848],[-1.43519,53.78737],[-1.4398,53.78653],[-1.44216,53.78606],[-1.44554,53.7864],[-1.4473,53.78723],[-1.45121,53.78755],[-1.45288,53.78835],[-1.45415,53.78886],[-1.45653,53.789],[-1.46254,53.78787],[-1.46529,53.78837],[-1.46769,53.78917],[-1.47525,53.78774],[-1.4792,53.78754],[-1.48272,53.78845],[-1.48535,53.78932],[-1.48633,53.79036],[-1.4885,53.78938],[-1.49131,53.7888],[-1.49446,53.78843],[-1.49984,53.78882],[-1.50272,53.79001],[-1.50538,53.79137]]]}},{"type":"Feature","properties":{"source_code":"B86643","codes":["B86643"],"label":"THE ROUNDHAY ROAD SURGERY"},"geometry":{"type":"Polygon","coordinates":[[[-1.53603,53.80998],[-1.53611,53.81048],[-1.53783,53.81251],[-1.53809,53.81408],[-1.53809,53.81667],[-1.541,53.81981],[-1.54504,53.82396],[-1.54675,53.82685],[-1.54658,53.82817],[-1.54435,53.83105],[-1.53337,53.82933],[-1.53028,53.82913],[-1.52676,53.82913],[-1.52547,53.82994],[-1.52487,53.83045],[-1.52281,53.82969],[-1.52126,53.82918],[-1.51783,53.82898],[-1.51457,53.82847],[-1.51182,53.82796],[-1.50753,53.82883],[-1.5059,53.8269],[-1.50787,53.82462],[-1.51011,53.82219],[-1.51397,53.8193],[-1.51525,53.81783],[-1.51706,53.81626],[-1.51809,53.81226],[-1.52092,53.81271],[-1.52452,53.81094],[-1.52813,53.81003],[-1.52933,53.81059],[-1.53294,53.81059],[-1.53491,53.81033],[-1.53603,53.80998]]]}},{"type":"Feature","properties":{"source_code":"B86017","codes":["B86017"],"label":"CRAVEN ROAD MEDICAL PRACTICE"},"geometry":{"type":"Polygon","coordinates":[[[-1.63435,53.86209],[-1.57104,53.86184],[-1.56804,53.85708],[-1.56684,53.85412],[-1.56482,53.85131],[-1.5683,53.84307],[-1.56135,53.84224],[-1.55671,53.84283],[-1.55255,53.84393],[-1.54881,53.84544],[-1.54781,53.84507],[-1.54684,53.84437],[-1.54399,53.8406],[-1.54132,53.83727],[-1.53974,53.83656],[-1.53909,53.83526],[-1.53879,53.8339],[-1.53861,53.83211],[-1.53839,53.83029],[-1.53766,53.82833],[-1.53662,53.82715],[-1.53429,53.82562],[-1.5326,53.82454],[-1.53193,53.82412],[-1.53186,53.82347],[-1.53267,53.82234],[-1.53131,53.81885],[-1.53132,53.81718],[-1.53158,53.81635],[-1.53206,53.81551],[-1.53368,53.81351],[-1.53463,53.81133],[-1.53538,53.8097],[-1.53526,53.80872],[-1.53624,53.80761],[-1.53584,53.80702],[-1.53574,53.80663],[-1.53566,53.8061],[-1.53571,53.80486],[-1.53625,53.80359],[-1.5365,53.80319],[-1.54068,53.80271],[-1.54097,53.80362],[-1.54191,53.80443],[-1.5436,53.80491],[-1.54609,53.80509],[-1.54753,53.80513],[-1.54957,53.80487],[-1.55203,53.80388],[-1.55134,53.80434],[-1.55379,53.80285],[-1.556,53.79959],[-1.55755,53.80001],[-1.55901,53.8001],[-1.5596,53.8004],[-1.56024,53.80052],[-1.56138,53.80053],[-1.56186,53.80074],[-1.56286,53.80157],[-1.56415,53.80304],[-1.56541,53.80391],[-1.56563,53.80406],[-1.56568,53.80457],[-1.5636,53.80716],[-1.56434,53.80724],[-1.56508,53.80716],[-1.5658,53.80708],[-1.56638,53.80697],[-1.56704,53.80667],[-1.56781,53.80625],[-1.56896,53.80558],[-1.57028,53.80504],[-1.57265,53.80575],[-1.57465,53.80613],[-1.57628,53.80663],[-1.57607,53.80737],[-1.57599,53.80909],[-1.5767,53.81077],[-1.57763,53.81202],[-1.57934,53.81311],[-1.58122,53.81393],[-1.58522,53.8154],[-1.58912,53.81676],[-1.59302,53.81768],[-1.59515,53.81816],[-1.59733,53.81881],[-1.59923,53.81959],[-1.60092,53.82057],[-1.60319,53.82242],[-1.60401,53.8234],[-1.60462,53.82445],[-1.60656,53.8271],[-1.60778,53.82822],[-1.60924,53.8294],[-1.61173,53.83159],[-1.61219,53.83199],[-1.61265,53.83257],[-1.61331,53.83383],[-1.61429,53.83695],[-1.61497,53.83786],[-1.61587,53.83871],[-1.61673,53.83931],[-1.61744,53.83979],[-1.61877,53.84046],[-1.62278,53.84249],[-1.62825,53.84522],[-1.62913,53.84612],[-1.6298,53.84706],[-1.63078,53.84898],[-1.62992,53.85264],[-1.63007,53.85443],[-1.63057,53.8562],[-1.6328,53.85937],[-1.63435,53.86209]]]}},{"type":"Feature","properties":{"source_code":"B86015","codes":["B86015"],"label":"MANOR PARK SURGERY"},"geometry":{"type":"Polygon","coordinates":[[[-1.66803,53.82457],[-1.65898,53.82341],[-1.6517,53.81907],[-1.64257,53.81883],[-1.63379,53.82123],[-1.61941,53.82047],[-1.61218,53.81814],[-1.60783,53.81603],[-1.60688,53.81421],[-1.60683,53.81323],[-1.60675,53.81266],[-1.6058,53.81215],[-1.60344,53.80886],[-1.60039,53.80557],[-1.59403,53.79952],[-1.59572,53.79675],[-1.59718,53.79337],[-1.60235,53.79332],[-1.60666,53.79278],[-1.60894,53.79314],[-1.61139,53.79342],[-1.61284,53.79338],[-1.61963,53.79543],[-1.62096,53.79588],[-1.62081,53.79495],[-1.62169,53.79392],[-1.62409,53.79552],[-1.62594,53.79664],[-1.62817,53.79792],[-1.62951,53.79836],[-1.63116,53.79829],[-1.63548,53.79686],[-1.63885,53.79641],[-1.64222,53.79642],[-1.65057,53.79589],[-1.65397,53.79769],[-1.6555,53.79761],[-1.65531,53.79918],[-1.65611,53.79912],[-1.65644,53.80063],[-1.65642,53.80204],[-1.6608,53.80145],[-1.66509,53.80184],[-1.66634,53.8035],[-1.66724,53.80516],[-1.66808,53.80479],[-1.67342,53.80533],[-1.68227,53.8051],[-1.68296,53.80553],[-1.68361,53.80637],[-1.68529,53.80947],[-1.66803,53.82457]]]}},{"type":"Feature","properties":{"source_code":"B86061","codes":["B86061"],"label":"HAREHILLS CORNER SURGERY"},"geometry":{"type":"MultiPolygon","coordinates":[[[[-1.57557,53.78004],[-1.57176,53.78041],[-1.56053,53.78095],[-1.56095,53.78081],[-1.56576,53.7803],[-1.57091,53.7799],[-1.57557,53.78004]]],[[[-1.56053,53.78095],[-1.56042,53.78099],[-1.55854,53.78105],[-1.56053,53.78095]]],[[[-1.54245,53.78156],[-1.54222,53.78157],[-1.53848,53.77787],[-1.54225,53.78142],[-1.54245,53.78156]]],[[[-1.54245,53.78156],[-1.54362,53.78152],[-1.55854,53.78105],[-1.5428,53.78181],[-1.54245,53.78156]]],[[[-1.54222,53.78157],[-1.54248,53.78182],[-1.54036,53.78193],[-1.54019,53.78173],[-1.54071,53.78162],[-1.54222,53.78157]]],[[[-1.54248,53.78182],[-1.5428,53.78181],[-1.54568,53.78385],[-1.55478,53.78284],[-1.56042,53.78099],[-1.57228,53.78061],[-1.55786,53.79704],[-1.54248,53.78182]]]]}},{"type":"Feature","properties":{"source_code":"B86086","codes":["B86086"],"label":"LAUREL BANK SURGERY"},"geometry":{"type":"Polygon","coordinates":[[[-1.61473,53.83708],[-1.60971,53.83853],[-1.60703,53.83874],[-1.60413,53.83896],[-1.5993,53.83817],[-1.59778,53.83758],[-1.59582,53.8376],[-1.59439,53.83774],[-1.5895,53.8401],[-1.58701,53.84188],[-1.58568,53.84285],[-1.58401,53.84308],[-1.58036,53.84284],[-1.57776,53.84244],[-1.57556,53.84245],[-1.57163,53.84308],[-1.56988,53.84322],[-1.56765,53.84316],[-1.56347,53.84265],[-1.56151,53.84258],[-1.55885,53.84274],[-1.55606,53.84328],[-1.55244,53.84421],[-1.54843,53.84351],[-1.54622,53.84227],[-1.55281,53.83832],[-1.55127,53.83692],[-1.54939,53.83558],[-1.55249,53.8318],[-1.5549,53.83127],[-1.5568,53.83171],[-1.5578,53.83199],[-1.55921,53.831],[-1.55997,53.83044],[-1.56168,53.83155],[-1.56271,53.83093],[-1.56374,53.83021],[-1.56645,53.82809],[-1.56609,53.82717],[-1.56204,53.82369],[-1.54861,53.81686],[-1.54691,53.81626],[-1.54357,53.81281],[-1.54259,53.81188],[-1.54506,53.81065],[-1.54478,53.8098],[-1.54508,53.80887],[-1.54289,53.80673],[-1.54191,53.80585],[-1.53935,53.80302],[-1.53766,53.80232],[-1.53978,53.79886],[-1.54165,53.79911],[-1.54359,53.79934],[-1.54497,53.79948],[-1.54606,53.79949],[-1.54733,53.79942],[-1.54752,53.80085],[-1.54748,53.80162],[-1.54712,53.80219],[-1.54638,53.80283],[-1.54708,53.80343],[-1.54787,53.80398],[-1.54912,53.80522],[-1.55083,53.80472],[-1.55154,53.80447],[-1.55263,53.8045],[-1.55339,53.80464],[-1.55423,53.80469],[-1.55465,53.80405],[-1.5556,53.80298],[-1.55529,53.80197],[-1.55611,53.80035],[-1.55671,53.79895],[-1.55879,53.79917],[-1.55907,53.79862],[-1.56083,53.7987],[-1.56216,53.79894],[-1.56268,53.79851],[-1.56341,53.79805],[-1.5613,53.79727],[-1.56276,53.79637],[-1.56272,53.79627],[-1.57611,53.80192],[-1.58028,53.80265],[-1.58271,53.80119],[-1.58484,53.80201],[-1.58818,53.80323],[-1.59392,53.80372],[-1.60031,53.80689],[-1.60272,53.80823],[-1.604,53.80998],[-1.60714,53.80871],[-1.60944,53.80881],[-1.61175,53.80922],[-1.6144,53.81091],[-1.61323,53.81408],[-1.61105,53.81437],[-1.60893,53.8148],[-1.60822,53.81514],[-1.60793,53.81563],[-1.61055,53.81699],[-1.61198,53.81845],[-1.61584,53.82151],[-1.61907,53.82303],[-1.62117,53.8233],[-1.62696,53.8253],[-1.63186,53.82698],[-1.6231,53.83257],[-1.62062,53.83342],[-1.61849,53.83442],[-1.6173,53.83401],[-1.6167,53.83349],[-1.61593,53.83341],[-1.61357,53.83358],[-1.61407,53.83568],[-1.61473,53.83708]]]}},{"type":"Feature","properties":{"source_code":"B86068","codes":["B86068"],"label":"ABBEY GRANGE MEDICAL PRACTICE"},"geometry":{"type":"MultiPolygon","coordinates":[[[[-1.6045,53.81554],[-1.60508,53.81601],[-1.60592,53.81593],[-1.60469,53.81608],[-1.6045,53.81554]]],[[[-1.60592,53.81593],[-1.60744,53.81575],[-1.60606,53.81365],[-1.60551,53.81279],[-1.60692,53.81256],[-1.60778,53.812],[-1.60744,53.81038],[-1.60718,53.80939],[-1.60735,53.80775],[-1.60581,53.80623],[-1.60486,53.8043],[-1.60302,53.80215],[-1.61293,53.80397],[-1.62254,53.80557],[-1.62413,53.80739],[-1.62435,53.80848],[-1.62546,53.80939],[-1.62731,53.8114],[-1.62872,53.81243],[-1.63031,53.81314],[-1.63241,53.81388],[-1.63465,53.81477],[-1.6355,53.8152],[-1.63645,53.81504],[-1.64065,53.81654],[-1.63808,53.81788],[-1.63563,53.81895],[-1.6343,53.81948],[-1.6307,53.82001],[-1.62731,53.82016],[-1.62396,53.82054],[-1.62091,53.82037],[-1.61757,53.81945],[-1.61435,53.81836],[-1.61254,53.81753],[-1.61048,53.81649],[-1.61001,53.81677],[-1.60877,53.81639],[-1.60735,53.8158],[-1.60592,53.81593]]],[[[-1.6045,53.81554],[-1.60448,53.81553],[-1.60413,53.81601],[-1.6034,53.81613],[-1.60529,53.81882],[-1.60641,53.8195],[-1.6098,53.82052],[-1.6116,53.82135],[-1.61533,53.82257],[-1.61847,53.82353],[-1.62181,53.82351],[-1.62336,53.82318],[-1.62362,53.82439],[-1.62529,53.82561],[-1.62692,53.82637],[-1.62902,53.82693],[-1.63237,53.82789],[-1.63426,53.82834],[-1.63636,53.82817],[-1.63778,53.82824],[-1.63877,53.82817],[-1.63937,53.8268],[-1.6425,53.82642],[-1.64593,53.82655],[-1.64954,53.82723],[-1.65152,53.83449],[-1.65155,53.8345],[-1.65152,53.83451],[-1.65155,53.8346],[-1.65132,53.83456],[-1.64915,53.83511],[-1.64559,53.83437],[-1.64353,53.83683],[-1.64246,53.83754],[-1.64233,53.83865],[-1.63954,53.84025],[-1.63889,53.84101],[-1.63679,53.84197],[-1.63589,53.84215],[-1.63542,53.84192],[-1.63366,53.84321],[-1.63327,53.84407],[-1.63379,53.8444],[-1.634,53.84635],[-1.63005,53.84724],[-1.63074,53.84913],[-1.63057,53.85058],[-1.63005,53.85463],[-1.63143,53.85777],[-1.63336,53.86012],[-1.63383,53.86422],[-1.63344,53.86526],[-1.63018,53.86711],[-1.62941,53.8686],[-1.62452,53.86994],[-1.59267,53.86713],[-1.57718,53.85782],[-1.57207,53.85194],[-1.57255,53.84627],[-1.58165,53.8427],[-1.58431,53.84291],[-1.58645,53.8421],[-1.58997,53.83951],[-1.5937,53.83792],[-1.59332,53.83341],[-1.58881,53.83174],[-1.58456,53.82895],[-1.5822,53.827],[-1.58019,53.82351],[-1.57778,53.82128],[-1.58812,53.82314],[-1.57787,53.82128],[-1.57534,53.8191],[-1.5774,53.81694],[-1.5765,53.81596],[-1.57598,53.81484],[-1.57637,53.81373],[-1.57671,53.81297],[-1.57577,53.81162],[-1.57491,53.8096],[-1.57486,53.80744],[-1.57495,53.80572],[-1.57547,53.8043],[-1.58529,53.80719],[-1.59177,53.80957],[-1.59714,53.8114],[-1.59885,53.81251],[-1.60036,53.81426],[-1.6019,53.81535],[-1.60366,53.81515],[-1.60439,53.81525],[-1.6045,53.81554]]]]}},{"type":"Feature","properties":{"source_code":"B86022","codes":["B86022"],"label":"OAKWOOD LANE MEDICAL PRACTICE"},"geometry":{"type":"Polygon","coordinates":[[[-1.48865,53.8266],[-1.49826,53.80166],[-1.52779,53.81018],[-1.53706,53.81322],[-1.54976,53.82356],[-1.53774,53.84807],[-1.52401,53.86609],[-1.46393,53.85475],[-1.46599,53.84524],[-1.44539,53.83024],[-1.45603,53.82234],[-1.45123,53.81444],[-1.4962,53.80126],[-1.48865,53.8266]]]}},{"type":"Feature","properties":{"source_code":"B86030","codes":["B86030"],"label":"BURTON CROFT SURGERY"},"geometry":{"type":"Polygon","coordinates":[[[-1.6531,53.83369],[-1.65928,53.85172],[-1.59233,53.86468],[-1.52607,53.86265],[-1.53259,53.84787],[-1.55182,53.82558],[-1.55388,53.81221],[-1.54255,53.80531],[-1.558,53.797],[-1.6531,53.83369]]]}},{"type":"Feature","properties":{"source_code":"B86666","codes":["B86666"],"label":"NEWTON SURGERY"},"geometry":{"type":"Polygon","coordinates":[[[-1.53603,53.80998],[-1.54633,53.82356],[-1.54701,53.82852],[-1.54358,53.8343],[-1.54375,53.83926],[-1.53774,53.84422],[-1.53568,53.84807],[-1.5192,53.8501],[-1.49963,53.84827],[-1.48487,53.84463],[-1.47766,53.83997],[-1.47251,53.83673],[-1.4756,53.83187],[-1.48144,53.82781],[-1.48487,53.82498],[-1.48628,53.8245],[-1.48624,53.82477],[-1.49723,53.82092],[-1.50547,53.81849],[-1.49689,53.82092],[-1.48628,53.8245],[-1.48865,53.80856],[-1.48521,53.80308],[-1.4883,53.80146],[-1.4962,53.80187],[-1.50616,53.79984],[-1.51371,53.79822],[-1.52367,53.79822],[-1.53431,53.80004],[-1.53191,53.8041],[-1.53603,53.80998]]]}},{"type":"Feature","properties":{"source_code":"B86007","codes":["B86007"],"label":"WINDMILL HEALTH CENTRE"},"geometry":{"type":"Polygon","coordinates":[[[-1.48511,53.83525],[-1.48373,53.8365],[-1.48371,53.83793],[-1.48351,53.83862],[-1.48351,53.83943],[-1.48309,53.8402],[-1.48316,53.84077],[-1.48137,53.84107],[-1.47913,53.84126],[-1.47849,53.84158],[-1.47784,53.84165],[-1.47741,53.84168],[-1.47645,53.84166],[-1.47559,53.84141],[-1.4748,53.84102],[-1.47412,53.84083],[-1.47344,53.84081],[-1.46742,53.84064],[-1.45521,53.84014],[-1.44436,53.83974],[-1.43861,53.83959],[-1.42941,53.83938],[-1.42329,53.83945],[-1.41659,53.83059],[-1.41618,53.82228],[-1.41549,53.81829],[-1.41446,53.81792],[-1.41326,53.81743],[-1.41153,53.8161],[-1.41118,53.81551],[-1.41115,53.81494],[-1.41204,53.8138],[-1.41278,53.81319],[-1.41153,53.80853],[-1.41193,53.80731],[-1.41299,53.80511],[-1.41472,53.80295],[-1.41962,53.80376],[-1.42812,53.80432],[-1.44357,53.80543],[-1.45199,53.80482],[-1.4648,53.80299],[-1.47376,53.80272],[-1.48018,53.80219],[-1.48594,53.80127],[-1.48823,53.80722],[-1.489,53.80845],[-1.48898,53.80969],[-1.49066,53.81289],[-1.49058,53.81431],[-1.4913,53.81565],[-1.49147,53.81814],[-1.49252,53.81972],[-1.49516,53.82126],[-1.4844,53.82487],[-1.48302,53.82718],[-1.48079,53.82844],[-1.4771,53.82976],[-1.47607,53.83061],[-1.47556,53.83226],[-1.47908,53.83262],[-1.48501,53.83367],[-1.48511,53.83525]]]}},{"type":"Feature","properties":{"source_code":"B86100","codes":["B86100"],"label":"ST MARTINS PRACTICE"},"geometry":{"type":"Polygon","coordinates":[[[-1.53912,53.8424],[-1.53596,53.84241],[-1.53264,53.84277],[-1.52658,53.84399],[-1.5248,53.84425],[-1.52045,53.84465],[-1.5144,53.84496],[-1.50869,53.84425],[-1.50596,53.8432],[-1.50473,53.84255],[-1.50418,53.84184],[-1.50426,53.83969],[-1.50536,53.83809],[-1.50509,53.83703],[-1.50397,53.83587],[-1.5041,53.83333],[-1.50504,53.82953],[-1.50561,53.82787],[-1.50481,53.82717],[-1.50568,53.82713],[-1.50641,53.82634],[-1.50882,53.82305],[-1.51646,53.81727],[-1.52289,53.81162],[-1.52799,53.8102],[-1.53007,53.81104],[-1.53219,53.81073],[-1.53453,53.81057],[-1.53519,53.80969],[-1.53624,53.80777],[-1.53911,53.80951],[-1.54228,53.81152],[-1.54561,53.8153],[-1.54413,53.8158],[-1.5445,53.81662],[-1.54766,53.82133],[-1.54964,53.8219],[-1.55072,53.82334],[-1.55167,53.82449],[-1.55124,53.82499],[-1.55174,53.82523],[-1.55246,53.82576],[-1.55287,53.82639],[-1.55203,53.82764],[-1.55208,53.82802],[-1.55242,53.82833],[-1.553,53.82868],[-1.55303,53.82891],[-1.55285,53.8295],[-1.55338,53.83045],[-1.55395,53.8313],[-1.55291,53.83151],[-1.55324,53.83207],[-1.55105,53.83408],[-1.55071,53.83458],[-1.54952,53.83563],[-1.54757,53.83807],[-1.54672,53.83983],[-1.54402,53.84014],[-1.54326,53.8395],[-1.54294,53.83999],[-1.54092,53.84169],[-1.5398,53.84255],[-1.53912,53.8424]]]}},{"type":"Feature","properties":{"source_code":"B83062","codes":["B83062"],"label":"ASHCROFT SURGERY"},"geometry":{"type":"Polygon","coordinates":[[[-1.7197,53.83217],[-1.71249,53.82903],[-1.74443,53.84534],[-1.69825,53.85182],[-1.67456,53.8424],[-1.66348,53.83075],[-1.66374,53.8191],[-1.67885,53.80349],[-1.72485,53.80085],[-1.74339,53.79903],[-1.76365,53.82842],[-1.74477,53.84534],[-1.7197,53.83217]]]}},{"type":"Feature","properties":{"source_code":"B86093","codes":["B86093"],"label":"PARK EDGE PRACTICE"},"geometry":{"type":"Polygon","coordinates":[[[-1.50445,53.84945],[-1.50448,53.84946],[-1.50595,53.84806],[-1.50593,53.84806],[-1.50594,53.84805],[-1.50584,53.84802],[-1.50588,53.84801],[-1.50179,53.84666],[-1.50584,53.84802],[-1.50575,53.84803],[-1.50593,53.84806],[-1.50445,53.84945],[-1.50253,53.84901],[-1.50071,53.84841],[-1.49697,53.84797],[-1.49371,53.84637],[-1.48985,53.84615],[-1.48491,53.84455],[-1.48041,53.84275],[-1.47783,53.83961],[-1.47273,53.83718],[-1.47285,53.83716],[-1.47717,53.83856],[-1.47247,53.83701],[-1.46955,53.84065],[-1.44968,53.83989],[-1.44264,53.82495],[-1.43693,53.82086],[-1.43578,53.81677],[-1.44007,53.81558],[-1.44436,53.8152],[-1.44882,53.81517],[-1.452,53.81531],[-1.4532,53.8151],[-1.45518,53.81435],[-1.45631,53.81316],[-1.45757,53.81191],[-1.45925,53.81102],[-1.46268,53.80969],[-1.46629,53.80861],[-1.46752,53.80897],[-1.46875,53.80949],[-1.47002,53.81],[-1.47156,53.81031],[-1.47406,53.81068],[-1.47657,53.81136],[-1.481,53.81113],[-1.48501,53.81142],[-1.49105,53.81309],[-1.49295,53.81356],[-1.49442,53.81432],[-1.49779,53.81575],[-1.49982,53.81606],[-1.50184,53.81668],[-1.50379,53.81747],[-1.50581,53.81803],[-1.51056,53.81722],[-1.51543,53.81811],[-1.51397,53.81971],[-1.51654,53.82219],[-1.51826,53.8233],[-1.51972,53.82452],[-1.52141,53.8257],[-1.52405,53.82662],[-1.52607,53.82953],[-1.52523,53.82972],[-1.52491,53.83042],[-1.52341,53.82947],[-1.52214,53.82938],[-1.52122,53.82908],[-1.52071,53.83068],[-1.52079,53.83151],[-1.52062,53.83228],[-1.52023,53.83391],[-1.5203,53.83475],[-1.52079,53.83559],[-1.51749,53.83577],[-1.51435,53.83609],[-1.51407,53.8397],[-1.51416,53.84066],[-1.51389,53.84156],[-1.51302,53.84336],[-1.51143,53.84308],[-1.51035,53.84462],[-1.50965,53.84622],[-1.51083,53.84964],[-1.51041,53.8495],[-1.51066,53.84959],[-1.50444,53.84946],[-1.50445,53.84945]]]}},{"type":"Feature","properties":{"source_code":"B86039","codes":["B86039"],"label":"ALLERTON MEDICAL CENTRE"},"geometry":{"type":"Polygon","coordinates":[[[-1.5397,53.83639],[-1.53856,53.83552],[-1.53727,53.83472],[-1.53379,53.83397],[-1.53094,53.83289],[-1.52952,53.83231],[-1.52839,53.83171],[-1.52702,53.83083],[-1.52624,53.82989],[-1.52458,53.82726],[-1.52406,53.82674],[-1.52338,53.82631],[-1.52229,53.82599],[-1.52126,53.82563],[-1.51962,53.82449],[-1.51832,53.82333],[-1.51752,53.82284],[-1.51642,53.82206],[-1.51607,53.82174],[-1.51642,53.82156],[-1.5166,53.82134],[-1.51649,53.82076],[-1.51733,53.8202],[-1.51854,53.81948],[-1.52131,53.82061],[-1.52309,53.82138],[-1.52508,53.82194],[-1.5271,53.82246],[-1.5289,53.82316],[-1.53052,53.82393],[-1.53258,53.82454],[-1.53382,53.82449],[-1.53473,53.82482],[-1.54055,53.8249],[-1.54597,53.82492],[-1.54695,53.82671],[-1.54688,53.82847],[-1.54535,53.83091],[-1.54314,53.83344],[-1.54198,53.83385],[-1.54096,53.83447],[-1.5402,53.8354],[-1.5397,53.83639]]]}},{"type":"Feature","properties":{"source_code":"B86019","codes":["B86019"],"label":"DIAMOND MEDICAL GROUP"},"geometry":{"type":"Polygon","coordinates":[[[-1.54896,53.84531],[-1.5489,53.84541],[-1.546,53.84646],[-1.54193,53.84798],[-1.53811,53.84849],[-1.53457,53.8482],[-1.53407,53.84505],[-1.53362,53.8435],[-1.53367,53.8421],[-1.53405,53.84078],[-1.53448,53.83973],[-1.53661,53.83882],[-1.53819,53.83836],[-1.53937,53.83774],[-1.53512,53.83646],[-1.53409,53.83626],[-1.53081,53.83556],[-1.53182,53.83506],[-1.53339,53.83436],[-1.53373,53.83394],[-1.53019,53.83261],[-1.52877,53.83192],[-1.52725,53.83098],[-1.52626,53.82983],[-1.52521,53.82827],[-1.5245,53.82724],[-1.52313,53.82623],[-1.52126,53.82568],[-1.5195,53.82439],[-1.51843,53.82342],[-1.51704,53.82257],[-1.5151,53.82058],[-1.51386,53.81973],[-1.51633,53.81739],[-1.51931,53.81474],[-1.52152,53.81254],[-1.52315,53.81154],[-1.52783,53.81018],[-1.52834,53.80996],[-1.53467,53.80822],[-1.53437,53.80686],[-1.53261,53.80452],[-1.53287,53.80303],[-1.53399,53.79984],[-1.52987,53.79912],[-1.52961,53.79865],[-1.52942,53.79809],[-1.53045,53.79696],[-1.53319,53.79549],[-1.53579,53.79278],[-1.5401,53.79056],[-1.54354,53.79103],[-1.54686,53.79169],[-1.54675,53.79386],[-1.54521,53.79495],[-1.54493,53.79535],[-1.54504,53.79679],[-1.5448,53.80085],[-1.54585,53.80268],[-1.54806,53.80425],[-1.54907,53.80557],[-1.55195,53.80746],[-1.55227,53.80836],[-1.55296,53.80904],[-1.55399,53.80952],[-1.55534,53.80995],[-1.55652,53.81084],[-1.56216,53.81497],[-1.56519,53.81597],[-1.56984,53.81701],[-1.57126,53.81732],[-1.57321,53.8177],[-1.57594,53.81944],[-1.57675,53.82038],[-1.58012,53.82354],[-1.57905,53.82401],[-1.57804,53.8246],[-1.57652,53.82539],[-1.57476,53.82631],[-1.57386,53.82609],[-1.57257,53.82584],[-1.57128,53.82565],[-1.57034,53.82612],[-1.56984,53.82695],[-1.56845,53.82727],[-1.56712,53.82784],[-1.566,53.82851],[-1.56422,53.83027],[-1.56029,53.83303],[-1.56216,53.8339],[-1.56405,53.83541],[-1.56635,53.83563],[-1.56834,53.83573],[-1.57014,53.83618],[-1.57102,53.83688],[-1.57362,53.83955],[-1.57429,53.84032],[-1.57677,53.84216],[-1.57223,53.84272],[-1.56896,53.84305],[-1.56291,53.84231],[-1.56044,53.84232],[-1.55648,53.84288],[-1.54896,53.84531]]]}},{"type":"Feature","properties":{"source_code":"B86059","codes":["B86059"],"label":"MEANWOOD HEALTH CENTRE"},"geometry":{"type":"MultiPolygon","coordinates":[[[[-1.46976,53.84544],[-1.52882,53.8189],[-1.54461,53.82538],[-1.53156,53.85232],[-1.46976,53.84544]]],[[[-1.6198,53.85374],[-1.60332,53.84807],[-1.5786,53.84969],[-1.5786,53.84968],[-1.5774,53.8506],[-1.53328,53.85273],[-1.54684,53.82518],[-1.55113,53.8195],[-1.56681,53.82611],[-1.58134,53.82113],[-1.6198,53.85374]]],[[[-1.58181,53.83243],[-1.58255,53.82842],[-1.5813,53.83197],[-1.57388,53.82842],[-1.56812,53.82666],[-1.58181,53.83243]]]]}},{"type":"Feature","properties":{"source_code":"B86041","codes":["B86041"],"label":"VESPER ROAD"},"geometry":{"type":"Polygon","coordinates":[[[-1.6016,53.83855],[-1.58649,53.83014],[-1.57482,53.82092],[-1.5774,53.81188],[-1.58469,53.80958],[-1.59542,53.8083],[-1.6301,53.81251],[-1.63834,53.82802],[-1.63233,53.83612],[-1.6016,53.83855]]]}},{"type":"Feature","properties":{"source_code":"B83054","codes":["B83054"],"label":"HAIGH HALL MEDICAL PRACTICE"},"geometry":{"type":"Polygon","coordinates":[[[-1.72327,53.83754],[-1.72142,53.8363],[-1.71885,53.83711],[-1.71644,53.83731],[-1.71365,53.83754],[-1.71292,53.83787],[-1.71206,53.83794],[-1.71065,53.83766],[-1.70915,53.83746],[-1.7079,53.83766],[-1.70653,53.83756],[-1.70537,53.83696],[-1.70812,53.82988],[-1.707,53.82947],[-1.70745,53.82895],[-1.70758,53.82827],[-1.70715,53.82774],[-1.70685,53.82707],[-1.7073,53.82629],[-1.7072,53.82593],[-1.70709,53.82558],[-1.70653,53.82439],[-1.7061,53.82368],[-1.70644,53.82343],[-1.7064,53.8233],[-1.70863,53.82184],[-1.70848,53.82177],[-1.70782,53.82121],[-1.70728,53.8203],[-1.70734,53.8199],[-1.70953,53.81933],[-1.71164,53.81881],[-1.71215,53.81955],[-1.71215,53.81954],[-1.71312,53.82081],[-1.715,53.82196],[-1.71618,53.82043],[-1.71805,53.81736],[-1.71968,53.81648],[-1.72342,53.81682],[-1.72625,53.8172],[-1.72904,53.81755],[-1.72981,53.81751],[-1.73153,53.81706],[-1.73296,53.81675],[-1.73365,53.81669],[-1.73532,53.81901],[-1.73605,53.82094],[-1.73633,53.822],[-1.737,53.82338],[-1.73769,53.82311],[-1.73902,53.82267],[-1.74116,53.82195],[-1.74309,53.82125],[-1.74489,53.82058],[-1.74414,53.82181],[-1.74391,53.82361],[-1.74369,53.82524],[-1.74335,53.82631],[-1.74176,53.8289],[-1.74245,53.82938],[-1.74284,53.82999],[-1.74296,53.83056],[-1.74356,53.83174],[-1.74402,53.83257],[-1.74474,53.83446],[-1.74515,53.83499],[-1.74056,53.8365],[-1.74438,53.84063],[-1.74361,53.84091],[-1.73846,53.84207],[-1.73498,53.84275],[-1.73241,53.84283],[-1.72966,53.8423],[-1.72764,53.84116],[-1.72567,53.83923],[-1.72327,53.83754]],[[-1.70828,53.82949],[-1.70737,53.8265],[-1.70813,53.82986],[-1.70828,53.82949]],[[-1.71121,53.82148],[-1.70867,53.82849],[-1.71212,53.81961],[-1.71195,53.81973],[-1.71121,53.82148]]]}},{"type":"Feature","properties":{"source_code":"B86044","codes":["B86044"],"label":"DR S HUTCHINSON & PARTNERS, IW&H M PRAC"},"geometry":{"type":"Polygon","coordinates":[[[-1.65587,53.82888],[-1.65976,53.82925],[-1.66097,53.82852],[-1.66285,53.82882],[-1.66417,53.82902],[-1.66455,53.82925],[-1.66358,53.83095],[-1.66249,53.83256],[-1.66495,53.83313],[-1.6669,53.83431],[-1.66726,53.83494],[-1.66805,53.83527],[-1.66731,53.83618],[-1.66645,53.83804],[-1.66647,53.83915],[-1.66624,53.84151],[-1.66535,53.84341],[-1.66682,53.84582],[-1.66788,53.8464],[-1.67223,53.84794],[-1.67666,53.84904],[-1.67594,53.84979],[-1.67412,53.85028],[-1.6731,53.85145],[-1.66735,53.84992],[-1.66445,53.84984],[-1.6619,53.84982],[-1.6564,53.85511],[-1.64881,53.86202],[-1.64278,53.86283],[-1.64344,53.86432],[-1.64536,53.86597],[-1.64582,53.86712],[-1.64709,53.87047],[-1.64788,53.87326],[-1.64746,53.87417],[-1.64705,53.87527],[-1.64517,53.87651],[-1.64091,53.87504],[-1.63674,53.87381],[-1.63367,53.87357],[-1.62983,53.87424],[-1.62634,53.87329],[-1.62311,53.87234],[-1.62078,53.872],[-1.6193,53.87198],[-1.61809,53.87204],[-1.61756,53.87197],[-1.61693,53.87211],[-1.61589,53.8722],[-1.61476,53.87212],[-1.61329,53.87229],[-1.61237,53.87276],[-1.61213,53.8728],[-1.61151,53.87248],[-1.61098,53.87242],[-1.60981,53.87213],[-1.60846,53.87212],[-1.60776,53.872],[-1.60662,53.87207],[-1.60539,53.87183],[-1.60497,53.87204],[-1.60459,53.87207],[-1.60425,53.87234],[-1.6037,53.87229],[-1.60289,53.87222],[-1.60247,53.872],[-1.60197,53.87188],[-1.60104,53.8718],[-1.59991,53.87164],[-1.59933,53.87148],[-1.59835,53.87117],[-1.59733,53.87101],[-1.59609,53.87081],[-1.59529,53.87052],[-1.59156,53.86508],[-1.57207,53.86538],[-1.57351,53.85498],[-1.57341,53.84417],[-1.57347,53.84258],[-1.57343,53.84142],[-1.57344,53.83994],[-1.57335,53.83964],[-1.57381,53.83946],[-1.57607,53.8342],[-1.57722,53.83184],[-1.57825,53.83192],[-1.5822,53.83126],[-1.58426,53.83116],[-1.58633,53.83021],[-1.59003,53.82819],[-1.59202,53.82913],[-1.59412,53.82918],[-1.59592,53.82933],[-1.59754,53.83009],[-1.60352,53.83308],[-1.60626,53.83305],[-1.60874,53.83388],[-1.61057,53.83406],[-1.61478,53.83339],[-1.61666,53.83329],[-1.61752,53.83405],[-1.61829,53.83444],[-1.61903,53.83368],[-1.62096,53.83316],[-1.62389,53.83178],[-1.62494,53.83112],[-1.62604,53.83073],[-1.62877,53.82921],[-1.62839,53.82859],[-1.63011,53.82721],[-1.63418,53.82834],[-1.63536,53.8283],[-1.6387,53.82828],[-1.64118,53.82682],[-1.64446,53.82681],[-1.64567,53.82693],[-1.64684,53.82739],[-1.65587,53.82888]]]}},{"type":"Feature","properties":{"source_code":"B86013","codes":["B86013"],"label":"THE NORTH LEEDS MEDICAL PRACTICE"},"geometry":{"type":"Polygon","coordinates":[[[-1.49998,53.85982],[-1.46321,53.85239],[-1.46264,53.85308],[-1.46295,53.85234],[-1.46201,53.85215],[-1.45949,53.85192],[-1.46592,53.84527],[-1.46642,53.84407],[-1.47217,53.83688],[-1.47612,53.82994],[-1.48281,53.82726],[-1.48427,53.82472],[-1.48599,53.82391],[-1.49114,53.8189],[-1.48975,53.82056],[-1.49131,53.81895],[-1.49036,53.81307],[-1.48908,53.80977],[-1.50581,53.80628],[-1.50719,53.80303],[-1.51234,53.80693],[-1.51294,53.80668],[-1.51697,53.8083],[-1.52135,53.80491],[-1.52736,53.80825],[-1.5295,53.81043],[-1.53379,53.81049],[-1.53551,53.80896],[-1.53877,53.8121],[-1.53963,53.81606],[-1.54701,53.82426],[-1.54821,53.82741],[-1.54341,53.83298],[-1.5453,53.83703],[-1.5398,53.84189],[-1.54461,53.84209],[-1.54787,53.84422],[-1.55628,53.85182],[-1.56212,53.85435],[-1.56658,53.86164],[-1.47355,53.8532],[-1.56641,53.86174],[-1.56589,53.86356],[-1.55113,53.86478],[-1.52744,53.86225],[-1.49998,53.85982]]]}},{"type":"Feature","properties":{"source_code":"B86066","codes":["B86066"],"label":"THE STREET LANE PRACTICE"},"geometry":{"type":"Polygon","coordinates":[[[-1.51401,53.81981],[-1.52534,53.82824],[-1.54332,53.83331],[-1.52761,53.86194],[-1.49972,53.86002],[-1.46955,53.83333],[-1.49315,53.82211],[-1.51401,53.81981]]]}},{"type":"Feature","properties":{"source_code":"B86008","codes":["B86008"],"label":"ALWOODLEY MEDICAL CENTRE"},"geometry":{"type":"Polygon","coordinates":[[[-1.59302,53.83855],[-1.5913,53.85855],[-1.5925,53.86794],[-1.60263,53.87733],[-1.49605,53.86981],[-1.50071,53.84893],[-1.5178,53.84981],[-1.53386,53.84805],[-1.54142,53.84178],[-1.54409,53.83839],[-1.54332,53.83541],[-1.56879,53.83569],[-1.57641,53.84184],[-1.59302,53.83855]]]}},{"type":"Feature","properties":{"source_code":"B86004","codes":["B86004"],"label":"HIGHFIELD SURGERY"},"geometry":{"type":"Polygon","coordinates":[[[-1.66074,53.83865],[-1.65962,53.84949],[-1.64761,53.85597],[-1.64898,53.8663],[-1.64804,53.87594],[-1.64692,53.87781],[-1.64679,53.88679],[-1.64387,53.88937],[-1.64126,53.89031],[-1.63418,53.89166],[-1.62802,53.89205],[-1.62135,53.89145],[-1.61799,53.89096],[-1.61685,53.88956],[-1.61212,53.88939],[-1.60982,53.88929],[-1.60593,53.88895],[-1.59609,53.88873],[-1.58269,53.888],[-1.5612,53.88844],[-1.55675,53.88155],[-1.55472,53.87509],[-1.56079,53.87163],[-1.56478,53.86821],[-1.56894,53.86529],[-1.57053,53.86156],[-1.56856,53.85765],[-1.56564,53.85415],[-1.56281,53.851],[-1.56298,53.84734],[-1.56495,53.84483],[-1.56671,53.84292],[-1.56933,53.84301],[-1.57705,53.8421],[-1.57578,53.83667],[-1.57278,53.83109],[-1.5728,53.82793],[-1.57825,53.82911],[-1.58451,53.82853],[-1.58777,53.82738],[-1.59208,53.82857],[-1.59639,53.82921],[-1.59963,53.83147],[-1.60227,53.83418],[-1.60327,53.83335],[-1.60385,53.83225],[-1.60457,53.82967],[-1.60508,53.82769],[-1.60512,53.82599],[-1.6051,53.8255],[-1.60559,53.8251],[-1.60849,53.82846],[-1.61247,53.83215],[-1.61387,53.8346],[-1.6145,53.8372],[-1.61672,53.83667],[-1.61915,53.83636],[-1.61885,53.83548],[-1.62005,53.83496],[-1.62134,53.83414],[-1.62284,53.83338],[-1.62373,53.83266],[-1.62465,53.83219],[-1.62533,53.83196],[-1.626,53.83187],[-1.62905,53.83128],[-1.63058,53.83183],[-1.63229,53.83142],[-1.63529,53.83121],[-1.63668,53.83135],[-1.63776,53.83185],[-1.6401,53.83306],[-1.64221,53.83394],[-1.64558,53.8343],[-1.64853,53.83501],[-1.65168,53.8347],[-1.65664,53.83637],[-1.66074,53.83865]]]}},{"type":"Feature","properties":{"source_code":"B86038","codes":["B86038"],"label":"GUISELEY AND YEADON MEDICAL PRACTICE"},"geometry":{"type":"Polygon","coordinates":[[[-1.7188,53.89223],[-1.70005,53.89185],[-1.69421,53.89185],[-1.66254,53.8879],[-1.65296,53.88399],[-1.64761,53.8831],[-1.66009,53.87432],[-1.66331,53.86392],[-1.64512,53.84797],[-1.65566,53.84271],[-1.65684,53.83648],[-1.65158,53.83476],[-1.65795,53.83044],[-1.67707,53.83713],[-1.68312,53.8415],[-1.68661,53.84235],[-1.69168,53.84246],[-1.69649,53.84235],[-1.70031,53.84328],[-1.70262,53.84341],[-1.70155,53.8447],[-1.70142,53.8466],[-1.72597,53.85207],[-1.76039,53.84716],[-1.7332,53.86505],[-1.75013,53.87028],[-1.77094,53.8684],[-1.75713,53.88659],[-1.75837,53.89597],[-1.75474,53.89768],[-1.74627,53.90371],[-1.74314,53.90179],[-1.7188,53.89223]]]}},{"type":"Feature","properties":{"source_code":"B86051","codes":["B86051"],"label":"AIRE VALLEY SURGERY"},"geometry":{"type":"Polygon","coordinates":[[[-1.70563,53.9013],[-1.66649,53.89867],[-1.63456,53.89139],[-1.60572,53.87885],[-1.62679,53.85595],[-1.64855,53.83425],[-1.66684,53.82599],[-1.70493,53.82498],[-1.73069,53.8428],[-1.74279,53.89407],[-1.70563,53.9013]]]}},{"type":"Feature","properties":{"source_code":"B86070","codes":["B86070"],"label":"AIREBOROUGH FAMILY PRACTICE"},"geometry":{"type":"Polygon","coordinates":[[[-1.73515,53.8922],[-1.70597,53.90049],[-1.67953,53.90029],[-1.64074,53.89483],[-1.61705,53.88492],[-1.61877,53.85617],[-1.6555,53.84301],[-1.6943,53.84787],[-1.72348,53.86002],[-1.72932,53.87459],[-1.73515,53.8922]]]}},{"type":"Feature","properties":{"source_code":"B86052","codes":["B86052"],"label":"PARK ROAD & MENSTON"},"geometry":{"type":"Polygon","coordinates":[[[-1.74305,53.90555],[-1.72623,53.90029],[-1.72211,53.89726],[-1.68777,53.8924],[-1.68606,53.89018],[-1.66855,53.88532],[-1.6737,53.87662],[-1.68915,53.87723],[-1.69636,53.86994],[-1.70151,53.86852],[-1.6991,53.86589],[-1.70425,53.86549],[-1.70563,53.86366],[-1.71078,53.86407],[-1.72314,53.85334],[-1.74236,53.85394],[-1.77189,53.8665],[-1.81,53.87439],[-1.76846,53.90232],[-1.74305,53.90555]]]}},{"type":"Feature","properties":{"source_code":"B86673","codes":["B86673"],"label":"WETHERBY & BRAMHAM SURGERY"},"geometry":{"type":"Polygon","coordinates":[[[-1.38771,53.95164],[-1.3884,53.95447],[-1.34239,53.96871],[-1.28265,53.97648],[-1.15082,53.9193],[-1.21468,53.82457],[-1.32935,53.81119],[-1.4447,53.82335],[-1.43372,53.86711],[-1.46255,53.89989],[-1.38771,53.95164]]]}},{"type":"Feature","properties":{"source_code":"B86034","codes":["B86034"],"label":"SPA SURGERY"},"geometry":{"type":"Polygon","coordinates":[[[-1.38599,53.92314],[-1.38256,53.92234],[-1.30943,53.9282],[-1.26034,53.88573],[-1.35921,53.87945],[-1.41586,53.90515],[-1.38599,53.92314]]]}},{"type":"Feature","properties":{"source_code":"B86029","codes":["B86029"],"label":"WESTGATE SURGERY"},"geometry":{"type":"Polygon","coordinates":[[[-1.82579,53.93992],[-1.77567,54.03036],[-1.75318,54.02189],[-1.74477,54.01221],[-1.70099,54.01533],[-1.69498,54.00726],[-1.69052,53.99768],[-1.661,53.97881],[-1.61568,53.95629],[-1.5834,53.93012],[-1.57482,53.92509],[-1.56487,53.91632],[-1.5683,53.90272],[-1.59465,53.87535],[-1.64499,53.87315],[-1.66848,53.87542],[-1.69112,53.87475],[-1.69395,53.87247],[-1.69619,53.87095],[-1.6991,53.87131],[-1.70202,53.87075],[-1.7082,53.8665],[-1.7134,53.86807],[-1.72058,53.86475],[-1.72254,53.86842],[-1.72554,53.87834],[-1.73447,53.88249],[-1.8354,53.92254],[-1.83884,53.93426],[-1.82579,53.93992]]]}},{"type":"Feature","properties":{"source_code":"B86032","codes":["B86032"],"label":"CHEVIN MEDICAL PRACTICE"},"geometry":{"type":"Polygon","coordinates":[[[-1.72485,53.91303],[-1.58581,53.95103],[-1.54118,53.9189],[-1.55663,53.90393],[-1.60572,53.87945],[-1.6507,53.87379],[-1.72485,53.91303]]]}},{"type":"Feature","properties":{"source_code":"B86010","codes":["B86010"],"label":"COLLINGHAM CHURCH VIEW SURGERY"},"geometry":{"type":"Polygon","coordinates":[[[-1.45912,53.85718],[-1.47577,53.87652],[-1.52607,53.89665],[-1.45294,53.93002],[-1.38737,53.94214],[-1.32763,53.92193],[-1.3393,53.90474],[-1.35509,53.87824],[-1.42256,53.85435],[-1.45912,53.85718]]]}},{"type":"Feature","properties":{"source_code":"B86033","codes":["B86033"],"label":"CROSSLEY STREET SURGERY"},"geometry":{"type":"Polygon","coordinates":[[[-1.27064,53.96901],[-1.27201,53.95205],[-1.27373,53.93972],[-1.27961,53.93636],[-1.28059,53.93386],[-1.28012,53.93607],[-1.28574,53.93285],[-1.32042,53.92011],[-1.33759,53.91485],[-1.36505,53.91041],[-1.40728,53.90697],[-1.43166,53.91667],[-1.44608,53.92314],[-1.45603,53.92982],[-1.45397,53.93548],[-1.44402,53.94214],[-1.43337,53.948],[-1.42925,53.95508],[-1.41895,53.96235],[-1.41655,53.96659],[-1.40453,53.96901],[-1.38187,53.96861],[-1.35475,53.9678],[-1.33244,53.96881],[-1.30566,53.97164],[-1.27064,53.96901]]]}},{"type":"Feature","properties":{"source_code":"B82012","codes":["B82012"],"label":"THE LEEDS ROAD PRACTICE"},"geometry":{"type":"Polygon","coordinates":[[[-1.4399,53.91409],[-1.44247,53.91336],[-1.44522,53.90992],[-1.45105,53.90719],[-1.45603,53.9078],[-1.46238,53.90618],[-1.46444,53.90658],[-1.46513,53.90931],[-1.47028,53.91134],[-1.47594,53.91144],[-1.4859,53.91093],[-1.48968,53.91225],[-1.49345,53.91508],[-1.49981,53.91528],[-1.50616,53.91255],[-1.51011,53.91144],[-1.51749,53.91194],[-1.52641,53.90982],[-1.52916,53.9085],[-1.53534,53.91032],[-1.54924,53.91083],[-1.54924,53.90931],[-1.55062,53.90719],[-1.5501,53.90497],[-1.55182,53.90284],[-1.55525,53.90436],[-1.55972,53.90507],[-1.56298,53.90375],[-1.56693,53.91002],[-1.56864,53.91083],[-1.58478,53.90921],[-1.58649,53.90456],[-1.58649,53.90143],[-1.59233,53.90203],[-1.59885,53.90345],[-1.60194,53.90739],[-1.59851,53.90952],[-1.60297,53.91002],[-1.61018,53.90749],[-1.62357,53.90648],[-1.63061,53.9082],[-1.64692,53.91032],[-1.65327,53.91194],[-1.65155,53.91285],[-1.67181,53.92296],[-1.67318,53.92771],[-1.67627,53.92862],[-1.67559,53.93368],[-1.68245,53.93964],[-1.68091,53.94035],[-1.68245,53.94429],[-1.68245,53.94974],[-1.68108,53.95358],[-1.68365,53.95883],[-1.68245,53.96166],[-1.68674,53.97438],[-1.68571,53.98155],[-1.68365,53.98377],[-1.68451,53.98579],[-1.69018,53.98882],[-1.69155,53.9982],[-1.68434,53.99992],[-1.67198,54.00214],[-1.66615,54.00032],[-1.65636,54.00143],[-1.6404,54.00315],[-1.63044,54.00426],[-1.61842,54.00466],[-1.60641,54.00668],[-1.59576,54.009],[-1.57825,54.00759],[-1.56384,54.00607],[-1.55113,54.00718],[-1.54564,54.00617],[-1.54289,54.00517],[-1.53791,54.00517],[-1.53534,54.00325],[-1.52804,53.99729],[-1.50925,54.00375],[-1.50461,54.00194],[-1.50049,53.9982],[-1.49483,53.99598],[-1.49174,53.99631],[-1.49071,53.99389],[-1.47457,53.99732],[-1.45741,53.99449],[-1.45191,53.99066],[-1.44333,53.99736],[-1.41518,53.9743],[-1.43028,53.94299],[-1.4399,53.91409]]]}},{"type":"Feature","properties":{"source_code":"B82014","codes":["B82014"],"label":"KINGSWOOD SURGERY"},"geometry":{"type":"Polygon","coordinates":[[[-1.48959,54.0073],[-1.48821,54.00528],[-1.48716,54.00309],[-1.48648,53.99898],[-1.48578,53.9978],[-1.48818,53.99463],[-1.48983,53.99058],[-1.48959,53.98385],[-1.49839,53.9785],[-1.51019,53.97507],[-1.5189,53.96977],[-1.52882,53.96719],[-1.53739,53.9655],[-1.5463,53.96634],[-1.56319,53.96755],[-1.57064,53.98194],[-1.58418,53.99521],[-1.58302,54.00108],[-1.57813,54.00789],[-1.57047,54.00714],[-1.56861,54.00708],[-1.56569,54.00719],[-1.55858,54.00796],[-1.5539,54.01185],[-1.54344,54.01494],[-1.53617,54.01583],[-1.52843,54.01533],[-1.50461,54.01208],[-1.49163,54.01204],[-1.49124,54.01043],[-1.49025,54.00909],[-1.49003,54.00814],[-1.48959,54.0073]]]}},{"type":"Feature","properties":{"source_code":"B82013","codes":["B82013"],"label":"MOSS HEALTHCARE HARROGATE"},"geometry":{"type":"Polygon","coordinates":[[[-1.48306,54.09864],[-1.48268,54.09844],[-1.48187,54.09841],[-1.48103,54.09872],[-1.48045,54.09928],[-1.47968,54.09982],[-1.47906,54.1004],[-1.47753,54.10037],[-1.47523,54.10054],[-1.47321,54.10001],[-1.47067,54.09906],[-1.47263,54.0975],[-1.47245,54.09671],[-1.47214,54.09471],[-1.47215,54.09336],[-1.47195,54.09161],[-1.47043,54.09072],[-1.47174,54.08958],[-1.4731,54.0881],[-1.47247,54.08675],[-1.47149,54.08569],[-1.47195,54.08495],[-1.47177,54.08161],[-1.47018,54.08018],[-1.47126,54.07911],[-1.47159,54.07787],[-1.47076,54.07695],[-1.47074,54.07551],[-1.47177,54.075],[-1.47152,54.07412],[-1.47088,54.07311],[-1.47174,54.07177],[-1.47296,54.06901],[-1.47354,54.068],[-1.47439,54.06722],[-1.47509,54.06643],[-1.47692,54.06644],[-1.47826,54.06644],[-1.47884,54.06573],[-1.47897,54.06485],[-1.47837,54.06411],[-1.47758,54.06323],[-1.47801,54.06197],[-1.47916,54.0615],[-1.48062,54.06095],[-1.48227,54.06031],[-1.48426,54.05996],[-1.48609,54.06006],[-1.48762,54.06001],[-1.48923,54.0598],[-1.49141,54.05936],[-1.49425,54.05854],[-1.49317,54.05631],[-1.49276,54.05507],[-1.4914,54.05388],[-1.48966,54.05286],[-1.48891,54.05306],[-1.48627,54.05354],[-1.48318,54.05339],[-1.48009,54.05317],[-1.47666,54.051],[-1.47303,54.05148],[-1.47058,54.05154],[-1.46695,54.05166],[-1.46343,54.05216],[-1.45361,54.05323],[-1.43946,54.05427],[-1.43971,54.05331],[-1.44041,54.0523],[-1.43985,54.05113],[-1.43887,54.05011],[-1.43813,54.04852],[-1.43979,54.04731],[-1.43945,54.04639],[-1.44024,54.04513],[-1.44026,54.04356],[-1.43955,54.04178],[-1.44055,54.04136],[-1.44507,54.04028],[-1.44531,54.03965],[-1.44707,54.03918],[-1.44667,54.03797],[-1.4474,54.03755],[-1.45011,54.03751],[-1.44997,54.03675],[-1.45071,54.03522],[-1.45416,54.03448],[-1.45402,54.03308],[-1.45347,54.03162],[-1.45173,54.03008],[-1.45031,54.03091],[-1.44897,54.03124],[-1.44495,54.03192],[-1.44431,54.0312],[-1.44566,54.03068],[-1.44479,54.02976],[-1.44469,54.02897],[-1.44333,54.02795],[-1.44449,54.02679],[-1.44365,54.02692],[-1.44135,54.02714],[-1.4394,54.02736],[-1.43911,54.02652],[-1.43996,54.02581],[-1.44278,54.02346],[-1.44336,54.02247],[-1.44388,54.02102],[-1.44352,54.01946],[-1.44317,54.01679],[-1.44448,54.01322],[-1.44426,54.01207],[-1.43573,54.01163],[-1.43562,54.01096],[-1.43533,54.00983],[-1.43481,54.00893],[-1.43401,54.0072],[-1.43382,54.0045],[-1.43415,54.0027],[-1.43606,54.00208],[-1.43693,54.00024],[-1.43953,53.99963],[-1.44016,53.99828],[-1.44473,53.99682],[-1.44634,53.9966],[-1.44757,53.99602],[-1.44918,53.9954],[-1.45067,53.99478],[-1.45209,53.99393],[-1.45367,53.99284],[-1.45547,53.99199],[-1.45719,53.99166],[-1.45838,53.99142],[-1.4606,53.99121],[-1.4625,53.99142],[-1.46506,53.99091],[-1.46628,53.99101],[-1.46799,53.9912],[-1.46936,53.99154],[-1.47038,53.99226],[-1.4719,53.99294],[-1.47315,53.99324],[-1.47475,53.9937],[-1.4765,53.99393],[-1.47769,53.99366],[-1.4788,53.99313],[-1.4801,53.99262],[-1.48163,53.99251],[-1.48323,53.99254],[-1.48529,53.99244],[-1.48719,53.99254],[-1.4877,53.99171],[-1.48798,53.99058],[-1.48902,53.98953],[-1.48946,53.98839],[-1.4892,53.98718],[-1.48822,53.9865],[-1.48689,53.98609],[-1.48545,53.98579],[-1.48466,53.98486],[-1.48406,53.98378],[-1.48407,53.98293],[-1.48359,53.98183],[-1.48264,53.98126],[-1.48177,53.98083],[-1.48063,53.98044],[-1.47946,53.97976],[-1.47848,53.97897],[-1.47768,53.97859],[-1.47677,53.97827],[-1.47619,53.97872],[-1.47442,53.9777],[-1.47317,53.97695],[-1.47287,53.97607],[-1.47201,53.97515],[-1.47126,53.97413],[-1.47012,53.97345],[-1.46823,53.97261],[-1.46676,53.97162],[-1.46581,53.97083],[-1.46479,53.96992],[-1.46393,53.96914],[-1.46249,53.96818],[-1.4609,53.96746],[-1.45984,53.96676],[-1.45879,53.96603],[-1.45788,53.96553],[-1.45664,53.96423],[-1.45782,53.96405],[-1.45973,53.96379],[-1.4616,53.96346],[-1.46284,53.96232],[-1.46387,53.9617],[-1.46571,53.96099],[-1.46751,53.96041],[-1.46888,53.96033],[-1.47101,53.96038],[-1.47323,53.95996],[-1.47503,53.95945],[-1.47686,53.95877],[-1.47739,53.95949],[-1.47865,53.95954],[-1.47943,53.96098],[-1.48018,53.96175],[-1.48127,53.96278],[-1.4823,53.96317],[-1.48375,53.96289],[-1.48546,53.96283],[-1.48687,53.96297],[-1.48847,53.96349],[-1.48972,53.96401],[-1.49016,53.96543],[-1.49141,53.96534],[-1.49279,53.96524],[-1.49382,53.96511],[-1.49534,53.96509],[-1.49668,53.96476],[-1.49791,53.96416],[-1.49919,53.96351],[-1.50036,53.96271],[-1.50308,53.96153],[-1.50637,53.96017],[-1.50906,53.95888],[-1.51143,53.9577],[-1.51632,53.95394],[-1.51897,53.95175],[-1.52218,53.95095],[-1.52541,53.95162],[-1.52693,53.95167],[-1.52887,53.9517],[-1.53063,53.9518],[-1.53253,53.95187],[-1.53462,53.9519],[-1.5358,53.95245],[-1.53629,53.95261],[-1.53755,53.95277],[-1.53911,53.95284],[-1.54037,53.95285],[-1.54178,53.95267],[-1.54319,53.95209],[-1.54433,53.95295],[-1.54439,53.95455],[-1.54871,53.95256],[-1.55089,53.95585],[-1.55157,53.95639],[-1.55225,53.95635],[-1.55336,53.95626],[-1.55481,53.95607],[-1.55643,53.95601],[-1.55928,53.95618],[-1.56022,53.95629],[-1.56074,53.95701],[-1.56142,53.9578],[-1.56202,53.95845],[-1.56278,53.95906],[-1.56369,53.95956],[-1.56421,53.96033],[-1.56527,53.96098],[-1.56645,53.96128],[-1.56759,53.96184],[-1.56911,53.96219],[-1.57113,53.96215],[-1.57387,53.9623],[-1.57543,53.96226],[-1.5768,53.96226],[-1.57837,53.96231],[-1.57977,53.96252],[-1.58126,53.96275],[-1.58286,53.96271],[-1.58419,53.9628],[-1.58613,53.96294],[-1.58872,53.96331],[-1.59002,53.963],[-1.59078,53.9626],[-1.59246,53.96225],[-1.59331,53.96178],[-1.59461,53.96165],[-1.59579,53.96163],[-1.5967,53.9613],[-1.59774,53.96085],[-1.59949,53.96065],[-1.60132,53.96077],[-1.60235,53.96044],[-1.60437,53.96028],[-1.6057,53.96065],[-1.60755,53.96079],[-1.61059,53.96112],[-1.61364,53.9614],[-1.61645,53.96212],[-1.62117,53.9629],[-1.62399,53.96323],[-1.62711,53.96337],[-1.63111,53.96361],[-1.63644,53.96439],[-1.63979,53.9647],[-1.64126,53.96588],[-1.64393,53.96652],[-1.64605,53.96752],[-1.64848,53.96824],[-1.6513,53.9692],[-1.65411,53.97015],[-1.65136,53.97099],[-1.64907,53.97144],[-1.64548,53.9721],[-1.64349,53.97344],[-1.6419,53.97335],[-1.6389,53.97302],[-1.6336,53.97251],[-1.62953,53.97205],[-1.62625,53.97202],[-1.62351,53.97215],[-1.62076,53.97261],[-1.61858,53.97301],[-1.61675,53.97374],[-1.61407,53.97486],[-1.61184,53.97636],[-1.61047,53.97675],[-1.60799,53.97717],[-1.60322,53.97772],[-1.60112,53.9781],[-1.59852,53.97885],[-1.59679,53.97968],[-1.59438,53.98066],[-1.59289,53.98159],[-1.59219,53.98236],[-1.59222,53.9838],[-1.5932,53.98458],[-1.59392,53.98562],[-1.59451,53.98692],[-1.59588,53.98724],[-1.59671,53.98824],[-1.59842,53.98914],[-1.59963,53.99027],[-1.60091,53.99137],[-1.60262,53.99232],[-1.60433,53.99321],[-1.60653,53.99382],[-1.60965,53.99461],[-1.61182,53.99471],[-1.61419,53.99488],[-1.61667,53.99491],[-1.61956,53.99501],[-1.62292,53.99515],[-1.62313,53.99744],[-1.61749,54.00514],[-1.61687,54.00569],[-1.61626,54.00623],[-1.61572,54.00688],[-1.61533,54.00746],[-1.6151,54.00802],[-1.61452,54.00861],[-1.61398,54.00926],[-1.6129,54.00984],[-1.61233,54.01035],[-1.61156,54.01098],[-1.61129,54.01172],[-1.61178,54.01233],[-1.61146,54.01305],[-1.61081,54.01369],[-1.61,54.01414],[-1.61023,54.01493],[-1.6109,54.01592],[-1.6112,54.01668],[-1.61112,54.01745],[-1.61172,54.01842],[-1.6128,54.01752],[-1.61372,54.01662],[-1.61482,54.01694],[-1.61558,54.01733],[-1.61565,54.01805],[-1.61611,54.01861],[-1.6174,54.01902],[-1.61804,54.0199],[-1.61834,54.02071],[-1.61833,54.02143],[-1.61722,54.02208],[-1.61626,54.02257],[-1.61656,54.0232],[-1.61674,54.02423],[-1.61647,54.02499],[-1.61597,54.02539],[-1.61509,54.02584],[-1.61371,54.02626],[-1.61206,54.02651],[-1.61061,54.02644],[-1.60931,54.02704],[-1.60984,54.0272],[-1.61095,54.02749],[-1.61259,54.02784],[-1.61396,54.02788],[-1.61552,54.02802],[-1.61693,54.02814],[-1.61884,54.02832],[-1.62048,54.02846],[-1.62284,54.02854],[-1.62478,54.02931],[-1.62627,54.02985],[-1.62714,54.03044],[-1.62801,54.03141],[-1.62839,54.03206],[-1.62895,54.03281],[-1.62971,54.03315],[-1.63078,54.03376],[-1.63222,54.03475],[-1.63359,54.03543],[-1.63495,54.03604],[-1.63453,54.03673],[-1.63384,54.03718],[-1.6336,54.03785],[-1.63329,54.03846],[-1.63313,54.03902],[-1.6326,54.03945],[-1.63202,54.04025],[-1.63136,54.04081],[-1.63059,54.04216],[-1.62936,54.04274],[-1.62756,54.04348],[-1.62664,54.04417],[-1.62606,54.04432],[-1.62468,54.04461],[-1.6235,54.04522],[-1.62288,54.04571],[-1.62169,54.04647],[-1.62084,54.04768],[-1.62056,54.04842],[-1.62007,54.04887],[-1.61932,54.04943],[-1.61856,54.05008],[-1.61765,54.0505],[-1.61649,54.0511],[-1.61603,54.05184],[-1.61484,54.05244],[-1.6143,54.05307],[-1.61338,54.05372],[-1.61299,54.05453],[-1.61309,54.05534],[-1.61244,54.05612],[-1.61142,54.05688],[-1.61004,54.05688],[-1.60983,54.05724],[-1.60857,54.05764],[-1.60731,54.05761],[-1.60545,54.06019],[-1.60331,54.06009],[-1.6017,54.0604],[-1.6007,54.061],[-1.59921,54.06125],[-1.59939,54.0621],[-1.5992,54.0628],[-1.60014,54.0641],[-1.60074,54.06527],[-1.59978,54.06592],[-1.59958,54.06648],[-1.5987,54.06695],[-1.59131,54.0689],[-1.58169,54.07177],[-1.58096,54.07219],[-1.57935,54.07235],[-1.5779,54.07275],[-1.57697,54.07337],[-1.57532,54.07415],[-1.57352,54.07473],[-1.57294,54.07558],[-1.57179,54.0763],[-1.57002,54.07717],[-1.57012,54.07813],[-1.56824,54.07934],[-1.56671,54.0792],[-1.56423,54.07919],[-1.56289,54.07939],[-1.56051,54.08041],[-1.55852,54.08094],[-1.55691,54.08157],[-1.55675,54.08209],[-1.55598,54.08228],[-1.55483,54.08253],[-1.55383,54.08295],[-1.55306,54.08353],[-1.55309,54.08434],[-1.55393,54.08497],[-1.55411,54.08587],[-1.55464,54.08664],[-1.55383,54.08715],[-1.55328,54.08789],[-1.55335,54.08868],[-1.553,54.08955],[-1.55284,54.09025],[-1.55172,54.09081],[-1.55042,54.09118],[-1.54908,54.09172],[-1.54759,54.09189],[-1.54624,54.09225],[-1.54543,54.09283],[-1.54452,54.09278],[-1.5436,54.09248],[-1.54235,54.09216],[-1.54132,54.09193],[-1.54005,54.09198],[-1.53887,54.09219],[-1.53753,54.09224],[-1.53611,54.09243],[-1.53515,54.09265],[-1.53347,54.09301],[-1.5327,54.09361],[-1.53135,54.09403],[-1.53082,54.0938],[-1.52991,54.0936],[-1.52971,54.0942],[-1.52898,54.09447],[-1.52783,54.09492],[-1.5271,54.09539],[-1.52675,54.09592],[-1.52471,54.09641],[-1.52345,54.09665],[-1.52188,54.09703],[-1.52061,54.09743],[-1.51931,54.09796],[-1.51903,54.09884],[-1.51768,54.09944],[-1.51722,54.10018],[-1.51671,54.10094],[-1.51552,54.10134],[-1.51577,54.10255],[-1.51512,54.10275],[-1.51405,54.10311],[-1.51282,54.10317],[-1.51129,54.1033],[-1.50877,54.10347],[-1.50589,54.10393],[-1.5031,54.10446],[-1.49911,54.10507],[-1.49658,54.10578],[-1.49539,54.10616],[-1.4934,54.10628],[-1.4928,54.10578],[-1.49204,54.10497],[-1.49125,54.10429],[-1.4901,54.10379],[-1.48885,54.10321],[-1.48767,54.10273],[-1.48641,54.10243],[-1.48573,54.10211],[-1.48493,54.10184],[-1.48361,54.1017],[-1.4828,54.10111],[-1.48281,54.10028],[-1.48377,54.1],[-1.48389,54.09921],[-1.48306,54.09864]]]}},{"type":"Feature","properties":{"source_code":"B82016","codes":["B82016"],"label":"STRAYSIDE HEALTH"},"geometry":{"type":"Polygon","coordinates":[[[-1.54306,54.02018],[-1.49708,54.01405],[-1.48542,53.9938],[-1.48992,53.98376],[-1.5042,53.97054],[-1.50183,53.96387],[-1.52034,53.95288],[-1.53212,53.95523],[-1.58847,53.97547],[-1.59439,53.97537],[-1.58778,53.99798],[-1.56847,54.02018],[-1.55783,54.01967],[-1.54306,54.02018]]]}},{"type":"Feature","properties":{"source_code":"B82091","codes":["B82091"],"label":"PARK PARADE SURGERY"},"geometry":{"type":"Polygon","coordinates":[[[-1.57688,54.00817],[-1.57654,54.00898],[-1.56727,54.0118],[-1.55457,54.01407],[-1.54512,54.01832],[-1.54049,54.01894],[-1.52916,54.01957],[-1.52349,54.01997],[-1.51345,54.01869],[-1.50444,54.01538],[-1.49654,54.00941],[-1.48968,54.00343],[-1.48787,53.99894],[-1.48899,53.99455],[-1.49036,53.98209],[-1.49369,53.97221],[-1.4989,53.96687],[-1.50882,53.96305],[-1.50971,53.95851],[-1.51171,53.9575],[-1.51305,53.95677],[-1.51405,53.95585],[-1.51655,53.95389],[-1.52019,53.95351],[-1.52212,53.95361],[-1.52547,53.95417],[-1.53045,53.95497],[-1.53662,53.95594],[-1.53812,53.95702],[-1.53962,53.95771],[-1.54373,53.95711],[-1.54732,53.95666],[-1.55203,53.95651],[-1.55657,53.95589],[-1.56034,53.95688],[-1.56205,53.95877],[-1.5641,53.96004],[-1.5701,53.96285],[-1.57255,53.96721],[-1.57433,53.9695],[-1.57697,53.97142],[-1.5769,53.97229],[-1.58027,53.97417],[-1.58512,53.97631],[-1.59276,53.97482],[-1.58615,53.99828],[-1.58409,54.00353],[-1.57688,54.00817]]]}},{"type":"Feature","properties":{"source_code":"B82027","codes":["B82027"],"label":"THE SPA SURGERY"},"geometry":{"type":"MultiPolygon","coordinates":[[[[-1.47948,54.00739],[-1.47938,54.00737],[-1.47956,54.00705],[-1.47903,54.00696],[-1.49055,53.98696],[-1.49174,53.98476],[-1.49181,53.98477],[-1.49254,53.98349],[-1.49242,53.98335],[-1.4938,53.98113],[-1.49437,53.98032],[-1.4948,53.97957],[-1.50513,53.96093],[-1.50169,53.96719],[-1.50155,53.96784],[-1.50581,53.96043],[-1.51062,53.95755],[-1.53397,53.95346],[-1.59611,53.97043],[-1.58684,53.99162],[-1.58066,54.00575],[-1.5659,54.02249],[-1.47965,54.00707],[-1.47948,54.00739]]],[[[-1.47948,54.00739],[-1.56521,54.0229],[-1.51852,54.01463],[-1.47938,54.00757],[-1.47948,54.00739]]]]}},{"type":"Feature","properties":{"source_code":"B82060","codes":["B82060"],"label":"EASTGATE MEDICAL GROUP"},"geometry":{"type":"MultiPolygon","coordinates":[[[[-1.40254,54.02458],[-1.37844,54.00908],[-1.3805,54.00938],[-1.38273,54.00958],[-1.38582,54.00979],[-1.38908,54.00989],[-1.39252,54.00999],[-1.39509,54.00999],[-1.39835,54.00989],[-1.40093,54.01029],[-1.40333,54.0114],[-1.40625,54.01362],[-1.40471,54.01473],[-1.40333,54.01584],[-1.40402,54.01685],[-1.40419,54.01876],[-1.40522,54.01997],[-1.40488,54.0226],[-1.40436,54.0237],[-1.40254,54.02458]]],[[[-1.40254,54.02458],[-1.40918,54.02885],[-1.43269,54.00696],[-1.4423,53.99748],[-1.46522,53.98416],[-1.46358,53.98416],[-1.46015,53.98537],[-1.47079,53.98072],[-1.47037,53.98117],[-1.47217,53.98012],[-1.49757,53.96477],[-1.52641,53.96497],[-1.53397,53.97689],[-1.53946,53.98638],[-1.55182,54.00696],[-1.50282,54.01942],[-1.52195,54.04669],[-1.39209,54.04748],[-1.38805,54.0485],[-1.38913,54.0475],[-1.3884,54.0475],[-1.38991,54.04677],[-1.40749,54.03042],[-1.40556,54.02986],[-1.40385,54.02855],[-1.4035,54.02703],[-1.40385,54.02602],[-1.40247,54.02461],[-1.40254,54.02458]]],[[[-1.40814,54.02965],[-1.40787,54.03007],[-1.40862,54.02937],[-1.40814,54.02965]]]]}},{"type":"Feature","properties":{"source_code":"B82059","codes":["B82059"],"label":"CHURCH AVENUE MEDICAL GROUP"},"geometry":{"type":"Polygon","coordinates":[[[-1.59302,54.06866],[-1.49071,54.0001],[-1.59508,53.96659],[-1.63696,54.02713],[-1.59302,54.06866]]]}},{"type":"Feature","properties":{"source_code":"B82069","codes":["B82069"],"label":"BEECH HOUSE SURGERY"},"geometry":{"type":"Polygon","coordinates":[[[-1.39166,54.09222],[-1.29999,54.00283],[-1.32162,54.00161],[-1.38067,53.96366],[-1.38874,53.94457],[-1.51697,53.95407],[-1.54066,53.94851],[-1.49654,53.98506],[-1.52246,53.99435],[-1.51663,54.01705],[-1.54667,54.01634],[-1.56813,54.04115],[-1.54856,54.05012],[-1.53139,54.09343],[-1.49723,54.09665],[-1.45672,54.08981],[-1.43578,54.08608],[-1.39166,54.09222]]]}},{"type":"Feature","properties":{"source_code":"B82067","codes":["B82067"],"label":"STOCKWELL ROAD SURGERY"},"geometry":{"type":"Polygon","coordinates":[[[-1.52993,54.09182],[-1.51465,54.09137],[-1.51011,54.09187],[-1.5059,54.09126],[-1.49637,54.09278],[-1.49285,54.09519],[-1.48727,54.09529],[-1.48521,54.09645],[-1.47878,54.0963],[-1.4726,54.09781],[-1.46899,54.0963],[-1.46719,54.09363],[-1.46324,54.09358],[-1.45758,54.08965],[-1.45689,54.08643],[-1.452,54.08512],[-1.44496,54.08527],[-1.44041,54.08427],[-1.39827,54.0817],[-1.39295,54.07279],[-1.38951,54.05591],[-1.3878,54.04694],[-1.38479,54.03722],[-1.38411,54.02693],[-1.37758,54.00858],[-1.36661,54.00014],[-1.36284,53.98189],[-1.37074,53.96202],[-1.38568,53.96461],[-1.40336,53.966],[-1.45607,53.9595],[-1.48002,53.95585],[-1.4968,53.95786],[-1.50485,53.96109],[-1.51951,53.95169],[-1.52977,53.9577],[-1.52923,53.96],[-1.51917,53.96377],[-1.51097,53.96758],[-1.51064,53.96989],[-1.5201,53.97467],[-1.52714,53.98027],[-1.53282,53.98387],[-1.53634,53.99152],[-1.5381,53.99443],[-1.5359,53.99771],[-1.52528,54.00421],[-1.52052,54.00989],[-1.5208,54.01183],[-1.53353,54.02052],[-1.53722,54.03683],[-1.54176,54.03959],[-1.54248,54.04193],[-1.54217,54.04396],[-1.54276,54.04499],[-1.53769,54.04662],[-1.53458,54.04645],[-1.53686,54.05126],[-1.54034,54.05174],[-1.53667,54.05864],[-1.53832,54.06176],[-1.53791,54.06569],[-1.53525,54.07917],[-1.52967,54.08091],[-1.52993,54.09182]]]}},{"type":"Feature","properties":{"source_code":"B82032","codes":["B82032"],"label":"CHURCH LANE SURGERY"},"geometry":{"type":"MultiPolygon","coordinates":[[[[-1.31221,53.99815],[-1.31063,53.99712],[-1.31389,53.99817],[-1.31221,53.99815]]],[[[-1.52074,54.11631],[-1.52298,54.11396],[-1.52315,54.11507],[-1.52401,54.11457],[-1.52121,54.11692],[-1.52166,54.11647],[-1.52074,54.11631]]],[[[-1.51474,54.12261],[-1.5161,54.12118],[-1.52121,54.11692],[-1.52073,54.11738],[-1.51474,54.12261]]],[[[-1.31221,53.99815],[-1.32445,54.00608],[-1.3396,54.00712],[-1.39078,54.03911],[-1.45276,54.03998],[-1.52907,54.06621],[-1.52205,54.11414],[-1.51298,54.11495],[-1.52074,54.11631],[-1.5161,54.12118],[-1.45535,54.17188],[-1.39041,54.17512],[-1.33688,54.18767],[-1.29981,54.18008],[-1.23527,54.13325],[-1.30342,53.99802],[-1.31221,53.99815]]]]}},{"type":"Feature","properties":{"source_code":"B82036","codes":["B82036"],"label":"PARK STREET"},"geometry":{"type":"Polygon","coordinates":[[[-1.38509,54.17334],[-1.38683,54.15366],[-1.39269,54.13398],[-1.40393,54.08875],[-1.43533,54.06194],[-1.49848,54.04722],[-1.55937,54.04437],[-1.60551,54.05628],[-1.61038,54.0573],[-1.61161,54.05903],[-1.62673,54.06775],[-1.63911,54.07666],[-1.68151,54.0971],[-1.69155,54.13267],[-1.68468,54.16887],[-1.65207,54.18715],[-1.63456,54.19499],[-1.62632,54.20011],[-1.62083,54.20442],[-1.61207,54.20769],[-1.60383,54.2113],[-1.59405,54.21682],[-1.58478,54.22129],[-1.58229,54.2247],[-1.57722,54.22731],[-1.55045,54.22972],[-1.48757,54.22427],[-1.44779,54.21236],[-1.41026,54.19365],[-1.38509,54.17334]]]}},{"type":"Feature","properties":{"source_code":"B82010","codes":["B82010"],"label":"RIPON SPA SURGERY"},"geometry":{"type":"Polygon","coordinates":[[[-1.41204,54.11927],[-1.41312,54.1165],[-1.41325,54.1155],[-1.41326,54.11553],[-1.41337,54.11482],[-1.41509,54.1118],[-1.41509,54.10777],[-1.41526,54.10526],[-1.41497,54.10381],[-1.41346,54.10068],[-1.41511,54.09886],[-1.41526,54.0972],[-1.41655,54.096],[-1.41827,54.09011],[-1.42015,54.08759],[-1.42144,54.08583],[-1.42367,54.08477],[-1.42814,54.0816],[-1.43543,54.07626],[-1.43508,54.07689],[-1.43578,54.07631],[-1.4677,54.06599],[-1.47466,54.06435],[-1.49324,54.06529],[-1.4986,54.06558],[-1.50968,54.0649],[-1.52071,54.0623],[-1.52701,54.0613],[-1.54366,54.06115],[-1.57019,54.0605],[-1.58409,54.07399],[-1.58993,54.08094],[-1.60229,54.0884],[-1.61877,54.08527],[-1.63027,54.08573],[-1.63782,54.08699],[-1.641,54.0885],[-1.64331,54.09071],[-1.6464,54.09383],[-1.65276,54.10158],[-1.6634,54.11215],[-1.66512,54.12463],[-1.67717,54.12883],[-1.69604,54.13497],[-1.71284,54.14394],[-1.70923,54.15957],[-1.69224,54.1609],[-1.67739,54.16213],[-1.67602,54.16218],[-1.67404,54.17143],[-1.66632,54.18032],[-1.6628,54.18524],[-1.65602,54.18861],[-1.64735,54.19308],[-1.64166,54.19491],[-1.63615,54.19805],[-1.62683,54.20026],[-1.61937,54.20345],[-1.61503,54.20619],[-1.61293,54.20874],[-1.60898,54.21246],[-1.60452,54.21486],[-1.59697,54.21818],[-1.59336,54.22129],[-1.57911,54.21968],[-1.55903,54.21547],[-1.52229,54.21346],[-1.51268,54.21246],[-1.50238,54.20663],[-1.47217,54.20262],[-1.44539,54.19257],[-1.43578,54.17891],[-1.42788,54.16207],[-1.42312,54.16078],[-1.41797,54.15746],[-1.41252,54.15562],[-1.40676,54.15221],[-1.40676,54.14959],[-1.40715,54.14917],[-1.40822,54.1462],[-1.40852,54.14409],[-1.40865,54.14265],[-1.40913,54.14142],[-1.41165,54.13818],[-1.41174,54.1379],[-1.41335,54.12839],[-1.41256,54.12699],[-1.41123,54.12583],[-1.41179,54.12508],[-1.41307,54.1247],[-1.41282,54.1241],[-1.41256,54.12256],[-1.41204,54.11927]],[[-1.41438,54.11907],[-1.41418,54.11417],[-1.41332,54.11571],[-1.41438,54.11907]]]}},{"type":"Feature","properties":{"source_code":"B82008","codes":["B82008"],"label":"NORTH HOUSE SURGERY"},"geometry":{"type":"MultiPolygon","coordinates":[[[[-1.6474,54.12689],[-1.64735,54.12689],[-1.64808,54.12581],[-1.65121,54.12533],[-1.6474,54.12689]]],[[[-1.65035,54.2259],[-1.62529,54.23052],[-1.62116,54.23005],[-1.61635,54.22817],[-1.61154,54.22502],[-1.60087,54.22343],[-1.58126,54.22026],[-1.54341,54.21512],[-1.53932,54.21563],[-1.53352,54.21473],[-1.52891,54.21349],[-1.52294,54.21415],[-1.51493,54.21748],[-1.50521,54.22021],[-1.48732,54.22386],[-1.47425,54.2302],[-1.46856,54.2234],[-1.46196,54.22185],[-1.45605,54.21869],[-1.44629,54.21258],[-1.43729,54.21028],[-1.43172,54.20476],[-1.4313,54.19905],[-1.43188,54.19521],[-1.42629,54.19418],[-1.42024,54.18871],[-1.40981,54.18301],[-1.39224,54.17825],[-1.39458,54.17108],[-1.39904,54.09283],[-1.42582,54.08779],[-1.43003,54.08782],[-1.43384,54.08501],[-1.44213,54.07465],[-1.45947,54.0746],[-1.50272,54.06906],[-1.51156,54.06906],[-1.51869,54.07309],[-1.52581,54.07641],[-1.53191,54.08014],[-1.53997,54.07893],[-1.54839,54.07933],[-1.55542,54.08145],[-1.56178,54.07974],[-1.5913,54.06845],[-1.60503,54.08215],[-1.614,54.08306],[-1.61782,54.08779],[-1.61907,54.09222],[-1.61654,54.09605],[-1.62005,54.104],[-1.62941,54.11195],[-1.64486,54.12422],[-1.64666,54.12719],[-1.6474,54.12689],[-1.65138,54.12664],[-1.6664,54.12386],[-1.70099,54.13516],[-1.65825,54.15133],[-1.65447,54.16394],[-1.65121,54.18055],[-1.64855,54.18865],[-1.65482,54.19674],[-1.65361,54.21253],[-1.65919,54.22323],[-1.65035,54.2259]]]]}},{"type":"Feature","properties":{"source_code":"B82019","codes":["B82019"],"label":"TOPCLIFFE SURGERY"},"geometry":{"type":"Polygon","coordinates":[[[-1.54495,54.301],[-1.54341,54.30882],[-1.52607,54.31194],[-1.50341,54.28793],[-1.52487,54.27833],[-1.52058,54.27495],[-1.42938,54.28437],[-1.4017,54.28798],[-1.38602,54.28783],[-1.36415,54.27966],[-1.35309,54.28229],[-1.34615,54.29374],[-1.33776,54.29579],[-1.32415,54.23684],[-1.26559,54.238],[-1.23107,54.23594],[-1.24811,54.23195],[-1.25751,54.22716],[-1.26727,54.2221],[-1.27291,54.21484],[-1.27358,54.20933],[-1.26978,54.20242],[-1.26163,54.19197],[-1.23819,54.18434],[-1.23399,54.17756],[-1.23373,54.17118],[-1.23322,54.15761],[-1.23459,54.1371],[-1.24583,54.12951],[-1.28025,54.12945],[-1.33003,54.12161],[-1.43363,54.12744],[-1.48054,54.13338],[-1.50513,54.14313],[-1.50032,54.22671],[-1.54495,54.301]]]}},{"type":"Feature","properties":{"source_code":"B82049","codes":["B82049"],"label":"THIRSK DOCTORS SURGERY"},"geometry":{"type":"Polygon","coordinates":[[[-1.34351,54.30145],[-1.3369,54.30275],[-1.33689,54.30627],[-1.3168,54.30824],[-1.31114,54.30788],[-1.3065,54.30823],[-1.3053,54.30962],[-1.30453,54.31137],[-1.30135,54.31307],[-1.29293,54.31573],[-1.28795,54.31939],[-1.27685,54.32776],[-1.2661,54.32953],[-1.25646,54.33025],[-1.24665,54.33046],[-1.24674,54.32334],[-1.24924,54.31621],[-1.24977,54.31194],[-1.24754,54.3091],[-1.24394,54.30806],[-1.2389,54.30322],[-1.23352,54.29997],[-1.23057,54.29815],[-1.22761,54.29583],[-1.22506,54.29223],[-1.22051,54.28156],[-1.21399,54.2557],[-1.21296,54.24758],[-1.21296,54.23945],[-1.21127,54.23768],[-1.21042,54.23684],[-1.21027,54.2359],[-1.21008,54.23412],[-1.21161,54.23233],[-1.21441,54.22725],[-1.21631,54.22165],[-1.21787,54.21855],[-1.21633,54.21619],[-1.21189,54.21374],[-1.20033,54.20993],[-1.19275,54.20754],[-1.18173,54.20155],[-1.17775,54.19672],[-1.18102,54.19028],[-1.17983,54.18916],[-1.17877,54.18621],[-1.18278,54.18536],[-1.18921,54.18271],[-1.20347,54.17806],[-1.21972,54.17025],[-1.24103,54.15972],[-1.24807,54.15968],[-1.25512,54.16015],[-1.26217,54.16106],[-1.26922,54.16208],[-1.28019,54.16356],[-1.29098,54.16475],[-1.29651,54.16543],[-1.30487,54.16612],[-1.30941,54.16643],[-1.31326,54.16573],[-1.31757,54.16543],[-1.32273,54.16603],[-1.32911,54.16703],[-1.34002,54.16664],[-1.35169,54.16495],[-1.35578,54.16266],[-1.35797,54.16177],[-1.35961,54.1628],[-1.36057,54.16392],[-1.36265,54.16698],[-1.36631,54.1674],[-1.36805,54.16738],[-1.3716,54.16594],[-1.37867,54.16282],[-1.3829,54.16331],[-1.3885,54.16235],[-1.39619,54.15748],[-1.40675,54.1547],[-1.41239,54.15067],[-1.41631,54.14942],[-1.42333,54.14827],[-1.43646,54.15037],[-1.43999,54.15427],[-1.44318,54.15828],[-1.44581,54.16117],[-1.44921,54.16643],[-1.45217,54.17269],[-1.45599,54.17895],[-1.46217,54.18891],[-1.46777,54.19717],[-1.47341,54.20543],[-1.47821,54.21236],[-1.48283,54.21957],[-1.48685,54.2238],[-1.49434,54.22257],[-1.49704,54.22265],[-1.50139,54.22185],[-1.50446,54.22279],[-1.50727,54.22397],[-1.51431,54.22331],[-1.51568,54.22566],[-1.51491,54.22731],[-1.50427,54.2304],[-1.50311,54.23337],[-1.49766,54.23714],[-1.50264,54.24582],[-1.49869,54.24888],[-1.49213,54.25193],[-1.48438,54.25457],[-1.47555,54.25862],[-1.47118,54.26487],[-1.47034,54.26943],[-1.47088,54.2739],[-1.47476,54.27889],[-1.47221,54.28324],[-1.46308,54.28476],[-1.45515,54.28639],[-1.45286,54.28763],[-1.4432,54.29026],[-1.43526,54.28547],[-1.4291,54.28411],[-1.42312,54.28516],[-1.42101,54.2889],[-1.41938,54.29044],[-1.41288,54.29328],[-1.3901,54.29987],[-1.37377,54.29912],[-1.36719,54.29883],[-1.35743,54.29878],[-1.34714,54.30001],[-1.34537,54.30096],[-1.34351,54.30145]]]}},{"type":"Feature","properties":{"source_code":"B82042","codes":["B82042"],"label":"LAMBERT MEDICAL CENTRE"},"geometry":{"type":"Polygon","coordinates":[[[-1.43681,54.14957],[-1.44402,54.15922],[-1.45105,54.16947],[-1.45972,54.18404],[-1.46891,54.1984],[-1.48453,54.21948],[-1.51508,54.21788],[-1.51663,54.23042],[-1.50169,54.24356],[-1.49723,54.25289],[-1.48178,54.26161],[-1.46942,54.27405],[-1.45972,54.28597],[-1.45088,54.28888],[-1.43037,54.28692],[-1.41951,54.29071],[-1.40943,54.29519],[-1.38771,54.3001],[-1.35776,54.30531],[-1.32729,54.30771],[-1.286,54.31357],[-1.24935,54.31122],[-1.2291,54.29734],[-1.21699,54.27843],[-1.21397,54.2721],[-1.21211,54.26758],[-1.20766,54.25684],[-1.2069,54.25496],[-1.19673,54.25653],[-1.1889,54.25716],[-1.18193,54.25789],[-1.18062,54.25685],[-1.17923,54.25555],[-1.17734,54.25379],[-1.18695,54.24433],[-1.18635,54.23807],[-1.18609,54.23624],[-1.18506,54.22964],[-1.18549,54.21813],[-1.1588,54.20417],[-1.15425,54.19117],[-1.1721,54.18715],[-1.17296,54.18404],[-1.17215,54.17886],[-1.17854,54.1758],[-1.1797,54.17125],[-1.17657,54.16434],[-1.2254,54.15716],[-1.22671,54.15544],[-1.23017,54.15407],[-1.23605,54.15223],[-1.23798,54.14974],[-1.2465,54.15468],[-1.31483,54.16921],[-1.33681,54.16726],[-1.409,54.15118],[-1.41981,54.14806],[-1.43088,54.14469],[-1.43681,54.14957]]]}},{"type":"Feature","properties":{"source_code":"B82066","codes":["B82066"],"label":"GLEBE HOUSE SURGERY"},"geometry":{"type":"MultiPolygon","coordinates":[[[[-1.57692,54.20306],[-1.57688,54.20307],[-1.57688,54.20282],[-1.57697,54.20287],[-1.57692,54.20306]]],[[[-1.74485,54.31757],[-1.71421,54.33715],[-1.66855,54.34135],[-1.55405,54.36296],[-1.55202,54.36168],[-1.55128,54.3605],[-1.55083,54.35834],[-1.54736,54.35742],[-1.5453,54.35854],[-1.54333,54.36007],[-1.53998,54.35884],[-1.53759,54.35613],[-1.53992,54.35339],[-1.53608,54.35163],[-1.53786,54.34911],[-1.54398,54.34797],[-1.53529,54.34668],[-1.53472,54.34171],[-1.52929,54.33827],[-1.52324,54.33459],[-1.52079,54.33656],[-1.51799,54.33593],[-1.51995,54.33387],[-1.52216,54.33174],[-1.51974,54.32911],[-1.52281,54.32769],[-1.49747,54.32455],[-1.49599,54.32271],[-1.49302,54.32103],[-1.49144,54.30988],[-1.50976,54.30293],[-1.52753,54.30666],[-1.53852,54.30688],[-1.56049,54.2985],[-1.55491,54.29619],[-1.55156,54.29454],[-1.54839,54.29193],[-1.53259,54.28056],[-1.5295,54.27805],[-1.5271,54.27655],[-1.52332,54.27354],[-1.5138,54.27773],[-1.51504,54.28593],[-1.50152,54.29113],[-1.49865,54.28747],[-1.4956,54.28722],[-1.49706,54.29003],[-1.49328,54.29143],[-1.49121,54.29067],[-1.49224,54.28955],[-1.49274,54.28822],[-1.49047,54.28676],[-1.48701,54.28555],[-1.4856,54.28655],[-1.48341,54.28662],[-1.48264,54.28487],[-1.48468,54.28418],[-1.48517,54.28269],[-1.48393,54.28231],[-1.48092,54.28417],[-1.47972,54.28347],[-1.47732,54.27685],[-1.47697,54.2753],[-1.4835,54.27535],[-1.47788,54.27424],[-1.4774,54.27173],[-1.47818,54.26961],[-1.4756,54.26898],[-1.47423,54.27174],[-1.47007,54.2694],[-1.46487,54.26986],[-1.46238,54.26808],[-1.45706,54.26131],[-1.45998,54.2565],[-1.45809,54.2566],[-1.45432,54.2575],[-1.45535,54.25219],[-1.45088,54.25219],[-1.44719,54.25071],[-1.44419,54.24803],[-1.4447,54.24537],[-1.44238,54.24354],[-1.43681,54.24391],[-1.43715,54.23935],[-1.44135,54.23697],[-1.44625,54.23729],[-1.44603,54.23481],[-1.44496,54.23208],[-1.44196,54.22892],[-1.44417,54.22391],[-1.44914,54.21911],[-1.44946,54.21713],[-1.44288,54.21558],[-1.4462,54.21369],[-1.44427,54.2121],[-1.45277,54.21557],[-1.46673,54.22355],[-1.47846,54.2206],[-1.48646,54.22352],[-1.47225,54.20186],[-1.49878,54.19418],[-1.57688,54.20322],[-1.57692,54.20306],[-1.58426,54.20063],[-1.58787,54.19659],[-1.59534,54.19021],[-1.60229,54.19107],[-1.61001,54.18896],[-1.61456,54.18861],[-1.61877,54.18655],[-1.62349,54.1859],[-1.62701,54.18836],[-1.63156,54.18974],[-1.6361,54.18931],[-1.6404,54.19057],[-1.64057,54.19303],[-1.63593,54.19388],[-1.63688,54.19504],[-1.63988,54.19569],[-1.64314,54.1996],[-1.64507,54.20242],[-1.64374,54.20543],[-1.64334,54.20734],[-1.64765,54.21015],[-1.64649,54.21426],[-1.64357,54.21732],[-1.64702,54.22017],[-1.64763,54.22327],[-1.64988,54.22345],[-1.6517,54.22307],[-1.65353,54.2239],[-1.65516,54.22671],[-1.65522,54.2294],[-1.65855,54.2317],[-1.65765,54.23348],[-1.65859,54.24216],[-1.66434,54.24617],[-1.66563,54.25199],[-1.66915,54.25239],[-1.67267,54.25078],[-1.66958,54.24878],[-1.67027,54.24727],[-1.67439,54.24637],[-1.67756,54.24953],[-1.67988,54.257],[-1.67975,54.25781],[-1.68271,54.25882],[-1.6846,54.26049],[-1.68606,54.26377],[-1.69088,54.26771],[-1.69209,54.26803],[-1.69863,54.26653],[-1.70005,54.26497],[-1.70288,54.26515],[-1.70425,54.26823],[-1.70563,54.26915],[-1.71164,54.26931],[-1.7142,54.27032],[-1.71616,54.2697],[-1.71897,54.27026],[-1.71994,54.27063],[-1.72005,54.27184],[-1.72215,54.27202],[-1.72219,54.26999],[-1.72404,54.27039],[-1.72571,54.27129],[-1.72691,54.27014],[-1.72957,54.26928],[-1.72947,54.27112],[-1.73022,54.27255],[-1.73412,54.27397],[-1.73796,54.27237],[-1.73657,54.27084],[-1.73917,54.26946],[-1.74096,54.2693],[-1.74181,54.27019],[-1.74369,54.27069],[-1.74683,54.26964],[-1.75678,54.27304],[-1.75923,54.27364],[-1.76133,54.27535],[-1.76537,54.27805],[-1.77258,54.27906],[-1.77824,54.28061],[-1.77837,54.28387],[-1.77805,54.28546],[-1.77704,54.28695],[-1.7767,54.29148],[-1.77498,54.29664],[-1.77661,54.30012],[-1.77,54.29955],[-1.76399,54.3003],[-1.75472,54.3027],[-1.74854,54.30891],[-1.74442,54.30971],[-1.74485,54.31757]]]]}},{"type":"Feature","properties":{"source_code":"B82075","codes":["B82075"],"label":"MAYFORD HOUSE SURGERY"},"geometry":{"type":"Polygon","coordinates":[[[-1.57791,54.32654],[-1.558,54.42332],[-1.51268,54.44848],[-1.44539,54.45008],[-1.42754,54.4421],[-1.40694,54.4409],[-1.29364,54.40854],[-1.25587,54.36456],[-1.27647,54.34895],[-1.43234,54.24557],[-1.52229,54.3029],[-1.52641,54.29569],[-1.54289,54.29168],[-1.55594,54.29609],[-1.56967,54.30411],[-1.57173,54.31572],[-1.57791,54.32654]]]}},{"type":"Feature","properties":{"source_code":"B82050","codes":["B82050"],"label":"MOWBRAY HOUSE SURGERY"},"geometry":{"type":"Polygon","coordinates":[[[-1.33209,54.29168],[-1.41998,54.27725],[-1.59439,54.34135],[-1.54839,54.39855],[-1.52367,54.42432],[-1.48315,54.44769],[-1.42513,54.47363],[-1.34445,54.49637],[-1.31424,54.50613],[-1.22841,54.48879],[-1.20712,54.46665],[-1.22704,54.4401],[-1.12198,54.34615],[-1.33209,54.29168]]]}},{"type":"Feature","properties":{"source_code":"B82104","codes":["B82104"],"label":"HAREWOOD MEDICAL PRACTICE"},"geometry":{"type":"Polygon","coordinates":[[[-1.66065,54.39435],[-1.65859,54.35596],[-1.66477,54.34415],[-1.67919,54.33094],[-1.70494,54.32173],[-1.74648,54.32714],[-1.77429,54.34635],[-1.78974,54.36636],[-1.79386,54.38276],[-1.7918,54.39585],[-1.78562,54.40165],[-1.76434,54.40734],[-1.74408,54.41453],[-1.72657,54.41513],[-1.71318,54.41274],[-1.69224,54.40534],[-1.67576,54.39995],[-1.66065,54.39435]]]}},{"type":"Feature","properties":{"source_code":"B82023","codes":["B82023"],"label":"CATTERICK VILLAGE SURGERY"},"geometry":{"type":"Polygon","coordinates":[[[-1.63696,54.46166],[-1.60797,54.40243],[-1.60744,54.40255],[-1.53809,54.35015],[-1.56775,54.33482],[-1.56418,54.33534],[-1.56828,54.33455],[-1.5683,54.33454],[-1.56831,54.33454],[-1.59373,54.32964],[-1.61024,54.32617],[-1.63713,54.31031],[-1.65973,54.31586],[-1.66031,54.31572],[-1.66103,54.31617],[-1.66203,54.31642],[-1.66164,54.3165],[-1.66512,54.31853],[-1.73,54.35776],[-1.72854,54.35848],[-1.72142,54.37376],[-1.7173,54.37676],[-1.70212,54.38673],[-1.67473,54.45767],[-1.63696,54.46166]],[[-1.63392,54.39629],[-1.63388,54.39626],[-1.63307,54.39646],[-1.63392,54.39629]],[[-1.72201,54.36034],[-1.72153,54.35999],[-1.68538,54.375],[-1.72201,54.36034]],[[-1.56872,54.33489],[-1.57184,54.33423],[-1.56851,54.33471],[-1.56872,54.33489]],[[-1.66188,54.31671],[-1.66159,54.3165],[-1.66156,54.31651],[-1.66188,54.31671]]]}},{"type":"Feature","properties":{"source_code":"B82035","codes":["B82035"],"label":"SCORTON MEDICAL CENTRE"},"geometry":{"type":"Polygon","coordinates":[[[-1.72073,54.44409],[-1.70627,54.45218],[-1.67258,54.4411],[-1.66838,54.46685],[-1.64074,54.48959],[-1.57722,54.49038],[-1.53603,54.42812],[-1.52435,54.34015],[-1.55525,54.32593],[-1.58615,54.33254],[-1.6864,54.38196],[-1.72073,54.44409]]]}},{"type":"Feature","properties":{"source_code":"A83048","codes":["A83048"],"label":"ROCKLIFFE COURT SURGERY"},"geometry":{"type":"Polygon","coordinates":[[[-1.66924,54.46285],[-1.65756,54.47762],[-1.6404,54.4848],[-1.62804,54.49876],[-1.61018,54.50354],[-1.59096,54.51072],[-1.57173,54.50793],[-1.55319,54.50633],[-1.53603,54.50514],[-1.52229,54.50873],[-1.50993,54.51112],[-1.49757,54.5167],[-1.49826,54.52746],[-1.4962,54.53543],[-1.49826,54.5414],[-1.47766,54.5426],[-1.47285,54.5426],[-1.47148,54.53383],[-1.47148,54.52507],[-1.46461,54.52148],[-1.455,54.51789],[-1.4447,54.51829],[-1.43372,54.51829],[-1.42479,54.51909],[-1.41037,54.52108],[-1.39363,54.48101],[-1.39466,54.47687],[-1.39338,54.46994],[-1.39853,54.46784],[-1.40676,54.46345],[-1.41741,54.46006],[-1.43097,54.45856],[-1.45706,54.42153],[-1.55869,54.42642],[-1.66314,54.41523],[-1.66924,54.46285]]]}},{"type":"Feature","properties":{"source_code":"B82029","codes":["B82029"],"label":"DOCTORS LANE SURGERY"},"geometry":{"type":"Polygon","coordinates":[[[-1.60323,54.50309],[-1.60282,54.50286],[-1.59645,54.50434],[-1.59164,54.49756],[-1.62392,54.4417],[-1.71867,54.42173],[-1.78528,54.46804],[-1.79764,54.48729],[-1.80038,54.50932],[-1.77429,54.53035],[-1.74751,54.54817],[-1.71387,54.57445],[-1.67885,54.57923],[-1.61499,54.56808],[-1.60194,54.55275],[-1.5937,54.53821],[-1.5901,54.52995],[-1.59473,54.52447],[-1.59525,54.52098],[-1.5992,54.51789],[-1.60323,54.50309]]]}},{"type":"Feature","properties":{"source_code":"A81027","codes":["A81027"],"label":"YARM MEDICAL PRACTICE"},"geometry":{"type":"MultiPolygon","coordinates":[[[[-1.32129,54.52621],[-1.32145,54.53005],[-1.32076,54.52626],[-1.32129,54.52621]]],[[[-1.32129,54.52621],[-1.32111,54.52188],[-1.31493,54.51969],[-1.31458,54.51749],[-1.30257,54.50733],[-1.2854,54.51191],[-1.2727,54.5153],[-1.2727,54.51032],[-1.26514,54.49357],[-1.27441,54.4832],[-1.28952,54.47961],[-1.32111,54.45846],[-1.33347,54.45248],[-1.35956,54.46046],[-1.41174,54.47842],[-1.42719,54.4852],[-1.42625,54.49469],[-1.42754,54.49397],[-1.42619,54.49522],[-1.42616,54.49557],[-1.42532,54.49604],[-1.41449,54.50613],[-1.40316,54.51291],[-1.41689,54.52009],[-1.39286,54.53304],[-1.38119,54.53901],[-1.36608,54.55255],[-1.33312,54.54678],[-1.3333,54.54668],[-1.31184,54.54419],[-1.30806,54.53802],[-1.31699,54.5406],[-1.31767,54.53901],[-1.31081,54.53702],[-1.31596,54.53343],[-1.32214,54.53483],[-1.33106,54.53164],[-1.33415,54.53563],[-1.33347,54.53025],[-1.34068,54.52945],[-1.3369,54.52487],[-1.32129,54.52621]]]]}},{"type":"Feature","properties":{"source_code":"A83070","codes":["A83070"],"label":"MIDDLETON AND DINSDALE MEDICAL PRACTICE"},"geometry":{"type":"Polygon","coordinates":[[[-1.37947,54.52766],[-1.37913,54.50175],[-1.37672,54.49637],[-1.3829,54.49317],[-1.38256,54.48719],[-1.39011,54.48699],[-1.39629,54.486],[-1.39835,54.48978],[-1.39801,54.49278],[-1.40419,54.49417],[-1.41003,54.49278],[-1.41312,54.47702],[-1.43234,54.48081],[-1.42651,54.484],[-1.45878,54.50474],[-1.46129,54.50408],[-1.4756,54.49995],[-1.47594,54.50024],[-1.47602,54.50022],[-1.47594,54.50015],[-1.47354,54.49577],[-1.46702,54.49656],[-1.46084,54.49577],[-1.45844,54.49238],[-1.46049,54.48919],[-1.46187,54.485],[-1.45809,54.48221],[-1.46152,54.47782],[-1.46358,54.47343],[-1.45844,54.47024],[-1.45912,54.46844],[-1.45329,54.46665],[-1.46187,54.46285],[-1.46255,54.46026],[-1.45466,54.45427],[-1.46049,54.45108],[-1.4732,54.45587],[-1.4677,54.46006],[-1.46839,54.46325],[-1.47423,54.46744],[-1.47457,54.47363],[-1.47972,54.47562],[-1.48487,54.47283],[-1.49105,54.47403],[-1.49826,54.47503],[-1.49929,54.47762],[-1.49448,54.48061],[-1.49105,54.4842],[-1.49311,54.48639],[-1.49826,54.4856],[-1.5041,54.4834],[-1.53294,54.50713],[-1.50856,54.51092],[-1.50238,54.51271],[-1.49792,54.52068],[-1.49757,54.52035],[-1.49757,54.5414],[-1.47388,54.55315],[-1.38908,54.54977],[-1.37947,54.52766]],[[-1.47705,54.50119],[-1.47602,54.50023],[-1.47595,54.50025],[-1.47705,54.50119]]]}},{"type":"Feature","properties":{"source_code":"A83013","codes":["A83013"],"label":"NEASHAM ROAD SURGERY"},"geometry":{"type":"Polygon","coordinates":[[[-1.53195,54.53465],[-1.53064,54.5348],[-1.52933,54.5348],[-1.52663,54.53572],[-1.52485,54.53676],[-1.52351,54.53744],[-1.52238,54.53757],[-1.51975,54.53796],[-1.51798,54.53935],[-1.51461,54.54202],[-1.51372,54.54223],[-1.51273,54.54233],[-1.51068,54.54204],[-1.50879,54.54201],[-1.50654,54.54212],[-1.50446,54.54209],[-1.50247,54.5419],[-1.49775,54.5415],[-1.49629,54.53],[-1.49732,54.52434],[-1.49938,54.51869],[-1.50059,54.51652],[-1.50172,54.51446],[-1.50254,54.5133],[-1.50361,54.51234],[-1.50495,54.5116],[-1.50637,54.51102],[-1.5142,54.51042],[-1.51821,54.50987],[-1.52186,54.50912],[-1.52824,54.5081],[-1.53099,54.50749],[-1.53293,54.50704],[-1.53379,54.50658],[-1.5453,54.50496],[-1.54856,54.50523],[-1.55173,54.50595],[-1.55469,54.50669],[-1.55791,54.50718],[-1.56456,54.50765],[-1.57062,54.50833],[-1.5704,54.50859],[-1.56916,54.50976],[-1.5677,54.51045],[-1.56658,54.51139],[-1.56538,54.51263],[-1.56508,54.51335],[-1.56491,54.51394],[-1.56461,54.51521],[-1.56341,54.51655],[-1.56283,54.51763],[-1.5619,54.51872],[-1.55969,54.52095],[-1.55945,54.52131],[-1.55917,54.5214],[-1.55918,54.5216],[-1.55872,54.5218],[-1.55901,54.52195],[-1.55844,54.52203],[-1.55858,54.52238],[-1.55849,54.52242],[-1.55842,54.52249],[-1.55809,54.52296],[-1.55793,54.5237],[-1.55747,54.52507],[-1.55715,54.52589],[-1.55714,54.52623],[-1.55704,54.52649],[-1.55732,54.52657],[-1.55729,54.52667],[-1.55717,54.52655],[-1.55709,54.52686],[-1.55684,54.52682],[-1.55682,54.52694],[-1.55648,54.52711],[-1.55663,54.52713],[-1.55641,54.52726],[-1.55621,54.52746],[-1.55583,54.52766],[-1.55543,54.52781],[-1.55512,54.52782],[-1.55469,54.52798],[-1.5544,54.52797],[-1.55363,54.52787],[-1.55249,54.52764],[-1.55281,54.5276],[-1.5521,54.52747],[-1.55204,54.52749],[-1.55184,54.52731],[-1.55167,54.52726],[-1.55002,54.52644],[-1.54898,54.5268],[-1.54819,54.52761],[-1.5462,54.52899],[-1.54169,54.53099],[-1.53673,54.53292],[-1.53195,54.53465]]]}},{"type":"Feature","properties":{"source_code":"A81039","codes":["A81039"],"label":"EAGLESCLIFFE MEDICAL PRACTICE"},"geometry":{"type":"Polygon","coordinates":[[[-1.35778,54.55066],[-1.35773,54.55006],[-1.35162,54.54853],[-1.35166,54.54855],[-1.34239,54.54738],[-1.33524,54.54743],[-1.33358,54.54898],[-1.33219,54.55116],[-1.32867,54.55515],[-1.32727,54.55488],[-1.32606,54.55465],[-1.32324,54.55233],[-1.32437,54.54986],[-1.32755,54.54794],[-1.32985,54.54765],[-1.33209,54.54711],[-1.3326,54.54594],[-1.3349,54.54321],[-1.32518,54.5427],[-1.31585,54.54205],[-1.31992,54.53913],[-1.32745,54.5392],[-1.33181,54.53726],[-1.33643,54.53584],[-1.34018,54.53001],[-1.34112,54.52851],[-1.33656,54.52566],[-1.33881,54.52246],[-1.33874,54.51886],[-1.33767,54.51032],[-1.33752,54.50854],[-1.32999,54.50711],[-1.32368,54.50529],[-1.32222,54.50361],[-1.32669,54.50229],[-1.33433,54.49914],[-1.34275,54.49608],[-1.33744,54.49184],[-1.3138,54.48903],[-1.32149,54.47784],[-1.34619,54.48002],[-1.35528,54.48062],[-1.37338,54.4769],[-1.39022,54.47942],[-1.40286,54.47875],[-1.39379,54.48359],[-1.37851,54.48786],[-1.36809,54.49348],[-1.36867,54.49712],[-1.36651,54.50142],[-1.37599,54.50402],[-1.39097,54.50312],[-1.40255,54.50158],[-1.40398,54.50077],[-1.4049,54.49957],[-1.41207,54.49881],[-1.40725,54.50001],[-1.40487,54.50211],[-1.39605,54.50463],[-1.37822,54.50544],[-1.37649,54.50968],[-1.37923,54.51387],[-1.3868,54.52204],[-1.39384,54.52386],[-1.39144,54.53076],[-1.42159,54.53682],[-1.42177,54.53716],[-1.42467,54.53663],[-1.42277,54.53841],[-1.42155,54.54033],[-1.40265,54.54538],[-1.39414,54.54786],[-1.39194,54.5486],[-1.38935,54.54908],[-1.38226,54.55016],[-1.37136,54.55119],[-1.3664,54.55184],[-1.3633,54.55123],[-1.35771,54.55072],[-1.35778,54.55066]]]}},{"type":"Feature","properties":{"source_code":"A83040","codes":["A83040"],"label":"CLIFTON COURT MEDICAL PRACTICE"},"geometry":{"type":"Polygon","coordinates":[[[-1.58512,54.50902],[-1.59469,54.50453],[-1.60357,54.508],[-1.61108,54.51068],[-1.61928,54.50977],[-1.62254,54.51849],[-1.61791,54.52606],[-1.61096,54.53553],[-1.63902,54.54777],[-1.61499,54.57743],[-1.56126,54.5835],[-1.51843,54.5634],[-1.47247,54.54643],[-1.47219,54.53789],[-1.47033,54.53362],[-1.47054,54.52995],[-1.4711,54.52357],[-1.45723,54.51799],[-1.50547,54.51132],[-1.54461,54.50499],[-1.58512,54.50902]]]}},{"type":"Feature","properties":{"source_code":"A83641","codes":["A83641"],"label":"PARKGATE SURGERY"},"geometry":{"type":"Polygon","coordinates":[[[-1.58546,54.56131],[-1.55439,54.57843],[-1.51852,54.55733],[-1.50238,54.5181],[-1.57002,54.50644],[-1.5841,54.51306],[-1.61568,54.52049],[-1.58546,54.56131]]]}},{"type":"Feature","properties":{"source_code":"A83034","codes":["A83034"],"label":"BLACKETTS MEDICAL PRACTICE"},"geometry":{"type":"Polygon","coordinates":[[[-1.56349,54.55892],[-1.56418,54.55494],[-1.56418,54.54758],[-1.56384,54.542],[-1.56075,54.53921],[-1.55079,54.53642],[-1.5477,54.53443],[-1.54598,54.53164],[-1.54839,54.52965],[-1.55216,54.52686],[-1.55354,54.52447],[-1.55731,54.52427],[-1.56178,54.52188],[-1.56967,54.51132],[-1.58409,54.49876],[-1.60469,54.50055],[-1.61739,54.50833],[-1.61877,54.51949],[-1.61224,54.52945],[-1.60126,54.54499],[-1.58855,54.55912],[-1.56349,54.55892]]]}},{"type":"Feature","properties":{"source_code":"A83031","codes":["A83031"],"label":"CARMEL MEDICAL PRACTICE"},"geometry":{"type":"Polygon","coordinates":[[[-1.55414,54.55594],[-1.55126,54.55454],[-1.55096,54.55454],[-1.54976,54.55365],[-1.54448,54.55402],[-1.53654,54.55325],[-1.50938,54.54877],[-1.51279,54.54763],[-1.51278,54.54626],[-1.5126,54.54477],[-1.51251,54.54384],[-1.51315,54.54287],[-1.51365,54.54149],[-1.51389,54.5402],[-1.5123,54.53936],[-1.51459,54.53804],[-1.5178,54.53648],[-1.51666,54.53551],[-1.5144,54.53483],[-1.5144,54.53483],[-1.50942,54.53363],[-1.50753,54.53214],[-1.5053,54.53074],[-1.5053,54.52905],[-1.50496,54.52706],[-1.50444,54.52487],[-1.50324,54.51989],[-1.50427,54.51789],[-1.50478,54.5158],[-1.50599,54.51431],[-1.50856,54.51221],[-1.51234,54.51142],[-1.51817,54.51062],[-1.52332,54.50972],[-1.53551,54.50763],[-1.54478,54.50623],[-1.58598,54.5165],[-1.58547,54.51663],[-1.58649,54.5165],[-1.5992,54.51849],[-1.60349,54.52068],[-1.60443,54.52482],[-1.60263,54.52646],[-1.59842,54.52786],[-1.59559,54.5296],[-1.59576,54.53154],[-1.59662,54.53289],[-1.59654,54.53408],[-1.59817,54.53543],[-1.59988,54.53592],[-1.60117,54.53697],[-1.60212,54.53802],[-1.6028,54.53941],[-1.60306,54.54046],[-1.60418,54.5423],[-1.58958,54.55011],[-1.57602,54.56106],[-1.57345,54.56111],[-1.5689,54.56057],[-1.56632,54.55957],[-1.56392,54.55887],[-1.56014,54.55823],[-1.55723,54.55723],[-1.55414,54.55594]]]}},{"type":"Feature","properties":{"source_code":"A83006","codes":["A83006"],"label":"ORCHARD COURT SURGERY"},"geometry":{"type":"Polygon","coordinates":[[[-1.57362,54.54041],[-1.57268,54.541],[-1.57156,54.54125],[-1.57053,54.5413],[-1.56813,54.5418],[-1.5659,54.5423],[-1.56409,54.5426],[-1.56281,54.54285],[-1.56075,54.542],[-1.55972,54.53993],[-1.5589,54.5387],[-1.55783,54.53732],[-1.55671,54.53551],[-1.55864,54.53533],[-1.56027,54.53485],[-1.56075,54.53386],[-1.56068,54.53244],[-1.56079,54.53195],[-1.56084,54.53107],[-1.56077,54.5301],[-1.55983,54.52908],[-1.55967,54.5282],[-1.55997,54.52728],[-1.56075,54.52776],[-1.56409,54.5282],[-1.56594,54.52845],[-1.56791,54.52824],[-1.56984,54.52828],[-1.57619,54.52801],[-1.57963,54.52766],[-1.57911,54.52855],[-1.57877,54.52995],[-1.57873,54.53092],[-1.57774,54.53174],[-1.57628,54.53175],[-1.57645,54.53241],[-1.57722,54.53294],[-1.5783,54.53378],[-1.57843,54.53453],[-1.57877,54.53602],[-1.57731,54.53782],[-1.57598,54.53963],[-1.57564,54.54056],[-1.57602,54.53951],[-1.57542,54.54028],[-1.57495,54.54053],[-1.57371,54.54041],[-1.57362,54.54041]]]}},{"type":"Feature","properties":{"source_code":"A83010","codes":["A83010"],"label":"MOORLANDS SURGERY"},"geometry":{"type":"Polygon","coordinates":[[[-1.65535,54.53332],[-1.59628,54.5632],[-1.5489,54.56283],[-1.51792,54.56191],[-1.50054,54.5578],[-1.46522,54.54845],[-1.50268,54.51051],[-1.50787,54.48819],[-1.55281,54.48213],[-1.59508,54.50297],[-1.60975,54.51211],[-1.65535,54.53332]]]}},{"type":"Feature","properties":{"source_code":"A83047","codes":["A83047"],"label":"DENMARK STREET SURGERY"},"geometry":{"type":"Polygon","coordinates":[[[-1.50375,54.5159],[-1.61705,54.51351],[-1.55148,54.58301],[-1.54633,54.56092],[-1.50375,54.5159]]]}},{"type":"Feature","properties":{"source_code":"A83005","codes":["A83005"],"label":"WHINFIELD MEDICAL PRACTICE"},"geometry":{"type":"Polygon","coordinates":[[[-1.56358,54.55927],[-1.53503,54.54689],[-1.56246,54.55882],[-1.49792,54.55126],[-1.50702,54.5425],[-1.4974,54.5416],[-1.49637,54.5301],[-1.49637,54.5301],[-1.49637,54.53007],[-1.49637,54.53005],[-1.49637,54.53005],[-1.49672,54.52561],[-1.4992,54.51859],[-1.50307,54.51829],[-1.51002,54.51879],[-1.5138,54.52098],[-1.51826,54.52148],[-1.5265,54.52223],[-1.53268,54.52352],[-1.53843,54.52327],[-1.53611,54.529],[-1.53937,54.53174],[-1.55268,54.53572],[-1.55826,54.53836],[-1.55834,54.5421],[-1.55989,54.54484],[-1.55963,54.54832],[-1.5616,54.55141],[-1.56117,54.55444],[-1.56358,54.55927]]]}},{"type":"Feature","properties":{"source_code":"A81046","codes":["A81046"],"label":"WOODLANDS FAMILY MEDICAL CENTRE"},"geometry":{"type":"Polygon","coordinates":[[[-1.3139,54.59156],[-1.30257,54.58778],[-1.29227,54.58241],[-1.27476,54.57684],[-1.26926,54.57107],[-1.30737,54.55753],[-1.30806,54.54797],[-1.32454,54.52606],[-1.30669,54.50574],[-1.36368,54.49138],[-1.36368,54.51211],[-1.36059,54.52287],[-1.36642,54.53065],[-1.37432,54.54996],[-1.37707,54.56748],[-1.36471,54.58301],[-1.35818,54.58937],[-1.34033,54.59335],[-1.32557,54.59454],[-1.3139,54.59156]]]}},{"type":"Feature","properties":{"source_code":"A81025","codes":["A81025"],"label":"THE DOVECOT SURGERY"},"geometry":{"type":"Polygon","coordinates":[[[-1.311,54.56522],[-1.31155,54.55902],[-1.30937,54.55758],[-1.31128,54.55459],[-1.31847,54.554],[-1.32265,54.55315],[-1.32523,54.55176],[-1.32711,54.55086],[-1.32969,54.54967],[-1.3332,54.54981],[-1.33585,54.55358],[-1.33578,54.5536],[-1.33587,54.5536],[-1.33585,54.55358],[-1.33595,54.55355],[-1.3363,54.55365],[-1.3375,54.5534],[-1.34969,54.55101],[-1.36097,54.55372],[-1.36385,54.55544],[-1.36557,54.55892],[-1.36711,54.56221],[-1.36917,54.5641],[-1.37106,54.56589],[-1.37157,54.56808],[-1.37239,54.57002],[-1.37183,54.57216],[-1.36906,54.57362],[-1.36788,54.57391],[-1.3664,54.57411],[-1.36433,54.57453],[-1.36255,54.57482],[-1.359,54.57569],[-1.35741,54.57602],[-1.35552,54.57628],[-1.35664,54.57754],[-1.3575,54.5788],[-1.3566,54.57894],[-1.35574,54.57899],[-1.35572,54.57899],[-1.35576,54.57904],[-1.34977,54.57904],[-1.34752,54.57878],[-1.34583,54.57833],[-1.34197,54.57822],[-1.3394,54.57835],[-1.33859,54.57742],[-1.33609,54.57782],[-1.33517,54.57928],[-1.33173,54.57773],[-1.33416,54.5756],[-1.33063,54.57408],[-1.32821,54.57212],[-1.32634,54.57157],[-1.32564,54.57129],[-1.32558,54.57099],[-1.32474,54.57095],[-1.32504,54.57042],[-1.328,54.56934],[-1.32819,54.5678],[-1.32077,54.56681],[-1.31544,54.57328],[-1.31147,54.57094],[-1.30916,54.57012],[-1.30759,54.56927],[-1.30752,54.56655],[-1.311,54.56522]]]}},{"type":"Feature","properties":{"source_code":"A81001","codes":["A81001"],"label":"THE DENSHAM SURGERY"},"geometry":{"type":"Polygon","coordinates":[[[-1.31183,54.56317],[-1.31167,54.56312],[-1.3156,54.56459],[-1.31183,54.56317],[-1.31559,54.56429],[-1.31165,54.56306],[-1.31147,54.56028],[-1.31375,54.5555],[-1.31906,54.55418],[-1.32325,54.55325],[-1.32548,54.55118],[-1.33063,54.55016],[-1.33544,54.55013],[-1.34055,54.55277],[-1.34868,54.55086],[-1.35184,54.55126],[-1.35305,54.55177],[-1.35264,54.55278],[-1.3567,54.55281],[-1.35873,54.55263],[-1.3608,54.55321],[-1.36425,54.55599],[-1.36392,54.55698],[-1.3639,54.55692],[-1.36403,54.55653],[-1.36405,54.5565],[-1.36414,54.55617],[-1.36403,54.55653],[-1.36385,54.55677],[-1.3639,54.55692],[-1.36316,54.55927],[-1.36392,54.55698],[-1.364,54.5572],[-1.36447,54.55805],[-1.36544,54.55991],[-1.36608,54.56072],[-1.36657,54.56202],[-1.36786,54.56248],[-1.3684,54.56293],[-1.36917,54.5639],[-1.3714,54.56622],[-1.37243,54.57144],[-1.3714,54.57214],[-1.37154,54.57227],[-1.3712,54.57252],[-1.37076,54.57279],[-1.37044,54.573],[-1.37006,54.57323],[-1.36913,54.57366],[-1.36481,54.57438],[-1.36271,54.57474],[-1.36167,54.57493],[-1.36063,54.57513],[-1.35651,54.57598],[-1.35457,54.57634],[-1.35435,54.57638],[-1.35407,54.57641],[-1.35403,54.57642],[-1.35391,54.57644],[-1.35382,54.57649],[-1.35376,54.57651],[-1.35361,54.57661],[-1.35333,54.57677],[-1.35319,54.57669],[-1.353,54.57652],[-1.35316,54.57667],[-1.35266,54.57656],[-1.35318,54.57668],[-1.35319,54.57669],[-1.3533,54.57678],[-1.35272,54.57711],[-1.35285,54.57704],[-1.35332,54.5768],[-1.3533,54.57678],[-1.35333,54.57677],[-1.35335,54.57678],[-1.35361,54.57661],[-1.35382,54.57649],[-1.35403,54.57642],[-1.35435,54.57638],[-1.35449,54.57636],[-1.35457,54.57634],[-1.35516,54.57626],[-1.35545,54.57656],[-1.3568,54.57795],[-1.35581,54.57813],[-1.3549,54.57809],[-1.3518,54.57802],[-1.35149,54.57827],[-1.35092,54.57853],[-1.35037,54.57872],[-1.34758,54.57885],[-1.3373,54.57801],[-1.33476,54.57965],[-1.33162,54.57747],[-1.33339,54.57639],[-1.33432,54.57598],[-1.33479,54.57509],[-1.33259,54.5741],[-1.33067,54.57374],[-1.32928,54.57309],[-1.32674,54.57176],[-1.32566,54.57144],[-1.32535,54.57109],[-1.32314,54.5706],[-1.32728,54.56969],[-1.32878,54.56761],[-1.321,54.56641],[-1.31654,54.5706],[-1.31594,54.57113],[-1.31496,54.57181],[-1.31359,54.57218],[-1.3127,54.57171],[-1.31236,54.57094],[-1.31461,54.56958],[-1.31626,54.56809],[-1.31653,54.56696],[-1.31643,54.56634],[-1.30734,54.56716],[-1.31099,54.5653],[-1.31138,54.56444],[-1.31165,54.5631],[-1.31183,54.56317]]]}},{"type":"Feature","properties":{"source_code":"A81006","codes":["A81006"],"label":"TENNANT STREET MEDICAL PRACTICE"},"geometry":{"type":"MultiPolygon","coordinates":[[[[-1.34445,54.53826],[-1.34342,54.53722],[-1.34419,54.53737],[-1.34471,54.53782],[-1.34445,54.53826]]],[[[-1.33776,54.54125],[-1.34162,54.53697],[-1.34145,54.53732],[-1.34119,54.53782],[-1.34076,54.53821],[-1.34042,54.53866],[-1.34007,54.53906],[-1.3399,54.53946],[-1.33939,54.53986],[-1.33887,54.54031],[-1.33836,54.5408],[-1.33776,54.54125]]],[[[-1.33636,54.54217],[-1.33767,54.5413],[-1.33707,54.54185],[-1.33636,54.54217]]],[[[-1.32217,54.54282],[-1.32102,54.5428],[-1.32188,54.5428],[-1.32217,54.54282]]],[[[-1.33636,54.54217],[-1.33527,54.5429],[-1.3357,54.54255],[-1.3363,54.5422],[-1.33636,54.54217]]],[[[-1.32963,54.54292],[-1.32969,54.5429],[-1.33072,54.5429],[-1.33158,54.54285],[-1.33235,54.54275],[-1.33304,54.54275],[-1.33407,54.5428],[-1.33518,54.54299],[-1.32963,54.54292]]],[[[-1.32217,54.54282],[-1.32963,54.54292],[-1.32883,54.54314],[-1.3278,54.54304],[-1.32694,54.54295],[-1.32591,54.54295],[-1.32488,54.54295],[-1.32402,54.54285],[-1.32282,54.54285],[-1.32217,54.54282]]],[[[-1.33794,54.54734],[-1.33806,54.54734],[-1.33848,54.54741],[-1.33794,54.54734]]],[[[-1.31896,54.54777],[-1.31896,54.54763],[-1.31913,54.54713],[-1.31939,54.54643],[-1.31948,54.54568],[-1.31948,54.54524],[-1.31956,54.54464],[-1.3199,54.54424],[-1.32008,54.54359],[-1.32042,54.54299],[-1.32076,54.54255],[-1.31896,54.54777]]],[[[-1.31896,54.54777],[-1.31896,54.54807],[-1.3187,54.54852],[-1.31896,54.54777]]],[[[-1.34908,54.54888],[-1.34471,54.53821],[-1.34608,54.53891],[-1.34625,54.54021],[-1.34625,54.5411],[-1.34651,54.54195],[-1.34677,54.5427],[-1.3472,54.54369],[-1.34797,54.54499],[-1.34814,54.54593],[-1.34857,54.54688],[-1.34892,54.54753],[-1.349,54.54822],[-1.34908,54.54888]]],[[[-1.33848,54.54741],[-1.34274,54.54797],[-1.34524,54.54844],[-1.34471,54.54832],[-1.34535,54.54846],[-1.34728,54.54882],[-1.34626,54.54866],[-1.3484,54.54912],[-1.34861,54.54919],[-1.34612,54.54863],[-1.33848,54.54741]]],[[[-1.34908,54.54888],[-1.34926,54.54932],[-1.34909,54.54897],[-1.34908,54.54888]]],[[[-1.33794,54.54734],[-1.33139,54.5471],[-1.32883,54.54725],[-1.32249,54.55111],[-1.32317,54.55041],[-1.32523,54.54867],[-1.32789,54.54733],[-1.33183,54.54688],[-1.33638,54.54713],[-1.33794,54.54734]]],[[[-1.39415,54.54782],[-1.39526,54.54782],[-1.36668,54.55206],[-1.36797,54.55166],[-1.36926,54.55146],[-1.3708,54.55121],[-1.37192,54.55086],[-1.37355,54.55021],[-1.37578,54.55011],[-1.37767,54.54952],[-1.37861,54.54937],[-1.38067,54.54937],[-1.38256,54.54912],[-1.38393,54.54902],[-1.38531,54.54857],[-1.38634,54.54852],[-1.38762,54.54852],[-1.38874,54.54817],[-1.3902,54.54807],[-1.3914,54.54802],[-1.39303,54.54797],[-1.39415,54.54782]]],[[[-1.34861,54.54919],[-1.36466,54.55276],[-1.36153,54.55265],[-1.35578,54.55141],[-1.35132,54.55006],[-1.34861,54.54919]]],[[[-1.36466,54.55276],[-1.36591,54.5528],[-1.36596,54.55375],[-1.36544,54.55293],[-1.36466,54.55276]]],[[[-1.31677,54.55333],[-1.32029,54.55244],[-1.32249,54.55111],[-1.32145,54.55216],[-1.31922,54.55335],[-1.31613,54.5537],[-1.31677,54.55333]]],[[[-1.31012,54.55451],[-1.31132,54.55425],[-1.31038,54.55449],[-1.31012,54.55451]]],[[[-1.31012,54.55451],[-1.30631,54.55535],[-1.30634,54.55534],[-1.30763,54.55494],[-1.30875,54.55464],[-1.31012,54.55451]]],[[[-1.30631,54.55535],[-1.3054,54.55569],[-1.30403,54.55589],[-1.30317,54.55604],[-1.30631,54.55535]]],[[[-1.30082,54.55629],[-1.30308,54.55624],[-1.30205,54.55634],[-1.30102,54.55629],[-1.30082,54.55629]]],[[[-1.31677,54.55333],[-1.31041,54.55493],[-1.30995,54.55574],[-1.30875,54.55673],[-1.30851,54.55685],[-1.31055,54.55469],[-1.31042,54.55492],[-1.31685,54.55199],[-1.3187,54.54862],[-1.3187,54.54902],[-1.31853,54.54967],[-1.31853,54.55011],[-1.3181,54.55061],[-1.31767,54.55126],[-1.31761,54.55164],[-1.32729,54.54723],[-1.31677,54.55333]]],[[[-1.36596,54.55375],[-1.36848,54.55776],[-1.36685,54.55594],[-1.366,54.55464],[-1.36596,54.55375]]],[[[-1.36848,54.55776],[-1.36891,54.55823],[-1.36925,54.55898],[-1.36848,54.55776]]],[[[-1.30082,54.55629],[-1.2954,54.55641],[-1.28789,54.55868],[-1.28883,54.55828],[-1.28952,54.55808],[-1.29021,54.55773],[-1.29124,54.55748],[-1.29218,54.55708],[-1.29295,54.55683],[-1.29381,54.55659],[-1.29484,54.55649],[-1.29579,54.55629],[-1.29664,54.55629],[-1.29793,54.55629],[-1.29922,54.55629],[-1.30008,54.55629],[-1.30082,54.55629]]],[[[-1.30851,54.55685],[-1.30712,54.55833],[-1.30728,54.55888],[-1.30651,54.55788],[-1.30851,54.55685]]],[[[-1.28621,54.55921],[-1.28695,54.55882],[-1.28789,54.55878],[-1.28621,54.55921]]],[[[-1.28621,54.55921],[-1.286,54.55932],[-1.28506,54.55962],[-1.28416,54.55974],[-1.28621,54.55921]]],[[[-1.40728,54.56136],[-1.39518,54.54767],[-1.39595,54.54787],[-1.39647,54.54847],[-1.39724,54.54922],[-1.39792,54.54977],[-1.39861,54.55011],[-1.39921,54.55061],[-1.40007,54.55111],[-1.40033,54.55161],[-1.40076,54.5523],[-1.40119,54.55305],[-1.40136,54.55365],[-1.40187,54.5542],[-1.4023,54.55479],[-1.40282,54.55524],[-1.40316,54.55589],[-1.40333,54.55639],[-1.40368,54.55688],[-1.40428,54.55758],[-1.40471,54.55823],[-1.40531,54.55892],[-1.40608,54.55942],[-1.40634,54.55997],[-1.40668,54.56067],[-1.40728,54.56136]]],[[[-1.40778,54.56161],[-1.40702,54.56087],[-1.40762,54.56141],[-1.40778,54.56161]]],[[[-1.36925,54.55898],[-1.37123,54.56211],[-1.36994,54.56047],[-1.36925,54.55898]]],[[[-1.28416,54.55974],[-1.27295,54.56261],[-1.27338,54.56231],[-1.27424,54.56196],[-1.27501,54.56181],[-1.27596,54.56141],[-1.27725,54.56087],[-1.27828,54.56077],[-1.27982,54.56067],[-1.28094,54.56042],[-1.28197,54.56017],[-1.28351,54.55982],[-1.28416,54.55974]]],[[[-1.27078,54.56291],[-1.27544,54.56231],[-1.27132,54.56291],[-1.27078,54.56291]]],[[[-1.27078,54.56291],[-1.26961,54.56306],[-1.2673,54.56322],[-1.26858,54.56291],[-1.27078,54.56291]]],[[[-1.2673,54.56322],[-1.26719,54.56325],[-1.2672,54.56323],[-1.2673,54.56322]]],[[[-1.40778,54.56161],[-1.41096,54.5647],[-1.41037,54.5647],[-1.40934,54.5641],[-1.40908,54.5635],[-1.40848,54.56281],[-1.40814,54.56206],[-1.40778,54.56161]]],[[[-1.26719,54.56325],[-1.26617,54.5649],[-1.26617,54.5635],[-1.26719,54.56325]]],[[[-1.29669,54.56473],[-1.28583,54.56467],[-1.28297,54.56522],[-1.28386,54.565],[-1.28875,54.5641],[-1.29381,54.5644],[-1.29669,54.56473]]],[[[-1.29669,54.56473],[-1.30896,54.5648],[-1.30728,54.55888],[-1.30857,54.56057],[-1.31003,54.56231],[-1.31038,54.5635],[-1.30914,54.5648],[-1.30952,54.5648],[-1.30669,54.56574],[-1.30325,54.56544],[-1.29948,54.56505],[-1.29669,54.56473]]],[[[-1.28297,54.56522],[-1.27956,54.56604],[-1.27416,54.56714],[-1.27143,54.56741],[-1.28297,54.56522]]],[[[-1.26617,54.5649],[-1.2672,54.56748],[-1.26617,54.56529],[-1.26617,54.5649]]],[[[-1.27143,54.56741],[-1.26794,54.56808],[-1.26781,54.56778],[-1.27143,54.56741]]],[[[-1.37389,54.56903],[-1.37115,54.56181],[-1.37329,54.56515],[-1.37355,54.56758],[-1.37389,54.56903]]],[[[-1.41096,54.5647],[-1.4114,54.5647],[-1.41234,54.56515],[-1.41312,54.56584],[-1.41355,54.56659],[-1.41415,54.56719],[-1.415,54.56773],[-1.41526,54.56883],[-1.41578,54.56933],[-1.41638,54.56997],[-1.41655,54.57013],[-1.41764,54.57062],[-1.41664,54.57062],[-1.41595,54.56987],[-1.41654,54.57013],[-1.41096,54.5647]]],[[[-1.26794,54.56808],[-1.26875,54.56987],[-1.26917,54.57102],[-1.26789,54.56809],[-1.26794,54.56808]]],[[[-1.36908,54.57358],[-1.37312,54.56743],[-1.37381,54.56957],[-1.37372,54.57132],[-1.37029,54.57321],[-1.36908,54.57358]]],[[[-1.26917,54.57102],[-1.27073,54.57461],[-1.27072,54.5746],[-1.26969,54.57246],[-1.26917,54.57102]]],[[[-1.27073,54.57461],[-1.2711,54.57498],[-1.27085,54.57488],[-1.27073,54.57461]]],[[[-1.2711,54.57498],[-1.27931,54.57838],[-1.27527,54.57739],[-1.27244,54.57634],[-1.2711,54.57498]]],[[[-1.41764,54.57062],[-1.41792,54.57062],[-1.41887,54.57082],[-1.4199,54.57117],[-1.42067,54.57176],[-1.42324,54.57316],[-1.42367,54.57395],[-1.42427,54.57475],[-1.42505,54.57584],[-1.42608,54.57699],[-1.42728,54.57783],[-1.42822,54.57878],[-1.429,54.57947],[-1.42968,54.57997],[-1.43003,54.58042],[-1.43045,54.58092],[-1.42397,54.5751],[-1.42287,54.57347],[-1.42108,54.57214],[-1.41764,54.57062]]],[[[-1.28932,54.58052],[-1.27888,54.57818],[-1.283,54.57873],[-1.28737,54.58002],[-1.28932,54.58052]]],[[[-1.28932,54.58052],[-1.29064,54.58082],[-1.29086,54.58092],[-1.28932,54.58052]]],[[[-1.42864,54.58186],[-1.43063,54.58122],[-1.42925,54.58171],[-1.42864,54.58186]]],[[[-1.36908,54.57358],[-1.36273,54.58325],[-1.36394,54.57972],[-1.36488,54.57664],[-1.36608,54.5745],[-1.36908,54.57358]]],[[[-1.29086,54.58092],[-1.29124,54.58102],[-1.29561,54.58276],[-1.29716,54.58365],[-1.2981,54.5843],[-1.29913,54.5851],[-1.29982,54.58644],[-1.29583,54.58323],[-1.29086,54.58092]]],[[[-1.35536,54.59004],[-1.35879,54.5893],[-1.36333,54.58246],[-1.36222,54.5848],[-1.36145,54.58718],[-1.35947,54.58922],[-1.35587,54.59002],[-1.35536,54.59004]]],[[[-1.35536,54.59004],[-1.34647,54.59195],[-1.3484,54.59121],[-1.35158,54.59017],[-1.35536,54.59004]]],[[[-1.30195,54.592],[-1.29973,54.58564],[-1.30025,54.58649],[-1.30094,54.58783],[-1.30136,54.58883],[-1.30154,54.58992],[-1.30188,54.59111],[-1.30195,54.592]]],[[[-1.34647,54.59195],[-1.34488,54.59256],[-1.34136,54.59305],[-1.34647,54.59195]]],[[[-1.34243,54.59382],[-1.34179,54.593],[-1.34372,54.59462],[-1.34329,54.59444],[-1.34243,54.59382]]],[[[-1.30195,54.592],[-1.30351,54.59648],[-1.30308,54.59539],[-1.30274,54.59469],[-1.30231,54.59375],[-1.30222,54.59305],[-1.30197,54.59231],[-1.30195,54.592]]],[[[-1.34739,54.59936],[-1.34256,54.59469],[-1.34316,54.59504],[-1.34359,54.59549],[-1.34445,54.59589],[-1.34488,54.59653],[-1.3454,54.59703],[-1.34643,54.59793],[-1.34694,54.59867],[-1.34739,54.59936]]],[[[-1.31566,54.59946],[-1.31639,54.59912],[-1.31767,54.59892],[-1.31896,54.59867],[-1.32008,54.59847],[-1.32111,54.59837],[-1.32222,54.59793],[-1.32317,54.59783],[-1.32394,54.59753],[-1.32531,54.59738],[-1.32617,54.59713],[-1.3272,54.59688],[-1.3284,54.59673],[-1.32952,54.59658],[-1.33029,54.59643],[-1.33098,54.59624],[-1.33218,54.59604],[-1.33312,54.59574],[-1.33424,54.59564],[-1.3351,54.59554],[-1.33587,54.59509],[-1.33681,54.59499],[-1.33793,54.59489],[-1.33862,54.59464],[-1.33956,54.59454],[-1.34085,54.59444],[-1.34205,54.59444],[-1.34299,54.59444],[-1.31566,54.59946]]],[[[-1.31566,54.59946],[-1.31553,54.59952],[-1.31525,54.59953],[-1.31566,54.59946]]],[[[-1.42864,54.58186],[-1.40651,54.58892],[-1.40116,54.59122],[-1.39599,54.59452],[-1.39329,54.60022],[-1.39355,54.59942],[-1.39355,54.59783],[-1.39423,54.59653],[-1.39509,54.59494],[-1.39647,54.59385],[-1.3975,54.59275],[-1.40041,54.59146],[-1.40247,54.58997],[-1.40642,54.58868],[-1.40865,54.58798],[-1.41174,54.58669],[-1.41689,54.58529],[-1.42033,54.5843],[-1.42548,54.58261],[-1.42864,54.58186]]],[[[-1.31525,54.59953],[-1.31252,54.60004],[-1.31338,54.59977],[-1.31458,54.59957],[-1.31525,54.59953]]],[[[-1.31252,54.60004],[-1.31244,54.60006],[-1.31185,54.60016],[-1.31252,54.60004]]],[[[-1.31185,54.60016],[-1.31119,54.60028],[-1.31124,54.60026],[-1.31185,54.60016]]],[[[-1.31119,54.60028],[-1.31038,54.60061],[-1.30952,54.60066],[-1.30857,54.60076],[-1.31119,54.60028]]],[[[-1.3042,54.59718],[-1.3036,54.59621],[-1.3081,54.60081],[-1.30703,54.59991],[-1.30583,54.59897],[-1.30497,54.59805],[-1.3042,54.59718]]],[[[-1.39329,54.60022],[-1.39303,54.60101],[-1.39235,54.6022],[-1.39329,54.60022]]],[[[-1.34739,54.59936],[-1.35012,54.602],[-1.34917,54.60195],[-1.34849,54.60146],[-1.34814,54.60076],[-1.34746,54.59947],[-1.34739,54.59936]]],[[[-1.35991,54.60226],[-1.36093,54.60215],[-1.36248,54.6021],[-1.36333,54.6024],[-1.35991,54.60226]]],[[[-1.35991,54.60226],[-1.3587,54.6024],[-1.35758,54.60265],[-1.35561,54.60255],[-1.35389,54.6025],[-1.35286,54.6021],[-1.35175,54.602],[-1.35072,54.6019],[-1.35991,54.60226]]],[[[-1.39132,54.60544],[-1.39132,54.60464],[-1.3914,54.60384],[-1.39192,54.60275],[-1.39235,54.6021],[-1.39132,54.60544]]],[[[-1.3655,54.6077],[-1.36518,54.60588],[-1.36342,54.60225],[-1.36368,54.60275],[-1.36419,54.60354],[-1.36479,54.60464],[-1.36522,54.60553],[-1.36565,54.60623],[-1.36565,54.60668],[-1.36565,54.60702],[-1.36565,54.60747],[-1.3655,54.6077]]],[[[-1.37477,54.60873],[-1.37529,54.60871],[-1.37553,54.60877],[-1.37477,54.60873]]],[[[-1.37477,54.60873],[-1.37151,54.60884],[-1.372,54.60881],[-1.37321,54.60876],[-1.37441,54.60871],[-1.37477,54.60873]]],[[[-1.37151,54.60884],[-1.36977,54.60896],[-1.36917,54.60951],[-1.36889,54.60951],[-1.3696,54.60891],[-1.37151,54.60884]]],[[[-1.3655,54.6077],[-1.36582,54.60951],[-1.36574,54.60951],[-1.36522,54.60911],[-1.36531,54.60827],[-1.36539,54.60787],[-1.3655,54.6077]]],[[[-1.36582,54.60951],[-1.36677,54.60951],[-1.3678,54.60951],[-1.36889,54.60951],[-1.36883,54.60956],[-1.36582,54.60951]]],[[[-1.37553,54.60877],[-1.37638,54.60881],[-1.37913,54.60951],[-1.38008,54.60975],[-1.37866,54.60951],[-1.37553,54.60877]]],[[[-1.38008,54.60975],[-1.38073,54.60986],[-1.3805,54.60986],[-1.38008,54.60975]]],[[[-1.38073,54.60986],[-1.38342,54.60991],[-1.38625,54.61075],[-1.38737,54.611],[-1.38073,54.60986]]],[[[-1.39132,54.60544],[-1.39132,54.60558],[-1.39132,54.60653],[-1.39123,54.60752],[-1.39089,54.60852],[-1.39029,54.60921],[-1.38951,54.60991],[-1.38883,54.6104],[-1.38805,54.6107],[-1.38737,54.61105],[-1.38934,54.60983],[-1.39046,54.60822],[-1.39132,54.60544]]],[[[-1.30978,54.62755],[-1.29639,54.62695],[-1.29793,54.62695],[-1.30068,54.62695],[-1.30325,54.62705],[-1.30548,54.62735],[-1.30754,54.62735],[-1.30978,54.62755]]],[[[-1.28863,54.62755],[-1.28918,54.62745],[-1.29227,54.62695],[-1.29519,54.62705],[-1.2969,54.62715],[-1.28863,54.62755]]],[[[-1.31733,54.60779],[-1.3084,54.60111],[-1.30995,54.6016],[-1.31184,54.6027],[-1.31338,54.60359],[-1.31475,54.60489],[-1.3163,54.60578],[-1.31802,54.60717],[-1.3187,54.60827],[-1.31922,54.60976],[-1.32008,54.61145],[-1.32042,54.61274],[-1.32042,54.61373],[-1.31922,54.61493],[-1.31905,54.61642],[-1.31819,54.61771],[-1.31716,54.6188],[-1.31681,54.6197],[-1.3151,54.62059],[-1.31475,54.62218],[-1.31441,54.62318],[-1.3139,54.62387],[-1.31355,54.62477],[-1.31184,54.62596],[-1.31149,54.62695],[-1.31012,54.62785],[-1.31905,54.61468],[-1.31733,54.60779]]],[[[-1.28863,54.62755],[-1.28574,54.62805],[-1.28368,54.62894],[-1.27853,54.62884],[-1.27733,54.62884],[-1.27596,54.62815],[-1.28863,54.62755]]]]}},{"type":"Feature","properties":{"source_code":"A81002","codes":["A81002"],"label":"QUEENS PARK MEDICAL CENTRE"},"geometry":{"type":"Polygon","coordinates":[[[-1.35853,54.59156],[-1.30909,54.60031],[-1.29604,54.58161],[-1.27888,54.57644],[-1.31218,54.56609],[-1.31166,54.55902],[-1.31767,54.55315],[-1.3345,54.54598],[-1.36402,54.5543],[-1.36986,54.56002],[-1.37466,54.57122],[-1.35853,54.59156]]]}},{"type":"Feature","properties":{"source_code":"A81629","codes":["A81629"],"label":"RIVERSIDE MEDICAL PRACTICE"},"geometry":{"type":"MultiPolygon","coordinates":[[[[-1.36479,54.51626],[-1.3649,54.5163],[-1.36518,54.51661],[-1.36479,54.51626]]],[[[-1.36479,54.51626],[-1.3647,54.51623],[-1.36473,54.51638],[-1.36514,54.51673],[-1.36535,54.51789],[-1.36473,54.51915],[-1.36457,54.5191],[-1.36451,54.51943],[-1.3646,54.5201],[-1.3646,54.52046],[-1.36475,54.52084],[-1.36492,54.52114],[-1.36505,54.52178],[-1.36505,54.52204],[-1.36503,54.52204],[-1.36507,54.52234],[-1.36451,54.52256],[-1.36351,54.52284],[-1.36258,54.52316],[-1.36158,54.52346],[-1.36078,54.52378],[-1.36071,54.52378],[-1.36074,54.52396],[-1.36097,54.52432],[-1.36102,54.52467],[-1.36117,54.5251],[-1.36155,54.52559],[-1.36183,54.5261],[-1.36192,54.52656],[-1.36192,54.52702],[-1.36209,54.52745],[-1.36194,54.52745],[-1.3623,54.52777],[-1.36243,54.52829],[-1.36265,54.52906],[-1.36267,54.52985],[-1.36222,54.53097],[-1.36185,54.53133],[-1.36194,54.53133],[-1.36177,54.53245],[-1.36153,54.5326],[-1.36108,54.53279],[-1.36052,54.53297],[-1.36003,54.53337],[-1.35964,54.53367],[-1.35906,54.53392],[-1.35823,54.53375],[-1.35731,54.53363],[-1.35602,54.53338],[-1.35527,54.53319],[-1.35488,54.53314],[-1.35503,54.53225],[-1.35533,54.53152],[-1.35555,54.53151],[-1.35557,54.52903],[-1.35855,54.52736],[-1.35509,54.52728],[-1.35521,54.52358],[-1.35471,54.52356],[-1.35767,54.52125],[-1.35808,54.51908],[-1.35983,54.51819],[-1.35986,54.5181],[-1.35977,54.51796],[-1.35973,54.51774],[-1.35982,54.51744],[-1.35992,54.5174],[-1.35666,54.5169],[-1.35525,54.51406],[-1.35535,54.51408],[-1.35529,54.51402],[-1.35541,54.514],[-1.35561,54.51393],[-1.35585,54.51391],[-1.35628,54.51378],[-1.35662,54.51375],[-1.35715,54.51362],[-1.35752,54.5136],[-1.35806,54.51355],[-1.35815,54.51355],[-1.35827,54.51353],[-1.35853,54.51354],[-1.35909,54.51353],[-1.35889,54.51356],[-1.3589,54.51356],[-1.35913,54.51355],[-1.35962,54.51356],[-1.35988,54.51365],[-1.36027,54.51372],[-1.36038,54.51382],[-1.36062,54.51388],[-1.36072,54.51389],[-1.36087,54.51391],[-1.36106,54.51389],[-1.36121,54.51382],[-1.36175,54.51382],[-1.362,54.5138],[-1.36222,54.51368],[-1.36237,54.51375],[-1.36258,54.51385],[-1.36265,54.51394],[-1.36291,54.51417],[-1.36299,54.51429],[-1.36323,54.51446],[-1.36316,54.51444],[-1.36323,54.51456],[-1.36338,54.51474],[-1.36353,54.51492],[-1.36361,54.51505],[-1.36366,54.51519],[-1.36368,54.51527],[-1.36406,54.51559],[-1.36414,54.51568],[-1.36479,54.51626]]]]}},{"type":"Feature","properties":{"source_code":"A81067","codes":["A81067"],"label":"ALMA MEDICAL CENTRE"},"geometry":{"type":"Polygon","coordinates":[[[-1.36608,54.55355],[-1.36677,54.55639],[-1.36814,54.55721],[-1.36926,54.55868],[-1.37323,54.56442],[-1.37405,54.56752],[-1.37402,54.57077],[-1.36132,54.58888],[-1.35763,54.59012],[-1.35398,54.59018],[-1.34789,54.5918],[-1.33883,54.59467],[-1.32469,54.59744],[-1.30892,54.6003],[-1.30381,54.59322],[-1.30139,54.58665],[-1.29747,54.58299],[-1.29448,54.5818],[-1.29167,54.58022],[-1.28304,54.57813],[-1.27701,54.57724],[-1.27271,54.57614],[-1.27098,54.57276],[-1.26991,54.56726],[-1.2775,54.56171],[-1.29544,54.55716],[-1.30403,54.55663],[-1.30759,54.5553],[-1.31759,54.55417],[-1.32798,54.54761],[-1.33356,54.54745],[-1.33913,54.5476],[-1.3513,54.5503],[-1.35864,54.55303],[-1.36608,54.55355]]]}},{"type":"Feature","properties":{"source_code":"A81634","codes":["A81634"],"label":"THE ARRIVAL PRACTICE"},"geometry":{"type":"Polygon","coordinates":[[[-1.28008,54.60193],[-1.27804,54.59146],[-1.27909,54.57716],[-1.27182,54.56709],[-1.27127,54.56197],[-1.27107,54.55726],[-1.28572,54.51818],[-1.29451,54.48392],[-1.34479,54.47701],[-1.36984,54.49453],[-1.39539,54.51311],[-1.35827,54.52585],[-1.37405,54.52064],[-1.37609,54.52838],[-1.36001,54.53975],[-1.36788,54.54723],[-1.37037,54.55293],[-1.37707,54.5647],[-1.35956,54.60151],[-1.28008,54.60193]]]}},{"type":"Feature","properties":{"source_code":"A81066","codes":["A81066"],"label":"PARK LANE SURGERY"},"geometry":{"type":"MultiPolygon","coordinates":[[[[-1.33325,54.55585],[-1.33296,54.55605],[-1.33407,54.55523],[-1.33325,54.55585]]],[[[-1.33696,54.56161],[-1.33683,54.56165],[-1.33694,54.56159],[-1.33696,54.56161]]],[[[-1.30987,54.58685],[-1.31009,54.58586],[-1.31059,54.58487],[-1.30987,54.58685]]],[[[-1.30987,54.58685],[-1.30985,54.58696],[-1.30984,54.58694],[-1.30987,54.58685]]],[[[-1.30985,54.58696],[-1.30988,54.587],[-1.30986,54.58703],[-1.30984,54.587],[-1.30985,54.58696]]],[[[-1.30986,54.58703],[-1.31028,54.58766],[-1.31054,54.58808],[-1.31047,54.5881],[-1.31175,54.59004],[-1.31045,54.58817],[-1.30984,54.5871],[-1.30986,54.58703]]],[[[-1.45509,54.66246],[-1.45337,54.66318],[-1.45123,54.66325],[-1.44659,54.66219],[-1.4408,54.6584],[-1.44033,54.65766],[-1.44059,54.65465],[-1.44123,54.65318],[-1.44274,54.65185],[-1.44134,54.65108],[-1.43813,54.64947],[-1.43508,54.65102],[-1.43223,54.65229],[-1.42836,54.65302],[-1.41313,54.65449],[-1.40593,54.65573],[-1.40249,54.657],[-1.39889,54.65747],[-1.3976,54.65746],[-1.3963,54.65731],[-1.39395,54.65685],[-1.39252,54.65638],[-1.39127,54.65581],[-1.38887,54.65464],[-1.38067,54.65099],[-1.37624,54.64951],[-1.37392,54.64876],[-1.37203,54.64768],[-1.36351,54.64454],[-1.35955,54.64395],[-1.3561,54.64266],[-1.3499,54.63968],[-1.33819,54.63622],[-1.33513,54.63582],[-1.33224,54.63483],[-1.32638,54.63211],[-1.31458,54.62849],[-1.31338,54.6282],[-1.31207,54.62777],[-1.31084,54.62728],[-1.30769,54.62727],[-1.30609,54.62692],[-1.30449,54.62692],[-1.30197,54.62657],[-1.29945,54.62652],[-1.29921,54.62631],[-1.29909,54.62605],[-1.29915,54.62501],[-1.29938,54.62352],[-1.30032,54.6218],[-1.30418,54.62199],[-1.30828,54.62176],[-1.31239,54.62187],[-1.31425,54.62143],[-1.31602,54.62138],[-1.31716,54.61975],[-1.31958,54.6158],[-1.32032,54.6138],[-1.32055,54.6118],[-1.31975,54.60881],[-1.31772,54.60583],[-1.31132,54.6017],[-1.30682,54.59897],[-1.30587,54.59708],[-1.30587,54.59706],[-1.30926,54.59616],[-1.31239,54.59549],[-1.31362,54.59505],[-1.31459,54.59452],[-1.31556,54.59371],[-1.31645,54.59325],[-1.31445,54.59257],[-1.31386,54.59213],[-1.31278,54.59181],[-1.31239,54.59124],[-1.31175,54.59004],[-1.31058,54.58814],[-1.31054,54.58808],[-1.31056,54.58807],[-1.31028,54.58766],[-1.30988,54.587],[-1.3106,54.58494],[-1.31073,54.58484],[-1.31072,54.58483],[-1.31073,54.58482],[-1.31064,54.58474],[-1.31072,54.58483],[-1.31069,54.58487],[-1.31058,54.58486],[-1.31055,54.58473],[-1.31056,54.58472],[-1.31057,54.58475],[-1.31085,54.58414],[-1.31104,54.58403],[-1.31107,54.5841],[-1.31238,54.58426],[-1.3157,54.5845],[-1.31902,54.5849],[-1.32299,54.58514],[-1.32424,54.58501],[-1.32549,54.58523],[-1.32689,54.58281],[-1.32708,54.58161],[-1.32814,54.58],[-1.32892,54.57906],[-1.33004,54.57835],[-1.33001,54.57837],[-1.33135,54.57796],[-1.33261,54.57701],[-1.33512,54.57586],[-1.33754,54.57353],[-1.33867,54.57059],[-1.33876,54.56894],[-1.33885,54.56817],[-1.33869,54.56581],[-1.33899,54.56341],[-1.33696,54.56161],[-1.3372,54.56154],[-1.33748,54.56162],[-1.33716,54.56072],[-1.33583,54.55892],[-1.33308,54.5562],[-1.33291,54.55605],[-1.33306,54.55609],[-1.33297,54.55606],[-1.33325,54.55585],[-1.33632,54.55372],[-1.33924,54.55216],[-1.34505,54.55161],[-1.35006,54.5512],[-1.35614,54.55263],[-1.35924,54.55298],[-1.36041,54.55324],[-1.36175,54.55326],[-1.36317,54.55306],[-1.36455,54.55315],[-1.3655,54.55333],[-1.36655,54.55316],[-1.3684,54.55272],[-1.3706,54.55239],[-1.37175,54.55221],[-1.37352,54.55194],[-1.37539,54.55174],[-1.37851,54.55145],[-1.38196,54.55108],[-1.39039,54.54977],[-1.39822,54.54725],[-1.40251,54.54598],[-1.40683,54.54507],[-1.41111,54.54447],[-1.41505,54.54322],[-1.41689,54.54243],[-1.4187,54.54166],[-1.42048,54.54157],[-1.42137,54.54199],[-1.42226,54.54192],[-1.42287,54.54166],[-1.42331,54.54105],[-1.42332,54.54069],[-1.42436,54.54038],[-1.42724,54.54023],[-1.43011,54.54016],[-1.43586,54.5409],[-1.44191,54.54173],[-1.44788,54.5427],[-1.45509,54.54383],[-1.46273,54.54491],[-1.46924,54.54529],[-1.47217,54.5451],[-1.47464,54.54418],[-1.47686,54.54489],[-1.47716,54.54562],[-1.47445,54.54799],[-1.47401,54.55357],[-1.47362,54.55447],[-1.47417,54.55582],[-1.47438,54.55637],[-1.47399,54.55802],[-1.47535,54.56148],[-1.47606,54.56506],[-1.47582,54.56501],[-1.47593,54.56508],[-1.47628,54.56511],[-1.47612,54.56519],[-1.4814,54.56808],[-1.48265,54.56943],[-1.48269,54.56953],[-1.48729,54.57142],[-1.50301,54.57884],[-1.5164,54.57779],[-1.51707,54.57969],[-1.51636,54.58209],[-1.51237,54.58668],[-1.51065,54.59283],[-1.50867,54.60053],[-1.50541,54.60643],[-1.50348,54.6084],[-1.50207,54.6102],[-1.49892,54.61318],[-1.49525,54.61552],[-1.49788,54.62302],[-1.49923,54.62713],[-1.50213,54.63064],[-1.50326,54.63361],[-1.50335,54.63359],[-1.50335,54.63361],[-1.5037,54.63512],[-1.50361,54.63681],[-1.50371,54.63979],[-1.50312,54.64223],[-1.50631,54.64463],[-1.50853,54.64628],[-1.5101,54.64902],[-1.5089,54.6501],[-1.50676,54.6493],[-1.5041,54.64895],[-1.49858,54.64871],[-1.48685,54.64888],[-1.47358,54.64977],[-1.46876,54.65001],[-1.4641,54.64965],[-1.46307,54.65296],[-1.46273,54.65491],[-1.46187,54.65626],[-1.45848,54.65931],[-1.45509,54.66246]]]]}}]}