{"type":"FeatureCollection","metadata":{"bundle_id":"bundle-007","practice_count":189,"feature_count":189},"features":[{"type":"Feature","properties":{"source_code":"J81010","codes":["J81010"],"label":"SWANAGE MEDICAL PRACTICE"},"geometry":{"type":"Polygon","coordinates":[[[-2.01217,50.68129],[-1.99556,50.67721],[-1.98033,50.67662],[-1.94964,50.68038],[-1.94117,50.6729],[-1.94917,50.64844],[-1.92145,50.6429],[-1.95277,50.59989],[-1.9484,50.59161],[-2.01955,50.58813],[-2.05466,50.57309],[-2.08976,50.59686],[-2.08444,50.6074],[-2.08002,50.61233],[-2.07157,50.62148],[-2.05831,50.64141],[-2.03917,50.65664],[-2.01217,50.68129]]]}},{"type":"Feature","properties":{"source_code":"J84016","codes":["J84016"],"label":"SOUTH WIGHT MEDICAL PRACTICE"},"geometry":{"type":"Polygon","coordinates":[[[-1.478,50.66513],[-1.45638,50.67275],[-1.44093,50.67057],[-1.40934,50.67188],[-1.34239,50.67035],[-1.32763,50.66927],[-1.2981,50.6684],[-1.25416,50.66665],[-1.23149,50.63161],[-1.23227,50.61731],[-1.23785,50.58405],[-1.25931,50.57855],[-1.3054,50.57427],[-1.31578,50.58656],[-1.36608,50.61026],[-1.40694,50.63384],[-1.4526,50.64478],[-1.46667,50.65387],[-1.478,50.66513]]]}},{"type":"Feature","properties":{"source_code":"J84011","codes":["J84011"],"label":"NEWPORT HEALTH CENTRE"},"geometry":{"type":"Polygon","coordinates":[[[-1.30772,50.73536],[-1.2521,50.71255],[-1.23425,50.67166],[-1.27853,50.65207],[-1.31664,50.65349],[-1.35818,50.64489],[-1.40213,50.67895],[-1.409,50.70081],[-1.31733,50.73667],[-1.30772,50.73536]]]}},{"type":"Feature","properties":{"source_code":"J81064","codes":["J81064"],"label":"POOLE TOWN SURGERY"},"geometry":{"type":"Polygon","coordinates":[[[-1.9808,50.72108],[-1.96715,50.72537],[-1.97462,50.71184],[-1.99574,50.71097],[-1.9808,50.72108]]]}},{"type":"Feature","properties":{"source_code":"J81648","codes":["J81648"],"label":"THE NEWMAN PRACTICE (DR NEWMANS SURGERY)"},"geometry":{"type":"Polygon","coordinates":[[[-1.97634,50.72945],[-1.97574,50.72956],[-1.9626,50.72336],[-1.99471,50.71146],[-1.98252,50.71967],[-1.97634,50.72945]]]}},{"type":"Feature","properties":{"source_code":"J81072","codes":["J81072"],"label":"THE PANTON PRACTICE"},"geometry":{"type":"Polygon","coordinates":[[[-1.84626,50.71969],[-1.84969,50.71945],[-1.85317,50.71918],[-1.8566,50.71882],[-1.86012,50.71834],[-1.86205,50.7182],[-1.86712,50.71752],[-1.87094,50.71687],[-1.87433,50.71624],[-1.87553,50.71624],[-1.87613,50.71627],[-1.87763,50.71694],[-1.87918,50.7176],[-1.88031,50.71854],[-1.88089,50.71925],[-1.88016,50.72044],[-1.88006,50.72073],[-1.88081,50.72127],[-1.88184,50.72173],[-1.88381,50.72203],[-1.88559,50.72324],[-1.88694,50.724],[-1.88742,50.72448],[-1.88995,50.7252],[-1.89463,50.72574],[-1.89602,50.72594],[-1.89782,50.72657],[-1.89851,50.72704],[-1.89748,50.72833],[-1.89673,50.72882],[-1.8954,50.72937],[-1.89467,50.72992],[-1.8981,50.73223],[-1.89836,50.73427],[-1.89836,50.73489],[-1.89667,50.73655],[-1.89594,50.73727],[-1.89574,50.73829],[-1.89544,50.73879],[-1.89295,50.74007],[-1.89244,50.74014],[-1.89156,50.73981],[-1.89102,50.74033],[-1.88896,50.73927],[-1.88896,50.74003],[-1.88823,50.74069],[-1.88746,50.74129],[-1.88684,50.7414],[-1.88551,50.74143],[-1.88411,50.74129],[-1.883,50.74096],[-1.88141,50.74054],[-1.88023,50.74022],[-1.8795,50.73996],[-1.87922,50.74109],[-1.87896,50.74225],[-1.87864,50.74353],[-1.87847,50.74472],[-1.87821,50.74551],[-1.87669,50.74531],[-1.87568,50.74519],[-1.87512,50.74501],[-1.87358,50.74479],[-1.8734,50.7444],[-1.86687,50.74361],[-1.86439,50.74331],[-1.86405,50.74344],[-1.86189,50.74347],[-1.85952,50.74333],[-1.85746,50.74339],[-1.85331,50.74223],[-1.85216,50.74216],[-1.85,50.74241],[-1.85023,50.74062],[-1.85071,50.74034],[-1.85294,50.7402],[-1.85369,50.73977],[-1.85388,50.73845],[-1.85139,50.73841],[-1.85067,50.7382],[-1.85071,50.73764],[-1.85035,50.73681],[-1.84581,50.73718],[-1.84501,50.73702],[-1.84404,50.73653],[-1.84361,50.73617],[-1.84528,50.73537],[-1.84311,50.73321],[-1.84679,50.7318],[-1.84635,50.7314],[-1.85073,50.72989],[-1.84978,50.72892],[-1.85077,50.7286],[-1.85019,50.72719],[-1.84947,50.72559],[-1.84973,50.71947],[-1.84619,50.71973],[-1.84626,50.71969]]]}},{"type":"Feature","properties":{"source_code":"J81049","codes":["J81049"],"label":"THE MARINE & OAKRIDGE PARTNERSHIP"},"geometry":{"type":"Polygon","coordinates":[[[-1.84339,50.71961],[-1.83993,50.72496],[-1.83682,50.72738],[-1.84519,50.7351],[-1.84184,50.73756],[-1.83746,50.74219],[-1.83317,50.74527],[-1.82819,50.74802],[-1.82064,50.75142],[-1.81669,50.75556],[-1.81446,50.75833],[-1.813,50.76116],[-1.81189,50.76339],[-1.80874,50.76366],[-1.80258,50.76213],[-1.798,50.75886],[-1.78952,50.75487],[-1.7874,50.75265],[-1.78651,50.75138],[-1.78635,50.75095],[-1.78618,50.75059],[-1.78567,50.74992],[-1.78518,50.74936],[-1.78433,50.74675],[-1.78324,50.74369],[-1.78172,50.74141],[-1.77884,50.73814],[-1.77352,50.73349],[-1.7715,50.72999],[-1.7717,50.72939],[-1.76561,50.72132],[-1.73884,50.72343],[-1.74931,50.71196],[-1.76811,50.71624],[-1.81,50.72032],[-1.81858,50.72026],[-1.84339,50.71961]]]}},{"type":"Feature","properties":{"source_code":"J81014","codes":["J81014"],"label":"WESTBOURNE MEDICAL CENTRE"},"geometry":{"type":"Polygon","coordinates":[[[-1.9298,50.69488],[-1.93022,50.69505],[-1.9307,50.69552],[-1.9311,50.69623],[-1.93156,50.69672],[-1.93181,50.69681],[-1.93274,50.69815],[-1.93426,50.69959],[-1.93512,50.70039],[-1.93623,50.7007],[-1.93836,50.70101],[-1.94005,50.70124],[-1.94048,50.70137],[-1.94089,50.70162],[-1.94128,50.70203],[-1.94147,50.70228],[-1.94102,50.70221],[-1.94018,50.70207],[-1.93943,50.70196],[-1.93913,50.70191],[-1.93883,50.70251],[-1.93819,50.70381],[-1.93752,50.70467],[-1.93711,50.70555],[-1.93688,50.70639],[-1.93638,50.70779],[-1.93623,50.70938],[-1.93593,50.71293],[-1.93593,50.71364],[-1.93617,50.71447],[-1.93662,50.71572],[-1.93814,50.71785],[-1.93885,50.71866],[-1.93982,50.71937],[-1.94018,50.7204],[-1.94095,50.72122],[-1.94155,50.72197],[-1.9419,50.72258],[-1.94222,50.72361],[-1.94261,50.72504],[-1.93982,50.72474],[-1.93909,50.72467],[-1.93902,50.72491],[-1.93932,50.72698],[-1.93934,50.72741],[-1.93894,50.72885],[-1.93514,50.72861],[-1.93413,50.73036],[-1.9322,50.73359],[-1.92945,50.73287],[-1.92791,50.73476],[-1.92754,50.73467],[-1.92692,50.7353],[-1.92632,50.73541],[-1.92568,50.73526],[-1.9249,50.73513],[-1.92458,50.73619],[-1.92402,50.73591],[-1.9234,50.73655],[-1.92295,50.737],[-1.92233,50.7367],[-1.92177,50.73722],[-1.92147,50.73749],[-1.92123,50.73761],[-1.92098,50.73764],[-1.92072,50.73756],[-1.92038,50.73742],[-1.91844,50.73655],[-1.91752,50.73742],[-1.9154,50.73921],[-1.9149,50.73947],[-1.91379,50.73969],[-1.91317,50.73998],[-1.91224,50.74064],[-1.91199,50.7412],[-1.91214,50.74184],[-1.91211,50.74216],[-1.91141,50.74406],[-1.91051,50.74648],[-1.90849,50.7461],[-1.90091,50.74469],[-1.89943,50.74429],[-1.89847,50.74402],[-1.89718,50.74398],[-1.89568,50.74371],[-1.89358,50.74332],[-1.89248,50.74281],[-1.89081,50.74174],[-1.88843,50.74046],[-1.88585,50.73905],[-1.88057,50.73631],[-1.8781,50.73468],[-1.87405,50.732],[-1.87353,50.73149],[-1.87323,50.73109],[-1.8725,50.73081],[-1.87059,50.7299],[-1.86933,50.72883],[-1.86841,50.7276],[-1.86791,50.72688],[-1.86765,50.726],[-1.86838,50.72533],[-1.86929,50.7248],[-1.87012,50.72452],[-1.87145,50.72419],[-1.87364,50.72392],[-1.87592,50.72368],[-1.87755,50.72357],[-1.87759,50.72305],[-1.87815,50.72211],[-1.87993,50.72016],[-1.88036,50.71854],[-1.87924,50.71765],[-1.87855,50.71732],[-1.87731,50.71684],[-1.87671,50.71664],[-1.87602,50.71663],[-1.87553,50.71572],[-1.88152,50.71471],[-1.88647,50.71383],[-1.89265,50.71216],[-1.89991,50.70976],[-1.90632,50.70743],[-1.91325,50.70447],[-1.91993,50.70114],[-1.92495,50.69791],[-1.92769,50.69603],[-1.92896,50.6952],[-1.9298,50.69488]]]}},{"type":"Feature","properties":{"source_code":"J81086","codes":["J81086"],"label":"EVERGREEN OAK SURGERY"},"geometry":{"type":"MultiPolygon","coordinates":[[[[-1.94357,50.68844],[-1.9463,50.68819],[-1.94658,50.68815],[-1.94801,50.68863],[-1.94357,50.68844]]],[[[-1.94658,50.68815],[-1.94533,50.68772],[-1.94695,50.68727],[-1.94791,50.68623],[-1.94703,50.68582],[-1.9463,50.68602],[-1.94352,50.68711],[-1.94533,50.68772],[-1.94286,50.68841],[-1.94357,50.68844],[-1.94149,50.68863],[-1.94169,50.68783],[-1.93909,50.68885],[-1.94179,50.68743],[-1.94252,50.6845],[-1.94561,50.68297],[-1.94888,50.68371],[-1.94904,50.68363],[-1.94938,50.68383],[-1.95042,50.68406],[-1.95068,50.68456],[-1.95248,50.68558],[-1.95143,50.68599],[-1.95145,50.68602],[-1.95109,50.68612],[-1.94924,50.68684],[-1.95076,50.68754],[-1.94658,50.68815]]],[[[-1.94023,50.7046],[-1.93668,50.70429],[-1.93909,50.70342],[-1.94023,50.7046]]],[[[-1.93345,50.70848],[-1.93428,50.69907],[-1.93501,50.70901],[-1.93345,50.70848]]],[[[-2.0193,50.71486],[-2.02631,50.71755],[-2.02217,50.71722],[-2.02045,50.71559],[-2.0193,50.71486]]],[[[-2.02631,50.71755],[-2.02887,50.71776],[-2.03011,50.71901],[-2.02631,50.71755]]],[[[-1.9776,50.71744],[-1.97802,50.71705],[-1.98053,50.71688],[-1.9796,50.71907],[-1.9776,50.71744]]],[[[-2.0193,50.71486],[-2.01427,50.71293],[-2.01359,50.71277],[-2.01111,50.71172],[-2.01015,50.71135],[-2.01055,50.71147],[-2.01908,50.71255],[-2.02972,50.71516],[-2.03213,50.71668],[-2.03762,50.71776],[-2.03762,50.72037],[-2.01908,50.71407],[-2.01743,50.71368],[-2.0193,50.71486]]],[[[-2.03101,50.71992],[-2.03011,50.71901],[-2.03196,50.71972],[-2.03505,50.71961],[-2.03426,50.72057],[-2.03101,50.71992]]],[[[-2.03425,50.72057],[-2.03426,50.72057],[-2.03436,50.72059],[-2.03425,50.72057]]],[[[-2.03101,50.71992],[-2.03104,50.71995],[-2.02818,50.7194],[-2.03178,50.7207],[-2.03104,50.71995],[-2.03425,50.72057],[-2.03316,50.72189],[-2.02509,50.71874],[-2.03101,50.71992]]],[[[-2.01668,50.72209],[-2.01643,50.72186],[-2.02484,50.72484],[-2.02148,50.72429],[-2.01668,50.72209]]],[[[-2.02694,50.72559],[-2.02484,50.72484],[-2.02938,50.72559],[-2.02694,50.72559]]],[[[-2.01643,50.72186],[-2.0153,50.72146],[-2.01668,50.72209],[-2.01896,50.7242],[-2.01256,50.72225],[-2.01513,50.7209],[-1.98231,50.71185],[-1.99127,50.70646],[-1.99505,50.7069],[-1.99814,50.7069],[-2.05273,50.73124],[-2.0155,50.721],[-2.01643,50.72186]]],[[[-2.00468,50.7318],[-2.00442,50.73253],[-2.00226,50.73254],[-2.00468,50.7318]]],[[[-2.04048,50.73039],[-2.04552,50.73124],[-2.04655,50.73254],[-2.04048,50.73039]]],[[[-1.92127,50.72689],[-1.98407,50.73482],[-1.92194,50.72548],[-1.92127,50.72689],[-1.9075,50.72515],[-1.90887,50.70929],[-1.93703,50.68689],[-1.94115,50.68428],[-1.93036,50.70742],[-1.93345,50.70848],[-1.93257,50.71855],[-1.93275,50.71859],[-1.93359,50.71668],[-1.93523,50.71209],[-1.93501,50.70901],[-1.93619,50.70942],[-1.93651,50.70853],[-1.93651,50.70646],[-1.94269,50.70907],[-1.94294,50.70919],[-1.94304,50.70907],[-1.94324,50.70935],[-1.94634,50.71089],[-1.9432,50.70765],[-1.9384,50.70494],[-1.94177,50.70619],[-1.94023,50.7046],[-1.94279,50.70482],[-1.94773,50.70839],[-1.95214,50.71002],[-1.95248,50.70972],[-1.95007,50.70755],[-1.94424,50.70494],[-1.94279,50.70482],[-1.93874,50.70189],[-1.94278,50.70294],[-1.936,50.69907],[-1.98231,50.71185],[-1.98073,50.7128],[-1.99986,50.71776],[-2.01096,50.72177],[-2.01256,50.72225],[-2.01246,50.72231],[-2.01974,50.72494],[-2.01896,50.7242],[-2.02351,50.72559],[-2.02156,50.72559],[-2.02217,50.72581],[-2.02277,50.72626],[-2.02423,50.72581],[-2.02351,50.72559],[-2.02694,50.72559],[-2.04048,50.73039],[-2.02471,50.72772],[-2.02766,50.72994],[-2.02763,50.73006],[-2.03728,50.73233],[-2.02629,50.7332],[-2.01359,50.73515],[-2.00363,50.73472],[-2.00442,50.73253],[-2.03384,50.73233],[-2.0275,50.73067],[-2.02732,50.73146],[-2.02011,50.73081],[-2.01702,50.72802],[-2.01249,50.72941],[-2.01668,50.73124],[-2.01214,50.72951],[-2.00468,50.7318],[-2.00648,50.72678],[-1.98338,50.71668],[-1.98053,50.71688],[-1.982,50.71342],[-1.97802,50.71705],[-1.9772,50.71711],[-1.9776,50.71744],[-1.97605,50.71885],[-1.99196,50.72472],[-1.98924,50.73547],[-1.99711,50.73646],[-1.93719,50.74278],[-2.05307,50.73211],[-2.03281,50.74515],[-2.00294,50.76773],[-1.91128,50.74515],[-1.91281,50.74501],[-1.92127,50.72689]]],[[[-1.96825,50.72597],[-1.95934,50.72429],[-1.95867,50.7236],[-1.94355,50.72103],[-1.94082,50.72041],[-1.95267,50.71741],[-1.95159,50.7163],[-1.95111,50.71624],[-1.95144,50.71615],[-1.95122,50.71593],[-1.95145,50.71581],[-1.9518,50.71594],[-1.95076,50.7132],[-1.94939,50.71353],[-1.9491,50.71374],[-1.95122,50.71593],[-1.95072,50.7162],[-1.95111,50.71624],[-1.95005,50.71655],[-1.94939,50.7169],[-1.94939,50.71733],[-1.94767,50.71842],[-1.94611,50.71863],[-1.94527,50.71907],[-1.94036,50.72031],[-1.94082,50.72041],[-1.93994,50.72064],[-1.93757,50.72004],[-1.93754,50.72005],[-1.93274,50.72113],[-1.93239,50.72064],[-1.93222,50.72255],[-1.92321,50.72275],[-1.92209,50.72515],[-1.93994,50.72064],[-1.96896,50.72798],[-1.96724,50.72689],[-1.96825,50.72597],[-1.97548,50.72733],[-1.97253,50.72888],[-1.97411,50.72928],[-1.982,50.72972],[-1.97223,50.72234],[-1.97106,50.72341],[-1.97685,50.72668],[-1.96894,50.72534],[-1.96825,50.72597]]],[[[-1.92335,50.72245],[-1.92879,50.7182],[-1.9289,50.71784],[-1.92586,50.71707],[-1.92335,50.72245]]],[[[-1.92588,50.71703],[-1.92894,50.71773],[-1.92982,50.71494],[-1.92956,50.70914],[-1.92588,50.71703]]],[[[-1.94309,50.71781],[-1.93814,50.71981],[-1.94023,50.72028],[-1.94181,50.71892],[-1.94166,50.71896],[-1.94218,50.71859],[-1.94309,50.71781]]],[[[-1.93266,50.71879],[-1.93255,50.71877],[-1.93252,50.71909],[-1.93266,50.71879]]],[[[-1.95804,50.71605],[-1.96791,50.72163],[-1.96669,50.71816],[-1.96601,50.71765],[-1.95831,50.71603],[-1.95826,50.716],[-1.95804,50.71605],[-1.95025,50.71164],[-1.94936,50.7124],[-1.95488,50.71516],[-1.95197,50.716],[-1.95459,50.71693],[-1.95804,50.71605]]],[[[-2.01535,50.7275],[-2.0169,50.72791],[-2.01647,50.72751],[-2.01565,50.72733],[-2.01535,50.7275],[-2.01373,50.72708],[-2.01171,50.72788],[-2.01256,50.72907],[-2.01535,50.7275]]]]}},{"type":"Feature","properties":{"source_code":"J81634","codes":["J81634"],"label":"CRESCENT PROVIDENCE SURGERY"},"geometry":{"type":"Polygon","coordinates":[[[-1.87085,50.717],[-1.87995,50.72064],[-1.8742,50.73205],[-1.86159,50.74401],[-1.84224,50.74456],[-1.82736,50.74902],[-1.80595,50.74006],[-1.79724,50.73392],[-1.78905,50.72931],[-1.79734,50.72035],[-1.87085,50.717]]]}},{"type":"Feature","properties":{"source_code":"J81059","codes":["J81059"],"label":"SOUTHBOURNE PRACTICE"},"geometry":{"type":"Polygon","coordinates":[[[-1.77788,50.7229],[-1.77788,50.7229],[-1.77788,50.7229],[-1.77788,50.7229],[-1.77768,50.72283],[-1.76863,50.71945],[-1.77352,50.72002],[-1.77765,50.72071],[-1.7774,50.72088],[-1.77748,50.72084],[-1.77767,50.72071],[-1.77765,50.72071],[-1.7803,50.71893],[-1.77932,50.71963],[-1.78015,50.71908],[-1.78064,50.71885],[-1.78202,50.71798],[-1.81068,50.72081],[-1.81944,50.72081],[-1.82734,50.72048],[-1.83609,50.72037],[-1.8433,50.71986],[-1.84344,50.72024],[-1.84259,50.72147],[-1.84368,50.722],[-1.84487,50.72146],[-1.84572,50.72167],[-1.846,50.7221],[-1.84626,50.7228],[-1.84708,50.72411],[-1.84592,50.72477],[-1.84424,50.72521],[-1.84098,50.72627],[-1.8416,50.72752],[-1.83832,50.72866],[-1.84178,50.73185],[-1.845,50.73521],[-1.84208,50.73676],[-1.84088,50.73838],[-1.83796,50.74144],[-1.83473,50.74344],[-1.82789,50.74197],[-1.82506,50.7441],[-1.82137,50.74493],[-1.81871,50.74414],[-1.80892,50.73999],[-1.80635,50.74228],[-1.80193,50.74327],[-1.79111,50.7395],[-1.78833,50.73776],[-1.78451,50.73635],[-1.7918,50.72755],[-1.78993,50.72953],[-1.78762,50.72809],[-1.7861,50.72864],[-1.78075,50.7287],[-1.77806,50.726],[-1.77794,50.726],[-1.77801,50.72592],[-1.77794,50.72306],[-1.7779,50.72304],[-1.77788,50.7229]]]}},{"type":"Feature","properties":{"source_code":"J81018","codes":["J81018"],"label":"BEAUFORT ROAD SURGERY"},"geometry":{"type":"Polygon","coordinates":[[[-1.84296,50.71929],[-1.8469,50.72157],[-1.84845,50.72385],[-1.83626,50.72744],[-1.8457,50.73548],[-1.84107,50.73819],[-1.83781,50.74221],[-1.82785,50.7483],[-1.82691,50.74786],[-1.82458,50.74667],[-1.82244,50.74602],[-1.81652,50.74358],[-1.80892,50.74032],[-1.80616,50.7423],[-1.80236,50.74319],[-1.77901,50.73564],[-1.76846,50.72483],[-1.76691,50.71733],[-1.7815,50.71809],[-1.79678,50.71972],[-1.80914,50.72081],[-1.82476,50.72081],[-1.84296,50.71929]]]}},{"type":"Feature","properties":{"source_code":"J81012","codes":["J81012"],"label":"SHORE MEDICAL"},"geometry":{"type":"Polygon","coordinates":[[[-1.94078,50.70146],[-1.94236,50.70324],[-1.94339,50.70377],[-1.94461,50.7072],[-1.9457,50.70843],[-1.94605,50.70931],[-1.94693,50.71022],[-1.94778,50.71079],[-1.94918,50.71177],[-1.94957,50.71246],[-1.95008,50.71292],[-1.95086,50.71337],[-1.95235,50.71363],[-1.95291,50.71394],[-1.95382,50.71491],[-1.95386,50.71538],[-1.95387,50.71627],[-1.95574,50.71611],[-1.95741,50.71661],[-1.96,50.71693],[-1.96061,50.71638],[-1.96092,50.71622],[-1.96148,50.71637],[-1.96311,50.7167],[-1.96529,50.71782],[-1.96005,50.71987],[-1.95852,50.71951],[-1.95717,50.72027],[-1.95813,50.7208],[-1.95906,50.72076],[-1.95982,50.72074],[-1.9606,50.72081],[-1.96157,50.72082],[-1.9615,50.72182],[-1.96293,50.72244],[-1.96386,50.72276],[-1.96731,50.72123],[-1.96776,50.72219],[-1.96904,50.72273],[-1.97046,50.72367],[-1.97196,50.72419],[-1.97299,50.72427],[-1.97428,50.72446],[-1.97656,50.72504],[-1.97707,50.72497],[-1.97824,50.72541],[-1.97912,50.72573],[-1.97972,50.72628],[-1.98174,50.7266],[-1.98318,50.72705],[-1.9848,50.72735],[-1.98539,50.72824],[-1.98658,50.72923],[-1.98648,50.73191],[-1.98688,50.73465],[-1.98696,50.73625],[-1.98816,50.73768],[-1.98816,50.7382],[-1.98757,50.73834],[-1.98615,50.73919],[-1.98445,50.73935],[-1.98261,50.73914],[-1.97747,50.7383],[-1.97391,50.73818],[-1.97163,50.73871],[-1.97101,50.73989],[-1.97026,50.74058],[-1.96875,50.74098],[-1.96616,50.74167],[-1.96359,50.74324],[-1.96297,50.74433],[-1.96267,50.74569],[-1.96322,50.74719],[-1.96479,50.74851],[-1.96712,50.74997],[-1.95898,50.75392],[-1.9569,50.75418],[-1.95483,50.75417],[-1.95076,50.75394],[-1.94881,50.75389],[-1.94866,50.75427],[-1.94473,50.75347],[-1.94145,50.75249],[-1.93606,50.7511],[-1.93445,50.75264],[-1.93225,50.754],[-1.9231,50.74992],[-1.91846,50.74797],[-1.90926,50.74618],[-1.90757,50.74596],[-1.9087,50.74292],[-1.90664,50.74128],[-1.90431,50.73911],[-1.9043,50.73823],[-1.90536,50.73543],[-1.90659,50.73187],[-1.91409,50.72932],[-1.91486,50.72876],[-1.91593,50.72813],[-1.91973,50.72699],[-1.91531,50.72578],[-1.90716,50.72412],[-1.90696,50.72243],[-1.90762,50.72111],[-1.90928,50.71827],[-1.90951,50.71439],[-1.90964,50.70982],[-1.90926,50.71003],[-1.91008,50.70793],[-1.90953,50.70685],[-1.91301,50.70471],[-1.91895,50.70174],[-1.92075,50.70069],[-1.92185,50.70006],[-1.92251,50.69966],[-1.92344,50.69918],[-1.92393,50.69862],[-1.92526,50.69786],[-1.92554,50.69801],[-1.9257,50.69818],[-1.92572,50.69842],[-1.92615,50.70033],[-1.92622,50.70064],[-1.92633,50.70087],[-1.92789,50.70009],[-1.92887,50.69964],[-1.9299,50.69958],[-1.93175,50.69943],[-1.93295,50.69825],[-1.93519,50.70045],[-1.94078,50.70146]]]}},{"type":"Feature","properties":{"source_code":"J81021","codes":["J81021"],"label":"SHELLEY MANOR HOLDENHURST MEDICAL CENTRE"},"geometry":{"type":"Polygon","coordinates":[[[-1.85051,50.76309],[-1.84901,50.76252],[-1.84759,50.7645],[-1.84626,50.76331],[-1.84386,50.7622],[-1.83995,50.76011],[-1.83866,50.75975],[-1.83785,50.75913],[-1.83583,50.75831],[-1.83347,50.75734],[-1.83146,50.75723],[-1.82819,50.75707],[-1.82614,50.75679],[-1.8206,50.75707],[-1.81927,50.75698],[-1.81811,50.75612],[-1.81837,50.75511],[-1.81897,50.75435],[-1.8191,50.75199],[-1.81862,50.75079],[-1.81777,50.75001],[-1.81738,50.74938],[-1.81549,50.74808],[-1.81558,50.74596],[-1.81596,50.74428],[-1.81691,50.74338],[-1.81285,50.74189],[-1.81136,50.74138],[-1.81008,50.741],[-1.80951,50.74079],[-1.80665,50.74009],[-1.806,50.73996],[-1.80537,50.73964],[-1.80472,50.73936],[-1.8045,50.73921],[-1.80347,50.7387],[-1.80285,50.73804],[-1.80197,50.73742],[-1.79991,50.73637],[-1.79878,50.73517],[-1.79845,50.73493],[-1.79728,50.73357],[-1.79646,50.73315],[-1.79485,50.73233],[-1.79485,50.73232],[-1.79481,50.7323],[-1.79455,50.73121],[-1.79236,50.73002],[-1.79,50.72961],[-1.79,50.72955],[-1.78971,50.7295],[-1.78997,50.72911],[-1.78995,50.72879],[-1.78854,50.7285],[-1.78725,50.72812],[-1.78596,50.72871],[-1.78137,50.72861],[-1.77798,50.72825],[-1.77753,50.72729],[-1.77843,50.72638],[-1.77779,50.72597],[-1.77833,50.7254],[-1.77886,50.72484],[-1.77948,50.72425],[-1.77978,50.72393],[-1.77953,50.72371],[-1.77781,50.72282],[-1.77783,50.72232],[-1.77775,50.72187],[-1.77674,50.72127],[-1.77665,50.72094],[-1.77687,50.72058],[-1.7776,50.72074],[-1.77818,50.72056],[-1.77908,50.7199],[-1.77981,50.71927],[-1.7803,50.71902],[-1.78098,50.71887],[-1.78326,50.71868],[-1.78434,50.71853],[-1.78539,50.71906],[-1.78561,50.71895],[-1.7877,50.71922],[-1.78911,50.71944],[-1.79031,50.71956],[-1.79176,50.71957],[-1.79288,50.71972],[-1.79571,50.72022],[-1.79739,50.72038],[-1.79844,50.72065],[-1.79923,50.72068],[-1.7998,50.72058],[-1.80119,50.72073],[-1.82888,50.72146],[-1.83482,50.72082],[-1.83542,50.72046],[-1.83972,50.72016],[-1.84285,50.71994],[-1.8439,50.71983],[-1.86047,50.7188],[-1.86175,50.71872],[-1.86246,50.71859],[-1.86351,50.7184],[-1.86456,50.71834],[-1.8657,50.71827],[-1.86684,50.71827],[-1.86793,50.71789],[-1.86892,50.71762],[-1.86962,50.71753],[-1.87015,50.71755],[-1.8713,50.71789],[-1.87164,50.71815],[-1.87171,50.71814],[-1.87233,50.71801],[-1.87249,50.71785],[-1.87322,50.71738],[-1.87409,50.71698],[-1.87512,50.71682],[-1.87598,50.71662],[-1.87683,50.7166],[-1.8777,50.7169],[-1.87797,50.71684],[-1.87839,50.71714],[-1.87911,50.71738],[-1.87996,50.71824],[-1.88106,50.71902],[-1.88093,50.71928],[-1.8813,50.71968],[-1.88072,50.72044],[-1.88031,50.72092],[-1.88176,50.72173],[-1.88318,50.72199],[-1.88398,50.72206],[-1.88823,50.72382],[-1.89527,50.72573],[-1.89849,50.72708],[-1.89772,50.72885],[-1.89463,50.72991],[-1.89806,50.73195],[-1.89857,50.73469],[-1.89746,50.73683],[-1.89566,50.7386],[-1.89304,50.74007],[-1.88999,50.74346],[-1.88801,50.74748],[-1.8863,50.7515],[-1.88003,50.75508],[-1.87822,50.75878],[-1.8766,50.76046],[-1.87501,50.76195],[-1.87184,50.76309],[-1.86896,50.76255],[-1.86605,50.76323],[-1.86364,50.76461],[-1.8575,50.76467],[-1.85531,50.7641],[-1.85356,50.76323],[-1.85051,50.76309]]]}},{"type":"Feature","properties":{"source_code":"J81066","codes":["J81066"],"label":"STOUR SURGERY"},"geometry":{"type":"MultiPolygon","coordinates":[[[[-1.74057,50.74253],[-1.74024,50.74236],[-1.73987,50.74221],[-1.73958,50.74213],[-1.73922,50.74208],[-1.73852,50.74204],[-1.73795,50.74201],[-1.73738,50.74197],[-1.73553,50.74161],[-1.7351,50.74151],[-1.7347,50.74141],[-1.73387,50.74121],[-1.73351,50.74108],[-1.73327,50.74093],[-1.7332,50.7409],[-1.73315,50.74084],[-1.73305,50.74072],[-1.73298,50.74048],[-1.73293,50.74035],[-1.73289,50.7402],[-1.73289,50.74012],[-1.73289,50.73987],[-1.73293,50.7396],[-1.73303,50.73934],[-1.73322,50.73904],[-1.73354,50.7386],[-1.73383,50.73824],[-1.73408,50.73795],[-1.73431,50.73768],[-1.73441,50.73756],[-1.73452,50.73744],[-1.73459,50.73732],[-1.73469,50.73695],[-1.73459,50.73647],[-1.73434,50.7361],[-1.73415,50.73571],[-1.7341,50.73553],[-1.73408,50.73535],[-1.7341,50.73499],[-1.73421,50.73467],[-1.73437,50.73445],[-1.73443,50.73439],[-1.73458,50.73426],[-1.73491,50.734],[-1.73522,50.73374],[-1.73557,50.7335],[-1.73578,50.73325],[-1.73626,50.73257],[-1.73644,50.73222],[-1.73658,50.73184],[-1.73665,50.7315],[-1.7368,50.73117],[-1.73717,50.73038],[-1.73726,50.73019],[-1.73734,50.73],[-1.73749,50.7296],[-1.73755,50.72925],[-1.73752,50.72859],[-1.73754,50.72839],[-1.73766,50.72831],[-1.73789,50.72828],[-1.73794,50.72802],[-1.73739,50.72768],[-1.73695,50.72752],[-1.73652,50.72726],[-1.74071,50.72392],[-1.74273,50.72318],[-1.75126,50.72353],[-1.75834,50.72196],[-1.76462,50.72292],[-1.76668,50.72448],[-1.76766,50.72673],[-1.76958,50.72756],[-1.77132,50.7281],[-1.772,50.72856],[-1.7726,50.72903],[-1.77353,50.72982],[-1.77501,50.73014],[-1.77584,50.73024],[-1.77643,50.7302],[-1.77683,50.73011],[-1.77683,50.73011],[-1.77807,50.72997],[-1.77833,50.73008],[-1.77896,50.72972],[-1.77909,50.73013],[-1.77955,50.72995],[-1.77985,50.72967],[-1.77974,50.72963],[-1.77979,50.72961],[-1.78024,50.72971],[-1.78024,50.72971],[-1.7803,50.72975],[-1.78035,50.72964],[-1.78024,50.72971],[-1.78,50.72952],[-1.77979,50.72961],[-1.77941,50.72953],[-1.77974,50.72963],[-1.77963,50.72968],[-1.77924,50.72973],[-1.77923,50.72955],[-1.77851,50.72972],[-1.77885,50.72949],[-1.7775,50.72973],[-1.77784,50.72987],[-1.77725,50.73001],[-1.77683,50.73011],[-1.77711,50.72779],[-1.77724,50.72701],[-1.77693,50.72371],[-1.77737,50.72348],[-1.77755,50.72288],[-1.7778,50.72272],[-1.77778,50.72258],[-1.77793,50.72214],[-1.7778,50.72179],[-1.77685,50.72134],[-1.77676,50.72124],[-1.77669,50.72097],[-1.77698,50.7206],[-1.77784,50.72083],[-1.77848,50.72034],[-1.77993,50.71922],[-1.78077,50.71892],[-1.78282,50.71877],[-1.78354,50.71867],[-1.78396,50.71859],[-1.78411,50.71856],[-1.78426,50.71855],[-1.78441,50.71861],[-1.78455,50.71868],[-1.78481,50.71883],[-1.78551,50.71922],[-1.78629,50.71965],[-1.78694,50.71992],[-1.78767,50.72017],[-1.78821,50.72039],[-1.78827,50.72041],[-1.78833,50.72039],[-1.78849,50.72034],[-1.78881,50.72024],[-1.78912,50.72015],[-1.78948,50.72004],[-1.78985,50.71993],[-1.79026,50.71986],[-1.79045,50.71981],[-1.79065,50.71975],[-1.79058,50.71964],[-1.79071,50.71964],[-1.79149,50.71963],[-1.79188,50.71965],[-1.79225,50.71969],[-1.79265,50.71973],[-1.79285,50.71977],[-1.79303,50.71981],[-1.79299,50.71992],[-1.79298,50.71998],[-1.793,50.72005],[-1.7931,50.72021],[-1.79316,50.72029],[-1.7932,50.72033],[-1.79344,50.72027],[-1.79368,50.72022],[-1.79383,50.7202],[-1.79396,50.7202],[-1.79422,50.72024],[-1.79468,50.72042],[-1.7949,50.72052],[-1.7951,50.72061],[-1.79528,50.72068],[-1.79572,50.72077],[-1.79618,50.72082],[-1.79682,50.72096],[-1.7974,50.72112],[-1.79787,50.72132],[-1.79815,50.72153],[-1.79815,50.72156],[-1.79814,50.72161],[-1.79815,50.72168],[-1.79836,50.72168],[-1.7986,50.7217],[-1.79885,50.72175],[-1.79915,50.7218],[-1.79941,50.72184],[-1.79976,50.72191],[-1.79998,50.72192],[-1.80021,50.72196],[-1.80099,50.72205],[-1.80158,50.72209],[-1.80203,50.72215],[-1.80254,50.72223],[-1.80337,50.7223],[-1.8042,50.72232],[-1.80461,50.72233],[-1.80509,50.72238],[-1.80557,50.72256],[-1.80596,50.72276],[-1.80608,50.72285],[-1.80616,50.72294],[-1.80637,50.72326],[-1.80659,50.72379],[-1.80683,50.72431],[-1.80695,50.72459],[-1.8071,50.72482],[-1.80719,50.72488],[-1.80729,50.72492],[-1.80753,50.72495],[-1.80801,50.72497],[-1.80834,50.72498],[-1.80867,50.72501],[-1.80913,50.72508],[-1.80954,50.72526],[-1.80992,50.72544],[-1.81022,50.72556],[-1.81085,50.72581],[-1.81174,50.72618],[-1.81205,50.72625],[-1.81211,50.72633],[-1.81228,50.72641],[-1.81267,50.72648],[-1.81303,50.72658],[-1.81335,50.72673],[-1.8139,50.72701],[-1.81407,50.72708],[-1.81424,50.72712],[-1.81483,50.72725],[-1.81536,50.72739],[-1.81587,50.72752],[-1.81599,50.72756],[-1.81603,50.7276],[-1.81468,50.72856],[-1.81285,50.7299],[-1.81107,50.73127],[-1.80934,50.7326],[-1.80845,50.73328],[-1.80757,50.73397],[-1.80709,50.73434],[-1.80684,50.73454],[-1.80659,50.7347],[-1.80634,50.7348],[-1.80601,50.73487],[-1.80529,50.73498],[-1.80458,50.73504],[-1.80421,50.73505],[-1.80385,50.73502],[-1.80372,50.73503],[-1.80359,50.73506],[-1.8031,50.73531],[-1.80287,50.7354],[-1.8027,50.73543],[-1.80248,50.73542],[-1.80239,50.7352],[-1.80215,50.735],[-1.80186,50.73481],[-1.80168,50.73467],[-1.80169,50.73462],[-1.80182,50.73454],[-1.80213,50.73442],[-1.80218,50.7343],[-1.80223,50.73423],[-1.80232,50.73418],[-1.80245,50.73398],[-1.80178,50.73385],[-1.80139,50.73389],[-1.80135,50.73404],[-1.80128,50.73414],[-1.80096,50.73435],[-1.80064,50.73457],[-1.80038,50.73464],[-1.8001,50.73465],[-1.79987,50.7346],[-1.7997,50.73451],[-1.79943,50.73426],[-1.79912,50.73392],[-1.79887,50.73368],[-1.7987,50.73348],[-1.79871,50.73333],[-1.79884,50.73322],[-1.79911,50.73311],[-1.7994,50.73305],[-1.79959,50.733],[-1.79951,50.73282],[-1.79925,50.73227],[-1.79886,50.73233],[-1.79848,50.73245],[-1.798,50.73268],[-1.79764,50.73298],[-1.79735,50.73338],[-1.79719,50.73349],[-1.79682,50.73331],[-1.79639,50.73317],[-1.79353,50.73525],[-1.79323,50.73601],[-1.79309,50.73678],[-1.79472,50.73708],[-1.79516,50.73738],[-1.79569,50.73833],[-1.79602,50.73898],[-1.79658,50.73941],[-1.79727,50.73919],[-1.79827,50.73898],[-1.8002,50.73918],[-1.80152,50.73942],[-1.80248,50.73969],[-1.80287,50.73985],[-1.8032,50.7401],[-1.8036,50.74055],[-1.804,50.74103],[-1.80461,50.74114],[-1.80583,50.74114],[-1.8062,50.74117],[-1.80657,50.74135],[-1.80734,50.74167],[-1.80805,50.74198],[-1.80931,50.74193],[-1.81083,50.74201],[-1.81202,50.7424],[-1.81253,50.74287],[-1.81283,50.74335],[-1.81291,50.74377],[-1.81278,50.74419],[-1.81189,50.74511],[-1.8115,50.74573],[-1.81138,50.74606],[-1.81135,50.74627],[-1.81134,50.74665],[-1.81165,50.74692],[-1.81193,50.74711],[-1.81218,50.74743],[-1.81242,50.74769],[-1.81231,50.74801],[-1.81208,50.74835],[-1.81142,50.749],[-1.8108,50.74963],[-1.8105,50.7502],[-1.81041,50.75078],[-1.81092,50.75167],[-1.81081,50.75219],[-1.80977,50.75266],[-1.80874,50.75274],[-1.80768,50.75301],[-1.8073,50.75359],[-1.8078,50.75438],[-1.80832,50.75485],[-1.80854,50.75535],[-1.80803,50.75648],[-1.80711,50.75751],[-1.80695,50.75808],[-1.80706,50.75866],[-1.80758,50.76004],[-1.80794,50.76083],[-1.80841,50.76138],[-1.80906,50.7618],[-1.80979,50.76211],[-1.81122,50.76258],[-1.81082,50.76335],[-1.79029,50.76602],[-1.77681,50.76079],[-1.7762,50.75942],[-1.77658,50.75851],[-1.77674,50.75772],[-1.77732,50.75723],[-1.77797,50.75711],[-1.77912,50.75698],[-1.78034,50.75694],[-1.78131,50.75679],[-1.78226,50.75623],[-1.78282,50.75565],[-1.7834,50.7543],[-1.78319,50.75326],[-1.78129,50.75231],[-1.78027,50.75209],[-1.77911,50.7521],[-1.77729,50.75214],[-1.77664,50.75164],[-1.77718,50.7511],[-1.77788,50.75065],[-1.77948,50.75],[-1.77942,50.74946],[-1.77858,50.74903],[-1.77752,50.74863],[-1.77709,50.74816],[-1.77722,50.7479],[-1.77784,50.7477],[-1.77942,50.74786],[-1.7815,50.74806],[-1.78231,50.7476],[-1.78266,50.74667],[-1.78247,50.74556],[-1.78153,50.74517],[-1.78003,50.74346],[-1.78036,50.74229],[-1.77921,50.74094],[-1.77925,50.74075],[-1.77963,50.74026],[-1.77948,50.73985],[-1.779,50.73964],[-1.7783,50.73945],[-1.77839,50.73931],[-1.77862,50.73913],[-1.77892,50.73893],[-1.77903,50.73864],[-1.77885,50.73843],[-1.77851,50.73828],[-1.7782,50.73856],[-1.77803,50.73899],[-1.77757,50.73919],[-1.77683,50.73914],[-1.77633,50.73889],[-1.77581,50.73844],[-1.77515,50.7382],[-1.77421,50.73756],[-1.77018,50.73931],[-1.76999,50.73909],[-1.76964,50.73898],[-1.76932,50.73897],[-1.76894,50.73899],[-1.76839,50.73924],[-1.76748,50.73903],[-1.76466,50.73833],[-1.76241,50.73774],[-1.76089,50.73732],[-1.76039,50.73711],[-1.76024,50.73702],[-1.76012,50.73691],[-1.75995,50.73671],[-1.75986,50.73654],[-1.7598,50.73625],[-1.75949,50.73606],[-1.75877,50.7361],[-1.75836,50.73618],[-1.75766,50.73632],[-1.75658,50.7366],[-1.75486,50.73708],[-1.75352,50.73745],[-1.75285,50.73765],[-1.7522,50.73791],[-1.74975,50.73887],[-1.74908,50.73915],[-1.74846,50.73944],[-1.74757,50.73986],[-1.74704,50.74009],[-1.74644,50.7403],[-1.74502,50.74078],[-1.74398,50.74116],[-1.74271,50.74168],[-1.74168,50.74228],[-1.74143,50.74243],[-1.74116,50.74252],[-1.74101,50.74255],[-1.74085,50.74257],[-1.74071,50.74257],[-1.74057,50.74253]]],[[[-1.77784,50.72987],[-1.77851,50.72972],[-1.77815,50.72996],[-1.77807,50.72997],[-1.77784,50.72987]]]]}},{"type":"Feature","properties":{"source_code":"J81056","codes":["J81056"],"label":"CHRISTCHURCH MEDICAL PRACTICE"},"geometry":{"type":"MultiPolygon","coordinates":[[[[-1.70374,50.73556],[-1.6996,50.7367],[-1.69668,50.73675],[-1.70374,50.73556]]],[[[-1.70374,50.73556],[-1.73787,50.72616],[-1.74103,50.72419],[-1.74228,50.72358],[-1.74253,50.72359],[-1.7426,50.724],[-1.74247,50.7245],[-1.74202,50.72471],[-1.74191,50.72498],[-1.74183,50.7253],[-1.74187,50.72554],[-1.74187,50.72567],[-1.74172,50.72568],[-1.74133,50.72564],[-1.74112,50.72581],[-1.74135,50.72601],[-1.74131,50.72615],[-1.74089,50.72635],[-1.74458,50.72771],[-1.7459,50.7271],[-1.74683,50.72687],[-1.74734,50.72651],[-1.74846,50.72647],[-1.74979,50.72617],[-1.75075,50.72597],[-1.75161,50.72612],[-1.75198,50.72632],[-1.75122,50.72647],[-1.75133,50.72646],[-1.75051,50.72665],[-1.75918,50.72472],[-1.75886,50.72426],[-1.75896,50.72426],[-1.75855,50.72407],[-1.75821,50.72403],[-1.75772,50.72393],[-1.75773,50.7238],[-1.75784,50.72372],[-1.75823,50.72366],[-1.75869,50.72349],[-1.75881,50.72339],[-1.75926,50.72344],[-1.75956,50.72357],[-1.75995,50.72361],[-1.7603,50.72375],[-1.76045,50.72406],[-1.76077,50.72437],[-1.76177,50.72415],[-1.76174,50.7241],[-1.76157,50.72399],[-1.76137,50.72377],[-1.76112,50.72359],[-1.76081,50.72356],[-1.76066,50.72344],[-1.76042,50.72327],[-1.76024,50.72308],[-1.76034,50.72293],[-1.76067,50.72291],[-1.76123,50.72291],[-1.76178,50.723],[-1.76209,50.72316],[-1.76274,50.7233],[-1.76322,50.72332],[-1.76379,50.72331],[-1.76444,50.72354],[-1.76403,50.72364],[-1.76749,50.72287],[-1.76725,50.7226],[-1.76674,50.72222],[-1.76614,50.72189],[-1.76554,50.72151],[-1.76451,50.72135],[-1.76331,50.72103],[-1.76193,50.72075],[-1.76064,50.72037],[-1.76142,50.71988],[-1.76228,50.72021],[-1.76279,50.71885],[-1.76133,50.71798],[-1.7591,50.71766],[-1.75807,50.71798],[-1.75713,50.71847],[-1.75592,50.71836],[-1.75455,50.71836],[-1.75266,50.71869],[-1.75129,50.71863],[-1.74983,50.71815],[-1.74777,50.71815],[-1.74597,50.71815],[-1.74425,50.71847],[-1.74356,50.71912],[-1.74305,50.72097],[-1.74305,50.72244],[-1.74219,50.72304],[-1.74013,50.7238],[-1.74073,50.72211],[-1.74142,50.7195],[-1.74528,50.71434],[-1.74829,50.71266],[-1.74889,50.71358],[-1.74863,50.71113],[-1.75015,50.71207],[-1.7553,50.71372],[-1.7611,50.71501],[-1.76511,50.71592],[-1.76893,50.71647],[-1.77146,50.71681],[-1.77303,50.71698],[-1.77457,50.71719],[-1.77575,50.71718],[-1.77723,50.71749],[-1.77929,50.7176],[-1.78412,50.71816],[-1.78431,50.71851],[-1.78511,50.71895],[-1.78506,50.71896],[-1.78687,50.71999],[-1.78824,50.72043],[-1.78875,50.72094],[-1.7894,50.72127],[-1.7909,50.72127],[-1.79339,50.72162],[-1.79571,50.72222],[-1.79669,50.72187],[-1.79828,50.7217],[-1.80004,50.72192],[-1.80197,50.72217],[-1.80395,50.72236],[-1.80536,50.72249],[-1.80639,50.72312],[-1.80704,50.72445],[-1.80721,50.72488],[-1.80794,50.72496],[-1.80871,50.72499],[-1.8097,50.72532],[-1.81223,50.72632],[-1.81377,50.72692],[-1.81609,50.7276],[-1.81746,50.72817],[-1.81922,50.72942],[-1.81948,50.72999],[-1.81952,50.73081],[-1.81987,50.7314],[-1.82017,50.73211],[-1.82047,50.73263],[-1.81613,50.73496],[-1.81283,50.73711],[-1.80901,50.74026],[-1.80661,50.74224],[-1.80742,50.74229],[-1.80888,50.74213],[-1.80983,50.74213],[-1.81073,50.74213],[-1.81129,50.74238],[-1.81189,50.74265],[-1.81231,50.74303],[-1.81257,50.74357],[-1.81257,50.74417],[-1.81189,50.7449],[-1.81137,50.74534],[-1.81107,50.74591],[-1.81107,50.74648],[-1.80953,50.75077],[-1.8118,50.74694],[-1.81231,50.74759],[-1.81223,50.74813],[-1.81159,50.74881],[-1.81103,50.74954],[-1.81056,50.75033],[-1.81047,50.75098],[-1.81103,50.75177],[-1.81051,50.75259],[-1.80905,50.75264],[-1.80759,50.75313],[-1.80742,50.75411],[-1.80837,50.75492],[-1.8082,50.75606],[-1.80725,50.75726],[-1.80699,50.75823],[-1.80734,50.75886],[-1.80751,50.75978],[-1.80785,50.76073],[-1.80884,50.76168],[-1.8094,50.76209],[-1.80944,50.76252],[-1.7659,50.76571],[-1.76543,50.76556],[-1.76522,50.76541],[-1.76517,50.76521],[-1.76522,50.76505],[-1.76511,50.76483],[-1.7647,50.7648],[-1.76438,50.76487],[-1.75155,50.74604],[-1.727,50.7512],[-1.72721,50.75096],[-1.72717,50.75069],[-1.72657,50.75055],[-1.72593,50.75079],[-1.72391,50.75139],[-1.72181,50.75145],[-1.71975,50.75158],[-1.71726,50.75177],[-1.714,50.75234],[-1.7028,50.75259],[-1.69177,50.74821],[-1.68953,50.74729],[-1.68846,50.74661],[-1.6882,50.74612],[-1.68863,50.74515],[-1.6885,50.74509],[-1.68847,50.74499],[-1.68835,50.74496],[-1.68696,50.74482],[-1.68622,50.74463],[-1.68568,50.74444],[-1.68548,50.74438],[-1.6862,50.74386],[-1.6868,50.74337],[-1.68795,50.74274],[-1.68934,50.74227],[-1.68941,50.74164],[-1.69007,50.74133],[-1.6925,50.73739],[-1.6925,50.73716],[-1.69438,50.73677],[-1.69672,50.73677],[-1.6991,50.73807],[-1.73146,50.73089],[-1.70374,50.73556]]],[[[-1.73163,50.73085],[-1.7317,50.73078],[-1.73162,50.73085],[-1.73163,50.73085]]],[[[-1.74474,50.72777],[-1.74706,50.72728],[-1.74467,50.72774],[-1.74474,50.72777]]],[[[-1.73803,50.72611],[-1.73895,50.72564],[-1.73973,50.72593],[-1.73891,50.72558],[-1.73787,50.72615],[-1.73802,50.72611],[-1.73803,50.72611]]]]}},{"type":"Feature","properties":{"source_code":"J81057","codes":["J81057"],"label":"FARMHOUSE SURGERY"},"geometry":{"type":"Polygon","coordinates":[[[-1.78288,50.78554],[-1.74983,50.78733],[-1.72365,50.78304],[-1.68228,50.73711],[-1.71438,50.73613],[-1.74374,50.72559],[-1.7461,50.711],[-1.76631,50.71641],[-1.78751,50.7194],[-1.8203,50.72146],[-1.82699,50.7311],[-1.82339,50.73792],[-1.81532,50.743],[-1.82442,50.75503],[-1.81502,50.76377],[-1.81323,50.77569],[-1.81557,50.78826],[-1.81653,50.79888],[-1.81199,50.80949],[-1.78288,50.78554]]]}},{"type":"Feature","properties":{"source_code":"J81070","codes":["J81070"],"label":"THE BANKS & BEARWOOD MEDICAL CENTRE"},"geometry":{"type":"Polygon","coordinates":[[[-1.95317,50.78098],[-1.95351,50.78228],[-1.95248,50.78337],[-1.9511,50.7851],[-1.94939,50.78619],[-1.93977,50.78792],[-1.93806,50.78662],[-1.936,50.78597],[-1.93188,50.78098],[-1.9257,50.77924],[-1.92295,50.78119],[-1.91931,50.77552],[-1.91447,50.77376],[-1.90372,50.7749],[-1.89583,50.77425],[-1.89445,50.77468],[-1.89308,50.77316],[-1.88724,50.7736],[-1.88173,50.7717],[-1.86948,50.76915],[-1.86419,50.76737],[-1.86079,50.76744],[-1.85141,50.77343],[-1.83816,50.75929],[-1.8462,50.75128],[-1.83217,50.74897],[-1.82807,50.74811],[-1.82482,50.74953],[-1.81987,50.75215],[-1.84036,50.74056],[-1.84983,50.7347],[-1.85599,50.7315],[-1.86283,50.72918],[-1.86792,50.7262],[-1.87072,50.72477],[-1.87472,50.7242],[-1.88817,50.72314],[-1.9038,50.72893],[-1.91303,50.72954],[-1.91669,50.73113],[-1.91124,50.74068],[-1.91214,50.74191],[-1.91804,50.7444],[-1.92283,50.74642],[-1.92788,50.74866],[-1.93474,50.75179],[-1.93702,50.75144],[-1.94183,50.7534],[-1.93834,50.76168],[-1.94561,50.76535],[-1.95317,50.78098]]]}},{"type":"Feature","properties":{"source_code":"J81006","codes":["J81006"],"label":"THE ADAM PRACTICE"},"geometry":{"type":"Polygon","coordinates":[[[-1.95763,50.68537],[-1.98411,50.6858],[-2.02123,50.71103],[-2.03067,50.71494],[-2.06234,50.71619],[-2.0777,50.71065],[-2.09221,50.71342],[-2.09727,50.7151],[-2.09762,50.71738],[-2.09753,50.72293],[-2.08903,50.73716],[-2.10457,50.7389],[-2.11667,50.74026],[-2.12234,50.74259],[-2.11461,50.74922],[-2.11126,50.76095],[-2.11401,50.77566],[-2.11143,50.77902],[-2.10783,50.78179],[-2.10603,50.78304],[-2.10388,50.78478],[-2.0983,50.78613],[-2.09204,50.78912],[-2.08714,50.78792],[-2.08294,50.78749],[-2.07908,50.7876],[-2.0717,50.78646],[-2.07195,50.78185],[-2.0656,50.76996],[-2.05908,50.76469],[-2.04474,50.75362],[-2.0408,50.75574],[-2.03393,50.75812],[-2.02792,50.75981],[-2.00586,50.7484],[-2.00226,50.74764],[-2.00063,50.74618],[-1.99531,50.74439],[-1.99119,50.74107],[-1.98964,50.7383],[-1.98767,50.73857],[-1.98621,50.74259],[-1.98355,50.74992],[-1.98054,50.75954],[-1.94801,50.75427],[-1.94286,50.74601],[-1.92947,50.73901],[-1.9269,50.73765],[-1.92492,50.73635],[-1.92218,50.73537],[-1.92029,50.73455],[-1.92106,50.73401],[-1.92226,50.73195],[-1.92278,50.73097],[-1.92329,50.7301],[-1.92381,50.7295],[-1.92441,50.7288],[-1.92492,50.72798],[-1.92518,50.72689],[-1.92501,50.72521],[-1.92501,50.72439],[-1.92492,50.72358],[-1.93711,50.72124],[-1.94123,50.72157],[-1.94072,50.72092],[-1.94012,50.71999],[-1.93934,50.71891],[-1.93831,50.71798],[-1.93737,50.717],[-1.93686,50.71608],[-1.93634,50.71527],[-1.936,50.71434],[-1.93583,50.71369],[-1.93557,50.71298],[-1.93565,50.71222],[-1.93574,50.7113],[-1.936,50.71037],[-1.93591,50.70912],[-1.93634,50.70815],[-1.9372,50.70804],[-1.93866,50.70798],[-1.93986,50.70798],[-1.94149,50.70793],[-1.94304,50.70787],[-1.94449,50.70776],[-1.94535,50.70733],[-1.9463,50.70657],[-1.94776,50.70651],[-1.94853,50.70483],[-1.94921,50.70363],[-1.9499,50.702],[-1.95127,50.70059],[-1.95265,50.69852],[-1.95248,50.69809],[-1.95333,50.6933],[-1.95462,50.68803],[-1.95763,50.68537]]]}},{"type":"Feature","properties":{"source_code":"J81042","codes":["J81042"],"label":"VILLAGE SURGERY"},"geometry":{"type":"Polygon","coordinates":[[[-1.81068,50.76317],[-1.81892,50.75166],[-1.8251,50.75014],[-1.83781,50.74276],[-1.84605,50.7358],[-1.85738,50.72972],[-1.86871,50.72581],[-1.88107,50.72363],[-1.89342,50.72298],[-1.9099,50.7245],[-1.93668,50.7282],[-1.95316,50.72972],[-1.95042,50.73624],[-1.94836,50.74189],[-1.94046,50.74797],[-1.93085,50.75383],[-1.93977,50.75579],[-1.94595,50.7597],[-1.94767,50.76643],[-1.94149,50.77338],[-1.93737,50.77468],[-1.92913,50.77121],[-1.9202,50.76991],[-1.91334,50.77446],[-1.90544,50.77794],[-1.89411,50.78054],[-1.88484,50.77229],[-1.87901,50.76904],[-1.87283,50.76383],[-1.8663,50.76383],[-1.85875,50.76969],[-1.8536,50.77425],[-1.84639,50.76947],[-1.84124,50.76252],[-1.8306,50.75905],[-1.81995,50.75905],[-1.81068,50.76317]]]}},{"type":"Feature","properties":{"source_code":"J81036","codes":["J81036"],"label":"THE ROSEMARY HEALTH CTR"},"geometry":{"type":"MultiPolygon","coordinates":[[[[-1.92651,50.70831],[-1.92994,50.70814],[-1.93157,50.70591],[-1.93178,50.70652],[-1.93366,50.7077],[-1.93272,50.70711],[-1.93194,50.70609],[-1.93513,50.70757],[-1.92933,50.70846],[-1.92746,50.70848],[-1.92651,50.70831]]],[[[-1.92651,50.70831],[-1.9222,50.70853],[-1.92064,50.70855],[-1.92158,50.70814],[-1.9233,50.70682],[-1.92769,50.70788],[-1.92364,50.70719],[-1.92489,50.70804],[-1.92651,50.70831]]],[[[-1.91331,50.70889],[-1.91249,50.70864],[-1.92064,50.70855],[-1.92048,50.70862],[-1.91394,50.70895],[-1.91331,50.70889]]],[[[-1.95311,50.72034],[-1.9535,50.72017],[-1.95344,50.72026],[-1.95307,50.72046],[-1.95311,50.72034]]],[[[-1.96118,50.72037],[-1.96172,50.71877],[-1.96226,50.72054],[-1.96184,50.71992],[-1.96143,50.72071],[-1.96118,50.72037]]],[[[-1.95311,50.72034],[-1.95224,50.72071],[-1.9526,50.71966],[-1.95388,50.71802],[-1.95311,50.72034]]],[[[-1.96226,50.72054],[-1.96279,50.72133],[-1.96251,50.72136],[-1.96226,50.72054]]],[[[-1.96936,50.72352],[-1.96919,50.72371],[-1.96921,50.72316],[-1.96936,50.72352]]],[[[-1.97466,50.72523],[-1.97514,50.72516],[-1.97437,50.72538],[-1.97466,50.72523]]],[[[-1.96936,50.72352],[-1.96949,50.72338],[-1.9702,50.72555],[-1.96936,50.72352]]],[[[-1.97466,50.72523],[-1.97198,50.72568],[-1.97361,50.72288],[-1.97545,50.72484],[-1.97466,50.72523]]],[[[-1.97189,50.72569],[-1.97184,50.7257],[-1.97196,50.72557],[-1.97189,50.72569]]],[[[-1.96824,50.72478],[-1.96919,50.72371],[-1.96912,50.72615],[-1.96911,50.72615],[-1.96824,50.72478]]],[[[-1.97189,50.72569],[-1.97198,50.72568],[-1.97169,50.72617],[-1.97161,50.7262],[-1.97189,50.72569]]],[[[-1.97526,50.7276],[-1.9762,50.72705],[-1.97654,50.72797],[-1.97526,50.7276]]],[[[-1.97654,50.72797],[-1.97707,50.72812],[-1.97663,50.7282],[-1.97654,50.72797]]],[[[-1.97808,50.72901],[-1.97782,50.72873],[-1.97832,50.72842],[-1.97808,50.72901]]],[[[-1.97808,50.72901],[-1.97932,50.73035],[-1.97821,50.7308],[-1.97757,50.73029],[-1.97808,50.72901]]],[[[-1.98032,50.7348],[-1.97973,50.73446],[-1.98038,50.7348],[-1.98032,50.7348]]],[[[-1.97037,50.74868],[-1.97084,50.74796],[-1.97112,50.74784],[-1.97058,50.74894],[-1.97037,50.74868]]],[[[-1.91455,50.70927],[-1.91724,50.71004],[-1.92048,50.70862],[-1.9222,50.70853],[-1.92746,50.70848],[-1.92829,50.70862],[-1.92933,50.70846],[-1.93849,50.70836],[-1.94012,50.71055],[-1.94349,50.71336],[-1.94265,50.71628],[-1.94623,50.71679],[-1.94234,50.71152],[-1.9448,50.71122],[-1.9468,50.71549],[-1.95042,50.71798],[-1.95117,50.72118],[-1.95224,50.72071],[-1.95217,50.72095],[-1.95307,50.72046],[-1.95269,50.72158],[-1.95344,50.72026],[-1.95416,50.71988],[-1.9535,50.72017],[-1.95575,50.71621],[-1.95771,50.71658],[-1.95987,50.71686],[-1.95582,50.72172],[-1.961,50.72014],[-1.96118,50.72037],[-1.96069,50.72183],[-1.96031,50.72188],[-1.96065,50.72188],[-1.95969,50.72335],[-1.96252,50.72193],[-1.96268,50.72193],[-1.96266,50.72186],[-1.96306,50.72166],[-1.96259,50.72164],[-1.96259,50.72162],[-1.96296,50.72158],[-1.96279,50.72133],[-1.96746,50.72077],[-1.96377,50.72132],[-1.96602,50.72124],[-1.96824,50.72478],[-1.96665,50.72656],[-1.96911,50.72615],[-1.96911,50.72616],[-1.96912,50.72615],[-1.97184,50.7257],[-1.97127,50.72636],[-1.96902,50.72913],[-1.97145,50.72624],[-1.97161,50.7262],[-1.9702,50.72871],[-1.97169,50.72617],[-1.97437,50.72538],[-1.97395,50.72559],[-1.97595,50.72553],[-1.97701,50.72444],[-1.9772,50.72458],[-1.97935,50.72646],[-1.97398,50.72723],[-1.97526,50.7276],[-1.97479,50.72786],[-1.97296,50.72887],[-1.97663,50.7282],[-1.97767,50.73102],[-1.97821,50.7308],[-1.9792,50.73158],[-1.98029,50.73122],[-1.97876,50.73193],[-1.97757,50.73357],[-1.98057,50.73407],[-1.97873,50.73485],[-1.98032,50.7348],[-1.98094,50.73515],[-1.98188,50.73819],[-1.98057,50.74108],[-1.98044,50.74145],[-1.97689,50.74542],[-1.97112,50.74784],[-1.97177,50.74651],[-1.97084,50.74796],[-1.97006,50.74829],[-1.97037,50.74868],[-1.96974,50.74967],[-1.96868,50.75042],[-1.96387,50.75069],[-1.96562,50.75129],[-1.96271,50.75048],[-1.96346,50.752],[-1.95853,50.75117],[-1.96451,50.75338],[-1.9585,50.75202],[-1.95716,50.7522],[-1.9589,50.75394],[-1.9571,50.75418],[-1.95555,50.7542],[-1.95203,50.75404],[-1.9504,50.75401],[-1.94962,50.75398],[-1.94894,50.7542],[-1.94819,50.75427],[-1.94723,50.7541],[-1.94548,50.75368],[-1.9439,50.7533],[-1.94302,50.75309],[-1.94331,50.75468],[-1.93912,50.75381],[-1.93753,50.75351],[-1.93604,50.75303],[-1.93683,50.75397],[-1.93637,50.75434],[-1.93782,50.75468],[-1.93914,50.75509],[-1.93856,50.75617],[-1.93778,50.7557],[-1.93682,50.7555],[-1.93607,50.75594],[-1.93579,50.75612],[-1.93555,50.75619],[-1.9336,50.75542],[-1.93285,50.75508],[-1.9326,50.75486],[-1.93273,50.75455],[-1.93239,50.75421],[-1.92917,50.75251],[-1.92132,50.74907],[-1.9175,50.7478],[-1.91042,50.74653],[-1.90763,50.746],[-1.90887,50.74259],[-1.90604,50.73702],[-1.90578,50.73531],[-1.91115,50.73089],[-1.91394,50.72973],[-1.91446,50.72904],[-1.91568,50.72808],[-1.91995,50.72687],[-1.90711,50.72392],[-1.90714,50.72245],[-1.90776,50.72077],[-1.90927,50.71803],[-1.90954,50.71515],[-1.90978,50.71268],[-1.90964,50.71152],[-1.90942,50.71064],[-1.9092,50.71003],[-1.9095,50.70942],[-1.91018,50.70793],[-1.91249,50.70864],[-1.91092,50.70865],[-1.91331,50.70889],[-1.91455,50.70927]]],[[[-1.96249,50.72163],[-1.96084,50.72156],[-1.96251,50.72136],[-1.96259,50.72162],[-1.96249,50.72163]]],[[[-1.96249,50.72163],[-1.96259,50.72164],[-1.96266,50.72186],[-1.96252,50.72193],[-1.96065,50.72188],[-1.96069,50.72183],[-1.96069,50.72183],[-1.96249,50.72163]]]]}},{"type":"Feature","properties":{"source_code":"J81028","codes":["J81028"],"label":"HIGHCLIFFE MEDICAL CENTRE"},"geometry":{"type":"Polygon","coordinates":[[[-1.7095,50.75738],[-1.70971,50.75658],[-1.7094,50.75666],[-1.70877,50.75699],[-1.7095,50.75738],[-1.7094,50.75774],[-1.70889,50.7572],[-1.7087,50.75703],[-1.69516,50.76415],[-1.65825,50.76817],[-1.65812,50.76781],[-1.65791,50.76795],[-1.65207,50.75579],[-1.65001,50.74775],[-1.65379,50.73341],[-1.65447,50.73352],[-1.67919,50.73629],[-1.68085,50.73633],[-1.68123,50.73591],[-1.70842,50.73669],[-1.72891,50.7328],[-1.74116,50.72282],[-1.75069,50.72698],[-1.76228,50.72331],[-1.76708,50.73075],[-1.77876,50.73602],[-1.76811,50.74058],[-1.76743,50.73971],[-1.74168,50.74819],[-1.70973,50.75657],[-1.70958,50.75742],[-1.7095,50.75738]],[[-1.69447,50.75253],[-1.68822,50.74702],[-1.67864,50.75364],[-1.69447,50.75253]]]}},{"type":"Feature","properties":{"source_code":"J81013","codes":["J81013"],"label":"CANFORD HEATH GROUP PRACT"},"geometry":{"type":"Polygon","coordinates":[[[-1.97771,50.77761],[-1.93548,50.75079],[-1.9478,50.7424],[-1.95947,50.73933],[-1.95166,50.7348],[-1.97398,50.72793],[-1.98659,50.72714],[-1.97771,50.77761]]]}},{"type":"Feature","properties":{"source_code":"J81067","codes":["J81067"],"label":"LITTLEDOWN SURGERY"},"geometry":{"type":"Polygon","coordinates":[[[-1.81137,50.76285],[-1.80862,50.7623],[-1.80777,50.76154],[-1.80433,50.76306],[-1.80296,50.7623],[-1.80107,50.76133],[-1.80038,50.75905],[-1.79832,50.75677],[-1.79695,50.75503],[-1.79558,50.75329],[-1.79867,50.75003],[-1.80141,50.74797],[-1.80227,50.74515],[-1.80193,50.74308],[-1.80485,50.74265],[-1.80759,50.74167],[-1.8088,50.74004],[-1.80571,50.74004],[-1.8021,50.73765],[-1.7997,50.73613],[-1.79695,50.7332],[-1.79472,50.73178],[-1.79317,50.73004],[-1.78957,50.72852],[-1.78425,50.7295],[-1.77773,50.72896],[-1.77103,50.72809],[-1.76863,50.72494],[-1.76691,50.72092],[-1.76863,50.71755],[-1.77378,50.71744],[-1.78047,50.71809],[-1.78854,50.7195],[-1.79987,50.72081],[-1.8088,50.72135],[-1.81772,50.72179],[-1.82648,50.72124],[-1.82785,50.72418],[-1.83146,50.72711],[-1.83369,50.72841],[-1.83695,50.72733],[-1.83918,50.72928],[-1.84193,50.73157],[-1.84433,50.73406],[-1.84536,50.73537],[-1.84811,50.73379],[-1.84982,50.73325],[-1.85085,50.73455],[-1.8506,50.73531],[-1.85266,50.73635],[-1.85617,50.73684],[-1.85909,50.73689],[-1.86373,50.73689],[-1.86459,50.73716],[-1.86356,50.73868],[-1.86321,50.7408],[-1.86132,50.742],[-1.86124,50.74341],[-1.86175,50.74487],[-1.86141,50.74612],[-1.86107,50.74775],[-1.85738,50.7483],[-1.85394,50.74873],[-1.85145,50.74976],[-1.85025,50.75155],[-1.84785,50.75112],[-1.84484,50.75101],[-1.84124,50.75123],[-1.83703,50.75025],[-1.83403,50.74922],[-1.83051,50.74835],[-1.82794,50.74759],[-1.82519,50.74938],[-1.82176,50.75069],[-1.81901,50.75226],[-1.81729,50.75443],[-1.81566,50.75644],[-1.81455,50.75856],[-1.81326,50.7604],[-1.81137,50.76285]]]}},{"type":"Feature","properties":{"source_code":"J81087","codes":["J81087"],"label":"THE BIRCHWOOD PRACTICE"},"geometry":{"type":"Polygon","coordinates":[[[-2.0747,50.78011],[-1.96037,50.77859],[-1.94793,50.77879],[-1.96106,50.77902],[-1.94753,50.77879],[-1.93291,50.77902],[-1.93291,50.77897],[-1.93256,50.77902],[-1.92982,50.72624],[-1.93063,50.72652],[-1.93059,50.72543],[-1.93016,50.72602],[-1.92913,50.71516],[-2.0105,50.71233],[-2.03858,50.71343],[-2.00981,50.7119],[-2.06244,50.71433],[-2.06611,50.71429],[-2.06577,50.70929],[-2.0664,50.71429],[-2.06646,50.71429],[-2.06654,50.71491],[-2.06715,50.71494],[-2.07047,50.74371],[-2.07539,50.77664],[-2.07424,50.77624],[-2.07436,50.77729],[-2.07423,50.77624],[-2.07421,50.77623],[-2.0747,50.78011]],[[-1.93498,50.71555],[-1.93497,50.71516],[-1.9349,50.71555],[-1.93498,50.71555]]]}},{"type":"Feature","properties":{"source_code":"J81062","codes":["J81062"],"label":"ST ALBANS MEDICAL CENTRE"},"geometry":{"type":"Polygon","coordinates":[[[-1.88388,50.72357],[-1.88603,50.7235],[-1.88707,50.72404],[-1.88786,50.72463],[-1.89039,50.72518],[-1.89618,50.726],[-1.89753,50.72641],[-1.89858,50.72703],[-1.89708,50.72872],[-1.89467,50.72973],[-1.89816,50.73238],[-1.89838,50.73475],[-1.89593,50.7373],[-1.89583,50.73849],[-1.89205,50.74232],[-1.88926,50.7442],[-1.88819,50.74684],[-1.88656,50.75147],[-1.88325,50.75348],[-1.88046,50.75492],[-1.87937,50.75443],[-1.87844,50.75568],[-1.87693,50.75747],[-1.87526,50.75906],[-1.87272,50.76028],[-1.86942,50.76056],[-1.86357,50.76236],[-1.85798,50.76518],[-1.85256,50.76316],[-1.85032,50.76309],[-1.84885,50.76234],[-1.84743,50.76438],[-1.84498,50.76273],[-1.83802,50.75963],[-1.83432,50.75792],[-1.82976,50.75702],[-1.82535,50.75699],[-1.82106,50.75714],[-1.81793,50.75697],[-1.81793,50.75584],[-1.81914,50.75202],[-1.81858,50.75082],[-1.8176,50.74991],[-1.81533,50.74771],[-1.81568,50.74636],[-1.81526,50.74512],[-1.81596,50.74413],[-1.81675,50.74331],[-1.81577,50.74288],[-1.81592,50.74248],[-1.81593,50.74218],[-1.81552,50.74071],[-1.81727,50.74049],[-1.81911,50.73997],[-1.82427,50.73698],[-1.8251,50.73538],[-1.8263,50.73393],[-1.82741,50.73429],[-1.82809,50.73396],[-1.83028,50.73281],[-1.8312,50.73256],[-1.83233,50.73267],[-1.83506,50.73178],[-1.83545,50.73254],[-1.83682,50.73235],[-1.84093,50.73495],[-1.84274,50.73648],[-1.84961,50.73325],[-1.85713,50.72959],[-1.86007,50.72806],[-1.8628,50.72539],[-1.86666,50.72648],[-1.86951,50.72453],[-1.87634,50.72341],[-1.87859,50.72347],[-1.88074,50.72388],[-1.88388,50.72357]]]}},{"type":"Feature","properties":{"source_code":"J81646","codes":["J81646"],"label":"GROVE SURGERY"},"geometry":{"type":"Polygon","coordinates":[[[-1.80742,50.76182],[-1.77472,50.76649],[-1.77292,50.761],[-1.77704,50.75622],[-1.77498,50.75112],[-1.77069,50.74417],[-1.77944,50.7358],[-1.78837,50.72928],[-1.79661,50.73124],[-1.79661,50.73885],[-1.8033,50.73961],[-1.80897,50.74178],[-1.81309,50.74384],[-1.81154,50.74884],[-1.81068,50.75231],[-1.80811,50.75601],[-1.80742,50.76182]]]}},{"type":"Feature","properties":{"source_code":"J81625","codes":["J81625"],"label":"DENMARK ROAD MEDICAL CENTRE"},"geometry":{"type":"Polygon","coordinates":[[[-1.90115,50.76882],[-1.89463,50.76763],[-1.89051,50.7673],[-1.88587,50.76763],[-1.88278,50.76665],[-1.88141,50.76459],[-1.87798,50.76306],[-1.87471,50.76198],[-1.87197,50.76209],[-1.86768,50.76306],[-1.86321,50.76502],[-1.86029,50.76752],[-1.85806,50.76871],[-1.85686,50.77099],[-1.8536,50.77284],[-1.85154,50.7737],[-1.84982,50.77218],[-1.84914,50.77077],[-1.84793,50.76915],[-1.84725,50.76632],[-1.84673,50.76448],[-1.8445,50.76274],[-1.83592,50.75796],[-1.83437,50.75742],[-1.8294,50.75688],[-1.82287,50.75698],[-1.81652,50.75427],[-1.81978,50.75307],[-1.82682,50.74873],[-1.83403,50.74341],[-1.83764,50.74069],[-1.84021,50.73754],[-1.84296,50.73548],[-1.84467,50.7345],[-1.85377,50.73059],[-1.86064,50.72755],[-1.86287,50.72613],[-1.86459,50.72722],[-1.86459,50.72559],[-1.86682,50.72374],[-1.87111,50.72407],[-1.87454,50.72418],[-1.88004,50.72276],[-1.88725,50.72309],[-1.88965,50.72331],[-1.89394,50.72494],[-1.90029,50.72635],[-1.90441,50.72722],[-1.90166,50.72874],[-1.89875,50.73178],[-1.89823,50.73396],[-1.89754,50.73591],[-1.90407,50.73863],[-1.91076,50.74612],[-1.90733,50.74992],[-1.90527,50.75383],[-1.90287,50.75666],[-1.90063,50.75829],[-1.90063,50.75992],[-1.90063,50.76252],[-1.90046,50.76621],[-1.90115,50.76882]]]}},{"type":"Feature","properties":{"source_code":"J81033","codes":["J81033"],"label":"TALBOT MEDICAL CENTRE"},"geometry":{"type":"MultiPolygon","coordinates":[[[[-1.87018,50.7599],[-1.87014,50.75999],[-1.85675,50.75435],[-1.87018,50.7599]]],[[[-1.87018,50.7599],[-1.87975,50.73632],[-1.87563,50.7311],[-1.92059,50.73414],[-1.94255,50.74674],[-1.9175,50.76998],[-1.88455,50.76781],[-1.8746,50.76173],[-1.87018,50.7599]]],[[[-1.8811,50.78123],[-1.88333,50.76842],[-1.91696,50.77027],[-1.90686,50.78561],[-1.8811,50.78123]]]]}},{"type":"Feature","properties":{"source_code":"J81633","codes":["J81633"],"label":"WOODLEA HOUSE SURGERY"},"geometry":{"type":"Polygon","coordinates":[[[-1.83695,50.75318],[-1.83025,50.75579],[-1.80656,50.74091],[-1.83249,50.73222],[-1.87918,50.7509],[-1.8766,50.76046],[-1.83764,50.75394],[-1.83695,50.75318]]]}},{"type":"Feature","properties":{"source_code":"J81039","codes":["J81039"],"label":"MOORDOWN MEDICAL CENTRE"},"geometry":{"type":"Polygon","coordinates":[[[-1.86769,50.726],[-1.8679,50.72668],[-1.86808,50.72701],[-1.86828,50.72731],[-1.8685,50.72764],[-1.86871,50.72792],[-1.86896,50.72827],[-1.86925,50.72864],[-1.86951,50.72893],[-1.86977,50.72916],[-1.87012,50.72944],[-1.8705,50.72972],[-1.87096,50.73001],[-1.87144,50.73028],[-1.87188,50.7305],[-1.87233,50.73072],[-1.87281,50.73089],[-1.87315,50.73102],[-1.87339,50.73117],[-1.87353,50.73132],[-1.87368,50.7316],[-1.8739,50.73183],[-1.87438,50.73213],[-1.87483,50.73245],[-1.87538,50.73281],[-1.87578,50.73308],[-1.87625,50.73338],[-1.87678,50.73374],[-1.87726,50.73404],[-1.87777,50.73437],[-1.87813,50.73463],[-1.87862,50.73493],[-1.87921,50.73532],[-1.87972,50.73566],[-1.88023,50.736],[-1.881,50.73642],[-1.88133,50.73659],[-1.88188,50.73691],[-1.8825,50.73724],[-1.88286,50.73742],[-1.88362,50.73782],[-1.88403,50.73805],[-1.88446,50.73829],[-1.88513,50.73864],[-1.88558,50.73888],[-1.88614,50.73916],[-1.88678,50.73952],[-1.88736,50.73983],[-1.88794,50.74016],[-1.88829,50.7402],[-1.8888,50.74028],[-1.88896,50.7405],[-1.88911,50.74068],[-1.88948,50.74094],[-1.89013,50.74129],[-1.89075,50.74161],[-1.89102,50.74176],[-1.89134,50.74194],[-1.89161,50.74212],[-1.89213,50.7425],[-1.89255,50.74274],[-1.8928,50.74293],[-1.89302,50.74306],[-1.89317,50.74313],[-1.89364,50.7433],[-1.89425,50.74342],[-1.89474,50.74352],[-1.8956,50.74367],[-1.89649,50.74384],[-1.89702,50.74392],[-1.89759,50.74392],[-1.8981,50.74385],[-1.899,50.74404],[-1.89929,50.74421],[-1.89966,50.74437],[-1.90011,50.74449],[-1.90084,50.74464],[-1.90184,50.74482],[-1.90246,50.74494],[-1.90332,50.7451],[-1.90447,50.74531],[-1.90547,50.7455],[-1.90651,50.7457],[-1.90728,50.74582],[-1.90797,50.74595],[-1.90868,50.74609],[-1.90956,50.74626],[-1.91025,50.74636],[-1.91068,50.7465],[-1.91041,50.7468],[-1.91025,50.747],[-1.90996,50.74732],[-1.9096,50.74774],[-1.90915,50.74823],[-1.90866,50.74877],[-1.90831,50.74916],[-1.90773,50.7498],[-1.90723,50.75035],[-1.90685,50.75081],[-1.9064,50.75132],[-1.90613,50.75157],[-1.90586,50.75193],[-1.90583,50.75212],[-1.90552,50.75243],[-1.90522,50.75268],[-1.90496,50.75292],[-1.90467,50.75326],[-1.90438,50.75362],[-1.90416,50.75389],[-1.9039,50.75416],[-1.90362,50.75447],[-1.9034,50.75472],[-1.90311,50.75508],[-1.90282,50.7554],[-1.90259,50.75569],[-1.90231,50.75601],[-1.902,50.75635],[-1.90157,50.75687],[-1.90124,50.75729],[-1.90108,50.75751],[-1.90091,50.75777],[-1.90077,50.75809],[-1.90072,50.75837],[-1.90067,50.75862],[-1.90061,50.75888],[-1.90055,50.75915],[-1.90053,50.75938],[-1.90059,50.75962],[-1.9007,50.75978],[-1.90092,50.75997],[-1.90131,50.76026],[-1.90145,50.76048],[-1.90154,50.76075],[-1.90161,50.76107],[-1.90171,50.76138],[-1.90185,50.7618],[-1.90197,50.76218],[-1.90205,50.76251],[-1.90223,50.76297],[-1.90238,50.76327],[-1.90243,50.76356],[-1.90236,50.76382],[-1.90227,50.7641],[-1.90217,50.76436],[-1.90208,50.7646],[-1.90197,50.76485],[-1.9019,50.76504],[-1.9018,50.76529],[-1.90174,50.76552],[-1.90176,50.7658],[-1.9018,50.76598],[-1.90183,50.76624],[-1.90181,50.76661],[-1.9018,50.76698],[-1.9018,50.76739],[-1.90179,50.7677],[-1.90172,50.76802],[-1.90153,50.7688],[-1.90147,50.76896],[-1.90022,50.76889],[-1.90001,50.76881],[-1.89942,50.76862],[-1.89876,50.76844],[-1.89835,50.76836],[-1.89792,50.76827],[-1.89719,50.76813],[-1.89636,50.76798],[-1.89596,50.7679],[-1.89537,50.7678],[-1.89462,50.76771],[-1.89388,50.76763],[-1.89305,50.76755],[-1.89259,50.7675],[-1.89211,50.76743],[-1.89161,50.76737],[-1.89117,50.76732],[-1.89065,50.76729],[-1.8901,50.76726],[-1.88954,50.76729],[-1.88916,50.76739],[-1.88878,50.76756],[-1.88839,50.76773],[-1.88791,50.76773],[-1.8873,50.7677],[-1.8868,50.7677],[-1.88612,50.76768],[-1.88534,50.7677],[-1.88478,50.76776],[-1.88372,50.76781],[-1.88375,50.76753],[-1.88368,50.76704],[-1.88323,50.76625],[-1.88274,50.76563],[-1.88187,50.765],[-1.88088,50.76458],[-1.88013,50.76427],[-1.87836,50.76357],[-1.87714,50.76308],[-1.87537,50.76417],[-1.87486,50.76414],[-1.87423,50.76383],[-1.87266,50.76267],[-1.87283,50.76291],[-1.87257,50.76306],[-1.87225,50.76314],[-1.87187,50.76306],[-1.87164,50.763],[-1.87132,50.76308],[-1.87066,50.76289],[-1.87001,50.76278],[-1.86968,50.76275],[-1.86927,50.76274],[-1.86881,50.7628],[-1.86861,50.76281],[-1.86833,50.76288],[-1.86793,50.76294],[-1.86747,50.76305],[-1.86706,50.76311],[-1.8667,50.76318],[-1.86652,50.7631],[-1.86636,50.76328],[-1.86611,50.763],[-1.86595,50.76268],[-1.86579,50.76242],[-1.86559,50.76225],[-1.86533,50.7622],[-1.86518,50.76209],[-1.86507,50.76188],[-1.86477,50.76198],[-1.86461,50.76225],[-1.86476,50.76274],[-1.86493,50.76334],[-1.86422,50.76371],[-1.86329,50.76383],[-1.86243,50.76326],[-1.86233,50.76331],[-1.86225,50.76334],[-1.86246,50.76372],[-1.8628,50.76432],[-1.86204,50.76463],[-1.86114,50.76491],[-1.86053,50.76423],[-1.86041,50.76414],[-1.86037,50.76393],[-1.8599,50.76419],[-1.85958,50.76432],[-1.85922,50.76442],[-1.85862,50.76455],[-1.85806,50.76462],[-1.85755,50.76466],[-1.85719,50.76465],[-1.85678,50.7646],[-1.85624,50.76447],[-1.85585,50.76434],[-1.85531,50.76414],[-1.85489,50.76393],[-1.85443,50.76375],[-1.85406,50.76358],[-1.85354,50.76338],[-1.85293,50.76322],[-1.85237,50.76313],[-1.85188,50.76312],[-1.8507,50.76315],[-1.85035,50.76311],[-1.84983,50.76295],[-1.84908,50.76258],[-1.84891,50.76277],[-1.84876,50.76295],[-1.84837,50.76349],[-1.84813,50.76384],[-1.84796,50.76405],[-1.84814,50.76426],[-1.84784,50.76443],[-1.84757,50.76438],[-1.8474,50.76434],[-1.84724,50.76429],[-1.84707,50.76412],[-1.8467,50.76373],[-1.8465,50.76351],[-1.84602,50.76306],[-1.84574,50.76296],[-1.84524,50.76278],[-1.8449,50.76266],[-1.84467,50.76253],[-1.84455,50.76237],[-1.8444,50.76239],[-1.84416,50.76235],[-1.84382,50.76223],[-1.84341,50.76206],[-1.8429,50.76173],[-1.84241,50.76138],[-1.84166,50.76099],[-1.84114,50.76075],[-1.8406,50.7605],[-1.84,50.76021],[-1.83926,50.75999],[-1.83866,50.75984],[-1.83822,50.75957],[-1.83786,50.75919],[-1.83759,50.75898],[-1.83772,50.75885],[-1.83796,50.7586],[-1.83831,50.75823],[-1.83876,50.75791],[-1.83898,50.7578],[-1.8394,50.75746],[-1.84004,50.75693],[-1.84056,50.75652],[-1.84112,50.75607],[-1.84169,50.7556],[-1.84343,50.75428],[-1.84381,50.75399],[-1.84442,50.75347],[-1.84498,50.75293],[-1.84569,50.75187],[-1.84606,50.75093],[-1.84663,50.74662],[-1.84669,50.7465],[-1.84678,50.74622],[-1.84684,50.74585],[-1.8468,50.74544],[-1.84671,50.74518],[-1.84653,50.74483],[-1.84615,50.74462],[-1.84552,50.74431],[-1.84499,50.74403],[-1.84435,50.74354],[-1.84462,50.74343],[-1.8454,50.74316],[-1.84623,50.74291],[-1.84738,50.74269],[-1.84839,50.74253],[-1.84991,50.74235],[-1.84995,50.74216],[-1.84998,50.7418],[-1.85008,50.74135],[-1.85012,50.74101],[-1.85016,50.74073],[-1.85026,50.74051],[-1.85047,50.74038],[-1.85075,50.74028],[-1.85123,50.74027],[-1.85197,50.74024],[-1.85251,50.7402],[-1.85308,50.74009],[-1.85337,50.73995],[-1.85367,50.73972],[-1.8538,50.73948],[-1.8538,50.7393],[-1.8538,50.73898],[-1.85381,50.73869],[-1.85347,50.73868],[-1.85328,50.73856],[-1.85311,50.73846],[-1.85259,50.73844],[-1.85211,50.73843],[-1.85172,50.73842],[-1.85108,50.73838],[-1.85078,50.7383],[-1.85061,50.73817],[-1.85056,50.73796],[-1.85061,50.73766],[-1.85066,50.73736],[-1.85059,50.73709],[-1.85034,50.73684],[-1.85039,50.73669],[-1.85067,50.7366],[-1.85093,50.73651],[-1.8513,50.73634],[-1.85159,50.73619],[-1.85153,50.73606],[-1.85115,50.73578],[-1.85084,50.73548],[-1.85071,50.73519],[-1.85073,50.73491],[-1.85079,50.73453],[-1.85058,50.73405],[-1.85131,50.73375],[-1.8521,50.73341],[-1.85319,50.7329],[-1.85389,50.73255],[-1.85482,50.73204],[-1.85592,50.73142],[-1.85679,50.73091],[-1.85775,50.73043],[-1.85891,50.72992],[-1.86018,50.72946],[-1.8614,50.7292],[-1.864,50.72886],[-1.86488,50.72854],[-1.86574,50.72801],[-1.86625,50.72753],[-1.86659,50.72717],[-1.86704,50.72685],[-1.86738,50.72642],[-1.86769,50.726]]]}},{"type":"Feature","properties":{"source_code":"J82007","codes":["J82007"],"label":"COASTAL MEDICAL PARTNERSHIP"},"geometry":{"type":"MultiPolygon","coordinates":[[[[-1.61139,50.7509],[-1.61396,50.74992],[-1.61705,50.75036],[-1.6186,50.74721],[-1.61963,50.74449],[-1.61963,50.74232],[-1.61963,50.74091],[-1.62271,50.74058],[-1.62529,50.74124],[-1.62563,50.74319],[-1.6258,50.74536],[-1.62649,50.74743],[-1.62804,50.7484],[-1.6313,50.74851],[-1.63456,50.74808],[-1.63696,50.74754],[-1.63954,50.74754],[-1.64177,50.74764],[-1.64537,50.74819],[-1.64881,50.74808],[-1.6507,50.74819],[-1.65207,50.74699],[-1.65379,50.74623],[-1.65791,50.74612],[-1.66014,50.74699],[-1.66254,50.74775],[-1.66563,50.74743],[-1.66855,50.74634],[-1.67095,50.7458],[-1.6737,50.74504],[-1.67713,50.74471],[-1.67971,50.74406],[-1.68194,50.74352],[-1.68383,50.7433],[-1.68589,50.74449],[-1.6876,50.74525],[-1.62169,50.76165],[-1.61963,50.75992],[-1.61757,50.7584],[-1.61362,50.75644],[-1.60709,50.75264],[-1.61139,50.7509]]],[[[-1.62239,50.76234],[-1.62134,50.76176],[-1.62186,50.76165],[-1.62239,50.76234]]],[[[-1.62239,50.76234],[-1.68056,50.79443],[-1.65413,50.78706],[-1.65739,50.78423],[-1.65121,50.78369],[-1.64623,50.78228],[-1.64177,50.78109],[-1.63782,50.77881],[-1.63525,50.77664],[-1.6325,50.77457],[-1.63267,50.7737],[-1.63439,50.77338],[-1.62718,50.76784],[-1.62495,50.76567],[-1.62239,50.76234]]],[[[-1.68125,50.79454],[-1.68777,50.74536],[-1.68863,50.74678],[-1.69052,50.74775],[-1.69241,50.74851],[-1.6943,50.74938],[-1.69584,50.75003],[-1.69773,50.75047],[-1.69962,50.75123],[-1.70528,50.75427],[-1.70958,50.75666],[-1.70494,50.75818],[-1.70168,50.76057],[-1.69842,50.76317],[-1.69722,50.76719],[-1.69601,50.77598],[-1.69447,50.78412],[-1.69378,50.7863],[-1.68726,50.79053],[-1.6828,50.79324],[-1.68125,50.79454]]]]}},{"type":"Feature","properties":{"source_code":"J82075","codes":["J82075"],"label":"CHAWTON HOUSE SURGERY"},"geometry":{"type":"MultiPolygon","coordinates":[[[[-1.47748,50.81842],[-1.47777,50.8181],[-1.47526,50.81396],[-1.47045,50.81168],[-1.46376,50.80876],[-1.45432,50.80463],[-1.44676,50.80105],[-1.43543,50.79335],[-1.43217,50.78933],[-1.42874,50.7851],[-1.4253,50.77902],[-1.42033,50.77544],[-1.41741,50.77197],[-1.4138,50.76871],[-1.41432,50.76741],[-1.4205,50.76643],[-1.42668,50.76578],[-1.43423,50.76524],[-1.43955,50.76437],[-1.44281,50.76339],[-1.44796,50.76241],[-1.45861,50.76209],[-1.46221,50.76111],[-1.46599,50.75992],[-1.47646,50.7585],[-1.48504,50.75568],[-1.48521,50.75383],[-1.48796,50.75166],[-1.49242,50.75003],[-1.50118,50.74786],[-1.51096,50.74601],[-1.52023,50.74102],[-1.53345,50.73548],[-1.53946,50.73102],[-1.54924,50.72429],[-1.56496,50.72121],[-1.56512,50.72103],[-1.56787,50.72195],[-1.5695,50.72293],[-1.57276,50.72352],[-1.57285,50.7251],[-1.57371,50.72668],[-1.57619,50.72869],[-1.57903,50.73075],[-1.58049,50.73233],[-1.5816,50.73363],[-1.58203,50.73477],[-1.58255,50.73613],[-1.58383,50.73727],[-1.58521,50.7383],[-1.58692,50.73966],[-1.58692,50.74091],[-1.58718,50.74205],[-1.58787,50.74259],[-1.58847,50.7433],[-1.58881,50.74373],[-1.59053,50.74341],[-1.59199,50.74373],[-1.59379,50.74384],[-1.59473,50.74417],[-1.59654,50.74439],[-1.59817,50.74433],[-1.5998,50.74433],[-1.6016,50.74422],[-1.60375,50.74352],[-1.60503,50.74286],[-1.60666,50.74248],[-1.60864,50.74238],[-1.61113,50.74216],[-1.61293,50.74183],[-1.61542,50.74091],[-1.61945,50.74058],[-1.6198,50.74167],[-1.62023,50.74292],[-1.61954,50.74428],[-1.61911,50.74563],[-1.61834,50.74667],[-1.61791,50.74781],[-1.61791,50.74906],[-1.61714,50.75079],[-1.61757,50.75242],[-1.61894,50.75329],[-1.61971,50.75389],[-1.6204,50.7547],[-1.62108,50.75481],[-1.62194,50.75438],[-1.62332,50.75508],[-1.62443,50.75622],[-1.62606,50.7572],[-1.62709,50.75769],[-1.62804,50.75823],[-1.62804,50.75878],[-1.62795,50.75948],[-1.62692,50.76008],[-1.62486,50.76062],[-1.62349,50.76127],[-1.62203,50.76165],[-1.62306,50.76317],[-1.62374,50.76459],[-1.62486,50.76583],[-1.62555,50.76654],[-1.62675,50.76735],[-1.62761,50.76822],[-1.63001,50.76974],[-1.6313,50.77072],[-1.63284,50.77197],[-1.6343,50.77327],[-1.63087,50.77343],[-1.62795,50.77322],[-1.62555,50.77332],[-1.62169,50.77343],[-1.6198,50.77398],[-1.61808,50.77365],[-1.61628,50.77338],[-1.61439,50.7737],[-1.61327,50.77408],[-1.6137,50.7749],[-1.61233,50.77528],[-1.61139,50.77577],[-1.6095,50.77598],[-1.60744,50.77702],[-1.60666,50.77799],[-1.60563,50.77902],[-1.60495,50.78027],[-1.60383,50.78125],[-1.60246,50.78157],[-1.60057,50.78358],[-1.60074,50.78483],[-1.60083,50.78619],[-1.60006,50.78695],[-1.59945,50.78792],[-1.59782,50.78738],[-1.59671,50.78651],[-1.59448,50.78581],[-1.59345,50.78526],[-1.59164,50.7851],[-1.59044,50.78483],[-1.58976,50.78526],[-1.5883,50.78526],[-1.58667,50.78418],[-1.58521,50.78488],[-1.5828,50.7851],[-1.58057,50.78532],[-1.57903,50.78521],[-1.57825,50.78494],[-1.57697,50.78445],[-1.57645,50.78402],[-1.57551,50.7838],[-1.5725,50.78326],[-1.5713,50.78331],[-1.57019,50.78353],[-1.57096,50.78456],[-1.57259,50.78521],[-1.57413,50.78613],[-1.57439,50.78673],[-1.5731,50.78803],[-1.57268,50.78879],[-1.57207,50.78999],[-1.57122,50.79096],[-1.56976,50.79194],[-1.56813,50.79254],[-1.56778,50.79308],[-1.56864,50.79443],[-1.56984,50.79666],[-1.57062,50.79818],[-1.57165,50.79943],[-1.57199,50.80056],[-1.56469,50.80246],[-1.55422,50.80463],[-1.54718,50.80648],[-1.53757,50.80897],[-1.52641,50.81082],[-1.518,50.81244],[-1.5053,50.81537],[-1.49809,50.81624],[-1.49002,50.81743],[-1.48144,50.81797],[-1.47748,50.81842]]],[[[-1.47748,50.81842],[-1.47612,50.81993],[-1.47663,50.81852],[-1.47748,50.81842]]]]}},{"type":"Feature","properties":{"source_code":"J82139","codes":["J82139"],"label":"WISTARIA & MILFORD SURGERIES"},"geometry":{"type":"Polygon","coordinates":[[[-1.4502,50.81928],[-1.42037,50.8058],[-1.39466,50.77517],[-1.4886,50.74952],[-1.51235,50.74294],[-1.52922,50.73332],[-1.5461,50.72087],[-1.54787,50.70581],[-1.56658,50.70907],[-1.58529,50.71885],[-1.61482,50.72535],[-1.65198,50.73435],[-1.6431,50.73863],[-1.6355,50.742],[-1.62722,50.74659],[-1.62601,50.74103],[-1.61896,50.74004],[-1.62033,50.74425],[-1.61791,50.74869],[-1.61517,50.75326],[-1.61467,50.75407],[-1.61336,50.75529],[-1.61284,50.75618],[-1.61035,50.75934],[-1.61061,50.76256],[-1.60683,50.76283],[-1.59129,50.76399],[-1.59137,50.76395],[-1.59169,50.76395],[-1.59152,50.76388],[-1.59137,50.76395],[-1.59122,50.76395],[-1.58514,50.76719],[-1.5787,50.76891],[-1.58198,50.77451],[-1.5863,50.78431],[-1.58456,50.78526],[-1.57906,50.78513],[-1.57579,50.78371],[-1.56883,50.78347],[-1.56566,50.78192],[-1.5633,50.78315],[-1.56025,50.78372],[-1.56958,50.79599],[-1.5586,50.79497],[-1.55429,50.79247],[-1.55033,50.79257],[-1.5471,50.7917],[-1.54421,50.79159],[-1.53999,50.79202],[-1.5369,50.7874],[-1.53538,50.78259],[-1.52957,50.78365],[-1.52842,50.78523],[-1.52573,50.78595],[-1.52523,50.78522],[-1.52493,50.78428],[-1.52349,50.78167],[-1.52067,50.78257],[-1.51767,50.78341],[-1.5126,50.78176],[-1.50658,50.78524],[-1.49213,50.80382],[-1.4746,50.81263],[-1.4502,50.81928]]]}},{"type":"Feature","properties":{"source_code":"J81041","codes":["J81041"],"label":"THE HADLEIGH PRACTICE"},"geometry":{"type":"MultiPolygon","coordinates":[[[[-2.06479,50.73053],[-2.06792,50.72717],[-2.07187,50.72787],[-2.06861,50.73276],[-2.06453,50.73205],[-2.06479,50.73053]]],[[[-2.06251,50.8068],[-2.04818,50.78619],[-2.07144,50.7863],[-2.04818,50.78613],[-2.0347,50.78488],[-2.02226,50.78716],[-1.99625,50.79281],[-1.97968,50.78678],[-1.96252,50.79281],[-1.95608,50.79107],[-1.9523,50.79064],[-1.9566,50.78043],[-1.94441,50.77577],[-1.94801,50.754],[-1.95909,50.73977],[-1.97488,50.73792],[-1.9826,50.73917],[-1.98655,50.73879],[-1.99419,50.73542],[-2.01453,50.73966],[-2.02921,50.7433],[-2.03994,50.74243],[-2.04277,50.74136],[-2.0362,50.7427],[-2.02925,50.74297],[-2.012,50.73885],[-2.02067,50.72994],[-2.04805,50.73694],[-2.04599,50.73961],[-2.04318,50.74121],[-2.04569,50.74026],[-2.05127,50.73336],[-2.06088,50.73129],[-2.08895,50.73738],[-2.1068,50.75036],[-2.10972,50.79378],[-2.10191,50.79221],[-2.07796,50.80366],[-2.06251,50.8068]]],[[[-1.94982,50.8023],[-1.95093,50.7985],[-1.96295,50.79948],[-1.9681,50.79791],[-1.96286,50.793],[-1.97943,50.78722],[-1.99093,50.79178],[-1.99719,50.79302],[-2.00586,50.79112],[-1.99144,50.79981],[-1.99994,50.80545],[-1.98655,50.80762],[-1.95745,50.80973],[-1.95883,50.80328],[-1.94982,50.8023]]]]}},{"type":"Feature","properties":{"source_code":"J81046","codes":["J81046"],"label":"THE HARVEY PRACTICE"},"geometry":{"type":"Polygon","coordinates":[[[-2.07298,50.78706],[-1.93977,50.8029],[-1.90716,50.7864],[-1.94767,50.75427],[-1.98441,50.71842],[-1.99436,50.7358],[-2.03453,50.74319],[-2.07298,50.78706]]]}},{"type":"Feature","properties":{"source_code":"J81047","codes":["J81047"],"label":"JAMES FISHER MEDICAL CENTRE"},"geometry":{"type":"Polygon","coordinates":[[[-1.88175,50.78119],[-1.81498,50.75861],[-1.81538,50.75829],[-1.8191,50.75188],[-1.82913,50.74737],[-1.83043,50.74634],[-1.83089,50.74658],[-1.83094,50.74656],[-1.84802,50.73526],[-1.86785,50.72657],[-1.87368,50.73167],[-1.8936,50.7333],[-1.90184,50.73211],[-1.91145,50.74254],[-1.91042,50.74656],[-1.84612,50.75458],[-1.84616,50.7546],[-1.9099,50.74667],[-1.92055,50.76556],[-1.90647,50.78532],[-1.86792,50.76601],[-1.90664,50.7863],[-1.88175,50.78119]]]}},{"type":"Feature","properties":{"source_code":"J81045","codes":["J81045"],"label":"KINSON ROAD MEDICAL CENTRE"},"geometry":{"type":"Polygon","coordinates":[[[-1.88098,50.78684],[-1.88235,50.77653],[-1.88793,50.77262],[-1.88416,50.76773],[-1.88168,50.76455],[-1.87581,50.76273],[-1.86321,50.76233],[-1.86205,50.7613],[-1.86261,50.75986],[-1.85896,50.7591],[-1.85695,50.76],[-1.85326,50.75864],[-1.85776,50.75446],[-1.86017,50.75161],[-1.86107,50.74792],[-1.86484,50.73689],[-1.87398,50.732],[-1.88544,50.73325],[-1.90042,50.7329],[-1.90076,50.73298],[-1.91583,50.73569],[-1.92098,50.73458],[-1.94269,50.74596],[-1.93587,50.77265],[-1.93784,50.77389],[-1.93205,50.77598],[-1.93031,50.77965],[-1.92996,50.77954],[-1.9251,50.78261],[-1.9087,50.78141],[-1.90724,50.78722],[-1.90098,50.79438],[-1.89488,50.79812],[-1.89059,50.80127],[-1.88381,50.79796],[-1.88707,50.79134],[-1.88098,50.78684]]]}},{"type":"Feature","properties":{"source_code":"J82151","codes":["J82151"],"label":"TWIN OAKS MEDICAL CENTRE"},"geometry":{"type":"Polygon","coordinates":[[[-1.7676,50.84318],[-1.76365,50.84302],[-1.75653,50.84345],[-1.74949,50.84643],[-1.74691,50.84806],[-1.74485,50.84974],[-1.74032,50.85077],[-1.72966,50.85451],[-1.6301,50.85147],[-1.6452,50.83803],[-1.64932,50.82893],[-1.65619,50.82069],[-1.66031,50.81374],[-1.67164,50.8055],[-1.67662,50.79921],[-1.68846,50.78901],[-1.69464,50.7864],[-1.69739,50.76773],[-1.69876,50.76296],[-1.70769,50.75688],[-1.72142,50.75297],[-1.73241,50.74862],[-1.73979,50.7483],[-1.74249,50.74783],[-1.74357,50.75009],[-1.74395,50.75343],[-1.7458,50.75964],[-1.74683,50.76111],[-1.74924,50.76372],[-1.75353,50.76817],[-1.76297,50.77506],[-1.76726,50.77338],[-1.77034,50.77246],[-1.76914,50.77007],[-1.77163,50.76844],[-1.77566,50.76681],[-1.77773,50.77023],[-1.78631,50.77859],[-1.78871,50.77981],[-1.79043,50.78233],[-1.79283,50.78608],[-1.79523,50.79096],[-1.79408,50.79258],[-1.79292,50.79397],[-1.79163,50.79568],[-1.79043,50.7965],[-1.78802,50.80138],[-1.79111,50.80561],[-1.79077,50.81027],[-1.79103,50.81347],[-1.79094,50.81667],[-1.78983,50.8202],[-1.78734,50.82199],[-1.78391,50.82893],[-1.78296,50.83429],[-1.77515,50.83489],[-1.76975,50.83478],[-1.77207,50.83847],[-1.77241,50.83999],[-1.77052,50.84129],[-1.77001,50.8428],[-1.7676,50.84318]]]}},{"type":"Feature","properties":{"source_code":"J81034","codes":["J81034"],"label":"THE QUARTER JACK SURGERY"},"geometry":{"type":"Polygon","coordinates":[[[-2.03625,50.78583],[-2.06343,50.80375],[-2.09405,50.81429],[-2.10895,50.83164],[-2.09375,50.88116],[-2.02294,50.90368],[-1.96827,50.91559],[-1.9487,50.90715],[-1.93668,50.87119],[-1.896,50.85104],[-1.89437,50.82134],[-1.90124,50.81837],[-1.90528,50.81699],[-1.90725,50.8154],[-1.90955,50.81402],[-1.91095,50.81153],[-1.9119,50.81008],[-1.91319,50.80878],[-1.91321,50.80598],[-1.91199,50.80315],[-1.91182,50.8003],[-1.92307,50.79224],[-1.91839,50.79081],[-1.91406,50.78916],[-1.91044,50.78793],[-1.90685,50.78623],[-1.90887,50.78605],[-1.95519,50.78431],[-1.9559,50.78149],[-1.95836,50.78152],[-1.96073,50.7815],[-1.96254,50.78101],[-1.96366,50.78053],[-1.96604,50.77956],[-1.96719,50.77841],[-1.9686,50.77726],[-1.97057,50.77683],[-1.97572,50.7776],[-1.9783,50.77783],[-1.98067,50.7783],[-1.9802,50.78255],[-1.98242,50.78233],[-1.9842,50.78195],[-1.99347,50.77993],[-1.99739,50.77225],[-1.99948,50.76827],[-1.99925,50.76724],[-2.00045,50.76666],[-1.99858,50.76472],[-2.00414,50.7627],[-2.01006,50.76089],[-2.01296,50.76085],[-2.01729,50.76016],[-2.02228,50.76235],[-2.02369,50.76135],[-2.03063,50.75813],[-2.03406,50.7574],[-2.03351,50.75804],[-2.03405,50.75931],[-2.03064,50.75922],[-2.03152,50.76236],[-2.03026,50.76518],[-2.03242,50.76865],[-2.03098,50.76951],[-2.03343,50.7714],[-2.03787,50.7729],[-2.03643,50.77588],[-2.03625,50.78583]]]}},{"type":"Feature","properties":{"source_code":"J81002","codes":["J81002"],"label":"ORCHID HOUSE SURGERY"},"geometry":{"type":"Polygon","coordinates":[[[-1.93947,50.80238],[-1.93867,50.80366],[-1.93735,50.80482],[-1.93424,50.80729],[-1.9307,50.80943],[-1.92673,50.81141],[-1.92362,50.81267],[-1.92103,50.81365],[-1.91653,50.8154],[-1.91479,50.81604],[-1.91339,50.81648],[-1.91105,50.81732],[-1.9088,50.81806],[-1.90643,50.81852],[-1.90184,50.81873],[-1.89548,50.82334],[-1.89746,50.82914],[-1.88905,50.83744],[-1.8842,50.83833],[-1.87977,50.83278],[-1.87706,50.82728],[-1.87736,50.82679],[-1.87808,50.82636],[-1.87618,50.82568],[-1.87433,50.82523],[-1.87316,50.82462],[-1.87277,50.82401],[-1.87066,50.82285],[-1.86506,50.82074],[-1.86484,50.81639],[-1.86677,50.81366],[-1.86733,50.80846],[-1.86561,50.8042],[-1.87427,50.79786],[-1.8765,50.79453],[-1.8777,50.79103],[-1.87821,50.78727],[-1.87838,50.78525],[-1.87924,50.78366],[-1.87901,50.78242],[-1.87896,50.78192],[-1.87929,50.78162],[-1.87832,50.78164],[-1.87675,50.78161],[-1.87522,50.78147],[-1.87532,50.78128],[-1.87573,50.77909],[-1.87612,50.77854],[-1.87678,50.77817],[-1.87757,50.77714],[-1.87789,50.77679],[-1.87804,50.77634],[-1.87815,50.77557],[-1.87816,50.77521],[-1.87825,50.7749],[-1.8785,50.77488],[-1.87844,50.77532],[-1.87837,50.77577],[-1.87818,50.77673],[-1.87763,50.77746],[-1.87735,50.77781],[-1.87715,50.77824],[-1.87679,50.77847],[-1.87641,50.77868],[-1.87619,50.77878],[-1.87609,50.77894],[-1.87603,50.77915],[-1.87593,50.7795],[-1.87586,50.77977],[-1.87581,50.78011],[-1.87574,50.78056],[-1.87563,50.78136],[-1.87738,50.78145],[-1.87898,50.78141],[-1.88247,50.78137],[-1.88327,50.78129],[-1.88407,50.78123],[-1.88487,50.78122],[-1.88614,50.78124],[-1.88733,50.78126],[-1.88814,50.78151],[-1.89093,50.78278],[-1.89294,50.78342],[-1.8945,50.78356],[-1.89616,50.78389],[-1.89765,50.78454],[-1.89818,50.78481],[-1.89889,50.785],[-1.90046,50.78517],[-1.90212,50.78533],[-1.9036,50.78575],[-1.90527,50.78635],[-1.90598,50.78657],[-1.90664,50.78649],[-1.90715,50.78607],[-1.90757,50.78535],[-1.90773,50.78464],[-1.90788,50.78402],[-1.90774,50.78334],[-1.90766,50.78215],[-1.90804,50.7816],[-1.90857,50.78102],[-1.90889,50.78066],[-1.90898,50.78046],[-1.90895,50.78018],[-1.90873,50.77972],[-1.90851,50.77832],[-1.90834,50.77757],[-1.90854,50.77681],[-1.90889,50.77649],[-1.90933,50.77625],[-1.91005,50.77601],[-1.91026,50.77613],[-1.9095,50.77645],[-1.90907,50.77667],[-1.90889,50.77692],[-1.9087,50.77724],[-1.90864,50.77764],[-1.9087,50.77839],[-1.90874,50.77867],[-1.90887,50.77896],[-1.90904,50.7795],[-1.90917,50.78016],[-1.90905,50.78075],[-1.90887,50.78093],[-1.9086,50.78117],[-1.90837,50.78149],[-1.9081,50.78183],[-1.90801,50.78217],[-1.90796,50.78287],[-1.90805,50.78361],[-1.90801,50.78491],[-1.90758,50.78613],[-1.90817,50.78655],[-1.90886,50.78682],[-1.90939,50.78682],[-1.90951,50.78714],[-1.91027,50.78746],[-1.91139,50.78788],[-1.9157,50.78937],[-1.91924,50.7907],[-1.9217,50.79125],[-1.92398,50.79213],[-1.92552,50.79296],[-1.92697,50.79366],[-1.92944,50.79463],[-1.93293,50.79716],[-1.93639,50.79964],[-1.93947,50.80238]]]}},{"type":"Feature","properties":{"source_code":"J81061","codes":["J81061"],"label":"PENNY'S HILL PRACTICE"},"geometry":{"type":"Polygon","coordinates":[[[-1.90161,50.78209],[-1.90153,50.78209],[-1.9017,50.78213],[-1.90161,50.78209],[-1.90194,50.78211],[-1.90177,50.78224],[-1.90207,50.78238],[-1.90224,50.78251],[-1.90238,50.78245],[-1.90265,50.78257],[-1.90276,50.78253],[-1.90276,50.78267],[-1.90283,50.78273],[-1.90295,50.78281],[-1.90315,50.78289],[-1.90336,50.78293],[-1.9036,50.78294],[-1.90386,50.78301],[-1.90398,50.78304],[-1.90405,50.78311],[-1.90417,50.78314],[-1.90415,50.78315],[-1.90422,50.78321],[-1.90422,50.78316],[-1.9043,50.78321],[-1.90443,50.78334],[-1.90465,50.78353],[-1.90488,50.78408],[-1.90475,50.78375],[-1.90503,50.78434],[-1.90549,50.78472],[-1.90622,50.78651],[-1.90677,50.78644],[-1.90719,50.78607],[-1.90756,50.78611],[-1.90898,50.78681],[-1.90953,50.78681],[-1.90978,50.7871],[-1.91259,50.78823],[-1.91454,50.78523],[-1.91681,50.78302],[-1.91698,50.78262],[-1.91716,50.78135],[-1.91797,50.78041],[-1.918,50.78016],[-1.91887,50.77953],[-1.919,50.77986],[-1.91862,50.7803],[-1.91842,50.78067],[-1.91864,50.78119],[-1.91907,50.78175],[-1.91945,50.78204],[-1.9196,50.78228],[-1.9196,50.78267],[-1.91926,50.78304],[-1.91892,50.78356],[-1.91898,50.7838],[-1.91935,50.7841],[-1.92003,50.78422],[-1.92068,50.78421],[-1.92128,50.78404],[-1.92201,50.78354],[-1.92265,50.78347],[-1.92338,50.78356],[-1.92392,50.78356],[-1.92452,50.78331],[-1.92508,50.7828],[-1.92535,50.7821],[-1.92557,50.78167],[-1.92619,50.78121],[-1.92688,50.7809],[-1.92769,50.78065],[-1.92894,50.7805],[-1.92937,50.78049],[-1.93035,50.78037],[-1.93151,50.78018],[-1.93246,50.78011],[-1.93282,50.78024],[-1.93299,50.78064],[-1.93327,50.78086],[-1.93394,50.78118],[-1.93443,50.78164],[-1.93505,50.78212],[-1.93559,50.7822],[-1.93645,50.78252],[-1.93692,50.78275],[-1.93724,50.78309],[-1.93741,50.78366],[-1.93733,50.78387],[-1.93696,50.78437],[-1.93662,50.7849],[-1.93675,50.78513],[-1.93698,50.78533],[-1.93791,50.78574],[-1.93885,50.78627],[-1.93889,50.78654],[-1.93868,50.78677],[-1.93741,50.78746],[-1.93707,50.78794],[-1.93673,50.78859],[-1.93658,50.78881],[-1.93606,50.78984],[-1.93565,50.79125],[-1.93555,50.79195],[-1.9352,50.79289],[-1.93507,50.79403],[-1.93527,50.79521],[-1.93572,50.79586],[-1.93585,50.79622],[-1.93589,50.79716],[-1.93623,50.79754],[-1.93718,50.79807],[-1.93756,50.79827],[-1.93769,50.79876],[-1.93806,50.79911],[-1.93844,50.79926],[-1.93842,50.79966],[-1.93831,50.80031],[-1.93819,50.8009],[-1.93799,50.80103],[-1.93866,50.80183],[-1.93898,50.80192],[-1.93864,50.80216],[-1.93861,50.80252],[-1.93881,50.80271],[-1.93879,50.80294],[-1.93883,50.80287],[-1.93881,50.80266],[-1.93867,50.80252],[-1.93863,50.80234],[-1.93869,50.80218],[-1.93953,50.80225],[-1.94001,50.80227],[-1.94013,50.80216],[-1.94034,50.8021],[-1.94101,50.80193],[-1.94147,50.80182],[-1.94197,50.80165],[-1.94261,50.80137],[-1.94318,50.80108],[-1.94433,50.80052],[-1.94478,50.80028],[-1.94501,50.80011],[-1.94521,50.79994],[-1.94552,50.79971],[-1.9458,50.79953],[-1.94627,50.79942],[-1.94673,50.79931],[-1.9472,50.79928],[-1.9476,50.79924],[-1.94788,50.79922],[-1.94816,50.79919],[-1.9486,50.79915],[-1.94955,50.79907],[-1.95008,50.79902],[-1.95064,50.79891],[-1.95113,50.7988],[-1.95167,50.79863],[-1.95208,50.79847],[-1.95266,50.79838],[-1.95323,50.79836],[-1.95383,50.7984],[-1.95641,50.79868],[-1.95895,50.79901],[-1.95968,50.79912],[-1.96042,50.79919],[-1.96114,50.79926],[-1.96185,50.7993],[-1.96216,50.79932],[-1.96246,50.79933],[-1.96277,50.79936],[-1.96311,50.79933],[-1.96433,50.79912],[-1.96488,50.79904],[-1.96543,50.79888],[-1.96646,50.79856],[-1.96675,50.7993],[-1.96702,50.80004],[-1.96725,50.80067],[-1.96732,50.8009],[-1.96757,50.80096],[-1.96787,50.80106],[-1.96828,50.80124],[-1.96865,50.80145],[-1.96888,50.80169],[-1.96914,50.80192],[-1.96927,50.80204],[-1.96949,50.80251],[-1.96968,50.80287],[-1.9698,50.80306],[-1.96996,50.80325],[-1.97,50.80383],[-1.97012,50.80447],[-1.97022,50.80477],[-1.97029,50.80491],[-1.97048,50.80558],[-1.97064,50.80594],[-1.97084,50.80622],[-1.97124,50.80656],[-1.97032,50.80691],[-1.96937,50.80737],[-1.96841,50.80774],[-1.96771,50.80794],[-1.96719,50.80815],[-1.96682,50.80874],[-1.96662,50.80902],[-1.96615,50.80977],[-1.96573,50.81042],[-1.9654,50.81096],[-1.96506,50.81152],[-1.96446,50.81228],[-1.96367,50.81301],[-1.96318,50.81332],[-1.96259,50.81354],[-1.96196,50.81371],[-1.96055,50.81437],[-1.95958,50.81508],[-1.95876,50.81574],[-1.95714,50.81713],[-1.95701,50.81733],[-1.95693,50.81761],[-1.9568,50.81829],[-1.95615,50.81946],[-1.95584,50.82008],[-1.95549,50.82073],[-1.95545,50.82093],[-1.9546,50.82193],[-1.95421,50.8224],[-1.95318,50.82335],[-1.9527,50.82388],[-1.95234,50.8244],[-1.95121,50.82368],[-1.95005,50.82296],[-1.94775,50.82175],[-1.9471,50.82139],[-1.94646,50.82104],[-1.94607,50.82059],[-1.94572,50.82012],[-1.9452,50.81928],[-1.94494,50.81892],[-1.9445,50.81853],[-1.94364,50.81775],[-1.94318,50.81736],[-1.94268,50.8171],[-1.94181,50.81677],[-1.94064,50.81662],[-1.93843,50.81639],[-1.93755,50.81618],[-1.93678,50.81598],[-1.93603,50.81576],[-1.93528,50.81559],[-1.93443,50.81556],[-1.9336,50.81566],[-1.93345,50.8155],[-1.93339,50.81527],[-1.93324,50.81486],[-1.93288,50.8135],[-1.93265,50.81274],[-1.9325,50.81233],[-1.93234,50.81199],[-1.93196,50.81147],[-1.93172,50.81124],[-1.93146,50.81096],[-1.93093,50.81049],[-1.93001,50.80953],[-1.93021,50.80942],[-1.93073,50.80914],[-1.93143,50.80872],[-1.93073,50.80913],[-1.92995,50.80951],[-1.92759,50.81069],[-1.92595,50.8114],[-1.9249,50.81182],[-1.92192,50.81305],[-1.91853,50.81437],[-1.91608,50.81525],[-1.91306,50.81632],[-1.91038,50.81726],[-1.9089,50.81778],[-1.90701,50.81818],[-1.90645,50.81814],[-1.90613,50.81808],[-1.90581,50.81816],[-1.90557,50.81827],[-1.90533,50.8183],[-1.90362,50.81827],[-1.8995,50.81819],[-1.89727,50.81812],[-1.89525,50.81789],[-1.89381,50.81768],[-1.89186,50.81728],[-1.89085,50.817],[-1.88991,50.81724],[-1.88958,50.8175],[-1.88928,50.81773],[-1.88877,50.81787],[-1.88845,50.81806],[-1.88808,50.81864],[-1.88712,50.8194],[-1.8863,50.82013],[-1.88624,50.82048],[-1.88652,50.8212],[-1.88697,50.82231],[-1.88744,50.82344],[-1.88806,50.82403],[-1.88907,50.82534],[-1.88946,50.82796],[-1.89001,50.83169],[-1.89018,50.83345],[-1.88995,50.83436],[-1.88961,50.83513],[-1.88954,50.83553],[-1.8895,50.83646],[-1.88948,50.837],[-1.88911,50.83733],[-1.88832,50.83757],[-1.88694,50.83778],[-1.88514,50.83809],[-1.88437,50.83829],[-1.88396,50.83873],[-1.88394,50.83924],[-1.88426,50.8402],[-1.88336,50.84032],[-1.88306,50.84038],[-1.88229,50.8403],[-1.88177,50.84039],[-1.88171,50.84081],[-1.87508,50.84592],[-1.87454,50.84587],[-1.87413,50.84587],[-1.87388,50.84606],[-1.87381,50.84633],[-1.87371,50.84676],[-1.87358,50.84704],[-1.86783,50.84565],[-1.86459,50.84485],[-1.86362,50.84463],[-1.86306,50.84448],[-1.86225,50.84402],[-1.86051,50.84307],[-1.85914,50.84234],[-1.85828,50.84188],[-1.85879,50.84161],[-1.8588,50.8416],[-1.85821,50.84187],[-1.85698,50.84143],[-1.85572,50.84114],[-1.85415,50.84115],[-1.8526,50.84129],[-1.85078,50.84153],[-1.84954,50.84159],[-1.84904,50.84165],[-1.84849,50.8416],[-1.84561,50.84154],[-1.84276,50.84146],[-1.83712,50.84126],[-1.83256,50.84105],[-1.82802,50.84085],[-1.82564,50.84071],[-1.82321,50.84067],[-1.82005,50.84051],[-1.81779,50.84038],[-1.81568,50.84025],[-1.81498,50.83999],[-1.81451,50.8397],[-1.81428,50.83927],[-1.81429,50.83905],[-1.81437,50.83883],[-1.81917,50.83682],[-1.82387,50.8352],[-1.83107,50.83251],[-1.83802,50.82945],[-1.84453,50.82622],[-1.85461,50.82099],[-1.85955,50.81848],[-1.8622,50.81746],[-1.86152,50.81895],[-1.8612,50.81926],[-1.86156,50.81892],[-1.86223,50.81747],[-1.86188,50.81713],[-1.86173,50.81678],[-1.86212,50.81608],[-1.86285,50.81555],[-1.86317,50.81532],[-1.86302,50.81502],[-1.86345,50.81498],[-1.8636,50.81476],[-1.86336,50.81454],[-1.86383,50.81422],[-1.86383,50.81407],[-1.86353,50.81381],[-1.86409,50.81351],[-1.86446,50.8137],[-1.86467,50.81364],[-1.86465,50.81332],[-1.86534,50.81318],[-1.86536,50.81286],[-1.86538,50.81273],[-1.86594,50.81261],[-1.86609,50.81223],[-1.86628,50.81208],[-1.86592,50.81186],[-1.86624,50.81116],[-1.86662,50.81116],[-1.8666,50.81098],[-1.86628,50.81078],[-1.866,50.81078],[-1.86615,50.8104],[-1.86759,50.79343],[-1.86772,50.79168],[-1.86785,50.78944],[-1.86793,50.7875],[-1.86813,50.78506],[-1.86828,50.78138],[-1.86849,50.7809],[-1.8692,50.78075],[-1.86984,50.7805],[-1.87008,50.78026],[-1.87006,50.77765],[-1.87062,50.7763],[-1.86986,50.77612],[-1.87008,50.77525],[-1.87222,50.76725],[-1.87261,50.76678],[-1.87287,50.76602],[-1.87295,50.76518],[-1.87306,50.7644],[-1.87377,50.76521],[-1.8745,50.76636],[-1.87493,50.76681],[-1.87592,50.76794],[-1.87682,50.76875],[-1.87763,50.76976],[-1.878,50.77015],[-1.87999,50.77037],[-1.88034,50.77045],[-1.88085,50.77071],[-1.88139,50.77142],[-1.88171,50.77178],[-1.88246,50.77202],[-1.88388,50.77225],[-1.88519,50.77243],[-1.8857,50.77262],[-1.88682,50.7733],[-1.88729,50.77372],[-1.88759,50.77427],[-1.88744,50.77471],[-1.88671,50.77505],[-1.88634,50.77544],[-1.88647,50.77574],[-1.88733,50.77621],[-1.88875,50.77735],[-1.89016,50.77832],[-1.89064,50.77859],[-1.89212,50.77908],[-1.89285,50.77932],[-1.89312,50.77977],[-1.89362,50.78003],[-1.89413,50.7801],[-1.89508,50.78038],[-1.89596,50.78053],[-1.89656,50.78039],[-1.8977,50.78053],[-1.89832,50.7807],[-1.89883,50.78128],[-1.89933,50.78134],[-1.89977,50.78137],[-1.90027,50.78167],[-1.90115,50.78191],[-1.90161,50.78209]],[[-1.93786,50.80394],[-1.93746,50.80431],[-1.93701,50.80471],[-1.93671,50.80499],[-1.93613,50.8055],[-1.93546,50.80604],[-1.93482,50.8065],[-1.93433,50.80685],[-1.93378,50.80723],[-1.93305,50.80773],[-1.93239,50.80815],[-1.93195,50.8084],[-1.93188,50.80847],[-1.93173,50.80855],[-1.93189,50.80848],[-1.93198,50.80839],[-1.9321,50.80832],[-1.93252,50.80808],[-1.93329,50.80758],[-1.93406,50.80705],[-1.93545,50.80606],[-1.936,50.80562],[-1.93655,50.80516],[-1.93693,50.80479],[-1.9374,50.80437],[-1.93786,50.80394],[-1.9379,50.80383],[-1.93826,50.80349],[-1.93874,50.80304],[-1.93876,50.80301],[-1.93821,50.80349],[-1.93786,50.80382],[-1.93786,50.80394]],[[-1.86114,50.81932],[-1.86097,50.82125],[-1.86098,50.82123],[-1.86117,50.81929],[-1.86114,50.81932]],[[-1.85882,50.82453],[-1.8589,50.82523],[-1.85869,50.82277],[-1.85941,50.82269],[-1.86055,50.82188],[-1.86061,50.82179],[-1.86058,50.82183],[-1.86011,50.82219],[-1.85939,50.82269],[-1.85866,50.82277],[-1.85882,50.82453]],[[-1.8589,50.82526],[-1.85851,50.826],[-1.8589,50.82527],[-1.8589,50.82526]],[[-1.85889,50.83024],[-1.85889,50.83037],[-1.8589,50.83024],[-1.85941,50.82969],[-1.85946,50.82916],[-1.85914,50.82878],[-1.85832,50.82844],[-1.85793,50.82756],[-1.85799,50.82727],[-1.85792,50.8276],[-1.85829,50.82844],[-1.85912,50.8288],[-1.85944,50.82918],[-1.8594,50.82967],[-1.85889,50.83024]],[[-1.85877,50.83159],[-1.85862,50.83168],[-1.85877,50.83162],[-1.85877,50.83159]],[[-1.85772,50.8329],[-1.85772,50.8329],[-1.85772,50.83286],[-1.85772,50.8329]],[[-1.85829,50.83322],[-1.85848,50.83356],[-1.8583,50.8332],[-1.85803,50.83308],[-1.85829,50.83322]],[[-1.85872,50.83397],[-1.85877,50.83399],[-1.85872,50.83397],[-1.85872,50.83397]],[[-1.8605,50.83427],[-1.86051,50.83427],[-1.86143,50.83415],[-1.86207,50.83419],[-1.86277,50.83444],[-1.8628,50.83464],[-1.86359,50.83529],[-1.86355,50.83604],[-1.86389,50.8368],[-1.8636,50.83606],[-1.86362,50.8353],[-1.86283,50.83465],[-1.86278,50.83443],[-1.86214,50.83417],[-1.86143,50.83412],[-1.8605,50.83427]],[[-1.8606,50.83921],[-1.86059,50.83923],[-1.8607,50.83902],[-1.86193,50.83813],[-1.86283,50.83744],[-1.86315,50.83709],[-1.86392,50.83688],[-1.86392,50.83687],[-1.86314,50.83707],[-1.86287,50.83738],[-1.86229,50.83784],[-1.86172,50.83825],[-1.86134,50.83852],[-1.86096,50.83882],[-1.86069,50.83901],[-1.8606,50.83921]],[[-1.85971,50.84024],[-1.85953,50.84052],[-1.85965,50.84034],[-1.86017,50.83985],[-1.85971,50.84024]]]}},{"type":"Feature","properties":{"source_code":"J81077","codes":["J81077"],"label":"WALFORD MILL MEDICAL CENTRE"},"geometry":{"type":"MultiPolygon","coordinates":[[[[-2.10903,50.79485],[-2.11031,50.79397],[-2.11198,50.79502],[-2.11127,50.7955],[-2.10903,50.79485]]],[[[-2.10903,50.79485],[-2.10605,50.79689],[-2.10485,50.79365],[-2.10903,50.79485]]],[[[-1.959,50.91018],[-1.94115,50.898],[-1.9366,50.89627],[-1.93291,50.89426],[-1.92432,50.88549],[-1.92089,50.87639],[-1.92226,50.86859],[-1.9257,50.85234],[-1.92913,50.84736],[-1.93329,50.83559],[-1.93203,50.83034],[-1.93028,50.8279],[-1.92704,50.82557],[-1.92676,50.82313],[-1.92726,50.82237],[-1.92797,50.82117],[-1.92894,50.81928],[-1.92553,50.81594],[-1.92874,50.81502],[-1.93083,50.81387],[-1.93196,50.8135],[-1.93128,50.81208],[-1.93089,50.81115],[-1.92997,50.81014],[-1.92869,50.80874],[-1.92779,50.80775],[-1.9273,50.80635],[-1.92663,50.80552],[-1.92483,50.80475],[-1.92299,50.80382],[-1.92123,50.80287],[-1.91995,50.80225],[-1.91866,50.8013],[-1.91733,50.80027],[-1.91658,50.79906],[-1.91813,50.79729],[-1.91844,50.79619],[-1.9199,50.7953],[-1.9213,50.79357],[-1.92218,50.79237],[-1.9205,50.79161],[-1.91516,50.78999],[-1.91055,50.78847],[-1.90748,50.78665],[-1.90874,50.78555],[-1.90906,50.78397],[-1.90845,50.78209],[-1.90939,50.78081],[-1.90935,50.77856],[-1.90887,50.77718],[-1.91068,50.77615],[-1.91098,50.77455],[-1.91467,50.77354],[-1.91853,50.77161],[-1.92038,50.76923],[-1.92445,50.76946],[-1.92776,50.77001],[-1.93145,50.77132],[-1.93505,50.77262],[-1.93887,50.77471],[-1.94108,50.77543],[-1.94381,50.77623],[-1.9484,50.77803],[-1.95235,50.77992],[-1.95585,50.78115],[-1.95725,50.78107],[-1.95771,50.77959],[-1.95788,50.77786],[-1.96187,50.77506],[-1.9637,50.77514],[-1.96577,50.77407],[-1.96836,50.77373],[-1.97217,50.77117],[-1.97505,50.76855],[-1.97805,50.76678],[-1.97857,50.76563],[-1.97823,50.76459],[-1.97994,50.76418],[-1.98288,50.76369],[-1.98497,50.76332],[-1.9872,50.76296],[-1.99026,50.76263],[-1.99273,50.76222],[-1.99488,50.76197],[-1.99805,50.76122],[-2.00526,50.75954],[-2.01015,50.75815],[-2.01324,50.75792],[-2.01603,50.7572],[-2.02595,50.75994],[-2.03097,50.75833],[-2.0362,50.75617],[-2.04082,50.75397],[-2.04282,50.75154],[-2.04544,50.75251],[-2.04822,50.75446],[-2.05045,50.75557],[-2.05412,50.7585],[-2.05792,50.76146],[-2.06019,50.76361],[-2.06436,50.76744],[-2.06721,50.76984],[-2.06938,50.7721],[-2.07161,50.77752],[-2.07464,50.77594],[-2.0783,50.77468],[-2.08337,50.77422],[-2.08681,50.77373],[-2.08931,50.77484],[-2.09191,50.77805],[-2.09047,50.78923],[-2.10123,50.79281],[-2.1021,50.79696],[-2.10267,50.79921],[-2.10605,50.79689],[-2.10668,50.79859],[-2.11127,50.7955],[-2.11406,50.7963],[-2.11198,50.79502],[-2.11385,50.79376],[-2.11469,50.79668],[-2.11584,50.79798],[-2.1159,50.80022],[-2.1184,50.803],[-2.11376,50.81228],[-2.11611,50.81564],[-2.11691,50.81697],[-2.11687,50.81964],[-2.11613,50.82201],[-2.1101,50.82613],[-2.1044,50.83078],[-2.09837,50.83452],[-2.09315,50.83603],[-2.09132,50.84119],[-2.08868,50.84407],[-2.08475,50.84627],[-2.08274,50.84832],[-2.08269,50.84949],[-2.08362,50.85021],[-2.08434,50.85079],[-2.08425,50.85163],[-2.08419,50.85287],[-2.08336,50.85328],[-2.0835,50.85385],[-2.0819,50.85504],[-2.0814,50.8566],[-2.08051,50.85752],[-2.08058,50.85738],[-2.07996,50.85784],[-2.07954,50.85805],[-2.07963,50.85825],[-2.06354,50.86312],[-2.06042,50.86409],[-2.05822,50.86926],[-2.05782,50.87682],[-2.05227,50.88248],[-2.04965,50.88663],[-2.03587,50.90509],[-2.02335,50.90896],[-2.01391,50.90986],[-2.00533,50.91023],[-1.959,50.91018]]]]}},{"type":"Feature","properties":{"source_code":"J81621","codes":["J81621"],"label":"THE BARCELLOS FAMILY PRACTICE"},"geometry":{"type":"Polygon","coordinates":[[[-1.81274,50.8389],[-1.81,50.7623],[-1.93977,50.80246],[-1.88965,50.82719],[-1.81274,50.8389]]]}},{"type":"Feature","properties":{"source_code":"J82129","codes":["J82129"],"label":"NEW FOREST MEDICAL GROUP"},"geometry":{"type":"Polygon","coordinates":[[[-1.5731,50.86253],[-1.55251,50.86079],[-1.535,50.85603],[-1.51886,50.85061],[-1.4986,50.8415],[-1.48899,50.83261],[-1.48384,50.82546],[-1.48556,50.81787],[-1.48865,50.81201],[-1.49242,50.80507],[-1.49483,50.79899],[-1.50238,50.78988],[-1.50856,50.78467],[-1.51749,50.78119],[-1.52607,50.7775],[-1.53328,50.7749],[-1.54186,50.77338],[-1.54804,50.77229],[-1.55594,50.77164],[-1.57413,50.77142],[-1.58409,50.77142],[-1.6016,50.77077],[-1.61259,50.77164],[-1.62048,50.77251],[-1.62495,50.77403],[-1.63284,50.7775],[-1.64108,50.78423],[-1.64623,50.79009],[-1.65138,50.79574],[-1.65379,50.8029],[-1.65653,50.80854],[-1.65997,50.81353],[-1.66031,50.82025],[-1.66065,50.82741],[-1.65962,50.83413],[-1.65585,50.83803],[-1.65207,50.84259],[-1.64829,50.84649],[-1.64246,50.85212],[-1.63628,50.85538],[-1.62632,50.85754],[-1.61774,50.85819],[-1.60915,50.85993],[-1.59714,50.86123],[-1.58993,50.86231],[-1.5834,50.86253],[-1.57963,50.86253],[-1.5731,50.86253]]]}},{"type":"Feature","properties":{"source_code":"J81022","codes":["J81022"],"label":"WEST MOORS VILLAGE SURGERY"},"geometry":{"type":"Polygon","coordinates":[[[-1.90793,50.80659],[-1.90836,50.81212],[-1.90639,50.81602],[-1.90192,50.81835],[-1.89591,50.81808],[-1.89548,50.8234],[-1.90142,50.8361],[-1.90254,50.84783],[-1.91321,50.85665],[-1.88413,50.86222],[-1.87286,50.85991],[-1.86017,50.84963],[-1.85829,50.84228],[-1.85952,50.81803],[-1.85509,50.8077],[-1.87315,50.81213],[-1.87965,50.81003],[-1.90613,50.80691],[-1.90793,50.80659]]]}},{"type":"Feature","properties":{"source_code":"J82039","codes":["J82039"],"label":"RINGWOOD MEDICAL CENTRE"},"geometry":{"type":"Polygon","coordinates":[[[-1.70322,50.8247],[-1.70686,50.81939],[-1.7093,50.81939],[-1.70974,50.81744],[-1.71053,50.81603],[-1.7073,50.81332],[-1.71979,50.80981],[-1.72863,50.81049],[-1.76039,50.8068],[-1.77678,50.80436],[-1.78459,50.80008],[-1.7936,50.79617],[-1.79781,50.78966],[-1.78905,50.77924],[-1.81034,50.77837],[-1.81652,50.7953],[-1.84021,50.80333],[-1.83403,50.81266],[-1.85188,50.82242],[-1.85049,50.83915],[-1.85184,50.85716],[-1.84049,50.87138],[-1.82881,50.87936],[-1.82879,50.8895],[-1.74528,50.89545],[-1.73181,50.85798],[-1.70322,50.8247]]]}},{"type":"Feature","properties":{"source_code":"J82072","codes":["J82072"],"label":"FORESTSIDE MEDICAL PRACTICE"},"geometry":{"type":"MultiPolygon","coordinates":[[[[-1.35135,50.79121],[-1.35094,50.79152],[-1.35132,50.79118],[-1.35135,50.79121]]],[[[-1.35094,50.79152],[-1.34651,50.79552],[-1.34483,50.79626],[-1.35094,50.79152]]],[[[-1.35708,50.79724],[-1.35838,50.79862],[-1.35241,50.80042],[-1.35708,50.79724]]],[[[-1.35241,50.80042],[-1.35058,50.80166],[-1.34995,50.80116],[-1.35241,50.80042]]],[[[-1.34483,50.79626],[-1.33635,50.80283],[-1.33759,50.79943],[-1.34483,50.79626]]],[[[-1.34662,50.80436],[-1.34653,50.80442],[-1.34514,50.80333],[-1.34662,50.80436]]],[[[-1.36487,50.8059],[-1.36436,50.80333],[-1.35852,50.80518],[-1.35441,50.80471],[-1.35282,50.80344],[-1.36214,50.80099],[-1.37636,50.80721],[-1.36487,50.8059]]],[[[-1.34653,50.80442],[-1.35029,50.80736],[-1.34239,50.80724],[-1.34653,50.80442]]],[[[-1.3509,50.80737],[-1.34662,50.80436],[-1.35058,50.80166],[-1.35282,50.80344],[-1.34995,50.8042],[-1.35441,50.80471],[-1.35638,50.80628],[-1.35475,50.80743],[-1.3509,50.80737]]],[[[-1.35788,50.80748],[-1.35638,50.80628],[-1.3575,50.8055],[-1.35852,50.80518],[-1.36487,50.8059],[-1.36505,50.8068],[-1.36419,50.80757],[-1.35788,50.80748]]],[[[-1.37636,50.80721],[-1.37684,50.80726],[-1.37741,50.80767],[-1.37636,50.80721]]],[[[-1.38189,50.80784],[-1.37684,50.80726],[-1.36642,50.79986],[-1.36214,50.80099],[-1.35956,50.79986],[-1.35838,50.79862],[-1.36425,50.79685],[-1.38951,50.80795],[-1.38189,50.80784]]],[[[-1.35029,50.80736],[-1.3509,50.80737],[-1.35287,50.80875],[-1.35245,50.80905],[-1.35029,50.80736]]],[[[-1.35195,50.8094],[-1.35245,50.80905],[-1.35293,50.80943],[-1.35195,50.8094]]],[[[-1.35388,50.80946],[-1.35287,50.80875],[-1.35475,50.80743],[-1.35788,50.80748],[-1.36062,50.80966],[-1.35388,50.80946]]],[[[-1.36062,50.80966],[-1.36185,50.80969],[-1.36129,50.81019],[-1.36062,50.80966]]],[[[-1.36185,50.80969],[-1.36419,50.80757],[-1.38189,50.80784],[-1.39183,50.80897],[-1.38951,50.80795],[-1.39938,50.8081],[-1.36436,50.79682],[-1.36425,50.79685],[-1.36024,50.79509],[-1.35708,50.79724],[-1.35484,50.79489],[-1.35956,50.79118],[-1.41106,50.81114],[-1.36185,50.80969]]],[[[-1.35195,50.8094],[-1.35132,50.80984],[-1.34355,50.81271],[-1.33759,50.80897],[-1.35195,50.8094]]],[[[-1.33635,50.80283],[-1.33553,50.80507],[-1.33003,50.8081],[-1.33086,50.8128],[-1.32729,50.80984],[-1.33635,50.80283]]],[[[-1.35293,50.80943],[-1.35388,50.80946],[-1.35829,50.81255],[-1.35758,50.81306],[-1.35293,50.80943]]],[[[-1.38487,50.81463],[-1.38677,50.81637],[-1.38359,50.81461],[-1.38487,50.81463]]],[[[-1.34022,50.81631],[-1.33209,50.80897],[-1.35248,50.7924],[-1.35484,50.79489],[-1.3369,50.80897],[-1.34282,50.81331],[-1.34102,50.81635],[-1.34022,50.81631]]],[[[-1.39849,50.82286],[-1.38908,50.81765],[-1.39132,50.81765],[-1.40601,50.82675],[-1.39849,50.82286]]],[[[-1.35829,50.81255],[-1.36024,50.81114],[-1.36129,50.81019],[-1.40831,50.84757],[-1.35829,50.81255]]],[[[-1.37568,50.83283],[-1.35544,50.81461],[-1.35758,50.81306],[-1.41174,50.85538],[-1.37568,50.83283]]],[[[-1.34282,50.81331],[-1.34308,50.81288],[-1.34355,50.81271],[-1.37568,50.83283],[-1.40293,50.85733],[-1.34282,50.81331]]],[[[-1.46655,50.87592],[-1.46736,50.87618],[-1.46461,50.87293],[-1.46655,50.87592],[-1.45394,50.87195],[-1.40831,50.8324],[-1.47217,50.87401],[-1.47423,50.88008],[-1.47148,50.88354],[-1.46655,50.87592]]],[[[-1.3348,50.81607],[-1.34022,50.81631],[-1.36093,50.835],[-1.4088,50.8626],[-1.41861,50.87141],[-1.44076,50.88285],[-1.44333,50.88528],[-1.42685,50.87618],[-1.36917,50.84454],[-1.3348,50.81607]]],[[[-1.44667,50.86965],[-1.45394,50.87195],[-1.47285,50.88831],[-1.47972,50.87704],[-1.39595,50.82372],[-1.42113,50.84653],[-1.44882,50.86838],[-1.44398,50.86721],[-1.44667,50.86965],[-1.44433,50.86891],[-1.44192,50.86672],[-1.4344,50.86491],[-1.41714,50.84899],[-1.39938,50.82936],[-1.41125,50.83874],[-1.38677,50.81637],[-1.38908,50.81765],[-1.3884,50.81765],[-1.39849,50.82286],[-1.41026,50.82938],[-1.48384,50.87488],[-1.47354,50.89394],[-1.44667,50.86965]]],[[[-1.44076,50.88285],[-1.42582,50.8687],[-1.42619,50.86812],[-1.47148,50.8987],[-1.44076,50.88285]]],[[[-1.42619,50.86812],[-1.42273,50.86578],[-1.42582,50.8687],[-1.4241,50.87141],[-1.4088,50.8626],[-1.40293,50.85733],[-1.41449,50.86578],[-1.42365,50.86353],[-1.42067,50.86144],[-1.42569,50.86303],[-1.42685,50.86274],[-1.37192,50.81114],[-1.41998,50.81288],[-1.35612,50.78944],[-1.35248,50.7924],[-1.35135,50.79121],[-1.35475,50.78857],[-1.43028,50.81461],[-1.38581,50.81423],[-1.3865,50.81466],[-1.38487,50.81463],[-1.38442,50.81422],[-1.37947,50.81418],[-1.41714,50.84899],[-1.4296,50.86274],[-1.4288,50.86401],[-1.44433,50.86891],[-1.4756,50.8974],[-1.48865,50.87271],[-1.41026,50.82938],[-1.40601,50.82675],[-1.49345,50.87184],[-1.47769,50.90126],[-1.42743,50.86616],[-1.42619,50.86812]]],[[[-1.39132,50.81765],[-1.3865,50.81466],[-1.43646,50.81548],[-1.35201,50.7864],[-1.32317,50.80854],[-1.33129,50.81523],[-1.33086,50.8128],[-1.3348,50.81607],[-1.33216,50.81594],[-1.38908,50.86274],[-1.47697,50.9026],[-1.47769,50.90126],[-1.48521,50.9065],[-1.39252,50.86751],[-1.31905,50.8081],[-1.35201,50.7838],[-1.44608,50.81765],[-1.39132,50.81765]]]]}},{"type":"Feature","properties":{"source_code":"J82150","codes":["J82150"],"label":"CORNERWAYS MEDICAL CENTRE"},"geometry":{"type":"Polygon","coordinates":[[[-1.79377,50.79292],[-1.82004,50.79725],[-1.85497,50.82036],[-1.85901,50.84126],[-1.86901,50.8379],[-1.87857,50.84124],[-1.8708,50.84465],[-1.84793,50.86957],[-1.81532,50.90336],[-1.80236,50.89885],[-1.7894,50.89694],[-1.77137,50.89529],[-1.7579,50.898],[-1.68159,50.90866],[-1.66615,50.88701],[-1.72657,50.85473],[-1.70288,50.83847],[-1.70254,50.83803],[-1.72279,50.83413],[-1.79377,50.79292]]]}},{"type":"Feature","properties":{"source_code":"J82056","codes":["J82056"],"label":"RED AND GREEN PRACTICE"},"geometry":{"type":"Polygon","coordinates":[[[-1.45569,50.9013],[-1.4447,50.90303],[-1.4241,50.89957],[-1.33484,50.84584],[-1.29913,50.81808],[-1.33759,50.77989],[-1.47629,50.75297],[-1.52573,50.85494],[-1.50101,50.90303],[-1.47079,50.89221],[-1.45569,50.9013]]]}},{"type":"Feature","properties":{"source_code":"J82156","codes":["J82156"],"label":"WATERFRONT AND SOLENT SURGERY"},"geometry":{"type":"Polygon","coordinates":[[[-1.40556,50.87444],[-1.30634,50.81808],[-1.34342,50.78619],[-1.44093,50.76383],[-1.49002,50.80246],[-1.47148,50.81331],[-1.49826,50.85278],[-1.4502,50.88961],[-1.40556,50.87444]]]}},{"type":"Feature","properties":{"source_code":"J82146","codes":["J82146"],"label":"LYNDHURST SURGERY"},"geometry":{"type":"Polygon","coordinates":[[[-1.63138,50.88338],[-1.64464,50.89826],[-1.65295,50.90602],[-1.65902,50.91351],[-1.66005,50.92136],[-1.65499,50.92569],[-1.63379,50.94156],[-1.62529,50.94842],[-1.5998,50.95366],[-1.57465,50.96429],[-1.53465,50.95291],[-1.52354,50.93263],[-1.52771,50.91742],[-1.51334,50.91045],[-1.49948,50.90251],[-1.48835,50.89863],[-1.50365,50.85469],[-1.57358,50.8386],[-1.58669,50.84572],[-1.59877,50.85315],[-1.60684,50.85833],[-1.63138,50.88338]]]}},{"type":"Feature","properties":{"source_code":"J81030","codes":["J81030"],"label":"THE VERWOOD SURGERY"},"geometry":{"type":"Polygon","coordinates":[[[-1.88484,50.85004],[-1.93359,50.88181],[-1.9154,50.90173],[-1.87111,50.90606],[-1.84364,50.87098],[-1.88484,50.85004]]]}},{"type":"Feature","properties":{"source_code":"J82622","codes":["J82622"],"label":"LIVING WELL PARTNERSHIP"},"geometry":{"type":"Polygon","coordinates":[[[-1.37612,50.94199],[-1.36924,50.94031],[-1.36166,50.93907],[-1.30499,50.9362],[-1.28781,50.93758],[-1.28481,50.93441],[-1.28283,50.93037],[-1.27764,50.92219],[-1.2697,50.91487],[-1.25896,50.91342],[-1.27021,50.90455],[-1.28798,50.8974],[-1.29012,50.8947],[-1.30497,50.883],[-1.3163,50.88043],[-1.32626,50.88132],[-1.35647,50.88471],[-1.37363,50.88614],[-1.38278,50.88852],[-1.38511,50.8921],[-1.38471,50.8961],[-1.38526,50.90368],[-1.38228,50.90725],[-1.37658,50.91039],[-1.37863,50.91223],[-1.38574,50.91402],[-1.39033,50.90896],[-1.39383,50.90762],[-1.39801,50.9078],[-1.40539,50.92154],[-1.40556,50.93571],[-1.39904,50.93761],[-1.39187,50.93841],[-1.38471,50.93823],[-1.37964,50.93946],[-1.37612,50.94199]]]}},{"type":"Feature","properties":{"source_code":"J82051","codes":["J82051"],"label":"HAMBLE VALLEY HEALTH"},"geometry":{"type":"MultiPolygon","coordinates":[[[[-1.33998,50.8857],[-1.34003,50.88568],[-1.3399,50.88576],[-1.33998,50.8857]]],[[[-1.33875,50.88659],[-1.33874,50.8866],[-1.33873,50.8866],[-1.33875,50.88659]]],[[[-1.30262,50.89272],[-1.30228,50.89303],[-1.30234,50.893],[-1.30262,50.89272],[-1.30262,50.89272],[-1.30265,50.89269],[-1.30325,50.89272],[-1.30337,50.89273],[-1.30368,50.89275],[-1.30355,50.89275],[-1.30361,50.8928],[-1.30364,50.8928],[-1.30369,50.89286],[-1.30394,50.89307],[-1.30437,50.8934],[-1.30209,50.89326],[-1.30212,50.89323],[-1.30188,50.89321],[-1.30228,50.89303],[-1.30261,50.89272],[-1.30262,50.89272]]],[[[-1.30385,50.89288],[-1.3033,50.89028],[-1.3072,50.89258],[-1.30609,50.89499],[-1.30385,50.89288]]],[[[-1.30671,50.87646],[-1.30671,50.87647],[-1.30732,50.87614],[-1.30671,50.87646],[-1.31287,50.85865],[-1.31297,50.86102],[-1.31312,50.86058],[-1.31312,50.8589],[-1.31407,50.85863],[-1.31475,50.85922],[-1.31488,50.8596],[-1.31488,50.85925],[-1.31464,50.85855],[-1.31278,50.85865],[-1.31252,50.85473],[-1.311,50.85113],[-1.31089,50.8512],[-1.31025,50.85074],[-1.31003,50.85009],[-1.31012,50.84947],[-1.31026,50.84937],[-1.31024,50.84932],[-1.31012,50.84928],[-1.31023,50.8493],[-1.31021,50.84925],[-1.31035,50.8493],[-1.31072,50.84904],[-1.31184,50.84885],[-1.31304,50.84885],[-1.31385,50.84928],[-1.31319,50.84971],[-1.31347,50.84955],[-1.3139,50.84952],[-1.31415,50.84993],[-1.31456,50.85012],[-1.31531,50.85026],[-1.32098,50.85164],[-1.3251,50.85356],[-1.32866,50.85543],[-1.33175,50.85706],[-1.31551,50.85122],[-1.33269,50.8576],[-1.33238,50.85762],[-1.33462,50.85903],[-1.33591,50.85998],[-1.33771,50.86155],[-1.34085,50.86369],[-1.34381,50.86564],[-1.34379,50.86565],[-1.34853,50.86819],[-1.35059,50.86946],[-1.35201,50.87038],[-1.35389,50.87168],[-1.35518,50.8732],[-1.35647,50.87426],[-1.35639,50.8743],[-1.35662,50.87446],[-1.35818,50.87542],[-1.35977,50.87664],[-1.36127,50.87772],[-1.36239,50.87856],[-1.36462,50.88019],[-1.34488,50.88309],[-1.34277,50.88421],[-1.34231,50.88494],[-1.34171,50.88603],[-1.34161,50.88608],[-1.34153,50.8862],[-1.3399,50.88722],[-1.33866,50.88796],[-1.33755,50.88825],[-1.3349,50.89016],[-1.33507,50.8895],[-1.33501,50.88958],[-1.33475,50.8902],[-1.33456,50.8904],[-1.3349,50.89016],[-1.33475,50.89074],[-1.33179,50.8924],[-1.33234,50.89201],[-1.33171,50.89234],[-1.32707,50.89924],[-1.32038,50.89619],[-1.32039,50.89617],[-1.31951,50.89578],[-1.32059,50.89643],[-1.32708,50.89931],[-1.33175,50.89234],[-1.33158,50.8938],[-1.33385,50.8961],[-1.33059,50.89892],[-1.32965,50.89932],[-1.32656,50.90008],[-1.32696,50.89948],[-1.32643,50.90006],[-1.32324,50.90094],[-1.32351,50.90095],[-1.31913,50.90214],[-1.31578,50.90341],[-1.31445,50.90073],[-1.31451,50.90073],[-1.31321,50.89794],[-1.31339,50.89786],[-1.30819,50.8925],[-1.30643,50.89161],[-1.30368,50.89026],[-1.30089,50.88939],[-1.2966,50.8888],[-1.30265,50.88602],[-1.30257,50.88598],[-1.30403,50.88525],[-1.30408,50.88525],[-1.30059,50.87964],[-1.30671,50.87646]]],[[[-1.32832,50.87526],[-1.32914,50.87697],[-1.32836,50.87526],[-1.33654,50.87389],[-1.32814,50.87518],[-1.32821,50.8754],[-1.32832,50.87545],[-1.32826,50.87547],[-1.32827,50.8755],[-1.32836,50.8755],[-1.32829,50.87552],[-1.32865,50.87621],[-1.32866,50.8762],[-1.32832,50.87526]]],[[[-1.32766,50.87551],[-1.32784,50.87545],[-1.32264,50.87578],[-1.32766,50.87551]]],[[[-1.32616,50.87437],[-1.32347,50.87296],[-1.31634,50.86938],[-1.31087,50.86667],[-1.31086,50.86669],[-1.32616,50.87437]]],[[[-1.31304,50.87184],[-1.31221,50.87113],[-1.31287,50.87174],[-1.31308,50.87237],[-1.31304,50.87184]]],[[[-1.34014,50.87333],[-1.34024,50.87334],[-1.34016,50.87333],[-1.34014,50.87333]]],[[[-1.33989,50.87337],[-1.3457,50.88021],[-1.34677,50.88151],[-1.34517,50.88231],[-1.34686,50.8816],[-1.34003,50.87335],[-1.33989,50.87337]]],[[[-1.35128,50.8745],[-1.35475,50.8749],[-1.35481,50.87487],[-1.35128,50.8745]]],[[[-1.34824,50.88101],[-1.34795,50.88115],[-1.34815,50.88107],[-1.34824,50.88101]]],[[[-1.30467,50.88265],[-1.30639,50.87739],[-1.30476,50.88211],[-1.30412,50.88524],[-1.31367,50.88459],[-1.31344,50.88399],[-1.31364,50.88454],[-1.30415,50.88514],[-1.30467,50.88265]]],[[[-1.33998,50.8857],[-1.33987,50.88574],[-1.33954,50.88597],[-1.3399,50.88576],[-1.33875,50.88659],[-1.33913,50.88626],[-1.33839,50.88676],[-1.33873,50.8866],[-1.3378,50.88728],[-1.33799,50.88704],[-1.33799,50.88704],[-1.33763,50.88744],[-1.33643,50.88828],[-1.33501,50.88912],[-1.33704,50.88769],[-1.33501,50.88909],[-1.33373,50.88654],[-1.33501,50.8892],[-1.33517,50.8891],[-1.33518,50.88907],[-1.33533,50.889],[-1.33557,50.88885],[-1.33552,50.88891],[-1.33631,50.88854],[-1.3436,50.88323],[-1.34372,50.8831],[-1.34078,50.88512],[-1.33998,50.8857]]],[[[-1.32463,50.88419],[-1.32463,50.88411],[-1.32457,50.88441],[-1.32463,50.88419]]],[[[-1.33058,50.88954],[-1.3281,50.88888],[-1.32759,50.88888],[-1.32874,50.88915],[-1.33058,50.88954]]],[[[-1.30918,50.88966],[-1.30586,50.88781],[-1.30647,50.88817],[-1.31094,50.89066],[-1.30926,50.88963],[-1.30933,50.8896],[-1.30918,50.88966]]],[[[-1.33389,50.89047],[-1.33429,50.8906],[-1.33447,50.89047],[-1.33385,50.89042],[-1.33201,50.88993],[-1.33389,50.89047]]],[[[-1.31347,50.88801],[-1.31293,50.88822],[-1.31355,50.88806],[-1.3164,50.88784],[-1.31355,50.88804],[-1.31359,50.88708],[-1.31347,50.88801]]],[[[-1.32381,50.88732],[-1.32412,50.88733],[-1.32417,50.88638],[-1.32398,50.88731],[-1.32381,50.88732]]],[[[-1.32411,50.88752],[-1.32409,50.88764],[-1.32411,50.88758],[-1.32411,50.88752]]],[[[-1.32375,50.88931],[-1.32374,50.88933],[-1.32523,50.88896],[-1.32643,50.88888],[-1.32638,50.88888],[-1.32523,50.8889],[-1.32375,50.88931]]],[[[-1.32596,50.88032],[-1.32574,50.88077],[-1.32651,50.87943],[-1.32776,50.87775],[-1.32797,50.87726],[-1.32767,50.87783],[-1.3269,50.87861],[-1.32596,50.88032]]],[[[-1.3223,50.89245],[-1.32089,50.8955],[-1.32141,50.8948],[-1.3223,50.89245]]],[[[-1.31875,50.89545],[-1.31773,50.89482],[-1.3187,50.89545],[-1.31673,50.89636],[-1.31875,50.89545],[-1.31875,50.89545]]],[[[-1.34055,50.86683],[-1.3406,50.86681],[-1.33982,50.86682],[-1.34055,50.86683]]],[[[-1.31108,50.86663],[-1.31138,50.86576],[-1.31089,50.86664],[-1.31108,50.86663]]],[[[-1.31578,50.86632],[-1.31315,50.86653],[-1.316,50.8664],[-1.31608,50.8664],[-1.31603,50.86534],[-1.31578,50.86632]]],[[[-1.31694,50.86234],[-1.3167,50.86204],[-1.31681,50.8622],[-1.31656,50.86319],[-1.31694,50.86234]]],[[[-1.31587,50.86104],[-1.31576,50.86094],[-1.31594,50.86112],[-1.31587,50.86104]]],[[[-1.3143,50.85007],[-1.31309,50.84977],[-1.31301,50.84983],[-1.3143,50.85007]]]]}},{"type":"Feature","properties":{"source_code":"J82128","codes":["J82128"],"label":"OLD FIRE STATION SURGERY"},"geometry":{"type":"Polygon","coordinates":[[[-1.37947,50.91689],[-1.37123,50.91602],[-1.36745,50.91537],[-1.3599,50.91472],[-1.35612,50.91277],[-1.34892,50.90823],[-1.34033,50.9052],[-1.33484,50.90152],[-1.32866,50.89762],[-1.32317,50.89567],[-1.31939,50.89437],[-1.31664,50.89654],[-1.31321,50.89567],[-1.30875,50.89112],[-1.30051,50.88852],[-1.29261,50.88679],[-1.28883,50.88441],[-1.28883,50.88159],[-1.29467,50.87964],[-1.29982,50.87986],[-1.30497,50.87986],[-1.30737,50.87834],[-1.30978,50.87704],[-1.3139,50.87358],[-1.31149,50.86968],[-1.31355,50.86469],[-1.31355,50.85993],[-1.3139,50.85451],[-1.31115,50.84909],[-1.32111,50.85234],[-1.33415,50.85993],[-1.34308,50.86578],[-1.35544,50.87423],[-1.36127,50.87791],[-1.36574,50.88246],[-1.36848,50.88549],[-1.37604,50.88744],[-1.38256,50.88874],[-1.38256,50.89286],[-1.38119,50.89697],[-1.38153,50.89957],[-1.38222,50.90303],[-1.38222,50.90563],[-1.37878,50.90671],[-1.37226,50.90996],[-1.37054,50.91299],[-1.37604,50.91645],[-1.37947,50.91689]]]}},{"type":"Feature","properties":{"source_code":"J82208","codes":["J82208"],"label":"ST. PETERS SURGERY"},"geometry":{"type":"Polygon","coordinates":[[[-1.38428,50.89286],[-1.36745,50.91624],[-1.30634,50.88636],[-1.3199,50.85137],[-1.33553,50.85971],[-1.38428,50.89286]]]}},{"type":"Feature","properties":{"source_code":"J82115","codes":["J82115"],"label":"ATHERLEY HOUSE SURGERY"},"geometry":{"type":"Polygon","coordinates":[[[-1.43755,50.92626],[-1.43585,50.92648],[-1.43402,50.92691],[-1.43318,50.92716],[-1.43177,50.9278],[-1.42993,50.92856],[-1.42808,50.92925],[-1.4272,50.92959],[-1.42643,50.92997],[-1.42578,50.93039],[-1.42516,50.93084],[-1.42268,50.93226],[-1.42003,50.93375],[-1.41961,50.93397],[-1.41932,50.93415],[-1.4191,50.93424],[-1.41846,50.93383],[-1.41801,50.93395],[-1.41722,50.93405],[-1.41492,50.93418],[-1.41412,50.9343],[-1.41341,50.93455],[-1.41272,50.93474],[-1.41201,50.93486],[-1.40644,50.93588],[-1.40638,50.93526],[-1.40629,50.9344],[-1.40612,50.93268],[-1.40579,50.92922],[-1.40506,50.92228],[-1.40488,50.92146],[-1.40469,50.92066],[-1.4041,50.91911],[-1.40282,50.91603],[-1.40253,50.91518],[-1.40225,50.91433],[-1.40202,50.91415],[-1.40175,50.91413],[-1.40129,50.91413],[-1.40099,50.9138],[-1.40085,50.91357],[-1.40072,50.91331],[-1.40063,50.91279],[-1.40068,50.91233],[-1.40104,50.91185],[-1.4016,50.9109],[-1.40172,50.91072],[-1.40221,50.91079],[-1.40258,50.9109],[-1.40297,50.91095],[-1.40336,50.91092],[-1.40412,50.91072],[-1.40483,50.91051],[-1.40538,50.91035],[-1.40586,50.91023],[-1.40633,50.91011],[-1.40683,50.91002],[-1.40738,50.9099],[-1.40792,50.90981],[-1.40844,50.90968],[-1.40863,50.90958],[-1.40875,50.90952],[-1.40876,50.90944],[-1.40884,50.90921],[-1.40881,50.90895],[-1.40927,50.9089],[-1.4099,50.90893],[-1.41038,50.90891],[-1.41086,50.90892],[-1.41149,50.90894],[-1.41214,50.90892],[-1.41467,50.90889],[-1.41715,50.90815],[-1.41956,50.90709],[-1.421,50.9071],[-1.42243,50.90721],[-1.42333,50.90736],[-1.42423,50.90756],[-1.42484,50.90773],[-1.42603,50.90812],[-1.42769,50.90875],[-1.42922,50.90928],[-1.42998,50.90998],[-1.43093,50.91083],[-1.4321,50.91138],[-1.43342,50.91188],[-1.43716,50.91293],[-1.44023,50.91327],[-1.44117,50.91337],[-1.44227,50.91342],[-1.44386,50.91351],[-1.4455,50.91365],[-1.44689,50.91377],[-1.44846,50.91395],[-1.45003,50.91423],[-1.45125,50.91459],[-1.45243,50.91501],[-1.45359,50.91554],[-1.45457,50.91618],[-1.45692,50.91748],[-1.45704,50.91758],[-1.45698,50.91766],[-1.45681,50.91777],[-1.45643,50.91789],[-1.45594,50.91776],[-1.45514,50.91782],[-1.45435,50.91801],[-1.45253,50.91837],[-1.45037,50.91887],[-1.44949,50.91917],[-1.44871,50.91952],[-1.44734,50.92064],[-1.4459,50.92255],[-1.44432,50.92448],[-1.44321,50.92531],[-1.44224,50.92603],[-1.44201,50.92617],[-1.4418,50.92624],[-1.44135,50.92639],[-1.44098,50.92649],[-1.44065,50.92654],[-1.44045,50.92655],[-1.4402,50.92653],[-1.43987,50.92653],[-1.43926,50.92649],[-1.43883,50.92643],[-1.4384,50.92634],[-1.43755,50.92626]]]}},{"type":"Feature","properties":{"source_code":"J82101","codes":["J82101"],"label":"THE PEARTREE PRACTICE"},"geometry":{"type":"Polygon","coordinates":[[[-1.36505,50.93745],[-1.32282,50.93442],[-1.31493,50.92425],[-1.31458,50.90455],[-1.37535,50.88506],[-1.38385,50.88885],[-1.38273,50.89914],[-1.3823,50.90617],[-1.36745,50.91061],[-1.38565,50.91494],[-1.38016,50.93377],[-1.36505,50.93745]]]}},{"type":"Feature","properties":{"source_code":"J82217","codes":["J82217"],"label":"HOMELESS HEALTHCARE TEAM"},"geometry":{"type":"Polygon","coordinates":[[[-1.40162,50.95334],[-1.40007,50.94961],[-1.38762,50.94642],[-1.37415,50.94204],[-1.36981,50.94458],[-1.35484,50.94069],[-1.35797,50.93776],[-1.35621,50.93739],[-1.35321,50.93566],[-1.35406,50.93501],[-1.3587,50.93085],[-1.35364,50.92719],[-1.35166,50.9269],[-1.3496,50.92684],[-1.34643,50.92435],[-1.34574,50.92203],[-1.33965,50.92371],[-1.33827,50.92268],[-1.33879,50.92149],[-1.33759,50.92089],[-1.33595,50.92116],[-1.33398,50.92003],[-1.33055,50.91581],[-1.32806,50.91332],[-1.32505,50.90514],[-1.32248,50.90412],[-1.32188,50.90114],[-1.32454,50.89995],[-1.33956,50.89594],[-1.34231,50.89188],[-1.3466,50.88912],[-1.3569,50.88484],[-1.36806,50.87964],[-1.36802,50.87986],[-1.38136,50.88197],[-1.39998,50.88257],[-1.41526,50.89643],[-1.44307,50.90276],[-1.4629,50.90644],[-1.47552,50.91997],[-1.47663,50.92836],[-1.47457,50.92863],[-1.46805,50.93636],[-1.45423,50.94756],[-1.45226,50.94669],[-1.44324,50.94702],[-1.43775,50.94832],[-1.42179,50.95129],[-1.4193,50.95237],[-1.41269,50.95048],[-1.41217,50.95372],[-1.40162,50.95334]]]}},{"type":"Feature","properties":{"source_code":"J82605","codes":["J82605"],"label":"WALNUT TREE SURGERY"},"geometry":{"type":"Polygon","coordinates":[[[-1.41535,50.92511],[-1.39801,50.92733],[-1.39835,50.90766],[-1.41612,50.90758],[-1.41535,50.92511]]]}},{"type":"Feature","properties":{"source_code":"J82112","codes":["J82112"],"label":"NEW HORIZONS MEDICAL PARTNERSHIP"},"geometry":{"type":"Polygon","coordinates":[[[-1.57653,50.88246],[-1.58752,50.92122],[-1.53534,50.95367],[-1.52144,50.94599],[-1.51036,50.94567],[-1.50264,50.94502],[-1.49362,50.94491],[-1.47551,50.94377],[-1.4732,50.93993],[-1.47363,50.93474],[-1.47243,50.92782],[-1.46899,50.92306],[-1.472,50.92192],[-1.4744,50.921],[-1.47938,50.91039],[-1.47287,50.9078],[-1.46359,50.90238],[-1.44473,50.89827],[-1.50616,50.86383],[-1.57653,50.88246]]]}},{"type":"Feature","properties":{"source_code":"J82207","codes":["J82207"],"label":"HILL LANE SURGERY"},"geometry":{"type":"Polygon","coordinates":[[[-1.43367,50.93498],[-1.43148,50.93599],[-1.42996,50.93751],[-1.42853,50.93914],[-1.42701,50.94067],[-1.42631,50.94154],[-1.42562,50.94229],[-1.42533,50.94244],[-1.42503,50.94255],[-1.42466,50.94287],[-1.42427,50.9432],[-1.42413,50.94337],[-1.42406,50.94356],[-1.42405,50.944],[-1.42389,50.94569],[-1.41123,50.95513],[-1.40329,50.9521],[-1.4038,50.95175],[-1.40509,50.9471],[-1.40634,50.94191],[-1.40659,50.94066],[-1.40621,50.93593],[-1.40578,50.92968],[-1.40509,50.92306],[-1.40479,50.92176],[-1.40458,50.92054],[-1.40402,50.9193],[-1.40359,50.9187],[-1.40308,50.9181],[-1.40282,50.91742],[-1.40243,50.91673],[-1.40204,50.91562],[-1.40131,50.91491],[-1.40093,50.91421],[-1.40046,50.91348],[-1.40022,50.91263],[-1.40063,50.91177],[-1.40086,50.91154],[-1.40101,50.91115],[-1.40172,50.91058],[-1.40275,50.91087],[-1.40355,50.91077],[-1.40473,50.91048],[-1.40608,50.91009],[-1.40754,50.90977],[-1.40844,50.90953],[-1.40848,50.90925],[-1.40831,50.90891],[-1.4076,50.90771],[-1.40715,50.90701],[-1.40767,50.90685],[-1.40861,50.90681],[-1.40934,50.90689],[-1.41016,50.90697],[-1.4111,50.90702],[-1.4117,50.90701],[-1.41241,50.90685],[-1.41316,50.90667],[-1.41402,50.90643],[-1.41458,50.90631],[-1.41522,50.90623],[-1.41599,50.90659],[-1.41687,50.90678],[-1.41805,50.90677],[-1.4193,50.90701],[-1.42001,50.90711],[-1.42091,50.90713],[-1.42184,50.90716],[-1.4239,50.90755],[-1.42575,50.90817],[-1.42873,50.90921],[-1.43102,50.91097],[-1.43237,50.91161],[-1.43389,50.91216],[-1.43541,50.9126],[-1.43617,50.9128],[-1.43687,50.91294],[-1.43667,50.91334],[-1.4362,50.91363],[-1.43586,50.91397],[-1.43578,50.91431],[-1.43612,50.91513],[-1.43673,50.91596],[-1.43681,50.91661],[-1.43707,50.91737],[-1.43685,50.91799],[-1.43653,50.91862],[-1.4361,50.91995],[-1.43586,50.92061],[-1.43589,50.92127],[-1.4359,50.92192],[-1.43527,50.92214],[-1.43421,50.92275],[-1.43548,50.92385],[-1.43749,50.92481],[-1.43968,50.92553],[-1.44076,50.92583],[-1.44187,50.92631],[-1.44101,50.92656],[-1.44049,50.9266],[-1.43903,50.92652],[-1.43763,50.92635],[-1.43624,50.92646],[-1.43427,50.92776],[-1.43227,50.92906],[-1.43145,50.93005],[-1.43062,50.93063],[-1.43081,50.93118],[-1.43141,50.93157],[-1.43215,50.93188],[-1.43183,50.9323],[-1.43163,50.93275],[-1.43146,50.93379],[-1.43367,50.93498]]]}},{"type":"Feature","properties":{"source_code":"J82040","codes":["J82040"],"label":"WEST END ROAD SURGERY"},"geometry":{"type":"Polygon","coordinates":[[[-1.34789,50.93604],[-1.33012,50.93442],[-1.32265,50.9315],[-1.31827,50.92912],[-1.31596,50.92414],[-1.31639,50.9197],[-1.32025,50.91267],[-1.31407,50.89892],[-1.32085,50.89545],[-1.32218,50.89207],[-1.32379,50.88957],[-1.32472,50.88886],[-1.32711,50.88896],[-1.33179,50.8895],[-1.33647,50.8908],[-1.34643,50.89329],[-1.36591,50.89659],[-1.37458,50.8983],[-1.3784,50.89882],[-1.38222,50.90065],[-1.38531,50.90493],[-1.37878,50.90747],[-1.37054,50.91299],[-1.38908,50.9171],[-1.37638,50.92187],[-1.37896,50.92473],[-1.3805,50.92825],[-1.37878,50.93274],[-1.37604,50.93442],[-1.36557,50.93701],[-1.35767,50.93885],[-1.34789,50.93604]]]}},{"type":"Feature","properties":{"source_code":"J82126","codes":["J82126"],"label":"RAYMOND ROAD SURGERY"},"geometry":{"type":"Polygon","coordinates":[[[-1.43527,50.92286],[-1.43469,50.92248],[-1.43509,50.92295],[-1.43546,50.92326],[-1.43527,50.92286],[-1.43895,50.92527],[-1.43792,50.92506],[-1.43718,50.92471],[-1.43766,50.92511],[-1.44161,50.92717],[-1.44551,50.92956],[-1.43895,50.92527],[-1.44058,50.9256],[-1.44299,50.92684],[-1.44496,50.92787],[-1.44633,50.92917],[-1.44821,50.93121],[-1.44822,50.93117],[-1.44917,50.93204],[-1.45088,50.93393],[-1.45329,50.93658],[-1.45517,50.93847],[-1.4562,50.93928],[-1.45577,50.93977],[-1.45466,50.94004],[-1.45371,50.94064],[-1.45268,50.94118],[-1.45165,50.94145],[-1.45088,50.94199],[-1.45105,50.9428],[-1.45174,50.94339],[-1.45148,50.94394],[-1.45101,50.944],[-1.45208,50.94388],[-1.45123,50.94426],[-1.45105,50.94475],[-1.4508,50.94583],[-1.45045,50.94642],[-1.45037,50.94707],[-1.45062,50.94788],[-1.45071,50.94864],[-1.44942,50.94805],[-1.44839,50.94734],[-1.44736,50.94702],[-1.44642,50.94648],[-1.44513,50.94631],[-1.44496,50.94572],[-1.44496,50.94485],[-1.44483,50.94472],[-1.44035,50.94521],[-1.4405,50.94588],[-1.44007,50.94653],[-1.43869,50.94723],[-1.43766,50.94778],[-1.43578,50.94788],[-1.43466,50.94767],[-1.43363,50.94723],[-1.4326,50.94653],[-1.4319,50.94609],[-1.43387,50.94587],[-1.43376,50.94588],[-1.43466,50.94564],[-1.4344,50.94567],[-1.43175,50.94604],[-1.43183,50.94604],[-1.4319,50.94609],[-1.42322,50.94703],[-1.42195,50.94747],[-1.42161,50.94821],[-1.42144,50.94869],[-1.42093,50.94988],[-1.42067,50.95091],[-1.4205,50.95172],[-1.41921,50.95156],[-1.41749,50.95129],[-1.41586,50.95048],[-1.41428,50.95096],[-1.41428,50.95097],[-1.41462,50.95153],[-1.41355,50.95297],[-1.41098,50.95567],[-1.41093,50.95575],[-1.41091,50.95574],[-1.4108,50.95586],[-1.41088,50.95573],[-1.41058,50.95562],[-1.40921,50.95518],[-1.40762,50.95459],[-1.40543,50.9537],[-1.40385,50.95302],[-1.40368,50.95243],[-1.40316,50.95175],[-1.41662,50.94988],[-1.42075,50.948],[-1.41655,50.94988],[-1.4035,50.95151],[-1.40384,50.94993],[-1.40316,50.95172],[-1.40222,50.95099],[-1.40071,50.94972],[-1.40071,50.9491],[-1.40041,50.94853],[-1.40101,50.94826],[-1.40136,50.94788],[-1.40183,50.94729],[-1.40183,50.94653],[-1.40028,50.94588],[-1.39831,50.94542],[-1.39767,50.94458],[-1.39833,50.94426],[-1.39801,50.94426],[-1.39841,50.94422],[-1.39844,50.94421],[-1.39853,50.94421],[-1.39951,50.94412],[-1.40037,50.94425],[-1.40095,50.94426],[-1.40368,50.94361],[-1.40359,50.94285],[-1.40265,50.9421],[-1.40131,50.94166],[-1.40071,50.94037],[-1.3999,50.93872],[-1.39925,50.93793],[-1.39883,50.93793],[-1.3975,50.93804],[-1.39655,50.93788],[-1.4055,50.93621],[-1.40551,50.93617],[-1.39655,50.93772],[-1.39629,50.9369],[-1.39655,50.93517],[-1.39629,50.93393],[-1.39441,50.93209],[-1.39561,50.92982],[-1.39831,50.92732],[-1.39775,50.92749],[-1.3981,50.92722],[-1.39865,50.92657],[-1.3978,50.92606],[-1.39621,50.92538],[-1.39797,50.92465],[-1.40097,50.92327],[-1.40155,50.92308],[-1.40282,50.92254],[-1.40419,50.92211],[-1.40505,50.92197],[-1.40522,50.9223],[-1.40525,50.92249],[-1.40525,50.92249],[-1.40513,50.92157],[-1.40827,50.92111],[-1.40985,50.92062],[-1.41119,50.91986],[-1.41213,50.91902],[-1.41222,50.91805],[-1.41296,50.9172],[-1.41256,50.91729],[-1.4132,50.9164],[-1.41277,50.91543],[-1.41419,50.91513],[-1.41543,50.91483],[-1.41569,50.91322],[-1.41565,50.91321],[-1.41578,50.91139],[-1.41556,50.90983],[-1.41479,50.90885],[-1.41608,50.90869],[-1.41758,50.90882],[-1.4184,50.90882],[-1.419,50.90891],[-1.4205,50.90909],[-1.42221,50.90939],[-1.42359,50.90945],[-1.42663,50.90999],[-1.42955,50.91056],[-1.43007,50.91096],[-1.43063,50.91129],[-1.4314,50.91142],[-1.43226,50.91169],[-1.43312,50.91207],[-1.4338,50.91237],[-1.43333,50.91267],[-1.43256,50.91326],[-1.43213,50.91418],[-1.43217,50.91507],[-1.43214,50.91606],[-1.4332,50.91808],[-1.43357,50.91886],[-1.43432,50.92091],[-1.43527,50.92286]],[[-1.41518,50.9223],[-1.42754,50.91808],[-1.42874,50.91873],[-1.43114,50.92024],[-1.43171,50.92054],[-1.42761,50.91785],[-1.42736,50.91797],[-1.415,50.92219],[-1.41346,50.91732],[-1.41992,50.91556],[-1.41322,50.91714],[-1.41496,50.92219],[-1.41489,50.9222],[-1.41818,50.93398],[-1.41721,50.93415],[-1.41722,50.93416],[-1.41822,50.93398],[-1.41855,50.93421],[-1.41861,50.9342],[-1.41518,50.9223]],[[-1.44812,50.93126],[-1.44636,50.93873],[-1.44658,50.93875],[-1.44819,50.93131],[-1.44812,50.93126]],[[-1.43133,50.91609],[-1.42837,50.91749],[-1.4318,50.91618],[-1.43133,50.91609]],[[-1.44479,50.94468],[-1.44428,50.94473],[-1.44482,50.94471],[-1.44479,50.94468],[-1.44532,50.94462],[-1.44536,50.9444],[-1.44522,50.94458],[-1.44473,50.94462],[-1.44479,50.94468]],[[-1.40505,50.9443],[-1.40193,50.94428],[-1.40504,50.94435],[-1.40505,50.9443]],[[-1.42732,50.94631],[-1.42788,50.94637],[-1.42828,50.94631],[-1.42732,50.94631]],[[-1.41425,50.95071],[-1.41428,50.95095],[-1.41642,50.94997],[-1.41496,50.95059],[-1.41425,50.95071]]]}},{"type":"Feature","properties":{"source_code":"J82088","codes":["J82088"],"label":"THE SHIRLEY HEALTH PARTNERSHIP"},"geometry":{"type":"Polygon","coordinates":[[[-1.43938,50.94815],[-1.41887,50.94258],[-1.40831,50.94134],[-1.40312,50.91651],[-1.41483,50.91521],[-1.41672,50.90845],[-1.45037,50.91548],[-1.46479,50.92089],[-1.46916,50.92506],[-1.47285,50.93139],[-1.46247,50.93566],[-1.46032,50.94275],[-1.46968,50.94529],[-1.46633,50.94891],[-1.45586,50.95432],[-1.44985,50.94723],[-1.43938,50.94815]]]}},{"type":"Feature","properties":{"source_code":"J82132","codes":["J82132"],"label":"TESTVALE SURGERY"},"geometry":{"type":"MultiPolygon","coordinates":[[[[-1.40656,50.88504],[-1.40556,50.88528],[-1.39732,50.87748],[-1.40656,50.88504]]],[[[-1.40656,50.88504],[-1.43234,50.87878],[-1.44539,50.87574],[-1.44539,50.86404],[-1.45294,50.86361],[-1.46805,50.85754],[-1.48521,50.86014],[-1.50856,50.85798],[-1.53946,50.87011],[-1.54289,50.87921],[-1.54976,50.89004],[-1.5683,50.89697],[-1.58134,50.90173],[-1.59439,50.91645],[-1.5992,50.92381],[-1.60675,50.93333],[-1.59439,50.93983],[-1.57104,50.94156],[-1.54701,50.94199],[-1.53603,50.94026],[-1.52367,50.94545],[-1.5168,50.94631],[-1.47972,50.94458],[-1.47217,50.92338],[-1.47285,50.91948],[-1.46736,50.90953],[-1.44951,50.90303],[-1.43852,50.90347],[-1.41586,50.89264],[-1.40656,50.88504]]]]}},{"type":"Feature","properties":{"source_code":"J81058","codes":["J81058"],"label":"THE CRANBORNE PRACTICE"},"geometry":{"type":"Polygon","coordinates":[[[-1.90887,50.81852],[-1.94561,50.82242],[-1.98647,50.83153],[-2.03247,50.86794],[-2.04414,50.87358],[-2.05324,50.87856],[-2.06165,50.88917],[-2.07367,50.90953],[-2.07092,50.94588],[-2.03796,50.97702],[-1.99883,50.99647],[-1.97548,51.0103],[-1.94389,51.0198],[-1.92364,51.02202],[-1.90475,51.01905],[-1.87386,51.01181],[-1.84708,51.00285],[-1.83952,50.98956],[-1.83952,50.96275],[-1.833,50.94832],[-1.81961,50.94339],[-1.7942,50.93788],[-1.79008,50.93279],[-1.79146,50.92684],[-1.7803,50.9039],[-1.79386,50.88094],[-1.79352,50.85624],[-1.87111,50.81852],[-1.90887,50.81852]]]}},{"type":"Feature","properties":{"source_code":"J82062","codes":["J82062"],"label":"CHEVIOT ROAD SURGERY"},"geometry":{"type":"Polygon","coordinates":[[[-1.43148,50.91104],[-1.47406,50.92208],[-1.47457,50.92284],[-1.47526,50.92403],[-1.4756,50.92522],[-1.47577,50.92663],[-1.47612,50.92814],[-1.47612,50.92944],[-1.47612,50.93041],[-1.47646,50.93139],[-1.47646,50.93247],[-1.47268,50.93366],[-1.47045,50.93366],[-1.46753,50.93366],[-1.46341,50.93431],[-1.45826,50.93561],[-1.45346,50.9368],[-1.45191,50.9356],[-1.45123,50.93464],[-1.45037,50.93334],[-1.44985,50.93246],[-1.44899,50.9316],[-1.44745,50.93052],[-1.44522,50.92879],[-1.44299,50.92738],[-1.44162,50.92652],[-1.43955,50.92641],[-1.43629,50.92652],[-1.43286,50.92739],[-1.42822,50.92912],[-1.42436,50.93101],[-1.42152,50.93268],[-1.41895,50.93398],[-1.41827,50.93236],[-1.41706,50.92987],[-1.41603,50.92738],[-1.415,50.9249],[-1.415,50.92251],[-1.41552,50.9197],[-1.41535,50.91656],[-1.41569,50.91483],[-1.41741,50.91472],[-1.42015,50.91461],[-1.42307,50.91461],[-1.42427,50.91342],[-1.42633,50.91245],[-1.42822,50.91169],[-1.43148,50.91104]]]}},{"type":"Feature","properties":{"source_code":"J82213","codes":["J82213"],"label":"BROOK HOUSE SURGERY"},"geometry":{"type":"Polygon","coordinates":[[[-1.475,50.92641],[-1.47178,50.93356],[-1.46688,50.93369],[-1.46532,50.934],[-1.46403,50.93447],[-1.46224,50.93554],[-1.46114,50.93671],[-1.45957,50.93777],[-1.45748,50.93849],[-1.45455,50.93969],[-1.45317,50.94026],[-1.45248,50.94063],[-1.45213,50.94116],[-1.45084,50.94267],[-1.44877,50.94353],[-1.44567,50.94406],[-1.44263,50.94306],[-1.43915,50.94321],[-1.4409,50.94486],[-1.44072,50.94582],[-1.4402,50.94661],[-1.43586,50.94842],[-1.43128,50.94737],[-1.42373,50.94742],[-1.42391,50.94335],[-1.42766,50.93996],[-1.42275,50.93705],[-1.42027,50.93583],[-1.41903,50.93495],[-1.41865,50.93374],[-1.41621,50.92744],[-1.41567,50.92624],[-1.41527,50.92567],[-1.4152,50.92536],[-1.41531,50.92504],[-1.41505,50.92243],[-1.4155,50.92153],[-1.41561,50.92052],[-1.41548,50.91855],[-1.41565,50.91456],[-1.41593,50.91177],[-1.41572,50.91038],[-1.41518,50.90899],[-1.41548,50.90847],[-1.41468,50.90673],[-1.41715,50.90661],[-1.42186,50.90672],[-1.42417,50.90721],[-1.42606,50.90786],[-1.42995,50.90944],[-1.43143,50.91085],[-1.43427,50.91053],[-1.44281,50.9082],[-1.44719,50.90382],[-1.45223,50.90454],[-1.45762,50.90678],[-1.46736,50.91083],[-1.46942,50.91581],[-1.47423,50.92116],[-1.47457,50.92181],[-1.47509,50.92368],[-1.475,50.92641]]]}},{"type":"Feature","properties":{"source_code":"J82022","codes":["J82022"],"label":"VICTOR STREET SURGERY"},"geometry":{"type":"Polygon","coordinates":[[[-1.45929,50.94324],[-1.45638,50.94554],[-1.45212,50.94383],[-1.45112,50.94426],[-1.45049,50.94635],[-1.45016,50.94726],[-1.45111,50.94839],[-1.4517,50.94899],[-1.44707,50.9501],[-1.44003,50.94777],[-1.43655,50.94848],[-1.43333,50.9481],[-1.43097,50.94751],[-1.4279,50.94681],[-1.42402,50.9464],[-1.42389,50.94993],[-1.42222,50.95313],[-1.41745,50.95299],[-1.41522,50.95267],[-1.41409,50.95017],[-1.41026,50.95016],[-1.40708,50.9558],[-1.40566,50.95616],[-1.40437,50.95571],[-1.40428,50.95462],[-1.40428,50.95259],[-1.40625,50.94696],[-1.40706,50.94126],[-1.40685,50.93577],[-1.41844,50.93366],[-1.41415,50.92143],[-1.41535,50.91472],[-1.42239,50.91429],[-1.43123,50.91153],[-1.43516,50.91274],[-1.43891,50.9134],[-1.44857,50.91407],[-1.45865,50.91835],[-1.46907,50.9223],[-1.46907,50.92225],[-1.46916,50.9223],[-1.4723,50.92833],[-1.47297,50.93014],[-1.47338,50.93206],[-1.46822,50.93441],[-1.46384,50.93669],[-1.46307,50.94018],[-1.45929,50.94324]]]}},{"type":"Feature","properties":{"source_code":"J82024","codes":["J82024"],"label":"SOLENT GP SURGERY"},"geometry":{"type":"Polygon","coordinates":[[[-1.3943,50.88165],[-1.44018,50.90661],[-1.44885,50.90273],[-1.47107,50.91208],[-1.47396,50.94213],[-1.47292,50.95466],[-1.46426,50.9492],[-1.44114,50.95876],[-1.41729,50.95649],[-1.39779,50.94783],[-1.37535,50.94965],[-1.38258,50.9246],[-1.38114,50.92369],[-1.3768,50.91458],[-1.3943,50.88165]]]}},{"type":"Feature","properties":{"source_code":"J82081","codes":["J82081"],"label":"SOUTHAMPTON SEA CITY PARTNERSHIP"},"geometry":{"type":"Polygon","coordinates":[[[-1.40797,50.89773],[-1.40642,50.89979],[-1.40556,50.90217],[-1.40608,50.90509],[-1.40728,50.90715],[-1.409,50.90931],[-1.40608,50.91029],[-1.40402,50.91072],[-1.40127,50.91115],[-1.39921,50.91029],[-1.39475,50.90834],[-1.39132,50.90855],[-1.38908,50.91018],[-1.38771,50.91267],[-1.38685,50.91375],[-1.38376,50.91353],[-1.37947,50.91299],[-1.37793,50.91115],[-1.37947,50.90985],[-1.38359,50.90909],[-1.38702,50.90736],[-1.38857,50.90563],[-1.38943,50.90195],[-1.3872,50.90054],[-1.38737,50.89697],[-1.38874,50.89372],[-1.39183,50.89047],[-1.39286,50.88571],[-1.39303,50.88203],[-1.39475,50.88278],[-1.39767,50.88668],[-1.39973,50.89015],[-1.40333,50.89491],[-1.40676,50.89654],[-1.40797,50.89773]]]}},{"type":"Feature","properties":{"source_code":"J82131","codes":["J82131"],"label":"FORDINGBRIDGE SURGERY"},"geometry":{"type":"Polygon","coordinates":[[[-1.90767,50.97664],[-1.82347,50.97529],[-1.76193,50.97226],[-1.71861,50.97339],[-1.74704,50.93306],[-1.74726,50.92246],[-1.74917,50.90529],[-1.76893,50.88855],[-1.7729,50.88258],[-1.79129,50.88062],[-1.86499,50.90583],[-1.87398,50.91145],[-1.88304,50.91878],[-1.90767,50.97664]]]}},{"type":"Feature","properties":{"source_code":"J82076","codes":["J82076"],"label":"WOOLSTON AND CHARTWELL PARTNERSHIP"},"geometry":{"type":"Polygon","coordinates":[[[-1.39303,50.89903],[-1.3775,50.91066],[-1.37157,50.94956],[-1.33759,50.93528],[-1.2957,50.88961],[-1.31252,50.84887],[-1.39252,50.896],[-1.39303,50.89903]]]}},{"type":"Feature","properties":{"source_code":"J82080","codes":["J82080"],"label":"UNIVERSITY HEALTH SERVICE SOUTHAMPTON"},"geometry":{"type":"Polygon","coordinates":[[[-1.4111,50.95518],[-1.40981,50.95462],[-1.40771,50.9538],[-1.40518,50.95286],[-1.40209,50.95175],[-1.4002,50.95124],[-1.39827,50.94964],[-1.39574,50.94872],[-1.39316,50.94796],[-1.38835,50.94778],[-1.38539,50.94807],[-1.38175,50.9488],[-1.37758,50.94959],[-1.37398,50.94953],[-1.37325,50.94942],[-1.37183,50.94869],[-1.37269,50.94707],[-1.37355,50.9445],[-1.37587,50.94256],[-1.37351,50.94064],[-1.37398,50.93942],[-1.37398,50.93655],[-1.37655,50.93534],[-1.3796,50.93423],[-1.37908,50.9335],[-1.38011,50.93241],[-1.3799,50.93055],[-1.38054,50.92903],[-1.37973,50.92687],[-1.37831,50.92462],[-1.38166,50.92068],[-1.38878,50.91919],[-1.39041,50.91967],[-1.3938,50.91892],[-1.39492,50.91721],[-1.39655,50.91521],[-1.40097,50.91445],[-1.40046,50.91237],[-1.40123,50.91093],[-1.40316,50.91085],[-1.40865,50.90988],[-1.40861,50.90899],[-1.41466,50.90877],[-1.41535,50.90991],[-1.41569,50.9125],[-1.41548,50.9141],[-1.41531,50.91892],[-1.41526,50.92135],[-1.41488,50.9226],[-1.41496,50.92368],[-1.41599,50.92757],[-1.41844,50.93371],[-1.41994,50.9359],[-1.4202,50.93747],[-1.41595,50.93931],[-1.41333,50.94396],[-1.41376,50.94723],[-1.41393,50.95145],[-1.4111,50.95518]]]}},{"type":"Feature","properties":{"source_code":"J82001","codes":["J82001"],"label":"BURGESS ROAD SURGERY"},"geometry":{"type":"Polygon","coordinates":[[[-1.39539,50.96081],[-1.40162,50.95857],[-1.39561,50.9607],[-1.3996,50.95475],[-1.39962,50.95401],[-1.37472,50.94421],[-1.37312,50.94423],[-1.372,50.94713],[-1.37033,50.94864],[-1.3666,50.94713],[-1.37076,50.94331],[-1.36707,50.94175],[-1.36921,50.94034],[-1.3663,50.93937],[-1.36608,50.93807],[-1.36514,50.93742],[-1.3617,50.93723],[-1.35827,50.93647],[-1.35355,50.93293],[-1.36441,50.93423],[-1.36282,50.93304],[-1.36539,50.93239],[-1.3672,50.93396],[-1.37226,50.93287],[-1.37741,50.93553],[-1.38063,50.93409],[-1.38423,50.93028],[-1.38732,50.93022],[-1.38651,50.92784],[-1.38767,50.9249],[-1.39093,50.92446],[-1.39265,50.92565],[-1.39428,50.92454],[-1.39604,50.92508],[-1.40531,50.92195],[-1.40681,50.93555],[-1.41007,50.93947],[-1.41088,50.94001],[-1.41046,50.94112],[-1.4138,50.94283],[-1.41376,50.94434],[-1.40998,50.9468],[-1.40968,50.94967],[-1.4147,50.95056],[-1.41093,50.95507],[-1.40953,50.95465],[-1.41076,50.95532],[-1.41069,50.95535],[-1.41453,50.95713],[-1.4084,50.95948],[-1.40372,50.96048],[-1.39539,50.96081]]]}},{"type":"Feature","properties":{"source_code":"J82087","codes":["J82087"],"label":"STONEHAM LANE SURGERY"},"geometry":{"type":"MultiPolygon","coordinates":[[[[-1.34608,50.93102],[-1.34611,50.93109],[-1.34604,50.93095],[-1.34608,50.93102]]],[[[-1.34611,50.93109],[-1.34617,50.9312],[-1.34629,50.9315],[-1.34611,50.93109]]],[[[-1.3704,50.94988],[-1.37038,50.94988],[-1.37089,50.94966],[-1.3704,50.94988]]],[[[-1.3704,50.94988],[-1.37072,50.94988],[-1.37038,50.94989],[-1.3704,50.94988]]],[[[-1.34608,50.93102],[-1.34581,50.93039],[-1.34557,50.93011],[-1.34529,50.92983],[-1.34407,50.92868],[-1.3449,50.92696],[-1.34449,50.92508],[-1.34428,50.92403],[-1.34458,50.92338],[-1.34514,50.92251],[-1.34717,50.92197],[-1.354,50.92153],[-1.35677,50.92065],[-1.35815,50.92172],[-1.35975,50.92227],[-1.36158,50.92262],[-1.36222,50.92174],[-1.36325,50.9207],[-1.36608,50.92072],[-1.36857,50.921],[-1.37248,50.92214],[-1.37501,50.92338],[-1.3762,50.92414],[-1.3779,50.92431],[-1.38089,50.92449],[-1.38153,50.92311],[-1.38372,50.92189],[-1.3875,50.92049],[-1.3914,50.92024],[-1.39393,50.91948],[-1.39578,50.92013],[-1.39998,50.91927],[-1.4038,50.91878],[-1.40428,50.92217],[-1.4053,50.92491],[-1.40425,50.9258],[-1.40465,50.92625],[-1.40522,50.93017],[-1.40671,50.93649],[-1.40593,50.94417],[-1.4036,50.95217],[-1.39811,50.94988],[-1.39259,50.94812],[-1.38878,50.94807],[-1.38593,50.94859],[-1.38329,50.94902],[-1.3811,50.94989],[-1.38016,50.9494],[-1.37441,50.95015],[-1.37466,50.95005],[-1.3678,50.9487],[-1.36591,50.94718],[-1.36368,50.94491],[-1.36179,50.9422],[-1.36059,50.94156],[-1.35991,50.9409],[-1.3587,50.93994],[-1.3587,50.93874],[-1.35887,50.93809],[-1.35768,50.93793],[-1.35645,50.9375],[-1.35523,50.93709],[-1.35411,50.93647],[-1.35371,50.9359],[-1.35339,50.93563],[-1.35259,50.93522],[-1.35077,50.93473],[-1.35,50.93453],[-1.34919,50.93451],[-1.34842,50.93424],[-1.34782,50.93392],[-1.34751,50.93326],[-1.34696,50.93248],[-1.34608,50.93102]]]]}},{"type":"Feature","properties":{"source_code":"J82092","codes":["J82092"],"label":"ALDERMOOR SURGERY"},"geometry":{"type":"Polygon","coordinates":[[[-1.47517,50.9448],[-1.46539,50.94983],[-1.45217,50.95616],[-1.44685,50.95767],[-1.43706,50.95929],[-1.42728,50.95967],[-1.42136,50.95832],[-1.4199,50.95756],[-1.41406,50.95724],[-1.40651,50.95999],[-1.40488,50.95794],[-1.40436,50.95664],[-1.40359,50.95383],[-1.4041,50.95237],[-1.40668,50.94064],[-1.40634,50.93588],[-1.41844,50.93382],[-1.41518,50.92587],[-1.41483,50.92284],[-1.41526,50.92132],[-1.41526,50.91478],[-1.42136,50.91489],[-1.42299,50.9144],[-1.43432,50.92262],[-1.43612,50.92176],[-1.44299,50.91553],[-1.44299,50.91364],[-1.45131,50.91456],[-1.45646,50.91754],[-1.46899,50.92246],[-1.47208,50.92933],[-1.47517,50.9448]]]}},{"type":"Feature","properties":{"source_code":"J82002","codes":["J82002"],"label":"LORDSHILL HEALTH CENTRE"},"geometry":{"type":"MultiPolygon","coordinates":[[[[-1.44778,50.93193],[-1.44779,50.93192],[-1.44779,50.93194],[-1.44778,50.93194],[-1.44778,50.93193]]],[[[-1.44779,50.93192],[-1.4478,50.93181],[-1.44778,50.93193],[-1.44776,50.93195],[-1.44778,50.93194],[-1.44778,50.93198],[-1.44742,50.93201],[-1.44813,50.93159],[-1.44779,50.93192]]],[[[-1.44742,50.93201],[-1.44723,50.93212],[-1.44724,50.93203],[-1.44742,50.93201]]],[[[-1.44778,50.93198],[-1.44778,50.93198],[-1.44779,50.93194],[-1.44826,50.93169],[-1.44809,50.93254],[-1.44772,50.9324],[-1.44778,50.93198]]],[[[-1.47646,50.95226],[-1.46964,50.95548],[-1.45951,50.9651],[-1.45406,50.96499],[-1.45217,50.96221],[-1.44878,50.9591],[-1.43672,50.95194],[-1.43071,50.94899],[-1.42342,50.94756],[-1.42582,50.94193],[-1.42865,50.9391],[-1.43015,50.93804],[-1.43088,50.93707],[-1.43307,50.93539],[-1.43417,50.93466],[-1.43646,50.93393],[-1.43804,50.93389],[-1.43982,50.93333],[-1.44245,50.93329],[-1.44373,50.93266],[-1.44631,50.93267],[-1.44723,50.93212],[-1.44722,50.93222],[-1.44807,50.93263],[-1.44809,50.93254],[-1.4493,50.93298],[-1.45044,50.93361],[-1.45086,50.93422],[-1.45268,50.93377],[-1.4546,50.93316],[-1.45582,50.93301],[-1.45551,50.93307],[-1.45618,50.93314],[-1.45652,50.93342],[-1.4575,50.9338],[-1.45856,50.93423],[-1.45983,50.93451],[-1.46221,50.93518],[-1.47229,50.93329],[-1.47464,50.94243],[-1.4777,50.94629],[-1.47646,50.95226]]]]}},{"type":"Feature","properties":{"source_code":"J81083","codes":["J81083"],"label":"SIXPENNY HANDLEY SURGERY"},"geometry":{"type":"Polygon","coordinates":[[[-1.84896,51.03135],[-1.84898,51.03131],[-1.84899,51.03091],[-1.849,51.03027],[-1.84919,51.02849],[-1.84963,51.02757],[-1.85033,51.02669],[-1.85146,51.02339],[-1.85185,51.0224],[-1.85262,51.0216],[-1.85338,51.0208],[-1.85384,51.01992],[-1.85394,51.01858],[-1.8543,51.01735],[-1.85477,51.01634],[-1.8558,51.01521],[-1.85639,51.01459],[-1.85685,51.01381],[-1.85726,51.01222],[-1.8574,51.0088],[-1.85753,51.00719],[-1.85766,51.00517],[-1.85898,51.00412],[-1.86008,51.00286],[-1.86567,50.99634],[-1.86642,50.99446],[-1.86735,50.99263],[-1.86976,50.98895],[-1.87061,50.98767],[-1.87181,50.98634],[-1.87411,50.98425],[-1.87468,50.98347],[-1.87551,50.9828],[-1.87694,50.98181],[-1.87996,50.9795],[-1.88081,50.97841],[-1.88204,50.97727],[-1.88267,50.97615],[-1.8836,50.97504],[-1.88731,50.97264],[-1.88921,50.97113],[-1.89014,50.97041],[-1.89119,50.97005],[-1.89849,50.96711],[-1.90527,50.96406],[-1.91175,50.9608],[-1.91832,50.95732],[-1.92282,50.95555],[-1.92516,50.9544],[-1.92724,50.95297],[-1.92922,50.95145],[-1.93188,50.94933],[-1.93595,50.94523],[-1.93962,50.94066],[-1.94235,50.93463],[-1.94233,50.93052],[-1.94282,50.92663],[-1.94203,50.92273],[-1.93986,50.9184],[-1.93668,50.90834],[-1.93501,50.9036],[-1.93572,50.90173],[-1.93616,50.90075],[-1.93689,50.89966],[-1.93833,50.89819],[-1.94013,50.897],[-1.94229,50.89622],[-1.94471,50.89555],[-1.94757,50.89526],[-1.95017,50.8951],[-1.95312,50.8951],[-1.96471,50.89121],[-1.96896,50.8868],[-1.9822,50.88448],[-1.98943,50.88362],[-2.00866,50.8822],[-2.01787,50.8823],[-2.02614,50.88164],[-2.03443,50.88137],[-2.03914,50.88102],[-2.04377,50.88062],[-2.0487,50.8802],[-2.0532,50.87961],[-2.05634,50.87917],[-2.05957,50.87866],[-2.06602,50.87711],[-2.07209,50.87616],[-2.07562,50.87569],[-2.07728,50.87537],[-2.07834,50.87542],[-2.07903,50.87602],[-2.07972,50.87689],[-2.08084,50.87852],[-2.08309,50.88161],[-2.08668,50.88777],[-2.09017,50.89273],[-2.09235,50.89688],[-2.09393,50.90071],[-2.0968,50.90359],[-2.10014,50.90625],[-2.10305,50.90833],[-2.10412,50.90961],[-2.10515,50.91062],[-2.10792,50.91229],[-2.11086,50.91375],[-2.11173,50.91539],[-2.11244,50.91697],[-2.11314,50.91852],[-2.11368,50.92024],[-2.11405,50.92893],[-2.11237,50.93629],[-2.1106,50.94333],[-2.10543,50.96178],[-2.0953,50.9895],[-2.08942,50.99939],[-2.08501,51.00765],[-2.07991,51.01581],[-2.07482,51.02407],[-2.06938,51.032],[-2.06748,51.03244],[-2.06542,51.03244],[-2.06095,51.03266],[-2.05699,51.03483],[-2.05501,51.03559],[-2.05268,51.03602],[-2.04903,51.037],[-2.04417,51.03776],[-2.04289,51.03906],[-2.04231,51.04036],[-2.03992,51.0415],[-2.03839,51.04264],[-2.03232,51.04635],[-2.03108,51.04768],[-2.02941,51.04836],[-2.02479,51.04984],[-2.02275,51.05061],[-2.0207,51.05084],[-2.0161,51.05109],[-2.01175,51.05124],[-2.00706,51.05202],[-1.99805,51.05276],[-1.9938,51.05339],[-1.99219,51.0543],[-1.99213,51.05532],[-1.99181,51.05611],[-1.98977,51.0569],[-1.98672,51.05773],[-1.98445,51.05925],[-1.98183,51.06045],[-1.97803,51.06156],[-1.97423,51.06235],[-1.96664,51.06229],[-1.96203,51.06281],[-1.9593,51.06375],[-1.95589,51.06362],[-1.95324,51.06323],[-1.95102,51.06316],[-1.94022,51.06115],[-1.93341,51.05928],[-1.91142,51.05929],[-1.89842,51.05879],[-1.88592,51.05791],[-1.87757,51.05692],[-1.86974,51.05572],[-1.86233,51.05448],[-1.85628,51.05335],[-1.85282,51.05276],[-1.84955,51.0493],[-1.84868,51.04543],[-1.84805,51.04394],[-1.847,51.04272],[-1.84511,51.0421],[-1.84397,51.04166],[-1.84304,51.04106],[-1.84172,51.03923],[-1.84103,51.03824],[-1.84061,51.0373],[-1.84031,51.03558],[-1.84027,51.03468],[-1.84023,51.03421],[-1.8407,51.03375],[-1.84268,51.03306],[-1.84483,51.03273],[-1.8469,51.03248],[-1.84813,51.03208],[-1.84857,51.03184],[-1.84896,51.03135]]]}},{"type":"Feature","properties":{"source_code":"J82018","codes":["J82018"],"label":"STOKEWOOD SURGERY"},"geometry":{"type":"Polygon","coordinates":[[[-1.33192,50.94177],[-1.3163,50.95648],[-1.35046,50.97021],[-1.35063,50.98199],[-1.31441,50.98772],[-1.32711,50.99237],[-1.30995,50.99431],[-1.30531,50.9875],[-1.28952,50.98664],[-1.27304,50.98297],[-1.25708,50.97907],[-1.25776,50.97324],[-1.25828,50.94415],[-1.27544,50.94307],[-1.28471,50.94069],[-1.29416,50.94339],[-1.31732,50.94837],[-1.32986,50.94069],[-1.34599,50.93409],[-1.35166,50.93723],[-1.34376,50.94047],[-1.33192,50.94177]]]}},{"type":"Feature","properties":{"source_code":"J82071","codes":["J82071"],"label":"ST. ANDREW'S SURGERY"},"geometry":{"type":"MultiPolygon","coordinates":[[[[-1.31129,50.96467],[-1.31174,50.96513],[-1.29699,50.96318],[-1.29527,50.95648],[-1.31129,50.96467]]],[[[-1.36639,50.9481],[-1.37282,50.94994],[-1.37711,50.94994],[-1.38217,50.94918],[-1.38663,50.94826],[-1.3938,50.94826],[-1.39981,50.95205],[-1.39878,50.95659],[-1.39398,50.95907],[-1.38677,50.96189],[-1.38523,50.96373],[-1.38728,50.96589],[-1.38951,50.96891],[-1.38951,50.96935],[-1.38814,50.97626],[-1.38385,50.98318],[-1.37956,50.98599],[-1.37219,50.98869],[-1.36635,50.99334],[-1.36138,50.99669],[-1.35898,50.99788],[-1.35503,50.99474],[-1.35331,50.99161],[-1.3504,50.98804],[-1.35057,50.98275],[-1.34885,50.97843],[-1.35022,50.97345],[-1.35022,50.97097],[-1.34439,50.97064],[-1.33942,50.97691],[-1.33993,50.9794],[-1.33444,50.9821],[-1.33032,50.98502],[-1.32792,50.99064],[-1.32775,50.99453],[-1.32581,50.99842],[-1.32204,51.00144],[-1.31723,51.00058],[-1.31174,50.99431],[-1.30797,50.98956],[-1.30522,50.98459],[-1.30351,50.97832],[-1.30213,50.97313],[-1.29836,50.96751],[-1.29699,50.9634],[-1.31311,50.966],[-1.31346,50.96578],[-1.31129,50.96467],[-1.30728,50.96059],[-1.33336,50.96491],[-1.34365,50.95778],[-1.35326,50.95929],[-1.36639,50.9481]]]]}},{"type":"Feature","properties":{"source_code":"J82020","codes":["J82020"],"label":"EASTLEIGH MEDICAL PRACTICE"},"geometry":{"type":"Polygon","coordinates":[[[-1.35698,51.00295],[-1.35072,51.00096],[-1.34231,51.00004],[-1.3387,50.99933],[-1.33703,50.99807],[-1.33484,50.99663],[-1.33304,50.99493],[-1.33145,50.99335],[-1.32849,50.9928],[-1.32544,50.98964],[-1.31776,50.98821],[-1.31523,50.98591],[-1.31132,50.98523],[-1.30506,50.97837],[-1.30291,50.97102],[-1.29767,50.9647],[-1.31227,50.95729],[-1.31814,50.9561],[-1.32274,50.95426],[-1.35887,50.95432],[-1.3669,50.95456],[-1.37295,50.95648],[-1.38462,50.96156],[-1.3896,50.96556],[-1.39387,50.96772],[-1.39488,50.96956],[-1.40033,50.97335],[-1.40005,50.97466],[-1.40106,50.97425],[-1.40153,50.97526],[-1.40041,50.9761],[-1.40076,50.97691],[-1.40028,50.97856],[-1.39758,50.98226],[-1.39754,50.98375],[-1.39735,50.98471],[-1.39664,50.98621],[-1.39503,50.98769],[-1.39634,50.98961],[-1.39569,50.99345],[-1.39183,50.99852],[-1.37767,51.00366],[-1.35698,51.00295]]]}},{"type":"Feature","properties":{"source_code":"J82121","codes":["J82121"],"label":"NORTH BADDESLEY SURGERY"},"geometry":{"type":"MultiPolygon","coordinates":[[[[-1.3696,50.97847],[-1.36952,50.97854],[-1.36985,50.9781],[-1.3696,50.97847]]],[[[-1.41106,50.95215],[-1.41758,50.95259],[-1.43063,50.95756],[-1.42754,50.96059],[-1.44402,50.95864],[-1.45174,50.9494],[-1.45689,50.9454],[-1.45938,50.94332],[-1.46198,50.94567],[-1.46478,50.94495],[-1.46809,50.9448],[-1.47517,50.94518],[-1.47594,50.9461],[-1.48933,50.94545],[-1.48178,50.97399],[-1.48521,50.97832],[-1.4883,50.98783],[-1.49208,50.98934],[-1.49723,50.99431],[-1.49792,50.99712],[-1.49002,50.9982],[-1.48453,50.99971],[-1.48453,51.00447],[-1.48762,51.00943],[-1.47663,51.00857],[-1.4653,51.00987],[-1.45809,51.01095],[-1.45088,51.00879],[-1.44436,51.00922],[-1.43131,51.00684],[-1.4217,51.00922],[-1.41346,51.00771],[-1.40865,51.00382],[-1.40041,51.00274],[-1.39217,51.0049],[-1.35647,50.9995],[-1.36282,50.98859],[-1.3696,50.97847],[-1.37322,50.97536],[-1.37089,50.97767],[-1.37809,50.97118],[-1.37322,50.97536],[-1.3781,50.97053],[-1.3884,50.96167],[-1.4035,50.95345],[-1.40865,50.95453],[-1.41106,50.95215]]]]}},{"type":"Feature","properties":{"source_code":"J82169","codes":["J82169"],"label":"BOYATT WOOD SURGERY"},"geometry":{"type":"Polygon","coordinates":[[[-1.38438,50.96396],[-1.38431,50.96403],[-1.38693,50.9665],[-1.38621,50.96559],[-1.38458,50.96402],[-1.38438,50.96396],[-1.38445,50.96389],[-1.38612,50.96548],[-1.38704,50.9666],[-1.38814,50.96764],[-1.39004,50.97025],[-1.39007,50.97029],[-1.39007,50.97029],[-1.39011,50.97035],[-1.38999,50.97053],[-1.38986,50.97089],[-1.38986,50.97089],[-1.38985,50.9709],[-1.38968,50.9714],[-1.38972,50.97124],[-1.38793,50.97564],[-1.38436,50.98078],[-1.38423,50.98077],[-1.38423,50.9808],[-1.38436,50.9808],[-1.38286,50.98302],[-1.37902,50.98596],[-1.37318,50.98815],[-1.37054,50.98977],[-1.36724,50.99214],[-1.36488,50.9943],[-1.36273,50.99565],[-1.35898,50.99505],[-1.35838,50.99515],[-1.35696,50.99474],[-1.35597,50.99572],[-1.35578,50.99649],[-1.35645,50.9973],[-1.35625,50.99842],[-1.35276,51.00012],[-1.35027,50.99751],[-1.35048,50.99561],[-1.34299,50.99095],[-1.34686,50.98698],[-1.34762,50.98018],[-1.34746,50.98018],[-1.34741,50.98008],[-1.334,50.97982],[-1.33458,50.97943],[-1.32995,50.98156],[-1.32814,50.97413],[-1.33239,50.96762],[-1.33677,50.96986],[-1.34595,50.97035],[-1.34891,50.97023],[-1.34894,50.9701],[-1.34938,50.97013],[-1.35428,50.96043],[-1.35964,50.96113],[-1.36127,50.96067],[-1.37046,50.96145],[-1.37642,50.96154],[-1.38438,50.96396]],[[-1.37497,50.97335],[-1.37496,50.97335],[-1.37384,50.97447],[-1.37385,50.97447],[-1.37497,50.97335],[-1.37545,50.97336],[-1.38129,50.96704],[-1.37497,50.97335]],[[-1.38983,50.97076],[-1.38958,50.97113],[-1.38978,50.97095],[-1.38983,50.97076]],[[-1.34071,50.97409],[-1.34071,50.97409],[-1.34069,50.97411],[-1.34071,50.97409]],[[-1.33853,50.97759],[-1.33908,50.97874],[-1.33859,50.97749],[-1.33853,50.97759]]]}},{"type":"Feature","properties":{"source_code":"J82143","codes":["J82143"],"label":"PARK SURGERY"},"geometry":{"type":"Polygon","coordinates":[[[-1.34686,51.01138],[-1.38325,50.96405],[-1.43784,50.97832],[-1.39561,51.02628],[-1.34686,51.01138]]]}},{"type":"Feature","properties":{"source_code":"J82019","codes":["J82019"],"label":"THE FRYERN SURGERY"},"geometry":{"type":"MultiPolygon","coordinates":[[[[-1.38058,50.96248],[-1.37484,50.9607],[-1.38222,50.96264],[-1.38058,50.96248]]],[[[-1.32994,51.01664],[-1.32782,51.02178],[-1.33123,51.01213],[-1.32994,51.01664]]],[[[-1.40917,50.97508],[-1.4096,50.97521],[-1.43745,50.97757],[-1.4296,50.99117],[-1.43587,50.99977],[-1.43469,51.00704],[-1.42064,51.00991],[-1.41039,51.00831],[-1.39127,51.02195],[-1.35235,51.01532],[-1.33535,51.02272],[-1.33347,51.02455],[-1.32608,51.02671],[-1.32688,51.02445],[-1.329,51.01991],[-1.32994,51.01664],[-1.35355,50.95918],[-1.35475,50.95994],[-1.38058,50.96248],[-1.38565,50.96405],[-1.39492,50.96967],[-1.39578,50.96945],[-1.40574,50.97551],[-1.40917,50.97508]]],[[[-1.32782,51.02178],[-1.32688,51.02445],[-1.32557,51.02725],[-1.32782,51.02178]]],[[[-1.32557,51.02725],[-1.32523,51.0266],[-1.32574,51.02671],[-1.32557,51.02725]]]]}},{"type":"Feature","properties":{"source_code":"J82145","codes":["J82145"],"label":"ABBEYWELL SURGERY"},"geometry":{"type":"Polygon","coordinates":[[[-1.37878,51.01375],[-1.37604,50.9928],[-1.3829,50.97356],[-1.4732,50.93615],[-1.6143,50.9342],[-1.62392,51.01246],[-1.67747,51.04701],[-1.6555,51.08325],[-1.5374,51.07527],[-1.4138,51.088],[-1.37878,51.01375]]]}},{"type":"Feature","properties":{"source_code":"J82074","codes":["J82074"],"label":"ALMA ROAD SURGERY"},"geometry":{"type":"Polygon","coordinates":[[[-1.4859,51.07765],[-1.42985,51.049],[-1.40921,51.03635],[-1.39715,51.01818],[-1.3908,50.99453],[-1.38883,50.97481],[-1.3917,50.96462],[-1.40247,50.9568],[-1.47217,50.94329],[-1.50066,50.91905],[-1.58272,50.91992],[-1.64726,50.96448],[-1.64589,50.99431],[-1.61671,51.01008],[-1.62186,51.02499],[-1.62117,51.06556],[-1.4859,51.07765]]]}},{"type":"Feature","properties":{"source_code":"J82122","codes":["J82122"],"label":"ALMA ROAD SURGERY"},"geometry":{"type":"Polygon","coordinates":[[[-1.40385,50.9368],[-1.36938,50.93399],[-1.34754,50.9246],[-1.38325,50.90985],[-1.40041,50.89459],[-1.41689,50.90736],[-1.43921,50.92684],[-1.40385,50.9368]]]}},{"type":"Feature","properties":{"source_code":"J83043","codes":["J83043"],"label":"DOWNTON SURGERY"},"geometry":{"type":"Polygon","coordinates":[[[-1.66925,50.94437],[-1.77,50.94394],[-1.77464,50.98913],[-1.77258,51.02909],[-1.74408,51.03319],[-1.71799,51.03038],[-1.62791,50.95678],[-1.66925,50.94437]]]}},{"type":"Feature","properties":{"source_code":"J83004","codes":["J83004"],"label":"WHITEPARISH SURGERY"},"geometry":{"type":"Polygon","coordinates":[[[-1.55491,50.97729],[-1.57156,50.94772],[-1.61791,50.93647],[-1.64246,50.94404],[-1.64846,50.96102],[-1.69121,50.96545],[-1.71661,50.98426],[-1.73721,51.0049],[-1.74665,51.04096],[-1.72777,51.06459],[-1.71387,51.06233],[-1.70185,51.06254],[-1.68777,51.06416],[-1.66752,51.0483],[-1.63542,51.05424],[-1.61293,51.06923],[-1.55525,51.03826],[-1.54362,51.01805],[-1.54607,50.99782],[-1.56332,50.99647],[-1.55491,50.97729]]]}},{"type":"Feature","properties":{"source_code":"J82116","codes":["J82116"],"label":"TWYFORD SURGERY"},"geometry":{"type":"Polygon","coordinates":[[[-1.2878,51.05995],[-1.22326,50.99582],[-1.35029,50.98653],[-1.30228,51.04966],[-1.34033,51.01116],[-1.39389,51.02283],[-1.35201,51.05132],[-1.32385,51.03319],[-1.29295,51.05909],[-1.29967,51.0523],[-1.2878,51.05995]]]}},{"type":"Feature","properties":{"source_code":"J82035","codes":["J82035"],"label":"ST CLEMENTS PARTNERSHIP"},"geometry":{"type":"Polygon","coordinates":[[[-1.39011,51.1102],[-1.33175,51.12076],[-1.23528,51.10406],[-1.2418,51.06147],[-1.27098,51.02499],[-1.31664,51.01872],[-1.38908,51.02326],[-1.39011,51.1102]]]}},{"type":"Feature","properties":{"source_code":"J82050","codes":["J82050"],"label":"ST PAUL'S SURGERY"},"geometry":{"type":"Polygon","coordinates":[[[-1.41106,51.11818],[-1.30188,51.12637],[-1.20712,51.09404],[-1.2648,51.05391],[-1.33759,51.02714],[-1.38222,51.06082],[-1.41106,51.11818]]]}},{"type":"Feature","properties":{"source_code":"J83003","codes":["J83003"],"label":"HARCOURT MEDICAL CENTRE"},"geometry":{"type":"MultiPolygon","coordinates":[[[[-1.64264,51.1221],[-1.64547,51.12219],[-1.65164,51.12314],[-1.64264,51.1221]]],[[[-1.90476,51.02159],[-1.89445,51.02347],[-1.90475,51.02175],[-1.90476,51.02159],[-1.9051,51.02153],[-1.90407,51.0265],[-1.90269,51.05089],[-1.90166,51.06556],[-1.84914,51.066],[-1.84879,51.08972],[-1.88587,51.09015],[-1.88587,51.09468],[-1.88553,51.1115],[-1.85188,51.11128],[-1.8512,51.11667],[-1.85257,51.14059],[-1.80862,51.1408],[-1.73103,51.06082],[-1.73103,51.05219],[-1.73206,51.04463],[-1.73172,51.03708],[-1.73103,51.02347],[-1.73103,51.01591],[-1.73172,51.00922],[-1.7482,51.00965],[-1.77292,51.01008],[-1.7918,51.0103],[-1.85875,50.99129],[-1.9075,50.98221],[-1.90476,51.02159]]],[[[-1.75726,51.13529],[-1.75762,51.13533],[-1.75725,51.13523],[-1.75726,51.13529],[-1.6892,51.12747],[-1.68915,51.12809],[-1.68861,51.128],[-1.68812,51.13175],[-1.68743,51.14145],[-1.67439,51.14317],[-1.65379,51.1436],[-1.64246,51.1436],[-1.64177,51.13671],[-1.64177,51.12421],[-1.64147,51.12229],[-1.6404,51.12357],[-1.63971,51.10697],[-1.64177,51.09339],[-1.65516,51.08433],[-1.67129,51.08358],[-1.6713,51.08325],[-1.69018,51.08325],[-1.69018,51.07506],[-1.68983,51.05974],[-1.69807,51.05995],[-1.71352,51.06039],[-1.72993,51.06081],[-1.73035,51.06039],[-1.80794,51.14016],[-1.79384,51.13953],[-1.78047,51.14016],[-1.76743,51.13908],[-1.75816,51.13843],[-1.75726,51.13529]]],[[[-1.65164,51.12314],[-1.67846,51.12623],[-1.65741,51.12257],[-1.64547,51.12219],[-1.64199,51.12165],[-1.64171,51.12199],[-1.64264,51.1221],[-1.64212,51.12208],[-1.64169,51.12202],[-1.64165,51.12207],[-1.64212,51.12208],[-1.67267,51.12637],[-1.65164,51.12314]]],[[[-1.64211,51.12152],[-1.65639,51.1224],[-1.64452,51.12033],[-1.66168,51.09835],[-1.67061,51.09921],[-1.67116,51.08653],[-1.64211,51.12152]]],[[[-1.69084,51.10683],[-1.69652,51.10714],[-1.6967,51.10697],[-1.69086,51.10654],[-1.69084,51.10683]]],[[[-1.68998,51.11761],[-1.6899,51.1186],[-1.69231,51.11822],[-1.68998,51.11761],[-1.68999,51.11752],[-1.68658,51.1165],[-1.6864,51.11667],[-1.68998,51.11761]]]]}},{"type":"Feature","properties":{"source_code":"J83026","codes":["J83026"],"label":"THREE CHEQUERS MEDICAL PRACTICE"},"geometry":{"type":"Polygon","coordinates":[[[-1.71387,51.15905],[-1.62735,51.11769],[-1.63284,51.10475],[-1.63284,51.07888],[-1.64932,51.06593],[-1.65344,51.05644],[-1.65482,51.03917],[-1.67267,51.03745],[-1.67404,51.03054],[-1.74957,51.02967],[-1.76193,51.01326],[-1.84296,51.01153],[-1.86905,50.98388],[-1.87042,51.04349],[-1.85806,51.06335],[-1.86081,51.14526],[-1.71387,51.15905]]]}},{"type":"Feature","properties":{"source_code":"J83052","codes":["J83052"],"label":"SARUM HEALTH GROUP"},"geometry":{"type":"Polygon","coordinates":[[[-1.8639,51.08174],[-1.84948,51.10298],[-1.82098,51.12524],[-1.85465,51.16277],[-1.91746,51.19527],[-1.92224,51.23398],[-1.91297,51.29005],[-1.78495,51.30121],[-1.71252,51.21914],[-1.66411,51.17676],[-1.72245,51.13455],[-1.71112,51.09727],[-1.65722,51.08821],[-1.65515,51.08821],[-1.70391,51.04031],[-1.70365,50.98848],[-1.78991,50.93139],[-1.77155,51.02822],[-1.84982,51.03643],[-1.87695,51.08778],[-1.8639,51.08174]]]}},{"type":"Feature","properties":{"source_code":"J83021","codes":["J83021"],"label":"SALISBURY MEDICAL PRACTICE"},"geometry":{"type":"MultiPolygon","coordinates":[[[[-1.99102,51.13512],[-1.89405,51.13099],[-1.85635,51.12928],[-1.85636,51.12936],[-1.85605,51.12935],[-1.85449,51.12922],[-1.83907,51.13194],[-1.81159,51.14285],[-1.77524,51.1547],[-1.70992,51.15195],[-1.64658,51.11732],[-1.64989,51.0981],[-1.64994,51.09461],[-1.65038,51.09184],[-1.65349,51.08889],[-1.658,51.07641],[-1.65871,51.06945],[-1.66021,51.06147],[-1.67452,51.05305],[-1.68048,51.0455],[-1.68967,51.04399],[-1.70838,51.02412],[-1.72747,51.00873],[-1.7397,51.00911],[-1.74116,51.00663],[-1.75816,51.00058],[-1.78219,51.00079],[-1.80056,51.00522],[-1.79979,51.01121],[-1.80644,51.01259],[-1.8326,51.01112],[-1.85532,51.01764],[-1.89282,51.03286],[-1.89376,51.03071],[-1.90258,51.02852],[-1.90545,51.02705],[-1.91049,51.02809],[-1.91704,51.02942],[-1.92821,51.02863],[-1.93337,51.03029],[-1.93552,51.02733],[-1.9408,51.02505],[-1.94876,51.02477],[-1.95978,51.02668],[-1.96885,51.02689],[-1.97757,51.02559],[-1.98082,51.02735],[-1.98185,51.02889],[-1.98527,51.03241],[-1.99281,51.03794],[-1.99844,51.04263],[-1.9955,51.04602],[-1.99547,51.04801],[-1.99216,51.0563],[-2.00155,51.06232],[-2.00265,51.06458],[-2.00101,51.06706],[-1.99834,51.06792],[-1.99528,51.06921],[-1.99023,51.07404],[-1.98858,51.07778],[-1.98899,51.08023],[-1.99942,51.08016],[-2.00335,51.08064],[-2.00951,51.0836],[-2.01668,51.08488],[-2.02179,51.08901],[-2.02169,51.0934],[-2.01746,51.09498],[-2.00757,51.09415],[-2.00108,51.09115],[-1.99267,51.09018],[-1.99388,51.09461],[-1.99458,51.09979],[-1.99461,51.10673],[-1.98982,51.1212],[-1.99102,51.13512]]],[[[-1.85636,51.12936],[-1.89405,51.13099],[-1.99104,51.13533],[-1.99102,51.13512],[-1.99136,51.13513],[-2.00397,51.13733],[-2.00509,51.14087],[-1.99762,51.14161],[-1.97046,51.15574],[-1.93368,51.1633],[-1.90304,51.16765],[-1.89291,51.16947],[-1.8718,51.17096],[-1.85892,51.17202],[-1.85978,51.15022],[-1.85636,51.12936]]]]}},{"type":"Feature","properties":{"source_code":"J82130","codes":["J82130"],"label":"FRIARSGATE PRACTICE"},"geometry":{"type":"Polygon","coordinates":[[[-1.43569,51.00776],[-1.40333,51.06022],[-1.40076,51.1005],[-1.39938,51.11516],[-1.3829,51.14145],[-1.34823,51.15351],[-1.34222,51.16492],[-1.33587,51.1759],[-1.2945,51.18074],[-1.27416,51.18897],[-1.25587,51.19247],[-1.26068,51.17407],[-1.24557,51.1492],[-1.18704,51.08315],[-1.26926,51.00835],[-1.33535,51.02099],[-1.40822,51.00933],[-1.41023,51.00803],[-1.41394,51.00759],[-1.41769,51.00856],[-1.42363,51.00952],[-1.4294,51.00767],[-1.43246,51.00669],[-1.43569,51.00776]]]}},{"type":"Feature","properties":{"source_code":"J83019","codes":["J83019"],"label":"THE ORCHARD PARTNERSHIP"},"geometry":{"type":"MultiPolygon","coordinates":[[[[-1.85496,51.18264],[-1.85549,51.18361],[-1.85496,51.18322],[-1.85496,51.18264]]],[[[-1.85549,51.18361],[-1.85559,51.18369],[-1.85563,51.18386],[-1.85549,51.18361]]],[[[-1.85701,51.18849],[-1.85736,51.18817],[-1.85742,51.18819],[-1.85702,51.18852],[-1.85701,51.18849]]],[[[-1.85701,51.18849],[-1.85667,51.18881],[-1.85702,51.18852],[-1.85759,51.19019],[-1.85746,51.19023],[-1.85667,51.18924],[-1.85599,51.18989],[-1.85518,51.19074],[-1.85632,51.18645],[-1.85701,51.18849]]],[[[-1.85518,51.19074],[-1.85517,51.19074],[-1.85517,51.19075],[-1.85518,51.19074]]],[[[-1.85517,51.19075],[-1.85496,51.19096],[-1.85513,51.19091],[-1.85491,51.19174],[-1.85324,51.19182],[-1.85517,51.19075]]],[[[-1.85491,51.19174],[-1.8556,51.19171],[-1.8546,51.19398],[-1.85569,51.19411],[-1.85357,51.19677],[-1.85491,51.19174]]],[[[-1.86042,51.20209],[-1.86114,51.20366],[-1.85907,51.20194],[-1.86042,51.20209]]],[[[-1.94595,51.2357],[-1.91042,51.20774],[-1.86042,51.20209],[-1.85906,51.19914],[-1.857,51.19505],[-1.85803,51.19441],[-1.85569,51.19411],[-1.85769,51.19161],[-1.8556,51.19171],[-1.85608,51.19064],[-1.85746,51.19023],[-1.8577,51.19053],[-1.85759,51.19019],[-1.86011,51.18946],[-1.85742,51.18819],[-1.85873,51.18709],[-1.85873,51.18601],[-1.85559,51.18369],[-1.85529,51.18214],[-1.85494,51.17956],[-1.85496,51.18264],[-1.8522,51.17762],[-1.85437,51.1782],[-1.85359,51.17913],[-1.85461,51.17827],[-1.85437,51.1782],[-1.85668,51.17547],[-1.85789,51.17202],[-1.85557,51.12615],[-1.85195,51.11734],[-1.84523,51.10875],[-1.83903,51.10112],[-1.84906,51.08922],[-1.85597,51.08176],[-1.83231,51.07862],[-1.84158,51.06125],[-1.93737,51.06805],[-1.98329,51.05982],[-1.99563,51.05345],[-2.00729,51.0522],[-2.01553,51.05103],[-2.01965,51.05066],[-2.02205,51.05069],[-2.02462,51.04985],[-2.02934,51.04819],[-2.03354,51.04567],[-2.04432,51.03799],[-2.05296,51.03626],[-2.06092,51.03258],[-2.06099,51.03268],[-2.06088,51.03246],[-2.06114,51.03254],[-2.06667,51.04911],[-2.06912,51.06503],[-2.06945,51.06794],[-2.0636,51.07302],[-2.05395,51.08058],[-2.05117,51.08836],[-2.02196,51.122],[-2.15366,51.17794],[-2.13993,51.18166],[-2.12757,51.18529],[-2.12002,51.18548],[-2.03402,51.19145],[-1.9917,51.21551],[-1.97089,51.22819],[-1.94595,51.2357]]],[[[-1.85517,51.19074],[-1.85632,51.1901],[-1.85608,51.19064],[-1.85513,51.19091],[-1.85517,51.19074]]]]}},{"type":"Feature","properties":{"source_code":"J82016","codes":["J82016"],"label":"STOCKBRIDGE SURGERY"},"geometry":{"type":"Polygon","coordinates":[[[-1.43921,51.16901],[-1.38496,51.14296],[-1.35338,51.10999],[-1.41415,51.0757],[-1.44556,51.05575],[-1.48384,51.0401],[-1.63765,51.04636],[-1.65773,51.0612],[-1.66374,51.07646],[-1.64984,51.10185],[-1.64246,51.16966],[-1.58907,51.18601],[-1.58469,51.17482],[-1.56019,51.16987],[-1.53019,51.18214],[-1.48401,51.1702],[-1.47088,51.17724],[-1.43921,51.16901]]]}},{"type":"Feature","properties":{"source_code":"J82106","codes":["J82106"],"label":"GRATTON SURGERY"},"geometry":{"type":"MultiPolygon","coordinates":[[[[-1.45448,51.20963],[-1.45569,51.20946],[-1.45448,51.20964],[-1.45448,51.20963]]],[[[-1.45448,51.20964],[-1.4543,51.21119],[-1.40345,51.21705],[-1.45448,51.20964]]],[[[-1.33518,51.15631],[-1.33639,51.16805],[-1.33716,51.17265],[-1.3369,51.21721],[-1.34411,51.22387],[-1.34576,51.22368],[-1.34582,51.22409],[-1.3689,51.22103],[-1.40345,51.21705],[-1.34585,51.22539],[-1.2621,51.22476],[-1.20584,51.19295],[-1.22412,51.15189],[-1.23665,51.12324],[-1.26772,51.09285],[-1.30205,51.08821],[-1.32797,51.08325],[-1.33724,51.07268],[-1.37947,51.07592],[-1.45706,51.08972],[-1.47285,51.13369],[-1.46307,51.13929],[-1.45483,51.14802],[-1.45852,51.15179],[-1.46118,51.15599],[-1.45638,51.2099],[-1.45981,51.16406],[-1.45448,51.20963],[-1.3689,51.22103],[-1.34576,51.22368],[-1.33716,51.17265],[-1.33724,51.15975],[-1.33518,51.15631]]]]}},{"type":"Feature","properties":{"source_code":"J83048","codes":["J83048"],"label":"ST MELOR HOUSE SURGERY"},"geometry":{"type":"Polygon","coordinates":[[[-1.79644,51.23943],[-1.66775,51.21062],[-1.6884,51.16108],[-1.70693,51.14946],[-1.70549,51.14993],[-1.75766,51.10748],[-1.8335,51.10748],[-1.82458,51.14411],[-1.82286,51.14497],[-1.8915,51.16995],[-1.90248,51.1947],[-1.8534,51.2089],[-1.79644,51.23943]]]}},{"type":"Feature","properties":{"source_code":"J83005","codes":["J83005"],"label":"BARCROFT MEDICAL CENTRE"},"geometry":{"type":"Polygon","coordinates":[[[-1.72073,51.26277],[-1.71576,51.25644],[-1.68983,51.25762],[-1.66855,51.19441],[-1.66718,51.11128],[-1.79901,51.10525],[-1.88004,51.09317],[-1.96655,51.15523],[-1.98715,51.18623],[-1.90613,51.2],[-1.7985,51.25262],[-1.71904,51.25629],[-1.72348,51.26277],[-1.71805,51.25633],[-1.71708,51.25638],[-1.72073,51.26277]]]}},{"type":"Feature","properties":{"source_code":"J82053","codes":["J82053"],"label":"ADELAIDE MEDICAL CENTRE"},"geometry":{"type":"Polygon","coordinates":[[[-1.432,51.22409],[-1.43097,51.21377],[-1.42445,51.2142],[-1.41792,51.21592],[-1.41209,51.21656],[-1.40488,51.21635],[-1.39698,51.21678],[-1.39355,51.21678],[-1.38943,51.21592],[-1.38039,51.17883],[-1.38393,51.21506],[-1.37741,51.21549],[-1.3726,51.21506],[-1.3678,51.21592],[-1.37877,51.17221],[-1.3781,51.16944],[-1.37947,51.16944],[-1.38119,51.16944],[-1.38228,51.1697],[-1.50933,51.17434],[-1.50713,51.17461],[-1.51337,51.17461],[-1.52676,51.1815],[-1.52367,51.18537],[-1.51817,51.19053],[-1.51234,51.19677],[-1.50768,51.20105],[-1.51122,51.20994],[-1.48161,51.22978],[-1.432,51.22409]],[[-1.46698,51.18537],[-1.47601,51.18092],[-1.47483,51.18144],[-1.46686,51.18538],[-1.46698,51.18537]],[[-1.48356,51.17758],[-1.49082,51.17661],[-1.48384,51.17746],[-1.48356,51.17758]]]}},{"type":"Feature","properties":{"source_code":"J82103","codes":["J82103"],"label":"ST MARY'S SURGERY"},"geometry":{"type":"Polygon","coordinates":[[[-1.53113,51.18913],[-1.53122,51.19023],[-1.5332,51.19094],[-1.53626,51.1908],[-1.53922,51.19157],[-1.5456,51.19486],[-1.56135,51.19935],[-1.55954,51.21656],[-1.55165,51.21914],[-1.54699,51.21793],[-1.54148,51.21748],[-1.53776,51.2168],[-1.53422,51.21581],[-1.52577,51.21366],[-1.52096,51.21261],[-1.51624,51.21124],[-1.50873,51.20952],[-1.50006,51.20788],[-1.49794,51.20751],[-1.49547,51.20741],[-1.49282,51.20695],[-1.49009,51.20666],[-1.48778,51.20668],[-1.48565,51.20654],[-1.48385,51.2062],[-1.48247,51.2057],[-1.48431,51.21016],[-1.48511,51.21119],[-1.48539,51.21312],[-1.48062,51.21436],[-1.47642,51.21594],[-1.46991,51.21528],[-1.46281,51.21519],[-1.46049,51.21472],[-1.45844,51.21381],[-1.45492,51.21045],[-1.45243,51.2077],[-1.45101,51.20627],[-1.44998,51.20489],[-1.44899,51.20065],[-1.4362,51.19871],[-1.42513,51.19613],[-1.41724,51.19064],[-1.40771,51.18704],[-1.41067,51.18523],[-1.41191,51.18257],[-1.41475,51.17811],[-1.41747,51.17685],[-1.4202,51.17625],[-1.42387,51.17398],[-1.42822,51.17224],[-1.43432,51.17076],[-1.4399,51.16901],[-1.44221,51.16815],[-1.4432,51.16705],[-1.44496,51.16605],[-1.44817,51.16421],[-1.45061,51.16183],[-1.45232,51.16037],[-1.45447,51.15901],[-1.45722,51.1566],[-1.45834,51.15596],[-1.45945,51.15575],[-1.45929,51.15319],[-1.46153,51.15239],[-1.4635,51.15309],[-1.46617,51.15386],[-1.46871,51.15511],[-1.47032,51.15553],[-1.47219,51.15553],[-1.47692,51.15671],[-1.4798,51.15732],[-1.48217,51.15862],[-1.48682,51.1609],[-1.49118,51.16312],[-1.49532,51.16574],[-1.50015,51.16783],[-1.50153,51.16832],[-1.50266,51.16892],[-1.505,51.17023],[-1.5089,51.17349],[-1.50989,51.17487],[-1.51199,51.17587],[-1.51448,51.17646],[-1.51706,51.17684],[-1.51962,51.17755],[-1.52201,51.17842],[-1.5262,51.18119],[-1.52853,51.18266],[-1.52974,51.18484],[-1.53113,51.18913]]]}},{"type":"Feature","properties":{"source_code":"J82017","codes":["J82017"],"label":"THE ANDOVER HEALTH CENTRE MEDICAL PRACT"},"geometry":{"type":"Polygon","coordinates":[[[-1.46976,51.17611],[-1.48921,51.17124],[-1.52255,51.17445],[-1.57499,51.19451],[-1.55594,51.21785],[-1.54435,51.23457],[-1.55783,51.24354],[-1.49997,51.26449],[-1.47989,51.2328],[-1.48521,51.22129],[-1.47594,51.2157],[-1.48521,51.21377],[-1.48247,51.20538],[-1.47869,51.20495],[-1.49139,51.19634],[-1.48144,51.19462],[-1.47766,51.18386],[-1.46976,51.17611]]]}},{"type":"Feature","properties":{"source_code":"J82025","codes":["J82025"],"label":"CHARLTON HILL SURGERY"},"geometry":{"type":"Polygon","coordinates":[[[-1.52367,51.21205],[-1.50547,51.19892],[-1.47354,51.19139],[-1.44814,51.19742],[-1.42548,51.19139],[-1.40488,51.18429],[-1.4126,51.17504],[-1.42282,51.17106],[-1.43269,51.16815],[-1.44856,51.16035],[-1.4562,51.15082],[-1.56178,51.16008],[-1.57632,51.16037],[-1.59201,51.15944],[-1.60272,51.15475],[-1.6189,51.15014],[-1.63404,51.14748],[-1.63559,51.16298],[-1.63422,51.19828],[-1.59988,51.2516],[-1.5877,51.29649],[-1.57001,51.2952],[-1.55079,51.29692],[-1.54143,51.29595],[-1.53208,51.29821],[-1.52573,51.30486],[-1.52435,51.33404],[-1.4447,51.33319],[-1.44007,51.31801],[-1.4399,51.30175],[-1.43887,51.29],[-1.43234,51.28769],[-1.38771,51.2704],[-1.36883,51.26036],[-1.36316,51.25544],[-1.36505,51.25074],[-1.36432,51.24513],[-1.36943,51.24188],[-1.3817,51.23688],[-1.37999,51.20559],[-1.36316,51.20325],[-1.37192,51.19855],[-1.3805,51.19451],[-1.40144,51.18666],[-1.44608,51.20086],[-1.45981,51.21721],[-1.46616,51.2243],[-1.47818,51.23172],[-1.50925,51.22065],[-1.52367,51.21205]]]}},{"type":"Feature","properties":{"source_code":"J82082","codes":["J82082"],"label":"SHEPHERDS SPRING MEDICAL CENTRE"},"geometry":{"type":"Polygon","coordinates":[[[-1.52997,51.18532],[-1.53158,51.1906],[-1.53283,51.19101],[-1.53417,51.19067],[-1.53624,51.19073],[-1.53875,51.19145],[-1.54301,51.19336],[-1.54578,51.19511],[-1.54838,51.19635],[-1.55089,51.19672],[-1.55306,51.19796],[-1.55624,51.19661],[-1.56699,51.19338],[-1.57816,51.18945],[-1.58221,51.18873],[-1.58574,51.18759],[-1.59442,51.18008],[-1.60324,51.19669],[-1.60623,51.20955],[-1.59584,51.21392],[-1.60021,51.21695],[-1.60486,51.22334],[-1.60642,51.23134],[-1.60937,51.23923],[-1.61918,51.24578],[-1.62058,51.25338],[-1.61847,51.25523],[-1.61657,51.25741],[-1.61492,51.25868],[-1.61156,51.26172],[-1.60923,51.26154],[-1.59214,51.26463],[-1.57573,51.26644],[-1.56516,51.26566],[-1.55541,51.26402],[-1.54687,51.26301],[-1.54068,51.26059],[-1.53466,51.25775],[-1.53051,51.26284],[-1.52985,51.26363],[-1.53098,51.26711],[-1.53238,51.26882],[-1.53587,51.27286],[-1.53712,51.27659],[-1.53735,51.28096],[-1.54015,51.29402],[-1.53019,51.29934],[-1.52796,51.30357],[-1.52535,51.30655],[-1.51931,51.30738],[-1.50963,51.30647],[-1.50445,51.30478],[-1.50236,51.30202],[-1.49769,51.29786],[-1.49474,51.29456],[-1.48792,51.29413],[-1.48039,51.29445],[-1.4764,51.29197],[-1.47447,51.28927],[-1.47061,51.28409],[-1.45535,51.27953],[-1.45002,51.27491],[-1.4362,51.26992],[-1.42483,51.26549],[-1.39389,51.24988],[-1.38376,51.23828],[-1.37827,51.22473],[-1.37312,51.21011],[-1.36909,51.20484],[-1.36913,51.20231],[-1.37355,51.20258],[-1.37754,51.20247],[-1.38202,51.19855],[-1.38624,51.19535],[-1.39217,51.19333],[-1.40676,51.18849],[-1.41415,51.17999],[-1.42445,51.1731],[-1.44144,51.16858],[-1.44324,51.16689],[-1.44457,51.16617],[-1.4459,51.1654],[-1.44745,51.16468],[-1.44932,51.16316],[-1.45158,51.16082],[-1.45221,51.16051],[-1.45327,51.15968],[-1.45625,51.15725],[-1.45748,51.15604],[-1.45935,51.15319],[-1.46145,51.15226],[-1.46574,51.15377],[-1.46985,51.15543],[-1.47214,51.15553],[-1.47533,51.15631],[-1.47735,51.15667],[-1.47946,51.15717],[-1.48264,51.15876],[-1.49172,51.16331],[-1.49679,51.16652],[-1.50049,51.16783],[-1.50169,51.16826],[-1.50264,51.16873],[-1.50405,51.16944],[-1.50487,51.17024],[-1.50659,51.171],[-1.50843,51.17262],[-1.51011,51.17509],[-1.51189,51.17593],[-1.51444,51.17656],[-1.51912,51.17711],[-1.5256,51.18062],[-1.52884,51.18273],[-1.52997,51.18532]]]}},{"type":"Feature","properties":{"source_code":"J82214","codes":["J82214"],"label":"WHITCHURCH SURGERY"},"geometry":{"type":"Polygon","coordinates":[[[-1.27476,51.24188],[-1.26411,51.19312],[-1.27265,51.18817],[-1.27615,51.18468],[-1.27942,51.183],[-1.28087,51.18248],[-1.2827,51.18206],[-1.28894,51.18089],[-1.29215,51.18035],[-1.29373,51.18009],[-1.29531,51.17984],[-1.30139,51.17922],[-1.30754,51.17875],[-1.31928,51.17776],[-1.32504,51.17708],[-1.33104,51.17609],[-1.33374,51.1755],[-1.33644,51.17512],[-1.33964,51.17535],[-1.3428,51.17593],[-1.34706,51.17654],[-1.35218,51.17698],[-1.39715,51.1815],[-1.41797,51.18279],[-1.45114,51.18343],[-1.51199,51.19268],[-1.49002,51.20957],[-1.48624,51.21613],[-1.52075,51.27073],[-1.53036,51.29257],[-1.52444,51.31766],[-1.41311,51.3275],[-1.37412,51.32196],[-1.34927,51.31729],[-1.33277,51.31044],[-1.32522,51.30618],[-1.31617,51.30446],[-1.30491,51.30133],[-1.30378,51.29465],[-1.30017,51.29015],[-1.29991,51.28801],[-1.27476,51.24188]]]}},{"type":"Feature","properties":{"source_code":"J83014","codes":["J83014"],"label":"CASTLE PRACTICE"},"geometry":{"type":"Polygon","coordinates":[[[-1.66237,51.30953],[-1.57036,51.29456],[-1.54083,51.29477],[-1.47526,51.24129],[-1.4986,51.22151],[-1.51886,51.2157],[-1.5477,51.1957],[-1.60641,51.17568],[-1.62357,51.16901],[-1.65173,51.1604],[-1.66031,51.14296],[-1.69739,51.15545],[-1.68983,51.16148],[-1.707,51.15006],[-1.73859,51.17999],[-1.70343,51.18298],[-1.70142,51.17957],[-1.69601,51.16923],[-1.69155,51.16277],[-1.70142,51.17957],[-1.70322,51.183],[-1.70343,51.18298],[-1.70357,51.18322],[-1.75266,51.29413],[-1.69438,51.31291],[-1.67584,51.31141],[-1.67456,51.31307],[-1.66237,51.30953]]]}},{"type":"Feature","properties":{"source_code":"J83619","codes":["J83619"],"label":"COURTYARD SURGERY"},"geometry":{"type":"Polygon","coordinates":[[[-1.97891,51.39021],[-1.97939,51.38964],[-1.96063,51.36425],[-1.96548,51.34786],[-1.96371,51.34755],[-1.96219,51.34768],[-1.87473,51.33301],[-1.85114,51.32991],[-1.84403,51.31566],[-1.80733,51.31102],[-1.80967,51.30017],[-1.82025,51.29706],[-1.81806,51.29255],[-1.85762,51.25774],[-1.84473,51.20269],[-1.88351,51.1863],[-1.9075,51.18794],[-1.90467,51.17919],[-1.91969,51.17947],[-1.96492,51.1608],[-1.99479,51.18431],[-2.02158,51.18741],[-2.03257,51.1919],[-2.15482,51.25568],[-2.15963,51.26693],[-2.15792,51.26722],[-2.15793,51.27231],[-2.16223,51.27267],[-2.17134,51.28549],[-2.17138,51.29167],[-2.17971,51.29199],[-2.17302,51.29522],[-2.16102,51.29137],[-2.14387,51.28024],[-2.12885,51.29155],[-2.09528,51.30629],[-2.11483,51.31288],[-2.12647,51.32003],[-2.13052,51.32748],[-2.12627,51.33979],[-2.11501,51.35239],[-2.09207,51.35428],[-2.06365,51.35273],[-2.06118,51.36626],[-2.06998,51.37274],[-2.06011,51.37971],[-2.03762,51.36964],[-2.03247,51.37349],[-2.02286,51.38035],[-2.00844,51.38592],[-1.97984,51.39008],[-1.97977,51.39015],[-1.97973,51.39009],[-1.97891,51.39021]]]}},{"type":"Feature","properties":{"source_code":"J83056","codes":["J83056"],"label":"MARKET LAVINGTON SURGERY"},"geometry":{"type":"Polygon","coordinates":[[[-1.79214,51.32503],[-1.95419,51.23097],[-2.08672,51.28082],[-2.09358,51.34734],[-2.05788,51.40049],[-1.94527,51.39021],[-1.90544,51.36921],[-1.79214,51.32503]]]}},{"type":"Feature","properties":{"source_code":"J83023","codes":["J83023"],"label":"AVON VALLEY PRACTICE"},"geometry":{"type":"Polygon","coordinates":[[[-1.81274,51.4022],[-1.71318,51.2864],[-1.71513,51.28665],[-1.71387,51.28576],[-1.71593,51.18106],[-1.77567,51.1632],[-1.82613,51.17848],[-1.89444,51.30949],[-1.89514,51.30958],[-1.89493,51.31043],[-1.89617,51.3128],[-1.89601,51.31295],[-1.91334,51.34713],[-1.90887,51.36192],[-1.87734,51.38126],[-1.8766,51.38421],[-1.81274,51.4022]],[[-1.89054,51.32812],[-1.89555,51.31341],[-1.89375,51.31519],[-1.89054,51.32812]]]}},{"type":"Feature","properties":{"source_code":"J83601","codes":["J83601"],"label":"BURBAGE SURGERY"},"geometry":{"type":"Polygon","coordinates":[[[-1.73447,51.41677],[-1.73309,51.41976],[-1.55457,51.36964],[-1.65207,51.27781],[-1.76743,51.33619],[-1.73447,51.41677]]]}},{"type":"Feature","properties":{"source_code":"J82054","codes":["J82054"],"label":"KINTBURY & WOOLTON HILL SURGERY"},"geometry":{"type":"Polygon","coordinates":[[[-1.34257,51.38222],[-1.34175,51.38219],[-1.34091,51.38223],[-1.33969,51.38238],[-1.33843,51.38257],[-1.33522,51.38272],[-1.33472,51.38284],[-1.33355,51.38342],[-1.33237,51.38381],[-1.33126,51.38409],[-1.32964,51.38434],[-1.32835,51.38462],[-1.32743,51.3848],[-1.32652,51.38485],[-1.32584,51.38484],[-1.32348,51.38478],[-1.3217,51.38454],[-1.32086,51.38414],[-1.31986,51.38262],[-1.31952,51.38199],[-1.31901,51.38089],[-1.31868,51.37959],[-1.31853,51.37823],[-1.31862,51.37642],[-1.31853,51.37574],[-1.31821,51.37499],[-1.31759,51.37421],[-1.31695,51.37386],[-1.31662,51.3736],[-1.3165,51.37299],[-1.31615,51.37293],[-1.31566,51.37305],[-1.3149,51.37311],[-1.31469,51.37282],[-1.31433,51.37277],[-1.31409,51.37283],[-1.31347,51.37278],[-1.31296,51.37285],[-1.31243,51.37301],[-1.31201,51.37309],[-1.31169,51.37302],[-1.31139,51.37284],[-1.31112,51.37282],[-1.31117,51.37265],[-1.31113,51.37258],[-1.3108,51.37258],[-1.31078,51.37238],[-1.31074,51.37225],[-1.31024,51.37218],[-1.30955,51.37203],[-1.30922,51.3718],[-1.30866,51.37167],[-1.30811,51.37159],[-1.30763,51.37151],[-1.30738,51.37147],[-1.30709,51.37127],[-1.30653,51.37124],[-1.3061,51.37128],[-1.30575,51.37123],[-1.30549,51.37129],[-1.30514,51.37123],[-1.30487,51.37115],[-1.30441,51.3712],[-1.30407,51.37111],[-1.30387,51.37108],[-1.30381,51.37119],[-1.30372,51.37122],[-1.30356,51.37118],[-1.30341,51.37109],[-1.30327,51.37094],[-1.30314,51.37087],[-1.30296,51.3709],[-1.30283,51.37101],[-1.30273,51.37102],[-1.30248,51.37091],[-1.30215,51.37083],[-1.30165,51.37082],[-1.30138,51.37083],[-1.3011,51.37097],[-1.30079,51.37102],[-1.30048,51.37098],[-1.29936,51.37132],[-1.29834,51.37162],[-1.29758,51.3717],[-1.29651,51.37185],[-1.29562,51.3718],[-1.29463,51.3717],[-1.29347,51.37148],[-1.29209,51.37146],[-1.28691,51.37159],[-1.28192,51.37142],[-1.27946,51.37111],[-1.27738,51.37046],[-1.27585,51.36956],[-1.27447,51.36868],[-1.2726,51.36695],[-1.2734,51.36623],[-1.2745,51.36493],[-1.2761,51.36353],[-1.2769,51.36304],[-1.27697,51.36225],[-1.27748,51.36208],[-1.27909,51.36203],[-1.27976,51.36183],[-1.28088,51.36107],[-1.28155,51.36066],[-1.28216,51.35997],[-1.28388,51.35885],[-1.28592,51.35809],[-1.2872,51.35666],[-1.28977,51.35398],[-1.28949,51.3521],[-1.28988,51.35115],[-1.29027,51.35038],[-1.29107,51.34972],[-1.29147,51.34857],[-1.29223,51.34756],[-1.29253,51.3471],[-1.29351,51.34632],[-1.29359,51.34588],[-1.29373,51.34552],[-1.29517,51.34303],[-1.29551,51.34237],[-1.29583,51.34139],[-1.29581,51.34055],[-1.29537,51.34018],[-1.29464,51.33952],[-1.29429,51.3389],[-1.29454,51.33852],[-1.29502,51.33771],[-1.29534,51.33707],[-1.29552,51.33671],[-1.29607,51.3358],[-1.29655,51.33516],[-1.29688,51.33476],[-1.29715,51.33429],[-1.29716,51.33396],[-1.29734,51.33312],[-1.29902,51.33162],[-1.29922,51.33088],[-1.29932,51.33053],[-1.30003,51.32916],[-1.3002,51.329],[-1.30125,51.32859],[-1.30268,51.32824],[-1.30288,51.32812],[-1.30314,51.32783],[-1.30357,51.32747],[-1.30391,51.3272],[-1.30405,51.32693],[-1.30407,51.32558],[-1.30402,51.32493],[-1.30417,51.3247],[-1.30482,51.32444],[-1.30561,51.32407],[-1.30598,51.32372],[-1.30633,51.32328],[-1.30671,51.3225],[-1.30678,51.3219],[-1.30668,51.3205],[-1.30443,51.31862],[-1.30375,51.31754],[-1.30434,51.3162],[-1.30631,51.3156],[-1.31023,51.31515],[-1.31662,51.31416],[-1.32339,51.31348],[-1.33034,51.31256],[-1.34271,51.31107],[-1.35591,51.31004],[-1.37005,51.31035],[-1.38583,51.31028],[-1.39184,51.3099],[-1.39793,51.31006],[-1.40643,51.30995],[-1.41015,51.31118],[-1.41362,51.31168],[-1.41568,51.31177],[-1.41972,51.31147],[-1.42177,51.31144],[-1.42544,51.31094],[-1.42688,51.31128],[-1.42811,51.31143],[-1.42956,51.31171],[-1.42968,51.31239],[-1.4308,51.31362],[-1.43326,51.3164],[-1.43385,51.31723],[-1.43662,51.31794],[-1.43955,51.31866],[-1.44036,51.3191],[-1.44444,51.31871],[-1.44757,51.31839],[-1.44854,51.31855],[-1.44524,51.32043],[-1.44161,51.32249],[-1.44249,51.32552],[-1.44354,51.32745],[-1.44416,51.32848],[-1.4444,51.32971],[-1.44464,51.33044],[-1.44722,51.33338],[-1.44739,51.33334],[-1.45083,51.33262],[-1.45106,51.33263],[-1.45121,51.33269],[-1.45343,51.33276],[-1.45434,51.33273],[-1.45564,51.33245],[-1.45643,51.33276],[-1.45747,51.33269],[-1.45818,51.33293],[-1.45881,51.33273],[-1.45959,51.33254],[-1.46066,51.33238],[-1.46125,51.33237],[-1.46251,51.33238],[-1.46555,51.33233],[-1.47277,51.33177],[-1.47425,51.33175],[-1.47427,51.33168],[-1.47646,51.33158],[-1.47833,51.33133],[-1.48009,51.33125],[-1.48022,51.33128],[-1.48202,51.33117],[-1.48383,51.33097],[-1.48442,51.33098],[-1.48496,51.33079],[-1.48544,51.33071],[-1.48619,51.33072],[-1.48667,51.33067],[-1.48755,51.33043],[-1.48794,51.33044],[-1.48847,51.33042],[-1.48942,51.33006],[-1.49052,51.32976],[-1.4916,51.32953],[-1.4927,51.32942],[-1.49334,51.3293],[-1.49434,51.32913],[-1.49527,51.32892],[-1.49624,51.32892],[-1.49692,51.32913],[-1.49735,51.32912],[-1.49806,51.32897],[-1.49832,51.32932],[-1.49807,51.32996],[-1.49785,51.33042],[-1.49769,51.33107],[-1.49765,51.33163],[-1.49768,51.3321],[-1.49755,51.33237],[-1.49752,51.33262],[-1.49762,51.33288],[-1.49756,51.33318],[-1.49608,51.33458],[-1.49528,51.33564],[-1.49426,51.3367],[-1.49336,51.33778],[-1.49203,51.33931],[-1.49139,51.34048],[-1.49069,51.34141],[-1.48911,51.34308],[-1.4876,51.34454],[-1.48655,51.34531],[-1.48616,51.34689],[-1.48573,51.34763],[-1.4864,51.34898],[-1.48665,51.34914],[-1.48701,51.34944],[-1.48785,51.34966],[-1.48964,51.35042],[-1.49045,51.35109],[-1.49164,51.35214],[-1.49253,51.35225],[-1.4936,51.35218],[-1.49461,51.35255],[-1.49591,51.35321],[-1.49675,51.35391],[-1.49753,51.35458],[-1.49879,51.3549],[-1.50008,51.35553],[-1.50066,51.35637],[-1.50044,51.3569],[-1.5002,51.35743],[-1.49998,51.35792],[-1.49968,51.35857],[-1.5,51.3592],[-1.49989,51.35957],[-1.49989,51.36027],[-1.50005,51.36065],[-1.49948,51.36122],[-1.49944,51.36259],[-1.4993,51.36332],[-1.49884,51.36393],[-1.49812,51.36478],[-1.49591,51.36692],[-1.49507,51.36799],[-1.49547,51.36961],[-1.49667,51.3694],[-1.49799,51.36919],[-1.49967,51.36897],[-1.50093,51.36905],[-1.50256,51.36881],[-1.50265,51.36905],[-1.50344,51.36914],[-1.50403,51.36978],[-1.5048,51.36981],[-1.50703,51.37047],[-1.50712,51.37085],[-1.50885,51.37091],[-1.50983,51.37116],[-1.50987,51.37154],[-1.51004,51.37185],[-1.51234,51.37176],[-1.51355,51.37208],[-1.51378,51.37514],[-1.51422,51.37604],[-1.51463,51.37682],[-1.51511,51.37711],[-1.51546,51.37753],[-1.51608,51.37759],[-1.51626,51.37813],[-1.51698,51.37873],[-1.51775,51.37895],[-1.51931,51.37909],[-1.52062,51.37923],[-1.5213,51.37895],[-1.52233,51.37882],[-1.52299,51.37866],[-1.52391,51.37807],[-1.52493,51.37801],[-1.52562,51.378],[-1.52575,51.3783],[-1.52718,51.37859],[-1.52827,51.37916],[-1.52691,51.3799],[-1.52932,51.38153],[-1.53109,51.3822],[-1.53274,51.3831],[-1.53054,51.38521],[-1.52947,51.38774],[-1.52933,51.38932],[-1.52932,51.3907],[-1.5286,51.3924],[-1.52802,51.3941],[-1.52762,51.3954],[-1.5266,51.3971],[-1.5255,51.39888],[-1.52447,51.40101],[-1.52362,51.40322],[-1.52336,51.40421],[-1.52322,51.4052],[-1.52308,51.40638],[-1.52269,51.40725],[-1.52193,51.408],[-1.52065,51.40899],[-1.51874,51.41016],[-1.51772,51.41095],[-1.51682,51.41206],[-1.51593,51.4132],[-1.51553,51.4145],[-1.51501,51.41565],[-1.51405,51.41699],[-1.51328,51.41762],[-1.51283,51.41829],[-1.50149,51.43708],[-1.48352,51.45393],[-1.47967,51.45819],[-1.46972,51.46163],[-1.45602,51.46339],[-1.44867,51.46367],[-1.44015,51.46387],[-1.43267,51.46399],[-1.41967,51.46272],[-1.4105,51.46149],[-1.40471,51.45916],[-1.39848,51.45545],[-1.38591,51.44882],[-1.37059,51.43928],[-1.36263,51.43254],[-1.35626,51.42279],[-1.35334,51.41242],[-1.35489,51.40989],[-1.35496,51.40467],[-1.35477,51.40055],[-1.35535,51.39522],[-1.35626,51.38905],[-1.3559,51.3875],[-1.35522,51.38667],[-1.35277,51.38547],[-1.35033,51.38372],[-1.34704,51.38276],[-1.3435,51.38231],[-1.34257,51.38222]],[[-1.43634,51.33525],[-1.43638,51.3352],[-1.43477,51.33552],[-1.43634,51.33525]],[[-1.43867,51.33483],[-1.44096,51.33439],[-1.43853,51.33478],[-1.43867,51.33483]],[[-1.44615,51.33364],[-1.44696,51.33345],[-1.44468,51.33381],[-1.44615,51.33364]]]}},{"type":"Feature","properties":{"source_code":"J83049","codes":["J83049"],"label":"SOUTHBROOM SURGERY"},"geometry":{"type":"Polygon","coordinates":[[[-1.84656,51.40421],[-1.84879,51.4003],[-1.851,51.39802],[-1.85648,51.39233],[-1.85266,51.39081],[-1.85267,51.39049],[-1.85414,51.38869],[-1.85459,51.38695],[-1.85429,51.38497],[-1.85352,51.38456],[-1.85199,51.38362],[-1.85733,51.3811],[-1.86116,51.37981],[-1.8633,51.37935],[-1.87099,51.37717],[-1.872,51.37575],[-1.8722,51.37429],[-1.87218,51.37409],[-1.87237,51.37359],[-1.87209,51.37314],[-1.87189,51.37243],[-1.87176,51.37213],[-1.87169,51.37197],[-1.87164,51.37183],[-1.87157,51.37165],[-1.87153,51.37154],[-1.87151,51.37144],[-1.87145,51.37132],[-1.8714,51.37124],[-1.87139,51.37114],[-1.87133,51.37106],[-1.87118,51.37046],[-1.87105,51.36979],[-1.87092,51.36897],[-1.87114,51.36878],[-1.87159,51.36869],[-1.87164,51.36813],[-1.87181,51.36677],[-1.872,51.36414],[-1.87211,51.36339],[-1.87186,51.36323],[-1.87205,51.36222],[-1.87175,51.36117],[-1.87123,51.36039],[-1.87086,51.35981],[-1.87023,51.36015],[-1.86878,51.36034],[-1.86761,51.35975],[-1.86689,51.35883],[-1.86717,51.35793],[-1.86668,51.35711],[-1.86683,51.35663],[-1.86643,51.35611],[-1.86676,51.35485],[-1.86719,51.35304],[-1.86761,51.35064],[-1.86997,51.34713],[-1.87028,51.34606],[-1.87107,51.34568],[-1.87031,51.34478],[-1.87129,51.34361],[-1.87248,51.34319],[-1.87557,51.34042],[-1.88715,51.3423],[-1.90294,51.34466],[-1.92215,51.35194],[-1.9429,51.35461],[-1.9661,51.34848],[-1.97252,51.3404],[-1.95771,51.33679],[-1.95784,51.33355],[-1.9911,51.32463],[-2.00123,51.31994],[-2.00089,51.31205],[-1.99951,51.2995],[-1.96106,51.27351],[-1.94355,51.26157],[-1.92647,51.25511],[-1.91969,51.25638],[-1.91849,51.25098],[-1.91694,51.24558],[-1.92527,51.24763],[-1.93041,51.24579],[-1.93607,51.2447],[-1.94842,51.24381],[-1.95921,51.24386],[-1.96728,51.2444],[-1.97517,51.24118],[-1.97293,51.23785],[-1.98372,51.23548],[-1.99265,51.2336],[-1.999,51.24061],[-2.01316,51.2367],[-2.01582,51.24086],[-2.00895,51.24722],[-2.01256,51.24804],[-2.01367,51.26177],[-2.00964,51.26326],[-2.00222,51.27184],[-2.00818,51.2817],[-2.02217,51.28855],[-2.04595,51.31372],[-2.05084,51.31696],[-2.05371,51.31708],[-2.05396,51.31545],[-2.04957,51.3092],[-2.08424,51.31224],[-2.08577,51.32364],[-2.09169,51.32793],[-2.09393,51.32825],[-2.09569,51.32713],[-2.0983,51.32686],[-2.10195,51.33104],[-2.10695,51.33195],[-2.1097,51.3336],[-2.11177,51.33568],[-2.10851,51.33599],[-2.10637,51.33855],[-2.10718,51.34027],[-2.10105,51.34262],[-2.10266,51.34495],[-2.10089,51.3482],[-2.10069,51.35047],[-2.0933,51.35343],[-2.09402,51.35528],[-2.0967,51.3583],[-2.10216,51.3575],[-2.11184,51.35829],[-2.11741,51.35326],[-2.12522,51.35242],[-2.13385,51.35664],[-2.13396,51.35966],[-2.13132,51.36215],[-2.11761,51.36624],[-2.07982,51.37255],[-2.07615,51.37859],[-2.07232,51.38496],[-2.08392,51.39666],[-2.07928,51.39961],[-2.07954,51.40572],[-2.08525,51.40715],[-2.08642,51.40943],[-2.08277,51.41291],[-2.07661,51.41274],[-2.06917,51.41192],[-2.06304,51.41231],[-2.05851,51.41321],[-2.05288,51.41297],[-2.05177,51.41162],[-2.05082,51.40974],[-2.05064,51.40618],[-2.04754,51.40249],[-2.04546,51.39795],[-2.03786,51.39541],[-2.02367,51.39376],[-2.00801,51.39002],[-2.00097,51.38914],[-2.00058,51.39109],[-2.002,51.39363],[-1.99779,51.39598],[-1.99409,51.39844],[-1.99271,51.39811],[-1.99114,51.39831],[-1.98767,51.39957],[-1.98329,51.40271],[-1.97685,51.4051],[-1.91906,51.42041],[-1.90178,51.42063],[-1.87993,51.41796],[-1.87593,51.41288],[-1.8654,51.40898],[-1.85501,51.40826],[-1.84615,51.40594],[-1.84656,51.40421]]]}},{"type":"Feature","properties":{"source_code":"J83053","codes":["J83053"],"label":"ST. JAMES SURGERY"},"geometry":{"type":"Polygon","coordinates":[[[-1.93943,51.42041],[-1.89368,51.41639],[-1.87506,51.40488],[-1.82819,51.39514],[-1.87866,51.32353],[-1.90681,51.27953],[-1.94595,51.34112],[-1.9772,51.3437],[-2.00672,51.31924],[-2.03968,51.26739],[-2.05925,51.32139],[-2.10508,51.34498],[-2.10526,51.35913],[-2.08998,51.37178],[-2.06646,51.40328],[-2.00827,51.38967],[-1.93943,51.42041]]]}},{"type":"Feature","properties":{"source_code":"J83034","codes":["J83034"],"label":"LANSDOWNE SURGERY"},"geometry":{"type":"Polygon","coordinates":[[[-2.04449,51.39578],[-1.96346,51.36964],[-1.94904,51.38507],[-1.88828,51.37821],[-1.89137,51.36857],[-1.90338,51.33061],[-1.93703,51.32761],[-2.00741,51.31431],[-2.02629,51.31388],[-2.08775,51.34713],[-2.06268,51.39085],[-2.04449,51.39578]]]}},{"type":"Feature","properties":{"source_code":"J83615","codes":["J83615"],"label":"OLD SCHOOL HOUSE SURGERY"},"geometry":{"type":"Polygon","coordinates":[[[-1.65413,51.42319],[-1.59576,51.43646],[-1.55663,51.42104],[-1.54289,51.41119],[-1.53809,51.39749],[-1.45844,51.37607],[-1.54702,51.26234],[-1.6222,51.30744],[-1.67336,51.34048],[-1.69944,51.39364],[-1.65413,51.42319]]]}},{"type":"Feature","properties":{"source_code":"K81017","codes":["K81017"],"label":"FALKLAND SURGERY"},"geometry":{"type":"Polygon","coordinates":[[[-1.30394,51.40392],[-1.30257,51.40092],[-1.24557,51.38935],[-1.24626,51.3452],[-1.27373,51.33576],[-1.28609,51.30915],[-1.37054,51.30701],[-1.39252,51.31345],[-1.3987,51.33919],[-1.40007,51.39235],[-1.37947,51.41034],[-1.35887,51.42019],[-1.30394,51.41848],[-1.30394,51.40392]]]}},{"type":"Feature","properties":{"source_code":"K81002","codes":["K81002"],"label":"EASTFIELD HOUSE SURGERY"},"geometry":{"type":"Polygon","coordinates":[[[-1.36642,51.39942],[-1.36299,51.39685],[-1.35887,51.39856],[-1.35269,51.39963],[-1.34754,51.40092],[-1.34205,51.40135],[-1.33827,51.40178],[-1.33587,51.40242],[-1.33003,51.40049],[-1.31939,51.40049],[-1.31287,51.40263],[-1.30085,51.40156],[-1.29471,51.4006],[-1.29446,51.39267],[-1.29437,51.39045],[-1.29604,51.37221],[-1.29836,51.36859],[-1.30154,51.36605],[-1.30489,51.36384],[-1.30516,51.36362],[-1.30546,51.36339],[-1.30566,51.36321],[-1.30581,51.36303],[-1.30669,51.36203],[-1.30909,51.35935],[-1.3242,51.35956],[-1.33793,51.36085],[-1.35441,51.36149],[-1.36093,51.36406],[-1.36436,51.36878],[-1.36943,51.37617],[-1.3714,51.38378],[-1.36977,51.39192],[-1.36642,51.39942]]]}},{"type":"Feature","properties":{"source_code":"K81063","codes":["K81063"],"label":"STRAWBERRY HILL MEDICAL CENTRE"},"geometry":{"type":"Polygon","coordinates":[[[-1.33685,51.40078],[-1.3528,51.41017],[-1.35554,51.4091],[-1.35795,51.4092],[-1.44683,51.41413],[-1.43317,51.44424],[-1.41123,51.45871],[-1.39679,51.45023],[-1.38169,51.44253],[-1.29246,51.43247],[-1.28551,51.43318],[-1.29299,51.40789],[-1.28772,51.40725],[-1.28467,51.40639],[-1.28308,51.40995],[-1.28158,51.41239],[-1.27734,51.4137],[-1.27581,51.40635],[-1.27683,51.40535],[-1.28026,51.40556],[-1.28085,51.40184],[-1.28939,51.39943],[-1.2893,51.39943],[-1.28394,51.39646],[-1.28094,51.39552],[-1.28797,51.396],[-1.28797,51.39598],[-1.30475,51.39673],[-1.30492,51.39852],[-1.29814,51.39841],[-1.29767,51.39994],[-1.29673,51.40109],[-1.30084,51.40216],[-1.30676,51.40192],[-1.30788,51.40279],[-1.31162,51.40316],[-1.31329,51.40284],[-1.31704,51.40131],[-1.31878,51.40138],[-1.3202,51.40212],[-1.32163,51.40226],[-1.32318,51.40161],[-1.32479,51.40146],[-1.32656,51.40137],[-1.33685,51.40078]]]}},{"type":"Feature","properties":{"source_code":"K81073","codes":["K81073"],"label":"THATCHAM HEALTH CENTRE"},"geometry":{"type":"Polygon","coordinates":[[[-1.25657,51.44784],[-1.25563,51.44758],[-1.25187,51.44759],[-1.25027,51.44757],[-1.24952,51.44736],[-1.24867,51.44744],[-1.2479,51.44743],[-1.24723,51.44704],[-1.24643,51.44684],[-1.245,51.44656],[-1.24391,51.44597],[-1.24309,51.44503],[-1.23936,51.44458],[-1.23693,51.4441],[-1.2363,51.44393],[-1.23431,51.44448],[-1.23341,51.44377],[-1.23246,51.44324],[-1.2318,51.4421],[-1.23079,51.44116],[-1.22926,51.44069],[-1.22799,51.4399],[-1.2239,51.43779],[-1.22008,51.43555],[-1.21649,51.43416],[-1.21462,51.43368],[-1.21533,51.43178],[-1.21432,51.42988],[-1.21589,51.42773],[-1.21702,51.42531],[-1.21767,51.42503],[-1.21763,51.42417],[-1.21859,51.42326],[-1.22006,51.4225],[-1.2211,51.42164],[-1.22203,51.42083],[-1.22245,51.42052],[-1.22267,51.42017],[-1.2231,51.41939],[-1.22332,51.41854],[-1.22364,51.41836],[-1.22434,51.41819],[-1.22545,51.41775],[-1.22609,51.41758],[-1.22665,51.41748],[-1.22781,51.41711],[-1.22833,51.41683],[-1.22873,51.4165],[-1.22931,51.41604],[-1.23098,51.41493],[-1.23209,51.4142],[-1.23317,51.41337],[-1.23334,51.41318],[-1.23366,51.41298],[-1.2343,51.41276],[-1.23498,51.41276],[-1.23566,51.4127],[-1.23627,51.41263],[-1.23688,51.41246],[-1.23703,51.41235],[-1.23742,51.41231],[-1.23809,51.41228],[-1.23853,51.41212],[-1.23882,51.41181],[-1.23906,51.4115],[-1.23925,51.41138],[-1.23978,51.41134],[-1.2403,51.41142],[-1.2413,51.41152],[-1.24223,51.41153],[-1.24282,51.41138],[-1.24328,51.41112],[-1.2439,51.41072],[-1.24481,51.40989],[-1.24573,51.40891],[-1.24456,51.40838],[-1.24374,51.40794],[-1.24293,51.40738],[-1.24222,51.40687],[-1.24184,51.40622],[-1.2416,51.4055],[-1.24165,51.40472],[-1.24203,51.404],[-1.24237,51.4036],[-1.24271,51.40339],[-1.24294,51.40331],[-1.24571,51.40366],[-1.24892,51.40367],[-1.24905,51.40316],[-1.24946,51.40258],[-1.24958,51.4022],[-1.24957,51.40116],[-1.24962,51.4006],[-1.24996,51.40034],[-1.25039,51.40039],[-1.25001,51.40033],[-1.24967,51.40031],[-1.24955,51.40016],[-1.24917,51.39967],[-1.24895,51.39884],[-1.24866,51.39798],[-1.24871,51.39715],[-1.24806,51.39611],[-1.24675,51.39554],[-1.24598,51.39515],[-1.24635,51.39426],[-1.2471,51.39347],[-1.25042,51.39342],[-1.25373,51.39376],[-1.257,51.39408],[-1.26485,51.39527],[-1.26725,51.39557],[-1.26997,51.39597],[-1.27422,51.39649],[-1.27755,51.39664],[-1.27948,51.39661],[-1.28121,51.39652],[-1.28264,51.39653],[-1.28407,51.39662],[-1.28325,51.40089],[-1.28276,51.40163],[-1.28254,51.40203],[-1.28111,51.40184],[-1.28031,51.4017],[-1.27959,51.40156],[-1.27946,51.40155],[-1.27994,51.40165],[-1.28125,51.40188],[-1.28411,51.40231],[-1.28574,51.4025],[-1.28701,51.40283],[-1.28795,51.40321],[-1.28848,51.40344],[-1.28892,51.40369],[-1.29115,51.40418],[-1.29168,51.40435],[-1.29165,51.40501],[-1.29166,51.40548],[-1.29176,51.40566],[-1.29154,51.40674],[-1.29122,51.4076],[-1.29104,51.40758],[-1.29029,51.41948],[-1.28844,51.41982],[-1.28786,51.42093],[-1.28668,51.42167],[-1.28608,51.42191],[-1.28333,51.42209],[-1.28136,51.42247],[-1.28015,51.42204],[-1.27904,51.42199],[-1.2765,51.42299],[-1.27435,51.4234],[-1.27202,51.42541],[-1.27152,51.42583],[-1.27105,51.42714],[-1.27042,51.42791],[-1.26885,51.42841],[-1.26728,51.42856],[-1.26821,51.43031],[-1.26937,51.4322],[-1.27019,51.4341],[-1.2727,51.43787],[-1.2734,51.43904],[-1.27452,51.43964],[-1.27478,51.43997],[-1.27414,51.44078],[-1.27412,51.44112],[-1.27448,51.4414],[-1.27612,51.44179],[-1.27767,51.44249],[-1.28122,51.44424],[-1.28115,51.44466],[-1.27701,51.44786],[-1.27314,51.44954],[-1.27163,51.45075],[-1.27074,51.45152],[-1.26952,51.4517],[-1.26605,51.45001],[-1.26432,51.44898],[-1.26241,51.44859],[-1.25657,51.44784]],[[-1.26967,51.402],[-1.27086,51.40182],[-1.26972,51.40195],[-1.2676,51.40186],[-1.26713,51.40182],[-1.26642,51.40177],[-1.26562,51.40172],[-1.26478,51.40165],[-1.26425,51.40159],[-1.26444,51.40165],[-1.26547,51.40175],[-1.26967,51.402]],[[-1.27249,51.40169],[-1.27189,51.40173],[-1.27254,51.40172],[-1.27358,51.40156],[-1.27388,51.40152],[-1.27419,51.40151],[-1.27482,51.40155],[-1.27544,51.40158],[-1.27623,51.40153],[-1.27538,51.40153],[-1.27385,51.4015],[-1.27249,51.40169]],[[-1.26412,51.40154],[-1.26402,51.40135],[-1.26408,51.40152],[-1.26412,51.40154]],[[-1.27766,51.40142],[-1.27688,51.40149],[-1.2776,51.40144],[-1.27794,51.40144],[-1.27766,51.40142]],[[-1.25426,51.4012],[-1.25453,51.40006],[-1.25515,51.39965],[-1.25574,51.39945],[-1.25534,51.39953],[-1.25453,51.39999],[-1.25425,51.4012],[-1.25358,51.40118],[-1.25282,51.40097],[-1.25186,51.40069],[-1.25299,51.40104],[-1.25366,51.40121],[-1.25426,51.4012]],[[-1.25143,51.40056],[-1.25119,51.40052],[-1.25167,51.40063],[-1.25143,51.40056]],[[-1.26323,51.39964],[-1.26356,51.39981],[-1.26328,51.39961],[-1.26247,51.39952],[-1.26323,51.39964]],[[-1.2638,51.39998],[-1.26382,51.40002],[-1.26381,51.39999],[-1.2638,51.39998]],[[-1.26416,51.40084],[-1.26412,51.40098],[-1.26418,51.40084],[-1.26411,51.40067],[-1.26416,51.40084]],[[-1.25603,51.3994],[-1.25938,51.39936],[-1.26119,51.39938],[-1.26077,51.39933],[-1.25824,51.39933],[-1.25618,51.39937],[-1.25603,51.3994]]]}},{"type":"Feature","properties":{"source_code":"K81057","codes":["K81057"],"label":"HUNGERFORD SURGERY"},"geometry":{"type":"Polygon","coordinates":[[[-1.44196,51.47775],[-1.43452,51.47098],[-1.42382,51.46742],[-1.40492,51.4573],[-1.39818,51.43801],[-1.40067,51.38448],[-1.41912,51.35656],[-1.47105,51.34404],[-1.59319,51.33833],[-1.61855,51.34445],[-1.62683,51.44192],[-1.59894,51.46],[-1.57353,51.47449],[-1.5607,51.484],[-1.53585,51.47887],[-1.45981,51.47689],[-1.44196,51.47775]]]}},{"type":"Feature","properties":{"source_code":"J83037","codes":["J83037"],"label":"KENNET AND AVON MEDICAL PARTNERSHIP"},"geometry":{"type":"Polygon","coordinates":[[[-1.69944,51.48518],[-1.69,51.47537],[-1.67284,51.4677],[-1.66203,51.45957],[-1.65196,51.43106],[-1.64778,51.41944],[-1.6531,51.40777],[-1.65246,51.38734],[-1.6652,51.37521],[-1.6758,51.37175],[-1.6949,51.36969],[-1.70913,51.36818],[-1.71975,51.36345],[-1.72445,51.36733],[-1.72916,51.37068],[-1.7355,51.36958],[-1.74184,51.36644],[-1.75099,51.36365],[-1.76427,51.36451],[-1.76485,51.36208],[-1.76679,51.35965],[-1.77961,51.35645],[-1.79463,51.34589],[-1.80798,51.34512],[-1.81218,51.35366],[-1.81294,51.36049],[-1.80843,51.36176],[-1.8125,51.3656],[-1.80781,51.37126],[-1.79706,51.38041],[-1.79644,51.38378],[-1.82032,51.38379],[-1.82446,51.38766],[-1.82176,51.39326],[-1.83158,51.40068],[-1.84141,51.40499],[-1.85823,51.40809],[-1.87291,51.41252],[-1.88038,51.41781],[-1.89034,51.41843],[-1.88158,51.42596],[-1.87248,51.42835],[-1.86699,51.43828],[-1.86759,51.45374],[-1.86613,51.4646],[-1.86193,51.47385],[-1.85527,51.48176],[-1.84389,51.47831],[-1.83457,51.47566],[-1.824,51.47155],[-1.81416,51.46847],[-1.80099,51.47788],[-1.7891,51.4843],[-1.78651,51.484],[-1.78397,51.4845],[-1.77227,51.48395],[-1.75577,51.48384],[-1.73593,51.48649],[-1.71591,51.48856],[-1.69944,51.48518]]]}},{"type":"Feature","properties":{"source_code":"J83050","codes":["J83050"],"label":"PATFORD HOUSE PARTNERSHIP"},"geometry":{"type":"Polygon","coordinates":[[[-1.95613,51.50033],[-1.95616,51.50033],[-1.956,51.50025],[-1.95598,51.50025],[-1.95613,51.50033],[-1.90475,51.49528],[-1.89863,51.48837],[-1.86575,51.4518],[-1.86562,51.45187],[-1.86047,51.47133],[-1.87008,51.43261],[-1.89445,51.41752],[-1.94641,51.40888],[-1.96397,51.39952],[-1.99239,51.38421],[-2.01965,51.37764],[-2.05341,51.36942],[-2.0771,51.38978],[-2.07779,51.41034],[-2.06852,51.41934],[-2.07623,51.4242],[-2.08388,51.42892],[-2.08108,51.43468],[-2.07732,51.44256],[-2.10895,51.47711],[-2.16611,51.48881],[-2.22004,51.50571],[-2.23228,51.50148],[-2.23236,51.50158],[-2.23237,51.50158],[-2.24618,51.51857],[-2.24705,51.51964],[-2.19157,51.53102],[-2.18362,51.53267],[-2.17327,51.54944],[-2.1595,51.57195],[-2.10792,51.57578],[-2.0965,51.57664],[-2.09648,51.57663],[-2.09633,51.57664],[-2.09631,51.57654],[-2.07659,51.56565],[-2.07479,51.56569],[-2.062,51.56608],[-2.05462,51.5743],[-2.05444,51.57398],[-2.05444,51.57398],[-2.05443,51.57395],[-2.04586,51.55861],[-1.98338,51.52156],[-1.97771,51.5159],[-1.97798,51.51589],[-1.97788,51.51579],[-1.984,51.51541],[-1.95613,51.50033]]]}},{"type":"Feature","properties":{"source_code":"J83039","codes":["J83039"],"label":"NORTHLANDS SURGERY"},"geometry":{"type":"Polygon","coordinates":[[[-2.05976,51.35667],[-2.10302,51.39963],[-2.11504,51.41554],[-2.10371,51.46567],[-2.10234,51.46706],[-2.10028,51.46877],[-2.05479,51.50361],[-1.97891,51.52669],[-1.87334,51.51547],[-1.86115,51.47518],[-1.87531,51.43694],[-1.95175,51.39125],[-2.05976,51.35667]]]}},{"type":"Feature","properties":{"source_code":"J83045","codes":["J83045"],"label":"RAMSBURY SURGERY"},"geometry":{"type":"Polygon","coordinates":[[[-1.71799,51.5489],[-1.70563,51.55413],[-1.61568,51.57088],[-1.53259,51.49848],[-1.46393,51.47369],[-1.48521,51.42126],[-1.53688,51.3676],[-1.60675,51.37371],[-1.62958,51.37521],[-1.66932,51.37725],[-1.68537,51.38635],[-1.68819,51.39153],[-1.69204,51.39627],[-1.71794,51.41647],[-1.72133,51.46026],[-1.72743,51.50714],[-1.72726,51.52904],[-1.72417,51.54217],[-1.71799,51.5489]]]}},{"type":"Feature","properties":{"source_code":"K81050","codes":["K81050"],"label":"THE DOWNLAND PRACTICE"},"geometry":{"type":"Polygon","coordinates":[[[-1.43543,51.49058],[-1.44839,51.51152],[-1.44728,51.53267],[-1.43277,51.53299],[-1.42427,51.53278],[-1.42273,51.53811],[-1.4017,51.5446],[-1.39681,51.54158],[-1.39355,51.54132],[-1.39267,51.54515],[-1.39085,51.54749],[-1.38732,51.54748],[-1.38247,51.54842],[-1.37569,51.54964],[-1.3702,51.55103],[-1.36093,51.54996],[-1.35681,51.54569],[-1.35415,51.54655],[-1.34943,51.54612],[-1.33475,51.55648],[-1.30613,51.55674],[-1.29261,51.54548],[-1.26652,51.54164],[-1.26085,51.53801],[-1.24532,51.53769],[-1.22292,51.53609],[-1.20781,51.53694],[-1.20824,51.53067],[-1.20609,51.52738],[-1.20187,51.5274],[-1.18937,51.52708],[-1.1851,51.52618],[-1.17773,51.52391],[-1.17671,51.52121],[-1.17667,51.52012],[-1.17764,51.51804],[-1.17219,51.51601],[-1.17319,51.51227],[-1.17325,51.5094],[-1.16685,51.50909],[-1.16897,51.50132],[-1.16687,51.49677],[-1.16541,51.48748],[-1.16768,51.47794],[-1.16961,51.47288],[-1.17262,51.47201],[-1.17434,51.46926],[-1.17811,51.46794],[-1.18172,51.46486],[-1.18285,51.46342],[-1.18408,51.46171],[-1.18515,51.45486],[-1.2291,51.4523],[-1.25587,51.44887],[-1.24626,51.43817],[-1.26686,51.43132],[-1.2957,51.42747],[-1.32454,51.42619],[-1.3369,51.42661],[-1.38084,51.42983],[-1.38462,51.43261],[-1.3884,51.43432],[-1.39114,51.43967],[-1.39904,51.44609],[-1.40934,51.45358],[-1.41209,51.45807],[-1.41861,51.46021],[-1.43166,51.46256],[-1.41415,51.4709],[-1.42187,51.48245],[-1.42951,51.48545],[-1.43543,51.49058]]]}},{"type":"Feature","properties":{"source_code":"K81052","codes":["K81052"],"label":"LAMBOURN SURGERY"},"geometry":{"type":"Polygon","coordinates":[[[-1.40625,51.43154],[-1.48624,51.44245],[-1.58478,51.45443],[-1.6404,51.47475],[-1.68194,51.5019],[-1.64967,51.56064],[-1.59267,51.58283],[-1.54049,51.56875],[-1.47148,51.53843],[-1.40556,51.4709],[-1.39595,51.46235],[-1.40625,51.43154]]]}},{"type":"Feature","properties":{"source_code":"J83009","codes":["J83009"],"label":"RIDGEWAY VIEW FAMILY PRACTICE"},"geometry":{"type":"MultiPolygon","coordinates":[[[[-1.70032,51.53425],[-1.70016,51.53415],[-1.70047,51.53337],[-1.70167,51.53397],[-1.70155,51.53399],[-1.70136,51.53411],[-1.70074,51.53437],[-1.70032,51.53425]]],[[[-1.70032,51.53425],[-1.70065,51.53445],[-1.70022,51.53422],[-1.70032,51.53425]]],[[[-1.71476,51.53685],[-1.71972,51.5393],[-1.71728,51.53834],[-1.71484,51.53696],[-1.71476,51.53685]]],[[[-1.70136,51.53411],[-1.70168,51.53398],[-1.70108,51.53484],[-1.70082,51.53563],[-1.69927,51.53772],[-1.69733,51.54053],[-1.69805,51.54256],[-1.69791,51.5427],[-1.69799,51.5426],[-1.69713,51.54059],[-1.69842,51.53886],[-1.69917,51.53554],[-1.70136,51.53411]]],[[[-1.79656,51.5473],[-1.79691,51.54743],[-1.79738,51.54763],[-1.79868,51.5483],[-1.79656,51.5473]]],[[[-1.79868,51.5483],[-1.79905,51.54847],[-1.79931,51.54857],[-1.79897,51.54844],[-1.79868,51.5483]]],[[[-1.77483,51.54875],[-1.77491,51.54876],[-1.77452,51.5488],[-1.77483,51.54875]]],[[[-1.79931,51.54857],[-1.80095,51.54916],[-1.80103,51.54919],[-1.80126,51.54928],[-1.80106,51.54922],[-1.79931,51.54857]]],[[[-1.80198,51.54951],[-1.80198,51.5495],[-1.80201,51.54951],[-1.802,51.54951],[-1.80197,51.54952],[-1.80199,51.54951],[-1.80198,51.54951]]],[[[-1.80197,51.54952],[-1.80197,51.54952],[-1.80197,51.54952],[-1.80197,51.54952]]],[[[-1.80126,51.54928],[-1.802,51.54949],[-1.80198,51.5495],[-1.80196,51.5495],[-1.80198,51.54951],[-1.80197,51.54952],[-1.80193,51.54952],[-1.80198,51.54956],[-1.80126,51.54928]]],[[[-1.80201,51.54951],[-1.80201,51.54951],[-1.80198,51.5495],[-1.802,51.54949],[-1.80263,51.54966],[-1.80201,51.54951]]],[[[-1.80646,51.55134],[-1.80648,51.55135],[-1.80661,51.55124],[-1.80653,51.55138],[-1.80644,51.55136],[-1.80646,51.55134]]],[[[-1.80653,51.55138],[-1.80654,51.55138],[-1.80653,51.55139],[-1.80652,51.55139],[-1.80653,51.55138]]],[[[-1.80656,51.55139],[-1.80658,51.55139],[-1.80662,51.5514],[-1.80661,51.5514],[-1.80656,51.55139]]],[[[-1.80653,51.55139],[-1.80656,51.55139],[-1.80653,51.5514],[-1.80653,51.55139]]],[[[-1.80664,51.5514],[-1.80667,51.55138],[-1.80668,51.55138],[-1.80664,51.5514],[-1.80664,51.5514]]],[[[-1.80661,51.5514],[-1.80664,51.5514],[-1.80663,51.55141],[-1.80659,51.5514],[-1.80661,51.5514]]],[[[-1.80664,51.5514],[-1.80678,51.55142],[-1.80658,51.55145],[-1.80664,51.5514]]],[[[-1.83088,51.54104],[-1.83777,51.54211],[-1.82633,51.54606],[-1.82691,51.54581],[-1.82704,51.54576],[-1.8286,51.54516],[-1.82976,51.54468],[-1.82397,51.54685],[-1.82159,51.54769],[-1.82321,51.54713],[-1.81959,51.54849],[-1.81812,51.54898],[-1.81563,51.54996],[-1.81103,51.55164],[-1.81111,51.55166],[-1.81097,51.55171],[-1.81033,51.55169],[-1.81076,51.55128],[-1.8166,51.54759],[-1.81687,51.54772],[-1.81687,51.54772],[-1.81688,51.54772],[-1.81868,51.54628],[-1.81859,51.54634],[-1.81867,51.54627],[-1.83003,51.54092],[-1.83088,51.54104]]],[[[-1.77483,51.54875],[-1.77343,51.54858],[-1.7725,51.54795],[-1.77039,51.54627],[-1.77122,51.5462],[-1.77033,51.54622],[-1.77039,51.54627],[-1.77038,51.54627],[-1.77104,51.54679],[-1.77106,51.54684],[-1.77246,51.54792],[-1.7725,51.54795],[-1.77332,51.5486],[-1.77219,51.54878],[-1.76915,51.55018],[-1.76398,51.55012],[-1.7638,51.55137],[-1.7635,51.55177],[-1.76213,51.55222],[-1.75922,51.55234],[-1.75817,51.55073],[-1.75678,51.54913],[-1.7548,51.54774],[-1.75163,51.54662],[-1.74523,51.54535],[-1.74235,51.54446],[-1.74179,51.54289],[-1.74071,51.54145],[-1.74015,51.54039],[-1.73821,51.53911],[-1.7347,51.53752],[-1.73283,51.53694],[-1.73184,51.53645],[-1.73098,51.53593],[-1.73079,51.53577],[-1.73056,51.53543],[-1.73028,51.53508],[-1.73011,51.53488],[-1.7298,51.53425],[-1.72705,51.53175],[-1.72602,51.53047],[-1.72473,51.52953],[-1.72258,51.52893],[-1.72057,51.52705],[-1.71806,51.52657],[-1.71646,51.52639],[-1.71551,51.5271],[-1.71515,51.52915],[-1.71282,51.52922],[-1.70905,51.52948],[-1.70606,51.5316],[-1.70804,51.53274],[-1.71002,51.53346],[-1.71346,51.53602],[-1.71457,51.53658],[-1.71476,51.53685],[-1.71466,51.5368],[-1.71347,51.5362],[-1.70983,51.5376],[-1.70571,51.53587],[-1.70048,51.53336],[-1.70047,51.53337],[-1.70041,51.53334],[-1.69649,51.53086],[-1.69722,51.52945],[-1.69119,51.52712],[-1.69969,51.52609],[-1.70384,51.52935],[-1.70474,51.53011],[-1.70425,51.5306],[-1.70461,51.5308],[-1.70564,51.53114],[-1.70804,51.53001],[-1.7103,51.52851],[-1.71228,51.52728],[-1.71534,51.5262],[-1.71806,51.52542],[-1.71958,51.52379],[-1.71867,51.52244],[-1.71818,51.52123],[-1.71807,51.51987],[-1.72437,51.5194],[-1.72394,51.51714],[-1.72351,51.51553],[-1.72327,51.51491],[-1.72672,51.51454],[-1.72318,51.51485],[-1.72305,51.51502],[-1.70829,51.46577],[-1.70921,51.46393],[-1.71094,51.46292],[-1.71313,51.462],[-1.71449,51.46143],[-1.71504,51.46127],[-1.7196,51.45419],[-1.73057,51.44509],[-1.73159,51.43962],[-1.74214,51.44063],[-1.74742,51.44033],[-1.75269,51.44089],[-1.77371,51.44034],[-1.81601,51.45219],[-1.85772,51.44478],[-1.85859,51.44547],[-1.85861,51.44616],[-1.85893,51.44669],[-1.85926,51.44721],[-1.85882,51.44791],[-1.85922,51.44875],[-1.85988,51.45128],[-1.8668,51.45818],[-1.86727,51.45842],[-1.86698,51.45834],[-1.86695,51.45839],[-1.86715,51.45839],[-1.86722,51.46608],[-1.86626,51.47112],[-1.87169,51.48416],[-1.87419,51.48881],[-1.87531,51.49461],[-1.87656,51.49628],[-1.87639,51.49632],[-1.8729,51.49759],[-1.87328,51.50116],[-1.87258,51.50353],[-1.87415,51.50617],[-1.87759,51.51074],[-1.87858,51.51577],[-1.8739,51.52072],[-1.87291,51.52479],[-1.86951,51.53066],[-1.86803,51.53343],[-1.86564,51.53713],[-1.85852,51.54122],[-1.85504,51.54365],[-1.85387,51.54405],[-1.8535,51.54422],[-1.85304,51.5442],[-1.83088,51.54104],[-1.82997,51.5409],[-1.81874,51.54621],[-1.81912,51.54591],[-1.81823,51.54646],[-1.81621,51.54741],[-1.81517,51.54692],[-1.81621,51.54741],[-1.80839,51.55111],[-1.81623,51.54742],[-1.81649,51.54754],[-1.81002,51.55169],[-1.80901,51.55166],[-1.80898,51.55165],[-1.80899,51.55166],[-1.80897,51.55166],[-1.80678,51.55142],[-1.81012,51.55088],[-1.80668,51.55138],[-1.82189,51.54026],[-1.80667,51.55138],[-1.80658,51.55139],[-1.80654,51.55138],[-1.80663,51.55122],[-1.80805,51.55005],[-1.80666,51.55118],[-1.80682,51.5509],[-1.80755,51.54972],[-1.81409,51.54006],[-1.80757,51.54962],[-1.80682,51.5509],[-1.80664,51.5512],[-1.80646,51.55134],[-1.80549,51.55102],[-1.80507,51.55139],[-1.80348,51.55001],[-1.8046,51.55071],[-1.80321,51.54978],[-1.80348,51.55001],[-1.80314,51.5498],[-1.80263,51.54966],[-1.80311,51.54978],[-1.80201,51.54947],[-1.80108,51.5492],[-1.80095,51.54916],[-1.79739,51.54759],[-1.79691,51.54743],[-1.79574,51.54692],[-1.79608,51.54651],[-1.79639,51.54618],[-1.7965,51.54614],[-1.79762,51.54575],[-1.79907,51.54516],[-1.7965,51.54614],[-1.79635,51.54619],[-1.79608,51.54651],[-1.79571,51.54691],[-1.79656,51.5473],[-1.79386,51.54639],[-1.78768,51.54719],[-1.78705,51.5473],[-1.78717,51.54762],[-1.78704,51.5473],[-1.78712,51.5478],[-1.78721,51.5486],[-1.78751,51.5498],[-1.78772,51.55042],[-1.7881,51.55095],[-1.78826,51.55163],[-1.78831,51.55187],[-1.78839,51.55212],[-1.78194,51.5525],[-1.77983,51.55261],[-1.77771,51.55257],[-1.77712,51.55235],[-1.77742,51.55119],[-1.77687,51.54998],[-1.77763,51.54829],[-1.77483,51.54875]]],[[[-1.80899,51.55166],[-1.80901,51.55166],[-1.80968,51.55191],[-1.80964,51.55193],[-1.80971,51.55192],[-1.80999,51.55202],[-1.81017,51.55185],[-1.81091,51.55173],[-1.80985,51.55213],[-1.81109,51.55171],[-1.81133,51.55172],[-1.81111,51.55166],[-1.81959,51.54849],[-1.82074,51.5481],[-1.82488,51.54655],[-1.82633,51.54606],[-1.81849,51.54943],[-1.81033,51.55351],[-1.80899,51.55166]]],[[[-1.82651,51.54595],[-1.82704,51.54575],[-1.82691,51.54581],[-1.82651,51.54595]]],[[[-1.81807,51.54655],[-1.81823,51.54646],[-1.81874,51.54621],[-1.81867,51.54627],[-1.81807,51.54655]]],[[[-1.82651,51.54595],[-1.82488,51.54655],[-1.82321,51.54713],[-1.82397,51.54685],[-1.82651,51.54595]]],[[[-1.81623,51.54742],[-1.81623,51.54742],[-1.81621,51.54741],[-1.81621,51.54741],[-1.81623,51.54742]]],[[[-1.81623,51.54742],[-1.81807,51.54655],[-1.81708,51.54716],[-1.81649,51.54754],[-1.81623,51.54742]]],[[[-1.81649,51.54754],[-1.8166,51.54759],[-1.8166,51.54759],[-1.81649,51.54754],[-1.81649,51.54754]]],[[[-1.8166,51.54759],[-1.81859,51.54634],[-1.81687,51.54772],[-1.8166,51.54759]]],[[[-1.80198,51.5495],[-1.80198,51.5495],[-1.80198,51.5495],[-1.80198,51.5495],[-1.80198,51.5495]]],[[[-1.80664,51.5512],[-1.80666,51.55118],[-1.80663,51.55122],[-1.80661,51.55124],[-1.80664,51.5512]]],[[[-1.81105,51.55171],[-1.81113,51.5517],[-1.81109,51.55171],[-1.81105,51.55171]]],[[[-1.81105,51.55171],[-1.81091,51.55173],[-1.81097,51.55171],[-1.81105,51.55171]]],[[[-1.80968,51.55191],[-1.81002,51.55169],[-1.81033,51.55169],[-1.81017,51.55185],[-1.80971,51.55192],[-1.80968,51.55191]]]]}},{"type":"Feature","properties":{"source_code":"J83055","codes":["J83055"],"label":"NEW COURT SURGERY"},"geometry":{"type":"Polygon","coordinates":[[[-1.9511,51.56235],[-1.91162,51.55914],[-1.88381,51.55584],[-1.85875,51.54719],[-1.84364,51.5395],[-1.8451,51.51083],[-1.84793,51.4971],[-1.86253,51.49143],[-1.88703,51.48665],[-1.9184,51.49576],[-1.9729,51.51376],[-1.9511,51.56235]]]}},{"type":"Feature","properties":{"source_code":"J83029","codes":["J83029"],"label":"TINKERS LANE SURGERY"},"geometry":{"type":"Polygon","coordinates":[[[-1.88004,51.56939],[-1.86984,51.56559],[-1.86858,51.55197],[-1.86971,51.55094],[-1.8554,51.54479],[-1.83832,51.4971],[-1.84961,51.48349],[-1.92681,51.47673],[-1.98097,51.50917],[-1.9796,51.55914],[-1.94767,51.57045],[-1.88004,51.56939]]]}},{"type":"Feature","properties":{"source_code":"J83059","codes":["J83059"],"label":"THE LAWN MEDICAL CENTRE"},"geometry":{"type":"Polygon","coordinates":[[[-1.72382,51.53929],[-1.7264,51.52722],[-1.76674,51.53139],[-1.77704,51.55274],[-1.77069,51.56224],[-1.73498,51.57621],[-1.71833,51.56128],[-1.72382,51.53929]]]}},{"type":"Feature","properties":{"source_code":"J83022","codes":["J83022"],"label":"OLD TOWN SURGERY"},"geometry":{"type":"Polygon","coordinates":[[[-1.78253,51.54206],[-1.79755,51.54532],[-1.81146,51.55311],[-1.80811,51.55514],[-1.79393,51.55649],[-1.78933,51.55868],[-1.78322,51.55773],[-1.77584,51.55497],[-1.77172,51.54772],[-1.78253,51.54206]]]}},{"type":"Feature","properties":{"source_code":"J83645","codes":["J83645"],"label":"PHOENIX SURGERY"},"geometry":{"type":"Polygon","coordinates":[[[-1.83317,51.55877],[-1.83193,51.55792],[-1.8306,51.55722],[-1.82725,51.55632],[-1.81927,51.55557],[-1.81648,51.55538],[-1.81369,51.55562],[-1.80107,51.55498],[-1.8007,51.55379],[-1.80255,51.55287],[-1.80292,51.55167],[-1.8035,51.55074],[-1.80339,51.54991],[-1.80736,51.54819],[-1.81013,51.54609],[-1.81495,51.5467],[-1.81927,51.54826],[-1.82701,51.54504],[-1.8351,51.54204],[-1.8403,51.54295],[-1.84202,51.54319],[-1.84375,51.54267],[-1.8466,51.5414],[-1.84935,51.54193],[-1.84957,51.5446],[-1.85575,51.5463],[-1.86141,51.54847],[-1.8627,51.55082],[-1.85248,51.55082],[-1.85098,51.5489],[-1.85025,51.54687],[-1.84467,51.54735],[-1.84369,51.55066],[-1.84233,51.55223],[-1.84064,51.55359],[-1.83738,51.5564],[-1.83317,51.55877]]]}},{"type":"Feature","properties":{"source_code":"J83047","codes":["J83047"],"label":"ELDENE SURGERY"},"geometry":{"type":"Polygon","coordinates":[[[-1.72348,51.54116],[-1.74554,51.54607],[-1.76039,51.54399],[-1.76511,51.54489],[-1.75807,51.55087],[-1.76588,51.56203],[-1.75077,51.57083],[-1.75318,51.57366],[-1.73524,51.57766],[-1.72829,51.56976],[-1.72065,51.56368],[-1.72348,51.54116]]]}},{"type":"Feature","properties":{"source_code":"J83633","codes":["J83633"],"label":"VICTORIA CROSS SURGERY"},"geometry":{"type":"MultiPolygon","coordinates":[[[[-1.84676,51.54331],[-1.84656,51.54303],[-1.84707,51.54331],[-1.84676,51.54331]]],[[[-1.84707,51.54331],[-1.84734,51.54331],[-1.84735,51.54346],[-1.84707,51.54331]]],[[[-1.73653,51.57771],[-1.71867,51.5617],[-1.72348,51.5348],[-1.72211,51.52434],[-1.76502,51.519],[-1.76743,51.52156],[-1.77738,51.52071],[-1.78596,51.52242],[-1.79626,51.52412],[-1.81171,51.53886],[-1.82639,51.54036],[-1.84349,51.54328],[-1.84676,51.54331],[-1.84738,51.54418],[-1.84735,51.54346],[-1.8485,51.54408],[-1.84873,51.54914],[-1.84939,51.55065],[-1.84908,51.55334],[-1.84916,51.55433],[-1.84903,51.55513],[-1.8488,51.55566],[-1.84877,51.5558],[-1.84905,51.55693],[-1.84796,51.55968],[-1.84637,51.5621],[-1.84511,51.5649],[-1.84422,51.57055],[-1.84457,51.57465],[-1.84372,51.57588],[-1.84274,51.5772],[-1.8429,51.57853],[-1.84315,51.5792],[-1.84328,51.57957],[-1.84272,51.57985],[-1.8418,51.5801],[-1.84062,51.58014],[-1.83833,51.58004],[-1.83403,51.5806],[-1.83225,51.58063],[-1.83048,51.58157],[-1.82745,51.58],[-1.82596,51.57884],[-1.82282,51.5774],[-1.81764,51.57504],[-1.78974,51.56363],[-1.78356,51.56712],[-1.7767,51.56848],[-1.76331,51.57206],[-1.73653,51.57771]]]]}},{"type":"Feature","properties":{"source_code":"J83036","codes":["J83036"],"label":"ASHINGTON HOUSE SURGERY"},"geometry":{"type":"Polygon","coordinates":[[[-1.83073,51.58152],[-1.82651,51.57881],[-1.82814,51.57701],[-1.83183,51.57628],[-1.82873,51.56948],[-1.82288,51.56482],[-1.81532,51.56122],[-1.81472,51.55805],[-1.81549,51.55487],[-1.81571,51.55351],[-1.82116,51.54948],[-1.82625,51.54794],[-1.83135,51.54688],[-1.85236,51.54674],[-1.85019,51.54738],[-1.85008,51.54931],[-1.84783,51.55169],[-1.8546,51.55641],[-1.85158,51.56261],[-1.84997,51.56544],[-1.85022,51.5668],[-1.8503,51.56784],[-1.84459,51.57111],[-1.84456,51.574],[-1.84263,51.57649],[-1.84251,51.57956],[-1.83073,51.58152]]]}},{"type":"Feature","properties":{"source_code":"J83038","codes":["J83038"],"label":"KINGSWOOD SURGERY"},"geometry":{"type":"Polygon","coordinates":[[[-1.73447,51.57792],[-1.71867,51.56235],[-1.72554,51.52626],[-1.74176,51.52979],[-1.76073,51.53075],[-1.78699,51.53822],[-1.78099,51.54553],[-1.77901,51.54962],[-1.77979,51.5537],[-1.77618,51.56186],[-1.77532,51.56917],[-1.73447,51.57792]]]}},{"type":"Feature","properties":{"source_code":"J83646","codes":["J83646"],"label":"PARK LANE PRACTICE"},"geometry":{"type":"Polygon","coordinates":[[[-1.8021,51.56864],[-1.80133,51.56907],[-1.80124,51.56997],[-1.80159,51.57222],[-1.80141,51.57552],[-1.80184,51.57659],[-1.80167,51.57766],[-1.80021,51.57782],[-1.79996,51.57915],[-1.79841,51.57878],[-1.79558,51.57755],[-1.79378,51.57728],[-1.78562,51.5768],[-1.78665,51.57547],[-1.78648,51.57376],[-1.78493,51.57008],[-1.78305,51.56789],[-1.78245,51.56661],[-1.78039,51.56368],[-1.78073,51.56293],[-1.78021,51.55952],[-1.77961,51.55802],[-1.77858,51.55669],[-1.77755,51.55551],[-1.7773,51.55413],[-1.77738,51.55258],[-1.78107,51.55263],[-1.78622,51.55237],[-1.78485,51.54596],[-1.78905,51.54537],[-1.79652,51.54591],[-1.80674,51.55098],[-1.81523,51.55322],[-1.81386,51.55578],[-1.8136,51.5577],[-1.81463,51.55994],[-1.8148,51.56133],[-1.81386,51.56331],[-1.80931,51.56656],[-1.80502,51.56869],[-1.8021,51.56864]]]}},{"type":"Feature","properties":{"source_code":"J83033","codes":["J83033"],"label":"WHALEBRIDGE PRACTICE"},"geometry":{"type":"MultiPolygon","coordinates":[[[[-1.7958,51.55915],[-1.79709,51.56038],[-1.79632,51.55976],[-1.7958,51.55915]]],[[[-1.80118,51.56755],[-1.80114,51.56737],[-1.8013,51.56764],[-1.80118,51.56755]]],[[[-1.8013,51.56764],[-1.80137,51.56769],[-1.80136,51.56774],[-1.8013,51.56764]]],[[[-1.80135,51.56784],[-1.80136,51.56774],[-1.80148,51.56795],[-1.80144,51.56794],[-1.80145,51.56797],[-1.80135,51.56784]]],[[[-1.80148,51.56795],[-1.80181,51.56805],[-1.80165,51.56839],[-1.80166,51.56825],[-1.80158,51.56815],[-1.80157,51.5681],[-1.80148,51.56795]]],[[[-1.80165,51.56839],[-1.80165,51.56842],[-1.80164,51.56841],[-1.80165,51.56839]]],[[[-1.80165,51.56842],[-1.80177,51.56893],[-1.80173,51.56889],[-1.80164,51.56864],[-1.80165,51.56842]]],[[[-1.80194,51.56899],[-1.80186,51.56902],[-1.80185,51.56901],[-1.80194,51.56899]]],[[[-1.80177,51.56893],[-1.80185,51.56901],[-1.8018,51.56903],[-1.80177,51.56893]]],[[[-1.80169,51.56909],[-1.80179,51.56905],[-1.80182,51.56912],[-1.80169,51.56909]]],[[[-1.80182,51.56912],[-1.80182,51.56912],[-1.80182,51.56913],[-1.80182,51.56912]]],[[[-1.80147,51.56914],[-1.80165,51.56908],[-1.80169,51.56909],[-1.80154,51.56915],[-1.80146,51.56916],[-1.80147,51.56914]]],[[[-1.80147,51.56914],[-1.80137,51.56917],[-1.80136,51.56908],[-1.80138,51.56907],[-1.80139,51.56902],[-1.80148,51.56904],[-1.80147,51.56914]]],[[[-1.80182,51.56912],[-1.8018,51.56904],[-1.80186,51.56902],[-1.80201,51.56917],[-1.80182,51.56912]]],[[[-1.8013,51.56919],[-1.80137,51.56917],[-1.80144,51.5697],[-1.8013,51.56919]]],[[[-1.75163,51.5835],[-1.75155,51.58357],[-1.75087,51.58423],[-1.75163,51.5835],[-1.75217,51.58304],[-1.75119,51.58243],[-1.75064,51.58139],[-1.75288,51.57648],[-1.7535,51.57495],[-1.7535,51.57493],[-1.75171,51.57181],[-1.75164,51.57047],[-1.75621,51.56727],[-1.76267,51.56421],[-1.76583,51.56201],[-1.77027,51.56282],[-1.7713,51.5624],[-1.77123,51.56005],[-1.77446,51.55595],[-1.77546,51.55484],[-1.77477,51.5529],[-1.77474,51.55296],[-1.77458,51.55252],[-1.77476,51.5525],[-1.77499,51.55249],[-1.77507,51.55244],[-1.77512,51.55252],[-1.77523,51.55242],[-1.77564,51.55242],[-1.77635,51.55244],[-1.77694,51.55245],[-1.78058,51.55269],[-1.7867,51.55222],[-1.79285,51.55397],[-1.79635,51.55457],[-1.79901,51.55468],[-1.79799,51.55531],[-1.79723,51.55605],[-1.7962,51.5569],[-1.79518,51.55845],[-1.7958,51.55915],[-1.79516,51.55855],[-1.79483,51.5584],[-1.79546,51.55903],[-1.79806,51.56142],[-1.799,51.56232],[-1.80016,51.56378],[-1.80032,51.56578],[-1.80105,51.5669],[-1.80114,51.56737],[-1.80108,51.56727],[-1.80105,51.56746],[-1.80118,51.56755],[-1.80119,51.56763],[-1.80135,51.56784],[-1.80129,51.56841],[-1.80127,51.56842],[-1.80128,51.56848],[-1.80124,51.56889],[-1.80117,51.56914],[-1.80128,51.5691],[-1.8013,51.56919],[-1.80108,51.56926],[-1.80153,51.57065],[-1.80163,51.5753],[-1.79912,51.57632],[-1.7984,51.5789],[-1.79916,51.58319],[-1.7856,51.58355],[-1.77484,51.58544],[-1.76741,51.58858],[-1.76181,51.59204],[-1.76176,51.59204],[-1.76063,51.59163],[-1.75966,51.59096],[-1.75799,51.58988],[-1.75614,51.58878],[-1.75412,51.5873],[-1.75191,51.58587],[-1.75024,51.58462],[-1.7507,51.58412],[-1.75207,51.58308],[-1.75163,51.5835]]],[[[-1.76181,51.59204],[-1.76222,51.59198],[-1.76194,51.59209],[-1.76161,51.59216],[-1.76181,51.59204]]],[[[-1.80146,51.5683],[-1.80145,51.56797],[-1.80158,51.56815],[-1.80164,51.56841],[-1.80159,51.56851],[-1.8015,51.56827],[-1.80146,51.5683]]],[[[-1.80135,51.569],[-1.80128,51.56848],[-1.80129,51.56841],[-1.80146,51.5683],[-1.80148,51.56876],[-1.80143,51.56887],[-1.80139,51.56902],[-1.80135,51.569]]],[[[-1.80179,51.56904],[-1.8018,51.56903],[-1.8018,51.56904],[-1.80179,51.56905],[-1.80179,51.56904]]],[[[-1.80148,51.56876],[-1.80159,51.56851],[-1.80164,51.56864],[-1.80163,51.56885],[-1.80166,51.56882],[-1.80173,51.56889],[-1.80179,51.56904],[-1.80165,51.56908],[-1.80148,51.56904],[-1.80149,51.56903],[-1.80148,51.56876]]],[[[-1.80135,51.569],[-1.80136,51.56908],[-1.80128,51.5691],[-1.80124,51.56898],[-1.80135,51.569]]]]}},{"type":"Feature","properties":{"source_code":"J83064","codes":["J83064"],"label":"RIDGE GREEN MEDICAL PRACTICE"},"geometry":{"type":"Polygon","coordinates":[[[-1.79867,51.57878],[-1.80983,51.56469],[-1.80759,51.5617],[-1.80738,51.55503],[-1.8003,51.55434],[-1.80397,51.55285],[-1.80317,51.54943],[-1.8136,51.55146],[-1.83703,51.54255],[-1.84532,51.54321],[-1.85291,51.54537],[-1.87386,51.5537],[-1.90081,51.55872],[-1.91042,51.55936],[-1.94012,51.56565],[-1.94183,51.57398],[-1.9451,51.58368],[-1.94527,51.60213],[-1.94458,51.61205],[-1.88021,51.61418],[-1.85274,51.61706],[-1.84828,51.60672],[-1.84347,51.60629],[-1.83935,51.60938],[-1.82201,51.61119],[-1.81223,51.61173],[-1.80038,51.60981],[-1.79026,51.60864],[-1.78133,51.60384],[-1.77017,51.59872],[-1.75764,51.59488],[-1.76571,51.59488],[-1.77601,51.59573],[-1.7791,51.59765],[-1.78253,51.59765],[-1.79077,51.59712],[-1.79335,51.5952],[-1.793,51.59371],[-1.79111,51.58923],[-1.78854,51.58347],[-1.79901,51.58326],[-1.79867,51.57878]]]}},{"type":"Feature","properties":{"source_code":"J83027","codes":["J83027"],"label":"HAWTHORN MEDICAL CENTRE"},"geometry":{"type":"Polygon","coordinates":[[[-1.80107,51.59947],[-1.79626,51.60096],[-1.78631,51.60117],[-1.78082,51.60117],[-1.78116,51.60288],[-1.7767,51.60075],[-1.7712,51.59861],[-1.76502,51.59776],[-1.75507,51.59392],[-1.74786,51.58987],[-1.74099,51.58539],[-1.73721,51.57984],[-1.73206,51.57515],[-1.72691,51.56981],[-1.72039,51.56469],[-1.71867,51.55829],[-1.72108,51.55274],[-1.72211,51.54548],[-1.72314,51.541],[-1.72348,51.53694],[-1.72554,51.52712],[-1.74065,51.52968],[-1.74957,51.52968],[-1.76125,51.53139],[-1.77429,51.5348],[-1.78459,51.53822],[-1.79489,51.53993],[-1.80416,51.54036],[-1.81412,51.54014],[-1.8203,51.53993],[-1.82648,51.54057],[-1.81686,51.55146],[-1.8148,51.55445],[-1.8148,51.56085],[-1.81412,51.56384],[-1.80897,51.5664],[-1.80382,51.56917],[-1.80828,51.57152],[-1.81412,51.57472],[-1.82133,51.57707],[-1.82716,51.58006],[-1.83025,51.58219],[-1.8251,51.58432],[-1.82442,51.58603],[-1.82133,51.58603],[-1.82098,51.58838],[-1.81755,51.59094],[-1.81206,51.59243],[-1.80794,51.59456],[-1.80485,51.59627],[-1.80107,51.59947]]]}},{"type":"Feature","properties":{"source_code":"J83006","codes":["J83006"],"label":"PURTON SURGERY"},"geometry":{"type":"Polygon","coordinates":[[[-1.7949,51.60854],[-1.79719,51.60856],[-1.80024,51.60871],[-1.80151,51.60766],[-1.80204,51.60736],[-1.80273,51.60737],[-1.80402,51.60744],[-1.80498,51.60712],[-1.80624,51.60708],[-1.81003,51.60817],[-1.81025,51.60688],[-1.81132,51.60655],[-1.81587,51.6065],[-1.82023,51.60628],[-1.82463,51.606],[-1.8263,51.60579],[-1.82782,51.60611],[-1.82916,51.60554],[-1.83088,51.60537],[-1.83342,51.60495],[-1.83475,51.60474],[-1.83616,51.60436],[-1.84682,51.60323],[-1.84635,51.60128],[-1.84539,51.59955],[-1.84491,51.59825],[-1.84436,51.59693],[-1.84465,51.59508],[-1.84426,51.59382],[-1.84349,51.59266],[-1.84313,51.59151],[-1.84321,51.59114],[-1.8436,51.59068],[-1.8438,51.59004],[-1.84377,51.58958],[-1.84359,51.58906],[-1.8431,51.58818],[-1.82599,51.58388],[-1.82682,51.58338],[-1.82774,51.58303],[-1.82944,51.5824],[-1.83219,51.58057],[-1.83305,51.58072],[-1.8337,51.58062],[-1.8355,51.58034],[-1.83881,51.58004],[-1.84091,51.58008],[-1.84284,51.57998],[-1.84304,51.57894],[-1.84288,51.57726],[-1.8444,51.57484],[-1.84493,51.57328],[-1.84381,51.57179],[-1.84577,51.56995],[-1.85052,51.5678],[-1.84885,51.56648],[-1.84556,51.56548],[-1.85787,51.5577],[-1.86086,51.5588],[-1.86273,51.55956],[-1.86595,51.55944],[-1.86733,51.56027],[-1.8688,51.56099],[-1.87123,51.56177],[-1.8742,51.56163],[-1.87768,51.56129],[-1.88088,51.56098],[-1.88298,51.56091],[-1.88497,51.56172],[-1.88729,51.56253],[-1.8892,51.56275],[-1.88932,51.56187],[-1.88921,51.55919],[-1.88935,51.55669],[-1.89179,51.55698],[-1.89471,51.55728],[-1.89827,51.55826],[-1.90025,51.55877],[-1.90231,51.5592],[-1.9033,51.55936],[-1.90463,51.55944],[-1.90797,51.55956],[-1.91008,51.55933],[-1.91154,51.55989],[-1.91351,51.55997],[-1.91604,51.55973],[-1.91827,51.55954],[-1.92098,51.55976],[-1.9248,51.56021],[-1.9275,51.56058],[-1.93007,51.56117],[-1.93411,51.56272],[-1.93763,51.56245],[-1.95333,51.57456],[-2.01857,51.57947],[-2.02535,51.58091],[-2.0329,51.5831],[-2.03204,51.60277],[-2.01591,51.60592],[-2.00852,51.60728],[-2.0008,51.60864],[-1.99711,51.61413],[-1.99771,51.61525],[-1.99874,51.61594],[-2.01734,51.6354],[-2.02118,51.63888],[-2.02028,51.64284],[-2.01385,51.64359],[-1.92883,51.64806],[-1.85918,51.65155],[-1.85244,51.64772],[-1.84613,51.64348],[-1.84047,51.63917],[-1.83386,51.6352],[-1.81935,51.62718],[-1.80502,51.61887],[-1.80249,51.61621],[-1.80146,51.61455],[-1.80034,51.61373],[-1.7979,51.61215],[-1.7948,51.61066],[-1.79038,51.60879],[-1.79135,51.60889],[-1.79235,51.60876],[-1.7949,51.60854]]]}},{"type":"Feature","properties":{"source_code":"J83001","codes":["J83001"],"label":"MERCHISTON SURGERY"},"geometry":{"type":"Polygon","coordinates":[[[-1.78098,51.60408],[-1.78825,51.60866],[-1.79871,51.61346],[-1.80476,51.61938],[-1.80094,51.62412],[-1.78238,51.62091],[-1.7676,51.6153],[-1.76305,51.61618],[-1.75871,51.61827],[-1.7565,51.61945],[-1.75369,51.62015],[-1.74987,51.6202],[-1.74571,51.62111],[-1.73421,51.62931],[-1.72476,51.63106],[-1.72011,51.63706],[-1.71478,51.64057],[-1.71164,51.64191],[-1.70833,51.64197],[-1.7026,51.64077],[-1.69159,51.6363],[-1.68362,51.63509],[-1.68126,51.6331],[-1.67599,51.63058],[-1.67575,51.62676],[-1.667,51.61681],[-1.66074,51.60859],[-1.64571,51.60096],[-1.644,51.56325],[-1.64578,51.5449],[-1.67056,51.52423],[-1.67457,51.52555],[-1.67884,51.52668],[-1.68478,51.52724],[-1.69054,51.52744],[-1.69826,51.52635],[-1.70624,51.5259],[-1.71443,51.52614],[-1.72254,51.52703],[-1.72404,51.52827],[-1.72331,51.53313],[-1.72297,51.5399],[-1.72829,51.54198],[-1.73386,51.54385],[-1.74076,51.5442],[-1.74561,51.54595],[-1.74493,51.54768],[-1.74383,51.54887],[-1.7429,51.55042],[-1.74305,51.55212],[-1.74314,51.55323],[-1.74289,51.55422],[-1.74249,51.55522],[-1.74205,51.55606],[-1.74155,51.55698],[-1.74131,51.55747],[-1.74098,51.55838],[-1.74082,51.55975],[-1.74101,51.56047],[-1.74136,51.56097],[-1.74227,51.56147],[-1.74328,51.56175],[-1.74301,51.56264],[-1.74527,51.56322],[-1.74647,51.56354],[-1.74754,51.56407],[-1.74675,51.56606],[-1.74412,51.56871],[-1.74605,51.56925],[-1.75039,51.57073],[-1.75062,51.57144],[-1.7523,51.57225],[-1.75311,51.57353],[-1.75378,51.57453],[-1.75555,51.57374],[-1.75765,51.57342],[-1.7619,51.57291],[-1.76623,51.57224],[-1.76834,51.57187],[-1.77067,51.57173],[-1.77099,51.57126],[-1.77112,51.57081],[-1.77148,51.5704],[-1.77196,51.57011],[-1.77279,51.56976],[-1.77374,51.5695],[-1.77567,51.56907],[-1.77654,51.56962],[-1.77684,51.57036],[-1.77701,51.57212],[-1.7772,51.57441],[-1.77736,51.57649],[-1.77739,51.57726],[-1.77712,51.57812],[-1.77574,51.58118],[-1.77526,51.58272],[-1.77508,51.58351],[-1.77516,51.58433],[-1.77532,51.58591],[-1.77525,51.58676],[-1.77525,51.58716],[-1.77511,51.58759],[-1.77412,51.5894],[-1.77395,51.59035],[-1.7741,51.59132],[-1.77497,51.59283],[-1.77707,51.59421],[-1.77796,51.59527],[-1.77863,51.59644],[-1.77888,51.59779],[-1.77849,51.59847],[-1.77922,51.59921],[-1.78086,51.60162],[-1.78098,51.60408]]]}},{"type":"Feature","properties":{"source_code":"J83057","codes":["J83057"],"label":"NORTH SWINDON PRACTICE"},"geometry":{"type":"Polygon","coordinates":[[[-1.78184,51.60233],[-1.75472,51.59318],[-1.76313,51.5727],[-1.80416,51.55893],[-1.81601,51.57366],[-1.82339,51.57856],[-1.82871,51.57782],[-1.83043,51.56224],[-1.8469,51.56544],[-1.84811,51.5791],[-1.79649,51.59739],[-1.84776,51.58006],[-1.84673,51.60043],[-1.79472,51.6096],[-1.7815,51.60245],[-1.78184,51.60233]]]}},{"type":"Feature","properties":{"source_code":"J83035","codes":["J83035"],"label":"ABBEY MEADS MEDICAL PRACT"},"geometry":{"type":"Polygon","coordinates":[[[-1.78116,51.60437],[-1.77378,51.59957],[-1.75644,51.59499],[-1.74837,51.59019],[-1.7485,51.59024],[-1.74867,51.59019],[-1.74876,51.59014],[-1.75404,51.57494],[-1.7712,51.57152],[-1.77326,51.5719],[-1.77541,51.57232],[-1.77961,51.57456],[-1.78021,51.5756],[-1.78476,51.57755],[-1.79566,51.57875],[-1.79832,51.5792],[-1.80502,51.57878],[-1.81068,51.57984],[-1.81755,51.5839],[-1.82304,51.58464],[-1.82648,51.5871],[-1.82879,51.59136],[-1.8294,51.59605],[-1.83446,51.60043],[-1.83832,51.60458],[-1.82596,51.60597],[-1.81412,51.60778],[-1.80794,51.60821],[-1.7942,51.60853],[-1.79232,51.60896],[-1.79026,51.60885],[-1.78116,51.60437]]]}},{"type":"Feature","properties":{"source_code":"K84019","codes":["K84019"],"label":"NEWBURY STREET PRACTICE"},"geometry":{"type":"Polygon","coordinates":[[[-1.39595,51.63549],[-1.3133,51.59944],[-1.31012,51.59968],[-1.34789,51.54527],[-1.38874,51.53502],[-1.43406,51.52754],[-1.53053,51.58283],[-1.52721,51.58309],[-1.5659,51.6008],[-1.55389,51.63816],[-1.5532,51.63869],[-1.4502,51.65765],[-1.39595,51.63549]]]}},{"type":"Feature","properties":{"source_code":"K84033","codes":["K84033"],"label":"CHURCH STREET PRACTICE"},"geometry":{"type":"Polygon","coordinates":[[[-1.31081,51.59883],[-1.31836,51.59371],[-1.32042,51.58902],[-1.32729,51.58091],[-1.33003,51.57408],[-1.33415,51.56875],[-1.34102,51.55829],[-1.35679,51.54744],[-1.37544,51.53499],[-1.38396,51.53287],[-1.39372,51.52906],[-1.41453,51.52634],[-1.43706,51.52786],[-1.45741,51.52693],[-1.47775,51.52856],[-1.49929,51.52989],[-1.52452,51.5418],[-1.54023,51.54647],[-1.55525,51.55199],[-1.56075,51.56109],[-1.56212,51.57238],[-1.56092,51.57891],[-1.56109,51.58758],[-1.56332,51.59837],[-1.56555,51.60009],[-1.56538,51.60267],[-1.56006,51.61311],[-1.55216,51.62185],[-1.54358,51.62825],[-1.52847,51.6389],[-1.51886,51.64487],[-1.50169,51.64955],[-1.45844,51.65232],[-1.42136,51.65254],[-1.38531,51.64551],[-1.37346,51.63762],[-1.35025,51.63025],[-1.34561,51.63061],[-1.34102,51.63009],[-1.3354,51.62881],[-1.32995,51.62761],[-1.32476,51.62568],[-1.32219,51.62476],[-1.32033,51.62467],[-1.31971,51.62357],[-1.31833,51.62157],[-1.31589,51.61966],[-1.31441,51.61759],[-1.31412,51.61463],[-1.31285,51.61206],[-1.31214,51.60946],[-1.31114,51.60862],[-1.31104,51.60705],[-1.31051,51.60434],[-1.31031,51.60164],[-1.31039,51.60023],[-1.31081,51.59883]]]}},{"type":"Feature","properties":{"source_code":"K84012","codes":["K84012"],"label":"ELM TREE SURGERY"},"geometry":{"type":"Polygon","coordinates":[[[-1.57499,51.64849],[-1.56796,51.64114],[-1.54821,51.6024],[-1.55216,51.58432],[-1.55731,51.5775],[-1.56641,51.57611],[-1.57774,51.5743],[-1.59079,51.57056],[-1.61053,51.56],[-1.62392,51.55199],[-1.66872,51.53011],[-1.7185,51.56315],[-1.7197,51.56616],[-1.72528,51.56947],[-1.72949,51.57322],[-1.74073,51.58624],[-1.74901,51.5928],[-1.75997,51.60182],[-1.77006,51.61223],[-1.77452,51.61763],[-1.77657,51.62324],[-1.75605,51.62305],[-1.73725,51.62413],[-1.70803,51.62398],[-1.60018,51.64025],[-1.59774,51.64277],[-1.59388,51.64398],[-1.58924,51.64447],[-1.58237,51.6446],[-1.57499,51.64849]]]}},{"type":"Feature","properties":{"source_code":"J83002","codes":["J83002"],"label":"WESTROP MEDICAL PRACTICE"},"geometry":{"type":"MultiPolygon","coordinates":[[[[-1.76674,51.59831],[-1.7667,51.59845],[-1.76625,51.59779],[-1.76674,51.59831]]],[[[-1.76674,51.59831],[-1.76691,51.59765],[-1.76622,51.59733],[-1.79292,51.60922],[-1.76811,51.59851],[-1.76682,51.5984],[-1.76674,51.59831]]],[[[-1.6415,51.63885],[-1.66306,51.6568],[-1.63834,51.63635],[-1.6415,51.63885]]],[[[-1.6381,51.63527],[-1.64092,51.63292],[-1.63807,51.63522],[-1.6381,51.63527],[-1.63808,51.63528],[-1.63805,51.63523],[-1.63799,51.63528],[-1.63805,51.63523],[-1.63799,51.63507],[-1.63807,51.63522],[-1.64211,51.63194],[-1.69945,51.58432],[-1.70577,51.5833],[-1.72593,51.5788],[-1.72607,51.57906],[-1.70739,51.58303],[-1.72654,51.57993],[-1.72607,51.57906],[-1.7264,51.57899],[-1.72687,51.57988],[-1.72709,51.57984],[-1.72734,51.58016],[-1.74374,51.60906],[-1.76468,51.59776],[-1.81858,51.62697],[-1.81892,51.62718],[-1.81892,51.6274],[-1.70357,51.68363],[-1.6991,51.68384],[-1.63868,51.63635],[-1.6381,51.63527]]],[[[-1.6415,51.63885],[-1.63799,51.63592],[-1.63731,51.63592],[-1.63808,51.63528],[-1.63834,51.63592],[-1.63834,51.63613],[-1.6991,51.68426],[-1.6415,51.63885]]]]}},{"type":"Feature","properties":{"source_code":"J83609","codes":["J83609"],"label":"CRICKLADE SURGERY"},"geometry":{"type":"Polygon","coordinates":[[[-1.89102,51.56981],[-1.92055,51.56768],[-1.95007,51.56811],[-1.96724,51.56853],[-1.95969,51.58475],[-1.97273,51.5839],[-1.96724,51.58859],[-1.97342,51.59627],[-1.98097,51.6065],[-1.98853,51.61461],[-1.99745,51.6193],[-2.00432,51.62228],[-2.0105,51.63294],[-2.005,51.64146],[-2.00089,51.64402],[-1.98441,51.64487],[-1.96175,51.64572],[-1.95969,51.65467],[-1.96587,51.66319],[-1.959,51.66744],[-1.95419,51.67426],[-1.95076,51.6815],[-1.94939,51.68873],[-1.9384,51.68916],[-1.93222,51.69342],[-1.91917,51.69469],[-1.90887,51.68746],[-1.89995,51.68065],[-1.87798,51.68022],[-1.87935,51.6964],[-1.86699,51.6964],[-1.85875,51.69342],[-1.84708,51.69086],[-1.83815,51.68916],[-1.8354,51.69767],[-1.82716,51.69256],[-1.82098,51.68746],[-1.80244,51.68746],[-1.78528,51.69682],[-1.77635,51.70278],[-1.75301,51.69554],[-1.72623,51.68788],[-1.71112,51.68618],[-1.70357,51.68277],[-1.707,51.6683],[-1.74957,51.66276],[-1.76811,51.66106],[-1.77292,51.63975],[-1.74133,51.62398],[-1.75301,51.60778],[-1.75095,51.60309],[-1.76056,51.59712],[-1.7791,51.60224],[-1.7997,51.6048],[-1.81755,51.60437],[-1.83815,51.60395],[-1.82922,51.59541],[-1.8306,51.58475],[-1.82098,51.58347],[-1.83334,51.58006],[-1.84227,51.57451],[-1.84982,51.56981],[-1.85669,51.56725],[-1.87111,51.56981],[-1.88484,51.57195],[-1.8718,51.56981],[-1.85875,51.56725],[-1.89102,51.56981]]]}},{"type":"Feature","properties":{"source_code":"K84051","codes":["K84051"],"label":"WHITE HORSE MEDICAL PRACTICE"},"geometry":{"type":"Polygon","coordinates":[[[-1.68039,51.68735],[-1.58701,51.69171],[-1.51646,51.70033],[-1.43852,51.70012],[-1.39698,51.6849],[-1.44453,51.63421],[-1.56693,51.57558],[-1.64778,51.60981],[-1.6943,51.63315],[-1.68039,51.68735]]]}},{"type":"Feature","properties":{"source_code":"L84053","codes":["L84053"],"label":"HILARY COTTAGE SURGERY"},"geometry":{"type":"Polygon","coordinates":[[[-1.69739,51.68448],[-1.72073,51.67596],[-1.74657,51.6601],[-1.75044,51.65917],[-1.75037,51.65792],[-1.75226,51.65451],[-1.75304,51.65318],[-1.75322,51.651],[-1.74893,51.64168],[-1.75007,51.63834],[-1.75635,51.63724],[-1.76223,51.64026],[-1.76558,51.64072],[-1.77215,51.64079],[-1.77446,51.64088],[-1.77665,51.64085],[-1.78347,51.64106],[-1.79107,51.64016],[-1.79699,51.64016],[-1.80107,51.63986],[-1.80342,51.64032],[-1.80498,51.64021],[-1.81316,51.63983],[-1.8234,51.63934],[-1.8357,51.63907],[-1.84182,51.64199],[-1.84943,51.64615],[-1.85687,51.65041],[-1.86455,51.65498],[-1.86843,51.65682],[-1.87274,51.65786],[-1.87697,51.6594],[-1.8812,51.66095],[-1.885,51.66371],[-1.88759,51.66648],[-1.89901,51.68006],[-1.91248,51.69097],[-1.92535,51.71597],[-1.9444,51.72777],[-1.94432,51.73633],[-1.94462,51.74199],[-1.94286,51.74553],[-1.93834,51.7538],[-1.9328,51.7625],[-1.9145,51.77289],[-1.88373,51.80118],[-1.83197,51.82305],[-1.76777,51.81949],[-1.75245,51.81604],[-1.73609,51.81371],[-1.72094,51.80931],[-1.71268,51.80647],[-1.70296,51.80665],[-1.70013,51.79333],[-1.69739,51.78313],[-1.70065,51.77012],[-1.69996,51.76789],[-1.69962,51.76582],[-1.69876,51.76104],[-1.69361,51.75392],[-1.69619,51.7501],[-1.69481,51.74468],[-1.69601,51.73894],[-1.69052,51.72958],[-1.69464,51.71427],[-1.68091,51.71086],[-1.6658,51.70406],[-1.65619,51.70491],[-1.63559,51.69129],[-1.63559,51.68448],[-1.65756,51.68448],[-1.68091,51.68448],[-1.69739,51.68448]]]}},{"type":"Feature","properties":{"source_code":"L84012","codes":["L84012"],"label":"PHOENIX HEALTH GROUP"},"geometry":{"type":"MultiPolygon","coordinates":[[[[-1.82757,51.70024],[-1.82752,51.70035],[-1.82758,51.69977],[-1.82757,51.70024]]],[[[-1.82757,51.70024],[-1.8292,51.69636],[-1.83291,51.67144],[-1.85133,51.65791],[-1.8639,51.65461],[-1.87832,51.64854],[-1.88931,51.63777],[-1.89926,51.62891],[-1.91703,51.62166],[-1.94063,51.6191],[-1.95282,51.61482],[-1.97395,51.62259],[-1.99299,51.6084],[-2.02594,51.56232],[-2.10281,51.55037],[-2.22361,51.54353],[-2.30598,51.56061],[-2.30598,51.68168],[-2.1385,51.71743],[-2.13576,51.72084],[-2.1112,51.72084],[-2.1074,51.72886],[-2.10026,51.73716],[-2.09466,51.74344],[-2.08723,51.75546],[-2.07461,51.77072],[-2.06517,51.77435],[-2.06316,51.77571],[-2.0614,51.77666],[-2.04326,51.7881],[-2.02504,51.7731],[-2.01813,51.77497],[-2.00378,51.77966],[-1.98917,51.78287],[-1.95256,51.76487],[-1.94522,51.76136],[-1.94095,51.75929],[-1.93737,51.75658],[-1.93305,51.76274],[-1.92701,51.76629],[-1.90987,51.77658],[-1.90279,51.78293],[-1.89878,51.78352],[-1.88996,51.78575],[-1.88244,51.78589],[-1.87645,51.78538],[-1.86497,51.78493],[-1.85632,51.78155],[-1.85077,51.77743],[-1.84721,51.77534],[-1.83779,51.77098],[-1.83008,51.76476],[-1.82685,51.75973],[-1.82276,51.74206],[-1.83073,51.72211],[-1.82743,51.70576],[-1.82757,51.70024]]]]}},{"type":"Feature","properties":{"source_code":"L84018","codes":["L84018"],"label":"CIRENCESTER HEALTH GROUP"},"geometry":{"type":"Polygon","coordinates":[[[-2.09856,51.73203],[-2.09581,51.75328],[-2.09599,51.76752],[-2.10234,51.77814],[-2.10886,51.7843],[-2.0723,51.79503],[-2.08363,51.80593],[-2.07539,51.81387],[-2.06809,51.81957],[-2.05599,51.82321],[-2.03899,51.82517],[-2.02972,51.82315],[-2.01945,51.82146],[-2.01277,51.81949],[-2.00327,51.81795],[-1.99479,51.81657],[-1.98149,51.81618],[-1.96569,51.81472],[-1.94467,51.81344],[-1.93256,51.80782],[-1.92209,51.81933],[-1.91489,51.82119],[-1.90906,51.82304],[-1.90409,51.82345],[-1.89759,51.8229],[-1.8942,51.82127],[-1.89235,51.82256],[-1.88931,51.8231],[-1.88364,51.81753],[-1.87695,51.81901],[-1.86793,51.82127],[-1.86201,51.81827],[-1.87098,51.81159],[-1.88424,51.80047],[-1.87626,51.7972],[-1.87446,51.79354],[-1.87141,51.78913],[-1.87051,51.78542],[-1.87428,51.78229],[-1.86784,51.77991],[-1.86543,51.77638],[-1.86294,51.77241],[-1.85126,51.76802],[-1.84402,51.76836],[-1.8414,51.76585],[-1.83907,51.7636],[-1.83587,51.7617],[-1.83387,51.7589],[-1.83195,51.75807],[-1.82933,51.75985],[-1.82584,51.76375],[-1.81619,51.76949],[-1.8062,51.77251],[-1.79982,51.77575],[-1.79417,51.77867],[-1.78715,51.78149],[-1.78148,51.78623],[-1.78285,51.79022],[-1.77838,51.79391],[-1.76935,51.79241],[-1.76994,51.7883],[-1.7776,51.78557],[-1.77955,51.78442],[-1.78046,51.7804],[-1.78418,51.77633],[-1.78661,51.7719],[-1.79041,51.76799],[-1.78982,51.7643],[-1.79146,51.75912],[-1.79115,51.75554],[-1.79187,51.75075],[-1.7907,51.74563],[-1.7899,51.74319],[-1.79235,51.74085],[-1.7857,51.7383],[-1.78439,51.73606],[-1.7872,51.73499],[-1.78853,51.73571],[-1.79101,51.73658],[-1.7935,51.73628],[-1.80919,51.7327],[-1.81545,51.73002],[-1.8233,51.7261],[-1.83107,51.72234],[-1.82991,51.71623],[-1.82813,51.71103],[-1.82652,51.70503],[-1.82791,51.6995],[-1.82861,51.69663],[-1.83154,51.69397],[-1.82219,51.68772],[-1.81513,51.67788],[-1.81435,51.67647],[-1.81683,51.67229],[-1.8151,51.66755],[-1.81901,51.66233],[-1.82921,51.64637],[-1.83777,51.64169],[-1.84495,51.63936],[-1.85622,51.6413],[-1.86055,51.64434],[-1.86727,51.64085],[-1.87742,51.63885],[-1.89051,51.63208],[-1.91402,51.62201],[-1.94664,51.61876],[-1.95127,51.61434],[-1.95969,51.61226],[-1.97514,51.61311],[-1.98415,51.61418],[-1.9911,51.61674],[-2.00518,51.61983],[-2.0153,51.62191],[-2.02423,51.62409],[-2.03097,51.63033],[-2.03633,51.63219],[-2.04432,51.63315],[-2.0523,51.63272],[-2.06852,51.63443],[-2.08101,51.63924],[-2.08114,51.64276],[-2.07693,51.64961],[-2.07607,51.6552],[-2.08071,51.66414],[-2.08878,51.68033],[-2.09435,51.68767],[-2.10062,51.69725],[-2.10663,51.70201],[-2.11126,51.70613],[-2.11461,51.71312],[-2.11783,51.71896],[-2.1147,51.72182],[-2.10783,51.72363],[-2.09856,51.73203]]]}},{"type":"Feature","properties":{"source_code":"L84010","codes":["L84010"],"label":"UPPER THAMES MEDICAL GROUP"},"geometry":{"type":"Polygon","coordinates":[[[-2.08466,51.79269],[-2.04981,51.81063],[-2.01187,51.80973],[-1.97805,51.80968],[-1.95213,51.81042],[-1.9305,51.81222],[-1.87192,51.79681],[-1.8639,51.77602],[-1.8257,51.76184],[-1.80227,51.75573],[-1.82948,51.72176],[-1.82622,51.69826],[-1.83206,51.66015],[-1.84304,51.63533],[-1.92518,51.60299],[-1.99428,51.60554],[-2.05698,51.62375],[-2.07597,51.63306],[-2.08466,51.64748],[-2.09847,51.6791],[-2.125,51.72506],[-2.09435,51.73261],[-2.08234,51.75955],[-2.06972,51.765],[-2.06946,51.78313],[-2.08466,51.79269]]]}},{"type":"Feature","properties":{"source_code":"K84010","codes":["K84010"],"label":"BAMPTON SURGERY"},"geometry":{"type":"Polygon","coordinates":[[[-1.57448,51.77782],[-1.55869,51.77464],[-1.51886,51.76317],[-1.43784,51.73766],[-1.4193,51.7266],[-1.43303,51.71937],[-1.46049,51.71469],[-1.47423,51.70491],[-1.48796,51.6964],[-1.49895,51.69299],[-1.51543,51.67863],[-1.53603,51.68341],[-1.57379,51.68533],[-1.59336,51.69022],[-1.61396,51.70065],[-1.62117,51.71597],[-1.61362,51.74149],[-1.61774,51.75211],[-1.61087,51.76465],[-1.59164,51.77081],[-1.57448,51.77782]]]}},{"type":"Feature","properties":{"source_code":"K84075","codes":["K84075"],"label":"BROADSHIRES HEALTH CENTRE"},"geometry":{"type":"Polygon","coordinates":[[[-1.64864,51.81498],[-1.57791,51.79418],[-1.55182,51.80182],[-1.5374,51.7997],[-1.51337,51.77761],[-1.52229,51.75764],[-1.54221,51.72235],[-1.58821,51.71001],[-1.67542,51.71086],[-1.68709,51.71724],[-1.64864,51.81498]]]}},{"type":"Feature","properties":{"source_code":"K84006","codes":["K84006"],"label":"EYNSHAM MEDICAL GROUP"},"geometry":{"type":"MultiPolygon","coordinates":[[[[-1.36089,51.74346],[-1.35038,51.74484],[-1.3654,51.74276],[-1.36089,51.74346]]],[[[-1.45741,51.80055],[-1.46904,51.83416],[-1.46421,51.85011],[-1.45527,51.85426],[-1.44702,51.85693],[-1.43275,51.85952],[-1.41917,51.85595],[-1.40284,51.85027],[-1.39586,51.84945],[-1.38442,51.84566],[-1.38077,51.83852],[-1.37621,51.82973],[-1.35625,51.82854],[-1.34834,51.83452],[-1.34316,51.83328],[-1.35136,51.82063],[-1.33759,51.79269],[-1.33415,51.78611],[-1.35235,51.77591],[-1.34651,51.7604],[-1.34308,51.74617],[-1.35166,51.74468],[-1.35097,51.74489],[-1.35799,51.74397],[-1.35441,51.74468],[-1.36145,51.74351],[-1.35799,51.74397],[-1.35922,51.74372],[-1.36089,51.74346],[-1.36866,51.74244],[-1.37256,51.74013],[-1.37303,51.73718],[-1.3702,51.73362],[-1.36746,51.73117],[-1.36677,51.72809],[-1.37226,51.71852],[-1.38256,51.71001],[-1.39664,51.70725],[-1.40488,51.70831],[-1.41724,51.71023],[-1.42239,51.71703],[-1.44539,51.73001],[-1.44161,51.73723],[-1.45809,51.75275],[-1.44779,51.78675],[-1.45741,51.80055]]]]}},{"type":"Feature","properties":{"source_code":"K84618","codes":["K84618"],"label":"COGGES SURGERY"},"geometry":{"type":"Polygon","coordinates":[[[-1.49117,51.84214],[-1.48236,51.8381],[-1.46319,51.8409],[-1.45828,51.83938],[-1.45904,51.83707],[-1.45322,51.83354],[-1.44689,51.8298],[-1.43688,51.82444],[-1.46794,51.81961],[-1.47203,51.81893],[-1.43723,51.82437],[-1.41706,51.8196],[-1.41071,51.8092],[-1.409,51.79057],[-1.40659,51.75934],[-1.41209,51.74829],[-1.43526,51.72501],[-1.48998,51.73944],[-1.48727,51.75977],[-1.49436,51.75278],[-1.49584,51.75906],[-1.49526,51.76024],[-1.50873,51.75826],[-1.52264,51.75666],[-1.53534,51.75271],[-1.53139,51.75833],[-1.52598,51.77801],[-1.5397,51.77624],[-1.55314,51.78295],[-1.55319,51.78292],[-1.56487,51.78335],[-1.58031,51.78696],[-1.58375,51.78951],[-1.54864,51.80333],[-1.5413,51.80271],[-1.52813,51.80394],[-1.53045,51.81892],[-1.52946,51.8325],[-1.49655,51.83801],[-1.49455,51.84023],[-1.49117,51.84214]],[[-1.48218,51.81915],[-1.47285,51.8188],[-1.47271,51.81882],[-1.48218,51.81915]],[[-1.52458,51.81734],[-1.52454,51.81733],[-1.52552,51.81889],[-1.52458,51.81734]],[[-1.51973,51.81565],[-1.51874,51.8148],[-1.51968,51.81574],[-1.52349,51.81696],[-1.51973,51.81565]],[[-1.51322,51.81005],[-1.51244,51.80938],[-1.51316,51.81004],[-1.51329,51.81011],[-1.51322,51.81005]],[[-1.50946,51.80628],[-1.5108,51.80564],[-1.50916,51.80639],[-1.51081,51.80789],[-1.50946,51.80628]],[[-1.52143,51.80023],[-1.52328,51.79932],[-1.52131,51.80023],[-1.51839,51.80186],[-1.52143,51.80023]],[[-1.53706,51.79259],[-1.54011,51.79076],[-1.53585,51.79318],[-1.53706,51.79259]]]}},{"type":"Feature","properties":{"source_code":"L84063","codes":["L84063"],"label":"RENDCOMB SURGERY"},"geometry":{"type":"Polygon","coordinates":[[[-2.09908,51.84299],[-2.07951,51.85974],[-2.05238,51.87183],[-2.03419,51.87649],[-2.01496,51.87882],[-1.98269,51.87819],[-1.96072,51.87633],[-1.94149,51.87193],[-1.90029,51.86165],[-1.84227,51.83493],[-1.81412,51.80798],[-1.80725,51.76996],[-1.81,51.74861],[-1.81824,51.72767],[-1.8457,51.70406],[-1.87265,51.6898],[-1.90098,51.68107],[-1.9281,51.67596],[-1.96243,51.67341],[-1.99505,51.67596],[-2.0208,51.68299],[-2.0541,51.69682],[-2.08397,51.70959],[-2.11693,51.72107],[-2.13461,51.73107],[-2.14542,51.74574],[-2.14817,51.76306],[-2.14439,51.7774],[-2.14216,51.78685],[-2.13787,51.79503],[-2.12259,51.81965],[-2.09908,51.84299]]]}},{"type":"Feature","properties":{"source_code":"K84072","codes":["K84072"],"label":"NUFFIELD HEALTH CENTRE"},"geometry":{"type":"Polygon","coordinates":[[[-1.48041,51.84511],[-1.41552,51.8188],[-1.40282,51.74701],[-1.43578,51.72192],[-1.51199,51.72363],[-1.57654,51.76741],[-1.54358,51.79715],[-1.48041,51.84511]]]}},{"type":"Feature","properties":{"source_code":"K84017","codes":["K84017"],"label":"WINDRUSH MEDICAL PRACTICE"},"geometry":{"type":"Polygon","coordinates":[[[-1.47594,51.84893],[-1.44573,51.83747],[-1.43955,51.83684],[-1.43475,51.83557],[-1.4296,51.83323],[-1.42633,51.83164],[-1.42076,51.83084],[-1.41947,51.83058],[-1.41878,51.82973],[-1.42196,51.82766],[-1.41998,51.82607],[-1.4199,51.82315],[-1.42187,51.81907],[-1.42676,51.81992],[-1.42342,51.81461],[-1.42376,51.79911],[-1.42616,51.78186],[-1.42599,51.77708],[-1.41277,51.75828],[-1.38016,51.74935],[-1.37861,51.72118],[-1.45414,51.72001],[-1.48006,51.72309],[-1.50101,51.72309],[-1.50238,51.72277],[-1.5053,51.72256],[-1.5077,51.72331],[-1.51079,51.7232],[-1.51337,51.72299],[-1.51491,51.72426],[-1.51594,51.72426],[-1.52212,51.72618],[-1.52899,51.72777],[-1.54701,51.72958],[-1.54787,51.73373],[-1.55113,51.7367],[-1.55354,51.74574],[-1.55783,51.7518],[-1.56401,51.76115],[-1.56504,51.76263],[-1.57276,51.76487],[-1.56572,51.76646],[-1.56761,51.77336],[-1.55165,51.78653],[-1.55113,51.79057],[-1.55251,51.79237],[-1.55482,51.79259],[-1.55628,51.7946],[-1.54941,51.80097],[-1.5362,51.81212],[-1.53568,51.81222],[-1.52641,51.82761],[-1.50753,51.83217],[-1.49054,51.84246],[-1.48951,51.84394],[-1.48727,51.84511],[-1.4847,51.84522],[-1.48144,51.84575],[-1.47869,51.84755],[-1.47594,51.84893]]]}},{"type":"Feature","properties":{"source_code":"K84047","codes":["K84047"],"label":"BURFORD SURGERY"},"geometry":{"type":"Polygon","coordinates":[[[-1.58804,51.86229],[-1.54903,51.81766],[-1.54839,51.81774],[-1.53912,51.80989],[-1.53671,51.76444],[-1.66409,51.73383],[-1.78459,51.78844],[-1.77704,51.83302],[-1.69267,51.86049],[-1.64052,51.86308],[-1.58804,51.86229]]]}},{"type":"Feature","properties":{"source_code":"K84042","codes":["K84042"],"label":"WOODSTOCK SURGERY"},"geometry":{"type":"Polygon","coordinates":[[[-1.33347,51.95802],[-1.33984,51.95553],[-1.33621,51.95611],[-1.29913,51.95781],[-1.30412,51.93248],[-1.30362,51.92886],[-1.29718,51.92241],[-1.29536,51.92267],[-1.29667,51.9219],[-1.29364,51.91886],[-1.28101,51.91736],[-1.25072,51.91505],[-1.25313,51.88645],[-1.2545,51.87882],[-1.25515,51.87939],[-1.25519,51.87903],[-1.25931,51.84596],[-1.26892,51.81541],[-1.29501,51.80352],[-1.33896,51.79078],[-1.35669,51.79681],[-1.37274,51.80129],[-1.39101,51.80469],[-1.39732,51.80522],[-1.40235,51.80562],[-1.44745,51.80777],[-1.44928,51.80939],[-1.46358,51.81053],[-1.45003,51.81005],[-1.45706,51.81626],[-1.45574,51.82077],[-1.46049,51.81116],[-1.44381,51.86128],[-1.4407,51.87183],[-1.44676,51.91336],[-1.44676,51.91355],[-1.44779,51.91314],[-1.44676,51.92094],[-1.44676,51.9231],[-1.44646,51.92324],[-1.44642,51.92352],[-1.39217,51.94871],[-1.33347,51.95802]]]}},{"type":"Feature","properties":{"source_code":"K84046","codes":["K84046"],"label":"WYCHWOOD SURGERY"},"geometry":{"type":"Polygon","coordinates":[[[-1.63799,51.80331],[-1.71387,51.88221],[-1.64211,51.90171],[-1.62426,51.91674],[-1.58752,51.91738],[-1.55903,51.90086],[-1.55045,51.89175],[-1.53182,51.87352],[-1.52401,51.83663],[-1.5659,51.7997],[-1.58735,51.79646],[-1.63799,51.80331]]]}},{"type":"Feature","properties":{"source_code":"K84610","codes":["K84610"],"label":"THE CHARLBURY MEDICAL CENTRE"},"geometry":{"type":"Polygon","coordinates":[[[-1.52952,51.90402],[-1.48348,51.92033],[-1.44496,51.92253],[-1.43065,51.89671],[-1.42141,51.87027],[-1.40581,51.8407],[-1.45277,51.82202],[-1.49059,51.81996],[-1.50933,51.80216],[-1.55449,51.82129],[-1.58265,51.84911],[-1.52952,51.90402]]]}},{"type":"Feature","properties":{"source_code":"L84038","codes":["L84038"],"label":"COTSWOLD MEDICAL PRACTICE"},"geometry":{"type":"Polygon","coordinates":[[[-1.61997,51.91696],[-1.63156,51.87871],[-1.62872,51.87819],[-1.63272,51.87488],[-1.63396,51.87077],[-1.63689,51.87142],[-1.74408,51.78229],[-1.76737,51.78351],[-1.82716,51.75488],[-1.89617,51.74064],[-1.94939,51.80373],[-1.98898,51.87653],[-1.9899,51.87734],[-1.98955,51.87757],[-1.99196,51.882],[-1.98647,51.87962],[-1.93421,51.91441],[-1.99162,51.882],[-1.98964,51.89138],[-1.95522,51.90345],[-1.93361,51.91481],[-1.87402,51.95438],[-1.87467,51.9632],[-1.74695,51.95667],[-1.67087,51.92929],[-1.61997,51.91696]]]}},{"type":"Feature","properties":{"source_code":"L84015","codes":["L84015"],"label":"SIXWAYS CLINIC"},"geometry":{"type":"Polygon","coordinates":[[[-2.09375,51.90091],[-2.09221,51.90212],[-2.09083,51.90385],[-2.08972,51.90453],[-2.08791,51.90542],[-2.08552,51.90616],[-2.08299,51.90467],[-2.08045,51.90562],[-2.07247,51.90287],[-2.06861,51.90959],[-2.06955,51.91653],[-2.05359,51.91749],[-2.04861,51.91611],[-2.0444,51.91436],[-2.04062,51.91463],[-2.03711,51.9141],[-2.03462,51.91479],[-2.03144,51.91584],[-2.01144,51.91817],[-1.98878,51.91913],[-1.9669,51.92019],[-1.92252,51.91902],[-1.92261,51.91097],[-1.92063,51.90716],[-1.9172,51.90578],[-1.91222,51.90584],[-1.90613,51.90721],[-1.90338,51.90631],[-1.90295,51.90409],[-1.89866,51.90065],[-1.89617,51.89519],[-1.91033,51.8918],[-1.91342,51.88868],[-1.90604,51.87941],[-1.88888,51.87522],[-1.87832,51.8607],[-1.87729,51.85805],[-1.88467,51.84845],[-1.88707,51.8467],[-1.89197,51.84506],[-1.90201,51.84447],[-1.90578,51.84575],[-1.91342,51.84734],[-1.92527,51.84384],[-1.94012,51.83599],[-1.94535,51.8344],[-1.95291,51.83615],[-1.9584,51.83758],[-1.97187,51.83594],[-1.97823,51.83392],[-1.99162,51.82973],[-1.99187,51.81822],[-1.99513,51.81732],[-2.00749,51.81806],[-2.0147,51.82055],[-2.04097,51.82581],[-2.0505,51.8309],[-2.05324,51.83047],[-2.05539,51.83122],[-2.05564,51.8361],[-2.06105,51.83896],[-2.0753,51.8431],[-2.07994,51.84691],[-2.08517,51.85222],[-2.08302,51.85784],[-2.08148,51.86552],[-2.09247,51.87114],[-2.10208,51.8766],[-2.12499,51.88142],[-2.12491,51.88735],[-2.10354,51.8944],[-2.10363,51.89611],[-2.10234,51.89633],[-2.09977,51.89741],[-2.09375,51.90091]]]}},{"type":"Feature","properties":{"source_code":"L84059","codes":["L84059"],"label":"ROYAL CRESCENT SURGERY"},"geometry":{"type":"Polygon","coordinates":[[[-2.13015,51.94934],[-2.10817,51.9395],[-2.10354,51.93686],[-2.09616,51.93622],[-2.09221,51.93506],[-2.08157,51.93686],[-2.0462,51.93008],[-2.04191,51.93231],[-2.03934,51.93199],[-2.03384,51.92056],[-2.02354,51.92331],[-2.00912,51.92288],[-2.00157,51.89249],[-2.0208,51.88751],[-2.01925,51.87808],[-2.02011,51.8731],[-2.03608,51.8731],[-2.03127,51.86494],[-2.06165,51.86239],[-2.08517,51.85169],[-2.11573,51.85211],[-2.11744,51.84628],[-2.12276,51.84713],[-2.12379,51.84384],[-2.1353,51.85253],[-2.14405,51.85709],[-2.1516,51.87607],[-2.15315,51.89154],[-2.15607,51.8944],[-2.16087,51.90054],[-2.15641,51.93474],[-2.15641,51.93707],[-2.14611,51.95104],[-2.13015,51.94934]]]}},{"type":"Feature","properties":{"source_code":"L84030","codes":["L84030"],"label":"BERKELEY PLACE SURGERY"},"geometry":{"type":"Polygon","coordinates":[[[-2.13341,51.8856],[-2.10045,51.89556],[-2.08912,51.9231],[-2.06852,51.93178],[-2.01908,51.92606],[-2.00569,51.87797],[-2.06337,51.8661],[-2.13341,51.8856]]]}},{"type":"Feature","properties":{"source_code":"L84031","codes":["L84031"],"label":"STOW SURGERY"},"geometry":{"type":"Polygon","coordinates":[[[-1.69773,51.99867],[-1.69704,51.99853],[-1.69773,51.99894],[-1.68923,51.99735],[-1.66391,51.9881],[-1.61353,51.97087],[-1.60254,51.96082],[-1.60014,51.95537],[-1.59624,51.93916],[-1.59267,51.93717],[-1.59328,51.93728],[-1.60881,51.91844],[-1.62357,51.89424],[-1.644,51.87866],[-1.65276,51.8643],[-1.66048,51.86102],[-1.71447,51.84288],[-1.75395,51.84988],[-1.77893,51.85428],[-1.79978,51.86033],[-1.81987,51.86361],[-1.84965,51.8776],[-1.85008,51.88804],[-1.86115,51.90764],[-1.86948,51.91897],[-1.86699,51.93744],[-1.87394,51.95146],[-1.8542,51.95754],[-1.79695,51.97261],[-1.77369,51.98853],[-1.75524,51.9963],[-1.74391,52.00565],[-1.73395,52.00729],[-1.69773,51.99867]]]}},{"type":"Feature","properties":{"source_code":"K84030","codes":["K84030"],"label":"CHIPPING NORTON HEALTH CENTRE"},"geometry":{"type":"Polygon","coordinates":[[[-1.55276,52.01695],[-1.47406,51.99941],[-1.45457,51.97785],[-1.43148,51.95442],[-1.44659,51.91118],[-1.47577,51.88311],[-1.56452,51.86483],[-1.60469,51.87888],[-1.65147,51.90446],[-1.65576,51.94257],[-1.64529,51.96267],[-1.61302,51.99772],[-1.55276,52.01695]]]}},{"type":"Feature","properties":{"source_code":"L84004","codes":["L84004"],"label":"WINCHCOMBE MEDICAL CENTRE"},"geometry":{"type":"Polygon","coordinates":[[[-1.96621,52.03011],[-1.93634,52.02556],[-1.9057,52.02102],[-1.89235,52.01162],[-1.88132,52.00417],[-1.85682,51.97994],[-1.84399,51.954],[-1.84553,51.93559],[-1.85686,51.92791],[-1.8601,51.92426],[-1.86347,51.92074],[-1.90497,51.90373],[-1.96363,51.89323],[-1.99925,51.92034],[-2.02457,51.94405],[-2.03196,51.97219],[-2.02972,52.0001],[-2.02312,52.00903],[-2.01033,52.01732],[-1.99136,52.02488],[-1.96621,52.03011]]]}},{"type":"Feature","properties":{"source_code":"K84055","codes":["K84055"],"label":"DEDDINGTON HEALTH CENTRE"},"geometry":{"type":"MultiPolygon","coordinates":[[[[-1.46918,51.9697],[-1.46948,51.9696],[-1.4704,51.96965],[-1.46918,51.9697]]],[[[-1.25793,52.03221],[-1.17262,52.01722],[-1.15848,51.99846],[-1.17215,51.98287],[-1.18482,51.97603],[-1.19543,51.9641],[-1.20125,51.95745],[-1.20261,51.94741],[-1.20395,51.94331],[-1.22493,51.89699],[-1.27396,51.88314],[-1.27947,51.88278],[-1.28689,51.88292],[-1.2993,51.87904],[-1.30849,51.87776],[-1.31591,51.87909],[-1.32305,51.88012],[-1.32904,51.8827],[-1.33949,51.88166],[-1.34678,51.8813],[-1.35609,51.88107],[-1.36143,51.88297],[-1.36547,51.88654],[-1.36963,51.88806],[-1.37654,51.89107],[-1.37933,51.8919],[-1.3811,51.89262],[-1.3826,51.89203],[-1.38289,51.89225],[-1.38216,51.89247],[-1.38399,51.89237],[-1.38559,51.89285],[-1.38778,51.89361],[-1.3862,51.89282],[-1.38749,51.89322],[-1.39094,51.89379],[-1.39305,51.89666],[-1.39473,51.89737],[-1.39589,51.89846],[-1.39634,51.89989],[-1.39928,51.90138],[-1.4246,51.90389],[-1.42808,51.90528],[-1.436,51.90841],[-1.44461,51.91122],[-1.44751,51.91252],[-1.45298,51.91583],[-1.4576,51.9192],[-1.46068,51.91924],[-1.46599,51.92191],[-1.47148,51.92452],[-1.47676,51.92522],[-1.48976,51.931],[-1.5003,51.93548],[-1.50437,51.93863],[-1.5086,51.94102],[-1.51331,51.94465],[-1.51608,51.94848],[-1.52094,51.95335],[-1.46967,51.96838],[-1.46909,51.9697],[-1.46918,51.9697],[-1.46422,51.97127],[-1.45652,51.97242],[-1.44745,51.97462],[-1.44041,51.97602],[-1.4332,51.98074],[-1.43677,51.9843],[-1.43827,51.98823],[-1.44026,51.99207],[-1.43925,51.99489],[-1.43781,51.99639],[-1.43783,51.99778],[-1.43831,51.99954],[-1.43955,52.00404],[-1.43795,52.00452],[-1.43133,52.00242],[-1.42745,52.00296],[-1.42322,52.00331],[-1.41856,52.00517],[-1.41457,52.00698],[-1.41002,52.00744],[-1.40762,52.00829],[-1.40642,52.00851],[-1.40024,52.00915],[-1.39474,52.01086],[-1.38564,52.01069],[-1.37963,52.0169],[-1.37551,52.02312],[-1.37,52.02881],[-1.36447,52.03766],[-1.36097,52.04352],[-1.35552,52.04183],[-1.34754,52.04141],[-1.33673,52.04151],[-1.32892,52.04177],[-1.32145,52.0432],[-1.31454,52.04346],[-1.3042,52.04351],[-1.29488,52.04399],[-1.25793,52.03221]]]]}},{"type":"Feature","properties":{"source_code":"L84068","codes":["L84068"],"label":"MANN COTTAGE SURGERY"},"geometry":{"type":"Polygon","coordinates":[[[-1.84296,52.03644],[-1.79043,52.06621],[-1.75232,52.07275],[-1.69155,52.0698],[-1.65894,52.0584],[-1.55594,52.00771],[-1.53946,51.94003],[-1.62735,51.90361],[-1.69121,51.8748],[-1.78253,51.87649],[-1.81137,51.88921],[-1.89377,51.95781],[-1.87935,52.00729],[-1.84296,52.03644]]]}},{"type":"Feature","properties":{"source_code":"L84072","codes":["L84072"],"label":"WHITE HOUSE SURGERY"},"geometry":{"type":"Polygon","coordinates":[[[-1.94115,52.09343],[-1.85669,52.09132],[-1.77086,52.09216],[-1.68159,52.0909],[-1.53328,52.05967],[-1.55113,51.9815],[-1.55201,51.98176],[-1.5065,51.93665],[-1.59866,51.91367],[-1.70768,51.88242],[-1.70202,51.88779],[-1.79077,51.86547],[-1.8251,51.86717],[-1.92123,51.95527],[-1.9281,52.08963],[-1.92675,52.08933],[-1.94115,52.09343]]]}},{"type":"Feature","properties":{"source_code":"K84058","codes":["K84058"],"label":"BLOXHAM SURGERY"},"geometry":{"type":"MultiPolygon","coordinates":[[[[-1.31993,52.01338],[-1.31973,52.01363],[-1.31957,52.01309],[-1.31993,52.01338]]],[[[-1.40927,52.05738],[-1.4344,52.05776],[-1.4344,52.05776],[-1.40927,52.05738]]],[[[-1.44917,51.9779],[-1.50204,51.98234],[-1.51916,51.98593],[-1.53971,52.00496],[-1.53242,52.03454],[-1.48555,52.05608],[-1.43474,52.05777],[-1.43455,52.05777],[-1.43509,52.05735],[-1.40693,52.05734],[-1.40927,52.05738],[-1.37981,52.05692],[-1.34943,52.0394],[-1.33978,52.02952],[-1.34007,52.03],[-1.33917,52.02973],[-1.33587,52.02588],[-1.31993,52.01338],[-1.34548,51.98171],[-1.39698,51.97663],[-1.44917,51.9779]]],[[[-1.4344,52.05776],[-1.43455,52.05777],[-1.4344,52.05788],[-1.4344,52.05776]]]]}},{"type":"Feature","properties":{"source_code":"K84065","codes":["K84065"],"label":"SIBFORD SURGERY"},"geometry":{"type":"Polygon","coordinates":[[[-1.36505,52.07064],[-1.3678,52.06347],[-1.36299,52.05587],[-1.35269,52.04996],[-1.34102,52.04573],[-1.36642,52.03137],[-1.38084,52.01025],[-1.42754,51.98192],[-1.48865,51.96162],[-1.52847,51.95019],[-1.57654,51.98446],[-1.63078,52.03011],[-1.63559,52.07064],[-1.62117,52.10482],[-1.57242,52.13812],[-1.49208,52.12548],[-1.4241,52.09807],[-1.36505,52.07064]]]}},{"type":"Feature","properties":{"source_code":"M81029","codes":["M81029"],"label":"NEW BARN CLOSE SURGERY"},"geometry":{"type":"Polygon","coordinates":[[[-1.80176,52.07792],[-1.78315,52.06319],[-1.80232,52.04201],[-1.81618,52.02234],[-1.80354,51.99586],[-1.81073,51.98744],[-1.81971,51.9862],[-1.84883,51.97397],[-1.87847,51.96565],[-1.89411,51.98446],[-1.92789,51.98966],[-1.94707,51.9899],[-1.95477,51.99163],[-1.96213,52.00721],[-1.96486,52.01686],[-1.98338,52.01511],[-1.98518,52.02736],[-1.97097,52.03127],[-1.97393,52.04658],[-1.95737,52.0569],[-1.95592,52.06384],[-1.95301,52.07349],[-1.93964,52.0755],[-1.92939,52.08035],[-1.92132,52.09259],[-1.91525,52.09236],[-1.909,52.09161],[-1.90503,52.09154],[-1.90408,52.09362],[-1.89643,52.09338],[-1.88504,52.09404],[-1.88294,52.09995],[-1.87913,52.10197],[-1.85978,52.10023],[-1.83969,52.1016],[-1.83008,52.10208],[-1.80176,52.07792]]]}},{"type":"Feature","properties":{"source_code":"K84059","codes":["K84059"],"label":"HIGHTOWN SURGERY"},"geometry":{"type":"Polygon","coordinates":[[[-1.38891,52.03338],[-1.39673,52.04229],[-1.3979,52.05885],[-1.40224,52.07462],[-1.39744,52.09109],[-1.38852,52.10693],[-1.35643,52.12836],[-1.28094,52.13041],[-1.26534,52.11983],[-1.26072,52.10589],[-1.25424,52.08135],[-1.24868,52.07217],[-1.24603,52.05244],[-1.24724,52.04188],[-1.25652,52.03217],[-1.26532,52.02308],[-1.28596,52.01599],[-1.30797,52.01186],[-1.38325,52.015],[-1.38891,52.03338]]]}},{"type":"Feature","properties":{"source_code":"L84043","codes":["L84043"],"label":"CHIPPING CAMPDEN SURGERY"},"geometry":{"type":"Polygon","coordinates":[[[-1.73859,52.12506],[-1.60332,52.06009],[-1.68709,51.98065],[-1.86064,52.00084],[-1.88922,52.02409],[-1.88862,52.10055],[-1.82854,52.10461],[-1.8191,52.11937],[-1.73859,52.12506]]]}},{"type":"Feature","properties":{"source_code":"K84028","codes":["K84028"],"label":"BANBURY CROSS HEALTH CENTRE"},"geometry":{"type":"Polygon","coordinates":[[[-1.45947,52.08204],[-1.37466,52.14676],[-1.32969,52.14739],[-1.20094,52.10123],[-1.20026,51.9963],[-1.43509,51.99291],[-1.45947,52.08204]]]}},{"type":"Feature","properties":{"source_code":"K84024","codes":["K84024"],"label":"WINDRUSH SURGERY"},"geometry":{"type":"Polygon","coordinates":[[[-1.42187,52.09986],[-1.40608,52.1084],[-1.38702,52.11357],[-1.36196,52.12179],[-1.36007,52.12469],[-1.35578,52.12796],[-1.33467,52.12221],[-1.31115,52.11663],[-1.2778,52.09114],[-1.26886,52.07986],[-1.25965,52.06837],[-1.26686,52.04874],[-1.26308,52.03726],[-1.25896,52.03333],[-1.2612,52.02972],[-1.26411,52.02616],[-1.26497,52.02218],[-1.25871,52.00908],[-1.25197,52.00253],[-1.24695,51.99587],[-1.25364,51.99429],[-1.2569,51.99609],[-1.31647,52.00771],[-1.32299,52.01101],[-1.33072,52.01114],[-1.33759,52.0108],[-1.34462,52.01109],[-1.35321,52.01136],[-1.36162,52.01257],[-1.3769,52.01405],[-1.38857,52.00834],[-1.40162,52.00856],[-1.44247,52.03908],[-1.43835,52.06663],[-1.42187,52.09986]]]}}]}