practice_name,canonical_code,postcode,street_address,latitude,longitude,telephone,website_url,accepting_new_patients,gtd_managed,gtd_site_name,gtd_site_url,gtd_takeover_date,gtd_takeover_date_precision,gtd_takeover_note,gtd_takeover_source_label,gtd_takeover_source_url,nearby_to_gtd_anchors,nearby_anchor_count,source_search_centers,source_search_center_count,min_distance_to_gtd_anchor_miles,management_company_name,management_company_source,management_company_confidence,management_company_domain,management_company_group_size,affiliated_group_name,affiliated_group_source,affiliated_group_confidence,affiliated_group_domain,affiliated_group_group_size,registered_patient_count,registered_patient_count_source,registered_patient_count_candidate,registered_patient_count_candidate_code,registered_patient_count_candidate_source,registered_patient_count_candidate_confidence,google_review_score,google_review_count,google_review_source_note,google_review_source_url,google_maps_title,google_maps_match_score,google_recent_reviews_captured,google_review_text_file,trustpilot_score,trustpilot_review_count,trustpilot_source_url,nhs_profile_url
City Health Centre,Y02849,M1 1PL,"2Nd FL, 32 Market St, Manchester, Greater Manchester",53.4827,-2.24292,01618396227,https://www.gtdhealthcare.co.uk/cityhealthcentre,True,True,City Health Centre,https://www.gtdhealthcare.co.uk/cityhealthcentre,2018-08-29,day,Current GTD tenure uses the APMS contract start date listed by NHS Greater Manchester.,NHS GM primary medical contract list (Feb 2024),https://gmintegratedcare.org.uk/wp-content/uploads/2024/08/nhs-gm-primary-care-core-contracts-combined-database-feb-24.xlsx,"City Health Centre, New Bank Health Centre, Simpson Medical Practice",3,"City Health Centre, New Bank Health Centre, Salford Quays supplemental search, Simpson Medical Practice, Stretford supplemental search",5,0.0,GTD Healthcare,gtd_anchor_match,high,gtdhealthcare.co.uk,,,,,,,15321,nhs_monthly_direct,,,,,,,,,,,,,,,,https://www.nhs.uk/services/gp-surgery/city-health-centre/Y02849
New Bank Health,Y02960,M12 4JE,"339 Stockport Road, Longsight, Manchester, Greater Manchester",53.4601,-2.20437,01612775600,https://www.newbank.nhs.uk/,True,True,New Bank Health Centre,https://www.gtdhealthcare.co.uk/newbankhealthcentre,2025-04-01,day,Current GTD tenure began when New Bank Health Centre moved from Better Health Manchester to GTD Healthcare in the 2025 APMS mobilisation.,"Manchester Locality PCCC agenda and papers, 27 March 2025",https://gmintegratedcare.org.uk/wp-content/uploads/2025/03/manchester-locality-pccc-primary-care-commissioning-committee-agenda-and-papers-27-march-2025.pdf,"City Health Centre, Droylsden Medical Practice, New Bank Health Centre",3,"City Health Centre, Droylsden Medical Practice, New Bank Health Centre",3,0.0,GTD Healthcare,gtd_anchor_match,high,gtdhealthcare.co.uk,,,,,,,6419,nhs_monthly_direct,,,,,,,,,,,,,,,,https://www.nhs.uk/services/gp-surgery/new-bank-health/Y02960
Guide Bridge Medical Practice,Y02713,M34 5HY,"Guide Lane, Audenshaw, Manchester, Greater Manchester",53.4716,-2.11327,01613442609,http://www.gtdhealthcare.co.uk/practice/4/guide-bridge-medical-practice.aspx,True,True,Guide Bridge Medical Practice,https://www.gtdhealthcare.co.uk/guidebridgemedicalpractice,2017-09-01,day,Current GTD tenure uses the APMS contract start date listed by NHS Greater Manchester.,NHS GM primary medical contract list (Feb 2024),https://gmintegratedcare.org.uk/wp-content/uploads/2024/08/nhs-gm-primary-care-core-contracts-combined-database-feb-24.xlsx,"Ashton GP Service, Droylsden Medical Practice, Gordon Street Medical Centre, Guide Bridge Medical Practice, Hattersley Group Practice, Millbrook Medical Practice, Mossley Medical Practice, The Smithy Surgery",8,"Ashton GP Service, Droylsden Medical Practice, Gordon Street Medical Centre, Guide Bridge Medical Practice, Hattersley Group Practice, Millbrook Medical Practice, Mossley Medical Practice, The Smithy Surgery",8,0.0,GTD Healthcare,gtd_anchor_match,high,gtdhealthcare.co.uk,,,,,,,4478,nhs_monthly_direct,,,,,,,,,,,,,,,,https://www.nhs.uk/services/gp-surgery/guide-bridge-medical-practice/Y02713
Simpson Medical Practice,Y02520,M40 9NB,"361 Moston Lane, Moston, Manchester, Greater Manchester",53.514,-2.19802,01612035550,http://www.gtdhealthcare.co.uk/,True,True,Simpson Medical Practice,https://www.gtdhealthcare.co.uk/simpsonmedicalpractice,2017-10-02,day,Current GTD tenure uses the APMS contract start date listed by NHS Greater Manchester.,NHS GM primary medical contract list (Feb 2024),https://gmintegratedcare.org.uk/wp-content/uploads/2024/08/nhs-gm-primary-care-core-contracts-combined-database-feb-24.xlsx,"Charlestown Medical Practice, Droylsden Medical Practice, Simpson Medical Practice",3,"Charlestown Medical Practice, Droylsden Medical Practice, Simpson Medical Practice",3,0.0,GTD Healthcare,gtd_anchor_match,high,gtdhealthcare.co.uk,,,,,,,5375,nhs_monthly_direct,,,,,1.7,10,Just Visits exact listing match,https://justvisits.co.uk/listing/simpson-medical-practice-manchester,,,,,,,,https://www.nhs.uk/services/gp-surgery/simpson-medical-practice/Y02520
Droylsden Medical Practice,Y02663,M43 7NP,"1-3 Albion Drive, Droylsden, Manchester, Greater Manchester",53.4872,-2.14565,01619830110,https://www.gtdhealthcare.co.uk/droylsdenmedicalpractice,True,True,Droylsden Medical Practice,https://www.gtdhealthcare.co.uk/droylsdenmedicalpractice,2017-09-01,day,Current GTD tenure uses the APMS contract start date listed by NHS Greater Manchester.,NHS GM primary medical contract list (Feb 2024),https://gmintegratedcare.org.uk/wp-content/uploads/2024/08/nhs-gm-primary-care-core-contracts-combined-database-feb-24.xlsx,"Ashton GP Service, Charlestown Medical Practice, Droylsden Medical Practice, Gordon Street Medical Centre, Guide Bridge Medical Practice, Simpson Medical Practice",6,"Ashton GP Service, Charlestown Medical Practice, Droylsden Medical Practice, Gordon Street Medical Centre, Guide Bridge Medical Practice, Simpson Medical Practice",6,0.0,GTD Healthcare,gtd_anchor_match,high,gtdhealthcare.co.uk,,,,,,,4388,nhs_monthly_direct,,,,,,,,,,,,,,,,https://www.nhs.uk/services/gp-surgery/droylsden-medical-practice/Y02663
Charlestown MD,Y02325,M9 7ED,"Charlestown Road, Blackley, Manchester, Greater Manchester",53.5226,-2.18689,01612415309,https://charlestownmedicalpractice.co.uk/,True,True,Charlestown Medical Practice,https://www.gtdhealthcare.co.uk/charlestownmedicalpractice,2025-04-01,day,Current GTD tenure began when Charlestown Medical Practice moved from North Manchester GPPO to GTD Healthcare in the 2025 APMS mobilisation.,"Manchester Locality PCCC agenda and papers, 27 March 2025",https://gmintegratedcare.org.uk/wp-content/uploads/2025/03/manchester-locality-pccc-primary-care-commissioning-committee-agenda-and-papers-27-march-2025.pdf,"Charlestown Medical Practice, Droylsden Medical Practice, Lindley Medical Practice, Simpson Medical Practice",4,"Charlestown Medical Practice, Droylsden Medical Practice, Lindley Medical Practice, Simpson Medical Practice",4,0.0,GTD Healthcare,gtd_anchor_match,high,gtdhealthcare.co.uk,,,,,,,5268,nhs_monthly_direct,,,,,,,,,,,,,,,,https://www.nhs.uk/services/gp-surgery/charlestown-md/Y02325
Lindley House Health Centre,Y02875,OL1 1NL,"Integrated Care Centre, New Radcliffe Street, Oldham, Lancashire",53.5438,-2.11693,01613373467,http://www.gtdhealthcare.co.uk/practice/lindley-medical-practice-,True,True,Lindley Medical Practice,https://www.gtdhealthcare.co.uk/lindleymedicalpractice,2019-10-01,day,Current GTD tenure uses the APMS contract start date listed by NHS Greater Manchester.,NHS GM primary medical contract list (Feb 2024),https://gmintegratedcare.org.uk/wp-content/uploads/2024/08/nhs-gm-primary-care-core-contracts-combined-database-feb-24.xlsx,"Lindley Medical Practice, Mossley Medical Practice",2,"Lindley Medical Practice, Mossley Medical Practice, Rochdale central supplemental search",3,0.0,GTD Healthcare,gtd_anchor_match,high,gtdhealthcare.co.uk,,,,,,,4895,nhs_monthly_direct,,,,,,,,,,,,,,,,https://www.nhs.uk/services/gp-surgery/lindley-house-health-centre/Y02875
Mossley Medical Practice,P89612,OL5 9AB,"187 Manchester Road, Mossley, Ashton-under-Lyne, Lancashire",53.514,-2.04062,01457833315,,True,True,Mossley Medical Practice,https://www.gtdhealthcare.co.uk/mossleymedicalpractice,2018-04-01,day,Current GTD tenure uses the GMS contract start date listed by NHS Greater Manchester.,NHS GM primary medical contract list (Feb 2024),https://gmintegratedcare.org.uk/wp-content/uploads/2024/08/nhs-gm-primary-care-core-contracts-combined-database-feb-24.xlsx,"Ashton GP Service, Gordon Street Medical Centre, Hattersley Group Practice, Lindley Medical Practice, Millbrook Medical Practice, Mossley Medical Practice, The Smithy Surgery",7,"Ashton GP Service, Gordon Street Medical Centre, Hattersley Group Practice, Lindley Medical Practice, Millbrook Medical Practice, Mossley Medical Practice, The Smithy Surgery",7,0.0,GTD Healthcare,gtd_anchor_match,high,gtdhealthcare.co.uk,,,,,,,2197,nhs_monthly_direct,,,,,,,,,,,,,,,,https://www.nhs.uk/services/gp-surgery/mossley-medical-practice/P89612
Gordon Street Medical Centre,P89011,OL6 6NE,"171 Mossley Road, Ashton-under-Lyne",53.4929,-2.07804,01613305104,https://www.gtdhealthcare.co.uk/gordonstreetmedicalcentre,True,True,Gordon Street Medical Centre,https://www.gtdhealthcare.co.uk/gordonstreetmedicalcentre,2018-04-01,day,Current GTD tenure uses the GMS contract start date listed by NHS Greater Manchester.,NHS GM primary medical contract list (Feb 2024),https://gmintegratedcare.org.uk/wp-content/uploads/2024/08/nhs-gm-primary-care-core-contracts-combined-database-feb-24.xlsx,"Ashton GP Service, Droylsden Medical Practice, Gordon Street Medical Centre, Guide Bridge Medical Practice, Hattersley Group Practice, Lindley Medical Practice, Millbrook Medical Practice, Mossley Medical Practice, The Smithy Surgery",9,"Ashton GP Service, Droylsden Medical Practice, Gordon Street Medical Centre, Guide Bridge Medical Practice, Hattersley Group Practice, Lindley Medical Practice, Millbrook Medical Practice, Mossley Medical Practice, The Smithy Surgery",9,0.0,GTD Healthcare,gtd_anchor_match,high,gtdhealthcare.co.uk,,,,,,,5181,nhs_monthly_direct,,,,,,,,,,,,,,,,https://www.nhs.uk/services/gp-surgery/gordon-street-medical-centre/P89011
Ashton Gp Service,Y02586,OL6 7SR,"Ashton Primary Care Centre, 193 Old Street, Ashton Under Lyne, Lancashire",53.4858,-2.09997,01619830530,http://www.gtdhealthcare.co.uk/practice/ashton-gp-led-health-centre,True,True,Ashton GP Service,https://www.gtdhealthcare.co.uk/ashtongpservice,2017-09-01,day,Current GTD tenure uses the APMS contract start date listed by NHS Greater Manchester.,NHS GM primary medical contract list (Feb 2024),https://gmintegratedcare.org.uk/wp-content/uploads/2024/08/nhs-gm-primary-care-core-contracts-combined-database-feb-24.xlsx,"Ashton GP Service, Droylsden Medical Practice, Gordon Street Medical Centre, Guide Bridge Medical Practice, Hattersley Group Practice, Millbrook Medical Practice, Mossley Medical Practice, The Smithy Surgery",8,"Ashton GP Service, Droylsden Medical Practice, Gordon Street Medical Centre, Guide Bridge Medical Practice, Hattersley Group Practice, Millbrook Medical Practice, Mossley Medical Practice, The Smithy Surgery",8,0.0,GTD Healthcare,gtd_anchor_match,high,gtdhealthcare.co.uk,,,,,,,5171,nhs_monthly_direct,,,,,,,,,,,,,,,,https://www.nhs.uk/services/gp-surgery/ashton-gp-service/Y02586
Hattersley Group Practice,P89013,SK14 3EH,"Hattersley Road East, Hattersley Ind Est, Hyde, Cheshire",53.4502,-2.02741,01613684161,,True,True,Hattersley Group Practice,https://www.gtdhealthcare.co.uk/hattersleygrouppractice,2018-04-01,day,Current GTD tenure uses the GMS contract start date listed by NHS Greater Manchester.,NHS GM primary medical contract list (Feb 2024),https://gmintegratedcare.org.uk/wp-content/uploads/2024/08/nhs-gm-primary-care-core-contracts-combined-database-feb-24.xlsx,"Gordon Street Medical Centre, Hattersley Group Practice, Millbrook Medical Practice, Mossley Medical Practice, The Smithy Surgery",5,"Gordon Street Medical Centre, Hattersley Group Practice, Millbrook Medical Practice, Mossley Medical Practice, The Smithy Surgery",5,0.0,GTD Healthcare,gtd_anchor_match,high,gtdhealthcare.co.uk,,,,,,,5011,nhs_monthly_direct,,,,,,,,,,,,,,,,https://www.nhs.uk/services/gp-surgery/hattersley-group-practice/P89013
The Smithy Surgery,P89602,SK14 8LJ,"4 Market Street, Hollingworth, Hyde, Cheshire",53.4611,-1.99579,01457767123,https://www.gtdhealthcare.co.uk/thesmithysurgery,True,True,The Smithy Surgery,https://www.gtdhealthcare.co.uk/thesmithysurgery,2018-04-01,day,Current GTD tenure uses the GMS contract start date listed by NHS Greater Manchester.,NHS GM primary medical contract list (Feb 2024),https://gmintegratedcare.org.uk/wp-content/uploads/2024/08/nhs-gm-primary-care-core-contracts-combined-database-feb-24.xlsx,"Hattersley Group Practice, Millbrook Medical Practice, Mossley Medical Practice, The Smithy Surgery",4,"Hattersley Group Practice, Millbrook Medical Practice, Mossley Medical Practice, The Smithy Surgery",4,0.0,GTD Healthcare,gtd_anchor_match,high,gtdhealthcare.co.uk,,,,,,,3747,nhs_monthly_direct,,,,,,,,,,,,,,,,https://www.nhs.uk/services/gp-surgery/the-smithy-surgery/P89602
Millbrook Medical Practice,Y02936,SK15 3BJ,"Hollybank, Off Grove Road, Stalybridge, Cheshire",53.4923,-2.03427,01613042470,http://www.gtdhealthcare.co.uk/practice/millbrook-medical-practice,True,True,Millbrook Medical Practice,https://www.gtdhealthcare.co.uk/millbrookmedicalpractice,2017-09-01,day,Current GTD tenure uses the APMS contract start date listed by NHS Greater Manchester.,NHS GM primary medical contract list (Feb 2024),https://gmintegratedcare.org.uk/wp-content/uploads/2024/08/nhs-gm-primary-care-core-contracts-combined-database-feb-24.xlsx,"Ashton GP Service, Gordon Street Medical Centre, Hattersley Group Practice, Millbrook Medical Practice, Mossley Medical Practice, The Smithy Surgery",6,"Ashton GP Service, Gordon Street Medical Centre, Hattersley Group Practice, Millbrook Medical Practice, Mossley Medical Practice, The Smithy Surgery",6,0.0,GTD Healthcare,gtd_anchor_match,high,gtdhealthcare.co.uk,,,,,,,3505,nhs_monthly_direct,,,,,,,,,,,,,,,,https://www.nhs.uk/services/gp-surgery/millbrook-medical-practice/Y02936
Dr Y Loomba & Partner,P82013001,BL1 1SQ,"Ashburner Street, Bolton, Lancashire",53.5771,-2.43205,01204462660,https://www.drloombabolton.nhs.uk,True,False,,,,,,,,,0,Bolton central supplemental search,1,,,,,,,,,,,,,,,,,,,,,,,,,,,,,https://www.nhs.uk/services/gp-surgery/dr-y-loomba-and-partner/P82013001
Octagon Medical Centre,P82012,BL1 1SQ,"Lever Chambers, 27 Ashburner Street, Bolton, Lancashire",53.5771,-2.43205,01204969343,https://www.boltondoctors.co.uk,True,False,,,,,,,,,0,Bolton central supplemental search,1,,,,,,,,,,,,6254,nhs_monthly_direct,,,,,,,,,,,,,,,,https://www.nhs.uk/services/gp-surgery/octagon-medical-centre/P82012
Dr Rizwan and Dr Awan,P82022,BL1 3RG,"Lindfield Drive, Bolton, Lancashire",53.5883,-2.43172,01204523642,,True,False,,,,,,,,,0,Bolton central supplemental search,1,,,,,,,,,,,,5594,nhs_monthly_direct,,,,,,,,,,,,,,,,https://www.nhs.uk/services/gp-surgery/dr-rizwan-and-dr-awan/P82022
Halliwell Surgery 2,P82029,BL1 3RG,"Lindfield Drive, Halliwell, Bolton, Lancashire",53.5883,-2.43172,01204523813,https://www.halliwellsurgery.co.uk,True,False,,,,,,,,,0,Bolton central supplemental search,1,,,,,,,,,,,,3586,nhs_monthly_direct,,,,,,,,,,,,,,,,https://www.nhs.uk/services/gp-surgery/halliwell-surgery-2/P82029
Halliwell Surgery 3,P82626,BL1 3RG,"Lindfield Drive, Halliwell, Bolton, Lancashire",53.5883,-2.43172,01204523716,https://www.halliwellsurgery.nhs.uk/,True,False,,,,,,,,,0,Bolton central supplemental search,1,,,,,,,,,,,,5173,nhs_monthly_direct,,,,,,,,,,,,,,,,https://www.nhs.uk/services/gp-surgery/halliwell-surgery-3/P82626
Wyresdale Road Surgery,P82634,BL1 4DN,"46 Wyresdale Road, Bolton, Lancashire",53.5816,-2.45218,01204494133,http://www.drkarimandjames-authe.nhs.uk,True,False,,,,,,,,,0,Bolton central supplemental search,1,,,,,,,,,,,,3995,nhs_monthly_direct,,,,,,,,,,,,,,,,https://www.nhs.uk/services/gp-surgery/wyresdale-road-surgery/P82634
Dalefield Surgery,P82010,BL1 4JP,"Avondale Health Centre, Avondale Street, Bolton, Lancashire",53.5882,-2.4518,01204357311,http://www.dalefieldsurgery.nhs.uk,True,False,,,,,,,,,0,Bolton central supplemental search,1,,,,,,,,,,,,7962,nhs_monthly_direct,,,,,2.0,10,Just Visits exact listing match,https://justvisits.co.uk/listing/dalefield-surgery-bolton,,,,,,,,https://www.nhs.uk/services/gp-surgery/dalefield-surgery/P82010
Bolton General Practice,Y02319,BL1 4TH,"2-4 Moor Lane, Bolton, Lancashire",53.5782,-2.43495,01204521000,https://www.ssphealth.com,True,False,,,,,,,,,0,Bolton central supplemental search,1,,,,,,,,,,,,7694,nhs_monthly_direct,,,,,1.8,10,Just Visits exact listing match,https://justvisits.co.uk/listing/bolton-general-practice-bolton,,,,,,,,https://www.nhs.uk/services/gp-surgery/bolton-general-practice/Y02319
Heaton Medical Centre,P82031,BL1 5PU,"2 Lucy Street, Heaton, Bolton",53.588,-2.46831,01204843677,https://www.boltongp.co.uk/,True,False,,,,,,,,,0,Bolton central supplemental search,1,,,,,,,,,,,,10727,nhs_monthly_direct,,,,,3.0,10,Just Visits exact listing match,https://justvisits.co.uk/listing/heaton-medical-centre-bolton,,,,,,,,https://www.nhs.uk/services/gp-surgery/heaton-medical-centre/P82031
Spring House Surgery,P82014,BL1 6AF,"555 Chorley Old Road, Greater Manchester, Bolton, Lancashire",53.5884,-2.46354,01204848411,http://www.springhousesurgery.nhs.uk,True,False,,,,,,,,,0,Bolton central supplemental search,1,,,,,,,,,,,,6457,nhs_monthly_direct,,,,,4.1,10,Just Visits exact listing match,https://justvisits.co.uk/listing/spring-house-surgery-bolton,,,,,,,,https://www.nhs.uk/services/gp-surgery/spring-house-surgery/P82014
Cornerstone Surgery,P82627,BL1 6AH,"469 Chorley Old Road, Bolton, Lancashire",53.5887,-2.45916,01204325125,http://www.cornerstonesurgery.nhs.uk,True,False,,,,,,,,,0,Bolton central supplemental search,1,,,,,,,,,,,,4230,nhs_monthly_direct,,,,,,,,,,,,,,,,https://www.nhs.uk/services/gp-surgery/cornerstone-surgery/P82627
Mandalay Medical Centre,P82023,BL1 7LR,"933 Blackburn Road, Sharples, Bolton, Lancashire",53.6106,-2.4321,01204309206,https://www.mandalaymedicalcentre.nhs.uk/,True,False,,,,,,,,,0,Bolton central supplemental search,1,,,,,,,,,,,,8580,nhs_monthly_direct,,,,,3.9,10,Just Visits exact listing match,https://justvisits.co.uk/listing/mandalay-medical-centre-bolton,,,,,,,,https://www.nhs.uk/services/gp-surgery/mandalay-medical-centre/P82023
Drs Karim & James-Authe,P82634001,BL1 8BZ,"575-577 Halliwell Road, Bolton, Lancashire",53.596,-2.45072,01204841154,http://www.drkarimandjames-authe.nhs.uk/,True,False,,,,,,,,,0,Bolton central supplemental search,1,,,,,,,,,,,,,,,,,,,,,,,,,,,,,https://www.nhs.uk/services/gp-surgery/drs-karim-and-james-authe/P82634001
Bolton Community Practice,Y03079,BL1 8TT,"Waters Meeting Health Centre, Waters Meeting Road, Bolton, Lancashire",53.5963,-2.43067,01204284822,https://www.boltoncommunitypractice.nhs.uk/,True,False,,,,,,,,,0,Bolton central supplemental search,1,,,,,,,,,,,,16122,nhs_monthly_direct,,,,,2.0,4,Just Visits exact listing match,https://justvisits.co.uk/listing/bolton-community-practice-bolton,,,,,,,,https://www.nhs.uk/services/gp-surgery/bolton-community-practice/Y03079
Burnside Surgery,P82025,BL1 8TT,"Waters Meeting Road, Bolton, Lancashire",53.5904,-2.42776,01204462930,http://www.ehealthservice.co.uk/bolton/burnside/,True,False,,,,,,,,,0,Bolton central supplemental search,1,,,,,,,,,,,,4423,nhs_monthly_direct,,,,,1.8,9,Just Visits exact listing match,https://justvisits.co.uk/listing/burnside-surgery-bolton,,,,,,,,https://www.nhs.uk/services/gp-surgery/burnside-surgery/P82025
Charlotte Street Surgery,P82625,BL1 8TT,"Waters Meeting Road, Bolton, Lancashire",53.5904,-2.42776,01204462966,,True,False,,,,,,,,,0,Bolton central supplemental search,1,,,,,,,,,,,,2356,nhs_monthly_direct,,,,,,,,,,,,,,,,https://www.nhs.uk/services/gp-surgery/charlotte-street-surgery/P82625
Crompton View Surgery,P82607,BL1 8UP,"Crompton Health Centre, 501 Crompton Way, Bolton, Lancashire",53.5975,-2.41521,01204463090,http://www.cromptonviewsurgery.co.uk,True,False,,,,,,,,,0,Bolton central supplemental search,1,,,,,,,,,,,,6045,nhs_monthly_direct,,,,,,,,,,,,,,,,https://www.nhs.uk/services/gp-surgery/crompton-view-surgery/P82607
The Oaks Family Practice,P82021,BL1 8UP,"501 Crompton Way, Bolton",53.5975,-2.41521,01204284600,https://www.theoaksfamilypractice.co.uk,True,False,,,,,,,,,0,Bolton central supplemental search,1,,,,,,,,,,,,6964,nhs_monthly_direct,,,,,,,,,,,,,,,,https://www.nhs.uk/services/gp-surgery/the-oaks-family-practice/P82021
Bradford Street Surgery,P82033,BL2 1HT,"65 Bradford Street, Bolton, Lancashire",53.5768,-2.41821,01204521061,https://www.thesurgerybradfordstreet.nhs.uk/,True,False,,,,,,,,,0,Bolton central supplemental search,1,,,,,,,,,,,,1996,nhs_monthly_direct,,,,,,,,,,,,,,,,https://www.nhs.uk/services/gp-surgery/bradford-street-surgery/P82033
Tonge Moor Health Centre,P82016001,BL2 2LW,"Tonge Moor Health Centre, Thicketford Road, Tonge Moor, Bolton, Lancashire",53.5891,-2.40904,01204300033,https://www.harwoodgrouppractice.co.uk/,True,False,,,,,,,,,0,Bolton central supplemental search,1,,,,,,,,,,,,,,,,,,2.6,9,Just Visits exact listing match,https://justvisits.co.uk/listing/tonge-moor-health-centre-bolton,,,,,,,,https://www.nhs.uk/services/gp-surgery/tonge-moor-health-centre/P82016001
Harwood Medical Centre,P82016,BL2 3HQ,"Hough Fold Way, Harwood, Bolton, Lancashire",53.6041,-2.39814,01204300033,https://www.harwoodmedicalcentre.co.uk/,True,False,,,,,,,,,0,Bolton central supplemental search,1,,,,,,,,,,,,12086,nhs_monthly_direct,,,,,2.2,10,Just Visits exact listing match,https://justvisits.co.uk/listing/harwood-medical-centre-bolton,,,,,,,,https://www.nhs.uk/services/gp-surgery/harwood-medical-centre/P82016
Tonge Fold Health Centre,P82011,BL2 6DY,"Hilton St, Tonge Fold, Bolton, Lancashire",53.5795,-2.40532,01204521574,http://www.tongefold.co.uk,True,False,,,,,,,,,0,"Bolton central supplemental search, Radcliffe supplemental search",2,,,,,,,,,,,,6969,nhs_monthly_direct,,,,,,,,,,,,,,,,https://www.nhs.uk/services/gp-surgery/tonge-fold-health-centre/P82011
The Alastair Ross Medical Practice,P82018,BL2 6NT,"Breightment Health Centre, Breightmet Fold Lane, Breightmet, Bolton",53.5824,-2.38426,01204463800,http://www.alastairross.nhs.uk/,True,False,,,,,,,,,0,"Bolton central supplemental search, Radcliffe supplemental search",2,,,,,,,,,,,,7491,nhs_monthly_direct,,,,,,,,,,,,,,,,https://www.nhs.uk/services/gp-surgery/the-alastair-ross-medical-practice/P82018
The Dunstan Partnership,P82001,BL2 6NT,"Breightmet Health Centre, Breightmet Fold Lane, Breightmet, Bolton, Lancashire",53.5824,-2.38426,01204463777,http://www.thedunstanpartnership.co.uk,True,False,,,,,,,,,0,"Bolton central supplemental search, Radcliffe supplemental search",2,,,,,,,,,,,,10157,nhs_monthly_direct,,,,,,,,,,,,,,,,https://www.nhs.uk/services/gp-surgery/the-dunstan-partnership/P82001
Little Lever Health Centre & Library,Y03079003,BL3 1HH,"63 Market Street, Little Lever, Bolton",53.5623,-2.37194,01204284822,https://www.boltoncommunitypractice.nhs.uk/,True,False,,,,,,,,,0,"Bolton central supplemental search, Little Hulton supplemental search, Radcliffe supplemental search",3,,,,,,,,,,,,,,,,,,,,,,,,,,,,,https://www.nhs.uk/services/gp-surgery/little-lever-health-centre-and-library/Y03079003
Little Lever Health Centre 1,P82020,BL3 1HH,"Dr Hallikeri & Partners, 63 Market Street, Little Lever, Bolton",53.5623,-2.37194,01204462640,http://www.littleleverdoctors.co.uk/,True,False,,,,,,,,,0,"Bolton central supplemental search, Little Hulton supplemental search, Radcliffe supplemental search",3,,,,,,,,,,,,4820,nhs_monthly_direct,,,,,,,,,,,,,,,,https://www.nhs.uk/services/gp-surgery/little-lever-health-centre-1/P82020
Little Lever Health Centre 2,P82036,BL3 1HH,"63 Market Street, Little Lever, Bolton",53.5593,-2.37105,01204462988,http://www.drjainanddrsubramanian.nhs.uk/index.aspx,True,False,,,,,,,,,0,"Bolton central supplemental search, Little Hulton supplemental search, Radcliffe supplemental search",3,,,,,,,,,,,,2852,nhs_monthly_direct,,,,,,,,,,,,,,,,https://www.nhs.uk/services/gp-surgery/little-lever-health-centre-2/P82036
Spring View Medical Centre,P82613,BL3 1HQ,"Mytham Road, Little Lever, Bolton, Lancashire",53.5608,-2.36973,01204578128,https://www.ssphealth.com/our-practices/spring-view-medical-centre,True,False,,,,,,,,,0,"Little Hulton supplemental search, Radcliffe supplemental search",2,,,,,,,,,,,,5178,nhs_monthly_direct,,,,,3.0,7,Just Visits exact listing match,https://justvisits.co.uk/listing/spring-view-medical-centre-bolton,,,,,,,,https://www.nhs.uk/services/gp-surgery/spring-view-medical-centre/P82613
Southbrook Surgery,P82009001,BL3 2DN,"Southbrook Grove, Walker Avenue, Bolton, Lancashire",53.5612,-2.4269,01204363600,http://www.ehealthservice.co.uk/bolton/garnetfold/3.html,True,False,,,,,,,,,0,"Bolton central supplemental search, Little Hulton supplemental search",2,,,,,,,,,,,,,,,,,,3.6,5,Just Visits exact listing match,https://justvisits.co.uk/listing/southbrook-surgery-bolton,,,,,,,,https://www.nhs.uk/services/gp-surgery/southbrook-surgery/P82009001
Beehive Surgery,P82616,BL3 2JR,"108 Crescent Road, Great Lever, Bolton, Lancashire",53.5642,-2.41916,01204550100,https://www.beehivesurgery.com,True,False,,,,,,,,,0,"Bolton central supplemental search, Little Hulton supplemental search",2,,,,,,,,,,,,3919,nhs_monthly_direct,,,,,4.2,10,Just Visits exact listing match,https://justvisits.co.uk/listing/beehive-surgery-bolton,,,,,,,,https://www.nhs.uk/services/gp-surgery/beehive-surgery/P82616
Shanti Medical Centre,P82609,BL3 3PH,"160 St. Helens Road, Bolton, Lancashire",53.5634,-2.45144,01204665354,http://www.ssphealth.com,True,False,,,,,,,,,0,"Bolton central supplemental search, Little Hulton supplemental search",2,,,,,,,,,,,,6335,nhs_monthly_direct,,,,,3.0,10,Just Visits exact listing match,https://justvisits.co.uk/listing/shanti-medical-centre-bolton,,,,,,,,https://www.nhs.uk/services/gp-surgery/shanti-medical-centre/P82609
St Helens Road Practice,P82009,BL3 3RR,"Garnet Fold Practice, 374-376 St. Helens Road, Bolton, Lancashire",53.5596,-2.45783,01204665588,https://www.garnetfoldpractice.nhs.uk/,True,False,,,,,,,,,0,"Bolton central supplemental search, Little Hulton supplemental search",2,,,,,,,,,,,,7928,nhs_monthly_direct,,,,,,,,,,,,,,,,https://www.nhs.uk/services/gp-surgery/st-helens-road-practice/P82009
Deane Clinic 1,P82660,BL3 4LU,"Horsfield Street, Deane, Bolton, Lancashire",53.5678,-2.46443,01204471444,https://www.deaneclinic.co.uk,True,False,,,,,,,,,0,"Bolton central supplemental search, Little Hulton supplemental search, Prestwich supplemental search, Radcliffe supplemental search, Swinton supplemental search, Whitefield supplemental search",6,,,,,,,,,,,,3615,nhs_monthly_direct,,,,,,,,,,,,,,,,https://www.nhs.uk/services/gp-surgery/deane-clinic-1/P82660
Bolton Community Practice CIC - Ladybridge Surgery,Y03079001,BL3 4PZ,"10-12 Broadgate, Bolton, Lancashire",53.5704,-2.47649,01204284822,https://www.boltoncommunitypractice.nhs.uk/,True,False,,,,,,,,,0,Bolton central supplemental search,1,,,,,,,,,,,,,,,,,,,,,,,,,,,,,https://www.nhs.uk/services/gp-surgery/bolton-community-practice-cic-ladybridge-surgery/Y03079001
Deane Medical Centre,P82030,BL3 5AH,"155-157 Deane Road, Bolton, Lancashire",53.5727,-2.44197,0120462233,,True,False,,,,,,,,,0,"Bolton central supplemental search, Little Hulton supplemental search",2,,,,,,,,,,,,4010,nhs_monthly_direct,,,,,3.4,5,Just Visits exact listing match,https://justvisits.co.uk/listing/deane-medical-centre-bolton,,,,,,,,https://www.nhs.uk/services/gp-surgery/deane-medical-centre/P82030
Deane Surgery,P82030001,BL3 5AH,"155-157 Deane Road, Bolton, Lancs, Bolton, Lancashire",53.5727,-2.44197,01204525526,,True,False,,,,,,,,,0,"Bolton central supplemental search, Little Hulton supplemental search",2,,,,,,,,,,,,,,,,,,3.4,5,Just Visits exact listing match,https://justvisits.co.uk/listing/deane-surgery-bolton,,,,,,,,https://www.nhs.uk/services/gp-surgery/deane-surgery/P82030001
3D Medical Centre,Y00186,BL3 5DP,"200 Deane Road, Bolton, Lancashire",53.573,-2.444,01204968870,https://www.ssphealth.com/our-practices/3d-medical-centre,True,False,,,,,,,,,0,"Bolton central supplemental search, Little Hulton supplemental search",2,,,,,,,,,,,,1663,nhs_monthly_direct,,,,,3.3,6,Just Visits exact listing match,https://justvisits.co.uk/listing/3d-medical-centre-bolton,,,,,,,,https://www.nhs.uk/services/gp-surgery/3d-medical-centre/Y00186
AL Fal Medical Group,P82640,BL3 5HP,"Deane Road, Bolton, Lancashire",53.5727,-2.44633,01204963616,http://www.alfalmedicalgroup.co.uk,True,False,,,,,,,,,0,"Bolton central supplemental search, Little Hulton supplemental search",2,,,,,,,,,,,,5082,nhs_monthly_direct,,,,,,,,,,,,,,,,https://www.nhs.uk/services/gp-surgery/al-fal-medical-group/P82640
Dr S Naseef,P82629,BL3 5HP,"Deane Road, Bolton, Lancashire",53.5729,-2.4457,01204463646,https://www.drnaseef-deaneroad.co.uk/,True,False,,,,,,,,,0,Bolton central supplemental search,1,,,,,,,,,,,,2036,nhs_monthly_direct,,,,,,,,,,,,,,,,https://www.nhs.uk/services/gp-surgery/dr-s-naseef/P82629
Olive Family Practice,Y03366,BL3 5HP,"Pikes Lane Centre, Deane Road, Bolton, Lancashire",53.5727,-2.44633,01204462299,https://www.theolivefamilypractice.nhs.uk/,True,False,,,,,,,,,0,"Bolton central supplemental search, Little Hulton supplemental search",2,,,,,,,,,,,,5653,nhs_monthly_direct,,,,,,,,,,,,,,,,https://www.nhs.uk/services/gp-surgery/olive-family-practice/Y03366
Pikes Lane 1,P82002,BL3 5HP,"The Pikes Lane Centre, Deane Road, Bolton, Lancashire",53.5727,-2.44633,01204284500,http://www.drmirzaandpartners.uk/,True,False,,,,,,,,,0,"Bolton central supplemental search, Little Hulton supplemental search",2,,,,,,,,,,,,7222,nhs_monthly_direct,,,,,,,,,,,,,,,,https://www.nhs.uk/services/gp-surgery/pikes-lane-1/P82002
Orient House Medical Centre,P82624,BL3 5QE,"216 Wigan Road, Bolton",53.5688,-2.46058,01204462198,,True,False,,,,,,,,,0,Bolton central supplemental search,1,,,,,,,,,,,,3553,nhs_monthly_direct,,,,,,,,,,,,,,,,https://www.nhs.uk/services/gp-surgery/orient-house-medical-centre/P82624
Bolton Medical Centre,Y02790,BL3 6PY,"21 Rupert Street, Great Lever, Bolton, Lancashire",53.5655,-2.43143,01204968873,https://www.ssphealth.com,True,False,,,,,,,,,0,"Bolton central supplemental search, Little Hulton supplemental search",2,,,,,,,,,,,,7652,nhs_monthly_direct,,,,,1.7,10,Just Visits exact listing match,https://justvisits.co.uk/listing/bolton-medical-centre-bolton,,,,,,,,https://www.nhs.uk/services/gp-surgery/bolton-medical-centre/Y02790
Great Lever One,P82633,BL3 6RN,"Rupert Street, Great Lever, Bolton, Lancashire",53.5656,-2.43243,01204526955,http://www.greatleverone.nhs.uk,True,False,,,,,,,,,0,"Bolton central supplemental search, Little Hulton supplemental search",2,,,,,,,,,,,,2527,nhs_monthly_direct,,,,,,,,,,,,,,,,https://www.nhs.uk/services/gp-surgery/great-lever-one/P82633
The Bolton Family Practice,P82013,BL3 6RN,"Great Lever Health Centre, Rupert Street, Great Lever, Bolton, Lancashire",53.5656,-2.43243,01204462141,,True,False,,,,,,,,,0,"Bolton central supplemental search, Little Hulton supplemental search",2,,,,,,,,,,,,3964,nhs_monthly_direct,,,,,,,,,,,,,,,,https://www.nhs.uk/services/gp-surgery/the-bolton-family-practice/P82013
Swan Lane Medical Centre,P82004,BL3 6TL,"Swan Lane, Bolton, Lancashire",53.5669,-2.44238,01204661600,https://www.swanlanemedicalcentre.nhs.uk,True,False,,,,,,,,,0,"Bolton central supplemental search, Little Hulton supplemental search",2,,,,,,,,,,,,9727,nhs_monthly_direct,,,,,2.3,10,Just Visits exact listing match,https://justvisits.co.uk/listing/swan-lane-medical-centre-bolton,,,,,,,,https://www.nhs.uk/services/gp-surgery/swan-lane-medical-centre/P82004
Highfield Surgery,P82008001,BL4 0NX,"235 Highfield Road, Farnworth, Bolton, Lancashire",53.5466,-2.42743,01204573445,,True,False,,,,,,,,,0,"Bolton central supplemental search, Little Hulton supplemental search",2,,,,,,,,,,,,,,,,,,,,,,,,,,,,,https://www.nhs.uk/services/gp-surgery/highfield-surgery/P82008001
Kearsley Medical Centre,P82007,BL4 8EP,"Jackson Street, Kearsley, Bolton, Lancashire",53.5432,-2.38282,01204969350,https://www.kearsleymedicalcentre.nhs.uk/,True,False,,,,,,,,,0,"Little Hulton supplemental search, Radcliffe supplemental search, Swinton supplemental search",3,,,,,,,,,,,,13287,nhs_monthly_direct,,,,,2.0,9,Just Visits exact listing match,https://justvisits.co.uk/listing/kearsley-medical-centre-bolton,,,,,,,,https://www.nhs.uk/services/gp-surgery/kearsley-medical-centre/P82007
Farnworth Family Practice,P82652,BL4 9AH,"Frederick Street, Farnworth, Bolton, Lancashire",53.5461,-2.39774,01204463100,http://www.drbaruaandpartners.nhs.uk,True,False,,,,,,,,,0,"Bolton central supplemental search, Little Hulton supplemental search, Radcliffe supplemental search, Swinton supplemental search",4,,,,,,,,,,,,4365,nhs_monthly_direct,,,,,,,,,,,,,,,,https://www.nhs.uk/services/gp-surgery/farnworth-family-practice/P82652
Fig Tree Medical Practice,P82037,BL4 9AH,"Frederick Street, Farnworth, Bolton, Lancashire",53.5461,-2.39774,01204795170,http://www.farnworthhealthcentre.nhs.uk,True,False,,,,,,,,,0,"Bolton central supplemental search, Little Hulton supplemental search, Radcliffe supplemental search",3,,,,,,,,,,,,4863,nhs_monthly_direct,,,,,,,,,,,,,,,,https://www.nhs.uk/services/gp-surgery/fig-tree-medical-practice/P82037
STONEHILL MEDICAL CENTRE,P82008,BL4 9QZ,"Piggott Street, Farnworth, Bolton, Lancashire",53.5436,-2.40243,01204573445,https://www.stonehillmedicalcentre.nhs.uk,True,False,,,,,,,,,0,"Bolton central supplemental search, Little Hulton supplemental search, Radcliffe supplemental search",3,,,,,,,,,,,,14880,nhs_monthly_direct,,,,,1.8,5,Just Visits exact listing match,https://justvisits.co.uk/listing/stonehill-medical-centre-bolton,,,,,,,,https://www.nhs.uk/services/gp-surgery/stonehill-medical-centre/P82008
Bolton Community Practice CIC - The Market Surgery,Y03079002,BL6 5PY,"Horwich Health & Wellbeing Hub, Victoria Road, Horwich, Bolton",53.5983,-2.54254,01204284822,https://www.boltoncommunitypractice.nhs.uk/,True,False,,,,,,,,,0,Bolton central supplemental search,1,,,,,,,,,,,,,,,,,,,,,,,,,,,,,https://www.nhs.uk/services/gp-surgery/bolton-community-practice-cic-the-market-surgery/Y03079002
Woodbank Surgery,P83017,BL8 1EG,"2 Hunstanton Drive, Bury, Lancashire",53.6051,-2.30879,01617051630,http://www.woodbanksurgery.nhs.uk/,True,False,,,,,,,,,0,Radcliffe supplemental search,1,,,,,,,,,,,,7012,nhs_monthly_direct,,,,,,,,,,,,,,,,https://www.nhs.uk/services/gp-surgery/woodbank-surgery/P83017
Mile Lane Health Centre,P83612,BL8 2JR,"80 Mile Lane, Bury, Lancashire",53.5878,-2.33523,01617647804,https://www.milelanehealthcentre.nhs.uk/,True,False,,,,,,,,,0,"Radcliffe supplemental search, Whitefield supplemental search",2,,,,,,,,,,,,5421,nhs_monthly_direct,,,,,,,,,,,,,,,,https://www.nhs.uk/services/gp-surgery/mile-lane-health-centre/P83612
Tower Family Healthcare,P83012,BL8 4AD,"16 Market Street, Tottington, Bury",53.6148,-2.34143,01204885106,https://towerfamilyhealthcare.co.uk/,True,False,,,,,,,,,0,Radcliffe supplemental search,1,,,,,,,,,,,,48295,nhs_monthly_direct,,,,,,,,,,,,,,,,https://www.nhs.uk/services/gp-surgery/tower-family-healthcare/P83012
Tower Family Healthcare - Greenmount,P83012002,BL8 4DR,"9 Brandlesholme Road, Greenmount, Bury, Lancashire",53.6245,-2.33605,01204885106,https://towerfamilyhealthcare.co.uk/,True,False,,,,,,,,,0,Radcliffe supplemental search,1,,,,,,,,,,,,,,,,,,,,,,,,,,,,,https://www.nhs.uk/services/gp-surgery/tower-family-healthcare-greenmount/P83012002
Rock Healthcare Limited,Y02755,BL9 0NJ,"22 Derby Way, Bury, Lancashire",53.5955,-2.28858,01617638527,https://www.rockhealthcare.nhs.uk/,True,False,,,,,,,,,0,"Radcliffe supplemental search, Whitefield supplemental search",2,,,,,,,,,,,,9553,nhs_monthly_direct,,,,,,,,,,,,,,,,https://www.nhs.uk/services/gp-surgery/rock-healthcare-limited/Y02755
Tower Family Healthcare Minden,W4J3Q,BL9 0NJ,"22 Derby Way, Bury",53.5955,-2.28858,01204885106,https://towerfamilyhealthcare.co.uk/,True,False,,,,,,,,,0,"Radcliffe supplemental search, Whitefield supplemental search",2,,,,,,,,,,,,,,,,,,,,,,,,,,,,,https://www.nhs.uk/services/gp-surgery/tower-family-healthcare-minden/W4J3Q
Peel GPs,P83021,BL9 0SN,"Townside PCC, Knowsley Place, Knowsley Street, Bury, Lancashire",53.5903,-2.29897,01615291140,https://www.peelgps.nhs.uk/,True,False,,,,,,,,,0,"Radcliffe supplemental search, Whitefield supplemental search",2,,,,,,,,,,,,9873,nhs_monthly_direct,,,,,,,,,,,,,,,,https://www.nhs.uk/services/gp-surgery/peel-gps/P83021
Ribblesdale Medical Practice,P83015,BL9 0SN,"Townside PCC - Knowsley PL, Knowsley Street, Bury, Lancashire",53.5903,-2.29897,01615090340,http://www.ribblesdalemc.nhs.uk,True,False,,,,,,,,,0,"Radcliffe supplemental search, Whitefield supplemental search",2,,,,,,,,,,,,7442,nhs_monthly_direct,,,,,,,,,,,,,,,,https://www.nhs.uk/services/gp-surgery/ribblesdale-medical-practice/P83015
Townside Surgery,P83005,BL9 0SN,"Townside Primary Care Centre, Knowsley Place, Bury, Lancashire",53.5903,-2.29897,01615270898,https://Townsidesurgery.co.uk,True,False,,,,,,,,,0,"Radcliffe supplemental search, Whitefield supplemental search",2,,,,,,,,,,,,4568,nhs_monthly_direct,,,,,,,,,,,,,,,,https://www.nhs.uk/services/gp-surgery/townside-surgery/P83005
Knowsley Medical Centre,P83024,BL9 0ST,"9-11 Knowsley Street, Bury, Lancashire",53.5885,-2.3006,01617641217,,True,False,,,,,,,,,0,"Radcliffe supplemental search, Whitefield supplemental search",2,,,,,,,,,,,,4579,nhs_monthly_direct,,,,,,,,,,,,,,,,https://www.nhs.uk/services/gp-surgery/knowsley-medical-centre/P83024
Walmersley Road Medical Practice,P83611,BL9 6DX,"110 Walmersley Road, Bury, Lancashire",53.5999,-2.28954,01617646100,,True,False,,,,,,,,,0,"Radcliffe supplemental search, Whitefield supplemental search",2,,,,,,,,,,,,4719,nhs_monthly_direct,,,,,,,,,,,,,,,,https://www.nhs.uk/services/gp-surgery/walmersley-road-medical-practice/P83611
Huntley Mount Medical Centre,P83621,BL9 6JA,"Huntley Mount Road, Bury, Lancashire",53.6002,-2.27857,01617616677,https://www.huntleymountmc.nhs.uk/,True,False,,,,,,,,,0,"Radcliffe supplemental search, Rochdale central supplemental search, Whitefield supplemental search",3,,,,,,,,,,,,2878,nhs_monthly_direct,,,,,,,,,,,,,,,,https://www.nhs.uk/services/gp-surgery/huntley-mount-medical-centre/P83621
Unsworth Medical Centre,P83011,BL9 8JR,"Parr Lane, Unsworth, Bury, Lancashire",53.5607,-2.27308,01617664092,http://www.unsworthmc.nhs.uk/,True,False,,,,,,,,,0,"Prestwich supplemental search, Radcliffe supplemental search, Whitefield supplemental search",3,,,,,,,,,,,,7397,nhs_monthly_direct,,,,,,,,,,,,,,,,https://www.nhs.uk/services/gp-surgery/unsworth-medical-centre/P83011
Blackford House Medical Centre,P83009,BL9 8QA,"137 Croft Lane, Hollins, Bury, Lancashire",53.5742,-2.2834,01617666622,,True,False,,,,,,,,,0,"Prestwich supplemental search, Radcliffe supplemental search, Whitefield supplemental search",3,,,,,,,,,,,,7591,nhs_monthly_direct,,,,,,,,,,,,,,,,https://www.nhs.uk/services/gp-surgery/blackford-house-medical-centre/P83009
THE Doc's Surgery,P84683,M1 3LY,"55-59 Bloom Street, Manchester, Lancashire",53.4768,-2.23827,01612379490,https://www.thedocsmanchester.co.uk,True,False,,,,,,,,"City Health Centre, New Bank Health Centre",2,"Chorlton supplemental search, City Health Centre, New Bank Health Centre, Salford Quays supplemental search, Stretford supplemental search",5,0.45,,,,,,,,,,,14745,nhs_monthly_direct,,,,,,,,,,,,,,,,https://www.nhs.uk/services/gp-surgery/the-doc-s-surgery/P84683
Lime Square Medical Centre,P84059,M11 1DA,"Lime Square, Ashton Old Road, Openshaw, Manchester, Lancashire",53.4737,-2.16489,01613710678,https://www.limesquaremc.co.uk/,True,False,,,,,,,,"Ashton GP Service, Droylsden Medical Practice, Guide Bridge Medical Practice, New Bank Health Centre",4,"Ashton GP Service, Droylsden Medical Practice, Guide Bridge Medical Practice, New Bank Health Centre",4,1.223,,,,,,,,,,,9094,nhs_monthly_direct,,,,,,,,,,,,,,,,https://www.nhs.uk/services/gp-surgery/lime-square-medical-centre/P84059
Florence House Medical Practice,P84042,M11 1JG,"1344 Ashton Old Road, Higher Openshaw, Manchester, Lancashire",53.4726,-2.16202,01613702133,http://www.florencehousesurgery.co.uk/,True,False,,,,,,,,"Ashton GP Service, Droylsden Medical Practice, Guide Bridge Medical Practice, New Bank Health Centre",4,"Ashton GP Service, Droylsden Medical Practice, Guide Bridge Medical Practice, New Bank Health Centre",4,1.213,,,,,,,,,,,11033,nhs_monthly_direct,,,,,,,,,,,,,,,,https://www.nhs.uk/services/gp-surgery/florence-house-medical-practice/P84042
Cornerstone Family Practice,P84041,M11 3AA,"Cornerstone Centre, 2 Graham Street, Beswick, Manchester, Greater Manchester",53.4744,-2.19508,01612230637,http://www.cornerstonefamilypractice.nhs.uk/,True,False,,,,,,,,"City Health Centre, Droylsden Medical Practice, Guide Bridge Medical Practice, New Bank Health Centre, Simpson Medical Practice",5,"City Health Centre, Droylsden Medical Practice, Guide Bridge Medical Practice, New Bank Health Centre, Simpson Medical Practice",5,1.059,,,,,,,,,,,7642,nhs_monthly_direct,,,,,,,,,,,,,,,,https://www.nhs.uk/services/gp-surgery/cornerstone-family-practice/P84041
Five Oaks Family Practice,P84004,M11 3BB,"47 Graham Street, Beswick, Manchester, Greater Manchester",53.4757,-2.19446,01612234211,http://www.fiveoaksfamilypractice.co.uk,True,False,,,,,,,,"City Health Centre, Droylsden Medical Practice, Guide Bridge Medical Practice, New Bank Health Centre, Simpson Medical Practice",5,"City Health Centre, Droylsden Medical Practice, Guide Bridge Medical Practice, New Bank Health Centre, Simpson Medical Practice",5,1.152,,,,,,,,,,,8636,nhs_monthly_direct,,,,,,,,,,,,,,,,https://www.nhs.uk/services/gp-surgery/five-oaks-family-practice/P84004
Dr Khan's Practice,P84637,M11 4EJ,"Clayton Health Centre, 89 North Road, Manchester, Greater Manchester",53.4843,-2.18414,01612231658,https://mazhariandkhanpractice.nhs.uk/,True,False,,,,,,,,"Ashton GP Service, Charlestown Medical Practice, Droylsden Medical Practice, Guide Bridge Medical Practice, New Bank Health Centre, Simpson Medical Practice",6,"Ashton GP Service, Charlestown Medical Practice, Droylsden Medical Practice, Guide Bridge Medical Practice, New Bank Health Centre, Simpson Medical Practice",6,1.595,,,,,,,,,,,2945,nhs_monthly_direct,,,,,,,,,,,,,,,,https://www.nhs.uk/services/gp-surgery/dr-khan-s-practice/P84637
Drs Hanif & Bannuru,P84032,M11 4EJ,"Clayton Health Centre, 89 North Road, Manchester, Greater Manchester",53.4843,-2.18414,01612238388,http://www.drshanifandbannuru.co.uk/,True,False,,,,,,,,"Ashton GP Service, Charlestown Medical Practice, Droylsden Medical Practice, Guide Bridge Medical Practice, New Bank Health Centre, Simpson Medical Practice",6,"Ashton GP Service, Charlestown Medical Practice, Droylsden Medical Practice, Guide Bridge Medical Practice, New Bank Health Centre, Simpson Medical Practice",6,1.595,,,,,,,,,,,5920,nhs_monthly_direct,,,,,,,,,,,,,,,,https://www.nhs.uk/services/gp-surgery/drs-hanif-and-bannuru/P84032
Eastlands Medical Centre,P84051,M11 4EJ,"Clayton Health Centre, 89 North Road, Clayton, Manchester, Greater Manchester",53.4843,-2.18414,01612239229,https://www.eastlandsmedicalpractice.nhs.uk,True,False,,,,,,,,"Ashton GP Service, Charlestown Medical Practice, Droylsden Medical Practice, Guide Bridge Medical Practice, New Bank Health Centre, Simpson Medical Practice",6,"Ashton GP Service, Charlestown Medical Practice, Droylsden Medical Practice, Guide Bridge Medical Practice, New Bank Health Centre, Simpson Medical Practice",6,1.595,,,,,,,,,,,5662,nhs_monthly_direct,,,,,,,,,,,,,,,,https://www.nhs.uk/services/gp-surgery/eastlands-medical-centre/P84051
West Gorton Medical Practice,P84052,M12 5JE,"2 Clowes St, West Gorton, Manchester, Greater Manchester",53.467,-2.20424,01612235226,http://www.westgortonmedicalcentre.co.uk,True,False,,,,,,,,"City Health Centre, Droylsden Medical Practice, New Bank Health Centre",3,"City Health Centre, Droylsden Medical Practice, New Bank Health Centre",3,0.477,,,,,,,,,,,7681,nhs_monthly_direct,,,,,,,,,,,,,,,,https://www.nhs.uk/services/gp-surgery/west-gorton-medical-practice/P84052
Parkside Surgery,P84644,M12 5RU,"187 Northmoor Road, Longsight, Manchester, Lancashire",53.4532,-2.19083,01612573338,http://www.parksidemedical.org.uk/,True,False,,,,,,,,"Droylsden Medical Practice, Guide Bridge Medical Practice, New Bank Health Centre",3,"Droylsden Medical Practice, Guide Bridge Medical Practice, New Bank Health Centre",3,0.733,,,,,,,,,,,7230,nhs_monthly_direct,,,,,,,,,,,,,,,,https://www.nhs.uk/services/gp-surgery/parkside-surgery/P84644
Manchester Integrative Medical Practice,P84689,M13 0RR,"526-528 Stockport Road, Longsight, Manchester, Lancashire",53.4576,-2.20187,01612564488,http://www.mimp.org.uk,True,False,,,,,,,,New Bank Health Centre,1,New Bank Health Centre,1,0.201,,,,,,,,,,,14205,nhs_monthly_direct,,,,,,,,,,,,,,,,https://www.nhs.uk/services/gp-surgery/manchester-integrative-medical-practice/P84689
Dickenson Road Medical Centre,P84026,M13 0WQ,"357-359 Dickenson Road, Longsight, Manchester, Greater Manchester",53.4561,-2.20227,01612246522,https://www.dickensonroadmc.nhs.uk/,True,False,,,,,,,,New Bank Health Centre,1,New Bank Health Centre,1,0.29,,,,,,,,,,,9751,nhs_monthly_direct,,,,,,,,,,,,,,,,https://www.nhs.uk/services/gp-surgery/dickenson-road-medical-centre/P84026
Ailsa Craig Medical Centre,P84009,M13 0YL,"270 Dickenson Road, Longsight, Manchester, Lancashire",53.4542,-2.20853,01612245555,http://www.ailsacraigmedicalpractice.co.uk,True,False,,,,,,,,New Bank Health Centre,1,"Chorlton supplemental search, New Bank Health Centre",2,0.442,,,,,,,,,,,11005,nhs_monthly_direct,,,,,,,,,,,,,,,,https://www.nhs.uk/services/gp-surgery/ailsa-craig-medical-centre/P84009
Ardwick Medical Practice,P84037,M13 9UJ,"The Vallance Medical Centre, Wadeson Road, Manchester, Lancashire",53.4698,-2.22453,01612729616,,True,False,,,,,,,,"City Health Centre, New Bank Health Centre",2,"Chorlton supplemental search, City Health Centre, New Bank Health Centre, Salford Quays supplemental search",4,1.066,,,,,,,,,,,5871,nhs_monthly_direct,,,,,,,,,,,,,,,,https://www.nhs.uk/services/gp-surgery/ardwick-medical-practice/P84037
Brunswick Medical Practice,P84611,M13 9UJ,"The Vallance Medical Centre, Wadeson Road, Manchester, Lancashire",53.4698,-2.22453,01615324141,https://brunswickmedicalpractice.vallancebrunswickgroup.com,True,False,,,,,,,,"City Health Centre, New Bank Health Centre",2,"Chorlton supplemental search, City Health Centre, New Bank Health Centre, Salford Quays supplemental search",4,1.066,,,,,,,,,,,7589,nhs_monthly_direct,,,,,,,,,,,,,,,,https://www.nhs.uk/services/gp-surgery/brunswick-medical-practice/P84611
Vallance Medical,P84005,M13 9UJ,"The Vallance Centre, Brunswick Street, Manchester",53.4698,-2.22453,01618204030,https://www.vallancemedical.nhs.uk,True,False,,,,,,,,"City Health Centre, New Bank Health Centre",2,"Chorlton supplemental search, City Health Centre, New Bank Health Centre, Salford Quays supplemental search",4,1.066,,,,,,,,,,,15999,nhs_monthly_direct,,,,,,,,,,,,,,,,https://www.nhs.uk/services/gp-surgery/vallance-medical/P84005
Manchester Integrative Medical Practice at Moss Side Health Centre,V6E6I,M14 4GP,"20 Monton Street, Manchester",53.4588,-2.23744,01612267615,https://mimp.org.uk/,True,False,,,,,,,,"City Health Centre, New Bank Health Centre",2,"Chorlton supplemental search, City Health Centre, New Bank Health Centre, Salford Quays supplemental search, Stretford supplemental search",5,1.363,,,,,,,,,,,,,,,,,,,,,,,,,,,,https://www.nhs.uk/services/gp-surgery/manchester-integrative-medical-practice-at-moss-side-health-centre/V6E6I
Surrey Lodge Practice,P84023,M14 5BY,"11 Anson Road, Victoria Park, Manchester, Greater Manchester",53.4574,-2.21735,01612242471,http://www.surreylodge.co.uk,True,False,,,,,,,,"City Health Centre, New Bank Health Centre",2,"Chorlton supplemental search, City Health Centre, New Bank Health Centre",3,0.566,,,,,,,,,,,9711,nhs_monthly_direct,,,,,,,,,,,,,,,,https://www.nhs.uk/services/gp-surgery/surrey-lodge-practice/P84023
Wilmslow Road Surgery,P84626,M14 5LQ,"Wilmslow Road Medical Centre, 156 Wilmslow Road, Rusholme, Manchester, Greater Manchester",53.4522,-2.22281,01612242452,http://wilmslowroadmedicalcentre.co.uk/,True,False,,,,,,,,"City Health Centre, New Bank Health Centre",2,"Baguley supplemental search, Chorlton supplemental search, City Health Centre, New Bank Health Centre, Sale supplemental search, Wythenshawe supplemental search",6,0.935,,,,,,,,,,,5641,nhs_monthly_direct,,,,,,,,,,,,,,,,https://www.nhs.uk/services/gp-surgery/wilmslow-road-surgery/P84626
The Robert Darbishire Practice,P84072,M14 5NP,"Rusholme Health Centre, Walmer Street, Rusholme, Manchester, Lancashire",53.455,-2.22631,01612256699,http://www.rdp.org.uk,True,False,,,,,,,,"City Health Centre, New Bank Health Centre",2,"Chorlton supplemental search, City Health Centre, New Bank Health Centre",3,0.969,,,,,,,,,,,34920,nhs_monthly_direct,,,,,1.7,10,Just Visits exact listing match,https://justvisits.co.uk/listing/the-robert-darbishire-practice-manchester,,,,,,,,https://www.nhs.uk/services/gp-surgery/the-robert-darbishire-practice/P84072
Hawthorn MC,Y02890,M14 6FS,"Unit K, Fallowfield Shopping Centre, Birchfields Road, Manchester, Greater Manchester",53.4423,-2.20459,01612206080,http://www.hawthornmedicalcentre.org.uk,True,False,,,,,,,,New Bank Health Centre,1,"Chorlton supplemental search, New Bank Health Centre, Stockport central supplemental search",3,1.23,,,,,,,,,,,6507,nhs_monthly_direct,,,,,,,,,,,,,,,,https://www.nhs.uk/services/gp-surgery/hawthorn-mc/Y02890
Mauldeth Medical Centre,P84018,M14 6SQ,"112 Mauldeth Road, Fallowfield, Manchester, Lancashire",53.4348,-2.21341,01614346678,https://www.mauldethmedicalcentre.co.uk,True,False,,,,,,,,New Bank Health Centre,1,"Chorlton supplemental search, New Bank Health Centre, Stockport central supplemental search",3,1.787,,,,,,,,,,,3792,nhs_monthly_direct,,,,,3.2,10,Just Visits exact listing match,https://justvisits.co.uk/listing/mauldeth-medical-centre-manchester,,,,,,,,https://www.nhs.uk/services/gp-surgery/mauldeth-medical-centre/P84018
Bodey Medical Centre,P84035,M14 6WP,"28 Ladybarn Lane, Fallowfield, Manchester, Lancashire",53.4406,-2.21478,01612486644,https://www.bodey.co.uk,True,False,,,,,,,,New Bank Health Centre,1,"Chorlton supplemental search, New Bank Health Centre, Stockport central supplemental search",3,1.414,,,,,,,,,,,16410,nhs_monthly_direct,,,,,,,,,,,,,,,,https://www.nhs.uk/services/gp-surgery/bodey-medical-centre/P84035
Fallowfield Medical Centre,P84639,M14 6YL,"75 Ladybarn Lane, Fallowfield, Manchester, Lancashire",53.4388,-2.21349,01612244503,https://fallowfieldmedicalcentre.co.uk/,True,False,,,,,,,,New Bank Health Centre,1,"Chorlton supplemental search, New Bank Health Centre, Stockport central supplemental search",3,1.519,,,,,,,,,,,3046,nhs_monthly_direct,,,,,,,,,,,,,,,,https://www.nhs.uk/services/gp-surgery/fallowfield-medical-centre/P84639
Cornbrook Medical Practice,P84669,M15 4EA,"204 City Road, Hulme, Manchester, Greater Manchester",53.4681,-2.25986,01618728129,https://www.boundarymedicalpractice.co.uk/,True,False,,,,,,,,"City Health Centre, New Bank Health Centre",2,"Chorlton supplemental search, City Health Centre, New Bank Health Centre, Salford Quays supplemental search, Stretford supplemental search",5,1.226,,,,,,,,,,,18195,nhs_monthly_direct,,,,,2.1,10,Just Visits exact listing match,https://justvisits.co.uk/listing/cornbrook-medical-practice-manchester,,,,,,,,https://www.nhs.uk/services/gp-surgery/cornbrook-medical-practice/P84669
The Arch Medical Practice,P84630,M15 5TJ,"Hulme Medical Centre, 175 Royce Road, Hulme, Manchester, Greater Manchester",53.4677,-2.2496,01612260606,http://www.thearchmedicalpractice.co.uk/,True,False,,,,,,,,"City Health Centre, New Bank Health Centre",2,"Chorlton supplemental search, City Health Centre, New Bank Health Centre, Salford Quays supplemental search, Stretford supplemental search",5,1.072,,,,,,,,,,,24647,nhs_monthly_direct,,,,,,,,,,,,,,,,https://www.nhs.uk/services/gp-surgery/the-arch-medical-practice/P84630
Cornbrook Medical Practice - Boundary Surgery,P84669001,M15 6PR,"63 Booth Street West, Manchester, Greater Manchester",53.4669,-2.23964,0161 227 9785,www.cornbrookmedicalpractice.co.uk,True,False,,,,,,,,"City Health Centre, New Bank Health Centre",2,"Chorlton supplemental search, City Health Centre, New Bank Health Centre, Salford Quays supplemental search, Stretford supplemental search",5,1.1,,,,,,,,,,,,,,,,,,,,,,,,,,,,https://www.nhs.uk/services/gp-surgery/cornbrook-medical-practice-boundary-surgery/P84669001
North Trafford Group Practice,P91629001,M16 0LW,"Seymour Grove Health Centre, 70 Seymour Grove, Manchester, Greater Manchester",53.4581,-2.27564,01618655556,,True,False,,,,,,,,City Health Centre,1,"Chorlton supplemental search, City Health Centre, Sale supplemental search, Salford Quays supplemental search, Stretford supplemental search",5,2.168,,,,,,,,,,,,,,,,,,,,,,,,,,,,https://www.nhs.uk/services/gp-surgery/north-trafford-group-practice/P91629001
The Whitswood Practice,P84635,M16 7AP,"2 Whitswood Close, Manchester, Greater Manchester",53.4555,-2.25363,01612263620,http://www.whitswood.nhs.uk,True,False,,,,,,,,"City Health Centre, New Bank Health Centre",2,"Chorlton supplemental search, City Health Centre, New Bank Health Centre, Sale supplemental search, Salford Quays supplemental search, Stretford supplemental search",6,1.93,,,,,,,,,,,5219,nhs_monthly_direct,,,,,,,,,,,,,,,,https://www.nhs.uk/services/gp-surgery/the-whitswood-practice/P84635
The Range Medical Centre,P84039,M16 8EE,"Withington Road, Whalley Range, Manchester, Lancashire",53.4523,-2.25705,01618708099,http://www.therangemedicalcentre.co.uk,True,False,,,,,,,,"City Health Centre, New Bank Health Centre",2,"Chorlton supplemental search, City Health Centre, New Bank Health Centre, Sale supplemental search, Salford Quays supplemental search, Stretford supplemental search",6,2.179,,,,,,,,,,,14480,nhs_monthly_direct,,,,,,,,,,,,,,,,https://www.nhs.uk/services/gp-surgery/the-range-medical-centre/P84039
The Alexandra Practice,P84650,M16 8NG,"365 Wilbraham Road, Whalley Range, Manchester, Greater Manchester",53.4431,-2.25573,01618604400,https://www.thealexandrapractice.nhs.uk/,True,False,,,,,,,,New Bank Health Centre,1,"Baguley supplemental search, Chorlton supplemental search, New Bank Health Centre, Sale supplemental search, Salford Quays supplemental search, Stretford supplemental search",6,2.418,,,,,,,,,,,6106,nhs_monthly_direct,,,,,4.4,10,Just Visits exact listing match,https://justvisits.co.uk/listing/the-alexandra-practice-manchester,,,,,,,,https://www.nhs.uk/services/gp-surgery/the-alexandra-practice/P84650
Limelight Health and Wellbeing Hub,P91020,M16 9NW,"Limelight, 1 St Brides Way, Manchester",53.4614,-2.26196,01612267777,http://www.limelighthealthhub.nhs.uk,True,False,,,,,,,,"City Health Centre, New Bank Health Centre",2,"Chorlton supplemental search, City Health Centre, New Bank Health Centre, Sale supplemental search, Salford Quays supplemental search, Stretford supplemental search",6,1.667,,,,,,,,,,,9233,nhs_monthly_direct,,,,,,,,,,,,,,,,https://www.nhs.uk/services/gp-surgery/limelight-health-and-wellbeing-hub/P91020
Ashville Surgery,P84038,M16 9RT,"171 Upper Chorlton Road, Manchester, Lancashire",53.4525,-2.26803,01618814293,http://ashvillesurgerymanchester.co.uk,True,False,,,,,,,,City Health Centre,1,"Baguley supplemental search, Chorlton supplemental search, City Health Centre, Sale supplemental search, Salford Quays supplemental search, Stretford supplemental search",6,2.328,,,,,,,,,,,13665,nhs_monthly_direct,,,,,,,,,,,,,,,,https://www.nhs.uk/services/gp-surgery/ashville-surgery/P84038
Mount Road Surgery,P84050,M18 7BQ,"110 Mount Road, Gorton, Manchester, Greater Manchester",53.4598,-2.18139,01612314997,https://www.mountroadsurgery.co.uk/,True,False,,,,,,,,"Droylsden Medical Practice, Guide Bridge Medical Practice, New Bank Health Centre",3,"Droylsden Medical Practice, Guide Bridge Medical Practice, New Bank Health Centre",3,0.946,,,,,,,,,,,7935,nhs_monthly_direct,,,,,,,,,,,,,,,,https://www.nhs.uk/services/gp-surgery/mount-road-surgery/P84050
Gorton Medical Centre,P84028,M18 8HE,"First Floor, Gorton Hub, 27 Garratt Way, Manchester",53.4622,-2.17587,01612231113,https://www.gortonmedicalcentre.nhs.uk/,True,False,,,,,,,,"Ashton GP Service, Droylsden Medical Practice, Guide Bridge Medical Practice, New Bank Health Centre",4,"Ashton GP Service, Droylsden Medical Practice, Guide Bridge Medical Practice, New Bank Health Centre",4,1.181,,,,,,,,,,,10727,nhs_monthly_direct,,,,,,,,,,,,,,,,https://www.nhs.uk/services/gp-surgery/gorton-medical-centre/P84028
Kingsway Medical Practice,P84022,M19 1UG,"720 Burnage Lane, Manchester, Greater Manchester",53.4203,-2.21246,01618049899,https://www.kingswaymedicalpractice.co.uk/,True,False,,,,,,,,,0,"Chorlton supplemental search, Stockport central supplemental search, Wythenshawe supplemental search",3,,,,,,,,,,,,6162,nhs_monthly_direct,,,,,,,,,,,,,,,,https://www.nhs.uk/services/gp-surgery/kingsway-medical-practice/P84022
West Point Medical Centre,P84027,M19 2AF,"Westpoint Medical Centre, 167-169 Slade Lane, Levenshulme, Manchester, Greater Manchester",53.446,-2.19757,01612485100,http://www.westpoint-gp.nhs.uk/,True,False,,,,,,,,New Bank Health Centre,1,"New Bank Health Centre, Stockport central supplemental search",2,1.014,,,,,,,,,,,8270,nhs_monthly_direct,,,,,,,,,,,,,,,,https://www.nhs.uk/services/gp-surgery/west-point-medical-centre/P84027
Ashcroft Surgery,P84053,M19 3BS,"803 Stockport Road, Levenshulme, Manchester, Lancashire",53.4455,-2.19116,01612241329,https://www.theashcroftsurgery.co.uk/,True,False,,,,,,,,New Bank Health Centre,1,"New Bank Health Centre, Stockport central supplemental search",2,1.146,,,,,,,,,,,7814,nhs_monthly_direct,,,,,,,,,,,,,,,,https://www.nhs.uk/services/gp-surgery/ashcroft-surgery/P84053
Levenshulme Medical Practice,P84016,M19 3BX,"Dunstable Street, Levenshulme, Manchester, Greater Manchester",53.4464,-2.18851,01612254033,,True,False,,,,,,,,New Bank Health Centre,1,"New Bank Health Centre, Stockport central supplemental search",2,1.15,,,,,,,,,,,9179,nhs_monthly_direct,,,,,,,,,,,,,,,,https://www.nhs.uk/services/gp-surgery/levenshulme-medical-practice/P84016
Princess Road Surgery,P84056,M20 1BH,"471-475 Princess Road, Withington, Manchester, Lancashire",53.4404,-2.24361,01614457805,http://princessroadsurgery.co.uk,True,False,,,,,,,,New Bank Health Centre,1,"Baguley supplemental search, Chorlton supplemental search, New Bank Health Centre, Sale supplemental search, Stretford supplemental search",5,2.112,,,,,,,,,,,4317,nhs_monthly_direct,,,,,,,,,,,,,,,,https://www.nhs.uk/services/gp-surgery/princess-road-surgery/P84056
The Borchardt Medical Centre,P84010,M20 1EB,"62 Whitchurch Road, Withington, Manchester, Lancashire",53.4345,-2.23705,01614382821,http://www.borchardtmc.nhs.uk/,True,False,,,,,,,,New Bank Health Centre,1,"Baguley supplemental search, Chorlton supplemental search, New Bank Health Centre, Sale supplemental search, Stretford supplemental search, Wythenshawe supplemental search",6,2.222,,,,,,,,,,,10270,nhs_monthly_direct,,,,,,,,,,,,,,,,https://www.nhs.uk/services/gp-surgery/the-borchardt-medical-centre/P84010
Barlow Medical Centre,P84034,M20 2RN,"828 Wilmslow Road, Didsbury, Manchester, Greater Manchester",53.4132,-2.23142,01614459000,https://www.barlowmed.com,True,False,,,,,,,,,0,"Baguley supplemental search, Chorlton supplemental search, Sale supplemental search, Stockport central supplemental search, Wythenshawe supplemental search",5,,,,,,,,,,,,16220,nhs_monthly_direct,,,,,3.5,10,Just Visits exact listing match,https://justvisits.co.uk/listing/barlow-medical-centre-manchester,,,,,,,,https://www.nhs.uk/services/gp-surgery/barlow-medical-centre/P84034
Withington Medical Practice,P84665,M20 4BA,"Withington Health Centre, 535 Wilmslow Road, Manchester",53.4309,-2.22839,01614342753,https://withingtonmedicalpractice.nhs.uk/,True,False,,,,,,,,New Bank Health Centre,1,"Baguley supplemental search, Chorlton supplemental search, New Bank Health Centre, Stockport central supplemental search, Wythenshawe supplemental search",5,2.247,,,,,,,,,,,5228,nhs_monthly_direct,,,,,,,,,,,,,,,,https://www.nhs.uk/services/gp-surgery/withington-medical-practice/P84665
LADYBARN GROUP PRACTICE,P84017,M20 4SS,"54 Briarfield Road, Withington, Manchester, Greater Manchester",53.4306,-2.21387,01614484500,http://www.ladybarngp.co.uk,True,False,,,,,,,,New Bank Health Centre,1,"Chorlton supplemental search, New Bank Health Centre, Stockport central supplemental search",3,2.075,,,,,,,,,,,12641,nhs_monthly_direct,,,,,,,,,,,,,,,,https://www.nhs.uk/services/gp-surgery/ladybarn-group-practice/P84017
Didsbury Medical Centre - Dr Whitaker,P84678,M20 6BA,"645 Wilmslow Road, Didsbury, Manchester, Greater Manchester",53.4204,-2.2318,01614451957,http://www.didsburymedicalcentre.co.uk/,True,False,,,,,,,,,0,"Baguley supplemental search, Chorlton supplemental search, Sale supplemental search, Stockport central supplemental search, Wythenshawe supplemental search",5,,,,,,,,,,,,15796,nhs_monthly_direct,,,,,,,,,,,,,,,,https://www.nhs.uk/services/gp-surgery/didsbury-medical-centre-dr-whitaker/P84678
Wilbraham Surgery,P84071,M21 0UF,"515 Wilbraham Road, Chorlton Cum Hardy, Manchester, Lancashire",53.4423,-2.2715,01618816120,https://www.wilbrahamsurgery.nhs.uk/,True,False,,,,,,,,,0,"Baguley supplemental search, Chorlton supplemental search, Sale supplemental search, Salford Quays supplemental search, Stretford supplemental search",5,,,,,,,,,,,,4557,nhs_monthly_direct,,,,,,,,,,,,,,,,https://www.nhs.uk/services/gp-surgery/wilbraham-surgery/P84071
Merseybank Surgery,P84066001,M21 7NN,"36 Mersey Bank Avenue, Manchester",53.4228,-2.263,,,False,False,,,,,,,,,0,"Baguley supplemental search, Chorlton supplemental search, Sale supplemental search, Stretford supplemental search, Wythenshawe supplemental search",5,,,,,,,,,,,,,,,,,,,,,,,,,,,,,https://www.nhs.uk/services/gp-surgery/merseybank-surgery/P84066001
David Medical Centre,P84066,M21 8HA,"274 Barlow Moor Road, Chorlton Cum Hardy, Manchester, Lancashire",53.432,-2.26871,01618812297,,True,False,,,,,,,,,0,"Baguley supplemental search, Chorlton supplemental search, Sale supplemental search, Salford Quays supplemental search, Stretford supplemental search, Wythenshawe supplemental search",6,,,,,,,,,,,,7569,nhs_monthly_direct,,,,,2.2,10,Just Visits exact listing match,https://justvisits.co.uk/listing/david-medical-centre-manchester,,,,,,,,https://www.nhs.uk/services/gp-surgery/david-medical-centre/P84066
Corkland Road Medical Practice,G3K4Y,M21 8UP,"7-9 Corkland Road, Manchester",53.4418,-2.27386,,,False,False,,,,,,,,,0,"Baguley supplemental search, Chorlton supplemental search, Sale supplemental search, Salford Quays supplemental search, Stretford supplemental search",5,,,,,,,,,,,,,,,,,,,,,,,,,,,,,https://www.nhs.uk/services/gp-surgery/corkland-road-medical-practice/G3K4Y
Chorlton Family Practice,P84068,M21 9NJ,"Chorlton Health Centre, 1 Nicolas Road, Chorlton Cum Hardy, Manchester, Greater Manchester",53.4438,-2.2797,01618814545,https://chorltonfamilypractice.nhs.uk/,True,False,,,,,,,,,0,"Baguley supplemental search, Chorlton supplemental search, Sale supplemental search, Salford Quays supplemental search, Stretford supplemental search",5,,,,,,,,,,,,22115,nhs_monthly_direct,,,,,,,,,,,,,,,,https://www.nhs.uk/services/gp-surgery/chorlton-family-practice/P84068
Tregenna Group Practice,P84048,M22 0EP,"399 Portway, Woodhouse PK, Wythenshawe, Manchester",53.3707,-2.25651,01614993777,https://tregenna.nhs.uk/,True,False,,,,,,,,,0,"Baguley supplemental search, Wythenshawe supplemental search",2,,,,,,,,,,,,6913,nhs_monthly_direct,,,,,,,,,,,,,,,,https://www.nhs.uk/services/gp-surgery/tregenna-group-practice/P84048
Northenden Group Practice,P84012,M22 4DH,"489 Palatine Road, Northenden, Manchester, Greater Manchester",53.4064,-2.26502,01619983206,https://www.northendengp.org,True,False,,,,,,,,,0,"Baguley supplemental search, Chorlton supplemental search, Sale supplemental search, Wythenshawe supplemental search",4,,,,,,,,,,,,8512,nhs_monthly_direct,,,,,,,,,,,,,,,,https://www.nhs.uk/services/gp-surgery/northenden-group-practice/P84012
Cornishway Group Practice,P84043,M22 5RX,"Forum Health, Simonsway, Wythenshawe, Manchester, Greater Manchester",53.3799,-2.265,01614902293,http://www.cornishwaygp.co.uk/,True,False,,,,,,,,,0,"Baguley supplemental search, Wythenshawe supplemental search",2,,,,,,,,,,,,9725,nhs_monthly_direct,,,,,,,,,,,,,,,,https://www.nhs.uk/services/gp-surgery/cornishway-group-practice/P84043
Peel Hall Medical Centre,P84020,M22 5RX,"Forum Health Simonsway, Wythenshawe, Manchester, Lancashire",53.3799,-2.265,0161 375 1000,https://www.peelhallmedicalpractice.co.uk/,True,False,,,,,,,,,0,"Baguley supplemental search, Wythenshawe supplemental search",2,,,,,,,,,,,,9841,nhs_monthly_direct,,,,,,,,,,,,,,,,https://www.nhs.uk/services/gp-surgery/peel-hall-medical-centre/P84020
Benchill Medical Practice,P84029,M22 9UH,"Benchill One Stop Medical Centre, 171 Brownley Road, Manchester, Greater Manchester",53.3866,-2.25562,01614939101,http://www.benchillmedicalpractice.nhs.uk,True,False,,,,,,,,,0,"Baguley supplemental search, Sale supplemental search, Wythenshawe supplemental search",3,,,,,,,,,,,,10549,nhs_monthly_direct,,,,,,,,,,,,,,,,https://www.nhs.uk/services/gp-surgery/benchill-medical-practice/P84029
RK Medical Practice,P84014,M22 9UH,"171 Brownley Road, Wythenshawe, Manchester, Lancashire",53.3866,-2.25562,01614130709,https://www.rkmedicalpractice.co.uk,True,False,,,,,,,,,0,"Baguley supplemental search, Wythenshawe supplemental search",2,,,,,,,,,,,,5330,nhs_monthly_direct,,,,,,,,,,,,,,,,https://www.nhs.uk/services/gp-surgery/rk-medical-practice/P84014
Northern Moor Medical Practice,P84651,M23 0PH,"216 Wythenshawe Road, Northern Moor, Manchester, Greater Manchester",53.4081,-2.28509,01619982503,http://www.northernmoor.nhs.uk,True,False,,,,,,,,,0,"Baguley supplemental search, Chorlton supplemental search, Partington supplemental search, Sale supplemental search, Wythenshawe supplemental search",5,,,,,,,,,,,,6062,nhs_monthly_direct,,,,,,,,,,,,,,,,https://www.nhs.uk/services/gp-surgery/northern-moor-medical-practice/P84651
Bowland Medical Practice,P84024,M23 1JX,"52 Bowland Road, Baguley, Manchester, Lancashire",53.3931,-2.28525,01619982014,,True,False,,,,,,,,,0,"Baguley supplemental search, Chorlton supplemental search, Sale supplemental search, Wythenshawe supplemental search",4,,,,,,,,,,,,8064,nhs_monthly_direct,,,,,,,,,,,,,,,,https://www.nhs.uk/services/gp-surgery/bowland-medical-practice/P84024
THE MAPLES MEDICAL CENTRE,P84021,M23 2SY,"2 Scout Drive, Newall Green, Manchester, Greater Manchester",53.3848,-2.2867,01614988484,https://themaplesmc.co.uk,True,False,,,,,,,,,0,"Baguley supplemental search, Sale supplemental search, Wythenshawe supplemental search",3,,,,,,,,,,,,9182,nhs_monthly_direct,,,,,,,,,,,,,,,,https://www.nhs.uk/services/gp-surgery/the-maples-medical-centre/P84021
The Park Medical Centre,P84045,M23 9AB,"434 Altrincham Road, Wythenshawe, Manchester, Lancashire",53.401,-2.28806,01619985538,https://www.parkmedicalcentrewythenshawe.nhs.uk,True,False,,,,,,,,,0,"Baguley supplemental search, Chorlton supplemental search, Partington supplemental search, Sale supplemental search, Wythenshawe supplemental search",5,,,,,,,,,,,,5602,nhs_monthly_direct,,,,,,,,,,,,,,,,https://www.nhs.uk/services/gp-surgery/the-park-medical-centre/P84045
Brooklands Medical Practice,P84061,M23 9JH,"594 Altrincham Road, Wythenshawe, Manchester, Greater Manchester",53.4011,-2.30383,0161 998 3818,http://www.brooklandsmedicalpractice.co.uk,True,False,,,,,,,,,0,"Baguley supplemental search, Chorlton supplemental search, Partington supplemental search, Sale supplemental search, Wythenshawe supplemental search",5,,,,,,,,,,,,6109,nhs_monthly_direct,,,,,3.8,10,Just Visits exact listing match,https://justvisits.co.uk/listing/brooklands-medical-practice-manchester,,,,,,,,https://www.nhs.uk/services/gp-surgery/brooklands-medical-practice/P84061
Woodlands Medical Practice,P84672,M23 9RL,"9 Maple Road, Brooklands, Manchester, Greater Manchester",53.4066,-2.31212,01619621332,http://thewoodlandsmedicalpractice.nhs.uk,True,False,,,,,,,,,0,"Baguley supplemental search, Chorlton supplemental search, Partington supplemental search, Sale supplemental search, Wythenshawe supplemental search",5,,,,,,,,,,,,3755,nhs_monthly_direct,,,,,,,,,,,,,,,,https://www.nhs.uk/services/gp-surgery/woodlands-medical-practice/P84672
Alkrington Junction Practice,P86010001,M24 1PQ,"Alkrington Health Centre, Hardfield Road, Middleton, Manchester, Greater Manchester",53.5361,-2.19224,01613839975,https://www.junctionsurgery.nhs.uk/,True,False,,,,,,,,"Charlestown Medical Practice, Lindley Medical Practice, Simpson Medical Practice",3,"Charlestown Medical Practice, Lindley Medical Practice, Simpson Medical Practice",3,0.958,,,,,,,,,,,,,,,,,,,,,,,,,,,,https://www.nhs.uk/services/gp-surgery/alkrington-junction-practice/P86010001
The Junction Surgery,P86010,M24 2AU,"346 Grimshaw Lane, Middleton, Middleton Junction, Manchester, Lancashire",53.5419,-2.1749,01613839975,http://www.junctionsurgery.nhs.uk/,True,False,,,,,,,,"Charlestown Medical Practice, Lindley Medical Practice, Simpson Medical Practice",3,"Charlestown Medical Practice, Lindley Medical Practice, Rochdale central supplemental search, Simpson Medical Practice",4,1.422,,,,,,,,,,,8465,nhs_monthly_direct,,,,,,,,,,,,,,,,https://www.nhs.uk/services/gp-surgery/the-junction-surgery/P86010
ROCHDALE ROAD MEDICAL CENTRE,P86015,M24 2PU,"48A Rochdale Road, Middleton, Manchester, Greater Manchester",53.5567,-2.19569,01616439131,http://www.rochdaleroadmedicalcentre.co.uk,True,False,,,,,,,,"Charlestown Medical Practice, Lindley Medical Practice, Simpson Medical Practice",3,"Charlestown Medical Practice, Lindley Medical Practice, Rochdale central supplemental search, Simpson Medical Practice, Whitefield supplemental search",5,2.384,,,,,,,,,,,6083,nhs_monthly_direct,,,,,,,,,,,,,,,,https://www.nhs.uk/services/gp-surgery/rochdale-road-medical-centre/P86015
The Hive Health Centre,Y00726,M24 2YJ,"Clough Street, Middleton, Manchester, Greater Manchester",53.5568,-2.18766,01616544103,https://www.thehivehealthcentre.co.uk/,True,False,,,,,,,,"Charlestown Medical Practice, Lindley Medical Practice, Simpson Medical Practice",3,"Charlestown Medical Practice, Lindley Medical Practice, Rochdale central supplemental search, Simpson Medical Practice",4,2.363,,,,,,,,,,,5660,nhs_monthly_direct,,,,,,,,,,,,,,,,https://www.nhs.uk/services/gp-surgery/the-hive-health-centre/Y00726
Peterloo Medical Centre,P86004,M24 4DZ,"133 Manchester Old Road, Middleton, Manchester, Lancashire",53.5468,-2.20615,01616435005,https://www.peterloomc.co.uk/,True,False,,,,,,,,"Charlestown Medical Practice, Lindley Medical Practice, Simpson Medical Practice",3,"Charlestown Medical Practice, Lindley Medical Practice, Prestwich supplemental search, Rochdale central supplemental search, Simpson Medical Practice, Whitefield supplemental search",6,1.85,,,,,,,,,,,9058,nhs_monthly_direct,,,,,,,,,,,,,,,,https://www.nhs.uk/services/gp-surgery/peterloo-medical-centre/P86004
Middleton Health Centre,Y02795,M24 4EL,"The Health Centre Unit F1, Middleton Shopping Centre, Middleton, Manchester, Greater Manchester",53.5486,-2.20178,01612713010,http://www.middletonhealthcentre.org.uk,True,False,,,,,,,,"Charlestown Medical Practice, Lindley Medical Practice, Simpson Medical Practice",3,"Charlestown Medical Practice, Lindley Medical Practice, Rochdale central supplemental search, Simpson Medical Practice, Whitefield supplemental search",5,1.898,,,,,,,,,,,5340,nhs_monthly_direct,,,,,,,,,,,,,,,,https://www.nhs.uk/services/gp-surgery/middleton-health-centre/Y02795
Family Practice,P86606,M24 4EN,"133 Bowness Road, Middleton, Langley, Manchester, Lancashire",53.5546,-2.21757,01616434459,https://thestrandandfamilypractice.co.uk,True,False,,,,,,,,"Charlestown Medical Practice, Simpson Medical Practice",2,"Charlestown Medical Practice, Prestwich supplemental search, Rochdale central supplemental search, Simpson Medical Practice, Whitefield supplemental search",5,2.545,,,,,,,,,,,4341,nhs_monthly_direct,,,,,,,,,,,,,,,,https://www.nhs.uk/services/gp-surgery/family-practice/P86606
Woodside Medical Centre,P86012,M24 5QL,"247J Wood Street, Middleton, Langley, Manchester, Lancashire",53.5564,-2.21327,01616439244,http://www.woodsidemedicalcentre.co.uk/,True,False,,,,,,,,Charlestown Medical Practice,1,"Charlestown Medical Practice, Prestwich supplemental search, Rochdale central supplemental search, Whitefield supplemental search",4,2.574,,,,,,,,,,,8986,nhs_monthly_direct,,,,,,,,,,,,,,,,https://www.nhs.uk/services/gp-surgery/woodside-medical-centre/P86012
Windermere Surgery,P86620,M24 5WF,"109-111 Windermere Road, Middleton, Manchester, Lancashire",53.5598,-2.20604,01616676609,https://windermereroadsurgery.co.uk,True,False,,,,,,,,"Charlestown Medical Practice, Lindley Medical Practice",2,"Charlestown Medical Practice, Lindley Medical Practice, Rochdale central supplemental search, Whitefield supplemental search",4,2.688,,,,,,,,,,,2946,nhs_monthly_direct,,,,,,,,,,,,,,,,https://www.nhs.uk/services/gp-surgery/windermere-surgery/P86620
Durnford Medical Centre,P86019,M24 6DL,"113 Long Street, Middleton, Manchester, Greater Manchester",53.554,-2.19702,0161 643 2011,http://www.durnfordmc.nhs.uk/,True,False,,,,,,,,"Charlestown Medical Practice, Lindley Medical Practice, Simpson Medical Practice",3,"Charlestown Medical Practice, Lindley Medical Practice, Rochdale central supplemental search, Simpson Medical Practice, Whitefield supplemental search",5,2.209,,,,,,,,,,,9872,nhs_monthly_direct,,,,,,,,,,,,,,,,https://www.nhs.uk/services/gp-surgery/durnford-medical-centre/P86019
St Gabriel's Medical Centre,P83025,M25 0HT,"4 Bishops Road, Prestwich, Manchester, Lancashire",53.5208,-2.26578,01617731791,https://www.stgabrielsmc.nhs.uk,True,False,,,,,,,,Simpson Medical Practice,1,"Prestwich supplemental search, Radcliffe supplemental search, Simpson Medical Practice, Swinton supplemental search, Whitefield supplemental search",5,2.823,,,,,,,,,,,8779,nhs_monthly_direct,,,,,,,,,,,,,,,,https://www.nhs.uk/services/gp-surgery/st-gabriel-s-medical-centre/P83025
Fairfax Group Practice,P83001,M25 1BT,"Prestwich Health Centre, Fairfax Road, Prestwich, Manchester, Lancashire",53.5338,-2.28356,01617732483,https://www.fairfaxgrouppractice.nhs.uk/,True,False,,,,,,,,,0,"Prestwich supplemental search, Radcliffe supplemental search, Swinton supplemental search, Whitefield supplemental search",4,,,,,,,,,,,,14279,nhs_monthly_direct,,,,,,,,,,,,,,,,https://www.nhs.uk/services/gp-surgery/fairfax-group-practice/P83001
Longfield Medical Practice,P83623,M25 1BT,"Prestwich Health Centre, Fairfax Road, Prestwich, Manchester, Lancashire",53.5338,-2.28356,01617730494,www.longfieldmedicalpractice.co.uk,True,False,,,,,,,,,0,"Prestwich supplemental search, Radcliffe supplemental search, Swinton supplemental search, Whitefield supplemental search",4,,,,,,,,,,,,4791,nhs_monthly_direct,,,,,,,,,,,,,,,,https://www.nhs.uk/services/gp-surgery/longfield-medical-practice/P83623
Whittaker Lane Med Centre,P83605,M25 1EX,"Daisy Bank, Whittaker Lane, Prestwich, Manchester, Greater Manchester",53.5285,-2.26865,01617731580,https://www.wlmc.co.uk,True,False,,,,,,,,,0,"Prestwich supplemental search, Radcliffe supplemental search, Swinton supplemental search, Whitefield supplemental search",4,,,,,,,,,,,,7500,nhs_monthly_direct,,,,,,,,,,,,,,,,https://www.nhs.uk/services/gp-surgery/whittaker-lane-med-centre/P83605
Greyland Medical Centre,P83027,M25 1NL,"468 Bury Old Road, Prestwich, Manchester, Lancashire",53.5377,-2.27616,01617989818,,True,False,,,,,,,,,0,"Prestwich supplemental search, Radcliffe supplemental search, Swinton supplemental search, Whitefield supplemental search",4,,,,,,,,,,,,1821,nhs_monthly_direct,,,,,,,,,,,,,,,,https://www.nhs.uk/services/gp-surgery/greyland-medical-centre/P83027
The Birches Medical Centre,P83609,M25 2GN,"42 Polefield Road, Prestwich, Manchester, Lancashire",53.5384,-2.27108,01617733037,http://www.thebirchesmedicalcentre.co.uk/,True,False,,,,,,,,,0,"Prestwich supplemental search, Radcliffe supplemental search, Swinton supplemental search, Whitefield supplemental search",4,,,,,,,,,,,,3913,nhs_monthly_direct,,,,,,,,,,,,,,,,https://www.nhs.uk/services/gp-surgery/the-birches-medical-centre/P83609
Monarch Medical Centre,P83010,M26 2QZ,"65 Cross Lane, Radcliffe, Manchester, Lancashire",53.5642,-2.31681,01617230123,https://www.monarchmc.nhs.uk/,True,False,,,,,,,,,0,"Prestwich supplemental search, Radcliffe supplemental search, Whitefield supplemental search",3,,,,,,,,,,,,3624,nhs_monthly_direct,,,,,,,,,,,,,,,,https://www.nhs.uk/services/gp-surgery/monarch-medical-centre/P83010
RADCLIFFE MEDICAL PRACTICE,P83007,M26 2SP,"69 Church Street West, Radcliffe, Manchester, Greater Manchester",53.5602,-2.32362,01617242062,http://www.radcliffemp.nhs.uk/,True,False,,,,,,,,,0,"Prestwich supplemental search, Radcliffe supplemental search, Swinton supplemental search, Whitefield supplemental search",4,,,,,,,,,,,,11264,nhs_monthly_direct,,,,,,,,,,,,,,,,https://www.nhs.uk/services/gp-surgery/radcliffe-medical-practice/P83007
Red Bank Group Practice,P83603,M26 2SP,"Radcliffe Primary Care Centre, 69 Church Street West, Radcliffe, Manchester, Lancashire",53.5602,-2.32362,01613837128,https://www.redbankgrouppractice.nhs.uk,True,False,,,,,,,,,0,"Prestwich supplemental search, Radcliffe supplemental search, Swinton supplemental search, Whitefield supplemental search",4,,,,,,,,,,,,9126,nhs_monthly_direct,,,,,,,,,,,,,,,,https://www.nhs.uk/services/gp-surgery/red-bank-group-practice/P83603
Rock@Radcliffe,Y02755001,M26 2SP,"Radcliffe Primary Care Centre, 69 Church Street West, Radcliffe, Manchester, Lancashire",53.5602,-2.32362,0161 447 9820,http://www.rockhealthcare.co.uk,True,False,,,,,,,,,0,"Prestwich supplemental search, Radcliffe supplemental search, Swinton supplemental search, Whitefield supplemental search",4,,,,,,,,,,,,,,,,,,,,,,,,,,,,,https://www.nhs.uk/services/gp-surgery/rock@radcliffe/Y02755001
Tower Family Healthcare - Spring Lane,P83012001,M26 2TQ,"15-17 Spring Lane, Radcliffe, Manchester, Greater Manchester",53.563,-2.32696,01204885106,https://towerfamilyhealthcare.co.uk/,True,False,,,,,,,,,0,"Prestwich supplemental search, Radcliffe supplemental search, Whitefield supplemental search",3,,,,,,,,,,,,,,,,,,,,,,,,,,,,,https://www.nhs.uk/services/gp-surgery/tower-family-healthcare-spring-lane/P83012001
The Sides Medical Practice,P87016,M27 0EW,"Moorside Road, Swinton, Manchester, Lancashire",53.5059,-2.35422,01617941604,https://www.sidesmc.nhs.uk/,True,False,,,,,,,,,0,"Little Hulton supplemental search, Radcliffe supplemental search, Swinton supplemental search",3,,,,,,,,,,,,14005,nhs_monthly_direct,,,,,,,,,,,,,,,,https://www.nhs.uk/services/gp-surgery/the-sides-medical-practice/P87016
The Poplars Medical Practice,P87002,M27 0NA,"202 Partington Lane, Swinton, Manchester, Greater Manchester",53.5106,-2.3417,01617946237,,True,False,,,,,,,,,0,"Prestwich supplemental search, Radcliffe supplemental search, Swinton supplemental search",3,,,,,,,,,,,,11497,nhs_monthly_direct,,,,,,,,,,,,,,,,https://www.nhs.uk/services/gp-surgery/the-poplars-medical-practice/P87002
The Lakes Medical Practice,P87025,M27 4AF,"21 Chorley Road, Swinton, Manchester, Lancashire",53.5092,-2.33371,01617275241,https://www.thelakesmedicalcentre.co.uk/,True,False,,,,,,,,,0,"Prestwich supplemental search, Radcliffe supplemental search, Swinton supplemental search, Whitefield supplemental search",4,,,,,,,,,,,,10104,nhs_monthly_direct,,,,,,,,,,,,,,,,https://www.nhs.uk/services/gp-surgery/the-lakes-medical-practice/P87025
Silverdale Medical Practice,P87019,M27 8HP,"Pendlebury Health Centre, 659 Bolton Road, Pendlebury, Manchester, Greater Manchester",53.5188,-2.33146,01619830940,https://www.silverdalemedicalpractice.nhs.uk,True,False,,,,,,,,,0,"Prestwich supplemental search, Radcliffe supplemental search, Swinton supplemental search, Whitefield supplemental search",4,,,,,,,,,,,,12652,nhs_monthly_direct,,,,,,,,,,,,,,,,https://www.nhs.uk/services/gp-surgery/silverdale-medical-practice/P87019
Salford Primary Care Together - Little Hulton,Y00445002,M28 0AY,"Little Hulton Health Centre, Haysbrook Avenue, Worsley, Manchester, Greater Manchester",53.5299,-2.42389,01619830600,http://www.spctpractices.co.uk/,True,False,,,,,,,,,0,Little Hulton supplemental search,1,,,,,,,,,,,,,,,,,,,,,,,,,,,,,https://www.nhs.uk/services/gp-surgery/salford-primary-care-together-little-hulton/Y00445002
Cherry Medical Practice,P87630,M28 0BB,"Little Hulton Health Centre, 4 Longshaw Drive, Worsley, Manchester",53.5274,-2.41854,01619830210,http://www.cherrymedicalpractice.co.uk,True,False,,,,,,,,,0,Little Hulton supplemental search,1,,,,,,,,,,,,3329,nhs_monthly_direct,,,,,,,,,,,,,,,,https://www.nhs.uk/services/gp-surgery/cherry-medical-practice/P87630
Dearden Avenue Medical Practice,P87625,M28 0BB,"Little Hulton Health Centre, 4 Longshaw Drive, Worsley, Manchester",53.5274,-2.41854,01619830011,https://www.deardenavenuemedicalpractice.nhs.uk/,True,False,,,,,,,,,0,Little Hulton supplemental search,1,,,,,,,,,,,,2737,nhs_monthly_direct,,,,,,,,,,,,,,,,https://www.nhs.uk/services/gp-surgery/dearden-avenue-medical-practice/P87625
Manchester Road East Medical Practice,P87661,M28 0BB,"Little Hulton Health Centre, 4 Longshaw Drive, Worsley, Manchester",53.5274,-2.41854,01617993233,https://mremedicalpractice.co.uk,True,False,,,,,,,,,0,Little Hulton supplemental search,1,,,,,,,,,,,,2354,nhs_monthly_direct,,,,,,,,,,,,,,,,https://www.nhs.uk/services/gp-surgery/manchester-road-east-medical-practice/P87661
Salford Primary Care Together,Y00445,M28 0BB,"4 Longshaw Drive, Worsley, Manchester",53.5274,-2.41854,01619830600,http://www.spctpractices.co.uk/,True,False,,,,,,,,,0,Little Hulton supplemental search,1,,,,,,,,,,,,19137,nhs_monthly_direct,,,,,,,,,,,,,,,,https://www.nhs.uk/services/gp-surgery/salford-primary-care-together/Y00445
Orchard Medical Practice,P87627,M28 1LZ,"10 Leigh Road, Worsley, Boothstown, Manchester, Lancashire",53.5029,-2.42093,01617028579,https://www.orchard-medicalcentre.co.uk/,True,False,,,,,,,,,0,"Little Hulton supplemental search, Swinton supplemental search",2,,,,,,,,,,,,3461,nhs_monthly_direct,,,,,,,,,,,,,,,,https://www.nhs.uk/services/gp-surgery/orchard-medical-practice/P87627
Ellenbrook Medical Centre,P87624,M28 1PB,"14 Morston Close, Worsley, Manchester, Greater Manchester",53.5112,-2.41354,01617039091,http://www.ellenbrooksurgery.co.uk/,True,False,,,,,,,,,0,"Little Hulton supplemental search, Swinton supplemental search",2,,,,,,,,,,,,5108,nhs_monthly_direct,,,,,,,,,,,,,,,,https://www.nhs.uk/services/gp-surgery/ellenbrook-medical-centre/P87624
The Limes Medical Practice,P87017,M28 3AT,"8-12 Hodge Road, Walkden, Worsley, Manchester, Lancashire",53.5229,-2.39751,01617908621,http://www.thelimesmc.co.uk,True,False,,,,,,,,,0,"Little Hulton supplemental search, Radcliffe supplemental search, Swinton supplemental search",3,,,,,,,,,,,,4862,nhs_monthly_direct,,,,,,,,,,,,,,,,https://www.nhs.uk/services/gp-surgery/the-limes-medical-practice/P87017
Walkden Medical Centre,P87008,M28 3AT,"2 Hodge Road, Walkden, Worsley, Manchester, Greater Manchester",53.5233,-2.39749,01617025310,http://www.walkdenmedicalcentre.co.uk/contact1.aspx,True,False,,,,,,,,,0,"Little Hulton supplemental search, Radcliffe supplemental search, Swinton supplemental search",3,,,,,,,,,,,,8864,nhs_monthly_direct,,,,,,,,,,,,,,,,https://www.nhs.uk/services/gp-surgery/walkden-medical-centre/P87008
The Gill Medical Practice,P87028,M28 3DR,"5 Harriet Street, Worsley, Walkden, Manchester, Lancashire",53.5243,-2.39837,01617903033,http://www.thegillmedicalcentre.co.uk/,True,False,,,,,,,,,0,"Little Hulton supplemental search, Radcliffe supplemental search, Swinton supplemental search",3,,,,,,,,,,,,9953,nhs_monthly_direct,,,,,,,,,,,,,,,,https://www.nhs.uk/services/gp-surgery/the-gill-medical-practice/P87028
Oakbank Medical Centre,P87028001,M28 3EZ,"Walkden Gateway, 2 Smith Street, Worsley, Manchester",53.5249,-2.39853,01617903033,https://www.thegillmedicalcentre.co.uk/,True,False,,,,,,,,,0,"Little Hulton supplemental search, Radcliffe supplemental search, Swinton supplemental search",3,,,,,,,,,,,,,,,,,,,,,,,,,,,,,https://www.nhs.uk/services/gp-surgery/oakbank-medical-centre/P87028001
Sivakumar & Partner,P92020,M29 7BS,"The Surgery, 1 Coldalhurst Lane, Astley, Tyldesley, Manchester, Lancashire",53.5001,-2.45558,01942366970,http://www.thesurgeryastley.co.uk,True,False,,,,,,,,,0,"Little Hulton supplemental search, Partington supplemental search",2,,,,,,,,,,,,5012,nhs_monthly_direct,,,,,,,,,,,,,,,,https://www.nhs.uk/services/gp-surgery/sivakumar-and-partner/P92020
Astley General Practice,P92637,M29 7BY,"391A Manchester Road, Astley, Tyldesley, Manchester, Greater Manchester",53.5004,-2.45825,01942557746,https://www.ssphealth.com/our-practices/astley-general-practice,True,False,,,,,,,,,0,"Little Hulton supplemental search, Partington supplemental search",2,,,,,,,,,,,,4221,nhs_monthly_direct,,,,,,,,,,,,,,,,https://www.nhs.uk/services/gp-surgery/astley-general-practice/P92637
Dr Vardhan's Surgery,P92646,M29 7HG,"10 Higher Green Lane, Astley, Tyldesley, Manchester",53.5008,-2.4479,01942366900,http://www.drvardhansurgery.co.uk,True,False,,,,,,,,,0,"Little Hulton supplemental search, Partington supplemental search",2,,,,,,,,,,,,3585,nhs_monthly_direct,,,,,,,,,,,,,,,,https://www.nhs.uk/services/gp-surgery/dr-vardhan-s-surgery/P92646
"The Surgery, Tyldesley",P92033,M29 8AL,"The Surgery, High Street, Tyldesley, Manchester, Greater Manchester",53.5146,-2.46967,01942367920,https://www.thesurgerytyldesley.co.uk,True,False,,,,,,,,,0,Little Hulton supplemental search,1,,,,,,,,,,,,4790,nhs_monthly_direct,,,,,,,,,,,,,,,,https://www.nhs.uk/services/gp-surgery/the-surgery-tyldesley/P92033
Poplar Street Surgery,Y02321,M29 8AX,"Tyldesley Health Centre, Poplar Street, Tyldesley, Manchester, Lancashire",53.5167,-2.46898,01942557748,https://www.ssphealth.com/our-practices/poplar-street-surgery,True,False,,,,,,,,,0,Little Hulton supplemental search,1,,,,,,,,,,,,5673,nhs_monthly_direct,,,,,,,,,,,,,,,,https://www.nhs.uk/services/gp-surgery/poplar-street-surgery/Y02321
Elliott Street Surgery,P92028,M29 8FL,"145 Elliott Street, Tyldesley, Manchester, Greater Manchester",53.5141,-2.4692,01942367930,https://www.elliottstreetsurgery.co.uk/,True,False,,,,,,,,,0,Little Hulton supplemental search,1,,,,,,,,,,,,4769,nhs_monthly_direct,,,,,,,,,,,,,,,,https://www.nhs.uk/services/gp-surgery/elliott-street-surgery/P92028
Boothstown Medical Centre,P92605,M29 8RZ,"Parr Bridge H&W Centre, Parr Bridge Retail Park, Mosley Common Road, Manchester",53.5114,-2.43246,01942367570,https://www.boothstownmedicalcentre.co.uk/,True,False,,,,,,,,,0,Little Hulton supplemental search,1,,,,,,,,,,,,8011,nhs_monthly_direct,,,,,,,,,,,,,,,,https://www.nhs.uk/services/gp-surgery/boothstown-medical-centre/P92605
Blackfriars,Y02622,M3 6AF,"Fresh Towers, 138 Chapel Street, Salford, Greater Manchester",53.4841,-2.25423,01618194790,https://blackfriarsmedicalpractice.co.uk/,True,False,,,,,,,,City Health Centre,1,"City Health Centre, Salford Quays supplemental search, Stretford supplemental search",3,0.475,,,,,,,,,,,16198,nhs_monthly_direct,,,,,,,,,,,,,,,,https://www.nhs.uk/services/gp-surgery/blackfriars/Y02622
Trinity Medical Centre,P87634001,M3 6FA,"The Angel Living Centre, St Phillips Place, Off Chapel Street, Salford, Greater Manchester",53.4835,-2.26328,0161 983 0190 (ext. 2),http://www.clarendonsurgery.co.uk,True,False,,,,,,,,City Health Centre,1,"City Health Centre, Salford Quays supplemental search, Stretford supplemental search",3,0.839,,,,,,,,,,,,,,,,,,,,,,,,,,,,https://www.nhs.uk/services/gp-surgery/trinity-medical-centre/P87634001
St Andrews Medical Centre,P87020,M30 0NU,"30 Russell Street, Eccles, Manchester",53.4849,-2.3396,01617075500,http://www.standrewsmceccles.nhs.uk/,True,False,,,,,,,,,0,"Partington supplemental search, Salford Quays supplemental search, Stretford supplemental search, Swinton supplemental search",4,,,,,,,,,,,,15740,nhs_monthly_direct,,,,,4.2,10,Just Visits exact listing match,https://justvisits.co.uk/listing/st-andrews-medical-centre-manchester,,,,,,,,https://www.nhs.uk/services/gp-surgery/st-andrews-medical-centre/P87020
Salford Primary Care Together - Eccles Gateway,Y00445001,M30 0TU,"1St Floor, Eccles Gateway, 28 Barton Lane, Eccles, Manchester, Greater Manchester",53.4825,-2.3393,01619830600,http://www.spctpractices.co.uk/,True,False,,,,,,,,,0,"Little Hulton supplemental search, Partington supplemental search, Salford Quays supplemental search, Stretford supplemental search, Swinton supplemental search",5,,,,,,,,,,,,,,,,,,,,,,,,,,,,,https://www.nhs.uk/services/gp-surgery/salford-primary-care-together-eccles-gateway/Y00445001
1/Monton Medical Practice,P87620,M30 8AR,"Monton Medical Centre, Canal Side, Eccles, Manchester, Greater Manchester",53.4919,-2.35696,01617890011,,True,False,,,,,,,,,0,"Partington supplemental search, Salford Quays supplemental search, Swinton supplemental search",3,,,,,,,,,,,,9477,nhs_monthly_direct,,,,,,,,,,,,,,,,https://www.nhs.uk/services/gp-surgery/1-monton-medical-practice/P87620
3/Springfield House Medical Practice,P87024,M30 8QD,"384 Liverpool Road, Eccles, Manchester, Lancashire",53.4803,-2.362,01618712450,http://www.springfield-medical-centre.co.uk/,True,False,,,,,,,,,0,"Partington supplemental search, Salford Quays supplemental search, Stretford supplemental search, Swinton supplemental search",4,,,,,,,,,,,,11590,nhs_monthly_direct,,,,,,,,,,,,,,,,https://www.nhs.uk/services/gp-surgery/3-springfield-house-medical-practice/P87024
PARTINGTON FAMILY PRACTICE,P91026,M31 4FL,"Partington Health Centre, Central Road, Partington, Manchester, Lancashire",53.4178,-2.42616,01617757033,http://drdeweeverandpartners.co.uk,True,False,,,,,,,,,0,Partington supplemental search,1,,,,,,,,,,,,6690,nhs_monthly_direct,,,,,,,,,,,,,,,,https://www.nhs.uk/services/gp-surgery/partington-family-practice/P91026
Partington Central Surgery,P91019,M31 4FL,"Partington Health Centre, Central Road, Partington, Manchester, Lancashire",53.4178,-2.42616,01617757032,http://www.partingtoncentralsurgery.co.uk/,True,False,,,,,,,,,0,Partington supplemental search,1,,,,,,,,,,,,3858,nhs_monthly_direct,,,,,,,,,,,,,,,,https://www.nhs.uk/services/gp-surgery/partington-central-surgery/P91019
Delamere Medical Practice,P91018,M32 0DF,"Delamere Avenue, Stretford, Manchester, Lancashire",53.45,-2.30681,01618640200,http://www.delameremedicalpractice.nhs.uk,True,False,,,,,,,,,0,"Baguley supplemental search, Chorlton supplemental search, Partington supplemental search, Sale supplemental search, Salford Quays supplemental search, Stretford supplemental search",6,,,,,,,,,,,,14717,nhs_monthly_direct,,,,,,,,,,,,,,,,https://www.nhs.uk/services/gp-surgery/delamere-medical-practice/P91018
North Trafford Group Practice,P91629,M32 0PA,"864-866 Chester Road, Stretford, Manchester, Lancashire",53.4539,-2.29941,01618655556,https://www.ntgp.co.uk,True,False,,,,,,,,,0,"Baguley supplemental search, Chorlton supplemental search, Partington supplemental search, Sale supplemental search, Salford Quays supplemental search, Stretford supplemental search",6,,,,,,,,,,,,15141,nhs_monthly_direct,,,,,,,,,,,,,,,,https://www.nhs.uk/services/gp-surgery/north-trafford-group-practice/P91629
Lostock Medical Centre,P91627,M32 9PA,"431 Barton Road, Stretford, Manchester, Greater Manchester",53.4546,-2.32851,01618651100,http://www.lostockmedicalcentre.co.uk/,True,False,,,,,,,,,0,"Baguley supplemental search, Chorlton supplemental search, Partington supplemental search, Sale supplemental search, Salford Quays supplemental search, Stretford supplemental search",6,,,,,,,,,,,,8723,nhs_monthly_direct,,,,,,,,,,,,,,,,https://www.nhs.uk/services/gp-surgery/lostock-medical-centre/P91627
Boundary House Medical Centre,P91013,M33 2RH,"462 Northenden Road, Sale, Cheshire",53.4156,-2.28892,01619729999,https://www.boundaryhousemc.nhs.uk/,True,False,,,,,,,,,0,"Baguley supplemental search, Chorlton supplemental search, Partington supplemental search, Sale supplemental search, Stretford supplemental search, Wythenshawe supplemental search",6,,,,,,,,,,,,11251,nhs_monthly_direct,,,,,,,,,,,,,,,,https://www.nhs.uk/services/gp-surgery/boundary-house-medical-centre/P91013
Conway Road Medical Practice,P91035,M33 2TB,"80A Conway Road, Sale, Cheshire",53.4179,-2.30355,01619731151,https://www.conwayroadsurgery.co.uk/,True,False,,,,,,,,,0,"Baguley supplemental search, Chorlton supplemental search, Partington supplemental search, Sale supplemental search, Stretford supplemental search, Wythenshawe supplemental search",6,,,,,,,,,,,,13767,nhs_monthly_direct,,,,,,,,,,,,,,,,https://www.nhs.uk/services/gp-surgery/conway-road-medical-practice/P91035
Firsway Health Centre,P91021,M33 4BR,"121 Firs Way, Sale, Cheshire",53.4213,-2.35545,01619050310,https://www.firswayhealthcentre.co.uk/,True,False,,,,,,,,,0,"Baguley supplemental search, Partington supplemental search, Sale supplemental search",3,,,,,,,,,,,,15217,nhs_monthly_direct,,,,,,,,,,,,,,,,https://www.nhs.uk/services/gp-surgery/firsway-health-centre/P91021
BODMIN ROAD HEALTH CENTRE,P91017,M33 5JH,"Bodmin Road, Sale, Cheshire",53.4281,-2.3517,01619624625,https://www.bodminroadhealthcentre.nhs.uk,True,False,,,,,,,,,0,"Baguley supplemental search, Partington supplemental search, Sale supplemental search, Stretford supplemental search",4,,,,,,,,,,,,8838,nhs_monthly_direct,,,,,,,,,,,,,,,,https://www.nhs.uk/services/gp-surgery/bodmin-road-health-centre/P91017
WASHWAY ROAD MEDICAL CENTRE,P91014,M33 7SS,"67 Washway Road, Sale, Cheshire",53.4224,-2.32838,01619624354,https://www.washwayroadmedicalcentre.nhs.uk,True,False,,,,,,,,,0,"Baguley supplemental search, Chorlton supplemental search, Partington supplemental search, Sale supplemental search, Stretford supplemental search, Wythenshawe supplemental search",6,,,,,,,,,,,,16197,nhs_monthly_direct,,,,,,,,,,,,,,,,https://www.nhs.uk/services/gp-surgery/washway-road-medical-centre/P91014
Millgate Healthcare Partnership,P89015,M34 2AJ,"Ann Street, Denton, Manchester, Greater Manchester",53.4556,-2.11845,01613362114,https://www.millgatehealthcare.nhs.uk/,True,False,,,,,,,,"Ashton GP Service, Droylsden Medical Practice, Gordon Street Medical Centre, Guide Bridge Medical Practice, Hattersley Group Practice, Millbrook Medical Practice, The Smithy Surgery",7,"Ashton GP Service, Droylsden Medical Practice, Gordon Street Medical Centre, Guide Bridge Medical Practice, Hattersley Group Practice, Millbrook Medical Practice, The Smithy Surgery",7,1.126,,,,,,,,,,,20983,nhs_monthly_direct,,,,,,,,,,,,,,,,https://www.nhs.uk/services/gp-surgery/millgate-healthcare-partnership/P89015
Denton Medical Practice,P89018,M34 3JE,"100 Ashton Road, Denton, Manchester, Lancashire",53.4599,-2.11551,01613208788,http://www.dentonmedical.co.uk,True,False,,,,,,,,"Ashton GP Service, Droylsden Medical Practice, Gordon Street Medical Centre, Guide Bridge Medical Practice, Hattersley Group Practice, Millbrook Medical Practice, The Smithy Surgery",7,"Ashton GP Service, Droylsden Medical Practice, Gordon Street Medical Centre, Guide Bridge Medical Practice, Hattersley Group Practice, Millbrook Medical Practice, The Smithy Surgery",7,0.814,,,,,,,,,,,8574,nhs_monthly_direct,,,,,,,,,,,,,,,,https://www.nhs.uk/services/gp-surgery/denton-medical-practice/P89018
Millgate Healthcare Partnership,P89015002,M34 3RA,"119 Manchester Road, Denton, Manchester, Greater Manchester",53.4561,-2.12048,01613362114,https://www.millgatehealthcare.nhs.uk/,True,False,,,,,,,,"Ashton GP Service, Droylsden Medical Practice, Gordon Street Medical Centre, Guide Bridge Medical Practice, Hattersley Group Practice, Millbrook Medical Practice, The Smithy Surgery",7,"Ashton GP Service, Droylsden Medical Practice, Gordon Street Medical Centre, Guide Bridge Medical Practice, Hattersley Group Practice, Millbrook Medical Practice, The Smithy Surgery",7,1.111,,,,,,,,,,,,,,,,,,,,,,,,,,,,https://www.nhs.uk/services/gp-surgery/millgate-healthcare-partnership/P89015002
Haughton Vale Surgery,P89014002,M34 7PL,"Haughton Vale Surgery, Tatton Road Haughton Green, Denton, Manchester, Greater Manchester",53.4435,-2.10077,01613363005,http://www.htmc.co.uk/pages/pv.asp?p=htmc26,True,False,,,,,,,,"Ashton GP Service, Gordon Street Medical Centre, Guide Bridge Medical Practice, Hattersley Group Practice, Millbrook Medical Practice, The Smithy Surgery",6,"Ashton GP Service, Gordon Street Medical Centre, Guide Bridge Medical Practice, Hattersley Group Practice, Millbrook Medical Practice, The Smithy Surgery",6,2.008,,,,,,,,,,,,,,,,,,,,,,,,,,,,https://www.nhs.uk/services/gp-surgery/haughton-vale-surgery/P89014002
Medlock Medical Practice,P85610,M35 0AD,"Keppel Building, Failsworth Health Centre, Ashton Road West, Manchester, Lancashire",53.5098,-2.15673,01613571610,http://medlockmedicalpractice.co.uk/,True,False,,,,,,,,"Ashton GP Service, Charlestown Medical Practice, Droylsden Medical Practice, Gordon Street Medical Centre, Guide Bridge Medical Practice, Lindley Medical Practice, Simpson Medical Practice",7,"Ashton GP Service, Charlestown Medical Practice, Droylsden Medical Practice, Gordon Street Medical Centre, Guide Bridge Medical Practice, Lindley Medical Practice, Simpson Medical Practice",7,1.522,,,,,,,,,,,7668,nhs_monthly_direct,,,,,,,,,,,,,,,,https://www.nhs.uk/services/gp-surgery/medlock-medical-practice/P85610
Quayside Medical Practice,P85026,M35 0AD,"Ashton Road West, Manchester",53.5098,-2.15673,01613571600,http://www.quaysidemedicalpractice.co.uk/,True,False,,,,,,,,"Ashton GP Service, Charlestown Medical Practice, Droylsden Medical Practice, Gordon Street Medical Centre, Guide Bridge Medical Practice, Lindley Medical Practice, Simpson Medical Practice",7,"Ashton GP Service, Charlestown Medical Practice, Droylsden Medical Practice, Gordon Street Medical Centre, Guide Bridge Medical Practice, Lindley Medical Practice, Simpson Medical Practice",7,1.522,,,,,,,,,,,15868,nhs_monthly_direct,,,,,,,,,,,,,,,,https://www.nhs.uk/services/gp-surgery/quayside-medical-practice/P85026
Cleggs Lane Medical Practice/129,P87613,M38 9RS,"129-131 Cleggs Lane, Little Hulton, Manchester, Lancashire",53.5349,-2.41932,01617994001,http://cleggslanepractice.nhs.uk,True,False,,,,,,,,,0,"Little Hulton supplemental search, Swinton supplemental search",2,,,,,,,,,,,,5097,nhs_monthly_direct,,,,,,,,,,,,,,,,https://www.nhs.uk/services/gp-surgery/cleggs-lane-medical-practice-129/P87613
Ancoats Urban Village Medical Practice,P84673,M4 6EE,"Old Mill Street, Manchester, Lancashire",53.4813,-2.22406,01612725656,http://www.uvmp.co.uk/,True,False,,,,,,,,"City Health Centre, New Bank Health Centre, Simpson Medical Practice",3,"City Health Centre, New Bank Health Centre, Simpson Medical Practice",3,0.781,,,,,,,,,,,14006,nhs_monthly_direct,,,,,,,,,,,,,,,,https://www.nhs.uk/services/gp-surgery/ancoats-urban-village-medical-practice/P84673
New Islington Medical Centre,P84064,M4 6EE,"Ancoats Primary Care Centre, Old Mill Street, Ancoats, Manchester, Greater Manchester",53.4828,-2.21961,01612725660,http://www.nismp.co.uk/,True,False,,,,,,,,"Charlestown Medical Practice, City Health Centre, New Bank Health Centre, Simpson Medical Practice",4,"Charlestown Medical Practice, City Health Centre, New Bank Health Centre, Simpson Medical Practice",4,0.958,,,,,,,,,,,12969,nhs_monthly_direct,,,,,,,,,,,,,,,,https://www.nhs.uk/services/gp-surgery/new-islington-medical-centre/P84064
All Saints Medical Centre,P84047,M40 2JF,"Newton Heath Health Centre, 2 Old Church Street, Manchester",53.501,-2.18118,01612412723,https://www.gtdhealthcare.co.uk/droylsdenroadfamilypractice,True,False,,,,,,,,"Ashton GP Service, Charlestown Medical Practice, Droylsden Medical Practice, Simpson Medical Practice",4,"Ashton GP Service, Charlestown Medical Practice, Droylsden Medical Practice, Simpson Medical Practice",4,1.134,,,,,,,,,,,5890,nhs_monthly_direct,,,,,,,,,,,,,,,,https://www.nhs.uk/services/gp-surgery/all-saints-medical-centre/P84047
Droylsden Road Surgery Branch,P84047001,M40 2JF,"Newton Heath Health Centre, 2 Old Church Street, Manchester",53.501,-2.18118,,,False,False,,,,,,,,"Ashton GP Service, Charlestown Medical Practice, Droylsden Medical Practice, Guide Bridge Medical Practice, Simpson Medical Practice",5,"Ashton GP Service, Charlestown Medical Practice, Droylsden Medical Practice, Guide Bridge Medical Practice, Simpson Medical Practice",5,1.134,,,,,,,,,,,,,,,,,,,,,,,,,,,,https://www.nhs.uk/services/gp-surgery/droylsden-road-surgery-branch/P84047001
Newton Heath Medical Centre,P84070,M40 2JF,"Newton Heath Health Centre, 2 Old Church Street, Newton Heath, Manchester, Lancashire",53.5028,-2.18409,01616811353,http://www.generalpracticenewtonheathhealthcentre.nhs.uk/,True,False,,,,,,,,"Charlestown Medical Practice, Droylsden Medical Practice, Simpson Medical Practice",3,"Charlestown Medical Practice, Droylsden Medical Practice, Simpson Medical Practice",3,0.963,,,,,,,,,,,8536,nhs_monthly_direct,,,,,,,,,,,,,,,,https://www.nhs.uk/services/gp-surgery/newton-heath-medical-centre/P84070
Hazeldene Medical Centre,P84067,M40 3HD,"97 Moston Lane East, New Moston, Manchester, Greater Manchester",53.5162,-2.16136,01612418039,,True,False,,,,,,,,"Ashton GP Service, Charlestown Medical Practice, Droylsden Medical Practice, Lindley Medical Practice, Simpson Medical Practice",5,"Ashton GP Service, Charlestown Medical Practice, Droylsden Medical Practice, Lindley Medical Practice, Simpson Medical Practice",5,1.138,,,,,,,,,,,8946,nhs_monthly_direct,,,,,,,,,,,,,,,,https://www.nhs.uk/services/gp-surgery/hazeldene-medical-centre/P84067
St George's Medical Centre,P84025,M40 5HP,"St. Georges Drive, Moston, Manchester, Greater Manchester",53.5097,-2.18902,01618703449,http://www.stgeorgesmedicalcentremoston.nhs.uk,True,False,,,,,,,,"Charlestown Medical Practice, Droylsden Medical Practice, Lindley Medical Practice, Simpson Medical Practice",4,"Charlestown Medical Practice, Droylsden Medical Practice, Lindley Medical Practice, Simpson Medical Practice",4,0.474,,,,,,,,,,,7569,nhs_monthly_direct,,,,,,,,,,,,,,,,https://www.nhs.uk/services/gp-surgery/st-george-s-medical-centre/P84025
Rochdale Road Surgey,P84046001,M40 7GT,"58 Rochdale Road, Manchester, Lancashire",53.4926,-2.22517,01612776939,https://www.cheethamhillmedicalcentre.co.uk,True,False,,,,,,,,"Charlestown Medical Practice, City Health Centre, New Bank Health Centre, Simpson Medical Practice",4,"Charlestown Medical Practice, City Health Centre, New Bank Health Centre, Prestwich supplemental search, Simpson Medical Practice",5,1.0,,,,,,,,,,,,,,,,,,,,,,,,,,,,https://www.nhs.uk/services/gp-surgery/rochdale-road-surgey/P84046001
MP Victoria Mill,Y01695,M40 7LH,"Victoria Mill Health Centre, Victoria Mill, 10 Lower Vickers Street, Manchester, Lancashire",53.4896,-2.21428,01612131970,http://www.victoriamillmedicalpractice.co.uk,True,False,,,,,,,,"Charlestown Medical Practice, City Health Centre, Droylsden Medical Practice, New Bank Health Centre, Simpson Medical Practice",5,"Charlestown Medical Practice, City Health Centre, Droylsden Medical Practice, New Bank Health Centre, Simpson Medical Practice",5,1.27,,,,,,,,,,,4119,nhs_monthly_direct,,,,,,,,,,,,,,,,https://www.nhs.uk/services/gp-surgery/mp-victoria-mill/Y01695
Whitley Road Medical Centre,P84054,M40 7QH,"1 Whitley Road, Collyhurst, Manchester, Lancashire",53.4949,-2.22269,01612054407,http://www.whitleyroadmedicalcentre.co.uk/,True,False,,,,,,,,"Charlestown Medical Practice, City Health Centre, New Bank Health Centre, Simpson Medical Practice",4,"Charlestown Medical Practice, City Health Centre, New Bank Health Centre, Simpson Medical Practice",4,1.184,,,,,,,,,,,6321,nhs_monthly_direct,,,,,,,,,,,,,,,,https://www.nhs.uk/services/gp-surgery/whitley-road-medical-centre/P84054
Flixton Road Medical Centre,P91029,M41 5BG,"132 Flixton Road, Urmston, Manchester, Greater Manchester",53.4483,-2.36265,01617482021,https://www.flixtonroadmedicalcentre.nhs.uk/,True,False,,,,,,,,,0,"Partington supplemental search, Sale supplemental search, Stretford supplemental search",3,,,,,,,,,,,,11842,nhs_monthly_direct,,,,,,,,,,,,,,,,https://www.nhs.uk/services/gp-surgery/flixton-road-medical-centre/P91029
Primrose Surgery,P91012,M41 7AB,"59 Old Crofts Bank, Urmston, Manchester, Greater Manchester",53.4568,-2.35804,01617472424,http://primrosesurgery.co.uk/,True,False,,,,,,,,,0,"Partington supplemental search, Sale supplemental search, Salford Quays supplemental search, Stretford supplemental search",4,,,,,,,,,,,,7577,nhs_monthly_direct,,,,,,,,,,,,,,,,https://www.nhs.uk/services/gp-surgery/primrose-surgery/P91012
Davyhulme Medical Centre,P91009,M41 7WJ,"130 Broadway, Davyhulme,Urmston, Urmston, Manchester, Greater Manchester",53.4595,-2.36677,01617485559,http://www.davyhulmemedicalcentre.co.uk/,True,False,,,,,,,,,0,"Partington supplemental search, Sale supplemental search, Stretford supplemental search",3,,,,,,,,,,,,10782,nhs_monthly_direct,,,,,,,,,,,,,,,,https://www.nhs.uk/services/gp-surgery/davyhulme-medical-centre/P91009
Urmston Group Practice,P91006,M41 8AA,"6 Woodsend Crescent Road, Urmston, Manchester, Greater Manchester",53.4525,-2.39405,01617559870,http://www.urmstongrouppractice.co.uk,True,False,,,,,,,,,0,"Partington supplemental search, Sale supplemental search",2,,,,,,,,,,,,13234,nhs_monthly_direct,,,,,,,,,,,,,,,,https://www.nhs.uk/services/gp-surgery/urmston-group-practice/P91006
Market Street Medical Practice,P89029,M43 6DE,"76 Market Street, Droylsden, Manchester, Lancashire",53.4788,-2.14535,01613716188,http://tinyurl.com/marketstweb,True,False,,,,,,,,"Ashton GP Service, Droylsden Medical Practice, Gordon Street Medical Centre, Guide Bridge Medical Practice",4,"Ashton GP Service, Droylsden Medical Practice, Gordon Street Medical Centre, Guide Bridge Medical Practice",4,0.581,,,,,,,,,,,7843,nhs_monthly_direct,,,,,,,,,,,,,,,,https://www.nhs.uk/services/gp-surgery/market-street-medical-practice/P89029
Medlock Vale Medical Practice,P89010,M43 7BW,"58 Ashton Road, Droylsden, Manchester, Greater Manchester",53.4791,-2.14249,01613701610,http://www.medlockvalemedicalpractice.co.uk,True,False,,,,,,,,"Ashton GP Service, Droylsden Medical Practice, Gordon Street Medical Centre, Guide Bridge Medical Practice, Millbrook Medical Practice",5,"Ashton GP Service, Droylsden Medical Practice, Gordon Street Medical Centre, Guide Bridge Medical Practice, Millbrook Medical Practice",5,0.575,,,,,,,,,,,7573,nhs_monthly_direct,,,,,,,,,,,,,,,,https://www.nhs.uk/services/gp-surgery/medlock-vale-medical-practice/P89010
Longfield Lodge,P87610001,M44 5DX,"276 Liverpool Road, Cadishead, Manchester, Greater Manchester",53.4215,-2.44228,01617760737,,False,False,,,,,,,,,0,Partington supplemental search,1,,,,,,,,,,,,,,,,,,,,,,,,,,,,,https://www.nhs.uk/services/gp-surgery/longfield-lodge/P87610001
The Mosslands Medical Practice,P87610,M44 5LH,"MacDonald Road, Irlam, Manchester, Lancashire",53.4379,-2.43224,01617760737,http://www.mosslandsmedicalpractice.co.uk/,True,False,,,,,,,,,0,Partington supplemental search,1,,,,,,,,,,,,12573,nhs_monthly_direct,,,,,,,,,,,,,,,,https://www.nhs.uk/services/gp-surgery/the-mosslands-medical-practice/P87610
(Irlam) Salford Care Ctrs Medical Practi,P87657,M44 6DP,"125 Liverpool Road, Irlam, Manchester, Lancashire",53.4491,-2.41706,01617750000,https://irlamclinic.co.uk,True,False,,,,,,,,,0,Partington supplemental search,1,,,,,,,,,,,,4385,nhs_monthly_direct,,,,,,,,,,,,,,,,https://www.nhs.uk/services/gp-surgery/irlam-salford-care-ctrs-medical-practi/P87657
Chapel Group Medical Centre,P87649,M44 6FE,"220 Liverpool Road, Irlam, Manchester, Lancashire",53.4491,-2.41828,01617757373,http://www.chapelgroupmedicalcentre.co.uk,True,False,,,,,,,,,0,Partington supplemental search,1,,,,,,,,,,,,6154,nhs_monthly_direct,,,,,,,,,,,,,,,,https://www.nhs.uk/services/gp-surgery/chapel-group-medical-centre/P87649
The Elms Medical Centre,P83608,M45 7FD,"Green Lane, Whitefield, Manchester, Greater Manchester",53.5532,-2.29519,01617662662,http://www.theelmsmedicalcentrewhitefield.co.uk,True,False,,,,,,,,,0,"Prestwich supplemental search, Radcliffe supplemental search, Swinton supplemental search, Whitefield supplemental search",4,,,,,,,,,,,,6368,nhs_monthly_direct,,,,,,,,,,,,,,,,https://www.nhs.uk/services/gp-surgery/the-elms-medical-centre/P83608
The Uplands Medical Practice,P83004,M45 8GH,"Bury New Road, Whitefield, Manchester, Lancashire",53.5486,-2.2958,01617668221,https://theuplandsmp.nhs.uk/,True,False,,,,,,,,,0,"Prestwich supplemental search, Radcliffe supplemental search, Swinton supplemental search, Whitefield supplemental search",4,,,,,,,,,,,,7876,nhs_monthly_direct,,,,,,,,,,,,,,,,https://www.nhs.uk/services/gp-surgery/the-uplands-medical-practice/P83004
Dr KK Chan & Partners,P92042,M46 9DE,"Seven Brooks Medical Centre, 21 Church Street, Atherton, Manchester, Greater Manchester",53.5242,-2.48901,01942367616,https://www.sevenbrooksmedicalcentre.nhs.uk,True,False,,,,,,,,,0,Little Hulton supplemental search,1,,,,,,,,,,,,9008,nhs_monthly_direct,,,,,,,,,,,,,,,,https://www.nhs.uk/services/gp-surgery/dr-kk-chan-and-partners/P92042
Ordsall Health Surgery,P87035,M5 3PH,"Ordsall Health, 118 Phoebe Street, Salford, Greater Manchester",53.474,-2.28096,01619830080,http://www.ordsallhealthsurgery.nhs.uk,True,False,,,,,,,,City Health Centre,1,"Chorlton supplemental search, City Health Centre, Sale supplemental search, Salford Quays supplemental search, Stretford supplemental search, Swinton supplemental search",6,1.676,,,,,,,,,,,11540,nhs_monthly_direct,,,,,,,,,,,,,,,,https://www.nhs.uk/services/gp-surgery/ordsall-health-surgery/P87035
The Quays Practice,D5B9D,M5 3PH,"First Floor, Ordsall Health Centre, 118 Phoebe Street, Salford",53.474,-2.28096,01619830990,http://www.salfordmedicalcentre.nhs.uk,True,False,,,,,,,,City Health Centre,1,"Chorlton supplemental search, City Health Centre, Sale supplemental search, Salford Quays supplemental search, Stretford supplemental search, Swinton supplemental search",6,1.676,,,,,,,,,,,,,,,,,,,,,,,,,,,,https://www.nhs.uk/services/gp-surgery/the-quays-practice/D5B9D
University Health Centre,P87027001,M5 4WT,"Maxwell Building, 3rd Floor, Salford, Greater Manchester",53.4835,-2.27064,0161 295 4209,https://www.salforduni.health/,True,False,,,,,,,,City Health Centre,1,"City Health Centre, Salford Quays supplemental search, Stretford supplemental search, Swinton supplemental search",4,1.141,,,,,,,,,,,,,,,,,,,,,,,,,,,,https://www.nhs.uk/services/gp-surgery/university-health-centre/P87027001
The Willows Medical Practice,P87658,M5 5JR,"The Willows, Lords Avenue, Salford, Lancashire",53.4855,-2.30912,01617362356,https://www.thewillowssurgery.co.uk/,True,False,,,,,,,,,0,"Salford Quays supplemental search, Stretford supplemental search, Swinton supplemental search",3,,,,,,,,,,,,3677,nhs_monthly_direct,,,,,,,,,,,,,,,,https://www.nhs.uk/services/gp-surgery/the-willows-medical-practice/P87658
Care Homes Medical Practice,Y02625,M6 5FW,"Mezzanine Floor, St James's House, Pendleton Way, Salford, Greater Manchester",53.4887,-2.28901,01612062648,,True,False,,,,,,,,City Health Centre,1,"City Health Centre, Little Hulton supplemental search, Prestwich supplemental search, Salford Quays supplemental search, Stretford supplemental search, Swinton supplemental search",6,1.94,,,,,,,,,,,1157,nhs_monthly_direct,,,,,,,,,,,,,,,,https://www.nhs.uk/services/gp-surgery/care-homes-medical-practice/Y02625
Clarendon Surgery,P87634,M6 5FX,"Pendleton Gateway, 1 Broadwalk, Salford",53.4883,-2.28473,01619830190,http://clarendonsurgery.co.uk,True,False,,,,,,,,City Health Centre,1,"City Health Centre, Prestwich supplemental search, Salford Quays supplemental search, Stretford supplemental search, Swinton supplemental search",5,1.762,,,,,,,,,,,11429,nhs_monthly_direct,,,,,,,,,,,,,,,,https://www.nhs.uk/services/gp-surgery/clarendon-surgery/P87634
Pendleton Medical Centre,P87015,M6 5FX,"Pendleton Gateway, 1 Broadwalk, Salford, Greater Manchester",53.4883,-2.28473,01619830410,https://www.pendletonmedicalcentre.nhs.uk/,True,False,,,,,,,,City Health Centre,1,"City Health Centre, Prestwich supplemental search, Salford Quays supplemental search, Stretford supplemental search, Swinton supplemental search",5,1.762,,,,,,,,,,,8754,nhs_monthly_direct,,,,,,,,,,,,,,,,https://www.nhs.uk/services/gp-surgery/pendleton-medical-centre/P87015
SPCT - Inclusion Service,Y00445003,M6 5PL,"1 Paddington Close, Salford, Greater Manchester",53.4866,-2.2835,0161 983 0650 (ext. 0759541158),http://www.spctpractices.co.uk/,True,False,,,,,,,,City Health Centre,1,"City Health Centre, Little Hulton supplemental search, Prestwich supplemental search, Salford Quays supplemental search, Stretford supplemental search, Swinton supplemental search",6,1.69,,,,,,,,,,,,,,,,,,,,,,,,,,,,https://www.nhs.uk/services/gp-surgery/spct-inclusion-service/Y00445003
1/Salford Medical Practice,P87004,M6 5PP,"194-198 Langworthy Road, Salford, Lancashire",53.4872,-2.29456,01617361166,http://www.salfordmedicalcentre.nhs.uk,True,False,,,,,,,,City Health Centre,1,"City Health Centre, Prestwich supplemental search, Salford Quays supplemental search, Stretford supplemental search, Swinton supplemental search",5,2.146,,,,,,,,,,,15381,nhs_monthly_direct,,,,,,,,,,,,,,,,https://www.nhs.uk/services/gp-surgery/1-salford-medical-practice/P87004
Cornerstone Medical Practice,P87639,M6 5QQ,"451 Liverpool Street, Salford, Lancashire",53.4838,-2.2969,0161 213 1980,https://cornerstone-medical.co.uk,True,False,,,,,,,,City Health Centre,1,"City Health Centre, Salford Quays supplemental search, Stretford supplemental search, Swinton supplemental search",4,2.221,,,,,,,,,,,4122,nhs_monthly_direct,,,,,,,,,,,,,,,,https://www.nhs.uk/services/gp-surgery/cornerstone-medical-practice/P87639
Langworthy Medical Practice,P87027,M6 5WW,"250 Langworthy Road, Salford, Lancashire",53.4894,-2.29476,01617379244,http://www.langworthymedicalpractice.co.uk,True,False,,,,,,,,City Health Centre,1,"City Health Centre, Prestwich supplemental search, Salford Quays supplemental search, Stretford supplemental search, Swinton supplemental search",5,2.181,,,,,,,,,,,19036,nhs_monthly_direct,,,,,,,,,,,,,,,,https://www.nhs.uk/services/gp-surgery/langworthy-medical-practice/P87027
The Energise Healthy Living Centre,P87654001,M6 6ES,"Energise Healthy Living Centre, 3 Douglas Green, Salford, Greater Manchester",53.4979,-2.28359,0161 983 0017,,True,False,,,,,,,,City Health Centre,1,"City Health Centre, Prestwich supplemental search, Salford Quays supplemental search, Stretford supplemental search, Swinton supplemental search",5,1.974,,,,,,,,,,,,,,,,,,,,,,,,,,,,https://www.nhs.uk/services/gp-surgery/the-energise-healthy-living-centre/P87654001
Sorrel Bank Medical Practice,P87040,M6 7HL,"23 Bolton Road, Salford, Lancashire",53.4933,-2.2948,01617361616,https://www.thesorrelgrouppractice.co.uk,True,False,,,,,,,,City Health Centre,1,"City Health Centre, Prestwich supplemental search, Salford Quays supplemental search, Stretford supplemental search, Swinton supplemental search",5,2.255,,,,,,,,,,,8428,nhs_monthly_direct,,,,,,,,,,,,,,,,https://www.nhs.uk/services/gp-surgery/sorrel-bank-medical-practice/P87040
The Height General Practice,Y02767,M6 7NJ,"The Surgery, 355 Bolton Road, Salford, Greater Manchester",53.5007,-2.30872,01617365282,http://www.ssphealth.com,True,False,,,,,,,,,0,"Prestwich supplemental search, Radcliffe supplemental search, Salford Quays supplemental search, Stretford supplemental search, Swinton supplemental search",5,,,,,,,,,,,,6738,nhs_monthly_direct,,,,,,,,,,,,,,,,https://www.nhs.uk/services/gp-surgery/the-height-general-practice/Y02767
Victoria Road Surgery,P87040001,M6 8EZ,"9 Victoria Road, Salford, Greater Manchester",53.4925,-2.32563,01615072368,,True,False,,,,,,,,,0,"Prestwich supplemental search, Salford Quays supplemental search, Stretford supplemental search, Swinton supplemental search",4,,,,,,,,,,,,,,,,,,,,,,,,,,,,,https://www.nhs.uk/services/gp-surgery/victoria-road-surgery/P87040001
Orient Road Medical Practice,P87032,M6 8LE,"37 Orient Road, Salford, Lancashire",53.4942,-2.32542,01617893029,http://www.orientroadmedicalpractice.co.uk/,True,False,,,,,,,,,0,"Prestwich supplemental search, Salford Quays supplemental search, Stretford supplemental search, Swinton supplemental search",4,,,,,,,,,,,,6441,nhs_monthly_direct,,,,,,,,,,,,,,,,https://www.nhs.uk/services/gp-surgery/orient-road-medical-practice/P87032
Dr A Chaudhry & Dr I Jeet,P87654,M7 1RD,"Great Clowes Street, Salford, Greater Manchester",53.4936,-2.25879,01619830016,http://www.drjeetchaudhry.co.uk/,True,False,,,,,,,,"City Health Centre, Simpson Medical Practice",2,"City Health Centre, Prestwich supplemental search, Salford Quays supplemental search, Simpson Medical Practice, Swinton supplemental search",5,0.996,,,,,,,,,,,11378,nhs_monthly_direct,,,,,,,,,,,,,,,,https://www.nhs.uk/services/gp-surgery/dr-a-chaudhry-and-dr-i-jeet/P87654
Mocha Parade Medical Practice,P87022,M7 3SE,"Willow Tree H L C, 94 Littleton Road, Salford",53.5023,-2.2781,01618392721,https://www.mochaparademedicalpractice.co.uk/,True,False,,,,,,,,City Health Centre,1,"City Health Centre, Prestwich supplemental search, Salford Quays supplemental search, Swinton supplemental search, Whitefield supplemental search",5,1.981,,,,,,,,,,,2188,nhs_monthly_direct,,,,,,,,,,,,,,,,https://www.nhs.uk/services/gp-surgery/mocha-parade-medical-practice/P87022
Willow Tree Health Centre,L7V9V,M7 3SE,"94 Littleton Road, Salford",53.5023,-2.2781,,,False,False,,,,,,,,City Health Centre,1,"City Health Centre, Little Hulton supplemental search, Prestwich supplemental search, Salford Quays supplemental search, Swinton supplemental search, Whitefield supplemental search",6,1.981,,,,,,,,,,,,,,,,,,,,,,,,,,,,https://www.nhs.uk/services/gp-surgery/willow-tree-health-centre/L7V9V
Newbury Green Medical Practice,P87026,M7 4NX,"55 Rigby Street, Salford, Greater Manchester",53.5075,-2.26076,01619830800,http://newburygreenmedical.co.uk/,True,False,,,,,,,,"City Health Centre, Simpson Medical Practice",2,"City Health Centre, Prestwich supplemental search, Salford Quays supplemental search, Simpson Medical Practice, Swinton supplemental search, Whitefield supplemental search",6,1.864,,,,,,,,,,,17619,nhs_monthly_direct,,,,,,,,,,,,,,,,https://www.nhs.uk/services/gp-surgery/newbury-green-medical-practice/P87026
Reut Medical Practice,P87648,M7 4NX,"Newbury Place Health Centre, 55 Rigby Street, Salford",53.5075,-2.26085,01619830300,https://reutmedicalpractice.co.uk/,True,False,,,,,,,,"City Health Centre, Simpson Medical Practice",2,"City Health Centre, Prestwich supplemental search, Salford Quays supplemental search, Simpson Medical Practice, Swinton supplemental search, Whitefield supplemental search",6,1.865,,,,,,,,,,,8482,nhs_monthly_direct,,,,,,,,,,,,,,,,https://www.nhs.uk/services/gp-surgery/reut-medical-practice/P87648
New Collegiate Medical Centre,P84030,M8 0DA,"407 Cheetham Hill Road, Cheetham Hill, Manchester, Lancashire",53.5044,-2.23606,01612054364,https://www.collegiatemedical.co.uk/,True,False,,,,,,,,"Charlestown Medical Practice, City Health Centre, Simpson Medical Practice",3,"Charlestown Medical Practice, City Health Centre, Prestwich supplemental search, Simpson Medical Practice, Whitefield supplemental search",5,1.526,,,,,,,,,,,13444,nhs_monthly_direct,,,,,,,,,,,,,,,,https://www.nhs.uk/services/gp-surgery/new-collegiate-medical-centre/P84030
Park View Medical Centre,P84645,M8 4RF,"66 Delaunays Road, Manchester",53.5185,-2.23329,01617955667,http://www.parkviewmedicalcentre.nhs.uk,True,False,,,,,,,,"Charlestown Medical Practice, Simpson Medical Practice",2,"Charlestown Medical Practice, Prestwich supplemental search, Simpson Medical Practice, Whitefield supplemental search",4,1.482,,,,,,,,,,,6290,nhs_monthly_direct,,,,,,,,,,,,,,,,https://www.nhs.uk/services/gp-surgery/park-view-medical-centre/P84645
Crumpsall Medical Practice,P84684,M8 5RB,"Delaunays Road, Manchester",53.5179,-2.22949,01617409864,http://www.thejollymedicalcentre.co.uk/,True,False,,,,,,,,"Charlestown Medical Practice, Simpson Medical Practice",2,"Charlestown Medical Practice, Prestwich supplemental search, Simpson Medical Practice, Whitefield supplemental search",4,1.321,,,,,,,,,,,6508,nhs_monthly_direct,,,,,,,,,,,,,,,,https://www.nhs.uk/services/gp-surgery/crumpsall-medical-practice/P84684
Cheetham Hill Medical Centre,P84046,M8 8AU,"244 Cheetham Hill Road, Manchester, Lancashire",53.5008,-2.23583,01612776939,https://www.cheethamhillmedicalcentre.co.uk,True,False,,,,,,,,"Charlestown Medical Practice, City Health Centre, Simpson Medical Practice",3,"Charlestown Medical Practice, City Health Centre, Prestwich supplemental search, Simpson Medical Practice",4,1.284,,,,,,,,,,,20667,nhs_monthly_direct,,,,,1.4,10,Just Visits exact listing match,https://justvisits.co.uk/listing/cheetham-hill-medical-centre-manchester,,,,,,,,https://www.nhs.uk/services/gp-surgery/cheetham-hill-medical-centre/P84046
Wellfield Medical Centre,P84074,M8 9JT,"53 Crescent Road, Crumpsall, Manchester, Greater Manchester",53.5126,-2.242,0161 740 2213,http://www.wellfieldmedicalcentre.com,True,False,,,,,,,,"Charlestown Medical Practice, City Health Centre, Simpson Medical Practice",3,"Charlestown Medical Practice, City Health Centre, Prestwich supplemental search, Simpson Medical Practice, Whitefield supplemental search",5,1.81,,,,,,,,,,,11123,nhs_monthly_direct,,,,,,,,,,,,,,,,https://www.nhs.uk/services/gp-surgery/wellfield-medical-centre/P84074
Beacon Medical Centre,P84033,M9 0FN,"156 Victoria Avenue, Blackley, Manchester, Lancashire",53.5343,-2.2192,01617402106,https://www.beaconmedicalcentre.com,True,False,,,,,,,,"Charlestown Medical Practice, Simpson Medical Practice",2,"Charlestown Medical Practice, Prestwich supplemental search, Simpson Medical Practice, Whitefield supplemental search",4,1.554,,,,,,,,,,,4493,nhs_monthly_direct,,,,,,,,,,,,,,,,https://www.nhs.uk/services/gp-surgery/beacon-medical-centre/P84033
Church View Medical Centre,P84065,M9 4BE,"1 Church Lane, Harpurhey, Manchester, Greater Manchester",53.512,-2.21361,01612713065,https://www.churchviewmedicalcentre.co.uk/,True,False,,,,,,,,"Charlestown Medical Practice, Simpson Medical Practice",2,"Charlestown Medical Practice, Prestwich supplemental search, Simpson Medical Practice",3,0.655,,,,,,,,,,,4347,nhs_monthly_direct,,,,,,,,,,,,,,,,https://www.nhs.uk/services/gp-surgery/church-view-medical-centre/P84065
Willowbank Surgery,P84679,M9 4WH,"1 Willow Bank, Church Lane, Manchester, Greater Manchester",53.51,-2.20913,0161 205 9240,https://willowbanksurgery.co.uk/,True,False,,,,,,,,"Charlestown Medical Practice, Droylsden Medical Practice, Simpson Medical Practice",3,"Charlestown Medical Practice, Droylsden Medical Practice, Simpson Medical Practice",3,0.534,,,,,,,,,,,2266,nhs_monthly_direct,,,,,,,,,,,,,,,,https://www.nhs.uk/services/gp-surgery/willowbank-surgery/P84679
Conran Medical Centre,P84040,M9 5BH,"77 Church Lane, Harpurhey, Manchester, Greater Manchester",53.5106,-2.21064,01612052714,http://www.conranmedicalcentre.nhs.uk/,True,False,,,,,,,,"Charlestown Medical Practice, City Health Centre, Simpson Medical Practice",3,"Charlestown Medical Practice, City Health Centre, Simpson Medical Practice",3,0.569,,,,,,,,,,,7645,nhs_monthly_direct,,,,,2.1,8,Just Visits exact listing match,https://justvisits.co.uk/listing/conran-medical-centre-manchester,,,,,,,,https://www.nhs.uk/services/gp-surgery/conran-medical-centre/P84040
Fernclough Surgery,P84605,M9 5RD,"Tavistock Square, Manchester, Lancashire",53.5059,-2.21614,0161 205 1638,http://www.ferncloughsurgery.co.uk/,True,False,,,,,,,,"Charlestown Medical Practice, City Health Centre, Droylsden Medical Practice, Simpson Medical Practice",4,"Charlestown Medical Practice, City Health Centre, Droylsden Medical Practice, Simpson Medical Practice",4,0.931,,,,,,,,,,,1991,nhs_monthly_direct,,,,,,,,,,,,,,,,https://www.nhs.uk/services/gp-surgery/fernclough-surgery/P84605
The Avenue Medical Centre,P84049,M9 6BA,"51-53 Victoria Avenue, Blackley, Manchester, Lancashire",53.5332,-2.21166,01617209441,http://www.theavenuemcblackley.nhs.uk,True,False,,,,,,,,"Charlestown Medical Practice, Simpson Medical Practice",2,"Charlestown Medical Practice, Prestwich supplemental search, Simpson Medical Practice, Whitefield supplemental search",4,1.254,,,,,,,,,,,11544,nhs_monthly_direct,,,,,,,,,,,,,,,,https://www.nhs.uk/services/gp-surgery/the-avenue-medical-centre/P84049
Dam Head Medical Centre,P84690,M9 7HD,"1020 Rochdale Road, Blackley, Manchester, Greater Manchester",53.5261,-2.21231,01617209744,http://www.damheadmedicalcentre.co.uk,True,False,,,,,,,,"Charlestown Medical Practice, Simpson Medical Practice",2,"Charlestown Medical Practice, Prestwich supplemental search, Simpson Medical Practice, Whitefield supplemental search",4,1.022,,,,,,,,,,,2804,nhs_monthly_direct,,,,,,,,,,,,,,,,https://www.nhs.uk/services/gp-surgery/dam-head-medical-centre/P84690
The Neville Family Centre,P84663,M9 8DX,"25 Old Market Street, Blackley, Manchester, Greater Manchester",53.5224,-2.21736,01617214865,http://www.nevillefmc.com,True,False,,,,,,,,"Charlestown Medical Practice, Simpson Medical Practice",2,"Charlestown Medical Practice, Prestwich supplemental search, Simpson Medical Practice, Whitefield supplemental search",4,0.984,,,,,,,,,,,5715,nhs_monthly_direct,,,,,,,,,,,,,,,,https://www.nhs.uk/services/gp-surgery/the-neville-family-centre/P84663
Valentine Medical Centre,P84019,M9 8PP,"2 Smethurst Street, Blackley, Manchester, Greater Manchester",53.5157,-2.21307,01612415480,http://www.valentinemedicalcentre.co.uk,True,False,,,,,,,,"Charlestown Medical Practice, Simpson Medical Practice",2,"Charlestown Medical Practice, Prestwich supplemental search, Simpson Medical Practice, Whitefield supplemental search",4,0.629,,,,,,,,,,,10555,nhs_monthly_direct,,,,,1.8,10,Just Visits exact listing match,https://justvisits.co.uk/listing/valentine-medical-centre-manchester,,,,,,,,https://www.nhs.uk/services/gp-surgery/valentine-medical-centre/P84019
Jalal Practice,P85601,OL1 1NL,"Integrated Care Centre, New Radcliffe Street, Oldham, Lancashire",53.5438,-2.11693,01612713170,https://www.jalalpractice.nhs.uk/,True,False,,,,,,,,"Lindley Medical Practice, Mossley Medical Practice",2,"Lindley Medical Practice, Mossley Medical Practice",2,0.0,,,,,,,,,,,3041,nhs_monthly_direct,,,,,,,,,,,,,,,,https://www.nhs.uk/services/gp-surgery/jalal-practice/P85601
Oldham Family Practice,P85007,OL1 1NL,"1St Floor Integrated C C, New Radcliffe Street, Oldham, Lancashire",53.5438,-2.11693,01612713130,https://www.oldhamfamilypractice.nhs.uk/,True,False,,,,,,,,"Lindley Medical Practice, Mossley Medical Practice",2,"Lindley Medical Practice, Mossley Medical Practice, Rochdale central supplemental search",3,0.0,,,,,,,,,,,3972,nhs_monthly_direct,,,,,,,,,,,,,,,,https://www.nhs.uk/services/gp-surgery/oldham-family-practice/P85007
Perkins Practice,P85608,OL1 1NL,"Integrated Care Centre, New Radcliffe Street, Oldham, Lancashire",53.5438,-2.11693,01612713140,http://www.drperkinspractice.nhs.uk,True,False,,,,,,,,"Lindley Medical Practice, Mossley Medical Practice",2,"Lindley Medical Practice, Mossley Medical Practice",2,0.0,,,,,,,,,,,2462,nhs_monthly_direct,,,,,,,,,,,,,,,,https://www.nhs.uk/services/gp-surgery/perkins-practice/P85608
The Chowdhury Practice,P85003,OL1 1NL,"Integrated Care Centre, New Radcliffe Street, Oldham, Lancashire",53.5438,-2.11693,01612713150,https://wwwthechowdhurypractice.co.uk,True,False,,,,,,,,"Lindley Medical Practice, Mossley Medical Practice",2,"Lindley Medical Practice, Mossley Medical Practice",2,0.0,,,,,,,,,,,6027,nhs_monthly_direct,,,,,,,,,,,,,,,,https://www.nhs.uk/services/gp-surgery/the-chowdhury-practice/P85003
St Mary's Medical Centre,P85002,OL1 3UL,"Rock Street, Oldham, Lancashire",53.5436,-2.10854,01613572260,https://www.stmarymc.co.uk,True,False,,,,,,,,"Gordon Street Medical Centre, Lindley Medical Practice, Mossley Medical Practice",3,"Gordon Street Medical Centre, Lindley Medical Practice, Mossley Medical Practice",3,0.345,,,,,,,,,,,6809,nhs_monthly_direct,,,,,,,,,,,,,,,,https://www.nhs.uk/services/gp-surgery/st-mary-s-medical-centre/P85002
Moorside Medical Practice,P85606,OL1 4JU,"Moorside Medical Centre, 681 Ripponden Road, Moorside, Oldham, Lancashire",53.5614,-2.07694,01613575250,https://www.moorsidemedicalpractice.co.uk/,True,False,,,,,,,,"Lindley Medical Practice, Mossley Medical Practice",2,"Lindley Medical Practice, Mossley Medical Practice, Rochdale central supplemental search",3,2.043,,,,,,,,,,,7078,nhs_monthly_direct,,,,,,,,,,,,,,,,https://www.nhs.uk/services/gp-surgery/moorside-medical-practice/P85606
Hopwood Medical Centre,P86023,OL10 2BS,"1-6 Walton Street, Hopwood, Heywood, Lancashire",53.5871,-2.21204,01706603420,http://www.hopwoodmc.nhs.uk,True,False,,,,,,,,,0,Rochdale central supplemental search,1,,,,,,,,,,,,9729,nhs_monthly_direct,,,,,,,,,,,,,,,,https://www.nhs.uk/services/gp-surgery/hopwood-medical-centre/P86023
Heywood Health,P86016,OL10 3SD,"Argyle Street Medical Centre, 141 Argyle Street, Heywood, Lancashire",53.5874,-2.23932,01706628628,https://heywoodhealth.co.uk/,True,False,,,,,,,,,0,"Radcliffe supplemental search, Rochdale central supplemental search, Whitefield supplemental search",3,,,,,,,,,,,,8596,nhs_monthly_direct,,,,,,,,,,,,,,,,https://www.nhs.uk/services/gp-surgery/heywood-health/P86016
Longford Street Medical Centre,P86011,OL10 4NH,"Longford Street, Heywood, Lancashire",53.5943,-2.21851,01706621417,http://www.longfordstreetmedicalcentre.co.uk,True,False,,,,,,,,,0,Rochdale central supplemental search,1,,,,,,,,,,,,8398,nhs_monthly_direct,,,,,,,,,,,,,,,,https://www.nhs.uk/services/gp-surgery/longford-street-medical-centre/P86011
Birtle View Medical Practice,Y02718,OL10 4PW,"George Street, Heywood, Lancashire",53.595,-2.22787,01706664140,http://birtleviewmedicalpractice.org.uk,True,False,,,,,,,,,0,"Rochdale central supplemental search, Whitefield supplemental search",2,,,,,,,,,,,,4663,nhs_monthly_direct,,,,,,,,,,,,,,,,https://www.nhs.uk/services/gp-surgery/birtle-view-medical-practice/Y02718
Heady Hill Surgery,P86602,OL10 4RG,"114 Bury New Road, Heywood, Lancashire",53.5937,-2.24161,01706603430,,True,False,,,,,,,,,0,"Radcliffe supplemental search, Rochdale central supplemental search, Whitefield supplemental search",3,,,,,,,,,,,,3430,nhs_monthly_direct,,,,,,,,,,,,,,,,https://www.nhs.uk/services/gp-surgery/heady-hill-surgery/P86602
Wellfield Health Centre,P86007,OL11 1AD,"116 Oldham Road, Rochdale, Lancashire",53.6066,-2.14747,01706397600,http://www.wellfieldhealthcentre.co.uk/,True,False,,,,,,,,,0,Rochdale central supplemental search,1,,,,,,,,,,,,13760,nhs_monthly_direct,,,,,,,,,,,,,,,,https://www.nhs.uk/services/gp-surgery/wellfield-health-centre/P86007
Dr A Hamid,P86614,OL11 1DN,"2Nd Floor Nye Bevan House, Maclure Road, Rochdale, Lancashire",53.6116,-2.15422,01706396210,,True,False,,,,,,,,,0,Rochdale central supplemental search,1,,,,,,,,,,,,4634,nhs_monthly_direct,,,,,,,,,,,,,,,,https://www.nhs.uk/services/gp-surgery/dr-a-hamid/P86614
Dr Gwd Bhima,P86002,OL11 1DN,"1St Floor, Bevan House, Maclure Road, Rochdale, Lancashire",53.6116,-2.15422,01706664150,https://drbhimapracticerochdale.nhs.uk/,True,False,,,,,,,,,0,Rochdale central supplemental search,1,,,,,,,,,,,,1857,nhs_monthly_direct,,,,,,,,,,,,,,,,https://www.nhs.uk/services/gp-surgery/dr-gwd-bhima/P86002
Dr MB Ghafoor & Partners,P86619,OL11 1DN,"1St Floor, Nye Bevan House, Maclure Road, Rochdale, Lancashire",53.6116,-2.15422,01706397666,http://www.drghafoorandpartners.co.uk/,True,False,,,,,,,,,0,Rochdale central supplemental search,1,,,,,,,,,,,,6484,nhs_monthly_direct,,,,,,,,,,,,,,,,https://www.nhs.uk/services/gp-surgery/dr-mb-ghafoor-and-partners/P86619
The Dale Medical Practice,P86609,OL11 1DN,"2Nd Floor Nye Bevan House, Maclure Road, Rochdale, Lancashire",53.6116,-2.15422,01706396299,https://www.thedalemedicalpractice.co.uk/,True,False,,,,,,,,,0,Rochdale central supplemental search,1,,,,,,,,,,,,2477,nhs_monthly_direct,,,,,,,,,,,,,,,,https://www.nhs.uk/services/gp-surgery/the-dale-medical-practice/P86609
Kirkholt Medical Practice,Y02721,OL11 2JG,"The Strand, Kirkholt, Rochdale",53.5939,-2.15618,01706664130,http://kirkholtmedicalpractice.org.uk,True,False,,,,,,,,Lindley Medical Practice,1,"Lindley Medical Practice, Rochdale central supplemental search",2,3.818,,,,,,,,,,,5161,nhs_monthly_direct,,,,,,,,,,,,,,,,https://www.nhs.uk/services/gp-surgery/kirkholt-medical-practice/Y02721
The Medical Centre (The Strand),P86606001,OL11 2JG,"The Strand medical Centre (Bardoc Ltd), The Strand, Kirkholt, Rochdale, Lancashire",53.5939,-2.15618,01706861616,https://www.thestrandandfamilypractice.co.uk,True,False,,,,,,,,Lindley Medical Practice,1,"Lindley Medical Practice, Rochdale central supplemental search",2,3.818,,,,,,,,,,,,,,,,,,,,,,,,,,,,https://www.nhs.uk/services/gp-surgery/the-medical-centre-the-strand/P86606001
Castleton Health Centre,P86009,OL11 3HY,"2 Elizabeth Street, Castleton, Rochdale, Lancashire",53.597,-2.18297,01706658905,https://www.castletonhealthcentre.co.uk,True,False,,,,,,,,,0,Rochdale central supplemental search,1,,,,,,,,,,,,10488,nhs_monthly_direct,,,,,,,,,,,,,,,,https://www.nhs.uk/services/gp-surgery/castleton-health-centre/P86009
Edenfield Road Surgery,P86003,OL11 5AQ,"Cutgate Shopping Precinct, Rochdale, Lancashire",53.6223,-2.18866,01706344125,https://www.edenfieldroadsurgery.nhs.uk,True,False,,,,,,,,,0,Rochdale central supplemental search,1,,,,,,,,,,,,10575,nhs_monthly_direct,,,,,,,,,,,,,,,,https://www.nhs.uk/services/gp-surgery/edenfield-road-surgery/P86003
Norden Branch Surgery,P86006001,OL11 5XE,"Norden Old Library, Edenfield Road, Norden, Rochdale, Lancashire",53.6266,-2.21004,,,False,False,,,,,,,,,0,Rochdale central supplemental search,1,,,,,,,,,,,,,,,,,,,,,,,,,,,,,https://www.nhs.uk/services/gp-surgery/norden-branch-surgery/P86006001
Norden Surgery,P86003002,OL11 5XE,"Norden Old Library, Rochdale, Greater Manchester",53.6266,-2.21004,,,False,False,,,,,,,,,0,Rochdale central supplemental search,1,,,,,,,,,,,,,,,,,,,,,,,,,,,,,https://www.nhs.uk/services/gp-surgery/norden-surgery/P86003002
HEALEY SURGERY,P86013,OL12 0SN,"Whitworth Road, Rochdale, Lancashire",53.6331,-2.16277,01706868468,http://www.healeysurgery.co.uk/,True,False,,,,,,,,,0,Rochdale central supplemental search,1,,,,,,,,,,,,6028,nhs_monthly_direct,,,,,,,,,,,,,,,,https://www.nhs.uk/services/gp-surgery/healey-surgery/P86013
Ashworth Street Surgery,P86006,OL12 6RT,"85 Spotland Road, Rochdale, Lancashire",53.6196,-2.16564,01706346767,http://www.ashworthstreetsurgeryrochdale.co.uk,True,False,,,,,,,,,0,Rochdale central supplemental search,1,,,,,,,,,,,,17069,nhs_monthly_direct,,,,,,,,,,,,,,,,https://www.nhs.uk/services/gp-surgery/ashworth-street-surgery/P86006
The Dawes Family Practice,P86026,OL12 6RX,"83 Spotland Road, Rochdale, Lancashire",53.6195,-2.16541,01706644040,https://dawesfp.gpsurgery.net/about/goverment-legislation-requirements/,True,False,,,,,,,,,0,Rochdale central supplemental search,1,,,,,,,,,,,,7559,nhs_monthly_direct,,,,,,,,,,,,,,,,https://www.nhs.uk/services/gp-surgery/the-dawes-family-practice/P86026
Whitworth Medical Centre,P81088,OL12 8QS,"Market Street, Whitworth, Rochdale",53.6612,-2.17394,01706852238,http://www.whitworthmedicalcentre.nhs.uk,True,False,,,,,,,,,0,Rochdale central supplemental search,1,,,,,,,,,,,,6904,nhs_monthly_direct,,,,,,,,,,,,,,,,https://www.nhs.uk/services/gp-surgery/whitworth-medical-centre/P81088
Mark Street Surgery,P86008,OL12 9BE,"2 Mark Street, Rochdale, Lancashire",53.6242,-2.14462,01706643183,https://www.markstreetsurgery.co.uk,True,False,,,,,,,,,0,Rochdale central supplemental search,1,,,,,,,,,,,,10416,nhs_monthly_direct,,,,,,,,,,,,,,,,https://www.nhs.uk/services/gp-surgery/mark-street-surgery/P86008
The Village Medical Ctr.,P86608,OL15 8AQ,"Village Medical Centre, Peel Street, Littleborough, Lancashire",53.6428,-2.09798,01706370666,https://villagemclittleborough.nhs.uk/,True,False,,,,,,,,,0,Rochdale central supplemental search,1,,,,,,,,,,,,4291,nhs_monthly_direct,,,,,,,,,,,,,,,,https://www.nhs.uk/services/gp-surgery/the-village-medical-ctr/P86608
Trinity Medical Centre,P86624,OL15 8AR,"22 Winton Street, Littleborough, Lancashire",53.6424,-2.09938,01706378476,https://www.trinitymedicalcentre.org.uk,True,False,,,,,,,,,0,Rochdale central supplemental search,1,,,,,,,,,,,,4294,nhs_monthly_direct,,,,,,,,,,,,,,,,https://www.nhs.uk/services/gp-surgery/trinity-medical-centre/P86624
Littleborough Group Practice,P86018,OL15 8HF,"Littleborough Health Centre, Featherstall Road, Littleborough, Lancashire",53.643,-2.10333,01706393000,http://www.littleboroughgrouppractice.nhs.uk/,True,False,,,,,,,,,0,Rochdale central supplemental search,1,,,,,,,,,,,,8590,nhs_monthly_direct,,,,,,,,,,,,,,,,https://www.nhs.uk/services/gp-surgery/littleborough-group-practice/P86018
Pennine Surgery,P86021,OL15 8HF,"Littleborough Health Centre, Featherstall Road, Littleborough, Lancashire",53.643,-2.10333,01706374990,http://www.penninesurgery.co.uk,True,False,,,,,,,,,0,Rochdale central supplemental search,1,,,,,,,,,,,,3754,nhs_monthly_direct,,,,,,,,,,,,,,,,https://www.nhs.uk/services/gp-surgery/pennine-surgery/P86021
Yorkshire St Surgery,P86005,OL16 2DN,"188 Yorkshire Street, Rochdale, Lancashire",53.6204,-2.1522,01706390243,,True,False,,,,,,,,,0,Rochdale central supplemental search,1,,,,,,,,,,,,6230,nhs_monthly_direct,,,,,,,,,,,,,,,,https://www.nhs.uk/services/gp-surgery/yorkshire-st-surgery/P86005
Croft Shifa Health Centre,P86014,OL16 2UP,"Belfield Road, Rochdale, Lancashire",53.6226,-2.13958,01706671560,https://www.drbabarandpartners.co.uk/,True,False,,,,,,,,,0,Rochdale central supplemental search,1,,,,,,,,,,,,7827,nhs_monthly_direct,,,,,,,,,,,,,,,,https://www.nhs.uk/services/gp-surgery/croft-shifa-health-centre/P86014
Inspire Medical Centre,P86017,OL16 2UY,"2Nd Flr Croft Shifa HC, Belfield Road, Rochdale, Lancashire",53.6227,-2.13824,01706664160,https://www.inspiremedicalcentre.co.uk/,True,False,,,,,,,,,0,Rochdale central supplemental search,1,,,,,,,,,,,,4604,nhs_monthly_direct,,,,,,,,,,,,,,,,https://www.nhs.uk/services/gp-surgery/inspire-medical-centre/P86017
The Kingsway Practice,Y02720,OL16 4AT,"285a Kingsway, Rochdale, Lancashire",53.6133,-2.13603,01706664120,http://thekingswaypractice.org.uk,True,False,,,,,,,,,0,Rochdale central supplemental search,1,,,,,,,,,,,,4698,nhs_monthly_direct,,,,,,,,,,,,,,,,https://www.nhs.uk/services/gp-surgery/the-kingsway-practice/Y02720
Milnrow Village Practice,P86001,OL16 4JF,"Milnrow & Newhey Medical Centre, Newhey Road, Newhey, Rochdale, Lancashire",53.6033,-2.10383,01706641409,http://www.milnrowvillagepractice.nhs.uk,True,False,,,,,,,,,0,Rochdale central supplemental search,1,,,,,,,,,,,,8229,nhs_monthly_direct,,,,,,,,,,,,,,,,https://www.nhs.uk/services/gp-surgery/milnrow-village-practice/P86001
Stonefield Street Surgery,P86022,OL16 4JF,"Milnrow & Newhey Medical Centre, Newhey Road, Newhey, Rochdale, Lancashire",53.6033,-2.10383,01706646234,https://www.stonefieldstreetsurgery.co.uk/,True,False,,,,,,,,,0,Rochdale central supplemental search,1,,,,,,,,,,,,8763,nhs_monthly_direct,,,,,,,,,,,,,,,,https://www.nhs.uk/services/gp-surgery/stonefield-street-surgery/P86022
Royton Medical Centre,P85019,OL2 5QL,"Chapel Street, Royton, Oldham, Lancashire",53.5665,-2.1261,01616526336,http://www.roytonmedicalcentre.nhs.uk,True,False,,,,,,,,Lindley Medical Practice,1,"Lindley Medical Practice, Rochdale central supplemental search",2,1.613,,,,,,,,,,,7020,nhs_monthly_direct,,,,,,,,,,,,,,,,https://www.nhs.uk/services/gp-surgery/royton-medical-centre/P85019
The Royton & Crompton Family Practice,P85013,OL2 6QW,"Royton Health Wellbeing Centre, Park Street, Royton, Oldham, Lancashire",53.5661,-2.12158,01613572315,https://www.roytonandcromptonpractice.co.uk,True,False,,,,,,,,Lindley Medical Practice,1,"Lindley Medical Practice, Rochdale central supplemental search",2,1.553,,,,,,,,,,,20997,nhs_monthly_direct,,,,,,,,,,,,,,,,https://www.nhs.uk/services/gp-surgery/the-royton-and-crompton-family-practice/P85013
Oak Gables Medical Practice,P85017,OL2 8BF,"Shaw Crompton Medical Centre, Westway, Shaw, Oldham, Lancashire",53.5844,-2.09017,01706664250,https://www.theoakgablespartnership.co.uk/,True,False,,,,,,,,Lindley Medical Practice,1,"Lindley Medical Practice, Rochdale central supplemental search",2,3.012,,,,,,,,,,,9092,nhs_monthly_direct,,,,,,,,,,,,,,,,https://www.nhs.uk/services/gp-surgery/oak-gables-medical-practice/P85017
Village Medical Practice,P85614,OL2 8BF,"Shaw Crompton Medical Centre, Westway, Shaw, Oldham, Lancashire",53.5844,-2.09017,01706671180,http://villagemedicalpractice.org.uk/,True,False,,,,,,,,Lindley Medical Practice,1,"Lindley Medical Practice, Rochdale central supplemental search",2,3.012,,,,,,,,,,,5103,nhs_monthly_direct,,,,,,,,,,,,,,,,https://www.nhs.uk/services/gp-surgery/village-medical-practice/P85614
Dr. J Wright & Partners,P85016001,OL3 5DW,"Garside Street, Delph, Oldham, Lancashire",53.5677,-2.02454,01457874968,http://www.saddleworthmedicalpractice.com/,True,False,,,,,,,,Mossley Medical Practice,1,Mossley Medical Practice,1,3.769,,,,,,,,,,,,,,,,,,,,,,,,,,,,https://www.nhs.uk/services/gp-surgery/dr-j-wright-and-partners/P85016001
Saddleworth Medical Practice,P85016,OL3 6AH,"Smithy Lane, Uppermill, Oldham, Lancashire",53.5483,-2.00494,01457872228,http://www.saddleworthmedicalpractice.com,True,False,,,,,,,,"Millbrook Medical Practice, Mossley Medical Practice",2,"Millbrook Medical Practice, Mossley Medical Practice",2,2.786,,,,,,,,,,,13978,nhs_monthly_direct,,,,,,,,,,,,,,,,https://www.nhs.uk/services/gp-surgery/saddleworth-medical-practice/P85016
Pennine Medical Centre - Greenfield,P89006001,OL3 7EQ,"6-8 Chew Vale, Greenfield, Oldham, Greater Manchester",53.5357,-2.00702,01457832590,http://www.penninemedicalcentre.nhs.uk/,True,False,,,,,,,,"Millbrook Medical Practice, Mossley Medical Practice, The Smithy Surgery",3,"Millbrook Medical Practice, Mossley Medical Practice, The Smithy Surgery",3,2.038,,,,,,,,,,,,,,,,,,,,,,,,,,,,https://www.nhs.uk/services/gp-surgery/pennine-medical-centre-greenfield/P89006001
Greenbank Medical Practice,P85021,OL4 1BN,"Nugget Street, Oldham, Lancashire",53.5384,-2.09586,01617857910,http://www.greenbankmedicalpractice.co.uk/,True,False,,,,,,,,"Gordon Street Medical Centre, Lindley Medical Practice, Millbrook Medical Practice, Mossley Medical Practice",4,"Gordon Street Medical Centre, Lindley Medical Practice, Millbrook Medical Practice, Mossley Medical Practice",4,0.942,,,,,,,,,,,9715,nhs_monthly_direct,,,,,,,,,,,,,,,,https://www.nhs.uk/services/gp-surgery/greenbank-medical-practice/P85021
Hopwood House Medical Practice,P85014,OL4 1JN,"Hopwood House, The Vineyard, Lees Road, Oldham, Lancashire",53.5421,-2.09545,01616283628,https://www.hopwood-house-medical-practice.co.uk,True,False,,,,,,,,"Gordon Street Medical Centre, Lindley Medical Practice, Millbrook Medical Practice, Mossley Medical Practice",4,"Gordon Street Medical Centre, Lindley Medical Practice, Millbrook Medical Practice, Mossley Medical Practice",4,0.89,,,,,,,,,,,6646,nhs_monthly_direct,,,,,,,,,,,,,,,,https://www.nhs.uk/services/gp-surgery/hopwood-house-medical-practice/P85014
Alexandra Group Med Pract,P85015,OL4 1YN,"137 Glodwick Road, Oldham, Lancashire",53.5378,-2.09508,01612713050,http://www.alexandrapractice.org.uk/,True,False,,,,,,,,"Ashton GP Service, Gordon Street Medical Centre, Lindley Medical Practice, Millbrook Medical Practice, Mossley Medical Practice",5,"Ashton GP Service, Gordon Street Medical Centre, Lindley Medical Practice, Millbrook Medical Practice, Mossley Medical Practice",5,0.988,,,,,,,,,,,7260,nhs_monthly_direct,,,,,,,,,,,,,,,,https://www.nhs.uk/services/gp-surgery/alexandra-group-med-pract/P85015
Glodwick Medical Practice,P85622,OL4 1YN,"Glodwick Primary Care Centre, 137 Glodwick Road, Oldham",53.5378,-2.09508,01612713120,https://glodwickmedicalpractice.org.uk,True,False,,,,,,,,"Ashton GP Service, Gordon Street Medical Centre, Lindley Medical Practice, Millbrook Medical Practice, Mossley Medical Practice",5,"Ashton GP Service, Gordon Street Medical Centre, Lindley Medical Practice, Millbrook Medical Practice, Mossley Medical Practice",5,0.988,,,,,,,,,,,10874,nhs_monthly_direct,,,,,,,,,,,,,,,,https://www.nhs.uk/services/gp-surgery/glodwick-medical-practice/P85622
Springfield House,P85020,OL4 2RJ,"275 Huddersfield Road, Oldham, Lancashire",53.5489,-2.0827,0161 667 2480,http://www.springfieldhousemedicalcentre.nhs.uk,True,False,,,,,,,,"Lindley Medical Practice, Millbrook Medical Practice, Mossley Medical Practice",3,"Lindley Medical Practice, Millbrook Medical Practice, Mossley Medical Practice",3,1.449,,,,,,,,,,,7352,nhs_monthly_direct,,,,,,,,,,,,,,,,https://www.nhs.uk/services/gp-surgery/springfield-house/P85020
Lees Medical Practice,P85022,OL4 3BP,"Athens Way, Lees, Oldham, Lancashire",53.5394,-2.0754,01616521285,http://www.leesmedicalpractice.nhs.uk/,True,False,,,,,,,,"Gordon Street Medical Centre, Lindley Medical Practice, Millbrook Medical Practice, Mossley Medical Practice",4,"Gordon Street Medical Centre, Lindley Medical Practice, Millbrook Medical Practice, Mossley Medical Practice",4,1.732,,,,,,,,,,,5139,nhs_monthly_direct,,,,,,,,,,,,,,,,https://www.nhs.uk/services/gp-surgery/lees-medical-practice/P85022
Leesbrook Surgery,P85005,OL4 3DG,"Mellor Street, Lees, Oldham, Lancashire",53.5388,-2.07265,01616214800,,True,False,,,,,,,,"Gordon Street Medical Centre, Lindley Medical Practice, Millbrook Medical Practice, Mossley Medical Practice",4,"Gordon Street Medical Centre, Lindley Medical Practice, Millbrook Medical Practice, Mossley Medical Practice",4,1.851,,,,,,,,,,,9411,nhs_monthly_direct,,,,,,,,,,,,,,,,https://www.nhs.uk/services/gp-surgery/leesbrook-surgery/P85005
Pike Medical Practice,P89618,OL5 0HE,"Market Place, Mossley, Ashton-under-Lyne, Lancashire",53.5179,-2.04563,01457832561,https://www.ssphealth.com/our-practices/the-pike-practice,True,False,,,,,,,,"Ashton GP Service, Gordon Street Medical Centre, Guide Bridge Medical Practice, Hattersley Group Practice, Lindley Medical Practice, Millbrook Medical Practice, Mossley Medical Practice, The Smithy Surgery",8,"Ashton GP Service, Gordon Street Medical Centre, Guide Bridge Medical Practice, Hattersley Group Practice, Lindley Medical Practice, Millbrook Medical Practice, Mossley Medical Practice, The Smithy Surgery",8,0.339,,,,,,,,,,,3184,nhs_monthly_direct,,,,,,,,,,,,,,,,https://www.nhs.uk/services/gp-surgery/pike-medical-practice/P89618
Pennine Medical Centre,P89006,OL5 9AJ,"193 Manchester Road, Mossley, Ashton-under-Lyne, Lancashire",53.5153,-2.04095,01457832590,https://www.penninemedicalcentre.nhs.uk/,True,False,,,,,,,,"Ashton GP Service, Gordon Street Medical Centre, Hattersley Group Practice, Lindley Medical Practice, Millbrook Medical Practice, Mossley Medical Practice, The Smithy Surgery",7,"Ashton GP Service, Gordon Street Medical Centre, Hattersley Group Practice, Lindley Medical Practice, Millbrook Medical Practice, Mossley Medical Practice, The Smithy Surgery",7,0.091,,,,,,,,,,,11346,nhs_monthly_direct,,,,,,,,,,,,,,,,https://www.nhs.uk/services/gp-surgery/pennine-medical-centre/P89006
Ashton Medical Group,P89008,OL6 6EW,"Chapel Street, Ashton-under-Lyne",53.4895,-2.08879,01613307747,,True,False,,,,,,,,"Ashton GP Service, Droylsden Medical Practice, Gordon Street Medical Centre, Guide Bridge Medical Practice, Hattersley Group Practice, Millbrook Medical Practice, Mossley Medical Practice, The Smithy Surgery",8,"Ashton GP Service, Droylsden Medical Practice, Gordon Street Medical Centre, Guide Bridge Medical Practice, Hattersley Group Practice, Millbrook Medical Practice, Mossley Medical Practice, The Smithy Surgery",8,0.5,,,,,,,,,,,16937,nhs_monthly_direct,,,,,,,,,,,,,,,,https://www.nhs.uk/services/gp-surgery/ashton-medical-group/P89008
Ashton Medical Group - Glebe House,P89008001,OL6 6HD,"Glebe Street, Ashton Under Lyne, Lancashire",53.4894,-2.08917,1613307747,www.tamevalleymedcentre.co.uk,True,False,,,,,,,,"Ashton GP Service, Droylsden Medical Practice, Gordon Street Medical Centre, Guide Bridge Medical Practice, Hattersley Group Practice, Millbrook Medical Practice, Mossley Medical Practice, The Smithy Surgery",8,"Ashton GP Service, Droylsden Medical Practice, Gordon Street Medical Centre, Guide Bridge Medical Practice, Hattersley Group Practice, Millbrook Medical Practice, Mossley Medical Practice, The Smithy Surgery",8,0.509,,,,,,,,,,,,,,,,,,,,,,,,,,,,https://www.nhs.uk/services/gp-surgery/ashton-medical-group-glebe-house/P89008001
Albion Medical Practice,P89003,OL6 6HF,"1 Albion Street, Ashton-under-Lyne, Lancashire",53.4896,-2.08846,01612148710,http://www.albionmedicalpractice.co.uk,True,False,,,,,,,,"Ashton GP Service, Droylsden Medical Practice, Gordon Street Medical Centre, Guide Bridge Medical Practice, Hattersley Group Practice, Millbrook Medical Practice, Mossley Medical Practice, The Smithy Surgery",8,"Ashton GP Service, Droylsden Medical Practice, Gordon Street Medical Centre, Guide Bridge Medical Practice, Hattersley Group Practice, Millbrook Medical Practice, Mossley Medical Practice, The Smithy Surgery",8,0.485,,,,,,,,,,,9847,nhs_monthly_direct,,,,,,,,,,,,,,,,https://www.nhs.uk/services/gp-surgery/albion-medical-practice/P89003
Stamford House,P89609,OL6 9QH,"2 Princess Street, Ashton Under Lyne, Lancashire",53.4936,-2.07863,01613440803,http://www.stamfordhousemedicalcentre.co.uk,False,False,,,,,,,,"Ashton GP Service, Droylsden Medical Practice, Gordon Street Medical Centre, Guide Bridge Medical Practice, Hattersley Group Practice, Lindley Medical Practice, Millbrook Medical Practice, Mossley Medical Practice, The Smithy Surgery",9,"Ashton GP Service, Droylsden Medical Practice, Gordon Street Medical Centre, Guide Bridge Medical Practice, Hattersley Group Practice, Lindley Medical Practice, Millbrook Medical Practice, Mossley Medical Practice, The Smithy Surgery",9,0.054,,,,,,,,,,,5023,nhs_monthly_direct,,,,,,,,,,,,,,,,https://www.nhs.uk/services/gp-surgery/stamford-house/P89609
West End Medical Centre,P89030,OL7 0LH,"98-102 Stockport Road, Ashton-under-Lyne, Lancashire",53.4808,-2.1075,01613395488,,True,False,,,,,,,,"Ashton GP Service, Droylsden Medical Practice, Gordon Street Medical Centre, Guide Bridge Medical Practice, Hattersley Group Practice, Millbrook Medical Practice, Mossley Medical Practice, The Smithy Surgery",8,"Ashton GP Service, Droylsden Medical Practice, Gordon Street Medical Centre, Guide Bridge Medical Practice, Hattersley Group Practice, Millbrook Medical Practice, Mossley Medical Practice, The Smithy Surgery",8,0.464,,,,,,,,,,,3898,nhs_monthly_direct,,,,,,,,,,,,,,,,https://www.nhs.uk/services/gp-surgery/west-end-medical-centre/P89030
HT Practice,P89020,OL7 0NW,"156 Stockport Road, Ashton-under-Lyne",53.4783,-2.11048,0161 330 2440,http://www.htpractice.co.uk,True,False,,,,,,,,"Ashton GP Service, Droylsden Medical Practice, Gordon Street Medical Centre, Guide Bridge Medical Practice, Hattersley Group Practice, Millbrook Medical Practice, Mossley Medical Practice, The Smithy Surgery",8,"Ashton GP Service, Droylsden Medical Practice, Gordon Street Medical Centre, Guide Bridge Medical Practice, Hattersley Group Practice, Millbrook Medical Practice, Mossley Medical Practice, The Smithy Surgery",8,0.477,,,,,,,,,,,7533,nhs_monthly_direct,,,,,,,,,,,,,,,,https://www.nhs.uk/services/gp-surgery/ht-practice/P89020
Waterloo Medical Centre,P89613,OL7 9EJ,"1 Dunkerley Street, Ashton-under-Lyne, Lancashire",53.4988,-2.1039,01613307087,,True,False,,,,,,,,"Ashton GP Service, Droylsden Medical Practice, Gordon Street Medical Centre, Guide Bridge Medical Practice, Hattersley Group Practice, Lindley Medical Practice, Millbrook Medical Practice, Mossley Medical Practice, The Smithy Surgery",9,"Ashton GP Service, Droylsden Medical Practice, Gordon Street Medical Centre, Guide Bridge Medical Practice, Hattersley Group Practice, Lindley Medical Practice, Millbrook Medical Practice, Mossley Medical Practice, The Smithy Surgery",9,0.913,,,,,,,,,,,3742,nhs_monthly_direct,,,,,,,,,,,,,,,,https://www.nhs.uk/services/gp-surgery/waterloo-medical-centre/P89613
John Street Medical Practice,Y02827,OL8 1DF,"1 John Street, Oldham, Lancashire",53.5404,-2.11926,0161 357 2060,http://johnstreetmedicalpractice.org.uk/,True,False,,,,,,,,"Charlestown Medical Practice, Gordon Street Medical Centre, Lindley Medical Practice, Mossley Medical Practice",4,"Charlestown Medical Practice, Gordon Street Medical Centre, Lindley Medical Practice, Mossley Medical Practice",4,0.254,,,,,,,,,,,4966,nhs_monthly_direct,,,,,,,,,,,,,,,,https://www.nhs.uk/services/gp-surgery/john-street-medical-practice/Y02827
Hill Top Surgery,Y02753,OL8 2QD,"Hilltop Surgery, Fitton Hill Neighbourhood Centre, Fircroft Road, Oldham",53.5214,-2.10208,01612713080,http://www.hilltopsurgery.org.uk,True,False,,,,,,,,"Ashton GP Service, Droylsden Medical Practice, Gordon Street Medical Centre, Lindley Medical Practice, Millbrook Medical Practice, Mossley Medical Practice",6,"Ashton GP Service, Droylsden Medical Practice, Gordon Street Medical Centre, Lindley Medical Practice, Millbrook Medical Practice, Mossley Medical Practice",6,1.664,,,,,,,,,,,6291,nhs_monthly_direct,,,,,,,,,,,,,,,,https://www.nhs.uk/services/gp-surgery/hill-top-surgery/Y02753
Oldham Medical Services,P85012,OL8 3HF,"Langham House, 368 Ashton Road, Oldham, Lancashire",53.5253,-2.11122,01613572270,https://www.oldhammedicalservices.co.uk,True,False,,,,,,,,"Ashton GP Service, Droylsden Medical Practice, Gordon Street Medical Centre, Lindley Medical Practice, Millbrook Medical Practice, Mossley Medical Practice",6,"Ashton GP Service, Droylsden Medical Practice, Gordon Street Medical Centre, Lindley Medical Practice, Millbrook Medical Practice, Mossley Medical Practice",6,1.3,,,,,,,,,,,5922,nhs_monthly_direct,,,,,,,,,,,,,,,,https://www.nhs.uk/services/gp-surgery/oldham-medical-services/P85012
Hollinwood Medical Practice,Y02933,OL8 3TR,"1 Clive Street, Oldham, Lancashire",53.5221,-2.12764,01613572070,http://www.hollinwoodpractice.org.uk,True,False,,,,,,,,"Ashton GP Service, Charlestown Medical Practice, Droylsden Medical Practice, Gordon Street Medical Centre, Lindley Medical Practice, Millbrook Medical Practice, Mossley Medical Practice, Simpson Medical Practice",8,"Ashton GP Service, Charlestown Medical Practice, Droylsden Medical Practice, Gordon Street Medical Centre, Lindley Medical Practice, Millbrook Medical Practice, Mossley Medical Practice, Simpson Medical Practice",8,1.563,,,,,,,,,,,8851,nhs_monthly_direct,,,,,,,,,,,,,,,,https://www.nhs.uk/services/gp-surgery/hollinwood-medical-practice/Y02933
Littletown Family Med Pract,P85605,OL8 4LR,"53 Manchester Road, Oldham, Lancashire",53.5291,-2.13428,01616245457,http://www.littletownfamilymedical.nhs.uk,True,False,,,,,,,,"Ashton GP Service, Charlestown Medical Practice, Droylsden Medical Practice, Gordon Street Medical Centre, Lindley Medical Practice, Mossley Medical Practice, Simpson Medical Practice",7,"Ashton GP Service, Charlestown Medical Practice, Droylsden Medical Practice, Gordon Street Medical Centre, Lindley Medical Practice, Mossley Medical Practice, Simpson Medical Practice",7,1.241,,,,,,,,,,,7633,nhs_monthly_direct,,,,,,,,,,,,,,,,https://www.nhs.uk/services/gp-surgery/littletown-family-med-pract/P85605
Chadderton Medical Practice,P85004,OL9 0LH,"Middleton Road, Chadderton, Oldham, Lancashire",53.5456,-2.14217,01613572290,http://www.chaddertonmedicalpractice.nhs.uk,True,False,,,,,,,,"Charlestown Medical Practice, Lindley Medical Practice",2,"Charlestown Medical Practice, Lindley Medical Practice, Rochdale central supplemental search",3,1.044,,,,,,,,,,,6369,nhs_monthly_direct,,,,,,,,,,,,,,,,https://www.nhs.uk/services/gp-surgery/chadderton-medical-practice/P85004
Woodlands Medical Practice,P85010,OL9 0LH,"Chadderton Town Health Centre, Middleton Road, Chadderton, Oldham, Lancashire",53.5455,-2.14206,01613572300,https://www.woodlandsmedicalpractice.com,True,False,,,,,,,,"Charlestown Medical Practice, Lindley Medical Practice",2,"Charlestown Medical Practice, Lindley Medical Practice, Rochdale central supplemental search",3,1.038,,,,,,,,,,,14117,nhs_monthly_direct,,,,,,,,,,,,,,,,https://www.nhs.uk/services/gp-surgery/woodlands-medical-practice/P85010
Kapur Family Care,P85615,OL9 7AY,"Werneth Primary Care Centre, Featherstall Road South, Oldham, Lancashire",53.5373,-2.13052,01612713040,https://www.kapurfamilycare.nhs.uk/,True,False,,,,,,,,"Charlestown Medical Practice, Lindley Medical Practice, Mossley Medical Practice",3,"Charlestown Medical Practice, Lindley Medical Practice, Mossley Medical Practice",3,0.716,,,,,,,,,,,11907,nhs_monthly_direct,,,,,,,,,,,,,,,,https://www.nhs.uk/services/gp-surgery/kapur-family-care/P85615
MD Family Practice,P85018,OL9 7AY,"Werneth Primary Care Centre, Featherstall Road South, Oldham, Lancashire",53.5364,-2.13077,01613572280,http://www.dansonfamilypractice.co.uk,True,False,,,,,,,,"Charlestown Medical Practice, Gordon Street Medical Centre, Lindley Medical Practice, Mossley Medical Practice",4,"Charlestown Medical Practice, Gordon Street Medical Centre, Lindley Medical Practice, Mossley Medical Practice",4,0.764,,,,,,,,,,,4332,nhs_monthly_direct,,,,,,,,,,,,,,,,https://www.nhs.uk/services/gp-surgery/md-family-practice/P85018
Werneth Medical Practice,P85612,OL9 7AY,"Werneth Primary Care Centre, Featherstall Road South, Oldham",53.5373,-2.13052,01616205677,http://www.wernethmedicalpractice.nhs.uk,True,False,,,,,,,,"Charlestown Medical Practice, Lindley Medical Practice, Mossley Medical Practice",3,"Charlestown Medical Practice, Lindley Medical Practice, Mossley Medical Practice",3,0.716,,,,,,,,,,,4052,nhs_monthly_direct,,,,,,,,,,,,,,,,https://www.nhs.uk/services/gp-surgery/werneth-medical-practice/P85612
Ch Medical Practice,P85011,OL9 8NH,"Fields New Rd P-Care Ctr, Fields New Rd, Chadderton, Oldham, Lancashire",53.5331,-2.14507,01617859240,https://www.ch-medical.co.uk,True,False,,,,,,,,"Charlestown Medical Practice, Lindley Medical Practice, Simpson Medical Practice",3,"Charlestown Medical Practice, Lindley Medical Practice, Simpson Medical Practice",3,1.372,,,,,,,,,,,12652,nhs_monthly_direct,,,,,,,,,,,,,,,,https://www.nhs.uk/services/gp-surgery/ch-medical-practice/P85011
Vernon Park Surgery,P88615,SK1 2EX,"30-32 Brinnington Road, Stockport, Cheshire",53.4184,-2.14278,01614265484,,True,False,,,,,,,,,0,Stockport central supplemental search,1,,,,,,,,,,,,3445,nhs_monthly_direct,,,,,,,,,,,,,,,,https://www.nhs.uk/services/gp-surgery/vernon-park-surgery/P88615
Manor Medical Practice,P88003001,SK1 3PZ,"56 Higher Hillgate, Stockport, Cheshire",53.4036,-2.15349,01619839166,https://www.manormedical.co.uk/,True,False,,,,,,,,,0,Stockport central supplemental search,1,,,,,,,,,,,,,,,,,,,,,,,,,,,,,https://www.nhs.uk/services/gp-surgery/manor-medical-practice/P88003001
Lambgates Health Centre,C81106,SK13 1DJ,"Wesley Street, Hadfield, Glossop, Derbyshire",53.4635,-1.97014,01457869090,http://www.lambgatessurgery.co.uk/,True,False,,,,,,,,"Hattersley Group Practice, Millbrook Medical Practice, The Smithy Surgery",3,"Hattersley Group Practice, Millbrook Medical Practice, The Smithy Surgery",3,1.068,,,,,,,,,,,7434,nhs_monthly_direct,,,,,,,,,,,,,,,,https://www.nhs.uk/services/gp-surgery/lambgates-health-centre/C81106
Manor House Hadfield,B7I2X,SK13 1DS,"82 Brosscroft, Hadfield, Glossop",53.4672,-1.96504,,,False,False,,,,,,,,"Hattersley Group Practice, Millbrook Medical Practice, The Smithy Surgery",3,"Hattersley Group Practice, Millbrook Medical Practice, The Smithy Surgery",3,1.333,,,,,,,,,,,,,,,,,,,,,,,,,,,,https://www.nhs.uk/services/gp-surgery/manor-house-hadfield/B7I2X
Cottage Lane Surgery,C81615,SK13 6EQ,"47 Cottage Lane, Gamesley, Glossop, Derbyshire",53.4472,-1.98049,01457861343,http://www.cottagelanesurgery.co.uk,True,False,,,,,,,,"Hattersley Group Practice, Millbrook Medical Practice, The Smithy Surgery",3,"Hattersley Group Practice, Millbrook Medical Practice, The Smithy Surgery",3,1.148,,,,,,,,,,,2306,nhs_monthly_direct,,,,,,,,,,,,,,,,https://www.nhs.uk/services/gp-surgery/cottage-lane-surgery/C81615
Simmondley Medical Practice,C81640,SK13 6NN,"15A Pennine Road, Glossop, Derbyshire",53.4395,-1.96903,01457862305,https://www.simmondleymedicalpractice.co.uk/,True,False,,,,,,,,"Hattersley Group Practice, Millbrook Medical Practice, The Smithy Surgery",3,"Hattersley Group Practice, Millbrook Medical Practice, The Smithy Surgery",3,1.855,,,,,,,,,,,3690,nhs_monthly_direct,,,,,,,,,,,,,,,,https://www.nhs.uk/services/gp-surgery/simmondley-medical-practice/C81640
Howard Street Medical Practice,R3E4A,SK13 7DE,"Howard Street, Glossop",53.4451,-1.94968,,,False,False,,,,,,,,"Hattersley Group Practice, The Smithy Surgery",2,"Hattersley Group Practice, The Smithy Surgery",2,2.196,,,,,,,,,,,,,,,,,,,,,,,,,,,,https://www.nhs.uk/services/gp-surgery/howard-street-medical-practice/R3E4A
Manor House Surgery,C81081,SK13 8PS,"Manor Street, Glossop, Derbyshire",53.4437,-1.94513,01457860860,https://www.manorhousesurgery.co.uk,True,False,,,,,,,,"Hattersley Group Practice, The Smithy Surgery",2,"Hattersley Group Practice, The Smithy Surgery",2,2.406,,,,,,,,,,,20166,nhs_monthly_direct,,,,,,,,,,,,,,,,https://www.nhs.uk/services/gp-surgery/manor-house-surgery/C81081
The Brooke Surgery,P89002,SK14 1AT,"20 Market Street, Hyde, Cheshire",53.4521,-2.0812,01613683312,https://brookesurgery.co.uk,True,False,,,,,,,,"Ashton GP Service, Gordon Street Medical Centre, Guide Bridge Medical Practice, Hattersley Group Practice, Millbrook Medical Practice, The Smithy Surgery",6,"Ashton GP Service, Gordon Street Medical Centre, Guide Bridge Medical Practice, Hattersley Group Practice, Millbrook Medical Practice, The Smithy Surgery",6,1.886,,,,,,,,,,,20313,nhs_monthly_direct,,,,,,,,,,,,,,,,https://www.nhs.uk/services/gp-surgery/the-brooke-surgery/P89002
Haughton Thornley Medical Centres,P89014,SK14 1JY,"Thornley House Medical Centre, 9 Thornley Street, Hyde",53.4468,-2.0761,01613677910,http://www.htmc.co.uk/,True,False,,,,,,,,"Ashton GP Service, Gordon Street Medical Centre, Guide Bridge Medical Practice, Hattersley Group Practice, Millbrook Medical Practice, The Smithy Surgery",6,"Ashton GP Service, Gordon Street Medical Centre, Guide Bridge Medical Practice, Hattersley Group Practice, Millbrook Medical Practice, The Smithy Surgery",6,2.017,,,,,,,,,,,12720,nhs_monthly_direct,,,,,,,,,,,,,,,,https://www.nhs.uk/services/gp-surgery/haughton-thornley-medical-centres/P89014
Donneybrook Medical Centre,P89016,SK14 2AH,"Clarendon Street, Hyde, Cheshire",53.4526,-2.08022,01613683838,http://www.donneybrookmedicalcentre.nhs.uk/,True,False,,,,,,,,"Ashton GP Service, Gordon Street Medical Centre, Guide Bridge Medical Practice, Hattersley Group Practice, Millbrook Medical Practice, The Smithy Surgery",6,"Ashton GP Service, Gordon Street Medical Centre, Guide Bridge Medical Practice, Hattersley Group Practice, Millbrook Medical Practice, The Smithy Surgery",6,1.89,,,,,,,,,,,7978,nhs_monthly_direct,,,,,,,,,,,,,,,,https://www.nhs.uk/services/gp-surgery/donneybrook-medical-centre/P89016
Clarendon Medical Centre,P89012,SK14 2AQ,"Clarendon Street, Hyde, Cheshire",53.4526,-2.07994,01613685224,http://www.clarendonmc.co.uk,True,False,,,,,,,,"Ashton GP Service, Gordon Street Medical Centre, Guide Bridge Medical Practice, Hattersley Group Practice, Millbrook Medical Practice, The Smithy Surgery",6,"Ashton GP Service, Gordon Street Medical Centre, Guide Bridge Medical Practice, Hattersley Group Practice, Millbrook Medical Practice, The Smithy Surgery",6,1.898,,,,,,,,,,,6801,nhs_monthly_direct,,,,,,,,,,,,,,,,https://www.nhs.uk/services/gp-surgery/clarendon-medical-centre/P89012
Awburn House Medical Practice,P89004,SK14 6LA,"Mottram Moor, Mottram in Longendale, Hyde, Cheshire",53.4581,-2.01099,01457763263,https://www.awburnhouse.co.uk/,True,False,,,,,,,,"Gordon Street Medical Centre, Hattersley Group Practice, Millbrook Medical Practice, Mossley Medical Practice, The Smithy Surgery",5,"Gordon Street Medical Centre, Hattersley Group Practice, Millbrook Medical Practice, Mossley Medical Practice, The Smithy Surgery",5,0.659,,,,,,,,,,,6187,nhs_monthly_direct,,,,,,,,,,,,,,,,https://www.nhs.uk/services/gp-surgery/awburn-house-medical-practice/P89004
Grosvenor Medical Centre,P89026,SK15 1RZ,"62 Grosvenor Street, Stalybridge, Cheshire",53.4815,-2.05909,01613034313,http://www.grosvenormedicalcentrestalybridge.nhs.uk,True,False,,,,,,,,"Ashton GP Service, Gordon Street Medical Centre, Guide Bridge Medical Practice, Hattersley Group Practice, Millbrook Medical Practice, Mossley Medical Practice, The Smithy Surgery",7,"Ashton GP Service, Gordon Street Medical Centre, Guide Bridge Medical Practice, Hattersley Group Practice, Millbrook Medical Practice, Mossley Medical Practice, The Smithy Surgery",7,1.108,,,,,,,,,,,6289,nhs_monthly_direct,,,,,,,,,,,,,,,,https://www.nhs.uk/services/gp-surgery/grosvenor-medical-centre/P89026
Staveleigh Medical Centre,P89007,SK15 2AE,"King Street, Stalybridge, Cheshire",53.4846,-2.05824,01613048009,https://www.staveleighmedicalcentre.co.uk/,True,False,,,,,,,,"Ashton GP Service, Gordon Street Medical Centre, Guide Bridge Medical Practice, Hattersley Group Practice, Millbrook Medical Practice, Mossley Medical Practice, The Smithy Surgery",7,"Ashton GP Service, Gordon Street Medical Centre, Guide Bridge Medical Practice, Hattersley Group Practice, Millbrook Medical Practice, Mossley Medical Practice, The Smithy Surgery",7,0.996,,,,,,,,,,,8127,nhs_monthly_direct,,,,,,,,,,,,,,,,https://www.nhs.uk/services/gp-surgery/staveleigh-medical-centre/P89007
St. Andrew's House Surgery,P89023,SK15 2AU,"Stalybridge Resource Centre, The Old Sch,2 Waterloo Rd, Stalybridge, Cheshire",53.4847,-2.05908,01613383181,http://www.standrewshousemedicalcentre.co.uk/,True,False,,,,,,,,"Ashton GP Service, Gordon Street Medical Centre, Guide Bridge Medical Practice, Hattersley Group Practice, Millbrook Medical Practice, Mossley Medical Practice, The Smithy Surgery",7,"Ashton GP Service, Gordon Street Medical Centre, Guide Bridge Medical Practice, Hattersley Group Practice, Millbrook Medical Practice, Mossley Medical Practice, The Smithy Surgery",7,0.964,,,,,,,,,,,5957,nhs_monthly_direct,,,,,,,,,,,,,,,,https://www.nhs.uk/services/gp-surgery/st-andrew-s-house-surgery/P89023
Lockside Medical Centre,P89005,SK15 2PT,"85 Huddersfield Road, Stalybridge, Cheshire",53.4848,-2.04718,01613037200,https://locksidemedical.co.uk,True,False,,,,,,,,"Ashton GP Service, Gordon Street Medical Centre, Guide Bridge Medical Practice, Hattersley Group Practice, Millbrook Medical Practice, Mossley Medical Practice, The Smithy Surgery",7,"Ashton GP Service, Gordon Street Medical Centre, Guide Bridge Medical Practice, Hattersley Group Practice, Millbrook Medical Practice, Mossley Medical Practice, The Smithy Surgery",7,0.742,,,,,,,,,,,8382,nhs_monthly_direct,,,,,,,,,,,,,,,,https://www.nhs.uk/services/gp-surgery/lockside-medical-centre/P89005
DUKINFIELD MEDICAL PRACTICE- BIRCH LANE,P89021001,SK16 4AJ,"83 Birch Lane, Dukinfield, Cheshire",53.4753,-2.07977,,,False,False,,,,,,,,"Ashton GP Service, Droylsden Medical Practice, Gordon Street Medical Centre, Guide Bridge Medical Practice, Hattersley Group Practice, Millbrook Medical Practice, Mossley Medical Practice, The Smithy Surgery",8,"Ashton GP Service, Droylsden Medical Practice, Gordon Street Medical Centre, Guide Bridge Medical Practice, Hattersley Group Practice, Millbrook Medical Practice, Mossley Medical Practice, The Smithy Surgery",8,1.103,,,,,,,,,,,,,,,,,,,,,,,,,,,,https://www.nhs.uk/services/gp-surgery/dukinfield-medical-practice-birch-lane/P89021001
Dukinfield Medical Practice,P89021,SK16 4DB,"20 Concord Way, Dukinfield, Cheshire",53.4765,-2.0834,01613436382,http://dukinfieldmedicalpractice.co.uk,True,False,,,,,,,,"Ashton GP Service, Droylsden Medical Practice, Gordon Street Medical Centre, Guide Bridge Medical Practice, Hattersley Group Practice, Millbrook Medical Practice, Mossley Medical Practice, The Smithy Surgery",8,"Ashton GP Service, Droylsden Medical Practice, Gordon Street Medical Centre, Guide Bridge Medical Practice, Hattersley Group Practice, Millbrook Medical Practice, Mossley Medical Practice, The Smithy Surgery",8,0.937,,,,,,,,,,,11240,nhs_monthly_direct,,,,,,,,,,,,,,,,https://www.nhs.uk/services/gp-surgery/dukinfield-medical-practice/P89021
King Street Medical Centre,P89022,SK16 4JZ,"96-98 King Street, Dukinfield, Cheshire",53.4786,-2.09344,01613301142,http://www.kingstreetmedicalcentre.co.uk/,True,False,,,,,,,,"Ashton GP Service, Droylsden Medical Practice, Gordon Street Medical Centre, Guide Bridge Medical Practice, Hattersley Group Practice, Millbrook Medical Practice, Mossley Medical Practice, The Smithy Surgery",8,"Ashton GP Service, Droylsden Medical Practice, Gordon Street Medical Centre, Guide Bridge Medical Practice, Hattersley Group Practice, Millbrook Medical Practice, Mossley Medical Practice, The Smithy Surgery",8,0.565,,,,,,,,,,,3286,nhs_monthly_direct,,,,,,,,,,,,,,,,https://www.nhs.uk/services/gp-surgery/king-street-medical-centre/P89022
Town Hall Surgery,P89025,SK16 4LD,"112 King Street, Dukinfield, Cheshire",53.4784,-2.09296,01613302125,http://www.townhallsurgery.co.uk/,True,False,,,,,,,,"Ashton GP Service, Droylsden Medical Practice, Gordon Street Medical Centre, Guide Bridge Medical Practice, Hattersley Group Practice, Millbrook Medical Practice, Mossley Medical Practice, The Smithy Surgery",8,"Ashton GP Service, Droylsden Medical Practice, Gordon Street Medical Centre, Guide Bridge Medical Practice, Hattersley Group Practice, Millbrook Medical Practice, Mossley Medical Practice, The Smithy Surgery",8,0.587,,,,,,,,,,,2837,nhs_monthly_direct,,,,,,,,,,,,,,,,https://www.nhs.uk/services/gp-surgery/town-hall-surgery/P89025
Little Moor Surgery,P88026004,SK2 5AR,"10 Offerton Lane, Stockport, Cheshire",53.4035,-2.1367,01619839555,https://www.heatonmoormedicalgroup.co.uk/,True,False,,,,,,,,,0,Stockport central supplemental search,1,,,,,,,,,,,,,,,,,,,,,,,,,,,,,https://www.nhs.uk/services/gp-surgery/little-moor-surgery/P88026004
Manor Medical Practice,P88003,SK2 5AR,"Offerton Health Centre, 10 Offerton Lane, Offerton, Stockport, Cheshire",53.4035,-2.1367,01619839166,https://manormedical.co.uk/,True,False,,,,,,,,,0,Stockport central supplemental search,1,,,,,,,,,,,,9895,nhs_monthly_direct,,,,,,,,,,,,,,,,https://www.nhs.uk/services/gp-surgery/manor-medical-practice/P88003
Bosden Moor Surgery,P88026005,SK2 5JL,"Fulmar Drive, Offerton, Stockport, Greater Manchester",53.391,-2.10968,01614833363,https://www.heatonmoormedicalgroup.co.uk/,True,False,,,,,,,,,0,Stockport central supplemental search,1,,,,,,,,,,,,,,,,,,,,,,,,,,,,,https://www.nhs.uk/services/gp-surgery/bosden-moor-surgery/P88026005
Bracondale Medical Centre,P88031,SK2 6EQ,"141 Buxton Road, Heaviley, Stockport, Cheshire",53.394,-2.14707,01614269050,http://bracondalemedical.co.uk,True,False,,,,,,,,,0,Stockport central supplemental search,1,,,,,,,,,,,,5838,nhs_monthly_direct,,,,,,,,,,,,,,,,https://www.nhs.uk/services/gp-surgery/bracondale-medical-centre/P88031
Stockport Medical Group (Lowfield),P88632002,SK2 6RW,"5 Lowfield Road, Shaw Heath, Stockport, Cheshire",53.4001,-2.15642,01619835333,http://www.stockportmedicalgroup.nhs.uk,True,False,,,,,,,,,0,Stockport central supplemental search,1,,,,,,,,,,,,,,,,,,,,,,,,,,,,,https://www.nhs.uk/services/gp-surgery/stockport-medical-group-lowfield/P88632002
Stockport Medical Group (Delamere Practice),P88632001,SK2 7NA,"257 Dialstone Lane, Great Moor, Stockport, Cheshire",53.3873,-2.12984,01619835333,http://www.stockportmedicalgroup.nhs.uk,True,False,,,,,,,,,0,Stockport central supplemental search,1,,,,,,,,,,,,,,,,,,,,,,,,,,,,,https://www.nhs.uk/services/gp-surgery/stockport-medical-group-delamere-practice/P88632001
Caritas General Practice Partnership,P88013,SK3 0RQ,"262 Stockport Road, Cheadle Heath, Stockport",53.4004,-2.19459,01619835777,https://www.caritasgppartnership.co.uk/,True,False,,,,,,,,,0,"Stockport central supplemental search, Wythenshawe supplemental search",2,,,,,,,,,,,,12439,nhs_monthly_direct,,,,,,,,,,,,,,,,https://www.nhs.uk/services/gp-surgery/caritas-general-practice-partnership/P88013
Ellesmere Medical Centre,P88013001,SK3 0RQ,"262 Stockport Road, Cheadle Heath, Stockport, Cheshire",53.4004,-2.19459,01619835276,https://www.caritasgppartnership.co.uk/,True,False,,,,,,,,,0,"Stockport central supplemental search, Wythenshawe supplemental search",2,,,,,,,,,,,,,,,,,,,,,,,,,,,,,https://www.nhs.uk/services/gp-surgery/ellesmere-medical-centre/P88013001
Bramhall & Shaw Heath Medical Group,P88016001,SK3 8DN,"Shaw Heath Health Centre, Gilmore Street, Shaw Heath, Stockport, Cheshire",53.4003,-2.16078,01614269350,http://www.shawheathhealthcentre.co.uk/index.aspx,True,False,,,,,,,,,0,Stockport central supplemental search,1,,,,,,,,,,,,,,,,,,,,,,,,,,,,,https://www.nhs.uk/services/gp-surgery/bramhall-and-shaw-heath-medical-group/P88016001
Cale Green Surgery,U6I7T,SK3 8JE,"20 Meyer Street, Stockport",53.3971,-2.15832,,,False,False,,,,,,,,,0,Stockport central supplemental search,1,,,,,,,,,,,,,,,,,,,,,,,,,,,,,https://www.nhs.uk/services/gp-surgery/cale-green-surgery/U6I7T
Adswood Road Surgery,P88026006,SK3 8PN,"270 Adswood Road, Adswood, Stockport, Greater Manchester",53.3894,-2.16984,01619839770,https://www.heatonmoormedicalgroup.co.uk/,True,False,,,,,,,,,0,"Stockport central supplemental search, Wythenshawe supplemental search",2,,,,,,,,,,,,,,,,,,,,,,,,,,,,,https://www.nhs.uk/services/gp-surgery/adswood-road-surgery/P88026006
Stockport Medical Group,P88632,SK3 9NX,"1-3 Avondale Road, Edgeley, Stockport, Cheshire",53.4033,-2.17675,01619835333,http://www.stockportmedicalgroup.nhs.uk,True,False,,,,,,,,,0,Stockport central supplemental search,1,,,,,,,,,,,,18170,nhs_monthly_direct,,,,,,,,,,,,,,,,https://www.nhs.uk/services/gp-surgery/stockport-medical-group/P88632
Heaton Norris Medical Practice,P88011,SK4 1JX,"Cheviot Close, Heaton Norris, Stockport, Cheshire",53.4165,-2.16792,0161 983 1600,http://www.drmarshallandpartners.co.uk,True,False,,,,,,,,,0,Stockport central supplemental search,1,,,,,,,,,,,,10645,nhs_monthly_direct,,,,,,,,,,,,,,,,https://www.nhs.uk/services/gp-surgery/heaton-norris-medical-practice/P88011
Heaton Mersey Med.Pract.,P88008,SK4 3BT,"460 Didsbury Road, Heaton Mersey, Stockport, Cheshire",53.4125,-2.2051,01619839400,http://www.heatonmerseymedicalpractice.co.uk/,True,False,,,,,,,,,0,"Stockport central supplemental search, Wythenshawe supplemental search",2,,,,,,,,,,,,8573,nhs_monthly_direct,,,,,,,,,,,,,,,,https://www.nhs.uk/services/gp-surgery/heaton-mersey-med-pract/P88008
Eastholme Surgery now incorporated in Heaton Moor,P88026003,SK4 4NX,"32 Heaton Moor Road, Heaton Moor, Stockport, Greater Manchester",53.4248,-2.18038,01614431177,http://www.eastholmesurgery.co.uk/,True,False,,,,,,,,New Bank Health Centre,1,"New Bank Health Centre, Stockport central supplemental search",2,2.631,,,,,,,,,,,,,,,,,,,,,,,,,,,,https://www.nhs.uk/services/gp-surgery/eastholme-surgery-now-incorporated-in-heaton-moor/P88026003
Heaton Moor Medical Group,P88026,SK4 4NX,"32 Heaton Moor Road, Stockport, Cheshire",53.4246,-2.17971,01614320671,https://www.heatonmoormedicalgroup.co.uk/,True,False,,,,,,,,,0,Stockport central supplemental search,1,,,,,,,,,,,,54781,nhs_monthly_direct,,,,,,,,,,,,,,,,https://www.nhs.uk/services/gp-surgery/heaton-moor-medical-group/P88026
Park View Group Practice,P88018,SK5 6ET,"2 Longford Road West, Reddish, Stockport, Cheshire",53.4456,-2.15821,01619839500,http://www.parkviewgrouppractice.co.uk,True,False,,,,,,,,"Droylsden Medical Practice, Guide Bridge Medical Practice, New Bank Health Centre",3,"Droylsden Medical Practice, Guide Bridge Medical Practice, New Bank Health Centre, Stockport central supplemental search",4,2.147,,,,,,,,,,,10288,nhs_monthly_direct,,,,,,,,,,,,,,,,https://www.nhs.uk/services/gp-surgery/park-view-group-practice/P88018
Family Surgery,P88005,SK5 6RN,"The Family Surgery, 306 Gorton Road, Reddish, Stockport, Cheshire",53.4459,-2.15695,01619839797,https://www.thereddishfamilypractice.nhs.uk/,True,False,,,,,,,,"Droylsden Medical Practice, Guide Bridge Medical Practice, New Bank Health Centre",3,"Droylsden Medical Practice, Guide Bridge Medical Practice, New Bank Health Centre, Stockport central supplemental search",4,2.184,,,,,,,,,,,11533,nhs_monthly_direct,,,,,,,,,,,,,,,,https://www.nhs.uk/services/gp-surgery/family-surgery/P88005
The Reddish Family Practices,P88005001,SK5 7QU,"South Reddish Medical Centre, Sandy Lane, Stockport, 0",53.4223,-2.1565,01619839797,,True,False,,,,,,,,,0,Stockport central supplemental search,1,,,,,,,,,,,,,,,,,,,,,,,,,,,,,https://www.nhs.uk/services/gp-surgery/the-reddish-family-practices/P88005001
Brinnington Surgery,P88043,SK5 8BS,"Brinnington Road, Brinnington, Stockport, Cheshire",53.4277,-2.13235,01619833300,https://www.brinningtonsurgery.nhs.uk,True,False,,,,,,,,"Guide Bridge Medical Practice, Hattersley Group Practice",2,"Guide Bridge Medical Practice, Hattersley Group Practice, Stockport central supplemental search",3,3.133,,,,,,,,,,,9470,nhs_monthly_direct,,,,,,,,,,,,,,,,https://www.nhs.uk/services/gp-surgery/brinnington-surgery/P88043
Alvanley Family Practice,P88019,SK6 1ND,"Woodley Health Centre, Hyde Road, Woodley, Stockport, Cheshire",53.4263,-2.09965,01619835757,http://www.alvanleyfamilypractice.co.uk,True,False,,,,,,,,"Guide Bridge Medical Practice, Hattersley Group Practice, The Smithy Surgery",3,"Guide Bridge Medical Practice, Hattersley Group Practice, Stockport central supplemental search, The Smithy Surgery",4,3.18,,,,,,,,,,,5396,nhs_monthly_direct,,,,,,,,,,,,,,,,https://www.nhs.uk/services/gp-surgery/alvanley-family-practice/P88019
Archwood Medical Practice,P88625,SK6 1ND,"Woodley Health Centre, Hyde Road, Woodley, Stockport",53.4263,-2.09965,01619835800,http://www.archwoodmp.co.uk,True,False,,,,,,,,"Guide Bridge Medical Practice, Hattersley Group Practice, The Smithy Surgery",3,"Guide Bridge Medical Practice, Hattersley Group Practice, Stockport central supplemental search, The Smithy Surgery",4,3.18,,,,,,,,,,,7729,nhs_monthly_direct,,,,,,,,,,,,,,,,https://www.nhs.uk/services/gp-surgery/archwood-medical-practice/P88625
Woodley Village Surgery,P88009,SK6 1ND,"Woodley Health Centre, Hyde Road, Woodley, Stockport, Cheshire",53.4262,-2.09947,01619839494,https://www.woodleyvillagesurgery.co.uk,True,False,,,,,,,,"Guide Bridge Medical Practice, Hattersley Group Practice, The Smithy Surgery",3,"Guide Bridge Medical Practice, Hattersley Group Practice, Stockport central supplemental search, The Smithy Surgery",4,3.188,,,,,,,,,,,3068,nhs_monthly_direct,,,,,,,,,,,,,,,,https://www.nhs.uk/services/gp-surgery/woodley-village-surgery/P88009
Bredbury Medical Centre,P88044,SK6 2AH,"1 Auburn Avenue, Bredbury, Stockport, Cheshire",53.4229,-2.11404,01619839730,https://www.bredburymedicalcentre.nhs.uk,True,False,,,,,,,,"Guide Bridge Medical Practice, Hattersley Group Practice, The Smithy Surgery",3,"Guide Bridge Medical Practice, Hattersley Group Practice, Stockport central supplemental search, The Smithy Surgery",4,3.365,,,,,,,,,,,5844,nhs_monthly_direct,,,,,,,,,,,,,,,,https://www.nhs.uk/services/gp-surgery/bredbury-medical-centre/P88044
Chadsfield Medical Practice,P88017,SK6 4QR,"Chichester Road, Romiley, Stockport, Cheshire",53.415,-2.08992,01619839388,http://www.chadsfieldmedicalpractice.co.uk,True,False,,,,,,,,"Hattersley Group Practice, The Smithy Surgery",2,"Hattersley Group Practice, Stockport central supplemental search, The Smithy Surgery",3,3.541,,,,,,,,,,,6581,nhs_monthly_direct,,,,,,,,,,,,,,,,https://www.nhs.uk/services/gp-surgery/chadsfield-medical-practice/P88017
Guywood Practice,M2E0A,SK6 4QR,"Chichester Road, Romiley, Stockport",53.415,-2.08992,01619835242,https://www.guywoodpractice.co.uk,True,False,,,,,,,,"Hattersley Group Practice, The Smithy Surgery",2,"Hattersley Group Practice, Stockport central supplemental search, The Smithy Surgery",3,3.541,,,,,,,,,,,,,,,,,,,,,,,,,,,,https://www.nhs.uk/services/gp-surgery/guywood-practice/M2E0A
Romiley Health Centre,F8F0J,SK6 4QR,"Chichester Road, Romiley, Stockport",53.415,-2.08992,,,False,False,,,,,,,,"Hattersley Group Practice, The Smithy Surgery",2,"Hattersley Group Practice, Stockport central supplemental search, The Smithy Surgery",3,3.541,,,,,,,,,,,,,,,,,,,,,,,,,,,,https://www.nhs.uk/services/gp-surgery/romiley-health-centre/F8F0J
Marple Bridge Surgery,P88002,SK6 5AA,"Town Street, Marple Bridge, Stockport, Cheshire",53.4006,-2.05331,01614272049,http://www.marplebridgesurgery.nhs.uk,True,False,,,,,,,,"Hattersley Group Practice, The Smithy Surgery",2,"Hattersley Group Practice, The Smithy Surgery",2,3.589,,,,,,,,,,,6323,nhs_monthly_direct,,,,,,,,,,,,,,,,https://www.nhs.uk/services/gp-surgery/marple-bridge-surgery/P88002
Marple Medical Practice,P88021,SK6 6AB,"50 Stockport Road, Marple, Stockport, Cheshire",53.3952,-2.06575,01619835375,https://www.marplemedicalpractice.nhs.uk/,True,False,,,,,,,,"Hattersley Group Practice, The Smithy Surgery",2,"Hattersley Group Practice, The Smithy Surgery",2,4.115,,,,,,,,,,,6877,nhs_monthly_direct,,,,,,,,,,,,,,,,https://www.nhs.uk/services/gp-surgery/marple-medical-practice/P88021
Marple Cottage Surgery,P88006,SK6 6BW,"50 Church Street, Marple, Stockport, Cheshire",53.3927,-2.06103,01614260011,https://www.marplecottage.co.uk,True,False,,,,,,,,"Hattersley Group Practice, The Smithy Surgery",2,"Hattersley Group Practice, The Smithy Surgery",2,4.207,,,,,,,,,,,11502,nhs_monthly_direct,,,,,,,,,,,,,,,,https://www.nhs.uk/services/gp-surgery/marple-cottage-surgery/P88006
Bramhall & Shaw Heath Medical Group,P88016,SK7 3EP,"Bramhall Park Medical Centre, 235 Bramhall Lane South, Bramhall, Stockport, Cheshire",53.376,-2.16233,01614269700,http://www.bramhallparkmedicalcentre.co.uk,True,False,,,,,,,,,0,Stockport central supplemental search,1,,,,,,,,,,,,13658,nhs_monthly_direct,,,,,,,,,,,,,,,,https://www.nhs.uk/services/gp-surgery/bramhall-and-shaw-heath-medical-group/P88016
Springfield Surgery,P88606,SK7 4AA,"24-28 Commercial Road, Hazel Grove, Stockport",53.3821,-2.12292,01619835250,http://www.springfieldsurgery-stockport.com,True,False,,,,,,,,,0,Stockport central supplemental search,1,,,,,,,,,,,,5711,nhs_monthly_direct,,,,,,,,,,,,,,,,https://www.nhs.uk/services/gp-surgery/springfield-surgery/P88606
Beech House Medical Pract,P88012,SK7 4QR,"Beech House, Beech Avenue, Hazel Grove, Stockport, Cheshire",53.3794,-2.11813,0161 983 6222,http://www.beechhousesurgery.co.uk/,True,False,,,,,,,,,0,Stockport central supplemental search,1,,,,,,,,,,,,7871,nhs_monthly_direct,,,,,,,,,,,,,,,,https://www.nhs.uk/services/gp-surgery/beech-house-medical-pract/P88012
Dean Lane Medical Centre,P88026002,SK7 6EJ,"95 Dean Lane, Hazel Grove, Stockport, Cheshire",53.3684,-2.12207,01619839777,https://www.heatonmoormedicalgroup.co.uk/,True,False,,,,,,,,,0,Stockport central supplemental search,1,,,,,,,,,,,,,,,,,,,,,,,,,,,,,https://www.nhs.uk/services/gp-surgery/dean-lane-medical-centre/P88026002
Cheadle Medical Practice,P88020,SK8 1BH,"1-5 Ashfield Crescent, Cheadle, Cheshire",53.3937,-2.21352,01619839090,http://www.cheadlemedical.co.uk,True,False,,,,,,,,,0,"Baguley supplemental search, Stockport central supplemental search, Wythenshawe supplemental search",3,,,,,,,,,,,,11783,nhs_monthly_direct,,,,,,,,,,,,,,,,https://www.nhs.uk/services/gp-surgery/cheadle-medical-practice/P88020
Adshall Road Medical Prac,P88014,SK8 2JN,"97 Adshall Road, Cheadle, Cheshire",53.39,-2.19106,01619835400,http://www.adshallroadmedicalpractice.co.uk,True,False,,,,,,,,,0,"Stockport central supplemental search, Wythenshawe supplemental search",2,,,,,,,,,,,,4887,nhs_monthly_direct,,,,,,,,,,,,,,,,https://www.nhs.uk/services/gp-surgery/adshall-road-medical-prac/P88014
Finney Lane Surgery,P88042,SK8 3JD,"Finney Lane, Heald Green, Cheadle, Cheshire",53.3699,-2.22926,01619839000,https://www.healdgreenhealthcentre1.co.uk/,True,False,,,,,,,,,0,"Baguley supplemental search, Wythenshawe supplemental search",2,,,,,,,,,,,,6954,nhs_monthly_direct,,,,,,,,,,,,,,,,https://www.nhs.uk/services/gp-surgery/finney-lane-surgery/P88042
Heald Green Health Centre 2,P88023,SK8 3JD,"Heald Green Health Centre, Finney Lane, Heald Green, Cheadle",53.3699,-2.22926,01619839020,https://www.healdgreenhealthcentre.nhs.uk,True,False,,,,,,,,,0,"Baguley supplemental search, Wythenshawe supplemental search",2,,,,,,,,,,,,7541,nhs_monthly_direct,,,,,,,,,,,,,,,,https://www.nhs.uk/services/gp-surgery/heald-green-health-centre-2/P88023
Gatley Medical Centre,P88024,SK8 4DG,"Old Hall Road, Gatley, Cheadle, Cheshire",53.3938,-2.23533,01619835100,http://www.gatleymedicalcentre.co.uk,True,False,,,,,,,,,0,"Baguley supplemental search, Wythenshawe supplemental search",2,,,,,,,,,,,,10339,nhs_monthly_direct,,,,,,,,,,,,,,,,https://www.nhs.uk/services/gp-surgery/gatley-medical-centre/P88024
The Gatley Surgery,P84012001,SK8 4NQ,"94 - 96 Church Road Gatley, Gatley, Cheshire",53.3919,-2.23666,01614282514,www.northendengp.com,True,False,,,,,,,,,0,"Baguley supplemental search, Wythenshawe supplemental search",2,,,,,,,,,,,,,,,,,,,,,,,,,,,,,https://www.nhs.uk/services/gp-surgery/the-gatley-surgery/P84012001
Cheadle Hulme Medical Group (Bridge House),P88007001,SK8 5LL,"11 Ladybridge Road, Cheadle Hulme, Cheadle, Stockport, Cheshire",53.3793,-2.18907,01619835300,https://www.cheadlehulmeandbridgehouse.nhs.uk/,True,False,,,,,,,,,0,"Stockport central supplemental search, Wythenshawe supplemental search",2,,,,,,,,,,,,,,,,,,,,,,,,,,,,,https://www.nhs.uk/services/gp-surgery/cheadle-hulme-medical-group-bridge-house/P88007001
Cheadle Hulme Medical Group,P88007,SK8 6LU,"Smithy Green, Hulme Hall Road, Cheadle Hulme, Cheadle, Cheshire",53.3665,-2.19134,01619835300,https://www.cheadlehulmeandbridgehouse.nhs.uk,True,False,,,,,,,,,0,"Stockport central supplemental search, Wythenshawe supplemental search",2,,,,,,,,,,,,14808,nhs_monthly_direct,,,,,,,,,,,,,,,,https://www.nhs.uk/services/gp-surgery/cheadle-hulme-medical-group/P88007
Hulme Hall Medical Group,P88025,SK8 6LU,"Smithy Green, Hulme Hall Road, Cheadle Hulme, Cheadle Wood, Cheadle, Cheshire",53.3665,-2.19134,01619835844,https://www.hulmehallmedicalgroup.nhs.uk,True,False,,,,,,,,,0,"Stockport central supplemental search, Wythenshawe supplemental search",2,,,,,,,,,,,,10386,nhs_monthly_direct,,,,,,,,,,,,,,,,https://www.nhs.uk/services/gp-surgery/hulme-hall-medical-group/P88025
Handforth Health Centre,N81070,SK9 3HL,"The Green, Wilmslow Road, Handforth, Wilmslow, Cheshire",53.3477,-2.21448,01625529421,https://www.handforthhealthcentre.nhs.uk,True,False,,,,,,,,,0,Wythenshawe supplemental search,1,,,,,,,,,,,,10373,nhs_monthly_direct,,,,,,,,,,,,,,,,https://www.nhs.uk/services/gp-surgery/handforth-health-centre/N81070
Hulme Hall Medical Group Handforth,P88025001,SK9 3LF,"166 Wilmslow Road, Handforth, Wilmslow, Cheshire",53.3526,-2.21556,01619835844,https://www.hulmehallmedicalgroup.nhs.uk,True,False,,,,,,,,,0,Wythenshawe supplemental search,1,,,,,,,,,,,,,,,,,,,,,,,,,,,,,https://www.nhs.uk/services/gp-surgery/hulme-hall-medical-group-handforth/P88025001
Holes Lane Medical Ltd.,N81007,WA1 4NE,"The Surgery, 28 Holes Lane, Woolston, Warrington",53.4009,-2.54522,01925599855,https://www.holeslanesurgery.co.uk,True,False,,,,,,,,,0,Partington supplemental search,1,,,,,,,,,,,,10088,nhs_monthly_direct,,,,,,,,,,,,,,,,https://www.nhs.uk/services/gp-surgery/holes-lane-medical-ltd/N81007
Woolston Surgery,N81109001,WA1 4PN,"Woolston Leisure Centre, Hall Road, Woolston, Warrington, Cheshire",53.4002,-2.53558,01925815333,http://www.padgatemedicalcentre.co.uk,True,False,,,,,,,,,0,Partington supplemental search,1,,,,,,,,,,,,,,,,,,,,,,,,,,,,,https://www.nhs.uk/services/gp-surgery/woolston-surgery/N81109001
The Lakeside Surgery,N81108,WA13 0QE,"Lakeside Road, Lymm",53.3769,-2.48412,01925755050,https://lakesidesurgery.co.uk,True,False,,,,,,,,,0,Partington supplemental search,1,,,,,,,,,,,,10827,nhs_monthly_direct,,,,,,,,,,,,,,,,https://www.nhs.uk/services/gp-surgery/the-lakeside-surgery/N81108
Brookfield Surgery,N81014,WA13 9DB,"Whitbarrow Road, Lymm, Warrington, Lymm, Cheshire",53.3823,-2.48122,01925 756969,http://www.brookfieldsurgery.co.uk,True,False,,,,,,,,,0,Partington supplemental search,1,,,,,,,,,,,,9352,nhs_monthly_direct,,,,,,,,,,,,,,,,https://www.nhs.uk/services/gp-surgery/brookfield-surgery/N81014
Family Surgery,P91617,WA14 1LL,"94 Navigation Road, Altrincham, Cheshire",53.3962,-2.34604,01619299300,https://thefamilysurgeryaltrincham.nhs.uk/clinics,True,False,,,,,,,,,0,"Baguley supplemental search, Partington supplemental search, Sale supplemental search, Wythenshawe supplemental search",4,,,,,,,,,,,,2292,nhs_monthly_direct,,,,,,,,,,,,,,,,https://www.nhs.uk/services/gp-surgery/family-surgery/P91617
BARRINGTON MEDICAL CENTRE,P91603,WA14 1PF,"33 Market Street, Altrincham",53.3872,-2.35294,01619289621,https://www.barringtonmc.co.uk/,True,False,,,,,,,,,0,"Baguley supplemental search, Partington supplemental search, Sale supplemental search, Wythenshawe supplemental search",4,,,,,,,,,,,,7707,nhs_monthly_direct,,,,,,,,,,,,,,,,https://www.nhs.uk/services/gp-surgery/barrington-medical-centre/P91603
St Johns Medical Centre,P91604,WA14 1PF,"Altrincham Health & Wellbeing Ctr, 31-33 Market Street, Altrincham",53.3872,-2.35294,01619285522,https://www.stjohnsmedicalcentre.co.uk,True,False,,,,,,,,,0,"Baguley supplemental search, Partington supplemental search, Sale supplemental search, Wythenshawe supplemental search",4,,,,,,,,,,,,16376,nhs_monthly_direct,,,,,,,,,,,,,,,,https://www.nhs.uk/services/gp-surgery/st-johns-medical-centre/P91604
ALTRINCHAM MEDICAL PRACTICE,P91004,WA14 2DD,"Lloyd House, 7 Lloyd Street, Altrincham, Cheshire",53.3845,-2.3516,01619282424,,True,False,,,,,,,,,0,"Baguley supplemental search, Partington supplemental search, Sale supplemental search, Wythenshawe supplemental search",4,,,,,,,,,,,,8545,nhs_monthly_direct,,,,,,,,,,,,,,,,https://www.nhs.uk/services/gp-surgery/altrincham-medical-practice/P91004
WEST TIMPERLEY MEDICAL CENTRE,P91016,WA14 5PF,"21 Dawson Road, Broadheath, West Timperley, Altrincham, Cheshire",53.4027,-2.3531,01619291515,http://www.westtimperleymedicalcentre.co.uk/,True,False,,,,,,,,,0,"Baguley supplemental search, Partington supplemental search, Sale supplemental search, Wythenshawe supplemental search",4,,,,,,,,,,,,9356,nhs_monthly_direct,,,,,,,,,,,,,,,,https://www.nhs.uk/services/gp-surgery/west-timperley-medical-centre/P91016
Riddings Family Health Centre,P91631,WA15 6BP,"34 Riddings Road, Timperley, Altrincham, Cheshire",53.4044,-2.33128,01619629662,https://www.riddingsfamilyhealthcentre.co.uk/,True,False,,,,,,,,,0,"Baguley supplemental search, Chorlton supplemental search, Partington supplemental search, Sale supplemental search, Wythenshawe supplemental search",5,,,,,,,,,,,,3730,nhs_monthly_direct,,,,,,,,,,,,,,,,https://www.nhs.uk/services/gp-surgery/riddings-family-health-centre/P91631
Timperley Health Centre (Westwood),P91007,WA15 6PH,"169 Grove Lane, Timperley, Altrincham, Cheshire",53.3972,-2.32355,01619803751,http://www.timperleyhealthcentre.co.uk,True,False,,,,,,,,,0,"Baguley supplemental search, Partington supplemental search, Sale supplemental search, Wythenshawe supplemental search",4,,,,,,,,,,,,6320,nhs_monthly_direct,,,,,,,,,,,,,,,,https://www.nhs.uk/services/gp-surgery/timperley-health-centre-westwood/P91007
Village Surgery,P91623,WA15 6PH,"169 Grove Lane, Timperley, Altrincham, Cheshire",53.3972,-2.32355,01619039010,https://thevillagesurgerytimperley.nhs.uk/,True,False,,,,,,,,,0,"Baguley supplemental search, Partington supplemental search, Sale supplemental search, Wythenshawe supplemental search",4,,,,,,,,,,,,7806,nhs_monthly_direct,,,,,,,,,,,,,,,,https://www.nhs.uk/services/gp-surgery/village-surgery/P91623
"THE LAKES MEDICAL CENTRE,TIMPERLEY",P84021002,WA15 7JW,"53C Mainwood Rd, Timperley, Altrincham, Cheshire",53.3924,-2.31281,01619804510,http://www.thelakesmc.co.uk,True,False,,,,,,,,,0,"Baguley supplemental search, Partington supplemental search, Sale supplemental search, Wythenshawe supplemental search",4,,,,,,,,,,,,,,,,,,,,,,,,,,,,,https://www.nhs.uk/services/gp-surgery/the-lakes-medical-centre-timperley/P84021002
Park Medical Practice,P91003,WA15 7XR,"405 Stockport Road, Timperley, Altrincham, Cheshire",53.3985,-2.31568,01619733485,https://www.parkmedicaltimperley.nhs.uk/,True,False,,,,,,,,,0,"Baguley supplemental search, Chorlton supplemental search, Partington supplemental search, Sale supplemental search, Wythenshawe supplemental search",5,,,,,,,,,,,,7849,nhs_monthly_direct,,,,,,,,,,,,,,,,https://www.nhs.uk/services/gp-surgery/park-medical-practice/P91003
Shay Lane Medical Centre (Kelman),P91008,WA15 8NZ,"Shay Lane Medical Centre, Shay Lane, Hale Barns, Altrincham, Cheshire",53.3722,-2.31555,01619803835,https://www.shaylane.org,True,False,,,,,,,,,0,"Baguley supplemental search, Partington supplemental search, Sale supplemental search, Wythenshawe supplemental search",4,,,,,,,,,,,,6214,nhs_monthly_direct,,,,,,,,,,,,,,,,https://www.nhs.uk/services/gp-surgery/shay-lane-medical-centre-kelman/P91008
Shay Lane Medical Centre (Patel),P91011,WA15 8NZ,"13 Shay Lane, Hale Barns, Altrincham, Cheshire",53.3722,-2.31555,01619802656,http://www.shaylanemedical.co.uk,True,False,,,,,,,,,0,"Baguley supplemental search, Partington supplemental search, Sale supplemental search, Wythenshawe supplemental search",4,,,,,,,,,,,,5395,nhs_monthly_direct,,,,,,,,,,,,,,,,https://www.nhs.uk/services/gp-surgery/shay-lane-medical-centre-patel/P91011
Fearnhead Cross Med.Ctr.,N81048,WA2 0HD,"25 Fearnhead Cross, Insall Road, Padgate, Fearnhead, Warrington, Cheshire",53.4111,-2.55909,01925847000,http://www.fearnheadcrosssurgery.co.uk/,True,False,,,,,,,,,0,Partington supplemental search,1,,,,,,,,,,,,12909,nhs_monthly_direct,,,,,,,,,,,,,,,,https://www.nhs.uk/services/gp-surgery/fearnhead-cross-med-ctr/N81048
Padgate Medical Centre,N81109,WA2 0RX,"12 Station Road, Padgate, Warrington, Cheshire",53.4065,-2.55617,01925815333,http://www.padgatemedicalcentre.co.uk,True,False,,,,,,,,,0,Partington supplemental search,1,,,,,,,,,,,,6918,nhs_monthly_direct,,,,,,,,,,,,,,,,https://www.nhs.uk/services/gp-surgery/padgate-medical-centre/N81109
Culcheth Medical Centre,N81059,WA3 4DZ,"Jackson Avenue, Culcheth, Warrington, Cheshire",53.4522,-2.52212,01925765101,https://culchethmedicalcentre.nhs.uk/,True,False,,,,,,,,,0,Partington supplemental search,1,,,,,,,,,,,,12645,nhs_monthly_direct,,,,,,,,,,,,,,,,https://www.nhs.uk/services/gp-surgery/culcheth-medical-centre/N81059
Birchwood Medical Centre,N81114,WA3 7PJ,"15 Benson Road, Birchwood, Warrington, Cheshire",53.4155,-2.52649,01925823502,https://www.birchwoodmedicalcentre.co.uk/,True,False,,,,,,,,,0,Partington supplemental search,1,,,,,,,,,,,,10798,nhs_monthly_direct,,,,,,,,,,,,,,,,https://www.nhs.uk/services/gp-surgery/birchwood-medical-centre/N81114
The Quays Grappenhal Surgery,N81108001,WA4 2XT,"235 Thelwall New Road, Grappenhall, Warrington, Cheshire",53.3814,-2.54329,01925499634,https://www.lakesidesurgery.co.uk,True,False,,,,,,,,,0,Partington supplemental search,1,,,,,,,,,,,,,,,,,,,,,,,,,,,,,https://www.nhs.uk/services/gp-surgery/the-quays-grappenhal-surgery/N81108001
The Leigh Family Practice,Y02322001,WN7 2XY,"6 The Centre, Richmond Drive, Higher Folds, Leigh, Lancashire",53.5038,-2.48321,01942481830,https://www.ssphealth.com/our-practices/higher-folds-medical-centre,True,False,,,,,,,,,0,Little Hulton supplemental search,1,,,,,,,,,,,,,,,,,,,,,,,,,,,,,https://www.nhs.uk/services/gp-surgery/the-leigh-family-practice/Y02322001
